uuid,inat_id,timestamp,date,lon,lat,elevation,tavg,tmin,tmax,precipitation,windspeed,winddirection,presure,species,location,num_identification_agreements
1953d6ae-8405-4b9f-8c40-e63fe216d4cd,390981692,2026-05-26 10:27:49-06:00,2026-05-26,-105.423775,40.915805,2066.0,,8.1,17.1,2.7,21.8,,1008.8,Morchella americana,"Larimer County, US-CO, US",1
660cd9df-e67b-4e06-9f15-3ba07488f460,387031723,2026-07-31 11:02:21-06:00,2026-07-31,-105.7097248558,39.6344087754,3176.0,,6.0,16.0,0.5,9.4,,,Morchella snyderi,"Guanella Pass Rd, Idaho Springs, CO, US",1
c8bec9b4-8604-441a-acb3-623ed12b09f8,385783419,2023-09-19 15:28:05-06:00,2023-09-19,-105.0836416667,40.5701616667,1535.0,,12.8,25.0,0.0,11.4,,1010.0,Morchella rufobrunnea,"Center Ave, Fort Collins, CO, US",1
fc7bf64d-60fa-43d7-9518-61712dd6f76c,382571675,2026-07-17 12:34:08-06:00,2026-07-17,-105.3906580715,40.1154681919,2140.0,,18.0,35.0,0.0,4.1,,,Morchella brunnea,"Mesa St, Jamestown, CO, US",1
c0cd537c-83f2-422a-a223-b823cdce851a,380483935,2026-07-11 11:11:29-06:00,2026-07-11,-106.2281277778,39.5488138889,3304.0,,8.0,18.0,0.0,7.4,,,Morchella snyderi,"Vail, CO 81657, USA",1
5350d6fc-2ab5-4d8e-a12f-430b4b0b92dc,374532939,2016-05-20 04:25:00-06:00,2016-05-20,-106.8591916667,38.8224816667,2688.0,,3.0,20.0,,10.5,,,Morchella snyderi,"Gunnison County, CO, USA",1
df1df67f-7790-444b-9e02-d26ebc9fbea9,373986231,2026-06-08 10:49:00-06:00,2026-06-08,-105.9115148752,35.7044101572,2251.0,,10.6,31.7,0.0,7.2,,,Morchella norvegiensis,"New Mexico, US",1
f58e9b1b-2b98-4344-96ad-6b2ee42226e8,373967637,2026-04-16 13:22:00-06:00,2026-04-16,-105.9712494567,35.6164035504,2058.0,,1.7,20.6,0.0,8.2,,1011.2,Morchella snyderi,"New Mexico, US",1
54309875-45e1-42f8-ac20-be9db163aa80,373966279,2026-04-14 07:34:00-06:00,2026-04-14,-105.8238182162,35.6375999156,2585.0,,6.1,16.1,0.2,9.2,,,Morchella snyderi,"New Mexico, US",1
0a62623b-faff-497e-86eb-7a1c9d091843,368647799,2026-05-24 09:50:27-06:00,2026-05-24,-105.5285112932,40.626725961,2422.0,,7.8,28.3,0.5,5.8,,,Morchella snyderi,"Bellvue, CO 80512, USA",1
f95e5922-e6fb-4060-92b1-31b5041524b9,368481227,2026-06-04 10:33:20-06:00,2026-06-04,-107.6059333333,40.1463778333,2436.0,,6.1,30.0,0.0,6.0,,1009.7,Morchella americana,"White River National Forest, Meeker, CO, US",1
8d07cf11-b75e-4c3e-9631-33b025fd235d,366214802,2026-05-25 16:02:58-06:00,2026-05-25,-106.4366533333,39.5409383333,2687.0,,-3.3,12.0,1.3,9.8,,1015.8,Morchella snyderi,"Cross Creek Trail, Eagle, CO, US",1
3e1bee35-2dff-40df-b2ea-d36b9e558db8,366145096,2026-05-28 11:07:43-06:00,2026-05-28,-107.310490163,39.1394102346,2743.0,,5.0,18.0,0.0,11.9,,,Verpa bohemica,"Grand Mesa Uncompahgre and Gunnison National Forests, Somerset, CO, US",1
92fbe50b-43c8-4c2d-9f4c-e07abc1e43e5,366136938,2026-05-28 10:04:28-06:00,2026-05-28,-107.2852745129,39.1224982543,2704.0,,5.0,18.0,0.0,11.9,,,Verpa bohemica,"Gunnison County, US-CO, US",1
93fbc8f8-73eb-4c3e-a716-eebe49a5093e,364102603,2026-05-22 10:10:18-06:00,2026-05-22,-107.5893328234,39.9679189684,2337.0,,-1.7,16.1,0.0,3.3,,1015.3,Verpa bohemica,"Garfield County, US-CO, US",1
1551400e-fa9b-4a7c-a111-6ee262866a8b,364102021,2026-05-22 13:00:29-06:00,2026-05-22,-107.6734105724,39.8780520392,2523.0,,-1.7,16.1,0.0,3.3,,1015.3,Verpa bohemica,"Garfield County, US-CO, US",1
af411751-0c14-4c08-979e-0c6b7988f7f1,364101975,2026-05-22 10:24:56-06:00,2026-05-22,-107.53050686,39.9164216713,2619.0,,-1.7,16.1,0.0,3.3,,1015.3,Verpa bohemica,"Garfield County, US-CO, US",1
31e45d67-ebfe-444e-a19b-21abdef6f28c,363068808,2026-05-08 14:41:30-06:00,2026-05-08,-106.10369756,38.5702696725,2334.0,,2.5,22.9,0.0,6.3,,,Morchella snyderi,"Colorado, US",1
99dca661-e391-479a-8b97-dbdd11eb9163,362720854,2026-05-15 16:36:53-06:00,2026-05-15,-105.46495,40.683745,2040.0,,11.1,29.4,0.0,6.2,,,Morchella americana,"Poudre Canyon Rd, Bellvue, CO, US",2
ae28ee5e-d3ef-4a0f-9ccd-298e8c318d78,360050504,2026-05-07 13:39:09-06:00,2026-05-07,-107.21598,40.1608,2551.0,,-1.7,17.2,0.9,9.7,,,Verpa bohemica,"Meeker, CO, US",1
abd8e5cc-25cd-4c1d-a510-116ca9967201,357807135,2026-04-27 17:10:48-06:00,2026-04-27,-105.8572083333,35.7441,2527.0,,5.1,18.9,0.0,17.5,,1009.6,Morchella snyderi,"Chamisa Trail, Santa Fe, NM, US",3
385ebc42-9359-4f22-aad4-ea0a0691c200,352096167,2026-04-19,2026-04-27,-108.6175626,38.9585381,2099.0,,6.7,17.8,0.3,13.7,,1009.0,Morchella americana,"Mesa County, CO, USA",1
3fce1196-15b5-4e4e-ac52-9bff82104b36,349376797,2026-04-12 10:41:12-06:00,2026-04-12,-107.2135972222,40.5132555556,1945.0,,-0.6,17.8,0.4,10.2,,,Verpa bohemica,"Hayden, CO 81639, USA",1
e73b187b-da53-48a4-892b-626be9965fbe,325528653,2025-05-01 14:22:09-06:00,2025-05-01,-105.0662072628,40.2050022419,1538.0,,6.6,18.2,6.8,7.2,,1019.8,Morchella americana,"Colorado, US",3
bb9d486f-6529-439e-8154-f183b0d25f1a,324294569,2019-09-14 12:00:00-06:00,2019-09-14,-105.2123059781,37.6085340039,2780.0,,,,,,,,Morchella tomentosa,"Blanca, CO, US",1
c56995a2-d54f-45b2-a558-a53933820e5c,314177380,2025-07-04 15:12:32-06:00,2025-07-04,-105.7854040199,35.8043039789,3307.0,,13.3,31.1,0.0,11.7,,1012.2,Morchella snyderi,"Santa Fe County, US-NM, US",2
4ce0bacb-1570-42a1-9c9c-d25c2f19d6e1,298745445,2025-07-15 11:51:00-06:00,2025-07-15,-105.9870778117,35.8302485931,1899.0,,14.4,32.8,0.0,13.5,,1011.1,Morchella norvegiensis,"New Mexico, US",1
3f709a2b-0325-405a-a1b4-1fcf05db130e,297137618,2025-07-10 12:05:00-06:00,2025-07-10,-105.8449338122,35.677541497,2632.0,,19.4,37.2,0.0,15.2,,1008.6,Morchella norvegiensis,"New Mexico, US",1
89f9e923-2f1f-4167-a583-637c3dd85c81,292239844,2025-06-16 14:15:30-06:00,2025-06-16,-106.3318580389,39.0729406882,2904.0,,1.7,23.3,0.0,11.1,,1012.7,Morchella tomentosa,"Lake County, CO, USA",1
89584930-e6e2-4cb2-8efc-a5735758439b,291359470,2025-06-20 19:30:00-06:00,2025-06-20,-104.8758480793,39.7621431903,1611.0,,18.8,35.6,0.0,27.6,,1000.5,Morchella rufobrunnea,"Denver County, US, CO",2
2fa8e61d-254a-4c7c-9b1e-8ed1ad4b5572,290230286,2025-06-01 11:00:00-06:00,2025-06-01,-105.9661911238,35.6106117498,2074.0,,13.9,31.7,0.3,13.2,,1008.9,Morchella snyderi,"New Mexico, US",1
91a8a895-008b-4eaa-bb62-8e64649180ff,288826538,2025-06-11 10:55:28-06:00,2025-06-11,-106.9850783333,38.9602866667,2945.0,,7.8,24.4,1.6,14.1,,1014.2,Morchella americana,"Grand Mesa Uncompahgre and Gunnison National Forests, Crested Butte, CO, US",1
7b6242e1-c0f7-43d6-982a-ccfd66783158,288467553,2025-06-08 13:16:42-06:00,2025-06-08,-106.2480300142,39.0261410229,2754.0,,0.6,19.4,0.0,13.1,,1014.0,Morchella snyderi,"Colorado, US",1
fd2fc037-60c7-440b-97ec-44b168560c55,288370616,2025-06-08 07:35:28-06:00,2025-06-08,-106.2021184692,39.1782852101,3600.0,,0.6,19.4,0.0,13.1,,1014.0,Morchella tomentosa,"Colorado, US",1
8d066094-f633-4682-8ce1-9df4120cd92d,288039015,2025-06-08 13:06:57-06:00,2025-06-08,-106.1260833333,39.6325033333,2928.0,,7.0,13.0,1.8,22.3,,1033.8,Morchella snyderi,"Gore Range Trail, Silverthorne, CO, US",1
05a1cbdd-3a83-40d0-bcca-06d89d556050,286630077,2025-05-10 18:25:36-06:00,2025-05-10,-105.0849088732,39.4664316681,1809.0,,6.7,23.9,0.0,10.3,,1022.6,Morchella americana,"Colorado, US",3
4dd8bd28-ccd4-4b14-bf65-c6794a51088c,286628064,2025-05-31 11:22:53-06:00,2025-05-31,-105.0462416667,37.9980166667,2737.0,,10.0,29.0,0.0,7.8,,1015.8,Morchella sextelata,"Pike and San Isabel National Forests, Rye, CO, US",1
458f0a46-aea2-4ba6-9aa1-a2054b3e87ef,286624274,2025-05-31 14:22:19-06:00,2025-05-31,-105.0444610867,37.9463147251,3217.0,,10.0,29.0,0.0,7.8,,1015.8,Morchella snyderi,"Colorado, US",1
9fea2962-f751-42b9-a004-90c2c0414596,286620095,2025-05-29 11:31:14-06:00,2025-05-29,-105.4764517566,39.9619162365,2559.0,,9.0,19.0,0.9,3.7,,1023.1,Morchella brunnea,"Nederland, CO, US",1
89fb1053-84e3-498e-8872-4b3b5fea72c1,285982662,2025-05-03 11:55:57-06:00,2025-05-03,-106.0978255958,38.4574090277,2589.0,,1.6,21.6,0.0,11.0,,1019.6,Morchella snyderi,"Colorado, US",2
71e04e60-c933-4934-be0e-33ae8132a5ec,285980459,2025-05-22 18:55:20-06:00,2025-05-22,-106.0551780391,38.4667212029,2986.0,,2.0,24.1,0.0,16.1,,1022.7,Morchella snyderi,"Colorado, US",3
a954e199-0325-4390-a8c1-034fbf52e7c1,285979826,2025-05-23 11:39:02-06:00,2025-05-23,-106.0114293226,38.4645412444,3294.0,,6.0,25.8,0.0,17.7,,1018.8,Morchella kaibabensis,"Colorado, US",4
a22f967e-be1c-43ed-8e24-0f3b70cf9569,285530514,2025-05-30 13:15:41-06:00,2025-05-30,-105.838435929,35.6230184148,2399.0,,10.6,29.4,0.0,13.8,,1015.7,Morchella snyderi,"New Mexico, US",2
86c793ab-7294-441a-becb-ae958acfae6b,284655258,2025-05-27 12:23:50-06:00,2025-05-27,-105.0837601596,38.2212277458,1912.0,,7.0,23.0,0.6,5.1,,1018.0,Morchella snyderi,"Colorado, US",1
2e9615f0-bd18-41b3-b3a4-8e6fe6d7b095,284599585,2025-05-17 14:00:49-06:00,2025-05-17,-105.015797057,39.9931410092,1613.0,,8.6,21.0,0.0,6.3,,1013.0,Morchella americana,"Colorado, US",1
2f10b773-6d99-4e2d-a902-a624b3030bd5,284274256,2025-05-26 09:20:30-06:00,2025-05-26,-103.6694946289,41.8709068298,1186.0,,10.6,14.4,8.9,20.9,,1019.0,Morchella americana,Scottsbluff,1
57f4218c-c223-4b4a-aed9-3c333be76cb0,283547569,2025-05-05 18:19:45-06:00,2025-05-05,-105.0751931001,39.9698971224,1588.0,,6.5,21.5,2.7,14.6,,1010.4,Morchella americana,"Colorado, US",2
2dc9a8d8-1f1e-4c9b-a522-1def72053244,283321419,2022-07-02 14:15:11-06:00,2022-07-02,-105.4555451299,40.4946488515,2512.0,,13.9,31.7,0.0,8.6,,1013.8,Morchella tomentosa,"Larimer County, US-CO, US",1
71b06170-285b-4102-8f49-6aadc92de92e,280960313,2023-05-16 18:45:56-06:00,2023-05-16,-105.2347017825,40.2107472778,1599.0,,7.1,26.7,2.7,5.1,,1022.3,Morchella punctipes,"Longmont, CO 80503, USA",1
b8c64745-10fc-4c6e-9071-fa2a27155247,280765677,2025-05-12 12:05:28-06:00,2025-05-12,-104.8055616598,38.67236131,1803.0,,9.2,28.0,0.2,13.3,,1006.4,Morchella snyderi,"Colorado, US",2
af16aae2-b35c-4112-8b92-fa099ad826f6,279955842,2025-05-09 19:48:31-06:00,2025-05-09,-105.0546111667,38.0006361117,2766.0,,4.0,19.0,0.0,5.0,,1023.8,Morchella snyderi,"Pike and San Isabel National Forests, Rye, CO, US",1
69b800b4-aeee-40db-8db7-de969307da47,279121841,2025-05-05 10:07:53-06:00,2025-05-05,-106.3021043488,35.6783132119,1722.0,,6.1,13.9,2.5,23.9,,1005.3,Morchella americana,"New Mexico, US",2
00168f00-88a9-44f4-b205-fd48a2136e93,275171787,2025-04-27 10:39:22-06:00,2025-04-27,-105.1245911025,40.1200090921,1532.0,,4.8,27.2,0.0,8.0,,1006.7,Morchella americana,"Colorado, US",2
b67c62a2-e998-438f-8793-0f29a7d91795,236991438,2024-05-04 12:35:00-06:00,2024-05-04,-105.342987842,39.8815722849,2492.0,,2.0,17.0,0.0,9.3,,1018.5,Morchella americana,"Colorado, US",1
a5b5f198-b251-4757-a8b8-d24a2575c01a,236984697,2024-06-23 09:02:10-06:00,2024-06-23,-107.3327001193,37.2667893693,2425.0,,11.0,28.0,1.2,8.2,,1028.6,Morchella eximia,"Colorado, US",3
a744c3c5-59a2-49b4-a501-9bc8b4463708,236984407,2024-06-15 00:04:00-06:00,2024-06-15,-105.5499649974,40.1808780913,2987.0,,13.0,33.0,1.0,4.7,,1013.4,Morchella snyderi,"Ward, CO, US",1
8172e1c7-7c73-40dd-bae4-9c3f070ab639,236984107,2024-06-15 00:03:00-06:00,2024-06-15,-105.5445817472,40.1856773374,2819.0,,13.0,33.0,1.0,4.7,,1013.4,Morchella snyderi,"Ward, CO, US",1
1dcc5ac1-6f9d-47fd-802d-9fe9314e0382,236983770,2024-06-02 16:35:52-06:00,2024-06-02,-105.50843,39.98053,2546.0,,12.0,30.0,0.0,7.7,,1011.9,Morchella brunnea,"County Road 126, Nederland, CO, US",2
9c162422-b14e-4054-99ec-0a25140201e3,236973005,2024-05-12 12:05:12-06:00,2024-05-12,-105.0201575578,39.6876805759,1627.0,,8.1,16.3,11.2,12.7,,1009.6,Morchella populiphila,"Colorado, US",2
5cb67ec2-e36c-49d2-a011-cf50c0094de8,236971631,2024-05-12 14:44:00-06:00,2024-05-12,-105.1340550693,39.695712984,1786.0,,8.0,16.0,13.3,13.7,,1013.9,Morchella populiphila,"Colorado, US",1
e5b3d238-eb46-48f2-892f-770f481a0c48,236846286,2024-06-28 17:31:52-06:00,2024-06-28,-106.7493583333,37.3739133333,2775.0,,3.0,13.0,3.8,18.9,,1034.3,Morchella tomentosa,"San Juan National Forest - Headquarters, Pagosa Springs, CO, US",2
b9b77a13-3277-4efe-a1cd-9ad8902fce29,222934259,2024-06-15 11:10:55-06:00,2024-06-15,-106.1620397754,38.5025348205,2885.0,,8.9,28.4,0.0,13.7,,1019.3,Morchella norvegiensis,"Colorado, US",2
bb410052-45cb-4052-a51c-10ac59a3c4ee,222119634,2024-05-05 12:56:55-06:00,2024-05-05,-104.9442533333,40.4747916667,1462.0,,1.7,23.9,0.0,14.1,,1002.8,Morchella americana,"Frank Swa, Windsor, CO, US",2
e84d0bd2-78cf-460c-bc10-d58267ab6f14,222111940,2024-05-05 13:29:31-06:00,2024-05-05,-104.94168,40.4718966667,1460.0,,1.7,23.9,0.0,14.1,,1002.8,Morchella punctipes,"Windsor, CO, US",1
18f646d6-c58c-4dca-bf9d-b4e97f6c51fc,221463406,2024-06-08 11:52:26-06:00,2024-06-08,-105.5314570087,36.0197737997,3584.0,,4.1,27.5,0.1,11.0,,1024.6,Morchella importuna,"New Mexico, US",4
279ab95c-f130-42ec-b41b-d20d58f1e5df,221437621,2024-06-08 11:20:19-06:00,2024-06-08,-105.4297736619,36.1649071477,3198.0,,4.1,27.5,0.1,11.0,,1024.6,Verpa bohemica,"New Mexico, US",4
a66963f1-0d8a-4cec-82c9-82d99c4287b9,219447943,2024-05-30 12:44:00-06:00,2024-05-30,-106.6781473,39.502203,2763.0,,4.4,24.4,0.0,12.2,,1011.3,Morchella snyderi,"Yeoman Park Campground, Basalt, CO 81621, USA",1
b8ba204f-08e3-4618-ae70-38d2d9caa3fe,219334726,2024-05-30 09:08:36-06:00,2024-05-30,-104.99749053,37.96638146,2417.0,,12.3,27.1,0.1,16.9,,1009.8,Morchella snyderi,"Beulah, CO 81023, USA",1
bd4ea4aa-39c8-43ec-8443-c1943393894e,218918298,2024-05-28 10:06:28-06:00,2024-05-28,-107.3630618047,40.9843615937,2128.0,,4.2,24.0,1.9,8.6,,1024.7,Verpa bohemica,"Slater, CO, US",1
a529ba82-b110-4123-b4b4-532a460508e2,218742980,2024-05-19 08:42:00-06:00,2024-05-19,-105.8446168098,35.7489303335,2730.0,,11.1,27.8,0.0,17.5,,1007.5,Morchella snyderi,"Santa Fe County, NM, USA",2
6adbcaf3-ce7f-4409-aa68-2ce22b46a105,218492116,2024-05-26 13:32:44-06:00,2024-05-26,-105.0971852417,38.0038517346,3372.0,,9.8,24.7,0.0,27.1,,1008.2,Morchella snyderi,"Colorado, US",2
dc26b712-7efb-4ba0-b908-7ab2258bba90,218312083,2024-05-19 14:03:36-06:00,2024-05-19,-105.2552667968,38.6601615713,2347.0,,9.8,28.9,0.0,16.1,,1006.7,Morchella snyderi,"Colorado, US",3
5ca60bbf-41ed-4357-8d16-8c9666cb5c86,216866785,2024-05-19 12:54:23-06:00,2024-05-19,-103.6082687378,43.7614440918,1628.0,,5.0,20.6,,10.3,,1006.0,Morchella americana,Custer,2
0114ea8d-1172-4a52-900c-3cb68f3f2c1d,215967367,2024-05-11 16:15:31-06:00,2024-05-11,-105.392333695,39.8111711203,2667.0,,5.0,17.0,1.1,8.8,,1016.8,Morchella americana,"Colorado, US",3
cec15c75-78c0-45a5-a1a0-112447bb37cb,215966616,2024-05-11 14:50:23-06:00,2024-05-11,-105.3618407278,39.8520569888,2380.0,,5.0,17.0,1.1,8.8,,1016.8,Morchella americana,"Colorado, US",3
1b4649fc-75d8-4e68-83dc-f525854ca5be,215815584,2022-07-08 13:13:00-06:00,2022-07-08,-105.5718002616,39.5026327181,2991.0,,2.1,16.6,0.5,6.1,,1025.3,Morchella snyderi,"Mount Evans Wilderness, Bailey, CO, US",1
392d1fb6-7d3c-41e5-a316-d8b66c3d9cfa,215626148,2024-05-13 09:44:52-06:00,2024-05-13,-105.0192608997,40.1350576917,1495.0,,6.6,25.5,1.8,4.0,,1014.4,Morchella americana,"Colorado, US",2
29fd24cf-edae-4c2a-aa90-797df5ff1103,215181390,2024-05-04 10:29:23-06:00,2024-05-04,-102.2407038997,43.2544234458,1042.0,,-5.0,16.7,0.0,8.6,,1019.6,Morchella americana,"Oglala Lakota County, US-SD, US",3
d8ccd18d-a3dd-4612-b337-6ecb28e7334a,214384935,2024-05-05 10:34:21-06:00,2024-05-05,-105.091025,39.4899033333,1678.0,,6.1,22.8,0.0,28.2,,1002.9,Morchella americana,"Littleton, CO, US",4
7ae6949a-4453-4a51-8ce0-65cb3dfeb3bb,214323237,2024-05-07 16:19:43-06:00,2024-05-07,-105.0697945,39.6594916667,1640.0,,3.3,12.8,,25.3,,1002.4,Morchella americana,"Bear Valley Park, Denver, CO, US",5
b3769d68-ffb9-4cd2-b546-2e6d6806e1eb,213888204,2024-05-05 12:15:21-06:00,2024-05-05,-105.3903881143,39.8679824646,2693.0,,5.0,21.0,0.0,5.2,,1005.7,Morchella americana,"Colorado, US",2
984422f8-3d1d-450d-814e-f70c2e52d3b8,213858869,2024-05-04 10:48:11-06:00,2024-05-04,-105.0156103613,38.5338749414,1824.0,,3.3,17.2,0.0,14.3,,1017.4,Morchella americana,"Colorado, US",1
38159c12-d494-4310-9f8e-1edfa0eac719,213709425,2024-05-04 15:56:05-06:00,2024-05-04,-105.1381672128,38.556664709,2533.0,,3.3,17.2,0.0,14.3,,1017.4,Morchella brunnea,"Colorado, US",1
510e0fc5-cbac-46f1-95ba-75fe36e5b31e,213078010,2024-05-02 13:58:00-06:00,2024-05-02,-104.8418173751,40.5665690708,1532.0,,2.8,16.1,0.0,18.4,,1011.0,Morchella americana,"Colorado, US",3
0f45a2ae-5fdd-47da-b3e1-b68569f62914,212260007,2024-04-29 14:01:22-06:00,2024-04-29,-105.0896083333,39.5464166667,1667.0,,2.8,18.9,0.0,9.9,,1010.6,Morchella americana,"Chatfield State Park, Littleton, CO, US",2
80038d96-f863-4526-acde-cce4447af5ab,211315856,2024-04-28 16:17:38-06:00,2024-04-28,-106.6449966667,35.8287500025,2068.0,,2.1,15.3,0.4,8.8,,1015.3,Morchella americana,"Santa Fe National Forest, Jemez Springs, NM, US",1
f3e8ce24-1aeb-4e20-aee5-93af498a3ac6,210322526,2024-04-26 14:23:16-06:00,2024-04-26,-105.0895916667,39.5464283333,1667.0,,7.2,17.8,,13.9,,1000.1,Morchella americana,"Chatfield State Park, Littleton, CO, US",2
4bd1a3c3-1bbe-40cf-898c-350a4058d21e,209856093,2024-04-26 14:41:34-06:00,2024-04-26,-105.0578374677,39.5710009136,1664.0,,7.2,17.8,,13.9,,1000.1,Morchella americana,"Colorado, US",3
e3099079-148c-4d95-9e3e-e1f892cce5d4,209852040,2024-04-26 14:47:49-06:00,2024-04-26,-105.026504577,39.442186145,1836.0,,7.2,17.8,,13.9,,1000.1,Morchella americana,"Colorado, US",4
a38eda84-4ebb-43b4-8826-fa817d7a7ee8,209843532,2024-04-26 15:03:32-06:00,2024-04-26,-105.087902749,39.4839407095,1710.0,,7.2,17.8,,13.9,,1000.1,Morchella americana,"Colorado, US",2
c7633115-a64b-44c5-8b5f-eb68963f772e,209796340,2024-04-26 14:42:25-06:00,2024-04-26,-105.0916770101,39.5473858122,1672.0,,7.2,17.8,,13.9,,1000.1,Morchella americana,"Littleton, CO 80128, USA",3
24157608-2e69-4e7b-8592-b681584d8a6f,209193457,2024-04-22 10:41:37-06:00,2024-04-22,-104.9386133333,39.85322,1548.0,,7.7,22.9,0.0,19.1,,1008.5,Morchella americana,"S Platte River Trail, Thornton, CO, US",2
47d515d1-4c75-4120-99f6-e849b9b276d6,209025810,2024-04-23 16:07:09-06:00,2024-04-23,-104.619805,40.401405,1410.0,,5.6,17.2,,13.8,,1017.6,Morchella americana,"Greeley, CO, US",2
2a6dff00-7827-4435-b495-9de50f1b1201,209004699,2024-04-23 07:48:00-06:00,2024-04-23,-101.632465,41.211015,948.0,,8.0,19.9,0.0,15.2,,1017.9,Morchella americana,"Keith County, NE, USA",1
b7a3eb01-454f-49be-947f-52092fbb07c4,195046414,2014-05-23 15:02:00-06:00,2014-05-23,-105.9879241085,38.3809732355,2868.0,,,,,12.9,,,Morchella snyderi,"Colorado, US",2
e4eb205a-53cd-4a6d-a9f0-b6a448a5fec1,188313459,2023-05-26 13:13:00-06:00,2023-05-26,-106.2400156619,41.5677303061,2481.0,,5.7,20.0,0.0,15.6,,1008.9,Morchella snyderi,"Carbon County, WY, USA",1
5522c00d-f732-4ba1-9e01-1dea059d6e4e,178321164,2023-06-01,2023-05-26,-107.4541977911,38.8272654061,2447.0,,,,,,,,Morchella snyderi,"Colorado, US",1
e596a35e-72cc-4dbe-9b2f-59e84ad1ba6e,178170632,2014-04-30 17:52:07-06:00,2014-04-30,-105.1956716667,40.0404695,1570.0,,2.0,11.0,,21.6,,,Morchella americana,"Boulder, CO, US",3
4398c0ca-7954-48d9-88b0-5083246d46fd,171743210,2023-06-21 20:45:38-06:00,2023-06-21,-107.2860716667,40.0325916667,2643.0,,,,,,,,Verpa bohemica,"White River National Forest, Gypsum, CO, US",1
f2241647-d35b-49b5-917c-7743c962f149,169663833,2020-05-21 15:31:50-06:00,2020-05-21,-103.4670333333,43.8876133333,1579.0,,5.0,18.3,,13.6,,1007.9,Morchella angusticeps,"Black Hills National Forest, Keystone, SD, US",1
a42a8330-04cf-44bc-970d-aa3c22c0e906,393987172,2026-08-23 08:44:30-06:00,2026-08-23,-105.7706861111,39.5733972222,3384.0,,,,,,,,Amanita muscaria,"Dillon, CO 80435, USA",1
9954aa41-c7b2-4dd5-b242-8ddb212a5dfb,393987099,2026-08-23 08:55:07-06:00,2026-08-23,-105.7714888889,39.576875,3363.0,,,,,,,,Amanita muscaria,"Dillon, CO 80435, USA",1
ae49c57f-a116-4571-94b4-054dd2f8649a,393986877,2026-08-23 08:58:19-06:00,2026-08-23,-105.7719722222,39.5778555556,3371.0,,,,,,,,Amanita muscaria,"Dillon, CO 80435, USA",1
8726a0bf-bc0d-40b4-abbd-e4214140ba3b,393986744,2026-08-23 08:58:31-06:00,2026-08-23,-105.7719722222,39.5778555556,3371.0,,,,,,,,Amanita muscaria,"Dillon, CO 80435, USA",1
d84fdc0b-4d02-4a79-bb02-0bdfde903fa1,393983493,2026-08-23 12:20:57-06:00,2026-08-23,-105.7738888889,39.5812527778,3431.0,,,,,,,,Amanita muscaria,"Dillon, CO 80435, USA",1
707675e4-4f3b-4ee2-8dc8-81ff594befe3,393982897,2026-08-23 12:33:52-06:00,2026-08-23,-105.7718833333,39.5778722222,3371.0,,,,,,,,Amanita muscaria,"Dillon, CO 80435, USA",1
a5d89cfb-a6df-478a-9fc5-4a379f0e6127,393607300,2026-08-21 11:50:00-06:00,2026-08-21,-105.4714170384,40.4750844972,2414.0,,,,,,,,Amanita muscaria,"Larimer County, CO, USA",1
507371f9-16f0-4df4-a9b1-8cf2d91daad6,392903196,2026-08-18 14:07:00-06:00,2026-08-18,-105.6053659933,40.5605461705,2875.0,,,,,,,,Amanita muscaria,"Larimer County, CO, USA",1
daeaf229-8a5d-478e-bb2f-4f41966f2335,392845216,2026-08-15 13:05:00-06:00,2026-08-15,-105.3657140985,39.5283163145,2883.0,,14.4,26.1,1.3,4.4,,,Amanita muscaria,"Colorado, US",1
0db2f74c-629e-4fcb-a01c-b3e9bbf80dd1,392762162,2026-08-17 11:25:21-06:00,2026-08-17,-107.7743533333,37.8044283333,2996.0,,10.0,24.0,0.0,5.0,,,Amanita muscaria,"Silverton, CO, US",1
c3050fdf-c3e7-4c7a-ad97-bd4737d33c73,392745279,2026-08-19 13:12:14-06:00,2026-08-19,-107.9651601,39.0597793,3377.0,,19.8,31.7,,14.8,,1011.4,Amanita muscaria flavivolvata,"Cedaredge, CO 81413, USA",2
ddef3f8d-f5f2-486c-8160-04e1e32b7a9b,392742004,2026-08-19 11:14:31-06:00,2026-08-19,-105.560557135,40.7827624067,2487.0,,11.8,23.8,0.0,17.3,,1018.1,Amanita muscaria,"W County Road 74E, Red Feather Lakes, CO, US",1
376d5c51-acc0-4876-8b6f-ab0bb9668722,392687645,2026-08-14 14:28:28-06:00,2026-08-14,-107.9720166667,37.7399866667,3024.0,,10.0,19.0,4.5,2.8,,,Amanita muscaria,"County Road 578, Rico, CO, US",1
71cf1f19-2105-4191-9538-8a9e3d376a90,392662612,2026-08-14 11:54:23-06:00,2026-08-14,-107.249145,39.9616383333,3384.0,,15.0,28.0,2.1,6.1,,,Amanita muscaria,"Gypsum, CO, US",1
1f9423a7-a974-48e2-a846-54c0d31ff564,392598199,2026-08-18 08:26:47-06:00,2026-08-18,-105.6232402101,40.3265230685,2879.0,,9.9,25.2,1.1,9.0,,1019.1,Amanita muscaria,"Estes Park, CO 80517, USA",1
6b049fd7-79f9-4dc0-9134-c24005dfe621,392448006,2026-08-17 11:22:42-06:00,2026-08-17,-105.7268533333,40.4285283333,3212.0,,8.6,24.7,0.0,7.3,,1021.6,Amanita muscaria,"Rocky Mountain National Park, Estes Park, CO, US",1
833d321d-7fe0-4d58-87a5-120a33c290a9,392378227,2026-08-14 12:19:47-06:00,2026-08-14,-106.6537965462,35.94250117,2691.0,,18.3,28.4,8.8,4.7,,,Amanita muscaria,"Jemez Springs, NM 87025, USA",1
84c628d2-75e1-4e29-8937-a19916d97a1a,392259713,2026-08-17 17:39:41-06:00,2026-08-17,-104.9403617198,38.7709419499,3033.0,,14.6,28.4,0.3,5.4,,,Amanita pantherinoides,"Colorado, US",1
814d8d6a-81c0-49e0-9a29-c1a34902de47,392162034,2026-08-17 10:27:32-06:00,2026-08-17,-105.3910416667,39.5205083333,2767.0,,6.0,14.0,0.2,9.8,,,Amanita muscaria,"Jefferson County, US-CO, US",2
eec959b9-6804-4110-b8b7-4d95af2c045e,392139288,2026-08-02 10:13:01-06:00,2026-08-02,-106.205155,39.63205,3304.0,,10.0,20.0,0.2,9.0,,,Amanita muscaria,"Gore Lake Trail, Avon, CO, US",1
a48cf2a7-ba49-40e8-bfcf-b8910ec42704,392106159,2026-08-16 18:18:12-06:00,2026-08-16,-107.9206565022,37.7970522168,3137.0,,8.0,23.0,0.0,5.0,,,Amanita muscaria,"Durango, CO 81301, USA",1
0e4f36ad-bdb2-41a0-837c-4715574077d2,391954844,2026-08-16 15:18:06-06:00,2026-08-16,-105.9223574117,39.4219469276,3291.0,,3.9,22.2,0.2,3.7,,,Amanita muscaria,"Park County, US-CO, US",1
78e79006-14e2-47dc-9bda-f404a69a0f3d,391915878,2026-08-16 08:52:40-06:00,2026-08-16,-105.3954166667,39.5203583333,2848.0,,4.0,11.0,1.8,7.2,,,Amanita muscaria,"Borderline Trail, Pine, CO, US",1
782df2db-7f69-469f-b048-2649e97389b0,391887395,2026-08-15 16:57:01-06:00,2026-08-15,-105.3798398479,40.4429626562,1971.0,,16.0,28.9,1.2,6.3,,,Amanita muscaria,"CR-43, Drake, CO, US",1
594dfeba-5c9c-4ded-9379-2dfedfd504e3,391885350,2026-08-15 11:41:57-06:00,2026-08-15,-105.4712,40.4757783333,2414.0,,16.0,28.9,1.2,6.3,,,Amanita muscaria,"North Fork Trail, Glen Haven, CO, US",1
3c5e9a27-3b24-4752-92db-6ad587e67a8e,391880143,2026-08-16 14:12:25-06:00,2026-08-16,-105.7954783333,39.90712,2761.0,,4.0,11.0,1.8,7.2,,,Amanita muscaria,"Twin Bridges, Winter Park, CO, US",1
829e38ab-85e3-40a0-97e4-aa06f4529a28,391841140,2026-08-16 11:03:35-06:00,2026-08-16,-105.8829615265,39.6863506631,3247.0,,4.0,11.0,1.8,7.2,,,Amanita muscaria,"Clear Creek County, US-CO, US",1
83b83533-16e3-485d-b0c3-f182d5920975,391799993,2026-08-16 10:52:01-06:00,2026-08-16,-105.3779602051,39.5676040649,2542.0,,4.0,11.0,1.8,7.2,,,Amanita muscaria,Jefferson County,1
9df1e399-0dbb-4695-8228-54ddff3c4609,391608246,2026-08-15 09:46:43-06:00,2026-08-15,-107.8271888889,37.8543555556,2973.0,,8.0,20.0,1.4,3.7,,,Amanita muscaria,"Ophir, CO 81426, USA",1
f51d5eb2-91e3-4f5c-b36f-25c38504096f,391605070,2026-08-15 11:22:05-06:00,2026-08-15,-105.5004433997,40.0948952997,2817.0,,15.0,27.0,2.3,3.6,,,Amanita muscaria,"Ward, CO 80481, USA",1
7cc73f0d-0f9c-46df-8a5d-066b9a718bf2,391597191,2026-08-14 11:36:52-06:00,2026-08-14,-110.3619166667,40.6689333333,3121.0,,,,,,,,Amanita muscaria,"Swift Creek Trail, Altonah, UT, US",1
ebeb60f7-b911-4e8e-bfdf-c8603845feb6,391582014,2026-08-15 11:51:53-06:00,2026-08-15,-107.8197416667,37.85582,3017.0,,8.0,20.0,1.4,3.7,,,Amanita muscaria flavivolvata,"Ophir, CO, US",1
c1e76f8b-9d92-4a23-aaf2-157e67b94076,391537963,2026-08-15 11:47:15-06:00,2026-08-15,-106.5000255033,35.8503753379,2595.0,,17.3,26.8,0.9,4.1,,,Amanita muscaria,"Valles Caldera National Preserve, Sandoval County, US-NM, US",1
7e495ad6-be3d-4e8c-ad20-4e3727dabbdd,391504573,2026-08-13 20:21:16-06:00,2026-08-13,-105.7347810928,39.689454766,3152.0,,4.0,8.0,2.9,8.7,,,Amanita muscaria,"Silver Plume, CO, US",2
6f0a00ef-f682-43b3-8e2d-64c1ed2e2348,391495388,2026-08-15 11:49:36-06:00,2026-08-15,-105.4798328734,40.3838089059,2447.0,,14.5,27.0,3.7,3.2,,,Amanita muscaria,"Colorado, US",1
8db07c2f-19b5-4115-8106-f43f0ce167ea,391495286,2026-08-15 10:36:55-06:00,2026-08-15,-107.8256383333,37.859025,3070.0,,8.0,20.0,1.4,3.7,,,Amanita pantherinoides,"Ophir, CO, US",1
20df4632-5e41-4812-ad97-ce0ffadf9515,391494699,2026-08-15 12:18:30-06:00,2026-08-15,-105.4335729477,40.2452050375,2586.0,,14.5,27.0,3.7,3.2,,,Amanita muscaria,"Colorado, US",1
85dd3392-8295-4a25-a8ef-6f2e0c9ee270,391470830,2026-08-14 11:44:57-06:00,2026-08-14,-108.0127416667,37.78272,3014.0,,10.0,19.0,4.5,2.8,,,Amanita muscaria,"Dolores County, US-CO, US",1
6292364d-67e4-482a-8244-d56da65f3ebf,391285678,2026-08-14 15:09:47-06:00,2026-08-14,-107.9732083333,37.7411222222,3045.0,,10.0,19.0,4.5,2.8,,,Amanita muscaria,"Rico, CO 81332, USA",1
29427f5d-4f5e-4139-9d57-4d7550fb5bff,391279492,2026-08-14 13:10:17-06:00,2026-08-14,-108.0252727997,37.7865390997,3137.0,,10.0,19.0,4.5,2.8,,,Amanita muscaria,"Dolores, CO 81323, USA",1
84a7cb45-d44d-49a7-98b2-a1c295afa9ad,391279239,2026-08-14 13:05:59-06:00,2026-08-14,-108.0256659,37.7865614997,3137.0,,10.0,19.0,4.5,2.8,,,Amanita muscaria,"Dolores, CO 81323, USA",1
f5c8877a-f79c-4f19-a1f6-da0636617a3d,391277648,2026-08-14 12:22:39-06:00,2026-08-14,-108.0236371,37.7892010997,3124.0,,10.0,19.0,4.5,2.8,,,Amanita muscaria,"Dolores, CO 81323, USA",1
4f04b58b-d9d5-4b5f-8aa3-d6ef15447f3d,391230189,2026-08-14 10:55:40-06:00,2026-08-14,-107.8846760094,37.8146584711,3124.0,,10.0,19.0,4.5,2.8,,,Amanita muscaria,"Ophir, CO 81426, USA",1
3e1381d9-e47f-40c5-bc16-3e6c5efccf10,391209132,2026-08-14 08:41:54-06:00,2026-08-14,-107.903649082,37.8207672409,3169.0,,10.0,19.0,4.5,2.8,,,Amanita muscaria,"Grand Mesa Uncompahgre and Gunnison National Forests, Telluride, CO, US",1
1b07a7d0-3051-48f8-813a-e76f90e30744,391128569,2026-08-05 11:24:56-06:00,2026-08-05,-107.3400583333,37.6132666667,3152.0,,12.0,32.0,0.0,5.3,,,Amanita muscaria,"Pagosa Springs, CO, US",1
b7a1ea7b-a992-4546-b68d-9e2cc83e8411,390999162,2026-08-11 15:49:06-06:00,2026-08-11,-106.6705383333,35.9556966667,2567.0,,16.4,30.9,0.8,7.4,,,Amanita muscaria,"Rio Cebolla Trail, Jemez Springs, NM, US",2
7aa21468-8141-4267-87f9-b3dd4dc4fd81,390990493,2026-08-13 12:38:30-06:00,2026-08-13,-107.8810122,37.8322702,2982.0,,10.0,17.0,1.8,2.9,,,Amanita muscaria,"Ophir, CO 81426, USA",1
8384ea76-3b0a-445e-8604-d6f5a00c3562,390985658,2026-08-13 11:52:51-06:00,2026-08-13,-107.8803393997,37.8330732,2982.0,,10.0,17.0,1.8,2.9,,,Amanita muscaria,"Ophir, CO 81426, USA",1
0fadf8eb-c1d6-4ad4-b580-ee3f847fba2d,390983641,2026-08-09 13:28:00-06:00,2026-08-09,-105.8583398433,40.6857515027,2618.0,,7.0,26.0,1.6,5.7,,,Amanita muscaria flavivolvata,"Larimer County, CO, USA",2
971850d4-6ec4-4786-8ae0-0b8aafae1858,390976097,2026-08-13 09:49:38-06:00,2026-08-13,-106.6586533333,35.93317,2704.0,,16.2,29.0,11.9,6.0,,,Amanita muscaria flavivolvata,"Santa Fe National Forest, Jemez Springs, NM, US",2
dfd1523f-7b7a-4697-b4ab-7ef2ad4eb444,390966224,2026-08-07 18:27:38-06:00,2026-08-07,-105.5195083333,36.5902216667,2877.0,,17.3,33.3,0.0,13.2,,1016.8,Amanita muscaria,"Manzanita Canyon Trail, Taos, NM, US",1
c256cbb4-396d-48b8-b1a7-702f9ecae04e,390722053,2026-08-12 12:54:29-06:00,2026-08-12,-105.6745777617,40.370833548,3403.0,,9.0,26.6,3.0,4.0,,,Amanita muscaria,"Colorado, US",1
da7ff0aa-fb72-4355-b27b-26b22cccba2b,390619995,2026-08-11 13:09:23-06:00,2026-08-11,-105.8472174748,39.5590070385,3354.0,,6.0,14.0,4.6,9.4,,,Amanita muscaria,"Summit County, US-CO, US",1
c831bbf4-00fe-4600-b28f-89275ff99c5b,390458403,2026-08-11 16:29:03-06:00,2026-08-11,-105.7865053997,39.8098399,3399.0,,6.0,14.0,4.6,9.4,,,Amanita muscaria,"Winter Park, CO 80482, USA",1
0f8622e1-194b-4c8c-9b6f-56f1cac18f5a,389778666,2026-08-04 17:28:49-06:00,2026-08-04,-105.8506616667,40.3955583333,2748.0,,11.7,27.2,0.0,14.1,,,Amanita muscaria,"Rocky Mountain National Park, Grand Lake, CO, US",1
e4171815-9599-4e45-a2b8-5bfee4416d0f,389768937,2026-08-09 09:01:20-06:00,2026-08-09,-106.3119651005,41.3474058353,3310.0,,16.7,29.9,0.4,20.2,,1013.3,Amanita muscaria,"Centennial, WY 82055, USA",1
cf68544e-5a76-45e6-a338-25869a6b3301,389179107,2026-08-07 11:32:49-06:00,2026-08-07,-105.0154435997,38.7346957,2908.0,,22.5,33.9,0.2,5.4,,,Amanita muscaria,"Manitou Springs, CO 80829, USA",1
99463760-5af0-47df-a78e-89bc4e497ae0,388939569,2026-08-05 14:13:39-06:00,2026-08-05,-106.0654,36.5410833333,2505.0,,16.8,35.1,0.0,15.4,,1012.5,Amanita muscaria,"Carson National Forest, Vallecitos, NM, US",1
b57d2c25-323f-4fc3-b3a4-72c16d80290f,388610957,2026-08-05 11:53:53-06:00,2026-08-05,-106.52443,35.8163533333,2597.0,,18.8,31.9,0.3,4.7,,,Amanita muscaria,"Las Conchas Picnic Area Trail, Jemez Springs, NM, US",1
2f7d0669-a746-4e0a-b56f-4d75f88f18f3,388580034,2021-08-20 14:48:29-06:00,2021-08-20,-106.2461916667,39.628605,2892.0,,2.0,10.0,4.9,15.9,,1030.3,Amanita muscaria,"Eagle County, US-CO, US",1
8405b2d6-a515-4bc0-89a8-bd9a43fd0471,388392106,2026-08-04 15:43:22-06:00,2026-08-04,-105.7043613919,39.645935619,3137.0,,3.0,15.0,2.3,15.5,,,Amanita muscaria flavivolvata,"Colorado, US",1
afab339b-262b-48da-9586-8b12a7d3f000,388219147,2026-08-04 10:46:21-06:00,2026-08-04,-107.7267379761,37.7012062073,3405.0,,13.0,27.0,0.0,5.0,,,Amanita muscaria,Durango,1
5dc4572f-732e-4257-8f87-46f9c5f71138,387778762,2026-08-02 18:15:12-06:00,2026-08-02,-107.7070466667,37.7239916667,3350.0,,15.0,28.0,0.0,4.1,,,Amanita muscaria,"San Juan National Forest - Headquarters, Durango, CO, US",2
4287cf20-ee31-4be4-8578-0726b5fd5c29,387721267,2026-08-01 13:14:00-06:00,2026-08-01,-106.2803866667,39.6748433333,3131.0,,10.0,20.0,0.0,2.7,,,Amanita muscaria,"Eagle County, CO, USA",1
57ad759b-1059-4acd-8fae-08d31d907858,387721262,2026-08-01 13:14:00-06:00,2026-08-01,-106.2803866667,39.6748433333,3131.0,,10.0,20.0,0.0,2.7,,,Amanita muscaria,"Eagle County, CO, USA",1
5b873046-1ae9-4081-8e9c-deb2a011c95d,387645958,2026-08-02 11:42:41-06:00,2026-08-02,-106.0982805,39.6521116667,2765.0,,10.0,20.0,0.2,9.0,,,Amanita muscaria,"White River National Forest, Silverthorne, CO, US",1
261b47bd-4542-4ed5-afd5-8a1dd387598c,387512835,2026-08-01 13:15:02-06:00,2026-08-01,-106.2802366667,39.6750033333,3144.0,,10.0,20.0,0.0,2.7,,,Amanita muscaria,"Pitkin Trail, Avon, CO, US",1
a47dd306-6193-4737-893c-e05a5afb8039,387511708,2026-08-01 15:46:59-06:00,2026-08-01,-106.287025,39.6898366667,3433.0,,10.0,20.0,0.0,2.7,,,Amanita muscaria,"Pitkin Trail, Avon, CO, US",1
eb64eade-7fa5-4afb-8aed-09c86c70ac9d,387505973,2026-08-01 07:46:35-06:00,2026-08-01,-105.90955,40.3390444444,2916.0,,8.9,30.0,0.0,4.9,,,Amanita muscaria,"Grand Lake, CO 80447, USA",2
57ae8d2d-ccd5-4dea-8bde-faf137f48e22,387418418,2026-08-01 14:06:00-06:00,2026-08-01,-105.6565952726,36.0309450929,2988.0,,14.5,29.6,2.4,11.8,,1019.3,Amanita muscaria flavivolvata,"New Mexico, US",2
1f42e01b-a04a-42c7-9dc8-424abdba4c82,387400873,2026-08-01 16:34:25-06:00,2026-08-01,-105.6420583333,40.3067166667,2836.0,,8.9,30.0,0.0,4.9,,,Amanita muscaria,"Bear Lake-Glacier Gorge Junction-Loch Mills Junction Trail, Estes Park, CO, US",1
fa3034cc-a862-40de-9a03-e580dcea3ca0,387372250,2026-08-01 15:25:26-06:00,2026-08-01,-105.7005533333,36.0601888333,2621.0,,14.5,29.6,2.4,11.8,,1019.3,Amanita rubescens,"Forest Service Road 207, Truchas, NM, US",1
c8abfb0c-f2d6-44ff-bf23-7a4512055cbb,387361252,2026-07-31 14:15:09-06:00,2026-07-31,-106.3703623331,41.274441211,2660.0,,11.0,32.0,0.0,6.8,,,Amanita muscaria flavivolvata,"Wyoming, US",2
3d95deda-46ba-43da-873d-be6d6097e1d2,387361111,2026-07-31 13:52:14-06:00,2026-07-31,-106.3427788456,41.3534616787,3232.0,,11.0,32.0,0.0,6.8,,,Amanita muscaria flavivolvata,"Wyoming, US",2
296415dd-84a1-4c2a-b364-741204bfe5ef,387361014,2026-07-31 10:15:00-06:00,2026-07-31,-106.3867506072,41.2695492083,2704.0,,11.0,32.0,0.0,6.8,,,Amanita muscaria flavivolvata,"Wyoming, US",2
351a03da-97b3-41f9-a4b1-f309eec32eaa,387276334,2026-08-01 09:58:18-06:00,2026-08-01,-106.3244300006,41.3314925665,3202.0,,14.0,32.0,0.0,6.0,,,Amanita muscaria,"Lake Marie Falls Trail, Encampment, WY, US",1
1eb970d8-32c2-4e26-a26c-c527a3bf8f29,387077249,2026-07-31 16:54:06-06:00,2026-07-31,-105.8498383333,40.401425,2756.0,,8.6,29.9,1.2,4.8,,,Amanita muscaria,"Grand Lake, CO, US",1
be230f5a-fa48-459e-8802-7c922e53fdd5,387040760,2026-07-30 12:16:32-06:00,2026-07-30,-105.6108541042,40.0842458694,3394.0,,10.8,28.9,0.0,6.0,,,Amanita muscaria flavivolvata,"Ward, CO 80481, USA",2
8acd9846-5a03-47de-9b04-7650d3de14bb,386932501,2024-07-20 14:48:21-06:00,2024-07-20,-107.7715,37.989855,3499.0,,14.0,21.0,2.1,7.5,,1034.4,Amanita muscaria flavivolvata,"Wrights Lake Trail, Ouray, CO, US",2
4e8626f1-c9ba-464a-84ed-d42c7b027472,386460164,2026-07-29 13:29:42-06:00,2026-07-29,-106.3261288404,41.34774764,3553.0,,16.0,30.0,6.4,7.5,,,Amanita muscaria,"Carbon County, WY, USA",1
30473fc2-d51f-4cb9-8a7e-c6804f6f3956,386060518,2026-07-25 06:39:26-06:00,2026-07-25,-105.9007694444,40.49965,3040.0,,9.0,30.0,0.3,5.6,,,Amanita muscaria,"Walden, CO 80480, USA",1
8822f938-857b-42cb-ab76-97dc881ca4f1,385855659,2026-07-27 08:52:56-06:00,2026-07-27,-106.6809320899,41.0615765562,2882.0,,20.0,30.0,1.1,6.9,,1014.2,Amanita muscaria,"Encampment, WY, US",1
3a7fb32c-d95c-4aa0-a656-aa0ef0da527b,385815665,2026-07-27 18:07:41-06:00,2026-07-27,-104.9850698,39.795927,1591.0,,23.2,31.4,,15.3,,1011.0,Amanita muscaria,"Lincoln St & 54th Ave, North Washington, CO 80216, USA",3
04d2f5ec-7669-4f59-805e-ee14df733952,385796583,2024-07-20 17:05:00-06:00,2024-07-20,-108.0556833333,39.0417833333,3265.0,,18.8,34.6,0.0,10.5,,1014.5,Amanita muscaria,"Mesa County, CO, USA",1
f9bf6118-96a6-4b9e-b541-72279ff58152,385704198,2026-07-27 09:29:53-06:00,2026-07-27,-106.3151610232,41.3509593428,3325.0,,17.3,27.6,5.2,12.6,,1014.6,Amanita muscaria,"Albany County, US-WY, US",1
bf0ab3bd-f2c4-4305-88e1-388ede738ea9,385482422,2026-07-26 10:02:00-06:00,2026-07-26,-105.9136812121,40.5884385732,3366.0,,9.0,28.0,1.6,4.9,,,Amanita muscaria,"Colorado, US",1
33062174-589e-402a-961a-9df42bb9d1ee,384363545,2026-07-23 14:53:23-06:00,2026-07-23,-106.8912274418,40.7844238097,2479.0,,15.0,25.1,6.8,3.4,,,Amanita muscaria flavivolvata,"Routt County, US-CO, US",2
8d5f252a-4e33-4d3a-8ec7-a95929a4e7a1,383268194,2026-07-18 14:16:24-06:00,2026-07-18,-106.20019346,41.41789992,3054.0,,15.3,30.0,0.0,10.1,,1014.2,Amanita muscaria,"Carbon County, US-WY, US",1
258a35b6-3160-4473-b4f4-95bcac1d2c30,382629857,2021-07-13 08:09:19-06:00,2021-07-13,-105.1201471667,36.4175533333,2754.0,,6.5,22.9,1.2,3.3,,1031.5,Amanita muscaria,"Cimarron, NM, US",1
fea482ea-22e5-4472-85c8-c95123cd2762,382536459,2025-07-27 13:50:46-06:00,2025-07-27,-105.6578833333,35.8413383333,2702.0,,13.9,33.9,0.0,9.8,,1013.4,Amanita muscaria flavivolvata,"San Miguel County, US-NM, US",2
968df9a4-dc53-4dc0-9768-f1bb8072bcbb,379898111,2022-08-27 15:39:27-06:00,2022-08-27,-107.1781083333,38.634625,3331.0,,7.8,23.3,0.3,6.4,,1017.1,Amanita muscaria,"Gunnison, CO, US",1
d15f8a06-95af-45ae-acc7-02b347807e15,377542649,2011-07-02,2022-08-27,-103.5930051282,44.0606873804,1626.0,,10.6,27.8,,7.3,,1005.6,Amanita muscaria flavivolvata,United States,1
a51037b8-6535-4254-844a-7332cbe379d7,377000985,2026-06-30 07:23:10-06:00,2026-06-30,-105.5639116667,40.1714216667,3320.0,,2.4,24.4,0.0,4.5,,,Amanita muscaria,"Saint Vrain Mountain Trail, Ward, CO, US",2
a5a3cbbb-e6c9-452d-ad10-304c09f42f75,376701704,2026-06-29 10:37:44-06:00,2026-06-29,-107.2097256306,40.0402816966,3149.0,,4.4,23.3,0.0,7.5,,,Amanita muscaria,"White River National Forest, Gypsum, CO, US",1
3099dac3-9d91-4c31-90de-bc5664119cfd,375627616,2023-08-27 14:29:07-06:00,2023-08-27,-105.4124155641,39.8313539574,2574.0,,15.0,30.0,3.1,9.0,,1023.5,Amanita muscaria,"Golden, CO 80403, USA",1
2ef97c22-9aeb-4be1-bc2f-f4c6602de1ab,374788176,2026-06-06 10:44:40-06:00,2026-06-06,-104.9014802277,39.0801165094,2171.0,,10.2,29.2,0.4,9.8,,,Amanita muscaria,"Colorado Springs, CO 80921, USA",1
82b057dd-fb13-4174-a915-f90b29d72c76,374629365,2017-08-19 18:46:22-06:00,2017-08-19,-106.1095544224,38.6770569171,2500.0,,7.2,27.6,,12.3,,,Amanita muscaria flavivolvata,"CR-261, Nathrop, CO, US",2
0a1d7d64-8b02-4d72-89e2-089e65dfb2a7,372719109,2024-07-23 08:55:56-06:00,2024-07-23,-106.9439248786,38.4985968161,2459.0,,6.7,27.8,0.0,9.6,,1021.5,Amanita muscaria flavivolvata,"CR-38, Gunnison, CO, US",2
e023806c-a351-4d41-b1a4-e990ee930e9a,371107778,2024-07-24 12:01:50-06:00,2024-07-24,-105.0715059725,36.4888071549,2553.0,,3.6,24.0,2.2,2.9,,1035.8,Amanita muscaria,"Cimarron, NM, US",1
7f84a41f-f8da-43e9-bb55-155d67691b71,369101113,2025-09-21 11:44:23-06:00,2025-09-21,-105.3255833333,39.3457966667,2219.0,,6.0,15.0,2.4,4.2,,1016.0,Amanita muscaria,"S Buffalo Creek Rd, Bailey, CO, US",1
e6c64a6d-ad76-48fd-a4ea-d86f30ffe213,394103390,2026-08-23 10:29:37-06:00,2026-08-23,-105.6836388633,40.3425191758,2940.0,,,,,,,,Boletus rubriceps,"Estes Park, CO 80517, USA",1
f537a6d2-ccdb-4a29-8fed-31b480031bdd,393986971,2026-08-23 08:56:06-06:00,2026-08-23,-105.7715194444,39.5769,3363.0,,,,,,,,Boletus rubriceps,"Dillon, CO 80435, USA",1
6f010f23-f2dc-4e25-ae3f-3300c4258f79,393982848,2026-08-23 12:36:32-06:00,2026-08-23,-105.7715611111,39.5765083333,3363.0,,,,,,,,Boletus rubriceps,"Dillon, CO 80435, USA",1
8234c214-3e9f-4b47-b18b-a57275e52fee,393694819,2026-08-16 13:46:24-06:00,2026-08-16,-105.9221962094,39.678211443,3760.0,,4.0,11.0,1.8,7.2,,,Chalciporus piperatus,"Dillon, CO 80435, USA",1
5d09149e-5b18-46ac-ab07-84cdc0ba325a,393657666,2026-08-15 14:10:58-06:00,2026-08-15,-109.2695494972,42.7158127028,2948.0,,7.0,20.0,1.0,4.9,,,Boletus edulis,"Sublette County, US-WY, US",1
e797f178-4a27-45fb-b153-dcf043cd0bd8,393544506,2026-08-21 15:50:55-06:00,2026-08-21,-105.6372199,39.6166233,3480.0,,,,,,,,Boletus rubriceps,"Golden, CO 80439, USA",1
7d015a6a-3838-492a-82a3-2fb01db4f558,393461323,2026-08-17 17:50:08-06:00,2026-08-17,-105.9585416667,40.551545,2841.0,,2.0,26.0,0.0,5.0,,,Boletus rubriceps,"Jackson County, US-CO, US",1
2a86d463-83e2-478d-a3d9-4e591ad932f3,393371346,2026-08-15 12:10:00-06:00,2026-08-15,-105.6414555556,40.3992111111,2802.0,,8.1,24.9,0.9,5.1,,,Boletus rubriceps,"Larimer County, CO, USA",1
55a393b5-72f0-4173-a37b-c82fc318ec2a,393171805,2026-08-20 11:36:57-06:00,2026-08-20,-105.6414540858,40.2904328239,3057.0,,,,,,,,Boletus rubriceps,"Rocky Mountain, Rocky Mountain National Park, Rocky Mountain National Park, Larimer County, US-CO, US",1
a846f8ef-c33c-42a5-8d94-cfd1d4361c41,392840458,2026-08-18 18:42:45-06:00,2026-08-18,-108.183355,37.8140133333,3273.0,,7.3,25.2,0.6,11.4,,1020.9,Boletus rubriceps,"Dolores, CO, US",1
5b4e319f-2836-4327-8cc1-3508cf82d737,392815931,2026-08-19 11:04:38-06:00,2026-08-19,-105.700608203,35.8181696452,2774.0,,18.8,32.9,0.9,13.4,,1014.9,Onnia tomentosa,"San Miguel County, US-NM, US",1
3c2c9bce-4cee-4465-8552-9cdddb05e35b,392802245,2026-08-14 06:49:18-06:00,2026-08-14,-105.8818921461,40.501360403,3071.0,,8.0,23.0,2.3,6.6,,,Boletus rubriceps,"Rocky Mountain National Park, Jackson County, US-CO, US",1
611ff5cd-128f-4a0a-b009-1a32dcb96d5a,392504883,2026-08-17 16:04:41-06:00,2026-08-17,-108.1790783333,37.5764116667,2465.0,,10.0,24.0,0.0,5.0,,,Boletus barrowsii,"Dolores, CO, US",1
9795437e-cad1-45a1-b4f6-8d75de86ee72,392293065,2026-08-13 10:52:00-06:00,2026-08-13,-107.8995888889,37.8133666667,3101.0,,10.0,17.0,1.8,2.9,,,Boletus rubriceps,"San Miguel County, CO, USA",2
aa0a322d-104e-49e5-972e-7a4e10c6ec37,392182382,2026-08-14 10:53:07-06:00,2026-08-14,-105.9035716667,40.6574666667,2930.0,,8.0,23.0,2.3,6.6,,,Boletus rubriceps,"Rawah Trail, Bellvue, CO, US",1
26122988-3bab-44a4-8e2d-0fb32e75882d,391989289,2026-08-16 12:08:38-06:00,2026-08-16,-106.6356583333,40.6457333333,3044.0,,7.5,28.4,0.0,3.2,,,Boletus rubriceps,"Rainbow Lakes Trail, Walden, CO, US",1
f8e53654-8543-4382-b25b-1c7c9c2a6033,391954804,2026-08-16 15:02:12-06:00,2026-08-16,-105.9124630739,39.4205981837,3248.0,,3.9,22.2,0.2,3.7,,,Boletus rubriceps,"Park County, US-CO, US",1
5aeb1e76-28c5-4655-acfb-c32529e45114,391838445,2026-08-14 16:47:50-06:00,2026-08-14,-105.1347019896,36.5452759021,2306.0,,8.5,22.8,8.9,4.0,,,Boletus barrowsii,"Ute Park, NM 87749, USA",1
82839398-144e-467b-ac60-fa43950eaff0,391592023,2026-08-15 12:09:45-06:00,2026-08-15,-105.6415033333,40.3992416667,2802.0,,8.1,24.9,0.9,5.1,,,Boletus rubriceps,"Abandoned Beaver Colony Boardwalk, Estes Park, CO, US",1
aa032664-97b3-41e1-b491-35e65ecd69bb,391336686,2026-08-14 09:45:35-06:00,2026-08-14,-108.0256853967,37.7852294596,3125.0,,10.0,19.0,4.5,2.8,,,Boletus edulis,"Dolores County, US-CO, US",1
35326177-6f56-4ded-b6c7-d1da39597020,391258375,2026-08-14 10:04:47-06:00,2026-08-14,-105.7877116667,40.429425,3461.0,,9.3,25.0,5.5,5.8,,,Boletus rubriceps,"Rocky Mountain, Rocky Mountain National Park, Rocky Mountain National Park, Larimer County, US-CO, US",1
6aac59f7-52bc-435d-b2d4-ac891f0d7f2e,391231554,2026-08-14 08:46:56-06:00,2026-08-14,-107.9827870243,37.8414904993,3841.0,,10.0,19.0,4.5,2.8,,,Boletus rubriceps,"Colorado, US",2
9c220c4f-7ba8-4618-9e12-aa0914155909,391207804,2026-08-14 10:17:05-06:00,2026-08-14,-107.8258041997,37.8550702,2981.0,,10.0,19.0,4.5,2.8,,,Chalciporus piperatus,"Ophir, CO 81426, USA",1
61e08a78-9154-413a-9485-d4dd325171c3,390977110,2026-08-13 13:06:08-06:00,2026-08-13,-108.029673,37.9949349722,2271.0,,10.0,17.0,1.8,2.9,,,Boletus rubriceps,"The Bivi WB, Placerville, CO 81430, USA",1
93cc4d18-9625-488a-94a1-5980059cea0f,390756289,2026-08-09 18:50:33-06:00,2026-08-09,-105.7415377639,39.7448384528,3428.0,,10.0,14.0,0.9,8.7,,,Boletus rubriceps,"Colorado, US",1
af75b617-e5bf-4af2-8f8d-33847ee05279,390755903,2026-08-09 17:20:15-06:00,2026-08-09,-105.6675147993,39.5533885993,3335.0,,10.0,14.0,0.9,8.7,,,Boletus rubriceps,"Colorado, US",1
0aefba5c-d105-4614-8158-16ffce90d28d,390755711,2026-08-09 16:05:22-06:00,2026-08-09,-105.6415969604,39.5319057064,3566.0,,10.0,14.0,0.9,8.7,,,Boletus rubriceps,"Colorado, US",1
46cb1110-b103-45a0-a337-da12bac8d49e,390704329,2026-08-12 12:25:24-06:00,2026-08-12,-106.7180684388,35.9617817942,2624.0,,17.9,30.4,0.1,7.9,,,Boletus barrowsii,"NM-126, Jemez Springs, NM, US",1
a89eb645-90bd-41ed-b635-0d49c6895ae4,390704284,2026-08-12 11:33:43-06:00,2026-08-12,-106.7136032694,35.9656890901,2648.0,,17.9,30.4,0.1,7.9,,,Boletus rubriceps,"Sandoval County, US-NM, US",2
8987f5ce-d6fb-45b3-9f07-1bc4a5a9bea1,390704167,2026-08-12 12:26:07-06:00,2026-08-12,-106.7180965562,35.9617203428,2624.0,,17.9,30.4,0.1,7.9,,,Boletus rubriceps,"Sandoval County, US-NM, US",1
93049492-b70e-4324-8ae8-732ef2b715fb,390704112,2026-08-12 13:17:23-06:00,2026-08-12,-106.725696344,35.9601097182,2621.0,,17.9,30.4,0.1,7.9,,,Boletus rubriceps,"Sandoval County, US-NM, US",1
3403c818-46ce-4276-a655-4f68b7e2bbcb,390682351,2026-08-11 10:05:30-06:00,2026-08-11,-106.5330116667,35.8188383333,2576.0,,16.4,30.9,0.8,7.4,,,Neoboletus subvelutipes,"Jemez National Recreation Area, Jemez Springs, NM, US",1
76654c03-fa38-46e4-bddd-382103eb0aff,390677895,2026-08-08 14:11:24-06:00,2026-08-08,-106.536955,35.82107,2575.0,,16.7,31.2,6.0,7.8,,,Boletus edulis,"Jemez National Recreation Area, Jemez Springs, NM, US",1
f5b55d6b-bb8e-4080-a682-bbf58e261ad4,390672939,2026-08-12 10:40:49-06:00,2026-08-12,-105.7845717997,39.8102007997,3391.0,,5.0,13.0,7.9,8.2,,,Boletus rubriceps,"Winter Park, CO 80482, USA",2
90647579-d19f-4d38-af5d-b7c7ba35110c,390651394,2026-08-08 13:09:42-06:00,2026-08-08,-106.5328883333,35.8155533333,2571.0,,16.7,31.2,6.0,7.8,,,Onnia tomentosa,"Jemez National Recreation Area, Jemez Springs, NM, US",1
7352f215-3a08-422d-85f2-9cfbb9b6960d,390598461,2026-08-11 09:34:02-06:00,2026-08-11,-106.3282205844,38.4976895175,3495.0,,10.0,19.0,0.7,11.6,,,Boletus rubriceps,"Chaffee County, US-CO, US",2
17fbef57-9f68-497c-b104-15f03375e4c0,390594586,2025-07-26 13:00:00-06:00,2025-07-26,-106.2554246626,39.7443201408,3246.0,,12.0,17.0,0.0,13.7,,1037.7,Boletus rubriceps,"Slate Creek Trail, Silverthorne, CO, US",1
7e73e7a9-f56d-49de-a536-42d022a75d5a,390466604,2026-08-11 10:41:25-06:00,2026-08-11,-105.4583366667,39.48087,2663.0,,6.0,14.0,4.6,9.4,,,Boletus rubriceps,"Wagon Tongue Rd, Bailey, CO, US",2
d3038ca7-0be4-4811-a6c4-215727932dbf,390427663,2026-08-11 14:18:51-06:00,2026-08-11,-107.3298438915,39.9632412409,3361.0,,17.8,33.3,0.0,5.1,,,Boletus rubriceps,"Colorado, US",2
ec42e9e0-b2bb-4ccc-8e6a-2f4e8f12280c,390415725,2026-08-09 14:10:46-06:00,2026-08-09,-107.8809966667,37.8458116667,2906.0,,13.0,27.0,0.0,4.9,,,Boletus rubriceps,"San Miguel County, US-CO, US",1
06d7eee5-a2ab-4a6e-bbf5-df4bd2fbd4b4,390415691,2026-08-09 14:08:24-06:00,2026-08-09,-107.8810283333,37.8458116667,2906.0,,13.0,27.0,0.0,4.9,,,Boletus rubriceps,"San Miguel County, US-CO, US",1
0b6746bc-23c4-4b54-ac58-55be8cd60f5c,390415658,2026-08-09 14:06:40-06:00,2026-08-09,-107.881005,37.8460783333,2922.0,,13.0,27.0,0.0,4.9,,,Boletus rubriceps,"San Miguel County, US-CO, US",1
67f228c2-9900-48bd-8453-814c438e41e9,390415538,2026-08-09 13:13:10-06:00,2026-08-09,-107.8807803837,37.8457049994,2906.0,,13.0,27.0,0.0,4.9,,,Boletus rubriceps,"San Miguel County, US-CO, US",1
a83a92bf-9891-45af-96bc-2014ff7e58d8,390112223,2026-08-08 13:47:00-06:00,2026-08-08,-104.9836961111,38.7383969444,3076.0,,16.0,33.3,0.3,5.4,,,Boletus rubriceps,"Teller County, CO, USA",1
6c43314d-5909-47ce-937f-9060889022f3,390090248,2026-08-10 13:09:57-06:00,2026-08-10,-107.8023297253,39.0659082059,3193.0,,18.9,36.6,0.0,6.9,,,Boletus rubriceps,"Colorado, US",1
cc591ed0-697d-482d-bd58-d34f4a9ac3bd,390090145,2026-08-10 12:22:24-06:00,2026-08-10,-107.9056079186,39.1483924959,2724.0,,18.9,36.6,0.0,6.9,,,Boletus rubriceps,"Colorado, US",1
7cd2609d-9d5c-4e70-88dc-193d232eef50,390038525,2026-08-10 10:40:46-06:00,2026-08-10,-105.5662833333,40.3401083333,2417.0,,18.4,34.5,1.6,3.9,,,Boletus rubriceps,"SH-66, Estes Park, CO, US",1
491470e8-2897-4ade-84ca-1a009137f4aa,389918803,2026-08-09 15:05:48-06:00,2026-08-09,-110.8000817206,40.7506403044,3005.0,,,,,,,,Boletus edulis,"Utah, US",2
1d32c9f2-eba1-4cc1-bf14-2d62a634e451,389896700,2026-08-05 12:50:31-06:00,2026-08-05,-106.6372,35.9913333333,2695.0,,18.8,31.9,0.3,4.7,,,Boletus rubriceps,"Forest Service Road 527, Jemez Springs, NM, US",1
ab15ce0f-49b8-4784-b40f-1cd9b6da9a76,389778011,2026-08-04 17:31:33-06:00,2026-08-04,-105.8506383333,40.3955716667,2748.0,,11.7,27.2,0.0,14.1,,,Boletus rubriceps,"Rocky Mountain National Park, Grand Lake, CO, US",1
af93eac3-cd74-45d5-b322-acc562f31b01,389664305,2026-08-08 17:17:25-06:00,2026-08-08,-105.6420966667,39.922345,3180.0,,10.0,16.0,1.6,12.1,,1021.0,Boletus rubriceps,"Rollins Pass Rd, Black Hawk, CO, US",2
7b667cc6-b60d-4e5b-91c5-e504543603b8,389494303,2026-08-08 11:24:39-06:00,2026-08-08,-106.7139583333,35.9622383333,2656.0,,16.7,31.2,6.0,7.8,,,Boletus rubriceps,"Jemez Springs, NM, US",1
49e01c85-9ecc-467f-85d3-ced483de7d12,389476353,2026-08-08 12:53:16-06:00,2026-08-08,-104.98081945,38.74030366,3118.0,,16.0,33.3,0.3,5.4,,,Boletus rubriceps,"Teller County, US-CO, US",2
7f8da707-524d-4fb8-ab7b-2b28ebc986ca,389476296,2026-08-08 12:39:02-06:00,2026-08-08,-104.98057066,38.74041701,3118.0,,16.0,33.3,0.3,5.4,,,Boletus oregonensis,"Teller County, US-CO, US",1
f786c706-e74c-4624-afdf-8cfc493a725f,389463266,2026-08-08 10:09:28-06:00,2026-08-08,-105.7258387282,39.6960979382,2800.0,,10.0,16.0,1.6,12.1,,1021.0,Suillus tomentosus,"Woodward/Water St, Silver Plume, CO 80476, USA",1
ded9d0a8-083b-49c4-9aa2-64f0cd0b66a5,389440724,2026-08-08 09:14:35-06:00,2026-08-08,-107.7549283333,37.7463616667,3093.0,,15.0,26.0,0.0,4.0,,1018.3,Boletus rubriceps,"San Juan National Forest - Headquarters, Silverton, CO, US",1
308a950f-b309-48a8-9f7e-946ab95b4221,389434805,2026-08-08 11:22:30-06:00,2026-08-08,-105.702993409,39.8226358224,3600.0,,10.0,16.0,1.6,12.1,,1021.0,Boletus rubriceps,"Colorado, US",1
cc31661d-6862-469c-941f-9b9a022c1432,389422287,2026-08-08 11:32:13-06:00,2026-08-08,-105.8493306488,39.6988755087,3143.0,,10.0,16.0,1.6,12.1,,1021.0,Boletus rubriceps,"Clear Creek County, US-CO, US",1
c72b6b52-37db-4589-b479-b1dc5e448c7d,389420876,2026-08-08 10:11:21-06:00,2026-08-08,-105.8535205945,39.7004488224,3130.0,,10.0,16.0,1.6,12.1,,1021.0,Suillus brevipes,"Clear Creek County, US-CO, US",1
7e16f3c3-5b89-4bc9-ad35-775c2d3c5577,389419757,2026-08-08 09:38:36-06:00,2026-08-08,-105.8535380289,39.7007031701,3130.0,,10.0,16.0,1.6,12.1,,1021.0,Boletus edulis,"Clear Creek County, US-CO, US",1
b950656d-f5a5-481f-b2b2-acf11372f645,389378477,2026-08-07 09:53:04-06:00,2026-08-07,-106.1397090016,39.7450364422,2667.0,,10.0,20.0,0.0,4.7,,1020.3,Boletus rubriceps,"Summit County, US-CO, US",1
d9081dc6-8aa0-40c6-ade5-fdd19dd7ac1f,389378203,2026-08-07 08:48:54-06:00,2026-08-07,-106.1670041681,39.700491728,2945.0,,10.0,20.0,0.0,4.7,,1020.3,Boletus edulis,"Summit County, US-CO, US",1
036b8a74-5257-4ff9-956d-b16a16056317,389204223,2026-08-07 10:56:09-06:00,2026-08-07,-105.1272289158,38.6486453168,2871.0,,20.0,38.0,0.0,9.4,,,Boletus rubriceps,"Colorado, US",2
c944698d-c778-44c3-a52f-f76350fe6cb3,389133398,2026-08-07 11:41:30-06:00,2026-08-07,-110.6627235987,40.5146151572,3115.0,,17.0,37.0,0.0,7.0,,1014.3,Boletus edulis,"Utah, US",1
d186de42-01a4-4ebe-8785-8463e2d5a2d4,389020629,2026-08-04 13:02:08-06:00,2026-08-04,-105.5902063521,40.196309612,2770.0,,11.7,27.2,0.0,14.1,,,Boletus rubriceps,"Rocky Mountain, Rocky Mountain National Park, Boulder County, US-CO, US",1
d21cfd7f-bc54-4a6e-86be-9ae1f0484ef0,388878402,2026-08-06 10:28:40-06:00,2026-08-06,-105.1567507537,38.8672132616,2867.0,,14.0,31.2,0.0,4.9,,,Boletus rubriceps,"Colorado, US",1
d98903d8-8288-4efd-adb8-e4c6b31b85a5,388774074,2026-08-04 20:06:07-06:00,2026-08-04,-110.6740533561,40.7461957259,3334.0,,,,,,,,Boletus edulis,"Bear River, WY 82930, USA",2
940f46d3-0ff6-4053-8412-506304512d42,388754985,2026-08-05 13:42:10-06:00,2026-08-05,-106.6686237583,40.8311338448,3378.0,,1.0,26.0,0.0,5.7,,,Boletus rubriceps,"Clark, CO, US",2
61427bb1-4aca-45e1-a2fb-03cf972dae11,388740525,2026-08-05 14:25:08-06:00,2026-08-05,-106.6265346576,35.9873808687,2743.0,,18.8,31.9,0.3,4.7,,,Boletus rubriceps,"Sandoval County, US-NM, US",1
c32ef880-b0f4-40cc-af78-d58686ff1823,388641182,2026-08-02 14:22:33-06:00,2026-08-02,-109.2607333333,42.6958716667,2823.0,,16.3,30.2,0.0,21.4,,1010.5,Boletus edulis,"Big Sandy Trail, Boulder, WY, US",2
42587220-fbe6-4e87-a4aa-eca6086f51ee,388392139,2026-08-04 16:01:11-06:00,2026-08-04,-105.7833325271,39.7347063514,3513.0,,3.0,15.0,2.3,15.5,,,Boletus rubriceps,"Colorado, US",2
650942ab-0edc-424a-a2ab-c33c71815a1c,388306814,2026-08-04 12:51:13-06:00,2026-08-04,-108.12403542,37.7561116778,2705.0,,13.0,27.0,0.0,5.0,,,Boletus rubriceps,"Dolores County, US-CO, US",1
03c7c560-3c89-4764-aae2-8d8aeec362fa,388293775,2026-08-04 12:53:16-06:00,2026-08-04,-105.619705,39.9538533333,2966.0,,3.0,15.0,2.3,15.5,,,Boletus rubriceps,"Devils Thumb Trail, Nederland, CO, US",1
d161cc4f-f421-4be7-9f05-1f5b90ac4bbe,388028029,2026-08-02 19:13:00-06:00,2026-08-02,-109.8175542997,40.775764,3349.0,,15.0,35.0,0.0,3.8,,,Boletus edulis,"Vernal, UT 84078, USA",1
add3d0cb-760e-40af-b2ad-79748700e380,387792214,2026-08-01 15:16:29-06:00,2026-08-01,-110.8202897301,40.7334992797,3302.0,,,,,,,,Suillus brevipes,"Utah, US",1
773ddbf4-2db3-4cc0-a1a3-25f0fc9a3fa7,387757829,2026-08-02 15:45:06-06:00,2026-08-02,-110.8131884794,40.7196646107,3201.0,,,,,,,,Boletus edulis,"Utah, US",1
6d5d7f11-f3dd-4ae0-8e26-27111f5a074a,387757703,2026-08-02 15:39:32-06:00,2026-08-02,-110.8324568371,40.6487275331,3269.0,,,,,,,,Boletus edulis,"Utah, US",1
e80958f6-ca18-4a1f-9c68-1c5f3b1a1230,387325272,2026-08-01 12:06:42-06:00,2026-08-01,-105.5278027778,36.1319805556,2596.0,,14.5,29.6,2.4,11.8,,1019.3,Chalciporus piperatus,"Vadito, NM 87579, USA",1
46f1a554-03b7-4e9c-a61a-d36300e0e561,387270638,2026-08-01 09:00:30-06:00,2026-08-01,-105.5283708,36.1316672,2596.0,,14.5,29.6,2.4,11.8,,1019.3,Neoboletus subvelutipes,"Taos County, US-NM, US",1
0b4fee00-ed0f-442a-bb9b-7921979d0441,387184288,2026-07-31 13:54:04-06:00,2026-07-31,-110.8180890421,40.7535438592,3216.0,,,,,,,,Suillus brevipes,"Utah, US",1
675fa64e-971f-4026-b885-8554f966e155,387174544,2026-07-30 16:15:32-06:00,2026-07-30,-106.9367787697,38.5542516433,2357.0,,11.1,30.0,0.0,3.1,,,Boletus rubriceps,"N 11th St, Gunnison, CO, US",1
6caa642b-9996-4428-bf37-f99895e089cb,386645193,2026-07-29 18:26:55-06:00,2026-07-29,-106.2259952724,41.3738717587,3172.0,,13.9,26.6,4.8,14.5,,1013.0,Boletus rubriceps,"Centennial, WY 82055, USA",1
ffdc776c-9b1e-4301-bc8d-d98ec319e942,386480251,2026-07-27 14:15:50-06:00,2026-07-27,-105.6588216667,39.9051366667,3070.0,,7.0,13.0,8.2,10.3,,1021.3,Boletus rubriceps,"Forest Lakes Trail, Black Hawk, CO, US",1
18f195b2-8d55-4390-881e-4755c9a87ecb,385760473,2026-07-25 11:31:56-06:00,2026-07-25,-106.3165283333,41.3487366667,3315.0,,15.6,29.8,0.6,13.2,,1015.0,Boletus rubriceps,"Lakes Trail, Centennial, WY, US",1
813881a8-3583-464c-a200-432bc8cfdde6,385703664,2026-07-27 09:11:06-06:00,2026-07-27,-106.3151489426,41.3509627596,3325.0,,17.3,27.6,5.2,12.6,,1014.6,Boletus rubriceps,"Albany County, US-WY, US",1
4ccc854b-6ad9-4c0a-8551-5d94e7425acb,384670894,2026-07-24 09:25:33-06:00,2026-07-24,-105.0890992316,39.6644266485,1648.0,,19.4,35.0,0.4,6.6,,,Cerioporus squamosus,"Stone House Trail, Lakewood, CO, US",1
096dfc44-4492-4854-85db-d16dc58ed39c,384596590,2026-07-24 10:34:27-06:00,2026-07-24,-106.5044784546,35.834941864,2598.0,,19.8,29.7,12.6,4.8,,,Boletus rubriceps,"Valles Caldera National Preserve, Sandoval County, US-NM, US",1
127f5817-0396-4b26-911d-0dad956de687,384399753,2026-07-23 15:57:50-06:00,2026-07-23,-106.3227216667,41.3307283333,3202.0,,16.0,26.0,12.1,6.4,,,Boletus rubriceps,"Tipple Trail, Encampment, WY, US",2
38d48b90-83e9-4bbe-bb1a-74427ed3effc,384374835,2026-07-23 15:46:00-06:00,2026-07-23,-105.9547850065,35.7307191199,2203.0,,17.2,31.7,1.0,6.9,,,Chalciporus piperatus,"New Mexico, US",2
aadbef31-a693-4842-b3f9-7b894f0c29c6,384065402,2026-07-22 11:06:45-06:00,2026-07-22,-105.6584454,39.677588,2950.0,,6.0,13.0,1.8,9.9,,,Suillus tomentosus,"Golden, CO 80439, USA",1
ea2da832-812c-4dbf-a2a6-09d9d11921f1,384059451,2026-07-21 15:46:06-06:00,2026-07-21,-105.7791460484,39.8766265141,3201.0,,7.0,15.0,1.9,17.6,,,Boletus rubriceps,"Colorado, US",1
0dc4fe88-d8ba-4d52-812b-5342962bef7e,383268719,2026-07-19 12:30:59-06:00,2026-07-19,-106.0567803437,41.5506563036,2309.0,,16.2,29.4,3.8,14.0,,1014.5,Boletus rubriceps,"Wyoming, US",1
faee81d2-0dcd-4160-8851-83ec1be80864,382631209,2021-07-15 15:42:42-06:00,2021-07-15,-105.2003783333,36.4410083333,3001.0,,8.2,19.8,4.1,6.4,,1028.9,Boletus rubriceps,"Ute Park, NM, US",1
3d2be1f4-1c43-4cd8-ae6d-28757fe4673a,382141637,2026-07-15 12:16:04-06:00,2026-07-15,-104.9674916667,39.6261633333,1664.0,,18.3,32.8,0.0,11.0,,1013.4,Cerioporus squamosus,"Summit Blvd, Cherry Hills Village, CO, US",1
65d417f3-646e-4967-9c86-3b217e7fcde3,382129982,2026-07-16 13:25:11-06:00,2026-07-16,-105.5904466667,40.0757638333,3224.0,,9.3,29.1,0.5,6.0,,1014.5,Boletus rubriceps,"Pawnee Pass Trail, Ward, CO, US",2
fa4518b5-dc3a-468c-9975-1973ac10c967,381582747,2026-07-13 17:03:22-06:00,2026-07-13,-105.7342383333,40.1661833333,3292.0,,9.0,31.6,0.0,2.8,,,Boletus rubriceps,"Watanga Lake Trail, Grand Lake, CO, US",1
c2f81e1d-ece1-493a-898e-3e69dda5f1d3,381049594,2026-07-08 13:52:01-06:00,2026-07-08,-107.9536533333,39.0704471667,3130.0,,21.5,36.6,0.6,6.2,,,Boletus rubriceps,"Mesa County, US-CO, US",1
03b44392-b374-4df7-a189-c68a545c5086,380552794,2026-07-03 17:16:00-06:00,2026-07-03,-105.9903,40.50526,2798.0,,1.0,24.0,0.0,6.8,,,Boletus rubriceps,"G245+4V Gould, CO, USA",1
59891eb4-885f-45d2-9a66-03d1b71d2014,380143296,2026-07-10 15:09:23-06:00,2026-07-10,-104.838301,38.856889,1862.0,,11.7,30.0,,7.8,,,Cerioporus squamosus,"Chestnut/Caramillo, Colorado Springs, CO 80907, USA",3
fba67c9e-d077-4042-9791-251bf6199ebc,378555573,2026-07-05 12:13:37-06:00,2026-07-05,-106.3994487461,41.2365469221,2733.0,,8.0,31.0,0.0,4.9,,1014.6,Boletus rubriceps,"Wyoming, US",1
ef52bd02-74fe-4f9f-8730-c927defc9f1e,393657960,2026-08-18 11:04:52-06:00,2026-08-18,-109.2057856462,42.8364170521,3177.0,,11.9,24.1,0.3,11.6,,1017.9,Sarcodon imbricatus,"Fremont County, US-WY, US",1
f8a6cf32-789e-4c50-a8ea-7470b0423701,392180733,2026-08-17 13:51:27-06:00,2026-08-17,-107.933911141,39.0625205962,3312.0,,17.5,34.7,0.0,11.1,,1015.8,Sarcodon imbricatus,"Cedaredge, CO 81413, USA",1
b778123c-bbb6-4fc2-b955-fafa24906132,391958155,2026-08-16 14:28:49-06:00,2026-08-16,-106.8054670596,36.0532056554,2965.0,,,,,,,,Sarcodon imbricatus,"Rio Arriba County, US-NM, US",1
06824853-bf2f-4734-9696-8e4106963995,391230589,2026-08-14 11:01:14-06:00,2026-08-14,-107.886053659,37.8136458756,3139.0,,10.0,19.0,4.5,2.8,,,Sarcodon imbricatus,"R37V+32, Durango, CO 81301, USA",1
454167a8-5703-4d06-aa45-454079c2400f,390580625,2026-08-12 09:03:29-06:00,2026-08-12,-107.8344698065,37.9619953194,3225.0,,13.0,22.0,5.5,2.2,,,Sarcodon imbricatus,"Telluride, CO, US",2
87caa7e1-6df6-44ce-b17b-690f3b021d5e,389468487,2026-08-08 10:49:54-06:00,2026-08-08,-105.647775,39.9011083333,2819.0,,10.0,16.0,1.6,12.1,,1021.0,Sarcodon imbricatus,"Black Hawk, CO, US",1
a6a2ae56-e54f-4a56-aa2a-0367de8f1a9f,388223334,2026-08-03 09:24:43-06:00,2026-08-03,-105.9258185785,39.4974389822,3106.0,,6.0,18.0,2.6,17.0,,,Sarcodon imbricatus,"Summit County, US-CO, US",1
52461b48-6f77-41b2-bf49-7513a5a61d9e,388033311,2026-08-03 14:48:49-06:00,2026-08-03,-108.0547731605,39.0616326806,3068.0,,19.6,38.3,0.0,5.0,,,Sarcodon imbricatus,"Mesa County, US-CO, US",1
44bb7287-1f93-463f-a270-dc0cc251bb63,382092021,2026-07-15 09:53:00-06:00,2026-07-15,-105.867649124,35.6128337162,2406.0,,17.2,29.4,0.9,9.7,,,Sarcodon imbricatus,"New Mexico, US",1
2af3a300-944e-472d-9186-06409c29103a,376900804,2026-06-28 12:04:00-06:00,2026-06-28,-105.689792073,35.6830303767,2247.0,,15.6,32.2,0.0,11.3,,,Sarcodon imbricatus,"New Mexico, US",1
a09ed4b5-2b99-40cd-a3e4-f604895277b7,353631867,2025-08-14 11:22:33-06:00,2025-08-14,-105.6857943535,41.3479250857,2223.0,,11.0,30.0,0.0,14.9,,1022.4,Sarcodon imbricatus,"Bosler, WY 82070, USA",2
3dae20db-77e7-4ecd-98f0-868d281e27c6,344141682,2025-07-19 11:19:41-06:00,2025-07-19,-104.9864776559,38.902327046,2697.0,,13.3,30.3,2.6,11.0,,1011.8,Sarcodon imbricatus,"Pike and San Isabel National Forests, Cascade, CO, US",1
3625102b-8131-42ec-9f4b-213bbad64dd4,323026084,2021-08-24,2025-07-19,-107.926454097,38.9016478574,1902.0,,17.2,36.9,0.0,6.3,,1020.2,Sarcodon imbricatus,"Cedaredge, CO 81413, USA",1
42c29079-79f4-4b03-9295-14e106669c03,318957286,2025-10-05 10:56:01-06:00,2025-10-05,-105.5848616667,39.9842916667,3031.0,,-6.7,3.0,6.8,15.6,,1014.3,Sarcodon imbricatus,"Nederland, CO, US",1
8afd3000-1195-4338-9bca-77dc530efff2,311348552,2025-09-02 11:15:00-06:00,2025-09-02,-105.79545556,35.79550556,3326.0,,12.0,28.0,0.4,11.8,,1029.0,Hydnellum scabrosum,"Santa Fe, New Mexico, United States",2
02a423f3-59ea-4f7f-a562-1e17ee002eb9,310049875,2025-08-28 15:03:55-06:00,2025-08-28,-105.8006643534,35.7958618758,3166.0,,13.0,28.0,0.0,10.2,,1025.8,Sarcodon imbricatus,"Ski Santa Fe, Tererro, NM, US",1
51e63f28-d6fa-4a5a-8cc9-ecf875d88b52,309798422,2025-08-27 12:11:00-06:00,2025-08-27,-105.7999027778,35.7982611111,3249.0,,15.0,26.0,1.6,10.3,,1026.5,Sarcodon imbricatus,"Santa Fe County, NM, USA",2
5554f705-53a0-4ac8-bcc3-365cecd9697f,308565111,2022-09-07 10:33:00-06:00,2022-09-07,-105.5892555556,39.6530972222,3293.0,,5.8,17.7,0.3,4.3,,1024.9,Sarcodon imbricatus,"Clear Creek County, CO, USA",1
c3c4c91a-d272-4d5c-bacd-0f57d9991bc4,308078854,2025-08-14 12:31:45-06:00,2025-08-14,-105.4422383333,39.8796883333,2716.0,,22.0,34.0,0.2,8.2,,1016.6,Sarcodon imbricatus,"Golden Gate Canyon State Park, Black Hawk, CO, US",1
ed0ad961-9232-4175-a0a8-488c4136362d,307900761,2025-08-17 21:23:44-06:00,2025-08-17,-104.806230445,39.7483704615,1662.0,,17.2,31.1,0.0,10.3,,1012.5,Sarcodon imbricatus,"Colorado, US",1
3d743c40-25bf-4ffd-9d1c-a9135a79b6d1,307369458,2022-08-13 18:06:39-06:00,2022-08-13,-107.956483,37.775251,2926.0,,11.0,23.0,4.2,7.5,,1034.2,Sarcodon imbricatus,"E First St, Cortez, CO, US",1
d9806e2e-2cdf-4d13-ae86-fa0b4f436fa1,306375817,2025-08-14 11:51:07-06:00,2025-08-14,-107.9213203151,37.8503584567,3297.0,,14.0,23.0,1.2,9.1,,1030.5,Sarcodon imbricatus,"Colorado, US",2
9365507a-0026-43e9-9bca-21481d8bcbf9,305914703,2025-07-29 11:40:21-06:00,2025-07-29,-105.1826528206,38.9835882829,2746.0,,11.0,17.0,5.1,4.7,,1023.3,Sarcodon imbricatus,"Teller County, US-CO, US",1
98a7571b-8123-45f1-bf46-f968abb32da9,305373264,2025-08-08 18:37:43-06:00,2025-08-08,-105.6888434251,39.8624205866,3671.0,,5.0,14.7,0.0,18.7,,1017.0,Sarcodon imbricatus,"Colorado, US",1
7aaa3968-329b-4720-abb0-7299918c677f,305264305,2025-08-08,2025-08-08,-105.7777850702,39.7983193575,3454.0,,5.0,14.7,0.0,18.7,,1017.0,Sarcodon imbricatus,"Empire, CO 80438, USA",2
57ae4218-4a6d-4e7f-9526-dea5fa745e07,305089799,2025-08-09 10:54:53-06:00,2025-08-09,-105.4068829737,36.2004736523,3123.0,,1.9,27.0,0.0,9.5,,1027.7,Sarcodon imbricatus,"Forest Service Road 76, Vadito, NM, US",1
86662a51-bd2b-4560-acb8-0062b9426028,304866772,2025-08-08 09:37:48-06:00,2025-08-08,-106.3931115997,35.9216754997,2908.0,,20.9,32.5,0.8,13.7,,1025.1,Sarcodon imbricatus,"Los Alamos County, NM, USA",2
cf737311-a51a-44f3-9423-414b9cde4e79,304821170,2025-08-06 14:09:29-06:00,2025-08-06,-105.2148048916,39.4259571148,1950.0,,15.0,33.9,0.0,12.3,,1016.0,Sarcodon imbricatus,"Colorado, US",2
2a42ba1f-58f7-4292-b6b4-d84adf8a6083,304155270,2025-08-05 18:59:30-06:00,2025-08-05,-105.6615715465,39.9733917227,3303.0,,4.5,15.8,0.0,17.0,,1020.2,Sarcodon imbricatus,"Colorado, US",1
19fd225a-acde-4a39-9016-9d8ebb43b197,304154631,2025-08-05 18:32:48-06:00,2025-08-05,-105.695180518,39.9659997039,3484.0,,4.5,15.8,0.0,17.0,,1020.2,Sarcodon imbricatus,"Colorado, US",1
1e31855c-d8b2-43ac-b863-5a9be6c8e214,303895297,2025-08-03 12:33:43-06:00,2025-08-03,-105.597175,40.1829133333,3034.0,,4.2,25.5,0.0,9.6,,1031.2,Sarcodon imbricatus,"Rocky Mountain National Park, Ward, CO, US",1
89443497-5614-48cc-9340-f9cb03c784ba,302987609,2025-08-01 15:41:40-06:00,2025-08-01,-105.4990868,39.6908163,3162.0,,0.9,12.6,3.6,11.8,,1026.5,Sarcodon imbricatus,"Idaho Springs, CO 80452, USA",1
f5597f22-41b3-4c56-8d70-2716c86b7dbb,302639027,2025-07-23 14:53:06-06:00,2025-07-23,-105.7186423038,39.6109912077,3299.0,,3.2,12.3,2.8,11.6,,1019.5,Sarcodon imbricatus,"Guanella Pass Rd, Idaho Springs, CO, US",1
e9a45254-414e-4701-907a-09e821287cc4,302602394,2025-07-30 09:41:22-06:00,2025-07-30,-105.5907028,39.6564540997,3212.0,,2.1,13.4,7.8,9.4,,1025.5,Sarcodon imbricatus,"Golden, CO 80439, USA",2
d99ada5d-2f79-402d-9599-8a7a93dec1f6,302459750,2025-07-30 09:41:52-06:00,2025-07-30,-105.5907216667,39.6564416667,3212.0,,2.1,13.4,7.8,9.4,,1025.5,Sarcodon imbricatus,"Captain Mountain Trail, Evergreen, CO, US",1
addecf78-9d2e-47c1-8143-bc149644a89b,302296813,2025-07-27 17:39:21-06:00,2025-07-27,-107.8761916667,37.8226416667,3053.0,,10.0,24.0,0.0,11.2,,1033.0,Sarcodon imbricatus,"Ophir, CO 81426, USA",1
8ed19819-a7de-4676-b483-bcb479105cac,301926441,2025-07-25 10:15:00-06:00,2025-07-25,-105.8004083333,35.7987138889,3208.0,,11.7,31.7,0.0,10.7,,1013.9,Sarcodon imbricatus,"Santa Fe County, NM, USA",1
cc00719e-38e8-4ddd-a870-f3272cb76662,301922517,2025-07-25 10:33:21-06:00,2025-07-25,-105.61893408,39.9517072,2986.0,,1.8,14.6,2.0,10.6,,1020.4,Sarcodon imbricatus,"Boulder County, US-CO, US",1
4e8bede1-1db9-45fd-9414-9d6c79622893,301757732,2025-07-27 16:16:54-06:00,2025-07-27,-105.8722296246,35.7123963841,2545.0,,13.9,33.9,0.0,9.8,,1013.4,Sarcodon imbricatus,"New Mexico, US",1
c028b3da-342b-42b1-bd99-18238c9dee98,301675464,2025-07-27 11:57:51-06:00,2025-07-27,-105.5465081784,40.0541373137,3262.0,,17.0,37.0,0.0,6.7,,1020.3,Sarcodon imbricatus,"Colorado, US",1
7d5763e7-fb46-4e80-bdde-814d20937610,301665480,2025-07-26 10:24:17-06:00,2025-07-26,-105.5981818789,40.0790148349,3433.0,,6.3,26.2,0.1,9.3,,1027.9,Sarcodon imbricatus,"Colorado, US",1
bbae1731-6c8d-42aa-a4f7-03ad227e7e4c,301399551,2025-07-26 11:56:42-06:00,2025-07-26,-105.5905963627,40.1954463521,2826.0,,6.3,26.2,0.1,9.3,,1027.9,Sarcodon imbricatus,"Rocky Mountain, Rocky Mountain National Park, Boulder County, US-CO, US",1
6adff95e-61c3-4834-9485-d70587073c5c,301367967,2025-07-25 16:54:32-06:00,2025-07-25,-105.5234754546,40.1626797669,3006.0,,15.0,33.0,0.1,7.0,,1019.9,Sarcodon imbricatus,"Colorado, US",1
9972d199-2e27-473b-a8d1-4c6a74a27640,301367842,2025-07-25 16:41:52-06:00,2025-07-25,-105.5197594718,40.0826231513,2944.0,,15.0,33.0,0.1,7.0,,1019.9,Sarcodon imbricatus,"Colorado, US",1
1dfdeae7-a9e4-4ab6-93fd-2153893d1a96,301367621,2025-07-25 16:32:39-06:00,2025-07-25,-105.5406885668,40.0092272353,2917.0,,15.0,33.0,0.1,7.0,,1019.9,Sarcodon imbricatus,"Colorado, US",1
b57b2925-2143-4933-aef9-4a5d45510076,300790882,2025-07-23 12:11:19-06:00,2025-07-23,-105.7764830925,39.7994820285,3447.0,,3.2,12.3,2.8,11.6,,1019.5,Sarcodon imbricatus,"Colorado, US",1
2ae5d6a9-fd83-4a2d-827a-38c5969e29d7,300389832,2025-07-22 11:20:08-06:00,2025-07-22,-105.6264764965,39.9789890178,3300.0,,3.9,14.7,11.4,11.1,,1017.4,Sarcodon imbricatus,"Colorado, US",1
e667dc1d-0d5d-4455-8a0c-8d4d3976ba8b,299311593,2025-07-19 11:24:39-06:00,2025-07-19,-105.5520929,40.0713464997,3227.0,,17.0,31.0,0.8,3.5,,1019.1,Sarcodon imbricatus,"Nederland, CO 80466, USA",1
c08fdc98-5dc5-4127-8589-d2df8fbb06d1,299063466,2025-07-18 13:43:51-06:00,2025-07-18,-105.0493310166,37.8736509718,2905.0,,16.0,33.0,0.0,11.4,,1012.5,Sarcodon imbricatus,"Colorado, US",1
cf43b1d0-ce8c-4bea-8f3b-62ebc4207508,298480074,2025-07-15 13:41:25-06:00,2025-07-15,-105.3840033333,39.5656133333,2580.0,,2.6,15.0,0.7,14.6,,1017.9,Sarcodon imbricatus,"Carol Ln, Conifer, CO, US",1
3959c250-c1d3-40cb-a5c2-b6b0a725f3b7,297799900,2025-07-13 16:42:33-06:00,2025-07-13,-105.1614861667,38.9458966667,2790.0,,11.4,30.5,0.0,12.3,,1015.3,Sarcodon imbricatus,"Grandview Dr, Divide, CO, US",2
1b25b77f-1fb7-4da1-aa22-7a94ceae59ac,297524427,2025-07-11 17:39:53-06:00,2025-07-11,-104.8472362288,38.650244475,2036.0,,13.4,29.5,1.6,14.6,,1013.8,Sarcodon imbricatus,"Colorado, US",1
9370852a-88e0-4522-9c1f-6c1e367b24b6,297115028,2025-07-11 13:36:34-06:00,2025-07-11,-105.011905767,39.0468160469,2804.0,,10.3,28.4,2.5,14.6,,1013.1,Sarcodon imbricatus,"El Paso County, US-CO, US",2
27cb0c64-1aa2-43ef-bfa2-baf333420942,296582321,2025-07-09 11:43:19-06:00,2025-07-09,-105.3836966667,39.5685216667,2576.0,,3.3,17.9,0.2,10.3,,1021.7,Sarcodon imbricatus,"Black Mountain Dr, Evergreen, CO, US",2
777e759c-6ebd-4900-9ea7-20afb0aa6812,295507067,2025-07-05 11:47:07-06:00,2025-07-05,-105.52881017,40.13095114,2681.0,,17.0,34.0,3.9,8.9,,1022.5,Sarcodon imbricatus,"Boulder County, US-CO, US",1
f2b270bd-7099-452f-9fe2-6b72bf888d50,291819998,2022-08-05 15:08:55-06:00,2022-08-05,-107.6645058766,37.8119403505,2841.0,,14.0,24.0,2.3,7.2,,1032.0,Sarcodon imbricatus,"Silverton, CO 81433, USA",1
9022126c-93ca-47d4-84f4-9aad92723faa,272497489,2024-08-10 14:30:00-06:00,2024-08-10,-108.0722969832,37.40243744,3190.0,,14.4,26.7,,8.4,,1020.2,Sarcodon imbricatus,"Mancos, CO, US",1
426a59d7-f0a8-4630-a3a1-b85638d26362,267420992,2024-07-20 10:40:04-06:00,2024-07-20,-107.9430166667,37.8002383333,3145.0,,14.0,21.0,2.1,7.5,,1034.4,Sarcodon imbricatus,"San Juan National Forest - Headquarters, Dolores, CO, US",1
4d0a03af-75ab-4466-9f88-248a6ed063f5,267420908,2024-07-20 10:48:40-06:00,2024-07-20,-107.9433883333,37.8002466667,3145.0,,14.0,21.0,2.1,7.5,,1034.4,Sarcodon imbricatus,"San Juan National Forest - Headquarters, Dolores, CO, US",1
3956794d-a7b2-4d19-b855-ab2bd1c21439,267288977,2024-07-20 11:12:50-06:00,2024-07-20,-107.9444283333,37.800555,3181.0,,14.0,21.0,2.1,7.5,,1034.4,Sarcodon imbricatus,"San Juan National Forest - Headquarters, Dolores, CO, US",1
12c60f2f-b56e-4230-bd9f-84459fe19220,267207919,2024-08-27 12:40:43-06:00,2024-08-27,-107.5918583333,38.176645,2836.0,,2.8,21.0,,9.1,,,Sarcodon imbricatus,"Grand Mesa Uncompahgre and Gunnison National Forests, Ridgway, CO, US",1
4331da45-affd-4d4c-885c-3cf676f5243b,261886696,2022-08-07 08:43:05-06:00,2022-08-07,-107.9848649869,39.0396314111,3140.0,,19.0,36.4,0.0,10.0,,1021.5,Sarcodon imbricatus,"Grand Mesa Uncompahgre and Gunnison National Forests, Cedaredge, CO, US",1
2e9009dc-be73-4953-8d03-e81bd77acc61,259725928,2024-08-17 11:00:01-06:00,2024-08-17,-105.67388,39.8837616667,3115.0,,2.2,17.0,0.1,11.0,,1021.7,Sarcodon imbricatus,"South Boulder Creek Trail, Black Hawk, CO, US",1
76c925d5-ef18-44bd-be4c-53c705190533,254216099,2022-08-13 12:33:00-06:00,2022-08-13,-105.1265533467,38.8561495702,3147.0,,16.3,31.3,0.0,6.9,,1015.2,Sarcodon imbricatus,"S of the Craigs CG, Teller County, CO, USA",2
b7d10208-de87-47d5-8d50-0ce413c773fa,254214067,2022-08-13 09:03:00-06:00,2022-08-13,-105.1265533467,38.8561495702,3147.0,,16.3,31.3,0.0,6.9,,1015.2,Sarcodon imbricatus,"S of the Craigs CG, Teller County, CO, USA",2
4b95d745-f75b-4c42-98f3-2b96ca873cf8,247819796,2024-10-17 10:18:39-06:00,2024-10-17,-107.4856465717,40.1664292005,2973.0,,2.2,16.7,,20.5,,1005.0,Sarcodon imbricatus,"Colorado, US",1
dfc28175-b833-42ad-84a7-9918e532146b,246958468,2022-08-19 09:58:48-06:00,2022-08-19,-107.8585666667,37.87978,3275.0,,10.0,17.0,7.5,3.4,,1030.0,Sarcodon imbricatus,"Grand Mesa Uncompahgre and Gunnison National Forests, Ophir, CO, US",2
476a479f-fa8f-44e8-ad9b-e883511688d2,244824154,2024-09-24 09:06:02-06:00,2024-09-24,-106.3293083333,38.3157383333,3176.0,,2.0,12.0,0.0,18.3,,1037.5,Sarcodon imbricatus,"Grand Mesa Uncompahgre and Gunnison National Forests, Saguache, CO, US",1
4bc06ed5-918a-4f12-a799-442db39b6014,244435855,2024-09-27 14:39:05-06:00,2024-09-27,-105.6014033333,40.06815,3253.0,,2.4,22.7,0.0,5.0,,1030.2,Sarcodon imbricatus,"Jean Lunning Trail, Ward, CO, US",2
b846cd01-761c-404e-90cf-3eacf4799242,244429924,2024-09-13 15:49:26-06:00,2024-09-13,-107.9491139722,39.0602129722,3355.0,,11.7,26.9,0.0,13.2,,1010.4,Sarcodon imbricatus,"Cedaredge, CO 81413, USA",1
aa6ae7b5-33b6-4777-8800-a05d5e090a54,244428896,2024-09-11 10:04:06-06:00,2024-09-11,-107.286574,39.9926159722,2877.0,,,,,,,,Sarcodon imbricatus,"Garfield County, US-CO, US",2
fe6d17fd-52fd-4268-96e3-60fb6c0b80f0,244428661,2024-09-11 09:45:57-06:00,2024-09-11,-107.286568,39.992752,2877.0,,,,,,,,Sarcodon imbricatus,"Garfield County, US-CO, US",2
d32c590c-7c06-492d-a699-c1a2e2f208a3,243452335,2024-09-21 10:05:25-06:00,2024-09-21,-106.5798285976,39.5817363116,2446.0,,2.8,22.8,11.3,7.6,,1011.0,Sarcodon imbricatus,"Edwards, CO 81632, USA",1
24af4adc-b6b0-4b04-88e0-6f3329cbd094,242412116,2024-08-16 11:13:58-06:00,2024-08-16,-106.131675,39.5779583333,2939.0,,12.0,19.0,0.5,20.3,,1039.7,Sarcodon imbricatus,"White River National Forest, Silverthorne, CO, US",1
3ab4801c-fcbf-45a1-9394-12ea90e47aaa,242121310,2024-09-15 14:50:40-06:00,2024-09-15,-105.5679380894,39.9495238837,2643.0,,-1.6,11.6,4.9,9.5,,1017.5,Sarcodon imbricatus,"Eldora, CO 80466, USA",3
50f20608-3cab-4ea0-9d2f-c9164c4fd148,241770439,2024-09-14 12:32:37-06:00,2024-09-14,-105.0234709741,38.9955872638,2863.0,,9.7,29.1,0.0,15.2,,1011.1,Sarcodon imbricatus,"Colorado, US",1
b6a1a3c4-0f13-4488-8296-239028614faa,240942098,2024-08-16 11:08:33-06:00,2024-08-16,-107.7072906494,37.725189209,3300.0,,12.0,25.0,0.0,11.9,,1033.2,Sarcodon imbricatus,"San Juan County, US-CO, US",1
d6ec3bf2-e2c4-4b22-96d6-4260842e14db,240876835,2024-09-08 16:41:38-06:00,2024-09-08,-106.30922984,38.88197668,3410.0,,1.2,19.1,1.2,7.2,,1020.7,Sarcodon imbricatus,"Chaffee County, US-CO, US",2
12e2752a-8479-4c22-a65d-7737a39a5836,240858582,2024-09-08 16:05:00-06:00,2024-09-08,-108.0615444444,37.8831416667,2907.0,,10.0,20.0,0.3,8.9,,1032.5,Sarcodon imbricatus,"San Miguel County, CO, USA",3
1bfa0951-138f-484a-8c56-326501d75a92,240779213,2024-09-07 16:00:29-06:00,2024-09-07,-106.363975,39.2407,2947.0,,1.1,21.1,0.0,9.0,,1019.8,Sarcodon imbricatus,"Mt. Massive Golf Club, Leadville, CO, US",1
eef15e3a-264b-43e0-80c7-cf2f88918733,240689309,2024-09-07 18:27:04-06:00,2024-09-07,-105.8949265723,39.4207454375,3172.0,,1.1,21.1,0.0,9.0,,1019.8,Sarcodon imbricatus,"Pike and San Isabel National Forests, Jefferson, CO, US",2
04ca3552-8f64-4aa5-919b-d23ba0be2780,240666885,2024-09-08 12:36:26-06:00,2024-09-08,-107.7364016667,37.8594666667,3506.0,,10.0,20.0,0.3,8.9,,1032.5,Sarcodon imbricatus,"San Juan County, US-CO, US",2
40a6a2b5-c9ce-46bd-9566-ee731d3bd0ec,240183559,2024-09-05 12:09:56-06:00,2024-09-05,-105.778253,39.812285,3333.0,,-2.7,7.1,3.6,11.7,,1032.4,Sarcodon imbricatus,"Winter Park, CO 80482, USA",1
b3c9219b-7326-492d-8649-cdffa93d5f7d,239874032,2024-09-04 11:24:08-06:00,2024-09-04,-105.7881852,39.8089358,3422.0,,0.9,12.8,6.8,9.1,,1025.2,Sarcodon imbricatus,"Winter Park, CO 80482, USA",3
714ed794-1417-4f30-a9f4-3adc9cc5a555,239873515,2024-09-04 10:50:08-06:00,2024-09-04,-105.7850655997,39.8101625997,3391.0,,0.9,12.8,6.8,9.1,,1025.2,Sarcodon imbricatus,"Winter Park, CO 80482, USA",1
ffcdc7e2-ad75-4e40-b5a8-9e5dc9a462ba,239834786,2024-09-04 12:08:27-06:00,2024-09-04,-105.7824728194,39.8098810419,3362.0,,0.9,12.8,6.8,9.1,,1025.2,Sarcodon imbricatus,"Winter Park, CO, US",2
b6db5249-5eab-4332-8d10-2c5677218279,239814620,2024-09-04 10:31:44-06:00,2024-09-04,-105.7844745824,39.8100847151,3391.0,,0.9,12.8,6.8,9.1,,1025.2,Sarcodon imbricatus,"Winter Park, CO, US",3
73d866d3-3704-440a-a276-3c8ce4430516,239603381,2024-09-01 17:58:18-06:00,2024-09-01,-106.821355021,39.5450306271,3074.0,,7.2,29.4,,6.4,,1018.2,Sarcodon imbricatus,"Colorado, US",2
904c883c-9e45-4549-8725-f7e83cfb09a0,239603159,2024-08-30 11:09:18-06:00,2024-08-30,-105.6352805556,40.1592388889,3221.0,,,,,4.0,,,Sarcodon imbricatus,"Allenspark, CO 80510, USA",2
bcf175e1-cd79-4d7d-bb80-c7dca8586ab6,239555158,2024-09-02 14:50:18-06:00,2024-09-02,-108.0570170092,39.0081318824,3257.0,,16.1,32.8,0.0,11.9,,1015.7,Sarcodon imbricatus,"Mesa County, US-CO, US",2
44384432-4343-403e-aa0d-5a3662e50461,239554909,2024-08-31 14:13:43-06:00,2024-08-31,-106.4706375388,39.0796278344,3379.0,,2.2,23.3,,7.8,,1021.2,Sarcodon imbricatus,"Colorado, US",1
2db9d1cb-f539-42a6-a7d4-c0a2e7965ac8,239508803,2024-08-29 20:15:49-06:00,2024-08-29,-107.2868283333,39.7488166667,3252.0,,7.2,27.8,,9.3,,1015.1,Sarcodon imbricatus,"White River National Forest, Gypsum, CO, US",2
5c01d976-c249-4e06-a3ec-eb5698ccc59f,239096584,2024-08-31 12:14:20-06:00,2024-08-31,-106.0638971667,39.3615216667,3517.0,,2.2,23.3,,7.8,,1021.2,Sarcodon imbricatus,"Pike and San Isabel National Forests, Alma, CO, US",1
9b867d43-f62a-4e83-86ca-eb57ab8fc881,239050709,2024-08-31 13:17:57-06:00,2024-08-31,-106.5728722222,39.3673444444,3182.0,,2.2,23.3,,7.8,,1021.2,Sarcodon imbricatus,"Basalt, CO 81621, USA",1
7145346d-5212-4c42-8f9e-6b58edc0c007,238842322,2024-08-24 17:33:49-06:00,2024-08-24,-108.0547120675,37.444108652,3447.0,,12.8,22.8,,9.3,,1021.1,Sarcodon imbricatus,"Colorado, US",1
26445d1f-9dcf-4188-bc08-598e44bdf1e7,238802448,2017-08-19 09:46:00-06:00,2017-08-19,-105.5216651,40.3772059,2308.0,,12.0,36.3,,8.3,,,Sarcodon imbricatus,"Estes Park, CO 80517, USA",1
02d029b4-8f86-4c38-a72a-321e2a7b697e,238151706,2024-08-26 13:43:26-06:00,2024-08-26,-107.9852753849,39.0394226732,3142.0,,13.8,28.4,0.0,10.6,,1019.7,Sarcodon imbricatus,"Delta County, US-CO, US",1
d01a8350-b9a4-4e43-927f-fa76fa4eed65,237974313,2024-08-24 14:42:17-06:00,2024-08-24,-105.5452416667,39.60928,2795.0,,2.9,14.4,4.3,14.6,,1021.5,Sarcodon imbricatus,"Mount Evans Wilderness, Evergreen, CO, US",2
be6ed3e0-ad96-41c8-94fa-237eb8a45001,237787508,2024-08-24 12:45:00-06:00,2024-08-24,-105.1444453,38.0341104,3006.0,,19.2,33.4,0.0,18.3,,1013.2,Sarcodon imbricatus,"Custer County, CO, USA",1
651d94d3-200c-4967-9aeb-9a8097843f13,237774934,2024-08-24 14:17:00-06:00,2024-08-24,-105.7711261243,39.8266738139,3374.0,,2.9,14.4,4.3,14.6,,1021.5,Sarcodon imbricatus,"Berthoud Pass Grand County, CO, USA",4
88205d64-33b8-428a-aa35-2248df48f911,393982623,2026-08-23 12:52:38-06:00,2026-08-23,-105.7706,39.5729472222,3384.0,,,,,,,,Russula rhodocephala,"Dillon, CO 80435, USA",1
5cbcd63d-47ae-4103-88a5-c8e38aee7f5e,393110025,2026-08-06 16:40:22-06:00,2026-08-06,-107.5441361111,39.8315583333,3065.0,,11.7,36.1,0.0,3.8,,,Russula brevipes,"Meeker, CO 81641, USA",1
4ed11e6b-691d-47bf-97f2-672b5bc61b45,390999257,2026-08-11 15:52:18-06:00,2026-08-11,-106.6697166667,35.9564783333,2507.0,,16.4,30.9,0.8,7.4,,,Russula decolorans,"Rio Cebolla Trail, Jemez Springs, NM, US",1
05d0aab7-7d4a-483b-b1c9-5e5aa885f22e,390976897,2026-08-13 15:10:48-06:00,2026-08-13,-107.8821989722,37.832348,2966.0,,10.0,17.0,1.8,2.9,,,Hypomyces luteovirens,"Ophir, CO 81426, USA",1
85f2c4f4-f799-4c2e-8181-d26dc705590e,390703856,2026-08-12 13:34:52-06:00,2026-08-12,-106.729039953,35.9568868628,2639.0,,17.9,30.4,0.1,7.9,,,Russula brevipes,"Sandoval County, US-NM, US",1
55249f04-e7c5-4142-a1b7-d4edb06a6a27,390678976,2026-08-08 14:13:43-06:00,2026-08-08,-106.5373616667,35.821255,2575.0,,16.7,31.2,6.0,7.8,,,Russula olympiana,"Jemez National Recreation Area, Jemez Springs, NM, US",1
a0a498b7-be84-44c1-bb61-e8a4afb6cfd6,390675910,2026-08-08 14:03:32-06:00,2026-08-08,-106.5357666667,35.820245,2584.0,,16.7,31.2,6.0,7.8,,,Russula brevipes,"Jemez National Recreation Area, Jemez Springs, NM, US",1
76a68e2b-266c-40b3-8975-f190cf7e5811,390673288,2026-08-12 12:00:36-06:00,2026-08-12,-105.7854659,39.8101332997,3399.0,,5.0,13.0,7.9,8.2,,,Russula brevipes,"Winter Park, CO 80482, USA",1
06cb3342-4576-4ac1-a3d3-3d479e36fbdf,390487322,2026-08-11 15:11:00-06:00,2026-08-11,-105.8576346206,39.700041112,3138.0,,6.0,14.0,4.6,9.4,,,Russula montana,"Clear Creek County, CO, USA",2
222e0871-f473-4069-8105-e072da2c3cb1,390459020,2026-08-11 16:49:43-06:00,2026-08-11,-105.7841743,39.8101809997,3391.0,,6.0,14.0,4.6,9.4,,,Russula montana,"Winter Park, CO 80482, USA",1
65bd5d45-500d-48de-99fe-cec40c3dd68c,389158130,2026-08-05 09:39:04-06:00,2026-08-05,-107.7347820997,37.7262744396,3102.0,,12.0,26.0,0.0,5.4,,,Russula,"San Juan County, CO, USA",1
803cf38f-d745-4107-889d-34be76f14cc6,388269339,2026-08-01 13:10:00-06:00,2026-08-01,-105.4067049683,36.1373447097,2802.0,,8.7,24.1,2.7,3.2,,,Russula brevipes,"New Mexico, US",1
63aeef0f-0e16-4cc6-8e00-ce3db6709623,387275904,2026-08-01 11:00:42-06:00,2026-08-01,-105.5311269923,36.12340618,2677.0,,14.5,29.6,2.4,11.8,,1019.3,Russula brevipes,"Taos County, US-NM, US",1
258e69f9-7085-4733-bc22-3f5f4d16806d,387267783,2026-08-01 11:30:06-06:00,2026-08-01,-105.43889978,36.1100573129,2948.0,,8.7,24.1,2.7,3.2,,,Russula decolorans,"Taos County, US-NM, US",1
f4e40351-a4f4-410e-8e0b-9665b7a1f1ea,387267695,2026-08-01 11:24:47-06:00,2026-08-01,-105.4389235875,36.1101062041,2948.0,,8.7,24.1,2.7,3.2,,,Russula decolorans,"Taos County, US-NM, US",1
d37a2bc4-bca7-474b-b8b2-a26733b48db9,387262175,2026-08-01 09:46:42-06:00,2026-08-01,-105.5246450485,36.1336271634,2606.0,,8.7,24.1,2.7,3.2,,,Russula brevipes,"Taos County, US-NM, US",1
30059d1b-b341-46b5-8662-5ddfb6aedf31,386990975,2026-07-31 11:16:16-06:00,2026-07-31,-105.5157679315,36.1142052465,2945.0,,6.7,27.5,5.7,3.9,,,Russula decolorans,"Vadito, NM, US",1
e2153c7d-8cd7-4eb3-9dc3-2c5889e07c29,383455279,2010-08-14 15:32:00-06:00,2010-08-14,-105.763062,39.891654,2757.0,,16.0,27.0,,7.2,,,Russula aeruginea,Winter Park Co,2
762b38c5-af5b-4d1f-be95-513073733d17,382123112,2026-07-15 11:30:00-06:00,2026-07-15,-105.9311216448,35.6279054702,2168.0,,17.2,29.4,0.9,9.7,,,Russula fragilis,"New Mexico, US",2
f337c484-0398-410a-8a5a-38b8dd3064ee,382120505,2026-07-15 11:16:00-06:00,2026-07-15,-105.9371038275,35.6470601548,2139.0,,17.2,29.4,0.9,9.7,,,Russula montana,"New Mexico, US",1
fc1cd285-fbb7-46ab-accc-e9fe92a53c3b,382091283,2026-07-14 14:50:00-06:00,2026-07-14,-105.8131273305,35.7153339592,2866.0,,18.3,29.4,3.8,8.7,,,Russula fragilis,"New Mexico, US",2
4a33d755-4792-4784-83d4-6def3cc8f8fb,363523635,2024-08-07 12:27:05-06:00,2024-08-07,-107.7750166667,37.92755,2758.0,,12.0,25.0,4.3,5.6,,1033.6,Russula,"Telluride, CO, US",2
015c942d-46b6-4ef2-b476-0906983fb8a7,350625720,2024-09-28 10:24:00-06:00,2024-09-28,-105.6121631999,36.18951507,2566.0,,12.8,24.0,0.0,14.5,,1024.0,Russula xerampelina,"Taos, New Mexico, United States",1
a3356807-439e-4d1f-88e9-18d203ef3233,343765301,2025-08-17 16:03:32-06:00,2025-08-17,-107.846925,37.7952383333,3316.0,,8.0,23.0,0.1,9.2,,1031.8,Russula sanguinea,"Grand Mesa Uncompahgre and Gunnison National Forests, Ophir, CO, US",1
200cd1a0-2291-4dd9-9f25-35fbf20a0f97,332088407,2025-10-18 17:08:03-06:00,2025-10-18,-105.3395783333,40.000694445,2019.0,,2.0,16.0,0.0,12.2,,1017.0,Russula brevipes,"Boulder, CO, US",1
c2f30366-8977-44b6-b04c-ec59f71c2482,324014013,2025-08-07 12:00:00-06:00,2025-08-07,-105.030735,39.104601,2822.0,,14.5,34.0,0.0,18.4,,1013.4,Russula sp. 'Woo69',"Pike and San Isabel National Forests, Woodland Park, CO, US",3
db906a7a-3740-46f2-9bdd-33fa6af85aa7,321916217,2025-10-19 11:32:07-06:00,2025-10-19,-106.6317770259,35.8752009558,2360.0,,6.0,19.0,0.0,7.1,,1025.6,Russula avellaneiceps,"Sandoval County, US-NM, US",1
3bf9854a-5cd6-4ad7-860b-dc94d52c6175,320590933,2025-10-09 15:27:59-06:00,2025-10-09,-104.894005,38.7896533333,2168.0,,10.3,24.7,0.0,6.1,,1019.5,Russula brevipes,"Pike and San Isabel National Forests, Colorado Springs, CO, US",1
cec0d85d-bca1-4a90-838e-d6d47af8e920,317418942,2025-09-28 13:01:41-06:00,2025-09-28,-107.1674633706,38.7573145492,3022.0,,8.0,18.0,0.9,11.7,,1026.2,Russula sp. 'Woo40',"Gunnison County, US-CO, US",1
fa558070-85fb-4b3b-a808-9967dc02689f,317415976,2025-09-28 13:53:33-06:00,2025-09-28,-107.0965491652,38.7036558465,2937.0,,8.0,18.0,0.9,11.7,,1026.2,Russula sp. 'zelleri-CO01',"Gunnison County, US-CO, US",2
77910a71-4ccd-4697-aad4-967f4ae191e2,317156014,2025-09-27 13:13:25-06:00,2025-09-27,-106.7036160423,35.9434704864,2519.0,,12.0,17.0,0.5,9.2,,1024.2,Russula brevipes,"Sandoval County, US-NM, US",1
35238188-9a4d-4a9b-adf4-dd06b8a3911d,317150953,2025-09-27 16:17:09-06:00,2025-09-27,-104.8851027778,38.7466194444,2456.0,,15.0,24.0,0.0,15.1,,1023.4,Russula sp. 'CO04',"Colorado Springs, CO 80906, USA",2
98bf6788-d8ee-44d3-81bf-f7d7f773cd25,316597011,2025-09-24 11:49:00-06:00,2025-09-24,-105.80642778,35.79455556,3112.0,,6.0,22.0,0.0,11.8,,1029.1,Russula turci,"Santa Fe, New Mexico, United States",1
b867ea63-4c93-4d0c-a5f1-1d2d11718edf,316594217,2025-09-24 10:30:00-06:00,2025-09-24,-105.81081389,35.77390556,2979.0,,6.0,22.0,0.0,11.8,,1029.1,Russula densifolia dilatoria,"Santa Fe, New Mexico, United States",3
e995f000-77ba-4cec-9a11-4e8b3f42ae97,316119153,2025-09-23 11:57:00-06:00,2025-09-23,-105.801445,35.7901466667,3207.0,,8.0,26.0,0.0,16.5,,1022.9,Hygrophorus russula,"Santa Fe National Forest, Tererro, NM, US",1
fbfe8edf-33a3-4ddb-b427-cd50fcda791b,315935604,2025-09-22 10:38:49-06:00,2025-09-22,-105.8071828312,39.4831265146,3015.0,,-2.6,8.6,4.3,11.7,,1017.1,Russula gracilis,"Park County, US-CO, US",1
f0337fca-9e8c-46cd-a6ea-b5b802165ee6,315415291,2025-09-20 18:57:54-06:00,2025-09-20,-106.5768533333,35.825605,2506.0,,11.0,25.0,0.2,9.3,,1024.8,Russula brevipes,"E Fork Trail, Jemez Springs, NM, US",1
f3d27831-8ef8-4221-8a60-07995af70546,315317845,2025-09-20 12:17:51-06:00,2025-09-20,-105.3048633333,39.4656866667,2436.0,,11.0,25.0,1.2,8.5,,1021.1,Russula integra,"S Baird Rd, Conifer, CO, US",1
e40552b5-1d9a-4eb9-afda-ef3877d43b5e,315317556,2025-09-20 12:12:18-06:00,2025-09-20,-105.3048083333,39.466045,2436.0,,11.0,25.0,1.2,8.5,,1021.1,Russula decolorans,"S Baird Rd, Conifer, CO, US",1
81760c08-32aa-4f86-93b1-a60bfa8576a7,315315400,2025-09-20 11:43:54-06:00,2025-09-20,-105.306105,39.46645,2436.0,,11.0,25.0,1.2,8.5,,1021.1,Russula decolorans,"S Baird Rd, Conifer, CO, US",1
702f82d0-aeac-4669-aabf-40f25b20b866,314611793,2025-09-16 12:22:00-06:00,2025-09-16,-105.79563056,35.80215833,3385.0,,11.0,28.0,0.1,10.4,,1025.9,Russula sierrensis,"Santa Fe, New Mexico, United States",1
506d8f7d-e5b9-49fd-b41a-75b1906f7cc5,313950529,2025-09-13 17:42:37-06:00,2025-09-13,-105.0390319722,39.1122970556,2851.0,,8.5,22.0,2.7,10.3,,1018.5,Russula sp. 'pseudodecolorans',"Woodland Park, CO 80863, USA",1
1178e4d7-9f4b-4478-8ba5-2d7fba72c55b,313946136,2025-09-13 16:50:14-06:00,2025-09-13,-105.0412445,39.1125144722,2855.0,,8.5,22.0,2.7,10.3,,1018.5,Russula sp. 'pseudodecolorans',"Woodland Park, CO 80863, USA",1
36291a45-b50a-4e21-9e96-eb582198abdc,313676778,2025-09-13 15:18:06-06:00,2025-09-13,-106.3964732997,35.8968096997,2858.0,,12.0,16.0,2.0,7.4,,1022.8,Russula sp. 'Woo69',"Los Alamos County, NM, USA",1
461c0941-12f8-410e-8883-f2882d6d282b,313229654,2025-09-11 10:27:00-06:00,2025-09-11,-105.80507778,35.79590556,3198.0,,13.0,28.0,0.0,21.1,,1025.2,Russula aeruginea,"Santa Fe, New Mexico, United States",1
bf98677b-0e28-4294-bc31-d6720211180a,312785277,2025-09-08 10:20:00-06:00,2025-09-08,-105.81051667,35.77363611,2979.0,,9.0,28.0,0.0,9.0,,1025.2,Russula sp. 'Woo69',"Santa Fe, New Mexico, United States",1
61240629-961b-48ce-8428-be231820f840,312390251,2025-09-07 17:19:27-06:00,2025-09-07,-104.9205625246,38.7903866356,2503.0,,14.0,23.0,1.8,9.6,,1025.2,Russula sp. 'IN116',"Colorado, US",1
b5efd0a5-8910-4b66-be7a-16dbbcdae5c8,312298854,2025-09-07 11:24:29-06:00,2025-09-07,-105.5020370278,39.4057540833,2440.0,,1.8,15.6,0.8,11.2,,1020.5,Russula sp. 'zelleri-CO01',"Bailey, CO 80421, USA",2
bc53b150-9bff-4168-9531-8c3cdaaa7dc7,312047870,2025-09-06 13:10:15-06:00,2025-09-06,-105.03157123,39.18142195,2772.0,,8.0,22.0,0.0,13.7,,1023.9,Russula sp. 'pseudodecolorans',"Sedalia, CO 80135, USA",2
c24e3eb9-f785-4891-a51f-669247ec7c9c,312047835,2025-09-06 12:56:29-06:00,2025-09-06,-105.03161945,39.18176849,2772.0,,8.0,22.0,0.0,13.7,,1023.9,Russula decolorans,"Douglas County, US-CO, US",1
4e741cfc-41db-4d06-84d1-152040adc41e,312047810,2025-09-06 12:54:54-06:00,2025-09-06,-105.03160068,39.18164417,2772.0,,8.0,22.0,0.0,13.7,,1023.9,Russula sp. 'pseudodecolorans',"Douglas County, US-CO, US",1
beddbf0c-be13-4d1f-a1a8-9fe40e60e874,312047784,2025-09-06 12:53:37-06:00,2025-09-06,-105.03153328,39.18168683,2772.0,,8.0,22.0,0.0,13.7,,1023.9,Russula sp. 'pseudodecolorans',"Douglas County, US-CO, US",1
59145c35-748a-45ea-b2fb-4aa4dcfe75c8,312047755,2025-09-06 12:51:47-06:00,2025-09-06,-105.0314758,39.181616,2772.0,,8.0,22.0,0.0,13.7,,1023.9,Russula sp. 'pseudodecolorans',"Douglas County, US-CO, US",1
03f26a89-9146-4535-8f80-4cea69cf9384,312047684,2025-09-06 12:38:25-06:00,2025-09-06,-105.03145544,39.18140884,2772.0,,8.0,22.0,0.0,13.7,,1023.9,Russula gracilis,"Douglas County, US-CO, US",2
4566316a-11e6-4eb0-8236-5586885870f9,312047664,2025-09-06 12:35:09-06:00,2025-09-06,-105.03101317,39.1816207,2781.0,,8.0,22.0,0.0,13.7,,1023.9,Russula gracilis,"Douglas County, US-CO, US",2
5cddb1a7-6681-4466-b7fd-e6cd67d921de,312047485,2025-09-06 10:59:03-06:00,2025-09-06,-105.04597559,39.18907289,2716.0,,8.0,22.0,0.0,13.7,,1023.9,Russula sp. 'Woo69',"Douglas County, US-CO, US",1
d1e7966a-1b41-4ac8-85a6-bd2d6a2eb774,312047428,2025-09-06 10:56:49-06:00,2025-09-06,-105.04586037,39.18889314,2716.0,,8.0,22.0,0.0,13.7,,1023.9,Russula sp. 'pseudodecolorans',"Douglas County, US-CO, US",1
7bcc2e87-d4fd-4317-8143-61efd4e62354,312047278,2025-09-06 10:38:07-06:00,2025-09-06,-105.04651303,39.18977224,2723.0,,8.0,22.0,0.0,13.7,,1023.9,Russula sp. 'pseudodecolorans',"Douglas County, US-CO, US",1
298226e3-114e-462c-8dfa-21a6b9b59b63,311845600,2025-09-05 18:32:20-06:00,2025-09-05,-104.8234304865,38.6438967742,1962.0,,9.0,17.0,1.7,15.7,,1022.3,Russula brevipes acrior,"Colorado, US",2
2d73d2cc-28e3-443e-80f2-90455b4b6378,311166210,2025-08-30 10:53:48-06:00,2025-08-30,-107.9726595179,39.0374198587,3113.0,,13.0,31.0,0.0,8.5,,1024.1,Russula montana,"Grand Mesa Uncompahgre and Gunnison National Forests, Cedaredge, CO, US",1
6eb2df0d-ccde-4994-9bad-a109560b8f5a,310919972,2025-09-01 16:59:04-06:00,2025-09-01,-105.6541781112,35.8164278076,2593.0,,12.0,27.0,0.0,12.5,,1029.0,Russula claroflava,"San Miguel County, US-NM, US",1
da46506d-8182-4ccf-af0d-e10f9f3f4f1a,309797567,2025-08-27 11:49:00-06:00,2025-08-27,-105.801575,35.79803056,3208.0,,15.0,26.0,1.6,10.3,,1026.5,Russula olivina,"Santa Fe, New Mexico, United States",2
3d737227-6e12-489b-a033-51ec524f68e7,309619547,2025-08-27 11:32:23-06:00,2025-08-27,-105.7190477103,39.6082748812,3389.0,,0.6,10.6,2.1,12.8,,1022.3,Russula montana,"Clear Creek County, US-CO, US",2
4aeb3974-e9ba-4d3d-abd8-a5f009baba1b,309446967,2011-08-05 13:28:00-06:00,2011-08-05,-107.9144340966,40.0373249426,1904.0,,8.0,28.0,,6.9,,1014.8,Russula decolorans,"Main St, Meeker, CO, US",1
35a9b86f-9207-4136-b6b0-9ec86cf23b7d,309413368,2025-08-26 13:48:35-06:00,2025-08-26,-104.9441170997,38.7370418,3031.0,,13.0,15.0,3.2,9.6,,1027.7,Russula aeruginea,"Manitou Springs, CO 80829, USA",2
613b3210-0ddc-4574-a265-8bcab0aef552,309118841,2025-08-23 14:44:05-06:00,2025-08-23,-105.8084716667,35.7702616667,2958.0,,17.2,28.9,,17.2,,1016.3,Russula brevipes,"Santa Fe County, US-NM, US",1
b71d5977-c199-4294-b591-d978483d7c2d,308908925,2025-08-24 12:18:27-06:00,2025-08-24,-105.1227278333,38.8724283333,3085.0,,14.0,24.0,0.8,9.7,,1026.2,Russula adusta,"Pike and San Isabel National Forests, Divide, CO, US",1
23f3f5f9-1189-43f9-8e17-bdfa32483fe2,308862646,2025-08-24 12:48:00-06:00,2025-08-24,-105.0201384102,38.8866121109,2793.0,,12.3,25.6,3.8,7.3,,1017.8,Russula aeruginea,"Colorado, US",1
5f711a64-fd66-41ed-a0e8-f6d5dd2a36be,308712556,2025-08-20 20:05:10-06:00,2025-08-20,-105.51384596,39.84536881,2792.0,,0.7,16.0,0.0,12.5,,1024.8,Hypomyces luteovirens,"Gilpin County, US-CO, US",3
3a06adbb-c7d4-4ee0-980a-3d9695c4dc50,308568660,2025-08-20 20:09:28-06:00,2025-08-20,-105.5137983997,39.8453599997,2792.0,,0.7,16.0,0.0,12.5,,1024.8,Hypomyces luteovirens,"Black Hawk, CO 80422, USA",2
f58bc22f-a509-4920-963b-e380ff33cf70,308359883,2025-08-22 15:26:01-06:00,2025-08-22,-104.8896902096,38.7015684429,2355.0,,16.0,28.0,1.1,18.0,,1027.6,Hypomyces luteovirens,"Colorado, US",1
ff9a997a-1c85-42fa-a595-bf66990c0440,308107753,2025-08-01 11:12:38-06:00,2025-08-01,-105.8000162108,35.796340337,3166.0,,13.9,30.0,0.0,10.5,,1020.9,Russula aeruginea,"US-285 N, Santa Fe, NM, US",1
b79bc2b0-0706-4fa7-a36d-dea810590440,307976981,2025-08-20 20:06:14-06:00,2025-08-20,-105.5138466667,39.8453666667,2792.0,,0.7,16.0,0.0,12.5,,1024.8,Hypomyces luteovirens,"Black Hawk, CO, US",1
0ef13f47-721c-44bc-b6a8-059a7ce13249,307875959,2025-08-20 15:01:08-06:00,2025-08-20,-105.8060525927,35.791559948,3135.0,,14.4,31.1,0.0,16.2,,1017.5,Russula claroflava,"Winsor Trail, Tererro, NM, US",1
8da200ea-149a-40be-9f41-30dfb13f14a9,307831361,2025-08-20 15:03:37-06:00,2025-08-20,-105.50148183,39.8425949,2842.0,,0.7,16.0,0.0,12.5,,1024.8,Russula sp. 'AK01',"Black Hawk, CO 80422, USA",2
e8255f32-5efe-4d7a-a97e-11056c8c7d1c,307782817,2025-08-20 11:16:33-06:00,2025-08-20,-105.7848398997,39.809995,3391.0,,0.7,16.0,0.0,12.5,,1024.8,Russula montana,"Winter Park, CO 80482, USA",1
654c2e77-a62c-4aa6-80b7-cbd3fc677d71,307270689,2025-08-17 18:11:43-06:00,2025-08-17,-105.3368916667,39.3420633333,2242.0,,5.1,21.0,0.0,5.4,,1017.6,Russula decolorans,"Pike and San Isabel National Forests, Bailey, CO, US",1
6d1b8737-eae4-4ab4-bd8e-fa4f5001a2c0,307190432,2025-08-17 17:44:35-06:00,2025-08-17,-105.6246310072,39.8225298871,3314.0,,3.0,12.0,0.3,10.6,,1021.6,Russula sp. 'Woo13',"Colorado, US",1
1e27c9fb-2eb8-4dac-a88f-801a70ce87ae,307170782,2025-08-17 13:50:59-06:00,2025-08-17,-105.8026808737,35.7980358528,3202.0,,13.3,31.1,0.0,12.2,,1012.5,Russula olympiana,"Tererro, NM, US",3
0a3e5cc0-9704-4e60-ae3a-793fc31157b0,307154394,2025-08-15 10:35:00-06:00,2025-08-15,-104.891905591,38.6359180177,2082.0,,22.0,32.0,0.0,11.1,,1022.2,Russula brevipes,"Rock Creek, Colorado Springs, CO, USA",1
05f3c5bb-53fb-4a03-83d5-1b9097a3a374,307007027,2025-08-16 13:00:31-06:00,2025-08-16,-105.6975722222,39.7440361111,2751.0,,3.0,9.0,7.4,8.5,,1021.8,Russula decolorans,"Empire, CO 80438, USA",1
222a3b81-8356-47a2-9e5c-df9bb8b2ad1a,306639076,2025-08-15 10:35:46-06:00,2025-08-15,-104.8919169,38.63582645,2082.0,,22.0,32.0,0.0,11.1,,1022.2,Russula brevipes,"El Paso County, US-CO, US",1
f1ae50a3-c38e-4109-90ba-be92376351d8,306621502,2025-08-15 12:57:41-06:00,2025-08-15,-105.3817033333,39.1754666667,2500.0,,12.0,21.0,2.3,7.0,,1016.4,Russula sp. 'Woo69',"Jefferson County, US-CO, US",1
9b6d2a2b-3b54-4214-b2a7-7787c3220361,306621376,2025-08-15 12:15:29-06:00,2025-08-15,-105.3800183333,39.1746,2494.0,,12.0,21.0,2.3,7.0,,1016.4,Russula smithii,"Jefferson County, US-CO, US",4
b9ff9a38-bf29-4e79-bc99-2fd57be48627,306621288,2025-08-15 12:06:41-06:00,2025-08-15,-105.3793116667,39.1746883333,2494.0,,12.0,21.0,2.3,7.0,,1016.4,Russula sierrensis,"Jefferson County, US-CO, US",1
4bc1b53a-78d1-4f29-9a43-55328349dd4f,306621249,2025-08-15 12:02:28-06:00,2025-08-15,-105.379505,39.1745616667,2494.0,,12.0,21.0,2.3,7.0,,1016.4,Russula sierrensis,"Jefferson County, US-CO, US",1
a11ec86e-a0a4-4ce2-a8af-cc8a76a41bc3,306484918,2025-08-14,2025-08-15,-107.8668638604,37.8111663896,3087.0,,11.0,21.0,6.4,5.8,,1031.4,Russula montana,"San Miguel County, CO, USA",3
99904a6b-17ed-4814-86fe-9291127d7705,306289285,2025-08-13 10:16:52-06:00,2025-08-13,-107.8737793842,37.806811484,3144.0,,13.0,26.0,0.0,8.0,,1031.2,Russula montana,"Ophir, CO, US",2
d2e19ac2-ee82-409c-beab-33d612080bab,306177002,2025-08-04 17:59:13-06:00,2025-08-04,-105.7998593991,35.797239407,3238.0,,12.2,33.9,0.0,12.4,,1012.8,Russula xerampelina,"Tererro, NM, US",1
999fc018-cec5-4f4b-9e65-85e53cbab1a0,306112326,2025-08-13 11:22:37-06:00,2025-08-13,-107.8735416667,37.8075027778,3144.0,,13.0,26.0,0.0,8.0,,1031.2,Russula montana,"Ophir, CO 81426, USA",1
21ab1a7b-cb33-4a8b-9312-556bf15af89b,305553157,2025-08-11 09:37:12-06:00,2025-08-11,-105.4435142742,36.6069370306,3159.0,,5.0,22.5,0.5,8.0,,1029.0,Russula sp. 'Woo46',"Carson National Forest, Taos, NM, US",2
30e8cc79-bbf2-4e8e-9dfb-5f71a245c1f9,305341871,2025-08-06 12:21:25-06:00,2025-08-06,-105.8052960719,39.6913287136,2999.0,,4.1,16.5,0.0,14.8,,1024.2,Russula montana,"Bakerville W, Silver Plume, CO, US",2
c4b2c3ad-cd7e-462e-8b20-c3be36309915,305341785,2025-08-06 12:21:13-06:00,2025-08-06,-105.8052960719,39.6913287136,2999.0,,4.1,16.5,0.0,14.8,,1024.2,Russula montana,"Bakerville W, Silver Plume, CO, US",2
d304db84-c07d-4c46-a54a-2138bdb04824,305274513,2025-08-10 00:03:00-06:00,2025-08-10,-105.0060108436,39.0315404008,2829.0,,14.3,24.8,3.4,12.2,,1014.4,Russula smithii,"El Paso County, CO, USA",1
9f118d5c-3f95-4865-ade4-b7c842749b26,305126920,2025-08-09 16:47:44-06:00,2025-08-09,-105.3806290997,39.5232555997,2866.0,,1.4,12.0,0.2,16.5,,1018.8,Russula montana,"Pine Junction Area, CO, USA",2
b54b0332-1a04-4837-8079-e96adfe10c83,305125892,2025-08-09 17:45:15-06:00,2025-08-09,-105.3899205997,39.5172251997,2739.0,,1.4,12.0,0.2,16.5,,1018.8,Russula brevipes,"Pine Junction Area, CO, USA",2
a900f671-d324-4427-89f8-0964ab4bb993,304867986,2025-08-08 09:15:26-06:00,2025-08-08,-106.3931788997,35.9102985,2884.0,,20.9,32.5,0.8,13.7,,1025.1,Russula sp. 'CA05',"Los Alamos County, NM, USA",2
0e8ea309-bf40-4c8e-a420-fdfb49c701cb,304867765,2025-08-08 09:13:11-06:00,2025-08-08,-106.393062,35.9100875997,2884.0,,20.9,32.5,0.8,13.7,,1025.1,Russula olympiana,"Los Alamos County, NM, USA",2
bf38e71a-9855-4abb-908e-1501001c0620,304619025,2025-08-07 11:18:08-06:00,2025-08-07,-105.0286416667,39.1219,2813.0,,14.5,34.0,0.0,18.4,,1013.4,Russula sp. 'Woo69',"Pike and San Isabel National Forests, Woodland Park, CO, US",2
0182c676-ffe8-4487-8778-3b8580b301ee,304589695,2025-08-07 10:46:06-06:00,2025-08-07,-105.0288611667,39.1206695,2827.0,,14.5,34.0,0.0,18.4,,1013.4,Russula sp. 'Woo69',"Saylor Park Road, Woodland Park, CO, US",2
91a1825f-3e5e-4be6-8079-3faf65c0085b,392733804,2026-08-11 16:08:00-06:00,2026-08-11,-105.8577,39.7,3138.0,,6.0,14.0,4.6,9.4,,,Lactarius pubescens,"Clear Creek County, CO, USA",1
6951d4fe-9774-407e-a9e6-20a72bdfb463,390674255,2026-08-12 10:30:15-06:00,2026-08-12,-105.7830766,39.8102116,3362.0,,5.0,13.0,7.9,8.2,,,Lactarius luculentus,"Winter Park, CO 80482, USA",1
1a6214b3-a89e-4346-973a-5e2b3d4470d2,389437430,2026-08-07 12:16:23-06:00,2026-08-07,-110.8184771804,40.7289857376,3235.0,,,,,,,,Lactarius deliciosus,"Utah, US",1
b2dc63b2-7604-4f79-97d9-508bfbf8fc31,388639700,2026-08-05 11:15:44-06:00,2026-08-05,-105.7192692997,39.6082991,3389.0,,5.0,16.0,0.0,18.5,,,Lactarius olympianus,"Dillon, CO 80435, USA",1
afcc7cb1-2b5a-4488-9149-b16da390d352,387096360,2026-07-29 13:14:28-06:00,2026-07-29,-107.7703333333,37.7104033333,3194.0,,12.0,25.0,10.3,4.2,,,Lactarius badiosanguineus,"San Juan National Forest - Headquarters, Silverton, CO, US",1
93863d61-1c99-4b33-a724-febdf1b9b9e9,382705652,2026-07-18 11:02:25-06:00,2026-07-18,-104.9770984354,38.7977606542,3548.0,,20.3,29.6,0.0,4.5,,,Lactarius badiosanguineus,"Colorado, US",1
a33a3592-8746-4eff-bb1a-4b2abf0c3d15,382094769,2026-07-15 10:36:00-06:00,2026-07-15,-105.8179904415,35.7933071774,3023.0,,17.2,29.4,0.9,9.7,,,Lactarius badiosanguineus,"New Mexico, US",2
2334df47-70dd-42f2-8d3d-3a5c0656a96b,380500405,2026-07-11 11:10:01-06:00,2026-07-11,-105.7988883333,35.7933666667,3198.0,,18.9,33.9,0.0,11.7,,,Lactarius rufus,"NM-475, Tererro, NM, US",1
2d9acf1a-0c92-44cc-91a3-b732c48f608f,378511344,2026-06-30 13:23:00-06:00,2026-06-30,-105.9871404732,35.6362857962,2047.0,,15.6,31.1,0.0,10.7,,,Lactarius rufus,"New Mexico, US",1
561ea22c-06c2-4fb3-b17c-5536369d0361,340084904,2024-08-31 19:13:11-06:00,2024-08-31,-103.8399542845,44.1506911031,1820.0,,,,,9.2,,,Lactarius deliciosus,"Black Hills National Forest, Lead, SD, US",2
38a4d59e-5e25-4590-a6f1-66ae01ae6b37,340077618,2024-07-23 18:32:41-06:00,2024-07-23,-103.4988185303,43.9412411585,1501.0,,12.2,30.0,0.0,7.8,,1016.9,Lactarius indigo,"Black Hills National Forest, Keystone, SD, US",3
ac359696-6ad3-42ea-9dc0-00eb5df0aa04,327562233,2025-09-13,2024-07-23,-103.6258906871,44.0482673082,1640.0,,12.2,30.0,0.0,7.8,,1016.9,Lactarius rufus,"Rochford, SD 57745, USA",2
036e4106-4651-49db-a7eb-80c0e4ed5acb,326835952,2025-08-15 11:13:28-06:00,2025-08-15,-105.0984111667,38.8840133333,3222.0,,14.6,31.8,0.0,13.0,,1010.9,Lactarius badiosanguineus,"Pike and San Isabel National Forests, Woodland Park, CO, US",1
1d018868-5a25-437d-96f2-c622cf1bd4d4,325911118,2018-08-12,2025-08-15,-105.6392233014,39.4957521521,3800.0,,7.0,12.0,4.9,7.8,,1019.5,Lactarius rubrilacteus,"Colorado, US",1
f766b6e8-2afa-447e-84e6-21266dbc7fab,324557753,2025-08-18 18:20:00-06:00,2025-08-18,-105.3992472222,36.2313777778,3411.0,,2.0,25.8,0.4,6.1,,1031.3,Lactarius deterrimus,"Mora County, NM, USA",1
68ded645-d4e8-4c8a-819a-4c362af7e33a,323146856,2019-08-16,2025-08-18,-105.7793319828,39.5712888435,3433.0,,5.8,13.4,0.3,8.9,,1022.9,Lactarius rubrilacteus,"Colorado, US",1
52b15c17-8e5a-436d-9696-c4d4e8f1cc06,321300256,2025-10-05 11:39:06-06:00,2025-10-05,-105.5834883333,39.9850916667,3031.0,,-6.7,3.0,6.8,15.6,,1014.3,Lactarius badiosanguineus,"Nederland, CO, US",4
16af21c5-fd60-4618-b13e-280a6b1b9044,321286328,2025-08-29 12:00:12-06:00,2025-08-29,-105.776141882,39.8224875145,3341.0,,-0.8,10.0,4.8,10.1,,1023.3,Lactarius repraesentaneus,"Winter Park, CO, US",1
0a79f6da-c3e3-41ca-92dc-4b3464ba0e38,316180702,2025-09-21 17:23:53-06:00,2025-09-21,-104.8779533333,38.829395,1952.0,,14.0,21.0,0.0,6.1,,1019.2,Lactarius pseudodelicatus,"Bear Creek Rd, Colorado Springs, CO, US",2
34c1cdb5-d455-42e9-9178-885dcbd7fb6c,315935850,2025-09-22 12:39:14-06:00,2025-09-22,-105.8079574246,39.4833078813,3015.0,,-2.6,8.6,4.3,11.7,,1017.1,Lactarius rufus,"Park County, US-CO, US",2
e1c979ea-09ec-4ae0-9999-e1b4b5d12f8f,315911354,2025-09-22 12:40:31-06:00,2025-09-22,-105.8079608444,39.4833316929,3015.0,,-2.6,8.6,4.3,11.7,,1017.1,Lactarius helvus,"Grant, CO, US",2
5d88d0fb-ac26-4eb9-919d-6c920802edd3,315412969,2025-09-20 16:18:16-06:00,2025-09-20,-104.9170293562,38.95512228,2779.0,,7.0,21.0,0.3,9.9,,1022.6,Lactarius sanmiguelensis,"Colorado, US",4
5007f8d7-3974-48e3-831c-3efff146f208,315352298,2025-09-19 11:23:00-06:00,2025-09-19,-105.80255,35.77021667,3080.0,,11.0,25.0,0.0,10.8,,1023.8,Lactarius pubescens,"Santa Fe, New Mexico, United States",2
a719a39e-6e1d-43e8-9589-72a4347f5f81,314897137,2019-08-14 17:58:00-06:00,2019-08-14,-103.7186361111,44.2992361111,1793.0,,12.0,23.0,,10.3,,,Lactarius indigo,"Lawrence County, SD, USA",1
49913f46-2de1-48a1-8926-10392f373a5b,314619676,2025-09-16 14:35:00-06:00,2025-09-16,-105.80145278,35.79899167,3208.0,,11.0,28.0,0.1,10.4,,1025.9,Lactarius alnicola,"Santa Fe, New Mexico, United States",1
57089a63-0641-436e-9982-5567b9c4294c,314605343,2025-09-16 12:11:00-06:00,2025-09-16,-105.79626389,35.80199444,3319.0,,11.0,28.0,0.1,10.4,,1025.9,Lactarius sp. 'deterrimus-AZ01',"Santa Fe, New Mexico, United States",3
135099ea-f54e-41bc-b132-6fde02ace82f,314583977,2025-09-16 17:19:06-06:00,2025-09-16,-104.9140278805,38.7167361337,2541.0,,13.7,25.0,0.0,11.8,,1024.2,Lactarius chelidonium,"Colorado, US",1
6734435b-b870-4df7-ac7c-0ef5ed4f3c33,314258555,2025-09-07 11:45:00-06:00,2025-09-07,-105.38371509,36.5654028517,3311.0,,3.0,22.0,0.3,13.5,,1031.1,Lactarius rufus,"Taos County, NM, USA",1
cdb00775-675a-4369-a989-08d8d9126ccb,313951573,2025-09-13 17:57:50-06:00,2025-09-13,-105.0385970833,39.1119995,2851.0,,8.5,22.0,2.7,10.3,,1018.5,Lactarius sp. 'montanus-CA01',"Woodland Park, CO 80863, USA",2
d4e45548-c804-45d2-a0c3-62dd2d3837f3,313641149,2025-09-13 13:02:30-06:00,2025-09-13,-105.0654930997,40.4958985997,1508.0,,14.0,24.0,1.5,8.0,,1017.2,Lactarius deliciosus,"Fort Collins, CO 80525, USA",1
5f7047f9-7af9-4246-a890-81005271f58e,312599497,2025-09-08 16:35:37-06:00,2025-09-08,-104.8195480936,38.7207161916,1860.0,,13.7,25.1,1.6,12.7,,1020.5,Lactarius barrowsii,"Colorado, US",1
8c0041f3-e7bf-42fc-a21a-6869a1e8dea5,311356029,2025-08-20 11:53:40-06:00,2025-08-20,-105.7865099609,39.8099399602,3399.0,,0.7,16.0,0.0,12.5,,1024.8,Lactarius badiosanguineus,"Winter Park, CO 80482, USA",1
641130d6-9639-4c13-8d9a-60865af79a72,310696449,2025-08-31 17:41:33-06:00,2025-08-31,-107.0356722032,38.8805254106,3208.0,,4.0,24.0,0.0,5.3,,1031.2,Lactarius olympianus,"Gunnison County, US-CO, US",1
537df841-5867-4723-b797-672b8a7078b5,310296746,2025-08-30 10:39:20-06:00,2025-08-30,-105.4997323997,39.6909514,3162.0,,-1.4,7.2,1.5,11.0,,1025.0,Lactarius badiosanguineus,"Idaho Springs, CO 80452, USA",1
7b4b1b60-36fe-49c7-8633-f50ad1227d2a,309417523,2025-08-26 14:59:44-06:00,2025-08-26,-104.94339052,38.73730247,3027.0,,13.0,15.0,3.2,9.6,,1027.7,Lactarius badiosanguineus,"Teller County, US-CO, US",1
ae74497f-a6f2-4b05-b325-5e0da1aaa0ef,309414397,2025-08-26 14:32:29-06:00,2025-08-26,-104.9498006,38.7419258997,3052.0,,13.0,15.0,3.2,9.6,,1027.7,Lactarius badiosanguineus,"Manitou Springs, CO 80829, USA",1
b5c0ec02-8e15-411c-934d-17e3010ef891,309154075,2025-08-25 20:13:28-06:00,2025-08-25,-105.7784823587,39.8185812673,3515.0,,0.9,11.3,8.4,9.3,,1023.9,Lactarius repraesentaneus,"Winter Park, CO, US",1
9d23003a-f1b7-4b8e-88b5-208b36f03496,308895666,2025-08-24 12:35:14-06:00,2025-08-24,-105.1199583333,38.8709716667,3105.0,,14.0,24.0,0.8,9.7,,1026.2,Lactarius badiosanguineus,"Pike and San Isabel National Forests, Cripple Creek, CO, US",1
33b6762d-cf96-4593-a863-a841dff76cb4,308579745,2025-08-11 14:02:04-06:00,2025-08-11,-105.4998033333,39.691625,3162.0,,0.6,11.0,0.1,7.1,,1022.1,Lactarius luculentus,"SH-103, Idaho Springs, CO, US",1
bb025b70-8f62-493c-bb73-cb30c1e15f72,308570588,2025-08-20 21:32:25-06:00,2025-08-20,-105.5083042011,39.8448548533,2842.0,,0.7,16.0,0.0,12.5,,1024.8,Lactarius controversus,"Black Hawk, CO 80422, USA",2
48e94b55-b53e-47e6-90cb-82da4908228a,308512268,2025-08-22 12:34:59-06:00,2025-08-22,-104.9605633333,38.7599333333,3157.0,,16.0,28.0,1.1,18.0,,1027.6,Lactarius repraesentaneus,"Forest Service Road 379, Victor, CO, US",3
9cf01ecf-6841-4dd3-ad47-55b865d583f2,308292660,2025-08-19 18:41:24-06:00,2025-08-19,-105.5045211858,39.6439024748,2559.0,,5.0,13.0,0.0,10.9,,1025.7,Lactarius repraesentaneus,"Colorado, US",1
51fa1e7b-1f45-4187-9a62-d5140b677133,307902944,2025-08-20 19:49:24-06:00,2025-08-20,-105.5130615,39.8446311944,2792.0,,0.7,16.0,0.0,12.5,,1024.8,Lactarius controversus,"Gilpin County, US-CO, US",1
fb58b9f6-48be-490e-a58b-1d7aec6743b0,307799408,2025-08-20 12:35:41-06:00,2025-08-20,-105.7811782997,39.8096966,3330.0,,0.7,16.0,0.0,12.5,,1024.8,Lactarius olympianus,"Winter Park, CO 80482, USA",1
e48a6284-cb56-4431-bf68-9e6a8df1828b,307717585,2025-08-16 11:46:49-06:00,2025-08-16,-107.8487866667,37.7955166667,3300.0,,11.0,21.0,2.7,5.8,,1032.0,Lactarius badiosanguineus,"Ophir, CO, US",1
00f8cf84-7f47-4d15-a749-fc2b1f368664,307365900,2025-08-16 11:03:58-06:00,2025-08-16,-107.8481472222,37.7953333333,3300.0,,11.0,21.0,2.7,5.8,,1032.0,Lactarius badiosanguineus,"Ophir, CO 81426, USA",2
82ca3e6d-157b-4d09-96f3-707730ee6048,307151513,2025-08-17 13:36:41-06:00,2025-08-17,-105.5270216667,40.0259666667,2813.0,,18.0,33.0,0.0,7.9,,1019.8,Lactarius montanus,"Nederland, CO, US",1
b90e0d72-e4d2-480a-8955-b972f635527c,307127178,2025-08-17 14:42:27-06:00,2025-08-17,-105.8020315879,35.798621615,3208.0,,13.3,31.1,0.0,12.2,,1012.5,Lactarius alnicola,"Tererro, NM, US",3
4620fdab-8189-4d92-9b1d-d113a074d4bb,306837068,2025-08-16 12:40:07-06:00,2025-08-16,-105.8010536064,35.7984964417,3208.0,,16.1,29.4,0.0,9.0,,1014.0,Lactarius sp. 'deterrimus-AZ01',"Tererro, NM, US",1
e1a9f023-709b-4585-a9bf-5e4e266e4e88,306621605,2025-08-15 13:29:18-06:00,2025-08-15,-105.3854766667,39.1774233333,2494.0,,12.0,21.0,2.3,7.0,,1016.4,Lactarius sp. 'deterrimus-AZ01',"Jefferson County, US-CO, US",2
b1165891-3c90-434b-9c94-d44d913662c9,305881911,2025-08-11 17:10:14-06:00,2025-08-11,-108.820525,42.7415777778,2049.0,,11.1,30.0,0.0,8.3,,1016.3,Lactarius sp. 'carbonicola-PNW12',"Sweetwater Station, WY 82520, USA",1
cf1e3597-4a7a-49fc-9e99-8bb8334838d7,305372318,2025-08-08 18:51:56-06:00,2025-08-08,-105.6629537545,39.8811501138,3455.0,,5.0,14.7,0.0,18.7,,1017.0,Lactarius badiosanguineus,"Colorado, US",2
cf4d5663-cf4e-4dc1-91da-4326a062e5a6,304642450,2025-08-07 19:51:36-06:00,2025-08-07,-106.3849984,35.8912344,2865.0,,20.1,30.3,0.7,9.7,,1029.7,Lactarius rubrilacteus,"Los Alamos County, NM, USA",2
ce9c6ad4-aae4-4dd5-b332-1d9bb8ace0a5,304592568,2025-08-06 14:20:19-06:00,2025-08-06,-105.0348979701,39.0999560479,2823.0,,16.4,33.9,0.0,15.0,,1015.4,Lactarius badiosanguineus,"Teller County, US-CO, US",2
288a319c-b49e-42a1-8e08-57c73256f31d,304592540,2025-08-06 14:18:48-06:00,2025-08-06,-105.0348979701,39.0999560479,2823.0,,16.4,33.9,0.0,15.0,,1015.4,Lactarius badiosanguineus,"Teller County, US-CO, US",2
5894528d-0eff-4fb0-8ae7-e7ae947cb4c0,304402320,2025-08-06 16:05:47-06:00,2025-08-06,-104.9093146605,39.0794558161,2213.0,,16.4,33.9,0.0,15.0,,1015.4,Lactarius sp. 'deterrimus-AZ01',"Colorado, US",2
66c464f1-de13-46ac-ab89-f017ab88dd02,304278785,2025-08-05 12:50:00-06:00,2025-08-05,-105.79671389,35.80116667,3319.0,,12.8,35.0,0.0,12.5,,1014.1,Lactarius deliciosus areolatus,"Santa Fe, New Mexico, United States",2
5245fb3b-e649-4bf1-a424-36272940ff03,303889726,2025-08-03 11:29:06-06:00,2025-08-03,-105.586525,40.1844783333,3095.0,,4.2,25.5,0.0,9.6,,1031.2,Lactarius deliciosus,"Confusion Junction-Pear Lake Trail, Ward, CO, US",1
4a0d6733-293a-41ea-93a9-fe689505733a,303531540,2025-08-02 11:46:56-06:00,2025-08-02,-105.033344916,37.8367000671,2649.0,,11.0,33.0,0.0,9.5,,1018.1,Lactarius sp. 'deterrimus-AZ01',"Colorado, US",2
985e8c69-2a21-420e-a698-3bb983dff661,303133475,2025-08-01 11:04:41-06:00,2025-08-01,-106.7495631427,39.2447156081,2714.0,,10.6,23.3,1.3,18.5,,1020.5,Lactarius deliciosus,"Snowmass, CO 81654, USA",2
bd4e7580-72fe-445a-a10e-e39ea72fa210,301931935,2025-07-25 12:32:00-06:00,2025-07-25,-105.8010027778,35.7980083333,3208.0,,11.7,31.7,0.0,10.7,,1013.9,Lactarius alnicola,"Santa Fe County, NM, USA",1
fb6b0642-ffae-4e77-a08a-4bdf8e0fb543,301720822,2025-07-27 12:09:33-06:00,2025-07-27,-105.0905150731,38.071757573,2719.0,,18.0,37.0,0.0,8.5,,1012.2,Lactarius badiosanguineus,"Colorado, US",1
fd5c16fa-bd77-469a-aa07-351aac01b025,299621665,2025-07-20 11:50:51-06:00,2025-07-20,-105.6621528566,35.9542194976,3598.0,,,,,,,,Lactarius deliciosus,"Cleveland, NM, US",1
5ac361ae-5105-414c-8461-198025a05c21,299423141,2025-07-19 11:26:39-06:00,2025-07-19,-104.6128900775,39.0371551947,2267.0,,14.2,30.3,3.0,11.7,,1023.9,Lactarius sp. 'CO01',"Colorado, US",2
6ee40805-bc9d-4ea4-9c59-d362d0b34487,299408210,2025-07-19 12:03:05-06:00,2025-07-19,-104.634147685,39.0228120621,2276.0,,14.2,30.3,3.0,11.7,,1023.9,Lactarius chelidonium,"Colorado, US",1
6a5e974e-0085-4a81-a1d5-6cd4b02f0796,299077196,2025-07-18 12:28:31-06:00,2025-07-18,-105.7941547163,35.7918159518,3277.0,,16.1,31.7,0.0,12.3,,1013.8,Lactarius deliciosus,"Santa Fe County, US-NM, US",1
46c94d0c-7d97-4589-a66d-e3765789764d,298912977,2025-07-17 09:58:14-06:00,2025-07-17,-103.5487583333,43.85117,2006.0,,8.3,17.2,1.6,7.8,,1017.1,Lactarius chelidonium,"Harney 9 South Trail, Custer, SD, US",1
46295e05-b28c-42df-90d4-b14b3919ae07,298754797,2025-07-15 12:46:00-06:00,2025-07-15,-105.79995,35.79677222,3238.0,,14.4,32.8,0.0,13.5,,1011.1,Lactarius sp. 'luculentus-CO01',"Santa Fe, New Mexico, United States",2
3142797e-b654-4efa-9ac5-18eecd49c4bd,297443041,2025-07-12 09:07:00-06:00,2025-07-12,-105.80480833,35.795925,3198.0,,19.4,28.3,1.5,21.8,,1011.6,Lactarius badiosanguineus,"Santa Fe, New Mexico, United States",1
87854e66-502c-445a-9c5f-e22fdfb47ca0,296656246,2025-07-08 12:34:00-06:00,2025-07-08,-105.79954444,35.79931389,3249.0,,16.1,34.4,0.0,14.2,,1016.0,Lactarius badiosanguineus,"Santa Fe, New Mexico, United States",2
8bf21465-2161-40fb-a872-3d65bd81c6f6,283780436,2024-08-17 12:29:05-06:00,2024-08-17,-105.3187087,41.2222255,2413.0,,13.4,28.2,0.0,16.2,,1015.9,Lactarius controversus,"Cheyenne, WY 82009, USA",1
a4f8c1b7-237b-4900-b5bb-3fb5008c07c6,280825177,2024-07-26 11:42:16-06:00,2024-07-26,-106.64515,35.828525,2068.0,,17.8,26.9,5.9,10.0,,1025.5,Lactarius alnicola,"Camp Shaver Ln, Jemez Springs, NM, US",1
5b7d46ea-087c-41a6-83eb-f9c372218df7,274741340,2022-08-17 08:49:00-06:00,2022-08-17,-106.0907666667,39.3859555556,3479.0,,7.2,16.1,,6.3,,1019.7,Lactarius deliciosus,"Summit County, CO, USA",1
1078a028-f9cc-40f9-a6b7-f730d1dfd064,247254901,2024-10-10 08:18:00-06:00,2024-10-10,-109.533129,38.6097,1281.0,,12.8,30.0,0.0,4.5,,1017.1,Lactarius pubescens,"Grandstaff Canyon, Utah 84532, USA",1
0dc4a7a8-ddaf-492b-afcf-d223d563eba2,244428413,2024-09-10 14:56:17-06:00,2024-09-10,-107.3559309722,40.0426509722,3100.0,,6.1,26.1,0.0,9.1,,1015.6,Lactarius deliciosus,"Rio Blanco County, US-CO, US",1
b221e8ef-1be1-4409-8202-c08dec871e33,244427021,2024-09-10 08:59:59-06:00,2024-09-10,-107.3228809722,40.053989,2610.0,,6.1,26.1,0.0,9.1,,1015.6,Lactarius deliciosus,"Rio Blanco County, US-CO, US",1
c8045746-44f2-4ff1-ad53-9b7353b9a76b,243212796,2024-09-21 15:53:10-06:00,2024-09-21,-106.1176305,39.6230883333,3048.0,,2.0,15.0,3.9,21.9,,1029.8,Lactarius deliciosus,"Summit County, US-CO, US",1
a68d5e02-fc52-4f5a-86c2-f5d94c7e44e4,241960590,2024-09-11 13:56:00-06:00,2024-09-11,-106.822061,41.019415,2545.0,,11.0,25.0,0.5,21.6,,1017.3,Lactarius montanus,"Carbon County, WY, USA",1
409470b6-da07-4600-bcd6-5ae1e7b94ae4,241242865,2024-09-11 22:19:21-06:00,2024-09-11,-107.7885054903,37.9215571644,3349.0,,10.0,20.0,2.6,7.8,,1024.4,Lactarius luculentus,"Grand Mesa Uncompahgre and Gunnison National Forests, Telluride, CO, US",2
693d3b5b-78ed-4f0f-b436-bd8b67a08d45,241137097,2024-09-11 11:22:08-06:00,2024-09-11,-105.1679163707,38.021775638,3236.0,,14.6,30.5,0.0,15.5,,1007.4,Lactarius deliciosus,"Custer County, US-CO, US",1
ad37759e-fc25-4a14-af4d-5e9154d3e340,241020218,2024-09-03 11:14:00-06:00,2024-09-03,-105.7996611111,35.8014194444,3269.0,,9.4,29.4,0.0,12.3,,1017.3,Lactarius controversus,"Santa Fe County, NM, USA",2
2d3f30ab-d223-47d7-a593-c675d67570b8,240556613,2024-09-06 12:37:55-06:00,2024-09-06,-105.2245516139,36.5269122536,2600.0,,3.9,20.9,0.0,2.9,,1036.8,Lactarius tabidus,"Cimarron Canyon State Park, Ute Park, NM, US",1
a384bac4-c68a-4d85-b01c-4dca54f93159,240459880,2024-09-07 14:59:36-06:00,2024-09-07,-105.1573671786,39.0924075905,2444.0,,1.8,16.3,1.4,8.9,,1022.6,Lactarius rubrilacteus,"Colorado, US",1
3cb9286d-43a8-47f1-99a5-f9b629b464a6,239874413,2024-09-04 11:34:29-06:00,2024-09-04,-105.7874898,39.8095161,3399.0,,0.9,12.8,6.8,9.1,,1025.2,Lactarius rufus,"Winter Park, CO 80482, USA",1
872a5435-f929-4ee0-ba6f-5dbffd4d6e28,239873841,2024-09-04 11:16:00-06:00,2024-09-04,-105.7872482389,39.8094526741,3399.0,,0.9,12.8,6.8,9.1,,1025.2,Lactarius olympianus,"Winter Park, CO 80482, USA",2
77dd1382-cbbf-45bf-b67c-daf3427a41da,239648830,2024-09-02 13:40:20-06:00,2024-09-02,-105.5052193254,40.0911279331,2844.0,,13.0,32.0,,6.1,,,Lactarius repraesentaneus,"Ward, CO 80481, USA",1
6f87e24e-454a-472c-b390-d72875a416a4,239071376,2024-08-29 13:34:00-06:00,2024-08-29,-105.7970666667,35.8008222222,3319.0,,15.6,28.9,0.0,12.1,,1014.3,Lactarius torminosus,"Santa Fe County, NM, USA",1
8d860499-5794-471d-8086-f108aa029ad7,237965012,2024-08-25 13:41:19-06:00,2024-08-25,-105.5560428,40.0696805997,3239.0,,15.0,31.0,0.2,6.2,,1015.3,Lactarius repraesentaneus,"Nederland, CO 80466, USA",1
75ed5b59-09de-4bd3-88b7-484a4f1808be,237765377,2024-08-24 16:40:23-06:00,2024-08-24,-105.6450361111,36.2508888889,2976.0,,12.8,28.9,,12.7,,1023.0,Lactarius controversus,"Ranchos De Taos, NM 87557, USA",1
eb459824-de28-4cb2-a45d-4380a47b1b86,237420009,2024-08-22 13:46:48-06:00,2024-08-22,-105.7426723145,39.8676074193,3010.0,,3.6,11.4,9.5,9.6,,1022.9,Lactarius sp. 'montanus-CA01',"Colorado, US",1
094b5f4e-f25f-4fed-9387-9f3e8ec02a33,237225503,2024-08-21 17:19:18-06:00,2024-08-21,-104.87881036,38.82904349,1955.0,,15.5,29.0,2.2,14.0,,1023.4,Lactarius sanmiguelensis,"Bear Creek Regional Park, Colorado Springs, CO 80906, USA",2
77e365b5-99d1-4ad1-920c-07773626911a,236816197,2024-08-18 10:43:00-06:00,2024-08-18,-105.8011944444,35.7994388889,3208.0,,16.1,33.3,0.0,13.0,,1014.2,Lactarius badiosanguineus,"Santa Fe County, NM, USA",1
d29923fa-91fe-4c45-9784-f91fe3f2a77f,236673286,2024-08-18 19:21:01-06:00,2024-08-18,-106.796225,37.48430916,3328.0,,8.0,17.0,1.4,12.9,,1043.3,Lactarius badiosanguineus,"Mineral County, US-CO, US",1
8164610e-c639-442b-b7ee-671b039bc672,236646059,2024-08-18 19:07:11-06:00,2024-08-18,-106.7965944444,37.4845388889,3328.0,,8.0,17.0,1.4,12.9,,1043.3,Lactarius badiosanguineus,"Mineral County, CO, USA",1
4d2378fb-12ea-4929-8c0e-e87e6b9642d4,236581931,2024-08-17 11:49:00-06:00,2024-08-17,-107.8554,37.88187,3347.0,,12.0,23.0,4.9,9.4,,1034.5,Lactarius badiosanguineus,"Grand Mesa Uncompahgre and Gunnison National Forests, Ophir, CO, US",1
d5a1a752-d978-4e31-91af-7ff50d61aae8,236400652,2024-08-16 15:11:06-06:00,2024-08-16,-105.8027006527,35.800927359,3288.0,,16.7,34.4,,11.2,,1012.5,Lactarius repraesentaneus,"Santa Fe National Forest, Tererro, NM, US",2
9969330c-f719-42d1-9c67-0b8a74442bf3,236399936,2024-08-17 13:28:46-06:00,2024-08-17,-107.8587283333,37.8801583333,3275.0,,12.0,23.0,4.9,9.4,,1034.5,Lactarius badiosanguineus,"Grand Mesa Uncompahgre and Gunnison National Forests, Telluride, CO, US",1
1f0b2d19-b1f7-43ef-bec9-796c2480861e,236399173,2024-08-17 13:45:53-06:00,2024-08-17,-107.8588466667,37.8804883333,3275.0,,12.0,23.0,4.9,9.4,,1034.5,Lactarius badiosanguineus,"Grand Mesa Uncompahgre and Gunnison National Forests, Telluride, CO, US",1
34382339-07a8-4ca2-a15b-30a2c9fe50b6,236390634,2024-08-17 13:18:03-06:00,2024-08-17,-107.8586666667,37.8802416667,3275.0,,12.0,23.0,4.9,9.4,,1034.5,Lactarius badiosanguineus,"Grand Mesa Uncompahgre and Gunnison National Forests, Telluride, CO, US",1
fe77cdc7-53e1-45b1-83b1-610f66c1dfbd,236213213,2024-08-16 14:00:56-06:00,2024-08-16,-107.9087133333,37.8135383333,3181.0,,12.0,25.0,0.0,11.9,,1033.2,Lactarius payettensis,"Grand Mesa Uncompahgre and Gunnison National Forests, Telluride, CO, US",1
a153f096-2b88-4ae4-a4aa-013baff96713,373654183,2026-06-04 11:14:00-06:00,2026-06-04,-105.8527462081,35.6828344156,2477.0,,6.7,28.3,0.1,8.2,,,Cortinarius subionophyllus,"New Mexico, US",1
13f44ddd-38f9-47da-a51d-bd04cb4b548b,325590316,2025-11-07 11:37:00-07:00,2025-11-07,-105.89698056,35.72718056,2284.0,,2.0,19.0,0.0,17.2,,1019.2,Cortinarius sp. 'NY20',"Santa Fe, New Mexico, United States",1
ca24c0a5-1052-49b8-99c6-d81331b8a9fc,325589270,2025-11-07 11:40:00-07:00,2025-11-07,-105.89693333,35.72722222,2284.0,,2.0,19.0,0.0,17.2,,1019.2,Cortinarius sp. 'NY20',"Santa Fe, New Mexico, United States",1
757f4e45-afee-415d-9b88-0f732292a37d,323298394,2025-10-24 13:18:00-06:00,2025-10-24,-105.91796944,35.68018056,2174.0,,3.0,16.0,0.4,13.7,,1019.2,Cortinarius sp. 'NY20',"Santa Fe, New Mexico, United States",1
5ac47834-4970-495b-a405-a7cf829209e8,323296709,2025-10-24 12:53:00-06:00,2025-10-24,-105.91764167,35.68023611,2174.0,,3.0,16.0,0.4,13.7,,1019.2,Cortinarius sp. 'NY20',"Santa Fe, New Mexico, United States",1
e29e5be3-3f48-42cd-90ba-c7296f6c05cb,317817182,2025-09-29 11:00:00-06:00,2025-09-29,-105.83391667,35.74768056,2709.0,,8.0,22.0,0.1,11.5,,1024.8,Cortinarius saturninus,"Santa Fe, New Mexico, United States",1
979fcd3e-3d2b-49ef-bf2d-53df996c45ea,315336142,2025-09-19 09:39:00-06:00,2025-09-19,-105.810425,35.773675,2979.0,,11.0,25.0,0.0,10.8,,1023.8,Thaxterogaster subporphyropus,"Santa Fe, New Mexico, United States",2
efc01dac-7e60-4490-8ba6-2ad4ead4285d,312216495,2025-09-06 12:28:12-06:00,2025-09-06,-105.0306195,39.1806079997,2779.0,,8.0,22.0,0.0,13.7,,1023.9,Cortinarius saniosus,"Sedalia, CO 80135, USA",2
1be9162a-80ac-441a-8b0f-057cf0ff261e,310392802,2025-08-30 11:46:59-06:00,2025-08-30,-104.9079895,38.7291908056,2644.0,,11.3,19.3,2.1,11.1,,1019.1,Cortinarius atrocaeruleus,"Rock Creek, Colorado Springs, CO, USA",1
98e5fccc-3c8b-4a37-a381-2802d1d175d0,308569747,2025-08-22 12:04:00-06:00,2025-08-22,-105.7952277778,35.8032583333,3385.0,,15.0,31.7,0.0,11.2,,1014.3,Cortinarius sp. 'CA29',"Santa Fe County, NM, USA",3
3eadbf33-8fc8-4ef0-b965-81b7743c0532,307784165,2025-08-20 11:23:00-06:00,2025-08-20,-105.7865600556,39.8098335,3399.0,,0.7,16.0,0.0,12.5,,1024.8,Cortinarius sp. 'PNW67',"Winter Park, CO 80482, USA",1
e9f1d2a0-ee59-4aa0-bc8f-940c6ee3c9f8,306621681,2025-08-15 14:10:05-06:00,2025-08-15,-105.37831,39.1745283333,2477.0,,12.0,21.0,2.3,7.0,,1016.4,Phlegmacium foetens,"Jefferson County, US-CO, US",1
ad253e5c-f173-4920-931f-e8b12d47b150,306482945,2025-08-14 11:42:00-06:00,2025-08-14,-107.87583056,37.81319722,3048.0,,14.0,23.0,1.2,9.1,,1030.5,Cortinarius bubulus,"San Miguel, Colorado, United States",2
0e872f08-70cc-4755-87a7-e3af9ac6446b,306106537,2025-08-13 11:18:13-06:00,2025-08-13,-107.8735833333,37.8074833333,3144.0,,13.0,26.0,0.0,8.0,,1031.2,Cortinarius citrinellus,"Ophir, CO 81426, USA",1
96b44a3e-3fb7-4e85-bb86-ba9e77e7f59d,305925446,2025-08-12 13:24:00-06:00,2025-08-12,-107.87356667,37.81059167,3077.0,,10.0,24.0,0.0,6.7,,1031.4,Cortinarius bubulus,"San Miguel, Colorado, United States",2
79a48247-214b-4785-8d9d-13e184b9b981,301928205,2025-07-25 11:05:00-06:00,2025-07-25,-105.7980583333,35.8008583333,3269.0,,11.7,31.7,0.0,10.7,,1013.9,Cortinarius ultimiionophyllus,"Santa Fe County, NM, USA",1
a013d7f1-127a-476c-9310-85675f61691d,297677764,2025-07-12 10:34:00-06:00,2025-07-12,-105.80176667,35.79889722,3208.0,,19.4,28.3,1.5,21.8,,1011.6,Cortinarius subionophyllus,"Santa Fe, New Mexico, United States",1
d3aeee52-f665-4902-9813-ed7867eaf9db,297196402,2025-07-11 17:50:42-06:00,2025-07-11,-104.96570958,38.6416887278,2811.0,,16.0,27.0,4.0,9.5,,1022.6,Thaxterogaster talimultiformis,"Colorado, US",2
8b267c9f-024f-4410-8720-6717ec77b17c,291647901,2025-06-21 15:11:49-06:00,2025-06-21,-105.0105027778,39.1779916667,2719.0,,17.5,33.6,0.0,16.9,,997.8,Cortinarius sp. 'PNW47',"Sedalia, CO 80135, USA",2
e7b545db-7c6f-4be3-82e9-e059b01beaa0,239882583,2024-09-04 13:11:47-06:00,2024-09-04,-107.994255,39.0053333333,2951.0,,15.1,31.1,0.0,11.0,,1016.9,Cortinarius raffinii,"Grand Mesa Uncompahgre and Gunnison National Forests, Cedaredge, CO, US",1
9658ed47-e262-4c24-911d-c55a8657a4a3,239882290,2024-09-04 14:15:49-06:00,2024-09-04,-107.9963,39.0060222167,2967.0,,15.1,31.1,0.0,11.0,,1016.9,Phlegmacium badiolatum,"Grand Mesa Uncompahgre and Gunnison National Forests, Cedaredge, CO, US",2
1bbec96b-8e2f-4cfb-affb-f2beefb99c85,237223581,2024-08-20 11:25:00-06:00,2024-08-20,-106.4005055556,38.8106694444,3524.0,,4.1,23.6,0.9,7.9,,1022.5,Cortinarius calopus,"Chaffee County, CO, USA",3
fa76e05b-e6ba-4272-ae3b-4a602003c30e,237223579,2024-08-20 11:27:00-06:00,2024-08-20,-106.4013277778,38.8111833333,3524.0,,4.1,23.6,0.9,7.9,,1022.5,Cortinarius citrinellus,"Chaffee County, CO, USA",3
ed91d111-28d3-4ab6-a3b3-810aaf9cbf07,236401876,2024-08-17 11:27:08-06:00,2024-08-17,-107.8547789474,37.8846860222,3338.0,,12.0,23.0,4.9,9.4,,1034.5,Cortinarius sp. 'CA29',"Grand Mesa Uncompahgre and Gunnison National Forests, Ophir, CO, US",1
a84b678f-d4fa-41e6-bfce-0648f8b52df1,236401270,2024-08-17 12:17:55-06:00,2024-08-17,-107.85533,37.8831966667,3347.0,,12.0,23.0,4.9,9.4,,1034.5,Calonarius subsulfurinus,"Grand Mesa Uncompahgre and Gunnison National Forests, Ophir, CO, US",1
22355ac8-6d9b-4943-bd97-9d8ed5f6c45d,236400013,2024-08-17 13:26:44-06:00,2024-08-17,-107.8587333333,37.8801166667,3275.0,,12.0,23.0,4.9,9.4,,1034.5,Cortinarius distortus,"Grand Mesa Uncompahgre and Gunnison National Forests, Telluride, CO, US",1
c29b83f2-dde2-4dcf-887e-c1b814e55e5a,236399632,2024-08-17 13:38:45-06:00,2024-08-17,-107.8586883333,37.8801633333,3275.0,,12.0,23.0,4.9,9.4,,1034.5,Thaxterogaster talimultiformis,"Grand Mesa Uncompahgre and Gunnison National Forests, Telluride, CO, US",1
3c4c29db-17ff-4353-beec-bafb5f9c01ff,236207389,2024-08-16 19:49:23-06:00,2024-08-16,-107.8079616667,37.9327283333,2702.0,,12.0,25.0,0.0,11.9,,1033.2,Cortinarius atrocaeruleus,"Grand Mesa Uncompahgre and Gunnison National Forests, Telluride, CO, US",3
36518796-23cf-450d-8346-9c7b3f665ca7,235048283,2024-08-10 22:53:00-06:00,2024-08-10,-105.0915916667,39.0419916667,2491.0,,12.8,23.7,2.9,11.1,,1018.8,Phlegmacium fulminoides,"Teller County, CO, USA",0
0f7211c8-a9ca-47bb-ac65-98d76281d4c8,234005254,2024-07-23 11:29:00-06:00,2024-07-23,-105.8048835347,35.7952577552,3124.0,,13.3,31.1,0.8,14.9,,1017.5,Cortinarius pallidostriatus,"Sangre de Christo Mountains, NM, USA",3
78c48850-ce42-4b93-afda-9f881ae83339,232992106,2024-07-31 15:00:13-06:00,2024-07-31,-107.3833305,38.1503642,3149.0,,,,,,,,Cortinarius nigrocuspidatus,"Grand Mesa Uncompahgre and Gunnison National Forests, Cimarron, CO, US",3
79316e99-9b77-4a46-8b03-e32540c11c4d,232991076,2024-07-31 14:17:57-06:00,2024-07-31,-107.3833305,38.1503642,3149.0,,,,,,,,Cortinarius rufulus,"Grand Mesa Uncompahgre and Gunnison National Forests, Cimarron, CO, US",2
2e0a8bcc-05f4-4470-ae53-007929f8a172,231341346,2024-07-23 13:41:44-06:00,2024-07-23,-107.6143416667,38.9595533333,2382.0,,15.6,34.9,0.0,10.0,,1014.6,Phlegmacium callimorphum,"Grand Mesa Uncompahgre and Gunnison National Forests, Paonia, CO, US",1
f9ae284e-48a8-49ec-8ce8-bf7d0889ebba,229816420,2024-07-16 15:47:31-06:00,2024-07-16,-107.5422678677,38.2460877643,2676.0,,16.7,31.7,0.0,12.1,,1014.4,Cortinarius coracis,"Grand Mesa Uncompahgre and Gunnison National Forests, Cimarron, CO, US",2
80f1cd1f-5e56-4205-bc96-775b3e082bfb,229815998,2024-07-16 17:39:47-06:00,2024-07-16,-107.5356793321,38.2309643813,2802.0,,16.7,31.7,0.0,12.1,,1014.4,Cortinarius sp. 'CA43',"Grand Mesa Uncompahgre and Gunnison National Forests, Cimarron, CO, US",3
b98c13b6-79ef-4cb1-8257-230e1c65a43e,228548545,2024-07-10 15:05:51-06:00,2024-07-10,-108.0098035659,39.0144952523,3101.0,,15.3,34.7,0.0,11.9,,1014.0,Cortinarius politus,"Grand Mesa Uncompahgre and Gunnison National Forests, Cedaredge, CO, US",1
665e6527-e3aa-44ec-a816-1c84c7e4b46e,228548149,2024-07-10 14:13:49-06:00,2024-07-10,-108.0098035659,39.0144952523,3101.0,,15.3,34.7,0.0,11.9,,1014.0,Calonarius subpurpureophyllus,"Grand Mesa Uncompahgre and Gunnison National Forests, Cedaredge, CO, US",1
cbe58592-f2da-45dc-ac20-9a6317e112ba,226810312,2024-07-02 14:53:34-06:00,2024-07-02,-107.9263945,38.894747,1882.0,,14.7,29.3,9.4,12.3,,1011.7,Cortinarius subbalaustinus,"SE Frontier Ave, Cedaredge, CO, US",1
b995bed1-671b-4f50-a09c-9b3257d13605,226020032,2024-06-29 11:23:45-06:00,2024-06-29,-105.0796673628,38.767060366,3189.0,,15.0,25.0,16.5,22.4,,1027.0,Cortinarius pallidostriatus,"Victor, CO, US",2
9155bc1b-8894-46f7-8b76-a19daec6d045,226016008,2024-06-29 11:15:06-06:00,2024-06-29,-105.0210571289,38.732772798,2876.0,,15.0,25.0,16.5,22.4,,1027.0,Cortinarius sp. 'CO01',"Manitou Springs, CO 80829, USA",2
f0f5398c-97b2-4079-bc12-cede3447c15b,198594015,2023-08-12 13:24:00-06:00,2023-08-12,-105.533573964,40.0318830956,2902.0,,17.0,28.0,0.0,8.5,,1019.7,Thaxterogaster fulvo-ochrascens,"County Road 116, Nederland, CO, US",2
f096c654-209b-422d-9a88-41a7b2b62971,178119580,2023-08-12 12:52:15-06:00,2023-08-12,-105.5383216667,40.0314528333,2945.0,,17.0,28.0,0.0,8.5,,1019.7,Cortinarius urbicus,"County Road 116, Ward, CO, US",4
ee730c69-e168-42df-934e-08e1ac3b2ec6,178114891,2023-08-12 12:12:40-06:00,2023-08-12,-105.5839,40.05115,3460.0,,7.6,22.4,1.2,6.2,,1029.1,Cortinarius paulus,"Ward, CO, US",1
0b46ca59-8708-4421-a96e-34ae42d5e752,178114426,2023-08-12 12:26:30-06:00,2023-08-12,-105.58393,40.05115,3460.0,,7.6,22.4,1.2,6.2,,1029.1,Cortinarius cinnamomeoluteus,"Ward, CO, US",2
43ca4813-bb0f-4937-b1df-f8eac82b3a7b,178114225,2023-08-12 12:29:49-06:00,2023-08-12,-105.5838783333,40.0511638333,3460.0,,7.6,22.4,1.2,6.2,,1029.1,Cortinarius paulus,"Ward, CO, US",1
41f9c7a9-fc28-454c-a4df-39a1a1ec401e,178114106,2023-08-12 12:55:20-06:00,2023-08-12,-105.5809333333,40.0483333333,3385.0,,7.6,22.4,1.2,6.2,,1029.1,Cortinarius niveotraganus,"Ward, CO, US",1
d1d5ac89-74a7-4905-8bc1-4ac37953d3b6,178107027,2023-08-12 20:19:23-06:00,2023-08-12,-105.5358045316,40.0319052816,2911.0,,17.0,28.0,0.0,8.5,,1019.7,Calonarius metarius,"County Road 116, Ward, CO, US",4
2edb7def-3425-4973-866e-5471d636715a,178094410,2023-08-12 15:00:44-06:00,2023-08-12,-105.5703133333,40.0416416667,3235.0,,17.0,28.0,0.0,8.5,,1019.7,Cortinarius distortus,"Ward, CO, US",1
229ba9f2-6564-4bb9-ab5e-d7c27aa53c0e,178093852,2023-08-12 14:04:27-06:00,2023-08-12,-105.5748216667,40.0465083333,3334.0,,7.6,22.4,1.2,6.2,,1029.1,Cortinarius subbalaustinus,"Ward, CO, US",2
1388e40c-8119-4c93-941b-dd5cc6d8ddba,178079816,2023-08-12 14:10:13-06:00,2023-08-12,-105.5742142958,40.0462858788,3334.0,,7.6,22.4,1.2,6.2,,1029.1,Calonarius subpurpureophyllus,"Boulder County, US-CO, US",3
7b44e514-71c2-435b-942f-aacdd6ab9793,148924451,2022-08-17 15:27:23-06:00,2022-08-17,-105.567166,40.044598,3340.0,,14.0,28.0,0.0,4.4,,1024.7,Cortinarius rufulus,"Niwot Ridge, CO, US",2
da02a8c8-2433-4d2f-8ad2-25483e7e51ef,148923960,2022-08-17 15:20:05-06:00,2022-08-17,-105.567518,40.041759,3283.0,,14.0,28.0,0.0,4.4,,1024.7,Cortinarius subbalaustinus,"Niwot Ridge, CO, US",2
97861ce8-b491-48a3-82e7-f66f5d9651b6,135804851,2022-09-17 13:02:03-06:00,2022-09-17,-105.5724031,40.043854,3303.0,,12.0,26.0,1.7,7.1,,1015.2,Cortinarius fagetorum,"Boulder County, US-CO, US",3
d7fe2be0-0871-4b4c-983d-9f5a2a59ee19,132888710,2022-08-29 10:44:00-06:00,2022-08-29,-105.5839607066,40.0517366207,3460.0,,2.6,24.2,0.0,3.0,,1029.8,Phlegmacium badiolatum,"Boulder County, US-CO, US",6
6bf7a330-23e8-4cbe-aad9-d95dc80e077d,132888512,2022-08-29 10:20:36-06:00,2022-08-29,-105.5838910747,40.0519483845,3460.0,,2.6,24.2,0.0,3.0,,1029.8,Cortinarius subbalaustinus,"Boulder County, US-CO, US",3
c7001398-1b5c-493e-9df8-2b61bb2f4228,131286162,2022-08-17 12:05:56-06:00,2022-08-17,-105.1239165738,38.0602379165,2841.0,,16.2,24.1,3.3,4.8,,1020.1,Phlegmacium argutum,"Custer County, US-CO, US",1
87ab6930-df62-4587-a66b-5b7e6916bd66,131214943,2022-08-17 10:05:36-06:00,2022-08-17,-107.8123466667,37.9349666667,2674.0,,11.0,18.0,5.0,4.6,,1033.1,Cortinarius falsosus,"San Miguel River, Telluride, CO, US",2
abc8b7e4-a809-4cec-a706-7d6cb029a158,130739915,2022-08-13 15:49:17-06:00,2022-08-13,-105.8054119004,39.5914235331,3749.0,,4.1,14.2,4.8,5.4,,1023.8,Cortinarius trappei,"Colorado, US",3
a8fd7a6f-c2d5-4c17-8403-502d0c955f1b,127032569,2022-07-19 18:51:18-06:00,2022-07-19,-105.6982688886,39.6869557444,2854.0,,7.1,15.5,4.6,12.1,,1021.6,Cortinarius brunneovernus,"Arapaho & Roosevelt National Forests Pawnee National Grassland, Idaho Springs, CO, US",1
f62e84ab-5cce-4bf8-a0a5-67f279070a18,3550112,2014-08-14,2022-07-19,-107.836,37.9421,2652.0,,13.0,26.0,0.0,9.1,,1033.1,Phlegmacium callimorphum,"Telluride, Colorado, USA",1
1ed364d9-303d-4435-b2ae-e2a49d421234,392123535,2026-08-16 18:12:17-06:00,2026-08-16,-107.9130333333,37.8041033333,3145.0,,8.0,23.0,0.0,5.0,,,Leucopaxillus albissimus,"Rico, CO, US",1
b428b4a9-634f-41c7-8cd1-c50448549c63,390569346,2026-08-01,2026-08-16,-108.0570873991,37.8832135222,2900.0,,8.0,23.0,0.0,5.0,,,Aspropaxillus giganteus,Woods Lake,1
a37f63c8-0083-47a8-a12b-757117cf2eb1,389066425,2026-08-03 16:51:00-06:00,2026-08-03,-107.9528977977,37.7285510049,3204.0,,14.0,27.0,0.0,6.0,,,Aspropaxillus giganteus,"Dolores County, US-CO, US",2
e0f21dbe-6609-44d3-96b6-79b78d4a8b61,388639507,2026-08-05 11:10:52-06:00,2026-08-05,-105.7192483997,39.6082453,3389.0,,5.0,16.0,0.0,18.5,,,Laccaria laccata,"Dillon, CO 80435, USA",1
8ae3d17f-2cdd-4571-a90a-c5eec6872aa5,388592462,2026-08-04 14:04:25-06:00,2026-08-04,-108.0570873991,37.8832135222,2900.0,,13.0,27.0,0.0,5.0,,,Clitocybe robusta,Woods Lake,1
383141c5-dcc6-4da6-b1ed-ef6206630415,388497015,2026-08-01 09:57:00-06:00,2026-08-01,-105.4775888738,36.0048309116,3283.0,,14.4,27.2,0.5,7.4,,,Clitocybe robusta,"New Mexico, US",1
c0377235-f63f-441c-9da8-d52164c0c215,388289995,2026-08-04 12:31:29-06:00,2026-08-04,-107.8349651027,37.8531258808,3020.0,,13.0,27.0,0.0,5.0,,,Aspropaxillus giganteus,"San Miguel County, US-CO, US",1
c844a674-7406-48cc-af1d-3cd20284fe0e,388284123,2026-08-02 12:48:00-06:00,2026-08-02,-105.5754488855,36.1866097707,2836.0,,15.3,32.0,0.0,9.6,,1014.8,Leucopaxillus albissimus,"New Mexico, US",1
7f58d4cb-4a9f-4ddc-8165-ecf7e8b88395,388011662,2026-07-31 10:11:00-06:00,2026-07-31,-105.5285555556,36.1316833333,2596.0,,16.8,31.6,0.8,15.0,,1017.9,Leucopaxillus albissimus,"Taos County, NM, USA",1
988e800f-b9d3-41df-aa4d-30c765e6d7ae,388002889,2026-07-30 13:31:00-06:00,2026-07-30,-105.4408796021,36.137993162,2997.0,,7.0,29.8,0.0,5.4,,,Infundibulicybe squamulosa,"New Mexico, US",1
259981bf-c62d-40d9-a857-316cacc4b52b,387791519,2026-08-01 12:35:46-06:00,2026-08-01,-110.8388450128,40.6332537698,3161.0,,,,,,,,Laccaria laccata,"Utah, US",1
966eccdf-65c7-451f-ba59-2e8a77ad4bde,387374449,2026-08-01 14:59:19-06:00,2026-08-01,-105.7022033333,36.0615195,2607.0,,14.5,29.6,2.4,11.8,,1019.3,Clitocybe robusta,"Forest Service Road 207, Cordova, NM, US",2
1dec853d-a7c4-4a01-a65a-60535552b718,387332291,2026-08-01 11:13:26-06:00,2026-08-01,-105.4562672537,36.1416379545,2769.0,,8.7,24.1,2.7,3.2,,,Clitocybe robusta,"Policarpio Trail, Vadito, NM, US",2
be362eea-b425-483d-9323-21da8184ee47,386981300,2026-07-31 10:47:00-06:00,2026-07-31,-105.5290611111,36.1305777778,2623.0,,16.8,31.6,0.8,15.0,,1017.9,Collybia irina,"Taos County, NM, USA",1
14ff05a1-0f63-4a7d-bc17-d9689db4d550,386411711,2026-07-29 16:34:03-06:00,2026-07-29,-107.8750923124,37.9136885233,2971.0,,12.0,25.0,10.3,4.2,,,Clitocybe robusta,"Grand Mesa Uncompahgre and Gunnison National Forests, Telluride, CO, US",1
d37a6224-8e7a-44c2-a91b-f3af36de6813,386411640,2026-07-29 16:10:59-06:00,2026-07-29,-107.874795317,37.9123549494,3027.0,,12.0,25.0,10.3,4.2,,,Clitocybe robusta,"Grand Mesa Uncompahgre and Gunnison National Forests, Telluride, CO, US",1
856012a9-6501-435a-b0b0-ffcde3a70509,385388193,2026-07-25 13:33:00-06:00,2026-07-25,-105.6879533652,35.6743223602,2234.0,,18.3,31.7,8.8,7.2,,,Infundibulicybe squamulosa,"New Mexico, US",1
99337ed3-eb12-41ae-a34f-bb542370140c,385288335,2026-07-25 14:13:00-06:00,2026-07-25,-106.5855688584,35.8216082381,2480.0,,20.7,31.3,5.6,5.5,,,Infundibulicybe squamulosa,"Sandoval County, NM, USA",1
ee16df11-735a-428b-89d8-f58868c96011,385073813,2026-07-25 16:28:17-06:00,2026-07-25,-105.9432099722,36.0150429722,1894.0,,20.7,31.3,5.6,5.5,,,Clitocybe robusta,"Chimayo, NM, USA",1
704d03ff-b205-4943-bd74-0e59d876e6f0,384085687,2026-07-20 11:17:00-06:00,2026-07-20,-105.9121042097,35.740724247,2164.0,,17.8,32.2,0.5,4.8,,,Infundibulicybe squamulosa,"New Mexico, US",1
8e82d496-8076-4a75-8240-2c01f5c39c36,383496272,2026-07-20 19:40:49-06:00,2026-07-20,-105.8594670241,35.7878767091,2548.0,,17.8,32.2,0.5,4.8,,,Aspropaxillus giganteus,"Pacheco Canyon Rd, Tererro, NM, US",1
6d4a8e40-258d-46b7-af19-ad9fe5657dde,383203269,2026-07-19 20:15:08-06:00,2026-07-19,-105.6479500475,39.9548692967,3353.0,,8.0,16.0,0.1,11.1,,,Lyophyllum decastes,"Colorado, US",1
745ebd42-9456-4628-ab0b-18d6e6f99470,380938025,2026-07-12 11:37:06-06:00,2026-07-12,-105.7096633333,39.6366366667,3155.0,,9.0,17.0,0.0,12.4,,,Laccaria laccata,"Guanella Pass Rd, Idaho Springs, CO, US",1
585a8066-18f4-43b5-9ea3-afdaf9332b4c,372700625,2026-06-06 10:58:41-06:00,2026-06-06,-107.9075616667,37.8297583333,3461.0,,10.0,22.0,0.0,6.0,,,Clitocybe glacialis,"Lizard Head Trail, Telluride, CO, US",1
ab3a03b8-e05c-421b-ac2a-ab6a8ca9133e,370650672,2026-06-04 14:11:29-06:00,2026-06-04,-107.883645,39.0926221667,3100.0,,12.0,33.2,0.0,5.8,,,Clitocybe albirhiza,"Collbran, CO, US",1
3e4eca9e-ddbb-4485-8754-f0a74329ed59,370337973,2026-06-06 11:54:00-06:00,2026-06-06,-107.9069055556,37.8302333333,3461.0,,10.0,22.0,0.0,6.0,,,Clitocybe glacialis,"San Miguel County, CO, USA",2
ab3ec4bc-43b7-4bf8-ad39-2e6b5c7b5272,369159860,2026-06-06 14:54:01-06:00,2026-06-06,-106.3106583333,41.3359361111,3200.0,,9.0,31.0,0.1,10.4,,,Clitocybe glacialis,"Centennial, WY 82055, USA",1
2c3cb944-afb7-4fc0-b1ed-5e226db130e2,368743335,2026-06-04 12:47:54-06:00,2026-06-04,-105.5643680022,40.0381198038,3189.0,,12.0,32.0,0.8,4.2,,,Clitocybe glacialis,"Boulder County, US-CO, US",1
70eef124-81ef-47b4-8fb7-9820541ce045,367237447,2026-05-31 12:20:28-06:00,2026-05-31,-107.1123257762,38.8203217033,3580.0,,0.6,21.7,0.0,5.2,,,Clitocybe glacialis,"Gunnison County, US-CO, US",1
5e7c8e77-6233-40e4-bc5c-91d00f69823a,367234542,2026-05-31 13:28:05-06:00,2026-05-31,-107.1325486102,38.8337863075,3230.0,,0.6,21.7,0.0,5.2,,,Clitocybe albirhiza,"Gunnison County, US-CO, US",1
812b9acd-89c7-4919-ab94-edc14363990b,366900696,2026-05-30 14:25:03-06:00,2026-05-30,-105.5346908794,40.0798548271,3074.0,,12.0,24.0,2.6,5.3,,,Clitocybe glacialis,"Sourdough Trail, Ward, CO, US",1
14e23aa8-c3f2-4b22-84ed-86ff97a5b861,366784855,2026-05-30 09:10:30-06:00,2026-05-30,-105.6490783333,39.899155,2852.0,,-3.0,3.0,2.1,13.0,,,Clitocybe albirhiza,"South Boulder Creek Trail, Black Hawk, CO, US",1
bd3608ed-5eca-4646-98b6-8d94772f3bdb,364867092,2026-05-24 10:13:35-06:00,2026-05-24,-107.72642,37.7657033333,3514.0,,4.0,16.0,1.2,4.9,,,Clitocybe glacialis,"San Juan National Forest - Headquarters, Silverton, CO, US",1
213a185d-6bee-453e-8d4a-171dcbda5164,364724082,2026-05-24 10:39:00-06:00,2026-05-24,-107.5065721237,38.8415297914,2244.0,,9.5,29.4,0.1,6.2,,,Collybia brunneocephala,"Colorado, US",2
d7d72199-9826-4456-b82d-db121a078b77,364710154,2026-05-24 09:59:54-06:00,2026-05-24,-104.94328652,39.7444449,1619.0,,10.8,25.8,,11.1,,1013.2,Collybia brunneocephala,"17th Ave & Garfield St, Denver, CO 80206, USA",2
c0233d9f-cc60-47cb-9025-b5fff49ab9e4,361526550,2026-05-11 11:15:26-06:00,2026-05-11,-107.7673866667,37.7572666667,3197.0,,3.0,20.0,0.0,5.8,,,Clitocybe glacialis,"San Juan National Forest - Headquarters, Silverton, CO, US",1
4b367c4b-cdf1-4558-8cb8-06023b47e1ad,360121192,2025-07-03 07:33:16-06:00,2025-07-03,-105.0918666667,39.1176083333,2351.0,,10.8,30.0,0.0,15.8,,1008.8,Laccaria laccata,"Woodland Park, CO, US",1
02887616-0097-4249-bad8-488b0804e2f5,356858557,2026-04-25 14:56:24-06:00,2026-04-25,-106.6138937,40.5784520997,2721.0,,0.6,13.2,1.8,4.4,,,Clitocybe glacialis,"Walden, CO 80430, USA",1
54f3a1dc-1c40-4c16-bbe9-7bb43ff15f26,350118919,2024-08-25 09:57:00-06:00,2024-08-25,-106.1750691999,36.712149,2755.0,,,,,,,,Infundibulicybe squamulosa,"Rio Arriba, New Mexico, United States",1
dea23c3c-1549-4d50-9d7c-c65ca48e9a99,346741691,2025-10-11 11:20:11-06:00,2025-10-11,-104.9432670097,38.9255920485,2815.0,,10.0,22.0,0.8,9.4,,1013.6,Collybia nuda,"Colorado Springs, CO, US",1
52bf873e-7054-4abd-95af-e48dae52c1af,333770039,2026-01-06 12:00:53-07:00,2026-01-06,-107.6177668957,37.0574941812,1919.0,,-6.0,8.0,0.0,5.5,,1021.1,Collybia brunneocephala,United States,2
cbe137f8-2642-4243-80e3-545327a2c8ee,327332161,2025-09-09 07:30:00-06:00,2025-09-09,-103.1161277778,44.034,925.0,,15.0,31.1,0.0,14.4,,1016.0,Lepista subconnexa,"Green Valley, SD 57703, USA",1
a66eec44-678a-48a7-9914-5db9ac95d8b9,327332156,2025-09-09 07:26:00-06:00,2025-09-09,-103.1161416667,44.0339888889,925.0,,15.0,31.1,0.0,14.4,,1016.0,Collybia nuda,"Green Valley, SD 57703, USA",1
8a396aea-74de-4ccc-9ca3-0ed39ef081b1,325232651,2018-09-30,2025-09-09,-105.5255548283,40.1943993308,2598.0,,13.0,30.0,0.0,9.9,,1019.0,Hygrophoropsis aurantiaca,"Allenspark, CO, USA",1
cfec9dac-0de9-4b78-83e8-6eb0f0e72ada,323957026,2025-08-17 15:52:00-06:00,2025-08-17,-105.4279638889,36.5578,3395.0,,0.5,25.0,0.0,5.6,,1029.6,Clitocybe robusta,"Taos County, NM, USA",1
e8264edf-159e-400d-9bb1-d72398c2b916,323955676,2025-08-17 14:00:00-06:00,2025-08-17,-105.4322194444,36.5639555556,3347.0,,0.5,25.0,0.0,5.6,,1029.6,Clitocybe robusta,"Taos County, NM, USA",1
3cafaa3b-4b40-41fb-b70e-c6cb2c203724,323887218,2025-10-28 12:34:00-06:00,2025-10-28,-105.86706667,35.72859444,2390.0,,4.0,16.0,0.0,15.6,,1026.2,Leucopaxillus albissimus,"Santa Fe, New Mexico, United States",1
0374f109-0ed5-484a-ae22-246722d7af7e,323305621,2025-10-24 14:13:00-06:00,2025-10-24,-105.84088889,35.72738611,2538.0,,3.0,16.0,0.4,13.7,,1019.2,Leucopaxillus albissimus,"Santa Fe, New Mexico, United States",1
84cc2fc7-4db1-4896-9106-96884b50bfac,321916146,2025-10-19 10:51:46-06:00,2025-10-19,-106.6318726824,35.8761210191,2360.0,,6.0,19.0,0.0,7.1,,1025.6,Laccaria laccata,"Sandoval County, US-NM, US",1
aced9c6b-d902-4724-9bd3-47dbd2910b1f,321904345,2025-10-19 11:44:39-06:00,2025-10-19,-106.6315890745,35.8751386173,2360.0,,6.0,19.0,0.0,7.1,,1025.6,Leucopaxillus gentianeus,"Sandoval County, US-NM, US",2
c1cfd853-bb50-4d52-b6d3-e0881411f56d,320574613,2025-10-12 11:38:21-06:00,2025-10-12,-105.5712366667,39.5115666667,2881.0,,-7.5,0.0,2.7,20.1,,1011.0,Hygrophoropsis aurantiaca,"Rosalle Trail, Bailey, CO, US",1
e870699c-6ca8-4835-a83f-ebf56ef55357,320241756,2025-10-11 14:05:08-06:00,2025-10-11,-106.3022,35.913825,2223.0,,12.0,17.0,0.9,14.0,,1020.7,Hygrophoropsis aurantiaca,"Santa Fe National Forest, Los Alamos, NM, US",1
6549d30c-6147-48ab-8270-180985d7db57,319032791,2025-10-05 16:00:05-06:00,2025-10-05,-106.6537013035,38.8954684852,3415.0,,3.0,15.0,1.8,8.2,,1011.7,Clitocybe sp. 'PNW01',"Gunnison County, US-CO, US",1
05c57b1f-4eba-4924-9ac4-ca329624c40c,319030443,2025-10-05 15:31:41-06:00,2025-10-05,-106.6989798185,38.8918175232,3561.0,,-2.0,17.0,1.6,9.7,,1017.4,Clitocybe sp. 'PNW01',"Gunnison County, US-CO, US",1
ee269734-4e32-43d7-b3a1-6d8757f039d3,319030102,2025-10-05 15:29:57-06:00,2025-10-05,-106.7773108899,38.9396251051,3498.0,,-2.0,17.0,1.6,9.7,,1017.4,Clitocybe sp. 'PNW01',"Gunnison County, US-CO, US",1
d2c90ca6-3512-4d7d-9dfa-e9c3e74b2a75,319013048,2025-10-05 11:08:48-06:00,2025-10-05,-105.5846322,39.98512514,3031.0,,-6.7,3.0,6.8,15.6,,1014.3,Collybia phyllophila,"Boulder County, US-CO, US",2
807468bf-361d-4230-90d5-119247662985,317429864,2025-09-28 19:22:37-06:00,2025-09-28,-107.1064335971,38.7538442107,2969.0,,8.0,18.0,0.9,11.7,,1026.2,Leucocybe candicans,"Gunnison County, US-CO, US",1
64764e53-41e3-4b3e-8593-516e674714d2,317411803,2025-09-28 14:59:02-06:00,2025-09-28,-107.1803829261,38.7191251198,3482.0,,8.0,18.0,0.9,11.7,,1026.2,Clitocybe robusta,"Gunnison County, US-CO, US",2
76e95db2-603e-4f0d-adda-40f003f23ac1,317391762,2025-09-24 13:52:00-06:00,2025-09-24,-105.84000278,35.72739722,2538.0,,6.0,22.0,0.0,11.8,,1029.1,Infundibulicybe bresadolana,"Santa Fe, New Mexico, United States",1
0373e35f-88a7-4a41-b597-2625ad9bc9df,317131239,2025-09-27 11:12:15-06:00,2025-09-27,-106.5778646974,35.8156898826,2498.0,,12.0,17.0,0.5,9.2,,1024.2,Leucopaxillus gentianeus,"Sandoval County, US-NM, US",1
f93f173f-1f21-414a-9a0f-24fdd98d99c9,316670921,2025-09-21 16:53:38-06:00,2025-09-21,-105.5292055556,36.234975,3006.0,,8.6,23.9,0.0,8.5,,1014.6,Clitocybe robusta,"Ranchos De Taos, NM 87557, USA",1
fdc8cdef-7b23-473a-840b-15ed416a2fa8,316551433,2025-09-18 11:00:08-06:00,2025-09-18,-105.7981466667,35.795755,3198.0,,8.0,26.0,0.0,14.8,,1022.8,Collybia odora,"Tererro, NM, US",1
0a85d0b7-fb17-4622-a6c5-87b41f6e4b76,315911033,2025-09-22 11:25:47-06:00,2025-09-22,-105.8066045024,39.4829214771,3015.0,,-2.6,8.6,4.3,11.7,,1017.1,Laccaria laccata,"Grant, CO, US",2
2638d239-c045-42cd-9b30-3264b9fd72d8,315910832,2025-09-22 11:15:28-06:00,2025-09-22,-105.8065593837,39.4829362205,3015.0,,-2.6,8.6,4.3,11.7,,1017.1,Laccaria laccata,"Park County, US-CO, US",2
d132510b-4905-4bb6-b4b0-9454b2e3bbe6,315749780,2025-09-20 17:08:29-06:00,2025-09-20,-104.8589866667,38.7996,1921.0,,12.0,19.0,6.0,10.4,,1022.3,Leucopaxillus albissimus,"Cheyenne Blvd, Colorado Springs, CO, US",1
84bfca88-4d83-488b-9e01-40c2c0ff2f0a,315691046,2025-09-21 13:37:48-06:00,2025-09-21,-106.8916741034,38.8204166391,2655.0,,7.0,22.0,0.0,6.3,,1024.2,Clitocybe deceptiva,"Gunnison County, US-CO, US",1
6194b11a-728c-4fa8-8902-93d34cfb64b9,315687920,2025-09-21 12:19:31-06:00,2025-09-21,-106.9142550432,38.9510724739,3681.0,,7.0,21.0,1.7,7.8,,1023.3,Clitocybe violaceifolia,"Gunnison County, US-CO, US",1
e601fe10-f18c-4c55-b49d-1d9e363233fe,315687157,2025-09-21 12:25:41-06:00,2025-09-21,-106.9965205752,38.9356020068,3201.0,,7.0,21.0,1.7,7.8,,1023.3,Clitocybe robusta,"Gunnison County, US-CO, US",1
91a32d0e-cf46-4f86-b8b7-72f721666da5,315656856,2025-09-20 18:44:15-06:00,2025-09-20,-105.6116834601,39.8832646619,3026.0,,-1.3,7.8,0.7,11.6,,1021.3,Aphroditeola olida,"Mammoth Gulch Rd, Black Hawk, CO, US",1
cb425f1b-073b-4625-8074-8ae4346f7396,315652135,2025-09-21 12:26:00-06:00,2025-09-21,-105.73324722,35.61905556,2420.0,,10.0,27.0,0.0,11.1,,1021.1,Leucopaxillus gentianeus,"Santa Fe, New Mexico, United States",1
b7d227b6-63c8-40a8-a146-78059f8a513e,315387437,2025-09-12 15:24:35-06:00,2025-09-12,-106.726389192,35.8825001103,2339.0,,13.0,25.0,0.0,9.5,,1025.8,Clitocybe albirhiza,"Jemez Springs, NM 87025, USA",1
ae6d096f-025d-452d-8a62-7690b345f0d0,315323481,2025-09-16 12:54:58-06:00,2025-09-16,-105.7046283333,35.7884,2609.0,,11.0,28.0,0.1,10.4,,1025.9,Clitocybe fragrans,"Holy Ghost Trail, Tererro, NM, US",1
1fafd2f7-a487-417b-bce0-4076960c05a8,314262624,2025-09-07 12:58:00-06:00,2025-09-07,-105.3984193183,36.5687463283,3509.0,,3.0,22.0,0.3,13.5,,1031.1,Aspropaxillus giganteus,"Taos County, NM, USA",1
5df26ff5-4f3f-4cab-ac51-a8b653d13859,313997621,2025-09-14 16:31:15-06:00,2025-09-14,-107.2069383333,37.4910033333,2467.0,,2.0,20.0,0.0,8.5,,1024.3,Hygrophoropsis aurantiaca,"Pagosa Springs, CO, US",1
a9875cea-28bc-4367-a5a3-3e8e6af70c82,313881517,2025-09-13 11:38:53-06:00,2025-09-13,-105.80033,35.7965133333,3166.0,,9.0,19.0,9.1,9.6,,1021.8,Infundibulicybe squamulosa,"NM-475, Tererro, NM, US",1
1e113789-f5a4-49b8-97a1-8d3bbc4d697d,313431000,2025-09-12 16:30:04-06:00,2025-09-12,-106.2130282751,35.9963771145,2073.0,,13.0,25.0,0.0,9.5,,1025.8,Clitocybe violaceifolia,"New Mexico, US",1
0afd68e2-f8f8-4bf9-95c7-12de31aae068,313335308,2025-09-11 11:53:00-06:00,2025-09-11,-105.79956111,35.79956944,3249.0,,13.0,28.0,0.0,21.1,,1025.2,Clitocybe amarescens,"Santa Fe, New Mexico, United States",2
b6a4892d-6573-4cca-9db7-029d3a8ed352,313254734,2025-09-11 18:55:00-06:00,2025-09-11,-106.3840292997,35.8917506,2813.0,,14.0,25.0,0.0,12.3,,1026.7,Hygrophoropsis aurantiaca,"Los Alamos County, NM, USA",1
b8c58291-3dc6-4012-b464-24270c3b14ef,313218857,2025-09-11 13:38:48-06:00,2025-09-11,-105.8082944444,35.7897083333,3123.0,,13.0,28.0,0.0,21.1,,1025.2,Aspropaxillus giganteus,"NM-475 & Norski Trailhead, New Mexico 87506, USA",1
900354b3-29db-41a5-84f4-910ab8d6bec6,313034790,2025-09-10 18:25:14-06:00,2025-09-10,-107.1223916667,37.443325,2653.0,,8.0,24.0,3.6,9.5,,1027.8,Hygrophoropsis aurantiaca,"County Road 634, Creede, CO, US",1
a19f712d-851f-4fe0-8c86-8821f971ce27,312804009,2025-09-08 13:57:00-06:00,2025-09-08,-105.80177222,35.79785556,3166.0,,9.0,28.0,0.0,9.0,,1025.2,Clitocybe amarescens,"Santa Fe, New Mexico, United States",1
7bdf205a-6cde-45a6-a22f-fe9dc83e552a,312758368,2025-09-08 09:37:00-06:00,2025-09-08,-105.8393166667,35.7279166667,2548.0,,9.0,28.0,0.0,9.0,,1025.2,Leucopaxillus albissimus,"Santa Fe County, NM, USA",1
9cd4d522-3d29-415a-b3b8-f103bd191c10,312600573,2025-09-08 17:10:51-06:00,2025-09-08,-104.8243853111,38.7522813467,1885.0,,13.7,25.1,1.6,12.7,,1020.5,Collybia nuda,"Colorado, US",1
1d5fa5f4-7622-4374-bb8b-ec59429c96e6,312390514,2025-09-07 18:02:17-06:00,2025-09-07,-104.8421475209,38.6998073167,2050.0,,14.0,23.0,1.8,9.6,,1025.2,Infundibulicybe gibba,"Colorado, US",1
f8f723f4-65d0-46a3-acb1-e7c7c7f735ff,312307550,2025-09-07 12:05:03-06:00,2025-09-07,-105.5019073333,39.4061355556,2440.0,,1.8,15.6,0.8,11.2,,1020.5,Collybia irina,"Bailey, CO 80421, USA",2
6b940238-5a3c-43c0-8a45-ace77c728bba,312292501,2025-09-07 10:47:54-06:00,2025-09-07,-105.5024871667,39.4052314722,2444.0,,1.8,15.6,0.8,11.2,,1020.5,Collybia irina,"Bailey, CO 80421, USA",1
82bd4949-6ffb-4392-a24d-dedd01d17840,312230580,2025-09-06 14:33:56-06:00,2025-09-06,-105.5537624338,35.7797139351,3486.0,,11.0,17.0,1.4,14.0,,1026.2,Leucopaxillus albissimus,"San Miguel County, US-NM, US",1
95a23274-84da-4e9e-bdb6-d4d147934595,312219802,2025-09-07 10:10:48-06:00,2025-09-07,-104.82403205,38.71009575,1915.0,,14.0,23.0,1.8,9.6,,1025.2,Leucocybe candicans,"Rock Creek, Colorado Springs, CO, USA",1
58435dbd-37a3-480e-a6d0-d0d1d50bd5f4,312092232,2025-09-06 16:55:58-06:00,2025-09-06,-107.5767216667,38.8858116667,1760.0,,11.0,31.0,0.0,11.0,,1022.3,Collybia brunneocephala,"Grange Rd, Paonia, CO, US",1
51f070fe-c326-4235-9d24-386e367f7036,312086494,2025-09-06 15:59:46-06:00,2025-09-06,-107.0376684782,38.7217626351,2620.0,,3.0,23.0,0.4,9.4,,1028.3,Clitocybe deceptiva,"Gunnison County, US-CO, US",2
2cc5c7e9-4bd8-4924-a36b-458c47a21567,312047896,2025-09-06 13:24:56-06:00,2025-09-06,-105.03265077,39.18090212,2784.0,,8.0,22.0,0.0,13.7,,1023.9,Leucocybe candicans,"Douglas County, US-CO, US",2
4491d5b5-853c-405e-8291-0dd638073fe1,312047622,2025-09-06 12:30:02-06:00,2025-09-06,-105.03103223,39.18149474,2781.0,,8.0,22.0,0.0,13.7,,1023.9,Clitocybe sp. 'PNW01',"Douglas County, US-CO, US",1
c823f8bf-15f7-4cfb-afe1-c80fb5c1691f,311838445,2025-09-05 18:07:15-06:00,2025-09-05,-104.9904132335,38.7791054581,3628.0,,7.0,17.0,1.6,14.9,,1023.0,Clitocybe glacialis,"Colorado, US",1
7293c76a-1fe0-4941-9721-728f2b163997,311379017,2025-08-31 18:43:24-06:00,2025-08-31,-105.1194805556,36.6109,2661.0,,3.0,19.0,1.9,6.3,,1033.4,Infundibulicybe squamulosa,"Cimarron, NM 87714, USA",1
bbc76c71-ff03-4ced-ae51-6f05d03a9803,311026867,2025-07-26 10:19:00-06:00,2025-07-26,-104.9039385111,38.81792027,2280.0,,17.0,31.0,0.0,10.7,,1022.0,Infundibulicybe gibba,"Colorado Springs, CO, USA",1
ebde0174-efec-4cbd-8798-c712f426d0fb,310919515,2025-09-01 13:19:02-06:00,2025-09-01,-105.3093058172,39.3348124714,2345.0,,2.4,15.2,0.1,9.2,,1025.0,Clitocybe sp. 'PNW01',"Colorado, US",2
b6d444dd-53dd-4cf0-bf12-bd9298c84426,310393710,2025-08-30 11:50:36-06:00,2025-08-30,-104.9155242741,38.6696882642,2323.0,,11.3,19.3,2.1,11.1,,1019.1,Collybia irina,"Rock Creek, Colorado Springs, CO, USA",1
0ef14f75-f13f-4349-9102-bf0654533e54,310392484,2025-08-30 11:17:54-06:00,2025-08-30,-104.9108428889,38.7281417778,2639.0,,11.3,19.3,2.1,11.1,,1019.1,Clitocybe sp. 'PNW01',"Rock Creek, Colorado Springs, CO, USA",1
76bd3757-7e24-484c-bcd1-3ee9eb2035a3,310390713,2025-08-30 22:01:56-06:00,2025-08-30,-104.8910405,39.6685878,1674.0,,13.0,24.0,3.6,10.3,,1024.7,Leucocybe candicans,"Four Square Mile, CO, USA",1
4bbeef4b-4195-4854-b79d-c5d7f28a1042,310390127,2025-08-30 09:56:51-06:00,2025-08-30,-104.9065348997,38.7314233,2692.0,,11.3,19.3,2.1,11.1,,1019.1,Leucocybe candicans,"Rock Creek, Colorado Springs, CO, USA",1
3e518a76-0173-4e93-913c-506080bf292e,391964538,2026-08-16 14:51:17-06:00,2026-08-16,-107.9000727861,37.8077500196,3175.0,,8.0,23.0,0.0,5.0,,,Hypholoma capnoides,"San Miguel County, US-CO, US",1
8d3caf47-5ac8-46f5-8763-1ab9b788e52a,388571747,2026-07-29 08:06:22-06:00,2026-07-29,-104.8240583333,38.8536633333,1856.0,,15.6,30.0,,7.5,,1011.7,Candolleomyces candolleanus,"E Columbia St, Colorado Springs, CO, US",1
8397bdef-fea0-40e0-8f0f-f3b4db7755b3,382146407,2026-07-16 18:25:54-06:00,2026-07-16,-107.0785361667,37.277325,2295.0,,9.0,26.0,1.5,5.1,,1017.0,Candolleomyces candolleanus,"Cloud Cap Ave, Pagosa Springs, CO, US",1
c6a4335c-a465-4a40-b449-8efcca0d1ec5,376182835,2026-06-28 07:41:36-06:00,2026-06-28,-108.7405226783,42.827167649,1647.0,,8.3,21.1,0.0,20.9,,,Candolleomyces candolleanus,"S Sixth St, Lander, WY, US",1
a96a70f6-bbd5-478d-a1ed-1c0cc9b2535f,372819368,2026-06-17 20:39:02-06:00,2026-06-17,-107.0785361667,37.2772966667,2295.0,,6.0,31.0,0.0,6.7,,,Candolleomyces candolleanus,"Cloud Cap Ave, Pagosa Springs, CO, US",1
6abf792d-9c6b-423d-bdaf-97872cb8a3ab,368188825,2026-06-03 17:51:35-06:00,2026-06-03,-105.2636947632,39.9960327148,1655.0,,13.0,26.0,1.5,4.3,,1015.4,Candolleomyces candolleanus,Boulder,1
53be0556-df70-4291-a949-8c8946633a72,366733815,2026-05-29 18:34:48-06:00,2026-05-29,-105.1068638333,40.1370583333,1527.0,,13.5,25.6,1.1,6.1,,,Candolleomyces candolleanus,"Incorrigible Cir, Longmont, CO, US",1
4202c6b5-ca1e-401f-a35c-9f9d6917661e,363374628,2026-05-20 09:35:39-06:00,2026-05-20,-107.7586244,38.1529832,2145.0,,2.0,12.0,1.6,4.0,,,Candolleomyces candolleanus,"Ridgway, CO 81432, USA",1
2cefafda-d3b1-4d31-af52-13ebaa4d136e,363222763,2026-05-19 17:09:34-06:00,2026-05-19,-105.1118695,40.1377195,1523.0,,2.7,9.7,1.3,2.5,,,Candolleomyces candolleanus,"Amethyst Dr, Longmont, CO, US",1
9d2bccbd-0a3c-45f8-b441-85d0a38f917f,342104697,2025-09-18 11:28:05-06:00,2025-09-18,-106.6426285399,43.5248410722,1464.0,,,,,,,,Candolleomyces candolleanus,"Ttt Rd, Kaycee, WY, US",1
73c2a94e-2518-4d45-9421-581bf7e005c5,320174074,2025-10-10 14:54:38-06:00,2025-10-10,-105.1692131515,39.9671857274,1687.0,,13.0,18.0,0.0,4.9,,,Candolleomyces candolleanus,"W Century Dr, Louisville, CO, US",1
393b5d0e-723f-463a-8988-33de60596843,319057858,2025-10-05 11:06:41-06:00,2025-10-05,-105.5846862793,39.9844322205,3031.0,,-6.7,3.0,6.8,15.6,,1014.3,Hypholoma capnoides,"Boulder County, US-CO, US",2
b3eaece6-6529-47b5-8720-87b92774a7ec,317583447,2025-09-29 11:34:58-06:00,2025-09-29,-108.5684033333,39.0814083333,1408.0,,9.4,24.4,0.0,6.8,,1021.0,Candolleomyces candolleanus,"E Sherwood Dr, Grand Junction, CO, US",1
5e606163-9533-4719-97f4-c7ef5edcc9e8,316313434,2025-09-24 09:22:44-06:00,2025-09-24,-105.0042416667,39.7411166667,1593.0,,8.5,20.2,0.0,6.5,,1024.5,Candolleomyces candolleanus,"Metropolitan State University of Denver, Denver, CO, US",1
e784ad43-6a12-4a75-a633-e3fc15fd3018,314331514,2025-09-14 13:13:36-06:00,2025-09-14,-107.0557416015,38.8600711404,3011.0,,3.0,19.0,0.0,7.3,,1024.4,Hypholoma capnoides,"Gunnison County, US-CO, US",2
b961ed6f-17fc-491a-ad48-a31b2fd7cb4a,311715306,2025-08-31 10:20:00-06:00,2025-08-31,-107.9814013784,39.0423624168,3129.0,,11.0,33.0,0.0,8.2,,1025.0,Hypholoma capnoides,"Grand Mesa Uncompahgre and Gunnison National Forests, Cedaredge, CO, US",1
d32924f4-b2be-4d20-8767-f97a9717c053,311362448,2025-09-01,2025-08-31,-107.9810561612,39.0414716825,3152.0,,11.0,33.0,0.0,8.2,,1025.0,Hypholoma capnoides,"Cedaredge, CO 81413, USA",1
43cfc999-2546-418a-b659-42b37e880ff8,311169850,2025-08-31 09:55:45-06:00,2025-08-31,-107.9811095059,39.0426399572,3132.0,,11.0,33.0,0.0,8.2,,1025.0,Hypholoma capnoides,"Grand Mesa Uncompahgre and Gunnison National Forests, Cedaredge, CO, US",1
700a94c2-0eb3-4ed9-a066-e671cc107103,310069685,2025-08-29 15:54:26-06:00,2025-08-29,-104.7926633333,38.772305,1787.0,,13.1,23.0,11.7,9.0,,1023.2,Candolleomyces candolleanus,"Tanager Way, Colorado Springs, CO, US",1
2e201d50-5770-4d03-9125-0cdb2fea06f3,310023966,2025-08-29 10:59:38-06:00,2025-08-29,-104.8919830278,39.7078666667,1664.0,,14.1,24.5,3.0,11.3,,1016.9,Candolleomyces candolleanus,"Windsor, Denver, CO, USA",2
44ac1751-3cb6-42df-aedd-a3b817f782a8,309647541,2025-08-27 19:11:45-06:00,2025-08-27,-104.8815814019,39.7152392739,1647.0,,14.8,24.1,2.3,11.3,,1016.6,Candolleomyces candolleanus,"Colorado, US",2
1922e176-11a5-49aa-b8d6-ff8aed4c8a03,309643215,2025-08-25,2025-08-27,-105.0982864,40.5670284,1539.0,,16.0,26.0,10.7,9.3,,1022.0,Candolleomyces candolleanus,"1121 W Prospect Rd Suite 110, Fort Collins, CO 80526, USA",1
df737370-0737-4fd1-a831-312c4ddca40f,309621474,2025-08-27 18:53:16-06:00,2025-08-27,-107.8798065186,37.2754592896,1995.0,,14.0,24.0,10.9,8.9,,1026.9,Candolleomyces candolleanus,Durango,1
22bdab35-9f87-4ffc-ac5d-b411cf354068,309609498,2025-08-27 17:44:17-06:00,2025-08-27,-105.2648849487,39.9950523376,1668.0,,15.0,27.0,3.1,8.3,,1022.0,Candolleomyces candolleanus,Boulder,1
e06dd74c-05c5-410d-a57a-1d81fa28ef5f,309332976,2025-08-26 14:24:30-06:00,2025-08-26,-105.06231405,40.60850733,1518.0,,13.0,24.0,2.3,9.3,,1024.6,Candolleomyces candolleanus,"Greenbriar, Fort Collins, CO 80524, USA",1
8b2b9895-933a-44cc-b802-746a0790796e,309320656,2025-08-26 13:27:28-06:00,2025-08-26,-105.05917817,40.59544157,1507.0,,13.0,24.0,2.3,9.3,,1024.6,Candolleomyces candolleanus,"Fort Collins, CO, USA",1
188e64e6-6c2c-47e3-bbac-37a10c8b9e29,309126424,2025-08-25 17:29:02-06:00,2025-08-25,-105.2636032104,39.9961090088,1655.0,,14.0,22.0,8.8,5.9,,1024.7,Candolleomyces candolleanus,Boulder,1
ebb8dd2f-aa61-4723-beea-fb540bb31e90,309121091,2025-08-25 16:59:02-06:00,2025-08-25,-106.8285888889,39.1978333333,2414.0,,10.6,21.7,1.3,8.0,,1016.8,Candolleomyces candolleanus,"Aspen, CO 81611, USA",1
ff967905-c355-425a-81bd-3b3d001c7979,308846012,2025-08-23 13:17:09-06:00,2025-08-23,-105.4455545917,39.6094258735,2517.0,,0.5,14.1,3.4,10.2,,1024.6,Stropharia rugosoannulata,"Golden, CO 80439, USA",1
f53ef8f7-50d1-4a94-bb42-e361729c9956,307146233,2025-08-17 15:48:21-06:00,2025-08-17,-107.7352966667,38.1336666667,2152.0,,8.0,23.0,0.1,9.2,,1031.8,Candolleomyces candolleanus,"CR-3, Ridgway, CO, US",1
74e29419-aeb6-4f3a-a489-a890d709b45e,306625986,2025-08-12 13:20:00-06:00,2025-08-12,-107.873825,37.8108,3077.0,,10.0,24.0,0.0,6.7,,1031.4,Hypholoma capnoides,"San Miguel, Colorado, United States",2
99a75e46-c5a2-4572-8dc1-ecee54c3a635,306608086,2025-08-15 17:39:16-06:00,2025-08-15,-105.2647857666,39.9956703186,1668.0,,18.0,33.0,0.0,6.0,,1018.5,Candolleomyces candolleanus,Boulder,1
aee9f9cf-76a5-4920-bb3f-2079168ddcb4,306608045,2025-08-15 17:38:58-06:00,2025-08-15,-105.2646636963,39.9955596924,1668.0,,18.0,33.0,0.0,6.0,,1018.5,Candolleomyces candolleanus,Boulder,1
b6067e86-578a-4a2c-ad6f-215b434c3713,306117304,2025-08-13 09:51:00-06:00,2025-08-13,-107.8728027778,37.8111305556,3040.0,,13.0,26.0,0.0,8.0,,1031.2,Hypholoma capnoides,"San Miguel County, CO, USA",4
c0bf0d61-7872-4887-af57-1f990b8bb328,306010346,2025-08-12 15:16:00-06:00,2025-08-12,-107.88788611,37.81425,3130.0,,10.0,24.0,0.0,6.7,,1031.4,Hypholoma capnoides,"San Miguel, Colorado, United States",2
0f3c7429-5a75-4c59-979e-2e8fb0657dae,305809536,2025-08-10 13:30:10-06:00,2025-08-10,-107.8887083333,39.0298944444,3173.0,,19.0,32.6,0.0,11.3,,1019.8,Hypholoma capnoides,"Cedaredge, CO 81413, USA",2
dd8f3735-8f0b-4cbb-a720-78cdd794111b,305668846,2025-07-25 06:44:09-06:00,2025-07-25,-104.8254346132,38.8537280044,1856.0,,12.2,28.9,0.0,12.2,,1015.4,Candolleomyces candolleanus,"Wood Ave, Colorado Springs, CO, US",1
94f60caa-cfde-4da0-926b-5be0aebb0e28,305668833,2025-07-25 06:43:51-06:00,2025-07-25,-104.8254180115,38.8537946677,1856.0,,12.2,28.9,0.0,12.2,,1015.4,Candolleomyces candolleanus,"W Columbia St, Colorado Springs, CO, US",1
f624802f-f924-47ac-9931-0125f08ad9da,304894509,2025-08-05 11:46:33-06:00,2025-08-05,-104.89373,39.611805,1753.0,,18.3,34.4,0.0,13.9,,1011.7,Candolleomyces candolleanus,"DTC Pkwy, Greenwood Village, CO, US",1
88c483ed-e020-4320-8ad8-a98c382c3e6c,304602956,2025-08-07 17:28:42-06:00,2025-08-07,-105.09025751,40.19274433,1542.0,,14.5,38.2,0.0,7.2,,1019.8,Candolleomyces candolleanus,"Stoney Ridge, Longmont, CO 80504, EE. UU.",1
5ac7e699-a5e9-4548-a10e-2eccf05728a5,304071602,2025-08-05 14:58:30-06:00,2025-08-05,-105.2528730778,40.0478210989,1634.0,,17.0,37.0,0.0,8.0,,1019.1,Stropharia rugosoannulata,"Nevis St, Boulder, CO, US",1
933f9b70-2a20-4fa4-8dac-2f7f8b99291a,302003044,2025-07-28 18:06:02-06:00,2025-07-28,-107.6226017879,38.9453266265,2503.0,,13.5,39.4,0.0,7.7,,1023.5,Hypholoma capnoides,"Paonia, CO, US",1
cc4e31cc-b830-4a7a-987d-cd9e82539fd8,299421969,2025-07-19 12:18:01-06:00,2025-07-19,-104.7785633333,41.23173,1871.0,,14.4,30.6,0.0,11.5,,1011.4,Candolleomyces candolleanus,"Empire Dr, Cheyenne, WY, US",1
d47de682-b59c-4b89-ad14-2b0df87e3952,299398444,2025-07-19 17:28:16-06:00,2025-07-19,-105.5648333333,41.30383,2198.0,,11.0,28.0,0.0,15.2,,1023.5,Candolleomyces candolleanus,"Laramie, WY, US",1
19e5f58f-3a3c-4d06-be6b-cbdcf899b5c8,298805909,2025-07-17 18:07:42-06:00,2025-07-17,-105.2499008179,39.987827301,1648.0,,15.0,28.0,0.8,5.7,,1019.5,Candolleomyces candolleanus,Boulder,1
eef04960-570a-4d59-a21a-548617e23fda,298673851,2025-07-17 08:06:31-06:00,2025-07-17,-105.2502746582,39.9880447388,1648.0,,15.0,28.0,0.8,5.7,,1019.5,Candolleomyces candolleanus,"Boulder County, US-CO, US",1
de04fd74-8f9a-4263-9fe6-4846cfefef86,298028965,2025-07-14 17:43:30-06:00,2025-07-14,-105.0489634183,40.5721102003,1511.0,,18.3,35.0,0.0,12.4,,1011.6,Candolleomyces candolleanus,"Montgomery St, Fort Collins, CO, US",1
f44127cf-1890-4c26-a0b2-ef157644dc3a,291982769,2025-06-22 20:37:08-06:00,2025-06-22,-104.7790051139,39.6543425446,1711.0,,18.9,33.8,0.5,19.5,,998.5,Candolleomyces candolleanus,"S Ventura St, Aurora, CO, US",1
746fbb5f-3050-416d-bf29-a3cad43237dd,289328356,2025-06-12 13:16:00-06:00,2025-06-12,-105.93948333,35.68183611,2141.0,,10.6,28.9,0.4,13.6,,1009.7,Candolleomyces candolleanus,"Santa Fe, New Mexico, United States",3
b98fc171-c29f-4734-bc58-f8db832b42a3,288344696,2025-06-06 12:40:02-06:00,2025-06-06,-104.9287333333,39.6955033333,1650.0,,10.6,18.5,4.0,11.6,,1015.1,Candolleomyces candolleanus,"E Kansas Dr, Denver, CO, US",1
d0190270-d6fe-42bd-9199-02bd4fac57bc,288037977,2025-06-08 15:41:09-05:00,2025-06-08,-99.7372666667,40.7856783333,736.0,,13.9,21.1,0.0,16.4,,1015.2,Candolleomyces candolleanus,"N Jefferson St, Lexington, NE, US",1
724cf6a5-3ca1-44d2-9536-eac5a9a69691,287866859,2025-06-07 20:14:01-06:00,2025-06-07,-105.0192083333,39.5427361111,1718.0,,10.0,26.7,0.0,10.8,,1013.5,Candolleomyces candolleanus,"Littleton, CO 80129, USA",1
deff2b67-b677-4ed2-9f29-1199035d83cc,286688457,2025-06-03 19:15:18-06:00,2025-06-03,-105.254524231,39.9882736206,1649.0,,8.0,12.0,25.2,4.2,,1019.4,Candolleomyces candolleanus,Boulder,1
adceb7f2-2fed-4467-829e-a03d6e1bf2f9,286688423,2025-06-03 19:14:52-06:00,2025-06-03,-105.2543182373,39.9881591797,1649.0,,8.0,12.0,25.2,4.2,,1019.4,Candolleomyces candolleanus,Boulder,1
abe6b1ac-cc20-40ba-a144-bfb31a8e0a03,286674178,2025-06-03 17:58:45-06:00,2025-06-03,-105.2640380859,39.9960403442,1655.0,,8.0,12.0,25.2,4.2,,1019.4,Candolleomyces candolleanus,Boulder,1
3a302a29-6b35-4818-a627-13d8299328bc,286674118,2025-06-03 17:58:30-06:00,2025-06-03,-105.2640380859,39.9960403442,1655.0,,8.0,12.0,25.2,4.2,,1019.4,Candolleomyces candolleanus,Boulder,1
3c5061df-aaf8-46d3-9140-2325b37dffe1,286674105,2025-06-03 17:58:13-06:00,2025-06-03,-105.2640380859,39.9960403442,1655.0,,8.0,12.0,25.2,4.2,,1019.4,Candolleomyces candolleanus,Boulder,1
a841262d-9d1e-4cd0-8042-e902e6fa9933,286673305,2025-06-03 17:53:24-06:00,2025-06-03,-105.2644729614,39.9960250854,1655.0,,8.0,12.0,25.2,4.2,,1019.4,Candolleomyces candolleanus,Boulder,1
503d6ad7-2c27-4498-925f-710678be8d6e,286530316,2025-06-02 10:43:12-06:00,2025-06-02,-104.9307840413,39.7325969813,1629.0,,15.3,25.5,4.0,14.4,,1006.1,Candolleomyces candolleanus,"E Hale Pkwy, Denver, CO, US",1
05c24be0-9c38-49ea-9849-cde96bd19f09,286530091,2025-06-03 07:14:44-06:00,2025-06-03,-105.0586194444,39.6099388889,1680.0,,7.2,12.2,26.6,14.9,,1016.0,Candolleomyces candolleanus,"Littleton, CO 80123, USA",2
8d8e9f3f-c87d-4dc8-948e-89b2e99bd8cb,285475933,2025-05-30 11:30:00-06:00,2025-05-30,-105.2797252683,40.0208885426,1644.0,,8.0,26.0,0.3,6.1,,1022.5,Candolleomyces candolleanus,"Central Boulder, Boulder, CO, USA",1
bf81def8-e785-40a9-8a95-866e5ce7f7a2,284432403,2025-05-26 19:03:49-06:00,2025-05-26,-104.8623881421,39.6156101315,1737.0,,7.2,15.6,5.2,11.8,,1017.7,Candolleomyces candolleanus,"Colorado, US",1
37a4d138-127b-424f-80c6-14b78e52b687,280932960,2025-05-13 11:49:53-06:00,2025-05-13,-104.9679866667,39.6948283333,1631.0,,12.9,28.9,0.0,16.0,,997.1,Stropharia rugosoannulata,"S Gilpin St, Denver, CO, US",2
1a5bba53-9520-4451-a07e-db47cdd7346c,246848517,2024-10-11 11:59:55-06:00,2024-10-11,-104.9641633333,39.6983633333,1630.0,,13.3,21.5,0.0,8.6,,1019.8,Hypholoma fasciculare,"E Tennessee Ave, Denver, CO, US",1
915e6f5b-53e5-4fd0-9037-0f19bc356d0a,245162814,2024-09-28 17:44:01-06:00,2024-09-28,-105.4985666667,40.0886972222,2805.0,,13.0,32.0,0.0,3.3,,1023.8,Phaeonematoloma myosotis,"Ward, CO 80481, USA",1
6ba5ab91-99a5-4241-8901-88a2c4a92b38,244428955,2024-09-11 10:46:37-06:00,2024-09-11,-107.2890139722,39.9883769722,2885.0,,7.8,25.0,0.3,8.6,,1009.6,Hypholoma capnoides,"Garfield County, US-CO, US",1
b1b302e9-822c-4837-b0f9-22986098d08d,243889064,2024-09-24 18:20:14-06:00,2024-09-24,-105.2543716431,39.9881591797,1649.0,,11.0,25.0,0.0,4.9,,1020.8,Candolleomyces candolleanus,Boulder,1
0541f540-a208-49c9-99b0-7d7106cec8d3,243450787,2024-09-22 15:45:42-06:00,2024-09-22,-104.9344329834,39.6591377258,1672.0,,6.7,16.1,,6.0,,1021.2,Candolleomyces candolleanus,Denver,1
37adfe1b-62eb-4fcd-9053-457cd736fdbc,243228162,2024-09-21 14:59:39-06:00,2024-09-21,-106.1287388333,39.6304283333,2940.0,,2.0,15.0,3.9,21.9,,1029.8,Hypholoma capnoides,"White River National Forest, Silverthorne, CO, US",1
b443f766-ff3a-4fa4-9d73-63b14c0bb078,239562632,2024-09-02 17:07:18-06:00,2024-09-02,-105.6776458975,39.5321140803,3315.0,,,,,,,,Lacrymaria lacrymabunda,"Colorado, US",2
3e6a2cef-d7f0-4700-9fa8-ca816ea5b4c7,237371765,2024-08-13 17:53:21-06:00,2024-08-13,-107.8542644474,37.887684094,3327.0,,10.0,18.0,15.2,7.5,,1031.3,Hypholoma capnoides,"San Miguel County, US-CO, US",1
69638312-4dbd-41a8-b9ef-4ee07128dbe1,237292016,2024-08-22 09:11:43-06:00,2024-08-22,-107.8848116667,38.4591616667,1802.0,,16.7,22.8,,9.0,,1017.2,Candolleomyces candolleanus,"Chipeta Rd, Montrose, CO, US",2
04ca46a7-b6d3-4bdd-98d6-700a42522c2e,236839144,2024-08-15 08:42:49-06:00,2024-08-15,-107.83365,37.9241666667,3225.0,,9.0,23.0,0.0,9.0,,1032.8,Hypholoma capnoides,"Telluride Ski Resort, Telluride, CO, US",1
27a42a93-e090-4da9-8f85-28a7ead5bbbf,236642837,2024-08-18 12:23:30-06:00,2024-08-18,-105.6322033333,36.0018277833,3371.0,,,,,,,,Hypholoma capnoides,"Carson National Forest, Cordova, NM, US",1
d5daffce-5634-4911-b30c-5132d8c7d2e4,236400302,2024-08-17 13:12:56-06:00,2024-08-17,-107.8585666667,37.8799783333,3275.0,,12.0,23.0,4.9,9.4,,1034.5,Hypholoma capnoides,"Grand Mesa Uncompahgre and Gunnison National Forests, Telluride, CO, US",3
b54c43d1-b917-4192-b19b-46ba58dba492,236366993,2024-08-16 10:40:55-06:00,2024-08-16,-107.8883444858,37.8609868332,2905.0,,12.0,25.0,0.0,11.9,,1033.2,Hypholoma capnoides,"Colorado, US",1
729d85dd-064f-4cf2-af79-9a2bdaec696e,236334315,2024-08-17 12:24:39-06:00,2024-08-17,-107.831325345,37.9213939419,3264.0,,12.0,23.0,4.9,9.4,,1034.5,Hypholoma capnoides,"Telluride Ski Resort, Telluride, CO, US",1
2d7adc9f-118e-448f-823f-cf1989d9bc66,236208791,2024-08-16 08:06:23-06:00,2024-08-16,-107.8337472222,37.9238138889,3225.0,,12.0,25.0,0.0,11.9,,1033.2,Hypholoma capnoides,"Mountain Village, CO 81435, USA",1
4f3d491b-df0c-40d2-9fd5-35c544f9bf9b,235912639,2024-08-13 07:12:56-06:00,2024-08-13,-106.0721138333,39.4218966667,3373.0,,8.3,18.3,6.9,8.8,,1013.9,Hypholoma capnoides,"White River National Forest, Breckenridge, CO, US",1
82a037b8-137d-4708-92a9-1cebc7f9598c,235633360,2024-08-13 18:00:06-06:00,2024-08-13,-105.2645492554,39.9939575195,1660.0,,16.0,30.0,7.4,8.1,,1019.5,Candolleomyces candolleanus,Boulder,1
49ac33aa-3776-4f08-a11c-a58d5d2c2c5f,235562707,2024-08-13 11:07:15-06:00,2024-08-13,-105.1015548706,40.5528564453,1546.0,,16.1,30.6,3.0,11.0,,1013.5,Candolleomyces candolleanus,Fort Collins,1
784d7e8e-fd8a-4344-a65f-bc51775eee14,235426677,2024-08-12 11:48:42-06:00,2024-08-12,-106.72181072,37.47114109,3110.0,,5.0,13.0,4.0,11.7,,1039.4,Hypholoma capnoides,"Mineral County, US-CO, US",3
65c0ce24-1679-48cb-b8fd-1e57f5d50a18,235409179,2024-08-11 07:10:47-06:00,2024-08-11,-107.7766583333,37.8074833333,3025.0,,12.0,22.0,7.8,7.3,,1033.8,Hypholoma capnoides,"San Juan National Forest - Headquarters, Silverton, CO, US",1
0827a899-9754-4f5e-bab2-c0d790349e34,235227727,2024-08-11 17:11:05-06:00,2024-08-11,-104.9372406006,39.6599731445,1673.0,,14.4,29.4,0.0,15.0,,1015.9,Candolleomyces candolleanus,Denver,1
e179d887-926a-4d49-a8c2-1fd15dcc7081,235145884,2024-08-08 14:01:12-06:00,2024-08-08,-106.8224633333,39.19113,2414.0,,7.2,27.2,,9.7,,1015.2,Candolleomyces candolleanus,"Paepcke Park, Aspen, CO, US",1
918cb42f-c67e-4f7d-ba5c-6bd1fdab787d,235029907,2024-08-10 09:49:00-06:00,2024-08-10,-106.8305556,39.6436111,2012.0,,11.7,27.8,2.7,12.1,,1017.0,Candolleomyces candolleanus,"Brush Creek Park and Pavilion, 909 Capitol St, Eagle, CO 81631, USA",1
5db757cc-9b6d-416b-9be4-a3f083f4d1dc,234783795,2024-08-09 17:54:52-06:00,2024-08-09,-105.2635498047,39.9962272644,1655.0,,13.0,20.0,3.6,8.4,,1025.3,Candolleomyces candolleanus,Boulder,1
21a9f43f-5e16-4eb8-80ea-cb249b6c9cb7,234606654,2024-08-08 17:39:21-06:00,2024-08-08,-105.2639389038,39.9969177246,1655.0,,15.0,19.0,8.3,8.7,,1025.4,Candolleomyces candolleanus,Boulder,1
43ffdb07-3f43-4d8d-953b-83869faf9839,234174790,2024-08-06 10:52:01-06:00,2024-08-06,-105.1033859253,40.5528869629,1547.0,,16.1,35.0,,11.4,,1016.7,Candolleomyces candolleanus,Fort Collins,1
ec71cb49-9372-41da-a56b-3d2757a86150,233200216,2024-07-25 11:46:32-06:00,2024-07-25,-106.2139879,38.7722035997,3062.0,,3.9,23.9,1.2,6.9,,1023.0,Hypholoma fasciculare,"Buena Vista, CO 81211, USA",1
0018173e-8ba2-46eb-b250-52ed3a70a1a1,230196417,2024-07-18 17:38:48-06:00,2024-07-18,-105.2647628784,39.9944763184,1668.0,,15.0,31.0,0.4,3.8,,1024.5,Candolleomyces candolleanus,Boulder,1
28863b64-de73-4edb-871c-6747fbf7afcf,230150776,2024-07-18 11:47:39-06:00,2024-07-18,-104.9603018893,39.7328972958,1646.0,,17.1,29.6,0.8,13.4,,1018.3,Candolleomyces candolleanus,"Denver Botanic Gardens, Denver, CO, US",1
75f5ac78-d08f-499d-a747-0c6eb5062adb,227830817,2024-07-02 07:24:48-06:00,2024-07-02,-106.8210533333,39.1935166667,2411.0,,10.0,22.2,,9.0,,1013.5,Candolleomyces candolleanus,"E Francis St, Aspen, CO, US",1
9ba9cd2f-204f-4259-9f8d-1c2747d2f5cb,226064304,2024-06-29 17:05:21-06:00,2024-06-29,-104.7853513802,39.5352130499,1772.0,,14.4,30.0,,13.3,,1019.1,Candolleomyces candolleanus,"Colorado, US",1
e2dcdf5f-8bc5-4ad9-a531-5f2d8ed71618,226004278,2024-06-29 13:09:10-06:00,2024-06-29,-104.9458695297,39.710550299,1625.0,,17.9,27.5,0.0,17.1,,1016.3,Stropharia rugosoannulata,"E Cherry Creek North Dr, Denver, CO, US",1
9caf2cb8-4732-4e5e-bd07-8b3215d287b6,224235676,2024-06-21 12:39:40-06:00,2024-06-21,-105.2186872345,40.0201439811,1591.0,,16.0,29.0,1.1,7.2,,1019.2,Candolleomyces candolleanus,"S Flatiron Ct, Boulder, CO, US",1
0fe5300e-4565-4319-ba5b-b5027c0cfe27,221021330,2024-06-06 19:28:12-06:00,2024-06-06,-105.1414647154,39.8505631132,1721.0,,15.0,30.0,0.0,10.3,,1019.8,Candolleomyces candolleanus,"Colorado, US",1
b1407b65-33d8-4072-aa05-296250a2ec53,216417788,2024-05-17 11:33:35-06:00,2024-05-17,-105.1258208603,39.7809685102,1652.0,,11.0,26.0,0.0,18.9,,1010.6,Stropharia rugosoannulata,"Fruitdale, Wheat Ridge, CO 80033, USA",1
8551cbb2-354b-45f3-935c-bd67b3f769e6,207609803,2024-04-16 11:26:51-06:00,2024-04-16,-104.8693997585,39.7837502153,1619.0,,5.5,18.7,2.4,26.8,,1004.7,Hypholoma fasciculare,"Colorado, US",1
5869d276-b1fc-494c-a69a-60accb408b6c,204157203,2022-08-20 09:26:51-06:00,2022-08-20,-105.2077190951,39.7256087115,1849.0,,15.0,25.0,3.5,13.5,,1022.6,Candolleomyces candolleanus,"Jefferson County, US-CO, US",1
3e518a76-0173-4e93-913c-506080bf292e,391964538,2026-08-16 14:51:17-06:00,2026-08-16,-107.9000727861,37.8077500196,3175.0,,8.0,23.0,0.0,5.0,,,Hypholoma capnoides,"San Miguel County, US-CO, US",1
56b72119-24de-4752-b18a-ec7e2509285b,385097511,2026-07-25 11:49:52-06:00,2026-07-25,-105.6819111111,39.8391722222,3502.0,,9.0,17.0,1.7,8.8,,,Deconica montana,"Stewart Lake Dam, Idaho Springs, CO 80452, USA",1
802baf0c-b573-4871-b86d-a464c2c5bd3a,385084721,2026-07-24 12:19:00-06:00,2026-07-24,-105.8172361015,35.6527491775,2750.0,,17.8,32.2,0.5,7.0,,,Tubaria furfuracea,"New Mexico, US",1
0a9e0595-c3b0-45e7-a0c5-79721ecd0730,378555669,2026-07-05 11:39:29-06:00,2026-07-05,-106.2643262113,41.3521785107,3215.0,,13.1,27.4,0.0,12.7,,1014.5,Deconica montana,"Wyoming, US",1
48971abb-fa58-4f7f-93bc-df71b17f57c5,349692214,2026-04-13 14:22:25-06:00,2026-04-13,-107.1295611667,37.3287283333,2412.0,,-2.0,12.0,4.1,5.8,,,Deconica coprophila,"Turkey Springs Rd, Pagosa Springs, CO, US",1
fb43abe4-4f19-4775-a3ef-8378c2ffbbf9,321349297,2025-10-16 17:27:10-06:00,2025-10-16,-107.1411361667,37.3200616667,2433.0,,1.0,13.0,0.2,7.7,,1016.9,Stropharia coronilla,"Turkey Springs Winter Trail, Pagosa Springs, CO, US",1
1846eaf7-1ff2-4130-af35-edcb317898ba,320701862,2025-10-13 13:14:45-06:00,2025-10-13,-105.1430735,40.5710436,1577.0,,3.0,15.0,0.4,10.3,,1019.7,Stropharia coronilla,"Ponds at Overland, Fort Collins, CO, USA",1
7e361cbf-7b1f-4c4f-bb5b-a82d0ff22cc2,319667442,2025-10-08 16:50:40-06:00,2025-10-08,-105.0171971667,39.545155,1705.0,,5.6,26.1,0.0,5.5,,1017.5,Stropharia coronilla,"Indian Paintbrush Ct, Highlands Ranch, CO, US",1
34b60c1d-eaa4-4895-8b92-5bfe836dc481,319571273,2025-08-25 15:10:33-06:00,2025-08-25,-104.9324956379,39.4850566367,1933.0,,14.4,21.0,12.3,9.3,,1023.7,Deconica coprophila,"Sedalia, CO, US",1
b9551469-f8d4-4b4b-bf93-525941c6f993,319061841,2025-10-05 17:30:10-06:00,2025-10-05,-105.787431073,39.8292256304,3528.0,,-6.7,3.0,6.8,15.6,,1014.3,Psilocybe aztecorum,"Colorado, US",2
5f78d026-d43d-47f6-a00b-2358e883a976,319061746,2025-10-05 15:06:59-06:00,2025-10-05,-105.6049629233,39.9687021669,2975.0,,-6.7,3.0,6.8,15.6,,1014.3,Psilocybe aztecorum,"Colorado, US",1
393b5d0e-723f-463a-8988-33de60596843,319057858,2025-10-05 11:06:41-06:00,2025-10-05,-105.5846862793,39.9844322205,3031.0,,-6.7,3.0,6.8,15.6,,1014.3,Hypholoma capnoides,"Boulder County, US-CO, US",2
6e6016da-b7c0-47e3-88f4-02672e07b7d6,318501156,2025-10-03 13:03:41-06:00,2025-10-03,-105.4346190166,40.1750998422,2271.0,,8.0,31.0,0.0,6.7,,1018.5,Psilocybe aztecorum,"Colorado, US",4
acdf853c-9645-4acd-af72-3ad60bda59b4,316670553,2025-09-25 15:21:42-06:00,2025-09-25,-105.5005416667,40.0898083333,2828.0,,8.0,26.0,0.0,3.8,,1023.0,Psilocybe aztecorum,"Ward, CO, US",2
55517362-83ea-4177-83d5-e86313dd8e31,315730402,2025-09-16 18:05:14-06:00,2025-09-16,-105.5874316241,39.8243060192,2984.0,,-3.6,8.9,2.3,10.3,,1022.9,Psilocybe aztecorum,"Colorado, US",3
14e66109-f2f8-4120-982b-48f9ef139bb9,315388477,2025-09-17 19:09:49-06:00,2025-09-17,-105.7377222254,39.9339731401,2933.0,,-4.5,3.4,0.1,12.7,,1024.0,Psilocybe aztecorum,"Colorado, US",4
e784ad43-6a12-4a75-a633-e3fc15fd3018,314331514,2025-09-14 13:13:36-06:00,2025-09-14,-107.0557416015,38.8600711404,3011.0,,3.0,19.0,0.0,7.3,,1024.4,Hypholoma capnoides,"Gunnison County, US-CO, US",2
acce6cdd-3abd-48fa-8005-6f3c4ce7e9bf,314060199,2025-09-14 18:18:56-06:00,2025-09-14,-105.5375244714,40.1006619623,3018.0,,11.0,24.0,2.3,4.0,,1017.3,Psilocybe aztecorum,"Colorado, US",4
efe55a8e-be9a-451e-9387-3f34aa54c4a7,313478264,2025-09-10 15:58:27-06:00,2025-09-10,-105.4025598172,40.0307454832,2426.0,,12.0,32.0,0.0,6.5,,1018.8,Psilocybe aztecorum,"Colorado, US",2
23109631-595f-47bc-bda9-13b001a47474,313318242,2025-09-10,2025-09-10,-105.5428115013,40.0436872439,3016.0,,12.0,32.0,0.0,6.5,,1018.8,Psilocybe aztecorum,"Colorado, US",6
997b20e1-fe5e-4cd4-ada5-b07e82dd06b3,313250840,2025-09-10 14:24:00-06:00,2025-09-10,-105.803854407,35.7770901224,3132.0,,12.0,29.0,0.0,13.0,,1023.9,Psilocybe mescaleroensis,"Santa Fe County, NM, USA",2
b961ed6f-17fc-491a-ad48-a31b2fd7cb4a,311715306,2025-08-31 10:20:00-06:00,2025-08-31,-107.9814013784,39.0423624168,3129.0,,11.0,33.0,0.0,8.2,,1025.0,Hypholoma capnoides,"Grand Mesa Uncompahgre and Gunnison National Forests, Cedaredge, CO, US",1
59e3d3d9-8f5e-47f8-98d7-def74a587d3c,311373415,2025-08-31 11:17:49-06:00,2025-08-31,-105.1193472222,36.6069277778,2673.0,,3.0,19.0,1.9,6.3,,1033.4,Stropharia coronilla,"Ute Park, NM 87749, USA",1
d32924f4-b2be-4d20-8767-f97a9717c053,311362448,2025-09-01,2025-08-31,-107.9810561612,39.0414716825,3152.0,,11.0,33.0,0.0,8.2,,1025.0,Hypholoma capnoides,"Cedaredge, CO 81413, USA",1
43cfc999-2546-418a-b659-42b37e880ff8,311169850,2025-08-31 09:55:45-06:00,2025-08-31,-107.9811095059,39.0426399572,3132.0,,11.0,33.0,0.0,8.2,,1025.0,Hypholoma capnoides,"Grand Mesa Uncompahgre and Gunnison National Forests, Cedaredge, CO, US",1
ade88bc8-dc8b-4875-b1d8-a81486e220c9,311142309,2025-09-02 17:34:49-06:00,2025-09-02,-104.8848108939,38.7534359955,2343.0,,9.3,23.4,0.0,8.1,,1023.3,Stropharia coronilla,"Colorado, US",1
ac792e8c-902b-4eea-9da7-8890a99d6848,310921004,2025-09-01 12:33:35-06:00,2025-09-01,-105.3201854816,39.241520498,2425.0,,2.4,15.2,0.1,9.2,,1025.0,Psilocybe aztecorum,"Colorado, US",1
0de21c3c-6b7b-4481-86b5-108d5724a05d,310804126,2025-08-30 18:47:00-06:00,2025-08-30,-104.8881351542,38.7800526922,2343.0,,11.3,19.3,2.1,11.1,,1019.1,Stropharia coronilla,"El Paso County, CO, USA",1
ef1087ed-2ac3-4e93-a207-bc4d29eb106b,310605667,2025-08-31 09:34:36-06:00,2025-08-31,-104.7077171988,39.0996113163,2264.0,,7.0,22.0,0.0,10.6,,1030.8,Protostropharia semiglobata,"Walker Rd, Colorado Springs, CO, US",1
a029765d-f23d-466a-8fd4-8dabe492da85,310347130,2025-08-30 12:21:00-06:00,2025-08-30,-105.659325,35.81358611,2494.0,,12.0,28.0,0.0,11.0,,1023.8,Stropharia coronilla,"San Miguel, New Mexico, United States",1
3e16f78c-4b5e-4c16-a52e-3e4cdb5b0824,309361345,2025-08-26 08:55:32-06:00,2025-08-26,-104.9726716667,39.4973616667,1810.0,,13.0,24.0,8.9,10.6,,1025.4,Deconica coprophila,"Sedalia, CO, US",1
f2bf8e51-0627-4f23-90bf-0b381ba1bdf3,309348303,2025-08-26 12:55:24-06:00,2025-08-26,-104.9542084997,39.8088805,1565.0,,13.8,22.9,3.5,11.0,,1019.9,Stropharia coronilla,"Denver, CO 80216, USA",1
82a05df9-a4ed-49a8-b094-f247d12182ec,309125985,2025-08-25 15:24:33-06:00,2025-08-25,-104.9323361111,39.4828138889,1974.0,,14.4,21.0,12.3,9.3,,1023.7,Deconica coprophila,"Sedalia, CO 80135, USA",2
74e29419-aeb6-4f3a-a489-a890d709b45e,306625986,2025-08-12 13:20:00-06:00,2025-08-12,-107.873825,37.8108,3077.0,,10.0,24.0,0.0,6.7,,1031.4,Hypholoma capnoides,"San Miguel, Colorado, United States",2
b6067e86-578a-4a2c-ad6f-215b434c3713,306117304,2025-08-13 09:51:00-06:00,2025-08-13,-107.8728027778,37.8111305556,3040.0,,13.0,26.0,0.0,8.0,,1031.2,Hypholoma capnoides,"San Miguel County, CO, USA",4
c0bf0d61-7872-4887-af57-1f990b8bb328,306010346,2025-08-12 15:16:00-06:00,2025-08-12,-107.88788611,37.81425,3130.0,,10.0,24.0,0.0,6.7,,1031.4,Hypholoma capnoides,"San Miguel, Colorado, United States",2
0f3c7429-5a75-4c59-979e-2e8fb0657dae,305809536,2025-08-10 13:30:10-06:00,2025-08-10,-107.8887083333,39.0298944444,3173.0,,19.0,32.6,0.0,11.3,,1019.8,Hypholoma capnoides,"Cedaredge, CO 81413, USA",2
1f649545-1d05-4641-aa52-66c392e1352a,305061328,2025-08-09 14:39:06-06:00,2025-08-09,-104.7880119722,39.026808,2133.0,,11.6,30.2,3.2,13.5,,1010.8,Deconica coprophila,"Northgate, Colorado Springs, CO, USA",1
933f9b70-2a20-4fa4-8dac-2f7f8b99291a,302003044,2025-07-28 18:06:02-06:00,2025-07-28,-107.6226017879,38.9453266265,2503.0,,13.5,39.4,0.0,7.7,,1023.5,Hypholoma capnoides,"Paonia, CO, US",1
6b80bd03-5c00-45c0-81c8-a1fd32d4956e,301785244,2025-07-27 10:19:29-06:00,2025-07-27,-105.1810805673,40.1323813177,1555.0,,13.1,37.5,0.0,6.7,,1020.5,Stropharia coronilla,"Colorado, US",1
795d588a-d38b-487f-a118-1352d67dec2f,299034504,2025-07-18 09:23:11-06:00,2025-07-18,-103.41585624,43.65502729,1286.0,,11.7,24.4,0.0,13.3,,1013.2,Protostropharia semiglobata,"Custer County, US-SD, US",1
fe605606-14e9-44e5-a783-c09dd6ca7041,296789137,2025-07-10 10:02:09-06:00,2025-07-10,-104.82423747,38.9118298,1907.0,,15.3,30.4,1.6,17.7,,1009.5,Deconica coprophila,"Northeast Colorado Springs, Colorado Springs, CO, USA",2
f2d75793-07ea-4607-a7be-2db28586d9bf,295290000,2025-07-04 16:10:34-06:00,2025-07-04,-106.664475,35.903075,2672.0,,15.7,27.1,0.0,12.4,,1024.5,Deconica coprophila,"Santa Fe National Forest, Jemez Springs, NM, US",1
20b69e89-f0c3-4afc-9e1d-0e616ce6c6d8,291235282,2025-06-06 18:34:15-06:00,2025-06-06,-105.128702621,40.6258501808,1542.0,,10.6,16.7,6.8,9.9,,1015.7,Stropharia coronilla,"CR-54G, Fort Collins, CO, US",1
e1730c13-fa1a-49f5-8142-20bf748d6d8b,288316934,2025-06-09 14:11:42-06:00,2025-06-09,-104.8864090021,38.653746343,2100.0,,9.0,21.0,0.0,12.2,,1021.7,Stropharia coronilla,"Colorado, US",2
f34aa456-3414-4e90-bab7-c4942f814220,287482419,2025-06-06 19:26:16-06:00,2025-06-06,-105.7290578508,39.7756108192,3340.0,,-6.2,4.6,1.7,14.6,,1019.5,Stropharia coronilla,"Colorado, US",1
8b90b27b-3b74-48f1-8008-58f0cf15db9e,286439258,2025-06-02 19:18:33-06:00,2025-06-02,-105.3686023845,39.6807046356,2384.0,,14.0,26.0,11.9,12.2,,1013.5,Stropharia coronilla,"Noble Meadow Trail, Evergreen, CO, US",1
1cd00fd1-558f-413c-9ad3-8ac58b2533c9,286334718,2025-06-02 12:12:07-06:00,2025-06-02,-105.39698951,39.971415,2410.0,,11.0,24.0,13.8,5.8,,1012.9,Stropharia coronilla,"Nederland, CO 80466, USA",1
a86b710c-5d97-43a9-8a90-ce96d370af7d,249053019,2024-10-24 14:42:54-06:00,2024-10-24,-105.6097866667,36.2557216667,2499.0,,-1.1,21.1,0.0,13.7,,1020.3,Deconica coprophila,"Carson National Forest, Ranchos De Taos, NM, US",1
1a5bba53-9520-4451-a07e-db47cdd7346c,246848517,2024-10-11 11:59:55-06:00,2024-10-11,-104.9641633333,39.6983633333,1630.0,,13.3,21.5,0.0,8.6,,1019.8,Hypholoma fasciculare,"E Tennessee Ave, Denver, CO, US",1
6ba5ab91-99a5-4241-8901-88a2c4a92b38,244428955,2024-09-11 10:46:37-06:00,2024-09-11,-107.2890139722,39.9883769722,2885.0,,7.8,25.0,0.3,8.6,,1009.6,Hypholoma capnoides,"Garfield County, US-CO, US",1
acf8d4b9-13d2-4046-bb5a-be27465d6efd,244206686,2024-09-26 12:18:29-06:00,2024-09-26,-105.7013376279,39.7040297856,2671.0,,3.8,13.7,0.0,11.3,,1019.4,Psilocybe aztecorum,"Colorado, US",5
ef8094cd-87a6-4c80-9bdb-0b260f7c58e6,243516884,2024-09-22 15:48:36-06:00,2024-09-22,-105.4998279844,39.6343691154,2603.0,,-4.0,5.2,3.0,8.5,,1021.2,Psilocybe aztecorum,"Colorado, US",5
37adfe1b-62eb-4fcd-9053-457cd736fdbc,243228162,2024-09-21 14:59:39-06:00,2024-09-21,-106.1287388333,39.6304283333,2940.0,,2.0,15.0,3.9,21.9,,1029.8,Hypholoma capnoides,"White River National Forest, Silverthorne, CO, US",1
2898af46-1335-493b-8ff1-2db4d04ad3c7,243025981,2024-09-06 18:59:09-06:00,2024-09-06,-105.6702137796,39.8227022335,3364.0,,-3.6,13.4,0.0,9.4,,1028.6,Psilocybe aztecorum,"Colorado, US",7
9d1bd687-1852-4b1f-a300-d36bcd3236f0,243025489,2024-09-06 18:04:02-06:00,2024-09-06,-105.7807209306,39.8368459443,3475.0,,-3.6,13.4,0.0,9.4,,1028.6,Psilocybe aztecorum,"Colorado, US",5
8908db32-854d-4f8e-befc-7a71c20baf2f,242798837,2024-09-15 13:12:54-06:00,2024-09-15,-105.5846485662,39.5989233982,3297.0,,-1.6,11.6,4.9,9.5,,1017.5,Psilocybe aztecorum,"Colorado, US",3
4210a44e-de5a-4e0e-904e-0d6807015c62,240691571,2024-09-08 18:28:52-06:00,2024-09-08,-105.5045135692,39.966544866,2519.0,,13.0,31.0,0.0,4.8,,1021.1,Psilocybe aztecorum,"CO 119 & East St, Nederland, CO 80466, USA",6
3db6432f-739a-4cb5-beba-f0f443f77aee,240471789,2024-09-07 10:50:29-06:00,2024-09-07,-105.1027723409,39.2959103402,2520.0,,12.8,28.9,0.0,12.7,,1018.1,Deconica montana,"Colorado, US",1
08a7f1b7-e420-4492-842d-2553e99c21ed,238410357,2024-08-27 10:44:20-06:00,2024-08-27,-103.4554762021,36.8698402804,1648.0,,,,,,,,Deconica coprophila,"Des Moines, NM 88418, USA",1
566a8427-35da-4636-ba29-b10cfc906183,237586079,2024-08-23 18:55:28-06:00,2024-08-23,-105.204263946,39.2175467572,2189.0,,5.3,18.5,0.3,14.2,,1017.9,Psilocybe aztecorum,"Colorado, US",5
aca496d5-1dcc-47e4-b37d-ba36ae64cc8e,237420408,2024-08-22 17:16:11-06:00,2024-08-22,-105.4883664498,40.0309024528,2698.0,,18.0,30.0,2.5,9.2,,1021.2,Psilocybe aztecorum,"Colorado, US",6
b850308e-6826-4978-afcc-eaf44f5aa7f5,237420068,2024-08-22 14:31:30-06:00,2024-08-22,-105.6149059889,39.8296290836,3288.0,,3.6,11.4,9.5,9.6,,1022.9,Psilocybe aztecorum,"Colorado, US",1
3e6a2cef-d7f0-4700-9fa8-ca816ea5b4c7,237371765,2024-08-13 17:53:21-06:00,2024-08-13,-107.8542644474,37.887684094,3327.0,,10.0,18.0,15.2,7.5,,1031.3,Hypholoma capnoides,"San Miguel County, US-CO, US",1
f9a59671-7752-4769-aa76-c71a816d3a4e,237117653,2023-09-15 16:59:00-06:00,2023-09-15,-105.5082212618,40.0472409019,2748.0,,11.0,18.0,2.7,3.0,,1025.6,Psilocybe aztecorum,"Boulder County, CO, USA",6
0b7e3125-e05f-479a-8fb7-e056d03fb98c,237052224,2024-08-20 14:47:24-06:00,2024-08-20,-104.7732466667,38.88638,1957.0,,15.0,32.2,0.8,12.2,,1018.9,Stropharia coronilla,"Palmer Park Trail, Colorado Springs, CO, US",3
04ca46a7-b6d3-4bdd-98d6-700a42522c2e,236839144,2024-08-15 08:42:49-06:00,2024-08-15,-107.83365,37.9241666667,3225.0,,9.0,23.0,0.0,9.0,,1032.8,Hypholoma capnoides,"Telluride Ski Resort, Telluride, CO, US",1
3d1b683d-21d7-451d-8e28-2bf99e50ce67,236766516,2024-08-19 13:32:29-05:00,2024-08-19,-100.022305756,37.7734105117,804.0,,,,,,,,Psilocybe,"Fourth Ave, Dodge City, KS, US",1
505eb846-1d1e-40ba-b62b-0908f914f22c,236657312,2024-08-18 09:52:02-06:00,2024-08-18,-105.4878036756,36.7160729362,2997.0,,12.2,31.7,0.0,12.2,,1020.5,Deconica coprophila,"Carson National Forest, Taos, NM, US",1
27a42a93-e090-4da9-8f85-28a7ead5bbbf,236642837,2024-08-18 12:23:30-06:00,2024-08-18,-105.6322033333,36.0018277833,3371.0,,,,,,,,Hypholoma capnoides,"Carson National Forest, Cordova, NM, US",1
d5daffce-5634-4911-b30c-5132d8c7d2e4,236400302,2024-08-17 13:12:56-06:00,2024-08-17,-107.8585666667,37.8799783333,3275.0,,12.0,23.0,4.9,9.4,,1034.5,Hypholoma capnoides,"Grand Mesa Uncompahgre and Gunnison National Forests, Telluride, CO, US",3
b54c43d1-b917-4192-b19b-46ba58dba492,236366993,2024-08-16 10:40:55-06:00,2024-08-16,-107.8883444858,37.8609868332,2905.0,,12.0,25.0,0.0,11.9,,1033.2,Hypholoma capnoides,"Colorado, US",1
729d85dd-064f-4cf2-af79-9a2bdaec696e,236334315,2024-08-17 12:24:39-06:00,2024-08-17,-107.831325345,37.9213939419,3264.0,,12.0,23.0,4.9,9.4,,1034.5,Hypholoma capnoides,"Telluride Ski Resort, Telluride, CO, US",1
2d7adc9f-118e-448f-823f-cf1989d9bc66,236208791,2024-08-16 08:06:23-06:00,2024-08-16,-107.8337472222,37.9238138889,3225.0,,12.0,25.0,0.0,11.9,,1033.2,Hypholoma capnoides,"Mountain Village, CO 81435, USA",1
4f3d491b-df0c-40d2-9fd5-35c544f9bf9b,235912639,2024-08-13 07:12:56-06:00,2024-08-13,-106.0721138333,39.4218966667,3373.0,,8.3,18.3,6.9,8.8,,1013.9,Hypholoma capnoides,"White River National Forest, Breckenridge, CO, US",1
03c9d183-0f5b-4c7f-ba56-73f3828f6a8a,235786180,2024-08-12 15:49:00-06:00,2024-08-12,-106.8245833257,36.0813572725,3112.0,,,,,,,,Deconica montana,"Rio Arriba County, NM, USA",1
784d7e8e-fd8a-4344-a65f-bc51775eee14,235426677,2024-08-12 11:48:42-06:00,2024-08-12,-106.72181072,37.47114109,3110.0,,5.0,13.0,4.0,11.7,,1039.4,Hypholoma capnoides,"Mineral County, US-CO, US",3
65c0ce24-1679-48cb-b8fd-1e57f5d50a18,235409179,2024-08-11 07:10:47-06:00,2024-08-11,-107.7766583333,37.8074833333,3025.0,,12.0,22.0,7.8,7.3,,1033.8,Hypholoma capnoides,"San Juan National Forest - Headquarters, Silverton, CO, US",1
28c5eec4-763e-446a-95b2-946893134e19,235108615,2024-08-10 10:03:41-06:00,2024-08-10,-106.6641083333,35.8991,2671.0,,15.5,22.0,,6.4,,1029.9,Deconica coprophila,"Santa Fe National Forest, Jemez Springs, NM, US",1
26cc95df-8f68-449f-96f6-a5a131919f71,235023459,2024-08-10 19:11:59-06:00,2024-08-10,-106.57405,35.7731966667,2614.0,,15.5,22.0,,6.4,,1029.9,Stropharia coronilla,"Santa Fe National Forest, Jemez Springs, NM, US",1
ae42c353-c3b8-41a0-b06e-c82b57d0a901,234413078,2024-08-07 13:14:05-06:00,2024-08-07,-105.777405,35.799795,3527.0,,17.2,34.4,0.0,16.8,,1012.0,Protostropharia semiglobata,"Santa Fe National Forest, Tererro, NM, US",1
77a15b36-58a1-41ab-a39b-5a7b7e2ee543,234357659,2024-08-02 15:16:28-06:00,2024-08-02,-106.6374737192,35.9978122066,2754.0,,17.6,29.0,0.9,8.3,,1033.0,Deconica coprophila,"Sandoval County, US-NM, US",1
f508f3be-5124-49b5-a7c7-19ee246d89f2,234008901,2024-08-03 11:51:00-06:00,2024-08-03,-105.6542138889,35.8442388889,2722.0,,15.6,33.9,,10.6,,1016.2,Deconica coprophila,"San Miguel County, NM, USA",1
ec71cb49-9372-41da-a56b-3d2757a86150,233200216,2024-07-25 11:46:32-06:00,2024-07-25,-106.2139879,38.7722035997,3062.0,,3.9,23.9,1.2,6.9,,1023.0,Hypholoma fasciculare,"Buena Vista, CO 81211, USA",1
f6aa6cd1-1391-4999-9f66-c0a2b92aff31,232380907,2024-07-25 12:11:39-06:00,2024-07-25,-105.0284666667,36.4969083333,2443.0,,4.1,23.8,1.6,3.3,,1035.0,Stropharia coronilla,"Cimarron, NM 87714, USA",1
e575ad8a-f54e-46cb-9a94-9a9335773208,231135905,2024-07-22 11:26:15-06:00,2024-07-22,-106.7282633333,35.88397,2357.0,,12.5,24.6,,9.5,,1027.8,Stropharia coronilla,"Santa Fe National Forest, Jemez Springs, NM, US",1
4f842a63-612e-427f-b47e-050209fa260f,226295169,2024-06-30 10:44:42-06:00,2024-06-30,-105.8287812956,35.7514630523,2767.0,,16.7,29.4,,18.1,,1017.0,Tubaria furfuracea,"Santa Fe County, US-NM, US",1
8551cbb2-354b-45f3-935c-bd67b3f769e6,207609803,2024-04-16 11:26:51-06:00,2024-04-16,-104.8693997585,39.7837502153,1619.0,,5.5,18.7,2.4,26.8,,1004.7,Hypholoma fasciculare,"Colorado, US",1
ec1361c0-d2c5-49d8-a073-8c304aaa3476,191396725,2023-11-18 11:55:02-07:00,2023-11-18,-108.3472497761,41.9241034048,2008.0,,,,,,,,Psilocybe pelliculosa,United States,3
d52e88c8-26d4-44b3-bb6c-cd77d2a496f9,189188516,2023-10-27 11:39:54-06:00,2023-10-27,-105.0955971667,39.54518,1672.0,,0.0,7.2,0.0,12.9,,1021.0,Hypholoma fasciculare,"Chatfield State Park, Littleton, CO, US",1
9c6b1727-23a8-4b21-a5f8-eaf8f4e3b6ab,186928333,2023-09-19 01:44:38-06:00,2023-09-19,-105.5842342376,39.7874996377,2610.0,,-2.1,7.8,2.3,12.8,,1019.0,Psilocybe aztecorum,"Colorado, US",6
bcd9e821-e83b-4096-a19e-1a867defa6f0,183039992,2023-09-12 16:40:47-06:00,2023-09-12,-105.1257173361,38.4441365833,1661.0,,11.8,21.3,1.1,7.5,,1018.9,Deconica coprophila,"Colorado, US",1
71bf1d8d-b77a-478b-9cea-91a09f5507e8,183038568,2023-09-12 10:42:21-06:00,2023-09-12,-104.8602369722,39.178673,2125.0,,8.0,17.0,0.9,18.2,,1025.4,Deconica coprophila,"Douglas County, US-CO, US",1
00b3d6d4-39e1-402e-adec-97241ad7692a,182344077,2023-09-02 16:40:57-06:00,2023-09-02,-106.1985116364,39.6490787404,3604.0,,12.0,20.0,5.3,12.5,,1040.4,Hypholoma capnoides,"Summit County, US-CO, US",2
2e05bc76-92c8-4885-9ddd-dc955a8d5023,182005993,2023-08-30 14:25:00-06:00,2023-08-30,-105.1398700919,37.9850272834,3341.0,,11.9,31.5,0.0,15.8,,1014.2,Deconica coprophila,"Huerfano County, CO, USA",2
28bf5993-3965-4ed1-be45-a3b78d17d521,181471563,2023-09-02 14:36:08-06:00,2023-09-02,-105.2788056806,38.9546676606,2587.0,,7.3,20.6,0.3,10.9,,1019.3,Protostropharia semiglobata,"Florissant, CO 80816, USA",1
a98dc806-ff31-4e69-97cd-d9d6f0d4ab6b,180876028,2023-08-29 17:06:22-06:00,2023-08-29,-105.8295156524,39.4142194639,3022.0,,0.8,13.6,0.0,9.7,,1025.3,Hypholoma capnoides,"Colorado, US",2
ecd89967-bd77-4354-a257-98c6e27faa9a,179220921,2023-08-19 11:56:27-06:00,2023-08-19,-107.8513716667,37.885855,3377.0,,12.0,26.0,2.4,9.5,,1031.9,Hypholoma capnoides,"Grand Mesa Uncompahgre and Gunnison National Forests, Telluride, CO, US",1
be39c9b1-eab9-499c-b357-b02733807c65,178916211,2023-08-16 15:05:16-06:00,2023-08-16,-107.8531131009,37.8827343342,3367.0,,12.0,26.0,7.0,6.9,,1034.9,Hypholoma capnoides,"San Miguel County, US-CO, US",3
02a9131b-8cc1-4cee-942f-d391e251d239,178801542,2023-08-16 14:51:17-06:00,2023-08-16,-107.9553688366,37.8863276305,3067.0,,12.0,26.0,7.0,6.9,,1034.9,Hypholoma capnoides,"Colorado, US",1
ae9b408a-6b36-40b8-a3b0-5e9cfa493fc4,393083644,2026-08-20 18:59:00-06:00,2026-08-20,-106.7892386755,41.2039581002,2228.0,,,,,,,,Coprinellus micaceus,"Encampment, WY 82325, USA",1
90eeb17f-c97d-4fc8-886e-483d414cbca3,392666801,2026-08-19 08:45:24-06:00,2026-08-19,-104.8007885184,41.1389589789,1851.0,,14.0,24.5,,14.4,,1013.7,Coprinellus micaceus,"Cheyenne, WY, US",1
1e8d0a1e-ec9d-4763-a2aa-f5a0312732c5,392664378,2026-08-19 08:41:22-06:00,2026-08-19,-105.5852651997,41.3139655,2196.0,,10.9,26.3,0.0,14.5,,1016.9,Coprinellus micaceus,"Laramie, WY, USA",1
9bc5cd95-bbe4-42e7-ad8a-da4646ec9c52,392097638,2026-08-17 08:42:01-06:00,2026-08-17,-104.9311159249,39.6035620708,1686.0,,14.8,30.4,0.0,11.2,,1017.1,Coprinopsis lagopus,"Greenwood Village, CO 80121, USA",1
c56b6e59-f25d-4956-9d77-1d1af20fa96b,391471279,2026-08-14 11:21:08-06:00,2026-08-14,-108.0121472167,37.7804833333,3061.0,,10.0,19.0,4.5,2.8,,,Coprinus comatus,"Dolores County, US-CO, US",1
0ee1f3f8-9f14-4d42-b3d1-ee1640e40587,391268296,2026-08-09 12:00:00-06:00,2026-08-09,-106.1374277778,39.9356361111,2527.0,,12.0,16.0,1.8,6.7,,,Coprinopsis nivea,"Grand County, CO, USA",1
b759cfc1-5574-4444-b629-abbf6605272f,390429653,2026-08-07 12:51:00-06:00,2026-08-07,-106.5406081,39.1514975997,3575.0,,0.6,26.7,0.0,4.6,,1022.0,Coprinus comatus,"Lake County, CO, USA",1
f502d148-134a-4457-879f-4f0537d1971b,390289661,2026-07-31 19:35:18-06:00,2026-07-31,-110.6613638889,40.7579666667,3197.0,,,,,,,,Coprinus comatus,"Bear River, WY 82930, USA",1
fc501dba-257d-4c89-9312-9df8ccfd872a,390143461,2026-08-10 09:08:52-06:00,2026-08-10,-105.5390986428,40.7929985038,2488.0,,16.4,26.4,0.9,15.6,,1014.8,Coprinopsis nivea,"RED FE LKS, CO 80545, USA",1
7e8b7ab7-f311-483b-aacf-7fa2bf8d68b9,389751243,2026-07-31 09:02:00-06:00,2026-07-31,-105.385360123,37.8988637751,2629.0,,11.0,22.0,1.6,6.8,,,Coprinopsis nivea,"Colorado, US",1
e0fea56b-b3b1-4f1b-8802-3020078025f3,388937033,2026-08-06 13:35:23-06:00,2026-08-06,-106.4978783333,35.885595,2651.0,,19.0,31.5,3.8,7.4,,1015.9,Coprinus comatus,"Jemez Springs, NM, US",1
7365d5bc-21c4-4f8a-bc9b-37e9be979e90,388584973,2026-08-04 08:47:14-06:00,2026-08-04,-106.9837279322,38.9548268277,2935.0,,12.8,30.6,0.0,6.0,,,Coprinopsis nivea,"Grand Mesa Uncompahgre and Gunnison National Forests, Crested Butte, CO, US",1
617aff0f-d8fa-4f71-b1c1-d8c9adf82f8f,388316826,2026-08-04 11:42:50-06:00,2026-08-04,-107.0237971667,39.0212888333,3490.0,,12.8,30.6,0.0,6.0,,,Coprinus comatus,"Carbondale, CO, US",1
df3eed3c-12ed-4280-9988-668b29d64e85,386163038,2026-07-28 14:12:59-06:00,2026-07-28,-106.6324916667,35.8928966667,2553.0,,21.5,32.6,11.4,6.7,,,Coprinopsis nivea,"Forest Service Road 106, Jemez Springs, NM, US",1
f3ada407-12b7-411c-b3f7-abd00db188ca,386109897,2026-07-28 11:35:41-06:00,2026-07-28,-107.0733191818,39.0308736779,3445.0,,13.3,30.0,5.4,6.8,,,Coprinus comatus,"Gunnison County, US-CO, US",1
d5ecaf0b-ae06-4fae-bf97-acf9cc4a91c8,386084335,2026-07-28 11:28:55-06:00,2026-07-28,-107.0836416667,39.026975,3436.0,,13.3,30.0,5.4,6.8,,,Coprinus comatus,"White River National Forest, Carbondale, CO, US",1
ea921356-4815-4470-9e15-504351319a9f,385414868,2026-07-26 12:03:22-05:00,2026-07-26,-99.8362661549,39.8672482863,710.0,,24.0,43.0,0.0,8.1,,1008.2,Coprinopsis variegata,United States,1
4fd0c696-b650-47b9-8fe9-50c3f648b804,385375359,2026-07-26 10:23:59-05:00,2026-07-26,-100.0017529722,38.0673249722,720.0,,,,,,,,Coprinus comatus,"Center Township, KS, USA",2
c476987d-37cf-4966-8c5d-4bd4472b3e4f,383712296,2026-07-21 07:33:32-06:00,2026-07-21,-107.0083729488,38.0779158108,2803.0,,,,,,,,Coprinus comatus,"County Road 52, Lake City, CO, US",1
c684a4d4-a595-4541-9ae9-64f73a3028cf,383706417,2026-07-21 07:33:22-06:00,2026-07-21,-106.9411108904,38.0540361677,3725.0,,,,,,,,Coprinus comatus,"Saguache County, US-CO, US",1
5baf6279-93eb-4c06-9e43-03597836883d,383602646,2026-07-21 07:03:27-06:00,2026-07-21,-107.4351333333,38.0683083333,3639.0,,11.0,27.0,2.1,5.6,,,Coprinus comatus,"Lake City, CO 81235, USA",1
23a72c68-1306-4518-a994-a5b82c97df10,382066089,2026-05-03 17:14:19-06:00,2026-05-03,-105.9255570274,35.6790002103,2171.0,,2.2,20.6,0.0,7.8,,,Coprinus comatus,"Santa Fe County, US-NM, US",1
82655559-7300-4d65-830b-b445a29d23ba,381179945,2026-07-13 13:38:00-06:00,2026-07-13,-106.5304586446,35.8179338905,2621.0,,16.7,29.9,0.0,6.8,,,Coprinus comatus,"Sandoval County, NM, USA",1
38b8a3b9-d0d2-4130-a5fa-e8697a41b88a,380177801,2026-05-26 15:43:48-06:00,2026-05-26,-105.1788851548,40.0509270615,1565.0,,13.0,26.0,3.6,4.9,,,Coprinellus micaceus,"75th St, Boulder, CO, US",1
2e31034e-5d1f-4ece-901d-17cbe4c0c80c,379679079,2026-07-09 08:28:01-05:00,2026-07-09,-99.8804597475,39.4812613728,744.0,,20.0,32.0,0.6,10.5,,1011.7,Coprinus comatus,"Kansas, US",1
6d990f3f-1b67-45f0-912d-0c400c73e460,377336497,2026-07-01 10:44:46-06:00,2026-07-01,-106.1638015997,41.3225906997,2644.0,,6.1,25.0,0.1,8.4,,,Coprinus comatus,"Centennial, WY 82055, USA",1
06427b0b-4e17-48b3-a9af-1ce7a6a40dae,376401230,2025-09-23 11:49:55-06:00,2025-09-23,-106.2525466667,38.5489383333,2742.0,,0.0,5.0,2.1,26.3,,1034.9,Coprinus comatus,"W US Hwy 50, Salida, CO, US",1
92a3099a-d809-415e-aff2-21dda67afd57,375649165,2026-06-26 16:09:38-06:00,2026-06-26,-105.0838861667,40.5724333333,1534.0,,11.0,32.8,0.7,4.8,,,Coprinellus micaceus,"Center Ave, Fort Collins, CO, US",1
12301791-7b5d-4302-9e87-d068f51b3415,375617383,2026-06-26 12:47:41-06:00,2026-06-26,-105.45288,40.9382383333,2167.0,,9.2,21.3,1.5,20.5,,1011.1,Coprinus comatus,"Livermore, CO, US",1
c356411c-f1fb-4332-a596-b1b182018e85,375271211,2026-06-25 10:54:29-06:00,2026-06-25,-105.0896419974,40.5893200588,1533.0,,13.3,23.9,9.2,7.4,,,Parasola plicatilis,"Laporte Ave, Fort Collins, CO, US",1
e9e1236f-9e1b-4c41-8252-d8bb2ad16e6c,374607020,2025-07-23 10:26:09-06:00,2025-07-23,-105.4684118258,39.6941593311,2765.0,,3.2,12.3,2.8,11.6,,1019.5,Coprinus comatus,"Clear Creek County, US-CO, US",1
0f50688c-b363-4826-b717-f3fc67fb1842,374148207,2025-09-27 11:59:50-06:00,2025-09-27,-105.0767215994,40.5285675126,1537.0,,11.0,27.0,0.0,10.2,,1020.9,Coprinus comatus,"S College Ave, Fort Collins, CO, US",1
a3787fd1-cb9b-4c26-8a13-653103b8a88b,374011175,2026-06-21 07:18:31-06:00,2026-06-21,-105.0784078211,39.9321066152,1651.0,,15.0,32.0,0.5,7.5,,,Parasola plicatilis,"Bosque St, Broomfield, CO, US",1
e576d43b-b4b9-40c8-b4bb-24b74f90709f,372596382,2021-10-09 18:56:12-06:00,2021-10-09,-104.9892434478,39.5313964234,1766.0,,11.1,22.2,0.0,18.3,,1006.5,Coprinus comatus,"Littleton, CO 80129, USA",1
8171fa2c-d9a9-4c10-9fa6-0fc550e52a3e,372491575,2026-06-16 19:36:13-06:00,2026-06-16,-104.9607783333,39.6704333333,1636.0,,10.0,32.2,0.0,5.4,,,Coprinellus micaceus,"S York St, Denver, CO, US",1
b4b48a97-3ce9-420b-8f21-e6b4e622463c,371284417,2026-05-21 11:55:58-06:00,2026-05-21,-105.0781467744,39.7141016275,1678.0,,4.9,18.5,,11.2,,1012.1,Coprinellus micaceus,"S Upham Ct, Lakewood, CO, US",1
bbce79db-fdf0-472d-aacb-bb2c8e8e065d,370311477,2026-06-10 06:10:03-06:00,2026-06-10,-104.7588694444,39.6611388889,1715.0,,11.1,30.8,0.0,8.2,,,Coprinellus micaceus,"Seven Hills, Aurora, CO 80013, USA",1
9f9d5780-9323-4243-896d-116e91be89f4,370214537,2026-06-09 20:29:44-06:00,2026-06-09,-105.0124740601,39.6107177734,1646.0,,13.9,31.7,0.0,8.4,,,Coprinellus micaceus,Littleton,1
f1199e37-1df0-4d2a-b65a-29f7c541a0f0,369536691,2026-06-04 07:35:02-06:00,2026-06-04,-104.8481616667,39.5488583333,1809.0,,11.1,30.0,0.0,7.0,,,Coprinopsis lagopus,"Belford Ave, Englewood, CO, US",1
528b7065-aa16-4141-b913-31590b620cd9,368942371,2022-10-10 11:07:00-06:00,2022-10-10,-104.941545,39.6674833333,1653.0,,6.1,22.2,0.0,7.1,,1015.9,Coprinus comatus,"S Harrison St, Denver, CO, US",1
89d999be-7aec-40ed-b32f-ee66f27ab269,368942337,2022-06-01 09:21:36-06:00,2022-06-01,-105.0730583333,39.6842466667,1678.0,,4.0,16.6,3.1,7.3,,1022.3,Coprinellus micaceus,"S Quay St, Lakewood, CO, US",1
f35ff31e-8a75-4fcf-aa52-d35e3f73769a,368526274,2024-10-29 17:01:52-06:00,2024-10-29,-108.4441230949,39.0247633906,1520.0,,5.6,15.6,11.7,22.3,,1000.7,Coprinus comatus,"Mesa County, US-CO, US",2
842eebfa-2ab6-44b0-b1ec-49fb2fca4d83,368440903,2026-06-03 15:11:47-06:00,2026-06-03,-104.7091323137,40.4232843459,1426.0,,12.9,29.5,0.5,10.9,,1014.4,Coprinellus micaceus,"10th St @ 18th Ave - Eastbound, Greeley, CO 80631, USA",2
d2e1bb60-e71e-43dc-8dba-239536875a37,368415204,2025-10-08 13:57:16-06:00,2025-10-08,-105.0997591393,40.5745598616,1537.0,,3.0,24.4,0.0,4.2,,1019.0,Coprinus comatus,"W Elizabeth St, Fort Collins, CO, US",1
59fdfb78-0265-423e-bdd2-a10b08c09b99,368366930,2026-06-04 09:48:22-06:00,2026-06-04,-105.1907417179,39.9994484755,1619.0,,12.0,32.0,0.8,4.2,,,Coprinus comatus,"Dry Creek Trail, Boulder, CO, US",2
33bf76a3-7f06-434e-b846-a9b25b333a05,368228164,2026-06-03 13:17:59-06:00,2026-06-03,-105.1444759592,40.5868744724,1570.0,,11.7,28.0,0.0,7.2,,,Coprinellus micaceus,"Fort Collins, CO 80521, USA",2
0417d156-71d0-42e9-87b2-9f86c2eb7fe9,368191955,2026-06-03 18:04:22-06:00,2026-06-03,-105.0553318207,39.6740641259,1687.0,,14.0,25.6,,11.5,,1014.9,Coprinellus micaceus,"W Iliff Dr, Lakewood, CO, US",1
73de7b76-1f85-44db-8fbb-c1bd3a99145c,368188766,2026-06-03 17:51:21-06:00,2026-06-03,-105.2636642456,39.9960479736,1655.0,,13.0,26.0,1.5,4.3,,1015.4,Coprinellus micaceus,"Boulder County, US-CO, US",1
1fe12264-c5e2-4e43-aba0-e7d1d380eeb3,368188730,2026-06-03 17:51:08-06:00,2026-06-03,-105.2636642456,39.9960327148,1655.0,,13.0,26.0,1.5,4.3,,1015.4,Coprinellus micaceus,"Boulder County, US-CO, US",1
7919b6da-1e4d-4f9d-8692-7089c8798a8f,368188701,2026-06-03 17:50:55-06:00,2026-06-03,-105.2636489868,39.9960594177,1655.0,,13.0,26.0,1.5,4.3,,1015.4,Coprinellus micaceus,"Boulder County, US-CO, US",1
0d67da21-4fb6-4f9d-b1a6-6a6525c374c9,368188621,2026-06-03 17:50:45-06:00,2026-06-03,-105.2636489868,39.9960403442,1655.0,,13.0,26.0,1.5,4.3,,1015.4,Coprinellus micaceus,Boulder,1
ae68a21a-ba8c-47e6-bf70-ba9a50fdb84e,368042475,2026-06-03 08:21:49-06:00,2026-06-03,-104.8401087997,39.3829056,1974.0,,13.3,23.9,1.5,7.0,,,Coprinus calyptratus,"Castle Rock, CO, USA",1
ecc5b0c3-29f0-49c0-b79c-f238e51aa865,368003951,2026-06-02 11:10:36-06:00,2026-06-02,-104.8219833333,41.1136932222,1870.0,,10.0,22.0,0.6,11.4,,1018.1,Coprinus comatus,"Cribbon & Gopp, Cheyenne, WY 82007, USA",1
f65a5497-b74b-4c76-bc6b-7378e58b148c,367960828,2025-05-09 18:29:17-06:00,2025-05-09,-105.0479195,40.0360611667,1542.0,,4.7,22.2,0.0,4.4,,1026.8,Coprinus comatus,"Gallegos St, Erie, CO, US",1
8a5878fb-8a8a-4cb1-ada2-4ac6be68c500,367936608,2026-06-02 21:04:20-06:00,2026-06-02,-106.2980826572,42.8486802286,1576.0,,5.6,28.9,0.0,6.9,,,Coprinellus micaceus,"Casper, WY, USA",1
61a377d4-2e4d-42a0-bef9-212b6f3a054c,367887699,2026-06-02 15:38:40-06:00,2026-06-02,-104.7475583333,39.5022466667,1856.0,,12.2,22.8,0.8,10.4,,1016.4,Coprinellus micaceus,"Pine Grove Ln, Parker, CO, US",1
203e026e-8cf9-4bc0-a2a0-13398c5b8304,367881588,2026-06-02 16:12:28-06:00,2026-06-02,-104.8102805556,38.8440055556,1849.0,,11.7,21.7,,7.8,,1014.9,Coprinellus micaceus,"Middle Shooks Run, Colorado Springs, CO 80903, USA",1
41a3b7e4-e16a-4b48-890b-bbcccf1b6ed4,367860930,2026-06-02 10:46:00-06:00,2026-06-02,-105.121606873,39.7745138087,1651.0,,12.0,23.0,2.0,7.1,,1017.9,Coprinus calyptratus,"Fruitdale, Wheat Ridge, CO 80033, USA",1
09c09c06-4f6d-40e7-8dd3-e19d056cfc41,367839704,2026-05-26 13:33:40-06:00,2026-05-26,-105.1295064249,40.5607561833,1565.0,,11.7,27.8,2.5,8.9,,,Coprinellus micaceus,"White Rock Ct, Fort Collins, CO, US",1
d859dcb2-64bb-4179-893f-70d287120885,367755422,2026-05-31 18:55:07-06:00,2026-05-31,-105.1355716959,38.256899136,1931.0,,9.0,29.0,0.0,7.6,,,Coprinellus micaceus,"Wetmore, CO 81253, USA",2
0f034b7a-dc1c-4c42-af97-848775acd466,367631487,2026-04-29 19:05:07-06:00,2026-04-29,-104.8254783333,38.8490616667,1851.0,,3.3,10.0,,6.5,,1017.1,Coprinellus micaceus,"Colorado College, Colorado Springs, CO, US",1
f8267899-2142-4edc-822a-cd94f04f1b7f,367619675,2026-05-21 15:30:20-06:00,2026-05-21,-104.8950416667,39.6286916667,1717.0,,4.4,20.0,1.3,6.5,,,Coprinopsis atramentaria,"E Union Ave, Denver, CO, US",1
2904e0e2-c8ff-4421-89c8-4922b228d9d8,367619331,2026-05-20 10:24:42-06:00,2026-05-20,-104.8903666667,39.6284916667,1709.0,,4.4,12.8,0.6,10.1,,,Coprinellus micaceus,"Goldsmith Gulch Trail, Denver, CO, US",1
c2650350-bc93-4350-9afe-0b3146575ce0,367619223,2026-05-24 14:59:33-06:00,2026-05-24,-104.956245,39.5860666667,1693.0,,10.0,24.4,0.2,7.1,,,Coprinellus micaceus,"Cherry Knolls Park, Centennial, CO, US",1
19ce2cf3-1181-49a2-b6cd-8f5e43a9fa6b,367593167,2026-06-01 19:07:33-06:00,2026-06-01,-105.0900497437,40.5352096558,1549.0,,12.8,26.7,0.9,8.1,,1015.3,Coprinellus micaceus,Fort Collins,1
e46ca135-554c-4e2f-844f-81b9bacca1ba,367482629,2026-06-01 12:01:24-06:00,2026-06-01,-105.2850634,40.013582,1646.0,,13.0,26.0,1.6,3.5,,1015.1,Coprinellus micaceus,"9th Street and Arapahoe Road, Boulder, CO 80302, USA",2
e2f0e261-6a1b-4ab8-aea4-220fe14c330b,367229975,2026-05-31 16:33:51-06:00,2026-05-31,-105.24808476,39.99783021,1629.0,,11.0,27.0,0.0,5.5,,,Coprinus comatus,"Bear Creek, Boulder, CO 80309, USA",2
e1a7fdf5-1d7b-46f7-9fef-51047030a495,367143807,2026-05-27 20:26:44-06:00,2026-05-27,-105.1092304339,40.5720583459,1543.0,,11.7,21.7,2.1,5.6,,,Coprinus comatus,"Skyline Dr, Fort Collins, CO, US",1
7a69360f-8576-4dae-8d2b-60839f898885,367121906,2026-05-31 11:15:50-06:00,2026-05-31,-105.0900869,40.5351793,1549.0,,9.4,26.7,0.0,5.6,,,Coprinellus micaceus,"Troutman Park, Fort Collins, CO 80526, USA",2
283c6052-eace-4493-a2f2-806a837c1130,367077182,2026-05-30 06:40:52-06:00,2026-05-30,-105.1261833333,40.5504216667,1564.0,,10.0,24.0,0.5,6.5,,,Coprinus comatus,"McKeag Dr, Fort Collins, CO, US",1
e0e0d660-e15f-4007-bd63-ea56b770ed3e,366690533,2026-05-29 14:48:47-06:00,2026-05-29,-104.7114958429,38.7451923872,1768.0,,12.9,27.0,1.5,8.4,,1007.2,Coprinellus micaceus,"Fountain Valley School Rd, Widefield, CO, US",1
192dc880-994c-4aef-9101-1cf2b189181f,366636166,2026-05-27 06:46:13-06:00,2026-05-27,-105.1375111667,39.7656883333,1682.0,,13.0,21.0,1.8,5.1,,,Coprinopsis lagopus,"N Ward Rd, Wheat Ridge, CO, US",1
9ef4cd1a-c5b9-4d33-a7bb-1278d118fc5d,366526251,2026-05-29 19:46:03-06:00,2026-05-29,-104.9838416667,39.71793,1613.0,,13.6,24.3,,12.4,,1007.2,Coprinellus micaceus,"N Grant St, Denver, CO, US",1
22f906ab-1803-4e72-a852-c2cb5cdc3890,366503728,2026-05-29 17:17:52-06:00,2026-05-29,-105.1101165265,39.6624989828,1669.0,,14.9,26.1,2.2,10.7,,,Coprinellus micaceus,"S Kipling St & W Cornell Pl, Lakewood, CO 80227, USA",2
19ebbff3-e2d1-4a4c-bf99-d2df1e4822d2,366483634,2026-05-29 16:25:55-06:00,2026-05-29,-105.0098163634,40.5536503245,1487.0,,13.3,28.3,1.3,7.6,,,Coprinus comatus,"Colorado, US",1
6aae2287-e672-4fcf-8329-dc9881dd3680,366483448,2026-05-29 16:25:31-06:00,2026-05-29,-105.0576085827,40.5019127313,1504.0,,13.3,28.3,1.3,7.6,,,Coprinus comatus,"Colorado, US",1
273bd33d-5c98-4f44-b6e5-607ad510109f,366470287,2026-05-29 15:46:40-06:00,2026-05-29,-105.0871972222,39.6642416667,1646.0,,14.9,26.1,2.2,10.7,,,Coprinus comatus,"Bear Creek, Lakewood, CO, USA",2
959c07f5-6d2c-4fe5-b00c-c70723dee5dc,366448836,2026-05-29 14:45:01-06:00,2026-05-29,-103.6360456083,41.8798379151,1204.0,,12.8,30.0,9.1,21.2,,1008.1,Coprinellus micaceus,"21st Ave, Scottsbluff, NE, US",1
c246ea07-b952-406d-8b14-792f35018ee3,366447496,2026-05-29 14:40:15-06:00,2026-05-29,-105.26881323,40.22361053,1636.0,,13.5,25.6,1.1,6.1,,,Coprinellus micaceus,"4th & Railroad, Lyons, CO 80540, USA",2
ce9424fa-6fd8-4404-9efb-ef5dba79ede1,366385915,2026-05-29 10:06:08-06:00,2026-05-29,-105.234925,40.0173445,1599.0,,14.0,26.0,1.0,4.8,,,Coprinellus micaceus,"48th St, Boulder, CO, US",1
8e47743e-624f-4140-b247-e919e9b9c2fc,366359478,2026-05-29 09:26:36-06:00,2026-05-29,-105.12434,39.77411,1652.0,,13.0,26.0,2.3,7.0,,,Coprinellus micaceus,"QVFF+W8, Wheat Ridge, CO 80033, USA",2
9164ccc7-291d-4722-9027-a3f8b405f680,366193968,2026-05-27 12:18:44-06:00,2026-05-27,-105.0148303108,40.7063874611,1589.0,,11.7,21.7,2.1,5.6,,,Coprinellus micaceus,"Colorado, US",1
3c3813a9-50bf-4e5f-978f-dd070ac5cfb0,366189402,2026-05-28 17:38:43-06:00,2026-05-28,-104.8852346583,39.6446863496,1713.0,,11.7,23.9,0.8,7.2,,,Coprinellus micaceus,"Colorado, US",1
f0348210-669a-45d1-b12d-211138942fcb,366189056,2026-05-28 17:37:04-06:00,2026-05-28,-105.1077645351,40.5607180376,1549.0,,11.7,25.6,0.2,6.8,,,Coprinellus micaceus,"Glenwood Dr, Fort Collins, CO, US",1
bf49940d-9bb2-4679-8f92-6496cfe8bfbb,366184599,2026-05-28 17:13:49-06:00,2026-05-28,-105.0299528333,39.6202083333,1629.0,,11.7,23.9,0.8,7.2,,,Coprinellus micaceus,"Terra Vista at the Park, Littleton, CO, US",1
130b67e3-af61-415f-97cd-89c05f67885b,366096644,2026-05-25 16:14:41-06:00,2026-05-25,-105.1027138333,40.6068116667,1525.0,,10.0,29.4,0.0,6.3,,,Coprinellus micaceus,"N Shield Ponds Big Loop, Fort Collins, CO, US",1
bf356321-5c94-4e8e-a7cd-fd59151b1fed,366079733,2026-05-28 10:36:14-06:00,2026-05-28,-104.929475,39.7562466667,1624.0,,11.3,21.7,,11.3,,1013.4,Coprinellus micaceus,"Elm St, Denver, CO, US",1
1bf71af1-5bd9-4448-8e35-0aaf5fecc344,366047766,2026-05-28 08:38:21-06:00,2026-05-28,-105.1083374023,39.8924369812,1652.0,,12.0,24.0,0.7,4.8,,,Coprinellus micaceus,Westminster,1
80ea9372-8017-4115-a252-c11d6829c11b,366047545,2026-05-27 19:06:00-06:00,2026-05-27,-105.0518888333,39.6511533333,1646.0,,12.2,18.3,2.0,9.1,,,Coprinellus micaceus,"W Kenyon Ave, Denver, CO, US",1
62546721-7cca-4f0d-b0f8-3e4d228178f5,365918230,2026-05-27 19:05:01-06:00,2026-05-27,-104.8243333333,38.84968,1855.0,,10.6,13.9,,6.1,,,Coprinellus micaceus,"N Cascade Ave, Colorado Springs, CO, US",1
cf55997d-07bf-4efc-994f-564f454b82e0,365902293,2025-09-25 11:00:09-06:00,2025-09-25,-105.1252790782,37.3495130686,2846.0,,0.2,15.8,0.0,12.7,,1021.9,Coprinus comatus,"La Veta, CO, US",1
cf411b45-a7e5-42cb-ad0a-337a58d5be52,365867884,2026-05-27 13:02:21-06:00,2026-05-27,-105.0845951127,39.5053616731,1669.0,,12.2,18.3,2.0,9.1,,,Coprinellus micaceus,"Colorado, US",1
2fe21e30-dd5a-4a65-bad9-cc1718ab72e3,365766183,2026-05-27 10:16:04-06:00,2026-05-27,-104.8675472662,38.8449483949,1861.0,,9.0,14.0,0.5,7.3,,,Coprinellus micaceus,"26th/St Anthony, Colorado Springs, CO 80904, USA",1
89095471-eb74-42a9-8f30-928799a5a1d0,365566371,2026-05-26 16:07:52-06:00,2026-05-26,-105.1029583333,39.85975,1692.0,,11.0,26.0,4.1,7.8,,,Coprinellus micaceus,"W 90th Dr, Westminster, CO, US",1
9b3eb055-077d-4741-a85e-4626f2bc724b,365556240,2026-05-26 12:18:22-06:00,2026-05-26,-105.1889944444,39.827425,1746.0,,11.0,26.0,4.1,7.8,,,Coprinellus micaceus,"Quaker Acres, Arvada, CO 80007, USA",1
7a98d17e-08d2-4903-a35b-0e264c857e6d,365537538,2026-05-26 10:30:20-06:00,2026-05-26,-105.2065797196,38.4208631191,1641.0,,11.0,22.0,4.2,6.8,,,Coprinellus micaceus,"Poplar Ave, Canon City, CO, US",1
ceb04bc3-3a6d-49bb-aff5-717f9e83a6e0,365498718,2026-05-17 14:22:59-06:00,2026-05-17,-105.0713653564,39.7086486816,1670.0,,10.4,17.9,,15.1,,1000.4,Coprinellus micaceus,Lakewood,1
25246fad-d512-4df1-a020-a949608dcd53,365403311,2026-05-26 07:39:20-06:00,2026-05-26,-104.9566501959,39.7072852338,1636.0,,13.9,23.5,,25.2,,1006.3,Coprinus comatus,"Polo Club Ln, Denver, CO, US",1
4007528f-a312-4b8e-a236-e0727f608a99,365296499,2026-05-19 12:54:04-06:00,2026-05-19,-110.1482199335,39.752948483,2096.0,,,,,,,,Coprinopsis atramentaria,"Utah, US",1
539eda97-6e10-4700-a9b4-a556d9004a50,365280972,2026-05-25 19:48:27-06:00,2026-05-25,-104.8110562563,38.8441639605,1843.0,,11.7,26.7,,8.6,,1010.3,Coprinellus micaceus,"Cache La Poudre/El Paso, Colorado Springs, CO 80903, USA",1
40c487dd-deef-4e9a-baee-2ab04d16dfe1,392260635,2026-08-17 17:21:26-06:00,2026-08-17,-104.8565017132,38.6909729972,2062.0,,14.6,28.4,0.3,5.4,,,Mycena overholtsii,"Colorado, US",1
e1375cab-721f-4ca1-9402-6739127c510a,391652850,2026-08-15 09:28:45-06:00,2026-08-15,-107.8271027778,37.8543138889,2973.0,,8.0,20.0,1.4,3.7,,,Mycena pura,"Ophir, CO 81426, USA",1
071cb5e1-2982-4ac2-acd1-762a69642c30,391295050,2026-08-14 13:49:22-06:00,2026-08-14,-107.9730027778,37.7410944444,3045.0,,10.0,19.0,4.5,2.8,,,Mycena pura,"Rico, CO 81332, USA",1
b1b62558-d7f0-45b0-87dc-d87c9d4d528f,388892977,2026-08-06 10:44:23-06:00,2026-08-06,-105.1192611997,38.8708179997,3130.0,,14.0,31.2,0.0,4.9,,,Mycena pura,"Divide, CO 80814, USA",1
97bfac96-4982-4891-8af9-8f6c2f7057e5,387376240,2026-08-01 15:07:08-06:00,2026-08-01,-105.398508821,36.2355281563,3388.0,,8.7,24.1,2.7,3.2,,,Mycena leptocephala,"Mora County, US-NM, US",1
f5f25013-0092-460b-b89b-12182b5b6b52,386981505,2026-07-31 10:04:39-06:00,2026-07-31,-105.4001,36.2150972222,3267.0,,6.7,27.5,5.7,3.9,,,Mycena pura,"Chacon, NM 87713, USA",2
c960119c-ae48-43e8-921d-378677def345,385067269,2026-07-25 14:18:35-06:00,2026-07-25,-105.5237633333,36.0564695,3396.0,,8.9,24.6,5.5,2.8,,,Mycena pura,"Carson National Forest, Vadito, NM, US",1
b9a16b7b-a629-4736-a122-9c2b4353d711,384098084,2026-07-20 12:51:00-06:00,2026-07-20,-105.6081406133,35.680242894,2819.0,,15.6,30.6,0.1,7.6,,,Mycena leptocephala,"New Mexico, US",1
c48f47a3-af8a-4f87-8bf4-6122da0986af,382124267,2026-07-15 11:58:00-06:00,2026-07-15,-105.7563112057,35.6211727975,2578.0,,17.2,29.4,0.9,9.7,,,Rickenella fibula,"New Mexico, US",2
6d3c9fb9-fd0d-481e-8cbc-1dadd860ce34,380788373,2026-07-12 12:03:59-06:00,2026-07-12,-105.8015014494,35.7990714824,3208.0,,13.9,31.7,0.0,9.2,,,Mycena leptocephala,"Tererro, NM, US",1
be8555fd-52b4-4f90-a86c-900a02c0f2d6,376905978,2026-06-28 13:12:00-06:00,2026-06-28,-105.8505095602,35.7041307174,2679.0,,15.6,32.2,0.0,11.3,,,Rickenella fibula,"New Mexico, US",1
cc754efe-66b9-4b9d-88e7-e04e6e13c34a,373682877,2026-06-16 11:52:00-06:00,2026-06-16,-105.6943661592,35.7288774183,2695.0,,12.8,32.8,0.0,7.0,,,Mycena sp. 'pura-CA03',"New Mexico, US",1
bd583970-c596-4db8-b701-cff89cb9ea52,373656584,2026-06-04 11:29:00-06:00,2026-06-04,-105.9343451183,35.9026034377,1982.0,,11.8,23.7,6.5,6.1,,,Mycena sp. 'CA04',"New Mexico, US",1
f2e9812b-6ee7-459f-9d3b-904a0309b58d,366408736,2026-05-21 12:34:00-06:00,2026-05-21,-105.7996611111,35.7992972222,3249.0,,7.8,25.6,0.0,7.2,,,Mycena sp. 'silvae-nigrae-IN02',"Santa Fe County, NM, USA",1
8b498b13-5ffe-40f3-be5e-8b34122b3722,366390543,2026-05-21 11:51:00-06:00,2026-05-21,-105.8000944444,35.8000527778,3266.0,,7.8,25.6,0.0,7.2,,,Mycena sp. 'silvae-nigrae-IN02',"Santa Fe County, NM, USA",1
d6c58dee-0b38-4800-a159-873d00128b43,365771865,2026-05-26 11:46:09-06:00,2026-05-26,-106.1303087,39.6283663,2989.0,,-2.8,8.6,3.4,11.0,,1010.5,Mycena overholtsii,"Silverthorne, CO 80498, USA",1
7685edb1-df78-4522-87c4-1d42fa5b8feb,364211622,2026-05-22 08:42:31-06:00,2026-05-22,-107.4503323174,39.9564197253,3179.0,,-1.7,16.1,0.0,3.3,,1015.3,Mycena overholtsii,"Garfield County, US-CO, US",1
516ccbcf-ef09-4f42-b1bc-30ad231894d3,361545667,2026-05-14 11:14:00-06:00,2026-05-14,-105.8008805556,35.7995833333,3208.0,,12.2,27.8,0.0,9.6,,,Mycena sp. 'silvae-nigrae-IN02',"Santa Fe County, NM, USA",1
2e73c456-c71f-4577-a15b-ca4d8bc1fabd,358103860,2026-05-03 16:50:29-06:00,2026-05-03,-107.8755384399,37.9144676328,2971.0,,1.0,12.0,0.2,6.7,,,Mycena overholtsii,"Grand Mesa Uncompahgre and Gunnison National Forests, Telluride, CO, US",1
90865341-a34d-4bfd-8c44-e2fd4cf71a99,353836105,2026-04-25 14:04:07-06:00,2026-04-25,-107.8752162498,37.9136940007,2971.0,,1.0,10.0,0.6,7.1,,,Mycena overholtsii,"Grand Mesa Uncompahgre and Gunnison National Forests, Telluride, CO, US",1
80bf2366-a5a5-4b26-a628-7a0470fb19eb,343599372,2025-08-28 18:29:56-06:00,2025-08-28,-104.812745,38.8458633333,1846.0,,13.0,23.0,8.3,13.4,,1025.9,Mycena oregonensis,"E Cache la Poudre St, Colorado Springs, CO, US",1
ff187245-5f51-4dd6-94e5-ca9a984264f7,330875732,2025-12-13 14:55:00-07:00,2025-12-13,-104.8948187802,39.5703635734,1739.0,,-1.0,18.0,0.0,16.8,,1020.2,Phloeomana speirea,"Centennial, CO, USA",1
d96158be-c468-40e3-9116-b3dbbf974d70,324602274,2017-08-16,2025-12-13,-105.5300468681,40.0713056335,3101.0,,0.0,17.0,0.0,15.6,,1019.8,Mycena pura,"Colorado, US",1
725d8b53-c66a-4b24-82b2-200f4f7f5bb4,320257405,2025-10-11 13:01:03-06:00,2025-10-11,-104.8940027778,38.7895888889,2168.0,,12.0,21.0,0.7,6.4,,1013.9,Mycena robusta,"Colorado Springs, CO 80906, USA",2
10d7e000-85c0-4bf5-ac79-48336162f6d1,320022461,2025-10-10 12:51:56-06:00,2025-10-10,-105.7951346607,35.7953136359,3326.0,,11.7,22.2,0.8,6.7,,,Mycena pura,"Tererro, NM, US",2
347d65b5-c795-4aeb-a0f7-01106a9ae5ea,319793049,2025-10-08 14:06:40-06:00,2025-10-08,-106.896057164,38.0922191081,3283.0,,-4.4,23.0,0.0,3.2,,1021.7,Mycena sp. 'pura-IN03',"Colorado, US",3
9a0a86c8-15f8-4789-9eb1-3c3070178d4d,317420717,2025-09-28 13:43:04-06:00,2025-09-28,-107.1902480918,38.7186231045,3739.0,,8.0,18.0,0.9,11.7,,1026.2,Mycena sp. 'pura-CA03',"Gunnison County, US-CO, US",1
e9be7a86-f881-4aeb-a445-769b34a9f771,316864677,2025-09-25 17:04:58-06:00,2025-09-25,-105.5754807353,40.1276831913,3034.0,,-1.0,21.0,0.0,5.1,,1031.8,Mycena sp. 'pura-IN03',"Colorado, US",4
f794dad6-6c84-4a01-932a-6420c60a8032,316281634,2025-09-21 12:42:40-06:00,2025-09-21,-106.3991470133,35.8968627689,2887.0,,13.0,26.0,0.0,8.9,,1022.8,Mycena pura,"Los Alamos, NM, US",1
3a55d4b7-8c92-4649-be13-22e64c591d62,315691250,2025-09-21 13:41:11-06:00,2025-09-21,-106.9564178902,38.8571675369,2699.0,,7.0,22.0,0.0,6.3,,1024.2,Mycena pura,"Gunnison County, US-CO, US",2
72f93e7f-082b-425a-b429-f803607a35f8,315681153,2025-09-21 13:05:40-06:00,2025-09-21,-106.8512261031,38.9690858958,3433.0,,7.0,21.0,1.7,7.8,,1023.3,Mycena pura,"Gunnison County, US-CO, US",1
06f9198e-d7d5-4c04-83c1-2e3ea47085a0,313952031,2025-09-13 18:12:39-06:00,2025-09-13,-105.0385970833,39.1119995,2851.0,,8.5,22.0,2.7,10.3,,1018.5,Mycena sp. 'pura-PNW25',"Teller County, US-CO, US",2
8c7ee436-bf7a-4a18-8e6f-4cbdd920913c,313683594,2025-09-13 12:47:06-06:00,2025-09-13,-105.7991147057,35.796328813,3238.0,,9.0,19.0,9.1,9.6,,1021.8,Mycena pura,"Santa Fe County, US-NM, US",1
b0d1648a-5bd6-4f99-927a-5848651e404b,312605600,2025-09-08 16:48:06-06:00,2025-09-08,-104.8178334353,38.7299314392,1834.0,,13.7,25.1,1.6,12.7,,1020.5,Mycena leptocephala,"Colorado, US",2
a55a961d-c77f-41bb-b7fa-b692dc76ba8f,312298593,2025-09-07 11:21:05-06:00,2025-09-07,-105.501976,39.4057121111,2440.0,,1.8,15.6,0.8,11.2,,1020.5,Mycena citrinomarginata,"Bailey, CO 80421, USA",1
5f911532-ec60-4efa-b0bc-b6d5d9469edf,312296712,2025-09-07 11:08:49-06:00,2025-09-07,-105.5024748997,39.4050482997,2444.0,,1.8,15.6,0.8,11.2,,1020.5,Mycena sp. 'haematopus-IN01',"Bailey, CO 80421, USA",2
b762602e-c18d-461a-81fe-7b5305dbfb9d,312040673,2025-09-06 14:03:38-06:00,2025-09-06,-106.3990866667,35.8972666667,2887.0,,11.0,19.0,21.4,10.9,,1026.4,Mycena leptocephala,"Pajarito Mountain Ski Area, Los Alamos, NM, US",1
cb36e59e-cb10-48bb-8395-fb32c5ffcecd,311713092,2025-08-30 10:30:00-06:00,2025-08-30,-107.9732602855,39.037395353,3114.0,,13.0,31.0,0.0,8.5,,1024.1,Mycena sp. 'AZ03',"Grand Mesa Uncompahgre and Gunnison National Forests, Cedaredge, CO, US",2
92ea69dd-dbe0-474f-a083-021fe5eddc63,311362753,2025-09-01,2025-08-30,-107.9807470366,39.0417162031,3132.0,,13.0,31.0,0.0,8.5,,1024.1,Mycena citrinomarginata,"Cedaredge, CO 81413, USA",2
03186040-47c4-4c2a-9326-68b94f0d9270,311358468,2025-08-31 10:09:46-06:00,2025-08-31,-107.9797547,39.0423965,3132.0,,11.0,33.0,0.0,8.2,,1025.0,Mycena metata,"Cedaredge, CO 81413, USA",1
4b5753de-a4e6-4c05-8dad-6324d714ca50,311142368,2025-09-02 17:49:42-06:00,2025-09-02,-106.9576264,38.9180323,2922.0,,7.0,26.0,0.0,11.0,,1031.2,Mycena citrinomarginata,"Mt Crested Butte, CO, USA",2
0b4cbaec-9744-4732-b28f-7e8b8560ee21,311140568,2025-08-30 11:58:00-06:00,2025-08-30,-107.9707866667,39.03753,3098.0,,13.0,31.0,0.0,8.5,,1024.1,Mycena vulgaris,"Delta County, CO, USA",1
2383c869-bca2-4419-9dd6-de944d90fbd6,307795199,2025-08-20 12:11:24-06:00,2025-08-20,-105.7844716,39.8103416,3391.0,,0.7,16.0,0.0,12.5,,1024.8,Mycena sp. 'maculata-IN01',"Winter Park, CO 80482, USA",2
e731df20-d6b6-45fc-80f2-91762cab4cd7,307668278,2025-06-07,2025-08-20,-106.9878231,38.8697146,2722.0,,10.6,31.1,0.0,11.6,,1020.7,Mycena overholtsii,"Crested Butte, CO 81224, USA",1
517ee466-b37b-4aaf-8d77-67285b970783,307619007,2025-08-19 10:29:33-06:00,2025-08-19,-105.33892,39.6320466667,2183.0,,16.0,34.0,0.0,10.8,,1026.4,Mycena vulgaris,"Jefferson County, US-CO, US",1
2b3730ca-0dd4-443a-a1d7-4ce5466c28e3,307033693,2025-08-15 10:32:28-06:00,2025-08-15,-107.8255783333,37.85482,2981.0,,11.0,21.0,6.4,5.8,,1031.4,Rickenella fibula,"Grand Mesa Uncompahgre and Gunnison National Forests, Ophir, CO, US",1
9b2383a8-7f2c-4990-b704-f6ddaababede,306563230,2025-08-15 11:32:45-06:00,2025-08-15,-107.8232633333,37.8553383333,2983.0,,11.0,21.0,6.4,5.8,,1031.4,Mycena haematopus,"Ophir, CO, US",3
bec95beb-2bd3-4d4c-b4bd-1f7bdc7ac4f5,306483367,2025-08-14 11:52:00-06:00,2025-08-14,-107.87609167,37.81308333,3048.0,,14.0,23.0,1.2,9.1,,1030.5,Mycena sp. 'AZ03',"San Miguel, Colorado, United States",2
4a417112-ebac-4ef7-9893-3f7283937668,306345318,2025-08-14 13:07:00-06:00,2025-08-14,-107.8766782972,37.8122605083,3111.0,,14.0,23.0,1.2,9.1,,1030.5,Mycena sp. 'maculata-IN01',"Ophir, CO 81426, USA",3
b99360a0-4c29-462d-9c76-0d8ddf04ee42,303300908,2025-08-02 19:37:35-06:00,2025-08-02,-105.1071332,38.0596286,2726.0,,13.0,34.0,0.0,8.5,,1017.8,Rickenella fibula,"Rye, CO 81069, USA",1
d4e0cb62-44c2-46a9-ad07-bac6fccc0aac,302971320,2025-08-01 13:14:05-06:00,2025-08-01,-105.1248147997,38.0218312,3439.0,,15.0,31.0,0.0,6.5,,1021.1,Mycena vulgaris,"Rye, CO 81069, USA",2
bb0a1fa3-edd7-4eef-bbd2-09fb0f133085,300723037,2025-07-22 10:27:00-06:00,2025-07-22,-105.8009111111,35.7996944444,3208.0,,15.6,29.4,4.1,16.0,,1010.6,Mycena pura,"Santa Fe County, NM, USA",1
b1812546-97f1-400e-87cd-84bf18e3d2b8,296655064,2025-07-08 12:23:00-06:00,2025-07-08,-105.79987222,35.79896111,3249.0,,16.1,34.4,0.0,14.2,,1016.0,Mycena leptocephala,"Santa Fe, New Mexico, United States",2
64cbb81a-dbb3-4115-aa23-05a1eb2ffb30,296547720,2025-07-08 11:32:00-06:00,2025-07-08,-105.8017583333,35.7978222222,3166.0,,16.1,34.4,0.0,14.2,,1016.0,Mycena sp. 'pura-CA03',"Santa Fe County, NM, USA",3
a10a8530-56d3-4d7c-bee7-80184a951845,291117150,2025-06-08 13:11:26-06:00,2025-06-08,-106.3763138889,38.8033638889,3271.0,,8.0,22.0,2.0,4.5,,1016.5,Mycena overholtsii,"Buena Vista, CO 81211, USA",1
0d02134f-680c-45e6-a15e-108c1aeecb3d,291116893,2025-06-08 11:43:04-06:00,2025-06-08,-106.3908722222,38.8070694444,3388.0,,8.0,22.0,2.0,4.5,,1016.5,Mycena overholtsii,"Buena Vista, CO 81211, USA",1
f437d1ea-5d48-41f7-aad6-7140757c9a30,291116399,2025-06-08 11:18:37-06:00,2025-06-08,-106.3908888889,38.806625,3388.0,,8.0,22.0,2.0,4.5,,1016.5,Mycena overholtsii,"Buena Vista, CO 81211, USA",1
c1ee8354-7fef-40db-a543-a06c07bf4398,291115230,2025-06-08 11:14:30-06:00,2025-06-08,-106.3908222222,38.8066416667,3388.0,,8.0,22.0,2.0,4.5,,1016.5,Mycena overholtsii,"Buena Vista, CO 81211, USA",1
cd630bb9-96d8-449d-a321-8f82fd3e7b8d,291115096,2025-06-08 11:07:04-06:00,2025-06-08,-106.3908555556,38.8065888889,3388.0,,8.0,22.0,2.0,4.5,,1016.5,Mycena overholtsii,"Buena Vista, CO 81211, USA",1
f0d9a1f2-649c-4404-97e7-49b98560bc6a,290596383,2025-06-08 10:38:05-06:00,2025-06-08,-106.3911805556,38.8070166667,3388.0,,8.0,22.0,2.0,4.5,,1016.5,Mycena overholtsii,"Buena Vista, CO 81211, USA",1
24d46a18-e6e9-4b22-88fd-dac1bfee1978,290403691,2025-06-08 11:34:28-06:00,2025-06-08,-106.3902523936,38.8068238225,3388.0,,8.0,22.0,2.0,4.5,,1016.5,Mycena overholtsii,"Pike and San Isabel National Forests, Nathrop, CO, US",1
04a44330-042a-418f-8585-ccad679d7206,288267034,2025-06-08 10:46:49-06:00,2025-06-08,-106.3907533345,38.8066949529,3388.0,,8.0,22.0,2.0,4.5,,1016.5,Mycena overholtsii,"Chaffee County, US-CO, US",4
a3729da5-3e1c-43cd-bc40-16036c7085bf,287900729,2025-06-07 14:44:16-06:00,2025-06-07,-106.3958888889,38.8060166667,3383.0,,6.0,21.0,1.2,6.9,,1017.2,Mycena overholtsii,"Buena Vista, CO 81211, USA",1
2e152e65-0e1c-407b-9bee-95ef1709a165,284409436,2025-05-23 12:29:00-06:00,2025-05-23,-105.79941667,35.79989722,3249.0,,9.4,30.0,0.0,16.3,,1008.8,Mycena nivicola,"Santa Fe, New Mexico, United States",1
b49b9ac3-e95e-4855-8b3b-68903fce61a1,281816995,2025-05-17 09:44:25-06:00,2025-05-17,-107.9947283333,39.0054166667,2951.0,,8.8,27.0,0.0,12.4,,1011.1,Mycena nivicola,"Grand Mesa Uncompahgre and Gunnison National Forests, Cedaredge, CO, US",1
95f9ef38-a914-4c70-b842-7dbe6c53a0b5,241535070,2024-09-08 12:31:00-06:00,2024-09-08,-107.0870848833,38.9105746083,3714.0,,6.7,24.4,0.0,9.9,,1016.8,Mycena sp. 'rosella-NY01',"Gunnison County, US-CO, US",2
0ab830f0-b55b-44b8-9f01-a90b6c06b913,241532480,2024-09-08 12:19:00-06:00,2024-09-08,-107.0570876025,38.9620540429,3051.0,,6.7,24.4,0.0,9.9,,1016.8,Mycena robusta,"Gunnison County, US-CO, US",2
bbb410d3-c236-4c52-abb3-27f6f279ac0e,241004065,2024-09-06 08:08:42-06:00,2024-09-06,-105.6344,39.6643333333,3063.0,,-3.6,13.4,0.0,9.4,,1028.6,Mycena pura,"South Chicago Creek Trail, Georgetown, CO, US",1
9c2b861f-c84b-4e56-9b11-4dc2972142fd,239882844,2024-09-04 12:35:50-06:00,2024-09-04,-107.99292,39.0063583333,2926.0,,15.1,31.1,0.0,11.0,,1016.9,Mycena metata,"Grand Mesa Uncompahgre and Gunnison National Forests, Cedaredge, CO, US",3
b9afcf46-8b2a-4fc5-ace9-2c784f2ca9de,239882688,2024-09-04 13:25:01-06:00,2024-09-04,-107.99398,39.0048333333,2951.0,,15.1,31.1,0.0,11.0,,1016.9,Mycena robusta,"Grand Mesa Uncompahgre and Gunnison National Forests, Cedaredge, CO, US",3
c13b36cd-5eff-4eb3-b2a6-025f3f9208ce,238002895,2024-08-25 10:56:14-06:00,2024-08-25,-105.6196041431,39.5905037915,3768.0,,1.5,12.8,5.8,10.8,,1025.0,Mycena pura,"Colorado, US",1
56ef5eea-a0d1-4cbd-b93d-ecf5933b9f1c,237425302,2024-08-22 12:12:22-06:00,2024-08-22,-105.7350471893,39.452776161,2970.0,,3.6,11.4,9.5,9.6,,1022.9,Mycena pura,"Colorado, US",1
e694f2bc-1bbd-4fb0-991d-0caebea75a60,237420271,2024-08-22 15:22:25-06:00,2024-08-22,-105.5024658329,39.9830299284,2540.0,,18.0,30.0,2.5,9.2,,1021.2,Mycena sp. 'pura-CA03',"Colorado, US",2
cfb59c92-8d35-4092-b64f-14b84a5d67f2,237223575,2024-08-20 11:23:00-06:00,2024-08-20,-106.4012835406,38.8112315428,3524.0,,4.1,23.6,0.9,7.9,,1022.5,Mycena sp. 'pura-IN03',"Chaffee County, CO, USA",1
7178bb24-9853-434c-a972-2fa0498f0898,236900430,2024-08-19 15:54:00-06:00,2024-08-19,-106.9522638889,38.9115,3009.0,,10.0,26.1,,9.0,,1019.5,Mycena vulgaris,"Gunnison County, CO, USA",2
7a7ed75b-6e6a-4328-8eec-27afd44c45ce,236755606,2024-08-16 10:48:00-06:00,2024-08-16,-107.9221583333,37.7998805556,3138.0,,12.0,25.0,0.0,11.9,,1033.2,Mycena sp. 'maculata-IN01',"Dolores, Colorado, United States",2
6c9d476e-e4ab-4e68-8bc3-255d29cfc405,236400681,2024-08-17 12:50:31-06:00,2024-08-17,-107.8547883333,37.8838466667,3338.0,,12.0,23.0,4.9,9.4,,1034.5,Mycena sp. 'IN9',"Grand Mesa Uncompahgre and Gunnison National Forests, Ophir, CO, US",2
7e3b3374-db0d-4d9d-9b37-006984585938,236399767,2024-08-17 13:31:01-06:00,2024-08-17,-107.858505,37.8800366667,3275.0,,12.0,23.0,4.9,9.4,,1034.5,Mycena sp. 'AZ03',"Grand Mesa Uncompahgre and Gunnison National Forests, Telluride, CO, US",2
97d069cc-4305-46c7-9568-1e18fe20ab9d,236345005,2024-08-17 09:05:31-06:00,2024-08-17,-108.0611891673,37.6331059495,2622.0,,12.0,23.0,4.9,9.4,,1034.5,Mycena sp. 'pura-CA03',"Montezuma County, US-CO, US",2
533dc038-feb6-487c-b669-1bb3f3dbae62,236206861,2024-08-16 17:04:05-06:00,2024-08-16,-107.8083283333,37.9329383333,2702.0,,12.0,25.0,0.0,11.9,,1033.2,Mycena citrinomarginata,"Grand Mesa Uncompahgre and Gunnison National Forests, Telluride, CO, US",2
3fc06d15-56e1-449c-916f-8a1f098ebc02,235970166,2024-08-15 12:32:40-06:00,2024-08-15,-105.245272433,39.4639616949,2307.0,,15.6,27.8,,10.9,,1016.1,Mycena sp. 'pura-CA03',"Jefferson County, US-CO, US",2
51ecffb7-4bec-4bda-987c-5270668731c3,235964376,2024-08-15 11:09:26-06:00,2024-08-15,-105.2437873067,39.4642947886,2307.0,,15.6,27.8,,10.9,,1016.1,Mycena citrinomarginata,"Jefferson County, US-CO, US",2
606b1fd9-5259-447a-9e08-b1c674cc1edd,235793683,2024-08-14 10:56:49-06:00,2024-08-14,-107.9081027778,37.8964694444,2531.0,,9.0,20.0,0.1,7.9,,1032.4,Mycena citrinomarginata,"Mountain Village, CO 81435, USA",1
d913cb60-797f-4f13-92af-70d06b7d1385,235775307,2024-08-14 11:14:05-06:00,2024-08-14,-105.2429754289,39.4649196649,2260.0,,15.0,30.6,,10.1,,1014.1,Mycena subcana,"Jefferson County, US-CO, US",2
9ad45150-d383-4a59-b930-3b3cf322f2a1,235774748,2024-08-14 10:47:07-06:00,2024-08-14,-107.9001968134,37.926752593,2508.0,,9.0,20.0,0.1,7.9,,1032.4,Mycena pura,"Grand Mesa Uncompahgre and Gunnison National Forests, Ophir, CO, US",1
4fef633b-8318-4404-b9f8-149aee048ebe,235768068,2024-08-14 10:18:13-06:00,2024-08-14,-107.9005738,37.92540977,2508.0,,9.0,20.0,0.1,7.9,,1032.4,Mycena citrinomarginata,"San Miguel County, US-CO, US",1
5d20df2d-1d76-4d6f-8ae1-270cd8d06477,235765860,2024-08-14 09:51:20-06:00,2024-08-14,-107.900695,37.92537,2508.0,,9.0,20.0,0.1,7.9,,1032.4,Mycena citrinomarginata,"Grand Mesa Uncompahgre and Gunnison National Forests, Ophir, CO, US",4
eaf10f7c-7bc0-4e00-8ee8-afdff8406c23,235762356,2024-08-14 09:51:01-06:00,2024-08-14,-107.9006416667,37.9254116667,2508.0,,9.0,20.0,0.1,7.9,,1032.4,Mycena citrinomarginata,"Grand Mesa Uncompahgre and Gunnison National Forests, Ophir, CO, US",4
7fcf15fc-9611-4c14-96da-d4688d6669c2,235756928,2024-08-13 09:57:36-06:00,2024-08-13,-106.57457,35.87415,3044.0,,15.7,27.9,,7.4,,1026.0,Mycena leptocephala,"Valles Caldera National Preserve, Jemez Springs, NM, US",1
42e413e2-970e-47ec-84b1-ac4db630cc84,235674413,2024-08-13 16:04:20-06:00,2024-08-13,-107.9072416667,37.8376533333,3354.0,,10.0,18.0,15.2,7.5,,1031.3,Mycena sp. 'pura-CA03',"Grand Mesa Uncompahgre and Gunnison National Forests, Telluride, CO, US",2
df127193-c6eb-4f23-ac4c-df22983d429b,235664293,2022-08-26 15:16:51-06:00,2022-08-26,-105.6529533333,40.0023777833,3235.0,,7.8,21.4,0.4,4.9,,1028.5,Rickenella fibula,"Diamond Lake Trail, Nederland, CO, US",1
8c254731-171f-46c3-a7e1-7365ea000cbb,235613841,2024-08-13 15:40:00-06:00,2024-08-13,-105.2736633352,39.5424363677,2449.0,,16.7,28.3,,10.9,,1013.8,Mycena sp. 'PNW10',"S Turkey Creek Rd, Morrison, CO, US",2
fc2f44e0-1bd9-4411-974d-9d603ee28e0d,235559989,2024-08-12 10:44:01-06:00,2024-08-12,-106.8021227047,37.482702302,3309.0,,5.0,13.0,4.0,11.7,,1039.4,Mycena bulliformis,"Mineral County, CO, USA",2
107c447d-5337-4c32-8325-dda026cc2998,235533233,2024-08-12 12:50:00-06:00,2024-08-12,-106.6949222222,37.4730194444,3238.0,,5.0,13.0,4.0,11.7,,1039.4,Mycena sp. 'maculata-IN01',"Rio Grande County, CO, USA",2
66a1803d-aef2-44f7-b795-0d1fc4bbe9cb,235533208,2024-08-12 13:08:00-06:00,2024-08-12,-106.6946861111,37.4731472222,3238.0,,5.0,13.0,4.0,11.7,,1039.4,Mycena subinsignis,"Rio Grande County, CO, USA",1
f0c1f99a-eb49-409f-8f3b-1f655963ee30,231477133,2024-07-03 11:50:00-06:00,2024-07-03,-105.8036282609,35.7974507021,3149.0,,14.4,29.4,0.0,10.6,,1011.9,Mycena sp. 'pura-IN03',"Santa Fe County, NM, USA",2
f0542a60-8cbe-4925-b090-0526f9f7b4ec,229816752,2024-07-16 17:57:08-06:00,2024-07-16,-107.5501289516,38.2463764123,2747.0,,16.7,31.7,0.0,12.1,,1014.4,Mycena haematopus,"Grand Mesa Uncompahgre and Gunnison National Forests, Cimarron, CO, US",3
8237b4a0-26c1-4e65-982e-5fc4ed90bb18,229813912,2024-07-16 15:42:02-06:00,2024-07-16,-107.5409083333,38.24578,2706.0,,16.7,31.7,0.0,12.1,,1014.4,Mycena haematopus,"Grand Mesa Uncompahgre and Gunnison National Forests, Cimarron, CO, US",1
83148381-52db-4172-9eac-768219c4815b,228534650,2024-06-02 11:38:14-06:00,2024-06-02,-103.5689641535,43.8477890378,1900.0,,8.9,23.3,,9.4,,1004.6,Mycena purpureofusca,"Crazy Horse, SD 57730, USA",1
8cda073c-16fa-4d34-8eae-aed37bcad603,228129494,2024-07-05 09:23:54-06:00,2024-07-05,-105.8009556076,35.8001638092,3266.0,,17.2,30.0,2.8,16.4,,1012.6,Mycena pura,"Santa Fe National Forest, Tererro, NM, US",1
70d667da-8a43-4679-acfc-77272b6760c1,391977932,2026-08-16 19:40:00-06:00,2026-08-16,-105.0009916667,39.736995,1599.0,,17.6,26.5,,12.9,,1021.3,Chlorophyllum molybdites,"W 13th Ave, Denver, CO, US",1
dee028a1-e3ce-4e0b-b1e0-d8432702fddd,390161216,2026-08-04 07:54:39-06:00,2026-08-04,-105.0177763164,39.8843060537,1686.0,,15.0,26.3,0.0,10.9,,,Chlorophyllum molybdites,"Colorado, US",1
046eeb75-555d-4164-9720-281b817bb0f7,384726878,2026-07-16 16:08:12-06:00,2026-07-16,-105.0977388333,40.5648283333,1532.0,,17.2,34.4,0.0,8.3,,1011.3,Leucocoprinus birnbaumii,"Heritage Cir, Fort Collins, CO, US",1
b1e4c16b-6623-4237-8055-290b9113d654,384690119,2026-07-24 15:43:14-06:00,2026-07-24,-109.4696441,41.530072,1868.0,,10.2,32.3,0.0,5.8,,,Leucocoprinus birnbaumii,"Sweetwater County Courthouse (Call for pick-up), Green River, WY 82935, USA",1
4575cfff-2d3e-45b1-afc7-bf3a65ac1d8a,384156447,2026-07-22 22:51:38-06:00,2026-07-22,-105.0731070712,39.8598615147,1671.0,,20.0,33.0,4.2,6.3,,,Leucocoprinus birnbaumii,"Harlan St & W 91st Ave, Westminster, CO 80031, USA",1
3d14dd18-3491-4a92-a740-29d26fb79402,382156602,2026-07-16 18:46:38-06:00,2026-07-16,-105.0969951384,39.7615344589,1693.0,,20.0,34.0,0.0,9.4,,1011.3,Chlorophyllum rhacodes,"Colorado, US",1
0c10e184-a68e-4ef1-9996-b5077bb56e32,372988315,2025-10-11 12:09:31-06:00,2025-10-11,-105.2556883333,39.803055,1908.0,,12.0,17.0,0.8,5.7,,1012.6,Chlorophyllum rhacodes,"Belcher Hill Trail, Golden, CO, US",1
9afc5b9f-f968-4db0-9f0f-071610256d1b,372445759,2025-09-14 19:15:47-06:00,2025-09-14,-104.9280434474,38.8567576996,1991.0,,6.9,20.0,0.0,9.8,,1019.3,Chlorophyllum rhacodes,"Intemann Trail, Manitou Springs, CO, US",1
4b02e0f7-f178-4eb3-9f8b-c2d87fbb868f,369426997,2026-06-07 12:35:15-06:00,2026-06-07,-104.9657016572,39.7392840514,1627.0,,16.3,30.7,,14.6,,1000.7,Chlorophyllum rhacodes,"N Williams St, Denver, CO, US",1
0614ac6e-a267-4fdc-a3a6-d12d21721452,369217606,2026-06-06 15:49:56-06:00,2026-06-06,-105.1649710979,39.5260039479,2246.0,,15.0,31.1,0.0,9.5,,,Chlorophyllum rhacodes,"Colorado, US",1
39c0608c-bf37-44b4-95b6-35d80688cefa,368942886,2019-07-07 17:50:08-06:00,2019-07-07,-105.0823833333,39.6574583333,1664.0,,14.4,29.4,11.7,11.2,,1014.2,Chlorophyllum molybdites,"S Wadsworth Blvd, Lakewood, CO, US",1
05564eae-6eb1-4c36-8433-bb063eea98dd,368484549,2026-06-04 17:08:12-06:00,2026-06-04,-104.8771727085,39.5806843458,1781.0,,11.1,30.0,0.0,7.0,,,Chlorophyllum rhacodes,"Greenwood Village, CO 80112, USA",1
671b0d68-9fc5-4e68-93b7-6475fad0df89,368415430,2025-10-03 15:58:11-06:00,2025-10-03,-105.1793044434,40.562977111,1797.0,,10.0,31.0,0.0,9.9,,1017.8,Chlorophyllum rhacodes,"Arthur's Rock Trail, Loveland, CO, US",1
7450d75c-419e-4b82-af88-6640826072f0,368206502,2026-06-03 15:31:55-06:00,2026-06-03,-105.0578916667,39.4111033333,1982.0,,13.3,23.9,1.5,7.0,,,Chlorophyllum rhacodes,"Swallowtail Connector Trail, Littleton, CO, US",1
998d0d35-d2cd-4b80-8e9a-0994262b57c1,367927665,2026-06-02 16:05:27-06:00,2026-06-02,-105.0378305556,39.7156027778,1632.0,,13.4,24.4,,13.8,,1016.2,Chlorophyllum rhacodes,"Denver County, US-CO, US",1
f736992b-cd08-409b-9b56-5b788e1d6985,367876034,2026-06-02 16:30:21-06:00,2026-06-02,-104.84310426,38.93953146,2002.0,,10.0,20.1,0.7,6.8,,,Chlorophyllum rhacodes,"Briargate, Colorado Springs, CO, USA",1
36994e64-4134-4dde-94fa-47a747dbb51a,366901926,2026-05-30 19:39:48-06:00,2026-05-30,-105.1138746366,39.6933207719,1712.0,,12.4,23.4,,13.1,,1005.4,Chlorophyllum rhacodes,"East Dam, Lakewood, CO 80232, USA",1
526bb9ee-0e92-4023-bfde-aa034299e920,366506839,2011-09-02 22:51:12-06:00,2011-09-02,-105.2747407928,40.0189319615,1629.0,,15.0,28.0,,8.4,,,Chlorophyllum rhacodes,"Pearl at 15th St WB, Boulder, CO 80302, USA",1
abab1395-8735-48b6-857c-d9a5f867eaea,366327374,2026-05-29 07:27:02-06:00,2026-05-29,-105.1903709024,39.6537260749,1767.0,,13.0,26.0,2.3,7.0,,,Chlorophyllum rhacodes,"Morrison, CO, USA",1
0caa093b-f752-4871-988c-faf69799239e,366321768,2025-08-29 15:00:33-06:00,2025-08-29,-105.0982937997,40.5766097997,1538.0,,13.0,29.0,2.3,10.0,,1022.1,Chlorophyllum rhacodes,"Plum & Bluebell, Fort Collins, CO 80521, USA",1
ced3fe6f-329b-4bee-968d-d265bd1f7751,365497557,2026-05-21 11:08:38-06:00,2026-05-21,-105.0712509155,39.7085762024,1670.0,,4.9,18.5,,11.2,,1012.1,Leucocoprinus birnbaumii,Lakewood,1
afa367fd-bda0-470a-b220-298d01a5e89f,363986859,2025-08-20 10:13:12-06:00,2025-08-20,-105.3847116667,40.1138,2104.0,,15.0,35.0,0.0,3.2,,1024.7,Chlorophyllum rhacodes,"Main St, Jamestown, CO, US",1
14febbe9-2cf9-4ae1-815a-c194aad92960,360090634,2025-07-09 08:00:00-06:00,2025-07-09,-105.1477383679,39.992370695,1665.0,,15.0,38.0,0.0,4.9,,1020.3,Leucocoprinus birnbaumii,"Louisville, CO, US",1
92c96dbf-9fbe-4e00-8b5c-ade2824bb62f,352137251,2025-10-13 11:34:08-06:00,2025-10-13,-105.285355,39.9648866667,2025.0,,4.0,15.0,3.1,3.2,,1019.2,Chlorophyllum rhacodes,"Shanahan-Mesa Trail, Boulder, CO, US",1
4f9cfb6d-bffe-4b3b-bf1f-f375f4363dd6,351869493,2025-07-20 10:01:00-06:00,2025-07-20,-103.9426027778,44.3500722222,1596.0,,16.0,26.0,0.0,8.8,,1014.4,Lepiota lilacea,"Lawrence County, SD, USA",1
bea96f14-c25b-4e46-8531-6d49ed9b1ed0,349448752,2024-04-12 00:00:00-06:00,2024-04-12,-105.1138090903,39.8523644901,1684.0,,4.3,24.0,0.0,10.2,,1017.8,Chlorophyllum molybdites,"W 86th Pkwy, Westminster, CO, US",1
d07e7b95-cb34-495f-975e-a88435b20f35,348903422,2025-09-01 16:19:23-06:00,2025-09-01,-105.0927817041,39.0311723352,2551.0,,7.0,24.1,0.0,11.4,,1022.1,Cystodermella granulosa,"Lucky Lady Dr, Woodland Park, CO, US",1
c29208dd-720b-498b-a950-b709d316264d,347443488,2025-08-30 12:11:10-06:00,2025-08-30,-105.1591195,39.5676866667,1864.0,,13.0,24.0,3.6,10.3,,1024.7,Chlorophyllum rhacodes,"Blue Willow, Littleton, CO, US",1
85a510a3-6b21-478c-8d5e-5e5d51d9087f,347178557,2025-09-06 16:54:13-06:00,2025-09-06,-104.8433217281,38.931527767,1998.0,,8.0,22.0,0.0,13.7,,1023.9,Chlorophyllum molybdites,"Allegheny Dr, Colorado Springs, CO, US",2
c64e6abb-5988-47cf-845a-dcbe2b2f0b95,344986995,2024-10-01 12:31:12-06:00,2024-10-01,-105.3991191467,40.0175948177,2345.0,,6.0,21.0,0.0,2.5,,1027.5,Chlorophyllum rhacodes,"Colorado, US",1
e126c150-7f45-44de-9825-0efca20e137c,343600105,2026-03-14 23:34:18-06:00,2026-03-14,-104.8128283333,38.8459466667,1846.0,,8.0,23.0,,21.6,,1008.2,Chlorophyllum rhacodes,"E Cache la Poudre St, Colorado Springs, CO, US",3
e7e4f11a-366e-45b8-994e-c52d85932521,333015816,2025-08-30 07:42:21-06:00,2025-08-30,-107.7513849914,38.1703555324,2165.0,,7.0,19.0,1.9,8.9,,1031.7,Leucocoprinus birnbaumii,"Riversage Dr, Ridgway, CO, US",1
d746f0a1-62c3-4a2c-bb39-b81de52faa05,328576175,2024-03-08 06:59:39-07:00,2024-03-08,-103.5438321903,37.9850056164,1246.0,,-1.7,2.8,,17.7,,1021.7,Leucocoprinus birnbaumii,"La Junta, La Junta, CO 81050, USA",1
f59efc43-de2d-461b-97d5-2655ccb485a5,326543924,2025-10-01 17:12:01-06:00,2025-10-01,-105.0177076367,40.5557023734,1490.0,,11.0,28.0,0.0,9.5,,1019.9,Chlorophyllum rhacodes,"Wilcox Trail, Fort Collins, CO, US",1
206fdb02-1b0e-4d87-b0fa-8ff1676ca17c,325918712,2025-11-10 10:41:10-07:00,2025-11-10,-105.2539366667,40.0690278333,1646.0,,-2.0,23.0,0.0,4.5,,1023.9,Chlorophyllum rhacodes,"Boulder County, US-CO, US",1
8de3151f-bcd4-4bb5-aa6f-7200277ffa64,325535931,2025-11-07 16:56:03-07:00,2025-11-07,-104.6962982,39.03503345,2300.0,,-4.0,14.0,0.0,13.3,,1015.7,Chlorophyllum rhacodes,"Wyandott Dr, Colorado Springs, CO, US",1
507538d0-d9be-46f0-9e03-d75175018afe,325279088,2025-11-06 16:21:35-07:00,2025-11-06,-105.1023564997,39.8227528997,1671.0,,8.9,20.0,0.0,28.0,,1015.1,Chlorophyllum rhacodes,"Scenic Heights, Arvada, CO, USA",2
f5317388-e4be-4dcf-8546-b6cf60c66413,322674347,2025-10-10 17:35:41-06:00,2025-10-10,-105.298125,40.1350028333,1753.0,,9.8,19.0,0.0,2.0,,,Chlorophyllum rhacodes,"Lefthand Canyon Dr, Boulder, CO, US",1
7193ab70-68d9-4d76-9b6b-bddbd6efe740,322256054,2025-10-09 13:36:38-06:00,2025-10-09,-105.0874843821,39.8027317912,1630.0,,11.0,28.0,0.0,3.5,,1019.0,Chlorophyllum rhacodes,"Arvada, CO 80002, USA",1
07135006-5cc9-4a10-be3b-3f3024ae6839,321733338,2025-10-18 15:35:51-06:00,2025-10-18,-105.3200616667,40.0590555,1852.0,,2.0,16.0,0.0,12.2,,1017.0,Chlorophyllum rhacodes,"Wagonwheel Gap Rd, Boulder, CO, US",1
16494530-ea7e-4275-8aad-0885302a946f,321702789,2025-10-18 15:29:07-06:00,2025-10-18,-105.2013790276,39.718466026,1859.0,,4.0,17.0,0.5,17.8,,1017.8,Chlorophyllum rhacodes,"Kimball Ave, Golden, CO, US",1
231a6f1a-4672-4f47-97ae-9dc8b3740c45,321665315,2025-10-18 10:12:06-06:00,2025-10-18,-105.2547083333,39.7721466667,1944.0,,4.0,17.0,0.5,17.8,,1017.8,Chlorophyllum rhacodes,"Cedar Gulch Trail, Golden, CO, US",1
44d4e28b-b601-489b-934f-9d13f666f309,321473921,2025-10-17 13:13:01-06:00,2025-10-17,-105.2830574931,39.9475800458,2001.0,,3.0,19.0,0.0,5.7,,1012.4,Chlorophyllum rhacodes,"Shadow Canyon North Trail, Boulder, CO, US",1
ad9c58cb-7273-483f-b091-c9fe41035614,321318698,2025-10-16 16:59:45-06:00,2025-10-16,-105.2778783333,39.9978533427,1745.0,,10.0,21.0,1.6,11.2,,1009.9,Chlorophyllum rhacodes,"Batchelder, Boulder, CO, US",1
728304b4-72f8-46f7-b548-151777efa52d,321182228,2025-10-14 15:59:00-06:00,2025-10-14,-105.0753785443,39.8407309458,1649.0,,7.0,21.0,2.6,7.7,,1018.6,Chlorophyllum rhacodes,"Little Dry Creek Trail, Arvada, CO, US",2
f0227c42-8197-4e67-bac8-1e43f89609bf,321181799,2025-10-14 15:59:00-06:00,2025-10-14,-105.075700272,39.8407552606,1649.0,,7.0,21.0,2.6,7.7,,1018.6,Chlorophyllum rhacodes,"Little Dry Creek Trail, Arvada, CO, US",2
289ec35d-0859-47c4-907b-e0e603b4aadc,321147411,2025-10-15 17:50:48-06:00,2025-10-15,-105.1860539272,40.1848005288,1558.0,,6.0,21.0,0.0,3.0,,1014.5,Chlorophyllum rhacodes,"Marlatt Trails, Longmont, CO, US",1
e05fa11a-4842-43bf-95fb-6a9ded506174,321125396,2025-10-12 16:06:11-06:00,2025-10-12,-105.1592777778,39.9935944444,1689.0,,9.0,20.0,0.3,18.2,,1009.3,Chlorophyllum rhacodes,"Superior, CO 80027, USA",1
e3fe3836-b01e-4e97-b8f1-276aa3814ad4,320870410,2025-10-13 16:53:43-06:00,2025-10-13,-105.1585471667,39.82222,1686.0,,6.0,14.0,3.1,7.5,,1019.4,Chlorophyllum rhacodes,"Jefferson County, US-CO, US",1
609c0b6e-9de6-4777-94e0-60fc58771ccb,320755558,2025-10-11 17:38:08-06:00,2025-10-11,-105.184845,40.5763033333,1777.0,,9.0,18.0,0.3,4.9,,1011.5,Chlorophyllum rhacodes,"Well Gulch Nature Trail, Bellvue, CO, US",1
7ea660f9-d507-4fcd-ab4b-f96b1fbcdcd1,320737646,2025-10-13 14:41:09-06:00,2025-10-13,-105.2786557796,39.8130996851,2190.0,,6.0,14.0,3.1,7.5,,1019.4,Chlorophyllum rhacodes,"Colorado, US",1
70a50d5b-f22d-4e13-85fa-fa704387d444,320721260,2025-10-11 15:47:28-06:00,2025-10-11,-105.2663416667,40.22047,1626.0,,9.0,19.0,0.2,2.3,,1012.3,Chlorophyllum rhacodes,"2nd Ave, Lyons, CO, US",1
66b42808-8fd8-41f5-bcba-ff88b96cdbf7,320676939,2025-10-13 11:05:06-06:00,2025-10-13,-105.0760283333,39.7849183333,1635.0,,6.0,14.0,3.1,7.5,,1019.4,Chlorophyllum rhacodes,"Barths, Wheat Ridge, CO, USA",1
d6f817e1-91b1-4184-a0d7-68e24e8e9c26,320643482,2025-10-13 07:57:30-06:00,2025-10-13,-105.1026166667,40.582005,1539.0,,3.0,15.0,0.4,10.3,,1019.7,Chlorophyllum rhacodes,"Sheldon Dr, Fort Collins, CO, US",1
955c9390-1d6a-4a2b-b0a9-06a50383b186,320604148,2025-10-11 14:20:06-06:00,2025-10-11,-105.2726465785,39.9516828806,1842.0,,11.0,17.0,1.4,1.8,,1011.8,Chlorophyllum rhacodes,"Upper Big Bluestem Trail, Boulder, CO, US",1
9e64b5d2-e47e-41d2-baef-fd824453015b,320604024,2025-10-11 14:53:28-06:00,2025-10-11,-105.2811792235,39.9521338987,1929.0,,11.0,17.0,1.4,1.8,,1011.8,Chlorophyllum rhacodes,"Mesa Trail, Boulder, CO, US",1
b0108bc7-3157-4306-ad75-ae9e8227b9ee,320572580,2025-10-10 14:27:44-06:00,2025-10-10,-105.324045,39.6301283333,2171.0,,13.0,18.0,0.0,4.9,,,Chlorophyllum rhacodes,"S Blue Spruce Rd, Evergreen, CO, US",2
2e9a83f8-8c82-41fa-8125-a215a6cfced7,320572538,2025-10-10 14:26:29-06:00,2025-10-10,-105.324045,39.6301466667,2171.0,,13.0,18.0,0.0,4.9,,,Chlorophyllum rhacodes,"S Blue Spruce Rd, Evergreen, CO, US",1
bd66f468-a47d-4e24-8261-5231fef07f6e,320538115,2025-10-12 17:38:15-06:00,2025-10-12,-105.0714169722,39.9260159722,1644.0,,10.0,22.0,0.7,31.0,,1010.2,Chlorophyllum rhacodes,"Broomfield, CO 80020, USA",1
59c180ea-263f-4357-b0d9-1e9214040fbd,320533134,2025-10-12 15:24:14-06:00,2025-10-12,-105.2758033333,39.9177633333,1990.0,,10.0,22.0,0.7,31.0,,1010.2,Chlorophyllum rhacodes,"Boulder County, US-CO, US",1
d9cb8427-69e5-4f6f-936c-a04a9860b0d3,320507146,2025-10-12 15:24:35-06:00,2025-10-12,-105.2757199226,39.9176545989,1990.0,,10.0,22.0,0.7,31.0,,1010.2,Chlorophyllum rhacodes,"Goshawk Ridge Trail, Eldorado Springs, CO, US",1
3ea201ac-e521-4403-8bc0-5019bc392203,320495324,2025-10-09 11:07:00-06:00,2025-10-09,-105.2603222222,39.9869305556,1691.0,,9.0,28.0,0.0,2.8,,1018.8,Chlorophyllum rhacodes,"Highland Park, Boulder, CO 80305, USA",2
902edd70-efbf-4893-99d0-460d6e3fbb4f,320479559,2025-10-12 14:33:06-06:00,2025-10-12,-104.7594545782,39.6653331364,1724.0,,10.0,20.0,0.0,12.2,,1009.4,Chlorophyllum rhacodes,"Sterling Hills, Aurora, CO, USA",1
8d90e9bc-139e-4985-bed8-59afd8308dba,320290403,2025-10-11 18:14:15-06:00,2025-10-11,-105.27551184,40.03849562,1654.0,,11.0,17.0,1.4,1.8,,1011.8,Chlorophyllum rhacodes,"Melody Heights, Boulder, CO 80304, USA",1
99d020a8-6bab-4a13-bf97-46a90d2837e8,320282563,2025-10-11 17:24:44-06:00,2025-10-11,-105.071647644,39.9407501221,1662.0,,12.0,17.0,0.8,5.7,,1012.6,Chlorophyllum rhacodes,Broomfield,1
c686bb8d-7223-4800-bbb0-7750c7cf356a,320274638,2025-10-11 16:42:58-06:00,2025-10-11,-105.1705833111,39.7750255849,1697.0,,12.0,17.0,0.8,5.7,,1012.6,Chlorophyllum rhacodes,"Kendrick St, Golden, CO, US",2
f803b5b2-62d6-4590-b560-e5abc7b84408,320271339,2025-10-11 12:27:00-06:00,2025-10-11,-105.1094483286,40.6049782981,1524.0,,9.0,18.0,0.3,4.9,,1011.5,Leucocoprinus leucothites,"Larimer County, CO, USA",1
d3658efe-c94d-40bd-9644-d6a590a4eeda,320260214,2025-10-11 11:29:56-06:00,2025-10-11,-106.3272448,35.8802759,2225.0,,12.0,17.0,0.9,14.0,,1020.7,Chlorophyllum rhacodes,"Los Alamos County, NM, USA",1
587ec576-a715-4d8f-b083-62b12791773e,320232543,2025-10-11 13:08:00-06:00,2025-10-11,-105.27877,39.9978916667,1745.0,,11.0,17.0,1.4,1.8,,1011.8,Chlorophyllum rhacodes,"Mcclintock Lower Trail, Boulder, CO, US",1
d4f46027-b20a-4655-9602-00840ddf93fc,320212898,2025-10-11 12:00:30-06:00,2025-10-11,-105.3709803462,40.0384717605,2064.0,,11.0,17.0,1.4,1.8,,1011.8,Chlorophyllum rhacodes,"Logan Mill Rd, Boulder, CO, US",1
d3a4ab75-47f2-4566-8e77-1772ac6de0f6,320057946,2025-10-10 09:01:39-06:00,2025-10-10,-106.3171833333,35.8833283333,2228.0,,12.3,21.0,0.1,5.6,,,Chlorophyllum rhacodes,"Santa Fe National Forest, Los Alamos, NM, US",1
d1206327-3ce4-4666-81c3-ceec75eddda9,318989866,2025-10-05 10:49:39-06:00,2025-10-05,-105.5857166667,39.984495,3047.0,,-6.7,3.0,6.8,15.6,,1014.3,Lepiota magnispora,"Boulder County, US-CO, US",2
33e56a63-f3ca-4584-8000-6577667f5eaf,318903317,2025-10-03 16:24:05-06:00,2025-10-03,-104.96661013,39.7294463357,1635.0,,12.7,27.8,0.0,11.7,,1013.0,Chlorophyllum brunneum,"Cheesman Park, Denver, CO, US",1
1864f20a-2418-466c-b0b8-83ecc85633a9,318671098,2025-10-04 11:23:33-06:00,2025-10-04,-106.3240258,35.8797141,2200.0,,13.0,22.0,0.4,19.1,,1017.5,Chlorophyllum rhacodes,"Los Alamos County, NM, USA",1
d6acb207-ab31-4b8f-8307-9893c7b37588,318569854,2025-09-06 11:24:44-06:00,2025-09-06,-105.0799778333,39.5103383333,1667.0,,7.0,27.0,0.0,10.2,,1022.2,Chlorophyllum molybdites,"Chatfield State Park, Littleton, CO, US",1
fc37a96e-7102-4681-9405-9f27fa6a8ac2,318088993,2025-10-01 09:33:11-06:00,2025-10-01,-105.27262577,40.02039516,1627.0,,12.0,27.0,0.0,6.9,,1019.9,Chlorophyllum rhacodes,"Downtown, Boulder, CO 80302, EE. UU.",2
303db461-c7d0-4750-943e-963a85b674f0,317332146,2025-09-28 12:40:39-06:00,2025-09-28,-104.9359130859,39.6881141663,1660.0,,13.3,25.2,0.0,11.1,,1014.2,Chlorophyllum rhacodes,Denver,1
b01773b8-8888-401a-baa7-bf579517fef6,316122877,2025-09-23 13:10:00-06:00,2025-09-23,-105.4697845788,44.2150724833,1464.0,,8.3,22.8,0.0,10.4,,1025.3,Leucocoprinus birnbaumii,"Campbell County, US-WY, US",1
3e308717-5730-4e30-ba5a-16c566939783,315871249,2025-09-22 10:45:12-06:00,2025-09-22,-106.5333331749,35.8999998917,2797.0,,12.0,19.0,0.5,5.6,,1021.4,Cystodermella granulosa,"Jemez Springs, NM 87025, USA",1
de6f3bb7-9201-41c5-9867-e224e2a6f50c,315861446,2025-09-21 12:14:38-06:00,2025-09-21,-106.397225,35.8965416667,2858.0,,13.0,26.0,0.0,8.9,,1022.8,Chlorophyllum rhacodes,"Pajarito Mountain Ski Area, Los Alamos, NM, US",1
2e3123ed-0cc4-43d8-8701-ff9c28304f7f,315807125,2025-09-22 07:59:33-06:00,2025-09-22,-105.0531899671,39.7264746255,1636.0,,12.7,21.7,6.3,14.0,,1010.2,Leucocoprinus birnbaumii,"Sheridan Blvd, Denver, CO, US",1
39e49b50-2029-4505-a9b3-95b8593182a9,315670320,2025-09-20 11:58:55-06:00,2025-09-20,-104.9723225907,39.7123125674,1624.0,,11.9,24.8,0.1,9.0,,1015.1,Chlorophyllum rhacodes,"S Marion Street Pkwy, Denver, CO, US",1
5a0e68cc-cf0f-40de-9e99-a16ea382cbd0,314928279,2025-09-18 18:32:01-06:00,2025-09-18,-104.84497,39.1034,2234.0,,5.0,20.0,0.0,9.8,,1023.7,Chlorophyllum rhacodes,"Honeysuckle Way, Monument, CO, US",1
25d44707-e350-41d2-90a3-7c8b830c8de6,314912037,2025-09-18 18:32:13-06:00,2025-09-18,-104.7568166667,38.9259277778,2027.0,,5.0,20.0,0.0,9.8,,1023.7,Chlorophyllum rhacodes,"Colorado Springs, CO 80918, USA",1
000596f0-e33e-49e2-a845-bddcf46873e2,314655152,2025-09-17 12:57:02-06:00,2025-09-17,-108.0915229997,36.8818473997,1888.0,,10.0,28.0,0.0,13.5,,1021.7,Leucocoprinus leucothites,"Aztec, NM 87410, USA",1
974233e3-27f4-4b70-ae87-1f1d8c7e1a32,314600950,2025-09-16 11:06:00-06:00,2025-09-16,-105.79850833,35.79905833,3249.0,,11.0,28.0,0.1,10.4,,1025.9,Lepiota magnispora,"Santa Fe, New Mexico, United States",2
47a0baf8-ed08-401b-8b9f-370d8cd96e3e,314401955,2025-09-16 12:35:57-06:00,2025-09-16,-106.5065404405,39.6272146799,2291.0,,3.0,16.0,3.3,12.4,,1036.5,Chlorophyllum rhacodes,"Eagle Bend Dr, Avon, CO, US",1
8c00fe36-f9a3-4f91-a581-05c4aa263cea,314368439,2025-09-11 12:58:14-06:00,2025-09-11,-105.6991716667,39.7045583333,2606.0,,1.0,11.0,4.3,11.8,,1021.2,Leucocoprinus leucothites,"Third St, Georgetown, CO, US",1
5347bbcd-1799-416f-9abd-8486dbad8ead,314045993,2025-09-14 22:05:09-06:00,2025-09-14,-104.8026301007,38.7905790953,1813.0,,6.9,20.0,0.0,9.8,,1019.3,Leucocoprinus barssii,"Colorado, US",1
bd90b2b9-27bb-4def-986b-30f46385050d,313119828,2025-09-10 18:36:46-06:00,2025-09-10,-104.8376083333,38.7492633333,2026.0,,13.0,28.0,0.0,12.3,,1023.1,Chlorophyllum molybdites,"Buttermere Dr, Colorado Springs, CO, US",1
472e2dde-4500-46ce-a32c-2ec49f68cd60,313001748,2025-09-10 11:29:35-06:00,2025-09-10,-104.8130116667,38.7917833333,1831.0,,13.0,28.0,0.0,12.3,,1023.1,Chlorophyllum rhacodes,"Tenderfoot Hill St, Colorado Springs, CO, US",1
ebf39dd0-d364-4ad8-aee6-e09ff34fcfd0,312955746,2025-09-10 12:23:42-06:00,2025-09-10,-104.89367675,39.6857948056,1667.0,,14.8,29.7,0.0,13.7,,1012.7,Chlorophyllum rhacodes,"Four Square Mile, CO, USA",2
e1f37abf-1f3e-479b-a901-613469aa63b7,312856238,2025-08-30 18:22:51-06:00,2025-08-30,-104.8128133333,38.8460383333,1846.0,,12.0,21.0,2.4,15.4,,1025.7,Lepiota lilacea,"E Cache la Poudre St, Colorado Springs, CO, US",1
53cc0ac4-d24b-48bf-b161-1553dfe6560b,312579883,2025-09-08 18:31:58-06:00,2025-09-08,-104.7766527778,38.8839,2001.0,,12.0,27.0,0.0,11.8,,1023.8,Chlorophyllum rhacodes,"Colorado Springs, CO 80907, USA",1
9bcfb706-1be5-49bb-a32d-6206d66b79db,312553220,2025-09-08 15:04:00-06:00,2025-09-08,-104.7884283333,38.9485166667,1993.0,,10.0,27.0,1.4,13.3,,1020.6,Chlorophyllum rhacodes,"Silkwood Dr, Colorado Springs, CO, US",1
a5f9dfcd-0f52-444f-acb9-1abcb1414447,312447550,2025-09-05 16:21:33-06:00,2025-09-05,-105.2109546208,40.0345208013,1580.0,,11.0,18.0,0.0,7.8,,1021.8,Chlorophyllum rhacodes,"N 61st St, Boulder, CO, US",1
0243ba9d-3608-4a23-9b3f-d7eecc3bc7f1,312392831,2025-09-06 18:09:26-06:00,2025-09-06,-105.0924834228,40.5826385168,1536.0,,8.0,26.0,0.0,9.4,,1021.5,Leucocoprinus barssii,"W Magnolia St, Fort Collins, CO, US",1
4abea9e8-f7fe-4435-b375-74bcfe76118b,312359976,2025-09-07 17:32:32-06:00,2025-09-07,-104.8756542137,38.6307469495,1984.0,,13.0,25.0,0.4,7.4,,1023.6,Lepiota sp. 'Eriophorae-CO01',"Colorado, US",2
2a66ffa8-51b2-4ab6-a49c-7649170374e9,312340741,2025-09-07 17:48:46-06:00,2025-09-07,-104.87760925,39.6373786667,1715.0,,16.0,27.0,0.0,10.0,,1023.1,Leucocoprinus barssii,"Greenwood Village, CO, USA",1
c4075e31-1b6e-4f14-b977-350c3c26f02c,312336345,2025-09-07 17:46:34-06:00,2025-09-07,-104.8802966667,39.6354333333,1720.0,,16.0,27.0,0.0,10.0,,1023.1,Leucocoprinus barssii,"Greenwood Village, CO, USA",1
80aae12d-f03f-42f3-b9af-e531750ad3f2,393648093,2026-08-22 18:11:40-06:00,2026-08-22,-105.0232027778,39.5459611111,1702.0,,19.9,30.3,,9.7,,1016.7,Agaricus bernardii,"Littleton, CO 80129, USA",1
e1375cab-721f-4ca1-9402-6739127c510a,391652850,2026-08-15 09:28:45-06:00,2026-08-15,-107.8271027778,37.8543138889,2973.0,,8.0,20.0,1.4,3.7,,,Mycena pura,"Ophir, CO 81426, USA",1
071cb5e1-2982-4ac2-acd1-762a69642c30,391295050,2026-08-14 13:49:22-06:00,2026-08-14,-107.9730027778,37.7410944444,3045.0,,10.0,19.0,4.5,2.8,,,Mycena pura,"Rico, CO 81332, USA",1
2993af50-2bb2-40c5-8aa4-01060c332e81,391262906,2026-08-14 17:50:06-06:00,2026-08-14,-105.0376586914,39.7473640442,1621.0,,17.7,27.2,,13.5,,1013.3,Agaricus bernardii,Denver,1
03894122-f574-429b-b16f-bab2cc082fa1,391243744,2026-08-12 18:27:41-06:00,2026-08-12,-104.9121966586,40.3368977515,1483.0,,17.8,34.4,0.2,6.1,,,Agaricus malangelus,Johnstown,1
a981141c-63a3-47e9-854e-e0c0c01d7ebe,390987715,2026-08-02 12:08:00-06:00,2026-08-02,-106.7443214094,39.2838819818,3211.0,,13.9,32.2,0.0,6.0,,,Galerina marginata,"Colorado, US",1
b48f40b9-029c-4c65-ad41-cfb383587508,390925202,2026-08-02 12:38:32-06:00,2026-08-02,-105.8344142139,35.723652374,2602.0,,14.4,33.9,0.0,5.6,,,Panus lecomtei,"Santa Fe County, US-NM, US",1
71ed384b-ba54-4c19-8af3-fa27a756e0af,390873268,2026-08-12 14:03:33-06:00,2026-08-12,-107.8930860758,37.8130941469,3094.0,,13.0,22.0,5.5,2.2,,,Agaricus julius,"Ophir, CO 81426, USA",1
337b10a4-7b27-4da4-902b-cbfea3a81260,390688982,2026-08-08 16:21:01-06:00,2026-08-08,-106.5393966667,35.82163,2587.0,,16.7,31.2,6.0,7.8,,,Agaricus didymus,"Jemez National Recreation Area, Jemez Springs, NM, US",1
f2958f71-592d-4680-99be-22c95c51c67f,389508563,2026-08-08 12:10:19-06:00,2026-08-08,-104.9806324926,38.7494705833,3462.0,,16.0,33.3,0.3,5.4,,,Agaricus griseicephalus,"Colorado, US",1
b1b62558-d7f0-45b0-87dc-d87c9d4d528f,388892977,2026-08-06 10:44:23-06:00,2026-08-06,-105.1192611997,38.8708179997,3130.0,,14.0,31.2,0.0,4.9,,,Mycena pura,"Divide, CO 80814, USA",1
e0f21dbe-6609-44d3-96b6-79b78d4a8b61,388639507,2026-08-05 11:10:52-06:00,2026-08-05,-105.7192483997,39.6082453,3389.0,,5.0,16.0,0.0,18.5,,,Laccaria laccata,"Dillon, CO 80435, USA",1
8d3caf47-5ac8-46f5-8763-1ab9b788e52a,388571747,2026-07-29 08:06:22-06:00,2026-07-29,-104.8240583333,38.8536633333,1856.0,,15.6,30.0,,7.5,,1011.7,Candolleomyces candolleanus,"E Columbia St, Colorado Springs, CO, US",1
230497e8-088a-4738-b405-c837b92bc6c7,388494226,2026-08-01 09:39:00-06:00,2026-08-01,-105.4591194029,36.0099385104,2735.0,,8.7,24.1,2.7,3.2,,,Pleurotus dryinus,"New Mexico, US",2
cabb01be-2c3d-483c-b1df-0c266ec389ba,388296200,2026-08-01 15:25:00-06:00,2026-08-01,-105.4737941877,36.023889717,2970.0,,8.7,24.1,2.7,3.2,,,Agrocybe pediades,"New Mexico, US",1
988e800f-b9d3-41df-aa4d-30c765e6d7ae,388002889,2026-07-30 13:31:00-06:00,2026-07-30,-105.4408796021,36.137993162,2997.0,,7.0,29.8,0.0,5.4,,,Infundibulicybe squamulosa,"New Mexico, US",1
259981bf-c62d-40d9-a857-316cacc4b52b,387791519,2026-08-01 12:35:46-06:00,2026-08-01,-110.8388450128,40.6332537698,3161.0,,,,,,,,Laccaria laccata,"Utah, US",1
f40c7084-7687-46cb-b597-3e09a6052310,387754709,2026-08-02 12:17:46-06:00,2026-08-02,-105.3557082381,36.2045283348,2682.0,,6.5,28.7,0.7,4.4,,,Cystodermella cinnabarina,"Mora County, US-NM, US",1
be490571-e34a-4a9f-a9e6-48309eced636,387380142,2026-08-01 11:00:48-06:00,2026-08-01,-105.682555,36.0501638333,2724.0,,14.5,29.6,2.4,11.8,,1019.3,Phyllotopsis nidulans,"Forest Service Road 207, Truchas, NM, US",1
23ec8019-f0c5-4d73-b3c4-48e010d16112,387344756,2026-08-01 13:09:04-06:00,2026-08-01,-105.4959128111,36.1143851162,2657.0,,8.7,24.1,2.7,3.2,,,Phyllotopsis nidulans,"Agua Sarca Trail, Vadito, NM, US",1
c74275c7-eafd-4a08-8cb7-93ef55cf367b,386995148,2026-07-31 13:02:09-06:00,2026-07-31,-105.5105246517,36.1271626447,2600.0,,6.7,27.5,5.7,3.9,,,Agrocybe pediades,"NM-518, Vadito, NM, US",1
f5f25013-0092-460b-b89b-12182b5b6b52,386981505,2026-07-31 10:04:39-06:00,2026-07-31,-105.4001,36.2150972222,3267.0,,6.7,27.5,5.7,3.9,,,Mycena pura,"Chacon, NM 87713, USA",2
856012a9-6501-435a-b0b0-ffcde3a70509,385388193,2026-07-25 13:33:00-06:00,2026-07-25,-105.6879533652,35.6743223602,2234.0,,18.3,31.7,8.8,7.2,,,Infundibulicybe squamulosa,"New Mexico, US",1
99337ed3-eb12-41ae-a34f-bb542370140c,385288335,2026-07-25 14:13:00-06:00,2026-07-25,-106.5855688584,35.8216082381,2480.0,,20.7,31.3,5.6,5.5,,,Infundibulicybe squamulosa,"Sandoval County, NM, USA",1
c960119c-ae48-43e8-921d-378677def345,385067269,2026-07-25 14:18:35-06:00,2026-07-25,-105.5237633333,36.0564695,3396.0,,8.9,24.6,5.5,2.8,,,Mycena pura,"Carson National Forest, Vadito, NM, US",1
37658253-fd5c-49ae-8163-2488c148cb0c,385048411,2026-07-24 09:57:00-06:00,2026-07-24,-105.9887124171,35.6608534135,2046.0,,17.8,32.2,0.5,7.0,,,Galerina marginata,"New Mexico, US",1
046eeb75-555d-4164-9720-281b817bb0f7,384726878,2026-07-16 16:08:12-06:00,2026-07-16,-105.0977388333,40.5648283333,1532.0,,17.2,34.4,0.0,8.3,,1011.3,Leucocoprinus birnbaumii,"Heritage Cir, Fort Collins, CO, US",1
16503a1a-5190-473a-a382-c858f04f3e03,384710774,2026-07-24 14:58:34-06:00,2026-07-24,-105.4090695946,36.1851335778,3021.0,,7.9,28.3,5.6,2.8,,,Agaricus campestris,"Taos County, US-NM, US",1
b1e4c16b-6623-4237-8055-290b9113d654,384690119,2026-07-24 15:43:14-06:00,2026-07-24,-109.4696441,41.530072,1868.0,,10.2,32.3,0.0,5.8,,,Leucocoprinus birnbaumii,"Sweetwater County Courthouse (Call for pick-up), Green River, WY 82935, USA",1
4575cfff-2d3e-45b1-afc7-bf3a65ac1d8a,384156447,2026-07-22 22:51:38-06:00,2026-07-22,-105.0731070712,39.8598615147,1671.0,,20.0,33.0,4.2,6.3,,,Leucocoprinus birnbaumii,"Harlan St & W 91st Ave, Westminster, CO 80031, USA",1
704d03ff-b205-4943-bd74-0e59d876e6f0,384085687,2026-07-20 11:17:00-06:00,2026-07-20,-105.9121042097,35.740724247,2164.0,,17.8,32.2,0.5,4.8,,,Infundibulicybe squamulosa,"New Mexico, US",1
3d3c6aa4-dbcd-4e9c-853f-4cf21cb1ed45,383169756,2026-07-19 19:06:26-06:00,2026-07-19,-108.0391166667,37.795355,3101.0,,11.0,23.7,0.4,5.8,,,Pyrrhulomyces astragalinus,"Dolores, CO, US",1
1d2ee473-ac92-4507-ac20-1f966d82e78b,382834564,2026-07-18 12:09:53-06:00,2026-07-18,-106.9878916667,36.9337116667,2073.0,,8.8,25.0,3.9,6.1,,,Agrocybe pediades,"Jicarilla Blvd, Dulce, NM, US",2
eff3c3fd-7b21-4edc-88e0-3d9518e4e855,382787094,2026-07-16 12:38:27-06:00,2026-07-16,-104.8951722222,38.8650083333,1918.0,,15.2,31.0,0.0,7.9,,,Panus lecomtei,"West Colorado Springs, Colorado Springs, CO, USA",1
af7e2d07-5ffe-4b52-bdcc-67d47c183cdf,382587155,2026-07-18 08:10:29-06:00,2026-07-18,-104.8149150552,41.140416705,1862.0,,15.6,31.7,0.0,16.6,,1014.4,Agaricus xanthodermus,United States,1
8397bdef-fea0-40e0-8f0f-f3b4db7755b3,382146407,2026-07-16 18:25:54-06:00,2026-07-16,-107.0785361667,37.277325,2295.0,,9.0,26.0,1.5,5.1,,1017.0,Candolleomyces candolleanus,"Cloud Cap Ave, Pagosa Springs, CO, US",1
0b564656-2ddd-4916-9171-64283412d059,381724840,2026-06-02 13:00:04-06:00,2026-06-02,-105.0951166667,39.547675,1670.0,,12.2,22.8,0.8,10.4,,1016.4,Agaricus bernardii,"Chatfield State Park, Littleton, CO, US",1
745ebd42-9456-4628-ab0b-18d6e6f99470,380938025,2026-07-12 11:37:06-06:00,2026-07-12,-105.7096633333,39.6366366667,3155.0,,9.0,17.0,0.0,12.4,,,Laccaria laccata,"Guanella Pass Rd, Idaho Springs, CO, US",1
92bae923-58a6-4b7e-a441-e73742f530c7,380558372,2026-07-11 22:11:38-06:00,2026-07-11,-105.0310833333,39.64538,1640.0,,16.1,33.9,0.0,8.8,,,Agaricus arvensis,"S Knox Ct, Sheridan, CO, US",1
6170c88c-8936-43f6-b6ce-a880ce9af9c7,380330994,2026-07-11 08:53:19-06:00,2026-07-11,-104.9633407593,39.7312927246,1646.0,,18.8,33.4,,14.6,,1014.6,Agaricus bitorquis,Denver,1
48a7d174-2946-4fb5-a311-3be019de387a,378967639,2026-07-05 20:01:35-06:00,2026-07-05,-105.404145,39.563395,2776.0,,6.0,15.0,0.0,8.2,,1021.4,Agaricus inapertus,"Pine Grove, Pine, CO, US",1
c6a4335c-a465-4a40-b449-8efcca0d1ec5,376182835,2026-06-28 07:41:36-06:00,2026-06-28,-108.7405226783,42.827167649,1647.0,,8.3,21.1,0.0,20.9,,,Candolleomyces candolleanus,"S Sixth St, Lander, WY, US",1
aec079c7-469e-441d-b13b-a04af713b2cf,375757162,2026-06-26 15:11:14-06:00,2026-06-26,-104.8391416667,39.7463866667,1643.0,,15.4,28.4,,15.1,,1008.5,Agrocybe pediades,"E Montview Blvd, Aurora, CO, US",1
fce3e64b-6a68-49ea-aae7-53d6b20f99b6,375367363,2026-06-25 17:36:34-05:00,2026-06-25,-99.7178974317,38.7934449552,656.0,,18.0,23.0,33.9,11.6,,,Agrocybe pediades,"X Rd, Ellis, KS, US",1
9eafc4f5-efc6-4dad-8a94-902c6e90b836,373977712,2025-09-28 10:34:55-06:00,2025-09-28,-106.0895611667,39.20152,3247.0,,1.0,13.0,2.5,8.0,,1030.6,Phyllotopsis nidulans,"Pike and San Isabel National Forests, Fairplay, CO, US",1
a96a70f6-bbd5-478d-a1ed-1c0cc9b2535f,372819368,2026-06-17 20:39:02-06:00,2026-06-17,-107.0785361667,37.2772966667,2295.0,,6.0,31.0,0.0,6.7,,,Candolleomyces candolleanus,"Cloud Cap Ave, Pagosa Springs, CO, US",1
2917a004-01c2-41e4-b411-7d319fc71454,370830172,2026-06-09 20:45:03-06:00,2026-06-09,-105.0112222167,39.6501083333,1607.0,,13.9,31.7,0.0,8.4,,,Agaricus bernardii,"River Run Trailhead, Sheridan, CO, US",1
eb6b8007-791e-4244-9944-0fadd948c418,370734502,2026-06-11 15:02:04-06:00,2026-06-11,-104.960145,39.7331166667,1646.0,,15.2,25.2,,18.6,,1010.0,Agaricus porphyrocephalus,"Denver Botanic Gardens, Denver, CO, US",1
ee231057-5af2-429b-847e-0d72753ac83a,370717292,1964-06-19,2026-06-11,-104.97046,39.71917,1615.0,,15.2,25.2,,18.6,,1010.0,Agaricus arvensis," Colorado, Denver , 100 block of Lafayette Street,",1
667472d5-8b54-4b4e-969e-2ac7e1297da7,370709167,2026-06-11 13:21:18-06:00,2026-06-11,-104.9604202,39.733135,1646.0,,15.2,25.2,,18.6,,1010.0,Agaricus cordillerensis,"York St & 9th Ave, Denver, CO 80206, USA",1
80ad2f78-a74e-45ff-9132-01946fa415e5,370667424,2010-08-13,2026-06-11,-105.926666,39.992904,2666.0,,5.0,20.7,0.0,6.9,,,Agaricus pilosporus,"Grand County, US-CO, US",1
cd197b5a-eea7-4d9f-9ed2-a6b32d0fe155,370004082,2026-06-02 20:35:31-06:00,2026-06-02,-105.009125,39.6514083333,1608.0,,12.2,22.8,0.8,10.4,,1016.4,Agaricus bernardii,"River Point at Sheridan, Sheridan, CO, US",2
f5dd5696-a5fc-403f-b80d-6064c98e0f63,369998014,2026-06-08 14:11:23-06:00,2026-06-08,-104.86322,39.55395,1787.0,,16.7,26.1,0.5,7.0,,,Agrocybe pediades,"Mt Spalding Ln, Englewood, CO, US",1
70a4ffdc-a103-4c23-a384-29cff0fd3c11,369439125,2026-06-07 08:52:42-06:00,2026-06-07,-105.0222333333,39.751075,1614.0,,16.3,30.7,,14.6,,1000.7,Agaricus bernardii,"W 23rd Ave, Denver, CO, US",1
9b0fb37b-d853-4477-9def-d8fa28496f3c,368647534,2026-06-05 07:14:48-06:00,2026-06-05,-105.1023555,40.1743383333,1525.0,,10.1,29.6,0.0,3.0,,,Agaricus bernardii,"Main St, Longmont, CO, US",2
6abf792d-9c6b-423d-bdaf-97872cb8a3ab,368188825,2026-06-03 17:51:35-06:00,2026-06-03,-105.2636947632,39.9960327148,1655.0,,13.0,26.0,1.5,4.3,,1015.4,Candolleomyces candolleanus,Boulder,1
493b4633-151f-4642-b45c-df5803acf435,367876054,2026-05-30 19:37:23-06:00,2026-05-30,-105.5403666667,40.7466,2378.0,,5.9,13.7,1.7,21.3,,1009.6,Agrocybe pediades,"Lady Moon Trail, Red Feather Lakes, CO, US",1
f679c125-9491-4e19-8f3f-6adf418e9397,367619726,2026-05-21 13:50:48-06:00,2026-05-21,-104.8954466667,39.6329116667,1716.0,,4.4,20.0,1.3,6.5,,,Agaricus campestris,"E Tufts Ave, Denver, CO, US",2
2d20e8bd-29bb-4600-8f21-b0518bb7bc54,367568096,2026-06-01 17:11:46-06:00,2026-06-01,-105.2604370117,39.9911270142,1666.0,,13.0,26.0,1.6,3.5,,1015.1,Agaricus bitorquis,"Boulder County, US-CO, US",1
a8c61081-6b44-4638-bc2c-cab4e81475c8,367153106,2026-05-27 18:50:28-06:00,2026-05-27,-104.823425,38.846755,1853.0,,10.6,13.9,,6.1,,,Agaricus bernardii,"E Cache la Poudre St, Colorado Springs, CO, US",2
a7e2d9c2-31f9-4802-9186-c9ab959a3f79,366902811,2026-05-30 20:26:30-06:00,2026-05-30,-105.0648444478,40.6613372034,1577.0,,10.0,24.0,0.5,6.5,,,Agrocybe praecox,"Colorado, US",1
0f14e83d-b602-4de8-9b66-65fc7713450e,366737610,2026-05-30 11:58:22-06:00,2026-05-30,-105.1446657964,40.6262562621,1550.0,,10.0,24.0,0.5,6.5,,,Agaricus arvensis,"W County Road Rm, Laporte, CO, US",1
53be0556-df70-4291-a949-8c8946633a72,366733815,2026-05-29 18:34:48-06:00,2026-05-29,-105.1068638333,40.1370583333,1527.0,,13.5,25.6,1.1,6.1,,,Candolleomyces candolleanus,"Incorrigible Cir, Longmont, CO, US",1
d5492af5-058f-42a7-87b7-f93441ec2548,366411002,2026-05-21 14:21:00-06:00,2026-05-21,-105.9390805556,35.6826027778,2141.0,,7.8,25.6,0.0,7.2,,,Agrocybe pediades,"Santa Fe, NM, USA",1
6a30dfc2-a603-40c6-80ff-8f569ba04761,366175674,2026-05-27 14:10:21-06:00,2026-05-27,-105.0253138333,39.5482833333,1702.0,,12.2,18.3,2.0,9.1,,,Agaricus bernardii,"Redstone Park, Highlands Ranch, CO, US",1
a0f70527-c891-49a4-b674-8d5b3304481a,365730312,2026-05-27 08:02:45-06:00,2026-05-27,-104.9654716998,39.6599501843,1645.0,,12.2,18.3,2.0,9.1,,,Agaricus bernardii,"Englewood, CO, USA",2
815bdd86-10a1-4530-b7ce-53733a2fec8a,365559795,2026-05-26 13:25:48-06:00,2026-05-26,-105.4988013495,39.5661116246,3108.0,,0.0,4.0,6.0,17.0,,,Phyllotopsis nidulans,"Colorado, US",1
ced3fe6f-329b-4bee-968d-d265bd1f7751,365497557,2026-05-21 11:08:38-06:00,2026-05-21,-105.0712509155,39.7085762024,1670.0,,4.9,18.5,,11.2,,1012.1,Leucocoprinus birnbaumii,Lakewood,1
df285a67-7344-4f7e-ab38-43266e52a98a,365425884,2026-05-26 09:03:38-06:00,2026-05-26,-104.9562238587,39.7070108695,1635.0,,13.9,23.5,,25.2,,1006.3,Agaricus braendlei,"Polo Club Ln, Denver, CO, US",1
06489316-5c25-4b71-a461-28fc75b910df,365310411,2026-05-25 22:17:43-06:00,2026-05-25,-104.9977416667,39.7345366667,1600.0,,13.6,26.9,,14.1,,1011.1,Agaricus braendlei,"Inca St, Denver, CO, US",2
58a19184-ab70-4a97-b9f4-e8a93806fa78,364878024,2026-05-24 18:16:43-06:00,2026-05-24,-104.8134903169,38.7938899661,1835.0,,13.7,23.6,0.0,5.7,,,Agaricus braendlei,"Tenderfoot Hill St, Colorado Springs, CO, US",1
53592f11-2730-4965-a397-e855fb82330d,364525262,2026-05-23 13:04:09-06:00,2026-05-23,-104.9551385,39.7505978,1607.0,,7.1,22.4,,9.3,,1013.5,Agrocybe praecox,"City Park, Denver, CO, USA",1
1a7a2f54-15aa-40d4-b8e0-06f49aa798f4,363880675,2026-05-17 17:42:41-06:00,2026-05-17,-104.8208083333,38.8500283333,1852.0,,10.0,21.1,,14.3,,,Agaricus bernardii,"N Nevada Ave, Colorado Springs, CO, US",1
4202c6b5-ca1e-401f-a35c-9f9d6917661e,363374628,2026-05-20 09:35:39-06:00,2026-05-20,-107.7586244,38.1529832,2145.0,,2.0,12.0,1.6,4.0,,,Candolleomyces candolleanus,"Ridgway, CO 81432, USA",1
2cefafda-d3b1-4d31-af52-13ebaa4d136e,363222763,2026-05-19 17:09:34-06:00,2026-05-19,-105.1118695,40.1377195,1523.0,,2.7,9.7,1.3,2.5,,,Candolleomyces candolleanus,"Amethyst Dr, Longmont, CO, US",1
4b367c4b-cdf1-4558-8cb8-06023b47e1ad,360121192,2025-07-03 07:33:16-06:00,2025-07-03,-105.0918666667,39.1176083333,2351.0,,10.8,30.0,0.0,15.8,,1008.8,Laccaria laccata,"Woodland Park, CO, US",1
14febbe9-2cf9-4ae1-815a-c194aad92960,360090634,2025-07-09 08:00:00-06:00,2025-07-09,-105.1477383679,39.992370695,1665.0,,15.0,38.0,0.0,4.9,,1020.3,Leucocoprinus birnbaumii,"Louisville, CO, US",1
948445cb-e4ac-45cf-badd-988acbb1c580,355085361,2026-04-25 15:02:12-06:00,2026-04-25,-105.2169716667,39.9908216667,1622.0,,0.0,11.0,0.1,1.9,,,Agrocybe praecox,"Baseline Rd, Boulder, CO, US",1
ce412e93-3780-4b91-98de-94b5c0e4a7d1,353153335,2026-04-24 10:13:06-06:00,2026-04-24,-105.0889760329,40.5709579067,1530.0,,2.0,23.3,0.0,12.2,,,Agaricus bernardii,"W Pitkin St, Fort Collins, CO, US",2
7f0c056d-f23c-4d8b-b682-e78319c23913,350344769,2026-03-14 18:39:51-06:00,2026-03-14,-105.1285933303,39.7747962829,1656.0,,11.0,23.0,0.0,27.0,,1006.5,Hohenbuehelia mastrucata,"Prospect Park Trail, Wheat Ridge, CO, US",1
54f3a1dc-1c40-4c16-bbe9-7bb43ff15f26,350118919,2024-08-25 09:57:00-06:00,2024-08-25,-106.1750691999,36.712149,2755.0,,,,,,,,Infundibulicybe squamulosa,"Rio Arriba, New Mexico, United States",1
d9e7c1b4-e789-43aa-97b2-6c3493e2ca6b,349721811,2025-06-02 14:55:35-06:00,2025-06-02,-104.82242,38.84738,1850.0,,10.6,27.8,8.4,13.3,,1007.3,Agaricus bernardii,"E Cache la Poudre St, Colorado Springs, CO, US",1
506459cb-75c1-4fc0-8216-e89352e6603c,349717298,2026-04-13 15:57:04-06:00,2026-04-13,-104.8127883333,38.8458866667,1846.0,,7.8,21.7,,9.7,,1005.2,Agaricus bisporus,"E Cache la Poudre St, Colorado Springs, CO, US",1
8f3b8149-b634-4b20-8e15-1ddc05ec1506,349163943,2025-08-24 09:10:53-06:00,2025-08-24,-105.1032333333,40.5858416667,1540.0,,14.4,23.3,,15.7,,1018.5,Agaricus malangelus,"W Oak St, Fort Collins, CO, US",1
530809ca-6b37-421c-a3f0-f5d0dc7d9826,347119266,2026-04-03 17:15:57-06:00,2026-04-03,-104.7923662228,38.8093613789,1802.0,,3.3,12.8,,14.7,,1008.0,Agaricus deserticola,"Colorado Springs, CO 80910, USA",1
e91e23cc-bf5e-4bc8-8be2-54d7d9764a98,345525625,2026-03-27 12:52:13-06:00,2026-03-27,-104.9776083333,39.7636083333,1589.0,,4.4,10.7,,23.7,,1029.8,Agrocybe praecox,"Lawrence St, Denver, CO, US",1
80c44f05-6d37-4a2f-bf57-b0b483844016,344987984,2025-05-20 20:33:16-06:00,2025-05-20,-105.2126436308,39.9694397409,1668.0,,3.0,20.0,0.0,19.9,,1014.1,Agaricus bernardii,"Boulder, CO 80303, USA",1
d70c3c31-c84c-4cdb-b3de-d133312f5b5e,344471348,2025-10-05 15:21:00-06:00,2025-10-05,-105.2376416667,40.0432472222,1621.0,,6.0,16.0,8.3,7.7,,1015.7,Agaricus bernardii,"Boulder County, CO, USA",1
377e8331-6f47-41f8-8470-f1676bfae2f5,342333959,2025-09-18 16:35:00-06:00,2025-09-18,-103.5738427565,43.7646704002,1612.0,,8.0,14.0,0.6,7.8,,1021.5,Agrocybe pediades,"Crazy Horse, SD 57730, USA",1
9d2bccbd-0a3c-45f8-b441-85d0a38f917f,342104697,2025-09-18 11:28:05-06:00,2025-09-18,-106.6426285399,43.5248410722,1464.0,,,,,,,,Candolleomyces candolleanus,"Ttt Rd, Kaycee, WY, US",1
35e07b68-24a8-46e7-bc00-fdf0c95f3bf4,335427244,2026-01-19 13:28:44-07:00,2026-01-19,-107.1393278333,37.4423366667,2560.0,,-10.0,9.0,0.0,5.2,,1022.2,Phyllotopsis nidulans,"Forest Service Road 634, Pagosa Springs, CO, US",2
431523ff-8d44-4732-97e0-d4d1211fd7ee,334566394,2024-07-17 15:17:43-06:00,2024-07-17,-108.094374695,39.0460856218,3034.0,,16.6,34.8,0.0,10.2,,1014.5,Phyllotopsis nidulans,"Grand Mesa Uncompahgre and Gunnison National Forests, Whitewater, CO, US",1
96e454d9-8e0e-40a7-8e7f-f04fe329825b,333752738,2025-09-01 13:04:36-06:00,2025-09-01,-105.4571616667,39.4811583333,2650.0,,-2.2,10.0,0.0,11.4,,1027.5,Agaricus campestris,"Wagon Tongue Rd, Bailey, CO, US",1
e7e4f11a-366e-45b8-994e-c52d85932521,333015816,2025-08-30 07:42:21-06:00,2025-08-30,-107.7513849914,38.1703555324,2165.0,,7.0,19.0,1.9,8.9,,1031.7,Leucocoprinus birnbaumii,"Riversage Dr, Ridgway, CO, US",1
6f2b29b5-870d-4ff4-ad98-679cda6f76c7,332092388,2025-12-25 14:55:40-07:00,2025-12-25,-107.1065,37.2854383333,2325.0,,1.0,8.0,4.5,5.1,,1026.9,Panus lecomtei,"Upper Rim Trail, Pagosa Springs, CO, US",1
7777cfb4-477a-4369-b8c2-1c3339f756e1,332091826,2025-12-25 14:41:34-07:00,2025-12-25,-107.1056666667,37.2870783333,2311.0,,1.0,8.0,4.5,5.1,,1026.9,Panus lecomtei,"Capitan Cir, Pagosa Springs, CO, US",1
3b0d591d-25e8-4306-96be-b5b16253d16b,329018623,2017-08-19 10:44:00-06:00,2017-08-19,-108.0259166667,37.7811666667,3145.0,,,,,7.7,,,Agaricus amicosus,"Dolores County, CO, USA",1
d746f0a1-62c3-4a2c-bb39-b81de52faa05,328576175,2024-03-08 06:59:39-07:00,2024-03-08,-103.5438321903,37.9850056164,1246.0,,-1.7,2.8,,17.7,,1021.7,Leucocoprinus birnbaumii,"La Junta, La Junta, CO 81050, USA",1
7cd9355d-0834-4b8e-865a-69c5a54a41ba,326333210,2024-08-13 07:46:00-06:00,2024-08-13,-105.3518059215,39.6831567268,2358.0,,17.0,29.0,2.5,15.6,,1020.0,Phyllotopsis nidulans,"Keystone Dr, Evergreen, CO, US",2
4719bac9-85a0-437d-b69e-672e7822ff03,326218730,2025-09-03 08:42:49-06:00,2025-09-03,-105.3620916667,41.1528388333,2503.0,,9.4,21.3,0.0,16.3,,1019.1,Agaricus campestris,"Vedauwoo Glen Rd, Buford, WY, US",1
