uuid,inat_id,timestamp,date,lon,lat,elevation,tavg,tmin,tmax,precipitation,windspeed,winddirection,presure,species,location,num_identification_agreements
a42a8330-04cf-44bc-970d-aa3c22c0e906,393987172,2026-08-23 08:44:30-06:00,2026-08-23,-105.7706861111,39.5733972222,3384.0,,,,,,,,Amanita muscaria,"Dillon, CO 80435, USA",1
9954aa41-c7b2-4dd5-b242-8ddb212a5dfb,393987099,2026-08-23 08:55:07-06:00,2026-08-23,-105.7714888889,39.576875,3363.0,,,,,,,,Amanita muscaria,"Dillon, CO 80435, USA",1
ae49c57f-a116-4571-94b4-054dd2f8649a,393986877,2026-08-23 08:58:19-06:00,2026-08-23,-105.7719722222,39.5778555556,3371.0,,,,,,,,Amanita muscaria,"Dillon, CO 80435, USA",1
8726a0bf-bc0d-40b4-abbd-e4214140ba3b,393986744,2026-08-23 08:58:31-06:00,2026-08-23,-105.7719722222,39.5778555556,3371.0,,,,,,,,Amanita muscaria,"Dillon, CO 80435, USA",1
d84fdc0b-4d02-4a79-bb02-0bdfde903fa1,393983493,2026-08-23 12:20:57-06:00,2026-08-23,-105.7738888889,39.5812527778,3431.0,,,,,,,,Amanita muscaria,"Dillon, CO 80435, USA",1
707675e4-4f3b-4ee2-8dc8-81ff594befe3,393982897,2026-08-23 12:33:52-06:00,2026-08-23,-105.7718833333,39.5778722222,3371.0,,,,,,,,Amanita muscaria,"Dillon, CO 80435, USA",1
a5d89cfb-a6df-478a-9fc5-4a379f0e6127,393607300,2026-08-21 11:50:00-06:00,2026-08-21,-105.4714170384,40.4750844972,2414.0,,,,,,,,Amanita muscaria,"Larimer County, CO, USA",1
507371f9-16f0-4df4-a9b1-8cf2d91daad6,392903196,2026-08-18 14:07:00-06:00,2026-08-18,-105.6053659933,40.5605461705,2875.0,,,,,,,,Amanita muscaria,"Larimer County, CO, USA",1
daeaf229-8a5d-478e-bb2f-4f41966f2335,392845216,2026-08-15 13:05:00-06:00,2026-08-15,-105.3657140985,39.5283163145,2883.0,,14.4,26.1,1.3,4.4,,,Amanita muscaria,"Colorado, US",1
0db2f74c-629e-4fcb-a01c-b3e9bbf80dd1,392762162,2026-08-17 11:25:21-06:00,2026-08-17,-107.7743533333,37.8044283333,2996.0,,10.0,24.0,0.0,5.0,,,Amanita muscaria,"Silverton, CO, US",1
ddef3f8d-f5f2-486c-8160-04e1e32b7a9b,392742004,2026-08-19 11:14:31-06:00,2026-08-19,-105.560557135,40.7827624067,2487.0,,11.8,23.8,0.0,17.3,,1018.1,Amanita muscaria,"W County Road 74E, Red Feather Lakes, CO, US",1
376d5c51-acc0-4876-8b6f-ab0bb9668722,392687645,2026-08-14 14:28:28-06:00,2026-08-14,-107.9720166667,37.7399866667,3024.0,,10.0,19.0,4.5,2.8,,,Amanita muscaria,"County Road 578, Rico, CO, US",1
71cf1f19-2105-4191-9538-8a9e3d376a90,392662612,2026-08-14 11:54:23-06:00,2026-08-14,-107.249145,39.9616383333,3384.0,,15.0,28.0,2.1,6.1,,,Amanita muscaria,"Gypsum, CO, US",1
1f9423a7-a974-48e2-a846-54c0d31ff564,392598199,2026-08-18 08:26:47-06:00,2026-08-18,-105.6232402101,40.3265230685,2879.0,,9.9,25.2,1.1,9.0,,1019.1,Amanita muscaria,"Estes Park, CO 80517, USA",1
6b049fd7-79f9-4dc0-9134-c24005dfe621,392448006,2026-08-17 11:22:42-06:00,2026-08-17,-105.7268533333,40.4285283333,3212.0,,8.6,24.7,0.0,7.3,,1021.6,Amanita muscaria,"Rocky Mountain National Park, Estes Park, CO, US",1
833d321d-7fe0-4d58-87a5-120a33c290a9,392378227,2026-08-14 12:19:47-06:00,2026-08-14,-106.6537965462,35.94250117,2691.0,,18.3,28.4,8.8,4.7,,,Amanita muscaria,"Jemez Springs, NM 87025, USA",1
814d8d6a-81c0-49e0-9a29-c1a34902de47,392162034,2026-08-17 10:27:32-06:00,2026-08-17,-105.3910416667,39.5205083333,2767.0,,6.0,14.0,0.2,9.8,,,Amanita muscaria,"Jefferson County, US-CO, US",2
eec959b9-6804-4110-b8b7-4d95af2c045e,392139288,2026-08-02 10:13:01-06:00,2026-08-02,-106.205155,39.63205,3304.0,,10.0,20.0,0.2,9.0,,,Amanita muscaria,"Gore Lake Trail, Avon, CO, US",1
a48cf2a7-ba49-40e8-bfcf-b8910ec42704,392106159,2026-08-16 18:18:12-06:00,2026-08-16,-107.9206565022,37.7970522168,3137.0,,8.0,23.0,0.0,5.0,,,Amanita muscaria,"Durango, CO 81301, USA",1
0e4f36ad-bdb2-41a0-837c-4715574077d2,391954844,2026-08-16 15:18:06-06:00,2026-08-16,-105.9223574117,39.4219469276,3291.0,,3.9,22.2,0.2,3.7,,,Amanita muscaria,"Park County, US-CO, US",1
78e79006-14e2-47dc-9bda-f404a69a0f3d,391915878,2026-08-16 08:52:40-06:00,2026-08-16,-105.3954166667,39.5203583333,2848.0,,4.0,11.0,1.8,7.2,,,Amanita muscaria,"Borderline Trail, Pine, CO, US",1
782df2db-7f69-469f-b048-2649e97389b0,391887395,2026-08-15 16:57:01-06:00,2026-08-15,-105.3798398479,40.4429626562,1971.0,,16.0,28.9,1.2,6.3,,,Amanita muscaria,"CR-43, Drake, CO, US",1
594dfeba-5c9c-4ded-9379-2dfedfd504e3,391885350,2026-08-15 11:41:57-06:00,2026-08-15,-105.4712,40.4757783333,2414.0,,16.0,28.9,1.2,6.3,,,Amanita muscaria,"North Fork Trail, Glen Haven, CO, US",1
3c5e9a27-3b24-4752-92db-6ad587e67a8e,391880143,2026-08-16 14:12:25-06:00,2026-08-16,-105.7954783333,39.90712,2761.0,,4.0,11.0,1.8,7.2,,,Amanita muscaria,"Twin Bridges, Winter Park, CO, US",1
829e38ab-85e3-40a0-97e4-aa06f4529a28,391841140,2026-08-16 11:03:35-06:00,2026-08-16,-105.8829615265,39.6863506631,3247.0,,4.0,11.0,1.8,7.2,,,Amanita muscaria,"Clear Creek County, US-CO, US",1
83b83533-16e3-485d-b0c3-f182d5920975,391799993,2026-08-16 10:52:01-06:00,2026-08-16,-105.3779602051,39.5676040649,2542.0,,4.0,11.0,1.8,7.2,,,Amanita muscaria,Jefferson County,1
9df1e399-0dbb-4695-8228-54ddff3c4609,391608246,2026-08-15 09:46:43-06:00,2026-08-15,-107.8271888889,37.8543555556,2973.0,,8.0,20.0,1.4,3.7,,,Amanita muscaria,"Ophir, CO 81426, USA",1
f51d5eb2-91e3-4f5c-b36f-25c38504096f,391605070,2026-08-15 11:22:05-06:00,2026-08-15,-105.5004433997,40.0948952997,2817.0,,15.0,27.0,2.3,3.6,,,Amanita muscaria,"Ward, CO 80481, USA",1
7cc73f0d-0f9c-46df-8a5d-066b9a718bf2,391597191,2026-08-14 11:36:52-06:00,2026-08-14,-110.3619166667,40.6689333333,3121.0,,,,,,,,Amanita muscaria,"Swift Creek Trail, Altonah, UT, US",1
c1e76f8b-9d92-4a23-aaf2-157e67b94076,391537963,2026-08-15 11:47:15-06:00,2026-08-15,-106.5000255033,35.8503753379,2595.0,,17.3,26.8,0.9,4.1,,,Amanita muscaria,"Valles Caldera National Preserve, Sandoval County, US-NM, US",1
7e495ad6-be3d-4e8c-ad20-4e3727dabbdd,391504573,2026-08-13 20:21:16-06:00,2026-08-13,-105.7347810928,39.689454766,3152.0,,4.0,8.0,2.9,8.7,,,Amanita muscaria,"Silver Plume, CO, US",2
6f0a00ef-f682-43b3-8e2d-64c1ed2e2348,391495388,2026-08-15 11:49:36-06:00,2026-08-15,-105.4798328734,40.3838089059,2447.0,,14.5,27.0,3.7,3.2,,,Amanita muscaria,"Colorado, US",1
20df4632-5e41-4812-ad97-ce0ffadf9515,391494699,2026-08-15 12:18:30-06:00,2026-08-15,-105.4335729477,40.2452050375,2586.0,,14.5,27.0,3.7,3.2,,,Amanita muscaria,"Colorado, US",1
85dd3392-8295-4a25-a8ef-6f2e0c9ee270,391470830,2026-08-14 11:44:57-06:00,2026-08-14,-108.0127416667,37.78272,3014.0,,10.0,19.0,4.5,2.8,,,Amanita muscaria,"Dolores County, US-CO, US",1
6292364d-67e4-482a-8244-d56da65f3ebf,391285678,2026-08-14 15:09:47-06:00,2026-08-14,-107.9732083333,37.7411222222,3045.0,,10.0,19.0,4.5,2.8,,,Amanita muscaria,"Rico, CO 81332, USA",1
29427f5d-4f5e-4139-9d57-4d7550fb5bff,391279492,2026-08-14 13:10:17-06:00,2026-08-14,-108.0252727997,37.7865390997,3137.0,,10.0,19.0,4.5,2.8,,,Amanita muscaria,"Dolores, CO 81323, USA",1
84a7cb45-d44d-49a7-98b2-a1c295afa9ad,391279239,2026-08-14 13:05:59-06:00,2026-08-14,-108.0256659,37.7865614997,3137.0,,10.0,19.0,4.5,2.8,,,Amanita muscaria,"Dolores, CO 81323, USA",1
f5c8877a-f79c-4f19-a1f6-da0636617a3d,391277648,2026-08-14 12:22:39-06:00,2026-08-14,-108.0236371,37.7892010997,3124.0,,10.0,19.0,4.5,2.8,,,Amanita muscaria,"Dolores, CO 81323, USA",1
4f04b58b-d9d5-4b5f-8aa3-d6ef15447f3d,391230189,2026-08-14 10:55:40-06:00,2026-08-14,-107.8846760094,37.8146584711,3124.0,,10.0,19.0,4.5,2.8,,,Amanita muscaria,"Ophir, CO 81426, USA",1
3e1381d9-e47f-40c5-bc16-3e6c5efccf10,391209132,2026-08-14 08:41:54-06:00,2026-08-14,-107.903649082,37.8207672409,3169.0,,10.0,19.0,4.5,2.8,,,Amanita muscaria,"Grand Mesa Uncompahgre and Gunnison National Forests, Telluride, CO, US",1
1b07a7d0-3051-48f8-813a-e76f90e30744,391128569,2026-08-05 11:24:56-06:00,2026-08-05,-107.3400583333,37.6132666667,3152.0,,12.0,32.0,0.0,5.3,,,Amanita muscaria,"Pagosa Springs, CO, US",1
b7a1ea7b-a992-4546-b68d-9e2cc83e8411,390999162,2026-08-11 15:49:06-06:00,2026-08-11,-106.6705383333,35.9556966667,2567.0,,16.4,30.9,0.8,7.4,,,Amanita muscaria,"Rio Cebolla Trail, Jemez Springs, NM, US",2
7aa21468-8141-4267-87f9-b3dd4dc4fd81,390990493,2026-08-13 12:38:30-06:00,2026-08-13,-107.8810122,37.8322702,2982.0,,10.0,17.0,1.8,2.9,,,Amanita muscaria,"Ophir, CO 81426, USA",1
8384ea76-3b0a-445e-8604-d6f5a00c3562,390985658,2026-08-13 11:52:51-06:00,2026-08-13,-107.8803393997,37.8330732,2982.0,,10.0,17.0,1.8,2.9,,,Amanita muscaria,"Ophir, CO 81426, USA",1
dfd1523f-7b7a-4697-b4ab-7ef2ad4eb444,390966224,2026-08-07 18:27:38-06:00,2026-08-07,-105.5195083333,36.5902216667,2877.0,,17.3,33.3,0.0,13.2,,1016.8,Amanita muscaria,"Manzanita Canyon Trail, Taos, NM, US",1
c256cbb4-396d-48b8-b1a7-702f9ecae04e,390722053,2026-08-12 12:54:29-06:00,2026-08-12,-105.6745777617,40.370833548,3403.0,,9.0,26.6,3.0,4.0,,,Amanita muscaria,"Colorado, US",1
da7ff0aa-fb72-4355-b27b-26b22cccba2b,390619995,2026-08-11 13:09:23-06:00,2026-08-11,-105.8472174748,39.5590070385,3354.0,,6.0,14.0,4.6,9.4,,,Amanita muscaria,"Summit County, US-CO, US",1
c831bbf4-00fe-4600-b28f-89275ff99c5b,390458403,2026-08-11 16:29:03-06:00,2026-08-11,-105.7865053997,39.8098399,3399.0,,6.0,14.0,4.6,9.4,,,Amanita muscaria,"Winter Park, CO 80482, USA",1
0f8622e1-194b-4c8c-9b6f-56f1cac18f5a,389778666,2026-08-04 17:28:49-06:00,2026-08-04,-105.8506616667,40.3955583333,2748.0,,11.7,27.2,0.0,14.1,,,Amanita muscaria,"Rocky Mountain National Park, Grand Lake, CO, US",1
e4171815-9599-4e45-a2b8-5bfee4416d0f,389768937,2026-08-09 09:01:20-06:00,2026-08-09,-106.3119651005,41.3474058353,3310.0,,16.7,29.9,0.4,20.2,,1013.3,Amanita muscaria,"Centennial, WY 82055, USA",1
cf68544e-5a76-45e6-a338-25869a6b3301,389179107,2026-08-07 11:32:49-06:00,2026-08-07,-105.0154435997,38.7346957,2908.0,,22.5,33.9,0.2,5.4,,,Amanita muscaria,"Manitou Springs, CO 80829, USA",1
99463760-5af0-47df-a78e-89bc4e497ae0,388939569,2026-08-05 14:13:39-06:00,2026-08-05,-106.0654,36.5410833333,2505.0,,16.8,35.1,0.0,15.4,,1012.5,Amanita muscaria,"Carson National Forest, Vallecitos, NM, US",1
b57d2c25-323f-4fc3-b3a4-72c16d80290f,388610957,2026-08-05 11:53:53-06:00,2026-08-05,-106.52443,35.8163533333,2597.0,,18.8,31.9,0.3,4.7,,,Amanita muscaria,"Las Conchas Picnic Area Trail, Jemez Springs, NM, US",1
2f7d0669-a746-4e0a-b56f-4d75f88f18f3,388580034,2021-08-20 14:48:29-06:00,2021-08-20,-106.2461916667,39.628605,2892.0,,2.0,10.0,4.9,15.9,,1030.3,Amanita muscaria,"Eagle County, US-CO, US",1
afab339b-262b-48da-9586-8b12a7d3f000,388219147,2026-08-04 10:46:21-06:00,2026-08-04,-107.7267379761,37.7012062073,3405.0,,13.0,27.0,0.0,5.0,,,Amanita muscaria,Durango,1
5dc4572f-732e-4257-8f87-46f9c5f71138,387778762,2026-08-02 18:15:12-06:00,2026-08-02,-107.7070466667,37.7239916667,3350.0,,15.0,28.0,0.0,4.1,,,Amanita muscaria,"San Juan National Forest - Headquarters, Durango, CO, US",2
4287cf20-ee31-4be4-8578-0726b5fd5c29,387721267,2026-08-01 13:14:00-06:00,2026-08-01,-106.2803866667,39.6748433333,3131.0,,10.0,20.0,0.0,2.7,,,Amanita muscaria,"Eagle County, CO, USA",1
57ad759b-1059-4acd-8fae-08d31d907858,387721262,2026-08-01 13:14:00-06:00,2026-08-01,-106.2803866667,39.6748433333,3131.0,,10.0,20.0,0.0,2.7,,,Amanita muscaria,"Eagle County, CO, USA",1
5b873046-1ae9-4081-8e9c-deb2a011c95d,387645958,2026-08-02 11:42:41-06:00,2026-08-02,-106.0982805,39.6521116667,2765.0,,10.0,20.0,0.2,9.0,,,Amanita muscaria,"White River National Forest, Silverthorne, CO, US",1
261b47bd-4542-4ed5-afd5-8a1dd387598c,387512835,2026-08-01 13:15:02-06:00,2026-08-01,-106.2802366667,39.6750033333,3144.0,,10.0,20.0,0.0,2.7,,,Amanita muscaria,"Pitkin Trail, Avon, CO, US",1
a47dd306-6193-4737-893c-e05a5afb8039,387511708,2026-08-01 15:46:59-06:00,2026-08-01,-106.287025,39.6898366667,3433.0,,10.0,20.0,0.0,2.7,,,Amanita muscaria,"Pitkin Trail, Avon, CO, US",1
eb64eade-7fa5-4afb-8aed-09c86c70ac9d,387505973,2026-08-01 07:46:35-06:00,2026-08-01,-105.90955,40.3390444444,2916.0,,8.9,30.0,0.0,4.9,,,Amanita muscaria,"Grand Lake, CO 80447, USA",2
1f42e01b-a04a-42c7-9dc8-424abdba4c82,387400873,2026-08-01 16:34:25-06:00,2026-08-01,-105.6420583333,40.3067166667,2836.0,,8.9,30.0,0.0,4.9,,,Amanita muscaria,"Bear Lake-Glacier Gorge Junction-Loch Mills Junction Trail, Estes Park, CO, US",1
351a03da-97b3-41f9-a4b1-f309eec32eaa,387276334,2026-08-01 09:58:18-06:00,2026-08-01,-106.3244300006,41.3314925665,3202.0,,14.0,32.0,0.0,6.0,,,Amanita muscaria,"Lake Marie Falls Trail, Encampment, WY, US",1
1eb970d8-32c2-4e26-a26c-c527a3bf8f29,387077249,2026-07-31 16:54:06-06:00,2026-07-31,-105.8498383333,40.401425,2756.0,,8.6,29.9,1.2,4.8,,,Amanita muscaria,"Grand Lake, CO, US",1
4e8626f1-c9ba-464a-84ed-d42c7b027472,386460164,2026-07-29 13:29:42-06:00,2026-07-29,-106.3261288404,41.34774764,3553.0,,16.0,30.0,6.4,7.5,,,Amanita muscaria,"Carbon County, WY, USA",1
30473fc2-d51f-4cb9-8a7e-c6804f6f3956,386060518,2026-07-25 06:39:26-06:00,2026-07-25,-105.9007694444,40.49965,3040.0,,9.0,30.0,0.3,5.6,,,Amanita muscaria,"Walden, CO 80480, USA",1
8822f938-857b-42cb-ab76-97dc881ca4f1,385855659,2026-07-27 08:52:56-06:00,2026-07-27,-106.6809320899,41.0615765562,2882.0,,20.0,30.0,1.1,6.9,,1014.2,Amanita muscaria,"Encampment, WY, US",1
3a7fb32c-d95c-4aa0-a656-aa0ef0da527b,385815665,2026-07-27 18:07:41-06:00,2026-07-27,-104.9850698,39.795927,1591.0,,23.2,31.4,,15.3,,1011.0,Amanita muscaria,"Lincoln St & 54th Ave, North Washington, CO 80216, USA",3
04d2f5ec-7669-4f59-805e-ee14df733952,385796583,2024-07-20 17:05:00-06:00,2024-07-20,-108.0556833333,39.0417833333,3265.0,,18.8,34.6,0.0,10.5,,1014.5,Amanita muscaria,"Mesa County, CO, USA",1
f9bf6118-96a6-4b9e-b541-72279ff58152,385704198,2026-07-27 09:29:53-06:00,2026-07-27,-106.3151610232,41.3509593428,3325.0,,17.3,27.6,5.2,12.6,,1014.6,Amanita muscaria,"Albany County, US-WY, US",1
bf0ab3bd-f2c4-4305-88e1-388ede738ea9,385482422,2026-07-26 10:02:00-06:00,2026-07-26,-105.9136812121,40.5884385732,3366.0,,9.0,28.0,1.6,4.9,,,Amanita muscaria,"Colorado, US",1
8d5f252a-4e33-4d3a-8ec7-a95929a4e7a1,383268194,2026-07-18 14:16:24-06:00,2026-07-18,-106.20019346,41.41789992,3054.0,,15.3,30.0,0.0,10.1,,1014.2,Amanita muscaria,"Carbon County, US-WY, US",1
258a35b6-3160-4473-b4f4-95bcac1d2c30,382629857,2021-07-13 08:09:19-06:00,2021-07-13,-105.1201471667,36.4175533333,2754.0,,6.5,22.9,1.2,3.3,,1031.5,Amanita muscaria,"Cimarron, NM, US",1
968df9a4-dc53-4dc0-9768-f1bb8072bcbb,379898111,2022-08-27 15:39:27-06:00,2022-08-27,-107.1781083333,38.634625,3331.0,,7.8,23.3,0.3,6.4,,1017.1,Amanita muscaria,"Gunnison, CO, US",1
a51037b8-6535-4254-844a-7332cbe379d7,377000985,2026-06-30 07:23:10-06:00,2026-06-30,-105.5639116667,40.1714216667,3320.0,,2.4,24.4,0.0,4.5,,,Amanita muscaria,"Saint Vrain Mountain Trail, Ward, CO, US",2
a5a3cbbb-e6c9-452d-ad10-304c09f42f75,376701704,2026-06-29 10:37:44-06:00,2026-06-29,-107.2097256306,40.0402816966,3149.0,,4.4,23.3,0.0,7.5,,,Amanita muscaria,"White River National Forest, Gypsum, CO, US",1
3099dac3-9d91-4c31-90de-bc5664119cfd,375627616,2023-08-27 14:29:07-06:00,2023-08-27,-105.4124155641,39.8313539574,2574.0,,15.0,30.0,3.1,9.0,,1023.5,Amanita muscaria,"Golden, CO 80403, USA",1
2ef97c22-9aeb-4be1-bc2f-f4c6602de1ab,374788176,2026-06-06 10:44:40-06:00,2026-06-06,-104.9014802277,39.0801165094,2171.0,,10.2,29.2,0.4,9.8,,,Amanita muscaria,"Colorado Springs, CO 80921, USA",1
e023806c-a351-4d41-b1a4-e990ee930e9a,371107778,2024-07-24 12:01:50-06:00,2024-07-24,-105.0715059725,36.4888071549,2553.0,,3.6,24.0,2.2,2.9,,1035.8,Amanita muscaria,"Cimarron, NM, US",1
7f84a41f-f8da-43e9-bb55-155d67691b71,369101113,2025-09-21 11:44:23-06:00,2025-09-21,-105.3255833333,39.3457966667,2219.0,,6.0,15.0,2.4,4.2,,1016.0,Amanita muscaria,"S Buffalo Creek Rd, Bailey, CO, US",1
68663519-d864-4c03-90da-ca7efa597f17,394328881,2026-08-24 16:14:09-06:00,2026-08-24,-107.6530533333,37.8129866667,2872.0,,,,,,,,Amanita muscaria,"Silverton, CO, US",1
01927709-0b62-4a80-a336-10d76bd6c22b,394328188,2026-08-24 16:14:01-06:00,2026-08-24,-107.6530533333,37.8129966667,2872.0,,,,,,,,Amanita muscaria,"Silverton, CO, US",1
c00d4b26-ff84-48f3-85aa-087a130f3c5f,394327801,2026-08-24 16:13:46-06:00,2026-08-24,-107.6530616667,37.813,2872.0,,,,,,,,Amanita muscaria,"Silverton, CO, US",2
79175b07-dc8b-49e7-9d62-02f61fed3372,394326982,2026-08-24 16:12:18-06:00,2026-08-24,-107.6530833333,37.8129966667,2872.0,,,,,,,,Amanita muscaria,"Silverton, CO, US",1
82309880-17c6-4b85-b8fb-a65c730b4efd,394321722,2026-08-24 16:06:50-06:00,2026-08-24,-107.65332,37.813,2872.0,,,,,,,,Amanita muscaria,"Silverton, CO, US",2
bb43474a-edb7-4944-b81c-4aabebecfc41,394321665,2026-08-24 16:07:06-06:00,2026-08-24,-107.6533133333,37.8129883333,2872.0,,,,,,,,Amanita muscaria,"Silverton, CO, US",1
58cb5ae7-bbe4-4f5e-9af3-a69fd2283b03,394321616,2026-08-24 16:05:18-06:00,2026-08-24,-107.6533666667,37.8128966667,2872.0,,,,,,,,Amanita muscaria,"Silverton, CO, US",1
4e7f57cd-8c59-419b-8590-073da6d6cc18,394320508,2026-08-24 16:06:22-06:00,2026-08-24,-107.653305,37.8130033333,2872.0,,,,,,,,Amanita muscaria,"Silverton, CO, US",1
d0bcf5f2-8a41-4298-9cf4-8ff669986634,394308237,2026-08-24 13:15:11-06:00,2026-08-24,-105.52227,39.67583,3548.0,,,,,,,,Amanita muscaria,"Chief Mountain Trail, Idaho Springs, CO, US",1
b92819e0-935d-47e2-a026-d5aa67a66975,369089053,2021-07-24 18:27:33-06:00,2021-07-24,-106.627075,38.7746,2785.0,,11.7,23.9,,9.2,,1021.3,Amanita muscaria,"CR-742, Almont, CO, US",2
d46d289b-b365-4e4f-9009-e3791c8bb04c,367923525,2022-07-26 17:00:39-06:00,2022-07-26,-105.64602,39.4153333333,3479.0,,5.4,18.8,0.2,7.4,,1017.1,Amanita muscaria,"Ben Tyler Trail, Grant, CO, US",1
a0cfcd60-af3d-45a8-9254-3be376fded23,367923481,2022-07-27 13:22:33-06:00,2022-07-27,-105.5609166667,39.3466216667,3612.0,,5.7,20.2,0.1,5.9,,1018.0,Amanita muscaria,"Bailey, CO, US",1
851563d9-226e-41cd-b973-6952d251418a,367825725,2021-08-02 14:21:00-06:00,2021-08-02,-105.8103861111,39.6702027778,3226.0,,8.0,15.0,18.3,8.4,,1041.6,Amanita muscaria,"Clear Creek County, CO, USA",1
07b59e57-27f4-42f3-b250-e614e4ea9ac3,367611460,2019-07-27 14:54:38-06:00,2019-07-27,-105.6426866667,40.6096466667,3357.0,,,,,,,,Amanita muscaria,"Flowers Trail, Bellvue, CO, US",1
3da81d4d-be1a-4883-ad49-a082b7258c6a,366892431,2014-09-02 13:46:22-06:00,2014-09-02,-105.848739557,40.4017008273,2756.0,,,,,,,,Amanita muscaria,Colorado River Trailhead,1
5805306d-8a70-4655-9fe4-24893edb1721,366891723,2014-09-02 13:24:28-06:00,2014-09-02,-105.848739557,40.4017008273,2756.0,,,,,,,,Amanita muscaria,"Grand Lake, CO 80447, USA",1
09550969-ed0d-41b3-ac28-cbe1a4b0c6bf,364899156,2021-07-24 13:21:08-06:00,2021-07-24,-105.44348,39.691995,2594.0,,20.0,30.0,0.6,11.2,,1023.9,Amanita muscaria,"Evergreen, CO, US",1
b95d32d0-4202-4f5d-8f46-c734b5ddd7f2,364899109,2021-07-24 13:52:44-06:00,2021-07-24,-105.4289033333,39.6904833333,2606.0,,20.0,30.0,0.6,11.2,,1023.9,Amanita muscaria,"Evergreen, CO, US",1
643c57f4-4975-4631-8970-38fb8fb34877,364898752,2021-07-24 13:01:09-06:00,2021-07-24,-105.4355916667,39.6922333333,2574.0,,20.0,30.0,0.6,11.2,,1023.9,Amanita muscaria,"Evergreen, CO, US",1
bbe56659-816a-42e1-8673-cd14ad21b5e1,362768263,2025-08-03 10:40:22-06:00,2025-08-03,-105.4005774953,40.0449566467,2374.0,,12.0,31.0,0.0,5.1,,1021.9,Amanita muscaria,"Colorado, US",3
a4f3bf16-aee2-4358-b07c-11ee6de6cef6,359400773,2021-07-27 14:02:13-06:00,2021-07-27,-106.4503617371,39.2866396575,3113.0,,5.0,23.3,0.0,9.1,,1016.4,Amanita muscaria,"Pike and San Isabel National Forests, Leadville, CO, US",1
65d46eb4-d55f-45fc-844e-556f9c861d65,358745899,2025-07-19 11:48:14-06:00,2025-07-19,-103.5456616667,43.852875,2005.0,,14.4,25.0,3.5,9.3,,1012.8,Amanita muscaria,"Harney 9 South Trail, Custer, SD, US",1
f7e2fe3e-e484-4cbe-83e2-bdb0eb7c9117,358529742,2024-08-23 15:51:21-06:00,2024-08-23,-106.1613916667,39.0354416667,3607.0,,7.2,17.8,,8.0,,1015.6,Amanita muscaria,"Fairplay, CO, US",1
f18167c8-230a-42e2-b38d-ce051553e1c8,355019449,2025-06-18 10:57:25-06:00,2025-06-18,-105.3088383333,39.9964866667,2065.0,,9.0,28.0,0.0,4.5,,1019.9,Amanita muscaria,"Boulder Mountain Park, Boulder, CO, US",1
5a597af3-1230-41d9-a769-d68ce2532854,352430953,2026-04-06 14:19:00-06:00,2026-04-06,-105.8492133333,40.40437,2777.0,,-4.5,16.1,0.0,4.5,,,Amanita muscaria,"Colorado River Trail, Grand Lake, CO, US",2
6ef7fec3-be5c-4ebe-a1dd-ac9f4b277330,346409805,2025-07-21 13:57:55-06:00,2025-07-21,-103.5372366384,43.8495325985,2006.0,,15.0,29.4,0.0,10.2,,1009.5,Amanita muscaria,"Crazy Horse, SD 57730, USA",1
0be6fd1e-9061-4428-8abb-2c19063f84a1,345366545,2025-06-30 14:02:46-06:00,2025-06-30,-105.3237194444,39.3358611111,2302.0,,9.0,17.0,2.5,7.2,,1022.5,Amanita muscaria,"Pine, CO 80470, USA",1
af3594cd-1075-472d-89b2-6f92ae7d0104,343997691,2025-09-09 09:22:51-06:00,2025-09-09,-106.6077366667,35.8252716667,2442.0,,16.0,27.0,1.5,11.6,,1024.0,Amanita muscaria,"Santa Fe National Forest, Jemez Springs, NM, US",2
d9386685-5309-491a-a240-c26a00a4a34f,342594360,2017-08-05 17:43:58-06:00,2017-08-05,-106.2484583333,39.5405116667,3433.0,,,,,11.3,,,Amanita muscaria,"Frisco, CO, US",1
4da9aa25-044e-4bb7-bf9e-38b326b021e4,341438377,2021-08-01 08:11:01-06:00,2021-08-01,-105.6420966667,40.3081966667,2836.0,,8.8,23.3,0.0,5.4,,1034.2,Amanita muscaria,"Rocky Mountain, Rocky Mountain National Park, Rocky Mountain National Park, Larimer County, US-CO, US",1
d1c94544-a4fd-4fba-be01-7aeb8a90d56e,340094067,2021-07-22 11:12:09-06:00,2021-07-22,-105.5712583333,40.0456388333,3303.0,,19.0,34.0,0.0,7.1,,1020.0,Amanita muscaria,"Nederland, CO, US",1
626f9181-5090-4a1a-836a-758c5d3302eb,339554501,2010-08-17 20:08:00-06:00,2010-08-17,-105.8173724464,35.6928382588,2450.0,,13.9,32.2,,17.6,,1014.6,Amanita muscaria,"Santa Fe County, NM, USA",1
dd7beaf6-40e9-43cf-88d3-7f5e4d9cf769,338384152,2022-08-16 12:55:27-06:00,2022-08-16,-105.7814716667,39.8004716667,3589.0,,2.9,7.4,10.8,7.3,,1024.7,Amanita muscaria,"Winter Park, CO, US",1
6e6ccee4-e3fe-4ef9-a855-a873c7f13c48,338238699,2021-07-25 10:34:16-06:00,2021-07-25,-106.4961383333,39.0603916667,3194.0,,3.9,20.0,,7.3,,1018.2,Amanita muscaria,"Laplata Peak Trail, Twin Lakes, CO, US",2
abab62fa-f6bd-4fda-9500-a36c6004a8ad,334218615,2025-09-22 09:04:00-06:00,2025-09-22,-105.0979484646,39.0871477644,2374.0,,8.0,22.0,0.4,14.4,,1018.0,Amanita muscaria,"Manitou Lake, Teller County, CO, USA",3
34356d47-30b9-4c93-a422-9e112f89d379,334218613,2025-09-22 09:00:00-06:00,2025-09-22,-105.0979848178,39.0870268393,2374.0,,8.0,22.0,0.4,14.4,,1018.0,Amanita muscaria,"Manitou Lake, Teller County, CO, USA",3
9f1f5699-c058-46a1-9de9-162ea2cf1869,333785993,2025-08-14 17:57:07-06:00,2025-08-14,-105.4078128485,39.8327183779,2547.0,,21.0,36.0,0.0,12.0,,1017.2,Amanita muscaria,"Gilpin County, US-CO, US",1
60b4c2d1-cd76-4260-9e3b-9cbe52b164a1,332366590,2024-10-27 19:00:31-06:00,2024-10-27,-107.9619355788,39.0726827097,3096.0,,5.6,22.8,0.0,8.1,,1019.1,Amanita muscaria,"Grand Mesa Uncompahgre and Gunnison National Forests, Molina, CO, US",2
f80616d6-ec72-4fa9-8912-a6958a7a3179,330477105,2019-08-12 23:56:23-06:00,2019-08-12,-106.877335547,38.9633823355,3544.0,,10.0,25.0,,9.9,,1015.1,Amanita muscaria,"Gunnison County, US-CO, US",2
04fb18fa-8e4a-4f62-b858-38bf625b516c,328443556,2020-07-28 09:02:00-06:00,2020-07-28,-105.6671437463,39.8141363044,3155.0,,7.7,18.0,,,,,Amanita muscaria,"Clear Creek County, CO, USA",2
769d73fe-2383-455b-ad8b-b55c69e9fcd0,327577878,2025-07-31 12:42:00-06:00,2025-07-31,-105.5432694444,36.6018277778,3384.0,,12.4,27.1,1.3,10.6,,1022.6,Amanita muscaria,"Taos County, NM, USA",2
a91bf0d9-674f-4dc8-bc37-a76c012f22c6,327438071,2024-07-19 14:57:01-06:00,2024-07-19,-105.3678883333,36.2626633333,3263.0,,7.5,24.7,4.8,3.7,,1033.2,Amanita muscaria,"Carson National Forest, Vadito, NM, US",2
d3b67fcb-0dea-40af-850d-4d29f124d83f,324379263,2025-07-11 20:51:15-06:00,2025-07-11,-103.6603383333,44.2012883333,1669.0,,11.0,25.0,4.6,17.4,,1021.0,Amanita muscaria,"Loop B, Deadwood, SD, US",1
fe2df749-1d9c-4552-b580-a8ca1e7c3990,324140652,2022-08-21 17:42:18-06:00,2022-08-21,-107.947945,37.79983,3229.0,,9.0,17.0,1.7,4.5,,1031.4,Amanita muscaria,"Dolores County, US-CO, US",2
0032ec42-81ea-43b0-a768-6452e9bbee70,324088667,2022-08-19 10:01:50-06:00,2022-08-19,-107.8256533333,37.854875,2981.0,,10.0,17.0,7.5,3.4,,1030.0,Amanita muscaria,"San Miguel County, US-CO, US",1
d96bc507-69e4-4e0d-917b-6e880043478e,323564914,2021-07-27 10:51:58-06:00,2021-07-27,-105.1160289997,38.8849202997,3121.0,,12.9,29.8,0.0,12.5,,1020.0,Amanita muscaria,"Woodland Park, CO 80863, USA",1
e62d6326-da5f-4cdf-9e90-5d85ee119758,323357046,2025-07-21 12:55:36-06:00,2025-07-21,-105.588495,40.1988833333,2737.0,,6.5,25.6,0.1,7.8,,1027.5,Amanita muscaria,"Wild Basin R.S.-Lion Lake Junction, Ward, CO, US",1
641c9337-a1f3-45b3-a595-616e1b3e5fe9,322663901,2025-07-16 13:30:32-06:00,2025-07-16,-105.5027166667,40.091325,2834.0,,15.0,25.0,4.8,8.2,,1020.5,Amanita muscaria,"Ward, CO, US",1
705ef470-f886-46d2-a0f2-d87ebd35f661,322395635,2024-07-17 15:07:36-06:00,2024-07-17,-106.7095283333,40.7795366667,2677.0,,8.6,28.9,0.0,5.3,,1027.4,Amanita muscaria,"Wyoming Trail, Clark, CO, US",1
2900b6fd-959b-4a3a-969e-e16ee6ad0ed6,322395407,2024-07-17 15:12:29-06:00,2024-07-17,-106.71138,40.782055,2641.0,,8.6,28.9,0.0,5.3,,1027.4,Amanita muscaria,"Wyoming Trail, Clark, CO, US",1
8d90d57a-961c-4037-9647-c196bdae75db,321618494,2025-09-05 10:35:17-06:00,2025-09-05,-105.790665126,35.8036541778,3466.0,,13.0,24.0,3.6,12.8,,1021.4,Amanita muscaria,"Santa Fe County, US-NM, US",1
a5bbf01e-f20c-4b80-b2ec-3d11b2b93132,320633549,2025-09-22 06:52:00-06:00,2025-09-22,-106.3166749961,35.8810099733,2181.0,,12.0,19.0,0.5,5.6,,1021.4,Amanita muscaria,home,1
3f07508c-2ef1-4af9-a171-859aec36631b,320061863,2025-10-10 12:35:10-06:00,2025-10-10,-105.371505,39.5739333333,2457.0,,-1.1,7.7,0.2,11.3,,1023.7,Amanita muscaria,"Maxwell Falls Trail, Evergreen, CO, US",1
6f0364a9-6d43-4a59-b7ec-2994cdb3f9a8,319870446,2025-10-09 17:32:54-06:00,2025-10-09,-105.4278708883,39.6921867272,2600.0,,-1.3,9.9,0.0,11.6,,1026.0,Amanita muscaria,"Evergreen, CO, US",1
7b299b09-dc0f-4bf7-89ac-8f18d1a9f89a,318699152,2025-10-04 13:22:53-06:00,2025-10-04,-105.6015545502,40.3670228773,2564.0,,3.0,18.0,6.4,9.5,,1017.0,Amanita muscaria,"Estes Park, CO 80517, USA",1
24dbad83-0bcc-4979-9c25-5b4e1ed403f5,318250592,2025-10-02 11:42:08-06:00,2025-10-02,-105.78447,39.9209866667,2678.0,,-2.8,10.3,0.0,8.2,,1023.1,Amanita muscaria,"Fraser Valley Pkwy, Winter Park, CO, US",1
e2f14d67-90cd-4999-8ed4-5e4f4f0cf293,318238483,2025-10-02 11:42:32-06:00,2025-10-02,-105.784455,39.9210033333,2678.0,,-2.8,10.3,0.0,8.2,,1023.1,Amanita muscaria,"Hideaway Park, Winter Park, CO, US",1
8bfea838-b643-4c9e-bb82-ea253329f95d,318206681,2025-10-01 17:03:22-06:00,2025-10-01,-105.6056295777,40.1491723675,3027.0,,2.0,18.0,0.0,6.5,,1028.4,Amanita muscaria,"Boulder County, US-CO, US",1
f16ee93f-f072-4ffd-ace1-2f7d3d3eceaa,317917183,2025-09-30 14:44:52-06:00,2025-09-30,-104.869996123,38.7515342402,2661.0,,13.0,22.0,0.0,6.2,,1021.1,Amanita muscaria,"Colorado Springs, CO 80906, USA",1
7be3758c-e531-4af2-8eaf-73f5afc47cdd,317517828,2025-09-28 08:38:00-06:00,2025-09-28,-105.2902533333,39.5881283333,2453.0,,13.0,25.0,0.4,11.1,,1020.4,Amanita muscaria,"Olympus Dr, Evergreen, CO, US",1
9443f82b-4969-407e-bb96-9c065462580a,317468312,2025-09-28 12:40:37-06:00,2025-09-28,-106.6076378875,35.8133746639,2413.0,,9.0,20.0,3.9,9.6,,1026.6,Amanita muscaria,"Jemez Springs, NM, US",1
9da87d4b-0ff8-4134-9844-5b7b91c23c47,317164632,2025-09-27 17:35:21-06:00,2025-09-27,-105.3781805556,39.5704,2549.0,,-2.3,7.6,0.0,13.8,,1020.4,Amanita muscaria,"Shadow Mountain, CO, USA",1
47d18e2c-20c4-4104-9596-72447899774c,317131274,2025-09-27 11:13:23-06:00,2025-09-27,-106.5780705238,35.8156085145,2498.0,,12.0,17.0,0.5,9.2,,1024.2,Amanita muscaria,"Sandoval County, US-NM, US",1
66450751-730f-4d72-a7e0-f690dfe4f304,317004826,2025-09-26 14:59:11-06:00,2025-09-26,-105.5925098423,40.1419620278,3102.0,,-1.0,21.0,0.0,5.3,,1026.2,Amanita muscaria,"Boulder County, US-CO, US",1
aa8591cf-4635-4b81-8b45-156268d801fe,316863864,2025-09-25 16:07:16-06:00,2025-09-25,-105.4091082183,40.1264624679,2486.0,,8.0,26.0,0.0,3.8,,1023.0,Amanita muscaria,"Colorado, US",1
309418c2-1837-4f30-a583-0e91d7081968,316729138,2025-09-25 16:57:08-06:00,2025-09-25,-105.0850922584,39.0576644176,2453.0,,4.0,25.0,0.0,11.7,,1025.1,Amanita muscaria,"Woodland Park, CO, US",1
b1a79106-503c-45e8-a690-aebb44d13159,316446230,2025-09-24 14:12:00-06:00,2025-09-24,-105.4483613293,39.9581600834,2605.0,,10.0,22.0,0.0,5.4,,1028.6,Amanita muscaria,"Boulder County, CO, USA",1
bb86280c-355f-41cc-ab13-ccba4fdd0ef3,316443585,2025-09-22 11:19:10-06:00,2025-09-22,-104.8717259997,38.7902508997,1961.0,,10.0,20.0,1.4,10.4,,1017.3,Amanita muscaria,"Colorado Springs, CO 80906, USA",1
0253f106-baa7-45d7-b361-6f48005ce558,316367739,2025-09-24 14:09:11-06:00,2025-09-24,-105.7984466553,35.7931556702,3198.0,,6.0,22.0,0.0,11.8,,1029.1,Amanita muscaria,"Santa Fe County, US-NM, US",1
493b5573-2ec6-4f6a-8ea9-afc7a5991429,316348937,2025-09-24 12:48:41-06:00,2025-09-24,-106.8655926,40.4986273,2033.0,,0.0,19.0,0.0,3.4,,1030.9,Amanita muscaria,"Routt County, US-CO, US",1
7abdf80b-15a1-4150-bc7f-860c3449f942,316183605,2025-09-23 18:28:52-06:00,2025-09-23,-106.588945,35.8061216667,2457.0,,9.0,23.0,1.9,9.0,,1024.1,Amanita muscaria,"Mimbres Way, Jemez Springs, NM, US",1
00b824a0-6a9f-43cb-a6d2-25f55d96fd52,316101822,2025-09-23 11:07:12-06:00,2025-09-23,-105.0787022766,39.0465601296,2493.0,,8.0,14.0,1.1,30.5,,1024.3,Amanita muscaria,"Woodland Park, CO, US",1
276fc0dc-e3c0-4304-bc1c-91118029ebb8,316101776,2025-09-23 10:59:08-06:00,2025-09-23,-105.0771898964,39.0463767993,2493.0,,8.0,14.0,1.1,30.5,,1024.3,Amanita muscaria,"Woodland Park, CO, US",1
fa65464b-176a-4c7a-b76f-e30d4fada1fd,316101500,2025-09-23 10:32:14-06:00,2025-09-23,-105.0789554559,39.0470447113,2493.0,,8.0,14.0,1.1,30.5,,1024.3,Amanita muscaria,"Woodland Park, CO, US",1
3081ac71-732a-4e6a-9a0c-d24b3f976501,316101116,2025-09-23 10:23:00-06:00,2025-09-23,-105.0791628494,39.0462590272,2493.0,,8.0,14.0,1.1,30.5,,1024.3,Amanita muscaria,"Red Rocks Spur Trail, Woodland Park, CO, US",1
a93e6b11-6d2a-47d9-8381-326c74a0c201,314912682,2025-09-18 11:58:27-06:00,2025-09-18,-105.7894366667,35.7709383333,3451.0,,8.0,26.0,0.0,14.8,,1022.8,Amanita muscaria,"Santa Fe National Forest, Tererro, NM, US",2
d54852d4-cdec-42bd-8db1-8ec79d9bc09d,314728739,2021-07-23 17:42:00-06:00,2021-07-23,-103.641583,44.076929,1511.0,,15.6,28.3,,7.2,,1013.9,Amanita muscaria,Mystic south dakota,2
3e70de97-f88d-4bcb-a965-119c50f7f9a1,314482217,2025-09-16 18:53:22-06:00,2025-09-16,-106.6226633333,35.8095466667,2561.0,,14.0,24.0,3.6,11.8,,1026.8,Amanita muscaria,"Cat Mesa Trail, Jemez Springs, NM, US",1
ec87e565-cbe9-478a-b628-b617b952c3f4,314030585,2025-07-20 20:59:00-06:00,2025-07-20,-105.5568862955,40.0905436862,3118.0,,18.0,33.0,0.0,7.4,,1018.3,Amanita muscaria,"Boulder County, CO, USA",1
cb11bd03-f23a-4105-b816-4b7f26845398,313979088,2025-09-14 15:23:12-06:00,2025-09-14,-106.5799831599,35.8159231005,2495.0,,9.0,21.0,0.4,5.8,,1022.7,Amanita muscaria,"Jemez Springs, NM 87025, USA",1
1ce2a957-cf87-4221-8b97-f321607e4b86,313965888,2025-09-14 14:11:00-06:00,2025-09-14,-106.3083907417,35.8848072809,2195.0,,9.0,21.0,0.4,5.8,,1022.7,Amanita muscaria,"Los Alamos, NM 87544, USA",1
5b4ef0c8-938c-4376-844c-fbe70e2c9248,313963649,2025-09-14 13:00:59-06:00,2025-09-14,-105.7928,35.7853583333,3430.0,,7.0,24.0,0.0,10.0,,1021.5,Amanita muscaria,"Ski Santa Fe, Tererro, NM, US",1
c1d0232a-04e1-4fc8-bf23-57d57ad6452b,313666840,2025-07-23 16:41:00-06:00,2025-07-23,-103.5642992,43.8461838,1880.0,,10.6,21.1,7.2,10.6,,1013.4,Amanita muscaria,"Sylvan Lake, East Custer, SD 57730",1
f92829bb-9666-4f7c-ba40-6fe023955dba,313420632,2025-07-31 11:58:14-06:00,2025-07-31,-106.6079033333,35.81305,2413.0,,14.7,26.8,9.8,10.1,,1031.1,Amanita muscaria,"Jemez Springs, NM, US",1
35f3155e-f64e-402d-9cd2-813852c8a032,313151976,2025-09-11 10:45:58-06:00,2025-09-11,-105.8585555556,35.7403583333,2540.0,,13.0,28.0,0.0,21.1,,1025.2,Amanita muscaria,"Santa Fe, NM 87501, USA",1
6b6f09b3-bad4-4d58-856e-4ee8658b7de0,312566693,2025-09-07 10:16:00-06:00,2025-09-07,-105.783377789,35.8031082449,3337.0,,11.0,26.0,0.0,10.6,,1026.6,Amanita muscaria,"Santa Fe County, NM, USA",1
9caa6922-773f-4a8c-876d-62376bdf068f,312170885,2021-07-25 10:50:21-06:00,2021-07-25,-107.8440466667,37.7126583333,2959.0,,12.0,22.0,3.7,5.3,,1032.5,Amanita muscaria,"San Juan County, US-CO, US",1
d35eb84d-4986-4f20-80ea-60bcbf961f0e,311758153,2025-09-04 10:34:00-06:00,2025-09-04,-105.80007222,35.798325,3208.0,,11.0,28.0,0.2,15.3,,1022.3,Amanita muscaria,"Santa Fe, New Mexico, United States",1
f9548b01-0370-4b5e-bc78-a15c8c86e1f0,310940588,2025-07-15 14:07:01-06:00,2025-07-15,-103.4668666667,44.1554,1395.0,,14.0,22.0,2.0,24.4,,1015.0,Amanita muscaria,"Black Hills, Deadwood, SD, US",1
fd84e0ad-c505-4bba-b9eb-188159ce239f,310389213,2021-08-20 15:31:54-06:00,2021-08-20,-106.3697630167,39.3511039471,3255.0,,1.1,13.9,0.6,17.4,,1012.5,Amanita muscaria,"Leadville, CO 80461, USA",1
5289891f-eaf9-4f15-a6de-d5f4ef66a85b,309638076,2025-08-27 22:22:00-06:00,2025-08-27,-105.7820674,39.5500507,3428.0,,0.6,10.6,2.1,12.8,,1022.3,Amanita muscaria,"Colorado, USA",1
d26cc0ce-b096-41a9-acfd-6540a4d6219d,309580028,2025-08-27 08:31:22-06:00,2025-08-27,-105.1302018335,39.3035625465,2452.0,,14.0,26.0,7.8,10.6,,1022.8,Amanita muscaria,"Colorado, US",1
d7562a8f-a04c-4f84-a791-a98c3bd5b534,309389178,2025-08-26 11:16:51-06:00,2025-08-26,-104.958976,38.747632,3070.0,,13.0,15.0,3.2,9.6,,1027.7,Amanita muscaria,"Manitou Springs, CO 80829, USA",1
01d9de5b-be3f-4d56-a404-0ae662d672ec,309367810,2021-08-06 10:35:00-06:00,2021-08-06,-106.0602194444,39.3608027778,3540.0,,2.8,21.7,,7.5,,1013.6,Amanita muscaria,"Park County, CO, USA",1
18ccc570-98ad-4c14-bf08-8d15b14a6795,309130845,2025-08-25 09:10:50-06:00,2025-08-25,-105.7873916667,35.80003,3505.0,,15.0,28.9,,17.5,,1015.9,Amanita muscaria,"Santa Fe National Forest, Tererro, NM, US",1
456db81a-749a-4c81-b91a-295839be085c,308280552,2025-08-22 14:06:04-06:00,2025-08-22,-105.7936166389,35.792283061,3288.0,,15.0,31.7,0.0,11.2,,1014.3,Amanita muscaria,"Tererro, NM, US",1
84bb8ed5-935d-461b-b4cf-350e8c11ad4e,308074834,2025-08-21 13:41:02-06:00,2025-08-21,-104.9424583333,38.7295283333,2981.0,,18.0,31.0,0.0,9.0,,1026.5,Amanita muscaria,"Victor, CO, US",2
b0acfb0a-76c2-4fbe-a954-cb58e1cb0b82,307898836,2025-08-17 16:34:49-06:00,2025-08-17,-105.4281101515,39.9982443582,2442.0,,18.0,33.0,0.0,7.9,,1019.8,Amanita muscaria,"Colorado, US",2
a1b01def-e192-48d5-8523-0ca67aba77a1,307871959,2025-08-20 12:06:43-06:00,2025-08-20,-105.8014519546,35.7948701963,3169.0,,14.4,31.1,0.0,16.2,,1017.5,Amanita muscaria,"Santa Fe County, US-NM, US",1
e80f0b04-778b-4a06-a4f6-62233f7cc249,307365547,2024-07-28 11:43:25-06:00,2024-07-28,-108.1030496339,37.6712767589,3496.0,,11.0,24.0,0.0,13.5,,1028.9,Amanita muscaria,"Calico South Trail, Dolores, CO, US",1
aaf7c450-51c9-4884-b1ea-f54894476ea0,307328417,2021-07-31 12:08:09-06:00,2021-07-31,-107.9295416667,37.7959216667,3081.0,,10.0,22.0,14.2,7.7,,1035.7,Amanita muscaria,"Dolores County, US-CO, US",2
e0450aea-b770-44b2-bcf1-e92a08dfb4dc,307091150,2025-07-27 10:07:10-06:00,2025-07-27,-103.547225,44.19648,1488.0,,20.0,33.9,0.2,13.1,,1014.1,Amanita muscaria,"Nemo, SD, US",1
7b523e69-a116-446b-ac33-09edf444a9be,307006222,2025-08-16 13:37:33-06:00,2025-08-16,-105.6920277778,39.7584444444,2623.0,,3.0,9.0,7.4,8.5,,1021.8,Amanita muscaria,"Idaho Springs, CO 80452, USA",1
ee3128d3-3a3d-4238-ad9d-4978e68323cb,306599034,2025-08-15 14:26:30-06:00,2025-08-15,-105.4056146321,36.6938131347,3008.0,,1.8,26.3,1.1,8.9,,1030.2,Amanita muscaria,"Red River Ski & Summer Area, Red River, NM, US",2
441b00c9-c92d-4eec-879f-695255240a03,306121939,2023-08-06 11:38:45-06:00,2023-08-06,-105.4832166667,40.3005966667,2757.0,,16.5,21.3,2.5,4.0,,1026.3,Amanita muscaria,"Homestead Meadows Trail, Estes Park, CO, US",1
203a0d51-ffbf-441b-91d3-91c48fa248d1,306028612,2025-07-06 16:15:49-06:00,2025-07-06,-104.8785166667,38.7799866667,2166.0,,14.0,27.0,1.7,17.4,,1025.6,Amanita muscaria,"Old Stage Rd, Colorado Springs, CO, US",1
24c1fc01-8672-44ea-9a58-edb7947e3d93,305612347,2021-08-03 08:34:00-06:00,2021-08-03,-106.69948611,40.35442778,3223.0,,13.3,18.3,10.2,4.0,,1027.5,Amanita muscaria,"Routt, Colorado, United States",1
b18a9113-782a-4778-abd0-43e3aafb1cce,305408164,2012-08-07 09:27:00-06:00,2012-08-07,-106.487006,35.832105,2653.0,,18.0,27.0,,13.0,,,Amanita muscaria,"Valles Caldera National Preserve, 39201 NM-4, Jemez Springs, NM 87025, USA",2
44e748e7-6f11-4eb6-aee0-fc4ba0fdab33,305382827,2025-08-10 08:57:07-06:00,2025-08-10,-105.7521583333,35.822445,3504.0,,15.6,33.3,0.0,12.2,,1010.4,Amanita muscaria,"Sky Line Trail, Tererro, NM, US",1
11ae118b-40b8-430c-a6af-d98d19dd3505,305288098,2025-08-08 10:56:13-06:00,2025-08-08,-106.3922917997,35.9244338,2907.0,,20.9,32.5,0.8,13.7,,1025.1,Amanita muscaria,"Los Alamos County, NM, USA",3
8b02d800-40ea-41ee-bb74-3077e57c478b,305261332,2025-07-20 16:18:08-06:00,2025-07-20,-103.5480416667,43.8510583333,2006.0,,15.6,26.7,0.0,10.6,,1010.1,Amanita muscaria,"Harney 9 South Trail, Custer, SD, US",3
efcee2ec-193e-4363-81fc-bf5b2b734679,305214072,2025-08-08,2025-08-08,-105.7777850702,39.7983185847,3454.0,,5.0,14.7,0.0,18.7,,1017.0,Amanita muscaria,"Empire, CO 80438, USA",2
49029899-d903-411a-b4ae-fcbed32d4ee8,305092237,2025-08-09 09:45:52-06:00,2025-08-09,-105.4097498675,36.2042073766,3164.0,,1.9,27.0,0.0,9.5,,1027.7,Amanita muscaria,"Forest Service Road 76, Vadito, NM, US",1
26e30bf9-6274-4994-89f0-7f0ef59ab1af,304759436,2025-08-06 09:23:48-06:00,2025-08-06,-105.8334882516,40.5901869843,2848.0,,10.3,28.1,0.0,17.3,,1018.9,Amanita muscaria,"Colorado, US",2
d3749ec9-8958-4b14-af48-cf6133f14097,304461914,2025-08-06 14:57:02-06:00,2025-08-06,-105.0345269598,39.1002989438,2805.0,,16.4,33.9,0.0,15.0,,1015.4,Amanita muscaria,"Pike and San Isabel National Forests, Woodland Park, CO, US",1
967bc1b1-93c6-4289-94f0-030fe32e2d18,304013910,2025-08-05 09:09:54-06:00,2025-08-05,-105.5161066496,39.9233316884,2662.0,,4.5,15.8,0.0,17.0,,1020.2,Amanita muscaria,"Colorado, US",1
f664d429-1998-4efc-bdb2-210b5ddb0f75,303620410,2025-08-03 13:23:39-06:00,2025-08-03,-105.8749166667,40.3328861111,2770.0,,4.2,25.5,0.0,9.6,,1031.2,Amanita muscaria,"Grand Lake, CO 80447, USA",1
f572493e-8b9a-4a00-a8f7-9d84a4b2363d,303563124,2025-08-03 14:21:15-06:00,2025-08-03,-105.2840270996,39.7633476257,2223.0,,16.0,31.0,0.0,9.5,,1023.0,Amanita muscaria,"Colorado, US",2
6cea8293-36d5-4227-a562-cf0f5effe8e0,303563121,2025-08-03 14:44:17-06:00,2025-08-03,-105.271822009,39.7673471825,2027.0,,16.0,31.0,0.0,9.5,,1023.0,Amanita muscaria,"Mount Galbraith Park, Golden, CO, US",2
d6ebee2e-1115-4cf2-9154-52e17f7e0830,303559302,2025-08-03 12:48:37-06:00,2025-08-03,-105.88237,40.5378716667,3070.0,,7.4,23.9,0.0,11.3,,1019.2,Amanita muscaria,"Zimmerman Lake Trail, Bellvue, CO, US",2
ee12c11e-b8d8-4425-900e-96dc18ea0105,303482875,2025-08-03 11:03:43-06:00,2025-08-03,-105.5476797664,39.9273915831,2918.0,,2.0,13.3,1.8,13.2,,1022.3,Amanita muscaria,"Colorado, US",1
46f3b093-a19f-4d88-a072-2de08f479046,303412001,2025-08-02 15:35:23-06:00,2025-08-02,-105.5538761471,39.8649317649,3255.0,,1.1,12.5,5.9,12.1,,1026.4,Amanita muscaria,"Colorado, US",1
735ccd32-f59f-4a58-95a3-aae921449bd3,303270984,2025-08-02 23:18:58-06:00,2025-08-02,-104.8529556561,38.8216451495,1858.0,,12.0,27.0,4.4,9.9,,1027.1,Amanita muscaria,"Bear Creek Regional Trail, Colorado Springs, CO, US",1
8a450da1-e3ec-472b-a8e7-f38114661206,303150731,2025-08-01 09:48:00-06:00,2025-08-01,-105.4543526292,39.9642214275,2661.0,,13.0,28.0,0.4,7.4,,1026.2,Amanita muscaria,"Colorado, US",1
80ef30b6-4301-4e1c-ad14-5bcfacf1cd90,303071459,2025-07-13 10:51:00-06:00,2025-07-13,-103.7962716667,44.1217528333,1770.0,,17.0,30.0,0.0,9.6,,1018.7,Amanita muscaria,"Hill City, SD, US",2
5a58d75a-b48e-4465-a89b-abdfcad6da53,302751822,2025-07-07 09:26:00-06:00,2025-07-07,-103.532415,43.8494304,2032.0,,12.2,22.8,2.2,10.0,,1017.4,Amanita muscaria,"Cathedral Spires, East Custer, SD 57730, USA",1
2deb445f-4f1a-4c4e-8173-5a2193d1b7c3,302683049,2025-07-22 12:48:00-06:00,2025-07-22,-103.8404166667,44.3733444444,1722.0,,18.0,23.0,0.0,11.3,,1012.8,Amanita muscaria,"Lawrence County, SD, USA",1
be5e6b76-a370-4a21-87de-ea819d6445c1,302521096,2025-07-29 18:16:13-06:00,2025-07-29,-105.5408172607,39.8637313843,3172.0,,2.7,14.8,0.9,8.8,,1026.0,Amanita muscaria,Black Hawk,1
f5d8235b-ce02-4409-8b18-a5e80539b365,302443368,2025-07-30 11:34:43-06:00,2025-07-30,-105.7712333333,39.8295833333,3226.0,,2.1,13.4,7.8,9.4,,1025.5,Amanita muscaria,"Winter Park, CO, US",1
18bf9111-4c8b-4048-b63c-f13fec7866ed,302336033,2025-07-19 16:35:23-06:00,2025-07-19,-105.1151721667,36.4213783333,2792.0,,11.1,24.4,2.5,5.4,,1030.2,Amanita muscaria,"Cimarron, NM, US",1
1cfc4f0a-087b-4c2c-9494-ddea8110008b,302273546,2021-08-04 11:29:37-06:00,2021-08-04,-106.7499,40.2773166667,2554.0,,9.1,25.3,0.0,3.9,,1028.0,Amanita muscaria,"Sarvis Creek Trail, Oak Creek, CO, US",1
4acc85a6-8784-4b95-891d-4ad1ae13dd36,302273521,2021-08-04 11:26:34-06:00,2021-08-04,-106.7500083333,40.2774883333,2524.0,,9.1,25.3,0.0,3.9,,1028.0,Amanita muscaria,"Sarvis Creek Trail, Oak Creek, CO, US",1
eeaa0541-386f-40f6-bbcf-9f2872658543,301981680,2013-07-28 18:25:00-06:00,2013-07-28,-105.6836389,40.3427932,2940.0,,16.2,24.8,,4.2,,,Amanita muscaria,"Rocky Mountain National Park, Colorado, USA",2
f446c9ee-f09b-47f4-a5de-e72c4832cd9e,301931460,2025-07-25 12:19:00-06:00,2025-07-25,-105.8004611111,35.7981805556,3208.0,,11.7,31.7,0.0,10.7,,1013.9,Amanita muscaria,"Santa Fe County, NM, USA",1
103140c8-984e-460e-bc21-9aba51971c34,301850356,2025-07-20 17:00:34-06:00,2025-07-20,-103.5602333333,43.846425,1887.0,,15.6,26.7,0.0,10.6,,1010.1,Amanita muscaria,"Custer County, US-SD, US",2
3fe12671-9268-43bb-81ee-5fe0aea78605,301850295,2025-07-20 17:00:32-06:00,2025-07-20,-103.5602116667,43.846475,1887.0,,15.6,26.7,0.0,10.6,,1010.1,Amanita muscaria,"Custer County, US-SD, US",3
ced472e3-7b0b-443f-8b09-57b7ea14f321,301850236,2025-07-20 15:25:28-06:00,2025-07-20,-103.5623728764,43.8463687431,1895.0,,15.6,26.7,0.0,10.6,,1010.1,Amanita muscaria,"Custer County, US-SD, US",2
351645dc-2c73-4be9-b5ee-4b4f9c786e94,301809927,2025-07-26 09:23:15-06:00,2025-07-26,-105.7767483965,35.8001440353,3484.0,,15.6,32.8,0.0,11.6,,1011.6,Amanita muscaria,"Santa Fe, NM 87506, USA",3
1e51b6c5-848f-4c02-b7dd-16c3058dc092,301706774,2024-07-25 20:19:48-06:00,2024-07-25,-105.521745,40.3759466667,2299.0,,13.6,37.8,0.0,6.0,,1023.5,Amanita muscaria,"E Riverside Dr, Estes Park, CO, US",1
3ef58274-8e9d-4bb9-ae70-6a7ee629b33b,301614534,2025-07-25 10:08:03-06:00,2025-07-25,-105.55583,35.7092133333,3147.0,,11.1,27.8,0.2,13.9,,1016.4,Amanita muscaria,"Pecos, NM, US",1
a00b205b-a3de-48e5-8b36-34a6bb465b54,301425402,2025-07-25 14:01:23-06:00,2025-07-25,-105.4164116667,36.5961216667,3334.0,,4.3,24.0,0.3,7.3,,1030.0,Amanita muscaria,"Taos, NM, US",1
6378ebd1-0775-4880-9d92-be92f33f212e,301416114,2025-07-17 13:27:31-06:00,2025-07-17,-103.5386599632,43.8483308851,2056.0,,8.3,17.2,1.6,7.8,,1017.1,Amanita muscaria,"Custer County, US-SD, US",1
7f1eb0cc-e126-4e98-b6e7-17708499186c,301401655,2025-06-23 13:13:00-06:00,2025-06-23,-105.06683135,39.04356463,2562.0,,12.0,24.2,0.0,20.7,,1013.4,Amanita muscaria,"Teller County, CO, USA",1
6fe89701-1e4b-47ba-b220-d0bcd8707ac4,301393231,2025-07-26 08:00:30-06:00,2025-07-26,-105.7114033333,36.0697695,2564.0,,14.1,29.5,0.0,11.6,,1015.0,Amanita muscaria,"Carson National Forest, Cordova, NM, US",1
e863dbbf-4b66-42a1-ba88-3d63c92e4439,301393203,2025-07-23 16:40:00-06:00,2025-07-23,-103.5736917099,43.8510199575,1768.0,,10.6,21.1,7.2,10.6,,1013.4,Amanita muscaria,"Custer County, SD, USA",1
fd9290fe-4702-4e07-9d59-74c218a97b3f,301392216,2025-07-26 13:56:00-06:00,2025-07-26,-105.4411555556,40.1405055556,2477.0,,16.0,32.0,0.0,5.4,,1017.8,Amanita muscaria,"Boulder County, CO, USA",1
212a5005-bd5e-4be7-b790-f8e158c308cd,301364057,2025-07-25 13:36:10-06:00,2025-07-25,-105.1508786961,36.4139990636,2947.0,,4.3,24.0,0.3,7.3,,1030.0,Amanita muscaria,"Colfax County, US-NM, US",1
521304ab-8f09-44db-bf1d-2a89f07ecf82,301309590,2025-06-15 10:54:00-06:00,2025-06-15,-103.4524,43.9740138889,1414.0,,12.8,26.7,0.0,10.4,,1013.2,Amanita muscaria,"Pennington County, SD, USA",1
03157c9c-724a-4434-acc8-7818ef142166,301309525,2025-07-02 08:57:00-06:00,2025-07-02,-103.4483722222,43.8751305556,1513.0,,13.9,28.3,0.0,10.9,,1011.9,Amanita muscaria,"Pennington County, SD, USA",1
5371b43b-1ec3-4e4d-ab8d-f1e447327e80,301309508,2025-07-02 11:58:00-06:00,2025-07-02,-103.4480527778,43.8744888889,1524.0,,13.9,28.3,0.0,10.9,,1011.9,Amanita muscaria,"Pennington County, SD, USA",1
fdec41f9-cdf4-4ba1-a38c-dab2a21a728b,301129069,2025-07-23 16:29:00-06:00,2025-07-23,-103.5737456515,43.8518206655,1768.0,,10.6,21.1,7.2,10.6,,1013.4,Amanita muscaria,"Custer County, SD, USA",1
6bb79fb3-e305-4bbc-8180-8a6e42b6db0e,300662633,2025-07-23 14:25:20-06:00,2025-07-23,-106.6684716667,35.86667,2595.0,,14.0,24.7,7.3,8.9,,1024.2,Amanita muscaria,"Forest Service Road 604, Jemez Springs, NM, US",2
0fd9628d-e976-4c52-bc46-a32d2ebc9483,300497416,2025-07-23 09:08:30-06:00,2025-07-23,-103.36935859,43.95875419,1410.0,,16.7,26.7,15.5,21.6,,1013.6,Amanita muscaria,"Mount Rushmore, SD, USA",1
c9208b83-fb0c-4e65-96af-61ced10f0bfd,300426617,2024-09-12 09:24:35-06:00,2024-09-12,-105.6113133333,40.5571833333,2899.0,,,,,,,,Amanita muscaria,"Emmaline Lake Trail, Bellvue, CO, US",1
9cb8ad1e-99c9-41c0-b73c-dcc00563a81c,300389708,2025-07-22 10:53:01-06:00,2025-07-22,-105.6615572226,39.9278509811,3354.0,,3.9,14.7,11.4,11.1,,1017.4,Amanita muscaria,"Colorado, US",1
a76031a9-ae66-4b1e-ab48-a5a973668bf1,300187504,2025-07-21 12:17:53-06:00,2025-07-21,-105.3893203735,39.9589729309,2344.0,,16.0,36.0,0.0,4.6,,1016.3,Amanita muscaria,Nederland,1
baf7b946-fe7d-4b70-b1da-1a0a9f67bff7,300045160,2025-07-20 18:22:32-06:00,2025-07-20,-105.8509444444,40.4007055556,2751.0,,7.9,25.7,0.0,6.5,,1028.8,Amanita muscaria,"Grand Lake, CO 80447, USA",1
826ab59d-c84b-4600-99c3-859e34110dcc,300035762,2025-07-21 16:58:20-06:00,2025-07-21,-103.5342598,43.8561622,1968.0,,15.0,29.4,0.0,10.2,,1009.5,Amanita muscaria,"Keystone, SD 57751, USA",1
c0994a98-aa09-48ee-9071-97de540bfad0,300030201,2025-07-21 11:42:19-06:00,2025-07-21,-105.8051083333,39.4816966667,3002.0,,3.2,15.5,1.3,9.3,,1017.6,Amanita muscaria,"Pike and San Isabel National Forests, Grant, CO, US",1
b8ecedd7-6016-4df2-b65a-bf06234b24f2,299956976,2025-07-21 10:24:59-06:00,2025-07-21,-105.1122221667,37.26068,3073.0,,11.0,21.0,1.5,18.2,,1034.8,Amanita muscaria,"Pike and San Isabel National Forests, Weston, CO, US",1
4657a011-ddd3-4e2c-8e9c-84e6d4e79045,299912036,2024-07-21 10:38:06-06:00,2024-07-21,-106.810775,40.7557416667,2360.0,,8.8,22.9,0.3,9.5,,1028.4,Amanita muscaria,"Clark, CO, US",1
cc2818f8-55da-47fb-b1d6-eb8d480d6a37,299911997,2024-07-21 10:37:28-06:00,2024-07-21,-106.8107216667,40.7557033333,2360.0,,8.8,22.9,0.3,9.5,,1028.4,Amanita muscaria,"Clark, CO, US",1
85e46168-8304-4ac5-b382-b60c3e66902c,299907933,2025-07-20 12:30:00-06:00,2025-07-20,-103.7757645773,44.3668492512,1579.0,,16.0,26.0,0.0,8.8,,1014.4,Amanita muscaria,"Iverson Field Rd, Lead, SD, US",2
207f0857-1963-4672-aff2-b3ac5359d151,299628975,2025-07-20 12:01:52-06:00,2025-07-20,-104.9412720262,38.7417891473,2999.0,,18.0,30.0,0.0,8.6,,1022.5,Amanita muscaria,"Victor, CO, US",2
dd189083-5b47-440a-8054-3021d6d7bfa2,299544828,2025-07-17 15:13:02-06:00,2025-07-17,-103.5354647879,43.8513866113,2046.0,,8.3,17.2,1.6,7.8,,1017.1,Amanita muscaria,"Crazy Horse, SD 57730, USA",2
14cf7369-08d3-4ba6-8a0a-e1c8264db51e,299411720,2023-06-18 13:35:21-06:00,2023-06-18,-105.3305583333,40.0996222222,2128.0,,11.0,28.0,0.0,3.7,,1012.1,Amanita muscaria,"Lazy Acres, CO 80302, USA",2
1fbd34c4-bcca-4d0a-bc26-7c12b77984ee,299272391,2025-07-18 11:14:38-06:00,2025-07-18,-103.5386716667,43.8483283333,2056.0,,11.7,24.4,0.0,13.3,,1013.2,Amanita muscaria,"Custer State Park, Custer, SD, US",1
67f25461-e580-4d23-b656-fa15f0fe35d7,299229790,2025-06-30 09:18:37-06:00,2025-06-30,-103.56652,44.1908116667,1544.0,,10.0,25.0,0.0,8.0,,1023.9,Amanita muscaria,"Black Hills National Forest, Nemo, SD, US",2
2abf8873-461e-46da-8516-c6b245a1d208,298908321,2025-07-17 09:44:22-06:00,2025-07-17,-103.5518116667,43.8523,1947.0,,8.3,17.2,1.6,7.8,,1017.1,Amanita muscaria,"Harney 9 South Trail, Custer, SD, US",2
355733c8-3e24-4368-a97f-cc625271da01,298908259,2025-07-17 09:30:42-06:00,2025-07-17,-103.5564333333,43.852455,1929.0,,8.3,17.2,1.6,7.8,,1017.1,Amanita muscaria,"Norbeck 3, Custer, SD, US",1
d7d27a17-839f-4495-8558-3f32a87991ed,298907784,2025-07-17 09:28:42-06:00,2025-07-17,-103.5566783333,43.852295,1929.0,,8.3,17.2,1.6,7.8,,1017.1,Amanita muscaria,"Norbeck 3, Custer, SD, US",1
9d446f0b-8731-4488-8914-ec3666d02c38,298708982,2025-07-16 18:14:06-06:00,2025-07-16,-103.7389616667,44.3676616667,1488.0,,11.0,13.0,24.0,17.7,,1021.2,Amanita muscaria,"Deadwood, SD, US",1
b1892475-ab82-4cba-8899-7152992c4326,298586717,2025-07-15 10:50:34-06:00,2025-07-15,-105.3381366667,39.340575,2254.0,,11.0,20.0,2.2,7.0,,1015.1,Amanita muscaria,"Pike and San Isabel National Forests, Bailey, CO, US",1
0d08240d-e06a-4372-89a9-371a92e15173,298585355,2025-07-16 11:16:20-06:00,2025-07-16,-105.1016221667,36.43858,2957.0,,3.3,26.3,0.5,6.2,,1027.1,Amanita muscaria,"Cimarron, NM, US",1
962ebbeb-fe3f-463d-9d3f-d610587a06cc,298528789,2025-07-16 15:50:56-06:00,2025-07-16,-103.7972275423,44.3311248277,1686.0,,11.0,13.0,24.0,17.7,,1021.2,Amanita muscaria,"Central City, SD 57754, USA",1
6e693517-bf02-4a2d-bb05-51715654c536,298518929,2021-07-23 09:19:22-06:00,2021-07-23,-105.4627916667,39.3169333333,2895.0,,,,,,,,Amanita muscaria,"Colorado Trail, Bailey, CO, US",1
76f46900-5b2e-402b-97f9-c49760a9bcfb,298398018,2025-07-15 17:24:55-06:00,2025-07-15,-103.7381133333,44.3689116667,1474.0,,13.0,23.0,5.5,12.5,,1018.0,Amanita muscaria,"Deadwood, SD, US",1
2e0bb3b5-ce5f-4ef9-a928-484662773246,298319633,2025-07-15 16:47:26-06:00,2025-07-15,-105.1060049924,38.8249508948,3591.0,,21.0,33.0,0.0,6.6,,1019.8,Amanita muscaria,"Pike and San Isabel National Forests, Cripple Creek, CO, US",1
83d8794c-9c72-461b-9101-ce09d8f639e9,298239227,2025-07-13 12:14:19-06:00,2025-07-13,-103.5766666667,43.8554466667,1725.0,,11.7,27.2,0.0,10.4,,1016.1,Amanita muscaria,"Black Hills National Forest, Custer, SD, US",1
160d9116-7f24-4f17-a656-53dd010b0289,297586141,2025-07-03 14:37:19-06:00,2025-07-03,-103.537445,43.8363883333,1854.0,,15.6,30.6,0.0,9.3,,1007.7,Amanita muscaria,"Custer State Park, Custer, SD, US",2
fd1e4a98-2362-43bc-9ebe-c1625e414873,297463352,2025-07-03 10:39:33-06:00,2025-07-03,-104.83685224,38.7553296289,2009.0,,13.1,29.0,0.0,10.6,,1018.0,Amanita muscaria,"Colorado, US",1
50a465eb-3206-44d9-a24a-3838f3febf19,297454140,2025-07-12 14:49:33-06:00,2025-07-12,-103.7405083333,44.1739966667,1807.0,,10.0,27.0,0.0,8.4,,1019.0,Amanita muscaria,"Lead, SD, US",2
32d561fa-1554-4867-ad16-53c84b4733fa,297416245,2025-07-12 10:30:02-06:00,2025-07-12,-103.739045,44.189,1860.0,,10.0,27.0,0.0,8.4,,1019.0,Amanita muscaria,"Lead, SD, US",1
03d0cdc9-a066-4c57-ab3f-f96d7ed14f28,297406266,2025-07-12 10:51:51-06:00,2025-07-12,-103.740325,44.18875,1865.0,,10.0,27.0,0.0,8.4,,1019.0,Amanita muscaria,"Lawrence County, US-SD, US",1
b7f71f40-721e-4a59-8407-714d6337f3d5,297405333,2025-07-12 10:29:10-06:00,2025-07-12,-103.7390283333,44.1890033333,1860.0,,10.0,27.0,0.0,8.4,,1019.0,Amanita muscaria,"Lawrence County, US-SD, US",1
a51dc3ce-e38a-41a7-973e-5c6e4dab738a,297401719,2025-07-12 10:50:58-06:00,2025-07-12,-103.7402716667,44.188755,1865.0,,10.0,27.0,0.0,8.4,,1019.0,Amanita muscaria,"Lead, SD, US",1
83e3e372-d903-409a-9558-304289517fc9,297278613,2025-07-08 15:44:12-06:00,2025-07-08,-103.5473466667,43.8524283333,1996.0,,10.6,28.3,0.0,10.3,,1017.8,Amanita muscaria,"Custer State Park, Custer, SD, US",1
5ca6717e-ba63-4d50-9e5b-f8d034776520,297278547,2025-07-08 15:44:08-06:00,2025-07-08,-103.5474916667,43.852195,1996.0,,10.6,28.3,0.0,10.3,,1017.8,Amanita muscaria,"Custer State Park, Custer, SD, US",1
01412f20-1e2c-4baa-826a-92fef70b2a31,297278344,2025-07-08 15:34:37-06:00,2025-07-08,-103.5500033333,43.8514666667,2004.0,,10.6,28.3,0.0,10.3,,1017.8,Amanita muscaria,"Custer State Park, Custer, SD, US",1
1f70b623-d5c4-4dcb-827d-c21a2926cb90,297216911,2025-06-26 10:21:44-06:00,2025-06-26,-105.5429616667,40.43097,2572.0,,11.4,32.0,0.0,6.0,,1019.8,Amanita muscaria,"Cow Creek Trail, Estes Park, CO, US",1
fe0d0000-13cb-4b8b-ac1f-5bc257731533,297157076,2025-07-11 12:04:19-06:00,2025-07-11,-104.9435416667,39.1120388333,2405.0,,10.3,28.4,2.5,14.6,,1013.1,Amanita muscaria,"Pike and San Isabel National Forests, Woodland Park, CO, US",1
e814f09e-9c25-4b3c-9f65-c7e99b81bd63,297065811,2025-07-11 10:03:38-06:00,2025-07-11,-103.568585,43.80554913,1689.0,,7.8,19.4,18.4,9.6,,1016.7,Amanita muscaria,"Crazy Horse, SD 57730, USA",1
e333601d-9a72-46f3-b31c-1b3e2dad342e,296832255,2025-07-10 13:07:06-06:00,2025-07-10,-105.5505816196,40.2718197758,2794.0,,19.5,33.9,0.8,11.3,,1017.4,Amanita muscaria,"Rocky Mountain National Park, Larimer County, US-CO, US",2
0a0b9bb3-6df4-41a4-9c23-6159f352e4b4,296797679,2025-07-10 10:37:36-06:00,2025-07-10,-104.8982984573,38.8140473111,2138.0,,20.0,29.0,2.3,13.9,,1020.9,Amanita muscaria,"Manitou Springs, CO 80829, USA",3
8f279689-9cce-4c07-a906-e933ace7cc86,296781228,2024-09-11 15:10:04-06:00,2024-09-11,-105.0181907,37.9287039,3054.0,,14.2,29.5,0.3,16.6,,1007.8,Amanita muscaria,"Rye, CO 81069, USA",1
0210e0e7-cb40-4762-9bc1-f8658d8055e8,296651784,2025-06-28 09:23:00-06:00,2025-06-28,-105.1162277778,36.4179694444,2802.0,,3.4,23.8,0.2,5.7,,1029.2,Amanita muscaria,"Colfax County, NM, USA",1
97bfc28b-03bd-44e3-953e-b2728e6fbd03,296616422,2025-07-09 10:08:07-06:00,2025-07-09,-105.3869547997,39.5673764,2576.0,,3.3,17.9,0.2,10.3,,1021.7,Amanita muscaria,"Jefferson County, US-CO, US",1
29de7665-b0cd-4cc2-9ab4-2b6b444622c2,296599118,2025-07-09 11:33:28-06:00,2025-07-09,-105.3836833333,39.5685283333,2576.0,,3.3,17.9,0.2,10.3,,1021.7,Amanita muscaria,"Black Mountain Dr, Evergreen, CO, US",1
1e41e5f3-855e-45c6-a634-fcd149eee3a4,296418673,2025-07-08 12:06:15-06:00,2025-07-08,-103.5272833333,43.9506216667,1504.0,,10.6,28.3,0.0,10.3,,1017.8,Amanita muscaria,"Emerald Pines Dr, Hill City, SD, US",2
0326d2bf-8ab7-4912-85a7-b8c61930335a,296160970,2025-07-06 08:15:03-06:00,2025-07-06,-105.5997904,40.1986428,2861.0,,5.9,26.5,0.0,8.6,,1030.2,Amanita muscaria,"Allenspark, CO 80510, USA",1
4ebd1ff0-5c26-4d79-be88-f019f05effc1,296117013,2025-07-07 09:26:00-06:00,2025-07-07,-103.4396523475,43.8103687135,1539.0,,12.2,22.8,2.2,10.0,,1017.4,Amanita muscaria,"Custer County, SD, USA",1
ef1568ea-e389-4212-b1ca-15d0a2c6ac52,296094726,2025-07-07 09:05:07-06:00,2025-07-07,-103.5473416667,43.8524583333,1996.0,,12.2,22.8,2.2,10.0,,1017.4,Amanita muscaria,"Harney 9 South Trail, Custer, SD, US",1
4d896689-5613-463d-b0e0-672426d2b917,296037318,2025-07-07 11:14:42-06:00,2025-07-07,-103.5254974365,43.828453064,1832.0,,12.2,22.8,2.2,10.0,,1017.4,Amanita muscaria,Custer,1
5dedd2ea-f410-406b-b79e-615f6cf26aa6,295908198,2021-09-27 16:53:23-06:00,2021-09-27,-105.0792778333,40.5979466667,1516.0,,10.6,32.8,0.0,7.5,,1010.0,Amanita muscaria,"Cache la Poudre River, Fort Collins, CO, US",1
dbeed248-29d2-40be-a826-e0590b5895b7,295854097,2025-06-21 09:14:07-06:00,2025-06-21,-103.5349966667,43.843805,1903.0,,12.2,28.9,0.0,14.7,,998.7,Amanita muscaria,"Cathedral Spires Trail, Custer, SD, US",3
f356ccb7-96ee-43f5-8501-7307c3006cf3,295742433,2025-07-05 05:59:35-06:00,2025-07-05,-106.5718833333,37.6810083333,2480.0,,12.0,29.0,0.0,16.3,,1029.2,Amanita muscaria,"Paiute Trail, South Fork, CO, US",2
df742cae-9071-40d7-b18b-836786c39c2c,295552515,2025-07-04 14:14:59-06:00,2025-07-04,-103.4213860024,43.8037913303,1490.0,,15.6,24.4,6.9,7.2,,1009.4,Amanita muscaria,"Custer County, US-SD, US",1
5258dc11-91ff-46fa-8831-78ca551b6b95,295551588,2025-07-04 11:46:00-06:00,2025-07-04,-103.516105168,43.7751250565,1586.0,,15.6,24.4,6.9,7.2,,1009.4,Amanita muscaria,"Black Hills National Forest, Custer, SD, US",2
eb9913f9-02b3-4254-b749-5e1a467d148f,295490414,2025-07-05 14:20:26-06:00,2025-07-05,-105.7595734643,36.0987497052,2416.0,,12.6,30.6,0.0,11.0,,1016.2,Amanita muscaria,"Carson National Forest, Truchas, NM, US",2
19576bf4-ff87-44ab-b88d-f3ab08bb535f,295486554,2021-08-08 11:04:00-06:00,2021-08-08,-106.8527981425,37.5272735348,3358.0,,7.0,16.0,0.0,11.0,,1037.0,Amanita muscaria,"Mineral County, CO, USA",1
30558e6d-b12c-450a-a560-179a03a347d4,295428504,2021-08-05 10:20:00-06:00,2021-08-05,-106.7606396676,37.4961575832,2939.0,,7.0,16.0,5.0,10.7,,1042.4,Amanita muscaria,"Mineral County, CO, USA",2
69f0f341-48b5-4aca-b71e-b5229f5dd220,295379530,2025-06-18 12:06:37-06:00,2025-06-18,-105.3155533333,39.52892,2526.0,,9.4,26.7,0.0,11.1,,1015.7,Amanita muscaria,"Conifer, CO, US",1
eb6f4abe-35b6-441b-a5a5-c904a4a9be6d,295298440,2025-07-02 16:32:37-06:00,2025-07-02,-106.0942666667,39.5792555556,2769.0,,2.0,17.2,0.3,10.5,,1016.7,Amanita muscaria,"Frisco, CO, USA",1
729cb344-97a6-4957-a84c-b2f07930fce6,295172215,2025-07-04 11:03:46-06:00,2025-07-04,-103.53093,43.852255,2012.0,,15.6,24.4,6.9,7.2,,1009.4,Amanita muscaria,"Custer State Park, Custer, SD, US",3
e70e3189-32a2-483e-aa6f-0db6f1c53293,295122984,2025-07-04 08:40:01-06:00,2025-07-04,-103.5558738747,43.8531657243,1938.0,,15.6,24.4,6.9,7.2,,1009.4,Amanita muscaria,"Custer State Park, Custer, SD, US",1
27c641fa-751c-4f00-be79-eb6d2b99c881,294997486,2025-07-03,2025-07-03,-103.6702430248,44.3638040205,1572.0,,19.0,32.0,0.2,10.2,,1011.7,Amanita muscaria,"South Lawrence, SD, USA",1
c63b7abf-6586-4281-9437-a5a7642b070b,294841097,2025-07-03 06:56:10-06:00,2025-07-03,-105.4010163878,39.8414342916,2495.0,,18.0,35.0,0.0,13.5,,1015.1,Amanita muscaria,"Colorado, US",1
5c8da3fc-3337-45b6-b7ba-fd6b9156f123,294583939,2025-07-01 11:15:00-06:00,2025-07-01,-105.4108116667,36.2290083333,3453.0,,4.7,19.9,11.5,5.8,,1032.6,Amanita muscaria,"Carson National Forest, Vadito, NM, US",2
ec0aae1e-7dbe-46dd-9d92-0c77dce2b140,294579971,2025-07-02 07:22:16-06:00,2025-07-02,-105.4021783333,39.8890616667,2851.0,,14.0,35.0,0.0,5.9,,1018.5,Amanita muscaria,"Gilpin County, US-CO, US",2
13a32ee5-cd3d-4c50-9155-9c55880bf41e,294426864,2025-06-28 09:55:17-06:00,2025-06-28,-105.508995,39.978895,2560.0,,15.0,34.0,0.0,7.9,,1017.7,Amanita muscaria,"County Road 126, Nederland, CO, US",1
b93edf5f-1e40-4674-a76a-d22d06099931,294378903,2025-07-01 11:28:50-06:00,2025-07-01,-103.4629163567,44.1432705835,1382.0,,16.0,34.0,0.0,18.2,,1015.7,Amanita muscaria,"Lawrence County, US-SD, US",2
0bd7d7ee-fb14-42b4-8418-e1b7da1c8a55,294341552,2023-07-23 07:13:34-06:00,2023-07-23,-105.3908083333,39.8848333333,2847.0,,15.0,35.0,0.0,6.6,,1022.1,Amanita muscaria,"Golden, CO, US",2
79fc8f14-2ef7-4fc0-9074-323ad65eede4,294253015,2025-06-26 15:53:37-06:00,2025-06-26,-104.8392184756,38.6142219979,1965.0,,12.2,28.7,0.0,13.1,,1015.0,Amanita muscaria,"Colorado, US",2
9f36fe4a-3ede-4f52-b2f5-8422ee6cd913,294199107,2025-06-30 11:35:02-06:00,2025-06-30,-103.4589833333,43.888755,1599.0,,6.7,22.8,0.0,7.4,,1021.3,Amanita muscaria,"Black Hills National Forest, Keystone, SD, US",2
5c846f98-7023-42ab-9427-039ff3b864e6,293972752,2021-07-20 14:25:38-06:00,2021-07-20,-107.0349111667,39.1125416667,3463.0,,14.4,30.0,,12.0,,1014.4,Amanita muscaria,"Geneva Lake Trail, Snowmass, CO, US",1
3f58a689-5c4d-4e9f-b558-ccb9a9f81a32,293942808,2025-06-29 11:35:08-06:00,2025-06-29,-105.209595,39.5886,2175.0,,15.6,27.8,1.6,14.6,,1013.5,Amanita muscaria,"Jefferson County, US-CO, US",2
6e89eee9-f25b-4e5d-b52a-00dce94251f0,293902797,2025-06-29 10:09:03-06:00,2025-06-29,-104.9395666667,38.71165,2685.0,,19.0,28.0,0.1,11.8,,1023.9,Amanita muscaria,"Pike and San Isabel National Forests, Victor, CO, US",1
cd891ad3-9776-44d9-bf1d-a704e5253c58,293851734,2025-06-29 10:22:49-06:00,2025-06-29,-103.5218591988,43.8649864273,1906.0,,10.6,20.6,3.5,10.2,,1016.9,Amanita muscaria,Black Elk Wilderness,1
0b5ebdda-1b3d-49a1-974e-97578c01b623,293830371,2025-06-29 10:17:28-06:00,2025-06-29,-105.0023472167,38.9101,2776.0,,12.0,28.7,0.0,14.0,,1012.8,Amanita muscaria,"Pike and San Isabel National Forests, Cascade, CO, US",1
18a1f12b-c5e9-4110-9984-4b38f25acfa0,293792708,2025-06-29 11:12:04-06:00,2025-06-29,-104.9040577285,38.7253478539,2739.0,,19.0,28.0,0.1,11.8,,1023.9,Amanita muscaria,"Rock Creek, Colorado Springs, CO, USA",2
b864a8c2-8c6f-47df-909b-bfdeff5fde44,293723342,2025-06-25 14:40:31-06:00,2025-06-25,-104.9673093483,38.7311091244,3022.0,,13.5,24.6,3.0,9.9,,1017.7,Amanita muscaria,"Colorado, US",2
53aa7b81-05b9-4bf9-a5d1-dca2b6da4780,293718183,2025-06-25 13:44:00-06:00,2025-06-25,-104.8985415325,38.7528747896,2582.0,,13.5,24.6,3.0,9.9,,1017.7,Amanita muscaria,"Colorado Springs, CO 80906, USA",2
3abb02cc-d6bf-43ad-b2c2-e853713fd301,293588086,2025-06-28 09:40:19-06:00,2025-06-28,-104.9039383333,38.725045,2739.0,,19.0,29.0,0.0,12.7,,1022.4,Amanita muscaria,"Gray Back Peak Trail, Colorado Springs, CO, US",2
a044938a-d578-4743-b159-541729bf4a43,293585704,2025-06-28 13:35:20-06:00,2025-06-28,-104.904045,38.725345,2739.0,,19.0,29.0,0.0,12.7,,1022.4,Amanita muscaria,"Gray Back Peak Trail, Colorado Springs, CO, US",2
32f73838-3957-43b7-a3e4-b89a77c194ed,293583860,2025-06-28 19:35:49-06:00,2025-06-28,-105.1057168656,38.9891087031,2744.0,,11.7,30.2,0.0,11.5,,1011.1,Amanita muscaria,"Woodland Park, CO, US",1
c791737a-28bb-45d7-a991-a0d7795501d8,293579366,2025-06-28 11:58:54-06:00,2025-06-28,-105.2895583333,39.8294416667,2224.0,,18.0,34.0,0.0,13.4,,1018.5,Amanita muscaria,"Rawhide Trail, Golden, CO, US",2
b22621c6-af9f-49a8-9d47-0dc5c0e9a33b,293437376,2025-06-26 16:55:57-06:00,2025-06-26,-103.6622161865,44.1986732483,1678.0,,12.0,27.0,0.0,9.3,,1016.3,Amanita muscaria,"Lawrence County, US-SD, US",1
a3b22ac3-d87b-4dea-945b-0325a8c5319b,293179381,2025-06-27 10:36:48-06:00,2025-06-27,-104.7947388889,39.0624166667,2251.0,,12.2,29.3,0.7,12.4,,1011.5,Amanita muscaria,"Colorado Springs, CO 80921, USA",2
ef8526a1-7414-4df9-bb0c-864196eddd28,293157488,2025-06-27 10:32:23-06:00,2025-06-27,-104.9314021,38.855969,2020.0,,19.0,27.0,0.3,10.5,,1022.1,Amanita muscaria,"Manitou Springs, CO, USA",2
42d1286c-a9e6-4512-950a-b7fa2d98bfc1,293001782,2019-07-10 13:55:52-06:00,2019-07-10,-105.3858033333,40.088075,2566.0,,11.9,30.0,,6.9,,,Amanita muscaria,"Lefthand Canyon Dr, Ward, CO, US",1
373a96c0-c12d-4035-883d-aac0a575f66c,292987379,2025-06-23 14:29:00-06:00,2025-06-23,-103.4410122998,43.848895581,1567.0,,5.0,17.8,0.0,9.3,,1018.5,Amanita muscaria,"Custer County, SD, USA",2
fd94146a-9713-4ac0-a1bd-749a918ca762,292978585,2025-06-26 12:54:19-06:00,2025-06-26,-105.1038138333,39.2669966667,2775.0,,12.8,28.9,0.0,11.5,,1014.2,Amanita muscaria,"Pike and San Isabel National Forests, Sedalia, CO, US",1
6ddd5087-fa34-4bb6-a18f-95bed6130dae,292734995,2025-06-23 16:13:00-06:00,2025-06-23,-104.976075,37.8731972222,2797.0,,12.0,26.0,1.3,8.5,,1014.5,Amanita muscaria,"Huerfano County, CO, USA",3
80adc448-cdaf-475b-bc01-fa3b8488e592,292726995,2025-06-25 14:29:42-06:00,2025-06-25,-104.9785103151,38.7105578566,2937.0,,13.5,24.6,3.0,9.9,,1017.7,Amanita muscaria,"Colorado, US",3
c3ccfafb-6811-430d-a4c6-dd92beb4befd,292491007,2025-06-24 13:44:05-06:00,2025-06-24,-105.0769047332,39.3339893751,2393.0,,15.6,25.6,3.8,12.2,,1015.8,Amanita muscaria,"Pike and San Isabel National Forests, Sedalia, CO, US",2
59377b17-ac8c-4355-b88f-88f92c282426,292391336,2022-08-27 15:23:00-06:00,2022-08-27,-105.5377194444,40.0303833333,2936.0,,14.0,32.0,0.0,8.4,,1014.5,Amanita muscaria,"Boulder County, CO, USA",1
d691f831-9b70-4725-9b81-2cf702334bcf,292391333,2022-08-27 15:14:00-06:00,2022-08-27,-105.5378944444,40.0303944444,2936.0,,14.0,32.0,0.0,8.4,,1014.5,Amanita muscaria,"Boulder County, CO, USA",1
043c6ae2-1288-40e7-a791-4c50634920c9,292123469,2025-06-15 11:35:19-06:00,2025-06-15,-105.4122083333,39.5249116667,2880.0,,2.1,16.1,0.0,10.2,,1019.5,Amanita muscaria,"Pine, CO, US",2
3fa5dcf1-9c1a-4e08-bf03-e0cb42ef2aca,291821294,2024-08-22 08:02:16-06:00,2024-08-22,-107.6645058766,37.8119403505,2841.0,,11.0,17.0,9.6,6.1,,1032.6,Amanita muscaria,"Silverton, CO 81433, USA",1
a606f24e-4547-42c8-bede-a37d9ce9bbaa,291630049,2025-06-20 11:08:02-06:00,2025-06-20,-105.4887216667,40.7731666667,2378.0,,15.0,26.7,0.0,27.7,,1002.8,Amanita muscaria,"W County Road 74E, Red Feather Lakes, CO, US",3
dff41473-1e3e-4c53-8afd-f9c6278419ce,290649109,2025-06-17 17:36:29-06:00,2025-06-17,-105.606125,40.3212366667,2658.0,,8.3,20.5,1.1,9.8,,1022.5,Amanita muscaria,"Sprague Lake/Five Senses Trail, Estes Park, CO, US",1
dd4ded1c-79df-4e12-a556-c845e3a085d5,289873318,2025-06-15 08:09:22-06:00,2025-06-15,-105.4018047357,39.8593314608,2734.0,,15.0,31.0,0.0,11.0,,1020.6,Amanita muscaria,"Golden Gate Canyon State Park, Golden, CO, US",1
9e2e9bcf-5749-4f4a-bbd3-8f4e0d8687d8,289577493,2025-06-13 16:30:41-06:00,2025-06-13,-104.7343,39.00758055,2175.0,,9.1,27.4,0.9,12.9,,1010.2,Amanita muscaria,"Donovan Ln, Colorado Springs, CO, US",1
8bd5d0ac-8f96-4277-9bc0-c263da284447,289401115,2025-06-13 16:58:17-06:00,2025-06-13,-105.6048301,40.3188591997,2655.0,,4.3,25.7,0.0,6.8,,1024.0,Amanita muscaria,"Estes Park, CO 80517, USA",1
c099c42a-46c0-4307-98e1-fe52b58fadea,289006945,2025-06-10 16:34:16-06:00,2025-06-10,-105.4005366667,39.3383216667,2530.0,,7.0,18.0,1.7,4.0,,1017.6,Amanita muscaria,"Colorado Trail, Bailey, CO, US",2
4c66fbb4-3503-4364-ae4e-8521c9dce40d,288467638,2025-06-09 15:20:40-06:00,2025-06-09,-105.2671741136,39.9184551509,1915.0,,11.0,26.0,0.0,8.8,,1021.5,Amanita muscaria,"Spring Brook Loop South, Boulder, CO, US",2
de022e1b-1d62-4a40-b4e6-06214b3dc70c,288253359,2024-07-19 19:06:46-06:00,2024-07-19,-107.6714487746,38.0227690599,2383.0,,11.0,23.0,4.4,7.0,,1035.1,Amanita muscaria,"Ouray, CO, USA",1
0d7ad24a-6dca-4879-b3ce-252cfd4bcf9e,287991391,2025-06-08 10:27:56-06:00,2025-06-08,-105.5380166667,36.5191416667,2482.0,,9.2,26.4,0.0,10.8,,1013.3,Amanita muscaria,"El Salto Rd, El Prado, NM, US",1
a9275b25-2a1d-4d07-b8b7-d0e57a4b21b8,287885431,2025-06-07 20:02:56-06:00,2025-06-07,-105.1093528333,39.2440616667,2615.0,,5.8,24.5,0.0,9.0,,1013.6,Amanita muscaria,"Pike and San Isabel National Forests, Sedalia, CO, US",1
fad65f48-13b2-474a-9ea5-8edd9cfad33b,287380322,2025-06-06 13:14:45-06:00,2025-06-06,-103.2356710956,44.1154920765,1090.0,,7.0,20.0,0.0,10.6,,1015.8,Amanita muscaria,"Rapid City, SD, US",3
189fe8ab-4ec3-449f-9faa-7cb66ffa97cf,287040804,2024-07-16 07:21:01-06:00,2024-07-16,-106.483795,38.8453883333,3149.0,,4.1,18.3,15.2,8.0,,1020.8,Amanita muscaria,"County Road 209, Almont, CO, US",1
8a646b9c-4793-4eb7-a889-18f61b949a67,286192364,2025-06-01 16:19:17-06:00,2025-06-01,-105.53357,40.3664633333,2324.0,,13.5,29.1,1.0,4.7,,1016.5,Amanita muscaria,"Bird Cir, Estes Park, CO, US",2
45b09241-e249-4a68-a00f-2e367bcede98,285600922,2025-05-30 11:49:31-06:00,2025-05-30,-105.26555,39.1071333333,2593.0,,6.0,15.0,5.5,9.0,,1021.8,Amanita muscaria,"Pike and San Isabel National Forests, Woodland Park, CO, US",1
14cc1620-9bf7-4edc-b47a-3bc0bdb5b443,283313662,2022-08-11 19:41:48-06:00,2022-08-11,-105.5139731247,40.1991353998,2556.0,,17.4,36.5,0.0,4.1,,1023.0,Amanita muscaria,"Colorado, US",1
2218724d-5269-48e8-8afd-ef146b0e60ae,281750288,2022-08-02 09:36:39-06:00,2022-08-02,-106.4713583333,39.2474583333,3324.0,,6.1,20.6,0.0,11.6,,1015.3,Amanita muscaria,"Windsor Lake Trail, Twin Lakes, CO, US",1
55a4ba0d-9779-493b-b52d-ba5d13ec671e,281749138,2022-08-02 12:12:51-06:00,2022-08-02,-106.473105,39.24682,3360.0,,6.1,20.6,0.0,11.6,,1015.3,Amanita muscaria,"Windsor Lake Trail, Twin Lakes, CO, US",1
6f752a9c-7147-4507-b09e-da223c6d9915,281560996,2023-07-22 08:20:00-06:00,2023-07-22,-105.5335083,40.0317573,2902.0,,13.0,31.0,0.0,5.0,,1023.4,Amanita muscaria,"818 Co Rd 116, Nederland, CO 80466, USA",2
cc1c40bd-ba34-4d68-aa1a-1c6fc2fc03fc,278588900,2024-08-07 09:19:51-06:00,2024-08-07,-106.4499130249,37.0169029236,3061.0,,,,,,,,Amanita muscaria,Antonito,1
a6383bce-c36d-458f-83cd-73ae9a75284b,278287980,2023-07-06 14:16:25-06:00,2023-07-06,-105.3469616667,39.6278583333,2312.0,,13.0,23.0,0.8,8.1,,1019.9,Amanita muscaria,"Sisters Trail, Evergreen, CO, US",1
6d2e02f8-d0f3-4882-8a58-29351c26d699,274277968,2024-07-22 10:44:25-06:00,2024-07-22,-107.765495,37.6622666667,3001.0,,10.0,22.0,1.7,6.4,,1032.0,Amanita muscaria,"Spud Lake Trail, Durango, CO, US",1
57f01a04-953b-466d-8d2e-4851b397b9cb,270665264,2023-07-30 07:47:41-06:00,2023-07-30,-105.5879556018,40.5671880952,2755.0,,,,,,,,Amanita muscaria,"Brookie Rd, Bellvue, CO, US",1
c4874ab9-93c1-444c-a5aa-e6866ae356a3,269493843,2023-08-08 16:13:18-06:00,2023-08-08,-105.4515766779,39.9006305832,2621.0,,12.0,28.0,0.0,5.2,,1018.8,Amanita muscaria,"Black Hawk, CO, US",2
219cd900-daac-446b-8518-c3e914012ff5,268150005,2023-06-25 12:57:34-06:00,2023-06-25,-103.4762333333,43.8108216667,1560.0,,5.6,20.0,0.0,9.6,,1018.0,Amanita muscaria,"Custer State Park, Custer, SD, US",3
7758fc00-5531-4e26-994c-c323686d534e,267288615,2024-08-10 14:01:31-06:00,2024-08-10,-106.6777033333,39.5096366667,2874.0,,11.7,27.8,2.7,12.1,,1017.0,Amanita muscaria,"White River National Forest, Eagle, CO, US",1
24e38063-78d5-42d7-97b6-9b09e2f984d7,267166268,2024-07-27 08:31:23-06:00,2024-07-27,-106.7808616667,39.30085,3306.0,,11.7,27.8,,12.6,,1010.7,Amanita muscaria,"White River National Forest, Aspen, CO, US",1
353882e2-c2bf-42a1-9ce3-5ea99103e2ea,267165433,2024-07-27 08:31:17-06:00,2024-07-27,-106.78087,39.30085,3306.0,,11.7,27.8,,12.6,,1010.7,Amanita muscaria,"White River National Forest, Aspen, CO, US",1
7a5dd723-98e2-404f-a94b-ef76b97c8691,266048463,2005-09-02 12:13:00-06:00,2005-09-02,-107.2384694867,39.9900788479,2957.0,,3.0,28.0,,5.9,,,Amanita muscaria,"Trappers Lake ,Garfield County, CO, USA",1
432f1de3-f8cf-4183-b8e5-fa8e87aee5c5,264741737,2017-08-14 16:30:00-06:00,2017-08-14,-105.8328141201,40.2668272166,2678.0,,,,,5.8,,,Amanita muscaria,"Grand County, CO, USA",1
30941a37-3e88-4000-952a-e6a2a3a0ac38,264625103,2024-07-25 09:47:00-06:00,2024-07-25,-105.9224916667,39.492305,3243.0,,1.1,17.9,0.0,8.5,,1023.9,Amanita muscaria,"White River National Forest, Breckenridge, CO, US",1
0e08796e-2c94-45e5-9b49-962cd59b69d6,260181163,2024-07-20 13:29:00-06:00,2024-07-20,-106.0402823907,39.2822070666,3321.0,,5.0,23.9,0.0,9.1,,1017.5,Amanita muscaria,"Colorado, US",1
b54afc21-c2c4-4df6-925b-78715a05800b,260063951,2022-08-06 12:11:55-06:00,2022-08-06,-105.5907092689,39.4361027737,2515.0,,5.4,16.7,2.4,7.6,,1020.0,Amanita muscaria,"Pike and San Isabel National Forests, Shawnee, CO, US",2
eab909a0-7b23-4d0f-83f3-734d8a8172c4,257658347,2024-07-18 15:41:00-06:00,2024-07-18,-105.8656158947,40.5787766221,2993.0,,7.7,24.2,0.6,10.2,,1021.2,Amanita muscaria,"Larimer County, CO, USA",1
5ddfe9dd-ab78-4d6f-8826-0ab89965c68d,256398820,2024-09-07 15:34:11-06:00,2024-09-07,-105.7946866667,40.3729583333,3383.0,,1.5,22.1,0.0,5.9,,1031.4,Amanita muscaria,"Rocky Mountain National Park, Grand Lake, CO, US",1
bcf5cd91-cfd3-4232-a161-f29a3b7c6c86,256206164,2016-08-28 14:06:00-06:00,2016-08-28,-105.8015833333,35.7789416667,3124.0,,10.6,25.6,0.0,14.9,,1016.5,Amanita muscaria,"Santa Fe County, NM, USA",1
e46001b8-5f53-4100-9d02-22b060f2bab8,256181286,2021-08-01 10:50:29-06:00,2021-08-01,-106.45543,38.97263,3228.0,,8.9,15.0,,12.5,,1023.2,Amanita muscaria,"Pike and San Isabel National Forests, Granite, CO, US",1
15bfcafa-dab5-47a8-9d64-486a86b39b31,255446348,2024-08-03 15:09:05-06:00,2024-08-03,-106.7990875696,37.4600471048,3514.0,,8.0,21.0,0.0,10.6,,1044.2,Amanita muscaria,"Rio Grande National Forest, Creede, CO, US",1
9c9fbc6a-a9da-4e2d-b232-1f4c535003c7,254883480,2023-08-29 09:41:50-06:00,2023-08-29,-105.5902404785,40.196647644,2770.0,,4.4,23.3,0.0,4.6,,1032.7,Amanita muscaria,Ward,1
710ae1ac-b414-498f-972b-41d0d1c845b7,254441681,2024-07-23 11:53:35-06:00,2024-07-23,-105.733072646,35.5911454131,2237.0,,13.3,31.1,0.8,14.9,,1017.5,Amanita muscaria,La Cueva,1
84633d2e-d614-41f0-a06e-90528266183e,253701504,2019-08-04 16:37:50-06:00,2019-08-04,-106.4767833333,39.4888166667,3322.0,,6.7,22.2,,9.9,,1018.5,Amanita muscaria,"White River National Forest, Red Cliff, CO, US",1
5b099998-5c4b-450a-a88a-0c5b5d8e0330,253598267,2024-09-05 10:52:06-06:00,2024-09-05,-105.8491836,40.4091061,2776.0,,3.5,18.0,0.4,5.4,,1036.6,Amanita muscaria,"Grand Lake, CO 80447, USA",1
6387b801-e855-48e9-a852-3c5d948657ab,252447893,2024-08-25 12:27:16-06:00,2024-08-25,-105.6497583333,39.8992533333,2852.0,,1.5,12.8,5.8,10.8,,1025.0,Amanita muscaria,"South Boulder Creek Trail, Black Hawk, CO, US",1
8edc1e80-4c23-4844-9c42-2b5ed6de007c,252430789,2021-08-05 18:56:00-06:00,2021-08-05,-106.7733728737,41.4544319119,2105.0,,10.0,30.0,0.0,15.1,,1026.2,Amanita muscaria,"Carbon County, WY, USA",1
db4df878-429e-4b06-bd9c-02b82c4cb76b,251743391,2014-06-11 23:12:00-06:00,2014-06-11,-105.5194866,40.1292992,2657.0,,,,,10.0,,,Amanita muscaria,"Camp Dick, Lyons, CO 80540, USA",1
cece721c-3746-4eb6-a362-7d7e5a95d644,247939270,2024-07-24 09:55:00-06:00,2024-07-24,-105.8570111111,40.4010861111,2925.0,,4.6,26.2,0.1,5.2,,1034.8,Amanita muscaria,"Grand County, CO, USA",1
2d13b28b-94f5-42f1-8f4f-3b5883e0eaa1,247820327,2022-08-11 11:16:36-06:00,2022-08-11,-105.6769261875,39.9734297138,3397.0,,4.2,17.0,1.8,7.9,,1024.2,Amanita muscaria,"Boulder County, US-CO, US",1
2e1d8b40-9d22-478a-a43e-b4965f88e417,247791399,2022-08-12 17:57:00-06:00,2022-08-12,-106.9917429722,38.973114,3040.0,,10.6,28.9,,12.0,,1017.3,Amanita muscaria,"Gunnison County, CO, USA",1
e183a1b1-c29b-4c46-8fba-01a7a2c9541f,247718762,2022-08-30 10:05:00-06:00,2022-08-30,-109.2529066667,38.41784,3120.0,,,,,,,,Amanita muscaria,"San Juan County, UT, USA",1
6bc9033a-73bd-4311-88cd-784fc8ec4c2b,247345877,2021-08-11 09:32:16-06:00,2021-08-11,-106.0985721667,39.65215,2765.0,,11.0,20.0,0.0,14.1,,1038.8,Amanita muscaria,"White River National Forest, Silverthorne, CO, US",1
86719888-ccbb-44a6-a1b3-d944f6d03522,247223571,2024-07-25 08:25:52-06:00,2024-07-25,-106.0788805,39.4210966667,3450.0,,3.3,25.6,,8.0,,1020.6,Amanita muscaria,"White River National Forest, Breckenridge, CO, US",1
2b28bbdd-e7da-411e-be37-fc15c1e723e9,246970576,2024-07-27 15:27:23-06:00,2024-07-27,-106.2873479722,38.870507,3146.0,,3.5,21.9,3.9,9.6,,1014.4,Amanita muscaria,"Buena Vista, CO 81211, USA",2
04d68e38-8a5b-43f4-b537-7dd27ebb868f,246546889,2024-09-29 12:03:00-06:00,2024-09-29,-105.623645,40.0889783333,3494.0,,2.2,22.5,0.0,5.6,,1029.2,Amanita muscaria,"Boulder County, CO, USA",1
1ff1fd15-7200-48ae-ae8f-55a272272880,244633324,2024-09-15 12:41:37-06:00,2024-09-15,-106.8681416667,39.0857861667,2869.0,,6.1,19.4,,13.3,,1014.5,Amanita muscaria,"White River National Forest, Aspen, CO, US",2
0bf0afff-8af3-4f11-bda6-96a36fe638d3,244431118,2024-09-17 10:20:16-06:00,2024-09-17,-105.455448,39.6816419722,2718.0,,-1.8,10.0,4.6,16.1,,1012.4,Amanita muscaria,"Clear Creek County, US-CO, US",1
c9c3d599-2d5c-4a02-a82a-f51fc7036cea,244431076,2024-09-17 10:10:45-06:00,2024-09-17,-105.456986,39.6808139722,2760.0,,-1.8,10.0,4.6,16.1,,1012.4,Amanita muscaria,"Clear Creek County, US-CO, US",1
7880f545-fd09-4e61-881f-aa5f5d70355a,244429903,2024-09-13 15:41:48-06:00,2024-09-13,-107.954002,39.0597899722,3382.0,,11.7,26.9,0.0,13.2,,1010.4,Amanita muscaria,"Mesa County, US-CO, US",1
fcf7e6bb-b04c-4988-932d-5434219f7669,244429873,2024-09-13 15:35:27-06:00,2024-09-13,-107.956411,39.0598519722,3354.0,,11.7,26.9,0.0,13.2,,1010.4,Amanita muscaria,"Mesa County, US-CO, US",1
f5ec5ce3-eeb7-479a-849f-b4ee56c757f9,244429836,2024-09-13 15:13:50-06:00,2024-09-13,-107.964965,39.059767,3377.0,,11.7,26.9,0.0,13.2,,1010.4,Amanita muscaria,"Cedaredge, CO 81413, USA",1
fba85852-71ca-4c60-a5df-80378a35c9a0,244429513,2024-09-12 12:24:28-06:00,2024-09-12,-107.232466,39.972624,3003.0,,5.6,27.2,0.0,16.9,,1004.4,Amanita muscaria,"Garfield County, US-CO, US",1
455d7d67-c933-4d66-92e4-c3e9faba9a3b,244429268,2024-09-11 13:29:27-06:00,2024-09-11,-107.288026,39.991894,2871.0,,,,,,,,Amanita muscaria,"Garfield County, US-CO, US",1
f7a9c0f1-1944-4be3-9013-02d8c2864386,244429237,2024-09-11 12:19:05-06:00,2024-09-11,-107.2791809722,39.9836179722,3051.0,,7.8,25.0,0.3,8.6,,1009.6,Amanita muscaria,"Garfield County, US-CO, US",1
8e66d52a-7890-4dcd-ac6e-9b26436ddbfa,244429207,2024-09-11 12:13:03-06:00,2024-09-11,-107.2796469722,39.9835319722,3051.0,,7.8,25.0,0.3,8.6,,1009.6,Amanita muscaria,"Garfield County, US-CO, US",1
8c2809c3-a008-418a-b041-1ad681311b20,244429115,2024-09-11 11:22:50-06:00,2024-09-11,-107.2903259722,39.979984,2899.0,,7.8,25.0,0.3,8.6,,1009.6,Amanita muscaria,"Garfield County, US-CO, US",1
9a307485-25be-4ea7-bdc8-39215682d264,244428981,2024-09-11 10:56:23-06:00,2024-09-11,-107.2899749722,39.9857999722,2870.0,,7.8,25.0,0.3,8.6,,1009.6,Amanita muscaria,"Garfield County, US-CO, US",1
00c34ce9-c9a4-4d03-a8b9-2188728a9936,244428616,2024-09-11 09:26:36-06:00,2024-09-11,-107.2836,39.997861,2823.0,,,,,,,,Amanita muscaria,"Garfield County, US-CO, US",1
041c8ad1-e225-4315-8986-5f2080165407,244428446,2024-09-10 15:16:20-06:00,2024-09-10,-107.3442019722,40.0423649722,3096.0,,6.1,26.1,0.0,9.1,,1015.6,Amanita muscaria,"Rio Blanco County, US-CO, US",1
d6e7a157-736b-40ed-9c9b-e8132ed910ec,244428297,2024-09-10 13:55:34-06:00,2024-09-10,-107.3604639722,40.0396569722,3041.0,,6.1,26.1,0.0,9.1,,1015.6,Amanita muscaria,"Rio Blanco County, US-CO, US",1
f9b369ca-65bd-49f9-8775-117782dfaac9,244428249,2024-09-10 12:41:39-06:00,2024-09-10,-107.340782,40.024889,3120.0,,6.1,26.1,0.0,9.1,,1015.6,Amanita muscaria,"Rio Blanco County, US-CO, US",1
867c6e32-81cb-43ef-bbbe-42f8bcc9304d,244428243,2024-09-10 12:39:14-06:00,2024-09-10,-107.3405649722,40.024897,3120.0,,6.1,26.1,0.0,9.1,,1015.6,Amanita muscaria,"Rio Blanco County, US-CO, US",1
ee9a024f-927b-4e0c-b801-cc1b48e78921,244427739,2024-09-10 10:35:05-06:00,2024-09-10,-107.326554,40.045338,2800.0,,6.1,26.1,0.0,9.1,,1015.6,Amanita muscaria,"Rio Blanco County, US-CO, US",1
c389fe54-960d-461f-ad63-1413635e690a,244387408,2021-09-05 11:26:20-06:00,2021-09-05,-106.2133783333,39.5319966667,3267.0,,7.0,16.0,0.0,14.0,,1039.4,Amanita muscaria,"Avon, CO, US",1
6a48ca59-bc4c-4d78-b5f5-ba20d2f5ca22,243824216,2024-09-05 15:28:07-06:00,2024-09-05,-105.4311369993,39.5657711004,2941.0,,-2.7,7.1,3.6,11.7,,1032.4,Amanita muscaria,"Colorado, US",1
f716c6ee-ea69-4acc-913a-732959572518,243486467,2024-09-22 14:32:53-06:00,2024-09-22,-105.815445,39.6000133333,3308.0,,-4.0,5.2,3.0,8.5,,1021.2,Amanita muscaria,"White River National Forest, Dillon, CO, US",1
19271952-0293-43d4-b055-87faeca8cf25,243451670,2024-09-21 12:29:29-06:00,2024-09-21,-106.5689146891,39.5609144459,2628.0,,2.8,22.8,11.3,7.6,,1011.0,Amanita muscaria,"Edwards, CO 81632, USA",1
e0ff7762-9dfa-466d-a68f-633a2780a3a5,243451576,2024-09-21 10:19:11-06:00,2024-09-21,-106.5692191198,39.5702982013,2588.0,,2.8,22.8,11.3,7.6,,1011.0,Amanita muscaria,"Eagle County, US-CO, US",1
b9b46f37-8677-41e8-b068-63d6df20dcb6,243451401,2024-09-21 09:49:48-06:00,2024-09-21,-106.5714178607,39.5695257035,2612.0,,2.8,22.8,11.3,7.6,,1011.0,Amanita muscaria,"Edwards, CO 81632, USA",1
fa9c8229-a463-46c9-b236-ee929d9e0b65,242933888,2024-09-19 11:02:59-06:00,2024-09-19,-107.7091133333,37.724505,3331.0,,6.0,21.0,0.0,7.4,,1025.8,Amanita muscaria,"San Juan National Forest - Headquarters, Durango, CO, US",1
bcdb1c11-909a-4d8f-a6e0-8f66250ec19c,242473427,2024-09-13 14:55:27-06:00,2024-09-13,-107.0922108,38.9084227,3467.0,,2.8,21.7,0.0,10.0,,1010.4,Amanita muscaria,"Crested Butte, CO 81224, USA",2
bd4fd66b-c5c7-48a5-bcb6-f8105d464719,242473311,2024-09-06 10:22:53-06:00,2024-09-06,-105.8493222222,40.4130638889,2778.0,,0.5,22.0,0.0,3.8,,1035.4,Amanita muscaria,"Grand Lake, CO 80447, USA",1
d3045395-5fa6-4840-bf02-0e9d3e792f5b,242226117,2024-09-14 13:20:56-06:00,2024-09-14,-105.8492966667,40.4109383333,2782.0,,0.2,21.9,0.0,6.1,,1025.8,Amanita muscaria,"Rocky Mountain National Park, Grand Lake, CO, US",2
167bcefe-7032-461e-b5a0-cb6e42d0106c,242196316,2024-08-27 10:47:00-06:00,2024-08-27,-106.76272075,37.1748453217,2956.0,,1.6,14.8,,9.2,,,Amanita muscaria,"Archuleta County, CO, USA",1
7b72cd5f-81bf-4a7c-922a-a9339e797045,242022043,2024-09-15 10:58:15-06:00,2024-09-15,-106.4258517149,39.4682869437,3501.0,,0.0,16.1,,8.7,,1016.1,Amanita muscaria,"White River National Forest, Red Cliff, CO, US",2
bd8f5929-f5a4-4abe-874c-d1bd9f5af267,241965455,2024-09-11 08:42:41-06:00,2024-09-11,-107.96263,39.0398721667,3094.0,,13.0,29.4,0.0,10.9,,1007.3,Amanita muscaria,"Grand Mesa Uncompahgre and Gunnison National Forests, Cedaredge, CO, US",1
48708e65-cff8-457d-8757-464984655f72,241791529,2024-09-14 11:21:15-06:00,2024-09-14,-107.994978952,39.0072511088,2929.0,,11.4,30.4,0.0,9.7,,1012.3,Amanita muscaria,"Grand Mesa Uncompahgre and Gunnison National Forests, Cedaredge, CO, US",1
3787cc5f-d089-43b2-b32c-51c4063a094f,241696071,2024-09-14 12:20:35-06:00,2024-09-14,-105.9649616931,39.9728665866,2802.0,,0.2,21.9,0.0,6.1,,1025.8,Amanita muscaria,"Grand Lake, CO 80447, USA",2
a694234b-de22-4894-97c8-05d00ae6053c,241683256,2024-08-29 13:14:19-06:00,2024-08-29,-105.5043116667,39.2836633333,3046.0,,,,,,,,Amanita muscaria,"Pike and San Isabel National Forests, Hartsel, CO, US",1
3222396c-29ab-40df-b6cb-a53710b67c4e,241539413,2024-09-13 10:25:41-06:00,2024-09-13,-106.2872,39.6898033333,3433.0,,8.0,15.0,0.0,15.5,,1030.2,Amanita muscaria,"White River National Forest, Avon, CO, US",1
0c8a274f-7bc6-4748-acb0-0a6f021b828d,241412584,2024-09-07 12:17:17-06:00,2024-09-07,-105.0549916667,39.2076833333,2734.0,,8.4,26.9,0.0,11.8,,1018.6,Amanita muscaria,"Pike and San Isabel National Forests, Sedalia, CO, US",1
29a049f4-3175-4e43-b334-5f3636b3e865,241409854,2024-09-07 09:47:34-06:00,2024-09-07,-105.056625,39.2121,2740.0,,8.4,26.9,0.0,11.8,,1018.6,Amanita muscaria,"Pike and San Isabel National Forests, Sedalia, CO, US",1
d62ff6e8-dba5-4d8a-acd9-5c85b549f1e8,241409078,2024-09-05 14:13:11-06:00,2024-09-05,-105.0698861667,39.220805,2722.0,,10.5,19.4,,14.9,,1027.0,Amanita muscaria,"Pike and San Isabel National Forests, Sedalia, CO, US",1
0976251e-062e-48b8-a171-0511994e188d,241049596,2024-09-09 14:03:15-06:00,2024-09-09,-105.7904366667,40.23825,2606.0,,1.4,21.9,0.1,6.6,,1029.9,Amanita muscaria,"Rocky Mountain National Park, Grand Lake, CO, US",1
7df47a2c-2dab-4e00-9793-326c68e164bb,240932976,2024-09-09 10:29:00-06:00,2024-09-09,-105.6340166361,40.3095467173,2780.0,,1.4,21.9,0.1,6.6,,1029.9,Amanita muscaria,"Larimer County, CO, USA",1
91bb5e3a-7010-4d87-8820-f643b107c487,240629808,2024-09-05 17:58:52-06:00,2024-09-05,-106.8206747902,36.1074741371,3165.0,,,,,,,,Amanita muscaria,"Rio Arriba County, US-NM, US",2
1ed31581-3d5b-4dcb-9213-a6fcbec251b0,240489521,2024-09-07 12:33:14-06:00,2024-09-07,-105.1764248125,39.100025135,2560.0,,1.8,16.3,1.4,8.9,,1022.6,Amanita muscaria,"Colorado, US",1
7d8a3683-5055-4597-b1ea-de8d89d88d1d,240489309,2024-09-07 12:19:20-06:00,2024-09-07,-105.0662006046,39.099152707,2649.0,,8.4,26.9,0.0,11.8,,1018.6,Amanita muscaria,"Colorado, US",1
ec4aaee3-d4ba-4bad-9245-b5ea3c4ce5d1,240473906,2024-09-07 10:27:14-06:00,2024-09-07,-105.0632527778,39.2183,2701.0,,8.4,26.9,0.0,11.8,,1018.6,Amanita muscaria,"Sedalia, CO 80135, USA",1
bb08998a-b886-4b83-8ae4-58daaf7a5684,240329006,2024-09-05 16:23:50-06:00,2024-09-05,-108.0784305,38.2752083333,2945.0,,11.1,26.1,0.0,12.2,,1022.2,Amanita muscaria,"Grand Mesa Uncompahgre and Gunnison National Forests, Montrose, CO, US",1
ac920598-2881-4d44-9530-242ab1b731dc,240183980,2024-09-05 14:22:30-06:00,2024-09-05,-105.7738829722,39.832464,3294.0,,-2.7,7.1,3.6,11.7,,1032.4,Amanita muscaria,"Winter Park, CO 80482, USA",1
64f81490-6825-44ed-aefa-dd8175cec5b6,240183771,2024-09-05 13:52:11-06:00,2024-09-05,-105.773156,39.8332499722,3294.0,,-2.7,7.1,3.6,11.7,,1032.4,Amanita muscaria,"Winter Park, CO 80482, USA",1
f1c60215-049f-445b-a1e4-b303732b0190,240183743,2024-09-05 13:35:45-06:00,2024-09-05,-105.7719969722,39.831766,3264.0,,-2.7,7.1,3.6,11.7,,1032.4,Amanita muscaria,"Winter Park, CO 80482, USA",1
a518e013-c736-4efc-b402-5d66df32a32f,240183358,2024-09-05 11:31:56-06:00,2024-09-05,-105.7855289722,39.8130939722,3441.0,,-2.7,7.1,3.6,11.7,,1032.4,Amanita muscaria,"Winter Park, CO 80482, USA",1
210aec54-edfb-4993-b67a-48314e197343,240183345,2024-09-05 11:22:56-06:00,2024-09-05,-105.7863899722,39.8126049722,3441.0,,-2.7,7.1,3.6,11.7,,1032.4,Amanita muscaria,"Winter Park, CO 80482, USA",1
5dfac30b-fa0b-4c71-bff9-2cfc0e858678,240028412,2024-09-05 14:24:52-06:00,2024-09-05,-105.9749908447,39.9610290527,3073.0,,3.5,18.0,0.4,5.4,,1036.6,Amanita muscaria,Winter Park,1
9a7285d5-d02b-41a1-b770-f918ba671e37,239914929,2024-07-20 11:45:07-06:00,2024-07-20,-104.9376280233,38.7398389906,3035.0,,14.0,26.0,5.0,14.2,,1028.6,Amanita muscaria,"Colorado Springs, CO 80906, USA",3
77b89ea3-67f3-433c-a855-69f002919d02,239913264,2024-07-20 11:09:15-06:00,2024-07-20,-104.9379998446,38.7369999397,2986.0,,14.0,26.0,5.0,14.2,,1028.6,Amanita muscaria,"Colorado Springs, CO 80906, USA",3
8125a83d-6657-4dfd-b427-8b10c2c88643,239910095,2024-09-02 14:29:00-06:00,2024-09-02,-105.4300247997,36.5534722,3407.0,,-0.5,20.6,,6.5,,,Amanita muscaria,"Taos Ski Valley, NM 87525, USA",2
89755941-da90-4974-89d9-7ea190078ee3,239702983,2024-09-03 09:00:09-06:00,2024-09-03,-105.703962,39.663189,3040.0,,8.0,18.0,,10.2,,,Amanita muscaria,"Clear Creek County, US-CO, US",1
4ec33303-8891-4f5c-94a2-5244964b136c,239534054,2024-06-26 11:46:10-06:00,2024-06-26,-106.0002894979,39.4861742969,3088.0,,12.0,23.0,1.7,12.5,,1039.3,Amanita muscaria,"White River National Forest, Breckenridge, CO, US",1
b130de30-d203-4f87-8f13-977c75c203d9,239477127,2024-09-01 19:11:13-06:00,2024-09-01,-106.66327,40.4797883333,3117.0,,7.5,28.2,,4.7,,,Amanita muscaria,"Wyoming Trail, Walden, CO, US",3
2c2fc494-2cfd-43d0-8876-9ec31a937044,239440344,2024-09-02 11:59:09-06:00,2024-09-02,-105.0611190796,38.8711853027,3501.0,,6.2,28.5,,14.5,,1019.3,Amanita muscaria,"Teller County, US-CO, US",1
aa345c6f-16f1-4ce9-afa3-b84363473973,239434029,2024-09-01 18:06:12-06:00,2024-09-01,-105.6030283333,40.0689805,3251.0,,,,,7.5,,,Amanita muscaria,"Jean Lunning Trail, Ward, CO, US",1
bbc20376-038e-41ab-9fad-dc6b55de9f9b,239395376,2024-09-01 17:06:00-06:00,2024-09-01,-105.6030316667,40.0689933333,3251.0,,,,,7.5,,,Amanita muscaria,"Boulder County, CO, USA",1
e2c5f2b2-830c-4bc4-aadc-44ceafe83e07,239314289,2024-09-01 14:30:00-06:00,2024-09-01,-105.516015,40.126525,2705.0,,13.0,31.0,,5.1,,,Amanita muscaria,"Boulder County, CO, USA",1
930a1095-ad99-42ef-90ef-5549edf07e92,239007160,2024-07-22 12:56:59-06:00,2024-07-22,-105.8602916667,40.3527277778,2698.0,,2.9,21.1,0.3,4.3,,1031.3,Amanita muscaria,"Grand Lake, CO 80447, USA",2
5ebbbc25-1835-4ca2-84d2-bc12cd5e94e0,238885267,2024-07-25 10:17:13-06:00,2024-07-25,-105.8491660282,40.4309313308,2839.0,,4.2,28.8,0.0,5.7,,1033.1,Amanita muscaria,"Estes Park, CO 80517, USA",2
fa19166a-4df2-461c-bbf2-7473aa0cd530,238876798,2024-08-30 18:17:36-06:00,2024-08-30,-104.8807603308,38.7768454291,2128.0,,14.5,25.9,,11.5,,1022.7,Amanita muscaria,"Pike and San Isabel National Forests, Colorado Springs, CO, US",1
5d209381-7048-404a-af48-ae1d2b68814c,238860010,2024-08-30 12:56:17-06:00,2024-08-30,-105.5229027942,39.627483563,2866.0,,,,,,,,Amanita muscaria,"Clear Creek County, US-CO, US",1
88bdb0ff-4816-4d52-81b7-45d900c88826,238859904,2024-08-30 12:53:28-06:00,2024-08-30,-105.5236447603,39.6276390186,2901.0,,,,,,,,Amanita muscaria,"Clear Creek County, US-CO, US",1
bc80d804-da00-477e-b58e-fbc01f1a3add,238764854,2024-08-28 10:11:31-06:00,2024-08-28,-105.1040200447,38.8771273962,3165.0,,11.6,30.7,,13.2,,1012.3,Amanita muscaria,"Pike and San Isabel National Forests, Woodland Park, CO, US",1
9dee7219-0a79-4599-934e-97b36901bcd7,238712103,2024-08-24 13:51:58-06:00,2024-08-24,-106.1860796756,38.6587704157,2981.0,,4.5,18.4,0.8,12.8,,1020.6,Amanita muscaria,"Chaffee County, US-CO, US",1
5c9601c5-6acf-4782-a193-c59737d2e069,238710700,2024-08-27 13:38:02-06:00,2024-08-27,-106.5254583333,39.59035,2659.0,,0.7,18.0,,9.8,,,Amanita muscaria,"Beaver Creek Resort, Edwards, CO, US",1
53c19bfe-855d-4ea1-b2f0-469c35fa91ef,238701280,2024-08-29 17:39:47-06:00,2024-08-29,-104.9949740123,38.9783142109,2788.0,,17.5,28.1,,14.3,,1012.9,Amanita muscaria,"Colorado, US",1
151998ad-3ff6-476e-807d-782279420af9,238695777,2024-08-27 09:20:44-06:00,2024-08-27,-105.4875033333,40.7338783333,2265.0,,,,,,,,Amanita muscaria,"Livermore, Red Feather Lakes, CO, US",1
f91811be-45ac-48b0-80b6-b352e0120d41,238681380,2024-07-29 11:27:18-06:00,2024-07-29,-107.1420055,39.27343,3114.0,,8.3,27.8,0.0,11.8,,1013.0,Amanita muscaria,"White River National Forest, Carbondale, CO, US",1
34bcda70-c9d3-4ead-afb1-990e47fcbd44,238644955,2024-08-28 11:48:53-06:00,2024-08-28,-105.7730719997,39.8298801997,3254.0,,,,,8.5,,,Amanita muscaria,"Winter Park, CO 80482, USA",1
be14fd7e-c716-41ef-a0fd-15ebf5d2bda9,238518292,2024-08-28 19:00:19-06:00,2024-08-28,-105.52166529,40.3772010503,2308.0,,12.2,35.1,,5.4,,,Amanita muscaria,"Estes Park, CO 80517, USA",1
7ec2c3c1-10e4-447f-ab2a-d0a1bd070c3d,238518049,2024-08-28 19:00:19-06:00,2024-08-28,-105.52166529,40.3772010503,2308.0,,12.2,35.1,,5.4,,,Amanita muscaria,"Estes Park, CO 80517, USA",1
02fe0331-f1c4-4ed3-b263-0345186bada7,238491288,2024-08-24 16:39:57-06:00,2024-08-24,-106.2053420997,39.6311906997,3282.0,,8.0,15.0,2.4,16.7,,1038.2,Amanita muscaria,"Silverthorne, CO 80498, USA",2
77c38376-4386-4924-bdd1-31db8fc98f8d,238424592,2024-08-26 14:50:00-06:00,2024-08-26,-105.4507111111,39.9586583333,2657.0,,15.0,27.0,1.2,3.5,,1018.3,Amanita muscaria,"Boulder County, CO, USA",1
c0e5c981-e97e-47c6-8a69-55349b12d0ca,238422224,2024-08-11 07:11:16-06:00,2024-08-11,-105.7877397,35.8001532997,3541.0,,18.9,31.1,,15.6,,1014.4,Amanita muscaria,"San Ildefonso Pueblo, NM 87506, USA",1
d92a5975-4350-42a3-84b6-01f836e46569,238419001,2024-08-13 20:20:04-06:00,2024-08-13,-106.3416550328,38.5278847138,3522.0,,5.0,11.0,6.1,31.0,,1040.0,Amanita muscaria,"Pike and San Isabel National Forests, Salida, CO, US",1
69a41f1e-fdaf-4903-889f-6955c7d47419,238368216,2024-08-25 16:20:00-06:00,2024-08-25,-104.940456748,38.7877991605,2761.0,,15.7,27.8,0.0,17.1,,1016.2,Amanita muscaria,"Manitou Springs, CO 80829, USA",2
67cf259c-fc1b-406c-85c6-8472dc0bb528,238098574,2024-08-25 13:02:52-06:00,2024-08-25,-105.5081969127,39.68192432,3285.0,,1.5,12.8,5.8,10.8,,1025.0,Amanita muscaria,"Idaho Springs, CO 80452, USA",1
f01df928-168c-4a2d-a16f-6fb79e1aa522,238091444,2024-08-25 08:09:00-06:00,2024-08-25,-106.3129366667,38.893025,3524.0,,3.8,18.3,9.8,10.3,,1023.3,Amanita muscaria,"Pike and San Isabel National Forests, Granite, CO, US",1
275002c4-aed7-4bdc-9d96-0cceb1204318,238059258,2024-08-25 13:34:31-06:00,2024-08-25,-105.4515139022,38.0398817299,2464.0,,,,,,,,Amanita muscaria,"Colorado, US",1
7a45909e-c907-4bf7-a6c5-2be9290c57ba,238001868,2024-08-21 09:35:11-06:00,2024-08-21,-105.9911838049,40.5225137107,3134.0,,9.8,25.6,0.1,13.3,,1018.8,Amanita muscaria,"Colorado, US",1
70e0a70f-4dd4-437b-b1a4-3bb55c7bc42e,238000879,2024-08-22 15:29:01-06:00,2024-08-22,-105.880775,40.3658416667,2826.0,,9.6,22.1,3.7,4.4,,1030.1,Amanita muscaria,"Baker Gulch, Grand Lake, CO, US",1
3d2d28f9-313c-4e8f-99e8-c8c1f8dd0f18,237997599,2021-08-13 11:49:12-06:00,2021-08-13,-105.7604833333,39.8757216667,2895.0,,7.7,27.3,0.0,6.7,,1032.1,Amanita muscaria,"Winter Park Resort, Winter Park, CO, US",1
f83de08d-cff3-4340-af6d-119424350954,237972568,2024-08-24 13:45:05-06:00,2024-08-24,-105.545713122,39.6094878469,2795.0,,2.9,14.4,4.3,14.6,,1021.5,Amanita muscaria,"Mount Evans Wilderness, Evergreen, CO, US",1
3799c7c7-d0a7-4b88-a697-17f3e8aaf159,237967990,2024-08-24 12:31:48-06:00,2024-08-24,-105.5345,39.611145,2735.0,,2.9,14.4,4.3,14.6,,1021.5,Amanita muscaria,"Mount Evans Wilderness, Evergreen, CO, US",1
25e1fcc6-799f-4347-9b26-65869f4376fa,237962606,2024-08-25 13:15:07-06:00,2024-08-25,-105.49893,39.679775,3406.0,,1.5,12.8,5.8,10.8,,1025.0,Amanita muscaria,"Fire Tower Trail, Idaho Springs, CO, US",1
7b53d3cf-fc4c-4ed7-a17a-486981bbc428,237953450,2024-08-25 12:53:46-06:00,2024-08-25,-106.6926283333,40.3707383333,3025.0,,9.1,20.5,1.7,6.7,,1020.0,Amanita muscaria,"Steamboat Springs, CO, US",1
d3ba8c6d-5bb5-4532-bb1a-c75c41e6b7be,237924944,2024-08-24 15:06:33-06:00,2024-08-24,-105.6624216667,39.5153883333,3239.0,,2.9,14.4,4.3,14.6,,1021.5,Amanita muscaria,"Park County, US-CO, US",1
30f1deb0-0b4b-4630-b961-14138374b456,237918490,2024-08-25 11:49:05-06:00,2024-08-25,-108.0567083333,37.406445,2887.0,,11.7,25.6,,11.4,,1021.7,Amanita muscaria,"San Juan National Forest - Headquarters, Hesperus, CO, US",1
91b030ef-05a5-4dc9-aa11-376114e4560d,237785800,2024-08-24 09:55:31-06:00,2024-08-24,-105.53167,40.1315333333,2717.0,,16.0,30.0,0.2,5.8,,1020.1,Amanita muscaria,"Buchanan Pass Trail, Lyons, CO, US",1
c82423f1-ab6f-4d12-bb8b-07155c6df332,237779769,2024-08-24 15:36:42-06:00,2024-08-24,-105.494043,40.1005899722,2736.0,,16.0,30.0,0.2,5.8,,1020.1,Amanita muscaria,"Ward, CO 80481, USA",1
25482d44-374a-47f0-8791-083cffd9129d,237727823,2024-08-24 09:03:35-06:00,2024-08-24,-106.53597665,39.12612119,3401.0,,7.8,17.2,1.6,10.7,,1015.8,Amanita muscaria,"Lake County, US-CO, US",1
5395a13f-b392-4344-a6f5-08fd0d5e05dd,237711501,2024-08-24 09:19:21-06:00,2024-08-24,-105.095758,38.869196,3455.0,,16.9,28.0,0.0,16.7,,1023.6,Amanita muscaria,"Divide, CO 80814, USA",1
d07eb492-62b6-49b3-ac11-25e5dad11200,237709688,2024-08-23 08:46:00-06:00,2024-08-23,-105.6596107683,39.6772113389,2950.0,,0.9,13.4,5.4,11.9,,1020.3,Amanita muscaria,"Clear Creek County, CO, USA",1
c1b81b49-b2b6-449d-bd61-4b5186f38608,237558680,2024-08-23 13:26:24-06:00,2024-08-23,-105.8763510312,40.493264639,3275.0,,8.9,22.7,0.0,12.8,,1017.1,Amanita muscaria,"State Forest State Park, Walden, CO, US",1
14ef1134-bfe0-49a0-b399-b6b5c774502c,237479172,2024-08-20 09:00:17-06:00,2024-08-20,-105.1512305,37.2949416667,3598.0,,11.0,23.0,0.3,15.7,,1041.4,Amanita muscaria,"Pike and San Isabel National Forests, La Veta, CO, US",1
8114ef34-b6a2-4142-850d-00ca8a1d830a,237371642,2024-08-13 17:37:54-06:00,2024-08-13,-107.8561060857,37.8870233538,3349.0,,10.0,18.0,15.2,7.5,,1031.3,Amanita muscaria,"San Miguel County, US-CO, US",1
1260db95-442f-44ba-b723-8bb3ca25f067,237283106,2024-08-21 11:12:13-06:00,2024-08-21,-105.5746383333,40.0464278333,3334.0,,7.1,24.8,1.4,5.2,,1031.9,Amanita muscaria,"Nederland, CO, US",1
6f92cc28-7e14-4094-9564-caf0e4aad699,237225713,2024-08-04 07:38:08-06:00,2024-08-04,-107.9725972222,37.4489777778,3056.0,,16.1,33.3,,9.5,,1015.3,Amanita muscaria,"Durango, CO 81301, USA",1
6556a5ea-31ae-426f-99d2-51c85f01cc3a,237159274,2024-08-21 12:15:26-06:00,2024-08-21,-105.4084383333,39.5182,2750.0,,2.7,14.6,4.9,12.3,,1022.8,Amanita muscaria,"Staunton State Park, Pine, CO, US",1
e439cc8c-b57b-46a7-8944-44e391b95b5b,237139026,2024-08-21 11:12:08-06:00,2024-08-21,-105.5746616667,40.0464583333,3334.0,,7.1,24.8,1.4,5.2,,1031.9,Amanita muscaria,"Nederland, CO, US",1
4c81600f-25cf-43ab-bb1c-70a8d5efdf12,236945420,2024-08-20 11:21:31-06:00,2024-08-20,-105.8585281372,39.5670623779,3227.0,,3.8,16.4,2.2,11.1,,1024.8,Amanita muscaria,Dillon,1
709a7067-b9d1-46bb-ae6e-f3eda7659cb2,236809479,2024-08-18 14:01:23-06:00,2024-08-18,-106.4867305556,39.4039861111,3335.0,,7.2,23.3,,11.2,,1017.2,Amanita muscaria,"Gilman, CO 81645, USA",1
e871875b-b18b-4228-8fd2-748aa856b377,236649251,2024-08-17 23:07:51-06:00,2024-08-17,-105.4094809193,39.6690588991,2908.0,,2.2,17.0,0.1,11.0,,1021.7,Amanita muscaria,"Colorado, US",1
9714e02f-f570-4de6-aa3b-db591dd192b9,236638570,2024-08-17 11:32:12-06:00,2024-08-17,-106.1519699097,39.5947799683,3354.0,,12.0,20.0,0.5,14.1,,1041.9,Amanita muscaria,"Summit County, US-CO, US",1
c1624731-9921-4227-8cdf-c7e3dac10cc6,236570485,2024-08-18 10:31:36-06:00,2024-08-18,-105.78263,39.8103966667,3362.0,,2.9,16.1,4.5,12.6,,1024.2,Amanita muscaria,"Grand County, US-CO, US",1
515fe060-5eea-4817-a397-10b68a44ccf9,236513728,2024-07-28 16:42:27-06:00,2024-07-28,-107.288933,37.501947,2826.0,,11.0,29.0,0.0,12.6,,1024.6,Amanita muscaria,"Hinsdale County, US-CO, US",2
3384693f-45fc-4f25-ad05-33b30e8ce607,236436212,2024-08-17 15:16:41-06:00,2024-08-17,-106.0589,39.9042883333,2724.0,,12.0,20.0,0.5,14.1,,1041.9,Amanita muscaria,"County Highway 32, Parshall, CO, US",1
b65125ec-3deb-458f-b5eb-73f21fb1fecf,236409179,2024-08-17 10:10:44-06:00,2024-08-17,-106.2146,39.5306883333,3239.0,,12.0,20.0,0.5,14.1,,1041.9,Amanita muscaria,"White River National Forest, Silverthorne, CO, US",1
23677487-5ef8-46f5-bfae-a8d97c648e53,236406606,2024-08-17 11:22:36-06:00,2024-08-17,-105.9823022187,40.4465997677,2949.0,,4.2,26.6,0.0,7.5,,1031.6,Amanita muscaria,"Larimer County, US-CO, US",1
aa03e18d-66cb-4ae1-bc39-20dcf0b31a05,236397233,2024-08-17 14:59:13-06:00,2024-08-17,-106.2131283333,39.5321966667,3267.0,,12.0,20.0,0.5,14.1,,1041.9,Amanita muscaria,"White River National Forest, Avon, CO, US",1
ee0968d6-e244-4866-8563-875694a5c1e9,236329156,2024-08-17 07:21:58-06:00,2024-08-17,-105.0951528333,38.868575,3446.0,,16.5,32.0,0.0,9.8,,1025.0,Amanita muscaria,"Pike and San Isabel National Forests, Woodland Park, CO, US",1
ef35ca8f-98cf-4fb9-b29e-5e0ffe16b163,236325566,2024-08-17 11:41:42-06:00,2024-08-17,-106.3704466448,39.6060524416,3342.0,,12.0,20.0,0.5,14.1,,1041.9,Amanita muscaria,"White River National Forest, Minturn, CO, US",1
b714b903-a475-4fec-92b9-2ef87774e0da,236205462,2024-08-16 09:48:20-06:00,2024-08-16,-106.4726484152,39.2912746681,3238.0,,4.4,23.9,0.0,11.3,,1015.2,Amanita muscaria,"Pike and San Isabel National Forests, Leadville, CO, US",1
22326b05-f444-478c-95b7-2c3846ce1ae9,236185151,2024-08-08 10:55:00-06:00,2024-08-08,-105.806170351,39.4826881251,3002.0,,3.2,15.2,3.7,11.3,,1020.9,Amanita muscaria,"Park County, CO, USA",1
87d25732-06c7-420a-9ee6-03b521a68f21,236139624,2024-08-08 12:32:16-06:00,2024-08-08,-106.4048925997,39.3293839,3358.0,,5.0,23.9,0.0,11.4,,1016.0,Amanita muscaria,"Leadville, CO 80461, USA",1
6aaf0ae5-5ec1-4bea-86d2-a07675623c48,236134135,2024-08-16 11:30:46-06:00,2024-08-16,-107.82557,37.855555,2981.0,,12.0,25.0,0.0,11.9,,1033.2,Amanita muscaria,"San Miguel County, US-CO, US",1
fead7818-6da5-47b9-94d0-d500692d4043,236025096,2024-08-13 08:07:54-06:00,2024-08-13,-106.2129616667,39.532255,3267.0,,8.0,15.0,9.1,11.4,,1036.9,Amanita muscaria,"White River National Forest, Avon, CO, US",1
b831cec6-6733-4245-942e-54ee05872c74,236020950,2024-08-11 11:46:01-06:00,2024-08-11,-106.6505283333,39.42345,2873.0,,8.3,24.4,,11.5,,1017.6,Amanita muscaria,"White River National Forest, Eagle, CO, US",1
ad28b47c-5daa-48ec-9cbf-946b32e62897,236017342,2024-08-15 12:20:45-06:00,2024-08-15,-106.4808366667,39.2427416667,3536.0,,2.2,21.1,,8.7,,1016.8,Amanita muscaria,"Pike and San Isabel National Forests, Twin Lakes, CO, US",1
a9adcb61-f39c-455c-add4-a71e67f4f7e3,236004451,2024-08-15 12:04:29-06:00,2024-08-15,-105.85157,40.407895,2761.0,,4.1,22.5,0.4,4.1,,1030.4,Amanita muscaria,"Rocky Mountain National Park, Grand Lake, CO, US",1
07a51e39-56fc-4af8-b3ac-57d7f1e36476,235962016,2024-08-14 14:46:30-06:00,2024-08-14,-107.8288394186,37.8545474549,2973.0,,9.0,20.0,0.1,7.9,,1032.4,Amanita muscaria,"Grand Mesa Uncompahgre and Gunnison National Forests, Ophir, CO, US",1
6f7afa37-cca5-48e3-9096-e7ce0cc685ae,235920840,2024-08-14 14:20:00-06:00,2024-08-14,-105.935972,39.4215104,3388.0,,6.1,18.9,,14.5,,1015.3,Amanita muscaria,"Park County, CO, USA",1
66da8dcd-0ce1-4ef8-bff6-ee00ff4eccb7,235910224,2024-08-14 09:50:00-06:00,2024-08-14,-105.923084,39.4219366,3307.0,,6.1,18.9,,14.5,,1015.3,Amanita muscaria,"Park County, CO, USA",1
230a6520-4ef4-4643-bb84-ee02f0e4c713,235822190,2024-07-28 10:13:37-06:00,2024-07-28,-106.127728,39.6309249997,2940.0,,12.0,18.0,0.0,23.1,,1035.0,Amanita muscaria,"Silverthorne, CO 80498, USA",1
035d1589-ecc5-4637-87da-c29a706fc36c,235819760,2024-08-14 11:35:03-06:00,2024-08-14,-107.8654670343,37.7290938255,3474.0,,9.0,20.0,0.1,7.9,,1032.4,Amanita muscaria,"San Juan County, CO, USA",1
9c230ae8-d924-4156-ac6d-7124d050c53d,235809419,2024-08-09 12:09:21-06:00,2024-08-09,-105.6648466667,39.5158666667,3210.0,,2.3,12.3,2.3,11.5,,1022.6,Amanita muscaria,"Mount Evans Wilderness, Grant, CO, US",1
063bc7f5-72f4-4e9b-b795-6d718cf781b5,235738840,2024-08-13 09:59:18-06:00,2024-08-13,-106.8217436167,36.1202858804,3213.0,,,,,,,,Amanita muscaria,"Bosque Nacional De Santa Fe, Gallina, NM, US",1
29931fcd-42f1-4de9-bb5b-99e3ef49d245,235708864,2024-08-12 11:03:41-06:00,2024-08-12,-105.39257,36.2215366667,3341.0,,6.6,25.5,2.7,7.2,,1030.6,Amanita muscaria,"Carson National Forest, Chacon, NM, US",1
c3d9a95c-ff68-4eff-b50f-91f2d9f876f5,235681579,2024-08-13 11:26:14-06:00,2024-08-13,-106.1164629087,39.0682193963,3052.0,,8.3,18.3,6.9,8.8,,1013.9,Amanita muscaria,"Fairplay, CO 80440, USA",1
a71ff56b-93a3-473d-8e6c-46d2ab20feec,235681204,2024-08-12 11:50:35-06:00,2024-08-12,-106.1164629087,39.0682193963,3052.0,,6.7,21.1,0.0,9.5,,1015.2,Amanita muscaria,"Fairplay, CO 80440, USA",1
e800023c-8522-4370-9146-5598bdb37827,235638926,2024-08-11 12:31:31-06:00,2024-08-11,-105.8493078,40.4130408997,2778.0,,5.5,20.8,5.1,8.4,,1030.3,Amanita muscaria,"Grand Lake, CO 80447, USA",1
3481c9bb-3454-4690-b3f9-6016d809d92f,235636498,2024-07-31 15:56:00-06:00,2024-07-31,-106.4006636568,38.9926058846,3002.0,,3.9,26.1,0.0,10.8,,1013.6,Amanita muscaria,"Chaffee County, CO, USA",1
6d25de8e-9852-46ce-8b22-69188229735d,235628797,2024-08-13 16:46:03-06:00,2024-08-13,-107.8496413026,37.8856188656,3424.0,,10.0,18.0,15.2,7.5,,1031.3,Amanita muscaria,"Grand Mesa Uncompahgre and Gunnison National Forests, Telluride, CO, US",2
64330bfa-faa0-4024-89cb-439f9ab2a67a,235475884,2024-08-12 15:00:49-06:00,2024-08-12,-106.9772491455,38.9246025085,3104.0,,10.0,23.9,0.0,10.5,,1015.4,Amanita muscaria,Crested Butte,1
1730fe6d-7506-44d2-a9b5-97fcd343accf,235436118,2024-08-12 13:00:56-06:00,2024-08-12,-106.3656611111,38.6403416667,3378.0,,5.0,15.0,2.2,33.0,,1041.8,Amanita muscaria,"Nathrop, CO 81236, USA",1
c47ce3c2-e370-4e63-9f43-a7f7b22f6aea,235347040,2024-08-10 16:15:24-06:00,2024-08-10,-105.7571633333,35.815,3357.0,,17.2,28.3,,11.2,,1017.7,Amanita muscaria,"Santa Fe National Forest, Tererro, NM, US",1
88d25bce-2b6d-4dd3-ad2e-0e8994f966e6,235236484,2024-08-11 10:37:38-06:00,2024-08-11,-105.6264283333,39.53508,3332.0,,1.9,12.1,7.3,15.7,,1022.8,Amanita muscaria,"Mount Evans Wilderness, Bailey, CO, US",1
4ebb3712-dcb1-4789-8c75-efb25c93c8fb,235220791,2024-08-11 09:40:45-06:00,2024-08-11,-107.0509490833,38.9068603333,2885.0,,8.3,24.4,,11.5,,1017.6,Amanita muscaria,"Crested Butte, CO 81224, USA",1
8c5f2fc6-91f8-4b27-87eb-20599cc340fa,235219215,2024-08-11 10:48:21-06:00,2024-08-11,-106.105200313,39.2587503701,3428.0,,4.4,21.1,,10.4,,1018.1,Amanita muscaria,"Leadville, CO 80461, USA",1
054404b4-e5e1-4d5e-b20c-274fdd4207c4,235163706,2024-08-11 12:24:41-06:00,2024-08-11,-104.9478759001,38.8370137506,2785.0,,18.0,27.0,8.5,12.9,,1024.4,Amanita muscaria,"Pike and San Isabel National Forests, Manitou Springs, CO, US",1
93260596-2b61-4f22-bbb3-9e0bb2a00b59,235113133,2024-08-09 14:05:03-06:00,2024-08-09,-105.8095383333,39.4837533333,3043.0,,2.3,12.3,2.3,11.5,,1022.6,Amanita muscaria,"Pike and San Isabel National Forests, Grant, CO, US",2
ebb90230-334a-436e-a732-46dcc0d5ee82,235032715,2024-08-10 10:45:00-06:00,2024-08-10,-107.6721935997,37.9110907,3432.0,,11.0,21.0,15.5,5.6,,1034.2,Amanita muscaria,"Ridgway, CO 81432, USA",1
39894322-eb3f-4c0d-9625-6303e2a18ff8,234933606,2024-07-29 13:21:53-06:00,2024-07-29,-105.7653716667,39.56245,3080.0,,1.9,17.0,0.0,13.1,,1017.8,Amanita muscaria,"Pike and San Isabel National Forests, Grant, CO, US",1
9947f04c-4a7b-4891-aa78-58953e286958,234889223,2024-08-08 14:37:09-06:00,2024-08-08,-104.4310720914,36.9125908738,2063.0,,15.0,26.7,,17.2,,1015.9,Amanita muscaria,"I-25 N, Raton, NM, US",1
11cfbd34-e870-48d2-854c-988aafbf2141,234592806,2024-08-08 13:24:12-06:00,2024-08-08,-105.70736669,39.5161663646,3003.0,,3.2,15.2,3.7,11.3,,1020.9,Amanita muscaria,"Grant, CO 80448, USA",1
25a4ad4d-cff0-4c9a-8be0-ba46460c7868,234566907,2024-08-02 15:56:42-06:00,2024-08-02,-106.6100692011,35.8565024251,2499.0,,17.6,29.0,0.9,8.3,,1033.0,Amanita muscaria,"Sandoval County, US-NM, US",2
51effc63-9b0f-490f-bf67-2189fd86b52a,234566478,2024-08-08 13:03:03-06:00,2024-08-08,-106.9526549801,38.8980765515,3045.0,,7.2,27.2,,9.7,,1015.2,Amanita muscaria,"Crested Butte, CO 81225, USA",2
4d9e1506-f104-4aa3-8816-3c38943e5dae,234541025,2024-08-07 11:37:52-06:00,2024-08-07,-105.7863216667,35.8041616667,3314.0,,17.2,34.4,0.0,16.8,,1012.0,Amanita muscaria,"Santa Fe National Forest, Tererro, NM, US",1
c9504757-48e2-4b13-a6cf-0488df2661cb,234452988,2024-08-07 12:41:23-06:00,2024-08-07,-106.2084716667,39.6246033333,3088.0,,8.0,18.0,8.9,10.7,,1041.0,Amanita muscaria,"White River National Forest, Avon, CO, US",1
695a6a9a-4733-4a63-bc40-083dc8fb0067,234452966,2024-08-07 12:41:19-06:00,2024-08-07,-106.2201216667,39.6252533333,3044.0,,8.0,18.0,8.9,10.7,,1041.0,Amanita muscaria,"White River National Forest, Avon, CO, US",1
3cdd506b-ad5f-468e-a184-967f286be455,234448546,2021-08-24 14:31:33-06:00,2021-08-24,-107.9367336631,39.0666460828,3344.0,,15.2,33.4,0.0,6.2,,1021.0,Amanita muscaria,"Cedaredge, CO 81413, USA",1
1c31a40c-99e7-492f-afc8-b09e875c551b,234427789,2024-07-24 20:11:23-06:00,2024-07-24,-105.8700027222,40.3600005833,2742.0,,4.6,26.2,0.1,5.2,,1034.8,Amanita muscaria,"Rocky Mountain National Park, Grand County, US-CO, US",2
e1185398-11ad-4743-ac95-ff87c4f5378a,234389084,2024-08-07 10:37:47-06:00,2024-08-07,-106.0832278333,39.3576133333,3340.0,,7.2,25.6,,11.0,,1016.1,Amanita muscaria,"Pike and San Isabel National Forests, Alma, CO, US",1
ee4bc594-6d7f-4c12-bc14-ebc84871814a,234214336,2024-07-26 11:13:24-06:00,2024-07-26,-106.4580216667,39.3985583333,3015.0,,9.4,22.2,,12.1,,1013.6,Amanita muscaria,"White River National Forest, Basalt, CO, US",2
9b89f551-0eb0-4eb1-8559-32f8de21dc89,234165420,2024-07-27 15:00:30-06:00,2024-07-27,-105.4541833333,36.7786583333,3305.0,,10.6,28.9,,9.0,,1015.7,Amanita muscaria,"Questa, NM 87556, USA",1
e6a1823c-6d26-4034-b925-f28d565b1ca6,234004371,2024-07-21 10:04:00-06:00,2024-07-21,-106.8045866217,37.4720759733,3492.0,,5.0,10.0,2.6,13.1,,1041.0,Amanita muscaria,"Mineral County, CO, USA",2
538dfcd3-be73-4dc2-9de1-d18de45bdb45,233875905,2024-08-03 13:19:00-06:00,2024-08-03,-105.7987769238,40.4343354279,3260.0,,6.9,28.3,0.0,4.6,,1032.9,Amanita muscaria,"Larimer County, CO, USA",1
a31a2832-3b2b-4de9-8636-94cdc31ff83c,233816791,2024-08-03 14:48:25-06:00,2024-08-03,-105.9156281501,40.6377395156,3081.0,,9.4,30.6,0.0,9.1,,1019.3,Amanita muscaria,"Jelm, WY 82063, USA",1
af007a75-d832-49cf-b76c-107123ca47cb,233779980,2024-08-04 11:35:57-06:00,2024-08-04,-107.1443283186,37.9389747978,3537.0,,,,,,,,Amanita muscaria,"Grand Mesa Uncompahgre and Gunnison National Forests, Creede, CO, US",1
0b6d9280-5eb7-4f9e-9a02-671dc18413bf,233744794,2024-07-23 16:03:03-06:00,2024-07-23,-105.8493118286,40.4063034058,2770.0,,3.5,24.9,0.0,6.2,,1032.1,Amanita muscaria,"Rocky Mountain, Rocky Mountain National Park, Rocky Mountain National Park, Grand County, US-CO, US",2
c5a80878-2dc5-403e-848f-b02ed282205e,233409628,2024-07-27 10:30:10-06:00,2024-07-27,-106.8549388889,37.3841722222,2414.0,,5.0,15.0,7.6,14.6,,1036.3,Amanita muscaria,"Archuleta County, CO, USA",1
43e28114-db88-4669-a256-affec4e358c0,233310490,2024-07-23 10:02:01-06:00,2024-07-23,-107.520495,37.65503,3107.0,,11.0,24.0,0.0,6.5,,1034.0,Amanita muscaria,"Bosque Nacional De San Juan, Durango, CO, US",1
e75dffaf-e29f-481b-8012-bc41fcab9c23,233271346,2024-07-27 12:09:14-06:00,2024-07-27,-106.4768966667,39.3862116667,3089.0,,7.8,21.7,,9.4,,1010.5,Amanita muscaria,"White River National Forest, Basalt, CO, US",2
ff93b3b8-30c3-4186-a0d0-c9369ff98767,233231933,2024-07-23 12:11:50-06:00,2024-07-23,-105.207625,37.3018616667,3145.0,,7.0,18.0,0.2,10.1,,1039.8,Amanita muscaria,"Fort Garland, CO, US",2
595d79a4-f007-4932-aedf-b78acfa7e0a5,233211374,2024-07-31 10:06:59-06:00,2024-07-31,-106.4145366667,36.9753033333,3146.0,,,,,,,,Amanita muscaria,"Carson National Forest, Cebolla, NM, US",1
029ee591-29f4-4f7f-9b1b-ae7e9ba6322b,233211351,2024-07-31 10:06:37-06:00,2024-07-31,-106.4145883333,36.975345,3168.0,,,,,,,,Amanita muscaria,"Carson National Forest, Cebolla, NM, US",1
b21931fb-daa1-4c91-b046-847365291c9b,232965886,2024-07-31 10:49:32-06:00,2024-07-31,-106.5072633333,37.081425,3418.0,,11.0,20.0,1.1,9.5,,1040.8,Amanita muscaria,"Rio Grande National Forest, Antonito, CO, US",1
a424617a-611e-48d7-8dca-b47dfded81d1,232965839,2024-07-31 10:49:43-06:00,2024-07-31,-106.5072783333,37.0814555,3418.0,,11.0,20.0,1.1,9.5,,1040.8,Amanita muscaria,"Rio Grande National Forest, Antonito, CO, US",1
26a3fb7e-80b6-4289-8357-ea930733e6cd,232965815,2024-07-31 10:49:58-06:00,2024-07-31,-106.507155,37.0814471667,3418.0,,11.0,20.0,1.1,9.5,,1040.8,Amanita muscaria,"Rio Grande National Forest, Antonito, CO, US",1
fef4bc99-dd27-4e1f-a53d-0ababa50bb89,232813502,2024-07-28 10:05:54-06:00,2024-07-28,-105.8770366667,40.58107,3085.0,,7.9,26.4,0.2,13.7,,1012.0,Amanita muscaria,"Sawmill Snow Trail, Bellvue, CO, US",1
e8bc9437-fb27-4117-be17-7fae36c25bc3,232625175,2024-07-20 18:01:53-06:00,2024-07-20,-105.8184564114,40.2519887167,2561.0,,5.5,24.8,0.7,6.0,,1033.1,Amanita muscaria,"Grand Lake, CO 80447, USA",1
47384422-d788-421d-87e7-3fee1563d2e8,232615166,2024-07-28 16:37:53-06:00,2024-07-28,-105.82132,40.37073,3099.0,,5.7,24.4,0.0,8.1,,1024.4,Amanita muscaria,"Rocky Mountain National Park, Grand Lake, CO, US",1
6a616850-61c4-4b0f-a146-4d82bb8a38db,232574446,2024-07-27 10:21:00-06:00,2024-07-27,-106.7721391466,40.4819500787,2308.0,,10.2,27.5,0.5,8.1,,1020.1,Amanita muscaria,"Routt County, CO, USA",2
b553d730-a568-4723-bb0b-294c9fc5011f,232564202,2021-08-21 12:41:00-06:00,2021-08-21,-105.958725,39.868698,3386.0,,2.6,21.2,0.5,7.3,,1023.8,Amanita muscaria,"Grand County, CO, USA",1
904da759-5458-46b0-bcc0-35295e265bf5,232539421,2024-07-28 13:59:00-06:00,2024-07-28,-106.43491,39.183315,3506.0,,5.6,23.9,0.0,10.2,,1009.8,Amanita muscaria,"Lake County, CO, USA",1
37198092-fa22-4cc9-be57-3d1dfc44def7,232439552,2024-07-28 18:23:46-06:00,2024-07-28,-106.2696616667,39.4254116667,3103.0,,5.6,23.9,0.0,10.2,,1009.8,Amanita muscaria,"White River National Forest, Minturn, CO, US",1
1833cb19-164d-4d52-accc-5a7eea0d7373,232438174,2022-08-13 17:13:01-06:00,2022-08-13,-105.798355,35.8076883333,3282.0,,14.4,30.0,0.0,10.2,,1015.9,Amanita muscaria,"Santa Fe National Forest, Tererro, NM, US",1
d1fc1b10-262e-4ad5-b80d-fe5f0295ae5c,232426573,2024-07-28 10:21:02-06:00,2024-07-28,-105.84755,40.4456783333,2871.0,,5.7,24.4,0.0,8.1,,1024.4,Amanita muscaria,"Lulu City Cemetery, Grand Lake, CO, US",1
e8423e65-319c-4f6d-9b54-2bc1dea4f62c,232415316,2024-07-28 10:33:22-06:00,2024-07-28,-105.8394166667,40.3232466667,2748.0,,5.7,24.4,0.0,8.1,,1024.4,Amanita muscaria,"Rocky Mountain National Park, Grand Lake, CO, US",1
ff0c4f15-56a3-488f-911d-89b19950a5de,232408146,2024-07-28 15:03:16-06:00,2024-07-28,-106.436295,39.18397,3560.0,,5.6,23.9,0.0,10.2,,1009.8,Amanita muscaria,"Pike and San Isabel National Forests, Twin Lakes, CO, US",2
c52f8bd8-5177-435d-8b47-b42692982bfc,232402455,2024-07-28 11:40:57-06:00,2024-07-28,-106.3118133333,38.8918533333,3539.0,,3.6,22.5,0.0,16.1,,1013.6,Amanita muscaria,"Pike and San Isabel National Forests, Granite, CO, US",1
ff304b69-5e3c-401e-8756-907c5e8c95b1,232378605,2024-07-27 08:18:19-06:00,2024-07-27,-106.4091633333,39.1160166667,3583.0,,7.8,21.7,,9.4,,1010.5,Amanita muscaria,"Pike and San Isabel National Forests, Twin Lakes, CO, US",1
c9bbcac1-f1f7-469b-9a35-ca6309f2ebe4,232312277,2024-07-28 11:48:34-06:00,2024-07-28,-105.6771565255,39.999079238,3707.0,,5.7,24.4,0.0,8.1,,1024.4,Amanita muscaria,"Colorado, US",1
dd01422d-ab50-4f74-b6ac-e0ee0a5d43bd,232308495,2024-07-20 17:57:43-06:00,2024-07-20,-106.7143944997,40.7888852997,2661.0,,10.0,28.6,0.0,9.1,,1028.4,Amanita muscaria,"Walden, CO 80480, USA",2
59f612fb-67f3-4e06-ba29-c616c2e2e0ca,232200964,2024-07-26 17:56:55-06:00,2024-07-26,-106.3290466667,38.4974966667,3495.0,,7.0,15.0,9.0,25.2,,1041.3,Amanita muscaria,"Pike and San Isabel National Forests, Salida, CO, US",3
b87eedea-5c39-4755-baa2-fa52194daeee,232196671,2024-07-27 17:26:00-06:00,2024-07-27,-106.2076646997,41.4256562997,3038.0,,11.0,27.0,3.2,17.0,,1019.5,Amanita muscaria,"Rock River, WY 82083, USA",1
e7e9d565-4bcc-4699-8f4d-e3b338e340d8,232153777,2024-07-26 09:29:38-06:00,2024-07-26,-105.8602833333,40.352755,2698.0,,10.0,23.9,6.1,5.7,,1028.5,Amanita muscaria,"Rocky Mountain National Park, Grand Lake, CO, US",1
67109efa-cb27-4c2e-a7d7-2c18b3496130,232153443,2024-07-24 12:30:33-06:00,2024-07-24,-106.2809616667,38.8458133333,3564.0,,3.5,22.1,0.8,8.5,,1024.4,Amanita muscaria,"Pike and San Isabel National Forests, Buena Vista, CO, US",1
d5e4d63d-4d27-49a1-b174-2f1b1cd53517,232129928,2024-07-25 07:58:00-06:00,2024-07-25,-107.7086333333,37.724625,3331.0,,15.0,26.0,0.7,8.2,,1036.3,Amanita muscaria,"San Juan County, CO, USA",1
bb633289-c29a-42ba-a626-63d8526e817c,232107164,2024-07-27 12:43:22-06:00,2024-07-27,-106.3363633333,38.4987133333,3455.0,,7.0,17.0,0.8,23.2,,1037.7,Amanita muscaria,"Pike and San Isabel National Forests, Salida, CO, US",1
45b1cb46-750a-4e37-91e9-dfab7f21f48f,232100134,2024-07-27 10:07:21-06:00,2024-07-27,-107.5437752065,37.4776454922,2430.0,,13.3,31.7,,12.3,,1011.1,Amanita muscaria,"La Plata County, US-CO, US",2
dcb32b0b-8d1b-45b5-a548-6bcf715cd1e0,232079217,2024-07-24 13:54:00-06:00,2024-07-24,-106.5497931586,37.2912786656,3561.0,,7.0,17.0,2.6,10.6,,1045.8,Amanita muscaria,"Conejos County, CO, USA",1
a196f7a1-ea3e-4db4-b726-6c51a7a6ef29,231971373,2024-07-26 12:33:33-06:00,2024-07-26,-106.9485466667,38.9087366667,3056.0,,13.9,23.9,,11.2,,1014.0,Amanita muscaria,"Crested Butte Mountain Resort, Mount Crested Butte, CO, US",1
6eeab91b-aa56-40c9-b358-03cf12ec3193,231960353,2024-07-26 08:19:29-06:00,2024-07-26,-106.4705883333,39.39067,3058.0,,9.4,22.2,,12.1,,1013.6,Amanita muscaria,"White River National Forest, Basalt, CO, US",1
6f79a49c-c0cd-44d6-82ac-dbff22474bc1,231888718,2024-07-22 10:44:47-06:00,2024-07-22,-105.2127872169,36.6245631338,3593.0,,6.0,18.4,8.7,3.8,,1031.6,Amanita muscaria,"Colfax County, US-NM, US",2
2184734b-8e83-4e60-bf01-de62d02ea3ce,231875697,2024-07-24 10:02:09-06:00,2024-07-24,-106.9661116667,39.0884333333,3093.0,,9.4,28.9,0.0,13.2,,1019.4,Amanita muscaria,"White River National Forest, Snowmass Village, CO, US",1
81b0eaa3-ccd7-4cd9-b40a-4dacb9d96ca9,231873270,2024-07-26 12:34:14-06:00,2024-07-26,-106.8064804077,39.2045898438,2604.0,,13.9,23.9,,11.2,,1014.0,Amanita muscaria,Aspen,1
10c531d5-3019-4b44-82b4-00b34afc752a,231838155,2024-07-20 11:17:35-06:00,2024-07-20,-108.0817724306,37.9148964422,3191.0,,14.0,21.0,2.1,7.5,,1034.4,Amanita muscaria,"Colorado, US",1
ccc74fca-2bf0-4550-a989-139eb22e7f9b,231736893,2024-07-19 15:03:12-06:00,2024-07-19,-106.4462583333,38.97165,3419.0,,4.7,20.1,2.0,9.6,,1022.8,Amanita muscaria,"Pike and San Isabel National Forests, Granite, CO, US",1
3d19490f-04a2-4899-b782-05e774915a82,231733635,2024-07-24 16:52:12-06:00,2024-07-24,-106.2421527778,39.5444222222,3401.0,,12.0,20.0,0.4,10.7,,1044.9,Amanita muscaria,"Frisco, CO 80443, USA",1
cf5f2919-b08c-42c5-8aac-eec870d56dec,231730897,2024-07-25 13:56:22-06:00,2024-07-25,-107.708705781,37.7249068269,3331.0,,15.0,26.0,0.7,8.2,,1036.3,Amanita muscaria,"San Juan National Forest - Headquarters, Durango, CO, US",1
66695b2d-e847-4f5a-a027-7f65f0492f64,231700765,2024-07-25 12:13:02-06:00,2024-07-25,-106.4291901997,39.5450214997,2644.0,,12.0,23.0,0.5,14.4,,1044.0,Amanita muscaria,"Eagle County, US-CO, US",1
2542c446-3d2b-43e3-abc5-5c3ed62af642,231685943,2024-07-25 12:12:16-06:00,2024-07-25,-106.42907,39.5449866667,2692.0,,12.0,23.0,0.5,14.4,,1044.0,Amanita muscaria,"White River National Forest, Red Cliff, CO, US",1
1f5bc407-2a0a-4b82-bdbc-a0011ca2eee6,231672939,2024-07-25 12:49:00-06:00,2024-07-25,-105.4291229248,36.602935791,3484.0,,4.1,23.8,1.6,3.3,,1035.0,Amanita muscaria,Taos Ski Valley,1
10d72441-9dff-4cff-b059-c7a115b5674b,231592977,2016-08-14 08:02:56-06:00,2016-08-14,-105.0981359825,36.5187052755,2702.0,,4.1,17.7,,7.4,,,Amanita muscaria,"Cimarron, NM, US",1
c3eb5025-dacf-47f6-ada2-1d7f08003e1b,231557609,2024-07-23 10:35:38-06:00,2024-07-23,-107.0638805,39.0287278333,3416.0,,7.8,27.2,0.0,9.5,,1017.5,Amanita muscaria,"White River National Forest, Carbondale, CO, US",1
f177b054-e4a1-42f6-b832-78d48693cfda,231547334,2023-09-17 16:41:53-06:00,2023-09-17,-105.557655,40.1670216667,3148.0,,10.0,27.0,0.0,4.9,,1022.0,Amanita muscaria,"Saint Vrain Mountain Trail, Ward, CO, US",1
f59db12e-539e-4f41-99eb-d568ca984d7c,231518510,2024-07-24 14:05:22-06:00,2024-07-24,-105.5729916667,40.0458528333,3334.0,,17.0,35.0,0.0,6.0,,1025.7,Amanita muscaria,"Nederland, CO, US",1
da07dba2-a0ee-40ba-a4dd-6be9ced736f2,231423003,2024-07-12 15:23:34-06:00,2024-07-12,-106.4942855,35.8377432997,2611.0,,18.0,30.3,4.6,7.6,,1028.0,Amanita muscaria,"Jemez Springs, NM 87025, USA",1
4128b737-5244-4b49-8528-8fb871283d49,231354026,2024-07-18 10:20:00-06:00,2024-07-18,-106.4072400141,37.0822739767,3143.0,,,,,,,,Amanita muscaria,"Conejos County, CO, USA",1
3a3692a1-ab6d-4e28-8fdb-703cff061a96,231308369,2024-07-23 10:58:00-06:00,2024-07-23,-105.8324472222,35.7544972222,2700.0,,13.3,31.1,0.8,14.9,,1017.5,Amanita muscaria,"Santa Fe County, NM, USA",1
871ae86e-aca5-4503-a00b-7b50abff5fa1,231298270,2024-07-16 17:29:53-06:00,2024-07-16,-106.6082833333,35.8138883333,2413.0,,20.0,30.5,,10.3,,1025.1,Amanita muscaria,"Santa Fe National Forest, Jemez Springs, NM, US",1
e698a6a9-6b35-4e09-8c94-f6fc7e480f0b,231282471,2024-07-22 14:07:13-06:00,2024-07-22,-105.6876597172,40.2233315194,3183.0,,2.9,21.1,0.3,4.3,,1031.3,Amanita muscaria,"Colorado, US",1
289bc75a-cd35-4ce3-aabf-1d906cde467a,231212194,2024-07-21 12:12:33-06:00,2024-07-21,-105.792933816,40.1372583597,2522.0,,7.9,19.9,4.5,6.0,,1032.4,Amanita muscaria,"McDonald Cove, Granby, CO, US",1
ec74d80f-6c08-4d79-add6-6e696bdb9663,231136374,2024-07-22 11:35:05-06:00,2024-07-22,-106.7287966667,35.8837466667,2357.0,,12.5,24.6,,9.5,,1027.8,Amanita muscaria,"Santa Fe National Forest, Jemez Springs, NM, US",1
5ff9f059-f46d-4c60-b903-7fec0d4a8ba5,231132041,2024-07-22 12:45:00-06:00,2024-07-22,-106.3081068717,38.4875004413,3431.0,,3.0,12.0,1.9,22.6,,1041.7,Amanita muscaria,"Pike and San Isabel National Forests, Salida, CO, US",1
ba44950f-41cf-4640-a38a-4db193156838,231126151,2024-07-18 11:55:09-06:00,2024-07-18,-106.5803966667,38.6652116667,3243.0,,6.0,16.0,2.7,19.0,,1045.5,Amanita muscaria,"Grand Mesa Uncompahgre and Gunnison National Forests, Gunnison, CO, US",1
0e0526e8-aab1-4ea7-a9f4-e39cba8d3854,231116251,2024-07-21 18:08:56-06:00,2024-07-21,-108.0927658081,37.4735603333,3368.0,,13.9,26.7,,9.8,,1020.2,Amanita muscaria,Dolores,1
1a41845d-0d2f-44ba-beed-aee4b38f60a0,231116224,2024-07-20 09:40:46-06:00,2024-07-20,-104.8904361111,38.7474444444,2375.0,,14.0,26.0,5.0,14.2,,1028.6,Amanita muscaria,"Colorado Springs, CO 80906, USA",1
0a7995b1-8174-424c-8b47-8a790490e869,231116101,2024-07-18 12:43:10-06:00,2024-07-18,-105.1228666667,38.8648388889,3139.0,,13.0,27.0,1.3,12.5,,1028.5,Amanita muscaria,"Divide, CO 80814, USA",1
466cfa1f-bbb9-4da5-bb54-b3f7ece2b805,231114424,2024-07-22 16:42:33-06:00,2024-07-22,-107.2631133333,40.7901283333,2957.0,,8.1,27.9,0.0,10.4,,1027.7,Amanita muscaria,"County Road 2W, Clark, CO, US",1
f2f9a970-331d-4791-adc8-9e5618efab68,231104412,2024-07-19 16:43:38-06:00,2024-07-19,-106.4736866667,37.2654383333,2822.0,,7.0,16.0,2.6,9.3,,1043.2,Amanita muscaria,"Conejos River, Antonito, CO, US",1
3ec9559b-bdf3-4595-be79-a41374c1ceec,231094106,2024-07-22 13:59:03-06:00,2024-07-22,-107.3101883333,38.0104333333,2710.0,,,,,,,,Amanita muscaria,"Lake Fork, Lake City, CO, US",1
f1527c9c-acb8-4ada-8b08-80ce2b5f8f44,231078857,2024-07-22 10:32:17-06:00,2024-07-22,-105.8021875752,35.7638766612,3195.0,,11.7,26.7,,12.0,,1017.2,Amanita muscaria,"Santa Fe County, US-NM, US",1
ba4ff8f6-7186-4f64-a3a3-b12a4eaa2e37,231078751,2024-07-22 10:37:54-06:00,2024-07-22,-105.8048154196,35.7635523323,3176.0,,11.7,26.7,,12.0,,1017.2,Amanita muscaria,"Santa Fe County, US-NM, US",2
553c48a0-648e-44f9-b815-f7cef195215c,231058990,2021-07-24 14:49:00-06:00,2021-07-24,-105.3890663725,39.8744473258,2715.0,,20.0,30.0,0.3,4.5,,1023.5,Amanita muscaria,"Coal Creek Canyon, CO 80403, USA",1
843cc87a-9722-4f3e-b8b1-471d3c93d7fb,231040617,2024-07-22 11:12:38-06:00,2024-07-22,-107.0719333333,38.8377083333,3238.0,,7.2,25.0,0.6,13.1,,1020.3,Amanita muscaria,"Grand Mesa Uncompahgre and Gunnison National Forests, Gunnison, CO, US",1
f89fcf6a-4d10-410c-a240-47b3f154a3e1,231031791,2022-08-06 14:00:49-06:00,2022-08-06,-105.6961859018,38.0483651278,2869.0,,11.0,26.0,6.5,12.3,,1018.2,Amanita muscaria,"Silver Cliff, CO 81252, USA",1
27f1a4f9-24ad-4f2e-86d4-e54210d33e89,230890768,2024-07-21 16:46:44-06:00,2024-07-21,-106.4150667401,38.8035201195,3647.0,,4.8,14.7,14.4,7.0,,1025.4,Amanita muscaria,"Lost Lake, Nathrop, CO, US",1
b3344958-a4ca-4e8b-9ba8-0e7dd66a47e6,230889835,2024-07-21 17:02:45-06:00,2024-07-21,-106.4156203227,38.8040007713,3647.0,,4.8,14.7,14.4,7.0,,1025.4,Amanita muscaria,"Pike and San Isabel National Forests, Nathrop, CO, US",1
64cb4d9a-82c8-4bef-a89e-2bcd39a609f4,230886828,2024-07-21 14:49:54-06:00,2024-07-21,-106.41500325,38.80355405,3647.0,,4.8,14.7,14.4,7.0,,1025.4,Amanita muscaria,"Lost Lake, Nathrop, CO, US",1
801b5824-9696-45fe-befe-a7f3e2c80f4b,230882214,2024-07-21 14:33:00-06:00,2024-07-21,-108.0244666667,39.0317916667,3308.0,,17.2,33.2,0.0,12.2,,1014.1,Amanita muscaria,"Grand Mesa Uncompahgre and Gunnison National Forests, Molina, CO, US",1
2190dbff-e0a6-4b44-bf50-78aa5512f3f7,230876341,2024-07-20 10:32:03-06:00,2024-07-20,-106.4477370386,37.0168348422,3082.0,,,,,,,,Amanita muscaria,"Rio Grande National Forest, Antonito, CO, US",1
d6133d35-6187-498c-bcb7-1c994e272f39,230871001,2024-07-21 13:23:20-06:00,2024-07-21,-105.4464416667,36.5681416667,3462.0,,8.0,19.7,10.6,5.8,,1033.2,Amanita muscaria,"High Noon Ski Area, Taos, NM, US",1
6b109687-1307-4964-be37-ba19c74a95cb,230787983,2024-07-20 09:07:43-06:00,2024-07-20,-105.681631048,39.8889917689,3326.0,,2.6,13.4,1.2,11.5,,1026.1,Amanita muscaria,"Gilpin County, US-CO, US",1
2be93d45-eb56-4fc3-bef5-9fcc6d37a5c9,230777422,2024-07-21 10:14:44-06:00,2024-07-21,-106.0588677508,39.4733135216,3036.0,,8.3,20.6,,10.5,,1016.6,Amanita muscaria,"Sawmill Reservoir, Breckenridge, CO, US",2
97c165bb-ff0d-4465-9b7b-2ba4852d8d64,230655311,2024-07-18 13:12:20-06:00,2024-07-18,-106.6485366667,39.3855883333,3047.0,,9.4,28.3,4.1,9.8,,1017.4,Amanita muscaria,"White River National Forest, Basalt, CO, US",1
f8821890-2193-44e0-8a47-bf5f3edee09c,230653447,2024-07-17 19:19:03-06:00,2024-07-17,-106.36425,39.6393166667,2512.0,,10.0,18.0,2.1,14.8,,1041.3,Amanita muscaria,"Ford Park, Vail, CO, US",1
0d690685-2bab-4329-a98a-f1749fd47df0,230651819,2024-07-20 13:29:28-06:00,2024-07-20,-106.065225,39.3628716667,3548.0,,5.0,23.9,0.0,9.1,,1017.5,Amanita muscaria,"Pike and San Isabel National Forests, Alma, CO, US",1
b6651eea-e20a-4923-86d2-e71fc6a9533f,230617141,2024-07-20 08:14:48-06:00,2024-07-20,-105.4458479335,36.6140696812,3312.0,,6.8,21.2,2.9,4.8,,1033.6,Amanita muscaria,"Carson National Forest, Taos, NM, US",2
4bd044c8-ada8-4de5-a6c3-7fe92a5b61d9,230615592,2024-07-19 11:45:51-06:00,2024-07-19,-107.7136277,37.7433588,3331.0,,11.0,23.0,4.4,7.0,,1035.1,Amanita muscaria,"San Juan County, CO, USA",2
46b193a3-0155-4950-b538-ac1d23074af9,230601652,2024-07-20 15:45:43-06:00,2024-07-20,-107.6727752686,37.790309906,2986.0,,14.0,21.0,2.1,7.5,,1034.4,Amanita muscaria,Durango,1
7781e998-9eb6-4cb3-a9a6-7b9262712adb,230596782,2024-07-20 09:15:03-06:00,2024-07-20,-107.2912676,37.5056947,2860.0,,14.0,25.0,1.9,9.3,,1030.9,Amanita muscaria,"Hinsdale County, US-CO, US",1
a2cec5a4-6d01-475d-81e2-ce98acae87c4,230594834,2024-07-20 11:49:22-06:00,2024-07-20,-106.9559527778,40.8045305556,2464.0,,10.0,28.6,0.0,9.1,,1028.4,Amanita muscaria,"Clark, CO 80428, USA",1
70953df9-2546-4631-b066-3337d9c4719f,230565000,2024-07-20 11:06:38-06:00,2024-07-20,-106.3957013191,35.9121524915,2896.0,,17.1,27.0,,9.0,,1029.1,Amanita muscaria,"Santa Fe National Forest, Los Alamos, NM, US",2
8500944e-2446-4a70-82ed-79be2a0b8b35,230559905,2024-07-20 09:15:43-06:00,2024-07-20,-106.1140111111,39.5935777778,2945.0,,11.0,19.0,0.1,4.8,,1041.9,Amanita muscaria,"Frisco, CO 80443, USA",1
6becf4ac-c0aa-48c1-b987-296a35df0aa2,230500779,2024-07-19 18:17:57-06:00,2024-07-19,-106.5860252549,35.8312599216,2593.0,,15.0,29.2,,8.7,,1028.8,Amanita muscaria,"Valles Caldera National Preserve, Jemez Springs, NM, US",1
9444e722-63e8-442f-85af-f31b575798cf,230445696,2024-07-18 13:13:21-06:00,2024-07-18,-106.9387583333,40.8475083333,2998.0,,10.0,29.5,0.4,5.7,,1027.4,Amanita muscaria,"Hahns Peak Trail, Clark, CO, US",1
a3b8917b-9f5d-40b6-94a0-c29821122d39,230431317,2024-07-19 15:08:36-06:00,2024-07-19,-104.9950719976,38.6879809548,2919.0,,19.0,27.0,0.8,14.6,,1026.4,Amanita muscaria,"Colorado, US",1
1e578f4c-f453-4303-945e-0fb9d34a4b3f,230423128,2024-07-19 14:00:55-06:00,2024-07-19,-106.5098294506,35.8283188207,2601.0,,15.0,29.2,,8.7,,1028.8,Amanita muscaria,"Valles Caldera National Preserve, Jemez Springs, NM, US",1
0d9e117a-2825-415e-b7a4-45f8d41037c2,230403510,2024-07-19 18:40:44-06:00,2024-07-19,-107.667055,37.822165,2966.0,,11.0,23.0,4.4,7.0,,1035.1,Amanita muscaria,"Silverton, CO 81433, USA",1
f44844db-62e7-4be9-a7e7-2f7d57003eb3,230398854,2024-07-19 16:28:01-06:00,2024-07-19,-107.0924888889,38.8126111111,2928.0,,11.7,26.1,,7.2,,1022.1,Amanita muscaria,"Gunnison, CO 81230, USA",1
5f57a3d5-24cd-4635-b1ad-c8b115660c25,230387137,2024-07-16 10:56:07-06:00,2024-07-16,-106.447945,39.2819783333,3112.0,,5.0,20.0,,8.4,,1017.3,Amanita muscaria,"Pike and San Isabel National Forests, Leadville, CO, US",1
0963d664-d3bb-4011-ae8c-41bd18d8f521,230357783,2024-07-18 12:10:57-06:00,2024-07-18,-105.80144685,35.7781941065,3124.0,,14.4,30.6,,12.5,,1017.7,Amanita muscaria,"Santa Fe National Forest, Tererro, NM, US",2
1b92db27-5003-4260-9aa1-a536d0e0e19e,230321681,2024-07-18 10:11:42-06:00,2024-07-18,-105.8459022437,39.7547830884,3608.0,,0.7,14.5,4.1,12.5,,1024.9,Amanita muscaria,"Colorado, US",1
2ca49bc6-6759-40b3-b01f-d219e4f82c51,230296007,2024-07-18 11:03:00-06:00,2024-07-18,-105.9046516667,40.3711916667,3083.0,,6.3,22.0,0.2,7.7,,1032.9,Amanita muscaria,"Grand County, CO, USA",1
3c7af462-2a1b-480b-b9a5-24d5ed36d3fa,230183456,2024-07-18 16:11:55-06:00,2024-07-18,-106.7475849342,37.4787971631,3040.0,,6.0,14.0,3.4,12.0,,1043.8,Amanita muscaria,"Rio Grande National Forest, Creede, CO, US",1
b3d6e87c-3f9f-449b-9d5b-d8356fb28c2f,230167540,2024-07-16 13:03:12-06:00,2024-07-16,-106.4663,39.2895666667,3201.0,,5.0,20.0,,8.4,,1017.3,Amanita muscaria,"Pike and San Isabel National Forests, Leadville, CO, US",1
03b9bc20-aefd-4d47-a363-a937e9279cb8,230166583,2024-07-18 14:21:05-06:00,2024-07-18,-106.8240951096,40.5276758876,2179.0,,10.0,29.5,0.4,5.7,,1027.4,Amanita muscaria,"CR-36, Steamboat Springs, CO, US",1
59b43116-0e98-47b3-874f-725cf31da0bb,230163743,2024-07-18 14:20:29-06:00,2024-07-18,-106.8240038307,40.5276771868,2179.0,,10.0,29.5,0.4,5.7,,1027.4,Amanita muscaria,"CR-36, Steamboat Springs, CO, US",1
a982e674-d12c-4855-bbde-f0933a215d5c,230162990,2024-07-18 11:42:59-06:00,2024-07-18,-105.432695,36.60675,3235.0,,6.7,24.3,9.7,4.7,,1034.5,Amanita muscaria,"Carson National Forest, Taos Ski Valley, NM, US",2
c94394a6-3096-4df7-a968-114598a15549,230118437,2024-07-17 16:14:00-06:00,2024-07-17,-105.621373687,39.8704850855,3121.0,,1.0,12.9,7.5,9.7,,1025.9,Amanita muscaria,"Colorado, US",1
dfb793fd-7165-4006-a02b-efdc482a550f,230115620,2024-07-17 19:21:33-06:00,2024-07-17,-106.3026839867,39.3602254372,3220.0,,1.7,25.0,0.0,9.3,,1018.8,Amanita muscaria,"Leadville, CO 80461, USA",1
ceee47b8-b58a-49c1-a50b-7444159a8d34,230095904,2024-07-18 08:20:57-06:00,2024-07-18,-106.4405441284,39.58984375,2466.0,,12.0,18.0,3.2,15.0,,1042.7,Amanita muscaria,Minturn,1
25222974-e5ae-48d4-aafd-dbf6267ec588,230031724,2024-07-14 07:00:07-06:00,2024-07-14,-105.1979316,36.6235959997,3199.0,,4.2,28.0,1.0,5.9,,1034.2,Amanita muscaria,"Cimarron, NM 87714, USA",1
3f1e068b-7454-4531-8fe1-5f12420d2232,229892014,2024-07-15 11:32:18-06:00,2024-07-15,-105.650955,39.8990966667,2854.0,,3.6,16.5,3.2,12.8,,1021.8,Amanita muscaria,"South Boulder Creek Trail, Black Hawk, CO, US",1
5923fbe2-18db-45ba-8c5a-fa9c452987f4,229833834,2024-07-13 14:51:18-06:00,2024-07-13,-106.7085952499,35.9333758476,2491.0,,18.1,31.6,,11.0,,1029.9,Amanita muscaria,"Sandoval County, US-NM, US",1
91b7320e-2c8f-4dab-91e8-0c261fdd173d,229821229,2024-07-16 17:34:03-06:00,2024-07-16,-107.4187365516,37.600395003,3155.0,,13.0,30.0,2.0,10.8,,1027.2,Amanita muscaria,"San Juan National Forest - Headquarters, Creede, CO, US",1
26d3ca79-9704-42c5-be5e-8d0fff7958ec,229802043,2024-07-14 14:59:43-06:00,2024-07-14,-106.5705416667,35.8258366667,2475.0,,19.7,31.3,0.0,11.6,,1030.0,Amanita muscaria,"Santa Fe National Forest, Jemez Springs, NM, US",1
0e6472a5-d84c-4bd0-87f6-32958cd31197,229761412,2024-07-16 10:04:00-06:00,2024-07-16,-105.804796029,35.7957397874,3124.0,,18.9,35.0,,14.8,,1010.1,Amanita muscaria,"Santa Fe County, US-NM, US",1
ad21064c-bc11-48af-b7fb-c03cd7579ede,229742469,2024-07-15 14:39:23-06:00,2024-07-15,-105.6509383333,39.8990533333,2854.0,,3.6,16.5,3.2,12.8,,1021.8,Amanita muscaria,"South Boulder Creek Trail, Black Hawk, CO, US",1
b6660997-950e-414e-8826-b81173f6d90e,229622878,2024-07-13 15:09:06-06:00,2024-07-13,-107.2249716148,37.4997238304,2500.0,,9.0,29.0,0.0,9.9,,1032.0,Amanita muscaria,"Hinsdale County, CO, USA",1
55bfea08-c56f-4e70-9f0a-603908d1cd95,229542124,2024-07-13 13:37:42-06:00,2024-07-13,-105.7167505633,39.9837002232,3009.0,,6.0,27.8,0.0,4.4,,1030.6,Amanita muscaria,"Colorado, US",1
f65caabe-3469-4dd3-b351-cba9dde384b0,229381355,2024-07-14 12:06:54-06:00,2024-07-14,-107.9985429203,39.0426955671,3192.0,,19.0,37.3,0.0,11.8,,1014.5,Amanita muscaria,"Grand Mesa Uncompahgre and Gunnison National Forests, Cedaredge, CO, US",1
026628b7-8abd-4bbb-9d56-c3456fdffb91,229359984,2024-07-14 10:07:14-06:00,2024-07-14,-105.6728916667,35.8417944444,2656.0,,15.0,35.0,0.0,12.3,,1015.0,Amanita muscaria,"Tererro, NM 87573, USA",1
056b8553-c1df-404f-a7f6-d3fbf706b510,229245803,2024-07-13 13:38:26-06:00,2024-07-13,-105.6729883333,35.8418616667,2618.0,,14.4,34.4,0.8,10.4,,1016.0,Amanita muscaria,"Santa Fe National Forest, Tererro, NM, US",1
66fca6d5-6b0c-4f6c-9c5b-83f17502c6d0,229182399,2024-07-13 11:44:15-06:00,2024-07-13,-107.546021606,37.4836158726,2530.0,,10.0,32.8,0.0,8.3,,1019.1,Amanita muscaria,"San Juan National Forest - Headquarters, Durango, CO, US",2
11b85905-0205-4270-88ac-0a36a881cc15,229160797,2024-07-13 17:40:04-06:00,2024-07-13,-105.3604219722,35.7516719722,2328.0,,11.1,31.7,0.0,12.8,,1017.3,Amanita muscaria,"Sapello, NM 87745, USA",1
d192e959-f8f7-4e47-a82a-d45f76d12893,229131137,2024-07-13 12:59:08-06:00,2024-07-13,-105.64495,40.2935416667,3038.0,,6.0,27.8,0.0,4.4,,1030.6,Amanita muscaria,"Rocky Mountain National Park, Estes Park, CO, US",1
42eca5e7-81d8-422a-83dc-3019e3a575a6,228921726,2024-07-10 10:55:54-06:00,2024-07-10,-106.3924527778,35.9244111111,2907.0,,14.3,28.7,1.7,8.1,,1027.6,Amanita muscaria,"Los Alamos County, NM, USA",1
0c4b36b6-9433-435d-8434-7f3a98e75c63,228782745,2024-07-11 18:21:30-06:00,2024-07-11,-105.761009306,39.8333612958,3163.0,,3.1,16.8,0.9,10.6,,1022.2,Amanita muscaria,"Colorado, US",1
aef347d5-6e60-4d18-8d1b-1d688cc4b658,228745923,2024-07-11 10:10:13-06:00,2024-07-11,-105.8465416667,40.449105,2881.0,,3.8,26.5,0.0,5.0,,1031.0,Amanita muscaria,"Rocky Mountain National Park, Grand Lake, CO, US",1
dbf36cdc-21f9-4f32-a4b7-2aeae2c2bc78,228736706,2024-07-11 15:24:14-06:00,2024-07-11,-107.2094222222,38.8636416667,3018.0,,6.1,27.8,,5.9,,1021.4,Amanita muscaria,"Somerset, CO 81434, USA",1
1a75f278-8e0b-42ea-a4d5-14500768bd96,228725272,2024-07-11 11:10:45-06:00,2024-07-11,-106.1833716667,36.654605,2931.0,,,,,,,,Amanita muscaria,"Carson National Forest, Tierra Amarilla, NM, US",1
a82bcd00-ac40-4df2-aa67-9699234c56e3,228715126,2024-07-08 13:13:00-06:00,2024-07-08,-107.1358119332,37.8157964698,2903.0,,,,,,,,Amanita muscaria,"Mineral County, CO, USA",1
4ff7121f-394d-4e5e-acb8-7dc35a4199dc,228206747,2024-07-07 13:01:24-06:00,2024-07-07,-105.82045,35.7759583333,2893.0,,10.6,33.3,0.0,12.0,,1008.9,Amanita muscaria,"Santa Fe National Forest, Santa Fe, NM, US",1
adceb434-413c-4a8e-8359-02677ed4ff14,228050825,2024-07-07 10:50:44-06:00,2024-07-07,-107.9820216105,37.6101429976,3165.0,,9.0,23.0,0.0,11.7,,1028.5,Amanita muscaria,"Colorado, US",1
c31beccb-2d51-4f75-b9e8-ddaa47f50e4d,228047800,2024-07-06 17:05:22-06:00,2024-07-06,-107.8924902356,37.6303578873,2820.0,,8.0,22.0,0.0,12.7,,1031.0,Amanita muscaria,"Colorado, US",1
2d76c91f-985f-4cf9-98f4-5b364fe48652,227920790,2024-07-07 16:47:36-06:00,2024-07-07,-105.8203666667,35.7758466667,2893.0,,10.6,33.3,0.0,12.0,,1008.9,Amanita muscaria,"Santa Fe National Forest, Santa Fe, NM, US",2
7119064d-3e5b-4186-bffe-8991dbc65121,227916449,2024-07-04 11:18:20-06:00,2024-07-04,-105.7885729,35.7853307997,3488.0,,13.9,33.3,0.0,12.7,,1012.0,Amanita muscaria,"San Ildefonso Pueblo, NM 87506, USA",1
f1538f8e-79f0-4a28-a003-f19176a43832,227670443,2024-07-06 12:45:00-06:00,2024-07-06,-106.3475194444,36.5664944444,3304.0,,,,,,,,Amanita muscaria,"Rio Arriba County, NM, USA",1
29d90aa3-6531-4b71-99f2-44adcdd6eaed,227566237,2024-07-04 12:10:39-06:00,2024-07-04,-107.8111734241,39.0647020394,3194.0,,12.5,31.2,0.0,15.1,,1015.0,Amanita muscaria,Grand Mesa NF,1
920d64a0-aae9-437a-aff1-0a0f85fd8447,227432627,2024-07-04 20:43:09-06:00,2024-07-04,-106.9989566132,40.839992539,2576.0,,6.0,24.3,0.0,6.6,,1025.8,Amanita muscaria,"Clark, CO 80428, USA",3
0deceab1-f9f7-4034-811e-76acbdf67bc1,227430281,2024-07-03 17:05:01-06:00,2024-07-03,-106.2355283333,36.6988616667,3007.0,,,,,,,,Amanita muscaria,"Carson National Forest, Cebolla, NM, US",1
fa50ee60-4b2b-4ef7-8175-2a77810a5b34,227345446,2024-07-05 10:21:47-06:00,2024-07-05,-106.5198883333,35.81952,2607.0,,17.5,26.8,2.9,13.7,,1025.6,Amanita muscaria,"Santa Fe National Forest, Jemez Springs, NM, US",1
e220da3c-fb64-4875-9a56-b87300a17b2f,227230288,2024-07-04 10:22:00-06:00,2024-07-04,-105.8269666667,40.1910638889,2527.0,,4.0,21.7,0.0,10.7,,1029.1,Amanita muscaria,"Grand County, CO, USA",1
32c6b093-f27b-4c20-8dfd-743663de84b0,227184466,2024-07-04 11:56:06-06:00,2024-07-04,-106.5841542959,40.7461062001,2695.0,,4.4,22.1,0.0,13.5,,1019.5,Amanita muscaria,"Walden, CO, US",2
71831c77-b451-4dee-92ec-e37611d6a78b,227084104,2024-07-03 17:47:58-06:00,2024-07-03,-106.9903866667,38.9578466667,2888.0,,6.1,24.4,0.0,10.6,,1013.9,Amanita muscaria,"Grand Mesa Uncompahgre and Gunnison National Forests, Crested Butte, CO, US",1
b848fd08-21bc-45f1-9576-a39d67033b58,226986098,2024-07-03 16:07:56-06:00,2024-07-03,-106.60675285,35.81259291,2413.0,,15.1,26.5,1.0,9.2,,1024.5,Amanita muscaria,"Jemez Springs, NM 87025, USA",1
56059fb4-b79f-48c7-aeb9-119734f58526,226798525,2024-07-01 10:59:34-06:00,2024-07-01,-106.6278635,35.8069033,2585.0,,15.4,25.8,,12.9,,1026.2,Amanita muscaria,"Jemez Springs, NM 87025, USA",1
0b61a30f-d431-47ef-976e-97b72eacd892,226793521,2024-07-02 12:42:21-06:00,2024-07-02,-106.9328083333,39.1739616667,3263.0,,10.0,22.2,,9.0,,1013.5,Amanita muscaria,"White River National Forest, Snowmass Village, CO, US",2
77a88732-b75a-4ed9-8675-9a3e1fed498c,226784798,2024-07-02 11:14:05-06:00,2024-07-02,-105.7897666667,39.9244472222,2704.0,,0.3,11.6,2.2,14.2,,1018.5,Amanita muscaria,"Wolf Park, Winter Park, CO 80482, USA",3
5fa44230-9a7e-4708-b1d3-1c13e34b6cc5,226741445,2024-07-02 13:09:14-06:00,2024-07-02,-105.4160466667,36.7111283333,2634.0,,12.1,24.6,0.6,12.7,,1026.6,Amanita muscaria,"Carson National Forest, Red River, NM, US",1
ee0b8e7c-2d30-49ea-ba0d-4e46b76dba7c,226007025,2024-06-29 11:47:25-06:00,2024-06-29,-105.0150347997,38.7352437997,2908.0,,15.0,25.0,16.5,22.4,,1027.0,Amanita muscaria,"Cascade, CO 80809, USA",1
dd00a00e-9021-40b6-8cd4-e3ad6d02955f,225409362,2023-11-20 18:09:41-07:00,2023-11-20,-104.8341099267,39.3577930006,1966.0,,-1.0,1.0,3.5,26.5,,1022.7,Amanita muscaria,"Live Oak Ct, Castle Rock, CO, US",3
f86a0e83-1e37-4a04-8c5d-2acc206b79a5,224084289,2024-06-11 13:57:08-06:00,2024-06-11,-106.6068195849,35.9793771716,2615.0,,12.9,25.6,1.3,11.2,,1023.4,Amanita muscaria,"Sandoval County, US-NM, US",3
f4ed1197-ae62-47ac-ab85-75fdb6dcdabc,223471033,2022-08-06 13:04:27-06:00,2022-08-06,-105.8153616667,39.6000466667,3308.0,,5.4,16.7,2.4,7.6,,1020.0,Amanita muscaria,"White River National Forest, Dillon, CO, US",2
09b38653-4e9f-44b9-8c8c-dc1038f0a606,221140130,2022-08-19 09:41:44-06:00,2022-08-19,-106.4487984125,37.01627851,3097.0,,,,,,,,Amanita muscaria,"Conejos County, US-CO, US",1
5cb0772d-618f-477a-ac93-388cf811043b,220191785,2022-07-12 12:57:00-06:00,2022-07-12,-107.087125,38.9598709722,2959.0,,11.7,28.3,,12.0,,1014.3,Amanita muscaria,"Gunnison County, CO, USA",1
bde30d9a-6d0a-4137-a732-2f9418a8823d,218839074,2022-08-25 10:38:05-06:00,2022-08-25,-105.8641966667,40.4939783333,3195.0,,7.6,23.3,1.4,8.5,,1019.9,Amanita muscaria,"State Forest State Park, Walden, CO, US",1
f1a30a48-a0fa-4eee-8b35-16744a40e9cf,218263923,2022-08-09 09:41:00-06:00,2022-08-09,-105.0663694,38.8624891,4001.0,,14.1,27.7,0.0,6.1,,1018.4,Amanita muscaria,"Devils Playground, Colorado 80809, USA",1
62a19c0b-da20-4109-bfaf-378d1d3efa5a,217834670,2021-07-20 11:58:10-06:00,2021-07-20,-105.2308416667,36.37418,3273.0,,7.2,23.1,0.9,3.4,,1032.7,Amanita muscaria,"Angel Fire Resort, Angel Fire, NM, US",1
e7c530b1-7d9b-4e5a-85be-cd6d37869959,215014077,2022-07-17 18:09:02-06:00,2022-07-17,-105.4056780044,36.7073398167,2638.0,,7.0,24.4,2.9,4.3,,1032.3,Amanita muscaria,"Carson National Forest, Red River, NM, US",2
2d38c208-d59d-4a55-bda2-2bab1720be94,206721395,2021-08-08 16:13:34-06:00,2021-08-08,-108.0831666667,37.5487166667,3216.0,,6.7,30.6,0.0,10.8,,1013.5,Amanita muscaria,"San Juan National Forest - Headquarters, Dolores, CO, US",1
3698961b-2e2c-431e-9993-902f1ae9725b,206654764,2023-09-14 09:56:00-06:00,2023-09-14,-105.5659388889,40.3348555556,2448.0,,10.5,23.5,5.9,5.9,,1021.6,Amanita muscaria,"Rocky Mountain National Park, Larimer, Colorado, United States",2
b24f3a92-d7c2-4293-a9f1-10906cd305bc,203462391,2019-07-27 09:21:06-06:00,2019-07-27,-105.5397866667,40.2580916667,2703.0,,,,,4.8,,,Amanita muscaria,"County Highway 113 N, Allenspark, CO, US",2
7fbe47ee-5502-4063-a84d-adf2927cf9a2,201339016,2021-08-07 12:35:00-06:00,2021-08-07,-105.6059962205,39.5244728425,3152.0,,,,,,,,Amanita muscaria,"Rosalie Trail, Bailey, CO, USA",1
2a9dc118-8629-4753-9700-0e3a91118f2d,201337765,2021-08-06 16:28:00-06:00,2021-08-06,-105.5786466951,39.5131965209,2935.0,,,,,,,,Amanita muscaria,"Rosalie Trail, Bailey, CO, USA",1
5e4522ac-567e-434d-b98f-ff02af78ca79,200314370,2022-08-07 15:24:14-06:00,2022-08-07,-105.8901263773,40.502298393,3023.0,,10.7,25.6,0.0,8.3,,1018.9,Amanita muscaria,"Walden, CO 80480, USA",2
96657f26-9b14-4e19-9bef-aab809cf2c91,200148214,2012-08-03 10:12:00-06:00,2012-08-03,-105.4033067389,40.4602968088,2081.0,,14.0,36.0,,15.2,,,Amanita muscaria,"Larimer County, CO, USA",1
51ff4d4e-a253-4f16-84a2-56c1416a8dc1,200148175,2012-08-03 10:34:00-06:00,2012-08-03,-105.4048457535,40.4615551095,2123.0,,14.0,36.0,,15.2,,,Amanita muscaria,"Larimer County, CO, USA",2
7ecf24c3-b996-41c4-88c1-d5d414dcd5f4,199457500,2022-07-31 11:40:14-06:00,2022-07-31,-107.795945,37.70465,3542.0,,11.0,22.0,9.9,3.2,,1034.4,Amanita muscaria,"San Juan National Forest - Headquarters, CO, US",1
27c5bdbe-03c2-4de1-84cd-8f4009c9ec62,198872703,2022-07-30 08:23:58-06:00,2022-07-30,-105.619816,35.87733,3073.0,,14.4,25.6,,16.9,,1017.7,Amanita muscaria,"Rociada, NM 87742, USA",1
b334a878-869e-4e18-bd76-4f882f50c6e9,198618224,2021-07-30 06:48:00-06:00,2021-07-30,-106.1501527778,39.4158777778,3533.0,,7.8,23.3,,8.6,,1017.4,Amanita muscaria,"Summit County, CO, USA",1
5746f0b9-1a62-468d-8d67-c267643246b8,198258080,2023-07-11 20:56:27-06:00,2023-07-11,-105.4720083333,39.8428,2809.0,,2.6,16.6,0.0,15.4,,1018.4,Amanita muscaria,"Dory Cir, Black Hawk, CO, US",2
f0b9f518-42f3-4ac3-b44b-9fb589519a92,197159487,2023-08-01 17:02:02-06:00,2023-08-01,-106.3578716667,41.3109633333,3175.0,,13.0,27.0,14.0,12.0,,1027.0,Amanita muscaria,"Silver Lake Trail, Encampment, WY, US",1
c5752677-967d-4eff-b6f5-b1a7b3a1a5a1,197044091,2021-08-01,2021-08-01,-106.9775166667,38.9599,3006.0,,11.1,24.4,,6.2,,1020.9,Amanita muscaria,"Gunnison County, CO, USA",2
a0499b0b-3937-45f1-9d6b-d4447fb219bf,197044090,2021-08-01,2021-08-01,-106.9774861111,38.9599111111,3006.0,,11.1,24.4,,6.2,,1020.9,Amanita muscaria,"Gunnison County, CO, USA",2
f4cc4c55-ee3f-4b24-b050-25cf465e107f,196693457,2022-08-11 11:40:00-06:00,2022-08-11,-106.9187956381,38.1319240479,2964.0,,10.0,30.6,,13.1,,1021.8,Amanita muscaria,"Saguache County, CO, USA",2
2caab098-2811-43d8-b971-8455cf586cfc,196693456,2022-08-11 11:42:00-06:00,2022-08-11,-106.9187956381,38.1319240479,2964.0,,10.0,30.6,,13.1,,1021.8,Amanita muscaria,"Saguache County, CO, USA",2
352110f9-f311-4de9-992d-b47803b3ec8c,195510707,2023-08-16,2023-08-16,-105.5757795274,40.0795611536,3174.0,,5.7,28.4,0.8,7.1,,1031.7,Amanita muscaria,Indian Peaks Wilderness,2
6eaadd01-8a07-4546-8508-4bfd2a8624c8,195080622,2021-08-07 14:05:00-06:00,2021-08-07,-105.5634666667,36.0946027778,3412.0,,13.3,30.0,0.0,16.8,,1014.9,Amanita muscaria,"Taos County, NM, USA",1
f3987ab5-9382-4be5-a7de-6e66d86a39cd,195080621,2021-08-07 14:04:00-06:00,2021-08-07,-105.5634666667,36.0946027778,3412.0,,13.3,30.0,0.0,16.8,,1014.9,Amanita muscaria,"Taos County, NM, USA",1
a29bf6dc-61cc-46a3-b4e3-353b21c3581a,195080615,2021-08-07 14:03:00-06:00,2021-08-07,-105.5633833333,36.0945666667,3412.0,,13.3,30.0,0.0,16.8,,1014.9,Amanita muscaria,"Taos County, NM, USA",1
5973703e-45dc-410a-b496-48b45111dbdf,195080610,2021-08-07 13:44:00-06:00,2021-08-07,-105.55935,36.0935194444,3366.0,,13.3,30.0,0.0,16.8,,1014.9,Amanita muscaria,"Taos County, NM, USA",2
630c0bd8-9763-4012-80b0-64faee45d51a,195048003,2017-08-11,2017-08-11,-104.6251118008,39.1527735289,2203.0,,10.9,17.7,,17.2,,,Amanita muscaria,"Colorado, US",1
4939b027-f97a-45d0-8178-871d4405226f,194228507,2017-08-26 15:06:00-06:00,2017-08-26,-105.8174575093,35.7697212754,2888.0,,11.7,30.0,0.0,15.1,,1016.0,Amanita muscaria,"Santa Fe County, NM, USA",1
56b5a6b2-b5f7-4783-ab18-81a16ac6fb6a,194144564,2022-09-10 13:41:00-06:00,2022-09-10,-105.6004555556,40.3192027778,2658.0,,2.0,20.9,0.0,8.1,,1025.8,Amanita muscaria,"Larimer County, CO, USA",1
54cce8c6-1b56-446d-b67f-92799fd82759,193950323,2023-08-29 10:44:03-06:00,2023-08-29,-105.6077016014,40.1761083795,3096.0,,4.4,23.3,0.0,4.6,,1032.7,Amanita muscaria,"Rocky Mountain National Park, Ward, CO, US",2
fb3ab028-aafa-42a0-81c5-fd4ff4e74e4d,192735026,2022-08-05 10:03:00-06:00,2022-08-05,-106.4440305556,36.9755333333,3274.0,,,,,,,,Amanita muscaria,"Rio Arriba County, NM, USA",2
d16a5f96-1d17-47df-855b-de12f6f7904b,192735021,2022-08-04 15:59:00-06:00,2022-08-04,-106.3994444444,36.9737555556,3221.0,,,,,,,,Amanita muscaria,"Rio Arriba County, NM, USA",3
28446352-0970-4962-9730-1087e150f12c,192624970,2021-08-02 16:35:36-06:00,2021-08-02,-108.0374055,37.5041916667,3527.0,,14.4,27.8,,11.6,,1020.6,Amanita muscaria,"San Juan National Forest - Headquarters, Hesperus, CO, US",2
ab07ba72-b37c-4c98-a12b-32a38172af31,191954484,2021-07-19 06:48:32-06:00,2021-07-19,-105.47075,40.4728616667,2392.0,,16.1,36.7,0.0,9.6,,1018.4,Amanita muscaria,"North Fork Trail, Glen Haven, CO, US",1
4033f4ba-7099-4689-9229-15190f748db3,191954348,2021-07-19 07:37:40-06:00,2021-07-19,-105.5182583333,40.49767,2731.0,,16.1,36.7,0.0,9.6,,1018.4,Amanita muscaria,"Rocky Mountain National Park, Glen Haven, CO, US",2
700f8562-9fc5-4e54-96c6-f4dd972a9a1c,191713314,2023-08-02 13:59:00-06:00,2023-08-02,-105.1349498883,38.9384603382,2807.0,,14.8,27.9,,14.7,,1014.9,Amanita muscaria,"Colorado, US",1
1b0b16c3-5726-4733-bc64-13bf67876897,189920084,2007-08-13 12:43:00-06:00,2007-08-13,-106.2701464146,41.3562109854,3245.0,,,,,,,,Amanita muscaria,"Albany County, WY, USA",2
d4f649ea-0d55-4a75-8df7-e3ce7cdfda26,189635341,2023-09-23 11:22:00-06:00,2023-09-23,-106.2967106392,39.2317618388,3103.0,,2.2,14.4,0.0,12.1,,1013.1,Amanita muscaria,"Candyland Trail, Leadville, CO, US",2
b49316b7-2f3b-4ef1-a9eb-48c9983281e6,189372386,2011-08-22 13:27:00-06:00,2011-08-22,-105.4528390069,35.7418576974,2746.0,,15.0,27.2,,12.9,,1015.5,Amanita muscaria,"New Mexico, US",1
bf48e5af-8f9c-45e8-8cb7-f3b8e9fe30c0,189317579,2011-08-18 15:33:00-06:00,2011-08-18,-105.7313133288,35.7502793257,2981.0,,15.0,31.1,0.0,10.4,,1014.3,Amanita muscaria,"New Mexico, US",1
1504c41d-6b8a-4413-8b66-b63f9c4183fc,189082377,2023-08-27 17:44:44-06:00,2023-08-27,-105.8101656544,40.4205101217,3331.0,,8.7,22.1,5.7,4.0,,1031.3,Amanita muscaria,"Poudre Lake, Bellvue, CO, US",1
cc63f2ec-75ac-4e67-9ed9-bc7d29810fd5,188598326,2023-09-08 10:56:00-06:00,2023-09-08,-106.3751111111,39.6018333333,3356.0,,10.0,18.0,0.0,17.2,,1041.0,Amanita muscaria,"Eagle, Colorado, United States",1
01ef71ae-426d-4a20-bf98-6bfe8d25f929,188598325,2023-09-08 10:56:00-06:00,2023-09-08,-106.3751305556,39.6018277778,3356.0,,10.0,18.0,0.0,17.2,,1041.0,Amanita muscaria,"Eagle, Colorado, United States",1
6e23defd-89b3-4d29-97d2-77746b5d1936,188598324,2023-09-08 10:55:00-06:00,2023-09-08,-106.3746138889,39.601975,3312.0,,10.0,18.0,0.0,17.2,,1041.0,Amanita muscaria,"Eagle, Colorado, United States",1
abc7914d-ce63-4bff-81c6-044f916d214b,187700919,2023-08-12 16:11:00-06:00,2023-08-12,-104.9589148834,38.919286545,2850.0,,14.0,25.9,,9.2,,1014.0,Amanita muscaria,"Pike and San Isabel National Forests, Colorado Springs, CO, US",1
dce692d8-c880-47eb-b7a5-1c8271240a3e,187266982,2021-07-22 10:48:29-06:00,2021-07-22,-107.0949333333,38.8435133333,3106.0,,12.2,26.1,2.0,9.0,,1020.4,Amanita muscaria,"Grand Mesa Uncompahgre and Gunnison National Forests, Gunnison, CO, US",1
18298592-32b1-4ea7-8a3b-7d8d00d888f0,186477807,2021-07-16 14:35:00-06:00,2021-07-16,-105.3158779844,39.6352517914,2150.0,,16.0,33.0,0.0,10.2,,1019.2,Amanita muscaria,"Colorado, US",2
dd5e2f95-d116-4870-ba3e-9f52e9f9635b,185933274,2023-09-30 14:37:45-06:00,2023-09-30,-105.673540861,39.8859193631,3090.0,,-3.5,11.1,0.0,15.5,,1014.9,Amanita muscaria,"South Boulder Creek Trail, Idaho Springs, CO, US",1
4ff55c83-8c8e-4384-a344-26c5f23b3984,185883176,2023-08-23 15:37:00-06:00,2023-08-23,-105.6332430556,40.4103163889,2612.0,,7.0,25.2,0.0,4.2,,1032.4,Amanita muscaria,"Larimer County, Colorado, USA",1
1823a455-d90e-4fcb-a67b-0447ba43a27d,185883118,2023-08-23 11:25:00-06:00,2023-08-23,-105.8186780556,40.414,3253.0,,7.0,25.2,0.0,4.2,,1032.4,Amanita muscaria,"Rocky Mountain, Rocky Mountain National Park, Rocky Mountain National Park, Grand, Colorado, United States",1
a8168436-50c4-4d7a-af39-067083c8667e,185847238,2022-07-25 10:13:00-06:00,2022-07-25,-105.3172145784,39.6333092933,2184.0,,15.0,32.0,0.0,11.1,,1020.2,Amanita muscaria,"Evergreen, CO 80439, USA",1
b69a6474-009c-4d3d-a04b-01b149971bc1,185431846,2023-08-04 11:10:23-06:00,2023-08-04,-105.550849,38.997935,2742.0,,5.0,20.0,0.1,12.8,,1017.7,Amanita muscaria,"Stoll Mountain Rd, Lake George, CO, US",1
36b725da-d35b-4a64-a027-f8a599a0bc10,185313419,2023-09-12 18:30:00-06:00,2023-09-12,-106.3572777778,41.3131305556,3240.0,,3.0,23.0,0.0,6.9,,1024.0,Amanita muscaria,"Carbon County, WY, USA",1
e0c277c4-e723-4eb6-9196-1aa3990fd148,184924304,2023-09-15 14:58:17-06:00,2023-09-15,-105.583755,40.38062,3048.0,,4.2,15.9,3.7,4.6,,1028.5,Amanita muscaria,"Rocky Mountain National Park, Estes Park, CO, US",1
4a7d3f27-93a7-4e15-b353-f8b8106978ef,183861156,2022-08-16 08:43:16-06:00,2022-08-16,-105.8565133333,39.7064883333,3286.0,,2.9,7.4,10.8,7.3,,1024.7,Amanita muscaria,"Herman Gulch, Idaho Springs, CO, US",2
bb086038-0cd0-4c31-a5eb-2a4f3fe1242b,183796064,2023-09-17 16:41:10-06:00,2023-09-17,-105.5574833333,40.1667222222,3148.0,,10.0,27.0,0.0,4.9,,1022.0,Amanita muscaria,"Allenspark, CO, USA",2
ed4440d7-ad7e-4168-a94d-786f4364e9c4,183620016,2023-09-16 15:53:36-06:00,2023-09-16,-105.23607,39.5651866667,2292.0,,6.7,22.8,0.0,7.2,,1023.0,Amanita muscaria,"S Mariposa Dr, Morrison, CO, US",2
6f2cea81-e501-4459-a649-ed7bff24ece2,183423143,2023-07-17 08:43:08-06:00,2023-07-17,-104.983445,38.9925916667,2826.0,,10.9,34.1,0.0,13.3,,1013.9,Amanita muscaria,"Pike and San Isabel National Forests, Colorado Springs, CO, US",1
7693c6dc-37b0-469e-b5ea-db51fd2555ef,183421465,2023-08-29 09:59:56-06:00,2023-08-29,-105.0884471667,38.9151116667,2858.0,,8.2,25.0,0.0,10.6,,1022.0,Amanita muscaria,"Woodland Park, CO, US",1
5b947217-f1fe-4a96-aaa9-3eaed8271e65,183292680,2023-09-14 18:04:19-06:00,2023-09-14,-105.3288574219,36.2848243713,3196.0,,4.6,16.3,4.8,5.4,,1026.0,Amanita muscaria,Taos,2
56f88416-5391-4d31-9c9a-6c2681f8a2b1,182933436,2023-09-11 12:33:08-06:00,2023-09-11,-106.31658,41.3530716667,3330.0,,6.3,17.7,0.0,11.3,,1021.2,Amanita muscaria,"Laramie, WY, US",1
ec18b13d-2944-4c8f-b8cc-acd981d75c11,182885004,2023-09-09 10:49:08-06:00,2023-09-09,-106.1676834618,41.3209161537,2651.0,,6.0,26.0,0.0,14.8,,1028.7,Amanita muscaria,"Albany County, US-WY, US",2
9d413e53-a74a-452a-9d94-c5deac8041d0,182127970,2023-09-06 13:33:51-06:00,2023-09-06,-105.649825,39.6819533333,2853.0,,-1.1,14.3,0.0,14.7,,1020.1,Amanita muscaria,"W Chicago Creek Rd, Idaho Springs, CO, US",1
e64da6be-4550-4b42-aa41-670c1a7c5859,181939517,2023-09-04 07:23:51-06:00,2023-09-04,-105.8950116667,39.427645,3185.0,,0.2,12.1,0.0,18.3,,1012.6,Amanita muscaria,"Pike and San Isabel National Forests, Jefferson, CO, US",2
6f1e24a1-4a0a-4b1a-91a6-3b0ef313be0a,181931821,2023-08-29 13:55:58-06:00,2023-08-29,-105.28353,39.3817716667,2113.0,,1.6,15.2,0.0,8.7,,1024.6,Amanita muscaria,"Pike and San Isabel National Forests, Sedalia, CO, US",1
331255f2-e5e7-4200-9c94-12885782cb2e,181809735,2023-09-04 12:06:01-06:00,2023-09-04,-105.5083316937,40.0722081523,2781.0,,15.0,30.0,0.0,10.5,,1010.8,Amanita muscaria,"Ward, CO, USA",3
ac40db1a-ecde-4db8-a3ec-612c826ccb4e,181807601,2023-09-04 10:58:25-06:00,2023-09-04,-106.3226783333,41.33805,3228.0,,9.0,17.0,0.5,20.9,,1017.0,Amanita muscaria,"Laramie, WY, US",1
c34e2581-5377-404b-a072-398823bd7e88,181798066,2023-09-03 09:13:04-06:00,2023-09-03,-105.5271524614,40.1811051609,2638.0,,19.0,31.0,2.2,7.7,,1018.8,Amanita muscaria,"Colorado, US",1
6cd01cb7-3f3d-461d-a463-6b1b3c32231f,181693317,2023-09-03 10:39:00-06:00,2023-09-03,-105.5746555532,40.0834120062,3180.0,,6.5,21.2,8.6,4.6,,1027.5,Amanita muscaria,"Boulder County, CO, USA",2
dec25a23-4c01-45f0-bf40-5a8474a0d7b4,181576671,2023-09-02 09:35:47-06:00,2023-09-02,-105.5580833333,40.0819971667,3101.0,,20.0,33.0,0.0,7.7,,1021.0,Amanita muscaria,"Waldrop North, Ward, CO, US",2
18cd239a-dc81-4ab6-b8b5-db071bc10049,181388807,2023-08-26 13:26:50-06:00,2023-08-26,-105.5231783333,40.1245388333,2808.0,,15.0,24.0,0.0,2.8,,1027.2,Amanita muscaria,"Ward, CO, US",1
82692465-ad79-4ca3-affd-5b8f6681dcf7,181126934,2023-08-31 16:28:43-06:00,2023-08-31,-106.0773555,39.649605,2656.0,,12.0,22.0,0.3,16.4,,1036.4,Amanita muscaria,"White River National Forest, Silverthorne, CO, US",1
f966f5bf-d563-4697-8ece-d2a5d45b246d,181093697,2023-08-31 13:00:02-06:00,2023-08-31,-106.4412918091,39.5893249512,2532.0,,12.0,22.0,0.3,16.4,,1036.4,Amanita muscaria,Basalt,2
337c80b2-5b36-4a56-a499-62a06f7f902c,180912129,2023-08-26 20:00:13-06:00,2023-08-26,-105.553318859,39.9957861932,2957.0,,15.0,24.0,0.0,2.8,,1027.2,Amanita muscaria,"Nederland, CO, US",1
ce041051-a8d6-4f2f-a981-7e40f770022d,180876087,2023-08-29 17:23:47-06:00,2023-08-29,-105.8402276352,39.5226963521,3616.0,,0.8,13.6,0.0,9.7,,1025.3,Amanita muscaria,"Colorado, US",1
2e1e0358-b727-4c5b-b506-aca5a888b1ea,180844986,2023-08-29 14:24:15-06:00,2023-08-29,-106.0603945,39.360905,3540.0,,2.8,22.2,0.0,6.4,,1019.5,Amanita muscaria,"Pike and San Isabel National Forests, Jefferson, CO, US",1
ee8aa809-fa22-4b8a-bacb-1e60afbfc7ce,180779534,2023-08-27 13:02:06-06:00,2023-08-27,-106.1038833333,39.5794027778,2769.0,,10.0,18.0,2.5,11.3,,1040.6,Amanita muscaria,"Frisco, CO, USA",1
da84c6f5-6d48-4c2e-8e5d-d15c94608e4c,180642047,2023-08-28 10:55:54-06:00,2023-08-28,-106.0763089825,39.6491257009,2653.0,,9.0,16.0,0.4,8.7,,1040.6,Amanita muscaria,"Blue River, Silverthorne, CO, US",1
4519c00f-bdb4-4e14-8616-22d5f9ab99b4,180627235,2023-08-28 09:16:02-06:00,2023-08-28,-105.5748430175,40.0464834832,3334.0,,6.8,21.5,4.9,4.2,,1032.0,Amanita muscaria,"Ward, CO, US",1
8d38f9cf-d21b-4f00-9f8d-f147f0c111b3,180575244,2023-08-27 18:56:17-06:00,2023-08-27,-105.5083316937,40.0722081523,2781.0,,15.0,30.0,3.2,6.5,,1023.8,Amanita muscaria,Ward,1
dfc6d490-ca45-4cbd-838c-dfcd41f2b24c,180532950,2023-08-27 08:23:11-06:00,2023-08-27,-105.63582,39.9508216667,3037.0,,2.4,14.2,4.5,10.6,,1024.4,Amanita muscaria,"King Lake, Nederland, CO, US",1
7b7ffbb9-f7ce-4825-b915-936102ab548e,180532844,2023-08-27 08:26:10-06:00,2023-08-27,-105.63807,39.9497383333,3037.0,,2.4,14.2,4.5,10.6,,1024.4,Amanita muscaria,"King Lake, Nederland, CO, US",2
f4b09bef-1efb-41d6-bd87-7ed229a620a5,180529677,2023-08-27 08:11:13-06:00,2023-08-27,-105.6224366667,39.953555,2964.0,,2.4,14.2,4.5,10.6,,1024.4,Amanita muscaria,"King Lake, Nederland, CO, US",1
241d208a-2a58-4c6e-b545-2e809678c289,180512958,2023-08-27 14:05:14-06:00,2023-08-27,-105.4471160789,39.8576023113,2694.0,,15.0,30.0,3.2,6.5,,1023.8,Amanita muscaria,"Damascus Rd, Black Hawk, CO, US",2
a7a8c767-0208-4dee-81b5-dd0367aac803,180426339,2023-08-26 13:33:52-06:00,2023-08-26,-105.8201985061,40.4122975256,3241.0,,9.5,22.7,4.0,1.8,,1031.8,Amanita muscaria,Lake Irene Trail,1
09fa4fcc-fef1-4bb9-92c9-de5a1ad66753,180350642,2023-08-26 11:37:20-06:00,2023-08-26,-105.671045,39.51547,3163.0,,2.6,12.6,8.1,8.7,,1025.8,Amanita muscaria,"Mount Evans Wilderness, Bailey, CO, US",3
74d059c5-a98a-45d2-806e-b9a8744908f7,180341417,2023-08-26 09:45:22-06:00,2023-08-26,-105.7866881647,39.8127217479,3441.0,,2.6,12.6,8.1,8.7,,1025.8,Amanita muscaria,"Parshall, CO, US",2
709b6e3e-72a7-4e76-84b8-c12088e23356,180224044,2023-08-25 11:53:40-06:00,2023-08-25,-105.8376606926,40.1163296336,2663.0,,11.0,18.6,7.2,3.1,,1032.0,Amanita muscaria,Doe Creek,1
97fd5966-0d7a-4524-8ca1-d5228991079b,180181158,2023-08-25 12:54:26-06:00,2023-08-25,-105.7447688749,40.1072344604,2546.0,,11.0,18.6,7.2,3.1,,1032.0,Amanita muscaria,"Monarch Lake, Granby, CO, US",2
0866b173-4ebd-4642-bbba-71a63ad22656,180180365,2023-08-25 12:54:51-06:00,2023-08-25,-105.7256071622,40.1023931742,2555.0,,11.0,18.6,7.2,3.1,,1032.0,Amanita muscaria,"Grand County, US-CO, US",2
e9bee552-2f5f-4fd5-a00c-c04f5da7e8c4,179924480,2023-08-22 19:11:22-06:00,2023-08-22,-104.8836666667,39.4054083333,1872.0,,18.3,33.3,0.0,21.7,,1015.6,Amanita muscaria,"AdventHealth Castle Rock, Castle Rock, CO, US",2
b4aaf79a-d42a-4180-a6e1-905b51daae73,179897725,2023-08-22 17:21:01-06:00,2023-08-22,-106.5694771879,39.2610287692,3264.0,,5.6,22.8,0.0,10.7,,1018.7,Amanita muscaria,"Colorado, US",1
491c1955-85d2-48d0-b607-4fc94c1b0751,179871477,2023-08-23 12:33:18-06:00,2023-08-23,-105.1065888333,38.8759466667,3163.0,,13.1,31.4,0.0,13.5,,1019.8,Amanita muscaria,"Pike and San Isabel National Forests, Woodland Park, CO, US",1
50ac9cf5-19f9-4732-a59c-328b3143866a,179785664,2023-08-19 09:24:14-06:00,2023-08-19,-106.3121716667,41.386105,3278.0,,14.4,25.7,3.5,17.8,,1016.2,Amanita muscaria,"Quealy Lake Trail, Laramie, WY, US",2
eaec0aeb-9192-4c98-93b9-4e58c27eb034,179553042,2023-08-18 15:46:46-06:00,2023-08-18,-105.5262366667,40.4793366667,3092.0,,17.2,35.0,0.3,8.7,,1009.6,Amanita muscaria,"Rocky Mountain National Park, Estes Park, CO, US",1
fab0af4f-cf47-4bb3-8dd8-4e1e41b51130,179447781,2023-08-20 10:53:51-06:00,2023-08-20,-105.0986214163,39.0893264567,2375.0,,13.5,31.6,0.0,20.2,,1016.6,Amanita muscaria,"Teller County, US-CO, US",1
def64ece-92aa-4a35-818c-79eab797caf3,179445769,2021-08-01 12:58:00-06:00,2021-08-01,-106.9974138889,37.6817166667,2857.0,,5.0,10.0,7.3,3.1,,1043.7,Amanita muscaria,"Mineral County, CO, USA",1
d03540a0-1534-4edd-9c7f-436348cb876d,179289888,2023-08-14 10:35:55-06:00,2023-08-14,-106.300775,41.5357466667,2769.0,,4.2,22.8,0.0,12.5,,1024.4,Amanita muscaria,"Medicine Bow National Forest, Carbon County, WY, USA",1
08b2f4cf-e751-46d9-8d09-870497e82fa6,179201713,2023-08-19 12:55:41-06:00,2023-08-19,-106.1867599487,39.5260925293,3472.0,,12.0,22.0,0.5,22.9,,1039.8,Amanita muscaria,Silverthorne,1
3807205e-8bd9-402a-94e0-178bde600150,179047612,2023-07-28 10:23:00-06:00,2023-07-28,-105.850765,40.4082133333,2761.0,,9.5,27.1,0.1,6.6,,1032.3,Amanita muscaria,"Comté de Grand, Colorado, États-Unis",1
97781ed1-cad4-4c43-b561-1d23c1d020a4,178894982,2022-07-28 10:11:29-06:00,2022-07-28,-106.0473191646,39.474679227,2948.0,,8.9,15.0,,10.1,,1016.6,Amanita muscaria,"White River National Forest, Breckenridge, CO, US",1
c0fce634-4944-4e5c-ba2f-b69599de07dd,178564756,2023-08-15 14:02:24-06:00,2023-08-15,-105.5733789504,36.4072117378,2123.0,,12.2,25.6,0.0,7.1,,1026.0,Amanita muscaria,Taos,3
896de5e3-d326-48f1-a54c-3bcab6d0fdbc,178285819,2023-08-13 11:37:59-06:00,2023-08-13,-105.5373314124,40.0168746199,2964.0,,16.0,25.0,0.0,9.6,,1024.8,Amanita muscaria,"Colorado, US",1
eb1dd282-ee6b-40a9-988d-7f53ac8d519e,178245119,2023-08-13 11:52:48-06:00,2023-08-13,-105.7104187012,40.7960205078,2990.0,,8.3,18.5,1.9,17.7,,1021.6,Amanita muscaria,"Larimer County, US-CO, US",1
b30672a4-2d42-499b-b93a-ebe706c4c0f9,178191293,2023-08-11 16:31:00-06:00,2023-08-11,-105.8532960199,40.3235752551,2680.0,,5.3,23.2,3.2,5.4,,1028.0,Amanita muscaria,"Rocky Mountain National Park, Granby, CO, US",1
534bb2b6-30a9-407e-a301-f3ca2282a3af,178092521,2023-08-12 12:12:00-06:00,2023-08-12,-105.5832883333,40.0499305,3394.0,,7.6,22.4,1.2,6.2,,1029.1,Amanita muscaria,"Ward, CO, US",5
0cfb048e-70a4-4b79-96ad-324194faa20a,178089336,2023-08-12 16:13:19-06:00,2023-08-12,-105.421210092,41.2536409032,2561.0,,12.5,24.5,0.0,15.1,,1015.1,Amanita muscaria,"Porcupine Hill Rd, Laramie, WY, US",1
181a163a-a429-40c1-acbe-0bc99b02846d,177772331,2021-07-16 14:19:06-06:00,2021-07-16,-105.7144866667,35.858375,3026.0,,14.4,30.0,,14.6,,1012.0,Amanita muscaria,"Santa Fe National Forest, Pecos, NM, US",1
37835d3a-1277-46db-883a-eb7343c6949e,177495633,2023-08-08 08:50:32-06:00,2023-08-08,-105.91517,40.6581533333,3053.0,,6.2,22.9,2.0,13.6,,1015.7,Amanita muscaria,"Rawah, Bellvue, CO, US",1
09f3568a-1acd-46e6-b8ba-72e1a18eba57,177454830,2023-08-08 12:30:30-06:00,2023-08-08,-105.8203283333,40.4129033333,3255.0,,3.5,24.0,0.0,7.3,,1025.7,Amanita muscaria,"Rocky Mountain National Park, Granby, CO, US",1
a505b039-40dd-4c31-aaf0-a6a270991c0b,177237149,2023-08-03 12:59:35-06:00,2023-08-03,-103.52835,43.85642,2021.0,,15.0,23.9,7.6,9.5,,1015.0,Amanita muscaria,"Black Hills National Forest, Keystone, SD, US",2
fe99d95c-6b53-41ed-a570-8e6361b354c2,177220086,2023-08-07 12:47:54-06:00,2023-08-07,-103.5288212965,43.8567644695,2021.0,,9.4,16.1,,6.4,,1018.5,Amanita muscaria,"Black Hills National Forest, Keystone, SD, US",2
d23a8294-fa4c-482a-8adb-a76b1468db17,177185317,2023-08-06 13:00:19-06:00,2023-08-06,-105.8457633333,40.456,2900.0,,5.2,23.2,3.0,8.7,,1029.9,Amanita muscaria,"Rocky Mountain National Park, Granby, CO, US",1
9244e8b7-378e-4a90-a853-d115858bdecd,177183768,2023-08-03 12:03:46-06:00,2023-08-03,-105.5714722222,40.1282472222,3022.0,,9.6,23.2,0.3,9.0,,1029.2,Amanita muscaria,"Lyons, CO 80540, USA",2
80ef3660-268a-4a51-aaa5-312f2a17a9eb,177171895,2023-08-06 11:20:58-06:00,2023-08-06,-105.849319458,40.4026031494,2768.0,,5.2,23.2,3.0,8.7,,1029.9,Amanita muscaria,"Rocky Mountain, Rocky Mountain National Park, Rocky Mountain National Park, Grand County, US-CO, US",1
b20015cd-a974-4faf-a435-97eaa1ed3709,177124655,2023-08-06 09:46:33-06:00,2023-08-06,-105.5459966667,40.55632,,,14.4,21.7,,9.3,,1020.9,Amanita muscaria,"Signal Mountain, Bellvue, CO, US",1
2b9450f4-dc67-4374-ab0b-21430b6b7e32,177124470,2023-08-06 09:32:32-06:00,2023-08-06,-105.5491755946,40.5659005451,2618.0,,14.4,21.7,,9.3,,1020.9,Amanita muscaria,"Signal Mountain, Bellvue, CO, US",1
af5e8570-f5c7-4dc3-a0fe-98ddb05e8dcf,176944159,2022-07-20 19:50:57-06:00,2022-07-20,-107.6683947444,38.0184051535,2455.0,,13.0,27.0,0.7,7.9,,1033.5,Amanita muscaria,"Ouray, CO, USA",1
5b1cb5d8-35ff-41d6-aa64-f55df437de4b,176909875,2023-08-05 14:59:00-06:00,2023-08-05,-105.3440962069,39.4147448187,2220.0,,5.3,19.6,1.4,12.9,,1019.4,Amanita muscaria,"Colorado, US",1
3c6cad02-d4f3-4e49-8d1e-c95fdb975646,176909666,2023-08-05 14:53:50-06:00,2023-08-05,-105.3375851513,39.5198266756,2723.0,,14.4,27.2,,8.9,,1016.6,Amanita muscaria,"Colorado, US",1
aa7884de-ef2a-4e00-b62e-b22ea9256a14,176908562,2023-08-05 12:58:39-06:00,2023-08-05,-105.2282900895,39.5089689975,2614.0,,14.4,27.2,,8.9,,1016.6,Amanita muscaria,"Colorado, US",1
d2e7a1ca-9a1e-4c73-8cb0-ea0dd44176f1,176906948,2023-08-04 11:43:25-06:00,2023-08-04,-105.206847977,39.4965999349,2396.0,,15.0,28.9,0.0,7.8,,1014.2,Amanita muscaria,"Colorado, US",2
40200c62-01aa-4fb9-a73d-a291e1f5411c,176906431,2023-08-04 11:04:56-06:00,2023-08-04,-105.2986048093,39.4546382068,2338.0,,15.0,28.9,0.0,7.8,,1014.2,Amanita muscaria,"Colorado, US",1
bdc8b1fb-cc17-429f-8f14-42798c8d9c85,176904483,2023-08-04 09:50:35-06:00,2023-08-04,-105.2883147712,39.592298977,2399.0,,15.0,28.9,0.0,7.8,,1014.2,Amanita muscaria,"Colorado, US",1
b6ed4aaf-5de8-4867-bb5c-9418b153c3fb,176861227,2023-08-04 16:44:57-06:00,2023-08-04,-105.3402432,39.3401408,2261.0,,5.0,20.0,0.1,12.8,,1017.7,Amanita muscaria,"Pine, CO 80470, USA",3
39d54b1b-9b83-42ae-995a-c99d277fecdf,176691079,2023-08-04 08:21:00-06:00,2023-08-04,-105.6401009005,40.3083073255,2831.0,,6.5,24.0,0.2,8.9,,1028.8,Amanita muscaria,"Larimer County, CO, USA",1
f03c51f8-5e97-4c70-a136-fff6e3cf7389,176597973,2023-08-01 09:04:06-06:00,2023-08-01,-105.651378762,40.3095294815,2970.0,,10.2,25.7,4.0,8.5,,1031.6,Amanita muscaria,"Rocky Mountain, Rocky Mountain National Park, Rocky Mountain National Park, Larimer County, US-CO, US",1
ee570b52-9cdb-4416-9778-fa4d3604c31f,176552301,2023-08-03 11:51:49-06:00,2023-08-03,-105.823387146,40.40965271,3220.0,,9.6,23.2,0.3,9.0,,1029.2,Amanita muscaria,"Rocky Mountain, Rocky Mountain National Park, Rocky Mountain National Park, Grand County, US-CO, US",1
65d7d282-bd75-492a-9a05-363451cc3f97,176214809,2023-07-31 09:16:00-06:00,2023-07-31,-105.863550057,40.4077911136,3036.0,,11.0,25.7,5.8,4.8,,1031.1,Amanita muscaria,"Grand County, CO, USA",1
ab74082b-4407-4ec0-9cc3-4cf6eaa59322,176194993,2023-08-01 07:32:15-06:00,2023-08-01,-105.6357956,40.4193114,2830.0,,10.2,25.7,4.0,8.5,,1031.6,Amanita muscaria,"Rocky Mountain, Rocky Mountain National Park, Rocky Mountain National Park, Larimer County, US-CO, US",1
b783a61d-cdb0-444a-88c6-a2015fac502d,175819072,2022-08-16 13:02:00-06:00,2022-08-16,-106.3906467063,39.2233246643,2957.0,,8.3,15.6,,6.0,,1017.1,Amanita muscaria,"Lake County, CO, USA",1
85479597-6883-488e-948b-2a153bcd9281,175757671,2022-08-12 13:59:00-06:00,2022-08-12,-107.7030194444,37.9051194444,3323.0,,10.0,22.0,3.4,8.2,,1034.7,Amanita muscaria,"Ouray County, CO, USA",1
f8ccd1ea-3851-4dc1-b572-8c2f6444da9e,175202917,2023-07-26 16:15:00-06:00,2023-07-26,-105.6508183333,39.8991133333,2854.0,,5.5,16.7,8.2,10.1,,1023.8,Amanita muscaria,"Gilpin County, CO, USA",1
05975ffe-a414-472e-8fdc-43bbf5288839,175137081,2023-07-26 11:37:53-06:00,2023-07-26,-105.85035964,40.42531523,2788.0,,9.1,25.8,0.7,7.6,,1032.3,Amanita muscaria,"Rocky Mountain, Rocky Mountain National Park, Rocky Mountain National Park, Grand County, US-CO, US",1
47005425-b008-444a-8d49-9b7371ca2f8f,175137074,2023-07-26 09:16:44-06:00,2023-07-26,-105.85055061,40.42025593,2794.0,,9.1,25.8,0.7,7.6,,1032.3,Amanita muscaria,"Rocky Mountain, Rocky Mountain National Park, Rocky Mountain National Park, Grand County, US-CO, US",1
9aaddb92-06aa-4385-a9bf-81bc56ede13f,174953194,2021-07-25 11:56:49-06:00,2021-07-25,-105.1651784726,36.5340398155,2362.0,,6.0,19.9,6.0,5.4,,1031.4,Amanita muscaria,"Cimarron Canyon State Park, Cimarron, NM, US",2
580ec26d-a8fb-440f-8962-02d0e11935fb,174876241,2023-07-11 20:00:30-06:00,2023-07-11,-103.849725,44.2737583333,1702.0,,16.2,25.9,11.1,16.3,,1010.1,Amanita muscaria,"Black Hills National Forest, Lead, SD, US",2
e85254d2-8af8-4907-a691-c6854de1f82b,174704282,2023-07-24 10:16:19-06:00,2023-07-24,-104.956925258,38.9183257759,2881.0,,12.3,33.9,,14.9,,1016.2,Amanita muscaria,"Pike and San Isabel National Forests, Cascade, CO, US",2
85649073-0dd5-4c9a-b03c-963d63fa1724,174704229,2023-07-24 10:15:59-06:00,2023-07-24,-104.9570039229,38.9183365491,2881.0,,12.3,33.9,,14.9,,1016.2,Amanita muscaria,"Pike and San Isabel National Forests, Cascade, CO, US",1
42694fa9-1a61-4fd8-a545-6fbbd23721d8,174410957,2021-07-28 11:46:54-06:00,2021-07-28,-108.2059164718,37.6974417041,2909.0,,12.0,23.0,3.0,5.6,,1034.6,Amanita muscaria,"Dolores, CO 81323, USA",1
776a2f1e-591e-4b4f-8a1e-8c47485f551c,174380491,2023-07-22 17:35:32-06:00,2023-07-22,-105.35682,39.61853,2428.0,,15.0,32.0,0.0,8.8,,1024.5,Amanita muscaria,"Evergreen, CO, US",1
2443d1cc-5e54-42d3-b8ad-e3d2595025ef,174353420,2023-07-21 17:57:38-06:00,2023-07-21,-105.1024028333,39.3845966727,2347.0,,12.8,27.2,,8.8,,1021.7,Amanita muscaria,"Pike and San Isabel National Forests, Sedalia, CO, US",1
09b22412-b814-441d-bb26-3fbd501bc278,174347680,2023-07-22 09:17:16-06:00,2023-07-22,-105.5474289722,40.559739,2649.0,,14.4,32.8,0.0,6.8,,1016.9,Amanita muscaria,"Bellvue, CO 80512, USA",1
93cf15a9-f44b-42fb-8df6-ee1b1c10397f,174200634,2023-07-21 13:41:37-06:00,2023-07-21,-105.8465575611,40.4554860089,2917.0,,6.7,22.0,0.1,5.5,,1033.3,Amanita muscaria,"Rocky Mountain, Rocky Mountain National Park, Rocky Mountain National Park, Grand County, US-CO, US",1
c8e9b2f8-fb36-45f2-bd4a-27ade2530f3f,174200608,2023-07-21 13:31:26-06:00,2023-07-21,-105.8489635592,40.4548255054,2926.0,,6.7,22.0,0.1,5.5,,1033.3,Amanita muscaria,"Rocky Mountain, Rocky Mountain National Park, Rocky Mountain National Park, Grand County, US-CO, US",1
d0f1b82e-db66-4639-8f6a-47024ce6f11b,174191621,2023-07-21 12:40:31-06:00,2023-07-21,-105.152713,39.3288774997,2460.0,,12.8,27.2,,8.8,,1021.7,Amanita muscaria,"Sedalia, CO 80135, USA",1
a1b86c99-7952-4c2c-ab17-d677f9a0fac6,174178008,2023-07-21 12:23:40-06:00,2023-07-21,-104.9642116667,39.20958,2042.0,,11.0,23.0,10.1,8.4,,1030.8,Amanita muscaria,"Pike and San Isabel National Forests, Larkspur, CO, US",1
db9937cb-ccc3-4bd3-a290-ccf029d671f8,173830044,2023-07-19 10:43:56-06:00,2023-07-19,-105.425745,39.69127,2617.0,,2.9,13.7,11.5,11.7,,1025.8,Amanita muscaria,"Evergreen, CO, US",1
1c4cd05f-8518-4714-b3f4-e96453ae05e4,173449286,2022-08-10 11:00:00-06:00,2022-08-10,-105.5847530786,40.0755266764,3214.0,,7.9,27.5,0.0,5.6,,1033.5,Amanita muscaria,"Boulder County, CO, USA",1
19fe6654-8360-4733-a0c9-24b8cf9fe7f3,173432804,2021-08-08 10:47:03-06:00,2021-08-08,-105.62065,40.5533416667,2976.0,,,,,,,,Amanita muscaria,"Meadow Trail, Bellvue, CO, US",1
40f7d56e-cf01-453e-8e29-ae50a8706542,173207243,2023-07-15 11:58:15-06:00,2023-07-15,-105.3679716667,39.571505,2519.0,,2.0,14.4,0.2,13.9,,1022.1,Amanita muscaria,"Evergreen, CO, US",1
199096fc-0558-4b01-afed-a43f98cffbcd,173151180,2023-07-15,2023-07-15,-105.6407888979,40.7405697191,2776.0,,,,,,,,Amanita muscaria,"Bellvue, CO 80512, USA",1
93fdbca0-7253-4c7b-bfe9-2e4cbdd43ecb,172918566,2023-07-09 17:06:00-06:00,2023-07-09,-105.256185551,39.4880221118,2575.0,,13.3,26.1,0.0,10.9,,1014.4,Amanita muscaria,"S Ridge Rd, Conifer, CO, US",1
e0d1d258-3fbe-49ec-8709-5b279f2fffca,172535848,2023-07-09 10:54:35-06:00,2023-07-09,-105.5448133333,40.30973,2736.0,,13.2,28.7,2.3,2.7,,1020.3,Amanita muscaria,"Rocky Mountain National Park, Estes Park, CO, US",1
d1959b7b-7513-4c91-946d-f07b492c3d67,172420561,2021-07-16 17:48:00-06:00,2021-07-16,-105.0447959,36.5672125,2518.0,,5.8,22.8,19.3,5.9,,1029.3,Amanita muscaria,"Philmont Scout Ranch, New Mexico 87714",2
97a878be-276a-4db1-9b33-4c87fe0d822f,172365317,2023-07-08 17:00:41-06:00,2023-07-08,-105.429680258,40.0056409507,2351.0,,14.0,24.0,0.2,8.4,,1019.1,Amanita muscaria,"Colorado, US",1
dbe21549-04c4-4e30-8403-c2bb5b172061,172201831,2023-07-10 12:40:26-06:00,2023-07-10,-105.4203491211,39.9427490234,2518.0,,15.0,33.0,0.0,4.4,,1017.6,Amanita muscaria,"Boulder County, US-CO, US",1
c167494d-d02e-4406-85d7-3f5d146f9e79,172170562,2023-07-08 09:13:37-06:00,2023-07-08,-105.308145,39.9804716667,2305.0,,14.0,24.0,0.2,8.4,,1019.1,Amanita muscaria,"Boulder, CO, US",1
6526a307-ac6c-4562-aacc-7f58770a68b7,172148216,2023-07-09 15:38:11-06:00,2023-07-09,-105.5392185989,40.1156549056,2875.0,,13.0,27.0,0.2,4.3,,1019.8,Amanita muscaria,"County Road 96, Ward, CO, US",1
2c7128b5-9904-49bf-b751-2066f90abb1a,172103409,2023-07-08 14:43:21-06:00,2023-07-08,-105.3621616667,39.85553,2447.0,,14.0,25.0,1.3,12.2,,1020.0,Amanita muscaria,"Golden Gate Canyon State Park, Golden, CO, US",2
c1de375f-b8ec-44fe-a678-287c27cad022,172076618,2023-07-09 18:54:41-06:00,2023-07-09,-105.3290102961,39.6330179708,2159.0,,13.0,27.0,0.0,10.0,,1021.0,Amanita muscaria,"Upper Bear Creek Rd, Evergreen, CO, US",1
33930f8c-f904-4ee9-b564-caa79036049b,172000778,2023-07-08 09:31:05-06:00,2023-07-08,-105.3791783006,39.5668173815,2562.0,,-0.4,15.0,0.0,15.2,,1015.7,Amanita muscaria,"Maxwell Falls Loop, Conifer, CO, US",1
d98223ab-650a-49ad-b90b-c785b7e4939f,171977328,2023-07-09 10:14:23-06:00,2023-07-09,-105.39788202,39.97946997,2480.0,,13.0,27.0,0.2,4.3,,1019.8,Amanita muscaria,"Nederland, CO 80466, USA",1
966f104f-49d8-409e-8e16-fee91bf9d148,171868080,2023-07-08 10:40:08-06:00,2023-07-08,-105.4974901387,40.5329082358,2983.0,,13.3,23.3,,10.9,,1014.4,Amanita muscaria,"Colorado, US",1
70ed98f4-c2cb-47bc-9e3e-cb8e9d444c11,171804809,2023-07-08 12:55:58-06:00,2023-07-08,-105.3864359336,39.5663806127,2612.0,,-0.4,15.0,0.0,15.2,,1015.7,Amanita muscaria,"Jefferson County, US-CO, US",1
4f5b788d-851d-44fb-bf9c-2ebd9e9c54c4,171802901,2023-07-08 12:46:21-06:00,2023-07-08,-105.3842092602,39.5684463652,2576.0,,-0.4,15.0,0.0,15.2,,1015.7,Amanita muscaria,"Jefferson County, US-CO, US",1
e098e0b5-711e-4ff6-a02a-972fd683947d,171762683,2023-07-08 09:30:45-06:00,2023-07-08,-105.379231861,39.5668038447,2562.0,,-0.4,15.0,0.0,15.2,,1015.7,Amanita muscaria,"Maxwell Falls Loop, Conifer, CO, US",1
71e0d497-4f89-455b-ad5b-b205017672a7,171743575,2023-07-07 11:55:28-06:00,2023-07-07,-103.4833654919,43.8830806577,1598.0,,8.9,21.1,0.0,8.7,,1014.7,Amanita muscaria,"Black Hills National Forest, Keystone, SD, US",4
30245770-ac57-4904-90f6-56e828eda858,171644090,2023-07-07 09:39:54-06:00,2023-07-07,-105.4127716667,40.1684633333,2365.0,,14.1,25.5,4.1,6.7,,1020.0,Amanita muscaria,"Lyons, CO, US",1
1f59c327-b828-4177-b353-647755c187d9,171639127,2023-07-07 07:39:00-06:00,2023-07-07,-105.4330219403,40.1599589051,2480.0,,13.0,24.0,9.0,6.5,,1019.7,Amanita muscaria,"Colorado, US",1
6641d567-affb-47ec-943c-33721f86a7df,171615115,2023-07-07 10:21:29-06:00,2023-07-07,-105.290940581,39.9652317027,2228.0,,13.0,24.0,9.0,6.5,,1019.7,Amanita muscaria,"Louisville, CO, US",3
1e03c939-381c-4e58-a2dd-24ee56fcd16b,171610898,2023-07-06 19:22:39-06:00,2023-07-06,-105.3043536119,39.9292330694,1973.0,,13.0,23.0,6.1,5.4,,1019.4,Amanita muscaria,"Colorado, US",1
f48eb818-bcfa-4fec-a461-081b477e75a0,171334792,2023-07-05 12:10:28-06:00,2023-07-05,-104.91672552,38.78640787,2397.0,,12.0,18.5,4.7,15.0,,1025.1,Amanita muscaria,"El Paso County, US-CO, US",2
d84500f7-8111-46c0-965f-e5a95c172d55,171334785,2023-07-05 12:10:05-06:00,2023-07-05,-104.91673051,38.78639123,2397.0,,12.0,18.5,4.7,15.0,,1025.1,Amanita muscaria,"El Paso County, US-CO, US",2
3eee6298-7576-47ec-bcbf-90a750a7de89,171331520,2023-07-05 21:08:00-06:00,2023-07-05,-104.9040474,38.7902633,2311.0,,12.0,18.5,4.7,15.0,,1025.1,Amanita muscaria,"N Cheyenne Canyon Rd, Colorado Springs, CO 80906, USA",2
73a713f1-7eb9-4951-aa8c-d512ed1e4d72,171298668,2023-07-05 10:38:34-06:00,2023-07-05,-103.6376179018,44.1763378856,1711.0,,7.1,17.7,0.2,10.1,,1021.7,Amanita muscaria,"Lawrence County, US-SD, US",1
5ba2136f-ff10-42da-825c-978d541bf32e,171036246,2021-07-24 09:41:08-06:00,2021-07-24,-105.6219141113,40.2618389302,3982.0,,11.0,25.3,0.7,7.8,,1030.5,Amanita muscaria,"Colorado, US",1
48b5257f-aec1-4c6f-8509-fef98b6ff3bf,170957989,2023-07-03 19:42:04-06:00,2023-07-03,-105.3413,39.9383866667,2079.0,,16.0,32.0,0.0,6.6,,1018.3,Amanita muscaria,"Boulder, CO, US",2
9e75e90d-e69e-4aa0-9141-2959874808cb,170954667,2023-07-03 18:03:48-06:00,2023-07-03,-105.2573225275,39.3447961104,2398.0,,4.0,19.3,0.2,10.4,,1016.3,Amanita muscaria,"Pine, CO 80470, USA",2
412dea9d-d813-492f-b6e9-c2e8e978b43a,170760135,2023-06-24 12:43:30-06:00,2023-06-24,-103.5550216667,43.8530783333,1938.0,,7.8,16.7,,11.3,,1011.7,Amanita muscaria,"Custer State Park, Custer, SD, US",1
87ff1a2d-7230-4d0f-a4fc-6d22bb2d6f6c,170739805,2023-07-02 13:16:21-06:00,2023-07-02,-103.5560055556,43.8609388889,1902.0,,11.7,25.0,,6.4,,1012.4,Amanita muscaria,"Keystone, SD 57751, USA",1
080ebb30-db0a-4b8b-813c-ad9fd87cb04f,170642858,2023-07-01 14:44:14-06:00,2023-07-01,-103.56343,43.845045,1887.0,,8.3,23.9,,7.4,,1015.8,Amanita muscaria,"Custer State Park, Custer, SD, US",1
3584539e-cbd2-4c32-90eb-af1ece242208,170642742,2023-07-01 14:44:12-06:00,2023-07-01,-103.5634216667,43.8450366667,1887.0,,8.3,23.9,,7.4,,1015.8,Amanita muscaria,"Custer State Park, Custer, SD, US",1
835b90b0-13a3-4a85-bce1-d890f1f94386,170570653,2023-07-01 14:35:46-06:00,2023-07-01,-104.8978609219,38.7868264532,2260.0,,13.0,24.0,0.2,8.8,,1024.9,Amanita muscaria,"Colorado Springs, CO 80906, USA",2
ee4a4619-b70a-4d5e-9b59-f2e01ab4ef9c,170476603,2023-06-24 12:43:17-06:00,2023-06-24,-103.5550533333,43.8530883333,1938.0,,7.8,16.7,,11.3,,1011.7,Amanita muscaria,"Custer State Park, Custer, SD, US",1
ef7547ee-c001-4b93-9312-2e4e78483bfb,170407218,2022-08-19 12:37:50-06:00,2022-08-19,-106.002525,39.635905,3484.0,,7.0,15.0,2.7,11.6,,1036.6,Amanita muscaria,"White River National Forest, Dillon, CO, US",1
ff3876f7-fc7d-47df-bd01-7835c5360e04,170147468,2023-06-29 10:04:30-06:00,2023-06-29,-104.8632238805,38.999368992,2103.0,,14.9,25.2,,19.8,,1010.9,Amanita muscaria,"Air Force Academy, CO 80840, USA",1
4cde4513-873a-4360-b845-474d5eecab40,170125150,2023-06-28 13:51:48-06:00,2023-06-28,-103.468705,44.1554111667,1395.0,,12.0,26.0,0.0,16.2,,1013.1,Amanita muscaria,"Black Hills National Forest, Deadwood, SD, US",3
42b2c4f5-07d8-469f-81d5-1cf4130793c6,170107280,2023-06-28 14:27:00-06:00,2023-06-28,-105.5939634377,40.5681079456,2767.0,,,,,,,,Amanita muscaria,"Larimer County, CO, USA",1
b39f57e3-88dc-4190-b964-519ba067559c,169994697,2023-06-24 12:40:42-06:00,2023-06-24,-103.5555883333,43.8529783333,1938.0,,7.8,16.7,,11.3,,1011.7,Amanita muscaria,"Custer State Park, Custer, SD, US",1
98055e3d-0475-4953-9845-adc9eea905b2,169738379,2023-06-10 09:21:40-06:00,2023-06-10,-105.2803129233,39.9875737615,1822.0,,11.0,22.0,0.5,4.6,,1016.6,Amanita muscaria,"12th St, Boulder, CO, US",2
88f8b4d1-b744-41bb-b3d6-cfef7b1b3324,169697668,2023-06-22 13:02:04-06:00,2023-06-22,-105.3057119842,40.0300065231,1922.0,,15.0,26.0,5.5,7.4,,1019.4,Amanita muscaria,"Boulder, CO, US",2
226e3f68-c2ad-4c68-a8b4-7b658ad32f3d,169680968,2023-06-23 13:33:47-06:00,2023-06-23,-103.530955,43.852125,2012.0,,9.4,18.9,,9.0,,1012.2,Amanita muscaria,"Crazy Horse, SD 57730, USA",1
6fbe25c0-ba6f-4fc8-8b4a-69dd7ae01789,169513510,2023-06-17 18:21:12-06:00,2023-06-17,-103.5642994568,43.846183737,1880.0,,3.9,20.6,0.0,9.6,,1012.6,Amanita muscaria,Sylvan Lake,3
7a81dbe8-ff27-4562-b80f-1b927c0e9d4e,169502273,2023-06-25 08:26:07-06:00,2023-06-25,-103.4897083333,43.8861116667,1612.0,,5.6,20.0,0.0,9.6,,1018.0,Amanita muscaria,"Black Hills National Forest, Keystone, SD, US",2
7f4a3455-4847-4afd-b39d-c4858c045d5e,169469061,2023-06-24 10:08:48-06:00,2023-06-24,-105.291695,39.9832166667,2161.0,,15.0,30.0,0.0,13.7,,1017.7,Amanita muscaria,"Bergheim Wood, Boulder, CO, US",2
40f54563-2ebb-4f06-852f-2ddaef63e529,169082885,2023-06-23 10:31:19-06:00,2023-06-23,-105.3492133333,40.0354528333,1877.0,,15.0,25.0,0.0,5.7,,1014.5,Amanita muscaria,"Boulder, CO, US",2
97b1a1ef-ac47-45da-bee4-b22402db942e,168737829,2023-06-19 18:12:27-06:00,2023-06-19,-105.5300436623,40.6961387174,2131.0,,,,,,,,Amanita muscaria,"Poudre Canyon Rd, Bellvue, CO, US",3
4a45292d-6e59-4062-8aae-cf8447ecc6aa,168433589,2023-06-19 13:50:05-06:00,2023-06-19,-105.3343062848,40.5920551884,2167.0,,12.0,30.7,0.0,11.3,,1003.2,Amanita muscaria,"Bellvue, CO 80512, USA",2
90b274b4-e4ff-4304-8406-9a737d074662,168240652,2023-06-18 13:42:47-06:00,2023-06-18,-105.6901159378,40.3646809902,2751.0,,2.1,20.8,0.0,9.9,,1020.1,Amanita muscaria,"Rocky Mountain National Park, Estes Park, CO, US",3
89c08180-ed2f-40b7-ac8a-4d7b468e6d09,168217106,2023-06-18 15:55:21-06:00,2023-06-18,-104.5101305556,39.1215444444,2141.0,,8.0,25.0,0.2,14.7,,1017.4,Amanita muscaria,"Falcon, CO 80831, USA",2
b5385239-6c3b-4921-8801-8c8f860c53d8,168205506,2023-06-18 14:14:12-06:00,2023-06-18,-104.6236583333,39.0266888333,2255.0,,7.0,26.2,0.0,13.0,,1017.3,Amanita muscaria,"Colorado Springs, CO, US",1
5af37c6b-9f34-4d2a-90b6-23f71952d767,168137550,2023-06-18 09:17:18-06:00,2023-06-18,-103.66196597,44.2110042,1706.0,,10.4,28.5,0.0,15.8,,1000.6,Amanita muscaria,"Lawrence County, US-SD, US",1
a4c63f3c-22b7-4f6d-9fd0-bb75cc73f8df,168031218,2023-06-17 15:45:00-06:00,2023-06-17,-104.790942,39.0674109722,2290.0,,6.1,16.6,,10.0,,1014.9,Amanita muscaria,"El Paso County, CO, USA",1
9d95176f-8724-451c-a5ef-d293995fa8ab,167976060,2023-06-17 13:51:19-06:00,2023-06-17,-105.86003,40.3449283333,2696.0,,2.5,13.5,2.4,8.2,,1023.7,Amanita muscaria,"Rocky Mountain National Park, Granby, CO, US",2
0c3b3dc3-032f-41d5-8dc0-9b60f62986ec,167954502,2023-06-17 10:04:21-06:00,2023-06-17,-105.3658833333,41.1643778333,2467.0,,4.9,14.3,1.4,16.7,,1015.0,Amanita muscaria,"Buford, WY, US",1
38f81260-86f8-4f38-88bc-0ddee0b4da85,167798104,2023-06-16 11:29:00-06:00,2023-06-16,-105.402396377,40.0147607469,2357.0,,10.0,17.0,24.7,2.3,,1020.6,Amanita muscaria,"Colorado, US",2
f05f01c3-4ce6-4177-aa46-97072332d3bb,167391100,2023-06-14 11:09:17-06:00,2023-06-14,-105.306892395,40.0370178223,2055.0,,10.0,26.0,0.0,6.3,,1013.1,Amanita muscaria,"Boulder County, US-CO, US",2
cfe41acb-6633-4301-9377-0e386fd813f5,166824228,2023-06-11 09:43:14-06:00,2023-06-11,-103.5385583333,43.8362216667,1909.0,,8.3,15.0,0.0,17.1,,1017.7,Amanita muscaria,"Black Hills National Forest, Custer, SD, US",1
c7891502-9232-436e-b176-95725cad9aa8,166348899,2023-06-08 19:07:37-06:00,2023-06-08,-104.5882888889,39.0651722222,2238.0,,9.9,21.1,1.9,10.1,,1020.7,Amanita muscaria,"Black Forest, CO, USA",2
b9d1f6a6-1bda-489a-b747-ac3f53f17d4d,166287605,2023-06-08 12:14:42-06:00,2023-06-08,-104.8763702267,38.7921080777,2018.0,,13.0,22.0,0.0,10.8,,1019.0,Amanita muscaria,"El Paso County, US-CO, US",3
17db7a04-02ea-4aea-ab59-659c73ec1111,165945888,2023-06-05 17:16:08-06:00,2023-06-05,-105.2605133333,39.96177,1757.0,,12.0,21.0,5.9,4.0,,1022.4,Amanita muscaria,"Boulder, CO, US",2
73ccf167-a60d-4945-ad4c-e3f7b6a75811,165796985,2023-06-05 15:52:33-06:00,2023-06-05,-105.265904123,39.9672105354,1798.0,,12.0,21.0,5.9,4.0,,1022.4,Amanita muscaria,"CU Events Center, Boulder, CO, US",1
08ae1340-6af4-47cc-a382-b0f97bb924f5,165415204,2023-06-03 18:00:47-06:00,2023-06-03,-105.2816083333,39.991445,1835.0,,12.0,16.0,6.1,3.5,,1019.3,Amanita muscaria,"Boulder, CO, US",2
d313db5d-d07d-40d9-b50c-f65076d930e1,161542756,2022-08-02 16:42:54-06:00,2022-08-02,-105.5935966667,40.1967583333,2782.0,,10.5,24.7,0.7,7.3,,1028.5,Amanita muscaria,"Rocky Mountain National Park, Ward, CO, US",1
4066a3c2-a123-4f0a-a965-525639099aec,156535949,2022-08-17 12:27:19-06:00,2022-08-17,-105.6468966231,39.994396206,3343.0,,-1.7,12.6,0.0,7.0,,1025.0,Amanita muscaria,"Nederland, CO 80466, USA",1
aaa4eeff-fa8c-42cf-ad58-c58148cd9030,155551288,2017-08-10 12:10:29-06:00,2017-08-10,-105.62,39.8738883333,3025.0,,13.0,22.0,,5.7,,,Amanita muscaria,"Black Hawk, CO, US",1
724c42cb-14a5-49bd-ace4-44cd1b80a6e2,152272941,2022-07-26 08:10:06-06:00,2022-07-26,-105.6356883333,39.99718,3118.0,,4.6,15.3,0.0,8.3,,1019.5,Amanita muscaria,"Arapaho Pass, Ward, CO, US",2
4ee4f031-8070-4c92-a285-8625f3155f0a,151602441,2019-08-09 08:34:00-06:00,2019-08-09,-105.725975,39.606968,3419.0,,,,,,,,Amanita muscaria,"Clear Creek County, CO, USA",2
33409282-0759-4fd1-b822-d3b52aa8ed89,150987494,2021-07-18 13:43:55-06:00,2021-07-18,-105.84928,40.4130083333,2778.0,,7.1,27.6,0.0,5.8,,1033.8,Amanita muscaria,"Rocky Mountain National Park, Granby, CO, US",1
17c07378-63ff-448e-a0d7-2d6820813c99,150674062,2021-07-31 12:45:06-06:00,2021-07-31,-106.6046,38.73227,3089.0,,10.0,24.4,,7.9,,1024.1,Amanita muscaria,"Grand Mesa Uncompahgre and Gunnison National Forests, Almont, CO, US",2
a2e4abb7-b471-4227-8be7-ce6cc5bb6863,150463274,2017-08-12 07:45:02-06:00,2017-08-12,-105.6292716667,39.23967,2715.0,,,,,,,,Amanita muscaria,"Pike and San Isabel National Forests, Jefferson, CO, US",1
3414d9b9-9747-4fa9-9b7a-b2bc591b318e,149329752,2021-08-22 16:37:00-06:00,2021-08-22,-106.603969,38.720765,3211.0,,5.6,26.1,0.0,10.0,,1016.0,Amanita muscaria,"Gunnison County, CO, USA",1
d75316eb-345a-4320-b63d-eaa78b95cc28,149329749,2021-08-22 15:26:00-06:00,2021-08-22,-106.6159329722,38.693598,3575.0,,5.6,26.1,0.0,10.0,,1016.0,Amanita muscaria,"Gunnison County, CO, USA",1
f8379c9f-bc0c-4827-b0d9-085cc229ec47,149329734,2021-08-22 10:51:00-06:00,2021-08-22,-106.603328,38.738216,3054.0,,5.6,26.1,0.0,10.0,,1016.0,Amanita muscaria,"Gunnison County, CO, USA",2
5987b352-fa8f-4d3e-9380-17a9a9070362,149273908,2022-08-28 18:46:20-06:00,2022-08-28,-105.61348,36.0514611667,2879.0,,8.3,26.7,,11.8,,1015.8,Amanita muscaria,"Carson National Forest, Taos, NM, US",1
c912c24a-0b90-4457-981b-7ddde50b0099,149231765,2021-07-23 11:55:14-06:00,2021-07-23,-105.5188216667,39.953445,2596.0,,21.0,34.0,2.0,5.8,,1021.2,Amanita muscaria,"Nederland, CO, US",2
6a782dee-8473-42d9-a7c5-98905219b66d,149214642,2019-08-09 16:09:46-06:00,2019-08-09,-105.6959936752,40.3932611593,3470.0,,,,,,,,Amanita muscaria,"Rocky Mountain National Park, Estes Park, CO, US",2
6b2bfcf0-ddd9-4954-a744-4f31fafe2294,148739096,2021-08-08 11:53:17-06:00,2021-08-08,-108.0435748407,37.8376060072,3169.0,,8.0,24.0,0.0,8.5,,1029.3,Amanita muscaria,"San Juan National Forest - Headquarters, Dolores, CO, US",1
66451ad1-c816-4c77-976e-6ead2a49ffdb,148461897,2021-07-26 11:24:16-06:00,2021-07-26,-105.5476,39.932125,2897.0,,16.0,34.0,0.0,3.5,,1020.3,Amanita muscaria,"Black Hawk, CO, US",1
dd0861b6-d97d-401a-a06d-9c1192662b3f,148385925,2010-07-31 13:16:00-06:00,2010-07-31,-106.7931134449,40.5798809944,2908.0,,16.0,32.0,,14.4,,,Amanita muscaria,"Routt County, CO, USA",1
c32e4e70-0092-4e63-b791-a1cdde226ef3,148324520,2022-07-01 17:57:00-06:00,2022-07-01,-105.3408182417,39.3049361215,2553.0,,2.5,16.1,4.5,5.3,,1020.1,Amanita muscaria,"Jefferson County, CO, USA",1
0453f289-10d4-480b-a940-e8afcb5801b9,148303625,2022-08-07 11:52:00-06:00,2022-08-07,-107.2786939,39.9649167,3247.0,,12.8,31.7,0.0,12.1,,1015.2,Amanita muscaria,"Meeker, CO 81641, USA",3
ebda1043-b166-4fc3-8102-7627ccd30eea,146870967,2022-08-28 14:14:00-06:00,2022-08-28,-105.9379968389,40.8043502242,2557.0,,9.3,22.5,0.0,12.6,,1011.6,Amanita muscaria,"Larimer County, CO, USA",1
1e375683-bdcf-4d06-b00b-aec07c560451,146870940,2022-08-28 14:14:00-06:00,2022-08-28,-105.943498867,40.8019987141,2600.0,,9.3,22.5,0.0,12.6,,1011.6,Amanita muscaria,"Larimer County, CO, USA",1
096793d3-7b74-4660-87d4-8e446ea2ac93,146634192,2022-08-06 13:18:51-06:00,2022-08-06,-107.7062293997,37.7457788997,3336.0,,12.0,23.0,0.1,7.5,,1031.9,Amanita muscaria,"San Juan County, CO, USA",1
e584cedb-8ee3-4ce0-a0eb-8f8dba3e317a,146559803,2008-09-05 18:16:00-06:00,2008-09-05,-105.6438286,39.5883005,4276.0,,,,,,,,Amanita muscaria,"Mt Evans, Colorado 80439, USA",2
7d121cac-9e31-4e27-8f4c-5272fe83559a,146364168,2022-10-04 15:23:45-06:00,2022-10-04,-105.2819216667,39.9920616667,1815.0,,8.0,17.0,0.5,3.6,,1023.5,Amanita muscaria,"Boulder, CO, US",3
02e5e0d5-8591-4267-a923-84bb8c82697b,146217870,2021-07-29 11:52:00-06:00,2021-07-29,-105.566612,36.083128,3624.0,,12.8,30.6,0.0,11.6,,1020.5,Amanita muscaria,"Vadito, NM 87579, USA",2
77828e14-d29b-4bb3-bc6a-606e159685ed,145456361,2022-09-04 12:26:00-06:00,2022-09-04,-106.7115379181,40.7889051964,2685.0,,6.5,31.9,0.0,4.5,,1026.0,Amanita muscaria,"Gilpin, Clark, CO, US",1
91516f09-fd97-4a67-b386-bd6a9d6195a9,145219663,2022-07-23 15:16:00-06:00,2022-07-23,-105.5461357004,40.1955603281,2799.0,,17.0,35.0,8.5,6.4,,1018.8,Amanita muscaria,"Boulder County, CO, USA",2
565f1a68-eaac-41b3-af6f-6c6f7748b9cb,145153983,2022-08-02 11:05:00-06:00,2022-08-02,-106.1670358957,39.7096157699,2911.0,,9.0,18.0,3.9,16.4,,1038.5,Amanita muscaria,"Summit County, CO, USA",2
5289e1fe-820e-42b4-a794-01a053d0ea98,143802770,2022-07-24 10:21:06-06:00,2022-07-24,-105.8671394047,40.3557013469,2727.0,,8.6,22.7,8.9,3.6,,1030.0,Amanita muscaria,"Rocky Mountain National Park, Granby, CO, US",2
d7287cef-48e4-42ec-a427-02352a455026,143307324,2022-08-19 19:38:42-06:00,2022-08-19,-105.7993277778,40.6163111111,2685.0,,8.7,24.1,0.6,6.9,,1016.6,Amanita muscaria,"Bellvue, CO 80512, USA",3
7d625809-1b93-4ba7-ad80-c94d820cebc3,142821811,2008-08-06 12:01:00-06:00,2008-08-06,-105.474662328,36.7738422344,3264.0,,12.0,29.0,,9.5,,,Amanita muscaria,"Taos County, NM, USA",1
d11b10f2-afae-4056-aa9d-04b09bd951b8,142821809,2008-08-06 11:58:00-06:00,2008-08-06,-105.474662328,36.7738422344,3264.0,,12.0,29.0,,9.5,,,Amanita muscaria,"Taos County, NM, USA",1
630518b2-ef3f-4fa0-ba4e-50a92d569e28,142821808,2008-08-06 11:47:00-06:00,2008-08-06,-105.474662328,36.7738422344,3264.0,,12.0,29.0,,9.5,,,Amanita muscaria,"Taos County, NM, USA",1
22770499-6518-451e-aa3a-f3de9fde2d21,142821805,2008-08-06 11:24:00-06:00,2008-08-06,-105.474662328,36.7738422344,3264.0,,12.0,29.0,,9.5,,,Amanita muscaria,"Taos County, NM, USA",1
dea00d6e-ea79-4c82-8c63-c4403088529f,142821802,2008-08-06 11:24:00-06:00,2008-08-06,-105.474662328,36.7738422344,3264.0,,12.0,29.0,,9.5,,,Amanita muscaria,"Taos County, NM, USA",1
4701c099-4d4e-4fd6-b07c-6c182365755a,142606898,2022-08-07 15:44:51-06:00,2022-08-07,-106.30307638,38.8786185254,3365.0,,5.6,22.7,2.0,5.2,,1020.6,Amanita muscaria,"Pike and San Isabel National Forests, Buena Vista, CO, US",2
a5fa3726-1da4-46f4-a476-8055517ce184,142175382,2022-08-02 16:19:49-06:00,2022-08-02,-109.2613805556,38.4778805556,3057.0,,,,,,,,Amanita muscaria,"Moab, UT 84532, USA",2
139194f7-a68b-4c0c-aadb-ad4323618324,141436385,2022-08-13 17:12:56-06:00,2022-08-13,-105.798355,35.8076833333,3282.0,,14.4,30.0,0.0,10.2,,1015.9,Amanita muscaria,"Santa Fe National Forest, Santa Fe, NM, US",2
46310469-e31f-401c-a2e8-41c4ce8c2ee5,141130842,2022-07-29 16:41:43-06:00,2022-07-29,-105.0923388333,36.441795,2757.0,,10.5,19.5,12.4,4.6,,1030.9,Amanita muscaria,"Cimarron, NM, US",1
82244ce2-9c7e-4f85-a0f8-e678150279a9,141088210,2021-08-04 07:42:00-06:00,2021-08-04,-107.026206,38.972819,3359.0,,7.8,25.0,0.0,7.7,,1018.7,Amanita muscaria,"Gunnison County, CO, USA",1
e47bfcea-6222-428d-887d-8e9e1833e144,141082590,2021-07-31 10:24:00-06:00,2021-07-31,-106.9775779722,38.9599189722,3006.0,,10.0,23.3,,10.0,,1020.3,Amanita muscaria,"Gunnison County, CO, USA",1
98cd9e59-6710-4a10-9568-8bf59dee8b82,140604709,2021-08-14 12:00:00-06:00,2021-08-14,-106.248405,41.3323966667,3078.0,,10.0,32.0,0.0,7.8,,1028.5,Amanita muscaria,"Centennial, WY, US",1
1dfe9eab-e8ad-454b-b0a3-e595de7f2bd9,139915669,2021-07-26 11:21:00-06:00,2021-07-26,-105.2677342,39.0220004,2761.0,,11.8,29.6,0.0,11.1,,1014.7,Amanita muscaria,"1471 Trail Creek Rd, Divide, CO 80814, USA",2
03cd0246-c43a-4432-93bf-e3e70922527e,139359398,2016-08-28 12:20:00-06:00,2016-08-28,-105.7981638889,35.78545,3359.0,,10.6,25.6,0.0,14.9,,1016.5,Amanita muscaria,"Santa Fe County, NM, USA",1
9455c456-41a6-4974-b4a1-18336e905b3b,139359383,2017-09-07 08:41:00-06:00,2017-09-07,-105.4356777778,36.5693888889,3236.0,,4.8,20.9,,6.9,,,Amanita muscaria,"Taos County, NM, USA",1
5a928057-2dbc-4be1-a4de-be479a24a23d,139359366,2017-09-07 13:30:00-06:00,2017-09-07,-105.4266277778,36.5601472222,3486.0,,4.8,20.9,,6.9,,,Amanita muscaria,"Taos County, NM, USA",1
c3c8d92c-6621-42b7-baad-c99eba5afc46,139006896,2022-08-08 16:26:27-06:00,2022-08-08,-105.7537994444,40.2271316111,2828.0,,7.3,28.0,0.0,6.2,,1031.0,Amanita muscaria,"Allenspark, CO 80510, USA",2
0d4d314f-0f2c-4e70-bff7-829eee225076,138920556,2021-07-28 16:06:00-06:00,2021-07-28,-106.5329277778,35.826175,2708.0,,16.5,27.6,0.8,5.8,,1028.4,Amanita muscaria,"Sandoval County, NM, USA",1
0742c82e-4ae8-4099-9ec5-2a7b65e3e002,138561701,2022-08-02 10:49:00-06:00,2022-08-02,-105.0924861111,38.8913777778,3021.0,,19.4,30.6,,15.7,,1009.9,Amanita muscaria,"Teller, Colorado, United States",1
11f8c6b6-ada2-4ddf-a87d-21949e344daf,138348953,2022-08-28 12:55:02-06:00,2022-08-28,-105.631455,40.0753388333,3810.0,,2.8,22.7,0.3,6.1,,1023.2,Amanita muscaria,"Pawnee Pass, Ward, CO, US",2
ff838ddc-9d35-4bff-8d71-a569aee4d4c7,138305971,2022-08-06 13:04:00-06:00,2022-08-06,-105.8109596,35.7772181,3041.0,,13.9,30.6,,10.5,,1014.0,Amanita muscaria,"Hyde Park Rd, Santa Fe, NM 87506, USA",2
a3e3d231-0ef1-489a-b193-88fc2381de08,137299566,2022-07-15 14:51:59-06:00,2022-07-15,-106.8248760202,37.2015509245,2380.0,,15.0,30.0,1.6,8.4,,1031.5,Amanita muscaria,"San Juan National Forest headquarters, Pagosa Springs, CO, US",2
6b44260c-dc69-4d76-aeff-d3cc0f307dc0,137209235,2022-09-03 15:07:23-06:00,2022-09-03,-106.0201718492,40.0622691698,2880.0,,5.6,28.1,0.0,6.3,,1032.9,Amanita muscaria,"Granby, CO, US",1
ae0471fe-b832-4280-b444-86788743bab5,136536652,2022-08-11 12:52:25-06:00,2022-08-11,-107.8305870532,37.6812056791,2808.0,,12.0,23.0,3.2,4.6,,1035.3,Amanita muscaria,"San Juan National Forest - Headquarters, CO, US",1
81ac6799-4dfc-4d40-96d8-08b9e4dda66b,135605006,2022-08-28 10:50:00-06:00,2022-08-28,-106.4464382061,37.0187124443,3082.0,,,,,,,,Amanita muscaria,"Conejos County, CO, USA",1
063838b3-7b41-4f68-9a1e-c94b80d9c1dd,135560917,2022-09-12 10:23:00-06:00,2022-09-12,-105.8582222222,40.3458416667,2732.0,,-0.3,24.3,0.0,4.7,,1028.9,Amanita muscaria,"Rocky Mountain, Rocky Mountain National Park, Rocky Mountain National Park, Grand, Colorado, United States",1
7122a45c-0073-41ec-933e-160253728872,135190969,2022-08-29 12:00:07-06:00,2022-08-29,-106.3536588,39.2721827,3030.0,,0.6,21.7,0.0,7.9,,1018.1,Amanita muscaria,"Lake County, US-CO, US",2
95e8c4fa-9ed5-4390-8570-16253be70e55,135014053,2022-08-27 15:59:25-06:00,2022-08-27,-105.8299033333,40.2381216667,2563.0,,4.8,22.7,0.2,6.4,,1024.5,Amanita muscaria,"Shadow Mountain National Recreation Area, Grand Lake, CO, US",1
c7dab7fe-8abc-40fc-9500-8cde948f2edc,134940015,2022-08-17 15:28:44-06:00,2022-08-17,-107.9026633333,37.8106716667,3134.0,,11.0,18.0,5.0,4.6,,1033.1,Amanita muscaria,"Grand Mesa Uncompahgre and Gunnison National Forests, Ophir, CO, US",1
2f1d41cf-9a66-4e09-9b8e-9f10c0adcb90,134696975,2022-07-26 18:26:47-06:00,2022-07-26,-107.631295,39.8060333333,2880.0,,15.6,31.7,,6.5,,1012.6,Amanita muscaria,"White River National Forest, Gypsum, CO, US",1
ed0ea1a7-fe51-4866-bfe2-99e6a6e541a7,134661631,2022-07-24 08:48:34-06:00,2022-07-24,-105.101275295,39.2603419779,2934.0,,12.0,26.0,16.1,14.7,,1027.1,Amanita muscaria,"Sedalia, CO 80135, USA",2
e863f7f9-4634-48e2-8d7d-8d4b0ffe4fb7,134658734,2022-09-09 14:07:41-06:00,2022-09-09,-108.0036704716,39.042779596,3299.0,,14.8,35.9,0.0,10.7,,1011.3,Amanita muscaria,"Colorado, US",1
8f687d7d-661e-4acb-9c47-5afbb318b91c,134654721,2021-08-10 14:26:20-06:00,2021-08-10,-106.3043137692,39.5475949572,3211.0,,12.0,18.0,0.1,14.0,,1038.9,Amanita muscaria,"White River National Forest, Basalt, CO, US",2
ee459174-55b8-45c1-9ba5-46e0623a29b7,134630764,2022-09-11 08:41:54-06:00,2022-09-11,-105.5192055342,40.1993991083,2575.0,,6.7,25.8,0.0,3.4,,1026.5,Amanita muscaria,"Boulder County, US-CO, US",1
9722537a-de94-4659-8508-5790308ef555,134630619,2022-09-11 08:37:53-06:00,2022-09-11,-105.5198132613,40.1988917573,2575.0,,6.7,25.8,0.0,3.4,,1026.5,Amanita muscaria,"Boulder County, US-CO, US",1
6fd1085f-0bb0-45b7-8037-2f73dc59ab06,134467672,2022-08-20,2022-08-20,-107.8571203351,37.8029307947,3079.0,,10.0,17.0,13.8,5.1,,1029.5,Amanita muscaria,"Ophir, CO 81426, USA",2
6050129c-11cb-482e-8e98-4baad8069f5a,134319062,2021-07-21 15:37:00-06:00,2021-07-21,-106.471,39.24814,3328.0,,8.3,23.3,12.2,9.8,,1015.9,Amanita muscaria,"Lake County, CO, USA",1
8bdf1962-cb15-4e8e-87e0-2dfca3715ba1,134319058,2021-07-21 15:39:00-06:00,2021-07-21,-106.47112,39.24807,3328.0,,8.3,23.3,12.2,9.8,,1015.9,Amanita muscaria,"Lake County, CO, USA",1
20b35f21-3bc8-4596-b8ee-24ca4817f1e6,134319055,2021-07-21 15:46:00-06:00,2021-07-21,-106.47242,39.24689,3324.0,,8.3,23.3,12.2,9.8,,1015.9,Amanita muscaria,"Lake County, CO, USA",1
28c6afe7-2965-4c91-8286-bdd15cc5cc47,134312591,2022-08-28 10:22:14-06:00,2022-08-28,-107.7745283333,37.6993033333,3168.0,,8.0,20.0,2.6,7.7,,1026.8,Amanita muscaria,"San Juan National Forest - Headquarters, CO, US",1
ddb77ca0-8686-4321-8246-608d298f6a4f,134304442,2022-08-20 11:28:51-06:00,2022-08-20,-107.8826055556,37.8313583333,2966.0,,10.0,17.0,13.8,5.1,,1029.5,Amanita muscaria,"Ophir, CO 81426, USA",2
159fdfd9-4f51-435a-bde5-f3e8d6374436,134129601,2022-08-18 18:46:24-06:00,2022-08-18,-107.7692333333,37.6589,2953.0,,9.0,23.0,0.6,6.6,,1032.2,Amanita muscaria,"San Juan National Forest headquarters, CO, US",1
9f283817-26d9-402c-bd41-96a8c4b0da63,134006394,2022-07-30 14:51:00-06:00,2022-07-30,-108.0852666667,39.0449638333,3033.0,,17.5,28.5,0.1,7.7,,1023.9,Amanita muscaria,"Grand Mesa Uncompahgre and Gunnison National Forests, Whitewater, CO, US",1
6a7fc73a-7db6-4d56-b267-1693962a9161,134004994,2022-09-05 12:45:00-06:00,2022-09-05,-105.4394358194,39.8757645676,2829.0,,16.0,35.0,0.0,3.8,,1018.6,Amanita muscaria,"Gilpin County, CO, USA",1
5a790877-fc60-41a1-8f9f-615e59f634f5,133989641,2022-09-06 11:27:23-06:00,2022-09-06,-105.7617283,39.8724338,2926.0,,5.4,17.8,0.0,5.8,,1023.9,Amanita muscaria,"Winter Park, CO 80482, USA",1
61a64e92-383d-4a6f-8006-0b85641dc6d4,133947636,2022-08-22 15:49:00-06:00,2022-08-22,-105.4516972222,36.5962194444,2868.0,,8.0,18.2,16.0,3.4,,1030.8,Amanita muscaria,"Taos Ski Valley, NM 87525, USA",1
78e467ac-5bb8-445f-88c0-8c4a930ce023,133935113,2022-09-04 12:43:55-06:00,2022-09-04,-106.1600189209,41.337890625,2722.0,,9.0,31.4,0.0,13.3,,1023.9,Amanita muscaria,"Albany County, US-WY, US",1
d6524aac-eaae-45f5-8c40-42ac82b6e6ba,133573043,2022-08-30 17:00:00-06:00,2022-08-30,-107.7073058897,37.7270908369,3277.0,,12.0,24.0,0.0,6.1,,1035.3,Amanita muscaria,"San Juan County, CO, USA",1
56504e81-4383-4a4c-a06c-fbd81de908a5,133571209,2022-08-30 15:37:00-06:00,2022-08-30,-107.7042502676,37.7259352931,3300.0,,12.0,24.0,0.0,6.1,,1035.3,Amanita muscaria,"San Juan County, CO, USA",1
25a8dc3d-71dc-4d34-aea0-be6ced08702e,133547068,2022-08-05 11:23:00-06:00,2022-08-05,-105.789239156,35.7924674762,3347.0,,16.7,29.4,6.1,13.6,,1014.0,Amanita muscaria,"Santa Fe County, NM, USA",1
32efeeb7-b1cb-4402-a73a-d8a52629fa2b,133546108,2022-08-28 11:30:26-06:00,2022-08-28,-109.2244866667,38.4497033333,3255.0,,,,,,,,Amanita muscaria,"Manti-La Sal National Forest, Moab, UT, US",1
0ece62ce-36b8-4995-95e1-929a8c186670,133546028,2022-08-27 11:45:30-06:00,2022-08-27,-106.3179041818,38.8111116754,2988.0,,3.2,18.3,0.1,6.0,,1014.6,Amanita muscaria,"Buena Vista, CO 81211, USA",1
7820cb7a-3194-4851-9f03-14184a4cd3b4,133519301,2022-07-15 13:17:00-06:00,2022-07-15,-107.0478611111,37.4127944444,2793.0,,15.0,30.0,1.6,8.4,,1031.5,Amanita muscaria,"Mineral, Colorado, United States",1
b4450946-14bc-467d-ace9-32653829daf1,133364420,2022-07-03 10:00:00-06:00,2022-07-03,-105.5774770305,40.2168392668,2965.0,,8.2,24.3,0.2,5.6,,1025.3,Amanita muscaria,"Allenspark, CO 80510, USA",2
439e7988-30ae-44e9-8098-1c44e15378ab,133230642,2022-08-20 13:38:23-06:00,2022-08-20,-107.1578,40.5205783333,2106.0,,10.0,22.8,,9.4,,1017.5,Amanita muscaria,"Hayden, CO, US",1
4f29e991-50e8-4d98-af33-d84a2e88b6f0,133194363,2022-08-13 20:43:20-06:00,2022-08-13,-105.0945371868,38.8804745324,3425.0,,13.5,30.7,0.0,18.6,,1016.4,Amanita muscaria,"Pike and San Isabel National Forests, Woodland Park, CO, US",2
33f80121-849e-4d8d-abaf-875eddc71f92,133191632,2022-08-31 16:07:23-06:00,2022-08-31,-105.328055,36.4188216667,2653.0,,4.4,24.4,0.0,3.4,,1033.4,Amanita muscaria,"Carson National Forest, Cimarron, NM, US",1
c2cc714f-2ac5-4d02-ba58-f44a3b0207a8,133167527,2022-08-31 13:02:22-06:00,2022-08-31,-105.6331944444,40.4103083333,2612.0,,4.9,25.7,0.0,7.1,,1032.8,Amanita muscaria,"Estes Park, CO 80517, USA",1
96395f1f-c7e1-4a97-9a7f-0727ec016196,133107301,2022-08-31 11:04:17-06:00,2022-08-31,-105.5384750292,40.0314468328,2945.0,,17.0,33.0,0.5,5.8,,1023.6,Amanita muscaria,"Boulder County, US-CO, US",3
a96a069d-a5e8-4bc5-a4ca-9f1e74181cf2,133092351,2022-07-17 11:20:03-06:00,2022-07-17,-106.7903474648,35.8719967975,2415.0,,19.7,30.4,0.2,9.0,,1027.2,Amanita muscaria,"Sandoval County, US-NM, US",1
60e4e26e-1c12-4ab3-a4d3-fdc4d77ff86c,133084945,2022-08-24 11:38:00-06:00,2022-08-24,-106.1772235106,39.7002131143,3020.0,,9.0,18.0,0.6,9.1,,1038.6,Amanita muscaria,"Summit County, CO, USA",2
8c3cc53f-6fb7-44d6-8b34-9c3b99a13b01,133039466,2022-07-16 15:03:35-06:00,2022-07-16,-106.7055965618,35.8736885837,2591.0,,19.7,30.6,0.1,8.9,,1027.8,Amanita muscaria,"Santa Fe National Forest, Jemez Springs, NM, US",1
89ac4eac-b015-4dda-9080-ca779db8c1b4,133032704,2022-08-30 18:39:37-06:00,2022-08-30,-106.1158482188,39.5558721507,3546.0,,10.0,20.0,0.0,12.8,,1043.0,Amanita muscaria,"White River National Forest, Breckenridge, CO, US",2
f53d016b-fcc0-4706-9eef-5c97611d61e5,133032007,2022-08-30 18:55:24-06:00,2022-08-30,-105.646995,40.3138116667,2905.0,,5.1,27.0,0.0,3.6,,1033.5,Amanita muscaria,"Rocky Mountain National Park, Estes Park, CO, US",1
3d716ca4-8cd8-43c8-8958-049fb778b173,133026904,2022-07-15 17:32:00-06:00,2022-07-15,-105.5335083,40.0317573,2902.0,,21.0,31.0,0.9,6.0,,1023.8,Amanita muscaria,"818 Co Rd 116, Nederland, CO 80466, USA",1
01d6249c-6d0d-444d-9440-de15528705cd,133006640,2022-08-22 11:06:50-06:00,2022-08-22,-105.60672,40.313945,2771.0,,8.5,22.6,2.8,3.5,,1030.2,Amanita muscaria,"Rocky Mountain National Park, Estes Park, CO, US",1
f2011581-d3ec-46e6-8fd6-ca80405762b9,132967350,2022-08-28 10:03:00-06:00,2022-08-28,-105.5958743473,40.0681171552,3254.0,,2.8,22.7,0.3,6.1,,1023.2,Amanita muscaria,"Boulder County, CO, USA",1
3cc087e0-0da5-4f9f-b732-ce4b6676264d,132951285,2022-08-20 10:53:19-06:00,2022-08-20,-108.013245733,37.7855777001,3054.0,,10.0,17.0,13.8,5.1,,1029.5,Amanita muscaria,"Colorado, US",1
eb873ef6-ea1e-45fc-9f9e-54a4f3a2c186,132949826,2022-08-18 12:15:32-06:00,2022-08-18,-107.9366296662,37.7036439357,3698.0,,9.0,23.0,0.6,6.6,,1032.2,Amanita muscaria,"Colorado, US",1
b28ec348-a5f6-4722-a015-91d0361d111a,132911547,2022-08-19 10:40:51-06:00,2022-08-19,-106.4870916667,39.1671866667,3485.0,,3.9,17.2,,8.2,,1015.0,Amanita muscaria,"Pike and San Isabel National Forests, Twin Lakes, CO, US",1
317cf48b-f6c8-493f-9cd7-7b7ecf38f462,132864322,2022-08-27 14:14:05-06:00,2022-08-27,-105.7682116667,39.879925,3042.0,,1.5,11.9,0.9,11.3,,1017.2,Amanita muscaria,"Winter Park Resort, Winter Park, CO, US",1
15ec3a8f-2023-4705-ba42-27e55a1a8393,132864297,2022-08-25 13:55:08-06:00,2022-08-25,-105.9955797717,40.6806947248,2897.0,,7.6,23.3,1.4,8.5,,1019.9,Amanita muscaria,State Forest State Park,1
57aaf868-a54f-4d48-973a-4c74d0d51412,132808367,2022-08-23 14:27:26-06:00,2022-08-23,-106.380495,38.2893416667,3575.0,,5.0,14.0,0.7,13.1,,1038.9,Amanita muscaria,"Grand Mesa Uncompahgre and Gunnison National Forests, Saguache, CO, US",1
ab0981d3-b7a0-4d64-9c92-f87ca87cec22,132776312,2022-08-16 16:04:52-06:00,2022-08-16,-106.0320167542,40.6890116988,2560.0,,10.4,24.0,0.8,5.8,,1019.6,Amanita muscaria,"Walden, CO, US",1
fa9414af-e0b8-4f0b-bdb4-048f5e2d83ca,132734142,2022-08-25 12:06:06-06:00,2022-08-25,-105.7163981269,39.6117733366,3295.0,,-1.1,14.1,4.7,6.6,,1023.7,Amanita muscaria,"Clear Creek County, US-CO, US",1
c15e771e-c355-4c67-bf7e-753a621d6015,132702347,2022-08-22 14:15:39-06:00,2022-08-22,-106.4749366667,39.2462716667,3360.0,,5.6,16.7,,5.6,,1020.2,Amanita muscaria,"Pike and San Isabel National Forests, Twin Lakes, CO, US",1
2e5b6331-695f-4354-b79d-2d326766ef65,132697064,2022-08-28 14:28:48-06:00,2022-08-28,-108.0661385135,37.3910199898,2950.0,,8.9,28.3,0.0,9.5,,1012.7,Amanita muscaria,"La Plata County, US-CO, US",1
3ce68231-5840-44d8-a849-45f3789854f0,132676325,2022-08-27 11:06:08-06:00,2022-08-27,-105.328856,39.636264,2214.0,,16.0,31.0,0.0,12.3,,1014.2,Amanita muscaria,"Evergreen Pkwy, Evergreen, CO, US",2
562657cf-eeb6-4017-b90d-5041c0e72a6d,132664990,2022-08-20 10:35:20-06:00,2022-08-20,-105.5222783333,39.678075,3484.0,,1.1,9.4,10.8,4.9,,1022.3,Amanita muscaria,"Chief Mountain, Idaho Springs, CO, US",2
d7bbc362-eb0b-40d5-b780-241d55fda144,132590836,2022-08-27 10:52:18-06:00,2022-08-27,-107.96681642,39.05913838,3407.0,,11.8,31.0,0.0,8.7,,1018.8,Amanita muscaria,"Cedaredge, CO 81413, USA",1
d8bc4014-ffb1-49bb-a3dc-a3955cf624f3,132586846,2022-08-27 12:03:39-06:00,2022-08-27,-105.843017148,39.6084529767,3333.0,,1.5,11.9,0.9,11.3,,1017.2,Amanita muscaria,"Summit County, US-CO, US",2
31221ec2-3173-488c-bb7d-96f7f5d8c6d1,132571768,2022-08-27 12:19:34-06:00,2022-08-27,-105.7353833333,39.6030216667,3563.0,,1.5,11.9,0.9,11.3,,1017.2,Amanita muscaria,"Silver Dollar Lake, Idaho Springs, CO, US",1
61a0f44c-ce93-41de-a056-608a04cc05a4,132435852,2022-08-26 11:02:53-06:00,2022-08-26,-105.432762146,36.5634918213,3347.0,,6.5,20.4,11.2,6.2,,1029.1,Amanita muscaria,Taos Ski Valley,1
f51ed91f-defc-48d4-a964-92b3335584d4,132400699,2022-08-21 18:24:22-06:00,2022-08-21,-107.9505599722,37.804645,3287.0,,9.0,17.0,1.7,4.5,,1031.4,Amanita muscaria,"Dolores, CO 81323, USA",1
cdd69426-acfc-43f5-b506-98750a9fe502,132398861,2022-08-21 18:32:13-06:00,2022-08-21,-107.9460109722,37.804217,3229.0,,9.0,17.0,1.7,4.5,,1031.4,Amanita muscaria,"Dolores, CO 81323, USA",1
e5fa31f1-2389-45c0-a658-da0d2b7819f3,132358769,2022-08-25 12:29:16-06:00,2022-08-25,-105.0177,38.7816466667,3352.0,,16.0,26.0,0.0,10.8,,1023.8,Amanita muscaria,"Pike and San Isabel National Forests, Woodland Park, CO, US",1
16cb66c3-a4c7-41b1-a179-0a530b349a2b,132344627,2022-08-25 10:58:04-06:00,2022-08-25,-105.5697344989,36.4135240395,2131.0,,10.6,26.1,,8.1,,1023.0,Amanita muscaria,"Taos, NM 87571, USA",2
c7c394a4-24ce-4eb5-a406-16df82855bfd,132313460,2022-08-21 15:21:53-06:00,2022-08-21,-107.1059239011,38.881401562,3149.0,,11.1,22.2,,9.8,,1019.6,Amanita muscaria,"Gunnison County, US-CO, US",1
30b212fc-68ca-40ae-8647-55ce6d4315bf,132286657,2022-08-24 14:52:59-06:00,2022-08-24,-105.4153673351,36.5952929168,3328.0,,6.3,21.0,2.3,3.8,,1030.6,Amanita muscaria,"Taos Ski Valley, NM 87525, USA",1
af2569b1-1068-429f-9960-aa855466dd76,132232979,2022-07-10 14:09:46-06:00,2022-07-10,-105.8462533333,35.760425,2555.0,,13.9,31.7,0.0,11.2,,1017.0,Amanita muscaria,"Santa Fe National Forest, Santa Fe, NM, US",2
eeacee64-b6d0-4716-8f32-55bb4e3e45c5,132195626,2022-08-24 09:50:45-06:00,2022-08-24,-105.4859616667,40.3400783333,2780.0,,13.2,31.7,0.0,4.0,,1022.4,Amanita muscaria,"Arapaho & Roosevelt National Forests Pawnee National Grassland, Estes Park, CO, US",1
341a7922-294f-4a66-b21e-2c30295340b2,132175119,2022-08-24 12:03:22-06:00,2022-08-24,-106.0363734886,39.6361343157,2839.0,,9.0,18.0,0.6,9.1,,1038.6,Amanita muscaria,"Dillon, CO, USA",1
624a60dd-d77d-4339-8073-a451f3ca8a0e,132168867,2022-08-23 13:33:00-06:00,2022-08-23,-105.6463579805,40.3017010566,2956.0,,4.1,24.1,0.2,3.9,,1028.5,Amanita muscaria,"Larimer County, CO, USA",1
d9f8e651-9e3a-4895-84f2-8e83a17a8156,132101895,2022-08-23 17:04:36-06:00,2022-08-23,-105.820611231,40.2633010076,2677.0,,4.1,24.1,0.2,3.9,,1028.5,Amanita muscaria,North Inlet Trailhead,1
afa71fb8-f928-47dc-81b2-cee6ecf8a456,132096629,2022-08-21 17:30:10-06:00,2022-08-21,-105.29837,36.8560716667,2808.0,,7.2,17.9,9.9,3.7,,1029.9,Amanita muscaria,"Carson National Forest, Taos, NM, US",1
c763b025-c10b-43c3-abc3-ccd3ba996d10,132088109,2022-08-20 08:56:30-06:00,2022-08-20,-105.6181030273,40.0704803467,3326.0,,6.6,22.2,6.7,5.3,,1027.6,Amanita muscaria,Ward,1
feff8311-6036-408d-aaed-1e41f1f78f5c,132085009,2022-08-18 08:40:00-06:00,2022-08-18,-105.4252166667,36.5595583333,3486.0,,7.4,21.9,5.6,6.0,,1031.3,Amanita muscaria,"Carson National Forest, Taos, NM, US",2
f4132262-e29b-47a9-988d-b97dde5eed78,132056329,2022-08-23 13:49:22-06:00,2022-08-23,-106.35302,39.32385,3074.0,,1.1,20.0,0.0,8.5,,1017.8,Amanita muscaria,"County Highway 21, Leadville, CO, US",2
cbdaaa19-7d58-42f3-ad9c-45beeefb09a7,131967818,2022-08-22 17:37:22-06:00,2022-08-22,-104.5097694444,39.1221,2141.0,,12.0,22.0,1.8,15.1,,1027.5,Amanita muscaria,"Falcon, CO 80831, USA",2
70fd0e2a-a6ed-4b9a-8b32-2d2ae221dbba,131967787,2022-08-22 17:39:58-06:00,2022-08-22,-104.5109472222,39.1205833333,2150.0,,12.0,22.0,1.8,15.1,,1027.5,Amanita muscaria,"Falcon, CO 80831, USA",2
5c9e744a-035c-4e83-a56f-05ed6b6ea96f,131956805,2022-08-04 09:42:19-06:00,2022-08-04,-107.7679416,37.6751982997,3365.0,,13.0,22.0,1.9,7.2,,1032.5,Amanita muscaria,"San Juan County, CO, USA",2
aba418b9-5a5a-4d4f-a042-518059ac9322,131952763,2022-08-17 15:57:26-06:00,2022-08-17,-107.9008333333,37.808555,3165.0,,11.0,18.0,5.0,4.6,,1033.1,Amanita muscaria,"Grand Mesa Uncompahgre and Gunnison National Forests, Ophir, CO, US",2
e3e5c7ed-ff34-44c3-bc33-89d064f3ab2e,131948541,2022-08-21 11:10:26-06:00,2022-08-21,-105.651189,40.0050438997,3297.0,,6.8,19.1,7.1,3.4,,1030.4,Amanita muscaria,"Nederland, CO 80466, USA",1
53561e67-9d95-49cf-ab5b-b6f97cafef65,131943068,2022-08-19 10:20:05-06:00,2022-08-19,-107.825905,37.8547283333,2981.0,,10.0,17.0,7.5,3.4,,1030.0,Amanita muscaria,"Grand Mesa Uncompahgre and Gunnison National Forests, Ophir, CO, US",1
a144f59d-f29e-4be6-b8da-92d804a4375c,131933290,2022-08-20 09:37:00-06:00,2022-08-20,-106.0728744667,39.5076725333,2986.0,,7.0,12.0,16.7,11.5,,1036.1,Amanita muscaria,"Summit, Colorado, United States",1
9c2a928d-5062-4c10-8b26-0df8ddefed38,131927241,2022-08-22 09:33:50-06:00,2022-08-22,-107.0866555,38.7691333333,2702.0,,10.0,23.3,,10.1,,1020.6,Amanita muscaria,"Gunnison, CO, US",2
1921572b-9021-443f-b24b-629915922ff1,131895631,2022-08-20 11:56:12-06:00,2022-08-20,-108.0319972222,37.7915111111,3120.0,,10.0,17.0,13.8,5.1,,1029.5,Amanita muscaria,"Dolores, CO 81323, USA",2
47b22388-0ab0-4242-8373-8ece6b22c115,131895463,2022-08-17 13:23:07-06:00,2022-08-17,-105.4460916667,39.2779083333,2993.0,,3.0,14.5,0.6,6.2,,1022.8,Amanita muscaria,"Pike and San Isabel National Forests, Jefferson, CO, US",2
b18d8781-3785-48ae-a026-0a958270a3b3,131844502,2022-08-19 16:04:50-06:00,2022-08-19,-104.512125,39.1187472222,2162.0,,11.0,23.0,4.1,12.6,,1024.9,Amanita muscaria,"Falcon, CO 80831, USA",1
42a35ff4-3450-4f0f-b80c-96a66bc9a129,131841207,2022-08-21 14:46:55-06:00,2022-08-21,-104.9916638889,38.7573944444,3420.0,,12.0,21.0,4.4,14.2,,1019.8,Amanita muscaria,"Manitou Springs, CO 80829, USA",1
6cc041a2-a5f2-4cf6-a2fe-803b0699542d,131838144,2022-08-21 11:31:33-06:00,2022-08-21,-105.6122055054,39.6510887146,3181.0,,0.5,10.3,8.8,4.8,,1023.6,Amanita muscaria,Evergreen,1
b8e96b9f-54a1-46cd-a5d3-64c1fc422284,131836169,2022-08-21 14:33:40-06:00,2022-08-21,-105.6228388282,39.6507193541,3328.0,,0.5,10.3,8.8,4.8,,1023.6,Amanita muscaria,"Colorado, US",1
01c4822c-ce85-4300-8d83-4c3484546544,131833698,2022-08-21 13:43:31-06:00,2022-08-21,-105.5011085048,39.9172085787,2597.0,,0.5,10.3,8.8,4.8,,1023.6,Amanita muscaria,Rollinsville,1
ae2e7f4e-9956-489f-80c3-11871bb7b67a,131795195,2022-08-17 11:50:25-06:00,2022-08-17,-105.9955797717,40.6806947248,2897.0,,6.7,26.0,0.0,7.6,,1020.8,Amanita muscaria,State Forest State Park,1
3e021743-4adf-4ad3-9beb-a385e5820c8a,131779437,2022-08-21 10:33:08-06:00,2022-08-21,-105.6728054211,39.9101155675,3280.0,,0.5,10.3,8.8,4.8,,1023.6,Amanita muscaria,"Black Hawk, CO 80422, USA",1
66a653af-c2b9-4b20-9a84-fa336a2db6b8,131779295,2022-08-20 11:59:23-06:00,2022-08-20,-105.7992553711,40.3772277832,3360.0,,6.6,22.2,6.7,5.3,,1027.6,Amanita muscaria,"Rocky Mountain, Rocky Mountain National Park, Rocky Mountain National Park, Grand County, US-CO, US",1
6c3efe93-4588-49de-affb-17cf2b44d425,131771900,2022-08-21 09:57:43-06:00,2022-08-21,-105.65628847,40.00881912,3421.0,,6.8,19.1,7.1,3.4,,1030.4,Amanita muscaria,"Boulder County, US-CO, US",1
6cab9a95-009f-48ca-91dc-f6e8b31321ce,131771879,2022-08-21 09:57:11-06:00,2022-08-21,-105.65629139,40.0091226,3421.0,,6.8,19.1,7.1,3.4,,1030.4,Amanita muscaria,"Boulder County, US-CO, US",1
51a8480c-ea30-4638-9a74-338fa8834cdf,131764512,2022-08-21 10:22:09-06:00,2022-08-21,-106.87300381,38.94292727,3401.0,,11.1,20.0,,7.2,,1016.8,Amanita muscaria,"Gunnison County, US-CO, US",1
469ad963-ef75-404b-a5a3-e3fed6fac7de,131692619,2022-08-20 11:54:46-06:00,2022-08-20,-105.445795,39.992925,2417.0,,15.0,26.0,4.0,9.2,,1022.1,Amanita muscaria,"Arapaho & Roosevelt National Forests Pawnee National Grassland, Nederland, CO, US",1
81d372c6-03cc-4e36-95ec-d9bd79c2bc77,131673302,2022-08-20 07:03:29-06:00,2022-08-20,-105.7734322997,39.7951472,3515.0,,1.1,9.4,10.8,4.9,,1022.3,Amanita muscaria,"Idaho Springs, CO 80452, USA",1
2d2142b7-81b4-4135-bd24-fcc1983962ce,131662953,2022-08-16 12:19:54-06:00,2022-08-16,-105.784745,35.8087783333,3172.0,,15.0,30.0,0.0,17.1,,1012.2,Amanita muscaria,"Santa Fe National Forest, Santa Fe, NM, US",1
1519ba10-dad2-4d34-83cf-7c9bdeaafd13,131643252,2022-08-20 07:03:22-06:00,2022-08-20,-105.7734262,39.7951521997,3515.0,,1.1,9.4,10.8,4.9,,1022.3,Amanita muscaria,"Idaho Springs, CO 80452, USA",1
f2206532-805e-49e7-8f64-b308c565d088,131621264,2022-08-19 16:04:50-06:00,2022-08-19,-104.512125,39.1187472222,2162.0,,11.0,23.0,4.1,12.6,,1024.9,Amanita muscaria,"Falcon, CO 80831, USA",1
a6b6a9ac-5b00-45fb-9502-5e57dd729bf7,131618551,2022-08-20 11:29:45-06:00,2022-08-20,-105.8071883333,39.8944783333,2818.0,,1.1,9.4,10.8,4.9,,1022.3,Amanita muscaria,"Arapaho & Roosevelt National Forests Pawnee National Grassland, Winter Park, CO, US",1
a4ccd667-ab30-4df0-9b37-d1c250a3e734,131598768,2022-08-20 10:16:19-06:00,2022-08-20,-105.8197006211,40.2544270115,2585.0,,6.6,22.2,6.7,5.3,,1027.6,Amanita muscaria,"Grand Lake, CO 80447, USA",1
85bab5d9-7af8-4ccc-94c5-a1baec9954a2,131525269,2022-08-19 11:34:00-06:00,2022-08-19,-106.462282436,38.9567325115,3260.0,,4.3,18.9,0.0,4.6,,1018.4,Amanita muscaria,"Chaffee County, CO, USA",2
a4b8f6df-289d-4c63-a035-5fcde0acd0f4,131504725,2022-08-18 14:55:09-06:00,2022-08-18,-107.8755805,37.272535,2004.0,,13.9,28.9,0.0,8.5,,1017.1,Amanita muscaria,"E Ninth St, Durango, CO, US",2
e1d17e55-7a08-48ac-9899-de16d8e0a146,131502449,2022-08-14 10:38:00-06:00,2022-08-14,-105.7492589722,40.1066489722,2556.0,,7.2,26.4,1.4,7.1,,1029.6,Amanita muscaria,"Grand, Colorado, United States",1
d7f1c963-6a94-4d5c-b0e2-a219010f7dfd,131497286,2022-08-16 17:28:07-06:00,2022-08-16,-105.7881383333,35.8111416667,3189.0,,15.0,30.0,0.0,17.1,,1012.2,Amanita muscaria,"Santa Fe National Forest, Santa Fe, NM, US",1
42538eda-ce5b-49dc-a8d2-b9feef96b795,131493887,2022-08-19 11:49:08-06:00,2022-08-19,-107.8245015228,37.8549779472,2983.0,,10.0,17.0,7.5,3.4,,1030.0,Amanita muscaria,"San Miguel County, US-CO, US",2
c91671db-4fa5-4514-b533-c498fdd30f09,131493768,2022-08-19 11:31:43-06:00,2022-08-19,-107.8272164109,37.8541240545,3028.0,,10.0,17.0,7.5,3.4,,1030.0,Amanita muscaria,"San Miguel County, US-CO, US",2
42779f2b-2244-4c4b-8c14-f4118f5c9e2e,131421779,2022-08-18 11:05:54-06:00,2022-08-18,-105.66133,40.0119083333,3445.0,,4.6,26.0,0.4,3.2,,1030.8,Amanita muscaria,"Arapaho & Roosevelt National Forests Pawnee National Grassland, Ward, CO, US",1
4b844e6f-6d7b-4bb3-9282-dcbd27bf62fb,131402826,2022-08-13 14:20:31-06:00,2022-08-13,-105.4288349436,36.6066764614,3332.0,,5.0,24.7,0.7,2.2,,1032.6,Amanita muscaria,"Carson National Forest, Taos Ski Valley, NM, US",2
7b7629ec-25a0-4fae-bf11-b770fdd62f9a,131386982,2022-08-17 09:45:19-06:00,2022-08-17,-106.8511548266,37.9541639909,3911.0,,,,,,,,Amanita muscaria,La Garita Wilderness,1
2d953c5f-d192-4dbb-b7a2-650ee669491b,131377162,2022-08-16 11:06:55-06:00,2022-08-16,-107.7088783333,37.7248216667,3331.0,,11.0,17.0,16.4,3.4,,1030.8,Amanita muscaria,"San Juan National Forest headquarters, CO, US",2
fba5a115-97a3-4fd4-a56c-8b8d17538360,131366387,2022-08-18 13:01:13-06:00,2022-08-18,-105.5341266809,39.9981327938,2708.0,,16.0,31.0,0.0,5.0,,1022.8,Amanita muscaria,"Caribou Ranch Open Space-Ce, Nederland, CO, US",1
fc9afe21-a62e-4c85-b8f1-622deb217498,131359468,2022-08-18 10:28:30-06:00,2022-08-18,-106.0184971667,39.5060116667,2986.0,,10.0,20.0,0.1,8.1,,1040.0,Amanita muscaria,"White River National Forest, Breckenridge, CO, US",2
d6f23561-079d-43f1-95b5-2750f055b604,131359430,2022-08-18 10:28:33-06:00,2022-08-18,-106.0184978229,39.5060342504,2986.0,,10.0,20.0,0.1,8.1,,1040.0,Amanita muscaria,"Summit County, US-CO, US",2
59a6ffc0-59f7-4eee-a388-e566890628f6,131346148,2022-08-17 10:58:23-06:00,2022-08-17,-105.6168666667,40.0724221667,3395.0,,5.1,23.7,0.0,2.8,,1031.7,Amanita muscaria,"Arapaho & Roosevelt National Forests Pawnee National Grassland, Ward, CO, US",1
554d6d16-a790-47e9-9a0c-2ef670bd8cb9,131254580,2022-07-19 08:10:00-06:00,2022-07-19,-106.4102112,38.84511067,3672.0,,9.3,23.7,9.4,7.3,,1018.9,Amanita muscaria,"Gunnison, Colorado, United States",1
9d6e0936-b4ce-436a-9c5e-1b013037c341,131241408,2022-08-17 09:40:48-06:00,2022-08-17,-107.0871055,38.9599,2959.0,,11.1,24.4,,6.9,,1017.6,Amanita muscaria,"Grand Mesa Uncompahgre and Gunnison National Forests, Somerset, CO, US",1
f5928a58-b319-4e6e-887c-d0f0b68019ee,131210699,2022-08-16 10:55:07-06:00,2022-08-16,-105.79262,35.8038883333,3415.0,,15.0,30.0,0.0,17.1,,1012.2,Amanita muscaria,"Santa Fe National Forest, Santa Fe, NM, US",1
efd39862-d527-4455-a2ad-b7d6432d4d01,131210623,2022-08-16 10:29:28-06:00,2022-08-16,-105.7981866667,35.8033416667,3335.0,,15.0,30.0,0.0,17.1,,1012.2,Amanita muscaria,"Santa Fe National Forest, Santa Fe, NM, US",1
870221e3-d66b-4eb7-aa85-32a5fe032c12,131021051,2022-08-15 08:29:00-06:00,2022-08-15,-105.7753619877,39.9007450482,2741.0,,3.0,12.9,4.1,5.7,,1021.6,Amanita muscaria,"Grand County, CO, USA",1
8798c170-6561-484c-a373-1e943b524044,131019855,2022-08-03 18:58:00-06:00,2022-08-03,-109.227022,38.4487519722,3309.0,,,,,,,,Amanita muscaria,"San Juan, Utah, United States",1
c7b8b599-aa0e-4a9b-be88-fc2573a3bc76,131015835,2022-08-15 09:40:44-06:00,2022-08-15,-106.6714166667,35.9367966667,2558.0,,17.5,27.7,1.3,8.3,,1025.0,Amanita muscaria,"Santa Fe National Forest, Jemez Springs, NM, US",1
60a288d9-9de1-4104-92ae-c11e7742e36a,130986999,2022-08-15 14:57:02-06:00,2022-08-15,-105.4183282425,36.7019946082,2722.0,,3.2,24.8,4.4,7.3,,1028.7,Amanita muscaria,"Carson National Forest, Red River, NM, US",1
72088f20-5ad3-4334-9e54-cc66d95ff33e,130979853,2022-08-11 22:45:00-06:00,2022-08-11,-107.6672826,37.9505504,2940.0,,12.0,23.0,3.2,4.6,,1035.3,Amanita muscaria,"Ironton Park, Colorado 81432, USA",1
9694edec-0be5-4a4f-9806-f5dd385ca842,130885773,2022-08-06 09:35:00-06:00,2022-08-06,-106.7851055383,37.4656801533,3214.0,,7.0,15.0,1.0,15.1,,1040.6,Amanita muscaria,"Mineral County, CO, USA",1
b10be6a6-d39e-444c-9be0-b552f86581fa,130871675,2022-07-30 10:23:00-06:00,2022-07-30,-106.39917,35.888145,3118.0,,13.7,19.7,26.4,5.3,,1029.4,Amanita muscaria,"Los Alamos County, NM, USA",1
c0f539a9-1d68-4978-9825-88fdd024656f,130859910,2022-08-12 16:31:27-06:00,2022-08-12,-105.8790777778,40.4205722222,3308.0,,6.3,28.2,3.0,5.3,,1032.1,Amanita muscaria,"Grand Lake, CO 80447, USA",1
1c86507c-e82b-477a-a598-01b6e51dcc5e,130858889,2022-08-07 11:24:53-06:00,2022-08-07,-106.3525362997,38.6889789,3096.0,,5.6,22.7,2.0,5.2,,1020.6,Amanita muscaria,"Nathrop, CO 81236, USA",1
37a7f0dd-e920-46c4-8d27-729d23d780fd,130827459,2022-08-14 10:54:25-06:00,2022-08-14,-105.803245,35.8027833333,3303.0,,14.4,31.7,0.0,11.4,,1013.1,Amanita muscaria,"Santa Fe National Forest, Santa Fe, NM, US",1
de52a219-40ac-445d-a984-bd2240bdd539,130807189,2022-06-02 12:18:00-06:00,2022-06-02,-105.2707516526,40.001083205,1670.0,,7.0,20.0,0.0,3.7,,1019.8,Amanita muscaria,"Colorado, US",1
20df0992-7e18-4766-b607-6a454f9563ca,130790299,2022-07-25 09:39:43-06:00,2022-07-25,-106.449075,39.49477,3455.0,,6.7,18.3,,6.5,,1015.4,Amanita muscaria,"White River National Forest, Basalt, CO, US",1
7906f493-886e-415f-a672-356718606e56,130730021,2022-08-10 08:28:00-06:00,2022-08-10,-105.4391420756,36.5756442421,3128.0,,5.0,23.0,0.6,5.9,,1035.4,Amanita muscaria,"Williams Lake Trail, Taos, NM, USA",1
eeb3cc31-d3e8-4dd7-80a2-a28d25005089,130644316,2022-08-06 15:25:11-06:00,2022-08-06,-106.5186583466,39.2995124137,3398.0,,5.6,22.2,0.0,6.8,,1015.1,Amanita muscaria,"White River National Forest, Meredith, CO, US",1
e7c94b44-0200-4e9c-9943-3395222d516e,130643667,2022-08-06 12:22:44-06:00,2022-08-06,-106.51773,39.30082,3397.0,,5.6,22.2,0.0,6.8,,1015.1,Amanita muscaria,"White River National Forest, Meredith, CO, US",1
1da7661c-bcda-4f06-bc4a-f38544d9b596,130587770,2022-07-26 13:08:08-06:00,2022-07-26,-106.882563122,40.7991528854,2516.0,,8.5,29.2,0.0,3.6,,1023.2,Amanita muscaria,"Medicine Bow-Routt National Forest & Thunder Basin National Grassland, Clark, CO, US",1
1850704f-9de9-4ed1-97e0-ca856bebb7ef,130559959,2022-08-11 09:33:00-06:00,2022-08-11,-106.6054867633,35.8360151253,2558.0,,14.7,25.3,14.2,11.0,,1030.9,Amanita muscaria,"Sandoval County, NM, USA",1
c91ab7bf-f798-435a-9aba-2e78979c5209,130559741,2022-08-12 10:19:09-06:00,2022-08-12,-103.8466262817,40.432434082,1412.0,,18.0,35.0,0.0,9.8,,1021.0,Amanita muscaria,United States,1
5d447326-ee8e-4e96-9e8e-c9dbc448c9c7,130555756,2022-08-11 12:02:38-06:00,2022-08-11,-105.7733897037,39.7950725934,3515.0,,4.2,17.0,1.8,7.9,,1024.2,Amanita muscaria,"Arapaho & Roosevelt National Forests Pawnee National Grassland, Idaho Springs, CO, US",1
5af1f13e-5539-4e95-b6ac-06a1cb006af3,130531261,2022-07-26 09:14:00-06:00,2022-07-26,-106.8043071367,37.4879420783,3455.0,,6.0,13.0,11.4,12.8,,1039.0,Amanita muscaria,"Mineral County, CO, USA",1
0724eab2-db1e-4fdf-95cf-931a643ebb5a,130500590,2022-07-25 11:14:09-06:00,2022-07-25,-106.3254777342,38.4963683775,3452.0,,7.0,15.4,9.9,17.5,,1038.9,Amanita muscaria,"Salida, CO 81201, USA",1
71bb5837-421d-4d55-a500-7dd545956f4e,130492359,2022-08-12 07:16:07-06:00,2022-08-12,-105.7848767273,39.8001405159,3599.0,,5.6,16.4,6.0,5.8,,1024.0,Amanita muscaria,"Arapaho & Roosevelt National Forests Pawnee National Grassland, Idaho Springs, CO, US",1
dc9ab0d1-9862-44b9-adbe-36710c3094b7,130454229,2022-08-05 12:48:04-06:00,2022-08-05,-106.5117716667,39.3900333333,3474.0,,6.7,22.8,,8.9,,1014.8,Amanita muscaria,"White River National Forest, Basalt, CO, US",1
9bf49197-4c88-4ada-9da5-505fecd795e9,130441910,2022-08-11 12:43:50-06:00,2022-08-11,-107.8472866667,37.6189583333,3243.0,,12.0,23.0,3.2,4.6,,1035.3,Amanita muscaria,"San Juan National Forest headquarters, Hesperus, CO, US",1
a1b3e53f-19cd-44cd-971f-cfb17cef98eb,130436311,2022-08-11 15:05:26-06:00,2022-08-11,-105.6030583333,39.9546666667,2769.0,,4.2,17.0,1.8,7.9,,1024.2,Amanita muscaria,"Arapaho & Roosevelt National Forests Pawnee National Grassland, Nederland, CO, US",1
8f43d6c6-42db-4e54-a8d6-702ecd8da913,130430324,2022-08-05 14:02:53-06:00,2022-08-05,-105.760575,40.2833966667,2781.0,,9.5,27.1,0.6,7.5,,1028.7,Amanita muscaria,"Rocky Mountain National Park, Granby, CO, US",1
2877be3d-3081-4499-a376-3397c7ad2b25,130420581,2022-08-11 13:26:39-06:00,2022-08-11,-105.5307717127,40.1492046902,3154.0,,17.0,35.0,0.0,3.2,,1023.0,Amanita muscaria,"Arapaho & Roosevelt National Forests Pawnee National Grassland, Lyons, CO, US",1
dd96f89a-3383-4f23-bb26-5cf11ea49363,130416916,2022-08-11 08:42:46-06:00,2022-08-11,-105.5455783333,40.0397805,3018.0,,17.0,35.0,0.0,3.2,,1023.0,Amanita muscaria,"Arapaho & Roosevelt National Forests Pawnee National Grassland, Ward, CO, US",2
168e9445-2e3f-467f-8654-f15d40c23b09,130407785,2022-08-11 12:33:09-06:00,2022-08-11,-107.8475316894,37.6188776689,3243.0,,12.0,23.0,3.2,4.6,,1035.3,Amanita muscaria,"San Juan National Forest headquarters, Hesperus, CO, US",1
6df7995f-a137-4c69-a807-0aa84f3db688,130382632,2022-08-03 18:58:00-06:00,2022-08-03,-109.2268361111,38.4491277778,3309.0,,,,,,,,Amanita muscaria,"San Juan, Utah, United States",2
74618157-80f6-45f8-8480-f2722c3658fe,130330024,2022-08-07 16:24:31-06:00,2022-08-07,-107.695617339,37.8113931184,2883.0,,13.0,24.0,0.1,7.2,,1033.2,Amanita muscaria,"San Juan National Forest headquarters, CO, US",1
224dabe4-4f2e-4f97-8e24-adb916e59cea,130318904,2022-08-10 14:07:53-06:00,2022-08-10,-105.739975,40.101522,2618.0,,7.9,27.5,0.0,5.6,,1033.5,Amanita muscaria,"Granby, CO 80446, USA",1
66d48ac8-b797-424b-9511-12f44dca899f,130310742,2022-08-10 09:50:36-06:00,2022-08-10,-106.289275,36.76525,3235.0,,,,,,,,Amanita muscaria,"Carson National Forest, Cebolla, NM, US",1
06b48113-2d30-4167-9289-a99edcd2233c,130307555,2022-08-02 18:49:49-06:00,2022-08-02,-106.9789322466,37.4666729554,3560.0,,7.0,14.0,10.6,13.4,,1040.1,Amanita muscaria,Weminuche Wilderness,1
bb76f8b5-8f0a-4d44-aab5-aa0edaba1c57,130297029,2022-07-24 13:10:00-06:00,2022-07-24,-105.6380011,40.3036664,2901.0,,8.6,22.7,8.9,3.6,,1030.0,Amanita muscaria,"Alberta Falls, Estes Park, CO 80517, EE. UU.",1
efc882b1-9b65-42c3-964c-1f164ada699c,130281911,2022-08-09 11:13:58-06:00,2022-08-09,-107.70696347,37.74287631,3329.0,,12.0,26.0,0.0,5.6,,1034.0,Amanita muscaria,"San Juan County, CO, USA",1
3afcf86c-5203-4e06-9f4d-29cdc901da6d,130272382,2022-08-09 11:59:00-06:00,2022-08-09,-105.6799583674,40.3231010782,3268.0,,6.4,28.7,0.0,4.8,,1031.8,Amanita muscaria,"Larimer County, CO, USA",1
49fa90da-4122-40b5-91c3-9a5f66b1fc24,130208147,2022-08-09 11:40:55-06:00,2022-08-09,-105.3645625,36.7626892997,3266.0,,5.9,24.7,0.0,6.0,,1033.0,Amanita muscaria,"Red River, NM 87558, USA",1
06a57911-1ffc-490e-ad81-c27551c2f3a6,130192762,2022-08-05 17:48:00-06:00,2022-08-05,-105.80703,35.8028116667,3360.0,,16.7,29.4,6.1,13.6,,1014.0,Amanita muscaria,"Santa Fe, New Mexico, United States",2
dbfea876-1fe1-4622-82c1-84e5ee2ec673,130187290,2022-08-09 15:01:56-06:00,2022-08-09,-106.235405,39.24163,3579.0,,6.1,23.9,0.0,8.5,,1018.9,Amanita muscaria,"County Route 1A, Leadville, CO, US",1
06e509aa-0766-4bd8-ad3b-9eecbc1f9007,130185274,2022-08-09 12:54:50-06:00,2022-08-09,-106.477395,39.2967399722,3331.0,,6.1,23.9,0.0,8.5,,1018.9,Amanita muscaria,"Leadville, CO 80461, USA",1
b6059f9e-362d-43e7-b468-1daa84b323d0,130179843,2022-08-04 09:46:15-06:00,2022-08-04,-106.4800866667,37.0578166667,3203.0,,,,,,,,Amanita muscaria,"Rio Grande National Forest, Antonito, CO, US",1
b0c19dce-f024-4f3a-b91a-565c04fe31a0,130179300,2022-08-09 12:33:50-06:00,2022-08-09,-105.5355319105,40.0323672744,2911.0,,18.0,34.0,0.0,2.5,,1023.0,Amanita muscaria,"Arapaho & Roosevelt National Forests Pawnee National Grassland, Ward, CO, US",1
3cf5d419-89ca-4890-9a37-6b28b91f6873,130177998,2022-08-05 13:05:36-06:00,2022-08-05,-107.0503632549,38.8702124768,3168.0,,12.2,27.2,,9.7,,1017.4,Amanita muscaria,"Grand Mesa Uncompahgre and Gunnison National Forests, Crested Butte, CO, US",1
41bc6a15-05b9-4869-bd67-a1bd70985d28,130174211,2022-08-08 18:39:29-06:00,2022-08-08,-105.6759116667,40.8558,2707.0,,12.6,26.1,0.6,11.7,,1019.4,Amanita muscaria,"Arapaho & Roosevelt National Forests Pawnee National Grassland, Red Feather Lakes, CO, US",1
0af3c697-f667-4f6f-a912-b0c9ec6cdeb5,130155171,2022-08-06 13:59:00-06:00,2022-08-06,-108.0174507826,39.0469343359,3291.0,,18.4,37.4,0.0,9.1,,1019.7,Amanita muscaria,"Mesa County, CO, USA",1
7b233a3f-27c8-49e2-8c48-a9d699f0eafa,130133217,2022-08-04 15:58:00-06:00,2022-08-04,-106.3994444444,36.9737083333,3221.0,,,,,,,,Amanita muscaria,"Rio Arriba, New Mexico, United States",1
b313d697-cf9e-44cd-9b08-f455ae7b5015,130118320,2022-08-06 13:00:25-06:00,2022-08-06,-106.3785333333,38.9475666667,4245.0,,6.8,23.3,0.9,5.6,,1018.0,Amanita muscaria,"Pike and San Isabel National Forests, Buena Vista, CO, US",1
8b987d8f-46ab-40c3-903d-ccce52d861f3,130076779,2022-08-06 13:28:36-06:00,2022-08-06,-105.5420083333,39.947225,2597.0,,5.4,16.7,2.4,7.6,,1020.0,Amanita muscaria,"Arapaho & Roosevelt National Forests Pawnee National Grassland, Nederland, CO, US",1
6a77a505-bc40-492b-80d0-6e06bbc4e331,130069525,2022-08-06 12:26:40-06:00,2022-08-06,-105.4330666667,36.5677216667,3281.0,,7.8,22.5,1.7,4.1,,1030.9,Amanita muscaria,"Carson National Forest, Taos, NM, US",1
d2c1d4a0-620a-46fc-91a0-28ff2d3faeb4,130057708,2022-08-08 11:58:32-06:00,2022-08-08,-105.8039807781,40.5649683968,3079.0,,9.4,27.9,0.0,6.5,,1018.8,Amanita muscaria,"Arapaho & Roosevelt National Forests Pawnee National Grassland, Bellvue, CO, US",2
5de2729f-2d4b-4e32-a8a1-3f6e73d13feb,130050796,2022-08-03 13:27:08-06:00,2022-08-03,-107.5160293579,38.1780853271,2887.0,,13.0,24.0,0.1,7.0,,1031.2,Amanita muscaria,Cimarron,1
53e4b176-4676-4501-b088-ac0201046df2,130045033,2022-08-06 15:55:44-06:00,2022-08-06,-106.7014580593,37.612272966,2563.0,,7.0,15.0,1.0,15.1,,1040.6,Amanita muscaria,"South Fork, CO 81154, USA",1
f71e4783-426f-4f9a-8b7a-847a4174b798,130042100,2022-08-08 08:51:47-06:00,2022-08-08,-105.4329383333,36.5536583333,3429.0,,9.2,20.1,19.2,6.8,,1033.3,Amanita muscaria,"Carson National Forest, Taos, NM, US",1
175fcc25-d8ae-46c0-ab87-8f01941466e6,130037114,2022-08-08 13:30:22-06:00,2022-08-08,-105.4213972222,39.5200166667,2729.0,,1.4,15.2,0.3,7.8,,1023.1,Amanita muscaria,"Pine, CO 80470, USA",1
2a07203a-d682-47c0-b996-8f2d5a02924d,130015997,2022-08-06 09:08:23-06:00,2022-08-06,-106.1555714031,39.4656635207,3593.0,,5.6,22.2,0.0,6.8,,1015.1,Amanita muscaria,"Colorado, US",1
6dae89d4-8fb9-406c-9d0c-8f1bf9a59d39,129992719,2022-08-07 12:02:22-06:00,2022-08-07,-106.1665444444,39.7111391667,2888.0,,12.0,20.0,1.5,13.2,,1040.5,Amanita muscaria,"Summit County, US-CO, US",1
397ac129-5e54-4b0e-87cb-6632b9bdc93d,129936543,2022-07-25 14:54:13-06:00,2022-07-25,-105.4338216667,36.606245,3188.0,,9.3,23.2,7.1,5.8,,1029.5,Amanita muscaria,"Carson National Forest, Taos, NM, US",2
0a888ea7-6a8a-441d-bd86-eb700b8435c0,129909076,2022-08-07 09:21:29-06:00,2022-08-07,-105.70907,39.6345866667,3176.0,,4.8,15.7,3.8,9.3,,1022.6,Amanita muscaria,"Arapaho & Roosevelt National Forests Pawnee National Grassland, Idaho Springs, CO, US",1
1ab44819-ee99-4589-98f8-81fd73bb561f,129905859,2022-08-03 10:42:15-06:00,2022-08-03,-105.45505,39.3208666667,2852.0,,6.8,18.8,3.9,4.0,,1018.4,Amanita muscaria,"Bailey, CO 80421, USA",1
d0508878-22d3-46be-8e29-d0166639fe6e,129872895,2022-08-07 07:54:15-06:00,2022-08-07,-105.4523866667,36.5883666667,3259.0,,5.0,23.0,11.5,5.9,,1032.1,Amanita muscaria,"High Noon Ski Area, Taos, NM, US",1
09da2f29-cf84-4ab9-a528-8afd9d5683e5,129851099,2022-07-12 15:01:48-06:00,2022-07-12,-105.771745,39.8946416667,2801.0,,1.4,15.2,1.4,8.8,,1021.8,Amanita muscaria,"Arapaho & Roosevelt National Forests Pawnee National Grassland, Winter Park, CO, US",1
7b4f84c9-a2ee-48be-8e94-ec12fa7a02f5,129820154,2022-08-01 16:11:08-06:00,2022-08-01,-107.6928753877,37.6468596757,2628.0,,10.0,21.0,8.3,4.9,,1034.2,Amanita muscaria,"San Juan National Forest headquarters, CO, US",2
d50b86ea-dd56-4eff-9b46-4e5f917369ce,129818806,2022-08-06 11:25:17-06:00,2022-08-06,-105.9030972222,39.9314444444,2754.0,,8.5,27.5,0.2,6.4,,1028.2,Amanita muscaria,"Fraser, CO 80442, USA",2
fd1ab1e0-751e-43c2-99b1-fdf06a007bee,129780986,2022-07-31 15:20:34-06:00,2022-07-31,-105.7643277778,35.8124555556,3268.0,,14.4,28.3,,11.0,,1017.2,Amanita muscaria,"San Ildefonso Pueblo, NM 87506, USA",1
2fd0d78c-102f-4c9a-a9ca-6805214d4a5e,129780727,2022-07-31 15:01:20-06:00,2022-07-31,-105.7611666667,35.8136333333,3336.0,,14.4,28.3,,11.0,,1017.2,Amanita muscaria,"San Ildefonso Pueblo, NM 87506, USA",1
6f2b1906-c0f3-450d-9beb-6a2aa7138135,129780198,2022-07-31 12:00:45-06:00,2022-07-31,-105.764175,35.8139527778,3272.0,,14.4,28.3,,11.0,,1017.2,Amanita muscaria,"San Ildefonso Pueblo, NM 87506, USA",1
09e46110-4453-4680-86e2-a914d94743b3,129780147,2022-07-31 10:59:36-06:00,2022-07-31,-105.7793222222,35.8130027778,3159.0,,14.4,28.3,,11.0,,1017.2,Amanita muscaria,"San Ildefonso Pueblo, NM 87506, USA",1
1d1547b4-7e0b-4ed8-9e51-a732d9ed90e3,129776970,2022-08-06 07:31:01-06:00,2022-08-06,-105.1014721667,38.868355,3318.0,,18.4,32.5,0.5,6.6,,1012.8,Amanita muscaria,"Pike and San Isabel National Forests, Woodland Park, CO, US",1
d3bbd688-b024-43e2-ac85-9db3f7a52f8e,129776924,2022-08-06 07:26:57-06:00,2022-08-06,-105.1024638333,38.8677866667,3285.0,,18.4,32.5,0.5,6.6,,1012.8,Amanita muscaria,"Pike and San Isabel National Forests, Woodland Park, CO, US",1
00128cd0-19b4-4620-86f3-78a7dfe7eeaa,129776777,2022-08-06 07:07:34-06:00,2022-08-06,-105.1124333333,38.870525,3176.0,,18.4,32.5,0.5,6.6,,1012.8,Amanita muscaria,"Pike and San Isabel National Forests, Divide, CO, US",1
9f4fb66e-75ca-4c00-a024-fdc7464c7b35,129762289,2022-08-06 14:20:21-06:00,2022-08-06,-105.4222183228,39.5188102722,2729.0,,5.4,16.7,2.4,7.6,,1020.0,Amanita muscaria,Pine,1
12682193-b193-4c4e-91e1-1c5771fd82ab,129758463,2022-08-06 12:23:41-06:00,2022-08-06,-105.802895,35.8023833333,3303.0,,13.9,30.6,,10.5,,1014.0,Amanita muscaria,"Santa Fe National Forest, Santa Fe, NM, US",1
41999c31-1a64-45ff-86bc-e3ee416cbd34,129743848,2022-08-06 14:09:24-06:00,2022-08-06,-107.9558181763,37.8160095215,3454.0,,12.0,23.0,0.1,7.5,,1031.9,Amanita muscaria,Dolores,1
42997cd6-172b-4a66-8b54-9f23917ef39f,129703465,2022-08-06 11:32:21-06:00,2022-08-06,-106.2699493692,39.2433896259,3243.0,,5.6,22.2,0.0,6.8,,1015.1,Amanita muscaria,"Lake County, US-CO, US",2
c9934c85-d6a3-4383-b6f6-0d0564618a69,129696260,2022-08-06 10:08:58-06:00,2022-08-06,-105.7808251028,39.8102874868,3330.0,,5.4,16.7,2.4,7.6,,1020.0,Amanita muscaria,"Arapaho & Roosevelt National Forests Pawnee National Grassland, Parshall, CO, US",2
4628c7cc-5518-4554-af74-8508880420a5,129685149,2022-08-03 14:52:44-06:00,2022-08-03,-107.9131298885,40.0375762153,1909.0,,11.7,28.3,0.0,6.5,,1016.2,Amanita muscaria,Meeker,1
a6f0c14d-d7aa-474d-bb6e-8da5e0dd9027,129620528,2022-08-04 08:12:11-06:00,2022-08-04,-105.8971333333,40.50467,3043.0,,10.6,29.2,0.0,7.6,,1016.0,Amanita muscaria,"State Forest State Park, Walden, CO, US",2
d5e3271f-2f76-4fca-be89-8b31e8eb1cbe,129608723,2022-08-05 13:12:03-06:00,2022-08-05,-105.8488311768,40.4019470215,2756.0,,9.5,27.1,0.6,7.5,,1028.7,Amanita muscaria,"Rocky Mountain, Rocky Mountain National Park, Rocky Mountain National Park, Grand County, US-CO, US",1
ee695c17-56e4-4958-99c4-6d863eeec647,129599499,2022-08-01 09:07:18-06:00,2022-08-01,-106.8051133333,37.3022416667,3057.0,,7.0,14.0,11.5,8.7,,1042.0,Amanita muscaria,"San Juan National Forest headquarters, Pagosa Springs, CO, US",2
5db314d6-dd97-499c-886c-ef414f51b6d5,129561182,2022-08-05 10:43:17-06:00,2022-08-05,-107.5342163164,38.1654732552,3495.0,,14.0,24.0,2.3,7.2,,1032.0,Amanita muscaria,"Grand Mesa Uncompahgre and Gunnison National Forests, Cimarron, CO, US",3
ede0b780-a92a-4782-baac-46c016fa17ff,129491853,2022-08-04 12:09:40-06:00,2022-08-04,-105.903166607,40.4808542354,3250.0,,10.6,29.2,0.0,7.6,,1016.0,Amanita muscaria,"Walden, CO 80480, USA",2
f444eab0-cd58-495c-921c-5d9fe1c748c5,129483176,2022-08-04 16:45:46-06:00,2022-08-04,-105.0760028333,38.8771966667,3464.0,,12.1,30.4,,12.3,,1015.2,Amanita muscaria,"Pike and San Isabel National Forests, Woodland Park, CO, US",2
c2916e4b-197d-44dd-9e01-d5ef1ec76f60,129459700,2022-07-19 12:38:00-06:00,2022-07-19,-106.7979286,37.3080526,3277.0,,10.0,19.0,20.3,13.0,,1042.0,Amanita muscaria,"Archuleta, Colorado, United States",2
f7721832-189c-449c-b948-32d938b51f50,129430524,2022-07-02,2022-07-02,-106.188509725,39.5481963016,3556.0,,8.0,17.0,4.7,13.5,,1036.8,Amanita muscaria,"Frisco, CO 80443, USA",2
ebb07bfa-917c-4572-8cd8-dcb89f03deea,129428312,2022-08-03 11:00:51-06:00,2022-08-03,-105.5183086177,40.1307531291,2659.0,,20.0,31.0,0.2,6.8,,1020.3,Amanita muscaria,"Arapaho & Roosevelt National Forests Pawnee National Grassland, Lyons, CO, US",1
52d8afa4-84cf-4475-9af8-933fb1e0b603,129383112,2022-08-02 11:25:52-06:00,2022-08-02,-106.168342581,39.7081016744,2916.0,,9.0,18.0,3.9,16.4,,1038.5,Amanita muscaria,"White River National Forest, Silverthorne, CO, US",2
33a093d1-355d-44cd-ac0b-29f7d7112618,129373175,2022-07-28 12:43:00-06:00,2022-07-28,-107.6708383333,37.6128183333,2802.0,,12.0,16.0,10.6,3.8,,1031.7,Amanita muscaria,"La Plata County, CO, USA",1
c414b17b-2184-4730-bde6-144672891d65,129348455,2022-08-02 11:16:11-06:00,2022-08-02,-105.5714824947,40.0790997727,3161.0,,10.5,24.7,0.7,7.3,,1028.5,Amanita muscaria,"Arapaho & Roosevelt National Forests Pawnee National Grassland, Ward, CO, US",2
e066534a-f45f-44ba-b6b9-11bb0671c083,129337033,2022-08-03 14:15:32-06:00,2022-08-03,-106.9588783333,40.8055916667,2475.0,,11.3,27.0,0.0,3.9,,1025.0,Amanita muscaria,"Steamboat Lake State Park, Clark, CO, US",1
f1dbaba9-673e-4387-b932-ac147f52a782,129328491,2022-08-03 13:14:40-06:00,2022-08-03,-105.4310616667,36.55848,3423.0,,6.5,23.0,1.6,4.8,,1029.2,Amanita muscaria,"Carson National Forest, Taos, NM, US",1
f90b10b4-cfa1-4d87-8b7e-cbb3c172d7b9,129325857,2022-08-02 10:23:46-06:00,2022-08-02,-105.9660063716,39.9702876956,2823.0,,10.5,24.7,0.7,7.3,,1028.5,Amanita muscaria,"Grand County, US-CO, US",2
07d44f65-2787-4166-8693-8019fa4b876b,129325796,2022-08-02 10:23:30-06:00,2022-08-02,-105.9661583508,39.9704914847,2823.0,,10.5,24.7,0.7,7.3,,1028.5,Amanita muscaria,"Grand County, US-CO, US",2
52ab3df8-5a7a-4e05-8532-5d60dc400a30,129317808,2022-08-03 13:40:14-06:00,2022-08-03,-105.4386216667,36.5725116667,3181.0,,6.5,23.0,1.6,4.8,,1029.2,Amanita muscaria,"Carson National Forest, Taos, NM, US",1
ffddce52-dec6-4cf3-898e-998c25efa081,129304682,2022-07-30 08:52:00-06:00,2022-07-30,-106.0639064,39.4018746,3244.0,,5.0,21.1,2.6,6.9,,1018.8,Amanita muscaria,"Summit County, CO, USA",1
9eba764d-fafc-4d2d-ab24-4e74749595fd,129285602,2022-08-03 08:06:16-06:00,2022-08-03,-106.9932166667,38.8647222222,2774.0,,10.6,26.7,,6.6,,1017.1,Amanita muscaria,"Crested Butte, CO 81224, USA",1
3deafcdc-7838-42ee-aebb-10e7904ddf2e,129231368,2022-07-31 10:46:10-06:00,2022-07-31,-105.7855833333,35.8048666667,3278.0,,14.4,28.3,,11.0,,1017.2,Amanita muscaria,"Santa Fe National Forest, Santa Fe, NM, US",1
19720eeb-5011-434f-be34-340a335dbbbc,129227195,2022-07-25 07:35:00-06:00,2022-07-25,-105.8562840189,40.447090271,3042.0,,11.5,25.5,0.0,5.0,,1028.3,Amanita muscaria,"Grand County, CO, USA",1
dfe4072a-23b6-45aa-83f5-31ce644c70d4,129224384,2022-07-31 10:14:18-06:00,2022-07-31,-108.05185,39.01081945,3257.0,,15.3,34.8,0.0,10.6,,1024.2,Amanita muscaria,"Grand Mesa Uncompahgre and Gunnison National Forests, Cedaredge, CO, US",1
0920eca3-e43d-4b7d-aa6a-5c8ea1e4e786,129216730,2022-07-29 11:44:00-06:00,2022-07-29,-105.960517,39.479368,3229.0,,1.4,11.7,5.5,6.0,,1023.1,Amanita muscaria,"Summit County, CO, USA",1
e7f22a09-98c7-4d5c-b0a8-bd47cefd9dbf,129196644,2022-08-02 15:31:49-06:00,2022-08-02,-105.45121462,36.62002066,3337.0,,7.9,25.0,0.3,10.0,,1029.0,Amanita muscaria,"Taos County, US-NM, US",1
79739b1e-d9e4-46c7-ab25-30473bd22eed,129191184,2022-08-02 11:24:07-06:00,2022-08-02,-105.43498776,36.60566731,3188.0,,7.9,25.0,0.3,10.0,,1029.0,Amanita muscaria,"Taos County, US-NM, US",2
e3c51575-af76-4d64-b3aa-b06b7150a367,129175004,2022-08-02 12:36:30-06:00,2022-08-02,-104.9705872805,39.7705979307,1590.0,,19.3,33.4,0.0,14.3,,1010.0,Amanita muscaria,"Walnut St, Denver, CO, US",1
9fea3e69-1f1e-4665-b216-189ee586703c,129173838,2022-08-02 12:28:21-06:00,2022-08-02,-105.7805296204,39.7766243928,2939.0,,4.6,14.5,6.4,12.8,,1020.1,Amanita muscaria,"Colorado, US",1
f08afdda-6992-4fe5-84dc-19cb75dde958,129154772,2022-08-01 18:30:06-06:00,2022-08-01,-105.858995,40.2770216667,2652.0,,7.6,24.8,4.8,3.9,,1031.0,Amanita muscaria,"Grand Lake, CO, US",1
2ae1e37f-6e20-48cd-a047-bf4c5e7ce7e9,129091059,2022-07-31 09:49:31-06:00,2022-07-31,-106.32637,38.5305666667,3195.0,,7.0,15.0,5.5,17.0,,1044.0,Amanita muscaria,"Pike and San Isabel National Forests, Salida, CO, US",1
ad2b922a-399f-43d3-864f-914f716763d7,129090750,2022-07-31 12:39:04-06:00,2022-07-31,-106.3439466667,38.53765,3493.0,,7.0,15.0,5.5,17.0,,1044.0,Amanita muscaria,"Pike and San Isabel National Forests, Salida, CO, US",1
f812607b-7d36-40eb-9dc6-743dce09ef0b,129090539,2022-07-31 08:35:53-06:00,2022-07-31,-106.9789322466,37.4666766809,3560.0,,5.0,13.0,11.3,14.2,,1041.9,Amanita muscaria,Weminuche Wilderness,1
6dd2c0a8-e62c-428b-8b0c-f9bb1a668c29,129079504,2022-07-27 13:08:09-06:00,2022-07-27,-105.7928866667,40.2382133333,2599.0,,7.6,27.3,0.0,6.0,,1028.5,Amanita muscaria,"Rocky Mountain National Park, Granby, CO, US",1
b09a32d9-2cdd-41f8-8cd1-aed34acdffd2,129030252,2022-07-29 09:11:10-06:00,2022-07-29,-105.6081915983,40.072454769,3308.0,,7.7,22.2,1.0,5.8,,1029.7,Amanita muscaria,"Arapaho & Roosevelt National Forests Pawnee National Grassland, Ward, CO, US",1
a7ea50c7-1ca0-42aa-9cf4-6f015f421dfe,129029242,2022-08-01 11:04:06-06:00,2022-08-01,-105.417687,39.864916,2758.0,,17.0,35.0,0.0,7.9,,1020.4,Amanita muscaria,"Black Hawk, CO 80422, USA",1
745ad8e1-5f1b-4702-8029-c22f99ddf822,128999342,2022-07-30 08:33:16-06:00,2022-07-30,-105.9114379883,39.8472595215,2936.0,,1.4,14.5,2.8,6.5,,1022.7,Amanita muscaria,"Grand County, US-CO, US",1
bc20fd9b-d441-4ac0-a4c4-ca82d99319ec,128988864,2022-08-01 09:14:17-06:00,2022-08-01,-106.7068428,37.6100491997,2579.0,,7.0,14.0,11.5,8.7,,1042.0,Amanita muscaria,"South Fork, CO 81154, USA",1
715fa7ef-cadc-4935-9c1d-9c940bedeae4,128967200,2022-07-31 17:36:30-06:00,2022-07-31,-105.4776577,36.5939906,2746.0,,12.8,26.7,,7.8,,1023.3,Amanita muscaria,"Taos County, US-NM, US",1
91f3826f-1e3c-416a-804d-9ff8ad68874a,128959621,2022-07-24 09:37:02-06:00,2022-07-24,-105.7793273926,35.812877655,3159.0,,18.9,31.1,0.3,12.0,,1012.5,Amanita muscaria,"Santa Fe County, US-NM, US",1
85cdecef-42ef-4e95-a871-754e4b354b29,128943192,2022-07-31 18:22:13-06:00,2022-07-31,-108.0715472222,37.3923527778,2803.0,,14.4,23.3,,8.2,,1020.5,Amanita muscaria,"Hesperus, CO 81326, USA",2
e70944be-953f-4eda-9422-5923a93137db,128932141,2022-07-30 12:37:41-06:00,2022-07-30,-106.905525,40.90452,2674.0,,8.5,29.6,0.0,3.6,,1025.9,Amanita muscaria,"Medicine Bow-Routt National Forest & Thunder Basin National Grassland, Clark, CO, US",1
686b4230-d42e-45a7-8bb2-8d3312a0b9e3,128913747,2022-07-31 11:28:42-06:00,2022-07-31,-105.8791782707,39.6636490731,3641.0,,4.0,13.6,13.6,5.7,,1024.8,Amanita muscaria,Loveland Pass,2
9008d767-7ac0-49dc-b10f-f6b87fb6fe50,128904779,2022-07-20 08:37:00-06:00,2022-07-20,-106.0923083333,40.3508194444,2953.0,,7.8,27.2,1.9,7.9,,1031.5,Amanita muscaria,"Willow Creek Pass area, Grand County, Colorado, USA",1
4706344a-087b-41b4-aa6b-2a5a905d4a4c,128831719,2022-07-31 11:33:38-06:00,2022-07-31,-105.3749928,39.8892819,2657.0,,18.0,31.0,0.1,7.6,,1022.2,Amanita muscaria,"Coal Creek, CO 80403, USA",2
86087c58-018e-4f0d-8ab4-612c5926813d,128826660,2022-07-31 10:18:10-06:00,2022-07-31,-105.7981277778,39.9093333333,2766.0,,4.0,13.6,13.6,5.7,,1024.8,Amanita muscaria,"Winter Park, CO 80482, USA",2
a89bff79-140e-4f4f-ade2-63ed6d8fd081,128826499,2022-07-31 11:04:20-06:00,2022-07-31,-105.5184154616,39.9552540324,2578.0,,18.0,31.0,0.1,7.6,,1022.2,Amanita muscaria,"Arapaho & Roosevelt National Forests Pawnee National Grassland, Nederland, CO, US",1
8ccac6c7-16ca-4809-972a-827aa13c65bf,128792790,2022-07-23 07:45:00-06:00,2022-07-23,-105.8542019825,40.3750191655,2718.0,,8.3,27.7,2.5,6.0,,1028.0,Amanita muscaria,"Rocky Mountain National Park, Granby, CO, US",1
ec5a7126-7f04-4b3e-b3af-198c814f6fa3,128748105,2022-07-30 09:59:36-06:00,2022-07-30,-107.1339278333,39.279155,3043.0,,8.9,25.0,,8.4,,1017.6,Amanita muscaria,"White River National Forest, Basalt, CO, US",1
000328c1-9c9c-4c4a-842e-ef4be6d3a5ea,128734153,2022-07-30 10:03:13-06:00,2022-07-30,-105.445555,39.6783333333,2798.0,,1.4,14.5,2.8,6.5,,1022.7,Amanita muscaria,"Arapaho & Roosevelt National Forests Pawnee National Grassland, Evergreen, CO, US",1
80be207d-45ce-4ef4-9aa5-59c1b40c373e,128727459,2022-07-30 14:13:53-06:00,2022-07-30,-105.4283133333,39.8437083333,2778.0,,14.9,33.0,0.0,8.3,,1022.1,Amanita muscaria,"Golden Gate Canyon State Park, Golden, CO, US",1
056df164-c5e3-4b8a-b0d2-dd7199cb69c7,128721801,2022-07-30 09:58:16-06:00,2022-07-30,-107.794045,37.81265,3574.0,,10.0,17.0,8.9,4.2,,1033.4,Amanita muscaria,"San Juan National Forest headquarters, CO, US",1
9d0eb030-7d45-4b6f-a528-2352f6382ff5,128717895,2022-07-26 09:03:37-06:00,2022-07-26,-106.2109216667,39.5463133333,3374.0,,12.0,18.0,0.2,11.6,,1038.2,Amanita muscaria,"White River National Forest, Vail, CO, US",1
a7597b85-c1f2-4901-bb55-8c44edcf466c,128712792,2022-07-30 14:17:48-06:00,2022-07-30,-105.5704803467,40.0408630371,3235.0,,14.0,33.0,0.0,5.6,,1021.6,Amanita muscaria,"Boulder County, US-CO, US",2
a0f02c03-1ce7-4056-97d0-7a74b4297d97,128700532,2022-07-30 14:00:00-06:00,2022-07-30,-105.9947276656,40.6277921492,2815.0,,8.7,26.5,0.0,6.5,,1018.0,Amanita muscaria,"State Forest State Park, Walden, CO, US",1
9c6eec34-9890-4638-8a9d-5d18725d93e5,128693420,2022-07-30 15:37:14-06:00,2022-07-30,-105.4301216667,39.871075,2889.0,,14.0,33.0,0.0,5.6,,1021.6,Amanita muscaria,"Golden Gate Canyon State Park, Golden, CO, US",1
70bc3eaa-865a-4dbb-9525-120db8aa16ea,128676621,2022-07-16 13:26:27-06:00,2022-07-16,-105.4715583333,37.62647,3231.0,,11.0,23.0,1.7,13.2,,1036.1,Amanita muscaria,"Pike and San Isabel National Forests, Gardner, CO, US",1
7b47f5e0-93ad-42ff-ac72-cc0bc3e82526,128672642,2022-07-29 12:06:24-06:00,2022-07-29,-105.9690997765,39.4489476908,3899.0,,5.0,18.3,,8.0,,1017.8,Amanita muscaria,"White River National Forest, Breckenridge, CO, US",1
01bc554d-0506-4e67-a039-c3571a9c9355,128659316,2022-07-27 12:11:34-06:00,2022-07-27,-105.5936861111,40.1967777778,2782.0,,7.6,27.3,0.0,6.0,,1028.5,Amanita muscaria,"Allenspark, CO 80510, USA",1
9a4806f2-8f00-41c9-9fbf-ae5df52f5059,128651341,2022-07-29 14:54:39-06:00,2022-07-29,-104.9480966667,39.5580033333,1778.0,,15.0,28.3,0.0,11.0,,1017.7,Amanita muscaria,"Meadow Creek Pl, Highlands Ranch, CO, US",1
39ac893b-dd0f-490c-baed-658fb00a0c5f,128610012,2022-07-28 10:38:51-06:00,2022-07-28,-106.8844833333,37.67858,3101.0,,5.0,11.0,21.7,8.5,,1039.4,Amanita muscaria,"Rio Grande National Forest, South Fork, CO, US",1
3ccaeebf-b7a4-4e73-b4eb-634ec76eab3b,128540224,2022-07-29 13:28:31-06:00,2022-07-29,-106.9932116667,38.8647116667,2774.0,,12.2,22.2,,6.4,,1020.9,Amanita muscaria,"Grand Mesa Uncompahgre and Gunnison National Forests, Crested Butte, CO, US",2
6e1f88a4-4388-4a36-b26a-fd7f3b4d10a2,128538293,2022-07-24 13:19:11-06:00,2022-07-24,-105.5225366667,39.93295,2679.0,,2.3,13.4,11.2,5.2,,1022.1,Amanita muscaria,"Arapaho & Roosevelt National Forests Pawnee National Grassland, Nederland, CO, US",1
2144a7f8-3bc0-4519-bfc8-4a88c9478c03,128496540,2022-07-29 10:57:12-06:00,2022-07-29,-106.7510154751,39.2446587654,2684.0,,9.4,23.9,,9.2,,1016.0,Amanita muscaria,"Pitkin County, US-CO, US",1
b4f58a44-aa25-4eca-ba30-85729c8a0943,128457154,2022-07-28 12:26:55-06:00,2022-07-28,-105.9638110176,39.9716726115,2791.0,,9.8,23.7,14.7,6.8,,1029.4,Amanita muscaria,"Grand Lake, CO 80447, USA",1
fcee1b31-ac45-4a4b-9c24-fc62dfc65749,128397957,2022-07-28 10:36:50-06:00,2022-07-28,-108.1365930793,38.3722462728,2619.0,,16.7,22.8,,11.0,,1015.2,Amanita muscaria,"Montrose, CO, US",1
be2f1027-de9a-48ad-999e-149f465cddca,128359994,2022-07-26 11:05:27-06:00,2022-07-26,-106.8469576384,36.0334780311,2868.0,,,,,,,,Amanita muscaria,"Rio Arriba County, US-NM, US",1
5912aa37-0fa3-4421-8677-42629739e930,128344213,2022-07-28 08:48:00-06:00,2022-07-28,-106.5942,39.644986,2206.0,,16.1,24.4,,9.3,,1014.9,Amanita muscaria,"Edwards, CO 81632, USA",2
46795ff8-8ac4-4140-968b-77b7cf1d4a44,128317397,2022-07-28 10:26:36-06:00,2022-07-28,-105.4995040894,37.9244651794,3398.0,,,,,,,,Amanita muscaria,Custer County,1
d4e18ad8-b0b5-4f5b-bb8a-e6eb7f9593f9,128310878,2022-07-26 11:06:42-06:00,2022-07-26,-106.8469089736,36.0334560648,2868.0,,,,,,,,Amanita muscaria,"Rio Arriba County, US-NM, US",2
a7216c9b-a66b-4d39-868e-a14844a7412e,128291579,2022-07-25 12:47:53-06:00,2022-07-25,-106.4781116667,37.309055,2902.0,,6.0,11.0,7.2,12.8,,1039.1,Amanita muscaria,"Rio Grande National Forest, Antonito, CO, US",1
5f59f0f5-9fc0-43c8-b8a4-df439384c02d,128245839,2022-07-23 11:16:59-06:00,2022-07-23,-107.0865744849,38.7694161974,2702.0,,13.9,29.4,,11.6,,1015.8,Amanita muscaria,"Gunnison, CO, US",2
3f5acc5c-43b1-4437-a6b2-d167fd2b16ec,128228355,2022-07-27 09:34:48-06:00,2022-07-27,-105.6060416667,39.5243633333,3152.0,,1.5,15.7,0.8,7.9,,1020.5,Amanita muscaria,"Mount Evans Wilderness, Bailey, CO, US",1
a6866c74-ac70-4779-9c52-769f895d094e,128225100,2022-07-27 14:24:47-06:00,2022-07-27,-106.7074688979,40.3881730179,2866.0,,9.7,29.8,0.0,5.7,,1024.0,Amanita muscaria,"Colorado, US",1
3d46fb1e-7f80-42ec-bad8-a9003eb68306,128220690,2022-07-27 10:51:09-06:00,2022-07-27,-105.5721283333,40.0451695,3303.0,,16.0,30.0,5.0,8.4,,1020.9,Amanita muscaria,"Arapaho & Roosevelt National Forests Pawnee National Grassland, Ward, CO, US",1
4be60314-59f6-4f0c-bc4d-6fb4e5046297,128211200,2022-07-27 11:44:51-06:00,2022-07-27,-105.5646843664,40.0295522635,3120.0,,16.0,30.0,5.0,8.4,,1020.9,Amanita muscaria,"Arapaho & Roosevelt National Forests Pawnee National Grassland, Ward, CO, US",1
23f6c3d7-4eb6-4b99-9bdc-bbe6121394c1,128204923,2022-07-27 15:01:22-06:00,2022-07-27,-106.094825,39.5786083333,2762.0,,9.0,21.0,0.0,12.0,,1039.2,Amanita muscaria,"White River National Forest, Frisco, CO, US",1
4dc5cce8-6cf4-4e62-9b65-2a34100ba0bd,128204891,2022-07-27 15:00:57-06:00,2022-07-27,-106.0949028333,39.5785533333,2762.0,,9.0,21.0,0.0,12.0,,1039.2,Amanita muscaria,"White River National Forest, Frisco, CO, US",1
f4c42076-c7fa-42e3-ac1e-d39f8cc58bb0,128203679,2022-07-27 12:26:56-06:00,2022-07-27,-107.686195,37.80815,2919.0,,11.0,20.0,7.5,2.2,,1032.5,Amanita muscaria,"CO, US",2
6e2db80f-0e9a-481f-85d5-fa7fcac4292f,128203564,2022-07-27 12:36:02-06:00,2022-07-27,-107.683175,37.8074916667,2866.0,,11.0,20.0,7.5,2.2,,1032.5,Amanita muscaria,"CO, US",1
bca1cab6-40fe-4b66-acfd-88913f528173,128170465,2022-07-21 14:12:31-06:00,2022-07-21,-106.0268638333,39.5478283333,2944.0,,12.0,20.0,2.5,12.0,,1040.5,Amanita muscaria,"White River National Forest, Breckenridge, CO, US",1
51e7a030-25e6-489d-b184-40c7c1b6310f,128153260,2022-07-25 13:24:17-06:00,2022-07-25,-105.80818,40.0591611667,2793.0,,11.5,25.5,0.0,5.0,,1028.3,Amanita muscaria,"Arapaho & Roosevelt National Forests Pawnee National Grassland, Granby, CO, US",1
91473c0a-2318-44a6-acd7-5cd69d5c94f8,128126473,2022-07-21 13:40:29-06:00,2022-07-21,-105.809295,40.3215633333,2903.0,,6.7,27.5,0.0,5.6,,1029.8,Amanita muscaria,"Rocky Mountain National Park, Granby, CO, US",1
18b352bc-76d0-4c0b-9929-0f42c4fc5ab3,128098443,2022-07-16 06:05:53-06:00,2022-07-16,-105.6441254748,40.3087453627,2875.0,,10.3,23.1,2.0,3.6,,1032.2,Amanita muscaria,"Rocky Mountain National Park, Estes Park, CO, US",2
deca7092-f776-4800-9cd5-502f47aa1899,128096908,2022-07-26 15:10:44-06:00,2022-07-26,-105.7283166667,39.87912,2962.0,,4.6,15.3,0.0,8.3,,1019.5,Amanita muscaria,"Arapaho & Roosevelt National Forests Pawnee National Grassland, Granby, CO, US",1
03e03ffa-fdfa-442e-86b9-82a25fb2d8bf,128090316,2022-07-26 11:29:32-06:00,2022-07-26,-105.8479616667,40.4472616667,2853.0,,7.6,27.0,0.0,6.1,,1027.3,Amanita muscaria,"Lulu City Cemetery, Granby, CO, US",2
36ef0bde-2e3a-4437-ba34-36bb559c900f,128088319,2022-07-26 13:57:21-06:00,2022-07-26,-105.7463466667,39.8833766667,2870.0,,4.6,15.3,0.0,8.3,,1019.5,Amanita muscaria,"Winter Park, CO 80482, USA",1
d5ca2f62-1a0f-4838-9353-08140dd0c79e,128070204,2022-07-26 11:28:41-06:00,2022-07-26,-105.3608783333,36.7634166667,3240.0,,10.7,23.7,10.9,5.4,,1029.5,Amanita muscaria,"Carson National Forest, Taos, NM, US",1
feddc852-0040-4990-a28b-10de3933cf8f,128056848,2022-07-26 06:46:05-06:00,2022-07-26,-106.168272,39.708167,2916.0,,12.0,18.0,0.2,11.6,,1038.2,Amanita muscaria,"Silverthorne, CO 80498, USA",2
a8e6a378-fc13-4f09-9e69-555af4ba56ab,128047737,2022-07-26 10:30:42-06:00,2022-07-26,-105.4656366667,39.692205,2734.0,,4.6,15.3,0.0,8.3,,1019.5,Amanita muscaria,"Arapaho & Roosevelt National Forests Pawnee National Grassland, Idaho Springs, CO, US",1
b560f2d6-087a-4da8-81d7-217df86981bf,128016607,2022-07-25 11:09:39-06:00,2022-07-25,-105.5831284449,40.2017890573,2688.0,,11.5,25.5,0.0,5.0,,1028.3,Amanita muscaria,"Allenspark, CO 80510, USA",1
30a6726b-f953-4b73-b1ac-9c4eb6c4307b,127998525,2022-07-25 13:19:39-06:00,2022-07-25,-105.8491973877,40.4062385559,2777.0,,11.5,25.5,0.0,5.0,,1028.3,Amanita muscaria,"Rocky Mountain, Rocky Mountain National Park, Rocky Mountain National Park, Grand County, US-CO, US",1
ccd6770e-5fe0-4a7f-b39a-c4a2abd53d77,127933024,2022-07-23 14:51:11-06:00,2022-07-23,-105.4387283333,36.7077783333,2618.0,,6.7,27.6,1.0,8.0,,1029.7,Amanita muscaria,"Carson National Forest, Taos, NM, US",1
843485f8-dd87-4f1a-842d-aa2fe5943a83,127929460,2022-07-25 10:28:14-06:00,2022-07-25,-105.5977333333,40.1990133333,2824.0,,11.5,25.5,0.0,5.0,,1028.3,Amanita muscaria,"Rocky Mountain National Park, Ward, CO, US",1
0e121744-6788-48c6-9751-bf9eb74fcf4c,127929248,2022-07-25 11:54:47-06:00,2022-07-25,-105.6270616667,40.2000783333,3030.0,,11.5,25.5,0.0,5.0,,1028.3,Amanita muscaria,"Rocky Mountain National Park, Ward, CO, US",1
969cdbe2-4306-45f5-8516-f5214895967e,127923430,2022-07-17 11:36:55-06:00,2022-07-17,-106.71137171,40.78228687,2641.0,,10.0,31.4,0.0,3.6,,1025.8,Amanita muscaria,"Routt County, US-CO, US",2
56feff94-0d85-4a35-bca8-7e77de1672a1,127906562,2022-07-25 15:41:11-06:00,2022-07-25,-105.7283859253,39.87915802,2962.0,,2.4,15.2,0.0,9.5,,1020.0,Amanita muscaria,Granby,1
24de4c77-5e65-4cf4-a484-f392cd4e31b2,127903047,2022-07-25 13:11:36-06:00,2022-07-25,-106.1810083333,39.3582533333,3405.0,,6.7,18.3,,6.5,,1015.4,Amanita muscaria,"Pike and San Isabel National Forests, Leadville, CO, US",1
999dba92-58e1-4588-b684-28418f393d79,127894683,2022-07-25 14:15:04-06:00,2022-07-25,-105.378105,39.56578,2560.0,,2.4,15.2,0.0,9.5,,1020.0,Amanita muscaria,"Arapaho & Roosevelt National Forests Pawnee National Grassland, Conifer, CO, US",1
4b3b99b7-69e2-41f0-b32a-c2077a872b52,127890544,2022-07-25 10:10:44-06:00,2022-07-25,-105.6575919722,40.3197779722,3091.0,,11.5,25.5,0.0,5.0,,1028.3,Amanita muscaria,"Estes Park, CO 80517, USA",1
7e671772-68d1-4f5f-a364-71106d009b23,127849612,2022-07-17 10:00:00-06:00,2022-07-17,-106.5333555556,35.8198194444,2583.0,,19.7,30.4,0.2,9.0,,1027.2,Amanita muscaria,"Sandoval, New Mexico, United States",1
76d59017-c1ee-4131-8961-c48b873a0e0b,127849604,2022-07-17 09:58:00-06:00,2022-07-17,-106.5331555556,35.8196916667,2576.0,,19.7,30.4,0.2,9.0,,1027.2,Amanita muscaria,"Sandoval, New Mexico, United States",1
545c90e7-8246-4dac-aac7-338f42c722cf,127782225,2022-07-24 08:01:12-06:00,2022-07-24,-105.4440419743,36.6005231326,3096.0,,9.1,22.0,11.8,5.7,,1030.6,Amanita muscaria,"Carson National Forest, Taos, NM, US",2
f04e2863-583c-48dc-bd35-58507498f135,127735901,2022-07-24 10:12:49-06:00,2022-07-24,-105.4456633333,36.5905216667,2954.0,,9.1,22.0,11.8,5.7,,1030.6,Amanita muscaria,"High Noon Ski Area, Taos, NM, US",1
9b15dc13-b9fe-41cd-aa25-2ab7ec1d492e,127730073,2022-07-20 15:30:04-06:00,2022-07-20,-106.9559944444,40.8048388889,2464.0,,12.0,29.3,0.0,5.9,,1026.8,Amanita muscaria,"Clark, CO 80428, USA",1
7f8afcea-b7a8-47d9-abca-84d1cd60b4d3,127720378,2022-07-23 17:10:16-06:00,2022-07-23,-105.6024517491,38.1382429658,2834.0,,,,,,,,Amanita muscaria,"Custer County, CO, USA",1
c25083f0-44b6-4502-896b-7cf9c78bb973,127712144,2022-07-24 09:12:58-06:00,2022-07-24,-105.5009756024,39.4398631259,2700.0,,7.4,19.7,6.3,6.0,,1020.1,Amanita muscaria,"Colorado, US",1
29f81f33-2a7b-4200-9862-1f91467fd067,127705222,2022-07-23 16:14:03-06:00,2022-07-23,-105.5902611111,40.1972166667,2770.0,,8.3,27.7,2.5,6.0,,1028.0,Amanita muscaria,"Rocky Mountain, Rocky Mountain National Park, Boulder County, US-CO, US",2
7908c852-81a7-4408-a27b-49ebaf62530e,127701420,2022-07-23 13:28:31-06:00,2022-07-23,-105.4325166667,36.5619966667,3373.0,,6.7,27.6,1.0,8.0,,1029.7,Amanita muscaria,"Carson National Forest, Taos, NM, US",1
02eebcaa-4899-4303-9507-72f04bd5f25a,127699422,2022-07-22 11:35:46-06:00,2022-07-22,-106.1680626711,39.7093669528,2911.0,,15.0,20.0,0.5,10.5,,1039.5,Amanita muscaria,"White River National Forest, Silverthorne, CO, US",1
4b21d925-e2ac-404f-a3a9-f878cbb27868,127608784,2022-07-23 16:15:50-06:00,2022-07-23,-105.7856216667,39.9093466667,2747.0,,5.0,17.6,9.2,8.3,,1019.7,Amanita muscaria,"Winter Park, CO, US",1
b478ca99-83ea-4608-a0c8-60026dbbf250,127597238,2022-07-23 16:44:29-06:00,2022-07-23,-105.9707456621,39.4759244437,3396.0,,5.0,17.6,9.2,8.3,,1019.7,Amanita muscaria,"White River National Forest, Breckenridge, CO, US",1
6174e25d-5092-4476-8531-85a365ad3370,127577302,2022-07-23 08:48:39-06:00,2022-07-23,-105.72358,39.87642,2974.0,,5.0,17.6,9.2,8.3,,1019.7,Amanita muscaria,"Arapaho & Roosevelt National Forests Pawnee National Grassland, Granby, CO, US",3
3280b9f9-7f49-4ce0-a908-b0732cc96416,127540683,2022-07-23 11:51:29-06:00,2022-07-23,-105.273995,39.535045,2673.0,,17.2,32.8,,14.0,,1011.3,Amanita muscaria,"Conifer, CO, US",1
95fbb11e-c6e7-42f0-9a60-8e27cf0fcb63,127497036,2022-07-21 10:34:21-06:00,2022-07-21,-105.8696899414,35.691734314,2321.0,,15.6,31.1,0.0,7.9,,1012.6,Amanita muscaria,"Santa Fe County, US-NM, US",1
7395bc0a-a203-4703-963d-267c235bca3e,127403284,2022-07-22 09:36:46-06:00,2022-07-22,-106.3197023152,37.4871912897,2779.0,,13.0,27.0,0.3,13.8,,1028.0,Amanita muscaria,"Rio Grande County, US-CO, US",2
a87c56a0-09c4-45e3-8ef4-08e8a858902a,127262771,2022-07-20 13:17:00-06:00,2022-07-20,-107.0126610249,40.9663270187,2317.0,,-17.0,30.2,0.0,13.3,,1026.7,Amanita muscaria,"Clark, CO 80428, USA",1
ef640609-4681-484a-a88b-5497c0a5be91,127165552,2022-07-20 12:50:37-06:00,2022-07-20,-107.0985638333,38.8961333333,3479.0,,13.3,28.9,,10.9,,1016.5,Amanita muscaria,"Grand Mesa Uncompahgre and Gunnison National Forests, Somerset, CO, US",1
82da9ab5-6a1f-49e0-9be7-d2fe86e0185e,126984968,2022-07-19 11:14:54-06:00,2022-07-19,-105.9988006745,39.5470111194,2956.0,,12.0,18.0,4.1,16.8,,1040.7,Amanita muscaria,"White River National Forest, Dillon, CO, US",2
08cba7c4-61f3-4027-a9de-7150bf83e714,126808467,2022-07-14 14:51:48-06:00,2022-07-14,-106.804505,37.54117,2812.0,,9.0,16.0,1.9,10.2,,1044.0,Amanita muscaria,"Rio Grande National Forest, South Fork, CO, US",2
25b2a07f-0736-4407-b7c1-b44349c2d11b,126761106,2022-07-17 17:07:35-06:00,2022-07-17,-105.7842722222,39.9214361111,2678.0,,3.1,18.3,0.1,6.1,,1022.3,Amanita muscaria,"Ski Idlewild Road, Winter Park, CO 80482, USA",2
f74ea92c-8e9a-48bc-ab71-9d7f18eea20b,126748424,2022-07-17 07:20:32-06:00,2022-07-17,-106.3331083333,38.839895,3569.0,,7.3,23.4,3.0,5.4,,1021.2,Amanita muscaria,"Pike and San Isabel National Forests, Buena Vista, CO, US",1
baf82f0e-e174-4751-9ea1-04c82cd1ce40,126506057,2021-06-28 11:07:17-06:00,2021-06-28,-103.5574127232,43.6713935475,1815.0,,8.3,18.9,,8.2,,1020.6,Amanita muscaria,"South Dakota, US",2
f6fc06a6-d59b-40bc-9854-42eaae83f299,126432185,2022-07-15 15:00:02-06:00,2022-07-15,-107.7712888889,37.6585638889,2946.0,,13.0,24.0,3.2,4.2,,1035.6,Amanita muscaria,"San Juan County, CO, USA",1
19ea4448-0353-494a-bd9a-0c360abb3acf,126404221,2022-07-15 12:31:19-06:00,2022-07-15,-105.6497883333,40.3089166667,2968.0,,10.4,26.1,2.3,5.2,,1033.1,Amanita muscaria,"Rocky Mountain National Park, Estes Park, CO, US",4
a073fe50-1798-4d9d-988b-56912a1c973f,126402191,2022-07-13 12:18:00-06:00,2022-07-13,-108.0103459952,39.0428201207,3311.0,,17.4,37.6,0.0,9.1,,1022.6,Amanita muscaria,"Mesa County, CO, USA",2
18d5d835-0ee5-4a04-b606-ea80e905f8df,126390353,2022-07-15 11:02:33-06:00,2022-07-15,-105.6251833333,40.311445,2805.0,,10.4,26.1,2.3,5.2,,1033.1,Amanita muscaria,"Rocky Mountain National Park, Estes Park, CO, US",2
703b9048-8b2c-4990-84d5-08912af158fa,126294689,2022-07-14 12:49:28-06:00,2022-07-14,-106.2356333333,39.5091966667,3331.0,,11.0,18.0,3.6,13.0,,1043.0,Amanita muscaria,"White River National Forest, Frisco, CO, US",2
31546736-f192-4a7f-98ae-40caa7d3e8a5,126285701,2022-07-14 09:39:33-06:00,2022-07-14,-106.8403866667,38.8274633333,2735.0,,12.2,28.3,,10.0,,1021.6,Amanita muscaria,"Grand Mesa Uncompahgre and Gunnison National Forests, Crested Butte, CO, US",2
ed24d9fb-7d04-449c-b11f-a9faa2bf20d4,126264472,2022-07-14 16:04:16-06:00,2022-07-14,-105.4401702881,36.5773773193,3110.0,,5.8,26.9,2.2,4.6,,1033.4,Amanita muscaria,Taos,2
9cc8c301-ffd4-45fb-9fd0-fc014262a295,126137808,2022-07-08 17:51:32-06:00,2022-07-08,-104.936825,39.0738221667,2570.0,,11.2,30.9,,15.1,,1018.7,Amanita muscaria,"Pike and San Isabel National Forests, Colorado Springs, CO, US",1
26a24190-bc6c-4c58-86b5-99cb2d6425fc,125772866,2022-07-06 13:46:11-06:00,2022-07-06,-105.718645,40.84755,2901.0,,13.1,21.5,4.7,8.5,,1016.7,Amanita muscaria,"Arapaho & Roosevelt National Forests Pawnee National Grassland, Red Feather Lakes, CO, US",1
ac0e0c33-cbfc-407a-a75d-326eeaf4f468,125712611,2022-07-10 14:43:56-06:00,2022-07-10,-105.731449239,39.9858716014,2962.0,,7.7,28.2,0.0,7.8,,1033.2,Amanita muscaria,"Nederland, CO 80466, USA",2
806ac2c9-0186-4da8-b12b-4c20fca339a5,125102895,2022-07-05 11:22:32-06:00,2022-07-05,-105.8388883333,40.3231083333,2748.0,,8.0,23.0,1.7,5.2,,1027.9,Amanita muscaria,"Rocky Mountain National Park, Granby, CO, US",2
7231cd71-f334-45a9-b60a-57146dbf62a1,125078328,2022-07-06 12:36:07-06:00,2022-07-06,-105.7036476135,40.3562282305,3650.0,,9.1,22.8,1.1,6.7,,1027.6,Amanita muscaria,"Rocky Mountain National Park, Estes Park, CO, US",2
9a786816-1bd7-41ce-b086-86275504d47b,124937014,2022-07-05 14:58:18-06:00,2022-07-05,-106.8318099976,40.5094413757,2097.0,,10.9,25.4,1.0,6.8,,1023.2,Amanita muscaria,Steamboat Springs,1
e2ea2955-f2d2-4c6a-b421-b04dcec84076,124330186,2022-07-01 10:08:33-06:00,2022-07-01,-105.3174666667,39.3460333333,2232.0,,2.5,16.1,4.5,5.3,,1020.1,Amanita muscaria,"Pine, CO 80470, USA",1
546392d6-35cf-4092-a5fd-e4643d47ebfa,124165664,2022-06-30 13:12:33-06:00,2022-06-30,-104.9155948497,38.7159606675,2523.0,,13.9,26.4,2.0,7.7,,1015.1,Amanita muscaria,"El Paso County, US-CO, US",1
c46a28c3-681a-47c7-a53b-7c31def63c31,123789909,2021-09-06 16:37:27-06:00,2021-09-06,-105.849555,39.5613366667,3353.0,,8.0,18.0,0.0,17.0,,1040.0,Amanita muscaria,"White River National Forest, Dillon, CO, US",1
75cc3a87-a917-43f6-b238-46e85005fa8e,123729122,2015-07-18 17:32:00-06:00,2015-07-18,-107.6826430081,37.6494407961,2813.0,,,,,5.0,,,Amanita muscaria,"San Juan County, CO, USA",2
fd51ebe6-2f0a-4d4c-8c3d-c72210b8ebcd,121620956,2021-08-08 12:18:30-06:00,2021-08-08,-106.0107555084,40.5139664854,2780.0,,4.0,25.6,0.0,6.7,,1025.9,Amanita muscaria,"State Forest State Park, Walden, CO, US",2
01df68e3-f846-46a9-8e79-b7e4b38bb64f,118463805,2021-08-11 13:48:18-06:00,2021-08-11,-106.5505666667,37.3529616667,3071.0,,8.0,17.0,0.0,7.5,,1039.6,Amanita muscaria,"Mix Lake, Antonito, CO, US",2
326da67d-95b9-4853-85d7-d0ac88d55073,117481443,2021-07-27 12:37:15-06:00,2021-07-27,-105.1451195,37.9877133333,3342.0,,,,,,,,Amanita muscaria,"Pike and San Isabel National Forests, Rye, CO, US",2
6a9d25f3-472d-4caf-8a9e-565ef461c0ac,117267330,2021-07-04 10:56:28-06:00,2021-07-04,-106.62487,35.859945,2491.0,,17.0,30.2,0.4,10.3,,1024.5,Amanita muscaria,"Santa Fe National Forest, Jemez Springs, NM, US",2
96ca9185-c423-4b12-bb8d-23dc419801ef,115233137,2021-07-20 10:26:35-06:00,2021-07-20,-106.0808555,39.498795,3101.0,,12.0,20.0,0.3,11.4,,1041.9,Amanita muscaria,"White River National Forest, Breckenridge, CO, US",1
3d557db6-ad62-4cf7-8233-cc2aa8616647,111567055,2020-06-24 12:07:00-06:00,2020-06-24,-104.5082972222,39.1233222222,2136.0,,10.0,26.0,,,,,Amanita muscaria,"El Paso, Colorado, United States",2
8e7bda6e-a141-4692-b4e3-59c31780bd05,111567054,2020-06-24 11:58:00-06:00,2020-06-24,-104.5096472222,39.1211694444,2141.0,,10.0,26.0,,,,,Amanita muscaria,"El Paso, Colorado, United States",1
625af986-fff8-4316-964d-106f8502b750,111475006,2021-07-26 21:55:16-04:00,2021-07-26,-104.5102,39.1213305556,2141.0,,11.0,28.0,0.0,9.0,,1025.2,Amanita muscaria,"Falcon, CO 80831, USA",1
6c9dd91a-5e32-4634-bbb7-47f335edbdd4,111399599,2019-08-17 14:18:58-04:00,2019-08-17,-104.984575,38.8063722222,3105.0,,13.6,34.0,,15.8,,1008.8,Amanita muscaria,"Manitou Springs, CO 80829, USA",1
c4f2ee11-e7af-4ee0-b544-53b53931ff41,111399250,2019-08-17 13:53:08-04:00,2019-08-17,-104.980575,38.807375,3096.0,,13.6,34.0,,15.8,,1008.8,Amanita muscaria,"Manitou Springs, CO 80829, USA",1
f0a580eb-45e9-43e0-b20d-e7d996186261,111398855,2019-08-04 19:26:06-04:00,2019-08-04,-104.5112083333,39.1203694444,2150.0,,17.2,30.0,,12.5,,,Amanita muscaria,"Falcon, CO 80831, USA",1
01c37150-650e-4c57-abb4-f5915f7cf38d,111398835,2019-08-04 19:26:06-04:00,2019-08-04,-104.5112083333,39.1203694444,2150.0,,17.2,30.0,,12.5,,,Amanita muscaria,"Falcon, CO 80831, USA",1
9a7ad030-0a3c-444b-a878-53870f335f5f,111398782,2019-08-04 18:49:01-04:00,2019-08-04,-104.5119027778,39.1193805556,2150.0,,17.2,30.0,,12.5,,,Amanita muscaria,"Falcon, CO 80831, USA",1
b402de67-87f7-421b-8259-4ff60e454a7b,111397847,2019-07-27 14:06:25-04:00,2019-07-27,-104.98435,38.8066194444,3105.0,,15.5,30.8,,13.2,,1017.2,Amanita muscaria,"Manitou Springs, CO 80829, USA",1
c024641d-5266-4d1c-8781-8a6c7f92b2af,110440804,2021-07-24 15:27:53-06:00,2021-07-24,-105.6577533333,39.8949966667,2896.0,,11.0,25.3,0.7,7.8,,1030.5,Amanita muscaria,"Arapaho & Roosevelt National Forests Pawnee National Grassland, Idaho Springs, CO, US",1
b4bd3bf0-b086-4923-a822-095e23bba9a8,110440711,2021-07-24 15:27:53-06:00,2021-07-24,-105.6577533333,39.8949966667,2896.0,,11.0,25.3,0.7,7.8,,1030.5,Amanita muscaria,"Arapaho & Roosevelt National Forests Pawnee National Grassland, Idaho Springs, CO, US",1
301caca2-580e-44d0-9cb7-f8e12970daa3,109651353,2021-08-08 02:40:29-04:00,2021-08-08,-106.6889091204,35.7587696389,1991.0,,15.8,29.4,0.0,6.9,,1023.7,Amanita muscaria,"Santa Fe National Forest, Jemez Springs, NM, US",1
9bd2f176-5e81-4c8f-8492-fa829e6a7c3e,109388771,2021-08-07 09:37:37-06:00,2021-08-07,-105.65937,39.8936283333,2917.0,,6.4,20.4,0.3,11.2,,1026.0,Amanita muscaria,"Arapaho & Roosevelt National Forests Pawnee National Grassland, Idaho Springs, CO, US",2
7a852321-faf7-428c-868c-595009901c1d,109235935,2017-08-16 11:01:00-06:00,2017-08-16,-105.5570321986,40.4092976264,2566.0,,14.5,25.5,,4.7,,,Amanita muscaria,"Larimer County, CO, USA",2
3045519f-8981-4265-b1ed-cbd455e0707b,109229217,2021-08-01 11:58:18-06:00,2021-08-01,-107.7907594666,37.6431591454,2549.0,,12.0,20.0,4.5,6.0,,1035.8,Amanita muscaria,"San Juan County, CO, USA",2
e0b98b89-e57e-4dfc-ac81-2783427e5ab7,109020425,2021-08-02 14:53:55-06:00,2021-08-02,-105.6471231356,39.8319307036,3277.0,,7.2,26.1,1.9,5.9,,1032.7,Amanita muscaria,"Arapaho & Roosevelt National Forests Pawnee National Grassland, Idaho Springs, CO, US",2
6588349d-bd5a-4134-b4d9-e7a970eb0c9c,109019911,2021-07-24 08:06:00-07:00,2021-07-24,-106.873969,38.946302,3405.0,,13.9,26.7,,10.0,,1015.0,Amanita muscaria,"Gunnison County, CO, USA",1
ba1af7a9-db02-469e-8ac1-ed9cf9e07024,108909653,2021-08-04 13:24:24-04:00,2021-08-04,-106.1576305,39.4221916667,3445.0,,3.9,17.8,0.0,13.9,,1019.3,Amanita muscaria,"White River National Forest, Breckenridge, CO, US",2
09f073fe-5bc8-4f4a-a60a-5744035a58c5,108057200,2021-07-14 12:03:44-06:00,2021-07-14,-107.6705466667,37.612775,2850.0,,11.0,18.0,9.1,2.9,,1032.0,Amanita muscaria,"San Juan National Forest, Durango, CO, US",2
bd5412ed-21b6-49df-855a-e3b1a007e141,107426097,2021-08-20,2021-08-20,-105.8394886181,39.5372894486,3515.0,,2.0,10.0,4.9,15.9,,1030.3,Amanita muscaria,"Summit County, US-CO, US",2
d1545914-2977-43bd-ab51-f249ef466d0f,107225331,2021-08-02 13:32:00-06:00,2021-08-02,-105.5925797155,39.6425232626,3518.0,,,,,,,,Amanita muscaria,"Clear Creek County, CO, USA",1
3aada03a-cbad-454c-b38f-a1fae8e07cfe,106288435,2021-07-09 10:37:00-06:00,2021-07-09,-105.65945,39.8958966667,2990.0,,8.0,30.8,0.4,9.1,,1029.3,Amanita muscaria,"Gilpin County, CO, USA",1
d9aa4ce1-6bd5-49c7-96d7-bb1fdf35c9e0,106288434,2021-07-09 10:36:00-06:00,2021-07-09,-105.6595283333,39.8963616667,2990.0,,8.0,30.8,0.4,9.1,,1029.3,Amanita muscaria,"Gilpin County, CO, USA",1
aa75c3e9-7f59-4d22-b329-edf9b5821bff,106109600,2021-07-22 17:36:10-04:00,2021-07-22,-106.1314697266,39.55443573,2853.0,,12.0,20.0,11.9,10.4,,1040.7,Amanita muscaria,Breckenridge,1
50745004-10fe-4161-a13b-15a6c7c13849,105611576,2015-07-26 06:29:00-06:00,2015-07-26,-106.148829767,41.0705734507,2771.0,,,,,,,,Amanita muscaria,Woods Landing 2,4
96bc046a-0200-422a-9df7-17432b5babbb,105611574,2015-07-26 06:29:00-06:00,2015-07-26,-106.148829767,41.0705734507,2771.0,,,,,,,,Amanita muscaria,Woods Landing 2,3
4fdc615c-9fa3-4b8f-9c4d-88d780a8811f,105611573,2015-07-26 06:29:00-06:00,2015-07-26,-106.148829767,41.0705734507,2771.0,,,,,,,,Amanita muscaria,Woods Landing 2,3
008b03ac-2c81-45cd-9ed1-680480f1d070,104921609,2021-07-14 14:47:00-10:00,2021-07-14,-105.6650646555,40.8567987709,2610.0,,,,,,,,Amanita muscaria,"Larimer County, CO, USA",2
83468539-e50f-4e1f-8019-9356e1bd0537,104921608,2021-07-22 15:38:00-10:00,2021-07-22,-105.6667472222,40.8571277778,2619.0,,,,,,,,Amanita muscaria,"Larimer County, CO, USA",2
08165010-a350-4075-8ebf-0a54571a40e1,104058592,2021-07-19 16:40:02+00:00,2021-07-19,-106.3722428876,39.6144593403,3197.0,,13.0,23.0,0.0,14.8,,1044.5,Amanita muscaria,"White River National Forest, Basalt, CO, US",1
de115ebf-8407-4505-aab1-0f89d2072c0d,102904396,2021-08-06 19:42:00-07:00,2021-08-06,-106.3218,36.8846916667,3187.0,,,,,,,,Amanita muscaria,"Rio Arriba County, NM, USA",1
9fcd3a28-51da-44a6-b213-4ff571eb199d,101414827,2021-08-24 12:20:46-06:00,2021-08-24,-105.9634446,39.9718981997,2791.0,,4.3,25.6,0.0,7.8,,1027.8,Amanita muscaria,"Grand County, US-CO, US",2
5838100f-62d1-45a3-8b2d-2d82a9da5567,101030688,2021-08-17 13:41:57-06:00,2021-08-17,-106.038351953,39.4816400381,2971.0,,3.3,20.0,,6.4,,1011.2,Amanita muscaria,Breckenridge,3
02cc883b-a987-4f8e-a0b5-88feef9b8cee,100777974,2021-08-09 10:43:00-06:00,2021-08-09,-105.0920527778,38.8799388889,3415.0,,12.2,31.5,0.0,11.6,,1009.8,Amanita muscaria,"Teller, Colorado, United States",3
ab01a204-3a58-4837-a6e8-776feb13ff7c,100777973,2021-08-09 10:39:00-06:00,2021-08-09,-105.0928333333,38.8796722222,3415.0,,12.2,31.5,0.0,11.6,,1009.8,Amanita muscaria,"Teller, Colorado, United States",3
f4f52ea1-37fa-41fc-9278-93e1adff02f8,100661570,2021-07-31 14:28:30-06:00,2021-07-31,-106.381205,38.6115860556,3492.0,,4.0,14.8,8.8,12.2,,1040.1,Amanita muscaria,"Nathrop, CO 81236, USA",3
bf27ff0a-4107-4928-819f-15346ed5c905,100266266,2016-10-01,2016-10-01,-105.6932120025,35.6993105632,2387.0,,9.4,25.0,0.0,9.7,,1014.7,Amanita muscaria,"Glorieta, NM 87535, USA",1
3810082a-2c9a-4b4d-9c27-d76d855a5e97,99225200,2021-08-13 12:59:33-07:00,2021-08-13,-106.9767,39.0893638333,3277.0,,13.3,30.6,,17.9,,1014.6,Amanita muscaria,"White River National Forest, Snowmass, CO, US",2
99974ed6-7f22-4323-895e-5f43be0fd61c,98736063,2021-08-17 02:00:47+00:00,2021-08-17,-105.6819467406,40.3245688352,3285.0,,4.1,26.8,0.0,7.1,,1023.6,Amanita muscaria,"Rocky Mountain National Park, Estes Park, CO, US",2
4d5343ad-6351-434f-bc27-9be27446c7d0,98665918,2021-08-08 13:32:31-06:00,2021-08-08,-106.1601416667,39.66108,3386.0,,7.0,18.0,0.0,16.5,,1035.7,Amanita muscaria,"White River National Forest, Silverthorne, CO, US",1
fb134ff4-9b75-4cee-8715-cc1cc01f06e1,97955121,2021-07-24 13:44:19-07:00,2021-07-24,-105.6086271995,39.6527911772,3226.0,,,,,,,,Amanita muscaria,"Echo Lake Park, Idaho Springs, CO, US",3
a39847f3-8039-4c8f-a28c-7baf60deb095,96505072,2021-08-11 13:11:08-06:00,2021-08-11,-107.5455466667,38.1132555,3495.0,,11.0,25.0,0.0,7.9,,1031.8,Amanita muscaria,"Grand Mesa Uncompahgre and Gunnison National Forests, Lake City, CO, US",1
4979bf68-2a05-4ba1-821d-92d50949396f,96482294,2021-08-08 17:52:58-04:00,2021-08-08,-105.8225033333,40.4106833333,3242.0,,4.0,25.6,0.0,6.7,,1025.9,Amanita muscaria,"Rocky Mountain National Park, Granby, CO, US",2
b1ff8dd7-2af4-4e31-bc84-1eadac2e57a0,96420355,2021-09-04 14:19:10-06:00,2021-09-04,-106.3133527778,38.8921277778,3524.0,,6.3,25.8,0.3,11.6,,1027.7,Amanita muscaria,"Buena Vista, CO 81211, USA",2
6cd521fc-8351-4024-863f-eefa225eba83,96366313,2021-08-18 14:30:25-04:00,2021-08-18,-105.8221055556,40.4109166667,3242.0,,6.6,25.5,0.0,6.1,,1022.8,Amanita muscaria,"Grand Lake, CO 80447, USA",2
26ec62b0-1d82-4333-be3d-5ca97dd2cbe4,95983773,2021-09-03 10:20:38-06:00,2021-09-03,-105.7850201453,35.803861473,3337.0,,13.3,28.9,0.0,13.0,,1012.0,Amanita muscaria,"Santa Fe County, US-NM, US",2
db60d67b-87ec-425d-b21e-16fd5cff25ac,95983726,2021-09-03 10:17:34-06:00,2021-09-03,-105.7854120259,35.8044272623,3307.0,,13.3,28.9,0.0,13.0,,1012.0,Amanita muscaria,"Santa Fe County, US-NM, US",1
154011dc-7514-4ad7-b198-5d2f7805ab5f,95420595,2021-08-21 07:00:14+00:00,2021-08-21,-106.6188678887,39.4676699527,3265.0,,5.6,24.4,0.0,6.2,,1017.3,Amanita muscaria,"White River National Forest, Basalt, CO, US",1
eeef9dfa-fe1b-4d9b-b829-e1e4e2c84935,95351824,2021-07-15 12:18:31+00:00,2021-07-15,-106.2098533333,39.5424216667,3340.0,,8.0,18.0,0.2,9.5,,1037.6,Amanita muscaria,"White River National Forest, Silverthorne, CO, US",2
af91dbdf-a9f5-479a-b12f-9a84e489e1b6,95157987,2021-08-29 15:24:25-06:00,2021-08-29,-105.5134057575,39.9455666001,2648.0,,15.0,28.0,0.5,7.0,,1022.5,Amanita muscaria,"Arapaho & Roosevelt National Forests Pawnee National Grassland, Nederland, CO, US",2
3f14e7ed-6d41-48fa-a50f-a80347d31a85,94522397,2021-08-07 08:49:27-06:00,2021-08-07,-105.8498533333,40.412145,2782.0,,6.4,20.4,0.3,11.2,,1026.0,Amanita muscaria,"Rocky Mountain National Park, Granby, CO, US",1
c697e64b-108a-429e-bb8d-20dc1ca83707,94510615,2021-08-13 07:34:24-06:00,2021-08-13,-105.4540776461,39.2557796705,2963.0,,,,,,,,Amanita muscaria,"Jefferson, CO 80456, USA",2
08f6ca66-fab0-4c89-aba4-fc2aa44b77aa,94118850,2021-08-21 13:19:44-07:00,2021-08-21,-105.9757783333,39.6032916667,2814.0,,5.0,13.0,2.2,22.6,,1032.1,Amanita muscaria,"Keystone Resort, Dillon, CO, US",2
6cfa67d0-512a-4276-bd84-0f45d4d5b836,94006373,2021-09-06 09:45:14-06:00,2021-09-06,-106.248245,41.3437716667,3154.0,,7.0,28.0,0.0,15.2,,1026.3,Amanita muscaria,"Medicine Bow-Routt National Forest & Thunder Basin National Grassland, Centennial, WY, US",1
944bd8a3-02a4-4b6b-9584-f2f1d4b0261b,93802501,2019-08-05 20:42:00-04:00,2019-08-05,-105.2385481575,39.6169121906,2102.0,,18.3,31.7,,10.0,,1016.0,Amanita muscaria,"Santa Clara Rd, Indian Hills, CO, US",2
f9cac8ff-d3d9-4971-9f4c-de799e2d5b7b,93765325,2021-09-03 17:55:15-06:00,2021-09-03,-105.9885111111,40.6427333333,2883.0,,,,,,,,Amanita muscaria,"Walden, CO 80480, USA",1
e90cf981-66d3-4a59-8551-f6899f51d72e,93675809,2021-09-03 13:32:27-06:00,2021-09-03,-107.8164833333,38.0023833333,3369.0,,8.0,18.0,2.6,5.1,,1029.7,Amanita muscaria,"Grand Mesa National Forest, Ridgway, CO, US",1
04d4691e-994c-42b0-b3a2-145ca93eb1a7,93616224,2021-09-04 13:30:34+00:00,2021-09-04,-104.0244664,44.1509493,1986.0,,7.0,25.0,0.0,7.4,,1020.5,Amanita muscaria,"Black Hills National Forest, Lead, SD, US",2
35a4907d-f9b7-4850-9cd0-337c36ab333a,93522676,2021-08-14 11:27:49-06:00,2021-08-14,-105.4339294434,36.5664024353,3305.0,,6.7,22.9,0.2,5.5,,1035.1,Amanita muscaria,"Taos County, US-NM, US",1
1ce2854e-3843-45cd-ab0d-1b9578321c50,93499356,2021-07-31 09:16:28-06:00,2021-07-31,-105.736625,39.8786666667,2922.0,,11.7,21.5,0.6,2.3,,1034.5,Amanita muscaria,"Arapaho & Roosevelt National Forests Pawnee National Grassland, Granby, CO, US",1
5f16ec0c-c707-4d32-985f-af913a214b39,93370716,2021-08-20 06:01:39-06:00,2021-08-20,-106.0654833333,39.3888366667,3437.0,,1.1,13.9,0.6,17.4,,1012.5,Amanita muscaria,"White River National Forest, Breckenridge, CO, US",1
5b541060-57bb-48a6-9480-d4f649ae08ba,93323633,2021-08-28 17:19:50-06:00,2021-08-28,-105.6764,39.89658,3232.0,,3.0,27.8,0.0,7.7,,1025.6,Amanita muscaria,"Arapaho & Roosevelt National Forests Pawnee National Grassland, Idaho Springs, CO, US",1
9c1e0dc3-1862-4fd5-99d3-28e6940a476c,93123895,2021-08-28 13:52:39-06:00,2021-08-28,-105.7852694444,35.8037602778,3337.0,,15.6,30.6,,12.5,,1011.8,Amanita muscaria,"San Ildefonso Pueblo, NM 87506, USA",2
c4733c4a-0945-4cc0-92f7-4ee13b8495ae,93079869,2021-08-29 16:55:16-06:00,2021-08-29,-106.0502919208,39.4623032945,3093.0,,3.3,22.8,0.0,9.0,,1013.7,Amanita muscaria,"White River National Forest, Breckenridge, CO, US",1
c1f0ed37-da6a-483b-aaf4-36dc7fdbb96b,93040576,2021-08-20 16:23:25-07:00,2021-08-20,-107.903655,37.81728,3162.0,,4.0,16.0,3.1,10.2,,1027.3,Amanita muscaria,"Grand Mesa National Forest, Telluride, CO, US",1
efb2333b-c460-4473-a74b-0faa29184266,93016507,2021-08-14 08:04:14-04:00,2021-08-14,-106.03926845,39.6228115,2751.0,,12.0,23.0,0.5,6.7,,1043.6,Amanita muscaria,"Dillon Bay, Dillon, CO, US",1
8a149063-7d70-4051-8e25-cd29f55f2016,93013022,2021-08-04 16:53:30-06:00,2021-08-04,-105.4987525,40.132004,2577.0,,15.0,28.0,1.0,4.5,,1023.8,Amanita muscaria,"Arapaho & Roosevelt National Forests Pawnee National Grassland, Lyons, CO, US",1
ee9bed94-3147-4895-a0db-7b62fb79a9df,93012856,2021-08-14 12:22:06-06:00,2021-08-14,-105.100281,37.3791796,2600.0,,,,,,,,Amanita muscaria,"Pike and San Isabel National Forests, La Veta, CO, US",1
029a3e70-a635-430c-b12f-73116969967a,93009078,2021-07-24 13:19:34-07:00,2021-07-24,-107.2066752,38.8675553,2939.0,,11.7,23.9,,9.2,,1021.3,Amanita muscaria,"Lost Lake Slough, Somerset, CO, US",2
be94798b-0f3a-40ec-9e6d-7387c555ec5b,93009000,2021-08-28 15:01:27-07:00,2021-08-28,-107.816631,38.002062,3340.0,,11.0,24.0,1.4,10.3,,1029.1,Amanita muscaria,"Ouray County, US-CO, US",2
0a788cb0-865c-41b2-b093-5714615bd355,92980969,2021-08-29 17:09:29-06:00,2021-08-29,-107.7091217041,37.7245101929,3331.0,,11.0,26.0,0.0,10.5,,1029.8,Amanita muscaria,San Juan County,1
10a55bec-01b1-470e-bad3-d1b8e9d573e4,92979633,2021-08-29 17:02:59-06:00,2021-08-29,-107.7082138062,37.7253112793,3300.0,,11.0,26.0,0.0,10.5,,1029.8,Amanita muscaria,"San Juan County, US-CO, US",1
dc0730c2-4e7f-495d-8611-e41e32f44c3b,92924413,2021-08-23 14:12:31-06:00,2021-08-23,-106.8871536255,40.5663948059,2111.0,,6.4,27.6,0.4,6.9,,1021.1,Amanita muscaria,"Routt County, US-CO, US",1
08fba6a1-80ce-42e1-ab45-4b74f0470cd6,92924410,2021-08-23 14:13:01-06:00,2021-08-23,-106.8871459961,40.5664100647,2111.0,,6.4,27.6,0.4,6.9,,1021.1,Amanita muscaria,"Routt County, US-CO, US",1
cef0594a-0cea-4edb-a455-3a54b2f079fa,92867401,2021-08-28 16:36:16-06:00,2021-08-28,-105.7232517661,40.7855208947,3172.0,,,,,,,,Amanita muscaria,"Arapaho & Roosevelt National Forests Pawnee National Grassland, Red Feather Lakes, CO, US",2
8021acf8-3189-4d09-b187-5f99b5acc2d6,92747766,2021-06-27 12:24:22-06:00,2021-06-27,-104.9661202161,38.7556670377,3257.0,,11.8,18.9,,13.6,,1022.0,Amanita muscaria,"Colorado, US",1
77fb792f-9077-476b-99fd-9d7b75804d45,92629530,2021-08-22 15:34:57-06:00,2021-08-22,-107.7118916667,37.74245,3326.0,,13.0,22.0,0.0,8.8,,1027.4,Amanita muscaria,"San Juan County, CO, USA",2
3c77377e-171e-455a-9f30-9c13b9fefa40,92618701,2021-08-26 10:50:48-06:00,2021-08-26,-105.5996102,39.6564175,3246.0,,17.0,27.6,0.6,12.9,,1020.8,Amanita muscaria,"Clear Creek County, US-CO, US",2
f448c6ca-9cc2-4fde-a7d7-3c473e965301,92596790,2021-08-25 10:33:38-06:00,2021-08-25,-106.8024305719,40.9763886072,2658.0,,,,,,,,Amanita muscaria,"Routt County, US-CO, US",1
b6813b4a-9e61-4187-8f1a-57f8cc0e900e,92506977,2021-08-24 12:00:01-06:00,2021-08-24,-108.0349361667,39.0656611667,3068.0,,15.2,33.4,0.0,6.2,,1021.0,Amanita muscaria,"Grand Mesa National Forest, Collbran, CO, US",3
67eecfc3-fa49-44f2-9a5f-1fc288aa016b,92501848,2021-08-23 17:19:41-06:00,2021-08-23,-106.4335166667,39.4977333333,3181.0,,3.3,20.6,0.0,8.3,,1013.2,Amanita muscaria,"White River National Forest, Basalt, CO, US",2
a84ad227-e691-4024-8e81-3c8a07aa8f9b,92485118,2021-08-24 15:29:25-06:00,2021-08-24,-106.8070123505,37.5371250095,2818.0,,5.0,16.0,0.0,18.3,,1039.2,Amanita muscaria,"Mineral County, US-CO, US",1
dd2cb58f-b781-4fe6-b2b1-4304039677f4,92485099,2021-08-24 15:29:12-06:00,2021-08-24,-106.8069851193,37.5371448504,2818.0,,5.0,16.0,0.0,18.3,,1039.2,Amanita muscaria,"Mineral County, US-CO, US",1
85636c79-1610-49ca-95eb-1a18dd379828,92403221,2021-08-22 15:06:25-06:00,2021-08-22,-107.1176388333,39.98747,3304.0,,9.4,26.7,0.0,12.0,,1014.6,Amanita muscaria,"White River National Forest, Gypsum, CO, US",1
9ee20f1c-bc62-46c6-b874-d8fb508abb5e,92390537,2021-08-23 17:29:54-06:00,2021-08-23,-106.0689695,39.4993666667,3006.0,,8.0,19.0,0.9,15.1,,1035.8,Amanita muscaria,"White River National Forest, Breckenridge, CO, US",1
8b7f5617-494b-4236-94bc-49e1e0431e04,92375641,2021-08-21 10:43:35-06:00,2021-08-21,-107.9843592393,37.992632534,2739.0,,6.0,20.0,1.8,10.2,,1026.3,Amanita muscaria,"Colorado, US",2
cf8f2da4-0f8b-4f88-b497-d95878d20edf,92372895,2021-08-20 10:58:08-07:00,2021-08-20,-105.8108984494,40.0526894443,2851.0,,3.5,17.4,3.9,9.9,,1024.1,Amanita muscaria,"Grand County, US-CO, US",2
413687ac-e57a-4125-8e9b-53ffe834f778,92365342,2021-08-22 15:09:00-06:00,2021-08-22,-106.4618933333,39.2257066667,3440.0,,3.9,20.0,,12.3,,1010.9,Amanita muscaria,"Lake County, CO, USA",2
701b0f06-7765-4f30-b466-a72889ac7d3d,92365340,2021-08-22 15:09:00-06:00,2021-08-22,-106.4621716667,39.225525,3440.0,,3.9,20.0,,12.3,,1010.9,Amanita muscaria,"Lake County, CO, USA",2
4da4d046-6928-40cf-a93e-70401d93040c,92307688,2021-08-16 18:19:42-04:00,2021-08-16,-106.038351953,39.4816400381,2971.0,,2.2,21.1,,7.2,,1014.7,Amanita muscaria,Breckenridge,1
38ef0462-b565-4a44-9043-4c9d9678b924,92294481,2021-08-23 14:58:26-06:00,2021-08-23,-105.963376549,39.9716948301,2791.0,,2.6,26.1,0.0,8.7,,1025.7,Amanita muscaria,"Granby, CO, US",1
7e478a67-d29e-4369-ac84-5220527df179,92275888,2021-08-23 08:20:31-06:00,2021-08-23,-105.6628333333,40.2897383333,3204.0,,2.6,26.1,0.0,8.7,,1025.7,Amanita muscaria,"Rocky Mountain National Park, Estes Park, CO, US",1
ca0c06e2-4b6b-466d-8673-7e4a379c8fe4,92252163,2021-08-21 11:05:30-06:00,2021-08-21,-107.9836674997,39.0422551997,3153.0,,11.6,29.1,0.0,5.9,,1017.7,Amanita muscaria,"Cedaredge, CO 81413, USA",2
8bc96499-87e8-4e55-b1d0-6d579ce64240,92251685,2021-08-04 11:49:24-06:00,2021-08-04,-105.6274033333,40.4486833333,3151.0,,8.1,22.1,0.3,4.6,,1031.6,Amanita muscaria,"Rocky Mountain National Park, Estes Park, CO, US",2
ae32b9b8-b6f1-47a0-8bd4-317b889f4bbf,92251047,2021-08-04 11:47:44-06:00,2021-08-04,-105.6280488458,40.4532346748,3221.0,,8.1,22.1,0.3,4.6,,1031.6,Amanita muscaria,"Rocky Mountain National Park, Estes Park, CO, US",3
b3a3ae37-205e-459b-8751-dae19e7b2cc4,92241244,2021-08-21 11:09:40-06:00,2021-08-21,-105.8413222222,39.6984305556,3098.0,,5.0,13.0,2.2,22.6,,1032.1,Amanita muscaria,"Dillon, CO 80435, USA",3
d8b33611-cecf-4445-911d-a9b9b138ab18,92235865,2021-07-31 10:05:00-07:00,2021-07-31,-105.654666676,40.3105786032,3046.0,,11.7,21.5,0.6,2.3,,1034.5,Amanita muscaria,"Larimer County, CO, USA",2
26b7a867-bf2d-461f-a3a8-fea61ee141ae,92199214,2021-08-21 12:37:56-06:00,2021-08-21,-107.707375,37.724645,3350.0,,6.0,20.0,1.8,10.2,,1026.3,Amanita muscaria,"San Juan National Forest, CO, US",1
1cab3dc6-9d07-4fd6-90fc-9a0bfb642d2a,92195771,2021-08-21 12:29:35-06:00,2021-08-21,-107.7088241577,37.7248153687,3331.0,,6.0,20.0,1.8,10.2,,1026.3,Amanita muscaria,San Juan County,1
f8d9e93a-6260-4da4-a782-e12aa316333b,92187715,2021-08-22 13:08:00-06:00,2021-08-22,-107.1219555556,40.1416111111,3103.0,,8.3,26.7,0.0,14.6,,1012.2,Amanita muscaria,"Rio Blanco County, CO, USA",1
f07a719f-2855-462b-9fac-49608d7665de,92186478,2021-08-21 11:31:16-06:00,2021-08-21,-107.8813472222,37.8142916667,3117.0,,6.0,20.0,1.8,10.2,,1026.3,Amanita muscaria,"Ophir, CO 81426, USA",1
1f1babea-7b08-4888-a57b-a25b8be84da0,92185488,2021-08-22 08:41:45-06:00,2021-08-22,-106.0587081909,39.4289703369,3274.0,,3.9,20.0,,12.3,,1010.9,Amanita muscaria,"Summit County, US-CO, US",1
c1899188-eed0-4856-8b0d-9d0905dfe8bc,92184013,2021-08-21 16:37:48-06:00,2021-08-21,-106.24595,39.6283216667,2892.0,,5.0,13.0,2.2,22.6,,1032.1,Amanita muscaria,"White River National Forest, Vail, CO, US",1
1a39fedd-bc83-442d-88a4-b614bf0d7955,92170216,2021-08-07 19:40:22-06:00,2021-08-07,-107.7024466667,37.9167166667,3255.0,,11.0,21.0,0.0,7.8,,1029.6,Amanita muscaria,"Grand Mesa National Forest, Ridgway, CO, US",1
fc883938-b1fa-4ba7-a5c7-c6f401b6df86,92156352,2021-08-21 10:34:25-06:00,2021-08-21,-108.0010833333,39.0335888333,3130.0,,11.6,29.1,0.0,5.9,,1017.7,Amanita muscaria,"Grand Mesa National Forest, Cedaredge, CO, US",1
b6f01d7b-07b3-4fdd-afcf-2cd9fb711de5,92156131,2021-08-21 10:38:28-06:00,2021-08-21,-108.0011666667,39.0327333333,3113.0,,11.6,29.1,0.0,5.9,,1017.7,Amanita muscaria,"Grand Mesa National Forest, Cedaredge, CO, US",1
1f738905-c62d-4606-b70e-a84ef0000488,92155114,2021-08-19 10:39:32+00:00,2021-08-19,-105.9348533333,39.5744466667,3562.0,,6.0,13.0,8.3,11.8,,1030.5,Amanita muscaria,"White River National Forest, Dillon, CO, US",2
eb0fc59e-de93-4495-81b1-002941e1779e,92142567,2021-08-21 10:07:25-06:00,2021-08-21,-105.60585322,40.14641445,3035.0,,2.6,21.2,0.5,7.3,,1023.8,Amanita muscaria,"Boulder County, US-CO, US",1
cd5cccba-17a6-40df-937c-02b04004601f,92132261,2021-08-22 11:40:00-06:00,2021-08-22,-106.0744783991,39.5814486424,2755.0,,8.0,17.0,0.1,20.8,,1033.2,Amanita muscaria,"Dillon Reservoir Recreation Area, Dillon, CO, US",1
a5e9fbad-75dc-474d-a3ba-c606dfcb0475,92111007,2021-08-21 12:48:03-06:00,2021-08-21,-107.8043865629,37.8494646838,3244.0,,6.0,20.0,1.8,10.2,,1026.3,Amanita muscaria,"San Miguel County, US-CO, US",1
43110ea6-3c51-4b31-b3ec-13a8e78b2c13,92107837,2021-08-21 13:40:24-06:00,2021-08-21,-106.7024083333,39.1181445,2918.0,,3.3,21.1,,8.4,,1012.7,Amanita muscaria,"White River National Forest, Aspen, CO, US",2
9c52cd86-baed-468c-9e4c-e89b1f382a39,92048289,2021-08-20 15:20:18-06:00,2021-08-20,-105.6998583333,39.6844033333,2869.0,,2.0,10.0,4.9,15.9,,1030.3,Amanita muscaria,"Arapaho & Roosevelt National Forests Pawnee National Grassland, Idaho Springs, CO, US",1
d3e89ad0-6967-4614-ad72-325ad633805d,92033501,2021-08-21 13:17:28-06:00,2021-08-21,-105.60457,39.6561966667,3265.0,,,,,,,,Amanita muscaria,"Echo Lake Park, Idaho Springs, CO, US",1
af107477-cf17-4a97-babe-9be52d7841dd,91981374,2021-08-20 16:12:06-06:00,2021-08-20,-105.7610460743,39.8799333882,2816.0,,3.5,17.4,3.9,9.9,,1024.1,Amanita muscaria,"Iron Horse, Winter Park, CO 80482, USA",2
0de9655d-90e9-4ca4-9562-794328cc9439,91930905,2021-08-20 16:24:19-06:00,2021-08-20,-107.8159437329,37.8571603805,3060.0,,4.0,16.0,3.1,10.2,,1027.3,Amanita muscaria,"San Miguel County, US-CO, US",1
8e9bddca-cdbd-4610-8eaf-92aa03ee13d2,91926833,2021-08-20 11:53:20-06:00,2021-08-20,-107.6521988958,37.8902150711,3212.0,,4.0,16.0,3.1,10.2,,1027.3,Amanita muscaria,"San Juan County, US-CO, US",1
86517bf3-ac33-4c0a-bef5-073ffd5ad55a,91922800,2021-08-20 16:15:03-06:00,2021-08-20,-107.6145166667,38.0670055556,3516.0,,4.0,16.0,3.1,10.2,,1027.3,Amanita muscaria,"Ridgway, CO 81432, USA",1
e26e8cf1-896b-45d6-bae6-d7625c63b9ef,91922421,2021-08-05 07:46:00-07:00,2021-08-05,-107.0277023315,39.1188812757,3363.0,,10.0,28.3,0.0,10.7,,1016.9,Amanita muscaria,"White River National Forest, Snowmass, CO, US",2
ae52e0cd-a802-4436-9a55-a458ad64e646,91922043,2021-08-20 11:39:14-06:00,2021-08-20,-107.6450027778,38.0438916667,3442.0,,4.0,16.0,3.1,10.2,,1027.3,Amanita muscaria,"Ouray, CO 81427, USA",1
332fb017-6385-4dd6-931d-203dd2c6fd53,91914341,2021-08-20 16:53:53-06:00,2021-08-20,-107.809408,37.8589478997,3126.0,,4.0,16.0,3.1,10.2,,1027.3,Amanita muscaria,"San Miguel County, US-CO, US",1
f50d243d-99f3-4e9c-9cf6-89eb1c3fb04b,91890021,2021-08-20 14:28:42-06:00,2021-08-20,-106.0875244141,39.4726753235,3498.0,,1.1,13.9,0.6,17.4,,1012.5,Amanita muscaria,Breckenridge,1
d1803c03-df38-4e75-8811-6dd46161a8fe,91876403,2021-08-16 07:34:39-07:00,2021-08-16,-107.8163916667,38.0023111167,3369.0,,12.0,22.0,4.3,6.7,,1029.2,Amanita muscaria,"Grand Mesa National Forest, Ridgway, CO, US",1
e7926014-14db-452d-be4d-18ae0216a1af,91862254,2021-07-22 12:41:54-07:00,2021-07-22,-108.1313555,37.4396866667,3080.0,,17.2,31.1,0.0,12.0,,1015.7,Amanita muscaria,"San Juan National Forest, Mancos, CO, US",2
57728498-988f-47cb-a394-fbf539c29a83,91835796,2021-08-17 14:49:32+00:00,2021-08-17,-105.9780196846,39.3989815265,3501.0,,3.3,20.0,,6.4,,1011.2,Amanita muscaria,"Fairplay, CO 80440, USA",2
d0b46a0b-7570-409a-9ebd-69ab46a8b3f4,91801684,2021-08-18 16:24:09-06:00,2021-08-18,-107.8852708998,37.833261295,2964.0,,11.0,21.0,7.6,4.9,,1025.8,Amanita muscaria,"San Miguel County, US-CO, US",2
2f8a7516-e779-48da-ae7e-a338e4a51f2d,91794586,2021-08-18 16:38:06-06:00,2021-08-18,-107.8853657778,37.8331309232,2964.0,,11.0,21.0,7.6,4.9,,1025.8,Amanita muscaria,"San Miguel County, US-CO, US",1
9b02b896-c165-4c9a-9ddd-9b45afa8b13a,91773973,2021-08-19 10:39:35-06:00,2021-08-19,-107.856272,37.913442,3226.0,,6.0,15.0,15.2,5.9,,1025.9,Amanita muscaria,"Mountain Village, CO 81435, USA",1
c680024f-c7af-423c-a77f-fc197976016a,91753102,2021-08-14 14:36:44-07:00,2021-08-14,-105.6035216667,39.9793333333,3254.0,,6.0,28.3,0.0,7.2,,1033.2,Amanita muscaria,"Boulder County, US-CO, US",1
4a748408-92e2-4386-bad9-da4bf6e3de5d,91673630,2021-08-18 11:20:11-06:00,2021-08-18,-108.0540320277,37.7534940524,3495.0,,11.0,21.0,7.6,4.9,,1025.8,Amanita muscaria,"Dolores, CO 81323, USA",1
d1426847-918e-47c4-8332-75af58c2bafa,91635039,2021-08-02 14:15:31-07:00,2021-08-02,-105.600428,40.146536,3022.0,,7.2,26.1,1.9,5.9,,1032.7,Amanita muscaria,"Boulder County, US-CO, US",1
6bc7539b-31d8-49d7-871b-7744501198c0,91579279,2021-08-17 12:55:35-06:00,2021-08-17,-106.46821667,39.25235333,3391.0,,3.3,20.0,,6.4,,1011.2,Amanita muscaria,"Pike and San Isabel National Forests, Twin Lakes, CO, US",1
23882d1c-bcf2-4831-a4b8-a1eebe53d1d2,91577329,2021-08-14 14:02:01-06:00,2021-08-14,-106.491395,39.0494028333,3394.0,,2.8,24.4,1.3,7.6,,1020.4,Amanita muscaria,"Pike and San Isabel National Forests, Buena Vista, CO, US",1
1e0faa77-74fd-4d49-b743-925ddc3fe20f,91471484,2021-07-26 11:14:01-06:00,2021-07-26,-105.84927293,40.40440328,2777.0,,5.6,28.7,0.1,7.4,,1028.6,Amanita muscaria,"Rocky Mountain, Rocky Mountain National Park, Rocky Mountain National Park, Grand County, US-CO, US",2
bc25e63b-91d2-4c6d-8fb0-16fe707aab29,91454147,2021-08-15 13:42:41-06:00,2021-08-15,-106.2552594916,41.3751350942,3282.0,,11.0,30.0,0.2,14.5,,1026.5,Amanita muscaria,"Medicine Bow-Routt National Forest & Thunder Basin National Grassland, Laramie, WY, US",1
8d7fca1f-60f3-463e-b4aa-4f2b1e50fde0,91439914,2021-08-16 10:55:37-06:00,2021-08-16,-105.67028,39.6577333333,3295.0,,,,,,,,Amanita muscaria,"Arapaho & Roosevelt National Forests Pawnee National Grassland, Idaho Springs, CO, US",3
c2cfa8ab-9bfa-4dc2-8818-1fa5296241b6,91409559,2021-08-13 15:22:19-06:00,2021-08-13,-105.4083020613,36.5960891529,3304.0,,4.4,21.2,3.3,9.1,,1033.6,Amanita muscaria,"Taos Ski Valley, NM 87525, USA",2
83cefc7c-13e7-469b-8618-91338ca1ec61,91407571,2021-08-13 14:57:33+00:00,2021-08-13,-105.4102315754,36.5996067062,3189.0,,4.4,21.2,3.3,9.1,,1033.6,Amanita muscaria,"Taos Ski Valley, NM 87525, USA",2
eb9cfb14-3c19-4a4d-9b4b-3685ba9264b6,91406283,2021-08-13 15:19:03+00:00,2021-08-13,-105.4093776271,36.5969989732,3222.0,,4.4,21.2,3.3,9.1,,1033.6,Amanita muscaria,"Taos Ski Valley, NM 87525, USA",3
e062242d-c948-426a-9488-4ddd67050c81,91372615,2021-08-15 10:40:35-06:00,2021-08-15,-107.8630423174,37.9156741128,3144.0,,13.0,25.0,5.1,7.2,,1033.0,Amanita muscaria,"San Miguel County, US-CO, US",1
cceca2d9-a041-44ab-9f1e-704f9f4df13f,91354554,2021-08-15 19:14:27-06:00,2021-08-15,-105.0226198,39.6167544,1624.0,,17.8,31.1,,16.1,,1014.5,Amanita muscaria,"Lakewood, CO 80123, USA",2
dd91695c-85a7-47d5-a05b-f6961cd02dc9,91354239,2021-08-15 12:48:39-06:00,2021-08-15,-106.6312130009,38.6319150872,3429.0,,11.7,27.8,,12.6,,1019.7,Amanita muscaria,"Grand Mesa National Forest, Ohio City, CO, US",2
6bd78611-ac3f-4cde-8a10-3787648c3cc6,91343894,2021-08-14 15:31:02-06:00,2021-08-14,-106.9383962827,38.8937493254,3325.0,,9.4,31.1,0.0,11.5,,1017.2,Amanita muscaria,"Crested Butte Mountain Resort, Crested Butte, CO, US",1
078aa647-2c4c-49ee-9e61-bd5791c27af6,91342290,2021-08-15 11:26:46-06:00,2021-08-15,-105.8381527943,39.7093596077,3391.0,,12.0,18.0,2.1,15.5,,1040.3,Amanita muscaria,"Clear Creek County, US-CO, US",2
905f33d1-3f64-409a-b130-424579a9b2d3,91323187,2021-08-15 10:05:42-06:00,2021-08-15,-105.5215916667,39.6787,3484.0,,17.0,32.0,0.1,11.2,,1021.7,Amanita muscaria,"Arapaho & Roosevelt National Forests Pawnee National Grassland, Idaho Springs, CO, US",1
2821d157-5ed3-4d6a-9443-01d243bb8569,91323075,2021-08-15 11:37:24-06:00,2021-08-15,-105.5170883333,39.6802666667,3350.0,,17.0,32.0,0.1,11.2,,1021.7,Amanita muscaria,"Arapaho & Roosevelt National Forests Pawnee National Grassland, Idaho Springs, CO, US",2
9309eb0b-5339-42ff-b10c-4d137cc561dd,91303349,2021-08-14 10:19:52+00:00,2021-08-14,-105.7202987671,40.139251709,3530.0,,6.0,28.3,0.0,7.2,,1033.2,Amanita muscaria,Granby,2
d45b1ccc-450c-4e90-9296-f785b014a3ef,91212810,2021-08-07 14:14:00+00:00,2021-08-07,-105.6165542088,39.6282840313,3711.0,,,,,,,,Amanita muscaria,"Clear Creek County, CO, USA",1
2c45b70b-7dfe-42de-8473-878ed33673db,91212787,2021-08-07 13:41:00+00:00,2021-08-07,-105.6165542088,39.6282840313,3711.0,,,,,,,,Amanita muscaria,"Clear Creek County, CO, USA",1
4b303bef-20d8-4731-8f06-920f6bc9e087,91212287,2021-08-07 09:09:00+00:00,2021-08-07,-105.6165542088,39.6282840313,3711.0,,,,,,,,Amanita muscaria,"Clear Creek County, CO, USA",1
65d1b7f8-2db7-424f-93fe-08394e3a0087,91212272,2021-08-07 08:51:00+00:00,2021-08-07,-105.6165542088,39.6282840313,3711.0,,,,,,,,Amanita muscaria,"Clear Creek County, CO, USA",1
f1d9b37f-b15b-4c32-8415-92b508bb5176,91212269,2021-08-07 08:51:00+00:00,2021-08-07,-105.6165542088,39.6282840313,3711.0,,,,,,,,Amanita muscaria,"Clear Creek County, CO, USA",1
724a5d4e-bbe3-4137-b940-32732e1fb1d6,91211354,2021-08-14 20:19:02-06:00,2021-08-14,-105.7760587717,39.7974129912,3464.0,,6.0,28.3,0.0,7.2,,1033.2,Amanita muscaria,"Arapaho & Roosevelt National Forests Pawnee National Grassland, Idaho Springs, CO, US",1
eb82b9e8-1601-4aaf-84d3-10aaddf40271,91209951,2021-08-14 16:22:40-06:00,2021-08-14,-105.647897252,40.3121960397,2915.0,,6.0,28.3,0.0,7.2,,1033.2,Amanita muscaria,"Rocky Mountain National Park, Estes Park, CO, US",1
4d000f2f-3db5-47d1-aff4-7233fe78719c,91198563,2021-08-14 13:29:15-06:00,2021-08-14,-105.8419416667,39.5432166667,3485.0,,12.0,23.0,0.5,6.7,,1043.6,Amanita muscaria,"White River National Forest, Dillon, CO, US",1
35aa9b3e-09d7-4b2b-aefa-32abd41fa258,91196801,2021-08-14 17:39:28-06:00,2021-08-14,-106.0984888333,39.6511466667,2752.0,,12.0,23.0,0.5,6.7,,1043.6,Amanita muscaria,"White River National Forest, Silverthorne, CO, US",1
cbf95733-1c49-4366-969d-2641ba7c374f,91195450,2021-08-14 14:54:40-06:00,2021-08-14,-105.823411115,39.8637544359,2907.0,,6.0,28.3,0.0,7.2,,1033.2,Amanita muscaria,"Grand County, US-CO, US",2
9223ae3e-6791-49fb-8d74-7628a460b0d2,91191636,2021-08-14 10:35:18-06:00,2021-08-14,-107.94578667,37.803755,3188.0,,11.0,27.0,0.0,6.1,,1035.8,Amanita muscaria,"San Juan National Forest, Dolores, CO, US",1
6cff1543-d9a4-43ff-a918-a1a8597cd2f3,91187575,2021-08-14 09:10:41-06:00,2021-08-14,-105.75050936,40.05732376,3066.0,,6.0,28.3,0.0,7.2,,1033.2,Amanita muscaria,"Grand County, US-CO, US",2
2fb9d22e-3976-49b9-9d62-9338ead39769,91178712,2021-08-14 10:33:53-06:00,2021-08-14,-105.7734441998,39.7953637555,3515.0,,6.0,28.3,0.0,7.2,,1033.2,Amanita muscaria,"Clear Creek County, US-CO, US",2
cf8623b3-642f-45d6-b04a-4f8fa693b887,91177340,2021-08-14 09:43:04-06:00,2021-08-14,-105.7749851826,39.7954178464,3515.0,,6.0,28.3,0.0,7.2,,1033.2,Amanita muscaria,"Clear Creek County, US-CO, US",2
5d376427-a1b9-46d1-ad25-52df789928d5,91146825,2021-08-13 14:23:16-06:00,2021-08-13,-106.804595,37.472022,3492.0,,7.0,16.0,1.9,10.6,,1043.0,Amanita muscaria,"Mineral County, CO, USA",2
ecd11a90-aa2d-440f-bdff-397015353389,91133738,2021-08-14 08:53:57-06:00,2021-08-14,-106.0438192369,39.5117819183,2941.0,,12.0,23.0,0.5,6.7,,1043.6,Amanita muscaria,"White River National Forest, Breckenridge, CO, US",1
dd10423b-0b45-49f9-b452-51e69229f087,91133243,2021-08-14 09:27:35-06:00,2021-08-14,-106.0409382683,39.4956246408,2946.0,,12.0,23.0,0.5,6.7,,1043.6,Amanita muscaria,"White River National Forest, Breckenridge, CO, US",1
c21ce180-ad5b-478d-a14f-aca65555916a,91130131,2021-08-14 09:57:37-06:00,2021-08-14,-105.7734408976,39.7950265976,3515.0,,6.0,28.3,0.0,7.2,,1033.2,Amanita muscaria,"Arapaho & Roosevelt National Forests Pawnee National Grassland, Idaho Springs, CO, US",2
9d9185fb-665b-4151-98bd-c7a1779b1747,91100836,2021-08-02 13:39:05+00:00,2021-08-02,-106.4121415643,37.1161160546,2937.0,,,,,,,,Amanita muscaria,"Rio Grande National Forest, Antonito, CO, US",2
06d605b7-a839-4ce3-99e0-e2af3f8f468e,91079388,2021-08-13 12:07:18-06:00,2021-08-13,-106.1968383333,39.6938783333,3092.0,,11.0,20.0,6.9,14.8,,1042.3,Amanita muscaria,"White River National Forest, Silverthorne, CO, US",1
803e511b-b068-4bb4-88c1-b346b03f29f4,91072428,2021-08-02 07:47:02-04:00,2021-08-02,-107.9220126699,39.0817309049,3126.0,,17.0,30.1,3.7,5.0,,1026.5,Amanita muscaria,"Grand Mesa Uncompahgre and Gunnison National Forests, Collbran, CO, US",3
8d9a92fb-40fb-49b3-bc70-4aa0db1bdb56,91071250,2021-07-31 15:01:36-04:00,2021-07-31,-108.0250638333,39.0266805,3292.0,,17.6,34.9,0.2,6.2,,1025.5,Amanita muscaria,"Grand Mesa National Forest, Cedaredge, CO, US",3
57f74447-7c00-4f31-a4bd-ef6a90bc72e3,91068748,2021-08-13 10:58:28-06:00,2021-08-13,-105.7682262478,39.8281237142,3186.0,,7.7,27.3,0.0,6.7,,1032.1,Amanita muscaria,"Grand County, US-CO, US",2
a1b9819f-bd97-4479-aa6a-75140cdb72dd,91059801,2021-08-10 09:34:10-07:00,2021-08-10,-105.635345,40.4710083333,3407.0,,5.0,25.5,0.0,7.3,,1028.8,Amanita muscaria,"Rocky Mountain National Park, Estes Park, CO, US",3
b9e46213-83ca-45d9-a727-12f77c609a63,91059233,2021-08-13 13:35:17-06:00,2021-08-13,-108.0847333333,39.0477305,3014.0,,17.2,38.4,0.0,7.1,,1022.0,Amanita muscaria,"Grand Mesa National Forest, Whitewater, CO, US",1
37fe8c00-0419-4919-a04d-df8342be319d,91055496,2021-08-12 13:04:25-06:00,2021-08-12,-107.49022,38.1789383333,2897.0,,12.0,26.0,0.0,6.7,,1031.3,Amanita muscaria,"Grand Mesa National Forest, Powderhorn, CO, US",1
eab67d00-9a55-4009-a83e-ad194e81fc84,91053825,2021-08-13 15:04:10-06:00,2021-08-13,-105.9709333333,39.93483,3041.0,,7.7,27.3,0.0,6.7,,1032.1,Amanita muscaria,"Arapaho & Roosevelt National Forests Pawnee National Grassland, Parshall, CO, US",2
6eb13da8-a0ab-4987-82e9-bf6d11b4d13e,91038882,2021-08-01 11:51:06-05:00,2021-08-01,-105.9787366667,39.5650166667,3206.0,,8.0,15.0,3.2,7.9,,1042.6,Amanita muscaria,"White River National Forest, Dillon, CO, US",1
7cb91beb-db8f-45f0-9350-5ff53aeab890,91029746,2021-08-13 11:58:13-06:00,2021-08-13,-107.1374130249,40.0237464905,3199.0,,11.7,32.8,0.0,7.6,,1019.4,Amanita muscaria,"Garfield County, US-CO, US",1
450d5a51-7112-409a-8731-2a70a4fa2227,91022179,2021-08-13 10:02:00-06:00,2021-08-13,-105.8780883333,39.9095633333,2753.0,,7.7,27.3,0.0,6.7,,1032.1,Amanita muscaria,"Arapaho & Roosevelt National Forests Pawnee National Grassland, Parshall, CO, US",1
cb37d629-f903-47ef-a910-a08b9c6d1deb,91009159,2021-08-13 09:53:53-06:00,2021-08-13,-105.772372819,39.8821150505,2988.0,,7.7,27.3,0.0,6.7,,1032.1,Amanita muscaria,"Winter Park Resort, Winter Park, CO, US",2
811121a9-24ef-4552-846d-e336dca93c22,91007867,2021-08-13 09:37:40-06:00,2021-08-13,-105.7696019859,39.8280618154,3198.0,,7.7,27.3,0.0,6.7,,1032.1,Amanita muscaria,"Arapaho & Roosevelt National Forests Pawnee National Grassland, Parshall, CO, US",2
9797763b-a52d-4465-a8c4-13864cdc95c9,91004843,2021-08-11 11:39:17-05:00,2021-08-11,-107.1115583333,38.8752,3097.0,,6.1,27.8,0.0,4.9,,1018.8,Amanita muscaria,"Gunnison, CO 81230, USA",1
15617058-0192-4ace-96a4-7f35a6579cc9,90918513,2019-08-17 15:58:01-06:00,2019-08-17,-105.1255026832,38.8807750808,3033.0,,8.9,31.2,,11.1,,1008.2,Amanita muscaria,Raspberry Mountain Trailhead,1
f92eb571-0f97-4fe7-88f2-b9cee135b88a,90896257,2021-08-12 09:41:46-06:00,2021-08-12,-106.000541687,39.4710388184,3351.0,,3.9,21.7,0.0,12.4,,1015.6,Amanita muscaria,"Summit County, US-CO, US",2
eaad88b0-4e19-4b50-9b52-f2695f507167,90889103,2021-08-04 17:03:05-04:00,2021-08-04,-105.6233,40.2935333333,3119.0,,8.1,22.1,0.3,4.6,,1031.6,Amanita muscaria,"Rocky Mountain National Park, Estes Park, CO, US",1
8f82c58d-72d3-41f7-9c63-1f0e48221b92,90840831,2021-08-11 12:13:05-06:00,2021-08-11,-105.88143,40.5036883333,3010.0,,4.1,27.9,0.0,7.0,,1028.5,Amanita muscaria,"State Forest State Park, Walden, CO, US",1
846cf73c-d52e-4e66-9997-e1c09d3b1e0e,90829251,2021-08-07 13:06:10-06:00,2021-08-07,-105.7776633333,39.857345,3431.0,,6.4,20.4,0.3,11.2,,1026.0,Amanita muscaria,"Arapaho & Roosevelt National Forests Pawnee National Grassland, Winter Park, CO, US",1
13df2cc7-91de-489e-8733-2ea60a5ebfc2,90789800,2021-08-07 16:18:15-04:00,2021-08-07,-105.700050354,40.3572921753,3505.0,,6.4,20.4,0.3,11.2,,1026.0,Amanita muscaria,Estes Park,1
a4e22925-54f0-4c9b-806e-de92d78abd58,90730127,2021-08-10 19:55:03-06:00,2021-08-10,-105.023889844,37.350282425,3452.0,,,,,,,,Amanita muscaria,"Pike and San Isabel National Forests, Weston, CO, US",2
65dfdaa2-671a-4d34-aaeb-1fef1f44ad68,90725289,2021-08-06 14:13:40-05:00,2021-08-06,-105.8637046069,40.4921478091,3190.0,,6.4,27.2,3.3,11.6,,1026.1,Amanita muscaria,"Walden, CO 80480, USA",2
30863460-1700-4606-8b2c-1df76fc36537,90716655,2021-08-09 14:08:29-05:00,2021-08-09,-106.7064892128,39.1187014224,2929.0,,10.0,28.3,0.0,10.8,,1011.6,Amanita muscaria,"Aspen, CO 81611, USA",1
f36513af-7272-4255-974c-92f0e087fc7e,90697036,2021-08-10 14:02:35-06:00,2021-08-10,-107.84425354,37.6204986572,3226.0,,11.0,25.0,0.0,6.4,,1031.3,Amanita muscaria,Hesperus,2
1d08a900-04af-4da2-8d0b-d0c346ffaf68,90624534,2021-08-09 17:16:55-06:00,2021-08-09,-105.7079916009,40.321914606,3702.0,,5.5,26.3,0.0,7.8,,1026.2,Amanita muscaria,"Colorado, US",2
22164c14-b9cd-4b70-809f-6231163a7f07,90623887,2021-08-09 17:39:08-06:00,2021-08-09,-105.8096166667,40.420575,3331.0,,5.5,26.3,0.0,7.8,,1026.2,Amanita muscaria,"Rocky Mountain National Park, Bellvue, CO, US",2
9e082b05-32e8-44a5-8529-8e2cc60ef0d3,90612005,2021-08-09 11:54:14-06:00,2021-08-09,-106.3122787476,41.386177063,3278.0,,13.0,29.0,0.0,16.6,,1021.5,Amanita muscaria,Centennial,1
900e5091-e24b-45f7-8ff7-2b0bec3c4c98,90559565,2021-08-08 13:15:56-06:00,2021-08-08,-105.669709146,39.8942010665,3194.0,,4.0,25.6,0.0,6.7,,1025.9,Amanita muscaria,"Gilpin County, CO, USA",2
20e2ce99-1f60-4708-9d50-a36990045ea6,90542281,2021-08-07 14:35:30-06:00,2021-08-07,-106.5684504876,40.9569597268,2746.0,,,,,,,,Amanita muscaria,"Medicine Bow-Routt National Forest & Thunder Basin National Grassland, Walden, CO, US",2
ce13e918-f191-4580-8930-a8b50b4706cd,90488658,2021-07-24 07:21:35-06:00,2021-07-24,-106.4914783333,39.0493695,3394.0,,8.3,18.3,,8.6,,1019.7,Amanita muscaria,"Pike and San Isabel National Forests, Buena Vista, CO, US",1
0575fa36-95ea-4eaf-b3d3-ada6843ede3f,90484660,2021-08-07 12:56:51-06:00,2021-08-07,-106.4764212991,39.2466778025,3387.0,,5.0,16.7,0.0,13.8,,1012.1,Amanita muscaria,"Pike and San Isabel National Forests, Twin Lakes, CO, US",1
ac0585fd-d322-4b56-8ecc-58c7d6d4023f,90484575,2021-08-07 11:27:26-06:00,2021-08-07,-106.4339330831,39.2785755241,3015.0,,5.0,16.7,0.0,13.8,,1012.1,Amanita muscaria,"Pike and San Isabel National Forests, Leadville, CO, US",1
bd3ef088-241b-4d1b-9885-7b7a3adce111,90483383,2021-08-07 10:46:01-06:00,2021-08-07,-105.71035,39.6020466727,3477.0,,,,,,,,Amanita muscaria,"Arapaho & Roosevelt National Forests Pawnee National Grassland, Idaho Springs, CO, US",2
c79ade68-303e-4d9d-8b2b-db240bff64a6,90477693,2021-08-07 09:57:28-06:00,2021-08-07,-107.6793583333,37.9584166667,3527.0,,11.0,21.0,0.0,7.8,,1029.6,Amanita muscaria,"Grand Mesa National Forest, Ridgway, CO, US",2
124f90d4-4c5d-4e3a-947c-937b148588f5,90467627,2021-08-08 16:18:05-06:00,2021-08-08,-107.8056051211,37.6818572027,3272.0,,8.0,24.0,0.0,8.5,,1029.3,Amanita muscaria,"San Juan National Forest, CO, US",1
751a6dec-2c38-4044-bd3c-09418817bd85,90462790,2021-08-08 09:32:45-06:00,2021-08-08,-106.41797,39.4229133333,2780.0,,1.1,21.7,0.0,10.4,,1014.0,Amanita muscaria,"White River National Forest, Basalt, CO, US",1
06748fe2-b259-498b-a1dc-f4d8771956b4,90462766,2021-08-08 09:01:00-06:00,2021-08-08,-106.41797,39.4229133333,2780.0,,1.1,21.7,0.0,10.4,,1014.0,Amanita muscaria,"White River National Forest, Basalt, CO, US",1
c28eca59-405a-4e07-a84e-18b3c86cf2e2,90356140,2021-08-06 15:50:00-06:00,2021-08-06,-106.0647296,39.3751729,3471.0,,2.8,21.7,,7.5,,1013.6,Amanita muscaria,"Camron Ln, Breckenridge, CO 80424, USA",1
81d71d13-6d58-4b4b-ad04-b5c1d0c4ad67,90347237,2021-08-06 11:14:45-06:00,2021-08-06,-106.80558,38.8754083333,3174.0,,10.6,27.2,0.0,9.4,,1011.0,Amanita muscaria,"Grand Mesa National Forest, Crested Butte, CO, US",1
fdf63a27-0c30-4d15-9882-597e836d7a7e,90340560,2021-08-07 12:45:54-05:00,2021-08-07,-107.2256768,37.50600421,2531.0,,7.0,14.0,0.0,16.6,,1036.4,Amanita muscaria,"Hinsdale County, US-CO, US",1
b9744007-40f2-443c-92d2-652c8b55d367,90322539,2021-08-06 13:06:01-06:00,2021-08-06,-106.0074222167,39.4850366667,3047.0,,12.0,18.0,1.5,18.9,,1037.1,Amanita muscaria,"White River National Forest, Breckenridge, CO, US",1
a290f688-07b9-4d5a-83f6-45160fd0cb57,90299019,2021-07-23 14:45:35-06:00,2021-07-23,-107.1182778333,40.0338945,3170.0,,14.4,29.4,1.7,7.9,,1019.5,Amanita muscaria,"Medicine Bow-Routt National Forest & Thunder Basin National Grassland, Gypsum, CO, US",1
aeb0ba62-0b04-4797-ab46-1089440ac931,90298084,2021-08-07 13:12:52-06:00,2021-08-07,-106.3020469832,39.2313032829,3082.0,,5.0,16.7,0.0,13.8,,1012.1,Amanita muscaria,"Leadville, CO, US",1
31ebc2a0-c0d6-451f-b2fc-70b99bb7470d,90293886,2021-08-07 11:01:13-06:00,2021-08-07,-106.5198366667,39.5753033333,3004.0,,8.0,13.0,0.0,20.1,,1034.3,Amanita muscaria,"Beaver Creek Resort, Edwards, CO, US",1
3d4b228a-db34-4322-8fab-89e70821e64c,90285000,2021-08-04,2021-08-04,-107.4247804284,40.0074797868,2515.0,,10.6,27.8,0.0,8.8,,1018.8,Amanita muscaria,Marvine Campground,1
147e6835-b2de-4a9b-bbfd-a269dc90b63c,90281075,2021-08-07 11:01:06-06:00,2021-08-07,-106.5198583333,39.5753583333,3004.0,,8.0,13.0,0.0,20.1,,1034.3,Amanita muscaria,"Beaver Creek Resort, Edwards, CO, US",1
eaace98e-d866-4e9a-99b0-4f7ea801cbd0,90221452,2021-08-06 13:47:12-06:00,2021-08-06,-106.6191063141,38.7659340999,2871.0,,6.7,27.8,0.5,10.6,,1017.7,Amanita muscaria,"Grand Mesa National Forest, Almont, CO, US",1
a61f1aa3-a8ff-42f9-9406-f60ed5ca2b61,90210720,2021-08-05 18:12:05-06:00,2021-08-05,-105.7332966997,40.4324876,3285.0,,5.8,26.0,0.0,4.3,,1031.2,Amanita muscaria,"Estes Park, CO 80517, USA",1
4715f98d-9138-4fb5-b81e-182f8faa1fd0,90204061,2021-08-06 12:33:01-06:00,2021-08-06,-105.6836388633,40.3431493431,2940.0,,6.4,27.2,3.3,11.6,,1026.1,Amanita muscaria,"Estes Park, CO 80517, USA",2
ba5b38e5-0921-4bc8-9eb7-fad6ef4330c5,90196524,2021-08-06 12:45:57-06:00,2021-08-06,-107.8620498827,38.060399413,2814.0,,13.0,24.0,1.4,13.5,,1030.9,Amanita muscaria,"Ridgway, CO, US",2
4ff0b2de-03ba-436a-acbc-3f73e19a893c,90196144,2021-08-06 13:14:05-06:00,2021-08-06,-105.65445,39.89683,2880.0,,6.4,27.2,3.3,11.6,,1026.1,Amanita muscaria,"Arapaho & Roosevelt National Forests Pawnee National Grassland, Idaho Springs, CO, US",1
131cdbd6-1e12-43cf-87df-e7d63d6ca7da,90193777,2021-07-25 09:42:59-06:00,2021-07-25,-106.1383299722,39.5766309722,2948.0,,11.0,22.0,5.0,13.8,,1039.8,Amanita muscaria,"Frisco, CO 80443, USA",1
409383ca-6975-4780-a680-ae69a6fd3165,90193718,2021-07-25 10:23:17-06:00,2021-07-25,-106.1581999722,39.5754299722,3006.0,,11.0,22.0,5.0,13.8,,1039.8,Amanita muscaria,"Frisco, CO 80443, USA",1
7760514c-a00e-4e2e-8076-3a24e4b33bc5,90139716,2021-08-05 14:49:58-06:00,2021-08-05,-105.6417083333,40.308705,2828.0,,5.8,26.0,0.0,4.3,,1031.2,Amanita muscaria,"Rocky Mountain National Park, Estes Park, CO, US",2
9014d805-14c6-4675-a272-e1eb408cb20e,90117525,2021-08-04 17:46:35-06:00,2021-08-04,-105.8496166667,40.4034883333,2768.0,,8.1,22.1,0.3,4.6,,1031.6,Amanita muscaria,"Rocky Mountain National Park, Granby, CO, US",1
9ba41285-7085-401b-92fd-24a04ce95273,90115995,2021-08-02 16:15:26-06:00,2021-08-02,-106.4025883333,38.8126833333,3564.0,,12.6,21.8,1.7,4.1,,1032.6,Amanita muscaria,"Chaffee County, US-CO, US",2
2b8b1e13-585d-4c56-99ee-badeec5f03c2,90114745,2021-08-05 11:58:01-06:00,2021-08-05,-105.50847,39.792825,2706.0,,14.4,33.0,0.0,9.6,,1021.7,Amanita muscaria,"Powder Run Dr, Central City, CO, US",1
f55f8ec9-f40a-4732-80c5-97197828919b,90092474,2021-08-04 13:50:59-06:00,2021-08-04,-106.4533298,39.2869035,3117.0,,3.9,17.8,0.0,13.9,,1019.3,Amanita muscaria,"Leadville, CO 80461, USA",1
59cb5b64-da1a-43bb-a687-59ff785ab574,90092447,2021-08-04 13:50:19-06:00,2021-08-04,-106.4533299722,39.2869039722,3117.0,,3.9,17.8,0.0,13.9,,1019.3,Amanita muscaria,"Leadville, CO 80461, USA",1
36606036-1cae-4f09-9f13-018389284e86,90092040,2021-08-05 12:08:39-06:00,2021-08-05,-106.4780073,39.2991518997,3338.0,,1.1,22.2,0.0,6.5,,1019.2,Amanita muscaria,"Leadville, CO 80461, USA",1
9c05ea2e-0d56-4dda-a938-89ff6afb1aad,90082803,2021-08-05 16:24:14-06:00,2021-08-05,-105.7100916667,39.8942533333,3367.0,,5.8,26.0,0.0,4.3,,1031.2,Amanita muscaria,"Arapaho & Roosevelt National Forests Pawnee National Grassland, Granby, CO, US",1
6a407b85-99e5-40f8-b02a-e1b35c1d27a9,90069017,2021-07-30 10:07:00-07:00,2021-07-30,-105.6747666667,40.3970444444,3338.0,,9.2,27.3,0.5,6.4,,1032.5,Amanita muscaria,"Rocky Mountain, Rocky Mountain National Park, Rocky Mountain National Park, Larimer, Colorado, United States",1
440c65b9-af40-44f2-a3c1-372cc8f84cd4,90045720,2021-08-05 10:54:41-06:00,2021-08-05,-106.3270645142,38.5187454224,3223.0,,6.0,17.0,0.1,16.6,,1038.9,Amanita muscaria,Salida,2
9c973b6d-c18b-400e-980e-8d8d99316f3a,90017798,2021-08-04 14:45:02-06:00,2021-08-04,-105.648925,40.3114783333,2949.0,,8.1,22.1,0.3,4.6,,1031.6,Amanita muscaria,"Rocky Mountain National Park, Estes Park, CO, US",2
22ee041a-57ca-473a-a3ef-8a5f2f7f93af,89993989,2021-07-17 09:57:26-06:00,2021-07-17,-105.4197986796,39.8413857868,2727.0,,17.0,33.0,0.0,10.2,,1022.8,Amanita muscaria,Golden Gate Canyon State Park,2
6696afd4-b99d-435b-a668-2e2d4ea29abc,89986815,2021-08-04 12:07:37-06:00,2021-08-04,-105.8687711283,39.6379434945,3416.0,,7.0,16.0,0.3,10.6,,1039.9,Amanita muscaria,"White River National Forest, Dillon, CO, US",1
8c4cbab7-fca8-437f-9496-4af790fc1a6f,89986756,2021-08-04 12:04:05-06:00,2021-08-04,-105.8685700339,39.6378191902,3421.0,,7.0,16.0,0.3,10.6,,1039.9,Amanita muscaria,"White River National Forest, Dillon, CO, US",1
a1f25f9d-a51f-4b00-acc9-88d30392b4c0,89986736,2021-08-04 12:02:51-06:00,2021-08-04,-105.8683527589,39.6376876566,3421.0,,7.0,16.0,0.3,10.6,,1039.9,Amanita muscaria,"White River National Forest, Dillon, CO, US",1
6f0b3c72-6bf5-4d85-a5e3-005dbab60498,89968861,2021-08-04 12:47:25-06:00,2021-08-04,-106.1172471667,39.5500366667,3518.0,,7.0,16.0,0.3,10.6,,1039.9,Amanita muscaria,"White River National Forest, Breckenridge, CO, US",1
34172b52-74a6-4469-b173-6383a6d08896,89968023,2021-08-04 10:32:53-06:00,2021-08-04,-106.1127028333,39.5624366667,3362.0,,7.0,16.0,0.3,10.6,,1039.9,Amanita muscaria,"White River National Forest, Breckenridge, CO, US",1
ff9e4c74-63bc-405b-9512-53f88e313567,89966652,2021-08-04 09:58:22-06:00,2021-08-04,-106.1100471667,39.5640833333,3150.0,,7.0,16.0,0.3,10.6,,1039.9,Amanita muscaria,"White River National Forest, Breckenridge, CO, US",1
a8dae580-e8cc-4456-97b3-15913af3802c,89964627,2021-08-02 11:48:39-06:00,2021-08-02,-106.0252667772,39.4529031337,3074.0,,8.9,18.3,,5.4,,1020.5,Amanita muscaria,"White River National Forest, Blue River, CO, US",2
f9fb6e3f-2a77-4e0f-aa98-317b2a0cce1c,89959679,2021-08-04 08:43:01-06:00,2021-08-04,-107.74547,37.972875,3288.0,,9.0,21.0,0.0,4.2,,1033.0,Amanita muscaria,"Grand Mesa National Forest, Ridgway, CO, US",1
209e1f36-53dd-47b2-aaa1-5ace6422eb51,89959422,2021-08-04 08:48:50-06:00,2021-08-04,-107.7447283333,37.9723466667,3288.0,,9.0,21.0,0.0,4.2,,1033.0,Amanita muscaria,"Grand Mesa National Forest, Ridgway, CO, US",1
dd1539f4-9901-4368-96bc-4542dff527f1,89959316,2021-08-04 09:45:45-06:00,2021-08-04,-107.7457966667,37.9661783333,3496.0,,9.0,21.0,0.0,4.2,,1033.0,Amanita muscaria,"Grand Mesa National Forest, Ridgway, CO, US",1
e41a0727-b667-4b6c-9955-b86b8e0e906e,89958860,2021-08-04 10:10:43-06:00,2021-08-04,-107.74768,37.9645283333,3526.0,,9.0,21.0,0.0,4.2,,1033.0,Amanita muscaria,"Grand Mesa National Forest, Ridgway, CO, US",1
d4b697da-8b06-4bb3-8298-65aba165ccca,89944724,2021-08-04 14:40:59-06:00,2021-08-04,-106.0482374863,39.4735719443,2953.0,,3.9,17.8,0.0,13.9,,1019.3,Amanita muscaria,"White River National Forest, Breckenridge, CO, US",1
9a79f658-78a2-4ff1-9d5a-1e1a401ae347,89930991,2021-08-04 11:49:37-06:00,2021-08-04,-106.805770874,39.2044487,2607.0,,7.8,25.0,0.0,7.7,,1018.7,Amanita muscaria,Meredith,1
22206b58-9e4a-4743-862d-a6862370ec53,89930381,2021-08-04 11:44:24-06:00,2021-08-04,-106.3761071955,39.6166962432,3122.0,,7.0,16.0,0.3,10.6,,1039.9,Amanita muscaria,"White River National Forest, Basalt, CO, US",1
81671585-4472-45e1-9df1-1285d53e7c71,89919062,2021-08-03 11:33:20-06:00,2021-08-03,-106.30757057,41.33660517,3247.0,,12.0,20.0,12.3,5.7,,1028.0,Amanita muscaria,"Albany County, US-WY, US",1
b8a87f11-d63c-404a-98aa-b4e8da9700b7,89896063,2021-08-03 13:45:09+00:00,2021-08-03,-106.562683,37.90011898,3438.0,,11.0,22.0,12.4,13.3,,1020.2,Amanita muscaria,"Saguache County, US-CO, US",1
760b5557-f833-4f22-91d4-788b9cc5d032,89855099,2021-08-03 16:45:09-06:00,2021-08-03,-108.2352252,38.3275859,3021.0,,15.2,30.0,0.0,8.8,,1016.3,Amanita muscaria,"Nucla, CO 81424, USA",1
d6f34129-8914-433f-a2dd-8c96679259fd,89854319,2021-08-03 10:44:15-06:00,2021-08-03,-106.6285466667,37.43343,3492.0,,5.0,11.0,11.7,8.6,,1039.6,Amanita muscaria,"Rio Grande National Forest, South Fork, CO, US",1
ce0164f2-0f95-45f1-89e5-2515970ad864,89849377,2021-08-03 10:22:13-06:00,2021-08-03,-107.8137530387,38.0249326397,3000.0,,9.0,19.0,11.6,2.6,,1033.0,Amanita muscaria,"Ouray County, US-CO, US",2
f8f60d8c-65cf-490b-81b0-24154043d087,89839089,2021-08-03 15:13:10-05:00,2021-08-03,-105.6470303982,40.3138086359,2905.0,,10.8,15.6,12.9,3.8,,1031.2,Amanita muscaria,"Rocky Mountain, Rocky Mountain National Park, Rocky Mountain National Park, Larimer County, US-CO, US",1
523364bb-d40e-4e13-891f-d33ea0f47e00,89835924,2021-08-03 14:39:03-06:00,2021-08-03,-106.1953865,39.47559,3436.0,,7.8,15.6,,8.4,,1019.6,Amanita muscaria,"White River National Forest, Frisco, CO, US",1
a65b5a53-0cdc-4fbe-91d8-804aa57353b6,89831121,2021-08-03 11:29:29-06:00,2021-08-03,-106.9918583333,38.974655,3040.0,,11.1,21.1,,8.4,,1018.0,Amanita muscaria,"Grand Mesa National Forest, Crested Butte, CO, US",2
bde67f27-bffc-4ef2-9226-5f31aa80211b,89819045,2021-08-03 11:36:14-06:00,2021-08-03,-105.4686986,39.881652,2735.0,,16.0,26.0,7.9,8.6,,1022.7,Amanita muscaria,"Gilpin County, US-CO, US",2
52acaae9-91ab-4a5d-9863-1209dc4cabb3,89810707,2021-08-03 10:40:18-06:00,2021-08-03,-105.6486666667,39.8315,3373.0,,10.8,15.6,12.9,3.8,,1031.2,Amanita muscaria,"Arapaho & Roosevelt National Forests Pawnee National Grassland, Idaho Springs, CO, US",2
ac968620-0994-4c2d-b687-968eaaa8a821,89810663,2021-08-03 10:40:04-06:00,2021-08-03,-105.6486366667,39.83152,3373.0,,10.8,15.6,12.9,3.8,,1031.2,Amanita muscaria,"Arapaho & Roosevelt National Forests Pawnee National Grassland, Idaho Springs, CO, US",2
46d5ade3-f6b7-471d-b674-e3a3dac11ab7,89810585,2021-08-03 10:40:11-06:00,2021-08-03,-105.648675,39.83148,3373.0,,10.8,15.6,12.9,3.8,,1031.2,Amanita muscaria,"Arapaho & Roosevelt National Forests Pawnee National Grassland, Idaho Springs, CO, US",2
968ed36c-0cff-4755-8e9e-041028c0e787,89810300,2021-08-03 10:54:18-06:00,2021-08-03,-105.6290583333,39.8140633333,3118.0,,10.8,15.6,12.9,3.8,,1031.2,Amanita muscaria,"Arapaho & Roosevelt National Forests Pawnee National Grassland, Idaho Springs, CO, US",1
028d95bc-a39b-445a-a975-be8e3fee1490,89800356,2021-08-01 09:58:58-06:00,2021-08-01,-105.7668524625,39.8872514703,2872.0,,8.8,23.3,0.0,5.4,,1034.2,Amanita muscaria,"Winter Park Resort, Winter Park, CO, US",2
aae6252c-df42-4d0d-b816-de18d79cf027,89789361,2021-07-26 09:20:50-07:00,2021-07-26,-105.5752633333,40.2035,2651.0,,5.6,28.7,0.1,7.4,,1028.6,Amanita muscaria,"Rocky Mountain National Park, Ward, CO, US",2
1718ccdb-a8e5-4dea-bdb0-fb6535881880,89783411,2021-08-01 18:11:35-06:00,2021-08-01,-105.5632887222,35.7010359722,3148.0,,12.2,19.4,,15.1,,1022.9,Amanita muscaria,"Las Vegas, NM 87701, USA",1
03a6326d-d01a-4aea-ad50-16f9ac091016,89778268,2021-08-01 17:46:07-06:00,2021-08-01,-105.5584853889,35.7079695833,3174.0,,12.2,19.4,,15.1,,1022.9,Amanita muscaria,"San Miguel County, US-NM, US",1
f4901ef9-9bff-48f4-89bd-9580331aae9e,89738681,2021-07-30 12:40:05-06:00,2021-07-30,-106.0793445,39.420895,3456.0,,7.8,23.3,,8.6,,1017.4,Amanita muscaria,"White River National Forest, Breckenridge, CO, US",2
90d522fa-478c-4e04-9a9a-86d925baef79,89738514,2021-08-02 17:28:33+00:00,2021-08-02,-107.9392486,37.79286467,3084.0,,12.0,21.0,10.0,5.5,,1035.8,Amanita muscaria,"Dolores County, US-CO, US",1
5052e958-7d59-4be2-ac7d-8eb9de933d13,89735347,2021-08-02 06:47:11-06:00,2021-08-02,-107.997605,39.0426333333,3190.0,,17.0,30.1,3.7,5.0,,1026.5,Amanita muscaria,"Grand Mesa National Forest, Cedaredge, CO, US",2
ad7cca8b-6d51-47ce-9446-521b74627693,89735020,2021-07-30 12:27:00-06:00,2021-07-30,-108.095978,39.071883,2835.0,,18.4,33.6,0.7,5.9,,1024.7,Amanita muscaria,"Mesa County, CO, USA",3
aae16dbd-1069-46e8-951c-b5b63e2ef9db,89728650,2021-07-26 07:21:00-07:00,2021-07-26,-105.5691214876,40.2060548541,2609.0,,5.6,28.7,0.1,7.4,,1028.6,Amanita muscaria,"Boulder County, CO, USA",1
d185ab56-462e-45fc-bbee-06bc815e1462,89723582,2021-07-31 12:09:00-06:00,2021-07-31,-105.5401783333,40.0483138333,3117.0,,16.0,23.0,18.6,7.8,,1028.7,Amanita muscaria,"Arapaho & Roosevelt National Forests Pawnee National Grassland, Ward, CO, US",1
e76fc58f-781d-4429-bbde-324f5ee5e509,89697943,2021-08-02 15:32:01-06:00,2021-08-02,-107.7596361931,37.9819236224,3347.0,,12.0,21.0,10.0,5.5,,1035.8,Amanita muscaria,"Grand Mesa National Forest, Ridgway, CO, US",2
c20e9a99-3c9a-408f-8178-3ceed417c2d9,89697896,2021-08-02 10:04:20-06:00,2021-08-02,-105.6273883333,40.200195,3045.0,,7.2,26.1,1.9,5.9,,1032.7,Amanita muscaria,"Rocky Mountain National Park, Ward, CO, US",1
2e7c3780-3c4b-48f8-82e9-056117ee1819,89687602,2021-07-30 08:58:56-05:00,2021-07-30,-105.6586383333,40.413845,2637.0,,9.2,27.3,0.5,6.4,,1032.5,Amanita muscaria,"Rocky Mountain National Park, Estes Park, CO, US",2
006d7112-f76e-47c0-81f8-94e9804b35c8,89669794,2021-08-02 12:05:54-06:00,2021-08-02,-106.3324885258,38.4918665886,3506.0,,6.0,12.5,12.7,15.9,,1042.0,Amanita muscaria,"Grand Mesa National Forest, Gunnison, CO, US",2
42356c30-f29a-4c43-8e12-1022165bacb0,89668582,2021-07-22 13:27:00-06:00,2021-07-22,-105.4197987,39.8414296,2727.0,,20.0,34.0,0.0,7.9,,1017.7,Amanita muscaria,"92 Crawford Gulch Rd, Golden, CO 80403, USA",3
78840b68-5b2e-4af3-aada-040fdf97a6b2,89659931,2021-07-30 17:11:49+00:00,2021-07-30,-107.1066754684,38.9261729977,3283.0,,12.2,28.3,,9.2,,1017.5,Amanita muscaria,"Crested Butte, CO 81224, USA",2
ced37658-5700-4cfd-9464-7de86edb65d4,89658764,2021-08-01 06:27:11-06:00,2021-08-01,-105.5645899382,40.2750092838,2975.0,,16.6,28.9,0.0,4.6,,1029.5,Amanita muscaria,"Rocky Mountain, Rocky Mountain National Park, Rocky Mountain National Park, Larimer County, US-CO, US",3
a0f91795-ee3d-4ca0-a997-2427af197214,89654556,2021-07-29 13:17:34-05:00,2021-07-29,-105.65805,40.392655,2884.0,,10.2,28.2,0.0,6.0,,1031.3,Amanita muscaria,"Rocky Mountain National Park, Estes Park, CO, US",1
ae060d31-769e-4e99-856e-979731c96ac0,89604892,2021-08-01 17:57:48-06:00,2021-08-01,-104.9748197834,37.3989292162,3001.0,,,,,,,,Amanita muscaria,"Pike and San Isabel National Forests, Walsenburg, CO, US",2
ef526ad2-3932-42a5-9201-10364a7c440a,89590892,2021-08-01 12:51:09-06:00,2021-08-01,-106.9955185539,38.9682165079,2921.0,,11.1,24.4,,6.2,,1020.9,Amanita muscaria,"Grand Mesa National Forest, Crested Butte, CO, US",2
7aaf26af-92a6-429a-9585-3f5bce05f642,89584480,2021-07-26 09:25:00-05:00,2021-07-26,-105.5927593361,40.288924027,3527.0,,5.6,28.7,0.1,7.4,,1028.6,Amanita muscaria,"Colorado, US",1
1513ca37-d06f-47c9-af7f-3d39e399690d,89584035,2021-07-26 09:21:07-05:00,2021-07-26,-105.5754083333,40.2033283333,2651.0,,5.6,28.7,0.1,7.4,,1028.6,Amanita muscaria,"Rocky Mountain National Park, Ward, CO, US",1
64cfa1dc-8573-494c-8c09-1fd1c334af9e,89583515,2021-07-26 09:19:19-05:00,2021-07-26,-105.5752633333,40.2034333333,2651.0,,5.6,28.7,0.1,7.4,,1028.6,Amanita muscaria,"Rocky Mountain National Park, Ward, CO, US",1
ed3d9617-c175-4bac-8028-e8a5b90bf436,89576309,2021-07-26 11:20:48-04:00,2021-07-26,-105.5752633333,40.20347,2651.0,,5.6,28.7,0.1,7.4,,1028.6,Amanita muscaria,"Rocky Mountain National Park, Ward, CO, US",1
5792a032-1da4-4998-9512-c5d77871c567,89567968,2021-07-26 09:28:31-04:00,2021-07-26,-105.576225,40.203155,2651.0,,5.6,28.7,0.1,7.4,,1028.6,Amanita muscaria,"Rocky Mountain National Park, Ward, CO, US",2
91aea2a4-133a-40ab-b6d1-178c6d6cbdf5,89567910,2021-07-26 09:28:27-04:00,2021-07-26,-105.5762166667,40.2031633333,2651.0,,5.6,28.7,0.1,7.4,,1028.6,Amanita muscaria,"Rocky Mountain National Park, Ward, CO, US",1
b79dea8b-5e50-400d-8652-46d56837667f,89567871,2021-07-26 09:28:13-04:00,2021-07-26,-105.5762166667,40.203155,2651.0,,5.6,28.7,0.1,7.4,,1028.6,Amanita muscaria,"Rocky Mountain National Park, Ward, CO, US",1
638a2bf3-be7b-4736-8372-1187b9adf717,89567599,2021-07-26 09:21:17-04:00,2021-07-26,-105.57547,40.2033616667,2651.0,,5.6,28.7,0.1,7.4,,1028.6,Amanita muscaria,"Rocky Mountain National Park, Ward, CO, US",2
710dc871-9bce-4b0a-8d63-e22a2fd58f25,89567571,2021-07-26 09:21:14-04:00,2021-07-26,-105.5719805708,40.2063514404,2651.0,,5.6,28.7,0.1,7.4,,1028.6,Amanita muscaria,"Rocky Mountain National Park, Ward, CO, US",2
33ef7a0c-9dfd-4ed9-9d73-f95088874129,89567499,2021-07-26 09:19:29-04:00,2021-07-26,-105.575325,40.2034216667,2651.0,,5.6,28.7,0.1,7.4,,1028.6,Amanita muscaria,"Rocky Mountain National Park, Ward, CO, US",2
1b39307a-a84d-4c94-87ff-80fdf47beb80,89563544,2021-07-30 08:58:00-04:00,2021-07-30,-105.7440472988,40.5928484109,3311.0,,,,,,,,Amanita muscaria,"Colorado, US",2
85f64f24-b5fc-4823-808d-fef2cc7cd6f3,89556339,2021-07-31 11:37:00-04:00,2021-07-31,-105.8783355806,39.65365988,3619.0,,8.0,18.0,20.4,6.7,,1042.8,Amanita muscaria,"Summit County, CO, USA",1
256f41d4-670d-4bda-89e3-16c5c1ebab7b,89551065,2021-07-20 08:52:00-06:00,2021-07-20,-106.8494773333,37.46372525,3189.0,,7.0,16.0,1.4,11.9,,1042.7,Amanita muscaria,"Mineral County, CO, USA",1
91e0459e-883c-4109-999c-4aca59fb5e52,89548087,2021-07-26 09:21:00-04:00,2021-07-26,-105.5665413,40.2077465,2597.0,,5.6,28.7,0.1,7.4,,1028.6,Amanita muscaria,"Allenspark, CO 80510, USA",1
005dceaa-7e52-454e-8919-879fd068889b,89545273,2021-07-25 13:13:07-06:00,2021-07-25,-105.84263007,40.3955076,2779.0,,7.9,27.2,0.5,7.8,,1029.8,Amanita muscaria,"Rocky Mountain, Rocky Mountain National Park, Rocky Mountain National Park, Grand County, US-CO, US",1
e4182dc9-0fdb-4799-bfcc-b6406ef73caf,89544481,2021-07-24 12:37:40-06:00,2021-07-24,-105.56504768,40.27712278,2975.0,,20.3,33.0,0.1,4.9,,1023.5,Amanita muscaria,"Rocky Mountain, Rocky Mountain National Park, Rocky Mountain National Park, Larimer County, US-CO, US",2
bfe0c892-94ea-46e3-abea-8c53321a2b98,89516104,2021-08-01 11:21:04-06:00,2021-08-01,-106.9454416667,38.8802033333,3406.0,,11.7,23.3,,7.3,,1025.4,Amanita muscaria,"Crested Butte Mountain Resort, Crested Butte, CO, US",2
c592bce4-9383-40f9-95ab-a5e153ca5fcc,89515677,2021-08-01 08:52:04-06:00,2021-08-01,-105.6616883333,39.9755466667,3300.0,,8.8,23.3,0.0,5.4,,1034.2,Amanita muscaria,"Arapaho & Roosevelt National Forests Pawnee National Grassland, Nederland, CO, US",2
bbaeb3b9-9cb8-4fa1-bb13-d60a504c2b13,89491558,2021-08-01 08:03:22-06:00,2021-08-01,-107.6716310785,38.0241896786,2369.0,,12.0,20.0,4.5,6.0,,1035.8,Amanita muscaria,"Grand Mesa National Forest, Ouray, CO, US",1
4aff1275-4c83-4712-a347-8a112cfff50c,89431908,2021-07-30 19:30:39-06:00,2021-07-30,-105.6773916667,39.9717716667,3425.0,,9.2,27.3,0.5,6.4,,1032.5,Amanita muscaria,"Arapaho & Roosevelt National Forests Pawnee National Grassland, Nederland, CO, US",1
9fc7a24b-9c02-4e7f-a58b-befe78c88795,89426374,2021-07-31 14:23:52-06:00,2021-07-31,-107.0965206216,38.6960287717,2818.0,,10.0,24.4,,7.9,,1024.1,Amanita muscaria,"Grand Mesa National Forest, Gunnison, CO, US",2
1cc0f625-089f-44ae-bd5b-ed3116c20a7b,89409567,2021-07-31 15:50:33-06:00,2021-07-31,-105.592675,39.6416466667,3526.0,,,,,,,,Amanita muscaria,"Clear Creek County, US-CO, US",1
14cafb7d-4e0e-4a2a-9127-c1e43e932608,89402652,2021-07-31 14:44:00-06:00,2021-07-31,-107.6947479248,37.5385856628,3352.0,,12.8,27.8,,7.3,,1019.9,Amanita muscaria,"La Plata County, US-CO, US",2
c537cc05-0be7-4672-bddf-8da9f23d4f87,89400113,2021-07-31 13:46:00-10:00,2021-07-31,-106.5375087757,35.8210313291,2587.0,,16.3,26.4,1.6,8.8,,1030.2,Amanita muscaria,"Sandoval County, NM, USA",2
16c61715-b935-4be7-996c-1807f5b58b3f,89393744,2021-07-31 16:15:17-06:00,2021-07-31,-105.5234416667,39.5344916667,2813.0,,,,,,,,Amanita muscaria,"Bailey, CO 80421, USA",2
18d9bb39-19d8-49fc-8328-7c2089d643ee,89390020,2021-07-26 08:45:41-06:00,2021-07-26,-105.255745,36.7377383333,2940.0,,6.6,21.6,3.0,4.9,,1030.2,Amanita muscaria,"Carson National Forest, Taos, NM, US",1
8416a6dc-a79f-47f9-a7a8-7d9393f0ab0a,89386918,2021-07-31,2021-07-31,-105.4382871464,36.5741113127,3146.0,,5.1,19.3,12.9,3.6,,1034.4,Amanita muscaria,Williams Lake Trail,2
f63fd3f4-5f49-4f62-a8db-e406bc04ad80,89385057,2021-07-28 16:14:41-06:00,2021-07-28,-106.2528381348,41.3592529297,3186.0,,15.0,33.0,0.1,11.9,,1027.0,Amanita muscaria,Laramie,2
3f1e818e-a14d-4181-ba73-a35ed54bef0b,89381109,2021-07-25 10:43:34-06:00,2021-07-25,-105.3976574157,39.8159089645,2669.0,,19.0,33.0,0.0,10.3,,1022.2,Amanita muscaria,"Golden Gate Canyon Rd, Golden, CO, US",1
6ce8adf5-688e-497a-9892-c712f560e64e,89367885,2021-07-31 13:04:33-06:00,2021-07-31,-106.53329866,39.57239374,2910.0,,14.4,26.7,3.2,6.2,,1025.0,Amanita muscaria,"Eagle County, US-CO, US",2
40783149-9c0f-493a-bf7c-ff83059b27b3,89361745,2021-07-24 11:17:44-06:00,2021-07-24,-106.8196188904,37.4632931743,3451.0,,5.0,14.0,7.2,14.0,,1038.6,Amanita muscaria,"San Juan National Forest, South Fork, CO, US",3
cdfc07bb-57fb-4bbf-b964-5d8f51d0402e,89356115,2021-07-31 10:26:13-06:00,2021-07-31,-105.5547866667,39.51032,2834.0,,,,,,,,Amanita muscaria,"Pike and San Isabel National Forests, Bailey, CO, US",2
ab42c71d-1f6a-40d6-aa87-d0ad2bbb4072,89311913,2021-07-30 13:59:46-06:00,2021-07-30,-106.42012,35.8463583333,2734.0,,15.8,27.3,9.0,10.3,,1030.0,Amanita muscaria,"Bandelier National Monument, Pena Blanca, NM, US",2
7f5c8325-8be3-4718-88d3-306289e0cd2c,89310424,2021-07-29 10:49:00-06:00,2021-07-29,-105.5665413,40.2077465,2597.0,,10.2,28.2,0.0,6.0,,1031.3,Amanita muscaria,"Allenspark, CO 80510, USA",1
8dd34bb1-22a0-4784-ae46-cb9ea2a24dee,89285416,2021-07-30 11:12:00-07:00,2021-07-30,-105.6579332752,40.4139512211,2633.0,,9.2,27.3,0.5,6.4,,1032.5,Amanita muscaria,"Rocky Mountain National Park, Estes Park, CO, US",3
de70f8c1-5463-48be-8dc5-1f8b79bfc531,89266727,2021-07-20 09:54:24-06:00,2021-07-20,-106.6161346436,35.9318691687,2978.0,,16.0,26.3,3.4,9.8,,1029.4,Amanita muscaria,"Jemez Springs, NM 87025, USA",2
34ef7a2d-caa8-430c-8ec5-2bb11bd031fe,89266397,2021-07-25 11:50:22+00:00,2021-07-25,-105.8985783532,39.6042113844,3042.0,,11.0,22.0,5.0,13.8,,1039.8,Amanita muscaria,"Keystone, CO 80435, USA",1
a6c9b1de-889b-44fa-8ab0-c3f2f67652ed,89251683,2021-07-30 16:34:17-06:00,2021-07-30,-106.0510861667,39.4687883333,2998.0,,7.8,23.3,,8.6,,1017.4,Amanita muscaria,"White River National Forest, Breckenridge, CO, US",2
04be9a80-c333-47b9-87c5-2c9b55981dbb,89241676,2021-07-30 10:59:59-06:00,2021-07-30,-105.81568,39.6656033333,3272.0,,9.0,23.0,22.3,10.8,,1042.2,Amanita muscaria,"Arapaho & Roosevelt National Forests Pawnee National Grassland, Idaho Springs, CO, US",2
d2a0fd02-fb2b-4be6-8648-e5dab3825fbc,89213581,2021-07-28 14:07:27-06:00,2021-07-28,-105.5501022339,40.0360374451,3097.0,,18.0,36.0,0.0,4.0,,1021.0,Amanita muscaria,"Boulder County, US-CO, US",2
eada35a8-a0f6-4621-aaeb-9e53c9cab231,89204503,2021-07-26 09:48:58+00:00,2021-07-26,-105.0120918359,38.7683971885,3431.0,,13.7,30.2,0.0,8.7,,1016.5,Amanita muscaria,"Teller County, US-CO, US",1
4c8a01ef-0237-4799-8ce2-ee8df2c47441,89198195,2021-07-29 13:28:45-06:00,2021-07-29,-107.0272213886,38.9711034443,3380.0,,13.3,30.6,,8.0,,1014.9,Amanita muscaria,"Gunnison County, US-CO, US",3
b089fae6-90eb-4c73-84a0-529a49c7b148,89197859,2021-07-29 13:29:15-06:00,2021-07-29,-107.027221935,38.9712672496,3380.0,,13.3,30.6,,8.0,,1014.9,Amanita muscaria,"Gunnison County, US-CO, US",3
c163e10a-7de0-425c-b065-15cf8672a835,89195815,2021-07-28 07:15:00-06:00,2021-07-28,-107.4934252824,38.0543507545,3730.0,,12.0,23.0,3.0,5.6,,1034.6,Amanita muscaria,"Hinsdale County, CO, USA",2
5869dfc7-202f-41cc-b252-cc7ae0947cef,89179590,2021-07-27 11:54:46-04:00,2021-07-27,-106.46402772,39.29037987,3175.0,,5.0,23.3,0.0,9.1,,1016.4,Amanita muscaria,"Leadville, CO 80461, USA",2
e8295eac-a528-454d-b965-e0173b85bfe7,89156899,2021-07-29 14:13:28-06:00,2021-07-29,-105.3769133333,36.7558333333,3328.0,,7.9,24.0,0.0,6.8,,1032.3,Amanita muscaria,"Carson National Forest, Taos, NM, US",2
4669d6c4-071d-4f37-bcc5-2fb927c1d51a,89152824,2021-07-25 11:12:50-06:00,2021-07-25,-105.1769333333,36.5266416667,2400.0,,6.0,19.9,6.0,5.4,,1031.4,Amanita muscaria,"Cimarron Canyon State Park, Cimarron, NM, US",2
03832a57-dff7-4218-90a7-2df467650ac2,89147284,2021-07-29 09:22:15-06:00,2021-07-29,-105.36193,39.487525,2525.0,,19.4,32.2,0.0,15.4,,1015.3,Amanita muscaria,"Calfee Gulch Rd, Conifer, CO, US",3
9c3a3cbe-75ec-4485-af45-a711db5e062d,89147270,2021-07-29 09:46:27-06:00,2021-07-29,-105.365325,39.5108916667,2710.0,,19.4,32.2,0.0,15.4,,1015.3,Amanita muscaria,"Staunton State Park, Pine, CO, US",3
73ff089e-43ad-497a-94b1-0c87e7e7d8a3,89143211,2021-07-29 11:39:52+00:00,2021-07-29,-106.9388888889,37.3391666667,2266.0,,9.0,18.0,3.7,10.1,,1042.1,Amanita muscaria,"Archuleta County, CO, USA",2
10ae7564-07dc-4171-8384-538ead015f6c,89141342,2021-07-29 13:17:01+00:00,2021-07-29,-107.0394444444,37.4197222222,2763.0,,9.0,18.0,3.7,10.1,,1042.1,Amanita muscaria,"Mineral County, US-CO, US",1
35030c0f-0566-4145-bc8e-1b3b1b4de560,89132087,2021-07-24 13:08:02-06:00,2021-07-24,-106.1335740303,39.6300369628,3028.0,,11.0,16.0,0.2,20.7,,1039.2,Amanita muscaria,"White River National Forest, Silverthorne, CO, US",2
751d64aa-fb39-49c1-b301-b66e0fad1af2,89132024,2021-07-24 13:26:22-06:00,2021-07-24,-106.1430361667,39.5930133333,3296.0,,11.0,16.0,0.2,20.7,,1039.2,Amanita muscaria,"White River National Forest, Silverthorne, CO, US",2
4cafab09-7c8c-48e2-b3ee-9425bf068052,89131568,2021-07-24 14:34:20-06:00,2021-07-24,-106.1281911382,39.6213842441,3303.0,,11.0,16.0,0.2,20.7,,1039.2,Amanita muscaria,"White River National Forest, Silverthorne, CO, US",2
00a15009-af65-429e-a627-ef118604eb44,89122216,2021-07-29 11:28:22-06:00,2021-07-29,-106.8060716264,40.4582392734,2113.0,,14.6,31.8,0.4,10.0,,1026.8,Amanita muscaria,"Steamboat, Steamboat Springs, CO, US",2
a6b084b6-a2d9-48af-b2b3-44918f0e40df,89116023,2021-07-29 11:42:07-06:00,2021-07-29,-105.886095,39.7215416667,3568.0,,12.0,23.0,0.7,19.8,,1041.7,Amanita muscaria,"Arapaho & Roosevelt National Forests Pawnee National Grassland, Idaho Springs, CO, US",2
4419c5f8-5c0a-4c92-959a-1b6d9cd36a40,89113854,2021-07-29 08:02:43-06:00,2021-07-29,-107.7008666667,37.819275,2945.0,,11.0,25.0,3.5,7.6,,1033.2,Amanita muscaria,"San Juan National Forest, CO, US",1
2c995652-4bb4-45bf-83bf-d95e8d5e315f,89110856,2021-07-29 11:08:45-06:00,2021-07-29,-107.207895,38.8600616667,3049.0,,12.2,30.0,,9.1,,1019.2,Amanita muscaria,"Grand Mesa National Forest, Somerset, CO, US",2
3f8d5c54-965f-44df-8cc1-7cdd93f4777e,89110391,2021-07-29 11:08:25-06:00,2021-07-29,-107.2079383333,38.8599666667,3049.0,,12.2,30.0,,9.1,,1019.2,Amanita muscaria,"Grand Mesa National Forest, Somerset, CO, US",3
cd71f952-b981-47e4-906e-919b3a958819,89068708,2021-07-27 09:06:15-06:00,2021-07-27,-107.7511517723,37.7329094501,2996.0,,10.0,22.0,9.7,7.0,,1033.8,Amanita muscaria,"San Juan National Forest, CO, US",2
53df4bae-9bbc-45e4-882f-080ac019aa3f,89023596,2021-07-28 12:00:00-06:00,2021-07-28,-106.616372373,39.1239386152,3346.0,,12.8,29.4,,9.1,,1015.7,Amanita muscaria,"White River National Forest, Meredith, CO, US",2
208f0c90-4cb1-43c5-94f2-5551e5c015c7,89010106,2021-07-28 10:03:20-06:00,2021-07-28,-105.5338334514,40.0134643333,2946.0,,18.0,36.0,0.0,4.0,,1021.0,Amanita muscaria,"Caribou Ranch Open Space-Ce, Nederland, CO, US",1
2526b8d1-2c94-4dc0-9f62-09cbb9d88e54,89009946,2021-07-28 09:56:33-06:00,2021-07-28,-105.5338038133,40.0130645484,2946.0,,18.0,36.0,0.0,4.0,,1021.0,Amanita muscaria,"Caribou Ranch Open Space-Ce, Nederland, CO, US",1
0897ac2b-650f-432f-a041-3a9dc2d55b7c,89008103,2021-07-28 09:56:58-06:00,2021-07-28,-106.2497605005,41.3690015488,3231.0,,15.0,33.0,0.1,11.9,,1027.0,Amanita muscaria,"Medicine Bow-Routt National Forest & Thunder Basin National Grassland, Laramie, WY, US",1
bccccde4-c714-48b9-9ad7-144c69ce30bb,89005613,2021-07-28 12:36:34-06:00,2021-07-28,-106.986245,39.1908133333,2797.0,,12.8,29.4,,9.1,,1015.7,Amanita muscaria,"White River National Forest, Snowmass Village, CO, US",2
e63d2d76-c646-4d10-92d3-f2c40f8dd8ba,89001009,2021-07-26 14:43:20-06:00,2021-07-26,-106.9763116667,38.9771466667,3469.0,,11.1,28.9,0.0,12.5,,1014.1,Amanita muscaria,"Grand Mesa National Forest, Crested Butte, CO, US",3
96385d63-8d3e-43c8-b10d-5dbea1f8564a,88999242,2021-07-25 11:05:25-06:00,2021-07-25,-107.2840116667,39.1535721667,3147.0,,12.8,27.2,,9.4,,1015.2,Amanita muscaria,"White River National Forest, Carbondale, CO, US",2
56dc5ce6-84d8-4a0c-9487-215cbd8890ba,88996895,2021-07-28 16:43:27-06:00,2021-07-28,-105.4430397415,36.5841176747,3015.0,,6.9,24.7,1.4,4.7,,1032.0,Amanita muscaria,"High Noon Ski Area, Taos, NM, US",2
45f9db44-4207-475c-840c-7cb491f8904d,88996866,2021-07-28 16:42:50-06:00,2021-07-28,-105.4427985023,36.58410721,3015.0,,6.9,24.7,1.4,4.7,,1032.0,Amanita muscaria,"Carson National Forest, Taos, NM, US",2
fba3edb3-1f59-4ec9-a269-aa524da7a985,88988559,2021-07-25 08:05:50-06:00,2021-07-25,-105.8568883333,39.7673083333,3271.0,,11.0,22.0,5.0,13.8,,1039.8,Amanita muscaria,"Arapaho & Roosevelt National Forests Pawnee National Grassland, Idaho Springs, CO, US",2
269922db-79ff-4a8f-bdff-1e483f460b20,88988138,2021-07-28 15:07:31-06:00,2021-07-28,-105.779925,39.8813475,3043.0,,8.6,31.0,0.1,6.2,,1031.2,Amanita muscaria,"Winter Park Resort, Winter Park, CO, US",1
3068ecb5-0fe8-4fbb-a309-46d47ff69872,88986358,2021-07-27 09:56:00-06:00,2021-07-27,-105.5488168769,40.1349539978,2750.0,,17.0,35.0,0.0,4.5,,1021.8,Amanita muscaria,"Boulder County, CO, USA",2
cf39abb5-12d6-411e-a8bf-2201c35b52e9,88971105,2021-07-28 12:51:48-06:00,2021-07-28,-105.31301933,36.37747178,2706.0,,6.9,24.7,1.4,4.7,,1032.0,Amanita muscaria,"Angel Fire, NM, USA",2
b894f080-a597-48bb-93c4-75089c98bfd7,88935547,2021-07-27 11:55:00-04:00,2021-07-27,-106.6903083333,39.1186916667,3012.0,,11.1,31.1,0.0,9.8,,1014.1,Amanita muscaria,"Pitkin, Colorado, United States",2
d32633a8-a2e7-4958-9fd4-68bca3abdb4f,88928249,2021-07-23 15:02:39-06:00,2021-07-23,-106.3866416667,38.8040783333,3339.0,,12.5,27.8,3.4,12.5,,1029.1,Amanita muscaria,"Pike and San Isabel National Forests, Nathrop, CO, US",2
05d02ab0-e35e-4742-9c5c-ba044f522891,88909060,2021-07-25 11:52:01-06:00,2021-07-25,-105.7288280502,35.8223649367,3189.0,,13.9,27.8,,14.3,,1016.0,Amanita muscaria,"Nambe, NM 87506, USA",3
f0b2e9c6-ebe6-42a9-87a1-01a8ae3c779a,88878310,2021-07-27 14:47:40-06:00,2021-07-27,-106.3558366667,41.4122783333,3077.0,,14.0,33.0,0.0,7.7,,1025.7,Amanita muscaria,"Medicine Bow-Routt National Forest & Thunder Basin National Grassland, Rock River, WY, US",1
100d4bd2-367b-4a89-8416-2682daffe331,88873355,2021-07-26 11:13:09-06:00,2021-07-26,-105.3919333333,36.6186444444,2885.0,,6.6,21.6,3.0,4.9,,1030.2,Amanita muscaria,"Red River, NM 87558, USA",2
41d27a4e-ed2e-4930-b58e-e8d18442de5c,88865537,2021-07-27 06:51:36-06:00,2021-07-27,-106.1453555,39.4170383333,3563.0,,5.0,23.3,0.0,9.1,,1016.4,Amanita muscaria,"White River National Forest, Breckenridge, CO, US",1
3e1ffc22-0c46-401b-8116-8b5354dc1eb7,88808296,2021-07-22 07:07:04-06:00,2021-07-22,-106.18362,41.3719738889,2873.0,,,,,,,,Amanita muscaria,"Centennial, WY 82055, USA",1
92f6d3a2-77a7-4ed0-b50c-3bc133fcc764,88808100,2021-07-25 11:04:39-06:00,2021-07-25,-106.4990310669,38.7172203064,3216.0,,7.0,14.0,2.8,13.7,,1037.5,Amanita muscaria,Almont,3
89c4757f-10b2-4116-935f-e05ebb16aa66,88789263,2021-07-24 12:10:00-06:00,2021-07-24,-107.0946721667,38.8395,3075.0,,11.7,23.9,,9.2,,1021.3,Amanita muscaria,"Grand Mesa National Forest, Gunnison, CO, US",2
a6087c6e-4258-4813-88e2-a25f191ce318,88775982,2021-07-26 08:37:55-06:00,2021-07-26,-106.3940666667,35.9289283333,2918.0,,14.9,26.2,6.6,7.7,,1026.6,Amanita muscaria,"Santa Fe National Forest, Los Alamos, NM, US",2
fa335dd5-64b6-43df-82b9-b4bb27a1d88f,88772576,2021-07-15 13:15:09+00:00,2021-07-15,-103.5633559722,43.8449669722,1887.0,,10.6,25.6,0.0,7.1,,1014.5,Amanita muscaria,"Custer, SD 57730, USA",2
f9f34998-fdb2-4bc4-aaaa-3dfe4fa4a249,88758258,2021-07-25 09:47:00-06:00,2021-07-25,-105.7852576842,40.3999503101,3497.0,,7.9,27.2,0.5,7.8,,1029.8,Amanita muscaria,Mount Ida,2
c50865dd-c515-4daf-8ed1-96189538d217,88754197,2021-07-26 09:21:28-06:00,2021-07-26,-105.5411066339,40.2194852905,2568.0,,15.7,36.0,0.0,4.9,,1020.3,Amanita muscaria,"Rocky Mountain National Park, Allenspark, CO, US",1
7b4308c7-3c70-46be-9918-3df2c72cdcf2,88753515,2021-07-26 10:39:27-06:00,2021-07-26,-106.9787860663,38.9740133146,3351.0,,11.1,28.9,0.0,12.5,,1014.1,Amanita muscaria,"Gunnison County, US-CO, US",2
0ae88f20-b028-446f-8709-fedbfded7e02,88748021,2021-07-26 10:33:50-06:00,2021-07-26,-105.6468116667,40.3135833333,2905.0,,5.6,28.7,0.1,7.4,,1028.6,Amanita muscaria,"Rocky Mountain National Park, Estes Park, CO, US",2
0f1cf10a-4a0a-4128-b397-d08daacc1446,88747853,2021-07-26 13:46:46-06:00,2021-07-26,-105.6960727457,35.7010198812,2521.0,,15.0,27.8,,9.7,,1014.6,Amanita muscaria,"Santa Fe National Forest, Pecos, NM, US",2
64d1b79f-fb3a-48c2-88e0-933581dba5c4,88745727,2021-07-26 11:22:18-06:00,2021-07-26,-106.5662833333,37.384675,2974.0,,4.3,15.0,6.8,7.3,,1038.7,Amanita muscaria,"Conejos County, US-CO, US",2
9b138837-2fa8-430e-a615-d43c7a1ae52e,88744986,2021-07-26 15:48:58-06:00,2021-07-26,-105.3780388913,39.5672675407,2542.0,,17.0,34.0,0.0,8.7,,1021.2,Amanita muscaria,"Arapaho & Roosevelt National Forests Pawnee National Grassland, Conifer, CO, US",1
52d9b7f1-0b88-4801-b20a-04d71755f6aa,88744491,2021-07-26 11:21:14-06:00,2021-07-26,-105.6588654857,40.4136900581,2637.0,,5.6,28.7,0.1,7.4,,1028.6,Amanita muscaria,"Rocky Mountain, Rocky Mountain National Park, Rocky Mountain National Park, Larimer County, US-CO, US",2
2195ad43-8a1e-4352-836a-9c97c152f726,88744348,2021-07-26 11:21:01-06:00,2021-07-26,-105.6584893945,40.4138065104,2637.0,,5.6,28.7,0.1,7.4,,1028.6,Amanita muscaria,"Rocky Mountain, Rocky Mountain National Park, Rocky Mountain National Park, Larimer County, US-CO, US",1
e5b892c9-d146-4a77-8896-bfff21571e5e,88743900,2021-07-26 09:22:19-07:00,2021-07-26,-105.5752633333,40.203475,2651.0,,5.6,28.7,0.1,7.4,,1028.6,Amanita muscaria,"Rocky Mountain National Park, Ward, CO, US",1
4f61298b-9656-4a23-a2a2-5c3243cf3a29,88743405,2021-07-25 16:10:12-06:00,2021-07-25,-105.5804133333,40.1382721667,2928.0,,7.9,27.2,0.5,7.8,,1029.8,Amanita muscaria,"Arapaho & Roosevelt National Forests Pawnee National Grassland, Ward, CO, US",1
0a7130eb-7d45-41b2-875e-89068b72b794,88743070,2021-07-26 10:49:19-06:00,2021-07-26,-106.2712309539,38.4965878726,3120.0,,3.2,16.6,0.0,11.7,,1034.7,Amanita muscaria,"Chaffee County, US-CO, US",2
af482e63-93b1-4250-9f29-98cd53e4fd22,88739050,2021-07-25 12:21:00-04:00,2021-07-25,-105.9936666667,39.4746333333,3356.0,,3.9,20.0,,7.3,,1018.2,Amanita muscaria,"Summit County, CO, USA",2
7beb68ff-bd99-457d-9dd4-798edd240913,88736755,2021-07-20 09:05:00-06:00,2021-07-20,-106.2421433691,39.5443237133,3401.0,,12.0,20.0,0.3,11.4,,1041.9,Amanita muscaria,"Summit County, CO, USA",2
21e694df-1f7f-4ed0-9413-7b8840a880ad,88714600,2021-07-26 11:33:12-06:00,2021-07-26,-106.061146143,39.4770169541,3059.0,,5.0,22.8,0.0,7.4,,1016.7,Amanita muscaria,"Breckenridge Ski Resort, Breckenridge, CO, US",3
153daec8-2841-4540-abe9-ef0805d4e1ec,88708080,2021-07-26 10:23:32-06:00,2021-07-26,-106.0511450005,39.4605209353,3093.0,,5.0,22.8,0.0,7.4,,1016.7,Amanita muscaria,"White River National Forest, Breckenridge, CO, US",2
cb9eeb1d-6bc4-4aed-a41a-cf1fc96178ad,88707956,2021-07-25 14:36:43-06:00,2021-07-25,-105.645675,39.9273800027,3158.0,,7.9,27.2,0.5,7.8,,1029.8,Amanita muscaria,"Arapaho & Roosevelt National Forests Pawnee National Grassland, Black Hawk, CO, US",2
590fd9da-4fef-455b-84a8-8a53d8ce3fff,88678421,2021-07-24 10:09:25-06:00,2021-07-24,-106.4257539144,39.574482249,2546.0,,11.0,16.0,0.2,20.7,,1039.2,Amanita muscaria,"White River National Forest, Basalt, CO, US",2
e3be381d-c350-4a91-a972-574e9514c206,88657414,2021-07-24 14:24:45-06:00,2021-07-24,-107.68014,37.9336273056,2998.0,,11.0,22.0,12.5,4.0,,1031.4,Amanita muscaria,"Ridgway, CO 81432, USA",1
6c4ec6f5-8f28-4afc-ad3e-35da6e4cbde6,88653707,2021-07-25 17:07:14-06:00,2021-07-25,-105.2672302723,37.0834068026,3287.0,,,,,,,,Amanita muscaria,Sangre de Cristo Mountains,2
11dcb579-b63d-4630-badd-3ae61ade7a1b,88646102,2021-07-24 12:33:27-06:00,2021-07-24,-106.9854666867,39.0803853768,3781.0,,13.9,26.7,,10.0,,1015.0,Amanita muscaria,"Pitkin County, US-CO, US",2
bb047e71-2381-4026-abbb-ba236f490382,88642017,2021-07-25 17:34:02-06:00,2021-07-25,-106.0766833333,39.6030583333,2762.0,,11.0,22.0,5.0,13.8,,1039.8,Amanita muscaria,"Dillon Reservoir Recreation Area, Dillon, CO, US",1
de505271-18c7-4f5e-a91e-6e7d7b8e5dc8,88637706,2021-07-25 12:21:31-06:00,2021-07-25,-105.6360083333,39.41542,3227.0,,,,,,,,Amanita muscaria,"Pike and San Isabel National Forests, Lake George, CO, US",2
0d2b590c-4cc1-4f44-96b5-a9196254444b,88635432,2021-07-17 13:51:45-06:00,2021-07-17,-105.4479940608,36.6300919073,3634.0,,6.5,23.6,25.9,5.0,,1031.8,Amanita muscaria,"Taos Ski Valley, NM 87525, USA",2
a7f6ea74-3dca-46f9-874a-53fd8eda5148,88630434,2021-07-25 14:03:16-06:00,2021-07-25,-105.9989023581,38.5347582059,2162.0,,11.5,28.0,0.6,8.3,,1031.4,Amanita muscaria,"Salida, CO 81201, USA",1
3085865c-4b58-40fb-81d8-6542b63520b7,88628695,2021-07-25 16:57:25-06:00,2021-07-25,-106.991555,38.96493,2986.0,,12.8,27.2,,9.4,,1015.2,Amanita muscaria,"Grand Mesa National Forest, Crested Butte, CO, US",2
26ade34d-7c8b-481a-9fdb-0b942901cc18,88624342,2021-07-25 10:12:52-06:00,2021-07-25,-105.6493083333,39.8997111111,2852.0,,7.9,27.2,0.5,7.8,,1029.8,Amanita muscaria,"Gilpin County, CO, USA",2
58fed661-e324-4e85-a72e-9a476ac76a6d,88623803,2021-07-23 10:30:29-06:00,2021-07-23,-106.3847351074,35.8502426147,2594.0,,15.5,25.8,3.6,11.2,,1026.2,Amanita muscaria,Los Alamos,3
65fc9bfb-471c-403e-bd5d-cd4c5dc046da,88621191,2021-07-11 07:43:29-06:00,2021-07-11,-106.2944633333,39.6526333333,2838.0,,12.0,21.0,0.0,8.9,,1040.1,Amanita muscaria,"Eagle County, US-CO, US",1
28ca19be-fedd-40a4-be58-1b2aac149153,88614961,2021-07-25 16:25:05-06:00,2021-07-25,-105.7463295725,39.883381126,2870.0,,7.9,27.2,0.5,7.8,,1029.8,Amanita muscaria,"Arapaho & Roosevelt National Forests Pawnee National Grassland, Winter Park, CO, US",1
205a11f6-470b-4cfa-ac0d-5eb171d6dea6,88610937,2021-07-24 17:06:36-06:00,2021-07-24,-106.4242633333,39.4184283333,2812.0,,8.3,18.3,,8.6,,1019.7,Amanita muscaria,"White River National Forest, Basalt, CO, US",1
4cd378b9-0149-47a9-8c07-1a1384eac945,88602215,2021-07-25 11:53:25-06:00,2021-07-25,-105.4558365003,36.6001464816,3094.0,,6.0,19.9,6.0,5.4,,1031.4,Amanita muscaria,"Carson National Forest, Taos, NM, US",2
aece301c-0031-4764-8c40-6c21e8ff174a,88601284,2021-07-25 14:28:33-06:00,2021-07-25,-107.6789982073,37.8449386411,3019.0,,12.0,22.0,3.7,5.3,,1032.5,Amanita muscaria,"CR-110, CO, US",1
666d4b6d-99b6-432b-a342-8d3d35a37eeb,88596397,2021-07-25 12:29:28-06:00,2021-07-25,-106.5344046181,39.6884461424,2846.0,,11.0,22.0,5.0,13.8,,1039.8,Amanita muscaria,"White River National Forest, Vail, CO, US",2
3f17c812-8825-4a7b-b703-0dfee97140bc,88595767,2021-07-24 11:55:35-06:00,2021-07-24,-106.9391425643,39.0767912183,3540.0,,13.9,26.7,,10.0,,1015.0,Amanita muscaria,"White River National Forest, Aspen, CO, US",2
83e15966-b9b7-4071-8386-4c786316f07e,88595408,2021-07-25 14:04:27-06:00,2021-07-25,-106.0514365,39.481299,2944.0,,3.9,20.0,,7.3,,1018.2,Amanita muscaria,"Sawmill Road, Breckenridge, CO 80424, USA",2
0bfc3d1e-2b29-46e1-ac41-7267ec36403e,88583237,2021-07-25 11:16:18-06:00,2021-07-25,-105.41615,39.8628259722,2737.0,,20.0,32.0,0.1,5.6,,1021.8,Amanita muscaria,"Black Hawk, CO 80422, USA",2
e83916b8-e255-4512-bfc4-e7cb4842f996,88577385,2021-07-21 11:25:57+00:00,2021-07-21,-104.5416397601,38.5374911985,1580.0,,14.2,31.4,,9.8,,1016.3,Amanita muscaria,"Colorado Springs, CO 80928, USA",1
2e658461-c8be-477e-8978-4269da236a48,88573411,2021-07-24 11:38:00-06:00,2021-07-24,-105.4114976894,39.9359911309,2473.0,,20.0,30.0,0.3,4.5,,1023.5,Amanita muscaria,"Colorado, US",3
f363b33b-bc9c-4bc2-8204-42c9eaa254b5,88569520,2021-07-25 11:14:16-06:00,2021-07-25,-105.5720596313,40.3480911255,2387.0,,18.2,35.1,0.2,5.2,,1021.9,Amanita muscaria,Estes Park,1
2dd74690-9ee6-4be7-ba6b-b556a89c2323,88565005,2021-07-24 13:52:01-06:00,2021-07-24,-105.1399219875,37.3127340619,3227.0,,,,,,,,Amanita muscaria,"Huerfano County, US-CO, US",2
00ee965b-3d25-4ae4-ae9a-9dc88ecd6ddc,88559091,2021-07-24 09:40:27-06:00,2021-07-24,-105.81173602,39.57191046,3460.0,,11.0,16.0,0.2,20.7,,1039.2,Amanita muscaria,"Clear Creek County, US-CO, US",1
5d7f157a-0f2b-475f-9ef7-c25cc1978bfb,88556889,2021-07-24 16:13:29-06:00,2021-07-24,-107.0810630695,39.0945382441,3344.0,,13.9,26.7,,10.0,,1015.0,Amanita muscaria,"White River National Forest, Carbondale, CO, US",2
b7828825-249f-44a0-a1a7-61dcb484ac3f,88538372,2021-07-22 13:35:48-06:00,2021-07-22,-105.4387766496,36.5762370173,3128.0,,8.2,25.0,15.5,3.7,,1030.9,Amanita muscaria,"Carson National Forest, Taos, NM, US",2
026a2495-0c90-4742-bb34-04204dc19739,88492418,2021-07-24 17:09:14-06:00,2021-07-24,-105.43155,36.560745,3373.0,,9.3,21.1,6.0,8.6,,1030.1,Amanita muscaria,"Carson National Forest, Taos, NM, US",3
103f4b8c-865b-4781-8cd8-ff8a6d31daf5,88489672,2021-07-24 09:09:30-06:00,2021-07-24,-105.6608095765,39.8947304518,2980.0,,11.0,25.3,0.7,7.8,,1030.5,Amanita muscaria,"Gilpin County, CO, USA",2
e3bc4574-baef-453d-bb78-0e50bedc08ce,88489199,2021-07-24 10:18:00-05:00,2021-07-24,-105.6527002528,39.8984499248,2866.0,,11.0,25.3,0.7,7.8,,1030.5,Amanita muscaria,"Gilpin County, CO, USA",2
9608136f-a15a-4117-99b8-17551838444c,88488018,2021-07-24 10:23:35-06:00,2021-07-24,-106.9302883333,39.01875,3403.0,,13.9,26.7,,10.0,,1015.0,Amanita muscaria,"White River National Forest, Aspen, CO, US",2
13da32f0-036d-4807-a395-86f46c875f15,88477791,2021-07-24 18:51:32-06:00,2021-07-24,-107.0064861167,38.981695,2947.0,,13.9,26.7,,10.0,,1015.0,Amanita muscaria,"Grand Mesa National Forest, Crested Butte, CO, US",2
a818d761-b544-4881-9226-aa00d7719562,88472187,2021-07-24 12:48:50-06:00,2021-07-24,-106.9765166667,39.0891388333,3277.0,,13.9,26.7,,10.0,,1015.0,Amanita muscaria,"White River National Forest, Snowmass, CO, US",2
6936db60-e549-43aa-abf5-d14f00dee0eb,88469053,2021-07-24 17:32:30-06:00,2021-07-24,-106.00461859,39.48527358,3052.0,,11.0,16.0,0.2,20.7,,1039.2,Amanita muscaria,"Blue River, CO 80424, USA",2
ba115485-a40d-4be0-bff7-5dc40c5c2e7d,88468597,2021-07-24 16:23:24-06:00,2021-07-24,-106.00351494,39.48405955,3062.0,,11.0,16.0,0.2,20.7,,1039.2,Amanita muscaria,"Summit County, US-CO, US",2
f38889ea-dc20-4e4f-872b-9dfcd42f1444,88468509,2021-07-24 16:20:51-06:00,2021-07-24,-106.00342971,39.48394496,3062.0,,11.0,16.0,0.2,20.7,,1039.2,Amanita muscaria,"Summit County, US-CO, US",2
53cbba99-b17d-4db4-83e5-7009e26fca0c,88468303,2021-07-24 16:08:16+00:00,2021-07-24,-106.00550446,39.48268435,3075.0,,11.0,16.0,0.2,20.7,,1039.2,Amanita muscaria,"Blue River, CO 80424, USA",2
5f802a3d-fc18-4843-a471-c11a42f2c264,88468262,2021-07-24 16:04:31-06:00,2021-07-24,-106.00654561,39.48253986,3060.0,,11.0,16.0,0.2,20.7,,1039.2,Amanita muscaria,"Blue River, CO 80424, USA",2
74c9a661-9c48-4d0f-a2a4-938ec46a1f40,88468000,2021-07-23 10:55:54-06:00,2021-07-23,-106.05881383,39.47337167,3036.0,,7.8,22.2,,8.6,,1018.0,Amanita muscaria,"Sawmill Reservoir, Breckenridge, CO, US",2
964c5053-4606-41fe-93d7-7bb9afc23f7e,88467861,2021-07-24 09:08:51-06:00,2021-07-24,-103.7220152141,44.3836843147,1372.0,,15.0,30.0,0.0,8.9,,1020.7,Amanita muscaria,"Main St, Deadwood, SD, US",1
d44e450a-e36a-40cd-8da4-c4eb5c956a7a,88462870,2021-07-24 11:32:59-06:00,2021-07-24,-105.7875812,35.8107874,3189.0,,11.7,25.6,,9.6,,1016.1,Amanita muscaria,"Nambe, NM 87506, USA",2
e0e6f86b-72e9-4e8b-8afa-fc4c8dbb3ed4,88457890,2021-07-24 15:15:52-06:00,2021-07-24,-108.49802739,37.4750460126,2122.0,,,,,,,,Amanita muscaria,"Central Ave, Dolores, CO, US",2
de798f50-8827-400f-92c8-50a21563ae5e,88457132,2021-07-24 12:12:49-06:00,2021-07-24,-107.8347938196,37.6020766058,3143.0,,11.0,22.0,12.5,4.0,,1031.4,Amanita muscaria,"La Plata County, US-CO, US",2
29e119c9-1ed2-470f-8f0c-84d3ac238c5b,88457047,2021-07-24 15:24:02-06:00,2021-07-24,-107.13430502,39.27909787,3043.0,,13.9,26.7,,10.0,,1015.0,Amanita muscaria,"Pitkin County, US-CO, US",2
21f32655-d697-4960-8d74-5a80803e8b18,88452551,2021-07-24 13:03:05-06:00,2021-07-24,-105.3305966667,39.3423166667,2230.0,,17.8,27.2,0.0,8.4,,1017.9,Amanita muscaria,"Pike and San Isabel National Forests, Sedalia, CO, US",2
43a3b1f0-6df1-4632-9ee7-14c8254aebd2,88447922,2021-07-24 10:54:17-06:00,2021-07-24,-107.0253833333,38.8489116667,3201.0,,11.7,23.9,,9.2,,1021.3,Amanita muscaria,"Grand Mesa National Forest, Crested Butte, CO, US",3
e69dfd67-a832-488c-bc43-8151b00a7475,88432157,2021-07-21 13:58:00-06:00,2021-07-21,-107.9803407189,39.0557521905,3306.0,,21.0,37.0,1.5,6.1,,1021.0,Amanita muscaria,"Delta County, CO, USA",2
36c70f75-ece8-434e-9c34-6edda2a56eb1,88427370,2021-07-24 09:25:09-07:00,2021-07-24,-105.4355466667,39.6922133333,2574.0,,20.0,30.0,0.6,11.2,,1023.9,Amanita muscaria,"Arapaho & Roosevelt National Forests Pawnee National Grassland, Evergreen, CO, US",2
b95f7ae9-08e8-490f-85cd-e1c9115261f7,88425910,2021-07-24 10:28:56-06:00,2021-07-24,-107.6730633333,37.9382666667,2972.0,,11.0,22.0,12.5,4.0,,1031.4,Amanita muscaria,"Grand Mesa National Forest, Ridgway, CO, US",2
fc79bb45-18bf-485f-9595-1c502ebfa92d,88421015,2021-07-24 11:51:39-06:00,2021-07-24,-105.389701241,39.5131820247,2703.0,,17.8,27.2,0.0,8.4,,1017.9,Amanita muscaria,"Staunton State Park, Pine, CO, US",2
fcdfcbc6-0bf4-4325-b8ec-bac875c3d678,88407911,2019-07-27 09:03:00-07:00,2019-07-27,-106.45399313,37.05108217,3046.0,,,,,,,,Amanita muscaria,"Conejos County, CO, USA",2
99fbd478-f16c-4ce5-8a4b-cf3ba40b39de,88394034,2021-07-24 08:49:26-06:00,2021-07-24,-105.7327569836,39.8792646826,2915.0,,11.0,25.3,0.7,7.8,,1030.5,Amanita muscaria,"Arapaho & Roosevelt National Forests Pawnee National Grassland, Granby, CO, US",2
89d07d63-20b8-4200-a8e4-d2bbf2db8d34,88386924,2021-07-23 16:55:14-06:00,2021-07-23,-107.8418166667,37.617125,3224.0,,12.0,25.0,4.4,5.7,,1032.4,Amanita muscaria,"Durango, CO 81301, USA",2
2a006a90-eb8e-45bf-9954-dc4140d2c699,88330777,2021-07-23 10:06:36-06:00,2021-07-23,-107.116994,40.0313829722,3137.0,,14.4,29.4,1.7,7.9,,1019.5,Amanita muscaria,"Meeker, CO 81641, USA",2
374856e1-25d1-4017-a36c-1a0742b4af1d,88330716,2021-07-23 10:05:41-06:00,2021-07-23,-107.1170809722,40.0314619722,3137.0,,14.4,29.4,1.7,7.9,,1019.5,Amanita muscaria,"Meeker, CO 81641, USA",1
2330c6fc-6976-417a-8718-7b1d8f7b7f5f,88328000,2021-07-23 12:51:47-06:00,2021-07-23,-105.6405638889,40.3062138889,2876.0,,11.8,25.1,1.8,4.1,,1026.9,Amanita muscaria,"Estes Park, CO 80517, USA",1
a62a9423-e94c-4587-8198-2c35a77cfa7a,88326534,2021-07-23 08:06:05-06:00,2021-07-23,-105.6433027778,40.2974388889,2991.0,,11.8,25.1,1.8,4.1,,1026.9,Amanita muscaria,"Estes Park, CO 80517, USA",1
534cf0b5-5e90-47cb-bfa4-94762ef487e3,88325718,2021-07-23 11:52:00-06:00,2021-07-23,-105.636475,40.309425,2780.0,,11.8,25.1,1.8,4.1,,1026.9,Amanita muscaria,"Rocky Mountain National Park, Estes Park, CO, US",2
24682f71-df13-4afc-8d2b-c586e25b50ae,88322949,2021-07-23 12:11:21-06:00,2021-07-23,-107.0487966076,39.0220324699,3219.0,,12.2,28.9,,8.7,,1016.0,Amanita muscaria,"White River National Forest, Carbondale, CO, US",2
c4abff7b-63b2-40b8-bc19-3c09a7a2ac91,88319988,2021-07-22 14:37:36-06:00,2021-07-22,-105.61235,40.5569216667,2899.0,,,,,,,,Amanita muscaria,"Arapaho & Roosevelt National Forests Pawnee National Grassland, Bellvue, CO, US",1
fd0200de-5aa0-438c-aa63-2d1a94e0f9ab,88318885,2021-07-23 14:19:29-06:00,2021-07-23,-105.8024,35.798095,3202.0,,14.4,27.2,,12.9,,1013.7,Amanita muscaria,"Santa Fe National Forest, Santa Fe, NM, US",3
01273113-42b1-4586-b8bc-97fb09a2e186,88311075,2021-07-22 15:06:38-06:00,2021-07-22,-105.37372,39.31898,2454.0,,,,,,,,Amanita muscaria,"Pike and San Isabel National Forests, Sedalia, CO, US",1
45baf03d-6bf4-4153-833d-08ad2d67433b,88303770,2021-07-23 12:52:18-06:00,2021-07-23,-105.6402366667,40.3061533333,2876.0,,11.8,25.1,1.8,4.1,,1026.9,Amanita muscaria,"Rocky Mountain National Park, Estes Park, CO, US",1
6327abc4-662e-4247-9bd6-524b6f94e7c6,88254538,2021-07-21 12:33:34-06:00,2021-07-21,-105.5145111084,39.9871711731,2564.0,,17.0,31.0,0.1,5.7,,1020.7,Amanita muscaria,"Colorado, US",2
fc0d7308-62fb-4771-ba6f-65e47b7b28d0,88251641,2021-07-21 13:54:23-06:00,2021-07-21,-105.6080515311,36.0840956681,2746.0,,12.2,29.4,,10.2,,1020.2,Amanita muscaria,"Taos County, US-NM, US",2
1fac5126-89ea-41c2-a403-adfa1fc016f3,88245728,2021-07-21 11:56:53-06:00,2021-07-21,-105.4311133333,36.5592416667,3423.0,,7.0,25.0,0.5,4.7,,1030.6,Amanita muscaria,"Carson National Forest, Taos, NM, US",3
5803b07a-a538-4171-b759-2f99027b9190,88211952,2021-07-22 15:08:32-06:00,2021-07-22,-105.8034666667,35.79483,3143.0,,15.6,30.0,0.0,12.2,,1013.9,Amanita muscaria,"Ski Santa Fe, Santa Fe, NM, US",1
339cc047-e8de-4e06-b477-259b1d96a2ae,88199292,2021-07-22 11:50:00-06:00,2021-07-22,-106.1381321961,39.5766048134,2948.0,,12.0,20.0,11.9,10.4,,1040.7,Amanita muscaria,"Summit County, US-CO, US",2
401778e4-b869-4cd8-9d3c-c74c3f94ef8a,88190058,2021-07-20 09:54:19-06:00,2021-07-20,-106.604352,35.917171,2627.0,,16.0,26.3,3.4,9.8,,1029.4,Amanita muscaria,"Jemez Springs, NM 87025, USA",2
871629d5-6c9a-4308-8c9a-cbb1e259da68,88187350,2021-07-22 11:18:00-06:00,2021-07-22,-106.3953083333,35.9119416667,2896.0,,15.5,28.4,5.3,9.7,,1027.5,Amanita muscaria,"Los Alamos, New Mexico, United States",2
f4cce68b-a005-4f82-be8a-1399c4261843,88183253,2021-07-22 11:56:20-06:00,2021-07-22,-107.8051299044,37.6802603994,3234.0,,15.0,24.0,7.8,6.9,,1033.1,Amanita muscaria,"San Juan County, US-CO, US",2
56509826-aa5b-40b4-9f76-27d7d435cf99,88169898,2021-07-22 08:58:23-06:00,2021-07-22,-106.96608,39.0882221667,3093.0,,12.2,27.2,,10.5,,1015.1,Amanita muscaria,"White River National Forest, Aspen, CO, US",2
cd0d30e4-ae39-47b3-9cfd-24a0832cb5a3,88162605,2021-07-22 06:54:23-06:00,2021-07-22,-105.5394666667,40.0296471667,2936.0,,19.0,34.0,0.0,7.1,,1020.0,Amanita muscaria,"Arapaho & Roosevelt National Forests Pawnee National Grassland, Ward, CO, US",2
3871a909-afbc-4287-9a26-0ef0ccd95f44,88069679,2021-07-21 10:20:15-06:00,2021-07-21,-107.0263944722,38.9727201944,3359.0,,13.3,28.3,,9.1,,1013.9,Amanita muscaria,"Crested Butte, CO 81224, USA",1
98c43702-2476-4580-94b0-1539cdff25d6,88061168,2021-07-21 14:08:40-06:00,2021-07-21,-106.4660229022,35.8663876203,2598.0,,15.5,28.2,3.8,9.7,,1027.2,Amanita muscaria,"Valles Caldera National Preserve, Jemez Springs, NM, US",2
d1fa0f3a-3b55-492e-be1f-9cc4ccaa667e,88052467,2021-07-21 08:09:24-06:00,2021-07-21,-105.3653,39.5120666667,2710.0,,17.2,31.7,,13.8,,1013.8,Amanita muscaria,"Pine Junction Area, CO, USA",1
1ce7ea26-9ca4-4d36-ad45-2107848a9627,88036509,2021-07-21 11:08:49-06:00,2021-07-21,-105.4239686497,39.862806721,2872.0,,17.0,31.0,0.1,5.7,,1020.7,Amanita muscaria,"Colorado, US",1
d260926c-4973-4624-9ab6-89959930507a,88005594,2021-07-17 13:13:39-04:00,2021-07-17,-104.91288,38.7854,2435.0,,14.3,30.2,,9.1,,1018.7,Amanita muscaria,"Pike and San Isabel National Forests, Manitou Springs, CO, US",1
6c6ac1df-426d-4edc-8608-8f1dbb8b3170,88002731,2021-07-21 09:53:06-06:00,2021-07-21,-105.730475,39.8793133333,2930.0,,11.4,26.4,0.8,8.2,,1029.9,Amanita muscaria,"Arapaho & Roosevelt National Forests Pawnee National Grassland, Granby, CO, US",1
21d0b73e-b33d-485d-928e-58976a82565a,87989560,2021-07-20 10:08:00-07:00,2021-07-20,-106.185506722,41.2754347368,2744.0,,,,,,,,Amanita muscaria,"Albany County, WY, USA",1
9981f021-bc4e-4155-a9b5-64ad213a0119,87945309,2021-07-20 13:00:00-06:00,2021-07-20,-105.4824100926,39.6105569804,2584.0,,18.0,35.0,0.0,9.4,,1022.8,Amanita muscaria,"Clear Creek County, CO, USA",1
6728c5ca-5e4a-4440-bf2b-8a82a14495dd,87939044,2021-07-20 08:07:30-06:00,2021-07-20,-105.5005555556,40.1995916667,2495.0,,14.8,36.5,0.0,5.6,,1022.1,Amanita muscaria,"Allenspark, CO, USA",1
4021b911-da05-4503-8b64-51af077aa265,87906342,2021-07-20 07:29:48-06:00,2021-07-20,-107.7066923,37.7422003,3329.0,,13.0,26.0,6.0,5.9,,1034.3,Amanita muscaria,"San Juan County, CO, USA",1
9d90cf2b-3722-4b61-9c0a-553823eb0548,87882191,2021-07-20 11:48:25-06:00,2021-07-20,-106.3706559511,39.605919458,3342.0,,12.0,20.0,0.3,11.4,,1041.9,Amanita muscaria,"White River National Forest, Basalt, CO, US",2
ef91edec-f4e9-439f-843d-70f858e66033,87793145,2021-07-19 14:12:00-06:00,2021-07-19,-106.9858166667,39.1908033333,2797.0,,15.0,31.1,0.0,10.9,,1015.2,Amanita muscaria,"White River National Forest, Snowmass Village, CO, US",3
363ac91a-b3d0-49cf-a825-7252a115d4d2,87772637,2021-07-19 12:31:36-06:00,2021-07-19,-106.95872277,39.09121744,3097.0,,15.0,31.1,0.0,10.9,,1015.2,Amanita muscaria,"Pitkin County, US-CO, US",2
cfcfb1f2-ca26-46eb-84ae-d38606b6e62e,87762691,2021-07-19 13:37:58-06:00,2021-07-19,-106.4042883333,39.431225,2776.0,,3.9,24.4,0.0,7.4,,1019.3,Amanita muscaria,"White River National Forest, Basalt, CO, US",1
96771a28-6d89-403e-ba04-9f68ec12e87c,87733349,2021-07-18 12:03:19-06:00,2021-07-18,-105.673295,40.0958583333,2967.0,,7.1,27.6,0.0,5.8,,1033.8,Amanita muscaria,"Arapaho & Roosevelt National Forests Pawnee National Grassland, Granby, CO, US",2
69c84889-05cf-4d23-acb7-1eeb59974d43,87714961,2021-07-19 08:28:06-06:00,2021-07-19,-106.7651958844,37.4700686706,3117.0,,8.0,19.0,0.0,6.9,,1045.0,Amanita muscaria,"Alberta Park Reservoir, South Fork, CO, US",1
261652f6-7f9e-4882-9fcf-41d839881a5f,87711117,2021-07-17 10:48:00-10:00,2021-07-17,-105.4409305556,40.1356305556,2496.0,,16.0,32.0,0.0,7.2,,1022.2,Amanita muscaria,"Boulder County, CO, USA",3
ba48c34a-d72b-4e85-98c9-6fcdd77025d2,87699755,2021-07-18 10:29:18-06:00,2021-07-18,-106.0654666317,39.4880136538,3033.0,,12.0,23.0,0.0,11.6,,1044.1,Amanita muscaria,"White River National Forest, Breckenridge, CO, US",2
8a03cde5-49ed-446d-bb80-cfb2983ea8fd,87672287,2021-07-18 10:35:11-06:00,2021-07-18,-105.5365740135,39.9311520137,2819.0,,16.0,33.0,0.0,5.6,,1025.8,Amanita muscaria,"Gilpin County, CO, USA",2
dc8f8a27-4dfe-485d-b207-ba19afa105e1,87633611,2021-07-17 18:21:29-06:00,2021-07-17,-107.617325,37.720375,2987.0,,15.0,22.0,0.7,5.0,,1032.9,Amanita muscaria,"San Juan National Forest, CO, US",2
4f9eb61a-c51a-4469-bd7c-c14cee209758,87632766,2021-07-18 16:32:00-06:00,2021-07-18,-105.7974868315,35.7635090995,3374.0,,17.8,28.9,,14.4,,1017.2,Amanita muscaria,"Santa Fe County, NM, USA",2
b8b49ae9-2169-4114-994d-988d99e1eee7,87621526,2021-07-16 13:47:57-06:00,2021-07-16,-105.4158722222,39.8996388889,3006.0,,14.0,32.0,0.0,7.8,,1018.8,Amanita muscaria,"Black Hawk, CO 80422, USA",2
69567e12-c4e0-4277-9fd0-ae625dac446f,87581036,2021-07-18 11:13:10-06:00,2021-07-18,-105.7881851196,35.8105659485,3189.0,,17.8,28.9,,14.4,,1017.2,Amanita muscaria,Santa Fe,1
2a966d92-af5b-41e6-8c34-cae8a8cc4c3e,87564337,2021-07-14 12:43:29-06:00,2021-07-14,-107.76859,37.6637466667,2997.0,,11.0,18.0,9.1,2.9,,1032.0,Amanita muscaria,"San Juan County, US-CO, US",1
a869d7e0-911a-4d3d-9e57-994a44c3318e,87557118,2021-07-17 11:25:49-06:00,2021-07-17,-105.6574383333,39.8987216667,2983.0,,6.7,25.9,0.3,8.0,,1030.6,Amanita muscaria,"Arapaho & Roosevelt National Forests Pawnee National Grassland, Idaho Springs, CO, US",2
7c14d255-0af5-44b7-8b67-0e31c2916fc4,87504476,2021-07-13 10:50:51-06:00,2021-07-13,-107.0658789722,38.859321,3004.0,,11.7,28.3,,9.1,,1019.9,Amanita muscaria,"Crested Butte, CO 81224, USA",2
7611e3ed-55bc-4e17-b923-74f28d01e81e,87493862,2021-07-15 09:56:05-06:00,2021-07-15,-105.6335180984,39.9418052481,3326.0,,4.5,23.0,0.0,3.9,,1028.6,Amanita muscaria,"Arapaho & Roosevelt National Forests Pawnee National Grassland, Nederland, CO, US",2
958c8606-a50e-4779-9350-503de9acdf58,87493841,2021-07-17 20:13:38-06:00,2021-07-17,-104.8527908325,38.8164215088,1894.0,,14.4,28.9,1.3,11.5,,1016.8,Amanita muscaria,Colorado Springs,2
591d889a-bcb8-492c-9d46-4562da8286d0,87490181,2021-07-17 14:03:17-06:00,2021-07-17,-105.5865658,40.5704487,2764.0,,,,,,,,Amanita muscaria,"Bellvue, CO 80512, USA",1
81196af4-189d-4a8e-bedd-1940be185cdf,87488714,2021-07-17 13:49:39-06:00,2021-07-17,-106.1544888333,37.7389633333,2343.0,,12.0,28.0,0.8,13.0,,1019.4,Amanita muscaria,"US-285, Center, CO, US",2
7c038977-d61e-4069-ba3b-747fd0e62cba,87488393,2021-07-17 10:39:33-06:00,2021-07-17,-106.1468111667,37.740345,2340.0,,12.0,28.0,0.8,13.0,,1019.4,Amanita muscaria,"Center, CO, US",1
161e2f1e-abe3-4aeb-929d-39a7e41fb6c6,87487409,2021-07-17 13:46:42-06:00,2021-07-17,-105.6151503325,37.9925259341,3500.0,,,,,,,,Amanita muscaria,"Westcliffe, CO 81252, USA",1
99d501f3-08f1-4a7c-8663-e1c0812ae554,87487232,2021-07-17 19:07:56-06:00,2021-07-17,-105.4977698252,39.9574411168,2577.0,,16.0,32.0,0.0,7.2,,1022.2,Amanita muscaria,"Nederland, CO 80466, USA",1
1399e3a2-25af-473b-af29-dc0d1d6d8119,87486339,2021-07-17 10:15:45-06:00,2021-07-17,-107.7675866667,38.0398945,3123.0,,15.0,22.0,0.7,5.0,,1032.9,Amanita muscaria,"Grand Mesa National Forest, Ridgway, CO, US",1
d2b80712-d9ee-4751-966a-96dd18c58c7d,87478592,2021-07-17 15:31:14-06:00,2021-07-17,-105.517555,39.976825,2617.0,,16.0,32.0,0.0,7.2,,1022.2,Amanita muscaria,"Arapaho & Roosevelt National Forests Pawnee National Grassland, Nederland, CO, US",1
6779e024-f5dc-4f79-a06c-d66c97778006,87474091,2021-07-17 13:52:16-06:00,2021-07-17,-105.3817186877,39.4963152079,2511.0,,15.0,32.2,,11.9,,1015.6,Amanita muscaria,"Pine Junction Area, CO, USA",2
47a80bc4-94a1-4fa8-b26f-655ab9daa2f6,87471211,2021-07-17 11:09:15-06:00,2021-07-17,-107.100325,38.8515222222,3063.0,,10.0,28.3,,10.0,,1020.2,Amanita muscaria,"Gunnison, CO 81230, USA",1
8f1da381-3895-4409-b3d5-bfec8dd1766e,87461912,2021-07-13 10:45:20-06:00,2021-07-13,-105.2753941623,39.5400938625,2479.0,,20.0,26.7,,19.9,,1014.0,Amanita muscaria,"Morrison, CO, US",2
83772c1a-d939-4094-a89c-bd690ffeea6c,87456427,2021-07-12 12:52:35-06:00,2021-07-12,-107.6776850062,37.6165841953,2807.0,,13.0,27.0,0.0,4.3,,1031.7,Amanita muscaria,"Colorado, US",1
03435915-af70-4449-86c4-0d8f00d24d07,87444777,2021-07-17 10:48:31-06:00,2021-07-17,-105.44110833,40.13582217,2496.0,,16.0,32.0,0.0,7.2,,1022.2,Amanita muscaria,"Arapaho & Roosevelt National Forests Pawnee National Grassland, Ward, CO, US",1
7d37ba22-6d33-411f-bda6-2ccb47c8fd99,87439579,2021-07-17 11:36:04-06:00,2021-07-17,-106.3818133333,39.0895388333,2881.0,,5.6,23.3,,9.3,,1018.0,Amanita muscaria,"Pike and San Isabel National Forests, Twin Lakes, CO, US",1
59d14204-1b97-4b81-8920-8335dab0884e,87438117,2021-07-17 09:34:33-06:00,2021-07-17,-104.94227,39.1182945,2470.0,,10.8,28.5,,10.8,,1017.3,Amanita muscaria,"Pike and San Isabel National Forests, Palmer Lake, CO, US",1
7c3c0569-a5f4-49e7-a421-5fe6b69667a7,87394161,2021-07-12 11:12:09-06:00,2021-07-12,-105.6424716667,40.2920533333,3071.0,,5.4,28.3,0.1,5.3,,1029.6,Amanita muscaria,"Rocky Mountain National Park, Estes Park, CO, US",1
08248f3c-e4a9-4700-9485-aa26687be586,87375091,2021-07-01 10:08:47-06:00,2021-07-01,-105.6099166667,36.0801471667,2745.0,,12.8,26.7,0.0,8.0,,1019.7,Amanita muscaria,"Carson National Forest, Taos, NM, US",3
2f8b518e-49ba-4e39-a249-041de71d22b1,87355063,2021-07-16 14:28:00+00:00,2021-07-16,-105.7762222217,39.8717861117,3263.0,,4.1,25.5,0.2,4.7,,1028.0,Amanita muscaria,"Winter Park, CO 80482, USA",1
d82de3cf-acec-4b7a-b454-0fd6cc1b1375,87352634,2021-07-16 19:06:18-06:00,2021-07-16,-105.9829333333,39.60127,2806.0,,11.0,19.0,1.7,8.1,,1037.8,Amanita muscaria,"Keystone Resort, Dillon, CO, US",1
e0aae5d4-1a34-4bba-afa4-6faebca144a9,87344166,2021-07-16 08:05:34-06:00,2021-07-16,-105.4472484067,39.6758864389,2793.0,,16.0,33.0,0.0,10.2,,1019.2,Amanita muscaria,"Golden, CO 80439, USA",1
a8a215a3-5ca5-42e3-a285-4856f334f669,87311488,2021-07-16 11:38:35-06:00,2021-07-16,-105.7550583333,35.8168616667,3395.0,,14.4,30.0,,14.6,,1012.0,Amanita muscaria,"Santa Fe National Forest, Santa Fe, NM, US",2
379fd5e3-79bf-49cb-8bb5-e67f0d5a1ad9,87309871,2021-07-16 13:58:49-06:00,2021-07-16,-106.3604770074,39.6397062305,2514.0,,11.0,19.0,1.7,8.1,,1037.8,Amanita muscaria,"Ford Park, Vail, CO, US",1
0640aeb3-1ce7-417b-9216-59964d0e843d,87304285,2021-07-16 13:11:06-05:00,2021-07-16,-105.3735656738,40.0880620425,2278.0,,14.0,32.0,0.0,7.8,,1018.8,Amanita muscaria,"Arapaho & Roosevelt National Forests Pawnee National Grassland, Jamestown, CO, US",1
062d112a-9c02-44de-b2f6-04c3ce7a1c33,87304045,2021-07-08 16:17:34-05:00,2021-07-08,-106.1804428101,36.887512207,2883.0,,,,,,,,Amanita muscaria,Cebolla,2
0f78baf4-4a4c-4564-9d84-a349b4ae1fa7,87303939,2021-07-08 16:17:04-05:00,2021-07-08,-106.2187957764,36.8811607361,3130.0,,,,,,,,Amanita muscaria,Cebolla,2
cc50cd53-bee0-4872-9d5c-ade09a82de10,87294768,2021-07-16 10:18:32-06:00,2021-07-16,-105.59273,40.3281419722,2640.0,,4.1,25.5,0.2,4.7,,1028.0,Amanita muscaria,"Estes Park, CO 80517, USA",1
f225ca93-3f4b-4880-b3cc-ec2f02511beb,87293423,2021-07-16 08:39:35-06:00,2021-07-16,-105.4284283333,40.6339333333,2544.0,,15.6,33.9,0.0,9.6,,1011.7,Amanita muscaria,"Arapaho & Roosevelt National Forests Pawnee National Grassland, Bellvue, CO, US",1
5e2592b0-5c85-46f6-be63-d31b9bb31f71,87276323,2021-07-15 17:20:17-06:00,2021-07-15,-106.4560783333,39.2874366667,3133.0,,1.7,21.7,,9.2,,1017.3,Amanita muscaria,"Pike and San Isabel National Forests, Leadville, CO, US",1
88ad01e3-7879-411e-b9c3-177c8bd9e1e0,87225291,2021-07-15 20:41:35-06:00,2021-07-15,-106.0786959671,39.4091469522,3610.0,,1.7,21.7,,9.2,,1017.3,Amanita muscaria,"Colorado, US",1
5fa96ee0-cf4b-468b-8bb0-5442ba38225a,87223907,2021-07-15 13:47:00-07:00,2021-07-15,-105.7463875,40.1108104,2557.0,,4.5,23.0,0.0,3.9,,1028.6,Amanita muscaria,"Continental Divide Trail, Granby, CO 80446, USA",1
06d893df-5ab9-443c-b58c-568c084251ec,87223252,2021-07-15 13:45:38-06:00,2021-07-15,-104.9254226685,38.7870368958,2531.0,,12.1,29.5,0.0,9.2,,1015.9,Amanita muscaria,"El Paso County, US-CO, US",1
0ee1d834-066e-47fc-a5c0-121f42770923,87211773,2021-07-09 07:18:30-07:00,2021-07-09,-106.3778468774,39.0534079249,3287.0,,7.8,26.1,0.0,8.1,,1014.2,Amanita muscaria,"Pike and San Isabel National Forests, Buena Vista, CO, US",1
407f382c-7f1b-4154-8f49-c91e84934860,87210669,2021-07-11 12:37:00-06:00,2021-07-11,-105.7922409788,35.8097825823,3249.0,,18.3,29.4,0.0,22.0,,1013.2,Amanita muscaria,"Santa Fe County, NM, USA",2
af554aef-c74d-4ac9-a0f5-43279ba14b48,87205209,2021-07-15 15:03:04-06:00,2021-07-15,-104.9874883333,39.0783,2773.0,,8.6,28.4,,13.1,,1014.9,Amanita muscaria,"Pike and San Isabel National Forests, Palmer Lake, CO, US",1
a661ce41-9ef3-474b-88eb-860c537dbeae,87198865,2021-07-15 11:44:00-04:00,2021-07-15,-105.5767005,39.9794804,3053.0,,13.0,28.0,0.1,2.8,,1020.2,Amanita muscaria,"4596-4400, Caribou Rd, Nederland, CO 80466, USA",1
0f3fa6c0-8f6f-4dce-adec-3d5eba4080c5,87175864,2021-07-15 08:46:17-06:00,2021-07-15,-104.98906885,38.9801476,2758.0,,8.6,28.4,,13.1,,1014.9,Amanita muscaria,"El Paso County, US-CO, US",1
a54fec17-cb05-40ae-a199-c188cec98742,87074174,2021-07-14 10:08:04-06:00,2021-07-14,-105.6396633333,40.3213533333,2968.0,,7.0,22.8,3.4,5.6,,1029.0,Amanita muscaria,"Rocky Mountain National Park, Estes Park, CO, US",1
8b98fdd8-3439-410f-b5f0-72cc22ffa4ff,87065661,2021-07-13 11:10:00-05:00,2021-07-13,-105.6467055556,40.3135444444,2905.0,,9.6,27.1,0.2,7.6,,1029.7,Amanita muscaria,"Larimer County, CO, USA",1
6aa8945d-93f8-4cd1-b13b-d459cfc4e9a0,87053868,2021-07-14 12:39:14-06:00,2021-07-14,-107.0795055,38.8325283409,3181.0,,10.6,19.4,,6.5,,1022.4,Amanita muscaria,"Grand Mesa National Forest, Somerset, CO, US",2
95362078-09d4-4d17-be6c-48b5734404d9,87044838,2021-07-14 09:27:02-06:00,2021-07-14,-105.5851833333,40.200955,2704.0,,7.0,22.8,3.4,5.6,,1029.0,Amanita muscaria,"Rocky Mountain National Park, Ward, CO, US",1
7600b8c8-99a5-4e57-810f-840ef52d69e3,87036323,2021-07-09 13:55:00-06:00,2021-07-09,-105.5944833333,40.1970333333,2792.0,,8.0,30.8,0.4,9.1,,1029.3,Amanita muscaria,"Rocky Mountain National Park, Ward, CO, US",1
20c258fc-1063-4eaf-909c-5a496989df60,86921482,2021-07-13 17:26:23-06:00,2021-07-13,-105.61666323,39.69412327,2684.0,,19.0,27.0,0.3,14.6,,1021.3,Amanita muscaria,"Clear Creek County, US-CO, US",1
37e08165-bc34-46d7-889d-3b6d1a87ce08,86815464,2021-07-12 16:25:58-06:00,2021-07-12,-105.616317749,39.9547348022,2931.0,,5.4,28.3,0.1,5.3,,1029.6,Amanita muscaria,"Boulder County, US-CO, US",1
b44dc9ff-df1e-4bac-be7f-a3d997841fed,86809231,2021-07-10 11:13:04-06:00,2021-07-10,-105.835975,40.3264883333,2798.0,,5.7,26.4,0.0,9.8,,1031.1,Amanita muscaria,"Rocky Mountain National Park, Granby, CO, US",1
0e520faa-90a3-466f-b17c-fcf3eebff2ef,86673828,2021-07-09 13:52:11-06:00,2021-07-09,-105.6612633333,40.8947216667,2679.0,,,,,,,,Amanita muscaria,"Arapaho & Roosevelt National Forests Pawnee National Grassland, Red Feather Lakes, CO, US",2
79f2e3e4-0c2b-4a73-8604-f404e0ee6fa4,86664836,2021-07-11 13:24:04-06:00,2021-07-11,-105.7881916667,35.8106166667,3189.0,,18.3,29.4,0.0,22.0,,1013.2,Amanita muscaria,"Santa Fe National Forest, Santa Fe, NM, US",3
bbbc103d-6990-4c38-9425-f1715229bf0f,86660725,2021-07-02 09:31:00-07:00,2021-07-02,-105.3061866667,39.499175,2572.0,,13.9,28.9,0.0,11.1,,1016.9,Amanita muscaria,"Pleasant Park Corridor, CO, USA",1
20982579-9478-4a3a-a2f2-e968168b959c,86627976,2021-07-11 09:15:31-06:00,2021-07-11,-105.3367383333,39.6661416667,2251.0,,17.0,30.0,0.0,9.2,,1024.0,Amanita muscaria,"Pebble Beach Dr, Evergreen, CO, US",1
1236f4ad-e8a1-4fd5-8132-c94a7e49496b,85984214,2021-07-06 19:08:17-04:00,2021-07-06,-106.01061945,39.4848366667,3066.0,,8.0,20.0,0.3,12.2,,1039.3,Amanita muscaria,"White River National Forest, Breckenridge, CO, US",1
5f4800ad-3806-410c-9a14-0117ef0231c3,85939700,2021-07-06 12:07:52-06:00,2021-07-06,-107.0127944946,38.9136924744,2967.0,,10.6,28.3,,10.3,,1014.5,Amanita muscaria,Crested Butte,2
9cfe7caa-8f46-47f3-97a1-262349ea3b96,85851443,2021-07-05 12:55:33-06:00,2021-07-05,-106.7003783333,40.7925633333,2782.0,,11.1,30.3,0.3,8.9,,1023.5,Amanita muscaria,"Medicine Bow-Routt National Forest & Thunder Basin National Grassland, Clark, CO, US",1
e29982b9-af7f-41cd-97b4-e32f51f95091,85844552,2021-07-04 11:30:35-06:00,2021-07-04,-106.5205916667,35.8193966667,2607.0,,17.0,30.2,0.4,10.3,,1024.5,Amanita muscaria,"Jemez National Recreation Area, Jemez Springs, NM, US",2
27a8ef70-5126-4415-8be0-b4d797310467,85819680,2021-07-04 15:10:00-06:00,2021-07-04,-105.6562872291,40.2952987871,3141.0,,7.5,25.7,1.3,5.6,,1027.6,Amanita muscaria,From Bear Lake to Sky Pond,1
68f20bfe-72db-48a6-91cb-bf54ca82ca59,85690872,2021-07-04 10:14:24-06:00,2021-07-04,-105.3848633333,40.2362666667,2147.0,,16.2,32.7,0.3,6.2,,1020.1,Amanita muscaria,"Arapaho & Roosevelt National Forests Pawnee National Grassland, Lyons, CO, US",1
75dbf04e-5688-4b59-bb13-ce572ff7b71a,85690276,2021-07-03 11:11:27-06:00,2021-07-03,-105.55639574,40.21057154,2586.0,,6.2,26.9,0.0,8.3,,1028.5,Amanita muscaria,"Rocky Mountain, Rocky Mountain National Park, Boulder County, US-CO, US",2
cd436340-ca55-4a40-a940-e8ff24f6e962,85683469,2021-07-04 08:45:00-06:00,2021-07-04,-105.5097053,39.977569,2560.0,,17.0,29.0,0.2,5.5,,1019.9,Amanita muscaria,"Mud Lake, Colorado 80466, USA",1
24ceac75-88c7-4e0f-a77f-b91cc5d04c03,85637092,2021-07-04 10:27:03-06:00,2021-07-04,-105.44384844,36.59027422,2954.0,,6.9,23.6,3.8,4.3,,1028.8,Amanita muscaria,"Taos Ski Valley, NM 87525, USA",1
85f095ab-c8ee-4e36-8568-edba0156bfdc,85565156,2021-07-02 11:37:22-06:00,2021-07-02,-105.7784276334,35.8133963414,3196.0,,15.6,28.9,,16.2,,1014.4,Amanita muscaria,"Santa Fe County, US-NM, US",1
390bfcf1-67e8-4c61-9e60-fd7274fc5335,85552995,2021-07-03 18:36:41-06:00,2021-07-03,-104.8905056343,38.7716967195,2189.0,,13.8,26.7,,10.2,,1015.8,Amanita muscaria,"Pike and San Isabel National Forests, Colorado Springs, CO, US",1
ca167bb2-e2f8-4756-98a1-e278d2405930,85543692,2021-06-27 09:54:32-06:00,2021-06-27,-104.9405305088,39.1231407643,2415.0,,9.7,17.8,,13.4,,1021.2,Amanita muscaria,"Larkspur, CO 80118, USA",1
defb8281-21de-4abf-9c22-3ad2e97c80e9,85533520,2021-07-03 09:51:00-06:00,2021-07-03,-105.2718711,39.5462268,2414.0,,17.2,31.1,,12.0,,1013.2,Amanita muscaria,Meyer Ranch Open Space,1
1ff81a5f-c767-49b1-938b-eb09127c17d5,85524017,2021-07-03 14:45:51-06:00,2021-07-03,-105.4436645508,36.6172523499,3530.0,,8.5,22.1,1.7,7.0,,1029.8,Amanita muscaria,Taos Ski Valley,1
02ad2444-fb54-4a9b-8926-8378a567f28a,85521201,2021-07-03 13:26:34-06:00,2021-07-03,-105.0986638333,39.0891445,2375.0,,10.6,27.0,,11.8,,1014.8,Amanita muscaria,"Pike and San Isabel National Forests, Woodland Park, CO, US",1
252a8c0e-6dc3-44ce-9853-9da64584d1f3,85513777,2021-07-03 11:57:33-06:00,2021-07-03,-104.9333572388,39.070438385,2516.0,,10.6,27.0,,11.8,,1014.8,Amanita muscaria,Colorado Springs,2
85bc7a63-632e-425d-a125-d5813afc7a94,85486190,2021-07-02 10:18:01-06:00,2021-07-02,-104.9368216667,39.0737583333,2570.0,,13.2,21.1,,15.4,,1020.0,Amanita muscaria,"Pike and San Isabel National Forests, Colorado Springs, CO, US",2
ac05bd3d-8352-4111-beae-f966975c0a7b,85414097,2021-07-02 19:34:19-06:00,2021-07-02,-105.9184014705,35.8217484271,2073.0,,15.6,28.9,,16.2,,1014.4,Amanita muscaria,"Florencio Trail, Santa Fe, NM, US",2
d1d17503-8886-4584-89f3-e9559e7b2f49,85001914,2021-06-28 18:57:12-06:00,2021-06-28,-105.3988883333,39.863625,2664.0,,13.0,22.0,0.3,7.0,,1025.1,Amanita muscaria,"Golden, CO, US",3
954e7cd2-6140-443b-9fc3-3e5cbbcc9255,85001908,2021-06-29 10:47:41-06:00,2021-06-29,-103.5332033333,43.8525166667,2000.0,,7.2,23.3,0.0,6.7,,1021.4,Amanita muscaria,"Custer State Park, Custer, SD, US",1
6e24d872-b473-48ae-9d36-94fadf0193a2,84495351,2021-06-25 12:15:17-06:00,2021-06-25,-104.999769,37.960361,2438.0,,,,,,,,Amanita muscaria,"Rye, CO 81069, USA",1
eb7088b9-966f-4263-94cb-72568efaf70b,83923367,2019-08-07 13:52:20-06:00,2019-08-07,-107.5369988338,37.4909446537,2616.0,,13.9,28.9,,10.6,,1014.8,Amanita muscaria,"San Juan National Forest, Durango, CO, US",2
5c092a4b-55f1-4cfb-9f5e-3f741b10c148,78662757,2021-05-03 12:47:00-06:00,2021-05-03,-105.7839138889,39.4200861111,3152.0,,,,,,,,Amanita muscaria,"Park County, CO, USA",2
7da978d2-014f-4571-95e0-4e7d793b226e,70422626,2017-08-09 11:24:00+00:00,2017-08-09,-106.1961351,39.5572085,3802.0,,7.0,15.0,,14.3,,,Amanita muscaria,"Uneva Peak, Colorado 80443, USA",3
c5ae91eb-65a5-4df0-b435-7f43f874e2cf,70422625,2017-08-09 11:23:00+00:00,2017-08-09,-106.1961351,39.5572085,3802.0,,7.0,15.0,,14.3,,,Amanita muscaria,"Uneva Peak, Colorado 80443, USA",1
4581a28f-a140-4879-b581-895ef111a4c3,70422623,2017-08-09 11:21:00+00:00,2017-08-09,-106.1961351,39.5572085,3802.0,,7.0,15.0,,14.3,,,Amanita muscaria,"Uneva Peak, Colorado 80443, USA",1
90d54806-b9dc-49dc-92c1-22fd945e5fe7,70422622,2017-08-09 11:20:00+00:00,2017-08-09,-106.1961351,39.5572085,3802.0,,7.0,15.0,,14.3,,,Amanita muscaria,"Uneva Peak, Colorado 80443, USA",1
e4a9b9c4-5508-41b8-bd4c-bb40f71a7a39,70422621,2017-08-09 11:20:00+00:00,2017-08-09,-106.1961351,39.5572085,3802.0,,7.0,15.0,,14.3,,,Amanita muscaria,"Uneva Peak, Colorado 80443, USA",2
30007069-c0c1-403f-a725-1613550a073e,70422207,2017-08-06 11:41:00+00:00,2017-08-06,-106.1833568,39.5460975,3607.0,,,,,13.6,,,Amanita muscaria,"Uneva Pass, Colorado 80443, USA",2
d9249cec-eec2-44a4-b35d-d63526d6e690,70422200,2017-08-06 10:17:00+00:00,2017-08-06,-106.1833568,39.5460975,3607.0,,,,,13.6,,,Amanita muscaria,"Uneva Pass, Colorado 80443, USA",1
49112d22-665a-488e-ad91-c2a8130a83ee,69376210,2016-07-24 11:48:00-06:00,2016-07-24,-105.8099529318,40.4243588205,3291.0,,,,,,,,Amanita muscaria,"Larimer County, CO, USA",2
c5c35b3a-7b8e-4606-9d81-2f2c7045aeac,69333684,2017-09-07 20:36:00-04:00,2017-09-07,-105.6029461466,40.3547203346,2454.0,,9.1,29.4,,1.8,,,Amanita muscaria,"Larimer County, CO, USA",2
7faf2ffa-d444-4ce9-9040-3f954dde6b30,68747751,2013-08-17 12:34:00-05:00,2013-08-17,-105.553914,40.224272,2789.0,,14.2,38.1,,2.4,,,Amanita muscaria,"Colorado, USA",2
7824f769-401c-42f8-8d48-f13e3c8ee85b,68669957,2017-08-13 12:52:00-06:00,2017-08-13,-104.9151388889,38.8309666667,2215.0,,12.8,28.9,0.0,11.9,,1012.2,Amanita muscaria,"El Paso County, CO, USA",2
0d6255eb-9a0e-4c4c-949b-39f8955111c2,67677620,2015-07-04,2015-07-04,-103.4182454646,43.8955762024,1321.0,,12.2,30.0,0.0,9.3,,1009.5,Amanita muscaria,Keystone,1
2d9341d6-c6ba-49c1-9b20-b0fc0c1e282c,66977842,2017-08-11 08:01:00-06:00,2017-08-11,-106.2602570533,38.44233621,3509.0,,12.0,22.3,,9.5,,,Amanita muscaria,"Chaffee County, CO, USA",2
1e322131-8c06-4d84-a6bd-b49c8a16dcfd,66345470,2017-09-02 09:31:00-05:00,2017-09-02,-105.8480398225,40.2950154571,2659.0,,,,,,,,Amanita muscaria,"Grand County, CO, USA",2
ebb82ad9-7191-473b-8b4a-eb92024ad488,65080283,2008-08-11 15:26:00-10:00,2008-08-11,-106.5006704734,37.2272834757,2765.0,,,,,,,,Amanita muscaria,"Conejos County, CO, USA",2
2589faa1-f244-4769-a0e0-b395641cb13a,64901270,2013-08-17 14:15:00-05:00,2013-08-17,-105.5308331,40.2338736,2594.0,,14.2,38.1,,2.4,,,Amanita muscaria,"Meeker Park, Allenspark, CO 80510, USA",1
d07c5035-e57d-4726-b17c-77992efce8da,64222812,2013-08-17 12:50:00-05:00,2013-08-17,-105.6575307816,40.2939033635,3141.0,,14.2,38.1,,2.4,,,Amanita muscaria,"Loch Vale, Colorado 80517, USA",1
bab0775d-aa4b-444d-b975-cc920ee09462,63998317,2010-08-13,2010-08-13,-105.7635,39.89235,2762.0,,20.0,33.0,,9.1,,,Amanita muscaria,"YMCA Snow Mountain Ranch, Winter Park, Colorado, USA",5
471af2e8-fa8d-4957-9525-10934ec79116,63998299,2010-08-13,2010-08-13,-105.7635,39.89235,2762.0,,20.0,33.0,,9.1,,,Amanita muscaria,"YMCA Snow Mountain Ranch, Winter Park, Colorado, USA",5
b4e6782b-f554-471d-9ffb-da8c0e9aeeda,63824977,2019-08-06 13:58:59-05:00,2019-08-06,-105.3718490601,39.4861030579,2495.0,,15.6,35.0,0.0,10.0,,1013.8,Amanita muscaria,Pine,1
d87205d0-9827-494c-9122-865941c6e73f,63598034,2006-07-29 11:25:00-06:00,2006-07-29,-106.064615171,39.4780696905,3078.0,,8.3,24.4,,7.1,,1009.0,Amanita muscaria,"Breckenridge, CO 80424, USA",2
53e74ff2-eecf-4b28-868b-d9995dfb789a,61362646,2018-10-12 09:57:29-04:00,2018-10-12,-104.9525492227,39.7451656995,1610.0,,0.2,14.2,,10.7,,1014.8,Amanita muscaria,"City Park, Denver, CO, US",3
04a67a4e-1185-45ff-8bff-6487b6d8c37c,60877554,2008-07-25 14:32:00+10:00,2008-07-25,-105.5794058431,40.0798977734,3189.0,,,,,,,,Amanita muscaria,"Boulder County, CO, USA",1
073ac78a-140d-41b4-9f73-16bc1f417c7f,60483849,2019-08-07 12:28:43-06:00,2019-08-07,-105.44486167,39.87641167,2745.0,,,,,6.5,,,Amanita muscaria,"Golden Gate Canyon State Park, Black Hawk, CO, US",1
8fa1527e-a3c5-43d9-8ea3-af5f8ec761c4,59727383,2006-07-09 08:12:21-07:00,2006-07-09,-105.1014282884,40.5851292019,1543.0,,14.0,17.0,,10.9,,,Amanita muscaria,"City Park, Fort Collins, CO, US",2
f60fd1e1-6e37-4add-9040-e8019b349d9f,58298442,2010-08-08 15:41:00-04:00,2010-08-08,-105.8474211,40.4332309,2889.0,,,,,,,,Amanita muscaria,"Colorado River Trail, Estes Park, CO, USA",1
4745a005-21ce-42d4-b477-44ebe37afd9c,57875373,2020-08-27 11:41:00-06:00,2020-08-27,-105.1057026692,38.8673127816,3260.0,,12.5,30.8,,11.8,,1009.2,Amanita muscaria,"Teller County, CO, USA",1
e55d8bf0-f9a0-465c-892c-1560e99a9d12,57826663,2007-08-04 00:02:00+00:00,2007-08-04,-105.5457347538,40.0156443077,3022.0,,,,,,,,Amanita muscaria,"Boulder County, CO, USA",1
ee27c99e-7268-4453-8109-7eba5231b65c,57063996,2020-08-19 14:38:34-06:00,2020-08-19,-108.108297893,38.6205512601,1673.0,,18.5,39.0,,9.0,,,Amanita muscaria,"Cedar Rd, Delta, CO, US",2
bbea6c7a-52f0-4097-b678-cc502151e63e,57063899,2020-08-19 14:38:40-06:00,2020-08-19,-108.3861305895,37.5142058077,2194.0,,,,,,,,Amanita muscaria,"San Juan National Forest, Dolores, CO, US",3
6b5103f7-e3a9-40b6-b5e4-3c92c5daf72b,57021280,2020-08-19 15:48:10-06:00,2020-08-19,-105.7513155997,39.8567746,2888.0,,,,,5.5,,,Amanita muscaria,"Winter Park, CO 80482, USA",1
6fc413b1-5333-4c9b-a1d0-5e38ac1a15c9,56897598,2015-08-12 15:11:00-05:00,2015-08-12,-107.204144563,38.8568188341,3082.0,,12.0,24.0,,5.4,,,Amanita muscaria,"Condado de Gunnison, Colorado, EE. UU.",1
0d5fc6dc-f4fb-4d01-b5ea-1e41e4934570,56596332,2019-08-16 12:04:18-07:00,2019-08-16,-105.44587,39.873,2787.0,,,,,,,,Amanita muscaria,"Golden Gate Canyon State Park, Black Hawk, CO, US",1
eb6d0b2a-64c8-47e6-b674-6dcf819c6013,56457477,2020-07-31 15:07:19+00:00,2020-07-31,-107.6709438884,37.8266770271,2996.0,,12.0,24.0,,6.6,,,Amanita muscaria,"CO, US",2
2a382036-072a-41f9-9033-3c50902bcecd,56387965,2020-08-11 14:30:12-06:00,2020-08-11,-106.0509805,39.435055,3184.0,,3.3,22.8,0.0,9.7,,1013.2,Amanita muscaria,"White River National Forest, Breckenridge, CO, US",1
7802bfa6-a8f0-4bf8-925b-ddad188b640f,55950791,2020-08-08 11:54:10-06:00,2020-08-08,-105.6839286448,39.9130944283,3542.0,,3.0,27.6,,,,,Amanita muscaria,"Arapaho & Roosevelt National Forests Pawnee National Grassland, Idaho Springs, CO, US",1
c0dc2b46-5cb0-4b6c-bd36-9a08ee53f79e,55676044,2020-07-25 11:24:59+00:00,2020-07-25,-105.67356167,39.88576333,3090.0,,,,,,,,Amanita muscaria,"Arapaho & Roosevelt National Forests Pawnee National Grassland, Idaho Springs, CO, US",1
96e8b0c1-1b1f-4b03-b051-dd1e631ef366,55651038,2019-07-23 10:36:00-06:00,2019-07-23,-105.3896638889,39.5178333333,2739.0,,16.7,31.7,0.0,12.4,,1019.6,Amanita muscaria,"Pine Junction Area, CO, USA",1
ed04e72e-681d-4d9f-869d-8b50be9c4082,55649893,2019-07-23 09:36:00-06:00,2019-07-23,-105.3874936091,39.5218245168,2790.0,,16.7,31.7,0.0,12.4,,1019.6,Amanita muscaria,"Pine Junction Area, CO, USA",1
56d706f1-7ed5-4a06-8e66-407167ad778e,55649892,2019-07-23 21:16:00-06:00,2019-07-23,-105.3887810694,39.5197530532,2740.0,,16.7,31.7,0.0,12.4,,1019.6,Amanita muscaria,"Pine Junction Area, CO, USA",1
101f0209-1960-4db5-a953-7887f94c2df2,55610921,2020-08-03 18:23:14-04:00,2020-08-03,-106.32725,38.4925583333,3480.0,,7.0,16.0,,25.0,,,Amanita muscaria,"Salida, CO 81201, USA",1
a046fa99-98b9-4cb6-9d3d-4a7775f25b0d,55528841,2020-07-31 17:07:02-06:00,2020-07-31,-105.69857833,39.81727167,3426.0,,11.0,19.0,,14.5,,,Amanita muscaria,"Arapaho & Roosevelt National Forests Pawnee National Grassland, Idaho Springs, CO, US",1
8c11f21e-b130-449d-b52f-c6d7b248db7d,55466349,2019-08-03 13:55:28-06:00,2019-08-03,-105.4935653665,40.4882541814,2508.0,,16.1,36.1,,9.5,,1015.8,Amanita muscaria,"Arapaho & Roosevelt National Forests Pawnee National Grassland, Estes Park, CO, US",1
91cf23f3-8ad8-468f-8d55-1a660e4c760c,55413880,2020-08-03 12:42:43-06:00,2020-08-03,-109.252625,42.70529167,2856.0,,17.0,26.0,,9.1,,,Amanita muscaria,"Bridger-Teton National Forest, Boulder, WY, US",2
b6cda861-55ea-4dc7-a6f8-bcbdf1512077,55018157,2012-08-08 03:51:00-07:00,2012-08-08,-106.3205788,38.9244389,4344.0,,,,,5.4,,,Amanita muscaria,"Mt Harvard, Colorado 81211, USA",2
bb2eb1ca-88e0-4f36-8621-c848d5a8d2c5,54878183,2019-07-23 07:57:43-06:00,2019-07-23,-105.39615,39.51109667,2706.0,,16.7,31.7,0.0,12.4,,1019.6,Amanita muscaria,"Staunton State Park, Pine, CO, US",1
1b9c6c55-fe93-4b29-aed7-3177725a1d4e,54570239,2020-07-27 15:49:16-06:00,2020-07-27,-106.0523781411,39.3852755727,3240.0,,7.2,20.0,0.0,7.3,,1017.9,Amanita muscaria,"White River National Forest, Breckenridge, CO, US",1
38960165-614b-4569-921c-02714b263be8,54368074,2020-07-25 13:27:48-06:00,2020-07-25,-105.6804497167,39.8770321534,3326.0,,,,,,,,Amanita muscaria,"Gilpin County, CO, USA",1
5aa967c9-ea1c-45b0-964c-fe51d4118fe9,54305455,2019-08-02 12:20:46-04:00,2019-08-02,-105.2602742985,38.0933873904,3257.0,,,,,,,,Amanita muscaria,Wet Mountains,1
4cceeec2-cf76-498c-a773-36993142730a,53897983,2020-07-21 13:22:26-06:00,2020-07-21,-106.06581117,39.47482,3132.0,,5.0,22.8,,10.6,,1012.5,Amanita muscaria,"Breckenridge Ski Resort, Breckenridge, CO, US",1
667b33f9-3eb4-4a8a-956f-05f5712661c5,52580713,2020-07-10 08:26:24-06:00,2020-07-10,-106.26808865,38.87090303,3047.0,,9.5,32.0,,13.1,,,Amanita muscaria,"Chaffee County, US-CO, US",2
6c5f6575-ce74-4c4b-a6d0-b93f8c960662,52339786,2017-08-19 17:23:00-04:00,2017-08-19,-105.6836389,40.3427932,2940.0,,2.8,27.6,,8.4,,,Amanita muscaria,"Colorado, USA",1
1793ed7b-e17e-4795-9b18-0e00a89a99c0,52339785,2017-08-19 17:18:00-04:00,2017-08-19,-105.6836389,40.3427932,2940.0,,2.8,27.6,,8.4,,,Amanita muscaria,"Colorado, USA",1
6cc69cda-3502-4dfa-9614-7d927ba806e0,51377891,2020-06-25 10:14:03+00:00,2020-06-25,-107.9367336631,39.0666976247,3315.0,,18.0,34.7,,14.5,,,Amanita muscaria,Grand Mesa,1
bb5d6f42-6f77-4335-a5be-bd2d1d23f514,51160096,2006-08-02 06:55:00-06:00,2006-08-02,-106.9896815796,38.9588242984,2899.0,,8.3,23.3,0.0,8.7,,1015.8,Amanita muscaria,"Gunnison County, CO, USA",1
cec8936c-41c0-4d31-ae2f-2134314cafac,48987999,2019-08-09 15:21:00-06:00,2019-08-09,-104.8297074982,39.1316041268,2282.0,,14.0,30.1,,8.8,,1013.1,Amanita muscaria,"Douglas County, CO, USA",3
5184df50-5111-447f-a9ba-3796965095c6,48987991,2019-08-09 15:09:00-06:00,2019-08-09,-104.8297074982,39.1316041268,2282.0,,14.0,30.1,,8.8,,1013.1,Amanita muscaria,"Douglas County, CO, USA",1
164c7927-e629-4e04-b229-f30e79fa70a3,48944090,2019-08-09 15:09:00-06:00,2019-08-09,-104.8297074982,39.1316041268,2282.0,,14.0,30.1,,8.8,,1013.1,Amanita muscaria,"Douglas County, CO, USA",1
24743147-e43e-4a07-a650-a429da3f611d,48944042,2019-08-09 14:47:00-06:00,2019-08-09,-104.8297074982,39.1316041268,2282.0,,14.0,30.1,,8.8,,1013.1,Amanita muscaria,"Douglas County, CO, USA",2
7c67f87f-bd42-4ca5-abb4-d769720838c1,48944009,2019-08-09 14:46:00-06:00,2019-08-09,-104.8297074982,39.1316041268,2282.0,,14.0,30.1,,8.8,,1013.1,Amanita muscaria,"Douglas County, CO, USA",3
93df5abd-4475-4ac6-8f05-78d126c4cdbb,48944001,2019-08-09 14:44:00-06:00,2019-08-09,-104.8297074982,39.1316041268,2282.0,,14.0,30.1,,8.8,,1013.1,Amanita muscaria,"Douglas County, CO, USA",3
b6b2b77c-5229-4b07-8506-5dedbb6a0dec,48943998,2019-08-09 14:43:00-06:00,2019-08-09,-104.8297074982,39.1316041268,2282.0,,14.0,30.1,,8.8,,1013.1,Amanita muscaria,"Douglas County, CO, USA",3
9c1cf976-da60-449e-9e90-58ffed20e809,48943939,2019-08-07 09:54:00-06:00,2019-08-07,-104.8297074982,39.1316041268,2282.0,,,,,11.4,,1012.2,Amanita muscaria,"Douglas County, CO, USA",1
01aa1566-617b-4184-a77b-398d48f70ecd,47294395,2015-06-16 10:03:00-06:00,2015-06-16,-105.2741777778,39.9592666667,1877.0,,,,,8.6,,,Amanita muscaria,"Boulder County, CO, USA",1
a135db44-d6b3-4ebb-937e-2a23ef860874,47075518,2019-08-02,2019-08-02,-104.9406832271,39.1062830571,2392.0,,13.9,27.6,,9.4,,1017.2,Amanita muscaria,"El Paso County, CO, USA",3
c475f80e-07d9-4961-954c-2610f673168f,46803328,2019-08-18,2019-08-18,-107.9516956955,37.8266755922,3587.0,,10.0,24.0,,7.5,,,Amanita muscaria,"Dolores, CO 81323, USA",1
69ac199f-db90-40ec-8bfc-d00111b4ae21,46149494,2017-08-11 09:28:00-07:00,2017-08-11,-105.6208027778,39.9539222222,2966.0,,12.0,25.0,,4.1,,,Amanita muscaria,"Boulder County, CO, USA",2
94cebe0a-ff0a-4a74-b617-852bf308bb05,44693546,2008-08-06 12:04:00-05:00,2008-08-06,-105.4849160299,36.7542505384,3011.0,,12.0,29.0,,9.5,,,Amanita muscaria,"Taos County, NM, USA",2
392349c0-b734-41f9-8960-a767762845cb,44090455,2019-07-27 13:10:31+00:00,2019-07-27,-105.1250138333,36.420905,2781.0,,8.6,24.7,,7.6,,,Amanita muscaria,"Cimarron, NM, US",2
dbf0a961-9c99-4b77-880b-5ad2ca374d7f,43892627,2017-08-12 18:28:41-06:00,2017-08-12,-106.0889445,39.42126167,3614.0,,2.8,18.9,,9.2,,1016.0,Amanita muscaria,"White River National Forest, Breckenridge, CO, US",1
8a04b025-d005-43f8-8468-4768d815add7,43892460,2017-08-12 16:27:49-06:00,2017-08-12,-106.088975,39.42038667,3646.0,,2.8,18.9,,9.2,,1016.0,Amanita muscaria,"White River National Forest, Breckenridge, CO, US",1
f61ca4fe-03f4-460e-86a8-d5dcb58f6f69,43226070,2020-04-24 19:06:57-06:00,2020-04-24,-105.7888281671,39.9146944068,2697.0,,-1.0,6.2,,13.9,,,Amanita muscaria,"Idlewild Ln, Winter Park, CO, US",2
60de30f1-9b2d-4172-8f1d-10819e4ae75b,42957306,2019-08-15 08:30:33-06:00,2019-08-15,-106.3424952345,39.2648561962,2996.0,,5.0,21.7,0.0,11.6,,1016.2,Amanita muscaria,"Turquoise Lake Rd, Leadville, CO, US",1
f722d82d-0016-4218-b970-58de89360b0f,42004814,2019-08-15 15:36:41-04:00,2019-08-15,-106.0847388333,39.481525,3331.0,,5.0,21.7,0.0,11.6,,1016.2,Amanita muscaria,"Breckenridge Ski Resort, Breckenridge, CO, US",1
e8ca3930-10a3-4779-9475-decf5d872f60,41152938,2019-08-07 17:00:00-07:00,2019-08-07,-105.0447959,36.5672125,2518.0,,6.5,25.0,,9.5,,,Amanita muscaria,"Philmont Scout Ranch, New Mexico 87714, USA",3
7d600805-286a-480d-812e-4d300add69f5,39264173,2006-08-12 13:06:00-10:00,2006-08-12,-105.2705456,40.0149856,1628.0,,,,,,,,Amanita muscaria,"Boulder, CO, USA",1
4ba61038-2ebb-4038-a210-365ce25e5846,39264168,2006-08-12 10:59:00-10:00,2006-08-12,-105.2705456,40.0149856,1628.0,,,,,,,,Amanita muscaria,"Boulder, CO, USA",1
f0e83135-68cd-46fc-beac-bb7f79b81d27,39236314,2010-08-21 22:13:02+00:00,2010-08-21,-108.04675,37.8177833333,3158.0,,11.0,23.0,,6.1,,,Amanita muscaria,"Dolores County, US-CO, US",1
fc7790a4-68ce-4bf0-bd30-89e7ab86c5e6,37680457,2016-08-20 12:50:13+00:00,2016-08-20,-106.0372402022,39.4735483337,3009.0,,,,,10.5,,1012.3,Amanita muscaria,"White River National Forest, Breckenridge, CO, US",2
271e86f4-19e7-4783-a2b9-85301071b059,37680317,2019-08-16 12:21:58+00:00,2019-08-16,-106.0488186343,39.4815587333,2932.0,,,,,14.5,,1011.7,Amanita muscaria,"White River National Forest, Breckenridge, CO, US",2
39434746-8360-4355-ad33-813c175b64a5,36922835,2019-08-02 13:23:03+00:00,2019-08-02,-105.81478,40.3092466667,2890.0,,,,,,,,Amanita muscaria,"Rocky Mountain National Park, Granby, CO, US",2
61b6f132-975d-42d4-b409-10cfc9c2d4c2,36412331,2019-08-17 14:57:32-06:00,2019-08-17,-105.5386365016,40.4272721735,2536.0,,,,,12.4,,,Amanita muscaria,"Rocky Mountain National Park, Estes Park, CO, US",2
4ed1d23b-af3f-4441-84f5-43946cbbe12e,35978964,2003-09-03,2003-09-03,-106.402007,38.993495,3002.0,,,,,,,,Amanita muscaria,"Clear Creek County, CO, USA",1
90bfe4f4-5cdd-4cf0-b543-67642676e7a6,34565964,2019-07-26 16:44:24+00:00,2019-07-26,-105.4450836182,39.8753509521,2745.0,,,,,5.2,,,Amanita muscaria,"Black Hawk, CO 80422, USA",1
765652ec-8389-4f5e-b8bd-a6bfc9e1b3d7,34338241,2010-09-01 13:22:00-06:00,2010-09-01,-106.7784094128,37.4763356119,3175.0,,,,,,,,Amanita muscaria,"Mineral County, CO, USA",1
a79bcc0c-c174-4530-b9be-4959bf2f8e9c,34232427,2019-08-11 15:27:04-07:00,2019-08-11,-105.8073666667,39.6909966667,2996.0,,,,,13.5,,,Amanita muscaria,"Arapaho National Forest, Idaho Springs, CO, US",1
281e149d-4cea-49d5-b934-7ea93c85106b,33875598,2019-07-25,2019-07-25,-105.862761,40.3559559722,2711.0,,,,,,,,Amanita muscaria,"Grand County, CO, USA",1
e04dfea7-79e4-42dd-9fa8-07e3e2028297,32915577,2019-08-03 15:39:49-06:00,2019-08-03,-107.8911997898,39.0745078256,3126.0,,,,,6.3,,,Amanita muscaria,"Grand Mesa National Forest, Collbran, CO, US",1
3be4b7f8-0bba-49dc-a763-fdaf4a40b537,32710638,2019-08-10 11:34:59-06:00,2019-08-10,-105.2208783333,36.44733,2924.0,,10.0,21.0,,6.1,,,Amanita muscaria,"Cimarron, NM, US",2
479af097-1a09-48b9-8052-1b32bdc60b0d,32569629,2019-09-06 12:30:22-06:00,2019-09-06,-106.7226866667,40.867455,3115.0,,8.6,28.4,,5.9,,,Amanita muscaria,"Routt National Forest, Clark, CO, US",1
850c1396-a7ec-40c3-a3c5-fcdab09589df,32308154,2019-08-10 09:41:26-06:00,2019-08-10,-105.7931833333,35.8038366667,3415.0,,16.1,27.8,,10.2,,1012.9,Amanita muscaria,"Santa Fe National Forest, Santa Fe, NM, US",1
d0a5ae65-0951-4d20-bf0e-9d59938a2e60,32147995,2019-08-14 09:28:00-07:00,2019-08-14,-105.3798894212,40.209484211,2094.0,,14.3,33.4,,5.4,,,Amanita muscaria,"Lyons, CO 80540, USA",1
8312a6e3-321f-45e5-a4ef-fe59f5b01d25,32142131,2019-09-03 11:35:00-06:00,2019-09-03,-103.4601216667,43.8517216667,1587.0,,12.8,23.9,0.0,9.1,,1017.7,Amanita muscaria,"Black Hills National Forest, Custer, SD, US",1
bded337d-6314-4193-9c0b-c1d2a462c282,32111007,2019-08-13 11:52:03-06:00,2019-08-13,-106.26068,39.56068,3262.0,,,,,18.6,,,Amanita muscaria,"White River National Forest, Basalt, CO, US",1
91b4881a-9700-4809-83e2-61cd996f39b1,32110361,2019-08-12 18:19:14-04:00,2019-08-12,-104.9125722649,36.7364280375,2315.0,,14.4,28.9,,12.1,,1013.3,Amanita muscaria,"Cimarron, NM, US",2
d4b43309-e16f-41ff-a051-1708366d5567,32101591,2019-08-03 15:05:01-06:00,2019-08-03,-105.8171,39.8805716667,2881.0,,12.0,23.0,,16.2,,,Amanita muscaria,"Arapaho National Forest, Parshall, CO, US",2
2da45624-8517-4942-86c1-2aa87ff287a8,32085062,2019-07-27 12:18:12+00:00,2019-07-27,-105.7169893882,40.4000581377,3497.0,,,,,6.0,,,Amanita muscaria,"Rocky Mountain National Park, Estes Park, CO, US",1
6a24d8c5-91dc-4ee6-a823-1691ace6072e,31939133,2019-08-31 10:58:39-06:00,2019-08-31,-105.4623659191,37.2710743738,2427.0,,8.9,29.4,0.0,9.4,,1017.8,Amanita muscaria,"County Road 76.5, Sanford, CO, US",1
9070a510-fa21-43b2-91da-91125b3dbf14,31937517,2013-08-24 16:28:11-06:00,2013-08-24,-105.5764239281,39.5133584348,2904.0,,,,,,,,Amanita muscaria,"Bailey, CO 80421, USA",1
011c633e-2c85-4a0f-a53c-90a9f7f5254e,31885255,2019-08-25 12:43:41-06:00,2019-08-25,-105.91326859,39.4827007,3478.0,,12.0,18.0,,28.8,,,Amanita muscaria,"Summit County, US-CO, US",1
c19bdb93-68b5-4141-849f-92630fb3a8a9,31854764,2019-08-20 14:40:48-06:00,2019-08-20,-106.1726867874,39.7022579564,2936.0,,,,,5.1,,,Amanita muscaria,"Summit County, US-CO, US",2
c35686f4-0b2e-4741-9b15-8ed8a1ff5199,31782477,2019-08-06 11:05:44-04:00,2019-08-06,-105.8504416667,40.4235333333,2788.0,,,,,,,,Amanita muscaria,"Rocky Mountain National Park, Granby, CO, US",1
3a9b2f55-8593-49df-a5f5-9a95ea6f094b,31766736,2019-08-25 19:15:56-04:00,2019-08-25,-105.8046716667,40.4932466667,3105.0,,2.3,27.6,,14.2,,,Amanita muscaria,"Long Draw Rd, Bellvue, CO, US",1
e0372740-2c9a-4bef-aaef-30193345e556,31752792,2019-08-24 13:32:00-06:00,2019-08-24,-106.4600362373,37.2422809237,3266.0,,,,,,,,Amanita muscaria,"Colorado, US",1
5ed1cc5d-0f44-4b2c-ba42-51b09ec22b83,31706747,2019-07-31 10:12:09-06:00,2019-07-31,-105.4259841889,39.846090711,2751.0,,15.4,31.5,,5.3,,,Amanita muscaria,"Arvada, CO 80403, USA",2
5cb8763b-fe19-41ab-8f5b-474e43e3c075,31499700,2019-08-24 14:30:48-06:00,2019-08-24,-105.4458916667,39.8720966667,2806.0,,11.6,30.4,,4.3,,,Amanita muscaria,"Golden Gate Canyon State Park, Black Hawk, CO, US",2
d536638d-a434-4804-ae74-5c409e7f3bfe,31499427,2019-08-13 16:01:21-06:00,2019-08-13,-106.064278856,39.3621468963,3517.0,,2.2,20.0,0.0,10.0,,1018.4,Amanita muscaria,"Pike National Forest, Alma, CO, US",3
6d5eb59a-b53f-4cb8-8abf-6d852dfa16c5,31457573,2019-08-24 13:37:30-06:00,2019-08-24,-105.4684580444,39.9168029119,2498.0,,11.6,30.4,,4.3,,,Amanita muscaria,"Colorado, US",1
d3bd6630-a66a-4c94-91be-002c326bbffd,31441460,2019-08-07 12:14:00-04:00,2019-08-07,-105.0920760546,36.4413452179,2765.0,,6.5,25.0,,9.5,,,Amanita muscaria,Philmont Scout Ranch,2
ec1933c5-87ff-4261-a179-910c567da6a6,31428446,2019-08-24 14:30:36-06:00,2019-08-24,-105.44591549,39.87211075,2806.0,,11.6,30.4,,4.3,,,Amanita muscaria,"Gilpin County, US-CO, US",1
c6a0a60d-21a9-4dbd-ae28-5ae99396b6c2,31374479,2019-08-19 20:06:09-06:00,2019-08-19,-107.2110666667,38.8675616667,2957.0,,3.9,28.9,,4.6,,1019.9,Amanita muscaria,"Gunnison National Forest, Somerset, CO, US",1
13330264-14e1-4bfe-b9fb-7f2e0136db09,31338959,2019-08-06 18:29:03-04:00,2019-08-06,-106.1873333333,39.7206533333,2970.0,,,,,10.6,,,Amanita muscaria,"Arapaho National Forest, Silverthorne, CO, US",1
16563151-7729-48fd-b093-1c64574e6712,31306217,2019-08-12 14:39:39-06:00,2019-08-12,-106.9759863196,37.4050991021,2593.0,,,,,,,,Amanita muscaria,"Mineral County, US-CO, US",2
7ca51fa6-07b2-4ed5-8b4d-09720eb8f7c2,31270828,2019-08-13 13:00:10-06:00,2019-08-13,-105.5657567829,40.6382529368,2638.0,,,,,,,,Amanita muscaria,"Bellvue, CO 80512, USA",1
a2e5b7d3-b1bb-4971-9fef-b9666680032d,31261933,2019-08-20 11:11:45-06:00,2019-08-20,-106.7872144003,37.4702680344,3218.0,,,,,,,,Amanita muscaria,"Mineral County, US-CO, US",1
fa1d4492-e296-425e-92cc-8fb8453dabc6,31261259,2019-08-21 10:26:24-06:00,2019-08-21,-105.1133583333,38.8733716667,3162.0,,15.5,26.6,,15.0,,1014.3,Amanita muscaria,"Pike National Forest, Divide, CO, US",1
d4484ff4-1cef-471c-a7ff-9a116e281533,31211522,2019-08-17 17:03:05-06:00,2019-08-17,-108.00314445,39.0280445,3097.0,,16.7,35.9,,10.4,,,Amanita muscaria,"Grand Mesa National Forest, Cedaredge, CO, US",3
ca885e37-7e19-4f23-90be-5b8ebaa35867,31201798,2019-08-18 17:07:01-06:00,2019-08-18,-107.71028,37.72512,3286.0,,10.0,24.0,,7.5,,,Amanita muscaria,"San Juan National Forest, CO, US",1
18592b59-a171-4354-974b-0b389404f9ef,31192827,2019-08-20 12:17:46-06:00,2019-08-20,-106.84846825,37.52713515,3286.0,,,,,,,,Amanita muscaria,"Mineral County, CO, USA",1
b97002b8-8b84-4e85-b819-4a52d6ac55a3,31186652,2019-08-12 08:14:02-06:00,2019-08-12,-105.6678760239,40.323525332,3160.0,,,,,6.3,,,Amanita muscaria,"Rocky Mountain, Rocky Mountain National Park, Rocky Mountain National Park, Larimer County, US-CO, US",2
4aa737ef-fa5e-4d8a-84ad-7d7764502ab1,31161191,2019-08-18 14:38:37-06:00,2019-08-18,-105.809124,40.530363,3161.0,,2.2,27.9,,8.6,,,Amanita muscaria,N40.530363 W105.809124,1
ba70f2d5-26fa-4d95-8cf9-42053de933da,31123553,2019-08-13 14:24:02-04:00,2019-08-13,-105.6492414497,40.3267697033,2999.0,,,,,5.6,,,Amanita muscaria,"Rocky Mountain National Park, Estes Park, CO, US",2
7e40cfa0-14f8-47e5-953c-3f411bac5889,31096356,2019-08-18 10:43:40-06:00,2019-08-18,-106.6180648804,40.4020805359,2920.0,,5.1,29.1,,6.9,,,Amanita muscaria,"Walden, CO 80430, USA",1
27b608ed-7085-4350-b2a7-affc4d3e2e80,31095014,2019-08-18 12:07:05-06:00,2019-08-18,-105.3385995994,39.6391521745,2251.0,,12.8,33.9,0.0,12.4,,1010.6,Amanita muscaria,"Troutdale Village Dr, Evergreen, CO, US",1
b4917ed4-1b28-454c-954a-54deb8351bbf,31093915,2019-08-18 17:04:58-06:00,2019-08-18,-107.7104866667,37.7250583333,3268.0,,10.0,24.0,,7.5,,,Amanita muscaria,"San Juan National Forest, CO, US",1
30a2e6bf-4ee4-4611-970f-8c5de2562dc1,31088330,2019-08-18 15:13:47-06:00,2019-08-18,-106.7723206804,37.2429424804,2540.0,,,,,,,,Amanita muscaria,"Archuleta County, US-CO, US",3
bb97e14e-f702-42ce-bb74-0ee3a6d7a41c,31077655,2019-08-18 12:48:56-06:00,2019-08-18,-105.8498458862,40.4086074829,2776.0,,2.2,27.9,,8.6,,,Amanita muscaria,"Grand Lake, CO 80447, USA",1
6629d572-79ad-4dd7-bd1e-39e808062858,31066827,2019-08-17 15:32:05-06:00,2019-08-17,-105.2090568452,38.8925295094,2840.0,,8.9,31.2,,11.1,,1008.2,Amanita muscaria,"Divide, CO, US",1
a44ee4ff-1b73-4e51-a181-9e0dc1476b3e,31059230,2019-08-17 13:28:26-06:00,2019-08-17,-107.9565803334,38.0065104592,3190.0,,12.0,23.0,,10.8,,,Amanita muscaria,"Telluride, CO 81435, USA",1
a98be81b-e85f-4db3-9b65-bb58f5d5180c,31037330,2019-08-17 12:31:20-06:00,2019-08-17,-105.71325,40.2278883333,3120.0,,,,,9.4,,,Amanita muscaria,"Rocky Mountain National Park, Granby, CO, US",1
0593da87-5ff5-4e54-af09-a89888c89d7d,31035433,2019-08-17 13:04:37-06:00,2019-08-17,-103.4825656356,43.8773044928,1639.0,,11.1,21.1,,10.0,,1007.6,Amanita muscaria,"Pennington County, US-SD, US",2
3ca23dcd-0aae-4b91-87a3-dbe0bd57d5cd,31033417,2019-08-17 14:43:42-06:00,2019-08-17,-105.1929694536,38.8777301297,2858.0,,8.9,31.2,,11.1,,1008.2,Amanita muscaria,"Mueller State Park, Divide, CO, US",1
62d1c00c-dac3-464f-826b-bbd9eb6633af,31026942,2019-08-13 11:34:00-06:00,2019-08-13,-106.835122,37.468755,3472.0,,,,,,,,Amanita muscaria,"Mineral County, CO, USA",2
674f58aa-5fbd-4f5a-b4fe-8f41ef8742b9,30993807,2019-08-04 11:42:48-06:00,2019-08-04,-106.2010283333,39.63712,3330.0,,,,,11.9,,,Amanita muscaria,"White River National Forest, Vail, CO, US",1
97b7cc10-90ac-400c-b4aa-618a1b13aaa1,30991375,2019-08-12 14:39:25-06:00,2019-08-12,-106.9758690475,37.4052952534,2593.0,,,,,,,,Amanita muscaria,"Mineral County, US-CO, US",4
eb2ff79a-e563-49fd-9816-74c818105b3a,30990882,2019-08-13 10:28:42-06:00,2019-08-13,-105.7874616667,35.7894383333,3531.0,,13.3,31.1,,11.6,,1014.8,Amanita muscaria,"Ski Santa Fe, Santa Fe, NM, US",2
d810af80-adb8-41a8-aa07-e4bfabf5451c,30959411,2019-08-02 07:56:25-06:00,2019-08-02,-105.1149669662,36.4271819381,2871.0,,6.7,21.7,,7.0,,,Amanita muscaria,"Cimarron, NM 87714, USA",2
0f10b0ed-4303-4c69-8dc4-948ef363148d,30947424,2019-08-14 15:00:38-06:00,2019-08-14,-104.8943166667,39.1585888333,2236.0,,12.0,25.4,,8.9,,1019.0,Amanita muscaria,"Larkspur, CO, US",1
421da517-3726-41fd-84ed-3e84b037857d,30925124,2019-08-14 09:06:50-06:00,2019-08-14,-105.492295,36.6135716667,3298.0,,11.1,26.7,0.0,11.9,,1022.4,Amanita muscaria,"Carson National Forest, Taos, NM, US",2
764fee58-9f34-48f2-93f6-c518a4dfc416,30913436,2019-08-13 11:24:22-06:00,2019-08-13,-106.890019371,40.5845669714,2308.0,,5.0,27.1,,3.9,,,Amanita muscaria,"Routt National Forest, Steamboat Springs, CO, US",1
bede8364-e0a0-45cd-89d3-374299c7d849,30913087,2019-08-15 09:36:24-06:00,2019-08-15,-106.6102712015,37.4793831313,3366.0,,,,,,,,Amanita muscaria,"Rio Grande National Forest, South Fork, CO, US",1
f88d21ba-e4cb-427a-bf58-3d5ad9f09b3c,30903744,2019-08-13 12:00:11-06:00,2019-08-13,-106.47252542,39.24684812,3324.0,,2.2,20.0,0.0,10.0,,1018.4,Amanita muscaria,"Lake County, US-CO, US",2
43e6b03e-08f5-44a7-8c7a-8f6b1a2571ef,30903647,2019-08-13 10:56:57-06:00,2019-08-13,-106.48702027,39.24391889,3585.0,,2.2,20.0,0.0,10.0,,1018.4,Amanita muscaria,"Lake County, US-CO, US",2
e82608c6-90e0-4647-b27c-4f9018062161,30899923,2019-08-14 09:24:16-06:00,2019-08-14,-105.6364583333,40.4326466667,2945.0,,,,,10.1,,,Amanita muscaria,"Rocky Mountain National Park, Estes Park, CO, US",1
f8949838-ab48-44f8-9763-6aa24e3ad738,30842590,2019-08-14 07:31:18-06:00,2019-08-14,-105.5451872498,39.961124969,2654.0,,,,,10.1,,,Amanita muscaria,"Nederland, CO, US",1
5284ab46-f6ea-43b6-8fc2-9a73eda81fd1,30839686,2019-08-14 11:59:14-06:00,2019-08-14,-106.0365982056,39.413898468,3299.0,,2.8,21.1,0.0,10.2,,1019.3,Amanita muscaria,"Blue River, CO 80424, USA",2
a597f6b4-91a9-4964-9443-ced25ca312c8,30805211,2019-08-10 18:56:03-06:00,2019-08-10,-106.65811101,40.29082004,2901.0,,11.0,28.2,,2.4,,,Amanita muscaria,"Routt County, US-CO, US",2
c48568b3-98d9-4835-8846-3190b8869053,30792300,2019-08-13 15:24:56-06:00,2019-08-13,-105.43844782,36.57215709,3181.0,,3.1,24.9,,5.6,,,Amanita muscaria,"Taos County, US-NM, US",1
b114e5e2-3d5f-4f2d-a257-38c2bf989865,30788536,2019-08-10 09:29:41-06:00,2019-08-10,-105.05709707,36.399805,2803.0,,10.0,21.0,,6.1,,,Amanita muscaria,"Colfax County, US-NM, US",2
27e4dc99-756a-46a6-9f35-00ff0b3efd69,30779014,2019-08-12 19:53:34-06:00,2019-08-12,-106.9916216667,38.96518,2986.0,,10.0,25.0,,9.9,,1015.1,Amanita muscaria,"Gunnison National Forest, Crested Butte, CO, US",3
2bd79af8-5fa4-4149-838b-c43222c3b06a,30749372,2019-08-11 15:25:16-06:00,2019-08-11,-105.625825,40.3346166667,2737.0,,,,,3.4,,,Amanita muscaria,"Rocky Mountain National Park, Estes Park, CO, US",1
0c3b438f-39ab-403d-96af-94a9cb6b1c15,30749279,2019-08-12 15:55:32-06:00,2019-08-12,-105.6173333333,39.9484583333,3026.0,,,,,6.3,,,Amanita muscaria,"Nederland, CO, US",2
2ea01009-bbfe-4fd0-a446-b4db96747e2b,30735144,2019-08-11 13:16:41-06:00,2019-08-11,-105.8032010832,35.7922316833,3140.0,,15.0,27.8,,13.7,,1013.6,Amanita muscaria,"Ski Santa Fe, Santa Fe, NM, US",1
018973a0-b4a1-4c82-8cff-347e3e21e800,30732063,2019-07-20 09:06:20-06:00,2019-07-20,-105.4117660522,39.8581809998,2696.0,,16.3,30.6,,9.2,,,Amanita muscaria,"Black Hawk, CO 80422, USA",1
0c89fa43-3e34-409f-9e1b-e9e8dd72817c,30723957,2019-08-12 12:45:58-06:00,2019-08-12,-105.0450974901,37.2633816891,2700.0,,,,,,,,Amanita muscaria,"81091, Weston, CO, US",1
1034d01b-c495-41a2-99c7-6ec8308cda5f,30722559,2019-08-11 11:35:00-06:00,2019-08-11,-106.2128222222,39.6243138889,3075.0,,,,,13.5,,,Amanita muscaria,"Eagle County, CO, USA",1
f8bf35c1-af59-42b3-9f72-acbd00ffb1c1,30713911,2019-08-12 14:11:36-06:00,2019-08-12,-106.0774245199,39.6550129356,2646.0,,,,,,,,Amanita muscaria,"Arapaho National Forest, Silverthorne, CO, US",1
dbc0d4d9-5381-4b8b-9e41-a1d9674a2b2b,30703296,2019-08-09 11:35:48-06:00,2019-08-09,-109.245605,38.4862166667,3103.0,,,,,,,,Amanita muscaria,"Manti-La Sal National Forest, Moab, UT, US",3
01bddc8b-d92c-456d-aee3-f88f255233ef,30703257,2019-08-09 11:35:42-06:00,2019-08-09,-109.24572,38.48647,3103.0,,,,,,,,Amanita muscaria,"Manti-La Sal National Forest, Moab, UT, US",3
c9999585-cf41-44b8-a68c-e5d4d12a6eac,30693175,2019-08-11 14:06:00-06:00,2019-08-11,-107.6382760927,39.0815036058,3047.0,,21.5,30.0,,8.2,,,Amanita muscaria,"Delta County, CO, USA",2
fd76c45f-8d8f-47d3-9cad-7d9b0685de87,30692103,2019-08-10 15:41:58-06:00,2019-08-10,-105.7956,39.9055116667,2766.0,,,,,4.9,,,Amanita muscaria,"Arapaho National Forest, Winter Park, CO, US",1
c4e4a502-ceff-4fee-9934-76b81acee7d1,30663543,2019-08-11,2019-08-11,-106.3151307377,41.330888333,3133.0,,12.0,26.0,,14.3,,,Amanita muscaria,"Albany County, WY, USA",1
d427660f-dabf-4e78-b456-91dbcbca3646,30654804,2019-08-10 14:42:21-06:00,2019-08-10,-106.0652555,39.3620916667,3533.0,,10.0,21.1,,9.0,,1012.1,Amanita muscaria,"Pike National Forest, Alma, CO, US",1
5d3fd42d-3df1-4ecd-b75d-13d9fe6fa30c,30642177,2019-08-11 12:15:55-06:00,2019-08-11,-105.5666716667,40.2075283333,2601.0,,,,,3.4,,,Amanita muscaria,"Rocky Mountain National Park, Ward, CO, US",1
a1b56239-9945-42d8-a341-6488b204bf7c,30639498,2019-08-11 11:33:35-06:00,2019-08-11,-105.788345,35.8105716667,3189.0,,15.0,27.8,,13.7,,1013.6,Amanita muscaria,"Santa Fe National Forest, Santa Fe, NM, US",3
6ca2292c-02d9-4995-bab7-72404b5f5cb0,30615871,2019-08-02 10:40:00-05:00,2019-08-02,-105.5005483,40.1512114,2781.0,,16.5,33.1,,3.7,,,Amanita muscaria,"Boulder County, CO, USA",1
5d2c00e5-4193-4fee-9590-329e320cc5c3,30613873,2019-08-10 10:38:41-06:00,2019-08-10,-105.6429883333,40.3411366667,2872.0,,,,,4.9,,,Amanita muscaria,"Rocky Mountain National Park, Estes Park, CO, US",2
197ac5e5-b966-44d4-8e75-214283e42cc4,30613620,2019-08-07 16:22:40-06:00,2019-08-07,-105.5927366667,40.1960966667,2782.0,,,,,8.2,,,Amanita muscaria,"Rocky Mountain National Park, Ward, CO, US",1
87dafdfc-b989-4b96-a454-9c2819d695e5,30610280,2019-08-11 08:06:39-06:00,2019-08-11,-105.8564844356,39.7065561125,3286.0,,,,,13.5,,,Amanita muscaria,"Arapaho National Forest, Idaho Springs, CO, US",1
7533e1a7-2c8c-4936-8863-e746d5a145b0,30609560,2019-08-09 08:48:41-06:00,2019-08-09,-105.50847,40.3720866667,2315.0,,17.8,37.1,,5.9,,,Amanita muscaria,"415 Stanley Ave Thru, Estes Park, CO, US",1
39fe70b5-1669-4651-8e20-239b52f61889,30575466,2019-08-10 08:49:00-06:00,2019-08-10,-105.4194411809,39.8427753539,2694.0,,19.6,31.2,,5.8,,,Amanita muscaria,"Gilpin County, CO, USA",1
b8ca0cf2-832f-44ae-b03e-312d817db90a,30570066,2019-08-06 12:26:43+00:00,2019-08-06,-105.8933305848,40.3660442358,2932.0,,,,,,,,Amanita muscaria,"80446, Granby, CO, US",1
cfcd6cc2-e59c-4959-828b-7b3dbe7f39a9,30566711,2019-08-09,2019-08-09,-105.6637439132,39.3473756797,3048.0,,,,,,,,Amanita muscaria,"Jefferson, CO 80456, USA",2
a884b4dc-9641-4fab-9eb5-3eec90e80a0b,30565320,2019-08-08,2019-08-08,-105.6481223926,39.3616939415,3194.0,,,,,,,,Amanita muscaria,"Jefferson, CO 80456, USA",2
a895755c-24dc-4efe-89b3-bca225e2a8b4,30561184,2019-08-09 16:46:07-06:00,2019-08-09,-105.4403133333,39.6896833333,2620.0,,,,,,,,Amanita muscaria,"80452, Idaho Springs, CO, US",1
1b54c0cc-ba59-4455-a931-60fcd23dac61,30543164,2019-08-03 11:21:32-06:00,2019-08-03,-105.4912460224,40.1016021241,2735.0,,15.5,36.2,,5.7,,,Amanita muscaria,"Boulder County, US-CO, US",2
26f3e062-8487-4544-ad0d-8c3ff4195b5c,30540965,2019-08-09 11:33:52-06:00,2019-08-09,-106.0791039337,39.4025913639,3362.0,,6.1,21.7,,7.9,,1013.9,Amanita muscaria,"Arapaho National Forest, Breckenridge, CO, US",1
7102911e-86f0-4836-89d1-ce9eded25877,30521806,2019-08-09 14:42:24-06:00,2019-08-09,-105.85660967,39.76747677,3271.0,,,,,,,,Amanita muscaria,"Clear Creek County, US-CO, US",1
9179fa65-d0cf-4b10-a555-6652fe2f1e12,30511255,2019-08-05 08:18:15-06:00,2019-08-05,-105.1456832886,37.3201332092,3266.0,,,,,,,,Amanita muscaria,"La Veta, CO 81055, USA",2
95b8b5c1-c886-403d-a2c4-c4688732eda5,30504733,2019-08-09 15:38:13-06:00,2019-08-09,-105.8031921387,35.7818374634,3254.0,,17.2,30.0,,10.1,,1011.5,Amanita muscaria,"Nambe, NM 87506, USA",2
66dd6342-162b-4f94-9662-157f0ec5946f,30489148,2019-08-09 11:03:39-06:00,2019-08-09,-105.1767017625,36.5267965342,2400.0,,12.0,23.4,,6.8,,,Amanita muscaria,"Cimarron Canyon State Park, Cimarron, NM, US",1
dbff7ebb-68ae-4458-aad6-26de651fb8b6,30465629,2019-07-31 13:34:04-06:00,2019-07-31,-107.0714530469,40.169189251,2920.0,,,,,,,1018.0,Amanita muscaria,"Colorado, US",1
9a6f3d69-4e44-4bfe-9a21-5ecae12b012f,30457252,2019-08-07 17:22:02-06:00,2019-08-07,-106.5903552622,35.8681210381,2601.0,,15.6,26.4,,6.1,,,Amanita muscaria,"Jemez Springs, NM 87025, USA",1
c1156472-23c2-4864-88db-cc31f81d458c,30448261,2019-08-07 12:37:21-05:00,2019-08-07,-105.5240113659,36.5477866008,2795.0,,11.7,30.0,0.0,11.7,,1017.9,Amanita muscaria,"Carson National Forest, Taos, NM, US",1
30785de2-db0c-4d88-917d-a96f2226809c,30441551,2019-08-08 11:12:10-06:00,2019-08-08,-106.80677,37.53762,2837.0,,,,,,,,Amanita muscaria,"Rio Grande National Forest, South Fork, CO, US",1
51667a37-2ce1-47f9-902f-267362b48eea,30441531,2019-08-08 11:02:24-06:00,2019-08-08,-107.00284445,38.0605583333,2945.0,,,,,,,,Amanita muscaria,"Gunnison National Forest, Lake City, CO, US",1
e6554475-33f3-444c-aa0d-4cb00d5bbec9,30406455,2019-08-04 14:22:10-06:00,2019-08-04,-106.3506866667,38.70137,3068.0,,9.8,26.3,,9.7,,,Amanita muscaria,"San Isabel National Forest, Nathrop, CO, US",2
171c7de8-3146-4c45-be23-f7972e60d256,30367784,2019-07-09 07:56:00-06:00,2019-07-09,-105.389715,39.5197283333,2767.0,,12.2,31.7,0.0,11.0,,1013.7,Amanita muscaria,"Pine Junction Area, CO, USA",1
33033353-b1c8-46fe-ad6c-2c0b9b7118d2,30353926,2019-08-06,2019-08-06,-106.7022083333,40.7624383333,3033.0,,9.8,30.4,,6.4,,,Amanita muscaria,Clark,2
a87df63c-3efb-4846-9fe6-89930d33d64c,30338713,2019-08-05 11:08:27-06:00,2019-08-05,-105.5791333333,39.6028583333,3188.0,,,,,,,,Amanita muscaria,"Arapaho National Forest, Evergreen, CO, US",2
632f470d-6b6d-4bd6-a9b3-5b1cf1e0d161,30311871,2019-08-05 12:48:06-06:00,2019-08-05,-105.8226090577,40.4100975674,3240.0,,,,,,,,Amanita muscaria,"Rocky Mountain, Rocky Mountain National Park, Rocky Mountain National Park, Grand County, US-CO, US",2
aca3c449-455e-49e2-8e98-48548f768a0d,30282519,2019-08-05 12:48:39-06:00,2019-08-05,-105.1848678589,38.9080429077,2936.0,,18.1,29.3,,15.9,,1015.0,Amanita muscaria,"Florissant, CO 80816, USA",1
9bff8b2d-fc67-4066-94da-770631075bc3,30243675,2019-08-03 16:37:50-06:00,2019-08-03,-105.824256897,40.3101577759,2845.0,,,,,,,,Amanita muscaria,"Grand Lake, CO 80447, USA",1
728e8d5c-ec9e-4914-8034-5d2da7db173b,30227071,2019-08-03 19:16:00-06:00,2019-08-03,-105.0640540471,39.0051870283,2564.0,,12.6,28.9,,10.9,,1017.4,Amanita muscaria,"Woodland Park, CO 80863, USA",2
32a9060e-a6de-444c-a995-6e057c92c751,30216398,2019-08-04 11:01:54-06:00,2019-08-04,-105.8398283723,40.3440836804,2985.0,,,,,,,,Amanita muscaria,"Rocky Mountain National Park, Granby, CO, US",1
68dacae9-9eb0-42ee-8d41-c7d9b330479b,30215639,2019-08-03 12:44:30-06:00,2019-08-03,-105.6312783333,39.623725,3509.0,,,,,,,,Amanita muscaria,"Arapaho National Forest, Idaho Springs, CO, US",1
17319895-93ab-4d65-81ab-8036eb5b2db2,30210096,2019-08-01 09:46:35-04:00,2019-08-01,-106.0988726467,39.3903024867,3742.0,,5.0,18.9,,6.6,,1017.5,Amanita muscaria,"Blue River, CO 80424, USA",1
756dbab3-c88c-4c0c-81ef-44860993273e,30195341,2019-08-02 12:22:11-06:00,2019-08-02,-105.9112737515,39.8482359667,2934.0,,,,,,,,Amanita muscaria,"Grand County, US-CO, US",2
00fc3093-3080-4a03-8554-55b524d8acdc,30193323,2019-08-04 12:04:07-06:00,2019-08-04,-106.0606883,39.36097175,3534.0,,6.7,22.2,,9.9,,1018.5,Amanita muscaria,"Park County, US-CO, US",1
cc6340d5-a601-46ad-b96b-cef79fc15e51,30188091,2019-08-01 11:18:06-06:00,2019-08-01,-105.8565139771,39.7065048218,3286.0,,12.0,15.0,,15.9,,,Amanita muscaria,"Montezuma, CO 80435, USA",1
ade7fce5-e6cb-4757-8006-9036ecb48264,30139399,2019-08-03 10:07:10-06:00,2019-08-03,-105.8015551418,35.8007817082,3266.0,,16.7,31.7,,15.7,,1015.7,Amanita muscaria,"Nambe, NM 87506, USA",1
3937df92-ad2a-4d15-9bc5-7761bbc40e31,30117186,2019-08-03 10:51:43-06:00,2019-08-03,-105.428025,35.7989216667,2440.0,,13.3,27.2,,13.3,,1018.0,Amanita muscaria,"Santa Fe National Forest, Las Vegas, NM, US",2
2281cc63-67a6-42dd-ad97-447fce780a0a,30079880,2019-08-02 20:02:08-06:00,2019-08-02,-107.5545182107,38.2657844468,2763.0,,13.9,31.7,0.0,10.6,,1017.4,Amanita muscaria,"394–404 Elk Dr, Cimarron, CO, US",2
3d87fe29-f374-4d5a-a8be-b493c6e9fd8f,30077160,2019-08-02 13:14:20-06:00,2019-08-02,-105.4480514526,39.8761329651,2795.0,,16.5,33.1,,3.7,,,Amanita muscaria,"Black Hawk, CO 80422, USA",1
9818c1a1-ec4e-4ed9-816b-71afb68ee6d0,30072943,2019-07-31 06:47:43-06:00,2019-07-31,-105.2017117937,36.457748491,2972.0,,,,,,,,Amanita muscaria,"87714, Cimarron, NM, US",2
b1f2babd-5753-4333-903c-746f2574a264,30064177,2019-08-01 10:22:26-06:00,2019-08-01,-105.6589133333,40.3924616667,2909.0,,,,,4.9,,,Amanita muscaria,"Rocky Mountain National Park, Estes Park, CO, US",1
2f05eb0e-4885-4817-83c9-fce403cf2f16,30001372,2019-08-01 13:19:05-06:00,2019-08-01,-104.78902627,39.06711743,2283.0,,13.6,30.2,,13.8,,1015.9,Amanita muscaria,"Colorado Springs, CO 80921, USA",1
f5ab1ba9-1d0f-4c64-af7c-99bce7779453,29999516,2019-07-30 14:56:57-06:00,2019-07-30,-105.8014666667,40.86972,2950.0,,,,,,,,Amanita muscaria,"21006–22698 FS Road 336, Red Feather Lakes, CO, US",1
b72f31f4-4459-4b91-b559-45e08edd1533,29998752,2019-08-01 10:45:10-06:00,2019-08-01,-105.8121633333,40.31072,2868.0,,,,,4.9,,,Amanita muscaria,"Rocky Mountain National Park, Granby, CO, US",1
790e5752-853c-4eaf-9556-1ec7dd64398b,29998668,2019-08-01 10:35:02-06:00,2019-08-01,-105.8168333333,40.308605,2886.0,,,,,4.9,,,Amanita muscaria,"Rocky Mountain National Park, Granby, CO, US",1
14e428bb-10bb-440d-a7c0-89db6d107227,29920478,2019-07-28 14:00:39-07:00,2019-07-28,-105.8395238221,40.2177104937,2560.0,,8.7,24.8,,11.1,,,Amanita muscaria,"Grand Lake, CO 80447, USA",2
78ac40d3-369a-4e69-91e3-131793417768,29895689,2019-07-28 11:22:21-06:00,2019-07-28,-105.7779230922,39.9389971152,2770.0,,8.7,24.8,,11.1,,,Amanita muscaria,"80446, Granby, CO, US",1
dc0ca6bd-4469-4942-b04b-3b8f2c3cb24a,29876100,2019-07-29 14:02:11-06:00,2019-07-29,-105.8333271382,40.2808291032,2698.0,,,,,6.1,,,Amanita muscaria,"Rocky Mountain National Park, Granby, CO, US",1
7568c94a-2dae-42d4-8a9a-70889912d9be,29873945,2019-07-30 09:42:11-06:00,2019-07-30,-105.8716283333,35.8176466667,2321.0,,16.7,32.8,0.0,11.6,,1014.0,Amanita muscaria,"Santa Fe National Forest, Santa Fe, NM, US",1
6a800c9c-0cde-48ff-8da6-3a040b6e2ef9,29873081,2019-07-23 12:25:00-04:00,2019-07-23,-105.6615393187,40.3544557295,2927.0,,,,,6.3,,,Amanita muscaria,"Larimer County, CO, USA",1
b20dd794-b24e-46b3-8980-5f02cb10b28e,29865053,2019-07-25 11:21:00-04:00,2019-07-25,-105.6399099852,40.3691054302,3137.0,,,,,4.8,,,Amanita muscaria,"Larimer County, CO, USA",1
69e5230c-4c17-4ecd-aa86-8e23ff2f0e1d,29863134,2019-07-27 09:44:06+00:00,2019-07-27,-104.9932333333,38.883045,2783.0,,14.2,28.2,,11.0,,1015.9,Amanita muscaria,"Pike National Forest, Cascade, CO, US",1
cbb94fd5-15e7-4eb9-b982-bba17b64de3a,29820321,2019-07-28 12:41:04-06:00,2019-07-28,-105.74057888,40.22712573,2926.0,,8.7,24.8,,11.1,,,Amanita muscaria,"Grand Lake, CO 80447, USA",1
14d733f2-a452-46fc-9e51-2783411d3102,29806050,2019-07-29 11:50:44-06:00,2019-07-29,-105.64517221,40.30405826,2964.0,,,,,6.1,,,Amanita muscaria,"Rocky Mountain, Rocky Mountain National Park, Rocky Mountain National Park, Larimer County, US-CO, US",1
c50a7044-e6d0-487e-b206-8ffe58b97212,29798113,2019-07-29 09:18:36-06:00,2019-07-29,-105.3262783333,35.8074633333,2306.0,,12.2,27.8,0.0,11.9,,1016.9,Amanita muscaria,"400 NM-266, Rociada, NM, US",1
f87e6e3c-8786-47d1-b55c-22eced50e470,29785626,2019-07-27 11:14:04-06:00,2019-07-27,-106.50204827,37.27939623,3301.0,,,,,,,,Amanita muscaria,"Conejos County, US-CO, US",1
29d37326-b4f0-4549-83bc-bf29a3f83e71,29764721,2019-07-28 21:47:21-06:00,2019-07-28,-105.576135158,40.264457483,3218.0,,8.7,24.8,,11.1,,,Amanita muscaria,"Rocky Mountain National Park, Estes Park, CO, US",1
a0007ea9-ad85-4826-856c-12851d4072ca,29761740,2019-07-28 15:28:52-06:00,2019-07-28,-105.8822145314,35.818767068,2294.0,,15.6,31.7,0.6,10.9,,1014.0,Amanita muscaria,"Santa Fe County, US-NM, US",2
1be2e50e-c160-4518-ae82-655247194233,29761627,2019-07-28 15:31:40-06:00,2019-07-28,-105.8815552947,35.8188629151,2294.0,,15.6,31.7,0.6,10.9,,1014.0,Amanita muscaria,"Santa Fe County, US-NM, US",1
69e67bde-d69c-4e30-9420-22948c4e193e,29756132,2019-07-27 12:16:34-06:00,2019-07-27,-106.59822602,35.81699185,2449.0,,16.1,26.1,,12.0,,,Amanita muscaria,"Sandoval County, US-NM, US",1
d31b46db-9c4d-440f-9eec-05ebac1543a6,29754407,2019-07-28 11:14:59-07:00,2019-07-28,-105.5759077049,40.2030471122,2651.0,,8.7,24.8,,11.1,,,Amanita muscaria,"Rocky Mountain National Park, Ward, CO, US",2
e3fa67aa-1d06-472a-b219-431073ccc9bc,29740317,2019-07-28 10:52:33-06:00,2019-07-28,-105.8134675965,40.6182716004,2809.0,,,,,,,,Amanita muscaria,"80512, Bellvue, CO, US",1
36758a15-6a80-4aab-a542-d8824a3d362e,29734557,2019-07-28 11:13:16-06:00,2019-07-28,-106.2148595353,40.2115763973,2531.0,,8.7,24.8,,11.1,,,Amanita muscaria,"Arapaho National Forest, Kremmling, CO, US",1
8b1ec878-1f10-4232-bb1b-7e1e2be94f90,29711070,2019-07-27 09:49:07-06:00,2019-07-27,-105.4306301102,36.5572540583,3365.0,,8.6,24.7,,7.6,,,Amanita muscaria,"Taos Ski Valley, NM 87525, USA",1
558f6600-76ec-4074-8eb6-ef00c9421610,29688403,2019-07-27 07:09:27-06:00,2019-07-27,-105.8554564412,40.5808910692,2898.0,,,,,,,,Amanita muscaria,"Larimer County, US-CO, US",2
86061749-c127-4cec-b0b0-87f3d67a80d5,29687857,2019-07-21 14:33:30-06:00,2019-07-21,-105.343170166,39.5197639465,2738.0,,15.0,30.6,3.3,12.3,,1016.9,Amanita muscaria,"Conifer Mountain & Meadows, CO, USA",1
d26bb3d7-dd36-4d63-b208-99c6048dc487,29681648,2019-07-27 09:04:19-06:00,2019-07-27,-105.7953307405,35.7998201662,3379.0,,16.7,29.4,,12.7,,1015.9,Amanita muscaria,"Nambe, NM 87506, USA",1
58f43260-69f7-4de1-9225-2ee8767f3adc,29681541,2019-07-27 11:37:54-06:00,2019-07-27,-105.8411587349,40.3082471337,2706.0,,,,,6.0,,,Amanita muscaria,"Rocky Mountain, Rocky Mountain National Park, Rocky Mountain National Park, Grand County, US-CO, US",2
023f6fc6-ab8d-4ede-915e-defb9418d585,29679094,2019-07-27 12:53:41-06:00,2019-07-27,-105.8758926392,41.1694030762,2236.0,,,,,,,,Amanita muscaria,"Bosler, WY 82070, USA",1
dedb917a-101d-4f7f-98e6-4dfa866b7c98,29673878,2019-07-27 10:35:01-06:00,2019-07-27,-105.3536465158,39.573533374,2572.0,,18.9,30.6,,12.5,,1015.5,Amanita muscaria,"Arapaho National Forest, Evergreen, CO, US",2
c064a9a4-8555-41a2-a5f5-55f20ce24fb2,29669048,2019-07-24 19:36:46-06:00,2019-07-24,-105.8539276123,40.3793487549,2728.0,,,,,,,,Amanita muscaria,"Grand Lake, CO 80447, USA",1
ea90061b-e6c8-476a-b5d1-1eac7b133239,29666028,2019-07-27 12:39:03-06:00,2019-07-27,-105.6039581299,40.2041435242,2855.0,,,,,6.0,,,Amanita muscaria,"Allenspark, CO 80510, USA",1
a06b4d20-f538-409c-aaac-7705aac03f74,29657952,2017-08-24 16:38:07-07:00,2017-08-24,-105.4797366667,40.1099916667,2677.0,,14.0,29.0,,12.2,,,Amanita muscaria,"452 Pine Cone Dr, Ward, CO, US",2
c8982104-3589-409b-b7d1-9335d9cb933c,29654282,2019-07-27 12:46:39-06:00,2019-07-27,-104.7890293138,39.0561004732,2205.0,,14.2,28.2,,11.0,,1015.9,Amanita muscaria,"El Paso County, US-CO, US",2
4300569e-4c61-45b1-a331-79491bde462b,29653528,2019-07-27 12:34:30-06:00,2019-07-27,-104.7881752376,39.0699489798,2293.0,,14.2,28.2,,11.0,,1015.9,Amanita muscaria,"Fox Run Regional Park, Colorado Springs, CO, US",2
ecba1368-2d78-40c3-a436-d6f1cdb43de2,29599111,2019-07-26 12:55:44-06:00,2019-07-26,-105.79023,35.7916116667,3364.0,,15.6,28.3,,13.1,,1016.2,Amanita muscaria,"Ski Santa Fe, Santa Fe, NM, US",1
921f612f-c863-4936-92ed-17ed4b232fb1,29584072,2019-07-25 17:07:58-06:00,2019-07-25,-105.4561843872,36.7765922546,3289.0,,8.5,25.6,,8.0,,,Amanita muscaria,"Questa, NM 87556, USA",1
18245121-44ff-4667-86a5-910184411046,29546273,2019-07-25 16:59:04-06:00,2019-07-25,-105.8328229934,40.2668576481,2678.0,,,,,,,,Amanita muscaria,"Grand Lake, CO 80447, USA",1
4e2c0348-12ad-455d-aebc-cf4a41555cb2,29519257,2019-07-23 10:53:50-10:00,2019-07-23,-105.6432113647,40.3175239563,2971.0,,,,,6.3,,,Amanita muscaria,"Estes Park, CO 80517, USA",2
0fe815ea-3ee0-4898-a630-eacfb4ad14ee,29466902,2019-07-18 20:36:08-06:00,2019-07-18,-105.7907823044,39.9235559165,2704.0,,,,,7.6,,,Amanita muscaria,"293 Kings Crossing Rd, Winter Park, CO, US",2
4a554f15-41cc-4257-8b9b-5ca881f2c73b,29430492,2019-07-23 14:32:53-06:00,2019-07-23,-105.441855,39.8771133333,2764.0,,14.5,30.4,,4.0,,,Amanita muscaria,"Golden Gate Canyon State Park, Golden, CO, US",2
f3ee40b2-052f-4ad9-b881-1e1e273b6acd,29417683,2019-07-21 13:09:17-05:00,2019-07-21,-105.538660943,36.5846478919,2976.0,,8.7,25.6,,6.7,,,Amanita muscaria,"Carson National Forest, Taos, NM, US",2
3752037e-1feb-4588-87f8-f16f19b9ebcf,29270827,2019-07-21 11:41:52-06:00,2019-07-21,-106.3982661813,38.91194433,3981.0,,10.0,30.1,,10.5,,,Amanita muscaria,"Almont, CO 81210, USA",1
e998ff0b-6899-418d-8daf-a6aac5dcf4f3,29249886,2019-07-21 10:21:02-06:00,2019-07-21,-105.84818492,39.93810771,2681.0,,,,,4.8,,,Amanita muscaria,"Fraser, CO 80442, USA",2
2e236f52-b702-490f-97e0-b7afd699bc64,29249715,2019-07-20 15:21:16-06:00,2019-07-20,-105.8477235,39.93862292,2678.0,,,,,8.4,,,Amanita muscaria,"Fraser, CO 80442, USA",1
ec19292d-1103-4c0f-923c-76a93eaf51b2,29117698,2019-07-18 18:23:43-06:00,2019-07-18,-105.36773,39.8637966667,2532.0,,13.0,37.0,,7.9,,,Amanita muscaria,"Blue Mountain, Golden, CO, US",1
0e084d08-037c-4f58-aef1-9d185176a374,29059038,2019-07-13 09:25:28-06:00,2019-07-13,-105.5249871896,40.1298757219,2656.0,,15.0,33.5,,7.3,,,Amanita muscaria,"13–671 County Road 92J, Ward, CO, US",1
6ceed7ba-6e4f-4e3f-81a4-c0c6e7662cb0,29052535,2019-07-16 13:58:34-06:00,2019-07-16,-105.20553343,40.5694261962,2082.0,,14.4,35.0,,9.0,,1010.4,Amanita muscaria,"Fort Collins, CO 80526, USA",1
63f42358-8f77-4d65-8963-3123db25d928,29008900,2019-07-16 12:14:48-06:00,2019-07-16,-106.9559913129,40.8061815878,2464.0,,9.6,29.8,,4.2,,,Amanita muscaria,Steamboat Lake State Park,1
f746710a-3819-421f-959e-fb9ffa93d6eb,28918216,2019-07-10 14:59:01-06:00,2019-07-10,-105.4038772583,40.430519104,2512.0,,,,,,,,Amanita muscaria,"Drake, CO 80515, USA",2
497359c5-787f-4f4d-9cf5-6e70af6142aa,28818701,2019-07-14 13:49:42-06:00,2019-07-14,-105.48055278,39.88299797,2733.0,,,,,8.7,,,Amanita muscaria,"Black Hawk, CO 80422, USA",2
dc5928be-e2dc-40d3-9708-b55f6b4b5eb2,28751150,2019-07-13 13:40:06-06:00,2019-07-13,-105.50036891,40.01119003,2695.0,,15.0,33.5,,7.3,,,Amanita muscaria,"Boulder County, US-CO, US",1
b9683c41-ee7d-4d18-9ca0-99cfed45693e,28735702,2019-07-11 15:45:20-06:00,2019-07-11,-106.83166707,40.29270873,2383.0,,8.5,29.6,,4.0,,,Amanita muscaria,"Colorado, US",2
a7548c6b-f30e-47b0-9efb-0ac54cce038b,28503560,2019-07-07 11:56:00-06:00,2019-07-07,-105.2637638889,39.9264944444,1825.0,,13.7,30.7,,7.6,,,Amanita muscaria,"Boulder County, CO, USA",1
9bf58a97-4cb8-4211-86a4-5f085810866c,28481666,2019-07-08 15:23:52-06:00,2019-07-08,-106.5670094859,35.8178737361,2532.0,,14.6,27.0,,10.2,,,Amanita muscaria,"Jemez National Recreation Area, Jemez Springs, NM, US",3
e3438b63-d36f-4c37-8e28-5daebfe1a31d,28457917,2019-07-07 09:25:27-06:00,2019-07-07,-104.66699171,38.99930018,2264.0,,10.0,26.0,,11.4,,,Amanita muscaria,"El Paso County, US-CO, US",2
871b991d-5e9a-48af-abbb-30465c607501,28441262,2019-07-08 09:30:53-06:00,2019-07-08,-106.44023,39.58995,2466.0,,,,,,,,Amanita muscaria,"81621, Basalt, CO, US",2
6e25fd49-b1e5-454f-8832-4fb79534c3e6,28441144,2019-07-08 10:16:48-06:00,2019-07-08,-105.29673,39.9909666667,2106.0,,14.5,28.6,,3.9,,,Amanita muscaria,"Boulder Mountain Park, Boulder, CO, US",2
691ef0a0-52fd-47dd-afbb-3e83cbadf4ce,28332917,2019-07-06 11:35:58-06:00,2019-07-06,-106.1060778333,39.639095,2884.0,,8.0,16.0,,18.0,,,Amanita muscaria,"Arapaho National Forest, Silverthorne, CO, US",1
1f552777-74a5-45f8-90b3-a7c93fa20d1a,28320905,2019-07-04 14:40:52-06:00,2019-07-04,-105.8600417845,39.4189203663,3065.0,,1.7,22.2,0.0,11.4,,1009.6,Amanita muscaria,"Park County, US-CO, US",1
a7a2f764-9f30-49e3-b3f7-e3cbd7ef8f3f,28306313,2019-07-06 11:44:37-06:00,2019-07-06,-105.3607695798,39.7177896945,2209.0,,13.5,26.3,,4.1,,,Amanita muscaria,"31201–31671 US Highway 40, Evergreen, CO, US",1
b4e1952c-6992-4e61-a08c-9f08c738608e,28184266,2019-07-04 10:53:33-06:00,2019-07-04,-105.3297998385,39.8967626179,2536.0,,,,,9.1,,,Amanita muscaria,"Jefferson County, US-CO, US",2
8f2543d1-9562-440f-8528-e51f23943406,27680350,2013-08-12 12:14:00-10:00,2013-08-12,-106.2108305556,38.7481666667,3439.0,,,,,7.6,,,Amanita muscaria,"Chaffee County, CO, USA",1
f84342cc-20e4-4e2c-b79f-bdfd97719632,27628054,2019-06-23 10:44:12-06:00,2019-06-23,-104.7206883333,39.0405361667,2322.0,,5.3,17.6,,14.2,,1013.3,Amanita muscaria,"14410 Holmes Rd, Colorado Springs, CO, US",2
9cc924ee-9b9c-4abb-9b4e-21ea09286d06,26789044,2019-06-10 16:23:31-06:00,2019-06-10,-104.7381196171,39.3276032052,2020.0,,5.0,18.0,,26.5,,,Amanita muscaria,Castlewood Canyon State Park,2
9d1c6e83-731c-45d4-a16e-7a1279830bae,25978127,2017-08-14,2017-08-14,-105.9640583333,39.418275,3575.0,,2.8,18.3,,8.7,,1011.2,Amanita muscaria,"Summit County, CO, USA",1
516a64bc-1539-45f6-bf3f-9c6ecb796414,25067339,2018-08-07 19:42:00-06:00,2018-08-07,-103.4168730442,43.8030666468,1440.0,,9.4,26.1,0.0,8.9,,1017.0,Amanita muscaria,"Custer County, SD, USA",2
6e14891a-f10d-4c6b-86c6-6e9502c904d4,21767010,2012-08-28 04:47:12+00:00,2012-08-28,-107.1657159179,37.4742543425,2597.0,,,,,,,,Amanita muscaria,"Hinsdale County, CO, USA",1
8341f018-69b9-47f6-851d-077ed3ad93f5,21402576,2017-08-20 09:12:51-06:00,2017-08-20,-104.886445,39.1631,2277.0,,11.6,28.4,,11.2,,1013.3,Amanita muscaria,"80118, Larkspur, CO, US",1
b79606fb-2029-4fe9-814c-402b7acd1e34,21085666,2017-08-12 19:41:10-06:00,2017-08-12,-105.8529560826,40.247560727,2648.0,,4.1,22.7,,9.0,,,Amanita muscaria,"328 County Road 476, Granby, CO, US",4
d55363f0-9372-4205-a08e-dbf3af4d10ae,20742350,2006-08-11 11:47:00-05:00,2006-08-11,-105.3702252343,36.6855843008,2961.0,,13.0,29.0,,12.0,,,Amanita muscaria,"Taos County, NM, USA",3
fea684cd-d87b-41df-a7fd-cc98add36cd9,20258726,2017-08-04 11:00:00-07:00,2017-08-04,-106.9789321,37.4666731,3560.0,,,,,,,,Amanita muscaria,"Creede, CO 81130, USA",3
17723a73-afab-4f9e-9eb4-c657fcc36b47,20217207,2015-08-05,2015-08-05,-106.7844099199,38.8692025598,3427.0,,6.0,29.0,,7.6,,,Amanita muscaria,"Gunnison National Forest, Almont, CO, US",3
348744a7-754e-47f7-9df3-844f3c846f88,19921288,2015-08-17 11:13:00-04:00,2015-08-17,-107.209220666,38.861910706,3023.0,,12.0,24.0,,9.0,,,Amanita muscaria,"Gunnison County, CO, USA",3
572c8638-8303-4a53-998c-a12adc5dd18e,19186909,2018-08-07 10:34:00-06:00,2018-08-07,-105.648829937,39.900609874,2843.0,,15.0,30.0,,4.7,,,Amanita muscaria,"Gilpin County, CO, USA",1
47842f70-0ea4-4379-8a0c-0c0fe4ea7da3,19049772,2017-08-23 14:07:23-07:00,2017-08-23,-106.0604553223,39.3608627319,3534.0,,2.2,19.4,,8.8,,1018.1,Amanita muscaria,"CO-9, Breckenridge, CO 80424, USA",1
132cc952-2927-4d8d-a76f-e2200456f2a8,18996836,2012-07-30 20:13:00-04:00,2012-07-30,-105.516537,40.398338,2457.0,,,,,9.0,,,Amanita muscaria,"Lumpy Ridge Trail, RMNP",2
1e8dffe9-27b4-4800-b798-fa3c0690f3be,16296502,2018-08-15,2018-08-15,-104.653521,38.864703,1998.0,,13.3,27.2,0.0,14.4,,1013.7,Amanita muscaria,"El Paso County, US-CO, US",1
9c336663-3b08-4ee5-bb54-9e76ca74d0fb,16246660,2018-07-14 11:24:02-06:00,2018-07-14,-105.7181854248,40.703338623,2352.0,,,,,,,,Amanita muscaria,"39201 Poudre Canyon Rd, Bellvue, CO 80512, USA",2
8de34055-2fcd-47a1-9040-cf6b264bca60,16051824,2018-08-15 13:07:36-05:00,2018-08-15,-105.5601114671,40.1735161391,3262.0,,15.0,31.0,,3.6,,,Amanita muscaria,"Colorado, US",1
fec01167-6067-4f63-a4bd-5e4883516b3f,16017949,2018-08-11 07:41:00-06:00,2018-08-11,-105.8333995333,35.8100792549,2780.0,,12.8,26.7,,17.0,,1017.7,Amanita muscaria,"Santa Fe National Forest, Santa Fe, NM, US",2
39e621e6-fd46-4ec8-90a7-54cba81ff987,15959963,2018-08-25 11:09:11-06:00,2018-08-25,-105.8658519409,40.3546148781,2713.0,,,,,,,,Amanita muscaria,"Rocky Mountain National Park, Granby, CO, US",2
370c4f41-3433-47df-991c-55a14dae20ab,15706100,2018-08-16 07:59:51-06:00,2018-08-16,-104.96045,37.8779333333,2482.0,,,,,,,,Amanita muscaria,"San Isabel National Forest, Rye, CO, US",1
70261cdd-2e6b-45a7-9cec-ebcc3bdd932f,15385442,2018-08-10 12:44:35-06:00,2018-08-10,-105.3828716667,36.0342528333,2296.0,,4.3,20.7,,6.3,,,Amanita muscaria,"3489–3499 State Highway 518, Guadalupita, NM, US",3
22f13a15-a83c-4ff9-8fb4-a0ec23abaf03,15372599,2018-08-12 09:59:45-06:00,2018-08-12,-105.784425,35.8088033333,3172.0,,10.0,27.2,0.0,11.9,,1015.8,Amanita muscaria,"Santa Fe National Forest, Santa Fe, NM, US",2
44ce9ade-71dd-4781-b9d4-c05f634371e3,15329584,2018-08-07 10:51:03-06:00,2018-08-07,-105.49447,39.6791416667,3426.0,,15.0,30.0,,4.7,,,Amanita muscaria,"Arapaho National Forest, Idaho Springs, CO, US",1
0acdadb9-cf57-403a-98fd-bff04b83d33a,15246863,2018-08-07 08:26:39-06:00,2018-08-07,-106.17128,39.5182033333,3407.0,,,,,15.3,,,Amanita muscaria,"Arapaho National Forest, Silverthorne, CO, US",1
5875ec9a-b344-4178-9d60-f234f911df33,14486825,2018-07-18 10:35:08-06:00,2018-07-18,-106.1627234505,41.3341629373,2686.0,,,,,,,,Amanita muscaria,"Medicine Bow National Forest, Laramie, WY, US",1
9d1b20b2-a6e4-418b-a625-92db555ddb9e,14367665,2015-06-30 13:09:00-06:00,2015-06-30,-105.3644032236,39.6639675146,2345.0,,16.0,34.0,,7.2,,,Amanita muscaria,"Jefferson County, CO, USA",1
a5d0dbf7-839e-4c60-859b-967438fed17b,14153662,2014-07-28 23:45:00-06:00,2014-07-28,-105.3759143756,39.5076627244,2699.0,,15.6,27.8,,16.5,,1021.2,Amanita muscaria,"Pine Junction Area, CO, USA",1
87d5ec26-2d1b-4f51-a622-6e8a10eccf05,14153658,2014-07-28 21:36:00-06:00,2014-07-28,-105.3763679806,39.5007226784,2563.0,,15.6,27.8,,16.5,,1021.2,Amanita muscaria,"Pine Junction Area, CO, USA",1
1258f1cb-5a60-41d1-9f18-1a3e01a80b3a,13820549,2018-06-23 10:14:42-06:00,2018-06-23,-105.8930892944,40.7450485229,2674.0,,,,,,,,Amanita muscaria,"Jelm, WY 82063, USA",1
3778dbc7-a275-41d7-8d60-e8ec27b83e0a,13297724,2017-08-20 10:35:15-06:00,2017-08-20,-105.948945,40.6940033333,3297.0,,,,,,,,Amanita muscaria,"80512, Bellvue, CO, US",1
c9a836d5-cde1-44d4-9073-6e40f8d2a5ad,12201477,2017-08-12 13:26:44-06:00,2017-08-12,-105.461115092,36.6411473486,3604.0,,12.0,26.1,,9.1,,1019.4,Amanita muscaria,"Taos Ski Valley, NM 87525, USA",2
26c633f2-19ed-4bf9-9915-87008930c0f3,12201462,2017-08-12 14:23:53-06:00,2017-08-12,-105.4528579116,36.6319540526,3684.0,,12.0,26.1,,9.1,,1019.4,Amanita muscaria,"Gold Hill Trail FS 69, Taos Ski Valley, NM 87525, USA",2
6aadb972-90ef-42d8-8ea9-5dcb09508580,11123957,2017-08-05 09:50:00-06:00,2017-08-05,-105.150189,39.290743,2151.0,,15.6,28.3,,13.1,,1010.9,Amanita muscaria,"Douglas County, CO, USA",1
967ed209-b712-454d-8d27-ab28def16d08,10351378,2017-08-30 11:35:33-05:00,2017-08-30,-105.1676452255,39.8414500651,1704.0,,11.4,30.5,,5.4,,,Amanita muscaria,"Leyden Lake, Arvada, CO, US",2
70cc884c-f111-4ff6-a3da-a7820ece48df,9332401,2017-09-02 15:17:54-06:00,2017-09-02,-105.61698,40.30550333,2948.0,,,,,5.4,,,Amanita muscaria,"Rocky Mountain National Park, Estes Park, CO, US",1
c9bb4bd3-1a97-480b-8d26-6b256dfda833,9259049,2017-08-12,2017-08-12,-106.317358017,36.7230626048,2968.0,,,,,,,,Amanita muscaria,"Rio Arriba County, NM, USA",3
4da5e5e8-a473-475f-84d4-b326e4a2d86d,9258948,2017-08-03,2017-08-03,-106.6793274879,40.783141079,2929.0,,10.1,28.3,,8.5,,,Amanita muscaria,"Routt County, CO, USA",3
f8a2c565-24cf-4a00-8a86-3e03ba746e81,9244402,2017-07-29 15:21:00-07:00,2017-07-29,-105.5651432276,40.3371400265,2431.0,,19.7,26.6,,3.5,,,Amanita muscaria,"Larimer County, CO, USA",1
5d83a07b-55ad-417b-a271-652780ff3a82,9150411,2015-07-19 10:47:00-06:00,2015-07-19,-105.6780143358,40.3346143648,2989.0,,13.3,29.6,,3.8,,,Amanita muscaria,"Larimer County, CO, USA",1
2fe41da1-271e-4ede-a667-8786ff08a3cd,8645063,2017-08-03 12:11:38-05:00,2017-08-03,-104.997995,38.8480716667,3016.0,,12.4,18.7,,14.0,,1021.1,Amanita muscaria,"Pikes Peak, Pike Ntl Forest, CO, US",1
c6e087cb-74c3-40f1-a92c-a19f7897151a,8251197,2017-08-07 10:13:22-06:00,2017-08-07,-105.0731988532,38.9249703382,2869.0,,,,,11.4,,1020.6,Amanita muscaria,"Teller County, US-CO, US",2
d8927d3b-be9b-4a29-98cb-53a089490eed,8221013,2017-08-20 12:05:00-07:00,2017-08-20,-105.0512695313,37.9268676015,3449.0,,,,,,,,Amanita muscaria,"Custer County, CO, USA",2
b98452c9-152c-4b92-a5ec-e1a089d65dc5,7928598,2017-09-12 14:07:00-06:00,2017-09-12,-104.8027038574,39.2375716178,2118.0,,9.5,27.8,,10.4,,1015.0,Amanita muscaria,"Douglas County, CO, USA",2
13ec79d3-d529-4ab4-922f-7df99e16a845,7928597,2017-09-12 14:07:00-06:00,2017-09-12,-104.8009872437,39.2362420366,2125.0,,9.5,27.8,,10.4,,1015.0,Amanita muscaria,"Douglas County, CO, USA",1
a2250f9f-fb5c-4fd5-8eef-8df535dfce4a,7928596,2017-09-12 14:07:00-06:00,2017-09-12,-104.8006439209,39.2362420366,2125.0,,9.5,27.8,,10.4,,1015.0,Amanita muscaria,"Douglas County, CO, USA",2
6cde4c7d-1e23-4685-a5bd-d8641a8fd910,7928595,2017-09-12 14:06:00-06:00,2017-09-12,-104.8226165771,39.2386352647,2116.0,,9.5,27.8,,10.4,,1015.0,Amanita muscaria,"Douglas County, CO, USA",2
f4e59095-7efd-4ada-b994-73d554a8fe5a,7864807,2017-09-10 11:20:00-06:00,2017-09-10,-104.7834777832,39.2096451209,2127.0,,14.0,28.8,,11.3,,1017.1,Amanita muscaria,"Douglas County, CO, USA",2
e7c99be2-3987-49ed-a21d-b13f8a6efdb8,7845841,2016-09-11 14:18:36-05:00,2016-09-11,-106.04848098,39.4268589735,3219.0,,2.8,18.9,0.0,12.7,,1015.4,Amanita muscaria,"6061 CO-9, Breckenridge, CO 80424, USA",1
da6614d7-c661-4c3b-acb0-d321fbb87e09,7791316,2012-08-03 11:41:00-06:00,2012-08-03,-105.3709030151,40.1395941079,2379.0,,,,,16.7,,,Amanita muscaria,"Boulder County, CO, USA",1
1b417c93-a302-422c-877d-d00c1cf58ee2,7781220,2017-08-17 13:33:00-07:00,2017-08-17,-105.7525716667,40.4478416667,3570.0,,2.5,23.0,,7.5,,,Amanita muscaria,"Larimer County, CO, USA",1
732e0b73-a8a3-4e86-a63c-8fa958c92c16,7695547,2017-08-15 19:33:52-04:00,2017-08-15,-105.65117,40.301345,3019.0,,,,,8.5,,,Amanita muscaria,"Rocky Mountain National Park, Estes Park, CO, US",2
2157dd2c-ea2b-472e-a7f6-0683ae35207a,7683147,2017-08-23 12:36:00-07:00,2017-08-23,-105.6559245,40.3934705,2900.0,,6.8,25.0,,4.8,,,Amanita muscaria,"Estes Park, CO 80517, USA",1
7582070d-2694-4843-8f47-40e7def4fd9d,7683116,2017-08-23 11:22:00-07:00,2017-08-23,-105.6559245,40.3934705,2900.0,,6.8,25.0,,4.8,,,Amanita muscaria,"Estes Park, CO 80517, USA",1
2edd9b71-91c7-4cef-acaf-255329793b79,7673858,2017-08-24 07:25:00-07:00,2017-08-24,-105.6836389,40.3427932,2940.0,,3.5,21.7,,4.7,,,Amanita muscaria,"Colorado, USA",1
32752a57-97cc-43d2-aa99-35b444e79fcb,7673500,2017-08-25 10:12:00-07:00,2017-08-25,-105.6836389,40.3427932,2940.0,,10.8,33.2,,6.0,,,Amanita muscaria,"Colorado, USA",1
4b935330-9e03-43ee-a1c8-0ae84b7a0c14,7672740,2017-08-25 18:04:45-06:00,2017-08-25,-105.11753471,39.25624268,2679.0,,8.3,27.4,,11.2,,1014.8,Amanita muscaria,"Douglas County, US-CO, US",2
3f080b47-079a-4ea8-91a7-89d798aac0c2,7669927,2017-08-21 18:09:57-06:00,2017-08-21,-106.3172616667,41.3459966667,3263.0,,8.0,27.0,,11.4,,,Amanita muscaria,"Medicine Bow National Forest, Centennial, WY, US",2
31b9b9a8-bb88-4c6d-bbc0-a5b5f3c70ec0,7657067,2017-08-25 13:53:52-06:00,2017-08-25,-105.802925,39.9046883333,2788.0,,,,,7.3,,,Amanita muscaria,"Arapaho National Forest, Winter Park, CO, US",1
62ea51f1-362f-4a19-bda8-43741aef2bce,7611628,2017-08-18 15:00:35-06:00,2017-08-18,-105.0704399185,39.2598089888,2534.0,,10.1,27.9,,11.4,,1016.1,Amanita muscaria,"Pike National Forest, Sedalia, CO, US",1
dd3622ad-6b20-4317-bfdd-6879ad1154a9,7608755,2017-08-22 13:39:00-06:00,2017-08-22,-104.9008083344,39.2085810346,2094.0,,9.4,22.0,,14.9,,1021.3,Amanita muscaria,"Douglas County, CO, USA",2
cd22f61b-e48b-4e69-951b-789a5fc62630,7608749,2017-08-22 13:02:00-06:00,2017-08-22,-104.9005508423,39.2080489855,2075.0,,9.4,22.0,,14.9,,1021.3,Amanita muscaria,"Douglas County, CO, USA",1
ad982fad-11f8-415e-8b87-c3e1243575bc,7608745,2017-08-22 12:52:00-06:00,2017-08-22,-104.8998641968,39.2084480227,2098.0,,9.4,22.0,,14.9,,1021.3,Amanita muscaria,"Douglas County, CO, USA",1
0c2374f6-7205-4f65-b00b-f8805696ee00,7608744,2017-08-22 12:49:00-06:00,2017-08-22,-104.9002075195,39.2080489855,2075.0,,9.4,22.0,,14.9,,1021.3,Amanita muscaria,"Douglas County, CO, USA",2
e9d08de4-f998-4e65-92e9-b75533a72f7b,7608743,2017-08-22 12:49:00-06:00,2017-08-22,-104.8996925354,39.2080489855,2069.0,,9.4,22.0,,14.9,,1021.3,Amanita muscaria,"Douglas County, CO, USA",2
f55b46eb-9920-4b82-9efc-3e7654c06ad4,7580931,2017-08-20 15:01:25-06:00,2017-08-20,-105.5681916667,40.1998033333,2971.0,,,,,7.5,,,Amanita muscaria,"Rocky Mountain National Park, Lyons, CO, US",2
44d44ac7-9d20-40eb-b2cc-089c966bf0d1,7576551,2017-08-17 12:49:00-05:00,2017-08-17,-105.6415271931,40.3084617153,2796.0,,2.5,23.0,,7.5,,,Amanita muscaria,"Larimer County, CO, USA",1
fd11601c-7685-498a-8967-02bceed37b74,7566315,2017-08-19 13:32:58-06:00,2017-08-19,-105.4416730874,39.8754873146,2780.0,,15.0,34.0,,6.6,,,Amanita muscaria,"Golden Gate Canyon State Park, Golden, CO, US",1
5547a2c7-638a-40e8-9250-d12e8645d120,7559442,2017-08-19 08:28:29-06:00,2017-08-19,-105.5206180017,40.1106273533,2840.0,,15.0,34.0,,6.6,,,Amanita muscaria,"1830–2172 County Road 96J, Ward, CO, US",1
49dcedb9-0cc4-402f-ae9e-2ba5c942ca1b,7543936,2017-08-18 11:00:58-06:00,2017-08-18,-105.5222743192,39.9540438317,2613.0,,13.0,31.0,,5.2,,,Amanita muscaria,"80466, Nederland, CO, US",2
513d317b-ade0-4603-bc84-9aaad5cff320,7539232,2017-08-15 06:51:32-06:00,2017-08-15,-106.4395207036,39.5085636112,3327.0,,1.7,16.1,0.0,6.8,,1009.9,Amanita muscaria,"Eagle County, US-CO, US",1
3e76276d-a9f2-4b4d-a0a9-50099db18fac,7526565,2017-08-16 08:30:00-06:00,2017-08-16,-104.8833847046,39.1827720076,2129.0,,11.3,21.8,,11.6,,1014.0,Amanita muscaria,"Douglas County, CO, USA",3
9c0a3efe-f9fd-49a7-9507-3defe46fb7a5,7524231,2017-08-16 22:39:41-06:00,2017-08-16,-105.00714028,38.91463712,2776.0,,11.3,21.8,,11.6,,1014.0,Amanita muscaria,"El Paso County, US-CO, US",1
a8bff289-4333-41b7-abca-75994af3c6c5,7524215,2017-08-16 22:06:39-06:00,2017-08-16,-105.0011061,38.91094913,2717.0,,11.3,21.8,,11.6,,1014.0,Amanita muscaria,"El Paso County, US-CO, US",1
9d5b132d-ef1c-4567-b7cd-e2ee1e073d7e,7499246,2017-08-09 20:16:00-07:00,2017-08-09,-105.8201408386,40.4116008657,3241.0,,,,,6.5,,,Amanita muscaria,"Grand County, CO, USA",2
f5e53fcd-9bc9-42f2-a6c0-8c07dca60ef3,7487013,2017-08-13 19:53:09-06:00,2017-08-13,-106.434018016,36.7476325203,2507.0,,,,,,,,Amanita muscaria,"87575, Tierra Amarilla, NM, US",3
da177af8-2b67-4e4e-a3c2-0754ddcca160,7480960,2017-08-13 14:08:22-06:00,2017-08-13,-105.4295313266,39.6910878551,2598.0,,15.0,30.0,,5.9,,,Amanita muscaria,"Clear Creek County, US-CO, US",3
ff403fb4-b0de-4e74-a5ba-09bbc835a968,7427913,2017-07-27 17:55:17-06:00,2017-07-27,-105.1003416667,38.0605278333,2748.0,,,,,,,,Amanita muscaria,"San Isabel National Forest, Rye, CO, US",1
be0052de-7ee7-4a97-9095-0e5bd0e11458,7423493,2017-08-09 12:10:30-06:00,2017-08-09,-105.4178768769,39.840505621,2683.0,,13.0,23.0,,10.6,,,Amanita muscaria,"Unnamed Road, Golden, CO 80403, USA",1
8c894abd-0b7d-4a78-9c3f-47ac6fe7fbdc,7402042,2017-08-07 20:25:37-06:00,2017-08-07,-104.6407292642,39.0671086188,2279.0,,,,,11.9,,,Amanita muscaria,"9945 Hodgen Rd, Colorado Springs, CO 80908, USA",3
4fa45236-802f-4a5f-8f91-830422eb26af,7383939,2017-08-06 12:56:52-06:00,2017-08-06,-105.59908664,40.20264367,2841.0,,3.6,23.9,,6.0,,,Amanita muscaria,"Rocky Mountain, Rocky Mountain National Park, Boulder County, US-CO, US",2
e2c14a08-724d-40c6-8485-b2772e74a946,7366503,2017-08-05 16:24:42-06:00,2017-08-05,-105.8440033333,40.3035783333,2675.0,,5.0,23.9,,7.3,,,Amanita muscaria,"Rocky Mountain National Park, Grand Lake, CO, US",2
94d5c226-9e64-4258-96eb-30efa02b9ad2,7366098,2017-08-01 08:20:16-06:00,2017-08-01,-105.1038278333,36.3906116667,2656.0,,9.0,21.3,,7.1,,,Amanita muscaria,"87714, Cimarron, NM, US",2
a7272053-c62c-421c-bdef-663d31ee4450,7305961,2017-07-28 13:19:30-06:00,2017-07-28,-105.5757344432,40.1969679278,2881.0,,6.3,25.5,,5.9,,,Amanita muscaria,"Rocky Mountain National Park, Lyons, CO, US",1
4f7574eb-a9d0-4b6b-ad99-af20663024c7,5542508,2007-08-11 18:20:00-06:00,2007-08-11,-106.322593689,41.3379421842,3228.0,,,,,,,,Amanita muscaria,"Snowy Range high peaks, Albany County, WY, USA",1
06623291-4885-4720-8e55-50132903b018,4253032,2013-07-28,2013-07-28,-106.4483356476,39.3662884886,3204.0,,8.3,13.9,,6.4,,1011.2,Amanita muscaria,"Eagle County, CO, USA",1
19373128-856d-4900-a9e8-f55b2c49606b,3977897,2016-08-26 10:27:33-06:00,2016-08-26,-105.4386283333,36.5744783333,3146.0,,,,,8.1,,,Amanita muscaria,"Carson National Forest, Valdez, NM, US",3
bcbe4aed-3bd2-4af3-8f9f-736faaa323d0,3778696,2016-07-30 13:40:46-06:00,2016-07-30,-105.6777677593,39.897166458,3236.0,,15.0,32.0,,4.5,,,Amanita muscaria,"Gilpin County, US-CO, US",1
5b45c134-cf69-42d2-99a1-a6984d7eb353,3757858,2016-07-27 12:45:19-06:00,2016-07-27,-105.3780517578,39.5672225952,2542.0,,15.6,32.8,0.0,12.5,,1014.8,Amanita muscaria,"Shadow Mountain, CO",1
c40192be-170f-4e31-a4ea-dbf95a231d3b,3757706,2016-07-27 12:44:34-06:00,2016-07-27,-105.3782771863,39.567129175,2542.0,,15.6,32.8,0.0,12.5,,1014.8,Amanita muscaria,"Arapaho National Forest, Evergreen, CO, US",2
84466c42-8a07-40c4-b910-38cde78628b2,3181901,2013-08-01 11:26:07-07:00,2013-08-01,-105.11837416,36.41588639,2725.0,,8.2,22.5,,12.2,,,Amanita muscaria,"Colfax, New Mexico, United States",2
a279342f-d130-4065-b51a-a4b7e0364325,2894291,2014-09-17 13:04:00-06:00,2014-09-17,-106.955101,40.804812,2464.0,,4.1,26.6,,3.4,,,Amanita muscaria,"Steamboat Lake State Park, Tombstone Nature Trail",4
06dab37e-54b9-47cb-8c47-058d18b61e3e,1414645,2014-08-02,2014-08-02,-106.813372,36.093907,3169.0,,,,,,,,Amanita muscaria,San Pedro Wilderness,3
fe47c670-d607-4cb6-acda-dd1ebc19cde6,852876,2014-08-21,2014-08-21,-105.683639,40.342793,2940.0,,13.2,31.7,,5.8,,,Amanita muscaria,"Rocky Mountain National Park, Colorado",3
8c6d9854-d554-4c0c-a49c-b44d962328d5,844865,2014-08-18 10:02:09-06:00,2014-08-18,-106.039148,40.340126,2889.0,,3.0,28.0,,5.1,,,Amanita muscaria,"Arapaho National Forest, Grand Lake, CO, US",3
d3c392ad-a175-4481-a76c-379db9148301,498226,2013-08-12 09:03:39-06:00,2013-08-12,-105.611947,40.201374,2960.0,,,,,,,,Amanita muscaria,"Wild Basin, Rocky Mountain National Park, Colorado, USA",2
eaa8aac4-c526-4a06-ad4c-a6418405564e,347172,2013-07-25 11:28:36-06:00,2013-07-25,-106.7016666667,35.8255,2453.0,,14.9,25.7,,11.7,,,Amanita muscaria,"Jemez National Recreation Area, Jemez Pueblo, New Mexico, US",4
67fe91d0-6966-44fe-95f6-bccb3d02722f,192130,2010-08-06,2010-08-06,-105.6881788,40.2851278,3654.0,,18.0,33.0,,3.5,,,Amanita muscaria,"Rocky Mountain National Park, CO, USA",2
e31f416c-a24e-4576-aaa9-fcd6692a98f4,139581,2011-08-27,2011-08-27,-103.5399749807,43.8275724214,1749.0,,16.1,31.7,,8.8,,1014.9,Amanita muscaria,Custer State Park,1
9808f990-0b2b-4bf8-8073-ad616490feda,395228727,2026-08-23 13:31:00-06:00,2026-08-23,-105.6626328333,40.0103451833,3384.0,,,,,,,,Amanita muscaria,"Boulder, Colorado, United States",1
1cf6a432-1071-4f60-861c-b1c3ab154ef4,395119836,2026-08-27 16:15:47-06:00,2026-08-27,-104.9384672195,38.7425500533,2952.0,,,,,,,,Amanita muscaria,"Colorado Springs, CO 80906, USA",1
a24aabdc-4693-45ab-9578-e7a3d00ba37d,394940501,2026-08-17 18:47:13-06:00,2026-08-17,-105.4236293804,39.5183783383,2767.0,,6.0,14.0,0.2,9.8,,,Amanita muscaria,"Park County, US-CO, US",1
6864d559-7eed-4fa3-9136-0397a960b49f,394842184,2026-08-24 17:22:22-06:00,2026-08-24,-107.6547033333,37.8124,2853.0,,,,,,,,Amanita muscaria,"Silverton, CO, US",1
2f2dbb39-f55d-40c4-9bff-ed5569080a10,394799302,2026-08-26 14:05:51-06:00,2026-08-26,-103.510463,43.8281643997,1711.0,,9.4,25.6,0.5,4.0,,,Amanita muscaria,"Crazy Horse, SD 57730, USA",1
1531376a-85ab-4046-a0e5-2d49db5cf589,394736661,2026-08-24 16:55:09-06:00,2026-08-24,-107.65107,37.81407,2896.0,,,,,,,,Amanita muscaria,"Silverton to Hazelton Mountain Trail, Silverton, CO, US",1
1fc25926-05f4-44a6-8b32-1ba07c282059,394735932,2026-08-24 16:53:32-06:00,2026-08-24,-107.65113,37.814045,2896.0,,,,,,,,Amanita muscaria,"Silverton to Hazelton Mountain Trail, Silverton, CO, US",1
e02c2ee7-3ebf-43a8-baf8-8a4df0c5f228,394729966,2026-08-19 14:19:47-06:00,2026-08-19,-105.861655,39.70015,3156.0,,3.3,15.6,0.0,11.7,,1022.1,Amanita muscaria,"Clear Creek County, US-CO, US",2
b4ad223d-1f43-4ff3-b0ab-56e416fde2a3,394619788,2026-08-24 10:28:00-06:00,2026-08-24,-105.5048388833,40.4406194333,2553.0,,,,,,,,Amanita muscaria,"Larimer County, CO, USA",1
ab8cdc9a-0a6e-4a83-90a1-186dfe6efe69,394607948,2026-08-24 16:50:10-06:00,2026-08-24,-107.6513283333,37.8138966667,2896.0,,,,,,,,Amanita muscaria,"County Road 20, Silverton, CO, US",1
d1118e81-01fd-4187-8d07-67b777f74b60,394607824,2026-08-24 16:48:48-06:00,2026-08-24,-107.6514883333,37.8138866667,2896.0,,,,,,,,Amanita muscaria,"County Road 20, Silverton, CO, US",1
f0e79e12-9a31-48db-be9e-c7e78078bb9a,394607806,2026-08-24 16:49:11-06:00,2026-08-24,-107.6514533333,37.81385,2896.0,,,,,,,,Amanita muscaria,"County Road 20, Silverton, CO, US",1
039409e6-ee06-4df8-b72b-4ad4574ee5de,394607711,2026-08-24 16:49:04-06:00,2026-08-24,-107.6514533333,37.8138616667,2896.0,,,,,,,,Amanita muscaria,"County Road 20, Silverton, CO, US",1
8cacb118-dcc3-46eb-99f4-582424d8517f,394605036,2026-08-24 16:45:21-06:00,2026-08-24,-107.65217,37.813675,2872.0,,,,,,,,Amanita muscaria,"Silverton to Hazelton Mountain Trail, Silverton, CO, US",1
101aa346-58b2-4b2e-938e-6bb31a1fedc3,394604332,2026-08-24 16:42:37-06:00,2026-08-24,-107.6520783333,37.8136216667,2872.0,,,,,,,,Amanita muscaria,"County Road 20, Silverton, CO, US",1
82c9ab97-969c-4c4c-a4d0-6a72cab7b83d,394604312,2026-08-24 16:41:45-06:00,2026-08-24,-107.652,37.8135833333,2896.0,,,,,,,,Amanita muscaria,"County Road 20, Silverton, CO, US",1
b0f9aeb9-32f0-4ce3-93f8-88e12bf142cd,394604257,2026-08-24 16:43:34-06:00,2026-08-24,-107.6520616667,37.8135966667,2872.0,,,,,,,,Amanita muscaria,"County Road 20, Silverton, CO, US",1
f975b4f8-b1fd-4bac-8fee-97362b5caca5,394604249,2026-08-24 16:44:31-06:00,2026-08-24,-107.6521383333,37.8135916667,2872.0,,,,,,,,Amanita muscaria,"County Road 20, Silverton, CO, US",1
fb892cbe-77d1-4c5a-bbf7-c3098846814e,394599570,2026-08-24 16:37:44-06:00,2026-08-24,-107.6525716667,37.8131133333,2872.0,,,,,,,,Amanita muscaria,"County Road 20, Silverton, CO, US",1
e5a32caa-3e9f-40e9-853d-db185e4249c7,394583214,2026-08-24 13:19:43-06:00,2026-08-24,-105.9718633333,39.5902716667,2891.0,,,,,,,,Amanita muscaria,"Summit County, US-CO, US",2
8af1b369-ba73-496e-b6b6-7ea7bccdfb30,394583196,2026-08-24 13:19:48-06:00,2026-08-24,-105.97193,39.5902833333,2891.0,,,,,,,,Amanita muscaria,"Keystone Gulch Road, Keystone, CO, US",1
b09efdb3-59e2-4233-bee5-8c308025ad51,394583156,2026-08-24 13:19:53-06:00,2026-08-24,-105.97193,39.5903333333,2891.0,,,,,,,,Amanita muscaria,"Keystone Gulch Road, Keystone, CO, US",1
6d90b6f4-5b1f-4fe3-9165-b8c74d49afa5,394560017,2026-08-25 16:44:10-06:00,2026-08-25,-105.433961551,39.8728471755,2931.0,,,,,,,,Amanita muscaria,"Mule Deer Trail, Golden, CO, US",1
0a46ce5e-ce17-48ea-a2b1-f54507bec29b,394536149,2026-08-25 11:49:46-06:00,2026-08-25,-105.0633011117,38.8570182266,3934.0,,14.3,25.7,2.1,10.0,,1018.9,Amanita muscaria,"Pikes Peak Hwy, Manitou Springs, CO, US",1
441d3ae1-7d71-4f2c-9e29-0af119544007,394486076,2026-08-24 23:39:00-06:00,2026-08-24,-105.8431541302,39.6141215127,3360.0,,,,,,,,Amanita muscaria,"Summit County, CO, USA",1
b46352eb-3a33-464e-9d7f-e14cce486cfc,394318229,2026-08-24 16:04:45-06:00,2026-08-24,-107.6533666667,37.8128716667,2872.0,,,,,,,,Amanita muscaria,"Silverton, CO, US",1
67ffde85-f30a-45e2-a9e0-ec43c995df33,394260661,2026-08-24 12:38:41-06:00,2026-08-24,-106.0523287551,39.4342752821,3190.0,,,,,,,,Amanita muscaria,"Summit County, US-CO, US",1
54611cd5-56f8-4539-a09b-7ea13e1d0b0b,394257403,2026-08-24 10:51:06-06:00,2026-08-24,-106.0495182056,39.4361605921,3161.0,,,,,,,,Amanita muscaria,"Summit County, US-CO, US",1
b3a6f962-e35a-4be2-99da-290c57cf0595,394218623,2026-08-23 12:52:17-06:00,2026-08-23,-108.0386639759,37.7968826609,3078.0,,,,,,,,Amanita muscaria,"Dolores, CO 81323, USA",1
67b650c5-06a6-44dd-912f-1f48398fbb83,393912465,2026-08-15 10:06:27-06:00,2026-08-15,-105.52233,40.293725,3351.0,,14.5,27.0,3.7,3.2,,,Amanita muscaria,"Twin Sisters Peaks Trail, Estes Park, CO, US",1
