uuid,inat_id,timestamp,date,lon,lat,elevation,tavg,tmin,tmax,precipitation,windspeed,winddirection,presure,species,location,num_identification_agreements,olc
c3050fdf-c3e7-4c7a-ad97-bd4737d33c73,392745279,2026-08-19 13:12:14-06:00,2026-08-19,-107.9651601,39.0597793,3377.0,,19.8,31.7,,14.8,,1011.4,Amanita muscaria flavivolvata,"Cedaredge, CO 81413, USA",2,
ebeb60f7-b911-4e8e-bfdf-c8603845feb6,391582014,2026-08-15 11:51:53-06:00,2026-08-15,-107.8197416667,37.85582,3017.0,,8.0,20.0,1.4,3.7,,,Amanita muscaria flavivolvata,"Ophir, CO, US",1,
0fadf8eb-c1d6-4ad4-b580-ee3f847fba2d,390983641,2026-08-09 13:28:00-06:00,2026-08-09,-105.8583398433,40.6857515027,2618.0,,7.0,26.0,1.6,5.7,,,Amanita muscaria flavivolvata,"Larimer County, CO, USA",2,
971850d4-6ec4-4786-8ae0-0b8aafae1858,390976097,2026-08-13 09:49:38-06:00,2026-08-13,-106.6586533333,35.93317,2704.0,,16.2,29.0,11.9,6.0,,,Amanita muscaria flavivolvata,"Santa Fe National Forest, Jemez Springs, NM, US",2,
8405b2d6-a515-4bc0-89a8-bd9a43fd0471,388392106,2026-08-04 15:43:22-06:00,2026-08-04,-105.7043613919,39.645935619,3137.0,,3.0,15.0,2.3,15.5,,,Amanita muscaria flavivolvata,"Colorado, US",1,
57ae8d2d-ccd5-4dea-8bde-faf137f48e22,387418418,2026-08-01 14:06:00-06:00,2026-08-01,-105.6565952726,36.0309450929,2988.0,,14.5,29.6,2.4,11.8,,1019.3,Amanita muscaria flavivolvata,"New Mexico, US",2,
c8abfb0c-f2d6-44ff-bf23-7a4512055cbb,387361252,2026-07-31 14:15:09-06:00,2026-07-31,-106.3703623331,41.274441211,2660.0,,11.0,32.0,0.0,6.8,,,Amanita muscaria flavivolvata,"Wyoming, US",2,
3d95deda-46ba-43da-873d-be6d6097e1d2,387361111,2026-07-31 13:52:14-06:00,2026-07-31,-106.3427788456,41.3534616787,3232.0,,11.0,32.0,0.0,6.8,,,Amanita muscaria flavivolvata,"Wyoming, US",2,
296415dd-84a1-4c2a-b364-741204bfe5ef,387361014,2026-07-31 10:15:00-06:00,2026-07-31,-106.3867506072,41.2695492083,2704.0,,11.0,32.0,0.0,6.8,,,Amanita muscaria flavivolvata,"Wyoming, US",2,
be230f5a-fa48-459e-8802-7c922e53fdd5,387040760,2026-07-30 12:16:32-06:00,2026-07-30,-105.6108541042,40.0842458694,3394.0,,10.8,28.9,0.0,6.0,,,Amanita muscaria flavivolvata,"Ward, CO 80481, USA",2,
8acd9846-5a03-47de-9b04-7650d3de14bb,386932501,2024-07-20 14:48:21-06:00,2024-07-20,-107.7715,37.989855,3499.0,,14.0,21.0,2.1,7.5,,1034.4,Amanita muscaria flavivolvata,"Wrights Lake Trail, Ouray, CO, US",2,
33062174-589e-402a-961a-9df42bb9d1ee,384363545,2026-07-23 14:53:23-06:00,2026-07-23,-106.8912274418,40.7844238097,2479.0,,15.0,25.1,6.8,3.4,,,Amanita muscaria flavivolvata,"Routt County, US-CO, US",2,
fea482ea-22e5-4472-85c8-c95123cd2762,382536459,2025-07-27 13:50:46-06:00,2025-07-27,-105.6578833333,35.8413383333,2702.0,,13.9,33.9,0.0,9.8,,1013.4,Amanita muscaria flavivolvata,"San Miguel County, US-NM, US",2,
d15f8a06-95af-45ae-acc7-02b347807e15,377542649,2011-07-02,2022-08-27,-103.5930051282,44.0606873804,1626.0,,10.6,27.8,,7.3,,1005.6,Amanita muscaria flavivolvata,United States,1,
82b057dd-fb13-4174-a915-f90b29d72c76,374629365,2017-08-19 18:46:22-06:00,2017-08-19,-106.1095544224,38.6770569171,2500.0,,7.2,27.6,,12.3,,,Amanita muscaria flavivolvata,"CR-261, Nathrop, CO, US",2,
0a1d7d64-8b02-4d72-89e2-089e65dfb2a7,372719109,2024-07-23 08:55:56-06:00,2024-07-23,-106.9439248786,38.4985968161,2459.0,,6.7,27.8,0.0,9.6,,1021.5,Amanita muscaria flavivolvata,"CR-38, Gunnison, CO, US",2,
078c52f7-c6b4-43f3-919a-cd9e29200685,365838019,2024-08-07 13:37:48-06:00,2024-08-07,-105.7000842405,40.3577189311,3505.0,,8.7,25.0,4.1,7.6,,1030.9,Amanita muscaria flavivolvata,"Estes Park, CO, US",2,
d28c82cf-b42a-4b70-acb8-da63986657bf,346738366,2025-07-03 11:14:47-06:00,2025-07-03,-104.8128379013,38.845891184,1846.0,,12.8,30.6,0.0,16.2,,1008.7,Amanita muscaria flavivolvata,"Manitou Springs, CO, US",2,
e60aa580-3dbc-40cc-9b98-1906368dee31,344028848,2024-08-02 08:16:23-06:00,2024-08-02,-106.2059783333,39.6248466667,3122.0,,15.0,23.0,0.0,15.8,,1046.0,Amanita muscaria flavivolvata,"Gore Creek Trail, Avon, CO, US",2,
38c27ea0-3046-41f8-8ad4-f387bfbbdd79,331672656,2022-08-07 08:50:11-06:00,2022-08-07,-105.741444923,39.8802523446,2875.0,,4.8,15.7,3.8,9.3,,1022.6,Amanita muscaria flavivolvata,"Jim Creek Trail, Fraser, CO, US",3,
6309f214-2dc1-492d-b7fb-1354dfb32c5b,331618874,2010-07-29 10:04:00-06:00,2010-07-29,-105.6138790768,40.3462865859,2533.0,,21.0,33.0,,6.0,,,Amanita muscaria flavivolvata,"Larimer County, CO, USA",2,
e78dde98-48c0-4b52-a236-6f9a349ac3cd,325817077,2014-08-24 15:01:20-06:00,2014-08-24,-106.8620383333,39.0984583333,2836.0,,6.7,21.1,0.0,6.6,,1014.1,Amanita muscaria flavivolvata,"White River National Forest, Aspen, CO, US",3,
f3e1860f-36e3-4915-99d9-736381ad0144,325083828,2023-07-08 12:05:23-06:00,2023-07-08,-105.5192969203,40.1260704703,2708.0,,14.0,24.0,0.2,8.4,,1019.1,Amanita muscaria flavivolvata,"Ward, CO, US",2,
f67676f3-71e8-4750-ac10-c08b3a59bca6,321599015,2021-07-26 09:51:23-06:00,2021-07-26,-104.9939116667,39.0120388833,2770.0,,11.8,29.6,0.0,11.1,,1014.7,Amanita muscaria flavivolvata,"Woodland Park, CO, US",1,
5b336e91-896e-49c8-a9d5-8afeea05c320,318329752,2025-09-22 13:34:48-06:00,2025-09-22,-106.3581168,35.8312899,2314.0,,12.0,19.0,0.5,5.6,,1021.4,Amanita muscaria flavivolvata,"Los Alamos County, NM, USA",2,
1189e59b-cd38-43c1-8d67-756c5fec308a,318322411,2025-10-01 13:40:51-06:00,2025-10-01,-107.66063612,37.733002734,2729.0,,6.0,17.0,0.0,6.8,,1029.9,Amanita muscaria flavivolvata,"San Juan National Forest - Headquarters, Durango, CO, US",2,
fd39be3a-e1dc-469b-a556-a88067bc8ece,318210510,2025-10-01 14:30:11-06:00,2025-10-01,-105.2754366667,39.5400416667,2479.0,,11.0,24.0,0.0,11.0,,1021.4,Amanita muscaria flavivolvata,"Sunny Aspen Trail, Conifer, CO, US",2,
ba164ada-d80b-4bf4-b8d9-c728e712a2c2,318088965,2025-09-28 16:24:51-06:00,2025-09-28,-105.37894155,39.55139151,2709.0,,-2.3,6.3,2.6,9.4,,1021.2,Amanita muscaria flavivolvata,"Shadow Mountain, CO, EE. UU.",3,
425ba8e5-453a-445a-b727-ad8d508400f4,317926387,2025-09-30 17:31:58-06:00,2025-09-30,-105.5136961732,39.6967074912,2945.0,,-3.5,6.3,0.0,10.9,,1019.1,Amanita muscaria flavivolvata,"Colorado, US",2,
2a41f092-b85f-4d69-9022-e65de8b2e902,317297814,2025-07-23 19:05:00-06:00,2025-07-23,-103.5633095645,43.8449702523,1887.0,,10.6,21.1,7.2,10.6,,1013.4,Amanita muscaria flavivolvata,"Custer County, SD, USA",2,
f35fb88b-2516-47d0-a8ab-c91bd9239792,317297813,2025-07-23 19:04:00-06:00,2025-07-23,-103.5634138974,43.8449783851,1887.0,,10.6,21.1,7.2,10.6,,1013.4,Amanita muscaria flavivolvata,"Custer County, SD, USA",2,
2b4cdddf-e8fb-4745-ab41-de7b665eeb0b,316237450,2025-09-19 15:03:44-06:00,2025-09-19,-104.672705,38.9990166667,2260.0,,8.0,24.0,0.0,8.5,,1024.0,Amanita muscaria flavivolvata,"Burgess Rd, Colorado Springs, CO, US",1,
818e0491-1fa5-4821-b8b3-57fd677f3da9,315957244,2025-09-22 14:41:37-06:00,2025-09-22,-106.3588866667,35.8279333333,2305.0,,12.0,19.0,0.5,5.6,,1021.4,Amanita muscaria flavivolvata,"Ponderosa Trail, Los Alamos, NM, US",2,
1d429449-95a1-433a-ac36-8caf523627b7,315693239,2025-09-20 17:53:34-06:00,2025-09-20,-105.7611383333,36.0830416667,2570.0,,9.2,23.1,0.0,9.1,,1017.1,Amanita muscaria flavivolvata,"Carson National Forest, Truchas, NM, US",2,
2b147d34-7309-4ff5-801e-5f748d988a83,315649044,2025-09-21 12:33:50-06:00,2025-09-21,-106.6111360118,35.8177495412,2422.0,,13.0,26.0,0.0,8.9,,1022.8,Amanita muscaria flavivolvata,"Sandoval County, US-NM, US",2,
2bc75697-8abe-4ded-8fed-6aacdad8c816,315648835,2025-09-21 11:01:36-06:00,2025-09-21,-106.6119185463,35.8181695786,2422.0,,13.0,26.0,0.0,8.9,,1022.8,Amanita muscaria flavivolvata,"Sandoval County, US-NM, US",2,
057e464c-8b2d-4388-ab60-d27f996ee2d2,314857625,2025-09-18 11:21:53-06:00,2025-09-18,-106.30523,35.8784466667,2177.0,,11.0,24.0,0.4,6.8,,1023.8,Amanita muscaria flavivolvata,"Santa Fe National Forest, Los Alamos, NM, US",2,
1a7b9102-785f-41db-b380-780f3415d107,313962358,2025-09-14 09:22:35-06:00,2025-09-14,-105.796105,35.7803916667,3204.0,,7.0,24.0,0.0,10.0,,1021.5,Amanita muscaria flavivolvata,"Santa Fe National Forest, Tererro, NM, US",2,
581a80e7-acb7-4bda-9ed6-b2291734fcd6,311387680,2025-08-12 16:27:56-06:00,2025-08-12,-107.98019408,37.76707593,2863.0,,10.0,24.0,0.0,6.7,,1031.4,Amanita muscaria flavivolvata,"Dolores County, US-CO, US",1,
0153003d-2316-4284-b6a5-eae8ae653383,310124044,2021-08-20 15:51:14-06:00,2021-08-20,-106.361673139,39.3503137162,3198.0,,1.1,13.9,0.6,17.4,,1012.5,Amanita muscaria flavivolvata,"Leadville, CO 80461, USA",2,
ae8dd498-d0b2-4d13-a69c-54663f70d786,309973043,2021-08-25 13:16:41-06:00,2021-08-25,-106.3655620068,39.3515861702,3239.0,,-1.1,22.2,0.0,10.4,,1018.5,Amanita muscaria flavivolvata,"Leadville, CO 80461, USA",3,
3fd397ca-5951-414b-b4e2-5758352bbce7,309926776,2025-07-05 16:08:07-06:00,2025-07-05,-105.0813916667,38.7742366667,3184.0,,17.0,30.0,0.0,15.5,,1025.7,Amanita muscaria flavivolvata,"Bison Rd, Victor, CO, US",2,
609fb803-67c1-4fd7-b384-bf3404e5f8e7,309402644,2022-08-15 11:07:25-06:00,2022-08-15,-107.8772666667,37.811005,3127.0,,10.0,19.0,17.4,3.9,,1030.4,Amanita muscaria flavivolvata,"Grand Mesa Uncompahgre and Gunnison National Forests, Ophir, CO, US",2,
cb7f5d66-a839-404d-8e08-3fef05fbfd44,309399132,2025-08-26 12:02:10-06:00,2025-08-26,-104.9592133,38.7499278,3082.0,,13.0,15.0,3.2,9.6,,1027.7,Amanita muscaria flavivolvata,"Manitou Springs, CO 80829, USA",2,
3ce1dc45-d9ed-44e5-b8fe-83ac6cf256da,309355479,2022-08-17 14:51:50-06:00,2022-08-17,-105.8732833333,40.3327333333,2770.0,,5.1,23.7,0.0,2.8,,1031.7,Amanita muscaria flavivolvata,"Bowen Gulch Connector Trail, Grand Lake, CO, US",2,
a91f1ff8-f6af-4907-a9db-156b8e4e44ec,309274369,2023-07-06 17:59:38-06:00,2023-07-06,-105.2881383333,39.6077,2490.0,,13.0,23.0,0.8,8.1,,1019.9,Amanita muscaria flavivolvata,"Sandrock Dr, Evergreen, CO, US",2,
de09457c-a83f-4494-a659-8573ed3b47a0,308546216,2022-07-31 11:25:00-06:00,2022-07-31,-106.8644511288,38.0554148475,3315.0,,,,,,,,Amanita muscaria flavivolvata,"Saguache County, CO, USA",4,
b19a3e3e-163c-4566-9f29-09cb8bd5169d,308546206,2022-08-03 15:28:00-06:00,2022-08-03,-106.8644511288,38.0554148475,3315.0,,,,,,,,Amanita muscaria flavivolvata,"Saguache County, CO, USA",4,
36ca6864-2a11-4cc0-930f-0c5816bb05ef,307862910,2025-07-26 19:59:00-06:00,2025-07-26,-105.6904305556,40.6343888889,3373.0,,,,,,,,Amanita muscaria flavivolvata,"Larimer County, CO, USA",2,
08f78816-dc4f-4f38-82df-eb62ab8c38a6,307790263,2025-08-20 11:50:19-06:00,2025-08-20,-105.7865232997,39.8099532997,3399.0,,0.7,16.0,0.0,12.5,,1024.8,Amanita muscaria flavivolvata,"Winter Park, CO 80482, USA",2,
2a010b6d-83b2-45a2-8846-e136a0375932,307662794,2025-08-19 14:57:42-06:00,2025-08-19,-105.4736637477,40.2967890409,2764.0,,14.8,34.7,0.0,6.5,,1026.3,Amanita muscaria flavivolvata,"Rocky Mountain National Park, Larimer County, US-CO, US",2,
5eb02361-72a7-4765-a018-2d0effff2513,307377516,2022-08-20 11:42:47-06:00,2022-08-20,-107.9142383333,37.8038533333,3145.0,,10.0,17.0,13.8,5.1,,1029.5,Amanita muscaria flavivolvata,"Rico, CO, US",2,
60f9895a-2f58-4286-951e-0d66df8d932a,307328810,2021-07-31 12:08:24-06:00,2021-07-31,-107.9294883333,37.7959116667,3081.0,,10.0,22.0,14.2,7.7,,1035.7,Amanita muscaria flavivolvata,"Rico, CO, US",2,
ff1864db-9e4d-4174-973a-2a962d48a19d,307170703,2025-08-17 13:42:36-06:00,2025-08-17,-105.8026695865,35.7978857376,3149.0,,13.3,31.1,0.0,12.2,,1012.5,Amanita muscaria flavivolvata,"Tererro, NM, US",2,
b4b52321-c6bf-49c0-ae83-876ce8ac2a1d,306780210,2025-08-12 16:30:41-06:00,2025-08-12,-107.9802549997,37.7670572,2863.0,,10.0,24.0,0.0,6.7,,1031.4,Amanita muscaria flavivolvata,"Rico, CO 81332, USA",2,
21bfcfd6-97d1-4f7f-8ea9-c2e15ad8f692,306621659,2025-08-15 14:02:09-06:00,2025-08-15,-105.3827016667,39.175325,2500.0,,12.0,21.0,2.3,7.0,,1016.4,Amanita muscaria flavivolvata,"Jefferson County, US-CO, US",3,
96efdf00-751a-4ea3-a43c-e09e99a387d4,306621123,2025-08-15 11:44:47-06:00,2025-08-15,-105.3785733333,39.1746933333,2477.0,,12.0,21.0,2.3,7.0,,1016.4,Amanita muscaria flavivolvata,"Jefferson County, US-CO, US",2,
6d5bc44f-3e01-41f3-85ef-c9b6a6c94119,306383533,2025-08-14 08:30:21-06:00,2025-08-14,-105.6201866667,40.327295,2869.0,,5.8,29.7,0.1,10.7,,1027.4,Amanita muscaria flavivolvata,"Rocky Mountain National Park, Estes Park, CO, US",1,
f86014c5-c3c2-458f-8965-85f056ff1f20,306328439,2025-08-14 14:01:26-06:00,2025-08-14,-103.7084746355,44.3628405383,1531.0,,15.0,32.0,0.0,6.4,,1013.2,Amanita muscaria flavivolvata,"Lawrence County, US-SD, US",2,
101f9a43-91a4-4267-aa3c-752b4203aeee,306025225,2025-07-21 21:58:46-06:00,2025-07-21,-105.8493883333,40.4015966667,2756.0,,6.5,25.6,0.1,7.8,,1027.5,Amanita muscaria flavivolvata,"Colorado River Trail, Grand Lake, CO, US",2,
9e298365-d444-4042-b766-5eb30f219d2a,305089730,2025-08-09 13:28:24-06:00,2025-08-09,-105.3768849816,39.5628992197,2578.0,,1.4,12.0,0.2,16.5,,1018.8,Amanita muscaria flavivolvata,"Jefferson County, US-CO, US",3,
5dc2cda4-9f53-40cc-832d-383c04c81c7b,305089704,2025-08-09 13:28:16-06:00,2025-08-09,-105.3768335194,39.5628888176,2578.0,,1.4,12.0,0.2,16.5,,1018.8,Amanita muscaria flavivolvata,"Jefferson County, US-CO, US",3,
e7d425df-0733-4cc8-bf6c-b819780a37b8,304822082,2025-08-06 16:00:48-06:00,2025-08-06,-105.5777698078,39.7902102945,2699.0,,4.1,16.5,0.0,14.8,,1024.2,Amanita muscaria flavivolvata,"Colorado, US",1,
89cf6972-8189-477e-9fcc-473ba03b3c18,304572950,2025-08-07 12:53:59-06:00,2025-08-07,-105.0115666667,38.75497,3163.0,,23.0,32.0,0.0,10.8,,1025.2,Amanita muscaria flavivolvata,"Pike and San Isabel National Forests, Victor, CO, US",1,
e2fbf6c8-2e6c-4bce-a1c6-41d55d413e2a,304154057,2025-08-05 18:10:11-06:00,2025-08-05,-105.7685618157,39.8919159402,2764.0,,4.5,15.8,0.0,17.0,,1020.2,Amanita muscaria flavivolvata,"Colorado, US",2,
7e0ce86c-f020-4a1a-a156-52230eb34dcc,304151670,2025-08-05 17:54:27-06:00,2025-08-05,-105.5812111111,39.5137472222,2944.0,,4.5,15.8,0.0,17.0,,1020.2,Amanita muscaria flavivolvata,"Bailey, CO 80421, USA",2,
c20d9805-2f41-45ee-812e-122cfff5c30d,304151623,2025-08-05 17:55:29-06:00,2025-08-05,-105.5812111111,39.5137472222,2944.0,,4.5,15.8,0.0,17.0,,1020.2,Amanita muscaria flavivolvata,"Bailey, CO 80421, USA",3,
169cd0d0-95f5-4c36-a090-853483363322,304099015,2025-07-17 10:07:10-06:00,2025-07-17,-104.6767361111,38.9993166667,2273.0,,12.0,23.6,0.6,13.5,,1025.2,Amanita muscaria flavivolvata,"Colorado Springs, CO 80908, USA",3,
2911d17d-35d4-45d8-8fb2-be5c499322fc,304086348,2021-07-25 13:48:00-06:00,2021-07-25,-105.5302220692,40.0798858489,3067.0,,20.0,32.0,0.1,5.6,,1021.8,Amanita muscaria flavivolvata,"Boulder County, CO, USA",2,
c7c1207f-a8fe-45f1-8c9e-4253d2f50201,303836742,2025-08-04 11:41:31-06:00,2025-08-04,-105.745605,40.1040916667,2596.0,,3.7,28.8,0.0,8.9,,1028.2,Amanita muscaria flavivolvata,"Continental Divide National Scenic Trail, Grand Lake, CO, US",2,
18a255b9-3cf2-4bf9-acf5-1aead1f225c3,303609712,2025-08-02 17:29:21-06:00,2025-08-02,-105.0641974707,37.8385037958,2415.0,,11.0,33.0,0.0,9.5,,1018.1,Amanita muscaria flavivolvata,"Colorado, US",2,
634d1cbf-4f7a-4d0d-bfe7-f534eac74405,303609612,2025-08-02 14:59:53-06:00,2025-08-02,-105.1642787539,37.945924193,2990.0,,11.0,33.0,0.0,9.5,,1018.1,Amanita muscaria flavivolvata,"Colorado, US",2,
2d8666c6-d54c-4416-a79f-886b367d0520,303606517,2025-08-03 15:59:00-06:00,2025-08-03,-105.5027535235,40.1658833186,2866.0,,12.0,31.0,0.0,5.1,,1021.9,Amanita muscaria flavivolvata,"Colorado, US",2,
6158f336-2009-40e2-9d13-cc03a46b4806,303336792,2025-08-01 18:01:32-06:00,2025-08-01,-105.5364,40.497395,2859.0,,13.3,28.3,0.0,13.4,,1020.0,Amanita muscaria flavivolvata,"Rocky Mountain, Rocky Mountain National Park, Larimer County, US-CO, US",2,
99b7e16b-612d-4f0e-916b-561f000af9bc,303017554,2025-07-18 12:08:20-06:00,2025-07-18,-105.643075,40.3077783333,2836.0,,8.5,25.1,1.5,8.1,,1029.0,Amanita muscaria flavivolvata,"Rocky Mountain National Park, Estes Park, CO, US",2,
6d0cef3d-9559-4e5b-a018-a760763968e3,302739302,2025-07-26 14:56:37-06:00,2025-07-26,-105.776738556,35.800108401,3484.0,,15.6,32.8,0.0,11.6,,1011.6,Amanita muscaria flavivolvata,"Nambe Lake Trail, Tererro, NM, US",2,
b2e68a0f-1e63-42b6-a425-5cec6091d08c,302537474,2022-08-13 13:58:00-06:00,2022-08-13,-107.842505502,37.7398134434,3416.0,,11.0,23.0,4.2,7.5,,1034.2,Amanita muscaria flavivolvata,"San Juan County, CO, USA",4,
e7176099-768c-44ff-95cc-2f06667a275c,302096046,2025-07-26 19:59:00-06:00,2025-07-26,-105.6904366667,40.63438,3373.0,,,,,,,,Amanita muscaria flavivolvata,"Browns Lake Trail, Bellvue, CO, US",2,
996d9004-7ead-42ea-99d1-d964cc5b0924,301868405,2025-07-26 15:39:38-06:00,2025-07-26,-106.6697166667,40.8074333333,3146.0,,9.8,25.7,0.2,16.1,,1014.3,Amanita muscaria flavivolvata,"Clark, CO, US",3,
ec446065-4412-4f44-a35b-3772cec8a6a0,301868385,2025-07-26 15:38:48-06:00,2025-07-26,-106.6697383333,40.8074616667,3146.0,,9.8,25.7,0.2,16.1,,1014.3,Amanita muscaria flavivolvata,"Clark, CO, US",2,
432f0c07-aff8-47ba-9967-30ae8e27a643,301755302,2025-07-27 15:31:31-06:00,2025-07-27,-105.5287828929,39.6520256988,2622.0,,3.0,16.7,0.0,10.7,,1021.3,Amanita muscaria flavivolvata,"Colorado, US",1,
65cb05b3-14f4-4d05-a198-fa82543524d6,301755170,2025-07-27 13:19:39-06:00,2025-07-27,-105.4006749784,39.751893958,2178.0,,18.0,37.0,0.0,14.9,,1021.3,Amanita muscaria flavivolvata,"Colorado, US",3,
9b70bb73-b612-469c-935b-ce409a2fd807,301755150,2025-07-27 13:12:35-06:00,2025-07-27,-105.5228252448,39.7564942292,2569.0,,3.0,16.7,0.0,10.7,,1021.3,Amanita muscaria flavivolvata,"Colorado, US",3,
93adfdd3-1ebd-4637-872e-d5ec35d0f5ed,301755103,2025-07-27 13:10:23-06:00,2025-07-27,-105.5633772589,39.6513366222,3060.0,,3.0,16.7,0.0,10.7,,1021.3,Amanita muscaria flavivolvata,"Colorado, US",3,
852918b7-8fe1-45dd-ba7d-98a4c9260100,301648756,2025-07-27 11:59:55-06:00,2025-07-27,-105.0038817982,37.8164355067,2888.0,,17.0,35.0,0.0,8.4,,1012.9,Amanita muscaria flavivolvata,"Colorado, US",2,
72d179e4-a9a0-42de-89a5-dda3f6a97a07,301639302,2025-07-25 16:09:21-06:00,2025-07-25,-105.1400166667,37.9851966667,3341.0,,12.0,30.0,0.5,7.1,,1014.5,Amanita muscaria flavivolvata,"County Road 634, Gardner, CO, US",1,
04d26f50-b7ae-4098-9620-73d2da155181,301500073,2025-07-25 16:03:59-06:00,2025-07-25,-105.3835278377,39.5202752715,2884.0,,1.8,14.6,2.0,10.6,,1020.4,Amanita muscaria flavivolvata,"Pine Junction Area, CO, USA",2,
bfaef7cb-5ade-49a0-90cb-ccc4bf27a46e,301368333,2025-07-25 19:17:07-06:00,2025-07-25,-105.425153733,40.1428791912,2574.0,,15.0,33.0,0.1,7.0,,1019.9,Amanita muscaria flavivolvata,"Colorado, US",1,
f32503ba-8900-45c6-bfad-225e857cf90e,300978659,2025-07-24 19:59:43-06:00,2025-07-24,-105.4212633333,40.0259278333,2633.0,,15.0,26.0,1.2,5.5,,1023.2,Amanita muscaria flavivolvata,"Sugarloaf Mountain Trail, Boulder, CO, US",2,
f4f0f678-6853-46c8-9397-405095f29de8,300470068,2025-07-22 19:55:30-06:00,2025-07-22,-107.823312977,37.8591757134,3101.0,,12.0,17.0,3.2,4.9,,1028.7,Amanita muscaria flavivolvata,"Colorado, US",2,
2c08e507-d87d-4dab-8970-f4c45c8c7624,299949615,2025-07-21 10:17:30-06:00,2025-07-21,-105.1122472222,37.2606777778,3073.0,,11.0,21.0,1.5,18.2,,1034.8,Amanita muscaria flavivolvata,"Weston, CO 81091, USA",2,
55e55f3e-9d04-4ddb-9097-09cade150645,299311972,2025-07-19 11:04:56-06:00,2025-07-19,-105.52707,40.0914778333,2912.0,,17.0,31.0,0.8,3.5,,1019.1,Amanita muscaria flavivolvata,"South Saint Vrain Trail, Ward, CO, US",1,
33b22ea2-4650-49d2-94a7-5906f6985bbf,298928583,2025-07-17 08:37:39-06:00,2025-07-17,-105.1417541389,37.3030738611,3369.0,,8.0,17.0,5.0,11.6,,1036.0,Amanita muscaria flavivolvata,"La Veta, CO 81055, USA",2,
81b1212c-9a96-42dc-a26d-88c5bb26ccbb,298537849,2025-07-15 10:36:00-06:00,2025-07-15,-105.80261944,35.79781389,3149.0,,14.4,32.8,0.0,13.5,,1011.1,Amanita muscaria flavivolvata,"Santa Fe, New Mexico, United States",2,
cc3d1bbc-9978-4c0f-8628-8d5d02616f3f,297666709,2025-07-13 08:47:56-06:00,2025-07-13,-105.1006579528,39.0445721686,2513.0,,11.4,30.5,0.0,12.3,,1015.3,Amanita muscaria flavivolvata,"Colorado, US",2,
268d4de5-b3f1-4d93-9f7e-4199b980dafb,296358629,2025-07-08 07:03:47-06:00,2025-07-08,-103.56399494,43.80377162,1665.0,,10.6,28.3,0.0,10.3,,1017.8,Amanita muscaria flavivolvata,"Custer County, US-SD, US",2,
15fae5f9-af20-442d-9533-609e1851557f,296168763,2025-07-07 11:25:13-06:00,2025-07-07,-103.4686232114,44.1548566335,1395.0,,18.0,28.0,15.1,9.5,,1018.2,Amanita muscaria flavivolvata,"Lawrence County, US-SD, US",2,
d20ca633-e353-42d9-a486-f472201abca9,295859024,2025-07-06 11:44:59-06:00,2025-07-06,-105.5743841997,39.9805191,3029.0,,1.1,14.6,0.8,11.0,,1021.7,Amanita muscaria flavivolvata,"Nederland, CO 80466, USA",1,
a1158e72-401b-4131-8a24-5817de11bebe,295820302,2025-07-04 12:02:08-06:00,2025-07-04,-105.0548853604,38.0581667374,2463.0,,21.0,34.0,0.0,9.0,,1008.9,Amanita muscaria flavivolvata,"Colorado, US",2,
dea24b23-0f91-4481-a011-77584654b052,295507152,2025-07-05 12:18:21-06:00,2025-07-05,-105.5335493095,40.1316614114,2703.0,,17.0,34.0,3.9,8.9,,1022.5,Amanita muscaria flavivolvata,"Boulder County, US-CO, US",2,
78caf740-510e-4a1c-9e65-b89e1081f1a8,295506941,2025-07-05 11:04:30-06:00,2025-07-05,-105.52831918,40.1312116711,2681.0,,17.0,34.0,3.9,8.9,,1022.5,Amanita muscaria flavivolvata,"Boulder County, US-CO, US",2,
9360ec2f-596c-4d13-9d4a-122ac9f83dcf,295265130,2025-07-04 12:21:00-06:00,2025-07-04,-105.0017472222,37.3663666667,3542.0,,8.0,20.0,0.1,16.2,,1033.8,Amanita muscaria flavivolvata,"Las Animas County, CO, USA",2,
111dd9a5-85d6-4a39-b238-1f3ae1e0f988,294895535,2025-06-12 10:47:50-06:00,2025-06-12,-103.4022277778,43.8433611111,1390.0,,11.1,23.0,0.2,11.6,,1011.5,Amanita muscaria flavivolvata,"Custer County, US-SD, US",2,
712fad39-c812-4707-911b-21302f143e2a,294228499,2025-06-30 10:55:00-06:00,2025-06-30,-105.3953208973,39.9733318686,2438.0,,16.0,26.0,0.0,6.3,,1025.2,Amanita muscaria flavivolvata,twin sisters,2,
e2e4229c-bb58-41bb-be1e-8468b8d90fcc,294201503,2025-06-28 15:14:16-06:00,2025-06-28,-103.5086833333,43.8275383333,1677.0,,13.9,30.0,0.3,12.4,,1009.5,Amanita muscaria flavivolvata,"Custer State Park, Custer, SD, US",2,
41ec2c8d-07b9-4760-88e1-d7721d634623,294084092,2025-06-18 13:24:27-06:00,2025-06-18,-104.566894,39.3071199722,2085.0,,7.0,23.0,0.0,11.7,,1024.2,Amanita muscaria flavivolvata,"Elizabeth, CO 80107, USA",2,
5c893da6-6bf2-4821-9736-4c1cd647479a,293938396,2025-06-29 16:16:27-06:00,2025-06-29,-105.5317216667,40.1315221667,2717.0,,18.0,28.0,0.8,7.8,,1020.5,Amanita muscaria flavivolvata,"Buchanan Pass Trail, Lyons, CO, US",2,
ccf43e59-2049-4fae-9e3f-0ec8d2568648,293848828,2025-06-29 14:07:12-06:00,2025-06-29,-105.40102357,39.98349094,2506.0,,18.0,28.0,0.8,7.8,,1020.5,Amanita muscaria flavivolvata,"Nederland, CO 80466, USA",2,
2e080600-250d-4e4f-a3fc-0d9e3e075f0c,293815124,2025-06-29 11:12:56-06:00,2025-06-29,-104.9038778141,38.7251038512,2739.0,,19.0,28.0,0.1,11.8,,1023.9,Amanita muscaria flavivolvata,"Rock Creek, Colorado Springs, CO, USA",2,
0d0ae010-0547-4cf3-88fd-04fc8b5c2e22,293564906,2025-06-28 12:56:18-06:00,2025-06-28,-105.0479278564,37.9848060608,2586.0,,15.0,33.0,0.0,8.2,,1010.5,Amanita muscaria flavivolvata,Rye,2,
6394339f-9e4e-4a1d-a8d3-f81cd825e28f,293564330,2025-06-28 15:19:01-06:00,2025-06-28,-103.5086833333,43.8275333333,1677.0,,13.9,30.0,0.3,12.4,,1009.5,Amanita muscaria flavivolvata,"Custer State Park, Custer, SD, US",1,
f3c08787-4484-4a56-88ca-e927b1730aed,292465326,2025-06-24 10:33:47-06:00,2025-06-24,-104.5671549722,39.3067989722,2085.0,,13.0,24.0,3.8,15.1,,1025.0,Amanita muscaria flavivolvata,"Elizabeth, CO 80107, USA",3,
e4ef1715-4ad3-4d9f-8035-03583112ff3f,292220091,2025-06-23 14:31:55-06:00,2025-06-23,-105.2360734081,39.8470668492,1836.0,,14.0,23.0,1.2,10.9,,1022.9,Amanita muscaria flavivolvata,"Colorado, US",2,
154c8f28-0aac-4946-a58b-cd6a0f8541df,292169868,2025-06-23 12:04:22-06:00,2025-06-23,-104.8908703,38.7465602997,2375.0,,15.0,22.0,0.1,18.0,,1023.2,Amanita muscaria flavivolvata,"Colorado Springs, CO 80906, USA",3,
37bcbe79-f2cc-4e66-af15-3899cf9b20db,291953042,2025-06-22 16:08:03-06:00,2025-06-22,-104.961145,37.9207716667,2248.0,,20.0,33.0,0.0,15.7,,1004.1,Amanita muscaria flavivolvata,"Rye, CO, US",2,
e6ba2f7e-d689-4368-9902-3ebb1151bc14,291630221,2025-06-20 17:17:28-06:00,2025-06-20,-105.4799883333,40.7905216667,2397.0,,15.0,26.7,0.0,27.7,,1002.8,Amanita muscaria flavivolvata,"Red Feather Lakes, CO, US",3,
55727654-18b3-4586-b2db-77707cb717c1,291624259,2025-06-15 12:49:18-06:00,2025-06-15,-104.9148033333,38.83132,2217.0,,17.0,25.0,0.2,13.9,,1024.2,Amanita muscaria flavivolvata,"High Ridge Rd, Manitou Springs, CO, US",2,
e347dabd-f4b7-42e2-9ded-3051a73e0521,291363953,2025-06-20 15:31:17-06:00,2025-06-20,-105.4812170456,40.7753783437,2370.0,,15.0,26.7,0.0,27.7,,1002.8,Amanita muscaria flavivolvata,"Red Feather Lakes, CO, US",1,
64a7f6dc-2f2d-4244-9af4-aa1db799a9cd,291363064,2025-06-20 15:46:04-06:00,2025-06-20,-105.489045,40.7730716667,2378.0,,15.0,26.7,0.0,27.7,,1002.8,Amanita muscaria flavivolvata,"W County Road 74E, Red Feather Lakes, CO, US",2,
31cf9ee9-bcee-4b68-845d-310db82b5c99,291361338,2025-06-20 17:17:16-06:00,2025-06-20,-105.47995,40.79045,2397.0,,15.0,26.7,0.0,27.7,,1002.8,Amanita muscaria flavivolvata,"Red Feather Lakes, CO, US",1,
9ea14223-04f6-4974-a4ce-553ef81f192d,291318032,2025-06-15 14:21:32-06:00,2025-06-15,-105.4685116667,40.7823783333,2398.0,,12.4,25.0,0.4,14.8,,1015.2,Amanita muscaria flavivolvata,"Red Feather Lakes, CO, US",3,
4a8c9680-f82f-4212-8a28-77d519f3d9f2,291285733,2025-06-20 13:48:29-06:00,2025-06-20,-105.2818706912,39.8204777018,2271.0,,18.0,37.0,0.0,13.7,,1009.9,Amanita muscaria flavivolvata,"White Ranch Park, Golden, CO, US",2,
896d9e29-05df-4409-a039-f1482cedbcc5,291127776,2025-06-19 16:38:59-06:00,2025-06-19,-104.9040472222,38.7253083333,2739.0,,16.0,31.0,0.0,10.5,,1021.2,Amanita muscaria flavivolvata,"Rock Creek, Colorado Springs, CO, USA",1,
18fa03d7-f647-4d15-8eaf-85b335f17a17,291081631,2025-06-19 13:59:20-06:00,2025-06-19,-105.4804772777,40.7819902013,2416.0,,11.3,25.1,0.0,21.3,,1012.3,Amanita muscaria flavivolvata,"Girlscout Rd, Red Feather Lakes, CO, US",2,
be4e06b5-4e76-47ce-a813-393a7cc01e2c,291081303,2025-06-19 14:00:07-06:00,2025-06-19,-105.4805665809,40.7819586306,2416.0,,11.3,25.1,0.0,21.3,,1012.3,Amanita muscaria flavivolvata,"Girlscout Rd, Red Feather Lakes, CO, US",1,
e0f23fd0-775a-4e53-948d-12777aa3187d,291069890,2025-06-19 12:07:15-06:00,2025-06-19,-103.4398116667,43.8537633333,1592.0,,10.0,30.0,0.0,7.8,,1008.8,Amanita muscaria flavivolvata,"Centennial Bypass 89B, Custer, SD, US",2,
6b3a485b-424c-43b2-abeb-f5646e9efc8c,290765056,2025-06-17 08:56:50-06:00,2025-06-17,-105.6061033333,40.3212133333,2658.0,,8.3,20.5,1.1,9.8,,1022.5,Amanita muscaria flavivolvata,"Sprague Lake/Five Senses Trail, Estes Park, CO, US",2,
9d0c3f29-c865-43af-a8e5-d4197c973c15,290761409,2025-06-18 14:24:43-06:00,2025-06-18,-105.4800570198,40.7889015461,2394.0,,7.2,20.3,0.0,16.0,,1016.1,Amanita muscaria flavivolvata,"Red Feather Lakes, CO, US",1,
f24e1b7f-11d1-4f8a-a37f-714c039bba21,290053998,2021-07-13 12:37:00-06:00,2021-07-13,-105.7425098662,40.3412679215,3619.0,,9.6,27.1,0.2,7.6,,1029.7,Amanita muscaria flavivolvata,"Grand County, CO, USA",2,
4ec99186-8680-47ca-b06d-958e61748c82,287696487,2025-06-07 01:43:24-06:00,2025-06-07,-104.689762095,38.9917938928,2232.0,,5.8,24.5,0.0,9.0,,1013.6,Amanita muscaria flavivolvata,"Hungate Rd, Colorado Springs, CO, US",2,
32a97c9b-338f-4125-93f6-fe59dc60bae8,287453297,2025-06-06 16:40:00-06:00,2025-06-06,-105.5668722222,40.3612666667,2428.0,,13.0,19.2,4.5,8.1,,1020.3,Amanita muscaria flavivolvata,"Larimer County, CO, USA",0,
14933d1c-50fd-4128-b518-62c0221e134f,287304200,2025-06-05 15:00:39-06:00,2025-06-05,-106.3868785872,35.8311709037,2556.0,,10.1,22.2,0.5,8.9,,1021.3,Amanita muscaria flavivolvata,"NM-4, Los Alamos, NM, US",2,
0bd8ef01-f7c7-491c-b1ec-d6fb22903837,286351917,2025-06-02 10:06:00-06:00,2025-06-02,-104.8924683754,38.7977496529,2351.0,,13.0,25.0,0.1,10.4,,1014.7,Amanita muscaria flavivolvata,"Pike and San Isabel National Forests, Colorado Springs, CO, US",2,
d9ce1eb5-f9df-4a6d-ad59-38cf65d963dd,286113565,2022-08-07 06:37:11-06:00,2022-08-07,-105.5309281256,40.1311555123,2693.0,,18.0,29.0,15.9,7.7,,1023.1,Amanita muscaria flavivolvata,"Buchanan Pass Trail, Lyons, CO, US",1,
e193a40e-4f31-4250-b78d-0190a3bbf94d,284440361,2025-05-26 13:31:19-06:00,2025-05-26,-105.3452731581,40.0989175798,1969.0,,8.0,16.0,1.6,2.5,,1019.9,Amanita muscaria flavivolvata,"Lefthand Canyon Dr, Jamestown, CO, US",2,
7a8bee5c-4f4e-46bb-8409-8e0cdb5c92ee,282537503,2024-07-28 12:42:43-06:00,2024-07-28,-105.8320981265,40.5413960154,3171.0,,7.9,26.4,0.2,13.7,,1012.0,Amanita muscaria flavivolvata,"Larimer County, US-CO, US",2,
03b90b63-f38a-48cc-a609-826d2bfbf8a3,280914568,2023-07-04 13:13:58-06:00,2023-07-04,-105.519875,40.1276666667,2649.0,,13.0,27.0,15.3,9.3,,1019.7,Amanita muscaria flavivolvata,"Buchanan Pass Trail, Ward, CO, US",2,
75f3e7e0-2769-4342-a443-fecc36641b77,272808858,2012-07-30 09:04:00-06:00,2012-07-30,-105.60788,40.08326,3379.0,,,,,5.0,,,Amanita muscaria flavivolvata,"Boulder County, CO, USA",2,
1698ed90-ef68-460f-a9ee-35671b7c327b,272805717,2012-07-30 13:36:00-06:00,2012-07-30,-105.59089,40.08536,3268.0,,,,,5.0,,,Amanita muscaria flavivolvata,"Boulder County, CO, USA",2,
c1caa73a-4ac2-44b9-a17d-7c37f4778d9c,271891561,2016-08-28 11:58:00-06:00,2016-08-28,-107.5839466,37.3752801,2318.0,,5.6,22.2,0.0,6.0,,1020.4,Amanita muscaria flavivolvata,"Vallecito, CO 81122, USA",2,
6dbafbdd-c00d-43e2-9975-567ea3463996,268158940,2013-07-21 12:32:00-06:00,2013-07-21,-104.9379701792,39.1138401985,2398.0,,12.4,31.0,,10.5,,1009.8,Amanita muscaria flavivolvata,"El Paso County, CO, USA",2,
1c8df5f9-3890-4a5f-988b-705155837a02,263023603,2024-09-07 14:26:02-06:00,2024-09-07,-107.2256166667,37.506255,2521.0,,7.0,25.0,0.5,11.2,,1031.2,Amanita muscaria flavivolvata,"San Juan National Forest - Headquarters, Pagosa Springs, CO, US",1,
fd5127a2-4505-4a6e-97ac-5d184515119b,262391593,2006-07-31 09:08:00-06:00,2006-07-31,-105.0447959,36.5672125,2518.0,,,,,,,,Amanita muscaria flavivolvata,"Philmont Scout Ranch, New Mexico 87714, USA",1,
160c68c6-0962-4d05-8325-104d14a4cd9d,262390726,2006-07-31 08:59:00-06:00,2006-07-31,-105.0447959,36.5672125,2518.0,,,,,,,,Amanita muscaria flavivolvata,"Philmont Scout Ranch, New Mexico 87714, USA",1,
a9c688ca-6cb4-4186-a59e-758aec0d025b,261895182,2022-08-07 08:37:33-06:00,2022-08-07,-107.9651951475,39.046080776,3159.0,,19.0,36.4,0.0,10.0,,1021.5,Amanita muscaria flavivolvata,"Grand Mesa Uncompahgre and Gunnison National Forests, Cedaredge, CO, US",2,
3da271a8-6b59-4e28-8186-c2e88646beb6,260283039,2011-08-06 16:30:00-06:00,2011-08-06,-106.1284332759,39.3244935645,3607.0,,3.9,21.7,,10.0,,1014.1,Amanita muscaria flavivolvata,"Park County, CO, USA",2,
5e418320-1b3b-472b-a9ef-344de0ed833c,256571046,2024-07-15 12:14:00-06:00,2024-07-15,-105.6487173211,39.900517506,2843.0,,3.6,16.5,3.2,12.8,,1021.8,Amanita muscaria flavivolvata,"Gilpin County, CO, USA",1,
f271e44c-b99a-4858-ab84-eb3025cc5f2c,252740760,2024-08-17 09:04:16-06:00,2024-08-17,-106.1868278274,39.5707282052,3329.0,,12.0,20.0,0.5,14.1,,1041.9,Amanita muscaria flavivolvata,"White River National Forest, Silverthorne, CO, US",2,
481334a7-f9a6-440b-be02-f4be39ff744d,252317873,2023-08-31 14:19:40-06:00,2023-08-31,-105.5785283589,40.0791570985,3166.0,,5.8,27.1,0.0,6.6,,1025.6,Amanita muscaria flavivolvata,"Brainard Lake Rd, Ward, CO, US",2,
bb385b6f-bb00-4921-9a9a-219ada79e156,250753727,2024-08-24 12:44:49-06:00,2024-08-24,-107.9308832157,39.0632007445,3315.0,,16.1,27.6,0.2,13.0,,1016.8,Amanita muscaria flavivolvata,"Grand Mesa Uncompahgre and Gunnison National Forests, Collbran, CO, US",2,
022ffa3b-5375-4dd2-a242-28ec02b3ebe3,249816766,2024-07-15 14:52:00-06:00,2024-07-15,-106.1094967156,39.6552287538,2913.0,,9.0,18.0,10.8,15.1,,1040.8,Amanita muscaria flavivolvata,"Summit County, CO, USA",2,
09bc188d-897c-4057-8602-ecec90601908,245623921,2024-07-27 19:06:17-06:00,2024-07-27,-105.1213861111,36.4652055556,3158.0,,5.6,25.4,0.3,6.8,,1026.0,Amanita muscaria flavivolvata,"Cimarron, NM 87714, USA",2,
b9a0f164-5b34-4671-9ced-dc9ca9d045ac,243914591,2021-07-19 11:26:06-06:00,2021-07-19,-106.3956,35.9200583333,2929.0,,17.1,29.6,0.0,9.8,,1031.3,Amanita muscaria flavivolvata,"Santa Fe National Forest, Los Alamos, NM, US",1,
831af91e-eade-4b66-a368-5e583342c993,243914550,2021-07-19 11:00:39-06:00,2021-07-19,-106.400055,35.9240583333,2786.0,,17.1,29.6,0.0,9.8,,1031.3,Amanita muscaria flavivolvata,"Valles Caldera National Preserve, Jemez Springs, NM, US",1,
ace88f54-33f9-47b5-ab0c-9b2492c624b3,242090353,2024-09-15 14:44:20-06:00,2024-09-15,-105.571249947,39.9490913073,2653.0,,-1.6,11.6,4.9,9.5,,1017.5,Amanita muscaria flavivolvata,"Eldora, CO 80466, USA",1,
a52b0ca5-7861-47f8-a439-55e1c34b7c36,241339144,2024-09-01 12:48:59-06:00,2024-09-01,-105.7875533333,35.81073,3189.0,,12.8,28.3,0.0,15.5,,1018.2,Amanita muscaria flavivolvata,"Santa Fe National Forest, Tererro, NM, US",1,
ebbc59a3-b337-4507-ad14-f9f35c8d701b,241130765,2024-09-07 12:01:05-06:00,2024-09-07,-105.6413283333,35.9107166667,3455.0,,,,,,,,Amanita muscaria flavivolvata,"Santa Fe National Forest, Cleveland, NM, US",1,
e0ecf84b-3238-404c-91f1-d9305231fee2,240631776,2024-08-29 18:15:35-06:00,2024-08-29,-105.5553478003,40.1350738693,2813.0,,,,,4.8,,,Amanita muscaria flavivolvata,"Lyons, CO 80540, USA",1,
db78655a-4409-451a-aca7-eb9b1244982d,239595029,2024-09-01 19:35:35-06:00,2024-09-01,-105.43003,36.5533216667,3407.0,,1.2,21.3,,8.3,,,Amanita muscaria flavivolvata,"Carson National Forest, Taos, NM, US",2,
b7a27abf-1a07-4a50-b3b1-c4c80ad804f0,239500324,2024-09-02 12:06:06-06:00,2024-09-02,-104.7636413574,38.9223327637,2047.0,,6.2,28.5,,14.5,,1019.3,Amanita muscaria flavivolvata,"El Paso County, US-CO, US",1,
f38e6c34-76d4-42f6-9f03-b80fcaef3206,239500323,2024-09-02 12:05:43-06:00,2024-09-02,-105.0287695229,38.860577854,3329.0,,6.2,28.5,,14.5,,1019.3,Amanita muscaria flavivolvata,"Pike and San Isabel National Forests, Manitou Springs, CO, US",1,
a67bf313-49a3-4429-8469-11cc1feec6f9,239484965,2024-09-02 15:19:51-06:00,2024-09-02,-105.4345453811,39.7335098822,2352.0,,13.0,32.0,,6.1,,,Amanita muscaria flavivolvata,"Fawn Creek Ln, Evergreen, CO, US",1,
a1708f30-1574-4a97-afb1-b1c18c24ab59,239484077,2024-09-02 12:14:31-06:00,2024-09-02,-105.4347426073,39.733521533,2352.0,,13.0,32.0,,6.1,,,Amanita muscaria flavivolvata,"Fawn Creek Ln, Evergreen, CO, US",1,
e504c035-a8bc-4d17-8e27-f51d4dd933fe,239272140,2024-07-06 18:50:07-06:00,2024-07-06,-107.6817466667,37.9317966667,3004.0,,8.0,22.0,0.0,12.7,,1031.0,Amanita muscaria flavivolvata,"Grand Mesa Uncompahgre and Gunnison National Forests, Ouray, CO, US",3,
97f60bf2-873c-498a-be13-277864ce23b3,239265145,2024-07-24 11:46:23-06:00,2024-07-24,-105.7417246995,40.1084238583,2574.0,,4.6,26.2,0.1,5.2,,1034.8,Amanita muscaria flavivolvata,"Cascade Creek Trail, Grand Lake, CO, US",3,
a8e4c655-dc8b-49c6-aefe-5be67bf0d5d0,239100895,2024-08-31 17:36:01-06:00,2024-08-31,-107.8082600627,37.634071836,2680.0,,8.0,22.0,,5.6,,,Amanita muscaria flavivolvata,"Colorado, US",1,
b9b63fbd-f3fc-446c-821e-3a0201c1809f,238789862,2024-08-23 10:47:31-06:00,2024-08-23,-106.3128966667,38.89305,3524.0,,4.7,19.4,0.5,12.4,,1019.1,Amanita muscaria flavivolvata,"Pike and San Isabel National Forests, Granite, CO, US",2,
f1a0d3ac-c92b-467d-8659-002bd8ecc632,238473744,2024-08-27 14:28:12-06:00,2024-08-27,-105.6178516667,36.1424366667,2799.0,,8.9,25.0,,9.3,,1024.8,Amanita muscaria flavivolvata,"Taos County, US-NM, US",2,
f24acd2e-47f8-493c-9dda-d4362b79575a,238425356,2024-08-26 14:59:00-06:00,2024-08-26,-105.4473694444,39.9574222222,2589.0,,15.0,27.0,1.2,3.5,,1018.3,Amanita muscaria flavivolvata,"Boulder County, CO, USA",1,
e00f5271-1d9d-480a-8070-1c4f4ea02eb1,238132251,2024-07-25 17:22:57-06:00,2024-07-25,-108.1889335625,37.4795651762,2919.0,,15.0,34.0,0.6,11.6,,1026.2,Amanita muscaria flavivolvata,"San Juan National Forest - Headquarters, Mancos, CO, US",2,
07c1683a-9fdc-4d6c-a931-966abf8fd697,238052199,2024-08-25 11:19:47-06:00,2024-08-25,-105.3148805556,39.3579611111,2171.0,,5.2,17.2,2.5,12.4,,1022.0,Amanita muscaria flavivolvata,"Pine, CO 80470, USA",1,
1a0b1d2b-3876-46fb-b86b-7c094a03ec82,238002140,2024-08-21 09:36:20-06:00,2024-08-21,-105.9190518539,40.4715561323,3486.0,,7.1,24.8,1.4,5.2,,1031.9,Amanita muscaria flavivolvata,"Colorado, US",2,
3588d92e-222c-4e13-b44b-fcf3bbea7fc8,237966668,2024-08-25 11:51:56-06:00,2024-08-25,-105.5562221997,40.0708673,3237.0,,15.0,31.0,0.2,6.2,,1015.3,Amanita muscaria flavivolvata,"Nederland, CO 80466, USA",1,
67245ec4-dbc5-40e3-a38f-dc0c61a2c3f4,237785489,2024-08-24 14:44:48-06:00,2024-08-24,-105.65422,39.8970666667,2880.0,,2.9,14.4,4.3,14.6,,1021.5,Amanita muscaria flavivolvata,"South Boulder Creek Trail, Black Hawk, CO, US",2,
3d0d8e7c-aedd-46b2-a991-cb92c46ce97b,237764182,2024-08-24 12:42:45-06:00,2024-08-24,-105.3588,39.2469944444,2512.0,,6.1,18.4,0.2,16.1,,1019.2,Amanita muscaria flavivolvata,"Jefferson County, US-CO, US",2,
5de631e9-4ac0-4e96-b97c-23c38e6deb25,237536542,2024-08-09 13:41:00-06:00,2024-08-09,-105.8067694444,39.4830944444,3015.0,,2.3,12.3,2.3,11.5,,1022.6,Amanita muscaria flavivolvata,"Park County, CO, USA",2,
1a3b8ce5-f72a-4f7d-b01b-a5a021a56da3,237223554,2024-08-20 13:57:00-06:00,2024-08-20,-105.70845,39.5129916667,2959.0,,3.8,16.4,2.2,11.1,,1024.8,Amanita muscaria flavivolvata,"Park County, CO, USA",3,
3f23b82f-93b9-4e55-9d14-7c9d3dcc075c,237223547,2024-08-20 13:49:00-06:00,2024-08-20,-105.7093194444,39.5118111111,2948.0,,3.8,16.4,2.2,11.1,,1024.8,Amanita muscaria flavivolvata,"Park County, CO, USA",1,
8748d0c4-966e-41b7-8d0d-e23db02f2f50,237141260,2021-07-19 14:47:01-06:00,2021-07-19,-106.4590916667,37.0444333333,3213.0,,,,,,,,Amanita muscaria flavivolvata,"Rio Grande National Forest, Antonito, CO, US",1,
30a63ba6-fd0b-44af-8ee0-81941d3290cb,237013742,2024-07-27 20:06:44-06:00,2024-07-27,-106.8082290049,37.5406735888,2884.0,,5.0,15.0,7.6,14.6,,1036.3,Amanita muscaria flavivolvata,"Rio Grande National Forest, Creede, CO, US",2,
15da0ff0-8800-4dd2-a747-66a18374a31f,236858828,2024-08-19 17:07:16-06:00,2024-08-19,-105.5212527778,40.1279111111,2662.0,,19.0,31.0,0.9,7.9,,1023.9,Amanita muscaria flavivolvata,"Lyons, CO 80540, USA",2,
e7218ef2-3403-4d08-8411-72ba0a60745b,236673212,2024-08-18 19:01:49-06:00,2024-08-18,-106.79721519,37.48379249,3328.0,,8.0,17.0,1.4,12.9,,1043.3,Amanita muscaria flavivolvata,"Mineral County, CO, USA",3,
24b98913-571a-4d8f-bfe3-10fc1a1fea5b,236622363,2024-08-17 13:58:32-06:00,2024-08-17,-105.7954866667,40.3725533333,3416.0,,4.2,26.6,0.0,7.5,,1031.6,Amanita muscaria flavivolvata,"Rocky Mountain National Park, Grand Lake, CO, US",1,
d5b7261d-4757-439a-8fc6-4a51d09cbadd,236511089,2024-08-09 13:10:29-06:00,2024-08-09,-106.4215278006,39.1447494704,3343.0,,9.4,19.4,,8.6,,1016.7,Amanita muscaria flavivolvata,"Pike and San Isabel National Forests, Twin Lakes, CO, US",1,
fd5da37e-7607-4114-8167-fd0a71862598,236431432,2024-08-17 13:14:55-06:00,2024-08-17,-107.8583666667,37.8796366667,3275.0,,12.0,23.0,4.9,9.4,,1034.5,Amanita muscaria flavivolvata,"Grand Mesa Uncompahgre and Gunnison National Forests, Ophir, CO, US",1,
a0fc689c-3104-42b9-9c9e-1f6d6455b337,236397702,2024-08-17 14:20:19-06:00,2024-08-17,-106.2931277778,39.5913472222,3380.0,,12.0,20.0,0.5,14.1,,1041.9,Amanita muscaria flavivolvata,"Vail, CO 81657, USA",1,
2887bd1e-9ae0-4565-bb05-c10bd454df13,236391391,2024-08-17 12:43:58-06:00,2024-08-17,-107.8541716667,37.8839116667,3338.0,,12.0,23.0,4.9,9.4,,1034.5,Amanita muscaria flavivolvata,"Grand Mesa Uncompahgre and Gunnison National Forests, Ophir, CO, US",1,
7ab43445-db7a-451c-acdd-960f09b12ac7,236380445,2024-08-17 14:40:56-06:00,2024-08-17,-107.8385028982,37.8985297912,3397.0,,12.0,23.0,4.9,9.4,,1034.5,Amanita muscaria flavivolvata,"Telluride Ski Resort, Telluride, CO, US",1,
46290107-04d3-49b6-8d65-94e9642b1588,236174010,2024-08-16 14:15:01-06:00,2024-08-16,-107.9345587549,37.785187291,3182.0,,12.0,25.0,0.0,11.9,,1033.2,Amanita muscaria flavivolvata,"Dolores County, US-CO, US",1,
77869a03-89e6-40ef-845d-722a1bad2186,236025407,2024-08-15 18:10:09-06:00,2024-08-15,-105.39765,39.3394388889,2510.0,,3.2,18.3,3.4,10.2,,1020.4,Amanita muscaria flavivolvata,"Pine, CO 80470, USA",1,
b163c69c-dfee-48ca-874a-e18a658d6744,235816811,2024-08-14 12:58:44-06:00,2024-08-14,-107.9811633333,37.76825,2863.0,,9.0,20.0,0.1,7.9,,1032.4,Amanita muscaria flavivolvata,"San Juan National Forest - Headquarters, Rico, CO, US",1,
f6e70c9d-558b-4f7c-80c9-afa6e0285cc9,235788192,2024-08-13 09:03:58-06:00,2024-08-13,-107.9830649565,37.9817382733,2689.0,,10.0,18.0,15.2,7.5,,1031.3,Amanita muscaria flavivolvata,"Colorado, US",1,
6436cfbc-bdcb-4b16-beb1-2e5ceecde97f,235781538,2024-08-13 09:22:17-06:00,2024-08-13,-105.7061339895,39.5540667011,3569.0,,2.1,12.7,9.8,11.5,,1020.5,Amanita muscaria flavivolvata,"Pike and San Isabel National Forests, Grant, CO, US",1,
42612434-c4df-4914-be32-238a0dc0d9f0,235664907,2022-08-25 12:58:21-06:00,2022-08-25,-105.6189033333,39.9559283333,2939.0,,-1.1,14.1,4.7,6.6,,1023.7,Amanita muscaria flavivolvata,"Devils Thumb Bypass Trail, Nederland, CO, US",2,
fb7c4421-be45-40e0-ad56-7b13c0709178,235664249,2022-08-31 11:04:51-06:00,2022-08-31,-105.6253666667,39.9558966667,2983.0,,1.3,13.3,0.3,7.4,,1025.0,Amanita muscaria flavivolvata,"Devils Thumb Trail, Nederland, CO, US",1,
636f2382-61a0-46c9-94da-e2aad3cd2eb1,235457146,2024-08-11 18:31:47-06:00,2024-08-11,-105.0121388833,38.7564783333,3195.0,,18.0,27.0,8.5,12.9,,1024.4,Amanita muscaria flavivolvata,"Pike and San Isabel National Forests, Victor, CO, US",1,
5e756889-6515-4d45-8e0e-0502b4406032,235424534,2024-08-10 15:22:37-06:00,2024-08-10,-105.8585970012,39.4617455583,3297.0,,1.1,12.2,2.8,12.8,,1023.1,Amanita muscaria flavivolvata,"Park County, US-CO, US",2,
f5a075df-fe8e-456e-a388-a22dedc75cf0,235408760,2024-08-10 12:48:43-06:00,2024-08-10,-107.7105333333,37.8911283333,3428.0,,11.0,21.0,15.5,5.6,,1034.2,Amanita muscaria flavivolvata,"San Juan National Forest - Headquarters, Silverton, CO, US",1,
4ab0bad0-fc3f-403e-905d-0c4012f2a04e,235403124,2024-08-09 07:47:17-06:00,2024-08-09,-107.825905,38.017075,3185.0,,11.0,20.0,24.0,3.9,,1033.2,Amanita muscaria flavivolvata,"Grand Mesa Uncompahgre and Gunnison National Forests, Ridgway, CO, US",1,
2f04a945-efcb-46b8-8609-e175f1116c2e,235344401,2024-08-11 13:42:31-06:00,2024-08-11,-105.6355274096,40.1609833957,3240.0,,5.5,20.8,5.1,8.4,,1030.3,Amanita muscaria flavivolvata,"Allenspark, CO, USA",1,
f8236252-dd35-4b3b-9a63-20043290eb0a,235308462,2024-08-11 12:48:30-06:00,2024-08-11,-106.2625700423,39.2407934927,3347.0,,4.4,21.1,,10.4,,1018.1,Amanita muscaria flavivolvata,"Leadville, CO, US",1,
b6cd5d12-58c5-47c1-8f3d-c3847640bcd2,235260098,2024-08-11 11:51:00-06:00,2024-08-11,-105.6377333333,40.2314416667,3372.0,,5.5,20.8,5.1,8.4,,1030.3,Amanita muscaria flavivolvata,"Rocky Mountain National Park, Ward, CO, US",1,
583aec2a-3322-47a3-ad7b-e5139d875a60,235176689,2024-07-26 16:38:04-06:00,2024-07-26,-104.8399970544,38.6791840772,1913.0,,18.5,33.0,,11.7,,1005.0,Amanita muscaria flavivolvata,"Colorado, US",2,
185018e4-cbd2-43cf-befe-a3d08d8e2dc5,235173650,2024-08-10 13:15:10-06:00,2024-08-10,-106.3908783333,37.111,2879.0,,,,,,,,Amanita muscaria flavivolvata,"Rio Grande National Forest, Antonito, CO, US",1,
5c6d503e-d23c-476b-84a7-5bdc1ffac859,235033285,2024-08-10 12:33:00-06:00,2024-08-10,-106.6786461,39.5358185,3298.0,,11.7,27.8,2.7,12.1,,1017.0,Amanita muscaria flavivolvata,"Porphyry Mountain, Colorado 81632, USA",1,
84ee404d-2b8b-4fa8-b053-b8ef88b3437e,235002003,2024-07-21 10:52:20-06:00,2024-07-21,-105.6022099877,39.8493343707,3114.0,,-1.5,10.5,10.0,9.6,,1027.0,Amanita muscaria flavivolvata,"Colorado, US",2,
a013f0a5-2e0b-4786-b29f-b21105df44ac,234989935,2024-08-08 10:59:00-06:00,2024-08-08,-106.2582912,39.5584768,3272.0,,12.0,19.0,1.5,15.1,,1039.0,Amanita muscaria flavivolvata,"Eagle County, CO, USA",2,
e1197e28-0cc3-48ae-a626-549490d9b57c,234988609,2024-08-01 15:59:57-06:00,2024-08-01,-105.5839,40.0781138333,3214.0,,4.1,28.1,0.0,5.4,,1034.0,Amanita muscaria flavivolvata,"Long Lake Rd, Ward, CO, US",1,
3a4188c8-eb6c-44eb-b0da-edbef4d24d84,234961641,2024-08-10 13:01:00-06:00,2024-08-10,-106.0871721667,39.4726366667,3453.0,,6.7,19.4,,9.4,,1019.7,Amanita muscaria flavivolvata,"Breckenridge Ski Resort, Breckenridge, CO, US",1,
216c657b-d2f9-45aa-afd5-167ad47aa3f7,234948726,2024-08-10 12:06:18-06:00,2024-08-10,-106.0634847545,39.4261450321,3294.0,,6.7,19.4,,9.4,,1019.7,Amanita muscaria flavivolvata,"Summit County, US-CO, US",1,
63741747-6229-4af9-8c0b-fa661d1a3b5a,234925457,2024-08-10 11:19:56-06:00,2024-08-10,-106.1001805,39.6505666667,2786.0,,7.0,18.0,12.2,13.4,,1039.8,Amanita muscaria flavivolvata,"White River National Forest, Silverthorne, CO, US",1,
47d36578-cd50-4c3e-bd22-056ec3c96525,234910945,2024-08-10 09:00:19-06:00,2024-08-10,-106.057625,39.4762583333,3009.0,,6.7,19.4,,9.4,,1019.7,Amanita muscaria flavivolvata,"White River National Forest, Breckenridge, CO, US",1,
8ce24220-bfbc-4df3-b6a1-623e8c1c6cb1,234821433,2024-08-09 11:25:17-06:00,2024-08-09,-106.0081131718,39.4422989653,3182.0,,9.4,19.4,,8.6,,1016.7,Amanita muscaria flavivolvata,"Colorado, US",2,
5eea1bb7-eb02-40f6-be37-e7fdfc29ec20,234789842,2024-08-02 12:54:37-06:00,2024-08-02,-105.43297,39.1822916667,3370.0,,9.2,22.9,0.0,9.7,,1023.1,Amanita muscaria flavivolvata,"Pike and San Isabel National Forests, Lake George, CO, US",2,
4996fdb5-e40d-4f51-8ffd-b4ad7075913d,234702480,2024-08-09 09:02:03-06:00,2024-08-09,-106.2846722222,39.6677083333,2983.0,,7.0,15.0,10.1,18.9,,1039.1,Amanita muscaria flavivolvata,"Eagle County, US-CO, US",2,
7b0d9ae8-44af-4155-a616-a755fb86d716,234702296,2024-08-04 17:13:49-06:00,2024-08-04,-105.5584999722,40.1667419722,3205.0,,8.1,28.8,0.1,7.5,,1030.0,Amanita muscaria flavivolvata,"Allenspark, CO, USA",2,
329adcba-bcd4-471b-955e-70bb3eee20ba,234573716,2024-08-08 13:53:43-06:00,2024-08-08,-106.04362809,39.47740296,2944.0,,5.0,23.9,0.0,11.4,,1016.0,Amanita muscaria flavivolvata,"White River National Forest, Breckenridge, CO, US",1,
a928f56d-8b00-4165-bb66-e8e26f279a4b,234358229,2024-08-01 20:06:52-06:00,2024-08-01,-106.6295446296,35.9295462076,2782.0,,19.0,30.3,,11.8,,1026.7,Amanita muscaria flavivolvata,"Sandoval County, US-NM, US",1,
46b1e1fe-4320-4b5f-bde4-19524234f36e,234243508,2024-08-06 12:04:07-06:00,2024-08-06,-105.8239212036,40.483581543,3131.0,,7.9,27.7,0.5,5.9,,1032.6,Amanita muscaria flavivolvata,"Rocky Mountain National Park, Larimer County, US-CO, US",1,
7e9e798c-600b-455d-b5d4-c1d90c648754,234224196,2024-08-06 10:57:54-06:00,2024-08-06,-106.2909083333,39.5686833333,3499.0,,12.0,20.0,1.8,15.8,,1043.4,Amanita muscaria flavivolvata,"White River National Forest, Red Cliff, CO, US",1,
bd85e73d-dc95-4570-8abd-7ad09a57b772,234214428,2024-07-26 11:13:02-06:00,2024-07-26,-106.4580166667,39.39862,3015.0,,9.4,22.2,,12.1,,1013.6,Amanita muscaria flavivolvata,"White River National Forest, Red Cliff, CO, US",3,
9b8475fc-75e6-4e20-8426-9c03db584f4d,233973189,2024-08-03 19:23:21-06:00,2024-08-03,-106.5924833333,38.6771366667,3526.0,,10.0,20.0,0.1,21.7,,1046.5,Amanita muscaria flavivolvata,"Grand Mesa Uncompahgre and Gunnison National Forests, Gunnison, CO, US",1,
6a1a7fa2-e2e4-4a06-abc4-c04203e724f9,233970055,2024-08-03 10:32:45-06:00,2024-08-03,-106.4473625204,39.5877254902,2564.0,,15.0,23.0,0.0,12.6,,1043.9,Amanita muscaria flavivolvata,"White River National Forest, Minturn, CO, US",1,
055a8e2c-a75b-4ff4-a796-9fed755b1f3e,233826434,2024-08-04 07:51:00-06:00,2024-08-04,-106.7068808433,40.7893332561,2738.0,,12.9,27.6,0.0,5.5,,1025.4,Amanita muscaria flavivolvata,"Routt County, CO, USA",2,
5bcdda6a-0012-4bff-8b44-fc778a5ef15f,233784989,2024-07-29 15:13:24-06:00,2024-07-29,-106.1509989416,39.4350408398,3565.0,,3.3,25.6,0.0,11.8,,1012.7,Amanita muscaria flavivolvata,"White River National Forest, Breckenridge, CO, US",1,
574dd5dc-5919-4779-bbb5-19cc62dcde91,233781473,2024-07-29 08:37:19-06:00,2024-07-29,-106.1484388333,39.438545,3413.0,,3.3,25.6,0.0,11.8,,1012.7,Amanita muscaria flavivolvata,"White River National Forest, Breckenridge, CO, US",1,
a47af20e-2636-46a6-86f6-20d8420cca6a,233776999,2024-07-26 20:01:28-06:00,2024-07-26,-106.4647533333,39.4926,3438.0,,9.4,22.2,,12.1,,1013.6,Amanita muscaria flavivolvata,"White River National Forest, Red Cliff, CO, US",1,
e82371d0-8e64-4398-9989-05b9b9336a9d,233761249,2024-07-26 10:37:07-06:00,2024-07-26,-107.724245,37.6940883333,3452.0,,13.0,25.0,5.7,9.6,,1031.7,Amanita muscaria flavivolvata,"San Juan National Forest - Headquarters, Durango, CO, US",2,
6b57509e-32f1-4d12-bf0c-ca03b9356883,233623680,2024-07-17 13:09:29-06:00,2024-07-17,-105.5875966298,36.6254170461,2963.0,,12.2,27.8,0.8,17.1,,1022.1,Amanita muscaria flavivolvata,"Carson National Forest, Taos, NM, US",2,
f1077d7e-6d69-4028-ae22-2da3173c50d9,233605389,2024-08-03 16:57:50-06:00,2024-08-03,-107.5758883333,37.7709916667,3519.0,,12.0,28.0,1.0,5.2,,1035.4,Amanita muscaria flavivolvata,"San Juan County, US-CO, US",1,
6cc87a7f-d433-47d6-a939-78b12717499f,233480725,2022-08-31 17:04:28-06:00,2022-08-31,-106.0475388333,39.4822283333,2924.0,,7.8,22.2,0.0,9.0,,1018.8,Amanita muscaria flavivolvata,"White River National Forest, Breckenridge, CO, US",2,
fa6cd62f-4201-461f-95d7-fbbb58bf8b1f,233303209,2024-07-27 11:18:41-06:00,2024-07-27,-106.64383,39.4803,3023.0,,12.2,28.3,1.2,9.1,,1011.5,Amanita muscaria flavivolvata,"White River National Forest, Eagle, CO, US",1,
dc0be8fd-3696-4b50-8ec7-1debfe6c2cc5,233230632,2024-07-26 14:26:48-06:00,2024-07-26,-107.0599550597,38.8968857249,3316.0,,13.9,23.9,,11.2,,1014.0,Amanita muscaria flavivolvata,"Grand Mesa Uncompahgre and Gunnison National Forests, Crested Butte, CO, US",1,
f75584db-e419-402a-abbc-2a5b9aa43400,233199744,2024-08-01 08:23:50-06:00,2024-08-01,-107.7086541989,37.7247750108,3331.0,,13.0,28.0,0.0,5.9,,1036.0,Amanita muscaria flavivolvata,"San Juan County, US-CO, US",1,
9627cf14-34c9-4e3b-a984-b35bd615f22a,233139187,2024-07-26 14:26:18-06:00,2024-07-26,-107.0569341704,38.8958077901,3350.0,,13.9,23.9,,11.2,,1014.0,Amanita muscaria flavivolvata,"Grand Mesa Uncompahgre and Gunnison National Forests, Crested Butte, CO, US",1,
c60fd400-a390-4954-8cdb-0f2bfd7848a5,233001279,2024-07-15 12:01:41-06:00,2024-07-15,-107.6859172997,37.7406561997,3170.0,,14.0,25.0,1.0,5.1,,1034.0,Amanita muscaria flavivolvata,"Silverton, CO 81433, USA",1,
7e323e31-5c03-4060-b8f8-3f1f1be6552c,232966118,2024-07-31 10:46:22-06:00,2024-07-31,-106.5083616667,37.08155,3476.0,,11.0,20.0,1.1,9.5,,1040.8,Amanita muscaria flavivolvata,"Rio Grande National Forest, Antonito, CO, US",1,
9be3a5e6-89a7-4601-a1f5-62070f0db1ae,232966021,2024-07-31 10:46:35-06:00,2024-07-31,-106.5084,37.08155,3476.0,,11.0,20.0,1.1,9.5,,1040.8,Amanita muscaria flavivolvata,"Rio Grande National Forest, Antonito, CO, US",1,
e0ec71f9-6c66-4663-a2e1-29c2fe359da6,232965925,2024-07-29 15:50:08-06:00,2024-07-29,-107.5691383333,37.5778116667,3201.0,,9.4,31.1,,8.7,,1015.0,Amanita muscaria flavivolvata,"San Juan National Forest - Headquarters, Durango, CO, US",2,
e30f55c3-3b63-43b3-82a7-289ab7c3b732,232965921,2024-07-31 10:47:18-06:00,2024-07-31,-106.5084133333,37.0815361667,3476.0,,11.0,20.0,1.1,9.5,,1040.8,Amanita muscaria flavivolvata,"Rio Grande National Forest, Antonito, CO, US",2,
2dfcb523-1bb6-41e7-ae70-b86ca190445d,232852489,2024-07-23 14:16:20-06:00,2024-07-23,-106.4956037997,39.3908374,3365.0,,1.7,25.6,0.0,7.2,,1018.3,Amanita muscaria flavivolvata,"Gilman, CO 81645, USA",1,
e83ce869-ec1d-4034-b276-c29448f1ac76,232845170,2024-07-29 10:53:24-06:00,2024-07-29,-107.7038726667,37.7405586111,3346.0,,12.0,25.0,3.4,9.2,,1031.3,Amanita muscaria flavivolvata,"San Juan County, CO, USA",1,
9ee619be-ed31-4cfd-9477-49b9b8ab50da,232838254,2024-07-26 12:24:12-06:00,2024-07-26,-105.5349694444,37.9672027778,3304.0,,,,,,,,Amanita muscaria flavivolvata,"Custer County, CO, USA",1,
830dab32-322a-4a1a-9d94-c2df712bb04b,232813629,2024-07-28 09:50:57-06:00,2024-07-28,-105.8680116667,40.5796916667,3009.0,,7.9,26.4,0.2,13.7,,1012.0,Amanita muscaria flavivolvata,"Sawmill Snow Trail, Bellvue, CO, US",1,
9ca601a0-7f55-4856-b3cf-f2035b4a954d,232632925,2024-07-29 16:44:20-06:00,2024-07-29,-103.54718,43.8554833333,1939.0,,12.2,31.7,0.0,10.9,,1010.0,Amanita muscaria flavivolvata,"Black Hills National Forest, Custer, SD, US",2,
47665861-83e2-4c6b-be28-26de56f584bd,232594734,2024-07-29 12:59:10-06:00,2024-07-29,-105.8496916667,40.4016,2756.0,,2.9,25.8,0.0,10.8,,1027.1,Amanita muscaria flavivolvata,"Grand Lake, CO 80447, USA",2,
5132d4f3-1d31-4d44-84bb-740fc6b5cd79,232581377,2024-07-29 11:22:15-06:00,2024-07-29,-106.8595666667,37.4641283333,3138.0,,8.0,16.0,0.3,17.4,,1039.8,Amanita muscaria flavivolvata,"San Juan National Forest - Headquarters, Creede, CO, US",1,
6cdf8c42-79ce-4da7-b9f0-18da432a35e1,232572574,2024-07-29 12:59:41-06:00,2024-07-29,-106.8285366667,37.4843466667,3143.0,,8.0,16.0,0.3,17.4,,1039.8,Amanita muscaria flavivolvata,"San Juan National Forest - Headquarters, Creede, CO, US",1,
ba061692-edce-4f53-bebc-ca90767f8cc5,232554436,2024-07-29 11:19:25-06:00,2024-07-29,-106.0498666667,39.4439,3159.0,,3.3,25.6,0.0,11.8,,1012.7,Amanita muscaria flavivolvata,"White River National Forest, Breckenridge, CO, US",1,
5176174f-3888-4e6f-a305-4c27e9db3ad7,232507540,2024-07-29 09:01:22-06:00,2024-07-29,-106.0533055,39.4663866667,3040.0,,3.3,25.6,0.0,11.8,,1012.7,Amanita muscaria flavivolvata,"White River National Forest, Breckenridge, CO, US",1,
82afa0a6-2cc0-474e-a22d-bcf6edd3a13c,232402380,2024-07-16 11:51:19-06:00,2024-07-16,-106.9693320744,39.0890644527,3151.0,,10.0,24.4,,10.0,,1017.0,Amanita muscaria flavivolvata,"White River National Forest, Snowmass Village, CO, US",1,
b9ac4e46-e571-4b6a-86b9-9ae4084b95f1,232397332,2024-07-27 11:53:33-06:00,2024-07-27,-106.3293111111,38.49715,3461.0,,7.0,17.0,0.8,23.2,,1037.7,Amanita muscaria flavivolvata,"Salida, CO 81201, USA",1,
1793dd8b-03e1-41ed-adf8-1b10af6fdc99,232366527,2024-07-28 09:53:10-06:00,2024-07-28,-105.6232061761,40.4544856822,3255.0,,5.7,24.4,0.0,8.1,,1024.4,Amanita muscaria flavivolvata,"Rocky Mountain National Park, Estes Park, CO, US",2,
c3891b88-b408-43c7-b05b-8ab3063606eb,232327993,2024-07-28 08:35:31-06:00,2024-07-28,-106.0733861667,39.4932633333,3126.0,,12.0,18.0,0.0,23.1,,1035.0,Amanita muscaria flavivolvata,"White River National Forest, Breckenridge, CO, US",1,
45444a5d-a029-418e-b482-32018f0e66b1,232282774,2024-07-23 19:25:51-06:00,2024-07-23,-105.3992,39.2042366667,2614.0,,3.2,17.6,0.6,8.2,,1021.8,Amanita muscaria flavivolvata,"Park County, US-CO, US",1,
d0e8aba8-d600-4a8e-9fe6-743c89d78b8b,232279625,2024-07-21 09:49:27-06:00,2024-07-21,-105.5384619534,36.0513816494,3532.0,,12.2,23.9,,12.9,,1023.4,Amanita muscaria flavivolvata,"Vadito, NM 87579, USA",2,
5fbc4b41-3640-4e37-bc78-bff746220fb0,232271299,2024-07-27 17:41:00-06:00,2024-07-27,-105.806375,35.7717694444,3008.0,,13.9,31.1,,13.5,,1009.5,Amanita muscaria flavivolvata,"Santa Fe County, NM, USA",2,
07164eb4-55c0-4584-8fb6-d1b0a9959c63,232180061,2024-07-27 12:34:28-06:00,2024-07-27,-105.0526691971,37.9283502561,3464.0,,15.8,33.2,0.0,14.9,,1008.5,Amanita muscaria flavivolvata,"Colorado, US",1,
22d94d57-12f3-4f7d-9ed5-56da9a3ca07c,232154204,2024-07-27 12:13:28-06:00,2024-07-27,-105.3999633333,36.58133,3495.0,,5.6,25.4,0.3,6.8,,1026.0,Amanita muscaria flavivolvata,"Carson National Forest, Taos, NM, US",1,
66e928be-d050-4ef1-8b8f-0a54f8a5dfac,232151662,2024-07-27 14:17:45-06:00,2024-07-27,-106.76992,37.5155833333,2873.0,,5.0,15.0,7.6,14.6,,1036.3,Amanita muscaria flavivolvata,"Rio Grande National Forest, Creede, CO, US",2,
f47dcd1a-a9fc-4113-b04a-1f70d2459b88,232142121,2024-07-27 15:15:58-06:00,2024-07-27,-106.8284,37.4840383333,3143.0,,5.0,15.0,7.6,14.6,,1036.3,Amanita muscaria flavivolvata,"San Juan National Forest - Headquarters, Creede, CO, US",1,
a9717d9e-e01e-4d11-bf0a-502d72b6c874,232135334,2024-07-18 15:29:31-06:00,2024-07-18,-107.1201611111,40.011275,3280.0,,10.6,30.0,0.7,7.2,,1017.5,Amanita muscaria flavivolvata,"Meeker, CO 81641, USA",2,
1def00e9-dff9-4e8c-b249-dfe7ae9fb19a,231924127,2024-07-21 13:19:37-06:00,2024-07-21,-106.9446916667,38.9928972222,3313.0,,8.9,25.0,1.1,9.0,,1017.5,Amanita muscaria flavivolvata,"Aspen, CO 81611, USA",1,
33ffb66e-9ed4-4017-83ff-86715b28c2e9,231923508,2024-07-21 13:00:13-06:00,2024-07-21,-106.4823195744,39.1690013233,3494.0,,8.3,20.6,,10.5,,1016.6,Amanita muscaria flavivolvata,"Lake County, US-CO, US",2,
c0467918-ac22-4b1a-8b9c-ef54cb1ef15a,231897272,2024-07-26 10:58:05-06:00,2024-07-26,-107.7394333333,39.0214361667,3025.0,,19.0,33.3,0.2,11.5,,1012.4,Amanita muscaria flavivolvata,"Grand Mesa Uncompahgre and Gunnison National Forests, Hotchkiss, CO, US",2,
a4c74149-18e7-43f4-9f97-4182daaaa4a9,231872517,2024-07-16 10:26:52-06:00,2024-07-16,-106.9664550996,39.0877928608,3093.0,,10.0,24.4,,10.0,,1017.0,Amanita muscaria flavivolvata,"White River National Forest, Snowmass, CO, US",2,
b180d629-8cca-4590-92f9-deb8fb17424a,231716568,2024-07-22 11:25:10-06:00,2024-07-22,-107.2093194444,38.8636916667,3018.0,,7.2,25.0,0.6,13.1,,1020.3,Amanita muscaria flavivolvata,"Somerset, CO 81434, USA",2,
d71e3896-966c-4d04-bf7e-65423b3701cc,231604290,2024-07-24 13:40:15-06:00,2024-07-24,-108.1628085727,37.6852584206,2928.0,,13.0,26.0,1.2,8.1,,1036.6,Amanita muscaria flavivolvata,"Colorado, US",3,
09e3dbff-aee7-4262-b77c-6a778b94b290,231500308,2024-07-21 15:15:33-06:00,2024-07-21,-107.2101216667,38.8633583333,3018.0,,10.6,26.1,1.3,15.1,,1020.0,Amanita muscaria flavivolvata,"Grand Mesa Uncompahgre and Gunnison National Forests, Somerset, CO, US",1,
b8971bb6-2203-489d-9fd4-73ab3be83ffc,231474875,2024-07-24 10:08:19-06:00,2024-07-24,-105.8519579,39.7728995,3211.0,,1.8,16.1,3.8,9.0,,1026.1,Amanita muscaria flavivolvata,"Parshall, CO 80468, USA",1,
259ea93b-dfa8-4765-bdcc-36c2ccef8289,231331322,2024-07-23 11:10:58-06:00,2024-07-23,-107.1966495405,37.4927070439,2598.0,,9.0,27.0,0.5,8.1,,1030.7,Amanita muscaria flavivolvata,"San Juan National Forest - Headquarters, Pagosa Springs, CO, US",2,
a878fdad-5486-40dc-8e47-6f4a12d9fb3b,231331010,2024-07-15 08:58:28-06:00,2024-07-15,-106.7026194444,40.7776861111,2709.0,,12.9,29.1,0.8,7.8,,1026.3,Amanita muscaria flavivolvata,"Walden, CO 80480, USA",2,
14ef4d3b-3253-413f-8603-2a6341c8e005,231324136,2024-07-23 19:30:28-06:00,2024-07-23,-105.5219043747,40.3762629072,2299.0,,12.9,33.0,0.0,4.3,,1023.9,Amanita muscaria flavivolvata,"E Riverside Dr, Estes Park, CO, US",2,
a258b351-5fef-4d83-908d-8af89ea99969,231103493,2024-07-22 18:02:12-06:00,2024-07-22,-105.8783540303,39.6973688686,3287.0,,-1.2,10.5,5.2,8.7,,1024.9,Amanita muscaria flavivolvata,"US-6, Silver Plume, CO, US",2,
03b67eb9-dce0-43e4-a550-a7a7e748b81c,231061458,2024-07-22 11:40:58-06:00,2024-07-22,-105.96518,39.972605,2802.0,,2.9,21.1,0.3,4.3,,1031.3,Amanita muscaria flavivolvata,"Winter Park, CO, US",2,
ec7240f5-110d-489d-8343-6d7cd7b35994,231031483,2022-08-06 14:00:36-06:00,2022-08-06,-105.6970147043,38.0480047303,2869.0,,11.0,26.0,6.5,12.3,,1018.2,Amanita muscaria flavivolvata,"Moffat, CO 81143, USA",2,
89f425c1-11bf-418c-ba26-c9e869fdc7db,231031056,2024-07-21 12:29:45-06:00,2024-07-21,-106.7143396626,37.779641356,3297.0,,9.0,21.0,3.9,11.2,,1031.5,Amanita muscaria flavivolvata,"Colorado, US",2,
5c24d549-8f0b-4ec2-82a2-a261e9c04d16,231015222,2024-07-16 17:05:49-06:00,2024-07-16,-107.0918111667,38.8125616667,2928.0,,8.3,25.0,,8.9,,1020.5,Amanita muscaria flavivolvata,"Gunnison County, US-CO, US",1,
0ff1ac23-72cc-4195-86d7-7d0d5ae462a6,230926829,2024-07-21 12:06:01-06:00,2024-07-21,-106.640093681,40.6468994657,3029.0,,8.8,22.9,0.3,9.5,,1028.4,Amanita muscaria flavivolvata,"Rainbow Lakes Trail, Walden, CO, US",2,
0a10b10f-9ab8-43af-ab8b-d4a3be912c4f,230909303,2024-07-21 16:04:40-06:00,2024-07-21,-107.0929805,38.8129366667,2928.0,,10.6,26.1,1.3,15.1,,1020.0,Amanita muscaria flavivolvata,"Grand Mesa Uncompahgre and Gunnison National Forests, Gunnison, CO, US",2,
fa63d73f-9f91-41eb-aeda-e7bd3210808a,230895349,2024-07-21 13:23:53-06:00,2024-07-21,-106.28775,39.66307,2983.0,,7.0,15.0,1.9,12.2,,1040.0,Amanita muscaria flavivolvata,"White River National Forest, Avon, CO, US",2,
b50edd96-7540-442d-be00-5f6d2c5b0704,230820439,2024-07-21 11:55:49-06:00,2024-07-21,-107.0252,38.9079133333,2729.0,,8.9,25.0,1.1,9.0,,1017.5,Amanita muscaria flavivolvata,"Grand Mesa Uncompahgre and Gunnison National Forests, Crested Butte, CO, US",2,
c26e0879-713f-488c-83de-54af0977b2ff,230815635,2024-07-21 11:51:04-06:00,2024-07-21,-108.0231000312,37.6917083098,2795.0,,11.0,22.0,1.5,6.2,,1033.5,Amanita muscaria flavivolvata,"San Juan National Forest - Headquarters, Rico, CO, US",2,
24b009d6-c323-405b-a6a6-1ee957de2575,230757571,2024-07-20 11:20:12-06:00,2024-07-20,-106.3190383333,39.3605466667,3212.0,,5.0,23.9,0.0,9.1,,1017.5,Amanita muscaria flavivolvata,"White River National Forest, Red Cliff, CO, US",2,
74d77c65-1c70-4e3f-9beb-068d65769b13,230751384,2024-07-20 08:53:00-06:00,2024-07-20,-108.0210831867,39.0462852245,3290.0,,18.8,34.6,0.0,10.5,,1014.5,Amanita muscaria flavivolvata,"Mesa County, CO, USA",1,
4b1de083-1a37-4bf4-a82d-e616c8f38193,230622738,2024-07-20 11:46:38-06:00,2024-07-20,-104.9410797818,38.6175189886,2342.0,,14.0,26.0,5.0,14.2,,1028.6,Amanita muscaria flavivolvata,"Colorado, US",3,
106ed68f-f9e0-40f5-a918-8635368ad66f,230620839,2024-07-20 09:40:19-06:00,2024-07-20,-106.9881222222,38.9298666667,3334.0,,8.3,26.7,0.0,8.5,,1018.5,Amanita muscaria flavivolvata,"Crested Butte, CO 81225, USA",2,
d22070bb-2fa4-4bab-89c6-8d75d86a9229,230610723,2024-07-20 11:47:13-06:00,2024-07-20,-105.0993829374,37.9429624544,3429.0,,16.6,29.1,0.8,15.9,,1019.1,Amanita muscaria flavivolvata,"Colorado, US",1,
80df17a2-e381-47fc-a6f2-1b883afd3da0,230432741,2024-07-19 16:34:17-06:00,2024-07-19,-104.8347134258,38.7716951088,1899.0,,19.0,27.0,0.8,14.6,,1026.4,Amanita muscaria flavivolvata,"Colorado, US",1,
3c1bd6dc-9eb0-4aa0-97f7-52da508288d4,230363984,2024-07-19 11:34:24-06:00,2024-07-19,-105.1380444444,37.3166861111,3183.0,,8.0,17.0,1.7,15.0,,1040.3,Amanita muscaria flavivolvata,"La Veta, CO 81055, USA",2,
3d6b3534-4faf-4740-9d33-e9195291b8f7,229698430,2024-07-15 15:21:54-06:00,2024-07-15,-105.6508033333,39.8991166667,2854.0,,3.6,16.5,3.2,12.8,,1021.8,Amanita muscaria flavivolvata,"South Boulder Creek Trail, Black Hawk, CO, US",1,
53cbc465-ec49-4989-a893-04282c7f0d56,229690459,2024-07-15 09:48:40-06:00,2024-07-15,-106.6814883333,39.1108138333,3082.0,,10.0,27.8,,12.4,,1016.2,Amanita muscaria flavivolvata,"White River National Forest, Aspen, CO, US",1,
10771b78-641d-429e-976a-f94728c563b3,229383964,2024-07-13 12:07:12-06:00,2024-07-13,-105.0386561435,37.8098123217,2378.0,,20.9,36.5,0.0,21.0,,1013.6,Amanita muscaria flavivolvata,"Colorado, US",1,
8ac839e3-ac30-4956-8c27-423ab714075c,229180936,2024-07-13 14:17:26-06:00,2024-07-13,-106.6949833333,35.93012,2437.0,,18.1,31.6,,11.0,,1029.9,Amanita muscaria flavivolvata,"Santa Fe National Forest, Jemez Springs, NM, US",2,
4ec2018a-6094-4fd6-927b-447f0b9eedb3,229142325,2024-07-13 07:12:38-06:00,2024-07-13,-106.4249412678,39.1339843449,3597.0,,3.9,28.3,0.0,10.2,,1017.5,Amanita muscaria flavivolvata,"Pike and San Isabel National Forests, Twin Lakes, CO, US",2,
210e2aff-d120-4775-8b50-0970dd6de9c8,229055166,2024-07-09 10:58:42-06:00,2024-07-09,-106.3030599655,39.4186650697,2889.0,,1.7,21.7,,10.5,,1016.3,Amanita muscaria flavivolvata,"Eagle County, US-CO, US",2,
d8609bcf-bf09-484b-83e8-1a77a99b1da9,228826691,2024-07-03 09:29:00-06:00,2024-07-03,-106.9621461938,40.8043352299,2452.0,,4.1,25.6,0.0,8.1,,1022.5,Amanita muscaria flavivolvata,"Routt County, CO, USA",2,
235c86ab-5007-408a-aef4-7d049dcd15ac,228476061,2024-07-10 10:25:02-06:00,2024-07-10,-106.290445,37.0748333333,2618.0,,,,,,,,Amanita muscaria flavivolvata,"Rio Grande National Forest, Antonito, CO, US",1,
96616341-9a9c-4152-b225-c4b695cc781d,228082547,2024-07-08 13:08:49-06:00,2024-07-08,-105.6758458909,39.7868340195,3093.0,,-4.1,12.1,0.0,9.8,,1021.8,Amanita muscaria flavivolvata,"Miller Creek Trail, Empire, CO, US",2,
ab0343f5-6f70-434a-8384-1d6b838de47e,227674223,2024-07-05 14:14:09-06:00,2024-07-05,-105.1878777891,38.2664824318,2171.0,,14.7,26.8,0.0,13.0,,1018.3,Amanita muscaria flavivolvata,"Florence, CO 81226, USA",2,
2da27b8b-e9d1-42c5-a2e9-ab7e997474d5,227674071,2024-07-05 16:14:57-06:00,2024-07-05,-105.1878777891,38.2664824318,2171.0,,14.7,26.8,0.0,13.0,,1018.3,Amanita muscaria flavivolvata,"Florence, CO 81226, USA",2,
bf13e37a-f07a-4626-bc64-35a4be5f8a64,227657643,2024-07-05 12:42:00-06:00,2024-07-05,-107.0558333333,40.085,3322.0,,6.1,24.4,0.0,8.6,,1020.5,Amanita muscaria flavivolvata,"Garfield County, CO, USA",2,
b818f2c7-9215-44f2-8e58-0e96fc941bc6,227581335,2024-07-05 14:02:34-06:00,2024-07-05,-105.6104666667,36.0910305,2701.0,,9.4,29.4,0.0,14.7,,1018.0,Amanita muscaria flavivolvata,"Carson National Forest, Vadito, NM, US",1,
3e4585ed-843b-4b1e-a4df-92385b274bd8,227389091,2024-07-05 15:43:46-06:00,2024-07-05,-106.3644841585,39.6394928833,2512.0,,5.0,14.0,0.0,19.1,,1038.2,Amanita muscaria flavivolvata,"Ford Park, Vail, CO, US",2,
b23f5297-99b3-4252-827d-b535efe3eb18,227179443,2024-07-04 15:09:44-06:00,2024-07-04,-106.44065813,39.58983781,2466.0,,7.0,15.0,0.0,22.9,,1037.0,Amanita muscaria flavivolvata,"Gilman, CO 81645, USA",2,
8ad73c42-cce6-4961-b75f-7a2b40bfa339,226794107,2024-07-02 14:54:48-06:00,2024-07-02,-105.0150175997,38.7351264997,2908.0,,14.0,25.1,0.5,12.8,,1010.9,Amanita muscaria flavivolvata,"Manitou Springs, CO 80829, USA",2,
5aa85b65-ddd6-43d9-94ae-502b84ffa5b8,226214104,2024-06-29 15:52:45-06:00,2024-06-29,-105.273705,39.342055,2402.0,,3.2,19.9,2.9,12.3,,1020.5,Amanita muscaria flavivolvata,"Pike and San Isabel National Forests, Pine, CO, US",1,
aff4c27b-bb55-40e3-811b-27f8ce484d38,224996300,2023-06-23 14:34:00-06:00,2023-06-23,-105.303538,39.984641,2355.0,,15.0,25.0,0.0,5.7,,1014.5,Amanita muscaria flavivolvata,"Boulder County, CO, USA",2,
e2d7ed5e-64a6-4703-8dce-fa5b9068cc2e,220973083,2023-08-27 12:15:11-06:00,2023-08-27,-105.4087916667,39.85637,2675.0,,15.0,30.0,3.1,9.0,,1023.5,Amanita muscaria flavivolvata,"Golden Gate Canyon State Park, Golden, CO, US",2,
d0bc898a-e864-4383-8ea4-8dffdba24323,219651486,2021-08-15 13:38:50-06:00,2021-08-15,-107.7098077163,37.7286284433,3278.0,,13.0,25.0,5.1,7.2,,1033.0,Amanita muscaria flavivolvata,"San Juan County, CO, USA",1,
bc806857-42ce-4525-ac0e-a9ecf3640fa5,218839440,2022-08-25 10:48:50-06:00,2022-08-25,-105.86463,40.488555,3246.0,,6.4,22.6,0.2,6.1,,1031.1,Amanita muscaria flavivolvata,"State Forest State Park, Walden, CO, US",2,
becd6c16-f43d-4af3-b311-6b3ad9e9b673,218839139,2022-08-25 10:48:50-06:00,2022-08-25,-105.86463,40.488555,3246.0,,6.4,22.6,0.2,6.1,,1031.1,Amanita muscaria flavivolvata,"State Forest State Park, Walden, CO, US",1,
88d72886-2601-49de-ba3b-1215aedb5662,214108254,2017-08-05 15:39:54-06:00,2017-08-05,-106.0587997437,39.6069488525,2751.0,,,,,11.3,,,Amanita muscaria flavivolvata,Dillon,2,
3e70b247-a838-4fe3-9e93-788d7636c95a,198618227,2021-07-30 06:49:00-06:00,2021-07-30,-106.1501,39.4158444444,3533.0,,7.8,23.3,,8.6,,1017.4,Amanita muscaria flavivolvata,"Summit County, CO, USA",2,
e50b1f92-d1f5-46e5-b0ba-b13873b772e8,198260824,2023-07-11 12:48:37-06:00,2023-07-11,-105.5130083333,39.9782916667,2576.0,,17.0,35.0,0.0,5.0,,1017.5,Amanita muscaria flavivolvata,"Tungsten Loop, Nederland, CO, US",1,
a84530d6-de31-44cd-ba3c-2d0b5fdbbcaa,196892689,2023-07-31 12:53:00-06:00,2023-07-31,-105.4632416111,40.4731722222,2371.0,,18.3,32.8,,10.9,,1016.3,Amanita muscaria flavivolvata,"Larimer County, CO, USA",2,
5d7a02a7-4004-4cef-af40-c9e9a61752cf,195778453,2023-08-12,2023-08-12,-105.5684953183,40.0087620185,3049.0,,4.0,13.0,5.0,7.8,,1022.0,Amanita muscaria flavivolvata,"Nederland, CO 80466, USA",3,
c9609e82-81dd-472e-8cac-5bcc484fc988,194144552,2022-09-03 14:57:00-06:00,2022-09-03,-106.6695166667,39.1255583333,3106.0,,8.9,28.9,0.0,11.2,,1017.5,Amanita muscaria flavivolvata,"Pitkin County, CO, USA",2,
0760c863-d7a2-4dec-a57f-2829c82c344f,192735024,2022-08-05 09:42:00-06:00,2022-08-05,-106.4452138889,36.9772111111,3248.0,,,,,,,,Amanita muscaria flavivolvata,"Rio Arriba County, NM, USA",2,
c1d52025-413d-4aa7-b4b1-656df643936f,182857678,2023-09-08 14:55:00-06:00,2023-09-08,-105.8224017492,40.4106339143,3242.0,,1.0,25.3,0.0,8.5,,1031.9,Amanita muscaria flavivolvata,"Grand County, CO, USA",1,
5c6070f4-11a4-4b41-bd49-cb6749a4b3fb,182465251,2023-09-08 10:24:10-06:00,2023-09-08,-106.1193778333,39.4777533333,3361.0,,0.6,21.7,0.0,10.8,,1019.3,Amanita muscaria flavivolvata,"White River National Forest, Breckenridge, CO, US",1,
e27e9526-305c-4090-955a-d25bd63f8777,181646315,2023-09-03 11:22:11-06:00,2023-09-03,-105.8218533333,40.4113866667,3242.0,,6.5,21.2,8.6,4.6,,1027.5,Amanita muscaria flavivolvata,"Rocky Mountain National Park, Granby, CO, US",2,
09d93df9-cdeb-4266-bf9f-4ca86b6b8317,181431772,2021-07-17 12:29:04-06:00,2021-07-17,-105.5589216667,40.135325,2855.0,,16.0,32.0,0.0,7.2,,1022.2,Amanita muscaria flavivolvata,"Ward, CO, US",2,
8f800f8d-f3ac-4596-828a-2882b993b4aa,180977964,2023-08-27 14:47:35-06:00,2023-08-27,-105.92192,40.6316383333,3155.0,,8.2,22.4,0.1,8.5,,1021.5,Amanita muscaria flavivolvata,"West Branch, Bellvue, CO, US",1,
c54f3bc9-963b-4b72-bae6-658afb111de5,180837077,2023-08-26 14:31:44-06:00,2023-08-26,-105.8001116667,40.6214616667,2662.0,,7.0,22.2,0.7,8.1,,1022.5,Amanita muscaria flavivolvata,"Big S, Bellvue, CO, US",1,
cffe5741-d0d6-4456-8eb7-93589150128a,180678323,2023-08-28 14:38:25-06:00,2023-08-28,-105.0667195,39.3163333333,2465.0,,12.8,25.0,,12.1,,1021.1,Amanita muscaria flavivolvata,"Pike and San Isabel National Forests, Sedalia, CO, US",1,
716c9806-edd4-40af-82bf-31b0faa6409b,180563070,2023-08-27 12:38:24-06:00,2023-08-27,-105.7763053,39.8101237,3281.0,,2.4,14.2,4.5,10.6,,1024.4,Amanita muscaria flavivolvata,"US-40, Granby, CO, US",2,
0a98aab3-cbb8-4cda-97c2-e57faac60ab0,180552773,2023-08-27 17:35:09-06:00,2023-08-27,-106.0749173693,39.6036080029,2754.0,,10.0,18.0,2.5,11.3,,1040.6,Amanita muscaria flavivolvata,"Dillon Reservoir Recreation Area, Dillon, CO, US",2,
28505d4f-4213-411c-a314-f66665457d45,180516084,2023-08-27 12:21:15-06:00,2023-08-27,-105.6068700817,40.3164618246,2705.0,,8.7,22.1,5.7,4.0,,1031.3,Amanita muscaria flavivolvata,"Rocky Mountain, Rocky Mountain National Park, Rocky Mountain National Park, Larimer County, US-CO, US",2,
baef16d1-d437-44ee-afa2-c247d706649a,180512854,2023-08-27 12:36:57-06:00,2023-08-27,-105.5063223803,40.4068116622,2629.0,,14.2,30.2,7.1,5.2,,1023.9,Amanita muscaria flavivolvata,"Rocky Mountain National Park, Estes Park, CO, US",3,
ca04dd07-ffd7-4e06-ab78-7380ac87613b,180298700,2023-08-25 10:01:56-06:00,2023-08-25,-105.6731866667,40.4167666667,2793.0,,11.0,18.6,7.2,3.1,,1032.0,Amanita muscaria flavivolvata,"Rocky Mountain National Park, Estes Park, CO, US",1,
3f25577d-8838-4d6c-94a9-1ab26f1834c6,180226668,2023-08-25 16:17:51-06:00,2023-08-25,-105.5519198573,40.1947085296,2856.0,,14.0,21.0,16.0,7.2,,1026.9,Amanita muscaria flavivolvata,"Colorado, US",1,
a0e771a2-a79d-4956-9d69-a7c2a02f2a39,180180418,2023-08-25 12:56:30-06:00,2023-08-25,-105.7258641721,40.1022107476,2555.0,,11.0,18.6,7.2,3.1,,1032.0,Amanita muscaria flavivolvata,"Grand County, US-CO, US",2,
0f8abc16-6a67-4b78-bf85-227217f64851,180179947,2023-08-25 12:56:02-06:00,2023-08-25,-105.7400428609,40.1023011659,2545.0,,11.0,18.6,7.2,3.1,,1032.0,Amanita muscaria flavivolvata,"Monarch Lake, Granby, CO, US",2,
eea8543b-9998-46b6-ad1f-62d540fed382,179722451,2023-08-21 13:42:49-06:00,2023-08-21,-105.5569171441,39.6758682048,3431.0,,2.8,18.5,0.0,12.6,,1023.7,Amanita muscaria flavivolvata,"Clear Creek County, US-CO, US",2,
df0022bb-1e0e-4188-a9be-c603f9e72004,179696843,2023-08-22 10:11:03-06:00,2023-08-22,-105.5660333333,40.3400033333,2417.0,,15.6,37.0,0.0,5.9,,1023.0,Amanita muscaria flavivolvata,"SH-66, Estes Park, CO, US",1,
6d481d40-8efd-48a4-83db-152f78ac1672,179632743,2023-08-12 18:25:39-06:00,2023-08-12,-105.5872344971,40.4267730713,2838.0,,16.0,29.6,0.0,6.3,,1019.8,Amanita muscaria flavivolvata,Estes Park,2,
753c9f0a-726b-4184-bc45-6022417a80ad,179629249,2017-08-02 16:37:10-06:00,2017-08-02,-105.0093222167,38.754305,3182.0,,12.8,26.0,,13.8,,1020.3,Amanita muscaria flavivolvata,"Pike and San Isabel National Forests, Divide, CO, US",1,
10d15c1f-4bb6-4509-98bc-864e5d6eff6d,179629133,2022-08-06 12:27:35-06:00,2022-08-06,-105.1060778333,37.9470133333,3394.0,,19.5,32.8,0.0,16.0,,1012.6,Amanita muscaria flavivolvata,"Pike and San Isabel National Forests, Rye, CO, US",2,
2438de06-0c57-4c9e-83e5-a967d9c310e8,179440024,2023-08-19 13:51:29-06:00,2023-08-19,-105.1253358249,37.860184204,2327.0,,18.1,35.1,0.0,21.6,,1012.6,Amanita muscaria flavivolvata,"Colorado, US",1,
eb7b8d4f-0ed4-4c5b-a9bd-3e775c0df085,179435663,2023-08-19 06:47:34-06:00,2023-08-19,-105.4103783333,39.86578,2762.0,,20.0,33.0,0.5,7.4,,1021.1,Amanita muscaria flavivolvata,"Golden Gate Canyon State Park, Golden, CO, US",1,
efe2e26c-8647-4c0a-9d67-d7f21bf2b4be,179378075,2023-08-19 14:19:58-06:00,2023-08-19,-105.9536883333,39.56725,3070.0,,4.0,16.1,0.8,12.9,,1021.9,Amanita muscaria flavivolvata,"White River National Forest, Dillon, CO, US",1,
6d65cd0c-c1df-428c-ba25-1379e14ee05a,179278041,2023-08-19 14:26:16-06:00,2023-08-19,-104.9905835465,39.0393902291,2788.0,,13.5,33.5,0.0,18.2,,1013.0,Amanita muscaria flavivolvata,"Colorado Springs, CO 80921, USA",1,
f89cd194-16ca-4a4f-bc59-21202234a0f4,179248401,2023-08-19 11:26:21-06:00,2023-08-19,-106.18663,39.5263533333,3472.0,,12.0,22.0,0.5,22.9,,1039.8,Amanita muscaria flavivolvata,"White River National Forest, Silverthorne, CO, US",1,
66efafa8-0a77-49eb-b819-8c57d09b5c15,178792546,2023-07-28 09:57:44-06:00,2023-07-28,-105.5046083333,40.4444783333,2439.0,,17.2,30.6,,10.9,,1016.6,Amanita muscaria flavivolvata,"N Boundary Trail, Estes Park, CO, US",1,
2b4182cc-5027-45cd-ab36-dc74efb319a6,178774124,2023-08-14 20:11:16-06:00,2023-08-14,-105.000914816,38.7521198632,3352.0,,13.0,22.0,0.6,13.5,,1031.9,Amanita muscaria flavivolvata,"Teller County, US-CO, US",2,
034f0ec0-d19f-4f37-8840-6f62c56c8fdc,178760402,2023-08-03 11:50:46-06:00,2023-08-03,-105.4203633333,39.5209050027,2731.0,,1.0,13.6,5.1,12.3,,1021.0,Amanita muscaria flavivolvata,"Staunton State Park, Pine, CO, US",2,
55ba4a16-3527-4b41-8c1d-b37ce894775a,178519285,2022-08-27 14:14:12-06:00,2022-08-27,-105.6503216667,39.89907,2854.0,,1.5,11.9,0.9,11.3,,1017.2,Amanita muscaria flavivolvata,"S Boulder Creek, Black Hawk, CO, US",1,
56fd2343-f1e9-4da2-9959-cc7f338d47c5,178422752,2023-08-04 17:03:11-06:00,2023-08-04,-105.72238,40.1033833333,2567.0,,6.5,24.0,0.2,8.9,,1028.8,Amanita muscaria flavivolvata,"Arapaho Pass Spur, Granby, CO, US",1,
b639fee4-d191-404a-bdc4-7c406e7677e6,178316780,2023-07-21 16:37:05-06:00,2023-07-21,-105.3770207986,39.5697536546,2512.0,,1.7,14.5,0.0,12.3,,1025.4,Amanita muscaria flavivolvata,"Shadow Mountain, CO, USA",3,
88caa869-c895-4e53-b190-c0949c4fb9ae,178121511,2023-08-12 13:45:08-06:00,2023-08-12,-105.44137,40.1396916667,2477.0,,17.0,28.0,0.0,8.5,,1019.7,Amanita muscaria flavivolvata,"Ceran St Vrain, Ward, CO, US",2,
a6186279-bfab-4a40-8502-f7d26a22e563,178075623,2023-08-12 13:18:34-06:00,2023-08-12,-105.5785495636,40.0473353669,3332.0,,7.6,22.4,1.2,6.2,,1029.1,Amanita muscaria flavivolvata,"Boulder County, US-CO, US",2,
8ca8f12b-9ea0-41e3-9bb9-30314d3e6c60,177938095,2023-08-10 10:02:05-06:00,2023-08-10,-106.3955,41.3545533333,3071.0,,10.0,27.0,0.0,17.3,,1020.4,Amanita muscaria flavivolvata,"Rock River, WY, US",1,
9f10f86f-3f01-41f7-bed4-6d20ffd779fd,177753010,2023-08-10 12:22:09-06:00,2023-08-10,-105.5611904,40.168464,3254.0,,4.0,23.4,0.0,7.3,,1025.2,Amanita muscaria flavivolvata,"Allenspark, CO, USA",1,
3ff31a81-8c5e-4948-88bd-441acb290e1e,177468855,2023-08-08 14:43:02-06:00,2023-08-08,-105.5061328429,39.6180233495,2791.0,,-0.4,13.3,0.5,15.9,,1017.2,Amanita muscaria flavivolvata,"Colorado, US",1,
b149892d-11b4-4440-928a-7c0743a45fb7,177460961,2023-08-08 17:21:03-06:00,2023-08-08,-105.5700055133,39.71429634,2677.0,,-0.4,13.3,0.5,15.9,,1017.2,Amanita muscaria flavivolvata,"Colorado, US",1,
25a5d0cf-de19-44c7-8713-3fdd447cd36a,177149067,2023-08-03 09:40:43-06:00,2023-08-03,-105.8653393997,39.7801522997,3354.0,,1.0,13.6,5.1,12.3,,1021.0,Amanita muscaria flavivolvata,"Parshall, CO 80468, USA",1,
249f60b1-c13e-45cf-bcb1-d256d5fcf800,177080799,2023-08-05 08:38:52-06:00,2023-08-05,-105.0859742108,38.1406300686,2364.0,,17.5,31.3,0.8,11.4,,1014.6,Amanita muscaria flavivolvata,"Colorado, US",1,
a8bd771f-e8fd-4c8b-8667-5c0634a7cb06,176906520,2023-08-04 11:07:43-06:00,2023-08-04,-105.3862801978,39.4790883282,2557.0,,15.0,28.9,0.0,7.8,,1014.2,Amanita muscaria flavivolvata,"Colorado, US",1,
d1eeea65-148a-487f-a369-37338fc9ccf1,176586991,2023-08-01 09:09:56-06:00,2023-08-01,-105.6320861111,39.952225,3037.0,,3.4,15.3,9.1,9.0,,1023.8,Amanita muscaria flavivolvata,"Nederland, CO 80466, USA",1,
8e16bc42-c73e-43ab-8431-1f2836c1b86f,176366729,2023-08-02 18:01:36-06:00,2023-08-02,-105.3779916667,39.5679611111,2542.0,,2.3,13.5,3.0,10.0,,1023.6,Amanita muscaria flavivolvata,"Shadow Mountain, CO, USA",2,
da436d08-994e-4c94-8785-c2cbad272373,176282648,2023-08-01 07:31:06-06:00,2023-08-01,-105.4151294887,40.5451949291,2619.0,,17.8,31.1,3.3,8.8,,1016.9,Amanita muscaria flavivolvata,"Crystal Mountain Rd, Bellvue, CO, US",2,
dedad767-d47b-494c-837b-9d912554c07f,176169496,2023-08-01 14:36:28-06:00,2023-08-01,-104.9311616667,38.8313833333,2584.0,,17.0,25.0,0.8,11.4,,1026.9,Amanita muscaria flavivolvata,"Lodge Loop, Manitou Springs, CO, US",1,
afbbd295-3113-43fd-973f-e5ff09cb06a4,176152240,2023-08-01 10:38:36-06:00,2023-08-01,-105.5730168521,40.0455900195,3303.0,,16.0,26.0,7.0,9.1,,1022.8,Amanita muscaria flavivolvata,"Nederland, CO 80466, USA",2,
1ec910f6-23aa-43ef-9d23-e5261f4a6dce,176128179,2021-08-01,2021-08-01,-107.0061848313,40.8403369939,2612.0,,11.0,26.4,0.0,4.3,,1029.5,Amanita muscaria flavivolvata,"Clark, CO 80428, USA",1,
e8450e4e-d8c0-4431-be51-31e31792e14e,176049426,2023-07-11 20:28:00-06:00,2023-07-11,-105.5440567095,40.2378137556,2698.0,,15.1,36.6,0.0,5.7,,1017.7,Amanita muscaria flavivolvata,"Boulder County, CO, USA",1,
5ed5202c-211f-40ee-9158-ad50729815d9,176021082,2023-07-31,2023-07-31,-105.3736033291,39.6743634026,2444.0,,19.0,33.0,4.0,11.2,,1023.9,Amanita muscaria flavivolvata,Elk Meadow Park,1,
b6090a43-3e94-4929-8007-05660c5d2dfd,175768173,2023-07-30 11:06:10-06:00,2023-07-30,-105.4527738011,39.9652805249,2653.0,,16.0,33.0,0.2,4.3,,1023.2,Amanita muscaria flavivolvata,"Nederland, CO, US",1,
8dbf6499-d46a-4e76-b5ee-e523af0da2cc,175620578,2023-07-29 13:12:02-06:00,2023-07-29,-105.4507638889,39.6812916667,2713.0,,4.0,18.6,1.8,11.9,,1024.9,Amanita muscaria flavivolvata,"Evergreen, CO 80439, USA",1,
bdccb540-2582-407e-a686-3c784efbb03a,175620495,2023-07-29 13:02:08-06:00,2023-07-29,-105.4481833333,39.6903777778,2627.0,,4.0,18.6,1.8,11.9,,1024.9,Amanita muscaria flavivolvata,"Idaho Springs, CO 80452, USA",1,
6fe5e1e4-f8a0-4d08-80f7-900322db7459,175620433,2023-07-29 12:41:56-06:00,2023-07-29,-105.4470138889,39.6905861111,2619.0,,4.0,18.6,1.8,11.9,,1024.9,Amanita muscaria flavivolvata,"Idaho Springs, CO 80452, USA",1,
ff6200c3-80bd-4e19-9be7-5136af8acf25,175620415,2023-07-29 12:36:19-06:00,2023-07-29,-105.4481583333,39.6900222222,2627.0,,4.0,18.6,1.8,11.9,,1024.9,Amanita muscaria flavivolvata,"Evergreen, CO 80439, USA",1,
f864ca75-9057-4f44-b791-a0b034751258,175620262,2023-07-29 12:11:22-06:00,2023-07-29,-105.4511638889,39.6882055556,2658.0,,4.0,18.6,1.8,11.9,,1024.9,Amanita muscaria flavivolvata,"Evergreen, CO 80439, USA",2,
add9614a-561f-4bad-ad31-9a57c743c08d,175620204,2023-07-29 12:08:15-06:00,2023-07-29,-105.4520833333,39.6860861111,2709.0,,4.0,18.6,1.8,11.9,,1024.9,Amanita muscaria flavivolvata,"Evergreen, CO 80439, USA",1,
43d9185e-ba95-4b55-9443-503571e46087,175616977,2023-07-29 13:47:18-06:00,2023-07-29,-105.467050127,39.6942595213,2765.0,,4.0,18.6,1.8,11.9,,1024.9,Amanita muscaria flavivolvata,"Clear Creek County, US-CO, US",2,
ff0bc96c-898f-4810-9e74-fe5c8b209a5b,174200438,2023-07-21 11:02:39-06:00,2023-07-21,-105.8501879147,40.4190558922,2794.0,,6.7,22.0,0.1,5.5,,1033.3,Amanita muscaria flavivolvata,"Rocky Mountain, Rocky Mountain National Park, Rocky Mountain National Park, Grand County, US-CO, US",1,
b129f206-f166-4d7e-b332-5a15237edf28,173646901,2023-07-11 18:26:30-06:00,2023-07-11,-105.5176248774,39.9839266629,2600.0,,17.0,35.0,0.0,5.0,,1017.5,Amanita muscaria flavivolvata,Caribou Ranch Open Space Parking & Trailhead,2,
e572b5cd-1f41-492a-af45-3030263b9b57,173359380,2023-07-16 19:05:30-06:00,2023-07-16,-105.3777722222,39.5679972222,2542.0,,3.8,16.4,0.0,14.8,,1022.8,Amanita muscaria flavivolvata,"Shadow Mountain, CO, USA",1,
7458baaa-8e4f-4bfb-a95e-72fe69b71851,173341347,2023-07-08 15:58:21-06:00,2023-07-08,-105.42443,39.9591033333,2434.0,,14.0,24.0,0.2,8.4,,1019.1,Amanita muscaria flavivolvata,"Nederland, CO, US",1,
c85b539b-33bb-4914-a01e-2be80b2c69e3,172860750,2023-07-13 06:30:18-06:00,2023-07-13,-105.593816,40.5674035997,2767.0,,,,,,,,Amanita muscaria flavivolvata,"Bellvue, CO 80512, USA",2,
b1b54718-414b-4248-a20b-f5e59334bb88,172749258,2023-07-13 13:39:59-06:00,2023-07-13,-105.590231724,40.1971406829,2770.0,,7.0,26.1,0.2,6.0,,1027.1,Amanita muscaria flavivolvata,"Rocky Mountain, Rocky Mountain National Park, Boulder County, US-CO, US",1,
9afb524e-397b-4793-a6ae-d3e0b1fe3446,172745596,2023-07-13 09:39:31-06:00,2023-07-13,-105.3780666667,39.5655966667,2560.0,,3.9,14.6,0.6,13.0,,1018.3,Amanita muscaria flavivolvata,"Carol Ln, Conifer, CO, US",2,
43ad1efa-3c37-43c2-8d93-79b98dc6f124,172420696,2021-07-17 09:00:00-06:00,2021-07-17,-105.0447959,36.5672125,2518.0,,6.5,23.6,25.9,5.0,,1031.8,Amanita muscaria flavivolvata,"Philmont Scout Ranch, New Mexico 87714",1,
505b9b5a-422e-4b26-a83e-e857e7e1d21b,172420687,2021-07-17 09:00:00-06:00,2021-07-17,-105.0447959,36.5672125,2518.0,,6.5,23.6,25.9,5.0,,1031.8,Amanita muscaria flavivolvata,"Philmont Scout Ranch, New Mexico 87714",1,
3194577d-d798-4e37-af2a-49b001d3d8ed,172420682,2021-07-17 08:35:00-06:00,2021-07-17,-105.0447959,36.5672125,2518.0,,6.5,23.6,25.9,5.0,,1031.8,Amanita muscaria flavivolvata,"Philmont Scout Ranch, New Mexico 87714",1,
7cdc9938-c28b-478e-a514-647d15b8d447,172420663,2021-07-17 07:53:00-06:00,2021-07-17,-105.0447959,36.5672125,2518.0,,6.5,23.6,25.9,5.0,,1031.8,Amanita muscaria flavivolvata,"Philmont Scout Ranch, New Mexico 87714",1,
6a6e026f-c157-420c-a107-b980669bb1ce,172420606,2021-07-16 18:32:00-06:00,2021-07-16,-105.0447959,36.5672125,2518.0,,5.8,22.8,19.3,5.9,,1029.3,Amanita muscaria flavivolvata,"Philmont Scout Ranch, New Mexico 87714",1,
f1eb177d-221d-4964-8321-1ff9aae98886,172420600,2021-07-16 18:21:00-06:00,2021-07-16,-105.0447959,36.5672125,2518.0,,5.8,22.8,19.3,5.9,,1029.3,Amanita muscaria flavivolvata,"Philmont Scout Ranch, New Mexico 87714",1,
a3a5d5cb-e255-4fcd-81b7-ffd2a72a5140,172377723,2023-07-09 14:20:24-06:00,2023-07-09,-105.4671329644,40.0664577258,2645.0,,13.0,27.0,0.2,4.3,,1019.8,Amanita muscaria flavivolvata,"Colorado, US",2,
8e1271ed-b90c-4ef0-aed8-e580bddeb30a,172365648,2023-07-08 17:04:27-06:00,2023-07-08,-105.447180747,40.0008280511,2469.0,,14.0,24.0,0.2,8.4,,1019.1,Amanita muscaria flavivolvata,"Colorado, US",1,
75cea3e8-01fb-4ef7-bc83-b2c0be7558eb,172365162,2023-07-08 16:53:39-06:00,2023-07-08,-105.5736509548,40.0971371754,3274.0,,6.6,23.0,0.0,9.0,,1023.9,Amanita muscaria flavivolvata,"Colorado, US",1,
761ff2fa-614f-4124-9b3c-f90e0ebf6e3e,172259797,2023-07-10 16:02:09-06:00,2023-07-10,-105.5810869904,40.3414345695,2472.0,,3.9,26.3,0.0,8.3,,1026.9,Amanita muscaria flavivolvata,"Coleman Road Dr, Estes Park, CO, US",2,
9976cdd9-f4d5-4442-a814-0bc304ceb5e7,172070937,2023-07-09 13:22:58-06:00,2023-07-09,-105.3805394997,39.9562333,2258.0,,13.0,27.0,0.2,4.3,,1019.8,Amanita muscaria flavivolvata,"Boulder County, CO, USA",2,
cabcde3a-db35-45fb-b278-044595aba949,171874023,2023-07-07 12:15:15-06:00,2023-07-07,-105.4491614,40.4538722,2225.0,,12.8,24.4,,10.6,,1017.6,Amanita muscaria flavivolvata,"CR-43, Glen Haven, CO, US",2,
8aa1b4b3-c2e5-49c4-b3a9-41458b492618,171822400,2023-07-08 14:36:10-06:00,2023-07-08,-105.5201739818,40.3763027601,2311.0,,15.8,25.4,5.0,5.4,,1019.6,Amanita muscaria flavivolvata,"Estes Park, CO 80517, USA",2,
38b9baae-67d6-4a03-b7d5-2594ceed0f2f,171610411,2023-07-07 13:30:48-06:00,2023-07-07,-104.903678894,39.1299591064,2196.0,,14.5,23.2,,8.6,,1012.7,Amanita muscaria flavivolvata,Larkspur,1,
ca457763-7271-4b04-b5a1-e5645ed2e02f,171265273,2023-07-04 18:40:23-06:00,2023-07-04,-105.325525,40.0958583333,2123.0,,13.0,27.0,15.3,9.3,,1019.7,Amanita muscaria flavivolvata,"Boulder, CO 80302, USA",1,
547319e9-9a77-4aec-a844-66c8d670a3d8,170798027,2023-07-01,2023-07-01,-104.9083144963,38.7890486072,2295.0,,13.0,24.0,0.2,8.8,,1024.9,Amanita muscaria flavivolvata,"Colorado Springs, CO 80906, USA",1,
e95b1d27-5b14-495f-b9bc-bef8ae715767,170547726,2023-07-01 12:18:54-06:00,2023-07-01,-105.6043687934,39.919880936,3052.0,,-0.7,9.0,0.1,13.0,,1023.2,Amanita muscaria flavivolvata,"Rollins Pass Rd, Black Hawk, CO, US",1,
2ed2144b-aed0-4239-901e-3fcaf4d21508,170273995,2023-06-28 11:45:46-06:00,2023-06-28,-105.4238973995,39.8265780505,2711.0,,17.0,27.0,1.6,11.9,,1016.9,Amanita muscaria flavivolvata,"Golden Gate Canyon State Park, Golden, CO, US",1,
ea830a65-1da6-4e99-b0e2-43bc586cc7f7,170190807,2023-06-29 13:11:06-06:00,2023-06-29,-103.5322333333,43.67947,1629.0,,8.9,22.2,,8.2,,1016.3,Amanita muscaria flavivolvata,"Black Hills National Forest, Custer, SD, US",1,
c3f4b27e-f6fd-47b1-b050-55e9054eb818,170125013,2023-06-28 14:34:55-06:00,2023-06-28,-103.468049302,44.155376491,1395.0,,12.0,26.0,0.0,16.2,,1013.1,Amanita muscaria flavivolvata,"Black Hills National Forest, Deadwood, SD, US",3,
39095cdb-0e1e-4728-bd0a-e334b89d1107,169992702,2023-06-28 10:36:26-06:00,2023-06-28,-105.4411166667,40.1330916667,2511.0,,18.0,28.0,1.6,4.6,,1016.0,Amanita muscaria flavivolvata,"Ceran St Vrain, Ward, CO, US",2,
ba76105b-b983-4b4f-b750-1b3a785f0c5d,169712925,2023-06-26 21:22:27-06:00,2023-06-26,-105.9241425,40.064903,2465.0,,1.1,25.8,0.0,10.0,,1024.5,Amanita muscaria flavivolvata,"US-40, Granby, CO, US",2,
b2a7cda3-5164-4497-aa94-10229d60207f,169516384,2023-06-17 13:50:16-06:00,2023-06-17,-103.5328439722,43.990796,1595.0,,3.9,20.6,0.0,9.6,,1012.6,Amanita muscaria flavivolvata,"Silver City, SD 57702, USA",2,
b404fc13-7f6e-4cc4-aed9-9435bae48249,169420897,2022-08-27 11:34:40-06:00,2022-08-27,-106.0658195,39.4772116667,3078.0,,2.8,18.3,0.0,11.0,,1013.4,Amanita muscaria flavivolvata,"Breckenridge Resort, Breckenridge, CO, US",3,
bc06277a-aaef-4019-b96a-ff389f55cd23,169400567,2023-06-23 11:03:57-06:00,2023-06-23,-105.3033135274,39.9847238604,2355.0,,15.0,25.0,0.0,5.7,,1014.5,Amanita muscaria flavivolvata,"Ninth St, Boulder, CO, US",2,
84c014f5-301e-4ac4-a61c-bfd0393f0d96,169043659,2023-06-23 12:49:14-06:00,2023-06-23,-105.2529616667,39.9649466667,1732.0,,15.0,25.0,0.0,5.7,,1014.5,Amanita muscaria flavivolvata,"Redstone Rd, Boulder, CO, US",2,
020c678c-ac8a-40fc-a018-b0ac49d15657,168601385,2021-08-13 10:01:56-06:00,2021-08-13,-105.6414161997,40.3991716,2802.0,,7.7,27.3,0.0,6.7,,1032.1,Amanita muscaria flavivolvata,"Estes Park, CO 80517, USA",3,
367ff6db-b444-4517-a4bd-1fe043a9c253,168563120,2023-06-20 13:01:35-06:00,2023-06-20,-105.5744048317,40.0213176111,3106.0,,16.0,30.0,0.0,5.8,,1014.9,Amanita muscaria flavivolvata,"Colorado, US",2,
d06a722b-f7f4-47b9-a1ee-7befed893141,168489738,2023-06-14 15:12:22-06:00,2023-06-14,-105.27337,39.9811216667,1850.0,,10.0,26.0,0.0,6.3,,1013.1,Amanita muscaria flavivolvata,"Boulder, CO, US",3,
1970050d-a044-4311-a92b-76c3e31417d8,168206815,2023-06-18 12:31:12-06:00,2023-06-18,-104.65187,39.0321388333,2339.0,,7.0,26.2,0.0,13.0,,1017.3,Amanita muscaria flavivolvata,"Vollmer Rd, Colorado Springs, CO, US",2,
edb9ae44-9f6e-448d-a864-ebb50ba0ddc8,168025564,2023-06-17 17:49:00-06:00,2023-06-17,-105.1999483794,40.0621979498,1583.0,,8.0,23.0,1.0,5.4,,1017.9,Amanita muscaria flavivolvata,"Gunbarrel, Boulder, CO, USA",2,
d2db0780-f452-4a35-90ea-4c67c1d73548,167228773,2023-06-13 11:51:29-06:00,2023-06-13,-105.3152247146,40.1479943733,1899.0,,11.7,21.1,8.2,1.4,,1017.1,Amanita muscaria flavivolvata,"Boulder, CO 80302, USA",2,
9d7d5050-d377-48be-be74-be2112b71bb4,166659542,2013-08-16 16:53:29-06:00,2013-08-16,-104.9103891786,38.7870637207,2356.0,,,,,11.8,,,Amanita muscaria flavivolvata,"Pike and San Isabel National Forests, Manitou Springs, CO, US",3,
fc3d678a-b92f-4c2d-bade-d32db7d259c2,166486321,2021-07-23 15:50:27-06:00,2021-07-23,-106.3374633333,38.8120833333,3113.0,,12.5,27.8,3.4,12.5,,1029.1,Amanita muscaria flavivolvata,"Pike and San Isabel National Forests, Nathrop, CO, US",3,
87977790-5b83-44d9-8427-05c792828cb2,166145332,2023-06-07 11:01:06-06:00,2023-06-07,-105.3458116667,39.96737,2265.0,,11.0,25.0,2.1,8.1,,1016.4,Amanita muscaria flavivolvata,"Boulder, CO, US",2,
6a421ce9-6e32-4f22-9a3d-e3458e730fa9,165984054,2023-06-06 17:10:56-06:00,2023-06-06,-105.3538583333,40.2472083333,2294.0,,9.8,24.7,1.2,2.4,,1019.0,Amanita muscaria flavivolvata,"Lyons, CO, US",2,
792c9b68-4a45-43b9-99ca-4a5aed829a59,165215371,2023-06-02 14:11:45-06:00,2023-06-02,-104.7198783333,39.0061277833,2182.0,,4.3,20.8,0.5,14.2,,1009.5,Amanita muscaria flavivolvata,"Colorado Springs, CO, US",2,
b9961b6b-752c-45cb-8c65-1820e593dcb4,161341634,2021-08-14 13:42:56-06:00,2021-08-14,-106.218375,39.5270166667,3217.0,,12.0,23.0,0.5,6.7,,1043.6,Amanita muscaria flavivolvata,"White River National Forest, Frisco, CO, US",3,
cab45827-e53e-4f4a-8785-182ee3d6e5cd,161341623,2021-08-14 13:42:59-06:00,2021-08-14,-106.2183833333,39.5269883333,3217.0,,12.0,23.0,0.5,6.7,,1043.6,Amanita muscaria flavivolvata,"White River National Forest, Frisco, CO, US",2,
057997b3-eba5-41e0-b18a-2041681c288b,161341247,2022-08-04 14:50:11-06:00,2022-08-04,-105.6173466667,39.6398883333,3292.0,,2.3,16.7,5.4,5.8,,1021.1,Amanita muscaria flavivolvata,"Chicago Lakes, Idaho Springs, CO, US",2,
26f0b75f-9db4-4146-b761-d67f331718e2,157947170,2021-08-24 12:43:27-06:00,2021-08-24,-106.1380272265,39.2666870413,3846.0,,3.9,22.2,0.0,8.5,,1014.5,Amanita muscaria flavivolvata,"Colorado, US",2,
4d6c002a-7b2c-403e-80e4-9eb725133753,153596933,2022-07-09 12:15:58-06:00,2022-07-09,-106.828555176,40.490031988,2067.0,,8.9,32.0,0.0,5.5,,1029.6,Amanita muscaria flavivolvata,"Missouri Ave, Steamboat Springs, CO, US",1,
f76829b4-067a-4da1-afb9-40e9ab9f0d03,152954799,2021-07-18 07:42:05-06:00,2021-07-18,-107.1578255606,38.9543635313,2597.0,,9.4,31.1,0.0,8.8,,1016.8,Amanita muscaria flavivolvata,"Gunnison County, US-CO, US",1,
a54987cb-f74f-4ed4-af25-29f999dbd9f3,151478575,2022-07-16 06:05:53-06:00,2022-07-16,-105.6429149131,40.3074005377,2836.0,,10.3,23.1,2.0,3.6,,1032.2,Amanita muscaria flavivolvata,"Rocky Mountain National Park, Estes Park, CO, US",1,
64461520-7dee-4967-9b08-0945f7a302fb,149999467,2014-07-23 14:52:00-06:00,2014-07-23,-105.5718871693,40.2149206192,2908.0,,18.3,31.1,,11.9,,,Amanita muscaria flavivolvata,"Boulder County, CO, USA",1,
ce49661f-d177-49c8-9d14-b3e84000b778,149700129,2021-07-25 15:10:11-06:00,2021-07-25,-105.4472116667,39.6759033333,2793.0,,19.0,33.0,0.0,10.3,,1022.2,Amanita muscaria flavivolvata,"Evergreen, CO, US",2,
7f3a7af2-6dd9-4498-a15a-abd57471f9aa,149700009,2021-07-25 15:34:17-06:00,2021-07-25,-105.451905,39.6783783333,2792.0,,19.0,33.0,0.0,10.3,,1022.2,Amanita muscaria flavivolvata,"Evergreen, CO, US",2,
55dafe40-cc11-496f-b1ca-6ea45cd2fc73,148134599,2022-08-11 12:32:00-06:00,2022-08-11,-107.8474364124,37.6188750394,3243.0,,12.0,23.0,3.2,4.6,,1035.3,Amanita muscaria flavivolvata,"San Juan National Forest headquarters, Hesperus, CO, US",3,
fc396aff-54ec-4acc-87a6-14fa82f25864,148130856,2022-08-11 12:31:13-06:00,2022-08-11,-107.8473159392,37.6189583447,3243.0,,12.0,23.0,3.2,4.6,,1035.3,Amanita muscaria flavivolvata,"San Juan National Forest headquarters, Hesperus, CO, US",2,
0ddb2ceb-7d0d-4709-a4ae-903740fe8fb9,147943122,2022-08-31 17:15:00-06:00,2022-08-31,-105.5929023918,39.642054737,3518.0,,1.3,13.3,0.3,7.4,,1025.0,Amanita muscaria flavivolvata,"Mount Goliath Natural Area, Mt. Evans Road, Clear Creek County, CO, USA",1,
8086752b-b1ad-4202-825f-9d839d25f582,147932516,2022-08-15 13:25:00-06:00,2022-08-15,-105.0683435718,38.8928831752,3188.0,,13.6,28.7,14.1,16.4,,1018.4,Amanita muscaria flavivolvata,"Teller County, CO, USA",2,
4a736afc-8b14-4fd4-8f55-1fd8c0eecebc,147164370,2021-07-03 13:07:42-06:00,2021-07-03,-105.737975,35.8214333333,3320.0,,14.4,30.0,,12.6,,1013.8,Amanita muscaria flavivolvata,"Santa Fe National Forest, Santa Fe, NM, US",2,
0e0244f3-2bb7-4019-b924-3bf04db92866,146706325,2022-08-05 19:17:00-06:00,2022-08-05,-107.6772055556,37.7681527778,3198.0,,14.0,24.0,2.3,7.2,,1032.0,Amanita muscaria flavivolvata,"San Juan County, CO, USA",2,
856cbb9f-e43e-41df-8a1c-3ad08b203478,146635051,2021-07-31 11:35:03-06:00,2021-07-31,-107.707282,37.7396039722,3335.0,,10.0,22.0,14.2,7.7,,1035.7,Amanita muscaria flavivolvata,"San Juan County, CO, USA",2,
31e1fd4f-744a-4f3d-ba69-c3b42fb8658d,145153982,2022-08-02 10:56:00-06:00,2022-08-02,-106.1670220947,39.7100957348,2911.0,,9.0,18.0,3.9,16.4,,1038.5,Amanita muscaria flavivolvata,"Summit County, CO, USA",2,
87df5f45-54ad-49cb-ba24-196671c54a82,144433751,2022-08-19 16:02:00-06:00,2022-08-19,-106.6291666667,40.6475222222,3031.0,,8.2,24.6,0.0,6.7,,1023.1,Amanita muscaria flavivolvata,"Jackson County, CO, USA",1,
43de46be-f129-41c0-b2c5-08bb952cb37f,143908666,2022-08-19 08:23:48-06:00,2022-08-19,-105.8496466667,40.4027966667,2768.0,,6.7,22.1,0.5,5.9,,1027.3,Amanita muscaria flavivolvata,"Rocky Mountain National Park, Granby, CO, US",1,
5f0a705f-06cc-4b0b-a088-b977ea21a367,143673228,2022-08-21 12:55:10-06:00,2022-08-21,-106.8398583333,37.3915166667,2430.0,,3.0,11.0,13.9,10.4,,1038.1,Amanita muscaria flavivolvata,"San Juan National Forest - Headquarters, Pagosa Springs, CO, US",1,
464489c3-8952-4af2-addb-4f3268d2e30f,143132570,2022-09-07 12:47:16-06:00,2022-09-07,-105.9380698577,39.6874859079,3630.0,,5.8,17.7,0.3,4.3,,1024.9,Amanita muscaria flavivolvata,Arapaho National Forest,2,
25f1faf6-bf04-4ccb-8637-40d6eb808c64,142943958,2021-07-28 14:49:09-06:00,2021-07-28,-105.265938,36.3937955,2694.0,,6.9,24.7,1.4,4.7,,1032.0,Amanita muscaria flavivolvata,"Back Basin Rd, Angel Fire, NM, US",2,
d71e1bc0-96f3-4f0a-8ce5-1173199c0df5,142608793,2022-07-26 16:45:21-06:00,2022-07-26,-105.52199335,40.11681635,2791.0,,18.0,30.0,1.6,5.9,,1020.0,Amanita muscaria flavivolvata,"Beaver Reservoir, Ward, CO, US",1,
fe014648-ef98-4430-a6c9-5d63121e2761,142320240,2022-08-09 11:30:00-06:00,2022-08-09,-105.7971416839,35.7924793854,3229.0,,13.9,28.3,,9.8,,1017.1,Amanita muscaria flavivolvata,"Santa Fe County, NM, USA",1,
78844929-bb3f-4fb4-a330-c9a862196fb8,142114347,2022-08-27 14:59:55-06:00,2022-08-27,-105.1040845797,38.8629745971,3311.0,,11.8,26.6,0.0,8.6,,1015.5,Amanita muscaria flavivolvata,"Pike and San Isabel National Forests, Divide, CO, US",1,
2e4687b7-56ae-4758-baa7-4a5128afd17d,138313624,2022-07-23 14:30:00-06:00,2022-07-23,-106.2394659966,38.6189116549,4284.0,,10.0,18.7,1.5,25.0,,1038.3,Amanita muscaria flavivolvata,Mt Shavano,1,
6bc22c70-5740-4f6b-90b7-5aa10ed90451,137947274,2021-07-28 11:46:09-06:00,2021-07-28,-105.2085948363,38.2325193882,2737.0,,,,,,,,Amanita muscaria flavivolvata,"Wetmore, CO 81253, USA",1,
145d7912-0ded-4114-890e-776a9503c6d7,137795542,2022-08-22 12:21:35-06:00,2022-08-22,-105.6158216667,40.0722583333,3378.0,,8.5,22.6,2.8,3.5,,1030.2,Amanita muscaria flavivolvata,"Pawnee Pass, Ward, CO, US",1,
3fac91de-5c01-4fc6-ad23-86f39a96e47c,137704813,2022-08-29 07:57:17-06:00,2022-08-29,-105.6889151037,40.1072632974,2775.0,,2.6,24.2,0.0,3.0,,1029.8,Amanita muscaria flavivolvata,"Granby, CO 80446, USA",1,
5e005efa-b35d-4491-90a6-d8f780b6961f,137704648,2022-08-29 07:28:36-06:00,2022-08-29,-105.6990159675,40.1104686282,2729.0,,2.6,24.2,0.0,3.0,,1029.8,Amanita muscaria flavivolvata,"Granby, CO 80446, USA",1,
9bc54ccf-b190-47be-920c-51cbb90f0274,136903954,2021-08-15 12:55:49-06:00,2021-08-15,-107.1301732957,40.1511224414,3011.0,,15.6,30.6,,16.1,,1015.5,Amanita muscaria flavivolvata,"Meeker, CO 81641, USA",1,
b3e65c7a-179f-450b-9a90-2a4d238286e6,136533836,2022-07-31 11:09:00-06:00,2022-07-31,-107.3290552086,40.1347874219,3268.0,,13.3,29.4,0.0,12.1,,1018.1,Amanita muscaria flavivolvata,"Rio Blanco County, CO, USA",2,
ab508a5f-bb7b-477c-86ae-310283dde2ca,136533072,2022-07-31 12:18:00-06:00,2022-07-31,-107.3446737614,40.1324340046,3179.0,,13.3,29.4,0.0,12.1,,1018.1,Amanita muscaria flavivolvata,"Rio Blanco County, CO, USA",3,
064953ae-5968-4ac2-9eb6-9a06d1db403c,136533068,2022-07-31 11:38:00-06:00,2022-07-31,-107.3359190312,40.1323027596,3187.0,,13.3,29.4,0.0,12.1,,1018.1,Amanita muscaria flavivolvata,"Rio Blanco County, CO, USA",2,
7c2411c4-ad5a-491f-a9db-3765d7cbe9f6,135830165,2022-08-25 12:04:48-06:00,2022-08-25,-106.2215092809,36.6446641922,2858.0,,,,,,,,Amanita muscaria flavivolvata,"Rio Arriba County, US-NM, US",1,
70c71d13-2751-48c1-933c-15b33b746d76,135636336,2022-08-22 14:06:47-06:00,2022-08-22,-105.3123567626,39.7200917152,2304.0,,16.0,28.0,0.0,6.1,,1023.4,Amanita muscaria flavivolvata,"Mount Vernon, CO 80401, USA",4,
312668cd-8f1a-45ce-8c8d-a77f61731eec,135613174,2021-07-28 11:46:01-06:00,2021-07-28,-105.1501246914,38.0155447811,3314.0,,,,,,,,Amanita muscaria flavivolvata,"Rye, CO 81069, USA",1,
6df84002-64da-427c-b4b4-69161b8f5537,135013394,2022-08-27 15:10:29-06:00,2022-08-27,-105.8298333333,40.2381133333,2563.0,,4.8,22.7,0.2,6.4,,1024.5,Amanita muscaria flavivolvata,"Shadow Mountain National Recreation Area, Grand Lake, CO, US",2,
df14a77b-1902-4bb7-a578-853101bfd7d7,134922835,2022-09-13 12:17:13-06:00,2022-09-13,-106.2847883333,41.380805,3349.0,,10.2,24.4,0.0,10.3,,1010.7,Amanita muscaria flavivolvata,"Medicine Bow-Routt National Forest & Thunder Basin National Grassland, Laramie, WY, US",1,
2c202a5b-d017-45d2-a03d-e0e358810556,134780026,2022-08-18 17:04:00-06:00,2022-08-18,-107.9041804,37.8111949997,3123.0,,9.0,23.0,0.6,6.6,,1032.2,Amanita muscaria flavivolvata,"San Miguel County, US-CO, US",3,
3ef8730c-5a0d-4ccd-9d9c-c9dc672079fe,134610569,2022-08-26 14:52:56-06:00,2022-08-26,-105.6382833333,40.4248416667,2845.0,,7.8,21.4,0.4,4.9,,1028.5,Amanita muscaria flavivolvata,"Estes Park, CO 80517, USA",2,
c9a28612-926c-407e-9e85-12f740048ad5,134423087,2022-08-17 13:58:51-06:00,2022-08-17,-106.360305,39.3443833333,3169.0,,7.2,16.1,,6.3,,1019.7,Amanita muscaria flavivolvata,"Pike and San Isabel National Forests, Leadville, CO, US",1,
4adc1cda-e6ef-42f6-90c2-506af45cf07e,134349603,2022-08-08 14:00:22-06:00,2022-08-08,-105.4106733002,39.5194470699,2770.0,,1.4,15.2,0.3,7.8,,1023.1,Amanita muscaria flavivolvata,"Staunton State Park, Pine, CO, US",1,
9f98b41c-a817-4002-ac78-88412e9728fc,134203367,2022-09-08 10:07:46-06:00,2022-09-08,-105.7095694444,39.6312055556,3215.0,,3.6,16.6,2.9,7.2,,1017.6,Amanita muscaria flavivolvata,"Idaho Springs, CO 80452, USA",1,
7eb38b0e-4558-4f9e-bc55-05f59ae3d68d,134163787,2022-09-07 18:58:04-06:00,2022-09-07,-105.8255437663,39.7999674753,3341.0,,5.8,17.7,0.3,4.3,,1024.9,Amanita muscaria flavivolvata,"Colorado, US",2,
49be62cc-8e68-41cc-96fb-5e8267ba92dd,134129564,2022-09-06 16:32:54-06:00,2022-09-06,-105.6395716667,40.4304666667,2942.0,,4.8,27.2,0.0,5.0,,1033.4,Amanita muscaria flavivolvata,"Rocky Mountain National Park, Estes Park, CO, US",1,
d2ce5e02-40fb-4ba6-8902-9a8937fb762d,134070176,2022-08-03 07:52:47-06:00,2022-08-03,-105.212595,36.624325,3593.0,,6.5,23.0,1.6,4.8,,1029.2,Amanita muscaria flavivolvata,"Cimarron, NM, US",2,
7566bfbe-b50f-48e9-b2f7-e74760768e7b,134002919,2022-07-31 10:31:12-06:00,2022-07-31,-106.1675116667,39.515,3338.0,,10.0,20.0,10.1,10.7,,1041.6,Amanita muscaria flavivolvata,"White River National Forest, Silverthorne, CO, US",2,
8a080756-28d7-4f7f-b744-96f33f1f2c72,133799875,2022-08-30 10:40:19-06:00,2022-08-30,-105.515755,39.9772633333,2578.0,,15.0,32.0,0.0,2.8,,1025.4,Amanita muscaria flavivolvata,"Nederland, CO, US",2,
f64d7e15-ccde-48a6-91df-18e2e667cc55,133793759,2017-08-13 15:32:37-06:00,2017-08-13,-105.5493900593,40.4913226831,3015.0,,14.4,30.0,,9.3,,1011.4,Amanita muscaria flavivolvata,"Larimer County, US-CO, US",3,
0a9bd512-5b7a-4a3a-a980-9a63ecf5b530,133790677,2021-08-02 16:04:36-06:00,2021-08-02,-105.1533547746,38.1413002015,3111.0,,,,,,,,Amanita muscaria flavivolvata,"Colorado, US",0,
c3f55d07-2fe6-4a80-9c30-88aec65a9cad,133717905,2022-09-04,2022-09-04,-105.5125424266,40.1303003685,2639.0,,16.0,35.0,0.0,4.3,,1021.4,Amanita muscaria flavivolvata,"Allenspark, CO, USA",1,
2a34fba6-301b-40f3-a7ec-45b183c4aa33,133682812,2022-09-04 10:38:06-06:00,2022-09-04,-105.6296909722,40.3340549722,2742.0,,4.7,26.8,0.0,5.7,,1030.6,Amanita muscaria flavivolvata,"Estes Park, CO 80517, USA",2,
da13f9f0-9b95-4470-b49d-b1261beae992,133612477,2022-09-02 10:16:21-06:00,2022-09-02,-106.0878916667,39.470025,3540.0,,2.2,25.0,0.0,7.9,,1017.5,Amanita muscaria flavivolvata,"Breckenridge Resort, Breckenridge, CO, US",2,
c817bcce-1513-4b0c-b53c-793d594cdff2,133568603,2022-09-03 17:47:03-06:00,2022-09-03,-107.9348607269,37.7862452483,3160.0,,14.0,23.0,4.0,4.3,,1034.7,Amanita muscaria flavivolvata,"Dolores County, US-CO, US",2,
2b02683d-b8e4-4dda-9317-1039c07b7139,133567556,2022-09-03 15:56:08-06:00,2022-09-03,-105.5651354388,39.909637036,2732.0,,1.6,15.5,4.0,6.8,,1026.6,Amanita muscaria flavivolvata,"Colorado, US",1,
8c886451-8a9a-4cd9-9022-b1b55f92629a,133555819,2022-09-03 12:56:50-06:00,2022-09-03,-105.0808811374,37.8655999179,2699.0,,15.8,28.9,0.0,12.2,,1020.6,Amanita muscaria flavivolvata,"Colorado, US",0,
59ef234c-54c2-4a5e-8496-4f39c18fc5dc,133530465,2022-08-21 15:47:56-06:00,2022-08-21,-105.3260097,39.18715345,2620.0,,2.3,13.6,13.2,5.1,,1021.6,Amanita muscaria flavivolvata,"Pike and San Isabel National Forests, Sedalia, CO, US",2,
a05d9340-945d-4993-bb58-79b28359ce79,133412607,2022-08-30 13:10:54-06:00,2022-08-30,-106.3555833333,39.2633033333,3024.0,,2.8,22.8,0.0,5.4,,1020.6,Amanita muscaria flavivolvata,"Pike and San Isabel National Forests, Leadville, CO, US",1,
eac9268d-b092-4169-b356-1b635e28951b,133299486,2022-08-21 17:42:47-06:00,2022-08-21,-107.9479366667,37.7998866667,3229.0,,9.0,17.0,1.7,4.5,,1031.4,Amanita muscaria flavivolvata,"San Juan National Forest - Headquarters, Dolores, CO, US",3,
a4217a29-ab33-4804-9e58-0aace7ddb95e,133256119,2022-09-01 13:28:34-06:00,2022-09-01,-104.9042354,38.7872775,2313.0,,15.9,30.4,0.0,10.0,,1007.6,Amanita muscaria flavivolvata,"El Paso County, US-CO, US",2,
f0c7eadd-5492-409d-a735-9a920bc098d3,133226841,2022-08-20 14:13:28-06:00,2022-08-20,-105.8595966667,40.642555,2709.0,,9.2,21.5,0.5,6.7,,1017.9,Amanita muscaria flavivolvata,"N County Road 103, Bellvue, CO, US",1,
a59e73f2-d0a8-47c1-b83f-3055c3419951,133018226,2022-08-19 10:40:36-06:00,2022-08-19,-107.8753585815,37.8798217773,3120.0,,10.0,17.0,7.5,3.4,,1030.0,Amanita muscaria flavivolvata,Telluride,2,
52a41607-b35d-4ced-a26c-689bb22c25dd,132949598,2022-08-09 13:47:00-06:00,2022-08-09,-107.9363777783,37.7935916667,3096.0,,12.0,26.0,0.0,5.6,,1034.0,Amanita muscaria flavivolvata,"Dolores County, CO, USA",1,
658316d8-8e7e-4d96-8185-f536a62108c7,132948505,2022-08-09 14:50:00-06:00,2022-08-09,-107.9865111117,37.7685388883,2839.0,,12.0,26.0,0.0,5.6,,1034.0,Amanita muscaria flavivolvata,"Dolores County, CO, USA",1,
5ae1383b-869e-4c09-b9cd-f26e97fcbf0a,132947355,2022-08-20 09:06:57-06:00,2022-08-20,-105.5820508,40.2012084107,2688.0,,6.6,22.2,6.7,5.3,,1027.6,Amanita muscaria flavivolvata,"Rocky Mountain, Rocky Mountain National Park, Boulder County, US-CO, US",2,
b91eba51-7f5c-4b08-91fc-9f1e607d6a9f,132917744,2022-08-26 13:50:31-06:00,2022-08-26,-105.7340266745,40.0493043612,3073.0,,7.8,21.4,0.4,4.9,,1028.5,Amanita muscaria flavivolvata,"Granby, CO, US",2,
961faa65-dd1a-4c22-a251-0191e2b0ce10,132900486,2022-08-28 14:50:36-06:00,2022-08-28,-105.711686702,39.6221115342,3260.0,,2.8,12.1,2.9,11.9,,1016.2,Amanita muscaria flavivolvata,"Idaho Springs, CO, US",1,
7305a5f2-f238-4f67-ad20-c7cd2308961a,132890485,2022-08-27 14:11:35-06:00,2022-08-27,-105.7832810461,40.2728856018,2951.0,,4.8,22.7,0.2,6.4,,1024.5,Amanita muscaria flavivolvata,"Rocky Mountain National Park, Granby, CO, US",2,
854c522d-4a85-40d7-a428-4f389e147efd,132866805,2021-07-02 13:21:42-06:00,2021-07-02,-105.9168245485,35.8188650018,2101.0,,15.6,28.9,,16.2,,1014.4,Amanita muscaria flavivolvata,"Santa Fe County, US-NM, US",2,
74039744-cca6-41cc-a99c-db5595fed801,132808866,2022-08-27 09:15:37-06:00,2022-08-27,-105.6334133333,39.9523666667,3070.0,,1.5,11.9,0.9,11.3,,1017.2,Amanita muscaria flavivolvata,"King Lake, Nederland, CO, US",1,
69a72f8b-6e86-4aa6-bdd5-8c0a1be27e6e,132772202,2022-08-28 14:40:27-06:00,2022-08-28,-107.7762,37.98823,3537.0,,8.0,20.0,2.6,7.7,,1026.8,Amanita muscaria flavivolvata,"Grand Mesa Uncompahgre and Gunnison National Forests, Ridgway, CO, US",2,
74880990-350d-49c9-9d27-0876150f94a9,132722091,2022-08-28 13:35:02-06:00,2022-08-28,-107.9363329244,37.7864823724,3137.0,,8.0,20.0,2.6,7.7,,1026.8,Amanita muscaria flavivolvata,"Dolores County, US-CO, US",2,
86353de5-a5bd-4f02-9300-e4da8aa52c06,132721311,2022-08-28 09:29:52-06:00,2022-08-28,-106.0594166667,39.3775583333,3396.0,,2.8,17.8,,10.1,,1012.7,Amanita muscaria flavivolvata,"Colorado, US",2,
c9eddb6d-ab3e-42bd-912f-8b7a8dc4736e,132691964,2022-08-28 11:14:08-06:00,2022-08-28,-105.565155,40.0643278333,3276.0,,22.0,33.0,0.2,14.5,,1013.1,Amanita muscaria flavivolvata,"Ward, CO, US",1,
89362003-f990-43d9-852b-fc7eab5d23f6,132591298,2022-08-27 14:14:14-06:00,2022-08-27,-106.6973716667,40.796455,2840.0,,6.2,26.4,0.0,8.1,,1020.2,Amanita muscaria flavivolvata,"Medicine Bow-Routt National Forest & Thunder Basin National Grassland, Clark, CO, US",1,
615ffcd0-af6b-467b-805a-df22ed7cae62,132583259,2022-08-27 06:52:19-06:00,2022-08-27,-105.69737745,39.82309867,3418.0,,1.5,11.9,0.9,11.3,,1017.2,Amanita muscaria flavivolvata,"Idaho Springs, CO 80452, USA",2,
f220cc2b-9dc7-4413-bd43-b3d432814b12,132575660,2022-08-27 12:09:54-06:00,2022-08-27,-105.6465898288,40.3130113934,2905.0,,4.8,22.7,0.2,6.4,,1024.5,Amanita muscaria flavivolvata,"Rocky Mountain National Park, Estes Park, CO, US",2,
4d1b2a1b-024e-482b-8115-d1c2b3030734,132564697,2022-08-27 17:04:54-06:00,2022-08-27,-105.5807033333,39.9765466667,3074.0,,1.5,11.9,0.9,11.3,,1017.2,Amanita muscaria flavivolvata,"Nederland, CO, US",1,
7415af2c-53db-4927-be0e-a3f1a8055b94,132493338,2022-08-26 11:52:37-06:00,2022-08-26,-105.4301071167,36.557384491,3365.0,,6.5,20.4,11.2,6.2,,1029.1,Amanita muscaria flavivolvata,"Taos County, US-NM, US",2,
5485a614-1c04-41d2-864f-d503495f2602,132490051,2022-08-25 12:23:07-06:00,2022-08-25,-107.4006177852,40.7793891138,3111.0,,-21.0,26.4,0.0,15.1,,1025.9,Amanita muscaria flavivolvata,"Moffat County, US-CO, US",2,
67303522-aab4-4742-9830-bb237fbd0c20,132489835,2022-08-21 16:49:03-06:00,2022-08-21,-107.9522039722,37.8011559722,3283.0,,9.0,17.0,1.7,4.5,,1031.4,Amanita muscaria flavivolvata,"Dolores, CO 81323, USA",2,
96c43c0a-a882-402c-b953-0d8996e87c6c,132489515,2022-08-21 18:08:54-06:00,2022-08-21,-107.955325,37.8086199722,3385.0,,9.0,17.0,1.7,4.5,,1031.4,Amanita muscaria flavivolvata,"Dolores, CO 81323, USA",2,
cfafe7ea-a659-420b-843b-bc243946981a,132487697,2022-08-18 11:42:52-06:00,2022-08-18,-107.9505209722,37.7974499722,3243.0,,9.0,23.0,0.6,6.6,,1032.2,Amanita muscaria flavivolvata,"Dolores, CO 81323, USA",2,
4a859900-326b-49fa-a437-82468364e568,132487191,2022-08-18 12:09:10-06:00,2022-08-18,-107.951543,37.796494,3243.0,,9.0,23.0,0.6,6.6,,1032.2,Amanita muscaria flavivolvata,"Dolores, CO 81323, USA",2,
bf6657ff-249e-4b48-9810-c79c57eccc8e,132486904,2022-08-26 11:38:10-06:00,2022-08-26,-105.5323416667,39.9877916667,2613.0,,16.0,27.0,0.0,5.3,,1020.0,Amanita muscaria flavivolvata,"Nederland, CO 80466, USA",2,
a5c546cc-cb53-4aa0-9b41-e5d90cf35dc4,132486900,2022-08-18 12:41:46-06:00,2022-08-18,-107.947224,37.7976969722,3200.0,,9.0,23.0,0.6,6.6,,1032.2,Amanita muscaria flavivolvata,"Dolores, CO 81323, USA",2,
40cda13a-2e10-4b4e-96fb-2b16ae8bd67c,132484713,2022-08-21 17:41:12-06:00,2022-08-21,-107.9566339722,37.8054449722,3327.0,,9.0,17.0,1.7,4.5,,1031.4,Amanita muscaria flavivolvata,"Dolores, CO 81323, USA",3,
a2fa1f5d-8926-4b47-aa9c-ea1e73a73c9c,132484121,2022-08-21 16:03:14-06:00,2022-08-21,-107.9468839722,37.799348,3192.0,,9.0,17.0,1.7,4.5,,1031.4,Amanita muscaria flavivolvata,"Dolores, CO 81323, USA",3,
f65358f3-3cf4-4b1a-b3c2-7dd0b962bbc7,132480741,2022-08-26 13:10:45-06:00,2022-08-26,-105.6409196997,40.305498,2876.0,,7.8,21.4,0.4,4.9,,1028.5,Amanita muscaria flavivolvata,"Estes Park, CO 80517, USA",2,
9a5fad4b-ae25-4f96-a3ca-f36c211305f4,132449146,2022-08-25 15:19:45-06:00,2022-08-25,-105.5652866667,40.27702,2975.0,,13.5,29.5,0.6,5.6,,1023.2,Amanita muscaria flavivolvata,"Rocky Mountain National Park, Estes Park, CO, US",1,
6cfd69e9-4088-4d14-9292-da85d4f19f86,132443773,2022-08-23 14:19:48-06:00,2022-08-23,-106.4845275879,39.4624710083,3947.0,,1.1,20.0,0.0,8.5,,1017.8,Amanita muscaria flavivolvata,Basalt,2,
b389ad5e-0047-400b-a5d8-e32240d92a1d,132433169,2022-08-05 10:31:02-06:00,2022-08-05,-105.8805916667,40.6684583427,2763.0,,11.7,28.9,0.5,9.5,,1015.2,Amanita muscaria flavivolvata,"Arapaho & Roosevelt National Forests Pawnee National Grassland, Bellvue, CO, US",2,
a8755fe8-37d9-4f19-af0a-1de1fe3f6965,132431638,2022-08-21 13:30:35-06:00,2022-08-21,-107.817360599,37.8308153256,3865.0,,9.0,17.0,1.7,4.5,,1031.4,Amanita muscaria flavivolvata,"Colorado, US",1,
b40261bd-72ba-4c90-a5fe-ee978b0f92de,132368420,2022-08-25 14:45:05-06:00,2022-08-25,-105.6030693697,39.6585714235,3251.0,,-1.1,14.1,4.7,6.6,,1023.7,Amanita muscaria flavivolvata,"Echo Lake, Idaho Springs, CO, US",3,
51c4809d-6f84-48bc-bfa6-cdafb91979d9,132366100,2021-08-19,2021-08-19,-107.9061782733,37.8111406816,3123.0,,6.0,15.0,15.2,5.9,,1025.9,Amanita muscaria flavivolvata,Lizard Head Pass,2,
516df33c-7399-4416-9858-d75f0cf7a2ce,132348881,2022-08-19 11:49:29-06:00,2022-08-19,-107.937585935,37.7963233889,3071.0,,10.0,17.0,7.5,3.4,,1030.0,Amanita muscaria flavivolvata,Cross Mountain Trailhead,1,
506a48be-faff-4289-8108-3b088108820c,132337054,2022-08-25 11:35:00-06:00,2022-08-25,-105.599175144,40.0864193624,3315.0,,6.4,22.6,0.2,6.1,,1031.1,Amanita muscaria flavivolvata,"Boulder County, CO, USA",2,
bdcc0b32-75e7-4d45-97a3-83c28a42c537,132336685,2022-08-25 13:09:08-06:00,2022-08-25,-105.61456298,40.6961513659,2232.0,,,,,,,,Amanita muscaria flavivolvata,"Arapaho & Roosevelt National Forests Pawnee National Grassland, Bellvue, CO, US",1,
b489377d-3720-4ef0-8d81-5eea21a4d74e,132310277,2022-08-18,2022-08-18,-107.8919625655,37.8136906388,3094.0,,9.0,23.0,0.6,6.6,,1032.2,Amanita muscaria flavivolvata,"Ophir, CO 81426, USA",1,
4a83b04b-c972-4f84-b1ce-7c95b4f78795,132308674,2022-08-17,2022-08-17,-107.9093781486,37.9042397164,2593.0,,11.0,18.0,5.0,4.6,,1033.1,Amanita muscaria flavivolvata,"Mountain Village, CO 81435, USA",1,
dc14e495-2892-4e2f-a6b0-5799d06385fc,132287720,2022-08-25,2022-08-25,-105.5005482584,40.1507347082,2781.0,,15.0,28.0,0.8,9.7,,1023.0,Amanita muscaria flavivolvata,Boulder County,1,
94527ae5-c9ca-4b32-a89b-c9ad5f2d431d,132284654,2022-08-24 11:03:27-06:00,2022-08-24,-105.6584901408,40.3926578931,2909.0,,4.0,25.0,0.0,7.8,,1029.5,Amanita muscaria flavivolvata,"Rocky Mountain, Rocky Mountain National Park, Rocky Mountain National Park, Larimer County, US-CO, US",1,
b18c2367-c7ca-4ade-baa6-fdb42b9f2fd3,132217944,2022-08-24 11:47:07-06:00,2022-08-24,-105.7686393997,39.8276192,3186.0,,0.8,12.1,2.9,6.2,,1022.5,Amanita muscaria flavivolvata,"Winter Park, CO 80482, USA",1,
8a5f8a8d-ac28-48c3-a8a3-8aaafae4f28a,132217502,2022-08-24 11:10:56-06:00,2022-08-24,-105.7685735997,39.8281379,3186.0,,0.8,12.1,2.9,6.2,,1022.5,Amanita muscaria flavivolvata,"Winter Park, CO 80482, USA",1,
36ec1162-5026-498c-a485-511ea1ef6a2d,132212753,2022-08-18 14:39:52-06:00,2022-08-18,-105.6279833333,39.9609083333,2962.0,,1.2,13.6,2.4,6.0,,1023.4,Amanita muscaria flavivolvata,"Arapaho & Roosevelt National Forests Pawnee National Grassland, Nederland, CO, US",2,
6df714f9-d4b1-4a6b-bc16-c1645cf55760,132199482,2022-08-22 13:42:34-06:00,2022-08-22,-105.5243733153,40.3239086994,2476.0,,15.0,31.1,2.0,2.8,,1022.6,Amanita muscaria flavivolvata,"Estes Park, CO 80517, USA",1,
43993a4e-2f15-4d8d-8890-0027ceb50482,132199359,2022-08-22 13:40:22-06:00,2022-08-22,-105.5244443938,40.323883138,2476.0,,15.0,31.1,2.0,2.8,,1022.6,Amanita muscaria flavivolvata,"Estes Park, CO 80517, USA",1,
99bea25a-0523-450d-ab1d-cb90cc80da51,132185505,2022-08-24 10:03:40-06:00,2022-08-24,-107.94673,38.9657333333,2223.0,,14.9,35.0,0.0,7.0,,1020.5,Amanita muscaria flavivolvata,"2300 Rd, Cedaredge, CO, US",1,
2591fb4c-185e-402c-b472-80e2f1142953,132101545,2022-08-20 16:03:47-06:00,2022-08-20,-105.39322,36.82422,2803.0,,8.2,11.3,8.9,5.0,,1029.5,Amanita muscaria flavivolvata,"Taos, NM, US",1,
30ffd5b1-bfa7-43e2-a707-20fdf20d5c1d,132081961,2022-08-23 12:44:19-06:00,2022-08-23,-105.6131833333,39.6829533333,2830.0,,-0.1,12.0,1.5,5.3,,1021.2,Amanita muscaria flavivolvata,"Arapaho & Roosevelt National Forests Pawnee National Grassland, Idaho Springs, CO, US",1,
5cfd5beb-7dbe-4c42-a5f5-d32bd2c9d86d,132081569,2022-08-23 13:20:00-06:00,2022-08-23,-105.6138533333,39.683555,2808.0,,-0.1,12.0,1.5,5.3,,1021.2,Amanita muscaria flavivolvata,"Arapaho & Roosevelt National Forests Pawnee National Grassland, Idaho Springs, CO, US",1,
070b756a-e8bb-4153-9bb0-55cb3658dafa,132080961,2022-08-23 13:03:48-06:00,2022-08-23,-105.6130216667,39.68343,2808.0,,-0.1,12.0,1.5,5.3,,1021.2,Amanita muscaria flavivolvata,"Arapaho & Roosevelt National Forests Pawnee National Grassland, Idaho Springs, CO, US",1,
aa3864c7-711c-473d-9055-d67ff77c6855,132079392,2022-08-23 08:19:45-06:00,2022-08-23,-106.0752810997,39.4699025,3193.0,,1.1,20.0,0.0,8.5,,1017.8,Amanita muscaria flavivolvata,"Breckenridge, CO 80424, USA",2,
c0c292b5-1d1a-49c7-a3f2-2cef83b071b7,132052751,2022-08-18 07:58:59-06:00,2022-08-18,-105.4312216667,36.559445,3423.0,,7.4,21.9,5.6,6.0,,1031.3,Amanita muscaria flavivolvata,"Carson National Forest, Taos, NM, US",2,
b03a12f0-bd19-40f9-a2b7-a1f3bcbe253a,131981241,2022-08-21 17:45:35-06:00,2022-08-21,-107.947424,37.799865,3192.0,,9.0,17.0,1.7,4.5,,1031.4,Amanita muscaria flavivolvata,"Dolores County, US-CO, US",4,
85977783-b701-4700-8d0e-f00bbaf5043e,131958192,2022-08-22 11:36:51-06:00,2022-08-22,-105.5815086639,40.0497763969,3394.0,,8.5,22.6,2.8,3.5,,1030.2,Amanita muscaria flavivolvata,"Boulder County, US-CO, US",3,
0182d15a-0bfa-43d4-9dfe-01e3cc0e5d6c,131938398,2022-08-22 11:10:30-06:00,2022-08-22,-106.0694093094,39.4963792693,3038.0,,7.0,16.0,8.9,7.2,,1038.3,Amanita muscaria flavivolvata,"White River National Forest, Breckenridge, CO, US",2,
747677cc-baa3-4405-8f6c-2cb0fbd933b3,131932117,2022-08-18 10:28:41-06:00,2022-08-18,-107.8906582997,37.8155199997,3088.0,,9.0,23.0,0.6,6.6,,1032.2,Amanita muscaria flavivolvata,"Ophir, CO 81426, USA",2,
b90f31a5-0c99-4888-b771-a5687d58176e,131931956,2022-08-18 10:08:58-06:00,2022-08-18,-107.8915333,37.815905,3088.0,,9.0,23.0,0.6,6.6,,1032.2,Amanita muscaria flavivolvata,"Ophir, CO 81426, USA",3,
712a68e7-967e-4dfc-b093-f316465b197e,131931940,2022-08-18 10:07:12-06:00,2022-08-18,-107.8911982997,37.8157715997,3088.0,,9.0,23.0,0.6,6.6,,1032.2,Amanita muscaria flavivolvata,"Ophir, CO 81426, USA",2,
cd5b642c-81c3-4470-a51b-afb5c075f07a,131918490,2022-08-19 17:23:31-06:00,2022-08-19,-104.9733883333,37.9182383333,2362.0,,14.1,27.4,0.0,12.4,,1013.5,Amanita muscaria flavivolvata,"Greenhorn, Rye, CO, US",2,
ff468239-e8b5-4909-a6af-8f8c7bef80a6,131917720,2022-08-19 12:44:01-06:00,2022-08-19,-107.9511444444,37.7986722222,3251.0,,10.0,17.0,7.5,3.4,,1030.0,Amanita muscaria flavivolvata,"Dolores, CO 81323, USA",1,
5c30bef6-a015-4763-a58f-fc85b82b289f,131888190,2022-08-21 08:01:29-06:00,2022-08-21,-106.1692583333,39.4934383333,3154.0,,7.2,15.0,,4.7,,1018.4,Amanita muscaria flavivolvata,"Copper Mountain, Frisco, CO, US",2,
e34b8c3d-d5ee-421d-8b35-983288165830,131797865,2022-08-21 12:14:36-06:00,2022-08-21,-105.9080508259,39.8643797217,2892.0,,0.5,10.3,8.8,4.8,,1023.6,Amanita muscaria flavivolvata,"Grand County, US-CO, US",1,
b30b0111-6038-4157-bb80-f22421e8de8f,131793403,2022-08-20 13:43:10-06:00,2022-08-20,-105.1041416667,38.8771805556,3165.0,,12.5,20.5,,12.9,,1017.9,Amanita muscaria flavivolvata,"Divide, CO 80814, USA",1,
37bf45e7-caf1-4ab0-93bf-d67f01944cbf,131747359,2022-08-20 17:17:14-06:00,2022-08-20,-107.8063772783,37.8686697325,3550.0,,10.0,17.0,13.8,5.1,,1029.5,Amanita muscaria flavivolvata,"Grand Mesa Uncompahgre and Gunnison National Forests, Ophir, CO, US",2,
0024a23a-143c-43a4-87cb-1429d8184f86,131736006,2022-08-21 08:37:49-06:00,2022-08-21,-106.0267133061,39.4809275991,3010.0,,7.2,15.0,,4.7,,1018.4,Amanita muscaria flavivolvata,"White River National Forest, Breckenridge, CO, US",2,
34bca3f5-21c0-4b14-855a-7b5b873acfb5,131680794,2022-08-12 15:43:22-06:00,2022-08-12,-107.769933314,37.8046948916,3010.0,,10.0,22.0,3.4,8.2,,1034.7,Amanita muscaria flavivolvata,"San Juan National Forest headquarters, CO, US",2,
9f0a48db-723f-4ed1-87d6-a9fb17e97779,131678467,2022-08-20 15:04:00-06:00,2022-08-20,-106.9264345,37.8491662,2690.0,,3.0,8.0,2.6,8.6,,1036.9,Amanita muscaria flavivolvata,"Creede, CO 81130, USA",2,
ff999bfc-a2df-440a-9a82-ff201dcb88dd,131677476,2022-08-06 10:27:07-06:00,2022-08-06,-105.6836388633,40.3425127872,2940.0,,8.5,27.5,0.2,6.4,,1028.2,Amanita muscaria flavivolvata,Rocky Mountain National Park,2,
3a87fd44-aacc-465a-8a1b-1c8bbe578e80,131663753,2022-08-20 12:49:25-06:00,2022-08-20,-108.0849534508,37.4027127256,3013.0,,14.4,21.7,,10.1,,1016.4,Amanita muscaria flavivolvata,"San Juan National Forest headquarters, Hesperus, CO, US",1,
f72e644a-210a-41d9-934b-19de66c08e49,131659543,2022-08-20 07:27:23-06:00,2022-08-20,-105.585145,40.2010783333,2704.0,,6.6,22.2,6.7,5.3,,1027.6,Amanita muscaria flavivolvata,"Rocky Mountain National Park, Ward, CO, US",1,
f53ba3e6-4f0c-4274-8c64-b4e71e41577e,131651137,2022-08-17 16:20:00-06:00,2022-08-17,-105.8223964259,40.4106771311,3242.0,,5.1,23.7,0.0,2.8,,1031.7,Amanita muscaria flavivolvata,"Grand County, CO, USA",1,
23bdac71-0216-4a54-ac18-f1d2693af2be,131645232,2022-08-10 12:20:53-06:00,2022-08-10,-105.5943666667,39.6413533333,3583.0,,1.8,16.3,0.2,7.7,,1025.9,Amanita muscaria flavivolvata,"Arapaho & Roosevelt National Forests Pawnee National Grassland, Evergreen, CO, US",1,
3fa86bb6-e042-41dd-9c62-6a53b8197861,131643868,2022-08-20 10:10:06-06:00,2022-08-20,-105.524925,39.8092583333,2740.0,,1.1,9.4,10.8,4.9,,1022.3,Amanita muscaria flavivolvata,"Black Hawk, CO, US",1,
e04320d6-b175-49c6-8cfa-80f5514d52b9,131643452,2022-08-20 11:30:45-06:00,2022-08-20,-107.8302383333,37.918955,3320.0,,10.0,17.0,13.8,5.1,,1029.5,Amanita muscaria flavivolvata,"Telluride Ski Resort, Telluride, CO, US",1,
3e15ff28-0306-4dbf-ae96-d838cebf6f39,131634923,2022-08-20 10:29:10-06:00,2022-08-20,-105.7566739236,39.8322235437,2965.0,,1.1,9.4,10.8,4.9,,1022.3,Amanita muscaria flavivolvata,"Arapaho & Roosevelt National Forests Pawnee National Grassland, Granby, CO, US",1,
87ed9a4b-21a4-429a-9944-c86b5c803c71,131629020,2022-08-18 11:05:57-06:00,2022-08-18,-105.66133,40.0119138833,3445.0,,4.6,26.0,0.4,3.2,,1030.8,Amanita muscaria flavivolvata,"Arapaho & Roosevelt National Forests Pawnee National Grassland, Ward, CO, US",1,
c859d168-d4d9-485a-b64a-e26e8bd0a5b7,131617813,2022-08-19 08:31:45-06:00,2022-08-19,-107.94353683,37.80102276,3145.0,,10.0,17.0,7.5,3.4,,1030.0,Amanita muscaria flavivolvata,"Dolores County, US-CO, US",2,
b5ebf24f-f1cf-42f8-8d4b-feb3885aa6cc,131614887,2022-08-19 07:19:58-06:00,2022-08-19,-107.94138355,37.80041028,3121.0,,10.0,17.0,7.5,3.4,,1030.0,Amanita muscaria flavivolvata,"Dolores County, US-CO, US",2,
25d447c8-73e1-4409-aa0b-30487a791515,131542021,2022-08-18 12:16:00-06:00,2022-08-18,-104.928212,39.0853729722,2660.0,,10.4,27.8,0.0,13.5,,1017.1,Amanita muscaria flavivolvata,"El Paso County, CO, USA",2,
0a061630-f4dd-4d07-8aa0-19a4351b4707,131529650,2022-08-19 08:35:29-06:00,2022-08-19,-105.5302536115,40.4979972087,2848.0,,13.3,30.0,0.0,10.9,,1013.7,Amanita muscaria flavivolvata,"Rocky Mountain National Park, Bellvue, CO, US",2,
93c21146-ceb8-479e-8853-17e0b9d57f88,131519526,2022-08-19 11:37:00-06:00,2022-08-19,-107.8482887743,37.8044416972,3334.0,,10.0,17.0,7.5,3.4,,1030.0,Amanita muscaria flavivolvata,"San Miguel County, US-CO, US",1,
d49297e9-c6ff-4fb5-8bb4-b74fcfd4761d,131502472,2022-08-14 10:58:00-06:00,2022-08-14,-105.7460849722,40.1044989722,2558.0,,7.2,26.4,1.4,7.1,,1029.6,Amanita muscaria flavivolvata,"Grand, Colorado, United States",2,
708ea29b-ba3c-49c5-8f20-2459fecc17ac,131467149,2022-08-19 09:42:24-06:00,2022-08-19,-106.44871969,37.01623639,3097.0,,,,,,,,Amanita muscaria flavivolvata,"Antonito, CO 81120, USA",2,
5be8be5a-d621-4c11-909c-f3dddbba598a,131417555,2022-08-18 16:07:25-06:00,2022-08-18,-106.4155166667,38.8453305556,3631.0,,3.7,20.1,0.0,6.0,,1021.5,Amanita muscaria flavivolvata,"Almont, CO 81210, USA",1,
9cca8866-5785-46aa-92ce-99bc5cd0862f,131411995,2022-08-18 14:05:01-06:00,2022-08-18,-106.393455,39.2233866667,2978.0,,1.1,20.0,0.0,5.5,,1018.9,Amanita muscaria flavivolvata,"Highline/Native Lake, Twin Lakes, CO, US",1,
b612b6ca-5cd5-42cf-9973-2066a07d4387,131399255,2022-08-17 15:49:52-06:00,2022-08-17,-105.7825783333,39.8775633333,3112.0,,-1.7,12.6,0.0,7.0,,1025.0,Amanita muscaria flavivolvata,"Winter Park Resort, Winter Park, CO, US",1,
211d02ae-2de2-40dc-b912-200729d3916e,131292885,2022-07-21 16:20:53-06:00,2022-07-21,-107.8235466667,37.8529133333,3086.0,,13.0,27.0,0.0,5.4,,1032.3,Amanita muscaria flavivolvata,"Grand Mesa Uncompahgre and Gunnison National Forests, Ophir, CO, US",1,
e9f6fce9-1a5f-4115-a845-61d35503caf4,131271589,2022-08-15 12:55:49-06:00,2022-08-15,-104.9219025166,39.1187382089,2241.0,,13.6,28.7,14.1,16.4,,1018.4,Amanita muscaria flavivolvata,"Glen Ave, Palmer Lake, CO, US",2,
ed03bfa5-9cdb-46a4-815d-21d172c8b498,131271475,2022-08-17 15:47:38-06:00,2022-08-17,-105.849305,40.4044033333,2777.0,,5.1,23.7,0.0,2.8,,1031.7,Amanita muscaria flavivolvata,"Rocky Mountain National Park, Granby, CO, US",2,
0ab1b789-7daf-475b-baee-218600dfe23a,131269449,2022-08-17 17:22:02-06:00,2022-08-17,-106.828055,39.2021466667,2389.0,,11.1,24.4,,6.9,,1017.6,Amanita muscaria flavivolvata,"Rio Grande Trail, Aspen, CO, US",2,
71afc28f-60ad-4f3f-a3f6-0dcf64cbb54a,131265515,2022-08-17 09:33:29-06:00,2022-08-17,-105.1145166667,38.8726416667,3143.0,,13.5,22.0,0.4,5.7,,1023.0,Amanita muscaria flavivolvata,"Pike and San Isabel National Forests, Divide, CO, US",1,
3983c465-3e4b-4434-8da2-f9cf0544d66e,131257813,2022-08-17 10:30:44-06:00,2022-08-17,-107.8852916667,37.8184366667,3060.0,,11.0,18.0,5.0,4.6,,1033.1,Amanita muscaria flavivolvata,"Grand Mesa Uncompahgre and Gunnison National Forests, Ophir, CO, US",2,
9d5fe362-51f4-4761-a23f-8d1509fd9393,131219504,2022-07-30 09:50:13-06:00,2022-07-30,-105.1261528333,38.8620116667,3197.0,,12.8,26.3,0.0,5.9,,1017.7,Amanita muscaria flavivolvata,"Pike and San Isabel National Forests, Divide, CO, US",2,
2ea3c4e6-5456-4896-94c6-6263e7a504ef,131204988,2022-08-16 10:48:25-06:00,2022-08-16,-105.87915,39.9093866667,2753.0,,2.9,7.4,10.8,7.3,,1024.7,Amanita muscaria flavivolvata,"Arapaho & Roosevelt National Forests Pawnee National Grassland, Parshall, CO, US",2,
09563689-22d2-419a-892b-e9a9672fcae8,131198565,2022-08-15 16:21:23-06:00,2022-08-15,-105.7264682093,40.0398584269,3103.0,,11.7,22.1,6.7,5.0,,1029.3,Amanita muscaria flavivolvata,"Grand County, US-CO, US",2,
2c80a646-507d-4a58-82ec-fc5cb8123fe3,131198071,2022-08-16 06:55:00-06:00,2022-08-16,-107.8674865359,37.8299795732,3229.0,,11.0,17.0,16.4,3.4,,1030.8,Amanita muscaria flavivolvata,"Grand Mesa Uncompahgre and Gunnison National Forests, Ophir, CO, US",3,
773b1c80-1753-4a2a-a0fe-73af3e31db40,131189264,2022-08-14 13:34:03-06:00,2022-08-14,-105.8338866667,39.94883,2646.0,,7.2,26.4,1.4,7.1,,1029.6,Amanita muscaria flavivolvata,"County Road 509, Fraser, CO, US",2,
758140c8-6fe6-4f74-9f39-60cab9e4fc0c,131143214,2022-07-30 07:01:24-06:00,2022-07-30,-105.43297,36.5625,3347.0,,10.8,19.7,11.4,11.3,,1031.6,Amanita muscaria flavivolvata,"Carson National Forest, Taos, NM, US",1,
637958e3-c5eb-445d-bedf-fef8a3d352c8,131138284,2022-08-16 11:59:10-06:00,2022-08-16,-105.639105,40.302905,2901.0,,10.0,16.0,4.4,4.8,,1030.3,Amanita muscaria flavivolvata,"Rocky Mountain National Park, Estes Park, CO, US",2,
9fccbab6-92a0-418c-b247-ad3f22d07806,131093515,2022-08-16 11:29:15-06:00,2022-08-16,-105.789445,35.8026633333,3430.0,,15.0,30.0,0.0,17.1,,1012.2,Amanita muscaria flavivolvata,"Santa Fe National Forest, Santa Fe, NM, US",2,
3440a770-9fd3-473c-be59-eb007c88a4d1,131058227,2022-08-13 16:00:43-06:00,2022-08-13,-105.5721527778,39.5142972222,2886.0,,4.1,14.2,4.8,5.4,,1023.8,Amanita muscaria flavivolvata,"Bailey, CO 80421, USA",1,
8592ca5e-c24f-482f-8e51-722b559e774a,131001830,2022-08-15 13:01:03-06:00,2022-08-15,-105.5787716667,40.0473778333,3332.0,,11.7,22.1,6.7,5.0,,1029.3,Amanita muscaria flavivolvata,"Arapaho & Roosevelt National Forests Pawnee National Grassland, Ward, CO, US",2,
312e60ec-1492-4a6c-bd18-8db7c9c8394d,130853872,2022-08-14 13:33:47-06:00,2022-08-14,-105.8338866667,39.94885,2646.0,,7.2,26.4,1.4,7.1,,1029.6,Amanita muscaria flavivolvata,"County Road 509, Fraser, CO, US",1,
abed4a1d-65ee-4189-bfce-308b96db9f18,130853589,2022-08-14 13:33:55-06:00,2022-08-14,-105.83387,39.948905,2646.0,,7.2,26.4,1.4,7.1,,1029.6,Amanita muscaria flavivolvata,"County Road 509, Fraser, CO, US",1,
f47d78cd-f987-458e-985c-2aaed0947332,130736244,2022-08-13 11:47:14-06:00,2022-08-13,-105.7733,39.79485,3515.0,,4.1,14.2,4.8,5.4,,1023.8,Amanita muscaria flavivolvata,"Arapaho & Roosevelt National Forests Pawnee National Grassland, Idaho Springs, CO, US",1,
cd27bf10-6d9e-4801-bd86-96581370c0d7,130698413,2022-08-13 12:12:22-06:00,2022-08-13,-107.1572583333,40.0018583333,3335.0,,13.3,30.0,,8.9,,1016.5,Amanita muscaria flavivolvata,"Medicine Bow-Routt National Forest & Thunder Basin National Grassland, Gypsum, CO, US",1,
50c1b19a-b9b7-4592-a9ae-c9f47179d479,130645716,2022-08-12 12:55:40-06:00,2022-08-12,-105.593055,40.1376333333,2985.0,,6.3,28.2,3.0,5.3,,1032.1,Amanita muscaria flavivolvata,"Arapaho & Roosevelt National Forests Pawnee National Grassland, Ward, CO, US",2,
f60dd788-a59c-4481-8de8-eee8fd3c959b,130564438,2022-08-12 13:01:48-06:00,2022-08-12,-105.8228133333,40.4105083333,3242.0,,6.3,28.2,3.0,5.3,,1032.1,Amanita muscaria flavivolvata,"Rocky Mountain National Park, Granby, CO, US",2,
92d70568-47c3-4252-896e-bc18178210d9,130552197,2022-08-12 13:03:59-06:00,2022-08-12,-105.8233116667,40.4096966667,3220.0,,6.3,28.2,3.0,5.3,,1032.1,Amanita muscaria flavivolvata,"Rocky Mountain National Park, Granby, CO, US",2,
8dc70362-5e40-49d8-93cb-127582bae64b,130551525,2022-08-12 13:09:29-06:00,2022-08-12,-105.8227616667,40.40988,3240.0,,6.3,28.2,3.0,5.3,,1032.1,Amanita muscaria flavivolvata,"Rocky Mountain National Park, Granby, CO, US",1,
b16104c0-5076-4cc2-b035-c8544cfaa4a0,130501402,2022-07-23 12:53:40-06:00,2022-07-23,-105.7384031362,40.1009384224,2566.0,,8.3,27.7,2.5,6.0,,1028.0,Amanita muscaria flavivolvata,"Arapaho & Roosevelt National Forests Pawnee National Grassland, Granby, CO, US",1,
7d7cf6da-a140-4669-96bd-de076fb50a05,130498259,2022-08-08 11:05:40-06:00,2022-08-08,-105.98227,40.502095,2802.0,,9.4,27.9,0.0,6.5,,1018.8,Amanita muscaria flavivolvata,"State Forest State Park, Walden, CO, US",2,
2c74b764-220a-46b7-89f9-f9a0d288efd1,130491944,2022-08-09 22:48:05-06:00,2022-08-09,-105.0917955163,38.9227061469,2941.0,,13.5,28.4,0.0,8.9,,1017.5,Amanita muscaria flavivolvata,"Woodland Park, CO, US",2,
a56499ce-c6ae-4109-84a7-57bc6608ba20,130456070,2022-08-11 12:26:26-06:00,2022-08-11,-107.2088466667,40.0326833333,3127.0,,15.6,31.1,0.0,13.5,,1017.9,Amanita muscaria flavivolvata,"White River National Forest, Gypsum, CO, US",1,
6f5b935e-e101-4573-a700-7a512def5f62,130440671,2022-08-10 13:09:53-06:00,2022-08-10,-105.6772299722,40.3226859722,3238.0,,7.9,27.5,0.0,5.6,,1033.5,Amanita muscaria flavivolvata,"Estes Park, CO 80517, USA",2,
8677e1e6-3f7f-43d9-a78e-d3bd63dbdeed,130436649,2022-08-11 13:21:55-06:00,2022-08-11,-105.603045,40.0690333333,3251.0,,9.0,29.0,0.0,4.6,,1032.6,Amanita muscaria flavivolvata,"Arapaho & Roosevelt National Forests Pawnee National Grassland, Ward, CO, US",2,
2a26fd38-57b4-4f57-a741-5f28d276f3fd,130418955,2022-08-06 15:56:00-06:00,2022-08-06,-108.0143963462,39.038394037,3304.0,,18.4,37.4,0.0,9.1,,1019.7,Amanita muscaria flavivolvata,"Mesa County, CO, USA",1,
6b5ec350-8a96-441b-b861-4f1eaa3e41be,130205232,2022-08-09 11:03:45-06:00,2022-08-09,-107.6714487746,38.0228242608,2383.0,,12.0,26.0,0.0,5.6,,1034.0,Amanita muscaria flavivolvata,Ouray,1,
781eef9d-7a42-4b2d-981f-9dccf2786dd8,130190769,2022-08-09 16:45:33-06:00,2022-08-09,-105.4412609722,40.1372739722,2496.0,,18.0,34.0,0.0,2.5,,1023.0,Amanita muscaria flavivolvata,"Ward, CO 80481, USA",1,
acc17d07-e226-4b8d-8781-10ee3f3c1595,130179851,2022-08-01 18:48:32-06:00,2022-08-01,-105.970925,39.8796666667,3404.0,,3.8,14.6,6.8,5.9,,1023.1,Amanita muscaria flavivolvata,"Parshall, CO 80468, USA",1,
7ee5137a-9d05-456b-be2d-fb23997623d7,130155175,2022-08-06 13:59:00-06:00,2022-08-06,-108.0174507826,39.0469343359,3291.0,,18.4,37.4,0.0,9.1,,1019.7,Amanita muscaria flavivolvata,"Mesa County, CO, USA",1,
370aea29-cf02-483e-8778-ec9c299b4429,130064568,2022-08-08 15:04:35-06:00,2022-08-08,-105.6559,39.9009283333,2990.0,,1.4,15.2,0.3,7.8,,1023.1,Amanita muscaria flavivolvata,"Arapaho & Roosevelt National Forests Pawnee National Grassland, Black Hawk, CO, US",1,
b3b36bd9-0cc7-438a-9d35-61f3df39ae40,130057343,2022-08-08 14:47:12-06:00,2022-08-08,-107.6714487746,38.0228242608,2383.0,,11.0,25.0,0.0,6.9,,1033.8,Amanita muscaria flavivolvata,Ouray,1,
ca8591f3-8e97-4a24-bcca-851a93a65cfd,130049095,2022-08-08 15:09:31-06:00,2022-08-08,-106.1381329722,40.1563009722,3262.0,,7.3,28.0,0.0,6.2,,1031.0,Amanita muscaria flavivolvata,"Hot Sulphur Springs, CO 80451, USA",2,
037f330b-1d04-4da1-9f06-ad26e482414b,130048218,2022-08-07 23:41:54-06:00,2022-08-07,-105.3731,39.499225,2535.0,,16.7,27.8,,14.7,,1016.6,Amanita muscaria flavivolvata,"Staunton State Park, Pine, CO, US",2,
696650aa-68c9-4ba4-b673-a2e9e565f155,129937521,2022-08-07 13:41:16-06:00,2022-08-07,-105.687346645,39.8710638603,3372.0,,4.8,15.7,3.8,9.3,,1022.6,Amanita muscaria flavivolvata,"Colorado, US",1,
5540dae2-643b-4e9d-a5f3-55f29a9a2ce1,129912732,2022-08-07 09:51:33-06:00,2022-08-07,-108.1009032548,37.4582951607,3259.0,,14.4,28.3,,8.2,,1017.7,Amanita muscaria flavivolvata,"San Juan National Forest headquarters, Mancos, CO, US",2,
0701d27d-1ca9-4858-aee6-8da3aaaf03e2,129900518,2022-08-05 15:07:48-06:00,2022-08-05,-105.8998633333,40.74127,2746.0,,11.7,28.9,0.5,9.5,,1015.2,Amanita muscaria flavivolvata,"Arapaho & Roosevelt National Forests Pawnee National Grassland, Bellvue, CO, US",2,
9492c8ba-59f1-46dc-b4a5-5cc81fe8abfd,129895115,2022-08-07 12:49:54-06:00,2022-08-07,-106.2934033333,39.569295,3553.0,,12.0,20.0,1.5,13.2,,1040.5,Amanita muscaria flavivolvata,"White River National Forest, Basalt, CO, US",2,
717d6af5-83eb-45d6-ab3c-123fcbd28061,129892495,2022-08-06 11:53:00-06:00,2022-08-06,-108.031316766,39.0303761229,3301.0,,18.4,37.4,0.0,9.1,,1019.7,Amanita muscaria flavivolvata,"Mesa County, CO, USA",1,
10aa27e6-4cff-4e63-81ca-41cfc200e15c,129886685,2022-08-06 10:02:11-06:00,2022-08-06,-105.8488783333,40.401945,2756.0,,8.5,27.5,0.2,6.4,,1028.2,Amanita muscaria flavivolvata,"Rocky Mountain National Park, Granby, CO, US",2,
b102df8d-4a14-4b39-a510-8bc150308c8c,129863694,2022-08-06 12:05:47-06:00,2022-08-06,-105.513405,40.5396283333,3076.0,,20.0,32.8,0.0,13.5,,1012.5,Amanita muscaria flavivolvata,"Arapaho & Roosevelt National Forests Pawnee National Grassland, Bellvue, CO, US",2,
dbf34055-7657-4eb8-9f3e-e9851a5e3f7d,129781632,2022-08-06 17:49:03-06:00,2022-08-06,-105.7286533333,40.4318583333,3351.0,,8.5,27.5,0.2,6.4,,1028.2,Amanita muscaria flavivolvata,"Rocky Mountain National Park, Estes Park, CO, US",2,
75bce7e2-aea5-4c41-afaa-7b054ffa3273,129772378,2022-08-06 09:37:25-06:00,2022-08-06,-105.7796023508,39.8101220699,3330.0,,5.4,16.7,2.4,7.6,,1020.0,Amanita muscaria flavivolvata,"Grand County, US-CO, US",2,
5bec95fa-28a8-4450-97e5-f7a95ea87ec7,129751698,2022-08-06 16:16:01-06:00,2022-08-06,-105.6523666667,39.8979716667,2866.0,,5.4,16.7,2.4,7.6,,1020.0,Amanita muscaria flavivolvata,"Arapaho & Roosevelt National Forests Pawnee National Grassland, Black Hawk, CO, US",1,
41e2b1d4-c878-4e81-8260-67a90ad9ac20,129746880,2022-08-06 11:27:49-06:00,2022-08-06,-105.9042222222,39.9306972222,2796.0,,8.5,27.5,0.2,6.4,,1028.2,Amanita muscaria flavivolvata,"Fraser, CO 80442, USA",1,
79064b52-fb3e-45d1-86f1-8536a5a9500e,129744292,2022-08-06 15:48:28-06:00,2022-08-06,-106.7014580593,37.612272966,2563.0,,7.0,15.0,1.0,15.1,,1040.6,Amanita muscaria flavivolvata,FUN VALLEY FAMILY RESORT,2,
c0108330-5ae4-41be-b109-abe981a8a875,129739296,2022-08-05 11:36:50-06:00,2022-08-05,-106.1558445,39.4141416667,3636.0,,6.7,22.8,,8.9,,1014.8,Amanita muscaria flavivolvata,"White River National Forest, Breckenridge, CO, US",1,
62f51f9d-773c-4040-a5f1-e9eb8b79d07d,129734694,2022-08-06 12:59:37-06:00,2022-08-06,-105.7794073461,39.8095587905,3330.0,,5.4,16.7,2.4,7.6,,1020.0,Amanita muscaria flavivolvata,"Grand County, US-CO, US",2,
c8c7a1c3-755a-4acb-bb61-826d9c92f87a,129730341,2022-08-06 12:45:33-06:00,2022-08-06,-105.84925,40.4109583333,2782.0,,8.5,27.5,0.2,6.4,,1028.2,Amanita muscaria flavivolvata,"Rocky Mountain National Park, Granby, CO, US",2,
5d1832ed-64a1-4345-97ba-81c7054c373a,129730211,2022-08-06 11:40:55-06:00,2022-08-06,-105.84977,40.4280083333,2857.0,,8.5,27.5,0.2,6.4,,1028.2,Amanita muscaria flavivolvata,"Rocky Mountain National Park, Granby, CO, US",1,
1f11b016-33fa-4f55-9d9b-3ee6a40e5b83,129701687,2022-08-02 17:31:06-06:00,2022-08-02,-105.5214616667,40.3777666667,2308.0,,18.8,36.3,2.1,7.1,,1017.5,Amanita muscaria flavivolvata,"Park Ln, Estes Park, CO, US",3,
018d8890-25ff-4385-aa1b-8e26a6552bd6,129684791,2022-07-23 08:58:13-06:00,2022-07-23,-105.7465666667,40.1044916667,2558.0,,8.3,27.7,2.5,6.0,,1028.0,Amanita muscaria flavivolvata,"Granby, CO 80446, USA",2,
df60337e-b465-4929-834c-d15c116fa3a0,129605440,2022-08-05 11:14:41-06:00,2022-08-05,-106.1374589944,39.7271720487,2581.0,,12.0,18.0,10.3,11.4,,1039.4,Amanita muscaria flavivolvata,"Summit County, US-CO, US",1,
d230dfe5-9391-419c-b9d5-42dee8478cc9,129592013,2022-08-03 11:12:01-06:00,2022-08-03,-106.4050809835,38.6938002008,3339.0,,7.2,22.3,5.0,5.4,,1019.0,Amanita muscaria flavivolvata,"Chaffee County, US-CO, US",2,
df359b6a-1f20-41c1-a289-10509eaff23c,129582058,2022-08-05 13:47:15-06:00,2022-08-05,-105.8376617432,40.2180366516,2560.0,,9.5,27.1,0.6,7.5,,1028.7,Amanita muscaria flavivolvata,"Rocky Mountain National Park, Grand County, US-CO, US",2,
e8b8c46b-3a3d-4264-b626-b80201d40f32,129490278,2022-07-17 14:11:02-06:00,2022-07-17,-106.3130876103,39.3000309721,3138.0,,6.1,25.0,0.0,7.5,,1017.0,Amanita muscaria flavivolvata,"Pike and San Isabel National Forests, Leadville, CO, US",1,
ff54baad-12a1-448b-a2ee-5188ba4c3430,129489786,2022-08-04 10:48:35-06:00,2022-08-04,-105.0021954904,39.0154552127,2796.0,,12.1,30.4,,12.3,,1015.2,Amanita muscaria flavivolvata,"Pike and San Isabel National Forests, Colorado Springs, CO, US",2,
e5f53479-2d65-44de-affa-e21c0048517f,129474837,2022-08-04 16:59:27-06:00,2022-08-04,-105.8672358036,39.6410050175,3385.0,,2.3,16.7,5.4,5.8,,1021.1,Amanita muscaria flavivolvata,"White River National Forest, Dillon, CO, US",2,
3f703cb2-9db2-4186-876b-7bf50a5b7acc,129473408,2022-08-02 14:15:04-06:00,2022-08-02,-105.9168466667,40.6368716667,3088.0,,12.5,25.3,0.5,12.9,,1015.8,Amanita muscaria flavivolvata,"Arapaho & Roosevelt National Forests Pawnee National Grassland, Bellvue, CO, US",1,
2a2c17b9-79ad-407e-b99b-e89783b9120a,129470390,2022-08-01 08:42:20-06:00,2022-08-01,-107.6643616667,37.8128283333,2845.0,,10.0,21.0,8.3,4.9,,1034.2,Amanita muscaria flavivolvata,"W 13th St, Silverton, CO, US",1,
22d813a9-4c22-4a6e-bd0f-ace8dd7b7095,129456590,2022-08-04 12:26:20-06:00,2022-08-04,-106.0580666667,39.359495,3558.0,,5.0,25.0,0.0,5.7,,1016.0,Amanita muscaria flavivolvata,"Pike and San Isabel National Forests, Jefferson, CO, US",2,
2a00128a-5ddd-4576-b080-c1ff31cbd3c7,129454830,2022-08-03 12:32:02-06:00,2022-08-03,-104.9211589247,39.1185612171,2241.0,,14.5,27.9,,12.1,,1013.8,Amanita muscaria flavivolvata,"Palmer Lake, CO 80133, USA",2,
2f46c04c-ff66-49b2-9e58-6cc80af8abe3,129381858,2022-07-29 17:36:09-06:00,2022-07-29,-106.707655,40.7781833333,2672.0,,10.4,26.4,5.0,6.7,,1025.5,Amanita muscaria flavivolvata,"Medicine Bow-Routt National Forest & Thunder Basin National Grassland, Clark, CO, US",1,
1effed2f-3d49-48d6-8619-d85345b52763,129379840,2022-08-03 17:29:57-06:00,2022-08-03,-106.5347966667,39.5659916727,2993.0,,13.9,30.6,,6.2,,1014.5,Amanita muscaria flavivolvata,"White River National Forest, Basalt, CO, US",1,
ecd07343-d17f-4310-be45-e6e94a3cbfeb,129353485,2022-08-03 14:54:17-06:00,2022-08-03,-107.6932133333,37.91688,3214.0,,13.0,24.0,0.1,7.0,,1031.2,Amanita muscaria flavivolvata,"Grand Mesa Uncompahgre and Gunnison National Forests, Ridgway, CO, US",1,
b7f0ab71-c55d-4651-b37c-f0f54bbba6f9,129352944,2022-08-03 15:54:33-06:00,2022-08-03,-107.6927333333,37.9156383333,3255.0,,13.0,24.0,0.1,7.0,,1031.2,Amanita muscaria flavivolvata,"Grand Mesa Uncompahgre and Gunnison National Forests, Ridgway, CO, US",2,
51af1566-dff1-435e-9aa1-e228325bed81,129352869,2022-08-03 15:55:48-06:00,2022-08-03,-107.692795,37.9156883333,3255.0,,13.0,24.0,0.1,7.0,,1031.2,Amanita muscaria flavivolvata,"Grand Mesa Uncompahgre and Gunnison National Forests, Ridgway, CO, US",2,
86d75886-b772-4533-805f-67962fbd4deb,129341816,2022-08-03 17:02:31-06:00,2022-08-03,-107.6770421602,38.0624220715,2571.0,,13.0,24.0,0.1,7.0,,1031.2,Amanita muscaria flavivolvata,"Grand Mesa Uncompahgre and Gunnison National Forests, Ridgway, CO, US",2,
3f089ab3-3939-4468-a038-ad36cafb2fa2,129335579,2022-08-03 10:25:52-06:00,2022-08-03,-105.3869513422,39.5639329146,2627.0,,4.6,14.7,3.9,8.8,,1021.5,Amanita muscaria flavivolvata,Cub Creek Trail,1,
d9ea79b7-2f4b-4d23-8934-3d972b668f55,129316325,2022-08-03 09:39:01-06:00,2022-08-03,-106.0661941209,39.3623641134,3533.0,,7.2,22.2,,8.3,,1014.3,Amanita muscaria flavivolvata,"Park County, US-CO, US",2,
e82ec5ab-ae38-483d-8372-aace2dd270ff,129290011,2022-08-03 09:50:31-06:00,2022-08-03,-106.807979511,37.4918954619,3532.0,,8.0,18.0,2.5,9.0,,1039.8,Amanita muscaria flavivolvata,"San Juan National Forest headquarters, South Fork, CO, US",1,
ef0239f0-6d81-4205-8b6f-af99c555d943,129235405,2022-08-02 09:37:19-06:00,2022-08-02,-105.8424333333,39.7213416667,3569.0,,4.6,14.5,6.4,12.8,,1020.1,Amanita muscaria flavivolvata,"Keystone, CO 80435, USA",1,
bace300c-c578-4f12-9397-75a641b40188,129230672,2022-07-31 09:49:39-06:00,2022-07-31,-106.3264083333,38.5305216667,3195.0,,7.0,15.0,5.5,17.0,,1044.0,Amanita muscaria flavivolvata,"Pike and San Isabel National Forests, Salida, CO, US",1,
8fec8ca2-cca7-4426-b67f-4d969ab98d2a,129208613,2022-08-02 15:23:45-06:00,2022-08-02,-107.9867166667,37.462195,3130.0,,14.4,30.6,0.0,11.3,,1015.1,Amanita muscaria flavivolvata,"San Juan National Forest headquarters, Hesperus, CO, US",1,
ec327c30-93ab-4e36-a9a2-e526a8df8685,129199476,2022-07-31 10:49:44-06:00,2022-07-31,-106.455575,37.0196805,3053.0,,,,,,,,Amanita muscaria flavivolvata,"Rio Grande National Forest, Antonito, CO, US",2,
6419ac2e-846d-4c7e-b529-d1f3dd0e032b,129197284,2022-08-01 15:10:25-06:00,2022-08-01,-105.5669866667,40.0401778333,3228.0,,17.0,35.0,0.0,7.9,,1020.4,Amanita muscaria flavivolvata,"Arapaho & Roosevelt National Forests Pawnee National Grassland, Ward, CO, US",2,
7a900bf0-5f11-438f-ab43-d4280e5a2c55,129173901,2022-08-02 12:28:34-06:00,2022-08-02,-105.6869957427,39.6025326023,3652.0,,4.6,14.5,6.4,12.8,,1020.1,Amanita muscaria flavivolvata,"Colorado, US",1,
f0a1eb19-b7db-4586-ba9a-aae35172f58a,129148903,2022-07-31 06:45:05-06:00,2022-07-31,-107.71515,37.7453583333,3363.0,,11.0,22.0,9.9,3.2,,1034.4,Amanita muscaria flavivolvata,"San Juan National Forest headquarters, CO, US",2,
983ef9e1-48cc-43ed-a2e5-8df36e071f6a,129087963,2022-08-01 11:49:51-06:00,2022-08-01,-105.5634695292,40.0400668815,3207.0,,17.0,35.0,0.0,7.9,,1020.4,Amanita muscaria flavivolvata,"Nederland, CO 80466, USA",3,
cdb03b71-9366-4c85-8695-1278d1502245,129079701,2022-08-01 13:20:07-06:00,2022-08-01,-105.3545916667,39.3323416667,2311.0,,6.8,19.8,0.0,6.5,,1019.2,Amanita muscaria flavivolvata,"Pine, CO 80470, USA",1,
189c9578-f0d3-439e-a098-b27e8f96d686,129079606,2022-07-31 19:06:15-06:00,2022-07-31,-106.40732,38.9492,3391.0,,7.6,20.3,1.7,4.9,,1022.2,Amanita muscaria flavivolvata,"Pike and San Isabel National Forests, Buena Vista, CO, US",2,
19a04973-c635-40cf-84cc-a9ab98447274,129079587,2022-08-01 13:48:02-06:00,2022-08-01,-105.3439472222,39.3363611111,2277.0,,6.8,19.8,0.0,6.5,,1019.2,Amanita muscaria flavivolvata,"Pine, CO 80470, USA",1,
640a0d33-0da1-42b8-8a47-66abe60bb7ea,129079572,2022-08-01 13:53:12-06:00,2022-08-01,-105.3431944444,39.3370333333,2291.0,,6.8,19.8,0.0,6.5,,1019.2,Amanita muscaria flavivolvata,"Pine, CO 80470, USA",1,
bbdb497f-0c20-49db-9b0d-74a6abbb62a4,129079513,2022-08-01 14:04:21-06:00,2022-08-01,-105.3422805556,39.3389,2272.0,,6.8,19.8,0.0,6.5,,1019.2,Amanita muscaria flavivolvata,"Pine, CO 80470, USA",1,
338d916d-2775-4151-bfe9-713bfc3784b4,129063653,2022-07-31 15:21:30-06:00,2022-07-31,-105.524345,39.84092,2783.0,,4.0,13.6,13.6,5.7,,1024.8,Amanita muscaria flavivolvata,"Arapaho & Roosevelt National Forests Pawnee National Grassland, Black Hawk, CO, US",1,
b2aad207-f2a2-4303-964b-116d1971702c,129053549,2022-08-01 14:00:06-06:00,2022-08-01,-106.976326,38.9295170997,3104.0,,11.7,26.1,11.8,8.1,,1018.5,Amanita muscaria flavivolvata,"Crested Butte, CO 81225, USA",1,
4d492f8b-b3f6-4a15-b73b-7b312cf30ce3,129021265,2022-07-29 19:55:16-06:00,2022-07-29,-106.6299051569,35.8099931743,2573.0,,14.0,21.4,18.3,8.1,,1027.8,Amanita muscaria flavivolvata,"Santa Fe National Forest, Jemez Springs, NM, US",2,
8f52adec-d103-40c8-bc59-f091afae95eb,129013058,2022-07-31 20:07:51-06:00,2022-07-31,-107.7136275172,38.157898803,2230.0,,11.0,22.0,9.9,3.2,,1034.4,Amanita muscaria flavivolvata,"Ridgway, CO 81432, USA",2,
b5bdb999-bcff-4dc0-94c6-0b815454b05c,128988999,2022-08-01 09:13:51-06:00,2022-08-01,-106.7014580593,37.612272966,2563.0,,7.0,14.0,11.5,8.7,,1042.0,Amanita muscaria flavivolvata,"South Fork, CO 81154, USA",1,
891e950c-3fb8-473d-b390-3952b8e6df30,128981534,2022-07-31 12:57:52-06:00,2022-07-31,-107.8463883333,37.7895166667,3534.0,,11.0,22.0,9.9,3.2,,1034.4,Amanita muscaria flavivolvata,"Grand Mesa Uncompahgre and Gunnison National Forests, Ophir, CO, US",2,
cfb84884-92ed-4539-a3ed-9d11a0473d31,128931350,2022-07-30 10:51:34-06:00,2022-07-30,-106.2169960129,39.8288659317,2452.0,,10.0,17.0,1.2,6.7,,1039.8,Amanita muscaria flavivolvata,"White River National Forest, Silverthorne, CO, US",2,
84ff0f71-0ecf-41d1-aca0-4fea5fcd3553,128921599,2022-07-18 14:18:46-06:00,2022-07-18,-106.6433029175,39.3234901428,2793.0,,15.6,28.3,0.3,11.0,,1013.6,Amanita muscaria flavivolvata,Meredith,1,
dbb62819-45fe-4880-bfb9-fbe127102936,128916809,2022-07-30 13:16:09-06:00,2022-07-30,-106.4745633333,39.2485783333,3386.0,,5.0,21.1,2.6,6.9,,1018.8,Amanita muscaria flavivolvata,"Pike and San Isabel National Forests, Twin Lakes, CO, US",1,
5eddb57e-0305-49bc-9f98-17db5f638592,128888471,2022-07-31 13:22:01-06:00,2022-07-31,-105.3987366667,39.56068,2762.0,,4.0,13.6,13.6,5.7,,1024.8,Amanita muscaria flavivolvata,"Arapaho & Roosevelt National Forests Pawnee National Grassland, Conifer, CO, US",1,
e6d18778-e0b9-4e19-8036-b67a87083a76,128887997,2022-07-31 13:27:09-06:00,2022-07-31,-105.3980716667,39.5606116667,2762.0,,4.0,13.6,13.6,5.7,,1024.8,Amanita muscaria flavivolvata,"Arapaho & Roosevelt National Forests Pawnee National Grassland, Conifer, CO, US",1,
37a1e789-1405-4360-9c48-0e7624a821a6,128876937,2022-07-31 10:57:35-06:00,2022-07-31,-105.7095777778,39.6341777778,3176.0,,4.0,13.6,13.6,5.7,,1024.8,Amanita muscaria flavivolvata,"Idaho Springs, CO 80452, USA",1,
541403e0-11e2-4024-9240-1155823750f3,128863514,2022-07-30 05:08:00-06:00,2022-07-30,-105.6043828244,40.0687821405,3265.0,,5.0,26.1,2.4,5.9,,1030.4,Amanita muscaria flavivolvata,"Boulder County, CO, USA",1,
2303e2fd-e8e1-4b82-8fd3-9df135079618,128850894,2022-07-29 11:15:27-06:00,2022-07-29,-105.6008394036,40.345305845,2626.0,,7.7,22.2,1.0,5.8,,1029.7,Amanita muscaria flavivolvata,"Rocky Mountain National Park, Estes Park, CO, US",1,
c34ebfe7-5593-493f-b328-bd4c0eba3bb1,128814538,2022-07-31 08:50:31-06:00,2022-07-31,-105.4654954208,39.9629744058,2613.0,,18.0,31.0,0.1,7.6,,1022.2,Amanita muscaria flavivolvata,"Arapaho & Roosevelt National Forests Pawnee National Grassland, Nederland, CO, US",1,
e8e4ed41-23b3-4f66-a862-9ab0bc9eeda9,128726725,2022-07-30 12:04:00-06:00,2022-07-30,-106.5419554683,37.3817434464,3340.0,,5.0,10.0,19.8,12.6,,1040.8,Amanita muscaria flavivolvata,Lilly Pond,1,
cdbe297e-93ec-411d-b72e-2190fefab28e,128692245,2022-07-30 12:38:51-06:00,2022-07-30,-105.2955861111,39.3527333333,2296.0,,4.5,18.6,0.0,7.1,,1019.6,Amanita muscaria flavivolvata,"Pine, CO 80470, USA",1,
137e6f3b-a608-4c5e-90e5-dc2d5fa2e6a8,128692074,2022-07-30 14:03:49-06:00,2022-07-30,-105.3392583333,39.340375,2254.0,,4.5,18.6,0.0,7.1,,1019.6,Amanita muscaria flavivolvata,"Pine, CO 80470, USA",1,
9637d225-45d2-4826-ac05-b67fe5691938,128674254,2022-07-30 13:57:13-06:00,2022-07-30,-105.0644611667,39.00995,2543.0,,11.4,27.2,,7.7,,1017.3,Amanita muscaria flavivolvata,"Woodland Park, CO, US",1,
5e54e17f-bf41-49ea-87e6-f995e870a262,128609613,2022-07-30 08:31:50-06:00,2022-07-30,-104.9085533333,38.9872883333,2542.0,,11.4,27.2,,7.7,,1017.3,Amanita muscaria flavivolvata,"Pike and San Isabel National Forests, Colorado Springs, CO, US",2,
ab9656ee-d9cd-44e9-9bac-8709994eebf8,128547499,2022-07-26 15:29:40-06:00,2022-07-26,-105.9955797717,40.6806947248,2897.0,,9.7,28.4,0.0,10.1,,1014.5,Amanita muscaria flavivolvata,State Forest State Park,1,
a5a2ad97-94d6-41e1-bea2-27bcd2640223,128505483,2022-07-29 11:33:35-06:00,2022-07-29,-106.7496977561,39.2443480902,2714.0,,9.4,23.9,,9.2,,1016.0,Amanita muscaria flavivolvata,"Pitkin County, US-CO, US",2,
031e7c7d-c039-4063-b333-7928ab4ac560,128476008,2022-07-29 11:12:34-06:00,2022-07-29,-107.641835895,37.819130962,2863.0,,11.0,17.0,15.7,1.2,,1032.0,Amanita muscaria flavivolvata,"CO, US",1,
86b172ab-3296-488a-8eea-d4b22041834b,128407335,2022-07-28 18:55:05-06:00,2022-07-28,-105.3774888889,39.5679527778,2542.0,,3.0,12.0,7.5,4.1,,1022.8,Amanita muscaria flavivolvata,"Shadow Mountain, CO, USA",1,
aabccf68-02a3-45fd-822a-bb0dbd4d973a,128407323,2022-07-28 18:57:08-06:00,2022-07-28,-105.3778027778,39.5679666667,2542.0,,3.0,12.0,7.5,4.1,,1022.8,Amanita muscaria flavivolvata,"Shadow Mountain, CO, USA",1,
5493506a-c21c-4a58-b757-336ac58ab648,128390462,2022-07-28 19:37:23-06:00,2022-07-28,-107.702064843,37.8179161121,2888.0,,12.0,16.0,10.6,3.8,,1031.7,Amanita muscaria flavivolvata,"San Juan National Forest headquarters, CO, US",1,
fa65775d-553d-40f3-90fc-f492337c810e,128347160,2022-07-28 13:38:42-06:00,2022-07-28,-105.7464863733,39.8836317798,2870.0,,3.0,12.0,7.5,4.1,,1022.8,Amanita muscaria flavivolvata,"Arapaho & Roosevelt National Forests Pawnee National Grassland, Winter Park, CO, US",2,
f1bc24eb-d9d0-44cc-af8e-4b75005535b7,128321266,2022-07-26 12:27:13-06:00,2022-07-26,-107.305145,40.0415083333,2629.0,,10.6,30.0,0.0,8.1,,1012.8,Amanita muscaria flavivolvata,"White River National Forest, Gypsum, CO, US",1,
12956fcd-b2a8-4695-8325-8e1c42a378d5,128216222,2022-07-27 10:29:57-06:00,2022-07-27,-105.5857108255,40.0470666122,3407.0,,7.6,27.3,0.0,6.0,,1028.5,Amanita muscaria flavivolvata,"Boulder County, US-CO, US",2,
83da61a8-ccad-48cd-910b-791275c54253,128183646,2022-07-25 17:16:41-06:00,2022-07-25,-107.6566911825,37.7539607474,3035.0,,12.0,20.0,4.1,4.7,,1031.1,Amanita muscaria flavivolvata,"Colorado, US",2,
2447dc6d-73d2-4aec-aa45-2b0961404a2e,128182186,2022-07-27 12:25:49-06:00,2022-07-27,-105.534246862,39.9983580737,2708.0,,16.0,30.0,5.0,8.4,,1020.9,Amanita muscaria flavivolvata,"Caribou Ranch Open Space-Ce, Nederland, CO, US",2,
709bbc58-105b-49a4-93fa-8214e43cfeee,128146753,2022-07-24 10:30:40-06:00,2022-07-24,-105.7845068997,39.9211079,2678.0,,2.3,13.4,11.2,5.2,,1022.1,Amanita muscaria flavivolvata,"Ski Idlewild Road, Winter Park, CO 80482, USA",2,
5dca0726-e699-45a5-a158-aebf4e4fcc93,128090583,2022-07-26 19:35:33-06:00,2022-07-26,-105.3783138889,39.5675833333,2542.0,,4.6,15.3,0.0,8.3,,1019.5,Amanita muscaria flavivolvata,"Shadow Mountain, CO, USA",1,
3a2717d8-3150-491f-9960-ce8e94bfcf14,127955373,2022-07-25 13:04:27-06:00,2022-07-25,-106.1809166667,39.3582883333,3405.0,,6.7,18.3,,6.5,,1015.4,Amanita muscaria flavivolvata,"Pike and San Isabel National Forests, Leadville, CO, US",1,
367dce4d-a0c7-4234-ad65-e064525f327f,127955299,2022-07-25 13:10:53-06:00,2022-07-25,-106.1809783333,39.3582416667,3405.0,,6.7,18.3,,6.5,,1015.4,Amanita muscaria flavivolvata,"Pike and San Isabel National Forests, Leadville, CO, US",1,
d709e0ed-1712-4df3-a3f3-193b7aed99be,127923803,2022-07-18 16:58:55-06:00,2022-07-18,-106.72359303,40.78200299,2558.0,,12.0,31.1,0.8,8.1,,1025.0,Amanita muscaria flavivolvata,"Routt County, US-CO, US",1,
a4702dc7-8466-4527-ba98-85e46893fdf0,127917913,2022-07-25 09:54:21-06:00,2022-07-25,-105.57383,40.0462,3334.0,,11.5,25.5,0.0,5.0,,1028.3,Amanita muscaria flavivolvata,"Arapaho & Roosevelt National Forests Pawnee National Grassland, Ward, CO, US",3,
10139839-e476-4279-a4b5-ea2184073b38,127917034,2022-07-25 12:04:10-06:00,2022-07-25,-106.0872721667,39.5081166667,3242.0,,8.0,18.0,0.0,9.0,,1037.8,Amanita muscaria flavivolvata,"White River National Forest, Breckenridge, CO, US",1,
32acd5ab-84ea-4a43-9b1d-c0566a32af9b,127914615,2022-07-25 13:50:51-06:00,2022-07-25,-106.4559116667,39.2868716667,3133.0,,6.7,18.3,,6.5,,1015.4,Amanita muscaria flavivolvata,"Pike and San Isabel National Forests, Leadville, CO, US",1,
a4182ed8-ce5a-4bda-a1da-1a9eaebb5c7d,127565278,2022-07-23 14:03:28-06:00,2022-07-23,-105.4383391142,36.5789289569,3105.0,,6.7,27.6,1.0,8.0,,1029.7,Amanita muscaria flavivolvata,"Taos Ski Valley, NM 87525, USA",1,
f51639f3-d09c-4895-8ddc-cff0e985b004,127562740,2022-07-23 11:00:23-06:00,2022-07-23,-105.5738656784,40.0462011133,3334.0,,8.3,27.7,2.5,6.0,,1028.0,Amanita muscaria flavivolvata,"Boulder County, US-CO, US",3,
233f68ec-7d62-4449-a604-69fe7ca2b361,127399050,2022-07-22 09:17:04-06:00,2022-07-22,-105.3701083333,39.3100883333,2469.0,,7.3,22.2,0.5,6.7,,1016.3,Amanita muscaria flavivolvata,"Pike and San Isabel National Forests, Sedalia, CO, US",1,
050169ea-faff-44f4-ba93-54b105f3ff64,127397954,2022-07-22 09:48:27-06:00,2022-07-22,-105.3719866667,39.309055,2477.0,,7.3,22.2,0.5,6.7,,1016.3,Amanita muscaria flavivolvata,"Pike and San Isabel National Forests, Sedalia, CO, US",1,
5e2c366a-0b10-4f61-bd62-3c0c6949ae07,127397698,2022-07-22 09:57:10-06:00,2022-07-22,-105.3703,39.3097616667,2469.0,,7.3,22.2,0.5,6.7,,1016.3,Amanita muscaria flavivolvata,"Pike and San Isabel National Forests, Sedalia, CO, US",1,
202e072b-42ec-4705-bb73-7e89520ded69,127397667,2022-07-22 09:57:43-06:00,2022-07-22,-105.3704383333,39.3097583333,2469.0,,7.3,22.2,0.5,6.7,,1016.3,Amanita muscaria flavivolvata,"Pike and San Isabel National Forests, Sedalia, CO, US",1,
05bfc832-d2c3-4462-bf51-212e4aeb8c29,127397614,2022-07-22 09:58:51-06:00,2022-07-22,-105.3705133333,39.30982,2469.0,,7.3,22.2,0.5,6.7,,1016.3,Amanita muscaria flavivolvata,"Jefferson County, US-CO, US",1,
033d9071-0ab3-4280-873c-3f2dade1b172,127397578,2022-07-22 09:59:04-06:00,2022-07-22,-105.3705216667,39.30978,2469.0,,7.3,22.2,0.5,6.7,,1016.3,Amanita muscaria flavivolvata,"Pike and San Isabel National Forests, Sedalia, CO, US",1,
d0c2c09b-1d8b-442c-a085-23ff5be1ee6d,127397557,2022-07-22 10:00:46-06:00,2022-07-22,-105.370505,39.30977,2469.0,,7.3,22.2,0.5,6.7,,1016.3,Amanita muscaria flavivolvata,"Pike and San Isabel National Forests, Sedalia, CO, US",1,
213ba5dc-a4e3-4506-8240-ef429d538845,127397535,2022-07-22 10:04:42-06:00,2022-07-22,-105.3703916667,39.3097833333,2469.0,,7.3,22.2,0.5,6.7,,1016.3,Amanita muscaria flavivolvata,"Pike and San Isabel National Forests, Sedalia, CO, US",0,
b3ad035f-69d5-4b3c-bd2d-cd25b5f5dbd3,127397364,2022-07-22 10:06:03-06:00,2022-07-22,-105.3704383333,39.3097833333,2469.0,,7.3,22.2,0.5,6.7,,1016.3,Amanita muscaria flavivolvata,"Pike and San Isabel National Forests, Sedalia, CO, US",1,
bbc67285-5940-45c5-baa2-19081bbaebc2,127397213,2022-07-22 10:12:23-06:00,2022-07-22,-105.369545,39.3099883333,2469.0,,7.3,22.2,0.5,6.7,,1016.3,Amanita muscaria flavivolvata,"Pike and San Isabel National Forests, Sedalia, CO, US",1,
4a9a3016-46a6-4016-9087-0e62207f121e,127397195,2022-07-22 10:13:32-06:00,2022-07-22,-105.36972,39.3099033333,2469.0,,7.3,22.2,0.5,6.7,,1016.3,Amanita muscaria flavivolvata,"Pike and San Isabel National Forests, Sedalia, CO, US",1,
2b6dc1c0-fae4-482e-b2f1-b6a38ffcdda8,127396987,2022-07-22 10:27:57-06:00,2022-07-22,-105.3702466667,39.3100883333,2469.0,,7.3,22.2,0.5,6.7,,1016.3,Amanita muscaria flavivolvata,"Pike and San Isabel National Forests, Sedalia, CO, US",1,
0e45685f-4cda-4d0a-b923-9b7ad6ca13c3,127394270,2022-07-22 08:51:12-06:00,2022-07-22,-105.5643569574,40.0230777857,3043.0,,21.0,36.0,0.0,9.6,,1018.9,Amanita muscaria flavivolvata,"Arapaho & Roosevelt National Forests Pawnee National Grassland, Ward, CO, US",1,
064dded5-199b-49ec-a9c0-54c1f6456f50,127282802,2022-07-21 09:46:43-06:00,2022-07-21,-105.5233916667,39.9828383333,2652.0,,16.0,33.0,0.0,7.4,,1019.6,Amanita muscaria flavivolvata,"Caribou Ranch Open Space-Ce, Nederland, CO, US",1,
29dac0ec-b364-4afe-a9bb-fd9e4c25fe18,127273349,2022-07-11 15:42:00-06:00,2022-07-11,-105.6290124774,40.3153160134,2741.0,,6.7,27.3,0.0,7.8,,1031.4,Amanita muscaria flavivolvata,"Larimer County, CO, USA",2,
43b79f00-a475-43e4-966f-74af9a8b0ba4,127265524,2022-07-21 09:41:00-06:00,2022-07-21,-105.5234083333,39.9827888889,2652.0,,16.0,33.0,0.0,7.4,,1019.6,Amanita muscaria flavivolvata,"Boulder County, CO, USA",2,
f0ef8cb5-2dfb-4fd0-9670-811eea81be9b,127253703,2022-07-21 12:02:11-06:00,2022-07-21,-107.6608730623,37.8178052777,2855.0,,13.0,27.0,0.0,5.4,,1032.3,Amanita muscaria flavivolvata,"Greene St, Silverton, CO, US",1,
9d19d10a-243b-447b-8011-99c7a6fec8b5,127143812,2022-07-20 11:51:35-06:00,2022-07-20,-105.3684234619,39.5029754639,2631.0,,19.4,30.6,,10.7,,1015.2,Amanita muscaria flavivolvata,"Jefferson County, US-CO, US",2,
c28ed2d5-4e8a-4187-8d9c-d659dfa198a5,127118563,2022-07-19 19:22:08-06:00,2022-07-19,-106.8063366667,37.537995,2837.0,,10.0,19.0,20.3,13.0,,1042.0,Amanita muscaria flavivolvata,"Rio Grande National Forest, South Fork, CO, US",2,
8ed6ecb7-839a-41dc-9999-f613f53fb62b,127113157,2022-07-19 13:22:01-06:00,2022-07-19,-106.7019694444,40.7922527778,2782.0,,12.1,30.2,0.0,6.8,,1025.5,Amanita muscaria flavivolvata,"Routt County, US-CO, US",1,
7f409cca-954c-4d0b-a77f-1639e90f0cd4,127113089,2022-07-19 07:16:54-06:00,2022-07-19,-106.7112944444,40.782475,2641.0,,12.1,30.2,0.0,6.8,,1025.5,Amanita muscaria flavivolvata,"Routt County, US-CO, US",1,
a47d5f16-1bbd-4815-9db6-29f3ef2c45f5,127111080,2022-07-20 08:45:35-06:00,2022-07-20,-106.0209853642,39.5150911385,3069.0,,11.0,18.0,6.2,13.7,,1041.3,Amanita muscaria flavivolvata,"White River National Forest, Breckenridge, CO, US",2,
5ae291e2-3a66-46a3-a0dc-b44d27c7360a,127086326,2021-07-10 12:04:59-06:00,2021-07-10,-105.9842758179,40.1156425476,2455.0,,5.7,26.4,0.0,9.8,,1031.1,Amanita muscaria flavivolvata,Granby,2,
7edd0089-6a67-4834-a734-e71bc0f18ff0,127040603,2022-07-18 19:29:28-06:00,2022-07-18,-105.3684533333,39.502995,2631.0,,21.7,34.4,,13.8,,1011.2,Amanita muscaria flavivolvata,"Staunton State Park, Pine, CO, US",3,
1149bbfb-54e1-4b48-b2c6-ca6298edeffc,127020635,2022-07-19 15:07:17-06:00,2022-07-19,-106.7536916667,40.371575,2864.0,,12.1,30.2,0.0,6.8,,1025.5,Amanita muscaria flavivolvata,"Medicine Bow-Routt National Forest & Thunder Basin National Grassland, Steamboat Springs, CO, US",2,
5a95310c-6679-4691-8162-8ac13e8a3b2f,126980928,2022-07-19 07:59:38-06:00,2022-07-19,-106.4523916667,39.6550866667,3206.0,,12.0,18.0,4.1,16.8,,1040.7,Amanita muscaria flavivolvata,"White River National Forest, Vail, CO, US",1,
f9a38626-e93f-4f70-ba8e-45a899f872a7,126878250,2022-07-18 12:07:48-06:00,2022-07-18,-106.9616166667,39.0901528333,3096.0,,15.6,28.3,0.3,11.0,,1013.6,Amanita muscaria flavivolvata,"White River National Forest, Aspen, CO, US",2,
51803ede-c386-41c6-8b81-8651ecd93fe5,126874531,2022-07-18 13:41:16-06:00,2022-07-18,-106.0098588467,39.4847243164,3043.0,,15.0,19.0,3.1,17.8,,1041.4,Amanita muscaria flavivolvata,"Breckenridge, CO 80424, USA",2,
285fce16-7919-484e-8946-38af8d45b401,126849814,2022-07-16 17:31:00-06:00,2022-07-16,-107.7054297335,37.726815038,3300.0,,13.0,25.0,3.9,8.3,,1034.0,Amanita muscaria flavivolvata,"San Juan County, CO, USA",1,
94df8e03-6f8f-43d4-8af0-563b97ebd506,126842652,2022-07-18 11:58:17-06:00,2022-07-18,-106.231025,38.8805383333,2929.0,,6.1,24.8,4.4,6.2,,1019.4,Amanita muscaria flavivolvata,"Pike and San Isabel National Forests, Buena Vista, CO, US",1,
a62f4ebb-8a8e-48c8-93dd-c1650eb453c1,126753903,2022-07-17 11:55:21-06:00,2022-07-17,-105.8598466667,40.3532616667,2698.0,,6.8,27.7,0.0,2.9,,1031.1,Amanita muscaria flavivolvata,"Rocky Mountain National Park, Granby, CO, US",2,
18927a77-3433-4ff0-a0a0-9d8d64db9385,126752320,2022-07-17 13:05:00-06:00,2022-07-17,-105.5817744,40.083305,3191.0,,6.8,27.7,0.0,2.9,,1031.1,Amanita muscaria flavivolvata,"Forest Rd 1122C, Ward, CO 80481, USA",2,
57b9775b-032c-4841-803a-904e8f1a505f,126750490,2022-07-17 13:22:24-06:00,2022-07-17,-105.593607,40.196773,2782.0,,6.8,27.7,0.0,2.9,,1031.1,Amanita muscaria flavivolvata,"Allenspark, CO 80510, USA",2,
9daf50bb-c534-44fb-ac34-6302ca75bef1,126732240,2022-07-17 13:56:16-06:00,2022-07-17,-105.3757963912,39.5126093022,2862.0,,16.1,34.4,0.0,13.9,,1015.0,Amanita muscaria flavivolvata,"Staunton State Park, Pine, CO, US",1,
9c9da1b9-b8cb-4bcc-a1dd-48c7caa76a7b,126698923,2022-07-17 12:26:12-06:00,2022-07-17,-105.3722243384,39.4970323789,2547.0,,16.1,34.4,0.0,13.9,,1015.0,Amanita muscaria flavivolvata,"Pine Junction Area, CO, USA",1,
41abbbe4-ff1d-4343-a39e-56688d605f9e,126553195,2022-07-16 13:10:16-06:00,2022-07-16,-108.0144322997,39.0370721997,3279.0,,17.0,37.4,0.0,8.8,,1022.8,Amanita muscaria flavivolvata,"Cedaredge, CO 81413, USA",1,
cf0eff55-143b-4904-b3d9-1da515e56082,126386132,2022-07-15 09:27:43-06:00,2022-07-15,-105.6539083333,40.2945283333,3105.0,,10.4,26.1,2.3,5.2,,1033.1,Amanita muscaria flavivolvata,"Rocky Mountain National Park, Estes Park, CO, US",1,
658c41fe-a4e6-47ee-a5a3-4d6408735422,126374213,2022-07-15 09:42:56-06:00,2022-07-15,-106.944825,38.90338,3088.0,,10.6,25.6,,8.3,,1018.8,Amanita muscaria flavivolvata,"Crested Butte Mountain Resort, Mount Crested Butte, CO, US",1,
b6ac2480-4e76-49d3-a2a4-8844cd114355,126372921,2022-07-15 10:27:47-06:00,2022-07-15,-105.8300033333,40.238055,2563.0,,10.4,26.1,2.3,5.2,,1033.1,Amanita muscaria flavivolvata,"Shadow Mountain National Recreation Area, Grand Lake, CO, US",2,
f0236110-8875-448f-8150-692be6c479a5,126333617,2022-07-02 12:26:52-06:00,2022-07-02,-105.5749194444,40.2171194444,2938.0,,5.4,24.1,0.0,5.8,,1027.6,Amanita muscaria flavivolvata,"Allenspark, CO 80510, USA",2,
6c50a40a-77b0-4db2-99cb-37e4287c2a43,126152148,2022-07-13 17:24:54-06:00,2022-07-13,-106.2866315454,37.1993007903,2955.0,,6.7,30.6,0.0,7.9,,1020.4,Amanita muscaria flavivolvata,United States,2,
2ed03e26-b73d-464e-88fc-9ba040bffaee,125945158,2022-07-12 09:18:27-06:00,2022-07-12,-105.5763783333,40.3456,2430.0,,16.7,34.0,0.2,6.0,,1022.1,Amanita muscaria flavivolvata,"Estes Park, CO, US",1,
5a3d8fa5-86ca-43cd-b897-fa9d7a3f7cec,125858262,2022-07-11 09:20:24-06:00,2022-07-11,-105.7395535335,40.1014451079,2566.0,,6.7,27.3,0.0,7.8,,1031.4,Amanita muscaria flavivolvata,"Granby, CO 80446, USA",2,
37460aa1-5520-4659-b3f8-368a418763f2,125854805,2022-07-11 10:52:22-06:00,2022-07-11,-105.3408388889,39.3401861111,2261.0,,7.9,17.8,1.8,7.8,,1021.3,Amanita muscaria flavivolvata,"Pine, CO 80470, USA",2,
f9e9f2c1-1de2-474b-b137-07954fec65ff,125634385,2022-07-09 11:41:44-06:00,2022-07-09,-105.8448866667,40.39822,2775.0,,7.2,29.4,0.0,7.0,,1034.7,Amanita muscaria flavivolvata,"Rocky Mountain National Park, Granby, CO, US",2,
cfa1a8be-51d8-40b3-922c-9fd3601a80df,125504845,2021-07-21 12:50:00-06:00,2021-07-21,-106.4592323469,39.2621009403,3374.0,,8.3,23.3,12.2,9.8,,1015.9,Amanita muscaria flavivolvata,"Lake County, CO, USA",2,
fd3e0ff9-e6a9-4ed8-b098-b1fef9ab5553,125490514,2022-07-09 09:06:41-06:00,2022-07-09,-105.7432452589,40.1090262271,2574.0,,7.2,29.4,0.0,7.0,,1034.7,Amanita muscaria flavivolvata,"Grand County, US-CO, US",2,
b2054a31-0838-42dd-a245-5505f8458d46,125393292,2022-07-08 10:05:00-06:00,2022-07-08,-105.4424409883,40.1599957897,2549.0,,16.0,35.0,0.0,5.0,,1025.1,Amanita muscaria flavivolvata,"Colorado, US",2,
14254442-8e54-4356-b7c4-895a9eb052b5,125380910,2022-07-08 18:02:28-06:00,2022-07-08,-105.5213021111,40.37613075,2299.0,,14.6,36.0,0.5,7.1,,1025.3,Amanita muscaria flavivolvata,"Larimer County, US-CO, US",2,
da425d1a-5fd9-47bf-899e-c4a69f01e10d,125361051,2022-07-08 14:27:08-06:00,2022-07-08,-105.5690216667,40.34898,2382.0,,14.6,36.0,0.5,7.1,,1025.3,Amanita muscaria flavivolvata,"SH-66, Estes Park, CO, US",3,
1c2ded7c-f00c-47b2-8960-0ba12a0b8d97,125186365,2022-07-07 10:40:18-06:00,2022-07-07,-105.844581604,40.1304779053,2568.0,,7.3,23.4,0.1,5.4,,1030.0,Amanita muscaria flavivolvata,Granby,2,
ec36cdba-da39-49f6-a76d-1e378cd3daa3,125119427,2022-07-05 08:57:23-06:00,2022-07-05,-105.8357866667,40.3258033333,2798.0,,8.0,23.0,1.7,5.2,,1027.9,Amanita muscaria flavivolvata,"Rocky Mountain National Park, Granby, CO, US",2,
120d5a72-70ed-49f9-90a1-02e44f407736,124945888,2022-07-05 08:59:51-06:00,2022-07-05,-105.7436833333,40.1095416667,2574.0,,8.0,23.0,1.7,5.2,,1027.9,Amanita muscaria flavivolvata,"Arapaho & Roosevelt National Forests Pawnee National Grassland, Granby, CO, US",1,
d3422e35-3fdf-4ec5-97b7-a27f534a3a19,123036984,2022-06-22 13:19:32-06:00,2022-06-22,-104.9471723257,39.1162406992,2434.0,,4.1,23.4,0.0,13.4,,1021.5,Amanita muscaria flavivolvata,"Pike and San Isabel National Forests, Palmer Lake, CO, US",2,
2523e6d3-da0d-4758-ab8d-14137b5ff75c,122326236,2021-08-27 10:07:19-06:00,2021-08-27,-106.3325855881,38.8654202749,3515.0,,7.4,27.9,0.0,12.3,,1024.9,Amanita muscaria flavivolvata,"Buena Vista, CO 81211, USA",1,
7b6a77ee-f2a8-407e-8fec-302cb76a7c37,121487968,2021-08-21 13:23:25-06:00,2021-08-21,-105.7393116667,39.46283,2873.0,,,,,,,,Amanita muscaria flavivolvata,"Pike and San Isabel National Forests, Jefferson, CO, US",1,
f8b70d09-4367-4bf3-9490-e16902d22087,120873726,2021-08-23 15:44:35-06:00,2021-08-23,-105.85528086,40.67340506,2625.0,,,,,,,,Amanita muscaria flavivolvata,"Larimer County, US-CO, US",2,
d182297b-bfff-4476-acac-2e088566d41f,118131027,2021-07-25 08:27:36-06:00,2021-07-25,-107.0388484,37.4397025997,2879.0,,5.0,15.0,6.0,9.0,,1040.8,Amanita muscaria flavivolvata,"Mineral County, CO, USA",2,
94588242-1f85-4592-bf2b-bc6648c9fbf2,117687005,2017-08-19 13:02:13-06:00,2017-08-19,-105.8647533333,40.4963583333,3180.0,,2.8,27.6,,8.4,,,Amanita muscaria flavivolvata,"State Forest State Park, Walden, CO, US",1,
b48f3951-cab5-43f2-8570-bc1dc08587d9,117470945,2021-07-27 12:44:19-06:00,2021-07-27,-104.9292345317,37.9186169222,2079.0,,,,,,,,Amanita muscaria flavivolvata,"Boulder Ave, Rye, CO, US",1,
0359c1f8-c3a8-4811-8ca9-6e6c7c88c799,117374817,2021-07-24 15:01:12-06:00,2021-07-24,-105.4500603676,40.1415276364,2560.0,,20.0,30.0,0.3,4.5,,1023.5,Amanita muscaria flavivolvata,Ceran Saint Vrain,1,
f6c3f409-9da3-438d-b84a-90d3555b4602,117182963,2021-07-04 10:59:13-06:00,2021-07-04,-106.5207583333,35.8194916667,2607.0,,17.0,30.2,0.4,10.3,,1024.5,Amanita muscaria flavivolvata,"Santa Fe National Forest, Jemez Springs, NM, US",1,
f0ae897e-18db-4b28-bb59-8b257b197edc,112932123,2017-08-19 11:13:00-06:00,2017-08-19,-108.0204166667,37.7807722222,3145.0,,,,,7.7,,,Amanita muscaria flavivolvata,"Dolores County, CO, USA",2,
dc63ca8e-7c1f-4f4d-8959-8455434af4e2,112554673,2021-07-28 09:36:28-06:00,2021-07-28,-106.9586143032,39.0911030477,3097.0,,12.8,29.4,,9.1,,1015.7,Amanita muscaria flavivolvata,"Pitkin County, US-CO, US",3,
68c8e7a2-c8e8-4b47-a474-64c5cd730503,111269816,2017-08-19 15:56:04-05:00,2017-08-19,-106.8250072603,39.2414288404,2673.0,,8.9,26.1,,10.7,,1014.2,Amanita muscaria flavivolvata,"White River National Forest, Meredith, CO, US",1,
14a97a7c-0e29-4b5a-b0f2-82d8aaad5ee7,111251721,2017-07-29 17:25:17-04:00,2017-07-29,-105.7820675522,39.5186912319,3405.0,,8.0,13.0,,3.9,,,Amanita muscaria flavivolvata,"Dillon, CO 80435, USA",1,
cfdd0fa1-ff36-4d51-ad12-308c57de9536,109020775,2021-08-02 14:47:25-06:00,2021-08-02,-105.6475146198,39.8318916995,3277.0,,7.2,26.1,1.9,5.9,,1032.7,Amanita muscaria flavivolvata,"Arapaho & Roosevelt National Forests Pawnee National Grassland, Idaho Springs, CO, US",1,
7a3509d8-8734-48cf-a0df-a44a177acbdc,109020405,2021-08-02 15:18:53-06:00,2021-08-02,-105.6471352133,39.8317267084,3277.0,,7.2,26.1,1.9,5.9,,1032.7,Amanita muscaria flavivolvata,"Arapaho & Roosevelt National Forests Pawnee National Grassland, Idaho Springs, CO, US",1,
fc31422b-efc7-4493-86ad-2c51299d17d8,108839574,2021-07-28 06:34:00-06:00,2021-07-28,-105.6543067163,39.6222218224,3976.0,,,,,,,,Amanita muscaria flavivolvata,"Clear Creek County, CO, USA",2,
afebd9fa-7de3-4abd-b698-250d936b49a5,106957572,2017-08-08 16:48:53-06:00,2017-08-08,-105.1089765877,36.515679021,2821.0,,9.5,20.7,,8.0,,,Amanita muscaria flavivolvata,"Cimarron, NM 87714, USA",1,
a649a2f4-10c4-4f04-b935-796ac09c049c,105611578,2015-07-26 06:29:00-06:00,2015-07-26,-106.148829767,41.0705734507,2771.0,,,,,,,,Amanita muscaria flavivolvata,Woods Landing 2,4,
c6ead570-ecf0-44cf-b13d-2ed0bf130f24,105611577,2015-07-26 06:29:00-06:00,2015-07-26,-106.148829767,41.0705734507,2771.0,,,,,,,,Amanita muscaria flavivolvata,Woods Landing 2,2,
fd9264d5-04a0-4dda-a388-3ddbd17f5d78,105611575,2015-07-26 06:29:00-06:00,2015-07-26,-106.148829767,41.0705734507,2771.0,,,,,,,,Amanita muscaria flavivolvata,Woods Landing 2,1,
9d34c67f-09e6-487e-a17e-d75c137eff4f,104683532,2021-08-27 12:37:17-04:00,2021-08-27,-106.7098383333,39.1197778333,2884.0,,10.0,27.2,0.0,11.2,,1011.4,Amanita muscaria flavivolvata,"White River National Forest, Aspen, CO, US",1,
bf105ac7-5b7a-45c1-912f-76ed257a8418,104357898,2021-08-06 14:47:02-06:00,2021-08-06,-105.9927729869,40.821850021,2937.0,,,,,,,,Amanita muscaria flavivolvata,"Arapaho & Roosevelt National Forests Pawnee National Grassland, Bellvue, CO, US",1,
62fd817b-e364-4646-a87e-39bfcfb7e147,104289313,2021-08-01 13:48:53+00:00,2021-08-01,-105.6461033333,40.2943583333,3020.0,,8.8,23.3,0.0,5.4,,1034.2,Amanita muscaria flavivolvata,"Rocky Mountain National Park, Estes Park, CO, US",1,
d61bfd89-0832-4992-98bb-10126c87cd7b,104225440,2021-07-30 15:02:13+00:00,2021-07-30,-106.101075,39.57682,2770.0,,9.0,23.0,22.3,10.8,,1042.2,Amanita muscaria flavivolvata,"White River National Forest, Frisco, CO, US",1,
f138ea4b-8586-4b3c-aa22-d5d30fbb7479,104197865,2021-08-06 11:21:26-04:00,2021-08-06,-107.697152118,37.7406571093,3299.0,,13.0,24.0,1.4,13.5,,1030.9,Amanita muscaria flavivolvata,"San Juan National Forest, CO, US",2,
3fcb2dda-3667-46c0-a55d-cab85defe447,104106331,2017-08-18 16:24:00-06:00,2017-08-18,-107.2037416667,38.8672166667,2953.0,,3.3,26.1,,4.2,,1022.7,Amanita muscaria flavivolvata,"Gunnison County, CO, USA",2,
b0681ec9-c866-41cb-8d11-7e603ceac55b,103404497,2021-08-10 08:15:20-06:00,2021-08-10,-107.6736136526,37.9328532462,3096.0,,11.0,25.0,0.0,6.4,,1031.3,Amanita muscaria flavivolvata,"Ridgway, CO 81432, USA",2,
6bbc0828-18a8-410a-873d-6289ce5b11d3,103343137,2021-07-21 07:53:00-05:00,2021-07-21,-105.56855,40.2171467,2888.0,,11.4,26.4,0.8,8.2,,1029.9,Amanita muscaria flavivolvata,"Sandbeach Lake Trail, Allenspark, CO 80510, USA",1,
6adfd263-3c37-43a3-b7e4-e23c070da618,103183736,2006-08-07 13:47:00-06:00,2006-08-07,-105.5469788277,36.0262655511,3590.0,,14.0,24.0,,7.8,,,Amanita muscaria flavivolvata,"Mora County, NM, USA",3,
05a023de-7039-461e-8af6-02cd0d2c8c8c,103183735,2006-08-07 13:47:00-06:00,2006-08-07,-105.5469788277,36.0262655511,3590.0,,14.0,24.0,,7.8,,,Amanita muscaria flavivolvata,"Mora County, NM, USA",2,
899e29f8-831b-4ab2-9b3d-08266d5eb9f5,103182666,2006-08-27 14:48:00-06:00,2006-08-27,-105.5124718359,36.0635824355,3212.0,,10.0,24.0,,11.5,,,Amanita muscaria flavivolvata,"Taos County, NM, USA",3,
3184f9fa-d005-4522-a7bd-a90e8018d494,102045191,2021-08-05 15:02:51+00:00,2021-08-05,-107.0155024819,38.8204900567,3032.0,,6.7,28.3,0.0,5.4,,1022.2,Amanita muscaria flavivolvata,"Grand Mesa Uncompahgre and Gunnison National Forests, Gunnison, CO, US",2,
96a8a524-055b-4076-9d20-cc53f941b18f,102044840,2021-08-05 15:03:54+00:00,2021-08-05,-106.9940470233,38.8459217715,3153.0,,6.7,28.3,0.0,5.4,,1022.2,Amanita muscaria flavivolvata,"Grand Mesa Uncompahgre and Gunnison National Forests, Crested Butte, CO, US",2,
7dbb66d6-289c-4fee-b79d-5312d3aa3cc0,101797837,2015-07-04 07:14:00+00:00,2015-07-04,-105.6295239951,40.4238729806,3108.0,,16.4,35.1,,6.9,,,Amanita muscaria flavivolvata,"Larimer County, CO, USA",2,
39c97ef6-01a7-46c2-94fe-3227263d4837,101030636,2021-08-17 14:39:47-06:00,2021-08-17,-106.038351953,39.4816400381,2971.0,,3.3,20.0,,6.4,,1011.2,Amanita muscaria flavivolvata,"Breckenridge, CO 80424, USA",2,
f8c8e66f-2f31-4402-aa3e-71d970a6bc54,100777979,2021-08-09 10:46:00-06:00,2021-08-09,-105.0904527778,38.8805472222,3420.0,,12.2,31.5,0.0,11.6,,1009.8,Amanita muscaria flavivolvata,"Teller, Colorado, United States",2,
326b7f93-3cdd-479b-99a8-0bbfa27c6410,99758609,2008-08-15 15:56:00-06:00,2008-08-15,-106.9789321,37.4666731,3560.0,,,,,20.1,,,Amanita muscaria flavivolvata,"Creede, CO 81130, USA",2,
fa4a4f03-8923-4d73-89ba-fd1b937f13f3,99715699,2021-08-21 11:04:08-07:00,2021-08-21,-107.6735166667,37.7421833333,3148.0,,6.0,20.0,1.8,10.2,,1026.3,Amanita muscaria flavivolvata,"San Juan National Forest, CO, US",3,
ad77b4e1-858d-486d-8837-629f1e1d9d07,99556147,2021-08-21 11:07:49-07:00,2021-08-21,-107.6728966667,37.7421616667,3158.0,,6.0,20.0,1.8,10.2,,1026.3,Amanita muscaria flavivolvata,"San Juan National Forest, CO, US",2,
583b13b2-6e3a-4ac4-9461-454a051a4784,99123957,2021-08-04 18:10:07-07:00,2021-08-04,-107.7232366667,37.954055,3379.0,,9.0,21.0,0.0,4.2,,1033.0,Amanita muscaria flavivolvata,"Grand Mesa Uncompahgre and Gunnison National Forests, Ridgway, CO, US",2,
00042f14-3e70-4c75-84d2-7a4be8568b40,96928790,2021-07-19 14:38:00+00:00,2021-07-19,-105.430751449,36.5589948163,3423.0,,7.7,24.4,0.0,3.1,,1035.2,Amanita muscaria flavivolvata,"Taos County, NM, USA",2,
246efe77-37bb-4692-be64-5d1649c052b8,96025394,2021-08-12 08:51:06-04:00,2021-08-12,-105.7036476135,40.3562282305,3650.0,,4.2,27.5,0.0,7.4,,1029.8,Amanita muscaria flavivolvata,"Rocky Mountain National Park, Estes Park, CO, US",1,
7628eca1-7934-4329-88e1-f2959615e458,95718583,2021-07-27 15:26:36-04:00,2021-07-27,-106.8559197045,39.1799767411,2491.0,,11.1,31.1,0.0,9.8,,1014.1,Amanita muscaria flavivolvata,"Aspen Snowmass, Aspen, CO, US",2,
1aee0535-f9f1-4113-8f6d-ef5aee3208f0,95336148,2021-07-24 11:44:16+00:00,2021-07-24,-107.0696945,38.83088,3177.0,,11.7,23.9,,9.2,,1021.3,Amanita muscaria flavivolvata,"Grand Mesa Uncompahgre and Gunnison National Forests, Somerset, CO, US",2,
6c33ac5f-a40d-4654-a4ba-24bd4f53209e,94937971,2021-08-04 18:44:36-06:00,2021-08-04,-106.1438221667,39.4947283333,3065.0,,7.0,16.0,0.3,10.6,,1039.9,Amanita muscaria flavivolvata,"Copper Mountain, Frisco, CO, US",2,
fc56b29b-74bb-4a15-86a9-4ddabd6ff5b9,94729021,2021-09-10 19:06:27-06:00,2021-09-10,-107.7085283333,37.7442633426,3343.0,,13.0,26.0,0.1,9.3,,1034.1,Amanita muscaria flavivolvata,"San Juan National Forest, CO, US",2,
99f74dea-9cf0-4899-afe6-ab97a1f5375b,94520974,2021-07-18 15:04:53+00:00,2021-07-18,-105.7480661106,40.2281453926,2832.0,,7.1,27.6,0.0,5.8,,1033.8,Amanita muscaria flavivolvata,"Rocky Mountain, Rocky Mountain National Park, Rocky Mountain National Park, Grand County, US-CO, US",2,
ad087a4e-c029-41d9-9277-5f3d95446a58,94457604,2021-09-11 09:49:24-06:00,2021-09-11,-107.3803661879,37.9281299134,3488.0,,12.0,25.0,0.0,10.4,,1033.8,Amanita muscaria flavivolvata,"Creede, CO, US",1,
1c1ba3da-2839-44bc-bb4a-7852758d055f,94267660,2021-09-09 09:38:57-06:00,2021-09-09,-107.698325,37.7325033333,3330.0,,11.0,26.0,0.0,12.0,,1034.5,Amanita muscaria flavivolvata,"San Juan National Forest, CO, US",2,
e4b9e2be-4971-4fae-bc7e-bf6cf64d80ae,94210275,2021-09-04 14:22:41-06:00,2021-09-04,-107.8787833333,37.82743,3039.0,,7.0,21.0,0.0,9.3,,1031.7,Amanita muscaria flavivolvata,"Grand Mesa National Forest, Ophir, CO, US",2,
922ff36a-9637-4eb3-b99d-8fa587ce898a,94203668,2021-09-04 17:52:04-06:00,2021-09-04,-106.4334716667,39.4984283333,3177.0,,1.7,18.9,0.0,8.7,,1017.5,Amanita muscaria flavivolvata,"White River National Forest, Basalt, CO, US",1,
dfd47baf-04b7-47cb-9d9f-2c1c1d1ccffa,94115657,2021-08-07 11:55:01-06:00,2021-08-07,-105.79928,35.7798383333,3184.0,,18.9,33.9,0.0,17.0,,1008.7,Amanita muscaria flavivolvata,"Santa Fe National Forest, Santa Fe, NM, US",3,
631f421a-4bdc-40bc-ba8e-59e692b8f5b2,94017088,2021-08-05 11:19:00+00:00,2021-08-05,-107.0556884877,39.0189020604,3305.0,,10.0,28.3,0.0,10.7,,1016.9,Amanita muscaria flavivolvata,"Gunnison County, CO, USA",1,
6611c2dc-548d-47e1-9032-7361e3ed1b25,93792289,2021-09-05 13:23:20-06:00,2021-09-05,-106.1575861667,39.4809583333,3487.0,,-0.6,20.6,0.0,11.0,,1018.9,Amanita muscaria flavivolvata,"Copper Mountain, Frisco, CO, US",1,
ff859ad2-ce8d-4c82-9593-48b3c15db07b,93471918,2021-09-02 11:56:32-06:00,2021-09-02,-106.1724166667,39.4107333333,3371.0,,6.7,14.4,,6.2,,1011.5,Amanita muscaria flavivolvata,"White River National Forest, Breckenridge, CO, US",1,
b094c627-961a-4a25-8f60-1703e553f08d,93422075,2021-08-29 10:19:00-06:00,2021-08-29,-105.7793231207,35.8005616831,3389.0,,13.9,28.3,,15.1,,1013.5,Amanita muscaria flavivolvata,"Santa Fe County, NM, USA",2,
1185d275-39e0-4d9a-b080-c06cd6e85fac,93421991,2021-08-29 10:19:00-06:00,2021-08-29,-105.778185864,35.8000308771,3467.0,,13.9,28.3,,15.1,,1013.5,Amanita muscaria flavivolvata,"Santa Fe County, NM, USA",2,
1d68555a-2380-4c31-b9d2-c3436511b9eb,93405766,2021-08-29 16:09:50-06:00,2021-08-29,-107.6645058766,37.8119403505,2841.0,,11.0,26.0,0.0,10.5,,1029.8,Amanita muscaria flavivolvata,Silverton,2,
90dc414c-c13e-4b77-ad23-a4e13886ed82,93370750,2021-08-07 09:43:19-06:00,2021-08-07,-106.46283,36.942075,3307.0,,,,,,,,Amanita muscaria flavivolvata,"Cebolla, NM, US",2,
541a2a72-9a7b-4c23-9095-1ab5f5cde3fe,93326514,2021-08-31 09:54:02-06:00,2021-08-31,-105.64315,40.21515,3241.0,,1.7,25.9,0.0,2.9,,1022.0,Amanita muscaria flavivolvata,"Rocky Mountain National Park, Ward, CO, US",1,
3430a5df-a5f8-4c4c-97ba-5eabb89db524,93315584,2021-08-07 16:11:21-04:00,2021-08-07,-105.797355,35.7795416667,3204.0,,18.9,33.9,0.0,17.0,,1008.7,Amanita muscaria flavivolvata,"Santa Fe National Forest, Santa Fe, NM, US",4,
0c181e1b-a265-4d32-8bc0-ae20930e1612,93141434,2021-08-12 13:27:30+00:00,2021-08-12,-107.5767483918,37.7687749796,3555.0,,12.0,26.0,0.0,6.7,,1031.3,Amanita muscaria flavivolvata,"San Juan National Forest, CO, US",2,
e893d081-02a1-42d8-ab16-bea956ee82b6,93095753,2021-07-19 19:53:16+00:00,2021-07-19,-106.0947303772,35.8785510526,1775.0,,17.1,29.6,0.0,9.8,,1031.3,Amanita muscaria flavivolvata,"Santa Fe, NM, US",2,
09e0c01f-8a50-40c3-8559-b1aad4e2c4f0,93002450,2021-08-29 15:53:18-06:00,2021-08-29,-106.168305,39.487805,3264.0,,3.3,22.8,0.0,9.0,,1013.7,Amanita muscaria flavivolvata,"Copper Mountain, Frisco, CO, US",1,
a6fa16d7-24ef-48b3-8ee9-97575f124f8b,93002010,2021-08-29 16:47:02-06:00,2021-08-29,-106.1691283333,39.49347,3154.0,,3.3,22.8,0.0,9.0,,1013.7,Amanita muscaria flavivolvata,"Copper Mountain, Frisco, CO, US",1,
e7aff8cb-c451-4574-b894-e60c589f5f50,93001977,2021-08-29 16:51:01-06:00,2021-08-29,-106.1691366667,39.4934916667,3154.0,,3.3,22.8,0.0,9.0,,1013.7,Amanita muscaria flavivolvata,"Copper Mountain, Frisco, CO, US",1,
ede2f305-4de6-4907-b750-b24a68a38a64,93001932,2021-08-29 16:52:24-06:00,2021-08-29,-106.16915,39.4934383333,3154.0,,3.3,22.8,0.0,9.0,,1013.7,Amanita muscaria flavivolvata,"Copper Mountain, Frisco, CO, US",2,
3a113675-b30d-4d3d-8f73-49e5251aa121,92847484,2021-08-28 11:29:42-06:00,2021-08-28,-105.7851139997,35.8069026,3227.0,,15.6,30.6,,12.5,,1011.8,Amanita muscaria flavivolvata,"Nambe, NM 87506, USA",1,
674a48ba-13a0-4fa4-a357-98ba4ae3e139,92699815,2021-07-17 09:56:10+00:00,2021-07-17,-105.7036476135,40.3562282305,3650.0,,6.7,25.9,0.3,8.0,,1030.6,Amanita muscaria flavivolvata,"Rocky Mountain National Park, Estes Park, CO, US",1,
4e7d234a-d0d3-4ce4-a0bf-d07b253328eb,92585879,2021-08-23 15:01:33-06:00,2021-08-23,-106.9835563978,40.6307702611,2128.0,,6.4,27.6,0.4,6.9,,1021.1,Amanita muscaria flavivolvata,"Routt County, US-CO, US",1,
e2f821f2-9369-4017-9ab2-efcd59d22f47,92537160,2021-08-25 16:18:02-06:00,2021-08-25,-105.859925,40.3450133333,2696.0,,2.7,26.9,0.0,7.3,,1030.9,Amanita muscaria flavivolvata,"Rocky Mountain National Park, Granby, CO, US",1,
67bc5e02-3f3e-4c0c-8b25-8eeed1c3bda2,92500606,2021-07-31 08:22:51-06:00,2021-07-31,-105.6554716667,40.3080633333,3079.0,,11.7,21.5,0.6,2.3,,1034.5,Amanita muscaria flavivolvata,"Rocky Mountain National Park, Estes Park, CO, US",1,
149a614a-5a47-4e3e-b418-4a3ff0fe1a7e,92467132,2021-08-23 18:44:37-06:00,2021-08-23,-106.1494611667,39.489645,3283.0,,3.3,20.6,0.0,8.3,,1013.2,Amanita muscaria flavivolvata,"Copper Mountain, Frisco, CO, US",1,
e4d7b117-66bf-4e50-9119-e6d5ab0f2327,92459025,2021-08-21 18:29:50-06:00,2021-08-21,-105.8751916667,39.9873716667,2601.0,,2.6,21.2,0.5,7.3,,1023.8,Amanita muscaria flavivolvata,"County Road 5167, Tabernash, CO, US",1,
7a7f9b71-d428-4b63-8188-a16fdcd0d37d,92365244,2021-08-22 13:20:00-06:00,2021-08-22,-106.4659283333,39.2465083333,3342.0,,3.9,20.0,,12.3,,1010.9,Amanita muscaria flavivolvata,"Lake County, CO, USA",1,
84df9beb-bd99-4158-9258-d6d26049e424,92365243,2021-08-22 13:19:00-06:00,2021-08-22,-106.4659283333,39.2465083333,3342.0,,3.9,20.0,,12.3,,1010.9,Amanita muscaria flavivolvata,"Lake, Colorado, United States",1,
dd53d72a-7c12-46bd-8c47-7e011e5a1c47,92365228,2021-08-22 13:10:00-06:00,2021-08-22,-106.4693481958,39.2512457343,3364.0,,3.9,20.0,,12.3,,1010.9,Amanita muscaria flavivolvata,"Lake County, CO, USA",1,
d0fef4a6-059a-440e-8ad1-a2500d55fc24,92308882,2021-08-21 14:48:49-06:00,2021-08-21,-106.85122,38.9229383333,2962.0,,3.3,21.1,,8.4,,1012.7,Amanita muscaria flavivolvata,"Grand Mesa National Forest, Crested Butte, CO, US",1,
49efd1da-37d8-414e-b3af-9fcc89a07250,92292801,2021-08-21 14:49:03-06:00,2021-08-21,-106.4799940318,39.7140589586,3127.0,,5.0,13.0,2.2,22.6,,1032.1,Amanita muscaria flavivolvata,"White River National Forest, Vail, CO, US",1,
1ad6b714-03fa-4372-a6c5-893967a557f6,92241293,2021-08-21 10:03:27+00:00,2021-08-21,-105.8736170456,39.6976940166,3219.0,,5.0,13.0,2.2,22.6,,1032.1,Amanita muscaria flavivolvata,"Dillon, CO 80435, USA",2,
b718835f-8eeb-453d-96ca-890984247c99,92186754,2021-08-22 13:10:00-06:00,2021-08-22,-107.1219666667,40.1416277778,3103.0,,8.3,26.7,0.0,14.6,,1012.2,Amanita muscaria flavivolvata,"Rio Blanco County, CO, USA",1,
5fc51679-be83-48b9-9a57-eead30f833e5,92165198,2021-08-21 11:06:17-06:00,2021-08-21,-108.0823791214,37.548784297,3216.0,,6.7,27.2,,6.9,,1013.3,Amanita muscaria flavivolvata,"Montezuma County, US-CO, US",1,
b61ba5f9-f975-4eff-8780-b27cc85e3468,92144325,2021-08-17 15:38:00+00:00,2021-08-17,-105.7813326072,35.8124856362,3159.0,,10.6,30.0,0.0,12.6,,1009.8,Amanita muscaria flavivolvata,"Santa Fe County, NM, USA",1,
d1058e5a-2f56-44b5-9d30-7f33266e2dda,92144314,2021-08-17 12:42:00+00:00,2021-08-17,-105.7968621936,35.8077986181,3309.0,,10.6,30.0,0.0,12.6,,1009.8,Amanita muscaria flavivolvata,"Santa Fe County, NM, USA",1,
3b42908e-66fc-4674-92f2-2b43601e9a17,92144307,2021-08-17 15:43:00+00:00,2021-08-17,-105.7601462,35.8112479,3367.0,,10.6,30.0,0.0,12.6,,1009.8,Amanita muscaria flavivolvata,"Winsor Trail, New Mexico, USA",1,
fe2e1bc2-8add-423a-a790-c4e939f94a3a,92050987,2021-08-21 11:07:15-06:00,2021-08-21,-107.0627391246,39.0258991812,3419.0,,3.3,21.1,,8.4,,1012.7,Amanita muscaria flavivolvata,"Gunnison County, US-CO, US",2,
c0d4d761-f7e6-4816-9457-b8ad2eb79d78,92045402,2021-08-21 13:53:18-06:00,2021-08-21,-106.8695520982,37.1422710605,2335.0,,3.0,12.0,1.8,20.4,,1034.1,Amanita muscaria flavivolvata,"Archuleta County, CO, USA",2,
b8c44f16-da9a-48e3-9785-a172d36021a5,92017773,2021-07-26 14:43:20-06:00,2021-07-26,-106.9763116667,38.9771466667,3469.0,,11.1,28.9,0.0,12.5,,1014.1,Amanita muscaria flavivolvata,"Grand Mesa National Forest, Crested Butte, CO, US",2,
f7ba07e8-3da2-4366-b52a-f6ad405eda02,92014998,2021-08-20 15:20:29-06:00,2021-08-20,-105.6998283333,39.6845866667,2869.0,,2.0,10.0,4.9,15.9,,1030.3,Amanita muscaria flavivolvata,"Arapaho & Roosevelt National Forests Pawnee National Grassland, Idaho Springs, CO, US",1,
1cf0270a-3c5b-4cd8-8ff3-7f3be091fd47,91805525,2021-08-19 11:51:56-06:00,2021-08-19,-105.4926760821,36.4872790798,3296.0,,12.8,26.1,0.0,14.9,,1015.1,Amanita muscaria flavivolvata,"Taos, NM, US",2,
016a857f-28f4-474a-84b5-4bc29e3be1db,91778393,2021-08-06 18:17:00+00:00,2021-08-06,-106.7326101246,37.2387230448,2702.0,,7.0,16.0,0.8,22.2,,1039.6,Amanita muscaria flavivolvata,"Archuleta County, CO, USA",2,
f2b9c51a-b81a-4f44-b398-0659e208f398,91777994,2021-08-06 17:25:00+00:00,2021-08-06,-106.7348079974,37.2351123163,2688.0,,7.0,16.0,0.8,22.2,,1039.6,Amanita muscaria flavivolvata,"Archuleta County, CO, USA",1,
6c4708ff-180a-46f9-9bb9-dcbcfc7755ae,91771913,2021-07-31 07:46:00-07:00,2021-07-31,-105.647532,40.3142552,2905.0,,11.7,21.5,0.6,2.3,,1034.5,Amanita muscaria flavivolvata,"Bear Lake Trail, Colorado 80517, USA",2,
98cc5e9f-f821-4a57-8f3d-ae497132272d,91769317,2021-08-19 12:45:03-06:00,2021-08-19,-107.8129456938,37.9373746924,2675.0,,6.0,15.0,15.2,5.9,,1025.9,Amanita muscaria flavivolvata,"Grand Mesa National Forest, Telluride, CO, US",2,
d9374d51-2edd-42b3-84e8-578321f3cb82,91732948,2021-08-17 17:04:20-06:00,2021-08-17,-107.5691133333,37.5777883333,3201.0,,8.3,42.3,0.0,6.6,,1012.6,Amanita muscaria flavivolvata,"San Juan National Forest, Durango, CO, US",1,
098cd381-b9ea-4907-bcb9-d8a36ed6ccae,91710793,2021-08-16 14:58:47-06:00,2021-08-16,-107.63903,37.6013216667,3221.0,,12.0,22.0,4.3,6.7,,1029.2,Amanita muscaria flavivolvata,"San Juan National Forest, Durango, CO, US",2,
33483c0c-e7fe-473a-8adc-3acac31a6e0e,91708946,2021-08-18 09:35:47-05:00,2021-08-18,-105.6019854682,39.9540924129,2753.0,,6.6,25.5,0.0,6.1,,1022.8,Amanita muscaria flavivolvata,"Boulder County, US-CO, US",2,
9382883e-d0f0-4307-902a-f26e9488e95e,91707717,2021-08-18 15:32:10-06:00,2021-08-18,-105.6401517057,40.3058170947,2876.0,,6.6,25.5,0.0,6.1,,1022.8,Amanita muscaria flavivolvata,"Rocky Mountain, Rocky Mountain National Park, Rocky Mountain National Park, Larimer County, US-CO, US",2,
ea1bea8e-6548-461f-99ab-31c2a5cfe550,91697613,2021-08-17 15:59:56-06:00,2021-08-17,-105.7459702222,40.1040630833,2633.0,,4.1,26.8,0.0,7.1,,1023.6,Amanita muscaria flavivolvata,"Grand County, US-CO, US",3,
1199cd8b-7e28-4ca3-8c7c-dfbeecf50e36,91602736,2021-08-17 15:34:18-06:00,2021-08-17,-107.8977313265,39.0486525255,3131.0,,16.0,35.6,0.0,5.0,,1015.7,Amanita muscaria flavivolvata,"Cedaredge, CO 81413, USA",3,
482fc231-5a25-48dd-b4fd-03048375a357,91602175,2021-08-15 10:01:11-06:00,2021-08-15,-105.7786691934,39.8039915882,3452.0,,6.8,22.9,1.5,4.1,,1030.3,Amanita muscaria flavivolvata,"Winter Park, CO 80482, USA",2,
25beac75-46a6-4dc2-8b25-69c5369824de,91595134,2021-08-17 16:03:35-06:00,2021-08-17,-105.7442351352,40.1036399777,2596.0,,4.1,26.8,0.0,7.1,,1023.6,Amanita muscaria flavivolvata,"Grand County, US-CO, US",1,
0b7974d4-8856-4c8b-a1f5-86ede9003441,91592177,2021-07-27 10:25:00-07:00,2021-07-27,-107.1834416667,39.87555,3129.0,,13.3,33.3,0.0,9.2,,1017.5,Amanita muscaria flavivolvata,"Garfield, Colorado, United States",2,
616197cc-d2d7-4c2e-b442-32369b64d5c4,91577295,2021-08-14 14:02:32-06:00,2021-08-14,-106.4914783333,39.0494888333,3394.0,,2.8,24.4,1.3,7.6,,1020.4,Amanita muscaria flavivolvata,"Pike and San Isabel National Forests, Buena Vista, CO, US",1,
8ad924bb-7b18-4bd8-b925-e920598a6750,91571478,2021-08-17 13:10:54-06:00,2021-08-17,-106.4913333333,39.0493195,3394.0,,3.3,20.0,,6.4,,1011.2,Amanita muscaria flavivolvata,"Pike and San Isabel National Forests, Buena Vista, CO, US",1,
ea5bf0e5-99ae-40a0-adf6-4787184f144f,91527714,2021-08-16 13:04:52-06:00,2021-08-16,-105.5152366667,36.60777,3212.0,,10.0,26.1,,8.2,,1018.2,Amanita muscaria flavivolvata,"Carson National Forest, Taos, NM, US",3,
6d604098-d6b8-4a0e-a298-dc6835d7e142,91472979,2021-08-16 13:57:57-06:00,2021-08-16,-106.406893745,38.8174790046,3593.0,,6.7,26.4,0.0,7.0,,1026.4,Amanita muscaria flavivolvata,"Chaffee County, US-CO, US",2,
6a288349-4543-4d77-9ed9-61ca745059c4,91427316,2021-08-15 19:07:50-06:00,2021-08-15,-105.6351723348,39.9945497425,3087.0,,6.8,22.9,1.5,4.1,,1030.3,Amanita muscaria flavivolvata,"Boulder County, US-CO, US",2,
f8ecbcbc-b5a4-4757-9085-7a32c96d8d31,91412606,2021-08-14 12:10:58-06:00,2021-08-14,-105.8676045388,39.7654358825,3570.0,,12.0,23.0,0.5,6.7,,1043.6,Amanita muscaria flavivolvata,"Empire, CO 80438, USA",1,
46ab937e-7199-4a92-bb88-a24746295b9b,91411121,2021-08-03 11:52:09+00:00,2021-08-03,-105.4491366667,36.6357116667,3552.0,,8.0,21.5,19.2,7.5,,1030.5,Amanita muscaria flavivolvata,"Carson National Forest, Taos, NM, US",1,
4e9c8ea9-106d-4065-b50d-670e3507a3f5,91373685,2021-07-17 11:35:00-05:00,2021-07-17,-105.5221139685,39.9858334707,2585.0,,16.0,32.0,0.0,7.2,,1022.2,Amanita muscaria flavivolvata,"Boulder County, CO, USA",1,
30c277c2-bc38-4ce4-bdd8-39ee8cbd85ad,91372370,2021-08-15 12:37:19-06:00,2021-08-15,-105.8482003606,40.2981365856,2659.0,,6.8,22.9,1.5,4.1,,1030.3,Amanita muscaria flavivolvata,"Rocky Mountain, Rocky Mountain National Park, Grand County, US-CO, US",2,
f041fa1b-6949-497b-9e04-347036e1df72,91370112,2021-08-15 16:17:58-06:00,2021-08-15,-106.1912616667,38.6525216667,2982.0,,14.2,28.1,0.2,9.5,,1031.2,Amanita muscaria flavivolvata,"Pike and San Isabel National Forests, Nathrop, CO, US",1,
8193dcd3-9e74-4806-a6b9-73008a38e00b,91366253,2021-08-15 11:16:00-07:00,2021-08-15,-105.8021466667,35.8003316667,3288.0,,12.8,29.4,,12.5,,1016.9,Amanita muscaria flavivolvata,"Santa Fe National Forest, NM, USA",2,
ab4220ec-2c0c-468e-ab51-cc0a51521dbb,91356476,2021-08-07 13:10:32-06:00,2021-08-07,-107.1515777778,40.0033333333,3247.0,,10.0,25.6,0.0,7.9,,1016.5,Amanita muscaria flavivolvata,"Meeker, CO 81641, USA",1,
36512902-9da2-4179-86af-55a0899e7f67,91352008,2021-08-14 15:29:00-06:00,2021-08-14,-106.5066173916,38.8281580724,3053.0,,8.9,29.1,0.2,6.8,,1032.9,Amanita muscaria flavivolvata,"Gunnison County, CO, USA",2,
02813146-d878-402f-8bd9-663053d35752,91343859,2021-08-14 15:28:21-06:00,2021-08-14,-107.0289073581,38.894120898,3337.0,,9.4,31.1,0.0,11.5,,1017.2,Amanita muscaria flavivolvata,"Grand Mesa National Forest, Crested Butte, CO, US",1,
26c90243-ff28-4472-ab57-70f3ac518743,91282734,2021-08-15 10:45:58-06:00,2021-08-15,-105.7723462,39.8132757,3221.0,,6.8,22.9,1.5,4.1,,1030.3,Amanita muscaria flavivolvata,"Winter Park, CO 80482, USA",2,
488fff74-eb97-40af-a43a-191a9714e5af,91259750,2021-07-30 15:54:40-04:00,2021-07-30,-106.0591278333,39.4701416667,3054.0,,7.8,23.3,,8.6,,1017.4,Amanita muscaria flavivolvata,"White River National Forest, Breckenridge, CO, US",2,
d55dea9a-1124-4f21-a62f-5ebf1e1c7f45,91212779,2021-08-07 13:04:00+00:00,2021-08-07,-105.6165542088,39.6282840313,3711.0,,,,,,,,Amanita muscaria flavivolvata,"Clear Creek County, CO, USA",1,
6af41c77-6af2-4b7d-a664-5800d317b72c,91212291,2021-08-07 09:21:00+00:00,2021-08-07,-105.6165542088,39.6282840313,3711.0,,,,,,,,Amanita muscaria flavivolvata,"Clear Creek County, CO, USA",1,
41fc0122-fb44-49d6-a77e-226029e6c8c9,91212267,2021-08-07 08:51:00+00:00,2021-08-07,-105.6165542088,39.6282840313,3711.0,,,,,,,,Amanita muscaria flavivolvata,"Clear Creek County, CO, USA",1,
be542c58-5578-4d43-bc33-ccea4cad715f,91212266,2021-08-07 08:48:00+00:00,2021-08-07,-105.6165542088,39.6282840313,3711.0,,,,,,,,Amanita muscaria flavivolvata,"Clear Creek County, CO, USA",1,
6e9e2e93-aa82-4ccb-abef-69d6bc9f29f9,91212264,2021-08-07 08:47:00+00:00,2021-08-07,-105.6165542088,39.6282840313,3711.0,,,,,,,,Amanita muscaria flavivolvata,"Clear Creek County, CO, USA",2,
d5b6ddde-c054-4e40-8502-bfcefec55421,91212262,2021-08-07 08:47:00+00:00,2021-08-07,-105.6165542088,39.6282840313,3711.0,,,,,,,,Amanita muscaria flavivolvata,"Clear Creek County, CO, USA",2,
61163516-ac6f-4cb8-9ed9-0e24ae120f4d,91209998,2021-08-14 12:57:28-06:00,2021-08-14,-105.7713166667,39.8226866667,3282.0,,6.0,28.3,0.0,7.2,,1033.2,Amanita muscaria flavivolvata,"Arapaho & Roosevelt National Forests Pawnee National Grassland, Parshall, CO, US",2,
f40b3456-836f-4733-b353-e31c6964b5ef,91207538,2021-08-14 10:59:48-06:00,2021-08-14,-105.675745,40.3226916667,3237.0,,6.0,28.3,0.0,7.2,,1033.2,Amanita muscaria flavivolvata,"Rocky Mountain National Park, Estes Park, CO, US",1,
d2158331-5d55-4d74-9d52-a49fce0e0d02,91201277,2021-08-14 10:15:02-06:00,2021-08-14,-105.9282215,39.988644,2667.0,,6.0,28.3,0.0,7.2,,1033.2,Amanita muscaria flavivolvata,"Grand Lake, CO 80447, USA",1,
c0442afb-807b-42b5-ab2f-6d273685df1f,91191281,2021-08-14 15:38:03-06:00,2021-08-14,-105.7949533333,39.9057533333,2766.0,,6.0,28.3,0.0,7.2,,1033.2,Amanita muscaria flavivolvata,"Arapaho & Roosevelt National Forests Pawnee National Grassland, Winter Park, CO, US",1,
43d1a3a8-928e-4e8d-839c-f830e10dbf2c,91173673,2021-08-13 11:20:55-06:00,2021-08-13,-107.41143,39.778595,3181.0,,13.3,37.2,0.0,8.4,,1014.2,Amanita muscaria flavivolvata,"White River National Forest, Gypsum, CO, US",1,
bee88616-77c6-459f-9327-e466ce87a533,91157223,2021-08-07 19:33:15-04:00,2021-08-07,-105.1774593957,39.1428405623,2414.0,,11.2,26.8,0.1,17.4,,1010.0,Amanita muscaria flavivolvata,"Colorado, US",1,
5204dbab-9c97-4998-ab84-87453ce7638c,91147321,2021-08-14 10:32:59-06:00,2021-08-14,-105.7601379722,39.8728729722,2918.0,,6.0,28.3,0.0,7.2,,1033.2,Amanita muscaria flavivolvata,"Mary Jane Base Complex, Winter Park, CO 80482, USA",1,
c2805bdd-0593-44a8-9add-e3619196272b,91127490,2021-08-01 10:40:00-04:00,2021-08-01,-107.481048,37.9284329722,3512.0,,12.0,20.0,4.5,6.0,,1035.8,Amanita muscaria flavivolvata,"Hinsdale County, CO, USA",1,
aa6ad049-c87c-4641-9598-07a9dcbc7c1a,91122979,2021-07-25 09:55:34-06:00,2021-07-25,-106.0580305,39.503955,2975.0,,11.0,22.0,5.0,13.8,,1039.8,Amanita muscaria flavivolvata,"White River National Forest, Breckenridge, CO, US",1,
041849ca-905a-4959-8ad1-3fb51e589a54,91075500,2021-08-04 18:29:30-06:00,2021-08-04,-106.744505,35.87588,2348.0,,13.7,25.3,5.7,10.2,,1027.3,Amanita muscaria flavivolvata,"Santa Fe National Forest, Jemez Springs, NM, US",2,
226dafbe-4bce-41e5-8e8d-0d48b428aab9,91069393,2021-08-13 10:16:23-06:00,2021-08-13,-105.7706083333,39.8285133333,3198.0,,7.7,27.3,0.0,6.7,,1032.1,Amanita muscaria flavivolvata,"Grand County, US-CO, US",2,
0296002c-c6b9-415c-ac87-50c40f9485f6,91068786,2021-08-13 10:58:08-06:00,2021-08-13,-105.7682592999,39.8281686252,3186.0,,7.7,27.3,0.0,6.7,,1032.1,Amanita muscaria flavivolvata,"Grand County, US-CO, US",2,
c5abcf81-81f3-44a0-aa5e-481d5d1ad9d5,91064875,2021-08-09 17:45:50-07:00,2021-08-09,-105.628395,40.4661133333,3367.0,,5.5,26.3,0.0,7.8,,1026.2,Amanita muscaria flavivolvata,"Rocky Mountain National Park, Estes Park, CO, US",1,
835c8319-c848-4739-98f4-f092a87253cf,91064488,2021-08-10 09:29:35-07:00,2021-08-10,-105.63353,40.4708866667,3407.0,,5.0,25.5,0.0,7.3,,1028.8,Amanita muscaria flavivolvata,"Rocky Mountain National Park, Estes Park, CO, US",1,
19d4994c-0d6f-4911-84af-c9d15bfe65e0,91061174,2021-08-13 13:33:59-06:00,2021-08-13,-105.7304493528,40.0435471555,3085.0,,7.7,27.3,0.0,6.7,,1032.1,Amanita muscaria flavivolvata,"Grand County, US-CO, US",1,
e7ec3704-ad84-4362-8217-2e1a02058933,91060502,2021-08-13 10:31:47-06:00,2021-08-13,-105.7342492074,40.0450035676,3078.0,,7.7,27.3,0.0,6.7,,1032.1,Amanita muscaria flavivolvata,"Grand County, US-CO, US",1,
d4583c10-a3ff-4bcd-9738-9d9166ab7449,91060282,2021-08-13 10:22:08-06:00,2021-08-13,-105.7330979908,40.0449659131,3080.0,,7.7,27.3,0.0,6.7,,1032.1,Amanita muscaria flavivolvata,"Grand County, US-CO, US",1,
323cfd11-d704-4526-a187-535fab7f4ea7,91057212,2021-08-13 12:39:00-06:00,2021-08-13,-107.6471407912,37.6786000973,3026.0,,13.0,26.0,0.0,4.7,,1033.8,Amanita muscaria flavivolvata,"San Juan National Forest, CO, US",1,
0b2a353a-8fd7-4b1e-bebe-d60f84ec60b1,91054503,2021-08-13 16:01:30-06:00,2021-08-13,-105.9956920147,39.4452816439,3355.0,,4.4,21.7,,11.4,,1018.9,Amanita muscaria flavivolvata,"White River National Forest, Breckenridge, CO, US",1,
7984b88f-7809-47ca-85c5-6dbab58d9261,91053195,2021-08-13 16:21:25-06:00,2021-08-13,-105.92879005,39.98849098,2667.0,,7.7,27.3,0.0,6.7,,1032.1,Amanita muscaria flavivolvata,"Grand Lake, CO 80447, USA",3,
2faef302-51ae-498d-ba07-0ba396d24be6,91051357,2021-08-13 10:11:56-06:00,2021-08-13,-105.731804045,40.0444931584,3080.0,,7.7,27.3,0.0,6.7,,1032.1,Amanita muscaria flavivolvata,"Grand County, US-CO, US",1,
06d12d30-e324-4524-92a4-65901724dfae,91038896,2021-08-13 14:32:01-06:00,2021-08-13,-107.8736572266,39.0869636536,3141.0,,17.2,38.4,0.0,7.1,,1022.0,Amanita muscaria flavivolvata,Collbran,2,
f470e4ba-d428-45d5-bc37-4042034038eb,91029533,2021-08-13 10:35:47-06:00,2021-08-13,-105.8061616667,35.7948,3124.0,,12.8,28.9,3.0,18.0,,1017.4,Amanita muscaria flavivolvata,"Santa Fe National Forest, Santa Fe, NM, US",1,
17edecfa-8913-445d-9b8c-c660ce652d41,91025078,2021-08-13 10:59:21-06:00,2021-08-13,-105.7683478,39.8274134997,3186.0,,7.7,27.3,0.0,6.7,,1032.1,Amanita muscaria flavivolvata,"Grand County, US-CO, US",2,
45cbffca-a5f2-4621-a884-6b93e87ac4ec,91024535,2021-08-13 10:35:21-06:00,2021-08-13,-105.7694919,39.8278681997,3198.0,,7.7,27.3,0.0,6.7,,1032.1,Amanita muscaria flavivolvata,"Grand County, US-CO, US",1,
706df219-bfda-47ce-a85d-72596c160da0,91023987,2021-08-13 09:54:31-06:00,2021-08-13,-105.7698441997,39.8277148,3198.0,,7.7,27.3,0.0,6.7,,1032.1,Amanita muscaria flavivolvata,"Grand County, US-CO, US",2,
5e3f4c4c-2054-4a0c-ac8d-d5806d76cb86,91002634,2021-08-08 09:07:05-06:00,2021-08-08,-105.85067,40.4054133333,2760.0,,4.0,25.6,0.0,6.7,,1025.9,Amanita muscaria flavivolvata,"Rocky Mountain National Park, Granby, CO, US",2,
61c9c334-b5b0-4e1c-8b71-fb6625a40dde,90996981,2021-07-24 11:38:14-06:00,2021-07-24,-105.6129083333,39.6839966667,2808.0,,20.0,30.0,0.6,11.2,,1023.9,Amanita muscaria flavivolvata,"Arapaho & Roosevelt National Forests Pawnee National Grassland, Idaho Springs, CO, US",1,
6fe4db76-701f-4aad-bdfe-71a70dff1921,90951097,2021-08-12 13:43:38-06:00,2021-08-12,-105.7700210997,39.8290263997,3198.0,,4.2,27.5,0.0,7.4,,1029.8,Amanita muscaria flavivolvata,"Grand County, US-CO, US",1,
4fa5da21-6071-4761-9f7d-339a9ac7f1e9,90950954,2021-08-12 13:32:25-06:00,2021-08-12,-105.7699097693,39.8287526923,3198.0,,4.2,27.5,0.0,7.4,,1029.8,Amanita muscaria flavivolvata,"Grand County, US-CO, US",1,
1e47720d-c1b1-45ed-99e7-25fc3af868f8,90950777,2021-08-12 12:46:12-06:00,2021-08-12,-105.7710584253,39.8228927264,3282.0,,4.2,27.5,0.0,7.4,,1029.8,Amanita muscaria flavivolvata,"Grand County, US-CO, US",1,
c5686c43-7fe1-4aad-901b-19760b8f48fd,90934926,2021-08-06 11:09:00-06:00,2021-08-06,-106.0661716367,39.4234091817,3330.0,,2.8,21.7,,7.5,,1013.6,Amanita muscaria flavivolvata,"Summit County, CO, USA",1,
01f1bc5c-1cbd-49da-b1ca-78bccf7fedbb,90932445,2021-08-06 11:02:00-06:00,2021-08-06,-106.067407,39.423663,3341.0,,2.8,21.7,,7.5,,1013.6,Amanita muscaria flavivolvata,"Summit County, CO, USA",1,
3ce1e031-0eee-4031-bf2b-be3207331a40,90929652,2021-08-12 14:28:15-06:00,2021-08-12,-105.777639938,39.8682324698,3267.0,,4.2,27.5,0.0,7.4,,1029.8,Amanita muscaria flavivolvata,"Winter Park Resort, Winter Park, CO, US",3,
83d99190-ba46-4548-9c7a-b156feb68a08,90913395,2021-08-04 10:44:42-06:00,2021-08-04,-107.7806777954,37.7048225403,3424.0,,9.0,21.0,0.0,4.2,,1033.0,Amanita muscaria flavivolvata,San Juan County,2,
c0680028-a66f-4591-a88c-42fb2504725e,90913325,2021-08-06 18:29:46-06:00,2021-08-06,-107.8572235107,37.654384613,3372.0,,13.0,24.0,1.4,13.5,,1030.9,Amanita muscaria flavivolvata,San Juan County,2,
42328700-6791-4cac-9f72-19dc28cae9e9,90855017,2021-07-31 11:31:52-07:00,2021-07-31,-105.6027,40.201395,2886.0,,11.7,21.5,0.6,2.3,,1034.5,Amanita muscaria flavivolvata,"Rocky Mountain National Park, Ward, CO, US",2,
c8aca67e-c05b-4d4e-a79c-7dfb9d9332b4,90834010,2021-08-05 09:50:17-06:00,2021-08-05,-105.1858833333,36.4658616667,3166.0,,3.7,23.5,0.4,3.1,,1032.8,Amanita muscaria flavivolvata,"87714, Cimarron, NM, US",2,
8117cd2c-de2b-484a-8543-9b5ecfd1c898,90827196,2019-07-20 16:45:07-06:00,2019-07-20,-106.4407945551,39.5893943696,2532.0,,12.0,21.0,,16.0,,,Amanita muscaria flavivolvata,"White River National Forest, Basalt, CO, US",2,
6504c8f8-5e36-4366-a019-f89a649f6180,90779440,2021-08-06 13:06:33-06:00,2021-08-06,-106.5141833333,39.3924416667,3510.0,,2.8,21.7,,7.5,,1013.6,Amanita muscaria flavivolvata,"White River National Forest, Basalt, CO, US",1,
c6eabd49-5d6c-44f4-801f-d2748767abac,90776734,2021-08-05 15:03:54-06:00,2021-08-05,-106.9775405,38.8669265,2707.0,,6.7,28.3,0.0,5.4,,1022.2,Amanita muscaria flavivolvata,"Grand Mesa National Forest, Crested Butte, CO, US",1,
13cdfec1-7f77-4232-8521-2152a856bb0e,90737567,2021-08-09 15:59:19-06:00,2021-08-09,-106.0612059327,39.3633429111,3501.0,,2.2,22.2,0.0,7.4,,1013.6,Amanita muscaria flavivolvata,"White River National Forest, Breckenridge, CO, US",1,
27a0a64a-76f4-4675-b2ac-9658f777332d,90726458,2021-08-07 12:23:02-06:00,2021-08-07,-105.85927,39.7702866667,3270.0,,8.0,13.0,0.0,20.1,,1034.3,Amanita muscaria flavivolvata,"Arapaho & Roosevelt National Forests Pawnee National Grassland, Idaho Springs, CO, US",1,
298e82bd-e61e-4339-9b92-b405f328cd7b,90725972,2021-07-09 10:09:02-04:00,2021-07-09,-107.7590166667,37.7095033333,3040.0,,15.0,29.0,0.2,7.5,,1033.1,Amanita muscaria flavivolvata,"San Juan National Forest, CO, US",1,
9a259b23-6533-4a36-9e4c-1734e6309e2d,90712091,2021-08-07 09:03:35-06:00,2021-08-07,-105.8574916667,39.7685133333,3271.0,,8.0,13.0,0.0,20.1,,1034.3,Amanita muscaria flavivolvata,"Arapaho & Roosevelt National Forests Pawnee National Grassland, Idaho Springs, CO, US",1,
8a107a2e-120a-462c-9149-f98f6aa6e821,90696413,2021-08-10 08:33:07-06:00,2021-08-10,-105.9230323259,40.4913183788,3105.0,,5.0,25.5,0.0,7.3,,1028.8,Amanita muscaria flavivolvata,"Colorado, US",2,
f4ff0ceb-768a-4799-9ec5-e0c8c491f4c9,90670775,2021-08-05 14:24:45-06:00,2021-08-05,-106.86242,39.0982695,2836.0,,10.0,28.3,0.0,10.7,,1016.9,Amanita muscaria flavivolvata,"White River National Forest, Aspen, CO, US",1,
e8e80062-1c88-4df0-8e7c-cc74e283d670,90670538,2021-08-05 15:42:56-06:00,2021-08-05,-106.87168,39.0795028333,2922.0,,10.0,28.3,0.0,10.7,,1016.9,Amanita muscaria flavivolvata,"White River National Forest, Aspen, CO, US",1,
0e32623c-189a-41a4-97ef-3afacef08823,90627408,2021-08-07 09:22:48-06:00,2021-08-07,-105.8671465516,39.7157402642,3376.0,,8.0,13.0,0.0,20.1,,1034.3,Amanita muscaria flavivolvata,"Keystone, CO 80435, USA",1,
c5bc0adf-e796-4f82-910f-0a682105ad51,90618418,2021-08-07 14:42:20-06:00,2021-08-07,-106.671555,35.91033,2696.0,,19.9,29.0,0.1,13.0,,1023.6,Amanita muscaria flavivolvata,"Santa Fe National Forest, Jemez Springs, NM, US",2,
7b5e9f6a-0548-4246-8692-8cca46ed4f26,90606688,2021-08-07 14:23:14-06:00,2021-08-07,-106.4012366667,39.1366361667,3166.0,,5.0,16.7,0.0,13.8,,1012.1,Amanita muscaria flavivolvata,"Pike and San Isabel National Forests, Twin Lakes, CO, US",2,
a2debc25-e80a-4b49-933a-c0b5c0d9164b,90594002,2021-08-07 14:49:35-06:00,2021-08-07,-106.6781166667,35.9097966667,2674.0,,19.9,29.0,0.1,13.0,,1023.6,Amanita muscaria flavivolvata,"Santa Fe National Forest, Jemez Springs, NM, US",2,
e7739932-e266-4b7c-ada7-3e6963f7630c,90592729,2021-08-06 12:56:42-06:00,2021-08-06,-105.2000583333,36.6175383333,3330.0,,4.9,25.1,0.5,7.2,,1029.6,Amanita muscaria flavivolvata,"Cimarron, NM, US",2,
49835835-c4db-4e8c-956e-af3c5463b67b,90590420,2021-08-08 08:29:14-06:00,2021-08-08,-106.4241783333,39.4184333333,2812.0,,1.1,21.7,0.0,10.4,,1014.0,Amanita muscaria flavivolvata,"White River National Forest, Basalt, CO, US",1,
031d34b6-8fdc-4889-87f4-7f5bf145be8f,90584450,2021-08-09 14:25:27-06:00,2021-08-09,-105.1721974284,38.9758689158,2787.0,,12.2,31.5,0.0,11.6,,1009.8,Amanita muscaria flavivolvata,"Pike and San Isabel National Forests, Divide, CO, US",1,
6c77b4ad-0e52-4b3b-990f-f03e374234a9,90538574,2021-08-02 17:51:00-10:00,2021-08-02,-106.2636457294,39.6284251046,2755.0,,8.0,15.0,18.3,8.4,,1041.6,Amanita muscaria flavivolvata,"Eagle County, CO, USA",1,
ac0c922b-0a74-4e17-a534-931ca15a5c20,90498591,2021-08-04 17:03:57-06:00,2021-08-04,-107.03025,39.1162833333,3392.0,,7.8,25.0,0.0,7.7,,1018.7,Amanita muscaria flavivolvata,"White River National Forest, Snowmass, CO, US",1,
009a647e-0c7f-4593-a9d2-3b8c97b82d00,90489850,2021-08-08 11:04:58-06:00,2021-08-08,-106.379507,38.6113349722,3492.0,,5.0,17.0,0.0,25.4,,1038.6,Amanita muscaria flavivolvata,"Nathrop, CO 81236, USA",1,
ea90f43d-6344-49ee-928f-5d8c1aa29e2a,90487093,2021-08-07 09:35:05-06:00,2021-08-07,-105.9032402833,40.5428030861,3332.0,,,,,,,,Amanita muscaria flavivolvata,"Bellvue, CO 80512, USA",2,
a3a6c397-38e9-4ce2-b705-822e85b78bf1,90481400,2021-08-07 07:05:29-06:00,2021-08-07,-109.2526649722,38.4195029722,3103.0,,,,,,,,Amanita muscaria flavivolvata,"Moab, UT 84532, USA",2,
1a5159f8-24ed-4bce-8ace-bc2b6104d213,90479200,2021-08-08 12:17:12-06:00,2021-08-08,-105.6498866667,39.8992166667,2852.0,,4.0,25.6,0.0,6.7,,1025.9,Amanita muscaria flavivolvata,"Arapaho & Roosevelt National Forests Pawnee National Grassland, Black Hawk, CO, US",3,
109c68ec-1c91-4950-95a2-90f34ce42413,90479096,2021-08-07 17:36:19-06:00,2021-08-07,-106.2669978827,38.6447388013,3633.0,,6.0,13.0,0.0,41.5,,1037.4,Amanita muscaria flavivolvata,"Pike and San Isabel National Forests, Salida, CO, US",1,
997f6f81-9f1f-4203-91ae-662949219ca8,90459068,2021-08-03 15:16:37-06:00,2021-08-03,-106.43743,36.741255,2433.0,,,,,,,,Amanita muscaria flavivolvata,"Cebolla, NM, US",2,
25e1edaa-1467-4442-b0f2-5bf5434b7cb0,90457252,2021-08-05 19:04:19-06:00,2021-08-05,-106.4625333333,38.9548416667,3235.0,,1.1,22.2,0.0,6.5,,1019.2,Amanita muscaria flavivolvata,"Pike and San Isabel National Forests, Buena Vista, CO, US",2,
4b85d9ca-1871-414f-a47e-37a1a8b3ace7,90457123,2021-08-05 19:04:53-06:00,2021-08-05,-106.4625383333,38.95507,3235.0,,1.1,22.2,0.0,6.5,,1019.2,Amanita muscaria flavivolvata,"Pike and San Isabel National Forests, Buena Vista, CO, US",1,
af498226-8e37-437b-bbd8-bfd8998971d1,90447665,2021-08-08 12:13:29-06:00,2021-08-08,-106.0615588352,39.3564119718,3464.0,,1.1,21.7,0.0,10.4,,1014.0,Amanita muscaria flavivolvata,"Pike and San Isabel National Forests, Alma, CO, US",3,
ded23778-81ec-4df2-b5f3-2b76c0469d87,90397100,2021-08-07 12:20:20-06:00,2021-08-07,-106.1420451477,39.6185825029,3883.0,,8.0,13.0,0.0,20.1,,1034.3,Amanita muscaria flavivolvata,"Heeney, CO 80498, USA",2,
8b241615-9c96-489b-84de-2c49a9044277,90396278,2021-08-06 10:04:17-06:00,2021-08-06,-105.4383916667,36.5732033333,3146.0,,4.9,25.1,0.5,7.2,,1029.6,Amanita muscaria flavivolvata,"Carson National Forest, Taos, NM, US",1,
d174a7bf-ac0c-40a7-8f7d-3bda0ee6d296,90389098,2021-08-08 07:56:53-06:00,2021-08-08,-106.1134433378,39.6551749709,2919.0,,7.0,18.0,0.0,16.5,,1035.7,Amanita muscaria flavivolvata,"White River National Forest, Silverthorne, CO, US",2,
4582ab78-6b2a-4128-be45-dc7d60dd919b,90388271,2021-08-06 09:58:52-06:00,2021-08-06,-106.312145,39.28232,3168.0,,2.8,21.7,,7.5,,1013.6,Amanita muscaria flavivolvata,"Pike and San Isabel National Forests, Leadville, CO, US",2,
51412a7d-b3bd-4534-ac3e-9800fcac7373,90354551,2021-08-07 10:54:23-06:00,2021-08-07,-105.5793111111,40.0475416667,3349.0,,6.4,20.4,0.3,11.2,,1026.0,Amanita muscaria flavivolvata,"Nederland, CO 80466, USA",1,
9217e0c9-6be8-462e-a1d7-e1f6f8fb52cb,90349656,2021-08-07 16:09:42-06:00,2021-08-07,-106.8055379722,38.85824,2917.0,,7.2,23.3,0.0,9.9,,1016.3,Amanita muscaria flavivolvata,"Crested Butte, CO 81224, USA",1,
ce5dc62c-05a3-4072-85c4-2aa6b17738d2,90345949,2021-08-06 14:48:31-06:00,2021-08-06,-107.7213888889,37.8563888889,3184.0,,13.0,24.0,1.4,13.5,,1030.9,Amanita muscaria flavivolvata,"Silverton, CO 81433, USA",1,
05b5fa5a-ef0d-4450-b65e-a8f8585d3b02,90345358,2021-08-07 14:43:37-06:00,2021-08-07,-107.22503906,37.50548604,2531.0,,7.0,14.0,0.0,16.6,,1036.4,Amanita muscaria flavivolvata,"Hinsdale County, US-CO, US",2,
f4b85e9d-ef50-4677-a614-21eeed32bd81,90340307,2021-08-07 08:20:20-06:00,2021-08-07,-105.6310657798,40.2792875725,3519.0,,6.4,20.4,0.3,11.2,,1026.0,Amanita muscaria flavivolvata,"Colorado, US",3,
c4e6967b-a2a8-4fbe-b631-75a891033c8b,90337575,2021-08-06 15:39:00+00:00,2021-08-06,-106.6067777778,35.8138722222,2413.0,,18.5,28.0,0.4,14.8,,1026.2,Amanita muscaria flavivolvata,"Sandoval County, NM, USA",2,
5989700a-5bcd-4271-a0cc-ae48a0fbd5d3,90337163,2021-08-07 18:59:39-06:00,2021-08-07,-106.3191587997,39.278740516,3057.0,,5.0,16.7,0.0,13.8,,1012.1,Amanita muscaria flavivolvata,"Pike and San Isabel National Forests, Leadville, CO, US",1,
acd46347-8a9d-41cb-b88a-590bab27fb6a,90335458,2021-08-06 13:32:43-06:00,2021-08-06,-106.53605907,39.12715572,3413.0,,2.8,21.7,,7.5,,1013.6,Amanita muscaria flavivolvata,"Lake County, US-CO, US",2,
160dab68-17a5-4d95-93a9-158c43a8b5eb,90329268,2021-08-04 14:28:22-06:00,2021-08-04,-107.015949,39.068392,3470.0,,7.8,25.0,0.0,7.7,,1018.7,Amanita muscaria flavivolvata,"Snowmass, CO 81654, USA",1,
adfd8061-d3af-446f-80da-a8108d1df61a,90328757,2021-08-07 12:06:19-06:00,2021-08-07,-105.6595083333,39.8937416667,2917.0,,6.4,20.4,0.3,11.2,,1026.0,Amanita muscaria flavivolvata,"Arapaho & Roosevelt National Forests Pawnee National Grassland, Idaho Springs, CO, US",1,
4421941d-9b98-4f18-925f-f005f6a83730,90323947,2021-08-07 14:42:02-06:00,2021-08-07,-106.0402707383,39.4549033791,3067.0,,5.0,16.7,0.0,13.8,,1012.1,Amanita muscaria flavivolvata,"Breckenridge, CO 80424, USA",1,
97689ace-5204-4de3-8912-86636cf8d6cc,90307433,2021-08-07 07:33:53-06:00,2021-08-07,-105.5122875,39.9231515,2640.0,,17.0,27.0,0.0,10.2,,1017.3,Amanita muscaria flavivolvata,"Arapaho & Roosevelt National Forests Pawnee National Grassland, Black Hawk, CO, US",1,
35a4c429-83c3-4562-9e2a-cb37205e27ba,90296606,2021-08-07 08:46:41-06:00,2021-08-07,-105.7116161416,40.3649857658,3635.0,,6.4,20.4,0.3,11.2,,1026.0,Amanita muscaria flavivolvata,"Rocky Mountain National Park, Estes Park, CO, US",2,
18050a78-d065-4f1b-b4de-47bc514c01b3,90292956,2021-08-04 11:02:49-06:00,2021-08-04,-107.0338833333,39.1131945,3463.0,,7.8,25.0,0.0,7.7,,1018.7,Amanita muscaria flavivolvata,"White River National Forest, Snowmass, CO, US",1,
351262dc-9230-4b5a-b295-5be0c827a342,90288761,2021-07-23 10:28:26+00:00,2021-07-23,-105.28582,39.460125,2442.0,,19.4,33.3,0.0,13.2,,1014.0,Amanita muscaria flavivolvata,"Starview Dr, Conifer, CO, US",2,
b903baa2-e30a-4b1b-ba4a-ac9569e9910a,90277307,2021-08-06 18:55:00-06:00,2021-08-06,-108.1318138333,38.3094,2890.0,,17.2,33.3,0.0,16.8,,1010.5,Amanita muscaria flavivolvata,"Grand Mesa National Forest, Montrose, CO, US",1,
e4c26781-7d0a-42a9-a14e-122867a6cc06,90258494,2021-08-07 08:02:57-06:00,2021-08-07,-105.1014187916,37.3793822748,2600.0,,,,,,,,Amanita muscaria flavivolvata,"Pike and San Isabel National Forests, La Veta, CO, US",2,
8d103365-7917-4d15-8af9-8e885659200d,90222730,2021-08-03 13:14:20-06:00,2021-08-03,-106.272675,38.96498,3147.0,,12.5,22.2,8.5,10.9,,1029.7,Amanita muscaria flavivolvata,"Pike and San Isabel National Forests, Buena Vista, CO, US",2,
80813a58-1f38-4a9f-8ad0-016555f98792,90208190,2021-07-25 08:08:57+00:00,2021-07-25,-105.107925,36.7654216667,2510.0,,6.0,19.9,6.0,5.4,,1031.4,Amanita muscaria flavivolvata,"Carson National Forest, Cimarron, NM, US",1,
23c34648-fd73-4e22-8c06-5a73fa9d65a8,90203525,2021-08-06 17:34:57-06:00,2021-08-06,-105.43892,36.602495,3094.0,,4.9,25.1,0.5,7.2,,1029.6,Amanita muscaria flavivolvata,"Carson National Forest, Taos Ski Valley, NM, US",2,
f5e33046-9fee-4f88-9877-d2a36fce45ba,90191562,2021-08-06 12:51:18-06:00,2021-08-06,-107.7081312819,37.7267813224,3300.0,,13.0,24.0,1.4,13.5,,1030.9,Amanita muscaria flavivolvata,"San Juan National Forest, CO, US",1,
1176976e-e5a4-43e9-95c1-f4cf29f6c092,90191180,2021-08-05 08:57:10-06:00,2021-08-05,-105.5702438354,40.0786399841,3163.0,,5.8,26.0,0.0,4.3,,1031.2,Amanita muscaria flavivolvata,"Boulder County, US-CO, US",1,
5f943511-a482-43cf-9d95-3107c252fbba,90162592,2021-08-06 09:40:12-07:00,2021-08-06,-107.7085676138,37.724783686,3331.0,,13.0,24.0,1.4,13.5,,1030.9,Amanita muscaria flavivolvata,"San Juan County, US-CO, US",1,
3e63c5dd-0e3c-4125-9dbd-16993a8a121e,90117966,2021-08-05 13:52:42-06:00,2021-08-05,-107.0676945,39.0247888333,3479.0,,10.0,28.3,0.0,10.7,,1016.9,Amanita muscaria flavivolvata,"White River National Forest, Carbondale, CO, US",3,
be36bbcd-ea0b-4e60-82ff-fc6326f7b5e8,90114981,2021-08-05 10:20:50-06:00,2021-08-05,-105.51625,39.6793283333,3371.0,,14.4,33.0,0.0,9.6,,1021.7,Amanita muscaria flavivolvata,"Arapaho & Roosevelt National Forests Pawnee National Grassland, Idaho Springs, CO, US",1,
d7f00fd4-185b-4b66-8ab8-8c7e413c5634,90114683,2021-08-05 18:50:55-06:00,2021-08-05,-105.805145,35.7955083333,3124.0,,12.8,31.1,0.0,9.1,,1016.5,Amanita muscaria flavivolvata,"Santa Fe National Forest, Santa Fe, NM, US",2,
4bb8c859-2f1f-408f-939b-cf5973008630,90111626,2021-08-04 11:25:00-06:00,2021-08-04,-106.2452280819,41.2087075143,2908.0,,,,,,,,Amanita muscaria flavivolvata,"Albany County, WY, USA",1,
7022f069-b68b-41b5-b2bd-76a20f792065,90110753,2021-08-05 11:36:46-06:00,2021-08-05,-105.4662805556,36.7701472222,3163.0,,9.4,29.4,0.0,8.8,,1022.4,Amanita muscaria flavivolvata,"Questa, NM 87556, USA",3,
30f730d0-88ca-4428-82cb-69d78a4b496a,90108478,2021-08-05 15:58:54-06:00,2021-08-05,-106.3106209722,41.338397,3220.0,,10.0,30.0,0.0,15.1,,1026.2,Amanita muscaria flavivolvata,"Centennial, WY 82055, USA",1,
af46bb79-74d4-457f-92fa-d2f81336f12a,90107091,2021-08-04 12:40:21-06:00,2021-08-04,-105.3744666667,36.5930333333,3204.0,,8.7,19.8,3.6,4.9,,1030.9,Amanita muscaria flavivolvata,"Carson National Forest, Taos, NM, US",2,
f64390ec-38a2-4494-b4cf-153f141912f0,90085501,2021-08-01 09:52:00-06:00,2021-08-01,-106.2480056944,39.5337941389,3464.0,,8.0,15.0,3.2,7.9,,1042.6,Amanita muscaria flavivolvata,"Summit County, CO, USA",2,
6f7bfb30-bdca-4f1c-9330-deaa61afb515,90085500,2021-08-01 09:45:00-06:00,2021-08-01,-106.2478458056,39.5357123333,3423.0,,8.0,15.0,3.2,7.9,,1042.6,Amanita muscaria flavivolvata,"Summit County, CO, USA",2,
2bb6686f-ece1-429e-942a-094b94588599,90079599,2021-07-21 14:19:56-06:00,2021-07-21,-106.4870060608,35.8321108393,2653.0,,15.5,28.2,3.8,9.7,,1027.2,Amanita muscaria flavivolvata,Valles Caldera National Preserve,2,
4d4ceb13-c5d0-4d3d-87f1-d6de0ff0e087,90072462,2021-08-05 08:32:25-06:00,2021-08-05,-105.6030883333,40.0690416667,3251.0,,5.8,26.0,0.0,4.3,,1031.2,Amanita muscaria flavivolvata,"Arapaho & Roosevelt National Forests Pawnee National Grassland, Ward, CO, US",1,
7fc8ed81-5a33-452d-bfa1-1cccdd0be00d,90072119,2021-08-05 11:30:46-06:00,2021-08-05,-105.6261533333,40.0676833333,3353.0,,5.8,26.0,0.0,4.3,,1031.2,Amanita muscaria flavivolvata,"Arapaho & Roosevelt National Forests Pawnee National Grassland, Ward, CO, US",2,
00e7f7da-562e-4694-823e-8d8c12dce2a4,90071933,2021-08-05 11:58:30-06:00,2021-08-05,-105.5890716667,40.0755055,3221.0,,5.8,26.0,0.0,4.3,,1031.2,Amanita muscaria flavivolvata,"Arapaho & Roosevelt National Forests Pawnee National Grassland, Ward, CO, US",1,
fc217bb4-3aa4-4515-b9fa-5f059cfb273f,90059433,2021-08-05 12:35:18-06:00,2021-08-05,-105.4419466667,36.6061216667,3135.0,,3.7,23.5,0.4,3.1,,1032.8,Amanita muscaria flavivolvata,"Carson National Forest, Taos, NM, US",2,
0bbbf749-b778-441f-b1e2-cab793da4eae,90057127,2021-08-05 13:27:44+00:00,2021-08-05,-106.5122369304,38.3170547374,3475.0,,6.0,17.0,0.1,16.6,,1038.9,Amanita muscaria flavivolvata,"Gunnison, CO 81230, USA",3,
d7ffa23c-714c-4e15-bc58-10b9df961085,90052838,2021-07-30 07:43:00-07:00,2021-07-30,-105.6458681486,40.4127695864,2682.0,,9.2,27.3,0.5,6.4,,1032.5,Amanita muscaria flavivolvata,"Larimer County, CO, USA",2,
d51b8913-c918-45ef-9b85-e7979cfefdcc,90052788,2021-07-30 07:01:00-07:00,2021-07-30,-105.6458681486,40.4127695864,2682.0,,9.2,27.3,0.5,6.4,,1032.5,Amanita muscaria flavivolvata,"Larimer County, CO, USA",1,
f3feb87b-6aca-4fc2-8a69-ec36a07b65d1,90031906,2021-08-05 08:50:23-06:00,2021-08-05,-105.9441966667,39.6046633333,2847.0,,8.0,18.0,0.1,10.0,,1040.9,Amanita muscaria flavivolvata,"Keystone Resort, Dillon, CO, US",1,
a3571cc7-9d17-48e6-ab2f-9cc5b9d70b26,89999436,2021-08-04 08:25:39-06:00,2021-08-04,-105.6153662503,39.6455590013,3234.0,,,,,,,,Amanita muscaria flavivolvata,"Idaho Springs Reservoir, Colorado",1,
29c004ae-cafa-43e9-acb0-1814787d94da,89995343,2021-08-04 22:36:26-06:00,2021-08-04,-106.357158,39.6337775,2754.0,,7.0,16.0,0.3,10.6,,1039.9,Amanita muscaria flavivolvata,"White River National Forest, Basalt, CO, US",1,
dd9ae0b9-1bd2-4255-a43a-0b5f34d18e25,89984604,2021-08-03 18:28:17-06:00,2021-08-03,-105.4529793357,36.5966272684,2856.0,,8.0,21.5,19.2,7.5,,1030.5,Amanita muscaria flavivolvata,"Carson National Forest, Taos Ski Valley, NM, US",1,
bacedb9e-9668-4570-ac6d-c76edbf3da54,89983286,2021-07-30 17:12:00-06:00,2021-07-30,-106.0544583333,39.4262611111,3369.0,,7.8,23.3,,8.6,,1017.4,Amanita muscaria flavivolvata,"Summit County, CO, USA",2,
ed1159ea-e2ba-455c-a536-b153fa5217e5,89983283,2021-07-30 17:08:00-06:00,2021-07-30,-106.0701,39.4606638889,3308.0,,7.8,23.3,,8.6,,1017.4,Amanita muscaria flavivolvata,"Summit County, CO, USA",2,
5f937f04-580c-4be1-9a29-d2e8134fbb8e,89980753,2021-08-03 11:52:14-06:00,2021-08-03,-105.1395681,37.3169729,3183.0,,,,,,,,Amanita muscaria flavivolvata,"La Veta, CO 81055, USA",2,
f3ebe36a-05df-450c-a42e-57dddd151605,89969661,2021-08-04 10:10:06-06:00,2021-08-04,-106.1114195,39.5644116667,3226.0,,7.0,16.0,0.3,10.6,,1039.9,Amanita muscaria flavivolvata,"White River National Forest, Breckenridge, CO, US",2,
f28b812a-1e51-46e9-9695-e91f0ee2c855,89969514,2021-08-04 09:18:00-06:00,2021-08-04,-106.1092916667,39.565255,3127.0,,7.0,16.0,0.3,10.6,,1039.9,Amanita muscaria flavivolvata,"White River National Forest, Breckenridge, CO, US",1,
81ef39cd-1e53-439e-bd97-88e5f685f57b,89969484,2021-08-04 09:54:02-06:00,2021-08-04,-106.1116416667,39.5656616667,3181.0,,7.0,16.0,0.3,10.6,,1039.9,Amanita muscaria flavivolvata,"White River National Forest, Breckenridge, CO, US",1,
33e0a42c-8e47-477b-8591-7bdfa096299e,89968771,2021-07-29 11:19:00-07:00,2021-07-29,-105.6561262925,40.3931732372,2900.0,,10.2,28.2,0.0,6.0,,1031.3,Amanita muscaria flavivolvata,"Larimer County, CO, USA",1,
ae9084e7-9e37-44fc-9cbd-bce1288ebc5a,89968611,2021-08-04 13:21:53-06:00,2021-08-04,-106.1095721667,39.5642283333,3150.0,,7.0,16.0,0.3,10.6,,1039.9,Amanita muscaria flavivolvata,"White River National Forest, Breckenridge, CO, US",1,
a7143458-31df-433f-9f05-2877b3fca3d1,89967285,2021-08-04 10:31:03-06:00,2021-08-04,-106.1125805,39.56248,3362.0,,7.0,16.0,0.3,10.6,,1039.9,Amanita muscaria flavivolvata,"White River National Forest, Breckenridge, CO, US",1,
8e4139e3-723f-4b7e-ac54-31d5b373827c,89965598,2021-08-04 08:32:13-06:00,2021-08-04,-106.1063166667,39.5735866667,2782.0,,7.0,16.0,0.3,10.6,,1039.9,Amanita muscaria flavivolvata,"White River National Forest, Breckenridge, CO, US",1,
6c90c9e1-5247-49ea-8fc8-ac16499102a7,89965370,2021-08-04 09:17:20-06:00,2021-08-04,-106.1093138333,39.5651783333,3127.0,,7.0,16.0,0.3,10.6,,1039.9,Amanita muscaria flavivolvata,"White River National Forest, Breckenridge, CO, US",1,
76f085e6-a0d7-49b3-9a4e-c68286b46b26,89961249,2021-08-04 11:00:08-06:00,2021-08-04,-106.256745,39.2358466667,3251.0,,3.9,17.8,0.0,13.9,,1019.3,Amanita muscaria flavivolvata,"County Road 2A, Leadville, CO, US",1,
a98c66f3-c381-4d21-ae6f-18fafe907a29,89960595,2021-08-04 11:16:44-06:00,2021-08-04,-105.0662388333,38.8925383333,3169.0,,14.7,24.8,,12.5,,1017.8,Amanita muscaria flavivolvata,"Pike and San Isabel National Forests, Woodland Park, CO, US",2,
854d4b53-6357-4331-be4e-53994fd1124f,89957019,2021-07-23 15:55:57-06:00,2021-07-23,-105.4708466667,36.7653083333,3080.0,,10.0,25.6,,10.4,,1019.9,Amanita muscaria flavivolvata,"Carson National Forest, Taos, NM, US",2,
91416fb9-db7e-4699-96a4-c6c7cc1baa67,89954820,2021-08-04 14:59:13-06:00,2021-08-04,-106.0369716681,39.4664198984,2994.0,,3.9,17.8,0.0,13.9,,1019.3,Amanita muscaria flavivolvata,"White River National Forest, Breckenridge, CO, US",1,
84805d08-8fad-469b-95e3-1ba29a275e4d,89951088,2021-08-02 17:29:00-06:00,2021-08-02,-106.3432263648,37.3208135213,3095.0,,5.0,13.0,8.2,9.2,,1042.9,Amanita muscaria flavivolvata,"Colorado, US",4,
af532f52-1c02-4240-87e3-6736680d2e62,89951008,2021-07-31 10:28:00-06:00,2021-07-31,-105.4794335442,36.578461356,3351.0,,8.9,26.7,,10.9,,1024.5,Amanita muscaria flavivolvata,"New Mexico, US",2,
450d213c-4507-41f6-a028-47652e817a98,89951005,2021-07-31 10:28:00-06:00,2021-07-31,-105.4914776949,36.4333226878,2574.0,,8.9,26.7,,10.9,,1024.5,Amanita muscaria flavivolvata,"New Mexico, US",3,
b765f546-2a6c-459d-9544-20e4120d1648,89950999,2021-07-31 10:25:00-06:00,2021-07-31,-105.5049908694,36.5053248848,2984.0,,8.9,26.7,,10.9,,1024.5,Amanita muscaria flavivolvata,"New Mexico, US",2,
4b4d6a1e-704f-4efc-a714-5da162d794ce,89931045,2021-07-29 14:45:52-07:00,2021-07-29,-105.5373383333,36.518275,2503.0,,12.8,30.6,0.0,11.6,,1020.5,Amanita muscaria flavivolvata,"El Salto Rd, Taos, NM, US",3,
f2b02003-ca27-4c84-a31e-991fd7053894,89911048,2021-08-02 13:44:09-06:00,2021-08-02,-104.9122060743,38.7857773158,2312.0,,12.0,27.6,0.8,9.6,,1021.8,Amanita muscaria flavivolvata,"Colorado, US",2,
aaeb3297-b549-4552-9bbb-e5b7d8638abc,89902962,2021-07-27 12:12:47+00:00,2021-07-27,-105.5853138889,36.1601416667,2494.0,,9.4,26.1,0.0,9.7,,1022.4,Amanita muscaria flavivolvata,"Taos County, US-NM, US",2,
9538b533-04f7-4201-9a94-d27936d159e9,89899940,2021-07-27 11:26:56-05:00,2021-07-27,-105.5808416667,36.1550666667,2571.0,,9.4,26.1,0.0,9.7,,1022.4,Amanita muscaria flavivolvata,"Vadito, NM 87579, USA",2,
03f4b270-4d87-40c1-b0e4-83ad86c6cc44,89887737,2021-07-25 08:29:12+02:00,2021-07-25,-105.8482087075,35.7859601199,2618.0,,13.9,27.8,,14.3,,1016.0,Amanita muscaria flavivolvata,"Santa Fe National Forest, Santa Fe, NM, US",2,
c6c919dd-68df-4e1a-9ee2-c20b7387890f,89868432,2021-07-18 10:02:29-06:00,2021-07-18,-110.1340638333,40.8410116667,3280.0,,,,,,,,Amanita muscaria flavivolvata,"Uinta-Wasatch-Cache National Forest, Coalville, UT, US",1,
0a5d1df0-8313-4969-b4ee-177245c273d7,89867348,2021-07-09 13:24:46-06:00,2021-07-09,-105.760825,35.81392,3336.0,,16.1,35.6,,9.9,,1013.8,Amanita muscaria flavivolvata,"Santa Fe National Forest, Santa Fe, NM, US",1,
2b9bdfb7-e926-4e10-8b86-9cd4fa736887,89862302,2021-08-03 13:28:42-06:00,2021-08-03,-105.8564833333,39.70648,3286.0,,7.0,12.0,10.9,10.1,,1039.0,Amanita muscaria flavivolvata,"Arapaho & Roosevelt National Forests Pawnee National Grassland, Idaho Springs, CO, US",1,
de22ff2e-bf01-4f06-ad31-e34af3859f26,89860514,2021-08-03 20:10:36-06:00,2021-08-03,-106.0502564769,39.3939972772,3171.0,,7.8,15.6,,8.4,,1019.6,Amanita muscaria flavivolvata,"White River National Forest, Breckenridge, CO, US",2,
3ba01efb-99ae-4dd1-ad6e-fac2a05c16b4,89851093,2021-08-03 12:15:52-06:00,2021-08-03,-106.846245,36.0391305025,2877.0,,,,,,,,Amanita muscaria flavivolvata,"Santa Fe National Forest, Gallina, NM, US",2,
822e4d27-bd91-4c05-8a82-a95f547364ac,89840603,2021-07-31 11:00:47-06:00,2021-07-31,-105.5399083333,40.059075,3152.0,,16.0,23.0,18.6,7.8,,1028.7,Amanita muscaria flavivolvata,"Arapaho & Roosevelt National Forests Pawnee National Grassland, Ward, CO, US",2,
43ca5dc1-35a6-46e5-8bb2-545cfd85837b,89816713,2021-08-03 09:32:14-06:00,2021-08-03,-107.1064083333,38.8826616667,3178.0,,11.7,21.1,,6.7,,1022.2,Amanita muscaria flavivolvata,"Grand Mesa National Forest, Somerset, CO, US",1,
cfd4ede9-de2d-44c9-bb10-aece4b6926bf,89811130,2021-08-03 12:25:35-06:00,2021-08-03,-108.104013925,39.1437796921,2086.0,,17.2,33.3,0.0,11.2,,1014.6,Amanita muscaria flavivolvata,"Whitewater, CO, US",1,
193121a4-4ed0-4a99-8e0b-0ae86d6db8b9,89810490,2021-08-03 10:42:49-06:00,2021-08-03,-105.6487116667,39.8318166667,3373.0,,10.8,15.6,12.9,3.8,,1031.2,Amanita muscaria flavivolvata,"Arapaho & Roosevelt National Forests Pawnee National Grassland, Idaho Springs, CO, US",1,
236dac53-9015-465a-b786-3472221adb46,89810422,2021-08-03 10:43:04-06:00,2021-08-03,-105.6485133333,39.8315616667,3373.0,,10.8,15.6,12.9,3.8,,1031.2,Amanita muscaria flavivolvata,"Arapaho & Roosevelt National Forests Pawnee National Grassland, Idaho Springs, CO, US",1,
e8ab846f-e438-4398-8ce8-298acec63195,89778649,2021-08-01 09:40:25-06:00,2021-08-01,-106.0644445,39.48238,3018.0,,8.9,15.0,,12.5,,1023.2,Amanita muscaria flavivolvata,"White River National Forest, Breckenridge, CO, US",1,
ab9ef81b-8758-485f-8813-6859a538ad52,89746285,2021-08-01 12:21:07-06:00,2021-08-01,-105.615005,39.921455,3037.0,,8.8,23.3,0.0,5.4,,1034.2,Amanita muscaria flavivolvata,"Arapaho & Roosevelt National Forests Pawnee National Grassland, Black Hawk, CO, US",2,
b0e8d815-d719-4051-b031-3b10e3545dfb,89738539,2021-08-02 17:29:53+00:00,2021-08-02,-107.93914725,37.79288844,3084.0,,12.0,21.0,10.0,5.5,,1035.8,Amanita muscaria flavivolvata,"Dolores County, US-CO, US",3,
0ffefaed-f44d-433b-ad87-2b791b806401,89728760,2021-07-26 07:49:00-07:00,2021-07-26,-105.5691214876,40.2060548541,2609.0,,5.6,28.7,0.1,7.4,,1028.6,Amanita muscaria flavivolvata,"Boulder County, CO, USA",1,
2aab41cc-6046-41d4-9b6f-254f918f87a9,89728727,2021-07-26 07:27:00-07:00,2021-07-26,-105.5691214876,40.2060548541,2609.0,,5.6,28.7,0.1,7.4,,1028.6,Amanita muscaria flavivolvata,"Boulder County, CO, USA",1,
32ce4dab-1214-4d01-bfcc-2798683318d3,89728644,2021-07-26 07:21:00-07:00,2021-07-26,-105.5691214876,40.2060548541,2609.0,,5.6,28.7,0.1,7.4,,1028.6,Amanita muscaria flavivolvata,"Boulder County, CO, USA",1,
6cb6ef7f-5b24-4488-847f-b5777b145c3a,89728638,2021-07-26 07:21:00-07:00,2021-07-26,-105.5691214876,40.2060548541,2609.0,,5.6,28.7,0.1,7.4,,1028.6,Amanita muscaria flavivolvata,"Boulder County, CO, USA",1,
c123249c-c304-4c9b-a5e3-da24d69a6d03,89725683,2021-08-02 10:46:31-10:00,2021-08-02,-105.47052583,36.76644328,3083.0,,13.9,24.4,,10.5,,1025.0,Amanita muscaria flavivolvata,"Taos County, US-NM, US",1,
256d4510-4706-4e08-a8b4-ab948d41b48f,89724957,2021-08-02 14:10:13-06:00,2021-08-02,-105.82225,40.4108716667,3242.0,,7.2,26.1,1.9,5.9,,1032.7,Amanita muscaria flavivolvata,"Rocky Mountain National Park, Granby, CO, US",3,
9b33463e-b270-4d18-abbb-03b477efd6e2,89698619,2021-08-02 12:10:25-06:00,2021-08-02,-107.8816726683,37.2746472422,1993.0,,14.4,27.8,,11.6,,1020.6,Amanita muscaria flavivolvata,"Town Plaza, Durango, CO, US",4,
9ed3bf24-5b5d-4990-9d93-2fee6ff6c82b,89687871,2021-08-01 13:49:11+00:00,2021-08-01,-107.0487055,38.9725,3309.0,,11.1,24.4,,6.2,,1020.9,Amanita muscaria flavivolvata,"Grand Mesa National Forest, Crested Butte, CO, US",1,
60f216f4-03e0-4cb9-802c-0d678c263cc0,89681912,2021-07-28 08:51:01-06:00,2021-07-28,-105.6129287928,40.5637162383,2939.0,,,,,,,,Amanita muscaria flavivolvata,"Bellvue, CO 80512, USA",1,
0fb022f3-3a71-4328-af5a-32127c4f7ead,89676753,2021-07-28 09:13:12-06:00,2021-07-28,-105.6415633857,40.5497463224,3097.0,,,,,,,,Amanita muscaria flavivolvata,Emmaline Lake,1,
e0c6a1cb-8142-42ea-85d0-803d0ba40e48,89676552,2021-07-28 09:13:15-06:00,2021-07-28,-105.6432045624,40.5462002684,3091.0,,,,,,,,Amanita muscaria flavivolvata,"Bellvue, CO 80512, USA",1,
8431ad46-4501-4864-9878-b7157bb93fc9,89657422,2021-07-26 09:23:00-07:00,2021-07-26,-105.5701880318,40.2057716393,2609.0,,5.6,28.7,0.1,7.4,,1028.6,Amanita muscaria flavivolvata,"Boulder County, CO, USA",1,
c1a2ca2c-b4e7-4f7c-ae1f-4219b727643e,89657283,2021-07-26 08:02:00-07:00,2021-07-26,-105.5701880318,40.2057716393,2609.0,,5.6,28.7,0.1,7.4,,1028.6,Amanita muscaria flavivolvata,"Boulder County, CO, USA",1,
f2eea324-5075-4f80-a33c-20146f80ef7e,89629345,2021-07-27 09:48:20-06:00,2021-07-27,-105.3997739611,40.4657256939,2472.0,,16.1,36.7,0.0,11.4,,1014.1,Amanita muscaria flavivolvata,"Arapaho & Roosevelt National Forests Pawnee National Grassland, Drake, CO, US",1,
0d351cb5-96e6-41cf-b208-d26ef9bdb9c4,89604075,2021-08-01 16:47:52-06:00,2021-08-01,-105.6603616667,39.9289666667,3321.0,,8.8,23.3,0.0,5.4,,1034.2,Amanita muscaria flavivolvata,"Arapaho & Roosevelt National Forests Pawnee National Grassland, Black Hawk, CO, US",1,
5642b291-96b7-4bb2-97e9-c17540396857,89600467,2021-07-30 19:54:25-06:00,2021-07-30,-107.9837633333,39.0405055,3140.0,,18.4,33.6,0.7,5.9,,1024.7,Amanita muscaria flavivolvata,"Grand Mesa National Forest, Cedaredge, CO, US",3,
a0dc491e-b027-4bae-8f71-f054ac27c167,89592286,2021-07-31 12:57:01-06:00,2021-07-31,-106.804410629,36.1060331283,3192.0,,,,,,,,Amanita muscaria flavivolvata,"Coyote, NM 87012, USA",1,
006f675d-cb57-4283-a5d1-71c00713957e,89585845,2021-08-01 10:03:08-06:00,2021-08-01,-105.59372,39.6417383333,3518.0,,,,,,,,Amanita muscaria flavivolvata,"Arapaho & Roosevelt National Forests Pawnee National Grassland, Evergreen, CO, US",1,
b6137308-9d2a-4f3a-b780-2dc0978f5dd8,89584483,2021-08-01 13:21:19-06:00,2021-08-01,-105.6768711212,39.8332350388,3408.0,,8.8,23.3,0.0,5.4,,1034.2,Amanita muscaria flavivolvata,"Arapaho & Roosevelt National Forests Pawnee National Grassland, Idaho Springs, CO, US",2,
05205186-eccb-49da-a2f7-fd0aa681a64a,89577843,2021-07-22 06:24:27-05:00,2021-07-22,-105.4427333333,36.6007166667,3031.0,,8.2,25.0,15.5,3.7,,1030.9,Amanita muscaria flavivolvata,"Carson National Forest, Taos, NM, US",2,
e83d0b86-1916-497d-9628-594b62943b7c,89572891,2021-08-01 14:48:45-06:00,2021-08-01,-106.4113399197,37.1455967181,2656.0,,5.0,10.0,7.3,3.1,,1043.7,Amanita muscaria flavivolvata,United States,2,
949c8ff7-0ee5-44f6-89f9-6527a849e41b,89568937,2021-08-01 10:20:16-06:00,2021-08-01,-106.1651695,39.7010216667,2967.0,,8.0,15.0,3.2,7.9,,1042.6,Amanita muscaria flavivolvata,"White River National Forest, Silverthorne, CO, US",1,
5452b83c-3915-4ad1-b439-7a9e8ea79c5f,89561579,2021-08-01 10:58:21-06:00,2021-08-01,-107.9538333333,39.0465971667,3214.0,,19.0,31.6,1.7,6.3,,1026.4,Amanita muscaria flavivolvata,"Grand Mesa National Forest, Cedaredge, CO, US",3,
acc3c52d-7ad4-44f2-a3b4-92ea14455bff,89548963,2021-07-25 10:09:00-06:00,2021-07-25,-106.5452183333,37.3786183333,3360.0,,5.0,15.0,6.0,9.0,,1040.8,Amanita muscaria flavivolvata,"Conejos County, CO, USA",2,
b6d8fb1f-9470-45af-a973-6776097eda21,89536061,2021-08-01 10:32:51-06:00,2021-08-01,-107.8388838934,37.9959361132,3861.0,,12.0,20.0,4.5,6.0,,1035.8,Amanita muscaria flavivolvata,"Grand Mesa National Forest, Ridgway, CO, US",2,
bce97c42-4ec3-45af-9482-b44d92332dfd,89534030,2021-07-27 10:59:38+00:00,2021-07-27,-105.8494720459,40.4040603638,2768.0,,5.6,29.3,0.0,6.0,,1030.4,Amanita muscaria flavivolvata,Granby,1,
63c34499-85e8-4fe7-ba40-107114add021,89529492,2021-08-01 11:01:17-06:00,2021-08-01,-105.834525,35.722345,2619.0,,15.6,26.1,,11.6,,1020.2,Amanita muscaria flavivolvata,"Santa Fe National Forest, Santa Fe, NM, US",1,
efe5b9d3-d3be-443f-bc43-b3fc8beb5889,89518214,2021-08-01 11:32:29-06:00,2021-08-01,-105.8391648283,35.7399834364,2722.0,,15.6,26.1,,11.6,,1020.2,Amanita muscaria flavivolvata,"Hyde Memorial State Park, Santa Fe, NM, US",2,
45a8c863-8d58-4421-bae4-6d4e4da3d1a1,89491717,2021-08-01 09:01:48-06:00,2021-08-01,-106.0069361167,39.4860283333,3076.0,,8.0,15.0,3.2,7.9,,1042.6,Amanita muscaria flavivolvata,"White River National Forest, Breckenridge, CO, US",1,
fe264020-f486-4606-8976-a72bf106b26c,89491608,2021-08-01 08:50:22-06:00,2021-08-01,-106.0075454452,39.4879530898,3160.0,,8.0,15.0,3.2,7.9,,1042.6,Amanita muscaria flavivolvata,"White River National Forest, Breckenridge, CO, US",1,
360ce067-343d-4cdd-8e6f-01db6e32c324,89478709,2021-07-31 13:41:40-06:00,2021-07-31,-105.7338254,39.6048331,3483.0,,8.0,18.0,20.4,6.7,,1042.8,Amanita muscaria flavivolvata,"Keystone, CO 80435, USA",1,
0e4a5692-e226-43d2-9b43-784f7f8224b8,89469455,2021-07-29 10:36:03-04:00,2021-07-29,-105.445755,36.570655,3369.0,,7.9,24.0,0.0,6.8,,1032.3,Amanita muscaria flavivolvata,"High Noon Ski Area, Taos, NM, US",2,
06da9a74-8992-49ed-bbf1-be708b70d5ff,89466675,2021-07-31 10:47:24-06:00,2021-07-31,-105.5643533333,39.6107416667,2926.0,,,,,,,,Amanita muscaria flavivolvata,"Arapaho & Roosevelt National Forests Pawnee National Grassland, Evergreen, CO, US",1,
e80dd9ed-bfa9-4dbe-9935-25d8c8f81df6,89420067,2021-07-05 13:56:00-06:00,2021-07-05,-106.9518820703,37.4806961864,3172.0,,7.0,16.0,6.9,9.9,,1039.6,Amanita muscaria flavivolvata,"San Juan National Forest, Creede, CO, US",2,
c04e1661-aa9e-4bf4-bcb7-5d4c3ab37f8c,89392905,2021-07-31 10:40:38-06:00,2021-07-31,-105.5705883333,40.2852783333,2985.0,,11.7,21.5,0.6,2.3,,1034.5,Amanita muscaria flavivolvata,"Rocky Mountain National Park, Estes Park, CO, US",1,
a3be1ab6-80cf-4275-95a5-9b7af10f5a79,89387148,2021-07-31,2021-07-31,-105.4382871464,36.5741113127,3146.0,,5.1,19.3,12.9,3.6,,1034.4,Amanita muscaria flavivolvata,Williams Lake Trail,2,
27bbfe43-19bc-45f8-8582-0d0a8cef7c0a,89377311,2021-07-22 12:51:59-04:00,2021-07-22,-107.5758666667,37.771,3519.0,,15.0,24.0,7.8,6.9,,1033.1,Amanita muscaria flavivolvata,"San Juan National Forest, CO, US",2,
54e592d9-0d92-4c6c-b355-f92196175e37,89371712,2021-07-31 13:46:12-06:00,2021-07-31,-105.1052160723,40.5357759852,1563.0,,17.8,25.0,,9.1,,1022.4,Amanita muscaria flavivolvata,"Painted Desert Ct, Fort Collins, CO, US",2,
48981bff-48a9-48f2-8027-1e2607d8eff5,89356573,2021-07-31 09:11:51-06:00,2021-07-31,-105.5605,39.510205,2828.0,,,,,,,,Amanita muscaria flavivolvata,"Pike and San Isabel National Forests, Bailey, CO, US",2,
51575bb7-a106-42e1-816e-e788ea1022a1,89356379,2021-07-31 10:12:22-06:00,2021-07-31,-105.5703283333,39.5111833333,2858.0,,,,,,,,Amanita muscaria flavivolvata,"Pike and San Isabel National Forests, Bailey, CO, US",2,
7eb07af1-106e-42e2-9caf-44e04922a24f,89356352,2021-07-31 10:13:19-06:00,2021-07-31,-105.570305,39.51118,2858.0,,,,,,,,Amanita muscaria flavivolvata,"Pike and San Isabel National Forests, Bailey, CO, US",2,
081f0d3a-3742-4324-b3aa-33a31740f2bb,89340528,2021-07-24,2021-07-24,-106.0640180111,40.0729311475,2606.0,,11.0,25.3,0.7,7.8,,1030.5,Amanita muscaria flavivolvata,Grand County,2,
50923d67-f260-416a-8397-f0d11f0a43c0,89275196,2021-07-30 15:43:29-06:00,2021-07-30,-107.7352133333,37.7255966667,3102.0,,12.0,23.0,11.4,7.1,,1035.0,Amanita muscaria flavivolvata,"San Juan National Forest, CO, US",2,
c6654430-8e89-4e93-a4d7-e7317a78fa61,89267021,2021-07-30 17:39:26-06:00,2021-07-30,-105.8234767161,35.7805225108,2828.0,,15.6,30.6,,11.7,,1016.5,Amanita muscaria flavivolvata,"Santa Fe National Forest, Santa Fe, NM, US",3,
38721427-b936-4637-bd3a-1d6ed452ec78,89263558,2021-07-27 12:26:02-06:00,2021-07-27,-107.1288157508,38.9956639561,3779.0,,11.1,31.1,0.0,9.8,,1014.1,Amanita muscaria flavivolvata,"White River National Forest, Carbondale, CO, US",2,
27e9614e-af0c-43d8-80f7-e05045c004f9,89250246,2021-07-30 00:37:00-04:00,2021-07-30,-106.0590754491,39.4731251989,3036.0,,7.8,23.3,,8.6,,1017.4,Amanita muscaria flavivolvata,"Breckenridge, CO 80424, USA",2,
1ffabc35-26fb-41c8-bbf8-eceb1f5d2ecf,89246239,2021-07-30 11:28:56-06:00,2021-07-30,-107.8321304321,37.8545036316,2953.0,,12.0,23.0,11.4,7.1,,1035.0,Amanita muscaria flavivolvata,Ophir,1,
343a6078-3d0b-4c17-bb18-69a01e52ddb1,89237317,2021-07-15 10:06:14-05:00,2021-07-15,-105.4416169598,40.1245925195,2561.0,,13.0,28.0,0.1,2.8,,1020.2,Amanita muscaria flavivolvata,"Arapaho & Roosevelt National Forests Pawnee National Grassland, Ward, CO, US",1,
51cc1be5-5161-4e96-a55f-10a4f57753a6,89204562,2021-07-26 10:03:07+00:00,2021-07-26,-105.0055667594,38.7659887573,3423.0,,13.7,30.2,0.0,8.7,,1016.5,Amanita muscaria flavivolvata,"Teller County, US-CO, US",2,
2aaeb455-11ba-4cd9-bc93-69ba40b76bac,89190224,2021-07-29 10:55:30-06:00,2021-07-29,-107.98237,39.0570721667,3322.0,,19.5,36.6,1.3,5.8,,1022.4,Amanita muscaria flavivolvata,"Grand Mesa National Forest, Cedaredge, CO, US",1,
d47e3738-8d97-422e-9b54-89687cce3eac,89146225,2021-07-27 11:47:00-04:00,2021-07-27,-105.6836389,40.3427932,2940.0,,5.6,29.3,0.0,6.0,,1030.4,Amanita muscaria flavivolvata,"Rocky Mountain National Park. Colorado, USA",1,
555abe7d-316f-405f-93ae-68d21c05de88,89142272,2021-07-29 19:46:02-06:00,2021-07-29,-105.7933463599,39.9477037417,2714.0,,10.2,28.2,0.0,6.0,,1031.3,Amanita muscaria flavivolvata,"Little Pierre Ave, Fraser, CO, US",1,
0365d3f3-e6e8-4ce4-964c-fd5e23c82289,89140046,2021-07-29 14:30:57-06:00,2021-07-29,-104.933105,38.8657133333,2084.0,,15.4,30.9,0.0,16.8,,1015.3,Amanita muscaria flavivolvata,"Manitou Springs, CO, US",2,
185519d0-f24f-4ccb-ac88-e7930c7e8c28,89139700,2021-07-28 13:46:49-06:00,2021-07-28,-106.44642,39.28505,3068.0,,8.3,24.4,0.0,10.7,,1015.9,Amanita muscaria flavivolvata,"Pike and San Isabel National Forests, Leadville, CO, US",2,
879f43c6-6d0a-46ab-912f-49ebd1947028,89127573,2021-07-28 16:43:58-06:00,2021-07-28,-106.0809255504,39.533569305,3063.0,,12.0,23.0,0.1,16.5,,1042.1,Amanita muscaria flavivolvata,"White River National Forest, Breckenridge, CO, US",1,
154627b2-e226-4eef-ab19-7ec0a0670d6c,89126416,2021-07-29 10:43:36-06:00,2021-07-29,-106.5365533333,35.8207633333,2584.0,,16.6,27.7,0.2,14.3,,1028.7,Amanita muscaria flavivolvata,"Santa Fe National Forest, Jemez Springs, NM, US",1,
435b400c-baff-49f4-bb51-c1b5159664ed,89113972,2021-07-28 13:49:13-06:00,2021-07-28,-107.6696916667,37.9362633333,2994.0,,12.0,23.0,3.0,5.6,,1034.6,Amanita muscaria flavivolvata,"Grand Mesa National Forest, Ridgway, CO, US",1,
90da75b8-4966-4bdd-ab5e-24f338fb3485,89084192,2021-07-27 11:30:51-06:00,2021-07-27,-105.5757,39.5302,3131.0,,,,,,,,Amanita muscaria flavivolvata,"Pike and San Isabel National Forests, Bailey, CO, US",1,
d141dacb-3b74-4bd1-aee8-8c8d1a0b4f31,89069190,2021-07-27 09:06:15-06:00,2021-07-27,-107.7081175252,37.7407359425,3335.0,,10.0,22.0,9.7,7.0,,1033.8,Amanita muscaria flavivolvata,"San Juan National Forest, CO, US",2,
3e12b358-18b4-4937-a03b-675a3817b432,89068852,2021-07-27 09:25:49-06:00,2021-07-27,-107.6937866667,37.7402716667,3270.0,,10.0,22.0,9.7,7.0,,1033.8,Amanita muscaria flavivolvata,"San Juan National Forest, CO, US",2,
1df392e6-7fb8-43a4-a9cc-86d5fa9a518a,89042956,2021-07-23 12:37:18-06:00,2021-07-23,-106.271125,38.4966716667,3120.0,,6.0,17.2,1.7,15.7,,1036.0,Amanita muscaria flavivolvata,"Pike and San Isabel National Forests, Salida, CO, US",4,
f40e12d8-af31-4acf-9df0-33800275dad1,89004410,2021-07-27 11:23:16-06:00,2021-07-27,-107.1535945,40.0074416667,3254.0,,13.3,33.3,0.0,9.2,,1017.5,Amanita muscaria flavivolvata,"Medicine Bow-Routt National Forest & Thunder Basin National Grassland, Gypsum, CO, US",2,
38028772-b66a-453c-b0d0-e8d974ad5bea,88999096,2021-07-25 11:08:33-06:00,2021-07-25,-107.284455,39.1527221667,3147.0,,12.8,27.2,,9.4,,1015.2,Amanita muscaria flavivolvata,"White River National Forest, Carbondale, CO, US",1,
63e9aa88-3ff1-47bb-b99e-9f80d52d071c,88989900,2021-07-28 11:17:18-06:00,2021-07-28,-105.3013194444,36.3897555556,2640.0,,6.9,24.7,1.4,4.7,,1032.0,Amanita muscaria flavivolvata,"Angel Fire, NM, USA",2,
091c61b8-01a1-42b8-ae7e-f5a8ab3a2299,88974308,2021-07-19 14:25:47-05:00,2021-07-19,-105.8516333333,40.4078972222,2761.0,,6.1,29.5,0.0,7.0,,1034.0,Amanita muscaria flavivolvata,"Grand Lake, CO 80447, USA",1,
d7d5dc0c-f90f-4a34-a869-1d4b8e41401c,88964747,2021-07-21 12:58:44-04:00,2021-07-21,-106.3330251352,38.8398665283,3569.0,,10.1,27.8,1.7,5.4,,1029.1,Amanita muscaria flavivolvata,"Chaffee County, US-CO, US",2,
7920a86d-c984-4e35-beb5-06f20488315d,88963940,2021-07-27 11:04:18-06:00,2021-07-27,-106.475425,39.420595,3430.0,,5.0,23.3,0.0,9.1,,1016.4,Amanita muscaria flavivolvata,"White River National Forest, Basalt, CO, US",2,
d90623c6-6029-440d-a863-b28eff18e037,88943992,2021-07-28 08:15:06-06:00,2021-07-28,-105.56579973,40.39590386,2430.0,,16.8,38.6,0.0,5.0,,1020.9,Amanita muscaria flavivolvata,"Estes Park, CO 80517, USA",3,
012571fa-260b-419a-9c4a-7e99c28380b6,88908489,2019-07-28 20:27:03-04:00,2019-07-28,-106.3563232422,39.262676239,3014.0,,6.7,18.9,0.0,11.2,,1017.7,Amanita muscaria flavivolvata,Leadville,2,
e25d86ba-e0ad-49f1-80d8-766505b739dc,88902487,2021-07-27 16:38:55+00:00,2021-07-27,-104.9691359326,38.7669740032,3168.0,,14.6,30.7,0.0,8.5,,1019.3,Amanita muscaria flavivolvata,"Location: 38.766974, -104.969136",2,
ebc2b443-8097-42c1-925a-fec5f704a62f,88892395,2021-07-27 11:23:08-06:00,2021-07-27,-105.3659666667,39.8642666667,2500.0,,18.0,34.0,0.0,8.1,,1021.3,Amanita muscaria flavivolvata,"Golden Gate Canyon State Park, Golden, CO, US",1,
17fea867-8228-4345-9b33-7b9d9a7b48a2,88876381,2021-07-27 11:33:39-06:00,2021-07-27,-105.370675,39.8632133333,2554.0,,18.0,34.0,0.0,8.1,,1021.3,Amanita muscaria flavivolvata,"Golden Gate Canyon State Park, Golden, CO, US",1,
3a97e1d3-541d-4738-8e8a-560df60cfb35,88874241,2021-07-21 11:04:59-05:00,2021-07-21,-105.72245,40.1042694444,2579.0,,11.4,26.4,0.8,8.2,,1029.9,Amanita muscaria flavivolvata,"Granby, CO 80446, USA",1,
2d4af1b9-89e6-44ea-88e0-198d770f3466,88849488,2021-07-27 12:30:35-06:00,2021-07-27,-106.3716716667,39.6060533333,3324.0,,12.0,23.0,0.0,10.4,,1041.1,Amanita muscaria flavivolvata,"White River National Forest, Basalt, CO, US",1,
70cc12d8-fb0e-427b-b1a1-945a817e02ed,88824024,2021-07-25 07:46:53-06:00,2021-07-25,-105.8083244,40.4143619,3500.0,,7.9,27.2,0.5,7.8,,1029.8,Amanita muscaria flavivolvata,"Grand Lake, CO 80447, USA",1,
d30cde74-4259-4d92-bb70-0682dd55406c,88810773,2021-07-25 11:11:00-06:00,2021-07-25,-106.2747879028,38.7964630127,3311.0,,9.6,24.4,1.3,4.8,,1030.1,Amanita muscaria flavivolvata,Nathrop,3,
23429274-f8b9-4090-b689-f8fa578d9f7a,88785559,2021-07-26 11:40:52-06:00,2021-07-26,-105.6578987586,40.4132441485,2633.0,,5.6,28.7,0.1,7.4,,1028.6,Amanita muscaria flavivolvata,"Rocky Mountain, Rocky Mountain National Park, Rocky Mountain National Park, Larimer County, US-CO, US",1,
54b09aa3-af70-407d-b017-0cd4b19b638a,88773776,2021-07-26 15:25:58-06:00,2021-07-26,-106.63701817,40.3854203,2915.0,,10.5,32.3,0.0,6.6,,1023.6,Amanita muscaria flavivolvata,"Grand County, US-CO, US",2,
4640a740-bfa7-4245-9e1f-f132ca98bfea,88771986,2021-07-26 18:43:34-06:00,2021-07-26,-106.449819,39.283264,3112.0,,5.0,22.8,0.0,7.4,,1016.7,Amanita muscaria flavivolvata,"Leadville, CO 80461, USA",1,
4323ef52-7a31-4b4a-a99e-9dfe4e688f87,88753819,2021-07-26 11:44:35-06:00,2021-07-26,-105.6038368514,40.2015929636,2886.0,,5.6,28.7,0.1,7.4,,1028.6,Amanita muscaria flavivolvata,"Rocky Mountain, Rocky Mountain National Park, Boulder County, US-CO, US",1,
1ab358d4-4db0-49c1-8b9c-b0cd86b5f01f,88750842,2021-07-26 10:00:22-06:00,2021-07-26,-106.2497633333,39.530525,3503.0,,3.1,22.0,0.0,15.1,,1038.2,Amanita muscaria flavivolvata,"White River National Forest, Frisco, CO, US",1,
7ea7dc1f-f362-4a63-ad78-d3b4fdc5e2de,88750156,2021-07-26 10:54:12-06:00,2021-07-26,-106.2481783333,39.5323133333,3481.0,,3.1,22.0,0.0,15.1,,1038.2,Amanita muscaria flavivolvata,"White River National Forest, Frisco, CO, US",1,
35db045a-2e0e-4a35-989b-6983025a10ad,88749631,2021-07-26 09:45:30-06:00,2021-07-26,-106.2466883333,39.5366533333,3423.0,,3.1,22.0,0.0,15.1,,1038.2,Amanita muscaria flavivolvata,"White River National Forest, Frisco, CO, US",2,
6c05b6fd-3ed2-4dd4-b30f-cf0e356a69f7,88749488,2021-07-26 10:54:32-06:00,2021-07-26,-106.248405,39.5338333333,3464.0,,3.1,22.0,0.0,15.1,,1038.2,Amanita muscaria flavivolvata,"White River National Forest, Frisco, CO, US",1,
753b990d-27a5-4f80-a904-b084420313c9,88748027,2021-07-26 11:33:00-06:00,2021-07-26,-106.6377716667,39.125175,3177.0,,11.1,28.9,0.0,12.5,,1014.1,Amanita muscaria flavivolvata,"White River National Forest, Aspen, CO, US",2,
6f14ca71-d895-4f8c-a624-3c6dfad863fa,88747743,2021-07-26 11:25:13-06:00,2021-07-26,-105.401855,39.5195166667,2767.0,,16.7,32.2,0.0,10.6,,1014.3,Amanita muscaria flavivolvata,"Staunton State Park, Pine, CO, US",1,
adc1684d-c25e-4a6b-ad44-648b44cfa231,88716279,2021-07-20 19:35:01+00:00,2021-07-20,-105.8327385452,40.5496099406,3287.0,,,,,,,,Amanita muscaria flavivolvata,"Arapaho & Roosevelt National Forests Pawnee National Grassland, Bellvue, CO, US",1,
95d54bb6-75c1-4929-98cb-082a44099bec,88704524,2021-07-26 10:14:13-06:00,2021-07-26,-106.0647979473,39.4826502074,3020.0,,5.0,22.8,0.0,7.4,,1016.7,Amanita muscaria flavivolvata,"White River National Forest, Breckenridge, CO, US",1,
a54d7f9a-e29b-4329-aa15-ea24b018c473,88647535,2021-07-24 16:32:00-06:00,2021-07-24,-105.92125,40.3516116667,3277.0,,11.0,25.3,0.7,7.8,,1030.5,Amanita muscaria flavivolvata,"Arapaho & Roosevelt National Forests Pawnee National Grassland, Granby, CO, US",1,
a0e3995d-c1a8-4cf5-816d-4494dd273418,88642312,2021-07-25 07:12:00-04:00,2021-07-25,-105.668747,40.309934,3093.0,,7.9,27.2,0.5,7.8,,1029.8,Amanita muscaria flavivolvata,"Emerald Lake, Colorado 80517, USA",1,
b3e04e2d-536c-4c27-bb4b-d2aa56eecc63,88637634,2021-07-25 11:09:46-06:00,2021-07-25,-105.173095,36.52246333,2488.0,,6.0,19.9,6.0,5.4,,1031.4,Amanita muscaria flavivolvata,"Cimarron Canyon State Park, Cimarron, NM, US",1,
a9d193ac-9804-4200-b9a5-bc0d4501d57f,88637510,2021-07-25 16:56:26-06:00,2021-07-25,-106.2866583333,38.6024083333,3274.0,,7.0,14.0,2.8,13.7,,1037.5,Amanita muscaria flavivolvata,"Pike and San Isabel National Forests, Salida, CO, US",1,
e3659819-202d-4110-adbe-cc3dcc11d9cf,88633652,2021-07-25 12:55:00-04:00,2021-07-25,-105.8719397,39.6425118,3318.0,,11.0,22.0,5.0,13.8,,1039.8,Amanita muscaria flavivolvata,"28194 US-6, Dillon, CO 80435, USA",1,
fc71f1d2-d697-4b99-bea5-6ad9f82f35ee,88632936,2021-07-19 14:25:38-05:00,2021-07-19,-105.851719,40.407831,2761.0,,6.1,29.5,0.0,7.0,,1034.0,Amanita muscaria flavivolvata,"Grand Lake, CO 80447, USA",1,
9a2b9027-0e65-4326-8133-65f53a4e41d7,88631662,2021-07-25 10:22:28-06:00,2021-07-25,-106.4636083333,39.25337,3291.0,,3.9,20.0,,7.3,,1018.2,Amanita muscaria flavivolvata,"Pike and San Isabel National Forests, Leadville, CO, US",1,
5160274f-7d49-48c6-ad27-3dfd36db2e6a,88623650,2021-07-25 13:13:37-06:00,2021-07-25,-107.1423263,39.2712064,3122.0,,12.8,27.2,,9.4,,1015.2,Amanita muscaria flavivolvata,"White River National Forest, Basalt, CO, US",1,
8a6a28af-bd51-4eef-b87e-6ceafe2e29df,88619769,2021-07-17 16:38:43-06:00,2021-07-17,-105.753555,35.8349533333,3581.0,,16.7,32.2,,12.5,,1013.6,Amanita muscaria flavivolvata,"Santa Fe National Forest, Santa Fe, NM, US",2,
74428b7f-b0b5-4285-a4b8-8754a8890c0b,88611407,2021-07-21 11:04:35-05:00,2021-07-21,-105.7226579722,40.104114,2567.0,,11.4,26.4,0.8,8.2,,1029.9,Amanita muscaria flavivolvata,"Granby, CO 80446, USA",1,
d3f26457-7602-4990-9271-35aad34f4c5b,88607645,2021-07-25 08:01:15-06:00,2021-07-25,-106.1615,39.59592,3417.0,,11.0,22.0,5.0,13.8,,1039.8,Amanita muscaria flavivolvata,"White River National Forest, Silverthorne, CO, US",1,
23dcebaf-904a-4787-aa47-65e6169dd3ae,88599758,2021-07-24 12:20:54-06:00,2021-07-24,-105.5036945,39.96628895,2519.0,,20.0,30.0,0.3,4.5,,1023.5,Amanita muscaria flavivolvata,"Arapaho & Roosevelt National Forests Pawnee National Grassland, Nederland, CO, US",1,
d430414a-b89c-4041-9158-894209633cad,88596376,2021-07-25,2021-07-25,-107.8221446648,37.4231772237,2038.0,,12.2,27.2,0.0,9.1,,1017.8,Amanita muscaria flavivolvata,"Durango, CO 81301, USA",1,
83df5f11-2866-43a1-bb79-3a33f11ee1a1,88591443,2021-07-25 08:45:02-06:00,2021-07-25,-105.3891651967,39.5297437197,3084.0,,17.2,31.7,0.0,12.7,,1015.5,Amanita muscaria flavivolvata,"Mule Slide Trail, Conifer, CO, US",1,
29998865-f659-41e1-90cf-42bccdcf661a,88585001,2021-07-04 11:33:06-06:00,2021-07-04,-105.5185852051,40.2495613098,2562.0,,16.2,32.7,0.3,6.2,,1020.1,Amanita muscaria flavivolvata,Allenspark,1,
1e2f7499-5643-488e-a781-e7a325209410,88559039,2021-07-24 15:38:53+00:00,2021-07-24,-105.2088929109,39.8166535371,1768.0,,20.0,30.0,0.6,11.2,,1023.9,Amanita muscaria flavivolvata,"Colorado, US",2,
158633cc-76f1-4373-9346-1a2ff1731f3a,88551071,2021-07-25 09:17:07-06:00,2021-07-25,-105.4497255302,39.8759874219,2795.0,,20.0,32.0,0.1,5.6,,1021.8,Amanita muscaria flavivolvata,"Golden Gate Canyon State Park, Black Hawk, CO, US",1,
c96c925c-c678-4889-ac67-76d0f2a9aa22,88550931,2021-07-25 09:16:16-06:00,2021-07-25,-105.4508478912,39.8767824349,2783.0,,20.0,32.0,0.1,5.6,,1021.8,Amanita muscaria flavivolvata,"Golden Gate Canyon State Park, Black Hawk, CO, US",1,
0f99984a-2030-4222-93be-a1458b3d98b1,88479945,2021-07-24 16:24:48-06:00,2021-07-24,-105.6626840172,39.675633728,3023.0,,,,,,,,Amanita muscaria flavivolvata,"Arapaho & Roosevelt National Forests Pawnee National Grassland, Idaho Springs, CO, US",2,
33c5c291-870c-44bb-bb64-28fe4310097a,88476893,2021-07-20 16:36:54-06:00,2021-07-20,-105.5201416016,40.2493286133,2581.0,,14.8,36.5,0.0,5.6,,1022.1,Amanita muscaria flavivolvata,Allenspark,1,
77e9f8fd-beff-41a3-be1e-b037a2761bea,88470341,2021-07-24 11:51:20-06:00,2021-07-24,-106.808455,37.5301866667,2821.0,,5.0,14.0,7.2,14.0,,1038.6,Amanita muscaria flavivolvata,"Rio Grande National Forest, South Fork, CO, US",2,
448f57fe-86cc-4495-88f8-452730849361,88470163,2021-07-24 13:38:59-06:00,2021-07-24,-106.8119676079,37.536255806,2904.0,,5.0,14.0,7.2,14.0,,1038.6,Amanita muscaria flavivolvata,"Rio Grande National Forest, South Fork, CO, US",1,
47ea1cb3-32fd-45ac-9002-ac826ff8ecdf,88468461,2021-07-24 12:43:37-06:00,2021-07-24,-105.2850092947,36.3932629004,2566.0,,9.3,21.1,6.0,8.6,,1030.1,Amanita muscaria flavivolvata,Angel Fire,1,
25d47625-5ba3-4883-8acf-d875ca29f619,88467973,2021-07-24 10:27:25-06:00,2021-07-24,-105.6336817669,40.3149594576,2760.0,,11.0,25.3,0.7,7.8,,1030.5,Amanita muscaria flavivolvata,"Rocky Mountain National Park, Estes Park, CO, US",1,
ff91a90e-38f0-435d-a617-af5ae0437764,88464686,2021-07-24 12:21:49-06:00,2021-07-24,-105.821695,40.411495,3242.0,,11.0,25.3,0.7,7.8,,1030.5,Amanita muscaria flavivolvata,"Rocky Mountain National Park, Granby, CO, US",2,
f0b937ce-d383-4473-8a9d-d87a056758ae,88452105,2021-07-18 16:45:06-05:00,2021-07-18,-105.6075204987,40.5403048937,3129.0,,,,,,,,Amanita muscaria flavivolvata,"Larimer County, US-CO, US",1,
1c2ff44f-7853-46d8-8581-469593b40394,88445073,2021-07-24 10:55:19-06:00,2021-07-24,-105.559622986,40.2844643774,2900.0,,20.3,33.0,0.1,4.9,,1023.5,Amanita muscaria flavivolvata,"Rocky Mountain, Rocky Mountain National Park, Rocky Mountain National Park, Larimer County, US-CO, US",1,
836f5461-8be2-4061-87c6-6ee80e230e3c,88435794,2021-07-24 13:34:19-06:00,2021-07-24,-105.8687766642,39.6379197669,3416.0,,11.0,16.0,0.2,20.7,,1039.2,Amanita muscaria flavivolvata,"White River National Forest, Dillon, CO, US",2,
65069971-8ca1-436f-9a16-77466e226aa9,88427528,2021-07-23 06:38:21-06:00,2021-07-23,-106.3339466667,38.8184883333,3120.0,,12.5,27.8,3.4,12.5,,1029.1,Amanita muscaria flavivolvata,"Pike and San Isabel National Forests, Buena Vista, CO, US",2,
18b7db6c-b69f-4bb3-83d5-bedca50a1f24,88425825,2021-07-24 09:35:41-06:00,2021-07-24,-105.3727333333,39.5729716667,2457.0,,20.0,30.0,0.6,11.2,,1023.9,Amanita muscaria flavivolvata,"Arapaho & Roosevelt National Forests Pawnee National Grassland, Evergreen, CO, US",1,
537263c4-c913-4846-8efb-ce6282640665,88425528,2021-07-24 08:13:45-06:00,2021-07-24,-105.377875,39.5654633333,2560.0,,20.0,30.0,0.6,11.2,,1023.9,Amanita muscaria flavivolvata,"Arapaho & Roosevelt National Forests Pawnee National Grassland, Conifer, CO, US",2,
1ba39dc9-ec99-49d8-ad92-254fbf2a8295,88425368,2021-07-24 08:07:01-06:00,2021-07-24,-105.348305,39.5617533333,2516.0,,17.8,27.2,0.0,8.4,,1017.9,Amanita muscaria flavivolvata,"Bell Ranch Rd, Evergreen, CO, US",2,
33e54a05-0c52-438e-8930-3887affb450c,88396143,2021-07-24 09:04:48-06:00,2021-07-24,-105.7227362507,39.8760270467,2964.0,,11.0,25.3,0.7,7.8,,1030.5,Amanita muscaria flavivolvata,"Arapaho & Roosevelt National Forests Pawnee National Grassland, Granby, CO, US",1,
e78238ba-e7ba-4695-987a-6fbc1b117bc5,88394336,2021-07-24 08:22:56-04:00,2021-07-24,-106.0626611667,39.4827166667,3018.0,,8.3,18.3,,8.6,,1019.7,Amanita muscaria flavivolvata,"Breckenridge Ski Resort, Breckenridge, CO, US",2,
a44d4575-ef33-4663-aea9-11218fda3338,88347445,2021-07-23 11:51:38-06:00,2021-07-23,-106.9761305556,37.4036444444,2609.0,,6.0,16.0,24.6,9.2,,1039.9,Amanita muscaria flavivolvata,"Mineral County, CO, USA",2,
ef9b7c55-0759-4a52-af05-0d99423fbc8d,88325116,2021-07-23 19:03:16-04:00,2021-07-23,-105.7098215542,40.4604992066,3389.0,,11.8,25.1,1.8,4.1,,1026.9,Amanita muscaria flavivolvata,"Rocky Mountain National Park, Estes Park, CO, US",1,
e37025c4-c6ef-4b41-82a3-5ac0bb6bf6a3,88323870,2021-07-23 16:48:56-06:00,2021-07-23,-106.8580463925,39.198874458,2425.0,,12.2,28.9,,8.7,,1016.0,Amanita muscaria flavivolvata,"Pfister Dr, Aspen, CO, US",1,
e731d2b9-e930-4029-8f7f-1b3bd67906ca,88304028,2021-07-23 12:49:26-06:00,2021-07-23,-105.6264416667,40.3129466667,2788.0,,11.8,25.1,1.8,4.1,,1026.9,Amanita muscaria flavivolvata,"Rocky Mountain National Park, Estes Park, CO, US",1,
617eb8ed-a734-49c8-a1e8-d288ae061d42,88295859,2019-08-04 07:18:00-07:00,2019-08-04,-106.3840034,37.0631073,3221.0,,,,,,,,Amanita muscaria flavivolvata,"Conejos County, CO, USA",2,
ca0eca3e-c44c-496c-aede-34e79a089864,88290656,2021-07-23 11:03:34-06:00,2021-07-23,-107.0374916667,37.4225916667,2781.0,,6.0,16.0,24.6,9.2,,1039.9,Amanita muscaria flavivolvata,"San Juan National Forest, Creede, CO, US",1,
87745bb5-d4d5-4496-a5bf-1b123302125b,88205459,2021-07-15 18:52:37-06:00,2021-07-15,-105.5067367554,40.081993103,2898.0,,13.0,28.0,0.1,2.8,,1020.2,Amanita muscaria flavivolvata,Ward,3,
5c497af0-a856-4549-8370-c4461b7674d0,88199360,2021-07-22 06:50:50-06:00,2021-07-22,-105.6356666667,40.4195216667,2830.0,,8.9,26.6,0.5,5.5,,1028.7,Amanita muscaria flavivolvata,"Rocky Mountain National Park, Estes Park, CO, US",1,
0a58d719-5882-457b-829d-5eb2ad6d37ef,88190926,2021-07-22 13:17:50-06:00,2021-07-22,-105.6464166667,40.3124,2915.0,,8.9,26.6,0.5,5.5,,1028.7,Amanita muscaria flavivolvata,"Rocky Mountain National Park, Estes Park, CO, US",1,
b39eae69-0234-4d8b-a4d0-c9b78582c930,88184020,2021-07-22 12:10:49-06:00,2021-07-22,-106.1294471667,39.63248,2975.0,,12.0,20.0,11.9,10.4,,1040.7,Amanita muscaria flavivolvata,"White River National Forest, Silverthorne, CO, US",1,
94bcc547-7d3f-4cb2-aff3-0ae1a87cb295,88181379,2021-07-17 11:23:58-06:00,2021-07-17,-106.8847604708,40.4851274094,2106.0,,9.1,29.2,0.0,6.3,,1025.6,Amanita muscaria flavivolvata,"Wolf's Run at Steamboat, Steamboat Springs, CO, US",1,
102a0622-75ff-4023-99db-b6fd4798adce,88157002,2021-07-21 14:33:54-06:00,2021-07-21,-105.485475,40.2428866667,2725.0,,17.8,32.6,0.1,5.8,,1020.7,Amanita muscaria flavivolvata,"Arapaho & Roosevelt National Forests Pawnee National Grassland, Allenspark, CO, US",1,
712c7e14-c7c8-436d-b3af-23769b1100af,88114059,2021-07-21 07:01:59-06:00,2021-07-21,-104.9147633333,38.8312216667,2215.0,,14.4,31.7,3.0,13.3,,1014.5,Amanita muscaria flavivolvata,"High Ridge Rd, Manitou Springs, CO, US",1,
40fe36ff-2bdd-48ce-9e80-ea1f2f512f2d,88043425,2021-07-21 13:04:37-06:00,2021-07-21,-106.1860883333,38.6586133333,2981.0,,15.0,29.5,0.9,11.2,,1030.4,Amanita muscaria flavivolvata,"Pike and San Isabel National Forests, Nathrop, CO, US",3,
1399035b-db92-49cb-ba4c-033a8a4b8db6,88042777,2021-07-21 08:06:28-06:00,2021-07-21,-107.7061533333,37.9199,3263.0,,12.0,26.0,1.2,5.3,,1032.5,Amanita muscaria flavivolvata,"Grand Mesa National Forest, Ridgway, CO, US",1,
84b2428b-5a29-4a0c-8635-33165e46a3e4,88003516,2021-07-16 18:36:54-06:00,2021-07-16,-106.5135936612,39.2567747838,3410.0,,3.3,20.0,,8.5,,1014.3,Amanita muscaria flavivolvata,"Colorado, US",1,
89fbe08e-34b1-4089-b806-cf112450ec7f,88002873,2021-07-15 12:42:24-06:00,2021-07-15,-106.5745099569,39.3252660011,3099.0,,1.7,21.7,,9.2,,1017.3,Amanita muscaria flavivolvata,"Colorado, US",1,
1317d5b8-2028-4f20-9d19-6b86b1be10f6,87945921,2021-07-20 16:54:59-06:00,2021-07-20,-105.6535416667,40.309925,2979.0,,7.4,30.0,0.5,6.4,,1031.0,Amanita muscaria flavivolvata,"Rocky Mountain National Park, Estes Park, CO, US",1,
d85be100-bcfd-485d-84b5-94d9a5e12501,87918890,2021-07-20 12:44:09-06:00,2021-07-20,-106.42917,39.73168,2887.0,,12.0,20.0,0.3,11.4,,1041.9,Amanita muscaria flavivolvata,"White River National Forest, Vail, CO, US",2,
9ed5cd93-fc19-47e6-86af-77839776b087,87901734,2021-07-20 11:51:38-06:00,2021-07-20,-106.0877163336,39.5628111493,2824.0,,12.0,20.0,0.3,11.4,,1041.9,Amanita muscaria flavivolvata,"Blue River, CO 80424, USA",1,
e5099b03-bbe8-4ee9-a6f0-7efde93f5c94,87896891,2021-07-20 11:13:19-06:00,2021-07-20,-107.0092151667,38.9863147222,2971.0,,14.4,30.0,,12.0,,1014.4,Amanita muscaria flavivolvata,"Crested Butte, CO 81224, USA",2,
2587266e-ccff-4faa-8d3e-059097e1c5fc,87874056,2021-07-18 10:26:00+00:00,2021-07-18,-105.7341,39.879275,2900.0,,7.1,27.6,0.0,5.8,,1033.8,Amanita muscaria flavivolvata,"Grand, Colorado, United States",1,
5cc57dd5-d48e-43d5-9192-0b3bdb5360de,87860404,2021-07-19 09:43:21-06:00,2021-07-19,-106.4553277778,39.2880472222,3134.0,,3.9,24.4,0.0,7.4,,1019.3,Amanita muscaria flavivolvata,"Leadville, CO 80461, USA",2,
9da168e4-589f-4714-844a-0c664a54c5c4,87817318,2021-07-19 18:48:00-05:00,2021-07-19,-105.646499,40.3094109722,2929.0,,6.1,29.5,0.0,7.0,,1034.0,Amanita muscaria flavivolvata,"Larimer County, CO, USA",1,
b758d0ab-2ac8-438d-a926-372a996398af,87809257,2021-07-19 21:07:00-06:00,2021-07-19,-105.3919062817,39.875914288,2732.0,,17.0,33.0,0.0,4.6,,1025.9,Amanita muscaria flavivolvata,"Coal Creek Canyon, CO 80403, USA",1,
834f01b8-2e1d-4cd3-a5ea-9a830e23263b,87804462,2021-07-19,2021-07-19,-105.7939705253,39.8080636837,3646.0,,6.1,29.5,0.0,7.0,,1034.0,Amanita muscaria flavivolvata,"Winter Park, CO 80482, USA",2,
8c60bccf-3b83-4f47-a549-fd703ec6d321,87789763,2021-07-19 10:11:31-06:00,2021-07-19,-106.0356532624,39.5200071344,2903.0,,13.0,23.0,0.0,14.8,,1044.5,Amanita muscaria flavivolvata,"Summit County, US-CO, US",1,
15490dd8-0a1d-41ac-aeef-b28e7d40a6ea,87787371,2021-07-19 17:31:03-06:00,2021-07-19,-106.3026804322,39.6277573821,3027.0,,13.0,23.0,0.0,14.8,,1044.5,Amanita muscaria flavivolvata,"Colorado, US",1,
e409b215-4f9d-46d1-9443-53858167f89b,87785195,2021-07-18 19:44:10-06:00,2021-07-18,-105.5381916667,40.0317195,2945.0,,16.0,33.0,0.0,5.6,,1025.8,Amanita muscaria flavivolvata,"Arapaho & Roosevelt National Forests Pawnee National Grassland, Ward, CO, US",2,
4162d4d8-1def-4883-9666-a3eedd926bb6,87739438,2021-07-18 11:52:07-06:00,2021-07-18,-105.7833055556,39.7994111111,3535.0,,7.1,27.6,0.0,5.8,,1033.8,Amanita muscaria flavivolvata,"Parshall, CO 80468, USA",1,
049703b9-be4b-47ce-a81e-58c34d44c511,87707818,2021-07-18 09:40:59-06:00,2021-07-18,-105.5900986849,40.5575972703,2874.0,,,,,,,,Amanita muscaria flavivolvata,"Larimer County, US-CO, US",1,
d65deb3d-c860-43cb-a175-648e353618b8,87704644,2021-07-18 10:26:22-06:00,2021-07-18,-106.4725416667,39.24685,3324.0,,3.3,25.6,0.0,9.6,,1020.4,Amanita muscaria flavivolvata,"Pike and San Isabel National Forests, Twin Lakes, CO, US",1,
00be499d-383a-40f3-a558-500acf1e90ab,87672090,2021-07-18 10:32:51-06:00,2021-07-18,-105.490875,39.9565083333,2594.0,,16.0,33.0,0.0,5.6,,1025.8,Amanita muscaria flavivolvata,"Arapaho & Roosevelt National Forests Pawnee National Grassland, Nederland, CO, US",1,
f5517352-fce8-4964-8948-d7f46191ead8,87658077,2021-07-18 09:22:16-06:00,2021-07-18,-105.6119474396,40.2014075033,2960.0,,7.1,27.6,0.0,5.8,,1033.8,Amanita muscaria flavivolvata,Wild Basin,2,
51d0fdcc-d8c9-4f13-ac7d-0deb2dff4c0d,87606577,2021-07-16 11:51:02-06:00,2021-07-16,-105.4286804795,39.6901626898,2606.0,,16.0,33.0,0.0,10.2,,1019.2,Amanita muscaria flavivolvata,"Golden, CO 80439, USA",2,
62c3daa8-4443-4100-847c-cd8a8b2f5159,87598072,2021-07-18 11:33:41-06:00,2021-07-18,-105.8005866968,35.7750002062,3132.0,,17.8,28.9,,14.4,,1017.2,Amanita muscaria flavivolvata,"Santa Fe National Forest, Santa Fe, NM, US",1,
24d4ea98-5802-4b84-938f-137269339cd4,87585581,2021-07-15 18:00:59-06:00,2021-07-15,-105.3169540688,39.3309004755,2400.0,,11.7,30.0,,10.6,,1014.9,Amanita muscaria flavivolvata,"Pine, CO 80470, USA",2,
419722fb-3a6a-4151-a251-e5e1871550ad,87572372,2021-07-18 08:14:43-06:00,2021-07-18,-106.08155,39.55397,2893.0,,12.0,23.0,0.0,11.6,,1044.1,Amanita muscaria flavivolvata,"White River National Forest, Breckenridge, CO, US",2,
f6ccec62-f9bd-40b9-80b9-9f4c0b7c5c43,87544333,2021-07-17 14:13:21-06:00,2021-07-17,-104.91507,38.83120833,2215.0,,14.4,28.9,1.3,11.5,,1016.8,Amanita muscaria flavivolvata,"High Ridge Rd, Manitou Springs, CO, US",1,
c6f3d340-8688-4434-bdad-ae873547a097,87478504,2021-07-17 15:42:19-06:00,2021-07-17,-105.5130383333,39.9783833333,2576.0,,16.0,32.0,0.0,7.2,,1022.2,Amanita muscaria flavivolvata,"Arapaho & Roosevelt National Forests Pawnee National Grassland, Nederland, CO, US",1,
cb5f9a86-079e-4419-a3c9-e271b5af69d0,87431941,2021-07-16 08:12:05-06:00,2021-07-16,-105.4476644844,39.6760797191,2793.0,,16.0,33.0,0.0,10.2,,1019.2,Amanita muscaria flavivolvata,"Golden, CO 80439, USA",1,
6992a6d9-4777-440c-8966-ba710feca272,87403678,2021-07-16 11:02:43-06:00,2021-07-16,-106.6994466667,40.3544416667,3223.0,,8.0,27.1,0.0,5.8,,1023.5,Amanita muscaria flavivolvata,"Medicine Bow-Routt National Forest & Thunder Basin National Grassland, Steamboat Springs, CO, US",1,
ab74ac45-152c-46cf-ba30-40354d5b2b39,87330291,2021-07-16 14:24:46-06:00,2021-07-16,-106.226386541,38.8939581958,2874.0,,8.8,27.2,0.7,7.4,,1026.9,Amanita muscaria flavivolvata,"Pike and San Isabel National Forests, Buena Vista, CO, US",1,
af1f21a4-30b8-438b-9045-c883d83c3363,87324927,2021-07-16 10:45:54-06:00,2021-07-16,-105.3132394689,40.4602533596,2123.0,,15.6,33.9,0.0,9.6,,1011.7,Amanita muscaria flavivolvata,"Arapaho & Roosevelt National Forests Pawnee National Grassland, Loveland, CO, US",1,
28c4f56c-132d-4fcd-a421-1cd4eba48af4,87300698,2021-07-16 12:35:02-06:00,2021-07-16,-106.4410036457,36.5100434605,2515.0,,,,,,,,Amanita muscaria flavivolvata,"Carson National Forest, Cebolla, NM, US",1,
ac8884b0-e5d8-4377-9ac3-84730f2b8298,87270796,2021-07-15 15:39:05-06:00,2021-07-15,-106.080483,39.533765,3063.0,,8.0,18.0,0.2,9.5,,1037.6,Amanita muscaria flavivolvata,"Blue River, CO 80424, USA",1,
8f355c4e-528d-4465-bc51-2d7ab9580b38,87261900,2021-07-13 13:51:27-06:00,2021-07-13,-105.6987107299,40.3640181219,3164.0,,9.6,27.1,0.2,7.6,,1029.7,Amanita muscaria flavivolvata,"Rocky Mountain National Park, Estes Park, CO, US",1,
9bacb8d7-faac-4267-9eae-667f6754a19b,87231343,2021-07-13 17:27:58-05:00,2021-07-13,-105.6105883333,36.0895945,2701.0,,9.4,28.9,0.0,8.3,,1020.6,Amanita muscaria flavivolvata,"Rio Santa Barbara, Taos, NM, US",1,
316bee34-a668-4d4e-b8ad-8098c583643f,86999444,2021-07-13 13:08:03-06:00,2021-07-13,-105.6081383333,40.0497666667,3435.0,,9.6,27.1,0.2,7.6,,1029.7,Amanita muscaria flavivolvata,"Arapaho & Roosevelt National Forests Pawnee National Grassland, Ward, CO, US",1,
1a5ae080-d9d8-4193-932a-486550c06383,86854273,2019-08-08,2019-08-08,-107.0568054914,37.646712532,3336.0,,,,,,,,Amanita muscaria flavivolvata,"Mineral County, CO, USA",2,
52d242fc-5587-4ceb-bafb-deb28fe6bac0,86791366,2021-07-12 15:16:45-06:00,2021-07-12,-105.803054,35.777745,3132.0,,15.0,30.0,0.0,11.3,,1014.7,Amanita muscaria flavivolvata,"Nambe, NM 87506, USA",2,
5c3baee4-a8f0-4d97-a5b0-d15d1dfe4c95,86732474,2021-07-09 14:45:18-06:00,2021-07-09,-105.4389805556,36.5739694444,3146.0,,7.1,26.0,1.2,4.0,,1031.7,Amanita muscaria flavivolvata,"Taos Ski Valley, NM 87525, USA",1,
dfe805e5-65db-4bd3-bcd2-6edc77f8759f,86631866,2021-07-03 11:44:19-06:00,2021-07-03,-105.321755,36.4059966667,2801.0,,8.5,22.1,1.7,7.0,,1029.8,Amanita muscaria flavivolvata,"Colfax County, US-NM, US",1,
220739cd-6834-48e3-beb8-728854c7dc80,86611457,2021-07-11 12:29:34-06:00,2021-07-11,-104.914755,38.83131167,2217.0,,13.9,27.2,0.0,10.1,,1017.7,Amanita muscaria flavivolvata,"High Ridge Rd, Manitou Springs, CO, US",1,
a638afab-8f09-4bdd-8537-1aca4dc390f2,86611355,2021-07-11 12:39:21-06:00,2021-07-11,-104.91432167,38.831325,2170.0,,13.9,27.2,0.0,10.1,,1017.7,Amanita muscaria flavivolvata,"High Ridge Rd, Manitou Springs, CO, US",1,
4ede6803-d401-4246-9f04-8f863614ca99,86569849,2021-07-09 13:24:46-06:00,2021-07-09,-105.760825,35.81392,3336.0,,16.1,35.6,,9.9,,1013.8,Amanita muscaria flavivolvata,"Santa Fe National Forest, Santa Fe, NM, US",1,
d57524c3-2daf-44d4-889d-09ad9b1155ac,86510224,2021-07-08 09:45:38-06:00,2021-07-08,-105.5957333333,40.1972833333,2792.0,,6.9,29.6,0.0,9.0,,1027.3,Amanita muscaria flavivolvata,"Rocky Mountain National Park, Ward, CO, US",1,
6dc51777-5f36-4d6b-8b8b-4278f7632fd1,86447220,2021-07-10 11:19:54-06:00,2021-07-10,-104.925775,38.7869716667,2531.0,,18.3,28.0,0.0,17.4,,1017.7,Amanita muscaria flavivolvata,"Pike and San Isabel National Forests, Manitou Springs, CO, US",1,
51ef3465-ca19-441f-8aec-ccb4675add57,86345589,2021-07-09 11:00:31-06:00,2021-07-09,-105.3563004817,36.5675129028,3300.0,,7.1,26.0,1.2,4.0,,1031.7,Amanita muscaria flavivolvata,"Carson National Forest, Taos, NM, US",1,
16ac9dbf-2e25-45d2-9d8e-c5c36d34da6a,86304783,2021-07-09 11:12:39-06:00,2021-07-09,-105.5880283333,40.33298,2743.0,,8.0,30.8,0.4,9.1,,1029.3,Amanita muscaria flavivolvata,"Mountainside Dr, Estes Park, CO, US",1,
5609b3b8-45fc-4c33-8adc-1f2514a364fa,86246024,2021-07-06 15:45:22-06:00,2021-07-06,-104.9404424638,39.1204601244,2409.0,,14.7,25.6,,18.1,,1016.3,Amanita muscaria flavivolvata,"Pike and San Isabel National Forests, Palmer Lake, CO, US",3,
7d2084c5-8355-4ac7-9898-55c226cae635,86208990,2021-07-08 11:17:30-06:00,2021-07-08,-105.3997116667,39.5616416667,2762.0,,18.0,37.0,0.0,9.4,,1017.7,Amanita muscaria flavivolvata,"Arapaho & Roosevelt National Forests Pawnee National Grassland, Pine, CO, US",2,
0098bc03-3d92-43d8-9ef0-65aed2776063,86191421,2021-06-28 13:44:51-06:00,2021-06-28,-105.1378638333,38.7546883333,3138.0,,11.8,20.4,,13.0,,1025.6,Amanita muscaria flavivolvata,"Mollie Kathleen Rd, Cripple Creek, CO, US",2,
647b1344-4808-49e0-8f48-39e05db34024,86001051,2021-07-06 07:57:00-06:00,2021-07-06,-105.5648268498,40.1939298387,3086.0,,8.5,25.3,0.1,5.7,,1029.9,Amanita muscaria flavivolvata,"Colorado, US",2,
1cc1a878-8695-4797-829f-0da2b94b623c,85643676,2021-07-04 09:09:40-06:00,2021-07-04,-105.4692616667,40.47232,2392.0,,15.6,32.2,0.1,9.9,,1012.5,Amanita muscaria flavivolvata,"Arapaho & Roosevelt National Forests Pawnee National Grassland, Estes Park, CO, US",2,
0b1f9904-40f0-41b8-9218-42c9e98d1241,85555187,2021-07-03 11:19:09-06:00,2021-07-03,-105.3476783333,39.855255,2325.0,,16.0,33.0,0.1,8.1,,1019.6,Amanita muscaria flavivolvata,"Golden Gate Canyon State Park, Golden, CO, US",1,
a69d6163-d7da-4ace-8355-bf295ff4355c,85405899,2015-08-01 13:11:00-06:00,2015-08-01,-105.5665413,40.2077465,2597.0,,17.0,31.0,,3.6,,,Amanita muscaria flavivolvata,"Allenspark, CO 80510, USA",2,
80e1418a-26de-47fd-a28d-dfdcca7d679d,85393159,2021-07-02 06:26:26-06:00,2021-07-02,-107.9199966667,39.0306445,3050.0,,16.2,36.4,0.0,7.6,,1019.6,Amanita muscaria flavivolvata,"Grand Mesa National Forest, Cedaredge, CO, US",2,
ab911925-2aff-416f-b700-345e0f6df63f,85365592,2021-07-02 11:06:40-06:00,2021-07-02,-105.57827,40.35067,2427.0,,5.8,24.5,0.6,4.9,,1028.9,Amanita muscaria flavivolvata,"Big Thompson River, Estes Park, CO, US",2,
afe7d69b-bad0-4c09-9f1c-39dc35913c56,85364484,2021-07-02 11:05:15-06:00,2021-07-02,-105.5782466667,40.3507083333,2427.0,,5.8,24.5,0.6,4.9,,1028.9,Amanita muscaria flavivolvata,"Rocky Mountain National Park, Estes Park, CO, US",2,
0aebb034-0edf-40cf-a005-229d44a8ceec,85356780,2021-07-02 11:05:05-06:00,2021-07-02,-105.5781631731,40.3505573469,2427.0,,5.8,24.5,0.6,4.9,,1028.9,Amanita muscaria flavivolvata,"Big Thompson River, Estes Park, CO, US",3,
9fc50d79-12dd-41a3-b532-03ac109f6c5a,85250342,2021-07-01 12:37:06-06:00,2021-07-01,-105.7686022181,39.8794539049,3042.0,,9.3,22.5,0.3,4.7,,1028.5,Amanita muscaria flavivolvata,"Winter Park Resort, Winter Park, CO, US",2,
6858ba2b-14d1-4657-9c1c-54b61af37d62,85152845,2021-06-30 10:09:38-06:00,2021-06-30,-105.3070519722,40.376649,2044.0,,12.2,31.1,0.0,11.0,,1016.9,Amanita muscaria flavivolvata,"Loveland, CO 80537, USA",2,
28d28fa9-0805-47b8-a990-0605c1c8fcfb,85063014,2021-06-29 13:19:38-06:00,2021-06-29,-105.2718711644,39.5462306868,2414.0,,10.0,23.9,0.0,11.4,,1020.8,Amanita muscaria flavivolvata,Meyer Ranch Park,1,
663ded90-4809-4946-bbf7-1ec964a1a871,84818983,2021-06-27 11:52:21-06:00,2021-06-27,-105.5120388889,39.97885,2563.0,,13.0,21.0,8.0,6.9,,1023.2,Amanita muscaria flavivolvata,"Nederland, CO 80466, USA",2,
6337178d-ea2a-44a5-b121-01443b74b975,84616673,2021-06-26 15:41:52-06:00,2021-06-26,-104.91519167,38.83073,2215.0,,11.7,21.1,21.3,17.3,,1016.2,Amanita muscaria flavivolvata,"Manitou Springs, CO, US",2,
6b942811-c392-49ed-83be-c334bd75ffaf,81652639,2021-06-04 19:50:52-06:00,2021-06-04,-105.286445,39.97485,1950.0,,13.0,30.0,0.0,3.2,,1017.1,Amanita muscaria flavivolvata,"Boulder Mountain Park, Boulder, CO, US",1,
d490e0c8-ae35-4ad0-9cba-f2d59ea16a16,73272769,2017-07-30 15:21:00-03:00,2017-07-30,-104.9459082772,38.8581381517,2582.0,,14.4,22.6,,8.5,,1020.2,Amanita muscaria flavivolvata,"El Paso, Colorado, United States",2,
3a1aae4b-97e6-4c41-bc41-ee9e42c76566,72043188,2019-08-16 09:54:00-06:00,2019-08-16,-105.0162111111,38.7692166667,3355.0,,13.1,34.7,,12.8,,1010.9,Amanita muscaria flavivolvata,"Teller, Colorado, United States",1,
d52ced8a-9549-421b-9dd9-19cc0b20b683,72043182,2019-08-16 09:45:00-06:00,2019-08-16,-105.0171611111,38.7694472222,3301.0,,13.1,34.7,,12.8,,1010.9,Amanita muscaria flavivolvata,"Teller, Colorado, United States",3,
4c409b69-ee31-4681-be40-9a28a1b96f9d,71777175,2017-08-24 17:38:09-07:00,2017-08-24,-105.4800716667,40.1098416667,2677.0,,14.0,29.0,,12.2,,,Amanita muscaria flavivolvata,"Arapaho & Roosevelt National Forests Pawnee National Grassland, Ward, CO, US",2,
e93aa7ca-a11a-44a5-9820-c3b834965dd1,71395071,2019-07-30 09:05:26-06:00,2019-07-30,-105.8037033333,40.5797716667,2826.0,,,,,,,,Amanita muscaria flavivolvata,"Cache la Poudre River, Bellvue, CO, US",1,
e90fd1a8-b0ed-4e11-aeaa-59dc095b07e7,70108305,2017-07-30 15:22:00+00:00,2017-07-30,-104.9459082772,38.8581381517,2582.0,,14.4,22.6,,8.5,,1020.2,Amanita muscaria flavivolvata,"El Paso, Colorado, United States",1,
1439cdaf-8c15-4e1a-9a7a-d88663c75627,69540838,2015-08-27 22:44:00-04:00,2015-08-27,-104.7903442383,39.0573171542,2213.0,,13.8,26.3,,13.2,,1013.8,Amanita muscaria flavivolvata,"El Paso County, CO, USA",1,
31469bfc-379f-43cb-91b6-d793645773db,69333692,2017-09-12 00:36:00-04:00,2017-09-12,-105.5684200965,40.3646621861,2440.0,,,,,2.6,,,Amanita muscaria flavivolvata,"Larimer County, CO, USA",2,
4fda8682-f663-4fb7-b9f0-8a55f2de93c8,60662882,2008-08-18,2008-08-18,-105.793,35.81725,2902.0,,8.3,27.2,0.0,13.4,,1012.9,Amanita muscaria flavivolvata,"Windsor Trail, Pecos Wilderness, Santa Fe, New Mexico, USA",2,
77494deb-a615-4849-9402-d40158e727ce,58836735,2019-07-29 20:15:35+00:00,2019-07-29,-104.8503773592,39.3657277109,1906.0,,16.7,31.1,,17.0,,1015.2,Amanita muscaria flavivolvata,"Douglas County, US-CO, US",1,
1ea950d1-9eac-488e-bb49-adaa4fda341b,54932501,2020-07-31 14:41:11+00:00,2020-07-31,-105.6924849184,40.3527072968,3284.0,,13.5,32.5,,5.3,,,Amanita muscaria flavivolvata,Estes Park,2,
f74d6be2-867a-454b-8c1f-d59acc09abdb,53563394,2020-07-18 23:07:42-06:00,2020-07-18,-106.5935363367,40.8273251559,2815.0,,8.7,29.7,,7.5,,,Amanita muscaria flavivolvata,"Medicine Bow-Routt National Forests, Walden, CO, US",1,
38b729d6-980e-4942-b8ba-94f5dc956dd4,52400149,2019-08-11 15:26:55-07:00,2019-08-11,-107.4246419594,38.8089657137,2717.0,,,,,,,,Amanita muscaria flavivolvata,"Somerset, CO 81434, USA",1,
d2b8ad05-a0a9-4083-a09c-efd09eb44bd1,51916939,2020-06-24 18:19:30-06:00,2020-06-24,-106.31081333,39.233745,3041.0,,1.1,22.2,,9.6,,1011.8,Amanita muscaria flavivolvata,"County Road 45, Leadville, CO, US",2,
76c48270-cbe0-4d3e-bc11-6681adce071a,50958821,2017-09-01 14:17:00-07:00,2017-09-01,-106.4976083333,39.40703,3513.0,,3.9,18.9,0.0,9.7,,1017.2,Amanita muscaria flavivolvata,"Fancy Lake, Holy Cross Wilderness, Eagle County, CO, USA",1,
712963d4-776e-4c10-be44-5e708ddd347c,48988006,2019-08-09 15:31:00-06:00,2019-08-09,-104.8297074982,39.1316041268,2282.0,,14.0,30.1,,8.8,,1013.1,Amanita muscaria flavivolvata,"Douglas County, CO, USA",1,
a6789baf-03c1-4396-a3eb-ffa5b0d2f4ae,48987990,2019-08-09 15:09:00-06:00,2019-08-09,-104.8297074982,39.1316041268,2282.0,,14.0,30.1,,8.8,,1013.1,Amanita muscaria flavivolvata,"Douglas County, CO, USA",2,
c0dcec09-3f4d-4e03-bd35-834339fb05d4,41759478,2019-07-31 15:07:54-06:00,2019-07-31,-105.5370333333,36.5181883333,2503.0,,,,,,,,Amanita muscaria flavivolvata,"El Salto Rd, Taos, NM, US",2,
a073cb1a-8a20-4b36-adf0-9f93a5f61c9e,40349094,2018-08-16,2018-08-16,-107.836,37.9421,2652.0,,11.0,23.0,,6.2,,,Amanita muscaria flavivolvata,"Telluride, Colorado, USA",2,
e70b5eb0-cdc2-48e6-8339-4bbaeb6603b8,35979099,2003-09-02,2003-09-02,-106.3937676836,38.9946789757,3003.0,,,,,,,,Amanita muscaria flavivolvata,"Chaffee County, CO, USA",2,
d74f7570-b5ae-47aa-be9e-76eb5c235e78,31766537,2019-08-23 09:30:00-06:00,2019-08-23,-106.8311916069,37.4826262091,3142.0,,,,,,,,Amanita muscaria flavivolvata,"Mineral County, CO, USA",1,
49b21f1d-d9ca-47c5-9c3d-9b7daa5368d7,31756351,2019-08-26 18:46:00-06:00,2019-08-26,-106.8058952317,37.3014978347,3028.0,,,,,,,,Amanita muscaria flavivolvata,"Archuleta County, CO, USA",2,
1ebb6741-6d1d-4c64-9bd9-a483aa8ef776,31099939,2019-08-18 12:57:32-06:00,2019-08-18,-105.9592583333,39.89183,3050.0,,2.2,27.9,,8.6,,,Amanita muscaria flavivolvata,"Arapaho National Forest, Parshall, CO, US",1,
a06306ef-4140-4d62-9114-1558f3a464fc,28588735,2019-07-07 11:16:30-06:00,2019-07-07,-104.66977696,38.99864242,2262.0,,10.0,26.0,,11.4,,,Amanita muscaria flavivolvata,"El Paso County, US-CO, US",2,
958c72ae-79a5-4222-af60-1bcd188a6718,28442822,2019-07-06 13:38:26-06:00,2019-07-06,-105.3589630127,39.611240387,2585.0,,14.4,27.8,,16.1,,1019.6,Amanita muscaria flavivolvata,"Hangen Ranch And M&B, CO 80439, USA",2,
d7c20a85-9383-4d5a-b5e7-894adda1d26b,22864755,2010-08-22,2010-08-22,-105.5368315136,36.0619238647,3372.0,,13.0,29.0,,12.7,,,Amanita muscaria flavivolvata,"Taos County, NM, USA",2,
b6498699-c950-461c-bcc0-15856b0cb7ae,22058376,2013-09-03,2013-09-03,-106.028566584,39.5085027451,3004.0,,12.0,19.0,,19.7,,,Amanita muscaria flavivolvata,"Blue River, CO 80424, USA",2,
7466ca2a-361f-4cd5-90b0-52559db5f925,17052454,2018-08-20 15:32:00-08:00,2018-08-20,-105.5907209,35.9374034,3112.0,,,,,,,,Amanita muscaria flavivolvata,"Mora County, NM, USA",2,
cb952c2e-4be9-45d5-81cc-8d75fd89dcce,16924758,2018-08-20 08:43:00-08:00,2018-08-20,-105.590756,35.937236,3112.0,,,,,,,,Amanita muscaria flavivolvata,"Mora, New Mexico, United States",2,
1af2ee9a-86f0-4e5f-ba19-228aa3b63cf4,16030136,2017-08-18 12:36:11-06:00,2017-08-18,-105.656304136,40.3186595953,3133.0,,2.0,25.5,,8.1,,,Amanita muscaria flavivolvata,"Rocky Mountain National Park, Estes Park, CO, US",2,
962a5c62-ac33-4ae9-8503-27bd99c11936,15377817,2018-08-09 14:40:06-06:00,2018-08-09,-105.4454116667,39.6735416667,2813.0,,14.0,31.0,,3.7,,,Amanita muscaria flavivolvata,"23538–24798 Squaw Pass Rd, Evergreen, CO, US",1,
6d62533e-105c-45e2-a2a0-232046768276,15300958,2018-08-10 11:29:58-06:00,2018-08-10,-105.3828350735,39.5655257302,2575.0,,15.0,29.4,0.0,13.5,,1018.3,Amanita muscaria flavivolvata,"8995 Carol Ln, Conifer, CO, US",2,
dc2d927f-31b2-4c9a-be4e-12ea36383e45,15300949,2018-08-10 11:29:33-06:00,2018-08-10,-105.382890897,39.5656626486,2575.0,,15.0,29.4,0.0,13.5,,1018.3,Amanita muscaria flavivolvata,"8995 Carol Ln, Conifer, CO, US",2,
03ec2ff7-364e-438d-9142-bfb0ae5a1637,7832019,2017-07-16 08:44:31-06:00,2017-07-16,-105.1181008217,38.8718028123,3124.0,,11.9,25.6,,11.1,,1016.7,Amanita muscaria flavivolvata,"Pike National Forest, Divide, CO, US",1,
64285b5b-f415-43a1-b571-11cf3396d9b5,7673487,2017-08-24 07:46:00-07:00,2017-08-24,-105.6836389,40.3427932,2940.0,,3.5,21.7,,4.7,,,Amanita muscaria flavivolvata,"Colorado, USA",2,
36bfab61-21fd-494f-afe6-f7535a4a22ac,7667964,2017-08-26 16:44:17-06:00,2017-08-26,-105.7658309937,39.8233337402,3233.0,,12.0,18.0,,10.2,,,Amanita muscaria flavivolvata,"Grand County, US-CO, US",1,
db1865b9-1ff1-4167-b375-6dd6a68f4a24,7574950,2017-08-15 13:42:00-07:00,2017-08-15,-105.81548,40.3091466667,2890.0,,,,,8.5,,,Amanita muscaria flavivolvata,"Grand County, CO, USA",1,
58101d57-0b32-41fd-9657-02fa1053bb21,7563354,2017-08-19 16:16:40-06:00,2017-08-19,-106.53459679,35.82042488,2583.0,,18.0,25.8,,11.2,,,Amanita muscaria flavivolvata,"Sandoval County, US-NM, US",1,
84a72b28-ebe0-410b-9043-0bc0e1bfe75d,7544907,2017-08-18 12:37:19-06:00,2017-08-18,-105.656330539,40.3185818531,3133.0,,2.0,25.5,,8.1,,,Amanita muscaria flavivolvata,"Rocky Mountain National Park, Estes Park, CO, US",1,
1297a94e-3048-477d-973b-f4228ae84c23,7544903,2017-08-18 12:36:11-06:00,2017-08-18,-105.656304136,40.3186595953,3133.0,,2.0,25.5,,8.1,,,Amanita muscaria flavivolvata,"Rocky Mountain National Park, Estes Park, CO, US",1,
74cdbb06-30de-427c-95d8-a5f4e390e8c8,7534209,2017-08-17 12:24:48-06:00,2017-08-17,-106.6397307458,39.1004760854,3436.0,,6.1,23.3,,10.6,,1016.8,Amanita muscaria flavivolvata,"White River National Forest, Aspen, CO, US",1,
61f7ce73-29a2-49a1-a68b-e1b8c18a461c,7484807,2017-08-13 13:09:25-06:00,2017-08-13,-105.84781357,39.55942492,3354.0,,7.0,16.0,,13.7,,,Amanita muscaria flavivolvata,"Summit County, US-CO, US",2,
481e5b31-2feb-4444-b438-7b5d9fbf5dfe,7473315,2017-08-12 12:48:52-06:00,2017-08-12,-105.608795,40.0690805,3283.0,,4.1,22.7,,9.0,,,Amanita muscaria flavivolvata,"Boulder County, US-CO, US",1,
6b95ec80-6ca8-4c28-9c3b-d8b7e11d600a,7463195,2017-08-12 09:29:26-06:00,2017-08-12,-105.5158940116,40.2241418588,2585.0,,13.6,28.3,,4.6,,,Amanita muscaria flavivolvata,"700 Wagener Rd, Allenspark, CO, US",3,
48f4831a-ec1d-4659-a3ba-7d548da4a18c,7381487,2017-08-05 10:52:26-06:00,2017-08-05,-105.4721398702,38.127190479,2385.0,,,,,,,,Amanita muscaria flavivolvata,"81252, Westcliffe, CO, US",2,
74e6e082-14dc-4b77-b184-81ca81a17db4,7289487,2017-07-30 11:00:00-06:00,2017-07-30,-105.8739214763,40.4845228344,3347.0,,8.0,25.3,,7.0,,,Amanita muscaria flavivolvata,"Thunder Pass Trail, Walden, CO 80480, USA",1,
f1d28738-68ba-4142-8798-48067469c39e,7001801,2016-08-19,2016-08-19,-107.4425,37.47905,2492.0,,8.3,25.6,0.5,7.1,,1014.6,Amanita muscaria flavivolvata,"Pine River Trail, Weminuche Wilderness, Colorado, USA",2,
40faaeea-5601-43ea-90d8-03ab9174ba2f,7000957,2015-08-30,2015-08-30,-105.769,35.80925,3422.0,,,,,10.2,,1014.4,Amanita muscaria flavivolvata,"Santa Fe Ski Basin, Santa Fe National Forest, Santa Fe Co., New Mexico, USA",2,
2c43aac4-a845-48f3-828f-7881b13a9634,364134,2013-08-03,2013-08-03,-105.789038,35.792921,3347.0,,15.0,30.6,,14.9,,1013.6,Amanita muscaria flavivolvata,Santa Fe Ski Basin,1,
971c4f71-fba5-4780-8425-976d286b5e84,394771409,2026-08-26 10:26:58-06:00,2026-08-26,-107.8258352115,37.8550298153,2981.0,,,,,,,,Amanita muscaria flavivolvata,"San Miguel County, US-CO, US",1,
f121e5fc-ed90-4f51-b3e0-9c5ea8324f52,394018817,2026-08-23 12:54:50-06:00,2026-08-23,-105.389855,39.5170116667,2739.0,,,,,,,,Amanita muscaria flavivolvata,"Staunton State Park, Pine, CO, US",1,
2bbd4400-bcec-445e-addd-c733f2569830,333557421,2025-10-26 15:43:56-07:00,2025-10-26,-122.168891,45.652436,186.0,,4.0,11.0,4.2,6.5,,1014.6,Amanita muscaria flavivolvata,"Washougal, WA 98671, USA",2,
0c69a476-6688-419d-aa33-33e3c5f622aa,332101301,2025-09-24 10:15:36-07:00,2025-09-24,-121.7548351373,45.3496104436,1644.0,,7.0,30.0,0.0,1.5,,1016.7,Amanita muscaria flavivolvata,"Pacific Crest Trail, Rhododendron, OR, US",3,
9f23fddc-7b1d-4bd8-8ca3-9dc34084c535,324359305,2025-11-01 10:30:27-07:00,2025-11-01,-121.9150277778,45.3686777778,498.0,,7.0,16.0,0.5,11.2,,1015.8,Amanita muscaria flavivolvata,"Mt Hood Village, OR, USA",2,
88a81fd8-3122-46c5-a82a-1551286e89e4,320457101,2025-10-11 14:09:38-07:00,2025-10-11,-121.5789084738,45.3219369289,1214.0,,8.0,13.0,1.2,2.2,,,Amanita muscaria flavivolvata,"Mt. Hood Park Division Recreation Area, Mount Hood Parkdale, OR, US",1,
0b7f8cf0-3923-4285-9e82-336325076e2e,318947596,2025-10-05 11:34:23-07:00,2025-10-05,-121.7685101274,45.3000678588,1152.0,,5.0,21.0,0.0,2.2,,1020.1,Amanita muscaria flavivolvata,"Rhododendron, OR 97049, USA",3,
c635752c-fe60-4ae9-a1e6-89275ab0f3e3,279118974,2024-10-15 10:58:17-07:00,2024-10-15,-122.2787728161,45.3406201692,281.0,,15.0,19.4,,3.2,,1018.1,Amanita muscaria flavivolvata,"Eagle Creek, OR 97022, USA",3,
67e16592-a916-4c1e-ae4a-473bf789b977,250364270,2024-11-03 13:38:55-08:00,2024-11-03,-121.9631722222,45.3417777778,422.0,,10.0,14.4,,7.1,,1022.3,Amanita muscaria flavivolvata,"Welches, Mt Hood Village, OR 97067, USA",2,
9e77f63c-118f-4e68-87c9-5d3792c21368,247012451,2024-10-12 12:58:43-07:00,2024-10-12,-121.5667903406,45.649904707,191.0,,7.6,21.0,0.0,6.7,,1019.6,Amanita muscaria flavivolvata,"Hood River, Hood River, OR, US",3,
0265d6d9-32e2-471d-8eeb-33f16e6392a4,246810492,2024-09-19 17:13:02-07:00,2024-09-19,-121.7009116667,45.279975,1156.0,,10.8,22.9,0.0,13.6,,1014.2,Amanita muscaria flavivolvata,"Mt. Hood Park Division Recreation Area, Government Camp, OR, US",2,
ad5e720f-bd19-4bf7-9e07-6d358d3a6d0d,245026685,2024-09-30 18:29:57-07:00,2024-09-30,-122.0437284817,45.2970195032,1266.0,,6.1,22.8,0.0,15.6,,1026.3,Amanita muscaria flavivolvata,"Clackamas County, US-OR, US",1,
9fcd91c3-558f-48f2-a8c7-1ed40073f3e2,243374612,2024-09-20 13:11:26-07:00,2024-09-20,-121.6835416667,45.280545,1280.0,,10.8,19.5,0.0,16.6,,1017.7,Amanita muscaria flavivolvata,"Mt. Hood Park Division Recreation Area, Mount Hood Parkdale, OR, US",1,
6d0b3d05-a25f-479a-abfe-0eaa6632533e,241774578,2024-09-14 18:19:04-07:00,2024-09-14,-121.7381665603,45.2682983908,1112.0,,12.6,21.9,0.0,12.8,,1012.1,Amanita muscaria flavivolvata,"Trillium Lake, Government Camp, OR, US",1,
2433d214-db6f-439c-8c28-408c8be54e97,236922808,2024-08-20 08:11:23-07:00,2024-08-20,-121.7540583333,45.2970583333,1221.0,,12.3,25.4,0.0,11.1,,1018.2,Amanita muscaria flavivolvata,"Rhododendron, OR 97049, USA",2,
209e8f72-eb45-46ac-af83-4ded362c5c27,187610544,2023-10-14 12:51:13-07:00,2023-10-14,-121.5702419722,45.519382,505.0,,10.2,18.1,0.6,4.6,,1017.3,Amanita muscaria flavivolvata,"MT HOOD PRKDL, OR 97041, USA",2,
f9fc4c77-670f-42a7-94c3-407fad692f36,187610342,2023-10-14 12:44:15-07:00,2023-10-14,-121.569997,45.519153,505.0,,10.2,18.1,0.6,4.6,,1017.3,Amanita muscaria flavivolvata,"MT HOOD PRKDL, OR 97041, USA",3,
7b69ce8b-aa97-4081-94e4-c242368f53eb,186738890,2023-10-08 08:27:45-07:00,2023-10-08,-121.8080649152,45.7286668099,152.0,,11.4,24.7,0.0,5.5,,1010.6,Amanita muscaria flavivolvata,"Skamania County, US-WA, US",1,
0e483f93-e413-459e-8874-8abbd8cbf837,181451929,2023-09-01 11:02:31-07:00,2023-09-01,-121.7329701253,45.3988881665,1677.0,,12.7,23.6,0.2,7.3,,1010.8,Amanita muscaria flavivolvata,"Hood River County, US-OR, US",2,
462a2995-e233-4171-bb8b-c8efb6e87a91,140220273,2022-10-20 13:48:22-07:00,2022-10-20,-122.1113327371,45.5994976609,3.0,,8.3,20.6,0.0,3.1,,1019.3,Amanita muscaria flavivolvata,"Columbia River Gorge National Scenic Area - Headquarters, Stevenson, WA, US",1,
54b199ad-b993-4260-a230-78c008530498,138413419,2022-10-09 11:54:00-07:00,2022-10-09,-121.6154552576,45.2376644859,1062.0,,12.2,26.5,0.0,3.3,,1019.9,Amanita muscaria flavivolvata,"Oregon, US",1,
11bb392b-91d0-408e-a4c0-ad6c70862585,98851645,2021-10-12 10:12:02-07:00,2021-10-12,-121.8032771721,45.7261192059,131.0,,,,,,,,Amanita muscaria flavivolvata,"Carson, WA, USA",1,
fefe4779-0efd-4868-8650-11698fcc227c,97504791,2021-10-07 10:39:04-07:00,2021-10-07,-121.4032435332,45.3444882881,1147.0,,3.9,20.0,0.0,4.4,,1018.5,Amanita muscaria flavivolvata,"Oregon, US",1,
3fc4f38a-ea95-47e5-8d06-6d5bf58b67ba,96006929,2021-09-24 13:45:55-07:00,2021-09-24,-121.7381515503,45.2683906555,1112.0,,,,,,,,Amanita muscaria flavivolvata,Government Camp,1,
10953ce0-536c-4ac8-928f-cb7791522e64,96006886,2021-09-24 13:45:25-07:00,2021-09-24,-121.7381668091,45.2683944702,1112.0,,,,,,,,Amanita muscaria flavivolvata,Government Camp,1,
d91b8f6a-c568-4f48-b1b5-f0540134b2ca,92252729,2021-08-13 14:58:04-07:00,2021-08-13,-121.6623948,45.3255843997,1620.0,,,,,,,,Amanita muscaria flavivolvata,"Mt Hood, OR 97041, USA",1,
54ea166a-e470-4d69-b353-8ad43deb5c44,67215806,2019-08-29 17:35:15-05:00,2019-08-29,-121.7549533333,45.3631166667,1578.0,,,,,,,,Amanita muscaria flavivolvata,"Mt. Hood Park Division Recreation Area, Rhododendron, OR, US",2,
7f1711d2-9339-4bfa-83c2-ff9656bca54c,65694417,2020-10-12 12:38:21-07:00,2020-10-12,-121.7667783333,45.301475,1152.0,,,,,,,,Amanita muscaria flavivolvata,"Mt. Hood Park Division Recreation Area, Government Camp, OR, US",2,
b9f13c72-a509-4716-afbd-9497da194277,65241920,2016-09-25,2016-09-25,-121.9935,45.1752,1270.0,,,,,,,,Amanita muscaria flavivolvata,"Mount Hood National Forest, Clackamas Co., Oregon, USA",2,
cac3930f-4a82-460e-8390-4df96023063f,65239266,2014-10-03,2014-10-03,-121.7,45.3515,2309.0,,,,,,,,Amanita muscaria flavivolvata,"Mount Hood, Mount Hood National Forest, Oregon, USA",2,
ba7cde7c-5afa-4b85-814d-605fd395f574,65238736,2014-09-07,2014-09-07,-121.7,45.3515,2309.0,,,,,,,,Amanita muscaria flavivolvata,"Mount Hood, Mount Hood National Forest, Oregon, USA",2,
49ec4232-242e-437d-b564-4b34d80c741b,65237112,2013-10-04,2013-10-04,-121.7,45.3515,2309.0,,,,,,,,Amanita muscaria flavivolvata,"Mount Hood, Mount Hood National Forest, Oregon, USA",2,
4f3dfed2-95fe-4d5a-b77b-c820539e30ad,63372058,2020-10-21 13:48:20-07:00,2020-10-21,-121.9179063401,45.2634021334,603.0,,6.1,15.0,,4.5,,1021.8,Amanita muscaria flavivolvata,"Oregon, US",1,
d3ec9d78-9b86-4aeb-94d6-99d653b8cdd8,62974702,2020-10-18 12:39:16-07:00,2020-10-18,-122.2767514489,45.3197873166,291.0,,12.8,19.4,,8.3,,1020.0,Amanita muscaria flavivolvata,"97022, Eagle Creek, OR, US",1,
db5c75b7-4569-482f-bafc-cedf225fbf22,33296006,2019-09-23 12:00:25-07:00,2019-09-23,-121.77163,45.29715,1179.0,,,,,,,,Amanita muscaria flavivolvata,"Mt. Hood National Forest, Government Camp, OR, US",2,
7ee10aba-2133-452c-a770-74dee03b1db2,32308372,2019-09-07 14:13:41-07:00,2019-09-07,-121.6556679179,45.3977755784,1875.0,,17.2,30.0,,19.3,,1013.0,Amanita muscaria flavivolvata,"Hood River County, US-OR, US",1,
01a0e1da-6a0d-488c-845d-ac9be131bce6,22905935,2018-11-05 12:34:49-05:00,2018-11-05,-122.2315436829,45.5467780123,18.0,,9.4,15.0,,6.7,,,Amanita muscaria flavivolvata,"Rooster Rock State Park, Corbett, OR, US",1,
7115def3-3c09-4ed0-9fa5-3c66b220d514,17712491,2018-10-01,2018-10-01,-121.795,45.30895,1029.0,,,,,,,,Amanita muscaria flavivolvata,"Barlow Trail, Laurel Ridge, Government Camp, Zigzag Ranger District, Mount Hood National Forest, Clackamas Co., Oregon, USA",2,
e9db41e0-f570-488f-a284-90092ddca09e,17712485,2018-09-27,2018-09-27,-121.795,45.30895,1029.0,,,,,,,,Amanita muscaria flavivolvata,"Barlow Trail, Laurel Ridge, Government Camp, Zigzag Ranger District, Mount Hood National Forest, Clackamas Co., Oregon, USA",1,
556dea4e-9773-425d-9a01-0506fdee2b1b,17227467,2018-10-02,2018-10-02,-121.795,45.30895,1029.0,,,,,,,,Amanita muscaria flavivolvata,"Barlow Trail, Laurel Ridge, Government Camp, Zigzag Ranger District, Mount Hood National Forest, Clackamas Co., Oregon, USA",1,
f3015927-5a0a-4970-90d7-a07e20dc575b,16918412,2018-09-23,2018-09-23,-121.795,45.30895,1029.0,,,,,,,,Amanita muscaria flavivolvata,"Barlow Trail, Laurel Ridge, Government Camp, Zigzag Ranger District, Mount Hood National Forest, Clackamas Co., Oregon, USA",2,
766d7957-81ed-4cf8-9800-727d9e8bfebf,16823711,2018-09-21,2018-09-21,-121.795,45.30895,1029.0,,,,,,,,Amanita muscaria flavivolvata,"Barlow Trail, Laurel Ridge, Government Camp, Zigzag Ranger District, Mount Hood National Forest, Clackamas Co., Oregon, USA",2,
4d0c18e1-694b-4a6a-b667-559d1519b52b,16668122,2018-09-17 15:02:55-07:00,2018-09-17,-121.73266442,45.40145383,1696.0,,,,,,,,Amanita muscaria flavivolvata,"Hood River County, US-OR, US",2,
e18e8c3c-eae1-47fe-9f56-ff5af46ccf78,321905864,2025-10-17 16:39:48-07:00,2025-10-17,-122.12603,44.82184,1146.0,,,,,,,,Amanita muscaria flavivolvata,"Marion County, US-OR, US",2,84PVRVCF+
a1ebb797-4f36-44b6-b383-a71d7e0fa39e,321905813,2025-10-17 15:53:45-07:00,2025-10-17,-122.127324,44.820979,1147.0,,,,,,,,Amanita muscaria flavivolvata,"Marion County, US-OR, US",2,84PVRVCF+
ee9c48ec-b347-4953-a420-4745f1c4b5d5,321905708,2025-10-17 15:55:49-07:00,2025-10-17,-122.127285,44.8208089722,1150.0,,,,,,,,Amanita muscaria flavivolvata,"Marion County, US-OR, US",1,84PVRVCF+
c0796bd3-1654-41fe-8765-7c2ee2a232aa,188892271,2023-10-19 10:42:57-07:00,2023-10-19,-122.3127139722,45.224335,372.0,,8.3,21.7,0.0,0.8,,1018.0,Amanita muscaria flavivolvata,"Estacada, OR 97023, USA",1,84QV6MFP+
07eac835-ae1e-4bed-b976-c41041a1117f,159448189,2020-10-24 14:49:48-07:00,2020-10-24,-122.3125139722,45.2251309722,375.0,,6.1,12.8,,15.4,,1019.7,Amanita muscaria flavivolvata,"Estacada, OR 97023, USA",1,84QV6MGP+
ff15e961-3df4-4705-a8e9-2ccc82e8edeb,68223356,2020-11-19 03:36:42+00:00,2020-11-19,-122.3952676412,45.2314850126,360.0,,5.6,10.0,,13.1,,1025.8,Amanita muscaria flavivolvata,"Oregon, US",2,84QV6JJ3+
79d8f6a2-14f7-4c22-8169-9df7047d6685,62939655,2020-10-18 13:45:54-07:00,2020-10-18,-122.3520401433,45.3334782608,112.0,,12.8,19.4,,8.3,,1020.0,Amanita muscaria flavivolvata,"SE Talons Rd, Eagle Creek, OR, US",1,84QV8JMX+
c567eaca-d7d8-44fa-bee8-40c9912fd619,7001231,2015-11-20,2015-11-20,-122.4085,45.28935,207.0,,2.2,10.6,0.0,14.9,,1029.0,Amanita muscaria flavivolvata,"Natural Nobels Christmas Tree Farm, Estacada, Clackamas Co., Oregon, USA",2,84QV7HQR+
