uuid,inat_id,timestamp,date,lon,lat,elevation,tavg,tmin,tmax,precipitation,windspeed,winddirection,presure,species,location,num_identification_agreements
e6c64a6d-ad76-48fd-a4ea-d86f30ffe213,394103390,2026-08-23 10:29:37-06:00,2026-08-23,-105.6836388633,40.3425191758,2940.0,,,,,,,,Boletus rubriceps,"Estes Park, CO 80517, USA",1
f537a6d2-ccdb-4a29-8fed-31b480031bdd,393986971,2026-08-23 08:56:06-06:00,2026-08-23,-105.7715194444,39.5769,3363.0,,,,,,,,Boletus rubriceps,"Dillon, CO 80435, USA",1
6f010f23-f2dc-4e25-ae3f-3300c4258f79,393982848,2026-08-23 12:36:32-06:00,2026-08-23,-105.7715611111,39.5765083333,3363.0,,,,,,,,Boletus rubriceps,"Dillon, CO 80435, USA",1
e797f178-4a27-45fb-b153-dcf043cd0bd8,393544506,2026-08-21 15:50:55-06:00,2026-08-21,-105.6372199,39.6166233,3480.0,,,,,,,,Boletus rubriceps,"Golden, CO 80439, USA",1
7d015a6a-3838-492a-82a3-2fb01db4f558,393461323,2026-08-17 17:50:08-06:00,2026-08-17,-105.9585416667,40.551545,2841.0,,2.0,26.0,0.0,5.0,,,Boletus rubriceps,"Jackson County, US-CO, US",1
2a86d463-83e2-478d-a3d9-4e591ad932f3,393371346,2026-08-15 12:10:00-06:00,2026-08-15,-105.6414555556,40.3992111111,2802.0,,8.1,24.9,0.9,5.1,,,Boletus rubriceps,"Larimer County, CO, USA",1
55a393b5-72f0-4173-a37b-c82fc318ec2a,393171805,2026-08-20 11:36:57-06:00,2026-08-20,-105.6414540858,40.2904328239,3057.0,,,,,,,,Boletus rubriceps,"Rocky Mountain, Rocky Mountain National Park, Rocky Mountain National Park, Larimer County, US-CO, US",1
a846f8ef-c33c-42a5-8d94-cfd1d4361c41,392840458,2026-08-18 18:42:45-06:00,2026-08-18,-108.183355,37.8140133333,3273.0,,7.3,25.2,0.6,11.4,,1020.9,Boletus rubriceps,"Dolores, CO, US",1
3c2c9bce-4cee-4465-8552-9cdddb05e35b,392802245,2026-08-14 06:49:18-06:00,2026-08-14,-105.8818921461,40.501360403,3071.0,,8.0,23.0,2.3,6.6,,,Boletus rubriceps,"Rocky Mountain National Park, Jackson County, US-CO, US",1
9795437e-cad1-45a1-b4f6-8d75de86ee72,392293065,2026-08-13 10:52:00-06:00,2026-08-13,-107.8995888889,37.8133666667,3101.0,,10.0,17.0,1.8,2.9,,,Boletus rubriceps,"San Miguel County, CO, USA",2
aa0a322d-104e-49e5-972e-7a4e10c6ec37,392182382,2026-08-14 10:53:07-06:00,2026-08-14,-105.9035716667,40.6574666667,2930.0,,8.0,23.0,2.3,6.6,,,Boletus rubriceps,"Rawah Trail, Bellvue, CO, US",1
26122988-3bab-44a4-8e2d-0fb32e75882d,391989289,2026-08-16 12:08:38-06:00,2026-08-16,-106.6356583333,40.6457333333,3044.0,,7.5,28.4,0.0,3.2,,,Boletus rubriceps,"Rainbow Lakes Trail, Walden, CO, US",1
f8e53654-8543-4382-b25b-1c7c9c2a6033,391954804,2026-08-16 15:02:12-06:00,2026-08-16,-105.9124630739,39.4205981837,3248.0,,3.9,22.2,0.2,3.7,,,Boletus rubriceps,"Park County, US-CO, US",1
82839398-144e-467b-ac60-fa43950eaff0,391592023,2026-08-15 12:09:45-06:00,2026-08-15,-105.6415033333,40.3992416667,2802.0,,8.1,24.9,0.9,5.1,,,Boletus rubriceps,"Abandoned Beaver Colony Boardwalk, Estes Park, CO, US",1
35326177-6f56-4ded-b6c7-d1da39597020,391258375,2026-08-14 10:04:47-06:00,2026-08-14,-105.7877116667,40.429425,3461.0,,9.3,25.0,5.5,5.8,,,Boletus rubriceps,"Rocky Mountain, Rocky Mountain National Park, Rocky Mountain National Park, Larimer County, US-CO, US",1
6aac59f7-52bc-435d-b2d4-ac891f0d7f2e,391231554,2026-08-14 08:46:56-06:00,2026-08-14,-107.9827870243,37.8414904993,3841.0,,10.0,19.0,4.5,2.8,,,Boletus rubriceps,"Colorado, US",2
61e08a78-9154-413a-9485-d4dd325171c3,390977110,2026-08-13 13:06:08-06:00,2026-08-13,-108.029673,37.9949349722,2271.0,,10.0,17.0,1.8,2.9,,,Boletus rubriceps,"The Bivi WB, Placerville, CO 81430, USA",1
93cc4d18-9625-488a-94a1-5980059cea0f,390756289,2026-08-09 18:50:33-06:00,2026-08-09,-105.7415377639,39.7448384528,3428.0,,10.0,14.0,0.9,8.7,,,Boletus rubriceps,"Colorado, US",1
af75b617-e5bf-4af2-8f8d-33847ee05279,390755903,2026-08-09 17:20:15-06:00,2026-08-09,-105.6675147993,39.5533885993,3335.0,,10.0,14.0,0.9,8.7,,,Boletus rubriceps,"Colorado, US",1
0aefba5c-d105-4614-8158-16ffce90d28d,390755711,2026-08-09 16:05:22-06:00,2026-08-09,-105.6415969604,39.5319057064,3566.0,,10.0,14.0,0.9,8.7,,,Boletus rubriceps,"Colorado, US",1
a89eb645-90bd-41ed-b635-0d49c6895ae4,390704284,2026-08-12 11:33:43-06:00,2026-08-12,-106.7136032694,35.9656890901,2648.0,,17.9,30.4,0.1,7.9,,,Boletus rubriceps,"Sandoval County, US-NM, US",2
8987f5ce-d6fb-45b3-9f07-1bc4a5a9bea1,390704167,2026-08-12 12:26:07-06:00,2026-08-12,-106.7180965562,35.9617203428,2624.0,,17.9,30.4,0.1,7.9,,,Boletus rubriceps,"Sandoval County, US-NM, US",1
93049492-b70e-4324-8ae8-732ef2b715fb,390704112,2026-08-12 13:17:23-06:00,2026-08-12,-106.725696344,35.9601097182,2621.0,,17.9,30.4,0.1,7.9,,,Boletus rubriceps,"Sandoval County, US-NM, US",1
f5b55d6b-bb8e-4080-a682-bbf58e261ad4,390672939,2026-08-12 10:40:49-06:00,2026-08-12,-105.7845717997,39.8102007997,3391.0,,5.0,13.0,7.9,8.2,,,Boletus rubriceps,"Winter Park, CO 80482, USA",2
7352f215-3a08-422d-85f2-9cfbb9b6960d,390598461,2026-08-11 09:34:02-06:00,2026-08-11,-106.3282205844,38.4976895175,3495.0,,10.0,19.0,0.7,11.6,,,Boletus rubriceps,"Chaffee County, US-CO, US",2
17fbef57-9f68-497c-b104-15f03375e4c0,390594586,2025-07-26 13:00:00-06:00,2025-07-26,-106.2554246626,39.7443201408,3246.0,,12.0,17.0,0.0,13.7,,1037.7,Boletus rubriceps,"Slate Creek Trail, Silverthorne, CO, US",1
7e73e7a9-f56d-49de-a536-42d022a75d5a,390466604,2026-08-11 10:41:25-06:00,2026-08-11,-105.4583366667,39.48087,2663.0,,6.0,14.0,4.6,9.4,,,Boletus rubriceps,"Wagon Tongue Rd, Bailey, CO, US",2
d3038ca7-0be4-4811-a6c4-215727932dbf,390427663,2026-08-11 14:18:51-06:00,2026-08-11,-107.3298438915,39.9632412409,3361.0,,17.8,33.3,0.0,5.1,,,Boletus rubriceps,"Colorado, US",2
ec42e9e0-b2bb-4ccc-8e6a-2f4e8f12280c,390415725,2026-08-09 14:10:46-06:00,2026-08-09,-107.8809966667,37.8458116667,2906.0,,13.0,27.0,0.0,4.9,,,Boletus rubriceps,"San Miguel County, US-CO, US",1
06d7eee5-a2ab-4a6e-bbf5-df4bd2fbd4b4,390415691,2026-08-09 14:08:24-06:00,2026-08-09,-107.8810283333,37.8458116667,2906.0,,13.0,27.0,0.0,4.9,,,Boletus rubriceps,"San Miguel County, US-CO, US",1
0b6746bc-23c4-4b54-ac58-55be8cd60f5c,390415658,2026-08-09 14:06:40-06:00,2026-08-09,-107.881005,37.8460783333,2922.0,,13.0,27.0,0.0,4.9,,,Boletus rubriceps,"San Miguel County, US-CO, US",1
67f228c2-9900-48bd-8453-814c438e41e9,390415538,2026-08-09 13:13:10-06:00,2026-08-09,-107.8807803837,37.8457049994,2906.0,,13.0,27.0,0.0,4.9,,,Boletus rubriceps,"San Miguel County, US-CO, US",1
a83a92bf-9891-45af-96bc-2014ff7e58d8,390112223,2026-08-08 13:47:00-06:00,2026-08-08,-104.9836961111,38.7383969444,3076.0,,16.0,33.3,0.3,5.4,,,Boletus rubriceps,"Teller County, CO, USA",1
6c43314d-5909-47ce-937f-9060889022f3,390090248,2026-08-10 13:09:57-06:00,2026-08-10,-107.8023297253,39.0659082059,3193.0,,18.9,36.6,0.0,6.9,,,Boletus rubriceps,"Colorado, US",1
cc591ed0-697d-482d-bd58-d34f4a9ac3bd,390090145,2026-08-10 12:22:24-06:00,2026-08-10,-107.9056079186,39.1483924959,2724.0,,18.9,36.6,0.0,6.9,,,Boletus rubriceps,"Colorado, US",1
7cd2609d-9d5c-4e70-88dc-193d232eef50,390038525,2026-08-10 10:40:46-06:00,2026-08-10,-105.5662833333,40.3401083333,2417.0,,18.4,34.5,1.6,3.9,,,Boletus rubriceps,"SH-66, Estes Park, CO, US",1
1d32c9f2-eba1-4cc1-bf14-2d62a634e451,389896700,2026-08-05 12:50:31-06:00,2026-08-05,-106.6372,35.9913333333,2695.0,,18.8,31.9,0.3,4.7,,,Boletus rubriceps,"Forest Service Road 527, Jemez Springs, NM, US",1
ab15ce0f-49b8-4784-b40f-1cd9b6da9a76,389778011,2026-08-04 17:31:33-06:00,2026-08-04,-105.8506383333,40.3955716667,2748.0,,11.7,27.2,0.0,14.1,,,Boletus rubriceps,"Rocky Mountain National Park, Grand Lake, CO, US",1
af93eac3-cd74-45d5-b322-acc562f31b01,389664305,2026-08-08 17:17:25-06:00,2026-08-08,-105.6420966667,39.922345,3180.0,,10.0,16.0,1.6,12.1,,1021.0,Boletus rubriceps,"Rollins Pass Rd, Black Hawk, CO, US",2
7b667cc6-b60d-4e5b-91c5-e504543603b8,389494303,2026-08-08 11:24:39-06:00,2026-08-08,-106.7139583333,35.9622383333,2656.0,,16.7,31.2,6.0,7.8,,,Boletus rubriceps,"Jemez Springs, NM, US",1
49e01c85-9ecc-467f-85d3-ced483de7d12,389476353,2026-08-08 12:53:16-06:00,2026-08-08,-104.98081945,38.74030366,3118.0,,16.0,33.3,0.3,5.4,,,Boletus rubriceps,"Teller County, US-CO, US",2
ded9d0a8-083b-49c4-9aa2-64f0cd0b66a5,389440724,2026-08-08 09:14:35-06:00,2026-08-08,-107.7549283333,37.7463616667,3093.0,,15.0,26.0,0.0,4.0,,1018.3,Boletus rubriceps,"San Juan National Forest - Headquarters, Silverton, CO, US",1
308a950f-b309-48a8-9f7e-946ab95b4221,389434805,2026-08-08 11:22:30-06:00,2026-08-08,-105.702993409,39.8226358224,3600.0,,10.0,16.0,1.6,12.1,,1021.0,Boletus rubriceps,"Colorado, US",1
cc31661d-6862-469c-941f-9b9a022c1432,389422287,2026-08-08 11:32:13-06:00,2026-08-08,-105.8493306488,39.6988755087,3143.0,,10.0,16.0,1.6,12.1,,1021.0,Boletus rubriceps,"Clear Creek County, US-CO, US",1
b950656d-f5a5-481f-b2b2-acf11372f645,389378477,2026-08-07 09:53:04-06:00,2026-08-07,-106.1397090016,39.7450364422,2667.0,,10.0,20.0,0.0,4.7,,1020.3,Boletus rubriceps,"Summit County, US-CO, US",1
036b8a74-5257-4ff9-956d-b16a16056317,389204223,2026-08-07 10:56:09-06:00,2026-08-07,-105.1272289158,38.6486453168,2871.0,,20.0,38.0,0.0,9.4,,,Boletus rubriceps,"Colorado, US",2
d186de42-01a4-4ebe-8785-8463e2d5a2d4,389020629,2026-08-04 13:02:08-06:00,2026-08-04,-105.5902063521,40.196309612,2770.0,,11.7,27.2,0.0,14.1,,,Boletus rubriceps,"Rocky Mountain, Rocky Mountain National Park, Boulder County, US-CO, US",1
d21cfd7f-bc54-4a6e-86be-9ae1f0484ef0,388878402,2026-08-06 10:28:40-06:00,2026-08-06,-105.1567507537,38.8672132616,2867.0,,14.0,31.2,0.0,4.9,,,Boletus rubriceps,"Colorado, US",1
940f46d3-0ff6-4053-8412-506304512d42,388754985,2026-08-05 13:42:10-06:00,2026-08-05,-106.6686237583,40.8311338448,3378.0,,1.0,26.0,0.0,5.7,,,Boletus rubriceps,"Clark, CO, US",2
61427bb1-4aca-45e1-a2fb-03cf972dae11,388740525,2026-08-05 14:25:08-06:00,2026-08-05,-106.6265346576,35.9873808687,2743.0,,18.8,31.9,0.3,4.7,,,Boletus rubriceps,"Sandoval County, US-NM, US",1
42587220-fbe6-4e87-a4aa-eca6086f51ee,388392139,2026-08-04 16:01:11-06:00,2026-08-04,-105.7833325271,39.7347063514,3513.0,,3.0,15.0,2.3,15.5,,,Boletus rubriceps,"Colorado, US",2
650942ab-0edc-424a-a2ab-c33c71815a1c,388306814,2026-08-04 12:51:13-06:00,2026-08-04,-108.12403542,37.7561116778,2705.0,,13.0,27.0,0.0,5.0,,,Boletus rubriceps,"Dolores County, US-CO, US",1
03c7c560-3c89-4764-aae2-8d8aeec362fa,388293775,2026-08-04 12:53:16-06:00,2026-08-04,-105.619705,39.9538533333,2966.0,,3.0,15.0,2.3,15.5,,,Boletus rubriceps,"Devils Thumb Trail, Nederland, CO, US",1
675fa64e-971f-4026-b885-8554f966e155,387174544,2026-07-30 16:15:32-06:00,2026-07-30,-106.9367787697,38.5542516433,2357.0,,11.1,30.0,0.0,3.1,,,Boletus rubriceps,"N 11th St, Gunnison, CO, US",1
6caa642b-9996-4428-bf37-f99895e089cb,386645193,2026-07-29 18:26:55-06:00,2026-07-29,-106.2259952724,41.3738717587,3172.0,,13.9,26.6,4.8,14.5,,1013.0,Boletus rubriceps,"Centennial, WY 82055, USA",1
ffdc776c-9b1e-4301-bc8d-d98ec319e942,386480251,2026-07-27 14:15:50-06:00,2026-07-27,-105.6588216667,39.9051366667,3070.0,,7.0,13.0,8.2,10.3,,1021.3,Boletus rubriceps,"Forest Lakes Trail, Black Hawk, CO, US",1
18f195b2-8d55-4390-881e-4755c9a87ecb,385760473,2026-07-25 11:31:56-06:00,2026-07-25,-106.3165283333,41.3487366667,3315.0,,15.6,29.8,0.6,13.2,,1015.0,Boletus rubriceps,"Lakes Trail, Centennial, WY, US",1
813881a8-3583-464c-a200-432bc8cfdde6,385703664,2026-07-27 09:11:06-06:00,2026-07-27,-106.3151489426,41.3509627596,3325.0,,17.3,27.6,5.2,12.6,,1014.6,Boletus rubriceps,"Albany County, US-WY, US",1
096dfc44-4492-4854-85db-d16dc58ed39c,384596590,2026-07-24 10:34:27-06:00,2026-07-24,-106.5044784546,35.834941864,2598.0,,19.8,29.7,12.6,4.8,,,Boletus rubriceps,"Valles Caldera National Preserve, Sandoval County, US-NM, US",1
127f5817-0396-4b26-911d-0dad956de687,384399753,2026-07-23 15:57:50-06:00,2026-07-23,-106.3227216667,41.3307283333,3202.0,,16.0,26.0,12.1,6.4,,,Boletus rubriceps,"Tipple Trail, Encampment, WY, US",2
ea2da832-812c-4dbf-a2a6-09d9d11921f1,384059451,2026-07-21 15:46:06-06:00,2026-07-21,-105.7791460484,39.8766265141,3201.0,,7.0,15.0,1.9,17.6,,,Boletus rubriceps,"Colorado, US",1
0dc4fe88-d8ba-4d52-812b-5342962bef7e,383268719,2026-07-19 12:30:59-06:00,2026-07-19,-106.0567803437,41.5506563036,2309.0,,16.2,29.4,3.8,14.0,,1014.5,Boletus rubriceps,"Wyoming, US",1
faee81d2-0dcd-4160-8851-83ec1be80864,382631209,2021-07-15 15:42:42-06:00,2021-07-15,-105.2003783333,36.4410083333,3001.0,,8.2,19.8,4.1,6.4,,1028.9,Boletus rubriceps,"Ute Park, NM, US",1
65d417f3-646e-4967-9c86-3b217e7fcde3,382129982,2026-07-16 13:25:11-06:00,2026-07-16,-105.5904466667,40.0757638333,3224.0,,9.3,29.1,0.5,6.0,,1014.5,Boletus rubriceps,"Pawnee Pass Trail, Ward, CO, US",2
fa4518b5-dc3a-468c-9975-1973ac10c967,381582747,2026-07-13 17:03:22-06:00,2026-07-13,-105.7342383333,40.1661833333,3292.0,,9.0,31.6,0.0,2.8,,,Boletus rubriceps,"Watanga Lake Trail, Grand Lake, CO, US",1
c2f81e1d-ece1-493a-898e-3e69dda5f1d3,381049594,2026-07-08 13:52:01-06:00,2026-07-08,-107.9536533333,39.0704471667,3130.0,,21.5,36.6,0.6,6.2,,,Boletus rubriceps,"Mesa County, US-CO, US",1
03b44392-b374-4df7-a189-c68a545c5086,380552794,2026-07-03 17:16:00-06:00,2026-07-03,-105.9903,40.50526,2798.0,,1.0,24.0,0.0,6.8,,,Boletus rubriceps,"G245+4V Gould, CO, USA",1
fba67c9e-d077-4042-9791-251bf6199ebc,378555573,2026-07-05 12:13:37-06:00,2026-07-05,-106.3994487461,41.2365469221,2733.0,,8.0,31.0,0.0,4.9,,1014.6,Boletus rubriceps,"Wyoming, US",1
c3247ff9-5f77-4352-bc8d-ae4875999489,394158630,2026-08-22 18:36:16-06:00,2026-08-22,-107.8695406392,39.0903836659,3168.0,,,,,,,,Boletus rubriceps,"Collbran, CO 81624, USA",1
f8a4567b-a5c3-4f4c-89cb-fcdfe4de48a0,377344044,2026-07-01 11:37:56-06:00,2026-07-01,-108.1519782997,39.0360713997,3136.0,,10.4,32.2,0.0,7.0,,,Boletus rubriceps,"Eckert, CO 81418, USA",2
7cc3db6d-3ec2-4af7-9ac2-37ada05eea28,374411719,2026-06-22 08:37:58-06:00,2026-06-22,-105.8127971231,40.2539742136,2587.0,,5.6,25.4,0.5,4.1,,,Boletus rubriceps,"Grand Lake, CO, US",2
607970c0-9113-44ff-bab3-74edfef2c196,374366265,2026-06-21 14:21:52-06:00,2026-06-21,-105.8492478067,40.4104057983,2776.0,,6.0,25.0,0.0,5.9,,,Boletus rubriceps,"Rocky Mountain, Rocky Mountain National Park, Rocky Mountain National Park, Grand County, US-CO, US",1
83114fe4-22d7-4262-b9e0-7290655ed58b,367923505,2022-07-26 17:12:34-06:00,2022-07-26,-105.6416883333,39.4143283333,3400.0,,5.4,18.8,0.2,7.4,,1017.1,Boletus rubriceps,"Ben Tyler Trail, Grant, CO, US",1
68d51b60-bda0-475f-881a-799370835e42,347741110,2025-07-26 12:23:57-06:00,2025-07-26,-104.9722169076,37.9671975573,2269.0,,15.0,34.0,0.0,11.5,,1011.2,Boletus rubriceps,"Rye, CO, US",1
f43c1606-da0d-4853-b419-92261accf602,345031062,2024-08-17 11:51:11-06:00,2024-08-17,-105.548966236,39.4703128464,3009.0,,2.2,17.0,0.1,11.0,,1021.7,Boletus rubriceps,"Colorado, US",1
009ba6a9-10ce-4a0f-826f-7cbfdac1146f,341438713,2021-08-01 11:16:31-06:00,2021-08-01,-105.6464,40.2944216667,3020.0,,8.8,23.3,0.0,5.4,,1034.2,Boletus rubriceps,"Rocky Mountain, Rocky Mountain National Park, Rocky Mountain National Park, Larimer County, US-CO, US",1
05707310-68b6-4b8c-8d20-002920cbbaec,340093451,2021-07-13 11:49:32-06:00,2021-07-13,-105.547425,40.0404471667,3062.0,,20.0,26.0,0.5,9.8,,1020.5,Boletus rubriceps,"Nederland, CO, US",2
1908cf3c-b2f9-4e8b-9e28-ea3f7644c359,328274318,2025-08-17 13:29:00-06:00,2025-08-17,-105.4317861111,36.5651361111,3312.0,,0.5,25.0,0.0,5.6,,1029.6,Boletus rubriceps,"Taos County, NM, USA",2
f0d4dde3-fa1e-4b83-a586-a38ca2547dc0,327391972,2025-07-01 12:32:38-06:00,2025-07-01,-105.3369115997,39.3420947997,2242.0,,8.0,18.0,1.1,8.0,,1020.6,Boletus rubriceps,"Pine, CO 80470, USA",2
97285dc7-d8ea-44d2-b8de-838836be3c62,327391461,2025-07-01 13:20:06-06:00,2025-07-01,-105.337459892,39.3522000925,2351.0,,8.0,18.0,1.1,8.0,,1020.6,Boletus rubriceps,"Pine, CO 80470, USA",2
3c8e3f7b-0c3c-4dc8-a8cf-bbc8d309a560,326980548,2025-08-15 11:10:39-06:00,2025-08-15,-105.103323802,38.8782104826,3165.0,,14.6,31.8,0.0,13.0,,1010.9,Boletus rubriceps,"Teller County, US-CO, US",1
ad373413-86b5-4db6-8611-3a9a79afa2ae,326836057,2025-08-15 12:30:40-06:00,2025-08-15,-105.0995721667,38.883305,3202.0,,14.6,31.8,0.0,13.0,,1010.9,Boletus rubriceps,"Pike and San Isabel National Forests, Woodland Park, CO, US",1
c8684b86-6c34-4c56-9394-3241be1446d0,324810968,2025-08-15 12:31:45-06:00,2025-08-15,-104.5255845617,38.8320890948,1939.0,,14.0,33.3,0.0,13.8,,1023.3,Boletus rubriceps,"El Paso County, US, CO",1
3fea8abb-7f87-4add-a9a8-30ccb01b58eb,323020300,2021-07-21,2021-07-21,-107.926454097,38.9016478574,1902.0,,21.0,37.0,1.5,6.1,,1021.0,Boletus rubriceps,"Cedaredge, CO 81413, USA",4
d6beb60f-6e5d-468b-9a8b-8b8a5f2370f5,321599147,2021-07-26 10:40:29-06:00,2021-07-26,-104.993705,39.0121277833,2787.0,,11.8,29.6,0.0,11.1,,1014.7,Boletus rubriceps,"Woodland Park, CO, US",1
c014d911-cbd3-43a8-b2eb-dae6d9d713d7,318088915,2025-09-28 16:14:50-06:00,2025-09-28,-105.3767217323,39.5494904798,2710.0,,-2.3,6.3,2.6,9.4,,1021.2,Boletus rubriceps,"Jefferson County, US-CO, US",1
073bb391-2abc-4748-a2b2-d114ec4060c6,317297810,2025-07-23 19:04:00-06:00,2025-07-23,-103.5635986914,43.8450243611,1887.0,,10.6,21.1,7.2,10.6,,1013.4,Boletus rubriceps,"Custer County, SD, USA",1
94b81109-1aa5-4a7f-8754-8602afb5c71c,316424237,2025-09-24 18:14:26-06:00,2025-09-24,-105.8026147709,35.7977700072,3149.0,,6.0,22.0,0.0,11.8,,1029.1,Boletus rubriceps,"Tererro, NM, US",1
3c0fa93d-2f5d-40e1-9ace-3aec77a5e0ca,314258528,2025-09-07 11:08:00-06:00,2025-09-07,-105.3811819117,36.5722121417,3246.0,,3.0,22.0,0.3,13.5,,1031.1,Boletus rubriceps,"Taos County, NM, USA",1
dc86bc1f-7d3a-43c1-9bd6-a4c40428f5f7,313759019,2025-09-13 13:37:48-06:00,2025-09-13,-106.5106412033,35.8217916455,2650.0,,12.0,16.0,2.0,7.4,,1022.8,Boletus rubriceps,"Jemez Springs, NM, US",1
a6b769cb-a168-4daf-a2dc-ba2fb229bd82,312955225,2025-07-11 14:28:57-06:00,2025-07-11,-105.6467729062,40.313468362,2905.0,,5.0,26.2,1.6,8.6,,1027.3,Boletus rubriceps,"Bear Lake, Colorado 80517, USA",2
ac60db00-a782-4619-a802-a5748a1ba160,312312698,2025-09-06 14:07:03-06:00,2025-09-06,-105.5527573271,35.7786041346,3490.0,,11.0,17.0,1.4,14.0,,1026.2,Boletus rubriceps,"San Miguel County, US-NM, US",2
4c901dbe-e106-477e-b9af-27c94def09c6,311123739,2021-08-20 13:40:24-06:00,2021-08-20,-106.8487383333,36.0596861667,3036.0,,,,,,,,Boletus rubriceps,"Continental Divide National Scenic Trail, Gallina, NM, US",1
14e1523f-70ba-4532-9196-f292f68a1ce2,310217910,2025-08-21 17:52:51-06:00,2025-08-21,-105.12327607,38.87106779,3077.0,,18.0,31.0,0.0,9.0,,1026.5,Boletus rubriceps,"Teller County, US-CO, US",2
224b65e2-47b8-48f6-8fc8-22509cae6410,309407044,2025-08-11 13:17:26-06:00,2025-08-11,-106.4994425245,36.1909963955,2219.0,,17.1,29.1,1.3,12.4,,1024.0,Boletus rubriceps,"New Mexico, US",1
ef1b85d2-5f34-483d-afde-4f338036d85b,308565097,2022-08-22 10:55:00-06:00,2022-08-22,-105.86,39.7626083333,3301.0,,1.2,11.2,4.5,6.4,,1023.5,Boletus rubriceps,"Clear Creek County, CO, USA",2
972d0e4d-548b-4693-8e2c-184e428d6cb4,308491367,2025-08-22 14:00:10-06:00,2025-08-22,-105.6362457035,35.6283106405,2654.0,,15.0,31.7,0.0,11.2,,1014.3,Boletus rubriceps,"New Mexico, US",1
fbc1a00e-1c5b-4616-93c1-7fe3d271febc,308344184,2025-08-22 12:42:32-06:00,2025-08-22,-105.7670014346,35.8135340111,3195.0,,15.0,31.7,0.0,11.2,,1014.3,Boletus rubriceps,"New Mexico, US",1
e21cdc1c-e7d7-4edd-9a16-9edd8c51a41f,307670563,2024-07-27,2024-07-27,-105.6836389,40.3427932,2940.0,,8.7,26.0,0.1,9.4,,1024.3,Boletus rubriceps,"Rocky Mountain National Park, Colorado, USA",1
8b334cae-21dd-41bc-8124-073d32059ac1,307670440,2024-07-27,2024-07-27,-105.6836389,40.3427932,2940.0,,8.7,26.0,0.1,9.4,,1024.3,Boletus rubriceps,"Rocky Mountain National Park, Colorado, USA",1
ba49be33-8c8c-4caf-b22e-e16a3ceecd35,307576138,2025-08-02 14:08:36-06:00,2025-08-02,-105.6844633333,40.320755,3248.0,,3.7,19.9,5.3,10.4,,1034.5,Boletus rubriceps,"Odessa Lake-Flattop Mountain Junction Trail, Estes Park, CO, US",2
9742bbed-4e87-4eff-8005-c983130c3498,307369325,2022-08-13 14:46:50-06:00,2022-08-13,-108.0841528333,37.5411383333,3239.0,,14.4,31.1,0.0,7.0,,1017.1,Boletus rubriceps,"Dolores, CO, US",1
e43f8cbb-a325-4a22-9698-1b97adc035f0,307189067,2025-08-15 15:27:51-06:00,2025-08-15,-105.6101222482,39.9095120964,2961.0,,7.0,12.0,4.9,7.8,,1019.5,Boletus rubriceps,"Colorado, US",1
2f53c00a-c143-4d94-b0e8-1bd85e721ad1,307135122,2025-08-11 14:51:28-06:00,2025-08-11,-103.7751783333,44.3191116667,1696.0,,15.0,28.0,0.0,18.9,,1019.5,Boletus rubriceps,"Lawrence County, US-SD, US",1
d37f26b9-badc-4399-bad2-e03d77764bef,306779548,2025-08-12 15:42:05-06:00,2025-08-12,-107.8855228,37.8137996997,3139.0,,10.0,24.0,0.0,6.7,,1031.4,Boletus rubriceps,"Ophir, CO 81426, USA",2
d2628be0-4891-4bb6-8185-0d827ce65f00,306621546,2025-08-15 13:01:25-06:00,2025-08-15,-105.381615,39.17515,2500.0,,12.0,21.0,2.3,7.0,,1016.4,Boletus rubriceps,"Jefferson County, US-CO, US",2
3332d08e-cf4c-4166-8f4d-1414a91a3c8d,306621527,2025-08-15 12:59:23-06:00,2025-08-15,-105.38185,39.1753916667,2500.0,,12.0,21.0,2.3,7.0,,1016.4,Boletus rubriceps,"Jefferson County, US-CO, US",2
80a202bf-821f-4005-a270-f2f1e0597b74,306576566,2025-08-15 12:31:44-06:00,2025-08-15,-105.0996354595,38.8833841542,3222.0,,14.6,31.8,0.0,13.0,,1010.9,Boletus rubriceps,"Teller County, US-CO, US",1
18c75b02-57e3-41a6-adb0-ed00be61aa59,306259868,2021-07-04 09:39:13-06:00,2021-07-04,-107.1198919645,40.0983537514,3331.0,,13.3,32.2,0.0,11.8,,1012.6,Boletus rubriceps,"Meeker, CO, US",1
3a5aaa40-ef71-4b4c-823d-1bf159b57fec,306016604,2025-08-03 13:31:56-06:00,2025-08-03,-105.6210333333,40.1770833333,3245.0,,4.2,25.5,0.0,9.6,,1031.2,Boletus rubriceps,"Rocky Mountain National Park, Ward, CO, US",1
c5f12898-2a7d-464d-8b40-3027c0fe8eac,305688521,2025-08-11 18:29:35-06:00,2025-08-11,-105.534981,40.36764645,2326.0,,12.3,29.9,0.0,5.0,,1023.0,Boletus rubriceps,"Park River Pl, Estes Park, CO, US",1
a1870a42-9244-4e0f-a8a1-4ce1882b85e4,305374055,2025-08-08 17:50:44-06:00,2025-08-08,-105.7333644443,39.9113212617,3107.0,,5.0,14.7,0.0,18.7,,1017.0,Boletus rubriceps,"Colorado, US",2
1b0a58ca-3291-4de3-be28-1cf3ea30ad0e,304865085,2025-08-08 10:31:23-06:00,2025-08-08,-106.2458019409,35.8387764127,2059.0,,20.9,32.5,0.8,13.7,,1025.1,Boletus rubriceps,"New Mexico, US",2
e2d8f2e7-c4e1-4227-9609-c92c72aec6d7,304821193,2025-08-06 14:11:22-06:00,2025-08-06,-105.3331786172,39.5304931432,2543.0,,15.0,33.9,0.0,12.3,,1016.0,Boletus rubriceps,"Colorado, US",2
704cb3ab-314d-45f6-bf4b-62c038683de8,304280039,2025-08-05 13:08:00-06:00,2025-08-05,-105.6988020585,35.9817377879,3078.0,,,,,,,,Boletus rubriceps,"New Mexico, US",1
7b18d385-1c74-4955-8795-84fb8c624fe6,303903533,2025-08-04 17:36:20-06:00,2025-08-04,-105.4170191149,36.0481689664,2650.0,,5.3,25.8,0.0,7.3,,1030.4,Boletus rubriceps,"New Mexico, US",1
afba5f79-cdb2-4d67-b430-8d27d23c10e7,303610232,2025-08-03 12:36:21-06:00,2025-08-03,-105.0479037996,37.9670015583,2895.0,,11.0,32.0,0.0,7.1,,1015.0,Boletus rubriceps,"Colorado, US",2
0445519c-9f09-45da-bb97-0570e105e491,303342672,2025-08-02 15:42:28-06:00,2025-08-02,-105.5755916667,40.5039,3178.0,,11.7,31.7,0.4,10.7,,1018.9,Boletus rubriceps,"Upper Lost Lake Trail, Bellvue, CO, US",1
a0888219-a8a7-44f5-a424-ac2e52ac112e,303342640,2025-08-02 15:42:08-06:00,2025-08-02,-105.5756833333,40.503845,3178.0,,11.7,31.7,0.4,10.7,,1018.9,Boletus rubriceps,"Upper Lost Lake Trail, Bellvue, CO, US",1
7ed5b6e0-4a26-4683-933e-2bf44fe447d0,303338198,2025-08-02 10:30:47-06:00,2025-08-02,-105.5753783333,40.50438,3159.0,,11.7,31.7,0.4,10.7,,1018.9,Boletus rubriceps,"Upper Lost Lake Trail, Bellvue, CO, US",1
00153ec1-c905-443e-a05f-0b46c2d94849,303336037,2025-08-01 17:23:45-06:00,2025-08-01,-105.5160616667,40.497495,2714.0,,13.3,28.3,0.0,13.4,,1020.0,Boletus rubriceps,"North Fork Trail, Glen Haven, CO, US",1
8a65a66e-0e7e-4486-9645-02c381b812b7,302716322,2025-07-31 12:45:55-06:00,2025-07-31,-105.59555,40.0869055,3278.0,,3.7,25.6,1.3,8.4,,1034.2,Boletus rubriceps,"Mitchell Lake Trail, Ward, CO, US",1
65d70b5e-29f6-4826-8e7a-27e5bfafb3b5,302605714,2025-07-28 18:07:44-06:00,2025-07-28,-105.5978866667,39.6562616667,3263.0,,4.7,16.3,1.2,8.8,,1024.4,Boletus rubriceps,"Mount Blue Sky Rd, Idaho Springs, CO, US",1
31c388ed-1497-4bef-ac19-d9ba778c143f,302489178,2025-07-28 18:07:57-06:00,2025-07-28,-105.5979281,39.6562400997,3286.0,,4.7,16.3,1.2,8.8,,1024.4,Boletus rubriceps,"Golden, CO 80439, USA",1
bc90d947-0216-4813-aadf-28fcb3209e59,302444024,2025-07-30 11:39:59-06:00,2025-07-30,-105.77118,39.82957,3226.0,,2.1,13.4,7.8,9.4,,1025.5,Boletus rubriceps,"Winter Park, CO, US",2
502c0fd7-0dde-46f6-8ffc-e508d06f2555,302436320,2025-07-30 10:03:55-06:00,2025-07-30,-105.7693043,39.8275093,3198.0,,2.1,13.4,7.8,9.4,,1025.5,Boletus rubriceps,"Winter Park, CO 80482, USA",2
b095ccba-0b5a-4937-af06-2c2260fb482c,302012611,2025-07-28 16:55:48-06:00,2025-07-28,-105.6081836924,39.9230897232,2972.0,,4.7,16.3,1.2,8.8,,1024.4,Boletus rubriceps,"Colorado, US",1
43be0058-d3b8-4271-bc91-b12e03a42250,301931233,2025-07-25 13:01:02-06:00,2025-07-25,-105.7540375311,39.919424109,2872.0,,1.8,14.6,2.0,10.6,,1020.4,Boletus rubriceps,"Colorado, US",1
da9f865c-43d8-49fd-a4e0-c497451d36e4,301931161,2025-07-25 12:10:39-06:00,2025-07-25,-105.7377646739,39.9662869238,3098.0,,1.8,14.6,2.0,10.6,,1020.4,Boletus rubriceps,"Colorado, US",2
92780fac-4b2b-4390-99eb-9f350dc25748,301922310,2025-07-25 10:20:55-06:00,2025-07-25,-105.6008918595,39.9867866715,3153.0,,1.8,14.6,2.0,10.6,,1020.4,Boletus rubriceps,"Colorado, US",2
fb5ec0a3-784a-4408-b47d-cc569500c0d5,301922041,2025-07-25 10:08:05-06:00,2025-07-25,-105.7757857636,39.84363958,3543.0,,1.8,14.6,2.0,10.6,,1020.4,Boletus rubriceps,"Colorado, US",1
242620b1-f603-4dca-aee5-970ac57c679a,301704242,2025-07-27 12:38:30-06:00,2025-07-27,-105.0932608449,40.5433744439,1549.0,,15.0,37.2,0.0,12.7,,1011.9,Boletus rubriceps,Fort Collins and Larimer County CNC Boundary,2
261377f5-176a-430a-8c6f-b54fac0d4058,301649824,2025-07-26 11:38:55-06:00,2025-07-26,-105.0759144618,37.8995325862,3117.0,,15.0,34.0,0.0,11.5,,1011.2,Boletus rubriceps,"Colorado, US",1
39333751-134c-40c8-884d-7fb1d0344570,301428140,2025-07-26 12:30:46-06:00,2025-07-26,-105.6584383333,40.542205,3324.0,,,,,,,,Boletus rubriceps,"Emmaline Lake Trail, Bellvue, CO, US",1
7beeb178-9a38-43aa-957c-df0886cb2bb7,301383979,2025-07-26 12:49:29-06:00,2025-07-26,-105.6472948168,40.3092927565,2929.0,,6.3,26.2,0.1,9.3,,1027.9,Boletus rubriceps,"Bear Lake-Dream/Haiyaha Junction Trail, Estes Park, CO, US",1
730cd2a8-83ae-4359-b21e-08cf55546040,301367890,2025-07-25 16:50:17-06:00,2025-07-25,-105.470345417,40.0951141182,2669.0,,15.0,33.0,0.1,7.0,,1019.9,Boletus rubriceps,"Colorado, US",1
5045b6cf-225a-4164-b1ee-e49ef8ef19db,301367809,2025-07-25 16:38:32-06:00,2025-07-25,-105.5578545321,40.1403447853,2943.0,,15.0,33.0,0.1,7.0,,1019.9,Boletus rubriceps,"Colorado, US",1
e15ed726-1acc-4e2c-834b-55a6f49b7b34,301367752,2025-07-25 16:36:51-06:00,2025-07-25,-105.450249317,40.1210150628,2560.0,,15.0,33.0,0.1,7.0,,1019.9,Boletus rubriceps,"Colorado, US",1
c57eca78-2858-45da-8d96-827dd5ad6689,301367681,2025-07-25 16:36:48-06:00,2025-07-25,-105.5174509638,40.069062284,2849.0,,15.0,33.0,0.1,7.0,,1019.9,Boletus rubriceps,"Colorado, US",1
601304d6-24b9-4aa7-9e80-6d97e16c330a,300389944,2025-07-22 11:25:08-06:00,2025-07-22,-105.6448196258,39.942931727,3283.0,,3.9,14.7,11.4,11.1,,1017.4,Boletus rubriceps,"Colorado, US",1
8d17c959-46df-4f23-ad66-52390f9f3f8f,300321885,2025-07-19 09:31:12-06:00,2025-07-19,-105.5926966667,40.2200133333,3074.0,,8.2,26.5,0.0,9.0,,1029.0,Boletus rubriceps,"Rocky Mountain National Park, Ward, CO, US",1
a708696d-db94-4514-aeb6-845debc32403,300301148,2025-07-13 18:35:00-06:00,2025-07-13,-105.5847247588,39.9449819233,2856.0,,4.3,15.8,3.7,8.7,,1022.6,Boletus rubriceps,"Nederland, CO, US",1
f88b9488-ab5b-466d-b908-0257ad03d82e,300290622,2025-07-22 10:30:56-06:00,2025-07-22,-105.6465616667,40.3121533333,2915.0,,7.2,25.1,1.1,8.7,,1025.9,Boletus rubriceps,"Bear Lake Loop Trail, Estes Park, CO, US",1
5b949402-778e-49fd-ad3e-30d29cbb18b9,300206649,2025-07-22 11:32:40-06:00,2025-07-22,-105.6493533333,40.3091966667,2968.0,,7.2,25.1,1.1,8.7,,1025.9,Boletus rubriceps,"Bear Lake-Dream/Haiyaha Junction Trail, Estes Park, CO, US",1
b65c92d6-6900-47d7-9a84-4023b365f9b5,298925144,2025-07-04 08:24:31-06:00,2025-07-04,-104.9858066332,38.8962051422,2552.0,,16.0,28.1,2.8,13.8,,1009.6,Boletus rubriceps,"El Paso County, US-CO, US",1
8bbb67ef-463b-44c6-af38-a36e137a4c33,298057472,2025-07-14 09:47:48-06:00,2025-07-14,-105.6426227997,40.3069417997,2836.0,,9.8,27.0,0.1,9.1,,1030.0,Boletus rubriceps,"Estes Park, CO 80517, USA",1
2983a51d-eafd-44c9-8761-47db6e2a8dd1,298002244,2025-07-08 12:09:00-06:00,2025-07-08,-105.8002083333,35.7987638889,3208.0,,16.1,34.4,0.0,14.2,,1016.0,Boletus rubriceps,"Santa Fe County, NM, USA",2
c47fcca6-5811-4b5e-95c3-9788e5cd421a,297089997,2025-07-11 10:03:05-06:00,2025-07-11,-105.5188445995,39.9671335988,2591.0,,14.0,29.0,1.1,10.8,,1020.0,Boletus rubriceps,"Sundance Cir, Nederland, CO, US",1
9a10b239-aad3-484e-8a3e-0d865db1444d,297066521,2025-07-11 10:30:47-06:00,2025-07-11,-103.56744585,43.80562399,1689.0,,7.8,19.4,18.4,9.6,,1016.7,Boletus rubriceps,"Crazy Horse, SD 57730, USA",1
48738ee9-17fc-4d9d-ac50-d53bf8ab5891,296795307,2025-07-07 20:43:53-06:00,2025-07-07,-104.6906498761,38.9916310637,2224.0,,11.0,28.6,1.6,11.4,,1015.4,Boletus rubriceps,"McFerran Rd, Colorado Springs, CO, US",1
f63a5d91-c800-4233-882c-046df48629df,296581711,2025-07-09 11:45:52-06:00,2025-07-09,-105.3837133333,39.5685116667,2576.0,,3.3,17.9,0.2,10.3,,1021.7,Boletus rubriceps,"Cub Creek Trail, Evergreen, CO, US",1
37e08248-cee9-49ff-90db-538a3b06cfe9,295377763,2025-07-04 15:31:09-06:00,2025-07-04,-105.4733716667,40.4803966667,2437.0,,20.0,32.2,0.8,14.2,,1008.6,Boletus rubriceps,"North Fork Trail, Glen Haven, CO, US",1
c769a71a-c190-4201-ba01-2706b920b382,295223182,2025-07-04 15:28:43-06:00,2025-07-04,-105.5194091797,39.9581565857,2572.0,,20.0,31.0,0.7,7.1,,1017.2,Boletus rubriceps,Nederland,1
ac7c1854-1f97-4666-a6ac-bcc44d867774,293568053,2025-06-28 13:57:37-06:00,2025-06-28,-105.0417098999,37.9838943481,2586.0,,15.0,33.0,0.0,8.2,,1010.5,Boletus rubriceps,Rye,1
7ec9efa9-1962-4887-9f17-5549fa65c4d0,293231746,2025-06-25 13:27:14-06:00,2025-06-25,-103.5380861997,43.8545913997,1956.0,,10.0,22.2,14.5,9.0,,1015.9,Boletus rubriceps,"Crazy Horse, SD 57730, USA",1
5bcfa50a-02a6-4f2c-bf31-0ef2baad15be,293229785,2025-06-25 10:23:35-06:00,2025-06-25,-103.5550628997,43.8429974,1915.0,,10.0,22.2,14.5,9.0,,1015.9,Boletus rubriceps,"Crazy Horse, SD 57730, USA",1
e9ef2d6b-9e13-4e65-a116-fc115452305b,293051469,2025-06-26 15:28:00-06:00,2025-06-26,-103.5407871535,43.8540630273,2011.0,,9.4,25.6,0.0,10.3,,1013.5,Boletus rubriceps,"Custer County, SD, USA",1
d3be1dea-ab5c-46d9-a948-1b5f1c5b6481,292937035,2025-06-26 10:38:55-06:00,2025-06-26,-105.445275,39.6736416667,2813.0,,-0.2,12.9,1.6,11.0,,1019.4,Boletus rubriceps,"Clear Creek County, US-CO, US",1
db56aa16-8226-4471-b6dc-fee9f669dc94,292891341,2025-06-26 09:23:24-06:00,2025-06-26,-103.53740313,43.84945998,2006.0,,9.4,25.6,0.0,10.3,,1013.5,Boletus rubriceps,"Crazy Horse, SD 57730, USA",1
d962ff3a-cb30-46cf-b553-2e8f04d6a1d1,291820587,2022-07-31 09:34:28-06:00,2022-07-31,-107.6645058766,37.8119403505,2841.0,,11.0,22.0,9.9,3.2,,1034.4,Boletus rubriceps,"Silverton, CO 81433, USA",1
1c35582d-3d7a-4ca6-aeff-37cb9f33c779,291210116,2025-06-19 18:11:19-06:00,2025-06-19,-105.4504616931,39.6817529886,2713.0,,1.6,16.3,0.0,12.2,,1017.1,Boletus rubriceps,"Golden, CO 80439, USA",1
3804a2f7-e36b-49ff-9da4-66e49a9ccb4a,291058399,2025-06-19 10:23:29-06:00,2025-06-19,-105.3512896971,39.8578026938,2348.0,,15.0,36.0,0.0,11.5,,1017.4,Boletus rubriceps,"Jefferson County, US-CO, US",1
6b0aa507-25e4-46c7-b2b4-b6c067ab587a,290792778,2025-06-17 16:35:19-06:00,2025-06-17,-105.6587371511,40.4138615448,2637.0,,8.3,20.5,1.1,9.8,,1022.5,Boletus rubriceps,"Rocky Mountain, Rocky Mountain National Park, Rocky Mountain National Park, Larimer County, US-CO, US",1
ea0695a8-d96c-4a0a-9c43-dce708c896f6,290021710,2025-06-15 17:36:31-06:00,2025-06-15,-105.3514166667,39.8577416667,2348.0,,15.0,31.0,0.0,11.0,,1020.6,Boletus rubriceps,"Golden Gate Canyon State Park, Golden, CO, US",1
cfe0b02a-1e49-4365-8092-9350e59fd251,289730924,2024-07-13 12:31:29-06:00,2024-07-13,-106.8846283333,39.0368916667,3174.0,,11.7,30.6,0.0,14.0,,1017.0,Boletus rubriceps,"Pitkin County, US-CO, US",1
03c5d230-95bb-46ee-952f-134556736df0,285743818,2006-07-23 16:36:00-06:00,2006-07-23,-104.9968942405,38.0505426584,2016.0,,,,,,,,Boletus rubriceps,"Pueblo County, CO, USA",1
408ea5cf-2155-4f6d-8086-81cc5cc92cae,283313403,2022-08-11 18:12:40-06:00,2022-08-11,-105.412306129,40.1665552118,2324.0,,17.4,36.5,0.0,4.1,,1023.0,Boletus rubriceps,"Colorado, US",1
72454ab6-4d5b-4590-a050-abc4d7c5bc62,283313392,2022-08-11 17:57:27-06:00,2022-08-11,-105.5949234661,40.0775409341,3348.0,,9.0,29.0,0.0,4.6,,1032.6,Boletus rubriceps,"Colorado, US",1
6be9eaa5-6091-4bf0-b673-4dbb22faafdc,283313294,2022-08-11 17:39:57-06:00,2022-08-11,-105.4632480036,40.0030646438,2498.0,,17.0,35.0,0.0,3.2,,1023.0,Boletus rubriceps,"Colorado, US",1
18afcaf5-8ad5-4b37-a92b-57ac3f00ef03,269388764,2024-08-13 12:46:44-06:00,2024-08-13,-106.8162085329,37.4828643122,3290.0,,5.0,12.0,10.2,17.8,,1037.2,Boletus rubriceps,"San Juan National Forest - Headquarters, Creede, CO, US",1
7c97691e-e34e-4441-9b0c-8e1a910d0f54,269248770,2024-08-17 11:51:11-06:00,2024-08-17,-105.571975,39.512325,2881.0,,2.2,17.0,0.1,11.0,,1021.7,Boletus rubriceps,"Rosalle Trail, Bailey, CO, US",1
88454e88-73a1-4416-9591-fe6fa6b1b149,267421092,2024-07-17 11:47:56-06:00,2024-07-17,-107.9459083333,39.0294695,3040.0,,16.6,34.8,0.0,10.2,,1014.5,Boletus rubriceps,"Grand Mesa Uncompahgre and Gunnison National Forests, Cedaredge, CO, US",1
5afdd619-578b-4406-bea1-edf761a97af0,267288762,2024-07-20 11:39:34-06:00,2024-07-20,-107.9453883333,37.8005033333,3181.0,,14.0,21.0,2.1,7.5,,1034.4,Boletus rubriceps,"San Juan National Forest - Headquarters, Dolores, CO, US",1
132f2966-092b-4fab-bb02-46a9cea1c1cf,267166224,2024-07-26 20:19:23-06:00,2024-07-26,-106.7811583333,39.2998716667,3307.0,,13.9,23.9,,11.2,,1014.0,Boletus rubriceps,"White River National Forest, Aspen, CO, US",1
43cdfbdd-8e2f-4d70-bd08-0919466c253b,263024613,2024-09-14 16:08:29-06:00,2024-09-14,-107.22362,37.5014633333,2497.0,,5.0,26.0,0.0,9.6,,1024.9,Boletus rubriceps,"San Juan National Forest - Headquarters, Pagosa Springs, CO, US",1
1f2faee6-808c-4a41-a06b-a2a3536bb034,260748937,2024-07-10 11:47:58-06:00,2024-07-10,-104.9886326219,38.7355663278,3070.0,,19.0,30.0,0.0,11.3,,1025.5,Boletus rubriceps,"Teller County, US-CO, US",2
6c57f90d-f1fd-4797-bff3-d568b4b418ce,255660429,2019-08-03 18:51:58-06:00,2019-08-03,-106.4442366667,39.4748783333,3525.0,,6.7,23.3,0.0,7.6,,1017.9,Boletus rubriceps,"White River National Forest, Red Cliff, CO, US",2
7dffb674-3b0e-4229-8b3f-3c6aa245e6cd,255660203,2019-08-03 18:35:49-06:00,2019-08-03,-106.44252,39.4720416667,3459.0,,6.7,23.3,0.0,7.6,,1017.9,Boletus rubriceps,"White River National Forest, Red Cliff, CO, US",4
432ba8a6-1338-4d99-bc65-947ae7740d45,255477676,2019-08-03 17:12:19-06:00,2019-08-03,-106.43463,39.4911116667,3249.0,,6.7,23.3,0.0,7.6,,1017.9,Boletus rubriceps,"White River National Forest, Red Cliff, CO, US",2
b8093dbe-9f53-4f8f-acfc-a68fc26845f5,253599125,2024-09-05 15:15:10-06:00,2024-09-05,-105.8493548,40.4129886997,2778.0,,3.5,18.0,0.4,5.4,,1036.6,Boletus rubriceps,"Estes Park, CO 80517, USA",1
67ae34cc-4514-4c6c-8596-899b1df223d6,253598306,2024-09-05 10:55:47-06:00,2024-09-05,-105.8491811156,40.411151058,2782.0,,3.5,18.0,0.4,5.4,,1036.6,Boletus rubriceps,"Grand Lake, CO 80447, USA",1
e6554f88-2206-4f74-b275-faac4ab16038,248211353,2022-08-19 10:45:00-06:00,2022-08-19,-107.82877314,37.8553777606,2973.0,,10.0,17.0,7.5,3.4,,1030.0,Boletus rubriceps,"Ophir, CO 81426, USA",1
65ec0901-6183-4116-a7ae-544a5c6d5651,247039161,2024-07-19 15:43:54-06:00,2024-07-19,-107.5361466667,37.4010383333,2336.0,,11.7,31.1,,8.3,,1018.6,Boletus rubriceps,"Vallecito Reservoir, Bayfield, CO, US",1
24b8a206-2d91-4c66-88a6-0fe1ffa2171e,244431048,2024-09-17 10:06:52-06:00,2024-09-17,-105.4572459722,39.6808019722,2760.0,,-1.8,10.0,4.6,16.1,,1012.4,Boletus rubriceps,"Clear Creek County, US-CO, US",1
1a4d0adc-418a-4dab-9aee-cfaca2bfdf01,244429264,2024-09-11 13:28:19-06:00,2024-09-11,-107.219276747,39.8232961136,2594.0,,7.8,25.0,0.3,8.6,,1009.6,Boletus rubriceps,"Colorado, US",3
b2213ed4-f8f7-4b36-9ab2-1fd038820e89,244428862,2024-09-11 10:02:40-06:00,2024-09-11,-107.3511898524,39.9546462304,3449.0,,7.2,25.6,,10.3,,1008.5,Boletus rubriceps,"Colorado, US",2
696f8632-5866-4a05-9fcb-3caf6af1c338,244428474,2024-09-10 15:30:20-06:00,2024-09-10,-107.2268766972,40.1219907687,2775.0,,9.4,26.1,7.6,13.9,,1016.3,Boletus rubriceps,"Colorado, US",2
7c128800-8173-4d7a-8c87-23b6a96f97c1,244006279,2021-08-08 09:08:56-06:00,2021-08-08,-105.557,35.9263916667,3299.0,,9.4,28.9,0.0,13.2,,1011.5,Boletus rubriceps,"Santa Fe National Forest, Cleveland, NM, US",2
3d894a7d-dd06-43e8-bde8-b60cb62bbda6,243914112,2021-07-19 10:39:59-06:00,2021-07-19,-106.39283,35.9234116667,2907.0,,17.1,29.6,0.0,9.8,,1031.3,Boletus rubriceps,"Santa Fe National Forest, Los Alamos, NM, US",2
16c574d0-52c2-412c-914c-920ffe6f8ef5,243502676,2024-07-06 11:59:54-06:00,2024-07-06,-105.9553536119,35.7332454532,2195.0,,16.1,31.7,0.0,19.8,,1012.4,Boletus rubriceps,"New Mexico, US",1
7c45c4f0-d4a9-4954-bee4-a6a8df7ad442,242608782,2024-09-14 11:05:36-06:00,2024-09-14,-105.592747357,40.1300838432,3043.0,,0.2,21.9,0.0,6.1,,1025.8,Boletus rubriceps,"Colorado, US",2
68630868-411a-4530-9d65-efed1e899830,242135755,2024-09-15 11:18:34-06:00,2024-09-15,-105.6212155792,40.4605539827,3304.0,,0.3,22.2,1.0,6.2,,1025.5,Boletus rubriceps,"Rocky Mountain National Park, Estes Park, CO, US",1
c5db8a9b-3b45-4d20-bbc4-c79ab0483446,242120962,2024-09-15 15:04:33-06:00,2024-09-15,-105.5656018853,39.949400511,2640.0,,-1.6,11.6,4.9,9.5,,1017.5,Boletus rubriceps,"Boulder County, US-CO, US",2
cd0a14ae-4d9a-44ce-81b9-41df747d39cf,242032239,2024-09-07 11:59:44-06:00,2024-09-07,-105.64087,35.9104366667,3455.0,,,,,,,,Boletus rubriceps,"Santa Fe National Forest, Cleveland, NM, US",1
9a8e8ced-9c6a-47c1-8b9c-3a86f19726f5,241844555,2024-09-14 16:46:55-06:00,2024-09-14,-107.1070416667,38.8839716667,3164.0,,-0.6,25.6,0.0,5.1,,1019.1,Boletus rubriceps,"Grand Mesa Uncompahgre and Gunnison National Forests, Somerset, CO, US",2
69618bf9-2bfc-4d98-bdba-93d893c163a2,241408846,2024-09-05 14:00:43-06:00,2024-09-05,-105.0721583333,39.222795,2704.0,,10.5,19.4,,14.9,,1027.0,Boletus rubriceps,"Pike and San Isabel National Forests, Sedalia, CO, US",2
73904102-3eb7-47ce-9b1c-935ba2e76d54,241239765,2024-09-06 19:50:45-06:00,2024-09-06,-105.6595879492,39.9452655478,3244.0,,-3.6,13.4,0.0,9.4,,1028.6,Boletus rubriceps,"Colorado, US",3
6ab0efda-127d-44bc-b469-b07c15e8e29a,241239269,2024-09-06 18:19:11-06:00,2024-09-06,-105.7913502084,39.9759245008,2583.0,,0.5,22.0,0.0,3.8,,1035.4,Boletus rubriceps,"Colorado, US",2
4665ac0a-00f7-4b34-9652-1159cb5339a3,241028742,2024-09-10 14:09:22-06:00,2024-09-10,-107.8236583072,37.5916955979,2685.0,,7.0,20.0,4.0,9.5,,1030.0,Boletus rubriceps,"San Juan National Forest - Headquarters, Durango, CO, US",1
ffc181f2-ec56-4833-a10f-abf430b37cc3,240999793,2024-09-03 10:04:00-06:00,2024-09-03,-105.8006222222,35.7987277778,3208.0,,9.4,29.4,0.0,12.3,,1017.3,Boletus rubriceps,"Santa Fe County, NM, USA",1
b94d6ab9-cf1c-4a38-b5af-ef897c5914ad,240667137,2024-09-08 14:17:02-06:00,2024-09-08,-107.7389183333,37.8569483333,3602.0,,10.0,20.0,0.3,8.9,,1032.5,Boletus rubriceps,"San Juan County, US-CO, US",1
c429b172-f930-46df-aaf4-4816dfed475b,240666984,2024-09-08 13:59:20-06:00,2024-09-08,-107.738845,37.8567516667,3602.0,,10.0,20.0,0.3,8.9,,1032.5,Boletus rubriceps,"San Juan County, US-CO, US",2
1429a9b0-4f4a-42f2-a990-83520b737d09,240625978,2024-09-08 12:41:41-06:00,2024-09-08,-105.3765875988,39.5627880532,2578.0,,-1.0,12.6,2.8,9.4,,1022.4,Boletus rubriceps,"Jefferson County, US-CO, US",3
3a36a388-00c9-4804-90e1-3e973f42c57a,240489499,2024-09-07 12:32:55-06:00,2024-09-07,-105.0365627567,39.0376455319,2694.0,,8.4,26.9,0.0,11.8,,1018.6,Boletus rubriceps,"Colorado, US",1
293ad72b-5f68-4028-b7bd-875cdbfd9452,240449346,2024-09-05 09:32:17-06:00,2024-09-05,-107.9369958527,37.7856002405,3137.0,,10.0,20.0,0.5,6.8,,1035.6,Boletus rubriceps,"San Juan National Forest - Headquarters, Rico, CO, US",1
ed28bc57-65a2-4b67-9777-17d3a3cd8ace,240447760,2024-09-05 07:40:35-06:00,2024-09-05,-107.9463889815,37.8014417121,3225.0,,10.0,20.0,0.5,6.8,,1035.6,Boletus rubriceps,"San Juan National Forest - Headquarters, Dolores, CO, US",2
ba11305a-0bfe-4419-a25e-a59ce18aa6d2,239909337,2024-09-04 14:05:00-06:00,2024-09-04,-105.1994172466,39.1791709875,2685.0,,4.6,18.2,6.3,8.7,,1022.4,Boletus rubriceps,"Colorado, US",2
0cef275b-954b-42d6-8632-8fbf906df6af,239840953,2024-09-02 15:10:08-06:00,2024-09-02,-107.9224866667,37.7995916667,3138.0,,12.0,22.0,,9.2,,,Boletus rubriceps,"San Juan National Forest - Headquarters, Rico, CO, US",3
6708d68a-a861-44b7-a971-6b78e8ea5705,239837357,2024-06-28 08:22:00-06:00,2024-06-28,-107.932406393,37.7840703201,3194.0,,8.0,22.0,0.8,6.5,,1026.5,Boletus rubriceps,"San Juan National Forest - Headquarters, Rico, CO, US",2
c7a14879-5755-4130-a2b3-5dfcc8b804e8,239811236,2024-07-19 08:00:27-06:00,2024-07-19,-107.940654,37.797433,3082.0,,11.0,23.0,4.4,7.0,,1035.1,Boletus rubriceps,"San Juan National Forest - Headquarters, Dolores, CO, US",2
126c9361-c6fb-4273-a1e2-71845d46a68a,239810227,2024-09-01 19:12:12-06:00,2024-09-01,-107.9311886908,37.8010480659,3122.0,,11.0,22.0,,4.4,,,Boletus rubriceps,"San Juan National Forest - Headquarters, Dolores, CO, US",1
b42b878c-f760-45ba-8fe6-81f39ad8dc39,239537728,2024-09-02 20:09:11-06:00,2024-09-02,-106.3990178704,39.3892862297,3598.0,,0.0,21.7,,7.7,,1021.5,Boletus rubriceps,"Leadville, CO 80461, USA",2
cbf6cfb6-e72e-4cf9-80a1-c7e8b9a11775,239419186,2024-09-02 10:25:25-06:00,2024-09-02,-105.0513916016,38.8617553711,3458.0,,6.2,28.5,,14.5,,1019.3,Boletus rubriceps,Manitou Springs,1
f01adf46-4cb8-4ceb-9290-1ed45534b118,239194953,2024-08-25 13:11:00-06:00,2024-08-25,-105.6759033333,39.5552616667,3322.0,,1.5,12.8,5.8,10.8,,1025.0,Boletus rubriceps,"Park County, CO, USA",2
b6d27c03-4d6b-4e97-8f2a-81bf2bc6d1a4,239101128,2024-08-31 18:03:15-06:00,2024-08-31,-107.9829921865,37.7399445701,3204.0,,8.0,22.0,,5.6,,,Boletus rubriceps,"Colorado, US",1
9dc08a1f-76e5-456f-9221-fb3cbff4d343,239061539,2024-08-31 16:24:11-06:00,2024-08-31,-106.6420444444,39.3406361111,2665.0,,6.1,26.1,,10.3,,1020.0,Boletus rubriceps,"Meredith, CO 81642, USA",1
92c3d51b-6e79-41c2-80e9-566d4077b209,238884337,2024-08-30 16:35:33-06:00,2024-08-30,-106.8149663654,37.4203002149,2751.0,,4.0,14.0,,10.3,,,Boletus rubriceps,"Colorado, US",1
5c0ca15c-f20d-4607-984c-de9bb8527a73,238869491,2024-08-30 17:46:26-06:00,2024-08-30,-104.7495174259,37.8200496826,1737.0,,,,,,,,Boletus rubriceps,"Reagan Rd, Rye, CO, US",1
bd8552bf-f264-444b-a137-a0e3ab5d87b1,238844056,2024-07-13 15:44:54-06:00,2024-07-13,-108.0726135154,37.4701179688,3429.0,,10.0,32.8,0.0,8.3,,1019.1,Boletus rubriceps,"Colorado, US",3
ff555333-3aa8-44c3-b57d-d02660f3d9d5,238760982,2024-08-29 07:50:00-06:00,2024-08-29,-107.9452540337,37.8015763283,3181.0,,9.0,21.0,,6.7,,,Boletus rubriceps,"San Juan National Forest - Headquarters, Dolores, CO, US",3
76e0d2ef-d023-4fe6-a3cf-cb8f7bc00a4d,238760014,2024-06-26 10:33:00-06:00,2024-06-26,-107.9437520043,37.801178543,3181.0,,13.0,22.0,7.9,6.7,,1031.7,Boletus rubriceps,"San Juan National Forest - Headquarters, Dolores, CO, US",3
66b8750c-8d55-4ac8-912a-7a06886aaec8,238714799,2024-08-25 14:01:38-06:00,2024-08-25,-105.1310829997,38.9719213037,2783.0,,18.7,30.7,,14.4,,1014.9,Boletus rubriceps,"Colorado, US",3
53cbaf64-3021-4d2e-8916-1054fcb15247,238492581,2024-08-25 18:43:11-06:00,2024-08-25,-105.4106446628,40.0330796649,2292.0,,15.0,31.0,0.2,6.2,,1015.3,Boletus rubriceps,"Colorado, US",1
4831fe3f-6674-47ed-bf29-839d22b8ca3a,238422101,2024-08-11 10:09:47-06:00,2024-08-11,-105.7550360997,35.8042432,3538.0,,18.9,31.1,,15.6,,1014.4,Boletus rubriceps,"San Ildefonso Pueblo, NM 87506, USA",2
7899b888-16f0-4169-8f55-ab5478081cff,238186467,2024-08-23 11:40:25-06:00,2024-08-23,-105.80439823,35.79618109,3198.0,,15.6,32.8,,15.4,,1014.5,Boletus rubriceps,"Ski Santa Fe, New Mexico 87506, USA",2
e8954970-0a7a-43a6-9b9f-9579332ed037,238098230,2024-08-24 11:57:01-06:00,2024-08-24,-106.4564216667,38.9713366667,3213.0,,4.5,18.4,0.8,12.8,,1020.6,Boletus rubriceps,"Pike and San Isabel National Forests, Granite, CO, US",2
974239b4-c093-4d61-99cb-151e3c0d566a,237985005,2024-08-25 19:07:14-06:00,2024-08-25,-105.7924748768,35.7995314047,3435.0,,14.4,27.8,,17.8,,1019.0,Boletus rubriceps,"Santa Fe National Forest, Tererro, NM, US",1
7ef1ad82-6736-4902-8eed-5211927d48f7,237967610,2024-08-24 13:43:04-06:00,2024-08-24,-105.544,39.6096,2795.0,,2.9,14.4,4.3,14.6,,1021.5,Boletus rubriceps,"Mount Evans Wilderness, Evergreen, CO, US",2
337e2e4d-b2c6-43db-b48c-38e66e5f692d,237962803,2024-08-25 12:33:49-06:00,2024-08-25,-105.4941416667,39.6793666667,3486.0,,1.5,12.8,5.8,10.8,,1025.0,Boletus rubriceps,"Fire Tower Trail, Idaho Springs, CO, US",1
3881f945-54fb-499a-a2f8-4825c2708978,237882068,2024-08-23 17:05:00-06:00,2024-08-23,-106.2565312162,39.6585122332,3265.0,,8.0,15.0,2.2,14.8,,1032.8,Boletus rubriceps,"Silverthorne, CO 80498, USA",2
c0b3f4ca-313a-42f7-8387-dc97fbfde0c7,237791630,2024-08-23 16:36:16-06:00,2024-08-23,-106.259269,39.6572699722,3225.0,,8.0,15.0,2.2,14.8,,1032.8,Boletus rubriceps,"Silverthorne, CO 80498, USA",1
da8bfc7a-9579-4dd8-88b5-424387e913c2,237765059,2024-08-24 14:43:11-06:00,2024-08-24,-105.490527,40.1039,2721.0,,16.0,30.0,0.2,5.8,,1020.1,Boletus rubriceps,"Ward, CO 80481, USA",1
a29c242c-48f2-430a-94c3-fb89fbdce78d,237283297,2024-08-21 11:15:02-06:00,2024-08-21,-105.5731416667,40.0459445,3334.0,,18.0,33.0,3.8,6.7,,1020.7,Boletus rubriceps,"Nederland, CO, US",3
cd44f543-3e35-479a-8d5b-cff297606417,237225806,2024-07-20 14:26:34-06:00,2024-07-20,-106.4908444444,38.3168222222,3482.0,,6.0,12.0,7.5,11.6,,1044.5,Boletus rubriceps,"Sargents, CO 81248, USA",2
6461719e-a1e6-4331-88e6-547d306d4ee3,237037646,2024-08-20 14:39:01-06:00,2024-08-20,-104.8470279162,38.6589977404,2042.0,,15.3,31.8,,12.4,,1019.3,Boletus rubriceps,"Colorado, US",2
9dcca85f-0cff-485d-b39f-22663e112638,237009867,2024-07-05 23:42:00-06:00,2024-07-05,-106.75132,37.389825,2712.0,,7.0,15.0,0.0,11.3,,1039.1,Boletus rubriceps,"San Juan National Forest - Headquarters, Pagosa Springs, CO, US",3
fe724f75-2425-4904-8a66-81e7d975a264,236862361,2024-08-18 14:54:09-06:00,2024-08-18,-105.0415449722,38.93424,2706.0,,18.0,31.3,,12.1,,1014.6,Boletus rubriceps,"Woodland Park, CO 80863, USA",2
56408540-836b-48d0-a299-e5c1f0e530a5,236851771,2024-08-10 12:29:00-06:00,2024-08-10,-105.8099027778,35.7935277778,3055.0,,17.2,28.3,,11.2,,1017.7,Boletus rubriceps,"Santa Fe County, NM, USA",1
ffdcdbb1-71ff-4dbd-a06a-7185d31dbd32,236837455,2024-08-18 13:36:02-06:00,2024-08-18,-105.3804533954,39.4941390507,2506.0,,18.9,32.8,,10.4,,1015.5,Boletus rubriceps,"Staunton State Park, Pine, CO, US",3
508ff915-5cf7-404d-997e-b0c13756b099,236789766,2024-08-15 11:51:58-06:00,2024-08-15,-105.9026866667,40.486995,3211.0,,4.7,23.5,0.6,11.5,,1020.1,Boletus rubriceps,"State Forest State Park, Walden, CO, US",2
8eab711b-1b1f-49d8-a6d4-fc222c6d5098,236673264,2024-08-18 19:12:02-06:00,2024-08-18,-106.79628431,37.48433798,3328.0,,8.0,17.0,1.4,12.9,,1043.3,Boletus rubriceps,"Mineral County, US-CO, US",4
ac33f101-bef4-4b75-816d-75e514032147,236668627,2024-08-17 13:35:21-06:00,2024-08-17,-106.2960027778,39.5709194444,3566.0,,12.0,20.0,0.5,14.1,,1041.9,Boletus rubriceps,"Vail, CO 81657, USA",2
5a3e1dd2-2861-4528-8488-583cedec43ed,236655860,2024-08-18 15:27:43-06:00,2024-08-18,-105.0034118786,38.0968881198,2029.0,,20.0,35.5,0.0,16.2,,1013.0,Boletus rubriceps,"Colorado, US",1
38be8704-eac7-4b31-a47e-118ea2bcf773,236654713,2024-08-18 10:49:18-06:00,2024-08-18,-105.1309493508,37.9313738672,3204.0,,20.0,34.3,0.0,19.7,,1013.8,Boletus rubriceps,"Colorado, US",2
4a35d308-0b21-467f-ad42-f136bdea5445,236644594,2024-08-18 18:08:54-06:00,2024-08-18,-106.3404345334,39.4290081508,3112.0,,7.2,23.3,,11.2,,1017.2,Boletus rubriceps,"Colorado, US",1
fa629d7a-38b0-4083-bf96-eba1f1137139,236635467,2024-08-18 16:53:00-06:00,2024-08-18,-105.0408072997,37.8976454,3460.0,,20.0,34.3,0.0,19.7,,1013.8,Boletus rubriceps,"Huerfano County, CO, USA",2
031c7889-228e-451f-8474-630055463c38,236439838,2024-08-17 09:24:53-06:00,2024-08-17,-105.6062653734,40.072766417,3308.0,,4.2,26.6,0.0,7.5,,1031.6,Boletus rubriceps,"Ward, CO, US",2
ef3f4a92-fbcd-4154-8016-8433da833840,236431543,2024-08-17 11:10:12-06:00,2024-08-17,-107.8537666667,37.883475,3382.0,,12.0,23.0,4.9,9.4,,1034.5,Boletus rubriceps,"Grand Mesa Uncompahgre and Gunnison National Forests, Ophir, CO, US",2
a307a0eb-7a57-4c0c-ac6f-05ec99bf3ce9,236297547,2024-08-15 12:36:06-06:00,2024-08-15,-105.7840883333,35.8085466667,3172.0,,12.8,32.2,0.0,13.9,,1013.6,Boletus rubriceps,"Santa Fe National Forest, Tererro, NM, US",1
9fef1a7b-3b62-40ea-b38f-1c598d74b845,236021606,2024-08-11 12:54:53-06:00,2024-08-11,-106.6447883333,39.439975,3003.0,,8.3,24.4,,11.5,,1017.6,Boletus rubriceps,"White River National Forest, Eagle, CO, US",1
b41961eb-eea4-4d59-904c-992e7c6780d6,235973632,2024-08-14 17:14:29-06:00,2024-08-14,-105.4272299,36.5545715,3409.0,,9.1,23.1,1.3,9.7,,1029.8,Boletus rubriceps,"Taos Ski Valley, NM 87525, USA",2
ed8c40b7-ca16-4d2c-8666-eb5881f2f4f6,235920857,2024-08-14 15:12:00-06:00,2024-08-14,-105.925201,39.4217429722,3315.0,,6.1,18.9,,14.5,,1015.3,Boletus rubriceps,"Park County, CO, USA",2
71238d20-ec54-4b5e-9707-f2d3df2c2b57,235786168,2024-08-12 16:05:00-06:00,2024-08-12,-106.8214693837,36.0886609559,3118.0,,,,,,,,Boletus rubriceps,"Rio Arriba County, NM, USA",1
d467fa44-8ee9-45f4-80d3-5c3a044921ec,235782433,2024-08-12 14:51:45-06:00,2024-08-12,-105.7434913348,39.5706750686,3522.0,,1.8,14.4,5.9,9.2,,1021.7,Boletus rubriceps,"Pike and San Isabel National Forests, Idaho Springs, CO, US",3
bed8316d-27bf-4b61-aa00-ab03517ab3ff,235622617,2024-08-13 11:32:25-06:00,2024-08-13,-106.5616383333,35.874375,3379.0,,15.7,27.9,,7.4,,1026.0,Boletus rubriceps,"Valles Caldera National Preserve, Jemez Springs, NM, US",1
c647c2a5-883c-47f8-8fa5-c347681d46d8,235574915,2024-08-12 11:14:03-06:00,2024-08-12,-106.2696233882,38.8082368357,3033.0,,5.9,17.9,26.4,8.9,,1020.4,Boletus rubriceps,"Pike and San Isabel National Forests, Nathrop, CO, US",4
f1b88d58-0533-417f-8f3a-39e6009344d9,235480555,2024-08-10 15:30:35-06:00,2024-08-10,-105.5140039722,39.6111459722,2658.0,,1.1,12.2,2.8,12.8,,1023.1,Boletus rubriceps,"Evergreen, CO 80439, USA",2
193e4e95-6a9e-41d0-b32b-a595bd3f7bce,235407747,2024-08-09 14:02:33-06:00,2024-08-09,-107.824495,38.0192721667,3178.0,,11.0,20.0,24.0,3.9,,1033.2,Boletus rubriceps,"Grand Mesa Uncompahgre and Gunnison National Forests, Ridgway, CO, US",2
f4093000-6d83-45d5-9066-c5e2ebfb53f9,235401082,2024-08-09 07:38:28-06:00,2024-08-09,-107.825425,38.0176278333,3185.0,,11.0,20.0,24.0,3.9,,1033.2,Boletus rubriceps,"Grand Mesa Uncompahgre and Gunnison National Forests, Ouray, CO, US",2
4dce7ebb-f9e1-40df-9437-4e660b6bf891,235216735,2024-08-04 13:35:28-06:00,2024-08-04,-105.6620416667,40.2904083333,3139.0,,8.1,28.8,0.1,7.5,,1030.0,Boletus rubriceps,"Rocky Mountain National Park, Estes Park, CO, US",1
ece07c72-8103-474f-9292-57d92bf5f334,235018915,2024-08-09 13:29:36-06:00,2024-08-09,-106.6021416667,38.7161,3256.0,,7.8,17.3,14.1,7.4,,1022.6,Boletus rubriceps,"Grand Mesa Uncompahgre and Gunnison National Forests, Almont, CO, US",1
5dd1c985-a813-4118-8c99-b09c440c36e1,234968930,2024-08-10 09:46:30-06:00,2024-08-10,-105.4214866667,39.5199883333,2729.0,,1.1,12.2,2.8,12.8,,1023.1,Boletus rubriceps,"Staunton State Park, Pine, CO, US",2
87211915-3c6e-4485-ac82-59ad7d31442b,234821603,2024-08-09 12:37:48-06:00,2024-08-09,-106.1999655435,39.5503775013,3694.0,,7.0,15.0,10.1,18.9,,1039.1,Boletus rubriceps,"Colorado, US",2
385c2045-b860-4b08-9100-740925907436,234329158,2024-07-22 10:26:33-06:00,2024-07-22,-106.492441502,39.5553140693,3294.0,,7.0,18.0,2.1,8.8,,1039.0,Boletus rubriceps,"White River National Forest, Edwards, CO, US",2
d5a7e56c-1975-455b-9513-2c3c2f118919,234214037,2024-07-26 10:00:13-06:00,2024-07-26,-106.4572133333,39.37362,3053.0,,9.4,22.2,,12.1,,1013.6,Boletus rubriceps,"White River National Forest, Basalt, CO, US",2
ec4e54c8-4b60-4c94-a38f-f8cf078c3d2b,234064448,2024-08-05 17:21:38-06:00,2024-08-05,-105.392081067,39.5101207425,2609.0,,5.1,15.8,7.2,9.8,,1024.7,Boletus rubriceps,"GJ64+5M, Pine Junction Area, CO 80470, USA",3
245103fa-7ded-4e7a-bf5f-e64e6d2d1541,234063836,2024-07-21 11:15:00-06:00,2024-07-21,-106.8046021767,37.4720313533,3492.0,,5.0,10.0,2.6,13.1,,1041.0,Boletus rubriceps,"Mineral County, CO, USA",2
58a61cd8-1a4a-4166-ac3d-3308e8e9e6d3,233871197,2024-07-30 17:52:51-06:00,2024-07-30,-105.8634305556,39.7793888889,3322.0,,4.4,16.6,0.5,13.3,,1017.2,Boletus rubriceps,"Parshall, CO 80468, USA",1
ffe0fc82-3e76-4630-b070-d38e677eb421,233849335,2024-08-04 18:41:09-06:00,2024-08-04,-107.5539167225,37.4195892053,2342.0,,16.1,33.3,,9.5,,1015.3,Boletus rubriceps,"Chimney Rock, CO 81122, USA",1
04af1ad6-6924-42c9-a71c-659bbe092138,233830255,2024-08-04 11:31:52-06:00,2024-08-04,-105.0162783101,37.9724958773,2460.0,,17.6,35.0,0.0,15.2,,1013.4,Boletus rubriceps,"Pueblo County, US-CO, US",2
3982e12e-2860-4c08-90f2-d0d61a385a3c,233778584,2024-07-27 17:13:54-06:00,2024-07-27,-106.4719916667,39.488105,3282.0,,7.8,21.7,,9.4,,1010.5,Boletus rubriceps,"White River National Forest, Red Cliff, CO, US",2
c580479c-f04f-44b7-8ebb-47436eae3d49,233652694,2024-07-30 18:45:43-06:00,2024-07-30,-107.0651778333,38.8588866667,3004.0,,4.4,29.4,0.0,8.4,,1017.1,Boletus rubriceps,"Grand Mesa Uncompahgre and Gunnison National Forests, Gunnison, CO, US",1
5a410314-05d3-4b27-9590-4d48ba2dc909,233638679,2024-08-03 11:43:50-06:00,2024-08-03,-106.24643,39.5028283333,3416.0,,15.0,23.0,0.0,12.6,,1043.9,Boletus rubriceps,"White River National Forest, Frisco, CO, US",1
ccf2d748-a84f-41c9-aa8c-da087346a897,233531385,2024-07-31 14:54:29-06:00,2024-07-31,-106.6722888889,37.3596888889,3378.0,,11.0,20.0,1.1,9.5,,1040.8,Boletus rubriceps,"Conejos County, CO, USA",1
cd3d24b0-7c2d-4c70-9859-55d88ce58c16,233416169,2024-08-02 18:38:48-06:00,2024-08-02,-105.6302890134,39.4807368013,3373.0,,2.9,18.0,0.9,11.2,,1026.0,Boletus rubriceps,"Colorado, US",2
b92bca12-54c1-4f25-baf7-ec4d25b1f072,233396486,2024-07-20 09:27:30-06:00,2024-07-20,-106.2483133333,39.6288966667,2875.0,,11.0,19.0,0.1,4.8,,1041.9,Boletus rubriceps,"White River National Forest, Avon, CO, US",1
0a5a1c89-a898-41a0-bb2e-83ca542674f9,233232212,2024-07-15 18:21:00-06:00,2024-07-15,-105.5280533333,37.90678,3559.0,,,,,,,,Boletus rubriceps,"Great Sand Dunes National Preserve, Moffat, CO, US",1
84350b28-6c83-4cc3-a158-ae75d9ca84d9,233143791,2024-07-28 15:08:43-06:00,2024-07-28,-105.2002135488,36.7211139915,2985.0,,6.9,25.9,0.0,11.0,,1026.9,Boletus rubriceps,"New Mexico, US",1
09bf98ca-d218-499a-88dd-5acaa6cf8a86,233134644,2024-07-27 11:36:12-06:00,2024-07-27,-106.5101,35.8312383333,2589.0,,13.8,28.2,,10.8,,1022.5,Boletus rubriceps,"Valles Caldera National Preserve, Jemez Springs, NM, US",1
ab456051-69d9-4aa0-a050-99422df725dd,232917632,2024-07-29 14:18:44-06:00,2024-07-29,-105.4463367997,36.5675507997,3462.0,,3.0,26.5,0.8,7.8,,1029.4,Boletus rubriceps,"Taos Ski Valley, NM 87525, USA",1
0257bf22-20b7-4a05-a34a-67ea87b34854,232881173,2024-07-27 15:23:03-06:00,2024-07-27,-106.8277883333,37.4839033333,3143.0,,5.0,15.0,7.6,14.6,,1036.3,Boletus rubriceps,"San Juan National Forest - Headquarters, Creede, CO, US",2
4e50b8ce-74ad-4073-a076-5e174c6b7797,232680006,2024-07-27 13:15:48-06:00,2024-07-27,-107.8111734241,39.0647020394,3194.0,,18.3,34.8,0.0,13.0,,1007.2,Boletus rubriceps,Grand Mesa NF,2
00bb337b-7482-4952-b6fc-922df75a693d,232553707,2024-07-29 11:34:49-06:00,2024-07-29,-106.0503221667,39.4497333333,3168.0,,3.3,25.6,0.0,11.8,,1012.7,Boletus rubriceps,"White River National Forest, Breckenridge, CO, US",1
e3851228-3120-4a35-80a8-bea06755b3a2,232539434,2024-07-28 14:02:00-06:00,2024-07-28,-106.435925,39.18372,3560.0,,5.6,23.9,0.0,10.2,,1009.8,Boletus rubriceps,"Lake County, CO, USA",1
47b8543f-70ca-4dac-ae53-b4d08cbd81d0,232539431,2024-07-28 14:01:00-06:00,2024-07-28,-106.435925,39.18372,3560.0,,5.6,23.9,0.0,10.2,,1009.8,Boletus rubriceps,"Lake County, CO, USA",1
fbf77976-522e-4902-8c80-5b38e7490ee8,232539430,2024-07-28 14:01:00-06:00,2024-07-28,-106.435925,39.18372,3560.0,,5.6,23.9,0.0,10.2,,1009.8,Boletus rubriceps,"Lake County, CO, USA",1
7c493010-3217-4ae4-b97f-66645d16c196,232539404,2024-07-28 13:55:00-06:00,2024-07-28,-106.43491,39.183315,3506.0,,5.6,23.9,0.0,10.2,,1009.8,Boletus rubriceps,"Lake County, CO, USA",2
74a37c6a-d5ba-438b-814f-6f2fb96cdbb0,232539403,2024-07-28 13:55:00-06:00,2024-07-28,-106.4114748639,39.1609704675,3250.0,,5.6,23.9,0.0,10.2,,1009.8,Boletus rubriceps,"Lake County, CO, USA",1
fa0930d5-a07c-4398-acf8-d6dd98dde632,232507737,2024-07-29 08:50:23-06:00,2024-07-29,-106.0546195,39.4628716667,3081.0,,3.3,25.6,0.0,11.8,,1012.7,Boletus rubriceps,"White River National Forest, Breckenridge, CO, US",3
223f60a4-e8a8-4c93-adbe-1865830812e6,232447611,2024-07-28 16:18:10-06:00,2024-07-28,-107.0545266196,38.9064008832,2900.0,,8.9,26.7,,10.6,,1009.8,Boletus rubriceps,"Crested Butte, CO 81224, USA",2
f04ca147-9726-45dd-bd24-e265dfea4999,232437543,2024-07-20 20:15:11-06:00,2024-07-20,-105.68615,36.6577333333,2246.0,,12.2,27.8,,12.2,,1022.3,Boletus rubriceps,"Rio Grande del Norte National Monument, Arroyo Hondo, NM, US",2
5575d941-bc65-494d-8c78-d642fce17d43,232424503,2024-07-27 19:00:25-06:00,2024-07-27,-107.2092605755,38.8692928962,2946.0,,11.1,28.3,,12.1,,1013.8,Boletus rubriceps,"Somerset, CO 81434, USA",3
d1b5cf53-fb64-46c5-863d-3c1df2591368,232303893,2024-07-28 11:10:08-06:00,2024-07-28,-106.8637466667,37.4648033333,3063.0,,7.0,16.0,0.0,20.5,,1037.0,Boletus rubriceps,"San Juan National Forest - Headquarters, Creede, CO, US",1
a7b7a679-929f-4dd8-80fe-86de1a10bc23,232295404,2024-07-28 09:52:52-06:00,2024-07-28,-106.9755981542,39.2359381842,2508.0,,8.9,26.7,,10.6,,1009.8,Boletus rubriceps,"Snowmass, CO, US",2
f5e67cba-fd4b-4899-9abe-0bebe8df83f6,232180325,2024-07-27 12:08:58-06:00,2024-07-27,-105.0205899597,37.8308662194,2760.0,,15.8,33.2,0.0,14.9,,1008.5,Boletus rubriceps,"Colorado, US",2
ac81619e-dfb0-4bd9-a106-91ace51a7d92,232153680,2024-07-26 09:05:04-06:00,2024-07-26,-105.8600616667,40.3476216667,2694.0,,10.0,23.9,6.1,5.7,,1028.5,Boletus rubriceps,"Rocky Mountain National Park, Grand Lake, CO, US",2
06029470-b5b1-4d3e-b9aa-b1890e4b1f17,232152346,2024-07-27 08:20:25-06:00,2024-07-27,-105.3941340241,36.5794419757,3398.0,,5.6,25.4,0.3,6.8,,1026.0,Boletus rubriceps,"Carson National Forest, Taos, NM, US",2
4223e2b7-25d5-40f9-8e55-f08eae7fe4da,232141321,2024-07-27 13:17:40-06:00,2024-07-27,-106.7581527778,40.4759055556,2538.0,,10.2,27.5,0.5,8.1,,1020.1,Boletus rubriceps,"Steamboat Springs, CO 80487, USA",1
71576686-5cfe-4759-9202-7f83aaa668be,232131677,2024-07-27 16:02:16-06:00,2024-07-27,-106.3232720619,39.261972717,3030.0,,7.8,21.7,,9.4,,1010.5,Boletus rubriceps,"Silver Eagle Dr, Leadville, CO, US",2
39b44c69-3ac1-4370-90f3-1d7f52310ebe,232104483,2024-07-27 11:11:13-06:00,2024-07-27,-105.5825054997,40.0783248997,3204.0,,8.7,26.0,0.1,9.4,,1024.3,Boletus rubriceps,"Ward, CO 80481, USA",2
d6ccd429-f018-49f5-ae8f-89625b63d3ae,231977453,2024-07-26 17:26:36-06:00,2024-07-26,-104.8641043866,38.6563562494,1980.0,,18.5,33.0,,11.7,,1005.0,Boletus rubriceps,"Colorado, US",2
45ec365e-aea8-43ef-9baf-86f5fc1a515f,231967126,2024-07-17 10:02:06-06:00,2024-07-17,-107.7578407153,37.7500632192,3144.0,,11.0,23.0,1.6,6.0,,1033.8,Boletus rubriceps,"San Juan County, CO, USA",2
7ee7dc44-847d-4d40-8ead-ce94eb94c352,231949826,2024-07-19 09:24:46-06:00,2024-07-19,-107.109725,40.0568805556,3179.0,,16.1,28.9,0.0,13.2,,1018.4,Boletus rubriceps,"Meeker, CO 81641, USA",2
593792f3-db85-4049-a350-fd11dd33b65b,231923896,2024-07-21 13:36:35-06:00,2024-07-21,-106.9476527778,38.9855888889,3215.0,,8.9,25.0,1.1,9.0,,1017.5,Boletus rubriceps,"Aspen, CO 81611, USA",1
9bb4cccb-c111-4402-b303-9357f2bcce50,231893964,2024-07-25 15:33:43-06:00,2024-07-25,-106.7055327454,39.0739383517,3652.0,,10.0,29.4,0.0,10.9,,1017.4,Boletus rubriceps,"Colorado, US",2
03f82b4b-304d-4fb1-8874-1a14344aa76d,231872276,2024-07-16 10:26:52-06:00,2024-07-16,-106.9664024118,39.087842749,3093.0,,10.0,24.4,,10.0,,1017.0,Boletus rubriceps,"White River National Forest, Snowmass, CO, US",1
be42f08c-7e55-4cce-a443-807105d9916d,231808528,2024-07-22 14:04:49-06:00,2024-07-22,-107.0627305556,38.9016472222,3227.0,,6.7,25.6,0.0,7.8,,1016.7,Boletus rubriceps,"Crested Butte, CO 81224, USA",2
7dd38599-00fb-4755-9034-ace2c1b7517d,231737109,2024-07-19 15:04:56-06:00,2024-07-19,-106.44583,38.97192,3424.0,,4.7,20.1,2.0,9.6,,1022.8,Boletus rubriceps,"Pike and San Isabel National Forests, Granite, CO, US",1
f40e9d7b-7c67-4795-9e96-d0ccbbd6fdb3,231529432,2024-07-24 09:36:21-06:00,2024-07-24,-106.0506746114,39.4354339501,3172.0,,2.8,23.3,,8.9,,1021.9,Boletus rubriceps,"Summit County, US-CO, US",2
16bf3aa0-b0a6-4aad-9888-2b8109973727,231526742,2024-07-24 10:58:56-06:00,2024-07-24,-105.6560283333,40.30867,3034.0,,4.6,26.2,0.1,5.2,,1034.8,Boletus rubriceps,"Rocky Mountain National Park, Estes Park, CO, US",1
631af663-7d21-4012-9c0f-dda928d7edea,231334119,2022-09-02 14:31:42-06:00,2022-09-02,-106.3868466667,39.3689116667,3489.0,,2.2,25.0,0.0,7.9,,1017.5,Boletus rubriceps,"Pike and San Isabel National Forests, Leadville, CO, US",2
ba1b5997-babc-494a-a120-b9a8e4335b6a,231333916,2024-07-19 10:30:42-06:00,2024-07-19,-105.6585833333,40.30978,3037.0,,6.5,23.7,0.2,5.1,,1033.1,Boletus rubriceps,"Dream Lake, Estes Park, CO, US",2
2bd1148f-069a-4891-8d33-7e63803a87c3,231331104,2024-07-15 08:55:11-06:00,2024-07-15,-106.7043611111,40.7777333333,2687.0,,12.9,29.1,0.8,7.8,,1026.3,Boletus rubriceps,"Walden, CO 80480, USA",1
ce5a9cf4-5081-4797-b38e-a224c0d4d57e,231281375,2024-07-22 15:43:09-06:00,2024-07-22,-105.6165946543,40.3034805319,2985.0,,2.9,21.1,0.3,4.3,,1031.3,Boletus rubriceps,"Colorado, US",1
7eb664ba-b565-41b2-9197-21b62bd5ce26,231255554,2024-07-21 10:17:55-06:00,2024-07-21,-107.8111734241,39.0647020394,3194.0,,17.2,33.2,0.0,12.2,,1014.1,Boletus rubriceps,Grand Mesa NF,1
8bd7b1cd-b3ba-4ff0-862f-6b1e51e747e1,231187979,2024-07-22 15:49:34-06:00,2024-07-22,-107.7589540325,37.6765704737,3285.0,,10.0,22.0,1.7,6.4,,1032.0,Boletus rubriceps,"San Juan National Forest - Headquarters, Durango, CO, US",3
bb484f39-80c6-449f-b4c3-875e6dc78567,231142869,2024-07-22 09:53:37-06:00,2024-07-22,-106.3360862721,39.4406087437,3072.0,,2.8,20.0,0.0,9.3,,1017.6,Boletus rubriceps,"Colorado, US",1
f77e4a7d-d3cd-440c-9388-f1ecc47d66a0,231110578,2024-07-22 10:24:16-06:00,2024-07-22,-106.283330843,39.5676199068,3503.0,,7.0,18.0,2.1,8.8,,1039.0,Boletus rubriceps,"Eagle County, US-CO, US",3
a0742fc2-5870-4736-a38b-867a4b487160,231108020,2024-07-19 15:24:00-06:00,2024-07-19,-105.52483,36.0523033333,3458.0,,7.5,24.7,4.8,3.7,,1033.2,Boletus rubriceps,"Taos County, NM, USA",1
199c9bba-c4cc-4dba-a94e-a4c1e1ba3dd5,231106058,2024-07-21 14:21:33-06:00,2024-07-21,-105.57283,40.19488,3009.0,,7.9,19.9,4.5,6.0,,1032.4,Boletus rubriceps,"Rocky Mountain National Park, Ward, CO, US",1
2dfbca78-fd14-4632-bcd7-a339e9a949e6,231078631,2024-07-22 10:43:28-06:00,2024-07-22,-105.801710088,35.7629316422,3221.0,,11.7,26.7,,12.0,,1017.2,Boletus rubriceps,"Santa Fe County, US-NM, US",2
171697e9-acb9-454a-8f43-77b9c759d3ff,231077831,2024-07-06 04:56:20-06:00,2024-07-06,-105.5429730937,40.0848925513,3091.0,,14.0,32.0,0.0,10.1,,1017.6,Boletus rubriceps,"Ward, CO 80481, USA",1
1468ea29-13fd-44ab-87e8-6cef70fad77f,231039317,2024-07-20 10:30:15-06:00,2024-07-20,-107.7844216667,37.704455,3485.0,,14.0,21.0,2.1,7.5,,1034.4,Boletus rubriceps,"San Juan County, US-CO, US",1
dfed15ad-236e-4ae1-99a1-e2129a38f729,231027910,2024-07-21 12:42:51-06:00,2024-07-21,-106.7153096289,37.7418680289,2787.0,,9.0,21.0,3.9,11.2,,1031.5,Boletus rubriceps,"Colorado, US",2
8db4e0fd-71b2-494e-9e2b-1672451c3384,231026917,2024-07-19 10:28:55-06:00,2024-07-19,-107.53807,37.49693,2557.0,,11.7,31.1,,8.3,,1018.6,Boletus rubriceps,"San Juan National Forest - Headquarters, Bayfield, CO, US",1
7ed282f7-3671-4145-b954-199ad3282b83,231018725,2024-07-21 16:43:17-06:00,2024-07-21,-107.0410427406,39.2915877473,2373.0,,8.9,25.0,1.1,9.0,,1017.5,Boletus rubriceps,"Colorado, US",2
331d75f0-2292-49f5-b4ca-e257bb24525f,231018653,2024-07-21 16:56:23-06:00,2024-07-21,-107.1397083333,39.27468,3123.0,,8.9,25.0,1.1,9.0,,1017.5,Boletus rubriceps,"White River National Forest, Carbondale, CO, US",2
92344cb2-a354-4961-afed-91b2785305c6,230897713,2024-07-21 11:35:26-06:00,2024-07-21,-106.2326972222,39.6490166667,3409.0,,7.0,15.0,1.9,12.2,,1040.0,Boletus rubriceps,"Silverthorne, CO 80498, USA",4
f8052390-a075-47a4-a1a6-6af07c6b5c7c,230871499,2024-07-21 13:31:30-06:00,2024-07-21,-105.446205,36.568325,3462.0,,8.0,19.7,10.6,5.8,,1033.2,Boletus rubriceps,"High Noon Ski Area, Taos, NM, US",1
50186b71-fee5-42de-b26e-5f745cafb7ba,230841862,2024-07-21 11:27:41-06:00,2024-07-21,-106.9890216667,38.83922,3042.0,,10.6,26.1,1.3,15.1,,1020.0,Boletus rubriceps,"Grand Mesa Uncompahgre and Gunnison National Forests, Crested Butte, CO, US",2
9de6a59e-0702-4c9a-97f9-46f31cac2c7a,230819672,2024-07-20 09:08:00-06:00,2024-07-20,-108.0302304868,39.0416269626,3292.0,,18.8,34.6,0.0,10.5,,1014.5,Boletus rubriceps,"Mesa County, CO, USA",3
c214d3f6-bfef-4c38-a482-e6010f018236,230652765,2024-07-20 19:52:55-06:00,2024-07-20,-106.9628,37.6948666667,3159.0,,5.0,15.0,8.4,7.8,,1042.7,Boletus rubriceps,"Rio Grande National Forest, Creede, CO, US",2
b9f83b8f-3acf-444a-9f6c-bf2609fa8b54,230595705,2024-07-17 13:04:00-06:00,2024-07-17,-107.1591888889,40.0025388889,3357.0,,8.9,30.0,0.0,6.2,,1017.9,Boletus rubriceps,"Meeker, CO 81641, USA",1
e6a8ec1e-6a36-444c-849e-ff853e130613,230595627,2024-07-17 13:04:38-06:00,2024-07-17,-107.1589111111,40.0026611111,3357.0,,8.9,30.0,0.0,6.2,,1017.9,Boletus rubriceps,"Meeker, CO 81641, USA",2
cd626031-5da7-42ae-a9cf-a152d16e0e18,230405058,2024-07-19 18:01:44-06:00,2024-07-19,-106.356405,39.2604616667,3035.0,,4.4,22.2,,10.2,,1018.0,Boletus rubriceps,"Pike and San Isabel National Forests, Leadville, CO, US",1
1de47bc1-8ad0-4fc7-a5e4-415800299ef3,230301298,2024-07-19 08:54:40-06:00,2024-07-19,-105.7674740752,39.8661781801,3251.0,,3.9,14.8,4.3,10.8,,1024.2,Boletus rubriceps,"Winter Park Resort, Winter Park, CO, US",3
dfc644d8-226e-48b8-b06b-8ae4ab536248,230223503,2024-07-18 14:32:16-06:00,2024-07-18,-107.9384166667,39.0499805,3122.0,,17.3,33.3,0.0,11.0,,1015.8,Boletus rubriceps,"Delta County, US-CO, US",2
0c6d0992-6e63-4572-995a-e994142ec365,230213240,2024-07-18 11:29:09-06:00,2024-07-18,-106.150925,39.5028111111,2976.0,,12.0,18.0,3.2,15.0,,1042.7,Boletus rubriceps,"Copper Mountain, CO 80443, USA",2
847df9f5-91ac-4ad3-b066-4e0540298829,230211684,2024-07-11 08:58:53-06:00,2024-07-11,-105.5315712,36.0501166997,3529.0,,2.4,23.5,0.3,6.4,,1032.4,Boletus rubriceps,"Vadito, NM 87579, USA",1
cb0664f5-363e-4c30-9d71-07183ad12616,230211176,2024-07-11 08:40:07-06:00,2024-07-11,-105.5266038,36.0510477997,3494.0,,2.4,23.5,0.3,6.4,,1032.4,Boletus rubriceps,"Vadito, NM 87579, USA",1
e142790c-ddcf-4b26-875f-b5207e8dc270,229823209,2024-07-10 14:00:00-06:00,2024-07-10,-105.12471,37.25107,3359.0,,10.0,21.0,1.4,9.9,,1039.4,Boletus rubriceps,"Las Animas County, CO, USA",2
a280ab23-7239-406d-a0ed-ca1b22cb2661,229793024,2024-07-12 13:15:31-06:00,2024-07-12,-105.7974419734,35.7942003164,3265.0,,15.6,32.8,,10.9,,1014.8,Boletus rubriceps,"Santa Fe County, US-NM, US",1
9661b954-ca92-4f18-9dc6-73b436cebe35,229611134,2024-07-15 16:07:40-06:00,2024-07-15,-106.5040283333,35.835605,2600.0,,20.7,30.6,,8.8,,1027.0,Boletus rubriceps,"East Fork Jemez River, Jemez Springs, NM, US",1
cf979d9a-d042-408d-95d2-2d833842b758,229611087,2024-07-15 16:14:50-06:00,2024-07-15,-106.5045166667,35.8350866667,2598.0,,20.7,30.6,,8.8,,1027.0,Boletus rubriceps,"Valles Caldera National Preserve, Jemez Springs, NM, US",1
66a9ee7f-5377-45ba-8fb1-9db6b9fa959b,229596774,2024-07-15 11:28:00-06:00,2024-07-15,-104.98732692,37.85412141,2600.0,,21.3,33.7,0.0,20.2,,1012.6,Boletus rubriceps,"Huerfano County, US-CO, US",1
8cab8a4e-d1df-49b1-bed4-b804e8d5b38a,229569987,2024-07-15 12:06:47-06:00,2024-07-15,-107.0860361667,38.6947333333,2807.0,,9.4,27.8,,9.9,,1020.8,Boletus rubriceps,"Grand Mesa Uncompahgre and Gunnison National Forests, Gunnison, CO, US",1
7e482a37-dd97-4c7d-a02a-b372d99b0c62,229423261,2024-07-14 14:03:49-06:00,2024-07-14,-107.890547054,37.8144186359,3114.0,,15.0,25.0,1.7,6.8,,1036.0,Boletus rubriceps,"San Miguel County, US-CO, US",2
b60e34f6-e1d0-4ff7-9d69-2f727fdf279d,229346023,2024-07-14 14:20:17-06:00,2024-07-14,-105.8765117,35.5582068,2186.0,,15.0,35.0,0.0,12.3,,1015.0,Boletus rubriceps,"Santa Fe, NM 87505, USA",1
bf211c11-a6a3-4444-87cf-96b385e66ded,229139926,2024-07-13,2024-07-13,-105.8052096516,35.780658145,3185.0,,14.4,34.4,0.8,10.4,,1016.0,Boletus rubriceps,"Santa Fe County, US-NM, US",1
a0fed274-bb14-48b5-a53b-13177cb38a80,229123471,2024-07-03 10:11:00-06:00,2024-07-03,-105.8051659749,35.795654121,3124.0,,14.4,29.4,0.0,10.6,,1011.9,Boletus rubriceps,"Santa Fe County, NM, USA",5
6e9be73b-08d7-4415-86f1-ba2d7349aaac,229114887,2024-07-13 12:00:14-06:00,2024-07-13,-105.56108,40.1577833333,3205.0,,6.0,27.8,0.0,4.4,,1030.6,Boletus rubriceps,"Ward, CO, US",1
5263a8ea-d10b-4f41-ab48-3a514a329148,229073239,2024-07-13 11:42:29-06:00,2024-07-13,-105.7707356383,39.8225602275,3246.0,,6.9,18.2,0.0,10.4,,1023.2,Boletus rubriceps,"Second Creek Trail, Winter Park, CO, US",4
e744eedf-2112-4a48-a4f1-a1d044397d27,229072745,2024-07-13 11:40:08-06:00,2024-07-13,-105.7707150188,39.8226140812,3246.0,,6.9,18.2,0.0,10.4,,1023.2,Boletus rubriceps,"Second Creek Trail, Winter Park, CO, US",2
1dc0bcad-bc78-4360-b8c8-5d87d1055c1c,229072069,2024-07-13 11:37:59-06:00,2024-07-13,-105.7707226464,39.8225168093,3246.0,,6.9,18.2,0.0,10.4,,1023.2,Boletus rubriceps,"Second Creek Trail, Winter Park, CO, US",2
66560c59-7fd1-457c-a840-997f2df5fa8f,228985208,2024-07-11 20:10:41-06:00,2024-07-11,-107.6502980993,39.1122898234,3179.0,,10.4,22.5,0.0,9.8,,1017.7,Boletus rubriceps,"Grand Mesa Uncompahgre and Gunnison National Forests, Paonia, CO, US",2
9df0bd12-fce4-4acb-95f8-8d77065bcfe0,228901314,2024-07-09 11:24:34-06:00,2024-07-09,-106.585989655,35.9129264022,2666.0,,13.6,25.3,,11.6,,1026.4,Boletus rubriceps,"Valles Caldera National Preserve, Jemez Springs, NM, US",2
9f050101-912d-47a7-af58-08232621714d,228826708,2024-07-03 10:54:00-06:00,2024-07-03,-106.9609117332,40.8048326762,2452.0,,4.1,25.6,0.0,8.1,,1022.5,Boletus rubriceps,"Routt County, CO, USA",2
145aa6f5-1d2c-4002-8bed-e0870fd920a7,228824571,2024-07-12 07:52:08-06:00,2024-07-12,-105.5557597591,38.0667922674,2871.0,,,,,,,,Boletus rubriceps,"Pike and San Isabel National Forests, Westcliffe, CO, US",1
2c2b203c-c3a1-451f-83bf-66b4d8a062af,228783220,2024-07-11 20:18:55-06:00,2024-07-11,-105.6012447887,39.9036476388,2726.0,,3.1,16.8,0.9,10.6,,1022.2,Boletus rubriceps,"Colorado, US",2
e2496df3-451a-4f49-b32b-057d2dde556f,228783212,2024-07-11 20:13:14-06:00,2024-07-11,-105.6710373862,39.8621327527,3514.0,,3.1,16.8,0.9,10.6,,1022.2,Boletus rubriceps,"Colorado, US",2
4fd42dc5-1b68-4ba6-855f-e997d6c71674,228496665,2024-07-06 10:34:52-06:00,2024-07-06,-105.637505,39.96297,3064.0,,-0.1,12.7,0.0,16.4,,1018.8,Boletus rubriceps,"Woodland Lake Trail, Nederland, CO, US",1
bf56a30c-5e5a-4bf9-8ac9-bce03912b7a8,228346898,2024-07-09 13:27:00-06:00,2024-07-09,-106.6959728967,35.9299729087,2435.0,,13.6,25.3,,11.6,,1026.4,Boletus rubriceps,"Sandoval County, NM, USA",1
e3962fe6-58f9-4aa5-84a4-d9658a33d7df,228162687,2024-07-07 17:25:12-06:00,2024-07-07,-107.5499283333,37.444205,2360.0,,7.2,31.1,0.0,13.8,,1012.0,Boletus rubriceps,"San Juan National Forest - Headquarters, Bayfield, CO, US",2
438fd0f5-8c19-47a7-b4a4-96707e17a40f,228155829,2024-07-06 13:22:42-06:00,2024-07-06,-107.5186616667,37.5604533333,2728.0,,8.9,30.0,0.0,12.7,,1014.5,Boletus rubriceps,"San Juan National Forest - Headquarters, Durango, CO, US",2
947ef613-fc1c-4c96-ac60-0adb1bb54cc3,228087739,2024-07-08 13:32:03-06:00,2024-07-08,-105.675519391,39.7869397416,3093.0,,-4.1,12.1,0.0,9.8,,1021.8,Boletus rubriceps,"Miller Creek Trail, Idaho Springs, CO, US",2
cb65af72-a52a-4305-8b49-0fc915733d38,228048046,2024-07-06 17:09:27-06:00,2024-07-06,-107.9008383756,37.6429565164,2870.0,,8.0,22.0,0.0,12.7,,1031.0,Boletus rubriceps,"Colorado, US",2
54035c2a-49c6-4d14-a205-407649646607,228047264,2024-07-06 12:31:13-06:00,2024-07-06,-107.8403975263,37.7015041834,2901.0,,8.0,22.0,0.0,12.7,,1031.0,Boletus rubriceps,"Colorado, US",2
ec7f0c79-0895-412f-86cb-07bb0c8efe3c,228029166,2024-07-06 12:58:09-06:00,2024-07-06,-106.3337381911,39.5297069536,2893.0,,7.0,16.0,0.1,23.0,,1035.5,Boletus rubriceps,"Colorado, US",2
aa831214-6996-498c-a10e-1f7d050131c4,227962659,2024-07-05 15:04:07-06:00,2024-07-05,-107.9816438046,37.7607028966,3037.0,,7.0,22.0,0.0,8.8,,1032.5,Boletus rubriceps,"Colorado, US",3
d7893175-2727-4a22-aff4-35849ed8e332,227941499,2024-07-04 16:59:00-06:00,2024-07-04,-105.4145374316,35.601989351,2137.0,,11.7,28.9,0.0,15.0,,1013.1,Boletus rubriceps,"New Mexico, US",2
c899a7a5-9e5f-4399-b281-8cdd29789e6b,227923897,2024-07-07 10:34:30-06:00,2024-07-07,-105.8073666667,35.80045,3340.0,,10.6,33.3,0.0,12.0,,1008.9,Boletus rubriceps,"Santa Fe National Forest, Tererro, NM, US",2
85ad828e-c39d-45a5-874e-e3da30181b2a,227891532,2024-07-03 11:08:00-06:00,2024-07-03,-106.3126370034,39.3635157746,3189.0,,2.2,21.1,0.0,14.9,,1012.6,Boletus rubriceps,"Eagle County, CO, USA",3
390a2284-6cf1-46d0-8f56-d6289c9ae925,227882021,2024-07-07 11:52:09-06:00,2024-07-07,-106.8024611977,40.9850059492,2602.0,,,,,,,,Boletus rubriceps,"Main Fork Trail, Walden, CO, US",3
96ea2125-ca6a-44a9-9123-866ce435859c,227812809,2024-06-30 09:02:06-06:00,2024-06-30,-105.8601357603,40.3454401531,2696.0,,9.5,26.4,0.5,7.2,,1030.0,Boletus rubriceps,"Rocky Mountain National Park, Grand Lake, CO, US",2
88b65748-070f-4a30-94e3-fb3b94f1355a,227667663,2024-07-04 16:08:57-06:00,2024-07-04,-107.4889383333,38.176935,2915.0,,8.0,22.0,0.0,9.0,,1032.3,Boletus rubriceps,"Gunnison County, US-CO, US",2
6b48a112-5336-41ea-8579-a2cb21e7c5d0,227662493,2024-07-06 10:06:07-06:00,2024-07-06,-105.7879026979,35.8100862558,3250.0,,16.1,31.7,0.0,19.8,,1012.4,Boletus rubriceps,"San Ildefonso Pueblo, NM 87506, USA",1
df43aba5-6d97-43be-a52f-195dd9ca4087,227656596,2024-07-06 09:41:10-06:00,2024-07-06,-105.7902666667,35.7927966667,3311.0,,16.1,31.7,0.0,19.8,,1012.4,Boletus rubriceps,"Ski Santa Fe, Tererro, NM, US",1
9a9097c3-84f9-4027-87f9-043ce3ddbee3,227656524,2024-07-06 13:48:55-06:00,2024-07-06,-105.8056116667,35.7952033333,3124.0,,16.1,31.7,0.0,19.8,,1012.4,Boletus rubriceps,"Santa Fe National Forest, Tererro, NM, US",1
80201e19-ca70-4772-b988-112dbd357fe6,227654892,2024-07-06 09:15:34-06:00,2024-07-06,-105.7952283333,35.79108,3271.0,,16.1,31.7,0.0,19.8,,1012.4,Boletus rubriceps,"Ski Santa Fe, Tererro, NM, US",1
345a1391-3284-4043-8346-2de25e581e98,227647403,2024-07-05 13:01:41-06:00,2024-07-05,-106.7465133333,36.0870778333,2737.0,,17.5,26.8,2.9,13.7,,1025.6,Boletus rubriceps,"Santa Fe National Forest, Gallina, NM, US",1
677312e3-372b-42d0-98bf-4c04bf27c1c7,227566663,2024-07-04 12:02:49-06:00,2024-07-04,-107.8111734241,39.0647020394,3194.0,,12.5,31.2,0.0,15.1,,1015.0,Boletus rubriceps,Grand Mesa NF,2
666e40ec-14be-43fa-82b6-10502281e843,227550129,2024-07-04,2024-07-04,-105.1325198034,37.8588142951,2355.0,,14.5,27.4,0.0,17.8,,1016.5,Boletus rubriceps,"Colorado, US",1
36047112-5c86-4d80-97fa-da9674c1033f,227497892,2024-06-29 15:49:08-06:00,2024-06-29,-105.1945583333,36.6274833333,3091.0,,3.3,23.9,3.0,7.1,,1031.2,Boletus rubriceps,"Eagle Nest, NM, US",1
07486412-60d6-4a93-ba4b-b89381c7bde4,227429170,2024-07-05 12:50:29-06:00,2024-07-05,-106.824255,36.0791195,3086.0,,,,,,,,Boletus rubriceps,"Santa Fe National Forest, Gallina, NM, US",1
0ee14da5-c8dd-407d-b81c-d240aba44968,227348324,2024-07-03 16:11:24-06:00,2024-07-03,-106.2349466667,36.7047916667,2970.0,,,,,,,,Boletus rubriceps,"Carson National Forest, Cebolla, NM, US",1
c75da96d-db6e-452f-b6bc-2b1a5cf81134,227197170,2024-07-04 13:32:19-06:00,2024-07-04,-106.47352,39.291595,3264.0,,1.7,20.0,0.0,14.4,,1015.1,Boletus rubriceps,"Pike and San Isabel National Forests, Leadville, CO, US",2
00a1e5f1-3ea7-4dd6-b3aa-ef349ff2f2f1,227135694,2024-07-03 17:37:14-06:00,2024-07-03,-108.1157905608,37.4770133179,3242.0,,11.1,29.4,0.0,11.9,,1013.8,Boletus rubriceps,"Montezuma County, US-CO, US",1
91aa350e-ec8f-4a72-b8a4-cf2f41fe712e,226900005,2024-07-02 14:01:10-06:00,2024-07-02,-107.9922716667,39.0059611167,2936.0,,14.7,29.3,9.4,12.3,,1011.7,Boletus rubriceps,"Grand Mesa Uncompahgre and Gunnison National Forests, Cedaredge, CO, US",1
1aec7cd8-0723-47a6-bf7f-e1f531100c0f,226793907,2024-07-02 14:49:20-06:00,2024-07-02,-105.0148954997,38.7351904,2908.0,,14.0,25.1,0.5,12.8,,1010.9,Boletus rubriceps,"Manitou Springs, CO 80829, USA",3
9b4ce1cd-d18a-43a2-86ff-c26c8bf8a3a5,226742548,2024-07-02 13:11:51-06:00,2024-07-02,-106.9928534847,39.100804571,3807.0,,10.0,22.2,,9.0,,1013.5,Boletus rubriceps,"Colorado, US",2
d1752192-340a-4f8a-886b-994a6a2afed9,226353270,2024-06-30 15:15:15-06:00,2024-06-30,-105.9836840303,39.4071346832,3540.0,,10.0,23.3,,8.7,,1016.2,Boletus rubriceps,"Colorado, US",2
5248b511-c0b9-452b-8a8b-33a5239b3e7a,226353144,2024-06-30 15:13:44-06:00,2024-06-30,-105.9357824869,39.4330436337,3794.0,,10.0,23.3,,8.7,,1016.2,Boletus rubriceps,"Colorado, US",2
7fd1ad07-4f3b-4a77-b68f-e0495f467a61,226297157,2024-06-30 11:32:17-06:00,2024-06-30,-105.793960328,35.7861826874,3395.0,,16.7,29.4,,18.1,,1017.0,Boletus rubriceps,"Ski Santa Fe, Tererro, NM, US",1
8008e834-d61e-4802-9479-dc3274b29972,226054694,2024-06-29 11:10:37-06:00,2024-06-29,-105.0148929812,38.735113916,2908.0,,15.0,25.0,16.5,22.4,,1027.0,Boletus rubriceps,"Pike and San Isabel National Forests, Victor, CO, US",3
a2c03ec4-46fd-4167-98af-929e23d7c7d3,226025549,2024-06-29 11:34:32-06:00,2024-06-29,-105.0146111111,38.7353138889,2908.0,,15.0,25.0,16.5,22.4,,1027.0,Boletus rubriceps,"Manitou Springs, CO 80829, USA",2
ff5a89dd-cbb1-4641-bb4a-0603205e5261,226017978,2024-06-29 10:59:34-06:00,2024-06-29,-105.0157322,38.7345382997,2908.0,,15.0,25.0,16.5,22.4,,1027.0,Boletus rubriceps,"Manitou Springs, CO 80829, USA",2
4e11a355-caa3-4ecb-94bf-d9787f8a5e29,226012569,2024-06-29 11:08:47-06:00,2024-06-29,-105.0692682148,38.7893077042,3402.0,,15.0,25.0,16.5,22.4,,1027.0,Boletus rubriceps,"Colorado, US",3
772ae12f-0bc1-4a6e-8589-d1f559484cee,225647518,2024-06-27 15:58:58-06:00,2024-06-27,-106.496545,37.2537383333,3289.0,,3.0,13.0,11.8,16.8,,1035.5,Boletus rubriceps,"Rio Grande National Forest, Antonito, CO, US",2
729c392e-4c7b-43a3-9d16-b48d901839dd,224507713,2024-06-22 15:44:57-06:00,2024-06-22,-104.9973587,37.968483,2423.0,,19.1,33.0,0.0,22.5,,1013.5,Boletus rubriceps,"Pueblo County, US-CO, US",1
6d6a1f08-a115-404b-87a8-2e908a1aa2cf,224084170,2024-06-11 12:19:01-06:00,2024-06-11,-106.4324086332,35.9999510097,3125.0,,12.9,25.6,1.3,11.2,,1023.4,Boletus rubriceps,"Sandoval County, US-NM, US",2
d6872243-61a7-4712-ae5b-545ea695901e,223922237,2024-06-19 15:09:50-06:00,2024-06-19,-106.8583374704,40.5886788699,2221.0,,4.1,24.1,0.2,6.4,,1019.8,Boletus rubriceps,"Routt County, US-CO, US",2
1e2dcd9b-cc4a-465e-b8c9-64270af79a8a,223375767,2024-06-15 14:04:40-06:00,2024-06-15,-106.8866886727,40.5664836998,2111.0,,5.7,26.1,1.3,5.9,,1018.2,Boletus rubriceps,"Swamp Park Trail, Steamboat Springs, CO, US",3
ff804cf6-ea03-49ca-97e0-9ad6cbfc8028,218263973,2022-07-27 11:00:00-06:00,2022-07-27,-105.0663694,38.8624891,4001.0,,15.0,28.0,6.3,7.8,,1015.4,Boletus rubriceps,"Devils Playground, Colorado 80809, USA",2
616096d3-44fa-4d32-82ab-5cfe4e4b55e0,208178423,2010-08-07 13:31:00-06:00,2010-08-07,-105.6781500558,40.3352794963,2989.0,,,,,,,,Boletus rubriceps,"Larimer County, CO, USA",1
5b042d69-34ce-4032-8b9b-81c55f025370,202359887,2023-08-26 13:40:00-06:00,2023-08-26,-105.2692255215,39.4799029475,2692.0,,13.9,25.6,,8.5,,1022.9,Boletus rubriceps,"Colorado, US",2
63f09fcd-7239-434e-ad49-1f4e09a835dd,202359881,2023-07-22 11:41:00-06:00,2023-07-22,-105.280069177,39.5755127492,2349.0,,14.4,29.4,0.0,10.4,,1017.8,Boletus rubriceps,"Colorado, US",2
5677f85c-ad14-42e3-8685-0393b7900a3f,196693477,2022-08-05 13:36:00-06:00,2022-08-05,-106.9187956381,38.1319240479,2964.0,,12.2,27.2,,9.7,,1017.4,Boletus rubriceps,"Saguache County, CO, USA",3
f832306b-510a-4fba-b261-23f284b1e631,196693448,2022-08-12 15:46:00-06:00,2022-08-12,-106.9187956381,38.1319240479,2964.0,,7.8,30.0,0.0,8.0,,1021.1,Boletus rubriceps,"Saguache County, CO, USA",2
786bcee5-8f6f-45b4-860a-d97a28025c0b,195505162,2021-07-22 13:47:17-06:00,2021-07-22,-105.65023,40.3130633333,2920.0,,8.9,26.6,0.5,5.5,,1028.7,Boletus rubriceps,"Rocky Mountain National Park, Estes Park, CO, US",3
a29492ab-bb47-4e95-80da-c648619e9114,195035125,2023-08-19 14:33:51-06:00,2023-08-19,-106.2734937997,41.4577619,3089.0,,14.4,25.7,3.5,17.8,,1016.2,Boletus rubriceps,"Rock River, WY 82083, USA",1
f6c8172c-5426-434d-ba75-aa9a71d1b48a,192735022,2022-08-05 09:26:00-06:00,2022-08-05,-106.4375444444,36.9767944444,3286.0,,,,,,,,Boletus rubriceps,"Rio Arriba County, NM, USA",1
acc5132f-c8ed-4220-9ba7-f21cd5f4a764,191971629,2021-08-05 06:17:04-06:00,2021-08-05,-105.57785,40.2743216667,3189.0,,5.8,26.0,0.0,4.3,,1031.2,Boletus rubriceps,"Rocky Mountain National Park, Estes Park, CO, US",2
19384f1a-8d86-4897-ad7f-af247659b738,189082447,2023-08-27 17:13:55-06:00,2023-08-27,-105.8215161232,40.4124980546,3242.0,,8.7,22.1,5.7,4.0,,1031.3,Boletus rubriceps,"Rocky Mountain National Park, Grand Lake, CO, US",1
ba205dbf-5595-4415-b7bd-2725ad0bed60,184117140,2023-09-13 11:29:16-06:00,2023-09-13,-105.4461145028,36.5979900728,3013.0,,4.7,17.8,1.9,6.2,,1025.1,Boletus rubriceps,"Taos Ski Valley, NM 87525, USA",1
22659592-569f-4abf-b909-a71961f9addb,183796140,2023-09-17 16:42:42-06:00,2023-09-17,-105.5576777778,40.166975,3148.0,,10.0,27.0,0.0,4.9,,1022.0,Boletus rubriceps,"Allenspark, CO, USA",1
35ac98f3-f545-4794-84de-344f9eaa7bd9,182802732,2023-09-08 19:24:27-06:00,2023-09-08,-109.0567333333,42.68323,2963.0,,13.0,20.0,0.0,8.3,,1030.0,Boletus rubriceps,"Popo Agie Wilderness, Lander, WY, US",1
a698f5a6-39d9-49d5-8f2c-00746d9d67df,181431985,2021-07-16 20:06:03-06:00,2021-07-16,-105.524605,40.1304028333,2656.0,,14.0,32.0,0.0,7.8,,1018.8,Boletus rubriceps,"Lyons, CO, US",2
d53073d8-fb20-4efd-9762-ff999be2c05d,181297261,2023-09-01 16:07:58-06:00,2023-09-01,-105.50047383,39.69088935,3187.0,,3.6,16.0,0.6,11.7,,1019.0,Boletus rubriceps,"Clear Creek County, US-CO, US",1
f04ae566-d379-4f14-9d05-b12622cecd35,180877876,2023-08-29 17:33:27-06:00,2023-08-29,-105.8709287276,39.4384207813,3272.0,,0.8,13.6,0.0,9.7,,1025.3,Boletus rubriceps,"Colorado, US",3
0b6ad636-915c-4cfb-b2ce-6ef5379af64e,180877865,2023-08-29 17:22:36-06:00,2023-08-29,-105.8750908475,39.4285817384,3339.0,,0.8,13.6,0.0,9.7,,1025.3,Boletus rubriceps,"Colorado, US",2
5a082568-e1e1-453d-bd8e-6295a2f66a6c,180877840,2023-08-29 17:25:11-06:00,2023-08-29,-105.9604137582,39.4247645915,3700.0,,2.8,22.2,0.0,6.4,,1019.5,Boletus rubriceps,"Colorado, US",3
df41b756-e1e5-44d0-b486-6b448be322a0,180691221,2023-08-10 11:09:31-06:00,2023-08-10,-105.3882324323,39.4924725772,2470.0,,3.1,13.1,2.5,15.5,,1017.4,Boletus rubriceps,"Pine Junction Area, CO, USA",4
fb410dd1-d261-4df1-98ac-057197e27894,180542627,2023-08-27 08:26:43-06:00,2023-08-27,-105.6385116667,39.950025,3076.0,,2.4,14.2,4.5,10.6,,1024.4,Boletus rubriceps,"King Lake, Nederland, CO, US",2
54a3c42d-f753-4f21-a6af-2747ace7628a,180464505,2023-08-26 11:52:17-06:00,2023-08-26,-105.8091129363,35.8057083408,3262.0,,17.2,28.9,,13.0,,1017.3,Boletus rubriceps,"Taos, NM 87571, USA",1
bf18a87e-27b5-45c5-bb21-57b1e4cda01c,179440739,2023-08-19 15:43:47-06:00,2023-08-19,-105.196872447,38.1341632303,2752.0,,19.2,36.3,0.0,15.2,,1011.3,Boletus rubriceps,"Colorado, US",2
f483e883-01bc-487d-8a42-3ff9cf417486,179248777,2023-08-19 14:18:25-06:00,2023-08-19,-105.9537666667,39.5674133333,3070.0,,4.0,16.1,0.8,12.9,,1021.9,Boletus rubriceps,"White River National Forest, Dillon, CO, US",3
8f86c9ed-cada-4089-be0f-bd1f7517aa8a,179043580,2023-07-24 10:25:16-06:00,2023-07-24,-105.4734333333,40.4804616667,2437.0,,16.1,35.6,,8.4,,1015.0,Boletus rubriceps,"Estes Park, CO, US",2
78166389-bde5-496a-a6a0-713a7a27ab8d,178774184,2023-08-14 20:20:39-06:00,2023-08-14,-104.9425170724,38.6217151332,2337.0,,13.0,22.0,0.6,13.5,,1031.9,Boletus rubriceps,"Colorado, US",3
ddb96438-d5af-4f8b-bf42-68db3d802283,178518908,2022-08-27 15:42:46-06:00,2022-08-27,-105.656325,39.90175,3026.0,,1.5,11.9,0.9,11.3,,1017.2,Boletus rubriceps,"Forest Lakes, Black Hawk, CO, US",3
1932d57e-5046-41e9-9b48-7521baebcc4e,178469934,2022-07-27 18:39:53-06:00,2022-07-27,-107.9672174269,39.0939476264,2923.0,,16.6,32.9,0.0,7.0,,1021.2,Boletus rubriceps,"Colorado, US",1
d5f0a5da-3dfb-4638-95a4-7f0596c30cd9,178391310,2023-08-13 10:12:57-06:00,2023-08-13,-105.3033334577,39.5203487733,2563.0,,15.0,20.6,0.0,13.4,,1019.3,Boletus rubriceps,"Pleasant Park Rd, Conifer, CO, US",2
02cc19d4-634f-4e92-a2b2-e4c4757ea10a,178284895,2023-08-13 12:20:00-06:00,2023-08-13,-105.3728013536,39.8646185757,2656.0,,17.0,23.0,0.0,13.0,,1025.9,Boletus rubriceps,"Coal Creek Canyon, CO 80403, USA",2
dfa49f6d-4824-453a-9672-dc05e6b825aa,178126282,2023-08-11 08:00:17-06:00,2023-08-11,-105.57898,39.7620783333,2390.0,,1.5,14.3,4.1,11.6,,1020.1,Boletus rubriceps,"Stanley Rd, Idaho Springs, CO, US",2
3e8f3a3d-d8d7-4591-a08e-c9b9fc32daec,178116018,2023-07-10 09:39:01-06:00,2023-07-10,-105.4291916667,39.690995,2598.0,,2.9,15.4,0.1,14.8,,1018.1,Boletus rubriceps,"Evergreen, CO, US",2
f50bc712-17f9-4a9f-ae1f-6398808b3dd3,178113960,2023-08-12 13:04:34-06:00,2023-08-12,-105.5802833333,40.0477611667,3349.0,,7.6,22.4,1.2,6.2,,1029.1,Boletus rubriceps,"Ward, CO, US",6
80f88aa4-21af-4d85-b70a-71bd418f04cc,178078959,2023-08-12 13:39:36-06:00,2023-08-12,-105.5772451191,40.0472665458,3332.0,,7.6,22.4,1.2,6.2,,1029.1,Boletus rubriceps,"Ward, CO, US",5
9ce70a3b-1637-46f7-84ff-fe75ff04941f,177934366,2023-08-11 12:52:29-06:00,2023-08-11,-105.5762333333,40.0468971667,3327.0,,5.3,23.2,3.2,5.4,,1028.0,Boletus rubriceps,"Ward, CO, US",2
635dfe22-b0a5-4ddf-a44e-22c2ce646140,177927872,2023-08-10 12:20:18-06:00,2023-08-10,-106.2334583333,41.4590916667,3026.0,,11.2,24.3,0.0,26.2,,1011.1,Boletus rubriceps,"Medicine Bow National Forest, Carbon County, WY, USA",1
113ab3d2-bb13-4026-8008-eeacf702edcd,177750878,2023-08-07 10:10:37-06:00,2023-08-07,-105.8487678879,40.4529601476,2896.0,,3.9,19.3,2.4,6.4,,1029.3,Boletus rubriceps,"Rocky Mountain, Rocky Mountain National Park, Rocky Mountain National Park, Grand County, US-CO, US",2
81df9609-c6f0-4fab-bfbf-8696238fcd09,177460887,2021-08-24 12:46:15-06:00,2021-08-24,-106.049121566,39.3571181652,3673.0,,3.9,22.2,0.0,8.5,,1014.5,Boletus rubriceps,"Colorado, US",3
1b2b9940-30c6-46be-9a3b-3f19e9bc40d0,177433169,2023-08-08 13:55:58-06:00,2023-08-08,-106.9203716667,41.0962611667,3113.0,,10.0,23.0,1.4,13.7,,1023.2,Boletus rubriceps,"Encampment, WY, US",1
d4bdafb6-df80-4477-a221-3e175fd3b264,177416405,2023-08-03 11:16:18-06:00,2023-08-03,-106.9526883333,40.80862,2460.0,,11.0,24.6,0.2,8.9,,1025.3,Boletus rubriceps,"Steamboat Lake State Park, Clark, CO, US",1
d0f3398e-ca19-456c-86d1-05bb84d4457c,177274147,2023-07-31 10:55:00-06:00,2023-07-31,-105.6570155,40.2922444,3110.0,,11.0,25.7,5.8,4.8,,1031.1,Boletus rubriceps,"The Loch, Colorado 80517, USA",2
7956c6bd-1847-4064-8321-7939fa39bd96,176814698,2023-08-05 10:12:33-06:00,2023-08-05,-105.5795815796,40.0323189018,3165.0,,5.0,23.7,2.2,5.5,,1030.4,Boletus rubriceps,"Colorado, US",2
8e12761a-a3b2-475e-ac5b-dcfbd50b58c1,176293682,2023-08-02 10:11:28-06:00,2023-08-02,-105.5909454197,40.3678154288,2525.0,,10.0,22.6,6.9,4.0,,1030.4,Boletus rubriceps,"Rocky Mountain National Park, Estes Park, CO, US",2
f491f48d-161e-419f-b38e-a617106e18ad,175620615,2023-07-29 13:13:17-06:00,2023-07-29,-105.4508583333,39.6809111111,2742.0,,4.0,18.6,1.8,11.9,,1024.9,Boletus rubriceps,"Evergreen, CO 80439, USA",1
7a21fb69-fc07-40e5-8dac-a6611e3a0150,175619995,2023-07-29 11:27:45-06:00,2023-07-29,-105.4513833333,39.683,2713.0,,4.0,18.6,1.8,11.9,,1024.9,Boletus rubriceps,"Evergreen, CO 80439, USA",2
9ec76a8a-34c9-45f6-86bf-83e3ed48c589,175616963,2023-07-29 13:44:05-06:00,2023-07-29,-105.4682823957,39.6940063672,2765.0,,4.0,18.6,1.8,11.9,,1024.9,Boletus rubriceps,"Clear Creek County, US-CO, US",3
b79cfb9d-b8b3-4311-9b4d-e9c9ebb5a142,175424088,2023-07-28 12:28:15-06:00,2023-07-28,-105.4039625905,39.7633760169,2452.0,,18.0,34.0,1.0,11.6,,1024.4,Boletus rubriceps,"Colorado, US",2
d1120301-1bc9-41a4-baed-83fb53907216,175123482,2023-07-26 08:39:09-06:00,2023-07-26,-105.7089212528,40.8521545813,2935.0,,15.1,26.1,2.0,15.7,,1018.3,Boletus rubriceps,United States,2
b54d9204-bd79-4c66-98e1-c7ede8594376,174200575,2023-07-21 17:05:03-06:00,2023-07-21,-105.33745,39.5450611111,2589.0,,12.8,27.2,,8.8,,1021.7,Boletus rubriceps,"Shadow Mountain, CO, USA",2
e8ce3eab-c320-4d00-8bc9-d4068ed17e8f,174192157,2023-07-21 17:10:05-06:00,2023-07-21,-105.4453805556,39.6776527778,2798.0,,1.7,14.5,0.0,12.3,,1025.4,Boletus rubriceps,"Evergreen, CO 80439, USA",2
d698095e-b809-41ce-bb2a-290e8458e78b,174173068,2023-07-21 13:10:46-06:00,2023-07-21,-105.5884783333,40.1988366667,2737.0,,6.7,22.0,0.1,5.5,,1033.3,Boletus rubriceps,"Rocky Mountain National Park, Ward, CO, US",1
0fd1d886-64e4-4346-9d71-aef638d10b01,173837959,2023-07-19 10:03:19-06:00,2023-07-19,-105.4241368273,39.6759602858,2959.0,,2.9,13.7,11.5,11.7,,1025.8,Boletus rubriceps,"Evergreen, CO, US",3
5374d376-7db0-41d8-8992-bb7718431cf9,173836483,2023-07-19 10:34:59-06:00,2023-07-19,-105.4470175872,39.6877096091,2688.0,,2.9,13.7,11.5,11.7,,1025.8,Boletus rubriceps,"Idaho Springs, CO, US",2
f6d07652-5186-4eaa-8e5e-040a0618efea,173836348,2023-07-19 10:01:30-06:00,2023-07-19,-105.4464996607,39.6818145041,2803.0,,2.9,13.7,11.5,11.7,,1025.8,Boletus rubriceps,"Mestaa’ėhehe Pass, Evergreen, CO, US",2
055579a7-ae5a-407c-b855-8c93ffee3ebb,173359651,2023-07-16 18:18:01-06:00,2023-07-16,-105.3761651739,39.5635648535,2578.0,,3.8,16.4,0.0,14.8,,1022.8,Boletus rubriceps,"Shadow Mountain, CO, USA",2
348a5d11-e256-4c24-99dd-6a8df4583f4c,173303128,2022-08-24 15:02:03-06:00,2022-08-24,-105.4397006705,36.5780156927,3110.0,,6.3,21.0,2.3,3.8,,1030.6,Boletus rubriceps,Taos Ski Valley,1
b03311e4-e5c2-4120-8263-db3133830881,172377673,2023-07-09 14:13:41-06:00,2023-07-09,-105.4321608174,40.1123164009,2566.0,,13.0,27.0,0.2,4.3,,1019.8,Boletus rubriceps,"Colorado, US",2
75b11533-f41c-4aa0-bccd-91f39802ed4a,172371998,2023-07-08 18:16:02-06:00,2023-07-08,-105.506118669,40.0027435269,2657.0,,14.0,24.0,0.2,8.4,,1019.1,Boletus rubriceps,"Colorado, US",1
4e21a26d-3899-47a0-a869-4da6a8479e79,172364879,2023-07-08 13:59:49-06:00,2023-07-08,-105.5126503725,40.1163316279,2813.0,,14.0,24.0,0.2,8.4,,1019.1,Boletus rubriceps,"Colorado, US",1
84a1985d-92db-48f6-bbf2-150b7e5c0c4d,171639141,2023-07-07 07:58:00-06:00,2023-07-07,-105.5837404511,40.1604917405,3686.0,,4.0,24.6,0.9,5.6,,1024.3,Boletus rubriceps,"Colorado, US",2
3b6a9bfa-954f-4933-8180-fa7c1c2452c7,171036159,2021-07-24 08:46:27-06:00,2021-07-24,-105.7351069271,40.3902581301,3152.0,,11.0,25.3,0.7,7.8,,1030.5,Boletus rubriceps,"Colorado, US",1
4f5b9369-77cf-4c63-a891-0815cf541dd8,170765108,2022-08-06 10:31:56-06:00,2022-08-06,-105.7820675522,39.513142714,3442.0,,5.4,16.7,2.4,7.6,,1020.0,Boletus rubriceps,Colorado,2
030b2a21-2375-4e95-8be1-403657e65f1a,170642491,2023-07-01 14:39:25-06:00,2023-07-01,-103.5635533333,43.845045,1887.0,,8.3,23.9,,7.4,,1015.8,Boletus rubriceps,"Custer State Park, Custer, SD, US",1
d3971595-d8fa-4e95-8aeb-1d2837cf66e4,167798294,2023-06-16 11:39:50-06:00,2023-06-16,-105.4845292338,40.0416804227,2679.0,,10.0,17.0,24.7,2.3,,1020.6,Boletus rubriceps,"Colorado, US",2
7dafc153-c878-4f2f-9dac-2cc1aa1aa840,167798036,2023-06-16 11:23:58-06:00,2023-06-16,-105.4437817276,40.0094561048,2411.0,,10.0,17.0,24.7,2.3,,1020.6,Boletus rubriceps,"Colorado, US",2
f6b573e7-215a-427e-8b79-bb53edc325b5,166528658,2023-06-09 16:39:20-06:00,2023-06-09,-105.3180296347,39.3478441871,2232.0,,0.5,13.0,0.0,9.3,,1015.8,Boletus rubriceps,"Pine, CO 80470, USA",2
c6c07eea-449a-464c-8fba-897ed652c04f,166311758,2023-06-08 12:19:28-06:00,2023-06-08,-105.3419203092,39.9379151901,2082.0,,13.0,24.0,2.7,7.1,,1017.3,Boletus rubriceps,"Boulder County, US-CO, US",1
5abe53a4-8dda-46ba-9469-20fd57e5fde6,161340962,2022-08-04 15:57:43-06:00,2022-08-04,-105.6286916667,39.62777,3450.0,,2.3,16.7,5.4,5.8,,1021.1,Boletus rubriceps,"Chicago Lakes, Idaho Springs, CO, US",2
a24e327e-cec3-46df-838c-ff4d858680cf,158954923,2022-08-12,2022-08-12,-105.6255583093,39.9837350176,3113.0,,5.6,16.4,6.0,5.8,,1024.0,Boletus rubriceps,"Nederland, CO 80466, USA",1
471fe309-567d-4ee5-87a1-5c48b031f724,155739237,2017-08-09 18:44:55-06:00,2017-08-09,-105.5927641721,39.9195573782,2834.0,,,,,6.5,,,Boletus rubriceps,"Black Hawk, CO, US",2
271d90ac-458e-4a1d-a503-37cfc0863fdd,149329736,2021-08-22 11:07:00-06:00,2021-08-22,-106.6043489722,38.734169,3072.0,,5.6,26.1,0.0,10.0,,1016.0,Boletus rubriceps,"Gunnison County, CO, USA",3
07c0568e-dc45-4ad7-86e6-a6eef1d2284b,149203152,2021-08-29,2021-08-29,-105.9805835411,40.2638270195,3331.0,,5.9,27.9,0.0,7.7,,1027.1,Boletus rubriceps,"Granby, CO 80446, USA",2
6f2c5588-3a23-4461-9d31-2223fdebabb2,148385367,2010-07-31 13:07:00-06:00,2010-07-31,-106.8343305215,40.6577839604,2690.0,,16.0,32.0,,14.4,,,Boletus rubriceps,"Routt County, CO, USA",3
3a3e6859-bd4f-4081-9d02-5791046d9f46,147178119,2022-07-20 11:46:14-06:00,2022-07-20,-105.6445783333,39.829645,3250.0,,5.8,14.4,2.9,9.2,,1023.1,Boletus rubriceps,"Idaho Springs, CO, US",1
7775ca58-69a7-4c53-ba63-a9e093fe86cd,146559757,2008-09-05 19:39:00-06:00,2008-09-05,-105.6438286,39.5883005,4276.0,,,,,,,,Boletus rubriceps,"Mt Evans, Colorado 80439, USA",1
a15e7aba-29f0-4a70-8832-f9a315ce1a97,145713039,2007-08-06 12:40:00-06:00,2007-08-06,-107.6082487873,37.720608184,3050.0,,12.0,20.0,,3.9,,,Boletus rubriceps,"San Juan County, CO, USA",1
50bd3146-d65e-40b3-9c66-44727bd2b0a6,145154315,2022-08-23 08:46:00-06:00,2022-08-23,-105.5928074841,39.6422278231,3518.0,,-0.1,12.0,1.5,5.3,,1021.2,Boletus rubriceps,"Clear Creek County, CO, USA",1
51a88337-5c99-41fa-a63c-ddf9ac946181,143951263,2022-08-19 08:29:42-06:00,2022-08-19,-105.85012,40.4026966667,2757.0,,6.7,22.1,0.5,5.9,,1027.3,Boletus rubriceps,"Rocky Mountain National Park, Granby, CO, US",1
868c3782-309a-4231-b17e-4167210c4485,143334191,2013-08-17 01:52:00-06:00,2013-08-17,-107.8122852,37.9374939,2675.0,,11.0,25.0,,7.5,,,Boletus rubriceps,"Telluride, CO 81435, USA",5
b5b25fca-77fd-4eab-9af5-c44813914ade,143161759,2022-09-07 14:24:15-06:00,2022-09-07,-105.6160974875,39.8854928877,2959.0,,5.8,17.7,0.3,4.3,,1024.9,Boletus rubriceps,"Central City, CO, USA",2
dcee5f87-521e-4e32-9951-5d560fce5fb6,142411139,2022-09-05 07:32:53-06:00,2022-09-05,-105.57778,40.0783111667,3166.0,,5.0,29.0,0.0,3.9,,1028.8,Boletus rubriceps,"Brainard Lake Rd, Ward, CO, US",2
bf34b1f8-c673-4695-9be4-b7e4fc463905,142111818,2022-08-06 13:09:36-06:00,2022-08-06,-105.1136239825,38.8554172784,3191.0,,18.4,32.5,0.5,6.6,,1012.8,Boletus rubriceps,"Pike and San Isabel National Forests, Divide, CO, US",2
e5e53805-6b19-46fc-a60c-2dde035544d9,142111416,2022-07-26 10:41:22-06:00,2022-07-26,-105.1184991334,38.8712449305,3124.0,,14.3,29.2,1.1,6.2,,1013.3,Boletus rubriceps,"Pike and San Isabel National Forests, Divide, CO, US",2
0dc0b515-b198-4fc9-b6a2-958b42a019fc,141897705,2021-07-25 15:25:58-06:00,2021-07-25,-105.5904833333,40.1966866667,2770.0,,7.9,27.2,0.5,7.8,,1029.8,Boletus rubriceps,"Rocky Mountain National Park, Ward, CO, US",4
b76bfe36-80bd-47da-bc84-a680d305571b,141862395,2021-08-04 11:09:00-06:00,2021-08-04,-107.0218239722,38.968581,3391.0,,7.8,25.0,0.0,7.7,,1018.7,Boletus rubriceps,"Gunnison, Colorado, United States",1
515e7ff5-3615-4603-a7cb-170759046889,141088203,2021-08-04 07:11:00-06:00,2021-08-04,-107.017474,38.9813869722,3243.0,,7.8,25.0,0.0,7.7,,1018.7,Boletus rubriceps,"Gunnison County, CO, USA",2
e674ef3e-c6cf-43ef-bab2-7ea742d86313,141082595,2021-07-31 10:28:00-06:00,2021-07-31,-106.9774749722,38.959966,3006.0,,10.0,23.3,,10.0,,1020.3,Boletus rubriceps,"Gunnison, Colorado, United States",2
0c6425d6-f465-4afd-aa7a-89c88596547e,139968863,2021-08-01 13:06:00-06:00,2021-08-01,-106.9812898611,38.9719076111,3245.0,,11.1,24.4,,6.2,,1020.9,Boletus rubriceps,"Gunnison County, CO, USA",2
4112ea77-8c75-409c-a3ab-a928105111da,139750570,2021-07-20 11:09:00-06:00,2021-07-20,-106.9912664722,38.9613679444,2933.0,,14.4,30.0,,12.0,,1014.4,Boletus rubriceps,"Gunnison County, CO, USA",2
0cd1ca04-6b5a-46c7-a58c-a75b19799b2d,139359376,2017-09-07 09:10:00-06:00,2017-09-07,-105.4318083333,36.56515,3312.0,,4.8,20.9,,6.9,,,Boletus rubriceps,"Taos County, NM, USA",2
c96469f5-dfe4-4cd6-8e4a-9b0f55adae00,139359363,2017-09-07 13:54:00-06:00,2017-09-07,-105.4319166667,36.565025,3312.0,,4.8,20.9,,6.9,,,Boletus rubriceps,"Taos County, NM, USA",2
b99a5213-500d-4f70-a8bc-f1e8773bb9dd,139206562,2019-08-08 20:37:00-06:00,2019-08-08,-106.5351882671,39.5630814476,3006.0,,13.3,28.9,,9.1,,1017.0,Boletus rubriceps,"Игл Каунти, Колорадо, США",2
6a35a770-83e7-4ae1-bfff-e03c9d44e78d,139083506,2022-08-30 11:27:00-06:00,2022-08-30,-105.1064138889,38.8760722222,3163.0,,10.1,28.2,0.0,14.6,,1020.2,Boletus rubriceps,"Teller County, CO, USA",2
6b3c90f1-4e68-423f-a434-7656d30aada0,139076300,2022-08-30 11:27:00-06:00,2022-08-30,-105.1064138889,38.8760305556,3163.0,,10.1,28.2,0.0,14.6,,1020.2,Boletus rubriceps,"Teller, Colorado, United States",3
d22a1d8f-0989-47d4-b5f5-5fd24c8114cc,139006811,2022-08-08 17:45:58-06:00,2022-08-08,-105.7337986111,40.2303581111,3013.0,,7.3,28.0,0.0,6.2,,1031.0,Boletus rubriceps,"Allenspark, CO 80510, USA",3
5e798137-5c5b-4fe2-9c22-9255df9f4e06,137079168,2022-07-25 13:06:00-06:00,2022-07-25,-105.5665413,40.2077465,2597.0,,11.5,25.5,0.0,5.0,,1028.3,Boletus rubriceps,"Allenspark, CO 80510, USA",1
235c0d27-eabe-4ad1-9e20-f0a3e064e5dc,136904890,2021-08-15 14:23:26-06:00,2021-08-15,-107.130474709,40.15129209,3011.0,,15.6,30.6,,16.1,,1015.5,Boletus rubriceps,"Meeker, CO 81641, USA",2
db4ee32e-9636-458c-a98e-ed80542f1c48,136533073,2022-07-31 12:19:00-06:00,2022-07-31,-107.3420988408,40.1332214691,3198.0,,13.3,29.4,0.0,12.1,,1018.1,Boletus rubriceps,"Rio Blanco County, CO, USA",2
9d87d2ae-298d-4d09-8979-839fe764910e,136531720,2022-08-26 16:10:02-06:00,2022-08-26,-106.9305116667,38.5785866667,2371.0,,11.1,18.3,,6.3,,1020.7,Boletus rubriceps,"Gunnison County, US-CO, US",3
fba7857a-9fce-496f-a073-0d6bcb76298b,135829796,2022-08-24 15:15:43-06:00,2022-08-24,-106.5530116659,36.8688813952,2464.0,,,,,,,,Boletus rubriceps,United States,1
d5544693-6bb6-45ec-95a8-9ab7f6b0553e,135749522,2022-09-19 19:00:03-06:00,2022-09-19,-105.7795767962,39.61084598,4103.0,,1.4,13.2,0.5,8.4,,1018.2,Boletus rubriceps,"Colorado, US",1
c8e37b19-ffe7-4723-a520-548bd0f9ccc3,135749518,2022-09-19 17:26:50-06:00,2022-09-19,-105.761184968,39.6837653811,3422.0,,1.4,13.2,0.5,8.4,,1018.2,Boletus rubriceps,"Colorado, US",1
7a53c20d-9683-49ef-bcbf-80e31bf23e5f,135636409,2022-08-18 13:50:13-06:00,2022-08-18,-107.9378333688,37.7979460875,3100.0,,9.0,23.0,0.6,6.6,,1032.2,Boletus rubriceps,"Durango, CO 81301, USA",3
2d87fa06-c1b2-4a4d-9fa8-0e3a29659a62,135188811,2022-09-06 12:56:00-06:00,2022-09-06,-105.794149622,35.805093569,3412.0,,10.6,31.7,0.0,10.5,,1017.0,Boletus rubriceps,"Santa Fe County, NM, USA",2
abc472df-6821-4458-9138-8a0ac1bd4355,135013830,2022-08-28 12:18:50-06:00,2022-08-28,-105.76252,39.8903883333,2757.0,,2.8,12.1,2.9,11.9,,1016.2,Boletus rubriceps,"Winter Park Resort, Winter Park, CO, US",1
25c346b1-bee6-457d-a670-5143944652cb,134883000,2022-07-20 11:54:23-06:00,2022-07-20,-104.984774217,38.7335215824,3094.0,,17.2,31.1,0.5,6.7,,1015.0,Boletus rubriceps,"Manitou Springs, CO 80829, USA",3
81631c53-94bc-4b61-8b7d-4be66c0288bf,134826542,2022-08-19 11:44:00-06:00,2022-08-19,-107.9405773,37.8023758,3158.0,,10.0,17.0,7.5,3.4,,1030.0,Boletus rubriceps,"Dolores County, CO, USA",1
0fe1bc17-846a-49de-896c-5a3f6909a7cb,134391303,2022-08-18 15:00:00-06:00,2022-08-18,-107.9396643997,37.7996739,3093.0,,9.0,23.0,0.6,6.6,,1032.2,Boletus rubriceps,"Dolores County, CO, USA",3
bc0dea8a-799c-4329-ae99-4b51c2622119,134391301,2022-08-18 15:00:00-06:00,2022-08-18,-107.9396797997,37.7996751,3093.0,,9.0,23.0,0.6,6.6,,1032.2,Boletus rubriceps,"Dolores County, CO, USA",3
87408015-27db-4cc5-b621-7982695b03dc,134388441,2022-08-18 14:45:00-06:00,2022-08-18,-107.9394592997,37.7989046,3100.0,,9.0,23.0,0.6,6.6,,1032.2,Boletus rubriceps,"Dolores County, CO, USA",3
4881b376-1472-4ede-a6d7-0791e0313369,134388439,2022-08-18 14:42:00-06:00,2022-08-18,-107.9392878997,37.7990404,3100.0,,9.0,23.0,0.6,6.6,,1032.2,Boletus rubriceps,"Dolores County, CO, USA",3
d84a662e-6769-428d-b349-5e09ad6207cc,134388438,2022-08-18 14:42:00-06:00,2022-08-18,-107.9392878997,37.7990404,3100.0,,9.0,23.0,0.6,6.6,,1032.2,Boletus rubriceps,"Dolores County, CO, USA",2
266cceaf-d3a8-45bd-bed1-834f7bf6124c,134384959,2022-08-20 12:02:20-06:00,2022-08-20,-107.8831611111,37.8317833333,2966.0,,10.0,17.0,13.8,5.1,,1029.5,Boletus rubriceps,"Ophir, CO 81426, USA",1
f297ad88-d8e5-458b-8b2c-69c7b3d0105e,134331851,2021-07-21 16:04:00-06:00,2021-07-21,-106.47501,39.24656,3387.0,,8.3,23.3,12.2,9.8,,1015.9,Boletus rubriceps,"Lake County, CO, USA",1
a0be4875-fe34-4f71-a480-e303eaf28802,134213869,2022-09-08 08:35:00-06:00,2022-09-08,-105.4168546266,40.0405131129,2336.0,,16.0,36.0,0.0,5.7,,1015.6,Boletus rubriceps,"Colorado, US",1
3809dec9-9292-40c1-91ea-50aa2c258369,134070417,2022-08-03 07:52:53-06:00,2022-08-03,-105.212595,36.624325,3593.0,,6.5,23.0,1.6,4.8,,1029.2,Boletus rubriceps,"Cimarron, NM, US",1
cdfce27d-7967-4321-8e90-97c0e1131d05,134008364,2022-09-06 18:18:22-06:00,2022-09-06,-105.8460047315,40.8043572568,3056.0,,10.0,29.0,0.0,6.9,,1020.1,Boletus rubriceps,United States,1
3e11fb90-eb85-4783-a801-1372be0e219b,134006352,2022-07-30 14:48:24-06:00,2022-07-30,-108.0843666667,39.0452805,3033.0,,17.5,28.5,0.1,7.7,,1023.9,Boletus rubriceps,"Grand Mesa Uncompahgre and Gunnison National Forests, Whitewater, CO, US",2
f099d55d-1496-4be3-8c3a-2fce2c969e19,133866129,2022-09-05 20:27:25-06:00,2022-09-05,-105.5492494628,40.0855723175,3034.0,,16.0,35.0,0.0,3.8,,1018.6,Boletus rubriceps,"Ward, CO 80481, USA",2
b088879b-5e2e-4604-9488-19773b67acd4,133793797,2017-08-13 14:37:42-06:00,2017-08-13,-105.5553452242,40.4943320878,3079.0,,14.4,30.0,,9.3,,1011.4,Boletus rubriceps,"Larimer County, US-CO, US",3
3468dd72-6b74-4c1d-b760-ae0901e9bb9d,133789872,2018-07-30 15:55:31-06:00,2018-07-30,-105.5137718104,40.5975121013,2635.0,,12.8,28.3,,13.9,,1022.0,Boletus rubriceps,"Larimer County, US-CO, US",2
748508e2-64d1-4c8c-99f8-5ec61ca69c6d,133789786,2018-07-30 16:12:17-06:00,2018-07-30,-105.4861264275,40.5693794508,2648.0,,12.8,28.3,,13.9,,1022.0,Boletus rubriceps,"Larimer County, US-CO, US",1
a68d9c5a-bccf-4d32-8de0-ffee9bef3090,133789261,2018-08-11 13:45:38-06:00,2018-08-11,-105.527144507,40.5242394374,3131.0,,14.4,33.3,0.0,11.8,,1016.3,Boletus rubriceps,"Larimer County, US-CO, US",4
d06e2137-b7ea-4e68-adb6-f4219fd0f5c3,133789095,2018-08-11 13:59:18-06:00,2018-08-11,-105.5425529521,40.4973343713,2876.0,,14.4,33.3,0.0,11.8,,1016.3,Boletus rubriceps,"Larimer County, US-CO, US",2
0bd06868-37b8-4bac-b5f8-1027f0f5eba3,133788848,2018-08-11 15:25:17-06:00,2018-08-11,-105.4311168616,40.4141846326,2536.0,,14.4,33.3,0.0,11.8,,1016.3,Boletus rubriceps,"Larimer County, US-CO, US",2
0ecbea58-ebec-418a-9b5e-7cce90f976d8,133788682,2018-08-11 15:47:01-06:00,2018-08-11,-105.517745595,40.5989709189,2587.0,,14.4,33.3,0.0,11.8,,1016.3,Boletus rubriceps,"Larimer County, US-CO, US",1
c5a485d8-2eeb-4124-a5c7-10f110b42b07,133788570,2018-08-11 15:57:48-06:00,2018-08-11,-105.4342004202,40.535369284,2936.0,,14.4,33.3,0.0,11.8,,1016.3,Boletus rubriceps,"Larimer County, US-CO, US",2
84b311fd-6a5c-4611-83d5-eb40c3452b14,133788065,2020-08-30 14:55:03-06:00,2020-08-30,-105.0567586298,37.8197516111,2343.0,,,,,,,,Boletus rubriceps,"Colorado, US",1
f3b94b65-e450-4f9b-88e8-d4f2e71aebf4,133770704,2022-07-31 13:43:30-06:00,2022-07-31,-105.0130619472,38.0336481362,2260.0,,17.3,29.9,0.0,13.5,,1015.9,Boletus rubriceps,"Colorado, US",2
b2e60aec-7113-4afb-b38a-0d0664aad288,133558547,2022-09-03 12:09:52-06:00,2022-09-03,-106.1298333333,39.6327777778,2975.0,,8.0,18.0,0.0,16.1,,1041.6,Boletus rubriceps,"Silverthorne, CO 80498, USA",2
6ecfbda6-ac3b-4e70-9dc8-2ccaec3e8963,133508542,2022-08-21 10:30:25-06:00,2022-08-21,-105.6461611111,39.9582583333,3249.0,,0.5,10.3,8.8,4.8,,1023.6,Boletus rubriceps,"Nederland, CO 80466, USA",1
db481431-063b-4830-8a27-e741919165d0,133508124,2022-08-21 10:47:58-06:00,2022-08-21,-105.65415,39.9563555556,3297.0,,0.5,10.3,8.8,4.8,,1023.6,Boletus rubriceps,"Nederland, CO 80466, USA",2
4e7a92f5-fa6f-4505-8fa5-30ba67549b9a,133507787,2022-08-21 12:46:02-06:00,2022-08-21,-105.6458666667,39.9581027778,3249.0,,0.5,10.3,8.8,4.8,,1023.6,Boletus rubriceps,"Nederland, CO 80466, USA",1
8dcaee69-9287-4036-8a40-4fbe5449612e,133363785,2022-08-30 14:08:26-06:00,2022-08-30,-106.3595416667,39.2585216667,3014.0,,2.8,22.8,0.0,5.4,,1020.6,Boletus rubriceps,"Pike and San Isabel National Forests, Leadville, CO, US",2
1ce519ba-73e2-4f4f-bd0c-f7d37fb513b5,133284039,2022-09-01 19:33:35-06:00,2022-09-01,-105.7716684652,39.6510229694,3812.0,,1.0,13.4,0.2,8.0,,1021.7,Boletus rubriceps,"Colorado, US",1
cea9de64-ce7c-405f-a3ee-9b310c50ef03,133282972,2022-08-21 15:06:00-06:00,2022-08-21,-105.1632221667,38.0243695,3159.0,,12.8,26.4,1.5,8.1,,1018.3,Boletus rubriceps,"Pike and San Isabel National Forests, Rye, CO, US",2
0978f574-3b09-495d-b0a2-f8ed4b9391a6,133265491,2022-08-31 14:03:56-06:00,2022-08-31,-105.4941333333,39.9594833333,2581.0,,17.0,33.0,0.5,5.8,,1023.6,Boletus rubriceps,"Wildwood Dr, Nederland, CO, US",1
181325d1-a180-4f0f-b8b7-7fe7b324f89c,133163506,2022-08-27 06:24:23-06:00,2022-08-27,-105.533455,40.1655721667,2761.0,,14.0,32.0,0.0,8.4,,1014.5,Boletus rubriceps,"Ski Rd, Lyons, CO, US",2
0f353d2a-ef94-4a76-bd2a-9d463c40b230,133155351,2022-08-31 15:58:09-06:00,2022-08-31,-105.6041278931,39.7556360601,2803.0,,1.3,13.3,0.3,7.4,,1025.0,Boletus rubriceps,"Colorado, US",2
2815ba55-b5fa-4cf8-983f-c2ba346bca54,132967360,2022-07-23 20:40:00-06:00,2022-07-23,-105.5458217342,40.0875002893,3020.0,,17.0,35.0,8.5,6.4,,1018.8,Boletus rubriceps,"Boulder County, CO, USA",2
94298e47-0ea4-4b80-8a62-84b2adf1def8,132951128,2022-08-20 10:27:38-06:00,2022-08-20,-108.0762808892,37.7080840206,3216.0,,10.0,17.0,13.8,5.1,,1029.5,Boletus rubriceps,"Colorado, US",2
fee8bc41-26e1-424e-a087-a210b411d217,132950512,2022-08-19 10:20:12-06:00,2022-08-19,-107.9744038194,37.9906551634,3282.0,,10.0,17.0,7.5,3.4,,1030.0,Boletus rubriceps,"Colorado, US",2
6faa02bf-0ffa-4fcd-8936-4c752ea7bcb1,132948500,2022-08-09 14:59:00-06:00,2022-08-09,-107.9877611117,37.768294445,2823.0,,12.0,26.0,0.0,5.6,,1034.0,Boletus rubriceps,"Dolores County, CO, USA",2
54107360-9943-4387-8c24-3bacccbff951,132878006,2022-08-28 11:20:59-06:00,2022-08-28,-105.567925,40.0640805,3273.0,,22.0,33.0,0.2,14.5,,1013.1,Boletus rubriceps,"Ward, CO, US",2
80c9e039-4386-4729-b9b5-332765d3b634,132666560,2022-08-27 12:53:46-06:00,2022-08-27,-106.1101455688,38.9970550537,3568.0,,6.2,24.0,0.0,10.9,,1023.1,Boletus rubriceps,"Park County, US-CO, US",3
ba9c9976-d5a9-4221-a75c-de5477da62c8,132665261,2022-07-29 11:46:17-06:00,2022-07-29,-105.54,40.0898945,3026.0,,16.0,27.0,0.7,4.8,,1022.9,Boletus rubriceps,"Ward, CO, US",2
5e6377ba-c713-4c8c-abfe-be858db475f4,132589047,2022-08-27 09:30:20-06:00,2022-08-27,-107.98978053,39.04844491,3223.0,,11.8,31.0,0.0,8.7,,1018.8,Boletus rubriceps,"Delta County, US-CO, US",1
285d594c-1e23-49b7-ab6a-52a23d93b837,132586925,2022-08-27 12:11:11-06:00,2022-08-27,-105.8454981853,39.6113748102,3350.0,,1.5,11.9,0.9,11.3,,1017.2,Boletus rubriceps,"Summit County, US-CO, US",2
3ec93d02-e944-457c-94b7-3cdd672f4751,132487419,2022-08-18 11:24:34-06:00,2022-08-18,-107.948986,37.79843,3229.0,,9.0,23.0,0.6,6.6,,1032.2,Boletus rubriceps,"Dolores, CO 81323, USA",1
1139f7a8-f238-4fd9-90ad-3ef910574ecb,132486588,2022-08-18 12:13:27-06:00,2022-08-18,-107.9515489722,37.796331,3243.0,,9.0,23.0,0.6,6.6,,1032.2,Boletus rubriceps,"Dolores, CO 81323, USA",2
2d882bc3-c034-4ebe-8115-afa2b01b92ac,132485274,2022-08-21 15:39:16-06:00,2022-08-21,-107.944422,37.8001209722,3181.0,,9.0,17.0,1.7,4.5,,1031.4,Boletus rubriceps,"Dolores, CO 81323, USA",2
884fff26-568f-4fa1-b476-aa769542a387,132400231,2022-08-21 17:40:17-06:00,2022-08-21,-107.9566959722,37.8055349722,3327.0,,9.0,17.0,1.7,4.5,,1031.4,Boletus rubriceps,"Dolores, CO 81323, USA",2
9af41df4-78f6-48f6-9c26-cb64242dc64a,132304648,2022-08-17,2022-08-17,-108.0338701978,37.7958401489,3081.0,,11.0,18.0,5.0,4.6,,1033.1,Boletus rubriceps,"Dolores, CO 81323, USA",1
d997c304-a4b3-4728-81dc-b7726404e218,132287591,2022-08-24 14:46:19-06:00,2022-08-24,-105.4190674424,36.5939825279,3347.0,,6.3,21.0,2.3,3.8,,1030.6,Boletus rubriceps,"Taos Ski Valley, NM 87525, USA",1
92eb110b-839a-4b00-aeff-45c4029bcf15,132254631,2022-08-18 12:40:19-06:00,2022-08-18,-105.7032422128,40.3947428203,3562.0,,4.6,26.0,0.4,3.2,,1030.8,Boletus rubriceps,"Rocky Mountain National Park, Estes Park, CO, US",2
0e36728a-3547-45db-a401-8116831cfbf7,132154776,2022-08-22 15:25:23-06:00,2022-08-22,-107.892495,37.8130216667,3094.0,,8.0,20.0,6.7,7.4,,1031.2,Boletus rubriceps,"Grand Mesa Uncompahgre and Gunnison National Forests, Ophir, CO, US",3
4c91155c-70dd-453b-b546-dcf7b0a1c921,132126321,2022-08-19 08:52:59-06:00,2022-08-19,-107.94414323,37.80211604,3188.0,,10.0,17.0,7.5,3.4,,1030.0,Boletus rubriceps,"Dolores County, US-CO, US",2
fe45793f-a8a3-40af-a78a-981178b21d20,132126236,2022-08-19 08:05:00-06:00,2022-08-19,-107.94239024,37.80072748,3145.0,,10.0,17.0,7.5,3.4,,1030.0,Boletus rubriceps,"Dolores County, US-CO, US",3
bc74ce3a-1214-4a8c-b0e9-ac49ce15c109,132080751,2022-08-23 10:52:48-06:00,2022-08-23,-105.7719204865,40.1345579277,2577.0,,4.1,24.1,0.2,3.9,,1028.5,Boletus rubriceps,"Shadow Mountain National Recreation Area, Granby, CO, US",2
82cbe4ea-e6f6-4b94-86c3-8131d475c36a,131979131,2022-08-21 17:06:38-06:00,2022-08-21,-107.9496353287,37.7999955662,3229.0,,9.0,17.0,1.7,4.5,,1031.4,Boletus rubriceps,"Dolores County, US-CO, US",2
54ff7991-121c-4e7e-a6ff-8edef6c9d4bf,131958069,2022-08-22 11:32:26-06:00,2022-08-22,-105.5821142075,40.0501238573,3435.0,,8.5,22.6,2.8,3.5,,1030.2,Boletus rubriceps,"Boulder County, US-CO, US",5
b6a7e757-233d-48a0-a01e-3597265e76ac,131957754,2022-08-21 09:27:36-06:00,2022-08-21,-107.8125133333,37.9379916667,2690.0,,9.0,17.0,1.7,4.5,,1031.4,Boletus rubriceps,"Grand Mesa Uncompahgre and Gunnison National Forests, Telluride, CO, US",3
0bedb8f2-67b1-429d-896b-7ecda0d5183f,131937469,2022-08-22 11:47:44-06:00,2022-08-22,-106.0646323527,39.4945908994,3038.0,,7.0,16.0,8.9,7.2,,1038.3,Boletus rubriceps,"White River National Forest, Breckenridge, CO, US",1
f0f30c39-cc02-46db-934a-697fae885982,131917682,2022-08-19 12:29:13-06:00,2022-08-19,-107.950975,37.7985555556,3251.0,,10.0,17.0,7.5,3.4,,1030.0,Boletus rubriceps,"Dolores, CO 81323, USA",2
1863c4d2-4b9b-41a6-90e8-2762ea5184b1,131917658,2022-08-19 12:24:38-06:00,2022-08-19,-107.9497416667,37.7983611111,3229.0,,10.0,17.0,7.5,3.4,,1030.0,Boletus rubriceps,"Dolores, CO 81323, USA",2
e64b6d09-0abd-4a2b-ad17-169392d6d04f,131831443,2022-08-20 07:43:06-06:00,2022-08-20,-107.7833329997,38.0154835,3382.0,,10.0,17.0,13.8,5.1,,1029.5,Boletus rubriceps,"Ridgway, CO 81432, USA",2
a6447143-61fa-4b9f-a382-88aaa47c2ec2,131815664,2022-08-21 13:10:46-06:00,2022-08-21,-105.4516061975,39.989047738,2517.0,,14.0,27.0,0.5,4.8,,1022.2,Boletus rubriceps,"Colorado, US",2
925942bc-aa55-4c4f-9e64-068762f71b87,131795757,2022-08-21 08:58:34-06:00,2022-08-21,-105.6836388633,40.3425127872,2940.0,,6.8,19.1,7.1,3.4,,1030.4,Boletus rubriceps,Rocky Mountain National Park,1
96ca5aee-26ec-4a3b-9836-64b1177e132f,131764207,2022-08-21 10:10:54-06:00,2022-08-21,-106.87583643,38.94624513,3381.0,,11.1,20.0,,7.2,,1016.8,Boletus rubriceps,"Gunnison County, US-CO, US",3
e38512b8-71c5-4d26-b71d-0fe949876e01,131691015,2022-08-17 09:07:00-06:00,2022-08-17,-105.434018347,36.5702669193,3231.0,,11.3,17.6,13.9,2.6,,1032.4,Boletus rubriceps,"Taos County, NM, USA",1
37270f95-25e1-469a-9140-46d19964e159,131662847,2022-08-16 12:49:08-06:00,2022-08-16,-105.7853916667,35.8066466667,3227.0,,15.0,30.0,0.0,17.1,,1012.2,Boletus rubriceps,"Santa Fe National Forest, Santa Fe, NM, US",1
36108f5a-37f0-4d6d-8d2a-e85095ea189c,131654464,2022-08-20 12:57:59-06:00,2022-08-20,-106.0879055,39.3614783333,3392.0,,7.2,14.4,,9.0,,1016.3,Boletus rubriceps,"Pike and San Isabel National Forests, Alma, CO, US",2
5ae75759-a421-47f4-b8b3-957fbcf6ca93,131635266,2022-08-20 11:51:31-06:00,2022-08-20,-107.9505225,37.8019530997,3268.0,,10.0,17.0,13.8,5.1,,1029.5,Boletus rubriceps,"Dolores, CO 81323, USA",2
cdd8525d-28c6-4fc0-bcdc-d6574fae4112,131634944,2022-08-20 12:12:07-06:00,2022-08-20,-105.7696402165,39.8278046342,3198.0,,1.1,9.4,10.8,4.9,,1022.3,Boletus rubriceps,"Grand County, US-CO, US",2
3705a1a3-0bbe-4049-990d-6686b48f1cc4,131617920,2022-08-19 08:41:35-06:00,2022-08-19,-107.94397488,37.80148162,3181.0,,10.0,17.0,7.5,3.4,,1030.0,Boletus rubriceps,"Dolores County, US-CO, US",3
6ff873d9-80c6-4dd3-9bdf-5549ee1dc1ea,131530675,2022-08-19 08:35:16-06:00,2022-08-19,-105.5412570012,40.4980109005,2884.0,,13.3,30.0,0.0,10.9,,1013.7,Boletus rubriceps,"Rocky Mountain National Park, Estes Park, CO, US",1
ebcaf9d0-cd92-44ed-8fc4-999bcbb0a518,131519510,2022-08-19 11:34:42-06:00,2022-08-19,-107.8478965811,37.8046966963,3316.0,,10.0,17.0,7.5,3.4,,1030.0,Boletus rubriceps,"San Miguel County, US-CO, US",2
5b0ef31c-2f8d-436b-afa3-92204a28800b,131502501,2022-08-14 13:24:00-06:00,2022-08-14,-105.7283189722,40.041623,3090.0,,7.2,26.4,1.4,7.1,,1029.6,Boletus rubriceps,"Grand, Colorado, United States",3
0ab80da2-abe1-46b0-bb12-db8bf24a61f9,131502498,2022-08-14 13:20:00-06:00,2022-08-14,-105.729398,40.042762,3085.0,,7.2,26.4,1.4,7.1,,1029.6,Boletus rubriceps,"Grand, Colorado, United States",3
1241a641-d967-401f-9f95-5e1ee9847041,131500117,2022-08-19 10:58:24-06:00,2022-08-19,-107.8249234402,37.9761440326,3375.0,,10.0,17.0,7.5,3.4,,1030.0,Boletus rubriceps,"Colorado, US",3
42a3cf08-5e85-4c5d-95d9-a9b28a6577bb,131404859,2022-08-17 09:19:40-06:00,2022-08-17,-105.5739883333,40.217275,2938.0,,5.1,23.7,0.0,2.8,,1031.7,Boletus rubriceps,"Rocky Mountain National Park, Ward, CO, US",1
495732b0-248a-49cd-8608-db7fcfcc7050,131403635,2022-08-17 09:39:21-06:00,2022-08-17,-105.5872416667,40.218855,3030.0,,5.1,23.7,0.0,2.8,,1031.7,Boletus rubriceps,"Rocky Mountain National Park, Ward, CO, US",1
bccc8f4b-3381-4b07-bcd0-8d9df55de8df,131403540,2022-08-17 09:39:21-06:00,2022-08-17,-105.5872416667,40.218855,3030.0,,5.1,23.7,0.0,2.8,,1031.7,Boletus rubriceps,"Rocky Mountain National Park, Ward, CO, US",1
09fc4126-5a9e-402c-903d-796cd6f01644,131389022,2022-08-18 10:59:28-06:00,2022-08-18,-107.879295091,37.8161157929,3057.0,,9.0,23.0,0.6,6.6,,1032.2,Boletus rubriceps,"San Miguel County, US-CO, US",1
b5b6b79b-6433-40f1-9b03-ca0bea35bc12,131365517,2022-08-17 12:54:35-06:00,2022-08-17,-105.519195,40.3683383333,2437.0,,15.2,30.2,0.0,2.5,,1025.0,Boletus rubriceps,"Ouray Dr, Estes Park, CO, US",3
1b876b8e-a163-4816-9379-f07f3e590292,131363651,2022-08-18 12:37:41-06:00,2022-08-18,-105.5335301768,39.9977315278,2701.0,,16.0,31.0,0.0,5.0,,1022.8,Boletus rubriceps,"Caribou Ranch Open Space-Ce, Nederland, CO, US",2
e0c44c36-f582-40e7-93f7-83cf6e58d501,131161798,2022-08-16 11:29:26-06:00,2022-08-16,-106.5692066127,39.4788001322,3510.0,,13.9,22.2,,5.8,,1016.2,Boletus rubriceps,"White River National Forest, Basalt, CO, US",6
6cc3a999-d1f4-4972-89c0-088f012af2f5,130961024,2022-08-14 10:53:50-06:00,2022-08-14,-105.6036616515,39.5752467477,3470.0,,4.9,15.1,4.1,5.8,,1021.9,Boletus rubriceps,"Mount Evans Wilderness, Evergreen, CO, US",2
38a7a73b-ebb8-439d-95ee-710247fec19d,130949253,2022-08-12 10:08:10-06:00,2022-08-12,-105.7185883333,39.6098033333,3323.0,,5.6,16.4,6.0,5.8,,1024.0,Boletus rubriceps,"Arapaho & Roosevelt National Forests Pawnee National Grassland, Idaho Springs, CO, US",1
80eeee77-35d8-4b47-9327-896090995737,130861056,2022-08-11 16:03:22-06:00,2022-08-11,-105.8847027778,40.4350194444,3275.0,,9.0,29.0,0.0,4.6,,1032.6,Boletus rubriceps,"Grand Lake, CO 80447, USA",1
d68c7ec4-e018-47c7-a066-4e964f99c538,130720268,2022-08-12 14:53:47-06:00,2022-08-12,-106.4303527778,39.2623083333,3362.0,,3.9,22.2,0.0,8.5,,1019.1,Boletus rubriceps,"Leadville, CO 80461, USA",2
3d4e9d60-788c-4e37-aafb-525dee9323e9,130702837,2022-08-13 10:54:10-06:00,2022-08-13,-105.8254616667,40.550075,3161.0,,11.4,26.3,0.7,6.0,,1019.3,Boletus rubriceps,"Arapaho & Roosevelt National Forests Pawnee National Grassland, Bellvue, CO, US",4
0f5ffdd0-67e6-4c15-9719-b98651b42337,130533432,2022-07-26 11:09:00-06:00,2022-07-26,-106.7925390317,37.4861086667,3449.0,,6.0,13.0,11.4,12.8,,1039.0,Boletus rubriceps,"Mineral, Colorado, United States",2
05ea59be-41e8-4474-888a-d4a9dd3fb7c7,130460646,2022-08-11 12:59:06-06:00,2022-08-11,-105.59092,40.0709221667,3216.0,,9.0,29.0,0.0,4.6,,1032.6,Boletus rubriceps,"Arapaho & Roosevelt National Forests Pawnee National Grassland, Ward, CO, US",1
a5c3061b-59f4-4206-b9d6-c36e8da7aa50,130446401,2022-08-11 12:46:26-06:00,2022-08-11,-105.727805,40.4378,3364.0,,9.0,29.0,0.0,4.6,,1032.6,Boletus rubriceps,"Rocky Mountain National Park, Estes Park, CO, US",3
4f122045-1ef9-4fc5-b63c-281e2400035f,130442019,2022-08-11 12:53:37-06:00,2022-08-11,-107.8476730921,37.6186097833,3229.0,,12.0,23.0,3.2,4.6,,1035.3,Boletus rubriceps,"San Juan National Forest headquarters, Hesperus, CO, US",2
dd383ce2-7ea1-4694-8be0-ee8eaba2c8da,130436582,2022-08-11 13:22:29-06:00,2022-08-11,-105.6029133333,40.0692,3251.0,,9.0,29.0,0.0,4.6,,1032.6,Boletus rubriceps,"Arapaho & Roosevelt National Forests Pawnee National Grassland, Ward, CO, US",1
638f3dda-e3a0-4c8f-b461-fa41208eba50,130420808,2022-08-11 13:27:57-06:00,2022-08-11,-105.5931405756,40.1005016758,3564.0,,9.0,29.0,0.0,4.6,,1032.6,Boletus rubriceps,"Arapaho & Roosevelt National Forests Pawnee National Grassland, Ward, CO, US",2
3f162713-c557-4d1e-91da-63d01c8fe217,130406205,2022-08-11 12:24:19-06:00,2022-08-11,-107.8472939787,37.6191352448,3243.0,,12.0,23.0,3.2,4.6,,1035.3,Boletus rubriceps,"San Juan National Forest headquarters, Hesperus, CO, US",2
787d7130-6106-4af1-b8e6-83324abc61bd,130406001,2022-08-11 12:21:53-06:00,2022-08-11,-107.8469754663,37.6188875595,3243.0,,12.0,23.0,3.2,4.6,,1035.3,Boletus rubriceps,"San Juan National Forest headquarters, Hesperus, CO, US",2
50e62d24-ea2f-4c75-875e-0bf117712ef6,130405031,2022-08-11 12:13:58-06:00,2022-08-11,-107.8470383333,37.618745,3229.0,,12.0,23.0,3.2,4.6,,1035.3,Boletus rubriceps,"San Juan National Forest headquarters, Hesperus, CO, US",1
d420924c-8847-4eb2-a87d-859f77c2ba09,130383561,2022-08-09 15:39:22-06:00,2022-08-09,-105.4088833333,39.8564533333,2675.0,,18.0,33.0,0.0,8.6,,1023.9,Boletus rubriceps,"Golden Gate Canyon State Park, Golden, CO, US",2
9712c157-93c5-49ab-8486-b47beefdb1bc,130333363,2022-08-07 05:52:31-06:00,2022-08-07,-107.9947583333,37.8494466667,3746.0,,13.0,24.0,0.1,7.2,,1033.2,Boletus rubriceps,"San Juan National Forest headquarters, Dolores, CO, US",2
2951d02b-17fd-4f67-b455-73735eb4d7a9,130307614,2022-08-10 08:35:17-06:00,2022-08-10,-105.5722883333,40.04565,3303.0,,18.0,35.0,0.0,4.9,,1025.6,Boletus rubriceps,"Arapaho & Roosevelt National Forests Pawnee National Grassland, Ward, CO, US",4
78a950fc-b8f2-4d7f-9e6e-6cf37e0f7af1,130207232,2022-07-31 11:45:00-06:00,2022-07-31,-107.6092269,37.6094438,3452.0,,11.0,22.0,9.9,3.2,,1034.4,Boletus rubriceps,"Chicago Basin, Colorado 81122, USA",2
89f8417b-e556-437b-891a-a1f1727964ae,130175282,2022-08-09 11:19:06-06:00,2022-08-09,-105.2328720093,36.3745002747,3270.0,,5.9,24.7,0.0,6.0,,1033.0,Boletus rubriceps,Angel Fire,2
6b869f4c-1844-4c83-a810-c325813c97e4,130171163,2022-08-09 11:58:12-06:00,2022-08-09,-105.44155,40.1375888333,2496.0,,18.0,34.0,0.0,2.5,,1023.0,Boletus rubriceps,"Arapaho & Roosevelt National Forests Pawnee National Grassland, Ward, CO, US",2
970d5c95-c6ea-4869-b4ee-3aec2b8dfad4,130135566,2022-08-08 14:10:11-06:00,2022-08-08,-105.16713,36.4326883333,3020.0,,9.2,20.1,19.2,6.8,,1033.3,Boletus rubriceps,"Cimarron, NM, US",2
de71124d-ce70-47b8-9939-00a335c33ef7,130129051,2022-08-09 10:04:06-06:00,2022-08-09,-106.0502555,39.4708966667,2978.0,,6.1,23.9,0.0,8.5,,1018.9,Boletus rubriceps,"White River National Forest, Breckenridge, CO, US",3
02debc92-dca9-464b-a59a-55e58591e63e,130076752,2022-08-06 13:35:48-06:00,2022-08-06,-105.54287,39.9342916667,2828.0,,5.4,16.7,2.4,7.6,,1020.0,Boletus rubriceps,"Arapaho & Roosevelt National Forests Pawnee National Grassland, Nederland, CO, US",2
4020fea6-3cbc-4a00-a877-e2a3e3c46dfe,130066090,2022-08-06 13:30:00-06:00,2022-08-06,-108.0210492685,39.0425238528,3310.0,,18.4,37.4,0.0,9.1,,1019.7,Boletus rubriceps,"Mesa County, CO, USA",2
bd830749-345c-4b2c-ad86-5fd1b6164fe3,130057084,2022-08-08 15:29:50-06:00,2022-08-08,-107.6714487746,38.0228242608,2383.0,,11.0,25.0,0.0,6.9,,1033.8,Boletus rubriceps,Ouray,2
2ffccc58-485d-444f-af9b-dcb595e6ad2b,130041872,2022-08-08 09:55:35-06:00,2022-08-08,-105.4285583333,36.5549883333,3409.0,,9.2,20.1,19.2,6.8,,1033.3,Boletus rubriceps,"Carson National Forest, Taos, NM, US",1
1a21c39e-1e80-4304-85f9-52d687753625,129937926,2022-07-29 19:10:25-06:00,2022-07-29,-105.6436783333,40.3116333333,2872.0,,7.7,22.2,1.0,5.8,,1029.7,Boletus rubriceps,"Rocky Mountain National Park, Estes Park, CO, US",2
b9ca4c78-30c8-4b88-9bf0-7afbb9e34675,129907150,2022-08-07 10:22:08-06:00,2022-08-07,-105.7092533333,39.6332666667,3196.0,,4.8,15.7,3.8,9.3,,1022.6,Boletus rubriceps,"Arapaho & Roosevelt National Forests Pawnee National Grassland, Idaho Springs, CO, US",1
4102c3bc-e1a6-4961-b81f-2c2b8963ee64,129814506,2022-08-06 11:19:45-06:00,2022-08-06,-105.9001527778,39.9343111111,2736.0,,8.5,27.5,0.2,6.4,,1028.2,Boletus rubriceps,"Fraser, CO 80442, USA",1
5f76442d-915f-43a2-9866-1b16b4303644,129780171,2022-07-31 11:35:22-06:00,2022-07-31,-105.7639416667,35.8125416667,3272.0,,14.4,28.3,,11.0,,1017.2,Boletus rubriceps,"San Ildefonso Pueblo, NM 87506, USA",1
1be2997f-21e2-478e-a1e5-fba316b25c2b,129776881,2022-08-06 07:26:54-06:00,2022-08-06,-105.1024695,38.8677783333,3285.0,,18.4,32.5,0.5,6.6,,1012.8,Boletus rubriceps,"Pike and San Isabel National Forests, Woodland Park, CO, US",2
552b5107-2662-4035-b8bc-614c6b5d75a0,129703155,2022-08-03 13:00:35-06:00,2022-08-03,-106.0582349722,39.475811,3009.0,,7.2,22.2,,8.3,,1014.3,Boletus rubriceps,"Breckenridge, CO 80424, USA",1
3c42f899-3eef-4976-9b08-829f85398a70,129680610,2022-08-02 13:10:11-06:00,2022-08-02,-107.711105,37.7451866667,3352.0,,11.0,22.0,1.1,7.4,,1032.4,Boletus rubriceps,"San Juan National Forest headquarters, CO, US",4
7645c21f-5dc5-4232-aaa2-ce4bc5579921,129675642,2022-08-04 15:19:47-06:00,2022-08-04,-105.5439380769,40.065345258,3315.0,,17.0,36.0,0.0,4.5,,1019.7,Boletus rubriceps,"Arapaho & Roosevelt National Forests Pawnee National Grassland, Ward, CO, US",3
7a264e1b-b233-4f26-ae04-4a93d9bc4185,129637298,2022-08-03 16:03:47-06:00,2022-08-03,-106.3576541116,39.2607460191,3035.0,,7.2,22.2,,8.3,,1014.3,Boletus rubriceps,"Pike and San Isabel National Forests, Leadville, CO, US",1
f4422b06-3448-49ac-b0c7-4d96b65d63b8,129626381,2022-08-03 12:40:54-06:00,2022-08-03,-105.426505,36.5601616667,3486.0,,6.5,23.0,1.6,4.8,,1029.2,Boletus rubriceps,"Carson National Forest, Taos, NM, US",2
7d2a9eeb-28ea-49a6-81ca-d73594390f47,129603532,2022-08-05 13:28:43-06:00,2022-08-05,-106.3458955482,38.5365619243,3495.0,,8.0,17.0,5.9,27.2,,1042.1,Boletus rubriceps,"Pike and San Isabel National Forests, Salida, CO, US",1
4fc39149-d3c0-4d0e-bf0c-0fd34d4bdb4d,129598422,2022-08-05 12:20:04-06:00,2022-08-05,-105.809905,40.3338883333,2991.0,,9.5,27.1,0.6,7.5,,1028.7,Boletus rubriceps,"Rocky Mountain National Park, Granby, CO, US",1
bf7fe1c9-171a-4659-82d0-5b5ee4308bd2,129480291,2022-08-04 16:45:19-06:00,2022-08-04,-105.0759583333,38.8771366667,3464.0,,12.1,30.4,,12.3,,1015.2,Boletus rubriceps,"Pike and San Isabel National Forests, Woodland Park, CO, US",2
8518e734-2f38-4dd7-bd14-072ad43414ae,129451813,2022-08-04 12:20:22-06:00,2022-08-04,-105.3763898091,39.5641235216,2578.0,,2.3,16.7,5.4,5.8,,1021.1,Boletus rubriceps,"Jefferson County, US-CO, US",2
df5647b5-6620-4bac-97c5-8bac42666a17,129383280,2022-07-29 17:11:07-06:00,2022-07-29,-106.7170783333,40.78372,2602.0,,10.4,26.4,5.0,6.7,,1025.5,Boletus rubriceps,"Medicine Bow-Routt National Forest & Thunder Basin National Grassland, Clark, CO, US",1
7d5eb09f-5f48-4e95-b05c-f4677e2ef247,129371583,2022-07-31 14:03:52-06:00,2022-07-31,-105.5459878764,40.1840978504,2878.0,,18.0,31.0,0.1,7.6,,1022.2,Boletus rubriceps,"Colorado, US",2
8b9baf4f-6bc7-4f1d-9679-e05ec2ba9aed,129364789,2022-08-01 13:10:01-06:00,2022-08-01,-107.1043611667,39.1519083333,3245.0,,11.7,26.1,11.8,8.1,,1018.5,Boletus rubriceps,"White River National Forest, Snowmass, CO, US",1
471f1841-2fa8-4e4a-a5fa-d07d11f656e8,129355685,2022-07-29 16:53:28-06:00,2022-07-29,-104.8153533333,38.8565033333,1862.0,,14.4,25.6,34.8,10.4,,1019.1,Boletus rubriceps,"N Corona St, Colorado Springs, CO, US",2
30eaa265-a984-49b2-aa8e-50f8d4274bbf,129332300,2022-07-31 09:12:00-06:00,2022-07-31,-105.9426496,39.4889102,3113.0,,4.0,13.6,13.6,5.7,,1024.8,Boletus rubriceps,"Summit County, CO, USA",2
08e87832-d4da-4504-97f6-1e638b89c5ae,129323165,2022-07-30 13:18:00-06:00,2022-07-30,-106.05617825,39.40301075,3183.0,,5.0,21.1,2.6,6.9,,1018.8,Boletus rubriceps,"Summit County, CO, USA",2
659253b3-5fc4-4ad1-b0ba-e732dcc991c3,129320789,2022-07-30 11:43:00-06:00,2022-07-30,-106.0946060817,39.4068153517,3591.0,,5.0,21.1,2.6,6.9,,1018.8,Boletus rubriceps,"Summit County, CO, USA",2
0bce10b1-e764-47ff-be81-52c9313a3718,129316619,2022-08-03 09:58:29-06:00,2022-08-03,-106.0697426834,39.3630014314,3593.0,,7.2,22.2,,8.3,,1014.3,Boletus rubriceps,"Park County, US-CO, US",2
f4202a7b-7e59-4527-a960-567f17f375d5,129267916,2022-08-02 13:24:09-06:00,2022-08-02,-106.3369133333,38.4960833333,3516.0,,6.0,17.0,0.1,38.2,,1041.2,Boletus rubriceps,"Grand Mesa Uncompahgre and Gunnison National Forests, Gunnison, CO, US",1
ef3d176a-2c46-4fac-bbaf-511757070690,129235338,2022-08-02 09:48:30-06:00,2022-08-02,-105.8427555556,39.7196777778,3544.0,,4.6,14.5,6.4,12.8,,1020.1,Boletus rubriceps,"Keystone, CO 80435, USA",1
470d54bd-6e49-41bc-a188-379ce970a556,129235321,2022-08-02 09:49:20-06:00,2022-08-02,-105.8427777778,39.7196666667,3544.0,,4.6,14.5,6.4,12.8,,1020.1,Boletus rubriceps,"Keystone, CO 80435, USA",1
7d4fa55d-f955-48cc-9b15-7ed817c68ba2,129233726,2022-08-02 16:25:26-06:00,2022-08-02,-105.4986328259,36.6181831764,3328.0,,12.2,29.4,0.0,7.2,,1018.7,Boletus rubriceps,"Taos County, US-NM, US",3
90a269f5-b848-4314-9dc6-c4b6b0010ad3,129233579,2022-08-02 16:07:04-06:00,2022-08-02,-105.4974710941,36.6178898546,3386.0,,12.2,29.4,0.0,7.2,,1018.7,Boletus rubriceps,"Taos County, US-NM, US",1
a81b614a-3a33-40f5-a4ec-2eac7cab8fae,129227244,2022-07-25 11:41:00-06:00,2022-07-25,-105.8562840189,40.447090271,3042.0,,11.5,25.5,0.0,5.0,,1028.3,Boletus rubriceps,"Grand County, CO, USA",3
c1cb3926-8d7e-42bb-b91b-2fe457ac5d82,129223342,2022-07-29 19:00:02-06:00,2022-07-29,-106.6809083333,40.7822333333,2929.0,,10.4,26.4,5.0,6.7,,1025.5,Boletus rubriceps,"Medicine Bow-Routt National Forest & Thunder Basin National Grassland, Clark, CO, US",2
a08d2803-b1bb-4a4f-a31d-c483a7f43521,129220050,2022-07-29 12:57:24-06:00,2022-07-29,-107.0681877807,39.1386467424,3717.0,,9.4,23.9,,9.2,,1016.0,Boletus rubriceps,"Snowmass, CO 81654, USA",2
d9c8a525-638b-4a78-a6a9-ad8de479bf96,129219620,2022-08-02 12:57:11-06:00,2022-08-02,-105.6609803162,40.3177576211,3243.0,,10.5,24.7,0.7,7.3,,1028.5,Boletus rubriceps,"Rocky Mountain National Park, Estes Park, CO, US",1
75c8eec5-0d57-4abf-bc15-ca3d0e594b7f,129206758,2022-07-29 11:17:00-06:00,2022-07-29,-105.954446425,39.4710593033,3273.0,,1.4,11.7,5.5,6.0,,1023.1,Boletus rubriceps,"Summit, Colorado, United States",2
4bb1ce2c-2a22-4e11-98a7-c4599ce50b88,129204379,2022-08-02 13:09:39-06:00,2022-08-02,-107.7110833333,37.7451783333,3352.0,,11.0,22.0,1.1,7.4,,1032.4,Boletus rubriceps,"San Juan National Forest headquarters, CO, US",3
596d2807-cc5f-42b7-be76-39c48d27e1c3,129186425,2022-08-02 12:20:25-06:00,2022-08-02,-105.3765261826,39.5641479548,2578.0,,4.6,14.5,6.4,12.8,,1020.1,Boletus rubriceps,"Jefferson County, US-CO, US",2
8b5bccdd-eef2-486e-9843-641608b49d79,129171342,2022-08-02 11:17:34-06:00,2022-08-02,-105.3782107775,39.5662593563,2560.0,,4.6,14.5,6.4,12.8,,1020.1,Boletus rubriceps,"Jefferson County, US-CO, US",2
56738232-1842-48b5-b06b-a649247621d6,129091739,2022-08-01 13:30:43-06:00,2022-08-01,-105.3544472222,39.3324583333,2311.0,,6.8,19.8,0.0,6.5,,1019.2,Boletus rubriceps,"Pine, CO 80470, USA",1
736f7a22-2d90-429f-9abf-5c08e288dca5,129080296,2022-08-01 19:27:45-06:00,2022-08-01,-107.6634782438,37.8183096604,2902.0,,10.0,21.0,8.3,4.9,,1034.2,Boletus rubriceps,"Silverton, CO, US",2
55981763-f5d8-4d33-bd02-3714d4a25ff2,129079978,2022-08-01 12:15:16-06:00,2022-08-01,-105.3376777778,39.3411388889,2254.0,,6.8,19.8,0.0,6.5,,1019.2,Boletus rubriceps,"Pine, CO 80470, USA",2
4c4c49de-1c15-4a73-81b0-b0e23b0dadee,129028558,2022-08-01 09:00:49-06:00,2022-08-01,-105.08976493,39.0275432,2526.0,,11.7,30.4,,12.7,,1015.8,Boletus rubriceps,"Teller County, US-CO, US",2
3c6ea710-39d8-4cb1-abc1-5c8c31065cc5,129024253,2022-08-01 12:26:57-06:00,2022-08-01,-107.570143511,37.9634632939,3914.0,,10.0,21.0,8.3,4.9,,1034.2,Boletus rubriceps,"CO, US",2
462dfdb0-447c-4a2c-88b1-0e804de712b2,129010612,2022-07-29 12:03:39-06:00,2022-07-29,-105.5911416667,40.0708055,3255.0,,7.7,22.2,1.0,5.8,,1029.7,Boletus rubriceps,"Arapaho & Roosevelt National Forests Pawnee National Grassland, Ward, CO, US",1
47eba5e3-071f-4734-84e0-f6333b0c9fad,128989293,2022-08-01 09:15:11-06:00,2022-08-01,-106.7070731997,37.6098757997,2579.0,,7.0,14.0,11.5,8.7,,1042.0,Boletus rubriceps,"South Fork, CO 81154, USA",1
e7034d6f-5427-497c-b2f5-821ed21a39d9,128989251,2022-08-01 09:14:19-06:00,2022-08-01,-106.7014580593,37.612272966,2563.0,,7.0,14.0,11.5,8.7,,1042.0,Boletus rubriceps,"South Fork, CO 81154, USA",1
b66ff0a1-80c8-4669-86e8-ab08331bfbff,128981117,2022-07-31 10:32:43-06:00,2022-07-31,-105.6927143733,40.7980604829,2983.0,,14.4,25.2,1.9,10.3,,1018.4,Boletus rubriceps,"Arapaho & Roosevelt National Forests Pawnee National Grassland, Red Feather Lakes, CO, US",2
9be7ce8d-6dab-473e-b397-01e8c36d29c9,128913057,2022-07-29 12:02:10-06:00,2022-07-29,-105.7505199128,35.8289073268,3579.0,,15.6,25.6,,12.8,,1016.6,Boletus rubriceps,"Santa Fe County, US-NM, US",1
e421089f-97f3-48ac-9b94-3c3df4fa8e47,128912587,2022-07-28 16:47:14-06:00,2022-07-28,-105.7906200272,35.8098780597,3249.0,,13.3,27.2,,15.6,,1015.2,Boletus rubriceps,"Santa Fe County, US-NM, US",1
f8383cf9-42ee-44c6-aa63-b20c9b14e5ee,128907257,2022-07-31 10:40:35-06:00,2022-07-31,-105.6963931024,39.8708541418,3632.0,,4.0,13.6,13.6,5.7,,1024.8,Boletus rubriceps,Rogers Pass,2
c73f0619-b62d-413a-84e3-0900f94bced9,128902560,2022-07-28 18:02:11-06:00,2022-07-28,-106.9893271121,38.868227231,2722.0,,13.9,19.4,,9.4,,1019.8,Boletus rubriceps,"Grand Mesa Uncompahgre and Gunnison National Forests, Crested Butte, CO, US",2
73ab04b5-f531-4a90-b85b-44aeb7205c96,128876954,2022-07-31 09:09:31-06:00,2022-07-31,-105.722275,39.6071555556,3385.0,,4.0,13.6,13.6,5.7,,1024.8,Boletus rubriceps,"Idaho Springs, CO 80452, USA",1
78280159-9296-43e4-adaf-377dba6a568f,128876938,2022-07-29 15:31:25-06:00,2022-07-29,-106.3441904594,40.5312075688,2521.0,,10.0,24.6,0.0,6.8,,1018.4,Boletus rubriceps,"Walden, CO, US",3
f99ceebe-fb4b-44eb-8684-060d5ee16187,128847378,2022-07-26 15:33:07-06:00,2022-07-26,-107.5440222222,39.8352666667,3057.0,,10.6,30.0,0.0,8.1,,1012.8,Boletus rubriceps,"Meeker, CO 81641, USA",2
885c6585-f03d-44ba-8708-347030c08233,128843980,2022-07-31 11:29:25-06:00,2022-07-31,-106.4557033333,37.0198471667,3053.0,,,,,,,,Boletus rubriceps,"Rio Grande National Forest, Antonito, CO, US",1
a2d5af6a-8d98-439a-b98f-3774d653d3a7,128738088,2022-07-27 10:21:33-06:00,2022-07-27,-106.4097366667,38.809825,3602.0,,6.3,22.5,0.0,3.8,,1018.6,Boletus rubriceps,"Pike and San Isabel National Forests, Nathrop, CO, US",1
a079cbfd-f992-431a-a5d6-1580d8796d29,128723905,2022-07-30 13:22:03-06:00,2022-07-30,-105.81568,39.6654883333,3272.0,,1.4,14.5,2.8,6.5,,1022.7,Boletus rubriceps,"Arapaho & Roosevelt National Forests Pawnee National Grassland, Idaho Springs, CO, US",1
2ceb72a4-4475-4ec1-ac0b-cfe39df82e43,128701638,2022-07-30 11:09:06-06:00,2022-07-30,-105.588255,40.1991583333,2737.0,,5.0,26.1,2.4,5.9,,1030.4,Boletus rubriceps,"Rocky Mountain National Park, Ward, CO, US",1
00ca676e-2e5f-497f-bbb5-5137ae13cd65,128695540,2022-07-30 15:20:18-06:00,2022-07-30,-105.42665,39.8693116667,2872.0,,14.0,33.0,0.0,5.6,,1021.6,Boletus rubriceps,"Golden Gate Canyon State Park, Golden, CO, US",2
0b0f419b-d804-4df2-8fb9-dfd9cddb91f3,128526135,2022-07-29 08:30:29-06:00,2022-07-29,-105.8875118941,39.7767177883,3804.0,,1.4,11.7,5.5,6.0,,1023.1,Boletus rubriceps,"Parshall, CO 80468, USA",1
9a9755b6-2d02-4cd6-89a7-e4d52254f011,128495292,2022-07-29 10:34:05-06:00,2022-07-29,-106.7528299895,39.2450369988,2672.0,,9.4,23.9,,9.2,,1016.0,Boletus rubriceps,"Pitkin County, US-CO, US",3
5141c9f9-61e3-412c-9460-700d5351370e,128406812,2022-07-28 15:48:33-06:00,2022-07-28,-105.4449383333,39.875805,2745.0,,16.0,23.0,6.4,9.7,,1023.7,Boletus rubriceps,"Golden Gate Canyon State Park, Black Hawk, CO, US",1
5e9a19a9-b319-45c2-82cd-4d54596b3db7,128381805,2022-07-28 09:58:20-06:00,2022-07-28,-105.6446408853,39.8240599701,3145.0,,3.0,12.0,7.5,4.1,,1022.8,Boletus rubriceps,"Idaho Springs, CO 80452, USA",2
d5bdd74f-9deb-4d5b-9e9d-6b1fe0a59461,128351261,2022-07-28 11:10:26-06:00,2022-07-28,-105.96775,39.9688266667,2834.0,,9.8,23.7,14.7,6.8,,1029.4,Boletus rubriceps,"Grand Lake, CO 80447, USA",2
5c9cf319-0092-4844-a95c-d46bf2e27aed,128316435,2022-07-27 13:13:17-06:00,2022-07-27,-106.3799833333,39.7321383333,2931.0,,9.0,21.0,0.0,12.0,,1039.2,Boletus rubriceps,"Eagle County, US-CO, US",3
5c293f73-b65d-493e-bd76-dd8cec01fa83,128244594,2022-07-27 18:23:53-06:00,2022-07-27,-106.492213457,37.1561639556,3164.0,,6.0,12.0,5.1,10.2,,1040.1,Boletus rubriceps,United States,2
bb370953-eec2-4911-aa42-10ff5499a13d,128228204,2022-07-27 09:39:36-06:00,2022-07-27,-105.6092383333,39.526305,3181.0,,1.5,15.7,0.8,7.9,,1020.5,Boletus rubriceps,"Mount Evans Wilderness, Bailey, CO, US",2
2f1aa150-410b-4399-9d89-632b46cb82e2,128222922,2022-07-27 13:02:52-06:00,2022-07-27,-105.5786283333,40.2024833333,2674.0,,7.6,27.3,0.0,6.0,,1028.5,Boletus rubriceps,"Rocky Mountain National Park, Ward, CO, US",1
22951690-665b-42d8-baad-bc5b80bd949a,128220745,2022-07-27 10:28:39-06:00,2022-07-27,-105.5815966667,40.0486305,3394.0,,7.6,27.3,0.0,6.0,,1028.5,Boletus rubriceps,"Arapaho & Roosevelt National Forests Pawnee National Grassland, Ward, CO, US",2
ebcf63c8-0996-4307-bcbd-8ab33da0c334,128170077,2022-07-24 11:19:21-06:00,2022-07-24,-105.5612487793,40.0041122437,2976.0,,17.0,24.0,0.9,6.7,,1022.6,Boletus rubriceps,Nederland,3
8f8ee2e9-5e78-4b6a-b22d-fbeeb0359bef,128096333,2022-07-26 15:09:19-06:00,2022-07-26,-105.728195,39.879075,2962.0,,4.6,15.3,0.0,8.3,,1019.5,Boletus rubriceps,"Arapaho & Roosevelt National Forests Pawnee National Grassland, Granby, CO, US",2
699ee162-a672-4bd7-9fbc-0fe4e2e4888a,128091828,2022-07-26 09:18:26-06:00,2022-07-26,-106.16695,39.7045472222,2917.0,,12.0,18.0,0.2,11.6,,1038.2,Boletus rubriceps,"Silverthorne, CO 80498, USA",1
8ef820a7-3d46-475a-8de0-6610767a18a4,128073115,2022-07-26 11:05:17-06:00,2022-07-26,-105.7859583333,39.9155216667,2705.0,,4.6,15.3,0.0,8.3,,1019.5,Boletus rubriceps,"Village Dr, Winter Park, CO, US",1
3ef936ea-9b19-4223-a8ed-265768f4fdbc,128070373,2022-07-25 16:28:17-06:00,2022-07-25,-105.7466666667,40.1047583333,2558.0,,11.5,25.5,0.0,5.0,,1028.3,Boletus rubriceps,"Arapaho & Roosevelt National Forests Pawnee National Grassland, Granby, CO, US",3
4f286ad3-fe21-44cd-bf39-a07f1e98a762,128068259,2022-07-26 15:32:48-06:00,2022-07-26,-107.8573198244,37.6668442941,3402.0,,11.0,22.0,7.1,5.5,,1031.1,Boletus rubriceps,"San Juan County, CO, USA",2
d7e23bea-13f0-4464-879b-8bde64c19b3e,128053463,2022-07-26 09:50:14-06:00,2022-07-26,-106.2278087166,39.3767766958,3487.0,,5.0,22.8,0.0,8.3,,1014.4,Boletus rubriceps,"Colorado, US",1
ec850ce8-3796-40f9-8ec6-f94b337845b1,128015354,2022-07-25 17:59:01-06:00,2022-07-25,-105.41275,39.8592616667,2716.0,,16.0,32.0,0.0,5.5,,1019.4,Boletus rubriceps,"Golden Gate Canyon State Park, Golden, CO, US",2
3d2c2eee-9078-4ff7-b783-852e72e175a4,127923251,2022-07-25 09:31:03-06:00,2022-07-25,-105.5785916667,40.2025083333,2674.0,,11.5,25.5,0.0,5.0,,1028.3,Boletus rubriceps,"Rocky Mountain National Park, Ward, CO, US",1
eebf77ea-3a6b-4f4f-9628-1d0bb53054d0,127918079,2022-07-25 10:06:16-06:00,2022-07-25,-105.5804666667,40.0480028333,3385.0,,11.5,25.5,0.0,5.0,,1028.3,Boletus rubriceps,"Arapaho & Roosevelt National Forests Pawnee National Grassland, Ward, CO, US",4
d6c4fa7d-f3a2-4dd2-9b6d-b0419ed32830,127910501,2022-07-25 16:11:29-06:00,2022-07-25,-107.9662383333,39.059475,3377.0,,18.6,31.1,0.1,7.5,,1021.2,Boletus rubriceps,"Grand Mesa Uncompahgre and Gunnison National Forests, Cedaredge, CO, US",2
5943be77-fe48-4679-a8ba-104091fce462,127903816,2022-07-25 13:33:35-06:00,2022-07-25,-106.180595,39.3587416667,3378.0,,6.7,18.3,,6.5,,1015.4,Boletus rubriceps,"Pike and San Isabel National Forests, Leadville, CO, US",1
67085657-a1fe-4c2b-b3ca-565b1fe69ff6,127799718,2014-08-19 16:05:37-06:00,2014-08-19,-107.7795075998,37.8505498865,3605.0,,,,,,,,Boletus rubriceps,"Ophir, CO 81426, USA",1
91dade4f-192f-4a29-a9a3-fb7dc20f1279,127756394,2022-07-24 11:04:29-06:00,2022-07-24,-105.3780666667,39.5667916667,2542.0,,2.3,13.4,11.2,5.2,,1022.1,Boletus rubriceps,"Shadow Mountain, CO, USA",2
ac9f66d9-7478-4470-a5ee-13a2ed38beb4,127751899,2022-07-21 14:33:40-06:00,2022-07-21,-105.6998833333,38.1512333333,3335.0,,11.0,29.0,0.0,9.3,,1016.5,Boletus rubriceps,"Rio Grande National Forest, Moffat, CO, US",1
43b675b0-3698-437d-8d51-1d0773a5b6cc,127722458,2022-07-24 12:51:59-06:00,2022-07-24,-105.8268661499,40.2396850586,2565.0,,8.6,22.7,8.9,3.6,,1030.0,Boletus rubriceps,Grand Lake,3
44ee3f96-b3a6-48b4-8f1e-af6fc37eb313,127573180,2022-07-23 11:42:36-06:00,2022-07-23,-108.0975422,37.46311,3330.0,,16.7,33.9,0.0,11.1,,1012.0,Boletus rubriceps,"Hesperus, CO 81326, USA",1
d22e5c73-3b1e-40f3-a012-0f176a15ce5a,127562657,2022-07-23 10:46:55-06:00,2022-07-23,-105.489564855,40.094145714,2743.0,,17.0,35.0,8.5,6.4,,1018.8,Boletus rubriceps,"Colorado, US",2
875c0a9f-1c83-4222-a241-681fef85d1f7,127562570,2022-07-23 10:43:11-06:00,2022-07-23,-105.5529008371,40.0802292364,3121.0,,17.0,35.0,8.5,6.4,,1018.8,Boletus rubriceps,"Colorado, US",1
ae40dbb3-311c-4b09-b702-df5231392c49,127521177,2022-07-21 14:33:17-06:00,2022-07-21,-105.6998883333,38.1512445,3335.0,,11.0,29.0,0.0,9.3,,1016.5,Boletus rubriceps,"Rio Grande National Forest, Moffat, CO, US",1
c65e5451-7a05-4502-8360-f69b897cd17d,127500605,2022-07-22 11:19:26-06:00,2022-07-22,-107.501081784,37.4499842604,2399.0,,14.4,33.3,,10.0,,1012.6,Boletus rubriceps,"San Juan National Forest headquarters, Bayfield, CO, US",1
c5052ba6-edd1-41ad-82d8-6ab3b200eca0,127399163,2022-07-22 09:10:20-06:00,2022-07-22,-105.3701783333,39.3101583333,2469.0,,7.3,22.2,0.5,6.7,,1016.3,Boletus rubriceps,"Pike and San Isabel National Forests, Sedalia, CO, US",1
62f58492-9164-46af-96b7-48fcda764734,127399118,2022-07-22 09:12:53-06:00,2022-07-22,-105.3701166667,39.3101116667,2469.0,,7.3,22.2,0.5,6.7,,1016.3,Boletus rubriceps,"Pike and San Isabel National Forests, Sedalia, CO, US",1
fda4615d-5583-4d77-a637-1c24550abd62,127397053,2022-07-22 10:18:06-06:00,2022-07-22,-105.3694616667,39.3098916667,2469.0,,7.3,22.2,0.5,6.7,,1016.3,Boletus rubriceps,"Jefferson County, US-CO, US",2
65f2f4d3-3800-4100-ad8e-3f51dba6d36a,127304756,2022-07-21 18:29:54-06:00,2022-07-21,-105.373568,40.0878355,2278.0,,16.0,33.0,0.0,7.4,,1019.6,Boletus rubriceps,"Arapaho & Roosevelt National Forests Pawnee National Grassland, Jamestown, CO, US",1
47a7ca08-6ae4-426a-bb35-83536601ba59,127304618,2022-07-21 17:56:06-06:00,2022-07-21,-105.4326331042,40.0906248403,2625.0,,16.0,33.0,0.0,7.4,,1019.6,Boletus rubriceps,"Arapaho & Roosevelt National Forests Pawnee National Grassland, Jamestown, CO, US",1
ce39874e-cd7b-49f2-9a74-7aabc3fc3745,127225479,2022-07-21 08:22:20-06:00,2022-07-21,-106.9895973054,38.9585611484,2899.0,,9.4,29.4,0.0,10.0,,1014.7,Boletus rubriceps,"Grand Mesa Uncompahgre and Gunnison National Forests, Crested Butte, CO, US",1
f9b5cc69-6ef8-4eef-be80-62ed1e4d1fb0,127120188,2022-07-18 11:44:22-06:00,2022-07-18,-105.4734595631,39.6661130039,2970.0,,6.3,17.9,4.4,11.8,,1021.2,Boletus rubriceps,"Colorado, US",1
1e716807-57f1-4376-8148-666857081fa6,127021017,2022-07-19 14:05:58-06:00,2022-07-19,-106.6986833333,40.3844,2845.0,,12.1,30.2,0.0,6.8,,1025.5,Boletus rubriceps,"Medicine Bow-Routt National Forest & Thunder Basin National Grassland, Steamboat Springs, CO, US",1
6be818e2-6ce1-427c-ba68-7e88583b4d2f,126910628,2022-07-18 10:44:36-06:00,2022-07-18,-106.6115277778,40.3439,2803.0,,12.0,31.1,0.8,8.1,,1025.0,Boletus rubriceps,"Kremmling, CO 80459, USA",1
83eee84a-9f46-4703-af61-a34529de9490,126771130,2019-08-13 16:43:44-06:00,2019-08-13,-108.0887149247,37.4448902847,4005.0,,6.7,31.1,,8.6,,1017.7,Boletus rubriceps,"San Juan National Forest headquarters, Mancos, CO, US",1
666e11cb-cde3-4c97-a3f7-a4215b5f8069,126722404,2022-07-17 00:56:55-06:00,2022-07-17,-105.6029015673,40.8223786377,2568.0,,14.3,30.1,0.0,9.7,,1016.5,Boletus rubriceps,"Arapaho & Roosevelt National Forests Pawnee National Grassland, Red Feather Lakes, CO, US",2
3a0de4c2-1871-4665-879b-ed9245bb3990,126385150,2022-07-15 08:10:47-06:00,2022-07-15,-105.641425,40.3065383333,2831.0,,10.4,26.1,2.3,5.2,,1033.1,Boletus rubriceps,"Rocky Mountain National Park, Estes Park, CO, US",1
90d9614d-b86a-472d-8dcb-f91f67ecaad2,126167868,2022-07-11 15:09:38-06:00,2022-07-11,-105.5491866667,40.2054216667,2736.0,,16.7,27.7,0.0,7.2,,1025.1,Boletus rubriceps,"Rocky Mountain National Park, Ward, CO, US",1
c8ec8801-bcfb-4f34-9c33-e063d97844f7,125992021,2022-07-12 13:42:17-06:00,2022-07-12,-105.5883783333,40.1991283333,2737.0,,5.2,26.0,0.0,5.8,,1030.2,Boletus rubriceps,"Rocky Mountain National Park, Ward, CO, US",1
fdb93a51-023e-46ea-94a3-d79a82616bff,125979754,2022-07-09 19:28:14-06:00,2022-07-09,-106.36065,39.6401533333,2514.0,,12.0,23.0,0.0,14.4,,1045.8,Boletus rubriceps,"Ford Park, Vail, CO, US",1
2a2d657c-8fad-48d3-9f12-698fb4966f80,125977783,2022-07-12 12:55:06-06:00,2022-07-12,-106.9692472222,40.8046861111,2452.0,,7.8,30.6,0.0,3.9,,1025.3,Boletus rubriceps,"Clark, CO 80428, USA",1
15795f54-e90d-4245-ac9c-8bab36102fde,125944675,2022-07-12 09:12:19-06:00,2022-07-12,-105.57498,40.3469916667,2403.0,,16.7,34.0,0.2,6.0,,1022.1,Boletus rubriceps,"Rocky Mountain National Park, Estes Park, CO, US",2
7821daed-2d77-49cd-892b-e91987bae6cd,125822189,2022-07-11 12:58:25-06:00,2022-07-11,-106.562981192,40.3316384402,2545.0,,10.1,29.5,0.0,5.2,,1026.4,Boletus rubriceps,"Colorado, US",2
206cc21e-16b5-429e-905d-e1cba46bbb18,125820593,2022-07-03 11:00:20-06:00,2022-07-03,-107.7778549194,39.0910644531,3005.0,,17.9,29.4,11.3,12.2,,1018.5,Boletus rubriceps,Collbran,1
94f11aed-e17d-48b5-9e6f-a5edec343b07,125708725,2022-07-10 15:57:31-06:00,2022-07-10,-105.5468533333,40.4332166667,2637.0,,17.1,40.0,0.7,5.9,,1022.1,Boletus rubriceps,"Rocky Mountain National Park, Estes Park, CO, US",1
106ee594-3a74-4a38-ab44-555ed5a9f71d,125545994,2022-07-08 17:34:21-06:00,2022-07-08,-105.5825084926,40.1232630392,3209.0,,6.3,27.2,0.0,5.3,,1033.1,Boletus rubriceps,"Colorado, US",1
8b9198fc-3695-4a1f-8940-7ca79b789362,125530235,2022-07-08 12:15:00-06:00,2022-07-08,-105.546790138,40.4331996928,2637.0,,14.6,36.0,0.5,7.1,,1025.3,Boletus rubriceps,"Larimer County, CO, USA",1
0d77f8e2-e2f3-4891-9eb7-27fa5ac4d59d,125435714,2022-07-04 13:38:09-06:00,2022-07-04,-105.5502083333,40.1362278333,2767.0,,17.0,32.0,0.0,9.8,,1016.8,Boletus rubriceps,"Arapaho & Roosevelt National Forests Pawnee National Grassland, Ward, CO, US",2
0df34288-9034-49b5-9110-953a1f9e8fcf,125360177,2022-07-08 13:37:40-06:00,2022-07-08,-105.5709133333,40.3330833333,2467.0,,14.6,36.0,0.5,7.1,,1025.3,Boletus rubriceps,"Estes Park, CO, US",2
288e3299-8ccd-4575-b154-ad3e4a1b0725,125357391,2022-07-08 12:55:22-06:00,2022-07-08,-106.3606333333,39.6400716667,2514.0,,12.0,19.0,0.0,9.2,,1043.3,Boletus rubriceps,"Ford Park, Vail, CO, US",3
8482765a-e183-4a1e-9429-d59a97921ff3,125234220,2022-07-07 10:23:46-06:00,2022-07-07,-105.7388719171,40.1016141111,2566.0,,7.3,23.4,0.1,5.4,,1030.0,Boletus rubriceps,"Granby, CO 80446, USA",1
4d624712-224a-4b00-8226-76292c93d0b6,124914286,2021-08-28 18:16:12-06:00,2021-08-28,-105.636445,40.3972583333,2782.0,,3.0,27.8,0.0,7.7,,1025.6,Boletus rubriceps,"Rocky Mountain National Park, Estes Park, CO, US",3
35e5454b-6445-4792-a1b5-5172cf841cf5,124840364,2022-07-04 19:29:10-06:00,2022-07-04,-105.5574033333,40.2097783333,2585.0,,5.5,26.7,0.0,5.2,,1025.9,Boletus rubriceps,"Rocky Mountain National Park, Allenspark, CO, US",1
c04fafe2-200b-47d5-b81a-12c48e42f562,124677051,2022-07-02 18:03:31-06:00,2022-07-02,-105.1727,38.88963,2897.0,,11.6,28.3,0.4,8.6,,1015.5,Boletus rubriceps,"Mueller State Park, Divide, CO, US",1
702eebb0-4b84-4cc5-9d08-b18260b51463,124000483,2022-06-29 09:48:44-06:00,2022-06-29,-105.5561721477,40.0111113993,2961.0,,17.0,34.0,1.2,8.7,,1021.2,Boletus rubriceps,"Arapaho & Roosevelt National Forests Pawnee National Grassland, Nederland, CO, US",3
0c11a6d0-c46e-4a86-80b0-e4f33098dd02,121488041,2021-08-21 13:25:19-06:00,2021-08-21,-105.7395333333,39.4627833333,2873.0,,,,,,,,Boletus rubriceps,"Pike and San Isabel National Forests, Jefferson, CO, US",1
0256d644-ca1f-4038-8582-ce1319f280d7,120873701,2021-08-23 10:47:22-06:00,2021-08-23,-105.85549348,40.67382116,2625.0,,,,,,,,Boletus rubriceps,"Larimer County, US-CO, US",1
e0e5ad3f-4f22-4e37-aa1b-f1c4cbba3383,117376123,2021-07-24 14:47:04-06:00,2021-07-24,-105.4500603676,40.1415276364,2560.0,,20.0,30.0,0.3,4.5,,1023.5,Boletus rubriceps,Ceran Saint Vrain,1
994b98be-fedf-442c-8339-cb7392f463d8,116328173,2021-07-23 15:14:14-06:00,2021-07-23,-106.7035866667,39.1186833333,2918.0,,12.2,28.9,,8.7,,1016.0,Boletus rubriceps,"White River National Forest, Aspen, CO, US",2
fe5fd2dc-96ba-4a38-bdbe-f188bf233cdd,112932071,2017-08-19 09:17:00-06:00,2017-08-19,-108.0432138889,37.7788055556,3168.0,,,,,7.7,,,Boletus rubriceps,"Dolores County, CO, USA",1
68e0a9de-9519-4d04-97cc-092a99512410,110440720,2021-07-24 15:28:22-06:00,2021-07-24,-105.6577916667,39.89495,2896.0,,11.0,25.3,0.7,7.8,,1030.5,Boletus rubriceps,"Arapaho & Roosevelt National Forests Pawnee National Grassland, Idaho Springs, CO, US",2
301ccb7c-37d3-4c80-815f-06c4c381403b,110440211,2021-07-24 15:28:17-06:00,2021-07-24,-105.6578216667,39.8949466667,2896.0,,11.0,25.3,0.7,7.8,,1030.5,Boletus rubriceps,"Arapaho & Roosevelt National Forests Pawnee National Grassland, Idaho Springs, CO, US",1
1ea5f87d-9f41-40f5-a7fc-d03ec8a46887,109020617,2021-08-02 15:16:03-06:00,2021-08-02,-105.6439216667,39.8310750027,3250.0,,7.2,26.1,1.9,5.9,,1032.7,Boletus rubriceps,"Arapaho & Roosevelt National Forests Pawnee National Grassland, Idaho Springs, CO, US",2
0790e64b-3f7f-4b44-9679-ec3ca0677534,108990798,2019-08-01 12:46:00-07:00,2019-08-01,-106.4586187971,39.3750664656,3065.0,,5.0,18.9,,6.6,,1017.5,Boletus rubriceps,"Eagle County, CO, USA",1
b77562f1-5309-4c85-b60a-3522b23942ba,106841013,2020-08-10 23:01:00-05:00,2020-08-10,-105.3168456343,36.325870701,2865.0,,0.7,26.1,,7.9,,,Boletus rubriceps,"Colfax County, NM, USA",1
1065bfd2-6f40-47e1-b79d-11f0179d815b,105599988,2018-07-23 15:59:00-06:00,2018-07-23,-106.1493916667,41.3680416667,2975.0,,,,,,,,Boletus rubriceps,"Albany County, WY, USA",1
2ba41bbe-bd22-46bc-8b18-8d0ad8aaac32,104921607,2021-08-06 09:11:00-10:00,2021-08-06,-105.6713722222,40.859275,2626.0,,,,,,,,Boletus rubriceps,"Larimer County, CO, USA",3
16f28b0c-5284-461b-a196-40cea2b81d6b,104289352,2021-08-01 14:39:46+00:00,2021-08-01,-105.6470866667,40.295975,3006.0,,8.8,23.3,0.0,5.4,,1034.2,Boletus rubriceps,"Rocky Mountain National Park, Estes Park, CO, US",2
7d48c3c7-e0a3-49e6-b036-16032d2858bc,103404737,2021-08-10 08:32:18-06:00,2021-08-10,-107.6691266522,37.9411761158,2959.0,,11.0,25.0,0.0,6.4,,1031.3,Boletus rubriceps,"Ridgway, CO 81432, USA",4
38c1a764-678c-48d9-bfb7-6872a6f0caa3,102895813,2021-08-06 15:42:00-07:00,2021-08-06,-106.3715305556,36.9367472222,3179.0,,,,,,,,Boletus rubriceps,"Rio Arriba County, NM, USA",1
db5f69bf-1b3e-4c97-b416-432a3cc96472,101516035,2017-08-18 12:15:51-07:00,2017-08-18,-105.52697,40.2601283333,2625.0,,,,,5.2,,,Boletus rubriceps,"Allenspark, CO, US",1
aa2a1450-de9f-4dd5-82e2-ca0ef7e63c7d,99718567,2021-07-02 20:02:19-04:00,2021-07-02,-105.1177075196,36.4175274828,2778.0,,9.1,21.5,17.5,7.0,,1030.5,Boletus rubriceps,"Cimarron, NM, US",3
c8dc83de-fd14-4a43-bb4f-8773338153fc,99579316,2021-08-14 15:38:42-07:00,2021-08-14,-107.71308,37.7428333333,3331.0,,11.0,27.0,0.0,6.1,,1035.8,Boletus rubriceps,"San Juan National Forest, CO, US",3
58cc4553-a579-43b2-96c3-6cab7f93ffca,98771320,2021-08-19 13:00:14-07:00,2021-08-19,-107.8132278187,37.9361452597,2675.0,,6.0,15.0,15.2,5.9,,1025.9,Boletus rubriceps,"Grand Mesa Uncompahgre and Gunnison National Forests, Telluride, CO, US",3
9b841235-6b4a-4e8a-9072-a0931e49e0c0,96721265,2021-08-04 13:37:03-06:00,2021-08-04,-105.9145673,39.8912216,2954.0,,8.1,22.1,0.3,4.6,,1031.6,Boletus rubriceps,"Fraser, CO 80442, USA",3
4955402e-b3c1-4b8b-af3e-e58741d11666,96243004,2021-07-20 11:13:00-06:00,2021-07-20,-106.5320550979,35.819560886,2576.0,,16.0,26.3,3.4,9.8,,1029.4,Boletus rubriceps,"Sandoval County, NM, USA",1
f402c5eb-f7ef-4877-9c18-122a53d2f6fb,96176258,2021-07-09,2021-07-09,-105.4901721328,39.6867603854,3219.0,,23.0,35.0,0.0,10.2,,1019.5,Boletus rubriceps,"Idaho Springs, CO 80452, USA",3
6efbcaf5-7632-4079-9247-e9de536fb913,94332653,2021-07-26 11:20:22-06:00,2021-07-26,-105.7365105732,39.9809994904,2988.0,,5.6,28.7,0.1,7.4,,1028.6,Boletus rubriceps,"Colorado, US",1
d9ec9ff6-c08c-4e54-8cc6-f3e3fbf33140,94287118,2021-09-09 14:15:21-06:00,2021-09-09,-107.9931783692,37.5906591828,2890.0,,11.0,26.0,0.0,12.0,,1034.5,Boletus rubriceps,"Colorado, US",1
63108128-553e-4289-98e0-1982405d82c5,94287086,2021-09-09 14:12:07-06:00,2021-09-09,-107.8800362262,37.8900855996,3036.0,,11.0,26.0,0.0,12.0,,1034.5,Boletus rubriceps,"Colorado, US",1
1e88f9e4-f68d-48bb-96c4-60e890b0043d,94286190,2021-09-09 13:32:06-06:00,2021-09-09,-107.8815177657,37.9763092592,3068.0,,11.0,26.0,0.0,12.0,,1034.5,Boletus rubriceps,"Colorado, US",1
d4cdc8c3-b221-4800-8f7c-0fc9ce2cabe0,94284152,2021-09-09 12:51:08-06:00,2021-09-09,-107.7325911525,37.769604389,3582.0,,11.0,26.0,0.0,12.0,,1034.5,Boletus rubriceps,"Colorado, US",1
1da8d2f2-aff9-4721-a7af-2ce9b98a25d7,94283755,2021-09-09 12:10:31-06:00,2021-09-09,-107.6081482471,37.6156512788,3544.0,,11.0,26.0,0.0,12.0,,1034.5,Boletus rubriceps,"Colorado, US",1
ba34f562-7886-41b9-8d1c-1d66776e2a6b,93499376,2021-07-31 09:30:46-06:00,2021-07-31,-105.7276,39.87863,2962.0,,11.7,21.5,0.6,2.3,,1034.5,Boletus rubriceps,"Arapaho & Roosevelt National Forests Pawnee National Grassland, Granby, CO, US",2
654aa73f-d047-46be-84aa-e0b135e5efdf,93006845,2021-07-23 13:08:29+00:00,2021-07-23,-105.7061533333,39.509095,2933.0,,,,,,,,Boletus rubriceps,"Pike and San Isabel National Forests, Bailey, CO, US",2
d67e2a5d-22cd-4639-975f-393762401937,92677133,2021-08-21 14:41:00-06:00,2021-08-21,-106.4472815289,39.8006923359,3187.0,,5.0,13.0,2.2,22.6,,1032.1,Boletus rubriceps,"White River National Forest, Vail, CO, US",2
e1b593f7-cf00-4815-8e47-3cffe2a65c1f,92618730,2021-08-26 12:24:18-06:00,2021-08-26,-105.5925792997,39.6418584997,3518.0,,,,,,,,Boletus rubriceps,"Clear Creek County, US-CO, US",1
3e450cf1-35aa-44c6-a3b6-319a44cd01d8,92610518,2021-06-23 12:27:34+00:00,2021-06-23,-105.6326666667,36.0228945,3099.0,,9.4,32.8,0.0,13.1,,1014.2,Boletus rubriceps,"Carson National Forest, Truchas, NM, US",1
6ad0fade-db35-4431-85b7-8d0f5bd42f55,92511726,2021-08-25 15:40:51-06:00,2021-08-25,-105.7868842,39.80967566,3399.0,,2.7,26.9,0.0,7.3,,1030.9,Boletus rubriceps,"Winter Park, CO 80482, USA",2
c5f76633-673b-4d26-96bd-0cadd3e15387,92420766,2021-08-07 18:13:29-06:00,2021-08-07,-106.3121866667,39.35953,3156.0,,5.0,16.7,0.0,13.8,,1012.1,Boletus rubriceps,"Pike and San Isabel National Forests, Leadville, CO, US",1
2ae1fc82-5ef6-44bb-9c99-64e079dfb91c,92395168,2021-08-24 14:01:46-06:00,2021-08-24,-106.282875,39.2514116667,3137.0,,3.9,22.2,0.0,8.5,,1014.5,Boletus rubriceps,"E Seventh St, Leadville, CO, US",1
8b157481-6edb-4e96-bfdd-81b5791d68a2,92251261,2021-08-02 09:50:18-06:00,2021-08-02,-105.6306611796,40.4596122718,3286.0,,7.2,26.1,1.9,5.9,,1032.7,Boletus rubriceps,"Rocky Mountain National Park, Estes Park, CO, US",2
7a0b34e2-2f4b-499b-8caa-837d01ba6374,92241166,2021-08-21 10:00:28-06:00,2021-08-21,-105.8736170456,39.6976940166,3219.0,,5.0,13.0,2.2,22.6,,1032.1,Boletus rubriceps,"Dillon, CO 80435, USA",2
404ca814-09d1-4844-8804-57f6c4b52bf3,92236882,2021-08-12 12:59:40+00:00,2021-08-12,-106.5192651038,38.7199604209,3537.0,,10.0,17.0,0.0,21.6,,1041.6,Boletus rubriceps,"Colorado, US",2
8a5530d3-1c91-436e-a282-fe17afa4a14f,92202201,2021-08-22 15:15:00-04:00,2021-08-22,-105.6630645,39.9334786,3354.0,,5.2,24.3,0.0,12.0,,1023.4,Boletus rubriceps,"Jenny Lake, Colorado 80466, USA",1
1023ab77-f525-42de-9f79-a8fc42cba944,92187890,2021-08-22 11:40:00-06:00,2021-08-22,-107.1210333333,40.1414111111,3103.0,,8.3,26.7,0.0,14.6,,1012.2,Boletus rubriceps,"Rio Blanco County, CO, USA",2
4d7d57cb-1170-4308-ba79-a6edb08fbb74,92185065,2021-08-22 13:12:28-06:00,2021-08-22,-107.9645638889,39.0393333333,3129.0,,15.0,32.9,0.0,5.9,,1017.6,Boletus rubriceps,"Cedaredge, CO 81413, USA",1
11e2b97c-d8bc-4f7f-9cdd-41f352467742,92170261,2021-08-07 16:29:47-06:00,2021-08-07,-107.66797,37.93843,2980.0,,11.0,21.0,0.0,7.8,,1029.6,Boletus rubriceps,"Grand Mesa National Forest, Ridgway, CO, US",2
774f95ee-7e67-4e29-8f8d-09e7ddfcc1a6,91779397,2021-08-07 10:52:00+00:00,2021-08-07,-106.6482232034,37.2497604988,3445.0,,7.0,14.0,0.0,16.6,,1036.4,Boletus rubriceps,"Conejos County, CO, USA",2
eb2cae23-14bc-4193-8c82-0f9578887b5a,91761414,2021-08-19 11:04:45-06:00,2021-08-19,-106.32471725,38.53212522,3182.0,,3.0,11.0,1.8,32.7,,1033.8,Boletus rubriceps,"Salida, CO 81201, USA",2
896eab84-3601-4df4-ae98-4508b99faab8,91709081,2021-08-18 10:14:00-05:00,2021-08-18,-105.6021279574,39.9542482533,2769.0,,6.6,25.5,0.0,6.1,,1022.8,Boletus rubriceps,"Boulder County, US-CO, US",1
b634e7b5-4f2b-431b-9e15-734197aeddcb,91708883,2021-08-18 09:23:55-05:00,2021-08-18,-105.6019652126,39.9541367021,2753.0,,6.6,25.5,0.0,6.1,,1022.8,Boletus rubriceps,"Boulder County, US-CO, US",1
8d2c2eb8-efe9-49a3-a39d-6da55c439c5f,91685564,2021-08-18,2021-08-18,-107.6645058766,37.811986704,2841.0,,11.0,21.0,7.6,4.9,,1025.8,Boletus rubriceps,Silverton,1
ae8896a0-dac5-4bb0-ab3d-5007e984aa38,91644256,2021-08-02 07:29:17-06:00,2021-08-02,-107.9646616667,38.6518883333,1619.0,,14.4,27.8,,11.1,,1020.9,Boletus rubriceps,"County Road 6000, Olathe, CO, US",1
0e6fcd21-ca5e-4f10-b765-997408a80dd6,91602772,2021-08-17 16:09:51-06:00,2021-08-17,-107.8984887153,39.0487694356,3153.0,,16.0,35.6,0.0,5.0,,1015.7,Boletus rubriceps,"Cedaredge, CO 81413, USA",1
7f23bd71-a123-48fc-9874-27534f75941d,91602528,2021-08-17 15:11:56-06:00,2021-08-17,-107.8970912844,39.0489105608,3131.0,,16.0,35.6,0.0,5.0,,1015.7,Boletus rubriceps,"Cedaredge, CO 81413, USA",1
e4ff4f30-ef1e-4c07-8e9b-4dee86bf957f,91592179,2021-07-27 12:34:00-07:00,2021-07-27,-107.0423701778,39.9086483988,2567.0,,13.3,33.3,0.0,9.2,,1017.5,Boletus rubriceps,"Colorado, US",1
d13b0ecb-6694-43f5-a4c9-e4bc49cc2a35,91493462,2021-08-14 13:40:20-07:00,2021-08-14,-105.8013858997,40.4223213,3451.0,,6.0,28.3,0.0,7.2,,1033.2,Boletus rubriceps,"Estes Park, CO 80517, USA",1
075e0f84-b098-47f2-b022-b2d3d64fe85f,91470516,2021-08-13 10:01:00-07:00,2021-08-13,-105.7704269722,39.8283591389,3198.0,,7.7,27.3,0.0,6.7,,1032.1,Boletus rubriceps,"Grand County, CO, USA",1
7ce48495-905f-4b82-bde0-05dd5557bcfd,91425813,2021-08-15 17:16:47-06:00,2021-08-15,-105.6250368084,39.9871929859,3053.0,,6.8,22.9,1.5,4.1,,1030.3,Boletus rubriceps,"Boulder County, US-CO, US",1
15680ce5-8c81-4be7-b48d-3855f2e9aec3,91320778,2021-08-15 09:42:08-06:00,2021-08-15,-105.52178,39.6823716667,3305.0,,17.0,32.0,0.1,11.2,,1021.7,Boletus rubriceps,"Arapaho & Roosevelt National Forests Pawnee National Grassland, Idaho Springs, CO, US",1
1c302ce8-44ab-42b7-ae65-5f1da5ef3df1,91319362,2021-08-15 14:36:21-06:00,2021-08-15,-107.8031463623,37.6613082886,2797.0,,13.0,25.0,5.1,7.2,,1033.0,Boletus rubriceps,San Juan County,2
e5c0a3ec-0611-4d47-a5fa-68ed958a62ee,91222498,2021-08-13 13:25:45-06:00,2021-08-13,-107.2432119722,39.9498749722,3368.0,,11.7,32.8,0.0,7.6,,1019.4,Boletus rubriceps,"Meeker, CO 81641, USA",2
c62661cc-2b84-45b7-8978-b9480f429d16,91222424,2021-08-14 17:13:22-06:00,2021-08-14,-106.3552104403,39.2638961971,3024.0,,2.8,24.4,1.3,7.6,,1020.4,Boletus rubriceps,"Lake County, US-CO, US",2
044e3208-d7fe-48fd-bce0-76961539dde8,91212288,2021-08-07 09:19:00+00:00,2021-08-07,-105.6165542088,39.6282840313,3711.0,,,,,,,,Boletus rubriceps,"Clear Creek County, CO, USA",1
c342bddf-4872-4f19-8225-ef6cfb4f0f5b,91211147,2021-08-14 17:32:06-06:00,2021-08-14,-105.7270055556,40.1037861111,2555.0,,6.0,28.3,0.0,7.2,,1033.2,Boletus rubriceps,"Granby, CO 80446, USA",2
c9a9ae65-9aed-4db2-8862-cd89cbe424df,91209985,2021-08-14 16:24:09-06:00,2021-08-14,-105.6470512646,40.3121903379,2915.0,,6.0,28.3,0.0,7.2,,1033.2,Boletus rubriceps,"Rocky Mountain National Park, Estes Park, CO, US",1
d01420d1-63ed-4320-bbaf-4e1e8d45cd39,91200718,2021-08-13 12:52:08-06:00,2021-08-13,-105.70308,40.020925,3293.0,,7.7,27.3,0.0,6.7,,1032.1,Boletus rubriceps,"Arapaho & Roosevelt National Forests Pawnee National Grassland, Granby, CO, US",2
859abc47-8678-414c-8e17-2d1769d44249,91200408,2021-08-14 14:02:52-06:00,2021-08-14,-105.8225383983,39.8652946065,2879.0,,6.0,28.3,0.0,7.2,,1033.2,Boletus rubriceps,"Grand County, US-CO, US",3
eac0318b-3b50-46ab-9d21-c9c72b80dc40,91198338,2021-08-14 17:17:06-06:00,2021-08-14,-105.8037884397,35.7913093329,3168.0,,13.9,26.7,0.0,18.8,,1020.0,Boletus rubriceps,"Santa Fe National Forest, Santa Fe, NM, US",1
32e5650e-067f-4106-b2f7-95418647149a,91182691,2021-08-14 11:23:10-06:00,2021-08-14,-105.7750281757,39.7957731693,3447.0,,6.0,28.3,0.0,7.2,,1033.2,Boletus rubriceps,"Clear Creek County, US-CO, US",3
9655b1a0-3c05-418a-9b93-becd66e1bc4d,91180086,2021-08-14 14:10:29-06:00,2021-08-14,-105.76967,39.8228916667,3246.0,,6.0,28.3,0.0,7.2,,1033.2,Boletus rubriceps,"Arapaho & Roosevelt National Forests Pawnee National Grassland, Parshall, CO, US",4
63299309-496e-4c07-bc69-35a87e3c3c63,91175478,2021-08-14 15:11:38+00:00,2021-08-14,-105.7595077,39.8364001,3109.0,,6.0,28.3,0.0,7.2,,1033.2,Boletus rubriceps,"Winter Park, CO 80482, USA",2
c63b0863-22a5-434e-a056-07f659c01e1d,91160649,2021-08-13 15:04:14-06:00,2021-08-13,-105.97072,39.93517,3032.0,,7.7,27.3,0.0,6.7,,1032.1,Boletus rubriceps,"Arapaho & Roosevelt National Forests Pawnee National Grassland, Parshall, CO, US",2
9a2e735f-33f6-4251-af80-e8ccc7dd2868,91147241,2021-08-13 12:27:12-06:00,2021-08-13,-106.808086,37.4675409722,3568.0,,7.0,16.0,1.9,10.6,,1043.0,Boletus rubriceps,"Mineral County, CO, USA",1
6633b32b-00e1-46b8-8a17-165dd3311347,91131897,2021-08-14 10:08:52-06:00,2021-08-14,-105.7736895886,39.7942980007,3515.0,,6.0,28.3,0.0,7.2,,1033.2,Boletus rubriceps,"Arapaho & Roosevelt National Forests Pawnee National Grassland, Idaho Springs, CO, US",2
2b80b875-41c1-4b89-a581-1d405c91edd3,91071595,2021-07-31 13:02:26-04:00,2021-07-31,-107.96772,39.03875,3111.0,,17.6,34.9,0.2,6.2,,1025.5,Boletus rubriceps,"Grand Mesa National Forest, Cedaredge, CO, US",2
48fe02c9-f8e8-446b-833d-2209549bd95f,91051472,2021-08-13 10:43:30-06:00,2021-08-13,-105.7270530147,40.039978372,3103.0,,7.7,27.3,0.0,6.7,,1032.1,Boletus rubriceps,"Grand County, US-CO, US",2
55d7505a-f68e-4bfd-9177-3de24cbd6eb9,91037818,2021-08-13 14:21:03-06:00,2021-08-13,-105.92873656,39.98857667,2667.0,,7.7,27.3,0.0,6.7,,1032.1,Boletus rubriceps,"Grand Lake, CO 80447, USA",3
a0d25a5b-eb59-4738-9b68-39a348672ea1,91024148,2021-08-13 10:16:10-06:00,2021-08-13,-105.7694799453,39.8278947656,3198.0,,7.7,27.3,0.0,6.7,,1032.1,Boletus rubriceps,"Grand County, US-CO, US",2
e7860901-644c-4060-8de7-c367206abeb1,91023497,2021-08-13 09:35:03-06:00,2021-08-13,-105.7690155879,39.827769114,3198.0,,7.7,27.3,0.0,6.7,,1032.1,Boletus rubriceps,"Grand County, US-CO, US",2
397bc511-6d16-424c-afa1-fd3f26a154e7,91018891,2021-08-13 09:31:50+00:00,2021-08-13,-105.76991832,39.8281157,3198.0,,7.7,27.3,0.0,6.7,,1032.1,Boletus rubriceps,"Winter Park, CO 80482, USA",2
5ba54d84-0465-4bcc-a2da-d6c71b5a4bb8,91010573,2021-08-13 09:43:34-06:00,2021-08-13,-105.7696726697,39.8278413174,3198.0,,7.7,27.3,0.0,6.7,,1032.1,Boletus rubriceps,"Arapaho & Roosevelt National Forests Pawnee National Grassland, Parshall, CO, US",2
c9eb8c9d-07be-417d-b566-44d1580616ab,91007711,2021-08-13 09:36:31-06:00,2021-08-13,-105.7516071343,39.8422740147,2923.0,,7.7,27.3,0.0,6.7,,1032.1,Boletus rubriceps,"Arapaho & Roosevelt National Forests Pawnee National Grassland, Granby, CO, US",2
215fb17e-a561-44fc-860f-ce0a3a9185ab,90950623,2021-08-12 11:55:22-06:00,2021-08-12,-105.7771299407,39.7956274536,3395.0,,4.2,27.5,0.0,7.4,,1029.8,Boletus rubriceps,"Clear Creek County, US-CO, US",2
7c7a932f-7157-411f-ba1e-4a3535649111,90932448,2021-08-06 11:02:00-06:00,2021-08-06,-106.06751,39.423667875,3341.0,,2.8,21.7,,7.5,,1013.6,Boletus rubriceps,"Summit County, CO, USA",2
f23309e1-a4af-46ff-a947-6caf23a19b83,90889388,2021-08-04 17:14:17-04:00,2021-08-04,-105.6199633333,40.2903533333,3127.0,,8.1,22.1,0.3,4.6,,1031.6,Boletus rubriceps,"Rocky Mountain National Park, Estes Park, CO, US",2
677c594a-92f3-40d1-a025-03d6d0eb16b1,90846342,2021-08-11 07:37:45-06:00,2021-08-11,-106.27532327,38.8693131776,3111.0,,10.5,28.8,0.0,8.7,,1027.2,Boletus rubriceps,"Chaffee County, US-CO, US",2
5325a57e-d5a6-4e48-bfea-088f3af5d7c0,90841117,2021-08-11 12:30:25-06:00,2021-08-11,-105.878395,40.5026333333,3066.0,,4.1,27.9,0.0,7.0,,1028.5,Boletus rubriceps,"State Forest State Park, Walden, CO, US",1
f19ff91b-0610-45d2-a540-fd0b3c80177b,90815885,2021-08-06 14:33:00-06:00,2021-08-06,-108.09684954,39.0464079983,3056.0,,18.5,37.0,0.0,10.0,,1018.0,Boletus rubriceps,"Mesa County, CO, USA",2
e44ec0d8-f66d-4065-bbc8-0db5d4a3902c,90776973,2021-08-11 08:13:41-06:00,2021-08-11,-105.0230203455,37.3531575048,3453.0,,,,,,,,Boletus rubriceps,"Pike and San Isabel National Forests, Weston, CO, US",1
3c74f500-70b9-49fc-a710-b7ca7216706c,90724940,2021-08-06 15:07:16-05:00,2021-08-06,-105.8636784554,40.4917207232,3190.0,,6.4,27.2,3.3,11.6,,1026.1,Boletus rubriceps,"Walden, CO 80480, USA",2
cecc92b1-9814-4b08-b7e3-ecf75c9378be,90711707,2021-08-07 09:02:20-06:00,2021-08-07,-105.85772,39.768875,3217.0,,8.0,13.0,0.0,20.1,,1034.3,Boletus rubriceps,"Arapaho & Roosevelt National Forests Pawnee National Grassland, Idaho Springs, CO, US",1
c0e40bf8-b235-4c45-80f8-111271689b9a,90659898,2021-08-09 14:32:12-06:00,2021-08-09,-105.652776,40.301245,3021.0,,5.5,26.3,0.0,7.8,,1026.2,Boletus rubriceps,"Estes Park, CO 80517, USA",2
097e592c-bb4c-4d92-882b-5cd6defa8038,90637686,2021-07-31 12:23:42-06:00,2021-07-31,-107.9210283333,37.3384083333,2226.0,,12.8,27.8,,7.3,,1019.9,Boletus rubriceps,"San Juan National Forest, Hesperus, CO, US",1
d3e5042d-57c2-47e3-800f-042911be5975,90610035,2021-08-08 08:19:54-06:00,2021-08-08,-105.5652196705,40.180103651,3352.0,,4.0,25.6,0.0,6.7,,1025.9,Boletus rubriceps,"Allenspark, CO, USA",2
1e87cf15-b1ac-46bf-81fb-e2dc04d0499a,90600800,2021-08-09 14:36:51-06:00,2021-08-09,-105.5957805556,39.6399194444,3583.0,,,,,,,,Boletus rubriceps,"Evergreen, CO 80439, USA",1
56108a73-7c71-4395-b242-fd440de1c05b,90590444,2021-08-08 08:37:34-06:00,2021-08-08,-106.4690333333,39.4181883333,3319.0,,1.1,21.7,0.0,10.4,,1014.0,Boletus rubriceps,"White River National Forest, Basalt, CO, US",2
d09dd724-15c0-4161-9edf-3d696a2628db,90485433,2021-08-07 10:25:45-06:00,2021-08-07,-105.12367744,38.8738118623,3058.0,,11.2,26.8,0.1,17.4,,1010.0,Boletus rubriceps,"Divide, CO 80814, USA",1
2d23b7c0-0170-4712-aa2a-96ab6a1c6bce,90484272,2021-08-07 10:43:13-06:00,2021-08-07,-106.4267630462,39.2854255414,3219.0,,5.0,16.7,0.0,13.8,,1012.1,Boletus rubriceps,"Pike and San Isabel National Forests, Leadville, CO, US",2
08cde9dc-869f-41da-ab66-a691bb5e3899,90483669,2021-08-08 16:04:10-06:00,2021-08-08,-105.7100154404,39.9599202348,3200.0,,4.0,25.6,0.0,6.7,,1025.9,Boletus rubriceps,"Colorado, US",2
d49eb607-522d-47bf-a44e-758d7ff8aec4,90482166,2021-08-08 14:24:29-06:00,2021-08-08,-105.625239762,39.6733705711,3038.0,,,,,,,,Boletus rubriceps,"Colorado, US",2
5136dc04-dc58-40f5-85fb-e1f7154e0139,90479007,2021-08-08 14:12:19-06:00,2021-08-08,-105.6676716667,39.9168033333,3257.0,,4.0,25.6,0.0,6.7,,1025.9,Boletus rubriceps,"Arapaho & Roosevelt National Forests Pawnee National Grassland, Black Hawk, CO, US",2
0fc2e317-c756-40ca-90d4-32cf3a2f0793,90462196,2021-08-07 17:51:32-06:00,2021-08-07,-106.4241783333,39.4185616667,2812.0,,5.0,16.7,0.0,13.8,,1012.1,Boletus rubriceps,"White River National Forest, Basalt, CO, US",1
6e39f92d-b9a5-45c8-b773-314e41274948,90453778,2021-08-05 19:10:10-06:00,2021-08-05,-106.461875,38.9566466667,3260.0,,1.1,22.2,0.0,6.5,,1019.2,Boletus rubriceps,"Pike and San Isabel National Forests, Buena Vista, CO, US",2
e31cea78-67b2-45e9-8bfb-fba6a22b59f3,90418646,2021-08-08 08:46:08-06:00,2021-08-08,-105.8782283333,39.7203716667,3446.0,,7.0,18.0,0.0,16.5,,1035.7,Boletus rubriceps,"Arapaho & Roosevelt National Forests Pawnee National Grassland, Idaho Springs, CO, US",2
9514de51-b19c-424c-8eef-d72d480acf94,90405682,2021-08-08 09:54:08-06:00,2021-08-08,-106.2972174484,39.3440034236,3311.0,,1.1,21.7,0.0,10.4,,1014.0,Boletus rubriceps,"Pike and San Isabel National Forests, Leadville, CO, US",1
74c5e9d6-c4f7-485f-bf39-6c69822b4732,90338442,2021-08-07 16:29:47-06:00,2021-08-07,-105.5780042071,40.0788711456,3166.0,,6.4,20.4,0.3,11.2,,1026.0,Boletus rubriceps,"Arapaho & Roosevelt National Forests Pawnee National Grassland, Ward, CO, US",1
682fd4db-c4a7-4680-a141-cf8c824e1e5f,90329378,2021-08-07 10:37:39-06:00,2021-08-07,-106.81106948,39.12744627,3470.0,,9.4,22.8,0.0,13.0,,1012.0,Boletus rubriceps,"Pitkin County, US-CO, US",2
a5fca210-ab1d-4532-9ec6-ba7b391014e9,90329319,2021-08-07 10:35:31-06:00,2021-08-07,-106.81124789,39.12761055,3470.0,,9.4,22.8,0.0,13.0,,1012.0,Boletus rubriceps,"Pitkin County, US-CO, US",1
f520fb0c-8767-4455-b1e1-31e2b5d7e9d1,90299708,2021-08-07 11:41:23-06:00,2021-08-07,-106.5338366667,39.568245,2954.0,,10.0,25.6,0.0,7.9,,1016.5,Boletus rubriceps,"Eagle County, US-CO, US",1
6589cf8f-f064-48f7-86dd-ecbe64256d10,90226548,2021-07-31 10:56:18-06:00,2021-07-31,-105.4561845213,36.6310642858,3593.0,,8.9,26.7,,10.9,,1024.5,Boletus rubriceps,"Taos County, US-NM, US",1
9c0f69c1-99d0-4a8a-b80b-7947b9b044df,90226503,2021-07-31 10:50:33-06:00,2021-07-31,-105.4562344775,36.629826075,3593.0,,8.9,26.7,,10.9,,1024.5,Boletus rubriceps,"Taos County, US-NM, US",1
c615894b-2fb7-46b7-befa-117db8535b35,90225726,2021-08-06 16:24:04-06:00,2021-08-06,-106.507415995,35.9343656431,2681.0,,18.5,28.0,0.4,14.8,,1026.2,Boletus rubriceps,"Jemez Springs, NM 87025, USA",1
a44498d3-8e72-4f34-a80f-d04daa11721a,90209484,2021-07-29 15:42:11+00:00,2021-07-29,-105.1994866667,36.6403833333,3182.0,,7.9,24.0,0.0,6.8,,1032.3,Boletus rubriceps,"Cimarron, NM, US",2
27e29437-4d9b-4dec-a784-cf03c83c94a1,90203625,2021-07-30 12:00:00-07:00,2021-07-30,-105.6453083333,39.831355,3282.0,,9.2,27.3,0.5,6.4,,1032.5,Boletus rubriceps,"Arapaho & Roosevelt National Forests Pawnee National Grassland, Idaho Springs, CO, US",1
588caa7a-72e7-4332-b4cb-4dcd4840bec5,90196801,2021-08-05 11:20:42-06:00,2021-08-05,-106.4795479,39.3039702,3350.0,,1.1,22.2,0.0,6.5,,1019.2,Boletus rubriceps,"Leadville, CO 80461, USA",2
42142ce3-51d5-4a2b-9e82-fb8a39b0549b,90195846,2021-08-03 08:44:25-06:00,2021-08-03,-107.7616500854,37.7629470825,3518.0,,9.0,19.0,11.6,2.6,,1033.0,Boletus rubriceps,"San Juan County, US-CO, US",3
5304dde5-8464-407f-9477-7a3240312598,90110835,2021-08-05 12:22:34-06:00,2021-08-05,-105.4519861111,36.7816333333,3369.0,,9.4,29.4,0.0,8.8,,1022.4,Boletus rubriceps,"Questa, NM 87556, USA",1
1d83360a-52b7-4ab6-84be-0aa814d38d60,90108390,2021-08-05 15:59:16-06:00,2021-08-05,-106.3106209722,41.338397,3220.0,,10.0,30.0,0.0,15.1,,1026.2,Boletus rubriceps,"Centennial, WY 82055, USA",1
e70e9708-7c25-42b0-9ef0-3d4ba23c55bc,90102313,2021-08-05 19:59:39-06:00,2021-08-05,-106.0191721667,39.5876466667,2784.0,,8.0,18.0,0.1,10.0,,1040.9,Boletus rubriceps,"White River National Forest, Dillon, CO, US",2
52f9d6e9-16b9-49bf-8279-6ab8ed3b625d,90092561,2021-08-04 14:03:08-06:00,2021-08-04,-106.4558114,39.2881466997,3134.0,,3.9,17.8,0.0,13.9,,1019.3,Boletus rubriceps,"Leadville, CO 80461, USA",2
6cfedc7a-120c-4b63-8e9b-2fe5634043b9,90072925,2021-08-05 08:30:07-06:00,2021-08-05,-105.6027616667,40.0686111667,3259.0,,5.8,26.0,0.0,4.3,,1031.2,Boletus rubriceps,"Arapaho & Roosevelt National Forests Pawnee National Grassland, Ward, CO, US",2
bb77daa9-a961-4ff3-9e5d-8fdff4ab73e1,90072635,2021-08-05 08:28:00-06:00,2021-08-05,-105.5463132967,40.0278560097,3074.0,,16.0,33.0,0.0,6.0,,1021.9,Boletus rubriceps,"Arapaho & Roosevelt National Forests Pawnee National Grassland, Ward, CO, US",3
255f74eb-b7ac-45a2-a09a-b36fa9fd26b5,90072353,2021-08-05 08:34:12-06:00,2021-08-05,-105.5558537915,40.0263794151,3114.0,,16.0,33.0,0.0,6.0,,1021.9,Boletus rubriceps,"Arapaho & Roosevelt National Forests Pawnee National Grassland, Ward, CO, US",1
eda9b19d-843c-4fcd-90b7-74a5a27c6ef5,90071881,2021-08-05 13:30:31-06:00,2021-08-05,-105.4526216667,36.6211916667,3373.0,,3.7,23.5,0.4,3.1,,1032.8,Boletus rubriceps,"Taos County, US-NM, US",1
43d09063-af9f-41c2-8799-4a4ccaabe5e6,90060259,2021-08-05 12:27:19-06:00,2021-08-05,-106.2764116667,39.6272883333,2658.0,,8.0,18.0,0.1,10.0,,1040.9,Boletus rubriceps,"White River National Forest, Vail, CO, US",2
b6a16b8d-0d47-43b6-87aa-035cd9d8f5fa,90055813,2021-08-04 12:14:13-06:00,2021-08-04,-105.9972915649,39.444694519,3339.0,,3.9,17.8,0.0,13.9,,1019.3,Boletus rubriceps,"Summit County, US-CO, US",2
9a2a722c-3301-4bc1-9010-645f7587ec14,90052306,2021-07-25 09:10:31-06:00,2021-07-25,-106.09515283,39.407275,3591.0,,3.9,20.0,,7.3,,1018.2,Boletus rubriceps,"White River National Forest, Breckenridge, CO, US",2
9a72983f-bad8-43f5-a859-c6fb2717da50,90046378,2021-08-03 08:49:02-06:00,2021-08-03,-107.1387945,40.02778883,3254.0,,14.4,20.6,2.7,6.6,,1023.2,Boletus rubriceps,"Medicine Bow-Routt National Forest & Thunder Basin National Grassland, Gypsum, CO, US",3
dd97fe50-c858-41a1-afe2-b05e5273a61f,90044018,2021-08-04 13:42:57-06:00,2021-08-04,-105.5280833333,40.2921833333,3125.0,,17.3,30.8,0.3,4.3,,1024.1,Boletus rubriceps,"Rocky Mountain National Park, Estes Park, CO, US",1
d5116207-0135-4522-8bbf-48909c335e35,90040256,2021-08-03 17:50:55-06:00,2021-08-03,-105.3801727295,39.7993087769,2844.0,,17.0,27.0,1.8,12.6,,1022.7,Boletus rubriceps,Golden,1
9e81c679-6fc2-4b7e-969f-804694f9aca5,90034951,2021-08-04 13:38:37-06:00,2021-08-04,-106.9903199002,38.8591090296,3056.0,,7.8,25.0,0.0,6.9,,1021.8,Boletus rubriceps,"Crested Butte, CO 81224, USA",1
adb8aa9a-803d-4003-9c84-239b986ce04a,90017926,2021-08-04 14:48:31-06:00,2021-08-04,-105.6473916667,40.3116333333,2915.0,,8.1,22.1,0.3,4.6,,1031.6,Boletus rubriceps,"Rocky Mountain National Park, Estes Park, CO, US",1
a8db37a0-d256-4de6-9b53-c9195505ef60,89959935,2021-08-04 08:42:36-06:00,2021-08-04,-107.7453833333,37.9728366667,3288.0,,9.0,21.0,0.0,4.2,,1033.0,Boletus rubriceps,"Grand Mesa National Forest, Ridgway, CO, US",2
5d4e3316-23b5-410f-a21b-a50f6d5e02a7,89946258,2021-08-02 10:09:00-07:00,2021-08-02,-105.643225878,40.2905668344,3042.0,,7.2,26.1,1.9,5.9,,1032.7,Boletus rubriceps,"Larimer County, CO, USA",2
bacc7f51-7683-4ca7-b311-003846318eda,89917319,2021-07-28 09:08:35-06:00,2021-07-28,-105.5857009888,40.070110321,3314.0,,8.6,31.0,0.1,6.2,,1031.2,Boletus rubriceps,"Boulder County, US-CO, US",2
f5e8f96d-2f2b-4bc3-a676-3ee2396fe0d4,89855319,2021-08-03 16:45:52-06:00,2021-08-03,-108.2352228,38.3275713997,3021.0,,15.2,30.0,0.0,8.8,,1016.3,Boletus rubriceps,"Nucla, CO 81424, USA",2
24479214-1e43-42de-bf38-75f95adf0fd5,89841996,2021-08-03 14:54:43-06:00,2021-08-03,-105.9971084595,39.4447517395,3339.0,,7.8,15.6,,8.4,,1019.6,Boletus rubriceps,"Summit County, US-CO, US",3
2c6741e2-185d-4fb2-ad06-2c6404e86b6f,89831766,2021-08-02 17:28:03-06:00,2021-08-02,-104.937613129,38.779904576,2780.0,,12.0,27.6,0.8,9.6,,1021.8,Boletus rubriceps,"Colorado, US",2
e33cb8bb-d4f3-4a38-a8e6-1474604800ae,89809205,2021-08-03 10:50:35-06:00,2021-08-03,-105.647805,39.8311216667,3298.0,,10.8,15.6,12.9,3.8,,1031.2,Boletus rubriceps,"Arapaho & Roosevelt National Forests Pawnee National Grassland, Idaho Springs, CO, US",2
062add07-c1db-4d6f-acff-a392fbec8cdd,89809085,2021-08-03 09:30:20-06:00,2021-08-03,-105.6467283333,39.8314966667,3277.0,,10.8,15.6,12.9,3.8,,1031.2,Boletus rubriceps,"Arapaho & Roosevelt National Forests Pawnee National Grassland, Idaho Springs, CO, US",2
b4b2d60f-09fc-409c-a5d2-5ba8bf51ba24,89782709,2021-07-30 12:23:01-06:00,2021-07-30,-107.0920181274,38.9281463623,3067.0,,12.2,28.3,,9.2,,1017.5,Boletus rubriceps,"Gunnison County, US-CO, US",2
b7275b0c-50f3-493a-bf7a-caf0d8171de3,89746560,2021-08-01 15:31:57-06:00,2021-08-01,-105.6652216667,39.9416283333,3566.0,,8.8,23.3,0.0,5.4,,1034.2,Boletus rubriceps,"Arapaho & Roosevelt National Forests Pawnee National Grassland, Nederland, CO, US",2
6fb0882e-55ba-4950-bc60-cb914c9b4cda,89746499,2021-08-01 12:13:50-06:00,2021-08-01,-105.6098717894,39.9221103685,3027.0,,8.8,23.3,0.0,5.4,,1034.2,Boletus rubriceps,"Arapaho & Roosevelt National Forests Pawnee National Grassland, Black Hawk, CO, US",3
7c2a7807-8ed6-4775-9fda-c5565eee2c56,89728697,2021-07-26 07:22:00-07:00,2021-07-26,-105.5691214876,40.2060548541,2609.0,,5.6,28.7,0.1,7.4,,1028.6,Boletus rubriceps,"Boulder County, CO, USA",2
730ab6ca-c63e-4907-a4a7-a6f21f0b7009,89728661,2021-07-26 07:21:00-07:00,2021-07-26,-105.5691214876,40.2060548541,2609.0,,5.6,28.7,0.1,7.4,,1028.6,Boletus rubriceps,"Boulder County, CO, USA",2
5a42ce91-7fba-4a96-b502-1ce5ad763e25,89717506,2021-08-02 17:20:00-06:00,2021-08-02,-106.0647296,39.3751729,3471.0,,8.9,18.3,,5.4,,1020.5,Boletus rubriceps,"Camron Ln, Breckenridge, CO 80424, USA",1
5a2eca8d-d291-4ee3-ba4e-0d8b33390310,89692742,2021-08-02 13:19:44-06:00,2021-08-02,-106.2066283333,38.5749333333,2731.0,,6.0,12.5,12.7,15.9,,1042.0,Boletus rubriceps,"Pike and San Isabel National Forests, Salida, CO, US",2
b1d89120-8a21-4891-9bf2-c14e307a7561,89659514,2021-07-30 11:13:18+00:00,2021-07-30,-107.0991398022,38.9312355302,3217.0,,12.2,28.3,,9.2,,1017.5,Boletus rubriceps,"Crested Butte, CO 81224, USA",2
be9e6bfc-b33c-402b-8f97-648fcea5464e,89647847,2021-07-26 15:27:22-06:00,2021-07-26,-105.4712832287,39.6903809518,2875.0,,17.0,34.0,0.0,8.7,,1021.2,Boletus rubriceps,"Arapaho & Roosevelt National Forests Pawnee National Grassland, Idaho Springs, CO, US",2
4b366fb2-f0ac-4da5-a448-24fc7dea8c8c,89586082,2021-08-01 10:00:40-06:00,2021-08-01,-105.59323,39.6416133333,3526.0,,,,,,,,Boletus rubriceps,"Arapaho & Roosevelt National Forests Pawnee National Grassland, Evergreen, CO, US",1
dcb30b4b-e5fe-43f1-9f22-7ac7a20b706d,89579083,2021-07-30 11:07:41-06:00,2021-07-30,-106.4529361815,39.2481660661,3472.0,,7.8,23.3,,8.6,,1017.4,Boletus rubriceps,"Pike and San Isabel National Forests, Twin Lakes, CO, US",3
cefa9b6c-6173-4eeb-ae4c-db1ce19fe495,89553237,2021-07-25 09:54:00-06:00,2021-07-25,-106.5406366667,37.3774816667,3350.0,,5.0,15.0,6.0,9.0,,1040.8,Boletus rubriceps,"Conejos County, CO, USA",2
12bdcb00-2b53-4b91-905f-fec05dc1c23d,89524410,2021-08-01 11:04:55-06:00,2021-08-01,-106.2865216667,39.3620866667,3308.0,,8.9,15.0,,12.5,,1023.2,Boletus rubriceps,"White River National Forest, Basalt, CO, US",1
54d5155b-f1c8-487d-a6e7-26a6f3049200,89426033,2021-07-31 20:45:17-06:00,2021-07-31,-105.513961235,39.9581606036,2554.0,,16.0,23.0,18.6,7.8,,1028.7,Boletus rubriceps,"Arapaho & Roosevelt National Forests Pawnee National Grassland, Nederland, CO, US",1
6156d284-e07d-40a6-826b-e1f6339ab9cd,89406658,2021-07-31 17:55:01-06:00,2021-07-31,-106.0726312549,39.6489265887,2659.0,,8.0,18.0,20.4,6.7,,1042.8,Boletus rubriceps,"White River National Forest, Silverthorne, CO, US",1
231d1456-b715-4758-9d04-b8d9bc612f8e,89384710,2021-07-28 15:32:52-06:00,2021-07-28,-106.2484512329,41.372253418,3212.0,,15.0,33.0,0.1,11.9,,1027.0,Boletus rubriceps,Laramie,1
900d266e-b9f5-41ee-ac0d-807b029579de,89271452,2021-07-30 17:02:23-06:00,2021-07-30,-106.2341957912,36.7062854931,2973.0,,,,,,,,Boletus rubriceps,Hopewell Lake,1
e67af44b-cbdc-4d6b-a3f9-159b1f0f73e5,89241959,2021-07-30 10:48:59-06:00,2021-07-30,-105.8128966667,39.667705,3279.0,,9.0,23.0,22.3,10.8,,1042.2,Boletus rubriceps,"Arapaho & Roosevelt National Forests Pawnee National Grassland, Idaho Springs, CO, US",1
e9ed8ccf-8592-4bec-a0dd-19b907f2a6cb,89141570,2021-07-29 12:33:17+00:00,2021-07-29,-107.03937525,37.4201564444,2763.0,,9.0,18.0,3.7,10.1,,1042.1,Boletus rubriceps,"Mineral County, US-CO, US",2
e114e462-0e43-489b-9355-6318f726fd42,89116830,2021-07-29 15:37:20-06:00,2021-07-29,-105.7764883333,39.8704,3286.0,,10.2,28.2,0.0,6.0,,1031.3,Boletus rubriceps,"Winter Park Resort, Winter Park, CO, US",1
910761c9-3b7a-4b53-bd4d-9a8aff27d8e0,89115039,2021-07-29 09:47:03-06:00,2021-07-29,-105.8576583333,39.7086533333,3326.0,,12.0,23.0,0.7,19.8,,1041.7,Boletus rubriceps,"Arapaho & Roosevelt National Forests Pawnee National Grassland, Idaho Springs, CO, US",2
45605653-35ca-4dfe-bb06-fc339a48a342,89087445,2021-07-29 10:54:29-06:00,2021-07-29,-105.5690083333,40.3489616667,2382.0,,20.9,34.5,0.1,8.0,,1022.9,Boletus rubriceps,"SH-66, Estes Park, CO, US",1
60755687-134f-4100-8648-a4fc82491966,89080097,2021-07-28 09:04:16-06:00,2021-07-28,-105.5956333333,40.1324221667,3092.0,,8.6,31.0,0.1,6.2,,1031.2,Boletus rubriceps,"Arapaho & Roosevelt National Forests Pawnee National Grassland, Ward, CO, US",2
a3610e14-e25c-416d-b8b0-dc5aaf53756e,89069527,2021-07-27 08:57:09-06:00,2021-07-27,-107.7037966667,37.7406083333,3346.0,,10.0,22.0,9.7,7.0,,1033.8,Boletus rubriceps,"San Juan National Forest, CO, US",3
577e4dc4-e5d8-45fe-a6ea-6f2e08022711,89066135,2021-07-27 13:17:56-06:00,2021-07-27,-107.75727,37.7495716667,3108.0,,10.0,22.0,9.7,7.0,,1033.8,Boletus rubriceps,"San Juan National Forest, CO, US",3
1b6e1f9f-9370-4834-a09b-8e25de0ade3d,89019529,2019-07-25 15:39:00-07:00,2019-07-25,-106.2369265,36.7118809999,2984.0,,,,,,,,Boletus rubriceps,"Rio Arriba County, NM, USA",1
2c9e11af-c2b3-4aa4-b003-f2c469966638,89010417,2021-07-28 11:06:34-06:00,2021-07-28,-105.5319684613,40.0177883172,2915.0,,18.0,36.0,0.0,4.0,,1021.0,Boletus rubriceps,"Boulder County, US-CO, US",1
a1980072-6a69-4d19-bf74-d260ffaa96fd,89010193,2021-07-28 10:08:41-06:00,2021-07-28,-105.5341005669,40.0135144819,2946.0,,18.0,36.0,0.0,4.0,,1021.0,Boletus rubriceps,"Caribou Ranch Open Space-Ce, Nederland, CO, US",2
4a21a0d6-4fef-4057-8b4e-36508cea69a7,89007013,2021-07-28 14:35:46-06:00,2021-07-28,-106.796193167,35.8414565392,2434.0,,16.5,27.6,0.8,5.8,,1028.4,Boletus rubriceps,"Santa Fe National Forest, Jemez Springs, NM, US",1
eac42b04-6031-4ae1-bbe6-7e20a2bcab0c,88999186,2021-07-25 11:05:38-06:00,2021-07-25,-107.283945,39.1535083333,3147.0,,12.8,27.2,,9.4,,1015.2,Boletus rubriceps,"White River National Forest, Carbondale, CO, US",2
3e5a910a-335f-4700-9623-f01b153e57da,88983659,2021-07-27 14:41:00-06:00,2021-07-27,-106.8509280584,36.0435219532,2914.0,,,,,,,,Boletus rubriceps,"Santa Fe National Forest, Gallina, NM, US",1
43c53cb9-e734-45e9-8919-e3878d100fcf,88983651,2021-07-28 14:41:18-06:00,2021-07-28,-105.9678296373,35.6840659445,2082.0,,14.4,31.1,0.0,6.1,,1016.1,Boletus rubriceps,"Paseo de la Conquistadora, Santa Fe, NM, US",2
663fa0e4-d565-43a4-8e23-74a0016c3274,88898790,2021-07-27 13:17:23-06:00,2021-07-27,-106.6964728561,37.4469447103,3551.0,,7.0,15.0,0.9,8.3,,1041.8,Boletus rubriceps,"Colorado, US",3
a9dd4020-ea43-4b2f-8dea-f83cbb651496,88898011,2021-07-26 19:29:57-06:00,2021-07-26,-105.6467014859,40.3120841187,2915.0,,5.6,28.7,0.1,7.4,,1028.6,Boletus rubriceps,"Rocky Mountain, Rocky Mountain National Park, Rocky Mountain National Park, Larimer County, US-CO, US",2
d6eaca62-5a29-43cb-8a06-374436ec36cb,88894239,2021-07-26 19:25:06-06:00,2021-07-26,-105.6484262098,40.3124500791,2949.0,,5.6,28.7,0.1,7.4,,1028.6,Boletus rubriceps,"Rocky Mountain National Park, Rocky Mountain National Park, Larimer County, US-CO, US",2
c1745dcc-cb19-4839-9c18-cd3476cac50e,88890009,2021-07-27 10:29:23-06:00,2021-07-27,-105.6088033333,40.5383216667,3123.0,,,,,,,,Boletus rubriceps,"Rocky Mountain National Park, Bellvue, CO, US",3
070cab83-38d1-4488-9fce-a8e567e1e467,88871582,2021-07-22 10:08:02-05:00,2021-07-22,-105.7852583333,40.4432916667,3214.0,,8.9,26.6,0.5,5.5,,1028.7,Boletus rubriceps,"Estes Park, CO 80517, USA",2
f898ce11-e01c-46d2-80bc-c039f69b7479,88871172,2021-07-22 10:16:35-05:00,2021-07-22,-105.7822583333,40.4447472222,3211.0,,8.9,26.6,0.5,5.5,,1028.7,Boletus rubriceps,"Estes Park, CO 80517, USA",2
92719e6b-dad7-4a21-b94c-2edc5da6151c,88868661,2021-07-27 15:22:05-06:00,2021-07-27,-106.8254776001,39.1904258728,2416.0,,11.1,31.1,0.0,9.8,,1014.1,Boletus rubriceps,Aspen,2
096eb58a-df0c-405b-9614-2a2baa1115dc,88865379,2021-07-26 08:38:20-06:00,2021-07-26,-105.7364307716,35.825248709,3264.0,,15.0,27.8,,9.7,,1014.6,Boletus rubriceps,"Nambe, NM 87506, USA",2
a6cb6819-27a5-49a7-898b-13f06dfeb6a5,88847761,2021-07-21 11:21:57-06:00,2021-07-21,-107.18499366,38.64098383,3386.0,,12.2,28.3,,8.3,,1019.3,Boletus rubriceps,"Gunnison County, US-CO, US",3
36c72edb-ed53-4fcb-8429-7d77527d77b3,88775751,2021-07-26 16:13:09-05:00,2021-07-26,-105.5902023315,40.1961631775,2770.0,,5.6,28.7,0.1,7.4,,1028.6,Boletus rubriceps,Ward,2
22a5b55f-85e0-4936-9073-4a75b1c3d4c0,88773928,2021-07-26 16:15:27-06:00,2021-07-26,-105.920425415,39.4705924988,3335.0,,5.0,22.8,0.0,7.4,,1016.7,Boletus rubriceps,"Summit County, US-CO, US",3
72ea9222-ae17-43b6-b93e-ce8209b43b4b,88773753,2021-07-26 15:07:07+00:00,2021-07-26,-106.63603999,40.38441268,2931.0,,10.5,32.3,0.0,6.6,,1023.6,Boletus rubriceps,"Grand County, US-CO, US",2
b9c475c4-95e3-4f3b-94fa-aeac01bbc147,88764346,2021-07-26 10:41:04-06:00,2021-07-26,-107.0174293889,38.9813053056,3243.0,,11.1,28.9,0.0,12.5,,1014.1,Boletus rubriceps,"Crested Butte, CO 81224, USA",1
333cb919-aeec-4027-841b-b4a1ff67228c,88754006,2021-07-26 15:07:12-06:00,2021-07-26,-105.5934093735,40.1967077048,2782.0,,5.6,28.7,0.1,7.4,,1028.6,Boletus rubriceps,"Rocky Mountain, Rocky Mountain National Park, Boulder County, US-CO, US",3
9208c5d9-1f15-45d5-ae6f-9ce8bd9c4d9c,88753704,2021-07-25 10:08:00-06:00,2021-07-25,-105.6557086908,40.3035269637,3051.0,,7.9,27.2,0.5,7.8,,1029.8,Boletus rubriceps,"Rocky Mountain, Rocky Mountain National Park, Rocky Mountain National Park, Larimer County, US-CO, US",2
f636cf08-6c4f-4538-b4da-1773af99f37a,88746868,2021-07-26 15:39:40-06:00,2021-07-26,-105.6053854153,40.3192065167,2655.0,,5.6,28.7,0.1,7.4,,1028.6,Boletus rubriceps,"Rocky Mountain, Rocky Mountain National Park, Rocky Mountain National Park, Larimer County, US-CO, US",2
749e3fad-8f17-4d40-930c-6893b4411669,88708359,2021-07-26 10:44:53-06:00,2021-07-26,-105.7363943942,35.5628610997,2202.0,,15.0,27.8,,9.7,,1014.6,Boletus rubriceps,"New Mexico, US",1
68e9760c-0673-4d9c-a2f2-8085a7dee06b,88685805,2021-07-25 15:40:19-06:00,2021-07-25,-105.6593588367,39.8942949568,2925.0,,7.9,27.2,0.5,7.8,,1029.8,Boletus rubriceps,"Gilpin County, CO, USA",2
fccbbdee-7438-4a0d-b221-8e3de2d59654,88637537,2021-07-25 12:23:43-06:00,2021-07-25,-105.63678,39.415505,3227.0,,,,,,,,Boletus rubriceps,"Pike and San Isabel National Forests, Lake George, CO, US",1
63474cfe-b322-49e7-9b96-531db1f03af8,88637202,2021-07-24 10:03:22-06:00,2021-07-24,-106.3938666667,38.7611466667,3488.0,,12.3,21.6,10.4,6.2,,1030.8,Boletus rubriceps,"Pike and San Isabel National Forests, Nathrop, CO, US",1
8ce0e9ea-6db5-4585-8a2b-f5d2118f2925,88602890,2021-07-22 10:16:40-05:00,2021-07-22,-105.7822029722,40.444723,3211.0,,8.9,26.6,0.5,5.5,,1028.7,Boletus rubriceps,"Estes Park, CO 80517, USA",2
a054d3bf-f38a-483b-9bf3-8879ec414335,88566730,2021-07-24 14:14:29-06:00,2021-07-24,-105.1988985477,37.399951997,3222.0,,,,,,,,Boletus rubriceps,"Colorado, US",2
6fa6e22d-db75-4174-ad4f-6f34c5a66eb2,88566562,2021-07-24 14:10:43-06:00,2021-07-24,-105.0088466131,37.2649040914,2743.0,,,,,,,,Boletus rubriceps,"Colorado, US",2
5cb75be3-e76e-45a3-815a-22b400be29dd,88537784,2021-07-25 07:43:48-06:00,2021-07-25,-107.0642545444,39.4428686837,2524.0,,14.4,30.6,0.3,8.2,,1019.1,Boletus rubriceps,"White River National Forest, Carbondale, CO, US",2
2084373c-bf7e-4379-a211-98be9794496a,88498999,2021-07-23 14:36:21-06:00,2021-07-23,-105.5664418448,39.9625231079,2941.0,,21.0,34.0,2.0,5.8,,1021.2,Boletus rubriceps,"Arapaho & Roosevelt National Forests Pawnee National Grassland, Nederland, CO, US",2
77e2b291-69a1-4858-9f2a-1e4e49f6dfae,88485549,2021-07-24 11:17:34-06:00,2021-07-24,-106.8073180298,39.0893975093,2987.0,,13.9,26.7,,10.0,,1015.0,Boletus rubriceps,"White River National Forest, Aspen, CO, US",2
8262cc77-c9fb-4803-b29a-96e510e75a17,88477952,2021-07-24 07:54:12-06:00,2021-07-24,-105.8534730081,39.7031688108,3156.0,,11.0,16.0,0.2,20.7,,1039.2,Boletus rubriceps,"Arapaho & Roosevelt National Forests Pawnee National Grassland, Idaho Springs, CO, US",2
6a996bea-3451-45ab-b12f-702ddfe53ba9,88470462,2021-07-23 13:09:25-06:00,2021-07-23,-106.9422073364,39.0027656555,3463.0,,12.2,28.9,,8.7,,1016.0,Boletus rubriceps,"Gunnison County, US-CO, US",4
7252cd71-43d0-4ec6-9e7f-7b0b5ceedf68,88464913,2021-07-24 12:15:24-06:00,2021-07-24,-105.8198866667,40.413095,3255.0,,11.0,25.3,0.7,7.8,,1030.5,Boletus rubriceps,"Rocky Mountain National Park, Granby, CO, US",2
dcf17bbe-3cb4-4467-b971-cc60865b3b9b,88442129,2021-07-24 09:05:46-06:00,2021-07-24,-105.7223673631,39.875831455,2964.0,,11.0,25.3,0.7,7.8,,1030.5,Boletus rubriceps,"Grand County, US-CO, US",1
cc6fe505-1f90-4332-9ce2-16c576e94554,88436959,2021-07-24 13:43:48-06:00,2021-07-24,-105.8675212228,39.638856696,3421.0,,11.0,16.0,0.2,20.7,,1039.2,Boletus rubriceps,"White River National Forest, Dillon, CO, US",2
df56989c-a5ca-48ba-bace-faef41aba368,88425734,2021-07-24 09:38:22-06:00,2021-07-24,-105.372825,39.5728333333,2485.0,,20.0,30.0,0.6,11.2,,1023.9,Boletus rubriceps,"Arapaho & Roosevelt National Forests Pawnee National Grassland, Evergreen, CO, US",2
67aa5a40-ce78-4366-92d6-3f0123431263,88416562,2021-07-23 09:01:17-06:00,2021-07-23,-105.6466,40.312905,2905.0,,11.8,25.1,1.8,4.1,,1026.9,Boletus rubriceps,"Rocky Mountain National Park, Estes Park, CO, US",2
10c07f31-a0cf-4d5d-af7d-900418f0ed45,88414524,2021-07-23 09:04:08-06:00,2021-07-23,-105.6463166667,40.31308,2905.0,,11.8,25.1,1.8,4.1,,1026.9,Boletus rubriceps,"Rocky Mountain National Park, Estes Park, CO, US",2
c93d81bf-d8bc-4e3e-9094-09c1431d6f4a,88373226,2021-07-23 19:05:55-06:00,2021-07-23,-107.8224277778,37.4229888889,2038.0,,14.4,30.6,,10.7,,1015.7,Boletus rubriceps,"Durango, CO 81301, USA",2
b89e3d0c-a6e7-4380-b6bc-f087b53851ac,88331349,2021-07-22 10:43:00-06:00,2021-07-22,-105.5340944444,40.0809333333,3074.0,,19.0,34.0,0.0,7.1,,1020.0,Boletus rubriceps,"Boulder, Colorado, United States",2
233c9cf9-ba74-467d-bf5c-cbffd8db1a17,88326376,2021-07-23 07:57:00-06:00,2021-07-23,-105.5219887213,40.1423295062,2844.0,,21.0,34.0,2.0,5.8,,1021.2,Boletus rubriceps,"Colorado, US",2
ede15df0-4900-41f1-a688-c17a080fa197,88323850,2021-07-23 16:52:41-06:00,2021-07-23,-106.7038633333,39.1180638333,2918.0,,12.2,28.9,,8.7,,1016.0,Boletus rubriceps,"White River National Forest, Aspen, CO, US",2
11059a7f-0758-4066-b5aa-ace482387c37,88319829,2021-07-22 15:06:06-06:00,2021-07-22,-105.6230166667,40.5522883333,2972.0,,,,,,,,Boletus rubriceps,"Arapaho & Roosevelt National Forests Pawnee National Grassland, Bellvue, CO, US",2
1f65d2ef-1a05-441f-bcf2-cd298168393c,88309048,2021-07-22 15:06:12-06:00,2021-07-22,-105.3737116667,39.3190083333,2454.0,,,,,,,,Boletus rubriceps,"Pike and San Isabel National Forests, Sedalia, CO, US",2
4515653d-1d74-4a93-85b3-00abbc8bfdfb,88304356,2021-07-23 11:48:36-06:00,2021-07-23,-105.6592333333,40.291395,3118.0,,11.8,25.1,1.8,4.1,,1026.9,Boletus rubriceps,"Rocky Mountain National Park, Estes Park, CO, US",2
e77ada21-b78f-46f0-bee7-d44d2faabc55,88251333,2021-07-13 11:44:50-06:00,2021-07-13,-105.5474305556,40.0404416667,3062.0,,20.0,26.0,0.5,9.8,,1020.5,Boletus rubriceps,"Nederland, CO 80466, USA",3
b5509c19-cf2c-4870-8550-bbfd5d370f25,88195108,2021-07-21 10:41:52-06:00,2021-07-21,-106.5329647064,35.8152205703,2571.0,,15.5,28.2,3.8,9.7,,1027.2,Boletus rubriceps,"Jemez Springs, NM 87025, USA",1
d6094b17-396c-45e7-a19a-3bfa0c6c26fd,88189183,2021-07-22 11:41:42-06:00,2021-07-22,-105.7750765473,40.2271444025,2896.0,,8.9,26.6,0.5,5.5,,1028.7,Boletus rubriceps,"Colorado, US",2
6e3fa87c-6452-4594-90e3-e5d75c0107a5,88049459,2021-07-21 10:27:32-06:00,2021-07-21,-105.3820620105,39.496918284,2511.0,,17.2,31.7,,13.8,,1013.8,Boletus rubriceps,"Pine Junction Area, CO, USA",1
00b138c1-2ade-4b53-95f6-1f0515300a37,88028049,2021-07-21 13:11:35-06:00,2021-07-21,-105.6294867396,39.9600544634,2976.0,,11.4,26.4,0.8,8.2,,1029.9,Boletus rubriceps,"Nederland, CO 80466, USA",1
0f3991c4-dacb-4544-835a-7ddda347a8d1,88013163,2021-07-17 17:04:16+00:00,2021-07-17,-105.5689103901,40.1601511559,3372.0,,6.7,25.9,0.3,8.0,,1030.6,Boletus rubriceps,"Allenspark, CO, USA",1
ce4ec7da-9db1-4566-8665-7b1cf02fecf4,87892430,2021-07-20 12:30:41-06:00,2021-07-20,-105.4668654968,40.4259622889,2444.0,,13.9,36.7,0.0,11.6,,1014.7,Boletus rubriceps,"Arapaho & Roosevelt National Forests Pawnee National Grassland, Estes Park, CO, US",2
a54d69ef-6d98-4b93-9d15-045e3f3ce53f,87817039,2021-07-17 10:22:08-06:00,2021-07-17,-105.5176866667,40.497805,2731.0,,15.0,35.0,0.0,12.6,,1015.2,Boletus rubriceps,"Rocky Mountain National Park, Bellvue, CO, US",2
82ec9e89-a2cb-490e-a937-f0fad90a5561,87794142,2021-07-19 13:55:09-06:00,2021-07-19,-106.79603382,35.839302652,2426.0,,17.1,29.6,0.0,9.8,,1031.3,Boletus rubriceps,"Santa Fe National Forest, Jemez Springs, NM, US",1
b59a535f-e267-40d3-bbaf-baa6cf362065,87711057,2021-07-18 14:23:01-06:00,2021-07-18,-107.6396866667,38.0420305,3592.0,,12.0,27.0,0.3,5.6,,1035.1,Boletus rubriceps,"Grand Mesa National Forest, Ridgway, CO, US",2
76382e4b-3c48-4e47-9ad7-f558b69dd883,87704997,2021-07-18 17:47:03-06:00,2021-07-18,-105.5550466667,40.7496,2426.0,,,,,,,,Boletus rubriceps,"Arapaho & Roosevelt National Forests Pawnee National Grassland, Red Feather Lakes, CO, US",2
a131f7c5-1135-4e73-b279-c2eb0aad4350,87642492,2021-07-18 14:52:11-06:00,2021-07-18,-105.5803698737,40.0113664381,3113.0,,7.1,27.6,0.0,5.8,,1033.8,Boletus rubriceps,"Arapaho & Roosevelt National Forests Pawnee National Grassland, Nederland, CO, US",1
5184abbf-0a80-4d69-aaf6-60e2332e3c31,87504578,2021-07-13 12:50:16-06:00,2021-07-13,-107.081348,38.8722179722,3261.0,,11.7,28.3,,9.1,,1019.9,Boletus rubriceps,"Crested Butte, CO 81224, USA",2
4a6eb61d-bbc2-4516-a5a9-63141a344d4a,87503835,2021-07-17 17:16:05-06:00,2021-07-17,-107.7091143653,37.7236045158,3331.0,,15.0,22.0,0.7,5.0,,1032.9,Boletus rubriceps,"San Juan County, CO, USA",2
905562cc-6b64-46fc-8ef5-c5b206b7223d,87491396,2021-07-17 08:59:07-06:00,2021-07-17,-105.6317583333,39.961975,2976.0,,6.7,25.9,0.3,8.0,,1030.6,Boletus rubriceps,"Arapaho & Roosevelt National Forests Pawnee National Grassland, Nederland, CO, US",1
210d3b39-f733-4a7d-9fe4-ecbff1d2b54d,87486375,2021-07-17 10:31:11-06:00,2021-07-17,-105.6239944444,37.9919194444,3382.0,,12.0,28.0,0.8,13.0,,1019.4,Boletus rubriceps,"Westcliffe, CO 81252, USA",2
b6dc4655-c5dd-427c-862b-8f904a705f93,87324599,2021-07-16 11:19:36-06:00,2021-07-16,-105.3134605296,40.4601720999,2123.0,,15.6,33.9,0.0,9.6,,1011.7,Boletus rubriceps,"Arapaho & Roosevelt National Forests Pawnee National Grassland, Loveland, CO, US",2
4c1098aa-6fe0-4dc5-a164-2374b58160da,87308045,2021-07-16 11:33:02-06:00,2021-07-16,-106.6638565063,40.4589157104,3069.0,,8.0,27.1,0.0,5.8,,1023.5,Boletus rubriceps,"Routt County, US-CO, US",3
749d20a5-6d4f-4886-8b35-7f94f713ea29,87285993,2021-07-08 11:17:50-06:00,2021-07-08,-107.45938833,37.594745,3294.0,,,,,,,,Boletus rubriceps,"San Juan National Forest, Pagosa Springs, CO, US",2
188a6ed1-d41c-4234-8684-1294998e68a6,87285425,2021-07-09 09:01:39-06:00,2021-07-09,-107.43443333,37.49856167,2513.0,,13.3,33.9,0.0,8.7,,1015.2,Boletus rubriceps,"San Juan National Forest, Pagosa Springs, CO, US",2
738db57e-cda3-49ed-90d7-d1d9f121e4ef,87279675,2021-07-16 09:46:58-06:00,2021-07-16,-105.583755,40.3445866667,2458.0,,4.1,25.5,0.2,4.7,,1028.0,Boletus rubriceps,"Tuxedo Park - Ymca Camp, Estes Park, CO, US",3
d1ff23f1-8e7c-4652-a1a2-b929c775b799,87204016,2021-07-15 10:56:00-04:00,2021-07-15,-105.5767005,39.9794804,3053.0,,13.0,28.0,0.1,2.8,,1020.2,Boletus rubriceps,"4596-4400, Caribou Rd, Nederland, CO 80466, USA",2
d6e8523e-d910-45d5-99b2-10f329e4073e,87081566,2021-07-14 13:28:48-06:00,2021-07-14,-105.583695,40.34482,2458.0,,7.0,22.8,3.4,5.6,,1029.0,Boletus rubriceps,"Tuxedo Park - Ymca Camp, Estes Park, CO, US",2
e8709172-a06c-498e-bb98-e31c3fa1268f,87072957,2021-07-14 11:03:38-06:00,2021-07-14,-105.622405,40.3268083333,2885.0,,7.0,22.8,3.4,5.6,,1029.0,Boletus rubriceps,"Rocky Mountain National Park, Estes Park, CO, US",2
5b9076ff-ebe5-46b8-841b-755b473f2f0a,87044805,2021-07-14 10:44:48-06:00,2021-07-14,-105.59993,40.1986466667,2861.0,,7.0,22.8,3.4,5.6,,1029.0,Boletus rubriceps,"Rocky Mountain National Park, Ward, CO, US",2
e3e1be02-9dd0-412a-a9e9-e6d4f834aeb3,86850370,2021-07-12 15:51:12-06:00,2021-07-12,-106.3397922248,41.5378806896,2703.0,,12.0,32.0,0.0,12.7,,1024.9,Boletus rubriceps,"Carbon County, US-WY, US",1
e6490fa6-075a-4d6f-93e3-4d88c4c1f504,86850313,2021-07-12 15:44:35-06:00,2021-07-12,-106.3392495717,41.5375717614,2709.0,,12.0,32.0,0.0,12.7,,1024.9,Boletus rubriceps,"Carbon County, US-WY, US",1
a424c67b-d465-4ba5-a743-32c004ab4ebd,86850274,2021-07-12 13:07:21-06:00,2021-07-12,-106.3430885754,41.5069207045,2698.0,,12.0,32.0,0.0,12.7,,1024.9,Boletus rubriceps,"Carbon County, US-WY, US",1
2e571aa9-4e55-4424-b5d2-35328bb3c15c,86628257,2021-07-11 09:59:56-06:00,2021-07-11,-105.3851783333,39.5642366667,2615.0,,17.0,30.0,0.0,9.2,,1024.0,Boletus rubriceps,"Arapaho & Roosevelt National Forests Pawnee National Grassland, Conifer, CO, US",2
c25fb3e6-881c-4cfc-a376-d9ac633d6e2e,86510420,2021-07-07 12:41:31-06:00,2021-07-07,-105.5161883333,40.2438366667,2550.0,,16.7,34.6,0.0,7.6,,1021.6,Boletus rubriceps,"Arapaho & Roosevelt National Forests Pawnee National Grassland, Allenspark, CO, US",2
79ea4be8-a2ac-4cde-adde-90290cc7521e,86325244,2021-07-09 12:20:58-06:00,2021-07-09,-106.3171388889,39.3644611111,3187.0,,7.8,26.1,0.0,8.1,,1014.2,Boletus rubriceps,"Eagle County, US-CO, US",2
c7ee9ae4-9374-4fa7-8c46-fe54a1f5aac0,86212167,2021-07-07 10:07:55-06:00,2021-07-07,-107.8276006132,37.9245743945,3377.0,,13.0,27.0,0.3,7.3,,1031.5,Boletus rubriceps,"Mountain Village, CO 81435, USA",1
803bbbc4-4550-4f7a-86d7-1cde9f6b48f1,86191466,2021-07-06 13:09:03-06:00,2021-07-06,-105.7539966667,40.2271633333,2828.0,,8.5,25.3,0.1,5.7,,1029.9,Boletus rubriceps,"Rocky Mountain National Park, Granby, CO, US",2
5ba8ea3b-6cdd-4253-b00a-4036de55aa37,86114046,2021-07-07 14:57:00+00:00,2021-07-07,-105.6618027783,40.4135277783,2644.0,,6.2,27.7,0.0,5.2,,1029.0,Boletus rubriceps,"Larimer County, CO, USA",2
f7e70faf-769e-42f8-b1c0-7ea6b211cd5d,85726129,2021-07-04 22:03:44-06:00,2021-07-04,-108.1192245,39.0748153,2537.0,,19.6,38.5,0.0,8.3,,1017.9,Boletus rubriceps,"Mesa County, US-CO, US",2
602d1273-8ddb-4962-9c0c-faa38e0731df,85725350,2021-07-01 13:33:00-06:00,2021-07-01,-107.0318401944,38.97037175,3458.0,,10.6,22.2,,6.7,,1014.7,Boletus rubriceps,"Crested Butte, CO 81224, USA",2
0c3a14ae-c937-4cf3-9e6d-08b4b9d38829,85709718,2021-07-03 11:51:30-06:00,2021-07-03,-107.1753554419,37.571533019,2744.0,,6.0,16.0,2.5,10.8,,1039.9,Boletus rubriceps,"Hinsdale County, CO, USA",2
8d06ac99-381a-4340-a523-dfbc2d5c527f,85083231,2021-06-29 13:41:12-06:00,2021-06-29,-103.5302116667,43.858305,2028.0,,7.2,23.3,0.0,6.7,,1021.4,Boletus rubriceps,"Black Hills National Forest, Keystone, SD, US",1
5a2a9bce-cc37-4675-a928-604e6de0492a,76413008,2012-08-11,2012-08-11,-105.523,39.6707,3327.0,,19.0,31.0,,10.3,,,Boletus rubriceps,"Chief Mountain Trail, Clear Creek Co., Colorado, USA",1
fd8d8c3d-b7c5-4416-86c7-2abaf4fb9b1b,69332334,2017-08-15 20:09:00-04:00,2017-08-15,-105.6904223863,40.3104631166,3712.0,,,,,8.5,,,Boletus rubriceps,"Larimer County, CO, USA",2
6175d058-c4b4-4ae4-896e-4cbee88090a5,66543753,2019-08-11 16:01:00-05:00,2019-08-11,-105.5083316,40.0722083,2781.0,,18.0,28.2,,5.8,,,Boletus rubriceps,"Ward, CO, USA",2
e4d5c860-4442-4f32-a0d6-6bf79c00b8b6,65363585,2020-08-18 16:47:00-05:00,2020-08-18,-105.5108312,39.9613759,2518.0,,,,,,,,Boletus rubriceps,"Nederland, CO 80466, USA",1
0a84ae2f-807b-4918-bed7-62918e874791,59727898,2007-09-01 06:05:58-07:00,2007-09-01,-105.3805373382,40.6365690627,2336.0,,16.0,31.0,,9.2,,,Boletus rubriceps,"Arapaho & Roosevelt National Forests Pawnee National Grassland, Bellvue, CO, US",2
a896a6f9-438e-4fea-a4fb-fa236bd1c41f,58926925,2020-07-27 17:06:12-06:00,2020-07-27,-105.6476241103,39.833205778,3277.0,,15.0,31.0,,,,,Boletus rubriceps,"Arapaho & Roosevelt National Forests Pawnee National Grassland, Idaho Springs, CO, US",2
38548c93-f342-4560-847d-ecb7141a4f4f,57987777,2020-08-29 12:17:09-06:00,2020-08-29,-105.2058703826,38.0483072531,3402.0,,,,,,,,Boletus rubriceps,"Custer County, US-CO, US",2
f1ee1fe9-b7df-4884-95d6-5f4e9b5c6810,56388007,2020-08-11 13:00:26-06:00,2020-08-11,-106.05204717,39.434995,3184.0,,3.3,22.8,0.0,9.7,,1013.2,Boletus rubriceps,"White River National Forest, Breckenridge, CO, US",2
3696c711-64fd-4607-94c0-6c08629d20a6,55498410,2020-08-04 13:21:08-06:00,2020-08-04,-106.18865333,39.55556167,3511.0,,14.0,20.0,,13.2,,,Boletus rubriceps,"White River National Forest, Silverthorne, CO, US",3
e09abfe8-909e-46fb-a53b-b9e5b1c12750,55334760,2020-08-01 06:59:22-06:00,2020-08-01,-106.4362970768,39.1845009613,3560.0,,2.8,23.3,0.5,9.6,,,Boletus rubriceps,"Pike and San Isabel National Forests, Twin Lakes, CO, US",2
3810d995-8ed7-4cce-a3d6-fc35d0b9fad8,54888716,2020-07-30 10:55:53-06:00,2020-07-30,-105.80782824,39.48423368,3036.0,,,,,,,,Boletus rubriceps,"Park County, US-CO, US",2
53e5b334-521b-4d20-bb40-cf70b336ad8b,54303743,2019-08-15 16:23:55-04:00,2019-08-15,-107.8223985652,37.9529696841,3179.0,,11.0,25.0,,9.3,,,Boletus rubriceps,"Colorado, US",4
555e9944-08c5-4716-b9c1-576c9b484f68,54025464,2013-08-11 10:56:00-07:00,2013-08-11,-106.3390967853,38.8300363754,3288.0,,,,,7.2,,,Boletus rubriceps,"Chaffee County, CO, USA",3
84719499-b248-4ee1-a3ed-98f56a0e7bba,53788253,2019-07-17,2019-07-17,-106.4061928041,40.3944536294,2845.0,,8.6,29.5,,6.6,,,Boletus rubriceps,"Jackson County, CO, USA",1
c55b46b7-a2d8-4d8f-97a3-63536e8d10f4,53783905,2014-08-14,2014-08-14,-106.2302607322,41.3957944348,3245.0,,,,,,,,Boletus rubriceps,"Carbon County, WY, USA",1
b58f1674-8f10-4bfe-8ecb-7947da98cd41,53693756,2020-07-19 18:47:00-06:00,2020-07-19,-106.2174939956,41.3483350216,3002.0,,,,,,,,Boletus rubriceps,Green Rock,1
af0cabf7-e530-4f9e-9690-f4c8541ca0d4,53529559,2020-07-17 10:41:14-06:00,2020-07-17,-106.07476117,39.43766333,3480.0,,2.2,20.6,1.3,9.9,,1019.2,Boletus rubriceps,"White River National Forest, Breckenridge, CO, US",2
e95b1e99-f5fd-4c88-80b5-cc5818efb82a,53263570,2020-07-15 10:22:35-06:00,2020-07-15,-106.0748055,39.43765333,3480.0,,4.4,22.8,,12.4,,1014.3,Boletus rubriceps,"White River National Forest, Breckenridge, CO, US",2
480e97c1-4143-4d58-be31-513cb0790d5f,47551759,2019-08-25 16:10:47-06:00,2019-08-25,-107.6182166667,38.0685,3517.0,,10.0,26.0,,8.8,,,Boletus rubriceps,"Grand Mesa National Forest, Ridgway, CO, US",3
adb6af76-35dc-4f7d-864e-75097799f9ea,39264171,2006-08-12 11:53:00-10:00,2006-08-12,-105.2705456,40.0149856,1628.0,,,,,,,,Boletus rubriceps,"Boulder, CO, USA",2
945f214f-8751-490f-ae34-fcc2318d8575,39260764,2019-07-07 13:38:06-06:00,2019-07-07,-105.5961216667,40.1972616667,2838.0,,,,,8.0,,,Boletus rubriceps,"Rocky Mountain National Park, Ward, CO, US",3
03e2684d-9708-45ef-a940-499c97c10b0e,34338378,2010-09-01 11:59:00-06:00,2010-09-01,-106.778379501,37.4762214016,3175.0,,,,,,,,Boletus rubriceps,"Mineral County, CO, USA",1
df388e72-47cc-4a4d-b2f1-998319dceb9f,33875543,2019-07-25,2019-07-25,-105.8525499722,40.407476,2782.0,,,,,,,,Boletus rubriceps,"Grand County, CO, USA",2
f638c091-5f88-45b3-af90-3d9b9dbce9ed,33672418,2019-07-18 14:40:09-06:00,2019-07-18,-105.5986416667,40.3223716667,2647.0,,,,,7.6,,,Boletus rubriceps,"Rocky Mountain National Park, Estes Park, CO, US",3
ec11420d-8754-4be9-b5be-6650957aa665,33370663,2019-07-27 14:33:08-06:00,2019-07-27,-105.672455,36.0441333333,2766.0,,,,,,,,Boletus rubriceps,"Carson National Forest, Truchas, NM, US",3
d0229652-b5bb-4bb2-9cfb-369dd3263a44,32068405,2019-08-02 10:49:15-06:00,2019-08-02,-105.4445266724,39.8715705872,2801.0,,16.5,33.1,,3.7,,,Boletus rubriceps,"Black Hawk, CO 80422, USA",2
3ffea712-747d-4f12-b322-7ec3d030292f,31855040,2019-08-20 15:03:00-06:00,2019-08-20,-106.1769140326,39.6980174678,2924.0,,,,,5.1,,,Boletus rubriceps,"Summit County, US-CO, US",2
2dec3ed1-b6fa-4ed9-8711-7ccf90592013,31818695,2019-08-29 15:11:40-06:00,2019-08-29,-104.93383548,40.47934115,1462.0,,12.8,33.3,0.0,13.9,,1013.4,Boletus rubriceps,"Windsor, CO 80550, USA",2
fd913416-d6a9-4c53-8a23-01e03d1bb3ac,31497514,2019-08-22 15:33:22-06:00,2019-08-22,-105.653795,40.4318666667,3183.0,,3.9,27.2,,6.0,,,Boletus rubriceps,"Rocky Mountain, Rocky Mountain National Park, Rocky Mountain National Park, Larimer County, US-CO, US",1
f93c527d-1cf6-48e3-976c-f4474430f8ed,31443540,2019-08-24 08:03:56-06:00,2019-08-24,-105.10737395,38.8494602,3407.0,,11.1,27.6,,9.0,,1011.6,Boletus rubriceps,"Teller County, US-CO, US",2
87d4a5fa-af0b-461c-a857-19a839fa7fff,31381159,2019-08-19,2019-08-19,-105.430855,36.558555,3423.0,,3.2,25.1,,6.9,,,Boletus rubriceps,Taos,2
dba781f6-3f12-444b-9df2-89af6d768b83,31307144,2019-08-10 10:56:52-07:00,2019-08-10,-108.3307283333,38.4044383333,2852.0,,15.0,31.0,,10.8,,,Boletus rubriceps,"Uncompahgre National Forest, Nucla, CO, US",3
b4f6b02c-635e-4ad6-927e-8e137160bab7,31258019,2019-08-18 14:38:25-06:00,2019-08-18,-106.9281530008,37.4508126479,2709.0,,,,,,,,Boletus rubriceps,"Mineral County, CO, USA",4
6c8d14b1-3b86-43cd-b217-444097c0f656,31230547,2019-08-19 16:46:16-06:00,2019-08-19,-105.5291442871,37.9302864075,3504.0,,,,,,,,Boletus rubriceps,"Westcliffe, CO 81252, USA",1
75ce5ce6-1808-468e-abe3-248751aeea38,31077692,2019-08-18 12:43:19-06:00,2019-08-18,-105.8499145508,40.4084739685,2776.0,,2.2,27.9,,8.6,,,Boletus rubriceps,"Grand Lake, CO 80447, USA",2
905630f9-bdb3-4dfa-9787-4c96488f45d9,30910607,2019-08-15 17:25:00-06:00,2019-08-15,-107.9117133333,37.815455,3247.0,,11.0,25.0,,9.3,,,Boletus rubriceps,"Lizard Head Pass, Telluride, CO, US",1
84e9d444-50f0-44a6-a8f8-814b9dd3c571,30896960,2019-08-14,2019-08-14,-106.5154782653,35.8212568,2596.0,,18.0,23.1,,14.6,,,Boletus rubriceps,"Sandoval County, NM, USA",1
3fe5508a-c9e7-4742-85c4-a57d5a3a82c8,30693180,2019-08-11 14:07:00-06:00,2019-08-11,-107.6384477541,39.0818367354,3047.0,,21.5,30.0,,8.2,,,Boletus rubriceps,"Delta County, CO, USA",2
ed456536-a95d-430d-81dd-70cfd4d3c9d3,30660053,2019-08-11 14:40:09-06:00,2019-08-11,-105.51757,36.6128383333,3344.0,,,,,12.8,,1019.2,Boletus rubriceps,"Carson National Forest, Taos, NM, US",1
4fbf65d6-5ed6-45b7-b956-0dfd1c5a8c88,30657601,2019-08-11 09:49:27-06:00,2019-08-11,-105.7946014404,40.5041236877,3159.0,,,,,3.4,,,Boletus rubriceps,"Bellvue, CO 80512, USA",1
b5feeb50-e96f-492d-8d5f-9dd6c0680c4c,30655419,2019-08-11 18:35:00-06:00,2019-08-11,-105.715877004,35.8502682652,3155.0,,15.0,27.8,,13.7,,1013.6,Boletus rubriceps,"Tererro, NM 87573, USA",2
ef81cb33-80f7-426e-ac3b-c333fe05c211,30613642,2019-08-08 08:43:37-06:00,2019-08-08,-105.6613166667,40.3218283333,3118.0,,18.7,28.9,,4.4,,,Boletus rubriceps,"Rocky Mountain National Park, Estes Park, CO, US",2
2f3a0fa0-0f1f-4741-b010-ba309be655b5,30447887,2019-08-08 13:50:02-06:00,2019-08-08,-107.9681466667,39.0456471667,3116.0,,16.6,33.6,,6.3,,,Boletus rubriceps,"Grand Mesa National Forest, Cedaredge, CO, US",2
8424c5b2-f57b-4ed6-992a-8c75f486d6ac,30424059,2019-08-02 12:16:58-06:00,2019-08-02,-105.60353,39.3476783333,3340.0,,,,,,,,Boletus rubriceps,"Pike National Forest, Lake George, CO, US",2
ec2b4935-fd44-4509-919b-6bcea8baed7c,30367067,2019-08-06 16:12:29-06:00,2019-08-06,-108.1100593507,37.4863048529,3488.0,,14.4,31.7,,11.1,,1015.7,Boletus rubriceps,"Colorado, US",3
0847711d-58ad-4907-9778-c25418924fd6,30283284,2019-08-05 10:19:56-06:00,2019-08-05,-106.6106791324,37.4820362576,3368.0,,,,,,,,Boletus rubriceps,"Rio Grande National Forest, South Fork, CO, US",2
8f2b4535-53dd-4a9f-aeb9-a581dd3dcaee,30199036,2019-08-04 11:09:24-06:00,2019-08-04,-105.5449831774,35.8279634784,3278.0,,13.9,26.7,,14.2,,1017.8,Boletus rubriceps,"Santa Fe National Forest, Las Vegas, NM, US",1
6fa24161-5c04-4e56-b4f6-5df28c097b41,30130964,2019-08-03 12:58:57-06:00,2019-08-03,-105.7809178904,35.8114557832,3217.0,,16.7,31.7,,15.7,,1015.7,Boletus rubriceps,"Nambe, NM 87506, USA",2
369c0fa4-6eff-4526-97de-8c702075eaa4,29962091,2019-07-31 15:06:12-06:00,2019-07-31,-105.719020759,40.3456328468,3378.0,,,,,4.8,,,Boletus rubriceps,"Rocky Mountain National Park, Estes Park, CO, US",2
1bb953d5-46b4-4601-a81b-7e299c03665e,29957903,2019-07-30 10:38:19+00:00,2019-07-30,-106.1102916667,39.2555716667,3521.0,,3.3,23.9,,8.6,,1016.5,Boletus rubriceps,"Pike National Forest, Hartsel, CO, US",2
dcac0940-8b2f-4ddc-8cef-d8d78a4c942f,29724078,2019-07-25 17:06:08+00:00,2019-07-25,-105.1048805,38.87787,3185.0,,14.0,27.3,,10.5,,1015.5,Boletus rubriceps,"Pike National Forest, Woodland Park, CO, US",2
82f61838-ba06-497d-9cd8-8dcf56c036ef,29663965,2019-07-22 17:57:17-07:00,2019-07-22,-105.6634427194,39.8354459527,3514.0,,,,,5.5,,,Boletus rubriceps,"Colorado, US",1
3e173c98-105b-4f02-92be-a181eccd1620,29663945,2019-07-22 17:56:09-07:00,2019-07-22,-105.6655030616,39.9719555133,3238.0,,,,,5.5,,,Boletus rubriceps,"Colorado, US",2
e5c2a8df-3604-40fe-900f-bbcecad5c2c4,29663552,2019-07-22 17:28:12-07:00,2019-07-22,-105.6976743341,39.8009762393,3347.0,,,,,5.5,,,Boletus rubriceps,"Colorado, US",1
8fa4eebf-d4c3-4064-960a-36a0f37eff2b,28979638,2019-07-16 13:36:05-06:00,2019-07-16,-106.9555544481,40.8050238391,2464.0,,9.6,29.8,,4.2,,,Boletus rubriceps,Steamboat Lake State Park,2
1d032485-8ced-45e5-8bba-12e7aad19c81,28956926,2019-07-13 16:20:51-06:00,2019-07-13,-105.4961692169,40.0104165831,2693.0,,15.0,33.5,,7.3,,,Boletus rubriceps,"Boulder, CO 80302, USA",1
93bbaa41-2e37-4f35-afa6-3120479842e6,28579325,2019-07-10 13:06:41-06:00,2019-07-10,-106.95266377,40.80866321,2460.0,,6.6,27.6,,1.2,,,Boletus rubriceps,Steamboat Lake State Park,1
e17a93ac-8948-452c-a599-a36cdedab9b7,21274974,2013-09-21 16:47:00-07:00,2013-09-21,-105.7231666667,39.8903333333,3229.0,,9.0,26.0,,3.8,,,Boletus rubriceps,"Grand, Colorado, United States",4
19951bb6-7e17-4f89-9c2c-cdc8ff9c44a7,15661083,2018-08-12 11:58:30-06:00,2018-08-12,-105.7769166667,35.80115,3484.0,,10.0,27.2,0.0,11.9,,1015.8,Boletus rubriceps,"Santa Fe National Forest, Santa Fe, NM, US",4
dd3847e0-3605-4015-b345-c769b7c1f816,15383388,2018-08-11 11:27:52-06:00,2018-08-11,-105.5343166667,40.0853221667,3044.0,,16.0,32.0,,5.1,,,Boletus rubriceps,"80481, Ward, CO, US",3
b5f3af05-e598-44fc-ab7e-35bdfe19b555,15310026,2018-08-04 12:56:27-06:00,2018-08-04,-105.5217666667,40.1090888333,2821.0,,22.0,33.0,,13.6,,,Boletus rubriceps,"2174–2334 County Road 96J, Ward, CO, US",2
8cb2d400-fa2a-4df5-a4cf-b097d191d092,15282416,2018-08-08 15:44:06-06:00,2018-08-08,-105.27127,40.0251278333,1639.0,,15.0,28.0,,5.0,,,Boletus rubriceps,"2003 Mesa Dr, Boulder, CO, US",2
73b576f8-e32b-4361-a62e-bd4cfc8812d1,15205165,2018-07-30 09:13:49-06:00,2018-07-30,-105.5421798304,40.4300327364,2572.0,,13.1,27.7,,3.2,,,Boletus rubriceps,"Bridal Veil Falls Trail, Estes Park, CO 80517, USA",2
057ca36a-fc1f-42be-b574-2ed277bb3fb1,15060104,2018-08-02 15:33:48-06:00,2018-08-02,-106.72118608,39.11941429,2859.0,,8.9,30.0,0.0,9.7,,1013.5,Boletus rubriceps,"Pitkin County, US-CO, US",1
8e263c59-a465-4336-afa8-24bddef7400f,15060093,2018-08-02 15:17:00-06:00,2018-08-02,-106.72155213,39.11978702,2859.0,,8.9,30.0,0.0,9.7,,1013.5,Boletus rubriceps,"Pitkin County, US-CO, US",2
ba4b3499-cffd-4dfd-a3d4-36e43e9bf400,14153656,2014-07-28 21:35:00-06:00,2014-07-28,-105.3765074555,39.5002602505,2563.0,,15.6,27.8,,16.5,,1021.2,Boletus rubriceps,"Pine Junction Area, CO, USA",1
2f6acb90-8c5c-4db1-b851-bb5ba1b0d325,9323532,2017-09-02 13:16:00-06:00,2017-09-02,-105.4156888889,35.7443416667,3137.0,,8.9,26.1,0.3,10.6,,1019.7,Boletus rubriceps,"San Miguel, New Mexico, United States",1
9d47969f-cbf1-4a28-a876-5e2079eb64ba,9244396,2017-07-29 15:03:00-07:00,2017-07-29,-105.5661785603,40.3397405943,2417.0,,19.7,26.6,,3.5,,,Boletus rubriceps,"Larimer County, CO, USA",2
78d756a0-219b-483c-9c19-d38e50cb681e,7577163,2017-08-18 09:46:00-05:00,2017-08-18,-105.6591235,40.3093187,3037.0,,2.0,25.5,,8.1,,,Boletus rubriceps,"Dream Lake, Colorado 80517, USA",3
a3407314-16bb-4eb1-afab-f45e8bc54aaf,7576516,2017-08-15 14:02:00-07:00,2017-08-15,-105.8099933333,40.3097666667,2859.0,,,,,8.5,,,Boletus rubriceps,"Rocky Mountain, Rocky Mountain National Park, Rocky Mountain National Park, Grand, Colorado, United States",1
d5270bf6-8dd1-4490-a979-0fb8c4e67ad4,7539194,2017-08-15 06:51:04-06:00,2017-08-15,-106.5662173778,39.3710968176,3357.0,,1.7,16.1,0.0,6.8,,1009.9,Boletus rubriceps,"Colorado, US",2
030637b4-a619-4835-981f-7f9f697dcea6,7463304,2017-08-12 09:47:55-06:00,2017-08-12,-105.5210333276,40.2143703628,2527.0,,13.6,28.3,,4.6,,,Boletus rubriceps,"177 Lab Rd, Allenspark, CO, US",2
175ae9f8-2def-45e5-ba2c-9f08aa695cba,7432369,2017-08-10 06:29:23-05:00,2017-08-10,-106.6700633884,40.1139826656,2850.0,,11.0,26.0,,7.2,,,Boletus rubriceps,"Routt National Forest, Oak Creek, CO, US",2
f076c820-be5d-4aec-aac4-47b84feb4732,7423075,2017-08-07 14:34:29-06:00,2017-08-07,-105.423671118,39.8462824844,2746.0,,13.0,18.0,,12.2,,,Boletus rubriceps,"Unnamed Road, Golden, CO 80403, USA",2
78b2dd52-4139-4f29-b4f1-1ae541f167ec,7384015,2017-08-06 13:11:00-06:00,2017-08-06,-105.59492283,40.19936705,2789.0,,3.6,23.9,,6.0,,,Boletus rubriceps,"Rocky Mountain, Rocky Mountain National Park, Boulder County, US-CO, US",3
ac33faa5-aac1-4976-a9a1-6836ed2c06f9,7383889,2017-08-06 12:09:52-06:00,2017-08-06,-105.60695667,40.20416311,2911.0,,3.6,23.9,,6.0,,,Boletus rubriceps,"Rocky Mountain, Rocky Mountain National Park, Boulder County, US-CO, US",3
f7421f32-e9bd-4128-b8da-fec22a6da39f,7270071,2017-07-29 17:43:08-06:00,2017-07-29,-106.6700263143,39.1247907864,3118.0,,13.3,22.2,,9.3,,1016.3,Boletus rubriceps,"White River National Forest, Aspen, CO, US",2
1b8a8d28-b612-40a2-8ad8-7768239a95c1,7002618,2016-08-19,2016-08-19,-107.4425,37.47905,2492.0,,8.3,25.6,0.5,7.1,,1014.6,Boletus rubriceps,"Pine River Trail, Weminuche Wilderness, Colorado, USA",1
08736396-840c-4fc5-ab42-08c19c864488,7002615,2016-08-13,2016-08-13,-107.4425,37.47905,2492.0,,8.3,25.6,0.0,9.0,,1017.2,Boletus rubriceps,"Pine River Trail, Weminuche Wilderness, Colorado, USA",1
6e2e1829-90dc-4dd3-87e4-a2d8f094834c,7000961,2015-08-30,2015-08-30,-105.769,35.80925,3422.0,,,,,10.2,,1014.4,Boletus rubriceps,"Santa Fe Ski Basin, Santa Fe National Forest, Santa Fe Co., New Mexico, USA",1
be73b648-598f-43f5-a415-a58c45befd72,6998561,2010-08-26,2010-08-26,-107.856,37.9284,2976.0,,12.0,25.0,,8.7,,,Boletus rubriceps,"Mountain Village, Telluride, Colorado, USA",2
5e88b06a-9e74-4ab2-bebc-f5fb81d6748f,4253033,2013-07-28,2013-07-28,-106.4498806,39.3673501813,3214.0,,8.3,13.9,,6.4,,1011.2,Boletus rubriceps,"Eagle County, CO, USA",2
69f30d1b-f520-455e-9fb3-5c8dfd464bd0,3977909,2016-08-26 10:23:40-06:00,2016-08-26,-105.4392616667,36.57587,3128.0,,,,,8.1,,,Boletus rubriceps,"Carson National Forest, Valdez, NM, US",3
13223930-d353-4ff6-8a50-2234876b9040,3595870,2015-08-17,2015-08-17,-107.844,37.88685,3430.0,,12.7,22.7,,7.1,,,Boletus rubriceps,"Alta Lakes, Colorado, USA",1
28a76364-68bf-4b6e-b203-37780543c92f,3550106,2014-08-14,2014-08-14,-107.836,37.9421,2652.0,,,,,,,,Boletus rubriceps,"Telluride, Colorado, USA",2
34c02a26-7210-43af-b1cb-0c148cd498c6,2409020,2015-08-12 13:22:40-05:00,2015-08-12,-107.78247,37.7041583333,3435.0,,,,,5.1,,,Boletus rubriceps,"San Juan National Forest, Silverton, CO, US",2
88d0d382-9a62-48bb-9c53-207201e6398e,1802184,2014-08-23 14:41:03-06:00,2014-08-23,-105.612021,40.531073,3258.0,,,,,,,,Boletus rubriceps,"Rocky Mountain National Park, Estes Park, CO, US",3
df479983-14e7-4c5c-b6b8-1e165f0955da,111110,2012-08-09,2012-08-09,-106.258942,39.558128,3259.0,,,,,25.3,,,Boletus rubriceps,"39.558128,-106.258942",3
ec615bab-6265-4fab-9096-20147788352d,394841419,2026-08-25 19:13:44-06:00,2026-08-25,-105.6502710233,40.3131479286,2920.0,,,,,,,,Boletus rubriceps,"Rocky Mountain, Rocky Mountain National Park, Rocky Mountain National Park, Larimer County, US-CO, US",1
a233f76a-99cb-4acc-b22a-263621ebc001,393983008,2026-08-23 12:26:51-06:00,2026-08-23,-105.7723861111,39.5794805556,3424.0,,,,,,,,Boletus rubriceps,"Dillon, CO 80435, USA",1
