uuid,inat_id,timestamp,date,lon,lat,elevation,tavg,tmin,tmax,precipitation,windspeed,winddirection,presure,species,location,num_identification_agreements
c56b6e59-f25d-4956-9d77-1d1af20fa96b,391471279,2026-08-14 11:21:08-06:00,2026-08-14,-108.0121472167,37.7804833333,3061.0,,10.0,19.0,4.5,2.8,,,Coprinus comatus,"Dolores County, US-CO, US",1
b759cfc1-5574-4444-b629-abbf6605272f,390429653,2026-08-07 12:51:00-06:00,2026-08-07,-106.5406081,39.1514975997,3575.0,,0.6,26.7,0.0,4.6,,1022.0,Coprinus comatus,"Lake County, CO, USA",1
f502d148-134a-4457-879f-4f0537d1971b,390289661,2026-07-31 19:35:18-06:00,2026-07-31,-110.6613638889,40.7579666667,3197.0,,,,,,,,Coprinus comatus,"Bear River, WY 82930, USA",1
e0fea56b-b3b1-4f1b-8802-3020078025f3,388937033,2026-08-06 13:35:23-06:00,2026-08-06,-106.4978783333,35.885595,2651.0,,19.0,31.5,3.8,7.4,,1015.9,Coprinus comatus,"Jemez Springs, NM, US",1
617aff0f-d8fa-4f71-b1c1-d8c9adf82f8f,388316826,2026-08-04 11:42:50-06:00,2026-08-04,-107.0237971667,39.0212888333,3490.0,,12.8,30.6,0.0,6.0,,,Coprinus comatus,"Carbondale, CO, US",1
f3ada407-12b7-411c-b3f7-abd00db188ca,386109897,2026-07-28 11:35:41-06:00,2026-07-28,-107.0733191818,39.0308736779,3445.0,,13.3,30.0,5.4,6.8,,,Coprinus comatus,"Gunnison County, US-CO, US",1
d5ecaf0b-ae06-4fae-bf97-acf9cc4a91c8,386084335,2026-07-28 11:28:55-06:00,2026-07-28,-107.0836416667,39.026975,3436.0,,13.3,30.0,5.4,6.8,,,Coprinus comatus,"White River National Forest, Carbondale, CO, US",1
4fd0c696-b650-47b9-8fe9-50c3f648b804,385375359,2026-07-26 10:23:59-05:00,2026-07-26,-100.0017529722,38.0673249722,720.0,,,,,,,,Coprinus comatus,"Center Township, KS, USA",2
c476987d-37cf-4966-8c5d-4bd4472b3e4f,383712296,2026-07-21 07:33:32-06:00,2026-07-21,-107.0083729488,38.0779158108,2803.0,,,,,,,,Coprinus comatus,"County Road 52, Lake City, CO, US",1
c684a4d4-a595-4541-9ae9-64f73a3028cf,383706417,2026-07-21 07:33:22-06:00,2026-07-21,-106.9411108904,38.0540361677,3725.0,,,,,,,,Coprinus comatus,"Saguache County, US-CO, US",1
5baf6279-93eb-4c06-9e43-03597836883d,383602646,2026-07-21 07:03:27-06:00,2026-07-21,-107.4351333333,38.0683083333,3639.0,,11.0,27.0,2.1,5.6,,,Coprinus comatus,"Lake City, CO 81235, USA",1
23a72c68-1306-4518-a994-a5b82c97df10,382066089,2026-05-03 17:14:19-06:00,2026-05-03,-105.9255570274,35.6790002103,2171.0,,2.2,20.6,0.0,7.8,,,Coprinus comatus,"Santa Fe County, US-NM, US",1
82655559-7300-4d65-830b-b445a29d23ba,381179945,2026-07-13 13:38:00-06:00,2026-07-13,-106.5304586446,35.8179338905,2621.0,,16.7,29.9,0.0,6.8,,,Coprinus comatus,"Sandoval County, NM, USA",1
2e31034e-5d1f-4ece-901d-17cbe4c0c80c,379679079,2026-07-09 08:28:01-05:00,2026-07-09,-99.8804597475,39.4812613728,744.0,,20.0,32.0,0.6,10.5,,1011.7,Coprinus comatus,"Kansas, US",1
6d990f3f-1b67-45f0-912d-0c400c73e460,377336497,2026-07-01 10:44:46-06:00,2026-07-01,-106.1638015997,41.3225906997,2644.0,,6.1,25.0,0.1,8.4,,,Coprinus comatus,"Centennial, WY 82055, USA",1
06427b0b-4e17-48b3-a9af-1ce7a6a40dae,376401230,2025-09-23 11:49:55-06:00,2025-09-23,-106.2525466667,38.5489383333,2742.0,,0.0,5.0,2.1,26.3,,1034.9,Coprinus comatus,"W US Hwy 50, Salida, CO, US",1
12301791-7b5d-4302-9e87-d068f51b3415,375617383,2026-06-26 12:47:41-06:00,2026-06-26,-105.45288,40.9382383333,2167.0,,9.2,21.3,1.5,20.5,,1011.1,Coprinus comatus,"Livermore, CO, US",1
e9e1236f-9e1b-4c41-8252-d8bb2ad16e6c,374607020,2025-07-23 10:26:09-06:00,2025-07-23,-105.4684118258,39.6941593311,2765.0,,3.2,12.3,2.8,11.6,,1019.5,Coprinus comatus,"Clear Creek County, US-CO, US",1
0f50688c-b363-4826-b717-f3fc67fb1842,374148207,2025-09-27 11:59:50-06:00,2025-09-27,-105.0767215994,40.5285675126,1537.0,,11.0,27.0,0.0,10.2,,1020.9,Coprinus comatus,"S College Ave, Fort Collins, CO, US",1
e576d43b-b4b9-40c8-b4bb-24b74f90709f,372596382,2021-10-09 18:56:12-06:00,2021-10-09,-104.9892434478,39.5313964234,1766.0,,11.1,22.2,0.0,18.3,,1006.5,Coprinus comatus,"Littleton, CO 80129, USA",1
528b7065-aa16-4141-b913-31590b620cd9,368942371,2022-10-10 11:07:00-06:00,2022-10-10,-104.941545,39.6674833333,1653.0,,6.1,22.2,0.0,7.1,,1015.9,Coprinus comatus,"S Harrison St, Denver, CO, US",1
f35ff31e-8a75-4fcf-aa52-d35e3f73769a,368526274,2024-10-29 17:01:52-06:00,2024-10-29,-108.4441230949,39.0247633906,1520.0,,5.6,15.6,11.7,22.3,,1000.7,Coprinus comatus,"Mesa County, US-CO, US",2
d2e1bb60-e71e-43dc-8dba-239536875a37,368415204,2025-10-08 13:57:16-06:00,2025-10-08,-105.0997591393,40.5745598616,1537.0,,3.0,24.4,0.0,4.2,,1019.0,Coprinus comatus,"W Elizabeth St, Fort Collins, CO, US",1
59fdfb78-0265-423e-bdd2-a10b08c09b99,368366930,2026-06-04 09:48:22-06:00,2026-06-04,-105.1907417179,39.9994484755,1619.0,,12.0,32.0,0.8,4.2,,,Coprinus comatus,"Dry Creek Trail, Boulder, CO, US",2
ecc5b0c3-29f0-49c0-b79c-f238e51aa865,368003951,2026-06-02 11:10:36-06:00,2026-06-02,-104.8219833333,41.1136932222,1870.0,,10.0,22.0,0.6,11.4,,1018.1,Coprinus comatus,"Cribbon & Gopp, Cheyenne, WY 82007, USA",1
f65a5497-b74b-4c76-bc6b-7378e58b148c,367960828,2025-05-09 18:29:17-06:00,2025-05-09,-105.0479195,40.0360611667,1542.0,,4.7,22.2,0.0,4.4,,1026.8,Coprinus comatus,"Gallegos St, Erie, CO, US",1
e2f0e261-6a1b-4ab8-aea4-220fe14c330b,367229975,2026-05-31 16:33:51-06:00,2026-05-31,-105.24808476,39.99783021,1629.0,,11.0,27.0,0.0,5.5,,,Coprinus comatus,"Bear Creek, Boulder, CO 80309, USA",2
e1a7fdf5-1d7b-46f7-9fef-51047030a495,367143807,2026-05-27 20:26:44-06:00,2026-05-27,-105.1092304339,40.5720583459,1543.0,,11.7,21.7,2.1,5.6,,,Coprinus comatus,"Skyline Dr, Fort Collins, CO, US",1
283c6052-eace-4493-a2f2-806a837c1130,367077182,2026-05-30 06:40:52-06:00,2026-05-30,-105.1261833333,40.5504216667,1564.0,,10.0,24.0,0.5,6.5,,,Coprinus comatus,"McKeag Dr, Fort Collins, CO, US",1
19ebbff3-e2d1-4a4c-bf99-d2df1e4822d2,366483634,2026-05-29 16:25:55-06:00,2026-05-29,-105.0098163634,40.5536503245,1487.0,,13.3,28.3,1.3,7.6,,,Coprinus comatus,"Colorado, US",1
6aae2287-e672-4fcf-8329-dc9881dd3680,366483448,2026-05-29 16:25:31-06:00,2026-05-29,-105.0576085827,40.5019127313,1504.0,,13.3,28.3,1.3,7.6,,,Coprinus comatus,"Colorado, US",1
273bd33d-5c98-4f44-b6e5-607ad510109f,366470287,2026-05-29 15:46:40-06:00,2026-05-29,-105.0871972222,39.6642416667,1646.0,,14.9,26.1,2.2,10.7,,,Coprinus comatus,"Bear Creek, Lakewood, CO, USA",2
cf55997d-07bf-4efc-994f-564f454b82e0,365902293,2025-09-25 11:00:09-06:00,2025-09-25,-105.1252790782,37.3495130686,2846.0,,0.2,15.8,0.0,12.7,,1021.9,Coprinus comatus,"La Veta, CO, US",1
25246fad-d512-4df1-a020-a949608dcd53,365403311,2026-05-26 07:39:20-06:00,2026-05-26,-104.9566501959,39.7072852338,1636.0,,13.9,23.5,,25.2,,1006.3,Coprinus comatus,"Polo Club Ln, Denver, CO, US",1
f0531fab-cc01-49ca-89f4-0b68f76c8379,364896780,2023-09-27 08:59:23-06:00,2023-09-27,-105.3315966667,39.6653466667,2279.0,,12.0,30.0,0.0,9.7,,1018.0,Coprinus comatus,"Cortina Ln, Evergreen, CO, US",1
d338fb21-2375-44f5-a4e6-b851d59989cf,364896753,2023-10-07 11:32:03-06:00,2023-10-07,-105.3316033333,39.6653116667,2279.0,,4.0,22.0,0.0,6.7,,1025.8,Coprinus comatus,"Cortina Ln, Evergreen, CO, US",1
0c1530d3-c118-4c8a-9537-da65b4f16ddd,364896701,2023-10-10 13:50:14-06:00,2023-10-10,-105.3316416667,39.6653116667,2279.0,,11.0,26.0,0.0,8.7,,1008.0,Coprinus comatus,"Cortina Ln, Evergreen, CO, US",1
fdf663ed-2246-4edd-8990-52fb33d530e1,364855472,2026-05-24 09:54:46-06:00,2026-05-24,-104.9120783333,39.59142,1733.0,,10.0,24.4,0.2,7.1,,,Coprinus comatus,"S Niagara Ct, Centennial, CO, US",1
70954488-e505-4ae9-85cb-2fb5d354443a,363748000,2025-10-11 07:36:56-06:00,2025-10-11,-104.8286366667,38.8541666667,1853.0,,11.0,24.0,,14.2,,1014.0,Coprinus comatus,"Culebra Ave, Colorado Springs, CO, US",1
b16aeb07-daf8-436f-974d-6b1bab2424b4,363366863,2026-05-19 14:36:40-06:00,2026-05-19,-105.0745836273,40.395405639,1521.0,,2.8,11.7,0.5,5.5,,,Coprinus comatus,Loveland,2
66027a8c-d3a9-42c7-a763-7353c5f57b07,361597870,2026-05-14 16:05:54-06:00,2026-05-14,-106.2980826572,42.8486802286,1576.0,,8.3,24.4,0.0,16.0,,,Coprinus comatus,"VISIT US 5830 EAST 2ND STREET STE 8 CITY, Casper, WY 82609, USA",1
0aba3e75-af26-4eb0-ae8a-5a8810ce88e9,361494429,2026-03-25 09:06:32-06:00,2026-03-25,-105.0811538696,39.7020683289,1673.0,,13.0,28.9,,14.9,,1010.2,Coprinus comatus,Denver,2
6bd6e6d6-5a95-4786-9f23-953bbc3b1c96,359515183,2025-09-27 17:11:18-06:00,2025-09-27,-104.9314283333,39.7239,1648.0,,11.9,23.9,0.0,10.6,,1015.3,Coprinus comatus,"Dahlia St, Denver, CO, US",1
0abe9154-b995-41a8-875f-54b8bc6c370c,359069951,2025-10-27 17:49:14-06:00,2025-10-27,-104.973945,40.573575,1515.0,,3.0,15.0,1.1,18.1,,1014.8,Coprinus comatus,"Prichard St, Timnath, CO, US",1
48aba11e-d60e-4781-9482-72ae5fa975d9,358529710,2026-04-27 14:59:29-06:00,2026-04-27,-105.2193984345,39.7507846618,1765.0,,2.8,11.0,12.8,7.1,,1008.4,Coprinus comatus,"Arapahoe St, Golden, CO, US",1
04bb9925-b193-4ded-9d03-3b9c52e794ba,357970421,2026-05-03 10:52:14-06:00,2026-05-03,-106.3293347,35.8805408997,2235.0,,6.0,19.0,0.5,7.4,,,Coprinus comatus,"Los Alamos County, NM, USA",1
57a676c7-0b6f-41b9-ba0c-7e0fbc6be6c8,357273084,2026-04-28 11:54:38-06:00,2026-04-28,-105.1312945,40.39795,1536.0,,2.8,14.7,1.5,10.5,,,Coprinus comatus,"Crestone Dr, Loveland, CO, US",2
caecfc76-3953-4f96-9d50-3433d10fa928,357267033,2010-08-21 23:15:00-06:00,2010-08-21,-107.8711470252,39.0617350743,3102.0,,,,,,,,Coprinus comatus,"Grand Mesa National Forest, Vela Reservoir, CO, USA",1
92ed7098-2424-4d12-b071-c8ba46754823,353675075,2026-04-25 10:44:46-06:00,2026-04-25,-104.9717876391,39.7886309178,1567.0,,5.6,13.3,,16.7,,1007.8,Coprinus comatus,"Franklin St, Denver, CO, US",1
7c88c3f7-79d4-45d1-96ea-77214af015c7,353484217,2025-09-17 13:32:09-06:00,2025-09-17,-104.7829344605,39.6382459819,1729.0,,7.0,20.0,2.1,4.4,,1023.9,Coprinus comatus,"Quincy Reservoir Trail, Aurora, CO, US",1
2067f3ef-db7f-4bae-9896-42ccb1429999,352401081,2023-10-01 10:05:35-06:00,2023-10-01,-103.4733916819,39.1373217897,1540.0,,14.4,28.3,0.0,30.2,,1011.4,Coprinus comatus,"Lincoln Community Hospital Heliport, Hugo, CO 80821, USA",4
fe34b409-8bf7-459e-b313-2730cf79ff2d,352281057,2015-06-29 08:37:00-06:00,2015-06-29,-106.311041,39.671616,2957.0,,,,,16.1,,,Coprinus comatus,"Eagle County, CO, USA",1
ba094962-29fd-4f23-877a-41b39779ecdc,351865241,2023-09-23 17:58:22-06:00,2023-09-23,-104.7678083333,39.625645,1773.0,,6.8,24.1,0.0,11.1,,1011.5,Coprinus comatus,"E Whitaker Cir, Aurora, CO, US",1
c75dd09d-8b41-4bd9-9374-b068e66d03b9,351360847,2026-04-13 16:33:59-06:00,2026-04-13,-105.1045916667,40.1352388333,1517.0,,10.0,21.9,0.0,6.8,,,Coprinus comatus,"100 Year Party Ct, Longmont, CO, US",1
437c1160-3292-45ac-9bb0-880ff925d044,350978143,2024-09-24 09:50:00-06:00,2024-09-24,-105.3820619,39.4969148,2511.0,,9.4,23.3,0.0,8.5,,1016.4,Coprinus comatus,Staunton State Park,1
6c2e84d3-983e-43a2-861f-b3c7d972f378,348721659,2026-04-09 08:45:14-06:00,2026-04-09,-105.0678916853,39.9194850636,1633.0,,6.0,21.0,0.2,6.2,,,Coprinus comatus,"Descombes Dr, Broomfield, CO, US",1
198cf3ae-ca5d-42a2-8144-a9bc3780c7bc,344532275,2024-09-28 16:11:48-06:00,2024-09-28,-103.8731833333,44.36575,1752.0,,14.0,32.0,0.0,16.3,,1020.0,Coprinus comatus,"Lead, SD, US",2
9ba6e3a2-2e27-4891-86f9-9fd1dfec746a,341715309,2025-10-04 10:43:00-06:00,2025-10-04,-105.0996998753,40.6055247859,1522.0,,12.0,28.0,0.1,12.0,,1008.2,Coprinus comatus,"N Shield Ponds Big Loop, Fort Collins, CO, US",1
ffd633a0-a18e-4e2b-8056-95ed78271245,334277766,2025-10-12 11:43:02-06:00,2025-10-12,-104.878075,39.7541116667,1621.0,,11.1,20.4,0.0,16.4,,1004.3,Coprinus comatus,"Dayton St, Aurora, CO, US",1
7f5118ad-1504-4684-b9e3-719700f9d33c,333822178,2022-09-04 14:02:00-06:00,2022-09-04,-105.8631377267,40.422359843,3174.0,,4.7,26.8,0.0,5.7,,1030.6,Coprinus comatus,"Grand County, CO, USA",1
1a351c7b-5772-4545-8a33-9cc1b4f878ef,332516538,2025-10-11 08:43:45-06:00,2025-10-11,-105.0914695,40.5724533333,1532.0,,9.0,18.0,0.3,4.9,,1011.5,Coprinus comatus,"W Pitkin St, Fort Collins, CO, US",1
7873222f-5a05-4673-bd5b-3468f2ad5b12,332516523,2025-10-11 08:43:29-06:00,2025-10-11,-105.0914778333,40.5724533333,1532.0,,9.0,18.0,0.3,4.9,,1011.5,Coprinus comatus,"W Pitkin St, Fort Collins, CO, US",1
5243804a-38a3-4596-893a-94d2514148b0,330373782,2025-09-09 17:02:00-06:00,2025-09-09,-104.865498802,39.5712194116,1784.0,,14.0,29.0,0.2,11.4,,1020.1,Coprinus comatus,"Inverness, CO 80112, USA",1
782c5a67-11c3-4853-a33d-7deb00c6d801,328983159,2025-10-11 09:35:56-06:00,2025-10-11,-105.274795,39.7077533333,2273.0,,12.0,17.0,0.8,5.7,,1012.6,Coprinus comatus,"Blue Ridge Dr, Golden, CO, US",3
167c1594-9831-41fa-897f-691e2466637f,328949079,2025-10-11 10:49:23-06:00,2025-10-11,-105.1543065933,40.5238802852,1706.0,,9.0,18.0,0.3,4.9,,1011.5,Coprinus comatus,"Colorado, US",1
aba2f090-e605-4355-83a6-56d2f4d72b22,327989559,2025-11-20 09:31:12-07:00,2025-11-20,-108.7202616667,39.1546221667,1382.0,,6.1,10.6,4.6,7.6,,1014.7,Coprinus comatus,"E Cleveland Ave, Fruita, CO, US",2
e5d729f2-563a-44a3-bd89-47b33847ffc5,327562380,2025-10-10 08:37:56-06:00,2025-10-10,-105.0886083333,40.5768366667,1527.0,,8.9,17.8,0.0,5.2,,,Coprinus comatus,"W Laurel St, Fort Collins, CO, US",2
d4eeddd8-4892-4f0b-a37d-3c19fd557470,326993685,2022-10-01 10:22:05-06:00,2022-10-01,-105.0860666667,40.5673133333,1530.0,,11.7,21.7,,9.5,,1015.7,Coprinus comatus,"Colorado State University, Fort Collins, CO, US",2
f7ae09af-9b59-4811-a1dd-bc5d2266f6ef,325530090,2025-10-07 15:43:18-06:00,2025-10-07,-104.9859636425,39.8926651182,1636.0,,8.0,13.0,0.0,4.4,,1024.7,Coprinus comatus,"Lincoln St, Northglenn, CO, US",1
da16b9d9-176b-47fb-ac26-a91e9e491ecd,325530077,2025-10-07 15:44:13-06:00,2025-10-07,-104.9862401199,39.892621841,1636.0,,8.0,13.0,0.0,4.4,,1024.7,Coprinus comatus,"Lincoln St, Northglenn, CO, US",2
ea394332-c14e-4ca5-be67-65a75d9a9fbe,325530064,2025-10-07 15:43:44-06:00,2025-10-07,-104.9862018255,39.8926541464,1636.0,,8.0,13.0,0.0,4.4,,1024.7,Coprinus comatus,"Lincoln St, Northglenn, CO, US",2
b26c488c-fd45-40e0-b10e-826ef9f97a0a,325258220,2025-11-06 16:10:38-07:00,2025-11-06,-106.6925722222,35.7699361111,1885.0,,6.0,18.0,0.0,9.2,,1022.2,Coprinus comatus,"Jemez Springs Village Complex, Jemez Springs, NM 87025, USA",1
0f645943-c1b6-4f89-bfd9-87fe977e05cf,323913625,2025-10-09 14:51:59-06:00,2025-10-09,-105.2500709969,39.7497732864,1764.0,,11.0,28.0,0.0,3.5,,1019.0,Coprinus comatus,"Grant Terry Loop, Golden, CO, US",1
07f70731-c856-4239-9ee0-b175f19210bd,323751883,2025-10-19 09:26:06-06:00,2025-10-19,-103.6293242323,43.7822631805,1752.0,,-1.0,17.0,0.0,17.6,,1010.5,Coprinus comatus,"Black Hills National Forest, Custer, SD, US",1
9650e043-bcf2-4d50-a073-2408400cb0f6,323538021,2025-10-27 15:52:04-06:00,2025-10-27,-105.0767003932,40.5442726007,1535.0,,3.0,15.0,1.1,18.1,,1014.8,Coprinus comatus,"S College Ave, Fort Collins, CO, US",1
1de626c1-6838-420e-abc3-52fe7f21800c,323388666,2025-10-08 14:31:01-06:00,2025-10-08,-105.1077307016,39.988030467,1610.0,,2.2,24.3,0.0,1.0,,1018.5,Coprinus comatus,"South Boulder Rd & Centaur Village Dr, Lafayette, CO 80026, USA",1
02411d68-8a80-4732-9d9b-e3b4f8d7e9f4,323281386,2025-09-20 15:14:26-06:00,2025-09-20,-105.2266333665,40.0267163082,1586.0,,13.0,28.0,0.2,4.5,,1020.1,Coprinus comatus,"Pearl Pkwy, Boulder, CO, US",1
8793645c-8390-4706-aedb-af62abd7ea56,322990381,2025-09-28 17:53:47-06:00,2025-09-28,-107.8814512,37.2791265997,1986.0,,9.0,20.0,6.3,9.6,,1025.4,Coprinus comatus,"Durango, CO, USA",2
efbbe553-cbfa-4887-af50-6cd4cbcf6a3b,322055983,2025-10-01 15:56:38-06:00,2025-10-01,-105.8342966667,40.2553666667,2592.0,,2.0,18.0,0.0,6.5,,1028.4,Coprinus comatus,"Grand Lake Snowmobile Access Trail, Grand Lake, CO, US",1
99ac28ee-6527-41c8-b958-848c53b202cc,321982571,2025-10-16 10:04:09-06:00,2025-10-16,-107.6949204505,38.5532378778,2519.0,,4.0,14.0,0.0,14.6,,1016.7,Coprinus comatus,"Black Canyon of the Gunnison National Park, Montrose County, US-CO, US",1
7e0f11a3-5955-42e0-854f-eed6e424cb50,321951389,2025-10-19 17:38:25-06:00,2025-10-19,-105.5105634349,38.3040997892,2377.0,,2.4,26.2,0.0,18.0,,1013.9,Coprinus comatus,"17th Trail, Cotopaxi, CO, US",2
f1f363cb-796d-4642-ad33-53a03326e784,321653809,2025-10-18 11:47:18-06:00,2025-10-18,-105.2873724997,39.8989574124,2235.0,,4.0,17.0,0.5,17.8,,1017.8,Coprinus comatus,"Colorado, US",2
cc1eb456-5947-43ff-bdd8-d321fec925ed,321633506,2025-10-15 11:33:14-06:00,2025-10-15,-106.2845466667,35.7874866667,1897.0,,13.0,18.0,3.0,17.7,,1021.0,Coprinus comatus,"Bandelier National Monument, Pena Blanca, NM, US",1
835d89ca-1f8a-411c-9133-eaedb4259001,321458499,2025-10-08 07:35:58-06:00,2025-10-08,-105.0817830116,40.5698003229,1530.0,,3.0,24.4,0.0,4.2,,1019.0,Coprinus comatus,"Fort Collins, CO 80521, USA",1
d1e5ca9b-707c-434f-b087-3cdf7b55a49c,321420118,2025-10-17 09:07:19-06:00,2025-10-17,-105.1061524744,40.1378331248,1524.0,,3.0,21.0,0.0,7.8,,1012.8,Coprinus comatus,"Pike Rd, Longmont, CO, US",1
0c8c5a5d-d9b7-40e4-9dbb-5df962cd23d0,321295981,2025-10-16 11:38:24-06:00,2025-10-16,-104.9626783333,39.6747966667,1637.0,,9.8,18.8,0.0,17.0,,1005.6,Coprinus comatus,"E Iliff Ave, Denver, CO, US",2
83087f16-f918-48b3-a09e-3570fbb2383a,321288079,2025-10-16 13:18:43-06:00,2025-10-16,-105.5954416997,41.3124478,2185.0,,3.0,12.0,0.1,26.9,,1013.7,Coprinus comatus,"Laramie, WY, USA",1
5736155d-6b66-4007-95c6-4fa00f79fd10,321227101,2025-10-06 11:16:57-06:00,2025-10-06,-109.4186893401,40.5783177987,1728.0,,3.0,18.0,0.0,7.9,,1020.3,Coprinus comatus,"Vernal, UT, US",1
e2cdd092-99d1-4d4c-a020-551e4c0f29d4,321134145,2025-10-12 14:40:21-06:00,2025-10-12,-105.1349026052,39.9885705268,1651.0,,6.0,20.0,0.0,17.1,,1008.7,Coprinus comatus,"Centennial Dr, Louisville, CO, US",1
e7f4bbed-3599-41d5-8827-d96d1b510269,321091623,2025-10-15 13:09:58-06:00,2025-10-15,-105.09097377,39.8944793,1656.0,,10.0,21.5,0.0,10.3,,1013.3,Coprinus comatus,"West Westminster, Westminster, CO, USA",1
3002fd5f-df57-48a0-9bc3-9f5f72576f66,321055228,2025-10-15 09:43:17-06:00,2025-10-15,-105.1023330688,40.5650787354,1536.0,,6.0,23.0,0.0,6.9,,1013.9,Coprinus comatus,Fort Collins,1
2485cef0-d2d9-4f68-a745-24125def1030,320987935,2025-10-10 16:01:00-06:00,2025-10-10,-104.9532422502,39.5172187305,1868.0,,12.0,19.4,0.0,4.5,,,Coprinus comatus,"Danbury Ave, Highlands Ranch, CO, US",1
2b1494ad-bd82-4b7f-ae7f-eb4d271143a8,320955633,2025-10-14 18:19:33-06:00,2025-10-14,-105.1111666667,40.1380611667,1523.0,,7.0,22.0,0.0,4.0,,1019.0,Coprinus comatus,"Budd Ct, Longmont, CO, US",1
2c552b70-c91f-4625-9c2c-d3e3155fc28f,320954139,2025-10-14 17:52:32-06:00,2025-10-14,-105.0695508,39.6593787997,1640.0,,9.0,26.0,0.0,15.5,,1018.8,Coprinus comatus,"Bear Valley, Denver, CO, USA",1
04dfbd74-4760-42c9-a45d-eb2477858bf4,320928702,2025-10-14 15:18:42-06:00,2025-10-14,-105.0904695,40.1890966667,1541.0,,7.0,22.0,0.0,4.0,,1019.0,Coprinus comatus,"Antero Dr, Longmont, CO, US",1
f94c8a69-c887-413d-8a13-e411050314e5,320894548,2025-10-14 12:05:50-06:00,2025-10-14,-107.95243,37.2713283333,2309.0,,10.0,19.0,11.8,15.1,,1021.8,Coprinus comatus,"La Plata County, US-CO, US",1
7af9bd28-3ba7-471b-b471-317777600f80,320875853,2025-10-14 10:01:38-06:00,2025-10-14,-104.6390176231,40.077658494,1527.0,,5.0,26.1,0.0,8.6,,1018.3,Coprinus comatus,"E I-76 Frontage Rd, Hudson, CO, US",1
794f8f31-953e-4b4f-a6f2-c8eee6fee260,320868616,2025-10-14 09:58:09-06:00,2025-10-14,-106.3194173,35.8813781,2231.0,,9.0,18.0,9.1,14.2,,1024.0,Coprinus comatus,"Los Alamos, NM 87544, USA",1
624e6e53-743c-4e92-a47b-b0459e505b50,320797726,2025-10-13 17:13:31-06:00,2025-10-13,-105.1897700876,39.8214545663,1724.0,,6.0,14.0,3.1,7.5,,1019.4,Coprinus comatus,"Meadows At Westwoods, Arvada, CO 80007, USA",1
266fb784-2152-4231-a5dc-fe9d9cf36271,320705882,2025-10-13 13:30:00-06:00,2025-10-13,-108.1691315771,36.7694995337,1722.0,,9.0,21.0,12.9,14.7,,1014.3,Coprinus comatus,"Farmington, NM, USA",1
63a036ca-260e-455b-96c8-5f96a494543a,320678437,2025-10-13 10:24:10-06:00,2025-10-13,-105.1206888889,40.3912305556,1534.0,,3.0,15.0,0.4,10.3,,1019.7,Coprinus comatus,"Loveland, CO, USA",2
bc79c2ec-287d-4569-a0c1-cc365fab1e48,320600421,2025-10-11 14:33:31-06:00,2025-10-11,-104.7116616667,38.7378416667,1744.0,,10.0,25.0,0.7,11.3,,1012.3,Coprinus comatus,"Fontaine Blvd, Widefield, CO, US",1
00350880-bc9e-41ad-a8bd-2eec6bd065b2,320553471,2025-10-11 11:01:54-06:00,2025-10-11,-105.2533342419,39.6389830946,2295.0,,12.0,17.0,0.8,5.7,,1012.6,Coprinus comatus,"Nambe Rd, Indian Hills, CO, US",1
f6843af7-be8b-4a6a-9435-2affdf1fea65,320548117,2025-10-12 17:40:26-06:00,2025-10-12,-105.1923062517,40.044153696,1568.0,,9.0,20.0,0.3,18.2,,1009.3,Coprinus comatus,"Walden Ponds Trail, Boulder, CO, US",1
e40bd709-fdf9-4abf-b542-49b236a73a85,320540626,2025-10-07 07:44:37-06:00,2025-10-07,-105.0910093587,40.0294410932,1571.0,,7.6,14.0,0.0,2.8,,1024.3,Coprinus comatus,"Claystone Cir, Erie, CO, US",1
196f9ca4-1d93-4364-9854-ce1f1f7d4ee7,320536446,2025-10-12 17:57:19-06:00,2025-10-12,-105.147025,40.1475528333,1531.0,,8.0,21.0,0.0,15.0,,1009.9,Coprinus comatus,"Schlagel St, Longmont, CO, US",1
3326d87c-386b-42ec-9407-1ed82b509ddd,320518571,2025-10-12 16:20:33-06:00,2025-10-12,-105.1183778333,40.4127383333,1553.0,,7.0,19.0,0.0,16.9,,1009.7,Coprinus comatus,"Kennedy Ave, Loveland, CO, US",1
6e427ad7-cf23-4406-9069-3712eac707a6,320473136,2025-10-11 18:19:39-06:00,2025-10-11,-104.8618325,39.8186973997,1595.0,,11.3,18.1,,11.9,,1008.3,Coprinus comatus,"Building 371, Denver, CO 80239, USA",1
bc6dee97-678b-4503-a9a3-d81f26fe7520,320424906,2025-10-12 09:41:37-06:00,2025-10-12,-104.9629211426,40.5145606995,1477.0,,7.0,19.0,0.0,16.9,,1009.7,Coprinus comatus,Timnath,1
f8dbc75b-9f32-476c-b693-2fee0772f9d7,320417556,2025-10-10 16:47:31-06:00,2025-10-10,-105.0445175171,40.5652427673,1503.0,,8.9,17.8,0.0,5.2,,,Coprinus comatus,Fort Collins,1
56f738b1-e9c1-4ee5-b31f-7b3d731a7ff8,320414682,2025-10-03 12:43:43-06:00,2025-10-03,-105.0811445326,40.5729277083,1530.0,,10.0,31.0,0.0,9.9,,1017.8,Coprinus comatus,"Monfort Quadrangle, Fort Collins, CO, US",1
c6099922-077c-4e0b-bbbe-129da653d0ce,320398522,2025-10-11 11:17:20-06:00,2025-10-11,-104.861795,39.818705,1595.0,,11.3,18.1,,11.9,,1008.3,Coprinus comatus,"Lake Mary Loop Trail, Denver, CO, US",1
c7ad45ba-fce9-453e-b8c1-a368643caf54,320391823,2025-10-11 15:04:44-06:00,2025-10-11,-102.99553,39.01359445,1488.0,,,,,,,,Coprinus comatus,"County Road 9, Wild Horse, CO, US",1
2f8337f9-9c09-47e8-b2cf-db1a5a7592df,320285438,2025-10-11 12:38:35-06:00,2025-10-11,-105.0525703995,39.8718113549,1649.0,,12.0,17.0,0.8,5.7,,1012.6,Coprinus comatus,"Sheridan Blvd, Westminster, CO, US",1
e10eabc2-8a73-430c-b985-d90764636198,320283888,2025-10-11 09:27:41-06:00,2025-10-11,-104.86183,39.8187116667,1595.0,,11.3,18.1,,11.9,,1008.3,Coprinus comatus,"Lake Mary Loop Trail, Denver, CO, US",1
83aa89b4-af7e-479f-9938-73cb1f041eef,320283872,2025-10-11 09:27:32-06:00,2025-10-11,-104.8618166667,39.818695,1595.0,,11.3,18.1,,11.9,,1008.3,Coprinus comatus,"Lake Mary Loop Trail, Denver, CO, US",1
e2a79872-48b5-43da-8b99-ee954414998f,320283841,2025-10-11 09:27:28-06:00,2025-10-11,-104.8618166667,39.818695,1595.0,,11.3,18.1,,11.9,,1008.3,Coprinus comatus,"Lake Mary Loop Trail, Denver, CO, US",1
468aa278-c391-4e04-ada2-6af5a511f665,320283806,2025-10-11 09:26:28-06:00,2025-10-11,-104.8618383333,39.8187533333,1593.0,,11.3,18.1,,11.9,,1008.3,Coprinus comatus,"Lake Mary Loop Trail, Denver, CO, US",1
ca68774a-36e8-411f-9445-a1688f2cfea2,320280571,2025-10-11 13:42:49-06:00,2025-10-11,-104.8618083333,39.818695,1595.0,,11.3,18.1,,11.9,,1008.3,Coprinus comatus,"Lake Mary Loop Trail, Denver, CO, US",1
f118f125-1082-4dc0-ae9a-af40d707c251,320265894,2025-10-11 15:59:07-06:00,2025-10-11,-105.2234749776,39.7501171986,1767.0,,12.0,17.0,0.8,5.7,,1012.6,Coprinus comatus,"16th St, Golden, CO, US",1
e33edab3-a64e-448e-93a2-04ef63a9cc73,320264734,2025-10-11 12:07:37-06:00,2025-10-11,-106.3293141,35.880476,2235.0,,12.0,17.0,0.9,14.0,,1020.7,Coprinus comatus,"Los Alamos County, NM, USA",1
0baca2d8-4bd6-4330-8225-0702c5c5e760,320254817,2025-10-11 14:33:56-06:00,2025-10-11,-105.1292111667,40.57473,1564.0,,9.0,18.0,0.3,4.9,,1011.5,Coprinus comatus,"W Elizabeth St, Fort Collins, CO, US",1
e9e65b04-1ba1-4557-90bc-edda20f807b9,320242895,2025-10-11 13:47:51-06:00,2025-10-11,-104.7613633052,39.5185859663,1795.0,,11.0,19.0,0.2,7.7,,1012.2,Coprinus comatus,"Downtown, Parker, CO, USA",1
21665dd4-fddf-4ad9-9a77-2363600f5a80,320240573,2025-10-11 14:03:15-06:00,2025-10-11,-105.0747083333,40.5951783333,1516.0,,9.0,18.0,0.3,4.9,,1011.5,Coprinus comatus,"E Vine Dr, Fort Collins, CO, US",1
7c08fdca-f117-4539-adee-9f05b8d7784b,320160588,2025-10-11 08:02:13-06:00,2025-10-11,-105.2186265938,39.759479464,1725.0,,12.0,17.0,0.8,5.7,,1012.6,Coprinus comatus,"Colorado, US",1
f2126361-060e-4e07-ad73-63957b1fde85,320096915,2025-10-10 16:18:40-06:00,2025-10-10,-105.5954220997,41.3124990997,2185.0,,5.6,17.2,0.0,9.8,,,Coprinus comatus,"Laramie, WY, USA",1
544a970f-f254-40ea-922b-29ed85bc7738,320013393,2025-09-30 11:28:01-06:00,2025-09-30,-107.5128344803,39.7324967034,2946.0,,8.0,24.0,0.0,8.0,,1020.2,Coprinus comatus,"Main Elk Creek Rd, New Castle, CO, US",1
884f2b0d-68fa-4542-9a31-a6694f7f1f95,319998819,2025-10-10 11:53:00-06:00,2025-10-10,-105.8783464506,37.4728329076,2303.0,,9.4,20.6,3.8,8.6,,,Coprinus comatus,"Alamosa, CO 81101, USA",1
3dfa99e5-f898-4b13-a28a-4625bb26b7b3,319884723,2025-10-09 11:51:51-06:00,2025-10-09,-105.927225,35.6649383333,2188.0,,9.4,22.8,0.0,7.0,,1023.1,Coprinus comatus,"Camino Lejo, Santa Fe, NM, US",2
8b26d398-4674-474c-9517-05631e0282b1,319864785,2025-10-09 18:08:13-06:00,2025-10-09,-106.2980826572,42.8486802286,1576.0,,6.1,25.6,0.0,8.9,,1019.6,Coprinus comatus,"Casper, WY, USA",1
fa46a18b-0b44-49e3-9579-dcee8b64fbad,319857711,2025-10-09 17:19:07-06:00,2025-10-09,-105.1087670402,40.1731551625,1527.0,,6.7,30.0,0.0,2.2,,1019.0,Coprinus comatus,"Bross St, Longmont, CO, US",1
e3e407db-9281-4ac8-a20b-543816ba4f2e,319838413,2025-10-09 15:13:39-06:00,2025-10-09,-103.2755279541,44.027545929,1095.0,,5.0,26.1,0.0,10.1,,1019.6,Coprinus comatus,Rapid City,1
7a98e9b2-5170-4515-bd59-87106f3ba802,319820095,2025-09-21 18:18:11-06:00,2025-09-21,-105.5739596486,41.3148896967,2200.0,,4.0,19.0,1.0,15.0,,1020.3,Coprinus comatus,"Laramie, WY, USA",2
2dc4cd49-5967-4ec3-b95b-44c556f6fad7,319751148,2025-10-09 07:05:03-06:00,2025-10-09,-102.6255809516,42.6336701284,1140.0,,7.4,25.5,0.0,7.6,,1019.3,Coprinus comatus,"Sheridan County, US-NE, US",2
04970667-31a8-4204-a856-c5fee1e266ac,319625411,2025-10-08 13:45:02-06:00,2025-10-08,-105.0860430703,40.5673793041,1530.0,,3.0,24.4,0.0,4.2,,1019.0,Coprinus comatus,"Colorado State University, Fort Collins, CO, US",1
1be71abf-2f0f-4dd1-be9b-a4e4f9a83ac2,319449677,2025-10-07 16:04:09-06:00,2025-10-07,-106.7845166667,40.4739,2208.0,,-2.0,18.0,0.0,2.6,,1024.1,Coprinus comatus,"Sanctuary Trail, Steamboat Springs, CO, US",1
6fcdc5f3-6f17-4024-9ce2-9c07745450dd,319416821,2025-10-07 11:50:16-06:00,2025-10-07,-105.0817416667,40.576625,1529.0,,6.0,14.0,0.0,5.2,,1024.6,Coprinus comatus,"Colorado State University, Fort Collins, CO, US",1
cc92e055-da69-4566-8fcf-2005f994ab36,319267193,2025-10-06 18:25:37-06:00,2025-10-06,-105.1034555,39.6386083333,1709.0,,6.0,9.0,0.0,9.9,,1022.6,Coprinus comatus,"W Rice Ave, Littleton, CO, US",1
72e09b68-6578-4370-bdf8-3977d8622977,319168190,2025-10-06 10:16:20-06:00,2025-10-06,-105.0787694444,40.5700611111,1528.0,,7.0,11.0,0.4,10.5,,1023.2,Coprinus comatus,"Microwave Tower, Fort Collins, CO 80521, USA",1
a212b433-eaec-42a5-8e64-daed6c8aa007,319146875,2024-07-16 17:18:42-06:00,2024-07-16,-106.53737,35.8212883333,2575.0,,20.0,30.5,,10.3,,1025.1,Coprinus comatus,"E Fork Trail, Jemez Springs, NM, US",1
f529795f-065d-46ad-b29a-929f497e4e72,319115629,2025-10-05 17:39:30-06:00,2025-10-05,-105.8627597656,40.190445982,2560.0,,-2.0,13.0,1.0,11.6,,1019.4,Coprinus comatus,"Hummingbird Ln, Grand Lake, CO, US",1
1f6193d6-2b76-46df-af47-1e909bd7fb13,319023735,2025-10-05 15:14:49-06:00,2025-10-05,-105.5954684997,41.3125055,2183.0,,3.0,8.0,2.7,16.8,,1017.0,Coprinus comatus,"Laramie, WY, USA",1
43a3551b-da19-47da-8b3d-e2cb4ade9f20,319020298,2025-10-05 15:14:15-06:00,2025-10-05,-105.5954499,41.3125068,2185.0,,3.0,8.0,2.7,16.8,,1017.0,Coprinus comatus,"Laramie, WY, USA",1
af50cedf-5023-4338-8b2e-d0d870903689,319001772,2025-10-01 17:47:09-06:00,2025-10-01,-105.0630597825,40.490821959,1524.0,,11.0,28.0,0.0,9.5,,1019.9,Coprinus comatus,"Colony Hills Ln, Fort Collins, CO, US",1
e39396d2-430a-4f29-9872-35e5634ebce5,318737986,2025-10-04 14:29:54-06:00,2025-10-04,-105.0706578791,40.5921672104,1518.0,,12.0,28.0,0.1,12.0,,1008.2,Coprinus comatus,"Fort Collins, CO, USA",1
63c97d8f-c7f4-4a9e-9d20-72120b3bab63,318549605,2025-09-09 07:14:25-06:00,2025-09-09,-105.8199216667,39.6916083333,3050.0,,-0.3,12.2,0.4,9.9,,1019.6,Coprinus comatus,"Continental Divide National Scenic Trail, Silver Plume, CO, US",1
9501bacf-ddb1-4378-a480-607bf9d944c6,318253135,2025-09-24 17:13:08-06:00,2025-09-24,-106.2794837997,35.7931146,2019.0,,9.0,19.0,0.0,12.5,,1030.2,Coprinus comatus,"Frey Trail, New Mexico 87547, USA",1
24bedbab-3a26-4c4a-98a7-3896aede8e25,318054474,2025-09-29 12:47:39-06:00,2025-09-29,-105.0805666667,39.7961583333,1621.0,,13.0,24.0,0.3,10.3,,1020.9,Coprinus comatus,"Wadsworth Blvd, Arvada, CO, US",1
da18a4c0-de30-428f-8ee3-541d18a99711,317991419,2025-10-01 08:20:57-06:00,2025-10-01,-106.9220313616,38.5479572369,2357.0,,3.0,21.0,0.0,5.2,,1026.8,Coprinus comatus,"Gunnison, CO 81230, USA",1
340e26cd-2b35-4578-90fd-c21ee6a795bc,317916084,2025-09-30 15:48:33-06:00,2025-09-30,-106.3266921043,42.7329848352,2439.0,,11.0,24.0,0.0,25.3,,1015.6,Coprinus comatus,"Casper Mountain, WY, USA",2
3dc7ec46-1d42-47c8-9e81-a59119d91aca,317902392,2025-09-30 11:28:07-06:00,2025-09-30,-107.6373920997,39.7347341997,2701.0,,8.0,24.0,0.0,8.0,,1020.2,Coprinus comatus,"New Castle, CO 81647, USA",1
a685c3e5-3aa6-46bd-952b-9410686a1dc4,317899087,2025-09-30 18:59:37-06:00,2025-09-30,-104.77593,42.251695,1353.0,,8.0,28.0,0.0,8.1,,1015.1,Coprinus comatus,"Wheatland, WY, US",1
1873d181-3428-4d5e-ba48-812783174d98,317653848,2025-09-29 17:17:42-06:00,2025-09-29,-105.5826111111,41.3157305556,2190.0,,7.0,20.0,6.9,10.5,,1024.0,Coprinus comatus,"Laramie, WY, USA",2
ce4abcf8-6757-49c3-b9cb-f900c06ecee6,317595278,2025-09-29 12:33:48-06:00,2025-09-29,-109.8699413,40.2825881,1559.0,,9.8,23.1,0.0,8.9,,1016.2,Coprinus comatus,"Tribal/BIA Office, Fort Duchesne, UT 84026, USA",1
76a37661-5b4b-4001-93d4-ed9109a1e2e4,317574581,2025-09-29 10:49:36-06:00,2025-09-29,-105.5848111111,41.3161472222,2188.0,,7.0,20.0,6.9,10.5,,1024.0,Coprinus comatus,"Laramie, WY, USA",3
78a5588e-77b2-494c-8b2e-93870fe0c446,317384314,2025-09-28 15:56:01-06:00,2025-09-28,-104.9700830738,38.0393920869,2102.0,,13.0,24.0,0.0,10.9,,1015.3,Coprinus comatus,"Ridge Rd, Beulah, CO, US",1
c6f81d12-7486-4057-b331-9d139268f5cf,317379414,2025-09-28 15:37:05-06:00,2025-09-28,-104.69443666,40.36670804,1420.0,,11.0,28.0,0.0,6.5,,1018.8,Coprinus comatus,"Evans, CO 80620, USA",1
3eb57005-a30d-4ca1-8f05-cd6655472756,317336137,2025-09-28 12:52:36-06:00,2025-09-28,-106.171432268,42.8587185312,1542.0,,9.0,27.0,0.2,15.8,,1018.5,Coprinus comatus,"E US Highway 20, Evansville, WY, US",1
51793860-b1af-4438-ad6f-92f5b37ebc55,317326236,2025-09-28 12:21:00-06:00,2025-09-28,-105.0174229366,37.1521125861,2365.0,,3.6,14.5,0.0,17.4,,1020.2,Coprinus comatus,"SH-12, Weston, CO, US",1
b4c8ec75-9857-48ed-869e-3a5a62ec18c6,317104901,2025-09-26 15:23:20-06:00,2025-09-26,-107.2528133333,37.518995,2748.0,,4.0,22.0,1.1,6.1,,1024.4,Coprinus comatus,"San Juan National Forest - Headquarters, Pagosa Springs, CO, US",1
792aea70-d6a0-487e-8fd3-e5a852c228fe,317052985,2025-09-27 10:47:35-06:00,2025-09-27,-105.02945,39.73497,1607.0,,11.9,23.9,0.0,10.6,,1015.3,Coprinus comatus,"Lakewood Dry Gulch Trail, Denver, CO, US",1
d003a231-3517-49f1-954f-3d85ec6a7b56,316894183,2025-09-26 10:49:20-06:00,2025-09-26,-109.0087115997,43.228774,1749.0,,11.0,26.0,0.0,12.0,,1016.2,Coprinus comatus,"Kinnear, WY 82516, USA",1
e28ca1d5-3d2a-444e-b44e-6d6ceaf54806,316875933,2025-09-26 11:44:00-06:00,2025-09-26,-106.27886944,35.784125,1873.0,,13.0,21.0,0.4,9.3,,1022.5,Coprinus comatus,"Bandelier National Monument, Sandoval, New Mexico, United States",2
996cdf40-848e-4983-9387-3336ece5b470,316858609,2025-09-26 18:14:44-06:00,2025-09-26,-105.8113937378,35.5661010742,2179.0,,9.0,26.0,0.0,9.4,,1021.0,Coprinus comatus,Tererro,1
7626d8ae-063a-4fe6-b475-2c184e3f360e,316650741,2025-09-20 07:37:12-06:00,2025-09-20,-105.4730336948,41.366548274,2435.0,,7.0,20.0,0.0,13.1,,1023.2,Coprinus comatus,"Albany County, US-WY, US",2
6b17ec5a-5f81-4227-b57e-bb566b55a7ef,316598935,2025-09-25 12:34:50-06:00,2025-09-25,-107.0109416667,37.2595466667,2149.0,,2.0,23.0,0.0,4.7,,1029.7,Coprinus comatus,"San Juan River Walk Trail, Pagosa Springs, CO, US",1
ab2b0bee-2895-4dd2-b4d0-29e1978a75f6,316531982,2025-09-19 11:22:29-06:00,2025-09-19,-105.2417577287,39.7540862316,1747.0,,10.0,26.0,0.0,7.3,,1020.7,Coprinus comatus,"US-6, Golden, CO, US",1
9c0bd876-c66b-45e5-b48f-f6d5f9a0b3a9,316531958,2025-09-19 11:22:11-06:00,2025-09-19,-105.3734428567,39.7349397138,2195.0,,10.0,26.0,0.0,7.3,,1020.7,Coprinus comatus,"Clear Creek Canyon Park, Evergreen, CO, US",1
82ec3dbd-cf26-424a-ab60-8bad2eb3e9d5,316509001,2025-09-22 08:49:44-06:00,2025-09-22,-104.8016156279,39.6377717147,1754.0,,11.0,25.0,4.5,6.2,,1017.0,Coprinus comatus,"Colorado, US",1
09115f08-c240-40ad-98e3-e3fd184445fd,316358006,2025-09-20 09:05:03-06:00,2025-09-20,-106.7844,40.47395,2208.0,,7.0,22.0,0.8,7.2,,1023.9,Coprinus comatus,"Sanctuary Trail, Steamboat Springs, CO, US",1
16138e7e-9b02-410a-9bb5-c8e45ff55450,316216973,2025-09-23 17:42:02-06:00,2025-09-23,-105.4209389605,39.6887739748,2662.0,,-3.6,-1.6,13.5,7.9,,1024.7,Coprinus comatus,"Colorado, US",1
056776f9-8ed1-4849-8d28-725b124a0f0c,316106015,2025-09-23 12:14:17-06:00,2025-09-23,-107.8779242816,37.918021704,2921.0,,2.0,11.0,1.3,4.5,,1029.0,Coprinus comatus,"Grand Mesa Uncompahgre and Gunnison National Forests, Telluride, CO, US",1
9e8c8af1-d2a5-4fe7-8908-66d8f771ec1b,316100822,2025-09-23 10:06:51-06:00,2025-09-23,-105.0795242508,39.044822732,2482.0,,8.0,14.0,1.1,30.5,,1024.3,Coprinus comatus,"Red Rocks Spur Trail, Woodland Park, CO, US",1
0e334e6d-3c70-4aa7-be60-11adde567291,315970838,2025-09-14 16:09:10-06:00,2025-09-14,-105.8465376167,40.2055155333,2578.0,,6.0,17.0,2.3,8.5,,1025.0,Coprinus comatus,"Grand County, US-CO, US",1
33e6c20a-6cec-42fd-b80c-1f460214e2c7,315943043,2025-09-22 15:28:58-06:00,2025-09-22,-105.5936316736,39.6118704288,3481.0,,-2.6,8.6,4.3,11.7,,1017.1,Coprinus comatus,"Colorado, US",1
21a85493-b575-4c88-964a-d6a4a3e8bb57,315913877,2025-09-20 17:31:08-06:00,2025-09-20,-105.0275583333,39.7349783333,1600.0,,11.9,24.8,0.1,9.0,,1015.1,Coprinus comatus,"Lakewood Dry Gulch Trail, Denver, CO, US",1
624baa63-023f-495b-9b1b-fccf483e4ede,315719546,2025-09-16 18:37:46-06:00,2025-09-16,-106.8278666667,39.6549533333,2020.0,,4.0,24.0,1.3,9.4,,1026.3,Coprinus comatus,"Broadway St, Eagle, CO, US",1
4e2a5fa1-945f-436e-b322-3d735dfa6109,315302573,2025-09-20 12:01:11-06:00,2025-09-20,-104.88797,39.5382416667,1811.0,,11.0,25.0,1.2,8.5,,1021.1,Coprinus comatus,"Rosemont Ave, Lone Tree, CO, US",2
debeac02-1138-49c0-af3c-f9fff153421d,315095852,2025-09-19 15:01:17-06:00,2025-09-19,-104.9634633333,40.102475,1514.0,,7.0,27.0,0.0,5.8,,1019.5,Coprinus comatus,"Eagle Blvd, Frederick, CO, US",1
fc9e8824-f999-4580-9951-9a40440a657b,315022453,2025-09-19 09:09:24-06:00,2025-09-19,-105.122625,39.7738933333,1651.0,,10.0,26.0,0.0,7.3,,1020.7,Coprinus comatus,"Fruitdale, Wheat Ridge, CO 80033, USA",2
960c150d-d9b2-444f-bafe-a91a5622cd9b,314908627,2025-09-18 17:41:55-06:00,2025-09-18,-105.021983999,39.701660404,1639.0,,9.3,22.0,0.0,8.0,,1017.6,Coprinus comatus,"S Dale Ct, Denver, CO, US",2
9cb0498c-e193-4757-8f18-f4729f0a17df,314208838,2025-09-15 14:02:50-06:00,2025-09-15,-106.2302783333,38.7168916667,2721.0,,7.0,19.0,0.0,3.7,,1019.5,Coprinus comatus,"Pike and San Isabel National Forests, Nathrop, CO, US",1
fae7c389-2de4-4599-8007-88728a60eb0d,313941006,2025-09-14 12:48:51-06:00,2025-09-14,-105.8003666712,35.7736994175,3161.0,,7.0,24.0,0.0,10.0,,1021.5,Coprinus comatus,"Santa Fe National Forest, Tererro, NM, US",1
0d05f4e1-c238-446e-9458-ff81580373e1,313857721,2025-09-13 11:10:01-06:00,2025-09-13,-107.5464327924,37.44764401,2356.0,,8.0,18.0,6.9,6.6,,1021.7,Coprinus comatus,"Tucker Dr, Bayfield, CO, US",1
7527436a-9a46-4611-a846-c6b02eeed428,313842265,2025-09-14 07:21:53-06:00,2025-09-14,-105.1111930981,39.6615610359,1673.0,,9.0,22.0,1.7,8.2,,1018.5,Coprinus comatus,"Bear Creek, Lakewood, CO, USA",1
f6997117-aea6-4613-913d-7f8def90bc27,313634267,2025-09-13 12:35:42-06:00,2025-09-13,-105.0656436,40.4959084997,1508.0,,14.0,24.0,1.5,8.0,,1017.2,Coprinus comatus,"Fort Collins, CO 80525, USA",1
62d29d26-b664-43f5-bb08-b383cf81ee5a,313217676,2025-09-11 16:23:47-06:00,2025-09-11,-104.9116666667,39.4652283333,1961.0,,18.0,30.0,0.0,13.8,,1020.9,Coprinus comatus,"Parkwood Ln, Castle Pines, CO, US",1
341f6c29-fc96-4f94-b557-2fa314b1f122,313213284,2025-09-11 16:45:30-06:00,2025-09-11,-106.596916715,42.877368709,1736.0,,14.0,31.0,0.0,21.1,,1017.9,Coprinus comatus,"Natrona County, US-WY, US",1
d948ed82-848a-4d4a-afc4-a141c8dd5213,313162097,2025-09-11 12:21:39-06:00,2025-09-11,-104.9973805994,37.9661012714,2417.0,,15.0,29.0,0.5,14.8,,1015.0,Coprinus comatus,"Beulah, CO 81023, USA",1
9c6ad39c-f771-4139-b551-33596da117f8,313028939,2025-09-09 09:27:05-06:00,2025-09-09,-105.0463866,39.8127842,1624.0,,16.0,31.0,0.0,10.1,,1020.1,Coprinus comatus,"Westminster, CO 80003, USA",2
148d7efd-f967-48b8-8178-e79f8ac0f745,312785041,2025-09-08 13:42:45-06:00,2025-09-08,-104.925475,39.6828416667,1669.0,,14.5,28.1,1.0,12.3,,1014.7,Coprinus comatus,"E Bails Dr, Denver, CO, US",1
642c0384-5052-4436-b123-4715dd80f20d,312228097,2025-09-06 16:59:35-06:00,2025-09-06,-105.611498249,35.7539522085,3028.0,,11.0,17.0,1.4,14.0,,1026.2,Coprinus comatus,"San Miguel County, US-NM, US",1
2809a08c-4b1c-4f5c-9e17-cc0321c28326,310552917,2025-08-28 19:28:25-06:00,2025-08-28,-106.8416349997,40.4888882997,2049.0,,9.0,23.0,3.7,5.9,,1027.4,Coprinus comatus,"Steamboat Springs, CO 80487, USA",2
3e8bcdaf-9e2c-4396-aaad-2b70f03dc0ac,309402308,2022-08-13 20:00:39-06:00,2022-08-13,-107.8122633333,37.9347783333,2674.0,,11.0,23.0,4.2,7.5,,1034.2,Coprinus comatus,"Grand Mesa Uncompahgre and Gunnison National Forests, Telluride, CO, US",1
a73c9726-9d5e-445a-ae99-ab39275558b5,307418127,2025-08-18 17:46:31-06:00,2025-08-18,-105.5779631808,41.2990946781,2194.0,,8.0,29.0,0.0,14.5,,1027.1,Coprinus comatus,"Laramie, WY, USA",1
ec8bb209-4aa6-488a-856b-e2883a37fafe,307377456,2023-10-07 11:11:15-06:00,2023-10-07,-108.3732966667,37.5594133333,2239.0,,4.0,24.0,0.0,9.9,,1024.7,Coprinus comatus,"Montezuma County, US-CO, US",1
198fec0f-77d7-4d8b-8a29-536a8d8ec91a,305068264,2025-08-08 19:28:02-06:00,2025-08-08,-105.306555,39.4663416667,2459.0,,21.7,33.9,0.0,13.3,,1008.7,Coprinus comatus,"S Baird Rd, Conifer, CO, US",1
c1160cf6-ec6c-4ead-92b2-895b8288f759,303520682,2025-08-03 10:37:19-06:00,2025-08-03,-106.2824083333,41.3604966667,3320.0,,6.0,26.0,0.0,8.2,,1025.4,Coprinus comatus,"Centennial, WY, US",1
d5cb0fc0-4b3f-4be7-8a21-883ed0c40e2f,301305129,2025-07-26 08:30:10-06:00,2025-07-26,-106.2912886217,39.6627274022,3084.0,,12.0,17.0,0.0,13.7,,1037.7,Coprinus comatus,"Vail, CO 81657, USA",1
3299c3cd-1c71-4fca-8c45-eedef785ea2a,300169236,2025-07-20 11:35:40-06:00,2025-07-20,-107.754768664,37.7461761888,3093.0,,11.0,22.0,0.0,6.8,,1031.2,Coprinus comatus,"San Juan County, US-CO, US",1
0c966294-bf86-477c-8e1c-393504461d42,298850680,2023-06-11 18:10:19-06:00,2023-06-11,-105.1421666667,40.0369138333,1563.0,,10.0,17.0,7.4,3.4,,1019.6,Coprinus comatus,"East Boulder-Teller Farm Trail, Boulder, CO, US",1
6792e561-510b-462f-8dca-ae9d5d63c4dc,298456697,2025-06-28 07:49:53-06:00,2025-06-28,-105.7971716667,42.730945,1952.0,,12.8,34.4,0.3,16.6,,1008.9,Coprinus comatus,"Boxelder Rd, Glenrock, WY, US",1
4d6bb046-f1a0-47c7-a377-c13299c12cd3,296602071,2025-07-09 10:34:45-06:00,2025-07-09,-107.9255305556,39.0518361111,3199.0,,15.2,40.4,0.0,8.9,,1022.0,Coprinus comatus,"Cedaredge, CO 81413, USA",1
d1b3d3b9-520f-4137-b891-abb62c8a7e20,296601348,2025-07-09 13:28:03-06:00,2025-07-09,-107.9318527778,39.0493527778,3167.0,,15.2,40.4,0.0,8.9,,1022.0,Coprinus comatus,"Cedaredge, CO 81413, USA",1
a3b43636-8f1e-41ff-98e4-26d5f52385f9,296141015,2018-08-11 22:37:34-06:00,2018-08-11,-104.7935783333,41.1427583333,1859.0,,12.8,28.9,0.0,17.3,,1016.1,Coprinus comatus,"Cheyenne Pl, Cheyenne, WY, US",1
2a4c9ff0-1493-48f2-9fc8-ed254143c8c1,292769887,2025-06-03 15:07:29-06:00,2025-06-03,-104.7763207694,39.6282009819,1757.0,,7.7,13.7,23.4,15.5,,1014.1,Coprinus comatus,"E Layton Pl, Aurora, CO, US",2
54d2deef-5511-41a1-a9be-ccfd1ba03915,290764833,2025-06-18 12:53:30-06:00,2025-06-18,-106.6597657186,39.6066364507,2745.0,,7.2,29.4,0.0,9.5,,1014.8,Coprinus comatus,"Stag Gulch Trail, Edwards, CO, US",2
1c5edff0-c369-411f-a4cd-12f017203e33,290239372,2025-06-16 11:07:47-06:00,2025-06-16,-105.105775,40.0031305556,1624.0,,11.2,34.0,0.0,7.0,,1015.1,Coprinus comatus,"Lafayette, CO, USA",1
f7e4cc86-f6d6-49f9-949a-7f30b387ac94,289850677,2025-06-15 08:22:05-06:00,2025-06-15,-104.9937666667,38.9058283333,2679.0,,10.6,28.0,0.4,13.6,,1014.2,Coprinus comatus,"Pike and San Isabel National Forests, Cascade, CO, US",1
fee6db88-caec-4f1f-a7fd-004767d48d31,289382844,2025-06-13 16:29:44-06:00,2025-06-13,-104.8422020674,38.9394631351,2002.0,,9.1,27.4,0.9,12.9,,1010.2,Coprinus comatus,"Briargate, Colorado Springs, CO, USA",1
fb272670-ef91-4eca-86c9-0cbbc14675b2,288829372,2025-06-11 14:12:00-06:00,2025-06-11,-105.1429670943,39.993858392,1656.0,,11.2,31.5,0.0,6.2,,1016.9,Coprinus comatus,"Monarch St, Louisville, CO, US",1
0b77179a-e50a-4e27-8c2b-062001a93ebe,288306837,2025-06-09 10:50:47-06:00,2025-06-09,-105.3414597997,35.7771564997,2220.0,,10.6,22.2,3.3,9.5,,1015.9,Coprinus comatus,"San Miguel County, US-NM, US",1
85a84c71-6bc0-4831-8768-36ff8d00e62c,288003885,2025-06-06 09:33:50-06:00,2025-06-06,-104.7651122331,40.444213568,1435.0,,11.1,18.3,3.8,8.8,,1017.8,Coprinus comatus,"Cottonwood Bend Natural Area, CO, US",1
d8dc1b89-ca08-4feb-a859-a6672826b2e7,287925142,2025-06-07 10:15:39-06:00,2025-06-07,-104.7931883333,40.44313,1434.0,,6.7,30.0,0.0,8.9,,1014.6,Coprinus comatus,"Signature Bluffs Natural Area, Greeley, CO, US",1
12811bb3-500b-412a-9023-b413a976591d,287775710,2025-06-07 12:27:00-06:00,2025-06-07,-103.2652783583,44.1483710813,1033.0,,10.0,27.0,0.0,20.0,,1011.7,Coprinus comatus,"Pennington County, US-SD, US",2
983cc2a6-687a-4544-93d0-00e36fe1f240,287749969,2025-06-07 19:14:05-06:00,2025-06-07,-104.9376831055,39.6593856812,1678.0,,10.0,26.7,0.0,10.8,,1013.5,Coprinus comatus,Denver,1
bae0a97e-8270-49e2-be31-b47b2d30c5ca,287660692,2025-06-07 09:01:13-06:00,2025-06-07,-104.7947996997,40.4436397997,1435.0,,6.7,30.0,0.0,8.9,,1014.6,Coprinus comatus,"Greeley, CO 80634, USA",1
e6ad72ef-50f3-44fd-ad11-1845c1b52137,287363342,2025-06-06 09:03:57-06:00,2025-06-06,-104.7687335215,40.4456586442,1433.0,,11.1,18.3,3.8,8.8,,1017.8,Coprinus comatus,"Greeley, CO, US",1
52010f8c-ef38-4981-a7a0-61c92e202331,287359250,2025-06-06 09:06:10-06:00,2025-06-06,-104.7687582393,40.4453105294,1431.0,,11.1,18.3,3.8,8.8,,1017.8,Coprinus comatus,"Greeley, CO, US",1
f4aacd36-54d3-482d-b413-7ddedfa0b252,287357276,2025-06-06 09:06:19-06:00,2025-06-06,-104.7686621155,40.4451932056,1433.0,,11.1,18.3,3.8,8.8,,1017.8,Coprinus comatus,"Greeley, CO, US",1
79db1150-9a71-4f59-9f3d-f0cc4f300dd0,287106688,2025-06-04 18:47:12-06:00,2025-06-04,-105.560945,40.3649,2394.0,,11.5,22.6,3.7,5.4,,1018.0,Coprinus comatus,"Utility Area Trails, Estes Park, CO, US",1
0d37501e-79b5-40ce-8dc3-0fa1736c2fbb,286890502,2025-06-04 15:03:26-06:00,2025-06-04,-105.1422348022,40.0376625061,1562.0,,10.0,20.0,2.4,5.3,,1017.5,Coprinus comatus,Boulder,1
93c3bc1a-14d6-4d5e-af0a-2e8f6d26f52a,286645282,2025-06-03 15:10:28-06:00,2025-06-03,-104.776275,39.6282083333,1757.0,,7.7,13.7,23.4,15.5,,1014.1,Coprinus comatus,"E Layton Pl, Aurora, CO, US",1
8217bdfe-1849-4994-b539-4d92889324ec,286551087,2025-06-02 18:57:01-06:00,2025-06-02,-104.6927116667,40.407845,1446.0,,11.1,27.8,0.0,13.2,,1008.6,Coprinus comatus,"University of Northern Colorado, Greeley, CO, US",1
409d7d92-cd14-4eee-8967-fc50e6adae61,285502615,2025-05-29 10:13:20-06:00,2025-05-29,-105.0394611111,40.5159833333,1507.0,,10.0,19.4,0.3,8.9,,1019.7,Coprinus comatus,"Willow Springs, Fort Collins, CO 80528, USA",1
d8d87117-574c-4708-9cac-d87bc98e799e,285454944,2025-05-30 14:50:55-06:00,2025-05-30,-104.9071666667,39.4411716667,1894.0,,9.4,26.1,0.1,10.8,,1018.7,Coprinus comatus,"Silver Leaf Way, Castle Rock, CO, US",1
2159d9f4-412a-4447-910a-234472e7c04b,285341231,2025-05-29 18:00:52-06:00,2025-05-29,-105.0844028333,40.560745,1522.0,,10.0,19.4,0.3,8.9,,1019.7,Coprinus comatus,"Colorado State University, Fort Collins, CO, US",1
0a6eab3c-3f25-442d-83a1-4739551b5efc,285189161,2025-05-29 16:11:21-06:00,2025-05-29,-105.1372277065,40.5727545625,1563.0,,10.0,19.4,0.3,8.9,,1019.7,Coprinus comatus,"Banyan Dr, Fort Collins, CO, US",1
d3e47fb6-7101-49d4-a4b3-e8844c7f3fc8,285178020,2025-05-29 13:27:20-06:00,2025-05-29,-105.1117648275,40.1359063892,1528.0,,11.0,21.4,4.2,2.3,,1023.8,Coprinus comatus,"Emerald Dr, Longmont, CO, US",1
c548c965-5bf0-49c2-b252-04776cc12049,284993783,2025-05-09 14:57:25-06:00,2025-05-09,-104.8153940588,39.7102320215,1669.0,,6.8,22.1,0.0,10.4,,1022.8,Coprinus comatus,"City Center North, Aurora, CO, USA",2
8982a3bf-411a-48eb-871b-1b7e9e4661bf,284678198,2025-05-27 16:32:59-06:00,2025-05-27,-105.5608883333,40.3646916667,2394.0,,9.3,20.8,0.9,3.5,,1021.8,Coprinus comatus,"Rocky Mountain National Park, Estes Park, CO, US",2
131ce6d5-d4af-4f6d-b54d-93c887de115f,284417368,2025-05-26 17:34:07-06:00,2025-05-26,-103.6577617005,41.8263580284,1192.0,,10.6,14.4,8.9,20.9,,1019.0,Coprinus comatus,"Gering, NE 69341, USA",1
63e489cb-f98f-4de4-8ad0-c98c18e2ebcf,284352684,2025-05-26,2025-05-26,-104.7433205914,39.1983951064,2167.0,,5.0,13.0,31.2,11.7,,1022.4,Coprinus comatus,"Colorado, US",1
e9e2a235-cdd4-4910-8ef0-e386f760a8d5,284331478,2025-05-26 10:48:48-06:00,2025-05-26,-104.6558273682,39.0267454878,2329.0,,6.9,13.3,9.2,13.4,,1022.3,Coprinus comatus,"Vollmer Rd, Colorado Springs, CO, US",1
a7083841-0c57-4477-96c8-e8ffc6cf832e,283048918,2025-05-21 18:57:51-06:00,2025-05-21,-105.0496361667,39.75293,1626.0,,7.4,22.5,0.0,13.6,,1013.7,Coprinus comatus,"W Byron Pl, Denver, CO, US",1
c104126b-8c4d-46f2-b4b3-42ebd02a3b5e,283035268,2025-05-21 19:51:39-06:00,2025-05-21,-105.12620155,40.5387451,1568.0,,7.8,24.4,0.1,17.6,,1014.2,Coprinus comatus,"Fort Collins, CO 80526, USA",1
542c184e-89ef-456c-af33-81f9724823a5,282674065,2025-05-20 11:09:03-06:00,2025-05-20,-105.0253601074,40.5355644226,1506.0,,3.9,21.1,0.0,21.5,,1010.3,Coprinus comatus,Fort Collins,1
9d5b1d03-7d93-475e-ab55-ea458e20e84e,282521780,2025-05-13 09:22:29-06:00,2025-05-13,-104.6739449989,40.9737953708,1828.0,,8.9,27.8,0.0,18.0,,996.4,Coprinus comatus,United States,2
700226df-9021-4580-90fb-568df1324af4,282147819,2025-05-18 12:12:53-06:00,2025-05-18,-105.1143077296,39.9967518077,1629.0,,5.6,17.4,1.5,8.6,,1004.9,Coprinus comatus,"Waneka Lake Park, Lafayette, CO, US",1
82959d5d-47bc-4715-a09e-6977d97e8d98,280855056,2025-05-12 14:55:51-06:00,2025-05-12,-105.191862,39.820664,1721.0,,12.0,29.0,0.0,12.4,,1010.3,Coprinus comatus,"Meadows At Westwoods, Arvada, CO 80007, USA",2
dc5a0600-0603-4f63-9ea8-3f106f2eb468,280656664,2025-05-12 16:38:36-06:00,2025-05-12,-108.7274682,42.8250359997,1655.0,,11.1,27.8,0.0,28.1,,998.0,Coprinus comatus,"Lander, WY 82520, USA",1
5337295f-74ec-4bf6-8b37-3a4c187bc9f3,280565038,2025-05-12 09:22:19-06:00,2025-05-12,-105.1849746704,40.4147720337,1563.0,,11.7,30.0,0.0,10.2,,1003.7,Coprinus comatus,Loveland,1
4827ccef-7f99-4908-82e8-7d5a17748e36,280241108,2025-05-10 18:28:06-06:00,2025-05-10,-105.086324,39.5002039722,1668.0,,6.7,23.9,0.0,10.3,,1022.6,Coprinus comatus,"Littleton, CO 80125, USA",2
a13a279d-55a7-4bac-a961-0e1b3731500b,279975803,2025-05-10 10:21:16-06:00,2025-05-10,-104.6973746375,41.1283637492,1792.0,,6.7,23.3,0.0,15.5,,1020.6,Coprinus comatus,"Cheyenne, WY, US",1
9af39748-f53f-4e38-b7e6-180a03440577,279854286,2025-05-09 18:29:54-06:00,2025-05-09,-105.0478971667,39.7451166667,1625.0,,8.1,20.6,0.3,9.6,,1023.5,Coprinus comatus,"Sloan'S Lake Loop, Denver, CO, US",1
8b8dda7d-4cbc-48c3-b9a2-138cb2daa5c5,279756957,2025-05-09 12:18:33-06:00,2025-05-09,-105.0891272352,40.5688977521,1531.0,,6.1,23.9,1.2,7.8,,1023.0,Coprinus comatus,"Colorado State University, Fort Collins, CO, US",1
f90013ff-218d-4b6b-8bd8-edd31d6e50c0,279148817,2025-04-28 15:25:39-06:00,2025-04-28,-104.8996666667,39.6243966667,1729.0,,5.0,16.1,0.3,16.3,,1008.3,Coprinus comatus,"S Syracuse St, Denver, CO, US",1
2c539f78-a133-46f3-822f-c36b1fad392a,279021467,2025-05-06 11:42:02-06:00,2025-05-06,-105.09206398,40.6016732,1523.0,,7.2,10.0,7.7,13.2,,1016.4,Coprinus comatus,"Fort Collins, CO, USA",1
48ba1479-24db-40ef-b449-6833b5991f4c,278888873,2025-05-05 18:06:32-06:00,2025-05-05,-104.6973476931,39.4510840904,1975.0,,7.8,15.6,17.1,28.7,,1007.4,Coprinus comatus,"Parker, CO 80134, USA",1
f91b26dc-583b-4dc7-93b1-9960d047d7ce,278830466,2025-05-05 14:10:38-06:00,2025-05-05,-105.2097633333,39.72332,1861.0,,9.0,20.0,3.3,17.4,,1011.5,Coprinus comatus,"Heritage Rd, Golden, CO, US",1
c6bece89-c954-4017-ad75-80a4992b7ca8,278587306,2024-08-19 13:25:50-06:00,2024-08-19,-106.9013442993,37.4425086975,2406.0,,9.0,17.1,0.9,8.7,,1036.4,Coprinus comatus,Creede,1
3d5c5e74-5b86-4fa6-ae4a-9ff383d8ba5e,277584060,2025-05-01 10:57:18-06:00,2025-05-01,-104.8574916667,39.8215533333,1599.0,,6.9,13.6,1.3,9.6,,1015.3,Coprinus comatus,"Joliet St, Denver, CO, US",1
111025ce-d208-480b-8179-7a4e89e11cb7,277553555,2025-05-01 17:58:45-06:00,2025-05-01,-105.0772466,40.56786127,1529.0,,5.0,15.6,2.4,12.3,,1016.3,Coprinus comatus,"Fort Collins, CO, USA",1
798abf47-0d74-46f3-ac20-a417cd56a483,276083791,2025-04-28 14:24:38-06:00,2025-04-28,-105.0647055,39.9208,1627.0,,5.0,18.0,3.2,19.6,,1013.2,Coprinus comatus,"Broomfield Community Center, Broomfield, CO, US",2
bdc35851-7a61-4470-9a99-96fa844edd57,275965779,2025-04-25 16:18:34-06:00,2025-04-25,-104.7102541683,39.6247511874,1809.0,,4.5,14.1,2.2,14.8,,1018.9,Coprinus comatus,"E Bellewood Dr, Aurora, CO, US",3
6af1db90-97a6-4e34-84c6-448e4a078bc3,274237597,2025-04-26 17:31:45-06:00,2025-04-26,-105.0958778333,40.0178028333,1597.0,,4.9,19.6,0.1,4.4,,1013.9,Coprinus comatus,"Stevens Cir N, Erie, CO, US",2
2d38fc90-2642-4d44-95c9-7136ff3a1452,273370877,2025-04-25 15:01:22-06:00,2025-04-25,-105.1194747442,39.6950770243,1732.0,,6.7,11.4,5.8,17.5,,1018.7,Coprinus comatus,"S Owens St, Lakewood, CO, US",1
f7701843-f34c-4e13-9401-7d5650c7fca1,272807548,2025-04-24 16:59:33-06:00,2025-04-24,-104.8737594467,39.766565679,1619.0,,8.3,16.7,3.9,13.6,,1011.9,Coprinus comatus,"Central Park, Denver, CO, US",1
278e24b7-f3bb-4566-885f-00488d175211,272326323,2025-04-22 15:14:00-06:00,2025-04-22,-105.2973259,40.0279504,1752.0,,7.0,22.0,0.0,6.9,,1014.8,Coprinus comatus,"Sanitas Valley Trail, Boulder, CO, USA",1
3958ed01-5dd3-4a18-99ef-e2d762bfe11c,272266598,2025-04-22 12:01:53-06:00,2025-04-22,-105.1875593997,39.8120176997,1726.0,,7.0,21.0,0.2,9.9,,1014.4,Coprinus comatus,"Crestview, Arvada, CO, USA",1
b74d5337-0683-4a59-a84a-f271fdce7051,271779219,2025-04-16 12:11:25-06:00,2025-04-16,-105.2752649133,40.0201680372,1634.0,,10.0,25.0,0.2,12.3,,1005.9,Coprinus comatus,"Spruce St, Boulder, CO, US",1
25a3ad47-b266-4cf3-ba8d-6a5f19eeff24,271585829,2025-04-17 18:30:16-06:00,2025-04-17,-104.9200966667,39.67572,1670.0,,7.7,19.2,,17.5,,1003.0,Coprinus comatus,"E Iliff Ave, Denver, CO, US",1
12c19373-7394-4e53-a395-9a4b1314d70d,271580837,2025-04-17 18:30:16-06:00,2025-04-17,-104.9200966667,39.67572,1670.0,,7.7,19.2,,17.5,,1003.0,Coprinus comatus,"E Iliff Ave, Denver, CO, US",1
9b2cfe79-2a7d-4100-a616-06e871951c8d,269391035,2024-08-13 11:07:03-06:00,2024-08-13,-105.6442317858,39.9011128164,2823.0,,2.1,12.7,9.8,11.5,,1020.5,Coprinus comatus,"Black Hawk, CO, US",1
894bfcbd-d182-4f87-a52a-8f0d50ec4b18,268473196,2013-10-04 14:46:00-06:00,2013-10-04,-105.2311255857,38.4435863676,1625.0,,-1.2,10.8,,24.8,,1013.4,Coprinus comatus,"Cañon City, CO 81212, USA",2
8975201e-163a-409b-8865-0527c0cd6a8d,268147386,2024-06-08 13:02:04-06:00,2024-06-08,-103.3949666667,43.5939966667,1183.0,,11.1,17.8,0.0,11.4,,1013.2,Coprinus comatus,"Wind Cave National Park, Buffalo Gap, SD, US",1
a37595bc-5f96-4f3f-87f7-b2b30fbb81a1,267085720,2024-08-27 15:49:40-06:00,2024-08-27,-107.5661866667,38.1622416667,3084.0,,2.8,21.0,,9.1,,,Coprinus comatus,"Grand Mesa Uncompahgre and Gunnison National Forests, Ridgway, CO, US",1
d09423d1-060f-42dd-b7ec-47b2a9f473ed,266048457,2005-08-26 11:43:00-06:00,2005-08-26,-107.2384694867,39.9900788479,2957.0,,11.0,27.0,,8.7,,,Coprinus comatus,"Trappers Lake ,Garfield County, CO, USA",1
a8b7b82d-c095-40f7-91f7-0497bd122031,261897136,2021-07-28 10:38:46-06:00,2021-07-28,-108.0000214843,39.0423040859,3215.0,,22.2,37.6,0.0,4.7,,1023.2,Coprinus comatus,"Grand Mesa Uncompahgre and Gunnison National Forests, Cedaredge, CO, US",1
207da92f-be7d-4cf4-b666-5e8755b9fc80,254676098,2020-06-13 13:45:00-06:00,2020-06-13,-105.1641338077,39.7423126838,1757.0,,,,,10.1,,,Coprinus comatus,"Jefferson County, CO, USA",1
51340fbf-5744-407b-afc5-2db24ede2461,253967230,2024-10-06 17:18:28-06:00,2024-10-06,-107.5476418436,38.1770426764,3114.0,,6.0,21.0,0.0,11.5,,1034.4,Coprinus comatus,"Grand Mesa Uncompahgre and Gunnison National Forests, Cimarron, CO, US",1
f031e284-6cb3-44e7-b982-fc95eb2d74f8,251959354,2024-10-19 14:50:28-06:00,2024-10-19,-104.9953692997,39.8192858997,1579.0,,5.6,14.1,0.3,11.3,,1023.4,Coprinus comatus,"Twin Lakes, CO 80221, USA",2
3b121f7f-221b-4c7b-912e-84257195cd48,250965505,2024-10-02 13:47:51-06:00,2024-10-02,-105.21598,37.38255,2937.0,,6.0,17.0,0.0,21.4,,1034.5,Coprinus comatus,"Fort Garland, CO, US",1
2bc73255-c0d0-42b1-8b1e-b7868cf788d8,248951598,2024-10-24 17:30:05-06:00,2024-10-24,-105.0016034861,39.6077266429,1668.0,,7.2,21.7,0.0,16.8,,1013.2,Coprinus comatus,"W Lake Ave, Littleton, CO, US",2
c65981de-13a1-4914-a7d1-c1fee1da5836,248794484,2024-10-23 14:32:25-06:00,2024-10-23,-108.5751266479,39.1104431152,1419.0,,7.2,21.7,0.0,9.7,,1021.6,Coprinus comatus,Grand Junction,1
b158a210-a5d2-434f-b76d-3e7ed1260ad2,248670072,2024-10-22 17:10:00-06:00,2024-10-22,-105.1980762184,40.0542791109,1585.0,,14.0,24.0,0.0,16.0,,1021.3,Coprinus comatus,"Gunbarrel, CO, USA",1
b8628f74-b0bc-4d42-a2ac-9de089cfd2ee,248519014,2024-10-21 16:21:00-06:00,2024-10-21,-108.5874944444,39.0948111111,1400.0,,7.8,16.7,0.0,6.1,,1021.8,Coprinus comatus,"Grand Junction, CO, USA",1
d7123693-db74-4fc7-8e2d-85ccc6c53d7b,248363206,2024-10-17 14:07:36-06:00,2024-10-17,-108.184945,36.87835,1707.0,,10.6,23.3,,17.7,,1010.5,Coprinus comatus,"La Plata, NM, US",1
3e8ac943-da51-46d4-87d8-1a0f9973a668,247990997,2017-09-24 12:28:26-06:00,2017-09-24,-105.0830555556,40.5813888889,1528.0,,,,,10.9,,1014.6,Coprinus comatus,"Meldrum & Mulberry, Fort Collins, CO 80521, USA",1
1c439290-9eb5-4c2c-90f2-7bc6ec54b9fd,247990474,2017-05-09 19:26:06-06:00,2017-05-09,-105.0861111111,40.5805555556,1532.0,,11.1,17.2,,11.1,,1012.3,Coprinus comatus,"University North, Fort Collins, CO, USA",1
f1009afb-e83c-4dbc-999b-5f39c5b0bcee,247772770,2024-10-15 13:43:07-06:00,2024-10-15,-108.878905,38.7742083333,1860.0,,10.0,27.2,0.0,10.1,,1018.0,Coprinus comatus,"SH-141, Gateway, CO, US",1
420e9a4c-543c-42aa-b3ad-30fcb2667159,247772729,2024-10-15 13:41:42-06:00,2024-10-15,-108.8787833333,38.7740966667,1860.0,,10.0,27.2,0.0,10.1,,1018.0,Coprinus comatus,"SH-141, Gateway, CO, US",1
0fef980f-09de-4867-a370-b4ff4b256986,247492148,2024-10-15 10:25:41-06:00,2024-10-15,-105.1810913086,40.0797424316,1579.0,,8.0,22.0,0.0,6.7,,1025.0,Coprinus comatus,Longmont,1
44cc1399-97b1-43c0-87c0-e9483097416c,247140861,2024-10-13 10:16:19-06:00,2024-10-13,-105.2462711558,39.7514041066,1756.0,,10.0,19.0,0.0,13.5,,1027.3,Coprinus comatus,"Golden Gate Canyon, Golden, CO 80403, USA",1
a3377596-7fcd-4a6b-92a7-1c7edbf8dedf,246667157,2024-10-10 11:24:45-06:00,2024-10-10,-105.0971138333,40.414905,1531.0,,8.9,30.0,0.0,6.0,,1017.3,Coprinus comatus,"N Taft Ave, Loveland, CO, US",1
789a35d5-b4c8-44c6-a4ab-a2d1f20be1be,246482507,2015-09-09 11:01:00-06:00,2015-09-09,-106.7928095875,37.0677098086,2537.0,,,,,,,,Coprinus comatus,"Archuleta County, CO, USA",2
a417b3f3-ae3a-45bd-b7f2-a0ba06ee0b7c,246258941,2024-10-05 13:42:08-06:00,2024-10-05,-104.9135366667,39.5591466667,1774.0,,15.0,28.9,0.0,14.5,,1014.4,Coprinus comatus,"Palamino Pkwy, Highlands Ranch, CO, US",1
ff4b04a7-a842-465a-ad62-d00d40162d07,246258850,2024-10-05 13:41:47-06:00,2024-10-05,-104.9135533333,39.559155,1774.0,,15.0,28.9,0.0,14.5,,1014.4,Coprinus comatus,"Palamino Pkwy, Highlands Ranch, CO, US",1
fdf73444-2577-47fa-83e5-49f2d80bf4fa,246258634,2024-10-05 13:42:58-06:00,2024-10-05,-104.91358,39.55915,1774.0,,15.0,28.9,0.0,14.5,,1014.4,Coprinus comatus,"Palamino Pkwy, Highlands Ranch, CO, US",1
1e403206-aa7a-4e99-acd9-82b7b86e399f,246258573,2024-10-05 13:43:08-06:00,2024-10-05,-104.91358,39.5591616667,1774.0,,15.0,28.9,0.0,14.5,,1014.4,Coprinus comatus,"Palamino Pkwy, Highlands Ranch, CO, US",1
2cae71f9-506f-4d9c-b1a4-4a971228a98f,246258265,2024-10-05 13:47:00-06:00,2024-10-05,-104.9138333333,39.5595666667,1774.0,,15.0,28.9,0.0,14.5,,1014.4,Coprinus comatus,"Palamino Pkwy, Highlands Ranch, CO, US",1
1d80a6ed-151c-4086-a014-8a05fec4e577,246246627,2024-10-07 18:01:47-06:00,2024-10-07,-104.7670234318,39.7933779307,1634.0,,10.8,24.1,0.0,8.6,,1018.7,Coprinus comatus,"1st Creek Trail, Denver, CO, US",1
fa21b9d9-d9a2-4505-beb5-1594ef9f436a,246204730,2024-10-07 13:11:56-06:00,2024-10-07,-104.9439390111,39.6850045048,1642.0,,10.8,24.1,0.0,8.6,,1018.7,Coprinus comatus,"Colorado, US",1
0a03780e-69bb-4e85-8513-aa5abaa6dcae,245893132,2024-10-03 16:44:33-06:00,2024-10-03,-104.9549633333,40.4725116667,1486.0,,10.0,22.2,0.0,12.4,,1015.6,Coprinus comatus,"Larimer County, US-CO, US",4
bc377a0d-2c03-446b-a5d6-1ad55244e719,245088094,2024-10-01 09:38:19-06:00,2024-10-01,-105.2026833333,40.0561916667,1584.0,,6.0,21.0,0.0,2.5,,1027.5,Coprinus comatus,"Driftwood Pl, Boulder, CO, US",2
385a4c91-ce0e-4ff1-a2a0-7eb6a0a58434,244813377,2024-09-29 18:06:21-06:00,2024-09-29,-105.3976410349,36.1720043142,2728.0,,-0.2,22.8,0.2,4.2,,1031.6,Coprinus comatus,"Chacon, NM, US",1
f967bace-39b7-4796-a932-4aa4694a6ca7,244727043,2024-09-29 10:31:23-06:00,2024-09-29,-104.8774490356,39.674987793,1678.0,,18.7,31.8,0.0,21.1,,1012.0,Coprinus comatus,Denver,1
821ea00c-6c28-446d-97e5-1b7e32334631,244199530,2024-09-23 11:38:21-06:00,2024-09-23,-106.269705,35.7771,1850.0,,7.1,19.5,,8.1,,1023.2,Coprinus comatus,"Bandelier National Monument, Pena Blanca, NM, US",1
7b751229-c9a8-408f-abed-2fedf3fd1bf7,244134044,2024-09-26 07:43:03-06:00,2024-09-26,-105.9064416667,35.681855,2200.0,,11.1,31.1,0.0,12.5,,1012.4,Coprinus comatus,"Upper Canyon Road, Santa Fe, NM, US",1
f3dbc135-a274-4811-9ecd-67bba75709ad,244008783,2024-09-25 12:05:23-06:00,2024-09-25,-105.0841494933,40.5563783261,1534.0,,9.4,30.6,0.0,9.1,,1015.0,Coprinus comatus,"Colorado State University, Fort Collins, CO, US",1
508198a1-9030-4c36-a807-9368490b5fdc,243866690,2024-09-24 15:30:08-06:00,2024-09-24,-103.6244659424,43.7608032227,1650.0,,7.2,21.7,,7.9,,1014.8,Coprinus comatus,Custer,1
675edb35-8d18-492a-9432-4df218fa35fd,243833785,2024-09-23 08:44:47-06:00,2024-09-23,-104.9673059955,39.6549150307,1651.0,,6.7,25.0,0.0,7.2,,1014.3,Coprinus comatus,"Englewood, CO, USA",1
4a0b7635-cbb8-404c-a118-760f784b3cc3,243624532,2024-09-23 11:00:51-06:00,2024-09-23,-105.3970187489,39.7128156347,2316.0,,8.0,27.0,0.0,9.8,,1018.2,Coprinus comatus,"Elmgreen Ln, Evergreen, CO, US",2
dddbf6b1-f054-46e8-b369-4b637e750798,242928348,2024-09-20 12:51:58-06:00,2024-09-20,-104.9766618997,39.8126484,1577.0,,14.6,27.3,0.0,12.1,,1008.2,Coprinus comatus,"North Washington, CO, USA",1
43721d41-109c-418d-b56b-5416317230b1,242590568,2024-09-18 18:21:23-06:00,2024-09-18,-104.945734162,39.747782629,1617.0,,12.2,26.1,0.0,14.1,,1006.2,Coprinus comatus,"Mile High Loop, Denver, CO, US",1
459f7906-b33e-4b93-8331-e49e40193245,242578455,2024-09-18 15:46:31-06:00,2024-09-18,-105.1126861667,40.4361716667,1565.0,,8.3,28.9,0.0,10.2,,1006.7,Coprinus comatus,"Glendale Dr, Loveland, CO, US",2
b8da6ecb-f432-4aea-8a48-cf34e56f097f,242573700,2024-09-18 14:31:15-06:00,2024-09-18,-106.9544945052,37.70406547,3014.0,,-1.0,7.0,0.0,28.4,,1022.7,Coprinus comatus,"Mineral County, US-CO, US",1
6a2ee507-1e95-492e-a788-f94c6c354a34,242573347,2024-09-18 14:08:58-06:00,2024-09-18,-106.9853354349,37.7036399576,2949.0,,-1.0,7.0,0.0,28.4,,1022.7,Coprinus comatus,"Rio Grande National Forest, Creede, CO, US",1
c638eeec-afb4-4cf0-824b-fa00f0de6494,242537424,2024-09-18 12:42:56-06:00,2024-09-18,-106.988591049,37.6972425953,2997.0,,-1.0,7.0,0.0,28.4,,1022.7,Coprinus comatus,"Rio Grande National Forest, Creede, CO, US",1
08c97619-abb7-4b0b-90f1-5b4b6f50815c,242508431,2024-09-18 09:54:03-06:00,2024-09-18,-105.0913778333,40.17017,1517.0,,8.4,30.0,0.0,9.9,,1012.2,Coprinus comatus,"Kensington Park, Longmont, CO, US",1
10c9d486-795c-4257-8e37-79cc11aba171,242300464,2024-09-08 17:15:50-06:00,2024-09-08,-105.27375,40.00975555,1658.0,,13.0,31.0,0.0,4.8,,1021.1,Coprinus comatus,"University of Colorado Boulder, Boulder, CO, US",1
555332c2-9ca0-43b3-8c10-93c46d46eab1,242022022,2024-09-11 16:14:00-06:00,2024-09-11,-105.6936574,39.4813574,2751.0,,-2.2,11.7,4.8,10.4,,1014.6,Coprinus comatus,"Park County, CO, USA",1
bac2f9a2-3089-4ebe-8e42-92e9c94ca09b,241993865,2024-09-15 17:02:33-06:00,2024-09-15,-104.9688928603,39.6489318717,1651.0,,13.9,28.9,,9.1,,1010.8,Coprinus comatus,"Colorado, US",1
747ed0a4-13ee-40fb-b8c4-936e9a9df448,241740131,2024-09-14 15:57:11-06:00,2024-09-14,-106.0582899862,39.4774079137,3006.0,,-1.1,20.6,0.0,5.8,,1015.7,Coprinus comatus,"White River National Forest, Breckenridge, CO, US",1
3d354e26-3b45-40cf-abc0-bd37cb4fe75c,241553430,2024-09-13 09:38:02-06:00,2024-09-13,-106.07404978,39.61085861,2801.0,,8.0,15.0,0.0,15.5,,1030.2,Coprinus comatus,"Silverthorne, CO 80498, USA",1
3843ec59-22a2-4109-b101-6c2c20f2cd3f,241338198,2024-09-12 13:35:47-06:00,2024-09-12,-108.1640611111,37.5825,2474.0,,14.0,21.0,0.0,14.8,,1020.2,Coprinus comatus,"Dolores, CO 81323, USA",1
ed242807-6586-4e80-81c6-abb313ca0afa,241233483,2024-09-11 18:45:33-06:00,2024-09-11,-110.7069292,39.2069445997,2173.0,,13.3,29.4,0.0,13.3,,1004.7,Coprinus comatus,"Emery County, UT, USA",1
ae6c70a7-40cf-4850-a072-55de4863142f,240994506,2024-09-10 13:28:37-06:00,2024-09-10,-107.2365833333,39.4706722222,2099.0,,6.1,16.9,4.2,8.9,,1017.4,Coprinus comatus,"Carbondale, CO 81623, USA",2
cbba0c6b-da23-4e28-a8d5-a521e47a0603,240700682,2024-09-08 18:44:27-06:00,2024-09-08,-106.76313,39.5885883333,2190.0,,6.7,27.8,0.0,5.8,,1016.0,Coprinus comatus,"Eagle, CO, US",1
3482b71b-3a5f-446b-8cda-0db0c6ef342d,240422984,2023-07-26 10:13:00-06:00,2023-07-26,-105.8210478,40.4126096997,3293.0,,9.1,25.8,0.7,7.6,,1032.3,Coprinus comatus,"Rocky Mountain, Rocky Mountain National Park, Rocky Mountain National Park, Grand, Colorado, United States",1
8cb6eb6e-0206-40c0-b099-40efd13a448d,240310300,2024-09-07 07:02:13-06:00,2024-09-07,-106.1585072895,39.3450116041,3552.0,,1.1,21.1,0.0,9.0,,1019.8,Coprinus comatus,"Pike and San Isabel National Forests, Leadville, CO, US",1
716d77b1-e0c2-4a59-aa54-4177d8b6a26b,238653473,2024-08-29 10:24:20-06:00,2024-08-29,-103.6692861111,44.2930805556,1692.0,,,,,13.4,,,Coprinus comatus,"Deadwood, SD 57732, USA",2
d6d9e31c-b4f6-41e5-b2bd-1dda5352d0ad,238629791,2023-10-04 16:21:34-06:00,2023-10-04,-103.5475916667,43.8181416667,1701.0,,2.2,13.3,0.0,14.6,,1015.0,Coprinus comatus,"Black Hills National Forest, Custer, SD, US",2
2725e327-1228-4c6f-888b-c8532300507b,238008048,2024-08-25 12:45:42-06:00,2024-08-25,-105.6095332764,39.5478321156,3807.0,,1.5,12.8,5.8,10.8,,1025.0,Coprinus comatus,"Colorado, US",1
0f45c894-9954-4c51-823c-7af1d97ccd33,237566088,2024-08-23 13:03:18-06:00,2024-08-23,-107.9327966667,37.8790266667,3069.0,,11.0,20.0,4.0,7.7,,1028.7,Coprinus comatus,"San Miguel County, US-CO, US",1
963bbf26-ba0e-4cb9-bac0-1c9ef8fa1f3e,237522267,2024-08-23 14:20:53-06:00,2024-08-23,-106.3586719987,37.6868865034,2410.0,,12.0,25.0,0.3,17.8,,1026.4,Coprinus comatus,"Del Norte, CO, US",1
c3ca77fb-fd1d-41ec-8241-84fb998d05a6,237126277,2019-09-30 15:47:00-06:00,2019-09-30,-105.5705537818,40.0771099073,3163.0,,-0.5,21.9,,8.5,,,Coprinus comatus,"Boulder County, CO, USA",1
0f06638a-2799-487a-8baa-548cc48069b8,237040473,2024-08-20 19:12:48-06:00,2024-08-20,-104.829895,41.1550861667,1874.0,,13.9,31.7,0.0,13.3,,1016.1,Coprinus comatus,"Lions Park, Cheyenne, WY, US",2
0b4aadde-43c4-4f59-929a-9b6801a43150,235783118,2024-08-14 12:39:44-06:00,2024-08-14,-105.402855,39.7420366667,2155.0,,15.0,32.0,0.7,16.1,,1021.2,Coprinus comatus,"Clear Creek Greenway (P2p) Trail, Evergreen, CO, US",1
e16626f2-362d-4fa3-ba4a-c3f1397b637e,234787071,2024-08-09 09:29:39-06:00,2024-08-09,-108.1568069824,37.823457066,3067.0,,11.0,20.0,24.0,3.9,,1033.2,Coprinus comatus,"Dolores County, US-CO, US",1
ea5f8846-2295-4f52-8250-46e80ced281d,233751104,2024-08-03 18:59:29-06:00,2024-08-03,-106.7583783333,40.5284583333,2801.0,,11.1,32.5,0.0,3.4,,1027.3,Coprinus comatus,"CR-38, Steamboat Springs, CO, US",1
b88c933b-b09e-4151-a1e1-d08f5a330426,232845132,2024-07-29 10:44:49-06:00,2024-07-29,-107.7076339722,37.7403526111,3335.0,,12.0,25.0,3.4,9.2,,1031.3,Coprinus comatus,"San Juan County, CO, USA",1
33224e7b-b36c-41b5-b5fc-3e66e4cfbaa6,231707185,2024-07-22 11:20:15-06:00,2024-07-22,-106.9771283333,38.9772833333,3490.0,,6.7,25.6,0.0,7.8,,1016.7,Coprinus comatus,"Grand Mesa Uncompahgre and Gunnison National Forests, Crested Butte, CO, US",2
b85769a9-95a3-4443-a37b-2e6e4cf02b15,231229062,2024-07-19 11:26:18-06:00,2024-07-19,-106.5329647064,35.8152205703,2571.0,,15.0,29.2,,8.7,,1028.8,Coprinus comatus,"Jemez Springs, NM 87025, USA",1
9412a8c5-ed81-402d-8e2a-26301604128b,231031330,2024-07-21 15:13:39-06:00,2024-07-21,-106.4540104824,37.6168272582,2629.0,,9.0,21.0,3.9,11.2,,1031.5,Coprinus comatus,"Colorado, US",1
54a5d8c4-eddf-4103-9af3-dc109161c8e9,230409822,2024-07-19 18:18:19-06:00,2024-07-19,-105.2192083333,39.7511833333,1765.0,,18.0,31.0,0.7,12.3,,1024.6,Coprinus comatus,"Colorado School of Mines, Golden, CO, US",1
36e91f1d-436a-4300-86c7-8dffbf6b7d81,227828482,2023-10-07 16:51:08-06:00,2023-10-07,-105.27378589,40.03903573,1651.0,,3.0,22.0,0.0,3.7,,1025.3,Coprinus comatus,"Melody Heights, Boulder, CO 80304, USA",1
b49b19b2-56cf-46eb-b31b-c5d2164a07fc,227814511,2024-07-06 10:49:27-06:00,2024-07-06,-107.8007583333,39.822625,2782.0,,5.6,28.9,0.0,8.4,,1014.8,Coprinus comatus,"White River National Forest, Rifle, CO, US",1
daffb15a-4f1c-4927-9458-3718e380610a,222420261,2022-10-02 18:06:49-06:00,2022-10-02,-105.2804633333,40.0281195,1647.0,,10.0,23.0,0.8,3.2,,1021.6,Coprinus comatus,"13th St, Boulder, CO, US",1
13183154-fb06-4e37-be3b-3bb4c7d78a56,221145251,2024-06-07 11:15:00-06:00,2024-06-07,-104.9989072829,39.6069481329,1669.0,,17.8,32.8,,16.8,,1008.4,Coprinus comatus,"Littleton, CO, USA",1
7824bbeb-8adc-4e6a-ab9f-c227463e30d2,219276019,2024-05-29 19:19:17-06:00,2024-05-29,-104.956725,39.6730783333,1647.0,,13.0,27.0,0.0,14.6,,1012.3,Coprinus comatus,"S Columbine St, Denver, CO, US",3
424303fa-94e8-4431-a8dc-07432f22e240,219149266,2024-05-17 16:58:15-06:00,2024-05-17,-104.9275179349,39.7231762423,1645.0,,11.2,27.2,0.0,16.8,,1004.1,Coprinus comatus,"E Fourth Ave, Denver, CO, US",1
2b601806-e3b4-48aa-84d4-13c0d77df01d,218421919,2023-10-15 17:30:01-06:00,2023-10-15,-104.80701446,38.84914631,1856.0,,-1.0,20.6,0.0,10.8,,1028.6,Coprinus comatus,"Middle Shooks Run, Colorado Springs, CO 80903, USA",1
598c2c65-33db-4f43-85fb-3f2eed52e8d4,215920687,2024-05-11 13:09:29-06:00,2024-05-11,-104.9123728692,39.8004668691,1593.0,,5.5,15.8,0.4,10.3,,1014.2,Coprinus comatus,"Monaco Park, Commerce City, CO, US",1
90eb0058-54a5-4fd3-9b67-d0eba0fb5613,215722546,2024-05-14 08:16:37-06:00,2024-05-14,-106.3666383333,42.8274116667,1560.0,,3.9,14.4,1.3,16.2,,1009.8,Coprinus comatus,"Morad Park, Casper, WY, US",1
9e524646-f6f6-4946-9c0d-669b15e2c16a,215604766,2024-05-13 17:32:20-06:00,2024-05-13,-104.9770283333,40.567345,1504.0,,6.7,22.2,,9.7,,1010.8,Coprinus comatus,"Bristow Rd, Timnath, CO, US",1
956f461c-7bdc-4ce2-9e60-a023aa187949,215236066,2024-05-12 07:01:49-06:00,2024-05-12,-103.4905175865,43.4377511008,1107.0,,6.1,19.4,,11.1,,1009.1,Coprinus comatus,"Hot Springs, SD 57747, USA",4
85ba23ca-afb4-4646-bbd9-aa974d2dcc5e,214893797,2024-05-10 17:28:41-06:00,2024-05-10,-104.9617519174,39.7716636891,1589.0,,5.3,13.1,0.9,9.0,,1022.3,Coprinus comatus,"York St, Denver, CO, US",1
25a9bedd-5859-4d6b-8c42-79d4d0324e8d,213283041,2024-05-03 12:58:04-06:00,2024-05-03,-104.7756536239,40.5222029916,1484.0,,3.9,21.7,0.0,25.4,,1011.6,Coprinus comatus,"County Road 31, Eaton, CO, US",1
0c72774a-4367-4a1f-931f-7dcd5ce44758,212440864,2024-04-29 16:58:43-06:00,2024-04-29,-104.9700043941,38.0393550052,2102.0,,2.9,20.5,0.0,22.2,,1009.5,Coprinus comatus,"Ridge Rd, Beulah, CO, US",2
3a15cb6f-3900-4ec8-a608-cf24dd5b1f88,212019269,2024-04-28 17:06:00-06:00,2024-04-28,-104.857554,39.821644,1599.0,,3.5,13.3,1.9,10.1,,1010.7,Coprinus comatus,"Adams County, CO, USA",1
3e9307aa-1ef1-4c2f-9d6e-69979503d29b,211383718,2024-04-28 17:45:11-06:00,2024-04-28,-104.8575079722,39.8216189722,1599.0,,3.5,13.3,1.9,10.1,,1010.7,Coprinus comatus,"Denver, CO 80239, USA",2
4d45e5e3-1dcd-4458-938b-91c33ee59335,209852134,2024-04-26 16:58:01-06:00,2024-04-26,-107.7553633333,38.1489416667,2142.0,,1.0,7.0,6.9,3.6,,1011.8,Coprinus comatus,"S Lena St, Ridgway, CO, US",1
9a448a12-514a-497a-aaa5-f1daf9303df0,207336358,2024-04-14 19:19:03-06:00,2024-04-14,-105.085963,39.5040389722,1666.0,,6.7,25.0,0.0,17.9,,1009.7,Coprinus comatus,"ROXBOROUGH, CO 80125, USA",2
90c01ee0-69bc-475e-a15d-38bb53bca7ed,204652273,2023-09-26 13:12:19-06:00,2023-09-26,-105.1052089404,40.1385610097,1524.0,,7.7,29.2,0.0,3.6,,1023.3,Coprinus comatus,"Burlington Way, Longmont, CO, US",2
c823d882-26e7-43ea-98e6-c30f405ed151,198713575,2023-10-01 16:50:00-06:00,2023-10-01,-105.1063798542,39.8776783727,1660.0,,15.0,29.0,0.0,21.7,,1014.6,Coprinus comatus,"Loon Lake, West Westminster, Westminster, CO, USA",2
2a2964db-ab77-4fb6-891f-b96b9b95ad34,192350735,2023-08-30 10:32:26-06:00,2023-08-30,-105.1084445,38.8753166667,3175.0,,9.1,29.2,0.0,13.9,,1014.7,Coprinus comatus,"Pike and San Isabel National Forests, Woodland Park, CO, US",1
adc7e81f-1fbd-4980-8c42-c2b7cc684915,190433526,2023-10-03 09:30:51-06:00,2023-10-03,-107.866225,37.2780533333,2096.0,,3.3,17.2,0.0,10.8,,1016.2,Coprinus comatus,"Fort Lewis College, Durango, CO, US",1
c67a6fa0-1040-47c8-b584-d3e6e74c3dd1,188691134,2023-10-23 12:34:35-06:00,2023-10-23,-104.9794383333,38.0364721667,2164.0,,7.7,24.9,0.0,21.6,,1004.5,Coprinus comatus,"Ridge Rd, Beulah, CO, US",1
6254fc53-1438-4d20-a2f5-ffb547ff31b5,187856310,2023-09-26 13:07:16-06:00,2023-09-26,-105.1048583333,40.1356083333,1522.0,,7.7,29.2,0.0,3.6,,1023.3,Coprinus comatus,"Tenacity Dr, Longmont, CO, US",1
22bcc1d8-065c-4bba-addc-fce83d57e3fe,187787224,2023-10-02 12:50:06-06:00,2023-10-02,-105.3903183091,40.1505463822,2384.0,,11.0,26.0,2.4,9.7,,1014.5,Coprinus comatus,"County Road 87J, Jamestown, CO, US",1
ddec8b21-9fb5-40e5-8a27-6a8db6f4e0e2,187219982,2023-10-01 18:27:03-06:00,2023-10-01,-108.5184783333,39.0539471667,1404.0,,11.1,22.8,0.0,17.6,,1006.1,Coprinus comatus,"Pear Park, Grand Junction, CO, US",1
d69b265e-c073-410b-95af-d5699562ba01,187219744,2023-10-01 18:25:39-06:00,2023-10-01,-108.5180966667,39.0530778333,1404.0,,11.1,22.8,0.0,17.6,,1006.1,Coprinus comatus,"C 1/2 Rd, Grand Junction, CO, US",1
d7483276-7be0-4afa-b6e1-3be9a5521a5b,186779010,2023-09-17 16:25:00-06:00,2023-09-17,-105.8098473794,39.6903651562,2995.0,,-0.6,10.4,0.0,10.6,,1022.6,Coprinus comatus,"Clear Creek County, CO, USA",1
9b7e1799-c0f2-4296-ab70-95cf965a8000,186776881,2023-10-07 12:08:00-06:00,2023-10-07,-104.698242,38.261315,1441.0,,1.7,21.7,0.0,4.3,,1024.0,Coprinus comatus,"Pueblo County, CO, USA",1
ed97e023-4554-4d26-b184-506dd564eeac,186103594,2023-10-03 09:50:09-06:00,2023-10-03,-105.3887747972,40.1136762663,2170.0,,7.0,19.0,0.0,6.4,,1014.5,Coprinus comatus,"Spruce St, Jamestown, CO, US",1
3aa84b6c-8d6c-4c13-a36e-c90ede032176,185998448,2023-09-30 13:00:19-06:00,2023-09-30,-105.17578,39.5835283333,1919.0,,10.0,30.0,0.0,15.5,,1009.4,Coprinus comatus,"Mountain High Ct, Littleton, CO, US",1
34d2cd80-876c-4980-975f-048054a9accc,185984904,2023-10-02 13:16:00-06:00,2023-10-02,-104.857929,39.822184,1599.0,,13.4,23.9,1.5,18.1,,1008.9,Coprinus comatus,"Adams County, CO, USA",1
4f83d930-4fe5-4f88-a776-99a1b2314795,185585692,2023-09-30 09:46:02-06:00,2023-09-30,-105.0773,40.5776033333,1527.0,,8.9,30.6,,8.7,,1009.7,Coprinus comatus,"Colorado State University, Fort Collins, CO, US",1
42088305-9889-4965-8021-5d359c93fb3b,185500710,2023-09-29 17:44:22-06:00,2023-09-29,-105.0280890386,38.9665642185,2513.0,,10.6,27.2,0.0,18.0,,1008.0,Coprinus comatus,"Pike and San Isabel National Forests, Woodland Park, CO, US",2
fa3ae910-b661-424f-a7a3-042e7c8fb0eb,185418669,2023-09-29 07:47:28-06:00,2023-09-29,-105.0651700398,40.5969757761,1513.0,,11.7,27.8,0.0,12.0,,1009.4,Coprinus comatus,"E Vine Dr, Fort Collins, CO, US",2
26f7bbeb-9f6f-4278-9560-92fd18d4bf04,185080296,2023-09-26 17:59:01-06:00,2023-09-26,-105.0688333333,39.8730361111,1648.0,,13.0,27.0,0.0,7.9,,1023.8,Coprinus comatus,"Westcliff & Cambridge, Westminster, CO 80021, USA",1
bfd1ee3e-792e-4883-ba4e-9cf2ee84fbe6,184837437,2023-09-21,2023-09-21,-108.2144227624,37.4170667054,2565.0,,12.0,26.0,0.4,18.0,,1017.4,Coprinus comatus,"Mancos, CO 81328, USA",1
b098c14e-be1b-4411-91f4-cd354030e511,184588816,2023-09-23 14:39:57-06:00,2023-09-23,-103.2014056217,44.1183905892,981.0,,9.0,17.0,0.5,16.0,,1011.7,Coprinus comatus,"South Dakota, US",1
e8754510-fdbb-4085-8141-bbfa2687a61a,184304826,2023-09-16 09:43:55-06:00,2023-09-16,-106.0574416667,39.47348,3035.0,,1.7,18.9,0.0,5.9,,1020.9,Coprinus comatus,"White River National Forest, Breckenridge, CO, US",1
270c813c-c6ae-4d7a-87a1-51603a9b2466,183986336,2023-09-18 08:44:00-06:00,2023-09-18,-104.5804943986,38.3063293981,1501.0,,10.6,30.6,0.0,13.7,,1011.2,Coprinus comatus,"Colorado State University, Pueblo, CO, US",3
22931849-cad5-4c17-a8e6-895f6e5fd179,183586736,2023-09-16 17:22:26-06:00,2023-09-16,-105.05116311,40.62633577,1552.0,,7.2,25.0,0.0,7.6,,1021.2,Coprinus comatus,"Richard's Lake, Fort Collins, CO 80524, USA",2
4cc4ad32-f9e4-48b1-b79b-c5c9a3df4eb5,182864916,2023-09-10 12:23:47-06:00,2023-09-10,-105.713383873,40.8554232179,2835.0,,8.3,18.3,2.5,17.4,,1022.2,Coprinus comatus,United States,2
e91210b5-508f-4c66-9fe6-494ba4b775fc,181679595,2023-09-02 18:01:09-06:00,2023-09-02,-107.1629731389,41.2041988611,2610.0,,9.8,27.1,0.0,10.1,,1027.0,Coprinus comatus,"Carbon County, WY, USA",2
f48b65f1-59d7-4890-a1e2-d3eb5217bff1,181014051,2023-08-30 10:00:10-06:00,2023-08-30,-107.8443660248,39.0670336497,3210.0,,16.2,36.7,0.0,10.4,,1020.4,Coprinus comatus,"Delta County, US-CO, US",1
95f17a27-31d0-41a8-ad05-5d765763b0aa,180769393,2023-08-27 09:13:54-06:00,2023-08-27,-106.2425,39.5418916667,3391.0,,10.0,18.0,2.5,11.3,,1040.6,Coprinus comatus,"White River National Forest, Frisco, CO, US",2
466f8d5e-83f6-4ede-a635-e198800e3a00,180570905,2023-08-27 18:38:29-06:00,2023-08-27,-106.1136390566,39.5643989997,3243.0,,10.0,18.0,2.5,11.3,,1040.6,Coprinus comatus,"Colorado, US",3
a610a32e-cafc-477b-afd8-2c0846b29aa4,180570885,2023-08-27 18:38:02-06:00,2023-08-27,-106.0685135107,39.5054403263,2992.0,,10.0,18.0,2.5,11.3,,1040.6,Coprinus comatus,"Colorado, US",2
ad9b7f15-6c94-44dd-8031-9e937ade61e6,180541733,2023-08-25 16:14:30-06:00,2023-08-25,-109.4699707031,37.6415100098,1875.0,,14.7,27.6,2.2,9.7,,1025.3,Coprinus comatus,"San Juan County, US-UT, US",1
57ce93e6-d55b-4e22-a593-f592455b93dc,180350560,2023-08-19 15:35:00-06:00,2023-08-19,-105.8050084,39.6913759,2999.0,,4.0,16.1,0.8,12.9,,1021.9,Coprinus comatus,"Bakerville, CO 80435, USA",1
5fc4138f-5ba2-47e5-87b2-a2ab23326c82,179629262,2015-10-06 17:15:35-06:00,2015-10-06,-104.98742,39.9101783333,1653.0,,9.5,14.5,,3.3,,,Coprinus comatus,"E Memorial Pkwy, Northglenn, CO, US",2
da231a8d-f3ef-4bf8-a10e-fc05f6313704,178945227,2023-08-16 15:15:00-06:00,2023-08-16,-107.8190833333,37.9375033333,2669.0,,12.0,26.0,7.0,6.9,,1034.9,Coprinus comatus,"Grand Mesa Uncompahgre and Gunnison National Forests, Telluride, CO, US",2
889a40de-cbf0-40a6-9802-58223e119cfa,178837645,2023-08-16 15:52:04-06:00,2023-08-16,-107.8190616667,37.937725,2669.0,,12.0,26.0,7.0,6.9,,1034.9,Coprinus comatus,"Grand Mesa Uncompahgre and Gunnison National Forests, Telluride, CO, US",1
953d2579-e3c7-44b8-a80f-749cad46840c,178118910,2021-07-08 12:20:21-06:00,2021-07-08,-105.7836616667,39.8111583333,3385.0,,6.9,29.6,0.0,9.0,,1027.3,Coprinus comatus,"Parshall, CO, US",1
1678d197-e35c-4c50-9ac7-600bef49ec15,174049961,2023-07-20 15:23:23-06:00,2023-07-20,-105.3989333333,41.2376416667,2720.0,,10.4,19.1,21.2,15.4,,1023.8,Coprinus comatus,"Tie City Trail System, Laramie, WY, US",1
2917cb06-3c7b-4ff4-b01a-48acac6940f7,172060677,2023-07-09 08:38:00-06:00,2023-07-09,-105.535348383,40.1142229677,2871.0,,13.0,27.0,0.2,4.3,,1019.8,Coprinus comatus,"County Road 96, Ward, CO, US",4
f025eeae-ecdf-4f55-85d7-b08385209fbf,171773060,2023-07-08 10:39:59-06:00,2023-07-08,-105.0286721667,39.7432883333,1621.0,,13.2,25.3,2.2,16.5,,1012.6,Coprinus comatus,"Hooker St, Denver, CO, US",1
c4027cf2-518b-4eaf-a5f2-393c265d91f0,170124688,2023-06-06 14:22:08-06:00,2023-06-06,-105.3445408,39.6016211,2331.0,,11.0,23.0,0.2,7.2,,1019.3,Coprinus comatus,"Evergreen Heights And Estates, CO 80439, USA",1
774bfc97-3a4d-4dd1-bae9-093991802dc5,168540853,2023-06-20 13:52:18-06:00,2023-06-20,-105.2953720093,39.5035095215,2546.0,,17.2,27.8,0.0,11.8,,1008.5,Coprinus comatus,"Jefferson County, US-CO, US",2
6e70238e-d7f8-4c49-af0a-b92d91b56816,166892803,2023-06-11 13:42:00-06:00,2023-06-11,-103.6716594444,41.7156666667,1336.0,,12.6,19.0,2.3,18.1,,1015.7,Coprinus comatus,"Scotts Bluff County, NE, USA",2
61361ba9-3ca7-4ddc-8420-0bfe533cb1b2,165843585,2023-05-26 07:53:34-06:00,2023-05-26,-105.0967778333,40.406025,1536.0,,11.1,22.8,,13.4,,1012.5,Coprinus comatus,"N Taft Ave, Loveland, CO, US",1
a268c25d-c0c1-46fc-b0e2-f28e7372045b,165646282,2023-06-04 17:18:34-06:00,2023-06-04,-104.8715966667,38.8627466667,1903.0,,9.4,15.3,,16.9,,1017.8,Coprinus comatus,"Valley Rd, Colorado Springs, CO, US",1
293e2b56-0e91-4065-a9cf-f3670c822826,165602294,2023-06-04 14:14:04-06:00,2023-06-04,-105.1144157763,39.9964695574,1629.0,,11.8,14.7,22.9,4.2,,1022.2,Coprinus comatus,"Waneka Lake Park, Lafayette, CO, US",1
8c428120-df0e-4201-8802-894f3a083c6b,165344304,2023-06-03 11:40:51-06:00,2023-06-03,-105.1260833333,39.785495,1659.0,,12.0,15.0,3.4,9.3,,1020.0,Coprinus comatus,"Robb St, Wheat Ridge, CO, US",2
bcf0c8df-b869-466c-b92c-57cddd660ee1,165087992,2023-06-01 16:09:22-06:00,2023-06-01,-105.127993,39.774486,1656.0,,11.0,20.2,0.4,10.6,,1013.0,Coprinus comatus,"Fruitdale, Wheat Ridge, CO 80033, USA",1
3cc24480-4b6d-4fbc-89a8-7e27780d341e,164963907,2023-05-31 15:48:13-06:00,2023-05-31,-104.9595716667,39.6742633333,1644.0,,12.5,24.2,2.7,13.9,,1007.8,Coprinus comatus,"University of Denver, Denver, CO, US",1
76b7b6f2-d989-4d2e-814e-bb44947156b2,164446737,2023-05-01 19:55:07-06:00,2023-05-01,-105.0798299338,39.5199801677,1664.0,,4.4,21.7,0.0,9.9,,1010.9,Coprinus comatus,"Chatfield State Park, Littleton, CO, US",1
3d9534e4-fa60-48af-a3d5-ab3bc5314de4,163719321,2023-05-25 16:10:15-06:00,2023-05-25,-105.1224679722,39.7742679722,1651.0,,10.0,24.0,1.1,8.8,,1016.7,Coprinus comatus,"Fruitdale, Wheat Ridge, CO 80033, USA",1
592e2147-823b-49e4-946c-6a448432f95d,163684570,2023-05-25 12:01:56-06:00,2023-05-25,-104.960395,39.7322466667,1646.0,,10.7,23.7,0.6,12.8,,1010.9,Coprinus comatus,"Denver Botanic Gardens, Denver, CO, US",1
2ea80fb2-dc98-4623-a99d-8b1d4d5b0111,163536231,2023-05-24 13:55:36-06:00,2023-05-24,-104.8011352141,39.7152844602,1665.0,,10.5,21.3,,10.1,,1012.4,Coprinus comatus,"Arapahoe County, US-CO, US",1
1a0d4a47-10af-416a-9732-05466ed2e0b6,163324283,2023-05-23 09:39:43-06:00,2023-05-23,-105.0944155456,40.394633459,1516.0,,8.9,26.7,0.0,10.2,,1012.3,Coprinus comatus,"W Fifth St, Loveland, CO, US",1
ec499d32-eb97-4ccc-807e-feb9f1f2f989,162736650,2023-05-20 13:05:20-06:00,2023-05-20,-104.9247366667,39.745145,1633.0,,8.9,18.8,0.2,9.0,,1021.6,Coprinus comatus,"Grape St, Denver, CO, US",2
b75e7f30-073d-4387-abd1-b5eed924052d,162644348,2023-05-20 06:08:05-06:00,2023-05-20,-101.6614743322,41.2247366143,953.0,,4.0,24.0,0.0,9.9,,1023.8,Coprinus comatus,"Whitetail, NE, USA",1
b6fe3374-dfca-473f-8519-3e6f33bf8862,162581149,2023-05-19 19:06:30-06:00,2023-05-19,-104.8121109009,41.1736450195,1873.0,,6.1,15.6,0.0,11.2,,1022.5,Coprinus comatus,Cheyenne,1
c426c610-ca53-4b6d-93a5-3c9ed6081e0f,162349977,2023-05-18 12:34:48-06:00,2023-05-18,-105.038435,40.5530233333,1505.0,,9.4,18.3,,8.3,,1015.5,Coprinus comatus,"Bucking Horse, Fort Collins, CO 80525, USA",1
0b9c754e-1b85-49b7-bfb6-1cc60a551ceb,162092811,2023-05-05 12:37:52-06:00,2023-05-05,-105.0917805,40.5766833333,1535.0,,7.8,23.3,,11.8,,1006.6,Coprinus comatus,"Colorado State University, Fort Collins, CO, US",1
6d2b9ba7-3edb-4577-9de0-b263383426f0,161849596,2023-05-15 12:54:27-06:00,2023-05-15,-105.0942083333,40.5220611111,1552.0,,9.4,15.0,,6.6,,1028.6,Coprinus comatus,"Longs Peak Student Center, Fort Collins, CO 80526, USA",1
514e51d8-785b-45ce-b1a7-171379f3814f,161814352,2023-05-15 09:26:28-06:00,2023-05-15,-104.78249764,41.16316606,1842.0,,7.2,13.9,0.5,10.8,,1027.8,Coprinus comatus,"Cheyenne, WY, USA",1
68f2953b-ba3a-4446-b597-92d5cf55b139,161717035,2023-05-14 13:39:58-06:00,2023-05-14,-105.3286270991,40.1060089969,1897.0,,9.0,16.0,18.6,7.1,,1030.8,Coprinus comatus,"Lefthand Canyon Dr, Boulder, CO, US",1
8f709784-6b56-4b64-9995-8ba2229181a6,161546464,2023-05-13 15:26:00-06:00,2023-05-13,-103.7542901596,41.871502689,1195.0,,10.6,17.2,0.3,22.3,,1021.4,Coprinus comatus,"Nebraska, US",1
8a1dc089-8282-4584-bc9f-811f81ee188f,161450297,2023-05-13 12:16:57-06:00,2023-05-13,-105.2828944444,39.9988166667,1741.0,,7.0,16.0,10.6,3.6,,1025.2,Coprinus comatus,"Chautauqua, Boulder, CO, USA",1
c3e3fe61-2c22-4162-acac-b19a2e842860,159981322,2023-05-05 18:43:13-06:00,2023-05-05,-104.969955,38.0392611667,2102.0,,6.7,24.3,0.0,26.7,,1006.2,Coprinus comatus,"Ridge Rd, Beulah, CO, US",1
fcc7aa47-f841-4b25-b1fa-5d1bc776ee71,159852309,2023-05-05 07:13:31-06:00,2023-05-05,-105.1228333333,39.8902366667,1666.0,,7.0,22.6,0.0,12.8,,1011.2,Coprinus comatus,"N Quail Ct, Westminster, CO, US",1
40a9248f-56a6-41b3-a39b-3a5325a34bc3,158940270,2023-05-01 17:46:47-06:00,2023-05-01,-104.8786960382,39.3957713487,1892.0,,4.4,21.7,0.0,9.9,,1010.9,Coprinus comatus,"Skyward Way, Castle Rock, CO, US",2
9d70dc95-4e77-40f4-af72-7b0ecb801b82,158477936,2023-04-30 16:53:16-06:00,2023-04-30,-105.2643133333,39.8124,1961.0,,7.0,19.0,0.0,10.1,,1018.3,Coprinus comatus,"White Ranch Park, Golden, CO, US",3
8e0c669b-cebd-4fa0-b620-527f9571612d,154040420,2021-07-04 12:15:32-06:00,2021-07-04,-105.3716366667,39.48658,2495.0,,16.7,30.0,29.8,11.7,,1013.5,Coprinus comatus,"S Elk Creek Rd, Pine, CO, US",2
5009afc3-12bc-44a1-9c61-22495f8b7205,152246560,2021-10-13,2021-10-13,-103.003244719,42.8379544278,1035.0,,0.6,5.6,,42.2,,1004.6,Coprinus comatus,"Chadron, NE 69337, USA",1
86bc2b65-9a14-4181-9957-31a10221a408,152246482,2020-10-08,2020-10-08,-103.0000670991,42.8206343848,1047.0,,11.1,32.8,0.0,13.8,,1010.9,Coprinus comatus,"Chadron, NE 69337, USA",1
640ab0c1-72bc-4e81-85ae-d3710a640950,150139549,2014-10-11 12:51:00-06:00,2014-10-11,-104.6064815698,38.2828830975,1444.0,,6.1,18.9,0.0,7.6,,1016.2,Coprinus comatus,"Mineral Palace, Pueblo, CO 81003, USA",2
6b1a2b09-8ef3-48d5-b64a-54b5617d0040,149700632,2022-10-06 07:23:07-06:00,2022-10-06,-104.8463883333,39.3601333333,1914.0,,5.6,21.1,0.0,8.4,,1024.9,Coprinus comatus,"Castle Creek Cir, Castle Rock, CO, US",1
e76487b2-2440-41d6-8f6f-66696bf80fa5,148333635,2010-04-29 14:55:00-06:00,2010-04-29,-104.9601257,39.7321335,1646.0,,0.0,7.0,,15.0,,994.4,Coprinus comatus,"1007 York St, Denver, CO 80206, USA",1
6ea70166-fe5b-4ace-add5-cf8b2d23d6e6,146245804,2022-08-24 10:41:55-06:00,2022-08-24,-104.9153533333,38.7365,2794.0,,15.0,25.0,0.0,10.2,,1024.3,Coprinus comatus,"Pike and San Isabel National Forests, Colorado Springs, CO, US",1
c27dee12-587d-41e9-9bb5-f3988654b8e8,143725606,2022-09-30 09:43:16-06:00,2022-09-30,-103.8212666667,44.3914,1655.0,,12.0,23.0,0.0,12.6,,1015.2,Coprinus comatus,"Black Hills National Forest, Lead, SD, US",2
faea511c-ba5b-4d77-8645-3870d845f54a,142509708,2022-10-28 14:16:17-06:00,2022-10-28,-104.9228833333,39.5726916667,1745.0,,-2.2,13.9,0.0,11.0,,1026.4,Coprinus comatus,"S Holly St, Centennial, CO, US",2
a7bbe4e1-51e2-4b41-bca5-8a4e5c9a080f,141485183,2022-11-08 14:15:15-07:00,2022-11-08,-105.0659790039,40.5968933105,1513.0,,-1.1,19.4,0.0,6.8,,1012.0,Coprinus comatus,Fort Collins,2
bfc029cb-a990-468c-bb15-1ef5b7298706,141299712,2022-10-23 15:26:02-06:00,2022-10-23,-105.1185511997,39.6920779,1721.0,,4.4,18.3,3.2,25.8,,994.3,Coprinus comatus,"Kendrick Lake, Lakewood, CO, USA",2
f0835785-6c8d-4d73-88c9-7ba3562db980,141116031,2022-08-18 11:45:03-06:00,2022-08-18,-107.832925,37.9311361111,3211.0,,9.0,23.0,0.6,6.6,,1032.2,Coprinus comatus,"Mountain Village, CO, USA",2
61ab90b4-0a53-4401-a892-807606b86858,140668146,2022-10-03 13:43:20-06:00,2022-10-03,-105.0860583333,40.567345,1530.0,,9.4,22.2,,9.9,,1018.9,Coprinus comatus,"Colorado State University, Fort Collins, CO, US",2
b585f19b-a486-428b-8746-72134d030f8d,140033237,2022-10-22 17:56:00-06:00,2022-10-22,-105.28067,40.0153,1636.0,,9.0,25.0,0.0,9.0,,1000.6,Coprinus comatus,"Broadway St, Boulder, CO, US",4
5571568c-a9af-40d2-ab90-f61f405ec416,139900358,2022-10-24 14:08:12-06:00,2022-10-24,-107.9803485611,38.7769602193,1574.0,,0.2,8.1,0.9,8.5,,1018.8,Coprinus comatus,"Bobs Rd, Orchard City, CO, US",2
ad89fe85-b547-45e2-a4f8-6eb789b7142f,139790813,2022-10-23 12:15:08-06:00,2022-10-23,-105.0962221667,39.85037,1683.0,,3.0,20.0,8.8,20.6,,997.1,Coprinus comatus,"Everett Way, Arvada, CO, US",3
cdd74079-b051-4256-bb07-f99d54f881a7,139775575,2022-10-23 09:07:00-06:00,2022-10-23,-105.0878722222,40.1889333333,1544.0,,6.3,21.6,6.8,10.8,,996.6,Coprinus comatus,"Stoney Ridge, Longmont, CO 80504, USA",2
618eb163-4130-4213-a881-1c365e4d03cf,139705375,2022-10-22 13:42:11-06:00,2022-10-22,-106.0408471667,36.1185833333,1737.0,,8.2,18.0,0.1,13.3,,1013.9,Coprinus comatus,"Private Dr 1097, Ohkay Owingeh, NM, US",1
aab29675-763e-49d5-aeb1-fa5c3405ced0,139681908,2022-05-21 08:29:00-06:00,2022-05-21,-108.4484749967,37.2795031717,2495.0,,8.0,20.0,0.0,12.6,,1016.8,Coprinus comatus,"Mesa Verde National Park, Montezuma, Colorado, United States",2
4aa2186a-489b-47ec-beb9-7f54cdc4056c,139500761,2022-09-27 14:22:02-06:00,2022-09-27,-105.289755,40.0422971667,1710.0,,12.0,23.0,0.0,4.3,,1026.5,Coprinus comatus,"Linden Park Dr, Boulder, CO, US",3
c15b5f10-6fde-4374-8192-77f21bcac7a6,139487892,2022-10-18 17:25:08-06:00,2022-10-18,-104.9604873778,39.675656275,1648.0,,3.5,18.4,0.0,6.7,,1023.8,Coprinus comatus,"University of Denver, Denver, CO, US",2
798a274e-55bf-4d79-9082-1779f474c59c,139466171,2022-10-20 15:08:32-06:00,2022-10-20,-107.8633516667,38.465015,1790.0,,2.2,21.1,0.0,11.3,,1019.3,Coprinus comatus,"Montrose, CO, USA",2
258263b5-10dd-47cc-929b-956532c1be0b,139258933,2022-10-18 10:14:41-06:00,2022-10-18,-107.8262402,37.9327429,2968.0,,1.0,15.0,0.0,10.4,,1031.6,Coprinus comatus,"Mountain Village, CO, USA",2
8c5ba951-83bb-41a2-b022-a657426d7a00,139222300,2022-10-10 14:57:06-06:00,2022-10-10,-110.785125,39.592,1700.0,,6.7,22.8,0.0,7.6,,1017.6,Coprinus comatus,"Fausett Ln, Price, UT, US",3
b123ffbb-a887-46b5-87de-d69d7c7191ad,139156475,2022-10-16 10:24:50-06:00,2022-10-16,-108.546873,39.1037765,1446.0,,7.2,20.0,0.0,4.7,,1016.5,Coprinus comatus,"Grand Junction, CO 81506, USA",1
eafc2814-d050-474b-b7f7-29743ac144f5,139156340,2022-10-16 09:23:06-06:00,2022-10-16,-108.54295876,39.09777567,1437.0,,7.2,20.0,0.0,4.7,,1016.5,Coprinus comatus,"Grand Junction, CO 81506, USA",1
47f214a9-df37-491f-b954-e4200a77d02a,139148238,2022-10-17 13:13:20-06:00,2022-10-17,-105.1199188232,40.1894226074,1540.0,,1.6,19.2,0.0,4.3,,1026.7,Coprinus comatus,Longmont,2
e14eaf42-59fc-4f40-ae1e-c7e045148471,139062038,2022-10-16 17:03:40-06:00,2022-10-16,-105.0749138333,40.5707666667,1524.0,,6.1,16.1,0.0,7.1,,1025.2,Coprinus comatus,"Colorado State University, Fort Collins, CO, US",3
915190aa-ac3b-4531-97ab-bf0b062ecd92,138780413,2022-09-11 12:01:11-06:00,2022-09-11,-104.9650716667,39.7293283333,1635.0,,8.3,25.1,0.0,7.6,,1021.3,Coprinus comatus,"Cheesman Park, Denver, CO, US",2
e7b84aae-5220-48fc-80ae-cf15a73fab0f,138712822,2022-10-13 18:48:46-06:00,2022-10-13,-108.5640388889,39.07215,1406.0,,7.2,23.3,0.0,9.4,,1018.7,Coprinus comatus,"Grand Junction, CO 81501, USA",1
f50a510f-2d89-489e-bd7c-679b635495b7,138466440,2022-10-11,2022-10-11,-104.8866340434,38.6616977107,2179.0,,11.0,22.0,0.0,10.9,,1007.2,Coprinus comatus,"Colorado, US",2
3dc682cc-9e18-4aef-98b2-6bcce730674f,138452841,2022-10-11 18:54:04-06:00,2022-10-11,-107.8737612548,38.4701120845,1780.0,,5.6,22.2,0.0,11.0,,1014.0,Coprinus comatus,"Colorado Ave, Montrose, CO, US",2
c0dce34a-7cf4-4c68-bec1-dd00b07c573b,138403067,2022-10-11 10:52:33-06:00,2022-10-11,-105.037404187,39.9251256942,1608.0,,8.0,23.0,0.0,18.1,,1014.1,Coprinus comatus,"Broomfield County, US-CO, US",2
dec55683-f36b-4d7f-a038-85e235ef58d4,138308860,2022-10-10 14:56:53-06:00,2022-10-10,-110.78512,39.591995,1700.0,,6.7,22.8,0.0,7.6,,1017.6,Coprinus comatus,"Fausett Ln, Price, UT, US",3
47016119-78f1-4677-b9d2-c4767d0d761f,138295996,2022-10-10 11:46:05-06:00,2022-10-10,-107.4635752081,37.2845307128,2382.0,,2.8,17.8,0.0,6.3,,1020.5,Coprinus comatus,"San Juan National Forest - Headquarters, Bayfield, CO, US",3
088b2d1d-2aa3-4c7b-9e55-9f1dcef01dbe,138277488,2022-10-10 10:20:08-06:00,2022-10-10,-105.087775,40.5846216667,1533.0,,4.4,25.0,0.0,7.5,,1014.6,Coprinus comatus,"S Loomis Ave, Fort Collins, CO, US",3
40132ed4-595d-4d70-8376-031cfc294c43,138201664,2022-10-09 18:55:44-06:00,2022-10-09,-109.5257797241,40.4282531738,1621.0,,6.7,23.3,0.0,6.8,,1020.8,Coprinus comatus,Vernal,2
01f53f35-c008-4d3e-8327-a5b54340fcae,138185562,2022-10-09 07:52:06-06:00,2022-10-09,-105.6112966667,36.0901083333,2701.0,,5.6,18.3,0.0,8.4,,1026.7,Coprinus comatus,"Carson National Forest, Taos, NM, US",1
16103c1e-1a0d-4be0-922e-6e50b4dc5ee9,138168407,2022-10-06 13:14:44-06:00,2022-10-06,-107.80938,37.4981916667,2324.0,,6.1,18.9,0.0,4.8,,1024.7,Coprinus comatus,"San Juan National Forest - Headquarters, Durango, CO, US",3
9cad9956-1641-4b9c-933e-5e089ce7a062,138146262,2022-10-09 07:48:07-06:00,2022-10-09,-105.5933380127,44.2259521484,1457.0,,0.0,23.3,0.0,6.1,,1021.9,Coprinus comatus,"Campbell County, US-WY, US",1
7c24046e-4af9-446c-8968-d86ee04ea361,138118159,2022-10-08 08:03:00-06:00,2022-10-08,-105.0975908599,39.6614028811,1663.0,,3.3,17.8,0.0,5.6,,1028.1,Coprinus comatus,"Bear Creek, Lakewood, CO, USA",2
4e0a80b7-f899-4121-bcfd-0550b62bec0e,138070875,2022-10-07 10:17:27-06:00,2022-10-07,-104.9476383333,39.71182,1625.0,,8.1,12.7,0.0,13.9,,1027.6,Coprinus comatus,"E Cherry Creek North Dr, Denver, CO, US",2
db1f3914-81e4-4141-93cf-35483ffc0ec4,138039831,2022-10-08 15:59:00-06:00,2022-10-08,-104.9620359851,40.1216200057,1507.0,,2.5,18.4,0.1,1.9,,1029.0,Coprinus comatus,"Egret Dr, Frederick, CO, US",2
5ea2df0e-1282-4e81-a910-acf7460af8a7,138037071,2022-10-08 15:37:06-06:00,2022-10-08,-108.1860656738,43.6934585571,1318.0,,0.0,19.0,0.0,4.9,,1028.0,Coprinus comatus,Thermopolis,2
98d90e1f-7348-4fb8-b934-c72cd9eab17e,138014715,2022-10-08 12:08:58-06:00,2022-10-08,-105.1359945,40.1669466667,1522.0,,4.7,19.9,0.0,2.3,,1029.7,Coprinus comatus,"Golden Ponds Nature Area, Longmont, CO, US",2
9b320a50-7f0a-41a7-8978-311f51de5879,137996199,2022-10-08 10:36:09-06:00,2022-10-08,-105.1020423748,40.1830461542,1530.0,,4.7,19.9,0.0,2.3,,1029.7,Coprinus comatus,"Main St, Longmont, CO, US",2
f93f357a-4c81-4912-9397-de7e52367924,137978860,2022-10-08 08:33:46-06:00,2022-10-08,-104.8835983276,39.4956512451,1921.0,,3.3,17.8,0.0,5.6,,1028.1,Coprinus comatus,Castle Rock,2
0c6308e9-d63a-4aa2-92e9-aa55eb539f61,137911750,2022-10-07 16:29:37-06:00,2022-10-07,-105.0529708862,40.5488586426,1518.0,,3.9,10.6,,10.5,,1030.3,Coprinus comatus,Fort Collins,2
a4dcd377-0ae0-4535-a1ff-501e891bfbc1,137908949,2022-10-07 13:00:07-06:00,2022-10-07,-107.951745,37.271705,2312.0,,5.6,18.9,0.0,6.7,,1025.3,Coprinus comatus,"Morning Star Dr, Durango, CO, US",2
955cf715-6950-44a3-9bc6-65e827edec85,137888384,2022-10-07 12:39:06-06:00,2022-10-07,-105.2510383333,40.0378,1625.0,,3.0,11.0,0.1,5.8,,1031.8,Coprinus comatus,"Penrose Pl, Boulder, CO, US",3
0d02344d-7854-4041-827c-1c60d178bf30,137885088,2022-10-07 12:02:51-06:00,2022-10-07,-105.9550633333,35.6431783333,2094.0,,7.2,15.6,,10.7,,1024.7,Coprinus comatus,"Sawmill Rd, Santa Fe, NM, US",1
0b4328bf-6e8b-4cee-ba7f-b9018fc257a4,137884922,2022-10-07 12:07:14-06:00,2022-10-07,-105.9551616667,35.642925,2094.0,,7.2,15.6,,10.7,,1024.7,Coprinus comatus,"Sawmill Rd, Santa Fe, NM, US",2
a8ceba5f-c6c2-40a4-9b17-eeda852ffa0a,137879761,2022-10-07 09:50:50-06:00,2022-10-07,-106.3715438843,35.8329849243,2474.0,,6.7,15.1,1.6,8.9,,1031.8,Coprinus comatus,"Los Alamos County, US-NM, US",1
84db17e1-fd35-4d87-bf07-a12fe316ccf8,137856568,2022-10-06 12:29:14-06:00,2022-10-06,-104.9581833333,39.7441616667,1618.0,,7.4,19.7,0.0,7.5,,1024.1,Coprinus comatus,"City Park, Denver, CO, US",1
589b39bc-8df6-46d5-bae9-3961093808c9,137810966,2022-10-05 08:26:21-06:00,2022-10-05,-105.0176471667,39.8466,1672.0,,9.0,19.0,0.0,7.4,,1027.1,Coprinus comatus,"W 82nd Pl, Westminster, CO, US",2
a5146171-641e-4769-a599-e56d1b62e9a2,137810124,2022-10-06 17:53:52-06:00,2022-10-06,-105.0844238413,40.5909991445,1528.0,,5.0,22.8,0.0,9.4,,1024.8,Coprinus comatus,"Maple St, Fort Collins, CO, US",2
f02779e3-9221-42c4-8bfc-ad2a30cde05e,137804974,2022-10-05 13:19:14-06:00,2022-10-05,-105.2338166667,39.7670133333,1794.0,,9.0,19.0,0.0,7.4,,1027.1,Coprinus comatus,"N Rubey Dr, Golden, CO, US",1
da4a1b52-4a11-4bea-8e53-2da1d58c5193,137688593,2022-10-05 16:32:16-06:00,2022-10-05,-105.2124527341,39.7470569963,1754.0,,9.0,19.0,0.0,7.4,,1027.1,Coprinus comatus,"Jackson St, Golden, CO, US",3
8327720e-b772-43da-9eb7-eb9875bccbd4,137653682,2022-10-04 15:27:56-06:00,2022-10-04,-107.8778133263,37.918127873,2921.0,,3.0,15.0,0.2,6.1,,1028.3,Coprinus comatus,"San Miguel County, US-CO, US",3
4af64c50-fece-4141-937d-be13c908e0dd,137626318,2022-10-03 15:22:36-06:00,2022-10-03,-105.0390728563,40.5740327245,1500.0,,9.4,22.2,,9.9,,1018.9,Coprinus comatus,"Fort Collins, CO 80525, USA",2
c0c03686-adaa-4f33-9794-f1fa871c6cb3,137581953,2022-10-04 16:53:21-06:00,2022-10-04,-104.8715133333,38.863,1903.0,,7.8,18.1,,8.8,,1018.7,Coprinus comatus,"Valley Rd, Colorado Springs, CO, US",2
b88d1677-4dcf-4bb1-92b2-4a768bd0817a,137544393,2022-10-04 11:18:18-06:00,2022-10-04,-104.9122349639,39.6895045555,1650.0,,8.4,18.0,0.2,9.1,,1019.4,Coprinus comatus,"Cook Park Recreation Center, Denver, CO, US",2
428a7d43-8fe8-42fd-80bc-40afa035af32,137544234,2022-10-04 11:16:10-06:00,2022-10-04,-104.912175201,39.689575634,1650.0,,8.4,18.0,0.2,9.1,,1019.4,Coprinus comatus,"Cook Park Recreation Center, Denver, CO, US",2
0344031b-8d51-4c2d-a797-3abc438a51db,137443361,2022-10-03 12:41:36-06:00,2022-10-03,-105.0809618904,40.5707832732,1529.0,,9.4,22.2,,9.9,,1018.9,Coprinus comatus,"Colorado State University, Fort Collins, CO, US",2
db5be285-da1d-47b8-a978-4a0ef2947fdb,137422821,2022-10-03 09:47:16-06:00,2022-10-03,-107.8845908934,38.4726235723,1767.0,,5.0,18.3,3.4,12.5,,1021.7,Coprinus comatus,"Cerise Park, Montrose, CO, US",3
e0388c28-6e52-4f5e-a6ab-2dc9c23da095,137353708,2022-10-02 17:50:59-06:00,2022-10-02,-107.3285350386,39.5473463519,1758.0,,-1.7,9.3,47.6,6.9,,1021.7,Coprinus comatus,"Seventh St, Glenwood Springs, CO, US",1
11d6b473-91ee-4c76-b98e-05813359ae2a,137325961,2022-10-02 14:03:08-06:00,2022-10-02,-105.0755166667,40.6155316667,1524.0,,7.8,22.2,0.0,8.1,,1018.2,Coprinus comatus,"Poudre Valley Mobile Home Park, Colorado 80524, USA",2
0587cddb-3d1c-4f14-9101-feaa6269dfe0,137322335,2022-10-02 13:37:34-06:00,2022-10-02,-106.8293228149,40.5552978516,2475.0,,6.0,16.7,4.2,7.4,,1024.6,Coprinus comatus,Steamboat Springs,2
4342931a-7a35-4688-a8b1-1baf4a1fb234,137321706,2022-10-02 11:37:01-06:00,2022-10-02,-105.0760212913,40.4966984629,1527.0,,7.8,22.2,0.0,8.1,,1018.2,Coprinus comatus,"Old Town West, Fort Collins, CO, USA",2
cb8d710e-6928-4a7d-9f28-5215ab6a089d,137290821,2022-10-01 09:48:00-06:00,2022-10-01,-107.2423490832,37.5234106368,2725.0,,7.0,20.0,6.3,8.9,,1023.8,Coprinus comatus,"Hinsdale County, CO, USA",2
04ddf59d-9449-4a15-9060-9bac063f7b0a,137173022,2022-10-01 11:47:52-06:00,2022-10-01,-104.8318992894,39.0893394697,2247.0,,6.3,20.8,3.5,15.1,,1015.5,Coprinus comatus,"Woodmoor, CO 80132, USA",3
5089d557-1e31-41be-8421-b4b59d3e4dd7,137163486,2022-09-29 10:04:24-06:00,2022-09-29,-105.2513857931,40.0113305183,1610.0,,12.0,28.0,0.0,6.3,,1021.8,Coprinus comatus,"Baseline Sub, Boulder, CO, USA",2
24cf9944-a149-415b-ac21-e39309de262a,137045718,2022-09-30 11:06:06-06:00,2022-09-30,-107.8543944444,37.2817277778,2094.0,,5.6,23.9,0.0,6.7,,1015.7,Coprinus comatus,"Durango, CO, USA",2
86ebf146-544f-490b-9a26-8b410e116ca9,137028882,2022-09-30 08:21:00-06:00,2022-09-30,-105.1457138333,40.0190111667,1603.0,,11.0,25.0,3.1,7.1,,1018.3,Coprinus comatus,"Park Lake Dr, Lafayette, CO, US",2
cf8d9d0b-963e-4c6b-83f1-cfcfd560616d,137028816,2022-09-30 08:21:56-06:00,2022-09-30,-105.1457138333,40.0190111667,1603.0,,11.0,25.0,3.1,7.1,,1018.3,Coprinus comatus,"Park Lake Dr, Lafayette, CO, US",1
15e538ba-a741-47cb-88b1-2b824a5d0d51,137028758,2022-09-30 08:22:47-06:00,2022-09-30,-105.1457138333,40.0190111667,1603.0,,11.0,25.0,3.1,7.1,,1018.3,Coprinus comatus,"Park Lake Dr, Lafayette, CO, US",1
c1bf1fbd-62e5-4416-ad57-6edc019baa5c,136996156,2022-09-29 17:24:37-06:00,2022-09-29,-105.2897116667,40.042325,1710.0,,12.0,28.0,0.0,6.3,,1021.8,Coprinus comatus,"Linden Park Dr, Boulder, CO, US",1
d29ef054-f959-4c68-a334-d39311397588,136996138,2022-09-29 17:24:33-06:00,2022-09-29,-105.2897866667,40.0423611667,1710.0,,12.0,28.0,0.0,6.3,,1021.8,Coprinus comatus,"Wonderland Hill Ave, Boulder, CO, US",1
0cab5da4-6aeb-42ac-841a-09540768b207,136762404,2022-09-26 12:45:22-06:00,2022-09-26,-105.0353305,39.9848366667,1606.0,,5.5,28.0,0.0,4.2,,1025.5,Coprinus comatus,"Lowell Blvd, Broomfield, CO, US",1
177b40f4-b2fa-4859-922e-926585582ea8,136605358,2022-09-26 12:56:26-06:00,2022-09-26,-104.7857132554,39.4365203377,1890.0,,8.9,25.6,0.0,9.0,,1021.6,Coprinus comatus,"Rialto Dr, Parker, CO, US",2
f9e8e058-67a5-499d-bbd4-85bb40567f0b,136507872,2022-09-25 14:34:33-06:00,2022-09-25,-106.0410166667,36.1221916667,1741.0,,12.9,22.5,0.0,9.4,,1029.8,Coprinus comatus,"County Road 57, Ohkay Owingeh, NM, US",1
706f8b16-ed0f-463d-9119-0dc027152b5f,136308175,2022-09-24 11:44:38-06:00,2022-09-24,-105.0986616871,40.5598760655,1536.0,,7.2,27.8,0.0,7.9,,1018.3,Coprinus comatus,"Rolland Moore Park, Fort Collins, CO, US",1
3bc04d3c-3005-46c9-9bd0-578501551610,136185579,2022-09-23 12:20:25-06:00,2022-09-23,-105.0672149658,39.8731040955,1652.0,,10.0,27.0,0.0,21.8,,1019.3,Coprinus comatus,Westminster,2
bd034c40-98db-4362-8a98-dd99f8d3714d,135799245,2022-09-19 19:07:21-06:00,2022-09-19,-105.0677028333,39.583855,1683.0,,12.2,29.4,0.0,7.8,,1011.9,Coprinus comatus,"S Newland St, Littleton, CO, US",2
274172ac-8778-4e50-93ba-02f734d8a9d5,135610228,2022-09-18 09:30:00-06:00,2022-09-18,-105.7616543432,39.8900779901,2778.0,,-0.9,13.3,0.0,8.6,,1015.8,Coprinus comatus,"Winter Park, CO 80482, USA",2
10ecf939-b2d7-4a8d-a72f-6aa5ef4023c7,134954010,2021-05-31 14:35:12-06:00,2021-05-31,-105.6156916667,40.3514866667,2474.0,,2.5,16.0,0.8,6.6,,1026.7,Coprinus comatus,"Rocky Mountain National Park, Estes Park, CO, US",3
0b9b16d6-11f9-4e37-a7bd-a56d978701e2,134881810,2022-08-21 14:09:52-06:00,2022-08-21,-108.0706868693,37.8982459223,2883.0,,9.0,17.0,1.7,4.5,,1031.4,Coprinus comatus,"Placerville, CO 81430, USA",3
bbd54d57-6fca-48c0-a81d-b1309b65f2ff,134347412,2022-08-16 12:54:00-06:00,2022-08-16,-107.8265872,37.929326,3075.0,,11.0,17.0,16.4,3.4,,1030.8,Coprinus comatus,"Mountain Village, CO, USA",2
cf448408-d943-42b4-9120-843f0a04c1ba,134347407,2022-08-16 12:17:00-06:00,2022-08-16,-107.8324922,37.9303724,3211.0,,11.0,17.0,16.4,3.4,,1030.8,Coprinus comatus,"Mountain Village, CO, USA",3
bdb03a45-137b-4780-91ca-2eb6a23c010f,134089265,2022-09-07 14:23:54-06:00,2022-09-07,-106.0442199558,39.6007779817,2785.0,,11.9,23.0,0.0,5.5,,1042.5,Coprinus comatus,"Keystone, CO 80435, USA",2
bb3e921f-badc-4a55-a697-0f42110eaa97,134078753,2022-09-07 13:23:49-06:00,2022-09-07,-106.0718841553,38.5083312988,2302.0,,13.2,29.5,0.0,6.7,,1034.5,Coprinus comatus,Poncha Springs,2
9202c926-211b-4571-9663-b4e41d64229c,134045582,2022-08-28,2022-08-28,-105.0569303334,38.9939835162,2596.0,,12.1,27.9,,11.8,,1007.9,Coprinus comatus,Woodland Park,2
b80b1c16-c9e0-48dd-8f97-de2456cfdcf8,133945510,2022-09-06 11:56:36-06:00,2022-09-06,-106.5979783333,37.6078533333,3127.0,,11.8,29.0,0.0,14.8,,1031.8,Coprinus comatus,"Rio Grande National Forest, South Fork, CO, US",2
33ae7f71-c721-4e5b-ab6c-d2a61cf09fa7,133918096,2022-09-04 18:49:38-06:00,2022-09-04,-105.5675133333,36.4022333333,2126.0,,7.2,28.3,0.0,7.6,,1023.9,Coprinus comatus,"Kit Carson Rd, Taos, NM, US",1
774d101d-85f1-4f26-8673-3bfe436c45df,133837858,2022-09-05 15:07:53-06:00,2022-09-05,-107.9173666667,37.3360666667,2203.0,,8.9,33.9,2.8,9.0,,1014.8,Coprinus comatus,"San Juan National Forest - Headquarters, Hesperus, CO, US",2
b308f724-2d74-4bf5-af93-5c300028d377,133791229,2021-07-11 11:06:30-06:00,2021-07-11,-105.068640957,38.1173866606,2316.0,,,,,,,,Coprinus comatus,"Colorado, US",2
51a24e5f-04ef-42fc-bee7-2581dc068bb0,133578836,2022-09-03 12:47:18-06:00,2022-09-03,-105.7971716667,35.791595,3252.0,,13.3,27.2,0.0,13.9,,1019.7,Coprinus comatus,"Ski Santa Fe, Santa Fe, NM, US",1
dd648b3e-e5f0-46bb-a6f3-a5efbc6e015e,133337579,2022-09-02 08:38:29-06:00,2022-09-02,-105.14985,39.6013533333,1811.0,,16.1,31.1,9.7,12.7,,1014.7,Coprinus comatus,"W Coal Mine Dr, Littleton, CO, US",2
34836fb8-563d-43bd-8f9f-be114d67cf5b,133332738,2022-09-01 15:20:27-06:00,2022-09-01,-105.38192,39.4974883333,2511.0,,13.9,31.1,0.0,8.8,,1014.3,Coprinus comatus,"Staunton State Park, Pine, CO, US",2
9d4685d6-76bb-4366-a063-4b0d0e14bc0f,133272108,2022-09-01 17:20:54-06:00,2022-09-01,-104.8747471426,39.6054747534,1741.0,,13.9,31.1,0.0,8.8,,1014.3,Coprinus comatus,"E Maplewood Ave, Englewood, CO, US",2
034638d7-5059-4db4-9ee3-8197b7c55a51,133245305,2022-09-01 13:17:35-06:00,2022-09-01,-105.7904739518,39.9355388262,2667.0,,1.0,13.4,0.2,8.0,,1021.7,Coprinus comatus,"Fraser, CO, US",2
e708c6da-c55b-4e0e-bb03-3a9f57b37434,133166517,2022-08-18 18:22:00-06:00,2022-08-18,-107.8128888889,37.9352138889,2721.0,,9.0,23.0,0.6,6.6,,1032.2,Coprinus comatus,"Telluride, CO 81435, USA",2
9662f3c3-3816-4c6b-9508-4af2c314d11a,133121597,2022-08-31 13:58:11-06:00,2022-08-31,-105.512336731,39.968536377,2593.0,,17.0,33.0,0.5,5.8,,1023.6,Coprinus comatus,Nederland,2
58714339-92a5-47de-8c27-ea2cff41b4ca,132857420,2022-08-19 00:28:00-06:00,2022-08-19,-106.399526725,35.9157850693,2904.0,,13.8,22.7,0.0,8.7,,1025.2,Coprinus comatus,"Los Alamos County, NM, USA",2
ddb2a8aa-c444-44ff-a88f-d0bdc610886d,132596299,2022-08-28 07:45:27-06:00,2022-08-28,-105.1082916667,39.9794916667,1603.0,,12.8,34.2,0.0,8.9,,1012.9,Coprinus comatus,"Coal Creek Corridore Open Space, Lafayette, CO, US",1
cf70342e-dcef-43a2-b04e-bee2790d04b4,132362652,2022-08-21 10:09:46-06:00,2022-08-21,-107.8361675888,37.932516874,3147.0,,9.0,17.0,1.7,4.5,,1031.4,Coprinus comatus,"Mountain Village, CO, USA",2
9de22cdc-99be-4d1e-8dd6-2ce11671ffec,132349237,2022-08-19 17:14:22-06:00,2022-08-19,-107.937585935,37.7963233889,3071.0,,10.0,17.0,7.5,3.4,,1030.0,Coprinus comatus,"Durango, CO 81301, USA",1
64175836-4cf7-4f94-8cdd-918ae14ba210,132231657,2022-08-21 09:36:18-06:00,2022-08-21,-106.982345,39.095875,3494.0,,11.1,20.0,,7.2,,1016.8,Coprinus comatus,"White River National Forest, Snowmass, CO, US",2
2edae584-e314-4e84-97d0-cbbc9ee78824,131527452,2022-08-16 11:15:03-06:00,2022-08-16,-105.6566121916,36.0567032549,3091.0,,11.7,28.3,,15.2,,1018.8,Coprinus comatus,"Carson National Forest, Truchas, NM, US",2
5d24027c-60fd-49a3-acfa-41a9cdf88305,131522659,2022-08-17 10:06:19-06:00,2022-08-17,-107.826613225,37.9294915709,3075.0,,11.0,18.0,5.0,4.6,,1033.1,Coprinus comatus,"Mountain Village, CO, USA",3
a36e2544-0167-45dc-80a4-750f5ada5118,131147125,2016-05-09 18:44:04-06:00,2016-05-09,-105.1434166667,40.5538366667,1584.0,,6.0,19.0,,10.9,,,Coprinus comatus,"Fort Collins, CO, US",1
77aea07c-a371-47dc-b290-e36e6ebefcd7,131145903,2022-08-15 17:28:02-06:00,2022-08-15,-107.0107624,37.9597145997,3686.0,,,,,,,,Coprinus comatus,"Hinsdale County, CO, USA",1
20f31f4a-bc9e-4312-893d-4e034333bd22,130881457,2022-08-14 19:54:58-06:00,2022-08-14,-107.9636839738,38.1442556616,2833.0,,11.0,25.0,2.6,6.9,,1031.8,Coprinus comatus,"Placerville, CO, US",1
0e4550a0-f0d4-45a9-ad9d-ce2cf760a215,130797757,2022-08-13 13:50:18-06:00,2022-08-13,-107.6697218,37.5380747997,3525.0,,14.4,31.1,0.0,7.0,,1017.1,Coprinus comatus,"Chimney Rock, CO 81122, USA",2
9f096948-4911-435d-92ba-f2603136dd6f,130455587,2022-08-11 12:31:36-06:00,2022-08-11,-107.2075366667,40.0326305,3141.0,,15.6,31.1,0.0,13.5,,1017.9,Coprinus comatus,"White River National Forest, Gypsum, CO, US",2
08b60f87-a983-4fad-816e-7175a5510265,130419365,2022-07-22 11:00:00-06:00,2022-07-22,-106.6928474,37.4425209233,3507.0,,11.0,18.0,6.6,11.4,,1040.9,Coprinus comatus,"Rio Grande County, CO, USA",2
70ad4720-0c42-40de-a647-732f1a3017dc,129745995,2022-08-06 15:12:30-06:00,2022-08-06,-105.8151019,35.7893224,3136.0,,13.9,30.6,,10.5,,1014.0,Coprinus comatus,"San Ildefonso Pueblo, NM 87506, USA",1
c3923e41-df45-45d3-894c-c67146bf07b5,129158884,2022-07-24 07:47:19-06:00,2022-07-24,-109.5786210895,40.8069111977,2962.0,,16.1,25.0,,5.2,,1014.8,Coprinus comatus,"Naples, UT 84078, USA",3
1f378968-4162-498a-a00f-31bf15272961,129058632,2022-08-01 16:40:17-06:00,2022-08-01,-105.7709583333,39.823375,3279.0,,3.8,14.6,6.8,5.9,,1023.1,Coprinus comatus,"Arapaho & Roosevelt National Forests Pawnee National Grassland, Parshall, CO, US",2
8856fb44-4b16-4ebf-8ce2-5f1a3b7d6bc6,128451057,2022-07-29 08:16:00-06:00,2022-07-29,-107.1215722222,37.2589194444,2308.0,,13.0,21.0,20.5,5.9,,1029.1,Coprinus comatus,"Archuleta County, CO, USA",2
33f9c172-f5d2-49cd-a67f-b6929a184e19,128347924,2022-07-28 13:04:00-06:00,2022-07-28,-106.1109253,39.61233729,3010.0,,8.0,15.0,3.3,11.9,,1038.8,Coprinus comatus,"Summit County, US-CO, US",2
bbbad354-19db-43b5-8187-9ed37d0a071e,128209194,2022-07-27 09:19:49-06:00,2022-07-27,-106.0506888333,39.3581633333,3618.0,,7.2,24.4,0.0,8.7,,1014.8,Coprinus comatus,"White River National Forest, Breckenridge, CO, US",2
cc981ea8-d863-419c-8409-01d75a0f0845,127911702,2022-07-24 11:00:17-06:00,2022-07-24,-106.3886216283,35.8925740662,2845.0,,17.6,28.0,2.0,12.7,,1026.8,Coprinus comatus,"Los Alamos County, NM, USA",1
1bcbc7ce-b86f-4d68-be34-6408f0c4eb37,127852497,2021-10-11 15:07:23-06:00,2021-10-11,-103.6758910865,41.8250208843,1213.0,,1.7,20.6,0.0,18.4,,1008.4,Coprinus comatus,Gentry Park,2
13d3a77e-f6d3-44bb-bef9-60244ecb04de,127850371,2022-07-24 12:00:26-06:00,2022-07-24,-107.408845,39.3091366667,3092.0,,8.6,16.2,13.4,4.8,,1018.7,Coprinus comatus,"White River National Forest, Carbondale, CO, US",2
a9c95ba0-eb87-45f5-b492-e24169a280ff,127671988,2022-07-23 11:12:25-06:00,2022-07-23,-106.40983016,38.80972198,3602.0,,5.5,23.6,7.4,6.2,,1017.8,Coprinus comatus,"Chaffee County, US-CO, US",1
d6362d77-785f-449f-be38-70a90c1be7f2,127396885,2022-07-22 10:31:58-06:00,2022-07-22,-105.3704383333,39.3099966667,2469.0,,7.3,22.2,0.5,6.7,,1016.3,Coprinus comatus,"Pike and San Isabel National Forests, Sedalia, CO, US",2
6598fdd4-731b-4a96-b9df-c786cc5701ae,127393565,2022-07-22 07:34:41-06:00,2022-07-22,-106.5330716667,35.8178716667,2581.0,,19.7,29.6,2.7,9.8,,1025.9,Coprinus comatus,"Santa Fe National Forest, Jemez Springs, NM, US",2
0b17c6ee-074c-4206-8029-a07cd1664ae6,127238981,2022-07-04 10:17:00-06:00,2022-07-04,-107.9497893,39.0402581,3100.0,,16.1,35.3,0.0,7.6,,1018.4,Coprinus comatus,"Grand Mesa, CO 81413, USA",2
6c6be8b6-749a-43c5-8394-a5efd24021ed,127083651,2022-07-12 09:46:40-06:00,2022-07-12,-105.5533769,39.7151526,2592.0,,1.4,15.2,1.4,8.8,,1021.8,Coprinus comatus,"Idaho Springs, CO 80452, USA",2
8cab8259-6072-4e57-a9d1-4f2e0fd6b0ab,124813240,2019-06-05 11:40:52-06:00,2019-06-05,-105.073277,39.872812,1645.0,,7.3,26.7,,6.7,,,Coprinus comatus,west central Westminster,2
36a8174a-4320-4765-bc5a-67cf73e00dc9,123234898,2022-06-15 12:56:13-06:00,2022-06-15,-105.105875,40.0025444444,1624.0,,9.7,31.8,0.0,13.8,,1015.7,Coprinus comatus,"Lafayette, CO, USA",1
8b7b78cc-5653-43df-afb6-6f485e077527,121806715,2022-06-14 17:40:56-06:00,2022-06-14,-104.8136016667,39.6430433333,1755.0,,10.5,28.7,0.0,20.9,,1003.2,Coprinus comatus,"Meadow Hills, Aurora, CO 80014, USA",1
cda9b658-ca37-4c89-8b91-4e33cfb38e56,121246947,2022-06-11 09:24:16-06:00,2022-06-11,-105.12694761,39.83256621,1692.0,,18.0,36.0,0.0,13.2,,1015.4,Coprinus comatus,"Oak Park, Arvada, CO 80005, USA",1
e76c7871-7512-4cb8-84f4-664531e2bd6c,121146346,2022-06-10 07:41:02-06:00,2022-06-10,-105.02095,39.8443333333,1659.0,,12.7,32.6,0.0,9.0,,1014.9,Coprinus comatus,"W 80th Way, Westminster, CO, US",2
a47bf7c4-d941-4b6f-938f-d5e4028a0be6,120690409,2022-06-07 10:52:46-06:00,2022-06-07,-105.0773606974,40.5230171649,1538.0,,11.7,28.3,,13.6,,1012.4,Coprinus comatus,"S Mason St, Fort Collins, CO, US",2
c368b3a2-6a8c-48ef-ae48-cd6d6afd1261,119965700,2021-09-30 09:10:19-06:00,2021-09-30,-105.1755624264,39.5844928979,1919.0,,5.6,11.7,,8.7,,1024.9,Coprinus comatus,"Valley Legacy, CO 80127, USA",1
9ab95d07-b6c8-45b6-96ec-9fc16a0b1b23,119940494,2022-06-02 16:50:37-06:00,2022-06-02,-105.0588445,39.75267,1631.0,,6.6,21.4,0.0,7.4,,1015.5,Coprinus comatus,"Eaton St, Edgewater, CO, US",1
5eaf377d-e61d-456a-9a32-7b2c5bdd42d6,119755258,2022-06-01 10:44:38-06:00,2022-06-01,-104.8647216667,39.5644133333,1784.0,,2.8,13.3,,11.2,,1023.8,Coprinus comatus,"Inverness Way S, Englewood, CO, US",2
3e964fb5-37b5-4898-bfe0-c7320c3e7caf,118419393,2022-05-12 12:18:00-06:00,2022-05-12,-103.4793916667,43.5581027778,1264.0,,2.8,13.9,,20.6,,1006.4,Coprinus comatus,"Custer County, SD, USA",2
37c12d68-413f-40b0-ade0-2fc1191a0a51,118378293,2022-05-19 07:24:15-06:00,2022-05-19,-105.105489877,40.397211583,1522.0,,5.6,30.0,0.0,16.5,,997.3,Coprinus comatus,"Eisenhower Blvd-Taft Ave, Loveland, CO, US",3
470b21b7-59c6-4665-97c9-7532995a33a7,118280835,2022-05-22 14:21:41-06:00,2022-05-22,-105.0760888333,39.8567116667,1665.0,,2.0,15.0,0.1,9.1,,1022.7,Coprinus comatus,"Towne Center at Brookhill, Westminster, CO, US",3
ecd565e7-edde-4c55-a3dd-58596ca06d89,118280785,2022-05-22 14:21:19-06:00,2022-05-22,-105.0761416667,39.8566283333,1665.0,,2.0,15.0,0.1,9.1,,1022.7,Coprinus comatus,"Towne Center at Brookhill, Westminster, CO, US",2
5c93df23-7b46-44d4-bb61-c8e145da4719,118280749,2022-05-22 14:19:11-06:00,2022-05-22,-105.0769721667,39.8567283333,1665.0,,2.0,15.0,0.1,9.1,,1022.7,Coprinus comatus,"Towne Center at Brookhill, Westminster, CO, US",2
fa20cfc7-ec17-419e-ad3f-14393756be53,118010721,2022-05-21 08:32:41-06:00,2022-05-21,-108.4484746923,37.2794765369,2495.0,,8.0,20.0,0.0,12.6,,1016.8,Coprinus comatus,"Mesa Verde National Park, Mancos, CO, US",1
6b702cd1-d7f8-4e5b-bc8b-13545ebb4a2a,117922727,2022-05-02 12:54:47-06:00,2022-05-02,-104.6573290997,38.3017009,1460.0,,3.3,17.2,0.0,28.4,,1007.7,Coprinus comatus,"Hyde Park, Pueblo, CO, USA",1
24208201-530b-4045-aad6-ea0d2b5b2885,117725345,2022-05-19 07:48:57-06:00,2022-05-19,-106.1846466064,42.8480262756,1547.0,,0.0,16.1,3.6,22.7,,1000.8,Coprinus comatus,Evansville,1
8de32dc2-d6dc-4c3a-9f6f-88928e59eafa,117510076,2022-05-17 16:01:23-06:00,2022-05-17,-103.40484789,44.25058381,1072.0,,11.0,22.0,0.3,13.8,,1012.0,Coprinus comatus,"Bethlehem, SD 57769, USA",2
8867c24d-a914-432c-9d9a-48571b2921a6,117386131,2022-05-16 14:39:11-06:00,2022-05-16,-105.613543354,41.3004228512,2187.0,,2.0,23.0,0.7,14.8,,1018.7,Coprinus comatus,"Laramie, WY, USA",2
6b562434-2c2b-4e45-91d1-bf766b38a920,117127275,2022-05-15 06:58:05-06:00,2022-05-15,-105.212127126,39.7455282606,1762.0,,13.0,24.0,0.0,14.3,,1021.5,Coprinus comatus,"24th St, Golden, CO, US",1
d8c8092e-31f8-4416-b90f-35bde389d598,116285658,2022-05-09 09:14:32-06:00,2022-05-09,-106.1802978516,42.8533706665,1545.0,,-2.7,11.1,5.6,30.6,,1002.3,Coprinus comatus,Evansville,1
dda21048-1b0f-424e-8ab5-1a07954ae4c4,116089541,2022-05-07 13:46:50-06:00,2022-05-07,-104.9632866667,39.7312866667,1646.0,,12.2,28.8,,20.8,,999.7,Coprinus comatus,"Denver Botanic Gardens, Denver, CO, US",1
4b0a2287-dcea-49d3-87c6-d29af3823cd8,114458584,2022-05-01 13:28:24-06:00,2022-05-01,-105.13019917,39.97084877,1631.0,,3.0,15.0,0.5,15.8,,1014.3,Coprinus comatus,"Boulder County, US-CO, US",2
90ea9bab-7d3a-4261-80a6-61620821eaa4,113628379,2022-04-29 18:47:21-06:00,2022-04-29,-105.2619247437,40.0213813782,1618.0,,8.0,18.0,0.0,23.6,,1006.7,Coprinus comatus,Boulder,2
eef2b256-8c8b-4bd2-bc2a-47a4e164ff3e,110308823,2021-08-21 06:05:40-07:00,2021-08-21,-106.2903762682,39.6322864135,2597.0,,5.0,13.0,2.2,22.6,,1032.1,Coprinus comatus,"White River National Forest, Vail, CO, US",3
5f511de6-065b-4b91-a3b2-f81fada8e379,109261396,2021-08-01,2021-08-01,-105.6179009378,35.7098430816,2697.0,,12.2,19.4,,15.1,,1022.9,Coprinus comatus,"Location: 35.709843, -105.617901",2
ad5d533f-89fa-4170-917f-85ca078d8509,107145807,2021-07-27 14:52:00-06:00,2021-07-27,-105.739428,39.601673,3622.0,,12.0,23.0,0.0,10.4,,1041.1,Coprinus comatus,"Silver Dollar Lake Trail, Colorado 80435, USA",3
ca2b94bf-8d3d-4f7a-b637-81100ddd38e4,103098468,2021-10-11 10:48:10-06:00,2021-10-11,-105.8110666667,40.2496333333,2581.0,,-5.6,15.6,0.0,5.4,,1012.8,Coprinus comatus,"Arapaho National Recreation Area, Grand Lake, CO, US",1
c16f6e7e-9cbf-4fbf-878a-7b4832e87ee2,101865686,2021-10-05 17:16:26-06:00,2021-10-05,-105.07125,40.5621866667,1520.0,,7.2,28.9,0.0,12.4,,1018.2,Coprinus comatus,"Spring Park, Fort Collins, CO, US",2
5bc7a7d7-abee-46ff-b789-c0ba10e9a99b,100449794,2021-11-03 16:37:50-06:00,2021-11-03,-107.3460466667,39.5574833333,1763.0,,3.3,14.4,0.0,4.0,,1025.4,Coprinus comatus,"Midland Ave, Glenwood Springs, CO, US",3
a3001695-dbdc-40cd-b056-b7242c003109,100402546,2021-11-06 09:13:35-06:00,2021-11-06,-107.3255996704,39.52501297,1767.0,,-1.7,18.9,0.0,4.1,,1020.8,Coprinus comatus,Glenwood Springs,2
210a910d-fb9a-417b-9228-6a8061e70dcf,100285606,2021-11-03 14:32:00-06:00,2021-11-03,-108.0816670508,38.7488979677,1503.0,,4.4,16.4,0.3,5.4,,1026.6,Coprinus comatus,"Delta, CO 81416, USA",2
5948f350-ff9a-4da5-bb59-2125dbe8eb1b,99936899,2021-10-31 16:18:27-06:00,2021-10-31,-108.5235583333,39.0419388333,1430.0,,4.4,13.3,0.0,7.9,,1015.3,Coprinus comatus,"Village Ln, Grand Junction, CO, US",2
7f4e8cc9-1728-47da-8c86-494113b8e415,99565767,2021-10-27 13:03:54-06:00,2021-10-27,-105.6006449462,36.5243169945,2287.0,,-6.1,12.8,0.0,18.7,,1018.5,Coprinus comatus,"Hondo Seco Rd, Arroyo Seco, NM, US",1
83d31e8a-d85a-4568-a4a1-c2bbfdd69b57,99398279,2021-10-25 16:42:20-06:00,2021-10-25,-104.9208221436,36.5132637024,1971.0,,-1.9,19.4,0.0,11.6,,1022.5,Coprinus comatus,Cimarron,1
dfb270e0-3f58-41c1-b853-5b9eabaf11db,99374213,2021-10-25 12:56:33-06:00,2021-10-25,-104.8908615112,39.7336273193,1634.0,,5.1,22.0,,15.0,,1008.1,Coprinus comatus,Denver,1
6b91fe4f-f65f-49b9-a387-06862a98c926,99146911,2021-10-23 16:07:57-06:00,2021-10-23,-105.1064,39.8484533333,1691.0,,6.0,19.0,0.0,9.0,,1008.8,Coprinus comatus,"Jellison Ct, Arvada, CO, US",1
e136251a-458c-4fb9-bca1-0aea8f4e688f,99112700,2021-10-23 12:11:11-06:00,2021-10-23,-105.03810984,40.5799581,1501.0,,4.4,17.2,0.0,7.3,,1005.5,Coprinus comatus,"Severance, CO 80524, USA",2
ab626538-cce0-4b21-9654-53982ae28abe,98920929,2021-10-02 16:16:11-06:00,2021-10-02,-105.031654872,39.7244457281,1630.0,,8.4,20.0,,8.7,,1020.0,Coprinus comatus,"Knox Ct & W 5th Ave, Denver, CO 80204, USA",2
f9b0c543-a052-40be-bc55-4ccff925a7c5,98368892,2021-10-15 17:32:04-06:00,2021-10-15,-104.7573968883,38.8920592927,1965.0,,-1.0,11.1,0.0,7.6,,1025.4,Coprinus comatus,"Marketplace at Austin Bluffs, Colorado Springs, CO, US",2
abf376c7-0288-4999-8d84-072201a19ce1,98013453,2021-10-12 09:24:00-06:00,2021-10-12,-105.2532966667,40.0062472167,1619.0,,2.0,10.0,3.6,9.8,,1004.2,Coprinus comatus,"30th St, Boulder, CO, US",2
965027f4-d8fb-478e-a972-9f9c581f6984,98005912,2021-10-10 12:44:13-06:00,2021-10-10,-105.0863721667,39.8407966667,1661.0,,5.0,19.0,0.0,12.9,,1014.0,Coprinus comatus,"NORTHRIDGE S.C., Arvada, CO, US",2
36297253-e85e-4f8c-82a8-5d3d4e9ee548,97963801,2021-10-10 18:26:14-06:00,2021-10-10,-105.0319867997,39.9311885997,1604.0,,5.0,19.0,0.0,12.9,,1014.0,Coprinus comatus,"Westlake Dr & S Princess Cir, Broomfield, CO 80020, USA",2
93e94d18-05ca-45c8-a92e-215a21637dfa,97803064,2021-10-10 12:46:57-06:00,2021-10-10,-103.68301497,41.85494973,1183.0,,5.0,21.1,0.0,16.9,,1008.9,Coprinus comatus,"Scottsbluff, NE 69361, USA",2
1b9a24ef-14d6-4796-9322-9a5dcb05ac6a,97790534,2021-10-09 16:41:21-06:00,2021-10-09,-105.0965361667,39.85027,1683.0,,11.0,21.0,0.1,23.5,,1012.2,Coprinus comatus,"Everett Way, Arvada, CO, US",2
ead4a07a-597d-4bb4-9704-92f7d80a3ded,97790488,2021-10-09 16:37:51-06:00,2021-10-09,-105.0956638333,39.8515883333,1683.0,,11.0,21.0,0.1,23.5,,1012.2,Coprinus comatus,"Everett Way, Arvada, CO, US",2
921d3de8-e5f3-441e-b781-eda9386e6b29,97786740,2021-09-19 13:16:00-06:00,2021-09-19,-107.5342226028,39.8654795138,2323.0,,7.2,22.2,,23.8,,1011.0,Coprinus comatus,"South Fork Campground Rio Blanco County, CO, USA",3
1d0a0b3b-3b69-4996-9e07-f72e31f72df0,97717388,2021-10-09 14:18:05-06:00,2021-10-09,-104.9630355274,39.5578792221,1740.0,,11.1,22.2,0.0,18.3,,1006.5,Coprinus comatus,"Terrace Dr, Highlands Ranch, CO, US",2
4dc730ae-d002-40d7-bd5d-fffe7c193a78,97646144,2021-10-09 08:23:14-06:00,2021-10-09,-104.9633033333,39.7313166667,1646.0,,11.1,19.8,,17.6,,1007.2,Coprinus comatus,"Denver Botanic Gardens, Denver, CO, US",2
e88d60c0-0958-4bf8-a287-953968714bbe,97599371,2021-10-08 17:17:28-06:00,2021-10-08,-109.54718833,38.57152167,1237.0,,10.6,18.3,,8.3,,1013.6,Coprinus comatus,"S 200 E, Moab, UT, US",2
d9da858b-57d0-46fc-bdd4-e4c602bcb58f,97598287,2021-10-08 17:56:18-06:00,2021-10-08,-104.943595687,39.7069869005,1627.0,,10.3,20.7,,9.8,,1012.8,Coprinus comatus,"City of Brest Park, Denver, CO, US",2
a7416620-7f95-4c8b-9d84-8217b1885661,97576896,2021-10-08 13:52:06-06:00,2021-10-08,-104.8230266199,41.1688520032,1867.0,,6.7,20.6,0.0,12.2,,1011.9,Coprinus comatus,"Cheyenne, WY, USA",3
39cf8064-bee1-4a79-a41f-9d45762f0d37,97342487,2021-10-05 18:21:39-06:00,2021-10-05,-104.8782506822,39.8939573679,1546.0,,9.6,25.6,,13.3,,1018.3,Coprinus comatus,"E 108th Ave, Commerce City, CO, US",2
30a56cc1-fe36-4a39-bc2f-9401c638faba,97206972,2021-10-04 18:50:32-06:00,2021-10-04,-105.0997166667,39.85012,1685.0,,12.0,26.0,0.0,8.3,,1024.4,Coprinus comatus,"W 84th Ave, Arvada, CO, US",2
098155b3-cd51-48df-aef3-a36fbdf3cde9,97188979,2021-10-04 15:31:31-06:00,2021-10-04,-105.4384075803,36.4627505997,2725.0,,-3.6,18.7,0.0,3.9,,1031.6,Coprinus comatus,"Taos County, US-NM, US",1
54525779-3798-461b-93d0-bef9f72afd21,97158736,2021-10-04 10:52:52-06:00,2021-10-04,-104.8007983333,39.70056,1676.0,,7.9,27.1,0.0,12.7,,1019.4,Coprinus comatus,"Centre Pointe, Aurora, CO 80017, USA",2
22ef02a5-79bb-4e85-a8f9-5da4175ab4f7,96924032,2021-10-02 12:16:49-06:00,2021-10-02,-105.3063832106,39.4801707009,2695.0,,8.3,20.0,0.0,9.4,,1021.1,Coprinus comatus,"Molly Dr, Conifer, CO, US",2
34cb410d-4f7e-4fa7-b22c-b5d637b152c5,96426265,2021-09-27 18:20:06-06:00,2021-09-27,-107.6412757259,38.8584013009,1737.0,,11.8,27.7,0.2,6.6,,1017.8,Coprinus comatus,"SH-133, Hotchkiss, CO, US",2
8ef63024-efb4-4303-95d4-fbd184e503c8,96244234,2021-07-20 11:50:00-06:00,2021-07-20,-106.5301614528,35.8187948831,2617.0,,16.0,26.3,3.4,9.8,,1029.4,Coprinus comatus,"Sandoval County, NM, USA",2
98a7fb47-484f-4120-b29e-003460411050,96029663,2021-09-24 18:54:26-06:00,2021-09-24,-107.8244015261,37.2142390875,2112.0,,9.4,27.2,0.0,10.0,,1016.2,Coprinus comatus,"CR-220, Durango, CO, US",2
5d1663fc-7cba-45a1-a161-ef251fdb20d6,95927941,2021-09-23 10:20:00-06:00,2021-09-23,-105.1781092,40.1893942,1558.0,,6.0,29.3,0.0,5.2,,1020.5,Coprinus comatus,"Hygiene, CO 80503, USA",2
47750fe0-c7fb-4092-875b-4cf7e53dab97,95905527,2021-09-23 15:39:30-06:00,2021-09-23,-104.9907383333,39.5552533333,1707.0,,7.8,26.1,0.0,10.3,,1015.5,Coprinus comatus,"S Broadway, Highlands Ranch, CO, US",2
6477e827-3a6d-4211-b2d9-a30876690dea,95865554,2021-09-23 10:12:46-06:00,2021-09-23,-105.0842873,40.56239499,1522.0,,7.2,29.4,0.0,8.1,,1015.1,Coprinus comatus,"Fort Collins, CO 80526, USA",2
d8e7d26f-062c-47f7-9935-d1df8b09c74a,95274649,2021-09-18 09:38:52-06:00,2021-09-18,-105.1061695,40.5671083333,1543.0,,6.7,33.9,0.0,8.9,,1015.6,Coprinus comatus,"Foxbrook Way, Fort Collins, CO, US",2
28a9af6a-5404-4553-acf8-f3ebf5694a46,95189929,2021-09-17 14:57:20-06:00,2021-09-17,-105.084977813,40.5687179357,1529.0,,7.2,20.6,0.0,17.0,,1020.9,Coprinus comatus,"Colorado State University, Fort Collins, CO, US",2
a0cd499d-0056-44a5-acd0-cbac2c706335,95189826,2021-09-17 14:56:51-06:00,2021-09-17,-105.0849733276,40.5686296111,1529.0,,7.2,20.6,0.0,17.0,,1020.9,Coprinus comatus,"Colorado State University, Fort Collins, CO, US",2
826c4e9d-3555-4524-879f-09a857468f62,95164507,2021-09-17 11:18:35-06:00,2021-09-17,-106.786598598,40.4717009832,2229.0,,4.4,26.6,0.0,6.4,,1022.7,Coprinus comatus,"Medicine Bow-Routt National Forest & Thunder Basin National Grassland, Steamboat Springs, CO, US",3
bb7896bd-af04-4e33-b052-398ced815fde,95145462,2021-09-12 19:38:00-04:00,2021-09-12,-103.7709583333,44.241425,1885.0,,13.0,26.0,0.0,11.7,,1018.7,Coprinus comatus,"Black Hills National Forest, Lead, SD, US",1
6c2b2774-2750-42b8-9bcc-6b52c8f74658,94930212,2021-09-04 13:45:00-05:00,2021-09-04,-106.1546388889,39.4847194444,3409.0,,1.7,18.9,0.0,8.7,,1017.5,Coprinus comatus,"Summit County, CO, USA",2
7fdf6842-94d1-415f-9f58-ccda9f57f698,94059543,2021-09-06 16:37:47-06:00,2021-09-06,-107.9014883433,39.0730255112,3107.0,,11.7,34.0,0.0,6.4,,1023.7,Coprinus comatus,"Grand Mesa National Forest, Collbran, CO, US",2
3add60a6-4510-4035-9f9c-1c2b9311adab,94059481,2021-09-06 16:33:39-06:00,2021-09-06,-108.0934833333,39.0522471667,2994.0,,11.7,34.0,0.0,6.4,,1023.7,Coprinus comatus,"Grand Mesa National Forest, Whitewater, CO, US",2
566012b7-671f-4bd0-8308-2f2bcef2b02b,94038110,2021-09-07 15:00:30-06:00,2021-09-07,-106.5275650024,39.6017227173,2670.0,,10.0,20.0,0.0,9.8,,1041.3,Coprinus comatus,Avon,2
742d2dda-377a-40a2-899e-034905910e69,94025333,2021-09-05 11:15:00-04:00,2021-09-05,-105.845256,39.6990628056,3124.0,,7.0,16.0,0.0,14.0,,1039.4,Coprinus comatus,"Clear Creek County, CO, USA",2
5c3d34be-dd01-4ef3-8263-2309c1297179,93953799,2021-09-06 10:49:22-06:00,2021-09-06,-106.8094333333,40.2350383333,2399.0,,2.7,27.4,0.0,5.4,,1026.8,Coprinus comatus,"Ute Trail, Oak Creek, CO, US",2
57904b02-161f-43f6-94ee-f4fe54684ac9,93936508,2021-09-06 16:33:42-06:00,2021-09-06,-108.0930977608,39.052209967,2994.0,,11.7,34.0,0.0,6.4,,1023.7,Coprinus comatus,"Grand Mesa National Forest, Whitewater, CO, US",2
3af8f1a2-3ba3-42f0-952e-421454fe7a89,93779599,2021-09-05 14:41:51-06:00,2021-09-05,-105.0233324804,40.5365404627,1505.0,,11.7,32.2,0.0,8.4,,1015.9,Coprinus comatus,"Kentford Rd, Fort Collins, CO, US",2
c1ad2f9f-ec8c-4d99-9483-88ab2214c93c,93639420,2021-09-02 18:00:56-06:00,2021-09-02,-105.5759366667,41.3134783333,2199.0,,,,,,,,Coprinus comatus,"Greenhill Cemetery, Laramie, WY, US",2
44966e57-25c2-4c03-8346-3cd4a9983d3c,93585635,2021-09-04 08:28:46-06:00,2021-09-04,-109.5272093759,40.4694430817,1627.0,,12.2,27.2,0.0,5.9,,1017.2,Coprinus comatus,"N Vernal Ave, Vernal, UT, US",3
b661bc12-cce5-49e8-88d1-13112d96af9c,93527600,2021-09-03 17:09:17-06:00,2021-09-03,-105.93843636,35.72000851,2212.0,,13.3,28.9,0.0,13.0,,1012.0,Coprinus comatus,"Santa Fe, NM, USA",2
6d705b7c-bb0b-479b-aa19-c61564582345,93423570,2021-09-02 12:48:52-06:00,2021-09-02,-105.8664245605,40.2255516052,2594.0,,10.2,20.5,1.1,3.3,,1017.2,Coprinus comatus,Grand Lake,1
cdb4e9f3-0b46-4350-9a99-27307ed7ffda,93290386,2021-09-01 07:39:45-06:00,2021-09-01,-105.8110720164,40.2496384935,2581.0,,9.0,18.6,3.9,2.6,,1021.0,Coprinus comatus,"Shadow Mountain National Recreation Area, Grand Lake, CO, US",2
05c005fb-a390-468f-832d-e0aaff908f0c,92636232,2021-08-26 15:47:00-04:00,2021-08-26,-105.9437656,39.6075962,2855.0,,1.5,14.8,1.1,7.5,,1020.1,Coprinus comatus,"100 Dercum Square, Keystone, CO 80435, USA",2
728c2b35-d556-4d4b-956c-a8be7dd312b8,92586035,2021-08-23 15:08:03-06:00,2021-08-23,-106.9852830482,40.7018724155,2441.0,,6.4,27.6,0.4,6.9,,1021.1,Coprinus comatus,"Routt County, US-CO, US",2
23d581ee-6de9-4d12-8f3c-73bffb850dae,92363598,2015-09-25 09:30:27+00:00,2015-09-25,-105.1026901603,39.8005243218,1634.0,,7.2,28.2,,2.1,,,Coprinus comatus,9400 Ralston Road,2
286c36cf-9715-48d4-b2da-43f694fc56fb,92043239,2021-07-27 14:49:00+00:00,2021-07-27,-105.7283685514,39.6061353538,3465.0,,12.0,23.0,0.0,10.4,,1041.1,Coprinus comatus,"Clear Creek County, CO, USA",2
65584254-51d9-4b58-bd9e-73e1d3074cfa,91810238,2021-08-13 18:54:22-07:00,2021-08-13,-105.6396748963,35.9228570503,3627.0,,,,,,,,Coprinus comatus,"Santa Fe National Forest, mora, NM, US",2
463904d6-feb4-46be-a4b4-3e327ee8e92c,91701687,2021-06-01 19:03:12-06:00,2021-06-01,-107.6632383333,39.6114833333,1959.0,,7.8,28.3,0.0,11.2,,1015.8,Coprinus comatus,"Harvey Gap State Park, Rifle, CO, US",2
ea6ef83b-7051-40d0-99c2-b2ed156dca19,91647779,2021-08-18 10:08:43-06:00,2021-08-18,-107.8076980331,37.9375284058,2708.0,,11.0,21.0,7.6,4.9,,1025.8,Coprinus comatus,"Grand Mesa National Forest, Telluride, CO, US",2
8a2f7fb9-239f-43ad-a85b-b9f0429ec312,91640579,2021-08-18 08:58:59-06:00,2021-08-18,-106.5174641368,39.6430932451,2331.0,,8.0,18.0,0.5,17.6,,1032.6,Coprinus comatus,"White River National Forest, Avon, CO, US",2
48e756ca-cb2a-49c9-a311-3d8e5988a405,91640517,2021-08-18 08:58:31-06:00,2021-08-18,-106.518661499,39.6425666809,2331.0,,8.0,18.0,0.5,17.6,,1032.6,Coprinus comatus,Avon,2
46a1a708-50e0-4478-a525-bf22f8085f4f,91592194,2021-07-28 08:41:00-07:00,2021-07-28,-107.2061916667,39.8920027778,3428.0,,16.1,34.4,0.7,10.5,,1018.0,Coprinus comatus,"Garfield, Colorado, United States",2
a7be9506-c06f-4955-b454-d0852c7c6735,91573396,2021-08-17 14:43:57-06:00,2021-08-17,-105.6431540587,37.9342150864,2588.0,,,,,,,,Coprinus comatus,"Tranquil Way, Moffat, CO, US",2
1a1cd903-9d07-4769-804f-b502c1bfed13,91266416,2021-08-15 09:11:03-06:00,2021-08-15,-105.8103869018,39.9840926193,2613.0,,6.8,22.9,1.5,4.1,,1030.3,Coprinus comatus,"County Road 8302, Granby, CO, US",2
63bacecf-f960-486e-a8be-7c4484187606,91081592,2021-08-13 00:18:00-05:00,2021-08-13,-105.226167637,38.6671543925,2114.0,,16.6,28.1,0.7,8.4,,1020.9,Coprinus comatus,"Teller County, CO, USA",3
480ededb-ab0f-45b7-804a-42ce4290ae86,91075509,2021-08-12 14:23:27-06:00,2021-08-12,-105.9447857281,39.980001697,2679.0,,4.2,27.5,0.0,7.4,,1029.8,Coprinus comatus,"CR-53, Granby, CO, US",3
8b6d8332-5a8d-4d2c-bb91-74ccd0c83a5d,91045984,2021-07-14 10:07:00-06:00,2021-07-14,-106.2735972222,39.6545527778,2996.0,,7.0,12.0,3.9,10.4,,1038.1,Coprinus comatus,"Eagle, Colorado, United States",2
fb9ff22c-cb72-4ff1-a633-02162052ac6a,90944897,2021-08-12 15:00:39-06:00,2021-08-12,-105.7756174698,39.8748812459,3257.0,,4.2,27.5,0.0,7.4,,1029.8,Coprinus comatus,"Winter Park Resort, Winter Park, CO, US",2
f676ece8-d742-48f0-ba72-628c2cd8a489,90615447,2021-08-04 14:23:00-04:00,2021-08-04,-106.0975203,39.5744309,2771.0,,7.0,16.0,0.3,10.6,,1039.9,Coprinus comatus,"Frisco, CO, USA",2
38ef6d36-02f4-4ed1-8b77-7eb306d1b4d0,90435650,2021-08-08 10:49:30-06:00,2021-08-08,-110.486825,40.9557694444,2903.0,,13.9,30.9,0.0,18.5,,1021.9,Coprinus comatus,"Summit County, US-UT, US",2
1848a48c-c3f6-435e-99f4-945f1ea24476,90198647,2021-08-06 16:42:56-06:00,2021-08-06,-106.0460891724,39.4676933289,2990.0,,2.8,21.7,,7.5,,1013.6,Coprinus comatus,Breckenridge,2
1fdf60a9-59f9-49bb-a293-e6a462b08242,90109877,2021-08-04 11:18:15-06:00,2021-08-04,-105.9347355,39.5965645,3170.0,,7.0,16.0,0.3,10.6,,1039.9,Coprinus comatus,"White River National Forest, Dillon, CO, US",3
c6eac282-3915-4ef6-bb4f-02758ed36970,90040172,2021-07-27 18:05:00-07:00,2021-07-27,-105.5630449343,38.0793034959,2751.0,,,,,,,,Coprinus comatus,"Custer County, CO, USA",2
7ae09573-a182-4a38-90d1-31f890c0c35d,90035700,2021-08-05 09:26:48-06:00,2021-08-05,-106.0425567627,39.4709510803,2969.0,,1.1,22.2,0.0,6.5,,1019.2,Coprinus comatus,"Summit County, US-CO, US",1
55654b07-3598-4478-953b-c3d1160a3285,89041799,2021-07-28 11:52:14-06:00,2021-07-28,-106.9669883333,37.95753,3554.0,,,,,,,,Coprinus comatus,"Rio Grande National Forest, Creede, CO, US",2
4f5b1772-4e7c-4c43-bffa-810735acf584,88773327,2021-07-24 09:36:33-06:00,2021-07-24,-105.6224966667,41.3112633333,2187.0,,,,,,,,Coprinus comatus,"S Lincoln St, Laramie, WY, US",3
c03c8a29-2af5-40df-a515-e6273389a831,87931194,2021-07-20 07:52:47-06:00,2021-07-20,-107.72705,37.4878694444,3158.0,,15.0,30.0,0.0,8.4,,1017.1,Coprinus comatus,"Durango, CO 81301, USA",2
3c1bc64d-0ae8-4bc9-a797-ec56570bb0bf,87201056,2017-08-27 19:14:18-06:00,2017-08-27,-103.2533416667,44.0741611667,1006.0,,12.2,30.0,0.0,6.8,,1020.7,Coprinus comatus,"Jackson Blvd, Rapid City, SD, US",2
d8c16bb8-5f27-4e0d-9746-81b6fcc85427,87056206,2021-07-14 15:04:58-06:00,2021-07-14,-107.7641133333,37.32038,2226.0,,14.4,23.9,,7.8,,1017.0,Coprinus comatus,"N East Cir, Durango, CO, US",2
ac21f3bb-3b42-49ca-a117-bdbc0411b850,86803246,2021-07-10 10:29:00-06:00,2021-07-10,-105.3056996,39.5202516,2535.0,,17.2,26.7,0.0,12.0,,1018.2,Coprinus comatus,"Conifer, CO 80433, USA",1
78695765-51e4-46df-a420-133281d2f0ad,86497834,2021-07-10 15:14:16-06:00,2021-07-10,-106.2803633333,38.8170866667,2961.0,,8.6,30.1,0.0,11.6,,1029.6,Coprinus comatus,"Pike and San Isabel National Forests, Buena Vista, CO, US",1
00f4114b-2c7b-47aa-abb3-642900755c2f,86470328,2021-07-10 15:26:09-06:00,2021-07-10,-105.4520472746,39.8750506549,2783.0,,18.0,28.0,0.1,6.4,,1024.9,Coprinus comatus,"Golden Gate Canyon State Park, Black Hawk, CO, US",2
caf5b003-9d64-4d10-b24d-cf2d54a3cce3,86327242,2021-07-08 07:23:00-04:00,2021-07-08,-107.0499452118,38.9728929894,3309.0,,13.3,31.7,0.0,11.9,,1011.2,Coprinus comatus,"Gunnison County, CO, USA",2
b723fd68-c697-4ba5-a9b4-8f21a0aedb82,85727702,2021-07-01 10:58:50-06:00,2021-07-01,-107.0153158889,38.981696,3194.0,,10.6,22.2,,6.7,,1014.7,Coprinus comatus,"Crested Butte, CO 81224, USA",3
4ec2e102-d401-49ab-8576-9d2d1789e0df,83071712,2021-06-14 09:22:39-06:00,2021-06-14,-104.9273608,39.6347165,1682.0,,16.1,35.0,0.0,11.6,,1015.1,Coprinus comatus,"Cherry Hills Village, CO, USA",2
3f7e7d6d-f2a4-45ef-821b-a2f008b7e3ca,82469428,2021-06-10 14:56:30-06:00,2021-06-10,-104.9085511175,39.5502976142,1795.0,,18.3,34.4,0.0,19.3,,1006.1,Coprinus comatus,"Mountain Brush Cir, Highlands Ranch, CO, US",2
f8f03dd3-0562-4f9c-8369-25667cdca333,82454904,2021-05-17 11:40:40-06:00,2021-05-17,-104.9998996943,40.529996009,1478.0,,9.4,17.8,,9.5,,1013.0,Coprinus comatus,"E Horsetooth Rd, Fort Collins, CO, US",3
92673417-9a7d-47e4-8332-e9446e3bd8e2,81253565,2021-06-01 18:29:24-06:00,2021-06-01,-105.1585770026,40.1475902202,1531.0,,5.8,21.3,2.4,3.8,,1023.2,Coprinus comatus,"Longmont, CO, USA",2
8c5702fc-eda5-43fd-b126-701132378e00,81250140,2021-06-01 17:48:22-06:00,2021-06-01,-105.1279007476,39.611137139,1763.0,,6.1,18.3,,10.6,,1020.9,Coprinus comatus,"S Routt St, Littleton, CO, US",2
d4c4299c-ab86-4b08-833d-bf0b876ab47d,81242717,2021-05-31 19:04:39-06:00,2021-05-31,-105.0994805,39.8499216667,1688.0,,8.0,14.0,2.2,4.3,,1025.8,Coprinus comatus,"Arvada Volunteer Fire Fighters Park, Arvada, CO, US",1
ba949063-0c9a-4bcc-9751-5650ed06a8a5,81242674,2021-05-31 18:52:45-06:00,2021-05-31,-105.0966721667,39.8502833333,1683.0,,8.0,14.0,2.2,4.3,,1025.8,Coprinus comatus,"Everett Way, Arvada, CO, US",2
dd99332f-5dd2-4452-8784-f78b0468902b,81079812,2021-05-31 13:52:05-06:00,2021-05-31,-105.25591918,40.00730177,1620.0,,8.0,15.0,3.3,2.4,,1025.5,Coprinus comatus,"Baseline Sub, Boulder, CO, USA",1
b419c42b-36c8-42bc-8569-3d863c38f17f,81035287,2021-05-23 10:16:11-06:00,2021-05-23,-104.8919533333,39.7283783333,1639.0,,12.3,22.5,,21.5,,1009.8,Coprinus comatus,"Great Lawn Park, Denver, CO, US",2
2f333c03-c987-4f74-8961-72b2fdb1886f,80925501,2021-05-30 12:59:26-06:00,2021-05-30,-104.6992527778,38.6810638889,1687.0,,9.7,16.6,,12.8,,1019.1,Coprinus comatus,"Fountain, CO, USA",2
2b16f0c9-996a-4320-b0ba-dff80321823e,80751081,2021-05-29 10:31:32-06:00,2021-05-29,-104.87732641,39.69631061,1674.0,,12.3,22.2,,14.1,,1012.5,Coprinus comatus,"Arapahoe County, US-CO, US",2
4cd890e6-da7c-423d-a69d-ba1541acac98,80526885,2021-05-27 15:18:44-06:00,2021-05-27,-105.1375788972,40.1830116149,1553.0,,8.7,23.5,0.0,5.7,,1020.6,Coprinus comatus,"Hover Acres Park, Longmont, CO, US",3
1cd44b14-4ac2-405a-9757-882ac52a58b4,80436575,2021-05-26 16:51:57-06:00,2021-05-26,-105.0897833333,39.8446666667,1671.0,,11.0,24.0,0.0,6.9,,1017.9,Coprinus comatus,"Ammons Way, Arvada, CO, US",2
b9fbbb85-0a8b-454b-aa68-c0d6dbac8c69,80194730,2021-05-24 13:09:55-06:00,2021-05-24,-104.7591357306,39.6633127718,1723.0,,4.4,22.3,0.0,13.0,,1012.6,Coprinus comatus,2926 S Espana Ct,1
2e93b759-7ed2-4f01-8691-ba7c1ead526b,80185798,2021-05-23 16:09:55-06:00,2021-05-23,-105.2885749564,40.0140907389,1649.0,,10.0,24.0,8.2,10.1,,1015.0,Coprinus comatus,"Lower Arapahoe, Boulder, CO, USA",2
41162acd-2915-4467-89a0-ae9db62c2d1f,80092364,2021-05-23 15:30:54-06:00,2021-05-23,-103.1497721667,43.55232,955.0,,4.4,15.0,,14.8,,1014.7,Coprinus comatus,"Buffalo Gap, SD, US",2
538dbc80-f335-4af6-83ed-afccf69b7bdb,80039939,2021-05-21 10:05:21-06:00,2021-05-21,-105.0835805,40.3908883333,1511.0,,10.6,22.2,0.0,11.6,,1006.2,Coprinus comatus,"Hewlett - Packard Big Thompson, Loveland, CO, US",1
14997e08-04fc-465c-8cb9-5206e2ec5cbf,80037359,2021-05-23 17:49:00-06:00,2021-05-23,-105.1237607095,39.8740265389,1680.0,,11.0,23.0,0.5,18.0,,1015.2,Coprinus comatus,"Standley Lake Regional Park, Westminster, CO, US",1
c604fbe0-8218-4d65-92df-7afc4007f01d,79824810,2021-05-22 10:44:37-06:00,2021-05-22,-105.0910638333,39.979855,1585.0,,6.9,17.8,4.8,7.5,,1019.6,Coprinus comatus,"Old Laramie Trail, Lafayette, CO, US",1
8607efdb-19b6-45ce-9b04-7bdf0d2e5092,79721336,2021-05-21 17:49:56-06:00,2021-05-21,-105.1280971667,39.7744116667,1656.0,,14.0,24.0,0.0,17.0,,1011.5,Coprinus comatus,"Prospect Gardens, Wheat Ridge, CO, US",3
dbb2254a-d4a8-4f59-886b-06370e5b4510,79601938,2021-05-16 09:36:00-06:00,2021-05-16,-105.2912470325,39.9631490387,2282.0,,10.0,14.0,5.5,3.6,,1016.9,Coprinus comatus,"Boulder County, CO, USA",3
4f757ab5-dd42-42de-989b-5f4397b97bd8,79482653,2021-05-19 19:24:33-06:00,2021-05-19,-105.0978305,39.8494,1687.0,,8.0,22.0,0.0,7.2,,1012.7,Coprinus comatus,"Arvada Volunteer Fire Fighters Park, Arvada, CO, US",2
1901802b-1b65-4075-aa2d-77370e7807cd,79482490,2021-05-19 13:12:19-06:00,2021-05-19,-105.1276638333,39.77432,1656.0,,8.0,22.0,0.0,7.2,,1012.7,Coprinus comatus,"Prospect Park, Wheat Ridge, CO, US",1
5f304047-eb22-423f-afd2-2243d7d5f60f,79461521,2021-05-19 17:17:05-06:00,2021-05-19,-105.0702209473,39.8673286438,1663.0,,8.0,22.0,0.0,7.2,,1012.7,Coprinus comatus,"Jefferson County, US-CO, US",1
3cca4b5d-c4b3-4c8b-8b10-a1ca31a95b33,79436329,2021-05-19 13:48:25-06:00,2021-05-19,-104.95855,40.4859616667,1465.0,,7.8,22.2,1.1,8.0,,1008.3,Coprinus comatus,"River Bluffs Open Space, Windsor, CO, US",2
041951ea-49da-4bf7-bba1-9d3199d369c6,79324306,2021-05-18 15:44:54-06:00,2021-05-18,-104.6834383333,40.5098883333,1461.0,,8.9,18.9,,8.3,,1012.9,Coprinus comatus,"County Road 72, Eaton, CO, US",2
b09dd3cd-0aad-477c-9a1d-af2106414a8b,79291401,2021-05-18 07:23:00-06:00,2021-05-18,-105.1183833333,39.775175,1647.0,,8.0,14.0,0.0,8.5,,1015.1,Coprinus comatus,"Fruitdale, Wheat Ridge, CO 80033, USA",2
f22f15ec-63cb-48fc-945f-425d9e919c82,79192434,2021-05-17 14:27:15-06:00,2021-05-17,-105.2117538452,40.0608634949,1588.0,,9.0,17.0,23.7,3.8,,1016.3,Coprinus comatus,Boulder,2
332fa479-9762-4ba5-b7a6-85fec2a0cd67,79155200,2021-05-17 09:02:40-06:00,2021-05-17,-105.0807,40.5704583333,1529.0,,9.4,17.8,,9.5,,1013.0,Coprinus comatus,"Libbie Coy & Pitkin, Fort Collins, CO 80521, USA",1
a7909d0f-53e6-4a75-8833-ac7dd74a3688,79082471,2021-05-16 11:17:19-06:00,2021-05-16,-105.0938028333,39.8444283333,1669.0,,11.0,15.0,2.5,10.2,,1017.5,Coprinus comatus,"Pomona Lake Number 2, Arvada, CO, US",2
8224541e-e349-4f91-98ad-20e32f5d53c3,79082417,2021-05-16 10:31:45-06:00,2021-05-16,-105.098,39.849895,1688.0,,11.0,15.0,2.5,10.2,,1017.5,Coprinus comatus,"Everett Way, Arvada, CO, US",2
1c783a82-cdca-4cfa-b0f0-1cc1625697e7,78997401,2021-05-15 18:12:44-06:00,2021-05-15,-105.1291721667,39.7763133333,1655.0,,10.0,18.0,0.7,10.9,,1017.7,Coprinus comatus,"W 44th Ave, Wheat Ridge, CO, US",2
c22ab395-b999-491d-9eda-9e563a10ede5,78881557,2021-05-15 10:40:32-06:00,2021-05-15,-104.80265,40.4423216667,1440.0,,9.4,18.9,0.0,12.6,,1015.5,Coprinus comatus,"Signature Bluffs Natural Area, Greeley, CO, US",1
101bb286-8c93-4839-8f1f-14c847f8a959,78881410,2021-05-15 10:33:23-06:00,2021-05-15,-104.7985916667,40.4428883333,1442.0,,9.4,18.9,0.0,12.6,,1015.5,Coprinus comatus,"Signature Bluffs Natural Area, Greeley, CO, US",2
b1f8d2f8-18aa-4e19-9e94-4108aa4782a8,78644189,2021-05-13 17:52:04-06:00,2021-05-13,-105.0946666667,39.8442633333,1669.0,,5.0,24.0,0.2,8.8,,1021.5,Coprinus comatus,"Meadowglen Park, Arvada, CO, US",2
b2ae1432-5fd8-4f24-bb74-5cfc42d4668e,78644147,2021-05-13 14:53:41-06:00,2021-05-13,-105.0769278333,39.8570783333,1665.0,,5.0,24.0,0.2,8.8,,1021.5,Coprinus comatus,"Town Center at Brookhill, Westminster, CO, US",2
b7289a74-f76a-40d4-8b2e-5bbe87657f74,78644045,2021-05-13 14:50:39-06:00,2021-05-13,-105.0754083333,39.85673,1665.0,,5.0,24.0,0.2,8.8,,1021.5,Coprinus comatus,"Town Center at Brookhill, Westminster, CO, US",1
471987e1-3b85-4781-8a7d-9021aa031e66,78644019,2021-05-13 14:50:04-06:00,2021-05-13,-105.0757221667,39.8567866667,1665.0,,5.0,24.0,0.2,8.8,,1021.5,Coprinus comatus,"Town Center at Brookhill, Westminster, CO, US",2
ac5d7789-5c44-46af-9137-5928117d2459,78643985,2021-05-13 14:49:17-06:00,2021-05-13,-105.0760111667,39.85678,1665.0,,5.0,24.0,0.2,8.8,,1021.5,Coprinus comatus,"Town Center at Brookhill, Westminster, CO, US",1
e96b54be-103b-46e5-9291-6ac5b97b4077,78620841,2021-05-13 14:27:48-06:00,2021-05-13,-104.8569335938,39.8134803772,1597.0,,5.4,21.6,,9.9,,1018.2,Coprinus comatus,Denver,1
74c66c55-a4f8-4ae9-a219-cf868d6fc910,78531456,2021-05-12 19:35:55-06:00,2021-05-12,-105.091775,39.8041883333,1632.0,,2.0,17.0,0.0,4.8,,1024.4,Coprinus comatus,"Hoskinson Park, Arvada, CO, US",1
ffd66313-3bcb-4263-9b41-787569456cfa,78304213,2021-05-07 14:56:46-06:00,2021-05-07,-105.1065111111,40.0030583333,1630.0,,4.3,28.1,0.0,5.8,,1014.4,Coprinus comatus,"Aspen Ridge Dr & Diamond Circle, Lafayette, CO 80026, USA",2
99ef8733-a572-46f5-98d9-b4a364bc3e06,78295260,2021-05-10 18:25:50-06:00,2021-05-10,-107.8245823738,37.2134479881,2112.0,,3.3,18.9,,20.4,,1008.8,Coprinus comatus,"CR-220, Durango, CO, US",2
5ee83884-c5c2-4a31-8e2b-776071a4bf1a,78105974,2021-05-09 09:51:21-06:00,2021-05-09,-105.2628166667,40.2199283333,1625.0,,6.0,12.0,6.3,9.0,,1019.1,Coprinus comatus,"Ute Hwy, Lyons, CO, US",3
e52276fc-fe26-42e8-aedb-c1e0fab72a44,77903347,2021-05-07 16:27:56-06:00,2021-05-07,-105.0807945,39.8580033333,1674.0,,10.0,28.0,0.0,11.3,,1014.6,Coprinus comatus,"Town Center at Brookhill, Westminster, CO, US",1
8bbfdbdd-3660-4e70-b4d6-be97a798afa9,77885879,2021-05-08 06:49:51-06:00,2021-05-08,-104.824255,39.6142383333,1708.0,,7.8,21.7,,18.6,,1003.3,Coprinus comatus,"Cherry Creek State Park, Aurora, CO, US",1
c1638476-3ace-4911-8d43-6ebc542425f1,77825848,2021-05-07 15:55:16-06:00,2021-05-07,-105.0759666667,39.85665,1665.0,,10.0,28.0,0.0,11.3,,1014.6,Coprinus comatus,"Town Center at Brookhill, Westminster, CO, US",1
bbe27c6c-66a4-4976-b760-85a97170fd16,77825809,2021-05-07 15:06:26-06:00,2021-05-07,-105.1019138333,39.8488833333,1689.0,,10.0,28.0,0.0,11.3,,1014.6,Coprinus comatus,"Garland Dr, Arvada, CO, US",1
b0fca637-1078-4c6c-998f-f9259d098dfe,77767586,2021-05-07 08:08:13-06:00,2021-05-07,-105.1046,40.1349611667,1517.0,,5.8,29.7,0.0,8.3,,1014.7,Coprinus comatus,"100 Year Party Ct, Longmont, CO, US",2
3343f1ac-1195-47a7-bade-cd3eb0d8bcb4,77143434,2021-05-03 16:51:56-06:00,2021-05-03,-103.249691762,44.0861711503,1038.0,,0.6,15.0,0.0,21.2,,1017.9,Coprinus comatus,"Rapid City, SD, USA",2
9a6b8e6e-99b3-458a-b5bd-f6df80f13858,75717003,2021-04-29 18:00:17-06:00,2021-04-29,-110.8187783333,39.599305,1688.0,,4.4,23.9,0.0,9.4,,1023.2,Coprinus comatus,"W Price River Dr, Price, UT, US",2
b44a2c27-ea7f-482d-962e-25a076ebdbb5,75711115,2021-04-28 11:33:59-06:00,2021-04-28,-108.6939001456,39.0577735416,1924.0,,1.1,21.7,0.0,11.9,,1015.1,Coprinus comatus,Colorado National Monument,2
9ae2531f-4ebe-48a5-bcbe-d215700f9d08,70181841,2019-08-20 12:09:33-04:00,2019-08-20,-107.8634493123,37.932624234,2919.0,,11.0,26.0,,8.4,,,Coprinus comatus,"Telluride Ski Resort, Mountain Village, CO, US",2
1eeb23f3-a43b-4f5f-a9ea-2c5b1b2a0b9b,69791618,2019-10-02 13:26:06-06:00,2019-10-02,-103.8701333333,44.1841666667,2001.0,,1.0,4.0,,9.3,,,Coprinus comatus,"Black Hills National Forest, Lead, SD, US",3
040b7ea0-74e2-46ff-89ec-d8102ac67eb0,69333694,2017-09-11 20:36:00-04:00,2017-09-11,-105.5684200965,40.3646621861,2440.0,,,,,3.8,,,Coprinus comatus,"Larimer County, CO, USA",2
c71f4e74-0c6d-4aef-9f8e-2fd8b35c28f5,66976469,2017-07-29 10:25:00-06:00,2017-07-29,-106.277732455,38.484154365,3194.0,,14.0,20.7,,1.9,,,Coprinus comatus,"Chaffee County, CO, USA",2
f25e73b7-651d-436f-a35f-1727adee03ba,64430838,2020-11-05 14:46:15-07:00,2020-11-05,-105.0627273647,40.2028122069,1535.0,,3.9,24.7,,3.9,,,Coprinus comatus,"Tyrrhenian Cir, Longmont, CO, US",1
9da2177e-d35d-46af-b919-167e4240fa7c,63206303,2020-10-21 17:48:39-06:00,2020-10-21,-105.0957555,39.85167167,1683.0,,-0.4,19.2,,4.1,,,Coprinus comatus,"Everett Way, Arvada, CO, US",2
b06c5dc5-9680-4bbf-830a-5f5fc08121fc,63187271,2020-10-21 13:28:01-06:00,2020-10-21,-104.8719260768,39.7094600626,1659.0,,6.5,19.3,,10.9,,1010.2,Coprinus comatus,"E Alameda Ave, Denver, CO, US",3
abbbbd38-ca02-481c-95bd-1a9a3cbe3797,62837338,2020-10-17 16:13:24-06:00,2020-10-17,-105.0757445,39.85664667,1665.0,,,,,22.4,,,Coprinus comatus,"Town Center at Brookhill, Westminster, CO, US",1
d69d2eaa-1a05-4aa6-8a95-62ea3556bc58,62837289,2020-10-17 16:11:36-06:00,2020-10-17,-105.0764305,39.856725,1665.0,,,,,22.4,,,Coprinus comatus,"Town Center at Brookhill, Westminster, CO, US",1
55e74b8c-da32-498e-8953-bb0058ed884f,62837254,2020-10-17 16:10:26-06:00,2020-10-17,-105.076225,39.85667,1665.0,,,,,22.4,,,Coprinus comatus,"Town Center at Brookhill, Westminster, CO, US",1
ef47225e-667e-4432-926f-010fc6e7f18d,62810099,2020-10-17 11:20:50-06:00,2020-10-17,-105.07898617,39.85803667,1666.0,,,,,22.4,,,Coprinus comatus,"Town Center at Brookhill, Westminster, CO, US",1
3b8f200b-9eba-4bc0-a103-ce651cacd016,62801459,2020-10-17 10:37:07-06:00,2020-10-17,-105.08065833,39.85796667,1674.0,,,,,22.4,,,Coprinus comatus,"Town Center at Brookhill, Westminster, CO, US",2
cd463669-e32b-4672-9e43-23c1bbed476a,62726779,2020-08-09 10:48:58-06:00,2020-08-09,-105.8187375405,35.7906461181,3119.0,,16.1,33.9,,11.9,,1012.0,Coprinus comatus,"Santa Fe County, US-NM, US",3
a00a3235-f28b-432f-8a2d-0b52e8b443d6,62442388,2020-10-12 17:08:29-06:00,2020-10-12,-105.0761805,39.85673667,1665.0,,,,,23.2,,,Coprinus comatus,"Town Center at Brookhill, Westminster, CO, US",1
5175ecd1-7d65-4747-a991-c77dfdd3872b,62073725,2020-10-08 17:46:40-06:00,2020-10-08,-105.0998942089,39.8499938194,1688.0,,,,,8.4,,,Coprinus comatus,"Arvada Volunteer Fire Fighters Park, Arvada, CO, US",2
73cf5746-fa06-4355-9df0-ecd5d5c86739,61952269,2020-10-07 05:40:25-10:00,2020-10-07,-105.1596908,39.73548,1744.0,,,,,8.4,,,Coprinus comatus,Lakewood,2
ec138b5d-c24f-4542-a427-3696a7b24857,61641171,2020-09-30 19:07:35+00:00,2020-09-30,-105.0645779722,40.5667869722,1520.0,,8.3,23.3,,9.7,,1021.4,Coprinus comatus,"Prospect at Spring Meadows, Fort Collins, CO 80525, USA",2
d2045347-a513-45f4-b6b4-5e504855e23f,61589593,2020-10-03 10:57:15-06:00,2020-10-03,-105.08065,39.85796333,1674.0,,,,,6.4,,,Coprinus comatus,"Town Center at Brookhill, Westminster, CO, US",2
ccfc7f43-b6a2-4cb0-9cb8-a18c7d7d01ec,61145990,2020-09-28 15:25:38-06:00,2020-09-28,-105.24798667,40.02839717,1609.0,,3.0,16.0,,,,,Coprinus comatus,"Wilderness Pl, Boulder, CO, US",2
11e23011-3f2f-49be-9ab1-40d7900e8cd3,61105483,2020-09-26 17:38:26-06:00,2020-09-26,-105.0905695,40.0301555,1571.0,,13.5,30.8,,12.1,,,Coprinus comatus,"Carbonate Ln, Erie, CO, US",2
39395350-dcec-4a24-8aa9-210902b57d41,61017098,2020-09-27 14:37:04-06:00,2020-09-27,-105.10352217,39.85458333,1684.0,,,,,11.6,,,Coprinus comatus,"Independence Way, Arvada, CO, US",2
da75ea39-4338-487a-91f6-dd17a670a0be,60883363,2020-09-26 15:28:26-06:00,2020-09-26,-105.10078333,39.85144167,1687.0,,,,,16.4,,,Coprinus comatus,"Garland Ct, Arvada, CO, US",2
9ab2b09b-e498-460c-8fb4-3517040ba19b,60724436,2020-09-25 10:24:20-06:00,2020-09-25,-105.1212355402,40.5354406732,1572.0,,11.1,27.2,0.0,5.9,,1009.3,Coprinus comatus,"Dalton Dr, Fort Collins, CO, US",2
a6d93053-df48-464a-af55-795177157f6f,60650849,2020-09-24 15:21:53-06:00,2020-09-24,-105.0964790025,39.8503606953,1683.0,,,,,10.4,,,Coprinus comatus,"Everett Way, Arvada, CO, US",2
b36d973f-2afa-4cd4-a2ff-a70b46385364,60613582,2020-09-24 09:08:07-06:00,2020-09-24,-105.06476167,40.57266762,1521.0,,10.0,32.2,0.0,7.7,,1011.5,Coprinus comatus,"University Acres, Fort Collins, CO, USA",2
373d6827-26bf-4f32-8165-ce554f9a8035,60567595,2020-09-23 12:30:45-06:00,2020-09-23,-105.1019274071,40.1673565586,1521.0,,13.6,31.1,,6.4,,,Coprinus comatus,Longmont,2
477feb32-7b9f-49a5-a3b7-9cd092455a24,60528097,2020-09-23 17:15:08+00:00,2020-09-23,-104.7749413441,39.664146103,1716.0,,13.4,28.7,,11.2,,1014.8,Coprinus comatus,Aurora,2
fe7c84b7-b26c-40c5-a169-c845652c1599,60473053,2020-09-22 17:44:19-06:00,2020-09-22,-107.0704861824,39.3720359914,2016.0,,6.7,20.6,,11.2,,1017.4,Coprinus comatus,"Hillcrest Dr, Basalt, CO, US",1
1a6e2eef-7a9c-44f8-a7aa-4d8f37ae8586,60447266,2020-09-22 13:09:13-06:00,2020-09-22,-105.0807583333,39.8739883333,1636.0,,,,,8.8,,,Coprinus comatus,"W 98th Pl, Westminster, CO, US",4
d237ac66-82a7-4d5e-bd19-dd4c9176a21c,60128926,2020-09-19 17:06:48-06:00,2020-09-19,-107.8561667382,37.9322733582,2918.0,,10.0,19.0,,10.3,,,Coprinus comatus,"Telluride Ski Resort, Mountain Village, CO, US",2
4986d4b9-8aa3-4122-8f97-87e09f03d34e,58760155,2020-09-03 11:20:17-07:00,2020-09-03,-106.54592167,39.61913667,2577.0,,8.0,20.0,,14.8,,,Coprinus comatus,"Beaver Creek Resort, Avon, CO, US",2
3c07f235-2614-4099-81c2-41b94f74e75e,58077108,2020-08-30 14:47:23-06:00,2020-08-30,-104.9649003893,39.7290954814,1632.0,,17.5,30.2,,18.3,,1007.2,Coprinus comatus,"8th Ave & High St, Denver, CO 80206, USA",3
88142a87-2e5e-40f4-9c79-0cad312a7d0b,55643509,2020-08-06 15:52:30-06:00,2020-08-06,-106.0364974571,39.4655939984,2994.0,,6.7,21.1,,5.9,,1010.4,Coprinus comatus,"White River National Forest, Breckenridge, CO, US",2
15d4cbb2-fed5-4d1b-9562-fa9986cf0e6a,55080744,2020-08-01 11:18:07-06:00,2020-08-01,-106.5546319248,37.6873797458,2480.0,,7.0,15.0,,10.4,,,Coprinus comatus,"South Fork, CO, US",2
3538e490-d499-4b73-8795-7aac65ec5819,54987103,2020-07-31 15:13:51-06:00,2020-07-31,-106.0499483428,39.4372674789,3161.0,,2.8,22.2,,11.5,,1019.1,Coprinus comatus,"White River National Forest, Breckenridge, CO, US",2
cf89ab96-431e-4314-b856-d05231ff9890,54664270,2017-09-16,2017-09-16,-105.1297845162,40.5747982504,1564.0,,,,,10.7,,1015.6,Coprinus comatus,"P.O.E.T, Fort Collins, CO, USA",2
5bbd9c32-5ed1-4d80-9ce0-5954e6e687af,54589873,2020-07-27 09:52:53-06:00,2020-07-27,-107.8323492807,37.626361907,3044.0,,12.0,21.0,,3.2,,,Coprinus comatus,"San Juan National Forest, Hesperus, CO, US",2
ffa6e6e6-ee59-4c7e-aa12-d88134122e07,53969561,2020-07-19 12:11:41-06:00,2020-07-19,-109.2126138881,38.5311488497,3160.0,,,,,,,,Coprinus comatus,Beaver Basin,2
4189479b-9f0a-44e6-9441-a58054bd222a,52931403,2020-07-13 07:09:06-06:00,2020-07-13,-104.7209297341,39.0405268375,2314.0,,15.6,32.7,,16.7,,1008.0,Coprinus comatus,"Holmes Rd, Colorado Springs, CO, US",2
d3af8a9b-4b9d-43d7-89ea-999e88a920f6,52892627,2020-07-12 19:42:47-06:00,2020-07-12,-104.72068833,39.04029167,2322.0,,17.8,27.4,,14.1,,1013.8,Coprinus comatus,"Holmes Rd, Colorado Springs, CO, US",3
b24231fd-05d3-445b-a83c-fca3448d8046,51280874,2020-06-28 11:57:57-06:00,2020-06-28,-104.8121629722,41.139251,1854.0,,11.7,31.7,0.8,16.9,,998.4,Coprinus comatus,"Cheyenne, WY, USA",1
1b5da5b2-9474-4ba1-a737-3c402fd5b3bd,50803834,2020-06-24 11:45:37-06:00,2020-06-24,-104.82465333,41.16611383,1879.0,,11.1,31.1,0.0,12.2,,1009.9,Coprinus comatus,"Fishing Bridge, Cheyenne, WY, US",2
cb32f1c6-6459-47ae-868d-12a164ededbe,49256123,2020-06-11 13:37:42-06:00,2020-06-11,-104.7431832087,41.1573000206,1834.0,,9.4,25.6,0.0,15.8,,1021.1,Coprinus comatus,"Liberty St, Cheyenne, WY, US",3
83d54fd9-53c2-4f04-821a-9c26213d9e56,48143231,2020-06-01 08:46:26-06:00,2020-06-01,-105.104325,40.60849667,1526.0,,15.0,35.0,0.0,8.6,,1011.3,Coprinus comatus,"Fort Collins, CO, US",1
d3404032-c0c0-426b-9ea0-f4042c24c143,47341390,2020-05-01 10:41:00-06:00,2020-05-01,-104.8573466667,39.8214416667,1599.0,,14.0,26.3,,13.2,,1008.3,Coprinus comatus,"Adams County, CO, USA",1
f27f599c-65ad-4bc3-9182-2525d2bb71ee,46387043,2020-05-18 07:50:19-06:00,2020-05-18,-105.1160385087,40.5897564034,1542.0,,8.3,30.0,0.0,11.5,,1010.7,Coprinus comatus,"Fort Collins, CO 80521, USA",2
2e25585f-724d-4512-913e-a9a7e91bdd15,46386246,2020-05-18 07:48:00-06:00,2020-05-18,-105.1164384931,40.5899364086,1542.0,,8.3,30.0,0.0,11.5,,1010.7,Coprinus comatus,"Fort Collins, CO 80521, USA",2
9c40bea4-7871-41c7-a91e-1ced7bb3e933,46083371,2020-05-16 08:11:10-06:00,2020-05-16,-105.0394243467,40.5572169228,1506.0,,10.0,22.8,,12.5,,1014.1,Coprinus comatus,"S Timberline Rd, Fort Collins, CO, US",2
59416d2c-a3cc-40c1-b213-f87c14380ccd,46005873,2020-05-15 11:47:32-06:00,2020-05-15,-105.0268769722,40.038899,1582.0,,9.0,21.0,,,,,Coprinus comatus,"Erie, CO, USA",1
1170fb47-bbd3-48e3-8519-a8299e5fe3bf,45938019,2020-05-14 11:01:00-06:00,2020-05-14,-105.1665852278,40.1373105905,1550.0,,11.0,18.0,,4.9,,,Coprinus comatus,"Colorado, US",2
20fabbc9-7f70-41f6-9ea1-f41f6a108dc5,45919812,2020-05-14 16:47:07-06:00,2020-05-14,-105.1856555745,40.04151783,1568.0,,11.0,18.0,,4.9,,,Coprinus comatus,"Boulder, CO, US",1
8c928c93-83f6-48f8-879c-6aa808d06349,44795405,2020-05-03 21:14:59+00:00,2020-05-03,-105.02,40.6,1522.0,,8.9,23.9,,10.7,,1013.1,Coprinus comatus,Fort Collins,1
7a1fdd7c-0942-4bb7-a26f-79784b6ac448,43985266,2020-04-27 14:50:12-06:00,2020-04-27,-105.2285064677,40.0144171637,1599.0,,8.0,26.0,,,,,Coprinus comatus,"Arapahoe Ave, Boulder, CO, US",2
c57a9254-c069-44d0-bf7c-fc7621f68879,43387336,2020-04-25 09:38:30-06:00,2020-04-25,-104.94816667,39.71143,1634.0,,3.9,16.7,,8.8,,1020.5,Coprinus comatus,"E Cherry Creek South Dr, Denver, CO, US",2
4027b7c0-4f6b-4172-838a-3ef45b28fdb1,40349133,2018-08-16,2018-08-16,-107.836,37.9421,2652.0,,11.0,23.0,,6.2,,,Coprinus comatus,"Telluride, Colorado, USA",1
e83af5bd-5937-47e8-9a3c-993292506928,37621634,2019-06-08 11:45:00-06:00,2019-06-08,-104.8297897608,38.848172402,1838.0,,10.0,30.6,0.0,23.4,,1007.4,Coprinus comatus,"Downtown, Colorado Springs, CO, USA",2
88dc4dfd-393c-4d00-8b6e-b9a267d4ee2f,37351195,2012-04-13 18:16:00-07:00,2012-04-13,-105.2186048102,40.0377610948,1597.0,,5.0,16.0,,10.4,,,Coprinus comatus,"Boulder County, CO, USA",2
61ad24c1-de47-4e1c-870f-f4a216a73857,34922299,2019-10-26 11:38:39-06:00,2019-10-26,-104.8989550024,39.6375754643,1705.0,,2.2,23.3,,12.0,,1007.7,Coprinus comatus,"Goldsmith Center, Denver, CO, US",2
749ba997-5773-45ea-b0a3-11ac09a60018,34275581,2019-10-03 15:44:27-06:00,2019-10-03,-105.0164416667,40.5589533333,1488.0,,5.0,17.2,0.0,8.4,,1021.9,Coprinus comatus,"Fort Collins, CO, US",2
f5f19435-884d-476b-b58a-a43b59a9baf1,34193605,2006-07-21 13:10:00-05:00,2006-07-21,-105.1448437805,37.3285575251,3242.0,,,,,,,,Coprinus comatus,"Huerfano County, CO, USA",2
b7e2aada-c056-4e6a-8e4b-15aae4fd7efc,34128588,2019-10-09 13:32:08-06:00,2019-10-09,-105.07939411,39.65949764,1657.0,,0.0,26.7,,15.8,,1003.4,Coprinus comatus,"Denver, CO 80227, USA",2
638a6017-8306-4823-9bb1-659eb98e586e,33850885,2019-10-04 11:48:24-06:00,2019-10-04,-104.8913879395,39.4099998474,1852.0,,6.1,27.8,0.0,11.0,,1010.9,Coprinus comatus,"The Meadows, Castle Rock, CO, USA",2
c5684792-0203-4751-bc7d-26a0cd738f05,33675329,2019-09-30 17:14:34-06:00,2019-09-30,-106.8026183522,40.4449984107,2097.0,,7.5,19.0,,5.6,,,Coprinus comatus,"Hunters Dr, Steamboat Springs, CO, US",2
8f9e722b-4930-4022-9ca9-d4e1d940f49b,33552551,2019-09-28 10:21:24-06:00,2019-09-28,-105.5741416667,41.315575,2200.0,,,,,,,,Coprinus comatus,"Greeenhill Cemetery, Laramie, WY, US",1
0b0d65fa-7daf-484b-bbda-0aff6c26dedd,33552244,2019-09-28 14:44:26-06:00,2019-09-28,-105.2813912115,39.6246716284,2512.0,,9.4,23.3,0.0,29.3,,1007.0,Coprinus comatus,"Giant Gulch Rd, Evergreen, CO, US",2
3393c2e3-1cd4-44e3-b290-90f69eae52c5,33541342,2019-09-27 15:41:25-06:00,2019-09-27,-103.2038986549,44.0957956656,993.0,,7.2,13.9,0.0,13.3,,1010.4,Coprinus comatus,"Pennington County, US-SD, US",2
6f006765-db76-4655-8622-4add195e72f2,33288548,2019-09-23 18:26:16-06:00,2019-09-23,-103.2475614943,44.0647995153,1083.0,,3.9,26.7,0.0,8.6,,1014.1,Coprinus comatus,"N Grand Vista Ct, Rapid City, SD, US",2
54fbf31b-8395-488d-8fa7-9772989b2eab,32625024,2019-09-12 11:26:21-06:00,2019-09-12,-103.5773820503,43.888121349,1665.0,,7.8,11.1,0.0,25.0,,1016.4,Coprinus comatus,"Black Hills National Forest, Keystone, SD, US",3
71fe6f52-0e9a-42d9-a32d-4afd824b0140,32189504,2016-07-12 11:01:00-06:00,2016-07-12,-105.3789393134,39.5053825798,2620.0,,13.9,31.1,0.0,15.4,,1009.3,Coprinus comatus,"Pine Junction Area, CO, USA",2
42822096-ae1a-446c-82f6-3b82bb41725d,32189503,2016-07-12 10:59:00-06:00,2016-07-12,-105.3786903054,39.5054629431,2620.0,,13.9,31.1,0.0,15.4,,1009.3,Coprinus comatus,"Pine Junction Area, CO, USA",2
1318c3f1-e116-4f0f-8b4a-127fdaa4d5ee,32055700,2019-08-28 18:00:00-06:00,2019-08-28,-106.8478694558,37.2820645118,2644.0,,,,,,,,Coprinus comatus,"Archuleta County, CO, USA",2
a4569080-6992-42d4-b516-93ae1bee92b3,32030242,2019-09-02 12:08:23-06:00,2019-09-02,-106.8412823579,37.120460782,2640.0,,,,,,,,Coprinus comatus,"San Juan National Forest, Pagosa Springs, CO, US",2
2d224187-39be-4893-a5b2-45a46344e4a4,31339041,2019-08-07 12:28:07-04:00,2019-08-07,-106.1443416667,39.67308,3130.0,,,,,12.4,,,Coprinus comatus,"Arapaho National Forest, Silverthorne, CO, US",2
b0221b3d-7667-4a97-90e3-2b01db50f2d9,30868309,2019-08-14 12:26:37-06:00,2019-08-14,-106.5443033333,37.0548666667,2723.0,,,,,,,,Coprinus comatus,"Rio Grande National Forest, Chromo, CO, US",3
84a594c4-2732-4a78-94a0-849191c681f4,30733003,2019-08-10 11:54:00-06:00,2019-08-10,-105.7226804271,40.4350635361,3476.0,,,,,4.9,,,Coprinus comatus,"Estes Park, CO 80517, USA",2
a574d4b9-ca1b-4fa3-b793-90eeb7a44a5b,30460749,2019-08-08 10:41:23-06:00,2019-08-08,-106.84415821,37.52728758,3242.0,,,,,,,,Coprinus comatus,"Mineral County, US-CO, US",2
06d26c7e-1ab1-47c9-b0e0-fb4b7be862c1,30424137,2019-08-02 11:03:31-06:00,2019-08-02,-105.5346133333,39.3160883333,3147.0,,,,,,,,Coprinus comatus,"Pike National Forest, Lake George, CO, US",1
516f74c6-9ea4-4565-a6fc-fe04f384e5f6,30213671,2019-08-03 14:11:18-06:00,2019-08-03,-105.9525217052,39.3896004992,3389.0,,6.7,23.3,0.0,7.6,,1017.9,Coprinus comatus,"Pike National Forest, Jefferson, CO, US",2
b6ad5f59-2194-4b50-97c6-9e16d9131136,30118530,2019-08-03 10:43:20-06:00,2019-08-03,-105.4287333333,35.7979283333,2440.0,,13.3,27.2,,13.3,,1018.0,Coprinus comatus,"Santa Fe National Forest, Las Vegas, NM, US",1
1ea32d68-08e2-4e84-a75c-bfacfafd1514,29402879,2019-07-23 12:17:21-06:00,2019-07-23,-108.0664978027,38.9979019165,3154.0,,19.0,36.5,,7.1,,,Coprinus comatus,"Eckert, CO 81418, USA",2
4364bbc6-b463-40be-9ee4-9f1cdc4436cc,29121137,2019-07-17 12:54:19-06:00,2019-07-17,-105.5350835436,39.6139842784,2758.0,,,,,,,,Coprinus comatus,"Clear Creek County, US-CO, US",2
603b385e-e249-4fa7-8dce-b0ff2a11ffe7,28682392,2019-06-24 17:39:00-04:00,2019-06-24,-105.9347384,39.5791675,3457.0,,,,,,,,Coprinus comatus,"Keystone, CO 80435, USA",1
ca8cefd7-3ee1-44b2-9424-fb5704e34985,28588646,2019-07-07 09:49:08-06:00,2019-07-07,-104.66665455,39.00217159,2281.0,,10.0,26.0,,11.4,,,Coprinus comatus,"El Paso County, US-CO, US",2
99c9399d-8983-44d5-932b-bc3431572429,28060776,2019-06-28 11:08:40-06:00,2019-06-28,-106.9811019897,38.9448623657,2861.0,,7.2,28.3,0.0,12.8,,1015.8,Coprinus comatus,"Aspen, CO 81611, USA",1
59d0925d-2b3d-4a32-bd72-577752e49241,26276415,2019-05-24 23:03:00-10:00,2019-05-24,-108.1014416634,36.8084692495,1725.0,,1.7,20.6,0.0,9.6,,1015.7,Coprinus comatus,"San Juan County, NM, USA",2
b68a618e-7cff-4f75-8699-718ca5e35cb1,26275973,2019-06-01 13:24:57-06:00,2019-06-01,-106.6211109531,42.6429253367,1613.0,,5.6,22.2,0.3,7.9,,1015.0,Coprinus comatus,"82604, Casper, WY, US",3
dac2488d-bb99-4afe-ab6f-0d2e6b21d4bd,26217745,2019-06-01 18:37:34-06:00,2019-06-01,-104.8868072034,39.5898278011,1757.0,,8.3,23.9,,11.6,,1015.5,Coprinus comatus,"8803 E Davies Ave, Centennial, CO, US",2
7a9d345b-5b3f-4d15-9d9b-1a3940fafb28,25908529,2019-05-27 11:14:02-06:00,2019-05-27,-104.9107055664,40.8742790222,1740.0,,3.3,14.6,,14.9,,1007.3,Coprinus comatus,"Carr, CO 80612, USA",1
b63376b3-9ee0-46f5-b329-9ae1354b06e8,25627513,2019-05-23 07:16:02-06:00,2019-05-23,-105.0252614915,40.5648185867,1493.0,,3.3,6.7,,8.5,,1016.7,Coprinus comatus,"Fort Collins, CO 80525, USA",1
3c03ac34-83c8-4358-a3a2-019f60c11b68,25578763,2019-05-22 13:46:16-06:00,2019-05-22,-107.253425,39.561005,1803.0,,2.8,12.2,,10.7,,1006.9,Coprinus comatus,"White River National Forest, Glenwood Springs, CO, US",3
dabf38e0-44f0-41ff-b06e-2c5f3bed9738,24712006,2019-05-01,2019-05-01,-106.0260659778,35.6592307976,2004.0,,5.0,20.6,0.0,16.0,,1009.3,Coprinus comatus,"Agua Fria, NM 87507, USA",2
8d64b89e-6675-4fbe-9e01-517eb885f727,24317129,2019-05-01 15:06:15-06:00,2019-05-01,-105.0252810702,40.5908432249,1504.0,,,,,12.1,,1015.6,Coprinus comatus,"Colorado, US",2
d3efb9b0-7855-46dc-b2c9-bbeedf10f272,24300724,2019-04-25 10:11:54-06:00,2019-04-25,-105.2663883333,40.0835833333,1645.0,,7.0,17.0,,8.5,,,Coprinus comatus,"Boulder, Boulder, CO, US",1
d729126e-b48d-4eff-ac84-e0d56e2c8018,24187112,2019-04-29 17:34:00-06:00,2019-04-29,-104.9603983316,39.591571212,1704.0,,0.0,6.7,0.0,13.6,,1018.6,Coprinus comatus,"Centennial, CO, USA",2
7d46c6cb-f537-4e81-97b3-1638e324600b,23399569,2019-04-26 16:25:54-06:00,2019-04-26,-105.2450333333,40.0133277833,1611.0,,5.0,23.0,,7.3,,,Coprinus comatus,"University of Colorado Boulder - East Campus, Boulder, CO, US",2
ff0b31d9-9d3f-46f4-9283-ee56a1306c4f,20219608,2017-08-17 12:22:00-10:00,2017-08-17,-108.05635,37.8840972222,2878.0,,,,,8.3,,,Coprinus comatus,"San Miguel, Colorado, United States",2
dd6cf671-cef9-416a-89e2-925bfc51c934,18867763,2018-09-30 16:58:31-06:00,2018-09-30,-104.8061366667,39.6463916667,1740.0,,3.7,18.3,,8.2,,1016.3,Coprinus comatus,"3862 S Idalia St, Aurora, CO, US",3
e8822b97-8280-4fed-8afb-a8bc3d8e5bc8,18867581,2018-10-08 13:14:52-06:00,2018-10-08,-104.9598616667,39.733795,1640.0,,0.8,5.2,,14.1,,1013.1,Coprinus comatus,"1105 York St, Denver, CO, US",2
0759f0fa-3593-48a6-a998-476bf40ce965,18215056,2018-10-04 12:00:00-06:00,2018-10-04,-103.2310149,44.0805434,992.0,,-2.7,8.3,5.6,19.1,,1019.1,Coprinus comatus,"Rapid City, SD, USA",3
57169ece-a582-4d55-9d27-95a1c20964ce,17439092,2018-10-11 15:40:43-06:00,2018-10-11,-104.8922424316,39.6969795227,1675.0,,-1.5,6.1,,10.5,,1016.5,Coprinus comatus,"Mississippi Ave & S Valentia St, Denver, CO 80231, USA",2
c75e0b39-fd09-48d2-9508-fd9308962f15,16758399,2018-09-21 08:39:19-06:00,2018-09-21,-105.0984233092,39.7712973088,1653.0,,6.9,24.4,,13.3,,1019.6,Coprinus comatus,"Colorado, US",1
dcaa62d1-cee3-452d-9568-c5b0006eae9d,16748614,2018-09-21 07:30:51-06:00,2018-09-21,-107.6572444663,39.5429814281,1654.0,,5.0,28.9,0.0,10.4,,1018.9,Coprinus comatus,"629 River Frontage Rd, Silt, CO, US",4
473b8b40-5c4c-4b2b-ad39-0a541b376973,16674025,2018-09-18 18:24:50-06:00,2018-09-18,-104.9428290782,39.7174971784,1641.0,,14.8,31.8,,12.4,,1008.4,Coprinus comatus,"3550 E 1st Ave, Denver, CO, US",3
b0b81f6f-6d2c-4326-bb88-62967518c1c9,16454616,2018-09-07 13:10:19-06:00,2018-09-07,-105.07601771,40.5705627129,1530.0,,,,,10.2,,1021.5,Coprinus comatus,"1309 Remington St, Fort Collins, CO, US",2
62d3c6b3-2f42-4f97-93da-272cc1d4583b,16243549,2018-09-04 18:55:59-06:00,2018-09-04,-105.2609633333,40.0200805,1620.0,,12.0,26.0,,5.3,,,Coprinus comatus,"2570–2596 Walnut St, Boulder, CO, US",2
d0890f39-95e2-43d4-b130-9a8381468618,16241192,2018-08-11 16:08:52-06:00,2018-08-11,-106.8266554457,39.1907749046,2416.0,,10.0,30.0,,11.1,,1014.1,Coprinus comatus,"334 W Hyman Ave, Aspen, CO, US",2
a0740e8d-1aaa-454b-b368-b7eee6bb2755,16241184,2018-08-11 15:43:41-06:00,2018-08-11,-106.825125916,39.1900364589,2416.0,,10.0,30.0,,11.1,,1014.1,Coprinus comatus,"232 W Hyman Ave, Aspen, CO, US",2
18d03a0d-efbd-43f8-9a74-bcc991b8eab3,16228550,2018-09-04 06:59:57-05:00,2018-09-04,-104.8129528295,39.4689407047,1912.0,,12.2,26.7,0.0,11.1,,1014.3,Coprinus comatus,"Colorado, US",3
c646bef8-e5d1-4e75-b8e6-345ad3f85989,16214213,2018-08-29 19:00:19-06:00,2018-08-29,-106.1564416667,37.58438,2343.0,,2.8,28.9,0.0,12.2,,1017.5,Coprinus comatus,"Monte Vista Country Club, Monte Vista, CO, US",2
530b20a4-6672-4d23-b8d5-0369c7fbb159,16148756,2016-06-23 14:16:00-06:00,2016-06-23,-105.397632718,39.5159615013,2695.0,,17.2,31.1,2.1,14.1,,1014.5,Coprinus comatus,"Pine Junction Area, CO, USA",2
869306e1-c51c-4799-8667-88f0b34cebab,16082968,2018-08-06,2018-08-06,-105.4081202834,36.1855962901,3024.0,,6.3,26.9,,11.7,,,Coprinus comatus,"New Mexico, US",3
30416d1c-e527-46b7-a241-3e87c03a1249,15282317,2018-08-02 10:11:00-07:00,2018-08-02,-105.7248376305,40.4076574972,3599.0,,,,,,,,Coprinus comatus,"Larimer County, CO, USA",1
0e3bc0e1-578b-45c4-9148-a8d2c1b6e178,12889968,2018-05-26 19:53:20-06:00,2018-05-26,-103.5257596885,43.7634132488,1619.0,,10.0,27.8,0.0,7.8,,1007.3,Coprinus comatus,"Custer State Park, Custer, SD, US",1
f1a63454-26e8-44c4-b8e9-19e222ba09dc,12746390,2018-05-22 13:29:10-06:00,2018-05-22,-104.680717,39.006211,2279.0,,,,,13.3,,,Coprinus comatus,"Section 16 Trailhead, Black Forest CO",1
f1644533-c882-4dc5-a106-d06dc9b01cb3,12493980,2018-05-15 15:03:04-06:00,2018-05-15,-105.0188118235,40.1253429635,1498.0,,5.0,23.2,,6.1,,,Coprinus comatus,"Colorado, US",1
bf47b7fb-3987-427e-802c-896f0a039168,12493532,2018-05-15 14:48:18-06:00,2018-05-15,-105.0714332911,40.0243628931,1590.0,,5.0,23.2,,6.1,,,Coprinus comatus,"Colorado, US",2
f7fd533d-6007-4a59-b9b4-1d2cf1aa87ec,8817534,2017-11-05 05:53:31-08:00,2017-11-05,-103.54007,37.99357,1236.0,,0.6,11.7,,19.8,,1011.1,Coprinus comatus,"81050, La Junta, CO, US",3
4c16a1c4-5c3a-4338-9dc7-f8e49c6f4290,7764554,2017-08-22 07:23:00-05:00,2017-08-22,-106.4332880723,35.8240935383,2684.0,,12.8,25.3,,9.1,,,Coprinus comatus,"15 Entrance Rd, Los Alamos, NM 87544, EE. UU.",2
1a34c004-7f5d-470c-a8d6-d79ae6f6725f,7498093,2017-08-13 18:22:35-06:00,2017-08-13,-105.85634107,39.70140015,3138.0,,7.0,16.0,,13.7,,,Coprinus comatus,"Clear Creek County, US-CO, US",1
ec97d6bb-da78-4dde-b382-be413152ad16,7451601,2017-07-30 09:24:00-05:00,2017-07-30,-107.4852344644,37.9247999045,3606.0,,11.6,22.9,,2.7,,,Coprinus comatus,"Hinsdale County, CO, USA",2
83a2b9d9-f7f9-45c7-ac38-98b4abe9b66a,6584247,2017-05-23 10:19:00-04:00,2017-05-23,-99.3944722222,40.6865916667,694.0,,7.5,13.8,,19.9,,,Coprinus comatus,"Buffalo, Nebraska, United States",2
75b25f9e-2770-49b8-85cd-79751c8a2e77,6555764,2017-06-08 20:11:12-06:00,2017-06-08,-104.9327256997,39.6533091925,1699.0,,12.2,27.2,0.0,13.3,,1012.2,Coprinus comatus,"3494 S Dexter St, Denver, CO, US",3
270b8b46-4400-4103-8ed5-f64ce55a5914,6333872,2017-05-23 10:19:46-05:00,2017-05-23,-99.3944702148,40.6865921021,694.0,,7.5,13.8,,19.9,,,Coprinus comatus,"Elm Creek, NE",3
fc2bc3ed-00f2-4020-8906-035efc7131c7,5999128,2017-04-28 07:11:16-06:00,2017-04-28,-104.8899216667,39.8129783333,1589.0,,-1.6,11.1,,18.5,,1005.6,Coprinus comatus,"Rocky Mountain Arsenal National Wildlife Refuge, Commerce City, CO, US",2
407a0a12-6f3e-407e-ae5c-b368517a64ed,5807836,2017-04-17 13:47:00-06:00,2017-04-17,-105.1124024391,39.9786657264,1609.0,,4.0,25.2,,5.7,,,Coprinus comatus,"Lafayette, CO, USA",2
a59f7aed-a186-4124-815e-dba0ca474f86,5781248,2017-04-16 14:06:32-06:00,2017-04-16,-105.0716805,39.9796916667,1573.0,,1.1,22.1,,3.5,,,Coprinus comatus,"1854–1876 S 120th St, Lafayette, CO, US",2
9fc29adb-e24b-4353-b898-d7fb6f574db4,5540168,2007-08-06 18:33:00-06:00,2007-08-06,-105.6321716309,39.5986605893,3901.0,,,,,,,,Coprinus comatus,"Mt Evans above treeline, Clear Creek County, CO, USA",3
aa7b6bde-d0c1-4195-af40-f16f3e7eab2a,4265622,2016-10-03 18:12:24-06:00,2016-10-03,-104.979650789,39.649699031,1627.0,,11.1,25.0,0.0,26.9,,998.7,Coprinus comatus,"777 E Kenyon Ave, Englewood, CO, US",3
43ac384b-5de6-49ef-8bf5-66f5aa61f85d,4222965,2016-09-27 16:01:16-06:00,2016-09-27,-103.4913602603,43.5641949754,1321.0,,8.9,24.4,0.0,11.1,,1017.0,Coprinus comatus,"Wind Cave National Park, Custer, SD, US",2
125dc103-3594-4eb5-ad36-321602f40369,4210672,2016-09-23,2016-09-23,-105.0523853302,40.2943225702,1502.0,,10.6,30.4,,7.1,,,Coprinus comatus,"Berthoud, Weld County, CO, USA",1
27c7a3d0-8345-44a4-9f66-f6627bf9f466,4070913,2016-09-09 06:44:00-06:00,2016-09-09,-105.065907016,40.5173017795,1523.0,,,,,15.3,,,Coprinus comatus,"Miramont, Fort Collins, CO 80525, USA",4
ce70b9ac-a18a-4863-b29c-1f91a3fdb07c,3977766,2016-08-26 12:52:40-06:00,2016-08-26,-105.4365833333,36.572925,3190.0,,,,,8.1,,,Coprinus comatus,"Carson National Forest, Taos Ski Valley, NM, US",2
62c95733-7261-4c2f-a7cd-0bdd30d714b6,2486744,2011-08-18,2011-08-18,-105.552629,36.150732,2641.0,,12.0,32.0,,7.4,,,Coprinus comatus,"sipapu, nm",2
f1975764-a418-4575-a713-b178f97eb090,2008273,2015-09-25 11:23:00-06:00,2015-09-25,-105.0719388333,39.6512416667,1669.0,,10.0,27.8,0.0,8.4,,1021.5,Coprinus comatus,"Jefferson County, US-CO, US",2
1832a8a5-be49-422a-8389-9fa22721d0ef,1544741,2015-05-25,2015-05-25,-108.569875,39.129949,1433.0,,7.8,19.4,2.8,10.8,,1011.1,Coprinus comatus,Grand Junction Colorado,2
5e75ef5f-49c2-48ff-b514-25bb0cd9dd5c,1489251,2015-05-14 16:10:41-06:00,2015-05-14,-105.0121952223,39.7878603522,1618.0,,4.8,22.4,,16.5,,1010.1,Coprinus comatus,"Colorado, US",2
ed0b9522-944f-4e0e-a6f0-e6064c3ec111,911246,2014-10-04 06:12:03-06:00,2014-10-04,-105.1642074585,40.0605125427,1626.0,,3.0,22.0,,5.1,,,Coprinus comatus,"Boulder County, US-CO, US",2
55b78497-3483-44b5-9447-458cd05d5fde,299419,2013-05-26,2013-05-26,-108.259492,39.913752,2023.0,,3.3,25.6,0.0,12.6,,1009.0,Coprinus comatus,"Piceance Basin, Rio Blanco Co, Colorado",2
1c9e62a3-6dec-4257-97ae-e33c6c8e6292,394678329,2026-08-24 17:22:31-06:00,2026-08-24,-105.576775,41.3117533333,2198.0,,,,,,,,Coprinus comatus,"E Sorority Row, Laramie, WY, US",1
e898af17-f97a-4b05-9318-68d3a33f5a86,375727961,2026-06-20 18:26:05-07:00,2026-06-20,-121.474189,45.396859,1342.0,,13.0,23.0,0.0,7.1,,1012.7,Coprinus comatus,"Dufur, OR 97021, USA",2
0fa3f0aa-74ec-4403-b76f-9946a01a5d17,345288742,2025-11-29 11:08:42-08:00,2025-11-29,-121.4868664646,45.6848484079,359.0,,1.0,5.0,0.0,1.2,,1024.9,Coprinus comatus,"Hidden Oaks Dr, Hood River, OR, US",1
c1d911e3-a3f1-4425-965a-85b65e799a10,344812146,2024-11-20 08:06:01-08:00,2024-11-20,-121.29467,45.6463966667,529.0,,6.1,8.9,,6.3,,1008.7,Coprinus comatus,"Mountain View Dr, The Dalles, OR, US",1
6a4343bc-078d-4fb7-bd58-3befaa922364,334574046,2021-10-14 10:45:00-07:00,2021-10-14,-122.1416944444,45.3998,233.0,,10.0,13.3,,3.8,,1023.7,Coprinus comatus,"Clackamas County, OR, USA",1
fa6dc10a-f247-4e65-90ed-0dbb131f8af3,333629220,2025-10-12 18:06:01-07:00,2025-10-12,-122.0687072352,45.5894874661,192.0,,7.0,13.0,9.0,7.2,,1012.0,Coprinus comatus,"HWQJ+XJ, Dodson, OR 97014, USA",3
ac4e1825-4c41-45a2-9c49-5781633b5716,326866794,2025-11-16 14:26:03-08:00,2025-11-16,-121.672079202,45.6946807672,43.0,,6.0,12.0,0.0,0.8,,1003.8,Coprinus comatus,"I-84 E, Cascade Locks, OR, US",2
870e7463-5456-442b-a1fe-6a84ce999e76,326422920,2025-10-30 11:28:45-07:00,2025-10-30,-121.9197844529,45.6381774461,82.0,,0.0,12.0,0.0,3.5,,1026.3,Coprinus comatus,"NE Eagle Creek Ln, Cascade Locks, OR, US",1
5a64d387-8a74-4d5b-89b2-19d77008ab23,325361183,2025-11-07 09:33:47-08:00,2025-11-07,-122.3197623616,45.3347034244,149.0,,6.9,14.0,1.8,5.2,,1022.6,Coprinus comatus,"SE Eagle Fern Rd, Eagle Creek, OR, US",2
43acae05-d618-49ed-a932-c126215ba0b2,322460517,2025-10-19 11:59:21-07:00,2025-10-19,-121.6297455682,45.4596763414,864.0,,8.0,14.0,3.4,2.8,,1014.9,Coprinus comatus,"Mt. Hood National Forest, Mount Hood Parkdale, OR, US",1
fab02256-f282-499b-b43a-d4d97f724393,320805818,2025-10-13 12:09:58-07:00,2025-10-13,-122.2949905278,45.4902610556,59.0,,3.0,16.0,0.0,10.2,,1010.0,Coprinus comatus,"Gresham, OR 97080, USA",1
60c488f1-fe70-4bb4-a1e9-2afa0ae6c5c5,284851266,2025-05-26 11:39:58-07:00,2025-05-26,-121.6718202965,45.2877464709,1297.0,,13.0,21.0,0.0,5.1,,1019.2,Coprinus comatus,"Oregon, US",1
5dd83b4d-8388-4ee0-9a1e-a925b679d87c,284422227,2025-05-26 12:55:11-07:00,2025-05-26,-121.4481861111,45.402425,1191.0,,13.0,21.0,0.0,5.1,,1019.2,Coprinus comatus,"Dufur, OR 97021, USA",1
8e2f34dd-9caa-4879-a8b4-fb72c8857a6a,272582825,2025-04-23 18:02:49-07:00,2025-04-23,-121.3209536897,45.646411409,416.0,,2.2,21.7,0.0,6.5,,1017.9,Coprinus comatus,"Lonely Ln, Mosier, OR, US",1
2065c1f9-ad80-4a88-924f-869b8ba4591d,259300638,2024-12-31 19:02:00-08:00,2024-12-31,-121.4624886259,45.7247973259,258.0,,-1.1,4.9,1.4,7.0,,1024.8,Coprinus comatus,"Klickitat County, WA, USA",1
3799e620-aa02-420c-82c5-0b9c4719123d,253460469,2024-11-26 09:57:46-08:00,2024-11-26,-121.5086283333,45.7107,25.0,,1.3,8.7,0.0,7.7,,1021.1,Coprinus comatus,"Columbia River Gorge National Scenic Area, Hood River, OR, US",1
72e63bea-2364-4673-8ada-f9866a1dc638,251695493,2024-11-14 11:51:29-08:00,2024-11-14,-122.3197802976,45.334721059,149.0,,8.3,13.9,,10.0,,1014.5,Coprinus comatus,"SE Currin Rd, Estacada, OR, US",1
ee4e0af8-8156-4ee3-9ede-c330355b7750,249103002,2024-10-25 16:08:58-07:00,2024-10-25,-121.9609135,45.3281745,407.0,,10.6,16.7,,33.9,,1013.2,Coprinus comatus,"E Elk Park Rd, Welches, OR, US",1
41ff4579-89e5-499a-bfe7-48d36b6f5d3e,248883718,2024-10-23 09:05:28-07:00,2024-10-23,-121.6926306,45.6881942997,11.0,,4.9,13.0,0.0,11.6,,1025.0,Coprinus comatus,"Cascade Locks, OR 97014, USA",1
e19b7929-9d34-4bc1-bd0b-c68f971d6a28,248883476,2024-10-23 16:37:32-07:00,2024-10-23,-121.9905275479,45.6316683271,12.0,,5.6,14.4,0.0,2.6,,1026.4,Coprinus comatus,"North Bonneville, WA, USA",1
97ef2fe0-4f42-4361-a4cf-683a6875c143,248881376,2024-10-23 09:42:09-07:00,2024-10-23,-121.7072091997,45.6862439,42.0,,4.9,13.0,0.0,11.6,,1025.0,Coprinus comatus,"Cascade Locks, OR 97014, USA",1
cd1c4687-e785-47f2-a9d8-5e182e4498fd,248798705,2024-10-23 13:14:21-07:00,2024-10-23,-121.8856598379,45.3025115272,771.0,,5.6,14.4,0.0,2.6,,1026.4,Coprinus comatus,"Oregon, US",1
6aedaa25-97f6-40f9-8bd4-56396bbbc0c1,248673917,2024-10-22 17:07:38-07:00,2024-10-22,-121.9739333333,45.3398861111,411.0,,7.2,15.6,4.1,2.9,,1025.2,Coprinus comatus,"Mt Hood Village, OR, USA",1
edeead25-0da8-4265-805e-86734cc6ec32,248181983,2024-10-19 16:09:10-07:00,2024-10-19,-122.2879389,45.4887955,40.0,,12.2,22.8,,5.8,,1023.4,Coprinus comatus,"Multnomah County, OR, USA",1
ed0df49c-795a-4dab-8400-bdd5de04dc2e,247790822,2024-10-16 11:53:18-07:00,2024-10-16,-122.0426028333,45.0800221667,456.0,,,,,,,,Coprinus comatus,"Mt. Hood National Forest, Estacada, OR, US",1
b8209f4a-85ad-4313-a552-027935960532,247694741,2024-10-16 11:52:45-07:00,2024-10-16,-122.0400366085,45.0805722894,461.0,,,,,,,,Coprinus comatus,"Mt. Hood National Forest, Estacada, OR, US",1
2e9c81b7-21e9-414e-84f0-dae48cebc028,247056301,2024-10-12 17:31:30-07:00,2024-10-12,-122.2945246997,45.4907376997,59.0,,8.9,24.4,0.0,4.0,,1017.8,Coprinus comatus,"Gresham, OR 97080, USA",1
090b936f-e800-47fb-b555-1d43b2106d4a,247055257,2024-10-12 17:41:52-07:00,2024-10-12,-122.2927952997,45.4912386997,118.0,,8.9,24.4,0.0,4.0,,1017.8,Coprinus comatus,"Gresham, OR 97080, USA",1
df88a1e3-0586-4c2c-95b9-b7963f36dc1e,241805085,2024-09-14 17:08:36-07:00,2024-09-14,-121.6319716667,45.4599083333,870.0,,12.6,21.9,0.0,12.8,,1012.1,Coprinus comatus,"Mt. Hood National Forest, Mount Hood Parkdale, OR, US",1
beccd060-7b00-461c-bf01-9776c65c6895,199292234,2019-10-23 13:26:00-07:00,2019-10-23,-121.6990222643,45.3768758539,3233.0,,5.6,18.9,,8.9,,1030.4,Coprinus comatus,"Oregon, US",1
f395a415-f6df-40d1-a440-a16b157179fa,195412005,2023-10-13 11:48:42-07:00,2023-10-13,-121.915016018,45.2694919123,684.0,,13.9,19.4,,21.3,,1010.0,Coprinus comatus,"Zigzag Ranger Station, Welches, OR, US",1
b87007eb-f9da-4712-b265-3ca83a14fd95,192425128,2023-10-21 14:02:00-07:00,2023-10-21,-122.2927472222,45.4912527778,118.0,,12.8,16.7,0.3,2.0,,1011.7,Coprinus comatus,"Multnomah County, OR, USA",2
b7e965ed-d504-46dc-96fe-0eb04fb6c033,191061084,2023-10-09 13:02:03-07:00,2023-10-09,-122.0210106263,45.375814799,329.0,,13.3,18.3,,5.6,,1006.3,Coprinus comatus,"E Brightwood Loop Rd, Brightwood, OR, US",1
6c37062a-c219-47ee-b132-738bc00f76bc,190509504,2023-10-27 11:35:40-07:00,2023-10-27,-121.56198,45.5016833333,572.0,,2.1,8.3,0.2,8.7,,1028.0,Coprinus comatus,"OR-35, Mount Hood Parkdale, OR, US",1
9a1fb4bd-1dd5-4525-9cae-7c11c2390ebd,189880688,2023-11-03 12:25:34-07:00,2023-11-03,-121.9892591984,45.3587812884,385.0,,7.8,17.8,6.4,11.6,,1018.6,Coprinus comatus,"E Mountain Air Dr, Welches, OR, US",1
905840a6-6455-4f59-903f-1c61da6d951b,188343325,2023-10-17 19:37:18-07:00,2023-10-17,-121.9748194444,45.3402583333,411.0,,10.6,19.4,0.0,2.8,,1021.6,Coprinus comatus,"Mt Hood Village, OR, USA",1
687c5242-f562-4bd4-b939-0ecfe1abf8ac,188100517,2023-10-18 19:47:44-07:00,2023-10-18,-121.4735445008,45.732898595,275.0,,8.8,20.3,0.0,4.8,,1019.7,Coprinus comatus,"Cook, WA 98605, USA",1
e93cbbe3-771c-4dab-aaa6-0837cd68d3c9,187254854,2023-10-07 15:00:34-07:00,2023-10-07,-121.586525,45.32872,1184.0,,9.8,24.2,0.0,8.8,,1016.3,Coprinus comatus,"Mt. Hood Park Division Recreation Area, Mount Hood Parkdale, OR, US",1
870fb4bd-38b0-45ec-bb1b-4da5b2679d00,185042160,2023-09-26 11:49:24-07:00,2023-09-26,-122.2421798706,45.449005127,100.0,,12.8,19.4,,8.9,,1015.8,Coprinus comatus,"Clackamas County, US-OR, US",1
bedf0067-8d25-4223-bc46-3e66d08ac562,184296417,2023-09-21 11:51:47-07:00,2023-09-21,-122.1658478772,45.2035953803,736.0,,7.2,23.9,0.0,6.8,,1017.4,Coprinus comatus,"Mt. Hood National Forest, Estacada, OR, US",1
3b7b9fbd-f529-45a9-a515-de05de696037,156030022,2020-10-17,2020-10-17,-121.4556870237,45.7409070294,669.0,,15.0,19.4,0.0,26.9,,1018.8,Coprinus comatus,"Location: 45.740907, -121.455687",1
e828e7c9-f13d-4a74-9da0-b262e2615594,143907234,2022-12-06 12:20:09-08:00,2022-12-06,-122.214895193,45.2968150129,433.0,,1.7,6.7,,2.2,,1021.6,Coprinus comatus,"Oregon, US",3
0470b7b5-e094-4b22-ab33-f5de7a631a81,139501399,2017-10-15 16:28:46-07:00,2017-10-15,-122.287913591,45.320657302,226.0,,5.6,18.9,0.0,5.0,,1025.1,Coprinus comatus,"Eagle Fern Park, Eagle Creek, OR, US",3
92ce5404-c0df-41e0-b72e-c850da240f32,138355836,2022-10-10 17:07:00-07:00,2022-10-10,-121.5784444444,45.3384583333,1121.0,,11.6,25.2,0.0,10.5,,1016.6,Coprinus comatus,"Hood River, Oregon, United States",6
fecdb9c4-8a31-416b-8a15-79e7d4acac6a,137900692,2022-10-07 11:51:06-07:00,2022-10-07,-121.8066114932,45.1163710842,1006.0,,,,,,,,Coprinus comatus,"Clackamas County, US-OR, US",4
d43f9c72-ba95-41ad-8eb8-ef81da656996,137814354,2022-10-06 11:01:19-07:00,2022-10-06,-121.57875,45.3386444444,1121.0,,13.7,27.0,0.0,4.0,,1020.5,Coprinus comatus,"MT HOOD PRKDL, OR 97041, USA",3
13a75627-a14b-406a-b525-8dc2a57628d0,137377072,2022-10-02 15:38:07-07:00,2022-10-02,-121.5739479661,45.384047872,1071.0,,12.6,25.8,0.0,3.9,,1015.4,Coprinus comatus,"MT HOOD PRKDL, OR 97041, USA",3
9fbff291-1d81-47c0-86e8-5a712911d48d,136912299,2022-09-27 18:15:52-07:00,2022-09-27,-121.6375583333,45.3237583333,1368.0,,14.5,29.9,0.0,6.4,,1012.0,Coprinus comatus,"Mt. Hood Meadows, Mount Hood Parkdale, OR, US",3
efc97118-0c35-45c7-8f8d-0866b3de3266,125127720,2022-07-04 15:58:46-07:00,2022-07-04,-121.4650716667,45.4110116667,1366.0,,11.9,24.5,0.0,9.3,,1013.1,Coprinus comatus,"Forest Service U.S. Department of Agriculture, Dufur, OR, US",2
a70560b8-4fec-4d4a-a510-850d370b0859,123450911,2022-06-25 15:53:05-07:00,2022-06-25,-121.4153366667,45.3974716667,1083.0,,12.2,34.4,0.0,10.1,,1020.2,Coprinus comatus,"Forest Service U.S. Department of Agriculture, Dufur, OR, US",3
c15e9401-c30c-4b6c-9f2e-9c3257edc0e3,100428059,2021-11-06 11:11:28-05:00,2021-11-06,-121.2975817604,45.7009838139,64.0,,3.9,11.1,,9.1,,1015.9,Coprinus comatus,United States,3
e01ae96e-8b82-4ef0-a0f5-33064f2b8d5a,99846011,2021-10-30 13:01:56-07:00,2021-10-30,-121.3335116667,45.6598466667,393.0,,1.7,14.4,0.0,6.2,,1023.2,Coprinus comatus,"Haylift Ln, Mosier, OR, US",3
94604008-e727-4055-a036-7d04f5e18295,98449206,2021-10-16 11:05:50-07:00,2021-10-16,-121.5865466667,45.5702333333,611.0,,5.6,22.2,0.0,3.6,,1016.2,Coprinus comatus,"Mount Hood Parkdale, OR, US",4
4633e6d3-1a16-46ba-bba9-5146e492a346,98069078,2021-10-12 12:43:57-07:00,2021-10-12,-121.8845243007,45.6957084412,54.0,,2.8,12.8,,2.9,,1021.9,Coprinus comatus,Stevenson,3
acc4b68f-af1a-46f5-b580-242b49e206a7,97927986,2021-10-07 18:14:06-07:00,2021-10-07,-121.5168067825,45.6938216618,150.0,,3.9,20.0,0.0,4.4,,1018.5,Coprinus comatus,"Columbia River Gorge National Scenic Area, Hood River, OR, US",3
dade52cd-eb15-428d-bbd1-6e70964ac6b4,65842395,2020-11-29 13:40:49+00:00,2020-11-29,-121.5867270996,45.5706978869,611.0,,0.6,8.3,0.0,6.0,,1027.5,Coprinus comatus,"Mount Hood Parkdale, OR, US",3
300a32f9-5a78-43e5-8bf5-a40865b7088a,65243761,2018-05-24,2018-05-24,-121.496,45.3063,1118.0,,16.7,30.6,0.0,25.1,,1012.4,Coprinus comatus,"Barlow Ranger District, Mount Hood National Forest, Hood River and Wasco Cos., Oregon, USA",1
c5a1a6f7-0ce1-490f-a2c0-4211922a3f5d,64980425,2020-11-15 16:32:19+00:00,2020-11-15,-122.0050039811,45.3737283758,356.0,,6.7,13.9,,10.7,,1017.8,Coprinus comatus,"E Relton Ln, Rhododendron, OR, US",4
42a97754-3113-45bd-9b83-94983daeecae,64208034,2020-11-04 16:06:46+00:00,2020-11-04,-122.197145,45.58436167,389.0,,14.4,20.6,,7.4,,1020.1,Coprinus comatus,"Columbia River Gorge National Scenic Area, Washougal, WA, US",2
c6784fa0-74a8-413a-ba62-31154ac180d9,62922804,2020-10-18 11:30:38-07:00,2020-10-18,-121.5452890086,45.7027813448,156.0,,14.4,18.3,0.0,23.0,,1017.4,Coprinus comatus,"Columbia River Gorge National Scenic Area, Hood River, OR, US",3
d03b7a8a-1802-4cd9-b5b8-389f31cb6124,62164054,2020-10-09 17:13:57-07:00,2020-10-09,-122.1993722222,45.2771944444,367.0,,10.6,23.3,0.0,7.0,,1011.0,Coprinus comatus,"Estacada, OR 97023, USA",2
295ff24b-3783-46c2-ba0d-f304eeeddddf,61875659,2020-10-06 10:18:37-07:00,2020-10-06,-122.082704,45.3732889722,317.0,,10.0,25.6,0.0,2.8,,1016.7,Coprinus comatus,"Clackamas County, US-OR, US",3
8358bcdc-8287-4648-b658-8ae6caf017f3,57709716,2020-05-24 16:27:44-07:00,2020-05-24,-121.4275099722,45.1832199722,771.0,,,,,,,,Coprinus comatus,"Maupin, OR 97037, USA",3
c26a806c-a64c-4c0a-90ce-3143b31abe56,46742181,2020-05-20 12:30:59-07:00,2020-05-20,-121.4478194444,45.2009944444,847.0,,,,,,,,Coprinus comatus,"Tygh Valley, OR 97063, USA",2
430726e7-db3c-4513-9b78-b5d50d77906f,34747455,2019-10-22 10:50:47-07:00,2019-10-22,-121.31765,45.64984167,410.0,,,,,15.7,,1024.7,Coprinus comatus,"Lonely Ln, Mosier, OR, US",3
3bc6034b-bbdb-42e0-a4b7-9b56676f361d,34376443,2019-10-14 13:05:24-07:00,2019-10-14,-122.08287376,45.37345915,317.0,,4.4,17.2,0.0,3.5,,1018.1,Coprinus comatus,"Sandy, OR 97055, USA",3
0ed13647-ff79-49aa-a1dc-4ac4c49ae632,34232590,2019-10-05 16:24:14-07:00,2019-10-05,-121.6181716667,45.67673,555.0,,8.3,20.0,0.0,10.3,,1026.6,Coprinus comatus,"Riordan Hill Dr, Hood River, OR, US",3
d57206eb-1552-4634-9e9d-ea5838c3fce9,34139488,2019-10-09 15:53:30-07:00,2019-10-09,-122.29643779,45.4885759,78.0,,2.2,13.9,0.0,3.7,,1026.2,Coprinus comatus,"Multnomah County, US-OR, US",3
ad8a9cad-71a4-4ddd-b367-83a439951086,33514317,2019-09-27,2019-09-27,-121.7110071,45.3311307,1802.0,,,,,,,,Coprinus comatus,"27500 E Timberline Road, Government Camp, OR 97028, USA",2
898bcd73-f109-490b-a4ad-12d991f8cac3,33514316,2019-09-27,2019-09-27,-121.7110071,45.3311307,1802.0,,,,,,,,Coprinus comatus,"27500 E Timberline Road, Government Camp, OR 97028, USA",3
70c49001-af16-44da-a570-90f0a32113c7,31549365,2019-08-10 09:39:00-07:00,2019-08-10,-121.6562111111,45.3253444444,1583.0,,,,,,,,Coprinus comatus,"Hood River, Oregon, United States",2
6747a816-0b08-48a2-a3a7-9efe59e93a15,19324028,2018-12-30 13:15:00-08:00,2018-12-30,-121.6926276684,45.6881722571,11.0,,5.0,10.0,,27.4,,1020.2,Coprinus comatus,"Hood River County, OR, USA",3
33d0a2cf-9f16-4332-b7d0-0a2fdeba71b5,8795751,2017-11-04 12:31:01-06:00,2017-11-04,-122.0385138333,45.0793916667,467.0,,,,,,,,Coprinus comatus,"Mt. Hood National Forest, Mt Hood National Forest, OR, US",4
