uuid,inat_id,timestamp,date,lon,lat,elevation,tavg,tmin,tmax,precipitation,windspeed,winddirection,presure,species,location,num_identification_agreements,olc
ae9b408a-6b36-40b8-a3b0-5e9cfa493fc4,393083644,2026-08-20 18:59:00-06:00,2026-08-20,-106.7892386755,41.2039581002,2228.0,,,,,,,,Coprinellus micaceus,"Encampment, WY 82325, USA",1,
90eeb17f-c97d-4fc8-886e-483d414cbca3,392666801,2026-08-19 08:45:24-06:00,2026-08-19,-104.8007885184,41.1389589789,1851.0,,14.0,24.5,,14.4,,1013.7,Coprinellus micaceus,"Cheyenne, WY, US",1,
1e8d0a1e-ec9d-4763-a2aa-f5a0312732c5,392664378,2026-08-19 08:41:22-06:00,2026-08-19,-105.5852651997,41.3139655,2196.0,,10.9,26.3,0.0,14.5,,1016.9,Coprinellus micaceus,"Laramie, WY, USA",1,
38b8a3b9-d0d2-4130-a5fa-e8697a41b88a,380177801,2026-05-26 15:43:48-06:00,2026-05-26,-105.1788851548,40.0509270615,1565.0,,13.0,26.0,3.6,4.9,,,Coprinellus micaceus,"75th St, Boulder, CO, US",1,
92a3099a-d809-415e-aff2-21dda67afd57,375649165,2026-06-26 16:09:38-06:00,2026-06-26,-105.0838861667,40.5724333333,1534.0,,11.0,32.8,0.7,4.8,,,Coprinellus micaceus,"Center Ave, Fort Collins, CO, US",1,
8171fa2c-d9a9-4c10-9fa6-0fc550e52a3e,372491575,2026-06-16 19:36:13-06:00,2026-06-16,-104.9607783333,39.6704333333,1636.0,,10.0,32.2,0.0,5.4,,,Coprinellus micaceus,"S York St, Denver, CO, US",1,
b4b48a97-3ce9-420b-8f21-e6b4e622463c,371284417,2026-05-21 11:55:58-06:00,2026-05-21,-105.0781467744,39.7141016275,1678.0,,4.9,18.5,,11.2,,1012.1,Coprinellus micaceus,"S Upham Ct, Lakewood, CO, US",1,
bbce79db-fdf0-472d-aacb-bb2c8e8e065d,370311477,2026-06-10 06:10:03-06:00,2026-06-10,-104.7588694444,39.6611388889,1715.0,,11.1,30.8,0.0,8.2,,,Coprinellus micaceus,"Seven Hills, Aurora, CO 80013, USA",1,
9f9d5780-9323-4243-896d-116e91be89f4,370214537,2026-06-09 20:29:44-06:00,2026-06-09,-105.0124740601,39.6107177734,1646.0,,13.9,31.7,0.0,8.4,,,Coprinellus micaceus,Littleton,1,
89d999be-7aec-40ed-b32f-ee66f27ab269,368942337,2022-06-01 09:21:36-06:00,2022-06-01,-105.0730583333,39.6842466667,1678.0,,4.0,16.6,3.1,7.3,,1022.3,Coprinellus micaceus,"S Quay St, Lakewood, CO, US",1,
842eebfa-2ab6-44b0-b1ec-49fb2fca4d83,368440903,2026-06-03 15:11:47-06:00,2026-06-03,-104.7091323137,40.4232843459,1426.0,,12.9,29.5,0.5,10.9,,1014.4,Coprinellus micaceus,"10th St @ 18th Ave - Eastbound, Greeley, CO 80631, USA",2,
33bf76a3-7f06-434e-b846-a9b25b333a05,368228164,2026-06-03 13:17:59-06:00,2026-06-03,-105.1444759592,40.5868744724,1570.0,,11.7,28.0,0.0,7.2,,,Coprinellus micaceus,"Fort Collins, CO 80521, USA",2,
0417d156-71d0-42e9-87b2-9f86c2eb7fe9,368191955,2026-06-03 18:04:22-06:00,2026-06-03,-105.0553318207,39.6740641259,1687.0,,14.0,25.6,,11.5,,1014.9,Coprinellus micaceus,"W Iliff Dr, Lakewood, CO, US",1,
73de7b76-1f85-44db-8fbb-c1bd3a99145c,368188766,2026-06-03 17:51:21-06:00,2026-06-03,-105.2636642456,39.9960479736,1655.0,,13.0,26.0,1.5,4.3,,1015.4,Coprinellus micaceus,"Boulder County, US-CO, US",1,
1fe12264-c5e2-4e43-aba0-e7d1d380eeb3,368188730,2026-06-03 17:51:08-06:00,2026-06-03,-105.2636642456,39.9960327148,1655.0,,13.0,26.0,1.5,4.3,,1015.4,Coprinellus micaceus,"Boulder County, US-CO, US",1,
7919b6da-1e4d-4f9d-8692-7089c8798a8f,368188701,2026-06-03 17:50:55-06:00,2026-06-03,-105.2636489868,39.9960594177,1655.0,,13.0,26.0,1.5,4.3,,1015.4,Coprinellus micaceus,"Boulder County, US-CO, US",1,
0d67da21-4fb6-4f9d-b1a6-6a6525c374c9,368188621,2026-06-03 17:50:45-06:00,2026-06-03,-105.2636489868,39.9960403442,1655.0,,13.0,26.0,1.5,4.3,,1015.4,Coprinellus micaceus,Boulder,1,
8a5878fb-8a8a-4cb1-ada2-4ac6be68c500,367936608,2026-06-02 21:04:20-06:00,2026-06-02,-106.2980826572,42.8486802286,1576.0,,5.6,28.9,0.0,6.9,,,Coprinellus micaceus,"Casper, WY, USA",1,
61a377d4-2e4d-42a0-bef9-212b6f3a054c,367887699,2026-06-02 15:38:40-06:00,2026-06-02,-104.7475583333,39.5022466667,1856.0,,12.2,22.8,0.8,10.4,,1016.4,Coprinellus micaceus,"Pine Grove Ln, Parker, CO, US",1,
203e026e-8cf9-4bc0-a2a0-13398c5b8304,367881588,2026-06-02 16:12:28-06:00,2026-06-02,-104.8102805556,38.8440055556,1849.0,,11.7,21.7,,7.8,,1014.9,Coprinellus micaceus,"Middle Shooks Run, Colorado Springs, CO 80903, USA",1,
09c09c06-4f6d-40e7-8dd3-e19d056cfc41,367839704,2026-05-26 13:33:40-06:00,2026-05-26,-105.1295064249,40.5607561833,1565.0,,11.7,27.8,2.5,8.9,,,Coprinellus micaceus,"White Rock Ct, Fort Collins, CO, US",1,
d859dcb2-64bb-4179-893f-70d287120885,367755422,2026-05-31 18:55:07-06:00,2026-05-31,-105.1355716959,38.256899136,1931.0,,9.0,29.0,0.0,7.6,,,Coprinellus micaceus,"Wetmore, CO 81253, USA",2,
0f034b7a-dc1c-4c42-af97-848775acd466,367631487,2026-04-29 19:05:07-06:00,2026-04-29,-104.8254783333,38.8490616667,1851.0,,3.3,10.0,,6.5,,1017.1,Coprinellus micaceus,"Colorado College, Colorado Springs, CO, US",1,
2904e0e2-c8ff-4421-89c8-4922b228d9d8,367619331,2026-05-20 10:24:42-06:00,2026-05-20,-104.8903666667,39.6284916667,1709.0,,4.4,12.8,0.6,10.1,,,Coprinellus micaceus,"Goldsmith Gulch Trail, Denver, CO, US",1,
c2650350-bc93-4350-9afe-0b3146575ce0,367619223,2026-05-24 14:59:33-06:00,2026-05-24,-104.956245,39.5860666667,1693.0,,10.0,24.4,0.2,7.1,,,Coprinellus micaceus,"Cherry Knolls Park, Centennial, CO, US",1,
19ce2cf3-1181-49a2-b6cd-8f5e43a9fa6b,367593167,2026-06-01 19:07:33-06:00,2026-06-01,-105.0900497437,40.5352096558,1549.0,,12.8,26.7,0.9,8.1,,1015.3,Coprinellus micaceus,Fort Collins,1,
e46ca135-554c-4e2f-844f-81b9bacca1ba,367482629,2026-06-01 12:01:24-06:00,2026-06-01,-105.2850634,40.013582,1646.0,,13.0,26.0,1.6,3.5,,1015.1,Coprinellus micaceus,"9th Street and Arapahoe Road, Boulder, CO 80302, USA",2,
7a69360f-8576-4dae-8d2b-60839f898885,367121906,2026-05-31 11:15:50-06:00,2026-05-31,-105.0900869,40.5351793,1549.0,,9.4,26.7,0.0,5.6,,,Coprinellus micaceus,"Troutman Park, Fort Collins, CO 80526, USA",2,
e0e0d660-e15f-4007-bd63-ea56b770ed3e,366690533,2026-05-29 14:48:47-06:00,2026-05-29,-104.7114958429,38.7451923872,1768.0,,12.9,27.0,1.5,8.4,,1007.2,Coprinellus micaceus,"Fountain Valley School Rd, Widefield, CO, US",1,
9ef4cd1a-c5b9-4d33-a7bb-1278d118fc5d,366526251,2026-05-29 19:46:03-06:00,2026-05-29,-104.9838416667,39.71793,1613.0,,13.6,24.3,,12.4,,1007.2,Coprinellus micaceus,"N Grant St, Denver, CO, US",1,
22f906ab-1803-4e72-a852-c2cb5cdc3890,366503728,2026-05-29 17:17:52-06:00,2026-05-29,-105.1101165265,39.6624989828,1669.0,,14.9,26.1,2.2,10.7,,,Coprinellus micaceus,"S Kipling St & W Cornell Pl, Lakewood, CO 80227, USA",2,
959c07f5-6d2c-4fe5-b00c-c70723dee5dc,366448836,2026-05-29 14:45:01-06:00,2026-05-29,-103.6360456083,41.8798379151,1204.0,,12.8,30.0,9.1,21.2,,1008.1,Coprinellus micaceus,"21st Ave, Scottsbluff, NE, US",1,
c246ea07-b952-406d-8b14-792f35018ee3,366447496,2026-05-29 14:40:15-06:00,2026-05-29,-105.26881323,40.22361053,1636.0,,13.5,25.6,1.1,6.1,,,Coprinellus micaceus,"4th & Railroad, Lyons, CO 80540, USA",2,
ce9424fa-6fd8-4404-9efb-ef5dba79ede1,366385915,2026-05-29 10:06:08-06:00,2026-05-29,-105.234925,40.0173445,1599.0,,14.0,26.0,1.0,4.8,,,Coprinellus micaceus,"48th St, Boulder, CO, US",1,
8e47743e-624f-4140-b247-e919e9b9c2fc,366359478,2026-05-29 09:26:36-06:00,2026-05-29,-105.12434,39.77411,1652.0,,13.0,26.0,2.3,7.0,,,Coprinellus micaceus,"QVFF+W8, Wheat Ridge, CO 80033, USA",2,
9164ccc7-291d-4722-9027-a3f8b405f680,366193968,2026-05-27 12:18:44-06:00,2026-05-27,-105.0148303108,40.7063874611,1589.0,,11.7,21.7,2.1,5.6,,,Coprinellus micaceus,"Colorado, US",1,
3c3813a9-50bf-4e5f-978f-dd070ac5cfb0,366189402,2026-05-28 17:38:43-06:00,2026-05-28,-104.8852346583,39.6446863496,1713.0,,11.7,23.9,0.8,7.2,,,Coprinellus micaceus,"Colorado, US",1,
f0348210-669a-45d1-b12d-211138942fcb,366189056,2026-05-28 17:37:04-06:00,2026-05-28,-105.1077645351,40.5607180376,1549.0,,11.7,25.6,0.2,6.8,,,Coprinellus micaceus,"Glenwood Dr, Fort Collins, CO, US",1,
bf49940d-9bb2-4679-8f92-6496cfe8bfbb,366184599,2026-05-28 17:13:49-06:00,2026-05-28,-105.0299528333,39.6202083333,1629.0,,11.7,23.9,0.8,7.2,,,Coprinellus micaceus,"Terra Vista at the Park, Littleton, CO, US",1,
130b67e3-af61-415f-97cd-89c05f67885b,366096644,2026-05-25 16:14:41-06:00,2026-05-25,-105.1027138333,40.6068116667,1525.0,,10.0,29.4,0.0,6.3,,,Coprinellus micaceus,"N Shield Ponds Big Loop, Fort Collins, CO, US",1,
bf356321-5c94-4e8e-a7cd-fd59151b1fed,366079733,2026-05-28 10:36:14-06:00,2026-05-28,-104.929475,39.7562466667,1624.0,,11.3,21.7,,11.3,,1013.4,Coprinellus micaceus,"Elm St, Denver, CO, US",1,
1bf71af1-5bd9-4448-8e35-0aaf5fecc344,366047766,2026-05-28 08:38:21-06:00,2026-05-28,-105.1083374023,39.8924369812,1652.0,,12.0,24.0,0.7,4.8,,,Coprinellus micaceus,Westminster,1,
80ea9372-8017-4115-a252-c11d6829c11b,366047545,2026-05-27 19:06:00-06:00,2026-05-27,-105.0518888333,39.6511533333,1646.0,,12.2,18.3,2.0,9.1,,,Coprinellus micaceus,"W Kenyon Ave, Denver, CO, US",1,
62546721-7cca-4f0d-b0f8-3e4d228178f5,365918230,2026-05-27 19:05:01-06:00,2026-05-27,-104.8243333333,38.84968,1855.0,,10.6,13.9,,6.1,,,Coprinellus micaceus,"N Cascade Ave, Colorado Springs, CO, US",1,
cf411b45-a7e5-42cb-ad0a-337a58d5be52,365867884,2026-05-27 13:02:21-06:00,2026-05-27,-105.0845951127,39.5053616731,1669.0,,12.2,18.3,2.0,9.1,,,Coprinellus micaceus,"Colorado, US",1,
2fe21e30-dd5a-4a65-bad9-cc1718ab72e3,365766183,2026-05-27 10:16:04-06:00,2026-05-27,-104.8675472662,38.8449483949,1861.0,,9.0,14.0,0.5,7.3,,,Coprinellus micaceus,"26th/St Anthony, Colorado Springs, CO 80904, USA",1,
89095471-eb74-42a9-8f30-928799a5a1d0,365566371,2026-05-26 16:07:52-06:00,2026-05-26,-105.1029583333,39.85975,1692.0,,11.0,26.0,4.1,7.8,,,Coprinellus micaceus,"W 90th Dr, Westminster, CO, US",1,
9b3eb055-077d-4741-a85e-4626f2bc724b,365556240,2026-05-26 12:18:22-06:00,2026-05-26,-105.1889944444,39.827425,1746.0,,11.0,26.0,4.1,7.8,,,Coprinellus micaceus,"Quaker Acres, Arvada, CO 80007, USA",1,
7a98d17e-08d2-4903-a35b-0e264c857e6d,365537538,2026-05-26 10:30:20-06:00,2026-05-26,-105.2065797196,38.4208631191,1641.0,,11.0,22.0,4.2,6.8,,,Coprinellus micaceus,"Poplar Ave, Canon City, CO, US",1,
ceb04bc3-3a6d-49bb-aff5-717f9e83a6e0,365498718,2026-05-17 14:22:59-06:00,2026-05-17,-105.0713653564,39.7086486816,1670.0,,10.4,17.9,,15.1,,1000.4,Coprinellus micaceus,Lakewood,1,
539eda97-6e10-4700-a9b4-a556d9004a50,365280972,2026-05-25 19:48:27-06:00,2026-05-25,-104.8110562563,38.8441639605,1843.0,,11.7,26.7,,8.6,,1010.3,Coprinellus micaceus,"Cache La Poudre/El Paso, Colorado Springs, CO 80903, USA",1,
901541db-a7f4-4073-9b30-1de55640d618,364922555,2026-05-20 14:28:00-06:00,2026-05-20,-105.087647643,39.6870955186,1703.0,,5.3,12.7,,11.0,,1018.4,Coprinellus micaceus,"Colorado, US",1,
c3814109-0854-4faf-87cc-a424e17fe2cc,364878951,2026-05-24 15:35:47-06:00,2026-05-24,-104.8032226389,41.1403541389,1853.0,,8.3,25.6,0.0,16.2,,1011.5,Coprinellus micaceus,"19th St and Bradley - Bus Stop Sign, Cheyenne, WY 82001, USA",1,
98eadaf9-517b-4292-8f27-3ed8a707c108,364525097,2026-05-23 08:10:00-06:00,2026-05-23,-105.1693386957,39.702937314,2012.0,,6.0,24.0,0.0,4.4,,,Coprinellus micaceus,"Denver, CO 80228, USA",1,
c9d2ff16-ee4f-417e-aee3-4cc5bcb990fd,364359391,2026-05-22 10:29:13-06:00,2026-05-22,-105.1109471667,39.662405,1673.0,,4.4,16.1,6.2,6.8,,1014.7,Coprinellus micaceus,"Bear Creek Trail, Lakewood, CO, US",1,
4340f187-577d-4cd1-9f66-108b804a0574,363837339,2026-05-21 18:27:36-06:00,2026-05-21,-104.7872866667,38.8676633333,1912.0,,5.6,21.1,,10.2,,1012.5,Coprinellus micaceus,"Condor St, Colorado Springs, CO, US",2,
d3241734-236d-48d6-a954-30750f8b999f,363826572,2026-05-21 18:30:47-06:00,2026-05-21,-104.9635389625,39.7337259943,1651.0,,4.9,18.5,,11.2,,1012.1,Coprinellus micaceus,"N Race St, Denver, CO, US",1,
f02d9266-4766-476e-9acc-04524238ba60,363764527,2025-04-16 09:41:15-06:00,2025-04-16,-104.96487254,39.7262955634,1621.0,,8.1,21.1,0.4,11.1,,1007.5,Coprinellus micaceus,"N High St, Denver, CO, US",1,
8f949406-5539-4472-8eb6-90935161dd86,363764230,2026-05-21 14:44:54-06:00,2026-05-21,-105.0808029175,40.1999588013,1534.0,,4.1,18.6,0.9,4.3,,,Coprinellus micaceus,"Boulder County, US-CO, US",1,
324ab3d2-bde4-4b9d-8594-5383a83171f1,363748046,2025-10-11 07:39:53-06:00,2025-10-11,-104.8290783333,38.8552133333,1853.0,,11.0,24.0,,14.2,,1014.0,Coprinellus micaceus,"Culebra Ave, Colorado Springs, CO, US",1,
0a43d533-5938-4014-b58e-c461159a9571,363486883,2026-05-20 14:15:47-06:00,2026-05-20,-105.2185366667,39.752455,1745.0,,4.0,13.0,2.9,4.9,,,Coprinellus micaceus,"Washington Ave, Golden, CO, US",1,
11ef3256-5064-4141-8445-7957d764f563,363222742,2026-05-19 17:16:05-06:00,2026-05-19,-105.1151805,40.1371,1522.0,,2.7,9.7,1.3,2.5,,,Coprinellus micaceus,"Emerald Dr, Longmont, CO, US",1,
513bf441-b952-477a-a97e-8ed56dec57fb,363067438,2026-05-16 15:53:20-06:00,2026-05-16,-104.8347805556,39.6248527778,1707.0,,12.2,23.3,2.0,6.2,,,Coprinellus micaceus,"Foxfield, CO 80016, USA",1,
982a35a0-1b68-42bc-8f0b-be457cd57cc9,362618958,2026-05-17 19:49:05-06:00,2026-05-17,-104.8355908182,39.6836721018,1697.0,,7.0,20.1,2.0,8.8,,,Coprinellus micaceus,"Aurora, CO, US",1,
ced9d0a5-1bbc-4e26-a675-e605dfe07077,362533649,2026-05-17 15:00:00-06:00,2026-05-17,-105.0936399286,40.5935426564,1535.0,,9.7,20.0,10.3,12.2,,,Coprinellus micaceus,"Sycamore St, Fort Collins, CO, US",1,
dd0bbefe-0b7a-48ab-936b-25a58f9c308d,362176479,2026-05-16 14:12:39-06:00,2026-05-16,-105.1036388333,40.58168,1539.0,,15.0,26.7,0.6,7.4,,,Coprinellus micaceus,"Sheldon Lake, Fort Collins, CO, US",1,
fb4d8c44-9e6b-432c-8b56-94c1fa7e78a4,361578627,2026-05-14 19:07:25-06:00,2026-05-14,-104.763345,38.9429466667,2063.0,,14.0,25.9,0.9,8.5,,,Coprinellus micaceus,"Mirage Dr, Colorado Springs, CO, US",1,
43e9e1aa-436c-4485-8582-bdc398434dbd,361207017,2026-05-11 17:18:04-06:00,2026-05-11,-105.0862871111,40.5707762624,1529.0,,8.3,30.6,0.0,5.5,,1015.7,Coprinellus micaceus,"W Pitkin St, Fort Collins, CO, US",2,
851d4fe6-0c7d-4cbc-bb02-3cc49d9d326f,359124042,2026-05-05 09:21:17-06:00,2026-05-05,-105.0803910568,40.5728280937,1531.0,,0.0,6.7,0.2,6.5,,,Coprinellus micaceus,"Libbie Coy Way, Fort Collins, CO, US",1,
db8b9521-7aa0-4fa4-b7e2-a120a983d9ee,352356228,2026-04-23 14:18:14-06:00,2026-04-23,-105.0812440642,40.5741777682,1530.0,,8.9,17.2,0.0,11.1,,,Coprinellus micaceus,"Colorado State University, Fort Collins, CO, US",1,
4d9ad65a-0e46-417d-8e42-028b322116e9,349268062,2026-04-12 09:08:42-06:00,2026-04-12,-103.6360070024,41.8797164476,1204.0,,5.0,27.2,0.0,15.1,,1002.7,Coprinellus micaceus,"21st Ave, Scottsbluff, NE, US",1,
66f51340-51b2-4757-85fa-f6b9584ab2b1,347063333,2026-04-02 18:11:48-06:00,2026-04-02,-104.8032833333,38.8457416667,1860.0,,3.9,20.6,,11.8,,1000.5,Coprinellus micaceus,"E Cache la Poudre St, Colorado Springs, CO, US",2,
8dba9b7f-87c7-4429-b63f-517698371277,346905924,2026-03-31 19:16:00-06:00,2026-03-31,-104.94838,39.93638,1619.0,,4.4,14.8,0.0,4.7,,,Coprinellus micaceus,"E 134th Cir, Thornton, CO, US",2,
107dd235-f71e-4dcb-b804-728890bd851d,331111398,2025-05-27 11:57:00-06:00,2025-05-27,-104.85658995,39.457395448,1948.0,,6.1,21.7,0.5,8.9,,1018.3,Coprinellus micaceus,"Colorado, US",1,
4f5d26d0-b645-4990-b0ea-b670bc3b2d1a,330889324,2025-09-20 12:52:00-06:00,2025-09-20,-104.8771726,39.5807452,1781.0,,11.0,25.0,1.2,8.5,,1021.1,Coprinellus micaceus,"Centennial, CO, USA",1,
adce1a3c-4894-4d92-be50-3b828614ee59,326016001,2025-10-16 15:09:36-06:00,2025-10-16,-105.0676652986,40.5778482045,1523.0,,9.0,21.0,0.0,14.6,,1010.2,Coprinellus micaceus,"E Laurel St, Fort Collins, CO, US",1,
3092df9c-c8cd-4813-9964-fe6b8b6e9fe0,316313522,2025-09-24 09:17:07-06:00,2025-09-24,-105.0034722167,39.74128,1591.0,,8.5,20.2,0.0,6.5,,1024.5,Coprinellus micaceus,"Ninth Street Historic Park, Denver, CO, US",1,
a019fb19-dec6-4e56-ae39-4d6cb3eb3d01,316180625,2025-09-23 18:36:32-06:00,2025-09-23,-105.1427026607,39.9961349652,1655.0,,10.0,13.0,0.4,6.2,,1024.5,Coprinellus micaceus,"Colorado, US",1,
3bdfc3e6-512d-4f5d-bc5d-c62662e66e80,316150578,2025-09-23 15:37:21-06:00,2025-09-23,-106.325395,42.8405283333,1577.0,,8.0,17.0,0.0,9.5,,1026.7,Coprinellus micaceus,"S Center St, Casper, WY, US",1,
1b9a9dae-045f-4137-99f7-6494c6641536,315056824,2025-09-08 10:16:06-06:00,2025-09-08,-105.0012856105,39.746814897,1586.0,,14.5,28.1,1.0,12.3,,1014.7,Coprinellus micaceus,"Speer Blvd, Denver, CO, US",1,
24c0f0d9-728a-4f99-a729-e7796fd0a04d,310644426,2025-08-31 14:22:05-06:00,2025-08-31,-104.8305883333,38.8598833333,1849.0,,9.0,25.0,0.0,11.1,,1028.4,Coprinellus micaceus,"Monument Valley Park Loop, Colorado Springs, CO, US",1,
ae8a8afd-dd79-478a-bd97-f5fe5615d595,310620181,2025-08-31 14:01:52-06:00,2025-08-31,-104.7643884968,38.848551143,1886.0,,9.0,25.0,0.0,11.1,,1028.4,Coprinellus micaceus,"Tesla Dr, Colorado Springs, CO, US",1,
dcd890cd-675a-44de-8e29-c9cec4b5e10c,310605870,2025-08-31 14:09:32-06:00,2025-08-31,-104.8218623883,38.8368666173,1839.0,,9.0,25.0,0.0,11.1,,1028.4,Coprinellus micaceus,"N Nevada Ave, Colorado Springs, CO, US",1,
452d1204-5252-4c68-98c6-777a069da4e8,310343991,2025-08-30 15:35:02-06:00,2025-08-30,-104.7910513356,38.9124556578,1997.0,,10.0,20.0,3.5,14.2,,1019.9,Coprinellus micaceus,"Colorado Springs, CO 80918, USA",1,
69708009-eb1f-4e0c-a0e2-a973cb6d3072,309615302,2025-08-27 18:14:18-06:00,2025-08-27,-104.9084273407,39.7027713902,1657.0,,14.8,24.1,2.3,11.3,,1016.6,Coprinellus micaceus,"S Oneida St, Denver, CO, US",1,
2d55a6b0-841d-4bbf-a39e-e53a8532234d,305003619,2025-07-23 19:08:37-06:00,2025-07-23,-105.1219214314,39.922235976,1659.0,,17.0,28.0,0.9,13.3,,1019.7,Coprinellus micaceus,"Eldorado Blvd, Broomfield, CO, US",1,
7abc0b62-ea11-4650-8264-acc286eb153c,304358568,2025-07-28 17:05:42-06:00,2025-07-28,-105.4900426325,39.6997905337,2860.0,,4.7,16.3,1.2,8.8,,1024.4,Coprinellus micaceus,"Columbine Dr, Idaho Springs, CO, US",1,
2fbd13cf-2399-4d20-b147-86a1b55da699,304358527,2025-07-27 18:40:16-06:00,2025-07-27,-105.4901593925,39.6998934215,2860.0,,3.0,16.7,0.0,10.7,,1021.3,Coprinellus micaceus,"Clear Creek County, US-CO, US",2,
578e86b5-be83-4a5a-9e6e-6d7dd852eb25,303289489,2025-08-02 14:36:39-06:00,2025-08-02,-104.979875,39.7238466667,1609.0,,15.7,27.4,1.4,12.8,,1018.6,Coprinellus micaceus,"N Pearl St, Denver, CO, US",1,
acf882bd-d5fb-4a43-952c-54f2f10238b8,302074291,2025-07-29 06:42:14-06:00,2025-07-29,-105.57920978,41.31821931,2188.0,,11.0,28.0,1.4,18.5,,1029.6,Coprinellus micaceus,"Laramie, WY, USA",1,
bcc951d8-12be-4fca-aeff-98fb076c27aa,301370101,2025-07-26 18:22:39-06:00,2025-07-26,-103.2356033333,44.0800083333,993.0,,19.0,33.0,0.0,9.5,,1010.0,Coprinellus micaceus,"West Blvd, Rapid City, SD, US",1,
a956d459-fbba-4aff-be2f-8696bd0e1917,300638261,2025-07-23 09:14:20-06:00,2025-07-23,-104.897295,39.6202,1737.0,,16.1,26.7,5.3,15.7,,1013.1,Coprinellus micaceus,"DTC Pkwy, Greenwood Village, CO, US",1,
ac92761b-f797-494e-9e4e-868ff11d19d1,299403619,2025-05-08 13:09:25-06:00,2025-05-08,-104.8393278793,39.6908221445,1697.0,,4.2,19.4,0.0,10.6,,1021.0,Coprinellus micaceus,"E Arkansas Dr, Aurora, CO, US",1,
b0db9d7b-44a5-4063-aa63-a02b0a17c014,298925231,2025-07-11 08:10:21-06:00,2025-07-11,-104.8229508003,38.8537374347,1856.0,,11.7,30.6,0.5,16.6,,1013.4,Coprinellus micaceus,"E Columbia St, Colorado Springs, CO, US",1,
bb046960-6269-497b-a147-12027430084b,297349027,2025-07-12 07:51:28-06:00,2025-07-12,-105.1192083333,39.9217133333,1658.0,,15.0,28.0,1.3,9.4,,1021.9,Coprinellus micaceus,"Broomfield Trail, Broomfield, CO, US",1,
65714607-a35f-49aa-b19d-fc57227b4f23,291616475,2025-06-04 12:53:09-06:00,2025-06-04,-104.8357180786,39.6841889201,1697.0,,7.8,21.6,2.4,14.7,,1013.0,Coprinellus micaceus,"S Wheeling Way, Aurora, CO, US",2,
9d802b90-02f8-4003-8b98-b2f4ff74128c,291556563,2025-06-01 16:28:00-06:00,2025-06-01,-105.1081866667,40.1997566667,1537.0,,13.5,29.1,1.0,4.7,,1016.5,Coprinellus micaceus,"Longmont, CO, USA",1,
6e057560-2f2a-4d35-801a-54bd9a073214,291344973,2025-06-20 18:17:53-06:00,2025-06-20,-104.954614229,39.7216154931,1625.0,,18.8,35.6,0.0,27.6,,1000.5,Coprinellus micaceus,"Detroit St, Denver, CO, US",1,
e73368e1-b547-48b6-bd3e-d5e1111480b4,291067480,2025-06-19 17:13:53-06:00,2025-06-19,-105.2728347778,40.0122108459,1635.0,,13.0,35.0,0.0,5.0,,1016.7,Coprinellus micaceus,Boulder,1,
563371f3-d1c9-451d-b964-0b2f1a359df3,291067382,2025-06-19 17:13:38-06:00,2025-06-19,-105.2728347778,40.0122108459,1635.0,,13.0,35.0,0.0,5.0,,1016.7,Coprinellus micaceus,Boulder,1,
742833aa-669f-4f43-8273-2fc0092f210a,291061990,2025-06-19 16:46:57-06:00,2025-06-19,-105.2582473755,40.0094642639,1622.0,,13.0,35.0,0.0,5.0,,1016.7,Coprinellus micaceus,Boulder,1,
faa8960c-2292-46b8-8a9c-05b391184000,290548646,2025-06-12 16:42:27-06:00,2025-06-12,-105.1052846902,39.8902142401,1652.0,,16.0,31.0,0.2,13.6,,1015.5,Coprinellus micaceus,"W 106th Ave, Westminster, CO, US",1,
8e363d1b-6670-42a8-9631-e9748371d06d,290531638,2025-06-17 17:13:00-06:00,2025-06-17,-105.1079981212,39.6146538949,1727.0,,11.7,21.7,5.2,14.1,,1011.4,Coprinellus micaceus,"W Powers Cir, Littleton, CO, US",1,
0346432c-a6c7-40b8-afd5-7708946dbbcb,290264229,2025-06-16 17:11:46-06:00,2025-06-16,-104.9075546265,40.4788970947,1465.0,,13.3,35.0,0.0,11.8,,1008.6,Coprinellus micaceus,Windsor,1,
e7cb4bea-9860-4df0-a00a-8fd40a15e369,290158080,2025-06-16 09:49:44-06:00,2025-06-16,-105.1048812866,40.1678619385,1527.0,,13.3,35.4,0.2,7.9,,1016.2,Coprinellus micaceus,Longmont,1,
b3d8914a-7890-4afa-a795-43bdbd50d4f8,289695484,2025-06-14 18:45:35-06:00,2025-06-14,-104.7234649658,37.4071235657,2168.0,,13.0,34.0,0.0,6.4,,1010.9,Coprinellus micaceus,Aguilar,1,
6ad48f63-87c0-4abd-a93d-5bf76abf1275,289111241,2025-06-12 15:18:46-06:00,2025-06-12,-104.89775,39.7310033333,1638.0,,16.5,28.4,0.0,14.1,,1008.3,Coprinellus micaceus,"E Ninth Ave, Denver, CO, US",1,
787ce28d-af5b-4010-a47e-64d6aba840d5,288860000,2025-06-11 16:22:04-06:00,2025-06-11,-105.0506278333,40.4260716667,1522.0,,15.6,30.0,0.0,10.0,,1009.9,Coprinellus micaceus,"Laplata Ave, Loveland, CO, US",1,
071e5276-98c5-49ca-b3a6-ec5a1b8d82da,288754728,2025-05-31 19:20:00-06:00,2025-05-31,-105.1165611111,39.6811722222,1734.0,,13.7,24.9,0.0,9.3,,1016.3,Coprinellus micaceus,"Carmody, Lakewood, CO, USA",1,
c2afd6df-7455-4008-a148-e0298769ce61,288620130,2025-06-10 17:50:22-06:00,2025-06-10,-105.2653427124,39.9926109314,1671.0,,12.0,32.0,0.0,7.0,,1018.0,Coprinellus micaceus,"Boulder County, US-CO, US",1,
405fcc0c-f37f-4f43-91f1-82840736b834,288615701,2025-06-10 18:37:01-06:00,2025-06-10,-105.2507019043,39.9855651855,1655.0,,12.0,32.0,0.0,7.0,,1018.0,Coprinellus micaceus,"Boulder County, US-CO, US",1,
2ca537eb-7ccf-4292-8c32-a83c5ffd13f5,288400046,2025-05-29 18:29:01-06:00,2025-05-29,-104.9459267,39.7438866,1610.0,,10.1,17.1,2.7,13.4,,1019.1,Coprinellus micaceus,"17th Ave & Madison St, Denver, CO 80206, USA",1,
7240551f-e5b3-459a-9b1b-08c3aaba358a,288106613,2025-06-05 13:01:41-06:00,2025-06-05,-105.0564059433,40.1898124922,1525.0,,12.7,22.5,9.6,9.2,,1018.5,Coprinellus micaceus,"Jimm Hamm Nature Area Trail, Longmont, CO, US",1,
68003497-848d-45fa-8140-9220a832dde3,288061807,2025-06-06 18:19:56-06:00,2025-06-06,-105.0389478903,40.5787379727,1503.0,,10.6,16.7,6.8,9.9,,1015.7,Coprinellus micaceus,"E Mulberry St, Fort Collins, CO, US",1,
fb8fc7f4-56b9-4588-b550-13bd394a39f4,288059542,2025-06-08 16:44:58-06:00,2025-06-08,-105.0804361667,40.5885166667,1525.0,,12.2,18.9,0.1,7.7,,1015.4,Coprinellus micaceus,"Civic Center Park, Fort Collins, CO, US",1,
464a9cb9-8638-47d8-bb06-3c6ca3ccd90c,287979144,2025-06-08 12:11:55-06:00,2025-06-08,-104.9386127294,39.754824224,1623.0,,14.7,22.0,0.3,11.5,,1013.7,Coprinellus micaceus,"E 26th Ave, Denver, CO, US",1,
554e1549-2ee2-469e-96e7-70091f6f86bd,287751326,2025-06-07 19:20:56-06:00,2025-06-07,-104.9369277954,39.6603965759,1673.0,,10.0,26.7,0.0,10.8,,1013.5,Coprinellus micaceus,Denver,1,
6908f5f0-a9c0-444f-a427-399b3228b04a,287751168,2025-06-07 19:20:11-06:00,2025-06-07,-104.937461853,39.6601715088,1673.0,,10.0,26.7,0.0,10.8,,1013.5,Coprinellus micaceus,Denver,1,
99ab2e61-a879-4884-b228-904084a285bc,287750237,2025-06-07 19:15:26-06:00,2025-06-07,-104.937538147,39.6592292786,1678.0,,10.0,26.7,0.0,10.8,,1013.5,Coprinellus micaceus,Denver,1,
83feb3df-f3a1-43af-86f8-077b46811e7b,287747649,2025-06-07 19:01:45-06:00,2025-06-07,-104.9331283569,39.6591758728,1676.0,,10.0,26.7,0.0,10.8,,1013.5,Coprinellus micaceus,Denver,1,
ff9ff4c4-eea5-491c-bff9-8305ab551cbf,287686029,2025-06-06 17:49:10-06:00,2025-06-06,-105.276925,40.0363805,1655.0,,12.0,20.0,2.3,6.6,,1019.6,Coprinellus micaceus,"Iris Ave, Boulder, CO, US",1,
76e4f657-2c56-4f46-8ce4-c7da6213aa60,287665937,2025-06-06 19:27:41-06:00,2025-06-06,-105.0506528333,39.7634083333,1674.0,,10.6,18.5,4.0,11.6,,1015.1,Coprinellus micaceus,"Pferdesteller Park, Denver, CO, US",1,
8f10abba-dc7c-45ab-ab58-88e45e07f8a7,287458523,2025-06-06 19:44:23-06:00,2025-06-06,-104.8693804595,39.5631249941,1794.0,,10.6,20.0,8.5,9.8,,1015.8,Coprinellus micaceus,"S Valley Hwy, Englewood, CO, US",1,
0fffe540-9d48-42c5-93ea-c59758f62151,287446888,2025-06-06 18:43:12-06:00,2025-06-06,-105.2506713867,39.9854507446,1655.0,,12.0,20.0,2.3,6.6,,1019.6,Coprinellus micaceus,Boulder,1,
75868661-05ff-4d16-88e3-a8b19693e00f,287446648,2025-06-06 18:42:34-06:00,2025-06-06,-105.2507476807,39.9855957031,1655.0,,12.0,20.0,2.3,6.6,,1019.6,Coprinellus micaceus,Boulder,1,
e3f0ac40-300b-4687-b314-cd74215d9e0a,287445643,2025-06-06 18:37:57-06:00,2025-06-06,-105.2498931885,39.9873695374,1655.0,,12.0,20.0,2.3,6.6,,1019.6,Coprinellus micaceus,Boulder,1,
4e4efe0c-ef1c-4d73-b567-ff988cd30a13,287437520,2025-06-06 17:51:28-06:00,2025-06-06,-105.2654418945,39.9928016663,1671.0,,12.0,20.0,2.3,6.6,,1019.6,Coprinellus micaceus,"Boulder County, US-CO, US",1,
9a4b5afe-68cc-48df-b3e5-1e8f96561775,287430797,2025-06-06 23:02:18-06:00,2025-06-06,-105.2992168151,39.7875838885,2316.0,,11.0,19.0,4.5,7.6,,1019.5,Coprinellus micaceus,"Colorado, US",1,
c3077d86-f2b9-4437-87d8-4ab6d515ba37,287424318,2025-06-06 16:41:44-06:00,2025-06-06,-103.2256329339,44.0476888139,1046.0,,4.4,21.1,0.0,11.2,,1016.8,Coprinellus micaceus,"Rapid City, SD, USA",2,
d9e40fa5-631b-45df-a32a-0e5e907e2bdc,287406138,2025-06-06 13:01:57-06:00,2025-06-06,-105.1580666667,39.569055,1849.0,,10.6,20.0,8.5,9.8,,1015.8,Coprinellus micaceus,"White Oak Dr, Littleton, CO, US",1,
95d7efdb-1be8-42c3-b16f-e51feb2e249f,287387575,2025-06-06 13:30:37-06:00,2025-06-06,-105.1418896997,40.2012789997,1560.0,,13.0,19.2,4.5,8.1,,1020.3,Coprinellus micaceus,"Longmont, CO, USA",1,
c9aa9a2f-e04e-4f64-99ee-3c5d96a33146,287386368,2025-06-06 13:01:49-06:00,2025-06-06,-105.1580666667,39.5690616667,1849.0,,10.6,20.0,8.5,9.8,,1015.8,Coprinellus micaceus,"White Oak Dr, Littleton, CO, US",1,
55dd2403-8477-46fd-9171-17a25bf9679b,287216768,2025-05-26 17:50:01-06:00,2025-05-26,-105.2914283333,40.03925,1692.0,,8.0,16.0,1.6,2.5,,1019.9,Coprinellus micaceus,"Fourth St, Boulder, CO, US",1,
5dca4203-9ca2-400c-adf5-c75bf2ab246c,287211684,2025-06-03 11:09:34-06:00,2025-06-03,-104.9276577754,39.7271732322,1638.0,,11.6,14.9,19.7,17.4,,1012.9,Coprinellus micaceus,"Forest St, Denver, CO, US",2,
00ef9f4e-dc5b-487f-a87e-040e38967c1c,287203213,2025-06-05 19:59:51-06:00,2025-06-05,-104.8116616667,38.847175,1845.0,,10.6,19.4,5.6,13.0,,1014.4,Coprinellus micaceus,"Shooks Run Trail, Colorado Springs, CO, US",1,
ed0d7e40-df1f-4420-9d2b-fccd40d26eda,287200179,2025-06-05 15:46:00-06:00,2025-06-05,-105.2800809573,40.0291170452,1647.0,,11.0,22.0,5.5,5.9,,1018.0,Coprinellus micaceus,"Old North Boulder, Boulder, CO 80304, USA",1,
9496786e-bc25-4ba3-9069-1db3f6c4f789,287188498,2025-06-05 18:42:58-06:00,2025-06-05,-105.2509307861,39.9855613708,1655.0,,11.0,22.0,5.5,5.9,,1018.0,Coprinellus micaceus,Boulder,1,
039f2e6e-9996-4d73-a11d-7752eb9eb4ae,287188451,2025-06-05 18:42:22-06:00,2025-06-05,-105.2509307861,39.9855613708,1655.0,,11.0,22.0,5.5,5.9,,1018.0,Coprinellus micaceus,Boulder,1,
f737ac4d-3475-4575-ba03-a9ec369b79a3,287188319,2025-06-05 18:41:41-06:00,2025-06-05,-105.2507171631,39.9853515625,1659.0,,11.0,22.0,5.5,5.9,,1018.0,Coprinellus micaceus,"Boulder County, US-CO, US",1,
8fd2e914-4c63-4dd0-b35e-d40b208b5886,287172371,2025-06-05 17:00:58-06:00,2025-06-05,-105.0486916667,39.7447366667,1623.0,,11.2,18.4,3.3,12.6,,1013.4,Coprinellus micaceus,"Sloan'S Lake Loop, Denver, CO, US",1,
9d18e32e-53e2-4117-b670-5fde1ff73f69,286972856,2025-05-31 14:07:05-06:00,2025-05-31,-105.2793966667,40.0155638833,1636.0,,12.0,25.0,0.4,4.7,,1022.8,Coprinellus micaceus,"Broadway St, Boulder, CO, US",2,
532528d2-751e-4570-970a-20b234c3fe10,286931694,2025-06-04 18:31:07-06:00,2025-06-04,-105.2498092651,39.9878997803,1648.0,,10.0,20.0,2.4,5.3,,1017.5,Coprinellus micaceus,Boulder,1,
be09869b-1309-49e5-aae2-1ce23133020a,286923523,2025-06-04 17:27:38-06:00,2025-06-04,-105.0545556997,39.6805535,1668.0,,9.6,18.3,1.5,12.4,,1013.7,Coprinellus micaceus,"Harvey Park, Denver, CO, USA",1,
53d25621-a509-4a90-b3ed-456dc1d02f2d,286853286,2025-06-04 12:21:55-06:00,2025-06-04,-105.0717163086,39.7086601257,1670.0,,9.6,18.3,1.5,12.4,,1013.7,Coprinellus micaceus,Lakewood,1,
14009441-8b5b-4ab8-9bc7-82c31c481740,286709417,2025-06-03 20:02:18-06:00,2025-06-03,-105.0223695,40.4098166667,1513.0,,8.3,14.4,8.1,12.7,,1015.3,Coprinellus micaceus,"E 15th St, Loveland, CO, US",2,
37f7ebce-84ae-46ea-9210-d7d12c25c478,286674054,2025-06-03 17:57:55-06:00,2025-06-03,-105.2640380859,39.9960403442,1655.0,,8.0,12.0,25.2,4.2,,1019.4,Coprinellus micaceus,Boulder,1,
b9eef793-6b4a-49dd-8584-5f0d9ed05432,286673944,2025-06-03 17:57:38-06:00,2025-06-03,-105.2640380859,39.9960403442,1655.0,,8.0,12.0,25.2,4.2,,1019.4,Coprinellus micaceus,Boulder,1,
79b5d57f-f1e2-48fd-8070-c6e36477cdd5,286673870,2025-06-03 17:57:10-06:00,2025-06-03,-105.2640380859,39.9960403442,1655.0,,8.0,12.0,25.2,4.2,,1019.4,Coprinellus micaceus,Boulder,1,
1673eca9-a80b-4937-8545-91a4205925da,286673807,2025-06-03 17:57:00-06:00,2025-06-03,-105.2640380859,39.9960403442,1655.0,,8.0,12.0,25.2,4.2,,1019.4,Coprinellus micaceus,Boulder,1,
eb340050-18ea-4933-af76-963db1dc8eae,286673763,2025-06-03 17:56:44-06:00,2025-06-03,-105.2641067505,39.9958763123,1655.0,,8.0,12.0,25.2,4.2,,1019.4,Coprinellus micaceus,Boulder,1,
5a9930bb-8b2b-47b3-ac23-89667375d976,286673725,2025-06-03 17:56:31-06:00,2025-06-03,-105.2641067505,39.9958763123,1655.0,,8.0,12.0,25.2,4.2,,1019.4,Coprinellus micaceus,Boulder,1,
42e3b7f7-73f0-4d5f-93ff-c4bd8ace268d,286601393,2025-06-03 12:12:26-06:00,2025-06-03,-104.8119611111,38.8431916667,1843.0,,8.3,15.0,7.9,21.6,,1013.5,Coprinellus micaceus,"Middle Shooks Run, Colorado Springs, CO 80903, USA",1,
fad36a26-51a3-497b-a983-1ca9b74f8652,286538005,2025-06-03 07:56:18-06:00,2025-06-03,-105.2333939808,40.0157655064,1598.0,,8.0,12.0,25.2,4.2,,1019.4,Coprinellus micaceus,"Riverbend Rd, Boulder, CO, US",2,
8f377ec2-8975-4f42-9a70-31da8a83deca,286424509,2025-06-02 18:40:32-06:00,2025-06-02,-104.9675461371,39.6939505265,1631.0,,15.3,25.5,4.0,14.4,,1006.1,Coprinellus micaceus,"Washington Park, Denver, CO, US",1,
299e165a-b0a2-4665-a673-0e94c5905923,286379822,2025-06-02 15:16:32-06:00,2025-06-02,-104.9418898705,39.6948596684,1658.0,,15.3,25.5,4.0,14.4,,1006.1,Coprinellus micaceus,"E Arizona Ave, Denver, CO, US",1,
4fdc66af-e5ab-4bb5-ae95-3fd9ad2924d4,286112453,2025-06-01 16:30:54-06:00,2025-06-01,-104.97371634,39.76095122,1594.0,,14.2,27.6,0.1,12.4,,1010.3,Coprinellus micaceus,"Curtis Park, Denver, CO 80205, USA",1,
d9e9de86-6939-4677-9794-6cd21a3c10df,286059636,2025-05-31 18:47:03-06:00,2025-05-31,-104.8205035833,38.8478189009,1850.0,,10.6,25.0,0.0,11.2,,1017.0,Coprinellus micaceus,"N Nevada Ave, Colorado Springs, CO, US",1,
49d0bb1d-bf19-4eea-8559-adbf15ed6075,285947151,2025-05-27 09:43:24-06:00,2025-05-27,-104.8728545636,38.8730295067,1920.0,,3.5,18.7,3.1,9.5,,1018.6,Coprinellus micaceus,"Rock Ledge Trail, Colorado Springs, CO, US",1,
6272fff8-c48e-46aa-83d3-35c775414591,285727985,2025-05-31 13:41:57-06:00,2025-05-31,-105.16107523,39.91820788,1719.0,,14.0,26.0,0.2,10.4,,1023.5,Coprinellus micaceus,"Superior, CO, USA",1,
1848958a-7d3d-4ce0-a343-aa4ae2597c1c,285496679,2025-05-30 19:35:32-06:00,2025-05-30,-104.9646849408,39.7287159786,1632.0,,10.4,24.3,0.5,10.3,,1017.7,Coprinellus micaceus,"N High St, Denver, CO, US",1,
ced9f078-b61b-4e8c-a9e8-df9b05ca2549,285479372,2025-05-24 12:22:04-06:00,2025-05-24,-105.26947,40.0152388833,1628.0,,10.0,18.0,5.3,9.6,,1018.7,Coprinellus micaceus,"Grove St, Boulder, CO, US",1,
ca451199-0a22-4611-9fca-4f70900be4aa,285252642,2025-05-29 18:30:14-06:00,2025-05-29,-104.9458865,39.7438704997,1610.0,,10.1,17.1,2.7,13.4,,1019.1,Coprinellus micaceus,"17th Ave & Madison St, Denver, CO 80206, USA",1,
fb474211-df4e-4b9b-b5e3-79a9c7e2add6,285218846,2025-05-29 18:49:07-06:00,2025-05-29,-105.26197052,39.9971656799,1647.0,,9.0,19.0,0.9,3.7,,1023.1,Coprinellus micaceus,Boulder,1,
14f2acf6-f268-4f0b-92ca-e44d40797943,285175361,2025-05-29 15:01:44-06:00,2025-05-29,-104.9699875725,39.6972137233,1633.0,,10.1,17.1,2.7,13.4,,1019.1,Coprinellus micaceus,"Meadow Loop, Denver, CO, US",1,
10e8e1ad-cce9-47a7-aa14-a7f54224781b,285174530,2025-05-29 15:03:56-06:00,2025-05-29,-105.1192778333,40.4105383333,1551.0,,10.0,19.4,0.3,8.9,,1019.7,Coprinellus micaceus,"Kennedy Ave, Loveland, CO, US",1,
7125dcbd-a2d8-4c94-8bb5-0222fc4bde4d,284859122,2025-05-28 11:22:24-06:00,2025-05-28,-104.8248505971,38.8479561134,1855.0,,9.4,22.8,2.3,16.6,,1015.8,Coprinellus micaceus,"Colorado College, Colorado Springs, CO, US",1,
65027485-d236-40c7-9998-8215024073bc,284710629,2025-05-27 19:46:31-06:00,2025-05-27,-104.9571838379,39.8778953552,1615.0,,8.6,20.4,0.4,10.9,,1017.1,Coprinellus micaceus,Thornton,1,
b42d62c3-d620-4c6f-bae6-d7ba43e3867f,284694137,2025-05-27 18:24:46-06:00,2025-05-27,-105.2506484985,39.9855003357,1655.0,,8.0,21.0,1.1,4.7,,1021.4,Coprinellus micaceus,Boulder,1,
bd6d2e84-24f4-479a-9465-7cabe62336b7,284694084,2025-05-27 18:24:34-06:00,2025-05-27,-105.2506484985,39.9855003357,1655.0,,8.0,21.0,1.1,4.7,,1021.4,Coprinellus micaceus,"Boulder County, US-CO, US",1,
2f83f71a-bb16-46f3-9e60-85abe5f798fb,284694030,2025-05-27 18:24:15-06:00,2025-05-27,-105.2507324219,39.9855880737,1655.0,,8.0,21.0,1.1,4.7,,1021.4,Coprinellus micaceus,Boulder,1,
a4348aa6-272e-4cb1-bda3-a3aa0198d66a,284693222,2025-05-27 18:20:16-06:00,2025-05-27,-105.2501678467,39.9875411987,1648.0,,8.0,21.0,1.1,4.7,,1021.4,Coprinellus micaceus,Boulder,1,
ff2459bc-5854-4c4c-98c8-ab817d6e8c14,284693174,2025-05-27 18:20:02-06:00,2025-05-27,-105.2500915527,39.9873695374,1655.0,,8.0,21.0,1.1,4.7,,1021.4,Coprinellus micaceus,Boulder,1,
599ea926-2e98-4a6b-a487-0daa630e341d,284654087,2025-05-27 15:02:12-06:00,2025-05-27,-104.86499218,38.84873628,1866.0,,6.0,19.1,2.1,9.6,,1020.6,Coprinellus micaceus,"Old Colorado City, Colorado Springs, CO 80904, USA",1,
7977d7af-78be-4969-8984-28ddb2affcfe,284587450,2025-05-27 09:58:38-06:00,2025-05-27,-104.6961056054,40.4246174327,1424.0,,8.1,20.5,1.2,7.6,,1017.3,Coprinellus micaceus,"Eighth St, Greeley, CO, US",1,
c5da4728-f7c8-4568-922e-2b73cbf2596a,284460662,2025-05-26 17:45:45-06:00,2025-05-26,-105.2395633333,40.0062861167,1610.0,,8.0,16.0,1.6,2.5,,1019.9,Coprinellus micaceus,"Park East, Boulder, CO, US",1,
7518cefe-19d1-4dd4-b959-74a9e5ef0851,284398013,2025-05-26 14:03:54-06:00,2025-05-26,-105.180275615,40.5323987151,1785.0,,10.0,18.9,8.0,11.1,,1016.8,Coprinellus micaceus,"Horsetooth Falls Trail, Loveland, CO, US",1,
37280bba-c12a-42e2-b61c-69fc8234b88d,284347844,2025-05-12 15:10:26-06:00,2025-05-12,-104.9640549058,39.6039095305,1675.0,,12.2,27.8,0.0,14.6,,1004.9,Coprinellus micaceus,"Centennial, CO, US",2,
b55ad828-b565-461a-a6d7-b3b0ecd4d175,284285618,2025-05-26 10:01:49-06:00,2025-05-26,-104.8214142841,38.8519396292,1854.0,,8.9,15.6,3.8,13.7,,1017.9,Coprinellus micaceus,"E San Miguel St, Colorado Springs, CO, US",1,
a87cb6ae-435d-4905-ab7a-986b11c43e40,284279750,2025-05-26 09:39:20-06:00,2025-05-26,-104.8256957417,38.8604600355,1864.0,,8.9,15.6,3.8,13.7,,1017.9,Coprinellus micaceus,"Wood Ave, Colorado Springs, CO, US",1,
ca48d8a7-5581-4cc0-9041-53304976880d,284273133,2025-05-26 09:15:14-06:00,2025-05-26,-104.8206269906,38.8586232108,1862.0,,8.9,15.6,3.8,13.7,,1017.9,Coprinellus micaceus,"N Nevada Ave, Colorado Springs, CO, US",1,
6941abf0-e7dd-4471-8738-04fef51f31cc,284114495,2025-05-25 17:28:33-06:00,2025-05-25,-103.2277984619,44.0791015625,989.0,,9.0,13.0,5.0,15.1,,1023.7,Coprinellus micaceus,Rapid City,1,
1835a0e0-88ec-48ae-bacd-33ef9da76518,284085063,2025-05-25 15:27:46-06:00,2025-05-25,-105.0458526611,40.564491272,1507.0,,10.0,13.9,,13.9,,1019.4,Coprinellus micaceus,Fort Collins,1,
a2877b25-991f-45ad-82f5-4dcef2d0dbc8,284083981,2025-05-25 15:21:40-06:00,2025-05-25,-105.0813611667,40.5759383333,1529.0,,10.0,13.9,,13.9,,1019.4,Coprinellus micaceus,"CSU Oval, Fort Collins, CO, US",1,
94de2702-07d3-4bbe-8ab8-8b3425399bdb,284029903,2025-05-25 12:33:47-06:00,2025-05-25,-105.0139160156,40.5529518127,1488.0,,10.0,13.9,,13.9,,1019.4,Coprinellus micaceus,Fort Collins,1,
22b55238-904c-49e2-959a-d0b7d5e3e2db,283658408,2025-05-24 09:52:17-06:00,2025-05-24,-105.0154495239,40.5527877808,1492.0,,10.6,15.6,17.5,13.6,,1014.5,Coprinellus micaceus,Fort Collins,1,
107b5e71-7e1c-4ca4-880b-db6a6a20b544,283658199,2025-05-24 09:51:25-06:00,2025-05-24,-104.9967575073,40.5301780701,1479.0,,10.6,15.6,17.5,13.6,,1014.5,Coprinellus micaceus,Fort Collins,1,
9f2f63f2-32a5-414b-bec3-cf054ec8bd5e,283455068,2025-05-23 13:50:28-06:00,2025-05-23,-105.0470733643,40.4180603027,1517.0,,9.4,27.2,0.0,14.1,,1009.3,Coprinellus micaceus,Loveland,1,
33dd3a98-0afc-4870-b913-32ba06bf66cc,283425136,2025-05-23 11:43:53-06:00,2025-05-23,-105.2517877,39.9661384,1727.0,,9.0,27.0,0.3,6.2,,1014.6,Coprinellus micaceus,"Devil's Thumb - Rolling Hill, Boulder, CO 80305, USA",1,
3126f5d6-47b0-4699-bed0-4fecb86f8b3b,283417264,2025-05-23 11:10:17-06:00,2025-05-23,-105.092025,40.570055,1532.0,,9.4,27.2,0.0,14.1,,1009.3,Coprinellus micaceus,"Colorado State University, Fort Collins, CO, US",1,
628f5673-2c91-4a5d-af73-75ee480c753b,283288015,2025-05-22 18:27:30-06:00,2025-05-22,-104.9949873483,40.5323853123,1482.0,,5.6,24.4,0.0,8.5,,1016.0,Coprinellus micaceus,"Strauss Cabin Rd, Fort Collins, CO, US",1,
32737276-324e-4d3f-8beb-46636d7564c1,283252042,2025-05-22 17:01:35-06:00,2025-05-22,-104.9743728638,39.694606781,1625.0,,9.0,21.7,0.2,15.4,,1015.7,Coprinellus micaceus,Denver,1,
612ca659-82c1-4a13-9811-d54a6f227a36,283167687,2025-05-19 14:13:33-06:00,2025-05-19,-105.0163888833,39.7611616667,1624.0,,8.6,14.4,0.4,15.3,,1003.8,Coprinellus micaceus,"W Argyle Pl, Denver, CO, US",1,
f4b6368d-e6a4-48e2-a764-16e1210dbcf2,283016367,2025-05-21 17:57:17-06:00,2025-05-21,-104.9691113737,39.732210855,1633.0,,7.4,22.5,0.0,13.6,,1013.7,Coprinellus micaceus,"N Humboldt St, Denver, CO, US",1,
eb1f1136-11c1-40a2-8398-9a8bdd6f539d,283016284,2025-05-21 17:56:22-06:00,2025-05-21,-104.969188152,39.732143716,1633.0,,7.4,22.5,0.0,13.6,,1013.7,Coprinellus micaceus,"N Humboldt St, Denver, CO, US",1,
8740c0ff-8a2d-4d94-a19e-04a0fdc3dde5,282929753,2025-05-21 11:10:08-06:00,2025-05-21,-105.0921388333,40.5700283333,1532.0,,7.8,24.4,0.1,17.6,,1014.2,Coprinellus micaceus,"Colorado State University, Fort Collins, CO, US",1,
c12971b8-d840-4c16-a986-a48af45a9895,282241005,2025-05-17 07:24:14-06:00,2025-05-17,-105.0160833333,40.5555,1489.0,,7.2,21.1,0.0,10.0,,1009.1,Coprinellus micaceus,"Alden Trail, Fort Collins, CO, US",1,
20c0ebac-159a-48f5-b82f-73de99cf11cf,281848960,2025-05-17 12:44:01-06:00,2025-05-17,-105.1923969318,40.5603056849,1927.0,,7.2,21.1,0.0,10.0,,1009.1,Coprinellus micaceus,"Colorado, US",1,
08214cd5-51d1-427b-ae7b-ac02eda95e8d,281742036,2025-05-16 13:12:09-06:00,2025-05-16,-104.9899805556,39.8220944444,1576.0,,7.8,19.9,0.0,20.5,,1008.5,Coprinellus micaceus,"Twin Lakes, CO 80221, USA",1,
e26457a3-bd39-4eb3-a4f6-787bad7c4129,281142650,2025-05-14 18:11:59-06:00,2025-05-14,-105.2637939453,39.9962501526,1655.0,,6.0,22.0,2.5,12.9,,1004.8,Coprinellus micaceus,Boulder,1,
205bdfb2-8c44-41ac-960c-6ed69b91ea66,281142534,2025-05-14 18:11:24-06:00,2025-05-14,-105.2640609741,39.9962348938,1655.0,,6.0,22.0,2.5,12.9,,1004.8,Coprinellus micaceus,Boulder,1,
1483fd42-fb55-47fa-bbbe-879ade32f00a,281141203,2025-05-14 18:03:36-06:00,2025-05-14,-105.2653884888,39.9926528931,1671.0,,6.0,22.0,2.5,12.9,,1004.8,Coprinellus micaceus,Boulder,1,
a67a9793-8298-4f6a-96c1-36a9606e989a,280897388,2025-05-13 17:52:08-06:00,2025-05-13,-105.265296936,39.9925994873,1671.0,,12.0,30.0,0.0,7.3,,1003.2,Coprinellus micaceus,Boulder,2,
96c2ec6a-08a4-4768-8c33-3c065a893713,280848354,2025-05-13 13:37:01-06:00,2025-05-13,-104.8193238079,39.6071672927,1715.0,,12.2,27.8,0.0,13.9,,997.3,Coprinellus micaceus,"Colorado, US",1,
81e72210-ffb2-441c-80f3-a94fb2f8af2e,280836220,2025-05-13 12:35:09-06:00,2025-05-13,-104.9090377217,39.7208867034,1647.0,,12.9,28.9,0.0,16.0,,997.1,Coprinellus micaceus,"Oneida St, Denver, CO, US",1,
d043c8ff-de05-434f-bb28-a08f4f1307cc,280807277,2025-05-13 10:22:56-06:00,2025-05-13,-105.071182251,39.7084884644,1670.0,,12.9,28.9,0.0,16.0,,997.1,Coprinellus micaceus,Lakewood,2,
a4ca3d99-6dd0-4510-9ff9-413ea99311d7,280709090,2025-05-02 17:55:13-06:00,2025-05-02,-105.1335,39.7738216667,1651.0,,1.0,18.0,0.0,7.4,,1021.1,Coprinellus micaceus,"Clear Creek Trail, Wheat Ridge, CO, US",1,
1ba9c054-b62f-427d-b8c5-74a743cda854,280225780,2025-05-05 12:25:54-06:00,2025-05-05,-105.2540080484,40.0368903625,1627.0,,7.0,19.0,3.5,8.6,,1010.5,Coprinellus micaceus,"Diagonal Hwy, Boulder, CO, US",1,
1fc19fdc-890e-414c-b2ea-2930878fb6f0,280122413,2025-05-08 11:09:00-06:00,2025-05-08,-105.2648131287,39.9945180408,1668.0,,4.0,20.0,0.0,5.1,,1024.0,Coprinellus micaceus,"Boulder, CO, USA",1,
6f335a0b-1762-4b49-af03-494fd8c5430a,279783463,2025-05-09 12:10:14-06:00,2025-05-09,-105.1307701988,39.6700092877,1729.0,,8.1,20.6,0.3,9.6,,1023.5,Coprinellus micaceus,"Colorado, US",1,
681f0e0f-b452-4774-bc19-6c347a9300a5,279779616,2025-05-09 13:56:11-06:00,2025-05-09,-105.0170524,40.55625664,1491.0,,6.1,23.9,1.2,7.8,,1023.0,Coprinellus micaceus,"Bucking Horse, Fort Collins, CO 80525, USA",1,
b308cc74-240f-457b-bcf5-ba0d5468c4c0,279731532,2025-05-09 10:18:04-06:00,2025-05-09,-105.1052597,40.60915541,1526.0,,6.1,23.9,1.2,7.8,,1023.0,Coprinellus micaceus,"Fort Collins, CO 80524, USA",1,
27823b3f-db56-4673-bcc6-69bc2bebb812,279650777,2025-05-06 08:05:49-06:00,2025-05-06,-104.8128366667,38.8458033333,1842.0,,1.7,7.2,25.4,17.6,,1017.4,Coprinellus micaceus,"E Cache la Poudre St, Colorado Springs, CO, US",1,
b26ce908-ea3a-4b5d-9f75-cb4874e5f707,279620354,2025-05-08 18:42:58-06:00,2025-05-08,-105.2427805556,40.0316055556,1613.0,,4.0,20.0,0.0,5.1,,1024.0,Coprinellus micaceus,"Noble Park, Boulder, CO 80301, USA",1,
38174504-d442-49d7-9655-a3a08e709c72,279604900,2025-05-08 19:47:55-06:00,2025-05-08,-105.0926895142,40.5701675415,1532.0,,3.9,21.1,6.0,8.9,,1021.5,Coprinellus micaceus,"Larimer County, US-CO, US",1,
58952e26-00f8-41e6-ad67-c25d4bb58bb5,279604851,2025-05-08 19:47:54-06:00,2025-05-08,-105.0926589966,40.5700340271,1532.0,,3.9,21.1,6.0,8.9,,1021.5,Coprinellus micaceus,Fort Collins,1,
554fbd6b-a855-4fb0-9d9d-d04162c41536,279583902,2025-05-08 13:16:54-06:00,2025-05-08,-105.080859659,40.5767561827,1532.0,,3.9,21.1,6.0,8.9,,1021.5,Coprinellus micaceus,"Oval Dr, Fort Collins, CO, US",1,
d9941444-543d-4eb9-ae95-8b60f93c54ed,279583824,2025-05-08 13:16:29-06:00,2025-05-08,-105.0807800938,40.5766578391,1532.0,,3.9,21.1,6.0,8.9,,1021.5,Coprinellus micaceus,"Oval Dr, Fort Collins, CO, US",1,
f88e28d4-5fe4-4bd0-a7c6-76a408ff58cb,279583692,2025-05-08 12:32:00-06:00,2025-05-08,-105.0925501172,40.5700850033,1532.0,,3.9,21.1,6.0,8.9,,1021.5,Coprinellus micaceus,"W Pitkin St, Fort Collins, CO, US",1,
54e34141-64ec-4f46-8d11-6b86f3f97d97,279571088,2025-05-08 16:05:34-06:00,2025-05-08,-105.28003,40.0039583333,1699.0,,4.0,20.0,0.0,5.1,,1024.0,Coprinellus micaceus,"Tenth St, Boulder, CO, US",1,
d9ebb3a4-3c20-4acc-9d06-02191981ed31,279509716,2025-05-08 11:19:21-06:00,2025-05-08,-105.0715866089,39.7085952759,1670.0,,4.5,18.7,0.0,8.9,,1021.2,Coprinellus micaceus,Lakewood,1,
79bf60d2-24f0-423f-801a-187dbd543882,279478630,2025-05-08 09:11:49-06:00,2025-05-08,-104.97294232,39.748199676,1608.0,,4.5,18.7,0.0,8.9,,1021.2,Coprinellus micaceus,"Colorado, US",1,
07812318-379d-41cf-a00d-8a8f996d48e2,279361681,2025-05-07 18:57:33-06:00,2025-05-07,-105.250793457,39.9849777222,1659.0,,6.0,12.0,11.6,8.1,,1023.0,Coprinellus micaceus,Boulder,1,
aef87fa5-bff0-4b9d-ab75-717ebd220d94,279361562,2025-05-07 18:57:09-06:00,2025-05-07,-105.2509460449,39.984916687,1659.0,,6.0,12.0,11.6,8.1,,1023.0,Coprinellus micaceus,Boulder,1,
ad4ac145-707a-486b-b8bd-fcdb778a1b09,279361519,2025-05-07 18:56:50-06:00,2025-05-07,-105.2509460449,39.984916687,1659.0,,6.0,12.0,11.6,8.1,,1023.0,Coprinellus micaceus,Boulder,1,
9af4653b-8150-4375-8ff3-f0a58af440bd,279361433,2025-05-07 18:56:31-06:00,2025-05-07,-105.2505569458,39.9844017029,1659.0,,6.0,12.0,11.6,8.1,,1023.0,Coprinellus micaceus,"Boulder County, US-CO, US",1,
8b08bb96-11ea-4192-9496-a1230831811a,279360911,2025-05-07 18:53:18-06:00,2025-05-07,-105.2506866455,39.9854545593,1655.0,,6.0,12.0,11.6,8.1,,1023.0,Coprinellus micaceus,Boulder,1,
88b51c2d-e01f-4594-9fc7-ae4b3a05dda4,279360180,2025-05-07 18:25:35-06:00,2025-05-07,-105.0813733041,39.704695739,1685.0,,5.3,10.9,6.0,10.6,,1020.2,Coprinellus micaceus,"South Alameda, Lakewood, CO 80226, USA",1,
e392c73a-38d7-4170-9f8b-0a5243e82ef5,279256904,2025-05-05 18:13:47-06:00,2025-05-05,-105.2444555556,40.0471194444,1627.0,,7.0,19.0,3.5,8.6,,1010.5,Coprinellus micaceus,"Four Mile Creek, Boulder, CO 80301, USA",1,
404818fb-7ebc-4ee7-8394-cbd6c675b7f2,279217040,2025-05-07 07:31:30-06:00,2025-05-07,-104.82128,38.8504866667,1854.0,,3.9,13.9,0.8,21.6,,1022.0,Coprinellus micaceus,"Colorado College, Colorado Springs, CO, US",1,
d182d96f-56bb-4b38-ae7d-042f188c4daa,279144074,2025-05-06 21:27:17-06:00,2025-05-06,-104.8212966667,38.84547,1847.0,,1.7,7.2,25.4,17.6,,1017.4,Coprinellus micaceus,"Colorado College, Colorado Springs, CO, US",1,
69114f65-5dad-43bf-9d86-865b4e64e8a4,279101078,2025-05-06 18:06:00-06:00,2025-05-06,-105.2649154663,39.995803833,1668.0,,6.0,11.0,14.9,8.0,,1018.8,Coprinellus micaceus,"Boulder County, US-CO, US",1,
1c15a580-21ea-469c-97fb-7be0e44d7554,278498251,2025-05-04 12:53:26-06:00,2025-05-04,-104.97664267,39.73850805,1620.0,,9.0,22.3,2.0,20.9,,1006.7,Coprinellus micaceus,"Capitol Hill, Denver, CO, USA",1,
9eef3baf-ffe3-464f-843e-269226e0c6ed,278423551,2025-05-04 09:21:39-06:00,2025-05-04,-105.0874843821,39.8027317912,1630.0,,9.0,25.0,1.1,17.6,,1011.3,Coprinellus micaceus,"Arvada, CO 80002, USA",1,
20eeead3-9541-4d64-886e-279b52d3b4d3,278173903,2025-05-03 11:14:56-06:00,2025-05-03,-105.165508166,39.7614947683,1694.0,,6.0,24.0,0.0,10.0,,1016.2,Coprinellus micaceus,"Applewood West, CO 80401, USA",1,
4942c313-53c5-4f55-8ba3-199f87106b8a,278108873,2025-05-03 11:00:57-06:00,2025-05-03,-105.2504583333,39.991705,1641.0,,5.0,25.0,0.0,5.0,,1015.7,Coprinellus micaceus,"S 36th St, Boulder, CO, US",1,
b433a942-4c62-4d35-bfb0-068f93739354,278094290,2025-05-02 08:02:09-06:00,2025-05-02,-105.0777027778,40.5707944444,1528.0,,2.2,20.0,0.0,8.9,,1018.3,Coprinellus micaceus,"Fort Collins, CO, USA",3,
13bd037c-8ac5-4ed1-b137-d05bf2ca437f,277732292,2025-05-02 08:59:28-06:00,2025-05-02,-105.1119466588,40.5622426184,1553.0,,2.2,20.0,0.0,8.9,,1018.3,Coprinellus micaceus,"W Stuart St, Fort Collins, CO, US",1,
19938f12-f73b-45bc-bc79-5726ee34110c,277709710,2025-05-02 07:24:27-06:00,2025-05-02,-105.2383633333,39.753125,1743.0,,1.0,18.0,0.0,7.4,,1021.1,Coprinellus micaceus,"Grant Terry Trail, Golden, CO, US",1,
81daed75-ce8e-4a75-8cfd-31923a0f61a9,277557927,2025-05-01 16:51:07-06:00,2025-05-01,-105.13187462,40.1668618,1523.0,,6.6,18.2,6.8,7.2,,1019.8,Coprinellus micaceus,"Hover St & 3rd Ave, Longmont, CO 80503, EE. UU.",1,
8cae3fb4-da15-4f4a-9604-0585481d78a8,277530272,2025-05-01 16:02:12-06:00,2025-05-01,-104.8232083333,38.8490555556,1855.0,,3.9,11.1,8.1,15.5,,1016.7,Coprinellus micaceus,"Downtown, Colorado Springs, CO, USA",2,
878b7fb5-209d-453c-baa9-b162aee82b0f,277213394,2025-04-30 18:02:43-06:00,2025-04-30,-105.2644424438,39.996219635,1655.0,,5.0,21.0,2.0,8.0,,1012.8,Coprinellus micaceus,Boulder,1,
cf0ce618-64a8-4440-95f0-15d040c25050,277191400,2025-04-30 14:00:00-06:00,2025-04-30,-104.910775,39.7646527778,1619.0,,5.9,17.1,1.9,13.1,,1009.6,Coprinellus micaceus,"Northeast Park Hill, Denver, CO, USA",1,
fbbb89ab-b7a5-4ff1-82d8-bbd519ed1d03,277132389,2025-04-30 14:17:00-06:00,2025-04-30,-105.148280465,39.8489232513,1731.0,,6.0,21.0,4.4,13.3,,1012.8,Coprinellus micaceus,"Colorado, US",2,
1ad0b208-8802-4bd2-91e8-f3296d1ba64a,276237729,2025-04-28 17:59:39-06:00,2025-04-28,-105.2637252808,39.9964103699,1655.0,,6.0,18.0,1.9,14.1,,1012.4,Coprinellus micaceus,Boulder,1,
dce55a5b-e5ec-43d9-805f-a47d1feef061,275742365,2025-04-28 09:14:25-06:00,2025-04-28,-105.1630060841,39.977987702,1715.0,,5.0,18.0,3.2,19.6,,1013.2,Coprinellus micaceus,"Pikes Peak Ln, Louisville, CO, US",1,
54a443c4-35e4-4df9-ad3a-cc1bd8364f1f,275220718,2025-04-27 18:48:28-06:00,2025-04-27,-105.2639625453,39.9988783554,1652.0,,6.0,26.0,0.0,9.8,,1006.1,Coprinellus micaceus,"Columbine Ave, Boulder, CO, US",1,
37ecab01-44eb-478f-af0d-04c76fa95856,275181977,2025-04-27 17:53:27-06:00,2025-04-27,-105.2636566162,39.9960441589,1655.0,,6.0,26.0,0.0,9.8,,1006.1,Coprinellus micaceus,Boulder,1,
1a19220a-5b63-4761-b83b-d5b9c76babc2,275181667,2025-04-27 17:53:12-06:00,2025-04-27,-105.2636413574,39.9960365295,1655.0,,6.0,26.0,0.0,9.8,,1006.1,Coprinellus micaceus,Boulder,1,
f47d9cf4-f45b-4d85-8ae9-bc8c512a4548,275092350,2024-05-11 17:12:30-06:00,2024-05-11,-105.0904720277,40.6015310815,1519.0,,3.3,18.9,0.0,7.4,,1014.0,Coprinellus micaceus,"JW26+WG McMurry Natural Area, Fort Collins, CO 80524, USA",1,
a0339f19-9a4b-4157-bfe2-93b29d8d6db4,274258767,2025-04-26 18:11:51-06:00,2025-04-26,-105.2502746582,39.9854164124,1659.0,,5.0,18.0,0.0,2.7,,1014.3,Coprinellus micaceus,Boulder,1,
8430e917-8661-44a0-80b2-4e4a9babd5ba,274243641,2025-04-26 17:44:32-06:00,2025-04-26,-105.2641296387,39.9962997437,1655.0,,5.0,18.0,0.0,2.7,,1014.3,Coprinellus micaceus,Boulder,1,
ff5b790c-f871-4592-a137-336caebd80c1,274243542,2025-04-26 17:44:05-06:00,2025-04-26,-105.2636642456,39.9960594177,1655.0,,5.0,18.0,0.0,2.7,,1014.3,Coprinellus micaceus,"Boulder County, US-CO, US",1,
7b1739e2-cad7-4f82-8be0-2c15492eb546,274243217,2025-04-26 17:43:51-06:00,2025-04-26,-105.2636642456,39.9960594177,1655.0,,5.0,18.0,0.0,2.7,,1014.3,Coprinellus micaceus,"Boulder County, US-CO, US",1,
a99245bd-9ad7-40c5-a271-63f11ca65979,274243069,2025-04-26 17:43:38-06:00,2025-04-26,-105.2636566162,39.9960289001,1655.0,,5.0,18.0,0.0,2.7,,1014.3,Coprinellus micaceus,Boulder,1,
419f91ac-588c-4b91-881e-8b6784a7c0a3,273439359,2025-04-25 17:06:36-06:00,2025-04-25,-104.9562095873,39.7377688311,1631.0,,6.7,11.4,5.8,17.5,,1018.7,Coprinellus micaceus,"Elizabeth St, Denver, CO, US",1,
c3c5bba9-24fa-4063-9aab-40a69be8a97c,272820199,2025-04-24 17:56:17-06:00,2025-04-24,-105.2640991211,39.9964065552,1655.0,,7.0,19.0,6.1,9.7,,1016.4,Coprinellus micaceus,Boulder,1,
f4f1f744-4f54-4474-b9a0-b321344f4f7d,272819498,2025-04-22 09:10:29-06:00,2025-04-22,-104.89212,39.60408,1755.0,,2.8,21.1,0.0,11.5,,1011.5,Coprinellus micaceus,"S Fiddlers Green Cir, Greenwood Village, CO, US",1,
40e2c39d-5372-4fb4-a52a-2cb2588e6d60,272766353,2025-04-24 13:51:22-06:00,2025-04-24,-105.1053916667,40.1659083333,1526.0,,8.5,21.0,11.2,11.2,,1017.2,Coprinellus micaceus,"Longmont, CO 80501, USA",1,
e5192ac3-a30c-472d-8261-de7034db9cc1,272672325,2025-04-24 06:54:07-06:00,2025-04-24,-104.9340031215,39.7366823974,1630.0,,8.3,16.7,3.9,13.6,,1011.9,Coprinellus micaceus,"Cherry St, Denver, CO, US",1,
8bdf86ac-a3aa-4922-b668-30d408ad8bbf,272579397,2025-04-23 18:45:14-06:00,2025-04-23,-105.2506484985,39.9855499268,1655.0,,6.0,16.0,1.7,5.1,,1017.2,Coprinellus micaceus,Boulder,1,
da126508-93e1-4e5e-825f-0fb7c5b6d2c3,272579291,2025-04-23 18:44:50-06:00,2025-04-23,-105.2507400513,39.985584259,1655.0,,6.0,16.0,1.7,5.1,,1017.2,Coprinellus micaceus,Boulder,1,
34c2603b-394f-487b-bb82-493c73decc12,272329884,2025-04-22 18:09:00-06:00,2025-04-22,-105.2549718265,40.0459715413,1641.0,,7.0,22.0,0.0,6.9,,1014.8,Coprinellus micaceus,"Corriente Pl, Boulder, CO, US",1,
e4fb7601-4095-4de1-a431-ed4d4d7366ba,271807014,2025-04-20 15:07:00-06:00,2025-04-20,-105.1440353394,40.1855278015,1559.0,,0.0,19.3,0.0,5.4,,1013.3,Coprinellus micaceus,Longmont,1,
78e03e5d-b147-4dc9-baa2-6e6d362c2b74,271547147,2025-04-19 13:04:18-06:00,2025-04-19,-105.1033596,39.5760707997,1730.0,,-4.4,6.7,,12.2,,1020.7,Coprinellus micaceus,"Dakota Station, Ken Caryl, CO 80128, USA",3,
2afa4e91-560f-409f-92c7-a0685591ff92,270865497,2025-04-16 11:37:00-06:00,2025-04-16,-105.0920722222,40.5700805556,1532.0,,6.7,24.4,0.0,7.8,,1005.8,Coprinellus micaceus,"Larimer, Colorado, United States",2,
18e7e73a-c8d0-455d-add6-e727dca56741,270834654,2025-04-16 09:41:35-06:00,2025-04-16,-104.9648099479,39.7265355804,1621.0,,8.1,21.1,0.4,11.1,,1007.5,Coprinellus micaceus,"N High St, Denver, CO, US",1,
be3772aa-4c67-409a-8feb-b495f3285bc5,269515825,2025-03-31 15:30:12-06:00,2025-03-31,-105.0942937479,40.5833737723,1536.0,,2.8,12.2,0.0,9.0,,1008.8,Coprinellus micaceus,"Wayne St, Fort Collins, CO, US",1,
8a1b710e-b655-49d9-872b-069633785c31,268174086,2025-04-01 19:00:02-06:00,2025-04-01,-105.1247471667,39.8836133333,1694.0,,1.0,11.0,3.0,14.3,,997.0,Coprinellus micaceus,"N Quail St, Westminster, CO, US",1,
069bb018-686a-41aa-8867-d2c0becf6593,257247042,2024-10-02 09:44:00-06:00,2024-10-02,-110.1113394279,39.1161519905,1254.0,,,,,,,,Coprinellus micaceus,"at Green River, Grand County, UT, USA",1,
a63c1bf6-3358-4309-947f-142f6f8d103d,251834290,2024-11-15 09:38:33-07:00,2024-11-15,-105.0166499242,39.6133157552,1638.0,,-1.7,13.9,0.0,15.9,,1006.9,Coprinellus micaceus,"Littleton, CO 80120, USA",2,
a6c78b29-8a0a-46d6-9918-03ddb2550718,250519331,2024-10-20 13:54:00-06:00,2024-10-20,-104.9050091855,39.68129689,1656.0,,8.4,18.6,0.0,12.1,,1018.7,Coprinellus micaceus,"Virginia Village, Denver, CO, USA",1,
34ac484d-26e1-4fbb-89fb-407dbb571764,249175408,2024-10-26 09:30:04-06:00,2024-10-26,-104.9520633333,39.5943,1708.0,,3.9,24.4,0.0,8.8,,1023.1,Coprinellus micaceus,"S Detroit Cir, Centennial, CO, US",1,
a119c949-6ef4-4f7c-9022-5bd2c4ea465d,247024412,2024-10-12 17:48:14-06:00,2024-10-12,-105.0712966919,39.7085990906,1670.0,,10.8,24.0,0.0,9.9,,1018.4,Coprinellus micaceus,Lakewood,1,
d8e4daa9-d1a4-4368-86ea-35c5a31be783,244954892,2024-09-30 13:41:57-06:00,2024-09-30,-104.9645679997,39.731144,1643.0,,14.2,25.8,0.0,20.4,,1016.0,Coprinellus micaceus,"Cheesman Park, Denver, CO, USA",1,
a12dcc3c-3c2c-4e9d-aaa4-daa02647fe8c,244838771,2024-09-28 10:35:00-06:00,2024-09-28,-105.0050002437,37.5063852374,2143.0,,10.0,17.0,0.5,7.6,,1040.2,Coprinellus micaceus,"La Veta, CO 81055, USA",1,
acdac5fe-056e-47ad-bf12-c8d93d0ca184,243691177,2024-09-23 17:04:34-06:00,2024-09-23,-104.9016571045,40.4764709473,1464.0,,5.0,27.8,0.0,8.8,,1013.4,Coprinellus micaceus,Windsor,1,
a087eb58-63d7-4f36-8dfa-e51521f01dbe,243005899,2024-09-20 09:05:53-06:00,2024-09-20,-107.88598301,37.27126257,1981.0,,5.0,26.1,0.0,4.4,,1012.5,Coprinellus micaceus,"Durango, CO, USA",1,
d1346075-208e-4f80-bb7e-115d17de5663,242991481,2024-09-12 07:54:47-06:00,2024-09-12,-105.1442945,39.934075,1649.0,,13.0,32.0,0.0,16.4,,1008.9,Coprinellus micaceus,"S Rock Creek Pkwy, Superior, CO, US",1,
31eb6dc4-8f9b-4043-a98a-1db2295fb40d,240829790,2024-09-08 12:33:39-06:00,2024-09-08,-105.2219924703,39.7515234536,1768.0,,15.0,30.0,0.0,9.5,,1021.7,Coprinellus micaceus,"Stratton Hall, Golden, CO 80401, USA",2,
90d33f36-9744-44d4-a703-23db3d003909,240229919,2024-09-06 17:54:08-06:00,2024-09-06,-105.2635040283,39.9976501465,1655.0,,11.0,28.0,0.0,4.7,,1029.2,Coprinellus micaceus,Boulder,1,
7986d9df-6a79-42f0-8b9f-e88286ab6f49,240056584,2024-09-05 18:01:01-06:00,2024-09-05,-105.2635574341,39.9960327148,1655.0,,12.0,23.0,0.5,4.3,,1032.2,Coprinellus micaceus,Boulder,1,
9e7d154a-b31d-43f9-ba1a-9c69596f9a15,239883419,2024-09-04 17:55:56-06:00,2024-09-04,-105.2646484375,39.9966430664,1659.0,,16.0,28.0,1.0,11.4,,1025.6,Coprinellus micaceus,Boulder,1,
4da2a1a2-5246-4db1-903d-5d4fa89f0cac,238336421,2024-08-27 17:32:17-06:00,2024-08-27,-105.94628,35.6700966667,2139.0,,12.8,26.7,0.0,14.2,,1019.1,Coprinellus micaceus,"Harvey Cornell Rose Park, Santa Fe, NM, US",1,
d99be95c-b337-4894-b86b-f70f50450dba,235634388,2024-08-13 18:10:38-06:00,2024-08-13,-105.2645492554,39.9965515137,1655.0,,16.0,30.0,7.4,8.1,,1019.5,Coprinellus micaceus,Boulder,1,
6f2f762d-5e94-4413-943d-7ca5c6aea626,235559024,2024-08-13 10:47:39-06:00,2024-08-13,-104.8173397481,39.785526203,1625.0,,16.5,28.0,5.5,15.9,,1013.3,Coprinellus micaceus,"Colorado, US",1,
011ef64e-aeee-4a75-ab9e-3eacbf895f73,235227826,2024-08-11 17:11:39-06:00,2024-08-11,-104.9361038208,39.6596069336,1673.0,,14.4,29.4,0.0,15.0,,1015.9,Coprinellus micaceus,Denver,1,
6b2a3587-10d4-40a2-8ff0-4159e9e780c5,235227779,2024-08-11 17:11:25-06:00,2024-08-11,-104.9361038208,39.6596069336,1673.0,,14.4,29.4,0.0,15.0,,1015.9,Coprinellus micaceus,Denver,1,
0bf079d1-18c5-4970-a7f2-4a1fb833da58,235076163,2024-08-10 08:31:00-06:00,2024-08-10,-107.6345426493,39.1212586226,2969.0,,6.3,18.4,5.1,10.5,,1020.2,Coprinellus micaceus,"Delta County, CO, USA",1,
8b8d25ce-d691-4a64-8a2f-0b0c3c4a7ce6,234979036,2024-08-10 16:09:49-06:00,2024-08-10,-105.2636184692,39.9960327148,1655.0,,13.0,26.0,0.6,8.2,,1023.4,Coprinellus micaceus,Boulder,1,
9d90b409-44d3-4376-bbed-59caad23898b,233581544,2024-08-03 15:48:44-06:00,2024-08-03,-105.2636184692,39.9963531494,1655.0,,18.0,35.0,0.0,5.5,,1024.4,Coprinellus micaceus,Boulder,1,
cf8d4fed-e95b-46ac-9053-07e5c599413d,233381457,2024-08-02 17:38:03-06:00,2024-08-02,-105.2640075684,39.9967956543,1655.0,,18.0,36.0,0.2,5.7,,1026.0,Coprinellus micaceus,Boulder,1,
d890565a-766a-484b-a01f-65bb6dcd1aa5,230030924,2024-07-16 09:33:41-05:00,2024-07-16,-100.7898412272,38.0133990984,890.0,,19.4,33.3,,17.2,,1010.8,Coprinellus micaceus,"Garden City, KS 67846, USA",1,
64fd7724-abef-4c72-a1db-fcbfc4aa1491,228179784,2024-07-08 16:47:55-06:00,2024-07-08,-106.2705416667,35.7788055556,1850.0,,16.2,21.4,,16.8,,1025.0,Coprinellus micaceus,"Bandelier Visitor Center Dropoff, New Mexico 87547, USA",1,
f9364dc7-ebf9-4f28-8452-9434aaddd521,227135707,2024-07-03 14:45:36-06:00,2024-07-03,-106.9518811628,38.909591914,3072.0,,6.1,24.4,0.0,10.6,,1013.9,Coprinellus micaceus,"Crested Butte, CO 81225, USA",1,
14a136a7-c9cc-4624-aad0-b557d19b9c40,226064865,2024-06-27 16:57:58-06:00,2024-06-27,-105.0843805,40.5783366667,1530.0,,16.7,32.2,,9.1,,1006.0,Coprinellus micaceus,"S Sherwood St, Fort Collins, CO, US",1,
ce973d1b-7016-489d-bf4e-6dbeeadb5f1e,222159873,2024-06-11,2024-06-11,-105.2124347538,40.0592550263,1591.0,,15.0,31.0,0.4,5.1,,1018.1,Coprinellus micaceus,"Gunbarrel, Boulder, CO, USA",1,
9126aeb9-4e98-4da9-a6c0-0d1ad2eeafff,221931152,2024-06-10 18:04:34-06:00,2024-06-10,-105.2640686035,39.99609375,1655.0,,14.0,28.0,1.0,6.9,,1016.8,Coprinellus micaceus,Boulder,1,
69c23371-d9f5-4c3f-b6a0-7912b71250c7,220037132,2024-06-02 11:01:05-06:00,2024-06-02,-105.0573666667,39.9350666667,1640.0,,13.0,30.0,0.0,11.8,,1012.2,Coprinellus micaceus,"Cottonwood St, Broomfield, CO, US",1,
768a23c8-940b-473c-bdf0-bb56d74abcb6,218935868,2024-05-28 11:29:31-06:00,2024-05-28,-104.9693518505,39.69458248,1626.0,,11.4,24.1,0.0,12.9,,1018.2,Coprinellus micaceus,"Washington Park, Denver, CO, US",1,
e5d4d3c5-60cd-4b6e-a02b-ecfb48eaa251,218789648,2024-05-27 18:49:06-06:00,2024-05-27,-104.9358139038,39.663482666,1662.0,,6.7,23.9,0.0,11.2,,1016.8,Coprinellus micaceus,Denver,1,
0cb3e9ac-6f0b-4b3b-877c-7d3e5956537c,218529947,2024-05-26 18:41:47-06:00,2024-05-26,-105.1051641098,40.6089866644,1526.0,,7.8,22.2,0.0,8.0,,1008.9,Coprinellus micaceus,"N Shield Ponds Big Loop, Fort Collins, CO, US",1,
ddff51d6-b1be-4a15-a35b-c37fc57ce678,218513919,2024-05-26 17:19:44-06:00,2024-05-26,-104.7986679077,38.31640625,1532.0,,11.1,28.3,0.0,38.3,,1009.0,Coprinellus micaceus,Pueblo,1,
614d0c27-0a2f-4812-bd74-1562d2d9d35b,218487539,2024-05-26 12:13:39-06:00,2024-05-26,-103.4632416667,43.4217383333,1036.0,,4.4,16.1,6.4,9.4,,1007.6,Coprinellus micaceus,"Joplin Ave, Hot Springs, SD, US",1,
cee4b9de-6e76-4e74-b460-98b8c3dc32a2,218024321,2024-05-24 20:08:26-06:00,2024-05-24,-104.9928057557,40.5301917648,1479.0,,3.3,22.2,0.0,13.5,,1008.3,Coprinellus micaceus,"I-25 N, Fort Collins, CO, US",1,
51ddff91-e5eb-48b2-b810-42ef1341ae38,217303144,2024-05-05 11:30:57-06:00,2024-05-05,-105.2396466667,39.9562216667,1679.0,,5.0,21.0,0.0,5.2,,1005.7,Coprinellus micaceus,"Neuhauser, Boulder, CO, US",1,
7973f62d-4e65-44b0-82b1-58be71afaa0a,216952969,2024-05-19 16:42:34-06:00,2024-05-19,-104.8711121,38.2994843,1499.0,,9.8,28.9,0.0,16.1,,1006.7,Coprinellus micaceus,"Pueblo County, CO, USA",1,
5e89e2b0-611c-4799-a95b-e5b37411b471,216943763,2024-05-18 13:39:00-06:00,2024-05-18,-104.1700727106,41.7249760467,1375.0,,6.9,22.0,6.5,23.2,,1011.0,Coprinellus micaceus,"Goshen County, WY, USA",1,
ed9b646d-cc3d-4f1d-9224-12694fa3a301,215746238,2024-05-14 11:37:49-06:00,2024-05-14,-105.0387670008,39.7046218618,1642.0,,10.8,23.9,0.1,14.8,,1007.6,Coprinellus micaceus,"S Patton Ct, Denver, CO, US",3,
54dba651-fc2b-49b7-b923-615e1dccc659,215143001,2024-05-11 18:52:07-06:00,2024-05-11,-105.2511749268,39.9847717285,1659.0,,4.0,18.0,0.0,5.2,,1016.4,Coprinellus micaceus,Boulder,1,
63413c5a-5822-4ae1-a4a1-312158abf2e5,215142978,2024-05-11 18:51:52-06:00,2024-05-11,-105.2508087158,39.9849853516,1659.0,,4.0,18.0,0.0,5.2,,1016.4,Coprinellus micaceus,Boulder,1,
9029781f-b53d-436d-b9aa-ab16ae00b605,215034850,2024-05-11 10:43:45-06:00,2024-05-11,-104.98442,39.686645,1612.0,,5.5,15.8,0.4,10.3,,1014.2,Coprinellus micaceus,"S Grant St, Denver, CO, US",1,
b1650217-e785-4e72-b938-083233dd6959,214257787,2024-05-02 17:40:22-06:00,2024-05-02,-105.0276550278,39.613828449,1625.0,,2.2,15.6,0.0,14.6,,1011.3,Coprinellus micaceus,"Lakewood, CO 80123, USA",1,
865226ab-06d1-4e6b-8b6b-321be13fe136,214085621,2024-05-06 17:15:29-06:00,2024-05-06,-104.9482437038,39.6748942277,1651.0,,5.7,13.2,0.4,37.2,,997.1,Coprinellus micaceus,"S Cook St, Denver, CO, US",2,
043388cb-4729-49d2-af1e-31a04d984a1a,213873700,2024-05-05 19:42:32-06:00,2024-05-05,-104.9850921631,40.4155158997,1516.0,,1.7,23.9,0.0,14.1,,1002.8,Coprinellus micaceus,Loveland,1,
492ef62e-4026-433f-a678-5018969c07f3,213751553,2024-05-05 11:53:13-06:00,2024-05-05,-105.2399025,40.0256635,1602.0,,5.0,21.0,0.0,5.2,,1005.7,Coprinellus micaceus,"Pearl St, Boulder, CO, US",1,
576cc02c-f731-4ac8-a7a9-c3cb957acbe2,213718936,2024-05-05 09:49:42-06:00,2024-05-05,-104.6952703223,38.7253737173,1773.0,,4.5,23.8,0.0,14.2,,1006.7,Coprinellus micaceus,"Fountain, CO, USA",1,
b2d83000-02f7-407d-b768-e9a697d59fff,212506141,2024-04-30 15:43:52-06:00,2024-04-30,-105.1216888333,40.40032,1526.0,,6.1,22.0,0.0,21.5,,1007.3,Coprinellus micaceus,"Eisenhower Blvd-Taft Ave, Loveland, CO, US",1,
532aded8-2b0e-48d0-8d9f-cd94d38f269a,212415155,2024-04-30 16:47:58-06:00,2024-04-30,-103.2341995239,44.0770263672,1001.0,,2.0,14.0,0.0,23.0,,1006.3,Coprinellus micaceus,Rapid City,2,
33a1f04a-4302-4251-830f-3025b4a39bb4,211756804,2024-04-29 12:46:50-06:00,2024-04-29,-104.99905075,40.53627693,1482.0,,3.9,20.6,0.0,6.7,,1009.9,Coprinellus micaceus,"Windsor, CO 80528, USA",1,
688ba7b0-6502-49c0-97c7-f10732343af0,206244774,2024-04-02 19:38:54-06:00,2024-04-02,-105.0866695,40.0188361667,1588.0,,-2.3,15.9,0.0,4.8,,1019.7,Coprinellus micaceus,"Maccullen Dr, Erie, CO, US",1,
716f58cb-0e61-4f61-a809-7e27871feccd,205424876,2024-04-04 14:40:08-06:00,2024-04-04,-104.9647960643,39.751804444,1610.0,,4.3,22.3,0.0,13.3,,1010.3,Coprinellus micaceus,"E 24th Ave, Denver, CO, US",1,
60cad321-4761-44f0-b61d-8ba388a2ad00,184010408,2023-09-19 11:54:34-06:00,2023-09-19,-105.1937179565,40.0595855713,1575.0,,17.0,26.0,0.0,10.7,,1015.9,Coprinellus micaceus,Boulder,1,
732c2326-5b57-45c0-b5ea-335c8fe7693d,183152024,2023-09-13 12:33:41-06:00,2023-09-13,-105.5364744599,40.1167958748,2841.0,,10.0,27.0,0.0,5.3,,1017.8,Coprinellus micaceus,"County Road 96, Ward, CO, US",1,
13379615-1c8d-421b-97fc-7a3612217a38,182833297,2023-09-11 11:32:22-06:00,2023-09-11,-105.09325518,40.52267338,1549.0,,12.2,21.1,,9.0,,1022.0,Coprinellus micaceus,"Fort Collins, CO 80526, USA",3,
e79f16a3-aa1a-42fd-91c3-f7339449a4f1,182731585,2023-09-10 13:59:59-06:00,2023-09-10,-106.7814635073,40.5353655625,2532.0,,11.4,23.6,0.3,6.5,,1026.2,Coprinellus micaceus,"Steamboat Springs, CO, US",1,
758cb587-43e1-402d-bd9e-2d224e8aa755,182195021,2019-05-11 09:20:00-06:00,2019-05-11,-102.5313415288,37.6360964098,1277.0,,4.4,18.9,0.0,18.6,,1011.6,Coprinellus micaceus,"Baca County, CO, USA",1,
8210439a-e24d-43e6-88f3-8b56edbaf9a9,181669516,2023-09-03 14:52:33-06:00,2023-09-03,-104.728638,38.7246009722,1715.0,,18.7,32.2,,14.7,,1010.6,Coprinellus micaceus,"Fountain, CO, USA",1,
bcc90990-b4a2-475f-b94b-8ee751db1e7b,178589375,2023-08-15 10:56:21-06:00,2023-08-15,-109.2754216667,38.5133783333,2804.0,,21.1,34.4,0.0,9.2,,1016.7,Coprinellus micaceus,"Manti-La Sal National Forest, Moab, UT, US",1,
bbb5a539-2785-4371-9cb6-48b6c3e28e43,170572072,2023-07-01 18:21:30-06:00,2023-07-01,-104.9734883333,39.7331966667,1623.0,,12.3,27.2,0.0,9.5,,1016.5,Coprinellus micaceus,"N Downing St, Denver, CO, US",1,
b76008d8-b294-4206-9d7b-a8b1d8d15478,167233599,2023-06-13 12:24:49-06:00,2023-06-13,-103.7867736816,36.6842041016,1954.0,,,,,,,,Coprinellus micaceus,Folsom,1,
b6ab33a8-f302-4892-99bc-5a7ebe4c6507,166531008,2023-06-04 15:22:09-06:00,2023-06-04,-104.9043597953,39.1196686191,2235.0,,9.4,15.3,,16.9,,1017.8,Coprinellus micaceus,"Colorado, US",1,
b5836891-86e3-4e9a-abda-dc81ed73a35c,164446985,2023-04-24 15:11:57-06:00,2023-04-24,-104.9740216667,39.7211083333,1610.0,,3.4,14.9,0.2,9.7,,1009.4,Coprinellus micaceus,"N Corona St, Denver, CO, US",1,
12834927-f6d4-438d-acc5-4899bbb7edfa,163920676,2023-05-26 20:01:18-06:00,2023-05-26,-104.9486083333,39.765125,1616.0,,12.0,23.0,2.3,14.5,,1011.1,Coprinellus micaceus,"N Adams St, Denver, CO, US",1,
0a94d394-25ad-4fa6-b519-3795095d9c6f,162033298,2023-05-16 12:34:44-06:00,2023-05-16,-104.491905,38.27735,1412.0,,8.3,29.4,0.0,9.7,,1016.7,Coprinellus micaceus,"United Ave, Pueblo, CO, US",1,
3a85823e-333e-428c-8fdc-93225c3823c6,161901745,2023-05-15 16:54:01-06:00,2023-05-15,-105.2976321647,40.0160855256,1689.0,,8.0,15.0,3.5,4.1,,1030.8,Coprinellus micaceus,"Colorado, US",1,
3d4ecc57-ce44-490e-a2f0-3732028a1a5d,161889665,2023-05-15 17:23:03-06:00,2023-05-15,-105.0599241111,39.6657263541,1666.0,,7.8,15.0,,7.9,,1029.1,Coprinellus micaceus,"Colorado, US",2,
656f8704-b977-4682-abf7-910d306a9cb6,161317480,2023-05-12 17:46:52-06:00,2023-05-12,-103.62151259,40.30773848,1280.0,,9.0,15.0,13.7,39.8,,1015.6,Coprinellus micaceus,"Brush, CO 80723, USA",1,
b3da8114-9661-401b-a160-4e918a7d8418,160655965,2023-05-08 17:49:41-06:00,2023-05-08,-104.8400919816,39.5828901178,1755.0,,4.4,21.1,,10.0,,1013.7,Coprinellus micaceus,"S Revere Pkwy, Centennial, CO, US",1,
548b237d-fb77-47cc-bced-79f5fe0ed166,160010463,2023-05-05 18:38:12-06:00,2023-05-05,-104.9974805117,39.7470855663,1599.0,,9.2,21.4,0.0,13.1,,1005.5,Coprinellus micaceus,"Central Business District, Denver, CO, USA",1,
7a469b05-75a0-4b57-961a-1680e264d08b,159995420,2023-05-05 16:47:54-06:00,2023-05-05,-104.9654916667,39.67537,1634.0,,9.2,21.4,0.0,13.1,,1005.5,Coprinellus micaceus,"S High St, Denver, CO, US",1,
0e61dae5-1acb-4f98-8a93-1f470f6a6cae,157762078,2023-04-29 10:39:31-06:00,2023-04-29,-105.2051155784,39.8090558105,1758.0,,6.0,22.0,0.0,9.9,,1020.4,Coprinellus micaceus,"Colorado, US",1,
04fd765a-9612-4c57-8538-004472df8fb8,156823561,2023-04-26 16:40:51-06:00,2023-04-26,-105.2179333333,39.9927583333,1619.0,,4.0,15.0,6.1,6.0,,1018.9,Coprinellus micaceus,"55th St, Boulder, CO, US",1,
1db0be43-e0a8-47f3-943b-f3305af0fcc1,147001274,2022-05-11 10:37:58-06:00,2022-05-11,-102.2312266646,40.5811022331,1127.0,,12.0,37.0,0.0,22.7,,1011.4,Coprinellus micaceus,United States,1,
de09c62c-7f95-412d-9201-b87a5f28f6d8,138077350,2022-10-08 12:04:33-06:00,2022-10-08,-104.8344633333,39.6847033333,1700.0,,4.3,18.9,0.0,6.8,,1027.6,Coprinellus micaceus,"Jewell Wetlands Park, Aurora, CO, US",1,
facce25e-e5fe-46d8-810e-c22245b72a3b,137785218,2022-10-06 13:44:14-06:00,2022-10-06,-104.8813171387,39.7559204102,1617.0,,7.4,19.7,0.0,7.5,,1024.1,Coprinellus micaceus,Denver,1,
029e4aef-5d10-40c9-9a80-acb37239b9a8,137657107,2022-10-05 11:45:56-06:00,2022-10-05,-105.1230239868,40.5346984863,1578.0,,6.7,22.2,0.0,7.9,,1023.3,Coprinellus micaceus,Fort Collins,1,
55abb61c-dc68-495b-8662-ae8c43c91a9b,136323463,2022-09-24 11:59:13-06:00,2022-09-24,-104.95565,39.7504611111,1607.0,,9.8,25.9,0.0,8.3,,1018.3,Coprinellus micaceus,"City Park, Denver, CO, USA",1,
77c180a7-3e09-4543-a02d-84099f2b4454,136103706,2022-09-22 18:03:03-06:00,2022-09-22,-104.8139801025,38.8518371582,1852.0,,7.8,11.7,0.5,13.7,,1021.6,Coprinellus micaceus,Colorado Springs,1,
9fed1eb3-561b-4764-9e50-3405d0fa1a92,135814096,2022-09-20 12:01:36-06:00,2022-09-20,-105.0924301147,39.9801330566,1588.0,,9.9,33.0,0.0,5.5,,1019.4,Coprinellus micaceus,"Boulder County, US-CO, US",1,
8a5faedf-813d-49a8-aa5c-2ba26030c54d,132986034,2022-08-08 14:10:00-06:00,2022-08-08,-107.7738583333,37.9224388883,2928.0,,11.0,25.0,0.0,6.9,,1033.8,Coprinellus micaceus,"San Miguel County, CO, USA",1,
f01652b0-7e77-4b94-9c1c-5e0bc9cee5de,124406153,2022-07-02 10:14:24-06:00,2022-07-02,-105.0055007935,39.7569351196,1578.0,,15.9,29.7,0.0,11.8,,1013.2,Coprinellus micaceus,Denver,1,
86382832-397a-49e5-b586-b4e6cc802203,123787734,2022-06-19 13:39:49-06:00,2022-06-19,-103.23658,44.0720971667,1014.0,,20.0,34.0,0.0,16.5,,1007.8,Coprinellus micaceus,"West Blvd, Rapid City, SD, US",1,
8529b00c-5bbb-49b1-8fd7-f1ff003f6262,122173006,2022-06-17 09:36:51-06:00,2022-06-17,-105.1312506295,40.1660379006,1525.0,,18.2,33.3,0.5,9.6,,1018.3,Coprinellus micaceus,"N 95th St, Longmont, CO, US",1,
ff14088f-dac9-4c17-8afe-226cf39e7027,121904430,2022-06-15 10:54:47-06:00,2022-06-15,-103.2362883333,44.0709138333,1014.0,,7.0,26.0,0.0,16.7,,1009.6,Coprinellus micaceus,"West Blvd, Rapid City, SD, US",1,
412bee2d-6f18-4532-99df-93aca44242d1,121902330,2022-06-15 11:19:43-06:00,2022-06-15,-103.235145,44.0803,994.0,,7.0,26.0,0.0,16.7,,1009.6,Coprinellus micaceus,"West Blvd, Rapid City, SD, US",1,
f9a933da-6509-452a-a29f-09f4c9000a56,121134594,2022-06-10 13:55:08-06:00,2022-06-10,-106.9092636108,40.7393836975,2305.0,,6.9,28.7,0.0,6.6,,1022.5,Coprinellus micaceus,Clark,1,
f05d0305-2a3b-4dde-8a6b-87163bd25bf2,121121499,2022-06-10 11:52:10-06:00,2022-06-10,-103.2346583333,44.0736833333,1008.0,,11.0,28.0,0.0,13.4,,1011.8,Coprinellus micaceus,"Fairview St, Rapid City, SD, US",1,
28d4a5de-3558-4c1a-afa8-e0c946912346,120752244,2022-06-05 12:57:56-06:00,2022-06-05,-105.1589361667,39.6601783333,1752.0,,14.0,26.0,0.8,9.9,,1011.4,Coprinellus micaceus,"Bear Creek Lake Park, Lakewood, CO, US",1,
f448c262-111f-432b-8f0f-80fd783c61ba,120703826,2022-06-07 12:36:56-06:00,2022-06-07,-104.9385070801,39.7355079651,1625.0,,10.8,24.5,1.0,8.1,,1011.7,Coprinellus micaceus,Denver,1,
2ef43ec1-4065-4c6c-b912-8df6db500ce4,120079897,2022-06-03 16:10:17-06:00,2022-06-03,-102.9810732231,41.1317550376,1246.0,,6.7,26.1,2.0,18.7,,1011.2,Coprinellus micaceus,"Sidney, NE 69162, USA",1,
5cb5c55b-f00f-4fdf-8307-79583c8c3ce1,119905991,2022-06-02 12:34:40-06:00,2022-06-02,-105.06783998,39.84550703,1638.0,,8.0,20.0,0.0,6.7,,1019.9,Coprinellus micaceus,"Lake Arbor, Arvada, CO 80003, USA",1,
1044c8a7-1274-431d-9b88-7ca205fc1c86,119362954,2022-05-29 11:26:43-06:00,2022-05-29,-105.0164333333,39.8457033333,1656.0,,10.0,21.0,2.7,15.8,,1001.8,Coprinellus micaceus,"W 82nd Pl, Westminster, CO, US",1,
5b330ee8-c0ea-44b8-a75d-f90d2b6fc914,119362857,2022-05-29 09:05:10-06:00,2022-05-29,-105.0484305,39.6491883333,1652.0,,10.0,22.8,,14.7,,995.9,Coprinellus micaceus,"Fort Logan National Cemetery, Denver, CO, US",1,
ed784f1d-3072-49c2-8a1a-1bb6fa8ed921,119357176,2022-05-26 14:51:27-06:00,2022-05-26,-104.9548501521,39.7452854286,1615.0,,5.8,26.8,,10.4,,1012.6,Coprinellus micaceus,"City Park, Denver, CO, USA",1,
83a76931-81c5-44dc-b845-6302220f57b0,118929672,2022-05-27 09:40:43-06:00,2022-05-27,-104.95227,39.74393,1610.0,,10.9,30.5,,10.9,,1008.0,Coprinellus micaceus,"City Park, Denver, CO, US",1,
601ebcc6-ecd5-4a9a-9cb3-2db22ecdd647,118281163,2022-05-22 14:34:01-06:00,2022-05-22,-105.0729221667,39.858775,1671.0,,2.0,15.0,0.1,9.1,,1022.7,Coprinellus micaceus,"W 88th Ave, Westminster, CO, US",1,
3b34097a-7217-462d-9d6d-1ab985efae15,118281047,2022-05-22 14:27:50-06:00,2022-05-22,-105.0739971667,39.8583966667,1671.0,,2.0,15.0,0.1,9.1,,1022.7,Coprinellus micaceus,"Towne Center at Brookhill, Westminster, CO, US",1,
a14492c0-57ec-4978-8efa-b8c5a8ad128d,117946021,2022-05-12 11:09:32-06:00,2022-05-12,-104.9253916667,39.6945083333,1647.0,,12.2,20.6,,25.1,,1006.5,Coprinellus micaceus,"S Glencoe St, Denver, CO, US",1,
9a498a8c-268c-4b93-859c-191dc296e548,117371696,2022-05-12 16:14:50-06:00,2022-05-12,-104.7371966667,38.781855,1823.0,,13.9,25.0,0.0,35.3,,1004.5,Coprinellus micaceus,"Grey Owl Pt, Colorado Springs, CO, US",1,
f6fbb07f-f156-4305-9e43-61fe1cba58e4,117047021,2022-05-14 17:14:03-05:00,2022-05-14,-100.4574793205,41.0288320075,819.0,,7.2,24.4,0.0,10.1,,1015.4,Coprinellus micaceus,"Brady, NE 69123, USA",1,
2b09ae97-ddc5-4496-9a9d-34c0cd1bb58e,116864617,2022-05-13 10:30:36-06:00,2022-05-13,-103.2066583333,44.047375,992.0,,2.2,21.1,0.0,22.7,,1010.2,Coprinellus micaceus,"Elm Ave, Rapid City, SD, US",1,
9bcad1b2-66a3-4820-993b-082ddf099c15,116344083,2022-05-09 11:24:39-06:00,2022-05-09,-104.9297866667,39.6817466667,1659.0,,12.3,25.2,,24.5,,994.7,Coprinellus micaceus,"E Jewell Ave, Denver, CO, US",1,
37089c78-f0bf-4256-85f0-98f9b58ffedc,114425262,2022-05-01 16:07:22-06:00,2022-05-01,-104.9965133333,39.691575,1599.0,,4.6,16.5,,18.1,,1009.8,Coprinellus micaceus,"S Platte River Dr, Denver, CO, US",1,
c456a266-3468-4b67-a91f-f8999e43cc69,114378816,2022-05-01 14:05:16-06:00,2022-05-01,-105.2950997929,40.0131510957,1655.0,,3.0,15.0,1.0,8.8,,1014.5,Coprinellus micaceus,"Eben G Fine Park, Boulder, CO, US",1,
bd11c9f2-f5e4-4b80-863a-7f21d1afead4,90592199,2021-08-09 15:52:00-04:00,2021-08-09,-104.8021701779,41.1388130525,1853.0,,15.0,33.9,0.0,15.5,,1008.1,Coprinellus micaceus,"Cheyenne, WY, USA",2,
7b3d0384-9074-436e-b8bc-06aa87de07e0,89675625,2021-08-02 12:44:43-06:00,2021-08-02,-106.8195800781,39.190864563,2417.0,,11.1,22.2,,6.1,,1020.4,Coprinellus micaceus,Aspen,1,
44fd7b4a-e9c5-4203-a886-7b112e0b06aa,86423415,2021-07-10 10:16:16-06:00,2021-07-10,-104.6984669288,38.2589961123,1440.0,,18.3,32.2,0.0,17.3,,1014.7,Coprinellus micaceus,"Pueblo, CO, US",1,
d667d2a9-ccd3-405e-b01d-7ecf10b55238,85408819,2021-07-02 19:39:54-04:00,2021-07-02,-101.6624221802,41.226234436,956.0,,16.7,29.3,0.0,13.2,,1020.9,Coprinellus micaceus,Ogallala,1,
67575cc1-7d94-4881-b695-9aa7df06995d,85369633,2021-07-02 12:46:55-06:00,2021-07-02,-104.7817153931,38.8446159363,1879.0,,13.9,23.3,0.0,10.8,,1018.3,Coprinellus micaceus,Colorado Springs,1,
d34156ca-a3b8-40fe-b506-ebb915582649,85141486,2021-06-30 14:10:00-06:00,2021-06-30,-104.6072591624,38.2822812928,1444.0,,16.1,28.9,0.0,15.1,,1017.0,Coprinellus micaceus,"Mineral Palace, Pueblo, CO 81003, USA",1,
86adf587-71df-40cb-9764-487489b2412d,84457634,2021-06-25 13:08:35-06:00,2021-06-25,-105.0919000262,39.7665831374,1684.0,,14.0,23.0,6.3,11.6,,1017.9,Coprinellus micaceus,"Lutheran Medical Center, Wheat Ridge, CO, US",1,
c322cee3-e1f6-4bbb-b39a-fd6e759ac1ec,82233056,2021-06-08 18:53:53-06:00,2021-06-08,-104.9990836794,39.5270074765,1760.0,,12.8,32.2,0.0,17.8,,1006.9,Coprinellus micaceus,"Countrybriar Ln, Highlands Ranch, CO, US",1,
e9534148-4c55-47b6-ac63-825ed8b876cd,81804817,2021-06-05 20:27:09-06:00,2021-06-05,-104.9826944444,39.6583666667,1637.0,,13.9,31.7,,14.6,,1006.0,Coprinellus micaceus,"Englewood, CO, USA",1,
dc693c96-9be0-4a94-9f01-e27efefadc62,81702111,2021-06-03 21:51:27-06:00,2021-06-03,-104.834340848,39.6835723306,1700.0,,11.4,27.7,0.0,11.3,,1012.9,Coprinellus micaceus,"Jewell Wetlands, Aurora, CO 80012, USA",1,
9f2200eb-3a53-4ab7-9a41-b611ad3a91e1,80891970,2021-05-30 09:38:51-06:00,2021-05-30,-104.9781469905,39.6828388982,1625.0,,10.3,15.5,,21.6,,1017.5,Coprinellus micaceus,"Denver County, US-CO, US",1,
a7a9f06e-6da3-4a3f-908f-23ff3e70f9d0,80069849,2021-05-22 11:55:34-06:00,2021-05-22,-103.2720633333,43.9913833333,1082.0,,3.9,13.3,0.0,24.5,,1024.1,Coprinellus micaceus,"Reptile Gardens, Rapid City, SD, US",1,
4d061048-1bbc-4956-9dec-3c5a3eb0d04d,80005956,2021-05-23 09:03:00-06:00,2021-05-23,-104.96525928,39.6986557017,1627.0,,12.3,22.5,,21.5,,1009.8,Coprinellus micaceus,"Washington Park, Denver, CO, USA",1,
6433f116-fb19-4700-9ea1-1724b4eb9825,79853497,2021-05-22 10:54:35-06:00,2021-05-22,-104.9945666667,39.6993466667,1598.0,,12.3,22.2,,18.8,,1013.2,Coprinellus micaceus,"Vanderbilt Park, Denver, CO, US",1,
40525079-4f68-4697-9f0c-4a96e705aba5,79823206,2021-05-22 11:24:20-06:00,2021-05-22,-104.97352,39.751625,1611.0,,12.3,22.2,,18.8,,1013.2,Coprinellus micaceus,"N Downing St, Denver, CO, US",1,
eb93689a-894e-466b-9c9f-339c8e636d14,79565142,2021-05-19 12:15:01-06:00,2021-05-19,-105.0788945,39.510155,1659.0,,7.2,21.1,0.0,12.0,,1009.2,Coprinellus micaceus,"Chatfield State Park, Littleton, CO, US",1,
61f6579e-87f1-4fd0-aa26-1cdbc14c428c,79528718,2021-05-20 09:17:14+00:00,2021-05-20,-109.9588705997,40.3008352,1535.0,,3.3,28.3,0.0,15.4,,997.5,Coprinellus micaceus,"Ballard, UT, USA",1,
f2f2e448-af3a-4ddd-bb76-a6e7ff4279d8,79472310,2021-05-19 10:57:00-06:00,2021-05-19,-104.960856915,39.7018791817,1633.0,,8.0,20.5,,11.5,,1007.8,Coprinellus micaceus,"Washington Park, Denver, CO, USA",1,
11305cd5-c7b7-49a0-b7d9-e1b196efcf73,79299768,2021-05-18 11:39:55-06:00,2021-05-18,-104.8219588944,38.8471751735,1850.0,,6.7,17.2,11.9,16.9,,1011.2,Coprinellus micaceus,"Colorado College, Colorado Springs, CO, US",2,
e359c16a-c7b9-44a1-a01a-3685b4dad4c2,78923221,2021-05-15 16:22:54-06:00,2021-05-15,-105.2086413133,40.5770478392,2111.0,,10.6,20.0,0.9,8.2,,1014.0,Coprinellus micaceus,"Lory State Park, Loveland, CO, US",1,
ecf7a4a5-d917-4b50-94de-35947ca5eff4,78650405,2021-05-13 19:15:22-06:00,2021-05-13,-105.0920389855,40.5701127809,1532.0,,3.9,23.9,0.0,7.7,,1018.2,Coprinellus micaceus,"Colorado State University, Fort Collins, CO, US",1,
37802df7-7c17-4ea0-acd1-b00dc9c5d00e,77527773,2021-05-05 17:40:03-06:00,2021-05-05,-105.0914872835,40.5825221588,1533.0,,5.0,15.6,,9.5,,1020.8,Coprinellus micaceus,"S Washington Ave, Fort Collins, CO, US",1,
2a115950-b47b-4dbe-8af8-82322672a1c8,77356898,2021-05-04 16:18:45-06:00,2021-05-04,-104.8842384853,39.6782060853,1672.0,,1.3,14.1,,9.6,,1017.2,Coprinellus micaceus,"E Evans Ct, Denver, CO, US",1,
bb7d6e64-87ff-45f7-b205-2445ed4e80a9,77348938,2021-05-04 15:22:57-06:00,2021-05-04,-105.1537512587,39.8287531608,1687.0,,2.0,14.0,0.6,8.1,,1018.8,Coprinellus micaceus,"Colorado, US",1,
f6e27584-7f97-4f7c-ba15-383dde6b41ad,75366689,2021-04-26 15:35:51-06:00,2021-04-26,-103.21302,44.09728883,1009.0,,2.8,17.2,1.0,14.0,,1002.0,Coprinellus micaceus,"Mac Arthur St, Rapid City, SD, US",1,
0900410a-0c21-432c-95ba-cc1b4cc0db39,60928853,2020-09-20 09:36:00-06:00,2020-09-20,-104.6519358261,38.2648110275,1455.0,,10.6,31.7,0.0,10.8,,1012.6,Coprinellus micaceus,"Aberdeen, Pueblo, CO, USA",1,
b3a2c269-18e9-4fd1-8093-4f10288ebbbf,57689313,2020-08-26 15:28:23-07:00,2020-08-26,-105.57308089,41.3144062646,2199.0,,,,,,,,Coprinellus micaceus,"University of Wyoming, Laramie, WY, US",1,
037df043-cabb-43ac-8653-671d30551aee,56185378,2020-08-11 19:51:58-06:00,2020-08-11,-104.8020802438,38.8416795129,1858.0,,13.9,35.6,0.0,13.3,,1010.4,Coprinellus micaceus,"Colorado Springs, CO 80909, USA",1,
7882a653-a9ff-40f5-8ba6-6c0106339695,48794840,2020-06-07 10:18:36-06:00,2020-06-07,-105.2729786649,40.0079268218,1664.0,,12.0,31.0,,,,,Coprinellus micaceus,"University of Colorado Boulder, Boulder, CO, US",1,
f883171d-a131-4732-be7b-c8e894159bc7,46287639,2020-05-17,2020-05-17,-104.9652265717,39.69973904,1627.0,,9.9,23.4,,11.3,,1014.2,Coprinellus micaceus,"Washington Park, Denver, CO, USA",1,
b6570116-eccb-4e1e-83e6-f6cd27970928,45536049,2020-05-10 16:12:34-06:00,2020-05-10,-105.1215082477,39.7740379509,1651.0,,3.0,17.0,,12.4,,,Coprinellus micaceus,"W 41st Pl, Wheat Ridge, CO, US",2,
2e40bd16-8056-430e-8e95-4e97fd4d6d49,44799705,2020-05-03 15:41:28-06:00,2020-05-03,-105.0861774336,40.5942731199,1526.0,,8.9,23.9,,10.7,,1013.1,Coprinellus micaceus,"Sycamore St, Fort Collins, CO, US",1,
ae41cf7a-2a0d-4c6c-8512-e941bc50e97d,43209942,2020-04-20 11:07:00-06:00,2020-04-20,-105.1282516858,39.7527514977,1714.0,,4.0,18.0,,,,,Coprinellus micaceus,"Applewood, Lakewood, CO, USA",1,
060dce57-bc62-4243-9958-4b6e300a7535,43107611,2020-04-01 08:12:39-06:00,2020-04-01,-105.05560283,39.74238833,1639.0,,6.3,19.5,,13.6,,1003.7,Coprinellus micaceus,"W 16th Ave, Lakewood, CO, US",1,
13cef63f-e53c-4afb-a2fe-e3d6b7a4ad12,40349139,2018-08-19,2018-08-19,-107.836,37.9421,2652.0,,8.0,21.0,,3.6,,,Coprinellus micaceus,"Telluride, Colorado, USA",2,
ede79cd4-6d5f-4ee3-a4fb-fe93af9ecbd2,40349128,2018-08-16,2018-08-16,-107.836,37.9421,2652.0,,11.0,23.0,,6.2,,,Coprinellus micaceus,"Telluride, Colorado, USA",2,
b6f11455-6948-4823-9a7b-f20e2f209054,33293968,2010-08-06 16:41:00-06:00,2010-08-06,-104.9552675085,37.9206488387,2210.0,,,,,,,,Coprinellus micaceus,"Pueblo County, CO, USA",1,
dcff3c68-f8a3-4e46-95ce-f2e6ce5d3f88,31422050,2019-08-24 13:13:49-06:00,2019-08-24,-105.0875205573,39.6793549775,1697.0,,17.2,28.7,,12.7,,1010.7,Coprinellus micaceus,"W Evans Pl, Lakewood, CO, US",1,
1069ba32-a68a-4075-82d5-f99523046cdf,31208087,2019-08-19 13:45:26-06:00,2019-08-19,-106.7962479965,37.1952183545,2609.0,,,,,,,,Coprinellus micaceus,"Archuleta County, US-CO, US",1,
29152a0a-7095-4759-b51d-5afdb3dace6c,25077811,2019-05-13 13:25:38-06:00,2019-05-13,-105.267395,40.0001972217,1660.0,,8.0,25.0,,7.7,,,Coprinellus micaceus,"700 20th St, Boulder, CO, US",1,
c3e24b25-e1cb-4620-9078-0261fc61f070,24119372,2019-04-28 14:29:21-06:00,2019-04-28,-105.273055,40.0217278333,1632.0,,6.0,24.0,,16.4,,,Coprinellus micaceus,"1741 Pine St, Boulder, CO, US",3,
8c61f367-ce41-4b83-b478-a50d4ff5476c,23642899,2019-04-28 09:08:49-06:00,2019-04-28,-105.0996206859,39.8067420989,1636.0,,10.4,23.1,,18.9,,1002.5,Coprinellus micaceus,"6077 Flower St, Arvada, CO, US",1,
2f824acc-1538-41a2-ae32-be2f436273e7,23398949,2019-04-27 10:21:03-06:00,2019-04-27,-105.0862182119,39.4983876916,1671.0,,5.6,20.6,,19.0,,1009.0,Coprinellus micaceus,"Chatfield, Littleton, CO, US",1,
aa7e150c-56e5-4583-ae75-a17e23ad44f5,23279410,2019-04-26 07:47:00-06:00,2019-04-26,-105.1228420162,40.1614083421,1522.0,,,,,10.0,,,Coprinellus micaceus,"Boulder County, CO, USA",1,
650f9d9b-e005-4636-983b-9e8a5dec1594,22568716,2019-04-16 11:56:00-06:00,2019-04-16,-108.74717,39.1488916667,1365.0,,9.4,19.4,0.0,20.5,,1004.4,Coprinellus micaceus,"963–971 Kingsview Rd, Fruita, CO, US",1,
2f1f60ad-b7cf-4fda-a960-6eff61f92eb8,12313198,2018-05-09 12:53:25-06:00,2018-05-09,-105.2707833333,40.0200611667,1626.0,,,,,4.7,,,Coprinellus micaceus,"2016 19th St, Boulder, CO, US",3,
89416123-b15e-4461-8b4b-6cd7daebd7e8,11957082,2018-04-30 16:37:22-06:00,2018-04-30,-105.2727366667,40.0227666667,1630.0,,8.0,20.0,,7.2,,,Coprinellus micaceus,"1815 Mapleton Ave, Boulder, CO, US",3,
fe18fed6-1ee4-4136-8288-db4db31cf03a,11848079,2018-04-29 17:58:20-06:00,2018-04-29,-104.89584229,39.56751128,1748.0,,12.8,25.6,0.0,22.1,,1002.4,Coprinellus micaceus,"8045 E Phillips Ave, Centennial, CO 80112, USA",1,
677d0e61-47e9-4bab-9d1a-c4b1deec6b67,11772137,2018-04-29 12:25:54-06:00,2018-04-29,-103.0280592387,39.7863338935,1402.0,,6.7,28.9,0.0,21.4,,1002.6,Coprinellus micaceus,"14956 County Road NN, Anton, CO, US",2,
d431732b-368b-4cb7-a67b-b087a2883ad6,9364089,2014-08-09 18:53:00-06:00,2014-08-09,-105.5056916667,40.4086416667,2650.0,,13.5,32.6,,6.1,,,Coprinellus micaceus,"Larimer County, CO, USA",1,
70dde0aa-3734-40f3-a1e3-393de38e23ca,7487792,2017-08-12 19:34:18-06:00,2017-08-12,-105.24965,39.97237,1682.0,,13.0,27.0,,4.8,,,Coprinellus micaceus,"Viele Lake, Boulder, CO, US",1,
690f794e-0269-48a8-85cf-df8e82300693,7478869,2017-08-13 12:13:02-06:00,2017-08-13,-105.0586285909,40.596823236,1517.0,,14.4,30.0,,9.3,,1011.4,Coprinellus micaceus,"712 Alta Vista St, Fort Collins, CO, US",1,
e7e6a861-7a7c-41ef-9627-b510a4af9ce1,6584151,2017-06-05 15:31:00-04:00,2017-06-05,-105.1481333333,40.1901972222,1548.0,,12.0,28.0,,5.2,,,Coprinellus micaceus,"Boulder, Colorado, United States",2,
046f0147-fc35-4c34-8c04-fd5bea28d0c0,281200125,2025-05-13 17:07:45-07:00,2025-05-13,-122.243255,45.4088833333,150.0,,9.4,15.0,1.8,3.9,,1018.0,Coprinellus micaceus,"SE Kubitz Rd, Sandy, OR, US",1,
2d1f186d-296b-49cb-9bbe-d48265e98634,224114923,2023-06-30 08:55:56-07:00,2023-06-30,-122.2202637792,45.5406582772,31.0,,15.6,30.0,0.0,7.1,,1017.6,Coprinellus micaceus,"Multnomah County, US-OR, US",1,
c03d78ee-e833-4c14-b0a3-fc13862f659b,218816810,2024-05-27 20:21:43-07:00,2024-05-27,-121.9615673,45.340828,419.0,,9.4,23.9,0.0,3.0,,1019.6,Coprinellus micaceus,"Welches, Mt Hood Village, OR 97067, USA",1,
ed2d6545-12ab-49bf-b890-b9fdd8175194,213353983,2024-05-03 13:35:49-07:00,2024-05-03,-122.0784916667,45.5886783333,55.0,,5.0,21.1,,9.5,,1013.0,Coprinellus micaceus,"Columbia River Gorge National Scenic Area, Corbett, OR, US",1,
7fc06907-0ec2-4589-acc5-3d8ad2c1c35a,156839980,2023-04-26 18:28:42-07:00,2023-04-26,-121.952155,45.6262033333,78.0,,3.8,24.7,0.0,8.5,,1019.7,Coprinellus micaceus,"Columbia River Gorge National Scenic Area - Headquarters, Cascade Locks, OR, US",1,
f80841c2-5591-40f6-a609-3bf5184ae219,117690537,2022-05-17 18:14:28-07:00,2022-05-17,-121.4879533333,45.729795,216.0,,6.7,17.6,0.0,9.2,,1022.9,Coprinellus micaceus,"Columbia River Gorge National Scenic Area - Headquarters, White Salmon, WA, US",1,
a62be9cd-0ceb-4d9f-b3e9-06ea397ce1da,117070068,2022-05-14 12:30:26-07:00,2022-05-14,-122.19928,45.5724616667,226.0,,10.0,21.7,,15.0,,1018.0,Coprinellus micaceus,"Columbia River Gorge National Scenic Area - Headquarters, Washougal, WA, US",1,
8dffb8e1-ee1e-4fd7-817a-f1c4644d6773,111860188,2022-04-17 17:00:26-07:00,2022-04-17,-122.05663649,45.61063846,19.0,,2.8,13.9,0.0,14.3,,1022.4,Coprinellus micaceus,"Stevenson, WA 98648, USA",1,
d9454934-d666-4ee4-8b0a-d08ab0b1224e,97211455,2021-10-04 14:44:31-07:00,2021-10-04,-122.3058383333,45.4901966667,28.0,,11.7,19.4,0.0,2.4,,1013.2,Coprinellus micaceus,"Oxbow Regional Park, Gresham, OR, US",1,
5b436f07-9881-403b-96f6-62f81e5b81bd,65247824,2020-10-30,2020-10-30,-121.9525,45.3204,427.0,,5.0,15.6,,4.3,,1020.3,Coprinellus micaceus,"Zigzag Ranger District portion in Clackamas Co., Mount Hood National Forest, Clackamas Co., Oregon, USA",1,
5e5c8c68-7e07-49ad-b2e7-9b6942a55ec0,64813440,2020-11-13 12:51:45-08:00,2020-11-13,-121.5268453068,45.7041095628,142.0,,2.8,8.9,15.7,13.0,,1002.8,Coprinellus micaceus,"Columbia River Gorge National Scenic Area, Hood River, OR, US",1,
773cdff6-2090-4d74-8d54-945f1a9bdea8,51431980,2020-04-27 12:54:01-07:00,2020-04-27,-121.8672824463,45.3284075541,1231.0,,10.0,20.6,,10.2,,1018.9,Coprinellus micaceus,"Mt. Hood Park Division Recreation Area, Rhododendron, OR, US",1,
6d9e2337-323a-453f-80dc-7222becb7af2,44175215,2020-04-28 13:57:15-07:00,2020-04-28,-121.5450704635,45.6878439968,162.0,,8.9,24.4,0.0,7.7,,1021.7,Coprinellus micaceus,"Arrowhead Ave, Hood River, OR, US",1,
55fcb9eb-c813-416e-a17f-efa1ea4ace0c,4623577,2016-11-19 14:43:26-08:00,2016-11-19,-122.2197583333,45.533195,213.0,,7.2,11.1,,32.6,,1005.9,Coprinellus micaceus,"42746 NE Latourell Rd, Corbett, OR, US",1,
92885074-2f56-4cc7-bf38-2090bb662817,46166582,2007-09-18 12:23:00-07:00,2007-09-18,-122.0434607265,44.8040191827,1096.0,,,,,,,,Coprinellus micaceus,"Marion County, OR, USA",1,84PVRX34+
8eea9515-e19d-4134-bfc2-c1bf03e2d013,380116022,2026-07-08 15:10:43-07:00,2026-07-08,-122.71969018,45.4437043219,209.0,,16.1,26.7,0.0,7.0,,1017.6,Coprinellus micaceus,"West Portland Park Natural Area, Portland, OR, US",1,84QVC7VJ+
087f56ef-cbdb-45d6-90a1-0baab070716b,373740493,2026-06-20 13:28:44-07:00,2026-06-20,-122.6816913207,45.4385350971,80.0,,13.9,23.9,0.0,4.6,,1015.6,Coprinellus micaceus,"SW Terwilliger Blvd, Portland, OR, US",1,84QVC8Q9+
8d916fc1-dbb9-4671-b014-894a35285ff1,364457117,2026-05-23 14:55:55-07:00,2026-05-23,-122.5989823715,45.3753319785,15.0,,11.1,23.9,0.0,4.9,,1013.8,Coprinellus micaceus,"W Clackamas Blvd, Gladstone, OR, US",1,84QV9CG2+
1259a1ab-5e0a-426f-a377-305121c22535,358124744,2026-04-30 19:29:37-07:00,2026-04-30,-122.572555,45.3683133333,65.0,,6.2,27.2,0.0,4.0,,,Coprinellus micaceus,"S Ann Dr, Oregon City, OR, US",1,84QV9C9G+
5dad6b0e-96f7-4faa-8982-49c5f68cc570,354855998,2026-04-26 11:42:00-07:00,2026-04-26,-122.761842,45.648812,24.0,,3.9,21.7,0.0,3.1,,,Coprinellus micaceus,"St. Johns, Portland, OR, USA",1,84QVJ6XQ+
f6f435ae-22ea-4950-80ec-6fddabf2daa5,352619409,2023-11-15 14:56:45-08:00,2023-11-15,-122.68522,45.4785916667,161.0,,6.7,11.1,0.5,5.8,,1013.8,Coprinellus micaceus,"SW Terwilliger Blvd, Portland, OR, US",1,84QVF8H7+
ed389b3a-8b2c-4f90-be68-ff431b08a8d8,352087683,2026-04-22 13:59:07-07:00,2026-04-22,-122.67384784,45.47463731,19.0,,10.0,12.8,0.4,7.6,,,Coprinellus micaceus,"S Macadam & Nevada, Portland, OR 97219, USA",1,84QVF8FG+
f0414e3c-c176-4fb7-8578-b37466f726fb,351584895,2026-04-20 13:43:15-07:00,2026-04-20,-122.6050416667,45.373045,19.0,,10.6,18.3,0.4,3.5,,,Coprinellus micaceus,"Gladstone, OR, US",1,84QV99FV+
aad4b47c-be26-4de2-a386-2a18b462e3e7,349256559,2026-04-12 08:04:33-07:00,2026-04-12,-122.6407318115,45.5549087524,74.0,,10.0,12.2,0.1,3.3,,1007.2,Coprinellus micaceus,Portland,1,84QVH935+
cad30f4f-2941-463e-880a-ba3dbae1d100,348003236,2026-03-27 15:04:39-07:00,2026-03-27,-122.8254383333,45.60437,248.0,,-1.0,19.0,0.0,8.4,,1021.7,Coprinellus micaceus,"NW Newberry Rd, Portland, OR, US",1,84QVJ53F+
3dfd2192-e7c2-43d4-8c9b-7beb91990321,344219719,2026-03-21 09:17:35-07:00,2026-03-21,-122.3841444737,45.5857289423,7.0,,6.0,14.0,0.6,8.1,,1024.6,Coprinellus micaceus,"Washougal River Greenway Trail, Camas, WA, US",1,84QVHJP8+
811df1ec-4b71-419e-ae51-96fce17a1ba8,335249969,2025-10-29 15:19:25-07:00,2025-10-29,-122.6964345017,45.5276154913,41.0,,8.0,16.0,0.2,4.9,,1029.1,Coprinellus micaceus,"NW 22nd Ave, Portland, OR, US",1,84QVG8H3+
7bd1caab-33fe-41b1-b41e-297f090fa7f0,334661377,2025-12-19 10:36:35-08:00,2025-12-19,-122.6838497477,45.5296836145,15.0,,4.0,9.0,1.5,9.8,,1011.3,Coprinellus micaceus,"NW 12th Ave, Portland, OR, US",1,84QVG8H8+
069da4da-0b86-498b-9297-3541d5df9724,333217812,2026-01-02 15:57:39-08:00,2026-01-02,-122.6435624,45.56503354,55.0,,5.0,7.8,2.8,9.0,,1008.9,Coprinellus micaceus,"Vernon, Portland, OR 97211, USA",1,84QVH984+
c9563c8c-bade-40c6-acfb-c143bab9755c,332837546,2025-12-30 14:37:26-08:00,2025-12-30,-122.6839527778,45.4358083333,90.0,,-1.0,9.0,0.0,12.7,,1024.8,Coprinellus micaceus,"Forest Highlands, Portland, OR, USA",1,84QVC8P8+
270315d3-ef07-4f9f-acd0-a5464480b032,330799621,2025-12-14 11:35:24-08:00,2025-12-14,-122.7149180689,45.5277085226,203.0,,6.0,11.0,0.0,5.5,,1018.0,Coprinellus micaceus,"NW Macleay Blvd, Portland, OR, US",1,84QVG7HP+
c58e4fd3-aab4-490a-8326-b6d9aca323b2,330518290,2025-12-12 14:04:40-08:00,2025-12-12,-122.7274166667,45.5391216667,170.0,,11.0,15.0,0.0,3.5,,1022.1,Coprinellus micaceus,"Wild Cherry Trail, Portland, OR, US",1,84QVG7QF+
2df9694c-5389-42bd-bcb7-d1cebc13f2fb,329503859,2025-04-27 15:12:24-07:00,2025-04-27,-122.70935,45.515945,215.0,,6.1,17.2,0.0,7.6,,1019.2,Coprinellus micaceus,"SW Kingston Dr, Portland, OR, US",1,84QVG78R+
d5ea49e3-6010-4a47-9316-27f093fc1a87,328540502,2025-11-27 12:48:47-08:00,2025-11-27,-122.7732466667,45.360895,89.0,,8.0,14.0,3.8,16.7,,1016.5,Coprinellus micaceus,"SW 91st Ave, Tualatin, OR, US",1,84QV966G+
147e7da6-30d5-41dc-bcf4-968dae7521df,328018272,2025-10-23 11:59:00-07:00,2025-10-23,-122.6567138889,45.5738527778,38.0,,12.0,18.0,0.0,9.0,,1019.4,Coprinellus micaceus,"Northeast Portland, Portland, OR, USA",1,84QVH8FV+
b082ed96-c017-4315-bdf3-5e2e64d4765a,327056227,2025-11-17 14:08:15-08:00,2025-11-17,-122.7307111111,45.5275472222,164.0,,3.0,12.0,0.9,7.4,,1012.8,Coprinellus micaceus,"Portland, OR 97210, USA",1,84QVG7H9+
1aa6189b-3cfd-4ec9-94eb-39ba8c480dc0,325398103,2025-11-07 13:38:30-08:00,2025-11-07,-122.7510504797,45.5874077172,51.0,,6.0,14.0,0.2,2.8,,1023.0,Coprinellus micaceus,"N Richmond & Syracuse, Portland, OR 97203, USA",1,84QVH6PX+
56f4f072-7236-47f9-b8ba-871f0040d548,325354212,2025-11-07 08:36:08-08:00,2025-11-07,-122.50154752,44.75129264,258.0,,6.1,15.6,0.0,9.9,,1022.4,Coprinellus micaceus,"Mill City, OR 97360, USA",1,84PVQF2X+
6509a736-7755-41d0-ae9e-fb5fbe230c29,325257876,2025-11-06 13:19:19-08:00,2025-11-06,-122.5730324326,45.639264044,59.0,,11.0,16.0,6.0,14.5,,1014.2,Coprinellus micaceus,"NE 98th Ave, Vancouver, WA, US",1,84QVJCQG+
3ea9310a-432f-4635-a83f-72703e51cab6,324023306,2025-10-30 11:28:15-07:00,2025-10-30,-122.6807676477,45.4378957052,66.0,,4.0,16.0,0.0,16.0,,1021.3,Coprinellus micaceus,"SW Terwilliger Blvd, Portland, OR, US",1,84QVC8Q9+
a121670f-9428-4a1d-a68a-03ddd07efa47,324018986,2025-10-30 11:03:40-07:00,2025-10-30,-122.6819801126,45.4398788344,79.0,,4.0,16.0,0.0,16.0,,1021.3,Coprinellus micaceus,"Portland, OR, US",1,84QVC8Q9+
b37dad99-04a4-4a67-ad07-aa4e7275d9b7,323864125,2025-10-29 10:43:17-07:00,2025-10-29,-122.6128166667,45.444655,52.0,,8.0,16.0,0.2,4.9,,1029.1,Coprinellus micaceus,"Homewood Park, Milwaukie, OR, US",1,84QVC9VP+
eff161f0-7ad8-449d-8cf6-bf0fcea6b111,322467129,2025-10-22 11:51:13-07:00,2025-10-22,-122.7735612738,45.5624658339,271.0,,6.0,18.0,0.2,3.6,,1017.7,Coprinellus micaceus,"NW Saltzman Rd, Portland, OR, US",1,84QVH66G+
5160677a-808d-460f-9b37-edc6e9f2540e,321738010,2025-10-18 12:18:29-07:00,2025-10-18,-122.6764479426,45.4409865984,92.0,,6.0,18.0,0.3,7.2,,1018.0,Coprinellus micaceus,"SW Terwilliger Blvd, Portland, OR, US",1,84QVC8RF+
c635ede7-5b50-4210-8c37-288bd2111798,321493169,2025-10-13 16:37:42-07:00,2025-10-13,-122.710075,45.45603,149.0,,6.0,16.0,0.0,14.5,,1010.2,Coprinellus micaceus,"SW 35th Dr, Portland, OR, US",1,84QVF74Q+
eb68eb9b-7c8f-4b9b-b4c6-a921e863eefd,321492976,2025-10-17 12:00:37-07:00,2025-10-17,-122.6758333333,45.4407416667,92.0,,8.0,17.0,0.0,5.6,,1021.2,Coprinellus micaceus,"SW Terwilliger Blvd, Portland, OR, US",1,84QVC8RF+
7d79c8c4-2acd-414a-92f9-5d061444ac47,320967813,2025-10-13 15:53:00-07:00,2025-10-13,-122.6823958007,45.4376637222,80.0,,6.0,16.0,0.0,14.5,,1010.2,Coprinellus micaceus,"Forest Highlands, Portland, OR, USA",1,84QVC8Q9+
a8c64212-26bf-4570-a958-1f251dd1f42d,320891912,2025-10-14 11:09:01-07:00,2025-10-14,-122.7599232014,45.5525570594,246.0,,4.0,17.0,0.0,11.9,,1016.2,Coprinellus micaceus,"Forest Park, Multnomah County, US-OR, US",1,84QVH63R+
185ded2d-c575-4772-90cf-0fcb1df195a1,320702895,2025-10-13 11:11:35-07:00,2025-10-13,-122.7621738467,45.5645842181,169.0,,4.0,17.0,0.0,9.9,,1010.8,Coprinellus micaceus,"Forest Park, Portland, OR, USA",1,84QVH67Q+
c4444c47-ac46-40e0-82bc-22f5c6e0c444,320685839,2025-10-13 10:52:45-07:00,2025-10-13,-122.3975219727,45.5983085632,76.0,,3.0,16.0,0.0,10.2,,1010.0,Coprinellus micaceus,Camas,1,84QVHJX2+
1ff65532-3494-4ee2-a19a-ca9ef3e4b927,319376057,2023-04-08 14:11:10-07:00,2023-04-08,-122.6410827637,45.5419006348,52.0,,7.8,14.4,0.0,13.7,,1016.8,Coprinellus micaceus,Portland,1,84QVG9R5+
1947fd01-9f91-4be6-bad5-57347aa7492d,318779618,2025-10-04 13:51:48-07:00,2025-10-04,-122.5094756944,45.490139,160.0,,11.0,19.0,1.8,1.0,,1019.3,Coprinellus micaceus,"SE Powell Butte Pkwy Appointment Only, Portland, OR 97236, USA",1,84QVFFRR+
2d6c2ae5-85f7-47f6-ab07-4656e406bf44,317870589,2025-09-30 15:30:52-07:00,2025-09-30,-122.6718635116,45.4546317142,146.0,,13.0,22.0,0.2,17.4,,1008.5,Coprinellus micaceus,"River View Natural Area, Portland, OR, US",1,84QVF83H+
af25d304-a38a-405a-80ee-2022f7b3412a,312124503,2025-09-06 09:02:01-07:00,2025-09-06,-122.6838199722,45.5146469722,45.0,,17.0,23.0,0.9,8.0,,1013.7,Coprinellus micaceus,"Portland Downtown, Portland, OR, USA",1,84QVG878+
0297bbe8-382e-4577-ab28-c223068fb070,304076153,2025-08-05 12:22:29-07:00,2025-08-05,-122.7453819662,45.483390191,81.0,,14.4,27.2,0.0,6.8,,1018.0,Coprinellus micaceus,"Portland, OR 97225, USA",1,84QVF7M3+
af6ea9bd-2d33-4d1c-92bf-80a79db0e9f9,284463849,2025-05-26 14:07:08-07:00,2025-05-26,-122.6778416667,45.428695,77.0,,12.2,22.2,0.0,12.2,,1019.9,Coprinellus micaceus,"Tryon Creek State Natural Area, Lake Oswego, OR, US",1,84QVC8HC+
d922d494-f10f-4570-9c43-75f76d872a70,282947924,2025-05-21 09:55:06-07:00,2025-05-21,-122.7695533333,45.5617166667,280.0,,9.4,20.0,0.0,8.9,,1022.0,Coprinellus micaceus,"Forest Park Conservancy, Portland, OR, US",1,84QVH66J+
d4a319ee-ead6-4a9b-ba7e-b816ad7d4382,278286732,2025-04-11 11:45:49-07:00,2025-04-11,-122.5422366667,45.5998533333,26.0,,8.3,16.7,0.0,12.6,,1025.3,Coprinellus micaceus,"SE Rivercrest Dr, Vancouver, WA, US",1,84QVHFX5+
79b62f57-e5fa-4323-935c-7f3a19a08b42,273810646,2025-04-03 16:51:37-07:00,2025-04-03,-122.76127,45.5033083333,170.0,,4.4,13.3,1.0,3.8,,1020.7,Coprinellus micaceus,"SW Ernst Rd, Beaverton, OR, US",2,84QVG63Q+
28901f32-fcff-45ab-a3bc-f9648cbd700a,270092229,2025-04-10 13:32:56-07:00,2025-04-10,-122.8391333333,45.5030216667,61.0,,6.7,17.2,3.2,7.1,,1020.7,Coprinellus micaceus,"Beaverton, OR, US",1,84QVG536+
ff783fba-fb1d-4cda-8aad-c37135fef373,268874670,2025-03-28 15:43:00-07:00,2025-03-28,-122.5863888889,45.5637583333,30.0,,7.8,13.9,4.6,20.2,,1009.3,Coprinellus micaceus,"Northeast Portland, Portland, OR, USA",1,84QVHC77+
15a1833b-c8ba-470a-a186-4a2964f83f2d,268604931,2025-04-02 19:28:42-07:00,2025-04-02,-122.6112443583,45.5089044,56.0,,6.7,12.8,0.8,5.8,,1015.3,Coprinellus micaceus,"Mt. Tabor, Portland, OR, USA",1,84QVG95Q+
f0347716-5a1a-4950-afce-6fdf38ac0685,267623594,2025-03-29 18:15:58-07:00,2025-03-29,-122.7628494531,45.6490833125,14.0,,7.2,13.9,,6.5,,1018.0,Coprinellus micaceus,"Kelley Point Park, Portland, OR, US",1,84QVJ6XP+
7dd7b2e0-c239-4359-bb34-0bab2e48d40c,267591501,2025-03-29 14:41:45-07:00,2025-03-29,-122.3749356507,45.5473468994,13.0,,4.4,13.3,2.8,5.4,,1017.6,Coprinellus micaceus,"Sandy River Delta, Corbett, OR, US",1,84QVGJWG+
d112ec95-175b-4424-b138-6a569a8a43e7,267297546,2025-03-27 13:56:46-07:00,2025-03-27,-122.80043,45.5116966667,85.0,,8.9,15.0,6.7,19.3,,1003.2,Coprinellus micaceus,"Foothills Park, Portland, OR, US",1,84QVG56X+
064bb147-7708-4524-bb83-48a39043ef8f,267284906,2025-03-27 16:21:28-07:00,2025-03-27,-122.6782133333,45.4386116667,81.0,,10.0,15.0,4.3,16.2,,1003.8,Coprinellus micaceus,"Tryon Creek State Natural Area, Portland, OR, US",1,84QVC8QC+
57bcf4ba-9057-4b9e-83dd-8cfee169baea,266965236,2025-03-25 15:17:21-07:00,2025-03-25,-122.843870144,45.4973424331,62.0,,7.8,25.6,0.0,2.7,,1015.9,Coprinellus micaceus,"Tualatin Hills Nature Park, Beaverton, OR, US",1,84QVF5W4+
1db2dff1-8dd5-4fc4-8af4-ac4a8bcae3e0,266000671,2025-03-19 12:35:06-07:00,2025-03-19,-122.62327,45.53067,61.0,,7.2,12.2,1.0,22.0,,1019.7,Coprinellus micaceus,"NE Hassalo St, Portland, OR, US",1,84QVG9JG+
2bb6422c-3e85-4923-8f37-a98d991a4e1b,265638920,2025-03-16 13:26:00-07:00,2025-03-16,-122.7656638889,45.6448277778,20.0,,5.6,10.0,,4.1,,1005.3,Coprinellus micaceus,"St. Johns, Portland, OR, USA",1,84QVJ6VM+
2e9cad91-5a7a-4556-875b-99da25515e5f,263906996,2025-03-02 11:53:10-08:00,2025-03-02,-122.6758664,45.4374863997,91.0,,8.9,12.2,0.0,5.8,,1014.0,Coprinellus micaceus,"Forest Highlands, Portland, OR, USA",1,84QVC8PF+
b913a5ee-afc2-4994-ad8b-014c9f7c905a,258805017,2023-11-20 16:03:04-08:00,2023-11-20,-122.6791778282,45.3695727986,61.0,,1.1,10.6,,5.1,,1030.9,Coprinellus micaceus,"Oregon, US",1,84QV989C+
f1e6fa84-1960-482d-9351-c9ec9912c7d1,258804190,2023-11-20 14:45:22-08:00,2023-11-20,-122.7990805931,45.2032852432,50.0,,1.1,10.6,,5.1,,1030.9,Coprinellus micaceus,"Oregon, US",1,84QV6632+
438741e0-d09a-4dd7-b78e-5968e4b1f9eb,258802839,2023-11-20 14:40:14-08:00,2023-11-20,-122.7189498367,45.2493272794,30.0,,1.1,10.6,,5.1,,1030.9,Coprinellus micaceus,"Oregon, US",1,84QV67XJ+
bb0761a5-822f-44cc-8a0d-e22de9b90184,257887476,2025-01-08 12:43:45-08:00,2025-01-08,-122.846725,45.5002133333,72.0,,1.7,11.7,0.0,3.0,,1031.4,Coprinellus micaceus,"Tualatin Hills Nature Park, Beaverton, OR, US",1,84QVG523+
089c003c-776b-4b6b-b041-c8a69aa1929e,257870373,2025-01-08 12:27:23-08:00,2025-01-08,-122.8471966667,45.501255,72.0,,1.7,11.7,0.0,3.0,,1031.4,Coprinellus micaceus,"Tualatin Hills Nature Park, Beaverton, OR, US",1,84QVG523+
9cc09aac-025c-4cc9-93b7-ab5bbeb77dff,257034443,2024-12-31 10:44:57-08:00,2024-12-31,-122.5106623,45.4898021997,161.0,,3.9,6.7,,19.7,,1022.8,Coprinellus micaceus,"SE Powell Butte Pkwy Appointment Only, Portland, OR 97236, USA",1,84QVFFQQ+
8dac48b2-9bc6-491f-ac50-2818b715f114,254461224,2024-11-17 14:30:59-08:00,2024-11-17,-122.8405728936,45.5036542965,59.0,,5.0,11.1,,12.2,,1007.2,Coprinellus micaceus,"Cooper Mountain - Aloha North, Beaverton, OR, USA",1,84QVG535+
44ccc52b-7364-4181-9163-7ff057b986d4,253681352,2024-11-29 15:50:43-08:00,2024-11-29,-122.68083,45.437725,66.0,,4.4,6.1,0.0,5.4,,1025.9,Coprinellus micaceus,"Tryon Creek State Natural Area, Portland, OR, US",1,84QVC8Q9+
20bd84f6-7bd5-41dc-8122-db20945930d3,250342641,2024-11-03 09:29:00-08:00,2024-11-03,-122.8396247,45.4982312,70.0,,7.8,13.9,,5.7,,1022.4,Coprinellus micaceus,"Tualatin Hills Nature Park, 15655 SW Millikan Way, Beaverton, OR 97006, USA",1,84QVF5X6+
14821b7b-9566-4eee-aea3-16aae6a4cb79,249954909,2024-10-31 11:43:44-07:00,2024-10-31,-122.8398064524,45.4993353803,70.0,,6.7,10.0,,12.9,,1011.8,Coprinellus micaceus,"Cooper Mountain - Aloha North, Beaverton, OR, USA",1,84QVF5X6+
a16f259a-04b5-43b7-8e2a-40067b9b6473,248172779,2024-10-14 16:34:00-07:00,2024-10-14,-122.6807825,45.4416588,75.0,,12.8,22.8,0.3,7.6,,1019.1,Coprinellus micaceus,"Tryon Creek State Natural Area, Oregon, USA",1,84QVC8R9+
3fef806b-0633-492a-93b0-058789118005,248007622,2024-10-18 16:06:46-07:00,2024-10-18,-122.3906441997,45.5101909997,86.0,,7.2,14.4,,4.7,,1025.4,Coprinellus micaceus,"Northeast, Gresham, OR, USA",1,84QVGJ65+
d294ae10-cf0f-4c9e-9d85-058a833f1f78,247835264,2024-10-17 11:35:10-07:00,2024-10-17,-122.7918313142,45.382247446,39.0,,7.8,13.9,,5.4,,1019.3,Coprinellus micaceus,"Oregon, US",1,84QV96J5+
e49d2a2a-ee0d-4996-92ae-c0b6af18c5eb,221383974,2024-06-08 12:19:54-07:00,2024-06-08,-122.7201921219,45.5370210094,127.0,,12.8,27.8,0.0,6.4,,1012.7,Coprinellus micaceus,"Forest Park Conservancy, Portland, OR, US",1,84QVG7PH+
0311b5a2-b0a9-4fe3-9648-65458a46375e,220412700,2024-06-03 18:53:33-07:00,2024-06-03,-122.6489333333,45.5313533333,57.0,,12.8,18.3,6.4,19.8,,1010.6,Coprinellus micaceus,"NE Multnomah St, Portland, OR, US",1,84QVG9J2+
4cc3bb50-f32e-4a41-b0bd-d3443050ee59,217412264,2023-01-28 16:17:41-08:00,2023-01-28,-122.8469466667,45.50035,72.0,,2.8,7.8,,8.5,,1020.1,Coprinellus micaceus,"Tualatin Hills Nature Park, Beaverton, OR, US",2,84QVG523+
a000858b-ac4f-4e79-8f2b-14d00dfcead9,210468300,2024-04-27 12:15:23-07:00,2024-04-27,-122.652755,45.4850283333,17.0,,10.0,13.3,0.3,15.1,,1017.8,Coprinellus micaceus,"Springwater on the Willamette, Portland, OR, US",1,84QVF8PW+
1a17513a-811e-4ecd-ba70-a3f25fcf92a2,209730824,2024-04-14 12:39:00-07:00,2024-04-14,-122.8527972222,45.5596972222,60.0,,8.3,20.0,0.0,13.5,,1015.8,Coprinellus micaceus,"Bethany, West Union, OR, USA",1,84QVH45W+
e1ccbeff-4d54-4eb4-a1e4-c03826c398a4,208803259,2024-04-22 16:26:36-07:00,2024-04-22,-122.7613180209,45.6463247161,22.0,,5.0,20.6,0.0,9.6,,1019.4,Coprinellus micaceus,"Kelley Point Park, Portland, OR, US",1,84QVJ6WQ+
7941a87e-b44c-4035-ac6c-52b087710f0a,207934424,2023-10-08 16:16:45-07:00,2023-10-08,-122.8468552073,45.500322992,72.0,,9.4,25.0,0.0,3.3,,1009.4,Coprinellus micaceus,"Tualatin Hills Nature Park, Beaverton, OR, US",1,84QVG523+
4d60e9e7-d630-4cf6-b363-b9bbfab58693,206517039,2024-04-10 10:19:50-07:00,2024-04-10,-122.3782883333,45.5515133333,12.0,,3.3,19.4,0.0,3.8,,1025.0,Coprinellus micaceus,"Sandy River Delta, Corbett, OR, US",1,84QVHJ2C+
3a9fb7d3-3fcf-4141-a350-894a7576f438,206351554,2024-04-09 18:37:46-07:00,2024-04-09,-122.7620642204,45.648766481,24.0,,10.0,17.8,,8.6,,1025.1,Coprinellus micaceus,"NW Old Lower River Rd, Vancouver, WA, US",1,84QVJ6XQ+
d25d5084-50d0-4658-9691-1d5fd3954999,203972394,2024-03-25 19:01:36-07:00,2024-03-25,-122.7609947625,45.6464435945,22.0,,7.8,11.1,,2.5,,1013.7,Coprinellus micaceus,"Kelley Point Park, Portland, OR, US",2,84QVJ6WQ+
30bf3f2d-f3a5-49e4-abd8-f9f42044f00b,203964946,2024-03-25 17:53:03-07:00,2024-03-25,-122.7625210753,45.6464669978,15.0,,7.8,11.1,,2.5,,1013.7,Coprinellus micaceus,"Kelley Point Park, Portland, OR, US",1,84QVJ6WP+
bb8b200d-d6a3-4696-97f8-07555b42cfe9,202735597,2024-03-16 15:19:40-07:00,2024-03-16,-122.5516906008,45.4285366132,180.0,,7.2,24.4,0.0,10.4,,1016.7,Coprinellus micaceus,"Clackamas County, US-OR, US",1,84QVCCHX+
87e8b9a0-0837-451e-af5e-efe67b4fae6b,201480594,2024-03-05 14:02:50-08:00,2024-03-05,-122.8169116667,45.6135,157.0,,1.1,7.8,1.7,5.4,,1016.2,Coprinellus micaceus,"NW Newberry Rd, Portland, OR, US",1,84QVJ57M+
a76b1718-fff9-47c1-b4f5-dc28d22b8ad3,200768949,2024-02-28 15:08:37-08:00,2024-02-28,-122.7745840835,45.4401368218,60.0,,7.8,10.6,,24.0,,1007.8,Coprinellus micaceus,"Greenburg, Tigard, OR, US",1,84QVC6RG+
e71a1706-bdb0-4547-ae5b-baa779ee9d7e,200660860,2024-02-27 14:06:13-08:00,2024-02-27,-122.629767745,45.4920509308,47.0,,2.8,9.4,1.8,13.0,,1019.3,Coprinellus micaceus,"SE Cora Dr, Portland, OR, US",1,84QVF9RC+
58496af8-8b39-4acb-b5ae-38e9be6dfd70,192980125,2023-12-03 13:19:00-08:00,2023-12-03,-122.8396247,45.4982312,70.0,,7.2,13.3,,3.8,,1012.7,Coprinellus micaceus,"Tualatin Hills Nature Park, 15655 SW Millikan Way, Beaverton, OR 97006, USA",1,84QVF5X6+
b6faf534-b00d-4bc2-83b9-a6cedecc4436,192280522,2023-11-16 16:15:46-08:00,2023-11-16,-122.6774583333,45.438945,81.0,,3.9,12.2,0.0,10.1,,1017.9,Coprinellus micaceus,"Tryon Creek State Natural Area, Portland, OR, US",1,84QVC8QF+
4a89e896-6246-4492-886b-970d992144cd,192274467,2023-11-26 15:05:05-08:00,2023-11-26,-122.7310116667,45.52998,187.0,,-2.8,10.6,0.0,2.6,,1024.5,Coprinellus micaceus,"NW Cornell Rd, Portland, OR, US",1,84QVG7H9+
1707d6b9-4f31-46e2-a760-356ca5d42002,192263998,2023-11-26 15:15:24-08:00,2023-11-26,-122.6873641,45.4406745,122.0,,-1.0,11.1,0.0,10.1,,1024.0,Coprinellus micaceus,"800 Block SW Stephenson, Portland, OR 97219, USA",1,84QVC8R7+
b0456300-e8e3-4b0c-ba1d-d63815bcc3d6,192229507,2023-11-26 09:48:27-08:00,2023-11-26,-122.5553480764,45.5356740149,90.0,,-1.0,11.1,0.0,10.1,,1024.0,Coprinellus micaceus,"NE 104th Ave, Portland, OR, US",2,84QVGCPV+
651bf514-99f0-447e-84b7-edf7266a0025,191974139,2023-11-24 11:24:32-08:00,2023-11-24,-122.8469459062,45.5004392239,72.0,,-2.8,11.7,0.0,2.5,,1027.6,Coprinellus micaceus,"SW Koll Pkwy, Beaverton, OR, US",1,84QVG523+
1fd21965-58c2-4a83-a20e-a4e7be38e99d,191518801,2023-11-19 09:43:00-08:00,2023-11-19,-122.8396247,45.4982312,70.0,,0.0,11.1,,6.1,,1027.1,Coprinellus micaceus,"15655 SW Millikan Way, Beaverton, OR 97006",1,84QVF5X6+
6748d374-6ea1-4eda-9275-f6fdcc2366f8,190551103,2023-10-27 15:14:48-07:00,2023-10-27,-122.7298463884,45.525941243,164.0,,3.9,13.3,0.0,9.0,,1027.0,Coprinellus micaceus,"Portland, OR 97210, USA",2,84QVG7GC+
24a28e56-0de1-4ec3-8588-e5bb997aa351,189027292,2023-10-26 10:11:16-07:00,2023-10-26,-122.6604305556,45.5270361111,25.0,,5.6,10.6,0.0,4.7,,1023.2,Coprinellus micaceus,"NE Grand & Hoyt, Portland, OR 97232, USA",1,84QVG8GQ+
d88761d7-75e2-4b5f-9ede-a9b6d5868582,188819810,2023-10-24 11:11:48-07:00,2023-10-24,-122.6838966667,45.4356416667,90.0,,8.3,11.7,11.2,10.1,,1013.3,Coprinellus micaceus,"Tryon Creek State Natural Area, Portland, OR, US",1,84QVC8P8+
3f90f03b-0c94-4784-9c41-efbe6a9130db,188753440,2023-10-23 16:44:01-07:00,2023-10-23,-122.675502261,45.4425143124,95.0,,11.1,16.7,0.0,9.0,,1017.8,Coprinellus micaceus,"Tryon Creek State Natural Area, Portland, OR, US",1,84QVC8VF+
4f443a5d-e4aa-45b6-8325-2a748cc698b4,187199023,2023-10-11 16:40:44-07:00,2023-10-11,-122.6759866667,45.66417,50.0,,12.8,17.8,,11.4,,1006.7,Coprinellus micaceus,"NW 56th Cir, Vancouver, WA, US",1,84QVM87F+
651d39c9-821e-4f8e-bb43-658248493ba0,187057273,2023-10-10 14:07:08-07:00,2023-10-10,-121.9560699463,45.9037780762,465.0,,7.7,14.8,20.3,6.8,,1002.7,Coprinellus micaceus,"Skamania County, US-WA, US",1,84QWW23V+
673f546b-ba07-4199-9aec-64f8d0090b51,186428914,2023-10-06 10:25:32-07:00,2023-10-06,-122.6744995117,45.4879875183,21.0,,13.3,30.0,0.0,13.0,,1018.4,Coprinellus micaceus,Portland,1,84QVF8QG+
34e42920-497c-4cc9-874c-c080adfc6e7a,168960187,2023-05-11 16:51:02-07:00,2023-05-11,-122.3826638889,45.5524472222,3.0,,11.1,26.7,0.0,4.3,,1019.0,Coprinellus micaceus,"Troutdale, OR 97060, USA",1,84QVHJ28+
d37c76fb-0169-4cae-bd0e-5da4d6a319a7,163016818,2023-05-21 10:57:25-07:00,2023-05-21,-122.3819416667,45.5526866667,3.0,,13.3,18.3,,6.5,,1023.2,Coprinellus micaceus,"Sandy River Delta Recreation Area, Troutdale, OR, US",1,84QVHJ39+
1b1c6295-c175-4089-9d3c-29c73a5498a3,163006418,2023-05-21 15:25:41-07:00,2023-05-21,-122.6389846802,45.5322265625,50.0,,11.1,18.9,0.0,12.2,,1023.3,Coprinellus micaceus,Portland,1,84QVG9J6+
5907a7db-8f64-44c3-8799-eeb37c9817e8,162960821,2023-05-21 12:22:16-07:00,2023-05-21,-122.3736034095,45.5525986474,14.0,,13.3,18.3,,6.5,,1023.2,Coprinellus micaceus,"Sandy River Delta Recreation Area, Troutdale, OR, US",1,84QVHJ3G+
fb39b95f-4233-41fe-be22-a2aba7d6675d,161904304,2023-05-15 14:09:46-07:00,2023-05-15,-122.6445959039,45.4339883923,19.0,,16.1,33.3,0.8,9.0,,1014.0,Coprinellus micaceus,"SE Sparrow St, Milwaukie, OR, US",1,84QVC9M4+
d3134a2e-412b-4e93-a7a5-59811d17e9b5,157894211,2023-04-29 18:46:43-07:00,2023-04-29,-122.6785507202,45.4377746582,81.0,,13.3,29.4,0.0,11.2,,1013.9,Coprinellus micaceus,Portland,1,84QVC8QC+
3c810134-5ff3-45e5-870a-ce2d737a7f26,156965883,2023-04-27 14:42:53-07:00,2023-04-27,-122.4773937464,45.4779264882,137.0,,8.9,27.2,0.0,7.6,,1019.6,Coprinellus micaceus,Jenne Butte Park,1,84QVFGHF+
43631dbc-2105-480d-b4ce-6e990d9d94dd,156319269,2023-04-23 14:12:07-07:00,2023-04-23,-122.6605839282,45.4700694593,12.0,,9.4,13.9,5.8,10.1,,1013.6,Coprinellus micaceus,Oaks Bottom Wildlife Refuge,1,84QVF8CQ+
dbec2946-f558-499d-baa4-926ce7a7291f,156153427,2023-04-22 15:54:48-07:00,2023-04-22,-122.8492027778,45.4997527778,65.0,,9.4,18.3,,3.6,,1020.5,Coprinellus micaceus,"Cooper Mountain - Aloha North, Beaverton, OR, USA",1,84QVF5X2+
7ebbf0f3-f357-4679-b383-432b2905976b,156123200,2023-04-22 13:31:48-07:00,2023-04-22,-122.4589498714,45.7748793756,141.0,,9.4,18.9,,3.0,,1021.3,Coprinellus micaceus,"Venersborg, WA 98604, USA",1,84QVQGFR+
af8841e7-4f0a-42d9-9775-0a66204804ed,155967314,2023-04-21 16:14:59-07:00,2023-04-21,-122.632935084,45.4823655244,40.0,,7.8,14.4,0.0,4.7,,1028.7,Coprinellus micaceus,"Reed College, Portland, OR, US",1,84QVF9J8+
1fc14462-3c8c-4d59-8549-828736312ed0,155551174,2023-04-18 18:15:56-07:00,2023-04-18,-122.6881477194,45.5228685018,37.0,,3.9,11.1,5.3,19.4,,1013.1,Coprinellus micaceus,"W Burnside & NW 17th, Portland, OR 97209, USA",2,84QVG8F6+
60fff30b-a1a5-4fdd-a35c-a116b7e64faf,155266697,2023-04-16 13:30:03-07:00,2023-04-16,-122.8602555556,45.5073194444,70.0,,6.1,10.6,,13.5,,1016.2,Coprinellus micaceus,"Aloha, OR, USA",1,84QVG44Q+
c204b727-9070-413f-8f9c-301845d86b5e,155087792,2023-04-15 17:25:12-07:00,2023-04-15,-122.836905,45.3876083333,45.0,,4.4,12.8,0.0,4.5,,1019.5,Coprinellus micaceus,"Tualatin River National Wildlife Refuge, Sherwood, OR, US",1,84QV95Q7+
9709288e-d63b-49ad-b6f8-5dd168635a80,154912683,2023-04-14 15:45:47-07:00,2023-04-14,-122.8417055556,45.4959055556,66.0,,0.0,15.6,0.0,4.6,,1016.4,Coprinellus micaceus,"Cooper Mountain - Aloha North, Beaverton, OR, USA",1,84QVF5W5+
29724643-271d-4077-9d2b-4d331e7c5a46,154886276,2023-04-14 15:42:07-07:00,2023-04-14,-122.6712265015,45.4378967285,89.0,,2.8,16.7,0.0,4.7,,1016.5,Coprinellus micaceus,Portland,1,84QVC8QH+
b6962b08-3b7e-4afd-818e-3733a3f195ad,154863297,2023-04-11 16:08:58-07:00,2023-04-11,-122.6757762701,45.4393612996,91.0,,6.1,12.8,1.5,15.1,,1018.5,Coprinellus micaceus,"Tryon Creek State Natural Area, Portland, OR, US",1,84QVC8QF+
75a5b2a3-3d21-4784-9256-0f485f88eaa8,154727256,2023-04-13 11:16:55-07:00,2023-04-13,-122.7297283333,45.54107,237.0,,2.8,12.8,0.0,4.1,,1018.3,Coprinellus micaceus,"Forest Park Conservancy, Portland, OR, US",1,84QVG7RC+
ff6f199a-801e-414d-b015-4b4eeea24935,154667625,2023-04-12 15:40:07-07:00,2023-04-12,-122.7246739715,45.6175818606,15.0,,2.8,11.1,,8.2,,1018.8,Coprinellus micaceus,"5300 Block N Marine, Portland, OR 97217, USA",1,84QVJ79G+
ad16c67d-3781-4d7a-aae8-b12e7694b332,154662195,2023-04-12 18:37:59-07:00,2023-04-12,-122.679895,45.44608,90.0,,2.8,11.7,5.6,10.8,,1018.2,Coprinellus micaceus,"Tryon Creek State Natural Area, Portland, OR, US",1,84QVC8WC+
1ff751c5-1877-469e-8619-23f64cb2ea61,154657216,2023-04-12 16:26:44-07:00,2023-04-12,-122.6862679722,45.5098979722,55.0,,2.8,11.7,5.6,10.8,,1018.2,Coprinellus micaceus,"1S1E04DA -07800, Portland, OR 97201, USA",1,84QVG857+
9491ee8d-c9e2-4a0f-b4fa-01d8e38a7bf0,154657165,2023-04-12 16:27:17-07:00,2023-04-12,-122.6861399722,45.509816,55.0,,2.8,11.7,5.6,10.8,,1018.2,Coprinellus micaceus,"1S1E04DA -07800, Portland, OR 97201, USA",1,84QVG857+
dbd9afe8-e8e6-47bb-8320-08f9c88edab5,154655012,2023-04-12 07:51:11-07:00,2023-04-12,-122.682674,45.511927,47.0,,2.8,11.7,5.6,10.8,,1018.2,Coprinellus micaceus,"Portland Downtown, Portland, OR, USA",1,84QVG868+
b6680550-1f08-4cbf-b4ed-f47d7a7e6cc7,154614782,2023-04-12 13:55:23-07:00,2023-04-12,-122.50626175,45.44669444,273.0,,4.4,11.1,,11.4,,1018.3,Coprinellus micaceus,"Rock Creek, Happy Valley, OR, USA",1,84QVCFWV+
b0ecf755-e1a6-41ed-99db-4276429df802,154499316,2023-04-11 17:19:02-07:00,2023-04-11,-122.7464916667,45.5892416667,46.0,,5.6,11.7,,8.8,,1019.0,Coprinellus micaceus,"N Tyler Ave, Portland, OR, US",1,84QVH7Q3+
c00293dd-0568-4bdd-acec-9f8a7e2ee33c,154362403,2023-04-10 18:19:11-07:00,2023-04-10,-122.7619272728,45.6469398657,22.0,,6.7,11.7,23.6,6.6,,1018.0,Coprinellus micaceus,"Kelley Point Park, Portland, OR, US",1,84QVJ6WQ+
f42a4945-0a32-439f-b65e-b3b6d3cd7c68,154349370,2023-04-10 16:26:20-07:00,2023-04-10,-122.7617213969,45.6486009295,24.0,,6.7,11.7,23.6,6.6,,1018.0,Coprinellus micaceus,"Kelley Point Park, Portland, OR, US",1,84QVJ6XQ+
ae5f2c52-39dc-44cb-a024-bddf9465f643,154175388,2023-04-09 13:09:01-07:00,2023-04-09,-122.8460027778,45.4982472222,62.0,,8.9,12.8,,9.9,,1018.5,Coprinellus micaceus,"Cooper Mountain - Aloha North, Beaverton, OR, USA",1,84QVF5X3+
3f1103e7-d905-4388-81d4-d0b9e936b583,153985416,2023-04-08 10:07:32-07:00,2023-04-08,-122.6239466667,45.44215,32.0,,7.8,14.4,0.0,13.7,,1016.8,Coprinellus micaceus,"SE 37th Ave, Milwaukie, OR, US",1,84QVC9RG+
16f54df7-f190-4e13-819b-4ceb61b836f8,153717999,2023-04-04 18:43:51-07:00,2023-04-04,-122.6406743937,45.5180741195,51.0,,3.9,11.1,3.0,6.8,,1021.8,Coprinellus micaceus,"Lone Fir Cemetery, Portland, OR, US",1,84QVG995+
0cceb913-2c70-4b0b-89ba-61b6aa31bdbb,153149736,2023-04-01 13:39:28-07:00,2023-04-01,-122.8197234124,45.6043360505,178.0,,3.9,10.0,,12.0,,1015.5,Coprinellus micaceus,"Linnton, Portland, OR, USA",1,84QVJ53J+
6157f83f-b783-40bf-894d-9c4a628124e9,153079275,2023-04-01 12:21:25-07:00,2023-04-01,-122.7029024,45.5355457,28.0,,5.0,11.1,2.3,16.6,,1015.7,Coprinellus micaceus,"Northwest District, Portland, OR, USA",2,84QVG7PW+
20c77001-4729-460e-8efa-f11c7c29593b,152780784,2023-03-29 16:40:39-07:00,2023-03-29,-122.6784227976,45.4419484176,78.0,,2.2,14.4,0.0,4.7,,1009.6,Coprinellus micaceus,"S Northgate Ave, Portland, OR, US",1,84QVC8RC+
ff3957d2-d2c7-4f31-866d-70ca330bc0ee,151886820,2023-03-21 18:09:09-07:00,2023-03-21,-122.7628114634,45.6480305409,14.0,,4.4,17.8,0.3,9.3,,1008.1,Coprinellus micaceus,"Kelley Point Park, Portland, OR, US",1,84QVJ6XP+
c575683a-6022-4cc3-9a6c-359c78b87cc3,151657844,2023-03-19 13:03:20-07:00,2023-03-19,-122.8436664997,45.4971694997,66.0,,6.1,12.2,,5.5,,1006.7,Coprinellus micaceus,"Cooper Mountain - Aloha North, Beaverton, OR, USA",1,84QVF5W4+
9775458f-3a48-467c-a00b-55acb734f372,149846701,2023-02-27 12:03:23-08:00,2023-02-27,-122.7306027126,45.6170999198,4.0,,2.2,5.6,,13.2,,1000.7,Coprinellus micaceus,"St. Johns, Portland, OR, US",1,84QVJ789+
7a0f7fb3-5ff3-4e5e-bfe6-830ab4c7d5d2,146726109,2023-01-16 16:08:50-08:00,2023-01-16,-122.6856006512,45.444610087,80.0,,3.9,10.6,2.3,6.1,,1008.0,Coprinellus micaceus,"SW Fourth Ave, Portland, OR, US",1,84QVC8V7+
04efe7f4-831f-4338-9d78-c75d9de0c54c,142685542,2022-11-23 08:57:57-08:00,2022-11-23,-122.7166283333,45.5321966667,92.0,,3.3,8.3,0.0,5.0,,1028.0,Coprinellus micaceus,"Macleay Park, Portland, OR, US",1,84QVG7JM+
35af7512-883d-487e-ac6d-3e4a7925c121,142556867,2022-11-21 12:02:17-08:00,2022-11-21,-122.3914504824,45.5102203772,86.0,,2.8,7.2,0.0,35.1,,1025.4,Coprinellus micaceus,"SE Cochran Rd, Troutdale, OR, US",1,84QVGJ65+
9b87e9ed-01e0-47ea-8982-cb9decb03593,140820845,2022-11-01 11:39:00-07:00,2022-11-01,-122.7201185,45.5307974,131.0,,6.1,11.7,4.3,10.4,,1007.6,Coprinellus micaceus,"Lower Macleay Trail, Portland, OR 97210, USA",1,84QVG7JH+
a9401baf-53a2-4aba-895f-fe1712436ebd,124354965,2022-07-01 16:04:05-07:00,2022-07-01,-122.7247,45.5282633333,142.0,,15.0,26.1,0.0,10.4,,1017.7,Coprinellus micaceus,"Balch Creek, Portland, OR, US",1,84QVG7HG+
dae917dc-8441-4f28-b9bb-b89162fc7770,119649760,2022-05-31 14:57:18-07:00,2022-05-31,-122.6277365656,45.5401116627,52.0,,10.6,25.6,0.0,7.6,,1019.4,Coprinellus micaceus,"Grant Park, Portland, OR, US",1,84QVG9RC+
996befad-65a0-401b-9ec9-41fec7494a29,117346983,2022-05-16 11:48:16-07:00,2022-05-16,-122.342605,45.5854916667,19.0,,11.7,17.8,,11.1,,1020.2,Coprinellus micaceus,"N L St, Washougal, WA, US",1,84QVHMP4+
f8f5fdb3-19f4-4b88-815e-7c9413345dd4,117038721,2022-05-14 13:03:42-07:00,2022-05-14,-122.8043666667,45.5413666667,132.0,,8.9,20.0,,10.7,,1017.4,Coprinellus micaceus,"The Bluffs Park, Portland, OR, US",1,84QVG5RW+
2bdc79a5-71ac-4c34-a022-90cd2dc2e266,116005719,2022-05-07 17:47:39-07:00,2022-05-07,-122.756691,45.608192,13.0,,8.3,13.3,,11.2,,1012.8,Coprinellus micaceus,"St. Johns, Portland, OR, USA",1,84QVJ65V+
e71f9b2e-ad8c-41f9-82f2-3654c77aacce,114477166,2022-03-30 16:38:48-07:00,2022-03-30,-122.624207642,45.4548316542,51.0,,7.2,15.0,0.8,10.4,,1023.6,Coprinellus micaceus,"SE Olsen St, Milwaukie, OR, US",1,84QVF93G+
c78ba168-9e6b-43f8-9448-4fd6f75d3eff,112999093,2022-04-26 10:55:50-07:00,2022-04-26,-122.623607,45.508146,49.0,,7.8,14.4,1.8,9.4,,1019.7,Coprinellus micaceus,"Richmond, Portland, OR, USA",1,84QVG95G+
0167da85-1300-47a1-9fd7-fe4f2d2032e5,112906229,2022-04-24 17:50:45-07:00,2022-04-24,-122.740975,45.5452833333,271.0,,3.9,20.6,0.0,4.3,,1021.6,Coprinellus micaceus,"Forest Park Conservancy, Portland, OR, US",1,84QVG7W5+
f20ed43b-a69a-401f-aa9a-4322c3fcfb34,111572880,2022-04-15 14:30:24-07:00,2022-04-15,-122.6803606943,45.4428171787,75.0,,1.1,13.3,0.0,5.4,,1018.2,Coprinellus micaceus,"Tryon Creek State Natural Area, Portland, OR, US",1,84QVC8V9+
b3f9eafb-f52f-4e21-b57a-8c317387b1e7,110805106,2022-04-08 18:06:34-07:00,2022-04-08,-122.6996619535,45.5059002852,198.0,,6.1,16.1,2.0,16.9,,1025.4,Coprinellus micaceus,"Marquam Nature Park, Portland, OR, US",1,84QVG842+
d409ee5c-4e33-403b-85b5-d4675ba21fe0,109886189,2022-03-29 18:06:57-07:00,2022-03-29,-122.6801942958,45.4398090904,60.0,,8.9,16.1,0.0,3.6,,1017.7,Coprinellus micaceus,"Tryon Creek State Natural Area, Portland, OR, US",1,84QVC8Q9+
12bcb579-6d8d-4af2-a412-8c2c3b649967,109621111,2022-03-26 13:43:47-07:00,2022-03-26,-122.76203,45.6462216667,22.0,,9.4,17.8,,6.1,,1013.3,Coprinellus micaceus,"Kelley Point Park, Portland, OR, US",2,84QVJ6WQ+
58b87b44-34ac-4cff-9188-4f4a839124f4,109596007,2022-03-26 15:33:00-07:00,2022-03-26,-122.5482097882,45.4274071808,157.0,,9.4,18.9,,5.5,,1013.1,Coprinellus micaceus,"Happy Valley, OR, USA",1,84QVCFG2+
fc24ba82-918f-42e2-b677-52b518f04a61,109507775,2022-03-25 18:52:54-07:00,2022-03-25,-122.763274815,45.6493619644,14.0,,6.7,16.7,0.0,3.3,,1018.1,Coprinellus micaceus,"Kelley Point Park, Portland, OR, US",1,84QVJ6XP+
352a4969-3457-4df6-b4cd-114f219fbd4f,105478866,2021-10-18 02:49:30-07:00,2021-10-18,-122.6697540283,45.4546813965,121.0,,6.1,15.6,0.0,5.0,,1014.7,Coprinellus micaceus,Portland,1,84QVF83J+
9ad74a1b-062f-40d8-9226-8c342002fa24,103817532,2021-12-21 15:27:00+00:00,2021-12-21,-122.7127748,45.5125736997,259.0,,1.1,6.7,2.5,7.9,,1018.5,Coprinellus micaceus,"Multnomah, Oregon, United States",1,84QVG77P+
5c5bf453-cc49-49c8-b29e-f1b27ce87944,103030556,2021-12-12 15:04:14-08:00,2021-12-12,-122.44552,45.4895116667,123.0,,5.6,7.8,,10.5,,1004.4,Coprinellus micaceus,"SW Florence Ct, Gresham, OR, US",1,84QVFHQ3+
bf915081-4935-4c0f-9785-3d0146508693,101430335,2021-11-18 07:06:45+00:00,2021-11-18,-122.6840206375,45.4391719517,111.0,,6.7,10.0,7.6,18.7,,1012.5,Coprinellus micaceus,"Tryon Creek State Natural Area, Portland, OR, US",1,84QVC8Q8+
d5f8ae9b-f212-4511-ba31-08d8df23484d,101358376,2021-11-17 12:32:04+00:00,2021-11-17,-122.6772699504,45.43901458,81.0,,1.7,11.7,0.0,17.3,,1023.2,Coprinellus micaceus,"Tryon Creek State Natural Area, Portland, OR, US",1,84QVC8QF+
25c154e0-b5ef-472e-bf4e-7ef429b677fc,101350065,2021-11-17 09:30:02-08:00,2021-11-17,-122.6810216667,45.4387366667,66.0,,1.7,11.7,0.0,17.3,,1023.2,Coprinellus micaceus,"Tryon Creek State Natural Area, Portland, OR, US",1,84QVC8Q9+
f42afc7b-0c79-4021-89e3-17865eae43c1,101283651,2021-11-16 13:00:16+00:00,2021-11-16,-122.6802023594,45.4480100843,97.0,,2.8,11.1,0.0,3.2,,1029.4,Coprinellus micaceus,"Tryon Creek State Natural Area, Portland, OR, US",1,84QVC8X9+
b5375249-6e44-4ae6-ba3e-d4775b1738bc,101272418,2021-11-16 09:48:23+00:00,2021-11-16,-122.6785838978,45.4419009341,78.0,,2.8,11.1,0.0,3.2,,1029.4,Coprinellus micaceus,"Tryon Creek State Natural Area, Portland, OR, US",3,84QVC8RC+
a1792f91-4153-4ddb-8aae-2a59e91a50de,101067454,2021-11-13 13:41:00-08:00,2021-11-13,-122.6782074,45.4404605,78.0,,7.8,17.2,0.0,9.0,,1024.5,Coprinellus micaceus,Tryon Creek,1,84QVC8RC+
e0d20fa5-3d38-4724-ad2a-627f87cb74a4,100984287,2021-11-12 14:47:27-08:00,2021-11-12,-122.6782073826,45.4404604017,78.0,,10.6,17.2,33.3,11.9,,1022.7,Coprinellus micaceus,"Forest Highlands, Portland, OR, USA",1,84QVC8RC+
ebf1e8e9-aa9c-4b13-aa74-a57584bde51d,98505482,2021-10-17 09:41:03-07:00,2021-10-17,-122.7852859497,45.579284668,283.0,,10.0,16.7,,6.4,,1007.1,Coprinellus micaceus,Portland,1,84QVH6H7+
a9d88e98-278d-4650-8eef-0914d64d6894,98476478,2021-10-16 09:27:10-07:00,2021-10-16,-122.420595,45.6109783333,54.0,,7.2,20.6,0.0,3.7,,1016.7,Coprinellus micaceus,"NW Lake Rd, Camas, WA, US",1,84QVJH6H+
3e9e64f0-615f-4b2d-8bc8-86a2f1c146f3,97706055,2021-10-09 10:57:23-07:00,2021-10-09,-122.6807472222,45.4421388889,75.0,,6.1,17.8,0.5,7.2,,1023.5,Coprinellus micaceus,"Forest Highlands, Portland, OR, USA",2,84QVC8R9+
2a1a08f4-5050-4c43-bcce-04aa128deeae,81732148,2021-06-04 08:39:58-07:00,2021-06-04,-122.6260466012,45.3828194469,48.0,,11.7,25.0,0.0,7.8,,1017.9,Coprinellus micaceus,"Mary S. Young Park, West Linn, OR, US",1,84QV99MF+
365fa550-a5df-44b0-9e0e-e5e8df732a19,81475741,2021-06-03 12:41:07-07:00,2021-06-03,-122.8456261754,45.5019748488,59.0,,12.8,27.8,0.0,8.3,,1014.3,Coprinellus micaceus,"Cooper Mountain - Aloha North, Beaverton, OR, USA",1,84QVG523+
16ff794c-0489-4b9d-92fd-8a09987289b8,78620340,2021-05-08 18:54:46-07:00,2021-05-08,-122.7913888889,45.4361111111,65.0,,1.1,15.0,0.0,5.4,,1028.9,Coprinellus micaceus,"Bull Mountain, Tigard, OR, USA",1,84QVC6P5+
f0038150-81be-4494-b7d8-fb02379a2ea6,77975333,2021-05-08 15:39:01-07:00,2021-05-08,-122.7174777,45.5414294,12.0,,4.4,15.6,0.0,4.6,,1028.7,Coprinellus micaceus,Portland,1,84QVG7RM+
99b8443d-6d84-4c1f-82a4-f76e5bc11f8f,77947922,2021-05-02 14:23:58-07:00,2021-05-02,-122.7002444118,45.3937587705,199.0,,9.4,17.8,0.0,4.0,,1023.0,Coprinellus micaceus,"Palisades, Lake Oswego, OR 97034, USA",2,84QV97VX+
8403c58c-7e25-4fd9-9cc1-b06c43e86a22,77122091,2021-05-01 08:27:04-07:00,2021-05-01,-122.6264378275,45.3818879739,48.0,,8.3,15.0,,6.8,,1021.3,Coprinellus micaceus,"Mary S. Young Park, West Linn, OR, US",1,84QV99JF+
3571a513-e4df-4bc7-acc3-6edd82ec8d82,76736091,2021-05-01 15:56:47-07:00,2021-05-01,-122.6255888889,45.3825833333,48.0,,8.3,15.0,,6.8,,1021.3,Coprinellus micaceus,"5845 W a St, West Linn, OR 97068, USA",1,84QV99MF+
9b079d4f-66ac-4481-8d95-624340df35c1,76635790,2021-05-02 10:41:16-07:00,2021-05-02,-122.608780581,45.5741348544,7.0,,9.4,19.4,0.0,10.8,,1022.9,Coprinellus micaceus,"97218, Portland, OR, US",1,84QVH9FR+
fdcd75e2-6886-448e-9524-3c8becba6214,76340708,2021-05-01 14:39:45-07:00,2021-05-01,-122.73215,45.5344819722,253.0,,10.6,16.7,0.3,12.5,,1020.7,Coprinellus micaceus,"Portland, OR 97210, USA",2,84QVG7M9+
1d3cc72e-1cbd-4237-b83b-5cd3d851d99b,75551064,2021-04-10 15:50:40-07:00,2021-04-10,-122.7943472222,45.5871777778,294.0,,6.1,11.1,,14.4,,1024.3,Coprinellus micaceus,"Northwest Portland, Portland, OR, USA",1,84QVH6P4+
cf1499ab-3370-4dab-94d9-26d2aa8425bb,75266164,2021-04-25 12:56:34-07:00,2021-04-25,-122.767133926,45.642895565,9.0,,9.4,15.6,0.6,8.0,,1007.7,Coprinellus micaceus,"Kelley Point Park, Portland, OR, US",1,84QVJ6VM+
26567334-0137-4779-a4bb-95f066358971,75233526,2021-04-24 13:58:22-07:00,2021-04-24,-122.7609839722,45.648901,24.0,,8.9,12.8,,7.4,,1009.6,Coprinellus micaceus,"St. Johns, Portland, OR, USA",1,84QVJ6XQ+
bc54159f-ae80-4ff8-b7c6-21a70ccbbdf7,74603678,2021-04-19 16:28:30-07:00,2021-04-19,-122.7677809722,45.643371,9.0,,7.8,22.2,0.0,9.4,,1022.3,Coprinellus micaceus,"St. Johns, Portland, OR, USA",1,84QVJ6VJ+
4fe7cda6-bac1-40f1-a1ca-b86aa9be2f37,73539026,2021-04-08 18:36:27-07:00,2021-04-08,-122.7300716667,45.5381783333,225.0,,6.1,12.8,,10.2,,1025.4,Coprinellus micaceus,"Forest Park Conservancy, Portland, OR, US",1,84QVG7Q9+
f2746e2f-ec4f-45ff-ab6f-c1ba80b9a1da,72462215,2021-03-30 10:01:04-07:00,2021-03-30,-122.5980216667,45.5107633333,103.0,,0.6,12.8,0.0,6.8,,1030.9,Coprinellus micaceus,"Mt. Tabor Park, Portland, OR, US",2,84QVGC62+
0edd5529-a9b2-4d2a-9721-b4060bcc8be8,72286524,2021-03-28 10:02:59-07:00,2021-03-28,-122.6697104972,45.4569342426,112.0,,3.9,11.1,3.8,18.4,,1020.6,Coprinellus micaceus,"River View Natural Area, Portland, OR, US",1,84QVF84J+
c557d7b7-3aa0-48da-95e6-d1f1b03bc656,68713271,2020-10-19 18:12:00-07:00,2020-10-19,-121.7887186481,44.260745951,1610.0,,,,,,,,Coprinellus micaceus,"Deschutes County, OR, USA",1,84PW7666+
d67d0593-4fa0-459c-882a-bcea0443aa2d,68053107,2021-01-13 14:23:34+00:00,2021-01-13,-122.546805,45.4309783333,102.0,,7.2,16.1,,11.0,,1026.9,Coprinellus micaceus,"SE Sunnyside Rd, Clackamas, OR, US",2,84QVCFJ3+
ea9c44e2-951b-4aa3-b4d1-1fa2356d75ae,66536533,2020-12-12 14:36:21+00:00,2020-12-12,-122.8707012489,45.5351883318,68.0,,-0.6,7.2,,8.3,,1020.4,Coprinellus micaceus,"Tanasbourne Village, Hillsboro, OR, US",1,84QVG4PH+
787b20a7-b239-4d1f-8c09-56c9bc8b6a0b,65911154,2020-11-30 14:37:19+00:00,2020-11-30,-122.7075020504,45.3523308272,188.0,,1.1,10.6,,8.9,,1025.3,Coprinellus micaceus,"SW Schaeffer Rd, West Linn, OR, US",1,84QV972R+
92494b9c-0e06-4aee-a1ca-f9204c4db769,63407386,2020-10-24 09:59:49-07:00,2020-10-24,-122.4034305556,45.6001027778,65.0,,6.7,14.4,,17.2,,1020.2,Coprinellus micaceus,"Camas, WA 98607, USA",1,84QVJH2W+
f3ed7a7d-d713-4f46-81ea-25396c58cb03,62247662,2020-10-10 13:41:12-07:00,2020-10-10,-122.7968216415,45.5961616311,217.0,,13.3,17.8,,8.3,,1008.8,Coprinellus micaceus,"Forest Park Conservancy, Portland, OR, US",1,84QVH6W3+
a2fd0254-3315-4b09-b490-1399679042e4,62069862,2020-10-06 15:21:00+00:00,2020-10-06,-122.6276696246,45.3815981169,63.0,,10.0,26.1,0.0,2.4,,1016.9,Coprinellus micaceus,"West Linn, OR, USA",1,84QV99JC+
f97766d4-bf6b-4b80-87ea-033b6499734d,61524747,2020-10-02 17:48:11-07:00,2020-10-02,-122.3906588439,45.6005196686,108.0,,11.7,27.2,0.0,1.4,,,Coprinellus micaceus,"Lacamas Regional Park, Camas, WA, US",1,84QVJJ25+
6d4c1f44-6b5f-4355-85f6-e2036655984c,50930410,2020-06-25 15:17:52-07:00,2020-06-25,-122.6712646092,45.4425170299,109.0,,15.0,28.9,0.0,13.7,,1016.4,Coprinellus micaceus,"S Northgate Ave, Portland, OR, US",1,84QVC8VH+
67abde72-138e-4d16-96fa-e3eb101f37cf,49403916,2020-06-12 20:32:25-07:00,2020-06-12,-122.67626167,45.49382833,62.0,,12.8,16.7,1.0,8.3,,1016.8,Coprinellus micaceus,"S Lowell St, Portland, OR, US",1,84QVF8VF+
dcca4f45-9b62-48d6-b298-0e456050aa90,47044101,2020-05-23 16:41:05-07:00,2020-05-23,-122.722909984,45.5121595847,240.0,,10.0,16.7,0.0,4.3,,1022.8,Coprinellus micaceus,"SW Highland Rd, Portland, OR, US",2,84QVG76G+
877f2469-03b1-455f-9d25-04451a3888ca,44447270,2020-04-17 16:01:37-07:00,2020-04-17,-122.7769916543,45.4350342539,60.0,,1.1,23.9,0.0,4.9,,1013.8,Coprinellus micaceus,"Oregon, US",1,84QVC6PF+
0c67efeb-3c93-44fd-aea0-9c8c4650407b,44006142,2020-04-25 19:33:32-07:00,2020-04-25,-122.710195072,45.608750339,11.0,,10.0,19.4,,9.1,,1019.0,Coprinellus micaceus,"St. Johns, Portland, OR, USA",1,84QVJ75Q+
dfb00f04-a689-4f48-b252-08b6e756285a,43124193,2020-04-23 11:07:08-07:00,2020-04-23,-122.7645124575,45.5688294734,202.0,,10.0,16.1,0.0,4.9,,1025.5,Coprinellus micaceus,"Forest Park, Portland, OR, US",2,84QVH69P+
d823a793-b55f-4622-a819-3aa7f4654bed,43010699,2020-04-23 17:15:38-07:00,2020-04-23,-122.786055,45.59567167,111.0,,10.0,16.1,0.0,4.9,,1025.5,Coprinellus micaceus,"Forest Park, Portland, OR, US",1,84QVH6W7+
a06fdd1d-5417-4e8e-9f71-12e169c5fb4e,39600459,2020-03-05 15:10:26-08:00,2020-03-05,-122.717625,45.529325,155.0,,2.2,15.0,0.0,10.8,,1017.8,Coprinellus micaceus,"Hillside, Portland, OR 97210, USA",2,84QVG7HJ+
626e3ad7-d631-461f-b0b7-82e86a69298e,38921730,2020-02-20 12:12:31-08:00,2020-02-20,-122.7810592651,45.5815010071,222.0,,-1.1,12.2,0.0,12.0,,1023.7,Coprinellus micaceus,"Northwest Portland, Portland, OR, USA",2,84QVH6J9+
59a0a5d8-92a6-4b70-86fa-85bc3a1f3acf,38577460,2020-02-11 13:23:23+00:00,2020-02-11,-122.8271290754,45.5624720967,123.0,,-1.1,5.0,0.0,1.2,,1028.5,Coprinellus micaceus,"Kaiser Woods Natural Area, Portland, OR, US",1,84QVH56F+
7c84f89c-148d-413d-9f13-55444df9c93f,38167621,2020-01-31 13:51:24-08:00,2020-01-31,-122.719405,45.53067833,131.0,,10.0,16.7,0.0,18.7,,1022.2,Coprinellus micaceus,"Forest Park, Portland, OR, US",1,84QVG7JJ+
526d0cc9-f58d-471d-813b-30a86ce80008,37313927,2020-01-05 13:35:10+00:00,2020-01-05,-122.6730522,45.4409977,85.0,,5.6,9.4,6.6,16.9,,1028.6,Coprinellus micaceus,"Forest Highlands, Portland, OR, USA",1,84QVC8RG+
a1f478d3-15a3-44de-8317-98de5f2761f8,36896237,2019-10-28 11:02:30-07:00,2019-10-28,-122.511557,45.488599,182.0,,-1.1,12.8,,3.1,,1023.4,Coprinellus micaceus,"Powell Butte Nature Park, Portland, Oregon",1,84QVFFQQ+
4ee58de5-cef9-430c-ac9c-b5c3cbf7d402,35730147,2019-11-15 12:45:00+00:00,2019-11-15,-122.7406893588,45.5428233788,286.0,,6.1,13.9,,6.4,,1021.2,Coprinellus micaceus,"Forest Park, Portland, OR, US",1,84QVG7V5+
c981fe21-30ca-4c31-a361-72d1d47def0e,35726607,2019-11-15 12:45:14+00:00,2019-11-15,-122.7339019775,45.540851593,275.0,,6.1,13.9,,6.4,,1021.2,Coprinellus micaceus,"Forest Park, Multnomah County, US-OR, US",1,84QVG7R8+
bbae06bc-5b13-4dc0-9a08-f39bd56e761e,34852269,2019-09-30 14:16:54-07:00,2019-09-30,-122.7709116667,45.5802333333,203.0,,3.3,15.0,0.0,6.6,,1017.7,Coprinellus micaceus,"Forest Park, Portland, OR, US",1,84QVH6JH+
99ffee18-63e4-4018-9726-b7faaa4f34c3,33669139,2019-09-30 14:16:49-07:00,2019-09-30,-122.7709283333,45.58023,203.0,,3.3,15.0,0.0,6.6,,1017.7,Coprinellus micaceus,"Forest Park, Portland, OR, US",2,84QVH6JH+
bca52058-a327-4f37-b2ab-cb395ff638c4,32990662,2019-09-18 17:28:33-07:00,2019-09-18,-122.8676916667,45.525975,61.0,,10.6,18.3,,5.4,,1010.8,Coprinellus micaceus,"NW 185th Ave, Hillsboro, OR, US",1,84QVG4GJ+
dd92fc3d-8d73-4484-89ef-b4b531709ff6,28514010,2019-07-09 06:21:34-07:00,2019-07-09,-122.7639007568,45.6489143372,14.0,,15.0,22.2,,3.2,,1015.3,Coprinellus micaceus,"St. Johns, Portland, OR, USA",1,84QVJ6XP+
c68de036-94d9-4483-b122-2ad7d05831da,28337899,2019-07-06 11:23:00-07:00,2019-07-06,-122.7835035228,45.5776290746,287.0,,14.4,18.9,1.8,3.8,,1019.9,Coprinellus micaceus,"Northwest Portland, Portland, OR, USA",1,84QVH6H8+
1070935f-e120-45a6-9de4-d7af0f74b849,25399076,2019-04-13 17:04:09-07:00,2019-04-13,-122.6578336177,45.4715419429,2.0,,6.7,11.7,3.0,11.5,,1016.5,Coprinellus micaceus,"Oaks Bottom Lake, Portland, OR, US",1,84QVF8CR+
6ca0f083-a8a1-4d04-9873-a63ed0b7b3f2,25325230,2019-05-18 09:54:08-07:00,2019-05-18,-122.3768615723,45.5514259338,13.0,,9.4,21.7,,14.2,,1007.8,Coprinellus micaceus,"Wood Village, OR 97060, USA",1,84QVHJ2F+
9846b5ff-dfe3-487a-ad1a-31c57159c29b,24636923,2019-05-05 12:52:00-07:00,2019-05-05,-122.760878865,45.6486185542,24.0,,7.8,23.9,0.0,9.0,,1011.4,Coprinellus micaceus,Kelley Point Park,2,84QVJ6XQ+
d03ae6a2-1ea2-4392-b998-52dea63c9ed8,24625163,2019-05-05 09:49:10-07:00,2019-05-05,-122.7638348134,45.6490002818,14.0,,7.8,23.9,0.0,9.0,,1011.4,Coprinellus micaceus,"Kelley Point Park, Portland, OR, US",1,84QVJ6XP+
4f07fea7-b9f0-4815-86db-622c62b4b5ac,24618077,2019-05-05 13:12:46-07:00,2019-05-05,-122.7609710693,45.6484184265,24.0,,7.8,23.9,0.0,9.0,,1011.4,Coprinellus micaceus,"8499 N Kelley Point Park Rd, Portland, OR 97203, USA",1,84QVJ6XQ+
ce67d3c5-4055-46f5-bba3-3b39744485d1,22245392,2019-04-09 09:15:34-07:00,2019-04-09,-122.6118663732,45.5401264067,64.0,,8.9,14.4,2.8,18.0,,1024.5,Coprinellus micaceus,"2446 NE 50th Ave, Portland, OR, US",1,84QVG9RQ+
53bd52f7-73d8-4235-a012-c7211e32fca0,22035393,2019-04-05 08:30:54-07:00,2019-04-05,-122.7654571533,45.6470375061,17.0,,,,,,,1008.3,Coprinellus micaceus,"Kelley Point Park, 8301-8449 N Kelley Point Park Rd, Portland, OR 97203, USA",2,84QVJ6WM+
425c97eb-72e2-40bc-be70-f2e20b1e63b1,21993203,2019-04-04 13:17:54-07:00,2019-04-04,-122.6505785343,45.5224211002,41.0,,7.8,16.1,3.0,6.8,,1013.5,Coprinellus micaceus,"14 SE 15th Ave, Portland, OR, US",2,84QVG8CX+
5b8ec8c4-c3af-4689-a09e-693932f8a2f7,20187107,2019-01-24,2019-01-24,-122.655,45.5425,54.0,,4.4,10.6,0.0,3.6,,1031.9,Coprinellus micaceus,"Portland, Multnomah Co., Oregon, USA",1,84QVG8VW+
902bd723-0411-4715-a084-c19009701c95,19518724,2019-01-01 14:20:51-08:00,2019-01-01,-122.8442191817,45.4992727655,74.0,,-3.9,6.1,0.0,0.8,,1029.8,Coprinellus micaceus,"Tualatin Hills Nature Reserve, Beaverton, OR, US",1,84QVF5X4+
1725528f-8d19-4607-be9a-f0edcf0a03cb,18316574,2018-11-10 14:01:19-08:00,2018-11-10,-122.6275453912,45.494707268,50.0,,2.8,12.2,0.0,9.4,,1027.5,Coprinellus micaceus,"3540 SE Francis St, Portland, OR, US",1,84QVF9VC+
b2877b6a-9e64-4c5a-a65a-5744b6cc21f5,18315644,2018-11-10 12:13:52-08:00,2018-11-10,-122.4980742156,45.4889805199,164.0,,3.9,11.7,0.0,3.9,,1027.2,Coprinellus micaceus,"Powell Butte Nature Park, Portland, OR, US",1,84QVFGQ2+
04e665c4-00cc-4a38-977c-c75657a533fa,13647798,2018-06-19 14:17:36-07:00,2018-06-19,-122.7186536697,45.5281369295,232.0,,14.4,32.8,0.0,7.9,,1016.4,Coprinellus micaceus,"Adams Park, Portland, OR, US",2,84QVG7HJ+
69527458-7c6e-41ef-8bae-5888573904ad,13472590,2018-06-15 10:07:38-07:00,2018-06-15,-122.7286300659,45.5259513855,178.0,,12.8,22.8,0.0,12.6,,1014.3,Coprinellus micaceus,"5000 NW Cornell Rd, Portland, OR 97210, USA",1,84QVG7GC+
a3163f31-ace7-4662-bd58-6035c609fe78,12384137,2018-05-12 09:50:35-07:00,2018-05-12,-122.374695,45.5474616667,13.0,,12.2,27.2,0.0,5.0,,1017.1,Coprinellus micaceus,"Troutdale, OR  97060, Troutdale, OR, US",1,84QVGJWG+
b8389923-9090-46bd-a5e7-fcce5cd174af,12310315,2018-05-09 17:40:16-07:00,2018-05-09,-122.5733642578,45.5420074463,67.0,,12.2,21.1,0.3,13.0,,1018.2,Coprinellus micaceus,"8700 NE Russell Pl, Portland, OR 97220, USA",2,84QVGCRG+
f6e5a376-77af-4e1e-8ed1-e32e5da7cd72,10797839,2018-04-10 08:46:19-07:00,2018-04-10,-122.730195,45.6171133333,4.0,,10.6,16.1,,11.3,,1012.5,Coprinellus micaceus,"Smith and Bybee Wetlands Natural Area, Portland, OR, US",1,84QVJ789+
5f657dfb-a669-4bce-9763-b3d742798f31,10627074,2018-04-04 17:50:00-07:00,2018-04-04,-122.6183870808,45.5085165287,56.0,,7.8,15.6,0.5,10.1,,1017.7,Coprinellus micaceus,"4238 SE Harrison St, Portland, OR, US",1,84QVG95J+
6d2eb674-44cf-4b36-9363-3d08d6752585,10517874,2018-03-30 13:15:46-07:00,2018-03-30,-122.6736869567,45.6300679025,30.0,,7.2,13.9,0.0,4.4,,1023.8,Coprinellus micaceus,"1109–1115 Columbia St, Vancouver, WA, US",1,84QVJ8JG+
bf631952-e310-43f4-afbd-56b471146861,9915611,2018-02-17 09:18:58-08:00,2018-02-17,-122.6762783333,45.4410166667,92.0,,6.1,12.8,2.0,21.6,,1013.2,Coprinellus micaceus,"Tryon Creek State Park, Portland, OR, US",2,84QVC8RF+
bfdbfb9e-692d-418a-853a-fd58149f9b30,8921111,2017-11-23 16:59:02-08:00,2017-11-23,-122.6540833333,45.5308033333,48.0,,7.8,17.2,4.6,13.3,,1014.0,Coprinellus micaceus,"Holladay Park, Portland, OR, US",2,84QVG8JW+
1abc2554-10ab-4278-9675-9068245604b9,8798939,2017-11-11 14:27:11-08:00,2017-11-11,-122.7355939187,45.5333938002,264.0,,4.4,10.6,,12.3,,1016.2,Coprinellus micaceus,"Forest Park, Portland, OR, US",1,84QVG7M7+
62bb3ddc-ee27-4a49-a6c7-450cd86e99f4,8712819,2017-11-06 09:43:00-08:00,2017-11-06,-122.6549720764,45.6169704699,10.0,,2.2,9.4,0.0,5.1,,1023.6,Coprinellus micaceus,"Columbia Way, Vancouver, WA 98661, USA",1,84QVJ88W+
b94af500-a973-4276-ad8e-6d7390c3e3a8,8674056,2017-10-15 17:57:00-07:00,2017-10-15,-122.6390133333,45.5463616667,53.0,,3.3,19.4,0.0,2.9,,1025.4,Coprinellus micaceus,"3234 NE 26th Ave, Portland, OR, US",1,84QVG9W6+
72c0a5bf-0cc9-49f5-8b02-6327334ea880,5594838,2017-04-06 17:04:47-07:00,2017-04-06,-122.800496081,45.4919003277,50.0,,7.8,16.1,,10.9,,1003.8,Coprinellus micaceus,"Beaverton Transit Ctr, Beaverton, OR, US",1,84QVF5RX+
557038f5-bebd-4d26-9d5b-c931047db536,5447697,2017-03-24 12:53:36-07:00,2017-03-24,-122.6511707148,45.5100158962,22.0,,7.8,11.7,19.6,17.3,,1013.0,Coprinellus micaceus,"Multnomah County, US-OR, US",2,84QVG86X+
c9aa3fa5-5c12-4ba8-b531-07bfdd9f6b13,4407841,2016-10-21 10:32:02-07:00,2016-10-21,-122.6129450626,45.481369844,76.0,,11.1,17.2,12.2,6.5,,,Coprinellus micaceus,"Woodstock School, Portland, OR, US",2,84QVF9JP+
9279daae-076e-4e99-94ff-0f24faff8c5a,2711948,2016-02-20 16:48:27-08:00,2016-02-20,-122.6568211243,45.6515284121,40.0,,1.7,11.1,,3.9,,1026.6,Coprinellus micaceus,"Clark County, US-WA, US",2,84QVM82V+
