uuid,inat_id,timestamp,date,lon,lat,olc,elevation,tavg,tmin,tmax,precipitation,windspeed,winddirection,presure,species,location,num_identification_agreements
a30c6bd7-fe79-4800-87cc-26447584b2d8,381212236,2026-07-13 14:19:47-07:00,2026-07-13,-122.1167829465,45.5771016715,84QVHVGM+,12.0,,10.6,30.0,0.0,2.7,,,Fomitopsis mounceae,"Zigzag Ranger Station, Corbett, OR, US",1
fe7a4c12-905d-401a-a983-0574a8f6c2a7,376095616,2026-06-27 16:45:51-07:00,2026-06-27,-121.9752859668,45.0801447936,84QW32JF+,614.0,,,,,,,,Fomitopsis mounceae,"Clackamas County, US-OR, US",1
d14d0258-e5a6-4380-a5e1-4b9a32e37a8e,375927938,2026-06-27 09:21:09-07:00,2026-06-27,-121.9150394574,45.3298656353,84QW83HM+,508.0,,12.8,17.2,7.1,5.0,,,Fomitopsis mounceae,"Rhododendron, OR 97049, USA",1
88a4fd68-1ca0-4626-894b-95a54b8f001f,374940961,2026-06-23 09:04:21-07:00,2026-06-23,-121.6274319318,45.3186973853,84QW899F+,1352.0,,12.0,33.0,0.0,1.1,,,Fomitopsis mounceae,"Teacup Lake Trail, Mount Hood Parkdale, OR, US",1
99ae7f67-9633-424a-84a0-1ec287cbe5e8,374794801,2026-06-21 12:35:23-07:00,2026-06-21,-121.75612,45.39753,84QW96XV+,1290.0,,11.0,28.0,0.0,4.1,,,Fomitopsis mounceae,"Timberline Trail, Government Camp, OR, US",1
69cb9de2-8057-490c-9e8d-eb19c9a1f9a9,374721322,2026-06-18 20:12:42-07:00,2026-06-18,-121.8150033333,45.4932533333,84QWF5VM+,1009.0,,9.0,32.0,0.0,0.4,,,Fomitopsis mounceae,"Lost Lake Rd, Mount Hood Parkdale, OR, US",1
f6857ed5-e3d8-4c16-a992-cf9b7d7ee9fb,374524311,2026-06-22 10:19:02-07:00,2026-06-22,-121.8159722222,45.4957638889,84QWF5WM+,1024.0,,11.0,32.0,0.0,1.1,,,Fomitopsis mounceae,"Cascade Locks, OR 97014, USA",1
aacba410-e117-48c9-88b3-6494115d7c08,371742959,2026-06-14 10:46:05-07:00,2026-06-14,-122.1167,45.5389333333,84QVGVQM+,800.0,,13.3,33.9,0.0,5.2,,1016.9,Fomitopsis mounceae,"Zigzag Ranger Station, Corbett, OR, US",1
a4132b71-de66-489e-8b2a-7772e9cde625,371448677,2026-06-13 15:42:09-07:00,2026-06-13,-121.75995,45.154175,84QW563R+,1031.0,,,,,,,,Fomitopsis mounceae,"Pacific Crest Trail, Government Camp, OR, US",1
295db3c6-6ec3-493d-9fcf-d0105c6a3e45,363175072,2026-04-17 13:28:58-07:00,2026-04-17,-121.9420508875,45.3048530599,84QW8335+,473.0,,5.6,16.1,0.0,1.4,,1024.4,Fomitopsis mounceae,"Clackamas County, US-OR, US",1
63582927-8e43-49b5-9034-389665e44b4d,362897651,2026-05-16 13:09:51-07:00,2026-05-16,-122.3505083333,45.2225133333,84QV6JFX+,257.0,,7.2,15.0,2.8,6.1,,,Fomitopsis mounceae,"Clear Creek, Colton, OR, US",1
d1ccf127-40bd-45fe-a43d-6ceb8075b6d7,355939595,2026-04-06 17:17:08-07:00,2026-04-06,-121.9961126614,45.3487213282,84QW82X3+,374.0,,9.4,26.1,0.1,4.0,,1016.8,Fomitopsis mounceae,"Mt Hood Village, OR, USA",1
de6eb689-9113-44c6-b607-a3eee35727e4,348865999,2026-03-09 09:58:43-07:00,2026-03-09,-122.1786042202,45.507777174,84QVGR5C+,508.0,,2.0,10.0,3.7,5.3,,1020.4,Fomitopsis mounceae,"E Donahue Rd, Corbett, OR, US",1
1ec4626f-ad3a-4351-aeca-9e3642ad5027,348851855,2026-04-10 17:14:27-07:00,2026-04-10,-122.2912644674,45.4976762722,84QVFPX5+,60.0,,7.8,22.8,0.1,2.8,,,Fomitopsis mounceae,"Multnomah County, US-OR, US",1
a4c1fbcc-1f88-4c87-80a3-cece4d7eab6b,348219165,2026-04-07 11:08:35-07:00,2026-04-07,-121.942495,45.2817966667,84QW73J5+,504.0,,7.8,16.1,0.0,2.4,,,Fomitopsis mounceae,"Salmon River National Recreation Trail, Government Camp, OR, US",1
139c96ae-11a8-4071-a90c-5d84e90fb100,346874850,2026-04-02 15:11:04-07:00,2026-04-02,-122.3184401242,45.3325697665,84QV8MMJ+,143.0,,4.4,13.3,2.7,6.4,,,Fomitopsis mounceae,"SE Eagle Fern Rd, Eagle Creek, OR, US",1
cbc17f77-3892-4efe-a6f1-abe3a1072743,344431090,2026-03-16 15:47:00-07:00,2026-03-16,-121.9440415336,45.3053220797,84QW8344+,559.0,,8.0,22.0,0.0,3.7,,1021.3,Fomitopsis mounceae,"Oregon, US",2
59967fbb-b97f-4c1a-9787-3b353a36055f,341696915,2026-03-06 08:25:00-08:00,2026-03-06,-121.9050846221,45.6848264395,84QWM3MV+,85.0,,7.0,10.0,0.3,8.8,,,Fomitopsis mounceae,"Stevenson, WA 98648, USA",1
2d5a2f4c-47a4-457f-831b-0d765807a1f0,341626177,2026-03-01 15:17:34-08:00,2026-03-01,-122.1180648804,45.5424957275,84QVGVRJ+,796.0,,5.0,16.0,0.0,13.0,,1016.4,Fomitopsis mounceae,Corbett,1
5a66a9dc-ce81-4854-846c-b0716a5b6807,341054465,2026-02-26 11:57:57-08:00,2026-02-26,-122.1918843473,44.7155919437,84PVPR85+,521.0,,,,,,,,Fomitopsis mounceae,"N Santiam Hwy, Detroit, OR, US",1
00c2b310-fead-4b79-b0c7-a92cade75c34,341016023,2026-03-02 12:12:19-08:00,2026-03-02,-122.1785394997,45.5077832997,84QVGR5C+,508.0,,7.0,17.0,0.0,10.0,,1019.3,Fomitopsis mounceae,"Corbett, OR 97019, USA",1
1a3e4a21-a7ab-49bd-93bc-069e084fe6d9,340881959,2026-03-01 15:45:19-08:00,2026-03-01,-122.2873908116,45.4903652179,84QVFPR7+,127.0,,5.0,16.0,0.0,13.0,,1016.4,Fomitopsis mounceae,"Gresham, OR, US",1
3031d7fb-99c1-4b9a-8eb9-16d0d6a505bf,339216417,2025-12-20 14:10:41-08:00,2025-12-20,-121.946067087,45.3492336635,84QW83X3+,432.0,,5.6,10.6,8.4,5.5,,1015.9,Fomitopsis mounceae,"E Alpine North Ct, Rhododendron, OR, US",2
90548ee1-777d-4425-915a-acd897181161,339216369,2026-02-09 11:07:35-08:00,2026-02-09,-122.1673967038,45.504359996,84QVGR3M+,511.0,,3.8,12.0,8.3,11.0,,1026.3,Fomitopsis mounceae,"Corbett, OR, US",3
59e0132e-74f5-4a22-abc0-acae87a00e30,339216313,2026-02-09 11:02:27-08:00,2026-02-09,-122.167449568,45.504390201,84QVGR3M+,511.0,,3.8,12.0,8.3,11.0,,1026.3,Fomitopsis mounceae,"Multnomah County, US-OR, US",2
8721dc6a-e198-4a72-8a4d-518c4d04c472,338849521,2026-02-15 17:42:52-08:00,2026-02-15,-122.0220248345,45.6281478664,84QVJXHH+,111.0,,5.0,11.0,0.5,3.7,,,Fomitopsis mounceae,"SR-14, North Bonneville, WA, US",1
dc466b87-d33d-4c33-b645-f00105b6b588,338628713,2026-02-11 11:19:53-08:00,2026-02-11,-122.1633022458,45.5036120529,84QVGR3P+,508.0,,2.3,13.6,0.0,16.7,,1017.2,Fomitopsis mounceae,"Multnomah County, US-OR, US",3
39135c1e-7c93-4f38-81fa-ac81e672a7b1,338009068,2026-02-09 11:05:36-08:00,2026-02-09,-122.1673288,45.5043768,84QVGR3M+,511.0,,3.8,12.0,8.3,11.0,,1026.3,Fomitopsis mounceae,"Corbett, OR 97019, USA",3
001f61c9-c6e7-461d-84f9-47ccdb1198d8,338008937,2026-02-09 11:01:18-08:00,2026-02-09,-122.1673585,45.5044097997,84QVGR3M+,511.0,,3.8,12.0,8.3,11.0,,1026.3,Fomitopsis mounceae,"Corbett, OR 97019, USA",3
fa0572db-db33-47c7-a72e-911fcdf6b7b5,337719219,2026-02-07 10:58:13-08:00,2026-02-07,-122.0221497864,45.6273001566,84QVJXGH+,111.0,,6.0,7.0,3.4,18.2,,1021.4,Fomitopsis mounceae,"Stevenson, WA 98648, USA",2
d8f6a0bc-dccc-4bbc-b41e-6e71d93b0e5b,337580014,2026-02-06 10:31:49-08:00,2026-02-06,-122.218109278,45.5329731212,84QVGQMJ+,264.0,,7.0,12.0,0.0,26.2,,1020.1,Fomitopsis mounceae,"Corbett, OR, US",2
a1698df7-535b-449d-acb9-8e03d81ea789,335402494,2026-01-11 12:07:46-08:00,2026-01-11,-122.0959028333,44.767175,84PVQW83+,546.0,,,,,,,,Fomitopsis mounceae,"Breitenbush Rd SE, Idanha, OR, US",1
0790e731-835a-47fd-aef9-def00e981ff8,332521859,2025-12-28 13:38:56-08:00,2025-12-28,-122.1243558997,45.5291799997,84QVGVHG+,738.0,,1.0,7.0,0.0,13.9,,1035.2,Fomitopsis mounceae,"Cascade Locks, OR 97014, USA",2
d8d8981a-7894-459e-b0f8-37b33cedee14,330617258,2025-12-13 11:42:32-08:00,2025-12-13,-122.3773077259,45.3025586907,84QV8J3F+,167.0,,6.0,13.0,0.0,4.5,,1017.0,Fomitopsis mounceae,"Milo McIver State Park, Estacada, OR, US",2
4175fd5d-4d9f-4896-ba4b-eef2e26e6867,330503728,2025-12-12 13:43:04-08:00,2025-12-12,-122.2606745363,45.4112981238,84QVCP6Q+,126.0,,9.0,16.0,0.0,2.2,,1021.5,Fomitopsis mounceae,"Sandy, OR, US",2
2141f561-335e-4d19-8aec-0948073a527f,329759368,2025-12-06 14:03:03-08:00,2025-12-06,-122.0351778333,45.3799383333,84QV9XH7+,318.0,,9.0,13.0,9.5,12.9,,1019.8,Fomitopsis mounceae,"Barlow Wayside Park, Sandy, OR, US",1
1fa879f6-9345-41d4-8b13-880716bae605,329025572,2025-11-30 11:16:11-08:00,2025-11-30,-122.2708764508,45.3898435415,84QV9PQH+,275.0,,4.0,9.0,0.0,21.7,,1024.8,Fomitopsis mounceae,"Dubarko Rd, Sandy, OR, US",1
ddd64720-a011-480c-9715-2a7ee64ed515,328856924,2025-11-29 11:39:09-08:00,2025-11-29,-121.9935083333,45.3509966667,84QW9224+,392.0,,6.0,9.0,0.1,29.3,,1021.0,Fomitopsis mounceae,"Wildwood Recreation Site, Welches, OR, US",2
26707362-f8dd-4b27-b5d4-98549d5d8b23,328604561,2025-11-27 13:26:07-08:00,2025-11-27,-121.8499472222,45.3822388889,84QW95J2+,803.0,,5.0,7.0,4.3,1.2,,1020.5,Fomitopsis mounceae,"Rhododendron, OR 97049, USA",2
a3544675-4415-4c64-98d7-f7a0f9107425,328304305,2025-11-22 13:17:00-08:00,2025-11-22,-122.1021513234,45.5694976953,84QVHV9X+,431.0,,1.0,7.0,0.0,2.6,,1022.5,Fomitopsis mounceae,"Multnomah County, OR, USA",2
e21107e4-7e25-43ab-9ad4-d791e491ccca,328141446,2025-11-24 13:21:51-08:00,2025-11-24,-122.5234922,45.1702683,84QV5FCG+,102.0,,4.0,11.0,2.7,3.3,,1028.1,Fomitopsis mounceae,"Molalla, OR 97038, USA",1
8f0fd10c-362e-4827-a307-7d19dff9fcf5,328028426,2024-07-23,2024-07-23,-122.2255742177,45.3077102485,84QV8Q5F+,370.0,,11.7,28.9,0.0,4.7,,1020.0,Fomitopsis mounceae,"Estacada, OR 97023, USA",1
fb6d8b9a-3c8f-4e23-9154-f245ead57545,327414840,2025-11-18 09:50:59-08:00,2025-11-18,-122.0956888333,44.7675866667,84PVQW93+,548.0,,,,,,,,Fomitopsis mounceae,"Breitenbush Rd SE, Lyons, OR, US",1
074c0398-a897-4194-9167-4711fb605bc9,326722265,2025-11-02 12:10:13-08:00,2025-11-02,-122.0941980277,45.5502198497,84QVHW24+,908.0,,6.0,15.0,3.3,4.1,,1026.0,Fomitopsis mounceae,"Multnomah County, US-OR, US",2
27e130d6-2ecc-41ac-a1bc-b644b54dfa70,326716487,2025-11-15 11:37:31-08:00,2025-11-15,-122.1583721667,45.5372116667,84QVGRPR+,524.0,,9.0,16.0,1.1,5.4,,1013.2,Fomitopsis mounceae,"Columbia River Gorge National Scenic Area, Corbett, OR, US",2
fb2d909a-9917-458e-aee8-9ad56a547ad2,326366123,2025-11-10 11:03:37-08:00,2025-11-10,-122.1226583333,45.5684555556,84QVHV9G+,441.0,,8.0,13.0,0.2,6.7,,1024.3,Fomitopsis mounceae,"Corbett, OR 97019, USA",2
9ecb1e73-be64-468b-a05d-458b24c84071,326265875,2025-11-12 15:43:54-08:00,2025-11-12,-121.9718234,45.3495001,84QW82XH+,415.0,,10.1,15.0,0.4,21.5,,1010.3,Fomitopsis mounceae,"Clackamas County, US-OR, US",1
8d6e92b7-01ac-492a-af84-3338edcc8b42,325778767,2025-11-09 12:35:42-08:00,2025-11-09,-122.305553,45.489879,84QVFMQV+,28.0,,11.0,14.6,0.0,31.5,,1022.2,Fomitopsis mounceae,"Gresham, OR 97080, USA",3
544af561-9706-47b4-af31-9739642db9fc,325558029,2025-11-08 11:46:20-08:00,2025-11-08,-121.994863748,45.3690920262,84QW9294+,365.0,,4.0,14.3,0.0,25.5,,1020.7,Fomitopsis mounceae,"E Barlow Trail Rd, Rhododendron, OR, US",1
cb640a6c-f9f9-4d12-863e-ea1ff98fe988,325129458,2025-11-05 12:56:20-08:00,2025-11-05,-122.1121277778,45.3697083333,84QV9V9Q+,389.0,,10.0,18.0,2.9,23.3,,1005.3,Fomitopsis mounceae,"Sandy, OR 97055, USA",1
9988da2e-bca4-4cdf-a028-4aaefdf26787,324019011,2025-10-29 17:00:05-07:00,2025-10-29,-122.1175611667,45.540795,84QVGVRJ+,800.0,,6.0,16.0,0.7,2.8,,1029.0,Fomitopsis mounceae,"Zigzag Ranger Station, Corbett, OR, US",3
907683f0-6fe1-4a3d-ac44-ccefe2169df5,323596914,2025-10-27 14:55:00-07:00,2025-10-27,-121.8563866667,45.38607,84QW94PV+,663.0,,2.0,10.0,0.2,1.6,,1026.2,Fomitopsis mounceae,"Sandy River Trail, Rhododendron, OR, US",2
4a386b07-e5e4-4dec-89af-5ac0eb951021,321979966,2025-10-19 12:42:20-07:00,2025-10-19,-122.117425,45.6131833333,84QVJV7M+,296.0,,10.0,17.0,0.5,13.6,,1017.5,Fomitopsis mounceae,"Smith Cripe Rd, Washougal, WA, US",2
b9915ffb-7713-460f-95dd-20f0633a486a,321287299,2025-10-15 15:56:10-07:00,2025-10-15,-121.4514572,45.40704643,84QWCG4X+,1171.0,,0.0,17.0,0.0,1.5,,1019.6,Fomitopsis mounceae,"Wasco County, US-OR, US",1
1f787d00-c276-4eb3-907f-5da26550ea92,321178729,2025-10-11 15:51:49-07:00,2025-10-11,-122.0354539702,44.8232386452,84PVRXF7+,767.0,,,,,,,,Fomitopsis mounceae,"Oregon, US",1
9b21bb60-cfae-4e81-8b0b-6c63c6341c27,320986845,2025-10-10 09:46:38-07:00,2025-10-10,-122.0207474921,45.6275176654,84QVJXHH+,55.0,,10.6,15.0,5.0,1.7,,,Fomitopsis mounceae,"SR-14, North Bonneville, WA, US",2
71cdb1b3-662c-4888-b93d-17e00d9739dd,320709979,2025-10-09 11:47:41-07:00,2025-10-09,-122.0185611667,45.6405616667,84QVJXRJ+,288.0,,8.9,17.2,6.7,1.4,,1013.0,Fomitopsis mounceae,"Beacon Rock State Park, Stevenson, WA, US",2
88548ef3-fc6e-4537-bbbb-4be5381aee05,320580036,2025-10-04 12:22:37-07:00,2025-10-04,-121.9672942126,44.6787593397,84PWM2HM+,738.0,,,,,,,,Fomitopsis mounceae,"Linn County, US-OR, US",2
540e4102-891e-415c-a6ab-0902cebce7b0,320271040,2025-10-11 11:55:11-07:00,2025-10-11,-121.7209722222,45.3108722222,84QW876H+,1479.0,,8.0,13.0,1.2,2.2,,,Fomitopsis mounceae,"TIMBERLINE LODGE, OR 97028, USA",1
62932479-d381-4cb0-95e9-307f67592d19,320256886,2025-10-10 15:08:24-07:00,2025-10-10,-122.0895424525,45.5295582057,84QVGWH6+,1200.0,,10.6,15.0,5.0,1.7,,,Fomitopsis mounceae,"Larch Mountain Trail, Corbett, OR, US",2
9a157e8b-e802-4833-b32e-208b68cd7af3,320087572,2025-10-05 16:14:32-07:00,2025-10-05,-122.4685123322,45.1923011703,84QV5GRJ+,176.0,,12.0,22.0,0.0,14.9,,1019.1,Fomitopsis mounceae,"Clackamas County, US-OR, US",1
808ffd08-d804-4426-953e-db1e071a37e3,319611617,2025-10-05 16:57:48-07:00,2025-10-05,-122.4632781659,45.0592459301,84QV3G5P+,360.0,,12.0,22.0,0.0,14.9,,1019.1,Fomitopsis mounceae,"Clackamas County, US-OR, US",2
653dfa51-ea70-4260-a524-37fcf245b2ae,317705058,2025-09-21 14:08:41-07:00,2025-09-21,-121.8679726078,45.5941666494,84QWH4VJ+,290.0,,13.0,20.0,0.2,6.4,,1015.3,Fomitopsis mounceae,"Hood River County, US-OR, US",1
356eb0f1-13ef-4137-ae51-31c75c9df112,317002507,2025-09-27 00:04:59-07:00,2025-09-27,-121.9869209,45.3663114,84QW9287+,379.0,,8.0,27.0,0.0,3.0,,1009.9,Fomitopsis mounceae,"Mt Hood Village, OR, USA",1
8d8564f6-5dc1-41e4-abd2-64a55e3b4410,316356982,2025-09-15 13:32:57-07:00,2025-09-15,-121.9398116667,45.300225,84QW8326+,496.0,,8.0,25.0,0.0,2.2,,1019.6,Fomitopsis mounceae,"Old Salmon River Trail, Welches, OR, US",1
f362f6ff-5408-45b7-b84c-c5b7f0ac4a15,315658176,2025-09-21 12:28:13-07:00,2025-09-21,-121.8771133333,45.2831633333,84QW74MF+,1128.0,,,,,,,,Fomitopsis mounceae,"Cool Creek Trail, Government Camp, OR, US",2
2f24594e-9e98-49dc-b280-6eb94f3a3389,315620111,2025-09-20 13:34:48-07:00,2025-09-20,-121.7952884639,45.3149906222,84QW8673+,1022.0,,11.0,27.0,0.0,5.3,,1012.9,Fomitopsis mounceae,"Mt Hood, OR 97041, USA",1
b9d4927f-bbd3-4467-bc71-b1ac8f85d581,315618767,2025-09-20 15:02:14-07:00,2025-09-20,-121.7769082917,45.3162237667,84QW868F+,1186.0,,11.0,27.0,0.0,5.3,,1012.9,Fomitopsis mounceae,"Mt Hood, OR 97041, USA",1
76585bc6-09ec-422a-86a6-f7f8e2b00ea9,315452384,2025-09-20 13:35:23-07:00,2025-09-20,-121.7955093333,45.3151931667,84QW8683+,1022.0,,11.0,27.0,0.0,5.3,,1012.9,Fomitopsis mounceae,"Clackamas County, US-OR, US",1
2e693474-7291-4bbc-9e90-a1d0d7d42f23,315427875,2025-09-20 13:09:47-07:00,2025-09-20,-121.7858076096,45.3106380938,84QW8667+,1050.0,,11.0,27.0,0.0,5.3,,1012.9,Fomitopsis mounceae,"TIMBERLINE LODGE, OR 97028, USA",1
95cd411d-2d74-4ac1-8516-fbfc5e6d389c,315329432,2025-09-20 11:05:20-07:00,2025-09-20,-122.3048166667,45.4889633333,84QVFMQW+,65.0,,11.0,27.0,0.0,4.8,,1014.3,Fomitopsis mounceae,"SE Oxbow Pkwy, Gresham, OR, US",2
a98063cf-a23d-477e-8e62-8d688c09adbe,315143505,2025-09-19 13:29:50-07:00,2025-09-19,-122.2880096389,45.4956245278,84QVFPW6+,76.0,,10.0,27.0,0.0,3.1,,1013.3,Fomitopsis mounceae,"FPW6+82V, Corbett, OR 97080, USA",1
177d6afa-c42d-41b1-bf5f-11a735837803,315112482,2025-09-19 11:07:06-07:00,2025-09-19,-122.2898095997,45.4966815,84QVFPW6+,60.0,,10.0,27.0,0.0,3.1,,1013.3,Fomitopsis mounceae,"FPW6+82V, Corbett, OR 97080, USA",1
c9c37b43-ddf7-4447-8094-6b5ba9da29e5,315111436,2025-09-19 13:14:03-07:00,2025-09-19,-122.2836833,45.4943293997,84QVFPV8+,85.0,,10.0,27.0,0.0,3.1,,1013.3,Fomitopsis mounceae,"Gresham, OR 97080, USA",1
2419bdb1-b418-4b23-89ac-bfbeed58ae62,315111337,2025-09-19 13:29:49-07:00,2025-09-19,-122.2881215,45.4955185,84QVFPW6+,76.0,,10.0,27.0,0.0,3.1,,1013.3,Fomitopsis mounceae,"FPW6+82V, Corbett, OR 97080, USA",1
0e382580-f73f-46c2-b8b5-6e1fc17296a4,311870270,2025-09-01 13:51:18-07:00,2025-09-01,-121.9429222222,45.3063277778,84QW8344+,485.0,,16.0,25.0,0.0,5.7,,1017.0,Fomitopsis mounceae,"Mt Hood Village, OR, USA",1
e4e1f2eb-195d-4ef6-9253-429ff6a0413b,310960637,2025-09-01 15:16:35-07:00,2025-09-01,-121.9406361111,45.2976333333,84QW73X5+,469.0,,16.0,25.0,0.0,5.7,,1017.0,Fomitopsis mounceae,"Welches, OR 97067, USA",2
d3515362-e79e-4ef3-8d2a-2de50e1104aa,310959300,2025-09-01 15:25:31-07:00,2025-09-01,-121.9409333333,45.2972805556,84QW73W5+,469.0,,16.0,25.0,0.0,5.7,,1017.0,Fomitopsis mounceae,"Welches, OR 97067, USA",1
b624cf50-471c-478b-9414-8431da1a33f3,310341198,2025-08-30 08:52:29-07:00,2025-08-30,-121.7158053522,45.2581028132,84QW775M+,1062.0,,12.0,30.0,0.0,2.2,,1016.9,Fomitopsis mounceae,"Clackamas County, US-OR, US",1
b6ce1a54-d142-44a9-a5d7-12e5d534a13e,310155216,2025-08-25 12:42:25-07:00,2025-08-25,-121.9174638889,45.6368111111,84QWJ3PM+,65.0,,17.0,33.7,0.0,5.5,,1012.1,Fomitopsis mounceae,"Cascade Locks, OR 97014, USA",1
bb895801-4f92-49e0-8fd4-6259fa918929,308821145,2025-08-22 07:32:57-07:00,2025-08-22,-121.9066100997,45.3208497997,84QW83CV+,544.0,,12.2,37.8,0.0,7.4,,1012.8,Fomitopsis mounceae,"Rhododendron, OR 97049, USA",2
aef24c9d-4267-4402-90f2-2d480fd6cf06,308820634,2025-08-22 07:58:07-07:00,2025-08-22,-121.906445,45.3225459,84QW83FV+,543.0,,12.2,37.8,0.0,7.4,,1012.8,Fomitopsis mounceae,"Rhododendron, OR 97049, USA",1
2525829e-607b-40d2-b917-451c07fd9af1,308741859,2025-08-22 08:08:10-07:00,2025-08-22,-121.9068297997,45.3234078997,84QW83FV+,540.0,,12.2,37.8,0.0,7.4,,1012.8,Fomitopsis mounceae,"Rhododendron, OR 97049, USA",1
b9edbfc2-a004-4182-8def-ef7ece1cf7bd,308741783,2025-08-22 08:06:45-07:00,2025-08-22,-121.9067768997,45.3233932997,84QW83FV+,540.0,,12.2,37.8,0.0,7.4,,1012.8,Fomitopsis mounceae,"Rhododendron, OR 97049, USA",1
30686f3e-a14d-4aa0-bf7d-ed6949285664,308296403,2025-08-22 08:08:16-07:00,2025-08-22,-121.9065093889,45.3233451667,84QW83FV+,540.0,,12.2,37.8,0.0,7.4,,1012.8,Fomitopsis mounceae,"Rhododendron, OR 97049, USA",1
0260187b-a07a-4bb8-a442-812df354721a,308220471,2025-08-22 08:13:22-07:00,2025-08-22,-121.9087833333,45.69017,84QWM3RR+,90.0,,13.0,36.0,0.0,6.4,,1015.5,Fomitopsis mounceae,"Skamania County, US-WA, US",1
f477911b-c27c-4cc8-bd1b-71281eaa1ba1,308113105,2025-08-21 15:44:45-07:00,2025-08-21,-121.6113209029,45.2446168567,84QW69VQ+,1084.0,,8.0,33.0,0.0,2.4,,1019.6,Fomitopsis mounceae,"Oregon, US",1
4ca8db6e-bde2-4286-aead-dc9caee004bf,307868287,2025-08-20 17:06:06-07:00,2025-08-20,-122.2836532593,45.4942970276,84QVFPV8+,85.0,,16.1,27.2,0.0,4.0,,1022.7,Fomitopsis mounceae,"Multnomah County, US-OR, US",1
d1f0b09d-09f7-4f78-9da6-10a9484e8eb1,306821560,2025-08-16 13:11:13-07:00,2025-08-16,-121.73650178,45.29307229,84QW77V7+,1164.0,,17.0,25.0,3.8,5.8,,1014.1,Fomitopsis mounceae,"TIMBERLINE LODGE, OR 97028, USA",1
7a0b0de5-305a-4850-8e89-3c83195bd5c0,306668241,2025-08-15 13:58:30-07:00,2025-08-15,-122.3103177647,45.0800069937,84QV3MJQ+,938.0,,17.8,24.4,5.0,15.6,,1013.7,Fomitopsis mounceae,"Clackamas County, US-OR, US",1
3680524a-368e-43d1-9ec4-68ae35a9d9d5,306369654,2025-08-13 17:48:36-07:00,2025-08-13,-121.8275666667,44.6296383333,84PWJ5HC+,1548.0,,,,,,,,Fomitopsis mounceae,"Hunts Cove Trail, Idanha, OR, US",2
66f5e1bf-9e4d-40ab-bc93-107974396396,305662992,2025-08-09 15:23:20-07:00,2025-08-09,-121.8378375981,45.2033601157,84QW6536+,929.0,,,,,,,,Fomitopsis mounceae,Mt Hood National Forest,2
91fdac4f-a10a-4b51-8257-ecdad5ada1fb,305395006,2025-08-10 13:57:15-07:00,2025-08-10,-121.9299666,45.2683220997,84QW739C+,547.0,,15.6,37.8,0.0,5.0,,1017.1,Fomitopsis mounceae,"Rhododendron, OR 97049, USA",2
c753216d-bf4f-4999-a811-a3da3ad36394,302859375,2025-08-01 06:37:21-07:00,2025-08-01,-121.9116001949,45.6881635913,84QWM3QQ+,100.0,,15.0,30.0,0.0,3.8,,1018.6,Fomitopsis mounceae,"Cascade Locks, OR 97014, USA",1
7478ff74-3a1e-4170-a3d3-54badc284768,299885453,2025-07-21 10:05:05-07:00,2025-07-21,-122.3764343262,45.3088874817,84QV8J5F+,96.0,,13.3,25.0,0.0,3.4,,1013.5,Fomitopsis mounceae,Eagle Creek,2
b8fc5393-54ee-4ab3-9448-a6a06ddfaf1f,299712344,2025-07-09 12:40:00-07:00,2025-07-09,-122.0816932705,45.5408076397,84QVGWR9+,906.0,,14.4,26.7,0.0,4.6,,1020.6,Fomitopsis mounceae,"Multnomah County, OR, USA",3
9f3e7965-0135-4d4f-bb72-a40929031bf4,299622149,2025-07-20 12:48:10-07:00,2025-07-20,-122.36945878,45.30641351,84QV8J4J+,95.0,,13.3,21.1,0.0,2.9,,1015.7,Fomitopsis mounceae,"Estacada, OR 97023, USA",1
8cda65b3-7223-4521-80f5-d3e13931b260,299425098,2025-07-17 15:26:37-07:00,2025-07-17,-121.8994126555,45.2685707105,84QW7492+,1020.0,,,,,,,,Fomitopsis mounceae,"Clackamas County, US-OR, US",2
090c6d96-08ba-4bf0-a6a4-7471a5f30529,298257082,2025-07-11 15:44:01-07:00,2025-07-11,-121.7671127319,45.3889045715,84QW96QM+,1293.0,,12.0,33.0,0.0,1.8,,1018.8,Fomitopsis mounceae,"Clackamas County, US-OR, US",2
6d03af65-0c6b-41de-9f28-6343fd18423b,294731084,2025-06-26 13:40:00-07:00,2025-06-26,-121.9347837629,45.2823635197,84QW73J8+,722.0,,14.4,21.1,0.5,3.8,,1016.9,Fomitopsis mounceae,"Clackamas County, OR, USA",1
00cd501c-db55-4793-b881-f033bf7cbf80,293451895,2025-06-26 10:37:00-07:00,2025-06-26,-121.8159168044,45.493173354,84QWF5VM+,1009.0,,13.0,21.0,0.0,7.8,,1015.6,Fomitopsis mounceae,"Lost Lake Resort & Campground, Mount Hood Parkdale, OR, US",1
d05df146-b2be-4bbc-8e36-5eaf800f0349,292187323,2025-06-23 13:52:43-07:00,2025-06-23,-121.7921447754,45.3062896729,84QW8645+,1045.0,,8.0,28.0,0.0,2.4,,1016.7,Fomitopsis mounceae,Government Camp,1
432bf019-53bd-42fc-a94e-e7416c64efa8,291833469,2025-06-18 15:31:58-07:00,2025-06-18,-122.0352477066,45.3799720692,84QV9XH7+,318.0,,13.9,21.8,0.0,8.9,,1018.2,Fomitopsis mounceae,"Clackamas County, US-OR, US",1
f67b012a-1daf-4f1c-aa49-cf3465b4da70,290750772,2025-06-18 10:28:32-07:00,2025-06-18,-121.6775666667,45.4573783333,84QWF84C+,941.0,,15.0,23.0,0.0,5.1,,1016.7,Fomitopsis mounceae,"Mount Hood Parkdale, OR, US",1
dcfdbdd3-ea90-4cc4-a81b-ff296a32c7fd,289400064,2025-06-13 14:45:35-07:00,2025-06-13,-121.7972361111,45.0784861111,84QW36H3+,1040.0,,,,,,,,Fomitopsis mounceae,"Clackamas County, OR, USA",1
1a2866e4-66c9-4fc9-9ef1-c11693b748d0,288596736,2025-06-07 17:33:00-07:00,2025-06-07,-121.6964450958,45.2159947372,84QW6883+,1212.0,,,,,,,,Fomitopsis mounceae,"Wasco County, OR, USA",1
74a06633-dc58-4958-ae7d-2a416623b726,288369119,2025-06-01 10:31:01-07:00,2025-06-01,-121.8170824,45.6623054,84QWM56M+,366.0,,7.0,24.0,0.0,1.8,,1021.9,Fomitopsis mounceae,"Cascade Locks, OR 97014, USA",1
a38563f3-b8e9-4c3e-bf50-3a92f3cd6220,286399757,2024-08-05 15:25:33-07:00,2024-08-05,-121.7866883333,45.38513,84QW96P7+,985.0,,16.7,32.3,0.0,12.6,,1013.0,Fomitopsis mounceae,"Ramona Falls Trail, Government Camp, OR, US",1
480ea663-fd6c-44e6-bf45-1ad4216e9ab2,284132314,2025-05-24 13:07:59-07:00,2025-05-24,-121.8789283333,45.0835583333,84QW34MC+,767.0,,,,,,,,Fomitopsis mounceae,"Mt. Hood National Forest, Estacada, OR, US",1
4323f348-118e-471e-aeee-374b5876b316,283520173,2025-05-23 10:08:34-07:00,2025-05-23,-122.1363,45.55457,84QVHV37+,695.0,,9.4,20.6,0.0,3.8,,1019.3,Fomitopsis mounceae,"Corbett, OR, US",2
f2ea5f4b-a184-45fb-8191-d409ae97f207,283256581,2025-05-22 13:45:19-07:00,2025-05-22,-121.5687633333,45.1408916667,84QW4CRJ+,977.0,,,,,,,,Fomitopsis mounceae,"Mt. Hood National Forest, Maupin, OR, US",1
c56b2445-b3d4-45e4-bb87-70c4ac0e7057,281944360,2025-05-17 11:48:05-07:00,2025-05-17,-121.742905,45.2692916667,84QW7794+,1127.0,,10.0,17.0,0.6,2.9,,1012.5,Fomitopsis mounceae,"Trillium Lake Loop, Government Camp, OR, US",1
13ccbdd9-4787-4ee4-9d9a-a51cbac0b730,281130594,2025-05-14 15:13:44-07:00,2025-05-14,-121.7571920997,45.3071966997,84QW864V+,1219.0,,9.0,16.0,0.2,6.2,,1019.0,Fomitopsis mounceae,"Government Camp, OR 97028, USA",1
0f3855e7-134b-4de0-9533-97d5bce981fd,278652972,2025-05-04 16:54:04-07:00,2025-05-04,-121.9403533333,45.27645,84QW73G5+,509.0,,2.8,18.9,0.0,4.8,,1022.9,Fomitopsis mounceae,"Zigzag Ranger Station, Government Camp, OR, US",1
e1f8f1fe-5e05-400b-8894-483dbe413856,277936261,2025-01-04 13:36:49-08:00,2025-01-04,-122.0425333333,45.38205,84QV9XJ4+,308.0,,5.6,6.7,20.9,18.7,,1017.4,Fomitopsis mounceae,"Sandy, OR, US",1
6353c183-ecba-4c0f-ab19-388dcc24f182,277936154,2025-04-24 10:20:52-07:00,2025-04-24,-122.0171055,45.4953333333,84QVFXWM+,335.0,,5.0,23.9,0.0,11.6,,1012.6,Fomitopsis mounceae,"Corbett, OR, US",1
32dfb0e3-a292-4168-817f-46a513fdf29d,277024552,2025-04-24 11:29:54-07:00,2025-04-24,-121.9063502,45.3226137997,84QW83FV+,543.0,,5.0,23.9,0.0,11.6,,1012.6,Fomitopsis mounceae,"Rhododendron, OR 97049, USA",1
dd0f8a66-8bc6-4844-89c4-6cf602dcecb2,275937571,2025-04-27 12:04:14-07:00,2025-04-27,-122.1457977222,45.5205688333,84QVGVC3+,631.0,,7.2,15.0,0.0,6.4,,1019.1,Fomitopsis mounceae,"Corbett, OR 97019, USA",1
bfab2b80-4b28-4303-b157-52720cbdadc7,275936700,2025-04-27 12:07:16-07:00,2025-04-27,-122.1454849167,45.5199851944,84QVGV93+,631.0,,7.2,15.0,0.0,6.4,,1019.1,Fomitopsis mounceae,"Corbett, OR 97019, USA",1
e282789b-a4b7-43de-bb49-8410c99bbf50,275792677,2025-04-26 15:15:55-07:00,2025-04-26,-121.8764716667,45.3797533333,84QW94HF+,601.0,,11.0,18.0,0.0,3.3,,1010.0,Fomitopsis mounceae,"Zigzag Ranger Station, Rhododendron, OR, US",1
65d665fa-848a-46cf-bd19-4a7a56521f49,275744124,2025-04-27 10:48:42-07:00,2025-04-27,-121.634705,45.6026716667,84QWJ938+,289.0,,7.0,15.0,0.0,5.0,,1016.0,Fomitopsis mounceae,"Hood River, OR, US",1
f039e449-5707-4168-9d74-0a93f9c5ad7d,275650973,2025-04-27 10:48:48-07:00,2025-04-27,-121.6347283333,45.6026716667,84QWJ938+,289.0,,7.0,15.0,0.0,5.0,,1016.0,Fomitopsis mounceae,"Hood River, OR, US",1
a5140315-9a41-4744-a787-adcf79400c61,275365349,2025-04-27 14:25:11-07:00,2025-04-27,-122.290664,45.3218808,84QV8PC5+,247.0,,7.2,15.0,0.0,6.4,,1019.1,Fomitopsis mounceae,"Estacada, OR 97023, USA",2
547ee748-1d05-48b1-b45e-6c1885e023fd,271872725,2025-04-20 16:32:20-07:00,2025-04-20,-121.879459402,45.6023978728,84QWJ42C+,243.0,,8.3,14.4,3.2,3.6,,1024.8,Fomitopsis mounceae,"Hood River County, US-OR, US",1
08612623-3439-4ea1-ace3-197cd0a36a29,271706732,2025-04-17 09:40:08-07:00,2025-04-17,-122.1466699139,45.5201444917,84QVGVC3+,618.0,,4.4,21.1,0.0,5.0,,1018.4,Fomitopsis mounceae,"Corbett, OR 97019, USA",1
53b2d65d-0148-44d4-982a-354e5360fee6,271706344,2025-04-17 10:02:34-07:00,2025-04-17,-122.1253920997,45.5296025,84QVGVHF+,708.0,,4.4,21.1,0.0,5.0,,1018.4,Fomitopsis mounceae,"Cascade Locks, OR 97014, USA",1
4266c9d1-3be1-465d-a424-76780c9aec25,271694891,2025-04-17 10:40:57-07:00,2025-04-17,-122.1258171,45.5289299,84QVGVHF+,687.0,,4.4,21.1,0.0,5.0,,1018.4,Fomitopsis mounceae,"Corbett, OR 97019, USA",1
81b2cdbc-63e9-4db2-a022-a070a0568b06,271694230,2025-04-17 11:17:36-07:00,2025-04-17,-122.1170969667,45.5401654222,84QVGVRM+,800.0,,4.4,21.1,0.0,5.0,,1018.4,Fomitopsis mounceae,"Cascade Locks, OR 97014, USA",1
5620de95-3b3a-423e-a450-0352949aa15f,271693357,2025-04-17 11:28:44-07:00,2025-04-17,-122.1172532917,45.5406587806,84QVGVRM+,800.0,,4.4,21.1,0.0,5.0,,1018.4,Fomitopsis mounceae,"Cascade Locks, OR 97014, USA",1
b7c01baa-13f0-4346-a2ad-681ae02b03e8,271056927,2025-04-17 10:05:24-07:00,2025-04-17,-122.12550805,45.52970274,84QVGVHF+,708.0,,4.4,21.1,0.0,5.0,,1018.4,Fomitopsis mounceae,"Corbett, OR 97019, USA",2
a38ae1cc-f09f-4c22-a41c-a5f02fcd7329,270344232,2025-04-13 11:40:41-07:00,2025-04-13,-122.2875966139,45.4902753278,84QVFPR6+,127.0,,1.7,18.3,0.0,12.1,,1026.3,Fomitopsis mounceae,"Gresham, OR 97080, USA",1
29fc48fc-dc3e-464e-b9af-a986d13f6468,268856405,2025-04-05 16:40:44-07:00,2025-04-05,-122.1156395,45.3965086,84QV9VWM+,397.0,,10.0,21.1,0.0,19.4,,1024.4,Fomitopsis mounceae,"E Marmot Rd, Sandy, OR, US",2
8e550137-78d2-4f04-9711-9c2243591101,268852508,2025-04-05 13:14:17-07:00,2025-04-05,-122.1147611111,45.5399277778,84QVGVQP+,827.0,,10.0,21.1,0.0,19.4,,1024.4,Fomitopsis mounceae,"Cascade Locks, OR 97014, USA",2
32d63021-018d-4763-bfb0-951b76f085ab,268852396,2025-04-05 13:03:17-07:00,2025-04-05,-122.1161888889,45.5396027778,84QVGVQM+,827.0,,10.0,21.1,0.0,19.4,,1024.4,Fomitopsis mounceae,"Cascade Locks, OR 97014, USA",1
0b4033c3-2b8b-44bb-8eb1-77b8dc565c3b,268852341,2025-04-05 13:06:14-07:00,2025-04-05,-122.1161888889,45.5396027778,84QVGVQM+,827.0,,10.0,21.1,0.0,19.4,,1024.4,Fomitopsis mounceae,"Cascade Locks, OR 97014, USA",1
0f1c39aa-ce05-4012-9132-97f257f33772,268852281,2025-04-05 13:24:54-07:00,2025-04-05,-122.1114361111,45.5399972222,84QVGVQQ+,878.0,,10.0,21.1,0.0,19.4,,1024.4,Fomitopsis mounceae,"Cascade Locks, OR 97014, USA",1
3671d0a6-b094-457e-bf80-f7caf7746fe7,268852068,2025-04-05 14:04:10-07:00,2025-04-05,-122.0997916667,45.5381083333,84QVGWQ2+,1076.0,,10.0,21.1,0.0,19.4,,1024.4,Fomitopsis mounceae,"Cascade Locks, OR 97014, USA",2
e87083e1-c9d5-4981-ac55-07c5005b384c,268850834,2025-04-05 16:12:41-07:00,2025-04-05,-122.1091916667,45.5416222222,84QVGVRR+,908.0,,10.0,21.1,0.0,19.4,,1024.4,Fomitopsis mounceae,"Cascade Locks, OR 97014, USA",1
13dc02d1-f9e8-4585-bb87-8a4a1cb3d483,267620541,2025-03-29 14:02:36-07:00,2025-03-29,-122.1330666667,45.3990333333,84QV9VX8+,255.0,,4.4,13.3,2.8,5.4,,1017.6,Fomitopsis mounceae,"Sandy, OR 97055, USA",3
fafd3ec7-7bb8-4029-a500-73179e12e6d5,266839163,2025-03-24 09:26:17-07:00,2025-03-24,-122.1183242798,45.3954811096,84QV9VWJ+,380.0,,11.7,20.0,0.6,9.6,,1022.2,Fomitopsis mounceae,Sandy,3
980c522b-1ab2-4e92-8c4b-313842d789bf,266810335,2025-03-16 16:16:05-07:00,2025-03-16,-122.0217278333,45.62733,84QVJXGH+,111.0,,4.4,9.4,,4.6,,1004.8,Fomitopsis mounceae,"Beacon Rock State Park, North Bonneville, WA, US",1
2d85d78e-6318-47dd-ae3e-b43623b49f6d,266394620,2025-03-22 09:15:38-07:00,2025-03-22,-122.00553055,45.373875,84QV9XFV+,356.0,,4.4,12.8,0.9,3.2,,1019.4,Fomitopsis mounceae,"E Relton Ln, Rhododendron, OR, US",1
9c092c1d-d83e-482e-8bf2-00e947c66fc2,265486095,2025-03-15 13:52:00-07:00,2025-03-15,-122.490075,45.0658638889,84QV3G85+,251.0,,5.6,8.3,,18.1,,,Fomitopsis mounceae,"Clackamas County, OR, USA",2
61e62ead-d5bc-4b15-944d-23fc0e7a79db,265486090,2025-03-15 13:52:00-07:00,2025-03-15,-122.4900444444,45.0658444444,84QV3G85+,251.0,,5.6,8.3,,18.1,,,Fomitopsis mounceae,"Clackamas County, OR, USA",2
4b0eacf0-be47-42fa-820d-7a288a6b4a40,265130005,2025-03-12 18:42:21-07:00,2025-03-12,-122.4000751227,45.4772261728,84QVFHGX+,137.0,,6.7,10.6,16.5,13.6,,999.2,Fomitopsis mounceae,"Oregon, US",2
0c8554c6-87f8-4c89-8ce7-8d3bfbc33000,263579680,2025-03-01 13:29:32-08:00,2025-03-01,-122.29115,45.3217194444,84QV8PC5+,247.0,,8.9,18.3,0.0,15.6,,1011.8,Fomitopsis mounceae,"Estacada, OR 97023, USA",1
d94b6153-0d41-4877-85e2-76eb618136be,263022972,2024-11-03 13:35:00-08:00,2024-11-03,-122.0878302,45.5326996,84QVGWM6+,1217.0,,10.0,14.4,,7.1,,1022.3,Fomitopsis mounceae,"Sherrard Point, Oregon 97014, USA",1
6ef284e2-13a6-4ab8-bbad-dc76be047283,260964123,2025-02-07 20:10:21-08:00,2025-02-07,-122.2774874213,45.3223136978,84QV8PCF+,277.0,,0.0,5.6,0.0,7.9,,1020.1,Fomitopsis mounceae,"Eagle Creek, OR, US",1
64a163f8-bd49-41e6-a21b-5b508bb3c331,260771378,2024-10-30 19:09:00-07:00,2024-10-30,-121.9609135,45.3281745,84QW82HQ+,407.0,,6.7,10.0,16.3,13.9,,1013.0,Fomitopsis mounceae,"E Elk Park Rd, Welches, OR, US",1
6e5659a6-6ba2-41bc-a027-d0a353dec86b,260335730,2025-02-01 14:02:30-08:00,2025-02-01,-121.8182416667,45.3126527778,84QW857J+,880.0,,1.2,6.1,2.2,14.2,,1014.8,Fomitopsis mounceae,"Rhododendron, OR 97049, USA",1
679029a1-0474-4d58-9c45-d2c06df20ea4,257899398,2025-01-08 11:53:01-08:00,2025-01-08,-121.8565218212,45.3043147207,84QW843V+,709.0,,-0.2,8.7,0.0,4.6,,1033.3,Fomitopsis mounceae,"Oregon, US",1
13ce8d06-cfea-4151-b869-90b622aad98d,257407362,2025-01-04 13:37:08-08:00,2025-01-04,-122.0423445,45.3820583333,84QV9XJ5+,308.0,,5.6,6.7,20.9,18.7,,1017.4,Fomitopsis mounceae,"Barlow Wayside Park, Sandy, OR, US",1
b1e58632-c23b-4b95-ae25-396e81476443,257285316,2025-01-03 13:25:17-08:00,2025-01-03,-122.3011333868,45.4892718885,84QVFMQX+,79.0,,5.6,7.8,18.9,29.2,,1009.4,Fomitopsis mounceae,"Multnomah County, US-OR, US",1
a7a0b2b4-f9c9-4704-b178-34f3ef43e7ff,256937348,2024-12-31 11:44:07-08:00,2024-12-31,-122.1421971667,45.60818,84QVJV55+,558.0,,3.9,6.7,,19.7,,1022.8,Fomitopsis mounceae,"Columbia River Gorge National Scenic Area, Washougal, WA, US",1
6880aba3-0e52-4dfd-8421-60c3759c37dd,256399007,2024-12-26 11:32:02-08:00,2024-12-26,-121.9584888889,45.6676944444,84QWM29R+,204.0,,0.8,8.4,31.9,12.4,,1004.3,Fomitopsis mounceae,"Stevenson, WA 98648, USA",1
e86dc97c-59cd-472f-b842-9e76dc784658,256112750,2024-12-15 12:32:21-08:00,2024-12-15,-121.9938814,45.3496365,84QW82X4+,373.0,,5.0,9.4,,12.5,,1021.5,Fomitopsis mounceae,"Mt Hood Village, OR, USA",2
a16f6968-3da0-41cf-9208-7791044bc99e,253455440,2024-09-27 17:18:48-07:00,2024-09-27,-122.0358533997,45.3837006997,84QV9XM7+,355.0,,14.4,23.9,,5.2,,1018.6,Fomitopsis mounceae,"Sandy, OR 97055, USA",1
acfc4646-8584-482c-b81c-28937f9381b9,253454306,2024-09-27 17:33:19-07:00,2024-09-27,-122.0373282,45.383881,84QV9XM7+,355.0,,14.4,23.9,,5.2,,1018.6,Fomitopsis mounceae,"Sandy, OR 97055, USA",1
8ea9bc2a-6919-4d77-8c46-b1a1f38ddb1e,253454283,2024-09-27 17:33:59-07:00,2024-09-27,-122.037159,45.3841498997,84QV9XM7+,355.0,,14.4,23.9,,5.2,,1018.6,Fomitopsis mounceae,"Sandy, OR 97055, USA",1
e96db55e-81ac-407e-8c78-b8d6ef2fae64,253453437,2024-09-27 17:43:26-07:00,2024-09-27,-122.0368165997,45.3848094,84QV9XM7+,355.0,,14.4,23.9,,5.2,,1018.6,Fomitopsis mounceae,"Sandy, OR 97055, USA",1
384caea9-fb36-40df-9de9-e1f9b8441cb9,252313906,2024-09-27 17:53:30-07:00,2024-09-27,-122.0354815997,45.3851551997,84QV9XP7+,355.0,,14.4,23.9,,5.2,,1018.6,Fomitopsis mounceae,"Sandy, OR 97055, USA",2
d4ca4648-5510-4c7e-90b4-9a4d2c9880f3,252311694,2024-09-27 18:13:12-07:00,2024-09-27,-122.0372883997,45.3851274,84QV9XP7+,355.0,,14.4,23.9,,5.2,,1018.6,Fomitopsis mounceae,"Sandy, OR 97055, USA",1
8efd5d68-548c-4c2c-818f-62159a567cd9,252309320,2024-09-27 18:35:13-07:00,2024-09-27,-122.0396748,45.3843717,84QV9XM6+,325.0,,14.4,23.9,,5.2,,1018.6,Fomitopsis mounceae,"Sandy, OR 97055, USA",1
7256509a-e83a-417a-8204-0f132459b885,251018251,2024-11-07 14:12:19-08:00,2024-11-07,-122.2871030867,45.4946708889,84QVFPV7+,98.0,,10.0,15.6,0.0,33.7,,1023.3,Fomitopsis mounceae,"FPW6+82V, Corbett, OR 97080, USA",2
768641e7-565c-468c-8457-ae0d14f82fc7,251001418,2024-11-08 13:52:55-08:00,2024-11-08,-122.0333861667,45.3794866667,84QV9XH8+,318.0,,9.4,15.6,0.0,26.4,,1020.0,Fomitopsis mounceae,"E Barlow Trail Rd, Sandy, OR, US",2
8dee2b4b-a35f-40d8-9270-1f9674f81ebc,250988918,2024-11-08 14:26:41-08:00,2024-11-08,-122.0360805,45.37947,84QV9XH7+,311.0,,9.4,15.6,0.0,26.4,,1020.0,Fomitopsis mounceae,"E Sunrae Dr, Sandy, OR, US",2
b948ac77-04e1-48df-9215-825797a67d08,250936811,2024-11-08 10:59:19-08:00,2024-11-08,-122.3159448749,45.3330209989,84QV8MMM+,145.0,,9.4,15.6,0.0,26.4,,1020.0,Fomitopsis mounceae,"Eagle Creek, OR, US",2
e4ca0489-f005-4efb-a93a-514ca3eaa3a0,250391470,2024-11-03 13:02:28-08:00,2024-11-03,-121.8564831467,45.3862406966,84QW94PV+,663.0,,6.0,11.9,0.8,13.6,,1020.8,Fomitopsis mounceae,"Clackamas County, US-OR, US",1
ef466b2c-7b1e-4aa5-bb23-3593a42f6715,250020070,2024-10-31 12:22:34-07:00,2024-10-31,-121.7235195629,45.2837783553,84QW77MG+,1147.0,,3.6,6.7,17.7,3.9,,1013.9,Fomitopsis mounceae,"Oregon, US",1
cf9a396d-341a-4f4e-9bab-41fa3e2c5e6b,249094701,2024-10-19 14:12:27-07:00,2024-10-19,-122.2902052997,45.4971601,84QVFPW5+,60.0,,12.2,22.8,,5.8,,1023.4,Fomitopsis mounceae,"FPW6+82V, Corbett, OR 97080, USA",2
4399c4d8-5cbe-490f-9c69-e60ae29334dc,249093675,2024-10-19 14:14:56-07:00,2024-10-19,-122.2901772997,45.4971086997,84QVFPW5+,60.0,,12.2,22.8,,5.8,,1023.4,Fomitopsis mounceae,"FPW6+82V, Corbett, OR 97080, USA",2
3d46f27b-8336-4cfb-84c3-1b73d086d9cf,249093354,2024-10-19 14:16:20-07:00,2024-10-19,-122.2845614,45.5164092997,84QVGP88+,158.0,,12.2,22.8,,5.8,,1023.4,Fomitopsis mounceae,"Corbett, OR 97019, USA",2
c9e3074f-4bc3-4da0-990f-142d81be0c38,249086799,2024-10-25 13:10:40-07:00,2024-10-25,-121.9062527778,45.3213666667,84QW83CV+,543.0,,10.6,16.7,,33.9,,1013.2,Fomitopsis mounceae,"Rhododendron, OR 97049, USA",2
6a98192c-dc67-41a8-b65e-bbcfd2d0a6a7,249083266,2024-10-25 13:37:00-07:00,2024-10-25,-121.9071416667,45.3216388889,84QW83CV+,543.0,,10.6,16.7,,33.9,,1013.2,Fomitopsis mounceae,"Rhododendron, OR 97049, USA",2
39f039f6-d8df-4ef2-b378-b83223dc1905,249075558,2024-10-19 14:21:10-07:00,2024-10-19,-122.2845614,45.5164092997,84QVGP88+,158.0,,12.2,22.8,,5.8,,1023.4,Fomitopsis mounceae,"Corbett, OR 97019, USA",1
3913842e-ac9d-49cd-980c-65b668f878f3,249074179,2024-10-19 14:22:52-07:00,2024-10-19,-122.2845614,45.5164092997,84QVGP88+,158.0,,12.2,22.8,,5.8,,1023.4,Fomitopsis mounceae,"Corbett, OR 97019, USA",2
9d9cb3b8-72dd-4525-9abf-a698877e9143,249004687,2024-10-19 14:42:45-07:00,2024-10-19,-122.2901772997,45.4971087997,84QVFPW5+,60.0,,12.2,22.8,,5.8,,1023.4,Fomitopsis mounceae,"FPW6+82V, Corbett, OR 97080, USA",3
520b3d77-439f-4988-b5e1-5e936ba7a953,248378083,2024-10-19 16:36:36-07:00,2024-10-19,-122.3092467997,45.4899782997,84QVFMQR+,137.0,,12.2,22.8,,5.8,,1023.4,Fomitopsis mounceae,"Gresham, OR 97080, USA",2
2d403aae-5fb3-40b3-9fb6-3f6f6e01bc7d,247497065,2024-10-14 15:26:12-07:00,2024-10-14,-121.9398333333,45.2656133333,84QW7386+,584.0,,10.6,23.9,0.0,4.4,,1019.2,Fomitopsis mounceae,"Zigzag Ranger Station, Government Camp, OR, US",1
d9f4e353-0d64-496f-934d-7dd9c7c958af,247065561,2024-10-12 16:05:42-07:00,2024-10-12,-122.2994692997,45.4881487997,84QVFPQ2+,80.0,,8.9,24.4,0.0,4.0,,1017.8,Fomitopsis mounceae,"Gresham, OR 97080, USA",1
ceedc729-4cbe-4769-ac9f-94d794401562,247064275,2024-10-12 16:21:28-07:00,2024-10-12,-122.2998345997,45.4886495,84QVFPQ2+,80.0,,8.9,24.4,0.0,4.0,,1017.8,Fomitopsis mounceae,"Gresham, OR 97080, USA",2
ab26efdf-7a15-4bfb-8112-637be4d8a28d,247063289,2024-10-12 16:29:46-07:00,2024-10-12,-122.3010503997,45.4892966,84QVFMQX+,79.0,,8.9,24.4,0.0,4.0,,1017.8,Fomitopsis mounceae,"Gresham, OR 97080, USA",2
18f28c0c-783b-427d-a639-d25aa33438e7,246748731,2024-10-09 12:03:10-07:00,2024-10-09,-121.9067890997,45.3217957997,84QW83CV+,543.0,,11.1,20.0,,4.6,,1018.8,Fomitopsis mounceae,"Rhododendron, OR 97049, USA",1
f0efa9d5-8609-4de2-8c86-f4897f4e537e,244827919,2024-09-29 13:10:36-07:00,2024-09-29,-122.0815361667,45.5409366667,84QVGWR9+,906.0,,8.9,20.0,0.0,2.7,,1024.6,Fomitopsis mounceae,"Zigzag Ranger Station, Corbett, OR, US",2
b99c528d-220c-42d4-9c1e-e21368d11d15,244603833,2024-09-28 11:43:16-07:00,2024-09-28,-121.778205,45.3052966667,84QW864C+,1132.0,,11.8,26.0,0.3,11.0,,1011.9,Fomitopsis mounceae,"Mt. Hood Park Division Recreation Area, Government Camp, OR, US",1
cbb975ed-d462-4f05-8072-666777e68f2d,244572146,2024-09-28 11:57:58-07:00,2024-09-28,-122.0762945339,45.5895113977,84QVHWQF+,102.0,,11.7,23.9,0.0,5.1,,1012.4,Fomitopsis mounceae,"Multnomah County, US-OR, Lewis and Clark National Historic Trail, US",1
ebdc3ebf-08f4-4167-bf3b-35a5fa8180f5,244555489,2024-09-28 09:38:42-07:00,2024-09-28,-122.0271101524,45.5117937777,84QVGX6F+,626.0,,11.7,23.9,0.0,5.1,,1012.4,Fomitopsis mounceae,"Zigzag Ranger Station, Corbett, OR, US",1
ee8a975d-ae67-4065-8fca-a9306892838f,244427323,2024-09-27 11:47:28-07:00,2024-09-27,-122.1099118292,45.5006458343,84QVGV2R+,740.0,,14.4,23.9,,5.2,,1018.6,Fomitopsis mounceae,"Zigzag Ranger Station, Corbett, OR, US",1
c647aff3-6561-404e-b6cc-aa15293d4b70,244365167,2024-09-23 12:29:43-07:00,2024-09-23,-121.8733366667,44.5608166667,84PWH46G+,1284.0,,,,,,,,Fomitopsis mounceae,"Willamette National Forest, Sisters, OR, US",1
71ea4fbe-691f-44f8-99be-a15f3cdeab5e,243233325,2024-09-21 10:07:04-07:00,2024-09-21,-121.8985961,45.3151707,84QW8482+,580.0,,8.3,25.6,0.0,3.1,,1020.8,Fomitopsis mounceae,"Rhododendron, OR 97049, USA",1
3cbde60e-a37e-44d1-98d3-e0e9a18debc5,243231313,2024-09-21 10:31:59-07:00,2024-09-21,-121.8990768,45.3148063,84QW8472+,580.0,,8.3,25.6,0.0,3.1,,1020.8,Fomitopsis mounceae,"Rhododendron, OR 97049, USA",1
730d3f03-220b-467d-bd15-28be7316cc90,243228488,2024-09-21 10:54:33-07:00,2024-09-21,-121.9002427,45.3157634,84QW838X+,562.0,,8.3,25.6,0.0,3.1,,1020.8,Fomitopsis mounceae,"Rhododendron, OR 97049, USA",1
c23515cb-0711-46ac-868c-7be71883709d,243016454,2024-09-18 11:54:24-07:00,2024-09-18,-121.7059739722,45.3165189722,84QW878V+,1600.0,,13.5,21.8,0.0,13.5,,1013.5,Fomitopsis mounceae,"MT HOOD PRKDL, OR 97041, USA",1
70be285e-526f-443d-a24e-22c872517142,240454499,2024-09-07 16:45:11-07:00,2024-09-07,-121.9363716667,45.3451283333,84QW83W7+,463.0,,21.1,30.0,0.0,3.1,,1010.9,Fomitopsis mounceae,"E Arthur Hailey Rd, Rhododendron, OR, US",4
34ca9727-71bb-4641-9533-13ceea866a18,239701121,2024-09-03 11:48:25-07:00,2024-09-03,-121.922395,45.2651133333,84QW738H+,567.0,,17.8,24.4,,2.9,,1020.4,Fomitopsis mounceae,"Zigzag Ranger Station, Government Camp, OR, US",1
9f7c52ee-6f06-4535-b174-33f6c7121c93,239700740,2024-09-03 12:00:49-07:00,2024-09-03,-121.9211716667,45.2633866667,84QW737H+,555.0,,17.8,24.4,,2.9,,1020.4,Fomitopsis mounceae,"Zigzag Ranger Station, Welches, OR, US",1
1709580f-30f2-4100-9511-07bb71d9d953,239474673,2024-08-31 14:32:00-07:00,2024-08-31,-122.2264164,45.3114500178,84QV8Q6F+,411.0,,15.0,37.2,,2.8,,1013.5,Fomitopsis mounceae,"Clackamas County, US-OR, US",2
fcf3fc77-13df-4e6f-8fa6-8aa052cc1ff9,239106380,2024-08-30 10:48:29-07:00,2024-08-30,-121.9953139997,45.3484170997,84QW82X3+,373.0,,17.2,35.0,0.0,4.7,,1016.0,Fomitopsis mounceae,"Welches, OR 97067, USA",1
59d95bd7-6cb8-429d-84de-681c6ac7f230,239106157,2024-08-30 10:50:15-07:00,2024-08-30,-121.9950948997,45.3484705997,84QW82X3+,373.0,,17.2,35.0,0.0,4.7,,1016.0,Fomitopsis mounceae,"Welches, OR 97067, USA",1
4fe1bd5f-bdcc-488e-8020-1c9552eab5fc,238286465,2024-08-04 14:08:00-07:00,2024-08-04,-121.9411906305,45.3041260217,84QW8335+,472.0,,14.4,34.4,0.0,5.1,,1013.3,Fomitopsis mounceae,"Clackamas County, OR, USA",1
efc32a85-3857-43c3-8f37-e7f2c9b94607,237960259,2024-08-25 13:43:43-07:00,2024-08-25,-121.9914016876,45.3504970196,84QW9225+,397.0,,12.8,26.1,0.0,3.2,,1023.2,Fomitopsis mounceae,"Wildwood Recreation Site, Welches, OR, US",1
27760b53-5cbc-43f9-b6aa-59ce45d0572d,237783866,2024-08-23 08:43:26-07:00,2024-08-23,-122.2932686,45.4963297997,84QVFPW4+,45.0,,13.9,20.0,,7.0,,1010.6,Fomitopsis mounceae,"FPW6+82V, Corbett, OR 97080, USA",1
8582d3c7-da94-4c9c-a619-5c1caa43a3c7,237783747,2024-08-23 08:55:17-07:00,2024-08-23,-122.2944851,45.4936275,84QVFPV4+,50.0,,13.9,20.0,,7.0,,1010.6,Fomitopsis mounceae,"Gresham, OR 97080, USA",1
191163a5-f1aa-419a-acba-8534d52003cd,237002864,2024-08-17 17:31:00-07:00,2024-08-17,-121.5773694444,45.4042694444,84QWCC3F+,1015.0,,13.1,32.8,2.6,10.3,,1009.5,Fomitopsis mounceae,"Hood River County, OR, USA",1
2dd95761-6d0e-4203-8acc-6270add2a57d,236802877,2024-08-19 15:01:20-07:00,2024-08-19,-121.7291638889,45.2757166667,84QW77GC+,1132.0,,13.5,23.8,0.0,11.1,,1017.0,Fomitopsis mounceae,"TIMBRLINE LDG, OR 97028, USA",1
2223a23e-963c-47df-b639-2ffd419a807f,234804137,2024-08-09 10:33:48-07:00,2024-08-09,-121.9394087,45.3418575997,84QW83R6+,455.0,,17.8,29.4,0.0,1.6,,1013.5,Fomitopsis mounceae,"Welches, OR 97067, USA",3
90071cbb-40c4-4a97-830f-d1d6de90e30a,233738990,2024-08-03 14:36:34-07:00,2024-08-03,-121.7665661966,45.144985509,84QW46VM+,996.0,,,,,,,,Fomitopsis mounceae,"Clackamas County, US-OR, US",1
31c04739-ef3a-46fc-846c-1585fd0bb80a,232798580,2024-03-16 11:56:47-07:00,2024-03-16,-122.0927416667,45.567895,84QVHW94+,515.0,,12.2,23.3,0.0,24.6,,1016.6,Fomitopsis mounceae,"Zigzag Ranger Station, Corbett, OR, US",2
276494e3-6aec-4173-89eb-5b10cc36a1b7,232208821,2024-07-27 17:02:23-07:00,2024-07-27,-121.9367,45.2715111111,84QW73C7+,554.0,,12.2,27.8,0.0,5.5,,1011.7,Fomitopsis mounceae,"Rhododendron, OR 97049, USA",2
d540b198-cb63-46d3-b307-e16ce4fa605c,230207537,2024-07-16 15:24:35-07:00,2024-07-16,-121.9738722222,45.3410055556,84QW82RG+,411.0,,15.6,36.7,0.0,5.0,,1013.0,Fomitopsis mounceae,"Mt Hood Village, OR, USA",2
07821b5d-5d7b-4f92-aeca-ec9788062750,230206770,2024-07-16 15:31:46-07:00,2024-07-16,-121.9735305556,45.3414888889,84QW82RG+,411.0,,15.6,36.7,0.0,5.0,,1013.0,Fomitopsis mounceae,"Welches, Mt Hood Village, OR 97067, USA",1
19ae9c4c-de69-438c-af34-893c61dfddaa,229991076,2024-05-16 09:37:27-07:00,2024-05-16,-121.9054195127,45.3220832277,84QW83CV+,556.0,,12.8,23.3,,5.4,,1016.1,Fomitopsis mounceae,"Clackamas County, US-OR, US",3
f3bfcd44-a27d-4203-a509-21cfa28c3589,227823091,2024-07-05 08:53:46-07:00,2024-07-05,-121.9227366667,45.0852583333,84QW33PG+,721.0,,,,,,,,Fomitopsis mounceae,"Mt. Hood National Forest, Estacada, OR, US",1
45c58a16-1b6f-4195-9a09-e3e5f1d88c74,223243007,2024-06-14 16:41:27-07:00,2024-06-14,-122.0708,45.0222861667,84QV2WCH+,475.0,,,,,,,,Fomitopsis mounceae,"Mt. Hood National Forest, Estacada, OR, US",1
d145353e-6d27-47d4-a612-75a19f6fa5e9,222943437,2024-06-15 11:41:04-07:00,2024-06-15,-122.48473024,45.07037704,84QV3GC8+,284.0,,10.0,17.2,,11.7,,1021.3,Fomitopsis mounceae,"Clackamas County, US-OR, US",2
f0cb8b14-2d1c-4611-a3be-0b771ba48285,221633848,2024-06-08 14:03:40-07:00,2024-06-08,-121.5317083333,45.2304388889,84QW6FJ9+,1405.0,,12.3,27.9,0.0,8.6,,1011.3,Fomitopsis mounceae,"Maupin, OR 97037, USA",1
d9becdee-a3b0-4bff-9384-f5cae66c36b2,220135352,2024-06-01 11:18:47-07:00,2024-06-01,-121.867675,45.303275,84QW843J+,684.0,,10.8,21.8,0.0,13.6,,1012.7,Fomitopsis mounceae,"Mt. Hood Park Division Recreation Area, Government Camp, OR, US",2
3b5e2850-6444-43ac-9d6b-ea87bdacdb13,220059349,2024-04-21 07:30:00-07:00,2024-04-21,-122.0385484064,45.2217475217,84QV6XC6+,1328.0,,4.4,16.7,0.0,4.9,,1027.9,Fomitopsis mounceae,"Mt. Hood National Forest, Government Camp, OR, US",3
225cb009-f948-4155-b09d-b09b75053d21,219188028,2024-05-18 11:04:00-07:00,2024-05-18,-121.7917934448,45.6762539634,84QWM6G5+,771.0,,5.5,15.7,0.1,16.6,,1018.0,Fomitopsis mounceae,"Oregon, Lewis and Clark National Historic Trail, US",2
2790c73a-8bfc-4971-ae74-f03cef19b923,217207191,2024-05-20 18:33:21-07:00,2024-05-20,-122.4473352358,45.2047291123,84QV6H33+,306.0,,5.0,19.4,0.0,4.9,,1025.1,Fomitopsis mounceae,"Beavercreek, OR 97004, USA",1
fbce3260-5170-4beb-96df-a29d29e3296c,216989217,2024-05-19 11:55:31-07:00,2024-05-19,-121.6405816036,45.6458104217,84QWJ9W5+,694.0,,6.8,16.2,0.6,17.0,,1022.1,Fomitopsis mounceae,"Washington, US",1
cd330ea9-1c74-4932-a28a-7f1f4a239324,216360940,2024-05-16 09:51:24-07:00,2024-05-16,-121.9064866667,45.3225866667,84QW83FV+,543.0,,12.8,23.3,,5.4,,1016.1,Fomitopsis mounceae,"Clackamas County, US-OR, US",2
5925ab24-a1ef-46ff-9198-73468c40dede,216225548,2024-05-16 09:36:04-07:00,2024-05-16,-121.9063116667,45.3220716667,84QW83CV+,543.0,,12.8,23.3,,5.4,,1016.1,Fomitopsis mounceae,"Clackamas County, US-OR, US",2
cd9e3801-2917-495e-8a8d-c7c77a95ad4d,216155925,2024-05-16 09:37:36-07:00,2024-05-16,-121.90645364,45.32221115,84QW83CV+,543.0,,12.8,23.3,,5.4,,1016.1,Fomitopsis mounceae,"Clackamas County, US-OR, US",3
37fbd48f-705f-478a-8132-25f70e1489b3,214540507,2024-05-08 16:52:54-07:00,2024-05-08,-122.1170833333,45.5467694444,84QVGVWM+,763.0,,4.4,21.7,0.0,6.6,,1028.0,Fomitopsis mounceae,"Cascade Locks, OR 97014, USA",1
6a2e94ee-b534-4c5e-a380-3dddc3a2318d,214539768,2024-05-08 16:41:18-07:00,2024-05-08,-122.1176222222,45.5421111111,84QVGVRJ+,796.0,,4.4,21.7,0.0,6.6,,1028.0,Fomitopsis mounceae,"Cascade Locks, OR 97014, USA",1
c594fb05-c853-4467-b171-fbfb68671176,214539527,2024-05-08 16:34:26-07:00,2024-05-08,-122.1171916667,45.5408027778,84QVGVRM+,800.0,,4.4,21.7,0.0,6.6,,1028.0,Fomitopsis mounceae,"Cascade Locks, OR 97014, USA",1
ce0bf540-efc3-44b7-88fc-e2ff47caa95a,213054647,2024-05-02 11:02:08-07:00,2024-05-02,-122.12489437,45.5294789,84QVGVHG+,738.0,,6.1,17.8,8.8,8.6,,1016.8,Fomitopsis mounceae,"Multnomah County, US-OR, US",1
158c740b-2d87-4eae-8d82-34336acf8b8a,208647681,2024-04-21 16:10:15-07:00,2024-04-21,-122.2191027778,45.5491916667,84QVGQXJ+,42.0,,4.4,16.7,0.0,4.9,,1027.9,Fomitopsis mounceae,"Corbett, OR 97019, USA",1
4215f159-bb11-4441-996d-bf30645a69e8,207310035,2024-04-14 15:48:14-07:00,2024-04-14,-121.8342722222,45.3877138889,84QW95Q8+,743.0,,8.2,18.4,0.0,16.9,,1013.3,Fomitopsis mounceae,"Rhododendron, OR 97049, USA",1
a7f6f556-1793-4286-95ef-c5293859ec3e,207112723,2024-04-13 14:18:13-07:00,2024-04-13,-121.93968,45.27583,84QW73G6+,509.0,,8.9,19.4,0.0,6.2,,1011.0,Fomitopsis mounceae,"Zigzag Ranger Station, Welches, OR, US",1
86f44d14-fb35-40fa-bd9f-ce7edcb7ed5e,207068760,2024-04-13 10:41:42-07:00,2024-04-13,-122.2970883333,45.488075,84QVFPQ3+,78.0,,8.9,19.4,0.0,6.2,,1011.0,Fomitopsis mounceae,"Oxbow Regional Park, Gresham, OR, US",2
c3d5f27c-0490-49ea-ab5d-4972ab6ddbf7,205605464,2023-10-30 19:48:00-07:00,2023-10-30,-122.0167482,45.3762302,84QV9XGM+,356.0,,6.1,13.3,0.0,32.6,,1025.6,Fomitopsis mounceae,"E Rufus Ridge Ln, Brightwood, OR, US",2
51686ff0-d2de-45c1-9089-369c9c4a1183,205190166,2024-03-29 15:18:33-07:00,2024-03-29,-121.9398033333,45.3002866667,84QW8326+,496.0,,6.1,17.8,,10.9,,1010.7,Fomitopsis mounceae,"Zigzag Ranger Station, Welches, OR, US",2
0366c016-5738-4b88-b9b3-8426942e2b83,203747387,2024-03-22 17:48:47-07:00,2024-03-22,-121.9692783333,45.3342083333,84QW82MJ+,415.0,,10.6,17.2,,11.9,,1010.0,Fomitopsis mounceae,"E Crystal Creek Rd, Welches, OR, US",1
eae5d0b0-07e4-44a9-95f4-39036d68f74c,201745915,2024-03-06 10:33:25-08:00,2024-03-06,-122.2847629997,45.2103771,84QV6P68+,440.0,,-2.8,8.9,0.0,4.4,,1019.2,Fomitopsis mounceae,"Estacada, OR 97023, USA",1
5847bb33-12dc-4284-adb9-916e331499d5,197953162,2023-09-02 13:28:00-07:00,2023-09-02,-121.944177,45.347368,84QW83W4+,446.0,,15.6,32.2,0.0,4.8,,1011.9,Fomitopsis mounceae,"Welches, oregon",2
c868ab35-e777-4de1-9ded-9a3e97ba9369,197919183,2023-08-03 14:45:59-07:00,2023-08-03,-121.7372286111,45.2091536111,84QW6757+,1217.0,,,,,,,,Fomitopsis mounceae,"TIMBRLINE LDG, OR 97028, USA",1
af6c9cb4-e074-4aec-8e7d-6e33bb822658,195767442,2023-10-13 12:08:30-07:00,2023-10-13,-121.9761733178,45.2521991748,84QW722F+,842.0,,13.9,19.4,,21.3,,1010.0,Fomitopsis mounceae,"Zigzag Ranger Station, Government Camp, OR, US",1
3dd62a19-2c2a-4903-9435-4e76b27500f0,194784291,2023-12-24 14:05:07-08:00,2023-12-24,-122.2847862997,45.2102381997,84QV6P68+,440.0,,-0.6,6.7,,5.8,,1021.8,Fomitopsis mounceae,"Estacada, OR 97023, USA",1
50c48c32-eb75-496c-a029-a2ee17a2965d,190943517,2023-11-05 14:08:35-08:00,2023-11-05,-122.0167482,45.3762302,84QV9XGM+,356.0,,8.3,16.1,,8.2,,1010.3,Fomitopsis mounceae,"E Rufus Ridge Ln, Brightwood, OR, US",1
46210fd0-2336-4d7c-8112-dd22900a7a49,190939844,2023-11-13 11:40:30-08:00,2023-11-13,-121.9609135,45.3281745,84QW82HQ+,407.0,,5.6,13.9,,1.5,,1016.7,Fomitopsis mounceae,"E Elk Park Rd, Welches, OR, US",2
2a67c3e3-245c-4047-bf11-9923c239cdea,190819403,2023-11-11 14:43:00-08:00,2023-11-11,-122.0876728599,45.5318171188,84QVGWJ6+,1217.0,,8.9,13.9,,16.5,,1018.3,Fomitopsis mounceae,"Zigzag Ranger Station, Corbett, OR, US",2
6ed7fcad-748c-49f9-a03a-9a3fbe46478a,190815092,2023-11-11 11:37:21-08:00,2023-11-11,-121.83622,45.3116533333,84QW8567+,789.0,,6.3,11.5,5.5,13.5,,1017.7,Fomitopsis mounceae,"Mt. Hood Park Division Recreation Area, Government Camp, OR, US",1
e86aff23-f771-48d4-905e-3d2b05d5a3f1,190454551,2023-11-08 15:11:47-08:00,2023-11-08,-121.9710472222,45.3381555556,84QW82QH+,395.0,,5.6,13.9,0.0,1.6,,1029.5,Fomitopsis mounceae,"Welches, Mt Hood Village, OR 97067, USA",1
d1eacbfe-d6f6-4d4b-a270-274406b37177,190011505,2023-11-03 11:02:00-07:00,2023-11-03,-121.579925,45.1432,84QW4CVC+,961.0,,,,,,,,Fomitopsis mounceae,"Mt. Hood National Forest, Maupin, OR, US",1
8ec1d98d-695a-4396-954c-5748b3bdbdbb,189518471,2023-10-22 13:41:16-07:00,2023-10-22,-122.1195055,45.5625883333,84QVHV7J+,611.0,,12.8,17.2,0.0,1.4,,1011.6,Fomitopsis mounceae,"Zigzag Ranger Station, Corbett, OR, US",2
f61c9ad2-8b0d-41a1-a524-2c481232cd49,187709808,2023-10-15 15:42:53-07:00,2023-10-15,-122.0430528333,45.3825916667,84QV9XM4+,308.0,,14.4,22.2,,16.8,,1017.9,Fomitopsis mounceae,"Barlow Wayside Park, Sandy, OR, US",1
12a7fe60-a9d0-4ecd-8667-618d35522e55,186960871,2023-10-06 14:13:54-07:00,2023-10-06,-121.7822102922,45.4951558333,84QWF6W9+,1094.0,,10.5,23.6,0.0,10.5,,1023.1,Fomitopsis mounceae,"Mt. Hood National Forest, Mount Hood Parkdale, OR, US",1
4d98ab40-f545-4426-bcd9-155eb8b44256,186498530,2023-10-06 14:14:01-07:00,2023-10-06,-121.9758788579,45.3203929501,84QW82CF+,853.0,,20.6,27.8,0.0,28.0,,1018.3,Fomitopsis mounceae,"Zigzag Ranger Station, Welches, OR, US",2
d9a63d92-4f4c-42dc-b4e6-8d263deee271,186232188,2023-09-03 08:44:59-07:00,2023-09-03,-122.0575166667,44.9711033333,84PVXWCR+,550.0,,,,,,,,Fomitopsis mounceae,"Mt. Hood National Forest, Estacada, OR, US",1
162bc3df-45e7-496e-95c5-a512d9eb7c55,186211955,2023-10-02 10:16:05-07:00,2023-10-02,-121.8298633333,45.5250083333,84QWG5GC+,670.0,,9.7,15.0,5.4,10.7,,1017.0,Fomitopsis mounceae,"Hood River County, US-OR, US",1
df12788a-6db6-475b-ba83-a926bf2c44a9,184729432,2023-09-23 15:43:09-07:00,2023-09-23,-122.2974083333,45.4879283333,84QVFPQ3+,78.0,,13.3,21.1,,5.3,,1015.3,Fomitopsis mounceae,"Oxbow Regional Park, Gresham, OR, US",2
b92a85b6-56e5-430f-8ac9-7d4723b0864c,182723222,2023-09-05,2023-09-05,-121.7774,45.4177,84QWC69F+,1092.0,,11.6,22.4,0.0,12.5,,1015.0,Fomitopsis mounceae,"McGee Creek Trail No. 627, Hood River Ranger District, Mount Hood National Forest, Hood River Co., Oregon, USA",1
3e89c127-b478-450c-9455-8f89e34a39cd,182379847,2023-09-08 11:14:16-07:00,2023-09-08,-122.3061450943,45.5011429784,84QVGM2V+,48.0,,12.2,26.7,0.0,4.8,,1018.8,Fomitopsis mounceae,"Gresham, OR 97080, USA",1
65d64d31-8e1d-408f-b4ba-c290ca623810,181748209,2023-09-03 15:42:32-07:00,2023-09-03,-122.493295,45.0549666667,84QV3G34+,279.0,,15.0,21.7,0.3,10.5,,1016.4,Fomitopsis mounceae,"Molalla, OR, US",1
8e41406d-b3f1-4359-b923-c4448615e427,179705892,2023-08-19 19:09:16-07:00,2023-08-19,-121.6173033333,45.341305,84QW89RM+,1627.0,,11.6,31.7,0.0,8.2,,1012.0,Fomitopsis mounceae,"Mt. Hood Park Division Recreation Area, Mount Hood Parkdale, OR, US",1
29068569-c8ed-4853-bce2-dc8a28867b36,179624310,2023-08-21 17:42:53-07:00,2023-08-21,-122.1338055,45.3987533333,84QV9VX8+,247.0,,14.4,28.3,0.0,5.7,,1010.6,Fomitopsis mounceae,"Sandy, OR, US",1
eced1cc4-fe19-4122-b09c-a988f9319a48,179624246,2023-08-21 17:41:33-07:00,2023-08-21,-122.1330416667,45.3987616667,84QV9VX8+,255.0,,14.4,28.3,0.0,5.7,,1010.6,Fomitopsis mounceae,"Sandy, OR, US",1
da132c71-7840-4efa-a9b2-c56f748b8c69,179561690,2023-07-29 13:21:00-07:00,2023-07-29,-121.9404444444,45.3025277778,84QW8335+,472.0,,15.6,28.3,0.0,6.3,,1018.8,Fomitopsis mounceae,"Clackamas County, OR, USA",1
0ad8f938-a18e-4b17-aab1-02cbf5a7323e,177620879,2023-08-06 14:31:00-07:00,2023-08-06,-121.7919722222,45.313425,84QW8675+,1001.0,,17.9,28.0,0.0,14.6,,1020.2,Fomitopsis mounceae,"Clackamas County, OR, USA",1
97bee293-a2e2-48b9-811a-f785d1153828,176626423,2023-08-03 12:51:04-07:00,2023-08-03,-121.7545783333,45.1443361667,84QW46VW+,1003.0,,,,,,,,Fomitopsis mounceae,"Zigzag Ranger Station, Estacada, OR, US",1
d2582327-a8fe-4cf6-8288-796811e604b6,176485574,2023-08-03 09:42:16-07:00,2023-08-03,-121.8432113005,44.6476373889,84PWJ5X4+,1219.0,,,,,,,,Fomitopsis mounceae,"Willamette National Forest, Idanha, OR, US",1
031c7924-4543-4e38-a665-9512b40e748f,175884810,2023-07-30 14:23:43-07:00,2023-07-30,-121.6198836979,45.3231441736,84QW89FJ+,1329.0,,12.8,27.9,0.0,14.4,,1018.1,Fomitopsis mounceae,"Mt. Hood Park Division Recreation Area, Mount Hood Parkdale, OR, US",1
f9468cd9-8da3-46a7-98cd-bee90f18eccf,174987381,2023-07-24 13:52:00-07:00,2023-07-24,-121.5699694444,45.339275,84QW8CQJ+,1132.0,,14.1,25.1,0.0,15.9,,1016.2,Fomitopsis mounceae,"Hood River County, OR, USA",1
81b8f79d-64ef-4f54-a913-b10b2526d210,174894886,2023-07-24 15:09:00-07:00,2023-07-24,-122.3054111111,45.4898277778,84QVFMQV+,28.0,,14.4,25.6,,7.2,,1017.5,Fomitopsis mounceae,"Multnomah County, OR, USA",1
3adc0552-e3fc-4531-82c5-9f9616aa7d77,173687940,2023-07-18 13:56:23-07:00,2023-07-18,-122.1331483,45.3991394,84QV9VX8+,255.0,,12.8,32.2,0.0,5.9,,1017.9,Fomitopsis mounceae,"Sandy, OR 97055, USA",1
d8dcb631-2446-402a-a103-8d40df718259,172071703,2023-07-09 12:38:55-07:00,2023-07-09,-121.9382890967,45.2734641172,84QW73F6+,535.0,,14.4,28.9,0.0,5.2,,1012.9,Fomitopsis mounceae,"Clackamas County, US-OR, US",1
fc1cf725-7e94-4cd4-b219-de9c639992d6,170575595,2023-05-22 16:48:33-07:00,2023-05-22,-121.9414966667,45.2930033333,84QW73V5+,485.0,,11.1,18.3,,7.1,,1023.8,Fomitopsis mounceae,"Zigzag Ranger Station, Welches, OR, US",1
69859579-1e40-4bf8-8bec-705c789f9fb2,169830649,2023-06-23 11:46:00-07:00,2023-06-23,-121.7892616667,45.6187366667,84QWJ696+,923.0,,12.7,27.1,0.0,10.4,,1012.8,Fomitopsis mounceae,"Mt. Hood National Forest, Cascade Locks, OR, US",1
565043b5-240a-4f6f-9462-897b8ad3c42a,169663036,2023-06-19 16:17:21-07:00,2023-06-19,-121.8518027778,45.5781305556,84QWH4HX+,441.0,,7.9,15.3,0.2,15.6,,1013.5,Fomitopsis mounceae,"Cascade Locks, OR 97014, USA",1
728125d3-3662-41db-9e53-eef63ea196e8,169642346,2023-06-25 12:57:00-07:00,2023-06-25,-121.8169,45.3138233167,84QW857M+,880.0,,11.7,28.2,0.0,12.8,,1016.0,Fomitopsis mounceae,"Clackamas, Oregon, United States",1
0b4bc25f-3bfa-4e9f-985c-658edfdaca5c,167080034,2023-06-10 15:17:48-07:00,2023-06-10,-121.7723833333,45.1298471667,84QW46HH+,1008.0,,,,,,,,Fomitopsis mounceae,"Zigzag Ranger Station, Estacada, OR, US",1
63aff6c0-344d-4fd6-8b4f-a38baac0b0d3,165084842,2023-06-01 12:10:56-07:00,2023-06-01,-121.5719289333,45.3982199689,84QW9CXH+,938.0,,8.1,22.6,0.0,14.0,,1015.9,Fomitopsis mounceae,"Location: 45.398220, -121.571929",1
08969aad-5aab-4dc2-8b72-d7835abb8c56,164364593,2023-05-22 13:49:35-07:00,2023-05-22,-121.5773083333,45.1282805,84QW4CHF+,1057.0,,,,,,,,Fomitopsis mounceae,"Mt. Hood National Forest, Maupin, OR, US",3
4b7544c5-73bd-434d-9c0e-ae80292e77fc,164337055,2023-05-28 14:11:30-07:00,2023-05-28,-122.4923798582,45.0406447341,84QV2GR5+,324.0,,8.3,22.2,0.0,10.6,,1016.9,Fomitopsis mounceae,"Molalla, OR, US",1
e6fb4250-a5b0-442f-9b57-14ed3340da82,163943233,2023-05-25 10:56:56-07:00,2023-05-25,-121.7562138889,45.15065,84QW562V+,1011.0,,,,,,,,Fomitopsis mounceae,"Clackamas County, OR, USA",1
1f7ba158-ae11-4e0d-8080-2e2723bcfeda,163721750,2023-05-25 10:36:04-07:00,2023-05-25,-121.85367,45.406525,84QWC44W+,868.0,,8.5,26.3,0.0,7.0,,1011.7,Fomitopsis mounceae,"Zigzag Ranger Station, Rhododendron, OR, US",1
944008b4-3bc5-4679-a3f0-f519d7dca04f,159492753,2021-03-27 12:38:21-07:00,2021-03-27,-122.2909154997,45.3225747997,84QV8PF5+,247.0,,6.1,17.8,0.0,3.9,,1028.1,Fomitopsis mounceae,"Estacada, OR 97023, USA",1
355c6b8b-dae5-43e9-90bf-47d53701d860,158539561,2023-04-29 14:22:15-07:00,2023-04-29,-121.6305466667,45.6013916667,84QWJ929+,275.0,,9.6,26.7,0.0,9.0,,1014.1,Fomitopsis mounceae,"Iowa Dr, Hood River, OR, US",1
48cdbf1a-886a-44f8-8a0e-24ddd320fa73,156933642,2023-04-27 11:38:51-07:00,2023-04-27,-122.13276147,45.52968345,84QVGVH8+,694.0,,8.9,27.2,0.0,7.6,,1019.6,Fomitopsis mounceae,"North Sifton - Orchards Area, Orchards, WA 98682, USA",1
63722de4-4381-4a9f-b3a4-a9fc7fbbde0c,156924663,2023-04-27 11:28:38-07:00,2023-04-27,-122.13307673,45.52936871,84QVGVH8+,694.0,,8.9,27.2,0.0,7.6,,1019.6,Fomitopsis mounceae,"Corbett, OR 97019, USA",1
63e29402-6346-4b0e-9dd7-c6f2e3dfaba4,155098283,2023-04-15 12:39:42-07:00,2023-04-15,-122.30243,45.4898769997,84QVFMQX+,27.0,,2.8,15.0,0.0,4.2,,1019.3,Fomitopsis mounceae,"Gresham, OR 97080, USA",1
253fd230-dc6a-43d0-8587-6efa7b21bcf3,155082710,2023-04-15 12:16:46-07:00,2023-04-15,-122.30549,45.4900499,84QVFMRV+,28.0,,2.8,15.0,0.0,4.2,,1019.3,Fomitopsis mounceae,"Gresham, OR 97080, USA",1
0b57a76e-4929-4471-a54a-d27e1d1b29bd,154784679,2023-04-13 15:27:16-07:00,2023-04-13,-122.30555,45.4898716667,84QVFMQV+,28.0,,4.4,13.9,0.0,2.7,,1017.7,Fomitopsis mounceae,"Oxbow Regional Park, Gresham, OR, US",1
69beb85b-b576-446d-b335-cb48f62020fe,154495013,2023-04-11 16:38:42-07:00,2023-04-11,-121.9327783333,45.344395,84QW83V8+,459.0,,6.1,10.6,,11.1,,1018.8,Fomitopsis mounceae,"E Hofeldt Rd, Rhododendron, OR, US",1
bfc291e3-fbe3-4ca0-9dab-7d9704877b22,153952855,2023-04-05 13:58:23-07:00,2023-04-05,-122.1226583333,45.5684383333,84QVHV9G+,441.0,,3.3,12.2,,5.2,,1022.0,Fomitopsis mounceae,"Benson State Park, Corbett, OR, US",1
092fc30f-d387-498e-ae41-9f0838564932,152128962,2023-03-22 17:42:00-07:00,2023-03-22,-121.9652644917,45.635466959,84QWJ2PM+,10.0,,0.7,15.1,0.3,7.8,,1009.3,Fomitopsis mounceae,"North Bonneville, WA 98639, USA",1
b60d7b58-2f8f-41f5-8768-123a16acbeee,149354034,2021-10-06 15:38:53-07:00,2021-10-06,-122.1136778333,45.6192166667,84QVJV9P+,315.0,,7.8,17.2,,6.0,,1020.2,Fomitopsis mounceae,"Columbia River Gorge National Scenic Area - Headquarters, Washougal, WA, US",1
d228082f-9efa-438e-a9b4-572e003af45d,149060138,2023-02-17 15:00:47-08:00,2023-02-17,-122.376125,45.3071527778,84QV8J4F+,93.0,,3.3,11.7,0.0,4.3,,1024.9,Fomitopsis mounceae,"Estacada, OR 97023, USA",1
51be90b5-3fe9-4cc0-aa1a-96037723ff68,148875807,2023-02-12 14:22:28-08:00,2023-02-12,-122.069388887,45.6121482772,84QVJW6J+,78.0,,0.6,11.7,,3.4,,1023.2,Fomitopsis mounceae,"Columbia River Gorge National Scenic Area - Headquarters, Stevenson, WA, US",1
66dc4516-080f-48cb-ac1d-40123c2d3bbf,148778662,2023-02-14 11:45:21-08:00,2023-02-14,-121.752823,45.3021255,84QW862W+,1196.0,,-0.7,7.1,0.5,12.0,,1019.1,Fomitopsis mounceae,"Mt. Hood Park Division Recreation Area, Government Camp, OR, US",1
19d2fb21-8964-4dfe-af41-f11e4b508961,148395214,2023-02-08 11:25:36-08:00,2023-02-08,-122.2859583333,45.4957916667,84QVFPW7+,98.0,,1.1,11.7,0.0,7.7,,1032.2,Fomitopsis mounceae,"Oxbow Regional Park, Gresham, OR, US",2
55680a2e-d3cd-483e-b039-c782ae71728a,148208968,2019-07-27 14:11:46-07:00,2019-07-27,-122.2254783333,44.8483883333,84PVRQXF+,625.0,,,,,,,,Fomitopsis mounceae,"Willamette National Forest, Gates, OR, US",2
23cdb908-89bb-4af7-97f5-1bc5b7733d44,147434002,2023-01-25 12:09:53-08:00,2023-01-25,-122.1224555556,45.402025,84QVCV2H+,383.0,,6.1,8.3,0.0,1.2,,1038.7,Fomitopsis mounceae,"Sandy, OR 97055, USA",1
a8d03a05-db82-4ac0-882c-8928c53505e5,147376618,2023-01-25 12:09:41-08:00,2023-01-25,-122.1226195,45.4020633333,84QVCV2G+,366.0,,6.1,8.3,0.0,1.2,,1038.7,Fomitopsis mounceae,"Audubon Society Of Portland Sanctuaries, Sandy, OR, US",2
ce305603-1425-49b3-ac26-c2e5ac5ca69f,147220212,2023-01-23 10:39:30-08:00,2023-01-23,-122.2892509861,45.3215051465,84QV8PC6+,191.0,,2.8,9.4,0.0,4.0,,1032.9,Fomitopsis mounceae,"Eagle Fern Park, Eagle Creek, OR, US",2
8d238344-9cdf-450c-a5cc-7a563b9d0d77,146834237,2023-01-17 11:50:09-08:00,2023-01-17,-122.2004466667,45.5023083333,84QVGQ2X+,412.0,,7.2,10.6,,6.7,,1015.5,Fomitopsis mounceae,"Corbett, Corbett, OR, US",1
ee1faa28-9aa7-4d7c-b462-a66b854b4bec,146723206,2023-01-16 12:09:47-08:00,2023-01-16,-121.9429243,45.2822725997,84QW73J4+,504.0,,3.3,10.0,,2.2,,1008.1,Fomitopsis mounceae,"Welches, OR 97067, USA",1
5d0906c3-cb5a-4f05-9301-0101f36f8305,146372118,2023-01-11 15:00:34-08:00,2023-01-11,-121.7937892,45.6871635997,84QWM6P4+,264.0,,0.0,5.4,8.0,7.2,,1015.4,Fomitopsis mounceae,"Cascade Locks, OR 97014, USA",1
420d39b6-53f7-4eac-b893-84f2a2e926af,146187804,2023-01-06 12:36:08-08:00,2023-01-06,-122.3054138889,45.4898472222,84QVFMQV+,28.0,,4.4,9.4,,27.6,,1015.0,Fomitopsis mounceae,"Gresham, OR 97080, USA",1
12b5f291-4db3-4828-a3da-2ce501d58ffc,145732212,2022-08-10 11:58:28-07:00,2022-08-10,-122.0808580936,45.2999212704,84QV7WX9+,901.0,,17.8,25.6,0.0,7.4,,1017.5,Fomitopsis mounceae,"Zigzag Ranger Station, Estacada, OR, US",2
89808dd4-19cd-49a9-968a-1fe139ae4b9a,138676099,2022-01-22 08:47:05-08:00,2022-01-22,-121.8966916667,45.629005,84QWJ4H3+,185.0,,5.0,10.0,0.0,10.9,,1031.8,Fomitopsis mounceae,"Columbia River Gorge National Scenic Area - Headquarters, Cascade Locks, OR, US",1
8b6d3a87-beb7-4351-96d7-a4dc5c8c4df5,138231678,2022-10-09 16:48:48-07:00,2022-10-09,-122.0250638333,45.2209133333,84QV6XCF+,1161.0,,10.0,29.4,0.0,2.8,,1018.3,Fomitopsis mounceae,"Forest Service U.S. Department of Agriculture, Estacada, OR, US",1
421dcf51-02a2-4133-a2bf-2d64bbdacbdb,137286822,2022-10-01 08:22:00-07:00,2022-10-01,-121.5852511822,45.3236921678,84QW8CF7+,1174.0,,11.2,23.6,0.0,5.7,,1016.8,Fomitopsis mounceae,"Hood River County, OR, USA",1
93e3b08d-6cca-410a-bb51-0651e300f342,137285159,2022-10-01 08:10:00-07:00,2022-10-01,-121.5855628954,45.323803678,84QW8CF7+,1191.0,,11.2,23.6,0.0,5.7,,1016.8,Fomitopsis mounceae,"Hood River County, OR, USA",2
edec9215-a5ab-440b-99ec-527829a1aa0f,137241310,2022-10-01 16:35:05-07:00,2022-10-01,-121.871660091,45.3874504789,84QW94PH+,744.0,,11.2,23.6,0.0,5.7,,1016.8,Fomitopsis mounceae,"Rhododendron, OR 97049, USA",1
3c265bba-683f-4f08-b2c7-61a4803abaef,137221675,2022-10-01 15:57:17-07:00,2022-10-01,-121.6269216667,45.318005,84QW899F+,1349.0,,11.2,23.6,0.0,5.7,,1016.8,Fomitopsis mounceae,"Mt. Hood Park Division Recreation Area, Mount Hood Parkdale, OR, US",2
67f2cf40-068a-4e13-82d6-ce44e0624c84,136879958,2022-09-18 12:14:20-07:00,2022-09-18,-121.7487378046,45.3434760903,84QW87V2+,1469.0,,10.9,23.8,3.5,3.8,,1007.4,Fomitopsis mounceae,"Clackamas County, US-OR, US",1
0616b2cb-2d1b-4091-aeeb-7a20ebbba890,135592865,2022-09-18 14:05:37-07:00,2022-09-18,-121.6526374817,45.2269194278,84QW68GW+,1530.0,,,,,,,,Fomitopsis mounceae,"Forest Service U.S. Department of Agriculture, Maupin, OR, US",1
9aa4e6bf-ad89-4e86-b30b-f5cfc883ec2d,135069678,2022-08-27 16:23:59-07:00,2022-08-27,-121.80641937,45.6973381078,84QWM5WV+,65.0,,15.6,22.0,0.0,16.8,,1014.1,Fomitopsis mounceae,"Columbia River Gorge National Scenic Area - Headquarters, Hood River, OR, US",1
8928a6f0-4a5d-43e3-b1c8-ed4283f8cdd2,133375233,2022-08-31 10:56:45-07:00,2022-08-31,-121.4488444444,45.4077805556,84QWCH52+,1168.0,,18.7,33.8,0.0,9.2,,1012.8,Fomitopsis mounceae,"Friend, OR 97021, USA",1
a041f166-7e82-4d0d-a116-6ac061c9b17b,132130359,2020-10-18 11:46:19-07:00,2020-10-18,-122.3061450943,45.5011467383,84QVGM2V+,48.0,,12.8,19.4,,8.3,,1020.0,Fomitopsis mounceae,Oxbow Regional Park,1
50465e0b-e06e-478d-aec2-1ac197cf0e8d,130324018,2022-06-18,2022-06-18,-121.8335452303,45.3855050135,84QW95P8+,749.0,,9.9,17.2,0.0,13.7,,1015.5,Fomitopsis mounceae,"Rhododendron, OR 97049, USA",1
440e3812-161a-4050-b954-b5b77b280ff6,126912078,2022-07-18 19:19:48-07:00,2022-07-18,-122.2820566725,45.495082679,84QVFPW9+,55.0,,12.8,27.2,0.0,6.2,,1019.2,Fomitopsis mounceae,"Oxbow Regional Park, Gresham, OR, US",1
fc87e7d1-7ea2-4eb0-af31-447c7f369062,126247566,2022-07-13 14:36:02-07:00,2022-07-13,-121.9427978351,45.3061923906,84QW8344+,473.0,,14.4,26.7,0.0,8.2,,1016.5,Fomitopsis mounceae,"Clackamas County, US-OR, US",2
ed8561df-bb90-480a-bc93-7d21cdf1b825,124933842,2022-07-05 12:39:25-07:00,2022-07-05,-121.8311584166,45.6956482382,84QWM5W9+,98.0,,12.1,26.8,0.4,5.4,,1012.7,Fomitopsis mounceae,"Columbia River Gorge National Scenic Area - Headquarters, Cascade Locks, OR, US",1
4afb5c3f-d809-415c-b53c-6b798f8fad9c,123273277,2022-06-23 18:47:24-07:00,2022-06-23,-121.6840216667,45.237245,84QW68P8+,1357.0,,10.4,22.4,0.0,13.9,,1017.6,Fomitopsis mounceae,"Forest Service U.S. Department of Agriculture, Maupin, OR, US",1
801cd3e1-25b4-41f9-b1df-0392cf92cbc5,122585911,2022-06-19 16:08:23-07:00,2022-06-19,-122.1857833333,44.6770800074,84PVMRG7+,533.0,,,,,,,,Fomitopsis mounceae,"Willamette National Forest, Idanha, OR, US",2
b9e60f06-cdbb-40c0-9181-ee16b409c3ef,122169802,2022-06-16 14:35:36-07:00,2022-06-16,-122.1051782185,45.5362010608,84QVGVPV+,947.0,,13.9,21.7,,7.2,,1012.5,Fomitopsis mounceae,"Zigzag Ranger Station, Corbett, OR, US",2
6c37717d-6e26-4a38-a1a1-340c41500049,121626089,2022-06-12 13:42:58-07:00,2022-06-12,-121.480575,45.2177783333,84QW6G99+,1061.0,,,,,,,,Fomitopsis mounceae,"Forest Service U.S. Department of Agriculture, Maupin, OR, US",2
eb8f74ff-007d-497d-89d4-4886e4e5c675,121156531,2022-06-08 11:24:30-07:00,2022-06-08,-122.2925362363,45.5360317328,84QVGPP4+,135.0,,16.1,23.9,0.0,6.8,,1016.0,Fomitopsis mounceae,"Corbett, OR 97019, USA",1
8600d843-91d8-4635-a2f2-7e618e52c534,119347002,2022-05-29 14:52:57-07:00,2022-05-29,-122.1152888333,45.53922,84QVGVQM+,830.0,,10.6,14.4,,8.9,,1015.9,Fomitopsis mounceae,"Zigzag Ranger Station, Corbett, OR, US",1
cda18bf8-d546-4132-8629-1b0f880b9d45,118409330,2022-05-23 12:01:56-07:00,2022-05-23,-122.2292071,45.31095631,84QV8Q6C+,395.0,,13.3,21.7,0.0,6.2,,1022.0,Fomitopsis mounceae,"Estacada, OR 97023, USA",1
e260ecf5-12eb-4dca-a3cf-0ff2e66e9a23,118409274,2022-05-23 12:00:55-07:00,2022-05-23,-122.22927916,45.31089623,84QV8Q6C+,395.0,,13.3,21.7,0.0,6.2,,1022.0,Fomitopsis mounceae,"Estacada, OR 97023, USA",1
8e322620-9be2-4e1d-bff9-86434308cfd8,118407431,2022-05-23 11:48:45-07:00,2022-05-23,-122.23053393,45.31128365,84QV8Q69+,395.0,,13.3,21.7,0.0,6.2,,1022.0,Fomitopsis mounceae,"Estacada, OR 97023, USA",1
daa2a213-e42a-4d4c-824f-eb8d4242199e,118401090,2022-05-23 11:05:14-07:00,2022-05-23,-122.22939683,45.30893889,84QV8Q5C+,385.0,,13.3,21.7,0.0,6.2,,1022.0,Fomitopsis mounceae,"Estacada, OR 97023, USA",1
0ea98f02-33e4-4be7-bebb-1233a691fde8,117497774,2022-05-16 14:50:21-07:00,2022-05-16,-121.6329716667,45.6045383333,84QWJ938+,272.0,,10.4,16.3,0.1,10.9,,1019.2,Fomitopsis mounceae,"Hood River, OR, US",1
b1e97d79-89b8-4839-8e40-5ffe18c9bc39,116872200,2022-05-12,2022-05-12,-121.5287,45.1127,84QW4F7C+,935.0,,,,,,,,Fomitopsis mounceae,"Barlow Ranger District portion in Wasco Co., Mount Hood National Forest, Wasco Co., Oregon, USA",2
858ac190-7274-4b33-9838-f4cfc4586f9f,116618787,2022-05-11 15:29:45-07:00,2022-05-11,-122.3790785766,45.2477796557,84QV6JXC+,350.0,,6.1,15.6,0.0,7.4,,1024.4,Fomitopsis mounceae,"Beavercreek, OR, US",1
c72953ac-7c6d-4d02-8d0e-4c558c04641b,116213137,2022-05-08 13:48:23-07:00,2022-05-08,-121.9589910423,45.2884822648,84QW72QR+,1010.0,,5.0,10.6,,6.5,,1009.5,Fomitopsis mounceae,"Zigzag Ranger Station, Welches, OR, US",1
db4f465a-622b-44d0-9893-23f8d96ba9cd,115658403,2022-04-28 11:13:05-07:00,2022-04-28,-122.1256521252,45.5298483046,84QVGVHF+,708.0,,6.7,12.2,0.8,2.7,,1018.3,Fomitopsis mounceae,"Multnomah County, US-OR, US",1
ea04503e-927c-4a8c-b271-836e4393e809,113322936,2022-04-17 18:47:45-07:00,2022-04-17,-121.90763624,45.32448951,84QW83FR+,540.0,,2.8,13.9,0.0,14.3,,1022.4,Fomitopsis mounceae,"Clackamas County, US-OR, US",1
48677fe7-4b69-492c-bd30-ab2f0a78eb20,113259509,2022-04-17 18:10:30-07:00,2022-04-17,-121.90639853,45.32250884,84QW83FV+,543.0,,2.8,13.9,0.0,14.3,,1022.4,Fomitopsis mounceae,"Rhododendron, OR 97049, USA",2
b914c8af-c251-4400-8b54-d33fa12d61bf,112768206,2022-04-24 12:24:27-07:00,2022-04-24,-122.219193,45.5354269722,84QVGQPJ+,211.0,,3.3,21.1,0.0,5.9,,1021.5,Fomitopsis mounceae,"Corbett, OR 97019, USA",1
fd6b53eb-6c0f-4843-89ac-b3e725936fb5,111869547,2022-04-17 12:04:12-07:00,2022-04-17,-122.2171265655,45.4208172173,84QVCQCM+,230.0,,2.8,13.9,0.0,14.3,,1022.4,Fomitopsis mounceae,"SE Phelps Rd, Sandy, OR, US",1
afa2da21-6bc7-444f-9f59-ee703228e4a4,109721203,2022-03-27 12:18:04+00:00,2022-03-27,-121.8719145656,45.3839534438,84QW94MH+,626.0,,8.9,21.1,0.0,2.6,,1004.8,Fomitopsis mounceae,"Rhododendron, OR 97049, USA",1
43e39509-c87a-400f-a6dd-0272744dd7f6,109589704,2022-03-21 15:46:03-07:00,2022-03-21,-121.939873837,45.3008181035,84QW8326+,496.0,,6.1,9.4,,12.2,,1028.6,Fomitopsis mounceae,"Zigzag Ranger Station, Welches, OR, US",1
343193dd-c899-45ff-a599-c845b07b016a,109588534,2022-03-21 16:19:00-07:00,2022-03-21,-121.9403856694,45.2999180284,84QW73X5+,474.0,,6.1,9.4,,12.2,,1028.6,Fomitopsis mounceae,"Salmon River, Welches, OR, US",1
5828b5c8-e9d9-4cd9-9bee-f149b5a6e5b2,107208367,2022-02-21 13:35:52-08:00,2022-02-21,-122.19851476,45.57367407,84QVHRF2+,242.0,,2.2,6.7,,8.3,,1013.0,Fomitopsis mounceae,"Washougal, WA 98671, USA",2
e20a0951-84d5-47bb-b9b6-7ff96a6e5efb,105598568,2022-01-23 13:46:25+00:00,2022-01-23,-122.3755583333,45.2995333333,84QV7JXF+,201.0,,0.0,9.4,0.0,11.9,,1027.6,Fomitopsis mounceae,"Milo McIver State Park, Estacada, OR, US",1
2d0adc60-c528-4a0a-aad4-04c6ebde829c,105409779,2022-01-22 14:01:53+00:00,2022-01-22,-121.94577,45.668505,84QWM393+,86.0,,5.0,10.0,0.0,10.9,,1031.8,Fomitopsis mounceae,"Columbia River Gorge National Scenic Area, Stevenson, WA, US",1
c321ae62-1f78-4002-9aee-40a39df8ad49,102841300,2021-12-10 12:27:22-08:00,2021-12-10,-122.2871277778,45.4949027778,84QVFPV7+,98.0,,5.6,10.0,,13.8,,1019.8,Fomitopsis mounceae,"Multnomah County, US-OR, US",2
9e9ec511-2f7b-484b-be68-c5d1d23ce89e,102756944,2021-12-08 15:12:52-08:00,2021-12-08,-122.2188129997,45.5353769,84QVGQPJ+,211.0,,2.8,10.6,,6.8,,1016.3,Fomitopsis mounceae,"Corbett, OR 97019, USA",2
6b5eed06-5a2e-497c-9cd4-dae988a8b336,102567844,2021-12-05 12:38:51-08:00,2021-12-05,-122.2837371826,45.4935150146,84QVFPV8+,105.0,,1.1,8.3,0.0,2.6,,1031.8,Fomitopsis mounceae,Gresham,1
148953a6-f589-417a-b98e-ebcfc3b79fec,102042720,2021-11-27 12:46:31+00:00,2021-11-27,-122.1895216667,45.5904833333,84QVHRR6+,355.0,,11.1,17.8,,11.4,,1020.1,Fomitopsis mounceae,"Columbia River Gorge National Scenic Area, Washougal, WA, US",1
38965b75-c3be-4ce3-b123-e3ddbf7a8b69,100664064,2021-11-08 12:01:18-08:00,2021-11-08,-122.1194931865,45.5317559328,84QVGVJJ+,783.0,,4.4,12.2,,17.7,,1013.6,Fomitopsis mounceae,"Cascade Locks, OR 97014, USA",1
3cc8ee70-90bf-49e0-8d51-bc3556edd359,100658036,2021-11-08 15:08:09-08:00,2021-11-08,-122.1231362969,45.5301804325,84QVGVJG+,738.0,,4.4,12.2,,17.7,,1013.6,Fomitopsis mounceae,"Cascade Locks, OR 97014, USA",1
2f6515ae-ba96-49b7-aa06-8ca29ee3724d,100527116,2021-11-07 11:57:55+00:00,2021-11-07,-122.014691066,45.3730188202,84QV9XFP+,386.0,,5.6,11.1,,5.1,,1021.0,Fomitopsis mounceae,"E Mountain Country Ln, Brightwood, OR, US",2
cd233cb6-1d59-4c2b-a885-70332a980a6d,100427817,2021-11-06 11:11:13-07:00,2021-11-06,-121.5663755717,45.3756012509,84QW9CGM+,1024.0,,3.9,11.1,,9.1,,1015.9,Fomitopsis mounceae,"Hood River County, US-OR, US",1
9343863c-48f7-4b3b-aa87-cbee02facf9b,99562731,2021-10-27 11:29:00-07:00,2021-10-27,-121.8349818048,45.3126396658,84QW8578+,807.0,,,,,,,,Fomitopsis mounceae,"Mt. Hood Park Division Recreation Area, Rhododendron, OR, US",2
e00050fb-8629-45ab-8116-32d7fff0a64f,99489795,2021-10-26 09:54:02-07:00,2021-10-26,-121.7999489682,45.5915362155,84QWH6R2+,1325.0,,10.0,13.9,,8.4,,1010.7,Fomitopsis mounceae,"Hood River County, US-OR, US",1
b215b62e-08c1-44a8-a3ce-871cd0256a2f,99412928,2021-10-25 15:37:46-07:00,2021-10-25,-122.0913555,45.6409616667,84QVJWR5+,415.0,,11.7,15.6,,15.5,,1000.3,Fomitopsis mounceae,"Columbia River Gorge National Scenic Area, Stevenson, WA, US",2
6564bc42-bf6f-44c8-9c8b-fcad94348fa5,98437001,2021-10-10 13:15:33-07:00,2021-10-10,-122.49001343,45.0325017003,84QV2GM5+,349.0,,8.3,15.0,,9.4,,1023.2,Fomitopsis mounceae,"Molalla, OR, US",1
e13ba2fd-f532-4059-ad5d-ec55dd0212b4,98322764,2021-08-22 07:46:16+00:00,2021-08-22,-121.8173133333,45.3124866667,84QW856M+,880.0,,,,,,,,Fomitopsis mounceae,"Mt. Hood Park Division Recreation Area, Rhododendron, OR, US",1
627c1ed0-f304-4026-a2fb-920e428b3ab7,97963571,2021-10-11 15:58:00-07:00,2021-10-11,-122.099383698,45.6017148102,84QVJW22+,5.0,,6.1,15.0,0.0,2.5,,1024.4,Fomitopsis mounceae,"Skamania County, US-WA, US",2
585fa706-ea3d-4ce4-95bf-1c2d5bbbb708,97866592,2021-06-19 13:24:02-07:00,2021-06-19,-122.0803305,45.5423,84QVGWR9+,878.0,,12.8,27.8,0.0,5.1,,1017.6,Fomitopsis mounceae,"Zigzag Ranger Station, Corbett, OR, US",2
07c5ea74-4e55-4f0b-a1b6-fcefdd3e7723,97088317,2021-10-03 11:03:54-07:00,2021-10-03,-122.0804971667,45.5422583333,84QVGWR9+,878.0,,7.2,21.7,0.0,3.3,,1019.6,Fomitopsis mounceae,"Zigzag Ranger Station, Corbett, OR, US",1
9a2a32c0-4789-4dfa-a106-8ff166152ad5,96912458,2021-09-28 16:52:24-07:00,2021-09-28,-122.0747170597,45.5550603359,84QVHW4G+,886.0,,11.7,16.1,,11.2,,1018.5,Fomitopsis mounceae,"Cascade Locks, OR 97014, USA",1
07e0c62f-ebb9-4a67-b161-207b60f1a826,96438865,2021-09-27 11:00:06-07:00,2021-09-27,-122.0253067014,45.373550415,84QV9XFF+,341.0,,12.2,18.9,,8.0,,1011.1,Fomitopsis mounceae,"Brightwood, OR 97011, USA",1
0338d2aa-e5b4-43f8-93f6-50c774fad6fd,96032431,2021-09-24 14:09:11-07:00,2021-09-24,-121.7885111643,45.2168457022,84QW6686+,995.0,,,,,,,,Fomitopsis mounceae,"Oregon, US",1
b2fd7afb-2d23-4aea-9a6a-0b4010200b82,95621006,2021-09-17 13:36:37-07:00,2021-09-17,-121.8655555556,45.3038888889,84QW843M+,684.0,,11.1,26.1,0.0,12.8,,1009.6,Fomitopsis mounceae,"Zigzag, OR 97049, USA",1
785e9021-ff6f-4248-8719-0b59941babb6,95354259,2021-09-18 11:40:05-07:00,2021-09-18,-122.4928283333,45.0542111667,84QV3G34+,279.0,,13.9,18.3,,14.4,,1008.5,Fomitopsis mounceae,"Molalla, OR, US",1
09249a60-f2d2-4fc7-9585-5ea62659a028,94667495,2021-09-12 13:08:00-10:00,2021-09-12,-122.0862583333,45.5373194444,84QVGWP7+,1001.0,,13.9,23.3,0.0,4.8,,1019.5,Fomitopsis mounceae,"Multnomah County, OR, USA",2
ff4f1507-a9d8-4f20-b067-837964691ab3,92734276,2021-08-27 15:52:43-07:00,2021-08-27,-122.492775,45.0554471667,84QV3G44+,279.0,,15.6,22.8,0.0,9.7,,1020.0,Fomitopsis mounceae,"Molalla, OR, US",1
0422bd1b-e7c7-4d18-b9ba-06a30f1c52cf,92732201,2021-08-20 13:27:49-07:00,2021-08-20,-121.8164273724,45.4936403151,84QWF5VM+,1009.0,,15.6,22.2,,4.6,,1015.7,Fomitopsis mounceae,"Hood River County, US-OR, US",1
d764f5ff-f710-4676-b766-4788d34bdf04,92723513,2021-08-20 13:49:00-07:00,2021-08-20,-121.815225,45.4927283333,84QWF5VM+,1009.0,,15.6,22.2,,4.6,,1015.7,Fomitopsis mounceae,"Hood River County, OR, USA",1
6b7afce5-5a54-4db4-8d9d-1cb87a6b5911,92721126,2021-08-27 15:40:30-07:00,2021-08-27,-122.1017444126,45.5408060835,84QVGVRX+,1030.0,,17.2,23.3,0.0,6.0,,1019.7,Fomitopsis mounceae,"Columbia River Gorge National Scenic Area, Corbett, OR, US",2
dcde9b2a-0b93-4a22-ba6d-0274e5427264,92305579,2021-08-23 11:16:55-07:00,2021-08-23,-121.81443,45.490945,84QWF5RP+,1031.0,,8.9,23.3,0.0,5.1,,1015.9,Fomitopsis mounceae,"Lost Lake Resort & Campground, Mount Hood Parkdale, OR, US",1
b050a2fe-5977-4f10-be72-e9dfc26c28f2,92055228,2021-08-21 10:36:23-07:00,2021-08-21,-122.2953935792,45.111141915,84QV4P63+,1142.0,,15.0,22.8,,4.7,,1011.6,Fomitopsis mounceae,"97017, Colton, OR, US",1
f5846505-8f75-476b-8d38-acad163e9378,91800437,2021-08-17 13:25:35-07:00,2021-08-17,-121.876778965,45.4124744298,84QWC46F+,921.0,,15.6,21.7,,7.1,,1016.0,Fomitopsis mounceae,"Oregon, US",1
118e5cdc-0191-412c-8118-dd8817824e05,89602264,2021-07-18 17:16:00-07:00,2021-07-18,-121.9592187203,45.2707738031,84QW72CR+,838.0,,13.3,31.1,0.0,5.9,,1018.7,Fomitopsis mounceae,S.Fork Salmon,1
a26e2454-34ed-44fc-884e-9558ac7c6e71,88883022,2020-07-01 16:03:00-04:00,2020-07-01,-121.8588882707,45.3850742696,84QW94PR+,659.0,,13.3,18.3,,8.5,,1016.6,Fomitopsis mounceae,"Clackamas County, OR, USA",1
a53d7c53-93c0-47fe-b174-43565a71cfcc,88808667,2020-02-02 12:46:18-08:00,2020-02-02,-122.3019104004,45.5018310547,84QVGM2X+,19.0,,0.0,7.2,,2.7,,,Fomitopsis mounceae,Gresham,1
788f8752-62d4-46b2-af39-1c979ff2be9f,86814339,2021-07-12 13:03:11-07:00,2021-07-12,-121.8161165355,45.495770261,84QWF5WM+,1024.0,,14.4,29.4,0.0,7.9,,1016.9,Fomitopsis mounceae,"Hood River County, US-OR, US",1
4e32c91c-5976-4bc3-8e9f-29b1a6b9ea55,86814325,2021-07-12 13:02:50-07:00,2021-07-12,-121.8159214959,45.4958029877,84QWF5WM+,1024.0,,14.4,29.4,0.0,7.9,,1016.9,Fomitopsis mounceae,"Hood River County, US-OR, US",1
ce2bdb9b-6d9e-4c83-bafc-55441bd7a204,86685040,2021-07-11 17:55:19-07:00,2021-07-11,-122.0789336941,45.5438036939,84QVGWVC+,903.0,,14.4,30.6,0.0,5.0,,1018.7,Fomitopsis mounceae,"Multnomah County, US-OR, US",1
799be904-d6ba-4f6c-bb5b-23cf36b01cac,86684790,2021-07-11 17:01:52-07:00,2021-07-11,-122.0876013455,45.5384765601,84QVGWQ6+,971.0,,14.4,30.6,0.0,5.0,,1018.7,Fomitopsis mounceae,"Multnomah County, US-OR, US",1
4873f05f-a50b-49d9-a632-e6480bd2eeeb,84765306,2021-06-12 11:26:37-07:00,2021-06-12,-122.0370746871,45.3848451516,84QV9XM7+,355.0,,12.8,26.7,,7.8,,1013.3,Fomitopsis mounceae,"Barlow Wayside Park, Sandy, OR, US",1
0c7e31d7-9302-4198-87a9-679c65b9d564,84120239,2021-06-22 08:33:58-07:00,2021-06-22,-121.4589383333,45.4103783333,84QWCG6R+,1280.0,,22.8,34.4,0.0,21.5,,1007.2,Fomitopsis mounceae,"Mt. Hood National Forest, Dufur, OR, US",1
5e1c5b4e-f6b5-4744-a443-72df8f10317f,82443650,2021-05-22 17:44:08-07:00,2021-05-22,-121.9770888849,45.2710135019,84QW72CF+,1102.0,,10.0,18.9,,8.0,,1020.4,Fomitopsis mounceae,"Mt. Hood National Forest, Welches, OR, US",1
b6e6aafc-df04-4ad9-b5b4-4253946e4b71,81191694,2021-05-28 12:10:39-07:00,2021-05-28,-121.801995,45.30810333,84QW855X+,967.0,,,,,,,,Fomitopsis mounceae,"Mt. Hood Park Division Recreation Area, Government Camp, OR, US",1
c88e33cf-9ee0-49fc-95f4-4bf972f9cafe,81135452,2021-05-31 11:37:35-07:00,2021-05-31,-121.8790887204,45.2860076772,84QW74PC+,1036.0,,,,,,,,Fomitopsis mounceae,"Clackamas County, US-OR, US",2
5e7be3d9-7c71-4fda-9316-c6eebe447571,80931146,2021-05-30 12:33:58-07:00,2021-05-30,-121.8904337102,45.6574650016,84QWM445+,199.0,,10.6,28.9,0.0,6.0,,1018.6,Fomitopsis mounceae,"Columbia River Gorge National Scenic Area, Cascade Locks, OR, US",1
2ceaa833-3251-488e-a60e-de06acf32980,80826128,2021-05-27 16:30:34-08:00,2021-05-27,-121.6996,45.22935,84QW68H2+,1212.0,,,,,,,,Fomitopsis mounceae,"Mt. Hood National Forest, Government Camp, OR, US",1
970fd5a2-a6ea-4005-8999-0342479fa35d,80261273,2021-05-13 15:37:00-04:00,2021-05-13,-121.7387638889,45.2979027778,84QW77X6+,1184.0,,,,,,,,Fomitopsis mounceae,"Clackamas, Oregon, United States",1
78fa1e39-0563-4f78-8c43-0a6d92ffcbe8,79021940,2021-05-16 10:30:18-07:00,2021-05-16,-122.2886617633,45.3977650368,84QV9PX6+,245.0,,10.0,27.8,0.0,5.7,,1013.7,Fomitopsis mounceae,"Orr Cir, Sandy, OR, US",2
fdb12572-8fcf-40ba-a1c4-dfbb66312d0b,78985510,2021-05-12 11:41:44-07:00,2021-05-12,-122.1601555,45.44293667,84QVCRVQ+,265.0,,8.9,26.7,0.0,5.5,,1018.8,Fomitopsis mounceae,"Sandy, OR, US",2
e72d4508-7dfa-4611-a1d4-268013baf1f0,78284050,2020-07-01 17:42:00-04:00,2020-07-01,-121.8354744,45.3812813,84QW95J7+,739.0,,13.3,18.3,,8.5,,1016.6,Fomitopsis mounceae,"Rhododendron, OR 97049, USA",2
29eba865-a9f9-492f-bfb7-d61c6fb96a33,78005270,2020-03-21 14:21:01-07:00,2020-03-21,-122.1281188354,45.534165367,84QVGVMC+,705.0,,2.8,15.0,0.0,4.3,,1023.8,Fomitopsis mounceae,"Corbett, OR 97019, USA",1
a94e9b78-73fe-4205-bf97-40914abc1edd,78005217,2018-04-09 14:31:13-07:00,2018-04-09,-122.1174359322,45.5440232673,84QVGVVM+,770.0,,5.6,18.3,0.0,16.1,,1020.5,Fomitopsis mounceae,"Corbett, OR 97019, USA",1
21f15d1e-a3c0-4dca-af63-8a6e6f5c45cf,77935715,2021-05-08 11:24:18-07:00,2021-05-08,-121.8690818468,45.3038630933,84QW843J+,677.0,,5.6,16.7,0.0,3.4,,1028.8,Fomitopsis mounceae,"Mt. Hood Park Division Recreation Area, Rhododendron, OR, US",1
323798a5-13fe-43f5-8aeb-1263ceff160d,76848861,2021-05-02 13:15:11-07:00,2021-05-02,-121.8630805556,45.3030611111,84QW843P+,686.0,,,,,,,,Fomitopsis mounceae,"Zigzag, OR 97049, USA",1
e5ef3e8d-e340-47e1-bbd0-16c1561ecae5,76795298,2021-05-02 15:06:07-07:00,2021-05-02,-122.49803,45.0282833333,84QV2GH2+,466.0,,9.4,17.8,0.0,4.0,,1023.0,Fomitopsis mounceae,"Molalla, OR, US",1
ab2d40cb-66f0-4fa2-ac04-54cd155ccfb5,76794747,2021-05-02 14:57:03-07:00,2021-05-02,-122.4979166667,45.031975,84QV2GJ2+,415.0,,9.4,17.8,0.0,4.0,,1023.0,Fomitopsis mounceae,"Molalla, OR, US",1
365e28f6-fc26-4967-850b-1904e7dbf71f,75939707,2021-04-28 17:09:00-10:00,2021-04-28,-121.4613865818,45.1268324202,84QW4GGQ+,953.0,,,,,,,,Fomitopsis mounceae,"Oregon, US",1
7dbb689e-4a8f-497b-98fb-e2b38f4162f8,71989721,2020-11-08 07:09:05+00:00,2020-11-08,-122.2884533333,45.397155,84QV9PW6+,245.0,,-0.6,7.2,0.0,2.4,,1015.8,Fomitopsis mounceae,"Orr Cir, Sandy, OR, US",1
af13b746-9b60-401b-be09-865facaf5592,71272124,2021-03-13 17:01:24-10:00,2021-03-13,-122.1245859722,45.5325389722,84QVGVMG+,734.0,,0.6,17.2,0.0,4.0,,1022.3,Fomitopsis mounceae,"Corbett, OR 97019, USA",1
4221e89a-7c89-405e-80f5-947c798ec0b1,70709938,2021-02-28 14:01:11-10:00,2021-02-28,-122.37905,45.375508,84QV9JGC+,90.0,,6.1,14.4,,5.2,,1026.1,Fomitopsis mounceae,"27500 Block SE Hwy 224, Eagle Creek, OR 97009, USA",2
d24eedb3-1f33-4557-988f-32898d704f3f,70356921,2021-02-28 14:57:25+00:00,2021-02-28,-121.9988783333,45.3514883333,84QW9222+,373.0,,6.1,14.4,,5.2,,1026.1,Fomitopsis mounceae,"Clackamas County, US-OR, US",1
6a63eca0-7c7e-4fe6-87ad-b38bcb45712e,70301320,2017-06-24 22:55:16-07:00,2017-06-24,-121.8267563813,45.3323060455,84QW85JF+,1253.0,,,,,,,,Fomitopsis mounceae,"Mt. Hood Park Division Recreation Area, Rhododendron, OR, US",1
d7c6f90f-c8fa-44a0-bf0d-55ac6c8e93c9,69176129,2021-01-29 12:06:30+00:00,2021-01-29,-121.6755093381,45.2976003778,84QW78XF+,1312.0,,,,,,,,Fomitopsis mounceae,"Hood River County, US-OR, US",1
17923127-4ff1-434d-8107-ae118cd94ac2,68873683,2021-01-30 15:05:22+00:00,2021-01-30,-122.175,45.3669444444,84QV9R8G+,388.0,,5.6,8.3,,23.7,,1013.7,Fomitopsis mounceae,"Sandy, OR 97055, USA",1
b4a01121-4c9b-42dc-81b1-045f5dde7009,68528008,2021-01-23 16:17:12+00:00,2021-01-23,-121.9915166667,45.3631333333,84QW9275+,373.0,,-2.2,8.3,0.0,3.5,,1020.2,Fomitopsis mounceae,"Rhododendron, OR, US",1
88aaa672-6ff7-479e-9767-77c62ba27bf9,68527982,2021-01-23 16:16:59+00:00,2021-01-23,-121.9914633333,45.3631133333,84QW9275+,373.0,,-2.2,8.3,0.0,3.5,,1020.2,Fomitopsis mounceae,"Rhododendron, OR, US",1
ab28c4b5-75ab-4973-af4e-76ddbbed2391,68527951,2021-01-23 16:16:39+00:00,2021-01-23,-121.9915166667,45.363125,84QW9275+,373.0,,-2.2,8.3,0.0,3.5,,1020.2,Fomitopsis mounceae,"Rhododendron, OR, US",1
c3c26ba0-ba3c-47e4-9dee-cab85386ec89,68262016,2021-01-17 16:11:12+00:00,2021-01-17,-121.7514669523,45.2501412793,84QW762X+,1107.0,,,,,,,,Fomitopsis mounceae,Mt Hood National Forest,1
a622d6f6-be30-4078-b8a9-e4467fbad8c5,68186234,2021-01-16 11:24:08+00:00,2021-01-16,-121.6592633333,45.3090133333,84QW885R+,1298.0,,,,,,,,Fomitopsis mounceae,"Mt. Hood Park Division Recreation Area, Mount Hood Parkdale, OR, US",1
5a1f9dbe-5d1d-4f82-8e37-679f2c4e80cf,66317694,2020-11-19 10:48:00-08:00,2020-11-19,-122.3053081464,45.5009475853,84QVGM2V+,48.0,,7.8,11.7,,12.0,,1025.4,Fomitopsis mounceae,"Multnomah County, OR, USA",2
29bcdd55-53a9-4e22-92cb-186ac4939441,66230741,2020-12-06 18:03:19+00:00,2020-12-06,-121.9317932054,45.6556087905,84QWM349+,92.0,,3.3,6.7,,24.9,,1031.2,Fomitopsis mounceae,"Stevenson, WA 98648, USA",1
d5759304-d0c1-418e-899d-f28224887e59,65784522,2020-11-21 12:45:04+00:00,2020-11-21,-122.2970654722,45.4899059444,84QVFPQ3+,41.0,,3.9,8.9,0.0,12.2,,1028.7,Fomitopsis mounceae,"Gresham, OR 97080, USA",2
a9bc43de-7fdb-4190-a06d-99f675195c4f,65674790,2020-11-22 16:31:00+00:00,2020-11-22,-122.0217467844,45.6355869881,84QVJXPH+,222.0,,5.6,8.9,,20.1,,1017.5,Fomitopsis mounceae,"Stevenson, WA 98648, USA",1
98683985-9f3c-4a3e-984c-1ea2ac051ccf,65241929,2016-09-25,2016-09-25,-121.9935,45.1752,84QW52G4+,1270.0,,,,,,,,Fomitopsis mounceae,"Mount Hood National Forest, Clackamas Co., Oregon, USA",1
17decc47-8734-4eb4-b7d9-22b8d117c324,65238909,2014-10-03,2014-10-03,-121.7,45.3515,84QW9822+,2309.0,,,,,,,,Fomitopsis mounceae,"Mount Hood, Mount Hood National Forest, Oregon, USA",1
04864abe-9f51-4186-8da3-5b9b1dfb76eb,65237489,2013-10-05,2013-10-05,-121.7,45.3515,84QW9822+,2309.0,,,,,,,,Fomitopsis mounceae,"Mount Hood, Mount Hood National Forest, Oregon, USA",1
aebc6498-669a-4b0c-93da-46ea087225e7,64739144,2020-11-11 14:10:44+00:00,2020-11-11,-122.1000178987,45.5388121911,84QVGVQX+,1034.0,,1.7,10.6,,1.4,,1021.4,Fomitopsis mounceae,"Columbia River Gorge National Scenic Area, Corbett, OR, US",1
6b0ea45f-3996-4125-977f-3ec47ce1084d,64060764,2020-11-02 19:33:47+00:00,2020-11-02,-122.2402236052,45.5199731078,84QVGQ95+,399.0,,10.0,18.9,0.0,24.0,,1019.4,Fomitopsis mounceae,Corbett,2
235f04b1-c42f-4eab-a071-78d374595393,63041759,2020-10-19 12:27:43-07:00,2020-10-19,-122.297455,45.483945,84QVFPM3+,223.0,,12.8,18.3,,6.2,,1022.5,Fomitopsis mounceae,"Oxbow Regional Park, Gresham, OR, US",1
ead5adf0-59c4-4e50-b133-f8db46fec9c3,63030362,2020-09-28 17:30:30-07:00,2020-09-28,-121.7934333333,45.3140033333,84QW8674+,1001.0,,,,,,,,Fomitopsis mounceae,"Mt. Hood Park Division Recreation Area, Government Camp, OR, US",1
0b65997a-9aab-48ed-b9f4-d34bdf2919bd,63026736,2020-10-14 14:45:06-07:00,2020-10-14,-121.9137797852,45.3372163091,84QW83PP+,536.0,,8.3,17.8,,3.3,,1030.1,Fomitopsis mounceae,"Mt. Hood Park Division Recreation Area, Rhododendron, OR, US",1
35d774d0-61f9-4788-aff7-2e5da3254f4c,62539079,2020-10-13 17:51:19-07:00,2020-10-13,-122.17536167,45.511505,84QVGR6F+,514.0,,11.7,17.8,,14.8,,1017.5,Fomitopsis mounceae,"E Donahue Rd, Corbett, OR, US",1
ce3f0a1a-e1d6-4eda-b733-b2b6acd6fae1,61366080,2020-09-27 16:10:00-07:00,2020-09-27,-121.9406771571,45.2755879385,84QW73G5+,509.0,,10.6,24.4,0.0,1.7,,1027.9,Fomitopsis mounceae,"Clackamas County, OR, USA",1
80cb7338-f677-4817-9e53-f8b4caaa7633,59802350,2019-06-15 16:16:48-07:00,2019-06-15,-122.2542611944,44.8330861389,84PVRPMW+,751.0,,,,,,,,Fomitopsis mounceae,"Gates, OR 97346, USA",1
01b6d297-f0c9-420a-bca3-af8ee1aae060,58576969,2020-09-04 13:19:47-07:00,2020-09-04,-122.21807833,45.53636167,84QVGQPJ+,163.0,,16.7,31.1,0.0,4.0,,1015.0,Fomitopsis mounceae,"Columbia River Gorge National Scenic Area, Corbett, OR, US",1
999bdf2d-66d1-4fe9-b0fd-003517578361,58447407,2020-09-02 17:19:14-07:00,2020-09-02,-122.3489519766,45.2951015542,84QV7MW2+,136.0,,14.4,32.8,0.0,5.0,,1017.1,Fomitopsis mounceae,"97023, Estacada, OR, US",1
c7500e23-3e1d-458e-b90a-360ae69c1589,56995308,2020-08-19 15:16:00-07:00,2020-08-19,-121.7601916667,45.3413083333,84QW86RQ+,1493.0,,,,,,,,Fomitopsis mounceae,"Clackamas County, OR, USA",1
395c1b27-8336-467e-8dfa-a12a99d52d9d,55973747,2020-08-09 13:46:54-07:00,2020-08-09,-122.1263127706,45.1166515262,84QV4V8F+,1127.0,,,,,,,,Fomitopsis mounceae,"Mt. Hood National Forest, Estacada, OR, US",1
7b8fbc32-4b8c-40e7-838e-67903791afd6,55536134,2020-07-30 13:34:14-07:00,2020-07-30,-121.7978361111,45.128425,84QW46H2+,1007.0,,,,,,,,Fomitopsis mounceae,"Clackamas County, OR, USA",1
736914bd-bad5-4707-8d8b-5d6af1080c53,55448096,2020-08-01 11:00:20-07:00,2020-08-01,-121.8105674163,45.4920731487,84QWF5RQ+,1058.0,,15.0,28.3,,2.5,,1018.7,Fomitopsis mounceae,"Cascade Locks, OR 97014, USA",1
66d848c6-6fd5-4db5-8dfd-05f3d08dd5f5,55437341,2020-07-28 12:23:19-07:00,2020-07-28,-121.8147029722,45.3151939722,84QW858P+,915.0,,,,,,,,Fomitopsis mounceae,"Zigzag, OR 97049, USA",1
03fd3ec1-6cd8-471a-867b-d1ded8408fdf,55249976,2020-08-01 11:05:00-07:00,2020-08-01,-121.9551059908,45.3074090766,84QW824V+,608.0,,15.0,28.3,,2.5,,1018.7,Fomitopsis mounceae,"Oregon, US",1
47b4159b-213a-407f-ab04-95355b6d0c16,54464785,2020-07-26 14:59:51-07:00,2020-07-26,-121.83609667,45.381775,84QW95J7+,739.0,,13.3,37.2,,8.6,,1014.0,Fomitopsis mounceae,"Mt. Hood National Forest, Rhododendron, OR, US",1
e4de63d5-e220-45af-a0d3-f6ca492a116d,53212400,2020-07-14 08:58:23-07:00,2020-07-14,-121.9147617392,45.1912052541,84QW53RP+,1077.0,,,,,,,,Fomitopsis mounceae,"Mt. Hood National Forest, Estacada, OR, US",1
8a877268-412b-48d0-b63c-09ce4c6582b4,53002163,2020-07-13 15:54:45-07:00,2020-07-13,-121.93290833,45.36049167,84QW9368+,476.0,,11.7,27.2,0.0,5.4,,1018.4,Fomitopsis mounceae,"E Autumn Ln, Rhododendron, OR, US",1
6193b3e8-cf63-4d35-8a35-4421abbcacad,52874098,2020-07-11 20:31:20-07:00,2020-07-11,-121.8870166012,45.2961122607,84QW74W7+,592.0,,12.8,26.7,0.0,5.8,,1019.5,Fomitopsis mounceae,"Oregon, US",1
f0e43750-97fb-4ddc-8179-31c251338c54,52411107,2020-07-08 11:12:44-07:00,2020-07-08,-121.9047214219,45.365713422,84QW938W+,748.0,,15.0,23.9,,4.5,,1018.6,Fomitopsis mounceae,"Mt. Hood National Forest, Rhododendron, OR, US",1
89c7db8a-6b05-480e-b4e5-8b4972f38f55,51399382,2020-06-29 13:13:56-07:00,2020-06-29,-122.43579167,45.25058,84QV7H27+,387.0,,11.7,22.8,0.0,8.3,,1017.2,Fomitopsis mounceae,"S Upper Highland Rd, Beavercreek, OR, US",1
1ae47821-5d6b-4cae-9a37-0aa49367d573,51179176,2020-06-27 11:23:29-07:00,2020-06-27,-121.99926167,44.77709167,84PWQ2G2+,669.0,,,,,,,,Fomitopsis mounceae,"Breitenbush River, Idanha, OR, US",1
0dcc57bb-55c5-41bd-972a-48c976dd1292,51178521,2020-06-27 12:38:46-07:00,2020-06-27,-121.98139167,44.77732167,84PWQ2G9+,734.0,,,,,,,,Fomitopsis mounceae,"Willamette National Forest, Detroit, OR, US",1
287a116d-9c91-428a-a2ab-a1b378ccef3d,51178490,2020-06-27 12:40:17-07:00,2020-06-27,-121.98203333,44.77765,84PWQ2H9+,734.0,,,,,,,,Fomitopsis mounceae,"Willamette National Forest, Detroit, OR, US",1
1a56491f-9087-4b09-b8b2-df5ba2453773,51112951,2020-06-26 18:47:01-07:00,2020-06-26,-122.0954572384,45.54453073,84QVGWV3+,1023.0,,15.6,30.6,,5.9,,1016.1,Fomitopsis mounceae,"Columbia River Gorge National Scenic Area, Corbett, OR, US",1
b614d0f6-ca71-4b09-a14a-5373ced40a16,50941406,2020-06-11 10:11:25-07:00,2020-06-11,-121.5200607538,45.2195412973,84QW6F9H+,1258.0,,,,,,,,Fomitopsis mounceae,"Mt. Hood National Forest, Maupin, OR, US",2
02243145-167e-403d-b69c-c3fba1ef36da,49290586,2020-06-10 14:51:54-07:00,2020-06-10,-121.57462335,45.13716279,84QW4CPG+,993.0,,,,,,,,Fomitopsis mounceae,"Wasco County, US-OR, US",2
915b16f1-9c5b-4080-a372-e64fba4cf943,45243835,2020-05-07 16:54:05-07:00,2020-05-07,-121.7546084896,45.0892519149,84QW36QW+,1066.0,,,,,,,,Fomitopsis mounceae,"Clackamas County, OR, USA",1
c822dfb7-d535-41d7-9d61-d25a9e37d785,44210009,2020-04-28 12:51:42-07:00,2020-04-28,-121.8874455335,44.5743860029,84PWH4F7+,1119.0,,,,,,,,Fomitopsis mounceae,"Willamette National Forest, Idanha, OR, US",1
16c4a826-5e8c-41ff-886c-3a6359a2037c,41976032,2020-04-11 18:07:15-07:00,2020-04-11,-122.192895,44.71481333,84PVPR74+,521.0,,,,,,,,Fomitopsis mounceae,"Willamette National Forest, Detroit, OR, US",1
3de7ee82-ee69-434b-964f-3b49ad792b8f,41944341,2020-04-11 12:54:14-07:00,2020-04-11,-122.2640729534,45.4985827842,84QVFPXP+,207.0,,8.3,16.7,,4.9,,1020.6,Fomitopsis mounceae,"Corbett, Corbett, OR, US",1
cf51e7b8-a7c8-4518-aefa-3b409b856edc,41509896,2019-03-10 17:42:40-07:00,2019-03-10,-122.1587666667,45.16838,84QV5R9R+,309.0,,1.1,7.8,0.0,28.5,,1022.4,Fomitopsis mounceae,"Mt. Hood National Forest, Estacada, OR, US",1
20f3fcb1-9f9e-4880-b029-c3c71e6f6f07,41445876,2020-03-25 14:49:58-07:00,2020-03-25,-121.8181563914,45.3052229821,84QW854J+,929.0,,,,,,,,Fomitopsis mounceae,"Zigzag, OR 97049, USA",1
6aa5a991-05b8-4424-b158-f9a6397911fc,40832615,2020-03-11 05:27:25-07:00,2020-03-11,-122.3757499094,45.2471028532,84QV6JWF+,333.0,,3.3,13.9,0.0,5.5,,1024.3,Fomitopsis mounceae,"Beavercreek, OR, US",1
4d464fc2-2bec-46ba-a165-4184645f51d8,37852376,2020-01-18 14:11:17+00:00,2020-01-18,-122.13866383,45.52172833,84QVGVC6+,672.0,,2.8,5.6,,31.5,,1023.3,Fomitopsis mounceae,"E Larch Mountain Rd, Corbett, OR, US",1
6ee838ed-55bd-422b-8172-2163d1d0efcb,37731470,2020-01-18 14:11:17+00:00,2020-01-18,-122.13866383,45.52172833,84QVGVC6+,672.0,,2.8,5.6,,31.5,,1023.3,Fomitopsis mounceae,"E Larch Mountain Rd, Corbett, OR, US",1
aa201ea1-8cdf-4ad5-82ec-5e9394a2644f,37634236,2013-04-09,2013-04-09,-122.051,45.5956,84QVHWWX+,64.0,,3.3,13.9,0.0,0.7,,1026.7,Fomitopsis mounceae,"Ainsworth State Park, Multnomah Co., Oregon, USA",2
5fbd7e2c-3368-4768-bb32-26c01edf2eb0,37326038,2019-12-30 16:01:30-08:00,2019-12-30,-121.9057305828,44.6730364405,84PWM3FV+,1314.0,,,,,,,,Fomitopsis mounceae,"Oregon, US",1
78a62bd6-78c6-4b2b-b23d-5fa3dcc4f50b,36575953,2019-12-11 13:51:00+00:00,2019-12-11,-121.94152,45.30390333,84QW8335+,472.0,,5.0,7.2,,26.4,,1016.3,Fomitopsis mounceae,"Mt. Hood National Forest, Welches, OR, US",1
d2b3cbc8-ba7e-4df8-afea-3161cf7ca56d,36089917,2019-09-02 13:28:18-07:00,2019-09-02,-122.1148916667,45.5397116667,84QVGVQP+,827.0,,14.4,28.3,,5.0,,1016.4,Fomitopsis mounceae,"Columbia River Gorge National Scenic Area, Corbett, OR, US",2
83443603-cfcf-4611-beb8-6f86dd7d3d11,35261954,2017-08-06 10:39:15-07:00,2017-08-06,-122.1660056445,45.1384442404,84QV4RQM+,612.0,,14.4,32.2,0.0,4.3,,1013.0,Fomitopsis mounceae,"Oregon, US",1
eae4baed-ea17-4a03-a312-03aa10ba44bf,34893463,2019-10-23 14:42:23-07:00,2019-10-23,-122.1208339557,45.4029851917,84QVCV3H+,350.0,,6.1,15.0,,1.7,,1030.6,Fomitopsis mounceae,"Sandy, OR 97055, USA",1
07d2c3f7-dc0a-4d77-94a8-e98359b1e221,34409981,2019-10-12 16:04:57-07:00,2019-10-12,-122.20860683,44.84560491,84PVRQWR+,680.0,,,,,,,,Fomitopsis mounceae,"Marion County, US-OR, US",1
bc5f7ba4-0b4c-40b7-b9a8-4d065fe4b615,34337592,2019-10-12 15:32:14-07:00,2019-10-12,-122.2110787221,44.8473121506,84PVRQWQ+,638.0,,,,,,,,Fomitopsis mounceae,"Marion County, US-OR, US",1
116c4698-f0f8-4ab5-8a95-ee2b359c9505,34334251,2019-10-12 14:18:13-07:00,2019-10-12,-122.2107583658,44.847881659,84PVRQXQ+,638.0,,,,,,,,Fomitopsis mounceae,"Marion County, US-OR, US",1
f29b4ba3-08ff-46a0-a241-67b48edd3cd1,34334216,2019-10-12 14:13:38-07:00,2019-10-12,-122.2106913944,44.8478394142,84PVRQXQ+,638.0,,,,,,,,Fomitopsis mounceae,"Marion County, US-OR, US",1
bbb63b37-6027-41ae-b8e1-64f2690bd799,34145311,2019-10-09 12:40:05-07:00,2019-10-09,-122.0794971667,45.6280633333,84QVJWHC+,255.0,,2.2,13.9,0.0,3.7,,1026.2,Fomitopsis mounceae,"98648, Stevenson, WA, US",1
25783515-d70f-4e96-a57b-b10a7a13151c,33739694,2019-09-30,2019-09-30,-121.7706527778,45.3064277778,84QW864H+,1163.0,,,,,,,,Fomitopsis mounceae,"Clackamas County, OR, USA",1
6a3600d4-6497-4b33-a391-05a69984be97,32092265,2019-09-03 17:39:28-07:00,2019-09-03,-122.0185916667,45.6405866667,84QVJXRJ+,288.0,,13.3,29.4,,5.6,,1016.0,Fomitopsis mounceae,"Beacon Rock State Park, Stevenson, WA, US",1
13ec27cb-5a91-4421-8425-427d44abe67c,28342943,2019-06-18 13:32:11-07:00,2019-06-18,-122.091236,45.54429,84QVGWV5+,1050.0,,14.4,22.8,0.0,9.0,,1022.9,Fomitopsis mounceae,"Larch Mountain, Corbett, Oregon",1
4ca4f370-71a7-4723-a49a-7e9c0b90167f,27968371,2019-06-29 15:36:00-07:00,2019-06-29,-122.0491533333,45.0787616667,84QV3XH2+,471.0,,,,,,,,Fomitopsis mounceae,"Clackamas County, OR, USA",1
1155846a-0c62-4b15-a7fa-bd5401c68b9e,27197257,2019-06-17 14:02:29-07:00,2019-06-17,-121.9104823853,45.3333613657,84QW83MQ+,541.0,,15.0,26.7,0.0,6.8,,1019.7,Fomitopsis mounceae,"Mt. Hood National Forest, Rhododendron, OR, US",1
d76f57ad-e0ff-44ae-8f49-111ad4eb060d,26898277,2019-06-08 11:58:00-07:00,2019-06-08,-122.205,44.8455555556,84PVRQWW+,673.0,,,,,,,,Fomitopsis mounceae,"Marion County, OR, USA",2
b042e142-1e37-4d63-810a-2e81d459bca9,25348739,2018-10-02 14:00:59-07:00,2018-10-02,-121.9439171255,45.3082176865,84QW8354+,478.0,,14.4,21.7,0.0,5.2,,1010.1,Fomitopsis mounceae,"Welches, OR 97067, USA",1
25a21fb2-7a3a-4e95-9ee9-53b2d38e2b7e,25286862,2019-05-17 13:00:35-07:00,2019-05-17,-122.2236466667,45.1959033333,84QV5QWG+,300.0,,11.7,17.2,,14.9,,1012.9,Fomitopsis mounceae,"Mt. Hood National Forest, Estacada, OR, US",1
a354f39d-2008-4ebf-bde3-ff0a0f31e46f,18372368,2018-11-11 14:23:18-08:00,2018-11-11,-122.1987044404,45.3749873734,84QV9RF2+,356.0,,6.1,11.7,,34.1,,1028.6,Fomitopsis mounceae,"Oregon, US",1
fd404e91-0d26-4f3c-8e67-d41946dc6f1d,15096898,2018-08-03 17:43:25-07:00,2018-08-03,-122.1754383333,45.511305,84QVGR6F+,514.0,,17.8,24.4,,6.9,,1019.0,Fomitopsis mounceae,"48000 SE Donahue Rd, Corbett, OR, US",1
6b689485-d873-488e-b177-868d3415854c,14403809,2018-07-14 16:43:20-07:00,2018-07-14,-122.18264179,45.37058635,84QV9RC8+,382.0,,15.0,32.8,0.0,5.1,,1017.6,Fomitopsis mounceae,"46500 US-26, Sandy, OR 97055, USA",3
ed511366-f745-4adc-8356-c3ec7a0882d6,13820881,2018-06-26 09:40:07-07:00,2018-06-26,-122.0803971667,45.3164,84QV8W89+,966.0,,11.7,24.4,0.0,7.0,,1020.7,Fomitopsis mounceae,"Mt. Hood National Forest, Estacada, OR, US",2
42a9815d-88d9-40e7-b731-2ee9633e2e04,13337330,2018-06-11 09:36:45-07:00,2018-06-11,-121.5693181716,45.5180129962,84QWGC9J+,501.0,,7.8,25.0,0.0,16.2,,1019.2,Fomitopsis mounceae,"Toll Bridge Park, Mount Hood Parkdale, OR, US",1
31b036ed-2868-4544-bebe-df14a35b08bf,13065790,2018-05-31 12:40:37-07:00,2018-05-31,-121.9768184184,45.2855234027,84QW72PF+,669.0,,10.6,17.8,,3.4,,1014.3,Fomitopsis mounceae,"Oregon, US",1
144938ab-8478-4b31-8e49-8157fcc4ce91,10771776,2018-04-10 19:05:07-07:00,2018-04-10,-121.6317796615,45.5180700962,84QWG999+,557.0,,7.8,18.3,,13.8,,1013.2,Fomitopsis mounceae,"Mt. Hood National Forest, Mount Hood Parkdale, OR, US",1
02d7060b-0d0e-4eb3-bfd7-bdde3bbc6ce1,10747285,2018-04-09 16:38:46-07:00,2018-04-09,-121.9138156292,45.3273601643,84QW83GP+,519.0,,5.6,18.3,0.0,16.1,,1020.5,Fomitopsis mounceae,"Clackamas County, US-OR, US",1
337cca5b-36c0-4152-99b9-5af419c4c083,10140516,2018-03-08 09:41:00-08:00,2018-03-08,-122.5033623584,45.2349692651,84QV6FMW+,237.0,,5.0,12.8,,19.0,,,Fomitopsis mounceae,"Oregon, US",1
57c6e2c5-5fc4-4f5e-a5c4-200f31787f78,9799328,2018-02-02 10:01:31-08:00,2018-02-02,-122.4735633333,45.3640533333,84QV9G7G+,116.0,,8.9,15.6,,7.1,,1025.5,Fomitopsis mounceae,"Oregon City, OR  97045, Oregon City, OR, US",2
30c3305b-2e5f-4901-97cb-32e60498621f,6722041,2017-06-17 13:49:13-07:00,2017-06-17,-122.29988,45.4887583333,84QVFPQ2+,80.0,,13.3,22.2,,3.6,,1020.8,Fomitopsis mounceae,"Oxbow Park, Gresham, OR, US",1
6f988855-1e79-4497-ad30-41b7e42d8848,6490507,2017-06-03 15:27:45-07:00,2017-06-03,-122.091869535,45.530893947,84QVGWJ5+,1184.0,,13.9,19.4,0.0,6.4,,1017.1,Fomitopsis mounceae,"Multnomah County, US-OR, US",1
e7470e8f-cb02-4074-bc01-939c6d56574b,6142109,2017-05-08 11:50:49-07:00,2017-05-08,-121.8431383186,45.6787661417,84QWM5H4+,152.0,,5.0,22.2,0.0,6.8,,1020.4,Fomitopsis mounceae,"Mt. Hood National Forest, Cascade Locks, OR, US",1
e74c7dc3-7df6-45f0-b473-766a73165af5,5988985,2017-04-26 16:01:26-07:00,2017-04-26,-121.943695,45.3086783333,84QW8354+,513.0,,8.9,13.3,,11.5,,1013.6,Fomitopsis mounceae,"Mt. Hood National Forest, Welches, OR, US",1
bd165079-206b-4ff5-a497-a0a818c8d01e,4040799,2016-03-20 12:38:48-07:00,2016-03-20,-122.0742333333,45.115925,84QV4W8G+,379.0,,,,,,,,Fomitopsis mounceae,"Mt. Hood National Forest, Estacada, OR, US",3
f8637bce-8bc2-4315-bad8-31b2065d1b41,3841131,2016-08-06 10:47:00-07:00,2016-08-06,-121.9704401493,44.7719800502,84PWQ2CH+,741.0,,,,,,,,Fomitopsis mounceae,"Marion County, OR, USA",1
28f028da-0141-4765-af43-45decc34e236,1856071,2015-08-12 11:11:52-07:00,2015-08-12,-121.955287,45.323619,84QW82FV+,424.0,,19.4,32.2,0.0,3.4,,1013.7,Fomitopsis mounceae,"27450 E Welches Rd, Mount Hood Village, OR, US",1
3d421800-825a-4b0a-af00-703cddc515ac,444370,2013-10-22,2013-10-22,-122.2,44.8,84PVRR22+,980.0,,,,,,,,Fomitopsis mounceae,"Opal creek, Or",1
58fe4103-971d-44d5-8c5d-3c8d1897fd60,312303209,2025-09-07 11:41:02-06:00,2025-09-07,-105.5015551997,39.4063647997,85FPCF4X+,2428.0,,1.8,15.6,0.8,11.2,,1020.5,Fomitopsis mounceae,"Bailey, CO 80421, USA",1
0f0a83b7-360b-4411-9869-0040ca5bf2ce,312294648,2025-09-07 10:59:47-06:00,2025-09-07,-105.5022964444,39.4051322778,85FPCF4X+,2444.0,,1.8,15.6,0.8,11.2,,1020.5,Fomitopsis mounceae,"Bailey, CO 80421, USA",1
9f7552f8-4705-4354-ae89-b35f7693c1bf,236366366,2024-08-16 10:47:57-06:00,2024-08-16,-107.960609755,37.8850206709,859JV2PQ+,3191.0,,12.0,25.0,0.0,11.9,,1033.2,Fomitopsis mounceae,"Colorado, US",1
9baa6ada-27be-429c-9033-357ee190b549,392547558,2026-08-17 10:28:57-07:00,2026-08-17,-122.1627055,44.4894166667,84PVFRQP+,732.0,,,,,,,,Fomitopsis mounceae,"Linn County, US-OR, US",1
ba43b851-d94a-4e21-b2b3-f33001352ab8,388012176,2026-08-03 13:05:19-07:00,2026-08-03,-122.2129500657,45.9195100153,84QVWQ9P+,343.0,,10.6,29.4,0.0,2.8,,,Fomitopsis mounceae,"Amboy, WA 98601, USA",2
f2fc0592-33a4-40ef-9e29-b2327f7aa9b8,383793486,2026-07-21 10:04:28-07:00,2026-07-21,-121.9963133333,44.3652033333,84PW9283+,983.0,,,,,,,,Fomitopsis mounceae,"Willamette National Forest, Sisters, OR, US",1
600ad770-27ae-440a-bcf7-c55839eda5cf,383782680,2025-11-12 13:27:54-08:00,2025-11-12,-121.5929026299,45.8668231259,84QWVC84+,1092.0,,6.0,12.0,0.0,2.2,,1013.8,Fomitopsis mounceae,"Klickitat County, US-WA, US",1
2dcdfae5-b53b-464e-8adc-e06b0a039aae,382656147,2026-07-08 10:10:12-07:00,2026-07-08,-122.8370480217,45.3880072391,84QV95Q7+,45.0,,12.2,27.2,0.0,4.1,,,Fomitopsis mounceae,"Main Trail, Sherwood, OR, US",1
d7ec0ddc-9d4c-4c5c-aebe-2ea2f7d711a1,381246899,2026-07-13 11:11:50-07:00,2026-07-13,-122.1259681256,45.756639999,84QVQV4F+,494.0,,10.6,30.0,0.0,2.7,,,Fomitopsis mounceae,United States,1
267ba848-946b-420b-9259-bddde327e973,380773963,2026-07-12 11:56:01-07:00,2026-07-12,-122.8370883333,45.3879133333,84QV95Q7+,45.0,,11.7,26.1,0.0,4.7,,,Fomitopsis mounceae,"Tualatin River National Wildlife Refuge, Sherwood, OR, US",1
59f89186-0a3e-471a-9a08-9280a86ef56d,380513451,2026-07-11 13:36:36-07:00,2026-07-11,-122.7017966667,45.52238,84QVG7CX+,117.0,,15.6,25.0,0.0,5.0,,1015.8,Fomitopsis mounceae,"SW Lewis and Clark Cir, Portland, OR, US",1
8dcd861d-8ae5-4410-88b2-e796286d6a2c,376367318,2026-06-28 09:40:31-07:00,2026-06-28,-122.7123466667,45.5263133333,84QVG7GQ+,221.0,,13.3,20.0,0.0,4.8,,1018.3,Fomitopsis mounceae,"NW Monte Vista Terr, Portland, OR, US",1
17cb1745-9f2a-4876-9dcb-28b2217a0445,375144134,2026-06-24 14:30:33-07:00,2026-06-24,-122.46173,45.7800466667,84QVQGJQ+,169.0,,16.1,31.1,0.0,4.8,,1015.4,Fomitopsis mounceae,"NE 206th Ave, Battle Ground, WA, US",1
035d5cba-29aa-491e-a340-d283dcf683ab,368052215,2026-05-31 17:05:45-07:00,2026-05-31,-122.4589015917,44.6055819188,84PVJG4R+,1062.0,,,,,,,,Fomitopsis mounceae,"Linn County, US-OR, US",1
ae158a27-6865-450f-8334-0fb11e8d8e39,368052183,2026-05-31 17:05:32-07:00,2026-05-31,-122.4588878428,44.6055797827,84PVJG4R+,1062.0,,,,,,,,Fomitopsis mounceae,"Linn County, US-OR, US",1
f17d8008-838b-4183-9eb7-785df0349781,367718823,2026-06-01 15:00:00-07:00,2026-06-01,-122.7193018,45.5312335,84QVG7JJ+,131.0,,10.6,28.9,0.0,4.7,,1020.5,Fomitopsis mounceae,"Lower Macleay Trail, Portland, OR 97210, USA",1
2a113039-1b4b-4cac-8130-2f1c647d6be5,366946452,2026-05-30 10:38:10-07:00,2026-05-30,-122.8187116667,45.6051033333,84QVJ54J+,215.0,,6.4,19.0,0.0,8.9,,,Fomitopsis mounceae,"Forest Park, Portland, OR, US",1
b285ab5b-4aa1-4c69-a7b2-282161b16658,366945062,2026-05-30 12:14:56-07:00,2026-05-30,-122.8224116667,45.60223,84QVJ52H+,214.0,,6.4,19.0,0.0,8.9,,,Fomitopsis mounceae,"Forest Park, Portland, OR, US",1
c0727a37-d279-44f1-9a45-b196364eddff,360439278,2026-01-31 15:16:57-08:00,2026-01-31,-122.7359728,45.5250145072,84QVG7G7+,219.0,,4.0,16.0,0.0,4.9,,1020.9,Fomitopsis mounceae,"Portland, OR, US",1
de7731df-7087-4b42-bcc6-4b3458be04a4,359714976,2026-05-08 15:15:04-07:00,2026-05-08,-122.6370076463,44.8697005866,84PVV997+,476.0,,7.8,20.6,0.0,9.0,,,Fomitopsis mounceae,Silver Falls State Park,1
a5060e7b-9bd0-4e80-9b19-a4d515a682c4,355073391,2026-04-25 11:42:52-07:00,2026-04-25,-122.8322359174,45.38219154,84QV95J9+,39.0,,7.2,20.0,0.0,7.5,,,Fomitopsis mounceae,"Pacific Hwy & Tualatin Rvr Refuge, Oregon 97140, USA",1
b555cbc4-eca6-40f3-ad67-170ac468bde9,351760161,2026-04-19 08:23:58-07:00,2026-04-19,-122.8369232616,45.3872463006,84QV95P7+,41.0,,8.9,22.8,0.0,2.3,,,Fomitopsis mounceae,"Main Trail, Sherwood, OR, US",1
b45b3376-dd12-4aaa-8904-00ae0af84e55,351552122,2026-04-19 18:17:20-07:00,2026-04-19,-122.8231666667,45.6050716667,84QVJ54G+,226.0,,6.7,23.9,0.0,4.5,,,Fomitopsis mounceae,"NW Newberry Rd, Portland, OR, US",1
da48d1b2-e0d8-42aa-94ff-947d0bd85cb9,351538150,2026-04-18 10:09:57-07:00,2026-04-18,-122.8368243612,45.3879351129,84QV95Q7+,45.0,,3.3,21.7,0.0,0.7,,,Fomitopsis mounceae,"Main Trail, Sherwood, OR, US",1
86a1d341-9cfa-46be-8072-fca90031c690,349259703,2026-04-12 08:16:11-07:00,2026-04-12,-122.837005,45.3880083333,84QV95Q7+,45.0,,8.3,12.2,1.1,4.6,,,Fomitopsis mounceae,"Tualatin River National Wildlife Refuge, Sherwood, OR, US",2
48a7cce1-75c8-401f-9fc0-5634926ad4bb,348469533,2026-04-05 14:31:04-07:00,2026-04-05,-122.6370076463,44.8697005866,84PVV997+,476.0,,6.7,25.0,0.0,2.5,,,Fomitopsis mounceae,"Silverton, OR 97381, USA",1
15fa5d37-1a62-4128-9b07-991cbbdf1d0a,345711431,2026-03-28 10:39:33-07:00,2026-03-28,-122.84523,45.4976,84QVF5X3+,62.0,,7.0,17.0,0.0,6.5,,1019.8,Fomitopsis mounceae,"Big Fir Trail, Beaverton, OR, US",1
50cb5de3-be29-4cd6-b915-e8fe4b4e85b6,345104945,2023-12-09 14:14:33-08:00,2023-12-09,-122.720345,45.5320333333,84QVG7JH+,136.0,,1.7,6.7,11.2,15.5,,1026.2,Fomitopsis mounceae,"Wildwood Trail, Portland, OR, US",2
5a0cef71-edcb-4528-9c4f-5dde5d9264f2,345008565,2024-07-01 15:27:09-07:00,2024-07-01,-122.317405,45.7509916667,84QVQM2M+,501.0,,16.1,27.2,0.0,5.6,,1020.5,Fomitopsis mounceae,"Yacolt, WA, US",1
6e37331a-4e85-4715-8ae2-8a7a31019496,344578495,2026-03-22 17:30:38-07:00,2026-03-22,-122.7305419054,45.3828051627,84QV97M9+,55.0,,2.0,15.0,0.0,12.0,,1025.3,Fomitopsis mounceae,"SW Nyberg Ln, Tualatin, OR, US",1
6556b2fc-59e3-4874-a434-4fd322e7e7b5,344219915,2026-03-20 17:02:06-07:00,2026-03-20,-122.8369916667,45.38803,84QV95Q7+,45.0,,12.0,16.0,1.2,8.0,,1020.4,Fomitopsis mounceae,"Tualatin River National Wildlife Refuge, Sherwood, OR, US",1
d01eaa6c-139b-4f98-9eb2-7ddbd1593737,343981160,2026-03-19 17:00:34-07:00,2026-03-19,-122.7221966667,45.5365416667,84QVG7PH+,173.0,,11.0,17.0,0.0,4.6,,1021.0,Fomitopsis mounceae,"Wildwood Trail, Portland, OR, US",1
462ededf-7cd6-456b-81c0-fdab953dff43,343675466,2026-03-18 11:53:07-07:00,2026-03-18,-122.7178573608,45.5195465088,84QVG79J+,213.0,,9.0,21.0,0.0,6.6,,1018.5,Fomitopsis mounceae,Portland,1
07e1c072-6397-4955-800c-a59fa800eaf5,341732012,2026-03-07 10:48:50-08:00,2026-03-07,-122.4919752717,45.4207240912,84QVCGC5+,109.0,,9.0,17.0,0.3,4.7,,1027.3,Fomitopsis mounceae,"SE 162nd Ave, Happy Valley, OR, US",1
3a16af57-97b1-4beb-96e2-35dbe6f85b7d,341591807,2026-03-06 14:15:39-08:00,2026-03-06,-122.8369366667,45.3880883333,84QV95Q7+,45.0,,7.0,11.0,2.0,11.1,,1030.2,Fomitopsis mounceae,"Main Trail, Sherwood, OR, US",2
cbf95154-88b8-43a9-a6b3-f19a1ea9671b,341066779,2025-08-06 12:58:56-07:00,2025-08-06,-122.0952205174,44.3243511757,84PV8WF3+,1447.0,,,,,,,,Fomitopsis mounceae,"Cascadia, OR, US",2
c1fb9edf-9a1a-4a78-9e20-2752dbe7694a,340695717,2026-02-28 16:34:32-08:00,2026-02-28,-122.6278456683,45.3832697644,84QV99MC+,63.0,,2.8,11.0,0.0,4.9,,,Fomitopsis mounceae,"Willamette Dr, West Linn, OR, US",1
3093b6bf-66b9-4371-a917-c9aa7e9b1229,340684935,2026-02-28 14:12:33-08:00,2026-02-28,-122.837005,45.3880383333,84QV95Q7+,45.0,,2.8,11.0,0.0,4.9,,,Fomitopsis mounceae,"Tualatin River National Wildlife Refuge, Sherwood, OR, US",1
77bd12d4-d8be-49ba-b751-32e238973d8c,340539070,2026-02-27 14:29:15-08:00,2026-02-27,-122.6783854142,45.5150549818,84QVG88C+,43.0,,0.0,13.3,0.0,2.6,,1026.9,Fomitopsis mounceae,"SW Madison & 4th, Portland, OR 97204, USA",2
7ae0d9b2-578a-4c4f-a7d4-3683ad0805f9,340359136,2026-02-26 12:55:32-08:00,2026-02-26,-122.7193018422,45.5312333545,84QVG7JJ+,131.0,,1.7,12.2,0.0,2.5,,1027.4,Fomitopsis mounceae,"Portland, OR 97210, USA",1
da8aad7c-0e0b-4b4f-932d-e2fb99ac48fe,340352995,2026-02-26 12:55:58-08:00,2026-02-26,-122.7245483398,45.5282707214,84QVG7HG+,142.0,,1.7,12.2,0.0,2.5,,1027.4,Fomitopsis mounceae,Portland,1
fe5f04d7-13a1-45c4-8c5f-802f1da9f2d3,340314705,2026-02-04 12:59:43-08:00,2026-02-04,-122.7130366667,45.50425,84QVG73P+,224.0,,5.0,14.4,0.0,10.1,,1025.6,Fomitopsis mounceae,"SW Humphrey Blvd, Portland, OR, US",1
e0cac1e5-4d85-45c6-8c81-980d90131deb,339512206,2026-02-20 16:40:31-08:00,2026-02-20,-121.9159851074,45.8241996765,84QWR3FM+,325.0,,-1.0,6.2,0.0,1.4,,,Fomitopsis mounceae,"Skamania County, US-WA, US",1
cdf44e0e-408b-492b-848b-15ac1b251ffe,338745030,2026-02-15 08:39:53-08:00,2026-02-15,-122.8416966667,45.49855,84QVF5X5+,64.0,,5.0,9.0,0.0,3.9,,,Fomitopsis mounceae,"Big Fir Trail, Beaverton, OR, US",1
e333326f-7dec-453b-8e5b-53b2e95b290e,338592873,2026-02-14 10:00:48-08:00,2026-02-14,-122.8452987671,45.4975585938,84QVF5X3+,62.0,,2.8,8.9,0.7,3.3,,,Fomitopsis mounceae,Beaverton,1
b99f20f6-366e-4285-afa7-70d2a5817474,338249641,2026-02-11 13:35:02-08:00,2026-02-11,-122.7861558997,45.5958759,84QVH6W7+,61.0,,2.6,13.8,0.0,12.0,,1017.2,Fomitopsis mounceae,"NW St Helens & 105th, Portland, OR 97231, USA",1
16723d66-7b56-445e-8e27-658516097334,337848765,2026-02-05 13:02:00-08:00,2026-02-05,-122.8398007656,45.49842171,84QVF5X6+,70.0,,0.0,15.0,0.0,5.0,,1019.7,Fomitopsis mounceae,"Cooper Mountain - Aloha North, Beaverton, OR, USA",2
5a6f4937-d143-40f2-ac4b-dcbbd8e57f90,337765422,2026-02-06 13:51:29-08:00,2026-02-06,-122.6828,45.435,84QVC8P8+,97.0,,1.1,13.9,0.0,11.5,,1020.0,Fomitopsis mounceae,"Portland, OR, US",3
bde8febe-ed54-489f-ad41-5916a6032253,337625550,2026-02-05 11:35:47-08:00,2026-02-05,-122.7605288,45.4194496,84QVC69Q+,50.0,,-1.0,16.0,0.0,4.5,,1019.3,Fomitopsis mounceae,"Metzger, OR, USA",2
f03ded37-9214-47a6-b6c7-cdf87a90e5b0,337496880,2026-02-04 10:15:04-08:00,2026-02-04,-121.9577620807,45.8223863456,84QWR2CR+,405.0,,5.0,8.0,0.0,1.8,,,Fomitopsis mounceae,"Carson, WA, US",1
55d586a3-a22e-466a-bc97-2ea4eae48b0a,336863403,2026-01-31 12:23:09-08:00,2026-01-31,-122.7306029887,44.6900436888,84PVM7R9+,357.0,,2.2,13.9,0.0,3.6,,1020.2,Fomitopsis mounceae,"Scio, OR, US",1
f5ec0471-3a09-4a16-aee1-dc7353b7b3b9,336726949,2026-01-30 11:01:47-08:00,2026-01-30,-122.7865761,45.5959515997,84QVH6W7+,61.0,,7.0,9.0,0.0,9.6,,1024.8,Fomitopsis mounceae,"NW St Helens & 105th, Portland, OR 97231, USA",1
4eebe602-baab-404c-a2e4-215e88018e2e,336409011,2026-01-27 16:02:32-08:00,2026-01-27,-122.8497133997,45.4983491997,84QVF5X2+,65.0,,-2.0,8.0,0.0,4.5,,1021.0,Fomitopsis mounceae,"Washington County, US-OR, US",4
12d2622a-e92b-494f-98ff-feac125cba0e,336407211,2026-01-27 16:03:13-08:00,2026-01-27,-122.8497693,45.4983365,84QVF5X2+,65.0,,-2.0,8.0,0.0,4.5,,1021.0,Fomitopsis mounceae,"Cooper Mountain - Aloha North, Beaverton, OR, USA",2
a65919b9-ca01-44f2-a44b-870c78594c86,335915512,2025-12-20 11:43:34-08:00,2025-12-20,-122.69328921,45.4552770522,84QVF844+,102.0,,6.7,10.0,0.0,12.3,,1016.6,Fomitopsis mounceae,"SW 12th Dr, Portland, OR, US",2
7f966b29-394d-4656-8023-d3debbaca032,335291514,2025-10-17 14:23:08-07:00,2025-10-17,-121.9359666667,45.9500333333,84QWX327+,513.0,,7.0,16.0,0.0,4.4,,1019.4,Fomitopsis mounceae,"Carson, WA 98610, USA",1
7addad14-5f8b-45f9-98d5-c90ff6527e37,335281324,2026-01-18 12:35:24-08:00,2026-01-18,-122.674855,45.434045,84QVC8MG+,62.0,,-1.7,8.3,0.0,12.6,,1026.4,Fomitopsis mounceae,"Tryon Creek State Natural Area, Portland, OR, US",2
d358bf4c-ef00-40a5-bb28-c342ffbdde72,335264695,2026-01-17 12:53:58-08:00,2026-01-17,-122.2011277778,45.9400361111,84QVWQRX+,435.0,,4.0,7.0,0.0,42.6,,1025.6,Fomitopsis mounceae,"Amboy, WA 98601, USA",1
1afb667e-41b8-410a-a3ed-101e67e6b63e,334783999,2026-01-14 15:27:55-08:00,2026-01-14,-122.5103694444,45.4807083333,84QVFFJQ+,102.0,,-1.1,7.0,0.0,3.1,,1032.0,Fomitopsis mounceae,"Pleasant Valley, Portland, OR, USA",1
9d972147-c9a4-4d05-960b-8a16ee8fe492,334540987,2026-01-12 11:03:17-08:00,2026-01-12,-122.83708,45.3880366667,84QV95Q7+,45.0,,2.0,12.0,0.0,2.6,,1029.4,Fomitopsis mounceae,"Tualatin River National Wildlife Refuge, Sherwood, OR, US",3
28f62244-351b-4d81-8bea-95886ce089aa,334321397,2025-11-28 12:22:00-08:00,2025-11-28,-122.7987972222,44.99255,84PVX6V2+,77.0,,6.1,13.9,2.3,14.5,,1020.4,Fomitopsis mounceae,"Silverton, OR 97381, USA",1
751acd7d-16fb-4ead-9514-ef921f6170c0,334131808,2026-01-09 13:22:13-08:00,2026-01-09,-122.837005,45.3880616667,84QV95Q7+,45.0,,2.0,8.0,0.1,1.7,,1032.5,Fomitopsis mounceae,"Main Trail, Sherwood, OR, US",1
6d5053d6-c4d4-4704-8aa7-e972f632a0dd,333632581,2026-01-05 10:43:55-08:00,2026-01-05,-122.83963,45.49848,84QVF5X6+,70.0,,1.0,9.0,0.0,2.7,,1013.8,Fomitopsis mounceae,"SW Millikan Way, Beaverton, OR, US",2
9c0de3b0-5d49-49af-b63d-48f52827ce70,333221707,2026-01-02 16:34:37-08:00,2026-01-02,-122.8370866622,45.3880062845,84QV95Q7+,45.0,,5.0,9.0,1.1,6.4,,1008.2,Fomitopsis mounceae,"Main Trail, Sherwood, OR, US",2
c22fdd4d-6849-4e20-93fc-cc352b3f417f,333221694,2026-01-02 16:34:18-08:00,2026-01-02,-122.8370205506,45.3879950348,84QV95Q7+,45.0,,5.0,9.0,1.1,6.4,,1008.2,Fomitopsis mounceae,"Main Trail, Sherwood, OR, US",2
41c1a53e-bf8e-4526-b3d9-81e6ef795c85,333060955,2026-01-01 12:53:05-08:00,2026-01-01,-122.8368888889,45.3878083333,84QV95Q7+,45.0,,0.0,4.0,2.0,3.1,,1010.1,Fomitopsis mounceae,"Bull Mountain, Tigard, OR, USA",2
d6d5bba0-dfea-4074-9f74-6482a8f92214,332831372,2025-12-30 14:42:21-08:00,2025-12-30,-122.7198191471,45.3857251424,84QV97PJ+,44.0,,-2.0,10.0,0.0,1.7,,1024.3,Fomitopsis mounceae,"Oregon, US",2
5e61d80a-2d4e-4604-be48-b1b8b74ae606,332830843,2025-12-30 14:34:37-08:00,2025-12-30,-122.7712538426,45.260229731,84QV766H+,60.0,,-2.0,10.0,0.0,1.7,,1024.3,Fomitopsis mounceae,"Oregon, US",2
66eae1fd-d7ba-42ee-913e-19d9831cc787,332830814,2025-12-30 14:33:16-08:00,2025-12-30,-122.6009909299,45.3252230741,84QV89GX+,135.0,,-2.0,10.0,0.0,1.7,,1024.3,Fomitopsis mounceae,"Oregon, US",2
d44c27b5-b274-4321-b488-63fc2ef8baae,332765589,2025-12-30 11:08:59-08:00,2025-12-30,-122.8369705193,45.3880537022,84QV95Q7+,45.0,,-2.0,10.0,0.0,1.7,,1024.3,Fomitopsis mounceae,"Bull Mountain, Tigard, OR, USA",1
275e5fba-cf14-4ca6-9fff-5f25e9a4dfc0,332362481,2025-12-27 15:02:02-08:00,2025-12-27,-122.8783044207,45.3262481689,84QV84GC+,121.0,,3.0,8.0,0.3,3.9,,1026.7,Fomitopsis mounceae,"Oregon, US",1
bcb07a94-9da7-49af-b1e0-a3b95d0b4ccd,332362445,2025-12-27 14:59:53-08:00,2025-12-27,-122.9633518413,45.2298704766,84QV62HP+,52.0,,1.0,8.0,0.0,7.1,,1026.4,Fomitopsis mounceae,"Oregon, US",2
4f33710c-bf9e-4d48-92f3-731b3637a8fb,331990824,2025-12-23 16:58:57-08:00,2025-12-23,-122.8369416667,45.3880361111,84QV95Q7+,45.0,,6.0,8.0,2.0,7.6,,1008.1,Fomitopsis mounceae,"Bull Mountain, Tigard, OR, USA",1
51face49-7748-4716-9428-1d7b5c37c055,331771363,2025-08-18 11:22:48-07:00,2025-08-18,-122.50753,45.44403,84QVCFVR+,275.0,,16.7,26.1,0.0,6.1,,1016.3,Fomitopsis mounceae,"Boomer Trail, Happy Valley, OR, US",2
b0a513dd-c918-4ef2-8259-6ebcf7c73174,331607373,2025-12-20 14:25:22-08:00,2025-12-20,-122.3869033333,45.8315283333,84QVRJJ7+,178.0,,5.6,10.6,8.4,5.5,,1015.9,Fomitopsis mounceae,"NE Lucia Falls Rd, Yacolt, WA, US",2
9da82a6a-3ebd-412f-883d-7e7a84aa0811,331561781,2025-12-20 14:09:57-08:00,2025-12-20,-122.3948722222,45.5978333333,84QVHJX4+,56.0,,5.6,10.6,8.4,5.5,,1015.9,Fomitopsis mounceae,"HJW4+R5 Lower Falls, Camas, WA 98607, USA",2
78db5367-26e4-4d76-bf42-b3e24f885f29,331378398,2025-09-29 12:17:50-07:00,2025-09-29,-122.7200916667,45.5143383333,84QVG77H+,271.0,,16.0,18.0,0.8,8.6,,1010.2,Fomitopsis mounceae,"SW Fairview Blvd, Portland, OR, US",3
2a85f6f2-3bdb-4008-8e36-c3083b471ada,330799366,2025-12-14 10:05:59-08:00,2025-12-14,-122.7202942313,45.5320619473,84QVG7JH+,136.0,,6.0,11.0,0.0,5.5,,1018.0,Fomitopsis mounceae,"Wildwood Trail, Portland, OR, US",1
06971228-22f0-4d84-becd-18eaf6035ac9,330528815,2025-12-12 13:22:53-08:00,2025-12-12,-122.7222216667,45.5365133333,84QVG7PH+,173.0,,11.0,15.0,0.0,3.5,,1022.1,Fomitopsis mounceae,"Wildwood Trail, Portland, OR, US",1
41dac415-a9ae-441d-8718-51d0bec0a83a,330410242,2025-12-11 12:47:31-08:00,2025-12-11,-121.9370081323,45.9065370784,84QWW347+,463.0,,11.0,15.0,1.7,4.6,,1020.9,Fomitopsis mounceae,"Lower Falls Creek Trail, Carson, WA, US",1
b1dac6ab-f360-479a-819b-e632f4b27311,329919197,2025-12-07 16:10:24-08:00,2025-12-07,-122.8370888889,45.3880194444,84QV95Q7+,45.0,,9.0,13.0,2.3,11.2,,1020.4,Fomitopsis mounceae,"Bull Mountain, Tigard, OR, USA",2
0b0a4d9a-4bf1-47d4-a1c5-7fcf28c95904,329768244,2025-12-06 14:01:48-08:00,2025-12-06,-122.1347416667,44.3945466667,84PV9VV8+,1295.0,,,,,,,,Fomitopsis mounceae,"Linn County, US-OR, US",1
42c90625-cfea-44ba-9383-05d4e2896384,329603630,2025-12-05 11:48:37-08:00,2025-12-05,-122.7176966667,45.5176916667,84QVG79J+,219.0,,8.0,14.0,1.1,12.9,,1016.1,Fomitopsis mounceae,"SW Bray Ln, Portland, OR, US",2
22a3be2c-b1bd-4d58-a6ad-d68b0eab145e,329134876,2025-11-29 10:56:36-08:00,2025-11-29,-122.640725,44.8630133333,84PVV975+,457.0,,1.1,10.0,0.0,2.8,,1020.1,Fomitopsis mounceae,"Silver Falls State Park, Sublimity, OR, US",2
3c3b49d3-ba89-44af-bb37-a08d925caf6b,329133618,2025-11-29 11:43:24-08:00,2025-11-29,-122.6351466667,44.8611666667,84PVV967+,469.0,,1.1,10.0,0.0,2.8,,1020.1,Fomitopsis mounceae,"Silver Falls State Park, Sublimity, OR, US",2
cffc12df-6664-453b-b21d-ed5c625d2dbe,329133173,2025-11-29 11:55:03-08:00,2025-11-29,-122.6343166667,44.860375,84PVV968+,467.0,,1.1,10.0,0.0,2.8,,1020.1,Fomitopsis mounceae,"Silver Falls State Park, Sublimity, OR, US",1
bd8201e1-3421-43c9-bfab-b8f6afe6876e,328804312,2025-11-29 12:01:28-08:00,2025-11-29,-122.8369534778,45.3880202731,84QV95Q7+,45.0,,4.0,10.0,0.2,4.8,,1020.5,Fomitopsis mounceae,"Main Trail, Sherwood, OR, US",1
f0895a70-dfa1-4bb5-85fb-499a61690d08,328804279,2025-11-29 12:03:12-08:00,2025-11-29,-122.8370517462,45.3880303218,84QV95Q7+,45.0,,4.0,10.0,0.2,4.8,,1020.5,Fomitopsis mounceae,"Main Trail, Sherwood, OR, US",3
81e87cf0-19cc-4298-93d8-cb5fb870eb79,328463106,2025-11-25 14:51:28-08:00,2025-11-25,-122.6567555556,44.8528972222,84PVV83V+,546.0,,2.2,9.4,3.0,8.6,,1024.2,Fomitopsis mounceae,"V82Q+XX Catamount Trailhead, Mehama, OR 97385, USA",1
d33c6a6f-8b14-4ba6-9d9d-16cad42e56ef,328462925,2025-11-25 14:46:39-08:00,2025-11-25,-122.6579972222,44.8528694444,84PVV83R+,546.0,,2.2,9.4,3.0,8.6,,1024.2,Fomitopsis mounceae,"V82Q+XX Catamount Trailhead, Mehama, OR 97385, USA",2
508be292-d4fc-4ee9-8fe0-35a89351a421,328462720,2025-11-25 14:37:26-08:00,2025-11-25,-122.6594027778,44.8524166667,84PVV82R+,546.0,,2.2,9.4,3.0,8.6,,1024.2,Fomitopsis mounceae,"V82Q+XX Catamount Trailhead, Mehama, OR 97385, USA",2
d0b6e5ce-ab84-4035-9d76-7e3634adcfef,328450605,2025-11-15 14:33:00-08:00,2025-11-15,-121.6343694444,45.7958416667,84QWQ9W8+,443.0,,7.0,16.0,0.1,2.2,,1013.7,Fomitopsis mounceae,"Skamania County, WA, USA",1
5e7ee93f-ebcd-4c54-b740-8fb4643dfc20,328314532,2025-11-15 14:23:00-08:00,2025-11-15,-121.6347361111,45.7956055556,84QWQ9W8+,443.0,,7.0,16.0,0.1,2.2,,1013.7,Fomitopsis mounceae,"Skamania County, WA, USA",1
ceed336a-7ab9-468e-8ec0-f7ef07c74823,328271696,2025-11-19 12:53:31-08:00,2025-11-19,-122.8006073089,45.5913830828,84QVH5RX+,265.0,,1.0,13.0,0.2,8.2,,1014.8,Fomitopsis mounceae,"Wildwood Trail, Portland, OR, US",1
077e2ca2-7ea7-42c4-9d93-76a8e87008e8,328123944,2025-11-24 13:20:13-08:00,2025-11-24,-122.8369666667,45.3879716667,84QV95Q7+,45.0,,4.0,11.0,2.7,3.3,,1028.1,Fomitopsis mounceae,"Main Trail, Sherwood, OR, US",1
a9873653-fe00-4ee4-b568-104fb4ad4f2e,328121426,2025-11-24 13:44:44-08:00,2025-11-24,-122.836945,45.3875583333,84QV95Q7+,45.0,,4.0,11.0,2.7,3.3,,1028.1,Fomitopsis mounceae,"Main Trail, Sherwood, OR, US",1
a0fadba6-3588-4a48-9e1c-3a74b0f9b443,327788965,2025-11-22 13:55:20-08:00,2025-11-22,-122.6473166667,44.879325,84PVV9H3+,522.0,,3.3,6.1,0.0,4.6,,1022.0,Fomitopsis mounceae,"Silver Falls Hwy SE, Sublimity, OR, US",1
6f9f6961-3194-40ca-afc3-a453d87fddf3,327698193,2020-06-09 14:42:52-07:00,2020-06-09,-122.7155216667,45.52858,84QVG7HM+,203.0,,10.6,18.9,11.4,13.0,,1021.3,Fomitopsis mounceae,"Cumberland Trail, Portland, OR, US",1
b2cd39bb-77e1-49b9-896d-43677d55310e,327611330,2023-12-07 09:45:58-08:00,2023-12-07,-122.6462633333,44.8555416667,84PVV943+,464.0,,2.8,8.9,4.1,16.9,,1015.5,Fomitopsis mounceae,"Sublimity, OR, US",1
eb2d548a-9954-49af-a32c-e6db540f3c32,327431600,2025-11-20 14:38:19-08:00,2025-11-20,-122.7018030507,45.5224195403,84QVG7CX+,117.0,,6.0,13.0,1.4,10.2,,1018.7,Fomitopsis mounceae,"Washington Park, Portland, OR, US",1
2b1d50e0-dd35-4cf5-af6b-3e1282c7f7b0,327166197,2025-11-17 11:36:03-08:00,2025-11-17,-122.8375443444,45.3894867647,84QV95Q6+,44.0,,3.0,12.0,2.1,5.5,,1012.6,Fomitopsis mounceae,Tualatin River refuge,1
a9d40ec3-b425-408a-8e7f-63a9fac04e6a,326818983,2025-11-15 14:16:40-08:00,2025-11-15,-122.7168116667,45.5193333333,84QVG79M+,213.0,,11.0,16.0,0.1,10.5,,1013.2,Fomitopsis mounceae,"SW Bray Ln, Portland, OR, US",1
c583b2a7-1a70-41d0-9bcb-4ef09db424fc,326092896,2025-11-11 14:04:35-08:00,2025-11-11,-122.6610542521,45.410073613,84QVC86Q+,48.0,,9.0,13.0,0.0,4.9,,1019.5,Fomitopsis mounceae,"Old River Rd, Lake Oswego, OR, US",1
11683941-6091-48b9-80af-079c56254ea2,326064042,2025-11-11 09:05:17-08:00,2025-11-11,-122.6900927893,45.5017858465,84QVG825+,173.0,,9.0,13.0,0.0,4.9,,1019.5,Fomitopsis mounceae,"SW Tenth Ave, Portland, OR, US",1
022f19f2-4ab7-42b4-a740-066ea6b5345b,325606782,2025-11-08 16:38:39-08:00,2025-11-08,-122.6214911231,44.8843793688,84PVV9MH+,483.0,,5.6,14.4,0.0,6.2,,1019.9,Fomitopsis mounceae,"Silver Falls Hwy SE, Sublimity, OR, US",1
3c5284b6-b5dd-48f0-8774-2345395d9fc7,325604904,2025-11-08 16:37:32-08:00,2025-11-08,-122.6360783333,44.8843616667,84PVV9M7+,458.0,,5.6,14.4,0.0,6.2,,1019.9,Fomitopsis mounceae,"Silver Falls Hwy SE, Sublimity, OR, US",1
c0629990-57b1-4223-88b5-0daef00568d5,325577187,2025-11-08 13:32:49-08:00,2025-11-08,-121.8804469564,45.8169734018,84QWR489+,308.0,,2.0,11.0,0.0,1.0,,1025.4,Fomitopsis mounceae,"Skamania County, US-WA, US",2
8f17b476-6953-4621-b70a-dd2b2cc3372b,324732226,2025-10-31 12:10:30-07:00,2025-10-31,-122.2113386332,44.3799785623,84PV9QHQ+,879.0,,,,,,,,Fomitopsis mounceae,"Oregon, US",1
daa0b44e-f13d-4419-b6c4-990f653bb1cf,324646807,2025-11-02 14:16:31-08:00,2025-11-02,-122.4750283333,44.398075,84PV9GXF+,268.0,,,,,,,,Fomitopsis mounceae,"Cascadia, OR, US",2
d4ff52de-ba98-4de0-8ea1-2857ea341c9d,324615111,2025-11-01 17:10:48-07:00,2025-11-01,-122.8028422389,45.5936440509,84QVH5VW+,282.0,,6.0,17.0,0.5,9.7,,1016.2,Fomitopsis mounceae,"Portland, OR, US",2
177caa7e-822d-4b0f-9d7b-e6f2a3d3499f,324217268,2025-10-31 11:08:57-07:00,2025-10-31,-122.2371161032,44.3574360029,84PV9Q47+,1056.0,,,,,,,,Fomitopsis mounceae,"Oregon, US",2
f5e0cdd5-079d-43c3-b668-6006714c2635,323567437,2025-10-27 14:52:05-07:00,2025-10-27,-122.6233781454,44.8667409174,84PVV98G+,517.0,,6.7,13.9,0.8,10.3,,1025.5,Fomitopsis mounceae,"Silver Falls State Park, Sublimity, OR, US",1
bc2ab653-3e6a-4935-b10b-01ff7d8bcb03,323396803,2025-10-26 16:26:00-07:00,2025-10-26,-122.8017116667,45.5965216667,84QVH5WX+,259.0,,7.0,11.0,1.8,6.7,,1014.8,Fomitopsis mounceae,"Wildwood Trail, Portland, OR, US",2
c3409ed1-042a-45d1-8ef6-4bc83ae06898,322714697,2025-10-23 22:16:16-07:00,2025-10-23,-122.6341288953,45.3932979105,84QV99V8+,32.0,,9.0,17.0,0.0,2.1,,1019.6,Fomitopsis mounceae,"Oregon, US",1
cd83323b-b199-437f-8ca0-233b9dd6ba94,322344832,2025-10-21 17:06:08-07:00,2025-10-21,-122.6752077089,45.440600184,84QVC8RF+,92.0,,6.0,18.0,0.0,5.4,,1020.2,Fomitopsis mounceae,"Ruth Pennington Trillium Trail, Portland, OR, US",1
9d26bdf3-744e-427d-adf9-55a169579ce2,322130997,2025-10-20 15:20:33-07:00,2025-10-20,-122.68349485,45.44419109,84QVC8V8+,68.0,,10.0,17.0,0.0,4.9,,1027.3,Fomitopsis mounceae,"Forest Highlands, Portland, OR, USA",1
e9a234f9-ea94-4537-8c89-682583fa459b,322107994,2025-10-20 13:07:35-07:00,2025-10-20,-122.83698393,45.387995126,84QV95Q7+,45.0,,7.0,17.0,0.0,4.5,,1027.5,Fomitopsis mounceae,"Main Trail, Sherwood, OR, US",2
54c4fedc-19ae-400d-ac81-6cd5d74e4d21,322090604,2025-10-16 15:36:00-07:00,2025-10-16,-121.685678022,44.3934315127,84PW98V7+,1021.0,,-4.0,17.0,0.0,4.3,,1020.9,Fomitopsis mounceae,"Jefferson County, OR, USA",1
1f5afca1-198a-4f9b-b8bb-dfa532a759d8,322068728,2025-10-14 16:52:03-07:00,2025-10-14,-122.7872260423,45.5299714913,84QVG6H7+,122.0,,4.0,17.0,0.0,16.0,,1015.2,Fomitopsis mounceae,"Portland, OR, US",1
9199331c-570c-4724-b74b-b5a188333f58,322007450,2025-10-17 13:04:00-07:00,2025-10-17,-122.6722604717,44.953598538,84PVX83H+,444.0,,5.6,17.2,0.0,6.1,,1020.8,Fomitopsis mounceae,"Oregon, US",1
b0377499-4b2f-4136-b2a4-f91d6dbe19c2,321168281,2025-10-09 14:05:22-07:00,2025-10-09,-121.9151749814,45.9919944383,84QWX3RM+,946.0,,10.0,18.0,4.6,0.8,,1012.8,Fomitopsis mounceae,"Skamania County, US-WA, US",1
e2a6e13d-4185-4802-80e7-c68ab5c8e432,320881986,2025-10-10 12:40:34-07:00,2025-10-10,-122.6370076463,44.8697005866,84PVV997+,476.0,,10.0,16.1,1.3,4.9,,,Fomitopsis mounceae,"Silverton, OR 97381, USA",1
5d68cb56-6738-463c-92d9-386fed09ab52,320295003,2025-10-11 14:31:18-07:00,2025-10-11,-121.9887113183,45.9518242939,84QWX226+,702.0,,8.0,13.0,1.2,2.2,,,Fomitopsis mounceae,"Skamania County, US-WA, US",1
857de271-ab65-429e-a3c6-7c4fbbf41426,320042818,2025-10-10 18:49:23-07:00,2025-10-10,-121.9826889038,45.8792190552,84QWV2H8+,359.0,,8.0,15.0,0.5,1.9,,,Fomitopsis mounceae,Carson,1
89fe5e68-4e20-4df9-bf30-1a78449d0de5,319611869,2025-10-08 11:27:03-07:00,2025-10-08,-122.8368083333,45.3875283333,84QV95Q7+,45.0,,9.4,14.4,0.0,2.9,,1010.8,Fomitopsis mounceae,"Main Trail, Sherwood, OR, US",1
01796af3-32c3-4b09-9043-15ef13250b65,316431620,2025-09-23 16:37:30-07:00,2025-09-23,-121.6958768468,45.9941134485,84QWX8V3+,1115.0,,6.0,27.0,0.0,2.0,,1019.5,Fomitopsis mounceae,"Skamania County, US-WA, US",1
4e1179e4-f00c-44fa-a286-8c5c8a94c8cd,315995810,2025-09-20 09:35:36-07:00,2025-09-20,-122.8369133333,45.3880216667,84QV95Q7+,45.0,,11.0,26.0,0.0,6.8,,1015.0,Fomitopsis mounceae,"Main Trail, Sherwood, OR, US",1
c6391070-2143-436b-9004-8bd4b9168c36,315993939,2025-09-21 15:20:27-07:00,2025-09-21,-122.7243613283,45.5271268242,84QVG7GG+,142.0,,13.0,22.0,0.5,10.4,,1017.0,Fomitopsis mounceae,"Wildwood Trail, Portland, OR, US",1
3774feb8-6cbb-48e8-96fa-59e9b0fb89a8,315436593,2025-09-07 10:51:08-07:00,2025-09-07,-122.0279833333,45.7650116667,84QVQX8C+,449.0,,16.0,24.0,0.0,7.4,,1018.0,Fomitopsis mounceae,"Pacific Crest Trail, Carson, WA, US",1
25e8175d-f77e-494b-9ffe-1542be3fecfb,314649397,2025-09-17 12:08:58-07:00,2025-09-17,-122.6760073829,45.441202106,84QVC8RF+,92.0,,15.0,28.0,0.0,10.8,,1017.6,Fomitopsis mounceae,"Ruth Pennington Trillium Trail, Portland, OR, US",1
d799cf86-9e47-4f9a-90e6-4484aa678e23,314048857,2025-09-13 10:43:54-07:00,2025-09-13,-122.27468,44.40113,84PVCP2G+,477.0,,,,,,,,Fomitopsis mounceae,"Willamette National Forest, Cascadia, OR, US",1
6dd46fb3-682e-432e-8104-7f5b3218cc9c,313275329,2025-09-11 11:35:16-07:00,2025-09-11,-122.7177583333,45.5196133333,84QVG79J+,213.0,,17.0,20.0,0.0,8.0,,1016.8,Fomitopsis mounceae,"SW Fischer Ln, Portland, OR, US",1
60512b2d-96b0-460f-a902-28e116b8d825,312335861,2025-09-07 21:02:47-07:00,2025-09-07,-122.7308370173,45.528554624,84QVG7H9+,164.0,,17.0,24.0,0.0,7.5,,1018.7,Fomitopsis mounceae,"Portland, OR 97210, USA",1
ac8a3204-9b6b-4a1d-aa43-0351db4b9a50,312040759,2025-09-06 14:55:04-07:00,2025-09-06,-122.8505172729,45.4988632202,84QVF4XX+,75.0,,17.0,22.0,0.8,7.6,,1013.8,Fomitopsis mounceae,Beaverton,1
4881b7fc-3a77-4c5c-82d0-f253158c139b,311522769,2024-03-24 14:52:52-07:00,2024-03-24,-122.454995,44.6474916667,84PVJGWW+,1000.0,,,,,,,,Fomitopsis mounceae,"Gates, OR, US",2
1b477ec2-54d1-4a7e-9c86-d5a76caa8625,311350361,2024-03-24 14:53:28-07:00,2024-03-24,-122.4550033333,44.6475916667,84PVJGXV+,1000.0,,,,,,,,Fomitopsis mounceae,"Gates, OR, US",1
40597e21-0f3c-45ee-ab0f-421d77645111,310957601,2025-08-31 11:45:27-07:00,2025-08-31,-121.8073559516,45.9392484081,84QWW5QV+,1301.0,,15.8,29.1,0.0,8.9,,1014.8,Fomitopsis mounceae,"Skamania County, US-WA, US",1
e2a7116d-c4d9-4e23-ac10-d5191996973a,310912919,2025-08-31 11:05:10-07:00,2025-08-31,-121.8000306608,45.9284460954,84QWW5HX+,1224.0,,15.8,29.1,0.0,8.9,,1014.8,Fomitopsis mounceae,"Skamania County, US-WA, US",1
4cedbc4e-b07b-4fc7-bead-4fad7cfb1290,309087495,2025-08-24 08:19:31-07:00,2025-08-24,-121.8299571391,46.0011156344,84RW252C+,1325.0,,15.0,38.0,0.0,3.1,,1011.6,Fomitopsis mounceae,"Skamania County, US-WA, US",1
09ddda04-d43b-49b2-af72-4a563008398b,307190682,2025-08-17 20:00:44-07:00,2025-08-17,-122.6422318278,45.4375711444,84QVC9Q5+,15.0,,17.8,26.1,0.0,8.3,,1015.7,Fomitopsis mounceae,"Oregon, US",3
0ee3f38c-28d9-4346-a6d4-f90a3656536c,306930377,2025-08-16 16:12:44-07:00,2025-08-16,-122.7488864055,45.5517698704,84QVH722+,270.0,,16.7,23.9,4.1,6.8,,1015.6,Fomitopsis mounceae,"Forest Park Conservancy, Portland, OR, US",2
09b6025b-8c4b-45c5-9961-034153586738,306899999,2025-08-16 12:49:04-07:00,2025-08-16,-122.8937814581,45.4024265259,84QVC424+,53.0,,17.0,22.8,3.6,8.2,,1015.1,Fomitopsis mounceae,"Oregon, US",2
c7594828-2f26-4326-b1f8-e44c9d9d683e,306383170,2025-08-14 18:08:28-07:00,2025-08-14,-122.6444967901,45.516339189,84QVG984+,40.0,,17.2,26.7,0.0,8.6,,1015.8,Fomitopsis mounceae,"SE Belmont St, Portland, OR, US",1
5029e66c-1136-49fb-b38f-fe0852022e17,305447599,2023-10-07 12:34:00-07:00,2023-10-07,-121.9291222222,45.9091611111,84QWW35C+,506.0,,9.8,24.2,0.0,8.8,,1016.3,Fomitopsis mounceae,"Skamania County, WA, USA",1
0776ee7c-6981-4536-975e-d0f505584a43,305143852,2025-08-09 14:24:53-07:00,2025-08-09,-122.6763386188,45.4292997476,84QVC8HF+,67.0,,15.6,30.6,0.0,9.7,,1019.5,Fomitopsis mounceae,"Oregon, US",1
1ae78d1e-32cb-4f54-a43a-535b9674c8da,304882856,2025-08-06 12:11:00-07:00,2025-08-06,-122.4738992,44.3995212,84PV9GXG+,279.0,,,,,,,,Fomitopsis mounceae,"Cascadia County Park, 48241 Cascadia Dr, Cascadia, OR 97329, USA",1
c5a30852-188c-46c8-b178-9ca5922639fb,304749821,2025-04-09 12:01:06-07:00,2025-04-09,-121.998405,44.3471033333,84PW82W2+,870.0,,,,,,,,Fomitopsis mounceae,"Waterfalls Trail, Sisters, OR, US",1
7675dbbb-085d-4a8f-a9fd-f47fffed1361,304749771,2025-04-09 12:00:39-07:00,2025-04-09,-121.998405,44.34718,84PW82W2+,870.0,,,,,,,,Fomitopsis mounceae,"Waterfalls Trail, Sisters, OR, US",1
10981ce8-0bad-416b-a564-8fa23972e909,304728503,2025-08-05 10:24:41-07:00,2025-08-05,-122.0325555,44.298225,84PV7XX8+,709.0,,,,,,,,Fomitopsis mounceae,"Willamette National Forest, Cascadia, OR, US",1
001f6374-57e4-4a41-9aeb-3caae7509db6,304686538,2025-08-06 11:38:00-07:00,2025-08-06,-122.484765,44.3966665,84PV9GW8+,269.0,,,,,,,,Fomitopsis mounceae,"Cascadia, OR, USA",1
64d3a6a8-b938-4f31-8130-4d34a18e119e,304622501,2025-07-26 16:09:04-07:00,2025-07-26,-122.6461496,44.857824,84PVV953+,462.0,,13.3,24.4,0.0,9.0,,1014.4,Fomitopsis mounceae,"Sublimity, OR 97385, USA",1
cf7473a6-8fa2-4970-8e47-5b7526b15162,304600737,2025-08-06 19:29:34-07:00,2025-08-06,-121.9951982796,45.6985211058,84QWM2X3+,806.0,,16.1,21.1,9.5,5.3,,1019.9,Fomitopsis mounceae,"Stevenson, WA 98648, USA",1
eedde638-23cb-4c99-80bd-2302dbc7ee6b,304586728,2025-08-07 15:29:28-07:00,2025-08-07,-122.8357524762,45.3882785665,84QV95Q7+,45.0,,16.1,22.8,0.0,7.8,,1022.7,Fomitopsis mounceae,"Tualatin River, Sherwood, OR, US",2
05d8537e-1928-4d86-a340-b3ae03f616fc,303589105,2025-08-03 12:39:29-07:00,2025-08-03,-122.8125916667,45.5974166667,84QVH5WP+,287.0,,15.0,22.8,0.0,10.6,,1021.6,Fomitopsis mounceae,"Portland, OR, US",1
188825ae-1e4e-448d-be50-05634e10765f,302493775,2025-07-29 09:46:55-07:00,2025-07-29,-122.2725,45.6931116667,84QVMPVH+,826.0,,13.3,33.3,0.0,5.0,,1018.6,Fomitopsis mounceae,"Washougal, WA, US",1
7a363295-d3d5-4727-b0aa-b5504f01ffe1,301692295,2025-07-27 17:19:24-07:00,2025-07-27,-122.6757761063,45.4408519067,84QVC8RF+,92.0,,13.3,26.7,0.0,8.3,,1016.4,Fomitopsis mounceae,"Ruth Pennington Trillium Trail, Portland, OR, US",1
f36ac220-2e54-43f5-8dc7-9a3eeca0ddf4,299615988,2025-07-20 10:28:54-07:00,2025-07-20,-122.9271749767,45.2782203037,84QV73HF+,47.0,,13.3,20.6,0.0,6.9,,1015.9,Fomitopsis mounceae,"Oregon, US",1
cd91e677-01cc-4b3b-af34-082d0cac99c7,299224895,2025-07-17 13:56:57-07:00,2025-07-17,-122.092925,44.3984883333,84PV9WX4+,1090.0,,,,,,,,Fomitopsis mounceae,"Willamette National Forest, Idanha, OR, US",1
38f351aa-d3bc-4836-8985-7b6656c2af95,298345424,2025-07-15 13:19:46-07:00,2025-07-15,-121.9371866667,45.906555,84QWW347+,463.0,,12.0,32.0,0.0,2.0,,1015.0,Fomitopsis mounceae,"Lower Falls Creek Trail, Carson, WA, US",1
c869debc-564c-4e66-90f6-3d6f78c6f0e2,296815207,2025-07-10 10:58:58-07:00,2025-07-10,-122.675709773,45.4407142358,84QVC8RF+,92.0,,17.2,26.7,0.0,10.8,,1022.7,Fomitopsis mounceae,"SW Terwilliger Blvd, Portland, OR, US",2
b86c42fd-9871-4a20-b167-c1bfec57ff92,296649395,2025-06-15 14:46:21-07:00,2025-06-15,-122.7015744265,44.9439048787,84PVW7VX+,420.0,,6.1,25.0,0.0,8.6,,1019.3,Fomitopsis mounceae,"Marion County, US-OR, US",2
175756d7-f43a-4ea8-920a-80abb2a95940,295797025,2025-07-06 13:03:53-07:00,2025-07-06,-122.5074783333,45.44398,84QVCFVV+,275.0,,11.7,30.0,0.0,5.1,,1019.5,Fomitopsis mounceae,"Scouters Mountain Nature Park, Happy Valley, OR, US",2
f7027b36-e318-45b9-9082-77dca7bb82f2,293928054,2025-06-29 11:23:58-07:00,2025-06-29,-122.1531,44.3984916667,84PV9RXW+,1440.0,,,,,,,,Fomitopsis mounceae,"Willamette National Forest, Idanha, OR, US",1
03a54439-5004-43bc-ac3e-bf95b1c367cd,292969181,2025-06-26 10:02:19-07:00,2025-06-26,-122.7237466667,45.5292633333,84QVG7HG+,195.0,,14.4,21.7,0.0,6.8,,1017.0,Fomitopsis mounceae,"Wildwood Trail, Portland, OR, US",1
89a1404c-592f-4052-9746-4e72a98963bc,292969135,2025-06-26 09:59:14-07:00,2025-06-26,-122.7237083333,45.5291583333,84QVG7HG+,195.0,,14.4,21.7,0.0,6.8,,1017.0,Fomitopsis mounceae,"Wildwood Trail, Portland, OR, US",1
8e6ced4a-2872-4e2d-8f8a-f281e59b6224,292535863,2025-06-24 15:37:16-07:00,2025-06-24,-121.8173625919,45.9466492992,84QWW5WM+,1312.0,,11.0,29.0,0.0,2.7,,1013.4,Fomitopsis mounceae,"Skamania County, US-WA, US",1
7ca138c2-c742-431f-a45a-7dfbbe316ca6,291972398,2025-06-22 15:00:52-07:00,2025-06-22,-122.1401055,44.3950366667,84PV9VW5+,1326.0,,,,,,,,Fomitopsis mounceae,"Willamette National Forest, Idanha, OR, US",2
c7609de1-b21b-4e72-8b01-37d4640c9036,286686342,2025-06-03 18:00:47-07:00,2025-06-03,-121.6614685059,45.9701080322,84QWX8CQ+,931.0,,7.0,25.0,0.0,3.2,,1020.6,Fomitopsis mounceae,"Skamania County, US-WA, US",1
0d034bec-b1aa-4f2e-96f2-72de873ff2d4,286079996,2025-06-01 12:32:04-07:00,2025-06-01,-121.923025,45.8191111111,84QWR39G+,333.0,,7.0,24.0,0.0,1.8,,1021.9,Fomitopsis mounceae,"Carson, WA 98610, USA",2
6bb63b8d-daad-41d9-9170-c90f7666abd2,284702264,2025-05-27 15:25:45-07:00,2025-05-27,-122.6903383333,45.5016533333,84QVG825+,173.0,,9.4,28.9,0.0,9.4,,1019.0,Fomitopsis mounceae,"SW Tenth Ave, Portland, OR, US",1
550c48f5-41c9-443c-b12a-7c1f9babdbd3,284507850,2025-05-25 10:44:00-07:00,2025-05-25,-122.7400398519,44.5801375391,84PVH7J5+,209.0,,8.3,19.4,0.0,9.7,,1016.5,Fomitopsis mounceae,"Lacomb, OR 97355, USA",1
ee2b2325-8e9d-4de5-97ae-fa21f655708c,284503572,2025-05-25 10:05:00-07:00,2025-05-25,-122.484765,44.3966665,84PV9GW8+,269.0,,,,,,,,Fomitopsis mounceae,"Cascadia, OR, USA",1
866ffa5b-c4dd-455e-b7ef-bf83002d384f,284503201,2025-05-25 10:00:00-07:00,2025-05-25,-122.484765,44.3966665,84PV9GW8+,269.0,,,,,,,,Fomitopsis mounceae,"Cascadia, OR, USA",1
fd7bd8c4-7b9e-4be9-982a-4687e3332982,284192789,2025-05-25 14:06:41-07:00,2025-05-25,-122.7265166667,45.526745,84QVG7GF+,211.0,,11.1,18.9,0.0,6.5,,1016.3,Fomitopsis mounceae,"Wildwood Trail, Portland, OR, US",2
3cfaaa84-e3d1-49d9-bbe8-5f31e7328e8c,283454848,2025-05-23 12:17:18-07:00,2025-05-23,-122.8370133333,45.38805,84QV95Q7+,45.0,,10.0,20.0,0.0,6.3,,1019.5,Fomitopsis mounceae,"Main Trail, Sherwood, OR, US",1
a16bfb3e-b0bb-4bc7-91b4-298b194f0a33,282924826,2025-05-13 15:35:09-07:00,2025-05-13,-121.9861833333,45.8828277778,84QWV2M7+,393.0,,10.0,15.0,0.0,3.5,,1015.6,Fomitopsis mounceae,"Carson, WA 98610, USA",1
e0ea523e-94da-477d-8197-36366409e394,281838548,2025-05-17 11:22:08-07:00,2025-05-17,-122.837097168,45.3880310059,84QV95Q7+,45.0,,11.1,16.7,,8.9,,1014.9,Fomitopsis mounceae,Sherwood,1
b918b34c-97fe-4759-9a8e-e1cbf9a40503,280124531,2025-05-10 12:35:30-07:00,2025-05-10,-122.6418583333,44.8823888889,84PVV9J5+,504.0,,7.2,20.6,0.0,9.7,,1016.4,Fomitopsis mounceae,"Silverton, OR 97381, USA",1
7f24c605-0aa7-494c-87fa-d4fb8d3fc49e,279942477,2025-05-05 13:29:26-07:00,2025-05-05,-121.8317080252,45.9588738503,84QWX559+,1271.0,,1.0,23.0,0.0,0.9,,1022.4,Fomitopsis mounceae,"Skamania County, US-WA, US",1
f94add2d-130a-4770-b624-d9b8693b51c3,279555796,2025-05-01 15:53:49-07:00,2025-05-01,-121.9455527297,45.8172439581,84QWR383+,401.0,,4.0,25.0,0.0,3.0,,1016.2,Fomitopsis mounceae,"Whistle Punk Trail, Carson, WA, US",1
435a3b71-62bd-4cdd-b15b-17fc65efdeae,278470020,2025-05-03 15:17:40-07:00,2025-05-03,-122.3876416667,45.6017616667,84QVJJ26+,116.0,,10.0,16.1,2.1,8.0,,1019.9,Fomitopsis mounceae,"Lacamas Regional Park, Camas, WA, US",1
3e275d2b-331b-48ce-8e82-40f57b658041,278228092,2025-05-03 12:53:30-07:00,2025-05-03,-122.0321027778,44.294775,84PV7XV9+,696.0,,,,,,,,Fomitopsis mounceae,"Blue River, OR 97413, USA",1
774cc185-8d1b-41e4-9444-5513bc68b9e5,278216383,2025-05-03 12:47:38-07:00,2025-05-03,-122.0317194444,44.2949722222,84PV7XV9+,696.0,,,,,,,,Fomitopsis mounceae,"Blue River, OR 97413, USA",1
7add0f88-af86-4cfb-976c-81831ceea5d7,278202108,2025-05-03 11:17:08-07:00,2025-05-03,-122.0007472217,44.3452116667,84PV8XWX+,852.0,,,,,,,,Fomitopsis mounceae,"McKenzie River National Recreation Trail, Sisters, OR, US",1
4a1a93ca-a271-437a-ba61-b9ebeb3c9428,277513096,2025-05-01 14:28:32-07:00,2025-05-01,-121.9092980296,45.8126089831,84QWR37R+,317.0,,4.0,25.0,0.0,3.0,,1016.2,Fomitopsis mounceae,"Old Blaisdell Rd, Carson, WA, US",1
bb93324f-4420-450e-bb08-71150d0173cb,276106348,2025-04-28 13:05:55-07:00,2025-04-28,-122.8372607997,45.3879664997,84QV95Q7+,45.0,,9.4,17.8,0.0,2.4,,1025.7,Fomitopsis mounceae,"Bull Mountain, Tigard, OR, USA",2
f9e65fe4-8ca2-43e4-b56a-fdf3ed606152,275293258,2025-04-27 17:09:38-07:00,2025-04-27,-121.5458442432,45.9244090717,84QWWFF3+,967.0,,7.0,15.0,0.0,5.0,,1016.0,Fomitopsis mounceae,"Trout Lake, WA, US",1
33a44da1-2056-4f31-a078-a6678eedc7bf,274997155,2025-04-25 13:00:24-07:00,2025-04-25,-121.6436996389,45.8018302778,84QWR924+,427.0,,3.0,25.0,0.0,2.6,,1009.2,Fomitopsis mounceae,"Cook, WA 98605, USA",1
92648ec7-423c-4b32-b581-f3e33f6b7910,274924779,2025-04-27 11:51:19-07:00,2025-04-27,-122.7208327661,45.5303833405,84QVG7JH+,131.0,,6.1,17.2,0.0,7.6,,1019.2,Fomitopsis mounceae,"Macleay Park, Portland, OR, US",2
16447563-e0a3-46cc-b6ef-05a11a00b2c9,272590756,2025-04-12 15:03:10-07:00,2025-04-12,-122.7871866667,45.5911333333,84QVH6R7+,164.0,,2.8,13.3,,8.2,,1027.9,Fomitopsis mounceae,"Portland, OR, US",3
66bbe5b7-b290-43f6-9184-878a75e3f2f3,272328999,2025-04-22 08:27:24-07:00,2025-04-22,-121.9999383333,44.3441366667,84PW82V2+,870.0,,,,,,,,Fomitopsis mounceae,"Willamette National Forest, Sisters, OR, US",1
09148cbc-2587-4cd3-8c27-376187e289c3,271784904,2025-04-20 11:28:20-07:00,2025-04-20,-122.7577133333,45.2956966667,84QV76WR+,36.0,,5.6,13.9,1.2,5.3,,1025.3,Fomitopsis mounceae,"Memorial Park, Wilsonville, OR, US",1
fd124673-0df6-4735-84ca-ccbdad7fad96,271644799,2025-04-19 17:51:56-07:00,2025-04-19,-122.6729331538,45.4553486004,84QVF84G+,146.0,,8.9,18.3,0.5,11.5,,1022.7,Fomitopsis mounceae,"Forest Highlands, Portland, OR, USA",1
15ed5c8b-c631-4259-bd63-49c88a172c14,270101226,2025-04-12 18:37:10-07:00,2025-04-12,-122.4671022989,45.6987076176,84QVMGXM+,104.0,,6.7,14.4,0.3,9.0,,1027.4,Fomitopsis mounceae,United States,1
5356e9e6-b1c8-4215-8533-2ebf059c8891,270066660,2025-01-07 13:32:13-08:00,2025-01-07,-122.6900866667,45.5016833333,84QVG825+,173.0,,2.2,9.4,0.0,11.9,,1032.4,Fomitopsis mounceae,"SW Tenth Ave, Portland, OR, US",1
cbda0030-90a7-4958-89c5-c3e1312a39bd,269620820,2025-04-09 12:01:01-07:00,2025-04-09,-121.998405,44.3471033333,84PW82W2+,870.0,,,,,,,,Fomitopsis mounceae,"Willamette National Forest, Sisters, OR, US",2
ee054895-e9b2-4f02-9007-4be647827aec,269620763,2025-04-09 12:00:39-07:00,2025-04-09,-121.998405,44.34718,84PW82W2+,870.0,,,,,,,,Fomitopsis mounceae,"Willamette National Forest, Sisters, OR, US",1
e1ab7cc9-5bf6-496b-ae6c-d3c75766ad43,268354832,2025-04-02 11:15:35-07:00,2025-04-02,-122.8409913997,45.4969127,84QVF5W5+,68.0,,3.3,11.7,1.6,4.9,,1015.1,Fomitopsis mounceae,"Cooper Mountain - Aloha North, Beaverton, OR, USA",2
b334a612-265b-4423-8d1a-3488005fcc1d,267622473,2025-03-29 14:29:08-07:00,2025-03-29,-121.9632568359,45.8575706482,84QWV25P+,366.0,,2.3,12.8,0.2,8.5,,1017.5,Fomitopsis mounceae,"Skamania County, US-WA, US",1
fa42510b-932a-4882-b377-54f30b6525e7,267622181,2025-03-28 18:11:18-07:00,2025-03-28,-121.9958724976,45.8826446533,84QWV2M3+,399.0,,4.2,13.2,10.3,8.7,,1009.6,Fomitopsis mounceae,"Skamania County, US-WA, US",1
0f94ee3a-e9ed-4732-a42c-c8a67d11e9ad,267589137,2025-03-29 08:13:29-07:00,2025-03-29,-122.6158176629,44.8622127041,84PVV96M+,512.0,,6.1,13.9,0.5,10.8,,1017.1,Fomitopsis mounceae,"Silver Falls State Park, Sublimity, OR, US",1
7d1008a2-46b8-44ac-ba23-06adb9f5c18e,267132269,2025-03-25 14:06:58-07:00,2025-03-25,-122.8219692154,45.2325036308,84QV65MH+,59.0,,10.6,25.0,0.0,7.4,,1016.0,Fomitopsis mounceae,"Oregon, US",1
0cfc8ef9-c33b-4380-b373-2a068789fbbc,266843975,2025-03-24 10:26:17-07:00,2025-03-24,-122.1321555,45.6840333333,84QVMVM9+,247.0,,11.7,20.0,0.6,9.6,,1022.2,Fomitopsis mounceae,"Washougal River Rd, Washougal, WA, US",1
b7874945-e764-4c33-9a11-a2e242eb57f4,266132628,2025-03-19 12:04:06-07:00,2025-03-19,-122.6521893207,44.8907478035,84PVV8RX+,453.0,,5.0,11.7,0.5,12.2,,1019.5,Fomitopsis mounceae,"Silver Falls State Park, Sublimity, OR, US",2
fbc86c8c-ee79-4122-b10d-661537510ac9,266005998,2025-03-19 09:32:31-07:00,2025-03-19,-122.7284916667,45.5273166667,84QVG7GC+,161.0,,7.2,11.1,,14.5,,1020.3,Fomitopsis mounceae,"NW Cornell Rd, Portland, OR, US",1
81f4144d-685b-432d-9268-7aab5054552c,265978256,2024-09-10 11:22:01-07:00,2024-09-10,-122.7179378,45.5196277,84QVG79J+,213.0,,15.0,27.2,0.0,7.6,,1012.0,Fomitopsis mounceae,"Arlington Heights, Portland, OR, USA",1
9809915a-1bcc-4f80-9131-39d61a02efb8,265974851,2025-03-18 17:25:23-07:00,2025-03-18,-122.3953587,45.5187316,84QVGJ93+,94.0,,4.4,12.2,,6.8,,1027.1,Fomitopsis mounceae,"Northeast, Gresham, OR, USA",1
327c32b2-c98f-4e9d-9f6c-413629d43040,265883161,2024-09-12 15:24:23-07:00,2024-09-12,-122.5500480997,45.4265642,84QVCCGX+,216.0,,15.0,21.1,0.8,7.9,,1014.4,Fomitopsis mounceae,"Damascus, OR 97015, USA",1
43b3887d-7f37-42f8-9627-77f6cac593ad,265878934,2025-03-18 14:43:20-07:00,2025-03-18,-122.3959837997,45.5171611997,84QVGJ83+,99.0,,4.4,12.2,,6.8,,1027.1,Fomitopsis mounceae,"Northeast, Gresham, OR, USA",1
4eba343b-7620-43f0-9fda-2ff20e0d9fc1,264772162,2025-03-09 14:41:51-07:00,2025-03-09,-122.5680995407,44.9286588154,84PVWCHJ+,407.0,,2.8,15.6,0.8,16.2,,1017.4,Fomitopsis mounceae,"Marion County, US-OR, US",3
937230d2-6390-45b6-b7fd-8921d7d35ddf,264711622,2025-03-09 13:31:15-07:00,2025-03-09,-122.7236356214,45.4709288274,84QVF7CG+,111.0,,5.6,17.2,5.3,15.5,,1017.5,Fomitopsis mounceae,"7500 Block SW 45th, Portland, OR 97219, USA",2
e9c21f37-713b-4e07-984e-b5efe8e839ec,264629686,2025-01-11 14:36:00-08:00,2025-01-11,-122.6282722222,45.5777805556,84QVH9HC+,8.0,,6.1,9.4,1.8,5.0,,1034.9,Fomitopsis mounceae,"Northeast Portland, Portland, OR, USA",1
eaf9a6e9-55f6-435f-b8e6-aca31f6e2651,264585469,2025-03-08 13:01:54-08:00,2025-03-08,-122.8506027875,45.438845351,84QVC4QX+,213.0,,2.8,13.9,0.0,6.7,,1022.3,Fomitopsis mounceae,"Oregon, US",1
577cbb43-660b-45fe-9e57-c6e89d2d50f5,264475292,2025-03-07 16:12:00-08:00,2025-03-07,-122.67765,45.4466388889,84QVC8WC+,106.0,,3.3,14.4,0.0,6.1,,1022.9,Fomitopsis mounceae,"Forest Highlands, Portland, OR, USA",3
f6c4b708-f698-4f58-a525-5714fe397af7,264039400,2025-03-05 17:18:19-08:00,2025-03-05,-122.432811,45.770153,84QVQHC8+,120.0,,2.8,13.9,0.0,8.1,,1017.0,Fomitopsis mounceae,Battle Ground,1
962a1569-4fd1-4d55-88e5-fd04815128a5,264034730,2025-03-02 13:43:57-08:00,2025-03-02,-122.6265833333,45.7345888889,84QVP9MF+,73.0,,8.3,11.7,,2.7,,1014.5,Fomitopsis mounceae,"Mt Vista, WA, USA",1
dcad936e-b861-4b3d-ae11-e3cb187215ee,263726521,2025-03-02,2025-03-02,-122.8449401855,45.4996376038,84QVF5X4+,74.0,,7.2,11.1,0.0,5.3,,1013.9,Fomitopsis mounceae,Beaverton,2
9ae06630-14ee-4d2c-84c5-b9b2eb37c8d4,263530152,2025-03-01 12:00:53-08:00,2025-03-01,-122.6773533333,45.4466966667,84QVC8WF+,106.0,,3.3,18.9,0.0,6.5,,1012.0,Fomitopsis mounceae,"Tryon Creek State Natural Area, Portland, OR, US",1
75adf4ac-1c9e-4b9e-81fa-d9a95683ca3b,262598136,2025-02-21 12:15:29-08:00,2025-02-21,-122.6751333333,45.44467,84QVC8VF+,99.0,,3.9,13.3,1.5,9.7,,1021.9,Fomitopsis mounceae,"Tryon Creek State Natural Area, Portland, OR, US",1
75f28358-497d-4947-80ce-49c6ff8455bc,261811262,2025-02-15 14:46:09-08:00,2025-02-15,-121.9971616667,44.3484383333,84PW82X3+,898.0,,,,,,,,Fomitopsis mounceae,"Willamette National Forest, Sisters, OR, US",1
b61b3dfe-da8d-4af4-8469-dff6b022f068,260626305,2025-02-01 13:01:18-08:00,2025-02-01,-122.8371883333,45.3880833333,84QV95Q7+,45.0,,3.9,7.2,0.8,7.0,,1015.9,Fomitopsis mounceae,"Tualatin River National Wildlife Refuge, Sherwood, OR, US",1
b180dd6e-0a0b-437d-8a0d-2aba8657ea1b,260291771,2025-02-01 11:30:06-08:00,2025-02-01,-122.7200083333,45.51433,84QVG77H+,271.0,,3.3,8.3,0.8,6.8,,1015.5,Fomitopsis mounceae,"SW Fairview Blvd, Portland, OR, US",1
b30329a7-b0f5-4104-b045-b72d578cb9e9,260231503,2025-01-31 11:42:13-08:00,2025-01-31,-122.6947683468,45.5022060783,84QVG824+,179.0,,5.0,12.2,19.3,15.1,,1009.8,Fomitopsis mounceae,"Portland, OR 97201, USA",1
e442ba6f-58d0-4f5e-b721-bf49b34397f6,260206019,2025-01-30 11:34:15-08:00,2025-01-30,-121.7546866667,45.7145533333,84QWP67W+,241.0,,-1.7,10.4,0.0,9.6,,1019.3,Fomitopsis mounceae,"Columbia River Gorge National Scenic Area, Stevenson, WA, US",1
60909391-fdc9-49e9-ab9a-064a5d406024,259685154,2024-12-28 12:13:30-08:00,2024-12-28,-122.7602,45.5662783333,84QVH68Q+,156.0,,8.9,12.2,,10.7,,1011.3,Fomitopsis mounceae,"Forest Park Conservancy, Portland, OR, US",2
f39a4244-da6e-4428-9601-f14a7216a3b8,259666943,2023-12-27 09:51:26-08:00,2023-12-27,-122.2363583333,45.8213533333,84QVRQC7+,339.0,,7.2,8.9,,40.4,,1010.7,Fomitopsis mounceae,"Forest Service Road 42, Carson, WA, US",1
2693b5d6-c936-4608-a47f-12e2d3afacdd,259605423,2025-01-25 15:21:06-08:00,2025-01-25,-122.8012383333,45.5934966667,84QVH5VX+,263.0,,-1.7,9.4,0.0,9.2,,1028.3,Fomitopsis mounceae,"Forest Park Conservancy, Portland, OR, US",3
6dc23164-13d1-41f6-bc02-20cc55e16516,258906345,2024-03-11 12:06:00-07:00,2024-03-11,-122.7299883333,45.524855,84QVG7FC+,203.0,,7.2,10.6,5.8,15.1,,1009.6,Fomitopsis mounceae,"NW Cornell Rd, Portland, OR, US",2
01c93f0a-d55d-4268-a55b-741d46d38102,258904764,2025-01-18 14:37:00-08:00,2025-01-18,-122.2461472222,44.4442055556,84PVCQV3+,856.0,,,,,,,,Fomitopsis mounceae,"Linn County, OR, USA",1
bf450971-3009-4b35-9831-9351a89b68f8,258804668,2023-11-20 15:19:14-08:00,2023-11-20,-122.73351059,45.3448722596,84QV87V8+,149.0,,1.1,10.6,,5.1,,1030.9,Fomitopsis mounceae,"Oregon, US",1
c5a4fe5f-c956-442c-b327-c04183b5bc42,258804466,2023-11-20 15:06:46-08:00,2023-11-20,-122.7600826191,45.2796117792,84QV76HQ+,43.0,,1.1,10.6,,5.1,,1030.9,Fomitopsis mounceae,"Oregon, US",1
ee25ba4f-95d0-43d2-9165-873eb1ec64e5,258441897,2024-12-26 14:26:09-08:00,2024-12-26,-121.882295,45.968641,84QWX499+,1008.0,,0.8,8.4,31.9,12.4,,1004.3,Fomitopsis mounceae,"Carson, WA, US",2
cd47212b-7795-4f5a-953c-9b0b082be7bd,258109280,2024-11-02 15:19:20-07:00,2024-11-02,-122.8770955279,45.5130683338,84QVG47F+,52.0,,3.9,11.1,,3.9,,1010.7,Fomitopsis mounceae,"Beaverton, OR 97003, USA",1
b6ce363a-3095-4785-bbb9-24f5797f4b5b,257954876,2025-01-09 12:45:11-08:00,2025-01-09,-122.7202286591,45.5320434959,84QVG7JH+,136.0,,1.7,10.0,0.0,12.6,,1030.0,Fomitopsis mounceae,"Forest Park Conservancy, Portland, OR, US",3
d9203d89-78e0-4380-98fb-af74d91bcf90,257892180,2025-01-08 13:03:16-08:00,2025-01-08,-122.84977,45.498405,84QVF5X2+,65.0,,1.7,11.7,0.0,3.0,,1031.4,Fomitopsis mounceae,"Tualatin Hills Nature Park, Beaverton, OR, US",1
598eee24-9ae9-45bd-859c-993528c541cd,257430961,2025-01-03 10:24:38-08:00,2025-01-03,-122.399925,45.8320027778,84QVRJJ2+,181.0,,5.0,7.8,,10.1,,1009.7,Fomitopsis mounceae,"Battle Ground, WA 98604, USA",1
db0d8712-7713-4b64-94f7-b59feaea60eb,257077590,2025-01-01 15:55:23-08:00,2025-01-01,-122.696,45.5028166667,84QVG833+,184.0,,4.4,6.7,0.3,11.9,,1017.1,Fomitopsis mounceae,"Portland, OR 97201, USA",1
34ba3212-7453-429d-8e0a-e93d2d87be81,257033104,2024-12-31 11:50:58-08:00,2024-12-31,-122.5120392997,45.483209,84QVFFMQ+,126.0,,3.9,6.7,,19.7,,1022.8,Fomitopsis mounceae,"Pleasant Valley, Portland, OR, USA",1
1fddeb8c-73e1-461f-9c5e-42d6e2e59e86,256968759,2024-12-31 14:04:02-08:00,2024-12-31,-122.6416083333,44.88335,84PVV9M5+,452.0,,-1.0,6.7,1.5,7.2,,1022.5,Fomitopsis mounceae,"Silver Falls State Park, Sublimity, OR, US",1
aa409612-21db-4422-a1fd-3d726bda4379,256554866,2024-12-28 10:36:57-08:00,2024-12-28,-122.8497944444,45.498475,84QVF5X2+,65.0,,8.3,11.7,,12.3,,1010.5,Fomitopsis mounceae,"Cooper Mountain - Aloha North, Beaverton, OR, USA",2
5e524718-c576-4c32-a35a-b35c448448e7,256551328,2024-12-28 14:15:20-08:00,2024-12-28,-122.7197833611,45.5144350278,84QVG77J+,271.0,,8.9,12.8,1.5,14.4,,1010.8,Fomitopsis mounceae,"SW Fairview Blvd, Portland, OR, US",2
d9a8c6e5-c738-4801-8a3a-2084d4e72631,256461972,2024-12-27 11:18:29-08:00,2024-12-27,-122.7180402997,45.5209206997,84QVG7CJ+,200.0,,7.2,11.7,10.7,16.9,,1004.2,Fomitopsis mounceae,"Arlington Heights, Portland, OR, USA",1
499bf11a-f79e-48ba-8212-417df35a2fa9,256429311,2024-12-27 13:44:22-08:00,2024-12-27,-122.7896739984,45.2950729643,84QV76W6+,49.0,,7.2,11.1,,13.8,,1004.5,Fomitopsis mounceae,"Oregon, US",2
b0ce85a6-a004-4451-b7ea-ea224b767293,256427145,2024-12-27 12:52:53-08:00,2024-12-27,-122.6873042475,45.3744237878,84QV98F7+,76.0,,7.2,11.1,,13.8,,1004.5,Fomitopsis mounceae,"Oregon, US",2
8716201d-610a-4743-b55e-802d59f9ae99,256056691,2024-12-23 12:10:41-08:00,2024-12-23,-122.13219,45.68199,84QVMVJ9+,246.0,,3.9,12.2,,22.3,,1015.3,Fomitopsis mounceae,"Washougal River Rd, Washougal, WA, US",1
e2403777-99a1-4cb5-b6ce-4ef27a35c815,255620581,2024-12-19 13:42:33-08:00,2024-12-19,-122.654258728,44.8556938171,84PVV84W+,536.0,,7.2,12.8,0.0,3.2,,1018.7,Fomitopsis mounceae,Sublimity,3
70d3fe58-c132-42d9-ae68-0c98432ae999,255229357,2024-12-15 13:18:04-08:00,2024-12-15,-122.5657666667,45.732575,84QVPCMM+,114.0,,5.6,8.9,,6.0,,1021.9,Fomitopsis mounceae,"Brush Prairie, WA, US",1
2e176ce7-b0fc-4f7e-a5a4-1a68ccd7be21,253432153,2024-11-28 10:46:53-08:00,2024-11-28,-122.6280470318,45.4993053672,84QVF9XC+,44.0,,2.8,6.7,0.0,5.8,,1025.2,Fomitopsis mounceae,"Boca Ratan Dr, Lake Oswego, OR, US",1
8901a491-b648-4f37-9a6e-5912e5bdcb51,253332226,2024-11-25 12:58:34-08:00,2024-11-25,-122.7208866667,45.5303833333,84QVG7JH+,123.0,,3.9,11.1,0.0,11.9,,1013.9,Fomitopsis mounceae,"Macleay Park, Portland, OR, US",1
42eb7693-d8d9-4c13-9ed1-cf861d4c9ecf,252972139,2024-11-24 13:37:35-08:00,2024-11-24,-122.6410277778,44.8632027778,84PVV975+,457.0,,6.7,11.1,4.6,11.5,,1009.7,Fomitopsis mounceae,"Sublimity, OR 97385, USA",1
2c96d31d-91f0-498d-9054-7445b6ec079e,252120302,2024-11-17 10:53:54-08:00,2024-11-17,-122.7727133333,45.573445,84QVH6FG+,258.0,,6.1,12.8,,10.2,,1007.8,Fomitopsis mounceae,"Forest Park Conservancy, Portland, OR, US",1
5218aa6e-ce9f-4424-b3a6-736e1d3612ab,252064308,2024-09-01 09:57:00-07:00,2024-09-01,-122.138869405,44.2779318183,84PV7VH6+,1429.0,,,,,,,,Fomitopsis mounceae,"Linn County, OR, USA",2
28e6ed95-8301-4ae1-ac28-e7573dcd8792,251233450,2024-11-10 11:47:43-08:00,2024-11-10,-121.9689633333,45.8946633333,84QWV2VJ+,400.0,,6.9,10.3,5.7,5.0,,1014.6,Fomitopsis mounceae,"Dry Creek Trail, Carson, WA, US",1
4fc6b6fe-1640-481f-9d27-0411ac5d3d72,251128872,2024-11-09 12:35:49-08:00,2024-11-09,-122.5610283333,44.4811616667,84PVFCJQ+,747.0,,,,,,,,Fomitopsis mounceae,"Foster, OR, US",2
cfda67f2-a154-4e36-8efd-d23236128fcb,251118898,2024-11-09 13:20:00-08:00,2024-11-09,-122.4012222222,44.3817777778,84PV9HJX+,456.0,,,,,,,,Fomitopsis mounceae,"Linn County, OR, USA",1
27aeeda4-2df0-42ef-aebd-1aa79231e3bd,250859761,2024-11-07 15:51:24-08:00,2024-11-07,-122.712514177,45.5359671496,84QVG7PP+,45.0,,2.8,17.2,0.0,7.2,,1023.6,Fomitopsis mounceae,"Northwest District, Portland, OR, USA",4
223f3e6a-4d90-4d78-97dc-e30c6aa5c957,250848950,2024-11-07 15:48:36-08:00,2024-11-07,-122.6813375899,45.5013285547,84QVG829+,91.0,,2.8,17.2,0.0,7.2,,1023.6,Fomitopsis mounceae,"Lair Hill Park, Portland, OR, US",1
453d0973-1072-45e8-af0f-0b68a3ccf720,250636047,2024-11-05 12:12:37-08:00,2024-11-05,-122.8195921519,45.6024005497,84QVJ52J+,214.0,,3.9,12.2,,3.5,,1027.4,Fomitopsis mounceae,"Forest Park, Multnomah County, US-OR, US",2
eb9365fd-a9e7-4c3c-9a99-ad3ac1a7806f,250357313,2024-06-18 09:20:00-07:00,2024-06-18,-122.141340205,44.2782593517,84PV7VH5+,1456.0,,,,,,,,Fomitopsis mounceae,"Linn County, OR, USA",1
9958d1c6-0da6-4add-8f49-0762a485d46b,249536183,2024-10-28 11:56:04-07:00,2024-10-28,-122.674125,45.4446611111,84QVC8VG+,113.0,,9.4,15.0,7.9,6.1,,1016.1,Fomitopsis mounceae,"Collins View, Portland, OR 97219, USA",1
f7413417-f87e-4d74-96de-62316ee355ba,247979802,2024-10-18 09:10:00-07:00,2024-10-18,-122.7300388889,45.5239333333,84QVG7F9+,203.0,,7.8,13.9,0.3,10.1,,1025.4,Fomitopsis mounceae,"Portland, OR 97210, USA",1
040e6041-6c83-4aca-95ae-9999d78cbe15,247841811,2024-10-17 15:18:09-07:00,2024-10-17,-122.726329479,45.5022110873,84QVG72F+,262.0,,7.8,15.6,0.3,7.9,,1018.8,Fomitopsis mounceae,"Oregon, US",1
de9aa7e5-3883-4cd6-9e21-ed6ea2fc1e63,247560984,2024-10-15 16:06:28-07:00,2024-10-15,-122.060187366,44.4067797717,84PVCW4Q+,1032.0,,,,,,,,Fomitopsis mounceae,"Willamette National Forest, Idanha, OR, US",1
9fc6d3b6-4298-45f5-ba06-c91b95ad734f,247544534,2024-10-15 14:54:27-07:00,2024-10-15,-122.048736429,44.4177021459,84PVCX92+,1087.0,,,,,,,,Fomitopsis mounceae,"Willamette National Forest, Sisters, OR, US",1
8e6d284e-fd4e-4081-b2e6-9f71c4fd6b86,247418221,2024-10-14 15:03:11-07:00,2024-10-14,-121.9837278967,44.4976007101,84PWF2X8+,1116.0,,,,,,,,Fomitopsis mounceae,"Linn County, US-OR, US",1
5f264454-91e5-4d45-bb2d-481a2f8473c8,247352817,2024-10-14 11:44:41-07:00,2024-10-14,-122.6408896006,44.8628556706,84PVV975+,457.0,,11.7,24.4,0.0,10.1,,1019.1,Fomitopsis mounceae,"Silver Falls State Park, Sublimity, OR, US",1
8f8de667-d975-4c70-a2eb-d59fa901c7dd,247200598,2024-10-13 12:02:19-07:00,2024-10-13,-122.8494952619,45.4985462417,84QVF5X2+,65.0,,5.6,23.9,0.0,1.2,,1019.3,Fomitopsis mounceae,"Washington County, US-OR, US",2
34b43e48-9442-44de-acd9-b11ef02117f2,246072089,2024-10-06 18:07:13-07:00,2024-10-06,-122.7223305,45.5217776,84QVG7CH+,241.0,,8.3,23.9,0.0,3.2,,1020.4,Fomitopsis mounceae,"Hillside, Portland, OR 97210, USA",1
568c3677-3ae9-4ae2-bfeb-54c7c7bfa16e,246059237,2024-10-06 16:13:40-07:00,2024-10-06,-122.7202,45.53207,84QVG7JH+,136.0,,8.3,23.9,0.0,3.2,,1020.4,Fomitopsis mounceae,"Forest Park Conservancy, Portland, OR, US",2
0b747961-4a7f-405f-a355-52992552583c,246045170,2024-10-05 13:29:15-07:00,2024-10-05,-122.6195111111,44.8829972222,84PVV9MJ+,521.0,,8.3,22.2,0.0,6.1,,1021.4,Fomitopsis mounceae,"Silverton, OR 97381, USA",2
58573a4e-159f-4d3d-a6d1-472e764e878f,245523301,2024-10-01 12:55:12-07:00,2024-10-01,-122.4800033333,44.399095,84PV9GX9+,284.0,,,,,,,,Fomitopsis mounceae,"Cascadia State Park, Cascadia, OR, US",3
f3cbf6f0-1e2b-4ee5-a42c-dba05ef2b7da,242676946,2024-09-18 13:47:09-07:00,2024-09-18,-122.0808311552,44.4027609527,84PVCW39+,1055.0,,,,,,,,Fomitopsis mounceae,"Foster, OR 97345, USA",1
284af34c-efcb-4b41-90dc-ba3139fd0e3a,242511028,2024-09-17 18:15:13-07:00,2024-09-17,-122.7013247,45.5229888,84QVG7FX+,83.0,,12.2,18.3,0.3,5.8,,1012.5,Fomitopsis mounceae,"Arlington Heights, Portland, OR, USA",2
fda81d57-228d-4b34-bdad-3c9edb4ee1eb,241983634,2024-09-15 13:06:57-07:00,2024-09-15,-122.761151475,44.944130829,84PVW6VQ+,211.0,,9.4,23.3,0.0,10.8,,1013.7,Fomitopsis mounceae,"Marion County, US-OR, US",2
1f072168-14ae-4dc1-98b8-ced5b6a13aaf,240466811,2024-09-07 17:52:55-07:00,2024-09-07,-122.7288431302,45.5272855588,84QVG7GC+,161.0,,20.0,28.9,,5.0,,1011.6,Fomitopsis mounceae,"Forest Park, Multnomah County, US-OR, US",2
cdafc022-da1f-4aba-b879-d978c42639d5,240448429,2024-09-07 17:00:15-07:00,2024-09-07,-122.7268589661,45.5276984838,84QVG7HF+,149.0,,19.4,31.1,0.0,4.7,,1011.0,Fomitopsis mounceae,"Forest Park, Multnomah County, US-OR, US",1
543a1c2b-148d-4dd8-b1aa-83069186355e,240048143,2024-09-05 10:47:28-07:00,2024-09-05,-121.9870186997,44.3647193997,84PW9277+,979.0,,,,,,,,Fomitopsis mounceae,"Sisters, OR 97759, USA",1
8628ab79-e01c-4271-9979-d4d7123f34a9,239658685,2024-09-03 11:14:21-07:00,2024-09-03,-122.0392401997,44.2880421997,84PV7XQ6+,709.0,,,,,,,,Fomitopsis mounceae,"Foster, OR 97345, USA",1
2fc52fb6-9f43-4d3a-927f-3ff45c57666a,239498507,2024-09-02 15:25:37-07:00,2024-09-02,-122.7783777778,45.5888972222,84QVH6QC+,86.0,,15.6,20.0,1.4,3.3,,1016.2,Fomitopsis mounceae,"Linnton, Portland, OR, USA",1
a1270091-6c7b-490f-8f42-8b8a33815cfc,239481399,2024-09-02 11:59:00-07:00,2024-09-02,-122.8443748824,45.4973505514,84QVF5W4+,62.0,,15.0,20.0,0.0,6.5,,1015.4,Fomitopsis mounceae,"Cooper Mountain - Aloha North, Beaverton, OR, USA",1
30832e0e-cfd2-40a8-8502-a46bf6cbec0c,239307791,2024-09-01 11:37:01-07:00,2024-09-01,-122.26395,45.7647083333,84QVQP7P+,768.0,,15.6,30.0,0.0,3.7,,1012.2,Fomitopsis mounceae,"Yacolt, WA 98675, USA",1
b67e4d5c-5a72-4b77-9add-c83c634c4f31,238463414,2024-07-27 09:24:13-07:00,2024-07-27,-122.6195399528,44.8830354333,84PVV9MJ+,521.0,,11.7,29.4,0.0,7.9,,1011.5,Fomitopsis mounceae,"Marion County, US-OR, US",3
f34eaac5-304f-4be0-810d-c9ac3b946905,238092066,2024-08-23 17:10:00-07:00,2024-08-23,-122.7268833333,45.5275516667,84QVG7HF+,149.0,,13.9,20.6,5.1,6.1,,1010.5,Fomitopsis mounceae,"Forest Park, Portland, OR, USA",1
f7a2ac22-1b9a-4f30-9913-b0fb93cdbe19,236418785,2024-08-17 15:31:01-07:00,2024-08-17,-121.8418966667,46.0007583333,84RW2525+,1250.0,,13.1,32.8,2.6,10.3,,1009.5,Fomitopsis mounceae,"Carson, WA, US",1
3067b25f-db09-48ac-adab-14548553f868,236418370,2024-08-17 15:55:22-07:00,2024-08-17,-121.8418116667,46.0001305555,84RW2525+,1250.0,,13.1,32.8,2.6,10.3,,1009.5,Fomitopsis mounceae,"Carson, WA, US",2
02bbf0c0-16d7-4788-9032-f94ee02797ba,235665132,2024-08-09 20:10:42-07:00,2024-08-09,-121.98192,45.74758,84QWP2X9+,291.0,,17.5,34.4,0.0,7.7,,1012.3,Fomitopsis mounceae,"Red Bluff Rd, Carson, WA, US",1
cb443940-6f62-420e-b3ce-02ae1a5df9d5,235545614,2024-08-12 13:44:01-07:00,2024-08-12,-122.7894330762,45.4342879249,84QVC6M6+,54.0,,13.9,21.7,0.0,9.7,,1015.2,Fomitopsis mounceae,"Dirksen Nature Park, Tigard, OR, US",1
36399215-e5bc-4b2d-aa70-b924e102d1f6,235483217,2024-08-12 17:04:56-07:00,2024-08-12,-122.7011416107,45.5230072147,84QVG7FX+,83.0,,15.6,22.8,0.0,6.5,,1015.3,Fomitopsis mounceae,"Arlington Heights, Portland, OR, USA",2
39257d09-1c1e-4690-a56e-808aa04322d2,233136835,2024-08-01 10:00:42-07:00,2024-08-01,-122.0001058997,44.3417874,84PV8XRX+,851.0,,,,,,,,Fomitopsis mounceae,"Sisters, OR 97759, USA",2
59ba8fae-b991-4166-9221-54333f34912a,231718073,2024-07-25 10:28:46-07:00,2024-07-25,-122.0588529,44.2386455997,84PV6WQR+,592.0,,,,,,,,Fomitopsis mounceae,"Blue River, OR 97413, USA",2
b26b7331-6cbd-4d02-a65d-cc84faec9660,231460977,2024-07-22 16:04:00-07:00,2024-07-22,-122.0002972222,44.3440138889,84PV8XVX+,852.0,,,,,,,,Fomitopsis mounceae,"Linn County, OR, USA",2
b6884d91-7b77-425f-8f85-a0795fc58939,231139476,2024-07-22 08:46:18-07:00,2024-07-22,-122.7127498761,45.5344605796,84QVG7MP+,57.0,,15.0,25.0,0.0,12.6,,1020.3,Fomitopsis mounceae,"Portland, OR 97210, USA",3
21097f40-733a-4f90-9736-eed5dc14b809,230383208,2024-07-19 12:01:15-07:00,2024-07-19,-121.6984292866,44.433541135,84PWC8M2+,965.0,,12.0,34.0,0.0,10.8,,1022.2,Fomitopsis mounceae,"Jefferson County, US-OR, US",1
aa02519e-3675-401d-bb46-7bc4830f1552,226284742,2024-06-30 10:50:10-07:00,2024-06-30,-122.0976068807,44.3954072796,84PV9WW2+,1073.0,,,,,,,,Fomitopsis mounceae,"Willamette National Forest, Idanha, OR, US",1
d8ae44c5-aadb-44e4-9bd0-8c92afc2c6c0,223460814,2024-06-17 17:10:05-07:00,2024-06-17,-122.7628305,45.5681234997,84QVH69P+,228.0,,9.4,18.3,,5.3,,1019.3,Fomitopsis mounceae,"Linnton, Portland, OR, USA",1
7cb94399-805c-400b-83dd-36c80f293bbf,223174229,2024-06-16 12:25:54-07:00,2024-06-16,-122.8370020353,45.3881122498,84QV95Q7+,45.0,,8.9,16.7,,3.3,,1018.6,Fomitopsis mounceae,"Tualatin River National Wildlife Refuge, Sherwood, OR, US",1
47cdd1b5-c705-4237-b1f8-8a63e5e8a192,220059882,2024-06-01 16:45:58-07:00,2024-06-01,-122.635405,45.3803,84QV99J7+,76.0,,11.7,22.8,0.0,8.3,,1014.5,Fomitopsis mounceae,"Mary S. Young Park, West Linn, OR, US",3
e6bb9152-c5f9-48de-ab14-867a9f483102,218524601,2024-05-25 14:10:26-07:00,2024-05-25,-121.9863446359,45.8828287014,84QWV2M7+,393.0,,9.1,14.1,0.2,19.4,,1014.1,Fomitopsis mounceae,"Skamania County, US-WA, US",1
052c6890-51f3-487f-8014-67cc876a9299,218490301,2024-05-24 15:31:12-07:00,2024-05-24,-122.0262,44.31232,84PV8X6F+,761.0,,,,,,,,Fomitopsis mounceae,"McKenzie River, Sisters, OR, US",2
16079653-4382-41f5-b20c-acf14dcbe7c5,215990917,2024-03-28,2024-03-28,-122.8833,45.2887,84QV74Q8+,207.0,,7.2,9.4,,22.9,,1008.8,Fomitopsis mounceae,"Bob & Crystal Rilee Park, Newberg, Yamhill Co., Oregon, USA",2
185b1251-8135-498d-bb95-bf0585b5b377,213901739,2024-05-03 14:16:18-07:00,2024-05-03,-122.092925,44.398175,84PV9WX4+,1090.0,,,,,,,,Fomitopsis mounceae,"Willamette National Forest, Idanha, OR, US",1
03e12ace-1b5c-429a-a987-195db3e18c14,210962824,2024-04-28 10:12:34-07:00,2024-04-28,-122.6976452222,45.5035593525,84QVG832+,184.0,,10.0,15.0,0.8,13.0,,1019.8,Fomitopsis mounceae,"Marquam Nature Park, Portland, OR, US",1
cdbce2ba-e802-45f2-8f31-57c2dfa13b99,209825562,2024-04-26 14:31:46-07:00,2024-04-26,-122.789375,45.4344866667,84QVC6M6+,54.0,,10.0,15.0,,13.3,,1011.9,Fomitopsis mounceae,"Dirksen Nature Park, Tigard, OR, US",2
153e6ff7-9e8a-47fb-ac48-f0cf16c642f2,209791828,2024-04-26 13:49:24-07:00,2024-04-26,-122.7957541869,45.592796607,84QVH6V3+,218.0,,10.6,16.1,,7.0,,1012.8,Fomitopsis mounceae,"Forest Park, Multnomah County, US-OR, US",1
dcbfa4b0-161f-4062-aa69-a80c1393493e,209586128,2024-04-25 14:34:27-07:00,2024-04-25,-122.3606138889,45.6802361111,84QVMJJQ+,519.0,,12.2,13.9,,9.6,,1012.4,Fomitopsis mounceae,"Camas, WA 98607, USA",1
84cac90d-3ce0-4e6a-8919-9d47bb26a680,208821532,2024-04-22 11:30:20-07:00,2024-04-22,-122.8391116667,45.5015533333,84QVG526+,62.0,,2.8,20.0,0.0,7.5,,1018.7,Fomitopsis mounceae,"Tualatin Hills Nature Park, Beaverton, OR, US",1
cf651b2d-ef6c-4b54-8fd8-f94862acae24,208534689,2024-04-21 10:41:37-07:00,2024-04-21,-122.65696508,44.85260035,84PVV83V+,546.0,,1.1,16.7,0.0,9.0,,1027.6,Fomitopsis mounceae,"Sublimity, OR 97385, USA",1
33dcb958-7533-42e4-be3a-697e5b3c6fd4,205735504,2024-04-06 13:08:11-07:00,2024-04-06,-122.5414471255,45.7714195648,84QVQFC5+,87.0,,6.1,10.6,,5.9,,1021.1,Fomitopsis mounceae,United States,1
060c1486-3103-43ce-a0b8-1b19a5ddfcfd,205536905,2023-10-17 10:25:25-07:00,2023-10-17,-122.7202102825,45.5142692188,84QVG77H+,271.0,,9.4,18.9,0.0,4.3,,1021.6,Fomitopsis mounceae,"SW Fairview Blvd, Portland, OR, US",2
70dbe926-c8b4-4f38-b95a-e198dab6a246,205303282,2023-12-24 14:30:53-08:00,2023-12-24,-122.6521762217,44.8791902271,84PVV8HX+,467.0,,1.1,8.9,0.0,8.6,,1021.3,Fomitopsis mounceae,"Silver Falls State Park, Sublimity, OR, US",3
36b30492-0229-4b06-b446-6bd56d69fde0,203496858,2024-03-22 09:01:53-07:00,2024-03-22,-122.79577,45.5928583333,84QVH6V3+,218.0,,6.7,14.4,,4.0,,1010.7,Fomitopsis mounceae,"Forest Park Conservancy, Portland, OR, US",1
a9a92c02-d76a-4953-b790-43a4ee8f735e,203496818,2024-03-22 09:02:46-07:00,2024-03-22,-122.79573,45.5928883333,84QVH6V3+,218.0,,6.7,14.4,,4.0,,1010.7,Fomitopsis mounceae,"Forest Park Conservancy, Portland, OR, US",1
97a1597f-d179-4ef3-8883-90773e9f657c,202745086,2024-03-16 14:35:26-07:00,2024-03-16,-122.8095498006,45.5993957167,84QVH5XR+,280.0,,4.4,24.4,0.0,6.4,,1017.2,Fomitopsis mounceae,"Forest Park Conservancy, Portland, OR, US",1
b1d9d42e-ce38-4135-b4ba-ba0657720031,202612006,2024-03-15 12:26:41-07:00,2024-03-15,-121.9776670262,45.8848559221,84QWV2MC+,367.0,,0.8,14.5,0.0,10.4,,1025.1,Fomitopsis mounceae,"Location: 45.884856, -121.977667",1
d0910c4a-a0a6-4954-a6c3-755cc81ce932,202293487,2024-03-11 11:38:47-07:00,2024-03-11,-122.816545,45.6141083333,84QVJ57M+,160.0,,7.8,10.0,,11.0,,1010.1,Fomitopsis mounceae,"NW Newberry Rd, Portland, OR, US",1
3718de52-2dfa-45a7-825e-498d39798127,201345787,2024-03-04 16:40:13-08:00,2024-03-04,-122.7201533333,45.5320466667,84QVG7JH+,136.0,,2.8,7.2,1.3,10.8,,1014.1,Fomitopsis mounceae,"Forest Park Conservancy, Portland, OR, US",1
2cffc978-de56-47d0-bb27-e5626921e513,200559685,2024-02-26 14:23:10-08:00,2024-02-26,-122.6764928914,45.4467886478,84QVC8WF+,123.0,,2.2,7.8,1.8,11.9,,1013.6,Fomitopsis mounceae,"Tryon Creek State Natural Area, Portland, OR, US",1
9bc2768b-d51a-432c-8022-656ed80d7250,200471645,2024-02-25 10:42:44-08:00,2024-02-25,-122.63507,44.861105,84PVV967+,469.0,,5.6,11.7,8.4,14.0,,1014.8,Fomitopsis mounceae,"Silver Falls State Park, Sublimity, OR, US",1
cde674b7-94e2-470a-ab57-1140da897fbc,200334411,2024-02-23 14:02:44-08:00,2024-02-23,-122.6475833333,44.8789333333,84PVV9H2+,472.0,,1.7,15.6,0.0,3.2,,1025.0,Fomitopsis mounceae,"Silver Falls State Park, Sublimity, OR, US",1
255151dc-2003-4499-a0af-ea5298dcc05b,200205152,2024-02-23 10:42:40-08:00,2024-02-23,-122.84160448,45.498328,84QVF5X5+,70.0,,0.0,16.1,0.0,1.9,,1025.4,Fomitopsis mounceae,"Cooper Mountain - Aloha North, Beaverton, OR, USA",1
1d64499c-e4b1-44ce-8051-548b98f3f034,200118317,2024-02-18 16:24:00-08:00,2024-02-18,-122.6262228,44.8652189,84PVV98F+,484.0,,3.9,10.0,2.3,6.5,,1008.6,Fomitopsis mounceae,"Silver Falls State Park, Oregon, USA",1
71952b39-342e-49a3-9976-309464178d00,199596009,2024-02-17 12:15:21-08:00,2024-02-17,-122.7002709826,45.3945741943,84QV97VX+,199.0,,5.0,9.4,,22.3,,1012.4,Fomitopsis mounceae,"Cooks Butte Park, Lake Oswego, OR, US",1
df24d04e-6780-4950-9bd3-da0bd0881ae6,199586262,2024-02-17 10:46:03-08:00,2024-02-17,-122.8410181959,45.4969024566,84QVF5W5+,68.0,,4.4,6.7,,20.7,,1014.0,Fomitopsis mounceae,"SW Murray Blvd, Beaverton, OR, US",1
033bbab9-791a-417a-bd83-60b20675b404,198610435,2024-02-06 14:48:18-08:00,2024-02-06,-122.4085783333,45.59967,84QVHHXR+,78.0,,7.2,11.1,,3.3,,1008.1,Fomitopsis mounceae,"NE Everett St, Camas, WA, US",1
9789e613-d4f0-4dde-8310-58b3aec10ef6,198520587,2024-01-30 16:06:42-08:00,2024-01-30,-122.6783216667,45.4472916667,84QVC8WC+,106.0,,6.7,12.2,0.3,10.1,,1010.8,Fomitopsis mounceae,"Tryon Creek State Natural Area, Portland, OR, US",1
126186b9-3e91-4709-ba57-a4dfc3979b68,198239406,2024-02-01 15:27:46-08:00,2024-02-01,-122.7850638889,45.5846361111,84QVH6M7+,214.0,,6.7,16.1,0.3,9.9,,999.6,Fomitopsis mounceae,"Linnton, Portland, OR, USA",1
8078f7d3-a064-450f-bd6b-1d3adc4369ef,197740493,2024-01-27 15:41:07-08:00,2024-01-27,-122.8411838719,45.4968508946,84QVF5W5+,68.0,,8.3,16.1,,12.4,,1018.6,Fomitopsis mounceae,"Tualatin Hills Nature Park, Beaverton, OR, US",1
d3a106f1-e3da-4224-96a1-fc6ef1afe248,196471800,2024-01-12 15:50:17-08:00,2024-01-12,-122.6749427636,45.4444174509,84QVC8VG+,113.0,,-6.0,5.0,0.5,16.9,,1019.3,Fomitopsis mounceae,"Tryon Creek State Natural Area, Portland, OR, US",2
286e09a4-91a4-4050-8c9d-649980ef427e,196071088,2024-01-07 14:49:54-08:00,2024-01-07,-122.8004216667,45.5980033333,84QVH5XX+,271.0,,4.4,8.3,,1.5,,1019.0,Fomitopsis mounceae,"Forest Park Conservancy, Portland, OR, US",2
ef6e0a8f-228e-4efb-b9da-38c91989fafd,196070264,2024-01-07 14:08:34-08:00,2024-01-07,-122.796495,45.60727,84QVJ643+,111.0,,4.4,8.3,,1.5,,1019.0,Fomitopsis mounceae,"Forest Park, Portland, OR, US",2
a50ca437-8fe2-4486-b0e5-76111ae45e6e,195324217,2023-12-30 13:11:52-08:00,2023-12-30,-121.9966583333,44.3675116667,84PW9293+,966.0,,,,,,,,Fomitopsis mounceae,"Willamette National Forest, Sisters, OR, US",1
c236b8ef-bdf6-451e-ab20-86a5757aee09,195238816,2023-12-29 14:00:00-08:00,2023-12-29,-122.8322359,45.3821915,84QV95J9+,39.0,,8.3,14.4,,11.0,,1009.7,Fomitopsis mounceae,"Tualatin River National Wildlife Refuge Visitor Center, 19255 SW Pacific Hwy, Sherwood, OR 97140, USA",3
22f48394-3ca0-45e4-91f5-1e3d17a349a5,194852681,2021-07-18 18:34:00-07:00,2021-07-18,-122.0406452768,44.4116527919,84PVCX65+,1005.0,,,,,,,,Fomitopsis mounceae,"Linn County, OR, USA",1
51b53c9e-5057-4a69-b676-3c0b4d872826,194467499,2023-12-20 14:24:00-08:00,2023-12-20,-122.7034444444,45.552025,84QVH72W+,3.0,,0.6,11.1,0.0,1.4,,1014.0,Fomitopsis mounceae,"Northwest Industrial, Portland, OR, USA",1
6d014f30-a6e2-4f01-a5ba-d8cd48453b2d,194460248,2023-12-17 12:57:52-08:00,2023-12-17,-122.7879783333,45.577125,84QVH6G6+,296.0,,-2.2,8.9,0.0,5.5,,1019.7,Fomitopsis mounceae,"Forest Park Conservancy, Portland, OR, US",1
d5465d98-fb39-4a99-8673-b07063d7d932,194451249,2023-12-20 10:00:00-08:00,2023-12-20,-122.7302569,45.5267801,84QVG7G9+,164.0,,0.6,11.1,0.0,1.4,,1014.0,Fomitopsis mounceae,"Portland Audubon, 5151 NW Cornell Rd, Portland, OR 97210, USA",1
8b80d830-0ae2-435b-82c1-c6ccc6dce979,194412889,2023-12-18 14:27:12-08:00,2023-12-18,-122.6726083333,45.4548633333,84QVF83G+,146.0,,6.1,9.4,0.0,14.8,,1007.0,Fomitopsis mounceae,"River View Natural Area, Portland, OR, US",2
566d79a0-1913-4c96-8533-7bf2eb798689,193430804,2023-12-08 12:14:42-08:00,2023-12-08,-122.6731716667,45.4552283333,84QVF84G+,149.0,,3.9,9.4,0.0,5.8,,1028.1,Fomitopsis mounceae,"River View Natural Area, Portland, OR, US",1
82ef6598-7d32-4334-b946-483e26d2dc1f,191797324,2023-11-22 12:12:39-08:00,2023-11-22,-122.7515633333,45.5488083333,84QVG6XX+,244.0,,6.7,11.7,,6.6,,1027.9,Fomitopsis mounceae,"Forest Park Conservancy, Portland, OR, US",1
0cafea2b-e524-4b39-b02c-276c444da771,191796825,2023-11-22 12:32:27-08:00,2023-11-22,-122.7497466667,45.551,84QVH722+,270.0,,6.7,11.7,,6.6,,1027.9,Fomitopsis mounceae,"Forest Park Conservancy, Portland, OR, US",1
18871e46-9b7a-488b-9e31-6ef8e442b4b8,191784577,2023-11-22 11:51:52-08:00,2023-11-22,-122.8391301599,45.5015996224,84QVG526+,62.0,,4.4,11.1,,7.2,,1027.2,Fomitopsis mounceae,"SW 153rd Dr, Beaverton, OR, US",1
1add92c4-1044-43e4-9920-d46781c123c1,190962879,2023-11-11 08:05:19-08:00,2023-11-11,-122.7303956193,45.5264693519,84QVG7G9+,164.0,,10.6,12.8,,11.1,,1018.7,Fomitopsis mounceae,"NW Cornell Rd, Portland, OR, US",2
2cbe31a0-07c1-49a4-b710-aadc6dd56aaf,190340493,2023-11-07 11:52:01-08:00,2023-11-07,-122.5077283333,45.44628,84QVCFWR+,273.0,,8.3,14.4,,9.7,,1020.7,Fomitopsis mounceae,"Scouters Mountain Nature Park, Happy Valley, OR, US",1
2ff0e682-0904-4443-8ada-73a7837038ad,190250351,2023-11-06 10:44:16-08:00,2023-11-06,-122.7966833333,45.5883666667,84QVH6Q3+,235.0,,11.1,13.9,,14.3,,1004.6,Fomitopsis mounceae,"Forest Park Conservancy, Portland, OR, US",1
84feb350-f09d-4b49-8a88-8d95b2ce5821,189910765,2023-11-03 13:19:19-07:00,2023-11-03,-122.7242666667,45.5271,84QVG7GG+,142.0,,8.3,16.1,12.7,9.0,,1018.7,Fomitopsis mounceae,"Macleay Park, Portland, OR, US",1
54e6f9d0-52fa-4285-9079-a3dbba904e7a,189910754,2023-11-03 13:13:52-07:00,2023-11-03,-122.72608,45.526725,84QVG7GF+,211.0,,8.3,16.1,12.7,9.0,,1018.7,Fomitopsis mounceae,"Macleay Park, Portland, OR, US",1
76d96fb2-654d-4cfb-a83c-695618cf2e87,189387415,2023-10-28 12:44:43-07:00,2023-10-28,-122.4185880681,45.6097959142,84QVJH5J+,55.0,,3.9,12.2,0.0,19.5,,1031.7,Fomitopsis mounceae,"Lacamas Lake, Camas, WA, US",1
f84802a5-eb8d-4b83-969f-ded413c6a2fb,188342147,2023-10-20 12:49:34-07:00,2023-10-20,-122.6578343997,44.8528948,84PVV83R+,546.0,,9.4,18.3,0.0,5.0,,1014.6,Fomitopsis mounceae,"Sublimity, OR 97385, USA",1
1e3bf438-b27a-4ae3-b8aa-9bdc9865c98d,188341828,2023-10-20 12:52:58-07:00,2023-10-20,-122.6565482997,44.8530779,84PVV83V+,546.0,,9.4,18.3,0.0,5.0,,1014.6,Fomitopsis mounceae,"Sublimity, OR 97385, USA",1
e16785e8-1c2f-4653-89a2-979b33b827e5,188164473,2023-10-19 10:59:14-07:00,2023-10-19,-122.84096,45.4968666667,84QVF5W5+,68.0,,7.2,22.2,0.0,2.4,,1017.7,Fomitopsis mounceae,"Cooper Mountain - Aloha North, Beaverton, OR, USA",1
1af20c3f-435c-42f2-a0e5-282bb8d2c54d,186781110,2023-10-08 12:55:45-07:00,2023-10-08,-122.673155,45.4553116667,84QVF84G+,149.0,,13.9,27.2,0.0,6.1,,1009.7,Fomitopsis mounceae,"River View Natural Area, Portland, OR, US",1
e4c66171-14b4-4fd1-8885-5512614d2f25,186780983,2023-10-08 12:56:04-07:00,2023-10-08,-122.6731033333,45.4553033333,84QVF84G+,149.0,,13.9,27.2,0.0,6.1,,1009.7,Fomitopsis mounceae,"River View Natural Area, Portland, OR, US",1
adb83c02-cbef-43b6-8f8e-2d69fd0a8e20,186096931,2023-10-01 14:38:25-07:00,2023-10-01,-122.78915,45.5839972222,84QVH6M6+,253.0,,6.7,21.1,0.0,5.0,,1019.1,Fomitopsis mounceae,"Linnton, Portland, OR, USA",1
4d165687-06d4-4600-a83c-64884c3afceb,185971228,2023-10-02 14:36:03-07:00,2023-10-02,-122.7202833333,45.5320083333,84QVG7JH+,136.0,,11.1,16.1,7.9,8.6,,1017.9,Fomitopsis mounceae,"Forest Park Conservancy, Portland, OR, US",1
036087c2-69e9-4fa8-a861-fb51349ed7cd,185374395,2021-01-09 12:09:15-08:00,2021-01-09,-122.8013166667,45.5935833333,84QVH5VX+,263.0,,0.6,8.9,0.0,5.9,,1025.7,Fomitopsis mounceae,"Forest Park Conservancy, Portland, OR, US",1
e08965fe-ae2d-48ff-9fc5-b96da274a25a,184970580,2022-09-23 18:24:13-07:00,2022-09-23,-122.85992905,45.1896993,84QV54QR+,56.0,,7.8,23.9,0.0,5.6,,1021.2,Fomitopsis mounceae,"Aurora, OR, US",1
a3eaabae-f2af-4817-b5e0-f2b59130b642,184550871,2023-09-10 10:13:34-07:00,2023-09-10,-122.8407883333,45.49705,84QVF5W5+,68.0,,11.7,27.2,0.0,4.4,,1017.6,Fomitopsis mounceae,"Tualatin Hills Nature Park, Beaverton, OR, US",1
7447f747-b83a-4514-8469-57e912f30bc1,183385659,2023-09-13 08:04:00-07:00,2023-09-13,-122.8428004355,45.4992388947,84QVF5X4+,64.0,,11.7,27.2,0.0,6.8,,1019.5,Fomitopsis mounceae,Tualatin Hills Nature Park,1
90dc5a03-d081-4634-b4b8-b413acf30ed0,182578538,2023-09-08 14:00:06-07:00,2023-09-08,-122.6364439595,45.383492921,84QV99M7+,52.0,,10.6,26.1,0.0,5.5,,1019.0,Fomitopsis mounceae,"Mary S. Young Park, West Linn, OR, US",1
3368fa2f-32af-43e5-85a0-90a1c6bca749,181850640,2023-09-04 15:20:27-07:00,2023-09-04,-122.7595175382,45.2957313558,84QV76WR+,39.0,,14.4,18.9,,4.3,,1018.2,Fomitopsis mounceae,"SW Parkway Ave, Wilsonville, OR, US",1
8ca1c3d5-a49a-4262-af00-c40b5d16c857,181830179,2023-09-04 12:46:41-07:00,2023-09-04,-122.7144616667,45.5184616667,84QVG79P+,209.0,,15.0,20.0,0.0,5.4,,1018.0,Fomitopsis mounceae,"SW Bennington Dr, Portland, OR, US",1
79d18488-543a-415d-8367-b0ca9f371a82,181468567,2023-09-02 13:33:15-07:00,2023-09-02,-122.8490359336,45.4991546643,84QVF5X2+,65.0,,13.9,30.6,1.8,5.1,,1011.9,Fomitopsis mounceae,"Elmonica/SW 170th Ave, Beaverton, OR 97006, USA",1
c98e2d39-8525-4ef4-b79d-80b77d750730,180309814,2023-08-21 15:29:00-07:00,2023-08-21,-122.7820138889,45.5720722222,84QVH6C9+,271.0,,14.4,27.8,0.0,11.2,,1011.2,Fomitopsis mounceae,"Linnton, Portland, OR, USA",1
a40bb1a6-431a-4f8b-9044-4573f4f8f1cc,178533729,2023-08-11 09:57:39-07:00,2023-08-11,-122.7300829813,45.5303018613,84QVG7J9+,187.0,,14.4,29.4,0.0,7.4,,1017.3,Fomitopsis mounceae,"Portland Audubon Wildlife Sanctuary, OR",1
4bb48122-60a1-4759-83db-cc8443165aa3,178248778,2023-08-13 10:58:36-07:00,2023-08-13,-122.7299633333,45.5302366667,84QVG7JC+,187.0,,20.0,37.8,0.0,10.5,,1016.8,Fomitopsis mounceae,"NW Cornell Rd, Portland, OR, US",1
26e65603-933e-4670-b19d-7b919b3736b2,178121852,2023-08-12 14:46:59-07:00,2023-08-12,-121.948975,44.28813,84PW73Q2+,1242.0,,,,,,,,Fomitopsis mounceae,"Willamette National Forest, Foster, OR, US",2
a8381cc0-c37d-4c13-b341-dbe15c01fdcc,177057114,2023-08-06 11:43:43-07:00,2023-08-06,-122.715102784,45.5181982879,84QVG79M+,239.0,,19.4,28.3,0.3,9.4,,1021.9,Fomitopsis mounceae,"Hoyt Arboretum, Portland, OR, US",1
af6a14a6-8893-4d72-984f-66cf2ee5f87f,174607528,2023-04-30 15:00:07-07:00,2023-04-30,-122.8472280023,45.5005674716,84QVG523+,72.0,,10.0,17.2,0.0,7.7,,1013.3,Fomitopsis mounceae,"Tualatin Hills Nature Park, Beaverton, OR, US",2
6bee839d-fb41-4545-9670-e55f1f643361,173453649,2023-07-17 10:57:01-07:00,2023-07-17,-121.9357347117,45.7975093788,84QWQ3X7+,413.0,,15.2,24.8,0.0,19.6,,1017.5,Fomitopsis mounceae,"Carson, WA, US",1
7d2e4ccd-4c74-4357-9eb8-b1215e1df7f8,173280440,2023-07-16 12:45:21-07:00,2023-07-16,-122.6529541,44.8776415997,84PVV8HW+,455.0,,13.9,33.9,0.0,9.7,,1015.6,Fomitopsis mounceae,"Silverton, OR 97381, USA",1
9a08b3ee-06b5-417b-bcba-9a2ce54ec5c7,172910026,2023-07-14 13:05:41-07:00,2023-07-14,-122.58660647,44.64144014,84PVJCR7+,907.0,,16.1,34.4,0.0,11.2,,1018.0,Fomitopsis mounceae,"Linn County, US-OR, US",1
86531e9d-5327-4b9a-aa1a-36a20bce9df5,172767357,2023-07-13 17:08:00-07:00,2023-07-13,-122.717955,45.5307483,84QVG7JJ+,155.0,,16.1,31.1,0.0,9.7,,1018.6,Fomitopsis mounceae,"Portland, OR 97210, USA",1
fb3a77c4-2b15-4490-afd9-4374eabb5a4a,172763641,2023-07-13 16:36:33-07:00,2023-07-13,-122.7175528,45.5308775,84QVG7JJ+,155.0,,16.1,31.1,0.0,9.7,,1018.6,Fomitopsis mounceae,"Portland, OR 97210, USA",2
8c46d4e2-ec6f-4837-9187-9c58795632f0,172076937,2023-07-09 17:46:07-07:00,2023-07-09,-122.6812613098,45.4482913788,84QVC8X9+,91.0,,14.4,29.4,0.0,10.8,,1013.0,Fomitopsis mounceae,"SW Maricara St, Portland, OR, US",1
d8df1ff1-253d-4388-bd1e-4bf116d2011a,171046975,2023-07-04 09:00:08-07:00,2023-07-04,-122.840761,45.4970819722,84QVF5W5+,68.0,,13.3,34.4,0.0,7.4,,1014.2,Fomitopsis mounceae,"Cooper Mountain - Aloha North, Beaverton, OR, USA",1
04310691-2b1d-4850-84f4-961958cb461b,171046930,2023-07-04 08:59:30-07:00,2023-07-04,-122.8407639722,45.4969019722,84QVF5W5+,68.0,,13.3,34.4,0.0,7.4,,1014.2,Fomitopsis mounceae,"Cooper Mountain - Aloha North, Beaverton, OR, USA",1
61c4015b-9a75-4254-b247-5c95a3ef764e,170379432,2023-06-30 10:23:02-07:00,2023-06-30,-122.8408638889,45.4969805556,84QVF5W5+,68.0,,13.9,29.4,0.0,11.3,,1017.5,Fomitopsis mounceae,"Cooper Mountain - Aloha North, Beaverton, OR, USA",1
1e7df184-cc3f-4d76-b5c7-f50236c97cb0,169081257,2023-06-23 15:41:03-07:00,2023-06-23,-122.6271313,44.78427663,84PVQ9MF+,214.0,,12.2,26.1,0.0,11.2,,1013.5,Fomitopsis mounceae,"Lyons, OR 97358, USA",1
690ca7ff-df80-44e0-b4fd-7443c3777edc,166907074,2023-06-11 14:35:09-07:00,2023-06-11,-122.6510432997,44.8760193,84PVV8GX+,426.0,,11.1,28.9,0.0,14.4,,1013.8,Fomitopsis mounceae,"Silverton, OR 97381, USA",1
52a1e084-617d-4bdd-84fb-9397fb2d6e36,166518564,2023-06-09 15:31:14-07:00,2023-06-09,-122.0112849349,44.3545403603,84PV9X3Q+,1068.0,,,,,,,,Fomitopsis mounceae,"Willamette National Forest, Foster, OR, US",1
4d7fc62d-68f7-4426-8fad-04803188c9da,166517191,2023-06-09 17:20:40-07:00,2023-06-09,-122.0281216306,44.3518037998,84PV9X2C+,1120.0,,,,,,,,Fomitopsis mounceae,"Willamette National Forest, Foster, OR, US",1
92facf7f-597c-420d-a75a-2d5e736e23fe,165547476,2023-06-03 15:40:51-07:00,2023-06-03,-122.752845,45.5520033333,84QVH62W+,222.0,,10.6,26.1,0.0,10.0,,1020.2,Fomitopsis mounceae,"Forest Park Conservancy, Portland, OR, US",1
efa84d85-a54d-4583-b650-28e1f340647e,164141476,2023-05-10 10:22:54-07:00,2023-05-10,-122.4699729203,44.398216401,84PV9GXJ+,327.0,,,,,,,,Fomitopsis mounceae,"Cascadia State Park, Cascadia, OR, US",1
433c8186-c529-4243-aaa4-cedf9b5891a1,160838526,2023-05-09 18:19:44-07:00,2023-05-09,-122.79535185,44.62500365,84PVJ6G3+,140.0,,8.9,18.3,0.3,6.1,,1018.7,Fomitopsis mounceae,"Scio, OR 97374, USA",1
f1168bc4-fc94-466c-9501-5b2c4f234bc3,160381330,2023-05-07 11:37:46-07:00,2023-05-07,-122.6465831326,44.8451235937,84PVR9W3+,486.0,,6.1,17.8,0.0,8.6,,1017.2,Fomitopsis mounceae,"Silver Falls State Park, Stayton, OR, US",1
8abb9ecb-3ed6-4b82-a849-754ea6f964fd,159915380,2023-05-05 11:58:35-07:00,2023-05-05,-122.7150033333,45.51817,84QVG79M+,239.0,,10.6,15.6,2.5,6.5,,1012.9,Fomitopsis mounceae,"Hoyt Arboretum, Portland, OR, US",1
4b988e6b-9e11-4146-92bf-f526bb923380,159680597,2023-05-03 17:01:26-07:00,2023-05-03,-122.7994576469,45.5829471656,84QVH6M2+,308.0,,7.8,22.2,0.0,5.9,,1009.7,Fomitopsis mounceae,Forest Park,1
651065e7-067f-416f-8db1-97166ef6b7b1,159027563,2023-05-01 18:24:48-07:00,2023-05-01,-122.7198416667,45.5149466667,84QVG77J+,256.0,,11.1,15.6,0.0,6.5,,1010.7,Fomitopsis mounceae,"SW Fairview Blvd, Portland, OR, US",1
f3bd6833-3bb7-4fa0-968f-72a4b2b95ce0,157683106,2023-04-29 09:34:01-07:00,2023-04-29,-122.387332537,45.8316613207,84QVRJJ7+,178.0,,12.2,28.3,0.0,6.5,,1014.0,Fomitopsis mounceae,"NE Lucia Falls Rd, Yacolt, WA, US",1
22fdba7f-9298-446f-bbe4-fcecad47957d,156470176,2023-02-06 13:50:00-08:00,2023-02-06,-122.8430417924,45.4956250327,84QVF5W4+,52.0,,2.8,9.4,,8.9,,1031.1,Fomitopsis mounceae,"Cooper Mountain - Aloha North, Beaverton, OR, USA",1
8c265834-ed56-4786-b3e4-3f428fd51b3b,154214548,2023-04-06 12:36:26-07:00,2023-04-06,-122.8779229894,45.2530045931,84QV743C+,27.0,,7.8,13.9,,4.3,,1012.1,Fomitopsis mounceae,"Aurora, OR 97002, USA",1
7ab50d9c-5b9d-4e97-886d-7d733a5c6d8f,153636619,2023-04-05 17:16:54-07:00,2023-04-05,-122.849759,45.4984309722,84QVF5X2+,65.0,,1.7,10.0,,7.7,,1021.6,Fomitopsis mounceae,"Cooper Mountain - Aloha North, Beaverton, OR, USA",1
93fa8926-5438-4fc4-b8fe-23e9c02738db,153151109,2023-04-01 14:21:56-07:00,2023-04-01,-122.8231958672,45.6027607081,84QVJ53G+,257.0,,3.9,10.0,,12.0,,1015.5,Fomitopsis mounceae,"Linnton, Portland, OR, USA",1
0c0497b8-33f4-476c-a48c-8c4ea84786d5,153149830,2023-04-01 13:53:17-07:00,2023-04-01,-122.8183243051,45.6049686614,84QVJ53J+,215.0,,3.9,10.0,,12.0,,1015.5,Fomitopsis mounceae,"Linnton, Portland, OR, USA",1
82a93485-d3dd-443b-a0f4-74f8f3dc0f6e,153145886,2023-04-01 13:04:54-07:00,2023-04-01,-122.8225424141,45.6019237601,84QVJ52G+,248.0,,3.9,10.0,,12.0,,1015.5,Fomitopsis mounceae,"Linnton, Portland, OR, USA",1
649011e3-5a3e-4c82-9b93-6ed8ab1b13e7,153145860,2023-04-01 13:02:47-07:00,2023-04-01,-122.8228669614,45.6023523222,84QVJ52G+,214.0,,3.9,10.0,,12.0,,1015.5,Fomitopsis mounceae,"Linnton, Portland, OR, USA",1
de4cb98e-fa48-4a2b-b927-61fbec368aad,153145834,2023-04-01 12:59:06-07:00,2023-04-01,-122.8231351823,45.6026821274,84QVJ53G+,257.0,,3.9,10.0,,12.0,,1015.5,Fomitopsis mounceae,"Linnton, Portland, OR, USA",1
ff965fd8-14ee-4574-9796-37896c8c12d1,152998106,2023-03-31 15:42:44-07:00,2023-03-31,-122.6342,44.8602277778,84PVV968+,467.0,,6.1,10.0,18.0,22.7,,1015.6,Fomitopsis mounceae,"Sublimity, OR 97385, USA",2
ea9ec98b-58bb-4da8-a686-3248df52d4b5,152880514,2023-03-30 14:05:44-07:00,2023-03-30,-122.682025,45.4354805556,84QVC8P9+,80.0,,7.8,12.8,1.0,13.0,,1012.3,Fomitopsis mounceae,"Forest Highlands, Portland, OR, USA",1
049fcae7-977a-45ef-ade8-b939a57e1bdc,152590457,2022-09-20 19:16:55-07:00,2022-09-20,-122.72092022,45.3864746934,84QV97PH+,42.0,,12.2,29.4,0.0,5.6,,1012.5,Fomitopsis mounceae,Bryant Woods Nature Park,1
3255e5e4-a756-47e1-99da-e38068fbbbe0,152572430,2023-03-26 12:55:45-07:00,2023-03-26,-122.030872245,44.3008499187,84PV8X29+,753.0,,,,,,,,Fomitopsis mounceae,"Willamette National Forest, Foster, OR, US",3
68e6378a-435f-481a-bc9a-87ce4cd202ba,152443086,2023-03-25 11:01:31-07:00,2023-03-25,-122.7287616667,45.527345,84QVG7GC+,161.0,,2.8,8.9,,7.1,,1026.6,Fomitopsis mounceae,"NW Cornell Rd, Portland, OR, US",2
a0ebde2f-cf72-4fd8-aaa6-29bfda02d87d,151701432,2023-03-19 18:09:10-07:00,2023-03-19,-122.682563,45.4349169722,84QVC8M8+,97.0,,6.7,15.6,5.3,10.1,,1006.9,Fomitopsis mounceae,"Forest Highlands, Portland, OR, USA",1
c6f91d14-2cbb-4f6e-b5b5-2a96fbe18e5a,151696381,2023-03-19 17:24:36-07:00,2023-03-19,-122.680947,45.4354719722,84QVC8P9+,70.0,,6.7,15.6,5.3,10.1,,1006.9,Fomitopsis mounceae,"Forest Highlands, Portland, OR, USA",1
6df33c8f-7ee0-4c86-9d02-2275c15cf57d,150938221,2023-03-11 12:59:46-08:00,2023-03-11,-122.647745,44.87932,84PVV9H2+,522.0,,1.7,12.8,0.5,7.2,,1013.2,Fomitopsis mounceae,"Silver Falls State Park, Silverton, OR, US",1
a7d9f4e2-5bfb-41e8-8f72-c65044eccdd0,150937784,2023-03-11 13:12:31-08:00,2023-03-11,-122.6539616667,44.8794966667,84PVV8HW+,467.0,,1.7,12.8,0.5,7.2,,1013.2,Fomitopsis mounceae,"Silver Falls State Park, Silverton, OR, US",1
c569fd6f-a93c-46ad-b7b1-db7a5963db9b,150885641,2023-03-11 12:02:01-08:00,2023-03-11,-122.8436059083,45.4971018194,84QVF5W4+,66.0,,2.2,10.6,,4.2,,1013.5,Fomitopsis mounceae,"Cooper Mountain - Aloha North, Beaverton, OR, USA",1
4a979a0e-5d02-45dc-a443-b59159cfd894,150093383,2023-03-02 11:12:12-08:00,2023-03-02,-122.7628633333,45.56812,84QVH69P+,228.0,,0.6,8.9,,10.6,,1019.6,Fomitopsis mounceae,"Forest Park Conservancy, Portland, OR, US",1
bddfc079-fe0f-4342-b79d-73d1bf21bece,149280394,2023-02-20 14:32:20-08:00,2023-02-20,-122.7631583065,45.3889666334,84QV96QP+,46.0,,6.7,11.1,0.0,14.7,,1023.7,Fomitopsis mounceae,"Sherwood - Tualatin North, Sherwood, OR, USA",1
34dd25db-e77d-4daf-b000-8ef67872f4e1,148732430,2023-02-11 16:25:00-08:00,2023-02-11,-121.977296449,45.8275922211,84QWR2HF+,557.0,,-1.0,10.7,0.0,5.0,,1024.6,Fomitopsis mounceae,"Skamania County, US-WA, US",2
0130403f-ab17-45a8-ad85-b36b4e3b2d08,148430046,2023-02-09 16:02:51-08:00,2023-02-09,-122.7630199722,45.3883769722,84QV96QP+,46.0,,0.0,12.8,0.5,3.2,,1024.0,Fomitopsis mounceae,"Sherwood - Tualatin North, Sherwood, OR, USA",2
d7424ef2-b05f-4ddd-ac0c-995466e5089d,148151435,2023-02-05 12:55:16-08:00,2023-02-05,-122.2483216667,44.3926883333,84PV9QV2+,553.0,,,,,,,,Fomitopsis mounceae,"Willamette National Forest, Foster, OR, US",1
2c25d32e-2614-45f9-b7d8-fefb45833b9a,148148811,2023-02-05 10:43:00-08:00,2023-02-05,-122.2859224838,44.4054349509,84PVCP47+,453.0,,,,,,,,Fomitopsis mounceae,"Willamette National Forest, Foster, OR, US",1
e7f9478c-5c48-41f2-a543-08dcf5f80dd7,148131368,2023-02-05 10:35:16-08:00,2023-02-05,-122.69345,45.4954333333,84QVF8W4+,210.0,,6.1,10.6,4.6,15.5,,1013.3,Fomitopsis mounceae,"Marquam Nature Park, Portland, OR, US",2
d6c6b6fa-d819-4654-a00d-df25c42fc7ed,148072178,2023-02-04 13:16:10-08:00,2023-02-04,-122.6812366667,45.4356,84QVC8P9+,70.0,,5.6,10.0,1.3,11.9,,1014.3,Fomitopsis mounceae,"Tryon Creek State Natural Area, Lake Oswego, OR, US",1
1e708365-8dac-4cdd-b792-b677a58d7110,148067992,2023-02-04 11:38:02-08:00,2023-02-04,-122.7211216667,45.3892583333,84QV97QH+,40.0,,6.1,10.6,2.3,7.2,,1013.8,Fomitopsis mounceae,"Bryant Woods Nature Park, Lake Oswego, OR, US",1
0dd09a41-18f1-41a3-ad87-94ddf5f7cd47,147987239,2023-02-02 11:43:13-08:00,2023-02-02,-122.4095972255,45.598248829,84QVHHXR+,78.0,,-0.6,8.9,0.0,27.0,,1020.1,Fomitopsis mounceae,"Camas, WA, USA",1
353d67ef-9133-4dc2-bd58-8316180796dc,147923198,2023-02-02 15:56:56-08:00,2023-02-02,-122.507355,45.4439866667,84QVCFVV+,275.0,,-0.6,8.9,0.0,27.0,,1020.1,Fomitopsis mounceae,"Scouters Mountain Nature Park, Happy Valley, OR, US",1
7b3b42af-ec28-4321-8802-ecf9598f2418,147569843,2023-01-28 09:59:19-08:00,2023-01-28,-122.3967283333,45.8325083333,84QVRJM3+,205.0,,3.9,8.3,,6.1,,1020.6,Fomitopsis mounceae,"NE Lucia Falls Rd, Battle Ground, WA, US",1
6b6678cd-410a-4af9-a2a8-eb314330cde3,147412293,2023-01-26 12:05:35-08:00,2023-01-26,-122.8389970958,45.5015918139,84QVG526+,62.0,,4.4,7.2,0.0,3.1,,1036.8,Fomitopsis mounceae,"Cooper Mountain - Aloha North, Beaverton, OR, USA",1
02ae20f0-a085-4596-9c28-d1d4d23b4baf,147280945,2023-01-24 09:01:43-08:00,2023-01-24,-122.5634721168,45.5506112019,84QVHC2P+,52.0,,3.9,10.6,0.0,6.1,,1036.3,Fomitopsis mounceae,"NE Rocky Butte Rd, Portland, OR, US",2
b86e85fd-7893-4ab4-974c-2b67afbea593,147126382,2023-01-01 13:35:32-08:00,2023-01-01,-122.6262228191,44.865211635,84PVV98F+,484.0,,0.0,8.3,0.0,3.6,,1018.5,Fomitopsis mounceae,Silver Falls State Park,1
ad55981b-0027-4a04-acba-7973e006cdac,146924829,2023-01-19 14:52:07-08:00,2023-01-19,-122.6761333333,45.4408866667,84QVC8RF+,92.0,,1.1,6.1,0.0,2.2,,1028.5,Fomitopsis mounceae,"Tryon Creek State Natural Area, Portland, OR, US",1
7fa33530-9c0e-44cb-8ec8-a831d432aede,146919268,2023-01-19 14:52:00-08:00,2023-01-19,-122.6760816482,45.4408814433,84QVC8RF+,92.0,,1.1,6.1,0.0,2.2,,1028.5,Fomitopsis mounceae,"Tryon Creek State Natural Area, Portland, OR, US",1
ea98ab01-626c-4d96-a63e-eb7cf543d7e7,146857255,2023-01-18 09:18:28-08:00,2023-01-18,-122.5066014869,45.4453725538,84QVCFWV+,275.0,,5.6,7.8,,10.2,,1014.7,Fomitopsis mounceae,"Scouters Mountain Nature Park, Happy Valley, OR, US",1
5dbf5ce3-059e-4f68-8056-d025e4cef94d,146838964,2023-01-16 13:47:00-08:00,2023-01-16,-122.5970388889,44.8669388889,84PVVC83+,717.0,,3.9,10.6,0.3,7.9,,1008.0,Fomitopsis mounceae,"Marion County, OR, USA",2
41c22a42-d47b-4c39-80b9-75ebe7148922,146782353,2023-01-17 11:53:49-08:00,2023-01-17,-122.706682618,45.5164609654,84QVG78V+,197.0,,7.2,10.6,0.5,13.3,,1015.4,Fomitopsis mounceae,"Washington Park, Portland, OR, US",1
6d0bb692-a7c1-43d9-9a71-317ae605aa16,146765764,2023-01-15 14:50:36-08:00,2023-01-15,-122.2992779191,44.3257273258,84PV8PG2+,1296.0,,,,,,,,Fomitopsis mounceae,"Oregon, US",1
eb46deaa-7732-41b7-9572-588a424fbec7,146715816,2023-01-16 13:36:48-08:00,2023-01-16,-122.701499939,45.522644043,84QVG7FX+,117.0,,3.9,10.6,2.3,6.1,,1008.0,Fomitopsis mounceae,Portland,2
f99c71f1-07bf-4f47-8df2-f0093bac5198,146589363,2022-09-18 12:42:09-07:00,2022-09-18,-122.6606231555,45.4110118541,84QVC86Q+,27.0,,12.8,26.7,0.0,7.2,,1006.1,Fomitopsis mounceae,George Rogers Park,1
dfedd76f-b5b9-44ff-9731-ab60f4743890,146562003,2023-01-14 13:59:59-08:00,2023-01-14,-122.841025,45.49688,84QVF5W5+,68.0,,6.7,10.6,,9.5,,995.9,Fomitopsis mounceae,"Tualatin Hills Nature Park, Beaverton, OR, US",1
feb7317d-7e51-4c45-b21d-5818452e6717,146370817,2020-05-21 12:10:56-07:00,2020-05-21,-122.0343638333,44.291005,84PV7XR8+,695.0,,,,,,,,Fomitopsis mounceae,"Willamette National Forest, Foster, OR, US",1
0be51f93-2924-4313-959a-356d58b452ae,146174343,2023-01-08 15:56:32-08:00,2023-01-08,-122.57003,45.6628383333,84QVMC7H+,90.0,,5.6,11.7,,9.9,,1005.9,Fomitopsis mounceae,"Maple Tree, Vancouver, WA, US",2
fc200059-68bc-4295-8c3c-930ebd8ef050,145533047,2022-12-31 13:54:21-08:00,2022-12-31,-122.6590805054,45.4144287109,84QVC87R+,18.0,,3.9,10.0,2.5,6.1,,1012.2,Fomitopsis mounceae,Lake Oswego,1
ec3e3959-44d1-4379-8ab9-df2a8d942c8d,145440374,2022-12-30 10:07:39-08:00,2022-12-30,-122.6479475107,44.8688198241,84PVV992+,451.0,,6.7,11.7,8.9,13.3,,1003.3,Fomitopsis mounceae,"Silver Falls State Park, Silverton, OR, US",1
947bd877-3aeb-4f8e-87ee-e51d26d60e44,144623474,2022-12-18 10:41:19-08:00,2022-12-18,-122.628205,44.8836833333,84PVV9MC+,464.0,,3.3,6.7,0.0,16.9,,1018.2,Fomitopsis mounceae,"Silver Falls State Park, Silverton, OR, US",1
522e4635-baee-4bab-b98b-7ee694c49956,143417566,2022-11-26 13:26:35-08:00,2022-11-26,-122.6797861111,45.5505611111,84QVH82C+,54.0,,5.0,8.9,0.0,3.6,,1030.4,Fomitopsis mounceae,"Portland, OR 97227, USA",1
43113580-51a0-4672-a9b2-309ff2142f22,143249083,2022-11-28 10:15:47-08:00,2022-11-28,-122.7328583333,45.524725,84QVG7F8+,243.0,,0.0,7.8,,3.6,,1013.8,Fomitopsis mounceae,"Portland, OR 97210, USA",1
060fe330-682c-4ead-84ac-b50e6bfbb723,142935864,2022-11-25 16:20:14-08:00,2022-11-25,-122.591423,45.5140288997,84QVGC75+,161.0,,2.8,6.7,9.9,5.8,,1026.1,Fomitopsis mounceae,"Mt. Tabor, Portland, OR, USA",2
948f31cf-0372-424c-9a8e-e4b172ab3ee0,142655035,2022-11-22 14:52:37-08:00,2022-11-22,-122.64148,44.882825,84PVV9M5+,460.0,,0.6,15.6,3.0,11.2,,1019.4,Fomitopsis mounceae,"Silver Falls State Park, Silverton, OR, US",2
e80ff51c-ce89-4320-a607-888ddb21af37,142626649,2022-07-30 09:51:57-07:00,2022-07-30,-122.7456966667,45.55075,84QVH723+,295.0,,20.0,37.8,0.0,10.2,,1010.4,Fomitopsis mounceae,"Forest Park Conservancy, Portland, OR, US",1
480b4874-c32a-48da-8169-20614d140c56,142477602,2022-11-05 13:28:44-07:00,2022-11-05,-121.9023808737,45.8745937699,84QWV3FX+,749.0,,4.7,12.1,6.5,13.9,,1012.3,Fomitopsis mounceae,"Skamania County, US-WA, US",1
2f6f27e3-f08f-4252-8089-e7d5033eb5b6,142259761,2022-11-17 13:59:13-08:00,2022-11-17,-121.6555073506,45.7914002348,84QWQ8RV+,474.0,,-1.7,3.3,0.0,10.9,,1037.7,Fomitopsis mounceae,"Skamania County, US-WA, US",1
468c363b-f840-4982-a47d-ecbdd34f508a,142259723,2022-11-16 14:22:41-08:00,2022-11-16,-121.6596771567,45.7925504061,84QWQ8VR+,505.0,,-1.7,4.4,0.0,8.1,,1040.2,Fomitopsis mounceae,"Skamania County, US-WA, US",1
e8aa3256-26d7-4e8a-8eed-fbf1c3f0da6f,142190104,2022-11-12 12:54:32-08:00,2022-11-12,-122.2097083333,44.4103383333,84PVCQ6R+,792.0,,,,,,,,Fomitopsis mounceae,"Willamette National Forest, Idanha, OR, US",1
02a24ab6-bf47-4d83-ad60-d3259c05ce16,142177445,2022-10-29 16:00:00-07:00,2022-10-29,-122.0310415,44.430273,84PVCXJ9+,1133.0,,,,,,,,Fomitopsis mounceae,"Linn County, OR, USA",1
f3c122bb-53af-447e-90b6-24d71727b54c,141714088,2022-11-11 10:47:00-08:00,2022-11-11,-122.8396247327,45.4982311002,84QVF5X6+,70.0,,0.6,8.3,,7.7,,1019.7,Fomitopsis mounceae,"Cooper Mountain - Aloha North, Beaverton, OR, USA",1
2f7c759e-17a3-4ce1-baca-7061aae3cebc,141669353,2022-11-10 16:25:31-08:00,2022-11-10,-122.6724059722,45.4548879722,84QVF83H+,146.0,,0.6,11.1,0.0,1.8,,1027.3,Fomitopsis mounceae,"Forest Highlands, Portland, OR, USA",1
dbf25409-0991-4f94-b91a-ead31af3f0a2,141669304,2022-11-10 16:25:31-08:00,2022-11-10,-122.6724059722,45.4548879722,84QVF83H+,146.0,,0.6,11.1,0.0,1.8,,1027.3,Fomitopsis mounceae,"Forest Highlands, Portland, OR, USA",1
b4f6b500-2923-4a48-8db6-2f6c5f3ad4b4,141308482,2022-11-06 11:38:00-08:00,2022-11-06,-122.7302569,45.5267801,84QVG7G9+,164.0,,4.4,8.9,,9.5,,1003.6,Fomitopsis mounceae,"5151 NW Cornell Rd, Portland, OR 97210, USA",1
2ec6fc3f-52f4-49ba-9939-260775ed08c6,141196649,2022-11-05 13:45:41-07:00,2022-11-05,-122.6709366667,45.4556833333,84QVF84H+,146.0,,7.8,13.3,0.8,12.6,,1013.9,Fomitopsis mounceae,"River View Natural Area, Portland, OR, US",1
7a7e391c-5f27-4fa5-b713-2250500417ec,140863507,2022-10-30 10:14:14-07:00,2022-10-30,-122.7083242353,45.5062536739,84QVG74R+,209.0,,11.7,15.0,0.0,11.2,,1022.7,Fomitopsis mounceae,"SW Upper Dr, Portland, OR, US",2
32760ae1-3c7d-485a-87b1-51bb06cfc2c2,140838153,2022-11-01 11:52:35-07:00,2022-11-01,-121.3993453134,45.7417967792,84QWPJR2+,477.0,,5.4,8.8,4.3,8.5,,1006.4,Fomitopsis mounceae,"Klickitat County, US-WA, US",1
a7baec44-88c9-401a-b9bd-4739617a0a36,140820839,2022-11-01 11:22:00-07:00,2022-11-01,-122.7201185,45.5307974,84QVG7JH+,131.0,,6.1,11.7,4.3,10.4,,1007.6,Fomitopsis mounceae,"Lower Macleay Trail, Portland, OR 97210, USA",1
c7abca0c-786c-46b9-96b5-3f59258d9c4d,140462365,2022-10-29 13:47:09-07:00,2022-10-29,-122.1287314771,44.3928673604,84PV9VVC+,1387.0,,,,,,,,Fomitopsis mounceae,"Oregon, US",1
ffbf5e88-f272-431c-89c7-63678ef7fcfe,140379155,2022-10-22 11:49:59-07:00,2022-10-22,-122.719855,45.51455,84QVG77J+,271.0,,8.9,16.1,3.3,9.0,,1008.5,Fomitopsis mounceae,"SW Fairview Blvd, Portland, OR, US",1
f36376ee-459b-4228-bfbb-1c72508db1ad,139399315,2022-10-19 14:59:09-07:00,2022-10-19,-121.928995,45.9567383333,84QWX34C+,587.0,,9.9,22.9,0.0,3.1,,1024.6,Fomitopsis mounceae,"Wind River Rd, Carson, WA, US",1
f4b13dca-26dd-49ac-a5de-22050e202d81,138894526,2022-10-15 12:31:09-07:00,2022-10-15,-122.6546383587,45.4760541256,84QVF8GW+,1.0,,10.0,30.6,0.0,13.3,,1012.0,Fomitopsis mounceae,"Oaks Bottom Wildlife Refuge, Portland, OR, US",1
91e71a10-57fe-40d0-8076-d295b4959c57,137497789,2022-10-03 12:20:41-07:00,2022-10-03,-122.7177283333,45.5195916667,84QVG79J+,213.0,,12.8,27.8,0.0,4.3,,1016.9,Fomitopsis mounceae,"SW Fischer Ln, Portland, OR, US",2
248006fb-079d-424a-98c7-5ce90a78aa5f,136833713,2022-09-22 14:59:50-07:00,2022-09-22,-122.71492,45.51813,84QVG79P+,239.0,,12.8,23.9,0.0,7.9,,1019.0,Fomitopsis mounceae,"Hoyt Arboretum, Portland, OR, US",2
b63e3914-1daf-4acc-b760-2bc8ed741620,136833299,2022-09-22 14:16:49-07:00,2022-09-22,-122.7196883333,45.5143966667,84QVG77J+,271.0,,12.8,23.9,0.0,7.9,,1019.0,Fomitopsis mounceae,"Hoyt Arboretum, Portland, OR, US",1
2578336f-a3ac-42e1-9aa7-8844a90459c0,136567110,2021-09-20 18:38:47-07:00,2021-09-20,-121.7262033333,45.7917833333,84QWQ7RF+,642.0,,11.7,24.4,0.0,7.6,,1025.9,Fomitopsis mounceae,"Lost Creek Rd, Bingen, WA, US",3
02ff3586-ce2e-4b9f-8a22-983698e117a5,136511287,2022-09-25 13:54:12-07:00,2022-09-25,-122.67215935,45.43463145,84QVC8MH+,83.0,,12.2,31.1,0.0,5.8,,1018.1,Fomitopsis mounceae,"Tryon Creek State Natural Area, Portland, OR, US",2
4b9ef22a-64d4-44ca-8e66-ff436bfbb8a3,135834826,2022-09-20 13:52:41-07:00,2022-09-20,-122.7254607809,45.5267571425,84QVG7GF+,211.0,,12.8,30.0,0.0,7.6,,1012.4,Fomitopsis mounceae,"Macleay Park, Portland, OR, US",1
ece792e7-dcae-4702-ad67-0d4bc8c0989b,135623173,2022-09-17 09:23:54-07:00,2022-09-17,-122.3399716667,44.4022133333,84PVCM26+,539.0,,,,,,,,Fomitopsis mounceae,"Willamette National Forest, Cascadia, OR, US",1
015685aa-62d9-406d-9b84-f0f7adbee86f,135214997,2022-09-15 17:20:39-07:00,2022-09-15,-122.72714687,45.52757598,84QVG7HF+,161.0,,16.1,24.4,0.0,10.8,,1017.1,Fomitopsis mounceae,"Forest Park, Multnomah County, US-OR, US",1
a4ae5940-b5eb-4432-a376-59429c29b212,134773960,2022-09-12 13:04:15-07:00,2022-09-12,-122.745705,45.5508533333,84QVH723+,295.0,,16.7,23.9,,4.9,,1015.8,Fomitopsis mounceae,"Forest Park Conservancy, Portland, OR, US",1
d45dc5e3-9021-4a28-8e57-1cf408a6cbd2,133533492,2022-09-01 13:28:29-07:00,2022-09-01,-122.0178464833,44.3230519667,84PV8XFJ+,813.0,,,,,,,,Fomitopsis mounceae,"Linn County, US-OR, US",1
4fc0223d-7ebd-47d3-9119-be29f7faa38c,133023295,2022-07-10 17:25:38-07:00,2022-07-10,-122.6058152318,44.8518798259,84PVV92V+,505.0,,11.7,28.9,0.0,11.2,,1025.2,Fomitopsis mounceae,"Silverton, OR 97381, USA",1
9f0b7b63-26b7-4fde-93d1-8a3f16581381,132677872,2022-08-27 09:06:24-07:00,2022-08-27,-122.1530664956,44.398491199,84PV9RXW+,1440.0,,,,,,,,Fomitopsis mounceae,"Linn County, US-OR, US",1
65cca892-e052-420b-a05c-f3c0f69c0a58,131657761,2022-08-20 13:55:12-07:00,2022-08-20,-122.7847222222,45.5771805556,84QVH6G8+,287.0,,17.2,25.0,0.0,5.4,,1014.7,Fomitopsis mounceae,"Linnton, Portland, OR, USA",1
256baa35-ccb0-4ce6-a575-a281b29cc15f,131475003,2022-08-19 08:18:26-07:00,2022-08-19,-122.7216146294,45.5301890457,84QVG7JH+,123.0,,20.0,28.3,0.0,9.4,,1013.6,Fomitopsis mounceae,"Macleay Park, Portland, OR, US",1
93ed3c56-eb2e-4266-8ad9-c1468b4c33b5,130806411,2022-08-13 11:30:33-07:00,2022-08-13,-122.7257444444,45.5268861111,84QVG7GF+,211.0,,17.8,26.1,0.0,11.5,,1021.2,Fomitopsis mounceae,"Hillside, Portland, OR 97210, USA",1
cc0c2f02-65ba-4386-b272-2b36aead4a6d,130748079,2020-06-15 18:13:47-07:00,2020-06-15,-121.9991052269,44.3753802665,84PW92G2+,927.0,,,,,,,,Fomitopsis mounceae,"Clear Lake, Foster, OR, US",2
1314e017-22ed-403a-b7fe-255c78f8974b,130522815,2022-08-12 10:41:04-07:00,2022-08-12,-122.8409729004,45.4969177246,84QVF5W5+,68.0,,12.8,25.6,0.0,6.5,,1017.4,Fomitopsis mounceae,Beaverton,2
f6d5794b-c868-40d7-808b-1c9db2d851d7,130145563,2022-08-03 18:22:24-07:00,2022-08-03,-122.7256727,45.5268336,84QVG7GF+,211.0,,15.6,30.0,0.0,9.7,,1013.9,Fomitopsis mounceae,"Hillside, Portland, OR 97210, USA",1
9b577778-0609-44bc-b40a-cc131dd64e97,129744796,2022-08-03 18:21:33-07:00,2022-08-03,-122.7257466667,45.526945,84QVG7GF+,211.0,,15.6,30.0,0.0,9.7,,1013.9,Fomitopsis mounceae,"Macleay Park, Portland, OR, US",1
65b004f7-f7d3-4fb1-9c80-24022a85c3b9,128018097,2022-07-26 07:36:29-07:00,2022-07-26,-122.7327777778,45.5246388889,84QVG7F8+,243.0,,17.2,37.8,0.0,8.9,,1010.4,Fomitopsis mounceae,"Portland, OR 97210, USA",1
f90186b4-2157-4f5c-bfe5-f528ac11ad1e,127557492,2022-07-23 12:36:56-07:00,2022-07-23,-122.8409387694,45.4969050297,84QVF5W5+,68.0,,9.4,25.0,0.0,7.6,,1019.3,Fomitopsis mounceae,"Tualatin Hills Nature Park, Beaverton, OR, US",1
952d0129-54f1-4f9e-957f-e2ca16d50496,126803518,2022-07-16 07:26:13-07:00,2022-07-16,-122.682725,45.4349666667,84QVC8M8+,97.0,,17.8,24.4,0.0,12.6,,1018.3,Fomitopsis mounceae,"Tryon Creek State Natural Area, Portland, OR, US",1
53f824a5-73bd-4f97-a338-0b1a8932ed3b,125850539,2022-07-01 12:04:02-07:00,2022-07-01,-122.720955,45.5302966667,84QVG7JH+,123.0,,15.0,26.1,0.0,10.4,,1017.7,Fomitopsis mounceae,"Macleay Park, Portland, OR, US",1
f90730ab-2f0a-4fef-8d82-ccc1a8bbb916,125850116,2022-07-01 12:24:27-07:00,2022-07-01,-122.7241283333,45.528705,84QVG7HG+,142.0,,15.0,26.1,0.0,10.4,,1017.7,Fomitopsis mounceae,"Macleay Park, Portland, OR, US",1
106b7fe2-6609-4b13-89e9-90be2a86b762,125849230,2022-07-01 13:14:55-07:00,2022-07-01,-122.727255,45.5272033333,84QVG7GF+,161.0,,15.0,26.1,0.0,10.4,,1017.7,Fomitopsis mounceae,"Macleay Park, Portland, OR, US",1
e7f5f0d2-28fb-4747-b053-e2e2bca1d5b0,124697160,2022-07-03 11:11:58-07:00,2022-07-03,-122.7291412746,45.5270544906,84QVG7GC+,161.0,,15.6,22.2,0.0,9.3,,1014.1,Fomitopsis mounceae,"Forest Park, Multnomah County, US-OR, US",1
0716bc2f-becd-4d23-93d6-7f375df59074,124132867,2022-06-30 10:39:15-07:00,2022-06-30,-122.63544377,45.38021397,84QV99J7+,76.0,,11.1,26.7,0.0,7.3,,1019.0,Fomitopsis mounceae,"West Linn, OR, USA",2
205b2f78-3298-4735-8d0f-202f1f021c56,123634307,2022-06-25 14:22:44-07:00,2022-06-25,-121.9321869912,45.9087834135,84QWW359+,497.0,,12.6,31.1,0.0,7.3,,1020.0,Fomitopsis mounceae,"Lower Falls Creek, Carson, WA, US",1
f1cd7b98-3022-4cde-a3cd-cc8be2fd254f,122088710,2022-06-15 15:45:00-07:00,2022-06-15,-122.2440147444,44.3917056432,84PV9QR4+,532.0,,,,,,,,Fomitopsis mounceae,"Linn County, OR, USA",1
72377687-24c3-45b5-8b0b-ce206e0eacde,121634306,2022-06-13 12:29:25-07:00,2022-06-13,-122.7177233113,45.5194225705,84QVG79J+,213.0,,11.1,15.6,0.3,9.4,,1020.8,Fomitopsis mounceae,"SW Bray Ln, Portland, OR, US",1
8fd37b2c-1c9d-4e10-b4b4-688e65bc8a19,120613639,2022-06-04 15:56:32-07:00,2022-06-04,-121.8760138889,45.8195833333,84QWR49F+,303.0,,11.0,18.2,7.0,3.0,,1009.0,Fomitopsis mounceae,"Carson, WA 98610, USA",1
4904e585-c10b-4c7b-97fa-8aaf678a1f07,119710734,2022-05-27 19:03:32-07:00,2022-05-27,-122.7083522249,45.5059437244,84QVG74R+,216.0,,12.8,17.2,3.8,6.5,,1014.6,Fomitopsis mounceae,"SW Upper Dr, Portland, OR, US",2
591e0aef-8c72-4f7c-842b-3395bdfd8a14,119356728,2019-01-26 21:52:00-08:00,2019-01-26,-121.8195566838,45.8611900558,84QWV56J+,780.0,,,,,,,,Fomitopsis mounceae,"Skamania County, WA, USA",1
7d9eccdd-a652-44fb-9024-4afc2d8c073f,119076746,2022-05-27 09:59:12-07:00,2022-05-27,-122.73016,45.5285766667,84QVG7H9+,164.0,,12.8,16.7,,4.9,,1014.8,Fomitopsis mounceae,"Portland, OR 97210, USA",1
b7f2a6d8-5c35-4613-9f0d-9987b40ff5b7,118749973,2022-05-25 17:18:15-07:00,2022-05-25,-122.6726795175,45.4549140484,84QVF83G+,146.0,,13.3,22.8,2.0,8.3,,1015.9,Fomitopsis mounceae,"River View Natural Area, Portland, OR, US",1
e5dc5444-0e04-49f7-952f-7d7d51741602,118715837,2022-05-25 10:57:48-07:00,2022-05-25,-121.3685449079,45.7944801212,84QWQJVJ+,681.0,,12.4,21.9,0.0,10.0,,1015.0,Fomitopsis mounceae,"Klickitat County, US-WA, US",1
87cf5455-e0ef-45d4-bca3-7323de715a7e,118516237,2022-05-23 15:25:22-07:00,2022-05-23,-121.3711781167,45.7898221412,84QWQJQH+,590.0,,11.4,20.1,0.5,11.6,,1020.7,Fomitopsis mounceae,"Klickitat County, US-WA, US",1
ffa1c795-9233-444e-8902-74d05fb720d9,118254774,2022-05-22 09:32:25-07:00,2022-05-22,-122.6223,44.8842583333,84PVV9MH+,483.0,,6.7,24.4,0.0,6.8,,1022.5,Fomitopsis mounceae,"Silver Falls State Park, Silverton, OR, US",1
5cce4926-eaac-4473-8b4c-11e18c185817,117888827,2022-05-18 16:11:01-07:00,2022-05-18,-122.84093,45.496955,84QVF5W5+,68.0,,8.3,15.6,,16.2,,1021.8,Fomitopsis mounceae,"Tualatin Hills Nature Park, Beaverton, OR, US",2
5a0e2783-277a-4406-8f58-8a4720279fc7,117594273,2022-05-17 15:00:16-07:00,2022-05-17,-122.7284916667,45.527245,84QVG7GC+,161.0,,8.3,18.3,0.0,4.3,,1024.3,Fomitopsis mounceae,"NW Cornell Rd, Portland, OR, US",1
5594a9a4-9eaa-48bc-91f6-714dd90aec2f,116749899,2022-05-12 11:10:09-07:00,2022-05-12,-121.3581028274,45.8039351826,84QWRJ3R+,694.0,,5.1,9.1,11.3,5.5,,1021.1,Fomitopsis mounceae,"Klickitat County, US-WA, US",1
5ab68afb-42df-4787-85c2-6325668da810,116741966,2022-05-12 11:06:38-07:00,2022-05-12,-122.6829709722,45.434963,84QVC8M8+,97.0,,6.1,13.3,4.6,16.9,,1020.2,Fomitopsis mounceae,"Forest Highlands, Portland, OR, USA",1
0c6eba31-2b84-4d4b-b727-cbc2742cbb6c,114723950,2022-03-23 17:22:18-07:00,2022-03-23,-122.6409383333,44.884755,84PVV9M5+,452.0,,6.7,16.7,0.3,11.5,,1023.2,Fomitopsis mounceae,"Silver Falls State Park, Silverton, OR, US",1
2b1f1112-5a73-4dc5-87e5-a1bb0a7b36d8,114720546,2022-03-23 17:12:41-07:00,2022-03-23,-122.639895,44.8879083333,84PVV9Q6+,408.0,,6.7,16.7,0.3,11.5,,1023.2,Fomitopsis mounceae,"Silver Falls State Park, Silverton, OR, US",2
4b4def9b-07f4-4e99-9e33-0a20f19707a0,114044183,2022-04-30 13:34:13-07:00,2022-04-30,-122.730503,45.382765,84QV97M9+,55.0,,8.9,14.4,,7.8,,1016.0,Fomitopsis mounceae,"Tualatin, OR, USA",1
03f827da-3698-42cb-b32e-0b0b37e5b4cd,113954054,2022-04-30 13:11:58-07:00,2022-04-30,-122.6688166667,45.4494466667,84QVC8XJ+,140.0,,9.4,15.0,18.3,11.2,,1015.7,Fomitopsis mounceae,"Lewis & Clark College, Portland, OR, US",2
0c127c0a-fc62-447e-a38d-bd317f9376da,113953541,2022-04-30 13:11:16-07:00,2022-04-30,-122.66922,45.4491833333,84QVC8XJ+,140.0,,9.4,15.0,18.3,11.2,,1015.7,Fomitopsis mounceae,"Lewis & Clark College, Portland, OR, US",2
fd307ead-9b53-4e15-8127-10072dd765dc,113169374,2022-04-27 13:56:55-07:00,2022-04-27,-121.3710472444,45.7895834769,84QWQJQH+,590.0,,8.3,17.2,0.0,18.0,,1018.5,Fomitopsis mounceae,"Klickitat County, US-WA, US",1
e507774d-709a-47e5-ae5c-6462a39f4f6b,113135639,2022-04-27 13:28:14-07:00,2022-04-27,-122.6801954863,45.4453875963,84QVC8W9+,81.0,,7.8,15.0,0.3,8.3,,1019.9,Fomitopsis mounceae,"Tryon Creek State Natural Area, Portland, OR, US",2
781b1cc0-2f08-40ac-91ff-8e235d7ad1d4,112762971,2022-04-24 14:56:32-07:00,2022-04-24,-122.6356504485,45.3810173779,84QV99J7+,83.0,,3.9,20.0,0.0,5.2,,1021.8,Fomitopsis mounceae,"Robinwood, West Linn, OR, USA",1
d556d1ae-2e15-41b5-9ffc-4f19d9960b3b,112637554,2020-07-24 12:04:07-07:00,2020-07-24,-121.9332283333,45.9692883333,84QWX398+,772.0,,,,,,,,Fomitopsis mounceae,"Carson, WA, US",1
6ce6f936-46e3-4e23-b616-9e9d7d51477f,112625204,2021-02-19 07:37:00-08:00,2021-02-19,-122.7262553962,44.9260682771,84PVW7GF+,310.0,,5.0,9.4,2.5,11.2,,1020.0,Fomitopsis mounceae,"Marion County, US-OR, US",2
98a577d3-088f-447e-9523-a8f5ef659d6f,112461192,2021-10-06 14:06:34-07:00,2021-10-06,-122.4185911967,45.8469987657,84QVRHWJ+,327.0,,6.7,15.0,,6.8,,1020.1,Fomitopsis mounceae,"NE CC Landon Rd, Yacolt, WA, US",1
4721c4f9-1f39-42f7-9f25-722942fece96,112289836,2022-04-21 10:44:06-07:00,2022-04-21,-122.7402173729,44.7846602742,84PVQ7M5+,232.0,,5.0,15.0,2.0,14.8,,1008.4,Fomitopsis mounceae,"Kingston-Lyons Dr SE, Stayton, OR, US",1
19d4e1c5-555b-4307-9bf1-c6ed5ddc7fcc,112285827,2022-04-16 13:15:54-07:00,2022-04-16,-122.7563383333,45.5583383333,84QVH65V+,225.0,,3.9,11.1,1.3,6.5,,1014.9,Fomitopsis mounceae,"Forest Park Conservancy, Portland, OR, US",1
b6377eb8-583d-4efb-85ed-29daaab6afef,111061524,2022-04-10 18:17:29-07:00,2022-04-10,-122.682755,45.4349366667,84QVC8M8+,97.0,,3.9,8.3,12.2,12.2,,1017.7,Fomitopsis mounceae,"Tryon Creek State Natural Area, Portland, OR, US",1
36f3e7df-7171-4805-85da-062a39e5247e,110436706,2022-04-04 12:41:01-07:00,2022-04-04,-122.7898695,45.5669575,84QVH686+,331.0,,6.1,12.8,,19.8,,1008.6,Fomitopsis mounceae,"NW Skyline Blvd, Portland, OR, US",2
2431734d-b3c8-4ce4-90be-a12af06c9d34,109886936,2022-03-29 18:22:16-07:00,2022-03-29,-122.8411488341,45.4968887934,84QVF5W5+,68.0,,5.6,15.0,0.0,5.0,,1017.5,Fomitopsis mounceae,"Tualatin Hills Nature Park, Beaverton, OR, US",1
9879865b-5c8a-4c5b-81dc-fec0a475a508,109886901,2022-03-29 18:21:40-07:00,2022-03-29,-122.8409859178,45.4968719554,84QVF5W5+,68.0,,5.6,15.0,0.0,5.0,,1017.5,Fomitopsis mounceae,"Tualatin Hills Nature Park, Beaverton, OR, US",1
6b146804-6127-4299-a24d-c310ad83fbd4,109877744,2022-03-05 13:08:03-08:00,2022-03-05,-122.6747532151,45.4334974973,84QVC8MG+,62.0,,0.6,13.9,0.0,5.0,,1024.1,Fomitopsis mounceae,"Tryon Creek State Natural Area, Portland, OR, US",1
b897fa8b-e35d-4e80-a766-76af3f6b07b7,109418786,2022-03-23 12:08:53-07:00,2022-03-23,-122.5739468127,44.8266840455,84PVRCGG+,624.0,,6.7,16.7,0.3,11.5,,1023.2,Fomitopsis mounceae,"Lyons, OR, US",1
ec8fd09e-eff3-46b2-a477-4044b793ed93,108968173,2022-03-12 12:17:28-08:00,2022-03-12,-122.7181783333,45.5282833333,84QVG7HJ+,232.0,,1.7,15.6,3.3,10.8,,1013.4,Fomitopsis mounceae,"Macleay Park, Portland, OR, US",2
54cde956-af2a-4489-9a51-258916c1a63c,108079005,2022-03-06 12:48:39-08:00,2022-03-06,-122.777525,45.5704944444,84QVH6CC+,250.0,,1.7,10.6,0.0,2.4,,1031.1,Fomitopsis mounceae,"Northwest Portland, Portland, OR, USA",1
0b0178c6-e859-41d9-b7eb-9d0f4163dd0b,108050655,2022-03-05 10:51:45-08:00,2022-03-05,-122.6539537202,44.8844388909,84PVV8MW+,466.0,,0.6,13.3,0.0,4.3,,1024.0,Fomitopsis mounceae,"Marion County, US-OR, US",1
90d15b15-5528-4c43-ba81-a0a5b8ddf3e1,106636342,2022-02-12 11:35:13+00:00,2022-02-12,-122.7347033333,44.7868616667,84PVQ7P8+,199.0,,2.2,18.3,0.0,7.2,,1022.6,Fomitopsis mounceae,"Stayton, OR, US",1
c02b3521-ae70-44a0-9ba9-5030d6a50706,106216719,2022-02-05 15:58:54-08:00,2022-02-05,-122.6724616667,45.45493,84QVF83H+,146.0,,1.1,11.7,0.0,4.3,,1034.8,Fomitopsis mounceae,"River View Natural Area, Portland, OR, US",1
8774190d-1c14-481e-8433-f7d2a6f18203,105587704,2022-01-25 12:27:43+00:00,2022-01-25,-122.6971588656,45.5036949486,84QVG833+,184.0,,-1.6,8.3,0.0,7.6,,1025.5,Fomitopsis mounceae,"Portland, OR 97201, USA",1
da94b67d-270f-4da7-afdc-162225cef95f,105533007,2022-01-24 15:11:30+00:00,2022-01-24,-122.360305,45.63348,84QVJJMQ+,200.0,,-1.0,8.9,0.0,17.8,,1025.4,Fomitopsis mounceae,"NE 15th St, Washougal, WA, US",1
e3c04db4-14c4-4cc6-93b2-4985bdd8f0e9,105529207,2022-01-15 15:48:00-08:00,2022-01-15,-122.8396247,45.4982312,84QVF5X6+,70.0,,1.7,6.1,0.0,2.0,,1027.5,Fomitopsis mounceae,"15655 SW Millikan Way, Beaverton, OR 97006, USA",2
aa29081e-6e79-4204-8d98-f880ee635d09,105075515,2022-01-16 16:36:36+00:00,2022-01-16,-122.91993,45.3815616667,84QV93JJ+,95.0,,2.8,5.6,0.0,1.9,,1022.9,Fomitopsis mounceae,"SW Mountain Creek Rd, Sherwood, OR, US",1
44d3cb9d-5b3c-4bdd-844e-66c4bd1ded3e,104247897,2021-09-25 13:36:12-07:00,2021-09-25,-122.2589824722,44.3964488889,84PV9PWR+,517.0,,,,,,,,Fomitopsis mounceae,"Foster, OR 97345, USA",1
5f1799eb-b592-46da-8e48-cb504d33f435,103608197,2021-12-24 12:58:35-08:00,2021-12-24,-122.7269133333,45.52745,84QVG7GF+,149.0,,3.3,6.7,10.2,20.5,,995.8,Fomitopsis mounceae,"Macleay Park, Portland, OR, US",1
111c6c8a-09b8-4f01-94dd-1a526afaf68a,103556479,2021-12-23 13:52:16-08:00,2021-12-23,-122.6853745803,45.4367516184,84QVC8P7+,90.0,,5.6,10.0,2.8,16.2,,1000.5,Fomitopsis mounceae,"Forest Highlands, Portland, OR, USA",1
10cfe3ff-82af-4979-a7c2-4ce7dd1206db,103550738,2021-12-23 15:01:06-08:00,2021-12-23,-122.63553294,45.38028483,84QV99J7+,83.0,,5.0,9.4,,16.8,,1001.2,Fomitopsis mounceae,"West Linn, OR, USA",1
47ff9385-eb6c-4ac3-b15c-ee840001a903,102752378,2021-11-23 12:12:43-10:00,2021-11-23,-122.6160288529,44.8645478237,84PVV97M+,583.0,,2.2,11.7,5.1,10.8,,1021.0,Fomitopsis mounceae,"Silver Falls State Park, Silverton, OR, US",2
4fddf1c1-aad2-4a97-9830-604f67650fea,102342377,2021-11-25 12:24:12-08:00,2021-11-25,-122.7382969111,45.5472969534,84QVG7W6+,239.0,,5.6,12.8,,5.6,,1025.8,Fomitopsis mounceae,"SE Cesar Chavez Blvd & Gladstone, Portland, OR 97202, USA",2
99a605a6-b473-40c2-bd67-6584e4053dad,102128656,2021-11-28 11:07:42-08:00,2021-11-28,-122.5725819916,45.6618730258,84QVMC6G+,75.0,,11.1,16.1,,7.3,,1022.0,Fomitopsis mounceae,"Five Corners, WA, USA",1
5368b853-1ef7-471a-ade5-554546311c5d,101968001,2021-11-18 12:41:22-08:00,2021-11-18,-122.84106456,45.49697831,84QVF5W5+,68.0,,4.4,8.3,,4.8,,1012.5,Fomitopsis mounceae,"Washington County, US-OR, US",3
c4c5c81a-e822-4bb8-a519-101fa8307458,101913844,2021-11-25 12:58:25+00:00,2021-11-25,-122.549995,44.4043616667,84PVCF32+,237.0,,,,,,,,Fomitopsis mounceae,"Foster, OR, US",3
3806f3a9-a909-445c-b766-cff8804c219b,101789728,2021-11-20 12:41:50+00:00,2021-11-20,-122.5520083333,45.488545,84QVFCQX+,73.0,,2.2,11.7,0.0,1.8,,1032.7,Fomitopsis mounceae,"SE Pardee St, Portland, OR, US",3
61903771-afa6-4184-9c4d-5ba2e936f26d,101489310,2021-11-18 11:03:35-08:00,2021-11-18,-122.652589,44.8782009722,84PVV8HW+,455.0,,6.1,12.8,4.6,7.9,,1012.0,Fomitopsis mounceae,"Silverton, OR 97381, USA",1
aaf2d503-6be2-40b3-b7b3-99d24fde19ac,101295758,2021-11-16 16:34:46+00:00,2021-11-16,-122.672518585,45.4548114958,84QVF83G+,146.0,,2.8,11.1,0.0,3.2,,1029.4,Fomitopsis mounceae,"River View Natural Area, Portland, OR, US",1
3c64686c-9c35-40a9-83e9-3eb063c706c6,101294135,2021-11-16 16:08:35+00:00,2021-11-16,-122.6723098755,45.4424362183,84QVC8RH+,109.0,,2.8,11.1,0.0,3.2,,1029.4,Fomitopsis mounceae,Portland,1
0d5fd260-c193-4adc-aab6-b8bd9bce4257,101032770,2021-11-13 12:41:03-08:00,2021-11-13,-122.6829183474,45.4351421683,84QVC8P8+,97.0,,7.8,17.2,0.0,9.0,,1024.5,Fomitopsis mounceae,"Forest Highlands, Portland, OR, USA",1
e6004198-de6e-4d4e-8f2a-7cce00f96113,100801062,2021-11-07 11:37:51+00:00,2021-11-07,-122.8409583333,45.4968916667,84QVF5W5+,68.0,,4.4,8.3,,13.0,,1020.5,Fomitopsis mounceae,"Tualatin Hills Nature Park, Beaverton, OR, US",2
3652cacf-4f95-4877-9bbb-be790d37f3c8,100119479,2021-10-29 17:12:08-07:00,2021-10-29,-122.71792,45.5196116667,84QVG79J+,213.0,,6.1,16.7,10.4,10.1,,1018.4,Fomitopsis mounceae,"SW Fischer Ln, Portland, OR, US",3
340dba5a-be01-4e1b-9d15-1e93e809567f,98848884,2021-10-20 12:02:51-07:00,2021-10-20,-122.6500319722,45.7414849722,84QVP8RX+,79.0,,11.1,16.7,,9.2,,1011.0,Fomitopsis mounceae,"Mt Vista, WA, USA",1
3d11ea2a-cef9-4f75-b42f-24e80e3413bb,98455883,2021-10-16 09:05:30-07:00,2021-10-16,-122.78681167,45.58595,84QVH6P7+,230.0,,7.2,19.4,0.0,1.6,,1016.8,Fomitopsis mounceae,"Forest Park Conservancy, Portland, OR, US",2
0baa3255-7b4a-44d6-8475-d22dfcba6172,98349740,2021-10-15 14:04:02-07:00,2021-10-15,-122.8035869077,45.5928896508,84QVH5VW+,282.0,,8.3,18.3,0.0,3.8,,1022.5,Fomitopsis mounceae,"Forest Park, Portland, OR, USA",1
aeabe9fc-aa35-416d-9216-18d8fbc206c7,98046918,2021-10-12 14:39:28-07:00,2021-10-12,-122.673141528,45.4553181399,84QVF84G+,149.0,,3.3,12.2,2.5,7.2,,1021.8,Fomitopsis mounceae,"River View Natural Area, Portland, OR, US",1
da5fc438-3952-4704-a79d-3c99e1509bda,97708751,2021-10-09 14:40:13-07:00,2021-10-09,-122.7938762367,44.9796805087,84PVX6H4+,153.0,,6.1,18.9,0.3,11.5,,1023.4,Fomitopsis mounceae,"Marion County, US-OR, US",1
d9f6a3da-b55a-46f8-ad92-a41a2408ceac,97400083,2021-10-06 16:45:12-07:00,2021-10-06,-122.668257812,45.4492156953,84QVC8XJ+,134.0,,6.7,16.1,3.6,9.0,,1020.2,Fomitopsis mounceae,"Copeland Hall, Portland, OR 97219, USA",2
64aae431-c246-44a2-accd-b86de6ae4f84,96976462,2021-10-02 15:16:25-07:00,2021-10-02,-121.93224908,45.97229493,84QWX3C9+,803.0,,,,,,,,Fomitopsis mounceae,"Skamania County, US-WA, US",1
2e339593-9019-4fab-bf87-f71c6c5fc41a,96006274,2021-09-24 13:38:49-07:00,2021-09-24,-121.9149198495,45.8125886105,84QWR37P+,306.0,,11.7,30.0,0.0,15.6,,1014.6,Fomitopsis mounceae,"Szydlo Rd, Carson, WA, US",1
0a609b74-2f6b-4c91-834d-736cdf1a6132,95728076,2021-09-21 09:35:10-07:00,2021-09-21,-122.391107,45.8328389722,84QVRJM5+,179.0,,8.9,28.9,0.0,4.9,,1019.6,Fomitopsis mounceae,"Yacolt, WA 98675, USA",2
a1ebe4b0-d344-4061-85ef-678ee6b6117c,94019085,2021-07-10 08:19:45-07:00,2021-07-10,-121.9971916667,44.35405,84PW9233+,932.0,,,,,,,,Fomitopsis mounceae,"Willamette National Forest, Foster, OR, US",1
85aa1a21-7254-45f4-8162-823bf0cf86ba,92834564,2021-08-26 09:16:16-07:00,2021-08-26,-122.728395,45.5287216667,84QVG7HC+,161.0,,15.6,24.4,,6.5,,1018.8,Fomitopsis mounceae,"Washington Park, Portland, OR, US",1
3399680c-e223-4245-9615-dd990ccfd78c,90002147,2021-08-04 15:50:31-07:00,2021-08-04,-122.6511466667,44.8653916667,84PVV88X+,427.0,,15.6,36.1,0.0,11.2,,1013.4,Fomitopsis mounceae,"Silver Falls State Park, Silverton, OR, US",1
c90e5b9f-7870-479c-9b31-7cbc410e1817,83195434,2021-06-12 13:00:00-07:00,2021-06-12,-122.4996648303,44.7036117061,84PVPG32+,756.0,,12.2,26.7,15.7,7.6,,1012.9,Fomitopsis mounceae,Private Property Forest Key,1
481da23e-f942-42f2-ad2a-cb8d97bdcb1d,80613114,2021-05-28 07:38:36-07:00,2021-05-28,-122.6474383316,44.8564273604,84PVV943+,462.0,,8.9,21.7,0.0,12.6,,1023.9,Fomitopsis mounceae,"Silver Falls State Park, Stayton, OR, US",2
57c66c86-219b-4722-b878-cd7779175b8a,79708392,2021-05-21 10:10:49-07:00,2021-05-21,-122.7015286033,45.5225989642,84QVG7FX+,117.0,,7.8,18.9,0.0,8.6,,1022.2,Fomitopsis mounceae,"Washington Park, Portland, OR, US",2
350b5490-7ac1-4128-8f77-cff220bad4c4,77996285,2021-05-08 18:06:27-07:00,2021-05-08,-121.8824234009,45.9699079792,84QWX499+,996.0,,,,,,,,Fomitopsis mounceae,"Carson, WA, US",1
20c7860f-4a0e-4901-bf02-c9e5bda77704,76739468,2021-05-02 15:55:37-07:00,2021-05-02,-122.8450122548,45.499165857,84QVF5X3+,74.0,,8.3,18.9,0.0,8.2,,1022.7,Fomitopsis mounceae,"Tualatin Hills Nature Park, Beaverton, OR, US",1
6bf5223b-fc99-4ece-a2f2-690b02ac04c2,76262223,2021-05-01 11:43:11-07:00,2021-05-01,-122.69258,45.4549533333,84QVF834+,102.0,,10.0,16.7,0.0,14.0,,1020.8,Fomitopsis mounceae,"Marshall Park, Portland, OR, US",1
618e27be-eccd-48ba-a496-5cb7fe2b83d6,75387878,2021-04-26 13:14:00-07:00,2021-04-26,-122.7683495,45.5709848,84QVH6CJ+,184.0,,9.4,14.4,,3.5,,1013.1,Fomitopsis mounceae,"Portland, OR 97231, USA",1
62641531-67f2-42fb-844f-1fa61529d5a1,74418188,2021-04-17 13:02:49+00:00,2021-04-17,-122.7195077778,45.5283111111,84QVG7HJ+,242.0,,7.2,28.9,0.0,7.9,,1020.8,Fomitopsis mounceae,"Hillside, Portland, OR 97210, USA",2
81c8042e-b021-4d23-85c4-be1d237675d3,73134678,2021-04-06 12:03:36-07:00,2021-04-06,-122.2922666667,45.60033,84QVJP25+,207.0,,1.1,18.9,0.0,4.4,,1019.6,Fomitopsis mounceae,"SE 370th Ave, Washougal, WA, US",2
6eea9d93-3395-4e89-a559-c3bafbed3329,72873887,2021-03-25 12:24:00-07:00,2021-03-25,-122.62031,44.744692,84PVP9VH+,544.0,,1.7,12.2,0.0,13.0,,1014.4,Fomitopsis mounceae,Avery ,2
d29160c9-b30a-4e6b-a4ea-757506d4739d,72777858,2021-04-02 11:23:26-07:00,2021-04-02,-122.7895133333,45.5852866667,84QVH6P6+,253.0,,1.1,17.2,0.0,5.5,,1017.5,Fomitopsis mounceae,"Forest Park Conservancy, Portland, OR, US",1
8ad48e6a-ce8f-4cfb-a728-3bf7c7539e99,72585258,2021-03-14 15:03:49-07:00,2021-03-14,-122.3482966667,44.3987216667,84PV9MX2+,420.0,,,,,,,,Fomitopsis mounceae,"Willamette National Forest, Cascadia, OR, US",1
694f5713-0126-419d-9eac-a0f128301c55,72427757,2021-03-28 13:10:58-07:00,2021-03-28,-122.0566129028,44.2358814222,84PV6WPV+,593.0,,,,,,,,Fomitopsis mounceae,"Lane County, US-OR, US",1
484dc8c5-0617-40f8-a442-a4745c34347f,72321615,2021-03-28 12:10:03-07:00,2021-03-28,-122.82058,45.6026519722,84QVJ53H+,214.0,,3.3,10.0,,13.8,,1020.6,Fomitopsis mounceae,"Northwest Portland, Portland, OR, USA",1
c431f51d-47b4-4fe9-b6b9-69727f2415cc,71445786,2021-03-16 13:40:00-07:00,2021-03-16,-122.348507,44.3992,84PV9MX2+,420.0,,,,,,,,Fomitopsis mounceae,"Linn County, OR, USA",3
3ab4d948-a8eb-4f70-88fd-e4a5a6b126a0,71445782,2021-03-16 13:35:00-07:00,2021-03-16,-122.348507,44.3992,84PV9MX2+,420.0,,,,,,,,Fomitopsis mounceae,"Linn County, OR, USA",2
986cb79f-9602-4995-ab4c-c4eeea726ab8,70021204,2021-02-20 15:21:00-08:00,2021-02-20,-122.3485072267,44.3991998578,84PV9MX2+,420.0,,,,,,,,Fomitopsis mounceae,"Linn County, OR, USA",2
e7a7312d-1f51-44da-bb4c-81a47bb615ef,69996308,2021-02-02 15:14:36-07:00,2021-02-02,-122.761545,45.5655783333,84QVH68Q+,169.0,,5.6,9.4,,12.3,,1012.0,Fomitopsis mounceae,"Forest Park Conservancy, Portland, OR, US",1
320897f9-7af2-4563-91f3-391577e38558,69971069,2021-02-20 12:11:18+00:00,2021-02-20,-122.7649979666,44.7135152546,84PVP67P+,125.0,,2.2,10.0,2.0,9.4,,1027.4,Fomitopsis mounceae,"Scio, OR 97374, USA",1
996527cb-8bc2-46e0-99eb-93185dc6cf82,69518748,2021-02-07 13:03:28+00:00,2021-02-07,-122.7613133333,45.566345,84QVH68Q+,169.0,,5.0,10.0,,6.9,,1020.2,Fomitopsis mounceae,"Forest Park Conservancy, Portland, OR, US",1
5e1119ed-851f-47ad-8078-c35d073430de,69472226,2021-02-11 12:33:41-06:00,2021-02-11,-122.056547702,44.2387636599,84PV6WQV+,598.0,,,,,,,,Fomitopsis mounceae,"Lane County, US-OR, US",3
97fbb5a3-590c-459e-8e03-5c11c212f428,69022272,2021-02-03 13:07:19+00:00,2021-02-03,-122.7176244557,45.5192084846,84QVG79J+,213.0,,3.9,8.9,6.6,10.4,,1020.4,Fomitopsis mounceae,"SW Fairview & Wildwood Trail, Portland, OR 97205, USA",2
e4e977c5-3b54-48ed-9502-eff2053a2eb6,69022219,2021-02-03 12:52:00+00:00,2021-02-03,-122.7157127112,45.5194215548,84QVG79M+,243.0,,3.9,8.9,6.6,10.4,,1020.4,Fomitopsis mounceae,"Portland, OR 97205, USA",2
b793ea42-9663-4b0e-a0cc-603ca29ca919,68903176,2021-01-31 14:23:05-08:00,2021-01-31,-122.768428,45.562656,84QVH67J+,289.0,,6.7,10.0,,14.4,,1012.9,Fomitopsis mounceae,"Cedar Mill, Beaverton, OR, USA",1
5ed2c08f-53f8-4178-a2f4-bcabf109b95d,68779207,2021-01-29 14:56:54+00:00,2021-01-29,-122.4207450151,45.6375465696,84QVJHQH+,142.0,,4.4,9.4,,3.2,,1010.3,Fomitopsis mounceae,"NE 244th Ave, Camas, WA, US",1
a94dd9d9-5fe2-408f-a412-54bbb40cb63b,68115834,2021-01-08 06:20:58+00:00,2021-01-08,-122.65722,44.8777666667,84PVV8HV+,430.0,,-0.5,11.1,11.4,6.8,,1023.4,Fomitopsis mounceae,"Silver Falls State Park, Sublimity, OR, US",1
ac4a453d-b4cc-45c3-b5d9-636edb81921c,68068872,2021-01-14 12:45:00-08:00,2021-01-14,-122.7957846971,45.592876277,84QVH6V3+,218.0,,2.2,12.8,,5.5,,1029.3,Fomitopsis mounceae,"Forest Park Conservancy, Portland, OR, US",1
4db53671-0e29-4919-b840-d32bd7587889,67112703,2016-09-02 17:29:00-10:00,2016-09-02,-122.1373343458,44.2776326763,84PV7VH7+,1367.0,,,,,,,,Fomitopsis mounceae,"Carpenter Mountain, Linn County, OR, USA",1
0a53815d-dda9-47e8-9756-7d7861c27215,67106268,2020-12-23 13:39:07+00:00,2020-12-23,-122.00087882,44.34447094,84PV8XVX+,852.0,,,,,,,,Fomitopsis mounceae,"Linn County, US-OR, US",1
5ecb4292-0662-4da1-acdd-f0f6248bd6b9,66481837,2020-07-07 18:57:48-07:00,2020-07-07,-122.6966842824,45.5627447181,84QVH873+,61.0,,13.9,20.6,,5.2,,1019.3,Fomitopsis mounceae,"N Killingsworth St, Portland, OR, US",1
339bb2ae-f9cb-4d95-a045-ad0ebbb7584c,66423536,2020-12-10 13:51:18+00:00,2020-12-10,-122.8417762428,45.4992229336,84QVF5X5+,64.0,,1.7,5.0,,5.0,,,Fomitopsis mounceae,"Tualatin Hills Nature Park, Beaverton, OR, US",2
75d0a498-fd00-4f68-8ea7-6c025a68dc5a,66168042,2020-12-05 13:02:13-08:00,2020-12-05,-122.7423783333,44.7134133333,84PVP775+,142.0,,-3.2,9.4,3.3,4.7,,1020.5,Fomitopsis mounceae,"Scio, OR, US",1
c01e56c5-3c10-47b5-b6fd-20618b6f465f,65681455,2020-11-26 13:49:29+00:00,2020-11-26,-122.2623939067,45.6142956192,84QVJP7Q+,210.0,,4.4,10.0,,3.6,,1030.6,Fomitopsis mounceae,"Washougal, WA 98671, USA",1
bd5c8a55-ab02-4cbe-b41c-ea9f5d835845,65647564,2020-10-10 16:01:37-07:00,2020-10-10,-122.594118,45.513264,84QVGC74+,193.0,,12.2,17.8,20.1,13.0,,1008.9,Fomitopsis mounceae,"Montavilla, Oregon, United States",1
f57b75e3-13da-407e-b4cd-8937f6a54418,64116369,2020-11-02 16:27:18-10:00,2020-11-02,-122.7985611185,45.6009028918,84QVJ622+,238.0,,1.7,19.4,0.0,3.9,,1019.5,Fomitopsis mounceae,"Northwest Portland, Portland, OR, USA",1
27efda1f-d443-443a-876a-5952fd68257d,64072591,2020-11-02 13:15:09+00:00,2020-11-02,-122.69257167,45.502525,84QVG834+,119.0,,2.8,18.9,0.0,8.6,,1019.6,Fomitopsis mounceae,"Marquam Nature Park, Portland, OR, US",1
5374af22-c2dc-4df0-a560-a0dbbdae422d,64072560,2020-11-02 13:15:27+00:00,2020-11-02,-122.69261167,45.50251667,84QVG834+,119.0,,2.8,18.9,0.0,8.6,,1019.6,Fomitopsis mounceae,"Marquam Nature Park, Portland, OR, US",1
ddb021ed-5843-4751-a30d-89e9d5868623,64071326,2020-11-02 13:15:50+00:00,2020-11-02,-122.6916642457,45.503073432,84QVG835+,119.0,,2.8,18.9,0.0,8.6,,1019.6,Fomitopsis mounceae,"SW Marquam St, Portland, OR, US",2
4d69358d-6ce4-45cd-847f-e13e414aff2e,62264603,2020-08-28 15:08:00-07:00,2020-08-28,-121.8408333333,44.2113888889,84PW6565+,1696.0,,1.0,28.0,,6.4,,,Fomitopsis mounceae,"4-in-1 Cone Trail, Lane County, OR, USA",1
42793e16-d9f3-4565-bc6f-2f2e7748d5a1,62264602,2020-08-28 15:02:00-07:00,2020-08-28,-121.84442946,44.2123028441,84PW6564+,1667.0,,1.0,28.0,,6.4,,,Fomitopsis mounceae,"4-in-1 Cone Trail, Lane County, OR, USA",1
dfe3e523-fb1f-4031-9a72-6c0f223c78c6,62141789,2020-10-08 13:09:16-07:00,2020-10-08,-121.7853466667,46.00225,84RW2627+,1464.0,,,,,,,,Fomitopsis mounceae,"Gifford Pinchot National Forest, Bingen, WA, US",1
30f9d03d-2769-4687-a8b4-48ddb37e79dc,61741059,2019-08-03 17:40:00-07:00,2019-08-03,-122.4176614167,44.5577787778,84PVHH5J+,383.0,,,,,,,,Fomitopsis mounceae,"Linn County, OR, USA",1
904a6962-5e2b-4bfb-ab7d-85d079425522,61512128,2020-10-02 14:43:41-07:00,2020-10-02,-122.9642418559,44.968194403,84PVX29P+,58.0,,8.9,26.1,0.0,1.1,,1018.8,Fomitopsis mounceae,"48th Ave NE, Salem, OR, US",1
a04769b5-9b0d-4ef4-ae3b-a406226a759c,60905405,2020-09-26 12:42:37-07:00,2020-09-26,-122.7848138889,45.5847583333,84QVH6M8+,214.0,,12.2,21.1,0.6,4.2,,1021.1,Fomitopsis mounceae,"Northwest Portland, Portland, OR, USA",1
768a0236-1519-400b-9c08-6be4b0be5bee,58816069,2020-08-28 17:43:46-07:00,2020-08-28,-121.9478143997,45.9567363997,84QWX342+,575.0,,,,,,,,Fomitopsis mounceae,"Skamania County, WA, USA",1
11ec7320-9e91-45dd-bf2e-f3ae2840f2cb,58068524,2020-08-30 12:46:30-07:00,2020-08-30,-122.7185777555,45.5278402841,84QVG7HJ+,232.0,,10.6,25.0,0.0,7.6,,1020.6,Fomitopsis mounceae,"Macleay Park, Portland, OR, US",2
af8aef13-0fb0-446d-a040-9442287c1bee,57181315,2020-08-21 15:14:25-07:00,2020-08-21,-122.14228883,44.274855,84PV7VF5+,1316.0,,,,,,,,Fomitopsis mounceae,"Willamette National Forest, Foster, OR, US",1
fb508551-d09f-4783-b29f-ca352628c7e5,56835311,2020-08-17 13:44:04-07:00,2020-08-17,-121.9984409722,44.3469589722,84PW82W2+,870.0,,,,,,,,Fomitopsis mounceae,"Sahalie Falls, Oregon 97759, USA",1
447ce0f4-1088-4fe1-954f-c2a487535171,55881254,2020-08-08 13:59:34-07:00,2020-08-08,-122.631822601,44.8629222323,84PVV979+,486.0,,12.2,26.1,0.0,12.6,,1020.9,Fomitopsis mounceae,"Sublimity, OR 97385, USA",1
4411b1b8-5afc-40a2-bb05-bfc187888c19,53313341,2020-06-29 11:56:00-07:00,2020-06-29,-121.9731721675,45.8344331047,84QWR2MG+,570.0,,13.3,22.2,0.0,6.2,,1016.7,Fomitopsis mounceae,"Skamania County, US-WA, US",1
e76c3797-21de-4863-9951-2a0bd4f58426,53227970,2020-06-27 13:23:00-07:00,2020-06-27,-121.9158118243,45.9105670126,84QWW36M+,651.0,,,,,,,,Fomitopsis mounceae,"Skamania County, US-WA, US",1
3bf791f4-63ee-451d-83c0-b96669cffe41,53227964,2020-06-27 12:57:00-07:00,2020-06-27,-121.9297411413,45.8267469861,84QWR3GC+,332.0,,15.6,21.1,0.0,9.1,,1016.0,Fomitopsis mounceae,"Skamania County, US-WA, US",1
85625070-684a-4043-9f86-1d8eb1a6480f,52739216,2020-07-11 13:31:16-07:00,2020-07-11,-122.8029314429,45.5929114696,84QVH5VW+,282.0,,12.2,24.4,0.0,7.0,,1019.6,Fomitopsis mounceae,"Forest Park, Portland, OR, USA",2
8186abb5-542a-4cc5-8b0c-7ed81ae5d48f,51995708,2020-05-28 16:35:00-07:00,2020-05-28,-121.8863738615,44.4252754588,84PWC4G7+,1250.0,,,,,,,,Fomitopsis mounceae,"Linn County, OR, USA",2
c7d2323a-ae39-40f8-a2c2-771dfaf6b550,51921469,2020-07-03 15:05:20-07:00,2020-07-03,-122.7912392396,45.595628719,84QVH6W5+,156.0,,13.3,21.7,0.0,6.3,,1018.3,Fomitopsis mounceae,"Forest Park Conservancy, Portland, OR, US",2
f368322f-256c-4fec-8d5e-0ce60cf8998a,48549863,2020-06-05 09:10:25-07:00,2020-06-05,-122.6288800262,44.8645901623,84PVV97C+,460.0,,11.1,20.6,0.0,9.7,,1008.0,Fomitopsis mounceae,"Silver Falls State Park, Silverton, OR, US",1
e5bfef85-ae99-4f87-bbe0-a4266d49f02d,46255640,2020-05-16 15:07:40-07:00,2020-05-16,-122.49563667,44.5008,84PVGG23+,584.0,,,,,,,,Fomitopsis mounceae,"Foster, OR, US",1
283e207d-9dc9-41bd-8481-b74e9960442c,44028309,2020-04-27 16:56:28-07:00,2020-04-27,-122.7195362003,45.5150048342,84QVG78J+,256.0,,9.4,20.6,0.5,17.6,,1018.8,Fomitopsis mounceae,"Hoyt Arboretum, Portland, OR, US",3
ae6cb4e1-38b2-4ff1-8636-f049904640e2,41135484,2020-03-31 15:55:29-07:00,2020-03-31,-122.8012142425,45.5956965359,84QVH5WX+,261.0,,5.6,11.7,,12.3,,1017.4,Fomitopsis mounceae,"Forest Park, Portland, OR, US",1
cc6c3aa0-d849-49e6-b749-75aa53b88522,40853736,2020-03-27 08:03:42-07:00,2020-03-27,-122.71611167,45.52876333,84QVG7HM+,203.0,,5.6,10.0,1.5,11.5,,1018.5,Fomitopsis mounceae,"Macleay Park, Portland, OR, US",2
6c019987-d275-46c2-841f-d414b55bfda3,40345149,2020-03-20 09:29:05-07:00,2020-03-20,-122.0594501,44.2397204997,84PV6WQR+,585.0,,,,,,,,Fomitopsis mounceae,"CKENZIE BRIDGE, OR 97413, USA",2
5b5159f2-6dae-4879-a132-9ee01c491d01,40343718,2020-03-20 09:29:05-07:00,2020-03-20,-122.0594501,44.2397204997,84PV6WQR+,585.0,,,,,,,,Fomitopsis mounceae,"Lane County, US-OR, US",1
51461e97-c598-4b9b-9a38-ca3a63522f14,40050078,2020-03-15 13:25:20-07:00,2020-03-15,-122.8163817661,45.6077342339,84QVJ55M+,144.0,,1.7,7.2,0.0,27.5,,1017.5,Fomitopsis mounceae,"NW Newberry Rd, Portland, OR, US",1
fe43ec7e-874e-4a3e-afc4-8ee590040bb0,39095568,2020-02-22 12:32:27+00:00,2020-02-22,-122.574255,44.44109667,84PVCCRG+,230.0,,,,,,,,Fomitopsis mounceae,"Quartzville Dr, Foster, OR, US",2
b6eeaca0-cf91-4358-8c86-6f66b100e019,38921881,2020-02-20 11:40:53-08:00,2020-02-20,-122.7857894897,45.581199646,84QVH6J7+,243.0,,-1.1,12.2,0.0,12.0,,1023.7,Fomitopsis mounceae,"Northwest Portland, Portland, OR, USA",1
eae157b0-90ec-42f6-89bd-f1a5d76593b7,38576529,2020-02-11 13:35:10+00:00,2020-02-11,-122.8279783298,45.5626136251,84QVH57C+,123.0,,-1.1,5.0,0.0,1.2,,1028.5,Fomitopsis mounceae,"Kaiser Woods Natural Area, Portland, OR, US",1
409c8352-bc09-4c36-9861-2a5cf6f826c6,38476111,2020-02-05 13:48:00-05:00,2020-02-05,-122.7179097784,45.5270527946,84QVG7GJ+,232.0,,5.6,11.1,3.8,9.0,,1023.1,Fomitopsis mounceae,"Hillside, Portland, OR 97210, USA",2
4db66221-84d0-4b4d-ad45-c98f8d36ba3f,38406463,2020-02-07 16:17:18+00:00,2020-02-07,-122.8018402378,45.5935646589,84QVH5VX+,263.0,,8.3,12.8,,15.4,,1019.1,Fomitopsis mounceae,"Forest Park, Portland, OR, US",1
b5f62b79-b203-4e16-bd95-84555e01fcec,38205561,2020-02-01 13:05:33-08:00,2020-02-01,-122.8029122609,45.592063721,84QVH5RW+,282.0,,3.9,14.4,,14.5,,1022.2,Fomitopsis mounceae,"Forest Park, Portland, OR, US",1
8e0a10d6-75a2-4d04-9508-62f72a87c43f,37972195,2020-01-25 14:15:57+00:00,2020-01-25,-122.4775409326,44.3985313421,84PV9GXC+,263.0,,,,,,,,Fomitopsis mounceae,Cascadia State Park,1
2763a695-a3a1-43d3-bb0b-a04a3fce091d,37807388,2020-01-20 12:23:40-10:00,2020-01-20,-122.74558333,45.55098333,84QVH723+,295.0,,5.0,8.3,0.0,11.3,,1013.0,Fomitopsis mounceae,"Forest Park, Portland, OR, US",1
d53f8110-a39f-4fa5-8f64-ad3321d4541f,37312227,2020-01-04 14:30:00-10:00,2020-01-04,-122.5077529722,45.7548632778,84QVQF3R+,104.0,,5.0,8.9,,12.8,,1026.1,Fomitopsis mounceae,"Hockinson, WA, USA",1
dd4cc419-6886-4219-b17c-3f8408c4a5ae,37304904,2020-01-04 08:48:00-08:00,2020-01-04,-122.7211468355,45.5310250204,84QVG7JH+,123.0,,5.0,9.4,4.1,15.8,,1026.3,Fomitopsis mounceae,"Forest Park, Portland, OR, USA",2
abc08043-401e-4bb2-8047-c63aebefc09b,37113130,2019-12-30 14:07:19+00:00,2019-12-30,-122.82244167,45.60197,84QVJ52H+,248.0,,3.3,8.3,0.0,0.9,,1027.9,Fomitopsis mounceae,"Forest Park, Portland, OR, US",2
20d18945-b804-4990-80b2-933dc9931fae,36689379,2019-06-30 14:10:00-05:00,2019-06-30,-122.6728977745,45.4535360857,84QVF83G+,133.0,,13.3,29.4,0.0,10.4,,1018.6,Fomitopsis mounceae,"Forest Highlands, Portland, OR, USA",2
86406588-8e8d-48ba-b595-4440effcab49,36240137,2019-11-30 12:47:54+00:00,2019-11-30,-122.8042708711,45.5974745052,84QVH5WW+,235.0,,-5.6,10.0,,10.9,,1015.6,Fomitopsis mounceae,"Forest Park, Portland, OR, US",2
fa2fba26-4fda-4145-8b1e-28927339112a,36047584,2019-10-08 08:58:54-07:00,2019-10-08,-122.3952786719,45.5166193145,84QVGJ83+,92.0,,6.1,16.7,,7.7,,1015.8,Fomitopsis mounceae,"Mt. Hood Community College, Gresham, OR, US",1
4746a782-6f02-4435-a02a-e89f19f09a2c,34856849,2019-10-23 14:43:57-07:00,2019-10-23,-121.929405,45.90918333,84QWW35C+,498.0,,,,,,,,Fomitopsis mounceae,"Gifford Pinchot National Forest, Carson, WA, US",1
52fe37e3-be80-4278-8115-9ac16c1da9c6,34547675,2018-02-03 15:11:00-08:00,2018-02-03,-122.7774805556,45.5796861111,84QVH6HF+,214.0,,6.7,13.9,,1.0,,1027.6,Fomitopsis mounceae,"Northwest Portland, Portland, OR, USA",2
9f8962aa-195e-4810-a0d5-b8376a8194f5,33920563,2019-09-29 15:26:02-07:00,2019-09-29,-122.4043216511,45.5821586782,84QVHHJW+,14.0,,7.2,10.6,,15.9,,1012.4,Fomitopsis mounceae,"SE Adams St, Camas, WA, US",1
1571c992-5bbf-4b9c-8ad1-5fcd98db9fe7,33623586,2019-09-29 15:26:52-07:00,2019-09-29,-122.6953087621,45.4962748158,84QVF8W3+,232.0,,6.7,11.1,8.9,18.0,,1012.2,Fomitopsis mounceae,"Marquam Nature Park, Portland, OR, US",1
ba965b9f-0cf1-4c69-837b-af3059851da2,32730263,2019-09-14 14:41:00-08:00,2019-09-14,-122.1438116239,44.3993875542,84PV9VX4+,1491.0,,,,,,,,Fomitopsis mounceae,"Linn County, OR, USA",1
648898e8-d67a-48eb-885d-fe50cdcc1313,29004759,2019-07-17 09:40:52-07:00,2019-07-17,-122.6750066691,45.4382719053,84QVC8QF+,91.0,,17.2,23.9,0.0,13.0,,1014.7,Fomitopsis mounceae,"Tryon Creek, Portland, OR, US",2
a2d2e0b6-ff65-4608-be12-735949d63fbe,25357309,2008-03-31 18:46:33-07:00,2008-03-31,-122.7774011716,45.5610689074,84QVH66F+,307.0,,2.2,9.4,,5.4,,1028.0,Fomitopsis mounceae,"Forest Park, Portland, OR, USA",2
f87135c7-da73-404b-b2b3-de1f85d4a67b,25348033,2019-05-11 11:52:00-07:00,2019-05-11,-121.7006,44.4834277778,84PWF7MX+,957.0,,,,,,,,Fomitopsis mounceae,"Jack Creek Campground, Sisters Ranger District, Deschutes National Forest, Jefferson County, Oregon, USA",1
3037f60d-4644-41a0-8f86-5c460b6a5c11,25347513,2019-05-11 13:24:00-07:00,2019-05-11,-121.6983431645,44.4871122849,84PWF8P2+,958.0,,,,,,,,Fomitopsis mounceae,"Jack Creek, Sisters Ranger District, Deschutes National Forest, Jefferson County, Oregon, USA",1
a304f56e-8887-4a65-b79b-34503f27ac47,17454522,2018-10-12 09:27:26-07:00,2018-10-12,-122.9012216667,44.8751366667,84PVV3GX+,165.0,,3.9,22.8,0.0,5.8,,1018.2,Fomitopsis mounceae,"97317, Salem, OR, US",1
e0324719-2f14-4724-a614-fc9d16da3e0a,13588084,2018-06-19 12:07:35-07:00,2018-06-19,-122.7171963241,45.5286884398,84QVG7HM+,232.0,,14.4,32.8,0.0,7.9,,1016.4,Fomitopsis mounceae,"3161 NW Cumberland Rd, Portland, OR, US",2
329f93cc-780f-4ad0-ab5b-d1e61fbc6f11,10456827,2018-03-25 11:00:46-07:00,2018-03-25,-122.718132019,45.5196151733,84QVG79J+,213.0,,4.4,12.2,2.5,4.3,,1019.8,Fomitopsis mounceae,"Wildwood Trail, Portland, OR 97205, USA",2
97262059-6e9a-488a-9f01-1a540306f015,7285487,2017-07-30 10:31:00-07:00,2017-07-30,-122.8430555556,45.4963888889,84QVF5W4+,66.0,,14.4,31.1,0.0,9.6,,1022.5,Fomitopsis mounceae,"Washington, Oregon, United States",3
5cbca6e0-9df9-4ef7-9730-322404aad9c6,5616931,2017-04-08 16:37:55-07:00,2017-04-08,-122.5033269358,45.4816111643,84QVFFJW+,163.0,,6.1,11.1,,14.0,,1014.5,Fomitopsis mounceae,"Powell Butte Nature Park, Portland, OR, US",2
385b322d-4351-4934-a016-91ff2d733a75,5484467,2017-03-27 12:16:30-07:00,2017-03-27,-122.7177222159,45.5274333124,84QVG7GJ+,232.0,,7.2,12.8,0.3,15.8,,1020.7,Fomitopsis mounceae,"Adams Park, Portland, OR, US",2
b24f1a2d-aea1-4f33-9e19-47d8955b21ea,5208672,2017-03-01 17:56:06-08:00,2017-03-01,-122.8456845721,45.498000069,84QVF5X3+,74.0,,5.0,10.0,,11.4,,1030.6,Fomitopsis mounceae,"Tualatin Hills Nature Reserve, Beaverton, OR, US",1
66bf5c0d-9f20-44dc-b517-d35c464fda70,5189977,2017-02-26 16:38:21-08:00,2017-02-26,-122.8419466557,45.5039995451,84QVG535+,58.0,,2.8,6.1,,10.7,,1007.8,Fomitopsis mounceae,"Tualatin Hills Nature Reserve, Beaverton, OR, US",1
cba6495f-fc6d-475e-b995-0f5c0777c821,2509064,2015-12-27,2015-12-27,-122.875044,45.4451,84QVC4WF+,137.0,,0.0,2.8,,3.7,,,Fomitopsis mounceae,Washington Co. OR,1
