uuid,inat_id,timestamp,date,lon,lat,elevation,tavg,tmin,tmax,precipitation,windspeed,winddirection,presure,species,location,num_identification_agreements,olc
19936542-141e-4691-afef-e2e5f0720d7b,367121427,2026-05-31 11:15:46-06:00,2026-05-31,-105.0902058,40.5350536997,1549.0,,9.4,26.7,0.0,5.6,,,Trametes versicolor,"Troutman Park, Fort Collins, CO 80526, USA",1,
ac18dd80-ddd9-4951-85f0-f2bfef8f497b,366019261,2026-05-27 09:17:26-06:00,2026-05-27,-104.9632196043,39.7311408422,1643.0,,13.2,18.8,,16.4,,1011.1,Trametes versicolor,"N Race St, Denver, CO, US",1,
b71725f4-1848-4049-ab49-d9bd3ad2f653,351829083,2026-04-20 13:41:41-06:00,2026-04-20,-104.961932525,39.7320179199,1646.0,,4.7,24.4,,8.1,,1014.0,Trametes versicolor,"York St & 9th Ave, Denver, CO 80206, USA",1,
96aa2a23-079e-4a0f-9fbd-bdeb65469a70,350896558,2025-09-27 12:32:00-06:00,2025-09-27,-104.7627991395,39.3575622526,1893.0,,7.0,23.0,0.0,15.2,,1025.1,Trametes versicolor,"Douglas County, CO, USA",1,
194bc249-c420-425f-8cc1-79b010ccfc60,350896534,2025-09-27 12:32:00-06:00,2025-09-27,-104.7627669529,39.3575456614,1893.0,,7.0,23.0,0.0,15.2,,1025.1,Trametes versicolor,"Douglas County, CO, USA",1,
70bad96d-433a-4dd3-ac9f-27e0b28e1f7a,350896519,2025-09-27 12:32:00-06:00,2025-09-27,-104.7627902801,39.3575622526,1893.0,,7.0,23.0,0.0,15.2,,1025.1,Trametes versicolor,"Douglas County, CO, USA",1,
1cd16f65-6ec7-426f-8ff3-1bbb8f1d361c,350896512,2025-09-27 12:32:00-06:00,2025-09-27,-104.7627502431,39.357475149,1893.0,,7.0,23.0,0.0,15.2,,1025.1,Trametes versicolor,"Douglas County, CO, USA",1,
cbd3f3bc-d888-4745-9920-4325134d1787,350896500,2025-09-27 12:32:00-06:00,2025-09-27,-104.762749812,39.3574458364,1893.0,,7.0,23.0,0.0,15.2,,1025.1,Trametes versicolor,"Douglas County, CO, USA",1,
00d5733b-f4d6-4cee-a40b-4c0892fb8a80,349943397,2026-04-14 11:08:25-06:00,2026-04-14,-104.9623749,39.7319698,1646.0,,6.1,14.3,,13.3,,1007.2,Trametes versicolor,"York St & 9th Ave, Denver, CO 80206, USA",2,
b78b1cf1-9f3e-442e-af87-c911816751d9,345028752,2026-03-24 18:42:04-06:00,2026-03-24,-105.0632099722,40.5170659722,1520.0,,6.0,27.0,0.0,8.1,,1015.9,Trametes versicolor,"Miramont, Fort Collins, CO 80525, USA",1,
3641ad66-bcb1-4254-be04-b81c0945c98c,339058382,2026-02-17 11:16:49-07:00,2026-02-17,-103.3527297974,43.9863853455,1223.0,,-4.4,16.7,0.0,19.1,,992.8,Trametes versicolor,Rapid City,1,
c98e9acf-b9d6-480a-b338-ed1a377a8de0,338398686,2026-02-12 16:32:00-07:00,2026-02-12,-105.2964368,40.0211269,1721.0,,1.0,15.0,,4.7,,,Trametes versicolor,"Mount Sanitas Trail, Boulder, CO, USA",1,
d327d591-42dc-4dfc-9e8a-6134551780c2,324225695,2025-10-23 11:26:21-06:00,2025-10-23,-104.9637966667,39.7317,1646.0,,5.1,17.6,0.0,10.3,,1015.1,Trametes versicolor,"Race St, Denver, CO, US",1,
b82e3e9d-13fe-4ac8-a1d5-93a8c7bce87b,323917673,2025-10-29 13:08:02-06:00,2025-10-29,-104.7628310997,39.3574628,1893.0,,-11.0,14.0,0.0,12.2,,1028.8,Trametes versicolor,"Franktown, CO 80116, USA",1,
a30415b7-11f8-48fc-89a3-4304c3e3249f,323665305,2025-10-28 09:23:51-06:00,2025-10-28,-105.0814976,39.7891711,1624.0,,0.0,9.0,0.0,10.2,,1029.5,Trametes versicolor,"Wadsworth Blvd & W 52nd Ave, Arvada, CO 80002, USA",1,
653e68bb-367e-426a-82d1-6873626e65b6,323098039,2025-10-25 11:34:14-06:00,2025-10-25,-105.0499472222,40.5621694444,1515.0,,2.0,23.0,0.0,7.1,,1017.1,Trametes versicolor,"Stonehenge, Fort Collins, CO 80525, USA",1,
eef991bc-1f6c-4ff2-898a-9a19a43bcead,320451301,2025-10-11 14:15:50-06:00,2025-10-11,-104.9638707997,39.7315292997,1646.0,,11.3,18.1,,11.9,,1008.3,Trametes versicolor,"Cheesman Park, Denver, CO, USA",1,
2f66cd0a-11e2-413b-b717-291f6179aa9d,320290886,2025-10-11 11:31:31-06:00,2025-10-11,-104.8658055556,38.7891111111,1932.0,,12.0,21.0,0.7,6.4,,1013.9,Trametes versicolor,"Colorado Springs, CO 80906, USA",1,
01f4b38c-03ec-49d2-8e3d-2fa3a89b2223,310395030,2025-08-30 12:13:19-06:00,2025-08-30,-104.9155242741,38.6696882642,2323.0,,11.3,19.3,2.1,11.1,,1019.1,Trametes versicolor,"Rock Creek, Colorado Springs, CO, USA",2,
85ae3ffa-2bd1-4a1e-879f-43e080132ae8,305668420,2025-07-16 21:05:44-06:00,2025-07-16,-104.8230478499,38.8521220798,1856.0,,13.9,27.2,3.0,14.0,,1013.2,Trametes versicolor,"N Tejon St, Colorado Springs, CO, US",1,
4fb3335d-96a3-4075-8a47-d023de8b1cc0,304532063,2025-08-07 10:49:25-06:00,2025-08-07,-104.9622716667,39.7319616667,1646.0,,19.4,36.0,0.0,18.7,,1012.1,Trametes versicolor,"Denver, CO, US",2,
f932c0d9-041f-4e45-91fa-b2c0eb000fb9,304532030,2025-08-07 10:50:14-06:00,2025-08-07,-104.9624033333,39.73227,1646.0,,19.4,36.0,0.0,18.7,,1012.1,Trametes versicolor,"York St, Denver, CO, US",2,
a680ef4a-6cba-409c-a775-0f9ee723e13b,295161110,2025-07-04 11:24:45-06:00,2025-07-04,-104.9259664236,39.752231362,1629.0,,18.8,28.9,0.2,13.8,,1010.0,Trametes versicolor,"N Glencoe St, Denver, CO, US",1,
8d464225-ae8a-4413-96bd-d1d88793a443,285477307,2025-05-30 17:51:26-06:00,2025-05-30,-105.2647705078,39.9955329895,1668.0,,8.0,26.0,0.3,6.1,,1022.5,Trametes versicolor,Boulder,1,
3907b97e-f512-40b4-a19c-169e013e75cd,276901850,2023-09-19 12:43:00-06:00,2023-09-19,-105.2801444444,39.9965638889,1746.0,,17.0,26.0,0.0,10.7,,1015.9,Trametes versicolor,"Chautauqua, Boulder, CO, USA",1,
1077ed42-424c-4d6e-9183-b0d1b95c5cc8,268158914,2025-03-30 10:31:22-06:00,2025-03-30,-104.962295,39.732175,1646.0,,1.5,9.9,4.2,12.7,,1010.5,Trametes versicolor,"Denver Botanic Gardens, Denver, CO, US",1,
17a8a637-2a73-4d09-b8c6-ef8a8dff426a,267820039,2025-03-30 13:32:10-06:00,2025-03-30,-105.281175,40.01455555,1635.0,,1.0,7.0,1.4,4.2,,1012.0,Trametes versicolor,"Arapahoe Avenue, Boulder, CO, US",1,
3ed9311c-3720-4b9a-a00b-880f56f336e9,255117757,2024-12-13 16:14:30-07:00,2024-12-13,-105.2561622654,40.0109955042,1612.0,,-4.0,10.0,,9.9,,1011.9,Trametes versicolor,"Cordry Ct, Boulder, CO, US",1,
ecf2917b-bd6a-4dda-b54a-ddc5817ab46d,247951808,2024-10-18 13:05:53-06:00,2024-10-18,-105.2491607666,40.0198097229,1611.0,,5.0,12.0,0.1,6.6,,1017.8,Trametes versicolor,Boulder,1,
d9027d96-a121-4d41-ba61-edd2f188e609,245796563,2024-10-05 12:26:17-06:00,2024-10-05,-105.1109079459,40.4199662526,1559.0,,8.3,30.6,0.0,8.2,,1014.9,Trametes versicolor,"Hayden Ct, Loveland, CO, US",1,
b587e276-6d0e-4abd-a825-6cadba069ea9,245756870,2024-09-24 13:13:31-06:00,2024-09-24,-104.890495,39.6234466667,1715.0,,9.4,23.3,0.0,8.5,,1016.4,Trametes versicolor,"E Belleview Ave, Greenwood Village, CO, US",1,
4ef0f1a7-7766-4260-8729-cd251e7f76f9,231310802,2024-07-23 17:55:28-06:00,2024-07-23,-105.2645645142,39.9934997559,1668.0,,15.0,31.0,0.0,5.0,,1023.8,Trametes versicolor,Boulder,1,
ce6b9624-f717-4e1d-906f-b376946b204c,221963349,2024-06-10 14:21:59-06:00,2024-06-10,-104.8771727085,39.5806846042,1781.0,,12.8,26.7,3.6,14.8,,1011.4,Trametes versicolor,"Greenwood Village, CO 80112, USA",1,
72c6ccc9-5baa-47d4-9e7d-884005781874,214320329,2024-05-07 13:08:43-06:00,2024-05-07,-105.2808533333,39.9969333333,1746.0,,6.0,12.0,0.1,17.6,,1003.5,Trametes versicolor,"Goldenrod Dr, Boulder, CO, US",1,
65e85261-07b4-41ce-aaca-be7fea9252a4,212355728,2024-04-30 13:33:04-06:00,2024-04-30,-105.0887693279,39.494938287,1672.0,,7.2,20.0,0.0,16.6,,1008.0,Trametes versicolor,"Chatfield State Park, Littleton, CO, US",1,
75f50bfe-9206-4251-99ee-44a4e48255b5,207256541,2024-04-13 17:26:10-06:00,2024-04-13,-105.16090516,39.5294119723,2099.0,,11.1,22.8,0.0,12.9,,1010.4,Trametes versicolor,"Denver, CO 80127, USA",1,
bf6c194f-9233-4a6d-9e25-14bdbb0cda0d,202957848,2024-03-17 07:58:57-05:00,2024-03-17,-100.4659583333,42.9003,733.0,,-9.3,3.9,0.0,20.5,,1025.4,Trametes versicolor,"Fort Niobrara National Wildlife Refuge, Valentine, NE, US",1,
3e3af3d0-3ed9-47b9-8443-8491217e72e7,202306132,2024-03-13 11:54:30-06:00,2024-03-13,-104.9638133333,39.7315116667,1646.0,,2.0,7.2,11.8,14.4,,1007.1,Trametes versicolor,"Denver Botanic Gardens, Denver, CO, US",1,
6a03186f-cab6-4617-9472-a9b88435a2dc,201067028,2023-12-27 12:01:36-07:00,2023-12-27,-105.0701361667,40.397055,1523.0,,-2.2,9.4,0.0,19.5,,1019.9,Trametes versicolor,"E Sixth St, Loveland, CO, US",1,
6723e464-a722-43da-8a12-1411bf9e2f6e,198417814,2023-11-11,2023-11-11,-105.104063116,39.6631641069,1657.0,,-2.2,15.6,0.0,7.4,,1020.6,Trametes versicolor,"Bear Creek, Lakewood, CO, USA",1,
38342161-e86e-4f1b-beb4-7f32f95b2997,197826496,2024-01-28 13:38:10-07:00,2024-01-28,-104.963808,39.7314,1646.0,,-3.5,12.2,0.0,7.0,,1027.8,Trametes versicolor,"Cheesman Park, Denver, CO, USA",1,
7317e5d5-f641-4021-872c-f09a9b1ea454,197566049,2024-01-25 14:50:46-07:00,2024-01-25,-105.1147916667,39.8031633333,1644.0,,-5.9,9.0,0.0,11.3,,1014.9,Trametes versicolor,"Marge Roberts Park, Arvada, CO, US",2,
865dc9ab-cf43-43a8-9ce8-f0d3f0b05094,196663676,2023-10-16,2023-10-16,-103.0108594894,42.7136916329,1159.0,,0.0,22.2,0.0,3.5,,1024.4,Trametes versicolor,"Dawes County, NE, USA",1,
2bc3fa75-5c9c-46c8-8b44-740f7b352e24,186342292,2023-10-05 16:50:47-06:00,2023-10-05,-105.2808888533,40.0178113923,1639.0,,7.0,21.0,0.0,4.8,,1025.7,Trametes versicolor,"Pearl Street Mall, Boulder, CO, US",1,
9b5c5dde-4de9-43a2-8180-8c8f86faa8c9,180330546,2023-08-26 14:06:36-06:00,2023-08-26,-105.275095,40.0378278333,1654.0,,15.0,24.0,0.0,2.8,,1027.2,Trametes versicolor,"Iris Ct, Boulder, CO, US",1,
a856bef2-e363-4547-858a-28323d55075d,177999234,2023-08-12 08:56:08-06:00,2023-08-12,-105.0849914551,40.5949401855,1527.0,,16.7,27.8,0.0,9.8,,1012.6,Trametes versicolor,Fort Collins,3,
1e7489aa-160c-4307-9b2a-74e68320cfcd,177118724,2023-08-06 16:23:07-06:00,2023-08-06,-104.9638366667,39.7316383333,1646.0,,14.4,25.1,0.1,16.7,,1018.5,Trametes versicolor,"Denver Botanic Gardens, Denver, CO, US",1,
ea26bfd1-c2c5-4d00-a901-85069fdca587,171190625,2023-07-04 19:07:38-06:00,2023-07-04,-105.2468633333,39.986845,1651.0,,13.0,27.0,15.3,9.3,,1019.7,Trametes versicolor,"S 40th St, Boulder, CO, US",1,
22b9e1ea-e17e-45eb-b424-5bab9f7a383d,170023668,2023-06-27 14:34:00-06:00,2023-06-27,-103.3521182836,44.0464159029,1127.0,,14.0,24.0,7.6,15.5,,1010.2,Trametes versicolor,"Black Hills National Forest, Rapid City, SD, US",2,
5d3842e2-2716-4706-9d1c-3a2966df4500,168875471,2023-06-22 11:53:25-06:00,2023-06-22,-104.96325,39.7327633333,1646.0,,16.0,25.6,6.5,17.0,,1012.4,Trametes versicolor,"Denver Botanic Gardens, Denver, CO, US",1,
f1589bc5-7158-4a0d-9360-19c0945c4edd,166629797,2023-06-10 11:37:32-06:00,2023-06-10,-105.22933516,39.75461852,1739.0,,12.0,22.0,1.3,10.4,,1017.6,Trametes versicolor,"Golden, CO, USA",2,
d069a848-2f81-4a36-9149-d4c08855873b,164823413,2023-05-29 15:50:41-06:00,2023-05-29,-104.855017662,38.7947088675,1890.0,,12.0,23.0,0.7,14.5,,1018.9,Trametes versicolor,"Colorado Springs, CO 80906, USA",4,
3081291f-6958-46b1-8a02-e03409bde428,163673405,2023-05-25 11:01:01-06:00,2023-05-25,-104.96398,39.731955,1646.0,,10.7,23.7,0.6,12.8,,1010.9,Trametes versicolor,"Denver Botanic Gardens, Denver, CO, US",1,
0cab9f53-166f-41f1-aaca-024b616825df,161734675,2023-05-14 13:35:11-06:00,2023-05-14,-105.0799333333,39.5161166667,1660.0,,8.3,13.9,,14.7,,1028.8,Trametes versicolor,"Chatfield State Park, Littleton, CO, US",2,
c052670c-1c28-42ef-992e-d00f4d23add2,157839879,2023-04-29 12:47:35-06:00,2023-04-29,-105.3469961522,39.8120019228,2827.0,,6.0,22.0,0.0,9.9,,1020.4,Trametes versicolor,"Colorado, US",2,
57fc626d-64dc-45df-a839-8c8504b2e49b,155455231,2023-04-15 16:35:58-06:00,2023-04-15,-105.2160058305,39.9962729512,1618.0,,0.0,10.0,0.2,11.8,,1019.8,Trametes versicolor,"Burke I, Boulder, CO, US",1,
2c6a770c-d5cc-42e2-8bc5-679415f6d002,150249942,2023-03-04 12:47:14-07:00,2023-03-04,-105.21697,39.9940716667,1619.0,,-4.0,4.0,0.0,5.6,,1010.4,Trametes versicolor,"Burke I, Boulder, CO, US",1,
38b8ff64-1d24-46d4-ba01-c540b0fbac3c,144635532,2022-12-18 15:29:19-07:00,2022-12-18,-105.216355,39.9953616667,1616.0,,-10.0,5.0,0.0,3.3,,1011.5,Trametes versicolor,"Burke I, Boulder, CO, US",1,
40ca0895-2729-45b4-b506-c89a9d306139,140588173,2022-10-29 19:49:35-06:00,2022-10-29,-105.1669279087,40.5798999371,1655.0,,-1.7,16.7,0.0,8.0,,1022.0,Trametes versicolor,"Colorado, US",1,
f0fa7729-5192-4650-9925-63bbdb213f4c,139501893,2022-09-13 11:39:22-06:00,2022-09-13,-105.28015,39.9964616667,1746.0,,15.0,28.0,0.0,3.2,,1016.6,Trametes versicolor,"Batchelder, Boulder, CO, US",1,
dd8294f7-2cd8-4687-b713-78361e8726a5,138893247,2022-10-15 14:58:06-06:00,2022-10-15,-104.9550628662,39.6673278809,1641.0,,6.7,16.1,0.0,11.6,,1018.2,Trametes versicolor,Denver,2,
e00a2674-2e1d-4a3d-93df-178a12c36e10,138015268,2022-10-08 12:47:33-06:00,2022-10-08,-104.9335866667,39.58855,1729.0,,3.3,17.8,0.0,5.6,,1028.1,Trametes versicolor,"S Cherry Dr, Centennial, CO, US",1,
b4b8d396-c794-415a-a261-108c4d3eeb98,137605271,2022-10-03 10:22:00-06:00,2022-10-03,-105.0918623152,40.5698694895,1532.0,,9.4,22.2,,9.9,,1018.9,Trametes versicolor,"Colorado State University, Fort Collins, CO, US",1,
a3c557dc-3540-4aa4-8916-95aafeaca002,133416151,2022-09-02 11:38:57-06:00,2022-09-02,-104.9622583333,39.7319916667,1646.0,,17.0,32.7,0.0,13.0,,1013.9,Trametes versicolor,"Denver Botanic Gardens, Denver, CO, US",1,
edbc55d9-061e-4515-bbe4-a45f52e277e4,127161309,2022-07-18 19:33:32-06:00,2022-07-18,-105.2163783333,39.9953833333,1616.0,,20.0,37.0,0.3,7.5,,1018.7,Trametes versicolor,"Burke I, Boulder, CO, US",1,
ce8961cc-7da2-4947-81a1-dc5fd40f5faa,126738028,2022-07-17 12:50:16-06:00,2022-07-17,-105.2163883333,39.995305,1616.0,,18.0,36.0,0.0,5.8,,1021.8,Trametes versicolor,"Burke I, Boulder, CO, US",1,
2c0b402d-b96a-4525-82bb-6e5de2e39d96,114737188,2022-05-01 18:43:49-05:00,2022-05-01,-100.7601454854,41.1402665014,857.0,,0.0,18.3,0.0,10.8,,1016.4,Trametes versicolor,North Platte,1,
80714ebf-fadc-49cf-a627-b9d0f7bd2df5,101737915,2021-11-10 12:59:08-05:00,2021-11-10,-104.962105,39.7319966667,1646.0,,3.2,11.1,,22.0,,1014.0,Trametes versicolor,"Denver Botanic Gardens, Denver, CO, US",1,
3bb9e1af-ce8f-4ff7-bf6e-4426de6a22f5,100175440,2021-11-03 14:23:02-06:00,2021-11-03,-104.9638768876,39.7317286366,1646.0,,1.7,12.6,,6.9,,1023.6,Trametes versicolor,"Denver Botanic Gardens, Denver, CO, US",1,
90d3b9be-e59c-4fc1-a2e7-135b77b4d2ae,92476453,2021-08-25 10:06:11-06:00,2021-08-25,-104.9093080034,39.7061067168,1658.0,,17.4,30.8,,12.6,,1014.8,Trametes versicolor,"Denver Green School, Denver, CO, US",1,
f74b6581-d8d1-4bbe-a1fa-372e54ca3220,58892264,2020-09-07 16:17:45-06:00,2020-09-07,-105.0932499,39.8250718,1714.0,,,,,19.2,,,Trametes versicolor,"Scenic Heights, Arvada, CO, USA",3,
00089e5d-22b7-4e56-8e0c-8242926df923,58450786,2020-09-03 12:58:12-06:00,2020-09-03,-104.9622661248,39.7320261708,1646.0,,17.6,29.5,,12.0,,1015.0,Trametes versicolor,"Cheesman Park, Denver, CO, USA",2,
1a0d2e08-d273-4e90-ba9d-ca5a0fc72259,33541120,2019-09-27 14:54:43-06:00,2019-09-27,-103.2413868986,44.1470804718,1030.0,,7.2,13.9,0.0,13.3,,1010.4,Trametes versicolor,"Pennington County, US-SD, US",1,
792e1b6f-4847-47d0-bfd3-978ab36149ca,26290575,2019-05-04 15:40:20-06:00,2019-05-04,-105.2816616667,39.9948716667,1771.0,,4.0,21.0,,8.1,,,Trametes versicolor,"Boulder County, US-CO, US",1,
d8684ffa-93cc-4098-989c-1f601edd7091,16563501,2018-09-15 10:59:36-06:00,2018-09-15,-103.0096348097,42.7084169677,1163.0,,15.6,36.1,0.0,19.5,,1013.1,Trametes versicolor,"Chadron State Park, Chadron, NE, US",1,
94b9b6b9-425f-4948-85dd-d5d21db598f0,15091878,2018-08-03 19:39:48-06:00,2018-08-03,-103.6323473268,43.6986366794,1650.0,,16.7,28.9,,9.6,,1008.3,Trametes versicolor,"South Dakota, US",1,
5f1fd3f0-d216-405e-838b-787fcf266e33,1406791,2015-04-19 11:33:48-06:00,2015-04-19,-105.217736,40.427557,1631.0,,3.0,12.0,,31.3,,,Trametes versicolor,"Larimer County, US-CO, US",1,
cbd9b79f-0148-421b-9d36-96e9620f239b,391938651,2026-08-01 16:35:52-07:00,2026-08-01,-122.1622607579,45.4048502399,409.0,,17.2,23.9,0.5,5.5,,,Trametes versicolor,"Sandy, OR, US",1,
76cd612e-8d29-4f70-83fd-cda89846d46c,373449667,2026-06-19 10:31:00-07:00,2026-06-19,-122.1824805556,45.5544972222,38.0,,13.9,31.1,0.0,3.1,,,Trametes versicolor,"Multnomah County, OR, USA",1,
f9ef7786-865b-4a35-ae9f-9ed86bd048d4,373446299,2026-06-19 10:31:59-07:00,2026-06-19,-122.1807068532,45.5549298418,35.0,,13.9,31.1,0.0,3.1,,,Trametes versicolor,"Bridal Veil Falls Trail, Corbett, OR, US",1,
bb2835a5-8675-4f43-8d2a-f66bded479ee,361191853,2026-05-13 09:42:02-07:00,2026-05-13,-122.3182824163,45.3349211498,142.0,,11.7,17.2,0.1,8.2,,,Trametes versicolor,"SE Eagle Fern Rd, Eagle Creek, OR, US",1,
b59131b5-d45b-4a58-a667-1dbdf9c086eb,361068946,2026-05-10 11:07:20-07:00,2026-05-10,-121.9941633333,45.3496666667,373.0,,12.8,20.6,0.0,1.9,,,Trametes versicolor,"Main Park Rd, Welches, OR, US",1,
724f2d78-2972-4abf-bda0-1276186be090,352047071,2026-04-17 14:14:00-07:00,2026-04-17,-122.18055,45.5552055556,35.0,,5.6,16.1,0.0,1.4,,1024.4,Trametes versicolor,"Multnomah County, OR, USA",2,
8aa5a01e-3fe4-41c6-b552-2cf378598987,349600011,2026-04-13 13:03:36-07:00,2026-04-13,-122.1805267334,45.5551300049,35.0,,8.9,13.9,0.6,3.5,,,Trametes versicolor,Corbett,1,
a040f843-a678-4d45-82ed-0f086619e4c4,344612828,2026-03-14 10:03:23-07:00,2026-03-14,-122.2422263508,45.4480882062,100.0,,4.0,12.0,0.8,8.5,,1024.4,Trametes versicolor,"SE Camp Namanu Rd, Sandy, OR, US",1,
95f26b29-d031-44db-aeda-9dd54569173e,342249832,2026-03-09 11:08:32-07:00,2026-03-09,-122.2943848048,45.4924277499,50.0,,2.0,10.0,3.7,5.3,,1020.4,Trametes versicolor,"Oxbow Regional Park, Gresham, OR, US",2,
d67bad8d-b639-4b0d-88f0-80a68cabd9cd,340962453,2026-03-01 16:12:50-08:00,2026-03-01,-122.0382577926,45.3812959669,314.0,,5.0,16.0,0.0,13.0,,1016.4,Trametes versicolor,"Sandy, OR 97055, USA",1,
f3d08694-1276-4743-85a3-7dfb74d22d48,340877187,2026-03-01 15:07:32-08:00,2026-03-01,-122.2937075236,45.4886559025,142.0,,5.0,16.0,0.0,13.0,,1016.4,Trametes versicolor,"Gresham, OR, US",1,
9e7bb915-2e9e-473a-9fb4-b730a7dcf4b0,340364000,2026-02-26 11:01:20-08:00,2026-02-26,-122.1836624146,45.5919799805,298.0,,1.7,11.7,0.0,1.8,,,Trametes versicolor,Washougal,1,
3bde97f0-8ede-494b-b2d9-4ad4c462d38b,339663645,2026-02-20 16:54:06-08:00,2026-02-20,-122.1238555,45.5760616667,79.0,,-1.0,8.0,0.0,9.1,,1015.3,Trametes versicolor,"Columbia River Gorge National Scenic Area, Corbett, OR, US",2,
c1e9d808-80d4-4ccb-a636-c708dca4c76f,339384547,2026-02-19 16:52:11-08:00,2026-02-19,-122.15650367,45.5728283662,18.0,,1.0,8.0,2.0,8.7,,1010.4,Trametes versicolor,"I-84 W, Corbett, OR, US",1,
10acbf8b-c6e8-49ba-9b01-f8a894d46d93,337632810,2026-02-06 12:24:29-08:00,2026-02-06,-122.1806694677,45.5551282502,35.0,,7.0,12.0,0.0,26.2,,1020.1,Trametes versicolor,"Bridal Veil Creek, Corbett, OR, US",3,
48a50a1e-1ad8-4d1d-97d8-1a18add79118,337391595,2026-02-04 15:13:41-08:00,2026-02-04,-121.8361356354,45.6788040631,190.0,,5.0,8.0,0.0,1.8,,,Trametes versicolor,"Cascade Locks, OR, US",1,
a9038c55-c482-4bf5-a894-86570f8909bc,337264397,2026-02-03 12:20:40-08:00,2026-02-03,-121.9609135,45.3281745,407.0,,6.0,12.0,0.0,29.3,,1027.3,Trametes versicolor,"E Elk Park Rd, Welches, OR, US",1,
3675bbb5-d8c9-4318-8e41-b61b1f58a74b,335417898,2026-01-19 13:22:54-08:00,2026-01-19,-121.9609135,45.3281745,407.0,,2.0,6.0,0.0,36.7,,1026.0,Trametes versicolor,"E Elk Park Rd, Welches, OR, US",1,
34eb5e4f-597e-4f59-bdab-7c987fce50de,334911714,2026-01-15 08:08:00-08:00,2026-01-15,-121.9941166667,45.34967,373.0,,4.0,12.0,0.0,21.0,,1029.0,Trametes versicolor,"Main Park Rd, Welches, OR, US",1,
c2d1c51b-c9d9-4b22-96f0-bc03cbefbf1e,334855643,2026-01-11 14:40:22-08:00,2026-01-11,-122.1975402832,45.5784721375,319.0,,5.0,11.0,0.0,11.8,,1029.2,Trametes versicolor,Washougal,1,
1199ec79-b79d-423b-890b-a81b0997e334,333366347,2026-01-03 15:56:36-08:00,2026-01-03,-122.0405349989,45.3855095554,330.0,,5.0,7.0,1.4,30.6,,999.4,Trametes versicolor,"E Barlow Trail Rd, Sandy, OR, US",1,
ae68be5c-be2f-490f-bcc2-c98fc40356fd,333177068,2026-01-02 10:11:18-08:00,2026-01-02,-122.3207090273,45.3346391474,149.0,,4.0,7.0,0.1,31.0,,1008.6,Trametes versicolor,"SE Eagle Fern Rd, Eagle Creek, OR, US",1,
efae9a23-7392-4693-b710-52ad843ddd9d,329760279,2025-12-06 12:57:15-08:00,2025-12-06,-121.5178612867,45.7096118183,63.0,,7.0,11.0,6.2,3.0,,1018.3,Trametes versicolor,"Cascade Ave, Hood River, OR, US",1,
91063865-986b-4680-ad40-17ac5e753ff3,328854103,2025-11-29 11:13:36-08:00,2025-11-29,-121.993355,45.351505,392.0,,6.0,9.0,0.1,29.3,,1021.0,Trametes versicolor,"Wildwood Recreation Site, Welches, OR, US",1,
0bab3815-3eb8-45b2-8fa1-6db0c9de52f5,327577809,2025-11-21 13:29:21-08:00,2025-11-21,-122.0505878728,45.0765322266,452.0,,,,,,,,Trametes versicolor,"Mt. Hood National Forest, Estacada, OR, US",1,
4ea12a1a-f891-4c66-b10e-721341c91042,327318580,2025-11-19 11:57:19-08:00,2025-11-19,-122.0167482,45.3762302,356.0,,2.0,12.0,0.0,22.0,,1014.2,Trametes versicolor,"E Rufus Ridge Ln, Brightwood, OR, US",1,
c4d1ea58-05f0-4653-8fee-0bdf07fbe2b2,325784788,2025-11-09 13:47:27-08:00,2025-11-09,-121.9327,45.2578083333,739.0,,11.0,14.6,0.0,31.5,,1022.2,Trametes versicolor,"Zigzag Ranger Station, Government Camp, OR, US",1,
807686bb-e6e4-4cbf-81cf-fc1da629ef4b,309255164,2025-08-16 15:24:43-07:00,2025-08-16,-122.0541,45.0581861111,478.0,,,,,,,,Trametes versicolor,"Estacada, OR 97023, USA",1,
e468dcb6-1ecc-417d-82c6-b744b2e414b6,305145233,2025-08-01 07:04:24-07:00,2025-08-01,-122.2367490234,45.5899937527,302.0,,13.9,30.6,0.0,5.4,,1020.3,Trametes versicolor,"Hudson Rd, Washougal, WA, US",1,
41e40f25-5e49-4997-b729-8b2390d2ee76,302197784,2025-05-03 15:29:20-07:00,2025-05-03,-122.3150771856,45.4437728106,201.0,,10.0,16.1,2.1,8.0,,1019.9,Trametes versicolor,"Damascus, OR 97009, USA",1,
25cee1c1-a330-410d-9f32-4934f371234d,281362453,2025-05-14 10:55:30-07:00,2025-05-14,-122.2432265059,45.4513138533,99.0,,10.0,17.8,0.5,10.1,,1021.1,Trametes versicolor,"Sandy, OR, US",1,
928971a9-a54f-4d0f-8706-ba85fa530c7c,280936392,2025-05-08 10:43:14-07:00,2025-05-08,-122.1803811997,45.5548374997,35.0,,4.4,21.1,0.0,4.3,,1023.8,Trametes versicolor,"Bridal Veil, OR 97010, USA",1,
f6be7e69-39dd-48ce-b918-f592846ab6b2,278665448,2025-05-04 15:46:16-07:00,2025-05-04,-121.9655665755,45.0741326581,652.0,,,,,,,,Trametes versicolor,"Estacada, OR 97023, USA",1,
41e07bd2-b908-40eb-ab99-9fa7ad1d7ccb,274989909,2025-04-25 18:17:40-07:00,2025-04-25,-121.6449050833,45.8034820556,424.0,,3.0,25.0,0.0,2.6,,1009.2,Trametes versicolor,"Cook, WA 98605, USA",1,
265f0c8e-6bb2-4c56-82ed-632f64df79c4,274308440,2025-04-26 12:33:03-07:00,2025-04-26,-122.0802264883,45.4844478787,323.0,,9.4,18.9,0.0,7.4,,1013.0,Trametes versicolor,"Bull Run Reservoir Number One, Corbett, OR, US",1,
0ad15f5c-8d38-43fd-b4a6-607609a2552e,272363539,2025-04-22 12:14:51-07:00,2025-04-22,-121.8521795997,45.5831822997,410.0,,1.0,18.0,0.0,0.8,,1021.1,Trametes versicolor,"Cascade Locks, OR 97014, USA",1,
56e7232b-5a33-4bc8-97a0-5dca56d31988,270544099,2025-04-13 14:10:43-07:00,2025-04-13,-122.2680255398,45.2392043155,239.0,,1.7,18.3,0.0,12.1,,1026.3,Trametes versicolor,"Estacada, OR 97023, USA",1,
a30f4c82-03de-4d37-aa70-c4e1adfadc39,270126009,2025-04-12 15:13:25-07:00,2025-04-12,-122.1107028333,45.5786383333,135.0,,5.6,13.3,0.4,7.5,,1027.3,Trametes versicolor,"Columbia River Gorge National Scenic Area, Corbett, OR, US",1,
87d2210c-ba5b-4102-b3be-ad108118c08a,269852109,2025-04-11 13:57:40-07:00,2025-04-11,-122.019434872,45.3706979438,367.0,,8.9,14.4,0.6,7.3,,1025.1,Trametes versicolor,"E Blue Jay Ln, Brightwood, OR, US",1,
08803664-28d3-4f8a-ab32-32fe2d306fda,268424857,2025-04-03 11:53:34-07:00,2025-04-03,-121.8104782104,45.7364730835,164.0,,3.1,14.1,0.0,11.6,,1019.6,Trametes versicolor,Carson,1,
cdfb5f27-240f-4b6f-90d2-cd45197553ef,266003717,2025-03-08 13:26:23-08:00,2025-03-08,-122.1528424323,45.1520482392,331.0,,2.8,16.1,0.0,9.4,,1022.6,Trametes versicolor,"Estacada, OR 97023, USA",1,
d84cf2dd-88be-4662-9a8f-a03886fb010d,265765761,2025-03-17 16:59:40-07:00,2025-03-17,-121.5152533333,45.7092383333,52.0,,3.9,12.8,,14.8,,1013.9,Trametes versicolor,"Columbia River Gorge National Scenic Area, Hood River, OR, US",1,
0281373a-8fd3-47ff-a354-fc8eb0666ad6,265765714,2025-03-09 13:54:54-07:00,2025-03-09,-121.5082430033,45.6980293491,45.0,,1.7,15.1,0.0,11.9,,1017.2,Trametes versicolor,"Columbia River Gorge National Scenic Area, Hood River, OR, US",1,
60bb1023-6cbb-49f9-8867-d7dc4ecbc2b4,262575942,2025-02-21 09:58:30-08:00,2025-02-21,-121.5175786819,45.709623138,63.0,,-0.6,8.5,0.9,5.2,,1025.2,Trametes versicolor,"Columbia River Gorge National Scenic Area, Hood River, OR, US",1,
7ce26a17-d5b1-4257-98e2-9283f1fa5d8b,260221404,2025-01-30 13:40:12-08:00,2025-01-30,-122.2714517266,45.2154506993,455.0,,-3.3,4.4,0.0,3.5,,1020.4,Trametes versicolor,"Estacada, OR 97023, USA",2,
9576610f-2bc0-4a36-a504-34c05233c182,256814415,2024-12-30 12:56:05-08:00,2024-12-30,-122.2941542309,45.4958722857,33.0,,6.1,10.0,,2.6,,1027.4,Trametes versicolor,"Oxbow Regional Park, Gresham, OR, US",1,
6a92eb25-e410-4ff9-a835-7e1df5ad5c71,253827081,2024-12-01 12:24:54-08:00,2024-12-01,-121.9302938506,45.6375193743,179.0,,-0.4,3.6,0.0,6.6,,1030.2,Trametes versicolor,"Cascade Locks, OR 97014, USA",1,
d91778b7-ed32-4eac-90fb-b3d7635e0db6,248556553,2024-10-21 15:29:19-07:00,2024-10-21,-122.2210466667,45.2228366667,564.0,,10.6,16.1,,6.6,,1018.3,Trametes versicolor,"Mt. Hood National Forest, Estacada, OR, US",1,
69ce0758-be15-4ca0-884c-b1ba3a4cbc26,247847410,2024-10-17 14:23:51-07:00,2024-10-17,-122.2228771729,45.5511865765,5.0,,8.3,13.9,,5.8,,1018.8,Trametes versicolor,"Columbia River Gorge National Scenic Area, Corbett, OR, US",1,
bc209f2e-16f0-4fca-8a84-a42868bd5d2a,245100282,2024-09-29 12:49:00-07:00,2024-09-29,-122.0786365003,45.1248518761,446.0,,,,,,,,Trametes versicolor,"Clackamas County, OR, USA",1,
000e248d-672c-4298-b1b8-c2139cc832df,244333817,2024-09-27 09:46:09-07:00,2024-09-27,-121.9609135,45.3281745,407.0,,14.4,23.9,,5.2,,1018.6,Trametes versicolor,"E Elk Park Rd, Welches, OR, US",1,
f2afa7d4-1f3a-4d23-ad91-dc50cc493fad,242206583,2024-09-15 12:02:50-07:00,2024-09-15,-121.6828388889,45.6934888889,98.0,,11.3,21.2,0.0,11.3,,1012.3,Trametes versicolor,"Cascade Locks, OR 97014, USA",1,
4724f9f5-3c13-45c2-92db-6a53c865c5fb,242111458,2024-09-15 12:02:46-07:00,2024-09-15,-121.6823722222,45.6931666667,98.0,,11.3,21.2,0.0,11.3,,1012.3,Trametes versicolor,"Cascade Locks, OR 97014, USA",1,
a38b95e3-b413-42ee-92ed-c96e1766e07e,225385188,2024-04-12 14:47:51-07:00,2024-04-12,-122.2817,45.4904027778,37.0,,9.4,20.6,,8.1,,1008.2,Trametes versicolor,"Corbett, OR 97019, USA",1,
163539d3-521f-4eab-9f6d-8e3e1576c6e2,220111645,2024-05-09 12:35:25-07:00,2024-05-09,-122.0263361667,45.619,23.0,,7.2,28.3,0.0,8.7,,1023.4,Trametes versicolor,"Beacon Rock State Park, Stevenson, WA, US",1,
c779ddb4-dfe7-49ae-ad09-125d07463c44,216910827,2024-05-19 14:37:27-07:00,2024-05-19,-122.2202541377,45.5385567213,61.0,,7.2,18.3,,6.3,,1023.8,Trametes versicolor,"Columbia River Gorge National Scenic Area, Corbett, OR, US",1,
9346989c-229d-46b8-b9ec-48a46271f255,215432687,2024-05-12 11:57:32-07:00,2024-05-12,-121.539055,45.807495,225.0,,10.5,25.4,0.0,14.2,,1012.6,Trametes versicolor,"Buck Creek Rd, White Salmon, WA, US",1,
80b5c0e9-9146-4256-bf15-1ddbe3f5c7df,215125107,2024-05-10 15:45:50-07:00,2024-05-10,-121.2672913447,45.3467828779,746.0,,8.3,31.1,0.0,3.9,,1018.6,Trametes versicolor,"8PWM+Q5, Friend, OR 97021, USA",1,
3168f841-8c22-43d9-b0ed-a591ae92ae04,212484269,2024-04-27 12:38:58-07:00,2024-04-27,-121.233375,45.6251533333,193.0,,10.0,15.6,0.0,21.5,,1016.1,Trametes versicolor,"Columbia River Gorge National Scenic Area, The Dalles, OR, US",1,
8267c061-73b5-4b90-ad0a-cf0e4ef26c8f,209171118,2024-04-24 16:21:41-07:00,2024-04-24,-122.0481881,45.376001,367.0,,7.8,18.3,,4.2,,1018.2,Trametes versicolor,"SE Wildcat Creek Rd, Sandy, OR, US",2,
ca7295e4-67d4-4238-a668-8024e7466aae,207069401,2024-04-13 11:02:40-07:00,2024-04-13,-122.3022216667,45.488475,72.0,,8.9,19.4,0.0,6.2,,1011.0,Trametes versicolor,"Oxbow Regional Park, Gresham, OR, US",2,
9f7adf9d-ce42-4357-bd18-eed8f0c93992,206694506,2024-04-11 14:29:43-07:00,2024-04-11,-121.4807111111,45.6480416667,398.0,,2.8,16.6,0.0,9.7,,1015.0,Trametes versicolor,"Hood River, OR 97031, USA",1,
4d6af1d4-ebfb-4a16-b4f3-0c727d71707a,205311158,2024-03-26 17:45:00-07:00,2024-03-26,-121.8681589258,45.6602104124,258.0,,4.4,10.7,0.6,12.2,,1016.3,Trametes versicolor,"Hood River County, OR, USA",1,
6b5a8012-b165-4b63-9730-bdbe08f1dd49,205246504,2024-03-31 15:54:09-07:00,2024-03-31,-122.262225,45.2273929722,412.0,,6.1,18.9,0.0,6.0,,1013.9,Trametes versicolor,"Estacada, OR 97023, USA",1,
795c32f2-05b9-4ebb-a398-c3723b025b32,204079072,2024-03-26 16:20:09-07:00,2024-03-26,-121.5199743771,45.6990269199,143.0,,4.4,10.7,0.6,12.2,,1016.3,Trametes versicolor,"Columbia River Gorge National Scenic Area, Hood River, OR, US",1,
6eb9ac3e-c425-408e-bc66-5efc1d2b3878,201315179,2024-03-04 12:51:54-08:00,2024-03-04,-122.1143416667,45.5756533333,245.0,,2.8,7.2,,9.5,,1014.1,Trametes versicolor,"Multnomah Creek, Corbett, OR, US",1,
fc97f560-4481-47f0-af1e-e6f3c7504582,200330654,2024-02-24 14:53:05-08:00,2024-02-24,-122.3345741661,45.3723470111,227.0,,1.7,13.3,0.0,2.6,,1021.7,Trametes versicolor,"SE Judd Rd, Eagle Creek, OR, US",1,
3f0b7a90-bd1c-42fb-bd39-e7bdeb9e1ca3,197953163,2023-09-25 13:49:00-07:00,2023-09-25,-121.963217,45.338481,421.0,,15.0,18.3,,10.4,,1010.1,Trametes versicolor,"Welches, oregon",1,
5d33c398-bee8-48b6-8dbf-e5b9f2e76eab,196244119,2024-01-05 13:17:13-08:00,2024-01-05,-121.3705168,45.6068626,417.0,,1.5,8.0,0.1,11.5,,1025.2,Trametes versicolor,"Mosier, OR, US",1,
c9df4263-678a-46d6-b5d4-f872686e7fef,194941027,2023-12-26 13:45:05-08:00,2023-12-26,-122.1826089174,45.1967187863,234.0,,5.0,7.8,,33.2,,1018.7,Trametes versicolor,"Clackamas County, OR, USA",2,
c4f26ad5-6c80-46f1-925c-8c55cf37d74a,194844746,2023-12-25 11:23:19-08:00,2023-12-25,-121.980475,45.362705,402.0,,3.9,5.6,,41.7,,1019.7,Trametes versicolor,"Brightwood Rd, Rhododendron, OR, US",1,
72f6df05-f854-4d05-93bd-f208fff831ba,193459976,2023-12-08 14:21:32-08:00,2023-12-08,-122.3205211375,45.334884199,149.0,,3.3,9.4,,3.2,,1028.1,Trametes versicolor,"SE Eagle Fern Rd, Eagle Creek, OR, US",1,
1358f575-12e9-48fc-9ac6-839e9ee50934,192143402,2023-11-25 15:48:00-08:00,2023-11-25,-122.0895523889,45.6400895556,415.0,,4.4,12.8,0.0,27.0,,1026.6,Trametes versicolor,"Stevenson, WA 98648, USA",1,
5c16a97f-dc16-45da-b6a5-0ef8238db1da,191309158,2023-11-17 12:05:47-08:00,2023-11-17,-121.50853,45.6993416667,46.0,,1.1,6.5,0.0,8.1,,1021.6,Trametes versicolor,"Columbia River Gorge National Scenic Area, Hood River, OR, US",1,
51f77af1-6d6e-4d61-8b0c-6da0e26c1eec,191051939,2023-11-14 13:49:01-08:00,2023-11-14,-121.9565027778,45.340625,428.0,,5.0,14.4,,4.4,,1015.6,Trametes versicolor,"Welches, Mt Hood Village, OR 97067, USA",1,
39b21e44-9bf5-4e69-bb17-db185296b284,190750900,2023-11-11 15:45:04-08:00,2023-11-11,-122.2630704939,45.3973086408,295.0,,8.9,13.9,,16.5,,1018.3,Trametes versicolor,"Sandy, OR, USA",1,
c8674589-4d58-47a5-a568-1072e8370bf8,187758260,2023-09-03 16:39:00-07:00,2023-09-03,-122.0554111111,45.6084111111,13.0,,17.2,22.8,,9.6,,1015.8,Trametes versicolor,"Skamania County, WA, USA",1,
cde8c55a-e9d4-4254-8ab2-574d635f4db3,154755970,2023-04-13 15:01:08-07:00,2023-04-13,-122.30204363,45.48818902,79.0,,4.4,13.9,0.0,2.7,,1017.7,Trametes versicolor,"Gresham, OR 97080, USA",1,
0a20e62e-2f0d-40fa-869b-cf6adcc3a6a2,153509324,2023-04-04 12:06:56-07:00,2023-04-04,-121.89408,45.7101966667,188.0,,1.6,8.9,0.6,12.9,,1021.1,Trametes versicolor,"Columbia River Gorge National Scenic Area - Headquarters, Stevenson, WA, US",1,
a560838b-8085-45ca-95a9-51ad07247da5,153343212,2022-03-30 08:15:00-07:00,2022-03-30,-121.6332859836,45.728242931,134.0,,9.4,16.7,0.0,23.6,,1020.7,Trametes versicolor,"Skamania County, WA, USA",1,
ebe4cdc7-0870-427a-84c1-f9b36e023b9d,146150070,2023-01-08 12:53:21-08:00,2023-01-08,-121.8681185,45.65800681,305.0,,1.5,4.8,6.2,3.2,,1008.4,Trametes versicolor,"Cascade Locks, OR 97014, USA",1,
15cfaa2f-3da3-48f5-a198-c858a6db9028,146002608,2023-01-06 12:33:14-08:00,2023-01-06,-122.2424783333,45.2431533333,311.0,,4.4,9.4,,27.6,,1015.0,Trametes versicolor,"Estacada, OR, US",1,
2087b957-78bb-459e-8f1f-6e277e4d3bc3,125514797,2022-07-09 14:37:13-07:00,2022-07-09,-121.9756851196,45.6375160217,16.0,,13.6,26.3,0.0,10.5,,1019.8,Trametes versicolor,North Bonneville,1,
e28ab34c-90c7-4f98-9d5e-6ed0aac0b393,122272149,2022-06-12 18:15:33-07:00,2022-06-12,-121.9559383333,45.6344533333,13.0,,9.5,15.5,1.5,13.4,,1010.2,Trametes versicolor,"Columbia River Gorge National Scenic Area - Headquarters, Cascade Locks, OR, US",1,
3b03b03f-b52f-43bf-b11a-83df19a7a2eb,115210919,2022-05-03 13:27:14-07:00,2022-05-03,-122.2937898338,45.4363013252,217.0,,8.9,15.0,0.0,4.7,,1025.0,Trametes versicolor,"Boring, OR 97009, USA",2,
8a806dae-7ee7-4905-b06a-ccd77fc11bbd,110776169,2022-04-08 12:23:46-07:00,2022-04-08,-121.9912716667,45.3648116667,370.0,,8.3,16.7,,12.0,,1025.2,Trametes versicolor,"E Sandy River Ln, Rhododendron, OR, US",1,
64521d77-4c2b-488a-a9b9-60f7165b1ca6,110524414,2022-04-05 13:05:36-07:00,2022-04-05,-122.2855333333,45.4925916667,132.0,,5.6,12.2,,8.5,,1027.7,Trametes versicolor,"Gresham, OR 97080, USA",1,
f0e86491-db5a-427a-a384-23cc35e036c8,109016021,2022-03-19 13:55:00-07:00,2022-03-19,-121.8203958691,45.67299426,415.0,,4.4,12.2,,9.0,,1016.1,Trametes versicolor,"Hood River County, OR, USA",1,
d1953b3b-0b1d-44a2-993b-7f9ccae53cd4,101994829,2021-11-21 11:31:26-05:00,2021-11-21,-121.9509116667,45.62175,154.0,,1.1,8.3,0.0,10.5,,1028.3,Trametes versicolor,"Columbia River Gorge National Scenic Area, Cascade Locks, OR, US",1,
555e562d-e6df-4ca0-a674-b7424ee8e160,96858283,2021-10-01 18:00:03-07:00,2021-10-01,-122.286645,45.49063,127.0,,11.1,20.6,0.0,4.2,,1024.7,Trametes versicolor,"Oxbow Regional Park, Gresham, OR, US",1,
1e7502f7-cc7e-4af9-a58d-830880ea5256,89405547,2021-07-30 08:04:14-07:00,2021-07-30,-121.8494033333,45.5692866667,591.0,,18.9,31.1,0.0,5.6,,1013.2,Trametes versicolor,"Mt. Hood National Forest, Cascade Locks, OR, US",1,
54326b34-a264-4e2d-88df-4f7111dfd284,79737622,2021-05-21 14:39:04-07:00,2021-05-21,-122.2470583333,45.239675,312.0,,9.4,17.2,0.0,5.2,,1022.1,Trametes versicolor,"Estacada, OR 97023, USA",1,
45ba0112-0fec-4aab-ab40-4a8b62c720cb,79730166,2021-05-21 13:03:06-07:00,2021-05-21,-122.2458194444,45.2407333333,267.0,,9.4,17.2,0.0,5.2,,1022.1,Trametes versicolor,"Estacada, OR 97023, USA",2,
ff90537c-59a6-4a8d-ab52-8bdce07aee32,79411371,2021-05-19 09:40:01-07:00,2021-05-19,-121.4884333333,45.79325,144.0,,6.1,19.4,0.0,24.0,,1016.5,Trametes versicolor,"Husum Hills Dr, White Salmon, WA, US",2,
da222d1e-f22a-4346-8cbc-15d6c3e57420,75462470,2021-04-27 13:04:08-07:00,2021-04-27,-121.6309083,45.7809516,393.0,,8.9,20.6,0.0,23.4,,1018.5,Trametes versicolor,"Oleary Rd, Bingen, WA, US",1,
e681b189-65b3-439d-b36e-e0420f7c26be,71756438,2021-03-21 12:21:21-07:00,2021-03-21,-122.2934736429,45.327444948,247.0,,6.1,10.0,,8.3,,1028.3,Trametes versicolor,"Oregon, US",1,
35821db9-fac2-4ab7-b0de-f43c45f205fb,70296324,2021-02-27 09:13:23+00:00,2021-02-27,-122.3069761589,45.4951844355,44.0,,4.4,11.1,,9.7,,1025.0,Trametes versicolor,"SE Oxbow Pkwy, Gresham, OR, US",1,
1b83fbdc-8a2e-46eb-95c0-42b81e1b49d4,67582510,2020-12-27 16:13:00+00:00,2020-12-27,-122.1271133423,45.5737978197,183.0,,5.0,9.4,,30.7,,1017.4,Trametes versicolor,"Multnomah County, OR, USA",1,
60f6b1ca-d8a7-4a81-b16c-00b3dcb53e8f,67039587,2020-12-24 15:33:06+00:00,2020-12-24,-121.4082838889,45.7069528889,208.0,,-3.9,2.2,0.0,2.4,,1028.5,Trametes versicolor,"White Salmon, WA 98672, USA",1,
347abbd5-9d9a-4f18-a37f-0a6995a1ddea,65380813,2020-11-20 15:13:22+00:00,2020-11-20,-122.2773872403,45.3229779695,238.0,,2.8,11.1,,5.4,,1032.0,Trametes versicolor,"97022, Eagle Creek, OR, US",1,
61a0d94b-2f76-48ae-85a6-305b49ac2061,63110462,2019-12-10 12:35:52+00:00,2019-12-10,-121.9358833333,45.3425,458.0,,5.0,7.2,,21.5,,1021.9,Trametes versicolor,"E Arthur Hailey Rd, Rhododendron, OR, US",1,
46211f65-7913-40df-a6c8-cac78fcc7770,43768388,2020-04-26 16:17:37-07:00,2020-04-26,-121.495212579,45.7264269142,103.0,,6.7,21.1,0.0,10.3,,1017.6,Trametes versicolor,"Columbia River Gorge National Scenic Area, White Salmon, WA, US",1,
adcbf5e2-ca70-44ec-800c-d478bc601844,41775583,2020-04-09 11:34:26-07:00,2020-04-09,-121.560269,45.6709669722,229.0,,2.2,25.0,0.0,3.9,,1018.3,Trametes versicolor,"Hood River, OR 97031, USA",1,
9b6d2e69-6b67-4fb8-839d-597e039e70dd,39235072,2020-02-25 13:49:00-08:00,2020-02-25,-122.1171911895,45.5771847176,12.0,,0.0,13.3,0.0,5.3,,1033.6,Trametes versicolor,"Multnomah County, OR, USA",1,
5ad1b218-30bc-4c54-bbf0-fb19b4a37803,34510269,2019-06-27 13:37:51-07:00,2019-06-27,-122.1673620207,45.1619922824,686.0,,11.7,16.7,,5.7,,1018.2,Trametes versicolor,"Mt. Hood National Forest, Estacada, OR, US",1,
e2359f6c-0dbf-4b64-87d6-faf4ba1af94d,30142560,2019-08-02 16:11:08-07:00,2019-08-02,-121.9961444302,45.3504453442,375.0,,18.9,26.7,,6.3,,1018.8,Trametes versicolor,"Mtn Air Park, Sandy, OR, US",1,
983f09cb-5a0c-4bd4-b299-329a3f650c16,24641455,2019-03-24 14:14:03-07:00,2019-03-24,-122.2817466667,45.4941583333,55.0,,6.7,16.1,,4.9,,1022.0,Trametes versicolor,"Oxbow Park, Gresham, OR, US",1,
0c7644da-b516-478e-8bb8-b70f60c14b01,22772254,2019-04-20 12:29:11-07:00,2019-04-20,-121.36615587,45.71945802,170.0,,11.7,20.0,,22.6,,1013.1,Trametes versicolor,"Atwood Rd, White Salmon, WA 98672, USA",1,
1c57fca5-e47e-4df1-bde2-91eec2005026,17521553,2018-10-14 16:54:38-07:00,2018-10-14,-121.8715133333,45.3838216667,626.0,,7.8,20.0,0.0,19.2,,1025.8,Trametes versicolor,"Mt. Hood National Forest, Rhododendron, OR, US",1,
2c663fb8-29dd-4995-8bff-2b4c3ae61329,16957298,2018-09-25,2018-09-25,-121.795,45.30895,1029.0,,,,,,,,Trametes versicolor,"Barlow Trail, Laurel Ridge, Government Camp, Zigzag Ranger District, Mount Hood National Forest, Clackamas Co., Oregon, USA",1,
57113d3d-de57-4ab2-82a5-5c65f0b51fde,8514929,2017-05-22 17:50:07-07:00,2017-05-22,-121.9463832991,45.3104862181,440.0,,12.2,32.2,0.0,4.5,,1016.9,Trametes versicolor,"Mt. Hood National Forest, Welches, OR, US",1,
d91fd0b0-1545-4d32-927d-9378f70bb849,7645693,2017-08-25 09:20:43-07:00,2017-08-25,-121.8694916667,45.6783133333,57.0,,11.1,27.2,0.0,6.2,,1016.6,Trametes versicolor,"Cascade Locks Marine Park, Cascade Locks, OR, US",1,
0ab337b1-9132-4b9a-bcb9-ec4beb729011,4040820,2016-02-27 15:18:43-08:00,2016-02-27,-121.7092883333,45.7026633333,257.0,,6.1,14.4,,12.3,,1018.2,Trametes versicolor,"Gifford Pinchot National Forest, Stevenson, WA, US",1,
1cecf4af-12ee-486a-8786-82df4b3315db,394684876,2026-08-26 07:50:19-07:00,2026-08-26,-122.4976738449,45.3416643944,117.0,,16.2,25.7,0.0,6.8,,1016.9,Trametes versicolor,"Oregon City, OR 97045, USA",1,84QV8GR2+
0de2d31c-e7f9-4d1c-b9f4-52fc29a4e0ef,348551758,2025-12-14 10:59:46-08:00,2025-12-14,-122.4467436032,45.4118837239,148.0,,5.0,11.0,1.1,4.0,,1017.8,Trametes versicolor,"SE Barlow Ct, Damascus, OR, US",1,84QVCH63+
a55a5fa8-10bc-4f76-917a-4e34d059c9a8,335386534,2026-01-19 11:19:22-08:00,2026-01-19,-122.3775783333,45.3108633333,80.0,,2.0,6.0,0.0,36.7,,1026.0,Trametes versicolor,"Milo McIver State Park, Eagle Creek, OR, US",1,84QV8J6C+
987ec36f-a49e-405f-b826-642a0c4660eb,330866214,2024-04-15 16:27:21-07:00,2024-04-15,-122.5237974,45.2477993997,164.0,,7.2,13.3,,6.4,,1026.2,Trametes versicolor,"Mulino, OR, USA",1,84QV6FXG+
29b40576-f8bf-4652-beef-474725e60bbb,330615535,2025-11-12 16:03:38-08:00,2025-11-12,-122.5634345696,45.1657904745,101.0,,8.0,13.0,0.6,3.5,,1010.8,Trametes versicolor,"S McCown Rd, Molalla, OR, US",1,84QV5C8P+
a7735ba4-14d8-4e9a-93fe-df132eac499a,330398380,2025-12-11 14:17:54-08:00,2025-12-11,-122.5519120219,45.3039116506,163.0,,11.0,16.0,0.0,17.3,,1022.7,Trametes versicolor,"Oregon, US",2,84QV8C3X+
b305257b-d5a9-479d-995d-cca20bf91b7f,328299666,2025-11-25 14:07:22-08:00,2025-11-25,-122.4961638907,45.2674303081,217.0,,4.0,8.0,2.6,4.5,,1024.8,Trametes versicolor,"Oregon, US",1,84QV7G83+
84820482-a549-4612-a4a9-2e4fbfbe1077,319445733,2025-09-27 11:31:31-07:00,2025-09-27,-122.4821741401,44.9774600129,302.0,,8.0,26.0,0.0,2.0,,1010.5,Trametes versicolor,"Clackamas County, US-OR, US",1,84PVXGG9+
2863cf6a-e493-4e66-a641-1bc0da28f7b2,298209221,2025-06-26 11:10:18-07:00,2025-06-26,-122.3905204997,45.4177578997,184.0,,14.4,21.1,0.5,3.8,,1016.9,Trametes versicolor,"Damascus, OR 97009, USA",2,84QVCJ95+
53525dad-b194-44d1-ab9c-42f0be0b2d3d,297993499,2025-07-13 11:14:50-07:00,2025-07-13,-122.3842469972,45.3115189222,122.0,,15.6,35.6,0.0,4.3,,1016.8,Trametes versicolor,"Estacada, OR 97023, USA",1,84QV8J68+
248bce66-eb62-4ac2-b5d6-74700b720434,296182331,2025-04-03 19:45:13-07:00,2025-04-03,-122.3249644786,45.2868060815,211.0,,5.6,13.3,0.5,2.3,,1020.8,Trametes versicolor,"Estacada, OR, USA",1,84QV7MPG+
6be02d2b-c2e3-448c-af84-d1230a77e8ca,284150789,2025-05-25 15:50:36-07:00,2025-05-25,-122.18943,44.7240133333,547.0,,,,,,,,Trametes versicolor,"Tumble Ridge Trail, Lyons, OR, US",1,84PVPRF6+
95267d24-8b10-4f40-bddc-0904120c33da,268278027,2025-03-27 14:31:32-07:00,2025-03-27,-122.3908134639,45.4178817528,184.0,,9.4,13.9,10.3,13.3,,1004.2,Trametes versicolor,"Boring, OR 97009, USA",1,84QVCJ95+
23cb775e-0f11-4a62-8601-75194240d1bb,265498741,2025-03-15 16:26:28-07:00,2025-03-15,-122.3176619722,45.508203,137.0,,5.0,9.4,,18.0,,1005.2,Trametes versicolor,"Corbett, OR 97019, USA",1,84QVGM5J+
b0bf7b0b-e135-4f97-a004-3a3235dd4e68,258910350,2025-01-18 13:45:17-08:00,2025-01-18,-122.1922818,44.7268441,598.0,,,,,,,,Trametes versicolor,"Detroit, OR 97342, USA",1,84PVPRG5+
f5e16196-ab25-426a-bee4-6f033986d6ea,257850000,2025-01-05 14:18:13-08:00,2025-01-05,-122.521195,45.2502466667,221.0,,9.4,12.2,7.9,9.7,,1023.5,Trametes versicolor,"S Brockway Rd, Oregon City, OR, US",1,84QV7F2H+
0c08e745-0a83-4aa7-996a-cf65cd655c9c,257612681,2024-08-24 15:34:42-07:00,2024-08-24,-122.1764763,44.7065701,472.0,,,,,,,,Trametes versicolor,"Linn County, OR, USA",1,84PVPR4F+
0b13a721-f825-49fa-8f8b-8c21dc01f649,250706084,2024-11-06 09:31:00-08:00,2024-11-06,-122.3500681969,45.3347614478,112.0,,3.9,14.4,0.0,11.0,,1027.4,Trametes versicolor,"Eagle Creek, OR, USA",1,84QV8JMX+
e451829e-006d-4055-ab97-449b7b2e8628,246535762,2024-10-09 10:34:30-07:00,2024-10-09,-122.4219455225,45.4376143028,160.0,,11.1,20.0,,4.6,,1018.8,Trametes versicolor,"Oregon, US",1,84QVCHQH+
1d9bb37f-51a4-48e4-8262-ed72c8e50d7f,227422334,2024-07-05 16:31:24-07:00,2024-07-05,-122.44372343,44.93429005,665.0,,15.6,36.7,0.0,11.0,,1018.0,Trametes versicolor,"Molalla, OR 97038, USA",1,84PVWHM4+
2779ba7a-49e5-45b0-a853-f4257c417556,222571739,2024-06-13 17:24:41-07:00,2024-06-13,-122.4986153841,45.0369205762,382.0,,9.4,23.9,0.0,9.8,,1018.1,Trametes versicolor,"Molalla, OR 97038, USA",1,84QV2GP2+
c518336d-049d-490a-851e-e02c0796ac41,222112563,2024-06-07 12:53:17-07:00,2024-06-07,-122.3829583333,45.3482283333,72.0,,11.1,30.6,0.0,4.4,,1012.8,Trametes versicolor,"Eagle Creek, OR, US",1,84QV8JX8+
462ac1ba-214f-417d-9793-98118b9f0e76,219905945,2024-06-01 19:51:47-07:00,2024-06-01,-122.59292518,45.09416086,147.0,,11.7,22.8,0.0,8.3,,1014.5,Trametes versicolor,"Molalla, OR 97038, USA",1,84QV3CV4+
d27cd6b5-3580-4773-a9ae-4a85771314ff,219457232,2024-05-30 12:49:05-07:00,2024-05-30,-122.400471456,45.202607309,322.0,,7.2,20.6,0.0,8.6,,1027.7,Trametes versicolor,"Oregon, US",1,84QV6H3X+
ccfe8146-0409-4cac-b2ee-44c873398e25,216926682,2024-05-19 11:04:32-07:00,2024-05-19,-122.3498083333,45.5161166667,21.0,,7.2,18.3,,6.3,,1023.8,Trametes versicolor,"Historic Columbia River Hwy, Troutdale, OR, US",1,84QVGM82+
3437ba61-292b-4a68-852a-97c3433076e8,211943396,2024-04-28 17:47:40-07:00,2024-04-28,-122.52147,45.2491866667,212.0,,8.9,13.3,,10.9,,1020.5,Trametes versicolor,"S Brockway Rd, Oregon City, OR, US",1,84QV6FXH+
030104ec-5b82-4e91-b4ca-f09aaa5b0f8a,207530281,2024-04-15 20:05:15-07:00,2024-04-15,-122.5927939832,45.0941609871,147.0,,7.2,13.3,,6.4,,1026.2,Trametes versicolor,"S Wilhoit Rd, Molalla, OR, US",1,84QV3CV4+
1dc9785d-946a-4e2c-9ec6-ef175d6eed20,205299118,2024-04-03 15:48:10-07:00,2024-04-03,-122.4093866667,44.7365916667,393.0,,,,,,,,Trametes versicolor,"Monument Peak Rd, Gates, OR, US",1,84PVPHPR+
b6ab7f68-d722-4534-b709-d413a72cfe6b,204353037,2024-02-25 14:21:28-08:00,2024-02-25,-122.4387157124,45.4123047915,165.0,,7.2,11.7,,11.5,,1014.0,Trametes versicolor,"Oregon, US",1,84QVCH66+
194ff06f-98fe-4fa7-a9aa-ee011fc160fa,203431554,2024-03-20 08:59:04-07:00,2024-03-20,-122.1699676514,44.7350273132,540.0,,,,,,,,Trametes versicolor,Lyons,1,84PVPRPJ+
5e3a9961-6967-4179-991c-4d1e52c03f0c,191996782,2023-11-24 13:52:30-08:00,2023-11-24,-122.3242467865,45.5481186707,3.0,,1.7,13.9,0.0,2.0,,1027.7,Trametes versicolor,"Oregon, US",2,84QVGMXG+
afef8c6f-2e75-4849-9494-92f22c76b8e9,191344464,2023-11-16 15:27:00-08:00,2023-11-16,-122.3793194444,45.3501527778,69.0,,5.4,16.7,0.0,11.5,,1017.7,Trametes versicolor,"Eagle Creek, OR, USA",1,84QV9J2C+
fd16c9f9-e34b-476b-abde-aabc1e92fa17,191022975,2023-11-14 11:10:32-08:00,2023-11-14,-122.4322927269,45.4581100079,231.0,,5.0,14.4,,4.4,,1015.6,Trametes versicolor,"Damascus, OR, US",1,84QVFH59+
10bf884b-eea5-4c00-b5c6-1aa9b6ffd1bd,190637602,2023-11-10 13:46:00-08:00,2023-11-10,-122.3822694444,45.3104972222,93.0,,9.4,13.3,,5.1,,1021.4,Trametes versicolor,"Clackamas County, OR, USA",1,84QV8J69+
f1450f1c-14a3-4036-869e-8e6426ddf61e,186338970,2023-10-05 11:03:07-07:00,2023-10-05,-122.3016889722,45.2108449722,425.0,,11.7,25.6,0.0,11.7,,1023.3,Trametes versicolor,"Estacada, OR 97023, USA",1,84QV6M6X+
dc93d52c-76d5-4777-a8fc-f8133257a1ca,182000363,2023-09-05 11:39:30-07:00,2023-09-05,-122.2906657308,45.1870882235,496.0,,12.2,22.8,0.0,7.5,,1016.9,Trametes versicolor,"Colton, OR 97017, USA",1,84QV5PP5+
98f76415-1441-4dd0-822f-87987d7cd017,159445874,2022-06-24 10:50:11-07:00,2022-06-24,-122.3816731997,45.3071855997,150.0,,10.0,29.4,0.0,3.9,,1019.0,Trametes versicolor,"Estacada, OR 97023, USA",1,84QV8J49+
c1e63078-b759-4c11-a64a-117d5639e057,156684781,2023-04-24 12:46:29-07:00,2023-04-24,-122.3025774,45.2108749,423.0,,7.8,15.0,,10.0,,1020.8,Trametes versicolor,"Estacada, OR 97023, USA",1,84QV6M6W+
9d82e9e0-cb83-4935-87cf-15ef57ce3a6a,152900685,2023-03-30 10:59:26-07:00,2023-03-30,-122.3712205142,45.3009867379,118.0,,7.8,12.8,,10.9,,1012.3,Trametes versicolor,"Estacada, OR 97023, USA",1,84QV8J2H+
81d2fa17-c1b0-4596-87aa-254f3c6c0659,145716009,2020-01-02 17:38:00-08:00,2020-01-02,-122.3737193094,45.2417508828,344.0,,6.7,10.6,0.0,15.1,,1020.5,Trametes versicolor,"S Shady Forest Ln, Beavercreek, OR, US",1,84QV6JRG+
962887a3-3a40-42bb-ba97-77e57bd09b69,144454658,2022-12-15 14:45:08-08:00,2022-12-15,-122.3818133333,45.3073083333,150.0,,1.7,6.1,0.0,27.1,,1030.7,Trametes versicolor,"Milo McIver State Park, Eagle Creek, OR, US",1,84QV8J49+
00b5c9f2-3f6f-4708-a3b7-04cf464e7587,142853803,2022-11-24 11:37:29-08:00,2022-11-24,-122.3664166667,45.3418333333,112.0,,5.6,11.7,,33.6,,1025.4,Trametes versicolor,"Eagle Creek, OR, USA",1,84QV8JRM+
ffe642ed-6037-4b61-a436-a0f7da97820b,138459148,2022-10-11 18:55:46-07:00,2022-10-11,-121.9252383333,44.7873616667,921.0,,,,,,,,Trametes versicolor,"Willamette National Forest, Detroit, OR, US",1,84PWQ3PF+
07323359-4e20-4b18-8c24-d4819620120d,116627151,2022-05-11 16:10:19-07:00,2022-05-11,-122.3784008076,45.2495352633,283.0,,6.1,15.6,0.0,7.4,,1024.4,Trametes versicolor,"Beavercreek, OR, US",1,84QV6JXC+
18992072-862b-4619-8790-6e8af8a47c10,109339361,2022-01-21 16:32:28-07:00,2022-01-21,-122.3472786137,45.4744945094,174.0,,5.6,8.9,0.0,1.9,,1035.8,Trametes versicolor,"SE Jackson Rd, Gresham, OR, US",1,84QVFMF3+
968522b4-ed35-435a-a4d0-cecc47e54a2c,109094215,2022-03-20 15:55:41-07:00,2022-03-20,-122.3739071131,45.2417930472,344.0,,3.9,9.4,,9.9,,1027.4,Trametes versicolor,"S Shady Forest Ln, Beavercreek, OR, US",1,84QV6JRG+
6ded3876-67a6-4a04-9de6-c1c9026d313a,107211822,2022-02-21 14:27:26-08:00,2022-02-21,-122.3736923108,45.2417663038,344.0,,0.6,6.1,,9.0,,1013.3,Trametes versicolor,"S Shady Forest Ln, Beavercreek, OR, US",1,84QV6JRG+
9de5e0a2-f1e1-4d7f-ad0b-02aab51689aa,104787050,2022-01-11 15:55:55+00:00,2022-01-11,-122.378398556,45.3059843106,129.0,,4.4,7.2,,20.0,,1026.0,Trametes versicolor,"Milo McIver State Park, Eagle Creek, OR, US",1,84QV8J4C+
2e9d13fb-38fb-46ab-9d15-41a460dbec7c,103283711,2021-12-18 14:50:00-08:00,2021-12-18,-122.4049852006,45.2429435516,354.0,,3.3,11.7,,18.2,,1016.8,Trametes versicolor,"Oregon, US",1,84QV6HVW+
6e087049-33e5-4be9-847a-8ab079ba050c,103121446,2021-12-15 12:41:58+00:00,2021-12-15,-122.373475,45.24208,344.0,,1.7,6.1,,7.2,,1007.8,Trametes versicolor,"S Shady Forest Ln, Beavercreek, OR, US",1,84QV6JRG+
58f274a2-fefb-445e-9265-5b9f3c120c3e,76719008,2021-05-02 13:40:47-07:00,2021-05-02,-122.3866262577,45.4558923632,188.0,,10.0,18.9,0.0,6.3,,1022.8,Trametes versicolor,"Oregon, US",1,84QVFJ47+
6e728c7d-2778-40f1-b119-2c124c3d8278,70126708,2021-02-24 11:54:57+00:00,2021-02-24,-122.3385166667,45.5259033333,170.0,,2.2,10.0,,4.9,,1033.8,Trametes versicolor,"NE Mershon Rd, Troutdale, OR, US",1,84QVGMG6+
7e079f10-fa6e-40c9-998f-5d967d063f4e,67375508,2020-12-31 14:44:54+00:00,2020-12-31,-122.350175,45.4972883333,123.0,,8.3,11.7,,16.0,,1019.7,Trametes versicolor,"SE Division Dr, Troutdale, OR, US",1,84QVFJWX+
4ff4a022-93b1-43b6-b4c7-4d61f8dc90cc,43456246,2020-04-25 14:35:28-07:00,2020-04-25,-122.3335659039,45.3047500737,149.0,,10.0,20.6,,7.0,,1019.1,Trametes versicolor,"SE Hinman Ave, Estacada, OR, US",1,84QV8M38+
89c2b827-06ff-4354-9293-11396c16a986,41152992,2020-03-31 05:01:29-07:00,2020-03-31,-122.3754336786,45.2468776404,333.0,,5.0,10.6,,12.8,,1018.2,Trametes versicolor,"Beavercreek, OR, US",1,84QV6JWF+
58030ad7-f7a1-4060-b334-ef00f87cf6ff,38645820,2020-02-13 11:29:33+00:00,2020-02-13,-122.392455,45.29631167,213.0,,0.0,7.2,,3.6,,,Trametes versicolor,"S Jubb Rd, Estacada, OR, US",1,84QV7JW5+
c88a5580-15c0-467c-8177-75bb31cc8614,34952587,2016-11-22 10:14:13-08:00,2016-11-22,-122.3621114679,45.3077931178,100.0,,5.0,10.6,14.8,18.3,,1015.0,Trametes versicolor,"Oregon, US",1,84QV8J5Q+
1e83e574-f9ed-4f7c-b65f-232e818fdd47,34952364,2016-11-21 15:46:07-08:00,2016-11-21,-122.3934513458,45.3370192777,119.0,,6.7,13.3,,5.9,,1016.0,Trametes versicolor,"Oregon, US",1,84QV8JP4+
efaf8b57-5095-4ea0-8021-26bb16591e54,34593107,2019-10-19 11:07:18-07:00,2019-10-19,-122.1656305493,44.7071335468,541.0,,,,,,,,Trametes versicolor,"Willamette National Forest, Idanha, OR, US",2,84PVPR4M+
33698b8b-a9cd-404f-9c23-e8191a096c15,21585451,2019-03-24 20:38:01-07:00,2019-03-24,-122.3651754856,45.3088048187,85.0,,6.7,16.1,,4.9,,1022.0,Trametes versicolor,"29749 SE Farmstead Rd, Estacada, OR 97023, USA",1,84QV8J5M+
71c6c76b-84c1-43e5-b5c5-5e2f4dbe28ee,10235670,2018-03-14 13:29:56-07:00,2018-03-14,-122.4668994361,45.3661038867,113.0,,6.7,12.8,,10.0,,1012.7,Trametes versicolor,"Logan School, Oregon City, OR, US",2,84QV9G8M+
9c9a1f16-d8ac-49b6-a905-3e3fc7b15099,9467327,2018-01-13 15:13:35-08:00,2018-01-13,-122.3521633333,45.2934083333,147.0,,8.3,15.0,0.0,12.5,,1027.5,Trametes versicolor,"Milo McIver State Park, Estacada, OR, US",1,84QV7JVX+
81071c8d-ecfa-4191-9a0c-32455608e878,395378195,2026-08-28 19:33:24-07:00,2026-08-28,-122.7848950997,45.5480305,222.0,,14.4,24.4,0.0,7.2,,,Trametes versicolor,"Bonny Slope, Portland, OR 97229, USA",1,84QVG6X8+
ef937841-90ac-4c18-84bd-1a0ddfce2159,391189612,2026-03-02 17:20:34-08:00,2026-03-02,-122.7713942842,45.4658931304,72.0,,6.0,17.0,0.0,4.0,,1019.0,Trametes versicolor,"SW Garden Home Rd, Portland, OR, US",1,84QVF68H+
6de1fa9e-3dec-4c48-af09-053d360c5a3f,390385916,2025-05-07 18:30:52-07:00,2025-05-07,-122.5758767501,45.4109042902,51.0,,9.4,23.9,0.0,9.0,,1016.6,Trametes versicolor,"SE Clackamas Rd & Johnson, Oatfield, OR 97015, USA",1,84QVCC6F+
8c49c4b2-86d2-4627-a9cc-da9c0f8ac49c,390385733,2025-05-07 18:30:55-07:00,2025-05-07,-122.5758509338,45.4109287687,51.0,,9.4,23.9,0.0,9.0,,1016.6,Trametes versicolor,"SE Clackamas Rd & Johnson, Oatfield, OR 97015, USA",1,84QVCC6F+
bbf80a7e-ba9e-4d29-b588-2151fcc5c198,385967352,2026-07-28 07:45:54-07:00,2026-07-28,-122.5225676,45.7915469,108.0,,15.0,27.2,0.0,4.1,,1017.4,Trametes versicolor,"Battle Ground, WA, USA",1,84QVQFRG+
9e017e30-18d5-41c7-8c66-9ba463815a22,380878963,2026-07-12 17:24:38-07:00,2026-07-12,-122.6077689474,45.4832452804,77.0,,12.8,25.6,0.0,6.2,,1018.5,Trametes versicolor,"SE Harold St, Portland, OR, US",1,84QVF9MR+
86864eb1-cd43-4637-bab1-ec7108371647,380797839,2026-07-12 11:32:26-07:00,2026-07-12,-122.7278666667,45.527655,161.0,,12.8,25.6,0.0,6.2,,1018.5,Trametes versicolor,"Balch Creek, Portland, OR, US",1,84QVG7HC+
f620ea24-2f42-477a-bcf7-a701d36635d4,377242354,2026-06-30 18:16:09-07:00,2026-06-30,-122.6145866667,45.484495,75.0,,13.3,18.9,0.0,6.5,,1018.9,Trametes versicolor,"SE 47th Ave, Portland, OR, US",1,84QVF9MP+
00c8b15f-1a73-4186-afde-c450e01d5eae,373935027,2026-04-24 11:51:59-07:00,2026-04-24,-122.54730545,45.6004383,38.0,,5.0,20.0,0.0,4.1,,1016.9,Trametes versicolor,"Wilkes Community Group, Portland, OR 97230, USA",2,84QVJF23+
857ecf85-e66f-4386-a274-c274cf19d255,372061303,2026-06-15 12:44:55-07:00,2026-06-15,-122.6789148523,45.5816292117,26.0,,15.6,35.6,0.0,4.4,,,Trametes versicolor,"N Watts St, Portland, OR, US",1,84QVH8JC+
77035cb2-896a-412d-8a31-45672a77ff3b,371009368,2026-06-12 13:32:47-07:00,2026-06-12,-122.39532837,45.59972974,91.0,,10.0,26.7,0.0,3.2,,1019.5,Trametes versicolor,"Camas, WA 98607, USA",1,84QVHJX3+
1e9fb0f8-a445-4e42-aa4c-815c40924a2f,370826638,2026-02-26 19:30:14-08:00,2026-02-26,-122.662575,45.5408383333,50.0,,1.7,12.2,0.0,2.5,,1027.4,Trametes versicolor,"NE Russell St, Portland, OR, US",1,84QVG8RP+
0e7759d6-250b-46b4-844c-140e521d8ba2,370247623,2026-02-02 10:08:39-08:00,2026-02-02,-122.5362813844,45.4401837035,132.0,,6.0,11.0,0.0,10.9,,1026.2,Trametes versicolor,"SE Cedar Way, Happy Valley, OR, US",1,84QVCFR7+
6d97367e-4dad-44a6-bc8d-fc7d2dc185cc,370089476,2026-06-09 10:57:18-07:00,2026-06-09,-122.6258804167,45.5398204084,52.0,,12.8,19.4,0.5,12.7,,1015.5,Trametes versicolor,"NE 36th Ave, Portland, OR, US",1,84QVG9QF+
161e5dfd-18de-4b3e-a713-3505fe160b23,368531779,2026-06-04 20:07:50-07:00,2026-06-04,-122.5927578614,45.6636320249,86.0,,12.8,20.6,0.0,4.8,,,Trametes versicolor,"NE 58th St, Vancouver, WA, US",1,84QVMC74+
6e3170bb-cf55-40d5-8f86-6f9ffd3cd25b,367202414,2026-05-31 14:11:59-07:00,2026-05-31,-122.8118810524,45.5111883861,54.0,,6.1,22.0,0.0,10.9,,,Trametes versicolor,"Beaverton, OR, US",1,84QVG56Q+
f16e041b-3576-4e1d-ae18-5e61250dae53,367119102,2026-05-31 06:52:22-07:00,2026-05-31,-122.59855,45.5163716667,153.0,,8.3,21.7,0.0,7.8,,1025.2,Trametes versicolor,"SE Yamhill St, Portland, OR, US",1,84QVGC82+
3bfba893-2c82-4daa-9d62-e8b7ff51f9be,366945928,2026-05-30 10:23:01-07:00,2026-05-30,-122.8201883333,45.6018966667,229.0,,6.4,19.0,0.0,8.9,,,Trametes versicolor,"Forest Park, Portland, OR, US",1,84QVJ52H+
9afdb8a0-fd2c-4867-8513-3863d4408fc5,366183597,2026-05-17 17:19:30-07:00,2026-05-17,-122.3742533333,44.4371000029,475.0,,,,,,,,Trametes versicolor,"Willamette National Forest, Cascadia, OR, US",1,84PVCJPG+
81248808-755a-42c5-8333-07141c049fb0,365744377,2026-05-27 07:58:53-07:00,2026-05-27,-122.9510352146,44.822094388,96.0,,7.8,26.1,0.0,10.8,,,Trametes versicolor,"Hennies Rd SE, Turner, OR, US",2,84PVR2CX+
31ee1f79-8e7b-4a3e-888f-bc52ae3b41bd,362852195,2026-05-18 13:03:40-07:00,2026-05-18,-122.662675,45.654895,24.0,,8.3,21.7,0.0,4.3,,,Trametes versicolor,"NE Leverich Park Way, Vancouver, WA, US",1,84QVM83P+
7a4bf555-deb1-4e69-a862-562d61341225,362562597,2026-05-17 14:01:44-07:00,2026-05-17,-122.6769430563,45.4350402968,70.0,,5.6,18.9,0.0,4.2,,,Trametes versicolor,"Forest Highlands, Portland, OR, USA",1,84QVC8PF+
ba9e86ca-5908-4da0-9d88-f65b9bc87e0a,362095868,2026-05-16 07:43:25-07:00,2026-05-16,-122.6743910513,45.3003059401,46.0,,7.2,15.0,2.8,6.1,,,Trametes versicolor,"West Linn, OR, US",1,84QV882G+
523e3355-d788-4d0d-a979-ee984daf5077,360668830,2026-05-11 11:40:18-07:00,2026-05-11,-120.9614868164,45.6500892639,45.0,,10.0,27.2,0.0,4.3,,1019.2,Trametes versicolor,The Dalles,1,84QXM22Q+
acbd14e2-af4c-4c69-a252-daf679d2d651,356275260,2026-04-27 09:20:38-07:00,2026-04-27,-122.4514783333,45.5422033333,23.0,,4.8,13.9,0.0,6.0,,1017.7,Trametes versicolor,"NE 205th Ave, Fairview, OR, US",1,84QVGGRX+
3ba86372-e1b0-428a-b64c-9bfccbb88877,355035401,2026-04-26 12:45:29-07:00,2026-04-26,-122.7651366667,45.650445,3.0,,3.9,21.7,0.0,3.1,,,Trametes versicolor,"Willamette Greenway, Portland, OR, US",2,84QVM62M+
6c1e4162-2541-462b-a1ae-0ba2ff812cd1,354856008,2026-04-26 12:36:00-07:00,2026-04-26,-122.765302,45.646922,17.0,,3.9,21.7,0.0,3.1,,,Trametes versicolor,"St. Johns, Portland, OR, USA",1,84QVJ6WM+
31125a78-858e-4973-b131-d40c85d0b61d,353944899,2026-04-25 14:43:29-07:00,2026-04-25,-122.7329809819,45.5289729924,158.0,,3.3,20.6,0.0,4.0,,,Trametes versicolor,"NW Cornell Rd, Portland, OR, US",1,84QVG7H8+
18203731-7ae4-4dae-940d-1748d302f73d,353850843,2026-04-25 12:27:44-07:00,2026-04-25,-122.7135238647,45.5167007446,209.0,,5.0,20.0,0.0,4.8,,1011.2,Trametes versicolor,Portland,1,84QVG78P+
1c98a291-03d0-4295-b16e-7cc06b9859ee,353077433,2026-04-24 14:27:07-07:00,2026-04-24,-122.4465103149,45.6958847046,140.0,,3.3,20.0,0.0,3.5,,,Trametes versicolor,"Clark County, US-WA, US",1,84QVMHW3+
2fd9750a-8b23-4628-8937-ed0f7027e9f3,352051261,2026-04-22 11:32:21-07:00,2026-04-22,-122.7575802738,45.4011069138,44.0,,8.9,11.7,3.5,6.8,,,Trametes versicolor,"SW Cambridge Ln, Tigard, OR, US",2,84QVC62R+
f3ce3b57-bb24-463b-8883-ea96af0ed739,352024972,2026-04-22 09:43:18-07:00,2026-04-22,-122.7553581961,45.4021337642,42.0,,8.9,11.7,3.5,6.8,,,Trametes versicolor,"SW Cambridge Ln, Tigard, OR, US",1,84QVC62V+
ed6fe930-0749-4888-8659-6f79697228d1,351705179,2026-04-19 10:28:47-07:00,2026-04-19,-122.7395780827,45.4123195583,73.0,,8.9,22.8,0.0,2.3,,,Trametes versicolor,"Oregon, US",1,84QVC766+
e653b6fc-473f-4958-88a3-cb12047b5079,351597734,2026-04-11 14:43:36-07:00,2026-04-11,-122.8415533333,45.5223216667,60.0,,9.4,16.1,1.0,4.0,,,Trametes versicolor,"Beaverton, OR, US",1,84QVG5C5+
31e00080-45e0-466d-bd0b-df630e482e88,351561783,2026-04-20 11:11:12-07:00,2026-04-20,-122.6444729637,45.4339672764,19.0,,11.1,20.6,0.0,3.9,,1015.0,Trametes versicolor,"SE Sparrow St, Milwaukie, OR, US",1,84QVC9M4+
9f96cb97-073a-4049-aaaa-b13e2b538ac3,351461835,2026-04-18 10:59:18-07:00,2026-04-18,-122.6520833333,45.4840666667,17.0,,5.6,22.2,0.0,2.2,,1016.2,Trametes versicolor,"Portland, OR, US",1,84QVF8MX+
8280f7bd-5339-48ce-b5b5-43bdeae813ee,350950865,2026-04-18 14:16:52-07:00,2026-04-18,-122.3196633333,45.5794333333,39.0,,8.9,21.7,0.0,11.0,,,Trametes versicolor,"Mable Kerr Park, Washougal, WA, US",1,84QVHMHJ+
314a241e-5f63-4a87-bcd8-dcd94eb110da,350673851,2026-04-17 10:58:49-07:00,2026-04-17,-120.90862473,45.62993859,48.0,,4.4,16.7,0.0,3.8,,,Trametes versicolor,"Wasco, OR 97065, USA",1,84QXJ3HR+
227d3844-7e47-4b4b-bf93-aea9010db7c5,350495867,2026-04-16 17:20:47-07:00,2026-04-16,-122.619525,45.3610888889,119.0,,2.8,12.8,7.4,4.1,,1025.1,Trametes versicolor,"Sunset, West Linn, OR, USA",1,84QV996J+
a476e83d-26a3-452d-adbe-abac8afd69ee,350074019,2026-04-15 11:22:41-07:00,2026-04-15,-122.7840423584,45.5846176147,214.0,,5.0,10.1,20.6,14.8,,1013.3,Trametes versicolor,Portland,1,84QVH6M8+
2fdf5076-7620-4d89-b6b3-73272b35db30,349726167,2026-04-13 17:28:29-07:00,2026-04-13,-122.8553365,45.5690148997,100.0,,6.7,13.3,0.0,4.8,,,Trametes versicolor,"North Bethany, Bethany, OR 97229, USA",1,84QVH49V+
e1343802-221e-47f0-a000-f62bbef1dd74,349679566,2026-03-29 09:27:00-07:00,2026-03-29,-122.66455,45.49598,3.0,,5.6,12.0,0.0,8.6,,1017.1,Trametes versicolor,"Portland, OR, US",1,84QVF8WP+
d489f262-95a9-4d15-b76a-23d7fe738347,349393444,2026-04-12 16:36:07-07:00,2026-04-12,-122.6625400394,45.6983524455,54.0,,10.0,12.8,0.3,2.5,,,Trametes versicolor,"NE 108th St, Vancouver, WA, US",1,84QVM8XP+
1155a557-af81-44bb-8335-0d4a45abb99a,349261643,2024-04-08 12:18:00-07:00,2024-04-08,-122.7180249115,45.5267505028,295.0,,7.8,13.9,0.0,10.4,,1024.1,Trametes versicolor,"Wildwood Trail, Portland, OR, US",1,84QVG7GJ+
de028ddc-f44f-4981-bca6-3150038ada78,348765792,2026-04-05 16:11:10-07:00,2026-04-05,-122.7764954363,45.3991984372,45.0,,8.7,25.6,0.0,3.7,,1017.4,Trametes versicolor,"SW Riverwood Ln, Tigard, OR, US",1,84QV96XF+
9dd5c5c3-c094-4941-bd70-da89dd42c9a8,348747136,2026-04-09 11:48:21-07:00,2026-04-09,-122.6979666667,45.5313083333,32.0,,6.1,24.4,0.0,3.8,,1019.8,Trametes versicolor,"NW Northrup St, Portland, OR, US",1,84QVG8J2+
b5648c72-bec1-433d-b827-a4be5d3ba8ba,348654811,2026-03-28 18:50:16-07:00,2026-03-28,-122.652758621,45.4728163403,37.0,,8.0,17.0,0.0,7.0,,1020.2,Trametes versicolor,"SE 13th Ave, Portland, OR, US",1,84QVF8FW+
dcd15ee6-4297-47ae-a410-63dd329b6fa5,348609156,2026-04-09 09:07:00-07:00,2026-04-09,-122.7493460297,45.2594741396,56.0,,6.7,24.4,0.0,5.2,,,Trametes versicolor,"Marion County, OR, USA",2,84QV7752+
c188bfa2-7af3-4415-9708-4644413bc6e4,348560757,2026-04-05 13:32:36-07:00,2026-04-05,-122.6857384293,45.5689547621,57.0,,6.1,25.0,0.0,3.5,,1017.5,Trametes versicolor,"N Highland St, Portland, OR, US",1,84QVH897+
b297f7fd-eec3-4a0d-99bc-122da0514bab,348426215,2026-04-08 17:00:04-07:00,2026-04-08,-122.6530916667,45.5100333333,22.0,,5.6,20.6,0.0,2.8,,1018.2,Trametes versicolor,"SE Larch Ave-SE 12th Ave Alley, Portland, OR, US",1,84QVG86W+
005e01c3-844f-40b4-a6f1-28ca800db121,348354959,2026-04-08 10:32:01-07:00,2026-04-08,-122.8428715997,45.4414832,140.0,,2.8,20.0,0.0,2.4,,,Trametes versicolor,"Neighbors Southwest, Beaverton, OR, USA",1,84QVC5R4+
9ae90216-2425-4131-b9e0-3ca0d700e892,348276406,2026-01-31 14:54:40-08:00,2026-01-31,-122.6270149931,45.6226327504,44.0,,4.0,16.0,0.0,4.9,,1020.9,Trametes versicolor,"Clark Ave, Vancouver, WA, US",1,84QVJ9FF+
55f5dd4d-1bc5-4ead-b9d9-e61da4fdbbd8,348064112,2026-04-04 12:23:49-07:00,2026-04-04,-122.5808260962,45.6200816484,95.0,,5.0,22.2,0.0,3.9,,1024.8,Trametes versicolor,"Mother Joseph Place, Vancouver, WA 98664, USA",2,84QVJCC9+
6955089f-180f-4bc4-8d6e-95bf1c635c69,347974981,2026-04-06 19:18:26-07:00,2026-04-06,-122.6721935512,45.6566193122,57.0,,7.2,26.1,0.0,2.9,,1016.9,Trametes versicolor,"NW Washington St, Vancouver, WA, US",1,84QVM84H+
0d0b92f8-3510-4839-bc4a-f0aa38a9623d,347910993,2026-04-06 13:47:52-07:00,2026-04-06,-122.4958114624,45.4961471558,78.0,,9.4,26.1,0.1,4.0,,1016.8,Trametes versicolor,Portland,1,84QVFGW3+
c5af535d-011d-43ff-876e-f9a4f2e4ef92,347850669,2026-04-06 09:54:04-07:00,2026-04-06,-122.9952697754,44.9368133545,67.0,,7.2,26.1,0.0,6.5,,,Trametes versicolor,Salem,1,84PVW2P3+
78f15b9e-6581-417d-9cff-d169e984cc7d,346640092,2026-04-01 10:43:03-07:00,2026-04-01,-122.7779483997,45.4715271997,64.0,,6.1,12.2,2.0,10.8,,,Trametes versicolor,"6700 Block SW Scholls Ferry, Beaverton, OR 97008, USA",1,84QVF6CC+
b5c958b0-67d8-415c-a7eb-8fd02c9d5a2e,346308410,2026-03-30 17:31:41-07:00,2026-03-30,-122.4487833333,45.632105,72.0,,1.7,14.4,0.0,5.6,,,Trametes versicolor,"Lacamas Heritage Trail, Camas, WA, US",1,84QVJHJ2+
cde5c2aa-a544-4727-bba5-34a2883b28f5,345168205,2026-03-25 14:01:03-07:00,2026-03-25,-122.644567489,45.3629221807,183.0,,2.0,13.0,0.0,7.4,,1023.0,Trametes versicolor,"Chelan Dr, West Linn, OR, US",1,84QV9974+
b11e4dc7-9621-447e-a61c-57d67c44cb7d,344823899,2026-03-23 15:54:34-07:00,2026-03-23,-122.7928698,45.5852537,291.0,,1.0,12.0,0.0,3.2,,1019.2,Trametes versicolor,"Linnton, Portland, OR, USA",1,84QVH6P4+
9f53977f-d484-4033-bbd6-16e82d8c0cc1,344762137,2026-03-23 13:51:37-07:00,2026-03-23,-122.669444807,45.6560579288,66.0,,1.0,12.0,0.0,3.2,,1019.2,Trametes versicolor,"NE Creston Ave, Vancouver, WA, US",1,84QVM84J+
1b930c6d-70a0-4028-92ba-cb1acf384167,344724177,2026-03-23 10:57:38-07:00,2026-03-23,-122.69374449,45.45509516,102.0,,4.0,12.0,0.0,4.0,,1018.9,Trametes versicolor,"Marshall Park, Portland, OR 97219, USA",1,84QVF844+
4cb71602-a0c1-49f2-9bf1-525976657bc5,344372249,2026-03-21 17:39:55-07:00,2026-03-21,-122.4418727628,44.5098237691,657.0,,,,,,,,Trametes versicolor,"Linn County, US-OR, US",1,84PVGH55+
59f06ee5-dd8a-4090-87f8-928c0dac9d80,344286557,2026-03-21 15:11:48-07:00,2026-03-21,-122.7139155222,45.4763478045,164.0,,6.0,14.0,0.0,12.4,,1024.9,Trametes versicolor,"SW Vermont St, Portland, OR, US",1,84QVF7GP+
c4232e88-0eaa-4435-b37d-106b651f909e,344219616,2026-03-21 09:39:27-07:00,2026-03-21,-122.3936638961,45.5868424836,8.0,,6.0,14.0,0.6,8.1,,1024.6,Trametes versicolor,"E First Ave, Camas, WA, US",1,84QVHJP4+
fe8eb941-20c7-4761-805a-ce8358b94df3,344117044,2026-02-12 10:32:28-08:00,2026-02-12,-122.870675,45.4526033333,232.0,,,,,1.8,,,Trametes versicolor,"SW Kemmer Rd, Beaverton, OR, US",1,84QVF43H+
ea624288-75e3-4c16-80a2-6fb2274ea06c,344044159,2026-03-17 12:21:00-07:00,2026-03-17,-122.7646472222,45.6462666667,17.0,,8.6,17.0,0.7,5.8,,1018.4,Trametes versicolor,"St. Johns, Portland, OR, USA",2,84QVJ6WP+
94f6fa2b-4e18-48ab-a755-556e6aa57cd3,344025414,2026-03-19 13:39:57-07:00,2026-03-19,-122.8399835997,45.5002692997,74.0,,10.0,16.0,2.5,3.3,,1020.2,Trametes versicolor,"Cooper Mountain - Aloha North, Beaverton, OR, USA",1,84QVG526+
c5993475-6e4d-43e3-b002-b2057dd8d164,343922883,2026-03-19 12:11:47-07:00,2026-03-19,-122.5473612475,45.600464967,38.0,,11.0,16.0,0.0,4.4,,1020.5,Trametes versicolor,"SE 121st Ave, Vancouver, WA, US",1,84QVJF23+
e9f1def7-2a06-48ea-a4a7-a153e0d8237f,343884963,2026-03-19 13:26:55-07:00,2026-03-19,-122.8399086997,45.5003136997,74.0,,10.0,16.0,2.5,3.3,,1020.2,Trametes versicolor,"Cooper Mountain - Aloha North, Beaverton, OR, USA",1,84QVG526+
91d891d4-1650-4e73-bd2a-51c2607bc1d0,343573131,2026-03-17 15:23:00-07:00,2026-03-17,-122.5713466667,45.5365433333,77.0,,11.0,17.0,0.0,8.8,,1018.2,Trametes versicolor,"Multnomah, Oregon, United States",1,84QVGCPH+
454b8d9d-2205-4d7e-b67e-359b42749ba3,343506027,2026-03-16 16:45:32-07:00,2026-03-16,-122.6783854142,45.5150549818,43.0,,8.0,20.0,0.0,6.1,,1021.5,Trametes versicolor,"SW Madison & 4th, Portland, OR 97204, USA",1,84QVG88C+
e67f9796-efb8-4431-8144-d4e31e7e17d8,343396423,2026-03-16 14:01:07-07:00,2026-03-16,-122.7567133333,45.5112533333,213.0,,8.0,20.0,0.1,2.8,,1021.7,Trametes versicolor,"West Haven-Sylvan, OR, US",1,84QVG66V+
1ffe20e8-757b-4794-991c-61ca7e726ca9,343232197,2026-03-15 17:54:41-07:00,2026-03-15,-122.644975,45.4629555556,21.0,,4.0,11.0,0.0,4.8,,1027.8,Trametes versicolor,"SE 17th & Tenino, Portland, OR 97202, USA",1,84QVF974+
71b32612-eafd-4fc7-88e1-8fd8b015338d,343231435,2026-03-15 15:44:18-07:00,2026-03-15,-122.7472915649,45.4762878418,81.0,,4.0,11.0,0.0,4.8,,1027.8,Trametes versicolor,Beaverton,1,84QVF7G3+
02c43cb4-feaa-44fc-ac55-64dbce342172,343231245,2026-03-15 15:44:18-07:00,2026-03-15,-122.7472916667,45.4762883333,81.0,,4.0,11.0,0.0,4.8,,1027.8,Trametes versicolor,"SW 68th Ct, Beaverton, OR, US",1,84QVF7G3+
8589da4e-8fe6-4c5b-8d56-318987674667,343114184,2026-01-17 11:34:20-08:00,2026-01-17,-121.9972347468,44.3491192587,898.0,,,,,,,,Trametes versicolor,"82X2+HX, Santiam Junction, OR 97413, USA",1,84PW82X3+
c5ff5de8-3b86-47e1-b328-81cf22479bd3,342376042,2026-03-08 14:28:41-07:00,2026-03-08,-122.7912,45.5891533333,226.0,,4.0,14.0,0.6,9.1,,1020.4,Trametes versicolor,"NW Germantown Rd, Portland, OR, US",1,84QVH6Q5+
20c30e08-b396-4e4f-8e42-7d9051ca868b,342367031,2026-03-07 16:55:35-08:00,2026-03-07,-122.8273372218,45.430006919,67.0,,8.0,16.0,0.0,3.7,,1027.0,Trametes versicolor,"SW Creekshire Pl, Beaverton, OR, US",3,84QVC5JF+
e87b2011-6c74-407e-9e81-fba59dd01449,342366391,2026-03-10 13:05:19-07:00,2026-03-10,-122.6673618704,45.704934604,44.0,,3.0,8.0,0.2,4.8,,1024.4,Trametes versicolor,"Starcrest, Vancouver, WA, USA",1,84QVP83M+
76117989-ace7-497e-bc81-a3b7e35ea414,341954935,2026-03-08 12:50:57-07:00,2026-03-08,-122.6293033333,45.3813083333,58.0,,5.0,13.0,1.4,11.1,,1020.4,Trametes versicolor,"Willamette Dr, West Linn, OR, US",1,84QV99JC+
7ddaa565-310a-401b-a75d-95bc78db1b95,341816812,2026-02-28 15:15:19-08:00,2026-02-28,-122.7307195,45.6171186997,4.0,,0.0,11.0,0.0,1.0,,,Trametes versicolor,"St. Johns, Portland, OR, USA",1,84QVJ789+
7ccd9009-ce67-41b2-af2b-7eb3dad5aa71,341766358,2026-02-05 09:45:27-08:00,2026-02-05,-122.6183801685,45.3728004519,48.0,,-1.0,16.0,0.0,4.5,,1019.3,Trametes versicolor,"Buck St, West Linn, OR, US",1,84QV99FJ+
472e7ff5-5abf-4e99-bb5f-28646747636d,341481001,2026-03-05 15:01:01-08:00,2026-03-05,-122.5645489,45.4353199997,82.0,,6.0,11.0,0.0,5.9,,1028.2,Trametes versicolor,"10000 Block SE Stevens Rd, Sunnyside, OR 97015, USA",2,84QVCCPP+
ecd57e03-5e20-4cd6-beb9-5acd7d1a457c,341464798,2026-03-05 16:10:36-08:00,2026-03-05,-122.7647027778,45.6463055556,17.0,,4.0,11.0,1.6,4.7,,1028.6,Trametes versicolor,"St. Johns, Portland, OR, USA",3,84QVJ6WP+
f8f0992a-14d6-43c4-b979-31ad9acaa60f,341460614,2026-03-05 15:13:27-08:00,2026-03-05,-122.3879890997,45.5178076997,66.0,,6.0,11.0,1.2,7.2,,1027.9,Trametes versicolor,"S Troutdale & SE Stark, Troutdale, OR 97060, USA",1,84QVGJ96+
44e3c1a6-471a-4808-a98f-518381791466,341454943,2026-03-05 14:14:49-08:00,2026-03-05,-122.6317833333,45.481595,40.0,,6.0,11.0,0.0,5.9,,1028.2,Trametes versicolor,"Reed College, Portland, OR, US",1,84QVF9J9+
f767130f-de3a-4f1a-97b8-dcae1bd59e6b,341423445,2026-03-05 11:46:41-08:00,2026-03-05,-122.6107033333,45.574005,8.0,,6.0,11.0,0.0,5.9,,1028.2,Trametes versicolor,"Portland, OR, US",1,84QVH9FQ+
49fc534b-95d2-4860-ae9c-22b80abe4513,341423142,2026-03-05 11:43:39-08:00,2026-03-05,-122.6102133333,45.5737033333,7.0,,6.0,11.0,0.0,5.9,,1028.2,Trametes versicolor,"Portland, OR, US",1,84QVH9FQ+
1faee04e-d20a-4dd5-ac63-643632667022,341423115,2026-03-05 11:43:34-08:00,2026-03-05,-122.6102133333,45.5736966667,7.0,,6.0,11.0,0.0,5.9,,1028.2,Trametes versicolor,"Portland, OR, US",1,84QVH9FQ+
77f9c0ad-a924-4c00-bafb-6fa885673a30,341301448,2026-03-04 14:17:00-08:00,2026-03-04,-122.5710886593,45.5385878098,70.0,,9.0,13.0,2.7,15.6,,1015.8,Trametes versicolor,"Northeast Portland, Portland, OR, USA",1,84QVGCQH+
3c3d943e-1cca-4644-82b5-33d82e5b5a01,341129264,2026-03-03 11:02:21-08:00,2026-03-03,-122.4132995605,45.6068267822,60.0,,6.0,16.0,0.9,7.9,,1018.6,Trametes versicolor,Camas,2,84QVJH4P+
e1bbd7e5-199a-473e-8781-1b5ea32fb126,341124208,2026-03-01 11:38:57-08:00,2026-03-01,-123.0030531262,45.0177251975,40.0,,2.2,11.1,0.0,4.7,,1016.1,Trametes versicolor,"Jacobe St NE, Keizer, OR, US",1,84QR2X9W+
9fe15b8f-7661-4673-a3a2-c22626a1d0d2,341110581,2026-02-21 08:05:28-08:00,2026-02-21,-122.684745395,45.4733438987,142.0,,3.3,8.3,5.3,29.2,,1013.5,Trametes versicolor,"SW Terwilliger Blvd, Portland, OR, US",2,84QVF8F8+
78cee2b9-6a68-4c73-aca3-c057772bad4b,341017604,2026-03-02 13:36:44-08:00,2026-03-02,-122.3928326,45.5131009997,79.0,,7.0,17.0,0.0,10.0,,1019.3,Trametes versicolor,"Visual Arts 9, Gresham, OR 97030, USA",1,84QVGJ74+
60be7540-0bee-44bb-a6f1-fc68ca9db763,340984468,2026-02-28 11:30:06-08:00,2026-02-28,-122.8913867547,44.9322171759,72.0,,1.1,9.4,0.0,4.7,,,Trametes versicolor,"Marion County, US-OR, US",1,84PVW4J5+
b5cf257c-a388-44a8-9253-fe9a7c86f76f,340873301,2026-03-01 17:01:37-08:00,2026-03-01,-122.8268272182,45.4298145554,78.0,,3.0,15.0,0.0,5.5,,1016.2,Trametes versicolor,"SW Creekshire Pl, Tigard, OR, US",1,84QVC5HF+
a590b99d-d54d-4b5d-a49f-af21344233f5,340845144,2026-03-01 12:39:51-08:00,2026-03-01,-122.8267641327,45.4297565073,78.0,,3.0,15.0,0.0,5.5,,1016.2,Trametes versicolor,"SW Creekshire Pl, Tigard, OR, US",1,84QVC5HF+
4e94fa64-89a1-4059-b663-64e42582cfe7,340843427,2026-03-01 12:04:00-08:00,2026-03-01,-122.610245,45.5736016667,7.0,,4.4,16.0,0.0,7.1,,1016.6,Trametes versicolor,"Multnomah, Oregon, United States",1,84QVH9FQ+
956c89c1-5569-4b4b-b56b-cd5e17cd11cf,340840527,2026-03-01 11:54:39-08:00,2026-03-01,-122.6262305556,45.5811138889,8.0,,4.4,16.0,0.0,7.1,,1016.6,Trametes versicolor,"Sunderland, Portland, OR, USA",1,84QVH9JF+
5e37940b-104a-4e07-bac1-ab8a98c086f0,340833281,2026-03-01 12:46:41-08:00,2026-03-01,-122.8272584091,45.4305381869,67.0,,3.0,15.0,0.0,5.5,,1016.2,Trametes versicolor,"SW Barrows Rd, Beaverton, OR, US",2,84QVC5JF+
e4c0880e-8175-4e41-8039-d8ae1e64b162,340820477,2026-03-01 11:28:08-08:00,2026-03-01,-122.7837486193,45.5804016062,283.0,,3.0,16.0,0.0,4.4,,1017.0,Trametes versicolor,"Linnton, Portland, OR, USA",1,84QVH6J8+
62e94d9a-10d3-41cb-a6ce-bb98dd786b46,340818876,2026-03-01 11:20:19-08:00,2026-03-01,-122.7609939568,45.4172631688,54.0,,5.0,13.0,0.0,5.1,,1016.6,Trametes versicolor,"SW Fanno Creek Pl, Tigard, OR, US",1,84QVC68Q+
49c3bfb1-9c7f-4da1-9056-78c6625340c4,340794503,2026-02-28 15:14:47-08:00,2026-02-28,-122.7306823611,45.6170463333,4.0,,0.0,11.0,0.0,1.0,,,Trametes versicolor,"St. Johns, Portland, OR, USA",1,84QVJ789+
9259bb19-2cc7-4050-b996-a6754ecaf0cd,340691722,2026-02-28 16:54:06-08:00,2026-02-28,-122.8040542603,45.4321174622,58.0,,0.6,11.0,0.0,2.5,,,Trametes versicolor,Tigard,1,84QVC5JW+
85e125f9-e733-46f5-b49c-256a030e204a,340628921,2026-02-26 17:31:25-08:00,2026-02-26,-122.701221,45.4310329722,156.0,,1.7,12.2,0.0,2.5,,1027.4,Trametes versicolor,"Monroe & Boones Ferry Rd, Lake Oswego, OR 97035, USA",1,84QVC7JX+
bf4030f3-e350-410f-84f3-0098d8a863c7,340599741,2026-02-24 10:48:00-08:00,2026-02-24,-123.0074777778,45.0175972222,40.0,,4.4,8.3,9.9,5.8,,,Trametes versicolor,"Marion County, OR, USA",1,84QR2X9V+
ebd85f1e-b10f-4d6c-a4e5-3e7c8a7019ab,340533076,2026-02-27 18:51:28-08:00,2026-02-27,-122.8342719123,45.4279786651,84.0,,-1.1,12.8,0.0,2.5,,,Trametes versicolor,"SW Mallard Dr, Beaverton, OR, US",2,84QVC5H8+
622c6a96-44c4-480b-b7d7-817d0b711f2b,340517056,2026-02-26 12:10:00-08:00,2026-02-26,-122.7565305556,45.3838277778,42.0,,-1.1,10.6,0.0,0.6,,,Trametes versicolor,"Sherwood - Tualatin South, Tualatin, OR, USA",1,84QV96MV+
3cf37643-7054-49df-b10b-ab0335c96e99,340471405,2026-02-27 10:03:37-08:00,2026-02-27,-122.7523361111,45.4068305556,43.0,,-1.1,13.3,0.0,2.0,,,Trametes versicolor,"SW 72nd & Kable, Tigard, OR 97224, USA",2,84QVC64X+
d8df1435-9a96-47c5-a110-039e3930614d,340405616,2026-02-26 17:02:17-08:00,2026-02-26,-122.6811355328,45.4424646959,75.0,,1.7,12.2,0.0,2.5,,1027.4,Trametes versicolor,"SW Terwilliger Blvd, Portland, OR, US",1,84QVC8R9+
96f31ffa-47cd-46d5-a8f7-e6360f802abb,340382371,2026-02-26 17:35:11-08:00,2026-02-26,-122.6871582493,45.5753826585,44.0,,1.1,11.7,0.0,0.9,,,Trametes versicolor,"N Lombard & Denver, Portland, OR 97217, USA",1,84QVH8G7+
f953b818-992f-49a9-aeca-c85025abc58c,340319327,2026-02-26 08:22:26-08:00,2026-02-26,-122.6365362,45.7378043,81.0,,1.1,11.7,0.0,0.9,,,Trametes versicolor,"Mt Vista, WA, USA",2,84QVP9Q7+
4fcb7000-5542-4381-98f8-ce396acb05fb,340314645,2026-02-04 12:49:24-08:00,2026-02-04,-122.7155216667,45.5058416667,235.0,,5.0,14.4,0.0,10.1,,1025.6,Trametes versicolor,"Marquam Trail, Portland, OR, US",2,84QVG74M+
af60ac87-9c3c-4f68-892a-3974decea7df,340219491,2026-02-25 13:44:42-08:00,2026-02-25,-122.5944638,45.4818296,74.0,,0.6,10.6,0.0,3.2,,,Trametes versicolor,"SE Reedway St, Portland, OR, US",1,84QVFCJ4+
940614d9-7ce2-4f98-a3e0-026afd9af6f1,340065179,2026-01-23 16:30:22-08:00,2026-01-23,-122.6525242142,45.4733801404,7.0,,-0.6,6.7,0.0,24.5,,1025.2,Trametes versicolor,"Oaks Bottom Wildlife Refuge, Portland, OR, US",2,84QVF8FW+
ae780acd-50a0-4a6c-9fbe-eec530ba011a,339843684,2026-02-19 16:36:09-08:00,2026-02-19,-122.522055,45.6299533333,114.0,,1.1,7.2,2.5,7.6,,1010.6,Trametes versicolor,"NE 147th Ave, Vancouver, WA, US",1,84QVJFHH+
3fd80927-862e-424c-afda-f853afdec4fd,339634986,2026-02-21 13:03:28-08:00,2026-02-21,-122.6311295852,45.4814875228,39.0,,3.3,8.3,5.3,29.2,,1013.5,Trametes versicolor,"SE Woodstock & 32nd, Portland, OR 97202, USA",1,84QVF9J9+
7b6bdba4-de54-49a8-be49-93a657b455a4,339503046,2026-02-20 17:20:13-08:00,2026-02-20,-122.8019332886,45.4337310791,52.0,,-1.0,7.0,0.0,7.1,,1014.6,Trametes versicolor,Tigard,1,84QVC5MX+
8bf9a81a-9a37-42ba-b963-df9a9c6c3e00,339494734,2026-02-20 13:13:32-08:00,2026-02-20,-122.6947333333,45.530095,29.0,,0.0,8.3,0.0,12.2,,1015.0,Trametes versicolor,"NW 21st Ave, Portland, OR, US",1,84QVG8J4+
795635b5-c176-4180-8d33-f952ff1c559f,339346440,2026-02-19 12:27:19-08:00,2026-02-19,-122.4813758209,45.5269104474,86.0,,1.0,8.0,2.0,8.7,,1010.4,Trametes versicolor,"NE Glisan & 176th, Gresham, OR 97230, USA",2,84QVGGG9+
7d5ac921-5f95-4f78-883d-e8cfc4d6d4de,339256434,2026-02-18 11:50:05-08:00,2026-02-18,-122.629495,45.5038716667,49.0,,1.7,6.1,7.4,11.2,,1007.0,Trametes versicolor,"SE 34th Ave, Portland, OR, US",2,84QVG93C+
a3f8bca6-4a5e-457f-a4e8-6d8606313a78,339212314,2026-02-18 13:23:30-08:00,2026-02-18,-122.7779735882,45.4714632048,64.0,,0.0,5.0,4.9,7.9,,1006.4,Trametes versicolor,"Fanno Creek Trail, Beaverton, OR, US",2,84QVF6CC+
2bb9a32c-1467-4e5e-9dbe-1a1e759753f8,339121033,2026-02-14 14:51:00-08:00,2026-02-14,-122.6754867135,45.4394657603,91.0,,2.8,8.9,2.8,7.6,,1018.6,Trametes versicolor,"Forest Highlands, Portland, OR, USA",1,84QVC8QF+
da9a9398-c65c-425f-b97c-777e040616e0,339056935,2026-02-15 14:05:51-08:00,2026-02-15,-122.6659912608,45.5371056506,44.0,,5.0,9.4,0.8,5.0,,1014.4,Trametes versicolor,"NE San Rafael St, Portland, OR, US",1,84QVG8PM+
4f436f08-559a-4a04-94d4-fef75f4c6bf4,338947825,2026-02-16 13:41:36-08:00,2026-02-16,-122.8434844315,45.4993903705,64.0,,3.0,6.0,0.2,11.8,,998.9,Trametes versicolor,"SW Murray & Farmington, Beaverton, OR 97005, USA",2,84QVF5X4+
ee16aa08-022f-40b4-a1dd-f2bcc4832193,338921970,2026-02-15 10:35:04-08:00,2026-02-15,-122.845695,45.54113,68.0,,5.0,9.0,0.0,3.9,,,Trametes versicolor,"NW Spyglass Dr, Beaverton, OR, US",1,84QVG5R3+
b193c31f-6999-4b83-83e5-d89b5ee242f3,338913711,2026-02-16 09:38:20-08:00,2026-02-16,-122.5917205811,45.5128936768,195.0,,2.8,6.7,0.3,11.9,,999.3,Trametes versicolor,Portland,1,84QVGC75+
3c29eacd-98b7-4638-8001-88e1cc4daf6b,338903867,2026-02-16 08:40:13-08:00,2026-02-16,-122.7539734925,45.4157665992,44.0,,2.0,7.0,4.6,12.1,,999.8,Trametes versicolor,"Oregon, US",1,84QVC68W+
215f6aa3-5a99-4e8b-9b47-11c89ac83d0f,338789521,2026-02-15 14:43:10-08:00,2026-02-15,-122.8569212134,45.4700645297,75.0,,5.0,9.0,0.0,3.9,,,Trametes versicolor,"SW 174th Pl, Beaverton, OR, US",2,84QVF4CV+
b2694649-1e80-4cd6-961c-470adba34f79,338784798,2026-02-15 13:18:14-08:00,2026-02-15,-122.6774748882,45.4389553238,81.0,,5.0,9.4,0.8,5.0,,1014.4,Trametes versicolor,"SW Terwilliger Blvd, Portland, OR, US",1,84QVC8QF+
452e378d-2ad1-4ca4-8042-37820940365b,338657729,2026-02-14 09:25:20-08:00,2026-02-14,-122.616373477,45.3597147742,70.0,,2.8,8.9,2.0,5.0,,,Trametes versicolor,"West Linn, OR, US",1,84QV995M+
c3d7075e-9aaa-4603-a06d-67f93784bd11,338657484,2026-01-06 13:55:17-08:00,2026-01-06,-122.8464739793,45.5111499095,64.0,,2.0,8.0,0.8,12.3,,1012.8,Trametes versicolor,"Beaverton, OR, US",2,84QVG563+
c45e8fdd-496e-4b21-90a5-e7e1529d09b8,338616669,2026-02-14 12:57:44-08:00,2026-02-14,-122.6520004272,45.705909729,31.0,,1.1,8.9,2.0,2.2,,,Trametes versicolor,Vancouver,1,84QVP84X+
218ee604-bd79-462f-9101-20d8d3bd613e,338614641,2026-02-14 11:31:28-08:00,2026-02-14,-122.7166909632,45.4426820018,194.0,,2.8,8.9,2.8,7.6,,1018.6,Trametes versicolor,"SW Coronado St, Portland, OR, US",1,84QVC7VM+
9a665886-aca1-4537-8067-ef5a9e194045,338613470,2026-02-14 12:37:26-08:00,2026-02-14,-122.7271599948,45.6168657486,15.0,,1.1,8.9,2.0,2.2,,,Trametes versicolor,"St. Johns, Portland, OR, US",1,84QVJ78F+
6ff1b1ed-94e7-4ba2-a130-4d403c207d54,338609113,2026-02-14 12:03:36-08:00,2026-02-14,-122.7235092331,45.6183196069,15.0,,1.1,8.9,2.0,2.2,,,Trametes versicolor,"Marine Drive Trail, Portland, OR, US",2,84QVJ79G+
bfbca847-7ef2-4fc2-ab1c-00272bb10ed5,338607109,2026-02-14 11:46:59-08:00,2026-02-14,-122.5874478677,45.4959349982,73.0,,2.8,8.9,2.8,7.6,,1018.6,Trametes versicolor,"SE 74th Ave, Portland, OR, US",2,84QVFCW7+
fae74bfc-593f-47d3-953f-39c032adcd3f,338566815,2026-01-11 16:25:27-08:00,2026-01-11,-122.6344029042,45.5601549338,67.0,,5.6,11.1,0.3,12.6,,1029.1,Trametes versicolor,"NE Sumner St, Portland, OR, US",1,84QVH968+
64ceb3b6-9bf2-4766-86ce-9e324baf3ff8,338507268,2026-02-13 14:39:15-08:00,2026-02-13,-122.8305635601,45.4281022547,79.0,,4.4,8.9,,3.0,,,Trametes versicolor,"Neighbors Southwest, Beaverton, OR, USA",1,84QVC5H9+
2296046b-851f-4f7b-8025-ae1e572e2a91,338442072,2026-02-12 11:50:00-08:00,2026-02-12,-122.69767,45.53123,46.0,,1.7,12.8,0.0,2.5,,1024.9,Trametes versicolor,"Legacy Good Samaritan Medical Center, Portland, OR, US",3,84QVG8J2+
db68d0a4-d3f4-42a7-b632-8218340ab14e,338441876,2026-02-12 11:50:25-08:00,2026-02-12,-122.6979966667,45.5311883333,37.0,,1.7,12.8,0.0,2.5,,1024.9,Trametes versicolor,"Legacy Good Samaritan Medical Center, Portland, OR, US",4,84QVG8J2+
13fbb428-abc1-4d64-8623-acfa8bfc34af,338388520,2026-02-12 12:25:53-08:00,2026-02-12,-122.588663112,45.3403258874,124.0,,,,,2.7,,,Trametes versicolor,"Hilda St, Oregon City, OR, US",2,84QV8CR6+
a4decbeb-b849-4e5c-9c4f-d2606a16011f,338225844,2026-02-11 10:18:59-08:00,2026-02-11,-122.5341320997,45.4740528,94.0,,0.6,14.4,0.0,5.4,,1023.2,Trametes versicolor,"12300 Block SE Foster, Portland, OR 97236, USA",1,84QVFFF8+
8b749ffd-af24-4fae-b156-68ec31e24458,337967740,2012-12-13 11:46:00-08:00,2012-12-13,-121.4148,45.8443,277.0,,-2.2,1.7,0.0,1.6,,1016.2,Trametes versicolor,"Klickitat County, WA, USA",2,84QWRHVP+
125c0640-a4eb-42f8-9e7d-635e8c1b68fd,337967039,2008-09-11,2008-09-11,-121.5159,45.8105,322.0,,7.2,31.1,0.0,5.2,,1015.6,Trametes versicolor,"Klickitat County, WA, USA",2,84QWRF6M+
6e60043f-3ebd-49aa-9a49-d8e4d9068b49,337701378,2026-02-05 13:38:21-08:00,2026-02-05,-122.8414393997,45.4965528,68.0,,0.0,15.0,0.0,5.0,,1019.7,Trametes versicolor,"Cooper Mountain - Aloha North, Beaverton, OR, USA",1,84QVF5W5+
aaf12009-0e62-42f0-ad68-42c63b1eb613,337699810,2026-02-07 10:28:43-08:00,2026-02-07,-122.5420666667,45.4324527778,100.0,,6.0,7.0,3.4,18.2,,1021.4,Trametes versicolor,"SE Sunnyside & 117th, Sunnyside, OR 97015, USA",2,84QVCFJ5+
69ac0b8c-aed4-4d85-b301-7c7e89f26e70,337568152,2019-01-03 23:23:40-08:00,2019-01-03,-122.8473883333,45.5006366667,72.0,,3.9,11.7,,16.7,,1014.5,Trametes versicolor,"Beaverton, OR, US",1,84QVG523+
4faedd79-aedd-42eb-9dc3-549acc35ce8e,337452019,2026-02-05 09:45:49-08:00,2026-02-05,-122.6182796797,45.373030988,10.0,,-1.0,16.0,0.0,4.5,,1019.3,Trametes versicolor,"Buck St, West Linn, OR, US",1,84QV99FJ+
80359191-8f94-43df-87eb-5a70a3693ed0,337450233,2026-02-04 14:44:28-08:00,2026-02-04,-122.6297535583,45.4817415211,39.0,,5.0,14.4,0.0,10.1,,1025.6,Trametes versicolor,"Reed Lake, Portland, OR, US",1,84QVF9JC+
ddfc9b74-64e0-481e-b391-cdfd8b2ecc1b,337366030,2026-02-04 13:57:00-08:00,2026-02-04,-122.6367333333,45.4804466667,27.0,,5.0,14.4,0.0,10.1,,1025.6,Trametes versicolor,"Portland, OR, US",1,84QVF9J7+
b2e5316f-f602-4040-9d66-0f540776780b,337341255,2026-01-31 14:18:41-08:00,2026-01-31,-122.6907710481,45.4033919626,133.0,,4.0,12.0,0.0,2.4,,1020.8,Trametes versicolor,"Greentree Cir, Lake Oswego, OR, US",1,84QVC835+
3783e0d6-61d5-4dab-af01-2479a4e51729,337275580,2026-02-03 16:12:00-08:00,2026-02-03,-122.6460421245,45.58421057,10.0,,3.3,13.3,0.0,7.6,,1027.8,Trametes versicolor,"Northeast Portland, Portland, OR, USA",1,84QVH9M3+
95ff88c8-779c-4349-a7c8-b5c169caac28,337253143,2026-02-03 14:01:41-08:00,2026-02-03,-122.9618983284,45.2998292443,53.0,,2.0,12.0,0.0,2.7,,1027.6,Trametes versicolor,"E First St, Newberg, OR, US",1,84QV72XQ+
cc12b518-35ec-4ed7-af42-a3efd12918c6,337142375,2026-02-02 14:50:46-08:00,2026-02-02,-122.711145,45.4320916667,187.0,,6.1,11.1,0.3,11.5,,1026.6,Trametes versicolor,"Preakness Ct, Lake Oswego, OR, US",2,84QVC7JQ+
b6891418-9a4b-4c1a-a683-cc4b144ce18d,337128772,2026-02-02 12:47:53-08:00,2026-02-02,-122.6592716667,45.6263616667,26.0,,5.0,11.0,0.0,6.9,,1026.9,Trametes versicolor,"Vancouver, WA, US",1,84QVJ8GR+
64e83e7d-5ea2-4d0b-8bfc-c897b2d65e75,337101760,2026-02-01 16:57:56-08:00,2026-02-01,-122.666065,45.7102739722,14.0,,7.0,14.0,0.7,7.4,,1021.5,Trametes versicolor,"Salmon Creek, WA, USA",1,84QVP86M+
f6e9911e-56e9-4ff6-bc01-6c185384b379,336474447,2026-01-27 10:47:06-08:00,2026-01-27,-122.6775555556,45.4392555556,81.0,,-1.1,7.8,0.0,11.5,,1021.4,Trametes versicolor,"Forest Highlands, Portland, OR, USA",1,84QVC8QC+
b8e58771-72fe-4bfd-9fc9-9675e47954d4,336403526,2026-01-27 14:28:26-08:00,2026-01-27,-122.8468397997,45.5003059,72.0,,-2.0,8.0,0.0,4.5,,1021.0,Trametes versicolor,"Cooper Mountain - Aloha North, Beaverton, OR, USA",1,84QVG523+
44cbc8b8-0007-4a54-982d-f69d3c53a500,336371696,2026-01-25 13:49:53-08:00,2026-01-25,-122.5535409898,45.4824125369,66.0,,-5.6,7.8,0.0,9.0,,1023.2,Trametes versicolor,"SE Harold & 104th, Portland, OR 97266, USA",1,84QVFCJW+
16e8f34d-4863-4716-96f5-86ef3f232a61,336309078,2026-01-26 15:24:21-08:00,2026-01-26,-122.8413966678,45.4981739733,70.0,,-3.0,8.0,0.0,2.1,,1023.3,Trametes versicolor,"Big Fir Trail, Beaverton, OR, US",1,84QVF5X5+
c91255fa-538a-400a-84dd-3afc69b45da8,336308966,2026-01-26 16:10:00-08:00,2026-01-26,-122.7534586997,45.5662884997,119.0,,-2.0,8.0,0.2,3.1,,1024.3,Trametes versicolor,"Linnton, Portland, OR, USA",1,84QVH68W+
0d70a9bb-e5d6-44a0-a1bd-f04c4b7e82a2,336137349,2026-01-25 12:26:40-08:00,2026-01-25,-122.4780934677,45.5072985282,80.0,,-2.9,6.0,0.0,26.3,,1022.6,Trametes versicolor,"SE 182nd & Lincoln, Gresham, OR 97233, USA",1,84QVGG4C+
c182ddd2-7cfd-4932-a32e-de40227e9a47,336042486,2026-01-03 12:57:09-08:00,2026-01-03,-122.7447966667,45.583795,47.0,,6.0,8.0,0.9,9.8,,999.8,Trametes versicolor,"N Willamette Blvd, Portland, OR, US",2,84QVH7M4+
5a5bf996-36a7-41da-8207-a9d617930402,335800386,2026-01-22 15:15:40-08:00,2026-01-22,-122.6292567428,45.3586878317,170.0,,-4.0,6.0,0.2,4.9,,1022.7,Trametes versicolor,"Oregon, US",2,84QV995C+
dfacb489-8634-4a33-bed0-763c2ae4d98c,335790722,2026-01-22,2026-01-22,-122.5804337152,45.4098617657,48.0,,-3.9,5.6,0.0,8.3,,1023.3,Trametes versicolor,"Oregon, US",2,84QVCC59+
303627b3-0b0b-41ee-9cf1-d10fb0bf0b0c,335772358,2026-01-17 08:27:28-08:00,2026-01-17,-122.4396838856,45.529354136,63.0,,4.0,7.0,0.0,42.6,,1025.6,Trametes versicolor,"NE Glisan St, Fairview, OR, US",1,84QVGHH6+
c3723409-5ab9-42c5-8ee5-77a5f1ec3dc0,335717301,2026-01-11 12:24:00-08:00,2026-01-11,-122.9314888889,45.1144944444,56.0,,3.0,11.0,0.2,1.5,,1028.6,Trametes versicolor,"Marion County, OR, USA",1,84QV4379+
0d6d2e3a-8394-4cab-9d4c-57df99075084,335637762,2026-01-18 14:13:44-08:00,2026-01-18,-122.7665416667,45.581105,63.0,,-3.0,8.0,0.0,3.3,,1027.0,Trametes versicolor,"NW Bridge Ave, Portland, OR, US",2,84QVH6JM+
261f2478-b9a3-4626-af16-66bff7012073,335560873,2025-12-19 09:32:15-08:00,2025-12-19,-122.8462883333,45.5014116667,72.0,,2.0,7.2,0.5,6.9,,1010.9,Trametes versicolor,"Beaverton, OR, US",1,84QVG523+
59945c1b-2f12-45cc-81a1-8f7c07d78eb6,335514084,2026-01-20 11:54:20-08:00,2026-01-20,-122.6968616667,45.553995,9.0,,-5.0,8.0,0.0,5.4,,1024.4,Trametes versicolor,"N Port Center Way, Portland, OR, US",2,84QVH833+
820add66-c86e-4c98-8e83-7eb4684a2e54,335419683,2026-01-19 15:50:10-08:00,2026-01-19,-122.8379583333,45.4985883333,56.0,,-3.0,11.0,0.0,8.1,,1025.8,Trametes versicolor,"Beaverton, OR, US",1,84QVF5X6+
01a78ce9-c923-4f09-a8cb-1d7541a0ee74,335316255,2026-01-18 15:05:41-08:00,2026-01-18,-122.7302111358,45.5269484923,164.0,,-3.0,8.0,0.0,3.3,,1027.0,Trametes versicolor,"NW Cornell Rd, Portland, OR, US",1,84QVG7G9+
dffd8909-5314-4e67-aa7b-bcfd33aa952e,335313148,2025-01-16 16:23:00-08:00,2025-01-16,-122.7786530522,45.5360838897,140.0,,0.9,4.4,,4.6,,1025.5,Trametes versicolor,"NW Engleman St, Portland, OR, US",1,84QVG6PC+
34ddb609-1a5f-409c-ae0f-189fb2775227,335298006,2025-12-14 15:24:28-08:00,2025-12-14,-122.866562055,45.4565234174,218.0,,6.0,9.0,4.5,3.4,,1017.5,Trametes versicolor,"SW Santoro Dr, Beaverton, OR, US",1,84QVF44M+
4e4552db-a8ef-4734-9c1a-fdfb56ed9dd5,335175963,2026-01-17 14:57:47-08:00,2026-01-17,-122.648545,45.5680166667,52.0,,1.1,10.6,0.0,16.9,,1025.4,Trametes versicolor,"NE 16th Ave, Portland, OR, US",1,84QVH992+
89822660-8acb-4197-91d1-83f99c287a6a,335152667,2026-01-17 14:54:28-08:00,2026-01-17,-122.7654416667,45.5618583333,227.0,,-2.0,10.0,0.0,6.1,,1026.0,Trametes versicolor,"NW Leif Erikson Dr, Portland, OR, US",1,84QVH66M+
cb919e22-20ec-400b-a66b-f3d12d615b62,335130329,2026-01-17 14:52:50-08:00,2026-01-17,-122.6189873597,45.6852361072,83.0,,-2.0,10.0,0.0,6.1,,1026.0,Trametes versicolor,"NE 51st Ave, Walnut Grove, WA, US",1,84QVM9PJ+
4253319b-c159-45a2-a8d5-f800d33611a2,335126954,2026-01-17 14:38:58-08:00,2026-01-17,-122.8392592818,45.5005533769,62.0,,-2.0,12.0,0.0,6.9,,1025.3,Trametes versicolor,"Cooper Mountain - Aloha North, Beaverton, OR, USA",1,84QVG526+
3811df33-6c87-4059-a557-2317f7217965,334996981,2026-01-16 14:51:41-08:00,2026-01-16,-122.6444854736,45.4340515137,19.0,,1.1,11.1,0.0,14.8,,1027.0,Trametes versicolor,Milwaukie,1,84QVC9M4+
44b55d37-b3eb-450e-9334-f86f894e8c5e,334992524,2026-01-16 12:54:12-08:00,2026-01-16,-122.6419241354,45.498404299,19.0,,1.1,11.1,0.0,14.8,,1027.0,Trametes versicolor,"SE Powell & 24th, Portland, OR 97202, USA",1,84QVF9X5+
080c5aff-1f95-4609-aecd-8adf4b52b845,334950973,2026-01-15 10:49:25-08:00,2026-01-15,-122.7139587222,45.5165748333,245.0,,3.9,13.9,0.0,4.0,,1029.3,Trametes versicolor,"Hoyt Arboretum Visitor Center, Portland, OR 97205, USA",1,84QVG78P+
972ff7e9-5c21-4124-b54b-7696d539bcbe,334736387,2026-01-13 13:43:16-08:00,2026-01-13,-122.6807968,45.4411587005,60.0,,-0.6,10.6,0.0,1.8,,1030.2,Trametes versicolor,"Tryon Creek State Natural Area, Portland, OR, US",2,84QVC8R9+
7c0f7df2-e4c8-4979-b5fc-012bdbc0df3e,334576453,2026-01-12 11:06:55-08:00,2026-01-12,-122.69362,45.5871716667,22.0,,1.1,12.0,0.0,5.4,,1029.7,Trametes versicolor,"N Wilbur Ave, Portland, OR, US",1,84QVH8P4+
da7acc75-3e1d-4767-9f33-462fc346c656,334423802,2026-01-11 15:49:58-08:00,2026-01-11,-122.804107666,45.4320678711,58.0,,3.0,11.0,0.0,1.1,,1028.5,Trametes versicolor,Tigard,1,84QVC5JW+
60bba4a4-37a6-4e3e-a4f0-3c6c6991ec3b,334098467,2026-01-05 09:38:40-08:00,2026-01-05,-122.99108,44.9129116667,66.0,,0.0,6.7,0.0,4.3,,1014.0,Trametes versicolor,"Cascades Gateway Park, Salem, OR, US",1,84PVW275+
087cb139-7b52-456d-98ad-ce90be7fe292,334017056,2026-01-08 10:55:42-08:00,2026-01-08,-122.6394305556,45.4928361111,29.0,,2.2,8.3,0.5,12.6,,1025.6,Trametes versicolor,"SE Gladstone & 26th, Portland, OR 97202, USA",2,84QVF9V6+
18c80933-8cd7-4d41-95bc-39b51a59d89b,334012851,2026-01-08 13:29:12-08:00,2026-01-08,-122.4599603497,45.4885880867,89.0,,3.0,8.0,1.9,11.4,,1025.6,Trametes versicolor,"Springwater Corridor, Gresham, OR, US",1,84QVFGQR+
0a968732-1b18-45b2-913e-01fb78a99cf7,333321513,2026-01-03 10:17:29-08:00,2026-01-03,-122.6366389592,45.4804160026,27.0,,5.6,8.3,6.1,18.4,,999.2,Trametes versicolor,"Portland, OR, US",1,84QVF9J7+
a96df073-36a9-4440-826a-5a18e050b49a,333079340,2026-01-01 16:09:42-08:00,2026-01-01,-122.7117694444,45.4312861111,187.0,,2.2,5.0,9.7,10.4,,1010.2,Trametes versicolor,"McNary & Churchill Downs, Lake Oswego, OR 97035, USA",1,84QVC7JQ+
efde793f-9b1a-43de-9117-4fa4f74253af,332902685,2025-12-31 10:40:48-08:00,2025-12-31,-122.555039261,45.5728037417,9.0,,0.0,8.0,0.0,8.0,,1018.1,Trametes versicolor,"NE Cascades Pkwy, Portland, OR, US",1,84QVHCFV+
bfaff9fa-8133-4313-bbf0-3ed04598ff59,332688431,2025-12-29 14:14:29-08:00,2025-12-29,-122.6721555556,45.4403,93.0,,0.0,7.0,0.0,7.8,,1032.0,Trametes versicolor,"S Terwilliger & Northgate Ave, Portland, OR 97219, USA",1,84QVC8RH+
f261d633-2657-4306-a121-da5cf75cbf01,332636315,2025-12-29 12:47:23-08:00,2025-12-29,-122.8406383207,45.4973568683,68.0,,-1.0,7.0,0.0,3.7,,1031.6,Trametes versicolor,"Beaverton, OR, US",2,84QVF5W5+
a65fe424-bf26-4e01-99e2-3b337f8cf2d6,332512376,2025-12-28 15:30:35-08:00,2025-12-28,-122.8342426311,45.4280557209,84.0,,-1.0,7.0,0.0,5.2,,1035.1,Trametes versicolor,"SW Mallard Dr, Beaverton, OR, US",1,84QVC5H8+
5b81166f-bd4d-4a55-8921-778211fd9835,332380870,2025-12-27 17:04:01-08:00,2025-12-27,-122.756583174,45.528360615,316.0,,2.0,7.0,0.0,1.5,,1026.8,Trametes versicolor,"NW Skyline Blvd, Portland, OR, US",1,84QVG6HV+
9b97c78b-30e8-4fec-9647-98325cef6f84,332363061,2025-12-27 15:13:45-08:00,2025-12-27,-122.8084679717,45.3442490181,56.0,,3.0,8.0,0.3,3.9,,1026.7,Trametes versicolor,"Oregon, US",1,84QV85VR+
093934c7-a049-4f2c-ad40-f4a1e7efb852,332089110,2025-12-12 15:40:57-08:00,2025-12-12,-122.5394283333,45.48267,68.0,,11.0,14.0,0.0,5.9,,1021.7,Trametes versicolor,"SE Harold St, Portland, OR, US",2,84QVFFM6+
bc0d741a-37ca-48ef-b719-2d2d9e391966,332081714,2025-12-25 15:10:07-08:00,2025-12-25,-122.4890447905,45.4320440387,105.0,,6.0,9.0,0.3,25.9,,1001.7,Trametes versicolor,"Rock Creek, Happy Valley, OR, USA",2,84QVCGJ6+
a2e9fcf6-fdde-4425-b782-1bf1b4e6d001,331995571,2025-12-24 15:04:41-08:00,2025-12-24,-122.5366283333,45.4391216667,127.0,,5.0,11.0,0.1,19.2,,998.8,Trametes versicolor,"SE Adoline Ave, Happy Valley, OR, US",1,84QVCFQ7+
396db0b3-a740-483c-9a5e-a87460d6d42d,331991716,2025-12-24 14:05:12-08:00,2025-12-24,-122.6511716667,45.3746216667,212.0,,4.0,11.0,0.5,11.5,,998.6,Trametes versicolor,"Clackamas County, US-OR, US",1,84QV98FX+
82aeb2c8-1ef5-46cf-9f36-1524c661bac1,331805706,2025-12-16 11:48:45-08:00,2025-12-16,-122.5067666667,45.6468716667,77.0,,11.0,16.0,1.3,13.4,,1012.4,Trametes versicolor,"NE 35th St, Vancouver, WA, US",1,84QVJFWV+
b61790a6-3ac4-4ee9-95a2-878364818c7e,331631019,2025-12-21 12:03:58-08:00,2025-12-21,-122.339675,45.76087,330.0,,5.0,7.8,0.5,7.0,,1007.3,Trametes versicolor,"L1300, Yacolt, WA, US",1,84QVQM66+
eabb880d-0204-4e9b-b214-e34adda0db84,331605332,2025-12-20 15:31:42-08:00,2025-12-20,-122.4209283333,45.83657,187.0,,7.0,10.6,3.8,7.1,,1015.8,Trametes versicolor,"Yacolt, WA, US",1,84QVRHPH+
aa4056ec-c8b5-4e7f-ae31-4c901beae8eb,331578627,2025-12-20 15:25:10-08:00,2025-12-20,-122.6314466667,45.50748,47.0,,6.7,10.0,0.0,12.3,,1016.6,Trametes versicolor,"SE 32nd Pl, Portland, OR, US",2,84QVG949+
7cb51526-c7c1-4c11-aa31-69dafeac61a2,331503484,2025-12-20 15:09:22-08:00,2025-12-20,-122.626611435,45.4818865227,34.0,,6.7,10.0,0.0,12.3,,1016.6,Trametes versicolor,"Reed College, Portland, OR, US",1,84QVF9JF+
d840489e-640d-4b25-ad76-02590cfc12d5,331377271,2025-04-11 16:13:36-07:00,2025-04-11,-122.6534583333,45.53037,48.0,,8.3,16.7,0.0,12.6,,1025.3,Trametes versicolor,"NE Holladay St, Portland, OR, US",2,84QVG8JW+
99cb3565-468c-4ea6-9d1d-a14218af0f9c,331377253,2025-04-11 16:13:19-07:00,2025-04-11,-122.6532966667,45.530225,48.0,,8.3,16.7,0.0,12.6,,1025.3,Trametes versicolor,"NE Holladay St, Portland, OR, US",3,84QVG8JW+
b17f556a-4727-4814-bca5-b012578c5840,331129368,2025-12-17 13:55:19-08:00,2025-12-17,-122.5519342074,45.788422919,90.0,,7.0,14.0,2.1,15.0,,1017.0,Trametes versicolor,United States,1,84QVQCQX+
5b4799ab-54cb-4fae-90c1-66e36df57b97,331049258,2025-12-14 10:43:52-08:00,2025-12-14,-122.8399416667,45.5002866667,74.0,,6.0,9.0,4.5,3.4,,1017.5,Trametes versicolor,"Tualatin Hills Nature Park, Beaverton, OR, US",1,84QVG526+
be4a13f3-11c2-4710-8c70-559e15070076,331049247,2025-12-14 10:43:31-08:00,2025-12-14,-122.84005,45.5002033333,74.0,,6.0,9.0,4.5,3.4,,1017.5,Trametes versicolor,"Tualatin Hills Nature Park, Beaverton, OR, US",2,84QVG525+
8bddf663-bbde-4363-bac7-276f55bbab64,331008614,2025-12-16 11:12:32-08:00,2025-12-16,-122.4461463466,45.5315591151,58.0,,11.0,16.0,2.0,11.2,,1012.5,Trametes versicolor,"NE Halsey & Fairview Parkway, Fairview, OR 97024, USA",1,84QVGHJ3+
97ee003d-d765-4cb0-9001-166e627a2d68,330771525,2025-12-14 11:45:01-08:00,2025-12-14,-122.5146116667,45.478725,73.0,,5.0,11.0,1.1,4.0,,1017.8,Trametes versicolor,"SE 145th Ave, Portland, OR, US",1,84QVFFHP+
53cde803-a488-4743-a32e-0634df0251b8,330641234,2025-12-13 14:32:35-08:00,2025-12-13,-122.5709451,45.5361588997,77.0,,7.0,13.0,0.0,5.7,,1017.0,Trametes versicolor,"NE 92nd & Schuyler, Portland, OR 97220, USA",2,84QVGCPH+
21fab87c-2553-4aa4-b0a8-492ef3b13faf,330639257,2025-12-13 14:32:54-08:00,2025-12-13,-122.6634616667,45.6272883333,31.0,,6.0,13.0,0.0,4.1,,1017.5,Trametes versicolor,"Fort Vancouver National Historic Site, Vancouver, WA, US",2,84QVJ8GP+
991dae6a-df7b-4b3b-889c-2656f4fd1fc1,330638929,2025-12-13 11:25:46-08:00,2025-12-13,-122.8465111111,45.5012916667,72.0,,7.0,11.0,0.0,4.3,,1016.8,Trametes versicolor,"Cooper Mountain - Aloha North, Beaverton, OR, USA",1,84QVG523+
0b65805e-a655-49c8-8e88-21ed41792204,330638866,2025-12-13 11:24:21-08:00,2025-12-13,-122.8460944444,45.5014861111,72.0,,7.0,11.0,0.0,4.3,,1016.8,Trametes versicolor,"Cooper Mountain - Aloha North, Beaverton, OR, USA",1,84QVG523+
a2c53f2d-2f54-49a8-b28a-2ae5c22626b9,330619570,2025-12-13 11:46:51-08:00,2025-12-13,-122.7787333333,45.3589166667,86.0,,6.0,9.0,0.0,3.3,,1017.4,Trametes versicolor,"Tualatin, OR, USA",1,84QV965C+
bd5d7d05-3698-445a-bfdc-65e8f97dc230,330537401,2025-12-12 09:56:17-08:00,2025-12-12,-122.4729916667,45.4999383333,93.0,,9.0,16.0,0.0,2.2,,1021.5,Trametes versicolor,"SE Tibbetts Ct, Gresham, OR, US",2,84QVFGXG+
570e2af6-ddea-448b-ac12-752f52dfdb79,330498987,2025-12-12 11:27:53-08:00,2025-12-12,-122.499499,45.4188264,89.0,,9.0,16.0,0.0,2.2,,1021.5,Trametes versicolor,"Happy Valley, OR 97015, USA",1,84QVCG92+
10a19a64-bac4-4dbd-96ec-6f6feb406528,330423790,2025-12-11 13:46:48-08:00,2025-12-11,-122.8472583333,45.2053,59.0,,11.0,16.0,0.0,17.3,,1022.7,Trametes versicolor,"Butteville Rd NE, Hubbard, OR, US",2,84QV6543+
35fa9b67-cf7a-4abd-98e1-72c1ca893fc9,329939296,2025-12-07 16:48:06-08:00,2025-12-07,-122.4711089954,45.5302288162,73.0,,7.0,15.0,3.3,9.4,,1020.2,Trametes versicolor,"North Gresham, Gresham, OR, USA",1,84QVGGJH+
d06cf64a-30c2-48c2-a873-f2b0c30bece4,329895017,2025-12-07 14:08:21-08:00,2025-12-07,-122.7282377068,45.5721675625,51.0,,8.0,14.0,0.9,8.6,,1020.5,Trametes versicolor,"N Willamette Blvd, Portland, OR, US",1,84QVH7CC+
1399f7cc-6855-48e7-a994-4ac970701d78,329518367,2024-01-04 13:02:50-08:00,2024-01-04,-122.8393783333,45.4977383333,56.0,,2.2,8.9,,6.3,,1022.7,Trametes versicolor,"SW Millikan Way, Beaverton, OR, US",2,84QVF5X6+
89f54530-28a3-43b4-b055-e13a35286f95,329403718,2025-11-20 15:20:07-08:00,2025-11-20,-122.7478109579,45.4203364765,57.0,,3.0,13.0,0.2,2.6,,1018.7,Trametes versicolor,"13900 Block SW 72nd, Tigard, OR 97223, USA",1,84QVC7C2+
110ae874-ebd5-4606-a57d-ad7c44b9d415,329376550,2025-12-03 13:42:31-08:00,2025-12-03,-122.8120294171,45.5113570858,54.0,,3.0,8.0,0.0,2.5,,1027.4,Trametes versicolor,"Beaverton, OR, US",1,84QVG56Q+
f89a12dd-87cf-4cc2-bcd0-aad205a9850c,329290094,2025-12-01 15:37:45-08:00,2025-12-01,-122.4325029,45.4966353,92.0,,2.0,8.0,0.0,4.0,,1024.7,Trametes versicolor,"W Powell & SW Walters, Gresham, OR 97030, USA",1,84QVFHW8+
7a821822-5d3f-4635-8c02-75da6bada919,329148802,2025-12-01 09:40:21-08:00,2025-12-01,-122.731095,45.5281833333,164.0,,-1.0,8.0,0.0,1.8,,1025.4,Trametes versicolor,"NW Cornell Rd, Portland, OR, US",1,84QVG7H9+
5f76b558-667c-44fe-86ce-6f002bbee41b,328968318,2025-11-30 12:26:54-08:00,2025-11-30,-122.8190630997,45.4612291997,135.0,,-1.0,10.0,0.0,5.5,,1024.5,Trametes versicolor,"South Beaverton, Beaverton, OR 97008, USA",1,84QVF56J+
e3f4d345-b049-4109-b564-53c882fadc60,328804196,2025-11-29 12:06:56-08:00,2025-11-29,-122.837307125,45.3884308974,45.0,,4.0,10.0,0.2,4.8,,1020.5,Trametes versicolor,"Main Trail, Sherwood, OR, US",1,84QV95Q7+
6ce4b41d-9611-48e5-8ead-2409aa1b46b6,328562275,2025-11-27 13:31:27-08:00,2025-11-27,-122.7336924998,45.3973255896,48.0,,8.0,14.0,3.8,16.7,,1016.5,Trametes versicolor,"Oregon, US",1,84QV97W8+
df67f014-e8a7-4e05-a71e-6cccb9d18582,328146318,2025-11-24 13:35:56-08:00,2025-11-24,-122.693055,45.5039166667,119.0,,5.0,10.0,0.6,4.7,,1028.2,Trametes versicolor,"Portland, OR, US",1,84QVG834+
1d5ad40e-c710-4681-a5ca-89df404bb3b2,328112387,2025-11-23 11:33:59-08:00,2025-11-23,-122.7626937293,45.650460697,3.0,,3.0,9.0,0.6,5.5,,1020.7,Trametes versicolor,"N Marine Dr, Portland, OR, US",1,84QVM62P+
7d246300-7f3a-406f-a3dd-16a57d4a4822,328112369,2025-11-23 11:34:23-08:00,2025-11-23,-122.7626937293,45.650460697,3.0,,3.0,9.0,0.6,5.5,,1020.7,Trametes versicolor,"N Marine Dr, Portland, OR, US",1,84QVM62P+
2273ed69-8387-4927-8bcf-f2d0ff23b122,327771041,2025-11-20 14:58:16-08:00,2025-11-20,-122.6807116667,45.4415333333,60.0,,6.0,13.0,1.4,10.2,,1018.7,Trametes versicolor,"SW Terwilliger Blvd, Portland, OR, US",1,84QVC8R9+
d981013f-c3f6-4c27-9423-20b8576d47c7,327582307,2025-11-21 15:49:49-08:00,2025-11-21,-122.5937710952,45.5080433813,92.0,,3.0,10.0,0.0,3.1,,1024.6,Trametes versicolor,"SE Reservoir Loop Dr, Portland, OR, US",1,84QVGC54+
0e96ae59-b220-4913-bcc0-d2022d1fecd7,327513592,2025-11-20 16:31:16-08:00,2025-11-20,-122.6636815091,45.4669294743,14.0,,6.0,13.0,1.4,10.2,,1018.7,Trametes versicolor,"Portland, OR, US",1,84QVF88P+
4f0d3622-4405-47d0-a491-ee0b87bedb28,327435866,2025-11-20 15:20:07-08:00,2025-11-20,-122.7478103638,45.420337677,57.0,,3.0,13.0,0.2,2.6,,1018.7,Trametes versicolor,Tigard,1,84QVC7C2+
745967f0-9e45-4320-b0b8-19c9c012ff34,326903044,2025-11-14 10:27:00-08:00,2025-11-14,-122.5892602952,45.4069139509,38.0,,11.0,16.0,3.3,14.7,,1012.4,Trametes versicolor,"Oregon, US",1,84QVCC46+
7289148d-ce31-460a-9147-5d44ff6ac353,326872998,2025-11-16 14:20:58-08:00,2025-11-16,-122.8406833333,45.4973366667,68.0,,7.0,12.0,1.1,4.6,,1002.6,Trametes versicolor,"Tualatin Hills Nature Park, Beaverton, OR, US",1,84QVF5W5+
bb9061e2-927d-44e5-99f7-d8da423ede84,326676791,2025-11-15 12:52:28-08:00,2025-11-15,-122.5635216667,45.5755383333,8.0,,11.0,16.0,0.1,10.5,,1013.2,Trametes versicolor,"NE Cascades Pkwy, Portland, OR, US",1,84QVHCGP+
ef51d3d5-d45c-4661-93e2-b67375837f07,326520476,2025-11-14 13:08:21-08:00,2025-11-14,-122.7480514348,45.5856218966,50.0,,11.0,15.0,0.2,7.9,,1013.0,Trametes versicolor,"Multnomah County, US-OR, US",1,84QVH7P2+
bded1570-a16e-4899-a92c-b6f784e1b3b4,326512996,2025-11-14 11:49:20-08:00,2025-11-14,-122.62777,45.539145,50.0,,11.0,16.0,3.3,14.7,,1012.4,Trametes versicolor,"NE 36th Ave, Portland, OR, US",1,84QVG9QC+
aaf60b34-5762-451c-95e5-a4a5e31014c3,326257948,2025-11-12 14:36:16-08:00,2025-11-12,-122.6792359759,45.4405032332,60.0,,8.0,16.0,0.5,8.1,,1010.4,Trametes versicolor,"SW Terwilliger Blvd, Portland, OR, US",1,84QVC8RC+
ae7b4b25-f07b-451d-abf9-faf0cd3f3717,326229280,2025-11-12 12:05:59-08:00,2025-11-12,-122.6264929145,45.3814558594,48.0,,8.0,13.0,0.6,3.5,,1010.8,Trametes versicolor,"West Linn, OR, USA",1,84QV99JF+
42a2f4b4-a904-4b4f-a7aa-2a0821879a0b,326107646,2025-11-11 15:13:16-08:00,2025-11-11,-122.8400033333,45.5003133333,74.0,,6.0,14.0,0.0,2.5,,1019.1,Trametes versicolor,"Tualatin Hills Nature Park, Beaverton, OR, US",1,84QVG525+
5f02ff1c-9905-42c1-9635-ad269172e7c6,325999354,2025-11-10 14:23:01-08:00,2025-11-10,-122.731149,45.5281799722,164.0,,8.0,13.0,0.0,4.0,,1024.9,Trametes versicolor,"Portland, OR 97210, USA",1,84QVG7H9+
3ee8be33-ea41-4b64-8591-b7c811542a7b,325459315,2025-11-07 14:20:38-08:00,2025-11-07,-122.6855388889,45.4693472222,106.0,,9.0,14.0,0.0,6.7,,1022.8,Trametes versicolor,"SW Barbur & Terwilliger, Portland, OR 97219, USA",1,84QVF897+
5d4efae4-12cb-4514-8bd4-0ef7f6a97dbe,325224748,2025-11-06 10:22:53-08:00,2025-11-06,-122.5486263448,45.4279153934,157.0,,9.0,17.0,5.7,9.1,,1014.1,Trametes versicolor,"Happy Valley, OR, US",1,84QVCFH2+
eb11230d-d7ff-47d4-81df-bcd7337bb220,324935624,2025-11-04 13:45:22-08:00,2025-11-04,-122.657866072,45.7458534063,90.0,,8.0,13.0,0.3,9.7,,1011.6,Trametes versicolor,"NE 14th Ave, Ridgefield, WA, US",2,84QVP8WR+
7fa0d768-cfdd-4c01-a959-105d8e3c2bff,324114788,2025-10-30 22:37:26-07:00,2025-10-30,-122.6566932782,45.3021466499,68.0,,3.0,14.0,0.0,5.5,,1020.7,Trametes versicolor,"Oregon, US",1,84QV882V+
4c0d83ea-db4a-4e02-8772-0828f526422e,324114675,2025-10-30 22:33:49-07:00,2025-10-30,-122.7743821708,45.2374202175,58.0,,3.0,14.0,0.0,5.5,,1020.7,Trametes versicolor,"Oregon, US",1,84QV66PG+
5a8a6bcd-f724-4dd9-bcdc-1c5e46bcb21e,324045663,2025-10-30 13:10:58-07:00,2025-10-30,-122.9789602,44.953797,63.0,,1.1,15.0,0.0,8.0,,1020.3,Trametes versicolor,"Sunnyview @ El Rancho, Salem, OR 97305, USA",1,84PVX23C+
7ab91e3b-1e9d-4c0d-8b55-d41683ec8697,323377516,2025-10-26 09:01:22-07:00,2025-10-26,-122.6494404997,45.7267758997,70.0,,7.0,11.0,1.8,6.7,,1014.8,Trametes versicolor,"NE 20th Ave & 144th St, Mt Vista, WA 98686, USA",1,84QVP9G2+
43cffbd6-5f88-4520-942c-0b8f6115f45e,322508795,2025-10-21 14:14:04-07:00,2025-10-21,-122.6757276,45.4357727,68.0,,6.0,18.0,0.0,5.4,,1020.2,Trametes versicolor,"Forest Highlands, Portland, OR, USA",1,84QVC8PF+
d60a1760-dbb1-433e-95c5-ce274f5e2c63,322349254,2025-10-21 16:28:36-07:00,2025-10-21,-122.6750182997,45.4417244526,95.0,,6.0,18.0,0.0,5.4,,1020.2,Trametes versicolor,"Ruth Pennington Trillium Trail, Portland, OR, US",1,84QVC8RF+
75441e31-f7a8-4998-9a12-03e49a8e9892,322140733,2025-10-20 15:57:51-07:00,2025-10-20,-122.7257916667,45.5357133333,202.0,,8.0,17.0,0.0,4.2,,1027.9,Trametes versicolor,"Forest Park Conservancy, Portland, OR, US",1,84QVG7PF+
553b20bb-ad83-408c-bf9f-0d783f2c7e42,321769708,2025-10-18 10:30:48-07:00,2025-10-18,-122.6474227905,44.8501625061,440.0,,2.2,17.8,1.0,5.7,,1017.4,Trametes versicolor,Sublimity,1,84PVV923+
c9f0f9ea-df80-43d7-acf8-1533452c9483,321088145,2025-10-15 11:39:12-07:00,2025-10-15,-122.5123214722,45.7570075989,105.0,,2.0,18.0,0.0,3.0,,1018.9,Trametes versicolor,Battle Ground,1,84QVQF4Q+
933683a5-ca71-4b4a-b505-f24b2afd4225,320783054,2025-10-13 15:57:14-07:00,2025-10-13,-122.5159383333,45.4902633333,113.0,,3.0,16.0,0.0,10.2,,1010.0,Trametes versicolor,"Portland, OR, US",1,84QVFFRM+
4937c703-6bf1-47be-93fe-f12f65fb3a96,318315273,2025-10-02 18:21:50-07:00,2025-10-02,-122.8448104858,45.4999809265,59.0,,9.0,18.0,0.8,3.8,,1017.2,Trametes versicolor,Beaverton,1,84QVF5X4+
ac97452e-2af6-4ec6-8259-cea0c73c2092,314658786,2025-09-17 12:11:27-07:00,2025-09-17,-122.6495216667,45.7415283333,90.0,,13.0,28.0,0.0,10.6,,1018.1,Trametes versicolor,"Whipple Creek Hollow Natural Area, Ridgefield, WA, US",1,84QVP9R2+
af5c55b2-910c-4ce3-96dd-e5262f47e897,314409397,2025-09-16 10:09:16-07:00,2025-09-16,-122.725845,45.61707,12.0,,11.0,32.0,0.0,13.1,,1015.1,Trametes versicolor,"St. Johns, Portland, OR, US",1,84QVJ78F+
164ee9ef-fdcd-47ce-8dde-83999bc4b83b,308487091,2025-08-23 10:44:03-07:00,2025-08-23,-122.7902375402,45.5481657373,166.0,,15.6,38.3,0.0,4.0,,1010.9,Trametes versicolor,"NW Crystal Creek Ln, Portland, OR, US",1,84QVG6X5+
e6a9dc5f-8da7-4f50-b115-56769b533f7b,307862459,2025-08-19 14:36:18-07:00,2025-08-19,-122.3936187997,45.5146591,90.0,,12.8,27.8,0.0,6.2,,1020.0,Trametes versicolor,"Northeast, Gresham, OR, USA",1,84QVGJ74+
ddb9bf29-c96c-4452-8aff-93d9dfe509a1,307857010,2025-08-19 14:50:30-07:00,2025-08-19,-122.3941178997,45.5134416,94.0,,12.8,27.8,0.0,6.2,,1020.0,Trametes versicolor,"Northeast, Gresham, OR, USA",1,84QVGJ74+
9ee03e1e-974b-4771-a0f1-1732d88fb77d,307856878,2025-08-19 15:01:50-07:00,2025-08-19,-122.3942504997,45.5134375,94.0,,12.8,27.8,0.0,6.2,,1020.0,Trametes versicolor,"Northeast, Gresham, OR, USA",1,84QVGJ74+
ff5c8c38-c41b-4dd4-a034-1e799985d23c,307612836,2025-08-19 14:59:13-07:00,2025-08-19,-122.6828613281,45.4794273376,125.0,,15.6,27.8,0.0,10.1,,1020.0,Trametes versicolor,Portland,1,84QVF8H8+
5f33443a-db7e-4cea-9140-92f26aafcd7d,305373382,2023-10-29 16:19:34-07:00,2023-10-29,-122.6357416667,45.4821966667,26.0,,1.1,15.0,0.0,12.2,,1029.9,Trametes versicolor,"Multnomah County, US-OR, US",1,84QVF9J7+
ff77b0fd-bbde-4ccd-807a-b3492e0f1403,304854939,2025-08-08 18:11:11-07:00,2025-08-08,-122.4958648682,45.4963188171,79.0,,11.1,27.2,0.0,3.8,,1021.1,Trametes versicolor,Portland,1,84QVFGW3+
447bca05-99cf-4983-82aa-386c9eacfc48,302625749,2025-07-29 09:37:04-07:00,2025-07-29,-122.4351180571,45.5861670984,197.0,,13.3,33.3,0.0,5.0,,1018.6,Trametes versicolor,"Oregon, US",2,84QVHHP7+
a1c810e0-7e9f-4767-abdd-c84f0b297b38,299706323,2024-03-07 17:10:00-08:00,2024-03-07,-122.5710974997,45.5383858,70.0,,-1.0,11.1,0.0,2.5,,1023.4,Trametes versicolor,"Northeast Portland, Portland, OR, USA",1,84QVGCQH+
ff0d8c13-eef6-4718-a359-4253eed86b0a,298614587,2025-04-17 15:29:56-07:00,2025-04-17,-122.6537527778,45.4806388889,18.0,,6.7,22.2,0.0,10.4,,1018.6,Trametes versicolor,"Sellwood - Moreland, Portland, OR, USA",1,84QVF8JW+
2fc0b8bf-76b5-42e4-a8b8-ac7e56c3c557,298242179,2024-04-11 14:51:51-07:00,2024-04-11,-122.6289833333,45.481975,41.0,,7.2,18.3,0.3,6.5,,1015.7,Trametes versicolor,"Reed, Portland, OR 97202, USA",1,84QVF9JC+
d7b86027-cfbe-4cf0-81ca-650f6a4d6f80,298239901,2024-04-13 12:46:25-07:00,2024-04-13,-122.6294777778,45.4809138889,50.0,,8.3,20.0,0.0,9.4,,1011.1,Trametes versicolor,"Reed, Portland, OR 97202, USA",2,84QVF9JC+
9236993f-16b2-42ec-96b3-d1af3920ed68,294147522,2025-06-12 10:46:12-07:00,2025-06-12,-122.59053,45.4303783333,29.0,,10.6,22.8,0.0,13.0,,1017.4,Trametes versicolor,"Portland, OR, US",1,84QVCCJ5+
30d46b36-3ff7-4155-b9e1-aac17b985da6,293907527,2025-06-29 12:04:13-07:00,2025-06-29,-122.8306666667,45.3831333333,40.0,,13.9,32.8,0.0,13.1,,1017.9,Trametes versicolor,"Main Trail, Sherwood, OR, US",1,84QV95M9+
f41d9da7-adff-4ccd-a76b-7b94fb0580fe,286143987,2025-06-01,2025-06-01,-123.0306577,45.0798182,35.0,,3.9,22.8,0.0,11.8,,1024.2,Trametes versicolor,"Willamette Mission State Park, 10991 Wheatland Rd NE, Keizer, OR 97303, USA",3,84QR3XH9+
f6147abb-cb4d-4374-96d8-96b04d9b9f94,285530378,2025-05-30 14:59:16-07:00,2025-05-30,-122.3945915997,45.5139027,94.0,,8.3,28.9,0.0,3.6,,1020.5,Trametes versicolor,"Visual Arts 9, Gresham, OR 97030, USA",1,84QVGJ74+
b2aad063-e55c-4527-ba2b-33dee39a2150,285485180,2025-05-22 20:32:26-07:00,2025-05-22,-122.6238866667,45.4820966667,54.0,,11.1,18.3,0.3,8.3,,1018.3,Trametes versicolor,"SE Ellis St, Portland, OR, US",1,84QVF9JG+
00ed62c9-0940-40f8-a977-d0afe3ad4706,283272782,2025-05-22 16:54:44-07:00,2025-05-22,-122.8471104,45.500391,72.0,,10.6,18.3,0.3,7.5,,1018.2,Trametes versicolor,"Cooper Mountain - Aloha North, Beaverton, OR, USA",1,84QVG523+
bfe13bd7-678f-4421-9912-e1cd0f6e2ddd,282087956,2025-05-18 08:19:28-07:00,2025-05-18,-122.6402282715,45.5193595886,51.0,,10.0,15.6,0.5,11.5,,1021.4,Trametes versicolor,Portland,2,84QVG995+
e88e9cf8-a7e4-44c9-8404-aad345567c0e,281967922,2025-05-15 15:48:06-07:00,2025-05-15,-122.3945844997,45.5139629,94.0,,10.6,14.4,6.7,2.6,,1021.7,Trametes versicolor,"Visual Arts 9, Gresham, OR 97030, USA",1,84QVGJ74+
d213ecac-a147-41cf-95cc-136acc634bf5,279100007,2025-04-24 19:15:29-07:00,2025-04-24,-122.800283,45.42491,89.0,,3.9,23.3,0.0,6.9,,1012.6,Trametes versicolor,"SW James St, Tigard, OR, US",1,84QVC5FX+
b33ceddf-3530-41eb-b784-3b75111b6241,278615743,2025-04-27 20:03:49-07:00,2025-04-27,-122.6181896031,45.3591750735,91.0,,3.9,15.6,0.0,5.1,,1019.5,Trametes versicolor,"Sunset, West Linn, OR, USA",1,84QV995J+
27592002-5382-4760-b5a3-0ec2fdb640ec,276208506,2025-04-26 17:56:19-07:00,2025-04-26,-122.78177,45.579655,290.0,,9.4,18.3,0.0,9.6,,1013.6,Trametes versicolor,"Wildwood Trail, Portland, OR, US",1,84QVH6H9+
4ddac49c-30a9-45bc-915e-9b14bc5fc622,275372543,2025-04-25 17:43:48-07:00,2025-04-25,-122.3932733,45.5131636997,79.0,,8.3,21.1,0.0,7.6,,1011.0,Trametes versicolor,"Northeast, Gresham, OR, USA",1,84QVGJ74+
a6521c60-6edc-4a96-b4e4-13ff3a89d182,274245610,2025-04-26 12:05:47-07:00,2025-04-26,-122.76445,45.64338,11.0,,9.4,18.3,0.0,9.6,,1013.6,Trametes versicolor,"Kelley Point Park, Portland, OR, US",1,84QVJ6VP+
a30d224e-74c6-4294-a0bb-31d7a82a67ca,274209674,2025-04-26 12:22:00-07:00,2025-04-26,-122.7639083333,45.6459083333,15.0,,9.4,18.3,0.0,9.6,,1013.6,Trametes versicolor,"St. Johns, Portland, OR, USA",1,84QVJ6WP+
8a6088c9-4e92-4e25-b273-1a54fdf5d5f9,274056351,2025-04-26 11:57:08-07:00,2025-04-26,-122.763147,45.6494349722,14.0,,9.4,18.3,0.0,9.6,,1013.6,Trametes versicolor,"J6XP+C2 Picnic Area B, Portland, OR 97203, USA",1,84QVJ6XP+
13968d32-3ca0-4130-969f-1c1541204621,274050227,2025-04-26 11:57:06-07:00,2025-04-26,-122.7631392796,45.6493950728,14.0,,9.4,18.3,0.0,9.6,,1013.6,Trametes versicolor,"J6XP+C2 Picnic Area B, Portland, OR 97203, USA",1,84QVJ6XP+
5e4905d5-addc-4b69-883a-b13bbe31e9a9,273962233,2025-04-25 14:41:21-07:00,2025-04-25,-122.6386722922,45.5767097769,16.0,,10.6,23.9,0.0,9.0,,1010.9,Trametes versicolor,"Sunderland, Portland, OR, USA",1,84QVH9G6+
93be3c0b-9fac-4d9f-992f-68b9a63e4e50,273210907,2025-04-18 10:50:14-07:00,2025-04-18,-122.5944666667,45.48183,74.0,,6.7,26.1,0.0,7.6,,1018.9,Trametes versicolor,"SE Reedway St, Portland, OR, US",1,84QVFCJ4+
8db3e05d-6ade-4cdb-88ec-575181fd8f37,272721096,2025-04-22 14:33:47-07:00,2025-04-22,-122.3938952997,45.5133841997,94.0,,2.2,18.3,0.0,5.7,,1021.4,Trametes versicolor,"Northeast, Gresham, OR, USA",1,84QVGJ74+
cb1ae105-c4d9-4269-aca5-687cf67517d0,272301712,2022-02-05 23:01:00-08:00,2022-02-05,-122.6214904785,45.5609664917,56.0,,1.1,11.7,0.0,4.3,,1034.8,Trametes versicolor,Portland,1,84QVH96H+
55bad767-5e4e-4e42-8a04-d264467ac6af,270278083,2025-03-24 14:08:27-07:00,2025-03-24,-122.8565,45.3551783333,66.0,,12.8,22.2,0.0,8.2,,1022.4,Trametes versicolor,"SW Carlson St, Sherwood, OR, US",2,84QV944V+
6763d3c3-ddb7-4f56-a36c-7e9a6c1850ef,269845026,2025-04-11 11:28:06-07:00,2025-04-11,-122.7256478,45.6168535997,12.0,,8.3,15.0,0.0,9.0,,1025.8,Trametes versicolor,"5300 Block N Marine, Portland, OR 97217, USA",1,84QVJ78F+
5b6fbc6c-b711-4909-a4ae-3b4e0d36e50e,269827978,2025-04-11 11:25:05-07:00,2025-04-11,-122.9344727846,45.4121728252,36.0,,4.0,14.4,0.0,10.2,,1025.4,Trametes versicolor,"SW Patricia Ave, Hillsboro, OR, US",2,84QVC368+
3b47ce2c-acbd-490e-a8b2-04df35fcd9cf,269566116,2025-04-09 17:34:58-07:00,2025-04-09,-122.7336651422,45.4113610626,73.0,,7.8,17.8,0.0,4.0,,1023.5,Trametes versicolor,"SW Inverurie Rd, Lake Oswego, OR, US",3,84QVC768+
aff2146b-3864-453c-a3de-a531315941d1,269563993,2025-04-09 18:34:13-07:00,2025-04-09,-122.800283,45.42491,89.0,,2.8,17.2,0.0,3.8,,1023.3,Trametes versicolor,"SW James St, Tigard, OR, US",1,84QVC5FX+
d50d0ebd-7d3e-4021-9c2f-00cc63719810,269379435,2025-02-07 12:24:23-08:00,2025-02-07,-122.6844866667,45.5103966667,52.0,,0.0,6.7,0.3,9.4,,1020.1,Trametes versicolor,"SW Broadway, Portland, OR, US",1,84QVG868+
0becfde9-c009-472f-bc10-4086b4ba0e31,269379419,2025-02-26 10:31:46-08:00,2025-02-26,-122.6851116667,45.5121416667,57.0,,1.7,16.1,0.0,7.2,,1021.1,Trametes versicolor,"Portland, OR, US",2,84QVG867+
8f60e168-1169-4cd6-b6e7-7f7cb779cd57,269217969,2025-04-07 17:32:02-07:00,2025-04-07,-122.69452,45.46157,155.0,,10.0,16.1,5.3,16.6,,1013.7,Trametes versicolor,"SW Dolph Ct, Portland, OR, US",1,84QVF864+
32491c57-2d2e-4ae3-a27a-404f6633e214,268600067,2025-04-03 19:23:40-07:00,2025-04-03,-122.3937506997,45.5133034997,94.0,,5.6,13.3,0.5,2.3,,1020.8,Trametes versicolor,"Northeast, Gresham, OR, USA",1,84QVGJ74+
53218ee4-4a9f-4f3f-ac17-88dd26299170,268599970,2025-04-03 12:48:05-07:00,2025-04-03,-122.3953731,45.5186593997,94.0,,5.6,13.3,0.5,2.3,,1020.8,Trametes versicolor,"Northeast, Gresham, OR, USA",1,84QVGJ93+
2a3e6088-4979-4127-8d02-a7c126ba5a21,268513858,2025-04-02 16:00:00-07:00,2025-04-02,-122.7563686296,45.5891078425,36.0,,6.1,12.2,,5.4,,1015.8,Trametes versicolor,Cathedral Park,1,84QVH6QV+
8108f7dc-df49-406f-bd6e-e7d3769786dd,268466728,2025-04-03 16:02:36-07:00,2025-04-03,-122.6252235865,45.3589451452,169.0,,5.6,13.9,0.0,4.3,,1021.0,Trametes versicolor,"Oregon, US",1,84QV995F+
ad6470ac-3cea-4923-b113-b2061f4e025c,268320926,2024-06-05 14:31:00-07:00,2024-06-05,-122.7937584336,45.2137698657,55.0,,10.0,23.3,0.0,8.5,,1021.1,Trametes versicolor,"Oregon, US",1,84QV6674+
590566ae-0eb9-444f-9271-72201f9008b5,267506564,2025-03-28 13:57:00-07:00,2025-03-28,-123.0014277778,45.0166583333,41.0,,6.7,12.2,2.3,21.6,,1009.7,Trametes versicolor,"Marion County, OR, USA",1,84QR2X8X+
32710839-9988-4c3f-9633-eea97b490622,267506558,2025-03-28 13:57:00-07:00,2025-03-28,-123.0013972222,45.016675,41.0,,6.7,12.2,2.3,21.6,,1009.7,Trametes versicolor,"Marion County, OR, USA",1,84QR2X8X+
e28f0e91-cf94-4842-a80a-f92baa41bd6a,267263314,2025-03-27 15:25:10-07:00,2025-03-27,-122.5873641968,45.4805755615,76.0,,10.0,15.0,4.3,16.2,,1003.8,Trametes versicolor,Portland,1,84QVFCJ7+
29905b81-0e37-4234-83d9-bc454f077925,267212299,2025-03-26 15:33:00-07:00,2025-03-26,-122.5526501767,45.4213528153,157.0,,12.2,27.8,4.8,7.2,,1005.3,Trametes versicolor,Mount Talbert Nature Park,1,84QVCCCW+
78ebbc23-5da6-41c7-9856-fbed5744f008,266764014,2025-03-23 11:01:41-07:00,2025-03-23,-122.618853,45.5166219722,56.0,,8.9,16.1,1.0,14.0,,1020.6,Trametes versicolor,"SE Belmont & 42nd, Portland, OR 97215, USA",1,84QVG98J+
06bbfa2d-26d3-4853-9cd2-9663121a367a,266465381,2025-03-22 13:49:22-07:00,2025-03-22,-122.7390966667,45.3842666667,47.0,,5.6,12.2,0.0,6.4,,1019.7,Trametes versicolor,"Brown's Ferry Park, Tualatin, OR, US",1,84QV97M6+
9da3915b-7027-4e38-9573-b72062c78d3c,266445933,2025-03-22 14:26:08-07:00,2025-03-22,-122.5694656372,45.6612129211,77.0,,3.9,12.8,,3.5,,1019.9,Trametes versicolor,Vancouver,1,84QVMC6J+
31334af6-8af2-4821-b6e7-e35dea1487d9,266310666,2025-02-21 15:41:29-08:00,2025-02-21,-122.6653338868,45.4563690028,61.0,,3.9,13.3,1.5,9.7,,1021.9,Trametes versicolor,"Oregon, US",1,84QVF84M+
7af06881-d26a-4aec-b6f9-3ef636dbbf69,266161147,2025-03-20 13:38:55-07:00,2025-03-20,-122.6386924947,45.2656428326,81.0,,6.1,9.4,,23.5,,1019.1,Trametes versicolor,"Oregon, US",1,84QV7986+
d99f44b3-3faa-4688-8489-ce189fb17070,265088194,2025-01-13 13:06:58-08:00,2025-01-13,-122.7080847,45.5203918997,163.0,,1.7,5.0,0.0,4.0,,1035.1,Trametes versicolor,"Arlington Heights, Portland, OR, USA",1,84QVG7CR+
6a7215d9-3076-4a2f-bfbc-35fb3d9b794f,265082619,2025-03-12 11:33:01-07:00,2025-03-12,-122.39718,45.5156932,101.0,,6.7,10.6,16.5,13.6,,999.2,Trametes versicolor,"Mt Hood Community College Main Stop, Gresham, OR 97030, USA",1,84QVGJ83+
8598332e-33aa-48f5-9e6c-633d19df2b25,265008349,2024-01-01 11:39:33-08:00,2024-01-01,-122.7519083333,45.50657,220.0,,3.3,9.4,0.0,10.4,,1022.6,Trametes versicolor,"SW Sunset Hwy, West Haven, OR, US",1,84QVG64X+
1a34914b-63be-41b3-a3e7-ea8e12b6bb68,264963628,2025-03-11 11:56:21-07:00,2025-03-11,-122.7059466667,45.5213883333,119.0,,6.1,11.7,0.3,6.8,,1006.7,Trametes versicolor,"Washington Park, Portland, OR, US",1,84QVG7CV+
b1e346d1-5757-4dab-ae38-5f0d2d023dfc,264960871,2025-03-11 10:21:33-07:00,2025-03-11,-122.6173033333,45.3600166667,91.0,,5.0,10.0,0.3,2.1,,1006.9,Trametes versicolor,"Camassia Nature Preserve, West Linn, OR, US",1,84QV996M+
f173b6a5-71a9-43f9-9732-569a89a24526,264033199,2025-03-05 16:10:43-08:00,2025-03-05,-122.7986755371,45.2975845337,57.0,,2.8,13.9,0.0,7.1,,1016.5,Trametes versicolor,Wilsonville,1,84QV76X2+
92ecb456-53c3-4eea-bac0-6b507df22fd5,263934666,2025-03-04 18:05:50-08:00,2025-03-04,-122.7951945272,45.4582540272,48.0,,5.0,12.8,3.2,8.2,,1019.8,Trametes versicolor,"Greenway Park, Beaverton, OR, US",1,84QVF653+
a6ca1db4-da69-4d37-ba3f-9f29f275b9d4,263897445,2025-03-02 13:39:10-08:00,2025-03-02,-122.652546,45.4802640997,18.0,,8.9,12.2,0.0,5.8,,1014.0,Trametes versicolor,"Sellwood - Moreland, Portland, OR, USA",1,84QVF8JW+
71858a0a-e75a-4663-b892-969ccd214244,263167585,2025-02-25 15:13:17-08:00,2025-02-25,-122.6313333333,45.51857,49.0,,4.4,13.3,1.8,16.6,,1021.1,Trametes versicolor,"SE Alder Ct, Portland, OR, US",1,84QVG999+
e5fa1a54-4db5-457e-874e-dd5a23f2f9c0,262747270,2025-02-21 15:10:03-08:00,2025-02-21,-122.6690388889,45.4505555556,130.0,,3.9,13.3,1.5,9.7,,1021.9,Trametes versicolor,"Collins View, Portland, OR 97219, USA",1,84QVF82J+
8b77d23b-92c0-49cc-a8ee-d5cad1359b32,262739262,2025-02-22 13:19:50-08:00,2025-02-22,-122.6605839282,45.4700694593,12.0,,7.8,13.3,19.0,16.6,,1016.9,Trametes versicolor,Oaks Bottom Wildlife Refuge,1,84QVF8CQ+
021909a0-4f30-4767-a683-d1b42d167d21,262650217,2025-02-21 12:46:26-08:00,2025-02-21,-122.49114376,44.79579676,280.0,,4.4,13.3,0.8,6.5,,1021.7,Trametes versicolor,"Marion County, US-OR, US",1,84PVQGW5+
81de048e-7201-44fd-9499-41899b02e9b6,262431919,2025-02-20 11:33:43-08:00,2025-02-20,-122.7958833333,45.305775,59.0,,3.9,11.1,0.0,4.3,,1028.8,Trametes versicolor,"Graham Oaks Nature Park, Wilsonville, OR, US",1,84QV8643+
0a6e455d-943d-483e-9ba4-d1ac8eb5fb75,261461561,2025-02-09 14:24:00-08:00,2025-02-09,-123.0156861111,45.02765,57.0,,1.7,10.0,0.0,3.6,,1031.8,Trametes versicolor,"Keizer, OR, USA",1,84QR2XHM+
6678c941-14f4-415f-b929-fe9a695a40b2,261292286,2025-02-10 15:07:24-08:00,2025-02-10,-122.6103833333,45.5197416667,68.0,,-1.0,7.2,0.0,11.9,,1029.9,Trametes versicolor,"SE 52nd Ave, Portland, OR, US",1,84QVG99Q+
19d893e6-4e15-4aa1-b289-0d22dfecdd13,261225999,2025-01-06 10:35:00-08:00,2025-01-06,-122.7621967,45.6461964,22.0,,3.3,13.3,0.3,3.9,,1030.1,Trametes versicolor,"Kelley Point Park, N Kelly Point Park Rd, Portland, OR 97203美国",1,84QVJ6WQ+
35f8585c-9e54-46d7-83b3-60b69bdeba51,261202535,2025-02-09 13:25:00-08:00,2025-02-09,-122.7630083333,45.6495555556,14.0,,2.2,6.7,0.8,1.4,,1032.7,Trametes versicolor,"St. Johns, Portland, OR, USA",1,84QVJ6XP+
c8abe0bd-7838-4cbc-b435-3d87b19fb411,260645989,2025-02-04 13:54:14-08:00,2025-02-04,-122.6298662,45.492156,47.0,,-0.5,6.7,0.0,6.8,,1007.6,Trametes versicolor,"Creston - Kenilworth, Portland, OR, USA",1,84QVF9RC+
2195e2c3-8c88-4d3a-9b49-7b5012deae66,260467492,2025-02-01 15:30:25-08:00,2025-02-01,-122.8097416667,45.5117805556,56.0,,0.6,7.8,1.3,6.5,,1015.4,Trametes versicolor,"Cedar Hills, OR, USA",1,84QVG56R+
3bb27d66-3219-4118-93e4-502230c76a37,260283003,2025-02-01 10:06:30-08:00,2025-02-01,-122.7143912271,45.5099004297,198.0,,3.3,8.3,0.8,6.8,,1015.5,Trametes versicolor,"Oregon Zoo, Portland, OR, US",1,84QVG75P+
3e160314-d91d-48c4-b7c1-36117875bf93,260033107,2025-01-21 13:16:10-08:00,2025-01-21,-122.5251,45.5165033333,92.0,,-2.1,8.3,0.0,2.9,,1035.0,Trametes versicolor,"Multnomah County, US-OR, US",2,84QVGF8F+
172701e3-0647-4582-a852-90cc5a1c99c8,259732970,2025-01-26 16:01:08-08:00,2025-01-26,-122.6833589722,45.434327,117.0,,-2.7,10.6,0.0,5.4,,1029.1,Trametes versicolor,"Forest Highlands, Portland, OR, USA",1,84QVC8M8+
5f90699b-a13c-4eb7-820a-b1348caf4103,259695506,2025-01-26 10:30:32-08:00,2025-01-26,-122.447455,45.554405,9.0,,0.6,8.9,0.0,25.2,,1028.8,Trametes versicolor,"Blue Lake Regional Park, Fairview, OR, US",1,84QVHH33+
78af59cc-718b-43cf-b7a3-c28e57c82d69,259294855,2023-11-21 16:17:45-08:00,2023-11-21,-122.6426350691,45.3131368824,119.0,,1.1,11.7,0.8,2.5,,1026.1,Trametes versicolor,"Oregon, US",1,84QV8974+
d931bafa-8871-4d60-93e0-4578f8e1f068,259061527,2025-01-19 10:23:49-08:00,2025-01-19,-122.6866,45.5095216667,55.0,,-3.2,7.8,0.0,8.3,,1031.6,Trametes versicolor,"SW Park Ave, Portland, OR, US",1,84QVG857+
522ea77e-7e36-4bff-8295-9bb92f2f730e,258895489,2025-01-17 15:05:39-08:00,2025-01-17,-122.3927161,45.5138178997,79.0,,1.7,6.1,0.0,4.2,,1029.7,Trametes versicolor,"Northeast, Gresham, OR, USA",2,84QVGJ74+
7e6ff2af-21ca-42e0-b33a-cfd6cd5c92ff,258895397,2025-01-17 15:20:43-08:00,2025-01-17,-122.3929966997,45.5133048,79.0,,1.7,6.1,0.0,4.2,,1029.7,Trametes versicolor,"Northeast, Gresham, OR, USA",1,84QVGJ74+
9b7e03bd-fd53-449d-a740-32c8be926aea,258783071,2025-01-11 14:42:57-08:00,2025-01-11,-122.650955,45.4673783333,35.0,,6.1,9.4,1.8,5.0,,1034.9,Trametes versicolor,"SE 15th Ave, Portland, OR, US",1,84QVF88X+
bcfd4454-5b82-4a18-b277-6f7143942319,258489089,2025-01-11 10:27:27-08:00,2025-01-11,-122.7632883333,45.5676533333,228.0,,4.3,8.2,0.9,8.9,,1035.6,Trametes versicolor,"Forest Park Conservancy, Portland, OR, US",1,84QVH69P+
f356fe93-fade-4466-8d3b-79c0a85ebe38,258486407,2025-01-14 10:44:37-08:00,2025-01-14,-122.61381273,45.36906453,36.0,,1.7,3.9,0.0,3.8,,1034.2,Trametes versicolor,"Bolton, West Linn, OR, USA",1,84QV999P+
fe48a036-9372-40ed-b366-86e049982f53,258321877,2025-01-12 10:09:04-08:00,2025-01-12,-122.7407133333,45.436895,140.0,,4.4,8.3,1.0,3.6,,1032.5,Trametes versicolor,"SW Haines St, Portland, OR, US",1,84QVC7P5+
6723f117-7911-443e-a188-6d0a26787f79,258184345,2025-01-11 15:15:34-08:00,2025-01-11,-122.5159533333,45.49033,113.0,,6.1,9.4,5.1,6.7,,1034.8,Trametes versicolor,"Powell Butte Nature Park, Portland, OR, US",1,84QVFFRM+
3dbc973b-0a02-466c-9f5f-a25f6175fb1d,258184070,2025-01-11 15:14:56-08:00,2025-01-11,-122.5073486567,45.4894240495,174.0,,6.1,9.4,5.1,6.7,,1034.8,Trametes versicolor,"SE Powell Butte Pkwy Appointment Only, Portland, OR 97236, USA",1,84QVFFQV+
97af80ea-c45b-4ecd-8df5-91a3a0e4938d,257868755,2025-01-08 12:20:51-08:00,2025-01-08,-122.84362,45.501945,71.0,,1.7,11.7,0.0,3.0,,1031.4,Trametes versicolor,"Tualatin Hills Nature Park, Beaverton, OR, US",1,84QVG524+
5ba8dc07-e312-4cdf-9db2-7ef3a380b2eb,257868477,2025-01-08 12:17:58-08:00,2025-01-08,-122.8426666667,45.5025466667,58.0,,1.7,11.7,0.0,3.0,,1031.4,Trametes versicolor,"Tualatin Hills Nature Park, Beaverton, OR, US",1,84QVG534+
976cc228-e03e-4043-8543-9043cbadd356,257656738,2025-01-06 13:06:44-08:00,2025-01-06,-122.6443116667,45.4340783333,19.0,,5.6,13.3,0.0,7.9,,1029.6,Trametes versicolor,"SE Sparrow St, Milwaukie, OR, US",1,84QVC9M4+
399a8da2-0984-486e-98c3-14323a7171f8,257545392,2025-01-05 11:19:33-08:00,2025-01-05,-122.7636,45.6506583333,3.0,,8.9,11.7,,4.2,,1023.8,Trametes versicolor,"St. Johns, Portland, OR, USA",1,84QVM62P+
6fae6116-9667-41a5-bfdf-f4f3c510f6d2,257500570,2025-01-05 11:19:43-08:00,2025-01-05,-122.7635283333,45.6506916667,3.0,,8.9,11.7,,4.2,,1023.8,Trametes versicolor,"Kelley Point Park, Portland, OR, US",1,84QVM62P+
2f0eea6e-f020-4cb2-8fc1-d1a975c2fd42,257071168,2025-01-01 14:21:16-08:00,2025-01-01,-122.8279698145,45.3860406583,34.0,,2.8,7.2,2.5,5.6,,1017.0,Trametes versicolor,"Oregon, US",1,84QV95PC+
682c77ae-487d-4d9f-b636-f86488125627,257065878,2025-01-01 15:19:15-08:00,2025-01-01,-122.6322466667,45.4951033333,46.0,,4.4,6.7,0.3,11.9,,1017.1,Trametes versicolor,"SE Francis St, Portland, OR, US",1,84QVF9W9+
e49a73c7-e9e1-4d81-9acf-8d068ec14e44,257055567,2025-01-01 13:57:50-08:00,2025-01-01,-122.6114583333,45.5743716667,8.0,,4.4,6.7,0.3,11.9,,1017.1,Trametes versicolor,"NE Buffalo St, Portland, OR, US",1,84QVH9FQ+
ceded81f-3446-4081-ba4e-3ede9b53f3db,256945783,2024-12-31 15:31:00-08:00,2024-12-31,-122.445175,45.5189666667,83.0,,3.9,6.7,,19.7,,1022.8,Trametes versicolor,"North Central, Gresham, OR, USA",1,84QVGH93+
ababe44c-630c-4b37-8f50-de7fbf490f9a,256815725,2024-12-28 10:18:24-08:00,2024-12-28,-122.8435611111,45.4970916667,66.0,,8.3,11.7,,12.3,,1010.5,Trametes versicolor,"Cooper Mountain - Aloha North, Beaverton, OR, USA",1,84QVF5W4+
00ee6b05-ae02-4bfc-a8ef-558812dbecaa,256692276,2024-12-29 14:34:59-08:00,2024-12-29,-122.7274166667,45.5391366667,170.0,,5.6,10.6,,5.2,,1012.5,Trametes versicolor,"Forest Park Conservancy, Portland, OR, US",1,84QVG7QF+
d7e0bc64-3693-44fb-bf92-1780ee26a154,256675500,2024-12-24 11:32:07-08:00,2024-12-24,-122.7131416667,45.4779083333,173.0,,5.0,11.1,4.3,10.8,,1014.6,Trametes versicolor,"SW Dakota St, Portland, OR, US",1,84QVF7HP+
0b71ab4d-22db-49c7-940a-df5ebaa28e47,256579244,2024-12-28 16:14:14-08:00,2024-12-28,-122.4208291997,45.502206,103.0,,8.9,12.8,,13.6,,1010.9,Trametes versicolor,"City Central, Gresham, OR, USA",1,84QVGH2H+
2416e8cd-38d3-4264-9980-962f1cfccdd8,256535791,2024-12-28 11:56:15-08:00,2024-12-28,-122.5692722222,45.4779861111,68.0,,8.9,12.8,1.5,14.4,,1010.8,Trametes versicolor,"Lents, Portland, OR, USA",1,84QVFCHJ+
2331b96b-c738-4aeb-99cb-55476dd1f4df,256227898,2024-12-24 14:51:00-08:00,2024-12-24,-122.6793076,45.4352178997,79.0,,5.0,11.1,4.3,10.8,,1014.6,Trametes versicolor,"Tryon Creek State Park, Multnomah County, OR, USA",2,84QVC8PC+
580a9d7f-d421-4174-ba86-deda40b9f1fd,256227883,2024-12-24 14:13:00-08:00,2024-12-24,-122.6799979,45.4387137,66.0,,5.0,11.1,4.3,10.8,,1014.6,Trametes versicolor,"Tryon Creek State Park, Multnomah County, OR, USA",1,84QVC8QC+
7e803765-2dc1-4855-83cf-0a267c1efece,256227874,2024-12-24 13:58:00-08:00,2024-12-24,-122.6807347778,45.4417125,75.0,,5.0,11.1,4.3,10.8,,1014.6,Trametes versicolor,"Tryon Creek State Park, Multnomah County, OR, USA",1,84QVC8R9+
d592af86-8fb8-449d-95ab-fd061ea81628,256147237,2024-12-24 14:54:24-08:00,2024-12-24,-122.8333290534,45.4298372924,64.0,,2.8,9.4,,4.9,,1014.4,Trametes versicolor,"Oregon, US",1,84QVC5H8+
d8656b79-f34e-4695-aec7-17e64893fa27,256032131,2024-12-23 15:24:09-08:00,2024-12-23,-122.394221127,45.5952830566,80.0,,3.9,12.2,,22.3,,1015.3,Trametes versicolor,"Clark County, US-WA, US",1,84QVHJW4+
9d27244a-3543-47eb-a373-e879c03c7893,255718139,2024-12-19 14:13:27-08:00,2024-12-19,-122.840645,45.4990616667,70.0,,5.0,12.2,,1.2,,1018.9,Trametes versicolor,"Tualatin Hills Nature Park, Beaverton, OR, US",1,84QVF5X5+
6b7e5dd4-0d91-426b-b374-d5b60c7507d8,255567135,2024-12-18 15:26:26-08:00,2024-12-18,-122.9018685991,45.4279724317,117.0,,7.2,13.9,,10.7,,1021.4,Trametes versicolor,"Oregon, US",2,84QVC3HX+
d368142a-c0aa-4f8c-8cec-38d1993e68d7,255208973,2024-12-15 11:32:57-08:00,2024-12-15,-122.6842853521,45.4740770488,142.0,,5.6,8.9,1.5,10.8,,1021.4,Trametes versicolor,"SW Terwilliger Blvd, Portland, OR, US",1,84QVF8F8+
e25c0f89-a5cb-4207-b878-7dc6b25dfea6,253545723,2024-11-10 15:56:00-08:00,2024-11-10,-122.3916864898,45.5928812848,62.0,,10.0,13.9,,19.2,,1012.3,Trametes versicolor,"Camas, WA, USA",1,84QVHJV5+
3681b668-f6fc-4d5d-b264-5c83ebb48678,253439131,2024-11-28 11:44:55-08:00,2024-11-28,-122.8634027287,45.4840030807,69.0,,0.0,4.4,0.0,3.9,,1025.1,Trametes versicolor,"Oregon, US",1,84QVF4MP+
791e8286-8677-4ace-99be-15f493f83e5d,253107357,2024-11-25 16:03:33-08:00,2024-11-25,-122.39269345,45.51384162,79.0,,6.1,10.0,,11.5,,1013.9,Trametes versicolor,"Northeast, Gresham, OR, USA",1,84QVGJ74+
b3f2e7f9-8d72-4189-abc1-908a92c4f840,253081245,2024-11-25 12:02:25-08:00,2024-11-25,-122.8520336239,45.1441107727,58.0,,3.9,10.6,0.0,4.4,,1013.8,Trametes versicolor,"Cupids Ct, Woodburn, OR, US",1,84QV44VX+
806fb9b2-45b7-4e70-8345-a1dd9215b7b2,252987193,2024-11-24 12:56:32-08:00,2024-11-24,-122.6319944444,45.3825333333,66.0,,6.1,8.9,,6.1,,1010.4,Trametes versicolor,"West Linn, OR, USA",1,84QV99M9+
930deb4f-f8f4-4bc7-8840-5171bd797351,252594514,2024-11-20 11:24:27-08:00,2024-11-20,-122.6519283333,45.486545,11.0,,7.8,12.8,8.6,15.5,,1007.0,Trametes versicolor,"Springwater on the Willamette, Portland, OR, US",1,84QVF8PX+
11ae6a58-3ef4-4095-8bec-936ca669cb59,251571373,2024-11-12 11:54:52-08:00,2024-11-12,-122.3967645,45.5167466997,99.0,,10.0,14.4,,14.6,,1015.4,Trametes versicolor,"Northeast, Gresham, OR, USA",1,84QVGJ83+
b009d1ba-4b75-4936-9569-76b730b1d111,251402353,2024-11-11 13:42:00-08:00,2024-11-11,-122.8573123252,45.5643183802,73.0,,8.9,11.7,,14.1,,1007.2,Trametes versicolor,PCC Rock Creek,1,84QVH47V+
e01b70bd-3113-4fa8-8ad2-fae406e2bd2b,251216545,2024-05-10 16:59:14-07:00,2024-05-10,-122.2024083333,45.82548,398.0,,12.2,32.8,0.0,5.2,,1016.9,Trametes versicolor,"Forest Service Road 42, Carson, WA, US",1,84QVRQGX+
94d1f48b-ef2c-449c-a8ee-76125a6b0795,250765627,2024-11-03 13:50:20-08:00,2024-11-03,-122.3925333333,45.590875,43.0,,10.0,14.4,,7.1,,1022.3,Trametes versicolor,"NE Oak St, Camas, WA, US",1,84QVHJR4+
7ddb3e2c-626f-43e1-8abd-dc37c2e4f9e3,250526498,2023-12-28 10:38:13-08:00,2023-12-28,-122.442102246,45.5308420635,62.0,,7.2,8.9,,34.8,,1018.3,Trametes versicolor,"Fairview, OR 97024, USA",1,84QVGHJ5+
85497bc2-edf8-4a95-ac64-ecae7ef7a9c1,250342668,2024-11-03 09:58:00-08:00,2024-11-03,-122.8396247,45.4982312,70.0,,7.8,13.9,,5.7,,1022.4,Trametes versicolor,"Tualatin Hills Nature Park, 15655 SW Millikan Way, Beaverton, OR 97006, USA",1,84QVF5X6+
144053b7-9d26-4fad-a7ea-d54dd57977b7,250196791,2023-02-08 17:18:49-08:00,2023-02-08,-122.8107477352,45.4376834834,57.0,,0.0,9.4,,3.0,,1032.2,Trametes versicolor,"Bull Mountain, Tigard, OR, USA",1,84QVC5QQ+
5de8ab5f-c774-425e-ab64-e3edb1b30cbf,249689749,2024-10-29 12:46:04-07:00,2024-10-29,-122.5694883333,45.5712083333,4.0,,7.8,14.4,0.0,5.8,,1019.6,Trametes versicolor,"Columbia Slough Trail, Portland, OR, US",1,84QVHCCJ+
388f2384-fadd-49f4-98a5-88213807a23e,249689614,2024-10-29 12:49:03-07:00,2024-10-29,-122.5695883333,45.5709833333,4.0,,7.8,14.4,0.0,5.8,,1019.6,Trametes versicolor,"Columbia Slough Trail, Portland, OR, US",1,84QVHCCJ+
0c5a27e9-61c9-4da6-8306-5b0b12390cce,249215120,2024-10-26 13:00:35-07:00,2024-10-26,-122.8263457865,45.4901573766,55.0,,10.6,16.1,,7.4,,1013.9,Trametes versicolor,"Cooper Mountain - Aloha North, Beaverton, OR, USA",1,84QVF5RF+
ceb6a13f-151e-4bcb-9e99-47e444954caf,249046168,2024-10-25 09:45:21-07:00,2024-10-25,-122.6746805556,45.4398666667,85.0,,6.1,18.9,0.0,21.2,,1013.0,Trametes versicolor,"Forest Highlands, Portland, OR, USA",1,84QVC8QG+
ae79fb5c-9098-4d4a-aa45-53a8a74f3caf,248627938,2024-10-22 10:43:30-07:00,2024-10-22,-122.56652141,44.79781388,247.0,,5.0,16.1,0.0,6.5,,1024.9,Trametes versicolor,"Lyons, OR 97358, USA",1,84PVQCXM+
7e5fb654-b950-40fc-854f-2d4d3207c91e,247231085,2024-10-05 18:09:50-07:00,2024-10-05,-122.5503046,45.4233455997,181.0,,11.1,22.2,0.0,7.6,,1021.8,Trametes versicolor,"Damascus, OR 97015, USA",1,84QVCCFX+
54169c92-5bdb-4517-9ee7-001adc286285,247158520,2024-10-12 10:47:40-07:00,2024-10-12,-122.6527636,45.4739805997,7.0,,8.3,25.0,0.0,4.7,,1018.0,Trametes versicolor,"Sellwood - Moreland, Portland, OR, USA",1,84QVF8FW+
6a2879f9-31b2-4c0b-9a56-c5034e082646,246709694,2024-10-10 14:51:14-07:00,2024-10-10,-122.3937870997,45.5151062997,92.0,,6.7,21.1,0.0,4.7,,1019.9,Trametes versicolor,"Northeast, Gresham, OR, USA",1,84QVGJ84+
10df030d-7394-4778-b688-ecfdce1320dd,245850350,2024-10-05 17:02:30-07:00,2024-10-05,-122.8548148253,44.9544269385,64.0,,8.3,22.2,0.0,6.1,,1021.4,Trametes versicolor,"Oregon, US",1,84PVX43W+
33de5f20-f99d-4c14-ac27-7bb3950ed1b9,245320962,2024-10-02 14:49:08-07:00,2024-10-02,-122.604848,45.526466,63.0,,11.7,21.1,0.0,11.5,,1024.4,Trametes versicolor,"NE Glisan St, Portland, OR, US",1,84QVG9GW+
9829e1c8-36b3-47c6-8b3c-65038761dcbe,243707009,2024-09-16 11:35:58-07:00,2024-09-16,-122.6361466667,45.3829116667,76.0,,8.9,25.0,0.0,3.9,,1013.0,Trametes versicolor,"Mary S. Young Park, West Linn, OR, US",1,84QV99M7+
3c77e1df-47b5-4ade-a889-423b96b895c6,243173922,2024-04-28 16:15:00-07:00,2024-04-28,-122.6804589905,45.4453163561,81.0,,10.0,15.0,0.8,13.0,,1019.8,Trametes versicolor,"Forest Highlands, Portland, OR, USA",1,84QVC8W9+
705b0c03-01ba-4ec5-9abd-7e1befa768c8,242511184,2024-09-17 18:13:00-07:00,2024-09-17,-122.7016382997,45.5233966997,83.0,,12.2,18.3,0.3,5.8,,1012.5,Trametes versicolor,"W Burnside & SW Osage, Portland, OR 97205, USA",1,84QVG7FX+
76ab4eb2-6135-4c96-bfdb-9bc3016e6bcd,242380860,2014-12-14 13:03:00-08:00,2014-12-14,-122.5252098058,45.4304796566,121.0,,4.4,8.9,0.0,32.2,,1018.1,Trametes versicolor,"Oregon, US",1,84QVCFJF+
d1c51ad8-70a6-4894-a982-2b730e700a34,241969858,2024-09-15 13:59:21-07:00,2024-09-15,-122.7247783333,45.617645,15.0,,9.4,19.4,0.0,4.8,,1014.8,Trametes versicolor,"St. Johns, Portland, OR, US",1,84QVJ79G+
7e6564d8-f346-4793-b6be-129ce091b6f8,239280617,2024-09-01 12:52:36-07:00,2024-09-01,-122.8539769623,45.5491184867,74.0,,16.1,28.9,0.0,3.8,,1011.9,Trametes versicolor,"Oregon, US",2,84QVG4XW+
d8474728-ba82-47cc-b2df-922b32806267,236013517,2024-08-15 15:23:33-07:00,2024-08-15,-122.6266686997,44.8867332,488.0,,14.4,26.1,0.0,7.2,,1018.7,Trametes versicolor,"Silverton, OR 97381, USA",1,84PVV9PF+
297c8497-965b-474a-a6fe-d47f671bc3e2,233499835,2024-08-02 19:57:12-07:00,2024-08-02,-122.5527333333,45.33895,120.0,,18.3,34.4,0.0,3.6,,1018.7,Trametes versicolor,"S Maplelane Rd, Oregon City, OR, US",1,84QV8CQW+
afce1770-0151-4a6d-8a6b-a4bc0281e41b,232371258,2024-07-28 12:34:09-07:00,2024-07-28,-122.3665357997,45.5419058,26.0,,16.1,23.9,0.0,2.3,,1013.5,Trametes versicolor,"Multnomah County, US-OR, US",1,84QVGJRM+
ad0cc4ba-1ccf-48bf-8f11-985baf14be33,230319720,2024-07-11 17:19:25-07:00,2024-07-11,-122.8456416667,45.5373166667,74.0,,12.8,30.0,0.0,11.5,,1018.5,Trametes versicolor,"NW Barkton Ct, Beaverton, OR, US",1,84QVG5P3+
b274074a-49ce-417f-9495-82cde4864255,227346491,2024-07-05 11:06:24-07:00,2024-07-05,-122.7503888889,45.2813416667,49.0,,15.6,36.7,0.0,11.0,,1018.0,Trametes versicolor,"Aurora, OR 97002, USA",1,84QV76JX+
f28c75c0-c19a-4ca5-9e2e-39c8065266ea,225040064,2020-02-14,2020-02-14,-122.7918445319,45.583462693,291.0,,3.3,10.0,,11.1,,1022.8,Trametes versicolor,"Linnton, Portland, OR, USA",1,84QVH6M5+
844e0d84-74fd-43fb-87c9-7f5be76484cd,221761999,2024-06-09 13:41:44-07:00,2024-06-09,-122.7312,45.61702,4.0,,13.3,23.9,0.0,7.6,,1017.4,Trametes versicolor,"St. Johns, Portland, OR, US",1,84QVJ789+
038f06b6-4a3f-4a20-8632-e44f832158f8,221213963,2024-06-07 15:48:41-07:00,2024-06-07,-122.5669694444,44.7970472222,218.0,,10.0,30.0,0.0,10.8,,1012.4,Trametes versicolor,"Lyons, OR 97358, USA",1,84PVQCWM+
b975da6c-2b94-4a31-a0a3-df1585fed0b2,221007206,2023-09-02 08:57:31-07:00,2023-09-02,-122.6978072897,45.7208668196,39.0,,16.1,31.7,0.0,4.5,,1012.6,Trametes versicolor,"Salmon Creek, WA, USA",1,84QVP8C2+
1182d903-ee23-4849-b7ab-2dfb57a85292,220320334,2024-06-03 12:52:51-07:00,2024-06-03,-122.6276321411,45.5352554321,45.0,,12.8,18.3,6.4,19.8,,1010.6,Trametes versicolor,Portland,1,84QVG9PC+
e1037bb5-45a1-4599-9c4a-ac7685c97362,219258882,2024-05-29 19:51:23-07:00,2024-05-29,-122.6953083333,45.52815,37.0,,10.6,19.4,2.3,10.8,,1026.7,Trametes versicolor,"Nob Hill, Portland, OR, USA",2,84QVG8H3+
959d0482-73f4-4d40-bda9-08ee3f019af0,219115086,2024-05-29 07:32:19-07:00,2024-05-29,-122.7597366667,45.3103216667,63.0,,8.9,18.3,,9.8,,1027.1,Trametes versicolor,"SW Vlahos Dr, Wilsonville, OR, US",1,84QV866R+
5709d61a-3f45-4ce2-b7d4-355e6875317a,218565499,2024-05-26 09:08:00-07:00,2024-05-26,-122.6177603466,45.3607959029,92.0,,6.1,21.1,0.0,4.3,,1020.1,Trametes versicolor,Camassia Preserve,1,84QV996J+
3d2157ea-cda3-4919-b21b-2d2fee5212a1,216716017,2024-05-18 11:28:37-07:00,2024-05-18,-122.6380972222,45.4387777778,12.0,,9.4,16.7,0.5,10.8,,1020.1,Trametes versicolor,"Historic Milwaukie, Milwaukie, OR, USA",1,84QVC9Q6+
f31f98ed-74f5-4fe6-870c-458f95a0fa5b,216613380,2024-05-18 10:14:01-07:00,2024-05-18,-122.6382618305,45.4390231753,12.0,,9.4,16.7,0.5,10.8,,1020.1,Trametes versicolor,"SE Lake Rd, Milwaukie, OR, US",2,84QVC9Q6+
53f02526-2c03-4b4b-a972-bc81802cd5d5,216587413,2024-05-18 10:34:28-07:00,2024-05-18,-122.6383380442,45.4389606672,12.0,,9.4,16.7,0.5,10.8,,1020.1,Trametes versicolor,"SE Lake Rd, Milwaukie, OR, US",1,84QVC9Q6+
4ec58dda-127b-4a73-b8f7-427f208d923c,216575629,2024-05-18 10:07:38-07:00,2024-05-18,-122.6383283333,45.43922,12.0,,9.4,16.7,0.5,10.8,,1020.1,Trametes versicolor,"SE Lake Rd, Milwaukie, OR, US",1,84QVC9Q6+
d7761890-4d70-40e9-ace4-68781340a039,214481197,2024-04-14 13:43:51-07:00,2024-04-14,-122.449845,45.481645,135.0,,10.0,21.1,0.0,6.1,,1015.9,Trametes versicolor,"SW 20th Ct, Gresham, OR, US",1,84QVFHJ2+
c229f717-d95a-44ca-8f1d-d65199bd17d5,214293326,2024-05-06 09:29:48-07:00,2024-05-06,-122.6713416667,45.6304033333,32.0,,7.8,14.4,,12.5,,1015.6,Trametes versicolor,"Main St, Vancouver, WA, US",1,84QVJ8JH+
5e2bb30b-8b40-454a-b575-f3611554d0fd,213605001,2024-05-04 15:17:13-07:00,2024-05-04,-122.5705611111,45.6625388889,90.0,,9.4,12.2,,5.8,,1003.1,Trametes versicolor,"Fourth Plain & 102nd Ave, Vancouver, WA 98662, USA",1,84QVMC7H+
cb981f4f-b626-4d43-9e1b-2e839cf18f2a,212503098,2024-04-30 13:59:34-07:00,2024-04-30,-122.7731166667,45.53638,170.0,,6.7,11.7,,6.5,,1020.7,Trametes versicolor,"NW New Hope Ct, Portland, OR, US",1,84QVG6PG+
8b5c0909-d481-41ac-bb4a-51119a2f3a7f,212133449,2024-04-29 19:00:00-07:00,2024-04-29,-122.6305462047,45.5120646458,52.0,,7.8,13.9,4.3,11.2,,1019.5,Trametes versicolor,"Hawthorne, Portland, OR, USA",1,84QVG969+
91a1b9f0-c312-4b6d-b8c6-b1410b29b8c7,211717176,2024-04-29 10:46:06-07:00,2024-04-29,-122.5338773705,45.4738767825,94.0,,7.8,13.9,4.3,11.2,,1019.5,Trametes versicolor,"Leach Botanical Garden, Portland, OR, US",2,84QVFFF8+
d117688d-aaf6-4f05-aea4-90c5314d463e,211705910,2024-04-29 10:30:47-07:00,2024-04-29,-122.5337516516,45.4736991087,94.0,,7.8,13.9,4.3,11.2,,1019.5,Trametes versicolor,"Pleasant Valley, Portland, OR, USA",1,84QVFFF8+
7cb97d09-ad37-42a5-99ff-0b641bd3cee3,211703827,2024-04-29 10:26:44-07:00,2024-04-29,-122.5350739203,45.4732593405,94.0,,7.8,13.9,4.3,11.2,,1019.5,Trametes versicolor,"SE 128th Ave, Portland, OR, US",1,84QVFFF7+
ffc32d45-8a34-468a-b530-1fdd9ea19d38,211202111,2024-04-28 12:37:16-07:00,2024-04-28,-122.7641027778,45.6438166667,19.0,,10.0,13.9,,7.2,,1020.3,Trametes versicolor,"St. Johns, Portland, OR, USA",1,84QVJ6VP+
cfe620a6-0478-4082-ba72-cba4a40afedc,211081787,2024-04-28 13:21:33-07:00,2024-04-28,-122.7610118381,45.6487144127,24.0,,10.0,13.9,,7.2,,1020.3,Trametes versicolor,"Kelley Point Park, Portland, OR, US",1,84QVJ6XQ+
3a04b8fc-cf49-433f-88ca-ad4b4e066c74,211059305,2024-04-28 12:49:26-07:00,2024-04-28,-122.7657462031,45.6456655801,20.0,,10.0,13.9,,7.2,,1020.3,Trametes versicolor,"Kelley Point Park, Portland, OR, US",1,84QVJ6WM+
c43ec713-b652-4bf8-b903-4a8ac8a1787b,211038971,2024-04-28 12:18:04-07:00,2024-04-28,-122.76280989,45.65043762,3.0,,10.0,13.9,,7.2,,1020.3,Trametes versicolor,"St. Johns, Portland, OR, USA",1,84QVM62P+
937f3e5c-90d0-4ced-87f9-2325a7974d61,211017889,2024-04-28 11:48:12-07:00,2024-04-28,-122.76163005,45.64834553,24.0,,10.0,13.9,,7.2,,1020.3,Trametes versicolor,"St. Johns, Portland, OR, USA",2,84QVJ6XQ+
0ef0778f-c279-4ad1-8e2e-aecd0201d17a,211015652,2024-04-28 11:44:19-07:00,2024-04-28,-122.7624522187,45.6493407814,14.0,,10.0,13.9,,7.2,,1020.3,Trametes versicolor,"Kelley Point Park, Portland, OR, US",1,84QVJ6XQ+
1d598d80-078b-4f93-b9a3-af9f9e0b6796,211012678,2024-04-28 11:39:25-07:00,2024-04-28,-122.76248,45.6493133333,14.0,,10.0,13.9,,7.2,,1020.3,Trametes versicolor,"Kelley Point Park, Portland, OR, US",1,84QVJ6XQ+
c7d38ba5-2149-4283-94fd-dd0f8f4fa5eb,211010171,2024-04-28 11:36:53-07:00,2024-04-28,-122.7614156577,45.647792063,22.0,,10.0,13.9,,7.2,,1020.3,Trametes versicolor,"Kelley Point Park, Portland, OR, US",1,84QVJ6XQ+
44364900-1f54-4e62-ac8c-4b8f3285960b,210300980,2024-04-26 17:15:00-07:00,2024-04-26,-122.6401996256,45.5191988792,51.0,,10.6,16.7,1.5,12.6,,1012.3,Trametes versicolor,"Southeast Portland, Portland, OR, USA",1,84QVG995+
36a7e0e8-135c-4772-a6d3-ea16c0593425,210273431,2024-04-27 09:59:47-07:00,2024-04-27,-122.6545444444,45.4765138889,1.0,,10.0,13.3,0.3,15.1,,1017.8,Trametes versicolor,"Sellwood - Moreland, Portland, OR, USA",1,84QVF8GW+
aa102c89-ebeb-4aa7-9969-2c9f6a1ca0a6,209388938,2024-02-18 16:59:17-08:00,2024-02-18,-122.3637099722,45.671331,421.0,,3.9,7.2,,36.1,,1009.8,Trametes versicolor,"Camas, WA 98607, USA",1,84QVMJCP+
b2810d85-c65e-49ef-8a79-b07523246a57,208559964,2024-04-21 13:06:41-07:00,2024-04-21,-122.8214492778,45.4060821389,116.0,,0.6,15.6,0.0,6.5,,1028.0,Trametes versicolor,"Portland, OR 97224, USA",2,84QVC54H+
970a94c6-62e7-47ed-95bf-3467fba6474a,208427136,2024-04-20 17:22:14-07:00,2024-04-20,-121.8750916667,45.8198133333,303.0,,3.4,17.7,0.3,13.0,,1019.8,Trametes versicolor,"Panther Creek, Carson, WA, US",1,84QWR49F+
6a4e180d-f834-48c5-ba04-d9494e244ebf,208191368,2024-04-19 07:30:11-07:00,2024-04-19,-122.6819054782,45.5312345288,9.0,,10.6,21.7,0.0,24.8,,1017.8,Trametes versicolor,"Tanner Springs Park, NW 10th Ave & Marshall Street, Portland, OR 97209, USA",2,84QVG8J9+
755bf664-cb81-4a25-9a85-c4247a3d2308,207768898,2024-04-14 15:44:48-07:00,2024-04-14,-122.8925466667,44.90058,125.0,,8.9,18.9,0.0,10.8,,1016.2,Trametes versicolor,"Salem, OR, US",1,84PVW424+
79518b04-e207-45a5-99a7-5f57e05e6bfb,207483430,2024-04-15 14:15:08-07:00,2024-04-15,-122.6891966667,45.5652466667,62.0,,8.9,13.9,,8.5,,1026.3,Trametes versicolor,"N Gay Ave, Portland, OR, US",1,84QVH886+
fc4b21dc-cb5e-4021-ad46-1b82bde6d526,207428283,2024-04-14 15:53:53-07:00,2024-04-14,-122.8924466667,44.9005383333,125.0,,8.9,18.9,0.0,10.8,,1016.2,Trametes versicolor,"Salem, OR, US",1,84PVW425+
0b6dfe73-08c8-40b5-a790-4ce93b3c877f,207066488,2024-04-13 16:38:34-07:00,2024-04-13,-122.6254196167,45.4915313721,46.0,,8.3,20.0,0.0,9.4,,1011.1,Trametes versicolor,Portland,1,84QVF9RF+
26da8a98-7131-4a44-827d-b57129e284ca,206906753,2024-03-31 14:48:18-07:00,2024-03-31,-122.7024216667,45.47987,134.0,,5.0,18.9,0.0,9.7,,1014.0,Trametes versicolor,"SW Beaverton Hillsdale Hwy, Portland, OR, US",1,84QVF7HX+
c072d423-089e-48da-81b1-8e37882af140,206710428,2024-04-11 18:15:49-07:00,2024-04-11,-122.4600489065,45.4813076899,105.0,,4.4,18.3,,7.0,,1015.6,Trametes versicolor,"Southwest, Gresham, OR 97080, USA",1,84QVFGJQ+
ef6b8242-f781-403a-ad89-a4b9937e5b54,206601924,2024-04-10 19:23:55-07:00,2024-04-10,-122.8445472222,45.5023916667,57.0,,1.1,18.9,0.0,4.8,,1025.0,Trametes versicolor,"Cooper Mountain - Aloha North, Beaverton, OR, USA",1,84QVG524+
f4608586-d63b-4133-80ba-c7a4ba2fd421,206308011,2024-04-09 10:48:57-07:00,2024-04-09,-122.5423666667,45.4962966667,85.0,,8.3,18.3,0.0,12.2,,1024.7,Trametes versicolor,"SE 118th Ave, Portland, OR, US",1,84QVFFW5+
27d55a30-9522-4e06-b62e-9d96b73fb68f,205938236,2024-04-07 09:42:00-07:00,2024-04-07,-122.8396247,45.4982312,70.0,,5.0,12.8,,5.1,,1024.3,Trametes versicolor,"Tualatin Hills Nature Park, 15655 SW Millikan Way, Beaverton, OR 97006, USA",1,84QVF5X6+
d8318f2a-8554-451a-a104-c502bec3ac80,205923387,2024-04-07 11:58:18-07:00,2024-04-07,-122.6813610025,45.4430846987,64.0,,7.2,13.9,1.8,6.1,,1024.5,Trametes versicolor,"Tryon Creek State Natural Area, Portland, OR, US",1,84QVC8V9+
7eebbcb0-190a-4685-ba41-2db632844707,205300445,2024-04-03 16:00:07-07:00,2024-04-03,-122.56085801,44.76844284,217.0,,5.6,11.1,5.6,9.4,,1020.8,Trametes versicolor,"Lyons, OR 97358, USA",1,84PVQC9Q+
b86298cc-a96f-4778-ba11-c14d49c4f62d,204845706,2024-03-31 09:45:47-07:00,2024-03-31,-122.7650916667,45.3570866667,98.0,,3.9,18.3,0.0,5.8,,1014.2,Trametes versicolor,"SW Pinto Dr, Tualatin, OR, US",1,84QV964M+
ac09ab3e-5372-406d-849d-a2c628a9a6ba,204814327,2024-03-26 14:19:00-07:00,2024-03-26,-122.6120030067,45.5736176758,8.0,,8.3,13.9,2.0,8.6,,1016.7,Trametes versicolor,"Northeast Portland, Portland, OR, USA",1,84QVH9FQ+
66994635-a439-4e59-a262-3e277537d013,204812938,2024-03-31 14:20:45-07:00,2024-03-31,-122.5548671746,45.4237588915,167.0,,5.0,18.9,0.0,9.7,,1014.0,Trametes versicolor,"Mount Talbert Nature Park, Happy Valley, OR, US",1,84QVCCFW+
236d1296-3043-48e8-921c-afabf8fee580,204751994,2024-03-30 11:37:35-07:00,2024-03-30,-122.5764765216,45.7451359839,85.0,,6.7,18.3,0.0,12.7,,1011.9,Trametes versicolor,United States,1,84QVPCWF+
bf35cfd7-2f54-4c81-9d59-5a217cb5334d,204168650,2024-03-20 14:41:45-07:00,2024-03-20,-122.680584947,45.4456472541,81.0,,8.9,14.4,0.3,7.6,,1016.5,Trametes versicolor,"Tryon Creek State Natural Area, Portland, OR, US",1,84QVC8W9+
f89a39fb-db96-4fbc-a524-cd5262bff2fe,204078268,2024-03-26 15:44:53-07:00,2024-03-26,-122.763345,45.58903,12.0,,7.8,12.8,,4.0,,1017.2,Trametes versicolor,"N Bradford St, Portland, OR, US",1,84QVH6QP+
72b225cf-5dec-45d3-8989-f7e5d312ecce,203670645,2024-03-23 16:24:19-07:00,2024-03-23,-123.0206833333,45.0326166667,60.0,,3.9,11.7,0.8,9.0,,1001.4,Trametes versicolor,"Leonard Pl NE, Keizer, OR, US",1,84QR2XMH+
396b4284-3bf3-4fdc-bdb8-6cbbc9953fa3,203670626,2024-03-23 16:24:21-07:00,2024-03-23,-123.020675,45.0326305,60.0,,3.9,11.7,0.8,9.0,,1001.4,Trametes versicolor,"Leonard Pl NE, Keizer, OR, US",1,84QR2XMH+
6136d64e-2134-4c50-9da8-612125fc3f71,203529863,2024-03-22 16:45:20-07:00,2024-03-22,-122.8388442999,45.4956019863,54.0,,6.7,13.3,,5.3,,1009.9,Trametes versicolor,"SW Millikan Way, Beaverton, OR, US",1,84QVF5W6+
d42a77e2-212f-49df-bcac-6fb0a2460bc6,203291229,2024-03-20 09:13:16-07:00,2024-03-20,-122.78295,45.5381083333,143.0,,7.8,12.8,,8.1,,1016.1,Trametes versicolor,"NW Mill Pond Rd, Portland, OR, US",1,84QVG6Q8+
c0db4bad-6eff-4625-9a03-fa00617e89fb,202772742,2024-03-16 16:43:20-07:00,2024-03-16,-122.7061087316,45.6989062061,60.0,,4.4,24.4,0.0,6.4,,1017.2,Trametes versicolor,"NW 33rd Ave, Vancouver, WA, US",1,84QVM7XV+
fa57cf4c-fa27-4231-bca1-653db6826afa,201721246,2024-03-08 14:09:46-08:00,2024-03-08,-122.6153860242,45.3617429082,83.0,,-0.6,16.1,0.0,1.2,,1020.7,Trametes versicolor,"W A St, West Linn, OR, US",1,84QV996M+
204902dd-8879-4049-84cd-47a2dc26890e,201517098,2024-03-06 14:14:17-08:00,2024-03-06,-122.7229452391,45.5585632083,3.0,,-2.8,8.9,0.0,3.4,,1019.7,Trametes versicolor,"Oregon, US",1,84QVH75G+
15c44436-9381-4d45-8f77-0c08f1a255ab,200472195,2024-02-24 12:42:46-08:00,2024-02-24,-122.5611716667,44.7702616667,238.0,,1.7,13.9,0.0,3.6,,1021.3,Trametes versicolor,"North Santiam State Park, Lyons, OR, US",2,84PVQCCQ+
a47d0258-7a34-4157-bf6b-fc227271ab99,200446835,2024-02-25 14:05:24-08:00,2024-02-25,-122.770299883,45.3954706609,36.0,,5.6,11.1,7.1,13.1,,1014.6,Trametes versicolor,"Cook Park, Tigard, OR, US",1,84QV96WH+
6e025f79-6360-4acb-a13e-210720243095,200424667,2024-02-25 11:00:09-08:00,2024-02-25,-122.61069845,44.782096,198.0,,5.6,11.7,8.4,14.0,,1014.8,Trametes versicolor,"Lyons, OR 97358, USA",1,84PVQ9JQ+
46c48437-24d3-4e8f-8235-9155883be2f4,200423793,2024-02-25 10:51:10-08:00,2024-02-25,-122.6622924805,45.4722099304,8.0,,6.1,12.2,6.4,11.9,,1014.0,Trametes versicolor,Portland,1,84QVF8CQ+
ccd8ab5b-3e3f-42b1-8beb-70f4a970743a,200324936,2024-02-24 14:03:09-08:00,2024-02-24,-122.64052158,45.50676864,40.0,,1.7,13.9,0.0,2.2,,1021.7,Trametes versicolor,"Hosford-Abernethy, Portland, OR, USA",1,84QVG945+
5abe611c-1132-4f09-a9d1-09c3b04c2b6c,200226720,2024-02-23 15:17:11-08:00,2024-02-23,-122.6971666667,45.458845,135.0,,1.7,17.2,0.0,2.2,,1025.6,Trametes versicolor,"SW Taylors Ferry Rd, Portland, OR, US",1,84QVF853+
71d6b47b-4a25-4d19-8b89-f3aa58d53440,200141838,2024-02-22 12:42:04-08:00,2024-02-22,-122.3956309631,45.5143990386,94.0,,7.2,15.0,,12.9,,1025.7,Trametes versicolor,"Northeast, Gresham, OR, USA",2,84QVGJ73+
b06bd5d4-69c0-4174-9ba7-677187b01d56,200073761,2018-03-09 17:59:40-08:00,2018-03-09,-122.6151666667,45.516895,59.0,,2.8,12.8,0.3,5.8,,1017.0,Trametes versicolor,"SE 46th Ave, Portland, OR, US",1,84QVG98M+
2fa66593-4f31-4844-8592-07a0dd86f9e3,199833485,2024-02-19 13:13:15-08:00,2024-02-19,-122.8040321544,45.4869064553,55.0,,6.1,12.8,,7.7,,1005.7,Trametes versicolor,"SW Farmington & Hall, Beaverton, OR 97005, USA",1,84QVF5PW+
9a104c3d-4782-429f-812b-85264fb3a00e,199745315,2024-02-18 17:00:16-08:00,2024-02-18,-122.6256355781,45.4821113226,34.0,,3.9,8.9,1.0,13.0,,1009.8,Trametes versicolor,"Reed College, Portland, OR, US",1,84QVF9JF+
fd0c7851-f7d1-4a44-a0df-e50bf90446fc,199504941,2024-02-16 14:48:50-08:00,2024-02-16,-122.6142966667,45.3594466667,53.0,,3.9,7.8,2.6,22.7,,1021.7,Trametes versicolor,"Willamette Falls Dr, West Linn, OR, US",2,84QV995P+
7beb46fc-d33b-4cc3-8a05-382ac8e98378,199395990,2024-02-09 16:19:19-08:00,2024-02-09,-122.8352282569,45.4577119193,82.0,,4.4,7.2,,3.3,,1022.0,Trametes versicolor,"Sexton Mountain, Beaverton, OR 97007, USA",1,84QVF557+
eafcf451-c154-48c3-bfdf-7c0cb70ffd59,199341452,2023-11-18 11:12:14-08:00,2023-11-18,-122.734025,45.41938,76.0,,2.8,11.1,9.0,5.5,,1008.0,Trametes versicolor,"Charles Cir, Lake Oswego, OR, US",2,84QVC798+
c69e8471-7894-4670-b12d-ee1fb74c98ed,199211117,2023-11-18 14:59:00-08:00,2023-11-18,-122.7155527778,45.4848416667,105.0,,3.9,11.1,8.1,11.9,,1008.0,Trametes versicolor,"Southwest Portland, Portland, OR, USA",1,84QVF7MM+
a3d90977-e93e-4dd4-b720-246b61b28519,198953333,2024-02-10 17:08:32-08:00,2024-02-10,-122.7978591919,45.5203552246,64.0,,4.4,9.4,0.0,2.6,,1023.3,Trametes versicolor,Beaverton,1,84QVG6C2+
9927a497-2d9e-4d9f-bc11-2448a54eeca2,198950538,2024-02-10 16:36:19-08:00,2024-02-10,-122.66804592,45.62094888,10.0,,4.4,11.7,0.0,4.3,,1024.1,Trametes versicolor,"Columbia Way, Vancouver, WA 98661, USA",2,84QVJ8CJ+
5d22e366-b8ec-4385-9b43-13cb1fc96d3f,198832824,2024-02-09 12:21:39-08:00,2024-02-09,-122.7476283333,45.59502,39.0,,5.6,7.8,,2.5,,1022.8,Trametes versicolor,"N Richmond Ave, Portland, OR, US",2,84QVH7W2+
ae1d9041-edd5-4691-8a83-f61b48a1c0bd,198702912,2024-01-25 07:41:49-08:00,2024-01-25,-122.4716188,45.4907115,85.0,,5.0,7.2,,12.8,,1019.8,Trametes versicolor,"Gresham, OR 97030, USA",1,84QVFGRH+
3f8e5a94-798b-4587-9dcd-9ee532a40b31,198629171,2023-11-07 12:03:42-08:00,2023-11-07,-122.738695,45.423575,81.0,,6.7,13.9,,9.5,,1021.4,Trametes versicolor,"Centerpointe Dr, Lake Oswego, OR, US",2,84QVC7F6+
f07ef4c1-cd71-4c87-bedd-029fb806efe7,198526803,2024-02-05 13:47:17-08:00,2024-02-05,-122.731225,45.4390966667,208.0,,7.2,10.0,8.4,10.4,,1001.2,Trametes versicolor,"Portland Community College, Portland, OR, US",1,84QVC7Q9+
b760a62d-d212-4493-b58a-3f44b33273b6,198465586,2024-02-04 15:05:47-08:00,2024-02-04,-122.5187739722,45.450091,148.0,,-1.1,13.3,0.0,14.7,,1008.5,Trametes versicolor,"Rock Creek, Happy Valley, OR, USA",1,84QVFF2J+
6e608b89-81e9-483d-bcec-82559a6dd866,198455901,2023-10-28 16:22:44-07:00,2023-10-28,-122.7360833333,45.4209116667,80.0,,2.2,12.2,0.0,18.7,,1030.7,Trametes versicolor,"Charles Cir, Lake Oswego, OR, US",1,84QVC7C7+
03e49386-427e-4225-8249-3672621af9b0,198450945,2024-02-04 15:28:19-08:00,2024-02-04,-122.6763277778,45.6660833333,28.0,,-2.2,13.9,0.0,11.1,,1009.2,Trametes versicolor,"NorthWest, Vancouver, WA, USA",1,84QVM88F+
8738f566-17af-4388-b3f1-a61aafafdd79,198428760,2024-02-04 13:19:16-08:00,2024-02-04,-122.4960164913,45.4915935081,138.0,,-1.1,13.3,0.0,14.7,,1008.5,Trametes versicolor,"Powell Butte Nature Park, Portland, OR, US",1,84QVFGR3+
7f3a67de-3243-4d2e-bb2c-9e472a00c774,197590347,2024-01-25 14:15:27-08:00,2024-01-25,-122.6095116667,45.57407,7.0,,5.0,12.8,1.5,16.6,,1019.5,Trametes versicolor,"Cully, Portland, OR, US",1,84QVH9FR+
4221ebbb-6afe-46bd-93e6-e6cca30d5fb6,197513148,2024-01-23 14:58:11-08:00,2024-01-23,-122.7366466667,45.4194133333,83.0,,6.7,11.7,,8.5,,1013.0,Trametes versicolor,"Charles Cir, Lake Oswego, OR, US",1,84QVC797+
7c6ea1cc-dde4-475d-9720-50e0b2b25101,197512857,2024-01-23 14:59:11-08:00,2024-01-23,-122.7365883333,45.419445,83.0,,6.7,11.7,,8.5,,1013.0,Trametes versicolor,"Charles Cir, Lake Oswego, OR, US",1,84QVC797+
e91bdf22-1625-47dc-a49a-bf93d99c41b9,197511792,2024-01-23 15:17:38-08:00,2024-01-23,-122.7345666667,45.41937,76.0,,6.7,11.7,,8.5,,1013.0,Trametes versicolor,"Charles Cir, Lake Oswego, OR, US",1,84QVC798+
d30ad806-137a-4193-8538-ee0383a9bfe1,197510822,2024-01-24 11:53:31-08:00,2024-01-24,-122.7094883333,45.4771116667,146.0,,5.6,10.6,22.4,17.6,,1010.2,Trametes versicolor,"SW 32nd Ave, Portland, OR, US",1,84QVF7GR+
f09ee3d1-a0d6-44ae-8ba6-b0575be78e7c,197337965,2024-01-22 13:26:20-08:00,2024-01-22,-122.6846313477,45.512298584,57.0,,3.9,7.2,12.4,24.1,,1002.5,Trametes versicolor,Portland,1,84QVG868+
34a69a46-a84f-44d1-9f06-41946f409b26,197189503,2024-01-20 16:09:32-08:00,2024-01-20,-122.775445,45.4664,79.0,,-0.6,6.1,,4.3,,1002.5,Trametes versicolor,"Harman Swim Center, Beaverton, OR, US",2,84QVF68F+
4884e5dd-9148-4507-9a90-e30e51a02a0b,196740070,2023-12-18 13:03:00-08:00,2023-12-18,-122.5844638889,45.5720333333,7.0,,6.1,9.4,0.0,14.8,,1007.0,Trametes versicolor,"Northeast Portland, Portland, OR, USA",1,84QVHCC8+
bd358728-3364-4d81-a8d1-c5f1dbf5012f,196466928,2024-01-12 12:39:27-08:00,2024-01-12,-122.68837,45.4160283333,53.0,,-6.0,5.0,0.5,16.9,,1019.3,Trametes versicolor,"Diamond Head Rd, Lake Oswego, OR, US",1,84QVC886+
72885217-92f1-4f77-9a8c-dfe616ab5e03,196254289,2023-04-18 10:18:01-07:00,2023-04-18,-122.73232,45.4223633333,87.0,,2.8,9.4,,21.1,,1013.3,Trametes versicolor,"Coventry Ct, Lake Oswego, OR, US",1,84QVC7C9+
51c956a2-5d8d-4db7-b747-6433895f0edb,196226632,2024-01-09 08:04:35-08:00,2024-01-09,-122.7090083333,45.5328133333,94.0,,1.1,11.1,25.4,18.4,,1009.8,Trametes versicolor,"NW Cornell Rd, Portland, OR, US",1,84QVG7MR+
ca07a203-eadc-4560-923e-cf8c6eeb3aff,195296629,2023-12-30 11:47:37-08:00,2023-12-30,-122.7867966667,45.4357833333,51.0,,6.1,11.1,,2.3,,1015.3,Trametes versicolor,"Dirksen Nature Park, Tigard, OR, US",1,84QVC6P7+
867c4581-e19c-4449-ba03-842b1b9f40d7,195018973,2023-12-27 14:40:18-08:00,2023-12-27,-122.7822190897,45.0598000177,112.0,,5.0,9.4,,6.7,,1009.8,Trametes versicolor,"Abbey Dr, Mount Angel, OR, US",1,84QV3659+
8900ae32-99ce-4868-892c-4a172f07b209,194992900,2023-12-26 11:49:06-08:00,2023-12-26,-122.581399,45.5238695997,81.0,,5.0,8.9,0.8,17.6,,1018.4,Trametes versicolor,"Montavilla, Portland, OR, USA",1,84QVGCF9+
86d2d51b-86cf-4e10-8c38-f2584ec2ed8c,194767614,2023-12-24 13:04:31-08:00,2023-12-24,-122.6483306885,45.3509521484,140.0,,-0.6,6.7,,5.8,,1021.8,Trametes versicolor,West Linn,1,84QV9922+
3d95d15a-7dff-4fd8-9094-434d14b82a2e,194709958,2023-12-14 16:27:57-08:00,2023-12-14,-122.716986202,45.5324341693,88.0,,5.6,11.1,0.3,7.9,,1021.5,Trametes versicolor,"Macleay Park, Portland, OR, US",1,84QVG7JM+
78442615-8641-4822-987e-0f6b4cd78e39,194553647,2023-12-21 11:34:29-08:00,2023-12-21,-122.6286783333,45.496545,46.0,,1.1,10.6,0.0,3.6,,1017.9,Trametes versicolor,"SE Powell Blvd, Portland, OR, US",1,84QVF9WC+
83fd080d-5baa-444e-9522-063fa89c430a,194537804,2023-12-20 15:12:59-08:00,2023-12-20,-122.5582079722,45.4626379722,122.0,,1.7,11.1,0.0,4.3,,1013.6,Trametes versicolor,"Lents, Portland, OR, USA",2,84QVFC7R+
81eb42ac-e1e7-4e8e-a1f3-4edd2a6ba4ec,194463329,2023-12-20 12:37:08-08:00,2023-12-20,-122.6110466667,45.5724666667,14.0,,1.7,11.1,0.0,4.3,,1013.6,Trametes versicolor,"Cully, Portland, OR, US",1,84QVH9CQ+
fe9b69ad-ce67-4bf8-8345-a0cd869f2da0,194247351,2023-12-17 10:46:56-08:00,2023-12-17,-122.44393,45.5055716667,107.0,,3.9,9.4,0.0,30.6,,1018.9,Trametes versicolor,"NW 12th St, Gresham, OR, US",1,84QVGH44+
43722f19-4fd3-4b1e-a69e-6df538301c28,194168348,2023-12-04 12:51:00-08:00,2023-12-04,-122.6542055556,45.5729138889,46.0,,13.3,19.4,1.5,16.9,,1016.6,Trametes versicolor,"Northeast Portland, Portland, OR, USA",1,84QVH8FW+
d5d1f6ad-4d07-4486-9a35-6fa2a0dabbd0,194161884,2023-12-01 11:56:28-08:00,2023-12-01,-122.4714280302,45.4722768089,130.0,,3.9,11.7,,11.7,,1011.2,Trametes versicolor,"Oregon, US",1,84QVFGCH+
90fc7358-ca85-4108-9f24-8fa5e8f05d01,194161151,2023-11-12 16:33:38-08:00,2023-11-12,-122.7910166667,45.393945,44.0,,7.2,13.3,8.8,4.0,,1013.0,Trametes versicolor,"SW Hazelbrook Rd, Tualatin, OR, US",2,84QV96V5+
82bad3f6-a5e1-4b79-987d-f89eb7da90c3,194159235,2023-12-16 16:17:39-08:00,2023-12-16,-123.0169445,45.0258833333,59.0,,-1.6,6.1,0.0,5.0,,1022.0,Trametes versicolor,"Bent Grass Ct NE, Keizer, OR, US",2,84QR2XGM+
7fbdd3b0-cde5-4148-b6c6-ccb877d6a732,194159222,2023-12-16 16:17:42-08:00,2023-12-16,-123.0169445,45.0258778333,59.0,,-1.6,6.1,0.0,5.0,,1022.0,Trametes versicolor,"Bent Grass Ct NE, Keizer, OR, US",1,84QR2XGM+
7fc77f97-245e-4b88-8241-1688f442acc0,194159213,2023-12-16 16:17:44-08:00,2023-12-16,-123.0169361667,45.0258778333,59.0,,-1.6,6.1,0.0,5.0,,1022.0,Trametes versicolor,"Bent Grass Ct NE, Keizer, OR, US",1,84QR2XGM+
b63080a4-d24c-4b0e-bdd6-aacb622dbf9f,194159201,2023-12-16 16:17:48-08:00,2023-12-16,-123.0169361667,45.025875,59.0,,-1.6,6.1,0.0,5.0,,1022.0,Trametes versicolor,"Bent Grass Ct NE, Keizer, OR, US",1,84QR2XGM+
1d82c8fd-eb07-4c18-98a3-423b65183890,194120227,2023-12-16 09:40:58-08:00,2023-12-16,-122.6712502,45.5209636,16.0,,-1.0,10.6,0.0,2.5,,1022.3,Trametes versicolor,"Old Town, Portland, OR, USA",2,84QVG8CH+
fee5c604-39c6-4438-b0c2-a814fb52be8c,194113161,2023-12-16 08:16:57-08:00,2023-12-16,-122.6932007176,45.4478451048,100.0,,-1.0,10.6,0.0,2.5,,1022.3,Trametes versicolor,"Oregon, US",2,84QVC8X4+
7ec3a138-c50a-4700-9dc0-4b62d9579fd9,193931422,2023-12-02 14:11:26-08:00,2023-12-02,-122.8383322433,45.4958967419,56.0,,6.7,10.0,,12.2,,1009.9,Trametes versicolor,"Washington County, US-OR, US",1,84QVF5W6+
984ac256-6265-4f76-8609-84b04697e341,193755628,2023-12-11 11:54:10-08:00,2023-12-11,-122.43933,45.5303416667,65.0,,7.8,12.2,,9.5,,1021.4,Trametes versicolor,"Fairview Community Park, Fairview, OR, US",1,84QVGHJ6+
5e862584-c68a-43c2-a389-02f7747de220,193413228,2023-12-08 12:04:41-08:00,2023-12-08,-122.6626317916,45.5949095023,2.0,,1.1,8.9,,1.5,,1028.6,Trametes versicolor,"NE Sixth Dr, Portland, OR, US",1,84QVH8VP+
b857076e-db0b-43b0-a703-4dadb0b9b2de,193149245,2023-12-05 09:25:29-08:00,2023-12-05,-122.5498283333,45.4924866667,84.0,,13.9,17.8,37.6,14.8,,1014.9,Trametes versicolor,"Earl Boyles Park, Portland, OR, US",1,84QVFFR2+
e544663a-4b92-4855-a88e-b8cb8d4de500,193093410,2023-12-04 15:27:12-08:00,2023-12-04,-122.645239006,45.5629389715,67.0,,13.3,19.4,1.5,16.9,,1016.6,Trametes versicolor,"Alberta Park, Portland, OR, US",1,84QVH973+
b5d3603b-a41e-414c-8137-e73a21fe1bfb,192762208,2023-12-01 14:47:45-08:00,2023-12-01,-122.6762639546,45.4436034244,95.0,,3.3,11.1,14.2,13.7,,1011.0,Trametes versicolor,"Tryon Creek State Natural Area, Portland, OR, US",1,84QVC8VF+
2c09c528-406e-48f9-bcab-ca7aae1f3bad,192723568,2023-11-24 10:14:51-08:00,2023-11-24,-122.5724167004,45.6624173522,75.0,,-1.7,10.6,0.0,3.4,,1028.3,Trametes versicolor,"Five Corners, WA, USA",2,84QVMC6H+
b4134692-bd45-4a0b-9052-edeecfcff41d,192505805,2023-11-27 16:13:50-08:00,2023-11-27,-122.644499056,45.5643139027,67.0,,-2.1,9.4,0.0,13.7,,1023.0,Trametes versicolor,"Vernon, Portland, OR 97211, USA",1,84QVH974+
829f78c3-ed35-4514-97ce-8bac87cbe605,192504702,2023-11-27 13:18:55-08:00,2023-11-27,-122.6237089187,45.5679905863,41.0,,-2.1,9.4,0.0,13.7,,1023.0,Trametes versicolor,"Concordia, Portland, OR, USA",1,84QVH99G+
e978a3fc-6c62-44f2-834c-ff2111500db6,191736088,2023-11-18 12:26:39-08:00,2023-11-18,-122.3168229053,45.7202679368,793.0,,8.3,11.7,,29.6,,1008.1,Trametes versicolor,"Washington, US",1,84QVPMCM+
5ff51f0e-a5e4-4cf6-8f1f-554b6d86b22a,191616089,2023-11-15 15:58:00-08:00,2023-11-15,-122.9508787424,44.9699579342,64.0,,7.8,12.8,0.8,5.0,,1013.1,Trametes versicolor,"Marion County, OR, USA",1,84PVX29X+
7b0c470a-e657-4e5c-9764-a044762cfa05,191602197,2023-11-20 08:59:43-08:00,2023-11-20,-122.8443791979,45.5570226066,78.0,,-0.6,10.0,0.0,5.0,,1031.0,Trametes versicolor,"NW Spartan Way, Portland, OR, US",1,84QVH544+
0ef23204-2124-47be-b711-c11b5d615595,191524938,2023-11-19 08:53:00-08:00,2023-11-19,-122.6759673601,45.4631824254,113.0,,3.9,12.8,0.5,11.2,,1027.2,Trametes versicolor,"Riverview Cemetery, Portland, OR, US",1,84QVF87F+
97561000-ed27-486c-9d7e-cd07d91ae468,191412365,2023-11-18 14:39:19-08:00,2023-11-18,-122.5520277778,45.4237305556,181.0,,3.9,11.1,8.1,11.9,,1008.0,Trametes versicolor,"Damascus, OR 97015, USA",1,84QVCCFX+
4a4c7c53-aca5-41ce-83f2-cd980a84f97c,191401606,2023-11-18 10:55:53-08:00,2023-11-18,-122.6529369503,45.4728520717,37.0,,3.9,11.1,8.1,11.9,,1008.0,Trametes versicolor,"Sellwood - Moreland, Portland, OR, USA",1,84QVF8FW+
40e97a47-0de5-42c1-b737-05affceb452e,191314996,2023-11-17 14:52:22-08:00,2023-11-17,-122.716995,45.5326616667,88.0,,2.8,13.9,0.0,10.8,,1016.5,Trametes versicolor,"Macleay Park, Portland, OR, US",1,84QVG7MM+
0fc1be7e-6c6b-4cf2-8880-627c91c6a5b6,191122482,2023-11-15 13:30:42-08:00,2023-11-15,-122.7931111974,45.55032841,160.0,,4.4,11.1,,2.9,,1013.5,Trametes versicolor,"NW Laidlaw Rd, Portland, OR, US",1,84QVH624+
85d69614-ed97-48bc-8f84-e358939162cd,190940132,2023-11-13 13:29:54-08:00,2023-11-13,-122.7726687491,45.3029136504,47.0,,6.7,13.3,,8.3,,1016.7,Trametes versicolor,"Wilsonville, OR, USA",1,84QV863G+
1fdc1daa-116a-421a-97bd-7c45363f9a60,190837201,2023-11-12 13:30:14-08:00,2023-11-12,-122.6393432617,45.552947998,78.0,,8.9,13.9,3.3,14.0,,1012.9,Trametes versicolor,Portland,1,84QVH936+
c8c8ab59-a74c-403c-a0fd-c891c8c67b4b,190744643,2023-10-09 11:17:07-07:00,2023-10-09,-122.3674083333,45.669145,392.0,,13.3,18.3,,5.6,,1006.3,Trametes versicolor,"NE 64th Cir, Camas, WA, US",1,84QVMJ9M+
e0977935-010e-42ba-bd28-e99aa734601d,190726795,2023-11-11 14:31:52-08:00,2023-11-11,-122.5689388889,45.4854222222,74.0,,10.0,13.3,4.8,18.4,,1018.3,Trametes versicolor,"Lents, Portland, OR, USA",1,84QVFCPJ+
30769295-8f94-4cbf-b862-8dcce939f755,190629899,2023-11-10 15:41:29-08:00,2023-11-10,-122.7003333333,45.4712366667,161.0,,9.4,12.8,0.3,9.7,,1021.3,Trametes versicolor,"A Park, Portland, OR, US",1,84QVF7CX+
70932925-12f8-4778-bab8-df15ec0095f5,189991411,2023-11-04 13:20:01-07:00,2023-11-04,-122.6257783333,45.5221216667,54.0,,12.2,19.4,19.8,14.0,,1010.7,Trametes versicolor,"Laurelhurst Park, Portland, OR, US",2,84QVG9CF+
e5ec161e-ed84-43f9-bd66-11f1ff56a95b,189515075,2023-10-30 15:09:26-07:00,2023-10-30,-122.6345732569,45.3832228921,71.0,,-1.1,15.6,0.0,5.7,,1025.2,Trametes versicolor,"Mary S. Young Park, West Linn, OR, US",1,84QV99M8+
ac0634bd-f59f-4fba-bb40-ad51bb925541,189511058,2023-10-30 14:39:31-07:00,2023-10-30,-122.6268049172,45.381806591,48.0,,-1.1,15.6,0.0,5.7,,1025.2,Trametes versicolor,"Lamplighter Ct, West Linn, OR, US",1,84QV99JF+
69ed1d92-f1d7-40cc-b164-80f73b28a756,189447660,2022-04-17 19:24:11-07:00,2022-04-17,-122.6835389435,45.4810580384,139.0,,3.9,14.4,0.0,11.9,,1022.3,Trametes versicolor,"Location: 45.481058, -122.683539",1,84QVF8J8+
beba250f-34dd-4b9d-bdc1-781663ac43f8,189277679,2023-10-28 14:44:30-07:00,2023-10-28,-122.6784731474,45.4408123336,78.0,,-1.0,13.3,0.0,13.3,,1031.7,Trametes versicolor,"Tryon Creek State Natural Area, Portland, OR, US",1,84QVC8RC+
2cd5d64c-bb80-4d4f-916f-32a7aa41630e,188935239,2023-10-20 13:24:17-07:00,2023-10-20,-122.8962055556,45.0296583333,58.0,,9.4,18.3,0.0,5.0,,1014.6,Trametes versicolor,"Silverton, OR 97381, USA",1,84QV24H3+
cceb2c1b-3d01-44c4-92d4-da5f9d9ff3fc,188865879,2023-10-24 10:39:22-07:00,2023-10-24,-122.6773753288,45.4420022247,78.0,,8.3,11.7,11.2,10.1,,1013.3,Trametes versicolor,"Tryon Creek State Natural Area, Portland, OR, US",1,84QVC8RF+
0c9ed814-e779-4da6-8155-fc99f593dcf5,188698099,2023-10-23 12:34:45-07:00,2023-10-23,-122.5344549773,45.4739505658,94.0,,11.1,16.7,0.0,9.0,,1017.8,Trametes versicolor,"Leach Botanical Garden, Portland, OR, US",2,84QVFFF8+
7b1478a3-8d54-4a1a-8da5-e3f3746a3b46,188669833,2023-10-21 10:56:00-07:00,2023-10-21,-122.6772348902,45.4416600631,78.0,,13.9,16.1,0.8,3.6,,1011.8,Trametes versicolor,"Forest Highlands, Portland, OR, USA",1,84QVC8RF+
09164d3a-f0ed-41d1-86ed-015a3278169f,188550370,2023-10-22 11:02:32-07:00,2023-10-22,-122.62851411,45.52187112,61.0,,11.1,18.3,0.0,6.5,,1011.8,Trametes versicolor,"Laurelhurst, Portland, OR, USA",2,84QVG9CC+
e72a666d-dcce-4b9f-9bc0-cdf8b6a345ea,188323743,2023-10-20 17:48:41-07:00,2023-10-20,-122.441458935,45.4796365137,202.0,,11.7,20.6,0.0,2.9,,1015.0,Trametes versicolor,"SW Binford Lake Pkwy, Gresham, OR, US",1,84QVFHH5+
461ec9d4-9a94-4d9f-8b74-270369927db8,188062351,2023-10-18 13:21:23-07:00,2023-10-18,-122.562514,44.7677828,221.0,,8.3,20.6,0.0,2.5,,1018.1,Trametes versicolor,"Lyons, OR 97358, USA",1,84PVQC9P+
f68390b1-8e6c-4e20-8eae-d5f2a6ba4630,187983520,2023-10-17 20:41:12-07:00,2023-10-17,-122.7934103,44.78114955,148.0,,8.3,18.9,0.0,3.2,,1021.2,Trametes versicolor,"Stayton, OR 97383, USA",1,84PVQ6J4+
be20cb91-8916-447b-8117-57e7bd3d49df,185685304,2023-09-30 12:52:11-07:00,2023-09-30,-122.8463258968,45.5002178997,72.0,,7.8,20.0,0.0,12.2,,1014.8,Trametes versicolor,"Tualatin Hills Nature Park, Beaverton, OR, US",1,84QVG523+
a57e8ca1-3bf1-4bdb-86a8-4e44490e579a,181219753,2023-09-01 08:49:42-07:00,2023-09-01,-122.3745883333,45.5528666667,14.0,,17.2,27.2,,7.0,,1009.4,Trametes versicolor,"Sandy River Delta, Troutdale, OR, US",1,84QVHJ3G+
9e5468b6-3e69-413a-8dc9-77f3567e5fb7,179444379,2023-08-07 12:19:00-07:00,2023-08-07,-122.7073944444,45.5182416667,177.0,,19.4,29.4,0.0,9.0,,1019.6,Trametes versicolor,"Southwest Portland, Portland, OR, USA",1,84QVG79V+
88350de5-eb13-48c4-abbf-0e49c6e4da1b,177735871,2023-08-10 14:40:51-07:00,2023-08-10,-122.7075283333,45.5184283333,177.0,,17.8,26.1,0.0,11.9,,1015.5,Trametes versicolor,"Washington Park, Portland, OR, US",1,84QVG79R+
c0cdb187-9b0a-4252-a258-b34f3420532c,177079754,2023-08-05 10:25:53-07:00,2023-08-05,-122.7301633333,45.5268783333,164.0,,20.0,28.3,,7.2,,1019.6,Trametes versicolor,"NW Cornell Rd, Portland, OR, US",1,84QVG7G9+
f70aeaa7-ded0-4b87-97e2-48b3d5d70488,176213270,2023-08-01 19:24:18-07:00,2023-08-01,-122.6360855103,45.3814086914,76.0,,13.3,31.1,0.0,8.0,,1017.6,Trametes versicolor,West Linn,1,84QV99J7+
c20fef15-257d-4e45-92ff-843734af2254,175968628,2023-07-31 08:46:08-07:00,2023-07-31,-122.707481,45.5182479722,177.0,,15.6,29.4,0.0,11.5,,1018.9,Trametes versicolor,"Arlington Heights, Portland, OR, USA",1,84QVG79V+
a8587d77-86ed-4854-9a18-05b9a79d27ee,175607344,2023-07-29 10:52:42-07:00,2023-07-29,-122.661353,45.469017,12.0,,15.6,27.8,0.0,13.0,,1018.9,Trametes versicolor,"Sellwood - Moreland, Portland, OR, USA",1,84QVF89Q+
9c7c1185-d37a-4096-aeac-5e5983708d57,174818384,2023-07-22 10:49:26-07:00,2023-07-22,-122.8856222222,45.2492861111,30.0,,13.9,32.2,0.0,4.9,,1017.0,Trametes versicolor,"St Paul, OR 97137, USA",1,84QV64X7+
6d8cddf3-65a6-4ff7-bb9a-22116ced8a39,173671393,2023-07-18 15:03:03-07:00,2023-07-18,-122.7926821356,44.6238294896,148.0,,12.8,31.7,0.0,18.0,,1017.6,Trametes versicolor,"Providence Dr, Scio, OR, US",1,84PVJ6F4+
4ce6ab64-255f-49de-935f-4fb7b1501113,171825174,2023-07-08 12:36:36-07:00,2023-07-08,-122.5450283333,45.429925,85.0,,14.4,23.9,0.0,3.7,,1014.0,Trametes versicolor,"Mount Talbert Nature Park, Clackamas, OR, US",1,84QVCFH3+
7709fff0-699f-4da8-8617-acf69de024a4,171812609,2023-07-08 12:57:42-07:00,2023-07-08,-122.619324932,45.3612775449,119.0,,12.8,24.4,0.0,4.3,,1014.3,Trametes versicolor,"Windsor Terr, West Linn, OR, US",1,84QV996J+
c4bfcd66-4aa7-4abe-a396-38f6fe30e034,164329199,2023-05-28 17:32:07-07:00,2023-05-28,-122.6403884888,45.5363464355,56.0,,10.6,22.8,0.0,11.2,,1017.0,Trametes versicolor,Portland,1,84QVG9P5+
575b9ca9-8d10-42f5-9130-f81cba71fcf2,164123483,2023-05-27 09:03:03-07:00,2023-05-27,-122.7854216667,45.53698,131.0,,11.7,22.8,0.0,10.2,,1015.1,Trametes versicolor,"NW Le Mans Ct, Portland, OR, US",1,84QVG6P7+
8024bb30-64ee-44d1-8090-48b7edf74d21,163048861,2023-05-21 12:45:23-07:00,2023-05-21,-122.7654899997,45.6420411,18.0,,12.2,17.8,0.0,12.2,,1023.8,Trametes versicolor,"St. Johns, Portland, OR, USA",1,84QVJ6RM+
3988ea1f-3b71-416d-9509-a21c2ab131d5,161904487,2023-05-15 14:11:42-07:00,2023-05-15,-122.6449307421,45.43379346,19.0,,16.1,33.3,0.8,9.0,,1014.0,Trametes versicolor,"SE Sparrow St, Milwaukie, OR, US",1,84QVC9M4+
921c7e76-f1e3-44fe-a8da-5e058b068845,161446264,2023-05-13 10:57:37-07:00,2023-05-13,-122.6612701416,45.4690551758,12.0,,13.9,33.9,0.0,12.2,,1019.4,Trametes versicolor,Portland,1,84QVF89Q+
fc94b665-8e41-4f59-b9dc-704a9c1def3c,161267626,2023-05-11 09:18:48-07:00,2023-05-11,-122.5944666667,45.48183,74.0,,11.1,26.1,0.0,5.8,,1019.1,Trametes versicolor,"SE Reedway St, Portland, OR, US",1,84QVFCJ4+
e8f97f3e-0afa-4f92-96ce-c3045903eb63,161252653,2023-05-12 09:25:40-07:00,2023-05-12,-122.63321774,45.49471856,46.0,,12.2,32.2,0.0,6.5,,1020.4,Trametes versicolor,"Creston - Kenilworth, Portland, OR, USA",1,84QVF9V8+
5924f4db-f0e8-4bd4-808c-d28eede13260,161145485,2023-05-11 15:22:16-07:00,2023-05-11,-122.6814346313,45.5311279297,9.0,,11.1,26.1,0.0,5.8,,1019.1,Trametes versicolor,Portland,1,84QVG8J9+
527ece2d-7f81-40a8-a141-632bccb3bf94,160493190,2023-05-06 19:55:58-07:00,2023-05-06,-122.5527116667,45.33895,120.0,,8.3,17.2,,7.9,,1015.5,Trametes versicolor,"S Maplelane Rd, Oregon City, OR, US",1,84QV8CQW+
28586d5b-851c-4b56-88b7-41409e51e4c7,160227647,2023-05-06 19:51:15-07:00,2023-05-06,-122.5527716667,45.3389333333,120.0,,8.3,17.2,,7.9,,1015.5,Trametes versicolor,"S Maplelane Rd, Oregon City, OR, US",1,84QV8CQW+
9e4b0a9f-58b9-48d6-b8cd-83a4dc3169df,160200093,2023-05-06 17:19:04-07:00,2023-05-06,-122.60171454,45.55695575,55.0,,11.1,17.2,0.3,5.4,,1015.2,Trametes versicolor,"Cully, Portland, OR, USA",2,84QVH94X+
c2f09979-8fad-4e4e-aaa6-cbe98580caca,158939007,2021-02-27 13:56:05-08:00,2021-02-27,-122.526925,45.6539333333,78.0,,3.3,11.1,0.3,9.7,,1025.1,Trametes versicolor,"NE 45th St, Vancouver, WA, US",2,84QVMF3F+
3fdf6f1b-60cf-4076-b0bd-55761ff1d463,158785995,2023-05-01 11:48:40-07:00,2023-05-01,-122.5347685686,45.47449711,94.0,,11.1,15.6,0.0,6.5,,1010.7,Trametes versicolor,"Leach Botanical Garden, Portland, OR, US",1,84QVFFF8+
62812a27-937b-496a-887e-9f71592504e3,158326125,2023-04-30 14:52:57-07:00,2023-04-30,-122.674369812,45.4449310303,113.0,,10.6,18.9,0.0,9.4,,1013.6,Trametes versicolor,Portland,1,84QVC8VG+
368d21ed-d90c-4390-8e72-5974c4b8c784,158300466,2023-04-30 11:39:52-07:00,2023-04-30,-122.7654116667,45.6489033333,5.0,,10.0,17.8,0.0,7.5,,1014.2,Trametes versicolor,"Kelley Point Park, Portland, OR, US",1,84QVJ6XM+
5dc0d9e1-a9da-4abd-a123-82dc06c8b5aa,158252050,2023-04-30 12:14:36-07:00,2023-04-30,-122.7632616667,45.64923,14.0,,10.0,17.8,0.0,7.5,,1014.2,Trametes versicolor,"Kelley Point Park, Portland, OR, US",1,84QVJ6XP+
1d01e246-35a5-4b41-a706-eebf759977fa,157660019,2023-02-18 11:08:57-08:00,2023-02-18,-122.732375,45.4202,76.0,,5.6,11.7,0.0,6.1,,1023.2,Trametes versicolor,"Westlake Dr, Lake Oswego, OR, US",1,84QVC7C9+
61d6e0fb-0e4e-4455-92eb-f161d75e1e0b,156608001,2023-04-25 10:36:54-07:00,2023-04-25,-122.794736959,45.4587904196,53.0,,2.2,19.4,0.0,4.7,,1023.4,Trametes versicolor,"Greenway, Beaverton, OR 97008, USA",1,84QVF654+
6e899890-92ea-4252-9793-4089b6dc23d7,156464253,2023-04-24 12:19:28-07:00,2023-04-24,-122.672164917,45.7361450195,57.0,,8.9,13.9,,5.9,,1020.9,Trametes versicolor,Vancouver,2,84QVP8PH+
9c74ee98-47b9-4b68-b513-2a352126abb6,156191256,2023-04-22 15:45:03-07:00,2023-04-22,-122.6780088991,45.4397480707,78.0,,9.4,18.9,4.1,6.5,,1020.9,Trametes versicolor,"Forest Highlands, Portland, OR, USA",2,84QVC8QC+
6a5096f6-ebf7-4ab0-838a-3083c8dd32c4,156028786,2021-10-31,2021-10-31,-121.5509440005,45.8233079303,315.0,,4.4,13.3,0.0,6.2,,1020.8,Trametes versicolor,"Location: 45.823308, -121.550944",2,84QWRCFX+
73dbba7c-2802-4894-ae57-140f31da04ca,153635667,2023-04-05 13:08:12-07:00,2023-04-05,-122.3779394478,45.5377855481,12.0,,3.3,12.2,,5.2,,1022.0,Trametes versicolor,Sugarpine Drive-In,1,84QVGJQC+
6da76604-8f6b-40b1-b3d6-4301fd5b7749,152879706,2023-03-30 12:06:00-07:00,2023-03-30,-122.6360972222,45.3826305556,76.0,,5.0,12.2,,12.7,,1012.7,Trametes versicolor,"West Linn, OR, USA",1,84QV99M7+
be3c5c57-5c55-46b2-9fc9-ced7fc9885bd,151985549,2023-03-22 17:28:12-07:00,2023-03-22,-122.62225952,45.4820564024,73.0,,3.9,18.9,0.5,8.6,,1008.8,Trametes versicolor,"SE Cesar Chavez Blvd & Harold, Portland, OR 97202, USA",1,84QVF9JH+
85e09606-118a-4171-bebb-78c9a7e5e53a,151151046,2023-03-14 13:13:11-07:00,2023-03-14,-122.58841037,45.46498588,72.0,,1.7,12.8,0.0,7.2,,1009.9,Trametes versicolor,"Brentwood-Darlington, Portland, OR, USA",1,84QVFC76+
b166fb60-b018-4fee-9866-5026226bc276,149348568,2023-02-19 17:33:45-08:00,2023-02-19,-122.6544399722,45.4773449722,6.0,,3.9,10.6,0.0,8.3,,1026.8,Trametes versicolor,"Sellwood - Moreland, Portland, OR, USA",1,84QVF8GW+
10add63b-6979-4185-8b00-6000bdac1a52,148811918,2023-02-14 16:02:42-08:00,2023-02-14,-122.6242366667,45.4807083333,66.0,,0.0,7.2,1.0,6.1,,1020.5,Trametes versicolor,"Reed College, Portland, OR, US",1,84QVF9JG+
19f9f96e-de81-41c5-806c-4650887fd6b6,148764126,2023-01-25 12:21:08-08:00,2023-01-25,-122.6891388889,45.4501111111,83.0,,5.6,8.9,0.0,3.2,,1038.7,Trametes versicolor,"Marshall Park, Portland, OR 97219, USA",1,84QVF826+
0b670a72-f40d-4802-8f3e-c27c3294022e,148650092,2023-02-12 14:59:39-08:00,2023-02-12,-122.4584406,45.4787002997,122.0,,0.6,11.7,,3.4,,1023.2,Trametes versicolor,"Southwest, Gresham, OR 97080, USA",1,84QVFGHR+
fc47e4af-9219-4e32-a059-a35bd0082379,148481282,2023-02-06 13:53:00-08:00,2023-02-06,-122.8410676446,45.4963864513,68.0,,2.8,9.4,,8.9,,1031.1,Trametes versicolor,"Cooper Mountain - Aloha North, Beaverton, OR, USA",1,84QVF5W5+
a0ac0733-b1ae-46b8-a397-3d726310524a,148430053,2023-02-09 16:05:16-08:00,2023-02-09,-122.7633409722,45.3890749722,46.0,,0.0,12.8,0.5,3.2,,1024.0,Trametes versicolor,"Sherwood - Tualatin North, Sherwood, OR, USA",1,84QV96QP+
caac43f2-b47f-42f1-9bca-a33f96898898,146920128,2023-01-19 09:10:45-08:00,2023-01-19,-122.6450184998,45.4344115224,19.0,,1.1,6.1,0.0,2.2,,1028.5,Trametes versicolor,"SE Sparrow St, Milwaukie, OR, US",1,84QVC9M3+
b9113ab0-2d55-4129-a31a-561ddf3b70cf,146847361,2023-01-18 09:35:32-08:00,2023-01-18,-122.5073783601,45.4480845607,253.0,,5.6,7.8,,10.2,,1014.7,Trametes versicolor,"Scouters Mountain Nature Park, Happy Valley, OR, US",1,84QVCFXV+
2a198adf-64bb-4186-9faa-ec9a2073f288,146795933,2023-01-17 16:05:08-08:00,2023-01-17,-122.6096837163,45.5731714505,7.0,,7.2,10.6,0.5,13.3,,1015.4,Trametes versicolor,"Cully, Portland, OR, US",1,84QVH9FR+
a6822b0b-4b74-45f3-baab-bf67bb80e5a7,146749659,2023-01-16 14:37:49-08:00,2023-01-16,-122.877725,45.448395,189.0,,1.7,9.4,,5.2,,1007.7,Trametes versicolor,"Cooper Mountain Nature Park, Beaverton, OR, US",2,84QVC4XC+
51eace0f-050c-4bc4-a95d-1c45d7a6722b,146726883,2023-01-16 16:23:42-08:00,2023-01-16,-122.6763621199,45.445730272,99.0,,3.9,10.6,2.3,6.1,,1008.0,Trametes versicolor,"SW Sixth Ave, Portland, OR, US",2,84QVC8WF+
177752b2-d031-427b-9929-58d28af7a81d,144635451,2022-12-18 14:37:50-08:00,2022-12-18,-122.716575,45.5326616667,92.0,,1.7,7.2,0.5,10.4,,1017.7,Trametes versicolor,"Macleay Park, Portland, OR, US",1,84QVG7MM+
a359b64e-4826-4ff8-b5d6-59da2f14d147,144576275,2022-12-17 11:44:17-08:00,2022-12-17,-122.8969411824,45.0297571583,58.0,,-5.5,8.3,0.0,5.4,,1020.6,Trametes versicolor,"Labish Center Rd NE, Silverton, OR, US",1,84QV24H3+
a9f2d155-456a-406f-9f0d-ebf14b05dba4,144322447,2022-12-13 14:36:40-08:00,2022-12-13,-122.7038523749,45.4842411014,153.0,,-1.0,5.0,0.0,1.4,,1024.2,Trametes versicolor,"SW Peaceful Ln, Portland, OR, US",1,84QVF7MW+
a863ab94-96b4-4360-8744-6e92f7f44d7e,144255223,2022-12-12 13:32:09-08:00,2022-12-12,-122.4579644948,45.7739098326,132.0,,0.6,9.0,0.0,3.7,,1018.0,Trametes versicolor,"Venersborg, WA 98604, USA",1,84QVQGFR+
f61805aa-61d3-4a69-abd4-7548ebf8407a,143608746,2022-12-03 14:09:35-08:00,2022-12-03,-122.6822758172,45.4442385047,77.0,,3.3,7.8,0.0,28.8,,1016.3,Trametes versicolor,"Tryon Creek State Natural Area, Portland, OR, US",1,84QVC8V9+
efd395ab-cb11-43a5-8579-fbacf0a76dea,143417715,2022-11-26 12:52:47-08:00,2022-11-26,-122.7168722222,45.5321944444,88.0,,5.0,8.9,0.0,3.6,,1030.4,Trametes versicolor,"Portland, OR 97210, USA",1,84QVG7JM+
b30ec440-dbac-4296-b296-e04622e50cb5,143121139,2022-11-27 16:35:14-08:00,2022-11-27,-122.79420433,44.62505333,140.0,,4.4,8.3,4.3,15.5,,1019.1,Trametes versicolor,"Scio, OR 97374, USA",1,84PVJ6G4+
bba7e79d-04bc-4854-8064-b2a33bdd0b3b,142725384,2022-11-23 11:34:48-08:00,2022-11-23,-122.8315888889,45.4207833333,175.0,,0.0,6.7,0.0,2.7,,1028.1,Trametes versicolor,"Bull Mountain, Tigard, OR, USA",1,84QVC5C9+
1dde2e5a-f918-4cba-9274-a7cf7830d97d,142455301,2022-11-19 09:51:26-08:00,2022-11-19,-122.8406361111,45.5035666667,59.0,,-6.1,9.4,0.0,7.9,,1026.4,Trametes versicolor,"Cooper Mountain - Aloha North, Beaverton, OR, USA",1,84QVG535+
750cf9da-e8b2-4dbf-a3fa-17f4aa829c07,141971101,2022-11-13 12:50:30-08:00,2022-11-13,-122.8401916667,45.5035222222,59.0,,-3.3,9.4,0.0,2.5,,1027.7,Trametes versicolor,"Cooper Mountain - Aloha North, Beaverton, OR, USA",1,84QVG535+
3de15b1c-e087-43bc-8aea-104822bf3066,141831540,2022-11-12 14:33:54-08:00,2022-11-12,-122.627797,45.735317,68.0,,3.9,10.6,0.0,5.1,,1023.5,Trametes versicolor,"Mt Vista, WA, USA",1,84QVP9PC+
79592b09-f4e0-4a86-96dc-b87e73eeee11,141208291,2022-11-05 15:13:00-07:00,2022-11-05,-122.8043593849,45.5412360654,132.0,,4.4,13.9,,10.0,,1013.7,Trametes versicolor,"Bonny Slope, Portland, OR 97229, USA",1,84QVG5RW+
18476131-a154-4a06-bf9d-a0ae1b063168,140862910,2022-10-30 10:33:23-07:00,2022-10-30,-122.7083242353,45.5062536739,209.0,,11.7,15.0,0.0,11.2,,1022.7,Trametes versicolor,"SW Upper Dr, Portland, OR, US",2,84QVG74R+
26564586-bc8a-4d39-92f5-74ab47e579f7,140476952,2022-10-28 17:03:08-07:00,2022-10-28,-122.3980783333,45.5145033333,99.0,,8.3,12.8,,3.5,,1020.9,Trametes versicolor,"Mt. Hood Community College, Gresham, OR, US",1,84QVGJ72+
598b4234-b8ca-4cc0-b3fa-93f6a8709dc3,139689457,2022-10-22 15:22:00-07:00,2022-10-22,-122.8046354065,45.5412906369,132.0,,6.1,15.0,,10.7,,1008.5,Trametes versicolor,"Bonny Slope, Portland, OR 97229, USA",1,84QVG5RW+
0cee8019-f5a0-4ae9-86e9-1a0d3aefe37f,138588376,2015-08-09 16:01:00-07:00,2015-08-09,-122.6569583333,45.5739583333,38.0,,16.1,30.0,0.0,9.4,,1014.1,Trametes versicolor,"Northeast Portland, Portland, OR, USA",1,84QVH8FV+
75066061-b970-473c-a43d-c61f55ec99af,137987068,2022-08-05 13:28:44-07:00,2022-08-05,-122.5071116667,45.4443033333,275.0,,12.2,28.9,0.0,5.4,,1015.0,Trametes versicolor,"Scouters Mountain Nature Park, Happy Valley, OR, US",1,84QVCFVV+
9bbf3e8f-7817-42cc-8fa2-f1881079a602,135061057,2022-09-13 19:19:19-07:00,2022-09-13,-122.6360989643,45.5175202433,46.0,,17.8,23.3,0.0,8.6,,1012.0,Trametes versicolor,"SE 29th Ave, Portland, OR, US",1,84QVG997+
5af0ac6c-5509-4be1-a0fd-98210ff24045,128670393,2021-11-17 13:57:00-08:00,2021-11-17,-121.32663,45.942147,558.0,,-0.6,10.0,0.0,5.9,,1029.1,Trametes versicolor,"Conboy wildlife refuge, Klickitat County, WA",2,84QWWMRF+
af5877b9-6742-4b84-84d7-876012713f8e,127133498,2022-07-13 12:36:00-07:00,2022-07-13,-122.7008108,45.4151934,105.0,,12.8,26.7,0.0,7.7,,1016.6,Trametes versicolor,"Lake Oswego, OR 97034, USA",1,84QVC78X+
8af8d0ca-ef6a-4d05-807f-ae8be174f156,123598284,2022-06-26 14:13:59-07:00,2022-06-26,-122.6033378765,45.5775004008,6.0,,16.1,37.2,0.0,8.3,,1014.0,Trametes versicolor,97218,1,84QVH9HW+
fd48a6a8-20a8-4181-9170-dec056d65427,119934840,2022-02-24 15:27:45-08:00,2022-02-24,-122.67115,45.451905,138.0,,-2.7,5.0,0.5,6.8,,1030.7,Trametes versicolor,"Lewis & Clark College, Portland, OR, US",2,84QVF82H+
dbe4efa0-9ae7-4dcc-a20d-56842f91d0d4,119356738,2019-01-26 21:52:00-08:00,2019-01-26,-122.767320451,45.5718112433,184.0,,0.0,6.1,0.0,1.4,,1031.7,Trametes versicolor,"Linnton, Portland, OR, USA",1,84QVH6CM+
ff47f16b-f45c-4af3-a7b9-82a1e3966129,116568019,2022-05-10 10:29:40-07:00,2022-05-10,-122.5864033333,45.5191416667,91.0,,6.1,17.2,0.0,7.9,,1022.4,Trametes versicolor,"SE Stark St, Portland, OR, US",1,84QVGC97+
2a38a889-67fa-40e1-bae9-acc67b96d38e,115844381,2022-05-04 17:24:42-07:00,2022-05-04,-122.7457046509,45.4840278625,81.0,,7.8,23.9,0.0,5.4,,1016.4,Trametes versicolor,Portland,2,84QVF7M3+
8f53f770-7c4b-43c5-88ed-b1d01459ed93,115165026,2022-04-29 09:33:39-07:00,2022-04-29,-122.7807633333,45.5363783333,138.0,,4.4,15.0,,7.8,,1020.9,Trametes versicolor,"NW Village Cir, Portland, OR, US",1,84QVG6P9+
74bb47ea-1084-45b7-a3ce-4df4345342d4,114220199,2022-04-30 07:57:23-07:00,2022-04-30,-122.6773766523,45.2867063927,44.0,,8.9,14.4,,7.8,,1016.0,Trametes versicolor,"Fish Eddy Landing, Canby, OR, US",1,84QV78PF+
2fe141bb-d006-4bac-8451-9ef911900667,114055084,2022-04-30 17:30:46-07:00,2022-04-30,-122.6595683768,45.4665406223,35.0,,9.4,15.0,18.3,11.2,,1015.7,Trametes versicolor,"Sellwood - Moreland, Portland, OR, USA",2,84QVF88R+
3d63be58-6fba-4d3c-bfd3-25e758f304b0,114015701,2022-04-30 15:25:40-07:00,2022-04-30,-122.63759,45.7321919722,102.0,,10.0,13.9,,9.4,,1015.7,Trametes versicolor,"Mt Vista, WA, USA",1,84QVP9J6+
d4b05a64-2116-456b-8762-4160e93efd00,112720965,2021-01-16 09:48:20-08:00,2021-01-16,-122.6283116667,45.43925,46.0,,5.6,10.0,0.0,7.9,,1029.4,Trametes versicolor,"SE 34th Ave, Milwaukie, OR, US",1,84QVC9QC+
941ab5da-ef3c-4c41-b767-a6a31562c1c3,112616033,2022-04-23 16:41:50-07:00,2022-04-23,-122.6504194444,45.6363555556,66.0,,5.0,18.3,0.0,2.8,,1026.6,Trametes versicolor,"Gaiser Hall, Vancouver, WA 98661, USA",1,84QVJ8PX+
1ef5d8b9-a2bf-4ced-969c-1e44e026b40c,111859073,2022-04-17 16:50:46-07:00,2022-04-17,-122.8195487335,45.4611173795,135.0,,0.0,13.9,,5.7,,1022.1,Trametes versicolor,Hyland Woods Natural Area,1,84QVF56J+
9581c638-cacf-4c91-a0b8-53877c467890,111843689,2022-04-17 13:57:48-07:00,2022-04-17,-122.67427,45.4538533333,141.0,,3.9,14.4,0.0,11.9,,1022.3,Trametes versicolor,"River View Natural Area, Portland, OR, US",1,84QVF83G+
aa573c49-e640-4684-9010-7a72d581dc50,111379690,2022-04-13 18:59:07-07:00,2022-04-13,-122.6362455334,45.4401328574,23.0,,2.8,11.1,4.3,12.2,,1015.3,Trametes versicolor,"Oregon, US",1,84QVC9R7+
eef391a2-85b5-4d56-85da-fb4da1fcb401,111279961,2022-03-29 16:32:05-07:00,2022-03-29,-122.7033833333,45.530495,51.0,,8.9,16.1,0.0,3.6,,1017.7,Trametes versicolor,"NW Marshall St, Portland, OR, US",1,84QVG7JW+
95f2a17a-cd34-46c3-967d-f4c4d6d3742c,111071316,2022-01-06 16:22:30-08:00,2022-01-06,-122.4718083333,45.6207783333,88.0,,3.9,13.9,,20.4,,1008.3,Trametes versicolor,"SE 1st St, Vancouver, WA, US",1,84QVJGCH+
d0208a27-2c88-4184-a6b3-91feec81b69c,111004039,2022-04-10 13:12:48-07:00,2022-04-10,-122.7456283333,45.3377633333,104.0,,3.3,7.8,,11.5,,1017.9,Trametes versicolor,"SW Knollwood Ct, Tualatin, OR, US",1,84QV87Q3+
986b069b-33cd-472f-874e-bdedcd31f856,110697513,2022-04-07 12:57:11-07:00,2022-04-07,-122.6789783333,45.4280866667,77.0,,6.1,23.9,0.0,10.1,,1021.9,Trametes versicolor,"Tryon Creek State Natural Area, Lake Oswego, OR, US",1,84QVC8HC+
0bee9802-e541-416a-9c0e-89fed7d54b53,110697492,2022-04-07 12:57:30-07:00,2022-04-07,-122.6790083333,45.4280866667,77.0,,6.1,23.9,0.0,10.1,,1021.9,Trametes versicolor,"Tryon Creek State Natural Area, Lake Oswego, OR, US",1,84QVC8HC+
956f7d0c-7153-4266-bbf3-12f1e7b5c438,110521381,2022-04-05 14:20:10-07:00,2022-04-05,-122.7685320359,45.3855711829,41.0,,2.8,11.7,,10.1,,1028.1,Trametes versicolor,"SW Sweek Dr, Tualatin, OR, US",1,84QV96PJ+
bb3d9474-0676-4320-8aa1-c54fabe83426,110238388,2022-04-02 11:44:34-07:00,2022-04-02,-122.6782133333,45.434145,91.0,,6.7,15.6,0.5,5.8,,1023.9,Trametes versicolor,"Tryon Creek State Natural Area, Lake Oswego, OR, US",1,84QVC8MC+
a2858c3e-8cd2-49ce-8e14-1c79ff873721,110022147,2022-03-31 10:54:07-07:00,2022-03-31,-122.5999694175,45.4956018369,73.0,,6.1,13.9,0.0,8.3,,1023.9,Trametes versicolor,"SE Rhone St, Portland, OR, US",1,84QVFCW2+
a2912f4d-777c-4577-98c8-1f89953613b3,109841072,2022-03-29 08:27:00-07:00,2022-03-29,-122.6416397095,45.4665184021,21.0,,8.9,16.1,0.0,3.6,,1017.7,Trametes versicolor,Portland,1,84QVF985+
12a85f9d-1ea9-4756-96d1-41803c7a25e4,109814942,2022-03-28 15:43:00-07:00,2022-03-28,-122.6180816667,45.3610533333,92.0,,11.1,15.6,0.0,5.3,,1008.5,Trametes versicolor,"Camassia Nature Preserve, OR, USA",1,84QV996J+
4a2475b0-b969-4f8f-8395-24b0f749e4e8,109670051,2022-03-27 11:01:31-07:00,2022-03-27,-122.87994626,44.79985073,113.0,,8.9,20.6,0.0,5.4,,1004.6,Trametes versicolor,"Aumsville, OR 97325, USA",1,84PVQ4XC+
e3d2eae6-bf5c-4734-be7a-d513ba389616,109290559,2022-03-22 14:12:58-07:00,2022-03-22,-122.6629716667,45.4067533333,86.0,,10.6,20.0,0.0,6.5,,1027.4,Trametes versicolor,"Wells St, Lake Oswego, OR, US",1,84QVC84P+
a65402bf-5cee-45a8-932b-b84d9610f14f,109058342,2022-03-20 09:57:48-07:00,2022-03-20,-122.7555932982,45.644460833,2.0,,5.0,10.0,,6.2,,1027.2,Trametes versicolor,"Columbia River, Portland, OR, US",1,84QVJ6VV+
9e6ae0a3-0f7e-4e3b-be1c-466e61870d57,109023780,2022-03-19 13:28:10-07:00,2022-03-19,-122.9679284085,45.2672061625,24.0,,3.9,11.7,,13.8,,1016.2,Trametes versicolor,"Oregon, US",1,84QV728J+
38dda71c-654c-4cdf-963a-fc9ad69e9be9,108920574,2022-03-18 18:33:10-07:00,2022-03-18,-122.7652909979,45.4233692716,48.0,,6.7,13.3,,8.1,,1018.0,Trametes versicolor,"Metzger, OR, USA",1,84QVC6FM+
cd75873f-22ba-49f1-8968-3033d391c3d9,108909210,2022-03-18 16:37:08-07:00,2022-03-18,-122.9962586147,44.9565392454,59.0,,8.3,15.6,0.0,13.3,,1018.1,Trametes versicolor,"Rawlins Ave NE, Salem, OR, US",1,84PVX243+
93692f65-cd21-4c8a-8152-913babbb6fad,108289227,2022-03-07 12:08:20-08:00,2022-03-07,-122.6305729656,45.4817071455,39.0,,1.7,12.2,0.0,6.1,,1033.7,Trametes versicolor,"Reed Lake, Portland, OR, US",2,84QVF9J9+
4d57c4f1-3bc2-4864-8167-f434774438dc,108254195,2022-03-09 11:26:35-08:00,2022-03-09,-122.5939783333,45.625825,94.0,,2.8,11.1,0.8,11.2,,1023.1,Trametes versicolor,"Indiana St, Vancouver, WA, US",1,84QVJCG4+
4b0a74e0-db62-450b-b56e-f90d4e497181,108224813,2022-03-05 11:34:38-08:00,2022-03-05,-122.8953466644,45.0294875193,52.0,,0.6,13.3,0.0,4.3,,1024.0,Trametes versicolor,"Labish Center Rd NE, Silverton, OR, US",1,84QV24H3+
dac92857-c935-47c8-853a-baab23c116b8,108070536,2022-03-06 14:48:12-08:00,2022-03-06,-122.6292179722,45.7348289722,88.0,,1.7,10.6,0.0,2.4,,1031.1,Trametes versicolor,"Mt Vista, WA, USA",1,84QVP9MC+
c0a61096-284c-454b-b57a-cd956bbc2b90,108044712,2022-03-05 11:49:05-08:00,2022-03-05,-122.7280310129,45.5203538021,281.0,,0.6,13.9,0.0,5.0,,1024.1,Trametes versicolor,"Oregon, US",1,84QVG7CC+
382c3246-dc27-4280-aade-caaa3fb410e0,107967229,2022-02-10 14:47:58-08:00,2022-02-10,-122.4577716667,45.5557216667,8.0,,2.2,8.9,0.0,1.3,,1031.0,Trametes versicolor,"Blue Lake Regional Park, Fairview, OR, US",1,84QVHG4R+
557d9c1d-d112-4e92-926c-f4a196d15a36,107280437,2022-02-22 14:16:03-08:00,2022-02-22,-122.7238773433,45.541103453,89.0,,-1.7,3.3,0.0,22.5,,1023.1,Trametes versicolor,"Oregon, US",1,84QVG7RG+
f99be85f-8124-4b33-a116-f091a7fa5b27,106891903,2022-02-16 17:35:00-08:00,2022-02-16,-122.8396247,45.4982312,70.0,,5.0,10.6,,3.3,,1027.7,Trametes versicolor,"15655 SW Millikan Way, Beaverton, OR 97006, USA",1,84QVF5X6+
534462e8-3c8a-488d-8f8a-15061e56cf1f,106553193,2022-02-09 11:04:23-08:00,2022-02-09,-122.5335100655,45.4743406499,94.0,,2.8,14.4,0.0,1.8,,1035.3,Trametes versicolor,"Leach Botanical Garden, Portland, OR, US",1,84QVFFF8+
cf903559-8902-44f0-850e-ccf170762a4c,106255084,2022-02-06 10:08:29-10:00,2022-02-06,-122.7414466667,45.5895883333,40.0,,-0.6,13.9,0.0,1.1,,1029.1,Trametes versicolor,"N Calhoun Ave, Portland, OR, US",2,84QVH7Q5+
a07092d0-ac4c-4c21-82c2-55f6f2d501dd,106212171,2022-02-05 13:26:21-08:00,2022-02-05,-122.6297509722,45.341248,86.0,,3.3,10.6,0.0,6.6,,1034.7,Trametes versicolor,"Canemah, Oregon City, OR 97045, USA",1,84QV89RC+
aaae3ca4-d4a1-4cfa-a478-198f387a8715,106140521,2022-02-04 14:15:46+00:00,2022-02-04,-122.624245,45.5303633333,61.0,,0.6,10.0,0.0,5.0,,1031.9,Trametes versicolor,"NE Hassalo St, Portland, OR, US",2,84QVG9JG+
7b7e9990-b713-42f6-9056-06e40c02d8f4,106090298,2022-02-03 13:02:27-08:00,2022-02-03,-122.666871,45.450887,121.0,,0.6,10.0,1.0,4.3,,1030.7,Trametes versicolor,"S Palatine Hill Rd, Portland, OR, US",1,84QVF82M+
e470b9af-d171-4b45-8af8-aee7589319bb,105808051,2022-01-29 17:05:36+00:00,2022-01-29,-122.6237054901,45.6410302637,51.0,,-3.9,7.8,0.0,4.9,,1025.5,Trametes versicolor,"Caples Ave, Vancouver, WA, US",2,84QVJ9RG+
b9c9a0d0-2046-432b-9dd7-4236989be494,105583101,2022-01-25 14:24:34-08:00,2022-01-25,-122.6937538013,45.5036719202,179.0,,-1.6,8.3,0.0,7.6,,1025.5,Trametes versicolor,"Portland, OR 97201, USA",1,84QVG834+
07073d62-e772-49a1-a797-9d09acc10a15,105577715,2022-01-25 14:26:19+00:00,2022-01-25,-122.6775283333,45.4390616667,81.0,,-1.6,8.3,0.0,7.6,,1025.5,Trametes versicolor,"Tryon Creek State Natural Area, Portland, OR, US",1,84QVC8QC+
8ab30d02-ff88-4a64-a033-f7dc00c9daa4,105378505,2022-01-22 11:00:05+00:00,2022-01-22,-122.6048270055,45.5603408721,52.0,,1.7,9.4,0.0,5.8,,1032.1,Trametes versicolor,"NE 57th Ave, Portland, OR, US",1,84QVH96W+
024dad62-d2c1-455a-a10a-b7c1ea5725c6,105069502,2022-01-16 16:37:23-08:00,2022-01-16,-122.7693817019,45.424094281,48.0,,2.8,5.6,0.0,1.9,,1022.9,Trametes versicolor,"Bull Mountain, Tigard, OR, USA",1,84QVC6FJ+
4ca5b9a2-64e7-4606-9fb9-df375f70ad7f,104993073,2022-01-15 13:18:35+00:00,2022-01-15,-122.5770643783,45.507558461,83.0,,3.9,9.4,0.0,3.2,,1027.7,Trametes versicolor,"SE 84th Ave, Portland, OR, US",1,84QVGC5F+
abb26140-5fe1-4e33-aba6-bc9d50a26b74,104987686,2021-11-22 15:05:58+00:00,2021-11-22,-122.6734,45.43142167,62.0,,0.6,8.9,8.1,5.8,,1020.5,Trametes versicolor,"Tryon Creek State Natural Area, Lake Oswego, OR, US",1,84QVC8JG+
d102093b-c6d9-4873-ad8e-0b64ce4d99c5,104785278,2022-01-11 15:44:12+00:00,2022-01-11,-122.5852584839,45.5133743286,92.0,,4.4,7.8,2.0,16.2,,1025.7,Trametes versicolor,Portland,1,84QVGC77+
8f8804b0-3473-4b71-a78c-73b56f1ee463,104785049,2022-01-11 14:31:54-08:00,2022-01-11,-122.9208666667,45.38093,90.0,,5.0,9.4,,1.0,,1025.3,Trametes versicolor,"SW Mountain Creek Rd, Sherwood, OR, US",1,84QV93JH+
b5b02d09-3846-4a0a-ba0b-fd008986576a,104673601,2022-01-08 16:32:29-08:00,2022-01-08,-122.8711633955,45.5180051115,62.0,,-0.6,8.3,,4.7,,1023.1,Trametes versicolor,"Portland Community College - Willow Creek Center, Hillsboro, OR, US",2,84QVG49H+
53e15134-2831-453a-9183-6c121770477e,104612049,2022-01-08 14:12:14+00:00,2022-01-08,-122.83683,45.3874783333,45.0,,1.7,10.0,,7.7,,1023.3,Trametes versicolor,"Tualatin River National Wildlife Refuge, Sherwood, OR, US",2,84QV95P7+
6d38ecc3-3a8f-4cee-953a-868a6b547a4a,104277825,2021-11-16 15:00:36+00:00,2021-11-16,-122.7172916667,45.4013533333,49.0,,3.3,10.0,0.0,3.4,,1029.7,Trametes versicolor,"Lake Haven Dr, Lake Oswego, OR, US",1,84QVC72M+
34e60aa3-4816-40ca-9ce2-6567f8d2f6aa,103999029,2021-12-24 11:19:39-08:00,2021-12-24,-122.7334492914,45.4763908309,87.0,,3.3,6.7,10.2,20.5,,995.8,Trametes versicolor,"Oregon, US",1,84QVF7G8+
8a5a15e8-23bd-4a37-b02c-ddb0091ac446,103441132,2021-12-21 13:08:53-08:00,2021-12-21,-122.68106,45.501432,65.0,,1.1,6.7,2.5,7.9,,1018.5,Trametes versicolor,"Lair Hill Park, SW 2nd Ave & SW Woods St, Portland, OR 97201, USA",1,84QVG829+
09c6bde5-ff7f-4548-b94e-77808b9bfc09,103339328,2021-12-19 14:30:00+00:00,2021-12-19,-122.7029103412,45.4866640411,166.0,,0.6,5.6,21.6,4.3,,1014.1,Trametes versicolor,"Oregon, US",2,84QVF7PW+
5477da47-dc40-44d4-834f-2f3ad3ef0742,103269161,2021-12-18 11:05:37-08:00,2021-12-18,-122.6656559722,45.7095219722,14.0,,1.1,10.0,,14.1,,1016.9,Trametes versicolor,"Starcrest, Vancouver, WA, USA",1,84QVP85M+
cedf84da-793d-4a73-97ed-55c9a2e1d7f9,103173433,2021-12-16 13:18:22-07:00,2021-12-16,-122.653275,45.4822083333,13.0,,3.3,8.3,0.3,5.4,,1016.5,Trametes versicolor,"Oaks Bottom Wildlife Refuge, Portland, OR, US",3,84QVF8JW+
8324ff42-df94-4412-816c-a2eca1648cbf,103095310,2021-12-14 08:20:17-08:00,2021-12-14,-122.5852111111,45.3382055556,111.0,,-1.1,6.7,0.0,8.1,,1010.3,Trametes versicolor,"Hillendale, Oregon City, OR 97045, USA",1,84QV8CQ7+
8942ff40-4a4c-4639-a70c-65727253945f,103080429,2021-10-22 17:11:14-07:00,2021-10-22,-122.5045187095,45.4816832375,154.0,,10.6,15.0,,5.4,,1010.1,Trametes versicolor,"Powell Butte Nature Park, Portland, OR, US",1,84QVFFJW+
a642be40-eac8-4846-84a9-7de3be344a96,103076659,2021-12-14 14:00:00-07:00,2021-12-14,-122.8368527778,45.3875833333,45.0,,-1.1,6.7,0.0,8.1,,1010.3,Trametes versicolor,"Tualatin River National Wildlife Refuge, Tigard, OR, USA",1,84QV95Q7+
6871e86a-995a-448b-9959-6680b79a6b64,102961154,2021-12-12 09:01:40-08:00,2021-12-12,-122.598525,45.635025,51.0,,3.9,6.7,,8.0,,1004.2,Trametes versicolor,"Burnt Bridge Creek Greenway Trail, Vancouver, WA, US",1,84QVJCP2+
eafff297-97d6-45b7-aaba-fae5a2b52e89,102795296,2021-12-08 08:30:48-08:00,2021-12-08,-122.9024924997,45.3246253,149.0,,1.7,10.0,,9.9,,1016.8,Trametes versicolor,"Sherwood, OR 97140, USA",2,84QV83FX+
3feb4a56-9197-4c10-9ffd-caa31f6714b2,102212172,2021-11-09 09:58:54+00:00,2021-11-09,-122.6775866189,45.4384867335,81.0,,8.3,12.8,8.6,14.4,,1013.4,Trametes versicolor,"Tryon Creek State Natural Area, Portland, OR, US",1,84QVC8QC+
71105961-3450-46a3-b2d5-4178f3955fc9,102121477,2021-11-28 13:42:55+00:00,2021-11-28,-122.5095216667,45.5287583333,116.0,,12.8,17.8,,8.0,,1022.1,Trametes versicolor,"Glendoveer Golf & Tennis, Portland, OR, US",2,84QVGFHR+
9e701ca5-42ae-4b23-814f-2319bf2ea0e7,102118706,2021-11-28 13:42:20-08:00,2021-11-28,-122.509575,45.528695,116.0,,12.8,17.8,,8.0,,1022.1,Trametes versicolor,"Glendoveer Golf & Tennis, Portland, OR, US",2,84QVGFHR+
ece85f52-a19b-4a1b-b6bd-f9ddad56f718,102103456,2021-11-28 10:29:18-08:00,2021-11-28,-122.6549817994,45.6586671803,69.0,,11.1,16.1,,7.3,,1022.0,Trametes versicolor,Ike Memorial Park,1,84QVM85W+
70f30d22-730e-41fb-ad4c-f0cb9d7dacac,102041050,2021-11-16 10:29:45+00:00,2021-11-16,-122.6754083333,45.438855,91.0,,2.8,11.1,0.0,3.2,,1029.4,Trametes versicolor,"Tryon Creek State Natural Area, Portland, OR, US",1,84QVC8QF+
c95a2ba1-dce3-43ea-9a99-3abe4e43f5e0,101931082,2021-11-25 12:45:06-08:00,2021-11-25,-122.5832714997,45.5326736997,78.0,,5.6,13.9,4.3,6.1,,1025.8,Trametes versicolor,"Montavilla, Portland, OR, USA",2,84QVGCM8+
544d7a95-5638-4888-8f41-b48a5a5cc31b,101902186,2021-11-25 02:46:52+00:00,2021-11-25,-122.7274466667,45.539355,170.0,,5.6,12.8,,5.6,,1025.8,Trametes versicolor,"Forest Park Conservancy, Portland, OR, US",2,84QVG7QF+
a6b651be-1909-46e7-a4b8-6065bf81b16b,101740527,2021-11-22 14:26:27+00:00,2021-11-22,-122.6535716667,45.4787833333,31.0,,0.6,8.9,8.1,5.8,,1020.5,Trametes versicolor,"Oaks Bottom Wildlife Refuge, Portland, OR, US",2,84QVF8HW+
da99f8d3-ce1b-40e5-9c92-f8dc4b0027f5,101646782,2021-11-21 11:07:00-08:00,2021-11-21,-122.572582,45.661873,75.0,,0.6,7.2,0.0,1.7,,1028.7,Trametes versicolor,"9800 NE 54th St, Vancouver, WA 98662, USA",1,84QVMC6G+
f01656fa-0939-4dd7-83b7-02e4c3c3ee6c,101644396,2021-11-21 09:40:39-08:00,2021-11-21,-122.6640166667,45.4271366667,87.0,,1.1,7.8,0.0,3.6,,1028.5,Trametes versicolor,"Tryon Creek State Natural Area, Lake Oswego, OR, US",2,84QVC8GP+
09202d4c-193b-4429-afe6-260f72b9e475,101577884,2021-11-20 13:30:59+00:00,2021-11-20,-122.8868783333,45.251255,36.0,,3.3,11.7,0.0,4.1,,1032.7,Trametes versicolor,"Champoeg State Heritage Area, Saint Paul, OR, US",1,84QV7427+
ed3f7f02-613c-4cfd-befd-f8a3ba7ca716,101572147,2021-11-20 10:57:10-08:00,2021-11-20,-122.6532722222,45.482325,13.0,,2.2,11.7,0.0,1.8,,1032.7,Trametes versicolor,"Sellwood - Moreland, Portland, OR, USA",1,84QVF8JW+
95faa154-d173-47d8-bf1e-18e3c1ebe5b3,101562143,2021-11-20 09:46:20-08:00,2021-11-20,-122.678995,45.4281166667,77.0,,2.2,11.7,0.0,1.8,,1032.7,Trametes versicolor,"Tryon Creek State Natural Area, Lake Oswego, OR, US",1,84QVC8HC+
81a6c728-13bc-4934-8b25-3bfb675d786d,101553802,2021-11-20 10:57:36-08:00,2021-11-20,-122.6533166667,45.4824166667,13.0,,2.2,11.7,0.0,1.8,,1032.7,Trametes versicolor,"Sellwood - Moreland, Portland, OR, USA",1,84QVF8JW+
1f80442a-bc4e-4369-8f71-77af26d42a91,101439459,2021-11-18 08:24:00-08:00,2021-11-18,-122.6674166322,45.4323291045,86.0,,6.7,10.0,7.6,18.7,,1012.5,Trametes versicolor,"First Addition, Lake Oswego, OR 97034, USA",1,84QVC8JM+
8257123d-5888-40d1-8101-ca92ea98619a,101361591,2021-11-16 11:42:52-08:00,2021-11-16,-122.6663245261,45.7087879688,14.0,,2.8,10.0,0.0,1.6,,1029.6,Trametes versicolor,"Starcrest, Vancouver, WA, USA",1,84QVP85M+
17261192-abd6-4204-ae12-6dc51b6e9c8d,101343765,2021-11-17 10:07:26-08:00,2021-11-17,-122.6782073826,45.4404674591,78.0,,1.7,11.7,0.0,17.3,,1023.2,Trametes versicolor,Tryon Creek State Natural Area,1,84QVC8RC+
c9c8e54b-b6ac-4a45-94ef-b8ed25655a89,101342039,2021-10-28 08:51:36-07:00,2021-10-28,-122.7129615468,45.4857050054,130.0,,11.7,20.6,1.5,13.3,,1018.7,Trametes versicolor,"Albert Kelly Park, Portland, OR, US",1,84QVF7PP+
fc6866f7-a36c-41ee-90d9-974ad08a9690,101212140,2021-11-15 10:27:56-08:00,2021-11-15,-122.6315446571,45.5094437423,49.0,,5.6,16.7,4.8,19.1,,1014.4,Trametes versicolor,"Richmond, Portland, OR, USA",1,84QVG959+
c5db0afa-ee9c-4611-8d0b-a24076b66f12,101178857,2021-11-14 15:24:00-08:00,2021-11-14,-122.6801382997,45.4391861,66.0,,15.6,18.9,0.0,23.0,,1018.7,Trametes versicolor,"Multnomah, Oregon, United States",1,84QVC8Q9+
43661080-d603-4b71-b32c-b5c9a78cad21,101130589,2021-11-14 10:42:35-08:00,2021-11-14,-122.67897,45.42803,77.0,,15.6,18.9,0.0,23.0,,1018.7,Trametes versicolor,"Tryon Creek State Natural Area, Lake Oswego, OR, US",1,84QVC8HC+
bedc7e0e-ba42-44a8-bf95-819668fd9d77,101106494,2021-11-14 08:16:12-08:00,2021-11-14,-122.61274218,45.49424635,71.0,,15.6,18.9,0.0,23.0,,1018.7,Trametes versicolor,"Creston - Kenilworth, Portland, OR, USA",1,84QVF9VP+
b7f22758-328f-4b7f-a4cb-53454994ec48,101050576,2021-11-13 15:39:56+00:00,2021-11-13,-122.6773223877,45.4392242432,81.0,,7.8,17.2,0.0,9.0,,1024.5,Trametes versicolor,Portland,1,84QVC8QF+
09beeb6f-cc12-4236-826b-3bf84cb785c1,101021778,2021-11-13 10:29:00-08:00,2021-11-13,-122.6771851294,45.4381474824,81.0,,7.8,17.2,0.0,9.0,,1024.5,Trametes versicolor,"Forest Highlands, Portland, OR, USA",1,84QVC8QF+
a5dd732a-3e88-42a4-93c8-752c306180f7,101015309,2021-11-13 11:20:00-08:00,2021-11-13,-122.6777185254,45.4377114749,81.0,,7.8,17.2,0.0,9.0,,1024.5,Trametes versicolor,"Forest Highlands, Portland, OR, USA",2,84QVC8QC+
bd9678e7-4e42-4e66-9672-4bd9f51d48f9,101015176,2021-11-13 09:10:15+00:00,2021-11-13,-122.6776977381,45.4408553952,78.0,,7.8,17.2,0.0,9.0,,1024.5,Trametes versicolor,"Tryon Creek State Natural Area, Portland, OR, US",1,84QVC8RC+
0ce002f9-50c1-4f07-89ba-e672caf217c5,100983925,2021-11-12 15:01:21-08:00,2021-11-12,-122.6782073826,45.4404604017,78.0,,10.6,17.2,33.3,11.9,,1022.7,Trametes versicolor,Tryon Creek State Natural Area,1,84QVC8RC+
28729a7f-cb87-434e-a599-8a3cd3c8eb29,100968600,2021-11-12 14:44:36+00:00,2021-11-12,-122.6762580872,45.4379154361,91.0,,10.6,17.2,33.3,11.9,,1022.7,Trametes versicolor,"Tryon Creek State Natural Area, Portland, OR, US",1,84QVC8QF+
23c6005b-bfe7-48c2-9159-b4bec335eb32,100959930,2021-11-12 14:40:07+00:00,2021-11-12,-122.6760482788,45.441116333,92.0,,10.6,17.2,33.3,11.9,,1022.7,Trametes versicolor,Portland,1,84QVC8RF+
66899602-3951-4cf9-9a3e-740d8b336056,100535666,2021-10-28 08:13:10-07:00,2021-10-28,-122.6438023354,45.480789916,20.0,,11.7,20.6,1.5,13.3,,1018.7,Trametes versicolor,"SE 22nd Ave, Portland, OR, US",1,84QVF9J4+
f3b9c831-e787-4417-b6e9-39dbb8009aa2,100466111,2021-11-05 14:49:00-07:00,2021-11-05,-122.7911960589,45.5890790935,226.0,,8.3,12.8,,9.3,,1015.1,Trametes versicolor,"Forest Park, Portland, OR, USA",1,84QVH6Q5+
7e9322dc-69e2-46c1-bfcd-99c3419d38d4,100408604,2021-11-05 11:27:19-07:00,2021-11-05,-122.5139783333,45.4877583333,198.0,,6.7,13.9,,10.4,,1015.3,Trametes versicolor,"Powell Butte Nature Park, Portland, OR, US",1,84QVFFQP+
92a16416-b1d8-4b52-8079-0a008bb80261,100078174,2021-11-02 10:21:20-07:00,2021-11-02,-122.6774288715,45.4421888525,78.0,,7.8,11.7,0.8,10.1,,1021.4,Trametes versicolor,"Tryon Creek State Natural Area, Portland, OR, US",2,84QVC8RF+
36f78f0d-32d4-47d1-bc3f-364f76f942de,99853546,2021-10-27 10:48:33-07:00,2021-10-27,-122.7391366667,45.5440616667,249.0,,10.0,13.9,,5.1,,1023.6,Trametes versicolor,"Forest Park Conservancy, Portland, OR, US",1,84QVG7V6+
54b80a20-1bb0-4306-aa9a-49335ef696a0,99574959,2021-10-27 13:50:55-07:00,2021-10-27,-122.7723388672,45.5789413452,213.0,,10.0,13.9,,5.1,,1023.6,Trametes versicolor,Portland,1,84QVH6HH+
3a6f7bf8-b3f9-486f-a7f2-eabf3d6cd373,99574903,2021-10-27 13:49:47-07:00,2021-10-27,-122.7725296021,45.5791282654,213.0,,10.0,13.9,,5.1,,1023.6,Trametes versicolor,Portland,1,84QVH6HG+
2fb5135f-b2e5-4954-a169-7f5850c5dff1,99531056,2021-05-02 16:13:00+00:00,2021-05-02,-122.5095953985,45.4855048046,173.0,,10.0,18.9,0.0,6.3,,1022.8,Trametes versicolor,"Southeast Portland, Portland, OR, USA",1,84QVFFPR+
ad717a6b-0ffa-430b-9224-4d0124816508,99518910,2021-10-23 15:45:23-07:00,2021-10-23,-121.9993666667,44.341655,871.0,,,,,,,,Trametes versicolor,"Willamette National Forest, Foster, OR, US",3,84PW82R2+
130115b1-d500-41b9-a550-09b4e76af57c,99483649,2021-10-26 12:45:52-07:00,2021-10-26,-122.4649353027,45.5411491394,43.0,,10.0,13.9,,8.4,,1010.7,Trametes versicolor,"Multnomah County, US-OR, US",1,84QVGGRP+
0cdbfc77-75d1-4ca7-9314-243a222ea8d0,99408100,2021-10-25 14:13:21-07:00,2021-10-25,-122.7335166667,45.542375,225.0,,11.7,14.4,,15.3,,1000.0,Trametes versicolor,"Portland, OR 97210, USA",3,84QVG7R8+
a900ee29-8ea5-42dd-a3fc-ba39b0a158b9,98545026,2021-10-17 15:03:34-07:00,2021-10-17,-122.7187194824,45.5336227417,103.0,,10.0,17.8,0.0,11.2,,1007.1,Trametes versicolor,Portland,1,84QVG7MJ+
646e7eea-8278-4398-a90e-d0504f743fd0,97597992,2021-10-02 12:48:12-07:00,2021-10-02,-122.7166666852,45.5286891507,232.0,,8.3,22.2,0.0,5.4,,1022.2,Trametes versicolor,"Macleay Park, Portland, OR, US",1,84QVG7HM+
6004111c-5d80-45d3-8ed2-7b8433746391,96931194,2021-10-02 12:48:23-07:00,2021-10-02,-122.8967533333,45.0356221667,54.0,,5.6,22.2,0.0,3.6,,1021.8,Trametes versicolor,"82nd Ave NE, Silverton, OR, US",1,84QV24P3+
4dcd28ed-ea81-4af9-918a-389690f37fa2,96162521,2021-09-25 16:57:55-07:00,2021-09-25,-122.4029183457,45.4968816869,123.0,,12.8,28.9,0.0,5.4,,1011.2,Trametes versicolor,"SE Palmblad Dr, Gresham, OR, US",1,84QVFHWW+
f4d69a67-04c0-437e-a2cc-468995d28960,96160323,2021-09-25 12:29:12-07:00,2021-09-25,-122.6778033333,45.43855,81.0,,13.3,29.4,0.0,5.0,,1011.2,Trametes versicolor,"Tryon Creek State Natural Area, Portland, OR, US",1,84QVC8QC+
e42a4cdd-88e9-4cd2-bcca-7691fb0ab5a5,95728053,2021-09-21 09:23:39-07:00,2021-09-21,-122.402251,45.836243,262.0,,8.9,28.9,0.0,4.9,,1019.6,Trametes versicolor,"Yacolt, WA 98675, USA",1,84QVRHPX+
5e699f8d-bb40-46ba-9b44-69d524eead2c,89692166,2021-07-30 17:24:46-07:00,2021-07-30,-122.7301883333,45.526825,164.0,,20.6,33.9,0.0,7.2,,1013.0,Trametes versicolor,"NW Cornell Rd, Portland, OR, US",1,84QVG7G9+
3be98a85-3254-48c3-8c55-56e357d30440,79801580,2021-05-22 09:37:50-07:00,2021-05-22,-122.5926073853,45.4102888398,37.0,,9.4,20.0,0.0,11.5,,1020.4,Trametes versicolor,"SE Clackamas Rd, Portland, OR, US",1,84QVCC64+
797677c7-13c3-4f7e-9b06-93a64d9b567e,79197187,2021-05-17 14:09:51-07:00,2021-05-17,-122.6239485513,45.5118869505,52.0,,11.1,20.0,0.0,9.7,,1015.6,Trametes versicolor,"SE 38th Ave, Portland, OR, US",1,84QVG96G+
7d777370-6938-495f-81ca-f9e8a6fa4506,78896426,2021-05-15 14:22:11-07:00,2021-05-15,-122.6806633333,45.4249283333,93.0,,9.4,27.2,0.0,11.9,,1016.9,Trametes versicolor,"Atwater Rd, Lake Oswego, OR, US",3,84QVC8F9+
a410b22d-ee1f-42ad-9a07-c5b63451243b,78523852,2021-05-12 17:31:40-07:00,2021-05-12,-122.5297962528,45.561913448,6.0,,10.6,26.7,0.0,10.4,,1018.9,Trametes versicolor,"NE Airport Way, Portland, OR, US",1,84QVHF6C+
a593dae6-90aa-42ec-a515-12612d9df373,77328846,2021-05-04 12:26:29-07:00,2021-05-04,-122.5587615967,45.6205482483,92.0,,11.7,20.6,0.0,10.1,,1022.9,Trametes versicolor,Vancouver,1,84QVJCCR+
2cc4f156-333e-494a-95e0-2757ac7348d6,77211229,2021-05-01 18:20:52+00:00,2021-05-01,-122.6570143436,45.4260590523,22.0,,10.0,16.7,0.0,14.0,,1020.8,Trametes versicolor,"Oregon, US",2,84QVC8GV+
77c9417d-a34e-4d62-b4fc-08668ad0876b,76712866,2021-05-01 16:21:48-07:00,2021-05-01,-122.6290416667,45.3816805556,63.0,,8.3,15.0,,6.8,,1021.3,Trametes versicolor,"West Linn, OR, USA",1,84QV99JC+
8f5682ca-a1a4-43a4-8c4c-3183897b1c2d,76613181,2021-05-02 10:34:43-07:00,2021-05-02,-122.7655465623,45.6485102792,5.0,,10.0,18.9,0.0,9.3,,1022.8,Trametes versicolor,"Kelley Point Park, Portland, OR, US",1,84QVJ6XM+
3220a4c0-b28f-4c50-b549-d609740e75d0,76587058,2021-05-02 09:26:00-07:00,2021-05-02,-122.7482578811,45.4901823728,82.0,,9.4,19.4,0.0,10.8,,1022.9,Trametes versicolor,"SW Raleighwood Way, Portland, OR, US",2,84QVF7R2+
e53b3b58-0b75-4af3-a475-52c77afdd236,76325932,2021-05-01 14:57:34-07:00,2021-05-01,-122.6848989074,45.7109393226,44.0,,10.6,16.7,0.3,12.5,,1020.7,Trametes versicolor,"NW 123rd St, Vancouver, WA, US",1,84QVP868+
9ecffd79-d8e7-464a-b906-ccc1e72d21ef,76278400,2021-05-01 13:22:26-07:00,2021-05-01,-122.763816167,45.6468685124,15.0,,10.6,16.7,0.3,12.5,,1020.7,Trametes versicolor,"Kelley Point Park, Portland, OR, US",2,84QVJ6WP+
5084d31f-35f6-43c5-95f2-3e68c720e965,76267190,2021-05-01 12:07:21-07:00,2021-05-01,-122.689728841,45.4496772291,95.0,,10.0,16.7,0.0,14.0,,1020.8,Trametes versicolor,"SW 11th Dr, Portland, OR, US",1,84QVC8X6+
2c686ab5-564e-453b-a9fa-39a1712eca6a,76249810,2021-05-01 10:28:59-07:00,2021-05-01,-122.628079888,45.381122539,55.0,,8.3,15.0,,6.8,,1021.3,Trametes versicolor,"Mary S. Young Park, West Linn, OR, US",2,84QV99JC+
7fea650b-4b7d-42c0-838c-0dffe95a3d6f,76189134,2021-05-01 09:30:29-07:00,2021-05-01,-122.6543426514,45.4773826599,6.0,,10.0,16.7,0.0,14.0,,1020.8,Trametes versicolor,Portland,2,84QVF8GW+
4dfd6975-be6b-4c89-812d-454647ed3a6b,75983644,2021-04-30 17:22:00-07:00,2021-04-30,-122.3936315,45.60033231,112.0,,10.0,21.1,,4.4,,1022.6,Trametes versicolor,"Camas, WA 98607, USA",1,84QVJJ24+
ec8c0a95-47da-42d5-b177-c3d526c92500,75677597,2021-04-29 11:06:21-07:00,2021-04-29,-122.6350864965,45.4819136179,33.0,,9.4,27.2,0.0,6.5,,1023.2,Trametes versicolor,"Reed College, Portland, OR, US",1,84QVF9J7+
a5031a8d-6252-4ca1-842f-03294bfbf35a,75488830,2021-04-27 16:32:49-07:00,2021-04-27,-122.7665866667,45.645845,20.0,,5.0,18.9,0.0,3.6,,1021.1,Trametes versicolor,"Kelley Point Park, Portland, OR, US",1,84QVJ6WM+
a110ab7e-863b-4b2f-98a1-2e1e371f3aca,75265927,2021-04-25 14:08:22-07:00,2021-04-25,-122.76647119,45.6448742932,20.0,,9.4,15.6,0.6,8.0,,1007.7,Trametes versicolor,"Kelley Point Park, Portland, OR, US",2,84QVJ6VM+
405e6123-5b1f-488b-aea1-9d009d36da52,75262976,2021-04-25 16:08:11-07:00,2021-04-25,-122.4893178506,45.559366589,8.0,,8.3,16.7,,8.6,,1007.8,Trametes versicolor,"NE Cameron Blvd, Portland, OR, US",2,84QVHG56+
4d3fa6cd-f06c-4d54-ac7d-a1191fdc53ca,75231685,2021-04-24 12:51:30-07:00,2021-04-24,-122.76385,45.645331,19.0,,8.9,12.8,,7.4,,1009.6,Trametes versicolor,"St. Johns, Portland, OR, USA",2,84QVJ6WP+
67492b4a-3faa-46c7-bc24-914567b3e4e5,74955636,2021-04-23 11:47:47-07:00,2021-04-23,-122.584777832,45.4391670227,51.0,,8.3,17.2,0.0,9.4,,1014.8,Trametes versicolor,Portland,2,84QVCCQ8+
27160d8e-f1a2-4d6c-a222-251b2e597cbe,74607969,2021-04-19 12:28:23-07:00,2021-04-19,-122.7230722222,45.5284,142.0,,7.2,22.8,0.0,13.0,,1022.4,Trametes versicolor,"Portland, OR 97210, USA",2,84QVG7HG+
20329683-a453-4e26-8767-66d074e6d2ac,74418013,2021-04-17 12:48:42-07:00,2021-04-17,-122.7249775,45.5262377778,211.0,,7.2,28.9,0.0,7.9,,1020.8,Trametes versicolor,"Hillside, Portland, OR 97210, USA",1,84QVG7GG+
82ee2b6a-9781-4a6f-b940-241c8714f3fe,73799885,2021-04-12 15:51:00-07:00,2021-04-12,-122.5727783333,45.3745,104.0,,3.9,18.3,0.0,21.1,,1021.2,Trametes versicolor,"Swan Ave, Oregon City, OR, US",1,84QV9CFG+
24516b26-55f5-433c-8d39-9cf460d0fbe5,72777927,2021-04-02 11:09:47-07:00,2021-04-02,-122.785545,45.5841333333,226.0,,1.1,17.2,0.0,5.5,,1017.5,Trametes versicolor,"Forest Park Conservancy, Portland, OR, US",2,84QVH6M7+
e7025aa4-b7f3-4780-ad80-b38e2c5d0a96,72321819,2021-03-28 13:27:09-07:00,2021-03-28,-122.8113359722,45.595869,280.0,,4.4,10.6,,12.2,,1020.7,Trametes versicolor,"Northwest Portland, Portland, OR, USA",1,84QVH5WQ+
006e8415-38f5-4d74-a981-71dbf68337e7,71986955,2020-12-09 09:19:32+00:00,2020-12-09,-122.7076033333,45.4483133333,181.0,,4.4,12.2,0.0,2.9,,1027.0,Trametes versicolor,"Maricara Natural Area, Portland, OR, US",1,84QVC7XR+
3271afc9-52cc-4f81-b164-90c3894cfe15,71846942,2021-03-22 18:28:18-07:00,2021-03-22,-122.676195,45.44197,95.0,,4.4,12.2,2.8,14.0,,1021.8,Trametes versicolor,"Tryon Creek State Natural Area, Portland, OR, US",1,84QVC8RF+
7a5adcc3-82d4-4ab1-876b-1cd07e1bb01e,71784691,2021-01-29 11:51:00+00:00,2021-01-29,-122.4933761636,45.4848559728,134.0,,4.4,9.4,,3.2,,1010.3,Trametes versicolor,"Gresham Pleasant Valley, Portland, OR 97236, USA",1,84QVFGM4+
4cc6aee0-fccd-428f-9546-b26ccc86f29a,71725046,2021-03-21 11:16:50-07:00,2021-03-21,-122.6743613464,45.6647603168,15.0,,5.6,10.0,,6.0,,1028.0,Trametes versicolor,"Burnt Bridge Creek Greenway Trail, Vancouver, WA, US",1,84QVM87G+
ef02cece-2c5f-4ee7-b1c5-735686a922bd,71313154,2021-03-12 11:30:00-08:00,2021-03-12,-123.0104253435,45.2561659326,38.0,,0.6,16.1,0.0,2.3,,1025.8,Trametes versicolor,"Yamhill County, OR, USA",1,84QR7X4Q+
1ae2c13f-8f58-4eb6-8191-d0e0e1f31890,71278309,2021-03-13 14:47:00-08:00,2021-03-13,-122.8124166667,45.5378416667,94.0,,-1.1,16.7,0.0,4.1,,1022.1,Trametes versicolor,"Cedar Mill, Beaverton, OR, USA",2,84QVG5QQ+
f2547690-e359-4fa4-ae90-66df7a17af9f,70793860,2021-03-03 16:29:07-08:00,2021-03-03,-122.7355033333,45.4217083333,80.0,,1.1,12.8,0.0,4.0,,1010.2,Trametes versicolor,"Trillium Ct, Lake Oswego, OR, US",1,84QVC7C7+
e6376efa-63d4-4c60-8819-ff776b3704b8,70572314,2021-01-25 12:19:56+00:00,2021-01-25,-122.6264620387,45.3826526553,48.0,,0.0,6.1,0.6,4.8,,1012.1,Trametes versicolor,"Mary S Young Park, West Linn, OR, US",2,84QV99MF+
5530d9b6-8415-4707-80ae-ff64985ba3ae,70568251,2021-01-14 13:33:25+00:00,2021-01-14,-122.6680963806,45.514851429,6.0,,3.3,12.8,0.0,10.4,,1029.4,Trametes versicolor,"Willamette Greenway, Portland, OR, US",1,84QVG87J+
96b655b5-85ef-4e41-866a-85ec9c3729c3,70546896,2021-02-21 15:00:29-10:00,2021-02-21,-122.707655,45.518745,177.0,,7.2,10.6,0.0,25.6,,1031.7,Trametes versicolor,"Explore Washington Park, Portland, OR, US",1,84QVG79R+
9b3403e2-975f-4807-9d9d-08499d3639d4,69355954,2021-02-09 09:07:48-08:00,2021-02-09,-122.7366333333,45.420895,80.0,,0.0,8.9,0.0,6.8,,1020.3,Trametes versicolor,"Stewart Glenn Ct, Lake Oswego, OR, US",1,84QVC7C7+
58b593b6-79c5-40d2-85ef-f74a9e35f5af,69314771,2021-01-31 14:02:53+00:00,2021-01-31,-122.78605,45.58386167,226.0,,6.7,10.0,,14.4,,1012.9,Trametes versicolor,"Forest Park Conservancy, Portland, OR, US",1,84QVH6M7+
955c4b4c-8417-4812-8f57-d4ccba34294c,69280300,2021-02-06 16:31:30-10:00,2021-02-06,-122.8776519722,45.4482909722,189.0,,0.0,8.9,,9.2,,1023.2,Trametes versicolor,"Aloha, OR 97007, USA",3,84QVC4XC+
f89aa64f-4a08-48ff-ab0a-4fff7158072d,69262873,2021-02-07 12:51:05+00:00,2021-02-07,-122.8381566081,45.3878923557,44.0,,3.9,8.9,,9.9,,1020.9,Trametes versicolor,"Tualatin River National Wildlife Refuge, Sherwood, OR, US",1,84QV95Q6+
cf76ecaa-acf5-4258-bdae-0b2f6c8a54af,69173108,2021-02-06 15:48:19-08:00,2021-02-06,-122.6930198818,45.5043061353,169.0,,3.3,8.9,0.8,13.7,,1023.2,Trametes versicolor,"Portland, OR 97201, USA",1,84QVG834+
1b69ff29-4efd-429e-8a61-147f55b8274b,69109690,2021-02-05 14:21:03-08:00,2021-02-05,-122.734025,45.68847,0.0,,7.2,11.7,,7.2,,1026.4,Trametes versicolor,"Vancouver Lake, Vancouver, WA, US",1,84QVM7Q8+
3b730d89-30bb-4b28-812b-9f0b90c69695,68977070,2021-02-02 14:12:06+00:00,2021-02-02,-122.5156257768,45.5103654181,79.0,,5.6,10.0,,14.0,,1012.4,Trametes versicolor,"Oregon, US",1,84QVGF6M+
d6480de4-b3df-43f0-9539-96f2d25457d0,68846139,2021-01-29 15:32:46+00:00,2021-01-29,-122.70398,45.4199916667,137.0,,4.4,8.9,2.0,7.9,,1010.3,Trametes versicolor,"Springbrook Park, Lake Oswego, OR, US",1,84QVC79W+
462db03a-f04c-432e-9c9b-d00583163795,68610927,2021-01-25 12:27:26+00:00,2021-01-25,-122.6834936818,45.5755017125,45.0,,0.6,6.1,,3.1,,1011.7,Trametes versicolor,"N Greenwich Ave, Portland, OR, US",2,84QVH8G8+
9d9a4187-5b07-450e-a3fb-ac982829e1d1,68468062,2021-01-22 08:08:11+00:00,2021-01-22,-122.6235260257,45.3736242978,49.0,,2.8,10.6,0.0,15.3,,1015.4,Trametes versicolor,"Parkside Ct, West Linn, OR, US",1,84QV99FG+
be4241a2-ef25-4914-81c4-d49fa28e3215,68344337,2021-01-18 15:36:03+00:00,2021-01-18,-122.5887540355,45.4984715103,74.0,,1.7,11.7,0.0,6.1,,1032.9,Trametes versicolor,7200 Southeast Franklin Street,1,84QVFCX6+
03a27b30-3b77-4bf1-89a0-696bf5b03cdf,68234091,2021-01-17 10:51:47-05:00,2021-01-17,-122.8118833333,45.6032116667,224.0,,3.9,10.6,,3.2,,1031.8,Trametes versicolor,"Forest Park, Portland, OR, US",1,84QVJ53Q+
74acd117-2777-4d35-a07c-d731f855b323,67931304,2021-01-11 16:07:31+00:00,2021-01-11,-122.6631866667,45.6488416667,68.0,,6.7,8.3,,14.1,,1018.6,Trametes versicolor,"E 38th St, Vancouver, WA, US",3,84QVJ8XP+
bc59bf4a-8952-4a41-8cdd-c2d3fffdaa34,67831230,2021-01-09 15:52:27-10:00,2021-01-09,-122.597345151,45.5129424039,170.0,,1.7,8.9,0.0,13.7,,1025.7,Trametes versicolor,"Mt. Tabor, Portland, OR, USA",1,84QVGC73+
367a07ee-5dad-4c03-a825-2eeb4ae41e32,67784309,2021-01-08 14:00:00-10:00,2021-01-08,-122.6764555556,45.4419527778,95.0,,1.1,11.1,4.3,8.3,,1023.6,Trametes versicolor,"Forest Highlands, Portland, OR, USA",1,84QVC8RF+
e5eaaebf-9113-4991-a687-faf976d314e0,67738543,2021-01-07 11:19:06-08:00,2021-01-07,-122.6782073826,45.4404676943,78.0,,6.7,11.1,0.0,18.7,,1021.9,Trametes versicolor,Tryon Creek State Natural Area,1,84QVC8RC+
7273376c-b498-422c-bd5e-9b836f0ac79a,67737598,2021-01-07 15:43:35+00:00,2021-01-07,-122.7163276076,45.4158183608,72.0,,4.4,10.6,0.0,5.0,,1021.8,Trametes versicolor,"Walluga, Lake Oswego, OR 97035, USA",1,84QVC78M+
c090c110-2156-4177-9096-c9d11f894061,67639079,2020-12-14 11:16:50+00:00,2020-12-14,-122.7548802755,45.5977172852,33.0,,5.0,9.4,,6.3,,1024.9,Trametes versicolor,"N Bristol Ave, Portland, OR, US",1,84QVH6XW+
22ca3fec-d4db-47a5-bc70-abdfc43a40a3,67545076,2021-01-03 16:29:08+00:00,2021-01-03,-122.63506725,45.48249996,33.0,,6.1,12.2,7.6,18.4,,1014.2,Trametes versicolor,"1S1E13 -00100, Portland, OR 97202, USA",1,84QVF9J7+
e2275019-5572-45e5-9fc8-6b3ee146b332,67488475,2021-01-02 14:53:33-08:00,2021-01-02,-122.7558833333,45.6026472222,58.0,,9.4,11.1,,16.3,,1012.5,Trametes versicolor,"St. Johns, Portland, OR, USA",1,84QVJ63V+
3fa2c9c7-d5f7-43ad-818e-23759ad29ff7,66904686,2020-12-21 11:47:59+00:00,2020-12-21,-122.6356239819,45.482481126,26.0,,6.1,16.7,8.4,22.3,,1011.5,Trametes versicolor,"Reed College, Portland, OR, US",2,84QVF9J7+
2e89cbea-0056-4d6f-a4d6-0fc71d1154c6,66891668,2020-12-20 14:06:00-08:00,2020-12-20,-122.6687113454,45.4260341659,75.0,,8.9,13.9,36.3,6.1,,1021.4,Trametes versicolor,"Oregon, US",1,84QVC8GJ+
841925b2-1d69-438a-938a-fa72cc65883a,66720597,2020-12-17 11:04:11+00:00,2020-12-17,-122.7808990478,45.5377502439,144.0,,3.9,11.1,,9.2,,1016.6,Trametes versicolor,"Northwest Heights, Portland, OR 97229, USA",2,84QVG6Q9+
005ed5bf-8dbb-4f72-a89f-7a942665d111,66633498,2020-12-15 16:09:54-08:00,2020-12-15,-122.605095,45.5220866667,65.0,,5.6,10.6,3.3,17.6,,1020.9,Trametes versicolor,"SE 57th Ave, Portland, OR, US",1,84QVG9CV+
e58a2670-4ad1-49e6-89bb-efc9951b48be,66495829,2020-11-26 07:29:03+00:00,2020-11-26,-122.7449527778,45.4253222222,76.0,,4.4,10.0,0.0,4.2,,1030.9,Trametes versicolor,"Metzger, OR, USA",1,84QVC7G4+
19004e62-8796-419b-bf6e-fd5d34f035d6,66421993,2020-12-10 15:29:16+00:00,2020-12-10,-122.8816126844,45.2542102524,22.0,,2.2,5.6,,7.0,,,Trametes versicolor,"Oregon, US",1,84QV7439+
35bb4b62-0287-46d6-aab4-d4a5e0af3d6f,65432929,2020-11-07 16:11:42+00:00,2020-11-07,-122.7839971918,45.4655911043,66.0,,-1.1,8.9,,6.9,,1008.2,Trametes versicolor,"Camille Park, Beaverton, OR, US",1,84QVF688+
87d8c1f4-416a-4368-a0f0-878e14d5681f,65230257,2020-11-19 10:00:51+00:00,2020-11-19,-122.6537764819,45.4759908468,37.0,,6.1,11.1,2.5,13.7,,1025.4,Trametes versicolor,"SE Henry St, Portland, OR, US",1,84QVF8GW+
f27622d1-483a-4839-ab05-b448df032dd4,64703515,2020-11-11 13:20:43-08:00,2020-11-11,-122.7561416667,45.6045666667,46.0,,1.7,10.0,0.0,2.7,,1021.3,Trametes versicolor,"St. Johns, Portland, OR, USA",1,84QVJ63V+
4e881fa0-6496-4a03-95e0-ce6bad9d20a4,64620250,2020-11-10 11:29:30-08:00,2020-11-10,-122.627384762,45.4908334524,48.0,,5.0,10.6,1.5,11.9,,1018.7,Trametes versicolor,"Oregon, US",1,84QVF9RF+
b7f72182-bdfa-4b81-9948-f6a9b2adf04b,64615907,2020-11-10 09:09:40+00:00,2020-11-10,-122.379045,45.55472167,10.0,,6.7,11.1,,14.2,,1018.6,Trametes versicolor,"Columbia River Gorge National Scenic Area, Troutdale, OR, US",1,84QVHJ3C+
8b609157-6585-4d21-bc51-e054409b7cb7,64268985,2020-11-01 12:07:27-08:00,2020-11-01,-122.7810527778,45.5835472222,194.0,,1.1,18.3,0.0,2.7,,1022.5,Trametes versicolor,"Northwest Portland, Portland, OR, USA",1,84QVH6M9+
9c7eddb2-2fb4-473b-9350-94031215a46d,64092943,2020-10-31 14:12:39-07:00,2020-10-31,-122.0482472222,45.8423666667,651.0,,2.8,17.2,0.0,8.3,,1026.2,Trametes versicolor,"Carson, WA 98610, USA",1,84QVRXR2+
8a60567e-31ac-4bd0-91a1-267d485a1209,63686874,2020-09-01 17:07:40-07:00,2020-09-01,-122.6304415829,45.7344936819,88.0,,15.6,31.1,0.0,9.1,,1018.4,Trametes versicolor,"Vancouver, WA, US",1,84QVP9M9+
783161b8-9c94-4d14-9728-00d1d0cde7a3,63429757,2020-10-24 14:38:36-07:00,2020-10-24,-122.6879546979,45.5589904785,64.0,,6.1,10.6,,10.9,,1020.2,Trametes versicolor,"N Alberta St, Portland, OR, US",1,84QVH856+
068c2518-95be-457a-98f6-8d1c1be15278,63364619,2020-10-23 16:31:28-07:00,2020-10-23,-122.59458833,45.46446667,75.0,,1.7,13.3,0.0,8.6,,1018.7,Trametes versicolor,"SE 67th Ave, Portland, OR, US",1,84QVFC74+
c46f2cfa-8d91-4803-b7ae-fca8527be896,63289211,2020-10-22 18:34:20-07:00,2020-10-22,-122.6628118381,45.7073607236,17.0,,1.1,13.9,0.0,3.6,,1027.4,Trametes versicolor,Salmon Creek Greenway Trail,1,84QVP84P+
9e185535-deaf-44bf-a884-df155f887cb1,61787353,2020-06-09 18:18:05-07:00,2020-06-09,-122.73373333,45.52621333,198.0,,11.1,18.3,,6.2,,1021.1,Trametes versicolor,"Washington Park, Portland, OR, US",1,84QVG7G8+
82c940cf-d310-4a68-8345-c7a18dc4a8ba,60395439,2020-09-21 16:47:37-07:00,2020-09-21,-122.7321590111,45.5377721622,273.0,,12.8,23.3,0.0,2.0,,1014.3,Trametes versicolor,"Portland, OR 97210, USA",1,84QVG7Q9+
3ca66ddc-7f85-4469-9932-731cff856afd,60395155,2020-09-21 12:38:07-07:00,2020-09-21,-122.9340944444,44.8795638889,175.0,,9.4,23.3,0.0,7.6,,1014.4,Trametes versicolor,"Salem, OR 97317, USA",2,84PVV3H8+
eb4938f4-3c3e-4074-a612-7c70ffda4bfe,51987407,2018-10-10 12:12:21-07:00,2018-10-10,-122.6323651268,45.4792608601,45.0,,8.3,20.6,0.0,2.9,,1016.0,Trametes versicolor,"Oregon, US",2,84QVF9H9+
1ad7671b-c522-47d7-80c8-608cea74197e,51844421,2020-07-03 15:19:33-07:00,2020-07-03,-122.8010636372,45.5933102054,263.0,,13.3,21.7,0.0,6.3,,1018.3,Trametes versicolor,"Forest Park Conservancy, Portland, OR, US",1,84QVH5VX+
e7e0dae1-3f29-47f3-829f-3eb30487955b,50447283,2020-06-21 11:23:42-07:00,2020-06-21,-122.6187550239,45.5490143071,80.0,,15.0,24.4,0.0,8.6,,1020.0,Trametes versicolor,"NE 44th Ave, Portland, OR, US",1,84QVG9XJ+
528e2498-2665-419a-a94f-4bd3b7726ade,47371393,2020-05-17 19:55:05-07:00,2020-05-17,-122.4850019722,45.757778,118.0,,11.1,19.4,,5.4,,1006.4,Trametes versicolor,"Hockinson, WA, USA",1,84QVQG57+
d212faad-f3f3-441b-a32a-ab5e86fbcf27,45886120,2020-05-14 10:10:05-07:00,2020-05-14,-122.62310833,45.54295,55.0,,11.1,14.4,5.1,7.6,,1016.2,Trametes versicolor,"NE César E Chávez Blvd, Portland, OR, US",1,84QVG9VG+
f504a6af-b68c-42f6-8335-09cbcb0c29f5,45780662,2020-05-12 08:08:31-07:00,2020-05-12,-122.66182,45.46837,51.0,,11.1,18.3,1.3,15.5,,1007.0,Trametes versicolor,"SE Oaks Park Way, Portland, OR, US",1,84QVF89Q+
b4a4cbe7-bc2c-48aa-b491-b2c6957133e8,45530103,2020-05-10 21:23:38+00:00,2020-05-10,-122.4,45.6,90.0,,20.6,28.9,0.0,20.4,,1008.3,Trametes versicolor,Camas,1,84QVJJ22+
ce3f44c7-51f2-4f3f-8d93-4b18450adbc1,44844653,2020-05-03 20:39:52-07:00,2020-05-03,-122.5858319722,45.379075,17.0,,6.7,15.0,,7.6,,1024.8,Trametes versicolor,"Gladstone, OR, USA",1,84QV9CH7+
942ed9c9-164e-44ad-b12c-6365abddeadd,43834132,2020-04-26 15:21:00-07:00,2020-04-26,-122.597725,45.5160222222,162.0,,6.1,20.0,0.8,7.9,,1018.8,Trametes versicolor,"Mt. Tabor, Portland, OR, USA",1,84QVGC82+
fc9a9ece-32c9-436f-a79f-33e01f6e0fd8,43691328,2020-04-26 11:43:28-07:00,2020-04-26,-122.9914924743,45.1577839146,54.0,,2.8,17.8,1.5,5.1,,1018.7,Trametes versicolor,"Oregon, US",1,84QV5255+
6a429df2-c5cb-454b-a8bd-12e4fde069e4,43512399,2020-04-26 00:57:10+00:00,2020-04-26,-122.6052753,45.1515154,96.0,,4.4,19.4,,5.4,,1019.1,Trametes versicolor,Molalla,1,84QV592V+
3f50861d-9145-4997-b0e3-c7b9c9cd2a31,43419473,2020-04-25 12:00:56-07:00,2020-04-25,-122.33532833,45.563945,9.0,,10.0,20.6,,7.0,,1019.1,Trametes versicolor,"Captain William Clark Park, Washougal, WA, US",1,84QVHM77+
d682a4f4-e599-495f-9dcc-6e9aa6580f93,42898541,2020-04-22 15:12:56-07:00,2020-04-22,-122.75476196,45.3000652,28.0,,8.3,15.0,,10.4,,,Trametes versicolor,"Clackamas County, US-OR, US",1,84QV862W+
f3517b35-e203-47d2-b8e3-9daac6318c6b,42621773,2020-04-19 23:04:15+00:00,2020-04-19,-122.6581957,45.7052776,39.0,,8.9,16.7,0.0,5.8,,1019.0,Trametes versicolor,Vancouver,1,84QVP84R+
cbdbc9dd-21d4-4b46-9cf6-346679c92179,42602586,2020-04-18 18:54:25-07:00,2020-04-18,-122.8397695112,45.26485705,30.0,,8.3,11.7,,11.2,,1015.8,Trametes versicolor,"Martin Ln NE, Aurora, OR, US",1,84QV7576+
46fe36af-cb24-4afb-8673-981b0108eb24,42284487,2020-04-12 19:44:30-07:00,2020-04-12,-122.7438823523,45.5898735689,43.0,,2.2,18.9,0.0,9.8,,1023.1,Trametes versicolor,"N Central St, Portland, OR, US",1,84QVH7Q4+
be737397-e0e5-40e8-b2be-dd4c859c1e39,42038109,2020-04-02 13:57:56-07:00,2020-04-02,-122.7972139791,45.2979114659,56.0,,3.3,10.0,,7.4,,1023.2,Trametes versicolor,Graham Oaks Nature Park,1,84QV76X3+
ed3b13a7-8661-4681-847e-83e9e11f67d0,41973475,2020-04-09 16:07:27-07:00,2020-04-09,-122.7358809604,45.5503557985,179.0,,5.0,24.4,0.0,11.1,,1017.8,Trametes versicolor,"Forest Park, Portland, OR, US",1,84QVH727+
d6b6a80b-cac6-4eb2-bbb4-8ffbb35e065c,41973192,2020-04-09 11:02:22-07:00,2020-04-09,-122.812142,45.584242,231.0,,3.3,24.4,0.0,9.5,,1017.8,Trametes versicolor,"Forest park, Portland, OR, US",1,84QVH5MQ+
0de9f295-bcad-4a70-a3ea-8fabc89a4077,41973144,2020-04-09 10:21:42-07:00,2020-04-09,-122.7276140581,45.5390876746,170.0,,5.0,24.4,0.0,11.1,,1017.8,Trametes versicolor,"Forest Park, Portland, OR, US",1,84QVG7QC+
4edf0e29-ea02-4d77-97a0-64c634d9e0fd,41401935,2020-04-04 15:51:40-07:00,2020-04-04,-122.7433777778,45.6756,5.0,,2.8,12.2,,8.1,,1007.4,Trametes versicolor,"Vancouver, WA 98660, USA",1,84QVM7G4+
48934c6b-9bd7-4fef-b086-1f4bb3749733,41260864,2020-03-23,2020-03-23,-122.6133602,45.4635606,41.0,,6.7,11.7,1.3,20.5,,1012.8,Trametes versicolor,"Portland, OR 97206, USA",1,84QVF97P+
772feecc-947c-4283-8b2e-9dcd003fa61a,40911715,2015-01-29 11:57:00-08:00,2015-01-29,-122.650839,45.351833,97.0,,5.0,13.3,0.0,11.1,,1025.9,Trametes versicolor,"White Oak, West Linn, OR, USA",2,84QV982X+
d4282d6a-382e-4345-9645-ae74b77ada27,40389644,2020-03-21 12:23:40-07:00,2020-03-21,-122.6512747352,45.4637716664,35.0,,3.9,15.6,0.0,6.1,,1023.9,Trametes versicolor,"SE 15th Ave, Portland, OR, US",2,84QVF87X+
f80f39df-df8f-4585-92a2-93934ff42609,40241125,2020-03-19 09:35:49-07:00,2020-03-19,-122.5941999257,45.3613897666,76.0,,1.1,17.2,0.0,1.7,,1016.2,Trametes versicolor,"McLoughlin, Oregon City, OR 97045, USA",1,84QV9C64+
94a2ee75-8215-439e-ac79-579985ef9e96,40216806,2020-03-18 13:22:10-07:00,2020-03-18,-122.71392833,45.53262167,106.0,,4.4,15.0,0.0,4.7,,1012.2,Trametes versicolor,"NW Cornell Rd, Portland, OR, US",1,84QVG7MP+
d1a79393-531d-4ed2-8545-167f3af5c845,39872381,2020-03-11 12:17:27-07:00,2020-03-11,-122.5496121989,45.4562282555,313.0,,3.3,13.9,0.0,10.8,,1024.1,Trametes versicolor,"Oregon, US",2,84QVFF42+
bfa366bf-8240-40b2-84db-1e5c06ed25bc,39507982,2020-03-02 15:41:35+00:00,2020-03-02,-122.7187436074,45.5133032769,266.0,,5.0,10.0,0.0,11.2,,1028.1,Trametes versicolor,"South Bend, WA 98586, USA",1,84QVG77J+
a6ccc4a1-1be6-49a8-8610-5cc748d71cb9,39475824,2020-03-02 18:02:13+00:00,2020-03-02,-122.6353,45.515,47.0,,5.0,10.0,0.0,11.2,,1028.1,Trametes versicolor,"SE Taylor St, Portland, OR, US",1,84QVG987+
f5a4fb9b-1e6b-4e4b-b757-6168b239f368,39393640,2020-02-29 16:05:49+00:00,2020-02-29,-122.89157833,45.52057167,52.0,,0.0,8.3,,9.0,,1020.8,Trametes versicolor,"NW Dorado Ln, Beaverton, OR, US",2,84QVG4C5+
69bcb681-4c66-4bf3-b86e-07e3c8854a95,39210466,2020-02-23 12:29:45-08:00,2020-02-23,-122.65287,45.4398416667,64.0,,5.6,11.1,2.0,23.4,,1022.9,Trametes versicolor,"Elk Rock Garden, Portland, OR, US",2,84QVC8QW+
7ced9f8a-cb2f-4ec8-9cf4-df93c53570f8,38755254,2020-02-17 07:51:02+00:00,2020-02-17,-122.63054667,45.501975,50.0,,1.7,10.6,0.0,4.3,,1029.6,Trametes versicolor,"SE 33rd Pl, Portland, OR, US",1,84QVG929+
c23fb2e4-a3d5-459a-8d8a-6e22ebc0f1d4,38715175,2020-02-15 14:15:00-08:00,2020-02-15,-122.6782074,45.4404605,78.0,,6.1,8.3,13.0,11.5,,1021.4,Trametes versicolor,"11321 SW Terwilliger Blvd, Portland, OR 97219, USA",1,84QVC8RC+
f115aeb8-84fb-4730-a153-3dd78916a3bd,38698359,2020-02-15 14:14:00-08:00,2020-02-15,-122.6801635,45.4400854,60.0,,6.1,8.3,13.0,11.5,,1021.4,Trametes versicolor,"Tryon Creek, Oregon, USA",2,84QVC8R9+
defceac1-e8b2-4ef1-89d1-acd41accdaee,38653463,2020-02-14 13:30:47-10:00,2020-02-14,-122.652671814,45.6327056885,49.0,,3.3,10.0,,11.1,,1022.8,Trametes versicolor,"Bauer Hall, Vancouver, WA 98661, USA",1,84QVJ8MW+
77d2e38a-6806-455e-841a-f6ce01462681,38628130,2019-11-28 13:51:48+00:00,2019-11-28,-122.72436333,45.459125,156.0,,2.8,6.7,0.0,28.4,,1009.4,Trametes versicolor,"Woods Memorial Natural Area, Portland, OR, US",1,84QVF75G+
863b4015-1bfc-44df-b608-9fc7a38cd03a,38360198,2020-02-06 07:51:56+00:00,2020-02-06,-122.7912454311,45.588887332,226.0,,10.0,15.0,,9.6,,1021.1,Trametes versicolor,"Forest Park, Portland, OR, US",1,84QVH6Q5+
aec41c76-5c13-4ce1-a241-1d1bd47bdf4f,38251739,2020-02-02 12:32:00+00:00,2020-02-02,-122.6757322158,45.4405204952,92.0,,-1.0,7.2,0.0,2.2,,1024.5,Trametes versicolor,"Tryon Creek State Natural Area, Portland, OR, USA",1,84QVC8RF+
aff3f118-e749-47a9-afdc-0e0138e5e4d3,38069217,2020-01-25 13:20:23+00:00,2020-01-25,-122.7079088241,45.498618858,323.0,,8.3,14.4,4.8,16.9,,1014.3,Trametes versicolor,Council Crest Park,1,84QVF7XR+
7179111f-7a5a-495a-9bf5-443fb547d490,37962906,2020-01-25,2020-01-25,-122.767683618,45.645388447,10.0,,7.8,13.9,,10.5,,1014.2,Trametes versicolor,"Kelley Point Park, Portland, OR, USA",1,84QVJ6WJ+
fb30b92a-cbec-449e-ba58-f747c7bff685,37771168,2020-01-19 16:17:47-10:00,2020-01-19,-122.76033833,45.631425,11.0,,5.6,10.6,,13.1,,1021.7,Trametes versicolor,"St. Johns, Portland, OR, US",1,84QVJ6JQ+
49d33c44-24a6-46e9-b6c8-347211e4598b,37749674,2020-01-18 10:39:37+00:00,2020-01-18,-123.00955278,44.94693333,69.0,,3.9,10.0,5.3,11.9,,1022.1,Trametes versicolor,"Englewood Park, Salem, OR, US",1,84PRWXWR+
ad4a9d72-39b0-45af-b345-0ece4b563853,37600885,2020-01-11 16:08:00-08:00,2020-01-11,-122.6857779722,45.5660409722,61.0,,5.6,8.3,,14.5,,1014.7,Trametes versicolor,"Overlook, Portland, OR, USA",1,84QVH887+
6b75cea9-7fc6-44ba-a718-f9e10a1824ac,37494757,2020-01-11 11:34:33+00:00,2020-01-11,-122.517982956,45.5319566901,94.0,,5.6,8.3,4.8,18.4,,1014.8,Trametes versicolor,"Glendoveer Golf & Tennis, Portland, OR, US",1,84QVGFJJ+
fa96ae66-f121-49db-bd8a-d3ae743481e6,37384307,2020-01-06 17:13:07+00:00,2020-01-06,-122.7364857495,45.375572018,66.0,,7.2,11.1,,32.9,,1026.9,Trametes versicolor,"Tualatin, OR, USA",1,84QV97G7+
3a282db6-7176-44e0-9d31-63df63496059,37293120,2020-01-04 10:42:32+00:00,2020-01-04,-122.6782531738,45.4790611267,66.0,,5.0,9.4,4.1,15.8,,1026.3,Trametes versicolor,"South Portland, Portland, OR, USA",1,84QVF8HC+
465fc4e5-17dc-4ad7-a54b-aee11f6731ec,36865056,2019-12-22 13:49:27-08:00,2019-12-22,-122.71891167,45.53157,136.0,,5.6,7.8,4.3,5.8,,1007.6,Trametes versicolor,"Macleay Park, Portland, OR, US",1,84QVG7JJ+
8d51ac6b-4909-4d1a-bb8e-51c3fc4f5984,36714035,2019-12-16 14:25:40+00:00,2019-12-16,-122.6603622437,45.5338630676,44.0,,2.2,8.9,0.0,10.1,,1027.5,Trametes versicolor,"NE Grand & Weidler, Portland, OR 97232, USA",1,84QVG8MQ+
1f7850c7-db34-430b-9b6c-327113b34e9f,36705919,2019-12-16 09:27:07-08:00,2019-12-16,-122.49687167,45.63249667,95.0,,2.2,8.9,0.0,10.1,,1027.5,Trametes versicolor,"Pacific Community Park, Vancouver, WA, US",1,84QVJGJ3+
b2f5b070-3b4a-4c9f-9e83-46643f11e02f,36145027,2019-11-27 13:03:44+00:00,2019-11-27,-122.8412246704,45.5224533081,60.0,,1.1,8.3,0.0,10.3,,998.0,Trametes versicolor,"Unnamed Road, Beaverton, OR 97006, United States",1,84QVG5C5+
ac7070f7-069e-4dc9-866e-b3dd04c0e780,36049908,2019-11-16 14:20:39-10:00,2019-11-16,-122.7998966667,45.6103533333,120.0,,8.3,13.3,0.3,1.9,,1026.2,Trametes versicolor,"Forest Park, Portland, OR, US",1,84QVJ662+
b2ffa10f-9d20-4484-b874-0461b4a86722,35587701,2019-11-11 14:54:35+00:00,2019-11-11,-122.3909157236,45.5994612677,104.0,,10.0,13.9,0.0,34.5,,1023.2,Trametes versicolor,"Lacamas Regional Park, Camas, WA, US",3,84QVHJX5+
1047ef80-69da-4b39-9577-d117af96c4f5,35559613,2019-11-10 16:23:35-10:00,2019-11-10,-122.657525,45.5929416667,7.0,,7.2,12.2,0.0,1.3,,1024.6,Trametes versicolor,"NE 6th Dr, Portland, OR, US",1,84QVH8VR+
0cb4f5bb-b325-46c2-86f1-9436d8014f4f,34968472,2019-10-26 13:42:02-07:00,2019-10-26,-122.4104787135,45.552598128,5.0,,2.8,14.4,,2.6,,1026.8,Trametes versicolor,"Oregon, US",1,84QVHH3Q+
fe7d3cc6-8272-4588-8b7b-f63e4bd063ad,34722187,2019-10-21 17:30:39-07:00,2019-10-21,-122.6493358329,45.4361142136,9.0,,11.1,16.7,0.3,15.1,,1024.2,Trametes versicolor,"Elk Rock Island, Portland, OR, US",2,84QVC9P2+
fcf09a4c-f9f5-4620-b5e4-a78f7832f0ca,34540308,2019-10-06 16:13:45-07:00,2019-10-06,-122.7911383333,45.5889166667,226.0,,5.6,21.1,0.0,3.5,,1024.4,Trametes versicolor,"Forest Park, Portland, OR, US",1,84QVH6Q5+
5b0a407d-c237-4c42-a243-6bcf57aa826f,34477981,2016-12-26 14:12:00-08:00,2016-12-26,-122.7803055556,45.5740888889,310.0,,-2.8,4.4,,6.1,,1024.7,Trametes versicolor,"Northwest Portland, Portland, OR, USA",1,84QVH6F9+
fef4557d-7dda-41bb-ae17-647c276f72eb,34098484,2019-10-08 18:28:01-07:00,2019-10-08,-122.6305702333,45.4821483113,39.0,,4.4,15.6,0.5,13.7,,1015.9,Trametes versicolor,"Reed College, Portland, OR, US",1,84QVF9J9+
e4445372-ef87-4dd3-a487-5ef8aab776a6,33381370,2019-09-25 10:31:32-07:00,2019-09-25,-122.5522209793,45.4214931522,157.0,,12.8,22.8,0.0,6.8,,1023.5,Trametes versicolor,"10945 SE Mather Rd, Happy Valley, OR, US",1,84QVCCCX+
7397d088-d013-46c4-9e21-e9fa33e19bf5,33026641,2019-09-19 09:09:05-07:00,2019-09-19,-122.63302,45.5761866667,13.0,,12.8,22.2,0.3,6.5,,1017.8,Trametes versicolor,"NE 33rd Dr, Portland, OR, US",1,84QVH9G8+
3274282d-4a6d-4595-8acb-644ecce1c5c8,29687055,2014-12-05 18:35:00-10:00,2014-12-05,-122.7504212365,45.5919477639,42.0,,3.9,7.8,,7.7,,1013.4,Trametes versicolor,"St. Johns, Portland, OR, USA",1,84QVH6RX+
3f142349-a561-4c0a-b6af-b1b33e43187a,25987491,2017-05-19,2017-05-19,-122.8055,45.48465,61.0,,10.0,23.9,0.0,5.4,,1018.7,Trametes versicolor,"Beaverton, Washington Co., Oregon, USA",1,84QVF5MV+
e1ce119e-3446-461a-b850-fd1b392eb983,24633793,2019-05-05 12:29:41-07:00,2019-05-05,-122.761245,45.64892,24.0,,7.8,23.9,0.0,9.0,,1011.4,Trametes versicolor,"Multnomah County, US-OR, Lewis and Clark National Historic Trail, US",2,84QVJ6XQ+
bbf73b29-e4d5-40b0-b7ef-bc303eae3bfb,22834687,2019-04-20 15:53:53-07:00,2019-04-20,-122.6910705566,45.4958953857,184.0,,9.4,18.9,0.0,14.4,,1016.5,Trametes versicolor,"1004-1090 SW Gaines St, Portland, OR 97239, USA",1,84QVF8W5+
97083dd8-8acd-47e0-8e52-a39c7647ebf0,22397879,2019-04-12 19:05:29-07:00,2019-04-12,-122.6296979915,45.3799312619,54.0,,8.9,15.0,,7.9,,1018.2,Trametes versicolor,"Mary Young State Park, West Linn, OR, US",1,84QV99HC+
2f57249c-9b91-470d-ad0c-768ac7a957e1,21652433,2019-03-26 13:01:59-07:00,2019-03-26,-122.6502616667,45.4834833333,10.0,,5.0,15.6,0.0,7.6,,1017.2,Trametes versicolor,"5425 SE Milwaukie Ave, Portland, OR, US",1,84QVF8MX+
2b728a72-4881-4431-9456-f7c1a1866c50,21433030,2019-03-20 15:24:43-07:00,2019-03-20,-122.5691308269,45.5225923934,93.0,,7.8,22.2,0.0,19.1,,1011.5,Trametes versicolor,"9100–9164 E Burnside St, Portland, OR, US",1,84QVGCFJ+
aaca7300-68a9-4c42-a1b1-cf8572e03047,21138328,2019-03-10 17:37:02-07:00,2019-03-10,-122.6763533333,45.4357383333,68.0,,-3.2,11.1,0.0,12.2,,1022.4,Trametes versicolor,"Tryon Creek, Lake Oswego, OR, US",1,84QVC8PF+
3a417fde-ee9c-4555-bddc-7c0b8740cef0,20863930,2019-02-26 09:32:18-08:00,2019-02-26,-122.5457383333,45.8105366667,57.0,,,,,21.1,,1015.9,Trametes versicolor,"Lewisville Regional Park, Battle Ground, WA, US",1,84QVRF63+
8f80b8e6-d17f-4ec2-9e59-5beed99db40b,20736144,2019-02-24 09:07:29-08:00,2019-02-24,-122.5423283333,45.8139,61.0,,1.1,4.4,9.1,7.9,,1014.2,Trametes versicolor,"Lewisville Regional Park, Battle Ground, WA, US",2,84QVRF75+
4a0e6c5c-9424-478d-97f1-6035f2549acc,20457955,2019-02-18 10:49:24-08:00,2019-02-18,-122.6663671577,45.5460240971,59.0,,-2.1,6.7,0.0,3.2,,1029.5,Trametes versicolor,"10 NE Fargo St, Portland, OR, US",1,84QVG8WM+
085c6036-d016-4842-83c3-524f18268117,20274724,2019-02-10 11:14:34-08:00,2019-02-10,-122.7001416667,45.46098,130.0,,-3.8,3.3,3.6,22.3,,1010.4,Trametes versicolor,"2210 SW Dolph Ct, Portland, OR, US",1,84QVF76X+
d03030f7-b39a-405c-b6f1-5ba7b2591095,19997272,2019-01-31 15:36:30-08:00,2019-01-31,-122.8399416667,45.5034783333,59.0,,-3.3,11.7,0.0,2.5,,1011.3,Trametes versicolor,"Tualatin Hills Park, Beaverton, OR, US",1,84QVG536+
3aa775c1-059f-4c6d-a9cf-ca01a70b7467,19886262,2019-01-26 11:56:07-08:00,2019-01-26,-122.7914146242,45.5761965411,304.0,,0.0,6.1,0.0,1.4,,1031.7,Trametes versicolor,"Forest Park, Portland, OR, US",1,84QVH6G5+
0bac8949-a47f-4ec0-ae83-8992ccbfa890,19818916,2019-01-22 12:39:42-08:00,2019-01-22,-122.7883903824,45.5180382828,85.0,,3.3,8.3,,13.2,,1028.6,Trametes versicolor,"10918 SW Celeste Ln, Beaverton, OR, US",1,84QVG696+
bda8eec3-cf7f-4291-ae8c-4fcfce2ebf1c,19694579,2019-01-16 12:24:16-08:00,2019-01-16,-122.632225,45.6437716667,58.0,,-1.1,8.3,,7.8,,1006.3,Trametes versicolor,"98661, Vancouver, WA, US",1,84QVJ9V9+
975985a6-e6cf-4fcc-afbd-ed5589a8eb0e,19601024,2019-01-12 16:15:12-08:00,2019-01-12,-122.6504490339,45.4835951608,10.0,,0.0,12.2,0.0,16.6,,1016.2,Trametes versicolor,"Oaks Bottom Wildlife Refuge, Portland, OR, US",2,84QVF8MX+
63dc7d3d-fd2f-46c6-b555-8128f5dab6d8,19093084,2018-12-18 16:03:25-08:00,2018-12-18,-122.68342,45.5216116667,31.0,,7.8,15.0,20.3,18.4,,1011.8,Trametes versicolor,"550 SW 12th Ave, Portland, OR, US",1,84QVG8C8+
e86b8136-0dc6-4045-a8f6-99c442969b30,19004944,2018-12-13 14:04:41-08:00,2018-12-13,-122.5562283333,45.6253966667,97.0,,6.1,13.3,0.0,18.0,,1020.0,Trametes versicolor,"NE 115th Ave, Vancouver, WA, US",1,84QVJCGV+
1a9506b8-01cf-453e-826e-e0fb2173250b,18936719,2018-12-01,2018-12-01,-122.694,45.4983,203.0,,5.6,8.3,1.3,6.1,,1011.7,Trametes versicolor,"Marquam Nature Park, Portland, Multnomah Co., Oregon, USA",1,84QVF8X4+
405ad009-e4f7-4624-9d90-e59730a643d0,18658304,2018-10-22,2018-10-22,-122.855825,45.569769,100.0,,2.2,21.7,0.0,1.2,,1013.2,Trametes versicolor,"Portland Community College, Rock Creek",1,84QVH49V+
79f0f350-f374-4313-81a6-da35fc9b884d,18112671,2018-11-01 16:19:14-07:00,2018-11-01,-122.67575,45.4412033333,92.0,,15.0,20.0,0.3,11.9,,1022.7,Trametes versicolor,"Tryon Creek State Park, Portland, OR, US",1,84QVC8RF+
86ee75de-e484-4ebc-ac72-171899366923,13650213,2018-06-21 14:31:03-07:00,2018-06-21,-122.8771935125,45.4433012987,117.0,,13.9,21.7,0.6,7.2,,1019.4,Trametes versicolor,"Beaverton, OR  97007, Beaverton, OR, US",1,84QVC4VF+
a6fabe28-fe46-40cf-8c1d-5a8200d839fd,10818434,2018-04-12 10:37:14-07:00,2018-04-12,-122.50610188,45.44665034,257.0,,5.6,10.0,,16.8,,1016.8,Trametes versicolor,"SE Boy Scout Lodge Rd, Happy Valley, OR 97086, USA",1,84QVCFWV+
01856e70-b22b-4036-b9e3-8bfea5db26cd,10798537,2018-03-28 12:34:26-07:00,2018-03-28,-122.7910383333,45.4646133333,60.0,,5.0,13.9,0.0,6.0,,1030.9,Trametes versicolor,"Fanno Creek Park, Beaverton, OR, US",1,84QVF675+
b1e03503-a8c8-40f4-9f39-e9fdbfab3e40,10180194,2018-03-10 14:02:46-08:00,2018-03-10,-122.6021194458,45.5501823425,75.0,,0.6,17.2,0.0,10.4,,1017.1,Trametes versicolor,"5926 NE Alton St, Portland, OR 97213, USA",2,84QVH92X+
9e9600c4-f681-4fb7-b384-27597d55f368,10128172,2018-03-07 09:26:00-08:00,2018-03-07,-122.5723373424,45.6614116647,75.0,,0.6,11.7,0.0,4.1,,1014.7,Trametes versicolor,"Five Corners, WA, USA",1,84QVMC6H+
15272740-b820-4791-8170-c27d4d72fdac,10122643,2018-03-03 11:43:00-08:00,2018-03-03,-122.4920707941,45.4824898527,80.0,,2.2,11.1,0.0,4.3,,1012.9,Trametes versicolor,"Springwater Trail, Southeast Portland, Portland, OR, USA",2,84QVFGJ5+
cc0a170e-7e3c-4698-b6c1-32c07da3e0de,9885931,2018-02-16 16:50:50-08:00,2018-02-16,-122.633138057,45.3805405414,61.0,,5.6,9.4,,16.4,,1027.3,Trametes versicolor,"Mary Young State Park, West Linn, OR, US",1,84QV99J8+
6682a6f7-0137-44f6-83c1-87e1827b9b4a,9885892,2018-02-16 16:50:28-08:00,2018-02-16,-122.63324455,45.38054619,61.0,,5.6,9.4,,16.4,,1027.3,Trametes versicolor,"2837-2863 Mark Ln, West Linn, OR 97068, USA",2,84QV99J8+
f034ee45-a3c8-4204-b612-2f9e9e39b724,9860877,2018-02-07 14:23:56-08:00,2018-02-07,-121.942695,45.9061866667,428.0,,,,,,,,Trametes versicolor,"Gifford Pinchot National Forest, Stevenson, WA, US",2,84QWW344+
dd563a43-0169-4e02-b809-b807374b9405,9829771,2018-02-11 15:59:55-08:00,2018-02-11,-122.7913742065,45.5125465393,99.0,,0.6,8.9,,4.6,,1015.0,Trametes versicolor,"11001 SW Butner Rd, Portland, OR 97225, USA",1,84QVG675+
0654334a-bd33-4c71-b342-dfcc9d936d2c,9607156,2018-01-24 15:27:00-08:00,2018-01-24,-122.5828049988,45.4286024245,24.0,,5.6,11.1,15.7,17.6,,1007.0,Trametes versicolor,"7200 SE Harmony Rd, Portland, OR, US",1,84QVCCH8+
0f53124f-e65b-4d4a-adca-754553b00ccc,9489745,2018-01-15 16:49:05-08:00,2018-01-15,-122.6210442381,45.4628747049,43.0,,5.6,13.9,2.0,22.3,,1016.1,Trametes versicolor,"Tideman Johnson Park, Portland, OR, US",1,84QVF97H+
d126c369-e1fa-4032-9567-ba246e23d876,9125557,2017-12-11 08:57:00-08:00,2017-12-11,-122.575835092,45.6632586569,82.0,,-5.0,7.2,0.0,5.2,,1030.5,Trametes versicolor,"Five Corners, WA, USA",2,84QVMC7F+
c4fef4fc-0401-4a82-88c1-b854dea8912f,9100610,2017-11-13 11:58:07-06:00,2017-11-13,-122.6421541008,45.5523781398,77.0,,7.8,13.3,9.1,22.3,,1011.6,Trametes versicolor,"4031 NE 23rd Ave, Portland, OR, US",1,84QVH925+
24a63ce0-de4a-4836-a387-151be8c1220c,9094809,2017-12-08 14:27:43-08:00,2017-12-08,-122.6012330131,45.3473102348,125.0,,-2.2,10.0,0.0,4.9,,1033.7,Trametes versicolor,"Singer Creek Park, Oregon City, OR, US",1,84QV89WX+
63229c2e-aefd-4ef4-a443-6911ff79baae,8959704,2017-11-27 16:14:59-08:00,2017-11-27,-122.79573,45.484,58.0,,2.2,7.2,,2.8,,1019.6,Trametes versicolor,"4915 SW Griffith Dr, Beaverton, OR, US",2,84QVF6M3+
937eeeed-e9a6-45f6-b155-94b9105812a3,8959543,2017-11-27 16:14:57-08:00,2017-11-27,-122.7957140851,45.4839872369,58.0,,2.2,7.2,,2.8,,1019.6,Trametes versicolor,"4915 SW Griffith Dr, Beaverton, OR, US",1,84QVF6M3+
1a8af352-8c54-4d3b-aa6b-9a9538b389bc,8798390,2017-11-05 13:04:00-08:00,2017-11-05,-122.5113666667,45.4926222222,81.0,,2.8,11.1,,11.9,,1012.2,Trametes versicolor,"Southeast Portland, Portland, OR, USA",1,84QVFFVQ+
f6c49be3-2618-45ac-a14c-dc2b7134827f,8762137,2017-11-11 08:12:00-08:00,2017-11-11,-122.6020362508,45.6332855579,74.0,,4.4,10.6,,12.3,,1016.2,Trametes versicolor,"Northcrest, Vancouver, WA 98661, USA",1,84QVJ9MX+
b2534f10-7e2f-4418-be3a-c41be075ac4e,8722081,2017-11-05 11:56:28-08:00,2017-11-05,-122.5078716667,45.4912333333,163.0,,2.8,11.1,,11.9,,1012.2,Trametes versicolor,"Powell Butte Nature Park, Portland, OR, US",2,84QVFFRR+
84e96b52-8dfa-48d6-8d73-6868c310d5f6,8701125,2017-11-05 12:10:26-08:00,2017-11-05,-122.51203414,45.4830328873,126.0,,2.8,11.1,,11.9,,1012.2,Trametes versicolor,"Fernwood Trail, Portland, OR 97236, USA",1,84QVFFMQ+
8c7e907b-b012-4f83-bb6d-70700f9c67a9,8276913,2017-10-05 12:13:35-07:00,2017-10-05,-122.7216339111,45.5724182129,16.0,,5.0,23.3,0.0,3.3,,1020.6,Trametes versicolor,"Multnomah County, US-OR, US",1,84QVH7CH+
153f2696-224e-4a13-a138-743c69e6451a,5908038,2017-04-22 10:19:03-07:00,2017-04-22,-122.37472731,45.54602899,13.0,,11.1,17.2,,20.3,,1012.5,Trametes versicolor,"Troutdale, OR 97060",1,84QVGJWG+
7e5b1e5c-47aa-4805-9ba1-3c63fe31bd40,5594813,2017-04-06 17:03:10-07:00,2017-04-06,-122.8005010263,45.491900621,50.0,,7.8,16.1,,10.9,,1003.8,Trametes versicolor,"Beaverton Transit Ctr, Beaverton, OR, US",1,84QVF5RX+
e76b2485-86fc-4565-bb6f-9336d45c1ba9,5522208,2017-03-31 16:44:04-07:00,2017-03-31,-122.49612269,45.488913185,159.0,,6.1,13.9,0.0,2.6,,1027.5,Trametes versicolor,"Powell Butte Nature Park, Portland, OR, US",1,84QVFGQ3+
a709e373-400a-43b9-86af-8bb95add31a9,5443167,2017-03-24 09:28:37-07:00,2017-03-24,-122.5571310428,45.4982522596,180.0,,7.8,11.7,19.6,17.3,,1013.0,Trametes versicolor,"Kelly Butte Park, Portland, OR, US",1,84QVFCXV+
a8409508-15b1-4950-8f74-8892059205ea,5442728,2017-03-24 08:17:53-07:00,2017-03-24,-122.5575514791,45.501353019,113.0,,7.8,11.7,19.6,17.3,,1013.0,Trametes versicolor,"2809 SE 103rd Ave, Portland, OR, US",2,84QVGC2R+
0eff3020-00fd-42e6-8638-57b8026b1a21,5255592,2017-03-07 23:58:49-08:00,2017-03-07,-122.7839100877,45.4814964857,63.0,,4.4,10.0,,13.9,,1015.8,Trametes versicolor,"5355 SW Western Ave, Beaverton, OR, US",1,84QVF6J8+
940a8254-7525-4b8e-be4d-7fde8b830770,5249199,2017-03-08 00:09:00-08:00,2017-03-08,-122.7909672195,45.4840091928,60.0,,5.6,7.8,,5.1,,1021.0,Trametes versicolor,"4857 SW Larch Dr, Beaverton, OR, US",1,84QVF6M5+
e450ecb6-1752-41dd-8c09-13480af8b8b0,5249191,2017-03-08 00:02:19-08:00,2017-03-08,-122.7898419454,45.5922802594,172.0,,5.6,7.2,,2.2,,1021.2,Trametes versicolor,"Linnton Park, Portland, OR, US",2,84QVH6R6+
5d4d88d0-eebb-401e-9290-42c14f9e7f66,4870138,2016-12-24 14:54:03-08:00,2016-12-24,-122.6760166667,45.4444,99.0,,-2.7,5.0,0.0,3.6,,1014.2,Trametes versicolor,"Tryon Creek State Park, Portland, OR, US",2,84QVC8VF+
ad252236-2d95-4c75-92e8-01617aee25ba,4683022,2016-12-01 13:52:32-08:00,2016-12-01,-122.6640783333,45.54435,60.0,,3.9,8.3,0.5,7.9,,1027.1,Trametes versicolor,"2900–2988 NE Rodney Ave, Portland, OR, US",4,84QVG8VP+
97937d4e-2248-4a99-90eb-9895c7c0dfc1,4525124,2015-10-31 09:00:00-07:00,2015-10-31,-122.5083732605,45.4853326292,156.0,,11.7,18.3,,16.7,,1009.5,Trametes versicolor,"Southeast Portland, Portland, OR, USA",1,84QVFFPR+
817d30f4-972c-45ef-abf8-59f39c66cca5,4523325,2016-11-09 13:21:31-08:00,2016-11-09,-122.6205895935,45.338908718,142.0,,8.9,19.4,,4.2,,,Trametes versicolor,"King School, Oregon City, OR, US",1,84QV89QH+
1ec62dd8-f784-4127-baf4-f0a1b01c294a,4505952,2016-11-06 09:21:31-08:00,2016-11-06,-122.6301344659,45.4811746305,50.0,,10.6,16.7,0.0,13.3,,1016.8,Trametes versicolor,"Reed College, Portland, OR, US",2,84QVF9J9+
11bf9aca-65d4-4d6e-87a7-76bdc6d030a4,490965,2013-12-31,2013-12-31,-122.726555,45.527946,149.0,,2.8,8.3,0.3,5.0,,1026.3,Trametes versicolor,"Balch Creek Watershed, Multnomah Co. OR",1,84QVG7HF+
6f4666b4-9939-4d17-a9b8-133d852d161a,141733,2012-10-09,2012-10-09,-121.703549,45.913358,926.0,,,,,,,,Trametes versicolor,Prairie,1,84QWW77W+
67dcf65b-c4c4-4e3b-a0ef-286c12df8d83,140224,2012-10-09,2012-10-09,-121.703583,45.913317,926.0,,,,,,,,Trametes versicolor,"Skamania County, US-WA, US",1,84QWW77W+
