uuid,inat_id,timestamp,date,lon,lat,olc,elevation,tavg,tmin,tmax,precipitation,windspeed,winddirection,presure,species,genus,location,num_identification_agreements,obscured,geoprivacy,taxon_geoprivacy,positional_accuracy,public_positional_accuracy,location_precision,kingdom,phylum,class,order,family,taxon_id,taxon_rank,taxon_name,common_name
35990078-120a-4b12-8f6f-83354d890157,395534918,2026-08-22 11:06:54-07:00,2026-08-22,-122.1804716667,45.5550216667,84QVHR00+,35.0,,15.6,24.4,0.0,5.2,,1015.4,Trametes versicolor,Trametes,"E Historic Columbia River Hwy, Corbett, OR, US",1,,,,,,,,,,,,,,,
2fef2cb8-937b-488e-ba97-04cb1c12fba2,394316896,2026-08-24 19:19:03-07:00,2026-08-24,-122.3958511353,45.833026886,84QVRJ00+,205.0,,13.3,33.9,0.0,4.3,,,Trametes versicolor,Trametes,"Clark County, US-WA, US",1,,,,,,,,,,,,,,,
9f7f073f-f60b-4966-8627-3055d77c3510,394252110,2026-07-14 08:20:00-07:00,2026-07-14,-122.1157756,45.5761597,84QVHV00+,225.0,,12.2,31.7,0.0,2.7,,,Trametes versicolor,Trametes,"Multnomah Falls, Oregon 97014, USA",1,,,,,,,,,,,,,,,
a67c5366-3a9a-4483-99cd-3920dad32b6f,397291020,2026-09-04 15:19:29-07:00,2026-09-04,-121.9696716667,45.3360883333,84QW8200+,397.0,,,,,,,,Trametes versicolor,Trametes,"Welches, OR, US",1,False,,,3.0,3.0,precise,Fungi,Basidiomycota,Agaricomycetes,Polyporales,Polyporaceae,54134.0,species,Trametes versicolor,turkey-tail
0267de3f-0cd0-48f0-a520-01ae01fcdfe7,396799627,2026-09-02 17:35:04-07:00,2026-09-02,-122.6231554551,45.5262583973,84QVG900+,67.0,,14.4,18.3,5.8,8.4,,1016.4,Trametes versicolor,Trametes,"NE 39th Ave, Portland, OR, US",1,False,,,9.0,9.0,precise,Fungi,Basidiomycota,Agaricomycetes,Polyporales,Polyporaceae,54134.0,species,Trametes versicolor,turkey-tail
4448d95a-f075-4218-9a5d-4584c835f3f3,337581645,2026-02-04 09:19:03-08:00,2026-02-04,-122.5240348396,45.4153249456,84QVCF00+,93.0,,8.0,12.0,0.0,36.2,,1025.4,Trametes versicolor,Trametes,"Oregon, US",2,True,obscured,,6.0,27158.0,obscured,Fungi,Basidiomycota,Agaricomycetes,Polyporales,Polyporaceae,54134.0,species,Trametes versicolor,turkey-tail
301f797b-0824-4880-a41f-dd762dd9b1ed,393981777,2026-08-23 15:48:26-07:00,2026-08-23,-122.5673587997,45.7315645997,84QVPC00+,97.0,,17.8,25.6,0.0,5.3,,,Trametes hirsuta,Trametes,"Brush Prairie, WA, USA",1,False,,,,,unknown,Fungi,Basidiomycota,Agaricomycetes,Polyporales,Polyporaceae,116695.0,species,Trametes hirsuta,Hairy Bracket
d124959d-8403-464f-864e-62aad8d64a3f,390205331,2026-08-10 17:18:24-07:00,2026-08-10,-122.6803133333,45.4395216667,84QVC800+,66.0,,14.4,26.7,0.0,5.5,,1015.5,Trametes gibbosa,Trametes,"SW Terwilliger Blvd, Portland, OR, US",2,False,,,13.0,13.0,precise,Fungi,Basidiomycota,Agaricomycetes,Polyporales,Polyporaceae,410641.0,species,Trametes gibbosa,Lumpy Bracket
eaf1575e-0805-42cd-bffa-6800b436ebe0,377001699,2026-06-30 10:19:11-07:00,2026-06-30,-122.7383191891,45.4372078818,84QVC700+,152.0,,13.3,18.9,0.0,6.5,,1018.9,Trametes betulina,Trametes,"Oregon, US",1,True,obscured,,194.0,27158.0,obscured,Fungi,Basidiomycota,Agaricomycetes,Polyporales,Polyporaceae,786918.0,species,Trametes betulina,Gilled Polypore
f1544e34-d6f9-4a25-96d4-0e69932fee53,376736001,2026-06-27 10:15:18-07:00,2026-06-27,-122.8758055556,45.3465416667,84QV8400+,108.0,,11.7,16.7,3.3,5.7,,,Trametes hirsuta,Trametes,"Sherwood, OR 97140, USA",1,False,,,,,unknown,Fungi,Basidiomycota,Agaricomycetes,Polyporales,Polyporaceae,116695.0,species,Trametes hirsuta,Hairy Bracket
0f25ebdf-3a1f-44d3-af3d-e0275edbb785,375720972,2026-06-26 20:49:29-07:00,2026-06-26,-122.5023498535,45.7039299011,84QVPF00+,92.0,,12.8,22.8,1.9,7.0,,,Trametes gibbosa,Trametes,Brush Prairie,1,False,,,3.0,3.0,precise,Fungi,Basidiomycota,Agaricomycetes,Polyporales,Polyporaceae,410641.0,species,Trametes gibbosa,Lumpy Bracket
e000a6e1-f5da-4f02-94ca-bb57a0f46e5d,356236866,2026-04-25 13:44:04-07:00,2026-04-25,-122.8423109651,44.6451890236,84PVJ500+,92.0,,2.8,20.0,0.0,11.5,,,Trametes hirsuta,Trametes,"Oregon, US",1,True,obscured,,5.0,27285.0,obscured,Fungi,Basidiomycota,Agaricomycetes,Polyporales,Polyporaceae,116695.0,species,Trametes hirsuta,Hairy Bracket
9b9e3ade-afe5-4a4f-bcca-b05d6c201e4f,354683616,2026-04-26 12:48:44-07:00,2026-04-26,-122.7624066174,45.6503040766,84QVM600+,3.0,,3.9,21.7,0.0,3.1,,,Trametes gibbosa,Trametes,"J6XP+C2 Picnic Area B, Portland, OR 97203, USA",1,False,,,18.0,18.0,precise,Fungi,Basidiomycota,Agaricomycetes,Polyporales,Polyporaceae,410641.0,species,Trametes gibbosa,Lumpy Bracket
a756b1f5-34b2-435c-a87a-aa4d6035bcf4,348355287,2026-04-08 10:41:23-07:00,2026-04-08,-122.8448668,45.4404773997,84QVC500+,148.0,,2.8,20.0,0.0,2.4,,,Trametes gibbosa,Trametes,"Neighbors Southwest, Beaverton, OR, USA",1,False,,,,,unknown,Fungi,Basidiomycota,Agaricomycetes,Polyporales,Polyporaceae,410641.0,species,Trametes gibbosa,Lumpy Bracket
37024b71-42eb-4da2-8ee8-621ad91ff5f7,348098327,2026-04-07 10:05:42-07:00,2026-04-07,-122.5635471845,45.4460707216,84QVCC00+,155.0,,8.3,16.1,0.0,2.0,,1016.2,Trametes hirsuta,Trametes,"SE 99th Dr, Happy Valley, OR, US",1,False,,,3.0,3.0,precise,Fungi,Basidiomycota,Agaricomycetes,Polyporales,Polyporaceae,116695.0,species,Trametes hirsuta,Hairy Bracket
55d2562d-c63e-479b-989a-b84577afdde2,347668177,2026-04-05 12:47:13-07:00,2026-04-05,-122.1080538799,45.5719668769,84QVHV00+,398.0,,10.6,23.9,0.0,10.9,,1017.1,Trametes gibbosa,Trametes,"Gorge Trail, Corbett, OR, US",1,False,,,424.0,424.0,precise,Fungi,Basidiomycota,Agaricomycetes,Polyporales,Polyporaceae,410641.0,species,Trametes gibbosa,Lumpy Bracket
9ec49a18-a95a-40df-ab31-7d62325505ee,347364913,2026-02-13 15:17:49-08:00,2026-02-13,-122.6773099766,45.4382963928,84QVC800+,81.0,,5.0,10.0,4.8,10.8,,1021.2,Trametes gibbosa,Trametes,"SW Terwilliger Blvd, Portland, OR, US",1,False,,,6.0,6.0,precise,Fungi,Basidiomycota,Agaricomycetes,Polyporales,Polyporaceae,410641.0,species,Trametes gibbosa,Lumpy Bracket
d5271ade-a670-4ca7-82d4-660e4d11ecc4,344068510,2026-03-20 15:21:24-07:00,2026-03-20,-122.63982044,45.53451472,84QVG900+,55.0,,9.0,16.0,0.2,8.8,,1020.2,Trametes hirsuta,Trametes,"NE 24th & Broadway, Portland, OR 97212, USA",1,False,,,6.0,6.0,precise,Fungi,Basidiomycota,Agaricomycetes,Polyporales,Polyporaceae,116695.0,species,Trametes hirsuta,Hairy Bracket
813abeab-c21c-4ae5-9eb3-6e8216d04e42,343885096,2026-03-19 13:27:19-07:00,2026-03-19,-122.839931,45.5003029,84QVG500+,74.0,,10.0,16.0,2.5,3.3,,1020.2,Trametes betulina,Trametes,"Cooper Mountain - Aloha North, Beaverton, OR, USA",1,False,,,,,unknown,Fungi,Basidiomycota,Agaricomycetes,Polyporales,Polyporaceae,786918.0,species,Trametes betulina,Gilled Polypore
fbe58748-27ed-419e-a24a-f44476e82ee0,343532226,2026-03-17 13:48:41-07:00,2026-03-17,-122.6854116667,45.5707533333,84QVH800+,61.0,,8.6,17.0,0.7,5.8,,1018.4,Trametes hirsuta,Trametes,"N Fenwick Ave, Portland, OR, US",1,False,,,3.0,3.0,precise,Fungi,Basidiomycota,Agaricomycetes,Polyporales,Polyporaceae,116695.0,species,Trametes hirsuta,Hairy Bracket
35c5a2fb-531b-4f97-9266-52dee32e2a35,342157486,2026-03-09 16:08:47-07:00,2026-03-09,-122.7618493036,45.6489248304,84QVJ600+,24.0,,1.0,9.0,1.4,4.2,,1020.8,Trametes gibbosa,Trametes,"Kelley Point City Park, Portland, OR, US",1,False,,,5.0,5.0,precise,Fungi,Basidiomycota,Agaricomycetes,Polyporales,Polyporaceae,410641.0,species,Trametes gibbosa,Lumpy Bracket
2d896f9f-0fba-4605-9541-06a059b5ce73,341925288,2026-03-08 09:35:00-07:00,2026-03-08,-122.5873316667,45.570745,84QVHC00+,4.0,,5.0,14.0,0.1,12.6,,1020.0,Trametes hirsuta,Trametes,"Northeast Portland, Portland, OR, USA",1,False,,,,,unknown,Fungi,Basidiomycota,Agaricomycetes,Polyporales,Polyporaceae,116695.0,species,Trametes hirsuta,Hairy Bracket
517d4239-098b-46c8-913f-8c58727c04b4,341925285,2026-03-08 09:33:00-07:00,2026-03-08,-122.5873366667,45.5707433333,84QVHC00+,4.0,,5.0,14.0,0.1,12.6,,1020.0,Trametes hirsuta,Trametes,"Northeast Portland, Portland, OR, USA",1,False,,,,,unknown,Fungi,Basidiomycota,Agaricomycetes,Polyporales,Polyporaceae,116695.0,species,Trametes hirsuta,Hairy Bracket
707fa2ab-f1df-43e1-8c9f-192a5a58afa3,341925279,2026-03-08 09:18:00-07:00,2026-03-08,-122.5889666667,45.5713683333,84QVHC00+,5.0,,5.0,14.0,0.1,12.6,,1020.0,Trametes gibbosa,Trametes,"Northeast Portland, Portland, OR, USA",1,False,,,,,unknown,Fungi,Basidiomycota,Agaricomycetes,Polyporales,Polyporaceae,410641.0,species,Trametes gibbosa,Lumpy Bracket
c23f7dfd-2a4e-413b-9438-33324614bea5,341815673,2026-03-07 12:44:18-08:00,2026-03-07,-122.7623255,45.6493030997,84QVJ600+,24.0,,10.0,17.0,0.0,5.8,,1027.8,Trametes gibbosa,Trametes,"St. Johns, Portland, OR, USA",1,False,,,,,unknown,Fungi,Basidiomycota,Agaricomycetes,Polyporales,Polyporaceae,410641.0,species,Trametes gibbosa,Lumpy Bracket
629677f0-5119-4f5e-af8d-2ba3df35eed9,341794370,2026-03-05 15:57:54-08:00,2026-03-05,-121.9943383333,45.6112633333,84QWJ200+,206.0,,6.0,11.0,1.2,7.2,,1027.9,Trametes gibbosa,Trametes,"Columbia River Gorge National Scenic Area, Cascade Locks, OR, US",1,False,,,8.0,8.0,precise,Fungi,Basidiomycota,Agaricomycetes,Polyporales,Polyporaceae,410641.0,species,Trametes gibbosa,Lumpy Bracket
f32c9e7d-6a46-4aa4-841d-73db86185501,340877352,2026-03-01 15:13:37-08:00,2026-03-01,-122.2931713763,45.4894716488,84QVFP00+,142.0,,5.0,16.0,0.0,13.0,,1016.4,Trametes gibbosa,Trametes,"Gresham, OR, US",1,False,,,5.0,5.0,precise,Fungi,Basidiomycota,Agaricomycetes,Polyporales,Polyporaceae,410641.0,species,Trametes gibbosa,Lumpy Bracket
86bd5ab0-68c5-4fa4-89da-ee5530212f79,340877258,2026-03-01 15:09:36-08:00,2026-03-01,-122.2937499255,45.4888054476,84QVFP00+,142.0,,5.0,16.0,0.0,13.0,,1016.4,Trametes gibbosa,Trametes,"Gresham, OR, US",1,False,,,4.0,4.0,precise,Fungi,Basidiomycota,Agaricomycetes,Polyporales,Polyporaceae,410641.0,species,Trametes gibbosa,Lumpy Bracket
a7a48e8b-70f3-49bf-9f86-d1e925d81f24,340710915,2026-02-28 15:35:00-08:00,2026-02-28,-122.762065,45.6398233333,84QVJ600+,12.0,,0.0,11.0,0.0,1.0,,,Trametes hirsuta,Trametes,"St. Johns, Portland, OR, USA",1,False,,,,,unknown,Fungi,Basidiomycota,Agaricomycetes,Polyporales,Polyporaceae,116695.0,species,Trametes hirsuta,Hairy Bracket
51a4b005-b95e-4d6f-9c18-8101d512059e,340667783,2026-02-28 13:40:32-08:00,2026-02-28,-122.5451138889,45.5701361111,84QVHF00+,11.0,,0.6,11.1,0.0,2.7,,1017.7,Trametes gibbosa,Trametes,"NE Holman & 112th, Portland, OR 97220, USA",1,False,,,,,unknown,Fungi,Basidiomycota,Agaricomycetes,Polyporales,Polyporaceae,410641.0,species,Trametes gibbosa,Lumpy Bracket
14903c8b-eaec-424c-a487-ac475ce96a8b,340386908,2026-02-26 15:53:37-08:00,2026-02-26,-122.6768470654,45.4380490274,84QVC800+,91.0,,1.7,12.2,0.0,2.5,,1027.4,Trametes gibbosa,Trametes,"SW Terwilliger Blvd, Portland, OR, US",1,False,,,47.0,47.0,precise,Fungi,Basidiomycota,Agaricomycetes,Polyporales,Polyporaceae,410641.0,species,Trametes gibbosa,Lumpy Bracket
7071a4e8-97d5-4766-ad28-6e191f746215,340322974,2026-02-26 08:52:34-08:00,2026-02-26,-122.62863486,45.73540377,84QVP900+,68.0,,1.1,11.7,0.0,0.9,,,Trametes ochracea,Trametes,"Mt Vista, WA, USA",2,False,,,10.0,10.0,precise,Fungi,Basidiomycota,Agaricomycetes,Polyporales,Polyporaceae,118111.0,species,Trametes ochracea,Ochre Bracket
882723ac-eae0-45e7-a812-a0d99d87ed18,340216893,2026-02-25 03:38:00-08:00,2026-02-25,-122.5723416667,45.5370883333,84QVGC00+,77.0,,0.6,10.6,0.0,3.2,,,Trametes ochracea,Trametes,"Northeast Portland, Portland, OR, USA",1,False,,,,,unknown,Fungi,Basidiomycota,Agaricomycetes,Polyporales,Polyporaceae,118111.0,species,Trametes ochracea,Ochre Bracket
d746ccab-1c37-444d-97b6-204b00685f4a,339767493,2026-02-22 10:40:35-08:00,2026-02-22,-122.6637268066,45.4686355591,84QVF800+,14.0,,5.0,8.3,12.2,22.0,,1014.5,Trametes gibbosa,Trametes,Portland,1,False,,,5.0,5.0,precise,Fungi,Basidiomycota,Agaricomycetes,Polyporales,Polyporaceae,410641.0,species,Trametes gibbosa,Lumpy Bracket
41614077-4cae-4ae7-acc5-b073e5e2ccfa,338951260,2026-02-16 09:23:07-08:00,2026-02-16,-122.6174563,45.359963,84QV9900+,91.0,,2.0,7.0,4.6,12.1,,999.8,Trametes betulina,Trametes,"Sunset, West Linn, OR, USA",1,False,,,,,unknown,Fungi,Basidiomycota,Agaricomycetes,Polyporales,Polyporaceae,786918.0,species,Trametes betulina,Gilled Polypore
141b6b36-00db-4df7-a7c1-c0d6f9d0f772,338784818,2026-02-15 13:23:32-08:00,2026-02-15,-122.678066902,45.4384329217,84QVC800+,81.0,,5.0,9.4,0.8,5.0,,1014.4,Trametes gibbosa,Trametes,"SW Terwilliger Blvd, Portland, OR, US",1,False,,,14.0,14.0,precise,Fungi,Basidiomycota,Agaricomycetes,Polyporales,Polyporaceae,410641.0,species,Trametes gibbosa,Lumpy Bracket
70bf1b82-e701-475f-a544-57042a2dd6f2,338639794,2026-02-14 15:47:08-08:00,2026-02-14,-122.6799866667,45.44155,84QVC800+,60.0,,2.8,8.9,2.8,7.6,,1018.6,Trametes gibbosa,Trametes,"Tryon Creek State Natural Area, Portland, OR, US",2,False,,,4.0,4.0,precise,Fungi,Basidiomycota,Agaricomycetes,Polyporales,Polyporaceae,410641.0,species,Trametes gibbosa,Lumpy Bracket
45ea73e9-2d88-4a16-8ed9-952fe9788849,337893808,2015-10-29 16:30:00-07:00,2015-10-29,-122.3758,45.5532,84QVHJ00+,8.0,,13.3,17.8,,6.0,,1019.1,Trametes gibbosa,Trametes,"Multnomah County, OR, USA",1,False,,,,,unknown,Fungi,Basidiomycota,Agaricomycetes,Polyporales,Polyporaceae,410641.0,species,Trametes gibbosa,Lumpy Bracket
a12c33fd-8ad1-460d-8ab4-83b65761322a,337472646,2026-02-01 13:16:13-08:00,2026-02-01,-122.41178,45.8341783333,84QVRH00+,166.0,,7.0,14.0,0.7,7.4,,1021.5,Trametes gibbosa,Trametes,"Battle Ground, WA, US",1,False,,,14.0,14.0,precise,Fungi,Basidiomycota,Agaricomycetes,Polyporales,Polyporaceae,410641.0,species,Trametes gibbosa,Lumpy Bracket
c0fc7618-536e-4835-810f-5a73d481bc3e,336874698,2026-01-31 14:49:03-08:00,2026-01-31,-122.5532361111,45.4218833333,84QVCC00+,157.0,,5.0,16.1,0.0,6.5,,1020.8,Trametes betulina,Trametes,"10500 Block SE Mather, Sunnyside, OR 97015, USA",1,False,,,,,unknown,Fungi,Basidiomycota,Agaricomycetes,Polyporales,Polyporaceae,786918.0,species,Trametes betulina,Gilled Polypore
384262b1-2ea2-48dc-a4b2-66d2711b4b6c,336845624,2026-01-31 10:40:52-08:00,2026-01-31,-122.6176,45.359945,84QV9900+,91.0,,4.0,12.0,0.0,2.4,,1020.8,Trametes betulina,Trametes,"Camassia Nature Preserve, West Linn, OR, US",1,False,,,17.0,17.0,precise,Fungi,Basidiomycota,Agaricomycetes,Polyporales,Polyporaceae,786918.0,species,Trametes betulina,Gilled Polypore
f8e4c0ee-9826-4b17-943f-f7047be7c692,336403656,2026-01-27 14:28:26-08:00,2026-01-27,-122.8468397997,45.5003059,84QVG500+,72.0,,-2.0,8.0,0.0,4.5,,1021.0,Trametes gibbosa,Trametes,"Cooper Mountain - Aloha North, Beaverton, OR, USA",1,False,,,,,unknown,Fungi,Basidiomycota,Agaricomycetes,Polyporales,Polyporaceae,410641.0,species,Trametes gibbosa,Lumpy Bracket
f57e7ae8-efc5-481e-bf7c-1d9c9886b43e,335759625,2026-01-18 13:31:58-08:00,2026-01-18,-122.8412166667,45.496545,84QVF500+,68.0,,-4.0,11.0,0.0,5.5,,1026.1,Trametes betulina,Trametes,"Beaverton, OR, US",1,False,,,6.0,6.0,precise,Fungi,Basidiomycota,Agaricomycetes,Polyporales,Polyporaceae,786918.0,species,Trametes betulina,Gilled Polypore
1e6c75b1-d55c-4f2a-ac0e-c149510bbf86,335676794,2025-12-19 09:40:14-08:00,2025-12-19,-122.8488533333,45.5028833333,84QVG500+,62.0,,2.0,7.2,0.5,6.9,,1010.9,Trametes betulina,Trametes,"Beaverton, OR, US",1,False,,,3.0,3.0,precise,Fungi,Basidiomycota,Agaricomycetes,Polyporales,Polyporaceae,786918.0,species,Trametes betulina,Gilled Polypore
7dd15ab9-23b2-4590-80c0-227b40b42caf,335637840,2026-01-18 14:13:35-08:00,2026-01-18,-122.7665166667,45.5811083333,84QVH600+,63.0,,-3.0,8.0,0.0,3.3,,1027.0,Trametes betulina,Trametes,"NW Bridge Ave, Portland, OR, US",1,False,,,5.0,5.0,precise,Fungi,Basidiomycota,Agaricomycetes,Polyporales,Polyporaceae,786918.0,species,Trametes betulina,Gilled Polypore
fedd38e7-44c6-47c9-a2fc-0d444d8b203f,335442233,2026-01-18 13:24:27-08:00,2026-01-18,-122.8186094935,45.3411233149,84QV8500+,80.0,,-3.0,10.0,0.0,6.0,,1025.8,Trametes cinnabarina,Trametes,"Oregon, US",1,True,obscured,,2151.0,27190.0,obscured,Fungi,Basidiomycota,Agaricomycetes,Polyporales,Polyporaceae,974663.0,species,Trametes cinnabarina,Northern Cinnabar Polypore
0b7ad8cf-d429-4a50-9e62-782b4c2e46dc,335400258,2026-01-19 12:03:08-08:00,2026-01-19,-122.6781003038,45.4385366998,84QVC800+,81.0,,0.0,8.3,0.0,11.9,,1025.9,Trametes gibbosa,Trametes,"SW Terwilliger Blvd, Portland, OR, US",1,False,,,11.0,11.0,precise,Fungi,Basidiomycota,Agaricomycetes,Polyporales,Polyporaceae,410641.0,species,Trametes gibbosa,Lumpy Bracket
c4b0c346-c004-4e11-ab01-f23579ed9068,335154140,2026-01-17 14:24:13-08:00,2026-01-17,-122.7731466667,45.5635833333,84QVH600+,271.0,,-2.0,10.0,0.0,6.1,,1026.0,Trametes gibbosa,Trametes,"Wildwood Trail, Portland, OR, US",1,False,,,378.0,378.0,precise,Fungi,Basidiomycota,Agaricomycetes,Polyporales,Polyporaceae,410641.0,species,Trametes gibbosa,Lumpy Bracket
ad4c469c-c0af-4dd0-a6b5-05de107e862a,334738102,2026-01-13 13:01:55-08:00,2026-01-13,-122.6805275787,45.441698258,84QVC800+,75.0,,-0.6,10.6,0.0,1.8,,1030.2,Trametes gibbosa,Trametes,"Tryon Creek State Natural Area, Portland, OR, US",1,False,,,173.0,173.0,precise,Fungi,Basidiomycota,Agaricomycetes,Polyporales,Polyporaceae,410641.0,species,Trametes gibbosa,Lumpy Bracket
6a991a00-c21f-4f23-a2a3-5a6cdd08d4c8,334554472,2026-01-12 14:32:23-08:00,2026-01-12,-121.9941171891,45.6110324111,84QWJ200+,206.0,,2.8,13.0,0.0,4.8,,1029.2,Trametes gibbosa,Trametes,"Cascade Locks, OR, US",1,False,,,7.0,7.0,precise,Fungi,Basidiomycota,Agaricomycetes,Polyporales,Polyporaceae,410641.0,species,Trametes gibbosa,Lumpy Bracket
1777f96e-f047-4375-ac54-3dc538083575,334506735,2026-01-11 12:02:10-08:00,2026-01-11,-122.4415007169,45.5613939913,84QVHH00+,7.0,,5.0,11.0,0.0,11.8,,1029.2,Trametes hirsuta,Trametes,"Chinook Landing Marine Park, Fairview, OR, US",1,False,,,398.0,398.0,precise,Fungi,Basidiomycota,Agaricomycetes,Polyporales,Polyporaceae,116695.0,species,Trametes hirsuta,Hairy Bracket
88ea2fb6-ec80-42f8-b871-4a530f273fdc,334421927,2026-01-11 13:22:15-08:00,2026-01-11,-122.9041020999,45.2513888337,84QV7300+,41.0,,3.0,12.0,0.0,1.3,,1029.1,Trametes betulina,Trametes,"Oregon, US",1,True,obscured,,943.0,27190.0,obscured,Fungi,Basidiomycota,Agaricomycetes,Polyporales,Polyporaceae,786918.0,species,Trametes betulina,Gilled Polypore
8fb1c0e7-984f-47a5-b051-25a7416665a1,334279148,2026-01-09 12:24:27-08:00,2026-01-09,-122.6756153187,45.4407836345,84QVC800+,92.0,,3.9,10.0,0.0,7.6,,1032.2,Trametes gibbosa,Trametes,"Ruth Pennington Trillium Trail, Portland, OR, US",1,False,,,24.0,24.0,precise,Fungi,Basidiomycota,Agaricomycetes,Polyporales,Polyporaceae,410641.0,species,Trametes gibbosa,Lumpy Bracket
a229d544-fbc6-4584-a253-b19ca8be08e1,334003826,2026-01-07 16:02:41-08:00,2026-01-07,-122.6102684679,45.5736554931,84QVH900+,7.0,,3.9,7.2,8.9,13.3,,1011.9,Trametes ochracea,Trametes,"Cully, Portland, OR, US",1,False,,,245.0,245.0,precise,Fungi,Basidiomycota,Agaricomycetes,Polyporales,Polyporaceae,118111.0,species,Trametes ochracea,Ochre Bracket
25700844-65f5-4641-a82e-289ecac653e4,333514339,2026-01-04 13:58:51-08:00,2026-01-04,-122.61068725,45.5740203611,84QVH900+,8.0,,5.6,11.7,7.6,16.2,,1001.8,Trametes hirsuta,Trametes,"Whitaker Ponds, Portland, OR 97218, USA",1,False,,,,,unknown,Fungi,Basidiomycota,Agaricomycetes,Polyporales,Polyporaceae,116695.0,species,Trametes hirsuta,Hairy Bracket
da5df7c2-a37a-46cc-be0e-d6bc877ef325,333494361,2026-01-04 13:49:53-08:00,2026-01-04,-122.553718,45.676627,84QVMC00+,69.0,,6.0,11.0,4.3,11.8,,1002.2,Trametes hirsuta,Trametes,"NE 76th St & 115th Ave, Five Corners, WA 98662, USA",1,False,,,,,unknown,Fungi,Basidiomycota,Agaricomycetes,Polyporales,Polyporaceae,116695.0,species,Trametes hirsuta,Hairy Bracket
3a4c934c-2a3d-4431-afd4-ed02b39e884a,333107009,2026-01-01 16:44:25-08:00,2026-01-01,-122.7104194444,45.4315277778,84QVC700+,174.0,,2.2,5.0,9.7,10.4,,1010.2,Trametes ochracea,Trametes,"McNary & Churchill Downs, Lake Oswego, OR 97035, USA",1,False,,,,,unknown,Fungi,Basidiomycota,Agaricomycetes,Polyporales,Polyporaceae,118111.0,species,Trametes ochracea,Ochre Bracket
cc7e53a1-27ab-448f-a999-47efae3fe909,332829832,2025-12-30 13:38:15-08:00,2025-12-30,-122.6517308086,45.3603927564,84QV9800+,190.0,,-2.0,10.0,0.0,1.7,,1024.3,Trametes gibbosa,Trametes,"Oregon, US",1,True,obscured,,5371.0,27190.0,obscured,Fungi,Basidiomycota,Agaricomycetes,Polyporales,Polyporaceae,410641.0,species,Trametes gibbosa,Lumpy Bracket
e0e5a7ad-5152-4369-be32-2e985ce706bf,332409035,2025-12-27 10:25:03-08:00,2025-12-27,-122.841255,45.4965166667,84QVF500+,68.0,,1.0,7.0,0.0,3.3,,1026.2,Trametes betulina,Trametes,"Beaverton, OR, US",1,False,,,3.0,3.0,precise,Fungi,Basidiomycota,Agaricomycetes,Polyporales,Polyporaceae,786918.0,species,Trametes betulina,Gilled Polypore
f85454be-0851-46f1-83ba-004c62a5e4fb,332403075,2025-12-27 20:30:49-08:00,2025-12-27,-122.7435563928,45.2180440907,84QV6700+,43.0,,3.0,8.0,0.3,3.9,,1026.7,Trametes gibbosa,Trametes,"Oregon, US",1,True,obscured,,5371.0,27190.0,obscured,Fungi,Basidiomycota,Agaricomycetes,Polyporales,Polyporaceae,410641.0,species,Trametes gibbosa,Lumpy Bracket
f134ecec-7bb2-49bf-8478-2c9ffcd7593d,332402113,2025-12-27 20:11:19-08:00,2025-12-27,-122.7447018915,45.3798705912,84QV9700+,43.0,,3.0,8.0,0.3,3.9,,1026.7,Trametes gibbosa,Trametes,"Oregon, US",1,True,obscured,,5371.0,27190.0,obscured,Fungi,Basidiomycota,Agaricomycetes,Polyporales,Polyporaceae,410641.0,species,Trametes gibbosa,Lumpy Bracket
5f2aecf6-aec4-47b5-b588-9f4f12c8e4a0,331760307,2025-12-22 12:37:00-08:00,2025-12-22,-122.8396247,45.4982312,84QVF500+,70.0,,2.0,11.0,4.9,12.5,,1011.2,Trametes betulina,Trametes,"Tualatin Hills Nature Park, 15655 SW Millikan Way, Beaverton, OR 97006, USA",1,False,,,195.0,195.0,precise,Fungi,Basidiomycota,Agaricomycetes,Polyporales,Polyporaceae,786918.0,species,Trametes betulina,Gilled Polypore
e6ef4992-cd16-4be3-a779-7dfab50e064e,331093322,2025-12-16 14:26:57-08:00,2025-12-16,-122.8488313997,45.5029431,84QVG500+,62.0,,11.0,15.0,2.9,13.4,,1011.9,Trametes betulina,Trametes,"Cooper Mountain - Aloha North, Beaverton, OR, USA",1,False,,,,,unknown,Fungi,Basidiomycota,Agaricomycetes,Polyporales,Polyporaceae,786918.0,species,Trametes betulina,Gilled Polypore
ce794748-8433-4654-acaf-c80ed8547dfd,330879526,2025-12-15 11:29:03-08:00,2025-12-15,-122.5531949767,45.4219561182,84QVCC00+,157.0,,9.0,16.0,0.8,17.2,,1016.6,Trametes betulina,Trametes,"Mount Talbert Nature Park, Happy Valley, OR, US",1,False,,,32.0,32.0,precise,Fungi,Basidiomycota,Agaricomycetes,Polyporales,Polyporaceae,786918.0,species,Trametes betulina,Gilled Polypore
8ea2f70d-f382-4337-aa89-c2b6f6d70005,330608153,2025-12-11 16:11:45-08:00,2025-12-11,-122.7153333333,45.5164111111,84QVG700+,251.0,,13.0,17.0,3.3,16.9,,1022.2,Trametes betulina,Trametes,"Hoyt Arboretum Visitor Center, Portland, OR 97205, USA",1,False,,,,,unknown,Fungi,Basidiomycota,Agaricomycetes,Polyporales,Polyporaceae,786918.0,species,Trametes betulina,Gilled Polypore
bbd4d985-9b3c-4cca-85ca-aeb4ef21c963,330515714,2025-12-12 15:46:25-08:00,2025-12-12,-122.6797103882,45.438949585,84QVC800+,66.0,,11.0,14.0,0.0,5.9,,1021.7,Trametes gibbosa,Trametes,Portland,1,False,,,3.0,3.0,precise,Fungi,Basidiomycota,Agaricomycetes,Polyporales,Polyporaceae,410641.0,species,Trametes gibbosa,Lumpy Bracket
d8244a23-b72b-4a75-b834-94675f0b7470,330268751,2025-12-10 13:48:58-08:00,2025-12-10,-122.680012663,45.4415634019,84QVC800+,60.0,,14.0,17.0,1.6,27.2,,1019.3,Trametes gibbosa,Trametes,"SW Terwilliger Blvd, Portland, OR, US",1,False,,,4.0,4.0,precise,Fungi,Basidiomycota,Agaricomycetes,Polyporales,Polyporaceae,410641.0,species,Trametes gibbosa,Lumpy Bracket
66db8171-990a-4d01-9861-25e4d9615dd5,329662098,2025-12-05 10:30:30-08:00,2025-12-05,-122.5577862561,45.4282749632,84QVCC00+,146.0,,8.0,14.0,1.1,12.9,,1016.1,Trametes gibbosa,Trametes,"Happy Valley, OR 97015, USA",1,False,,,4.0,4.0,precise,Fungi,Basidiomycota,Agaricomycetes,Polyporales,Polyporaceae,410641.0,species,Trametes gibbosa,Lumpy Bracket
63734ac9-e7be-4d6e-81bf-85568e46a7d0,329606002,2025-12-05 10:21:42-08:00,2025-12-05,-122.7146216667,45.5166033333,84QVG700+,251.0,,8.0,14.0,1.1,12.9,,1016.1,Trametes betulina,Trametes,"SW Upper Cascade Dr, Portland, OR, US",1,False,,,84.0,84.0,precise,Fungi,Basidiomycota,Agaricomycetes,Polyporales,Polyporaceae,786918.0,species,Trametes betulina,Gilled Polypore
e20f8a82-9132-48dc-a4ab-72db6373a875,329519599,2024-12-29 10:19:11-08:00,2024-12-29,-122.67807,45.4385133333,84QVC800+,81.0,,6.1,11.1,7.9,9.4,,1012.0,Trametes gibbosa,Trametes,"SW Terwilliger Blvd, Portland, OR, US",1,False,,,5.0,5.0,precise,Fungi,Basidiomycota,Agaricomycetes,Polyporales,Polyporaceae,410641.0,species,Trametes gibbosa,Lumpy Bracket
97c86571-c4ff-4623-aaf4-788b30f05a90,329103945,2025-12-01 11:33:09-08:00,2025-12-01,-122.6175101442,45.3599228827,84QV9900+,91.0,,0.0,8.0,0.0,2.2,,1024.7,Trametes betulina,Trametes,"Chestnut St, West Linn, OR, US",2,False,,,8.0,8.0,precise,Fungi,Basidiomycota,Agaricomycetes,Polyporales,Polyporaceae,786918.0,species,Trametes betulina,Gilled Polypore
eebf848e-06f0-4045-b938-4285cc692e2f,328848739,2025-11-29 15:26:04-08:00,2025-11-29,-122.7108192059,45.2162797322,84QV6700+,55.0,,4.0,10.0,0.2,4.8,,1020.5,Trametes gibbosa,Trametes,"Oregon, US",1,True,obscured,,5371.0,27190.0,obscured,Fungi,Basidiomycota,Agaricomycetes,Polyporales,Polyporaceae,410641.0,species,Trametes gibbosa,Lumpy Bracket
f1ad9a24-2ee4-4b8b-821a-d5dbcbc7d2dc,328847114,2025-11-29 15:18:16-08:00,2025-11-29,-122.7275730644,45.2819450923,84QV7700+,37.0,,4.0,10.0,0.2,4.8,,1020.5,Trametes gibbosa,Trametes,"Oregon, US",1,True,obscured,,5371.0,27190.0,obscured,Fungi,Basidiomycota,Agaricomycetes,Polyporales,Polyporaceae,410641.0,species,Trametes gibbosa,Lumpy Bracket
ba0a2ac2-5541-424e-8060-210e82171a5a,328846592,2025-11-29 15:15:54-08:00,2025-11-29,-122.725000297,45.3735118173,84QV9700+,57.0,,4.0,10.0,0.2,4.8,,1020.5,Trametes gibbosa,Trametes,"Oregon, US",1,True,obscured,,5371.0,27190.0,obscured,Fungi,Basidiomycota,Agaricomycetes,Polyporales,Polyporaceae,410641.0,species,Trametes gibbosa,Lumpy Bracket
f426c308-f956-4062-97b4-d20ac3d52c36,328844234,2025-11-29 15:01:48-08:00,2025-11-29,-122.7217061678,45.2350761456,84QV6700+,49.0,,4.0,10.0,0.2,4.8,,1020.5,Trametes betulina,Trametes,"Oregon, US",1,True,obscured,,5371.0,27190.0,obscured,Fungi,Basidiomycota,Agaricomycetes,Polyporales,Polyporaceae,786918.0,species,Trametes betulina,Gilled Polypore
0e4afcd8-975f-421d-821c-23f77cc9df26,328693943,2025-11-28 15:02:20-08:00,2025-11-28,-122.4018429071,45.5144730595,84QVGH00+,99.0,,8.0,12.0,4.5,22.8,,1021.2,Trametes gibbosa,Trametes,"Oregon, US",1,True,obscured,,17.0,27158.0,obscured,Fungi,Basidiomycota,Agaricomycetes,Polyporales,Polyporaceae,410641.0,species,Trametes gibbosa,Lumpy Bracket
30f171e4-1928-4724-9aa5-809aca369a4f,328522527,2025-11-27 10:33:46-08:00,2025-11-27,-122.3034969925,45.4974986774,84QVFM00+,33.0,,7.0,14.0,2.2,27.2,,1016.5,Trametes gibbosa,Trametes,"Sandy River, Corbett, OR, US",1,False,,,3145.0,3145.0,coarse,Fungi,Basidiomycota,Agaricomycetes,Polyporales,Polyporaceae,410641.0,species,Trametes gibbosa,Lumpy Bracket
ed0bfa00-9e95-49d3-82ab-0b8de82019d9,328409559,2025-11-23 13:53:51-08:00,2025-11-23,-122.5351033333,45.8238616667,84QVRF00+,70.0,,3.0,9.0,0.6,5.5,,1020.7,Trametes gibbosa,Trametes,"Lewisville Regional Park, Battle Ground, WA, US",1,False,,,296.0,296.0,precise,Fungi,Basidiomycota,Agaricomycetes,Polyporales,Polyporaceae,410641.0,species,Trametes gibbosa,Lumpy Bracket
7a430558-2a51-42a1-bad9-5687389a4156,328112320,2025-11-23 11:37:06-08:00,2025-11-23,-122.7626937293,45.650460697,84QVM600+,3.0,,3.0,9.0,0.6,5.5,,1020.7,Trametes gibbosa,Trametes,"N Marine Dr, Portland, OR, US",1,False,,,5.0,5.0,precise,Fungi,Basidiomycota,Agaricomycetes,Polyporales,Polyporaceae,410641.0,species,Trametes gibbosa,Lumpy Bracket
f8fcf03f-a3f4-4ce8-b669-a41c017d9e53,327921049,2025-11-23 11:32:34-08:00,2025-11-23,-122.7629443202,45.6503827697,84QVM600+,3.0,,3.0,9.0,0.6,5.5,,1020.7,Trametes gibbosa,Trametes,"N Marine Dr, Portland, OR, US",1,False,,,6.0,6.0,precise,Fungi,Basidiomycota,Agaricomycetes,Polyporales,Polyporaceae,410641.0,species,Trametes gibbosa,Lumpy Bracket
067abb47-d9a0-4d0f-9d3f-9857fcda948f,327771153,2025-11-20 14:55:19-08:00,2025-11-20,-122.6799916667,45.4415366667,84QVC800+,60.0,,6.0,13.0,1.4,10.2,,1018.7,Trametes gibbosa,Trametes,"SW Terwilliger Blvd, Portland, OR, US",1,False,,,4.0,4.0,precise,Fungi,Basidiomycota,Agaricomycetes,Polyporales,Polyporaceae,410641.0,species,Trametes gibbosa,Lumpy Bracket
07184e89-2b66-45fa-b41c-7219cea9e22b,327607259,2025-11-21 15:45:30-08:00,2025-11-21,-122.9735072364,45.3182320771,84QV8200+,68.0,,3.0,9.0,0.0,1.9,,1024.5,Trametes ochracea,Trametes,"Oregon, US",1,True,obscured,,943.0,27190.0,obscured,Fungi,Basidiomycota,Agaricomycetes,Polyporales,Polyporaceae,118111.0,species,Trametes ochracea,Ochre Bracket
6338bc14-1c76-4aaf-a2e3-bbd5c8989220,327606274,2025-11-21 15:21:45-08:00,2025-11-21,-122.9617847665,45.2400866319,84QV6200+,57.0,,1.9,9.2,0.0,4.0,,1024.1,Trametes gibbosa,Trametes,"Oregon, US",1,True,obscured,,943.0,27190.0,obscured,Fungi,Basidiomycota,Agaricomycetes,Polyporales,Polyporaceae,410641.0,species,Trametes gibbosa,Lumpy Bracket
6f14555c-07d9-4506-8aaa-d744f64fb917,325790200,2025-11-09 12:20:48-08:00,2025-11-09,-122.715355,45.5163383333,84QVG700+,251.0,,7.0,16.1,0.0,10.8,,1022.3,Trametes betulina,Trametes,"SW Fairview Blvd, Portland, OR, US",1,False,,,6.0,6.0,precise,Fungi,Basidiomycota,Agaricomycetes,Polyporales,Polyporaceae,786918.0,species,Trametes betulina,Gilled Polypore
934b20f2-c25e-46dd-9439-f6bc51d15d58,325691915,2025-11-02 11:22:04-08:00,2025-11-02,-122.7560740458,45.5789695985,84QVH600+,14.0,,4.0,14.0,0.0,3.1,,1026.8,Trametes gibbosa,Trametes,"Oregon, US",1,True,obscured,,,27158.0,obscured,Fungi,Basidiomycota,Agaricomycetes,Polyporales,Polyporaceae,410641.0,species,Trametes gibbosa,Lumpy Bracket
5871a41d-5784-4171-9bd5-b87f2afc53e6,325593266,2025-11-08 14:12:02-08:00,2025-11-08,-122.8544283408,45.2914377152,84QV7400+,205.0,,4.0,17.0,0.0,7.6,,1020.4,Trametes gibbosa,Trametes,"Oregon, US",1,True,obscured,,943.0,27190.0,obscured,Fungi,Basidiomycota,Agaricomycetes,Polyporales,Polyporaceae,410641.0,species,Trametes gibbosa,Lumpy Bracket
54156647-5e08-4379-8e85-d80cd0fc184f,324027812,2025-10-30 11:20:56-07:00,2025-10-30,-122.6828843184,45.4372430849,84QVC800+,80.0,,4.0,16.0,0.0,16.0,,1021.3,Trametes gibbosa,Trametes,"Portland, OR, US",1,False,,,4.0,4.0,precise,Fungi,Basidiomycota,Agaricomycetes,Polyporales,Polyporaceae,410641.0,species,Trametes gibbosa,Lumpy Bracket
59125197-71c7-4f7a-a576-bb86bdd5258f,323539070,2025-10-27 13:54:09-07:00,2025-10-27,-122.6806742539,45.4412303125,84QVC800+,60.0,,7.0,12.0,0.0,7.0,,1026.2,Trametes gibbosa,Trametes,"SW Terwilliger Blvd, Portland, OR, US",2,False,,,76.0,76.0,precise,Fungi,Basidiomycota,Agaricomycetes,Polyporales,Polyporaceae,410641.0,species,Trametes gibbosa,Lumpy Bracket
1e0bc9ba-939f-40d5-947c-9a53c2b68631,323527799,2025-10-27 13:53:17-07:00,2025-10-27,-122.6800242666,45.4415265575,84QVC800+,60.0,,7.0,12.0,0.0,7.0,,1026.2,Trametes gibbosa,Trametes,"Tryon Creek State Natural Area, Portland, OR, US",1,False,,,4.0,4.0,precise,Fungi,Basidiomycota,Agaricomycetes,Polyporales,Polyporaceae,410641.0,species,Trametes gibbosa,Lumpy Bracket
af837c56-0da0-47a2-98bb-230f9af634af,323254708,2025-10-20 12:27:32-07:00,2025-10-20,-122.8487030044,45.5027315112,84QVG500+,62.0,,5.0,16.0,0.0,5.4,,1027.3,Trametes betulina,Trametes,"Cooper Mountain - Aloha North, Beaverton, OR, USA",2,False,,,44.0,44.0,precise,Fungi,Basidiomycota,Agaricomycetes,Polyporales,Polyporaceae,786918.0,species,Trametes betulina,Gilled Polypore
c4af7fc0-1e2a-4042-9ae7-1514a516fda6,322269360,2025-10-20 09:57:38-07:00,2025-10-20,-122.6813133333,45.441575,84QVC800+,79.0,,10.0,17.0,0.0,4.9,,1027.3,Trametes gibbosa,Trametes,"Tryon Creek State Natural Area, Portland, OR, US",1,False,,,13.0,13.0,precise,Fungi,Basidiomycota,Agaricomycetes,Polyporales,Polyporaceae,410641.0,species,Trametes gibbosa,Lumpy Bracket
ac18d875-5a4f-4c31-9eba-ec2ead228a2a,321924896,2025-10-19 10:53:18-07:00,2025-10-19,-122.6770688,45.4380927997,84QVC800+,81.0,,9.0,17.0,0.4,16.6,,1017.5,Trametes gibbosa,Trametes,"Forest Highlands, Portland, OR, USA",1,False,,,,,unknown,Fungi,Basidiomycota,Agaricomycetes,Polyporales,Polyporaceae,410641.0,species,Trametes gibbosa,Lumpy Bracket
dd440dd8-fd5a-43a5-8f50-6605c8d105e4,321694276,2025-10-18 13:46:37-07:00,2025-10-18,-122.8997780283,45.4932778602,84QVF400+,62.0,,2.0,16.0,0.9,3.8,,1017.6,Trametes gibbosa,Trametes,"Oregon, US",1,True,obscured,,19.0,27158.0,obscured,Fungi,Basidiomycota,Agaricomycetes,Polyporales,Polyporaceae,410641.0,species,Trametes gibbosa,Lumpy Bracket
de1cd954-67c5-40be-8966-1d14a4ac65d5,321095604,2025-10-02 18:24:42-07:00,2025-10-02,-122.6798745697,45.4414584115,84QVC800+,60.0,,12.0,18.0,0.4,8.5,,1017.5,Trametes gibbosa,Trametes,"SW Terwilliger Blvd, Portland, OR, US",1,False,,,55.0,55.0,precise,Fungi,Basidiomycota,Agaricomycetes,Polyporales,Polyporaceae,410641.0,species,Trametes gibbosa,Lumpy Bracket
23542ee3-6773-45ab-b10a-3971f0ea5ec8,320586079,2025-10-12 14:12:08-07:00,2025-10-12,-121.9307813093,45.2720780806,84QW7300+,691.0,,7.0,13.0,9.0,7.2,,1012.0,Trametes gibbosa,Trametes,"Zigzag Ranger Station, Welches, OR, US",1,False,,,1946.0,1946.0,coarse,Fungi,Basidiomycota,Agaricomycetes,Polyporales,Polyporaceae,410641.0,species,Trametes gibbosa,Lumpy Bracket
a7c0833a-316f-4748-ba8c-1469c2580e90,316092961,2025-09-23 09:26:21-07:00,2025-09-23,-122.67999,45.4415619722,84QVC800+,60.0,,12.0,31.0,0.0,8.2,,1015.8,Trametes gibbosa,Trametes,"Forest Highlands, Portland, OR, USA",1,False,,,,,unknown,Fungi,Basidiomycota,Agaricomycetes,Polyporales,Polyporaceae,410641.0,species,Trametes gibbosa,Lumpy Bracket
c10de43e-3ae8-4900-99db-65a71a87483c,315674551,2025-09-21 13:19:24-07:00,2025-09-21,-122.67993,45.4429883333,84QVC800+,75.0,,13.0,22.0,0.5,10.4,,1017.0,Trametes hirsuta,Trametes,"SW Terwilliger Blvd, Portland, OR, US",1,False,,,54.0,54.0,precise,Fungi,Basidiomycota,Agaricomycetes,Polyporales,Polyporaceae,116695.0,species,Trametes hirsuta,Hairy Bracket
c310cf68-778d-4783-bd82-741065d473f1,314650183,2025-09-17 11:36:32-07:00,2025-09-17,-122.6778869339,45.4388505009,84QVC800+,81.0,,15.0,28.0,0.0,10.8,,1017.6,Trametes gibbosa,Trametes,"SW Terwilliger Blvd, Portland, OR, US",1,False,,,123.0,123.0,precise,Fungi,Basidiomycota,Agaricomycetes,Polyporales,Polyporaceae,410641.0,species,Trametes gibbosa,Lumpy Bracket
18010dd7-76dc-44a3-aed8-eb955d55edf7,310019876,2025-08-29 10:08:21-07:00,2025-08-29,-122.6965379342,45.5286758214,84QVG800+,41.0,,17.0,28.0,0.0,8.2,,1017.7,Trametes hirsuta,Trametes,"Nob Hill, Portland, OR, USA",1,False,,,160.0,160.0,precise,Fungi,Basidiomycota,Agaricomycetes,Polyporales,Polyporaceae,116695.0,species,Trametes hirsuta,Hairy Bracket
376ab1e9-98c6-456a-8e7b-9fa86eb40f65,309178072,2025-08-20 11:55:10-07:00,2025-08-20,-122.6783589274,45.4411501402,84QVC800+,78.0,,16.7,27.8,0.0,9.7,,1022.9,Trametes gibbosa,Trametes,"Forest Highlands, Portland, OR, USA",1,False,,,58.0,58.0,precise,Fungi,Basidiomycota,Agaricomycetes,Polyporales,Polyporaceae,410641.0,species,Trametes gibbosa,Lumpy Bracket
1c6935a6-fd2c-4d62-afdb-d591fc376599,308820833,2025-08-22 07:49:51-07:00,2025-08-22,-121.9068264997,45.3227097997,84QW8300+,543.0,,12.2,37.8,0.0,7.4,,1012.8,Trametes gibbosa,Trametes,"Rhododendron, OR 97049, USA",1,False,,,,,unknown,Fungi,Basidiomycota,Agaricomycetes,Polyporales,Polyporaceae,410641.0,species,Trametes gibbosa,Lumpy Bracket
1a2d8980-5752-4671-a0a8-f8bb31608962,308598706,2025-04-21 11:00:00-07:00,2025-04-21,-122.6770449802,45.437722301,84QVC800+,91.0,,7.2,16.1,0.3,9.4,,1024.4,Trametes gibbosa,Trametes,"Forest Highlands, Portland, OR, USA",2,False,,,3891.0,3891.0,coarse,Fungi,Basidiomycota,Agaricomycetes,Polyporales,Polyporaceae,410641.0,species,Trametes gibbosa,Lumpy Bracket
c78ef861-75a3-49ea-a838-881ac53f2ca8,308297430,2025-08-22 07:50:22-07:00,2025-08-22,-121.9066772222,45.3228568889,84QW8300+,543.0,,12.2,37.8,0.0,7.4,,1012.8,Trametes gibbosa,Trametes,"Rhododendron, OR 97049, USA",1,False,,,,,unknown,Fungi,Basidiomycota,Agaricomycetes,Polyporales,Polyporaceae,410641.0,species,Trametes gibbosa,Lumpy Bracket
e127e4f6-3191-472b-9159-9ba0786701e2,304854910,2025-08-08 18:10:39-07:00,2025-08-08,-122.4958572388,45.49634552,84QVFG00+,79.0,,11.1,27.2,0.0,3.8,,1021.1,Trametes hirsuta,Trametes,Portland,1,False,,,20.0,20.0,precise,Fungi,Basidiomycota,Agaricomycetes,Polyporales,Polyporaceae,116695.0,species,Trametes hirsuta,Hairy Bracket
ecab6731-2256-4d13-ad20-c62876a5a380,304853734,2025-08-08 18:03:49-07:00,2025-08-08,-122.4959869385,45.4963722229,84QVFG00+,79.0,,11.1,27.2,0.0,3.8,,1021.1,Trametes hirsuta,Trametes,Portland,1,False,,,22.0,22.0,precise,Fungi,Basidiomycota,Agaricomycetes,Polyporales,Polyporaceae,116695.0,species,Trametes hirsuta,Hairy Bracket
3feb87a7-c9db-4102-8b1d-d39e96327e8a,301122749,2025-07-25 17:13:12-07:00,2025-07-25,-122.3748113215,45.5188478844,84QVGJ00+,69.0,,13.9,27.8,0.0,4.7,,1015.7,Trametes gibbosa,Trametes,"Troutdale, OR 97060, USA",1,False,,,200.0,200.0,precise,Fungi,Basidiomycota,Agaricomycetes,Polyporales,Polyporaceae,410641.0,species,Trametes gibbosa,Lumpy Bracket
98080cf8-1c53-4a4f-950b-c4df47938d3b,297825617,2025-05-26 11:53:00-07:00,2025-05-26,-121.9395138889,45.2988888889,84QW7300+,484.0,,12.8,21.1,0.7,6.1,,1019.9,Trametes gibbosa,Trametes,"Clackamas County, OR, USA",1,False,,,66.0,66.0,precise,Fungi,Basidiomycota,Agaricomycetes,Polyporales,Polyporaceae,410641.0,species,Trametes gibbosa,Lumpy Bracket
2cde0421-c989-4be7-89b2-95f1708e5359,297822409,2025-07-13 09:26:20-07:00,2025-07-13,-121.9539194444,45.6306888889,84QWJ200+,81.0,,16.0,36.0,0.0,1.9,,1015.5,Trametes gibbosa,Trametes,"Cascade Locks, OR 97014, USA",1,False,,,,,unknown,Fungi,Basidiomycota,Agaricomycetes,Polyporales,Polyporaceae,410641.0,species,Trametes gibbosa,Lumpy Bracket
159ae436-06cb-4673-bd9d-38a389757874,293620588,2025-06-28 10:25:03-07:00,2025-06-28,-122.6770449802,45.437722301,84QVC800+,91.0,,15.6,25.6,0.0,11.9,,1021.6,Trametes gibbosa,Trametes,Tryon Creek,1,False,,,3891.0,3891.0,coarse,Fungi,Basidiomycota,Agaricomycetes,Polyporales,Polyporaceae,410641.0,species,Trametes gibbosa,Lumpy Bracket
1c9b60ef-943a-4dab-9b1e-c223a908dcdd,289664976,2025-06-14 13:09:37-07:00,2025-06-14,-122.6253666667,45.7326783333,84QVP900+,47.0,,7.2,18.3,0.0,9.7,,1021.7,Trametes gibbosa,Trametes,"NE Salmon Creek Ave, Vancouver, WA, US",1,False,,,8.0,8.0,precise,Fungi,Basidiomycota,Agaricomycetes,Polyporales,Polyporaceae,410641.0,species,Trametes gibbosa,Lumpy Bracket
79e627f7-d8d9-4df8-948d-e2dd90e3d991,286083449,2025-03-27 16:19:45-07:00,2025-03-27,-122.6783133333,45.4386666667,84QVC800+,81.0,,10.0,15.0,4.3,16.2,,1003.8,Trametes gibbosa,Trametes,"SW Terwilliger Blvd, Portland, OR, US",1,False,,,103.0,103.0,precise,Fungi,Basidiomycota,Agaricomycetes,Polyporales,Polyporaceae,410641.0,species,Trametes gibbosa,Lumpy Bracket
26007eac-3302-4a50-aff4-d5525cbc5fa5,281992275,2025-05-17 14:02:32-07:00,2025-05-17,-122.6338116667,45.47985,84QVF900+,29.0,,11.7,16.7,31.2,11.5,,1014.4,Trametes gibbosa,Trametes,"Reed College, Portland, OR, US",1,False,,,5.0,5.0,precise,Fungi,Basidiomycota,Agaricomycetes,Polyporales,Polyporaceae,410641.0,species,Trametes gibbosa,Lumpy Bracket
487a2d26-1734-424a-b886-31f00df99d32,276110362,2025-04-25 16:38:12-07:00,2025-04-25,-122.7930916667,45.5205116667,84QVG600+,77.0,,7.8,21.0,0.0,7.9,,1010.8,Trametes hirsuta,Trametes,"NW 114th Ave, Portland, OR, US",1,False,,,5.0,5.0,precise,Fungi,Basidiomycota,Agaricomycetes,Polyporales,Polyporaceae,116695.0,species,Trametes hirsuta,Hairy Bracket
ad4d0867-4516-45aa-8188-d75cc9a308b6,275396190,2025-04-27 17:21:56-07:00,2025-04-27,-122.6255632997,45.7327414,84QVP900+,47.0,,4.4,15.6,0.0,6.0,,1019.7,Trametes gibbosa,Trametes,"Mt Vista, WA, USA",2,False,,,,,unknown,Fungi,Basidiomycota,Agaricomycetes,Polyporales,Polyporaceae,410641.0,species,Trametes gibbosa,Lumpy Bracket
61d78a6f-72b1-417b-ba6a-8b8bc7962881,274288501,2025-04-26 11:29:17-07:00,2025-04-26,-122.762295,45.64917,84QVJ600+,24.0,,9.4,18.3,0.0,9.6,,1013.6,Trametes gibbosa,Trametes,"St. Johns, Portland, OR, USA",1,False,,,,,unknown,Fungi,Basidiomycota,Agaricomycetes,Polyporales,Polyporaceae,410641.0,species,Trametes gibbosa,Lumpy Bracket
d4fefd2f-4eeb-45c0-af1d-6fec958473e6,274174566,2025-04-26 12:42:48-07:00,2025-04-26,-122.7657383333,45.6456633333,84QVJ600+,20.0,,9.4,18.3,0.0,9.6,,1013.6,Trametes gibbosa,Trametes,"Kelley Point Park, Portland, OR, US",1,False,,,33.0,33.0,precise,Fungi,Basidiomycota,Agaricomycetes,Polyporales,Polyporaceae,410641.0,species,Trametes gibbosa,Lumpy Bracket
6c4dc6fd-bfb2-4f80-adcb-e6b7fe3b151f,274022812,2025-04-26 11:19:10-07:00,2025-04-26,-122.7616944444,45.6489361111,84QVJ600+,24.0,,9.4,18.3,0.0,9.6,,1013.6,Trametes gibbosa,Trametes,"St. Johns, Portland, OR, USA",1,False,,,,,unknown,Fungi,Basidiomycota,Agaricomycetes,Polyporales,Polyporaceae,410641.0,species,Trametes gibbosa,Lumpy Bracket
2e461a4d-8562-45e1-91c0-ec027cc3a103,273325975,2025-04-24 12:01:25-07:00,2025-04-24,-121.90662,45.3228538997,84QW8300+,543.0,,5.0,23.9,0.0,11.6,,1012.6,Trametes gibbosa,Trametes,"Clackamas County, US-OR, US",1,False,,,,,unknown,Fungi,Basidiomycota,Agaricomycetes,Polyporales,Polyporaceae,410641.0,species,Trametes gibbosa,Lumpy Bracket
9d6ad778-c7ec-4861-96ee-5a24e22546b4,271005603,2025-04-12 11:45:32-07:00,2025-04-12,-122.7631133333,45.6469383333,84QVJ600+,15.0,,2.8,13.3,,8.2,,1027.9,Trametes gibbosa,Trametes,"Kelley Point Park, Portland, OR, US",1,False,,,43.0,43.0,precise,Fungi,Basidiomycota,Agaricomycetes,Polyporales,Polyporaceae,410641.0,species,Trametes gibbosa,Lumpy Bracket
2bbf1716-3fc6-4d19-b5b2-d69205206ceb,270754385,2025-04-15 16:12:52-07:00,2025-04-15,-122.7921216667,45.58822,84QVH600+,240.0,,7.2,22.8,0.0,7.7,,1017.3,Trametes gibbosa,Trametes,"Forest Park Conservancy, Portland, OR, US",1,False,,,53.0,53.0,precise,Fungi,Basidiomycota,Agaricomycetes,Polyporales,Polyporaceae,410641.0,species,Trametes gibbosa,Lumpy Bracket
a247ae31-978c-4469-9b1b-0d3b151e73e1,270398625,2025-04-13 14:23:36-07:00,2025-04-13,-122.2971611111,45.4883444444,84QVFP00+,78.0,,1.7,18.3,0.0,12.1,,1026.3,Trametes gibbosa,Trametes,"Gresham, OR 97080, USA",1,False,,,,,unknown,Fungi,Basidiomycota,Agaricomycetes,Polyporales,Polyporaceae,410641.0,species,Trametes gibbosa,Lumpy Bracket
258c518b-c062-46a6-94e3-3c88d68c523c,270138686,2025-04-09 08:33:37-07:00,2025-04-09,-122.3995859997,45.5125377,84QVGJ00+,99.0,,7.2,17.8,0.0,6.8,,1023.2,Trametes betulina,Trametes,"NE Kane & 23rd Southbound, Gresham, OR 97030, USA",1,False,,,,,unknown,Fungi,Basidiomycota,Agaricomycetes,Polyporales,Polyporaceae,786918.0,species,Trametes betulina,Gilled Polypore
98a89bbd-bb13-400b-9e09-c02489103e51,269716136,2025-04-10 13:40:00-07:00,2025-04-10,-122.7617111111,45.6489333333,84QVJ600+,24.0,,7.8,18.9,,6.3,,1021.5,Trametes gibbosa,Trametes,"St. Johns, Portland, OR, USA",1,False,,,15.0,15.0,precise,Fungi,Basidiomycota,Agaricomycetes,Polyporales,Polyporaceae,410641.0,species,Trametes gibbosa,Lumpy Bracket
d5c47259-c01b-4c18-9f25-92f052e60c2b,268811878,2025-04-05 13:55:45-07:00,2025-04-05,-121.9846343994,45.8769340515,84QWV200+,376.0,,1.4,17.4,0.0,6.9,,1027.2,Trametes gibbosa,Trametes,"Skamania County, US-WA, US",1,False,,,44.0,44.0,precise,Fungi,Basidiomycota,Agaricomycetes,Polyporales,Polyporaceae,410641.0,species,Trametes gibbosa,Lumpy Bracket
fae708ef-b0d2-4518-a5f1-4bc8f7382430,267826832,2025-03-29 13:37:00-07:00,2025-03-29,-121.5567,45.72573,84QWPC00+,41.0,,2.3,12.8,0.2,8.5,,1017.5,Trametes hirsuta,Trametes,"Skamania County, WA, USA",1,False,,,25.0,25.0,precise,Fungi,Basidiomycota,Agaricomycetes,Polyporales,Polyporaceae,116695.0,species,Trametes hirsuta,Hairy Bracket
53c7ab12-3a03-4a3a-bd3d-3280cbfdff3a,267622173,2025-03-28 18:14:19-07:00,2025-03-28,-121.996055603,45.8822479248,84QWV200+,399.0,,4.2,13.2,10.3,8.7,,1009.6,Trametes gibbosa,Trametes,"Skamania County, US-WA, US",1,False,,,27.0,27.0,precise,Fungi,Basidiomycota,Agaricomycetes,Polyporales,Polyporaceae,410641.0,species,Trametes gibbosa,Lumpy Bracket
1ad469ba-478d-4a2f-ab48-ca4058f0859f,267463190,2025-01-18 13:09:45-08:00,2025-01-18,-122.78028,45.4886583333,84QVF600+,73.0,,-4.4,9.4,0.0,4.2,,1031.2,Trametes betulina,Trametes,"SW Kennedy St, Beaverton, OR, US",1,False,,,8.0,8.0,precise,Fungi,Basidiomycota,Agaricomycetes,Polyporales,Polyporaceae,786918.0,species,Trametes betulina,Gilled Polypore
a2f3d480-d42b-48de-b89d-73c664815b69,267284790,2025-03-27 16:19:55-07:00,2025-03-27,-122.6780866667,45.4385116667,84QVC800+,81.0,,10.0,15.0,4.3,16.2,,1003.8,Trametes gibbosa,Trametes,"Tryon Creek State Natural Area, Portland, OR, US",1,False,,,16.0,16.0,precise,Fungi,Basidiomycota,Agaricomycetes,Polyporales,Polyporaceae,410641.0,species,Trametes gibbosa,Lumpy Bracket
c6b01403-aa20-410d-a1fd-8114cc887d3e,267253813,2025-03-27 10:21:36-07:00,2025-03-27,-122.6941886544,45.5297550774,84QVG800+,29.0,,10.0,15.0,4.3,16.2,,1003.8,Trametes villosa,Trametes,"Nob Hill, Portland, OR, USA",1,False,,,183.0,183.0,precise,Fungi,Basidiomycota,Agaricomycetes,Polyporales,Polyporaceae,328309.0,species,Trametes villosa,
c94e864d-50f9-453a-ac71-0a8f5187a90f,266151910,2025-03-20 14:36:43-07:00,2025-03-20,-122.7650638889,45.5565361111,84QVH600+,279.0,,6.7,10.0,,13.2,,1019.3,Trametes gibbosa,Trametes,"Linnton, Portland, OR, USA",1,False,,,,,unknown,Fungi,Basidiomycota,Agaricomycetes,Polyporales,Polyporaceae,410641.0,species,Trametes gibbosa,Lumpy Bracket
3640a8e0-ce76-40b7-9ef8-7aacdd9ab45b,265312810,2025-03-09 16:53:11-07:00,2025-03-09,-122.70063,45.3925383333,84QV9700+,194.0,,2.8,15.0,0.1,10.1,,1017.7,Trametes gibbosa,Trametes,"Cooks Butte Park, Lake Oswego, OR, US",1,False,,,4.0,4.0,precise,Fungi,Basidiomycota,Agaricomycetes,Polyporales,Polyporaceae,410641.0,species,Trametes gibbosa,Lumpy Bracket
e6dc96ee-6055-4ebb-809a-d6ab53c03c61,265305127,2025-03-14 08:44:53-07:00,2025-03-14,-122.3995676083,45.512604425,84QVGJ00+,99.0,,1.7,6.7,,20.8,,1000.3,Trametes betulina,Trametes,"NE Kane & 23rd Southbound, Gresham, OR 97030, USA",1,False,,,,,unknown,Fungi,Basidiomycota,Agaricomycetes,Polyporales,Polyporaceae,786918.0,species,Trametes betulina,Gilled Polypore
9909847a-2c0c-4221-92df-bde29d6cecee,264772140,2025-03-09 12:01:44-07:00,2025-03-09,-122.2975166667,45.48833,84QVFP00+,78.0,,2.2,16.1,1.0,11.9,,1017.5,Trametes gibbosa,Trametes,"Oxbow Regional Park, Gresham, OR, US",2,False,,,78.0,78.0,precise,Fungi,Basidiomycota,Agaricomycetes,Polyporales,Polyporaceae,410641.0,species,Trametes gibbosa,Lumpy Bracket
42699a7b-8f2c-4b78-a10a-751ce990d202,264594867,2025-03-08 17:27:27-08:00,2025-03-08,-122.5486039631,45.4966761319,84QVFF00+,86.0,,5.6,16.1,0.0,11.2,,1022.5,Trametes hirsuta,Trametes,"SE 112th Ave, Portland, OR, US",1,False,,,4.0,4.0,precise,Fungi,Basidiomycota,Agaricomycetes,Polyporales,Polyporaceae,116695.0,species,Trametes hirsuta,Hairy Bracket
95496eb7-f317-4e2b-8221-fe1edfd2884e,264020103,2025-01-21 08:43:14-08:00,2025-01-21,-122.4004472,45.5131556997,84QVGH00+,99.0,,-2.8,8.9,0.0,2.8,,1034.9,Trametes betulina,Trametes,"Northeast, Gresham, OR, USA",1,False,,,,,unknown,Fungi,Basidiomycota,Agaricomycetes,Polyporales,Polyporaceae,786918.0,species,Trametes betulina,Gilled Polypore
18fda7ae-689c-4bfa-8305-bca9725fa376,263841092,2025-03-03 10:46:04-08:00,2025-03-03,-122.66015,45.59517,84QVH800+,8.0,,6.1,11.7,,2.1,,1020.2,Trametes hirsuta,Trametes,"Columbia Children's Arboretum, Portland, OR, US",1,False,,,13.0,13.0,precise,Fungi,Basidiomycota,Agaricomycetes,Polyporales,Polyporaceae,116695.0,species,Trametes hirsuta,Hairy Bracket
e5e64bd8-74eb-4a9a-9157-017ec351a9f7,263838986,2025-03-03 10:54:09-08:00,2025-03-03,-122.660155,45.5951783333,84QVH800+,8.0,,6.1,11.7,,2.1,,1020.2,Trametes ochracea,Trametes,"Columbia Children's Arboretum, Portland, OR, US",1,False,,,13.0,13.0,precise,Fungi,Basidiomycota,Agaricomycetes,Polyporales,Polyporaceae,118111.0,species,Trametes ochracea,Ochre Bracket
3391397b-d598-4985-baa3-ed1fecee7da6,263803216,2025-03-03 13:49:38-08:00,2025-03-03,-122.6777267456,45.4385185242,84QVC800+,81.0,,7.8,12.2,0.3,4.3,,1019.7,Trametes gibbosa,Trametes,Portland,1,False,,,33.0,33.0,precise,Fungi,Basidiomycota,Agaricomycetes,Polyporales,Polyporaceae,410641.0,species,Trametes gibbosa,Lumpy Bracket
4c2a0108-8e02-421e-a2af-14339183729e,263105809,2025-02-20 11:44:42-08:00,2025-02-20,-122.898605,45.0321583333,84QV2400+,58.0,,4.4,16.1,0.0,6.8,,1028.1,Trametes betulina,Trametes,"Labish Center Rd NE, Salem, OR, US",1,False,,,3.0,3.0,precise,Fungi,Basidiomycota,Agaricomycetes,Polyporales,Polyporaceae,786918.0,species,Trametes betulina,Gilled Polypore
2e56bcfb-3350-496b-bd39-7354f7377ffa,262297419,2025-02-19 11:41:12-08:00,2025-02-19,-122.642205,45.4152716667,84QVC900+,53.0,,4.4,8.9,7.4,18.4,,1017.3,Trametes gibbosa,Trametes,"SE Arista Dr, Portland, OR, US",1,False,,,4.0,4.0,precise,Fungi,Basidiomycota,Agaricomycetes,Polyporales,Polyporaceae,410641.0,species,Trametes gibbosa,Lumpy Bracket
3f0cb97c-5e9b-43c3-9182-ebbf4a102596,261466278,2025-02-09 11:54:09-08:00,2025-02-09,-122.5852359997,45.3900357997,84QV9C00+,66.0,,2.2,7.2,0.0,2.5,,1032.4,Trametes betulina,Trametes,"Webster & Cason, Gladstone, OR 97027, USA",1,False,,,,,unknown,Fungi,Basidiomycota,Agaricomycetes,Polyporales,Polyporaceae,786918.0,species,Trametes betulina,Gilled Polypore
38e84e0a-d747-45df-b89d-93c2fb4e5ae0,261356486,2025-02-10 08:06:08-08:00,2025-02-10,-122.7299222222,45.5257833333,84QVG700+,164.0,,-1.0,7.2,0.0,11.9,,1029.9,Trametes gibbosa,Trametes,"Portland, OR 97210, USA",1,False,,,,,unknown,Fungi,Basidiomycota,Agaricomycetes,Polyporales,Polyporaceae,410641.0,species,Trametes gibbosa,Lumpy Bracket
0e0d2c41-94f6-48e3-bd2e-464209606385,261273370,2025-02-09 12:50:29-08:00,2025-02-09,-122.7622,45.6487883333,84QVJ600+,24.0,,2.2,6.7,0.8,1.4,,1032.7,Trametes ochracea,Trametes,"Kelley Point Park, Portland, OR, US",1,False,,,44.0,44.0,precise,Fungi,Basidiomycota,Agaricomycetes,Polyporales,Polyporaceae,118111.0,species,Trametes ochracea,Ochre Bracket
214a87b5-2261-466f-856a-6bd96d2533ef,261202539,2025-02-09 13:57:00-08:00,2025-02-09,-122.7657861111,45.6455916667,84QVJ600+,20.0,,2.2,6.7,0.8,1.4,,1032.7,Trametes gibbosa,Trametes,"St. Johns, Portland, OR, USA",1,False,,,6.0,6.0,precise,Fungi,Basidiomycota,Agaricomycetes,Polyporales,Polyporaceae,410641.0,species,Trametes gibbosa,Lumpy Bracket
59b28d55-ac83-40d1-ab79-ca324b92b7c3,261198483,2025-02-09 13:58:58-08:00,2025-02-09,-122.7659,45.6456866667,84QVJ600+,20.0,,2.2,6.7,0.8,1.4,,1032.7,Trametes gibbosa,Trametes,"Kelley Point Park, Portland, OR, US",1,False,,,6.0,6.0,precise,Fungi,Basidiomycota,Agaricomycetes,Polyporales,Polyporaceae,410641.0,species,Trametes gibbosa,Lumpy Bracket
3eaf6bb1-e83b-4bf8-9da0-e386ed865ce9,260327087,2025-02-01 15:00:32-08:00,2025-02-01,-122.67807,45.4414283333,84QVC800+,78.0,,3.3,8.3,0.8,6.8,,1015.5,Trametes gibbosa,Trametes,"Tryon Creek State Natural Area, Portland, OR, US",1,False,,,4.0,4.0,precise,Fungi,Basidiomycota,Agaricomycetes,Polyporales,Polyporaceae,410641.0,species,Trametes gibbosa,Lumpy Bracket
70e43b10-0a49-4137-802f-eb511b318b3a,259471325,2025-01-24 14:48:57-08:00,2025-01-24,-122.6109083333,45.35008,84QV9900+,59.0,,0.6,8.9,0.0,8.0,,1028.1,Trametes gibbosa,Trametes,"Waterboard Park, Oregon City, OR, US",1,False,,,5.0,5.0,precise,Fungi,Basidiomycota,Agaricomycetes,Polyporales,Polyporaceae,410641.0,species,Trametes gibbosa,Lumpy Bracket
28e061a5-0f37-41f3-b237-0524074096dc,258175454,2025-01-11 10:38:44-08:00,2025-01-11,-122.6768860593,45.4406996469,84QVC800+,92.0,,6.1,9.4,1.8,5.0,,1034.9,Trametes gibbosa,Trametes,"Forest Highlands, Portland, OR, USA",1,False,,,42.0,42.0,precise,Fungi,Basidiomycota,Agaricomycetes,Polyporales,Polyporaceae,410641.0,species,Trametes gibbosa,Lumpy Bracket
d216b26b-ce36-44df-9276-362b21da2d73,257431296,2025-01-03 11:14:22-08:00,2025-01-03,-122.4055527778,45.8323361111,84QVRH00+,182.0,,5.0,7.8,,10.1,,1009.7,Trametes gibbosa,Trametes,"Battle Ground, WA 98604, USA",1,False,,,,,unknown,Fungi,Basidiomycota,Agaricomycetes,Polyporales,Polyporaceae,410641.0,species,Trametes gibbosa,Lumpy Bracket
eb5d23a4-ef32-417d-bb2a-e004d2983a2e,257083621,2025-01-01 13:24:03-08:00,2025-01-01,-121.9654,45.6297616667,84QWJ200+,0.0,,1.3,4.3,10.4,4.5,,1019.3,Trametes gibbosa,Trametes,"Columbia River Gorge National Scenic Area, Cascade Locks, OR, US",1,False,,,4733.0,4733.0,coarse,Fungi,Basidiomycota,Agaricomycetes,Polyporales,Polyporaceae,410641.0,species,Trametes gibbosa,Lumpy Bracket
37142cf7-4cf3-4f98-9b13-3629297237b2,257071240,2025-01-01 14:21:46-08:00,2025-01-01,-122.8162410814,45.2501151375,84QV7500+,56.0,,2.8,7.2,2.5,5.6,,1017.0,Trametes gibbosa,Trametes,"Oregon, US",1,True,obscured,,1877.0,27190.0,obscured,Fungi,Basidiomycota,Agaricomycetes,Polyporales,Polyporaceae,410641.0,species,Trametes gibbosa,Lumpy Bracket
ee01857e-6562-45ce-bb96-32a0a6cfc5f1,256850306,2024-12-26 13:28:00-08:00,2024-12-26,-122.3605175,45.5585824997,84QVHJ00+,1.0,,7.2,12.8,,21.6,,1003.5,Trametes gibbosa,Trametes,"Sandy River Delta confluence area, Multnomah County, OR, USA",1,False,,,,,unknown,Fungi,Basidiomycota,Agaricomycetes,Polyporales,Polyporaceae,410641.0,species,Trametes gibbosa,Lumpy Bracket
9a757503-d7bf-4b0a-adca-d9d433dc6752,255846453,2024-12-21 15:28:49-08:00,2024-12-21,-122.3995869997,45.5126223997,84QVGJ00+,99.0,,8.3,13.3,,24.0,,1013.7,Trametes betulina,Trametes,"NE Kane & 23rd Southbound, Gresham, OR 97030, USA",1,False,,,,,unknown,Fungi,Basidiomycota,Agaricomycetes,Polyporales,Polyporaceae,786918.0,species,Trametes betulina,Gilled Polypore
d916cce6-0472-490e-80e0-44d8bb24d4b9,255737255,2024-12-15 13:11:57-08:00,2024-12-15,-121.9565444444,45.3408444444,84QW8200+,428.0,,5.0,9.4,,12.5,,1021.5,Trametes gibbosa,Trametes,"Welches, Mt Hood Village, OR 97067, USA",1,False,,,,,unknown,Fungi,Basidiomycota,Agaricomycetes,Polyporales,Polyporaceae,410641.0,species,Trametes gibbosa,Lumpy Bracket
c1c4ae28-cb10-47a4-b4a7-e203e2f928cf,254585715,2024-12-08 11:54:43-08:00,2024-12-08,-122.5508583333,45.4251111111,84QVCC00+,216.0,,7.2,10.0,1.8,8.6,,1026.8,Trametes betulina,Trametes,"Damascus, OR 97015, USA",1,False,,,,,unknown,Fungi,Basidiomycota,Agaricomycetes,Polyporales,Polyporaceae,786918.0,species,Trametes betulina,Gilled Polypore
9af7793c-1dd9-4461-bc14-b6d5f418d3e5,253678426,2024-11-30 14:27:33-08:00,2024-11-30,-122.348175,45.5159966667,84QVGM00+,21.0,,0.6,8.3,0.0,3.9,,1025.1,Trametes gibbosa,Trametes,"Historic Columbia River Hwy, Troutdale, OR, US",1,False,,,7.0,7.0,precise,Fungi,Basidiomycota,Agaricomycetes,Polyporales,Polyporaceae,410641.0,species,Trametes gibbosa,Lumpy Bracket
5446480b-46b9-40c9-a547-6d0d742b275f,253446016,2024-11-28 11:12:06-08:00,2024-11-28,-122.3747163,45.519013,84QVGJ00+,69.0,,1.1,6.7,0.0,3.2,,1025.0,Trametes gibbosa,Trametes,"Troutdale, OR 97060, USA",1,False,,,,,unknown,Fungi,Basidiomycota,Agaricomycetes,Polyporales,Polyporaceae,410641.0,species,Trametes gibbosa,Lumpy Bracket
9c73591f-5621-431f-8168-3c25c564ba9d,253436322,2024-11-28 08:39:50-08:00,2024-11-28,-122.7043728,45.4831991,84QVF700+,135.0,,2.8,6.7,0.0,5.8,,1025.2,Trametes gibbosa,Trametes,"Hillsdale, Portland, OR, USA",1,False,,,,,unknown,Fungi,Basidiomycota,Agaricomycetes,Polyporales,Polyporaceae,410641.0,species,Trametes gibbosa,Lumpy Bracket
4b14811e-7be1-4a97-9fbb-b288dd83f8f7,253433395,2024-11-28 11:27:39-08:00,2024-11-28,-122.2747702135,45.4780174885,84QVFP00+,261.0,,1.1,6.7,0.0,3.2,,1025.0,Trametes gibbosa,Trametes,"Corbett, Corbett, OR, US",1,False,,,2828.0,2828.0,coarse,Fungi,Basidiomycota,Agaricomycetes,Polyporales,Polyporaceae,410641.0,species,Trametes gibbosa,Lumpy Bracket
bf4db9c9-0aa4-48eb-b3ba-c60ec1e0da0b,253124004,2024-11-13 14:07:16-08:00,2024-11-13,-122.765377,45.646171,84QVJ600+,17.0,,10.0,12.8,,11.9,,1005.6,Trametes ochracea,Trametes,"St. Johns, Portland, OR, USA",1,False,,,,,unknown,Fungi,Basidiomycota,Agaricomycetes,Polyporales,Polyporaceae,118111.0,species,Trametes ochracea,Ochre Bracket
f96fe388-1287-4294-9a09-b4954dd5f455,252771363,2024-11-21 10:33:23-08:00,2024-11-21,-122.595055,45.5147283333,84QVGC00+,170.0,,7.2,11.1,1.5,11.2,,1011.5,Trametes betulina,Trametes,"Mt. Tabor Park, Portland, OR, US",1,False,,,,,unknown,Fungi,Basidiomycota,Agaricomycetes,Polyporales,Polyporaceae,786918.0,species,Trametes betulina,Gilled Polypore
36f679c1-46f4-4292-acfb-d7b7a1653ad4,252271508,2024-09-28 11:59:38-07:00,2024-09-28,-122.3621081,45.5582738,84QVHJ00+,8.0,,11.7,23.9,0.0,5.1,,1012.4,Trametes gibbosa,Trametes,"Troutdale, OR 97060, USA",1,False,,,,,unknown,Fungi,Basidiomycota,Agaricomycetes,Polyporales,Polyporaceae,410641.0,species,Trametes gibbosa,Lumpy Bracket
f0cb8018-e460-4347-89e8-6abe804df0cf,250870155,2024-11-07 11:57:46-08:00,2024-11-07,-122.1000910086,45.2998739854,84QV7V00+,519.0,,10.0,15.6,0.0,33.7,,1023.3,Trametes gibbosa,Trametes,"Clackamas County, US-OR, US",1,False,,,8.0,8.0,precise,Fungi,Basidiomycota,Agaricomycetes,Polyporales,Polyporaceae,410641.0,species,Trametes gibbosa,Lumpy Bracket
cb2967d0-86ca-4601-a87a-8aa5f1dc14c3,250635295,2024-11-05 10:37:04-08:00,2024-11-05,-122.8239717801,45.6044539065,84QVJ500+,226.0,,3.9,12.2,,3.5,,1027.4,Trametes gibbosa,Trametes,"NW Newberry Rd, Portland, OR, US",1,False,,,6.0,6.0,precise,Fungi,Basidiomycota,Agaricomycetes,Polyporales,Polyporaceae,410641.0,species,Trametes gibbosa,Lumpy Bracket
9aae2682-8866-465a-9b7e-b3f18dc4ba8a,250091228,2024-11-01 14:49:02-07:00,2024-11-01,-122.3995002997,45.5125801,84QVGJ00+,99.0,,9.4,12.2,,10.2,,1005.5,Trametes betulina,Trametes,"NE Kane & 23rd Southbound, Gresham, OR 97030, USA",1,False,,,,,unknown,Fungi,Basidiomycota,Agaricomycetes,Polyporales,Polyporaceae,786918.0,species,Trametes betulina,Gilled Polypore
5e18a8aa-39c0-4674-b799-d2c1a9c1d240,249678963,2024-10-29 14:05:17-07:00,2024-10-29,-122.6306737603,45.3738007999,84QV9900+,95.0,,6.1,12.8,0.0,4.3,,1019.9,Trametes gibbosa,Trametes,"Hughes Dr, West Linn, OR, US",1,False,,,1414.0,1414.0,coarse,Fungi,Basidiomycota,Agaricomycetes,Polyporales,Polyporaceae,410641.0,species,Trametes gibbosa,Lumpy Bracket
b529bee9-a613-4a63-a334-6f978b8bc8fc,249388118,2024-10-27 11:24:49-07:00,2024-10-27,-122.6734166667,45.431355,84QVC800+,62.0,,10.0,16.1,12.2,13.7,,1012.8,Trametes gibbosa,Trametes,"Tryon Creek State Natural Area, Lake Oswego, OR, US",1,False,,,4.0,4.0,precise,Fungi,Basidiomycota,Agaricomycetes,Polyporales,Polyporaceae,410641.0,species,Trametes gibbosa,Lumpy Bracket
d5a51545-2078-4838-8d9c-414885dff186,249387727,2024-10-27 11:49:22-07:00,2024-10-27,-122.675955,45.435925,84QVC800+,68.0,,10.0,16.1,12.2,13.7,,1012.8,Trametes gibbosa,Trametes,"Tryon Creek State Natural Area, Lake Oswego, OR, US",1,False,,,4.0,4.0,precise,Fungi,Basidiomycota,Agaricomycetes,Polyporales,Polyporaceae,410641.0,species,Trametes gibbosa,Lumpy Bracket
facc8217-decf-49d1-aae6-f1bbd5d3732e,248917363,2024-10-24 11:47:18-07:00,2024-10-24,-122.6725408807,45.4313612738,84QVC800+,62.0,,3.9,16.1,0.0,6.8,,1024.7,Trametes gibbosa,Trametes,"Clackamas County, US-OR, US",1,False,,,8.0,8.0,precise,Fungi,Basidiomycota,Agaricomycetes,Polyporales,Polyporaceae,410641.0,species,Trametes gibbosa,Lumpy Bracket
f5b9b6a2-91a1-4d3a-a8b0-f35edc375c88,248671237,2024-10-22 11:58:33-07:00,2024-10-22,-122.362090322,45.5582574872,84QVHJ00+,8.0,,7.2,15.6,4.1,2.9,,1025.2,Trametes gibbosa,Trametes,"Sandy River Delta, Corbett, OR, US",1,False,,,5.0,5.0,precise,Fungi,Basidiomycota,Agaricomycetes,Polyporales,Polyporaceae,410641.0,species,Trametes gibbosa,Lumpy Bracket
12f2d8ec-4771-4bf8-944f-d027c9e10dab,248648483,2024-10-16 14:42:08-07:00,2024-10-16,-122.33177948,45.5172195435,84QVGM00+,82.0,,12.2,17.2,,5.0,,1016.3,Trametes gibbosa,Trametes,"Multnomah County, US-OR, US",1,False,,,2099.0,2099.0,coarse,Fungi,Basidiomycota,Agaricomycetes,Polyporales,Polyporaceae,410641.0,species,Trametes gibbosa,Lumpy Bracket
fa3e28dd-eea8-4e84-80f5-27910f69073b,248406872,2024-10-20 15:08:58-07:00,2024-10-20,-121.9393916667,45.2988166667,84QW7300+,484.0,,8.3,21.1,,8.3,,1015.5,Trametes elegans,Trametes,"Zigzag Ranger Station, Welches, OR, US",1,False,,,18.0,18.0,precise,Fungi,Basidiomycota,Agaricomycetes,Polyporales,Polyporaceae,128053.0,species,Trametes elegans,white maze polypore
f626821a-f2cc-418d-b551-7bd19e7ea5ec,248007192,2024-10-18 16:41:13-07:00,2024-10-18,-122.3906972,45.5106565,84QVGJ00+,83.0,,7.2,14.4,,4.7,,1025.4,Trametes gibbosa,Trametes,"Northeast, Gresham, OR, USA",1,False,,,,,unknown,Fungi,Basidiomycota,Agaricomycetes,Polyporales,Polyporaceae,410641.0,species,Trametes gibbosa,Lumpy Bracket
e5c28e48-2bfa-4ab7-be45-b30dcc64ce50,248000893,2024-10-18 10:59:36-07:00,2024-10-18,-122.6759611111,45.4388138889,84QVC800+,91.0,,7.8,13.9,0.3,10.1,,1025.4,Trametes gibbosa,Trametes,"Forest Highlands, Portland, OR, USA",1,False,,,,,unknown,Fungi,Basidiomycota,Agaricomycetes,Polyporales,Polyporaceae,410641.0,species,Trametes gibbosa,Lumpy Bracket
63a32a2b-8b74-442f-a369-f60e03f857e3,247950589,2024-10-18 08:27:13-07:00,2024-10-18,-122.729975,45.5262527778,84QVG700+,164.0,,6.7,13.9,,5.5,,1025.8,Trametes gibbosa,Trametes,"Portland, OR 97210, USA",1,False,,,,,unknown,Fungi,Basidiomycota,Agaricomycetes,Polyporales,Polyporaceae,410641.0,species,Trametes gibbosa,Lumpy Bracket
bac96f18-658c-4b4c-8a7e-51ab560ecf7c,247159305,2024-10-12 10:44:58-07:00,2024-10-12,-122.6529081997,45.4742309,84QVF800+,7.0,,8.3,25.0,0.0,4.7,,1018.0,Trametes gibbosa,Trametes,"Sellwood - Moreland, Portland, OR, USA",1,False,,,,,unknown,Fungi,Basidiomycota,Agaricomycetes,Polyporales,Polyporaceae,410641.0,species,Trametes gibbosa,Lumpy Bracket
c81cfa40-f926-423d-bb6a-b32387feec7c,246870933,2024-10-11 17:17:20-07:00,2024-10-11,-122.3928362,45.5145024997,84QVGJ00+,79.0,,14.4,21.1,0.0,16.4,,1015.5,Trametes gibbosa,Trametes,"Northeast, Gresham, OR, USA",1,False,,,,,unknown,Fungi,Basidiomycota,Agaricomycetes,Polyporales,Polyporaceae,410641.0,species,Trametes gibbosa,Lumpy Bracket
21002ce7-c5ae-41e4-8992-127811d0cd49,246406256,2024-10-08 13:03:57-07:00,2024-10-08,-122.2931655497,45.4896544805,84QVFP00+,118.0,,11.1,21.7,,2.8,,1014.7,Trametes gibbosa,Trametes,"Oxbow Regional Park, Gresham, OR, US",1,False,,,6.0,6.0,precise,Fungi,Basidiomycota,Agaricomycetes,Polyporales,Polyporaceae,410641.0,species,Trametes gibbosa,Lumpy Bracket
c8df3346-4fb7-49ae-a3b9-5630552211a9,246405845,2024-10-08 11:28:16-07:00,2024-10-08,-122.2893963755,45.4940106812,84QVFP00+,76.0,,11.1,21.7,,2.8,,1014.7,Trametes gibbosa,Trametes,"Multnomah County, US-OR, US",1,False,,,11.0,11.0,precise,Fungi,Basidiomycota,Agaricomycetes,Polyporales,Polyporaceae,410641.0,species,Trametes gibbosa,Lumpy Bracket
b21e4e07-0777-46d8-bb61-472759d571c1,246403946,2024-10-08 17:46:46-07:00,2024-10-08,-122.68300507,45.47915327,84QVF800+,125.0,,13.9,21.1,0.0,8.6,,1014.6,Trametes gibbosa,Trametes,"Hillsdale, Portland, OR, USA",1,False,,,12.0,12.0,precise,Fungi,Basidiomycota,Agaricomycetes,Polyporales,Polyporaceae,410641.0,species,Trametes gibbosa,Lumpy Bracket
4ccab606-827b-4536-a402-aee77ab269cc,245178438,2024-10-01 10:48:10-07:00,2024-10-01,-121.9397888889,45.2995527778,84QW7300+,474.0,,10.1,23.4,0.0,11.2,,1020.7,Trametes gibbosa,Trametes,"Welches, OR 97067, USA",1,False,,,,,unknown,Fungi,Basidiomycota,Agaricomycetes,Polyporales,Polyporaceae,410641.0,species,Trametes gibbosa,Lumpy Bracket
8c95fe47-0ba7-4589-b75e-e2ad6fb71c00,244770965,2024-09-29 13:06:23-07:00,2024-09-29,-122.6805340498,45.4464664989,84QVC800+,90.0,,8.9,20.6,0.0,7.9,,1024.6,Trametes gibbosa,Trametes,"Forest Highlands, Portland, OR, USA",1,False,,,33.0,33.0,precise,Fungi,Basidiomycota,Agaricomycetes,Polyporales,Polyporaceae,410641.0,species,Trametes gibbosa,Lumpy Bracket
1ae27860-212a-4404-a244-a399ff9f4313,244623487,2024-09-28 15:28:00-07:00,2024-09-28,-121.9511333333,45.625205,84QWJ200+,199.0,,11.8,26.0,0.3,11.0,,1011.9,Trametes gibbosa,Trametes,"Columbia River Gorge National Scenic Area, Cascade Locks, OR, US",1,False,,,105.0,105.0,precise,Fungi,Basidiomycota,Agaricomycetes,Polyporales,Polyporaceae,410641.0,species,Trametes gibbosa,Lumpy Bracket
78171dcb-d3e1-4fb0-9943-6bb25ca07641,244345540,2024-09-27 10:35:58-07:00,2024-09-27,-122.6780957374,45.4413668595,84QVC800+,78.0,,15.0,23.9,1.8,9.4,,1018.7,Trametes gibbosa,Trametes,"Tryon Creek State Natural Area, Portland, OR, US",1,False,,,9.0,9.0,precise,Fungi,Basidiomycota,Agaricomycetes,Polyporales,Polyporaceae,410641.0,species,Trametes gibbosa,Lumpy Bracket
80c44260-4522-4df1-84cd-2078baf1141e,243437712,2024-09-22 13:48:18-07:00,2024-09-22,-122.675861204,45.4360878747,84QVC800+,68.0,,11.1,26.7,0.0,5.4,,1019.6,Trametes gibbosa,Trametes,"Forest Highlands, Portland, OR, USA",1,False,,,27.0,27.0,precise,Fungi,Basidiomycota,Agaricomycetes,Polyporales,Polyporaceae,410641.0,species,Trametes gibbosa,Lumpy Bracket
7f210c0a-b80e-46a7-940a-cf3637303354,243411572,2024-09-22 11:59:24-07:00,2024-09-22,-122.6889691,45.4401596,84QVC800+,125.0,,11.1,26.7,0.0,5.4,,1019.6,Trametes gibbosa,Trametes,"Arnold Creek, Portland, OR, USA",1,False,,,1042.0,1042.0,coarse,Fungi,Basidiomycota,Agaricomycetes,Polyporales,Polyporaceae,410641.0,species,Trametes gibbosa,Lumpy Bracket
a4019db4-b399-4c9f-aaa7-98ede0c3cc60,241543043,2024-09-13 13:50:45-07:00,2024-09-13,-122.6780166667,45.4414133333,84QVC800+,78.0,,11.1,23.3,0.0,6.1,,1015.6,Trametes gibbosa,Trametes,"Tryon Creek State Natural Area, Portland, OR, US",2,False,,,4.0,4.0,precise,Fungi,Basidiomycota,Agaricomycetes,Polyporales,Polyporaceae,410641.0,species,Trametes gibbosa,Lumpy Bracket
1f4e150f-4f10-4280-94e5-5f1967bcbfc7,239889193,2024-09-03 10:48:25-07:00,2024-09-03,-121.9541138,45.6303958,84QWJ200+,81.0,,17.8,24.4,,2.9,,1020.4,Trametes gibbosa,Trametes,"Cascade Locks, OR 97014, USA",1,False,,,,,unknown,Fungi,Basidiomycota,Agaricomycetes,Polyporales,Polyporaceae,410641.0,species,Trametes gibbosa,Lumpy Bracket
d2ba667c-a278-4421-a334-2cdc061881f9,239745198,2024-08-31 13:06:56-07:00,2024-08-31,-122.6860716667,45.4366633333,84QVC800+,115.0,,16.7,37.2,0.0,7.2,,1013.7,Trametes gibbosa,Trametes,"Tryon Creek State Natural Area, Portland, OR, US",1,False,,,4.0,4.0,precise,Fungi,Basidiomycota,Agaricomycetes,Polyporales,Polyporaceae,410641.0,species,Trametes gibbosa,Lumpy Bracket
24604e3a-8cf0-4029-bbae-ff626549c705,239708290,2024-09-03 16:52:18-07:00,2024-09-03,-122.6580708661,45.5476369244,84QVG800+,64.0,,17.2,25.0,0.0,6.8,,1020.5,Trametes gibbosa,Trametes,"Irving Park, Portland, OR, US",1,False,,,9.0,9.0,precise,Fungi,Basidiomycota,Agaricomycetes,Polyporales,Polyporaceae,410641.0,species,Trametes gibbosa,Lumpy Bracket
4edeaad3-c5e6-4627-a667-8d731e73af66,238286471,2024-08-04 14:51:00-07:00,2024-08-04,-121.9409797514,45.3033885332,84QW8300+,472.0,,14.4,34.4,0.0,5.1,,1013.3,Trametes gibbosa,Trametes,"Clackamas County, OR, USA",1,False,,,8.0,8.0,precise,Fungi,Basidiomycota,Agaricomycetes,Polyporales,Polyporaceae,410641.0,species,Trametes gibbosa,Lumpy Bracket
91460517-2f89-47d6-9113-c8a45c6b8a47,237959312,2024-08-25 13:30:15-07:00,2024-08-25,-121.9915107376,45.3507954959,84QW9200+,397.0,,12.8,26.1,0.0,3.2,,1023.2,Trametes gibbosa,Trametes,"Wildwood Recreation Site, Welches, OR, US",1,False,,,136.0,136.0,precise,Fungi,Basidiomycota,Agaricomycetes,Polyporales,Polyporaceae,410641.0,species,Trametes gibbosa,Lumpy Bracket
ab320bb0-ced8-47b8-8340-cceb81711d77,234403289,2024-08-07 13:56:40-07:00,2024-08-07,-122.6794205793,45.4352955753,84QVC800+,79.0,,15.0,31.1,0.0,12.6,,1018.0,Trametes gibbosa,Trametes,"Tryon Creek State Natural Area, Lake Oswego, OR, US",1,False,,,7.0,7.0,precise,Fungi,Basidiomycota,Agaricomycetes,Polyporales,Polyporaceae,410641.0,species,Trametes gibbosa,Lumpy Bracket
66ba352d-d958-464a-ae6f-9611851a11eb,233497929,2024-08-02 19:53:48-07:00,2024-08-02,-122.5527333333,45.3390166667,84QV8C00+,120.0,,18.3,34.4,0.0,3.6,,1018.7,Trametes betulina,Trametes,"S Maplelane Rd, Oregon City, OR, US",1,False,,,3.0,3.0,precise,Fungi,Basidiomycota,Agaricomycetes,Polyporales,Polyporaceae,786918.0,species,Trametes betulina,Gilled Polypore
43346a92-0ada-444a-bbf8-0d45ecab4cae,228904799,2024-07-12 14:07:53-07:00,2024-07-12,-122.6444628463,45.4340206879,84QVC900+,19.0,,14.4,31.1,0.0,11.2,,1017.0,Trametes gibbosa,Trametes,"SE 19th Ave, Milwaukie, OR, US",1,False,,,5.0,5.0,precise,Fungi,Basidiomycota,Agaricomycetes,Polyporales,Polyporaceae,410641.0,species,Trametes gibbosa,Lumpy Bracket
85e014a9-2a91-4063-b318-5074049d5da3,227828190,2024-07-07 07:37:56-07:00,2024-07-07,-122.8454722837,45.5003743098,84QVG500+,59.0,,12.8,36.7,0.0,4.7,,1012.9,Trametes gibbosa,Trametes,Tualatin Hills Nature Park,1,False,,,4.0,4.0,precise,Fungi,Basidiomycota,Agaricomycetes,Polyporales,Polyporaceae,410641.0,species,Trametes gibbosa,Lumpy Bracket
c69e2a04-ce3e-4e3a-9e08-a83cd13c0f97,226304989,2024-06-30 13:25:24-07:00,2024-06-30,-122.6941677563,45.3371791726,84QV8800+,220.0,,17.2,26.1,,3.8,,1019.8,Trametes gibbosa,Trametes,"Oregon, US",2,True,obscured,,180.0,27190.0,obscured,Fungi,Basidiomycota,Agaricomycetes,Polyporales,Polyporaceae,410641.0,species,Trametes gibbosa,Lumpy Bracket
7660561b-d793-4f11-82ee-8fb999ea21ea,224266400,2024-06-18 15:59:28-07:00,2024-06-18,-122.61802,45.360245,84QV9900+,91.0,,8.9,22.2,0.0,10.1,,1016.9,Trametes betulina,Trametes,"Camassia Natural Area, West Linn, OR, US",1,False,,,11.0,11.0,precise,Fungi,Basidiomycota,Agaricomycetes,Polyporales,Polyporaceae,786918.0,species,Trametes betulina,Gilled Polypore
509573de-b926-424e-ac0e-1d4e23df4a49,223228697,2024-06-16 12:32:55-07:00,2024-06-16,-122.8739508,45.5092068,84QVG400+,70.0,,6.1,16.7,,5.5,,1018.3,Trametes gibbosa,Trametes,"Beaverton, OR 97003, USA",1,False,,,,,unknown,Fungi,Basidiomycota,Agaricomycetes,Polyporales,Polyporaceae,410641.0,species,Trametes gibbosa,Lumpy Bracket
015bdc26-0a1b-4b98-9ab7-14728d40240f,223145362,2024-06-16 10:24:29-07:00,2024-06-16,-122.8454509936,45.500292331,84QVG500+,59.0,,6.1,16.7,,5.5,,1018.3,Trametes gibbosa,Trametes,"Cooper Mountain - Aloha North, Beaverton, OR, USA",1,False,,,8.0,8.0,precise,Fungi,Basidiomycota,Agaricomycetes,Polyporales,Polyporaceae,410641.0,species,Trametes gibbosa,Lumpy Bracket
eef20cef-f8bf-4513-a640-c32fd8f8b398,216873216,2024-05-19 12:15:18-07:00,2024-05-19,-122.3545866667,45.5164366667,84QVGJ00+,12.0,,7.2,18.3,,6.3,,1023.8,Trametes gibbosa,Trametes,"Multnomah County, US-OR, US",1,False,,,8.0,8.0,precise,Fungi,Basidiomycota,Agaricomycetes,Polyporales,Polyporaceae,410641.0,species,Trametes gibbosa,Lumpy Bracket
98118a6d-55ba-4206-87ae-2162a9639b75,216451250,2024-05-10 07:04:19-07:00,2024-05-10,-121.9669694444,45.3337722222,84QW8200+,392.0,,12.2,32.8,0.0,5.2,,1016.9,Trametes betulina,Trametes,"Welches, OR 97067, USA",1,False,,,,,unknown,Fungi,Basidiomycota,Agaricomycetes,Polyporales,Polyporaceae,786918.0,species,Trametes betulina,Gilled Polypore
bd67e092-0010-4c1e-a83f-fb9e4de445cd,212379362,2024-04-30 11:20:12-07:00,2024-04-30,-122.6918055556,45.516075,84QVG800+,54.0,,7.2,12.8,8.1,8.3,,1020.2,Trametes polyzona,Trametes,"Goose Hollow Foothills League, Portland, OR, USA",1,False,,,,,unknown,Fungi,Basidiomycota,Agaricomycetes,Polyporales,Polyporaceae,1246413.0,species,Trametes polyzona,
07252ed3-577b-45be-91c8-7358652b7a68,211724545,2024-04-28 11:49:19-07:00,2024-04-28,-122.7652561292,45.6427601354,84QVJ600+,18.0,,10.0,13.9,,7.2,,1020.3,Trametes hirsuta,Trametes,"St. Johns, Portland, OR, USA",1,False,,,11.0,11.0,precise,Fungi,Basidiomycota,Agaricomycetes,Polyporales,Polyporaceae,116695.0,species,Trametes hirsuta,Hairy Bracket
af6ecab0-eda5-41b1-a5ea-9b54a3278441,211112089,2024-04-28 12:15:35-07:00,2024-04-28,-122.7663583333,45.6466033333,84QVJ600+,17.0,,10.0,13.9,,7.2,,1020.3,Trametes gibbosa,Trametes,"Kelley Point Park, Portland, OR, US",2,False,,,4.0,4.0,precise,Fungi,Basidiomycota,Agaricomycetes,Polyporales,Polyporaceae,410641.0,species,Trametes gibbosa,Lumpy Bracket
e80c61f4-56a9-424b-b235-acf1524b93e5,211038192,2024-04-28 12:16:23-07:00,2024-04-28,-122.7650070617,45.6496270424,84QVJ600+,5.0,,10.0,13.9,,7.2,,1020.3,Trametes gibbosa,Trametes,"Kelley Point Park, Portland, OR, US",1,False,,,8.0,8.0,precise,Fungi,Basidiomycota,Agaricomycetes,Polyporales,Polyporaceae,410641.0,species,Trametes gibbosa,Lumpy Bracket
5b5f555f-9aab-4ddd-9ec5-9cd8862d3056,211035022,2024-04-28 12:04:54-07:00,2024-04-28,-122.7634107695,45.6506333314,84QVM600+,3.0,,10.0,13.9,,7.2,,1020.3,Trametes gibbosa,Trametes,"Kelley Point Park, Portland, OR, US",3,False,,,3.0,3.0,precise,Fungi,Basidiomycota,Agaricomycetes,Polyporales,Polyporaceae,410641.0,species,Trametes gibbosa,Lumpy Bracket
32079ba2-6e01-4c9c-8f98-0f05b00bd2d6,208961248,2024-03-21 10:39:00-07:00,2024-03-21,-122.3010649997,45.502009,84QVGM00+,19.0,,11.7,16.7,,6.5,,1017.7,Trametes hirsuta,Trametes,"Multnomah County, OR, USA",1,False,,,,,unknown,Fungi,Basidiomycota,Agaricomycetes,Polyporales,Polyporaceae,116695.0,species,Trametes hirsuta,Hairy Bracket
04b2ba21-c5f4-49d7-8417-ab69fae95e31,207087516,2024-04-13 14:03:33-07:00,2024-04-13,-122.845405,45.5007583333,84QVG500+,59.0,,6.1,18.9,0.0,5.4,,1010.8,Trametes gibbosa,Trametes,"Tualatin Hills Nature Park, Beaverton, OR, US",2,False,,,15.0,15.0,precise,Fungi,Basidiomycota,Agaricomycetes,Polyporales,Polyporaceae,410641.0,species,Trametes gibbosa,Lumpy Bracket
1e612b81-d033-4255-9892-2fd69b57c893,206348707,2024-04-09 16:52:56-07:00,2024-04-09,-122.715248624,45.5164824906,84QVG700+,251.0,,8.3,18.3,0.0,12.2,,1024.7,Trametes betulina,Trametes,"Multnomah County, US-OR, US",1,False,,,5.0,5.0,precise,Fungi,Basidiomycota,Agaricomycetes,Polyporales,Polyporaceae,786918.0,species,Trametes betulina,Gilled Polypore
8a5f8a21-9834-4551-addb-d2e942e0323b,205984485,2024-04-07 13:29:35-07:00,2024-04-07,-122.8027116667,45.5959133333,84QVH500+,293.0,,7.2,12.8,,5.0,,1024.9,Trametes hirsuta,Trametes,"Forest Park Conservancy, Portland, OR, US",1,False,,,103.0,103.0,precise,Fungi,Basidiomycota,Agaricomycetes,Polyporales,Polyporaceae,116695.0,species,Trametes hirsuta,Hairy Bracket
21bcce20-4263-4c4c-8a20-d67c43847407,204672159,2024-03-30 19:48:03-07:00,2024-03-30,-122.8398942947,45.5034439865,84QVG500+,59.0,,3.9,18.9,0.0,10.6,,1011.2,Trametes hirsuta,Trametes,"Cooper Mountain - Aloha North, Beaverton, OR, USA",1,False,,,8.0,8.0,precise,Fungi,Basidiomycota,Agaricomycetes,Polyporales,Polyporaceae,116695.0,species,Trametes hirsuta,Hairy Bracket
bf34255e-981d-4d87-a4c4-ece6ab218130,203152515,2024-03-19 14:05:30-07:00,2024-03-19,-122.84562024,45.50037493,84QVG500+,59.0,,5.6,20.0,0.0,3.9,,1016.2,Trametes gibbosa,Trametes,"Cooper Mountain - Aloha North, Beaverton, OR, USA",1,False,,,9.0,9.0,precise,Fungi,Basidiomycota,Agaricomycetes,Polyporales,Polyporaceae,410641.0,species,Trametes gibbosa,Lumpy Bracket
6a08c1f4-63b2-47ba-9f69-3578d775e69b,203126218,2024-03-19 10:32:32-07:00,2024-03-19,-122.6253185485,45.7330551461,84QVP900+,47.0,,5.0,20.6,0.0,3.3,,1017.0,Trametes gibbosa,Trametes,"Vancouver, WA, US",1,False,,,4.0,4.0,precise,Fungi,Basidiomycota,Agaricomycetes,Polyporales,Polyporaceae,410641.0,species,Trametes gibbosa,Lumpy Bracket
bd60cf12-4b92-450f-94c4-84ad1e22096b,202720117,2024-03-16 12:31:15-07:00,2024-03-16,-122.09365,45.6499866667,84QVJW00+,628.0,,12.2,23.3,0.0,24.6,,1016.6,Trametes gibbosa,Trametes,"Columbia River Gorge National Scenic Area, Stevenson, WA, US",1,False,,,4.0,4.0,precise,Fungi,Basidiomycota,Agaricomycetes,Polyporales,Polyporaceae,410641.0,species,Trametes gibbosa,Lumpy Bracket
034d47b0-56c4-471d-b8c5-bf0f4490d06e,202611982,2024-03-15 16:23:02-07:00,2024-03-15,-121.9396533333,45.2988666667,84QW7300+,474.0,,10.0,21.7,0.0,22.4,,1020.8,Trametes gibbosa,Trametes,"Zigzag Ranger Station, Government Camp, OR, US",1,False,,,4.0,4.0,precise,Fungi,Basidiomycota,Agaricomycetes,Polyporales,Polyporaceae,410641.0,species,Trametes gibbosa,Lumpy Bracket
6417d84f-7e24-49dd-8ddc-14022ac396e6,202483856,2024-03-14 16:28:49-07:00,2024-03-14,-122.5866883156,45.4035424116,84QVCC00+,47.0,,1.7,18.9,0.0,7.6,,1029.8,Trametes betulina,Trametes,"SE Jennings Ave, Portland, OR, US",1,False,,,3.0,3.0,precise,Fungi,Basidiomycota,Agaricomycetes,Polyporales,Polyporaceae,786918.0,species,Trametes betulina,Gilled Polypore
3128c17b-830a-4bdc-ae9b-879c9ff0c6c1,200540486,2024-02-24 14:39:43-08:00,2024-02-24,-122.6797166667,45.4353333333,84QVC800+,79.0,,1.7,13.9,0.0,2.2,,1021.7,Trametes ochracea,Trametes,"Tryon Creek State Natural Area, Lake Oswego, OR, US",1,False,,,4.0,4.0,precise,Fungi,Basidiomycota,Agaricomycetes,Polyporales,Polyporaceae,118111.0,species,Trametes ochracea,Ochre Bracket
0b940716-8b54-4fd1-9668-f2c59372570b,199751040,2024-02-18 15:38:54-08:00,2024-02-18,-122.2335523494,45.3566507901,84QV9Q00+,394.0,,3.9,7.2,,36.1,,1009.8,Trametes betulina,Trametes,"Oregon, US",1,True,obscured,,,27190.0,obscured,Fungi,Basidiomycota,Agaricomycetes,Polyporales,Polyporaceae,786918.0,species,Trametes betulina,Gilled Polypore
bd122503-ffca-4508-9c3d-af5174b195cb,199638522,2024-02-17 10:29:37-08:00,2024-02-17,-122.5258759188,45.803877223,84QVRF00+,120.0,,5.6,8.3,,20.8,,1015.0,Trametes hirsuta,Trametes,"Clark County, US-WA, US",1,True,obscured,,,27095.0,obscured,Fungi,Basidiomycota,Agaricomycetes,Polyporales,Polyporaceae,116695.0,species,Trametes hirsuta,Hairy Bracket
06e757c0-6452-40a3-ac8f-8e1b54ac45e2,198910363,2024-02-09 14:25:01-08:00,2024-02-09,-122.8021783333,45.39585,84QV9500+,51.0,,5.0,7.2,,7.1,,1022.5,Trametes gibbosa,Trametes,"SW Versailles Rd, King City, OR, US",1,False,,,8.0,8.0,precise,Fungi,Basidiomycota,Agaricomycetes,Polyporales,Polyporaceae,410641.0,species,Trametes gibbosa,Lumpy Bracket
bba9e48f-6b00-43cd-b256-62979b869a86,198247471,2024-01-31 09:36:14-08:00,2024-01-31,-122.4365865881,45.2827166646,84QV7H00+,195.0,,10.0,11.7,,6.7,,998.1,Trametes betulina,Trametes,"Oregon, US",1,True,obscured,,67.0,27190.0,obscured,Fungi,Basidiomycota,Agaricomycetes,Polyporales,Polyporaceae,786918.0,species,Trametes betulina,Gilled Polypore
fd1cff12-0aff-4019-b4f2-de7ead74c9e4,198040105,2023-12-30 09:58:00-08:00,2023-12-30,-122.5675583333,45.5686722222,84QVHC00+,7.0,,5.0,10.0,3.8,13.0,,1015.6,Trametes gibbosa,Trametes,"Northeast Portland, Portland, OR, USA",1,False,,,35.0,35.0,precise,Fungi,Basidiomycota,Agaricomycetes,Polyporales,Polyporaceae,410641.0,species,Trametes gibbosa,Lumpy Bracket
30210781-f347-42f7-9114-db23d496863c,197931687,2024-01-29 16:02:09-08:00,2024-01-29,-122.6085387637,45.5448151986,84QVG900+,80.0,,6.1,14.4,0.0,10.8,,1016.9,Trametes hirsuta,Trametes,"NE 53rd Ave, Portland, OR, US",1,False,,,6.0,6.0,precise,Fungi,Basidiomycota,Agaricomycetes,Polyporales,Polyporaceae,116695.0,species,Trametes hirsuta,Hairy Bracket
faea51e3-0b3e-4669-8423-00b13ec7f459,197746494,2024-01-27 10:30:16-08:00,2024-01-27,-123.0084888889,44.9298166667,84PRWX00+,56.0,,10.0,17.2,24.1,18.7,,1018.8,Trametes betulina,Trametes,"Salem, OR 97310, USA",1,False,,,,,unknown,Fungi,Basidiomycota,Agaricomycetes,Polyporales,Polyporaceae,786918.0,species,Trametes betulina,Gilled Polypore
dfd92b43-6b0c-422f-aa5c-10a4acdcb1e8,196827117,2023-12-16,2023-12-16,-122.6783853,45.515232,84QVG800+,43.0,,-1.0,10.6,0.0,2.5,,1022.3,Trametes betulina,Trametes,"Portland, OR, USA",1,False,,,22184.0,22184.0,coarse,Fungi,Basidiomycota,Agaricomycetes,Polyporales,Polyporaceae,786918.0,species,Trametes betulina,Gilled Polypore
3c85f6ac-f77c-4275-9bf1-29cce25457bd,196743271,2023-12-19 13:21:00-08:00,2023-12-19,-122.6786111111,45.5970805556,84QVH800+,7.0,,2.8,8.9,,8.0,,1003.4,Trametes gibbosa,Trametes,"East Columbia, Portland, OR, USA",1,False,,,14.0,14.0,precise,Fungi,Basidiomycota,Agaricomycetes,Polyporales,Polyporaceae,410641.0,species,Trametes gibbosa,Lumpy Bracket
774606aa-a79b-413e-a20e-fd662b67ba03,196084415,2024-01-07 12:02:35-08:00,2024-01-07,-122.3844833333,45.5854616667,84QVHJ00+,7.0,,5.0,8.3,,7.0,,1018.6,Trametes gibbosa,Trametes,"Washougal River Greenway Trail, Camas, WA, US",1,False,,,5.0,5.0,precise,Fungi,Basidiomycota,Agaricomycetes,Polyporales,Polyporaceae,410641.0,species,Trametes gibbosa,Lumpy Bracket
02d71879-e111-4764-bdba-711b3d9f3b24,195497593,2024-01-01 10:16:02-08:00,2024-01-01,-122.2213972222,45.5380361111,84QVGQ00+,81.0,,3.9,8.9,0.0,22.2,,1022.5,Trametes gibbosa,Trametes,"Corbett, OR 97019, USA",1,False,,,,,unknown,Fungi,Basidiomycota,Agaricomycetes,Polyporales,Polyporaceae,410641.0,species,Trametes gibbosa,Lumpy Bracket
3c0c068f-6fce-4e26-8c0f-dc2d4518bdcb,195430798,2023-12-31 14:56:10-08:00,2023-12-31,-122.6768086106,45.4295057901,84QVC800+,67.0,,3.3,7.8,0.0,2.2,,1021.9,Trametes gibbosa,Trametes,"Sherwood - Tualatin North, Sherwood, OR, USA",1,False,,,4.0,4.0,precise,Fungi,Basidiomycota,Agaricomycetes,Polyporales,Polyporaceae,410641.0,species,Trametes gibbosa,Lumpy Bracket
e966fc2e-89ec-454f-8de4-402bf10cd932,195430728,2023-12-31 14:48:55-08:00,2023-12-31,-122.6782989129,45.4284373181,84QVC800+,77.0,,3.3,7.8,0.0,2.2,,1021.9,Trametes gibbosa,Trametes,"Forest Highlands, Portland, OR, USA",1,False,,,8.0,8.0,precise,Fungi,Basidiomycota,Agaricomycetes,Polyporales,Polyporaceae,410641.0,species,Trametes gibbosa,Lumpy Bracket
6268661a-2541-4291-9f9c-2530784cc7c8,195430687,2023-12-31 14:41:48-08:00,2023-12-31,-122.6798200607,45.4268946923,84QVC800+,85.0,,3.3,7.8,0.0,2.2,,1021.9,Trametes gibbosa,Trametes,"Forest Highlands, Portland, OR, USA",1,False,,,4.0,4.0,precise,Fungi,Basidiomycota,Agaricomycetes,Polyporales,Polyporaceae,410641.0,species,Trametes gibbosa,Lumpy Bracket
7fee15b6-e8d0-48d3-9d74-4023cd1acecc,195112143,2023-12-27 12:07:50-08:00,2023-12-27,-122.7827407,45.3775029997,84QV9600+,47.0,,5.0,9.4,,6.7,,1009.8,Trametes hirsuta,Trametes,"SW Tualatin-Sherwood Rd & Teton Eastbound, Tualatin, OR 97062, USA",1,False,,,,,unknown,Fungi,Basidiomycota,Agaricomycetes,Polyporales,Polyporaceae,116695.0,species,Trametes hirsuta,Hairy Bracket
e1f0efdf-35a7-4672-847b-91da3b6e1aa6,194849869,2023-12-25 12:46:57-08:00,2023-12-25,-122.6780866667,45.438525,84QVC800+,81.0,,4.4,6.1,12.4,27.7,,1019.2,Trametes gibbosa,Trametes,"Tryon Creek State Natural Area, Portland, OR, US",2,False,,,4.0,4.0,precise,Fungi,Basidiomycota,Agaricomycetes,Polyporales,Polyporaceae,410641.0,species,Trametes gibbosa,Lumpy Bracket
095adba9-fd44-418e-9670-2f634d6635e0,193481493,2023-12-06 09:15:30-08:00,2023-12-06,-122.772895,45.5362916667,84QVG600+,175.0,,9.4,14.4,43.2,7.2,,1009.6,Trametes gibbosa,Trametes,"NW Runnymeade Ct, Portland, OR, US",1,False,,,4.0,4.0,precise,Fungi,Basidiomycota,Agaricomycetes,Polyporales,Polyporaceae,410641.0,species,Trametes gibbosa,Lumpy Bracket
266694ac-d33f-44f3-beb4-553be2a0b2d3,193430713,2023-12-08 09:00:04-08:00,2023-12-08,-122.4967962138,45.5326270295,84QVGG00+,86.0,,3.3,9.4,,3.2,,1028.1,Trametes gibbosa,Trametes,"Oregon, US",1,True,obscured,,9.0,27158.0,obscured,Fungi,Basidiomycota,Agaricomycetes,Polyporales,Polyporaceae,410641.0,species,Trametes gibbosa,Lumpy Bracket
ebc4e8ba-d2de-43a4-99c8-cc917ef9e44e,193356758,2023-12-07 13:15:52-08:00,2023-12-07,-122.6780554188,45.438562464,84QVC800+,81.0,,6.7,10.0,2.0,13.3,,1014.7,Trametes gibbosa,Trametes,"Tryon Creek State Natural Area, Portland, OR, US",2,False,,,8.0,8.0,precise,Fungi,Basidiomycota,Agaricomycetes,Polyporales,Polyporaceae,410641.0,species,Trametes gibbosa,Lumpy Bracket
2d71af85-4b0e-4100-a599-1a2d50a14dca,192395310,2023-11-27 14:25:32-08:00,2023-11-27,-122.6830133333,45.47867,84QVF800+,159.0,,-2.1,9.4,0.0,13.7,,1023.0,Trametes gibbosa,Trametes,"George Himes Park, Portland, OR, US",1,False,,,8.0,8.0,precise,Fungi,Basidiomycota,Agaricomycetes,Polyporales,Polyporaceae,410641.0,species,Trametes gibbosa,Lumpy Bracket
086b3c2f-71ad-4d0e-8bf7-3ba281c0bf7d,190453356,2023-11-08 09:28:42-08:00,2023-11-08,-122.5214409828,45.4518710562,84QVFF00+,146.0,,5.6,13.9,0.0,1.6,,1029.5,Trametes pubescens,Trametes,"Portland, OR 97086, USA",1,False,,,223.0,223.0,precise,Fungi,Basidiomycota,Agaricomycetes,Polyporales,Polyporaceae,203711.0,species,Trametes pubescens,white-rot fungus
978aa720-6fc0-40bb-8a7b-d625f388a546,190139477,2023-11-05 15:48:57-08:00,2023-11-05,-122.4731611368,45.4810147081,84QVFG00+,156.0,,8.3,16.1,,8.2,,1010.3,Trametes gibbosa,Trametes,"SW 22nd Dr, Gresham, OR, US",1,False,,,6.0,6.0,precise,Fungi,Basidiomycota,Agaricomycetes,Polyporales,Polyporaceae,410641.0,species,Trametes gibbosa,Lumpy Bracket
695c9e26-7834-4e78-bca0-68baeec04c68,189829173,2023-11-02 14:15:18-07:00,2023-11-02,-122.7152124792,45.5162613616,84QVG700+,251.0,,10.0,20.0,1.5,17.6,,1015.2,Trametes betulina,Trametes,"4000 Block SW Fairview (Arboretum), Portland, OR 97205, USA",1,False,,,795.0,795.0,precise,Fungi,Basidiomycota,Agaricomycetes,Polyporales,Polyporaceae,786918.0,species,Trametes betulina,Gilled Polypore
4f2f247e-b634-4b36-ac50-ff2a6c3cc3a3,189251449,2023-10-28 10:50:51-07:00,2023-10-28,-122.3797747494,45.4855267704,84QVFJ00+,133.0,,3.9,12.2,0.0,19.5,,1031.7,Trametes gibbosa,Trametes,"SE 16th Dr, Gresham, OR, US",1,False,,,4.0,4.0,precise,Fungi,Basidiomycota,Agaricomycetes,Polyporales,Polyporaceae,410641.0,species,Trametes gibbosa,Lumpy Bracket
af0c9887-37e5-4bcf-891f-d67312c877ce,188829893,2023-10-23 13:16:37-07:00,2023-10-23,-122.6766530993,45.4432064136,84QVC800+,95.0,,11.1,16.7,0.0,9.0,,1017.8,Trametes gibbosa,Trametes,"Tryon Creek State Natural Area, Portland, OR, US",1,False,,,1009.0,1009.0,coarse,Fungi,Basidiomycota,Agaricomycetes,Polyporales,Polyporaceae,410641.0,species,Trametes gibbosa,Lumpy Bracket
507c7cc1-282b-497d-82c6-3b6bfaa442bc,188820364,2023-10-24 11:25:22-07:00,2023-10-24,-122.6779466667,45.445545,84QVC800+,86.0,,8.3,11.7,11.2,10.1,,1013.3,Trametes betulina,Trametes,"Tryon Creek State Natural Area, Portland, OR, US",1,False,,,760.0,760.0,precise,Fungi,Basidiomycota,Agaricomycetes,Polyporales,Polyporaceae,786918.0,species,Trametes betulina,Gilled Polypore
71a17a0a-0967-4d83-82e7-7b521cc9f864,188669941,2023-10-21 11:37:00-07:00,2023-10-21,-122.6772348902,45.4416600631,84QVC800+,78.0,,13.9,16.1,0.8,3.6,,1011.8,Trametes gibbosa,Trametes,"Forest Highlands, Portland, OR, USA",1,False,,,215.0,215.0,precise,Fungi,Basidiomycota,Agaricomycetes,Polyporales,Polyporaceae,410641.0,species,Trametes gibbosa,Lumpy Bracket
d38faba7-88d1-4cb7-8bfa-eb09d1934f33,188669938,2023-10-21 11:36:00-07:00,2023-10-21,-122.6772348902,45.4416600631,84QVC800+,78.0,,13.9,16.1,0.8,3.6,,1011.8,Trametes gibbosa,Trametes,"Forest Highlands, Portland, OR, USA",1,False,,,215.0,215.0,precise,Fungi,Basidiomycota,Agaricomycetes,Polyporales,Polyporaceae,410641.0,species,Trametes gibbosa,Lumpy Bracket
3471283b-2dca-4f8d-aee6-04dd7e4ede35,188578583,2023-10-22 14:23:51-07:00,2023-10-22,-122.678111893,45.441329668,84QVC800+,78.0,,11.1,18.3,0.0,6.5,,1011.8,Trametes gibbosa,Trametes,"Tryon Creek State Natural Area, Portland, OR, US",1,False,,,278.0,278.0,precise,Fungi,Basidiomycota,Agaricomycetes,Polyporales,Polyporaceae,410641.0,species,Trametes gibbosa,Lumpy Bracket
035908d7-5aa8-4d4c-9da5-fa3a2bce0e3b,188197563,2023-10-19 15:41:12-07:00,2023-10-19,-122.67802202,45.44072326,84QVC800+,78.0,,8.9,22.8,0.0,2.9,,1017.9,Trametes gibbosa,Trametes,"Forest Highlands, Portland, OR, USA",1,False,,,8.0,8.0,precise,Fungi,Basidiomycota,Agaricomycetes,Polyporales,Polyporaceae,410641.0,species,Trametes gibbosa,Lumpy Bracket
4db97f3b-44e5-48dc-833d-cf9cbeee6414,188182390,2023-10-19 13:14:11-07:00,2023-10-19,-122.6782843285,45.4411504604,84QVC800+,78.0,,8.9,22.8,0.0,2.9,,1017.9,Trametes gibbosa,Trametes,"Multnomah County, US-OR, US",1,False,,,30.0,30.0,precise,Fungi,Basidiomycota,Agaricomycetes,Polyporales,Polyporaceae,410641.0,species,Trametes gibbosa,Lumpy Bracket
9e4287df-7671-48c1-8d96-8187e3ec2b88,186328198,2023-10-05 13:41:43-07:00,2023-10-05,-122.6818018779,45.4423639844,84QVC800+,64.0,,10.6,27.2,0.0,7.6,,1023.8,Trametes gibbosa,Trametes,"Forest Highlands, Portland, OR, USA",1,False,,,623.0,623.0,precise,Fungi,Basidiomycota,Agaricomycetes,Polyporales,Polyporaceae,410641.0,species,Trametes gibbosa,Lumpy Bracket
1036342e-996d-4942-b33a-a47d2e97b15b,185371609,2023-09-28 17:12:34-07:00,2023-09-28,-122.6181366296,45.3602555814,84QV9900+,91.0,,10.6,18.3,,7.1,,1018.6,Trametes betulina,Trametes,"Walnut St, West Linn, OR, US",1,False,,,3.0,3.0,precise,Fungi,Basidiomycota,Agaricomycetes,Polyporales,Polyporaceae,786918.0,species,Trametes betulina,Gilled Polypore
5589811c-bb96-4cc5-981f-59aa1660f6cd,181771377,2023-09-04 10:36:11-07:00,2023-09-04,-122.61814025,45.36025971,84QV9900+,91.0,,14.4,18.9,,4.3,,1018.2,Trametes betulina,Trametes,"Sunset, West Linn, OR, USA",1,False,,,9.0,9.0,precise,Fungi,Basidiomycota,Agaricomycetes,Polyporales,Polyporaceae,786918.0,species,Trametes betulina,Gilled Polypore
35f417d1-59b7-48a4-8f6e-a32c10c288a9,179561100,2023-07-08 15:14:00-07:00,2023-07-08,-122.4065944444,45.3819388889,84QV9H00+,77.0,,14.4,23.9,0.0,3.7,,1014.0,Trametes gibbosa,Trametes,"Clackamas County, OR, USA",1,False,,,15.0,15.0,precise,Fungi,Basidiomycota,Agaricomycetes,Polyporales,Polyporaceae,410641.0,species,Trametes gibbosa,Lumpy Bracket
5535ff3a-6a94-4717-ba7f-c0bf28c58cf4,178454376,2023-08-09 12:06:10-07:00,2023-08-09,-122.6906718024,45.4611276147,84QVF800+,118.0,,17.8,28.9,0.0,9.4,,1013.2,Trametes gibbosa,Trametes,"SW 11th Ave, Portland, OR, US",1,False,,,52.0,52.0,precise,Fungi,Basidiomycota,Agaricomycetes,Polyporales,Polyporaceae,410641.0,species,Trametes gibbosa,Lumpy Bracket
d1257423-8a30-4485-a4f1-71b2739ccd91,172927869,2023-07-14 13:46:16-07:00,2023-07-14,-122.73027,45.5268583333,84QVG700+,164.0,,15.6,33.3,0.0,9.1,,1019.0,Trametes gibbosa,Trametes,"NW Cornell Rd, Portland, OR, US",1,False,,,42.0,42.0,precise,Fungi,Basidiomycota,Agaricomycetes,Polyporales,Polyporaceae,410641.0,species,Trametes gibbosa,Lumpy Bracket
3e40e09c-2337-4f5c-9c73-d2b60b8a4cc7,171046669,2023-07-04 08:29:59-07:00,2023-07-04,-122.8453889722,45.5003839722,84QVG500+,59.0,,13.3,34.4,0.0,7.4,,1014.2,Trametes gibbosa,Trametes,"Cooper Mountain - Aloha North, Beaverton, OR, USA",1,False,,,,,unknown,Fungi,Basidiomycota,Agaricomycetes,Polyporales,Polyporaceae,410641.0,species,Trametes gibbosa,Lumpy Bracket
853bfc13-a069-46db-b5bc-6df77d5edefa,170531836,2023-07-01 14:22:05-07:00,2023-07-01,-121.6487366667,45.8250666667,84QWR900+,482.0,,12.0,28.6,0.0,15.6,,1018.1,Trametes gibbosa,Trametes,"Bingen, WA, US",1,False,,,13.0,13.0,precise,Fungi,Basidiomycota,Agaricomycetes,Polyporales,Polyporaceae,410641.0,species,Trametes gibbosa,Lumpy Bracket
6ea7772c-5a4d-44dd-a06a-7fdcef91b11e,167474865,2023-05-28 10:18:30-07:00,2023-05-28,-122.8338528,45.501997,84QVG500+,64.0,,6.1,22.2,0.0,7.4,,1016.7,Trametes gibbosa,Trametes,"Beaverton Creek, Beaverton, OR 97006, USA",2,False,,,,,unknown,Fungi,Basidiomycota,Agaricomycetes,Polyporales,Polyporaceae,410641.0,species,Trametes gibbosa,Lumpy Bracket
ce2f1abd-3fbf-4ee7-8a09-3e5db21ae7aa,167137840,2023-06-12 14:32:58-07:00,2023-06-12,-122.3894366667,45.314545,84QV8J00+,129.0,,13.9,31.7,0.0,4.6,,1013.5,Trametes gibbosa,Trametes,"Milo McIver State Park, Eagle Creek, OR, US",1,False,,,4.0,4.0,precise,Fungi,Basidiomycota,Agaricomycetes,Polyporales,Polyporaceae,410641.0,species,Trametes gibbosa,Lumpy Bracket
c33944d2-1ebd-4c5c-8e30-aec948928bde,163050290,2023-05-21 13:59:59-07:00,2023-05-21,-122.373698,45.5466059,84QVGJ00+,13.0,,13.3,18.3,,6.5,,1023.2,Trametes gibbosa,Trametes,"Troutdale, OR 97060, USA",2,False,,,,,unknown,Fungi,Basidiomycota,Agaricomycetes,Polyporales,Polyporaceae,410641.0,species,Trametes gibbosa,Lumpy Bracket
2977a911-4bf0-46b9-9e1f-43e812729957,161608263,2023-05-14 07:49:00-07:00,2023-05-14,-122.84554186,45.50043211,84QVG500+,59.0,,13.3,31.7,0.0,15.7,,1013.4,Trametes gibbosa,Trametes,"Cooper Mountain - Aloha North, Beaverton, OR, USA",1,False,,,9.0,9.0,precise,Fungi,Basidiomycota,Agaricomycetes,Polyporales,Polyporaceae,410641.0,species,Trametes gibbosa,Lumpy Bracket
095870d3-f22c-4dc3-aacf-09b517c40702,159298726,2023-05-02 16:19:17-07:00,2023-05-02,-122.6840978488,45.4419426705,84QVC800+,85.0,,11.1,20.0,0.0,6.1,,1008.1,Trametes betulina,Trametes,"Forest Highlands, Portland, OR, USA",1,False,,,74.0,74.0,precise,Fungi,Basidiomycota,Agaricomycetes,Polyporales,Polyporaceae,786918.0,species,Trametes betulina,Gilled Polypore
47cbf6c3-c0b3-4535-ad1d-d6841a84238c,158382981,2023-04-30 12:39:08-07:00,2023-04-30,-122.7663444444,45.6430777778,84QVJ600+,18.0,,10.0,17.8,0.0,7.5,,1014.2,Trametes gibbosa,Trametes,"St. Johns, Portland, OR, USA",1,False,,,,,unknown,Fungi,Basidiomycota,Agaricomycetes,Polyporales,Polyporaceae,410641.0,species,Trametes gibbosa,Lumpy Bracket
0f53c922-426d-4e38-94ef-de8d56fafa47,158250776,2023-04-30 11:36:09-07:00,2023-04-30,-122.7614133333,45.6480166667,84QVJ600+,24.0,,10.0,17.8,0.0,7.5,,1014.2,Trametes gibbosa,Trametes,"Kelley Point Park, Portland, OR, US",2,False,,,4.0,4.0,precise,Fungi,Basidiomycota,Agaricomycetes,Polyporales,Polyporaceae,410641.0,species,Trametes gibbosa,Lumpy Bracket
49af550e-7720-4a4b-b23c-5110f23201d1,156190808,2023-04-22 16:26:56-07:00,2023-04-22,-122.6780088991,45.4397480707,84QVC800+,78.0,,9.4,18.9,4.1,6.5,,1020.9,Trametes gibbosa,Trametes,"West Salem, Salem, OR 97304, USA",1,False,,,8.0,8.0,precise,Fungi,Basidiomycota,Agaricomycetes,Polyporales,Polyporaceae,410641.0,species,Trametes gibbosa,Lumpy Bracket
64e819f1-f4b0-4b01-9733-9e1aaaf6fd8e,155990669,2023-04-21 19:41:59-07:00,2023-04-21,-122.7300333333,45.6155666667,84QVJ700+,5.0,,6.7,13.9,,1.1,,1029.1,Trametes gibbosa,Trametes,"St. Johns, Portland, OR, US",1,False,,,5.0,5.0,precise,Fungi,Basidiomycota,Agaricomycetes,Polyporales,Polyporaceae,410641.0,species,Trametes gibbosa,Lumpy Bracket
65a5cafe-a3af-4d3a-acbf-f199e302bc27,154867367,2023-04-14 13:17:16-07:00,2023-04-14,-122.36093,45.558055,84QVHJ00+,8.0,,2.2,16.1,0.0,5.4,,1016.4,Trametes gibbosa,Trametes,"Sandy River Delta Recreation Area, Troutdale, OR, US",1,False,,,6.0,6.0,precise,Fungi,Basidiomycota,Agaricomycetes,Polyporales,Polyporaceae,410641.0,species,Trametes gibbosa,Lumpy Bracket
358aee47-d500-4846-827c-4b40e5789eea,153758557,2023-04-06 16:19:11-07:00,2023-04-06,-122.873986,45.5092789722,84QVG400+,70.0,,7.8,12.2,,13.1,,1011.6,Trametes gibbosa,Trametes,"Beaverton, OR 97003, USA",1,False,,,,,unknown,Fungi,Basidiomycota,Agaricomycetes,Polyporales,Polyporaceae,410641.0,species,Trametes gibbosa,Lumpy Bracket
c061f448-7b93-493e-9590-f1a0c36f4b63,153255000,2023-04-02 10:35:18-07:00,2023-04-02,-122.6753783333,45.4390416667,84QVC800+,91.0,,3.3,7.8,5.8,10.8,,1014.9,Trametes gibbosa,Trametes,"Tryon Creek State Natural Area, Portland, OR, US",2,False,,,200.0,200.0,precise,Fungi,Basidiomycota,Agaricomycetes,Polyporales,Polyporaceae,410641.0,species,Trametes gibbosa,Lumpy Bracket
ee191ad5-ebaa-4562-8121-0b30b29a022a,153091396,2023-03-31 10:10:25-07:00,2023-03-31,-121.9406371191,45.644283725,84QWJ300+,23.0,,2.7,6.7,11.0,8.6,,1016.2,Trametes gibbosa,Trametes,Bonneville Dam,1,False,,,179.0,179.0,precise,Fungi,Basidiomycota,Agaricomycetes,Polyporales,Polyporaceae,410641.0,species,Trametes gibbosa,Lumpy Bracket
514ddb52-2683-4be4-9d6a-4e191b41ed18,151887028,2023-03-21 18:12:05-07:00,2023-03-21,-122.7633034812,45.6479131105,84QVJ600+,15.0,,4.4,17.8,0.3,9.3,,1008.1,Trametes gibbosa,Trametes,"Kelley Point Park, Portland, OR, US",1,False,,,50.0,50.0,precise,Fungi,Basidiomycota,Agaricomycetes,Polyporales,Polyporaceae,410641.0,species,Trametes gibbosa,Lumpy Bracket
cd66cfd4-c6bf-4f4a-a2ca-c4df5aefe559,151702110,2023-03-19 17:19:26-07:00,2023-03-19,-122.6797944444,45.4353416667,84QVC800+,79.0,,6.7,15.6,5.3,10.1,,1006.9,Trametes gibbosa,Trametes,"Forest Highlands, Portland, OR, USA",1,False,,,,,unknown,Fungi,Basidiomycota,Agaricomycetes,Polyporales,Polyporaceae,410641.0,species,Trametes gibbosa,Lumpy Bracket
d1a510a0-3f4b-4010-9d6f-38793b5a3f0f,149329655,2023-02-20 13:54:04-08:00,2023-02-20,-122.6738366667,45.4496783333,84QVC800+,157.0,,7.8,11.7,2.0,16.2,,1022.9,Trametes gibbosa,Trametes,"S Hood Ave, Portland, OR, US",1,False,,,1966.0,1966.0,coarse,Fungi,Basidiomycota,Agaricomycetes,Polyporales,Polyporaceae,410641.0,species,Trametes gibbosa,Lumpy Bracket
c4b4bdc9-e205-4384-9d05-4465c43d177f,148068326,2023-02-04 11:49:08-08:00,2023-02-04,-122.7210466667,45.38795,84QV9700+,40.0,,6.1,10.6,2.3,7.2,,1013.8,Trametes gibbosa,Trametes,"Bryant Woods Nature Park, Lake Oswego, OR, US",2,False,,,12.0,12.0,precise,Fungi,Basidiomycota,Agaricomycetes,Polyporales,Polyporaceae,410641.0,species,Trametes gibbosa,Lumpy Bracket
3a216dcb-18ee-4010-9b3c-fc3d6cff12aa,147428781,2023-01-26 14:35:02-08:00,2023-01-26,-122.7827133333,45.5629116667,84QVH600+,325.0,,6.1,7.8,0.0,1.2,,1037.2,Trametes gibbosa,Trametes,"NW Saltzman Rd, Portland, OR, US",1,False,,,5.0,5.0,precise,Fungi,Basidiomycota,Agaricomycetes,Polyporales,Polyporaceae,410641.0,species,Trametes gibbosa,Lumpy Bracket
c908eccc-d8ad-40ca-97d3-d07c494c6aff,146971320,2023-01-19 08:58:12-08:00,2023-01-19,-122.6482487592,45.4369556806,84QVC900+,9.0,,1.1,6.1,0.0,2.2,,1028.5,Trametes gibbosa,Trametes,"Portland, OR, US",1,False,,,282.0,282.0,precise,Fungi,Basidiomycota,Agaricomycetes,Polyporales,Polyporaceae,410641.0,species,Trametes gibbosa,Lumpy Bracket
684ee3e2-299f-4a08-9905-ac0e265c142d,146714178,2023-01-14 11:03:58-08:00,2023-01-14,-122.2184533333,45.5347833333,84QVGQ00+,209.0,,8.3,10.6,,27.0,,996.7,Trametes gibbosa,Trametes,"Columbia River Gorge National Scenic Area - Headquarters, Corbett, OR, US",1,False,,,63.0,63.0,precise,Fungi,Basidiomycota,Agaricomycetes,Polyporales,Polyporaceae,410641.0,species,Trametes gibbosa,Lumpy Bracket
3a83efe7-61f3-4833-9a8c-233c3cc8cf80,146076808,2023-01-07 15:39:23-08:00,2023-01-07,-122.680809021,45.4408569336,84QVC800+,60.0,,4.4,8.9,3.0,9.0,,1009.7,Trametes gibbosa,Trametes,Portland,1,False,,,19.0,19.0,precise,Fungi,Basidiomycota,Agaricomycetes,Polyporales,Polyporaceae,410641.0,species,Trametes gibbosa,Lumpy Bracket
f9a00fb0-bc90-4cf5-b17e-e6f7ad570d04,145862402,2023-01-04 16:14:10-08:00,2023-01-04,-122.7615497708,45.3955539407,84QV9600+,62.0,,3.3,11.1,5.2,19.4,,1004.1,Trametes gibbosa,Trametes,"SW Arkenstone Dr, Durham, OR, US",1,False,,,72.0,72.0,precise,Fungi,Basidiomycota,Agaricomycetes,Polyporales,Polyporaceae,410641.0,species,Trametes gibbosa,Lumpy Bracket
a8ccc17d-4a8d-4650-a2ea-c7bd2282e3e5,145551673,2022-12-31 15:04:08-08:00,2022-12-31,-122.6286,45.3816383333,84QV9900+,63.0,,6.7,9.4,,7.2,,1012.5,Trametes betulina,Trametes,"Mary S. Young Park, West Linn, OR, US",1,False,,,3.0,3.0,precise,Fungi,Basidiomycota,Agaricomycetes,Polyporales,Polyporaceae,786918.0,species,Trametes betulina,Gilled Polypore
0d4f86ec-889f-402f-8e37-115d3e03516c,144612986,2022-12-17 14:58:10-08:00,2022-12-17,-122.657342,45.54786,84QVG800+,64.0,,-3.8,5.0,0.0,5.0,,1021.0,Trametes gibbosa,Trametes,"NE Fremont & 7th, Portland, OR 97212, USA",1,False,,,,,unknown,Fungi,Basidiomycota,Agaricomycetes,Polyporales,Polyporaceae,410641.0,species,Trametes gibbosa,Lumpy Bracket
0405e969-fa8f-4dc5-95f8-04f99f55f6a5,144454895,2022-12-15 15:23:54-08:00,2022-12-15,-122.3853533333,45.311445,84QV8J00+,122.0,,1.7,6.1,0.0,27.1,,1030.7,Trametes gibbosa,Trametes,"Milo McIver State Park, Eagle Creek, OR, US",1,False,,,14.0,14.0,precise,Fungi,Basidiomycota,Agaricomycetes,Polyporales,Polyporaceae,410641.0,species,Trametes gibbosa,Lumpy Bracket
7dbfbeea-2b56-48bc-a2c5-8462363b6406,143608641,2022-12-03 13:54:16-08:00,2022-12-03,-122.6836629417,45.4443420483,84QVC800+,68.0,,3.3,7.8,0.0,28.8,,1016.3,Trametes gibbosa,Trametes,"Tryon Creek State Natural Area, Portland, OR, US",1,False,,,263.0,263.0,precise,Fungi,Basidiomycota,Agaricomycetes,Polyporales,Polyporaceae,410641.0,species,Trametes gibbosa,Lumpy Bracket
10cdb243-3442-4fb0-b8b7-120b7d5a6eaf,141739942,2022-11-08 12:44:50-08:00,2022-11-08,-122.721145,45.387945,84QV9700+,40.0,,2.2,11.7,0.0,14.6,,1007.8,Trametes gibbosa,Trametes,"Bryant Woods Nature Park, Lake Oswego, OR, US",1,False,,,6.0,6.0,precise,Fungi,Basidiomycota,Agaricomycetes,Polyporales,Polyporaceae,410641.0,species,Trametes gibbosa,Lumpy Bracket
0f5483bd-ce51-4f74-88ea-07b3cb5579d6,141193069,2022-11-05 10:17:29-07:00,2022-11-05,-122.6809083333,45.4410166667,84QVC800+,60.0,,7.8,13.3,0.8,12.6,,1013.9,Trametes gibbosa,Trametes,"Tryon Creek State Natural Area, Portland, OR, US",1,False,,,5.0,5.0,precise,Fungi,Basidiomycota,Agaricomycetes,Polyporales,Polyporaceae,410641.0,species,Trametes gibbosa,Lumpy Bracket
a292ae66-bb8d-4b69-b5f2-127b0d9dde87,139714438,2022-10-22 16:44:00-07:00,2022-10-22,-122.6770166667,45.43837,84QVC800+,91.0,,8.9,16.1,3.3,9.0,,1008.5,Trametes gibbosa,Trametes,"Tryon Creek State Natural Area, Portland, OR, US",1,False,,,4.0,4.0,precise,Fungi,Basidiomycota,Agaricomycetes,Polyporales,Polyporaceae,410641.0,species,Trametes gibbosa,Lumpy Bracket
2b7e0d74-c9df-4281-b1db-d3dd2f38a30a,137099372,2022-09-30 17:40:34-07:00,2022-09-30,-122.6275002211,45.7345865857,84QVP900+,68.0,,13.9,22.8,0.0,7.5,,1020.3,Trametes gibbosa,Trametes,"Mt Vista, WA, USA",1,False,,,147.0,147.0,precise,Fungi,Basidiomycota,Agaricomycetes,Polyporales,Polyporaceae,410641.0,species,Trametes gibbosa,Lumpy Bracket
280839f2-e49d-41f1-b87f-2d3064ec03d3,135639593,2022-09-17 12:41:30-07:00,2022-09-17,-122.6769926772,45.4358298545,84QVC800+,68.0,,12.2,22.2,0.5,10.4,,1009.7,Trametes gibbosa,Trametes,Tryon Creek State Natural Area,1,False,,,1220.0,1220.0,coarse,Fungi,Basidiomycota,Agaricomycetes,Polyporales,Polyporaceae,410641.0,species,Trametes gibbosa,Lumpy Bracket
203461ce-7c4a-4106-867e-de88332365f9,133932230,2022-08-27 11:48:00-07:00,2022-08-27,-122.3611252324,45.5581033888,84QVHJ00+,8.0,,17.2,23.9,,8.4,,1016.2,Trametes gibbosa,Trametes,"Multnomah County, OR, USA",1,False,,,415.0,415.0,precise,Fungi,Basidiomycota,Agaricomycetes,Polyporales,Polyporaceae,410641.0,species,Trametes gibbosa,Lumpy Bracket
00d9fd91-54f1-4e9b-857b-cf192185dc86,133850522,2022-09-05 11:56:18-07:00,2022-09-05,-122.6769926772,45.4358298545,84QVC800+,68.0,,14.4,27.8,0.0,13.0,,1018.8,Trametes gibbosa,Trametes,Tryon Creek State Natural Area,1,False,,,1220.0,1220.0,coarse,Fungi,Basidiomycota,Agaricomycetes,Polyporales,Polyporaceae,410641.0,species,Trametes gibbosa,Lumpy Bracket
378554c2-0f34-41e9-9b70-6b84da4743a7,133435218,2022-09-02 10:07:43-07:00,2022-09-02,-122.6745533333,45.4251366667,84QVC800+,94.0,,17.2,31.7,0.0,6.5,,1010.8,Trametes gibbosa,Trametes,"Bayberry Rd, Lake Oswego, OR, US",1,False,,,3000.0,3000.0,coarse,Fungi,Basidiomycota,Agaricomycetes,Polyporales,Polyporaceae,410641.0,species,Trametes gibbosa,Lumpy Bracket
92085e42-031b-4863-b95b-188ac3dd202f,131658869,2022-08-20 14:05:04-07:00,2022-08-20,-122.7813472222,45.5790527778,84QVH600+,262.0,,17.2,25.0,0.0,5.4,,1014.7,Trametes gibbosa,Trametes,"Linnton, Portland, OR, USA",1,False,,,,,unknown,Fungi,Basidiomycota,Agaricomycetes,Polyporales,Polyporaceae,410641.0,species,Trametes gibbosa,Lumpy Bracket
480f79b8-95de-4aff-ac41-9d98580e1d11,128900246,2022-07-30 20:01:11-07:00,2022-07-30,-122.3513929636,45.5164497404,84QVGJ00+,22.0,,21.1,38.3,0.0,4.5,,1010.1,Trametes betulina,Trametes,"Historic Columbia River Hwy, Troutdale, OR, US",1,False,,,83.0,83.0,precise,Fungi,Basidiomycota,Agaricomycetes,Polyporales,Polyporaceae,786918.0,species,Trametes betulina,Gilled Polypore
38f9b2a7-9273-4bf6-9abb-e7c90c9542ce,127949458,2022-06-08 18:42:43-07:00,2022-06-08,-122.3711122997,45.5509144,84QVHJ00+,8.0,,16.1,23.9,0.0,6.8,,1016.0,Trametes gibbosa,Trametes,"Troutdale, OR 97060, USA",1,False,,,,,unknown,Fungi,Basidiomycota,Agaricomycetes,Polyporales,Polyporaceae,410641.0,species,Trametes gibbosa,Lumpy Bracket
60fde850-0064-43ba-a53a-df3529c2a613,121550624,2022-06-12 20:35:51-07:00,2022-06-12,-122.466269955,45.7884091248,84QVQG00+,197.0,,11.7,15.6,,11.2,,1012.1,Trametes hirsuta,Trametes,"Venersborg, WA 98604, USA",1,False,,,1506.0,1506.0,coarse,Fungi,Basidiomycota,Agaricomycetes,Polyporales,Polyporaceae,116695.0,species,Trametes hirsuta,Hairy Bracket
4e04f245-55e3-4eb9-8e8c-007366d3b6bd,121294474,2022-06-11 12:23:44-07:00,2022-06-11,-122.630277,45.739147,84QVP900+,75.0,,14.4,19.4,,2.9,,1013.7,Trametes gibbosa,Trametes,"Mt Vista, WA, USA",1,False,,,,,unknown,Fungi,Basidiomycota,Agaricomycetes,Polyporales,Polyporaceae,410641.0,species,Trametes gibbosa,Lumpy Bracket
9c613c25-87d8-4f81-a361-4d808069b276,118705116,2022-05-25 13:06:57-07:00,2022-05-25,-122.2293361111,45.5048194444,84QVGQ00+,327.0,,13.3,23.3,,5.5,,1015.9,Trametes cinnabarina,Trametes,"Corbett, OR 97019, USA",1,False,,,,,unknown,Fungi,Basidiomycota,Agaricomycetes,Polyporales,Polyporaceae,974663.0,species,Trametes cinnabarina,Northern Cinnabar Polypore
1bf45cf2-d5e6-415f-82a7-cbd0faa7141b,116818247,2021-08-19,2021-08-19,-122.682,45.4377,84QVC800+,80.0,,15.6,28.3,0.0,10.8,,1018.5,Trametes gibbosa,Trametes,"Tryon Creek State Natural Area (Tryon Creek State Park), Multnomah and Clackamas Cos., Oregon, USA",1,False,,,20.0,20.0,precise,Fungi,Basidiomycota,Agaricomycetes,Polyporales,Polyporaceae,410641.0,species,Trametes gibbosa,Lumpy Bracket
a3c92284-83ed-4142-87b5-c67a5a339ea5,111028937,2022-04-04 12:15:59-07:00,2022-04-04,-122.7667383333,45.6435883333,84QVJ600+,9.0,,6.1,12.8,,19.8,,1008.6,Trametes gibbosa,Trametes,"Kelley Point Park, Portland, OR, US",1,False,,,1593.0,1593.0,coarse,Fungi,Basidiomycota,Agaricomycetes,Polyporales,Polyporaceae,410641.0,species,Trametes gibbosa,Lumpy Bracket
4340b0eb-a695-4b84-be3d-99f515dfcd2e,110128483,2022-04-01 15:28:00-07:00,2022-04-01,-122.7626989783,45.6456083386,84QVJ600+,19.0,,3.9,15.0,,4.3,,1020.5,Trametes gibbosa,Trametes,"Kelley Point Park, Portland, OR, US",1,False,,,10.0,10.0,precise,Fungi,Basidiomycota,Agaricomycetes,Polyporales,Polyporaceae,410641.0,species,Trametes gibbosa,Lumpy Bracket
ddb6eacc-fe49-4bd9-b074-0ae4ef94c7d6,108519455,2022-03-13 09:57:29-07:00,2022-03-13,-122.762383769,45.6464345229,84QVJ600+,22.0,,7.2,12.2,,14.7,,1014.9,Trametes gibbosa,Trametes,"Kelley Point Park, Portland, OR, US",1,False,,,108.0,108.0,precise,Fungi,Basidiomycota,Agaricomycetes,Polyporales,Polyporaceae,410641.0,species,Trametes gibbosa,Lumpy Bracket
fbb30bbd-612b-4709-a8a6-5d6b524816fa,107980167,2022-03-05 14:14:47-08:00,2022-03-05,-122.60043929,45.37246921,84QV9900+,12.0,,0.0,12.8,0.0,3.7,,1024.4,Trametes gibbosa,Trametes,"Citizen Involvement Committee, Oregon City, OR, USA",2,False,,,8.0,8.0,precise,Fungi,Basidiomycota,Agaricomycetes,Polyporales,Polyporaceae,410641.0,species,Trametes gibbosa,Lumpy Bracket
0816b86a-e9cd-41c3-a5fe-9f0a36886f1c,106686532,2022-02-13 09:10:39-08:00,2022-02-13,-122.6790166667,45.4280666667,84QVC800+,77.0,,1.1,17.2,0.0,7.6,,1021.7,Trametes gibbosa,Trametes,"Tryon Creek State Natural Area, Lake Oswego, OR, US",1,False,,,23.0,23.0,precise,Fungi,Basidiomycota,Agaricomycetes,Polyporales,Polyporaceae,410641.0,species,Trametes gibbosa,Lumpy Bracket
0bc5e706-27ed-41d4-b361-421c5c065abd,106638675,2022-02-12 11:52:35+00:00,2022-02-12,-122.6756216667,45.4346883333,84QVC800+,70.0,,2.8,17.2,0.0,14.0,,1024.0,Trametes gibbosa,Trametes,"Tryon Creek State Natural Area, Lake Oswego, OR, US",2,False,,,10.0,10.0,precise,Fungi,Basidiomycota,Agaricomycetes,Polyporales,Polyporaceae,410641.0,species,Trametes gibbosa,Lumpy Bracket
e2299f0b-ae67-4be1-87c7-da9469072094,106255379,2022-02-06 10:10:51-08:00,2022-02-06,-122.7521186608,45.4320778824,84QVC600+,64.0,,-2.8,13.3,0.0,1.2,,1028.9,Trametes betulina,Trametes,"Oregon, US",1,True,obscured,,5.0,27158.0,obscured,Fungi,Basidiomycota,Agaricomycetes,Polyporales,Polyporaceae,786918.0,species,Trametes betulina,Gilled Polypore
808ec771-13b5-457f-9d69-44144d39a457,106106530,2022-02-02 08:45:09-08:00,2022-02-02,-122.9375252647,45.4052965117,84QVC300+,36.0,,3.9,6.7,,2.8,,1028.8,Trametes gibbosa,Trametes,"Oregon, US",1,True,obscured,,,27158.0,obscured,Fungi,Basidiomycota,Agaricomycetes,Polyporales,Polyporaceae,410641.0,species,Trametes gibbosa,Lumpy Bracket
84e2df3f-2950-422a-bcd2-c03e1f4c9403,105936171,2022-01-31 11:52:42-08:00,2022-01-31,-122.6502829045,45.4835352274,84QVF800+,10.0,,2.8,8.9,0.8,6.8,,1027.5,Trametes betulina,Trametes,"Sellwood - Moreland, Portland, OR, USA",1,False,,,154.0,154.0,precise,Fungi,Basidiomycota,Agaricomycetes,Polyporales,Polyporaceae,786918.0,species,Trametes betulina,Gilled Polypore
4c721cc0-406b-4981-bfca-02761015593e,105793038,2022-01-29 12:37:16-08:00,2022-01-29,-122.5531444444,45.4202305556,84QVCC00+,111.0,,-3.2,8.3,0.0,10.1,,1025.3,Trametes hirsuta,Trametes,"Damascus, OR 97015, USA",1,False,,,,,unknown,Fungi,Basidiomycota,Agaricomycetes,Polyporales,Polyporaceae,116695.0,species,Trametes hirsuta,Hairy Bracket
ae2beca8-653d-49a4-a3fd-0dbed93ee7eb,105690168,2022-01-25 15:29:26+00:00,2022-01-25,-122.6087583333,45.3890216667,84QV9900+,29.0,,-2.8,10.6,0.0,6.4,,1024.6,Trametes hirsuta,Trametes,"SE Abernethy Ln, Portland, OR, US",1,False,,,15.0,15.0,precise,Fungi,Basidiomycota,Agaricomycetes,Polyporales,Polyporaceae,116695.0,species,Trametes hirsuta,Hairy Bracket
e6a069a8-965f-42e8-a713-52a55e17bf9e,105639298,2022-01-26 15:26:09-08:00,2022-01-26,-122.7651169896,45.4233419747,84QVC600+,48.0,,-5.0,9.4,0.0,4.1,,1024.6,Trametes hirsuta,Trametes,"Metzger, OR, USA",1,False,,,29.0,29.0,precise,Fungi,Basidiomycota,Agaricomycetes,Polyporales,Polyporaceae,116695.0,species,Trametes hirsuta,Hairy Bracket
dba261af-c2dd-4c93-98ca-5da9a76a439f,105400858,2022-01-22 14:51:31+00:00,2022-01-22,-122.6789083333,45.4282116667,84QVC800+,77.0,,1.7,9.4,0.0,5.8,,1032.1,Trametes gibbosa,Trametes,"Tryon Creek State Natural Area, Lake Oswego, OR, US",1,False,,,6.0,6.0,precise,Fungi,Basidiomycota,Agaricomycetes,Polyporales,Polyporaceae,410641.0,species,Trametes gibbosa,Lumpy Bracket
7b749f15-8cb1-4890-b037-3b8ec29ed6c2,105284405,2022-01-20 06:28:00+00:00,2022-01-20,-122.6278616667,45.528225,84QVG900+,61.0,,5.0,15.6,3.3,13.0,,1028.1,Trametes gibbosa,Trametes,"NE Irving St, Portland, OR, US",1,False,,,4.0,4.0,precise,Fungi,Basidiomycota,Agaricomycetes,Polyporales,Polyporaceae,410641.0,species,Trametes gibbosa,Lumpy Bracket
6d780aab-84ed-4d7d-8e37-a854db77d372,105088359,2022-01-15 06:45:46+00:00,2022-01-15,-122.6255716667,45.3825216667,84QV9900+,48.0,,0.0,5.0,0.0,1.6,,1027.7,Trametes gibbosa,Trametes,"Mary S. Young Park, West Linn, OR, US",1,False,,,4.0,4.0,precise,Fungi,Basidiomycota,Agaricomycetes,Polyporales,Polyporaceae,410641.0,species,Trametes gibbosa,Lumpy Bracket
5ff812db-74a5-4403-94da-6a4845fc1d6f,105077199,2022-01-16 17:01:24+00:00,2022-01-16,-122.92128,45.3830716667,84QV9300+,64.0,,2.8,5.6,0.0,1.9,,1022.9,Trametes hirsuta,Trametes,"SW Mountain Creek Rd, Sherwood, OR, US",1,False,,,98.0,98.0,precise,Fungi,Basidiomycota,Agaricomycetes,Polyporales,Polyporaceae,116695.0,species,Trametes hirsuta,Hairy Bracket
75be06ed-911c-4d46-b502-9163d8ddd5e2,104992912,2022-01-15 13:21:03+00:00,2022-01-15,-122.577055,45.5074583333,84QVGC00+,83.0,,3.9,9.4,0.0,3.2,,1027.7,Trametes pubescens,Trametes,"SE 84th Ave, Portland, OR, US",1,False,,,5.0,5.0,precise,Fungi,Basidiomycota,Agaricomycetes,Polyporales,Polyporaceae,203711.0,species,Trametes pubescens,white-rot fungus
4c7663b9-cc4d-467f-a0c3-84ee41cc123e,104899519,2022-01-07 13:33:46-08:00,2022-01-07,-122.6143452506,45.4316974853,84QVC900+,48.0,,5.6,11.7,10.9,18.4,,1004.8,Trametes gibbosa,Trametes,"Oregon, US",1,True,obscured,,346.0,27158.0,obscured,Fungi,Basidiomycota,Agaricomycetes,Polyporales,Polyporaceae,410641.0,species,Trametes gibbosa,Lumpy Bracket
efe4b792-c281-4f31-af00-dbf9f7c2c71b,103386820,2021-12-20 14:04:54-08:00,2021-12-20,-122.6810389722,45.5016139722,84QVG800+,65.0,,3.9,5.6,11.4,9.7,,1016.5,Trametes betulina,Trametes,"Lair Hill Park, SW 2nd Ave & SW Woods St, Portland, OR 97201, USA",1,False,,,,,unknown,Fungi,Basidiomycota,Agaricomycetes,Polyporales,Polyporaceae,786918.0,species,Trametes betulina,Gilled Polypore
e7967d7b-fe4f-42da-b269-94aea3259f04,102895678,2021-12-11 09:25:44-08:00,2021-12-11,-122.0532608032,45.6095314026,84QVJW00+,17.0,,7.2,10.6,,19.7,,1005.5,Trametes betulina,Trametes,Stevenson,1,False,,,,,unknown,Fungi,Basidiomycota,Agaricomycetes,Polyporales,Polyporaceae,786918.0,species,Trametes betulina,Gilled Polypore
97bd8413-97ab-41b1-8ff8-c4ddff53330f,102842953,2021-12-10 16:10:47-08:00,2021-12-10,-122.65028066,45.48351178,84QVF800+,10.0,,5.0,10.0,0.0,13.7,,1019.7,Trametes betulina,Trametes,"SE Milwaukie & Insley, Portland, OR 97202, USA",2,False,,,8.0,8.0,precise,Fungi,Basidiomycota,Agaricomycetes,Polyporales,Polyporaceae,786918.0,species,Trametes betulina,Gilled Polypore
7e1e0225-f597-4e09-92de-fe015d4d38c8,102675445,2021-12-07 12:03:24+00:00,2021-12-07,-122.6499463,45.48316,84QVF900+,30.0,,6.7,8.3,1.5,10.4,,1016.1,Trametes betulina,Trametes,"Sellwood - Moreland, Portland, OR, USA",2,False,,,77.0,77.0,precise,Fungi,Basidiomycota,Agaricomycetes,Polyporales,Polyporaceae,786918.0,species,Trametes betulina,Gilled Polypore
22b8af23-b7de-4b89-9b3f-8e861d6ad6a8,102316346,2021-12-01 11:36:10-08:00,2021-12-01,-122.5701027778,45.4852,84QVFC00+,74.0,,8.9,17.2,0.0,5.4,,1023.4,Trametes hirsuta,Trametes,"Lents, Portland, OR, USA",1,False,,,,,unknown,Fungi,Basidiomycota,Agaricomycetes,Polyporales,Polyporaceae,116695.0,species,Trametes hirsuta,Hairy Bracket
bf6addc3-69e2-41fd-b03e-df01d1ee6341,101178859,2021-11-14 15:24:00-08:00,2021-11-14,-122.6801382997,45.4391861,84QVC800+,66.0,,15.6,18.9,0.0,23.0,,1018.7,Trametes hirsuta,Trametes,"Multnomah, Oregon, United States",1,False,,,,,unknown,Fungi,Basidiomycota,Agaricomycetes,Polyporales,Polyporaceae,116695.0,species,Trametes hirsuta,Hairy Bracket
39247c1b-ac9d-4887-aa1d-1f1c4b3aa835,101153997,2021-11-14 13:37:00-08:00,2021-11-14,-122.6243613874,45.3824065525,84QV9900+,10.0,,14.4,18.3,0.3,18.9,,1019.4,Trametes hirsuta,Trametes,"West Linn, OR, USA",1,False,,,53.0,53.0,precise,Fungi,Basidiomycota,Agaricomycetes,Polyporales,Polyporaceae,116695.0,species,Trametes hirsuta,Hairy Bracket
28d72542-d129-43a8-a780-abed1b43de32,99032172,2021-10-21 14:14:00-10:00,2021-10-21,-122.8010111111,45.5932888889,84QVH500+,263.0,,8.9,18.9,,9.2,,1009.7,Trametes gibbosa,Trametes,"Forest Park, Multnomah, Oregon, United States",2,False,,,5.0,5.0,precise,Fungi,Basidiomycota,Agaricomycetes,Polyporales,Polyporaceae,410641.0,species,Trametes gibbosa,Lumpy Bracket
17aff04a-ebb3-4c50-9ae3-ca5e1f02005a,96933917,2021-10-02 12:42:42+00:00,2021-10-02,-122.7827330679,45.5628813299,84QVH600+,325.0,,6.7,21.7,0.0,3.8,,1022.0,Trametes gibbosa,Trametes,"Multnomah County, US-OR, US",1,False,,,9.0,9.0,precise,Fungi,Basidiomycota,Agaricomycetes,Polyporales,Polyporaceae,410641.0,species,Trametes gibbosa,Lumpy Bracket
4c720410-773b-4e21-a693-081594166fe1,95326238,2021-08-27 17:25:55-07:00,2021-08-27,-122.7272716667,45.5275916667,84QVG700+,161.0,,15.6,23.3,0.0,11.5,,1019.8,Trametes betulina,Trametes,"Macleay Park, Portland, OR, US",1,False,,,52.0,52.0,precise,Fungi,Basidiomycota,Agaricomycetes,Polyporales,Polyporaceae,786918.0,species,Trametes betulina,Gilled Polypore
7ed773a0-e781-463d-8eb4-4692fcec0e1e,94658378,2021-09-12 15:04:40-07:00,2021-09-12,-122.7826383333,45.5628466667,84QVH600+,325.0,,15.6,22.8,0.0,8.4,,1019.4,Trametes gibbosa,Trametes,"NW Saltzman Rd, Portland, OR, US",1,False,,,6.0,6.0,precise,Fungi,Basidiomycota,Agaricomycetes,Polyporales,Polyporaceae,410641.0,species,Trametes gibbosa,Lumpy Bracket
2de56ae2-ba8e-4961-9faf-e5195920853f,83739800,2021-06-19 21:05:37-07:00,2021-06-19,-121.9216690063,45.6614570618,84QWM300+,91.0,,12.8,27.8,0.0,5.1,,1017.6,Trametes cinnabarina,Trametes,Stevenson,1,False,,,77.0,77.0,precise,Fungi,Basidiomycota,Agaricomycetes,Polyporales,Polyporaceae,974663.0,species,Trametes cinnabarina,Northern Cinnabar Polypore
5f4f687c-b27a-4ddf-80c2-3c8a1437632d,82508801,2021-06-10 20:14:41-07:00,2021-06-10,-122.7937619761,44.7811867904,84PVQ600+,135.0,,7.8,20.6,0.0,11.9,,1021.0,Trametes hirsuta,Trametes,"Stayton, OR 97383, USA",1,False,,,17.0,17.0,precise,Fungi,Basidiomycota,Agaricomycetes,Polyporales,Polyporaceae,116695.0,species,Trametes hirsuta,Hairy Bracket
4217f811-bef8-4180-9a40-6a12da101bf8,79583506,2021-05-20 16:32:11-07:00,2021-05-20,-122.6806716667,45.4250833333,84QVC800+,85.0,,6.1,16.1,0.0,9.0,,1020.7,Trametes gibbosa,Trametes,"Atwater Rd, Lake Oswego, OR, US",1,False,,,16.0,16.0,precise,Fungi,Basidiomycota,Agaricomycetes,Polyporales,Polyporaceae,410641.0,species,Trametes gibbosa,Lumpy Bracket
ccea487a-0094-450f-b8e5-406eb93246b2,78740242,2021-05-14 12:51:06-07:00,2021-05-14,-122.62876507,45.4968269,84QVF900+,46.0,,12.8,26.7,0.0,16.2,,1017.7,Trametes hirsuta,Trametes,"SE Powell & 34th, Portland, OR 97202, USA",1,False,,,5.0,5.0,precise,Fungi,Basidiomycota,Agaricomycetes,Polyporales,Polyporaceae,116695.0,species,Trametes hirsuta,Hairy Bracket
327c91f1-5906-4ba7-a1b5-8bb8a6cdd18b,76760433,2021-05-02 14:25:22-07:00,2021-05-02,-122.7633874415,45.6483392147,84QVJ600+,14.0,,10.0,18.9,0.0,9.3,,1022.8,Trametes gibbosa,Trametes,"Kelley Point Park, Portland, OR, US",1,False,,,435.0,435.0,precise,Fungi,Basidiomycota,Agaricomycetes,Polyporales,Polyporaceae,410641.0,species,Trametes gibbosa,Lumpy Bracket
9878a384-0f10-416b-bf00-773f56daad72,76742359,2021-05-02 15:07:32-07:00,2021-05-02,-122.8448832212,45.5029024105,84QVG500+,57.0,,8.3,18.9,0.0,8.2,,1022.7,Trametes gibbosa,Trametes,"16130 SW Merlo Rd, Beaverton, OR, US",1,False,,,895.0,895.0,precise,Fungi,Basidiomycota,Agaricomycetes,Polyporales,Polyporaceae,410641.0,species,Trametes gibbosa,Lumpy Bracket
3e335c32-c9fd-4899-8a41-044a8234d1c3,76735844,2021-05-01 15:56:47-07:00,2021-05-01,-122.6255888889,45.3825833333,84QV9900+,48.0,,8.3,15.0,,6.8,,1021.3,Trametes gibbosa,Trametes,"5845 W a St, West Linn, OR 97068, USA",1,False,,,,,unknown,Fungi,Basidiomycota,Agaricomycetes,Polyporales,Polyporaceae,410641.0,species,Trametes gibbosa,Lumpy Bracket
ab14cd8e-bad5-49f6-905d-4e4a57c565af,76370321,2021-05-01 16:16:34-07:00,2021-05-01,-122.761012,45.648723,84QVJ600+,24.0,,10.6,16.7,0.3,12.5,,1020.7,Trametes hirsuta,Trametes,"St. Johns, Portland, OR, USA",2,False,,,,,unknown,Fungi,Basidiomycota,Agaricomycetes,Polyporales,Polyporaceae,116695.0,species,Trametes hirsuta,Hairy Bracket
ee9c98ba-e142-402f-b7cc-3af08d284c06,76298671,2021-05-01 14:27:50-07:00,2021-05-01,-122.5086662548,45.4865539061,84QVFF00+,173.0,,10.6,16.7,,7.0,,1020.7,Trametes hirsuta,Trametes,"Powell Butte Nature Park, Portland, OR, US",1,False,,,4.0,4.0,precise,Fungi,Basidiomycota,Agaricomycetes,Polyporales,Polyporaceae,116695.0,species,Trametes hirsuta,Hairy Bracket
9f697510-db09-4233-a7b5-e0c4b706174a,75203876,2021-04-25 11:07:34-07:00,2021-04-25,-122.762925625,45.6478435407,84QVJ600+,15.0,,9.4,15.6,0.6,8.0,,1007.7,Trametes gibbosa,Trametes,"Kelley Point Park, Portland, OR, US",1,False,,,4.0,4.0,precise,Fungi,Basidiomycota,Agaricomycetes,Polyporales,Polyporaceae,410641.0,species,Trametes gibbosa,Lumpy Bracket
41be216f-f998-44ec-8e24-c310812ba75b,75179576,2021-04-24 13:19:45-07:00,2021-04-24,-122.760461,45.6473609722,84QVJ600+,22.0,,8.9,12.8,,7.4,,1009.6,Trametes gibbosa,Trametes,"St. Johns, Portland, OR, USA",2,False,,,,,unknown,Fungi,Basidiomycota,Agaricomycetes,Polyporales,Polyporaceae,410641.0,species,Trametes gibbosa,Lumpy Bracket
0de5287f-e524-449b-b0d0-776fe5c016a8,75179383,2021-04-24 14:50:41-07:00,2021-04-24,-122.7667509722,45.643307,84QVJ600+,9.0,,8.9,12.8,,7.4,,1009.6,Trametes gibbosa,Trametes,"St. Johns, Portland, OR, USA",2,False,,,,,unknown,Fungi,Basidiomycota,Agaricomycetes,Polyporales,Polyporaceae,410641.0,species,Trametes gibbosa,Lumpy Bracket
1d3fb652-a81f-49db-9477-8b50d388eee8,75147152,2021-04-24 18:30:05-07:00,2021-04-24,-122.6088333333,45.5192716667,84QVG900+,68.0,,8.9,13.3,4.3,13.7,,1009.8,Trametes hirsuta,Trametes,"SE Stark St, Portland, OR, US",1,False,,,50.0,50.0,precise,Fungi,Basidiomycota,Agaricomycetes,Polyporales,Polyporaceae,116695.0,species,Trametes hirsuta,Hairy Bracket
2e55b4db-50b5-4053-9f80-4168740f2576,75110254,2021-04-24 14:22:26-07:00,2021-04-24,-122.8162466667,45.533695,84QVG500+,92.0,,7.8,11.1,,12.0,,1009.3,Trametes gibbosa,Trametes,"NW Pettygrove St, Portland, OR, US",1,False,,,3999.0,3999.0,coarse,Fungi,Basidiomycota,Agaricomycetes,Polyporales,Polyporaceae,410641.0,species,Trametes gibbosa,Lumpy Bracket
f25d54bf-abc1-440a-bad7-ad05357e131a,74340122,2021-04-17 17:02:16-07:00,2021-04-17,-122.7650174126,45.6445169477,84QVJ600+,20.0,,5.6,27.8,0.0,4.2,,1020.7,Trametes gibbosa,Trametes,"St. Johns, Portland, OR, USA",1,False,,,261.0,261.0,precise,Fungi,Basidiomycota,Agaricomycetes,Polyporales,Polyporaceae,410641.0,species,Trametes gibbosa,Lumpy Bracket
342bbc95-6850-44ca-b129-c08499d3d37e,74274697,2021-04-17 12:14:25-07:00,2021-04-17,-122.7624128272,45.6472616953,84QVJ600+,22.0,,5.6,27.8,0.0,4.2,,1020.7,Trametes gibbosa,Trametes,"Kelley Point Park, Portland, OR, US",2,False,,,445.0,445.0,precise,Fungi,Basidiomycota,Agaricomycetes,Polyporales,Polyporaceae,410641.0,species,Trametes gibbosa,Lumpy Bracket
9bd9b09b-c1b5-4d2e-be14-ea5291d7bf34,73444642,2021-04-09 15:01:47-07:00,2021-04-09,-121.9912805556,45.3545833333,84QW9200+,384.0,,0.0,15.0,,9.3,,1023.2,Trametes gibbosa,Trametes,"Mt Hood Village, OR, USA",1,False,,,,,unknown,Fungi,Basidiomycota,Agaricomycetes,Polyporales,Polyporaceae,410641.0,species,Trametes gibbosa,Lumpy Bracket
2b33258f-a75d-48f1-aaa6-806211f44cb1,71840722,2021-03-22 15:06:42-07:00,2021-03-22,-122.7288283333,45.61773,84QVJ700+,15.0,,6.1,12.2,,10.6,,1021.4,Trametes gibbosa,Trametes,"St. Johns, Portland, OR, US",1,False,,,5.0,5.0,precise,Fungi,Basidiomycota,Agaricomycetes,Polyporales,Polyporaceae,410641.0,species,Trametes gibbosa,Lumpy Bracket
72d841df-b910-48e2-bba2-1ed417bf775a,70700742,2021-03-06 12:34:04-08:00,2021-03-06,-122.7821722222,45.5772055556,84QVH600+,262.0,,3.3,11.1,2.0,6.8,,1017.2,Trametes gibbosa,Trametes,"Northwest Portland, Portland, OR, USA",1,False,,,,,unknown,Fungi,Basidiomycota,Agaricomycetes,Polyporales,Polyporaceae,410641.0,species,Trametes gibbosa,Lumpy Bracket
3d3d31a8-bbb9-4399-a1bd-d8243fba4187,69214114,2021-02-06 14:00:00+00:00,2021-02-06,-122.6930469308,45.5022751857,84QVG800+,119.0,,3.3,8.9,0.8,13.7,,1023.2,Trametes betulina,Trametes,"Marquam Nature Park, Portland, OR, US",1,False,,,790.0,790.0,precise,Fungi,Basidiomycota,Agaricomycetes,Polyporales,Polyporaceae,786918.0,species,Trametes betulina,Gilled Polypore
be63ef4e-a151-46ec-bf56-32e72532b208,69150543,2021-02-04 11:17:42-08:00,2021-02-04,-122.9792796944,45.3613807222,84QV9200+,302.0,,1.7,7.2,,5.6,,1030.7,Trametes hirsuta,Trametes,"Newberg, OR 97132, USA",2,False,,,,,unknown,Fungi,Basidiomycota,Agaricomycetes,Polyporales,Polyporaceae,116695.0,species,Trametes hirsuta,Hairy Bracket
a6ab32c7-6c8a-4e41-9749-e4f4a0db407d,68737568,2021-01-28 14:44:41+00:00,2021-01-28,-122.6836716116,45.5755658076,84QVH800+,45.0,,5.0,7.8,,7.0,,1006.0,Trametes hirsuta,Trametes,"N Greenwich Ave, Portland, OR, US",2,False,,,28.0,28.0,precise,Fungi,Basidiomycota,Agaricomycetes,Polyporales,Polyporaceae,116695.0,species,Trametes hirsuta,Hairy Bracket
17fa6d4f-2de9-4e1b-9ea6-cdfcb81743d2,68518367,2021-01-23 14:41:18-08:00,2021-01-23,-122.7646111111,45.6434527778,84QVJ600+,18.0,,-2.8,7.8,0.0,1.4,,1020.1,Trametes betulina,Trametes,"St. Johns, Portland, OR, USA",1,False,,,,,unknown,Fungi,Basidiomycota,Agaricomycetes,Polyporales,Polyporaceae,786918.0,species,Trametes betulina,Gilled Polypore
6015865e-0a52-4cb0-b4ad-053ff1c1dff2,68428642,2021-01-21 16:09:09+00:00,2021-01-21,-122.6836645054,45.5755158322,84QVH800+,45.0,,5.6,8.3,,1.4,,1017.1,Trametes gibbosa,Trametes,"N Greenwich Ave, Portland, OR, US",2,False,,,18.0,18.0,precise,Fungi,Basidiomycota,Agaricomycetes,Polyporales,Polyporaceae,410641.0,species,Trametes gibbosa,Lumpy Bracket
9a6041e0-b57b-44b4-ad75-1646335c2482,67595747,2021-01-04 12:20:00+00:00,2021-01-04,-122.8429555556,45.4986805556,84QVF500+,64.0,,6.7,10.6,,10.9,,1007.7,Trametes gibbosa,Trametes,"Cooper Mountain - Aloha North, Beaverton, OR, USA",1,False,,,10.0,10.0,precise,Fungi,Basidiomycota,Agaricomycetes,Polyporales,Polyporaceae,410641.0,species,Trametes gibbosa,Lumpy Bracket
7e5d5769-a284-4f07-9feb-380c581e5ef2,67401029,2020-12-31 11:32:28-08:00,2020-12-31,-122.7809027778,45.5629305556,84QVH600+,334.0,,9.4,11.7,,11.4,,1019.5,Trametes gibbosa,Trametes,"Unnamed Road, Portland, OR 97229, USA",1,False,,,,,unknown,Fungi,Basidiomycota,Agaricomycetes,Polyporales,Polyporaceae,410641.0,species,Trametes gibbosa,Lumpy Bracket
283f273e-64b5-4da1-aa33-ae94c2444bdf,67068263,2020-12-25 14:50:48+00:00,2020-12-25,-122.7407709137,45.6852204116,84QVM700+,6.0,,2.2,5.6,,8.1,,1009.5,Trametes ochracea,Trametes,"Vancouver, WA 98660, USA",1,False,,,240.0,240.0,precise,Fungi,Basidiomycota,Agaricomycetes,Polyporales,Polyporaceae,118111.0,species,Trametes ochracea,Ochre Bracket
e7bac2d6-e8a7-489d-96a6-fe6de38c5053,66545622,2020-12-13 14:26:48+00:00,2020-12-13,-122.6154022527,45.3787514234,84QV9900+,22.0,,3.3,7.2,,5.2,,,Trametes gibbosa,Trametes,"Meldrum Bar City Park, Gladstone, OR, US",1,False,,,65.0,65.0,precise,Fungi,Basidiomycota,Agaricomycetes,Polyporales,Polyporaceae,410641.0,species,Trametes gibbosa,Lumpy Bracket
3df2ae9f-1703-44f7-8981-923a2bf5b656,66494681,2020-12-12 12:50:37+00:00,2020-12-12,-122.684122324,45.4768594034,84QVF800+,155.0,,1.7,8.3,0.5,18.0,,1020.5,Trametes gibbosa,Trametes,"SW Terwilliger & Burlingame Terr, Portland, OR 97239, USA",1,False,,,75.0,75.0,precise,Fungi,Basidiomycota,Agaricomycetes,Polyporales,Polyporaceae,410641.0,species,Trametes gibbosa,Lumpy Bracket
ce9d49e4-0a72-45e3-b46f-02d39576a6bc,66068431,2020-12-03 11:43:01+00:00,2020-12-03,-122.7746036276,45.5425744442,84QVG600+,197.0,,-0.6,8.9,0.0,3.6,,1027.2,Trametes gibbosa,Trametes,"Northwest Heights, Portland, OR 97229, USA",1,False,,,171.0,171.0,precise,Fungi,Basidiomycota,Agaricomycetes,Polyporales,Polyporaceae,410641.0,species,Trametes gibbosa,Lumpy Bracket
b0b7131b-d9bd-4f67-b806-9963a8fb72bc,65240631,2015-11-17,2015-11-17,-122.7215,45.38925,84QV9700+,40.0,,8.3,13.3,,23.1,,1016.5,Trametes gibbosa,Trametes,"Bryant Woods Park, Lake Oswego, Clackamas Co., Oregon, USA",1,False,,,181.0,181.0,precise,Fungi,Basidiomycota,Agaricomycetes,Polyporales,Polyporaceae,410641.0,species,Trametes gibbosa,Lumpy Bracket
cc5b1d7e-e5e8-416f-b2e4-782eef7408b2,65236254,2013-03-18,2013-03-18,-121.387,45.72385,84QWPJ00+,454.0,,2.8,12.2,0.0,17.1,,1022.6,Trametes hirsuta,Trametes,"Catherine Creek, Columbia River Gorge National Scenic Area, Klickitat Co., Washington, USA",1,False,,,4025.0,4025.0,coarse,Fungi,Basidiomycota,Agaricomycetes,Polyporales,Polyporaceae,116695.0,species,Trametes hirsuta,Hairy Bracket
45683e3f-ea62-468b-b7ec-5a9f3c02bb77,64120281,2020-11-02 15:02:00-10:00,2020-11-02,-122.7980712801,45.6062566136,84QVJ600+,153.0,,1.7,19.4,0.0,3.9,,1019.5,Trametes gibbosa,Trametes,"Northwest Portland, Portland, OR, USA",1,False,,,327.0,327.0,precise,Fungi,Basidiomycota,Agaricomycetes,Polyporales,Polyporaceae,410641.0,species,Trametes gibbosa,Lumpy Bracket
46ad459b-49e2-4751-bc83-cd0cb0134c24,63994274,2020-11-01 13:52:42-08:00,2020-11-01,-122.8809082668,45.5315966265,84QVG400+,64.0,,0.0,20.0,0.0,4.2,,1022.5,Trametes gibbosa,Trametes,Hillsboro,1,False,,,65.0,65.0,precise,Fungi,Basidiomycota,Agaricomycetes,Polyporales,Polyporaceae,410641.0,species,Trametes gibbosa,Lumpy Bracket
317881bb-2e28-44d4-b74b-9d29c776a5d9,63431354,2020-10-24 11:35:26-07:00,2020-10-24,-122.77993833,45.57253333,84QVH600+,276.0,,6.1,10.6,,10.9,,1020.2,Trametes hirsuta,Trametes,"Forest Park Conservancy, Portland, OR, US",1,False,,,10.0,10.0,precise,Fungi,Basidiomycota,Agaricomycetes,Polyporales,Polyporaceae,116695.0,species,Trametes hirsuta,Hairy Bracket
d27f215a-74d9-4a7c-a4c1-a2e8fb28b3db,62855420,2020-10-16 10:45:46-07:00,2020-10-16,-122.3405,45.525025,84QVGM00+,177.0,,6.1,17.8,0.0,2.2,,1025.8,Trametes gibbosa,Trametes,"NE Mershon Rd, Troutdale, OR, US",1,False,,,98.0,98.0,precise,Fungi,Basidiomycota,Agaricomycetes,Polyporales,Polyporaceae,410641.0,species,Trametes gibbosa,Lumpy Bracket
1748701a-9189-496d-98e2-b87bae3e978c,52771768,2020-07-11 17:30:48-07:00,2020-07-11,-122.6259475574,45.3817262111,84QV9900+,48.0,,11.7,25.6,0.0,6.3,,1020.0,Trametes gibbosa,Trametes,"5845 W a St, West Linn, OR 97068, USA",3,False,,,263.0,263.0,precise,Fungi,Basidiomycota,Agaricomycetes,Polyporales,Polyporaceae,410641.0,species,Trametes gibbosa,Lumpy Bracket
834659c4-d442-4d2b-a0ef-7287b76119ef,50502052,2020-06-22 01:09:22+00:00,2020-06-22,-122.6396255493,45.5210113525,84QVG900+,43.0,,12.2,30.0,0.0,10.1,,1020.3,Trametes gibbosa,Trametes,Portland,1,False,,,,,unknown,Fungi,Basidiomycota,Agaricomycetes,Polyporales,Polyporaceae,410641.0,species,Trametes gibbosa,Lumpy Bracket
9901bef9-6ec5-4448-b774-8a163892cc9d,44548480,2020-05-01 19:27:04-07:00,2020-05-01,-122.49063531,45.76695145,84QVQG00+,103.0,,5.0,16.7,,4.5,,1018.1,Trametes hirsuta,Trametes,"Venersborg, WA 98604, USA",1,False,,,4.0,4.0,precise,Fungi,Basidiomycota,Agaricomycetes,Polyporales,Polyporaceae,116695.0,species,Trametes hirsuta,Hairy Bracket
5e2751ec-35ec-4468-aca8-f373c4c68f59,44003532,2020-04-26 16:59:55-07:00,2020-04-26,-122.7650638889,45.6470305556,84QVJ600+,17.0,,5.0,18.9,,3.4,,1018.7,Trametes gibbosa,Trametes,"St. Johns, Portland, OR, USA",1,False,,,,,unknown,Fungi,Basidiomycota,Agaricomycetes,Polyporales,Polyporaceae,410641.0,species,Trametes gibbosa,Lumpy Bracket
6634a657-c9d5-4dce-9344-aac9faea8a57,41507857,2020-04-05 14:57:30-07:00,2020-04-05,-122.76567833,45.643095,84QVJ600+,18.0,,4.4,17.8,,7.5,,1001.6,Trametes gibbosa,Trametes,"Kelley Point Park, Portland, OR, US",1,False,,,10.0,10.0,precise,Fungi,Basidiomycota,Agaricomycetes,Polyporales,Polyporaceae,410641.0,species,Trametes gibbosa,Lumpy Bracket
80c0846c-dfdc-49aa-858f-88842950b81b,41147311,2020-03-31 18:31:16-07:00,2020-03-31,-122.7980795,45.6057916997,84QVJ600+,123.0,,5.6,11.7,,12.3,,1017.4,Trametes gibbosa,Trametes,"Northwest Portland, Portland, OR, USA",1,False,,,,,unknown,Fungi,Basidiomycota,Agaricomycetes,Polyporales,Polyporaceae,410641.0,species,Trametes gibbosa,Lumpy Bracket
37ac0773-7fe2-493d-a15b-ef666fb8a6bc,41062161,2020-03-29 16:56:34-07:00,2020-03-29,-122.7619142,45.6249684,84QVJ600+,4.0,,9.4,14.4,6.2,13.8,,1013.1,Trametes hirsuta,Trametes,"St. Johns, Portland, OR, USA",1,False,,,,,unknown,Fungi,Basidiomycota,Agaricomycetes,Polyporales,Polyporaceae,116695.0,species,Trametes hirsuta,Hairy Bracket
0844194d-4407-4579-992d-821a247b9dd8,40336432,2020-03-19 16:34:59-07:00,2020-03-19,-122.77262167,45.579005,84QVH600+,213.0,,1.1,17.8,0.0,5.1,,1015.9,Trametes gibbosa,Trametes,"Forest Park, Portland, OR, US",1,False,,,10.0,10.0,precise,Fungi,Basidiomycota,Agaricomycetes,Polyporales,Polyporaceae,410641.0,species,Trametes gibbosa,Lumpy Bracket
8ec3034d-d31b-44a3-87ad-c508f1733021,39772579,2020-03-04 15:16:15+00:00,2020-03-04,-122.7896934338,45.4319090201,84QVC600+,50.0,,2.8,12.8,0.0,4.2,,1023.7,Trametes hirsuta,Trametes,"SW Walnut St, Tigard, OR, US",1,False,,,78.0,78.0,precise,Fungi,Basidiomycota,Agaricomycetes,Polyporales,Polyporaceae,116695.0,species,Trametes hirsuta,Hairy Bracket
27522f11-5712-41da-a81a-ec5eaa23a598,39562704,2020-03-02 17:11:00-10:00,2020-03-02,-122.7623138889,45.6464055556,84QVJ600+,22.0,,5.6,10.0,,11.6,,1027.9,Trametes gibbosa,Trametes,"Multnomah, Oregon, United States",2,False,,,,,unknown,Fungi,Basidiomycota,Agaricomycetes,Polyporales,Polyporaceae,410641.0,species,Trametes gibbosa,Lumpy Bracket
8e5a9502-f2f9-4c09-9b25-9276c63cd92c,39260873,2020-02-26 16:20:13+00:00,2020-02-26,-122.6538514842,45.6600465418,84QVM800+,82.0,,3.3,13.3,0.0,8.0,,1032.6,Trametes hirsuta,Trametes,"NE 18th Ave, Vancouver, WA, US",2,False,,,9.0,9.0,precise,Fungi,Basidiomycota,Agaricomycetes,Polyporales,Polyporaceae,116695.0,species,Trametes hirsuta,Hairy Bracket
57149794-c052-4af0-bdb3-11aee72f6f15,39038279,2020-02-21 12:53:00-08:00,2020-02-21,-122.7124722222,45.611525,84QVJ700+,6.0,,-2.8,14.4,0.0,6.1,,1022.8,Trametes betulina,Trametes,"St. Johns, Portland, OR, USA",1,False,,,,,unknown,Fungi,Basidiomycota,Agaricomycetes,Polyporales,Polyporaceae,786918.0,species,Trametes betulina,Gilled Polypore
ace27980-ab4b-457b-857e-449e0aa373be,38235346,2020-02-02 11:58:57-08:00,2020-02-02,-122.97741772,45.36445789,84QV9200+,301.0,,-1.7,7.2,0.0,3.5,,1024.4,Trametes hirsuta,Trametes,"Newberg, OR 97132, USA",1,False,,,13.0,13.0,precise,Fungi,Basidiomycota,Agaricomycetes,Polyporales,Polyporaceae,116695.0,species,Trametes hirsuta,Hairy Bracket
4b60976b-3ef1-4169-9c90-13ec26526b68,38234085,2020-02-02 14:12:04+00:00,2020-02-02,-122.7641668514,45.648187091,84QVJ600+,14.0,,-0.6,6.7,0.0,,,1024.4,Trametes gibbosa,Trametes,"Kelley Point Park, Portland, OR, US",1,False,,,9.0,9.0,precise,Fungi,Basidiomycota,Agaricomycetes,Polyporales,Polyporaceae,410641.0,species,Trametes gibbosa,Lumpy Bracket
4ccc5323-112f-4aad-81fd-f6f3c92fcaac,38232342,2020-02-02 13:32:28+00:00,2020-02-02,-122.7612915791,45.6472661837,84QVJ600+,22.0,,-0.6,6.7,0.0,,,1024.4,Trametes gibbosa,Trametes,"Kelley Point Park, Portland, OR, US",1,False,,,28.0,28.0,precise,Fungi,Basidiomycota,Agaricomycetes,Polyporales,Polyporaceae,410641.0,species,Trametes gibbosa,Lumpy Bracket
ddd42075-f6c3-44e2-8ea7-79fc64c1d555,37962480,2020-01-25,2020-01-25,-122.7610183333,45.64741,84QVJ600+,22.0,,7.8,13.9,,10.5,,1014.2,Trametes gibbosa,Trametes,"Kelley Point Park, Portland, OR, USA",1,False,,,,,unknown,Fungi,Basidiomycota,Agaricomycetes,Polyporales,Polyporaceae,410641.0,species,Trametes gibbosa,Lumpy Bracket
ad593fcb-5b28-44bc-8d3a-e33763ef1e45,37767098,2020-01-19 15:57:11+00:00,2020-01-19,-122.7506637573,45.6229858398,84QVJ600+,1.0,,5.6,10.6,,13.1,,1021.7,Trametes gibbosa,Trametes,"St. Johns, Portland, OR, USA",2,False,,,,,unknown,Fungi,Basidiomycota,Agaricomycetes,Polyporales,Polyporaceae,410641.0,species,Trametes gibbosa,Lumpy Bracket
cbcc5691-b0f0-4cdf-89fc-5926921da319,37697070,2020-01-17 17:49:31+00:00,2020-01-17,-122.8855544942,45.2537120553,84QV7400+,35.0,,-1.1,6.1,,3.9,,1020.2,Trametes gibbosa,Trametes,"Champoeg State Heritage Area, Saint Paul, OR, US",1,False,,,754.0,754.0,precise,Fungi,Basidiomycota,Agaricomycetes,Polyporales,Polyporaceae,410641.0,species,Trametes gibbosa,Lumpy Bracket
c6ecf4fc-b3b9-4c9f-8f8f-6d504f98eac2,36453726,2019-12-07 12:11:00-08:00,2019-12-07,-122.7812555556,45.5785527778,84QVH600+,262.0,,6.1,7.8,,2.1,,1008.1,Trametes gibbosa,Trametes,"Northwest Portland, Portland, OR, USA",1,False,,,,,unknown,Fungi,Basidiomycota,Agaricomycetes,Polyporales,Polyporaceae,410641.0,species,Trametes gibbosa,Lumpy Bracket
d33ac611-fc06-43b1-9d53-e051543175bf,36270444,2019-11-29 15:29:30-10:00,2019-11-29,-122.75318,45.60475833,84QVJ600+,22.0,,-3.3,6.7,0.0,4.4,,1011.4,Trametes hirsuta,Trametes,"Pier Park, Portland, OR, US",1,False,,,10.0,10.0,precise,Fungi,Basidiomycota,Agaricomycetes,Polyporales,Polyporaceae,116695.0,species,Trametes hirsuta,Hairy Bracket
05965089-322b-4a5c-aff2-f79520be3776,36049079,2019-11-16 13:38:35-10:00,2019-11-16,-122.7974616667,45.6105416667,84QVJ600+,21.0,,8.3,13.3,0.3,1.9,,1026.2,Trametes betulina,Trametes,"NW Saint Helens Rd, Portland, OR, US",1,False,,,,,unknown,Fungi,Basidiomycota,Agaricomycetes,Polyporales,Polyporaceae,786918.0,species,Trametes betulina,Gilled Polypore
4d3ae3f9-d242-4694-8137-d6d5ae63bbe8,35516301,2019-11-09 13:44:34-08:00,2019-11-09,-122.29149434,45.4904393,84QVFP00+,147.0,,3.9,11.7,,2.7,,1024.0,Trametes gibbosa,Trametes,"Multnomah County, US-OR, US",1,False,,,4.0,4.0,precise,Fungi,Basidiomycota,Agaricomycetes,Polyporales,Polyporaceae,410641.0,species,Trametes gibbosa,Lumpy Bracket
ebba123a-e405-4462-93b3-84fc17c77f21,35516251,2019-11-09 13:28:56-08:00,2019-11-09,-122.29065661,45.49223112,84QVFP00+,101.0,,3.9,11.7,,2.7,,1024.0,Trametes gibbosa,Trametes,"Multnomah County, US-OR, US",1,False,,,8.0,8.0,precise,Fungi,Basidiomycota,Agaricomycetes,Polyporales,Polyporaceae,410641.0,species,Trametes gibbosa,Lumpy Bracket
4e8b0609-d93d-4173-abd1-e704211692bd,34979592,2019-10-27 14:03:12-07:00,2019-10-27,-122.154027256,44.2994227659,84PV7R00+,998.0,,,,,,,,Trametes hirsuta,Trametes,"Willamette National Forest, Foster, OR, US",1,False,,,955.0,955.0,precise,Fungi,Basidiomycota,Agaricomycetes,Polyporales,Polyporaceae,116695.0,species,Trametes hirsuta,Hairy Bracket
6671d092-9df1-422b-aa12-a718da1d17db,34827611,2019-10-23 15:03:18-07:00,2019-10-23,-122.7171547338,45.5171054597,84QVG700+,219.0,,5.6,16.1,0.0,5.0,,1030.9,Trametes betulina,Trametes,"SW Fairview & Wildwood Trail, Portland, OR 97205, USA",1,False,,,352.0,352.0,precise,Fungi,Basidiomycota,Agaricomycetes,Polyporales,Polyporaceae,786918.0,species,Trametes betulina,Gilled Polypore
fe049951-f5a2-42ad-9ef1-53a15d0645c4,31933537,2019-03-23 11:15:45-07:00,2019-03-23,-122.5376981869,45.8182850368,84QVRF00+,58.0,,,,0.8,,,1021.4,Trametes ochracea,Trametes,"Battle Ground, WA 98604, USA",1,False,,,1052.0,1052.0,coarse,Fungi,Basidiomycota,Agaricomycetes,Polyporales,Polyporaceae,118111.0,species,Trametes ochracea,Ochre Bracket
884a8b97-8a37-4e38-83b1-4b39968621d5,29360317,2019-03-23 13:40:00-07:00,2019-03-23,-122.9661027778,45.3063722222,84QV8200+,55.0,,6.1,15.0,,3.7,,1021.8,Trametes betulina,Trametes,"Newberg, OR 97132, USA",1,False,,,32.0,32.0,precise,Fungi,Basidiomycota,Agaricomycetes,Polyporales,Polyporaceae,786918.0,species,Trametes betulina,Gilled Polypore
964173cc-e2d0-4888-b4d0-ae47b32636a2,28194684,2019-07-03 14:15:10-07:00,2019-07-03,-122.6500595448,45.484821533,84QVF800+,10.0,,15.6,22.2,0.0,5.8,,1017.9,Trametes betulina,Trametes,"Oaks Bottom Wildlife Refuge, Portland, OR, US",1,False,,,130.0,130.0,precise,Fungi,Basidiomycota,Agaricomycetes,Polyporales,Polyporaceae,786918.0,species,Trametes betulina,Gilled Polypore
d6b67949-e6c0-4dc4-983e-981e50131850,25712671,2019-05-24 16:28:06-07:00,2019-05-24,-122.6506303418,45.5202280992,84QVG800+,31.0,,11.7,16.7,1.3,11.9,,1015.4,Trametes hirsuta,Trametes,"301–399 SE 15th Ave, Portland, OR, US",1,False,,,71.0,71.0,precise,Fungi,Basidiomycota,Agaricomycetes,Polyporales,Polyporaceae,116695.0,species,Trametes hirsuta,Hairy Bracket
6aedb22d-7f75-41d7-ae51-fb3f5a1a6861,25395917,2019-05-19 11:32:05-07:00,2019-05-19,-122.3572864385,45.5551528931,84QVHJ00+,12.0,,10.0,17.8,,3.7,,1007.4,Trametes gibbosa,Trametes,"97060, Troutdale, OR, US",1,False,,,10.0,10.0,precise,Fungi,Basidiomycota,Agaricomycetes,Polyporales,Polyporaceae,410641.0,species,Trametes gibbosa,Lumpy Bracket
6f4037ee-48bd-4f2b-8c51-dee17280d6fc,24975500,2019-05-11 11:47:25-07:00,2019-05-11,-122.6908340454,45.6952781677,84QVM800+,66.0,,8.9,29.4,0.0,5.2,,1011.8,Trametes hirsuta,Trametes,"10124 NW 19th Ave, Vancouver, WA 98685, USA",1,False,,,,,unknown,Fungi,Basidiomycota,Agaricomycetes,Polyporales,Polyporaceae,116695.0,species,Trametes hirsuta,Hairy Bracket
15dec9d2-c3c0-4e2f-947c-5823f25c7bce,24649386,2019-05-05 13:03:17-07:00,2019-05-05,-122.7610866667,45.648695,84QVJ600+,24.0,,7.8,23.9,0.0,9.0,,1011.4,Trametes hirsuta,Trametes,"Kelley Point Park, Portland, OR, US",1,False,,,5.0,5.0,precise,Fungi,Basidiomycota,Agaricomycetes,Polyporales,Polyporaceae,116695.0,species,Trametes hirsuta,Hairy Bracket
72a37725-695a-4b8e-9cb3-11bf3b2c4c42,24649352,2019-05-05 13:01:25-07:00,2019-05-05,-122.7609866667,45.648645,84QVJ600+,24.0,,7.8,23.9,0.0,9.0,,1011.4,Trametes gibbosa,Trametes,"Kelley Point Park, Portland, OR, US",1,False,,,10.0,10.0,precise,Fungi,Basidiomycota,Agaricomycetes,Polyporales,Polyporaceae,410641.0,species,Trametes gibbosa,Lumpy Bracket
7b04e9ca-1b75-49f1-85d8-3f767aa8351f,22121615,2019-04-06 09:45:11-07:00,2019-04-06,-122.7653666667,45.6450366667,84QVJ600+,20.0,,,,,,,1010.0,Trametes gibbosa,Trametes,"Kelley Point Park, Portland, OR, US",1,False,,,4352.0,4352.0,coarse,Fungi,Basidiomycota,Agaricomycetes,Polyporales,Polyporaceae,410641.0,species,Trametes gibbosa,Lumpy Bracket
6f3e3fc6-0926-41a6-958d-4ac0ba65892f,19997579,2019-01-31 15:51:16-08:00,2019-01-31,-122.8400883333,45.5034966667,84QVG500+,59.0,,-3.3,11.7,0.0,2.5,,1011.3,Trametes betulina,Trametes,"Tualatin Hills Nature Reserve, Beaverton, OR, US",1,False,,,5.0,5.0,precise,Fungi,Basidiomycota,Agaricomycetes,Polyporales,Polyporaceae,786918.0,species,Trametes betulina,Gilled Polypore
afa9a7a6-703a-4dda-a95e-0f7dd104f611,11414252,2018-04-22 10:02:00-07:00,2018-04-22,-122.7649138889,45.6432305556,84QVJ600+,18.0,,5.0,17.8,0.0,9.3,,1026.6,Trametes betulina,Trametes,"North Portland, Portland, OR, USA",1,False,,,,,unknown,Fungi,Basidiomycota,Agaricomycetes,Polyporales,Polyporaceae,786918.0,species,Trametes betulina,Gilled Polypore
89dcdfb8-3380-429a-b3d3-fa8efbbe4ecc,10483135,2018-03-27 11:10:21-07:00,2018-03-27,-122.8004383333,45.487805,84QVF500+,57.0,,7.2,13.3,,9.5,,1030.1,Trametes hirsuta,Trametes,"3701–3731 SW Lombard Ave, Beaverton, OR, US",1,False,,,5.0,5.0,precise,Fungi,Basidiomycota,Agaricomycetes,Polyporales,Polyporaceae,116695.0,species,Trametes hirsuta,Hairy Bracket
927b6766-df29-48c6-8d61-80d953ffd5a3,10483074,2018-03-28 14:43:11-07:00,2018-03-28,-122.76407,45.423155,84QVC600+,44.0,,5.0,13.9,0.0,6.0,,1030.9,Trametes hirsuta,Trametes,"13500 SW Hall Blvd, Tigard, OR, US",1,False,,,10.0,10.0,precise,Fungi,Basidiomycota,Agaricomycetes,Polyporales,Polyporaceae,116695.0,species,Trametes hirsuta,Hairy Bracket
2c8f9610-e0da-4603-9c4d-a97bc0f6b9ac,10354592,2018-03-20 22:46:00-07:00,2018-03-20,-122.7654075627,45.6447689679,84QVJ600+,20.0,,0.0,16.1,0.0,4.6,,1016.7,Trametes gibbosa,Trametes,"North Portland, Portland, OR, USA",1,False,,,31.0,31.0,precise,Fungi,Basidiomycota,Agaricomycetes,Polyporales,Polyporaceae,410641.0,species,Trametes gibbosa,Lumpy Bracket
d771cc2f-86d5-46a1-98a2-e64e3e6a51e7,10176221,2018-03-10 17:49:26-08:00,2018-03-10,-122.727495,45.6171633333,84QVJ700+,15.0,,-1.1,17.2,0.0,7.0,,1017.0,Trametes gibbosa,Trametes,"Smith and Bybee Wetlands Natural Area, Portland, OR, US",1,False,,,5.0,5.0,precise,Fungi,Basidiomycota,Agaricomycetes,Polyporales,Polyporaceae,410641.0,species,Trametes gibbosa,Lumpy Bracket
51c0b94a-9d41-4463-9a9e-7108ea3418c5,9467379,2018-01-13 15:30:35-08:00,2018-01-13,-122.3524466667,45.2925133333,84QV7J00+,147.0,,8.3,15.0,0.0,12.5,,1027.5,Trametes gibbosa,Trametes,"Milo McIver State Park, Estacada, OR, US",2,False,,,10.0,10.0,precise,Fungi,Basidiomycota,Agaricomycetes,Polyporales,Polyporaceae,410641.0,species,Trametes gibbosa,Lumpy Bracket
a68c39db-ef99-43e2-9875-4ead6f51aac1,9194568,2017-12-18 08:48:00-08:00,2017-12-18,-122.7661094069,45.6474766228,84QVJ600+,17.0,,8.3,11.7,,6.1,,1020.0,Trametes hirsuta,Trametes,"Multnomah, Oregon, United States",1,False,,,,,unknown,Fungi,Basidiomycota,Agaricomycetes,Polyporales,Polyporaceae,116695.0,species,Trametes hirsuta,Hairy Bracket
66eb7d51-1c68-45e4-bd6f-54b1d006b7a8,5380731,2017-03-16 21:18:11-07:00,2017-03-16,-122.7951087171,45.4867466936,84QVF600+,57.0,,1.1,11.7,,4.3,,1024.5,Trametes hirsuta,Trametes,"11429–11597 SW Beaverton Hillsdale Hwy, Beaverton, OR, US",1,False,,,106.0,106.0,precise,Fungi,Basidiomycota,Agaricomycetes,Polyporales,Polyporaceae,116695.0,species,Trametes hirsuta,Hairy Bracket
b5f3d019-642e-48d9-8fb2-58f6b1529418,5210516,2017-03-02 02:05:08-08:00,2017-03-02,-122.5662300324,45.5657462685,84QVHC00+,9.0,,2.2,10.6,1.5,14.0,,1028.1,Trametes gibbosa,Trametes,"5850 NE 92nd Dr, Portland, OR, US",1,False,,,179.0,179.0,precise,Fungi,Basidiomycota,Agaricomycetes,Polyporales,Polyporaceae,410641.0,species,Trametes gibbosa,Lumpy Bracket
080ccc1b-0342-4669-826a-43639e589f9f,5210514,2017-03-02 02:05:08-08:00,2017-03-02,-122.7421789448,45.5271289665,84QVG700+,263.0,,4.4,10.0,,9.9,,1028.0,Trametes gibbosa,Trametes,"6000 NW Cornell Rd, Portland, OR, US",1,False,,,396.0,396.0,precise,Fungi,Basidiomycota,Agaricomycetes,Polyporales,Polyporaceae,410641.0,species,Trametes gibbosa,Lumpy Bracket
b96044b7-ba9f-42be-b9c8-5ae20671b1a3,4639438,2016-11-25 15:42:15-08:00,2016-11-25,-122.6445166667,45.434895,84QVC900+,19.0,,7.8,10.6,8.4,15.1,,1011.5,Trametes hirsuta,Trametes,"12225 SE 19th Ave, Milwaukie, OR, US",1,False,,,,,unknown,Fungi,Basidiomycota,Agaricomycetes,Polyporales,Polyporaceae,116695.0,species,Trametes hirsuta,Hairy Bracket
e31febb3-82f7-4731-8b13-5e704f4628f3,395972801,2026-08-30 09:30:08-06:00,2026-08-30,-104.838907341,38.8580627677,85CQV500+,1862.0,,15.6,27.8,,7.4,,1011.2,Trametes versicolor,Trametes,"W Caramillo St, Colorado Springs, CO, US",1,False,,,3.0,3.0,precise,Fungi,Basidiomycota,Agaricomycetes,Polyporales,Polyporaceae,54134.0,species,Trametes versicolor,turkey-tail
56015ee6-b1ee-4c2a-ba93-59d0baeb90e3,382663485,2026-07-17 09:46:00-06:00,2026-07-17,-105.2820171767,39.9954571564,85FPXP00+,1771.0,,18.0,35.0,0.0,4.1,,,Trametes versicolor,Trametes,"Kinnikinic Rd, Boulder, CO, US",1,False,,,52.0,52.0,precise,Fungi,Basidiomycota,Agaricomycetes,Polyporales,Polyporaceae,54134.0,species,Trametes versicolor,turkey-tail
833b04a3-fd71-484e-965d-247875325e29,382393727,2026-07-17 09:45:48-06:00,2026-07-17,-105.2812883333,39.9952883333,85FPXP00+,1771.0,,18.0,35.0,0.0,4.1,,,Trametes versicolor,Trametes,"Boulder County, US-CO, US",1,False,,,3.0,3.0,precise,Fungi,Basidiomycota,Agaricomycetes,Polyporales,Polyporaceae,54134.0,species,Trametes versicolor,turkey-tail
68fa09fa-0178-44cd-afbc-6069bde32bc3,390597447,2026-08-10 15:53:09-06:00,2026-08-10,-104.7785930584,38.8812129281,85CQV600+,1973.0,,18.9,33.9,,7.5,,1010.1,Trametes cinnabarina,Trametes,"El Paso County, US-CO, US",1,False,,,32.0,32.0,precise,Fungi,Basidiomycota,Agaricomycetes,Polyporales,Polyporaceae,974663.0,species,Trametes cinnabarina,Northern Cinnabar Polypore
72e49207-4c9f-415f-9911-54b28f78d0af,387285327,2026-08-01 10:54:27-06:00,2026-08-01,-105.5310027778,36.1259388889,858P4F00+,2653.0,,14.5,29.6,2.4,11.8,,1019.3,Trametes cinnabarina,Trametes,"Vadito, NM 87579, USA",1,False,,,,,unknown,Fungi,Basidiomycota,Agaricomycetes,Polyporales,Polyporaceae,974663.0,species,Trametes cinnabarina,Northern Cinnabar Polypore
cbce4c4c-3e38-4029-8742-4d33b593ecd2,364866864,2026-05-21 18:47:03-06:00,2026-05-21,-104.8928533333,38.7283333333,85CQP400+,2585.0,,4.0,18.1,1.0,9.2,,,Trametes ochracea,Trametes,"Colorado Springs, CO, US",1,False,,,4.0,4.0,precise,Fungi,Basidiomycota,Agaricomycetes,Polyporales,Polyporaceae,118111.0,species,Trametes ochracea,Ochre Bracket
2f6da530-9a0d-48a1-b462-519a54b3a2ac,346617129,2026-03-28 15:09:12-06:00,2026-03-28,-105.4479616667,40.0669528333,85GP3H00+,2426.0,,0.0,27.0,0.0,7.4,,1019.0,Trametes cinnabarina,Trametes,"Lefthand Canyon Dr, Boulder, CO, US",2,False,,,16.0,16.0,precise,Fungi,Basidiomycota,Agaricomycetes,Polyporales,Polyporaceae,974663.0,species,Trametes cinnabarina,Northern Cinnabar Polypore
dd855c00-0409-47ef-83c0-6d9ec58aec03,343382917,2025-09-22 08:52:20-06:00,2025-09-22,-103.4084527195,43.7828302079,85MRQH00+,1388.0,,11.0,22.0,2.8,15.2,,1015.6,Trametes cinnabarina,Trametes,"Crazy Horse, SD 57730, USA",1,False,,,68.0,68.0,precise,Fungi,Basidiomycota,Agaricomycetes,Polyporales,Polyporaceae,974663.0,species,Trametes cinnabarina,Northern Cinnabar Polypore
524f075a-6176-4889-aefc-aaa2ee5880c1,341485222,2026-02-17 22:13:00-07:00,2026-02-17,-107.6626948473,36.8296025729,858JR800+,1760.0,,-1.0,6.0,4.0,27.2,,1010.7,Trametes cinnabarina,Trametes,"San Juan County, NM, USA",1,False,,,646.0,646.0,precise,Fungi,Basidiomycota,Agaricomycetes,Polyporales,Polyporaceae,974663.0,species,Trametes cinnabarina,Northern Cinnabar Polypore
362f0d12-ad17-4d21-a8b6-22609060d5eb,336648458,2026-01-28 16:40:05-07:00,2026-01-28,-104.8040833333,38.9632133333,85CQX500+,1998.0,,-6.0,9.0,0.0,11.8,,1020.3,Trametes cinnabarina,Trametes,"Briargate, Usaf Academy, CO, US",1,False,,,2206.0,2206.0,coarse,Fungi,Basidiomycota,Agaricomycetes,Polyporales,Polyporaceae,974663.0,species,Trametes cinnabarina,Northern Cinnabar Polypore
9c91d5ec-68a8-44b6-b896-b1706824a460,327332196,2025-09-13 08:36:05-06:00,2025-09-13,-103.8868723065,44.248846974,85PR6400+,1982.0,,13.0,25.0,0.5,9.0,,1014.8,Trametes cinnabarina,Trametes,"Central City, SD 57754, USA",1,False,,,458921.0,458921.0,coarse,Fungi,Basidiomycota,Agaricomycetes,Polyporales,Polyporaceae,974663.0,species,Trametes cinnabarina,Northern Cinnabar Polypore
1e599374-1d06-4181-957d-f246ffdf4bc6,327326074,2025-09-13 16:56:00-06:00,2025-09-13,-103.4743583333,44.230125,85PR6G00+,1350.0,,15.0,29.0,3.0,17.4,,1011.8,Trametes cinnabarina,Trametes,"Lawrence County, SD, USA",1,False,,,5.0,5.0,precise,Fungi,Basidiomycota,Agaricomycetes,Polyporales,Polyporaceae,974663.0,species,Trametes cinnabarina,Northern Cinnabar Polypore
0210f0b1-6012-43dd-9a20-7324650319de,324639037,2025-11-02 17:24:22-07:00,2025-11-02,-107.1402278333,37.328255,859J8V00+,2456.0,,-3.0,18.0,0.0,3.6,,1029.5,Trametes cinnabarina,Trametes,"Turkey Springs Rd, Pagosa Springs, CO, US",2,False,,,3.0,3.0,precise,Fungi,Basidiomycota,Agaricomycetes,Polyporales,Polyporaceae,974663.0,species,Trametes cinnabarina,Northern Cinnabar Polypore
8c8ebd37-cda1-4dfc-a32d-ef7cd080b30d,323948572,2025-10-29 14:44:00-06:00,2025-10-29,-107.1115028333,37.2700783333,859J7V00+,2267.0,,-5.0,14.0,0.0,4.7,,1031.2,Trametes cinnabarina,Trametes,"Powerline Trail, Pagosa Springs, CO, US",1,False,,,7589.0,7589.0,coarse,Fungi,Basidiomycota,Agaricomycetes,Polyporales,Polyporaceae,974663.0,species,Trametes cinnabarina,Northern Cinnabar Polypore
636adf80-ae92-4fc7-9f21-c21822eb2f5a,323849730,2025-10-25 16:19:00-06:00,2025-10-25,-105.8257005916,35.754249282,857PQ500+,2818.0,,2.0,18.0,0.0,13.9,,1021.0,Trametes ochracea,Trametes,"Santa Fe, New Mexico, United States",2,False,,,483.0,483.0,precise,Fungi,Basidiomycota,Agaricomycetes,Polyporales,Polyporaceae,118111.0,species,Trametes ochracea,Ochre Bracket
86c5e9b1-7eaa-497a-a395-37facb10db01,322511713,2025-10-15 16:50:15-06:00,2025-10-15,-104.7672416667,38.872125,85CQV600+,1974.0,,9.0,27.0,0.5,21.2,,1017.2,Trametes cinnabarina,Trametes,"Kinnickinnick Trail, Colorado Springs, CO, US",1,False,,,13.0,13.0,precise,Fungi,Basidiomycota,Agaricomycetes,Polyporales,Polyporaceae,974663.0,species,Trametes cinnabarina,Northern Cinnabar Polypore
f5778f4d-e8ab-41e6-8b01-f0e982e23a30,318677082,2025-10-04 11:50:51-06:00,2025-10-04,-106.323441,35.8798585997,857MVM00+,2200.0,,13.0,22.0,0.4,19.1,,1017.5,Trametes hirsuta,Trametes,"Los Alamos County, NM, USA",1,False,,,,,unknown,Fungi,Basidiomycota,Agaricomycetes,Polyporales,Polyporaceae,116695.0,species,Trametes hirsuta,Hairy Bracket
a2f3b050-ced6-4a16-a6a9-85183f1e6279,317391258,2025-09-28 14:28:12-06:00,2025-09-28,-107.1216971667,37.44318,859JCV00+,2653.0,,8.0,18.0,2.6,8.1,,1027.7,Trametes cinnabarina,Trametes,"County Road 634, Creede, CO, US",1,False,,,5.0,5.0,precise,Fungi,Basidiomycota,Agaricomycetes,Polyporales,Polyporaceae,974663.0,species,Trametes cinnabarina,Northern Cinnabar Polypore
5671fa70-9018-458f-93c6-1ace2f3b0299,317388652,2025-09-28 14:20:20-06:00,2025-09-28,-104.8701633333,38.7906883333,85CQQ400+,1957.0,,13.0,22.0,0.0,10.8,,1022.3,Trametes cinnabarina,Trametes,"Columbine Trail, Colorado Springs, CO, US",1,False,,,22.0,22.0,precise,Fungi,Basidiomycota,Agaricomycetes,Polyporales,Polyporaceae,974663.0,species,Trametes cinnabarina,Northern Cinnabar Polypore
6a54aa59-49c0-492d-88b1-70ff8986c86f,315911413,2025-09-22 14:24:41-06:00,2025-09-22,-105.1006471667,39.3794833333,85FP9V00+,2295.0,,10.0,23.0,2.0,10.3,,1017.6,Trametes cinnabarina,Trametes,"N State Hwy 67, Sedalia, CO, US",1,False,,,10.0,10.0,precise,Fungi,Basidiomycota,Agaricomycetes,Polyporales,Polyporaceae,974663.0,species,Trametes cinnabarina,Northern Cinnabar Polypore
f5589142-1fa3-40bd-98e1-25f1ff5ab27d,310650956,2025-08-31 19:08:33-06:00,2025-08-31,-104.8755654961,38.8284429428,85CQR400+,1940.0,,9.9,21.6,0.0,7.5,,1021.6,Trametes cinnabarina,Trametes,"Bear Creek Rd, Colorado Springs, CO, US",1,False,,,58.0,58.0,precise,Fungi,Basidiomycota,Agaricomycetes,Polyporales,Polyporaceae,974663.0,species,Trametes cinnabarina,Northern Cinnabar Polypore
6b783a6b-dcd2-437b-bb1a-d8c7d14c967a,309512240,2025-08-27 09:57:41-06:00,2025-08-27,-107.4169756997,36.2050081,858J6H00+,2096.0,,,,,,,,Trametes cinnabarina,Trametes,"Counselor, NM 87018, USA",1,False,,,,,unknown,Fungi,Basidiomycota,Agaricomycetes,Polyporales,Polyporaceae,974663.0,species,Trametes cinnabarina,Northern Cinnabar Polypore
5786f2ec-3133-48ce-97da-c2d54c415f7f,309361558,2025-08-26 09:34:46-06:00,2025-08-26,-104.9420866667,39.47953,85FQF300+,1891.0,,13.0,24.0,8.9,10.6,,1025.4,Trametes cinnabarina,Trametes,"Sedalia, CO, US",1,False,,,1244.0,1244.0,coarse,Fungi,Basidiomycota,Agaricomycetes,Polyporales,Polyporaceae,974663.0,species,Trametes cinnabarina,Northern Cinnabar Polypore
36956d01-6f92-4908-80aa-23e5e15e634d,308486291,2025-08-16 10:50:00-06:00,2025-08-16,-104.8652877,38.7909594,85CQQ400+,1924.0,,20.0,31.0,0.5,11.0,,1022.5,Trametes sanguinea,Trametes,"2120 S Cheyenne Canyon Rd, Colorado Springs, CO 80906, USA",1,False,,,78.0,78.0,precise,Fungi,Basidiomycota,Agaricomycetes,Polyporales,Polyporaceae,974664.0,species,Trametes sanguinea,Cinnabar Bracket
7dea8d8b-edfa-4ef1-a712-306fde14c91a,306325349,2025-08-14 13:47:10-06:00,2025-08-14,-103.6066174173,44.2271845386,85PR6900+,1608.0,,15.0,32.0,0.0,6.4,,1013.2,Trametes cinnabarina,Trametes,"Lawrence County, US-SD, US",2,True,obscured,,2384.0,27348.0,obscured,Fungi,Basidiomycota,Agaricomycetes,Polyporales,Polyporaceae,974663.0,species,Trametes cinnabarina,Northern Cinnabar Polypore
419e6663-11ba-447e-ac04-b2757ec38cc0,298586625,2025-07-15 10:57:45-06:00,2025-07-15,-105.338495,39.34057,85FP8M00+,2254.0,,11.0,20.0,2.2,7.0,,1015.1,Trametes cinnabarina,Trametes,"Pike and San Isabel National Forests, Bailey, CO, US",2,False,,,13.0,13.0,precise,Fungi,Basidiomycota,Agaricomycetes,Polyporales,Polyporaceae,974663.0,species,Trametes cinnabarina,Northern Cinnabar Polypore
5aa76078-475b-4731-b3aa-a550b98bf81f,298504146,2025-07-16 12:48:15-06:00,2025-07-16,-103.56523292,43.80419721,85MRRC00+,1666.0,,8.9,11.7,9.9,9.9,,1018.8,Trametes cinnabarina,Trametes,"Custer County, US-SD, US",2,False,,,4.0,4.0,precise,Fungi,Basidiomycota,Agaricomycetes,Polyporales,Polyporaceae,974663.0,species,Trametes cinnabarina,Northern Cinnabar Polypore
6a084277-ae39-4527-b681-457e3bfc9091,285239267,2025-05-29 14:44:34-06:00,2025-05-29,-105.227355,39.459325,85FPFQ00+,2174.0,,8.9,16.7,5.6,5.6,,1020.7,Trametes cinnabarina,Trametes,"S Foxton Rd, Conifer, CO, US",1,False,,,30.0,30.0,precise,Fungi,Basidiomycota,Agaricomycetes,Polyporales,Polyporaceae,974663.0,species,Trametes cinnabarina,Northern Cinnabar Polypore
e7c63ff7-0359-4767-91f4-c4efe6d2bafb,279623949,2025-05-08 16:42:37-06:00,2025-05-08,-103.5406816617,44.2578098234,85PR7F00+,1542.0,,11.0,25.0,0.6,12.9,,1020.0,Trametes cinnabarina,Trametes,"Meade County, US-SD, US",1,False,,,17.0,17.0,precise,Fungi,Basidiomycota,Agaricomycetes,Polyporales,Polyporaceae,974663.0,species,Trametes cinnabarina,Northern Cinnabar Polypore
cd1ed305-87cd-4307-9621-b6d4546884cf,278897759,2025-05-05 11:10:54-06:00,2025-05-05,-105.24752,39.4630283333,85FPFQ00+,2341.0,,7.8,15.6,17.1,28.7,,1007.4,Trametes cinnabarina,Trametes,"Oxen Draw Trail, Conifer, CO, US",2,False,,,4.0,4.0,precise,Fungi,Basidiomycota,Agaricomycetes,Polyporales,Polyporaceae,974663.0,species,Trametes cinnabarina,Northern Cinnabar Polypore
dd66b2bc-6216-4bb3-b599-93a977893e42,277501865,2025-04-30 18:33:08-06:00,2025-04-30,-104.8702416667,38.7907583333,85CQQ400+,1957.0,,7.0,16.0,1.7,12.8,,1013.6,Trametes cinnabarina,Trametes,"El Paso County, US-CO, US",1,False,,,,,unknown,Fungi,Basidiomycota,Agaricomycetes,Polyporales,Polyporaceae,974663.0,species,Trametes cinnabarina,Northern Cinnabar Polypore
95cfd46e-29db-40eb-bef0-c94bb04b0ddd,263423852,2025-02-28 14:23:01-07:00,2025-02-28,-105.2882826,39.3439318,85FP8P00+,2312.0,,-11.1,2.5,0.0,8.4,,1018.4,Trametes cinnabarina,Trametes,"Pine, CO 80470, USA",1,False,,,,,unknown,Fungi,Basidiomycota,Agaricomycetes,Polyporales,Polyporaceae,974663.0,species,Trametes cinnabarina,Northern Cinnabar Polypore
f3c2b20b-caa1-4bd9-9af4-3d6707b5f713,246579554,2024-09-25 14:08:37-06:00,2024-09-25,-104.8034095,38.915492,85CQW500+,1954.0,,5.6,26.8,0.0,14.8,,1016.3,Trametes cinnabarina,Trametes,"Colorado Springs, CO 80918, USA",1,False,,,,,unknown,Fungi,Basidiomycota,Agaricomycetes,Polyporales,Polyporaceae,974663.0,species,Trametes cinnabarina,Northern Cinnabar Polypore
e19358df-359b-43e8-80f2-dcce0268fe22,246228148,2024-08-22 10:42:00-06:00,2024-08-22,-104.8360333333,38.72845,85CQP500+,1967.0,,18.0,29.0,0.7,10.8,,1023.5,Trametes cinnabarina,Trametes,"Rock Creek, Colorado Springs, CO, USA",1,False,,,,,unknown,Fungi,Basidiomycota,Agaricomycetes,Polyporales,Polyporaceae,974663.0,species,Trametes cinnabarina,Northern Cinnabar Polypore
125f6911-d639-4b4e-a3c0-9795e76bf2ce,241732462,2024-09-14 15:22:05-06:00,2024-09-14,-106.5068221,39.6237039,85FMJF00+,2294.0,,7.0,17.0,0.0,12.2,,1034.4,Trametes ochracea,Trametes,"Eagle-Vail, CO, USA",1,False,,,26.0,26.0,precise,Fungi,Basidiomycota,Agaricomycetes,Polyporales,Polyporaceae,118111.0,species,Trametes ochracea,Ochre Bracket
9990f843-3a57-4ee7-b227-c1e2f36d895e,240552287,2024-09-06 11:09:57-06:00,2024-09-06,-105.2240883333,36.5327716667,858PGQ00+,2505.0,,3.9,20.9,0.0,2.9,,1036.8,Trametes pubescens,Trametes,"Tolby Creek Trail, Ute Park, NM, US",1,False,,,200.0,200.0,precise,Fungi,Basidiomycota,Agaricomycetes,Polyporales,Polyporaceae,203711.0,species,Trametes pubescens,white-rot fungus
4934ed7f-d752-48b0-a514-05be7fe8019a,235971571,2024-08-15 13:04:05-06:00,2024-08-15,-105.247467212,39.4629183134,85FPFQ00+,2341.0,,15.6,27.8,,10.9,,1016.1,Trametes cinnabarina,Trametes,"Oxen Draw Trail, Conifer, CO, US",5,False,,open,4.0,4.0,precise,Fungi,Basidiomycota,Agaricomycetes,Polyporales,Polyporaceae,974663.0,species,Trametes cinnabarina,Northern Cinnabar Polypore
e47e1132-c646-4b76-93d7-8388f06df299,235643731,2024-08-13 16:17:22-06:00,2024-08-13,-105.273,39.545,85FPGP00+,2415.0,,16.7,28.3,,10.9,,1013.8,Trametes cinnabarina,Trametes,"Jefferson County, US-CO, US",1,False,,,25.0,25.0,precise,Fungi,Basidiomycota,Agaricomycetes,Polyporales,Polyporaceae,974663.0,species,Trametes cinnabarina,Northern Cinnabar Polypore
1ad7bc15-4d86-46a3-92e1-19cce6bde11d,224515964,2024-06-22 16:37:48-06:00,2024-06-22,-105.3078909805,39.4663479065,85FPFM00+,2459.0,,12.8,31.7,,11.2,,1015.6,Trametes hirsuta,Trametes,"S Baird Rd, Conifer, CO, US",1,False,,,31.0,31.0,precise,Fungi,Basidiomycota,Agaricomycetes,Polyporales,Polyporaceae,116695.0,species,Trametes hirsuta,Hairy Bracket
e0031e80-0922-47b3-9514-9becc5b7c4a8,223180248,2024-06-15 15:59:35-06:00,2024-06-15,-105.3065333333,39.4662216667,85FPFM00+,2459.0,,12.2,30.0,,9.7,,1007.5,Trametes hirsuta,Trametes,"S Baird Rd, Conifer, CO, US",1,False,,,103.0,103.0,precise,Fungi,Basidiomycota,Agaricomycetes,Polyporales,Polyporaceae,116695.0,species,Trametes hirsuta,Hairy Bracket
f1565c2c-224f-4e88-b9cf-23a34d792432,221924360,2024-06-08 10:48:00-06:00,2024-06-08,-105.5144977,36.6805799,858PMF00+,2404.0,,10.0,31.7,0.0,14.0,,1013.3,Trametes hirsuta,Trametes,"Columbine Campground, 184 NM-38, Red River, NM 87558, USA",1,False,,,193.0,193.0,precise,Fungi,Basidiomycota,Agaricomycetes,Polyporales,Polyporaceae,116695.0,species,Trametes hirsuta,Hairy Bracket
5adf1e02-f14c-47b9-8a48-0c6364b37ab4,221469828,2024-06-08 13:43:29-06:00,2024-06-08,-105.49590962,36.09207608,858P3G00+,2843.0,,4.1,27.5,0.1,11.0,,1024.6,Trametes hirsuta,Trametes,"Taos County, US-NM, US",1,False,,,7.0,7.0,precise,Fungi,Basidiomycota,Agaricomycetes,Polyporales,Polyporaceae,116695.0,species,Trametes hirsuta,Hairy Bracket
70b2f258-90ef-4a3d-9f59-59eb87e6a260,200198537,2023-11-22 15:23:28-07:00,2023-11-22,-103.3647466667,44.0172888333,85PR2J00+,1229.0,,-1.6,18.3,0.0,21.2,,1016.1,Trametes cinnabarina,Trametes,"Black Hills National Forest, Rapid City, SD, US",1,False,,,4.0,4.0,precise,Fungi,Basidiomycota,Agaricomycetes,Polyporales,Polyporaceae,974663.0,species,Trametes cinnabarina,Northern Cinnabar Polypore
f9d21e34-bc2a-407b-a569-dddf46e6d360,195397747,2022-08-08 11:28:00-06:00,2022-08-08,-108.3383552123,37.3113800231,859H8M00+,2049.0,,13.0,32.0,0.1,9.6,,1025.0,Trametes sp. 'cinnabarina-CO01',Trametes,"Montezuma County, CO, USA",2,False,,,33087.0,33087.0,coarse,Fungi,Basidiomycota,Agaricomycetes,Polyporales,Polyporaceae,1678180.0,species,Trametes sp. 'cinnabarina-CO01',
75b80ece-67a0-4569-8c80-45c3312217f2,182870058,2023-08-31 13:54:00-06:00,2023-08-31,-105.4392059722,40.0681859722,85GP3H00+,2386.0,,17.0,35.0,0.0,5.8,,1016.0,Trametes cinnabarina,Trametes,"Boulder County, CO, USA",1,False,,,,,unknown,Fungi,Basidiomycota,Agaricomycetes,Polyporales,Polyporaceae,974663.0,species,Trametes cinnabarina,Northern Cinnabar Polypore
fa462925-2c26-4586-a153-f3eb92976dc3,166291543,2023-06-07 12:56:44-06:00,2023-06-07,-105.336205,39.3424716667,85FP8M00+,2242.0,,0.2,11.1,4.0,8.2,,1015.1,Trametes cinnabarina,Trametes,"Pike and San Isabel National Forests, Sedalia, CO, US",1,False,,,4.0,4.0,precise,Fungi,Basidiomycota,Agaricomycetes,Polyporales,Polyporaceae,974663.0,species,Trametes cinnabarina,Northern Cinnabar Polypore
21f63987-f989-4e79-8060-eb80b5df08b4,166184576,2023-06-07 13:49:08-06:00,2023-06-07,-105.2197377384,39.5939685375,85FPHQ00+,2100.0,,8.3,22.2,0.0,10.3,,1012.5,Trametes cinnabarina,Trametes,Turkey creek park,1,False,,,198.0,198.0,precise,Fungi,Basidiomycota,Agaricomycetes,Polyporales,Polyporaceae,974663.0,species,Trametes cinnabarina,Northern Cinnabar Polypore
c60730e9-c98b-4fe7-b481-7c59f3f2151e,164320111,2023-05-28 16:30:25-06:00,2023-05-28,-109.08619417,38.33039356,85CG8W00+,1902.0,,6.3,25.9,0.0,13.6,,1010.3,Trametes cinnabarina,Trametes,"La Sal, UT 84530, USA",1,False,,,24.0,24.0,precise,Fungi,Basidiomycota,Agaricomycetes,Polyporales,Polyporaceae,974663.0,species,Trametes cinnabarina,Northern Cinnabar Polypore
bfbed114-6ae5-4586-8b4b-4d4b2cc97b60,157231649,2023-04-28 12:28:48-06:00,2023-04-28,-105.2917216905,39.9826637144,85FPXP00+,2161.0,,2.0,14.0,1.1,8.2,,1022.2,Trametes cinnabarina,Trametes,"Boulder Mountain Park, Boulder, CO, US",1,False,,,14.0,14.0,precise,Fungi,Basidiomycota,Agaricomycetes,Polyporales,Polyporaceae,974663.0,species,Trametes cinnabarina,Northern Cinnabar Polypore
5f69cde1-bdcf-488f-bab7-bc20a2d29d7c,156832389,2023-04-26 11:29:09-06:00,2023-04-26,-107.289895,39.5782666667,85FJHP00+,1985.0,,-8.0,1.9,0.2,8.8,,1018.5,Trametes cinnabarina,Trametes,"White River National Forest, Gypsum, CO, US",2,False,,,84.0,84.0,precise,Fungi,Basidiomycota,Agaricomycetes,Polyporales,Polyporaceae,974663.0,species,Trametes cinnabarina,Northern Cinnabar Polypore
2bd37bb1-6f7d-4ac0-b64c-641d50188060,139331129,2020-07-19 12:35:48-06:00,2020-07-19,-104.7349110246,39.0173183123,85FQ2700+,2226.0,,12.7,27.2,,13.3,,1013.6,Trametes cinnabarina,Trametes,"Colorado Springs, CO 80908, USA",1,False,,,2207.0,2207.0,coarse,Fungi,Basidiomycota,Agaricomycetes,Polyporales,Polyporaceae,974663.0,species,Trametes cinnabarina,Northern Cinnabar Polypore
3c1c44e5-290b-40e8-8ad5-6889ce515bba,133216956,2022-08-31 13:20:44-06:00,2022-08-31,-103.4813833333,43.8811283333,85MRVG00+,1615.0,,13.3,28.9,,8.0,,1018.2,Trametes betulina,Trametes,"Black Hills National Forest, Keystone, SD, US",1,False,,,4.0,4.0,precise,Fungi,Basidiomycota,Agaricomycetes,Polyporales,Polyporaceae,786918.0,species,Trametes betulina,Gilled Polypore
a920463d-d9d8-4728-8d4a-4c24a72125c7,131650622,2022-08-20 10:36:00-06:00,2022-08-20,-104.904356,39.0910799722,85FQ3300+,2213.0,,12.5,20.5,,12.9,,1017.9,Trametes cinnabarina,Trametes,"El Paso County, CO, USA",1,False,,,,,unknown,Fungi,Basidiomycota,Agaricomycetes,Polyporales,Polyporaceae,974663.0,species,Trametes cinnabarina,Northern Cinnabar Polypore
b38b9262-7fc1-4741-9afa-ccd82bad2e69,131589876,2017-12-12,2017-12-12,-105.8997,35.7135,857PP400+,2357.0,,-5.6,11.7,0.0,12.1,,1029.2,Trametes cinnabarina,Trametes,"Dale Ball Trail, Santa Fe, New Mexico, USA",2,False,,,20.0,20.0,precise,Fungi,Basidiomycota,Agaricomycetes,Polyporales,Polyporaceae,974663.0,species,Trametes cinnabarina,Northern Cinnabar Polypore
73976c2f-b656-4cfd-9836-79fc8461d312,55197403,2020-08-02 10:35:41-06:00,2020-08-02,-105.38510505,39.56816858,85FPHJ00+,2576.0,,,,,11.0,,,Trametes cinnabarina,Trametes,"Jefferson County, US-CO, US",1,False,,,3.0,3.0,precise,Fungi,Basidiomycota,Agaricomycetes,Polyporales,Polyporaceae,974663.0,species,Trametes cinnabarina,Northern Cinnabar Polypore
35957163-ce00-4764-803b-3e29bc782ad7,41910231,2020-04-07 16:24:43-06:00,2020-04-07,-103.43091667,43.84962,85MRRH00+,1452.0,,,,,16.4,,,Trametes cinnabarina,Trametes,"Black Hills National Forest, Custer, SD, US",1,False,,,30.0,30.0,precise,Fungi,Basidiomycota,Agaricomycetes,Polyporales,Polyporaceae,974663.0,species,Trametes cinnabarina,Northern Cinnabar Polypore
4d9bc6e4-d7e0-4e4e-96f8-87ab4f64f49f,33177049,2019-09-20 15:26:11-06:00,2019-09-20,-103.3857920766,44.1803355031,85PR5J00+,1349.0,,13.9,26.1,1.5,14.4,,1004.9,Trametes betulina,Trametes,"Summerset, SD 57718, USA",2,False,,,526.0,526.0,precise,Fungi,Basidiomycota,Agaricomycetes,Polyporales,Polyporaceae,786918.0,species,Trametes betulina,Gilled Polypore
a540e9c1-21a0-4b2c-9dbe-d282a7101d1f,32135526,2019-08-24,2019-08-24,-104.83288,38.729155,85CQP500+,1909.0,,10.1,29.9,,8.8,,1013.9,Trametes cinnabarina,Trametes,Cheyenne Mountain State Park ,1,False,,,,,unknown,Fungi,Basidiomycota,Agaricomycetes,Polyporales,Polyporaceae,974663.0,species,Trametes cinnabarina,Northern Cinnabar Polypore
aa955bf6-d31f-44ad-9072-7881bb9c0326,31286689,2019-08-21 15:58:05-06:00,2019-08-21,-103.830247149,43.9012846777,85MRW500+,2004.0,,12.8,21.1,0.0,11.3,,1018.1,Trametes betulina,Trametes,United States,1,True,obscured,,1077016.0,1077016.0,obscured,Fungi,Basidiomycota,Agaricomycetes,Polyporales,Polyporaceae,786918.0,species,Trametes betulina,Gilled Polypore
aac2caab-3b4a-46b7-87f2-bfa8318687f8,9048871,2017-12-04 14:28:03-07:00,2017-12-04,-104.8993383333,39.0246695,85FQ2400+,2191.0,,-11.8,9.7,,22.9,,1011.5,Trametes cinnabarina,Trametes,"U.S. Air Force Academy, U S A F Academy, CO, US",1,False,,,5.0,5.0,precise,Fungi,Basidiomycota,Agaricomycetes,Polyporales,Polyporaceae,974663.0,species,Trametes cinnabarina,Northern Cinnabar Polypore
e5cfb391-c668-4957-9171-3081fdd1a7f0,5856114,2017-03-25 13:57:51+06:00,2017-03-25,-103.485736884,44.2813071767,85PR7G00+,1290.0,,4.0,15.0,,10.7,,,Trametes cinnabarina,Trametes,"Piedmont, SD 57769",1,False,,,2752.0,2752.0,coarse,Fungi,Basidiomycota,Agaricomycetes,Polyporales,Polyporaceae,974663.0,species,Trametes cinnabarina,Northern Cinnabar Polypore
