{"type": "FeatureCollection", "features": [{"type": "Feature", "geometry": {"type": "Point", "coordinates": [-121.7936, 45.2976]}, "properties": {"species": "Aureoboletus mirabilis", "date": "2007-08-09", "location": "Clackamas County, Oregon, USA", "elevation": 1250.0, "land_cover_label": "Tree cover", "water_mask": false, "exclude_reason": "keep", "ndvi": null, "soil_moisture": null, "solar_exposure": null, "wind_exposure": null, "water_retention": null, "slope": null, "aspect": null, "num_identification_agreements": 1, "cluster": 0, "tavg": null, "tmin": null, "tmax": null, "prcp_d0": 0.0, "prcp_d1": 0.0, "prcp_d2": 0.0, "prcp_d3": 0.0, "prcp_d4": 0.0, "prcp_d5": 0.0, "prcp_d6": 0.0, "tmax_d0": 17.9, "tmax_d1": 18.2, "tmax_d2": 17.7, "tmax_d3": 20.0, "tmax_d4": 20.8, "tmax_d5": 19.2, "tmax_d6": 24.1, "tmin_d0": 6.5, "tmin_d1": 9.3, "tmin_d2": 9.6, "tmin_d3": 8.0, "tmin_d4": 7.7, "tmin_d5": 7.2, "tmin_d6": 8.9, "day_of_year": 221, "uuid": "4f8dac8a-ac15-48de-9277-0f47af3d7e33", "inat_id": 337499283}}, {"type": "Feature", "geometry": {"type": "Point", "coordinates": [-122.0410899093, 44.8315879051]}, "properties": {"species": "Aureoboletus mirabilis", "date": "2007-08-28", "location": "Marion County, OR, USA", "elevation": 1095.0, "land_cover_label": "Tree cover", "water_mask": false, "exclude_reason": "keep", "ndvi": null, "soil_moisture": null, "solar_exposure": null, "wind_exposure": null, "water_retention": null, "slope": null, "aspect": null, "num_identification_agreements": 1, "cluster": 0, "tavg": null, "tmin": null, "tmax": null, "prcp_d0": 0.0, "prcp_d1": 0.0, "prcp_d2": 3.3325438499450684, "prcp_d3": 0.0, "prcp_d4": 0.0, "prcp_d5": 0.0, "prcp_d6": 0.0, "tmax_d0": 25.5, "tmax_d1": 19.8, "tmax_d2": 18.7, "tmax_d3": 24.1, "tmax_d4": 25.5, "tmax_d5": 23.9, "tmax_d6": 21.0, "tmin_d0": 7.2, "tmin_d1": 4.9, "tmin_d2": 9.6, "tmin_d3": 8.4, "tmin_d4": 9.5, "tmin_d5": 9.9, "tmin_d6": 9.6, "day_of_year": 240, "uuid": "f1feb08b-7c8d-44e9-a133-8f91b820bf70", "inat_id": 46165679}}, {"type": "Feature", "geometry": {"type": "Point", "coordinates": [-121.8550777562, 44.8568884129]}, "properties": {"species": "Aureoboletus mirabilis", "date": "2011-10-21", "location": "Marion County, OR, USA", "elevation": 1228.0, "land_cover_label": "Tree cover", "water_mask": false, "exclude_reason": "keep", "ndvi": null, "soil_moisture": null, "solar_exposure": null, "wind_exposure": null, "water_retention": null, "slope": null, "aspect": null, "num_identification_agreements": 3, "cluster": 0, "tavg": null, "tmin": null, "tmax": null, "prcp_d0": 0.0, "prcp_d1": 0.0, "prcp_d2": 0.0, "prcp_d3": 0.0, "prcp_d4": 0.0, "prcp_d5": 0.0, "prcp_d6": 0.0, "tmax_d0": 12.1, "tmax_d1": 14.1, "tmax_d2": 13.2, "tmax_d3": 14.9, "tmax_d4": 16.6, "tmax_d5": 13.2, "tmax_d6": 14.2, "tmin_d0": 3.8, "tmin_d1": 3.4, "tmin_d2": 5.5, "tmin_d3": 3.2, "tmin_d4": -0.1, "tmin_d5": 5.2, "tmin_d6": 6.0, "day_of_year": 294, "uuid": "f70600eb-d2af-4cb4-a7a1-5901251cf497", "inat_id": 66602056}}, {"type": "Feature", "geometry": {"type": "Point", "coordinates": [-122.0927235923, 45.5290882716]}, "properties": {"species": "Aureoboletus mirabilis", "date": "2013-10-11", "location": "Multnomah County, OR, USA", "elevation": 1130.0, "land_cover_label": "Tree cover", "water_mask": false, "exclude_reason": "keep", "ndvi": null, "soil_moisture": null, "solar_exposure": null, "wind_exposure": null, "water_retention": null, "slope": null, "aspect": null, "num_identification_agreements": 1, "cluster": 0, "tavg": null, "tmin": 9.4, "tmax": 14.4, "prcp_d0": 6.131321907043457, "prcp_d1": 0.0, "prcp_d2": 0.0, "prcp_d3": 9.518704414367676, "prcp_d4": 5.512699604034424, "prcp_d5": 0.0, "prcp_d6": 0.0, "tmax_d0": 6.2, "tmax_d1": 8.6, "tmax_d2": 9.6, "tmax_d3": 4.6, "tmax_d4": 14.6, "tmax_d5": 16.2, "tmax_d6": 15.3, "tmin_d0": 1.9, "tmin_d1": -0.7, "tmin_d2": -2.2, "tmin_d3": 2.2, "tmin_d4": 4.3, "tmin_d5": 3.1, "tmin_d6": 1.5, "day_of_year": 284, "uuid": "607eef29-24d5-4810-b9a0-508d31b9d2d5", "inat_id": 384618449}}, {"type": "Feature", "geometry": {"type": "Point", "coordinates": [-122.21, 44.84]}, "properties": {"species": "Aureoboletus mirabilis", "date": "2013-10-21", "location": "Opal Creek, Jaw Bone Flats, OR", "elevation": 979.0, "land_cover_label": "Tree cover", "water_mask": false, "exclude_reason": "keep", "ndvi": null, "soil_moisture": null, "solar_exposure": null, "wind_exposure": null, "water_retention": null, "slope": null, "aspect": null, "num_identification_agreements": 2, "cluster": 0, "tavg": null, "tmin": null, "tmax": null, "prcp_d0": 0.0, "prcp_d1": 0.0, "prcp_d2": 0.0, "prcp_d3": 0.0, "prcp_d4": 0.0, "prcp_d5": 0.0, "prcp_d6": 0.0, "tmax_d0": 20.0, "tmax_d1": 18.7, "tmax_d2": 17.9, "tmax_d3": 17.8, "tmax_d4": 16.0, "tmax_d5": 14.8, "tmax_d6": 14.5, "tmin_d0": 6.5, "tmin_d1": 2.1, "tmin_d2": 3.5, "tmin_d3": 4.3, "tmin_d4": 2.0, "tmin_d5": 2.0, "tmin_d6": 1.8, "day_of_year": 294, "uuid": "7e14db3a-1823-40a8-95e2-05f441d06b56", "inat_id": 440048}}, {"type": "Feature", "geometry": {"type": "Point", "coordinates": [-121.8898360804, 44.8306389527]}, "properties": {"species": "Aureoboletus mirabilis", "date": "2016-10-15", "location": "Marion County, OR, USA", "elevation": 1100.0, "land_cover_label": "Tree cover", "water_mask": false, "exclude_reason": "keep", "ndvi": null, "soil_moisture": null, "solar_exposure": null, "wind_exposure": null, "water_retention": null, "slope": null, "aspect": null, "num_identification_agreements": 1, "cluster": 1, "tavg": null, "tmin": null, "tmax": null, "prcp_d0": 5.710995674133301, "prcp_d1": 22.843982696533203, "prcp_d2": 28.554981231689453, "prcp_d3": 0.0, "prcp_d4": 0.0, "prcp_d5": 0.0, "prcp_d6": 0.0, "tmax_d0": 8.2, "tmax_d1": 10.3, "tmax_d2": 15.5, "tmax_d3": 17.2, "tmax_d4": 11.7, "tmax_d5": 14.0, "tmax_d6": 15.9, "tmin_d0": 5.9, "tmin_d1": 5.1, "tmin_d2": 7.7, "tmin_d3": 0.6, "tmin_d4": 1.1, "tmin_d5": 6.0, "tmin_d6": 8.9, "day_of_year": 289, "uuid": "c94291e3-5916-4445-be9b-c040cd077061", "inat_id": 181661128}}, {"type": "Feature", "geometry": {"type": "Point", "coordinates": [-121.795, 45.30895]}, "properties": {"species": "Aureoboletus mirabilis", "date": "2018-09-22", "location": "Barlow Trail, Laurel Ridge, Government Camp, Zigzag Ranger District, Mount Hood National Forest, Clackamas Co., Oregon, USA", "elevation": 1029.0, "land_cover_label": "Tree cover", "water_mask": false, "exclude_reason": "keep", "ndvi": null, "soil_moisture": null, "solar_exposure": null, "wind_exposure": null, "water_retention": null, "slope": null, "aspect": null, "num_identification_agreements": 2, "cluster": 0, "tavg": null, "tmin": null, "tmax": null, "prcp_d0": 6.330986022949219, "prcp_d1": 0.0, "prcp_d2": 0.0, "prcp_d3": 0.0, "prcp_d4": 0.0, "prcp_d5": 0.0, "prcp_d6": 8.477232933044434, "tmax_d0": 16.3, "tmax_d1": 19.5, "tmax_d2": 14.4, "tmax_d3": 13.0, "tmax_d4": 16.6, "tmax_d5": 14.7, "tmax_d6": 10.7, "tmin_d0": 8.9, "tmin_d1": 8.2, "tmin_d2": 5.6, "tmin_d3": 5.5, "tmin_d4": 3.9, "tmin_d5": 0.5, "tmin_d6": 5.9, "day_of_year": 265, "uuid": "444e8ce7-17ce-4410-8be0-08f107ee30d4", "inat_id": 16823730}}, {"type": "Feature", "geometry": {"type": "Point", "coordinates": [-121.792, 45.313]}, "properties": {"species": "Aureoboletus mirabilis", "date": "2018-10-02", "location": "Little Zigzag Falls Trail, Zigzag Ranger District, Mount Hood National Forest, Clackamas Co., Oregon, USA", "elevation": 1001.0, "land_cover_label": "Tree cover", "water_mask": false, "exclude_reason": "keep", "ndvi": null, "soil_moisture": null, "solar_exposure": null, "wind_exposure": null, "water_retention": null, "slope": null, "aspect": null, "num_identification_agreements": 2, "cluster": 0, "tavg": null, "tmin": null, "tmax": null, "prcp_d0": 0.0, "prcp_d1": 0.0, "prcp_d2": 8.387582778930664, "prcp_d3": 0.0, "prcp_d4": 0.0, "prcp_d5": 0.0, "prcp_d6": 0.0, "tmax_d0": 12.8, "tmax_d1": 16.8, "tmax_d2": 13.8, "tmax_d3": 22.6, "tmax_d4": 23.3, "tmax_d5": 26.2, "tmax_d6": 24.9, "tmin_d0": 7.3, "tmin_d1": 8.0, "tmin_d2": 6.5, "tmin_d3": 8.9, "tmin_d4": 10.6, "tmin_d5": 12.4, "tmin_d6": 8.4, "day_of_year": 275, "uuid": "f090f8a6-7c07-4b37-8d4c-2692ba3d105a", "inat_id": 17227461}}, {"type": "Feature", "geometry": {"type": "Point", "coordinates": [-121.81, 45.31605]}, "properties": {"species": "Aureoboletus mirabilis", "date": "2018-10-31", "location": "SW Mount Hood, Clackamas Co., Oregon, USA", "elevation": 916.0, "land_cover_label": "Tree cover", "water_mask": false, "exclude_reason": "keep", "ndvi": null, "soil_moisture": null, "solar_exposure": null, "wind_exposure": null, "water_retention": null, "slope": null, "aspect": null, "num_identification_agreements": 2, "cluster": 1, "tavg": null, "tmin": null, "tmax": null, "prcp_d0": 0.0, "prcp_d1": 0.0, "prcp_d2": 42.974151611328125, "prcp_d3": 42.974151611328125, "prcp_d4": 0.0, "prcp_d5": 0.0, "prcp_d6": 0.0, "tmax_d0": 9.8, "tmax_d1": 8.3, "tmax_d2": 6.4, "tmax_d3": 12.1, "tmax_d4": 14.7, "tmax_d5": 11.9, "tmax_d6": 12.0, "tmin_d0": 4.4, "tmin_d1": 3.4, "tmin_d2": 3.0, "tmin_d3": 5.9, "tmin_d4": 4.9, "tmin_d5": 7.7, "tmin_d6": 5.0, "day_of_year": 304, "uuid": "265962ea-2e25-4f23-b16f-936a19daadb2", "inat_id": 19797834}}, {"type": "Feature", "geometry": {"type": "Point", "coordinates": [-121.81, 45.31605]}, "properties": {"species": "Aureoboletus mirabilis", "date": "2019-07-17", "location": "SW Mount Hood, Clackamas Co., Oregon, USA", "elevation": 916.0, "land_cover_label": "Tree cover", "water_mask": false, "exclude_reason": "keep", "ndvi": null, "soil_moisture": null, "solar_exposure": null, "wind_exposure": null, "water_retention": null, "slope": null, "aspect": null, "num_identification_agreements": 2, "cluster": 0, "tavg": null, "tmin": null, "tmax": null, "prcp_d0": 0.0, "prcp_d1": 0.0, "prcp_d2": 0.0, "prcp_d3": 0.0, "prcp_d4": 0.0, "prcp_d5": 0.0, "prcp_d6": 0.0, "tmax_d0": 18.5, "tmax_d1": 19.1, "tmax_d2": 20.1, "tmax_d3": 21.2, "tmax_d4": 18.8, "tmax_d5": 21.0, "tmax_d6": 19.6, "tmin_d0": 10.4, "tmin_d1": 10.8, "tmin_d2": 10.5, "tmin_d3": 9.7, "tmin_d4": 11.6, "tmin_d5": 10.8, "tmin_d6": 12.6, "day_of_year": 198, "uuid": "7b2f797d-e23e-485e-81f7-dbc00b1711b1", "inat_id": 29327864}}, {"type": "Feature", "geometry": {"type": "Point", "coordinates": [-121.8004074097, 45.3607406616]}, "properties": {"species": "Aureoboletus mirabilis", "date": "2019-07-22", "location": "Zigzag, OR 97049, USA", "elevation": 966.0, "land_cover_label": "Tree cover", "water_mask": false, "exclude_reason": "keep", "ndvi": null, "soil_moisture": null, "solar_exposure": null, "wind_exposure": null, "water_retention": null, "slope": null, "aspect": null, "num_identification_agreements": 2, "cluster": 0, "tavg": null, "tmin": null, "tmax": null, "prcp_d0": 0.0, "prcp_d1": 0.0, "prcp_d2": 0.0, "prcp_d3": 0.0, "prcp_d4": 0.0, "prcp_d5": 0.0, "prcp_d6": 0.0, "tmax_d0": 24.5, "tmax_d1": 25.5, "tmax_d2": 23.3, "tmax_d3": 15.0, "tmax_d4": 14.9, "tmax_d5": 18.2, "tmax_d6": 18.8, "tmin_d0": 11.1, "tmin_d1": 9.5, "tmin_d2": 6.2, "tmin_d3": 6.1, "tmin_d4": 9.6, "tmin_d5": 10.1, "tmin_d6": 10.5, "day_of_year": 203, "uuid": "5fa338ab-8633-4a58-915e-e07683fc9ac5", "inat_id": 29357432}}, {"type": "Feature", "geometry": {"type": "Point", "coordinates": [-121.77362, 45.3714166667]}, "properties": {"species": "Aureoboletus mirabilis", "date": "2019-08-07", "location": "Mt. Hood National Forest, Rhododendron, OR, US", "elevation": 1198.0, "land_cover_label": "Tree cover", "water_mask": false, "exclude_reason": "keep", "ndvi": null, "soil_moisture": null, "solar_exposure": null, "wind_exposure": null, "water_retention": null, "slope": null, "aspect": null, "num_identification_agreements": 2, "cluster": 0, "tavg": null, "tmin": null, "tmax": null, "prcp_d0": 0.0, "prcp_d1": 0.0, "prcp_d2": 0.0, "prcp_d3": 0.0, "prcp_d4": 0.0, "prcp_d5": 0.0, "prcp_d6": 0.0, "tmax_d0": 23.0, "tmax_d1": 25.3, "tmax_d2": 26.5, "tmax_d3": 26.9, "tmax_d4": 23.7, "tmax_d5": 22.6, "tmax_d6": 23.1, "tmin_d0": 12.6, "tmin_d1": 12.9, "tmin_d2": 13.6, "tmin_d3": 11.7, "tmin_d4": 8.1, "tmin_d5": 9.8, "tmin_d6": 10.1, "day_of_year": 219, "uuid": "1ad27393-4531-45a6-9011-6547a80e8869", "inat_id": 30510397}}, {"type": "Feature", "geometry": {"type": "Point", "coordinates": [-121.7265, 45.2809]}, "properties": {"species": "Aureoboletus mirabilis", "date": "2019-09-16", "location": "Zigzag Ranger District portion in Clackamas Co., Mount Hood National Forest, Clackamas Co., Oregon, USA", "elevation": 1107.0, "land_cover_label": "Tree cover", "water_mask": false, "exclude_reason": "keep", "ndvi": null, "soil_moisture": null, "solar_exposure": null, "wind_exposure": null, "water_retention": null, "slope": null, "aspect": null, "num_identification_agreements": 2, "cluster": 0, "tavg": null, "tmin": null, "tmax": null, "prcp_d0": 0.0, "prcp_d1": 0.0, "prcp_d2": 0.0, "prcp_d3": 0.0, "prcp_d4": 0.0, "prcp_d5": 0.0, "prcp_d6": 0.0, "tmax_d0": 11.3, "tmax_d1": 16.1, "tmax_d2": 17.4, "tmax_d3": 18.6, "tmax_d4": 21.2, "tmax_d5": 17.4, "tmax_d6": 13.5, "tmin_d0": 6.1, "tmin_d1": 8.9, "tmin_d2": 9.3, "tmin_d3": 10.0, "tmin_d4": 9.1, "tmin_d5": 7.7, "tmin_d6": 7.9, "day_of_year": 259, "uuid": "d63f2281-c8e7-457c-a1b1-a036b3bfe3f0", "inat_id": 65245686}}, {"type": "Feature", "geometry": {"type": "Point", "coordinates": [-121.7946713205, 45.5852398467]}, "properties": {"species": "Aureoboletus mirabilis", "date": "2019-09-24", "location": "Mt. Hood National Forest, Cascade Locks, OR, US", "elevation": 1157.0, "land_cover_label": "Tree cover", "water_mask": false, "exclude_reason": "keep", "ndvi": null, "soil_moisture": null, "solar_exposure": null, "wind_exposure": null, "water_retention": null, "slope": null, "aspect": null, "num_identification_agreements": 1, "cluster": 0, "tavg": null, "tmin": 15.6, "tmax": 23.3, "prcp_d0": 0.0, "prcp_d1": 0.0, "prcp_d2": 0.0, "prcp_d3": 0.0, "prcp_d4": 0.0, "prcp_d5": 0.0, "prcp_d6": 0.0, "tmax_d0": 13.6, "tmax_d1": 10.8, "tmax_d2": 13.1, "tmax_d3": 14.9, "tmax_d4": 11.0, "tmax_d5": 10.8, "tmax_d6": 9.8, "tmin_d0": 8.0, "tmin_d1": 5.5, "tmin_d2": 7.9, "tmin_d3": 7.0, "tmin_d4": 6.3, "tmin_d5": 4.1, "tmin_d6": 4.8, "day_of_year": 267, "uuid": "f9b69d4f-9690-42c1-b3b6-3e371ea17bad", "inat_id": 33374386}}, {"type": "Feature", "geometry": {"type": "Point", "coordinates": [-121.7255542609, 45.266839502]}, "properties": {"species": "Aureoboletus mirabilis", "date": "2019-09-24", "location": "Mt. Hood National Forest, Government Camp, OR, US", "elevation": 1268.0, "land_cover_label": "Tree cover", "water_mask": false, "exclude_reason": "keep", "ndvi": null, "soil_moisture": null, "solar_exposure": null, "wind_exposure": null, "water_retention": null, "slope": null, "aspect": null, "num_identification_agreements": 2, "cluster": 0, "tavg": null, "tmin": null, "tmax": null, "prcp_d0": 0.0, "prcp_d1": 0.0, "prcp_d2": 0.0, "prcp_d3": 0.0, "prcp_d4": 0.0, "prcp_d5": 0.0, "prcp_d6": 0.0, "tmax_d0": 13.6, "tmax_d1": 11.4, "tmax_d2": 14.1, "tmax_d3": 15.8, "tmax_d4": 10.8, "tmax_d5": 10.7, "tmax_d6": 9.4, "tmin_d0": 7.9, "tmin_d1": 5.5, "tmin_d2": 7.2, "tmin_d3": 7.5, "tmin_d4": 6.1, "tmin_d5": 3.1, "tmin_d6": 4.3, "day_of_year": 267, "uuid": "9fdef52f-ead6-41ab-8386-e7c0424adbd6", "inat_id": 33348553}}, {"type": "Feature", "geometry": {"type": "Point", "coordinates": [-122.3467416667, 44.83522]}, "properties": {"species": "Aureoboletus mirabilis", "date": "2019-09-29", "location": "Willamette National Forest, Lyons, OR, US", "elevation": 429.0, "land_cover_label": "Tree cover", "water_mask": false, "exclude_reason": "keep", "ndvi": null, "soil_moisture": null, "solar_exposure": null, "wind_exposure": null, "water_retention": null, "slope": null, "aspect": null, "num_identification_agreements": 2, "cluster": 0, "tavg": null, "tmin": null, "tmax": null, "prcp_d0": 0.0, "prcp_d1": 0.0, "prcp_d2": 0.0, "prcp_d3": 0.0, "prcp_d4": 0.0, "prcp_d5": 0.0, "prcp_d6": 0.0, "tmax_d0": 10.9, "tmax_d1": 12.0, "tmax_d2": 15.8, "tmax_d3": 19.5, "tmax_d4": 21.0, "tmax_d5": 18.6, "tmax_d6": 17.3, "tmin_d0": 3.4, "tmin_d1": 6.1, "tmin_d2": 10.6, "tmin_d3": 9.4, "tmin_d4": 8.5, "tmin_d5": 13.2, "tmin_d6": 11.4, "day_of_year": 272, "uuid": "58928500-981e-4a1a-b242-da0e0af2cca8", "inat_id": 33628256}}, {"type": "Feature", "geometry": {"type": "Point", "coordinates": [-121.8147277778, 45.3153194444]}, "properties": {"species": "Aureoboletus mirabilis", "date": "2019-10-05", "location": "Clackamas, Oregon, United States", "elevation": 915.0, "land_cover_label": "Tree cover", "water_mask": false, "exclude_reason": "keep", "ndvi": null, "soil_moisture": null, "solar_exposure": null, "wind_exposure": null, "water_retention": null, "slope": null, "aspect": null, "num_identification_agreements": 2, "cluster": 0, "tavg": null, "tmin": null, "tmax": null, "prcp_d0": 0.0, "prcp_d1": 4.169913768768311, "prcp_d2": 9.204296112060549, "prcp_d3": 0.0, "prcp_d4": 0.0, "prcp_d5": 0.0, "prcp_d6": 0.0, "tmax_d0": 11.7, "tmax_d1": 8.4, "tmax_d2": 10.5, "tmax_d3": 12.4, "tmax_d4": 9.8, "tmax_d5": 5.1, "tmax_d6": 5.2, "tmin_d0": 1.8, "tmin_d1": 1.7, "tmin_d2": 4.7, "tmin_d3": -1.8, "tmin_d4": -3.1, "tmin_d5": -0.4, "tmin_d6": 0.3, "day_of_year": 278, "uuid": "9ea9ef09-5874-4b11-8dd9-304e87049ca4", "inat_id": 34223850}}, {"type": "Feature", "geometry": {"type": "Point", "coordinates": [-121.8149555556, 45.3148944444]}, "properties": {"species": "Aureoboletus mirabilis", "date": "2019-10-05", "location": "Clackamas County, OR, USA", "elevation": 915.0, "land_cover_label": "Tree cover", "water_mask": false, "exclude_reason": "keep", "ndvi": null, "soil_moisture": null, "solar_exposure": null, "wind_exposure": null, "water_retention": null, "slope": null, "aspect": null, "num_identification_agreements": 3, "cluster": 0, "tavg": null, "tmin": null, "tmax": null, "prcp_d0": 0.0, "prcp_d1": 4.169913768768311, "prcp_d2": 9.204296112060549, "prcp_d3": 0.0, "prcp_d4": 0.0, "prcp_d5": 0.0, "prcp_d6": 0.0, "tmax_d0": 11.8, "tmax_d1": 8.6, "tmax_d2": 10.6, "tmax_d3": 12.5, "tmax_d4": 9.9, "tmax_d5": 5.2, "tmax_d6": 5.4, "tmin_d0": 1.9, "tmin_d1": 1.8, "tmin_d2": 4.9, "tmin_d3": -1.7, "tmin_d4": -2.9, "tmin_d5": -0.3, "tmin_d6": 0.5, "day_of_year": 278, "uuid": "2b4e5c51-fede-42c2-905a-e8dbef8b8395", "inat_id": 34223903}}, {"type": "Feature", "geometry": {"type": "Point", "coordinates": [-121.94131333, 45.27468667]}, "properties": {"species": "Aureoboletus mirabilis", "date": "2019-10-11", "location": "Mt. Hood National Forest, Welches, OR, US", "elevation": 515.0, "land_cover_label": "Tree cover", "water_mask": false, "exclude_reason": "keep", "ndvi": null, "soil_moisture": null, "solar_exposure": null, "wind_exposure": null, "water_retention": null, "slope": null, "aspect": null, "num_identification_agreements": 2, "cluster": 0, "tavg": null, "tmin": 8.9, "tmax": 16.7, "prcp_d0": 0.0, "prcp_d1": 0.0, "prcp_d2": 0.0, "prcp_d3": 12.08031177520752, "prcp_d4": 0.0, "prcp_d5": 0.0, "prcp_d6": 0.0, "tmax_d0": 13.9, "tmax_d1": 11.6, "tmax_d2": 10.7, "tmax_d3": 14.8, "tmax_d4": 18.3, "tmax_d5": 19.1, "tmax_d6": 14.3, "tmin_d0": 5.4, "tmin_d1": 1.1, "tmin_d2": 2.9, "tmin_d3": 5.6, "tmin_d4": 7.1, "tmin_d5": 2.7, "tmin_d6": 4.3, "day_of_year": 284, "uuid": "105dd992-9672-4661-b4f3-5dcdcda4b76d", "inat_id": 34226291}}, {"type": "Feature", "geometry": {"type": "Point", "coordinates": [-122.211131612, 44.8481824436]}, "properties": {"species": "Aureoboletus mirabilis", "date": "2019-10-12", "location": "Marion County, US-OR, US", "elevation": 697.0, "land_cover_label": "Tree cover", "water_mask": false, "exclude_reason": "keep", "ndvi": null, "soil_moisture": null, "solar_exposure": null, "wind_exposure": null, "water_retention": null, "slope": null, "aspect": null, "num_identification_agreements": 2, "cluster": 0, "tavg": null, "tmin": null, "tmax": null, "prcp_d0": 0.0, "prcp_d1": 0.0, "prcp_d2": 0.0, "prcp_d3": 0.0, "prcp_d4": 0.0, "prcp_d5": 0.0, "prcp_d6": 0.0, "tmax_d0": 17.1, "tmax_d1": 17.9, "tmax_d2": 13.9, "tmax_d3": 9.9, "tmax_d4": 15.3, "tmax_d5": 18.2, "tmax_d6": 19.7, "tmin_d0": 2.0, "tmin_d1": 0.4, "tmin_d2": -0.3, "tmin_d3": 2.2, "tmin_d4": 6.2, "tmin_d5": 5.6, "tmin_d6": 2.9, "day_of_year": 285, "uuid": "b51760c3-05c0-48b2-ab50-a06a65c31b4a", "inat_id": 34335355}}, {"type": "Feature", "geometry": {"type": "Point", "coordinates": [-122.20646089, 44.84335902]}, "properties": {"species": "Aureoboletus mirabilis", "date": "2019-10-12", "location": "Marion County, US-OR, US", "elevation": 732.0, "land_cover_label": "Tree cover", "water_mask": false, "exclude_reason": "keep", "ndvi": null, "soil_moisture": null, "solar_exposure": null, "wind_exposure": null, "water_retention": null, "slope": null, "aspect": null, "num_identification_agreements": 2, "cluster": 0, "tavg": null, "tmin": null, "tmax": null, "prcp_d0": 0.0, "prcp_d1": 0.0, "prcp_d2": 0.0, "prcp_d3": 0.0, "prcp_d4": 0.0, "prcp_d5": 0.0, "prcp_d6": 0.0, "tmax_d0": 17.2, "tmax_d1": 18.0, "tmax_d2": 14.0, "tmax_d3": 10.0, "tmax_d4": 15.4, "tmax_d5": 18.3, "tmax_d6": 19.8, "tmin_d0": 2.1, "tmin_d1": 0.5, "tmin_d2": -0.2, "tmin_d3": 2.3, "tmin_d4": 6.3, "tmin_d5": 5.7, "tmin_d6": 3.0, "day_of_year": 285, "uuid": "f6ecf687-88c2-4d4d-a98c-4cd58782903d", "inat_id": 34339978}}, {"type": "Feature", "geometry": {"type": "Point", "coordinates": [-122.174898237, 45.367313721]}, "properties": {"species": "Aureoboletus mirabilis", "date": "2019-10-13", "location": "mom & dads, creek", "elevation": 394.0, "land_cover_label": "Tree cover", "water_mask": false, "exclude_reason": "keep", "ndvi": null, "soil_moisture": null, "solar_exposure": null, "wind_exposure": null, "water_retention": null, "slope": null, "aspect": null, "num_identification_agreements": 2, "cluster": 0, "tavg": null, "tmin": 10.0, "tmax": 17.2, "prcp_d0": 0.0, "prcp_d1": 0.0, "prcp_d2": 0.0, "prcp_d3": 0.0, "prcp_d4": 0.0, "prcp_d5": 0.0, "prcp_d6": 0.0, "tmax_d0": 13.6, "tmax_d1": 14.9, "tmax_d2": 17.0, "tmax_d3": 14.6, "tmax_d4": 9.7, "tmax_d5": 15.8, "tmax_d6": 18.0, "tmin_d0": 7.8, "tmin_d1": 4.9, "tmin_d2": 5.5, "tmin_d3": 0.1, "tmin_d4": 3.4, "tmin_d5": 6.4, "tmin_d6": 5.0, "day_of_year": 286, "uuid": "fcd9a80e-8b17-42e4-9c01-7c4a2ed0ba71", "inat_id": 34347068}}, {"type": "Feature", "geometry": {"type": "Point", "coordinates": [-121.7001854628, 45.3816440246]}, "properties": {"species": "Aureoboletus mirabilis", "date": "2019-10-14", "location": "Clackamas County, OR, USA", "elevation": 2688.0, "land_cover_label": "Bare / sparse vegetation", "water_mask": false, "exclude_reason": "keep", "ndvi": null, "soil_moisture": null, "solar_exposure": null, "wind_exposure": null, "water_retention": null, "slope": null, "aspect": null, "num_identification_agreements": 2, "cluster": 0, "tavg": null, "tmin": 3.9, "tmax": 18.9, "prcp_d0": 0.0, "prcp_d1": 19.092470169067383, "prcp_d2": 0.0, "prcp_d3": 0.0, "prcp_d4": 0.0, "prcp_d5": 0.0, "prcp_d6": 16.477149963378906, "tmax_d0": 2.1, "tmax_d1": 0.9, "tmax_d2": 3.5, "tmax_d3": 0.2, "tmax_d4": -3.1, "tmax_d5": -7.1, "tmax_d6": 0.1, "tmin_d0": -11.1, "tmin_d1": -7.2, "tmin_d2": -10.4, "tmin_d3": -11.3, "tmin_d4": -13.2, "tmin_d5": -12.1, "tmin_d6": -8.2, "day_of_year": 287, "uuid": "fe3aab63-786e-4661-89d3-86c5c1ef3a7c", "inat_id": 96023044}}, {"type": "Feature", "geometry": {"type": "Point", "coordinates": [-121.7732298, 45.3014262]}, "properties": {"species": "Aureoboletus mirabilis", "date": "2019-10-14", "location": "Zigzag, OR 97049, USA", "elevation": 1118.0, "land_cover_label": "Tree cover", "water_mask": false, "exclude_reason": "keep", "ndvi": null, "soil_moisture": null, "solar_exposure": null, "wind_exposure": null, "water_retention": null, "slope": null, "aspect": null, "num_identification_agreements": 2, "cluster": 0, "tavg": null, "tmin": null, "tmax": null, "prcp_d0": 0.0, "prcp_d1": 0.0, "prcp_d2": 0.0, "prcp_d3": 0.0, "prcp_d4": 0.0, "prcp_d5": 0.0, "prcp_d6": 0.0, "tmax_d0": 12.4, "tmax_d1": 11.2, "tmax_d2": 13.1, "tmax_d3": 9.6, "tmax_d4": 6.9, "tmax_d5": 5.9, "tmax_d6": 10.8, "tmin_d0": -0.1, "tmin_d1": 5.4, "tmin_d2": 1.3, "tmin_d3": 0.6, "tmin_d4": -2.5, "tmin_d5": -1.4, "tmin_d6": 1.8, "day_of_year": 287, "uuid": "1cd07e6c-7d2d-4018-9917-dc1a7cbead9f", "inat_id": 34372846}}, {"type": "Feature", "geometry": {"type": "Point", "coordinates": [-122.0570221667, 45.0800666667]}, "properties": {"species": "Aureoboletus mirabilis", "date": "2019-10-17", "location": "Mt. Hood National Forest, Estacada, OR, US", "elevation": 500.0, "land_cover_label": "Tree cover", "water_mask": false, "exclude_reason": "keep", "ndvi": null, "soil_moisture": null, "solar_exposure": null, "wind_exposure": null, "water_retention": null, "slope": null, "aspect": null, "num_identification_agreements": 1, "cluster": 0, "tavg": null, "tmin": null, "tmax": null, "prcp_d0": 0.0, "prcp_d1": 0.0, "prcp_d2": 0.0, "prcp_d3": 0.0, "prcp_d4": 0.0, "prcp_d5": 0.0, "prcp_d6": 0.0, "tmax_d0": 11.9, "tmax_d1": 15.7, "tmax_d2": 16.2, "tmax_d3": 17.0, "tmax_d4": 14.2, "tmax_d5": 18.1, "tmax_d6": 14.4, "tmin_d0": 4.7, "tmin_d1": 6.4, "tmin_d2": 2.2, "tmin_d3": 3.2, "tmin_d4": 3.9, "tmin_d5": 0.7, "tmin_d6": -0.1, "day_of_year": 290, "uuid": "8e66ba5d-f88d-4fe9-b4c1-fee1ddfdeb6a", "inat_id": 105787033}}, {"type": "Feature", "geometry": {"type": "Point", "coordinates": [-121.80941167, 45.31616667]}, "properties": {"species": "Aureoboletus mirabilis", "date": "2019-10-19", "location": "Mt. Hood National Forest, Government Camp, OR, US", "elevation": 916.0, "land_cover_label": "Tree cover", "water_mask": false, "exclude_reason": "keep", "ndvi": null, "soil_moisture": null, "solar_exposure": null, "wind_exposure": null, "water_retention": null, "slope": null, "aspect": null, "num_identification_agreements": 1, "cluster": 0, "tavg": null, "tmin": null, "tmax": null, "prcp_d0": 11.04166316986084, "prcp_d1": 0.0, "prcp_d2": 0.0, "prcp_d3": 0.0, "prcp_d4": 0.0, "prcp_d5": 0.0, "prcp_d6": 14.649916648864746, "tmax_d0": 4.5, "tmax_d1": 8.0, "tmax_d2": 8.7, "tmax_d3": 13.1, "tmax_d4": 13.7, "tmax_d5": 13.8, "tmax_d6": 12.3, "tmin_d0": 2.7, "tmin_d1": 3.3, "tmin_d2": 4.0, "tmin_d3": 6.9, "tmin_d4": 3.6, "tmin_d5": 0.8, "tmin_d6": 5.3, "day_of_year": 292, "uuid": "2fa0ec70-0794-4be1-8d38-4db0589b2646", "inat_id": 34998754}}, {"type": "Feature", "geometry": {"type": "Point", "coordinates": [-121.81, 45.31605]}, "properties": {"species": "Aureoboletus mirabilis", "date": "2019-10-20", "location": "SW Mount Hood, Clackamas Co., Oregon, USA", "elevation": 916.0, "land_cover_label": "Tree cover", "water_mask": false, "exclude_reason": "keep", "ndvi": null, "soil_moisture": null, "solar_exposure": null, "wind_exposure": null, "water_retention": null, "slope": null, "aspect": null, "num_identification_agreements": 1, "cluster": 0, "tavg": null, "tmin": null, "tmax": null, "prcp_d0": 0.0, "prcp_d1": 11.04166316986084, "prcp_d2": 0.0, "prcp_d3": 0.0, "prcp_d4": 0.0, "prcp_d5": 0.0, "prcp_d6": 0.0, "tmax_d0": 7.4, "tmax_d1": 4.5, "tmax_d2": 8.0, "tmax_d3": 8.7, "tmax_d4": 13.1, "tmax_d5": 13.7, "tmax_d6": 13.8, "tmin_d0": 2.0, "tmin_d1": 2.7, "tmin_d2": 3.3, "tmin_d3": 4.0, "tmin_d4": 6.9, "tmin_d5": 3.6, "tmin_d6": 0.8, "day_of_year": 293, "uuid": "79f72db0-6fae-4e8d-9ac7-4b18ea2c3f91", "inat_id": 34881697}}, {"type": "Feature", "geometry": {"type": "Point", "coordinates": [-121.6299274643, 45.6518602939]}, "properties": {"species": "Aureoboletus mirabilis", "date": "2020-10-04", "location": "Oregon, US", "elevation": 620.0, "land_cover_label": "Tree cover", "water_mask": false, "exclude_reason": "keep", "ndvi": null, "soil_moisture": null, "solar_exposure": null, "wind_exposure": null, "water_retention": null, "slope": null, "aspect": null, "num_identification_agreements": 2, "cluster": 0, "tavg": null, "tmin": 10.0, "tmax": 28.3, "prcp_d0": 0.0, "prcp_d1": 0.0, "prcp_d2": 0.0, "prcp_d3": 0.0, "prcp_d4": 0.0, "prcp_d5": 0.0, "prcp_d6": 0.0, "tmax_d0": 23.7, "tmax_d1": 24.9, "tmax_d2": 24.3, "tmax_d3": 23.5, "tmax_d4": 23.3, "tmax_d5": 21.7, "tmax_d6": 19.4, "tmin_d0": 8.7, "tmin_d1": 7.9, "tmin_d2": 10.7, "tmin_d3": 10.2, "tmin_d4": 9.9, "tmin_d5": 6.2, "tmin_d6": 5.2, "day_of_year": 278, "uuid": "1f9896f7-dd4e-4c2e-8020-7d0889b9d916", "inat_id": 62042990}}, {"type": "Feature", "geometry": {"type": "Point", "coordinates": [-121.7677833333, 45.29812]}, "properties": {"species": "Aureoboletus mirabilis", "date": "2020-10-06", "location": "Mt. Hood Skibowl, Government Camp, OR, US", "elevation": 1159.0, "land_cover_label": "Tree cover", "water_mask": false, "exclude_reason": "keep", "ndvi": null, "soil_moisture": null, "solar_exposure": null, "wind_exposure": null, "water_retention": null, "slope": null, "aspect": null, "num_identification_agreements": 3, "cluster": 0, "tavg": null, "tmin": null, "tmax": null, "prcp_d0": 0.0, "prcp_d1": 0.0, "prcp_d2": 0.0, "prcp_d3": 0.0, "prcp_d4": 0.0, "prcp_d5": 0.0, "prcp_d6": 0.0, "tmax_d0": 24.6, "tmax_d1": 21.5, "tmax_d2": 18.4, "tmax_d3": 21.3, "tmax_d4": 23.8, "tmax_d5": 25.0, "tmax_d6": 24.9, "tmin_d0": 10.6, "tmin_d1": 7.1, "tmin_d2": 8.1, "tmin_d3": 9.7, "tmin_d4": 13.7, "tmin_d5": 11.6, "tmin_d6": 11.3, "day_of_year": 280, "uuid": "193d3285-b9e1-4241-ba8f-2fd236328dfd", "inat_id": 61893591}}, {"type": "Feature", "geometry": {"type": "Point", "coordinates": [-121.6795529053, 45.1697697155]}, "properties": {"species": "Aureoboletus mirabilis", "date": "2020-10-08", "location": "Maupin, OR 97037, USA", "elevation": 1100.0, "land_cover_label": "Tree cover", "water_mask": false, "exclude_reason": "keep", "ndvi": null, "soil_moisture": null, "solar_exposure": null, "wind_exposure": null, "water_retention": null, "slope": null, "aspect": null, "num_identification_agreements": 3, "cluster": 0, "tavg": null, "tmin": null, "tmax": null, "prcp_d0": 0.0, "prcp_d1": 0.0, "prcp_d2": 0.0, "prcp_d3": 0.0, "prcp_d4": 0.0, "prcp_d5": 0.0, "prcp_d6": 0.0, "tmax_d0": 19.3, "tmax_d1": 24.1, "tmax_d2": 24.9, "tmax_d3": 23.2, "tmax_d4": 20.1, "tmax_d5": 24.0, "tmax_d6": 25.9, "tmin_d0": 10.5, "tmin_d1": 11.2, "tmin_d2": 13.1, "tmin_d3": 9.4, "tmin_d4": 9.9, "tmin_d5": 11.8, "tmin_d6": 13.7, "day_of_year": 282, "uuid": "e64ee925-44e7-484f-a659-f40db2506c01", "inat_id": 62083976}}, {"type": "Feature", "geometry": {"type": "Point", "coordinates": [-121.6824916667, 45.30065]}, "properties": {"species": "Aureoboletus mirabilis", "date": "2020-10-20", "location": "MT HOOD PRKDL, OR 97041, USA", "elevation": 1390.0, "land_cover_label": "Tree cover", "water_mask": false, "exclude_reason": "keep", "ndvi": null, "soil_moisture": null, "solar_exposure": null, "wind_exposure": null, "water_retention": null, "slope": null, "aspect": null, "num_identification_agreements": 2, "cluster": 0, "tavg": null, "tmin": null, "tmax": null, "prcp_d0": 0.0, "prcp_d1": 0.0, "prcp_d2": 0.0, "prcp_d3": 0.0, "prcp_d4": 0.0, "prcp_d5": 0.0, "prcp_d6": 0.0, "tmax_d0": 7.7, "tmax_d1": 8.1, "tmax_d2": 8.2, "tmax_d3": 9.6, "tmax_d4": 12.4, "tmax_d5": 10.9, "tmax_d6": 4.8, "tmin_d0": 1.0, "tmin_d1": 4.4, "tmin_d2": 4.0, "tmin_d3": 5.3, "tmin_d4": 4.2, "tmin_d5": -1.4, "tmin_d6": 1.9, "day_of_year": 294, "uuid": "f5d0bca7-d191-4629-ade3-a01e1f1636d6", "inat_id": 63134302}}, {"type": "Feature", "geometry": {"type": "Point", "coordinates": [-121.6310283126, 45.2640444228]}, "properties": {"species": "Aureoboletus mirabilis", "date": "2020-10-22", "location": "Oregon, US", "elevation": 1111.0, "land_cover_label": "Tree cover", "water_mask": false, "exclude_reason": "keep", "ndvi": null, "soil_moisture": null, "solar_exposure": null, "wind_exposure": null, "water_retention": null, "slope": null, "aspect": null, "num_identification_agreements": 2, "cluster": 0, "tavg": null, "tmin": null, "tmax": null, "prcp_d0": 0.0, "prcp_d1": 0.0, "prcp_d2": 0.0, "prcp_d3": 0.0, "prcp_d4": 0.0, "prcp_d5": 0.0, "prcp_d6": 0.0, "tmax_d0": 5.2, "tmax_d1": 7.9, "tmax_d2": 10.9, "tmax_d3": 10.1, "tmax_d4": 10.6, "tmax_d5": 12.3, "tmax_d6": 15.2, "tmin_d0": -2.7, "tmin_d1": 2.0, "tmin_d2": 3.5, "tmin_d3": 6.6, "tmin_d4": 6.9, "tmin_d5": 7.4, "tmin_d6": 5.9, "day_of_year": 296, "uuid": "683262b5-8352-4b29-b98a-59d69be79d48", "inat_id": 63297049}}, {"type": "Feature", "geometry": {"type": "Point", "coordinates": [-121.6521959431, 45.299486587]}, "properties": {"species": "Aureoboletus mirabilis", "date": "2020-10-22", "location": "Oregon, US", "elevation": 1212.0, "land_cover_label": "Tree cover", "water_mask": false, "exclude_reason": "keep", "ndvi": null, "soil_moisture": null, "solar_exposure": null, "wind_exposure": null, "water_retention": null, "slope": null, "aspect": null, "num_identification_agreements": 1, "cluster": 0, "tavg": null, "tmin": null, "tmax": null, "prcp_d0": 0.0, "prcp_d1": 0.0, "prcp_d2": 0.0, "prcp_d3": 0.0, "prcp_d4": 0.0, "prcp_d5": 0.0, "prcp_d6": 0.0, "tmax_d0": 5.2, "tmax_d1": 6.8, "tmax_d2": 9.4, "tmax_d3": 9.8, "tmax_d4": 9.9, "tmax_d5": 11.3, "tmax_d6": 14.1, "tmin_d0": -3.5, "tmin_d1": 1.4, "tmin_d2": 2.7, "tmin_d3": 6.1, "tmin_d4": 5.7, "tmin_d5": 7.0, "tmin_d6": 5.9, "day_of_year": 296, "uuid": "8c24a91d-f845-4475-8819-fc1fd68c3de1", "inat_id": 63297052}}, {"type": "Feature", "geometry": {"type": "Point", "coordinates": [-121.7601813393, 45.2581419459]}, "properties": {"species": "Aureoboletus mirabilis", "date": "2020-10-22", "location": "Oregon, US", "elevation": 1174.0, "land_cover_label": "Tree cover", "water_mask": false, "exclude_reason": "keep", "ndvi": null, "soil_moisture": null, "solar_exposure": null, "wind_exposure": null, "water_retention": null, "slope": null, "aspect": null, "num_identification_agreements": 2, "cluster": 0, "tavg": null, "tmin": null, "tmax": null, "prcp_d0": 0.0, "prcp_d1": 0.0, "prcp_d2": 0.0, "prcp_d3": 0.0, "prcp_d4": 0.0, "prcp_d5": 0.0, "prcp_d6": 0.0, "tmax_d0": 4.6, "tmax_d1": 6.2, "tmax_d2": 8.2, "tmax_d3": 8.9, "tmax_d4": 8.8, "tmax_d5": 10.5, "tmax_d6": 13.3, "tmin_d0": -4.1, "tmin_d1": 1.1, "tmin_d2": 2.4, "tmin_d3": 5.5, "tmin_d4": 5.5, "tmin_d5": 6.3, "tmin_d6": 4.4, "day_of_year": 296, "uuid": "514ea583-43d3-4d0d-ac4a-2b1ca1bb888c", "inat_id": 63297046}}, {"type": "Feature", "geometry": {"type": "Point", "coordinates": [-121.7795935621, 45.3597061447]}, "properties": {"species": "Aureoboletus mirabilis", "date": "2020-10-22", "location": "Oregon, US", "elevation": 1166.0, "land_cover_label": "Tree cover", "water_mask": false, "exclude_reason": "keep", "ndvi": null, "soil_moisture": null, "solar_exposure": null, "wind_exposure": null, "water_retention": null, "slope": null, "aspect": null, "num_identification_agreements": 1, "cluster": 0, "tavg": null, "tmin": null, "tmax": null, "prcp_d0": 0.0, "prcp_d1": 0.0, "prcp_d2": 0.0, "prcp_d3": 0.0, "prcp_d4": 0.0, "prcp_d5": 0.0, "prcp_d6": 0.0, "tmax_d0": 5.9, "tmax_d1": 6.3, "tmax_d2": 7.5, "tmax_d3": 9.1, "tmax_d4": 8.8, "tmax_d5": 10.3, "tmax_d6": 12.7, "tmin_d0": -4.3, "tmin_d1": 1.5, "tmin_d2": 2.0, "tmin_d3": 5.7, "tmin_d4": 4.4, "tmin_d5": 6.8, "tmin_d6": 4.0, "day_of_year": 296, "uuid": "61354bc6-5f55-48fd-a6a4-579698963827", "inat_id": 63297045}}, {"type": "Feature", "geometry": {"type": "Point", "coordinates": [-121.6455855717, 45.2068781645]}, "properties": {"species": "Aureoboletus mirabilis", "date": "2020-10-22", "location": "Oregon, US", "elevation": 1237.0, "land_cover_label": "Tree cover", "water_mask": false, "exclude_reason": "keep", "ndvi": null, "soil_moisture": null, "solar_exposure": null, "wind_exposure": null, "water_retention": null, "slope": null, "aspect": null, "num_identification_agreements": 1, "cluster": 0, "tavg": null, "tmin": null, "tmax": null, "prcp_d0": 0.0, "prcp_d1": 0.0, "prcp_d2": 0.0, "prcp_d3": 0.0, "prcp_d4": 0.0, "prcp_d5": 0.0, "prcp_d6": 0.0, "tmax_d0": 4.9, "tmax_d1": 7.3, "tmax_d2": 9.8, "tmax_d3": 9.2, "tmax_d4": 10.3, "tmax_d5": 12.0, "tmax_d6": 14.7, "tmin_d0": -3.7, "tmin_d1": 2.2, "tmin_d2": 3.4, "tmin_d3": 6.0, "tmin_d4": 6.4, "tmin_d5": 6.8, "tmin_d6": 5.0, "day_of_year": 296, "uuid": "e425731c-840d-4942-8fbe-4d0659541613", "inat_id": 63297047}}, {"type": "Feature", "geometry": {"type": "Point", "coordinates": [-121.8940426595, 45.3561618874]}, "properties": {"species": "Aureoboletus mirabilis", "date": "2020-10-23", "location": "Oregon, US", "elevation": 1221.0, "land_cover_label": "Tree cover", "water_mask": false, "exclude_reason": "keep", "ndvi": null, "soil_moisture": null, "solar_exposure": null, "wind_exposure": null, "water_retention": null, "slope": null, "aspect": null, "num_identification_agreements": 3, "cluster": 0, "tavg": null, "tmin": 5.6, "tmax": 14.4, "prcp_d0": 0.0, "prcp_d1": 0.0, "prcp_d2": 0.0, "prcp_d3": 0.0, "prcp_d4": 0.0, "prcp_d5": 0.0, "prcp_d6": 0.0, "tmax_d0": 6.5, "tmax_d1": 7.1, "tmax_d2": 6.8, "tmax_d3": 8.0, "tmax_d4": 9.3, "tmax_d5": 9.2, "tmax_d6": 10.4, "tmin_d0": -2.9, "tmin_d1": -4.0, "tmin_d2": 1.7, "tmin_d3": 2.1, "tmin_d4": 6.2, "tmin_d5": 5.1, "tmin_d6": 7.2, "day_of_year": 297, "uuid": "778ef4a6-a669-43c2-8600-cb3955d6f79a", "inat_id": 63387284}}, {"type": "Feature", "geometry": {"type": "Point", "coordinates": [-121.7856916667, 45.30118]}, "properties": {"species": "Aureoboletus mirabilis", "date": "2020-10-24", "location": "Mt. Hood Park Division Recreation Area, Government Camp, OR, US", "elevation": 1135.0, "land_cover_label": "Tree cover", "water_mask": false, "exclude_reason": "keep", "ndvi": null, "soil_moisture": null, "solar_exposure": null, "wind_exposure": null, "water_retention": null, "slope": null, "aspect": null, "num_identification_agreements": 2, "cluster": 0, "tavg": null, "tmin": null, "tmax": null, "prcp_d0": 0.0, "prcp_d1": 0.0, "prcp_d2": 0.0, "prcp_d3": 0.0, "prcp_d4": 0.0, "prcp_d5": 0.0, "prcp_d6": 0.0, "tmax_d0": 7.7, "tmax_d1": 6.3, "tmax_d2": 6.8, "tmax_d3": 7.2, "tmax_d4": 8.3, "tmax_d5": 9.9, "tmax_d6": 9.6, "tmin_d0": -0.5, "tmin_d1": -1.5, "tmin_d2": -3.4, "tmin_d3": 2.3, "tmin_d4": 2.9, "tmin_d5": 6.5, "tmin_d6": 5.3, "day_of_year": 298, "uuid": "cf3bfb20-c5df-4f83-b7e5-e5011670fa8a", "inat_id": 63408571}}, {"type": "Feature", "geometry": {"type": "Point", "coordinates": [-121.9943622583, 45.2392935215]}, "properties": {"species": "Aureoboletus mirabilis", "date": "2020-10-24", "location": "Oregon, US", "elevation": 1219.0, "land_cover_label": "Grassland", "water_mask": false, "exclude_reason": "keep", "ndvi": null, "soil_moisture": null, "solar_exposure": null, "wind_exposure": null, "water_retention": null, "slope": null, "aspect": null, "num_identification_agreements": 2, "cluster": 0, "tavg": null, "tmin": 6.7, "tmax": 14.4, "prcp_d0": 0.0, "prcp_d1": 0.0, "prcp_d2": 0.0, "prcp_d3": 0.0, "prcp_d4": 0.0, "prcp_d5": 0.0, "prcp_d6": 0.0, "tmax_d0": 6.7, "tmax_d1": 5.7, "tmax_d2": 6.7, "tmax_d3": 6.7, "tmax_d4": 7.9, "tmax_d5": 9.0, "tmax_d6": 9.4, "tmin_d0": 0.4, "tmin_d1": -3.0, "tmin_d2": -5.9, "tmin_d3": 2.0, "tmin_d4": 2.5, "tmin_d5": 6.0, "tmin_d6": 5.1, "day_of_year": 298, "uuid": "137fb91c-f71b-40e1-b406-acd62a81feea", "inat_id": 64847047}}, {"type": "Feature", "geometry": {"type": "Point", "coordinates": [-121.8942658064, 45.2095136874]}, "properties": {"species": "Aureoboletus mirabilis", "date": "2020-10-29", "location": "Oregon, US", "elevation": 1017.0, "land_cover_label": "Tree cover", "water_mask": false, "exclude_reason": "keep", "ndvi": null, "soil_moisture": null, "solar_exposure": null, "wind_exposure": null, "water_retention": null, "slope": null, "aspect": null, "num_identification_agreements": 3, "cluster": 0, "tavg": null, "tmin": null, "tmax": null, "prcp_d0": 0.0, "prcp_d1": 0.0, "prcp_d2": 0.0, "prcp_d3": 0.2062195539474487, "prcp_d4": 0.0, "prcp_d5": 0.0, "prcp_d6": 0.0, "tmax_d0": 17.1, "tmax_d1": 17.3, "tmax_d2": 12.6, "tmax_d3": 9.1, "tmax_d4": 0.4, "tmax_d5": 8.3, "tmax_d6": 6.8, "tmin_d0": 5.5, "tmin_d1": 2.9, "tmin_d2": -0.8, "tmin_d3": -4.0, "tmin_d4": -6.9, "tmin_d5": 0.8, "tmin_d6": -0.9, "day_of_year": 303, "uuid": "ea51bd96-e5f5-421c-a559-4e49e40a96fa", "inat_id": 63805341}}, {"type": "Feature", "geometry": {"type": "Point", "coordinates": [-121.987969208, 45.2198580902]}, "properties": {"species": "Aureoboletus mirabilis", "date": "2020-10-29", "location": "Oregon, US", "elevation": 1239.0, "land_cover_label": "Tree cover", "water_mask": false, "exclude_reason": "keep", "ndvi": null, "soil_moisture": null, "solar_exposure": null, "wind_exposure": null, "water_retention": null, "slope": null, "aspect": null, "num_identification_agreements": 3, "cluster": 0, "tavg": null, "tmin": 5.6, "tmax": 13.9, "prcp_d0": 0.0, "prcp_d1": 0.0, "prcp_d2": 0.0, "prcp_d3": 0.197344496846199, "prcp_d4": 0.0, "prcp_d5": 0.0, "prcp_d6": 0.0, "tmax_d0": 14.8, "tmax_d1": 15.6, "tmax_d2": 9.5, "tmax_d3": 7.1, "tmax_d4": -0.3, "tmax_d5": 6.5, "tmax_d6": 5.5, "tmin_d0": 1.7, "tmin_d1": 0.4, "tmin_d2": -4.0, "tmin_d3": -6.8, "tmin_d4": -7.8, "tmin_d5": 0.2, "tmin_d6": -3.2, "day_of_year": 303, "uuid": "07bcd4c8-dc5d-4cdc-b753-ae14e1ca0bc7", "inat_id": 63805344}}, {"type": "Feature", "geometry": {"type": "Point", "coordinates": [-121.9590788961, 45.3603023802]}, "properties": {"species": "Aureoboletus mirabilis", "date": "2021-07-28", "location": "Oregon, US", "elevation": 633.0, "land_cover_label": "Tree cover", "water_mask": false, "exclude_reason": "keep", "ndvi": null, "soil_moisture": null, "solar_exposure": null, "wind_exposure": null, "water_retention": null, "slope": null, "aspect": null, "num_identification_agreements": 3, "cluster": 0, "tavg": null, "tmin": 15.0, "tmax": 34.4, "prcp_d0": 0.0, "prcp_d1": 0.0, "prcp_d2": 0.0, "prcp_d3": 0.0, "prcp_d4": 0.0, "prcp_d5": 0.0, "prcp_d6": 0.0, "tmax_d0": 29.4, "tmax_d1": 26.5, "tmax_d2": 27.0, "tmax_d3": 26.9, "tmax_d4": 27.9, "tmax_d5": 25.0, "tmax_d6": 22.0, "tmin_d0": 11.0, "tmin_d1": 14.1, "tmin_d2": 12.4, "tmin_d3": 12.8, "tmin_d4": 11.8, "tmin_d5": 8.9, "tmin_d6": 6.6, "day_of_year": 209, "uuid": "8d90c63c-304a-411d-bb36-acfc1d189741", "inat_id": 89034067}}, {"type": "Feature", "geometry": {"type": "Point", "coordinates": [-121.7795663584, 45.2176267192]}, "properties": {"species": "Aureoboletus mirabilis", "date": "2021-07-28", "location": "Oregon, US", "elevation": 1045.0, "land_cover_label": "Tree cover", "water_mask": false, "exclude_reason": "keep", "ndvi": null, "soil_moisture": null, "solar_exposure": null, "wind_exposure": null, "water_retention": null, "slope": null, "aspect": null, "num_identification_agreements": 2, "cluster": 0, "tavg": null, "tmin": null, "tmax": null, "prcp_d0": 0.0, "prcp_d1": 0.0, "prcp_d2": 0.0, "prcp_d3": 0.0, "prcp_d4": 0.0, "prcp_d5": 0.0, "prcp_d6": 0.0, "tmax_d0": 28.9, "tmax_d1": 24.9, "tmax_d2": 27.8, "tmax_d3": 27.0, "tmax_d4": 28.6, "tmax_d5": 25.1, "tmax_d6": 21.8, "tmin_d0": 13.6, "tmin_d1": 13.3, "tmin_d2": 11.0, "tmin_d3": 11.7, "tmin_d4": 11.3, "tmin_d5": 7.9, "tmin_d6": 5.0, "day_of_year": 209, "uuid": "9dc16856-1b66-44f7-a17a-a71015ebe5a2", "inat_id": 89034073}}, {"type": "Feature", "geometry": {"type": "Point", "coordinates": [-122.0799111111, 45.5328055556]}, "properties": {"species": "Aureoboletus mirabilis", "date": "2021-09-12", "location": "Multnomah County, OR, USA", "elevation": 1049.0, "land_cover_label": "Tree cover", "water_mask": false, "exclude_reason": "keep", "ndvi": null, "soil_moisture": null, "solar_exposure": null, "wind_exposure": null, "water_retention": null, "slope": null, "aspect": null, "num_identification_agreements": 3, "cluster": 0, "tavg": null, "tmin": 13.9, "tmax": 23.3, "prcp_d0": 0.0, "prcp_d1": 0.0, "prcp_d2": 18.394121170043945, "prcp_d3": 0.0, "prcp_d4": 0.0, "prcp_d5": 0.0, "prcp_d6": 0.0, "tmax_d0": 16.9, "tmax_d1": 17.9, "tmax_d2": 19.9, "tmax_d3": 21.3, "tmax_d4": 26.7, "tmax_d5": 28.1, "tmax_d6": 20.6, "tmin_d0": 8.9, "tmin_d1": 7.4, "tmin_d2": 10.0, "tmin_d3": 9.4, "tmin_d4": 11.8, "tmin_d5": 9.0, "tmin_d6": 8.7, "day_of_year": 255, "uuid": "b7c801a7-b4e5-410e-aca6-ec11cc08273a", "inat_id": 94667474}}, {"type": "Feature", "geometry": {"type": "Point", "coordinates": [-121.6584995486, 45.279248423]}, "properties": {"species": "Aureoboletus mirabilis", "date": "2021-09-12", "location": "Oregon, US", "elevation": 1226.0, "land_cover_label": "Tree cover", "water_mask": false, "exclude_reason": "keep", "ndvi": null, "soil_moisture": null, "solar_exposure": null, "wind_exposure": null, "water_retention": null, "slope": null, "aspect": null, "num_identification_agreements": 3, "cluster": 0, "tavg": null, "tmin": null, "tmax": null, "prcp_d0": 0.0, "prcp_d1": 0.0, "prcp_d2": 22.251140594482425, "prcp_d3": 0.0, "prcp_d4": 0.0, "prcp_d5": 0.0, "prcp_d6": 0.0, "tmax_d0": 19.0, "tmax_d1": 20.3, "tmax_d2": 21.2, "tmax_d3": 26.3, "tmax_d4": 25.5, "tmax_d5": 27.8, "tmax_d6": 27.4, "tmin_d0": 9.5, "tmin_d1": 6.5, "tmin_d2": 11.5, "tmin_d3": 14.4, "tmin_d4": 15.5, "tmin_d5": 15.2, "tmin_d6": 11.7, "day_of_year": 255, "uuid": "89782cf6-cb7e-4abc-a696-e20813e9ac5a", "inat_id": 94682674}}, {"type": "Feature", "geometry": {"type": "Point", "coordinates": [-121.6639439759, 45.2808787187]}, "properties": {"species": "Aureoboletus mirabilis", "date": "2021-09-12", "location": "Oregon, US", "elevation": 1241.0, "land_cover_label": "Tree cover", "water_mask": false, "exclude_reason": "keep", "ndvi": null, "soil_moisture": null, "solar_exposure": null, "wind_exposure": null, "water_retention": null, "slope": null, "aspect": null, "num_identification_agreements": 3, "cluster": 0, "tavg": null, "tmin": null, "tmax": null, "prcp_d0": 0.0, "prcp_d1": 0.0, "prcp_d2": 22.251140594482425, "prcp_d3": 0.0, "prcp_d4": 0.0, "prcp_d5": 0.0, "prcp_d6": 0.0, "tmax_d0": 17.9, "tmax_d1": 19.6, "tmax_d2": 19.3, "tmax_d3": 23.7, "tmax_d4": 26.7, "tmax_d5": 28.8, "tmax_d6": 25.2, "tmin_d0": 9.0, "tmin_d1": 5.6, "tmin_d2": 11.6, "tmin_d3": 13.5, "tmin_d4": 14.4, "tmin_d5": 15.8, "tmin_d6": 11.1, "day_of_year": 255, "uuid": "0e424be1-4485-4427-a592-bf6ab62017d4", "inat_id": 94682688}}, {"type": "Feature", "geometry": {"type": "Point", "coordinates": [-121.6291116667, 45.3308]}, "properties": {"species": "Aureoboletus mirabilis", "date": "2021-09-22", "location": "Mt. Hood Meadows, Mount Hood Parkdale, OR, US", "elevation": 1393.0, "land_cover_label": "Tree cover", "water_mask": false, "exclude_reason": "keep", "ndvi": null, "soil_moisture": null, "solar_exposure": null, "wind_exposure": null, "water_retention": null, "slope": null, "aspect": null, "num_identification_agreements": 3, "cluster": 2, "tavg": null, "tmin": 10.6, "tmax": 26.7, "prcp_d0": 0.0, "prcp_d1": 0.0, "prcp_d2": 0.0, "prcp_d3": 0.0, "prcp_d4": 85.02843475341797, "prcp_d5": 0.0, "prcp_d6": 0.0, "tmax_d0": 17.7, "tmax_d1": 17.0, "tmax_d2": 14.0, "tmax_d3": 8.0, "tmax_d4": 15.2, "tmax_d5": 18.1, "tmax_d6": 12.2, "tmin_d0": 9.1, "tmin_d1": 7.3, "tmin_d2": 2.7, "tmin_d3": 2.4, "tmin_d4": 5.0, "tmin_d5": 5.7, "tmin_d6": 1.6, "day_of_year": 265, "uuid": "48142881-da01-44a9-928d-85991071cb28", "inat_id": 95815693}}, {"type": "Feature", "geometry": {"type": "Point", "coordinates": [-121.6371811501, 45.8045384816]}, "properties": {"species": "Aureoboletus mirabilis", "date": "2021-09-25", "location": "Skamania County, US-WA, US", "elevation": 481.0, "land_cover_label": "Tree cover", "water_mask": false, "exclude_reason": "keep", "ndvi": null, "soil_moisture": null, "solar_exposure": null, "wind_exposure": null, "water_retention": null, "slope": null, "aspect": null, "num_identification_agreements": 2, "cluster": 0, "tavg": null, "tmin": 11.1, "tmax": 31.7, "prcp_d0": 0.0, "prcp_d1": 0.0, "prcp_d2": 0.0, "prcp_d3": 0.0, "prcp_d4": 0.0, "prcp_d5": 0.0, "prcp_d6": 0.0, "tmax_d0": 24.5, "tmax_d1": 23.4, "tmax_d2": 22.8, "tmax_d3": 22.2, "tmax_d4": 21.3, "tmax_d5": 19.3, "tmax_d6": 14.9, "tmin_d0": 12.3, "tmin_d1": 9.3, "tmin_d2": 11.4, "tmin_d3": 9.8, "tmin_d4": 7.8, "tmin_d5": 7.4, "tmin_d6": 9.4, "day_of_year": 268, "uuid": "b16240f1-836c-436d-95ca-3219edaa4ff9", "inat_id": 96334292}}, {"type": "Feature", "geometry": {"type": "Point", "coordinates": [-121.6997905076, 45.2788780959]}, "properties": {"species": "Aureoboletus mirabilis", "date": "2021-09-25", "location": "TIMBRLINE LDG, OR 97028, USA", "elevation": 1271.0, "land_cover_label": "Tree cover", "water_mask": false, "exclude_reason": "keep", "ndvi": null, "soil_moisture": null, "solar_exposure": null, "wind_exposure": null, "water_retention": null, "slope": null, "aspect": null, "num_identification_agreements": 1, "cluster": 0, "tavg": null, "tmin": null, "tmax": null, "prcp_d0": 0.0, "prcp_d1": 0.0, "prcp_d2": 0.0, "prcp_d3": 0.0, "prcp_d4": 0.0, "prcp_d5": 0.0, "prcp_d6": 0.0, "tmax_d0": 20.9, "tmax_d1": 19.1, "tmax_d2": 20.4, "tmax_d3": 18.4, "tmax_d4": 18.2, "tmax_d5": 14.7, "tmax_d6": 8.6, "tmin_d0": 12.0, "tmin_d1": 11.4, "tmin_d2": 6.0, "tmin_d3": 10.4, "tmin_d4": 8.5, "tmin_d5": 4.3, "tmin_d6": 3.0, "day_of_year": 268, "uuid": "e73ae363-e906-4261-8500-996f40888116", "inat_id": 96158161}}, {"type": "Feature", "geometry": {"type": "Point", "coordinates": [-121.6636537827, 45.8159322412]}, "properties": {"species": "Aureoboletus mirabilis", "date": "2021-09-26", "location": "Washington, US", "elevation": 675.0, "land_cover_label": "Tree cover", "water_mask": false, "exclude_reason": "keep", "ndvi": null, "soil_moisture": null, "solar_exposure": null, "wind_exposure": null, "water_retention": null, "slope": null, "aspect": null, "num_identification_agreements": 2, "cluster": 0, "tavg": null, "tmin": 16.7, "tmax": 26.7, "prcp_d0": 0.0, "prcp_d1": 0.0, "prcp_d2": 0.0, "prcp_d3": 0.0, "prcp_d4": 0.0, "prcp_d5": 0.0, "prcp_d6": 0.0, "tmax_d0": 22.8, "tmax_d1": 23.9, "tmax_d2": 23.0, "tmax_d3": 22.2, "tmax_d4": 22.0, "tmax_d5": 21.1, "tmax_d6": 18.4, "tmin_d0": 10.4, "tmin_d1": 12.7, "tmin_d2": 11.5, "tmin_d3": 10.1, "tmin_d4": 11.5, "tmin_d5": 9.4, "tmin_d6": 7.9, "day_of_year": 269, "uuid": "f022cc6e-7526-4cb7-b8c7-0f974fefb68f", "inat_id": 96334265}}, {"type": "Feature", "geometry": {"type": "Point", "coordinates": [-121.6005814791, 45.3565602628]}, "properties": {"species": "Aureoboletus mirabilis", "date": "2021-09-30", "location": "Oregon, US", "elevation": 1594.0, "land_cover_label": "Tree cover", "water_mask": false, "exclude_reason": "keep", "ndvi": null, "soil_moisture": null, "solar_exposure": null, "wind_exposure": null, "water_retention": null, "slope": null, "aspect": null, "num_identification_agreements": 2, "cluster": 0, "tavg": null, "tmin": 10.0, "tmax": 25.0, "prcp_d0": 0.0, "prcp_d1": 0.0, "prcp_d2": 0.0, "prcp_d3": 0.0, "prcp_d4": 0.0, "prcp_d5": 0.0, "prcp_d6": 0.0, "tmax_d0": 14.0, "tmax_d1": 12.2, "tmax_d2": 5.1, "tmax_d3": 15.1, "tmax_d4": 17.9, "tmax_d5": 20.6, "tmax_d6": 17.6, "tmin_d0": 4.9, "tmin_d1": -1.7, "tmin_d2": 0.9, "tmin_d3": 3.2, "tmin_d4": 7.2, "tmin_d5": 9.1, "tmin_d6": 7.0, "day_of_year": 273, "uuid": "0385983c-1d0e-4e30-a2e0-8c5738d45495", "inat_id": 116823516}}, {"type": "Feature", "geometry": {"type": "Point", "coordinates": [-121.9884355552, 45.2085453279]}, "properties": {"species": "Aureoboletus mirabilis", "date": "2021-10-03", "location": "Mt. Hood National Forest, Estacada, OR, US", "elevation": 1143.0, "land_cover_label": "Grassland", "water_mask": false, "exclude_reason": "keep", "ndvi": null, "soil_moisture": null, "solar_exposure": null, "wind_exposure": null, "water_retention": null, "slope": null, "aspect": null, "num_identification_agreements": 2, "cluster": 0, "tavg": null, "tmin": 7.2, "tmax": 21.7, "prcp_d0": 0.0, "prcp_d1": 0.0, "prcp_d2": 0.0, "prcp_d3": 0.0, "prcp_d4": 0.0, "prcp_d5": 0.0, "prcp_d6": 0.0, "tmax_d0": 15.8, "tmax_d1": 18.1, "tmax_d2": 15.8, "tmax_d3": 14.0, "tmax_d4": 14.6, "tmax_d5": 7.3, "tmax_d6": 17.5, "tmin_d0": 2.5, "tmin_d1": 2.0, "tmin_d2": 0.5, "tmin_d3": 5.1, "tmin_d4": 1.2, "tmin_d5": 4.0, "tmin_d6": 6.4, "day_of_year": 276, "uuid": "f21b66fb-feea-49b6-8d1b-3e2922033fec", "inat_id": 97189991}}, {"type": "Feature", "geometry": {"type": "Point", "coordinates": [-122.1029758328, 45.5175196703]}, "properties": {"species": "Aureoboletus mirabilis", "date": "2021-10-05", "location": "Oregon, US", "elevation": 855.0, "land_cover_label": "Tree cover", "water_mask": false, "exclude_reason": "keep", "ndvi": null, "soil_moisture": null, "solar_exposure": null, "wind_exposure": null, "water_retention": null, "slope": null, "aspect": null, "num_identification_agreements": 2, "cluster": 0, "tavg": null, "tmin": 10.0, "tmax": 15.0, "prcp_d0": 0.0, "prcp_d1": 0.0, "prcp_d2": 0.0, "prcp_d3": 0.0, "prcp_d4": 0.0, "prcp_d5": 0.0, "prcp_d6": 0.0, "tmax_d0": 14.5, "tmax_d1": 15.7, "tmax_d2": 14.5, "tmax_d3": 16.5, "tmax_d4": 15.6, "tmax_d5": 12.0, "tmax_d6": 14.3, "tmin_d0": 6.6, "tmin_d1": 6.9, "tmin_d2": 5.5, "tmin_d3": 2.7, "tmin_d4": 4.6, "tmin_d5": 9.0, "tmin_d6": 3.2, "day_of_year": 278, "uuid": "2265904a-223a-4a7c-8805-375f09df0e86", "inat_id": 97306366}}, {"type": "Feature", "geometry": {"type": "Point", "coordinates": [-121.7897950915, 45.255098683]}, "properties": {"species": "Aureoboletus mirabilis", "date": "2021-10-09", "location": "Oregon, US", "elevation": 1328.0, "land_cover_label": "Tree cover", "water_mask": false, "exclude_reason": "keep", "ndvi": null, "soil_moisture": null, "solar_exposure": null, "wind_exposure": null, "water_retention": null, "slope": null, "aspect": null, "num_identification_agreements": 2, "cluster": 0, "tavg": null, "tmin": null, "tmax": null, "prcp_d0": 0.0, "prcp_d1": 0.0, "prcp_d2": 0.0, "prcp_d3": 0.0, "prcp_d4": 37.73797607421875, "prcp_d5": 0.0, "prcp_d6": 0.0, "tmax_d0": 8.0, "tmax_d1": 8.9, "tmax_d2": 10.9, "tmax_d3": 6.9, "tmax_d4": 14.7, "tmax_d5": 15.5, "tmax_d6": 15.4, "tmin_d0": -0.2, "tmin_d1": 0.8, "tmin_d2": -1.1, "tmin_d3": 0.5, "tmin_d4": 6.3, "tmin_d5": 8.2, "tmin_d6": 7.7, "day_of_year": 282, "uuid": "3ebea34d-630a-407b-b77d-f45a2203f5e1", "inat_id": 97724362}}, {"type": "Feature", "geometry": {"type": "Point", "coordinates": [-121.7264032991, 45.2304235524]}, "properties": {"species": "Aureoboletus mirabilis", "date": "2021-10-09", "location": "Oregon, US", "elevation": 1044.0, "land_cover_label": "Tree cover", "water_mask": false, "exclude_reason": "keep", "ndvi": null, "soil_moisture": null, "solar_exposure": null, "wind_exposure": null, "water_retention": null, "slope": null, "aspect": null, "num_identification_agreements": 1, "cluster": 0, "tavg": null, "tmin": null, "tmax": null, "prcp_d0": 0.0, "prcp_d1": 0.0, "prcp_d2": 0.0, "prcp_d3": 24.58547019958496, "prcp_d4": 42.62989044189453, "prcp_d5": 0.0, "prcp_d6": 0.0, "tmax_d0": 9.9, "tmax_d1": 10.8, "tmax_d2": 11.9, "tmax_d3": 8.5, "tmax_d4": 15.6, "tmax_d5": 16.9, "tmax_d6": 17.7, "tmin_d0": 3.1, "tmin_d1": 3.0, "tmin_d2": 1.5, "tmin_d3": 1.9, "tmin_d4": 8.1, "tmin_d5": 10.4, "tmin_d6": 6.6, "day_of_year": 282, "uuid": "42d58c6b-11df-4303-9cf7-172dd769575f", "inat_id": 97724361}}, {"type": "Feature", "geometry": {"type": "Point", "coordinates": [-121.7780662691, 45.3836950347]}, "properties": {"species": "Aureoboletus mirabilis", "date": "2021-10-16", "location": "Oregon, US", "elevation": 1203.0, "land_cover_label": "Tree cover", "water_mask": false, "exclude_reason": "keep", "ndvi": null, "soil_moisture": null, "solar_exposure": null, "wind_exposure": null, "water_retention": null, "slope": null, "aspect": null, "num_identification_agreements": 2, "cluster": 0, "tavg": null, "tmin": null, "tmax": null, "prcp_d0": 0.0, "prcp_d1": 0.0, "prcp_d2": 0.0, "prcp_d3": 0.0, "prcp_d4": 0.0, "prcp_d5": 0.0, "prcp_d6": 0.0, "tmax_d0": 16.9, "tmax_d1": 12.5, "tmax_d2": 6.7, "tmax_d3": 5.8, "tmax_d4": 7.3, "tmax_d5": 3.8, "tmax_d6": 7.5, "tmin_d0": 3.0, "tmin_d1": -1.2, "tmin_d2": 1.4, "tmin_d3": -1.6, "tmin_d4": -3.6, "tmin_d5": -0.1, "tmin_d6": 3.6, "day_of_year": 289, "uuid": "3d245b16-583e-4979-a4a4-bd5b47ad2063", "inat_id": 98429214}}, {"type": "Feature", "geometry": {"type": "Point", "coordinates": [-121.6283358472, 45.2031717043]}, "properties": {"species": "Aureoboletus mirabilis", "date": "2021-10-16", "location": "Oregon, US", "elevation": 1145.0, "land_cover_label": "Tree cover", "water_mask": false, "exclude_reason": "keep", "ndvi": null, "soil_moisture": null, "solar_exposure": null, "wind_exposure": null, "water_retention": null, "slope": null, "aspect": null, "num_identification_agreements": 2, "cluster": 0, "tavg": null, "tmin": null, "tmax": null, "prcp_d0": 0.0, "prcp_d1": 0.0, "prcp_d2": 0.0, "prcp_d3": 0.0, "prcp_d4": 0.0, "prcp_d5": 0.0, "prcp_d6": 0.0, "tmax_d0": 18.4, "tmax_d1": 13.7, "tmax_d2": 6.8, "tmax_d3": 6.4, "tmax_d4": 7.4, "tmax_d5": 4.5, "tmax_d6": 8.9, "tmin_d0": 5.1, "tmin_d1": -0.3, "tmin_d2": 0.8, "tmin_d3": -1.0, "tmin_d4": -2.4, "tmin_d5": -0.5, "tmin_d6": 3.5, "day_of_year": 289, "uuid": "0a06281d-808b-44e2-9e86-63c1e6a9a054", "inat_id": 98441218}}, {"type": "Feature", "geometry": {"type": "Point", "coordinates": [-121.7965122968, 45.2562385024]}, "properties": {"species": "Aureoboletus mirabilis", "date": "2021-10-16", "location": "Oregon, US", "elevation": 1217.0, "land_cover_label": "Tree cover", "water_mask": false, "exclude_reason": "keep", "ndvi": null, "soil_moisture": null, "solar_exposure": null, "wind_exposure": null, "water_retention": null, "slope": null, "aspect": null, "num_identification_agreements": 2, "cluster": 0, "tavg": null, "tmin": null, "tmax": null, "prcp_d0": 0.0, "prcp_d1": 0.0, "prcp_d2": 0.0, "prcp_d3": 0.0, "prcp_d4": 0.0, "prcp_d5": 0.0, "prcp_d6": 0.0, "tmax_d0": 16.1, "tmax_d1": 11.7, "tmax_d2": 5.8, "tmax_d3": 5.0, "tmax_d4": 6.2, "tmax_d5": 2.6, "tmax_d6": 6.9, "tmin_d0": 3.1, "tmin_d1": -1.5, "tmin_d2": 0.3, "tmin_d3": -2.6, "tmin_d4": -4.4, "tmin_d5": -1.0, "tmin_d6": 2.8, "day_of_year": 289, "uuid": "bafabf0d-8436-4ef1-adab-3890ad10d2fd", "inat_id": 98429839}}, {"type": "Feature", "geometry": {"type": "Point", "coordinates": [-121.9419345702, 45.2870752084]}, "properties": {"species": "Aureoboletus mirabilis", "date": "2021-10-17", "location": "Zigzag Ranger Station, Welches, OR, US", "elevation": 529.0, "land_cover_label": "Tree cover", "water_mask": false, "exclude_reason": "keep", "ndvi": null, "soil_moisture": null, "solar_exposure": null, "wind_exposure": null, "water_retention": null, "slope": null, "aspect": null, "num_identification_agreements": 2, "cluster": 0, "tavg": null, "tmin": 7.8, "tmax": 17.2, "prcp_d0": 21.727109909057617, "prcp_d1": 0.0, "prcp_d2": 0.0, "prcp_d3": 0.0, "prcp_d4": 0.0, "prcp_d5": 0.0, "prcp_d6": 0.0, "tmax_d0": 18.1, "tmax_d1": 20.4, "tmax_d2": 16.6, "tmax_d3": 10.7, "tmax_d4": 9.5, "tmax_d5": 10.6, "tmax_d6": 7.0, "tmin_d0": 8.1, "tmin_d1": 6.3, "tmin_d2": 3.3, "tmin_d3": 5.2, "tmin_d4": 2.1, "tmin_d5": -0.8, "tmin_d6": 3.7, "day_of_year": 290, "uuid": "dbb1b799-dd05-42a5-8a9b-6131fe655326", "inat_id": 124121254}}, {"type": "Feature", "geometry": {"type": "Point", "coordinates": [-122.0603, 45.3018]}, "properties": {"species": "Aureoboletus mirabilis", "date": "2021-10-21", "location": "Clackamas River Ranger District, Mount Hood National Forest, Clackamas Co., Oregon, USA", "elevation": 1166.0, "land_cover_label": "Tree cover", "water_mask": false, "exclude_reason": "keep", "ndvi": null, "soil_moisture": null, "solar_exposure": null, "wind_exposure": null, "water_retention": null, "slope": null, "aspect": null, "num_identification_agreements": 2, "cluster": 0, "tavg": null, "tmin": 13.3, "tmax": 18.9, "prcp_d0": 0.0, "prcp_d1": 8.162739753723145, "prcp_d2": 0.0, "prcp_d3": 0.0, "prcp_d4": 24.48822021484375, "prcp_d5": 0.0, "prcp_d6": 0.0, "tmax_d0": 14.7, "tmax_d1": 11.4, "tmax_d2": 12.9, "tmax_d3": 8.3, "tmax_d4": 12.1, "tmax_d5": 14.5, "tmax_d6": 11.7, "tmin_d0": 4.8, "tmin_d1": 4.6, "tmin_d2": -0.9, "tmin_d3": 2.2, "tmin_d4": 0.9, "tmin_d5": -0.7, "tmin_d6": -1.0, "day_of_year": 294, "uuid": "a9289149-ad4c-41e9-94eb-f1e90f1c5894", "inat_id": 116876597}}, {"type": "Feature", "geometry": {"type": "Point", "coordinates": [-122.0603, 45.3018]}, "properties": {"species": "Aureoboletus mirabilis", "date": "2021-10-21", "location": "Clackamas River Ranger District, Mount Hood National Forest, Clackamas Co., Oregon, USA", "elevation": 1166.0, "land_cover_label": "Tree cover", "water_mask": false, "exclude_reason": "keep", "ndvi": null, "soil_moisture": null, "solar_exposure": null, "wind_exposure": null, "water_retention": null, "slope": null, "aspect": null, "num_identification_agreements": 2, "cluster": 0, "tavg": null, "tmin": 13.3, "tmax": 18.9, "prcp_d0": 0.0, "prcp_d1": 8.162739753723145, "prcp_d2": 0.0, "prcp_d3": 0.0, "prcp_d4": 24.48822021484375, "prcp_d5": 0.0, "prcp_d6": 0.0, "tmax_d0": 14.7, "tmax_d1": 11.4, "tmax_d2": 12.9, "tmax_d3": 8.3, "tmax_d4": 12.1, "tmax_d5": 14.5, "tmax_d6": 11.7, "tmin_d0": 4.8, "tmin_d1": 4.6, "tmin_d2": -0.9, "tmin_d3": 2.2, "tmin_d4": 0.9, "tmin_d5": -0.7, "tmin_d6": -1.0, "day_of_year": 294, "uuid": "8f95c270-51d3-4088-8a8f-268872aba07e", "inat_id": 116842269}}, {"type": "Feature", "geometry": {"type": "Point", "coordinates": [-121.7904018629, 45.5676846081]}, "properties": {"species": "Aureoboletus mirabilis", "date": "2021-10-23", "location": "Oregon, US", "elevation": 1096.0, "land_cover_label": "Tree cover", "water_mask": false, "exclude_reason": "keep", "ndvi": null, "soil_moisture": null, "solar_exposure": null, "wind_exposure": null, "water_retention": null, "slope": null, "aspect": null, "num_identification_agreements": 2, "cluster": 1, "tavg": null, "tmin": 10.6, "tmax": 11.7, "prcp_d0": 0.0, "prcp_d1": 17.50640106201172, "prcp_d2": 17.50640106201172, "prcp_d3": 10.683897018432615, "prcp_d4": 0.0, "prcp_d5": 0.0, "prcp_d6": 16.025846481323242, "tmax_d0": 6.9, "tmax_d1": 12.0, "tmax_d2": 14.3, "tmax_d3": 10.7, "tmax_d4": 13.1, "tmax_d5": 9.2, "tmax_d6": 14.3, "tmin_d0": 3.5, "tmin_d1": 3.8, "tmin_d2": 3.1, "tmin_d3": 5.1, "tmin_d4": 0.5, "tmin_d5": 3.5, "tmin_d6": 4.8, "day_of_year": 296, "uuid": "657ba37f-016b-4987-a7aa-d365d2a31355", "inat_id": 99184326}}, {"type": "Feature", "geometry": {"type": "Point", "coordinates": [-121.9036534756, 45.5723363081]}, "properties": {"species": "Aureoboletus mirabilis", "date": "2021-10-25", "location": "Oregon, US", "elevation": 904.0, "land_cover_label": "Tree cover", "water_mask": false, "exclude_reason": "keep", "ndvi": null, "soil_moisture": null, "solar_exposure": null, "wind_exposure": null, "water_retention": null, "slope": null, "aspect": null, "num_identification_agreements": 2, "cluster": 1, "tavg": null, "tmin": 11.7, "tmax": 15.6, "prcp_d0": 0.0, "prcp_d1": 76.73737335205078, "prcp_d2": 38.36868667602539, "prcp_d3": 0.0, "prcp_d4": 0.0, "prcp_d5": 7.969278812408447, "prcp_d6": 0.0, "tmax_d0": 7.9, "tmax_d1": 9.8, "tmax_d2": 7.4, "tmax_d3": 13.0, "tmax_d4": 15.7, "tmax_d5": 11.8, "tmax_d6": 14.2, "tmin_d0": 4.3, "tmin_d1": 4.6, "tmin_d2": 4.3, "tmin_d3": 4.8, "tmin_d4": 3.7, "tmin_d5": 5.9, "tmin_d6": 1.7, "day_of_year": 298, "uuid": "467399af-d9a7-411f-b633-fe61d34c403c", "inat_id": 99407820}}, {"type": "Feature", "geometry": {"type": "Point", "coordinates": [-121.7781893181, 45.3056740928]}, "properties": {"species": "Aureoboletus mirabilis", "date": "2021-10-28", "location": "Mt. Hood Park Division Recreation Area, Government Camp, OR, US", "elevation": 1132.0, "land_cover_label": "Tree cover", "water_mask": false, "exclude_reason": "keep", "ndvi": null, "soil_moisture": null, "solar_exposure": null, "wind_exposure": null, "water_retention": null, "slope": null, "aspect": null, "num_identification_agreements": 2, "cluster": 2, "tavg": null, "tmin": null, "tmax": null, "prcp_d0": 0.0, "prcp_d1": 0.0, "prcp_d2": 0.0, "prcp_d3": 0.0, "prcp_d4": 53.51440048217773, "prcp_d5": 0.0, "prcp_d6": 0.0, "tmax_d0": 11.7, "tmax_d1": 5.1, "tmax_d2": 5.1, "tmax_d3": 6.3, "tmax_d4": 8.1, "tmax_d5": 5.9, "tmax_d6": 12.1, "tmin_d0": 4.5, "tmin_d1": 3.2, "tmin_d2": 2.2, "tmin_d3": 1.7, "tmin_d4": 3.7, "tmin_d5": 2.6, "tmin_d6": 3.2, "day_of_year": 301, "uuid": "9af04edb-42dc-4439-9092-02f9f3b64245", "inat_id": 99673269}}, {"type": "Feature", "geometry": {"type": "Point", "coordinates": [-121.9703740408, 45.2278662298]}, "properties": {"species": "Aureoboletus mirabilis", "date": "2021-11-06", "location": "Oregon, US", "elevation": 1398.0, "land_cover_label": "Tree cover", "water_mask": false, "exclude_reason": "keep", "ndvi": null, "soil_moisture": null, "solar_exposure": null, "wind_exposure": null, "water_retention": null, "slope": null, "aspect": null, "num_identification_agreements": 2, "cluster": 2, "tavg": null, "tmin": 6.1, "tmax": 11.1, "prcp_d0": 0.0, "prcp_d1": 0.0, "prcp_d2": 11.960752487182615, "prcp_d3": 0.0, "prcp_d4": 11.960752487182615, "prcp_d5": 23.921504974365234, "prcp_d6": 0.0, "tmax_d0": 1.6, "tmax_d1": 3.4, "tmax_d2": 7.4, "tmax_d3": 10.5, "tmax_d4": 7.4, "tmax_d5": 1.2, "tmax_d6": 4.2, "tmin_d0": -3.8, "tmin_d1": 0.4, "tmin_d2": 2.1, "tmin_d3": 1.6, "tmin_d4": -2.5, "tmin_d5": -1.7, "tmin_d6": -1.6, "day_of_year": 310, "uuid": "677ce3ce-afce-4a1f-9290-1599ccb070e4", "inat_id": 100443266}}, {"type": "Feature", "geometry": {"type": "Point", "coordinates": [-122.1891028447, 45.5414184867]}, "properties": {"species": "Aureoboletus mirabilis", "date": "2021-11-08", "location": "Cascade Locks, OR 97014, USA", "elevation": 269.0, "land_cover_label": "Tree cover", "water_mask": false, "exclude_reason": "keep", "ndvi": null, "soil_moisture": null, "solar_exposure": null, "wind_exposure": null, "water_retention": null, "slope": null, "aspect": null, "num_identification_agreements": 1, "cluster": 0, "tavg": null, "tmin": 4.4, "tmax": 12.2, "prcp_d0": 0.0, "prcp_d1": 0.0, "prcp_d2": 0.0, "prcp_d3": 0.0, "prcp_d4": 13.51348114013672, "prcp_d5": 0.0, "prcp_d6": 13.51348114013672, "tmax_d0": 11.2, "tmax_d1": 9.3, "tmax_d2": 9.6, "tmax_d3": 11.0, "tmax_d4": 12.1, "tmax_d5": 14.2, "tmax_d6": 10.4, "tmin_d0": 1.9, "tmin_d1": 2.7, "tmin_d2": 4.0, "tmin_d3": 7.4, "tmin_d4": 7.7, "tmin_d5": 7.0, "tmin_d6": 4.8, "day_of_year": 312, "uuid": "3f66311f-c6ff-488c-b999-d64f0fffdc13", "inat_id": 100659328}}, {"type": "Feature", "geometry": {"type": "Point", "coordinates": [-121.8416666667, 45.29342]}, "properties": {"species": "Aureoboletus mirabilis", "date": "2021-11-10", "location": "Mt. Hood Park Division Recreation Area, Rhododendron, OR, US", "elevation": 992.0, "land_cover_label": "Tree cover", "water_mask": false, "exclude_reason": "keep", "ndvi": null, "soil_moisture": null, "solar_exposure": null, "wind_exposure": null, "water_retention": null, "slope": null, "aspect": null, "num_identification_agreements": 2, "cluster": 1, "tavg": null, "tmin": null, "tmax": null, "prcp_d0": 0.0, "prcp_d1": 48.41246032714844, "prcp_d2": 0.0, "prcp_d3": 0.0, "prcp_d4": 0.0, "prcp_d5": 0.0, "prcp_d6": 22.914493560791016, "tmax_d0": 6.2, "tmax_d1": 4.9, "tmax_d2": 4.4, "tmax_d3": 3.0, "tmax_d4": 4.0, "tmax_d5": 5.4, "tmax_d6": 9.9, "tmin_d0": 0.1, "tmin_d1": 1.2, "tmin_d2": -2.2, "tmin_d3": -1.3, "tmin_d4": -0.8, "tmin_d5": 2.5, "tmin_d6": 4.2, "day_of_year": 314, "uuid": "2ca19f56-0bd6-47b6-8603-89cfc3a675f5", "inat_id": 100864739}}, {"type": "Feature", "geometry": {"type": "Point", "coordinates": [-121.7304, 45.2791]}, "properties": {"species": "Aureoboletus mirabilis", "date": "2022-09-21", "location": "Zigzag Ranger District portion in Clackamas Co., Mount Hood National Forest, Clackamas Co., Oregon, USA", "elevation": 1110.0, "land_cover_label": "Tree cover", "water_mask": false, "exclude_reason": "keep", "ndvi": null, "soil_moisture": null, "solar_exposure": null, "wind_exposure": null, "water_retention": null, "slope": null, "aspect": null, "num_identification_agreements": 2, "cluster": 0, "tavg": null, "tmin": 12.5, "tmax": 24.5, "prcp_d0": 0.0, "prcp_d1": 0.0, "prcp_d2": 0.0, "prcp_d3": 0.0, "prcp_d4": 0.0, "prcp_d5": 0.0, "prcp_d6": 0.0, "tmax_d0": 18.3, "tmax_d1": 19.4, "tmax_d2": 23.2, "tmax_d3": 17.8, "tmax_d4": 16.3, "tmax_d5": 13.7, "tmax_d6": 15.5, "tmin_d0": 9.9, "tmin_d1": 10.9, "tmin_d2": 8.9, "tmin_d3": 7.0, "tmin_d4": 4.8, "tmin_d5": 7.6, "tmin_d6": 8.5, "day_of_year": 264, "uuid": "44bbda1f-0ba0-4415-8a5b-a2564564cea2", "inat_id": 137099149}}, {"type": "Feature", "geometry": {"type": "Point", "coordinates": [-121.7286, 45.2773]}, "properties": {"species": "Aureoboletus mirabilis", "date": "2022-09-23", "location": "Zigzag Ranger District portion in Clackamas Co., Mount Hood National Forest, Clackamas Co., Oregon, USA", "elevation": 1102.0, "land_cover_label": "Tree cover", "water_mask": false, "exclude_reason": "keep", "ndvi": null, "soil_moisture": null, "solar_exposure": null, "wind_exposure": null, "water_retention": null, "slope": null, "aspect": null, "num_identification_agreements": 2, "cluster": 0, "tavg": null, "tmin": 11.6, "tmax": 24.4, "prcp_d0": 0.0, "prcp_d1": 0.0, "prcp_d2": 0.0, "prcp_d3": 0.0, "prcp_d4": 0.0, "prcp_d5": 0.0, "prcp_d6": 0.0, "tmax_d0": 18.5, "tmax_d1": 14.2, "tmax_d2": 18.2, "tmax_d3": 19.3, "tmax_d4": 23.1, "tmax_d5": 17.8, "tmax_d6": 16.3, "tmin_d0": 7.6, "tmin_d1": 8.8, "tmin_d2": 9.8, "tmin_d3": 10.9, "tmin_d4": 8.8, "tmin_d5": 7.0, "tmin_d6": 4.7, "day_of_year": 266, "uuid": "e8f7dd59-ff60-4cd9-9c77-236bac38b22d", "inat_id": 137099349}}, {"type": "Feature", "geometry": {"type": "Point", "coordinates": [-121.7765172503, 45.4169465009]}, "properties": {"species": "Aureoboletus mirabilis", "date": "2022-09-24", "location": "Mount Hood Wilderness, OR, USA", "elevation": 1101.0, "land_cover_label": "Tree cover", "water_mask": false, "exclude_reason": "keep", "ndvi": null, "soil_moisture": null, "solar_exposure": null, "wind_exposure": null, "water_retention": null, "slope": null, "aspect": null, "num_identification_agreements": 2, "cluster": 0, "tavg": null, "tmin": 9.7, "tmax": 26.5, "prcp_d0": 0.0, "prcp_d1": 0.0, "prcp_d2": 0.0, "prcp_d3": 0.0, "prcp_d4": 0.0, "prcp_d5": 0.0, "prcp_d6": 0.0, "tmax_d0": 22.2, "tmax_d1": 17.3, "tmax_d2": 13.3, "tmax_d3": 19.4, "tmax_d4": 19.6, "tmax_d5": 21.9, "tmax_d6": 19.3, "tmin_d0": 6.8, "tmin_d1": 4.0, "tmin_d2": 8.6, "tmin_d3": 6.8, "tmin_d4": 10.1, "tmin_d5": 6.8, "tmin_d6": 5.7, "day_of_year": 267, "uuid": "99cd990c-c503-48a6-8a9f-f096c0e488f1", "inat_id": 136609944}}, {"type": "Feature", "geometry": {"type": "Point", "coordinates": [-121.6996697642, 45.2743238273]}, "properties": {"species": "Aureoboletus mirabilis", "date": "2022-09-30", "location": "Mt. Hood Park Division Recreation Area, Government Camp, OR, US", "elevation": 1284.0, "land_cover_label": "Tree cover", "water_mask": false, "exclude_reason": "keep", "ndvi": null, "soil_moisture": null, "solar_exposure": null, "wind_exposure": null, "water_retention": null, "slope": null, "aspect": null, "num_identification_agreements": 2, "cluster": 0, "tavg": null, "tmin": 11.8, "tmax": 23.6, "prcp_d0": 1.341011881828308, "prcp_d1": 19.95478248596192, "prcp_d2": 0.462457537651062, "prcp_d3": 0.0, "prcp_d4": 0.0, "prcp_d5": 0.0, "prcp_d6": 0.0, "tmax_d0": 17.9, "tmax_d1": 12.8, "tmax_d2": 19.3, "tmax_d3": 23.9, "tmax_d4": 24.5, "tmax_d5": 21.9, "tmax_d6": 22.1, "tmin_d0": 4.7, "tmin_d1": 7.6, "tmin_d2": 9.2, "tmin_d3": 12.6, "tmin_d4": 13.8, "tmin_d5": 11.7, "tmin_d6": 6.8, "day_of_year": 273, "uuid": "a3db1886-9b6e-47ca-bfe2-cf13119dbd47", "inat_id": 137113184}}, {"type": "Feature", "geometry": {"type": "Point", "coordinates": [-122.1046813577, 45.5236520172]}, "properties": {"species": "Aureoboletus mirabilis", "date": "2022-09-30", "location": "Larch Mountain", "elevation": 898.0, "land_cover_label": "Tree cover", "water_mask": false, "exclude_reason": "keep", "ndvi": null, "soil_moisture": null, "solar_exposure": null, "wind_exposure": null, "water_retention": null, "slope": null, "aspect": null, "num_identification_agreements": 3, "cluster": 1, "tavg": null, "tmin": 14.4, "tmax": 22.8, "prcp_d0": 2.8652453422546387, "prcp_d1": 35.50898742675781, "prcp_d2": 1.1746729612350464, "prcp_d3": 6.797810056013986e-05, "prcp_d4": 0.0, "prcp_d5": 0.0, "prcp_d6": 0.0, "tmax_d0": 21.1, "tmax_d1": 13.1, "tmax_d2": 20.7, "tmax_d3": 25.4, "tmax_d4": 26.4, "tmax_d5": 26.1, "tmax_d6": 21.4, "tmin_d0": 8.6, "tmin_d1": 9.5, "tmin_d2": 8.7, "tmin_d3": 10.8, "tmin_d4": 12.1, "tmin_d5": 10.1, "tmin_d6": 6.1, "day_of_year": 273, "uuid": "8083afea-b306-4237-a01a-3a485f0b8dda", "inat_id": 137110930}}, {"type": "Feature", "geometry": {"type": "Point", "coordinates": [-121.5845944217, 45.3232714127]}, "properties": {"species": "Aureoboletus mirabilis", "date": "2022-10-01", "location": "Hood River County, OR, USA", "elevation": 1174.0, "land_cover_label": "Tree cover", "water_mask": false, "exclude_reason": "keep", "ndvi": null, "soil_moisture": null, "solar_exposure": null, "wind_exposure": null, "water_retention": null, "slope": null, "aspect": null, "num_identification_agreements": 2, "cluster": 0, "tavg": null, "tmin": 11.2, "tmax": 23.6, "prcp_d0": 0.0, "prcp_d1": 0.7559247016906738, "prcp_d2": 11.59299659729004, "prcp_d3": 0.2527265846729278, "prcp_d4": 0.0, "prcp_d5": 0.0, "prcp_d6": 0.0, "tmax_d0": 17.1, "tmax_d1": 18.3, "tmax_d2": 14.0, "tmax_d3": 21.9, "tmax_d4": 25.7, "tmax_d5": 24.3, "tmax_d6": 22.0, "tmin_d0": 9.3, "tmin_d1": 6.4, "tmin_d2": 8.3, "tmin_d3": 11.6, "tmin_d4": 12.6, "tmin_d5": 13.7, "tmin_d6": 10.8, "day_of_year": 274, "uuid": "82c1ba67-15ca-4f43-9be6-2046b1794fe0", "inat_id": 137272453}}, {"type": "Feature", "geometry": {"type": "Point", "coordinates": [-121.5853208027, 45.3302317301]}, "properties": {"species": "Aureoboletus mirabilis", "date": "2022-10-01", "location": "Mt. Hood Park Division Recreation Area, Mount Hood Parkdale, OR, US", "elevation": 1161.0, "land_cover_label": "Tree cover", "water_mask": false, "exclude_reason": "keep", "ndvi": null, "soil_moisture": null, "solar_exposure": null, "wind_exposure": null, "water_retention": null, "slope": null, "aspect": null, "num_identification_agreements": 3, "cluster": 0, "tavg": null, "tmin": 11.2, "tmax": 23.6, "prcp_d0": 0.0, "prcp_d1": 0.7559247016906738, "prcp_d2": 11.59299659729004, "prcp_d3": 0.2527265846729278, "prcp_d4": 0.0, "prcp_d5": 0.0, "prcp_d6": 0.0, "tmax_d0": 17.0, "tmax_d1": 17.8, "tmax_d2": 14.9, "tmax_d3": 23.4, "tmax_d4": 25.9, "tmax_d5": 24.1, "tmax_d6": 22.3, "tmin_d0": 9.2, "tmin_d1": 6.3, "tmin_d2": 8.6, "tmin_d3": 11.5, "tmin_d4": 14.2, "tmin_d5": 12.0, "tmin_d6": 11.0, "day_of_year": 274, "uuid": "ef1faf91-d72a-42dd-8753-bee8144fa34f", "inat_id": 137240931}}, {"type": "Feature", "geometry": {"type": "Point", "coordinates": [-121.6954333333, 45.1882633333]}, "properties": {"species": "Aureoboletus mirabilis", "date": "2022-10-01", "location": "Forest Service U.S. Department of Agriculture, Maupin, OR, US", "elevation": 1134.0, "land_cover_label": "Tree cover", "water_mask": false, "exclude_reason": "keep", "ndvi": null, "soil_moisture": null, "solar_exposure": null, "wind_exposure": null, "water_retention": null, "slope": null, "aspect": null, "num_identification_agreements": 2, "cluster": 0, "tavg": null, "tmin": null, "tmax": null, "prcp_d0": 0.0, "prcp_d1": 1.1401127576828003, "prcp_d2": 17.327783584594727, "prcp_d3": 0.3925066590309143, "prcp_d4": 5.352588345886033e-07, "prcp_d5": 0.0, "prcp_d6": 0.0, "tmax_d0": 17.7, "tmax_d1": 18.8, "tmax_d2": 14.4, "tmax_d3": 21.5, "tmax_d4": 25.5, "tmax_d5": 24.9, "tmax_d6": 22.5, "tmin_d0": 9.8, "tmin_d1": 6.1, "tmin_d2": 8.8, "tmin_d3": 10.8, "tmin_d4": 12.0, "tmin_d5": 13.8, "tmin_d6": 12.3, "day_of_year": 274, "uuid": "f87f0e22-ad7f-465a-9a9a-75417df448bd", "inat_id": 137560162}}, {"type": "Feature", "geometry": {"type": "Point", "coordinates": [-121.5766989067, 45.4106331437]}, "properties": {"species": "Aureoboletus mirabilis", "date": "2022-10-02", "location": "MT HOOD PRKDL, OR 97041, USA", "elevation": 1008.0, "land_cover_label": "Tree cover", "water_mask": false, "exclude_reason": "keep", "ndvi": null, "soil_moisture": null, "solar_exposure": null, "wind_exposure": null, "water_retention": null, "slope": null, "aspect": null, "num_identification_agreements": 2, "cluster": 0, "tavg": null, "tmin": 12.6, "tmax": 25.8, "prcp_d0": 0.0, "prcp_d1": 0.0, "prcp_d2": 0.9277417063713074, "prcp_d3": 13.981409072875977, "prcp_d4": 0.3184182941913605, "prcp_d5": 0.0, "prcp_d6": 0.0, "tmax_d0": 20.9, "tmax_d1": 17.9, "tmax_d2": 19.1, "tmax_d3": 14.2, "tmax_d4": 21.4, "tmax_d5": 24.5, "tmax_d6": 25.5, "tmin_d0": 11.4, "tmin_d1": 10.2, "tmin_d2": 6.8, "tmin_d3": 8.3, "tmin_d4": 11.3, "tmin_d5": 13.8, "tmin_d6": 13.0, "day_of_year": 275, "uuid": "a08e2c26-e716-4274-9434-5fea0400c7a7", "inat_id": 137376868}}, {"type": "Feature", "geometry": {"type": "Point", "coordinates": [-121.6293583132, 45.7821078574]}, "properties": {"species": "Aureoboletus mirabilis", "date": "2022-10-04", "location": "Oklahoma Rd, Bingen, WA, US", "elevation": 398.0, "land_cover_label": "Tree cover", "water_mask": false, "exclude_reason": "keep", "ndvi": null, "soil_moisture": null, "solar_exposure": null, "wind_exposure": null, "water_retention": null, "slope": null, "aspect": null, "num_identification_agreements": 3, "cluster": 0, "tavg": null, "tmin": 13.2, "tmax": 26.5, "prcp_d0": 0.0, "prcp_d1": 0.0, "prcp_d2": 0.0, "prcp_d3": 0.0, "prcp_d4": 1.3257352113723757, "prcp_d5": 18.1483097076416, "prcp_d6": 0.6109992861747742, "tmax_d0": 25.0, "tmax_d1": 25.2, "tmax_d2": 24.1, "tmax_d3": 22.0, "tmax_d4": 22.6, "tmax_d5": 18.4, "tmax_d6": 25.2, "tmin_d0": 13.2, "tmin_d1": 11.3, "tmin_d2": 12.1, "tmin_d3": 10.9, "tmin_d4": 11.7, "tmin_d5": 12.0, "tmin_d6": 13.1, "day_of_year": 277, "uuid": "3249caea-b36d-4a14-8e4e-f9d4ad97f536", "inat_id": 137596409}}, {"type": "Feature", "geometry": {"type": "Point", "coordinates": [-121.5856805556, 45.3413722222]}, "properties": {"species": "Aureoboletus mirabilis", "date": "2022-10-06", "location": "MT HOOD PRKDL, OR 97041, USA", "elevation": 1136.0, "land_cover_label": "Tree cover", "water_mask": false, "exclude_reason": "keep", "ndvi": null, "soil_moisture": null, "solar_exposure": null, "wind_exposure": null, "water_retention": null, "slope": null, "aspect": null, "num_identification_agreements": 2, "cluster": 0, "tavg": null, "tmin": 13.7, "tmax": 27.0, "prcp_d0": 0.0, "prcp_d1": 0.0, "prcp_d2": 0.0, "prcp_d3": 0.0, "prcp_d4": 0.0, "prcp_d5": 0.0, "prcp_d6": 0.7559247016906738, "tmax_d0": 22.3, "tmax_d1": 23.4, "tmax_d2": 22.7, "tmax_d3": 21.7, "tmax_d4": 19.8, "tmax_d5": 17.2, "tmax_d6": 18.0, "tmin_d0": 10.6, "tmin_d1": 13.1, "tmin_d2": 11.4, "tmin_d3": 9.9, "tmin_d4": 8.6, "tmin_d5": 9.4, "tmin_d6": 6.5, "day_of_year": 279, "uuid": "ea11e98f-b360-453e-809d-bc0014830dd8", "inat_id": 137815063}}, {"type": "Feature", "geometry": {"type": "Point", "coordinates": [-121.5826722222, 45.3267944444]}, "properties": {"species": "Aureoboletus mirabilis", "date": "2022-10-08", "location": "MT HOOD PRKDL, OR 97041, USA", "elevation": 1168.0, "land_cover_label": "Tree cover", "water_mask": false, "exclude_reason": "keep", "ndvi": null, "soil_moisture": null, "solar_exposure": null, "wind_exposure": null, "water_retention": null, "slope": null, "aspect": null, "num_identification_agreements": 2, "cluster": 0, "tavg": null, "tmin": 12.7, "tmax": 26.1, "prcp_d0": 0.0, "prcp_d1": 0.0, "prcp_d2": 0.0, "prcp_d3": 0.0, "prcp_d4": 0.0, "prcp_d5": 0.0, "prcp_d6": 0.0, "tmax_d0": 21.2, "tmax_d1": 21.4, "tmax_d2": 22.0, "tmax_d3": 23.1, "tmax_d4": 22.4, "tmax_d5": 21.4, "tmax_d6": 19.5, "tmin_d0": 10.3, "tmin_d1": 10.9, "tmin_d2": 10.4, "tmin_d3": 12.9, "tmin_d4": 11.1, "tmin_d5": 9.7, "tmin_d6": 8.3, "day_of_year": 281, "uuid": "f08e80d3-ff68-438a-885f-99a4a8000a73", "inat_id": 138037733}}, {"type": "Feature", "geometry": {"type": "Point", "coordinates": [-121.6027470049, 45.3992965386]}, "properties": {"species": "Aureoboletus mirabilis", "date": "2022-10-09", "location": "Oregon, US", "elevation": 1365.0, "land_cover_label": "Tree cover", "water_mask": false, "exclude_reason": "keep", "ndvi": null, "soil_moisture": null, "solar_exposure": null, "wind_exposure": null, "water_retention": null, "slope": null, "aspect": null, "num_identification_agreements": 2, "cluster": 0, "tavg": null, "tmin": 12.2, "tmax": 26.5, "prcp_d0": 0.0, "prcp_d1": 0.0, "prcp_d2": 0.0, "prcp_d3": 0.0, "prcp_d4": 0.0, "prcp_d5": 0.0, "prcp_d6": 0.0, "tmax_d0": 21.5, "tmax_d1": 21.0, "tmax_d2": 21.1, "tmax_d3": 21.5, "tmax_d4": 21.8, "tmax_d5": 22.0, "tmax_d6": 21.5, "tmin_d0": 10.0, "tmin_d1": 9.9, "tmin_d2": 12.7, "tmin_d3": 12.4, "tmin_d4": 11.4, "tmin_d5": 12.1, "tmin_d6": 10.6, "day_of_year": 282, "uuid": "73f3bbc9-a0db-4de7-9c1d-18a7e3b491a3", "inat_id": 138413400}}, {"type": "Feature", "geometry": {"type": "Point", "coordinates": [-122.0247805, 45.219825]}, "properties": {"species": "Aureoboletus mirabilis", "date": "2022-10-09", "location": "Forest Service U.S. Department of Agriculture, Estacada, OR, US", "elevation": 1097.0, "land_cover_label": "Tree cover", "water_mask": false, "exclude_reason": "keep", "ndvi": null, "soil_moisture": null, "solar_exposure": null, "wind_exposure": null, "water_retention": null, "slope": null, "aspect": null, "num_identification_agreements": 3, "cluster": 0, "tavg": null, "tmin": 10.0, "tmax": 29.4, "prcp_d0": 0.0, "prcp_d1": 0.0, "prcp_d2": 0.0, "prcp_d3": 0.0, "prcp_d4": 0.0, "prcp_d5": 0.0, "prcp_d6": 0.0, "tmax_d0": 24.0, "tmax_d1": 24.3, "tmax_d2": 24.4, "tmax_d3": 24.7, "tmax_d4": 20.3, "tmax_d5": 22.0, "tmax_d6": 24.1, "tmin_d0": 9.8, "tmin_d1": 11.1, "tmin_d2": 13.6, "tmin_d3": 10.6, "tmin_d4": 6.9, "tmin_d5": 6.7, "tmin_d6": 9.3, "day_of_year": 282, "uuid": "134234bf-87d1-4742-b95d-d358bb89e995", "inat_id": 138231760}}, {"type": "Feature", "geometry": {"type": "Point", "coordinates": [-121.7312916667, 45.2776027778]}, "properties": {"species": "Aureoboletus mirabilis", "date": "2022-10-09", "location": "Clackamas, Oregon, United States", "elevation": 1107.0, "land_cover_label": "Tree cover", "water_mask": false, "exclude_reason": "keep", "ndvi": null, "soil_moisture": null, "solar_exposure": null, "wind_exposure": null, "water_retention": null, "slope": null, "aspect": null, "num_identification_agreements": 2, "cluster": 0, "tavg": null, "tmin": 12.2, "tmax": 26.5, "prcp_d0": 0.0, "prcp_d1": 0.0, "prcp_d2": 0.0, "prcp_d3": 0.0, "prcp_d4": 0.0, "prcp_d5": 0.0, "prcp_d6": 0.0, "tmax_d0": 22.7, "tmax_d1": 22.4, "tmax_d2": 22.3, "tmax_d3": 23.2, "tmax_d4": 24.7, "tmax_d5": 24.1, "tmax_d6": 22.8, "tmin_d0": 13.9, "tmin_d1": 14.0, "tmin_d2": 15.0, "tmin_d3": 14.9, "tmin_d4": 10.7, "tmin_d5": 13.6, "tmin_d6": 13.5, "day_of_year": 282, "uuid": "549c74eb-741a-4070-9984-3fb6c6336430", "inat_id": 138206326}}, {"type": "Feature", "geometry": {"type": "Point", "coordinates": [-121.5815277778, 45.3394666667]}, "properties": {"species": "Aureoboletus mirabilis", "date": "2022-10-10", "location": "Hood River, Oregon, United States", "elevation": 1132.0, "land_cover_label": "Tree cover", "water_mask": false, "exclude_reason": "keep", "ndvi": null, "soil_moisture": null, "solar_exposure": null, "wind_exposure": null, "water_retention": null, "slope": null, "aspect": null, "num_identification_agreements": 3, "cluster": 0, "tavg": null, "tmin": 11.6, "tmax": 25.2, "prcp_d0": 0.0, "prcp_d1": 0.0, "prcp_d2": 0.0, "prcp_d3": 0.0, "prcp_d4": 0.0, "prcp_d5": 0.0, "prcp_d6": 0.0, "tmax_d0": 21.8, "tmax_d1": 21.6, "tmax_d2": 21.5, "tmax_d3": 21.7, "tmax_d4": 22.3, "tmax_d5": 23.4, "tmax_d6": 22.7, "tmin_d0": 12.6, "tmin_d1": 11.5, "tmin_d2": 10.6, "tmin_d3": 11.2, "tmin_d4": 10.7, "tmin_d5": 13.2, "tmin_d6": 11.4, "day_of_year": 283, "uuid": "fc807c38-12e6-457e-aa05-6d1b32a9da1f", "inat_id": 138355821}}, {"type": "Feature", "geometry": {"type": "Point", "coordinates": [-121.6805944444, 45.172775]}, "properties": {"species": "Aureoboletus mirabilis", "date": "2022-10-13", "location": "Wasco, Oregon, United States", "elevation": 1115.0, "land_cover_label": "Tree cover", "water_mask": false, "exclude_reason": "keep", "ndvi": null, "soil_moisture": null, "solar_exposure": null, "wind_exposure": null, "water_retention": null, "slope": null, "aspect": null, "num_identification_agreements": 2, "cluster": 0, "tavg": null, "tmin": null, "tmax": null, "prcp_d0": 0.0, "prcp_d1": 0.0, "prcp_d2": 0.0, "prcp_d3": 0.0, "prcp_d4": 0.0, "prcp_d5": 0.0, "prcp_d6": 0.0, "tmax_d0": 19.7, "tmax_d1": 20.1, "tmax_d2": 20.0, "tmax_d3": 19.7, "tmax_d4": 21.6, "tmax_d5": 21.0, "tmax_d6": 21.3, "tmin_d0": 10.9, "tmin_d1": 9.0, "tmin_d2": 6.1, "tmin_d3": 9.9, "tmin_d4": 10.7, "tmin_d5": 13.0, "tmin_d6": 14.1, "day_of_year": 286, "uuid": "69d57e72-d6db-4c7c-ae1b-4c42f38e7399", "inat_id": 138680831}}, {"type": "Feature", "geometry": {"type": "Point", "coordinates": [-121.807525, 45.3163916667]}, "properties": {"species": "Aureoboletus mirabilis", "date": "2022-10-14", "location": "Mt. Hood Park Division Recreation Area, Government Camp, OR, US", "elevation": 925.0, "land_cover_label": "Tree cover", "water_mask": false, "exclude_reason": "keep", "ndvi": null, "soil_moisture": null, "solar_exposure": null, "wind_exposure": null, "water_retention": null, "slope": null, "aspect": null, "num_identification_agreements": 2, "cluster": 0, "tavg": null, "tmin": 11.4, "tmax": 23.8, "prcp_d0": 0.0, "prcp_d1": 0.0, "prcp_d2": 0.0, "prcp_d3": 0.0, "prcp_d4": 0.0, "prcp_d5": 0.0, "prcp_d6": 0.0, "tmax_d0": 25.1, "tmax_d1": 25.3, "tmax_d2": 25.7, "tmax_d3": 20.3, "tmax_d4": 23.4, "tmax_d5": 25.0, "tmax_d6": 25.4, "tmin_d0": 8.0, "tmin_d1": 8.8, "tmin_d2": 9.4, "tmin_d3": 7.4, "tmin_d4": 10.5, "tmin_d5": 7.6, "tmin_d6": 8.5, "day_of_year": 287, "uuid": "b5dfc30f-9702-44cf-b72a-f4a745dc110a", "inat_id": 138731255}}, {"type": "Feature", "geometry": {"type": "Point", "coordinates": [-121.6223972222, 45.3196305556]}, "properties": {"species": "Aureoboletus mirabilis", "date": "2022-10-14", "location": "Hood River, Oregon, United States", "elevation": 1324.0, "land_cover_label": "Tree cover", "water_mask": false, "exclude_reason": "keep", "ndvi": null, "soil_moisture": null, "solar_exposure": null, "wind_exposure": null, "water_retention": null, "slope": null, "aspect": null, "num_identification_agreements": 3, "cluster": 0, "tavg": null, "tmin": 11.4, "tmax": 23.8, "prcp_d0": 0.0, "prcp_d1": 0.0, "prcp_d2": 0.0, "prcp_d3": 0.0, "prcp_d4": 0.0, "prcp_d5": 0.0, "prcp_d6": 0.0, "tmax_d0": 22.9, "tmax_d1": 20.6, "tmax_d2": 20.7, "tmax_d3": 20.4, "tmax_d4": 19.3, "tmax_d5": 21.0, "tmax_d6": 20.9, "tmin_d0": 9.4, "tmin_d1": 10.0, "tmin_d2": 9.7, "tmin_d3": 4.8, "tmin_d4": 9.6, "tmin_d5": 9.6, "tmin_d6": 9.7, "day_of_year": 287, "uuid": "6a4e75ad-9691-4e28-aee2-7cdc83855efa", "inat_id": 139080833}}, {"type": "Feature", "geometry": {"type": "Point", "coordinates": [-121.7368908226, 45.2706686904]}, "properties": {"species": "Aureoboletus mirabilis", "date": "2022-10-15", "location": "TIMBRLINE LDG, OR 97028, USA", "elevation": 1112.0, "land_cover_label": "Tree cover", "water_mask": false, "exclude_reason": "keep", "ndvi": null, "soil_moisture": null, "solar_exposure": null, "wind_exposure": null, "water_retention": null, "slope": null, "aspect": null, "num_identification_agreements": 3, "cluster": 0, "tavg": null, "tmin": 10.2, "tmax": 24.3, "prcp_d0": 0.0, "prcp_d1": 0.0, "prcp_d2": 0.0, "prcp_d3": 0.0, "prcp_d4": 9.365456581115724, "prcp_d5": 0.0, "prcp_d6": 0.0, "tmax_d0": 22.2, "tmax_d1": 24.3, "tmax_d2": 21.5, "tmax_d3": 21.7, "tmax_d4": 21.4, "tmax_d5": 21.1, "tmax_d6": 22.7, "tmin_d0": 12.5, "tmin_d1": 12.5, "tmin_d2": 12.5, "tmin_d3": 11.2, "tmin_d4": 6.6, "tmin_d5": 10.7, "tmin_d6": 13.9, "day_of_year": 288, "uuid": "7b9f001b-4e5f-4dce-99c9-9165af1a6788", "inat_id": 138933463}}, {"type": "Feature", "geometry": {"type": "Point", "coordinates": [-121.7374507835, 45.2795264909]}, "properties": {"species": "Aureoboletus mirabilis", "date": "2022-10-15", "location": "Mt. Hood Park Division Recreation Area, Government Camp, OR, US", "elevation": 1137.0, "land_cover_label": "Tree cover", "water_mask": false, "exclude_reason": "keep", "ndvi": null, "soil_moisture": null, "solar_exposure": null, "wind_exposure": null, "water_retention": null, "slope": null, "aspect": null, "num_identification_agreements": 1, "cluster": 0, "tavg": null, "tmin": 10.2, "tmax": 24.3, "prcp_d0": 0.0, "prcp_d1": 0.0, "prcp_d2": 0.0, "prcp_d3": 0.0, "prcp_d4": 9.365456581115724, "prcp_d5": 0.0, "prcp_d6": 0.0, "tmax_d0": 22.4, "tmax_d1": 24.5, "tmax_d2": 23.0, "tmax_d3": 23.2, "tmax_d4": 20.5, "tmax_d5": 21.8, "tmax_d6": 23.3, "tmin_d0": 10.9, "tmin_d1": 9.9, "tmin_d2": 10.2, "tmin_d3": 10.2, "tmin_d4": 6.6, "tmin_d5": 12.6, "tmin_d6": 10.1, "day_of_year": 288, "uuid": "c3b60e96-96a1-4b50-b1c1-816501e8d8a7", "inat_id": 138903158}}, {"type": "Feature", "geometry": {"type": "Point", "coordinates": [-121.7755588474, 45.3046493985]}, "properties": {"species": "Aureoboletus mirabilis", "date": "2022-10-16", "location": "Mt. Hood Park Division Recreation Area, Government Camp, OR, US", "elevation": 1127.0, "land_cover_label": "Tree cover", "water_mask": false, "exclude_reason": "keep", "ndvi": null, "soil_moisture": null, "solar_exposure": null, "wind_exposure": null, "water_retention": null, "slope": null, "aspect": null, "num_identification_agreements": 2, "cluster": 0, "tavg": null, "tmin": 9.3, "tmax": 23.9, "prcp_d0": 0.0, "prcp_d1": 0.0, "prcp_d2": 0.0, "prcp_d3": 0.0, "prcp_d4": 0.0, "prcp_d5": 8.077680587768555, "prcp_d6": 0.0, "tmax_d0": 21.0, "tmax_d1": 22.4, "tmax_d2": 24.5, "tmax_d3": 23.0, "tmax_d4": 23.2, "tmax_d5": 20.5, "tmax_d6": 21.8, "tmin_d0": 11.8, "tmin_d1": 10.9, "tmin_d2": 9.9, "tmin_d3": 10.2, "tmin_d4": 10.2, "tmin_d5": 6.6, "tmin_d6": 12.6, "day_of_year": 289, "uuid": "ccf297aa-2906-4adb-9605-0de853e071df", "inat_id": 139052714}}, {"type": "Feature", "geometry": {"type": "Point", "coordinates": [-121.6598744889, 45.7963736904]}, "properties": {"species": "Aureoboletus mirabilis", "date": "2022-11-16", "location": "Skamania County, US-WA, US", "elevation": 497.0, "land_cover_label": "Tree cover", "water_mask": false, "exclude_reason": "keep", "ndvi": null, "soil_moisture": null, "solar_exposure": null, "wind_exposure": null, "water_retention": null, "slope": null, "aspect": null, "num_identification_agreements": 2, "cluster": 0, "tavg": null, "tmin": -1.7, "tmax": 4.4, "prcp_d0": 0.0, "prcp_d1": 0.0, "prcp_d2": 0.0, "prcp_d3": 0.0, "prcp_d4": 0.0, "prcp_d5": 0.0, "prcp_d6": 0.0, "tmax_d0": 3.4, "tmax_d1": 4.1, "tmax_d2": 3.4, "tmax_d3": 5.0, "tmax_d4": 4.4, "tmax_d5": 5.1, "tmax_d6": 6.7, "tmin_d0": -2.7, "tmin_d1": -2.3, "tmin_d2": -1.4, "tmin_d3": -1.4, "tmin_d4": -1.6, "tmin_d5": -0.6, "tmin_d6": 1.0, "day_of_year": 320, "uuid": "697d35d1-0210-4979-a89b-334645a6db07", "inat_id": 142259660}}, {"type": "Feature", "geometry": {"type": "Point", "coordinates": [-121.6537455261, 45.2126896223]}, "properties": {"species": "Aureoboletus mirabilis", "date": "2023-07-23", "location": "Oregon, US", "elevation": 1407.0, "land_cover_label": "Tree cover", "water_mask": false, "exclude_reason": "keep", "ndvi": null, "soil_moisture": null, "solar_exposure": null, "wind_exposure": null, "water_retention": null, "slope": null, "aspect": null, "num_identification_agreements": 2, "cluster": 0, "tavg": null, "tmin": null, "tmax": null, "prcp_d0": 0.0, "prcp_d1": 0.0, "prcp_d2": 0.0, "prcp_d3": 0.0, "prcp_d4": 0.0, "prcp_d5": 0.0, "prcp_d6": 0.0, "tmax_d0": 23.8, "tmax_d1": 23.1, "tmax_d2": 23.9, "tmax_d3": 26.1, "tmax_d4": 26.9, "tmax_d5": 24.0, "tmax_d6": 21.7, "tmin_d0": 10.6, "tmin_d1": 10.2, "tmin_d2": 10.0, "tmin_d3": 12.9, "tmin_d4": 13.2, "tmin_d5": 7.4, "tmin_d6": 7.0, "day_of_year": 204, "uuid": "0193fecf-7406-4037-a560-d4933a8b76e0", "inat_id": 174631211}}, {"type": "Feature", "geometry": {"type": "Point", "coordinates": [-122.0807681495, 45.2662645799]}, "properties": {"species": "Aureoboletus mirabilis", "date": "2023-08-03", "location": "Clackamas County, OR, USA", "elevation": 1083.0, "land_cover_label": "Tree cover", "water_mask": false, "exclude_reason": "keep", "ndvi": null, "soil_moisture": null, "solar_exposure": null, "wind_exposure": null, "water_retention": null, "slope": null, "aspect": null, "num_identification_agreements": 1, "cluster": 0, "tavg": null, "tmin": 15.0, "tmax": 31.7, "prcp_d0": 0.0, "prcp_d1": 0.0, "prcp_d2": 0.0, "prcp_d3": 0.0, "prcp_d4": 0.0, "prcp_d5": 0.0, "prcp_d6": 0.0, "tmax_d0": 22.0, "tmax_d1": 22.6, "tmax_d2": 22.6, "tmax_d3": 20.4, "tmax_d4": 19.0, "tmax_d5": 19.3, "tmax_d6": 20.0, "tmin_d0": 7.7, "tmin_d1": 7.9, "tmin_d2": 6.2, "tmin_d3": 5.6, "tmin_d4": 5.9, "tmin_d5": 7.4, "tmin_d6": 6.6, "day_of_year": 215, "uuid": "fc4bb1ea-8c25-4985-958d-1ec9cc1f8aed", "inat_id": 228573018}}, {"type": "Feature", "geometry": {"type": "Point", "coordinates": [-121.7939361111, 45.3136583333]}, "properties": {"species": "Aureoboletus mirabilis", "date": "2023-08-06", "location": "Clackamas County, OR, USA", "elevation": 996.0, "land_cover_label": "Tree cover", "water_mask": false, "exclude_reason": "keep", "ndvi": null, "soil_moisture": null, "solar_exposure": null, "wind_exposure": null, "water_retention": null, "slope": null, "aspect": null, "num_identification_agreements": 2, "cluster": 0, "tavg": null, "tmin": 17.9, "tmax": 28.0, "prcp_d0": 0.0, "prcp_d1": 0.0, "prcp_d2": 0.0, "prcp_d3": 0.0, "prcp_d4": 0.0, "prcp_d5": 0.0, "prcp_d6": 0.0, "tmax_d0": 18.6, "tmax_d1": 23.0, "tmax_d2": 23.1, "tmax_d3": 23.3, "tmax_d4": 23.9, "tmax_d5": 24.4, "tmax_d6": 22.1, "tmin_d0": 12.7, "tmin_d1": 13.3, "tmin_d2": 11.8, "tmin_d3": 11.7, "tmin_d4": 14.6, "tmin_d5": 10.9, "tmin_d6": 8.0, "day_of_year": 218, "uuid": "6e2ed88d-5061-401d-82d8-7d3711ed4a35", "inat_id": 177620880}}, {"type": "Feature", "geometry": {"type": "Point", "coordinates": [-121.6493327734, 45.3391532304]}, "properties": {"species": "Aureoboletus mirabilis", "date": "2023-08-17", "location": "Oregon, US", "elevation": 1623.0, "land_cover_label": "Tree cover", "water_mask": false, "exclude_reason": "keep", "ndvi": null, "soil_moisture": null, "solar_exposure": null, "wind_exposure": null, "water_retention": null, "slope": null, "aspect": null, "num_identification_agreements": 1, "cluster": 0, "tavg": null, "tmin": 20.6, "tmax": 33.9, "prcp_d0": 2.377140760421753, "prcp_d1": 0.0, "prcp_d2": 0.0, "prcp_d3": 0.0, "prcp_d4": 0.0, "prcp_d5": 0.0, "prcp_d6": 0.0, "tmax_d0": 27.1, "tmax_d1": 29.5, "tmax_d2": 29.7, "tmax_d3": 27.7, "tmax_d4": 23.9, "tmax_d5": 21.5, "tmax_d6": 18.5, "tmin_d0": 15.7, "tmin_d1": 13.7, "tmin_d2": 17.4, "tmin_d3": 15.1, "tmin_d4": 11.9, "tmin_d5": 7.5, "tmin_d6": 7.0, "day_of_year": 229, "uuid": "ebf3cfa7-d6da-486c-a826-ab0e7c7e8e2c", "inat_id": 182721117}}, {"type": "Feature", "geometry": {"type": "Point", "coordinates": [-121.8165133333, 45.7814166667]}, "properties": {"species": "Aureoboletus mirabilis", "date": "2023-09-24", "location": "Carson, WA, US", "elevation": 458.0, "land_cover_label": "Tree cover", "water_mask": false, "exclude_reason": "keep", "ndvi": null, "soil_moisture": null, "solar_exposure": null, "wind_exposure": null, "water_retention": null, "slope": null, "aspect": null, "num_identification_agreements": 1, "cluster": 0, "tavg": null, "tmin": 10.2, "tmax": 15.1, "prcp_d0": 0.0, "prcp_d1": 0.0, "prcp_d2": 0.0, "prcp_d3": 0.0, "prcp_d4": 0.0, "prcp_d5": 0.0, "prcp_d6": 0.0, "tmax_d0": 13.7, "tmax_d1": 20.1, "tmax_d2": 20.9, "tmax_d3": 21.0, "tmax_d4": 17.3, "tmax_d5": 18.5, "tmax_d6": 20.4, "tmin_d0": 7.5, "tmin_d1": 10.8, "tmin_d2": 7.1, "tmin_d3": 6.3, "tmin_d4": 8.0, "tmin_d5": 7.0, "tmin_d6": 11.3, "day_of_year": 267, "uuid": "44be64a7-5fa3-42c4-9a95-1c2ad2cce202", "inat_id": 190703466}}, {"type": "Feature", "geometry": {"type": "Point", "coordinates": [-121.6904000939, 45.2816173202]}, "properties": {"species": "Aureoboletus mirabilis", "date": "2023-10-03", "location": "Mt. Hood Park Division Recreation Area, Government Camp, OR, US", "elevation": 1206.0, "land_cover_label": "Tree cover", "water_mask": false, "exclude_reason": "keep", "ndvi": null, "soil_moisture": null, "solar_exposure": null, "wind_exposure": null, "water_retention": null, "slope": null, "aspect": null, "num_identification_agreements": 2, "cluster": 0, "tavg": null, "tmin": 12.2, "tmax": 19.1, "prcp_d0": 0.0, "prcp_d1": 0.0, "prcp_d2": 0.0, "prcp_d3": 0.0, "prcp_d4": 0.0, "prcp_d5": 0.0, "prcp_d6": 0.0, "tmax_d0": 10.2, "tmax_d1": 11.4, "tmax_d2": 13.7, "tmax_d3": 12.2, "tmax_d4": 9.4, "tmax_d5": 8.5, "tmax_d6": 8.5, "tmin_d0": 7.9, "tmin_d1": 4.0, "tmin_d2": 2.0, "tmin_d3": 2.7, "tmin_d4": 5.8, "tmin_d5": 5.1, "tmin_d6": 4.4, "day_of_year": 276, "uuid": "94092329-bd54-4395-8ec3-3c6325858741", "inat_id": 186121872}}, {"type": "Feature", "geometry": {"type": "Point", "coordinates": [-122.0649944444, 45.3042944444]}, "properties": {"species": "Aureoboletus mirabilis", "date": "2023-10-04", "location": "Sandy, OR 97055, USA", "elevation": 1041.0, "land_cover_label": "Tree cover", "water_mask": false, "exclude_reason": "keep", "ndvi": null, "soil_moisture": null, "solar_exposure": null, "wind_exposure": null, "water_retention": null, "slope": null, "aspect": null, "num_identification_agreements": 1, "cluster": 0, "tavg": null, "tmin": 11.1, "tmax": 19.4, "prcp_d0": 0.0, "prcp_d1": 0.0, "prcp_d2": 0.0, "prcp_d3": 0.0, "prcp_d4": 0.0, "prcp_d5": 0.0, "prcp_d6": 0.0, "tmax_d0": 12.6, "tmax_d1": 9.8, "tmax_d2": 10.6, "tmax_d3": 12.4, "tmax_d4": 12.1, "tmax_d5": 10.1, "tmax_d6": 9.3, "tmin_d0": 5.6, "tmin_d1": 8.0, "tmin_d2": 2.9, "tmin_d3": -1.1, "tmin_d4": 2.1, "tmin_d5": 5.3, "tmin_d6": 5.8, "day_of_year": 277, "uuid": "3820fc53-c4f5-4fbb-a91e-6c177aab4fe3", "inat_id": 186960082}}, {"type": "Feature", "geometry": {"type": "Point", "coordinates": [-121.7825162517, 45.2926204958]}, "properties": {"species": "Aureoboletus mirabilis", "date": "2023-10-07", "location": "Oregon, US", "elevation": 1396.0, "land_cover_label": "Tree cover", "water_mask": false, "exclude_reason": "keep", "ndvi": null, "soil_moisture": null, "solar_exposure": null, "wind_exposure": null, "water_retention": null, "slope": null, "aspect": null, "num_identification_agreements": 2, "cluster": 0, "tavg": null, "tmin": 9.8, "tmax": 24.2, "prcp_d0": 0.0, "prcp_d1": 0.0, "prcp_d2": 0.0, "prcp_d3": 0.0, "prcp_d4": 0.0, "prcp_d5": 0.0, "prcp_d6": 0.0, "tmax_d0": 20.5, "tmax_d1": 18.4, "tmax_d2": 20.3, "tmax_d3": 14.2, "tmax_d4": 8.7, "tmax_d5": 9.5, "tmax_d6": 12.0, "tmin_d0": 9.8, "tmin_d1": 9.7, "tmin_d2": 8.2, "tmin_d3": 3.1, "tmin_d4": 6.5, "tmin_d5": 3.2, "tmin_d6": -0.2, "day_of_year": 280, "uuid": "99b97d40-ad5e-4ca4-8f05-eb89bc0cab6c", "inat_id": 186642166}}, {"type": "Feature", "geometry": {"type": "Point", "coordinates": [-122.18351943, 45.3677722]}, "properties": {"species": "Aureoboletus mirabilis", "date": "2023-10-08", "location": "Sandy, OR 97055, USA", "elevation": 378.0, "land_cover_label": "Tree cover", "water_mask": false, "exclude_reason": "keep", "ndvi": null, "soil_moisture": null, "solar_exposure": null, "wind_exposure": null, "water_retention": null, "slope": null, "aspect": null, "num_identification_agreements": 1, "cluster": 0, "tavg": null, "tmin": 12.8, "tmax": 27.8, "prcp_d0": 0.0, "prcp_d1": 0.0, "prcp_d2": 0.0, "prcp_d3": 0.0, "prcp_d4": 0.0, "prcp_d5": 0.0, "prcp_d6": 0.0, "tmax_d0": 24.8, "tmax_d1": 27.0, "tmax_d2": 26.2, "tmax_d3": 26.2, "tmax_d4": 15.7, "tmax_d5": 14.8, "tmax_d6": 15.5, "tmin_d0": 9.4, "tmin_d1": 15.6, "tmin_d2": 16.7, "tmin_d3": 7.5, "tmin_d4": 8.6, "tmin_d5": 11.7, "tmin_d6": 8.2, "day_of_year": 281, "uuid": "0c127277-707d-48da-b96f-37525f87118d", "inat_id": 186726700}}, {"type": "Feature", "geometry": {"type": "Point", "coordinates": [-122.1339967766, 45.2098521644]}, "properties": {"species": "Aureoboletus mirabilis", "date": "2023-10-08", "location": "Oregon, US", "elevation": 685.0, "land_cover_label": "Tree cover", "water_mask": false, "exclude_reason": "keep", "ndvi": null, "soil_moisture": null, "solar_exposure": null, "wind_exposure": null, "water_retention": null, "slope": null, "aspect": null, "num_identification_agreements": 1, "cluster": 0, "tavg": null, "tmin": 12.8, "tmax": 27.8, "prcp_d0": 0.0, "prcp_d1": 0.0, "prcp_d2": 0.0, "prcp_d3": 0.0, "prcp_d4": 0.0, "prcp_d5": 0.0, "prcp_d6": 0.0, "tmax_d0": 22.7, "tmax_d1": 25.0, "tmax_d2": 22.9, "tmax_d3": 24.9, "tmax_d4": 14.9, "tmax_d5": 12.0, "tmax_d6": 13.0, "tmin_d0": 9.8, "tmin_d1": 13.4, "tmin_d2": 15.8, "tmin_d3": 7.0, "tmin_d4": 8.5, "tmin_d5": 10.1, "tmin_d6": 3.9, "day_of_year": 281, "uuid": "61cd9ca5-8722-4c11-99dc-dede6769fc0b", "inat_id": 186864405}}, {"type": "Feature", "geometry": {"type": "Point", "coordinates": [-121.8257202169, 45.5158928246]}, "properties": {"species": "Aureoboletus mirabilis", "date": "2023-10-09", "location": "Mt. Hood National Forest, Mount Hood Parkdale, OR, US", "elevation": 1172.0, "land_cover_label": "Tree cover", "water_mask": false, "exclude_reason": "keep", "ndvi": null, "soil_moisture": null, "solar_exposure": null, "wind_exposure": null, "water_retention": null, "slope": null, "aspect": null, "num_identification_agreements": 1, "cluster": 0, "tavg": null, "tmin": 11.9, "tmax": 17.8, "prcp_d0": 25.8698787689209, "prcp_d1": 0.0, "prcp_d2": 0.0, "prcp_d3": 0.0, "prcp_d4": 0.0, "prcp_d5": 0.0, "prcp_d6": 0.0, "tmax_d0": 18.9, "tmax_d1": 20.6, "tmax_d2": 19.2, "tmax_d3": 17.8, "tmax_d4": 19.1, "tmax_d5": 15.9, "tmax_d6": 10.9, "tmin_d0": 9.2, "tmin_d1": 9.6, "tmin_d2": 9.0, "tmin_d3": 11.2, "tmin_d4": 8.2, "tmin_d5": 5.8, "tmin_d6": 8.2, "day_of_year": 282, "uuid": "4ed3c531-3824-45ec-b7e0-5200288d4f68", "inat_id": 205103038}}, {"type": "Feature", "geometry": {"type": "Point", "coordinates": [-121.8765285092, 45.3043271213]}, "properties": {"species": "Aureoboletus mirabilis", "date": "2023-10-09", "location": "Clackamas County, OR, USA", "elevation": 639.0, "land_cover_label": "Tree cover", "water_mask": false, "exclude_reason": "keep", "ndvi": null, "soil_moisture": null, "solar_exposure": null, "wind_exposure": null, "water_retention": null, "slope": null, "aspect": null, "num_identification_agreements": 1, "cluster": 0, "tavg": null, "tmin": 11.9, "tmax": 17.8, "prcp_d0": 24.6417179107666, "prcp_d1": 0.0, "prcp_d2": 0.0, "prcp_d3": 0.0, "prcp_d4": 0.0, "prcp_d5": 0.0, "prcp_d6": 0.0, "tmax_d0": 22.2, "tmax_d1": 25.0, "tmax_d2": 25.6, "tmax_d3": 23.7, "tmax_d4": 25.6, "tmax_d5": 16.7, "tmax_d6": 12.9, "tmin_d0": 10.6, "tmin_d1": 12.1, "tmin_d2": 14.7, "tmin_d3": 14.6, "tmin_d4": 8.3, "tmin_d5": 8.2, "tmin_d6": 10.5, "day_of_year": 282, "uuid": "31145235-12d7-405b-ac5e-e69e8ebb4e0b", "inat_id": 186956165}}, {"type": "Feature", "geometry": {"type": "Point", "coordinates": [-122.0303798895, 45.3543639955]}, "properties": {"species": "Aureoboletus mirabilis", "date": "2023-10-12", "location": "Clackamas County, US-OR, US", "elevation": 641.0, "land_cover_label": "Tree cover", "water_mask": false, "exclude_reason": "keep", "ndvi": null, "soil_moisture": null, "solar_exposure": null, "wind_exposure": null, "water_retention": null, "slope": null, "aspect": null, "num_identification_agreements": 1, "cluster": 0, "tavg": null, "tmin": 12.2, "tmax": 21.1, "prcp_d0": 0.0, "prcp_d1": 0.0, "prcp_d2": 0.0, "prcp_d3": 26.96180534362793, "prcp_d4": 0.0, "prcp_d5": 0.0, "prcp_d6": 0.0, "tmax_d0": 15.8, "tmax_d1": 11.6, "tmax_d2": 12.6, "tmax_d3": 20.5, "tmax_d4": 22.7, "tmax_d5": 25.3, "tmax_d6": 23.5, "tmin_d0": 6.8, "tmin_d1": 6.3, "tmin_d2": 7.6, "tmin_d3": 9.7, "tmin_d4": 9.0, "tmin_d5": 14.2, "tmin_d6": 14.5, "day_of_year": 285, "uuid": "35bdaed0-5b6d-42bf-9f64-d004aab2d592", "inat_id": 188045699}}, {"type": "Feature", "geometry": {"type": "Point", "coordinates": [-121.786255, 45.3015466667]}, "properties": {"species": "Aureoboletus mirabilis", "date": "2023-10-14", "location": "Mt. Hood Park Division Recreation Area, Government Camp, OR, US", "elevation": 1135.0, "land_cover_label": "Tree cover", "water_mask": false, "exclude_reason": "keep", "ndvi": null, "soil_moisture": null, "solar_exposure": null, "wind_exposure": null, "water_retention": null, "slope": null, "aspect": null, "num_identification_agreements": 1, "cluster": 0, "tavg": null, "tmin": 10.2, "tmax": 18.1, "prcp_d0": 0.0, "prcp_d1": 0.0, "prcp_d2": 0.0, "prcp_d3": 0.0, "prcp_d4": 0.0, "prcp_d5": 22.70071029663086, "prcp_d6": 0.0, "tmax_d0": 12.6, "tmax_d1": 14.6, "tmax_d2": 12.0, "tmax_d3": 7.3, "tmax_d4": 9.8, "tmax_d5": 19.7, "tmax_d6": 21.9, "tmin_d0": 5.9, "tmin_d1": 5.2, "tmin_d2": 3.9, "tmin_d3": 3.8, "tmin_d4": 5.5, "tmin_d5": 9.0, "tmin_d6": 11.6, "day_of_year": 287, "uuid": "b87b1faa-3810-4c44-b6d2-3187600c39c9", "inat_id": 205023489}}, {"type": "Feature", "geometry": {"type": "Point", "coordinates": [-121.8809653446, 45.2975652515]}, "properties": {"species": "Aureoboletus mirabilis", "date": "2023-10-14", "location": "Rhododendron, OR 97049, USA", "elevation": 599.0, "land_cover_label": "Tree cover", "water_mask": false, "exclude_reason": "keep", "ndvi": null, "soil_moisture": null, "solar_exposure": null, "wind_exposure": null, "water_retention": null, "slope": null, "aspect": null, "num_identification_agreements": 2, "cluster": 0, "tavg": null, "tmin": 13.3, "tmax": 17.8, "prcp_d0": 32.154998779296875, "prcp_d1": 0.0, "prcp_d2": 0.0, "prcp_d3": 0.0, "prcp_d4": 0.0, "prcp_d5": 14.544597625732422, "prcp_d6": 0.0, "tmax_d0": 16.3, "tmax_d1": 18.3, "tmax_d2": 16.1, "tmax_d3": 12.2, "tmax_d4": 13.6, "tmax_d5": 22.6, "tmax_d6": 25.4, "tmin_d0": 9.4, "tmin_d1": 9.2, "tmin_d2": 7.1, "tmin_d3": 7.4, "tmin_d4": 9.0, "tmin_d5": 10.9, "tmin_d6": 12.4, "day_of_year": 287, "uuid": "79e0ea0b-795a-4228-a8d2-7e3486a00102", "inat_id": 187574607}}, {"type": "Feature", "geometry": {"type": "Point", "coordinates": [-121.7920453085, 45.5863715356]}, "properties": {"species": "Aureoboletus mirabilis", "date": "2023-10-15", "location": "Mt. Hood National Forest, Cascade Locks, OR, US", "elevation": 1244.0, "land_cover_label": "Tree cover", "water_mask": false, "exclude_reason": "keep", "ndvi": null, "soil_moisture": null, "solar_exposure": null, "wind_exposure": null, "water_retention": null, "slope": null, "aspect": null, "num_identification_agreements": 1, "cluster": 1, "tavg": null, "tmin": 9.2, "tmax": 20.1, "prcp_d0": 10.727243423461914, "prcp_d1": 21.454486846923828, "prcp_d2": 0.0, "prcp_d3": 0.0, "prcp_d4": 0.0, "prcp_d5": 0.0, "prcp_d6": 13.581300735473633, "tmax_d0": 13.2, "tmax_d1": 12.2, "tmax_d2": 11.6, "tmax_d3": 11.0, "tmax_d4": 6.8, "tmax_d5": 8.8, "tmax_d6": 18.0, "tmin_d0": 5.0, "tmin_d1": 3.3, "tmin_d2": 2.1, "tmin_d3": 4.8, "tmin_d4": 2.8, "tmin_d5": 4.7, "tmin_d6": 8.4, "day_of_year": 288, "uuid": "1082ccc1-6ad7-4edb-92fd-886e23e63797", "inat_id": 187776158}}, {"type": "Feature", "geometry": {"type": "Point", "coordinates": [-122.1068, 45.5475972222]}, "properties": {"species": "Aureoboletus mirabilis", "date": "2023-10-17", "location": "Cascade Locks, OR 97014, USA", "elevation": 852.0, "land_cover_label": "Tree cover", "water_mask": false, "exclude_reason": "keep", "ndvi": null, "soil_moisture": null, "solar_exposure": null, "wind_exposure": null, "water_retention": null, "slope": null, "aspect": null, "num_identification_agreements": 1, "cluster": 1, "tavg": null, "tmin": 10.6, "tmax": 19.4, "prcp_d0": 0.0, "prcp_d1": 31.94695281982422, "prcp_d2": 41.46965026855469, "prcp_d3": 0.0, "prcp_d4": 0.0, "prcp_d5": 0.0, "prcp_d6": 0.0, "tmax_d0": 14.8, "tmax_d1": 14.3, "tmax_d2": 16.0, "tmax_d3": 13.3, "tmax_d4": 15.6, "tmax_d5": 15.5, "tmax_d6": 10.0, "tmin_d0": 7.6, "tmin_d1": 9.3, "tmin_d2": 7.4, "tmin_d3": 7.5, "tmin_d4": 6.4, "tmin_d5": 6.8, "tmin_d6": 5.4, "day_of_year": 290, "uuid": "3dc05c21-7334-4a08-a88d-d8a6a99b9de5", "inat_id": 189057501}}, {"type": "Feature", "geometry": {"type": "Point", "coordinates": [-121.6771569384, 45.2815459902]}, "properties": {"species": "Aureoboletus mirabilis", "date": "2023-10-19", "location": "Mt. Hood Park Division Recreation Area, Mount Hood Parkdale, OR, US", "elevation": 1276.0, "land_cover_label": "Tree cover", "water_mask": false, "exclude_reason": "keep", "ndvi": null, "soil_moisture": null, "solar_exposure": null, "wind_exposure": null, "water_retention": null, "slope": null, "aspect": null, "num_identification_agreements": 1, "cluster": 0, "tavg": null, "tmin": 9.2, "tmax": 24.5, "prcp_d0": 0.0, "prcp_d1": 0.0, "prcp_d2": 0.0, "prcp_d3": 28.428661346435547, "prcp_d4": 0.0, "prcp_d5": 0.0, "prcp_d6": 0.0, "tmax_d0": 20.3, "tmax_d1": 20.6, "tmax_d2": 13.4, "tmax_d3": 12.5, "tmax_d4": 14.3, "tmax_d5": 11.7, "tmax_d6": 12.1, "tmin_d0": 11.5, "tmin_d1": 7.4, "tmin_d2": 3.9, "tmin_d3": 9.1, "tmin_d4": 6.3, "tmin_d5": 5.1, "tmin_d6": 4.2, "day_of_year": 292, "uuid": "f400a3a6-6e74-4411-a4d5-d04d277398cc", "inat_id": 188223086}}, {"type": "Feature", "geometry": {"type": "Point", "coordinates": [-121.73882241, 45.29320711]}, "properties": {"species": "Aureoboletus mirabilis", "date": "2023-10-19", "location": "TIMBRLINE LDG, OR 97028, USA", "elevation": 1153.0, "land_cover_label": "Tree cover", "water_mask": false, "exclude_reason": "keep", "ndvi": null, "soil_moisture": null, "solar_exposure": null, "wind_exposure": null, "water_retention": null, "slope": null, "aspect": null, "num_identification_agreements": 1, "cluster": 0, "tavg": null, "tmin": 9.2, "tmax": 24.5, "prcp_d0": 0.0, "prcp_d1": 0.0, "prcp_d2": 0.0, "prcp_d3": 31.6877384185791, "prcp_d4": 0.0, "prcp_d5": 0.0, "prcp_d6": 0.0, "tmax_d0": 19.7, "tmax_d1": 21.7, "tmax_d2": 13.5, "tmax_d3": 13.8, "tmax_d4": 15.7, "tmax_d5": 11.8, "tmax_d6": 13.8, "tmin_d0": 9.5, "tmin_d1": 7.6, "tmin_d2": 3.8, "tmin_d3": 9.4, "tmin_d4": 6.1, "tmin_d5": 5.1, "tmin_d6": 4.4, "day_of_year": 292, "uuid": "6052e4bc-95ab-40f1-8090-7f2e8e21efb5", "inat_id": 188167799}}, {"type": "Feature", "geometry": {"type": "Point", "coordinates": [-122.104192567, 45.4169382722]}, "properties": {"species": "Aureoboletus mirabilis", "date": "2023-10-20", "location": "Oregon, US", "elevation": 421.0, "land_cover_label": "Tree cover", "water_mask": false, "exclude_reason": "keep", "ndvi": null, "soil_moisture": null, "solar_exposure": null, "wind_exposure": null, "water_retention": null, "slope": null, "aspect": null, "num_identification_agreements": 1, "cluster": 2, "tavg": null, "tmin": 11.7, "tmax": 20.6, "prcp_d0": 0.0, "prcp_d1": 0.0, "prcp_d2": 0.0, "prcp_d3": 0.0, "prcp_d4": 28.631715774536133, "prcp_d5": 21.626628875732425, "prcp_d6": 21.626628875732425, "tmax_d0": 18.7, "tmax_d1": 19.5, "tmax_d2": 22.3, "tmax_d3": 17.5, "tmax_d4": 18.8, "tmax_d5": 19.8, "tmax_d6": 16.2, "tmin_d0": 8.5, "tmin_d1": 9.3, "tmin_d2": 5.6, "tmin_d3": 9.6, "tmin_d4": 12.6, "tmin_d5": 9.8, "tmin_d6": 9.5, "day_of_year": 293, "uuid": "498f1664-93ba-4f8c-829c-51204e66e088", "inat_id": 188346109}}, {"type": "Feature", "geometry": {"type": "Point", "coordinates": [-122.1387071, 45.5227956]}, "properties": {"species": "Aureoboletus mirabilis", "date": "2023-10-20", "location": "E Larch Mountain Rd, Corbett, OR, US", "elevation": 672.0, "land_cover_label": "Tree cover", "water_mask": false, "exclude_reason": "keep", "ndvi": null, "soil_moisture": null, "solar_exposure": null, "wind_exposure": null, "water_retention": null, "slope": null, "aspect": null, "num_identification_agreements": 2, "cluster": 2, "tavg": null, "tmin": 11.7, "tmax": 20.6, "prcp_d0": 0.0, "prcp_d1": 0.0, "prcp_d2": 0.0, "prcp_d3": 0.0, "prcp_d4": 31.94695281982422, "prcp_d5": 41.46965026855469, "prcp_d6": 0.0, "tmax_d0": 18.7, "tmax_d1": 20.0, "tmax_d2": 22.6, "tmax_d3": 16.3, "tmax_d4": 15.8, "tmax_d5": 17.5, "tmax_d6": 14.8, "tmin_d0": 9.0, "tmin_d1": 10.3, "tmin_d2": 5.3, "tmin_d3": 9.1, "tmin_d4": 10.8, "tmin_d5": 8.9, "tmin_d6": 9.0, "day_of_year": 293, "uuid": "2d77ce22-5549-4b62-83ab-7c9c83f7b29c", "inat_id": 189415957}}, {"type": "Feature", "geometry": {"type": "Point", "coordinates": [-121.7940833333, 45.418775]}, "properties": {"species": "Aureoboletus mirabilis", "date": "2023-10-20", "location": "Mt. Hood National Forest, Rhododendron, OR, US", "elevation": 1231.0, "land_cover_label": "Tree cover", "water_mask": false, "exclude_reason": "keep", "ndvi": null, "soil_moisture": null, "solar_exposure": null, "wind_exposure": null, "water_retention": null, "slope": null, "aspect": null, "num_identification_agreements": 1, "cluster": 0, "tavg": null, "tmin": 9.0, "tmax": 24.3, "prcp_d0": 0.0, "prcp_d1": 0.0, "prcp_d2": 0.0, "prcp_d3": 0.0, "prcp_d4": 44.80316925048828, "prcp_d5": 0.0, "prcp_d6": 0.0, "tmax_d0": 19.6, "tmax_d1": 20.0, "tmax_d2": 21.5, "tmax_d3": 13.9, "tmax_d4": 13.4, "tmax_d5": 15.5, "tmax_d6": 12.6, "tmin_d0": 7.9, "tmin_d1": 10.1, "tmin_d2": 5.4, "tmin_d3": 3.6, "tmin_d4": 7.2, "tmin_d5": 5.0, "tmin_d6": 4.3, "day_of_year": 293, "uuid": "b97f7648-1375-4d10-b13e-9cab1bc183cb", "inat_id": 188415809}}, {"type": "Feature", "geometry": {"type": "Point", "coordinates": [-122.1386195, 45.51945]}, "properties": {"species": "Aureoboletus mirabilis", "date": "2023-10-21", "location": "E Larch Mountain Rd, Corbett, OR, US", "elevation": 668.0, "land_cover_label": "Tree cover", "water_mask": false, "exclude_reason": "keep", "ndvi": null, "soil_moisture": null, "solar_exposure": null, "wind_exposure": null, "water_retention": null, "slope": null, "aspect": null, "num_identification_agreements": 2, "cluster": 2, "tavg": null, "tmin": 12.8, "tmax": 16.7, "prcp_d0": 0.0, "prcp_d1": 0.0, "prcp_d2": 0.0, "prcp_d3": 0.0, "prcp_d4": 0.0, "prcp_d5": 31.94695281982422, "prcp_d6": 41.46965026855469, "tmax_d0": 16.6, "tmax_d1": 18.7, "tmax_d2": 20.0, "tmax_d3": 22.6, "tmax_d4": 16.3, "tmax_d5": 15.8, "tmax_d6": 17.5, "tmin_d0": 7.8, "tmin_d1": 9.0, "tmin_d2": 10.3, "tmin_d3": 5.3, "tmin_d4": 9.1, "tmin_d5": 10.8, "tmin_d6": 8.9, "day_of_year": 294, "uuid": "4f5109b4-7556-491c-ad8d-f26261f2cd0d", "inat_id": 188433570}}, {"type": "Feature", "geometry": {"type": "Point", "coordinates": [-121.9131972222, 45.2596166667]}, "properties": {"species": "Aureoboletus mirabilis", "date": "2023-10-22", "location": "Clackamas County, OR, USA", "elevation": 559.0, "land_cover_label": "Tree cover", "water_mask": false, "exclude_reason": "keep", "ndvi": null, "soil_moisture": null, "solar_exposure": null, "wind_exposure": null, "water_retention": null, "slope": null, "aspect": null, "num_identification_agreements": 2, "cluster": 0, "tavg": null, "tmin": 12.8, "tmax": 17.2, "prcp_d0": 0.0, "prcp_d1": 0.0, "prcp_d2": 0.0, "prcp_d3": 0.0, "prcp_d4": 0.0, "prcp_d5": 0.0, "prcp_d6": 20.32076835632324, "tmax_d0": 14.2, "tmax_d1": 21.1, "tmax_d2": 22.5, "tmax_d3": 23.1, "tmax_d4": 26.3, "tmax_d5": 17.9, "tmax_d6": 19.0, "tmin_d0": 9.1, "tmin_d1": 9.3, "tmin_d2": 12.0, "tmin_d3": 10.1, "tmin_d4": 9.1, "tmin_d5": 8.3, "tmin_d6": 12.8, "day_of_year": 295, "uuid": "b66744af-3500-4629-b0ed-f6a8b7c728e4", "inat_id": 189279598}}, {"type": "Feature", "geometry": {"type": "Point", "coordinates": [-121.9215611111, 45.263175]}, "properties": {"species": "Aureoboletus mirabilis", "date": "2023-10-22", "location": "Clackamas County, OR, USA", "elevation": 555.0, "land_cover_label": "Tree cover", "water_mask": false, "exclude_reason": "keep", "ndvi": null, "soil_moisture": null, "solar_exposure": null, "wind_exposure": null, "water_retention": null, "slope": null, "aspect": null, "num_identification_agreements": 1, "cluster": 0, "tavg": null, "tmin": 12.8, "tmax": 17.2, "prcp_d0": 0.0, "prcp_d1": 0.0, "prcp_d2": 0.0, "prcp_d3": 0.0, "prcp_d4": 0.0, "prcp_d5": 0.0, "prcp_d6": 20.32076835632324, "tmax_d0": 14.3, "tmax_d1": 21.3, "tmax_d2": 22.7, "tmax_d3": 23.3, "tmax_d4": 26.5, "tmax_d5": 18.1, "tmax_d6": 19.1, "tmin_d0": 9.3, "tmin_d1": 9.5, "tmin_d2": 12.2, "tmin_d3": 10.3, "tmin_d4": 9.2, "tmin_d5": 8.5, "tmin_d6": 12.9, "day_of_year": 295, "uuid": "eea286c1-1aa7-47f2-b5cf-c18161e738ac", "inat_id": 189279576}}, {"type": "Feature", "geometry": {"type": "Point", "coordinates": [-121.8131645633, 45.3185895317]}, "properties": {"species": "Aureoboletus mirabilis", "date": "2023-10-22", "location": "Mount Hood Wilderness, OR, USA", "elevation": 1003.0, "land_cover_label": "Tree cover", "water_mask": false, "exclude_reason": "keep", "ndvi": null, "soil_moisture": null, "solar_exposure": null, "wind_exposure": null, "water_retention": null, "slope": null, "aspect": null, "num_identification_agreements": 1, "cluster": 2, "tavg": null, "tmin": 12.2, "tmax": 18.7, "prcp_d0": 0.0, "prcp_d1": 0.0, "prcp_d2": 0.0, "prcp_d3": 0.0, "prcp_d4": 0.0, "prcp_d5": 0.0, "prcp_d6": 37.24574661254883, "tmax_d0": 12.2, "tmax_d1": 20.0, "tmax_d2": 20.4, "tmax_d3": 20.7, "tmax_d4": 23.7, "tmax_d5": 15.0, "tmax_d6": 16.2, "tmin_d0": 6.4, "tmin_d1": 7.7, "tmin_d2": 9.6, "tmin_d3": 9.7, "tmin_d4": 6.4, "tmin_d5": 5.4, "tmin_d6": 9.0, "day_of_year": 295, "uuid": "16449306-2434-466c-936e-a67431f789b9", "inat_id": 188627973}}, {"type": "Feature", "geometry": {"type": "Point", "coordinates": [-121.7909083333, 45.312855]}, "properties": {"species": "Aureoboletus mirabilis", "date": "2023-10-22", "location": "Mt. Hood Park Division Recreation Area, Government Camp, OR, US", "elevation": 1026.0, "land_cover_label": "Tree cover", "water_mask": false, "exclude_reason": "keep", "ndvi": null, "soil_moisture": null, "solar_exposure": null, "wind_exposure": null, "water_retention": null, "slope": null, "aspect": null, "num_identification_agreements": 3, "cluster": 2, "tavg": null, "tmin": 12.2, "tmax": 18.7, "prcp_d0": 0.0, "prcp_d1": 0.0, "prcp_d2": 0.0, "prcp_d3": 0.0, "prcp_d4": 0.0, "prcp_d5": 0.0, "prcp_d6": 44.7426986694336, "tmax_d0": 13.7, "tmax_d1": 21.3, "tmax_d2": 20.4, "tmax_d3": 21.4, "tmax_d4": 23.3, "tmax_d5": 15.1, "tmax_d6": 15.5, "tmin_d0": 7.1, "tmin_d1": 10.2, "tmin_d2": 9.7, "tmin_d3": 11.1, "tmin_d4": 9.3, "tmin_d5": 5.5, "tmin_d6": 11.1, "day_of_year": 295, "uuid": "3b022c43-f774-421f-915b-7463c320cfea", "inat_id": 191646453}}, {"type": "Feature", "geometry": {"type": "Point", "coordinates": [-121.8482883333, 45.38713]}, "properties": {"species": "Aureoboletus mirabilis", "date": "2023-10-27", "location": "Zigzag Ranger Station, Rhododendron, OR, US", "elevation": 709.0, "land_cover_label": "Tree cover", "water_mask": false, "exclude_reason": "keep", "ndvi": null, "soil_moisture": null, "solar_exposure": null, "wind_exposure": null, "water_retention": null, "slope": null, "aspect": null, "num_identification_agreements": 1, "cluster": 1, "tavg": null, "tmin": 2.1, "tmax": 8.3, "prcp_d0": 0.0, "prcp_d1": 0.0, "prcp_d2": 15.422554969787598, "prcp_d3": 30.845109939575195, "prcp_d4": 0.0, "prcp_d5": 0.0, "prcp_d6": 0.0, "tmax_d0": 6.2, "tmax_d1": 4.5, "tmax_d2": 4.5, "tmax_d3": 7.4, "tmax_d4": 11.3, "tmax_d5": 14.3, "tmax_d6": 22.1, "tmin_d0": -0.9, "tmin_d1": 1.6, "tmin_d2": 1.6, "tmin_d3": 3.4, "tmin_d4": 7.2, "tmin_d5": 8.5, "tmin_d6": 9.7, "day_of_year": 300, "uuid": "23d3f61a-222c-4dff-a447-9d4d3bccfd09", "inat_id": 189448872}}, {"type": "Feature", "geometry": {"type": "Point", "coordinates": [-121.7834105367, 45.300674708]}, "properties": {"species": "Aureoboletus mirabilis", "date": "2023-11-04", "location": "Rhododendron, OR 97049, USA", "elevation": 1126.0, "land_cover_label": "Tree cover", "water_mask": false, "exclude_reason": "keep", "ndvi": null, "soil_moisture": null, "solar_exposure": null, "wind_exposure": null, "water_retention": null, "slope": null, "aspect": null, "num_identification_agreements": 1, "cluster": 1, "tavg": null, "tmin": 8.7, "tmax": 15.2, "prcp_d0": 70.64453887939453, "prcp_d1": 0.0, "prcp_d2": 23.548179626464844, "prcp_d3": 0.0, "prcp_d4": 0.0, "prcp_d5": 0.0, "prcp_d6": 0.0, "tmax_d0": 11.0, "tmax_d1": 11.9, "tmax_d2": 9.5, "tmax_d3": 11.7, "tmax_d4": 14.3, "tmax_d5": 9.7, "tmax_d6": 8.4, "tmin_d0": 9.0, "tmin_d1": 3.8, "tmin_d2": 7.0, "tmin_d3": 6.2, "tmin_d4": 0.9, "tmin_d5": -0.3, "tmin_d6": -2.8, "day_of_year": 308, "uuid": "ecd8b84a-8eab-4e46-99ef-91d5039075dd", "inat_id": 189980033}}, {"type": "Feature", "geometry": {"type": "Point", "coordinates": [-121.9803177913, 45.3458403042]}, "properties": {"species": "Aureoboletus mirabilis", "date": "2023-11-04", "location": "Clackamas County, US-OR, US", "elevation": 383.0, "land_cover_label": "Tree cover", "water_mask": false, "exclude_reason": "keep", "ndvi": null, "soil_moisture": null, "solar_exposure": null, "wind_exposure": null, "water_retention": null, "slope": null, "aspect": null, "num_identification_agreements": 1, "cluster": 1, "tavg": null, "tmin": 13.9, "tmax": 19.4, "prcp_d0": 87.84419250488281, "prcp_d1": 0.0, "prcp_d2": 17.568838119506836, "prcp_d3": 0.0, "prcp_d4": 0.0, "prcp_d5": 0.0, "prcp_d6": 0.0, "tmax_d0": 15.3, "tmax_d1": 17.0, "tmax_d2": 13.8, "tmax_d3": 16.1, "tmax_d4": 18.7, "tmax_d5": 16.1, "tmax_d6": 14.4, "tmin_d0": 13.1, "tmin_d1": 8.0, "tmin_d2": 11.5, "tmin_d3": 9.0, "tmin_d4": 5.6, "tmin_d5": 4.1, "tmin_d6": 1.7, "day_of_year": 308, "uuid": "f1270c87-5f81-4f63-aede-ca4a909a7c2d", "inat_id": 190010800}}, {"type": "Feature", "geometry": {"type": "Point", "coordinates": [-121.678661, 45.784275]}, "properties": {"species": "Aureoboletus mirabilis", "date": "2023-11-13", "location": "Cook, WA 98605, USA", "elevation": 611.0, "land_cover_label": "Tree cover", "water_mask": false, "exclude_reason": "keep", "ndvi": null, "soil_moisture": null, "solar_exposure": null, "wind_exposure": null, "water_retention": null, "slope": null, "aspect": null, "num_identification_agreements": 1, "cluster": 0, "tavg": null, "tmin": 3.5, "tmax": 10.8, "prcp_d0": 0.0, "prcp_d1": 0.0, "prcp_d2": 0.0, "prcp_d3": 0.0, "prcp_d4": 0.0, "prcp_d5": 0.0, "prcp_d6": 0.0, "tmax_d0": 9.4, "tmax_d1": 9.3, "tmax_d2": 7.4, "tmax_d3": 7.3, "tmax_d4": 7.8, "tmax_d5": 9.5, "tmax_d6": 8.0, "tmin_d0": 5.0, "tmin_d1": 4.2, "tmin_d2": 5.0, "tmin_d3": 2.3, "tmin_d4": 0.8, "tmin_d5": 3.5, "tmin_d6": 5.6, "day_of_year": 317, "uuid": "bb8a6930-5250-4413-9b58-78ef3d29a3cf", "inat_id": 190964468}}, {"type": "Feature", "geometry": {"type": "Point", "coordinates": [-121.8635633333, 45.1476888333]}, "properties": {"species": "Aureoboletus mirabilis", "date": "2024-09-03", "location": "Mt. Hood National Forest, Estacada, OR, US", "elevation": 1283.0, "land_cover_label": "Tree cover", "water_mask": false, "exclude_reason": "keep", "ndvi": null, "soil_moisture": null, "solar_exposure": null, "wind_exposure": null, "water_retention": null, "slope": null, "aspect": null, "num_identification_agreements": 2, "cluster": 0, "tavg": null, "tmin": null, "tmax": null, "prcp_d0": 0.0, "prcp_d1": 0.0, "prcp_d2": 0.0, "prcp_d3": 0.0, "prcp_d4": 3.0312262424558867e-06, "prcp_d5": 0.0, "prcp_d6": 0.206556886434555, "tmax_d0": 19.2, "tmax_d1": 24.0, "tmax_d2": 29.1, "tmax_d3": 28.4, "tmax_d4": 28.0, "tmax_d5": 20.8, "tmax_d6": 19.0, "tmin_d0": 7.9, "tmin_d1": 9.0, "tmin_d2": 15.7, "tmin_d3": 13.9, "tmin_d4": 11.3, "tmin_d5": 9.4, "tmin_d6": 1.6, "day_of_year": 247, "uuid": "66b63ce4-86bb-48d2-9a0f-8b91cd318514", "inat_id": 239834173}}, {"type": "Feature", "geometry": {"type": "Point", "coordinates": [-122.0697028333, 45.2562116667]}, "properties": {"species": "Aureoboletus mirabilis", "date": "2024-09-09", "location": "Mt. Hood National Forest, Government Camp, OR, US", "elevation": 1254.0, "land_cover_label": "Tree cover", "water_mask": false, "exclude_reason": "keep", "ndvi": null, "soil_moisture": null, "solar_exposure": null, "wind_exposure": null, "water_retention": null, "slope": null, "aspect": null, "num_identification_agreements": 1, "cluster": 0, "tavg": null, "tmin": 16.7, "tmax": 28.9, "prcp_d0": 0.0, "prcp_d1": 0.0, "prcp_d2": 0.0, "prcp_d3": 0.0, "prcp_d4": 0.0, "prcp_d5": 0.0, "prcp_d6": 0.0, "tmax_d0": 20.9, "tmax_d1": 24.8, "tmax_d2": 29.1, "tmax_d3": 31.0, "tmax_d4": 29.5, "tmax_d5": 26.9, "tmax_d6": 17.4, "tmin_d0": 9.5, "tmin_d1": 12.4, "tmin_d2": 14.0, "tmin_d3": 15.8, "tmin_d4": 16.6, "tmin_d5": 5.3, "tmin_d6": 8.1, "day_of_year": 253, "uuid": "dc5de238-9632-4df5-92dd-c160026ba780", "inat_id": 240862505}}, {"type": "Feature", "geometry": {"type": "Point", "coordinates": [-121.702095, 45.28278]}, "properties": {"species": "Aureoboletus mirabilis", "date": "2024-09-12", "location": "Mt. Hood Park Division Recreation Area, Government Camp, OR, US", "elevation": 1145.0, "land_cover_label": "Tree cover", "water_mask": false, "exclude_reason": "keep", "ndvi": null, "soil_moisture": null, "solar_exposure": null, "wind_exposure": null, "water_retention": null, "slope": null, "aspect": null, "num_identification_agreements": 3, "cluster": 0, "tavg": null, "tmin": 13.6, "tmax": 20.2, "prcp_d0": 0.0, "prcp_d1": 9.45176887512207, "prcp_d2": 0.0, "prcp_d3": 0.0, "prcp_d4": 9.244536399841309, "prcp_d5": 8.307758331298828, "prcp_d6": 0.0, "tmax_d0": 12.2, "tmax_d1": 17.7, "tmax_d2": 20.6, "tmax_d3": 23.3, "tmax_d4": 28.0, "tmax_d5": 28.9, "tmax_d6": 30.4, "tmin_d0": 7.5, "tmin_d1": 7.2, "tmin_d2": 10.6, "tmin_d3": 13.6, "tmin_d4": 14.8, "tmin_d5": 18.5, "tmin_d6": 20.5, "day_of_year": 256, "uuid": "9f39b267-61e4-406d-b45f-caef220ab041", "inat_id": 241398273}}, {"type": "Feature", "geometry": {"type": "Point", "coordinates": [-122.1832846848, 45.3093495815]}, "properties": {"species": "Aureoboletus mirabilis", "date": "2024-09-15", "location": "Clackamas County, US-OR, US", "elevation": 477.0, "land_cover_label": "Tree cover", "water_mask": false, "exclude_reason": "keep", "ndvi": null, "soil_moisture": null, "solar_exposure": null, "wind_exposure": null, "water_retention": null, "slope": null, "aspect": null, "num_identification_agreements": 1, "cluster": 0, "tavg": null, "tmin": 11.1, "tmax": 20.0, "prcp_d0": 3.008009672164917, "prcp_d1": 0.2872088849544525, "prcp_d2": 0.672707200050354, "prcp_d3": 5.606640815734863, "prcp_d4": 13.296480178833008, "prcp_d5": 0.0, "prcp_d6": 0.0, "tmax_d0": 18.8, "tmax_d1": 19.4, "tmax_d2": 19.0, "tmax_d3": 17.0, "tmax_d4": 22.3, "tmax_d5": 23.2, "tmax_d6": 25.5, "tmin_d0": 8.4, "tmin_d1": 10.2, "tmin_d2": 9.8, "tmin_d3": 11.4, "tmin_d4": 9.7, "tmin_d5": 10.0, "tmin_d6": 11.9, "day_of_year": 259, "uuid": "b365be4d-e310-487b-9b0c-ccf5a95ce621", "inat_id": 242554304}}, {"type": "Feature", "geometry": {"type": "Point", "coordinates": [-121.7941272468, 45.3553024898]}, "properties": {"species": "Aureoboletus mirabilis", "date": "2024-09-15", "location": "Oregon, US", "elevation": 1097.0, "land_cover_label": "Tree cover", "water_mask": false, "exclude_reason": "keep", "ndvi": null, "soil_moisture": null, "solar_exposure": null, "wind_exposure": null, "water_retention": null, "slope": null, "aspect": null, "num_identification_agreements": 1, "cluster": 0, "tavg": null, "tmin": 11.3, "tmax": 21.2, "prcp_d0": 3.370840549468994, "prcp_d1": 0.2441024780273437, "prcp_d2": 0.8021125793457031, "prcp_d3": 5.4511542320251465, "prcp_d4": 20.853439331054688, "prcp_d5": 0.0, "prcp_d6": 0.0, "tmax_d0": 13.5, "tmax_d1": 15.2, "tmax_d2": 16.1, "tmax_d3": 11.9, "tmax_d4": 17.3, "tmax_d5": 19.9, "tmax_d6": 22.3, "tmin_d0": 3.8, "tmin_d1": 7.4, "tmin_d2": 5.2, "tmin_d3": 8.0, "tmin_d4": 6.7, "tmin_d5": 10.7, "tmin_d6": 11.7, "day_of_year": 259, "uuid": "09f0c98a-905f-41ab-8527-55545e8e2d80", "inat_id": 242042857}}, {"type": "Feature", "geometry": {"type": "Point", "coordinates": [-121.733095, 45.306325]}, "properties": {"species": "Aureoboletus mirabilis", "date": "2024-09-16", "location": "Mt. Hood Park Division Recreation Area, Government Camp, OR, US", "elevation": 1304.0, "land_cover_label": "Tree cover", "water_mask": false, "exclude_reason": "keep", "ndvi": null, "soil_moisture": null, "solar_exposure": null, "wind_exposure": null, "water_retention": null, "slope": null, "aspect": null, "num_identification_agreements": 1, "cluster": 0, "tavg": null, "tmin": 11.2, "tmax": 25.9, "prcp_d0": 0.0, "prcp_d1": 0.0, "prcp_d2": 0.0, "prcp_d3": 0.0, "prcp_d4": 0.0, "prcp_d5": 10.252826690673828, "prcp_d6": 0.0, "tmax_d0": 17.4, "tmax_d1": 12.7, "tmax_d2": 14.7, "tmax_d3": 15.8, "tmax_d4": 11.3, "tmax_d5": 16.7, "tmax_d6": 19.4, "tmin_d0": 5.1, "tmin_d1": 4.3, "tmin_d2": 6.9, "tmin_d3": 5.5, "tmin_d4": 7.0, "tmin_d5": 6.0, "tmin_d6": 10.8, "day_of_year": 260, "uuid": "da5bb5a2-b2c6-4d08-8db0-cfdd9454c1b2", "inat_id": 242625510}}, {"type": "Feature", "geometry": {"type": "Point", "coordinates": [-121.7652511597, 45.1411094666]}, "properties": {"species": "Aureoboletus mirabilis", "date": "2024-09-18", "location": "Estacada", "elevation": 1023.0, "land_cover_label": "Tree cover", "water_mask": false, "exclude_reason": "keep", "ndvi": null, "soil_moisture": null, "solar_exposure": null, "wind_exposure": null, "water_retention": null, "slope": null, "aspect": null, "num_identification_agreements": 2, "cluster": 0, "tavg": null, "tmin": null, "tmax": null, "prcp_d0": 0.0, "prcp_d1": 0.0, "prcp_d2": 0.0, "prcp_d3": 4.394947052001953, "prcp_d4": 0.2429363578557968, "prcp_d5": 0.8876469731330872, "prcp_d6": 6.241486549377441, "tmax_d0": 17.5, "tmax_d1": 17.0, "tmax_d2": 20.2, "tmax_d3": 14.6, "tmax_d4": 18.0, "tmax_d5": 18.8, "tmax_d6": 14.2, "tmin_d0": 9.1, "tmin_d1": 6.9, "tmin_d2": 5.4, "tmin_d3": 6.5, "tmin_d4": 8.0, "tmin_d5": 8.8, "tmin_d6": 8.8, "day_of_year": 262, "uuid": "6bf1a07d-2572-4d9e-9504-b68d64881389", "inat_id": 242620648}}, {"type": "Feature", "geometry": {"type": "Point", "coordinates": [-121.7857385427, 45.4077274158]}, "properties": {"species": "Aureoboletus mirabilis", "date": "2024-09-22", "location": "MT HOOD PRKDL, OR 97041, USA", "elevation": 1185.0, "land_cover_label": "Tree cover", "water_mask": false, "exclude_reason": "keep", "ndvi": null, "soil_moisture": null, "solar_exposure": null, "wind_exposure": null, "water_retention": null, "slope": null, "aspect": null, "num_identification_agreements": 1, "cluster": 0, "tavg": null, "tmin": 10.6, "tmax": 26.4, "prcp_d0": 0.0, "prcp_d1": 0.0, "prcp_d2": 0.0, "prcp_d3": 0.0, "prcp_d4": 0.0, "prcp_d5": 0.0, "prcp_d6": 0.0, "tmax_d0": 18.9, "tmax_d1": 19.9, "tmax_d2": 14.1, "tmax_d3": 15.8, "tmax_d4": 14.0, "tmax_d5": 15.6, "tmax_d6": 18.1, "tmin_d0": 7.5, "tmin_d1": 3.1, "tmin_d2": 4.8, "tmin_d3": 6.1, "tmin_d4": 8.5, "tmin_d5": 4.1, "tmin_d6": 4.6, "day_of_year": 266, "uuid": "5445ba6d-0ff8-4ccf-89bd-098e9c053c63", "inat_id": 243852127}}, {"type": "Feature", "geometry": {"type": "Point", "coordinates": [-121.879529, 45.32002145]}, "properties": {"species": "Aureoboletus mirabilis", "date": "2024-10-07", "location": "Mt. Hood Park Division Recreation Area, Rhododendron, OR, US", "elevation": 807.0, "land_cover_label": "Tree cover", "water_mask": false, "exclude_reason": "keep", "ndvi": null, "soil_moisture": null, "solar_exposure": null, "wind_exposure": null, "water_retention": null, "slope": null, "aspect": null, "num_identification_agreements": 1, "cluster": 0, "tavg": null, "tmin": 8.3, "tmax": 23.4, "prcp_d0": 0.0, "prcp_d1": 0.0, "prcp_d2": 1.5528892278671265, "prcp_d3": 33.16910934448242, "prcp_d4": 0.0, "prcp_d5": 1.97260856628418, "prcp_d6": 0.0, "tmax_d0": 24.2, "tmax_d1": 20.1, "tmax_d2": 20.9, "tmax_d3": 17.9, "tmax_d4": 18.9, "tmax_d5": 18.8, "tmax_d6": 22.6, "tmin_d0": 9.2, "tmin_d1": 6.3, "tmin_d2": 2.5, "tmin_d3": 7.6, "tmin_d4": 3.4, "tmin_d5": 6.4, "tmin_d6": 8.0, "day_of_year": 281, "uuid": "3dcaaeb0-986c-45c0-86b3-bd617d7adca8", "inat_id": 246276114}}, {"type": "Feature", "geometry": {"type": "Point", "coordinates": [-121.94023, 45.2649783333]}, "properties": {"species": "Aureoboletus mirabilis", "date": "2024-10-14", "location": "Zigzag Ranger Station, Government Camp, OR, US", "elevation": 584.0, "land_cover_label": "Tree cover", "water_mask": false, "exclude_reason": "keep", "ndvi": null, "soil_moisture": null, "solar_exposure": null, "wind_exposure": null, "water_retention": null, "slope": null, "aspect": null, "num_identification_agreements": 1, "cluster": 0, "tavg": null, "tmin": 10.6, "tmax": 23.9, "prcp_d0": 0.0, "prcp_d1": 0.0, "prcp_d2": 0.0, "prcp_d3": 16.696866989135742, "prcp_d4": 0.0, "prcp_d5": 0.0, "prcp_d6": 0.0, "tmax_d0": 21.1, "tmax_d1": 24.0, "tmax_d2": 23.1, "tmax_d3": 23.2, "tmax_d4": 19.0, "tmax_d5": 17.5, "tmax_d6": 24.2, "tmin_d0": 10.0, "tmin_d1": 7.2, "tmin_d2": 11.4, "tmin_d3": 9.0, "tmin_d4": 1.9, "tmin_d5": 10.8, "tmin_d6": 12.3, "day_of_year": 288, "uuid": "cbc37d0c-e748-4c4d-b5d5-6fe330e00f84", "inat_id": 247497797}}, {"type": "Feature", "geometry": {"type": "Point", "coordinates": [-121.9808180736, 45.3986514876]}, "properties": {"species": "Aureoboletus mirabilis", "date": "2024-10-17", "location": "Zigzag Ranger Station, Brightwood, OR, US", "elevation": 1002.0, "land_cover_label": "Tree cover", "water_mask": false, "exclude_reason": "keep", "ndvi": null, "soil_moisture": null, "solar_exposure": null, "wind_exposure": null, "water_retention": null, "slope": null, "aspect": null, "num_identification_agreements": 1, "cluster": 0, "tavg": null, "tmin": 8.3, "tmax": 13.9, "prcp_d0": 0.0, "prcp_d1": 0.0, "prcp_d2": 0.0, "prcp_d3": 0.0, "prcp_d4": 0.0, "prcp_d5": 0.0, "prcp_d6": 23.459522247314453, "tmax_d0": 5.9, "tmax_d1": 9.8, "tmax_d2": 14.0, "tmax_d3": 17.2, "tmax_d4": 21.2, "tmax_d5": 20.4, "tmax_d6": 20.5, "tmin_d0": 2.1, "tmin_d1": 6.1, "tmin_d2": 8.6, "tmin_d3": 5.3, "tmin_d4": 3.3, "tmin_d5": 6.7, "tmin_d6": 5.3, "day_of_year": 291, "uuid": "c632ac85-13c7-4367-b769-139dd15dbcb3", "inat_id": 248509648}}, {"type": "Feature", "geometry": {"type": "Point", "coordinates": [-121.8632236087, 45.304575649]}, "properties": {"species": "Aureoboletus mirabilis", "date": "2024-10-18", "location": "Mt. Hood Park Division Recreation Area, Government Camp, OR, US", "elevation": 678.0, "land_cover_label": "Tree cover", "water_mask": false, "exclude_reason": "keep", "ndvi": null, "soil_moisture": null, "solar_exposure": null, "wind_exposure": null, "water_retention": null, "slope": null, "aspect": null, "num_identification_agreements": 1, "cluster": 0, "tavg": null, "tmin": 5.2, "tmax": 12.1, "prcp_d0": 0.0, "prcp_d1": 0.0, "prcp_d2": 0.0, "prcp_d3": 0.0, "prcp_d4": 0.0, "prcp_d5": 0.0, "prcp_d6": 0.0, "tmax_d0": 10.6, "tmax_d1": 8.3, "tmax_d2": 12.2, "tmax_d3": 16.5, "tmax_d4": 20.5, "tmax_d5": 23.4, "tmax_d6": 22.5, "tmin_d0": 2.3, "tmin_d1": 3.9, "tmin_d2": 8.1, "tmin_d3": 11.1, "tmin_d4": 9.5, "tmin_d5": 6.7, "tmin_d6": 10.9, "day_of_year": 292, "uuid": "c18e55b8-7626-499d-8f73-e7da75ba9917", "inat_id": 248099685}}, {"type": "Feature", "geometry": {"type": "Point", "coordinates": [-122.1046719138, 45.4568689968]}, "properties": {"species": "Aureoboletus mirabilis", "date": "2024-10-19", "location": "Oregon, US", "elevation": 359.0, "land_cover_label": "Tree cover", "water_mask": false, "exclude_reason": "keep", "ndvi": null, "soil_moisture": null, "solar_exposure": null, "wind_exposure": null, "water_retention": null, "slope": null, "aspect": null, "num_identification_agreements": 1, "cluster": 0, "tavg": null, "tmin": 12.2, "tmax": 22.8, "prcp_d0": 0.0, "prcp_d1": 0.0, "prcp_d2": 0.0, "prcp_d3": 0.0, "prcp_d4": 0.0, "prcp_d5": 0.0, "prcp_d6": 0.0, "tmax_d0": 18.1, "tmax_d1": 11.9, "tmax_d2": 10.1, "tmax_d3": 13.4, "tmax_d4": 17.8, "tmax_d5": 19.6, "tmax_d6": 21.7, "tmin_d0": 8.7, "tmin_d1": 4.6, "tmin_d2": 5.7, "tmin_d3": 10.0, "tmin_d4": 13.2, "tmin_d5": 8.4, "tmin_d6": 6.7, "day_of_year": 293, "uuid": "583e30cc-074a-4abf-8ff8-9d6111e2d00b", "inat_id": 249561903}}, {"type": "Feature", "geometry": {"type": "Point", "coordinates": [-121.8449823944, 45.8003661951]}, "properties": {"species": "Aureoboletus mirabilis", "date": "2024-10-23", "location": "Carson, WA, US", "elevation": 639.0, "land_cover_label": "Tree cover", "water_mask": false, "exclude_reason": "keep", "ndvi": null, "soil_moisture": null, "solar_exposure": null, "wind_exposure": null, "water_retention": null, "slope": null, "aspect": null, "num_identification_agreements": 1, "cluster": 1, "tavg": null, "tmin": 4.9, "tmax": 13.0, "prcp_d0": 0.0, "prcp_d1": 6.000156402587891, "prcp_d2": 45.14541244506836, "prcp_d3": 0.0, "prcp_d4": 10.434627532958984, "prcp_d5": 0.0, "prcp_d6": 21.5051498413086, "tmax_d0": 10.8, "tmax_d1": 11.8, "tmax_d2": 15.6, "tmax_d3": 17.6, "tmax_d4": 16.6, "tmax_d5": 9.7, "tmax_d6": 10.9, "tmin_d0": 3.5, "tmin_d1": 4.5, "tmin_d2": 7.8, "tmin_d3": 9.2, "tmin_d4": 7.3, "tmin_d5": 3.9, "tmin_d6": 5.1, "day_of_year": 297, "uuid": "7dc84d13-3993-4623-aeda-6dfbf5a6bd34", "inat_id": 248848650}}, {"type": "Feature", "geometry": {"type": "Point", "coordinates": [-122.0804361667, 45.5422666667]}, "properties": {"species": "Aureoboletus mirabilis", "date": "2024-10-23", "location": "Zigzag Ranger Station, Corbett, OR, US", "elevation": 878.0, "land_cover_label": "Tree cover", "water_mask": false, "exclude_reason": "keep", "ndvi": null, "soil_moisture": null, "solar_exposure": null, "wind_exposure": null, "water_retention": null, "slope": null, "aspect": null, "num_identification_agreements": 1, "cluster": 1, "tavg": null, "tmin": 5.6, "tmax": 14.4, "prcp_d0": 0.0, "prcp_d1": 0.0, "prcp_d2": 57.8150634765625, "prcp_d3": 0.0, "prcp_d4": 0.0, "prcp_d5": 0.0, "prcp_d6": 0.0, "tmax_d0": 9.1, "tmax_d1": 10.6, "tmax_d2": 14.0, "tmax_d3": 15.2, "tmax_d4": 15.0, "tmax_d5": 8.5, "tmax_d6": 6.9, "tmin_d0": 0.3, "tmin_d1": 2.4, "tmin_d2": 5.6, "tmin_d3": 6.1, "tmin_d4": 5.2, "tmin_d5": 2.1, "tmin_d6": 2.5, "day_of_year": 297, "uuid": "6bde0a5e-d5a2-4aae-98e0-21ec09d1b941", "inat_id": 248833580}}, {"type": "Feature", "geometry": {"type": "Point", "coordinates": [-121.8415366667, 45.38347]}, "properties": {"species": "Aureoboletus mirabilis", "date": "2024-10-26", "location": "Zigzag Ranger Station, Rhododendron, OR, US", "elevation": 730.0, "land_cover_label": "Tree cover", "water_mask": false, "exclude_reason": "keep", "ndvi": null, "soil_moisture": null, "solar_exposure": null, "wind_exposure": null, "water_retention": null, "slope": null, "aspect": null, "num_identification_agreements": 1, "cluster": 0, "tavg": null, "tmin": 5.7, "tmax": 16.9, "prcp_d0": 0.0, "prcp_d1": 0.0, "prcp_d2": 0.0, "prcp_d3": 0.0, "prcp_d4": 0.0, "prcp_d5": 0.0, "prcp_d6": 0.0, "tmax_d0": 16.8, "tmax_d1": 16.6, "tmax_d2": 12.6, "tmax_d3": 11.5, "tmax_d4": 12.8, "tmax_d5": 15.4, "tmax_d6": 19.2, "tmin_d0": 8.7, "tmin_d1": 3.7, "tmin_d2": -1.0, "tmin_d3": 2.3, "tmin_d4": 2.7, "tmin_d5": 7.4, "tmin_d6": 9.8, "day_of_year": 300, "uuid": "d71bb260-eddc-4b05-b94e-cad73b4be033", "inat_id": 249229638}}, {"type": "Feature", "geometry": {"type": "Point", "coordinates": [-121.8002866667, 45.3138416667]}, "properties": {"species": "Aureoboletus mirabilis", "date": "2024-10-26", "location": "Mt. Hood Park Division Recreation Area, Government Camp, OR, US", "elevation": 940.0, "land_cover_label": "Tree cover", "water_mask": false, "exclude_reason": "keep", "ndvi": null, "soil_moisture": null, "solar_exposure": null, "wind_exposure": null, "water_retention": null, "slope": null, "aspect": null, "num_identification_agreements": 1, "cluster": 2, "tavg": null, "tmin": 5.7, "tmax": 16.9, "prcp_d0": 4.9881110191345215, "prcp_d1": 0.0, "prcp_d2": 0.0, "prcp_d3": 0.0, "prcp_d4": 3.661717653274536, "prcp_d5": 40.09718322753906, "prcp_d6": 0.0, "tmax_d0": 15.5, "tmax_d1": 13.8, "tmax_d2": 10.0, "tmax_d3": 9.6, "tmax_d4": 10.6, "tmax_d5": 13.9, "tmax_d6": 17.5, "tmin_d0": 7.7, "tmin_d1": 3.5, "tmin_d2": -2.2, "tmin_d3": 3.2, "tmin_d4": 0.8, "tmin_d5": 6.2, "tmin_d6": 9.0, "day_of_year": 300, "uuid": "2877f917-1861-4e0c-a035-a932b3d0bc31", "inat_id": 249580270}}, {"type": "Feature", "geometry": {"type": "Point", "coordinates": [-121.86048, 45.3026083333]}, "properties": {"species": "Aureoboletus mirabilis", "date": "2024-10-27", "location": "Mt. Hood Park Division Recreation Area, Government Camp, OR, US", "elevation": 690.0, "land_cover_label": "Tree cover", "water_mask": false, "exclude_reason": "keep", "ndvi": null, "soil_moisture": null, "solar_exposure": null, "wind_exposure": null, "water_retention": null, "slope": null, "aspect": null, "num_identification_agreements": 1, "cluster": 2, "tavg": null, "tmin": 7.1, "tmax": 14.3, "prcp_d0": 0.0, "prcp_d1": 0.0, "prcp_d2": 0.0, "prcp_d3": 0.0, "prcp_d4": 0.0, "prcp_d5": 0.0, "prcp_d6": 115.8727035522461, "tmax_d0": 15.9, "tmax_d1": 17.5, "tmax_d2": 15.9, "tmax_d3": 12.3, "tmax_d4": 11.4, "tmax_d5": 12.8, "tmax_d6": 16.0, "tmin_d0": 7.3, "tmin_d1": 9.1, "tmin_d2": 5.3, "tmin_d3": -1.0, "tmin_d4": 2.2, "tmin_d5": 3.0, "tmin_d6": 8.0, "day_of_year": 301, "uuid": "164c5aa7-53cd-443f-acec-78f6574637ca", "inat_id": 249584691}}, {"type": "Feature", "geometry": {"type": "Point", "coordinates": [-121.9394305556, 45.2695388889]}, "properties": {"species": "Aureoboletus mirabilis", "date": "2024-10-27", "location": "Clackamas County, OR, USA", "elevation": 559.0, "land_cover_label": "Tree cover", "water_mask": false, "exclude_reason": "keep", "ndvi": null, "soil_moisture": null, "solar_exposure": null, "wind_exposure": null, "water_retention": null, "slope": null, "aspect": null, "num_identification_agreements": 1, "cluster": 2, "tavg": null, "tmin": 11.1, "tmax": 16.7, "prcp_d0": 0.0, "prcp_d1": 0.0, "prcp_d2": 0.0, "prcp_d3": 0.0, "prcp_d4": 0.0, "prcp_d5": 0.0, "prcp_d6": 107.27790069580078, "tmax_d0": 17.0, "tmax_d1": 18.6, "tmax_d2": 17.0, "tmax_d3": 13.4, "tmax_d4": 12.5, "tmax_d5": 13.9, "tmax_d6": 17.1, "tmin_d0": 8.4, "tmin_d1": 10.2, "tmin_d2": 6.4, "tmin_d3": 0.1, "tmin_d4": 3.3, "tmin_d5": 4.1, "tmin_d6": 9.1, "day_of_year": 301, "uuid": "cc76551d-4c93-42d8-a782-51ae96dfeeed", "inat_id": 249838252}}, {"type": "Feature", "geometry": {"type": "Point", "coordinates": [-122.0926972222, 45.5313722222]}, "properties": {"species": "Aureoboletus mirabilis", "date": "2024-11-03", "location": "Multnomah County, OR, USA", "elevation": 1166.0, "land_cover_label": "Tree cover", "water_mask": false, "exclude_reason": "keep", "ndvi": null, "soil_moisture": null, "solar_exposure": null, "wind_exposure": null, "water_retention": null, "slope": null, "aspect": null, "num_identification_agreements": 1, "cluster": 0, "tavg": null, "tmin": 10.0, "tmax": 14.4, "prcp_d0": 0.0, "prcp_d1": 0.0, "prcp_d2": 0.0, "prcp_d3": 0.0, "prcp_d4": 0.0, "prcp_d5": 0.0, "prcp_d6": 0.0, "tmax_d0": 2.8, "tmax_d1": 3.7, "tmax_d2": 4.1, "tmax_d3": 1.4, "tmax_d4": 4.9, "tmax_d5": 3.1, "tmax_d6": 3.3, "tmin_d0": 0.5, "tmin_d1": 0.4, "tmin_d2": 0.1, "tmin_d3": -2.1, "tmin_d4": -2.4, "tmin_d5": 0.4, "tmin_d6": 1.3, "day_of_year": 308, "uuid": "7c0c8a5f-149b-4b10-9525-a7fb2f640292", "inat_id": 262481721}}, {"type": "Feature", "geometry": {"type": "Point", "coordinates": [-122.0931555556, 45.5312694444]}, "properties": {"species": "Aureoboletus mirabilis", "date": "2024-11-03", "location": "Multnomah County, OR, USA", "elevation": 1166.0, "land_cover_label": "Tree cover", "water_mask": false, "exclude_reason": "keep", "ndvi": null, "soil_moisture": null, "solar_exposure": null, "wind_exposure": null, "water_retention": null, "slope": null, "aspect": null, "num_identification_agreements": 1, "cluster": 0, "tavg": null, "tmin": 10.0, "tmax": 14.4, "prcp_d0": 0.0, "prcp_d1": 0.0, "prcp_d2": 0.0, "prcp_d3": 0.0, "prcp_d4": 0.0, "prcp_d5": 0.0, "prcp_d6": 0.0, "tmax_d0": 2.8, "tmax_d1": 3.7, "tmax_d2": 4.1, "tmax_d3": 1.4, "tmax_d4": 4.9, "tmax_d5": 3.1, "tmax_d6": 3.3, "tmin_d0": 0.5, "tmin_d1": 0.4, "tmin_d2": 0.1, "tmin_d3": -2.1, "tmin_d4": -2.4, "tmin_d5": 0.4, "tmin_d6": 1.3, "day_of_year": 308, "uuid": "dcfe6657-8598-4246-936b-b8c2dbc4f0c9", "inat_id": 262479976}}, {"type": "Feature", "geometry": {"type": "Point", "coordinates": [-121.7934112549, 45.310836792]}, "properties": {"species": "Aureoboletus mirabilis", "date": "2024-11-08", "location": "Government Camp", "elevation": 1042.0, "land_cover_label": "Tree cover", "water_mask": false, "exclude_reason": "keep", "ndvi": null, "soil_moisture": null, "solar_exposure": null, "wind_exposure": null, "water_retention": null, "slope": null, "aspect": null, "num_identification_agreements": 1, "cluster": 1, "tavg": null, "tmin": 2.3, "tmax": 8.9, "prcp_d0": 0.0, "prcp_d1": 0.0, "prcp_d2": 0.0, "prcp_d3": 95.37779998779295, "prcp_d4": 0.0, "prcp_d5": 0.0, "prcp_d6": 0.0, "tmax_d0": 15.7, "tmax_d1": 12.3, "tmax_d2": 6.0, "tmax_d3": 3.4, "tmax_d4": 3.9, "tmax_d5": 3.2, "tmax_d6": 3.6, "tmin_d0": 4.1, "tmin_d1": 1.8, "tmin_d2": -2.2, "tmin_d3": 1.5, "tmin_d4": -0.4, "tmin_d5": 1.4, "tmin_d6": 1.7, "day_of_year": 313, "uuid": "228c49a7-a824-4ea4-a253-35b9308fdc9a", "inat_id": 351388277}}, {"type": "Feature", "geometry": {"type": "Point", "coordinates": [-122.1753659, 45.5590078]}, "properties": {"species": "Aureoboletus mirabilis", "date": "2024-11-11", "location": "Columbia River Gorge National Scenic Area, Corbett, OR, US", "elevation": 23.0, "land_cover_label": "Tree cover", "water_mask": false, "exclude_reason": "keep", "ndvi": null, "soil_moisture": null, "solar_exposure": null, "wind_exposure": null, "water_retention": null, "slope": null, "aspect": null, "num_identification_agreements": 1, "cluster": 0, "tavg": null, "tmin": 10.6, "tmax": 12.8, "prcp_d0": 37.98429489135742, "prcp_d1": 0.0, "prcp_d2": 0.0, "prcp_d3": 0.0, "prcp_d4": 0.0, "prcp_d5": 0.0, "prcp_d6": 0.0, "tmax_d0": 12.9, "tmax_d1": 14.2, "tmax_d2": 14.1, "tmax_d3": 15.9, "tmax_d4": 15.3, "tmax_d5": 14.5, "tmax_d6": 10.6, "tmin_d0": 9.1, "tmin_d1": 8.0, "tmin_d2": 8.2, "tmin_d3": 6.9, "tmin_d4": 6.5, "tmin_d5": 4.4, "tmin_d6": 6.9, "day_of_year": 316, "uuid": "6569dcaf-1ecf-4385-864f-fe3400099ef4", "inat_id": 251369105}}, {"type": "Feature", "geometry": {"type": "Point", "coordinates": [-121.9830633333, 45.0825945]}, "properties": {"species": "Aureoboletus mirabilis", "date": "2024-11-16", "location": "Mt. Hood National Forest, Estacada, OR, US", "elevation": 632.0, "land_cover_label": "Tree cover", "water_mask": false, "exclude_reason": "keep", "ndvi": null, "soil_moisture": null, "solar_exposure": null, "wind_exposure": null, "water_retention": null, "slope": null, "aspect": null, "num_identification_agreements": 1, "cluster": 1, "tavg": null, "tmin": null, "tmax": null, "prcp_d0": 0.0, "prcp_d1": 0.0, "prcp_d2": 0.0, "prcp_d3": 95.5902328491211, "prcp_d4": 0.0, "prcp_d5": 0.0, "prcp_d6": 0.0, "tmax_d0": 5.1, "tmax_d1": 5.3, "tmax_d2": 7.4, "tmax_d3": 8.2, "tmax_d4": 7.4, "tmax_d5": 10.4, "tmax_d6": 11.3, "tmin_d0": -0.1, "tmin_d1": 0.6, "tmin_d2": 2.9, "tmin_d3": 5.0, "tmin_d4": 4.6, "tmin_d5": 5.2, "tmin_d6": 6.3, "day_of_year": 321, "uuid": "975224fc-cb62-4ae8-a12d-50c9795c75bc", "inat_id": 251944092}}, {"type": "Feature", "geometry": {"type": "Point", "coordinates": [-122.1621680532, 45.5021581904]}, "properties": {"species": "Aureoboletus mirabilis", "date": "2024-11-22", "location": "Corbett, Corbett, OR, US", "elevation": 532.0, "land_cover_label": "Tree cover", "water_mask": false, "exclude_reason": "keep", "ndvi": null, "soil_moisture": null, "solar_exposure": null, "wind_exposure": null, "water_retention": null, "slope": null, "aspect": null, "num_identification_agreements": 1, "cluster": 1, "tavg": null, "tmin": 7.8, "tmax": 15.0, "prcp_d0": 46.66189193725586, "prcp_d1": 15.553964614868164, "prcp_d2": 103.63006591796876, "prcp_d3": 51.815032958984375, "prcp_d4": 25.907516479492188, "prcp_d5": 0.0, "prcp_d6": 0.0, "tmax_d0": 9.8, "tmax_d1": 11.4, "tmax_d2": 10.7, "tmax_d3": 6.5, "tmax_d4": 2.8, "tmax_d5": 7.5, "tmax_d6": 5.5, "tmin_d0": 4.1, "tmin_d1": 1.0, "tmin_d2": 2.1, "tmin_d3": -1.0, "tmin_d4": 0.1, "tmin_d5": 3.8, "tmin_d6": 1.0, "day_of_year": 327, "uuid": "2b559550-8122-42a8-88f3-686030f8ff09", "inat_id": 252640143}}, {"type": "Feature", "geometry": {"type": "Point", "coordinates": [-122.096375, 45.23643]}, "properties": {"species": "Aureoboletus mirabilis", "date": "2025-08-12", "location": "Mt. Hood National Forest, Government Camp, OR, US", "elevation": 1146.0, "land_cover_label": "Tree cover", "water_mask": false, "exclude_reason": "keep", "ndvi": null, "soil_moisture": null, "solar_exposure": null, "wind_exposure": null, "water_retention": null, "slope": null, "aspect": null, "num_identification_agreements": 1, "cluster": 0, "tavg": null, "tmin": 18.3, "tmax": 37.2, "prcp_d0": 0.0, "prcp_d1": 0.0, "prcp_d2": 0.0, "prcp_d3": 0.0, "prcp_d4": 0.0, "prcp_d5": 0.0, "prcp_d6": 0.0, "tmax_d0": 26.7, "tmax_d1": 28.6, "tmax_d2": 30.6, "tmax_d3": 20.1, "tmax_d4": 17.8, "tmax_d5": 14.3, "tmax_d6": 18.4, "tmin_d0": 11.3, "tmin_d1": 10.3, "tmin_d2": 8.3, "tmin_d3": 5.8, "tmin_d4": 2.3, "tmin_d5": 8.6, "tmin_d6": 9.2, "day_of_year": 224, "uuid": "332ab319-d51a-49b5-9a94-58f872ca66bb", "inat_id": 305864359}}, {"type": "Feature", "geometry": {"type": "Point", "coordinates": [-121.6779622775, 45.2551670197]}, "properties": {"species": "Aureoboletus mirabilis", "date": "2025-08-17", "location": "Oregon, US", "elevation": 1337.0, "land_cover_label": "Tree cover", "water_mask": false, "exclude_reason": "keep", "ndvi": null, "soil_moisture": null, "solar_exposure": null, "wind_exposure": null, "water_retention": null, "slope": null, "aspect": null, "num_identification_agreements": 2, "cluster": 0, "tavg": null, "tmin": 12.0, "tmax": 26.0, "prcp_d0": 0.0, "prcp_d1": 4.287782669067383, "prcp_d2": 0.0, "prcp_d3": 0.0, "prcp_d4": 0.0, "prcp_d5": 0.0, "prcp_d6": 0.0, "tmax_d0": 19.0, "tmax_d1": 16.8, "tmax_d2": 16.8, "tmax_d3": 19.4, "tmax_d4": 25.5, "tmax_d5": 29.0, "tmax_d6": 30.2, "tmin_d0": 8.3, "tmin_d1": 11.6, "tmin_d2": 11.1, "tmin_d3": 10.3, "tmin_d4": 13.7, "tmin_d5": 16.5, "tmin_d6": 18.7, "day_of_year": 229, "uuid": "43ab0c6b-32dd-4176-a2fb-d7bf525c35db", "inat_id": 307439523}}, {"type": "Feature", "geometry": {"type": "Point", "coordinates": [-121.66368, 45.325]}, "properties": {"species": "Aureoboletus mirabilis", "date": "2025-08-24", "location": "Mt. Hood Park Division Recreation Area, Mount Hood Parkdale, OR, US", "elevation": 1629.0, "land_cover_label": "Tree cover", "water_mask": false, "exclude_reason": "keep", "ndvi": null, "soil_moisture": null, "solar_exposure": null, "wind_exposure": null, "water_retention": null, "slope": null, "aspect": null, "num_identification_agreements": 1, "cluster": 0, "tavg": null, "tmin": 15.0, "tmax": 38.0, "prcp_d0": 0.0, "prcp_d1": 0.0, "prcp_d2": 0.0, "prcp_d3": 0.0, "prcp_d4": 0.0, "prcp_d5": 0.0, "prcp_d6": 0.0, "tmax_d0": 27.8, "tmax_d1": 26.1, "tmax_d2": 24.1, "tmax_d3": 22.5, "tmax_d4": 17.2, "tmax_d5": 17.2, "tmax_d6": 15.9, "tmin_d0": 16.9, "tmin_d1": 15.5, "tmin_d2": 12.0, "tmin_d3": 9.0, "tmin_d4": 7.5, "tmin_d5": 5.6, "tmin_d6": 7.5, "day_of_year": 236, "uuid": "e9b445fe-9d63-45cc-b16f-e7abfea82242", "inat_id": 309070621}}, {"type": "Feature", "geometry": {"type": "Point", "coordinates": [-121.7855978, 45.3123361997]}, "properties": {"species": "Aureoboletus mirabilis", "date": "2025-08-31", "location": "Mt Hood, OR 97041, USA", "elevation": 1050.0, "land_cover_label": "Tree cover", "water_mask": false, "exclude_reason": "keep", "ndvi": null, "soil_moisture": null, "solar_exposure": null, "wind_exposure": null, "water_retention": null, "slope": null, "aspect": null, "num_identification_agreements": 1, "cluster": 0, "tavg": null, "tmin": 15.8, "tmax": 29.1, "prcp_d0": 0.0, "prcp_d1": 0.0, "prcp_d2": 0.0, "prcp_d3": 0.0, "prcp_d4": 0.0, "prcp_d5": 8.179560661315918, "prcp_d6": 8.765084266662598, "tmax_d0": 24.1, "tmax_d1": 24.7, "tmax_d2": 26.1, "tmax_d3": 25.3, "tmax_d4": 24.7, "tmax_d5": 27.8, "tmax_d6": 28.2, "tmin_d0": 15.1, "tmin_d1": 14.1, "tmin_d2": 13.8, "tmin_d3": 13.6, "tmin_d4": 15.8, "tmin_d5": 17.6, "tmin_d6": 18.8, "day_of_year": 243, "uuid": "4b5d38f3-7656-4465-a399-f5948e075340", "inat_id": 310902036}}, {"type": "Feature", "geometry": {"type": "Point", "coordinates": [-122.0903633907, 45.5309522171]}, "properties": {"species": "Aureoboletus mirabilis", "date": "2025-10-04", "location": "Cascade Locks, OR 97014, USA", "elevation": 1212.0, "land_cover_label": "Tree cover", "water_mask": false, "exclude_reason": "keep", "ndvi": null, "soil_moisture": null, "solar_exposure": null, "wind_exposure": null, "water_retention": null, "slope": null, "aspect": null, "num_identification_agreements": 1, "cluster": 2, "tavg": null, "tmin": 11.0, "tmax": 19.0, "prcp_d0": 2.576645612716675, "prcp_d1": 0.0, "prcp_d2": 0.0, "prcp_d3": 17.870695114135742, "prcp_d4": 0.0, "prcp_d5": 24.987531661987305, "prcp_d6": 0.0, "tmax_d0": 10.2, "tmax_d1": 9.3, "tmax_d2": 11.1, "tmax_d3": 8.6, "tmax_d4": 14.4, "tmax_d5": 15.5, "tmax_d6": 16.7, "tmin_d0": 5.7, "tmin_d1": 2.8, "tmin_d2": 3.0, "tmin_d3": 5.0, "tmin_d4": 2.7, "tmin_d5": 7.3, "tmin_d6": 7.2, "day_of_year": 277, "uuid": "95cb30ab-a624-4913-815a-b61c9a97622b", "inat_id": 318768458}}, {"type": "Feature", "geometry": {"type": "Point", "coordinates": [-121.7334247687, 45.2742296279]}, "properties": {"species": "Aureoboletus mirabilis", "date": "2025-10-05", "location": "Trillium Lake Loop, Government Camp, OR, US", "elevation": 1107.0, "land_cover_label": "Tree cover", "water_mask": false, "exclude_reason": "keep", "ndvi": null, "soil_moisture": null, "solar_exposure": null, "wind_exposure": null, "water_retention": null, "slope": null, "aspect": null, "num_identification_agreements": 1, "cluster": 2, "tavg": null, "tmin": 5.0, "tmax": 21.0, "prcp_d0": 0.0, "prcp_d1": 0.0, "prcp_d2": 0.0, "prcp_d3": 0.0, "prcp_d4": 14.488534927368164, "prcp_d5": 0.0, "prcp_d6": 40.40922927856445, "tmax_d0": 12.8, "tmax_d1": 10.9, "tmax_d2": 12.3, "tmax_d3": 14.0, "tmax_d4": 10.5, "tmax_d5": 14.8, "tmax_d6": 19.1, "tmin_d0": 4.2, "tmin_d1": 6.3, "tmin_d2": 4.7, "tmin_d3": 4.7, "tmin_d4": 6.8, "tmin_d5": 5.7, "tmin_d6": 10.4, "day_of_year": 278, "uuid": "ef7ce53c-4abb-4f36-a447-bc36f96e6357", "inat_id": 318961942}}, {"type": "Feature", "geometry": {"type": "Point", "coordinates": [-121.7831366667, 45.406395]}, "properties": {"species": "Aureoboletus mirabilis", "date": "2025-10-05", "location": "Top Spur Trail, Rhododendron, OR, US", "elevation": 1280.0, "land_cover_label": "Tree cover", "water_mask": false, "exclude_reason": "keep", "ndvi": null, "soil_moisture": null, "solar_exposure": null, "wind_exposure": null, "water_retention": null, "slope": null, "aspect": null, "num_identification_agreements": 1, "cluster": 0, "tavg": null, "tmin": 5.0, "tmax": 21.0, "prcp_d0": 0.0, "prcp_d1": 0.0, "prcp_d2": 0.0, "prcp_d3": 0.0, "prcp_d4": 0.0, "prcp_d5": 0.0, "prcp_d6": 27.47777938842773, "tmax_d0": 12.0, "tmax_d1": 9.7, "tmax_d2": 11.2, "tmax_d3": 12.1, "tmax_d4": 9.7, "tmax_d5": 14.1, "tmax_d6": 17.2, "tmin_d0": 1.8, "tmin_d1": 4.9, "tmin_d2": 2.5, "tmin_d3": 2.8, "tmin_d4": 5.1, "tmin_d5": 2.8, "tmin_d6": 8.7, "day_of_year": 278, "uuid": "842b1591-e885-40d1-816a-5b08221eeae1", "inat_id": 319021542}}, {"type": "Feature", "geometry": {"type": "Point", "coordinates": [-121.8016319607, 45.2514812179]}, "properties": {"species": "Aureoboletus mirabilis", "date": "2025-10-05", "location": "Oregon, US", "elevation": 1380.0, "land_cover_label": "Tree cover", "water_mask": false, "exclude_reason": "keep", "ndvi": null, "soil_moisture": null, "solar_exposure": null, "wind_exposure": null, "water_retention": null, "slope": null, "aspect": null, "num_identification_agreements": 1, "cluster": 0, "tavg": null, "tmin": null, "tmax": null, "prcp_d0": 0.0, "prcp_d1": 0.0, "prcp_d2": 0.0, "prcp_d3": 0.0, "prcp_d4": 12.06232452392578, "prcp_d5": 0.0, "prcp_d6": 21.671316146850582, "tmax_d0": 12.7, "tmax_d1": 9.5, "tmax_d2": 10.9, "tmax_d3": 12.4, "tmax_d4": 9.7, "tmax_d5": 13.4, "tmax_d6": 17.1, "tmin_d0": 2.1, "tmin_d1": 4.7, "tmin_d2": 2.6, "tmin_d3": 3.6, "tmin_d4": 5.9, "tmin_d5": 4.1, "tmin_d6": 9.1, "day_of_year": 278, "uuid": "d163c357-d01d-44e6-8d90-9c6a324d73e2", "inat_id": 319396750}}, {"type": "Feature", "geometry": {"type": "Point", "coordinates": [-121.801574707, 45.3948898315]}, "properties": {"species": "Aureoboletus mirabilis", "date": "2025-10-06", "location": "Mount Hood", "elevation": 877.0, "land_cover_label": "Tree cover", "water_mask": false, "exclude_reason": "keep", "ndvi": null, "soil_moisture": null, "solar_exposure": null, "wind_exposure": null, "water_retention": null, "slope": null, "aspect": null, "num_identification_agreements": 1, "cluster": 0, "tavg": null, "tmin": 1.0, "tmax": 23.0, "prcp_d0": 0.0, "prcp_d1": 0.0, "prcp_d2": 0.0, "prcp_d3": 0.0, "prcp_d4": 0.0, "prcp_d5": 14.127676010131836, "prcp_d6": 0.0, "tmax_d0": 17.5, "tmax_d1": 15.5, "tmax_d2": 11.8, "tmax_d3": 13.3, "tmax_d4": 14.6, "tmax_d5": 11.6, "tmax_d6": 16.2, "tmin_d0": 4.1, "tmin_d1": 3.3, "tmin_d2": 6.9, "tmin_d3": 4.3, "tmin_d4": 5.8, "tmin_d5": 7.9, "tmin_d6": 6.1, "day_of_year": 279, "uuid": "69f45ed9-7317-470e-b7fe-abcd4e2b9ecd", "inat_id": 319320049}}, {"type": "Feature", "geometry": {"type": "Point", "coordinates": [-121.7448809042, 45.2682794251]}, "properties": {"species": "Aureoboletus mirabilis", "date": "2025-10-07", "location": "TIMBERLINE LODGE, OR 97028, USA", "elevation": 1132.0, "land_cover_label": "Tree cover", "water_mask": false, "exclude_reason": "keep", "ndvi": null, "soil_moisture": null, "solar_exposure": null, "wind_exposure": null, "water_retention": null, "slope": null, "aspect": null, "num_identification_agreements": 1, "cluster": 0, "tavg": null, "tmin": 2.0, "tmax": 22.0, "prcp_d0": 0.0, "prcp_d1": 0.0, "prcp_d2": 0.0, "prcp_d3": 0.0, "prcp_d4": 0.0, "prcp_d5": 0.0, "prcp_d6": 14.488534927368164, "tmax_d0": 19.6, "tmax_d1": 13.8, "tmax_d2": 12.6, "tmax_d3": 10.6, "tmax_d4": 12.1, "tmax_d5": 13.7, "tmax_d6": 10.2, "tmin_d0": 9.0, "tmin_d1": 6.2, "tmin_d2": 4.0, "tmin_d3": 6.0, "tmin_d4": 4.5, "tmin_d5": 4.5, "tmin_d6": 6.5, "day_of_year": 280, "uuid": "2029a06f-59e1-48d6-98d9-48a27bf65e20", "inat_id": 319394900}}, {"type": "Feature", "geometry": {"type": "Point", "coordinates": [-121.885666545, 45.29814492]}, "properties": {"species": "Aureoboletus mirabilis", "date": "2025-10-07", "location": "Mount Hood National Forest, OR, USA", "elevation": 600.0, "land_cover_label": "Tree cover", "water_mask": false, "exclude_reason": "keep", "ndvi": null, "soil_moisture": null, "solar_exposure": null, "wind_exposure": null, "water_retention": null, "slope": null, "aspect": null, "num_identification_agreements": 1, "cluster": 0, "tavg": null, "tmin": 12.8, "tmax": 26.0, "prcp_d0": 0.0, "prcp_d1": 0.0, "prcp_d2": 0.0, "prcp_d3": 0.0, "prcp_d4": 0.0, "prcp_d5": 0.0, "prcp_d6": 11.962407112121582, "tmax_d0": 23.5, "tmax_d1": 19.4, "tmax_d2": 18.0, "tmax_d3": 13.9, "tmax_d4": 15.2, "tmax_d5": 16.2, "tmax_d6": 13.8, "tmin_d0": 11.0, "tmin_d1": 7.1, "tmin_d2": 5.7, "tmin_d3": 9.6, "tmin_d4": 5.5, "tmin_d5": 7.6, "tmin_d6": 9.8, "day_of_year": 280, "uuid": "7cd4d62b-f8b1-456e-a2e8-19580d4ea2ac", "inat_id": 319700014}}, {"type": "Feature", "geometry": {"type": "Point", "coordinates": [-121.7376471504, 45.2742216088]}, "properties": {"species": "Aureoboletus mirabilis", "date": "2025-10-09", "location": "Trillium Lake Loop, Government Camp, OR, US", "elevation": 1105.0, "land_cover_label": "Tree cover", "water_mask": false, "exclude_reason": "keep", "ndvi": null, "soil_moisture": null, "solar_exposure": null, "wind_exposure": null, "water_retention": null, "slope": null, "aspect": null, "num_identification_agreements": 1, "cluster": 0, "tavg": null, "tmin": 10.0, "tmax": 18.0, "prcp_d0": 11.813307762145996, "prcp_d1": 0.0, "prcp_d2": 0.0, "prcp_d3": 0.0, "prcp_d4": 0.0, "prcp_d5": 0.0, "prcp_d6": 0.0, "tmax_d0": 14.8, "tmax_d1": 17.7, "tmax_d2": 19.9, "tmax_d3": 14.1, "tmax_d4": 12.8, "tmax_d5": 10.9, "tmax_d6": 12.3, "tmin_d0": 5.7, "tmin_d1": 7.1, "tmin_d2": 9.2, "tmin_d3": 6.4, "tmin_d4": 4.2, "tmin_d5": 6.3, "tmin_d6": 4.7, "day_of_year": 282, "uuid": "ef7a4f2e-85fd-4faf-a265-be30c0885da5", "inat_id": 320006871}}, {"type": "Feature", "geometry": {"type": "Point", "coordinates": [-121.7022996841, 45.3457116692]}, "properties": {"species": "Aureoboletus mirabilis", "date": "2025-10-10", "location": "Oregon, US", "elevation": 2141.0, "land_cover_label": "Bare / sparse vegetation", "water_mask": false, "exclude_reason": "keep", "ndvi": null, "soil_moisture": null, "solar_exposure": null, "wind_exposure": null, "water_retention": null, "slope": null, "aspect": null, "num_identification_agreements": 1, "cluster": 0, "tavg": null, "tmin": 8.0, "tmax": 15.0, "prcp_d0": 7.008801460266113, "prcp_d1": 14.756572723388672, "prcp_d2": 0.0, "prcp_d3": 0.0, "prcp_d4": 0.0, "prcp_d5": 0.0, "prcp_d6": 0.0, "tmax_d0": 7.5, "tmax_d1": 8.8, "tmax_d2": 10.9, "tmax_d3": 13.1, "tmax_d4": 7.7, "tmax_d5": 6.0, "tmax_d6": 3.5, "tmin_d0": -3.1, "tmin_d1": -1.9, "tmin_d2": -0.8, "tmin_d3": 0.4, "tmin_d4": -2.0, "tmin_d5": -2.9, "tmin_d6": -0.9, "day_of_year": 283, "uuid": "6932673b-e884-465f-b26b-26d9dafed422", "inat_id": 321177298}}, {"type": "Feature", "geometry": {"type": "Point", "coordinates": [-122.089875, 45.52947]}, "properties": {"species": "Aureoboletus mirabilis", "date": "2025-10-10", "location": "Larch Mountain Trail, Corbett, OR, US", "elevation": 1212.0, "land_cover_label": "Tree cover", "water_mask": false, "exclude_reason": "keep", "ndvi": null, "soil_moisture": null, "solar_exposure": null, "wind_exposure": null, "water_retention": null, "slope": null, "aspect": null, "num_identification_agreements": 1, "cluster": 0, "tavg": null, "tmin": 10.6, "tmax": 15.0, "prcp_d0": 6.6397576332092285, "prcp_d1": 15.881731986999512, "prcp_d2": 0.0, "prcp_d3": 0.0, "prcp_d4": 0.0, "prcp_d5": 0.0, "prcp_d6": 2.576645612716675, "tmax_d0": 10.9, "tmax_d1": 11.6, "tmax_d2": 16.5, "tmax_d3": 17.7, "tmax_d4": 14.2, "tmax_d5": 13.1, "tmax_d6": 10.0, "tmin_d0": 2.9, "tmin_d1": 3.1, "tmin_d2": 2.0, "tmin_d3": 5.1, "tmin_d4": 4.7, "tmin_d5": 2.2, "tmin_d6": 5.5, "day_of_year": 283, "uuid": "105d6d5f-a6eb-4ce2-a990-0cfabc31cf94", "inat_id": 320254687}}, {"type": "Feature", "geometry": {"type": "Point", "coordinates": [-121.8486819722, 45.3073779722]}, "properties": {"species": "Aureoboletus mirabilis", "date": "2025-10-11", "location": "Rhododendron, OR 97049, USA", "elevation": 733.0, "land_cover_label": "Tree cover", "water_mask": false, "exclude_reason": "keep", "ndvi": null, "soil_moisture": null, "solar_exposure": null, "wind_exposure": null, "water_retention": null, "slope": null, "aspect": null, "num_identification_agreements": 1, "cluster": 0, "tavg": null, "tmin": 8.0, "tmax": 13.0, "prcp_d0": 0.0, "prcp_d1": 5.449056148529053, "prcp_d2": 11.127854347229004, "prcp_d3": 0.0, "prcp_d4": 0.0, "prcp_d5": 0.0, "prcp_d6": 0.0, "tmax_d0": 10.5, "tmax_d1": 17.1, "tmax_d2": 17.6, "tmax_d3": 19.5, "tmax_d4": 22.5, "tmax_d5": 18.4, "tmax_d6": 17.0, "tmin_d0": 6.2, "tmin_d1": 6.1, "tmin_d2": 7.1, "tmin_d3": 6.4, "tmin_d4": 10.0, "tmin_d5": 6.1, "tmin_d6": 4.7, "day_of_year": 284, "uuid": "0313d4d8-d50c-4b26-b454-7df0e5b39e0b", "inat_id": 320288499}}, {"type": "Feature", "geometry": {"type": "Point", "coordinates": [-121.8379583333, 45.4120666667]}, "properties": {"species": "Aureoboletus mirabilis", "date": "2025-10-11", "location": "Zigzag Ranger Station, Brightwood, OR, US", "elevation": 848.0, "land_cover_label": "Tree cover", "water_mask": false, "exclude_reason": "keep", "ndvi": null, "soil_moisture": null, "solar_exposure": null, "wind_exposure": null, "water_retention": null, "slope": null, "aspect": null, "num_identification_agreements": 2, "cluster": 0, "tavg": null, "tmin": 8.0, "tmax": 13.0, "prcp_d0": 2.5219950675964355, "prcp_d1": 5.777299404144287, "prcp_d2": 13.323345184326172, "prcp_d3": 0.0, "prcp_d4": 0.0, "prcp_d5": 0.0, "prcp_d6": 0.0, "tmax_d0": 8.9, "tmax_d1": 15.4, "tmax_d2": 16.9, "tmax_d3": 19.2, "tmax_d4": 21.5, "tmax_d5": 16.9, "tmax_d6": 15.0, "tmin_d0": 5.2, "tmin_d1": 5.2, "tmin_d2": 5.7, "tmin_d3": 5.4, "tmin_d4": 6.2, "tmin_d5": 5.7, "tmin_d6": 3.8, "day_of_year": 284, "uuid": "9d93093e-8874-41f7-aa7c-f016284b0985", "inat_id": 321033183}}, {"type": "Feature", "geometry": {"type": "Point", "coordinates": [-121.7769833333, 45.3163777778]}, "properties": {"species": "Aureoboletus mirabilis", "date": "2025-10-11", "location": "Mt Hood, OR 97041, USA", "elevation": 1186.0, "land_cover_label": "Tree cover", "water_mask": false, "exclude_reason": "keep", "ndvi": null, "soil_moisture": null, "solar_exposure": null, "wind_exposure": null, "water_retention": null, "slope": null, "aspect": null, "num_identification_agreements": 1, "cluster": 0, "tavg": null, "tmin": 8.0, "tmax": 13.0, "prcp_d0": 0.0, "prcp_d1": 5.683432102203369, "prcp_d2": 11.774738311767578, "prcp_d3": 0.3719712495803833, "prcp_d4": 3.3680908018141054e-06, "prcp_d5": 0.0, "prcp_d6": 0.0, "tmax_d0": 7.4, "tmax_d1": 14.1, "tmax_d2": 14.9, "tmax_d3": 16.3, "tmax_d4": 19.1, "tmax_d5": 14.3, "tmax_d6": 12.7, "tmin_d0": 2.5, "tmin_d1": 3.1, "tmin_d2": 4.3, "tmin_d3": 5.1, "tmin_d4": 7.6, "tmin_d5": 4.0, "tmin_d6": 2.1, "day_of_year": 284, "uuid": "f52ae927-aa37-465e-9d76-49af2ca06d5c", "inat_id": 320270607}}, {"type": "Feature", "geometry": {"type": "Point", "coordinates": [-121.7858055556, 45.3154555556]}, "properties": {"species": "Aureoboletus mirabilis", "date": "2025-10-11", "location": "Mt Hood, OR 97041, USA", "elevation": 1144.0, "land_cover_label": "Tree cover", "water_mask": false, "exclude_reason": "keep", "ndvi": null, "soil_moisture": null, "solar_exposure": null, "wind_exposure": null, "water_retention": null, "slope": null, "aspect": null, "num_identification_agreements": 1, "cluster": 0, "tavg": null, "tmin": 8.0, "tmax": 13.0, "prcp_d0": 0.0, "prcp_d1": 5.683432102203369, "prcp_d2": 11.774738311767578, "prcp_d3": 0.3719712495803833, "prcp_d4": 3.3680908018141054e-06, "prcp_d5": 0.0, "prcp_d6": 0.0, "tmax_d0": 8.1, "tmax_d1": 14.8, "tmax_d2": 15.6, "tmax_d3": 17.0, "tmax_d4": 19.8, "tmax_d5": 15.0, "tmax_d6": 13.4, "tmin_d0": 3.2, "tmin_d1": 3.8, "tmin_d2": 5.0, "tmin_d3": 5.8, "tmin_d4": 8.3, "tmin_d5": 4.7, "tmin_d6": 2.8, "day_of_year": 284, "uuid": "6a63bab8-cea8-41cb-8bee-245739455317", "inat_id": 320271171}}, {"type": "Feature", "geometry": {"type": "Point", "coordinates": [-121.7590631131, 45.6242891768]}, "properties": {"species": "Aureoboletus mirabilis", "date": "2025-10-11", "location": "Hood River County, US-OR, US", "elevation": 1237.0, "land_cover_label": "Tree cover", "water_mask": false, "exclude_reason": "keep", "ndvi": null, "soil_moisture": null, "solar_exposure": null, "wind_exposure": null, "water_retention": null, "slope": null, "aspect": null, "num_identification_agreements": 1, "cluster": 0, "tavg": null, "tmin": 8.0, "tmax": 13.0, "prcp_d0": 0.0, "prcp_d1": 6.5204267501831055, "prcp_d2": 19.61395263671875, "prcp_d3": 0.5517553687095642, "prcp_d4": 0.0, "prcp_d5": 0.0, "prcp_d6": 0.0, "tmax_d0": 7.9, "tmax_d1": 11.0, "tmax_d2": 12.6, "tmax_d3": 14.3, "tmax_d4": 14.5, "tmax_d5": 12.9, "tmax_d6": 12.0, "tmin_d0": 3.0, "tmin_d1": 4.5, "tmin_d2": 3.0, "tmin_d3": 2.0, "tmin_d4": 1.8, "tmin_d5": 1.4, "tmin_d6": 2.0, "day_of_year": 284, "uuid": "112c99d0-aeeb-4d91-a92f-b452f292e98a", "inat_id": 320780499}}, {"type": "Feature", "geometry": {"type": "Point", "coordinates": [-122.0789721667, 45.237045]}, "properties": {"species": "Aureoboletus mirabilis", "date": "2025-10-12", "location": "Mt. Hood National Forest, Government Camp, OR, US", "elevation": 1128.0, "land_cover_label": "Tree cover", "water_mask": false, "exclude_reason": "keep", "ndvi": null, "soil_moisture": null, "solar_exposure": null, "wind_exposure": null, "water_retention": null, "slope": null, "aspect": null, "num_identification_agreements": 1, "cluster": 0, "tavg": null, "tmin": 7.0, "tmax": 13.0, "prcp_d0": 9.532966613769531, "prcp_d1": 0.0, "prcp_d2": 5.950563907623291, "prcp_d3": 10.183390617370604, "prcp_d4": 0.0, "prcp_d5": 0.0, "prcp_d6": 0.0, "tmax_d0": 6.0, "tmax_d1": 7.6, "tmax_d2": 13.4, "tmax_d3": 14.7, "tmax_d4": 17.7, "tmax_d5": 20.6, "tmax_d6": 15.2, "tmin_d0": 3.0, "tmin_d1": 3.5, "tmin_d2": 4.2, "tmin_d3": 3.6, "tmin_d4": 3.5, "tmin_d5": 9.1, "tmin_d6": 5.2, "day_of_year": 285, "uuid": "da9d291b-3f2e-4d69-abd7-367a07675a0f", "inat_id": 320525213}}, {"type": "Feature", "geometry": {"type": "Point", "coordinates": [-122.0385182454, 45.5068301035]}, "properties": {"species": "Aureoboletus mirabilis", "date": "2025-10-13", "location": "Oregon, US", "elevation": 528.0, "land_cover_label": "Tree cover", "water_mask": false, "exclude_reason": "keep", "ndvi": null, "soil_moisture": null, "solar_exposure": null, "wind_exposure": null, "water_retention": null, "slope": null, "aspect": null, "num_identification_agreements": 1, "cluster": 0, "tavg": null, "tmin": 3.0, "tmax": 16.0, "prcp_d0": 5.649499416351318, "prcp_d1": 11.919967651367188, "prcp_d2": 2.82315444946289, "prcp_d3": 6.295991897583008, "prcp_d4": 15.332088470458984, "prcp_d5": 0.0, "prcp_d6": 0.0, "tmax_d0": 9.3, "tmax_d1": 8.4, "tmax_d2": 11.1, "tmax_d3": 14.9, "tmax_d4": 15.5, "tmax_d5": 20.4, "tmax_d6": 21.7, "tmin_d0": 1.7, "tmin_d1": 5.5, "tmin_d2": 6.3, "tmin_d3": 6.9, "tmin_d4": 7.0, "tmin_d5": 6.0, "tmin_d6": 9.0, "day_of_year": 286, "uuid": "3eb55107-3ee8-450b-bbc0-5294dc81bf64", "inat_id": 320776932}}, {"type": "Feature", "geometry": {"type": "Point", "coordinates": [-122.1914974732, 45.4017047812]}, "properties": {"species": "Aureoboletus mirabilis", "date": "2025-10-13", "location": "Oregon, US", "elevation": 220.0, "land_cover_label": "Tree cover", "water_mask": false, "exclude_reason": "keep", "ndvi": null, "soil_moisture": null, "solar_exposure": null, "wind_exposure": null, "water_retention": null, "slope": null, "aspect": null, "num_identification_agreements": 1, "cluster": 0, "tavg": null, "tmin": 3.0, "tmax": 16.0, "prcp_d0": 5.831470966339111, "prcp_d1": 11.51919651031494, "prcp_d2": 2.6135380268096924, "prcp_d3": 6.899224758148193, "prcp_d4": 14.230982780456545, "prcp_d5": 0.0, "prcp_d6": 0.0, "tmax_d0": 11.5, "tmax_d1": 9.8, "tmax_d2": 12.9, "tmax_d3": 14.0, "tmax_d4": 14.6, "tmax_d5": 22.4, "tmax_d6": 23.8, "tmin_d0": 2.4, "tmin_d1": 6.8, "tmin_d2": 7.4, "tmin_d3": 7.7, "tmin_d4": 7.2, "tmin_d5": 7.1, "tmin_d6": 11.7, "day_of_year": 286, "uuid": "75df0130-4f8a-48b1-ad3b-c981eec289ba", "inat_id": 320778762}}, {"type": "Feature", "geometry": {"type": "Point", "coordinates": [-121.4984103441, 45.2971463055]}, "properties": {"species": "Aureoboletus mirabilis", "date": "2025-10-15", "location": "Oregon, US", "elevation": 1060.0, "land_cover_label": "Tree cover", "water_mask": false, "exclude_reason": "keep", "ndvi": null, "soil_moisture": null, "solar_exposure": null, "wind_exposure": null, "water_retention": null, "slope": null, "aspect": null, "num_identification_agreements": 1, "cluster": 0, "tavg": null, "tmin": 0.0, "tmax": 17.0, "prcp_d0": 0.0, "prcp_d1": 0.0, "prcp_d2": 0.0, "prcp_d3": 12.864249229431152, "prcp_d4": 0.0, "prcp_d5": 1.102389574050903, "prcp_d6": 2.486600160598755, "tmax_d0": 10.9, "tmax_d1": 6.2, "tmax_d2": 3.4, "tmax_d3": 5.9, "tmax_d4": 9.7, "tmax_d5": 13.8, "tmax_d6": 14.7, "tmin_d0": -0.5, "tmin_d1": -1.2, "tmin_d2": -0.5, "tmin_d3": 2.9, "tmin_d4": 4.2, "tmin_d5": 5.7, "tmin_d6": 5.4, "day_of_year": 288, "uuid": "7f6d5f59-494e-49e5-b0a0-91f708d00109", "inat_id": 321424667}}, {"type": "Feature", "geometry": {"type": "Point", "coordinates": [-121.866195, 45.2966716667]}, "properties": {"species": "Aureoboletus mirabilis", "date": "2025-10-15", "location": "Mt. Hood Park Division Recreation Area, Rhododendron, OR, US", "elevation": 727.0, "land_cover_label": "Tree cover", "water_mask": false, "exclude_reason": "keep", "ndvi": null, "soil_moisture": null, "solar_exposure": null, "wind_exposure": null, "water_retention": null, "slope": null, "aspect": null, "num_identification_agreements": 1, "cluster": 0, "tavg": null, "tmin": 0.0, "tmax": 17.0, "prcp_d0": 0.0, "prcp_d1": 0.0, "prcp_d2": 5.244589805603027, "prcp_d3": 7.186570167541504, "prcp_d4": 0.0, "prcp_d5": 5.249355316162109, "prcp_d6": 9.976099014282228, "tmax_d0": 15.1, "tmax_d1": 11.7, "tmax_d2": 8.3, "tmax_d3": 8.2, "tmax_d4": 10.5, "tmax_d5": 17.2, "tmax_d6": 17.6, "tmin_d0": 3.4, "tmin_d1": 2.1, "tmin_d2": 0.8, "tmin_d3": 5.0, "tmin_d4": 6.2, "tmin_d5": 6.1, "tmin_d6": 7.1, "day_of_year": 288, "uuid": "eaab0620-d2be-48d8-9858-baaf239c0d96", "inat_id": 321292204}}, {"type": "Feature", "geometry": {"type": "Point", "coordinates": [-121.7199643965, 45.2496799886]}, "properties": {"species": "Aureoboletus mirabilis", "date": "2025-10-15", "location": "Government Camp, OR, US", "elevation": 1047.0, "land_cover_label": "Tree cover", "water_mask": false, "exclude_reason": "keep", "ndvi": null, "soil_moisture": null, "solar_exposure": null, "wind_exposure": null, "water_retention": null, "slope": null, "aspect": null, "num_identification_agreements": 1, "cluster": 0, "tavg": null, "tmin": 0.0, "tmax": 17.0, "prcp_d0": 0.0, "prcp_d1": 0.0, "prcp_d2": 0.0, "prcp_d3": 0.0, "prcp_d4": 0.0, "prcp_d5": 3.13219690322876, "prcp_d6": 5.834805011749268, "tmax_d0": 12.8, "tmax_d1": 7.1, "tmax_d2": 3.6, "tmax_d3": 5.6, "tmax_d4": 8.8, "tmax_d5": 14.5, "tmax_d6": 15.2, "tmin_d0": 1.5, "tmin_d1": -0.2, "tmin_d2": -2.2, "tmin_d3": 2.5, "tmin_d4": 3.9, "tmin_d5": 5.0, "tmin_d6": 6.1, "day_of_year": 288, "uuid": "d6ca66c2-0fbc-4ae1-b665-5c6919293bf4", "inat_id": 321520202}}, {"type": "Feature", "geometry": {"type": "Point", "coordinates": [-122.1326722222, 45.5558805556]}, "properties": {"species": "Aureoboletus mirabilis", "date": "2025-10-17", "location": "Corbett, OR 97019, USA", "elevation": 701.0, "land_cover_label": "Tree cover", "water_mask": false, "exclude_reason": "keep", "ndvi": null, "soil_moisture": null, "solar_exposure": null, "wind_exposure": null, "water_retention": null, "slope": null, "aspect": null, "num_identification_agreements": 1, "cluster": 0, "tavg": null, "tmin": 7.0, "tmax": 17.0, "prcp_d0": 0.0, "prcp_d1": 0.0, "prcp_d2": 0.0, "prcp_d3": 0.0, "prcp_d4": 0.0, "prcp_d5": 0.0, "prcp_d6": 0.0, "tmax_d0": 10.3, "tmax_d1": 12.4, "tmax_d2": 14.2, "tmax_d3": 11.2, "tmax_d4": 8.6, "tmax_d5": 7.7, "tmax_d6": 10.4, "tmin_d0": 6.6, "tmin_d1": 2.9, "tmin_d2": 2.8, "tmin_d3": 4.0, "tmin_d4": 1.1, "tmin_d5": 4.9, "tmin_d6": 5.6, "day_of_year": 290, "uuid": "bf607e3e-ce21-40c7-a00a-88d59f9077cb", "inat_id": 321869669}}, {"type": "Feature", "geometry": {"type": "Point", "coordinates": [-121.8471833333, 45.3853116667]}, "properties": {"species": "Aureoboletus mirabilis", "date": "2025-10-18", "location": "Rhododendron, OR, US", "elevation": 719.0, "land_cover_label": "Tree cover", "water_mask": false, "exclude_reason": "keep", "ndvi": null, "soil_moisture": null, "solar_exposure": null, "wind_exposure": null, "water_retention": null, "slope": null, "aspect": null, "num_identification_agreements": 1, "cluster": 0, "tavg": null, "tmin": 2.0, "tmax": 17.0, "prcp_d0": 0.0, "prcp_d1": 0.0, "prcp_d2": 0.0, "prcp_d3": 0.0, "prcp_d4": 0.0, "prcp_d5": 5.829113006591797, "prcp_d6": 9.007253646850586, "tmax_d0": 17.6, "tmax_d1": 11.1, "tmax_d2": 13.0, "tmax_d3": 15.4, "tmax_d4": 11.5, "tmax_d5": 7.5, "tmax_d6": 8.0, "tmin_d0": -0.2, "tmin_d1": 6.3, "tmin_d2": 2.7, "tmin_d3": 2.4, "tmin_d4": 2.2, "tmin_d5": 0.8, "tmin_d6": 5.0, "day_of_year": 291, "uuid": "3051232c-2ab8-4a90-8425-f67b5c25c932", "inat_id": 323082121}}, {"type": "Feature", "geometry": {"type": "Point", "coordinates": [-121.8333549911, 45.2342958819]}, "properties": {"species": "Aureoboletus mirabilis", "date": "2025-10-18", "location": "Oregon, US", "elevation": 1069.0, "land_cover_label": "Tree cover", "water_mask": false, "exclude_reason": "keep", "ndvi": null, "soil_moisture": null, "solar_exposure": null, "wind_exposure": null, "water_retention": null, "slope": null, "aspect": null, "num_identification_agreements": 1, "cluster": 0, "tavg": null, "tmin": null, "tmax": null, "prcp_d0": 0.0, "prcp_d1": 0.0, "prcp_d2": 0.0, "prcp_d3": 0.0, "prcp_d4": 0.0, "prcp_d5": 4.80267858505249, "prcp_d6": 5.972630023956299, "tmax_d0": 16.0, "tmax_d1": 9.0, "tmax_d2": 11.1, "tmax_d3": 12.8, "tmax_d4": 7.8, "tmax_d5": 4.9, "tmax_d6": 5.7, "tmin_d0": -1.8, "tmin_d1": 3.9, "tmin_d2": 0.1, "tmin_d3": 1.4, "tmin_d4": 0.2, "tmin_d5": -1.4, "tmin_d6": 2.7, "day_of_year": 291, "uuid": "55451471-c5c1-4172-8d88-d49edbc2cc89", "inat_id": 321743450}}, {"type": "Feature", "geometry": {"type": "Point", "coordinates": [-121.8586723976, 45.2972489493]}, "properties": {"species": "Aureoboletus mirabilis", "date": "2025-10-18", "location": "Oregon, US", "elevation": 802.0, "land_cover_label": "Tree cover", "water_mask": false, "exclude_reason": "keep", "ndvi": null, "soil_moisture": null, "solar_exposure": null, "wind_exposure": null, "water_retention": null, "slope": null, "aspect": null, "num_identification_agreements": 1, "cluster": 0, "tavg": null, "tmin": 2.0, "tmax": 17.0, "prcp_d0": 0.0, "prcp_d1": 0.0, "prcp_d2": 0.0, "prcp_d3": 0.0, "prcp_d4": 0.0, "prcp_d5": 5.244589805603027, "prcp_d6": 7.186570167541504, "tmax_d0": 17.3, "tmax_d1": 10.8, "tmax_d2": 12.7, "tmax_d3": 14.6, "tmax_d4": 11.3, "tmax_d5": 7.9, "tmax_d6": 7.8, "tmin_d0": -0.3, "tmin_d1": 5.9, "tmin_d2": 0.9, "tmin_d3": 3.0, "tmin_d4": 1.7, "tmin_d5": 0.3, "tmin_d6": 4.5, "day_of_year": 291, "uuid": "8935baa5-f3a6-4743-94bb-b509adc45734", "inat_id": 321727525}}, {"type": "Feature", "geometry": {"type": "Point", "coordinates": [-121.8338783333, 45.3801716667]}, "properties": {"species": "Aureoboletus mirabilis", "date": "2025-10-18", "location": "Rhododendron, OR, US", "elevation": 749.0, "land_cover_label": "Tree cover", "water_mask": false, "exclude_reason": "keep", "ndvi": null, "soil_moisture": null, "solar_exposure": null, "wind_exposure": null, "water_retention": null, "slope": null, "aspect": null, "num_identification_agreements": 1, "cluster": 0, "tavg": null, "tmin": 2.0, "tmax": 17.0, "prcp_d0": 0.0, "prcp_d1": 0.0, "prcp_d2": 0.0, "prcp_d3": 0.0, "prcp_d4": 0.0, "prcp_d5": 5.829113006591797, "prcp_d6": 9.007253646850586, "tmax_d0": 17.3, "tmax_d1": 10.8, "tmax_d2": 12.6, "tmax_d3": 15.0, "tmax_d4": 11.1, "tmax_d5": 7.1, "tmax_d6": 7.6, "tmin_d0": -0.6, "tmin_d1": 5.9, "tmin_d2": 2.4, "tmin_d3": 2.1, "tmin_d4": 1.8, "tmin_d5": 0.4, "tmin_d6": 4.6, "day_of_year": 291, "uuid": "236f3e64-a568-4c69-a422-501133b5cfe5", "inat_id": 323082161}}, {"type": "Feature", "geometry": {"type": "Point", "coordinates": [-121.9609135, 45.3281745]}, "properties": {"species": "Aureoboletus mirabilis", "date": "2025-10-22", "location": "E Elk Park Rd, Welches, OR, US", "elevation": 407.0, "land_cover_label": "Tree cover", "water_mask": false, "exclude_reason": "keep", "ndvi": null, "soil_moisture": null, "solar_exposure": null, "wind_exposure": null, "water_retention": null, "slope": null, "aspect": null, "num_identification_agreements": 1, "cluster": 0, "tavg": null, "tmin": 9.0, "tmax": 18.0, "prcp_d0": 0.0, "prcp_d1": 0.0, "prcp_d2": 0.0, "prcp_d3": 14.002501487731934, "prcp_d4": 0.0, "prcp_d5": 0.0, "prcp_d6": 0.0, "tmax_d0": 18.9, "tmax_d1": 21.2, "tmax_d2": 15.3, "tmax_d3": 15.8, "tmax_d4": 19.0, "tmax_d5": 13.1, "tmax_d6": 14.7, "tmin_d0": 7.0, "tmin_d1": 3.8, "tmin_d2": 6.1, "tmin_d3": 8.4, "tmin_d4": 0.8, "tmin_d5": 8.5, "tmin_d6": 2.5, "day_of_year": 295, "uuid": "97a8ff25-2dab-49de-9bea-5a3aeeeffbc6", "inat_id": 322476000}}, {"type": "Feature", "geometry": {"type": "Point", "coordinates": [-122.0297027778, 45.3913583333]}, "properties": {"species": "Aureoboletus mirabilis", "date": "2025-10-23", "location": "Sandy, OR 97055, USA", "elevation": 648.0, "land_cover_label": "Tree cover", "water_mask": false, "exclude_reason": "keep", "ndvi": null, "soil_moisture": null, "solar_exposure": null, "wind_exposure": null, "water_retention": null, "slope": null, "aspect": null, "num_identification_agreements": 2, "cluster": 0, "tavg": null, "tmin": 9.0, "tmax": 18.0, "prcp_d0": 0.0, "prcp_d1": 0.0, "prcp_d2": 0.0, "prcp_d3": 2.4354777336120605, "prcp_d4": 16.712167739868164, "prcp_d5": 0.0, "prcp_d6": 0.0, "tmax_d0": 16.4, "tmax_d1": 15.6, "tmax_d2": 17.8, "tmax_d3": 12.5, "tmax_d4": 13.2, "tmax_d5": 15.9, "tmax_d6": 10.5, "tmin_d0": 5.5, "tmin_d1": 4.3, "tmin_d2": 1.5, "tmin_d3": 4.0, "tmin_d4": 5.9, "tmin_d5": -1.2, "tmin_d6": 6.0, "day_of_year": 296, "uuid": "0489c444-4db2-43d0-b7ed-8fe7dd7ebb5d", "inat_id": 322647593}}, {"type": "Feature", "geometry": {"type": "Point", "coordinates": [-121.85617, 45.38617]}, "properties": {"species": "Aureoboletus mirabilis", "date": "2025-10-27", "location": "Sandy River Trail, Rhododendron, OR, US", "elevation": 680.0, "land_cover_label": "Tree cover", "water_mask": false, "exclude_reason": "keep", "ndvi": null, "soil_moisture": null, "solar_exposure": null, "wind_exposure": null, "water_retention": null, "slope": null, "aspect": null, "num_identification_agreements": 1, "cluster": 1, "tavg": null, "tmin": 2.0, "tmax": 10.0, "prcp_d0": 2.9098944664001465, "prcp_d1": 18.28868293762207, "prcp_d2": 31.051382064819336, "prcp_d3": 4.84284782409668, "prcp_d4": 0.0, "prcp_d5": 0.0, "prcp_d6": 0.0, "tmax_d0": 6.9, "tmax_d1": 5.7, "tmax_d2": 10.1, "tmax_d3": 14.3, "tmax_d4": 17.7, "tmax_d5": 18.6, "tmax_d6": 20.9, "tmin_d0": 2.1, "tmin_d1": 2.5, "tmin_d2": 3.4, "tmin_d3": 7.0, "tmin_d4": 6.4, "tmin_d5": 6.3, "tmin_d6": 4.7, "day_of_year": 300, "uuid": "b470c999-9c65-4dc6-b3e7-d604cf659317", "inat_id": 323596635}}, {"type": "Feature", "geometry": {"type": "Point", "coordinates": [-121.9881819722, 45.3603659722]}, "properties": {"species": "Aureoboletus mirabilis", "date": "2025-10-30", "location": "Mt Hood Village, OR, USA", "elevation": 385.0, "land_cover_label": "Tree cover", "water_mask": false, "exclude_reason": "keep", "ndvi": null, "soil_moisture": null, "solar_exposure": null, "wind_exposure": null, "water_retention": null, "slope": null, "aspect": null, "num_identification_agreements": 4, "cluster": 2, "tavg": null, "tmin": 6.0, "tmax": 14.0, "prcp_d0": 0.0, "prcp_d1": 10.15458869934082, "prcp_d2": 0.0, "prcp_d3": 2.9945321083068848, "prcp_d4": 17.960445404052734, "prcp_d5": 30.941783905029297, "prcp_d6": 5.276498317718506, "tmax_d0": 14.0, "tmax_d1": 14.6, "tmax_d2": 15.8, "tmax_d3": 8.8, "tmax_d4": 7.8, "tmax_d5": 11.9, "tmax_d6": 15.6, "tmin_d0": 3.6, "tmin_d1": 8.6, "tmin_d2": 2.8, "tmin_d3": 3.4, "tmin_d4": 4.0, "tmin_d5": 5.0, "tmin_d6": 8.4, "day_of_year": 303, "uuid": "659fabb5-82af-4ade-bbf3-ca83e6e31901", "inat_id": 324241729}}, {"type": "Feature", "geometry": {"type": "Point", "coordinates": [-122.0888971667, 45.5287216667]}, "properties": {"species": "Aureoboletus mirabilis", "date": "2025-11-02", "location": "Larch Mountain Trail, Corbett, OR, US", "elevation": 1179.0, "land_cover_label": "Tree cover", "water_mask": false, "exclude_reason": "keep", "ndvi": null, "soil_moisture": null, "solar_exposure": null, "wind_exposure": null, "water_retention": null, "slope": null, "aspect": null, "num_identification_agreements": 1, "cluster": 0, "tavg": null, "tmin": 6.0, "tmax": 15.0, "prcp_d0": 0.0, "prcp_d1": 0.0, "prcp_d2": 0.0, "prcp_d3": 0.0, "prcp_d4": 9.77792263031006, "prcp_d5": 0.0, "prcp_d6": 3.5198142528533936, "tmax_d0": 6.6, "tmax_d1": 9.1, "tmax_d2": 9.5, "tmax_d3": 6.4, "tmax_d4": 7.1, "tmax_d5": 5.8, "tmax_d6": 3.7, "tmin_d0": 1.2, "tmin_d1": 5.4, "tmin_d2": -1.0, "tmin_d3": 0.6, "tmin_d4": 3.2, "tmin_d5": -1.4, "tmin_d6": -1.6, "day_of_year": 306, "uuid": "cbf8adc3-5df6-4796-9945-5529b32eedaa", "inat_id": 325383578}}, {"type": "Feature", "geometry": {"type": "Point", "coordinates": [-122.0795277778, 45.5468361111]}, "properties": {"species": "Aureoboletus mirabilis", "date": "2025-11-02", "location": "Cascade Locks, OR 97014, USA", "elevation": 886.0, "land_cover_label": "Tree cover", "water_mask": false, "exclude_reason": "keep", "ndvi": null, "soil_moisture": null, "solar_exposure": null, "wind_exposure": null, "water_retention": null, "slope": null, "aspect": null, "num_identification_agreements": 1, "cluster": 0, "tavg": null, "tmin": 6.0, "tmax": 15.0, "prcp_d0": 0.0, "prcp_d1": 0.0, "prcp_d2": 0.0, "prcp_d3": 0.0, "prcp_d4": 9.77792263031006, "prcp_d5": 0.0, "prcp_d6": 3.5198142528533936, "tmax_d0": 8.6, "tmax_d1": 11.1, "tmax_d2": 11.5, "tmax_d3": 8.4, "tmax_d4": 9.1, "tmax_d5": 7.8, "tmax_d6": 5.7, "tmin_d0": 3.2, "tmin_d1": 7.4, "tmin_d2": 1.0, "tmin_d3": 2.6, "tmin_d4": 5.2, "tmin_d5": 0.6, "tmin_d6": 0.4, "day_of_year": 306, "uuid": "500cf374-00d4-44cb-823f-14dfe55a8e42", "inat_id": 324744558}}, {"type": "Feature", "geometry": {"type": "Point", "coordinates": [-122.081425, 45.54655]}, "properties": {"species": "Aureoboletus mirabilis", "date": "2025-11-02", "location": "Cascade Locks, OR 97014, USA", "elevation": 914.0, "land_cover_label": "Tree cover", "water_mask": false, "exclude_reason": "keep", "ndvi": null, "soil_moisture": null, "solar_exposure": null, "wind_exposure": null, "water_retention": null, "slope": null, "aspect": null, "num_identification_agreements": 1, "cluster": 0, "tavg": null, "tmin": 6.0, "tmax": 15.0, "prcp_d0": 0.0, "prcp_d1": 0.0, "prcp_d2": 0.0, "prcp_d3": 0.0, "prcp_d4": 9.77792263031006, "prcp_d5": 0.0, "prcp_d6": 3.5198142528533936, "tmax_d0": 8.5, "tmax_d1": 11.0, "tmax_d2": 11.4, "tmax_d3": 8.3, "tmax_d4": 9.0, "tmax_d5": 7.7, "tmax_d6": 5.6, "tmin_d0": 3.1, "tmin_d1": 7.3, "tmin_d2": 0.9, "tmin_d3": 2.5, "tmin_d4": 5.1, "tmin_d5": 0.5, "tmin_d6": 0.3, "day_of_year": 306, "uuid": "6adecc71-b898-404f-88e8-5dac46860ae5", "inat_id": 324744624}}, {"type": "Feature", "geometry": {"type": "Point", "coordinates": [-121.9609135, 45.3281745]}, "properties": {"species": "Aureoboletus mirabilis", "date": "2025-11-04", "location": "E Elk Park Rd, Welches, OR, US", "elevation": 407.0, "land_cover_label": "Tree cover", "water_mask": false, "exclude_reason": "keep", "ndvi": null, "soil_moisture": null, "solar_exposure": null, "wind_exposure": null, "water_retention": null, "slope": null, "aspect": null, "num_identification_agreements": 1, "cluster": 0, "tavg": null, "tmin": 8.0, "tmax": 12.0, "prcp_d0": 0.0, "prcp_d1": 0.0, "prcp_d2": 0.0, "prcp_d3": 0.0, "prcp_d4": 0.0, "prcp_d5": 0.0, "prcp_d6": 9.839978218078612, "tmax_d0": 16.4, "tmax_d1": 11.4, "tmax_d2": 12.6, "tmax_d3": 15.5, "tmax_d4": 18.1, "tmax_d5": 13.8, "tmax_d6": 14.4, "tmin_d0": 8.1, "tmin_d1": 5.1, "tmin_d2": 6.6, "tmin_d3": 11.1, "tmin_d4": 5.4, "tmin_d5": 3.5, "tmin_d6": 8.5, "day_of_year": 308, "uuid": "0c281bf9-82e6-471d-bcdf-d2755f774a16", "inat_id": 324928610}}, {"type": "Feature", "geometry": {"type": "Point", "coordinates": [-121.716725, 45.8161666667]}, "properties": {"species": "Aureoboletus mirabilis", "date": "2025-11-05", "location": "Carson, WA 98610, USA", "elevation": 643.0, "land_cover_label": "Tree cover", "water_mask": false, "exclude_reason": "keep", "ndvi": null, "soil_moisture": null, "solar_exposure": null, "wind_exposure": null, "water_retention": null, "slope": null, "aspect": null, "num_identification_agreements": 1, "cluster": 1, "tavg": null, "tmin": 7.0, "tmax": 11.0, "prcp_d0": 130.04933166503906, "prcp_d1": 32.512332916259766, "prcp_d2": 0.0, "prcp_d3": 0.0, "prcp_d4": 0.0, "prcp_d5": 0.0, "prcp_d6": 0.0, "tmax_d0": 8.0, "tmax_d1": 5.7, "tmax_d2": 8.8, "tmax_d3": 10.5, "tmax_d4": 11.6, "tmax_d5": 8.2, "tmax_d6": 9.6, "tmin_d0": 4.2, "tmin_d1": 2.6, "tmin_d2": 3.3, "tmin_d3": 3.3, "tmin_d4": 5.7, "tmin_d5": 1.9, "tmin_d6": 1.9, "day_of_year": 309, "uuid": "b349973b-616b-40a7-acb5-097c9c40e0e4", "inat_id": 325195008}}, {"type": "Feature", "geometry": {"type": "Point", "coordinates": [-122.385058729, 45.0325826757]}, "properties": {"species": "Aureoboletus mirabilis", "date": "2025-11-08", "location": "Clackamas County, US-OR, US", "elevation": 928.0, "land_cover_label": "Tree cover", "water_mask": false, "exclude_reason": "keep", "ndvi": null, "soil_moisture": null, "solar_exposure": null, "wind_exposure": null, "water_retention": null, "slope": null, "aspect": null, "num_identification_agreements": 1, "cluster": 1, "tavg": null, "tmin": 4.0, "tmax": 17.0, "prcp_d0": 0.0, "prcp_d1": 0.0, "prcp_d2": 20.5888786315918, "prcp_d3": 109.2845458984375, "prcp_d4": 0.0, "prcp_d5": 0.0, "prcp_d6": 0.0, "tmax_d0": 15.5, "tmax_d1": 8.6, "tmax_d2": 10.6, "tmax_d3": 11.6, "tmax_d4": 14.1, "tmax_d5": 9.6, "tmax_d6": 9.2, "tmin_d0": 0.3, "tmin_d1": 3.7, "tmin_d2": 5.2, "tmin_d3": 7.3, "tmin_d4": 5.6, "tmin_d5": 3.7, "tmin_d6": 3.9, "day_of_year": 312, "uuid": "05bb0541-8936-48a1-b58a-0b8520e0344e", "inat_id": 325604020}}, {"type": "Feature", "geometry": {"type": "Point", "coordinates": [-122.1140888889, 45.3224694444]}, "properties": {"species": "Aureoboletus mirabilis", "date": "2025-11-09", "location": "Sandy, OR 97055, USA", "elevation": 734.0, "land_cover_label": "Tree cover", "water_mask": false, "exclude_reason": "keep", "ndvi": null, "soil_moisture": null, "solar_exposure": null, "wind_exposure": null, "water_retention": null, "slope": null, "aspect": null, "num_identification_agreements": 1, "cluster": 2, "tavg": null, "tmin": 11.0, "tmax": 14.6, "prcp_d0": 0.0, "prcp_d1": 0.0, "prcp_d2": 53.235107421875, "prcp_d3": 0.0, "prcp_d4": 112.33623504638672, "prcp_d5": 28.08405876159668, "prcp_d6": 0.0, "tmax_d0": 18.4, "tmax_d1": 13.6, "tmax_d2": 9.6, "tmax_d3": 12.9, "tmax_d4": 13.0, "tmax_d5": 13.6, "tmax_d6": 9.0, "tmin_d0": 8.6, "tmin_d1": 1.2, "tmin_d2": 4.3, "tmin_d3": 5.7, "tmin_d4": 7.4, "tmin_d5": 5.6, "tmin_d6": 4.2, "day_of_year": 313, "uuid": "a51b0d7c-de8e-4aa0-abcc-1fb2abd86fec", "inat_id": 325760753}}, {"type": "Feature", "geometry": {"type": "Point", "coordinates": [-122.2564324575, 45.1678747952]}, "properties": {"species": "Aureoboletus mirabilis", "date": "2025-11-09", "location": "Mt. Hood National Forest, Colton, OR, US", "elevation": 865.0, "land_cover_label": "Tree cover", "water_mask": false, "exclude_reason": "keep", "ndvi": null, "soil_moisture": null, "solar_exposure": null, "wind_exposure": null, "water_retention": null, "slope": null, "aspect": null, "num_identification_agreements": 2, "cluster": 2, "tavg": null, "tmin": 4.0, "tmax": 16.0, "prcp_d0": 0.0, "prcp_d1": 0.0, "prcp_d2": 0.0, "prcp_d3": 0.0, "prcp_d4": 139.26429748535156, "prcp_d5": 34.81607437133789, "prcp_d6": 0.0, "tmax_d0": 17.0, "tmax_d1": 13.4, "tmax_d2": 9.4, "tmax_d3": 12.0, "tmax_d4": 12.0, "tmax_d5": 13.2, "tmax_d6": 8.1, "tmin_d0": 3.8, "tmin_d1": 0.4, "tmin_d2": 3.7, "tmin_d3": 6.1, "tmin_d4": 4.7, "tmin_d5": 5.4, "tmin_d6": 3.6, "day_of_year": 313, "uuid": "b1eefb3a-5c82-4c32-897b-5e51ec9bb747", "inat_id": 325787607}}, {"type": "Feature", "geometry": {"type": "Point", "coordinates": [-121.7782216667, 45.2790333333]}, "properties": {"species": "Aureoboletus mirabilis", "date": "2025-11-10", "location": "Government Camp, OR, US", "elevation": 1150.0, "land_cover_label": "Tree cover", "water_mask": false, "exclude_reason": "keep", "ndvi": null, "soil_moisture": null, "solar_exposure": null, "wind_exposure": null, "water_retention": null, "slope": null, "aspect": null, "num_identification_agreements": 2, "cluster": 2, "tavg": null, "tmin": 1.0, "tmax": 12.0, "prcp_d0": 0.0, "prcp_d1": 0.0, "prcp_d2": 0.0, "prcp_d3": 40.03886413574219, "prcp_d4": 0.0, "prcp_d5": 98.32826232910156, "prcp_d6": 0.0, "tmax_d0": 12.2, "tmax_d1": 15.3, "tmax_d2": 9.7, "tmax_d3": 6.2, "tmax_d4": 7.5, "tmax_d5": 7.5, "tmax_d6": 8.8, "tmin_d0": 5.8, "tmin_d1": 4.5, "tmin_d2": -1.1, "tmin_d3": 1.3, "tmin_d4": 2.4, "tmin_d5": 4.2, "tmin_d6": 3.0, "day_of_year": 314, "uuid": "47ebd558-cce7-4987-a8fa-337ff181654f", "inat_id": 326559242}}, {"type": "Feature", "geometry": {"type": "Point", "coordinates": [-122.1938916667, 44.6949194444]}, "properties": {"species": "Aureoboletus mirabilis", "date": "2025-11-16", "location": "Detroit, OR 97342, USA", "elevation": 532.0, "land_cover_label": "Tree cover", "water_mask": false, "exclude_reason": "keep", "ndvi": null, "soil_moisture": null, "solar_exposure": null, "wind_exposure": null, "water_retention": null, "slope": null, "aspect": null, "num_identification_agreements": 1, "cluster": 0, "tavg": null, "tmin": null, "tmax": null, "prcp_d0": 0.0, "prcp_d1": 0.0, "prcp_d2": 0.0, "prcp_d3": 27.58173561096192, "prcp_d4": 0.0, "prcp_d5": 0.0, "prcp_d6": 0.0, "tmax_d0": 15.1, "tmax_d1": 17.2, "tmax_d2": 13.1, "tmax_d3": 18.1, "tmax_d4": 19.2, "tmax_d5": 19.4, "tmax_d6": 18.4, "tmin_d0": 3.0, "tmin_d1": 7.5, "tmin_d2": 6.1, "tmin_d3": 8.2, "tmin_d4": 8.1, "tmin_d5": 6.2, "tmin_d6": 5.0, "day_of_year": 320, "uuid": "1b5484bd-74cb-4613-9c89-dd0851448756", "inat_id": 326924231}}, {"type": "Feature", "geometry": {"type": "Point", "coordinates": [-121.9408808649, 45.2738820491]}, "properties": {"species": "Aureoboletus mirabilis", "date": "2025-11-18", "location": "Rhododendron, OR 97049, USA", "elevation": 515.0, "land_cover_label": "Tree cover", "water_mask": false, "exclude_reason": "keep", "ndvi": null, "soil_moisture": null, "solar_exposure": null, "wind_exposure": null, "water_retention": null, "slope": null, "aspect": null, "num_identification_agreements": 1, "cluster": 2, "tavg": null, "tmin": 4.0, "tmax": 10.0, "prcp_d0": 0.0, "prcp_d1": 0.0, "prcp_d2": 0.0, "prcp_d3": 0.0, "prcp_d4": 0.0, "prcp_d5": 31.27838897705078, "prcp_d6": 0.0, "tmax_d0": 6.5, "tmax_d1": 11.2, "tmax_d2": 13.8, "tmax_d3": 15.8, "tmax_d4": 12.4, "tmax_d5": 18.5, "tmax_d6": 18.3, "tmin_d0": 0.1, "tmin_d1": 6.6, "tmin_d2": 8.1, "tmin_d3": 9.8, "tmin_d4": 8.1, "tmin_d5": 10.7, "tmin_d6": 11.1, "day_of_year": 322, "uuid": "eb8d47d1-4ca9-4604-b3ee-c84b6cc14ff5", "inat_id": 327311482}}, {"type": "Feature", "geometry": {"type": "Point", "coordinates": [-122.2463724005, 45.5099095468]}, "properties": {"species": "Aureoboletus mirabilis", "date": "2025-11-24", "location": "Corbett, OR, US", "elevation": 282.0, "land_cover_label": "Tree cover", "water_mask": false, "exclude_reason": "keep", "ndvi": null, "soil_moisture": null, "solar_exposure": null, "wind_exposure": null, "water_retention": null, "slope": null, "aspect": null, "num_identification_agreements": 1, "cluster": 0, "tavg": null, "tmin": 5.0, "tmax": 11.0, "prcp_d0": 9.67793083190918, "prcp_d1": 5.265736103057861, "prcp_d2": 0.0, "prcp_d3": 0.0108662173151969, "prcp_d4": 0.0, "prcp_d5": 0.0, "prcp_d6": 0.0, "tmax_d0": 8.3, "tmax_d1": 7.9, "tmax_d2": 9.1, "tmax_d3": 9.6, "tmax_d4": 11.5, "tmax_d5": 11.2, "tmax_d6": 8.6, "tmin_d0": 3.7, "tmin_d1": 5.4, "tmin_d2": 1.7, "tmin_d3": 0.7, "tmin_d4": 5.1, "tmin_d5": 1.2, "tmin_d6": 2.4, "day_of_year": 328, "uuid": "892a0374-6a80-4742-b26d-8c3e0242e849", "inat_id": 328230627}}, {"type": "Feature", "geometry": {"type": "Point", "coordinates": [-121.8387309773, 44.6175134099]}, "properties": {"species": "Aureoboletus mirabilis", "date": "2025-11-24", "location": "Oregon, US", "elevation": 1619.0, "land_cover_label": "Grassland", "water_mask": false, "exclude_reason": "keep", "ndvi": null, "soil_moisture": null, "solar_exposure": null, "wind_exposure": null, "water_retention": null, "slope": null, "aspect": null, "num_identification_agreements": 1, "cluster": 0, "tavg": null, "tmin": null, "tmax": null, "prcp_d0": 15.756539344787598, "prcp_d1": 2.126598596572876, "prcp_d2": 0.0, "prcp_d3": 0.0485904701054096, "prcp_d4": 0.0, "prcp_d5": 0.0, "prcp_d6": 0.0, "tmax_d0": 0.9, "tmax_d1": 3.1, "tmax_d2": 8.7, "tmax_d3": 6.4, "tmax_d4": 2.3, "tmax_d5": 2.5, "tmax_d6": 2.6, "tmin_d0": -3.3, "tmin_d1": -0.4, "tmin_d2": -1.3, "tmin_d3": -7.7, "tmin_d4": -2.3, "tmin_d5": -7.7, "tmin_d6": -2.6, "day_of_year": 328, "uuid": "a1a44c64-10f3-4071-8bd1-679b84a001fe", "inat_id": 335165186}}, {"type": "Feature", "geometry": {"type": "Point", "coordinates": [-121.943445, 45.3069416667]}, "properties": {"species": "Aureoboletus mirabilis", "date": "2025-11-26", "location": "Old Salmon River Trail, Government Camp, OR, US", "elevation": 485.0, "land_cover_label": "Tree cover", "water_mask": false, "exclude_reason": "keep", "ndvi": null, "soil_moisture": null, "solar_exposure": null, "wind_exposure": null, "water_retention": null, "slope": null, "aspect": null, "num_identification_agreements": 2, "cluster": 1, "tavg": null, "tmin": 6.0, "tmax": 9.0, "prcp_d0": 13.967886924743652, "prcp_d1": 10.185381889343262, "prcp_d2": 18.78335952758789, "prcp_d3": 5.946390628814697, "prcp_d4": 0.0001440817286493, "prcp_d5": 0.034048456698656, "prcp_d6": 0.0, "tmax_d0": 9.5, "tmax_d1": 9.3, "tmax_d2": 7.6, "tmax_d3": 9.4, "tmax_d4": 14.1, "tmax_d5": 11.5, "tmax_d6": 9.8, "tmin_d0": 5.0, "tmin_d1": 1.5, "tmin_d2": 3.6, "tmin_d3": 3.8, "tmin_d4": 3.3, "tmin_d5": 0.8, "tmin_d6": 5.1, "day_of_year": 330, "uuid": "b885cf88-a280-4cce-9221-5324d6ad4402", "inat_id": 328423316}}, {"type": "Feature", "geometry": {"type": "Point", "coordinates": [-121.8499166667, 45.3822361111]}, "properties": {"species": "Aureoboletus mirabilis", "date": "2025-11-27", "location": "Rhododendron, OR 97049, USA", "elevation": 803.0, "land_cover_label": "Tree cover", "water_mask": false, "exclude_reason": "keep", "ndvi": null, "soil_moisture": null, "solar_exposure": null, "wind_exposure": null, "water_retention": null, "slope": null, "aspect": null, "num_identification_agreements": 1, "cluster": 1, "tavg": null, "tmin": 5.0, "tmax": 7.0, "prcp_d0": 3.102455377578736, "prcp_d1": 15.206995964050291, "prcp_d2": 9.388880729675291, "prcp_d3": 15.370564460754396, "prcp_d4": 5.332469940185547, "prcp_d5": 8.213238470489159e-05, "prcp_d6": 0.0283249001950025, "tmax_d0": 9.9, "tmax_d1": 7.8, "tmax_d2": 7.8, "tmax_d3": 5.1, "tmax_d4": 5.5, "tmax_d5": 12.4, "tmax_d6": 9.5, "tmin_d0": 4.7, "tmin_d1": 3.6, "tmin_d2": -1.1, "tmin_d3": 1.7, "tmin_d4": 2.4, "tmin_d5": 1.9, "tmin_d6": -0.4, "day_of_year": 331, "uuid": "c9c81f83-d1ab-41be-9c64-b99b1bf4ccce", "inat_id": 328604714}}, {"type": "Feature", "geometry": {"type": "Point", "coordinates": [-121.8384166667, 45.383225]}, "properties": {"species": "Aureoboletus mirabilis", "date": "2025-11-29", "location": "Zigzag Ranger Station, Rhododendron, OR, US", "elevation": 734.0, "land_cover_label": "Tree cover", "water_mask": false, "exclude_reason": "keep", "ndvi": null, "soil_moisture": null, "solar_exposure": null, "wind_exposure": null, "water_retention": null, "slope": null, "aspect": null, "num_identification_agreements": 1, "cluster": 1, "tavg": null, "tmin": 1.0, "tmax": 5.0, "prcp_d0": 0.2406848222017288, "prcp_d1": 22.75362014770508, "prcp_d2": 3.102455377578736, "prcp_d3": 15.206995964050291, "prcp_d4": 9.388880729675291, "prcp_d5": 15.370564460754396, "prcp_d6": 5.332469940185547, "tmax_d0": 8.8, "tmax_d1": 8.3, "tmax_d2": 10.3, "tmax_d3": 8.2, "tmax_d4": 8.2, "tmax_d5": 5.5, "tmax_d6": 5.9, "tmin_d0": 0.8, "tmin_d1": 6.3, "tmin_d2": 5.1, "tmin_d3": 4.0, "tmin_d4": -0.7, "tmin_d5": 2.1, "tmin_d6": 2.8, "day_of_year": 333, "uuid": "e66b5d39-9cf7-42d8-a66b-326178406e45", "inat_id": 329199540}}, {"type": "Feature", "geometry": {"type": "Point", "coordinates": [-121.828311373, 45.346253767]}, "properties": {"species": "Aureoboletus mirabilis", "date": "2025-12-21", "location": "Oregon, US", "elevation": 1356.0, "land_cover_label": "Tree cover", "water_mask": false, "exclude_reason": "keep", "ndvi": null, "soil_moisture": null, "solar_exposure": null, "wind_exposure": null, "water_retention": null, "slope": null, "aspect": null, "num_identification_agreements": 1, "cluster": 1, "tavg": null, "tmin": 1.0, "tmax": 5.0, "prcp_d0": 25.13191032409668, "prcp_d1": 0.0, "prcp_d2": 78.57994842529297, "prcp_d3": 78.57994842529297, "prcp_d4": 26.19331932067871, "prcp_d5": 0.0, "prcp_d6": 0.0, "tmax_d0": 2.1, "tmax_d1": 0.8, "tmax_d2": 5.7, "tmax_d3": 5.9, "tmax_d4": 6.3, "tmax_d5": 6.5, "tmax_d6": 8.4, "tmin_d0": -7.3, "tmin_d1": -4.3, "tmin_d2": -3.5, "tmin_d3": -4.0, "tmin_d4": -3.4, "tmin_d5": 3.1, "tmin_d6": 4.0, "day_of_year": 355, "uuid": "efb34144-b9c9-474f-91bc-f103fce6154c", "inat_id": 331626095}}, {"type": "Feature", "geometry": {"type": "Point", "coordinates": [-121.6351160868, 45.245404101]}, "properties": {"species": "Aureoboletus mirabilis", "date": "2026-08-27", "location": "Oregon, US", "elevation": 1054.0, "land_cover_label": "Tree cover", "water_mask": false, "exclude_reason": "keep", "ndvi": null, "soil_moisture": null, "solar_exposure": null, "wind_exposure": null, "water_retention": null, "slope": null, "aspect": null, "num_identification_agreements": 1, "cluster": null, "tavg": null, "tmin": null, "tmax": null, "prcp_d0": null, "prcp_d1": null, "prcp_d2": null, "prcp_d3": null, "prcp_d4": null, "prcp_d5": null, "prcp_d6": null, "tmax_d0": 21.2, "tmax_d1": 25.9, "tmax_d2": 28.3, "tmax_d3": 25.0, "tmax_d4": 22.3, "tmax_d5": 27.1, "tmax_d6": 30.4, "tmin_d0": 10.5, "tmin_d1": 11.6, "tmin_d2": 14.9, "tmin_d3": 10.4, "tmin_d4": 9.2, "tmin_d5": 12.7, "tmin_d6": 18.1, "day_of_year": 239, "uuid": "4c853d77-e599-41f4-907d-a9f0c0875479", "inat_id": 395138079}}]}