{"type": "FeatureCollection", "features": [{"type": "Feature", "geometry": {"type": "Point", "coordinates": [-105.6836388633, 40.3425191758]}, "properties": {"species": "Boletus rubriceps", "date": "2026-08-23", "location": "Estes Park, CO 80517, USA", "elevation": 2940.0, "num_identification_agreements": 1, "tavg": null, "tmin": null, "tmax": null, "day_of_year": 235, "uuid": "e6c64a6d-ad76-48fd-a4ea-d86f30ffe213", "inat_id": 394103390}}, {"type": "Feature", "geometry": {"type": "Point", "coordinates": [-105.7715194444, 39.5769]}, "properties": {"species": "Boletus rubriceps", "date": "2026-08-23", "location": "Dillon, CO 80435, USA", "elevation": 3363.0, "num_identification_agreements": 1, "tavg": null, "tmin": null, "tmax": null, "day_of_year": 235, "uuid": "f537a6d2-ccdb-4a29-8fed-31b480031bdd", "inat_id": 393986971}}, {"type": "Feature", "geometry": {"type": "Point", "coordinates": [-105.7715611111, 39.5765083333]}, "properties": {"species": "Boletus rubriceps", "date": "2026-08-23", "location": "Dillon, CO 80435, USA", "elevation": 3363.0, "num_identification_agreements": 1, "tavg": null, "tmin": null, "tmax": null, "day_of_year": 235, "uuid": "6f010f23-f2dc-4e25-ae3f-3300c4258f79", "inat_id": 393982848}}, {"type": "Feature", "geometry": {"type": "Point", "coordinates": [-105.6372199, 39.6166233]}, "properties": {"species": "Boletus rubriceps", "date": "2026-08-21", "location": "Golden, CO 80439, USA", "elevation": 3480.0, "num_identification_agreements": 1, "tavg": null, "tmin": null, "tmax": null, "day_of_year": 233, "uuid": "e797f178-4a27-45fb-b153-dcf043cd0bd8", "inat_id": 393544506}}, {"type": "Feature", "geometry": {"type": "Point", "coordinates": [-105.9585416667, 40.551545]}, "properties": {"species": "Boletus rubriceps", "date": "2026-08-17", "location": "Jackson County, US-CO, US", "elevation": 2841.0, "num_identification_agreements": 1, "tavg": null, "tmin": 2.0, "tmax": 26.0, "day_of_year": 229, "uuid": "7d015a6a-3838-492a-82a3-2fb01db4f558", "inat_id": 393461323}}, {"type": "Feature", "geometry": {"type": "Point", "coordinates": [-105.6414555556, 40.3992111111]}, "properties": {"species": "Boletus rubriceps", "date": "2026-08-15", "location": "Larimer County, CO, USA", "elevation": 2802.0, "num_identification_agreements": 1, "tavg": null, "tmin": 8.1, "tmax": 24.9, "day_of_year": 227, "uuid": "2a86d463-83e2-478d-a3d9-4e591ad932f3", "inat_id": 393371346}}, {"type": "Feature", "geometry": {"type": "Point", "coordinates": [-105.6414540858, 40.2904328239]}, "properties": {"species": "Boletus rubriceps", "date": "2026-08-20", "location": "Rocky Mountain, Rocky Mountain National Park, Rocky Mountain National Park, Larimer County, US-CO, US", "elevation": 3057.0, "num_identification_agreements": 1, "tavg": null, "tmin": null, "tmax": null, "day_of_year": 232, "uuid": "55a393b5-72f0-4173-a37b-c82fc318ec2a", "inat_id": 393171805}}, {"type": "Feature", "geometry": {"type": "Point", "coordinates": [-108.183355, 37.8140133333]}, "properties": {"species": "Boletus rubriceps", "date": "2026-08-18", "location": "Dolores, CO, US", "elevation": 3273.0, "num_identification_agreements": 1, "tavg": null, "tmin": 7.3, "tmax": 25.2, "day_of_year": 230, "uuid": "a846f8ef-c33c-42a5-8d94-cfd1d4361c41", "inat_id": 392840458}}, {"type": "Feature", "geometry": {"type": "Point", "coordinates": [-105.8818921461, 40.501360403]}, "properties": {"species": "Boletus rubriceps", "date": "2026-08-14", "location": "Rocky Mountain National Park, Jackson County, US-CO, US", "elevation": 3071.0, "num_identification_agreements": 1, "tavg": null, "tmin": 8.0, "tmax": 23.0, "day_of_year": 226, "uuid": "3c2c9bce-4cee-4465-8552-9cdddb05e35b", "inat_id": 392802245}}, {"type": "Feature", "geometry": {"type": "Point", "coordinates": [-107.8995888889, 37.8133666667]}, "properties": {"species": "Boletus rubriceps", "date": "2026-08-13", "location": "San Miguel County, CO, USA", "elevation": 3101.0, "num_identification_agreements": 2, "tavg": null, "tmin": 10.0, "tmax": 17.0, "day_of_year": 225, "uuid": "9795437e-cad1-45a1-b4f6-8d75de86ee72", "inat_id": 392293065}}, {"type": "Feature", "geometry": {"type": "Point", "coordinates": [-105.9035716667, 40.6574666667]}, "properties": {"species": "Boletus rubriceps", "date": "2026-08-14", "location": "Rawah Trail, Bellvue, CO, US", "elevation": 2930.0, "num_identification_agreements": 1, "tavg": null, "tmin": 8.0, "tmax": 23.0, "day_of_year": 226, "uuid": "aa0a322d-104e-49e5-972e-7a4e10c6ec37", "inat_id": 392182382}}, {"type": "Feature", "geometry": {"type": "Point", "coordinates": [-106.6356583333, 40.6457333333]}, "properties": {"species": "Boletus rubriceps", "date": "2026-08-16", "location": "Rainbow Lakes Trail, Walden, CO, US", "elevation": 3044.0, "num_identification_agreements": 1, "tavg": null, "tmin": 7.5, "tmax": 28.4, "day_of_year": 228, "uuid": "26122988-3bab-44a4-8e2d-0fb32e75882d", "inat_id": 391989289}}, {"type": "Feature", "geometry": {"type": "Point", "coordinates": [-105.9124630739, 39.4205981837]}, "properties": {"species": "Boletus rubriceps", "date": "2026-08-16", "location": "Park County, US-CO, US", "elevation": 3248.0, "num_identification_agreements": 1, "tavg": null, "tmin": 3.9, "tmax": 22.2, "day_of_year": 228, "uuid": "f8e53654-8543-4382-b25b-1c7c9c2a6033", "inat_id": 391954804}}, {"type": "Feature", "geometry": {"type": "Point", "coordinates": [-105.6415033333, 40.3992416667]}, "properties": {"species": "Boletus rubriceps", "date": "2026-08-15", "location": "Abandoned Beaver Colony Boardwalk, Estes Park, CO, US", "elevation": 2802.0, "num_identification_agreements": 1, "tavg": null, "tmin": 8.1, "tmax": 24.9, "day_of_year": 227, "uuid": "82839398-144e-467b-ac60-fa43950eaff0", "inat_id": 391592023}}, {"type": "Feature", "geometry": {"type": "Point", "coordinates": [-105.7877116667, 40.429425]}, "properties": {"species": "Boletus rubriceps", "date": "2026-08-14", "location": "Rocky Mountain, Rocky Mountain National Park, Rocky Mountain National Park, Larimer County, US-CO, US", "elevation": 3461.0, "num_identification_agreements": 1, "tavg": null, "tmin": 9.3, "tmax": 25.0, "day_of_year": 226, "uuid": "35326177-6f56-4ded-b6c7-d1da39597020", "inat_id": 391258375}}, {"type": "Feature", "geometry": {"type": "Point", "coordinates": [-107.9827870243, 37.8414904993]}, "properties": {"species": "Boletus rubriceps", "date": "2026-08-14", "location": "Colorado, US", "elevation": 3841.0, "num_identification_agreements": 2, "tavg": null, "tmin": 10.0, "tmax": 19.0, "day_of_year": 226, "uuid": "6aac59f7-52bc-435d-b2d4-ac891f0d7f2e", "inat_id": 391231554}}, {"type": "Feature", "geometry": {"type": "Point", "coordinates": [-108.029673, 37.9949349722]}, "properties": {"species": "Boletus rubriceps", "date": "2026-08-13", "location": "The Bivi WB, Placerville, CO 81430, USA", "elevation": 2271.0, "num_identification_agreements": 1, "tavg": null, "tmin": 10.0, "tmax": 17.0, "day_of_year": 225, "uuid": "61e08a78-9154-413a-9485-d4dd325171c3", "inat_id": 390977110}}, {"type": "Feature", "geometry": {"type": "Point", "coordinates": [-105.7415377639, 39.7448384528]}, "properties": {"species": "Boletus rubriceps", "date": "2026-08-09", "location": "Colorado, US", "elevation": 3428.0, "num_identification_agreements": 1, "tavg": null, "tmin": 10.0, "tmax": 14.0, "day_of_year": 221, "uuid": "93cc4d18-9625-488a-94a1-5980059cea0f", "inat_id": 390756289}}, {"type": "Feature", "geometry": {"type": "Point", "coordinates": [-105.6675147993, 39.5533885993]}, "properties": {"species": "Boletus rubriceps", "date": "2026-08-09", "location": "Colorado, US", "elevation": 3335.0, "num_identification_agreements": 1, "tavg": null, "tmin": 10.0, "tmax": 14.0, "day_of_year": 221, "uuid": "af75b617-e5bf-4af2-8f8d-33847ee05279", "inat_id": 390755903}}, {"type": "Feature", "geometry": {"type": "Point", "coordinates": [-105.6415969604, 39.5319057064]}, "properties": {"species": "Boletus rubriceps", "date": "2026-08-09", "location": "Colorado, US", "elevation": 3566.0, "num_identification_agreements": 1, "tavg": null, "tmin": 10.0, "tmax": 14.0, "day_of_year": 221, "uuid": "0aefba5c-d105-4614-8158-16ffce90d28d", "inat_id": 390755711}}, {"type": "Feature", "geometry": {"type": "Point", "coordinates": [-106.7136032694, 35.9656890901]}, "properties": {"species": "Boletus rubriceps", "date": "2026-08-12", "location": "Sandoval County, US-NM, US", "elevation": 2648.0, "num_identification_agreements": 2, "tavg": null, "tmin": 17.9, "tmax": 30.4, "day_of_year": 224, "uuid": "a89eb645-90bd-41ed-b635-0d49c6895ae4", "inat_id": 390704284}}, {"type": "Feature", "geometry": {"type": "Point", "coordinates": [-106.7180965562, 35.9617203428]}, "properties": {"species": "Boletus rubriceps", "date": "2026-08-12", "location": "Sandoval County, US-NM, US", "elevation": 2624.0, "num_identification_agreements": 1, "tavg": null, "tmin": 17.9, "tmax": 30.4, "day_of_year": 224, "uuid": "8987f5ce-d6fb-45b3-9f07-1bc4a5a9bea1", "inat_id": 390704167}}, {"type": "Feature", "geometry": {"type": "Point", "coordinates": [-106.725696344, 35.9601097182]}, "properties": {"species": "Boletus rubriceps", "date": "2026-08-12", "location": "Sandoval County, US-NM, US", "elevation": 2621.0, "num_identification_agreements": 1, "tavg": null, "tmin": 17.9, "tmax": 30.4, "day_of_year": 224, "uuid": "93049492-b70e-4324-8ae8-732ef2b715fb", "inat_id": 390704112}}, {"type": "Feature", "geometry": {"type": "Point", "coordinates": [-105.7845717997, 39.8102007997]}, "properties": {"species": "Boletus rubriceps", "date": "2026-08-12", "location": "Winter Park, CO 80482, USA", "elevation": 3391.0, "num_identification_agreements": 2, "tavg": null, "tmin": 5.0, "tmax": 13.0, "day_of_year": 224, "uuid": "f5b55d6b-bb8e-4080-a682-bbf58e261ad4", "inat_id": 390672939}}, {"type": "Feature", "geometry": {"type": "Point", "coordinates": [-106.3282205844, 38.4976895175]}, "properties": {"species": "Boletus rubriceps", "date": "2026-08-11", "location": "Chaffee County, US-CO, US", "elevation": 3495.0, "num_identification_agreements": 2, "tavg": null, "tmin": 10.0, "tmax": 19.0, "day_of_year": 223, "uuid": "7352f215-3a08-422d-85f2-9cfbb9b6960d", "inat_id": 390598461}}, {"type": "Feature", "geometry": {"type": "Point", "coordinates": [-106.2554246626, 39.7443201408]}, "properties": {"species": "Boletus rubriceps", "date": "2025-07-26", "location": "Slate Creek Trail, Silverthorne, CO, US", "elevation": 3246.0, "num_identification_agreements": 1, "tavg": null, "tmin": 12.0, "tmax": 17.0, "day_of_year": 207, "uuid": "17fbef57-9f68-497c-b104-15f03375e4c0", "inat_id": 390594586}}, {"type": "Feature", "geometry": {"type": "Point", "coordinates": [-105.4583366667, 39.48087]}, "properties": {"species": "Boletus rubriceps", "date": "2026-08-11", "location": "Wagon Tongue Rd, Bailey, CO, US", "elevation": 2663.0, "num_identification_agreements": 2, "tavg": null, "tmin": 6.0, "tmax": 14.0, "day_of_year": 223, "uuid": "7e73e7a9-f56d-49de-a536-42d022a75d5a", "inat_id": 390466604}}, {"type": "Feature", "geometry": {"type": "Point", "coordinates": [-107.3298438915, 39.9632412409]}, "properties": {"species": "Boletus rubriceps", "date": "2026-08-11", "location": "Colorado, US", "elevation": 3361.0, "num_identification_agreements": 2, "tavg": null, "tmin": 17.8, "tmax": 33.3, "day_of_year": 223, "uuid": "d3038ca7-0be4-4811-a6c4-215727932dbf", "inat_id": 390427663}}, {"type": "Feature", "geometry": {"type": "Point", "coordinates": [-107.8809966667, 37.8458116667]}, "properties": {"species": "Boletus rubriceps", "date": "2026-08-09", "location": "San Miguel County, US-CO, US", "elevation": 2906.0, "num_identification_agreements": 1, "tavg": null, "tmin": 13.0, "tmax": 27.0, "day_of_year": 221, "uuid": "ec42e9e0-b2bb-4ccc-8e6a-2f4e8f12280c", "inat_id": 390415725}}, {"type": "Feature", "geometry": {"type": "Point", "coordinates": [-107.8810283333, 37.8458116667]}, "properties": {"species": "Boletus rubriceps", "date": "2026-08-09", "location": "San Miguel County, US-CO, US", "elevation": 2906.0, "num_identification_agreements": 1, "tavg": null, "tmin": 13.0, "tmax": 27.0, "day_of_year": 221, "uuid": "06d7eee5-a2ab-4a6e-bbf5-df4bd2fbd4b4", "inat_id": 390415691}}, {"type": "Feature", "geometry": {"type": "Point", "coordinates": [-107.881005, 37.8460783333]}, "properties": {"species": "Boletus rubriceps", "date": "2026-08-09", "location": "San Miguel County, US-CO, US", "elevation": 2922.0, "num_identification_agreements": 1, "tavg": null, "tmin": 13.0, "tmax": 27.0, "day_of_year": 221, "uuid": "0b6746bc-23c4-4b54-ac58-55be8cd60f5c", "inat_id": 390415658}}, {"type": "Feature", "geometry": {"type": "Point", "coordinates": [-107.8807803837, 37.8457049994]}, "properties": {"species": "Boletus rubriceps", "date": "2026-08-09", "location": "San Miguel County, US-CO, US", "elevation": 2906.0, "num_identification_agreements": 1, "tavg": null, "tmin": 13.0, "tmax": 27.0, "day_of_year": 221, "uuid": "67f228c2-9900-48bd-8453-814c438e41e9", "inat_id": 390415538}}, {"type": "Feature", "geometry": {"type": "Point", "coordinates": [-104.9836961111, 38.7383969444]}, "properties": {"species": "Boletus rubriceps", "date": "2026-08-08", "location": "Teller County, CO, USA", "elevation": 3076.0, "num_identification_agreements": 1, "tavg": null, "tmin": 16.0, "tmax": 33.3, "day_of_year": 220, "uuid": "a83a92bf-9891-45af-96bc-2014ff7e58d8", "inat_id": 390112223}}, {"type": "Feature", "geometry": {"type": "Point", "coordinates": [-107.8023297253, 39.0659082059]}, "properties": {"species": "Boletus rubriceps", "date": "2026-08-10", "location": "Colorado, US", "elevation": 3193.0, "num_identification_agreements": 1, "tavg": null, "tmin": 18.9, "tmax": 36.6, "day_of_year": 222, "uuid": "6c43314d-5909-47ce-937f-9060889022f3", "inat_id": 390090248}}, {"type": "Feature", "geometry": {"type": "Point", "coordinates": [-107.9056079186, 39.1483924959]}, "properties": {"species": "Boletus rubriceps", "date": "2026-08-10", "location": "Colorado, US", "elevation": 2724.0, "num_identification_agreements": 1, "tavg": null, "tmin": 18.9, "tmax": 36.6, "day_of_year": 222, "uuid": "cc591ed0-697d-482d-bd58-d34f4a9ac3bd", "inat_id": 390090145}}, {"type": "Feature", "geometry": {"type": "Point", "coordinates": [-105.5662833333, 40.3401083333]}, "properties": {"species": "Boletus rubriceps", "date": "2026-08-10", "location": "SH-66, Estes Park, CO, US", "elevation": 2417.0, "num_identification_agreements": 1, "tavg": null, "tmin": 18.4, "tmax": 34.5, "day_of_year": 222, "uuid": "7cd2609d-9d5c-4e70-88dc-193d232eef50", "inat_id": 390038525}}, {"type": "Feature", "geometry": {"type": "Point", "coordinates": [-106.6372, 35.9913333333]}, "properties": {"species": "Boletus rubriceps", "date": "2026-08-05", "location": "Forest Service Road 527, Jemez Springs, NM, US", "elevation": 2695.0, "num_identification_agreements": 1, "tavg": null, "tmin": 18.8, "tmax": 31.9, "day_of_year": 217, "uuid": "1d32c9f2-eba1-4cc1-bf14-2d62a634e451", "inat_id": 389896700}}, {"type": "Feature", "geometry": {"type": "Point", "coordinates": [-105.8506383333, 40.3955716667]}, "properties": {"species": "Boletus rubriceps", "date": "2026-08-04", "location": "Rocky Mountain National Park, Grand Lake, CO, US", "elevation": 2748.0, "num_identification_agreements": 1, "tavg": null, "tmin": 11.7, "tmax": 27.2, "day_of_year": 216, "uuid": "ab15ce0f-49b8-4784-b40f-1cd9b6da9a76", "inat_id": 389778011}}, {"type": "Feature", "geometry": {"type": "Point", "coordinates": [-105.6420966667, 39.922345]}, "properties": {"species": "Boletus rubriceps", "date": "2026-08-08", "location": "Rollins Pass Rd, Black Hawk, CO, US", "elevation": 3180.0, "num_identification_agreements": 2, "tavg": null, "tmin": 10.0, "tmax": 16.0, "day_of_year": 220, "uuid": "af93eac3-cd74-45d5-b322-acc562f31b01", "inat_id": 389664305}}, {"type": "Feature", "geometry": {"type": "Point", "coordinates": [-106.7139583333, 35.9622383333]}, "properties": {"species": "Boletus rubriceps", "date": "2026-08-08", "location": "Jemez Springs, NM, US", "elevation": 2656.0, "num_identification_agreements": 1, "tavg": null, "tmin": 16.7, "tmax": 31.2, "day_of_year": 220, "uuid": "7b667cc6-b60d-4e5b-91c5-e504543603b8", "inat_id": 389494303}}, {"type": "Feature", "geometry": {"type": "Point", "coordinates": [-104.98081945, 38.74030366]}, "properties": {"species": "Boletus rubriceps", "date": "2026-08-08", "location": "Teller County, US-CO, US", "elevation": 3118.0, "num_identification_agreements": 2, "tavg": null, "tmin": 16.0, "tmax": 33.3, "day_of_year": 220, "uuid": "49e01c85-9ecc-467f-85d3-ced483de7d12", "inat_id": 389476353}}, {"type": "Feature", "geometry": {"type": "Point", "coordinates": [-107.7549283333, 37.7463616667]}, "properties": {"species": "Boletus rubriceps", "date": "2026-08-08", "location": "San Juan National Forest - Headquarters, Silverton, CO, US", "elevation": 3093.0, "num_identification_agreements": 1, "tavg": null, "tmin": 15.0, "tmax": 26.0, "day_of_year": 220, "uuid": "ded9d0a8-083b-49c4-9aa2-64f0cd0b66a5", "inat_id": 389440724}}, {"type": "Feature", "geometry": {"type": "Point", "coordinates": [-105.702993409, 39.8226358224]}, "properties": {"species": "Boletus rubriceps", "date": "2026-08-08", "location": "Colorado, US", "elevation": 3600.0, "num_identification_agreements": 1, "tavg": null, "tmin": 10.0, "tmax": 16.0, "day_of_year": 220, "uuid": "308a950f-b309-48a8-9f7e-946ab95b4221", "inat_id": 389434805}}, {"type": "Feature", "geometry": {"type": "Point", "coordinates": [-105.8493306488, 39.6988755087]}, "properties": {"species": "Boletus rubriceps", "date": "2026-08-08", "location": "Clear Creek County, US-CO, US", "elevation": 3143.0, "num_identification_agreements": 1, "tavg": null, "tmin": 10.0, "tmax": 16.0, "day_of_year": 220, "uuid": "cc31661d-6862-469c-941f-9b9a022c1432", "inat_id": 389422287}}, {"type": "Feature", "geometry": {"type": "Point", "coordinates": [-106.1397090016, 39.7450364422]}, "properties": {"species": "Boletus rubriceps", "date": "2026-08-07", "location": "Summit County, US-CO, US", "elevation": 2667.0, "num_identification_agreements": 1, "tavg": null, "tmin": 10.0, "tmax": 20.0, "day_of_year": 219, "uuid": "b950656d-f5a5-481f-b2b2-acf11372f645", "inat_id": 389378477}}, {"type": "Feature", "geometry": {"type": "Point", "coordinates": [-105.1272289158, 38.6486453168]}, "properties": {"species": "Boletus rubriceps", "date": "2026-08-07", "location": "Colorado, US", "elevation": 2871.0, "num_identification_agreements": 2, "tavg": null, "tmin": 20.0, "tmax": 38.0, "day_of_year": 219, "uuid": "036b8a74-5257-4ff9-956d-b16a16056317", "inat_id": 389204223}}, {"type": "Feature", "geometry": {"type": "Point", "coordinates": [-105.5902063521, 40.196309612]}, "properties": {"species": "Boletus rubriceps", "date": "2026-08-04", "location": "Rocky Mountain, Rocky Mountain National Park, Boulder County, US-CO, US", "elevation": 2770.0, "num_identification_agreements": 1, "tavg": null, "tmin": 11.7, "tmax": 27.2, "day_of_year": 216, "uuid": "d186de42-01a4-4ebe-8785-8463e2d5a2d4", "inat_id": 389020629}}, {"type": "Feature", "geometry": {"type": "Point", "coordinates": [-105.1567507537, 38.8672132616]}, "properties": {"species": "Boletus rubriceps", "date": "2026-08-06", "location": "Colorado, US", "elevation": 2867.0, "num_identification_agreements": 1, "tavg": null, "tmin": 14.0, "tmax": 31.2, "day_of_year": 218, "uuid": "d21cfd7f-bc54-4a6e-86be-9ae1f0484ef0", "inat_id": 388878402}}, {"type": "Feature", "geometry": {"type": "Point", "coordinates": [-106.6686237583, 40.8311338448]}, "properties": {"species": "Boletus rubriceps", "date": "2026-08-05", "location": "Clark, CO, US", "elevation": 3378.0, "num_identification_agreements": 2, "tavg": null, "tmin": 1.0, "tmax": 26.0, "day_of_year": 217, "uuid": "940f46d3-0ff6-4053-8412-506304512d42", "inat_id": 388754985}}, {"type": "Feature", "geometry": {"type": "Point", "coordinates": [-106.6265346576, 35.9873808687]}, "properties": {"species": "Boletus rubriceps", "date": "2026-08-05", "location": "Sandoval County, US-NM, US", "elevation": 2743.0, "num_identification_agreements": 1, "tavg": null, "tmin": 18.8, "tmax": 31.9, "day_of_year": 217, "uuid": "61427bb1-4aca-45e1-a2fb-03cf972dae11", "inat_id": 388740525}}, {"type": "Feature", "geometry": {"type": "Point", "coordinates": [-105.7833325271, 39.7347063514]}, "properties": {"species": "Boletus rubriceps", "date": "2026-08-04", "location": "Colorado, US", "elevation": 3513.0, "num_identification_agreements": 2, "tavg": null, "tmin": 3.0, "tmax": 15.0, "day_of_year": 216, "uuid": "42587220-fbe6-4e87-a4aa-eca6086f51ee", "inat_id": 388392139}}, {"type": "Feature", "geometry": {"type": "Point", "coordinates": [-108.12403542, 37.7561116778]}, "properties": {"species": "Boletus rubriceps", "date": "2026-08-04", "location": "Dolores County, US-CO, US", "elevation": 2705.0, "num_identification_agreements": 1, "tavg": null, "tmin": 13.0, "tmax": 27.0, "day_of_year": 216, "uuid": "650942ab-0edc-424a-a2ab-c33c71815a1c", "inat_id": 388306814}}, {"type": "Feature", "geometry": {"type": "Point", "coordinates": [-105.619705, 39.9538533333]}, "properties": {"species": "Boletus rubriceps", "date": "2026-08-04", "location": "Devils Thumb Trail, Nederland, CO, US", "elevation": 2966.0, "num_identification_agreements": 1, "tavg": null, "tmin": 3.0, "tmax": 15.0, "day_of_year": 216, "uuid": "03c7c560-3c89-4764-aae2-8d8aeec362fa", "inat_id": 388293775}}, {"type": "Feature", "geometry": {"type": "Point", "coordinates": [-106.9367787697, 38.5542516433]}, "properties": {"species": "Boletus rubriceps", "date": "2026-07-30", "location": "N 11th St, Gunnison, CO, US", "elevation": 2357.0, "num_identification_agreements": 1, "tavg": null, "tmin": 11.1, "tmax": 30.0, "day_of_year": 211, "uuid": "675fa64e-971f-4026-b885-8554f966e155", "inat_id": 387174544}}, {"type": "Feature", "geometry": {"type": "Point", "coordinates": [-106.2259952724, 41.3738717587]}, "properties": {"species": "Boletus rubriceps", "date": "2026-07-29", "location": "Centennial, WY 82055, USA", "elevation": 3172.0, "num_identification_agreements": 1, "tavg": null, "tmin": 13.9, "tmax": 26.6, "day_of_year": 210, "uuid": "6caa642b-9996-4428-bf37-f99895e089cb", "inat_id": 386645193}}, {"type": "Feature", "geometry": {"type": "Point", "coordinates": [-105.6588216667, 39.9051366667]}, "properties": {"species": "Boletus rubriceps", "date": "2026-07-27", "location": "Forest Lakes Trail, Black Hawk, CO, US", "elevation": 3070.0, "num_identification_agreements": 1, "tavg": null, "tmin": 7.0, "tmax": 13.0, "day_of_year": 208, "uuid": "ffdc776c-9b1e-4301-bc8d-d98ec319e942", "inat_id": 386480251}}, {"type": "Feature", "geometry": {"type": "Point", "coordinates": [-106.3165283333, 41.3487366667]}, "properties": {"species": "Boletus rubriceps", "date": "2026-07-25", "location": "Lakes Trail, Centennial, WY, US", "elevation": 3315.0, "num_identification_agreements": 1, "tavg": null, "tmin": 15.6, "tmax": 29.8, "day_of_year": 206, "uuid": "18f195b2-8d55-4390-881e-4755c9a87ecb", "inat_id": 385760473}}, {"type": "Feature", "geometry": {"type": "Point", "coordinates": [-106.3151489426, 41.3509627596]}, "properties": {"species": "Boletus rubriceps", "date": "2026-07-27", "location": "Albany County, US-WY, US", "elevation": 3325.0, "num_identification_agreements": 1, "tavg": null, "tmin": 17.3, "tmax": 27.6, "day_of_year": 208, "uuid": "813881a8-3583-464c-a200-432bc8cfdde6", "inat_id": 385703664}}, {"type": "Feature", "geometry": {"type": "Point", "coordinates": [-106.5044784546, 35.834941864]}, "properties": {"species": "Boletus rubriceps", "date": "2026-07-24", "location": "Valles Caldera National Preserve, Sandoval County, US-NM, US", "elevation": 2598.0, "num_identification_agreements": 1, "tavg": null, "tmin": 19.8, "tmax": 29.7, "day_of_year": 205, "uuid": "096dfc44-4492-4854-85db-d16dc58ed39c", "inat_id": 384596590}}, {"type": "Feature", "geometry": {"type": "Point", "coordinates": [-106.3227216667, 41.3307283333]}, "properties": {"species": "Boletus rubriceps", "date": "2026-07-23", "location": "Tipple Trail, Encampment, WY, US", "elevation": 3202.0, "num_identification_agreements": 2, "tavg": null, "tmin": 16.0, "tmax": 26.0, "day_of_year": 204, "uuid": "127f5817-0396-4b26-911d-0dad956de687", "inat_id": 384399753}}, {"type": "Feature", "geometry": {"type": "Point", "coordinates": [-105.7791460484, 39.8766265141]}, "properties": {"species": "Boletus rubriceps", "date": "2026-07-21", "location": "Colorado, US", "elevation": 3201.0, "num_identification_agreements": 1, "tavg": null, "tmin": 7.0, "tmax": 15.0, "day_of_year": 202, "uuid": "ea2da832-812c-4dbf-a2a6-09d9d11921f1", "inat_id": 384059451}}, {"type": "Feature", "geometry": {"type": "Point", "coordinates": [-106.0567803437, 41.5506563036]}, "properties": {"species": "Boletus rubriceps", "date": "2026-07-19", "location": "Wyoming, US", "elevation": 2309.0, "num_identification_agreements": 1, "tavg": null, "tmin": 16.2, "tmax": 29.4, "day_of_year": 200, "uuid": "0dc4fe88-d8ba-4d52-812b-5342962bef7e", "inat_id": 383268719}}, {"type": "Feature", "geometry": {"type": "Point", "coordinates": [-105.2003783333, 36.4410083333]}, "properties": {"species": "Boletus rubriceps", "date": "2021-07-15", "location": "Ute Park, NM, US", "elevation": 3001.0, "num_identification_agreements": 1, "tavg": null, "tmin": 8.2, "tmax": 19.8, "day_of_year": 196, "uuid": "faee81d2-0dcd-4160-8851-83ec1be80864", "inat_id": 382631209}}, {"type": "Feature", "geometry": {"type": "Point", "coordinates": [-105.5904466667, 40.0757638333]}, "properties": {"species": "Boletus rubriceps", "date": "2026-07-16", "location": "Pawnee Pass Trail, Ward, CO, US", "elevation": 3224.0, "num_identification_agreements": 2, "tavg": null, "tmin": 9.3, "tmax": 29.1, "day_of_year": 197, "uuid": "65d417f3-646e-4967-9c86-3b217e7fcde3", "inat_id": 382129982}}, {"type": "Feature", "geometry": {"type": "Point", "coordinates": [-105.7342383333, 40.1661833333]}, "properties": {"species": "Boletus rubriceps", "date": "2026-07-13", "location": "Watanga Lake Trail, Grand Lake, CO, US", "elevation": 3292.0, "num_identification_agreements": 1, "tavg": null, "tmin": 9.0, "tmax": 31.6, "day_of_year": 194, "uuid": "fa4518b5-dc3a-468c-9975-1973ac10c967", "inat_id": 381582747}}, {"type": "Feature", "geometry": {"type": "Point", "coordinates": [-107.9536533333, 39.0704471667]}, "properties": {"species": "Boletus rubriceps", "date": "2026-07-08", "location": "Mesa County, US-CO, US", "elevation": 3130.0, "num_identification_agreements": 1, "tavg": null, "tmin": 21.5, "tmax": 36.6, "day_of_year": 189, "uuid": "c2f81e1d-ece1-493a-898e-3e69dda5f1d3", "inat_id": 381049594}}, {"type": "Feature", "geometry": {"type": "Point", "coordinates": [-105.9903, 40.50526]}, "properties": {"species": "Boletus rubriceps", "date": "2026-07-03", "location": "G245+4V Gould, CO, USA", "elevation": 2798.0, "num_identification_agreements": 1, "tavg": null, "tmin": 1.0, "tmax": 24.0, "day_of_year": 184, "uuid": "03b44392-b374-4df7-a189-c68a545c5086", "inat_id": 380552794}}, {"type": "Feature", "geometry": {"type": "Point", "coordinates": [-106.3994487461, 41.2365469221]}, "properties": {"species": "Boletus rubriceps", "date": "2026-07-05", "location": "Wyoming, US", "elevation": 2733.0, "num_identification_agreements": 1, "tavg": null, "tmin": 8.0, "tmax": 31.0, "day_of_year": 186, "uuid": "fba67c9e-d077-4042-9791-251bf6199ebc", "inat_id": 378555573}}, {"type": "Feature", "geometry": {"type": "Point", "coordinates": [-107.8695406392, 39.0903836659]}, "properties": {"species": "Boletus rubriceps", "date": "2026-08-22", "location": "Collbran, CO 81624, USA", "elevation": 3168.0, "num_identification_agreements": 1, "tavg": null, "tmin": null, "tmax": null, "day_of_year": 234, "uuid": "c3247ff9-5f77-4352-bc8d-ae4875999489", "inat_id": 394158630}}, {"type": "Feature", "geometry": {"type": "Point", "coordinates": [-108.1519782997, 39.0360713997]}, "properties": {"species": "Boletus rubriceps", "date": "2026-07-01", "location": "Eckert, CO 81418, USA", "elevation": 3136.0, "num_identification_agreements": 2, "tavg": null, "tmin": 10.4, "tmax": 32.2, "day_of_year": 182, "uuid": "f8a4567b-a5c3-4f4c-89cb-fcdfe4de48a0", "inat_id": 377344044}}, {"type": "Feature", "geometry": {"type": "Point", "coordinates": [-105.8127971231, 40.2539742136]}, "properties": {"species": "Boletus rubriceps", "date": "2026-06-22", "location": "Grand Lake, CO, US", "elevation": 2587.0, "num_identification_agreements": 2, "tavg": null, "tmin": 5.6, "tmax": 25.4, "day_of_year": 173, "uuid": "7cc3db6d-3ec2-4af7-9ac2-37ada05eea28", "inat_id": 374411719}}, {"type": "Feature", "geometry": {"type": "Point", "coordinates": [-105.8492478067, 40.4104057983]}, "properties": {"species": "Boletus rubriceps", "date": "2026-06-21", "location": "Rocky Mountain, Rocky Mountain National Park, Rocky Mountain National Park, Grand County, US-CO, US", "elevation": 2776.0, "num_identification_agreements": 1, "tavg": null, "tmin": 6.0, "tmax": 25.0, "day_of_year": 172, "uuid": "607970c0-9113-44ff-bab3-74edfef2c196", "inat_id": 374366265}}, {"type": "Feature", "geometry": {"type": "Point", "coordinates": [-105.6416883333, 39.4143283333]}, "properties": {"species": "Boletus rubriceps", "date": "2022-07-26", "location": "Ben Tyler Trail, Grant, CO, US", "elevation": 3400.0, "num_identification_agreements": 1, "tavg": null, "tmin": 5.4, "tmax": 18.8, "day_of_year": 207, "uuid": "83114fe4-22d7-4262-b9e0-7290655ed58b", "inat_id": 367923505}}, {"type": "Feature", "geometry": {"type": "Point", "coordinates": [-104.9722169076, 37.9671975573]}, "properties": {"species": "Boletus rubriceps", "date": "2025-07-26", "location": "Rye, CO, US", "elevation": 2269.0, "num_identification_agreements": 1, "tavg": null, "tmin": 15.0, "tmax": 34.0, "day_of_year": 207, "uuid": "68d51b60-bda0-475f-881a-799370835e42", "inat_id": 347741110}}, {"type": "Feature", "geometry": {"type": "Point", "coordinates": [-105.548966236, 39.4703128464]}, "properties": {"species": "Boletus rubriceps", "date": "2024-08-17", "location": "Colorado, US", "elevation": 3009.0, "num_identification_agreements": 1, "tavg": null, "tmin": 2.2, "tmax": 17.0, "day_of_year": 230, "uuid": "f43c1606-da0d-4853-b419-92261accf602", "inat_id": 345031062}}, {"type": "Feature", "geometry": {"type": "Point", "coordinates": [-105.6464, 40.2944216667]}, "properties": {"species": "Boletus rubriceps", "date": "2021-08-01", "location": "Rocky Mountain, Rocky Mountain National Park, Rocky Mountain National Park, Larimer County, US-CO, US", "elevation": 3020.0, "num_identification_agreements": 1, "tavg": null, "tmin": 8.8, "tmax": 23.3, "day_of_year": 213, "uuid": "009ba6a9-10ce-4a0f-826f-7cbfdac1146f", "inat_id": 341438713}}, {"type": "Feature", "geometry": {"type": "Point", "coordinates": [-105.547425, 40.0404471667]}, "properties": {"species": "Boletus rubriceps", "date": "2021-07-13", "location": "Nederland, CO, US", "elevation": 3062.0, "num_identification_agreements": 2, "tavg": null, "tmin": 20.0, "tmax": 26.0, "day_of_year": 194, "uuid": "05707310-68b6-4b8c-8d20-002920cbbaec", "inat_id": 340093451}}, {"type": "Feature", "geometry": {"type": "Point", "coordinates": [-105.4317861111, 36.5651361111]}, "properties": {"species": "Boletus rubriceps", "date": "2025-08-17", "location": "Taos County, NM, USA", "elevation": 3312.0, "num_identification_agreements": 2, "tavg": null, "tmin": 0.5, "tmax": 25.0, "day_of_year": 229, "uuid": "1908cf3c-b2f9-4e8b-9e28-ea3f7644c359", "inat_id": 328274318}}, {"type": "Feature", "geometry": {"type": "Point", "coordinates": [-105.3369115997, 39.3420947997]}, "properties": {"species": "Boletus rubriceps", "date": "2025-07-01", "location": "Pine, CO 80470, USA", "elevation": 2242.0, "num_identification_agreements": 2, "tavg": null, "tmin": 8.0, "tmax": 18.0, "day_of_year": 182, "uuid": "f0d4dde3-fa1e-4b83-a586-a38ca2547dc0", "inat_id": 327391972}}, {"type": "Feature", "geometry": {"type": "Point", "coordinates": [-105.337459892, 39.3522000925]}, "properties": {"species": "Boletus rubriceps", "date": "2025-07-01", "location": "Pine, CO 80470, USA", "elevation": 2351.0, "num_identification_agreements": 2, "tavg": null, "tmin": 8.0, "tmax": 18.0, "day_of_year": 182, "uuid": "97285dc7-d8ea-44d2-b8de-838836be3c62", "inat_id": 327391461}}, {"type": "Feature", "geometry": {"type": "Point", "coordinates": [-105.103323802, 38.8782104826]}, "properties": {"species": "Boletus rubriceps", "date": "2025-08-15", "location": "Teller County, US-CO, US", "elevation": 3165.0, "num_identification_agreements": 1, "tavg": null, "tmin": 14.6, "tmax": 31.8, "day_of_year": 227, "uuid": "3c8e3f7b-0c3c-4dc8-a8cf-bbc8d309a560", "inat_id": 326980548}}, {"type": "Feature", "geometry": {"type": "Point", "coordinates": [-105.0995721667, 38.883305]}, "properties": {"species": "Boletus rubriceps", "date": "2025-08-15", "location": "Pike and San Isabel National Forests, Woodland Park, CO, US", "elevation": 3202.0, "num_identification_agreements": 1, "tavg": null, "tmin": 14.6, "tmax": 31.8, "day_of_year": 227, "uuid": "ad373413-86b5-4db6-8611-3a9a79afa2ae", "inat_id": 326836057}}, {"type": "Feature", "geometry": {"type": "Point", "coordinates": [-104.5255845617, 38.8320890948]}, "properties": {"species": "Boletus rubriceps", "date": "2025-08-15", "location": "El Paso County, US, CO", "elevation": 1939.0, "num_identification_agreements": 1, "tavg": null, "tmin": 14.0, "tmax": 33.3, "day_of_year": 227, "uuid": "c8684b86-6c34-4c56-9394-3241be1446d0", "inat_id": 324810968}}, {"type": "Feature", "geometry": {"type": "Point", "coordinates": [-107.926454097, 38.9016478574]}, "properties": {"species": "Boletus rubriceps", "date": "2021-07-21", "location": "Cedaredge, CO 81413, USA", "elevation": 1902.0, "num_identification_agreements": 4, "tavg": null, "tmin": 21.0, "tmax": 37.0, "day_of_year": 202, "uuid": "3fea8abb-7f87-4add-a9a8-30ccb01b58eb", "inat_id": 323020300}}, {"type": "Feature", "geometry": {"type": "Point", "coordinates": [-104.993705, 39.0121277833]}, "properties": {"species": "Boletus rubriceps", "date": "2021-07-26", "location": "Woodland Park, CO, US", "elevation": 2787.0, "num_identification_agreements": 1, "tavg": null, "tmin": 11.8, "tmax": 29.6, "day_of_year": 207, "uuid": "d6beb60f-6e5d-468b-9a8b-8b8a5f2370f5", "inat_id": 321599147}}, {"type": "Feature", "geometry": {"type": "Point", "coordinates": [-105.3767217323, 39.5494904798]}, "properties": {"species": "Boletus rubriceps", "date": "2025-09-28", "location": "Jefferson County, US-CO, US", "elevation": 2710.0, "num_identification_agreements": 1, "tavg": null, "tmin": -2.3, "tmax": 6.3, "day_of_year": 271, "uuid": "c014d911-cbd3-43a8-b2eb-dae6d9d713d7", "inat_id": 318088915}}, {"type": "Feature", "geometry": {"type": "Point", "coordinates": [-103.5635986914, 43.8450243611]}, "properties": {"species": "Boletus rubriceps", "date": "2025-07-23", "location": "Custer County, SD, USA", "elevation": 1887.0, "num_identification_agreements": 1, "tavg": null, "tmin": 10.6, "tmax": 21.1, "day_of_year": 204, "uuid": "073bb391-2abc-4748-a2b2-d114ec4060c6", "inat_id": 317297810}}, {"type": "Feature", "geometry": {"type": "Point", "coordinates": [-105.8026147709, 35.7977700072]}, "properties": {"species": "Boletus rubriceps", "date": "2025-09-24", "location": "Tererro, NM, US", "elevation": 3149.0, "num_identification_agreements": 1, "tavg": null, "tmin": 6.0, "tmax": 22.0, "day_of_year": 267, "uuid": "94b81109-1aa5-4a7f-8754-8602afb5c71c", "inat_id": 316424237}}, {"type": "Feature", "geometry": {"type": "Point", "coordinates": [-105.3811819117, 36.5722121417]}, "properties": {"species": "Boletus rubriceps", "date": "2025-09-07", "location": "Taos County, NM, USA", "elevation": 3246.0, "num_identification_agreements": 1, "tavg": null, "tmin": 3.0, "tmax": 22.0, "day_of_year": 250, "uuid": "3c0fa93d-2f5d-40e1-9ace-3aec77a5e0ca", "inat_id": 314258528}}, {"type": "Feature", "geometry": {"type": "Point", "coordinates": [-106.5106412033, 35.8217916455]}, "properties": {"species": "Boletus rubriceps", "date": "2025-09-13", "location": "Jemez Springs, NM, US", "elevation": 2650.0, "num_identification_agreements": 1, "tavg": null, "tmin": 12.0, "tmax": 16.0, "day_of_year": 256, "uuid": "dc86bc1f-7d3a-43c1-9bd6-a4c40428f5f7", "inat_id": 313759019}}, {"type": "Feature", "geometry": {"type": "Point", "coordinates": [-105.6467729062, 40.313468362]}, "properties": {"species": "Boletus rubriceps", "date": "2025-07-11", "location": "Bear Lake, Colorado 80517, USA", "elevation": 2905.0, "num_identification_agreements": 2, "tavg": null, "tmin": 5.0, "tmax": 26.2, "day_of_year": 192, "uuid": "a6b769cb-a168-4daf-a2dc-ba2fb229bd82", "inat_id": 312955225}}, {"type": "Feature", "geometry": {"type": "Point", "coordinates": [-105.5527573271, 35.7786041346]}, "properties": {"species": "Boletus rubriceps", "date": "2025-09-06", "location": "San Miguel County, US-NM, US", "elevation": 3490.0, "num_identification_agreements": 2, "tavg": null, "tmin": 11.0, "tmax": 17.0, "day_of_year": 249, "uuid": "ac60db00-a782-4619-a802-a5748a1ba160", "inat_id": 312312698}}, {"type": "Feature", "geometry": {"type": "Point", "coordinates": [-106.8487383333, 36.0596861667]}, "properties": {"species": "Boletus rubriceps", "date": "2021-08-20", "location": "Continental Divide National Scenic Trail, Gallina, NM, US", "elevation": 3036.0, "num_identification_agreements": 1, "tavg": null, "tmin": null, "tmax": null, "day_of_year": 232, "uuid": "4c901dbe-e106-477e-b9af-27c94def09c6", "inat_id": 311123739}}, {"type": "Feature", "geometry": {"type": "Point", "coordinates": [-105.12327607, 38.87106779]}, "properties": {"species": "Boletus rubriceps", "date": "2025-08-21", "location": "Teller County, US-CO, US", "elevation": 3077.0, "num_identification_agreements": 2, "tavg": null, "tmin": 18.0, "tmax": 31.0, "day_of_year": 233, "uuid": "14e1523f-70ba-4532-9196-f292f68a1ce2", "inat_id": 310217910}}, {"type": "Feature", "geometry": {"type": "Point", "coordinates": [-106.4994425245, 36.1909963955]}, "properties": {"species": "Boletus rubriceps", "date": "2025-08-11", "location": "New Mexico, US", "elevation": 2219.0, "num_identification_agreements": 1, "tavg": null, "tmin": 17.1, "tmax": 29.1, "day_of_year": 223, "uuid": "224b65e2-47b8-48f6-8fc8-22509cae6410", "inat_id": 309407044}}, {"type": "Feature", "geometry": {"type": "Point", "coordinates": [-105.86, 39.7626083333]}, "properties": {"species": "Boletus rubriceps", "date": "2022-08-22", "location": "Clear Creek County, CO, USA", "elevation": 3301.0, "num_identification_agreements": 2, "tavg": null, "tmin": 1.2, "tmax": 11.2, "day_of_year": 234, "uuid": "ef1b85d2-5f34-483d-afde-4f338036d85b", "inat_id": 308565097}}, {"type": "Feature", "geometry": {"type": "Point", "coordinates": [-105.6362457035, 35.6283106405]}, "properties": {"species": "Boletus rubriceps", "date": "2025-08-22", "location": "New Mexico, US", "elevation": 2654.0, "num_identification_agreements": 1, "tavg": null, "tmin": 15.0, "tmax": 31.7, "day_of_year": 234, "uuid": "972d0e4d-548b-4693-8e2c-184e428d6cb4", "inat_id": 308491367}}, {"type": "Feature", "geometry": {"type": "Point", "coordinates": [-105.7670014346, 35.8135340111]}, "properties": {"species": "Boletus rubriceps", "date": "2025-08-22", "location": "New Mexico, US", "elevation": 3195.0, "num_identification_agreements": 1, "tavg": null, "tmin": 15.0, "tmax": 31.7, "day_of_year": 234, "uuid": "fbc1a00e-1c5b-4616-93c1-7fe3d271febc", "inat_id": 308344184}}, {"type": "Feature", "geometry": {"type": "Point", "coordinates": [-105.6836389, 40.3427932]}, "properties": {"species": "Boletus rubriceps", "date": "2024-07-27", "location": "Rocky Mountain National Park, Colorado, USA", "elevation": 2940.0, "num_identification_agreements": 1, "tavg": null, "tmin": 8.7, "tmax": 26.0, "day_of_year": 209, "uuid": "e21cdc1c-e7d7-4edd-9a16-9edd8c51a41f", "inat_id": 307670563}}, {"type": "Feature", "geometry": {"type": "Point", "coordinates": [-105.6836389, 40.3427932]}, "properties": {"species": "Boletus rubriceps", "date": "2024-07-27", "location": "Rocky Mountain National Park, Colorado, USA", "elevation": 2940.0, "num_identification_agreements": 1, "tavg": null, "tmin": 8.7, "tmax": 26.0, "day_of_year": 209, "uuid": "8b334cae-21dd-41bc-8124-073d32059ac1", "inat_id": 307670440}}, {"type": "Feature", "geometry": {"type": "Point", "coordinates": [-105.6844633333, 40.320755]}, "properties": {"species": "Boletus rubriceps", "date": "2025-08-02", "location": "Odessa Lake-Flattop Mountain Junction Trail, Estes Park, CO, US", "elevation": 3248.0, "num_identification_agreements": 2, "tavg": null, "tmin": 3.7, "tmax": 19.9, "day_of_year": 214, "uuid": "ba49be33-8c8c-4caf-b22e-e16a3ceecd35", "inat_id": 307576138}}, {"type": "Feature", "geometry": {"type": "Point", "coordinates": [-108.0841528333, 37.5411383333]}, "properties": {"species": "Boletus rubriceps", "date": "2022-08-13", "location": "Dolores, CO, US", "elevation": 3239.0, "num_identification_agreements": 1, "tavg": null, "tmin": 14.4, "tmax": 31.1, "day_of_year": 225, "uuid": "9742bbed-4e87-4eff-8005-c983130c3498", "inat_id": 307369325}}, {"type": "Feature", "geometry": {"type": "Point", "coordinates": [-105.6101222482, 39.9095120964]}, "properties": {"species": "Boletus rubriceps", "date": "2025-08-15", "location": "Colorado, US", "elevation": 2961.0, "num_identification_agreements": 1, "tavg": null, "tmin": 7.0, "tmax": 12.0, "day_of_year": 227, "uuid": "e43f8cbb-a325-4a22-9698-1b97adc035f0", "inat_id": 307189067}}, {"type": "Feature", "geometry": {"type": "Point", "coordinates": [-103.7751783333, 44.3191116667]}, "properties": {"species": "Boletus rubriceps", "date": "2025-08-11", "location": "Lawrence County, US-SD, US", "elevation": 1696.0, "num_identification_agreements": 1, "tavg": null, "tmin": 15.0, "tmax": 28.0, "day_of_year": 223, "uuid": "2f53c00a-c143-4d94-b0e8-1bd85e721ad1", "inat_id": 307135122}}, {"type": "Feature", "geometry": {"type": "Point", "coordinates": [-107.8855228, 37.8137996997]}, "properties": {"species": "Boletus rubriceps", "date": "2025-08-12", "location": "Ophir, CO 81426, USA", "elevation": 3139.0, "num_identification_agreements": 2, "tavg": null, "tmin": 10.0, "tmax": 24.0, "day_of_year": 224, "uuid": "d37f26b9-badc-4399-bad2-e03d77764bef", "inat_id": 306779548}}, {"type": "Feature", "geometry": {"type": "Point", "coordinates": [-105.381615, 39.17515]}, "properties": {"species": "Boletus rubriceps", "date": "2025-08-15", "location": "Jefferson County, US-CO, US", "elevation": 2500.0, "num_identification_agreements": 2, "tavg": null, "tmin": 12.0, "tmax": 21.0, "day_of_year": 227, "uuid": "d2628be0-4891-4bb6-8185-0d827ce65f00", "inat_id": 306621546}}, {"type": "Feature", "geometry": {"type": "Point", "coordinates": [-105.38185, 39.1753916667]}, "properties": {"species": "Boletus rubriceps", "date": "2025-08-15", "location": "Jefferson County, US-CO, US", "elevation": 2500.0, "num_identification_agreements": 2, "tavg": null, "tmin": 12.0, "tmax": 21.0, "day_of_year": 227, "uuid": "3332d08e-cf4c-4166-8f4d-1414a91a3c8d", "inat_id": 306621527}}, {"type": "Feature", "geometry": {"type": "Point", "coordinates": [-105.0996354595, 38.8833841542]}, "properties": {"species": "Boletus rubriceps", "date": "2025-08-15", "location": "Teller County, US-CO, US", "elevation": 3222.0, "num_identification_agreements": 1, "tavg": null, "tmin": 14.6, "tmax": 31.8, "day_of_year": 227, "uuid": "80a202bf-821f-4005-a270-f2f1e0597b74", "inat_id": 306576566}}, {"type": "Feature", "geometry": {"type": "Point", "coordinates": [-107.1198919645, 40.0983537514]}, "properties": {"species": "Boletus rubriceps", "date": "2021-07-04", "location": "Meeker, CO, US", "elevation": 3331.0, "num_identification_agreements": 1, "tavg": null, "tmin": 13.3, "tmax": 32.2, "day_of_year": 185, "uuid": "18c75b02-57e3-41a6-adb0-ed00be61aa59", "inat_id": 306259868}}, {"type": "Feature", "geometry": {"type": "Point", "coordinates": [-105.6210333333, 40.1770833333]}, "properties": {"species": "Boletus rubriceps", "date": "2025-08-03", "location": "Rocky Mountain National Park, Ward, CO, US", "elevation": 3245.0, "num_identification_agreements": 1, "tavg": null, "tmin": 4.2, "tmax": 25.5, "day_of_year": 215, "uuid": "3a5aaa40-ef71-4b4c-823d-1bf159b57fec", "inat_id": 306016604}}, {"type": "Feature", "geometry": {"type": "Point", "coordinates": [-105.534981, 40.36764645]}, "properties": {"species": "Boletus rubriceps", "date": "2025-08-11", "location": "Park River Pl, Estes Park, CO, US", "elevation": 2326.0, "num_identification_agreements": 1, "tavg": null, "tmin": 12.3, "tmax": 29.9, "day_of_year": 223, "uuid": "c5f12898-2a7d-464d-8b40-3027c0fe8eac", "inat_id": 305688521}}, {"type": "Feature", "geometry": {"type": "Point", "coordinates": [-105.7333644443, 39.9113212617]}, "properties": {"species": "Boletus rubriceps", "date": "2025-08-08", "location": "Colorado, US", "elevation": 3107.0, "num_identification_agreements": 2, "tavg": null, "tmin": 5.0, "tmax": 14.7, "day_of_year": 220, "uuid": "a1870a42-9244-4e0f-a8a1-4ce1882b85e4", "inat_id": 305374055}}, {"type": "Feature", "geometry": {"type": "Point", "coordinates": [-106.2458019409, 35.8387764127]}, "properties": {"species": "Boletus rubriceps", "date": "2025-08-08", "location": "New Mexico, US", "elevation": 2059.0, "num_identification_agreements": 2, "tavg": null, "tmin": 20.9, "tmax": 32.5, "day_of_year": 220, "uuid": "1b0a58ca-3291-4de3-be28-1cf3ea30ad0e", "inat_id": 304865085}}, {"type": "Feature", "geometry": {"type": "Point", "coordinates": [-105.3331786172, 39.5304931432]}, "properties": {"species": "Boletus rubriceps", "date": "2025-08-06", "location": "Colorado, US", "elevation": 2543.0, "num_identification_agreements": 2, "tavg": null, "tmin": 15.0, "tmax": 33.9, "day_of_year": 218, "uuid": "e2d8f2e7-c4e1-4227-9609-c92c72aec6d7", "inat_id": 304821193}}, {"type": "Feature", "geometry": {"type": "Point", "coordinates": [-105.6988020585, 35.9817377879]}, "properties": {"species": "Boletus rubriceps", "date": "2025-08-05", "location": "New Mexico, US", "elevation": 3078.0, "num_identification_agreements": 1, "tavg": null, "tmin": null, "tmax": null, "day_of_year": 217, "uuid": "704cb3ab-314d-45f6-bf4b-62c038683de8", "inat_id": 304280039}}, {"type": "Feature", "geometry": {"type": "Point", "coordinates": [-105.4170191149, 36.0481689664]}, "properties": {"species": "Boletus rubriceps", "date": "2025-08-04", "location": "New Mexico, US", "elevation": 2650.0, "num_identification_agreements": 1, "tavg": null, "tmin": 5.3, "tmax": 25.8, "day_of_year": 216, "uuid": "7b18d385-1c74-4955-8795-84fb8c624fe6", "inat_id": 303903533}}, {"type": "Feature", "geometry": {"type": "Point", "coordinates": [-105.0479037996, 37.9670015583]}, "properties": {"species": "Boletus rubriceps", "date": "2025-08-03", "location": "Colorado, US", "elevation": 2895.0, "num_identification_agreements": 2, "tavg": null, "tmin": 11.0, "tmax": 32.0, "day_of_year": 215, "uuid": "afba5f79-cdb2-4d67-b430-8d27d23c10e7", "inat_id": 303610232}}, {"type": "Feature", "geometry": {"type": "Point", "coordinates": [-105.5755916667, 40.5039]}, "properties": {"species": "Boletus rubriceps", "date": "2025-08-02", "location": "Upper Lost Lake Trail, Bellvue, CO, US", "elevation": 3178.0, "num_identification_agreements": 1, "tavg": null, "tmin": 11.7, "tmax": 31.7, "day_of_year": 214, "uuid": "0445519c-9f09-45da-bb97-0570e105e491", "inat_id": 303342672}}, {"type": "Feature", "geometry": {"type": "Point", "coordinates": [-105.5756833333, 40.503845]}, "properties": {"species": "Boletus rubriceps", "date": "2025-08-02", "location": "Upper Lost Lake Trail, Bellvue, CO, US", "elevation": 3178.0, "num_identification_agreements": 1, "tavg": null, "tmin": 11.7, "tmax": 31.7, "day_of_year": 214, "uuid": "a0888219-a8a7-44f5-a424-ac2e52ac112e", "inat_id": 303342640}}, {"type": "Feature", "geometry": {"type": "Point", "coordinates": [-105.5753783333, 40.50438]}, "properties": {"species": "Boletus rubriceps", "date": "2025-08-02", "location": "Upper Lost Lake Trail, Bellvue, CO, US", "elevation": 3159.0, "num_identification_agreements": 1, "tavg": null, "tmin": 11.7, "tmax": 31.7, "day_of_year": 214, "uuid": "7ed5b6e0-4a26-4683-933e-2bf44fe447d0", "inat_id": 303338198}}, {"type": "Feature", "geometry": {"type": "Point", "coordinates": [-105.5160616667, 40.497495]}, "properties": {"species": "Boletus rubriceps", "date": "2025-08-01", "location": "North Fork Trail, Glen Haven, CO, US", "elevation": 2714.0, "num_identification_agreements": 1, "tavg": null, "tmin": 13.3, "tmax": 28.3, "day_of_year": 213, "uuid": "00153ec1-c905-443e-a05f-0b46c2d94849", "inat_id": 303336037}}, {"type": "Feature", "geometry": {"type": "Point", "coordinates": [-105.59555, 40.0869055]}, "properties": {"species": "Boletus rubriceps", "date": "2025-07-31", "location": "Mitchell Lake Trail, Ward, CO, US", "elevation": 3278.0, "num_identification_agreements": 1, "tavg": null, "tmin": 3.7, "tmax": 25.6, "day_of_year": 212, "uuid": "8a65a66e-0e7e-4486-9645-02c381b812b7", "inat_id": 302716322}}, {"type": "Feature", "geometry": {"type": "Point", "coordinates": [-105.5978866667, 39.6562616667]}, "properties": {"species": "Boletus rubriceps", "date": "2025-07-28", "location": "Mount Blue Sky Rd, Idaho Springs, CO, US", "elevation": 3263.0, "num_identification_agreements": 1, "tavg": null, "tmin": 4.7, "tmax": 16.3, "day_of_year": 209, "uuid": "65d70b5e-29f6-4826-8e7a-27e5bfafb3b5", "inat_id": 302605714}}, {"type": "Feature", "geometry": {"type": "Point", "coordinates": [-105.5979281, 39.6562400997]}, "properties": {"species": "Boletus rubriceps", "date": "2025-07-28", "location": "Golden, CO 80439, USA", "elevation": 3286.0, "num_identification_agreements": 1, "tavg": null, "tmin": 4.7, "tmax": 16.3, "day_of_year": 209, "uuid": "31c388ed-1497-4bef-ac19-d9ba778c143f", "inat_id": 302489178}}, {"type": "Feature", "geometry": {"type": "Point", "coordinates": [-105.77118, 39.82957]}, "properties": {"species": "Boletus rubriceps", "date": "2025-07-30", "location": "Winter Park, CO, US", "elevation": 3226.0, "num_identification_agreements": 2, "tavg": null, "tmin": 2.1, "tmax": 13.4, "day_of_year": 211, "uuid": "bc90d947-0216-4813-aadf-28fcb3209e59", "inat_id": 302444024}}, {"type": "Feature", "geometry": {"type": "Point", "coordinates": [-105.7693043, 39.8275093]}, "properties": {"species": "Boletus rubriceps", "date": "2025-07-30", "location": "Winter Park, CO 80482, USA", "elevation": 3198.0, "num_identification_agreements": 2, "tavg": null, "tmin": 2.1, "tmax": 13.4, "day_of_year": 211, "uuid": "502c0fd7-0dde-46f6-8ffc-e508d06f2555", "inat_id": 302436320}}, {"type": "Feature", "geometry": {"type": "Point", "coordinates": [-105.6081836924, 39.9230897232]}, "properties": {"species": "Boletus rubriceps", "date": "2025-07-28", "location": "Colorado, US", "elevation": 2972.0, "num_identification_agreements": 1, "tavg": null, "tmin": 4.7, "tmax": 16.3, "day_of_year": 209, "uuid": "b095ccba-0b5a-4937-af06-2c2260fb482c", "inat_id": 302012611}}, {"type": "Feature", "geometry": {"type": "Point", "coordinates": [-105.7540375311, 39.919424109]}, "properties": {"species": "Boletus rubriceps", "date": "2025-07-25", "location": "Colorado, US", "elevation": 2872.0, "num_identification_agreements": 1, "tavg": null, "tmin": 1.8, "tmax": 14.6, "day_of_year": 206, "uuid": "43be0058-d3b8-4271-bc91-b12e03a42250", "inat_id": 301931233}}, {"type": "Feature", "geometry": {"type": "Point", "coordinates": [-105.7377646739, 39.9662869238]}, "properties": {"species": "Boletus rubriceps", "date": "2025-07-25", "location": "Colorado, US", "elevation": 3098.0, "num_identification_agreements": 2, "tavg": null, "tmin": 1.8, "tmax": 14.6, "day_of_year": 206, "uuid": "da9f865c-43d8-49fd-a4e0-c497451d36e4", "inat_id": 301931161}}, {"type": "Feature", "geometry": {"type": "Point", "coordinates": [-105.6008918595, 39.9867866715]}, "properties": {"species": "Boletus rubriceps", "date": "2025-07-25", "location": "Colorado, US", "elevation": 3153.0, "num_identification_agreements": 2, "tavg": null, "tmin": 1.8, "tmax": 14.6, "day_of_year": 206, "uuid": "92780fac-4b2b-4390-99eb-9f350dc25748", "inat_id": 301922310}}, {"type": "Feature", "geometry": {"type": "Point", "coordinates": [-105.7757857636, 39.84363958]}, "properties": {"species": "Boletus rubriceps", "date": "2025-07-25", "location": "Colorado, US", "elevation": 3543.0, "num_identification_agreements": 1, "tavg": null, "tmin": 1.8, "tmax": 14.6, "day_of_year": 206, "uuid": "fb5ec0a3-784a-4408-b47d-cc569500c0d5", "inat_id": 301922041}}, {"type": "Feature", "geometry": {"type": "Point", "coordinates": [-105.0932608449, 40.5433744439]}, "properties": {"species": "Boletus rubriceps", "date": "2025-07-27", "location": "Fort Collins and Larimer County CNC Boundary", "elevation": 1549.0, "num_identification_agreements": 2, "tavg": null, "tmin": 15.0, "tmax": 37.2, "day_of_year": 208, "uuid": "242620b1-f603-4dca-aee5-970ac57c679a", "inat_id": 301704242}}, {"type": "Feature", "geometry": {"type": "Point", "coordinates": [-105.0759144618, 37.8995325862]}, "properties": {"species": "Boletus rubriceps", "date": "2025-07-26", "location": "Colorado, US", "elevation": 3117.0, "num_identification_agreements": 1, "tavg": null, "tmin": 15.0, "tmax": 34.0, "day_of_year": 207, "uuid": "261377f5-176a-430a-8c6f-b54fac0d4058", "inat_id": 301649824}}, {"type": "Feature", "geometry": {"type": "Point", "coordinates": [-105.6584383333, 40.542205]}, "properties": {"species": "Boletus rubriceps", "date": "2025-07-26", "location": "Emmaline Lake Trail, Bellvue, CO, US", "elevation": 3324.0, "num_identification_agreements": 1, "tavg": null, "tmin": null, "tmax": null, "day_of_year": 207, "uuid": "39333751-134c-40c8-884d-7fb1d0344570", "inat_id": 301428140}}, {"type": "Feature", "geometry": {"type": "Point", "coordinates": [-105.6472948168, 40.3092927565]}, "properties": {"species": "Boletus rubriceps", "date": "2025-07-26", "location": "Bear Lake-Dream/Haiyaha Junction Trail, Estes Park, CO, US", "elevation": 2929.0, "num_identification_agreements": 1, "tavg": null, "tmin": 6.3, "tmax": 26.2, "day_of_year": 207, "uuid": "7beeb178-9a38-43aa-957c-df0886cb2bb7", "inat_id": 301383979}}, {"type": "Feature", "geometry": {"type": "Point", "coordinates": [-105.470345417, 40.0951141182]}, "properties": {"species": "Boletus rubriceps", "date": "2025-07-25", "location": "Colorado, US", "elevation": 2669.0, "num_identification_agreements": 1, "tavg": null, "tmin": 15.0, "tmax": 33.0, "day_of_year": 206, "uuid": "730cd2a8-83ae-4359-b21e-08cf55546040", "inat_id": 301367890}}, {"type": "Feature", "geometry": {"type": "Point", "coordinates": [-105.5578545321, 40.1403447853]}, "properties": {"species": "Boletus rubriceps", "date": "2025-07-25", "location": "Colorado, US", "elevation": 2943.0, "num_identification_agreements": 1, "tavg": null, "tmin": 15.0, "tmax": 33.0, "day_of_year": 206, "uuid": "5045b6cf-225a-4164-b1ee-e49ef8ef19db", "inat_id": 301367809}}, {"type": "Feature", "geometry": {"type": "Point", "coordinates": [-105.450249317, 40.1210150628]}, "properties": {"species": "Boletus rubriceps", "date": "2025-07-25", "location": "Colorado, US", "elevation": 2560.0, "num_identification_agreements": 1, "tavg": null, "tmin": 15.0, "tmax": 33.0, "day_of_year": 206, "uuid": "e15ed726-1acc-4e2c-834b-55a6f49b7b34", "inat_id": 301367752}}, {"type": "Feature", "geometry": {"type": "Point", "coordinates": [-105.5174509638, 40.069062284]}, "properties": {"species": "Boletus rubriceps", "date": "2025-07-25", "location": "Colorado, US", "elevation": 2849.0, "num_identification_agreements": 1, "tavg": null, "tmin": 15.0, "tmax": 33.0, "day_of_year": 206, "uuid": "c57eca78-2858-45da-8d96-827dd5ad6689", "inat_id": 301367681}}, {"type": "Feature", "geometry": {"type": "Point", "coordinates": [-105.6448196258, 39.942931727]}, "properties": {"species": "Boletus rubriceps", "date": "2025-07-22", "location": "Colorado, US", "elevation": 3283.0, "num_identification_agreements": 1, "tavg": null, "tmin": 3.9, "tmax": 14.7, "day_of_year": 203, "uuid": "601304d6-24b9-4aa7-9e80-6d97e16c330a", "inat_id": 300389944}}, {"type": "Feature", "geometry": {"type": "Point", "coordinates": [-105.5926966667, 40.2200133333]}, "properties": {"species": "Boletus rubriceps", "date": "2025-07-19", "location": "Rocky Mountain National Park, Ward, CO, US", "elevation": 3074.0, "num_identification_agreements": 1, "tavg": null, "tmin": 8.2, "tmax": 26.5, "day_of_year": 200, "uuid": "8d17c959-46df-4f23-ad66-52390f9f3f8f", "inat_id": 300321885}}, {"type": "Feature", "geometry": {"type": "Point", "coordinates": [-105.5847247588, 39.9449819233]}, "properties": {"species": "Boletus rubriceps", "date": "2025-07-13", "location": "Nederland, CO, US", "elevation": 2856.0, "num_identification_agreements": 1, "tavg": null, "tmin": 4.3, "tmax": 15.8, "day_of_year": 194, "uuid": "a708696d-db94-4514-aeb6-845debc32403", "inat_id": 300301148}}, {"type": "Feature", "geometry": {"type": "Point", "coordinates": [-105.6465616667, 40.3121533333]}, "properties": {"species": "Boletus rubriceps", "date": "2025-07-22", "location": "Bear Lake Loop Trail, Estes Park, CO, US", "elevation": 2915.0, "num_identification_agreements": 1, "tavg": null, "tmin": 7.2, "tmax": 25.1, "day_of_year": 203, "uuid": "f88b9488-ab5b-466d-b908-0257ad03d82e", "inat_id": 300290622}}, {"type": "Feature", "geometry": {"type": "Point", "coordinates": [-105.6493533333, 40.3091966667]}, "properties": {"species": "Boletus rubriceps", "date": "2025-07-22", "location": "Bear Lake-Dream/Haiyaha Junction Trail, Estes Park, CO, US", "elevation": 2968.0, "num_identification_agreements": 1, "tavg": null, "tmin": 7.2, "tmax": 25.1, "day_of_year": 203, "uuid": "5b949402-778e-49fd-ad3e-30d29cbb18b9", "inat_id": 300206649}}, {"type": "Feature", "geometry": {"type": "Point", "coordinates": [-104.9858066332, 38.8962051422]}, "properties": {"species": "Boletus rubriceps", "date": "2025-07-04", "location": "El Paso County, US-CO, US", "elevation": 2552.0, "num_identification_agreements": 1, "tavg": null, "tmin": 16.0, "tmax": 28.1, "day_of_year": 185, "uuid": "b65c92d6-6900-47d7-9a84-4023b365f9b5", "inat_id": 298925144}}, {"type": "Feature", "geometry": {"type": "Point", "coordinates": [-105.6426227997, 40.3069417997]}, "properties": {"species": "Boletus rubriceps", "date": "2025-07-14", "location": "Estes Park, CO 80517, USA", "elevation": 2836.0, "num_identification_agreements": 1, "tavg": null, "tmin": 9.8, "tmax": 27.0, "day_of_year": 195, "uuid": "8bbb67ef-463b-44c6-af38-a36e137a4c33", "inat_id": 298057472}}, {"type": "Feature", "geometry": {"type": "Point", "coordinates": [-105.8002083333, 35.7987638889]}, "properties": {"species": "Boletus rubriceps", "date": "2025-07-08", "location": "Santa Fe County, NM, USA", "elevation": 3208.0, "num_identification_agreements": 2, "tavg": null, "tmin": 16.1, "tmax": 34.4, "day_of_year": 189, "uuid": "2983a51d-eafd-44c9-8761-47db6e2a8dd1", "inat_id": 298002244}}, {"type": "Feature", "geometry": {"type": "Point", "coordinates": [-105.5188445995, 39.9671335988]}, "properties": {"species": "Boletus rubriceps", "date": "2025-07-11", "location": "Sundance Cir, Nederland, CO, US", "elevation": 2591.0, "num_identification_agreements": 1, "tavg": null, "tmin": 14.0, "tmax": 29.0, "day_of_year": 192, "uuid": "c47fcca6-5811-4b5e-95c3-9788e5cd421a", "inat_id": 297089997}}, {"type": "Feature", "geometry": {"type": "Point", "coordinates": [-103.56744585, 43.80562399]}, "properties": {"species": "Boletus rubriceps", "date": "2025-07-11", "location": "Crazy Horse, SD 57730, USA", "elevation": 1689.0, "num_identification_agreements": 1, "tavg": null, "tmin": 7.8, "tmax": 19.4, "day_of_year": 192, "uuid": "9a10b239-aad3-484e-8a3e-0d865db1444d", "inat_id": 297066521}}, {"type": "Feature", "geometry": {"type": "Point", "coordinates": [-104.6906498761, 38.9916310637]}, "properties": {"species": "Boletus rubriceps", "date": "2025-07-07", "location": "McFerran Rd, Colorado Springs, CO, US", "elevation": 2224.0, "num_identification_agreements": 1, "tavg": null, "tmin": 11.0, "tmax": 28.6, "day_of_year": 188, "uuid": "48738ee9-17fc-4d9d-ac50-d53bf8ab5891", "inat_id": 296795307}}, {"type": "Feature", "geometry": {"type": "Point", "coordinates": [-105.3837133333, 39.5685116667]}, "properties": {"species": "Boletus rubriceps", "date": "2025-07-09", "location": "Cub Creek Trail, Evergreen, CO, US", "elevation": 2576.0, "num_identification_agreements": 1, "tavg": null, "tmin": 3.3, "tmax": 17.9, "day_of_year": 190, "uuid": "f63a5d91-c800-4233-882c-046df48629df", "inat_id": 296581711}}, {"type": "Feature", "geometry": {"type": "Point", "coordinates": [-105.4733716667, 40.4803966667]}, "properties": {"species": "Boletus rubriceps", "date": "2025-07-04", "location": "North Fork Trail, Glen Haven, CO, US", "elevation": 2437.0, "num_identification_agreements": 1, "tavg": null, "tmin": 20.0, "tmax": 32.2, "day_of_year": 185, "uuid": "37e08248-cee9-49ff-90db-538a3b06cfe9", "inat_id": 295377763}}, {"type": "Feature", "geometry": {"type": "Point", "coordinates": [-105.5194091797, 39.9581565857]}, "properties": {"species": "Boletus rubriceps", "date": "2025-07-04", "location": "Nederland", "elevation": 2572.0, "num_identification_agreements": 1, "tavg": null, "tmin": 20.0, "tmax": 31.0, "day_of_year": 185, "uuid": "c769a71a-c190-4201-ba01-2706b920b382", "inat_id": 295223182}}, {"type": "Feature", "geometry": {"type": "Point", "coordinates": [-105.0417098999, 37.9838943481]}, "properties": {"species": "Boletus rubriceps", "date": "2025-06-28", "location": "Rye", "elevation": 2586.0, "num_identification_agreements": 1, "tavg": null, "tmin": 15.0, "tmax": 33.0, "day_of_year": 179, "uuid": "ac7c1854-1f97-4666-a6ac-bcc44d867774", "inat_id": 293568053}}, {"type": "Feature", "geometry": {"type": "Point", "coordinates": [-103.5380861997, 43.8545913997]}, "properties": {"species": "Boletus rubriceps", "date": "2025-06-25", "location": "Crazy Horse, SD 57730, USA", "elevation": 1956.0, "num_identification_agreements": 1, "tavg": null, "tmin": 10.0, "tmax": 22.2, "day_of_year": 176, "uuid": "7ec9efa9-1962-4887-9f17-5549fa65c4d0", "inat_id": 293231746}}, {"type": "Feature", "geometry": {"type": "Point", "coordinates": [-103.5550628997, 43.8429974]}, "properties": {"species": "Boletus rubriceps", "date": "2025-06-25", "location": "Crazy Horse, SD 57730, USA", "elevation": 1915.0, "num_identification_agreements": 1, "tavg": null, "tmin": 10.0, "tmax": 22.2, "day_of_year": 176, "uuid": "5bcfa50a-02a6-4f2c-bf31-0ef2baad15be", "inat_id": 293229785}}, {"type": "Feature", "geometry": {"type": "Point", "coordinates": [-103.5407871535, 43.8540630273]}, "properties": {"species": "Boletus rubriceps", "date": "2025-06-26", "location": "Custer County, SD, USA", "elevation": 2011.0, "num_identification_agreements": 1, "tavg": null, "tmin": 9.4, "tmax": 25.6, "day_of_year": 177, "uuid": "e9ef2d6b-9e13-4e65-a116-fc115452305b", "inat_id": 293051469}}, {"type": "Feature", "geometry": {"type": "Point", "coordinates": [-105.445275, 39.6736416667]}, "properties": {"species": "Boletus rubriceps", "date": "2025-06-26", "location": "Clear Creek County, US-CO, US", "elevation": 2813.0, "num_identification_agreements": 1, "tavg": null, "tmin": -0.2, "tmax": 12.9, "day_of_year": 177, "uuid": "d3be1dea-ab5c-46d9-a948-1b5f1c5b6481", "inat_id": 292937035}}, {"type": "Feature", "geometry": {"type": "Point", "coordinates": [-103.53740313, 43.84945998]}, "properties": {"species": "Boletus rubriceps", "date": "2025-06-26", "location": "Crazy Horse, SD 57730, USA", "elevation": 2006.0, "num_identification_agreements": 1, "tavg": null, "tmin": 9.4, "tmax": 25.6, "day_of_year": 177, "uuid": "db56aa16-8226-4471-b6dc-fee9f669dc94", "inat_id": 292891341}}, {"type": "Feature", "geometry": {"type": "Point", "coordinates": [-107.6645058766, 37.8119403505]}, "properties": {"species": "Boletus rubriceps", "date": "2022-07-31", "location": "Silverton, CO 81433, USA", "elevation": 2841.0, "num_identification_agreements": 1, "tavg": null, "tmin": 11.0, "tmax": 22.0, "day_of_year": 212, "uuid": "d962ff3a-cb30-46cf-b553-2e8f04d6a1d1", "inat_id": 291820587}}, {"type": "Feature", "geometry": {"type": "Point", "coordinates": [-105.4504616931, 39.6817529886]}, "properties": {"species": "Boletus rubriceps", "date": "2025-06-19", "location": "Golden, CO 80439, USA", "elevation": 2713.0, "num_identification_agreements": 1, "tavg": null, "tmin": 1.6, "tmax": 16.3, "day_of_year": 170, "uuid": "1c35582d-3d7a-4ca6-aeff-37cb9f33c779", "inat_id": 291210116}}, {"type": "Feature", "geometry": {"type": "Point", "coordinates": [-105.3512896971, 39.8578026938]}, "properties": {"species": "Boletus rubriceps", "date": "2025-06-19", "location": "Jefferson County, US-CO, US", "elevation": 2348.0, "num_identification_agreements": 1, "tavg": null, "tmin": 15.0, "tmax": 36.0, "day_of_year": 170, "uuid": "3804a2f7-e36b-49ff-9da4-66e49a9ccb4a", "inat_id": 291058399}}, {"type": "Feature", "geometry": {"type": "Point", "coordinates": [-105.6587371511, 40.4138615448]}, "properties": {"species": "Boletus rubriceps", "date": "2025-06-17", "location": "Rocky Mountain, Rocky Mountain National Park, Rocky Mountain National Park, Larimer County, US-CO, US", "elevation": 2637.0, "num_identification_agreements": 1, "tavg": null, "tmin": 8.3, "tmax": 20.5, "day_of_year": 168, "uuid": "6b0aa507-25e4-46c7-b2b4-b6c067ab587a", "inat_id": 290792778}}, {"type": "Feature", "geometry": {"type": "Point", "coordinates": [-105.3514166667, 39.8577416667]}, "properties": {"species": "Boletus rubriceps", "date": "2025-06-15", "location": "Golden Gate Canyon State Park, Golden, CO, US", "elevation": 2348.0, "num_identification_agreements": 1, "tavg": null, "tmin": 15.0, "tmax": 31.0, "day_of_year": 166, "uuid": "ea0695a8-d96c-4a0a-9c43-dce708c896f6", "inat_id": 290021710}}, {"type": "Feature", "geometry": {"type": "Point", "coordinates": [-106.8846283333, 39.0368916667]}, "properties": {"species": "Boletus rubriceps", "date": "2024-07-13", "location": "Pitkin County, US-CO, US", "elevation": 3174.0, "num_identification_agreements": 1, "tavg": null, "tmin": 11.7, "tmax": 30.6, "day_of_year": 195, "uuid": "cfe0b02a-1e49-4365-8092-9350e59fd251", "inat_id": 289730924}}, {"type": "Feature", "geometry": {"type": "Point", "coordinates": [-104.9968942405, 38.0505426584]}, "properties": {"species": "Boletus rubriceps", "date": "2006-07-23", "location": "Pueblo County, CO, USA", "elevation": 2016.0, "num_identification_agreements": 1, "tavg": null, "tmin": null, "tmax": null, "day_of_year": 204, "uuid": "03c5d230-95bb-46ee-952f-134556736df0", "inat_id": 285743818}}, {"type": "Feature", "geometry": {"type": "Point", "coordinates": [-105.412306129, 40.1665552118]}, "properties": {"species": "Boletus rubriceps", "date": "2022-08-11", "location": "Colorado, US", "elevation": 2324.0, "num_identification_agreements": 1, "tavg": null, "tmin": 17.4, "tmax": 36.5, "day_of_year": 223, "uuid": "408ea5cf-2155-4f6d-8086-81cc5cc92cae", "inat_id": 283313403}}, {"type": "Feature", "geometry": {"type": "Point", "coordinates": [-105.5949234661, 40.0775409341]}, "properties": {"species": "Boletus rubriceps", "date": "2022-08-11", "location": "Colorado, US", "elevation": 3348.0, "num_identification_agreements": 1, "tavg": null, "tmin": 9.0, "tmax": 29.0, "day_of_year": 223, "uuid": "72454ab6-4d5b-4590-a050-abc4d7c5bc62", "inat_id": 283313392}}, {"type": "Feature", "geometry": {"type": "Point", "coordinates": [-105.4632480036, 40.0030646438]}, "properties": {"species": "Boletus rubriceps", "date": "2022-08-11", "location": "Colorado, US", "elevation": 2498.0, "num_identification_agreements": 1, "tavg": null, "tmin": 17.0, "tmax": 35.0, "day_of_year": 223, "uuid": "6be9eaa5-6091-4bf0-b673-4dbb22faafdc", "inat_id": 283313294}}, {"type": "Feature", "geometry": {"type": "Point", "coordinates": [-106.8162085329, 37.4828643122]}, "properties": {"species": "Boletus rubriceps", "date": "2024-08-13", "location": "San Juan National Forest - Headquarters, Creede, CO, US", "elevation": 3290.0, "num_identification_agreements": 1, "tavg": null, "tmin": 5.0, "tmax": 12.0, "day_of_year": 226, "uuid": "18afcaf5-8ad5-4b37-a92b-57ac3f00ef03", "inat_id": 269388764}}, {"type": "Feature", "geometry": {"type": "Point", "coordinates": [-105.571975, 39.512325]}, "properties": {"species": "Boletus rubriceps", "date": "2024-08-17", "location": "Rosalle Trail, Bailey, CO, US", "elevation": 2881.0, "num_identification_agreements": 1, "tavg": null, "tmin": 2.2, "tmax": 17.0, "day_of_year": 230, "uuid": "7c97691e-e34e-4441-9b0c-8e1a910d0f54", "inat_id": 269248770}}, {"type": "Feature", "geometry": {"type": "Point", "coordinates": [-107.9459083333, 39.0294695]}, "properties": {"species": "Boletus rubriceps", "date": "2024-07-17", "location": "Grand Mesa Uncompahgre and Gunnison National Forests, Cedaredge, CO, US", "elevation": 3040.0, "num_identification_agreements": 1, "tavg": null, "tmin": 16.6, "tmax": 34.8, "day_of_year": 199, "uuid": "88454e88-73a1-4416-9591-fe6fa6b1b149", "inat_id": 267421092}}, {"type": "Feature", "geometry": {"type": "Point", "coordinates": [-107.9453883333, 37.8005033333]}, "properties": {"species": "Boletus rubriceps", "date": "2024-07-20", "location": "San Juan National Forest - Headquarters, Dolores, CO, US", "elevation": 3181.0, "num_identification_agreements": 1, "tavg": null, "tmin": 14.0, "tmax": 21.0, "day_of_year": 202, "uuid": "5afdd619-578b-4406-bea1-edf761a97af0", "inat_id": 267288762}}, {"type": "Feature", "geometry": {"type": "Point", "coordinates": [-106.7811583333, 39.2998716667]}, "properties": {"species": "Boletus rubriceps", "date": "2024-07-26", "location": "White River National Forest, Aspen, CO, US", "elevation": 3307.0, "num_identification_agreements": 1, "tavg": null, "tmin": 13.9, "tmax": 23.9, "day_of_year": 208, "uuid": "132f2966-092b-4fab-bb02-46a9cea1c1cf", "inat_id": 267166224}}, {"type": "Feature", "geometry": {"type": "Point", "coordinates": [-107.22362, 37.5014633333]}, "properties": {"species": "Boletus rubriceps", "date": "2024-09-14", "location": "San Juan National Forest - Headquarters, Pagosa Springs, CO, US", "elevation": 2497.0, "num_identification_agreements": 1, "tavg": null, "tmin": 5.0, "tmax": 26.0, "day_of_year": 258, "uuid": "43cdfbdd-8e2f-4d70-bd08-0919466c253b", "inat_id": 263024613}}, {"type": "Feature", "geometry": {"type": "Point", "coordinates": [-104.9886326219, 38.7355663278]}, "properties": {"species": "Boletus rubriceps", "date": "2024-07-10", "location": "Teller County, US-CO, US", "elevation": 3070.0, "num_identification_agreements": 2, "tavg": null, "tmin": 19.0, "tmax": 30.0, "day_of_year": 192, "uuid": "1f2faee6-808c-4a41-a06b-a2a3536bb034", "inat_id": 260748937}}, {"type": "Feature", "geometry": {"type": "Point", "coordinates": [-106.4442366667, 39.4748783333]}, "properties": {"species": "Boletus rubriceps", "date": "2019-08-03", "location": "White River National Forest, Red Cliff, CO, US", "elevation": 3525.0, "num_identification_agreements": 2, "tavg": null, "tmin": 6.7, "tmax": 23.3, "day_of_year": 215, "uuid": "6c57f90d-f1fd-4797-bff3-d568b4b418ce", "inat_id": 255660429}}, {"type": "Feature", "geometry": {"type": "Point", "coordinates": [-106.44252, 39.4720416667]}, "properties": {"species": "Boletus rubriceps", "date": "2019-08-03", "location": "White River National Forest, Red Cliff, CO, US", "elevation": 3459.0, "num_identification_agreements": 4, "tavg": null, "tmin": 6.7, "tmax": 23.3, "day_of_year": 215, "uuid": "7dffb674-3b0e-4229-8b3f-3c6aa245e6cd", "inat_id": 255660203}}, {"type": "Feature", "geometry": {"type": "Point", "coordinates": [-106.43463, 39.4911116667]}, "properties": {"species": "Boletus rubriceps", "date": "2019-08-03", "location": "White River National Forest, Red Cliff, CO, US", "elevation": 3249.0, "num_identification_agreements": 2, "tavg": null, "tmin": 6.7, "tmax": 23.3, "day_of_year": 215, "uuid": "432ba8a6-1338-4d99-bc65-947ae7740d45", "inat_id": 255477676}}, {"type": "Feature", "geometry": {"type": "Point", "coordinates": [-105.8493548, 40.4129886997]}, "properties": {"species": "Boletus rubriceps", "date": "2024-09-05", "location": "Estes Park, CO 80517, USA", "elevation": 2778.0, "num_identification_agreements": 1, "tavg": null, "tmin": 3.5, "tmax": 18.0, "day_of_year": 249, "uuid": "b8093dbe-9f53-4f8f-acfc-a68fc26845f5", "inat_id": 253599125}}, {"type": "Feature", "geometry": {"type": "Point", "coordinates": [-105.8491811156, 40.411151058]}, "properties": {"species": "Boletus rubriceps", "date": "2024-09-05", "location": "Grand Lake, CO 80447, USA", "elevation": 2782.0, "num_identification_agreements": 1, "tavg": null, "tmin": 3.5, "tmax": 18.0, "day_of_year": 249, "uuid": "67ae34cc-4514-4c6c-8596-899b1df223d6", "inat_id": 253598306}}, {"type": "Feature", "geometry": {"type": "Point", "coordinates": [-107.82877314, 37.8553777606]}, "properties": {"species": "Boletus rubriceps", "date": "2022-08-19", "location": "Ophir, CO 81426, USA", "elevation": 2973.0, "num_identification_agreements": 1, "tavg": null, "tmin": 10.0, "tmax": 17.0, "day_of_year": 231, "uuid": "e6554f88-2206-4f74-b275-faac4ab16038", "inat_id": 248211353}}, {"type": "Feature", "geometry": {"type": "Point", "coordinates": [-107.5361466667, 37.4010383333]}, "properties": {"species": "Boletus rubriceps", "date": "2024-07-19", "location": "Vallecito Reservoir, Bayfield, CO, US", "elevation": 2336.0, "num_identification_agreements": 1, "tavg": null, "tmin": 11.7, "tmax": 31.1, "day_of_year": 201, "uuid": "65ec0901-6183-4116-a7ae-544a5c6d5651", "inat_id": 247039161}}, {"type": "Feature", "geometry": {"type": "Point", "coordinates": [-105.4572459722, 39.6808019722]}, "properties": {"species": "Boletus rubriceps", "date": "2024-09-17", "location": "Clear Creek County, US-CO, US", "elevation": 2760.0, "num_identification_agreements": 1, "tavg": null, "tmin": -1.8, "tmax": 10.0, "day_of_year": 261, "uuid": "24b8a206-2d91-4c66-88a6-0fe1ffa2171e", "inat_id": 244431048}}, {"type": "Feature", "geometry": {"type": "Point", "coordinates": [-107.219276747, 39.8232961136]}, "properties": {"species": "Boletus rubriceps", "date": "2024-09-11", "location": "Colorado, US", "elevation": 2594.0, "num_identification_agreements": 3, "tavg": null, "tmin": 7.8, "tmax": 25.0, "day_of_year": 255, "uuid": "1a4d0adc-418a-4dab-9aee-cfaca2bfdf01", "inat_id": 244429264}}, {"type": "Feature", "geometry": {"type": "Point", "coordinates": [-107.3511898524, 39.9546462304]}, "properties": {"species": "Boletus rubriceps", "date": "2024-09-11", "location": "Colorado, US", "elevation": 3449.0, "num_identification_agreements": 2, "tavg": null, "tmin": 7.2, "tmax": 25.6, "day_of_year": 255, "uuid": "b2213ed4-f8f7-4b36-9ab2-1fd038820e89", "inat_id": 244428862}}, {"type": "Feature", "geometry": {"type": "Point", "coordinates": [-107.2268766972, 40.1219907687]}, "properties": {"species": "Boletus rubriceps", "date": "2024-09-10", "location": "Colorado, US", "elevation": 2775.0, "num_identification_agreements": 2, "tavg": null, "tmin": 9.4, "tmax": 26.1, "day_of_year": 254, "uuid": "696f8632-5866-4a05-9fcb-3caf6af1c338", "inat_id": 244428474}}, {"type": "Feature", "geometry": {"type": "Point", "coordinates": [-105.557, 35.9263916667]}, "properties": {"species": "Boletus rubriceps", "date": "2021-08-08", "location": "Santa Fe National Forest, Cleveland, NM, US", "elevation": 3299.0, "num_identification_agreements": 2, "tavg": null, "tmin": 9.4, "tmax": 28.9, "day_of_year": 220, "uuid": "7c128800-8173-4d7a-8c87-23b6a96f97c1", "inat_id": 244006279}}, {"type": "Feature", "geometry": {"type": "Point", "coordinates": [-106.39283, 35.9234116667]}, "properties": {"species": "Boletus rubriceps", "date": "2021-07-19", "location": "Santa Fe National Forest, Los Alamos, NM, US", "elevation": 2907.0, "num_identification_agreements": 2, "tavg": null, "tmin": 17.1, "tmax": 29.6, "day_of_year": 200, "uuid": "3d894a7d-dd06-43e8-bde8-b60cb62bbda6", "inat_id": 243914112}}, {"type": "Feature", "geometry": {"type": "Point", "coordinates": [-105.9553536119, 35.7332454532]}, "properties": {"species": "Boletus rubriceps", "date": "2024-07-06", "location": "New Mexico, US", "elevation": 2195.0, "num_identification_agreements": 1, "tavg": null, "tmin": 16.1, "tmax": 31.7, "day_of_year": 188, "uuid": "16c574d0-52c2-412c-914c-920ffe6f8ef5", "inat_id": 243502676}}, {"type": "Feature", "geometry": {"type": "Point", "coordinates": [-105.592747357, 40.1300838432]}, "properties": {"species": "Boletus rubriceps", "date": "2024-09-14", "location": "Colorado, US", "elevation": 3043.0, "num_identification_agreements": 2, "tavg": null, "tmin": 0.2, "tmax": 21.9, "day_of_year": 258, "uuid": "7c45c4f0-d4a9-4954-bee4-a6a8df7ad442", "inat_id": 242608782}}, {"type": "Feature", "geometry": {"type": "Point", "coordinates": [-105.6212155792, 40.4605539827]}, "properties": {"species": "Boletus rubriceps", "date": "2024-09-15", "location": "Rocky Mountain National Park, Estes Park, CO, US", "elevation": 3304.0, "num_identification_agreements": 1, "tavg": null, "tmin": 0.3, "tmax": 22.2, "day_of_year": 259, "uuid": "68630868-411a-4530-9d65-efed1e899830", "inat_id": 242135755}}, {"type": "Feature", "geometry": {"type": "Point", "coordinates": [-105.5656018853, 39.949400511]}, "properties": {"species": "Boletus rubriceps", "date": "2024-09-15", "location": "Boulder County, US-CO, US", "elevation": 2640.0, "num_identification_agreements": 2, "tavg": null, "tmin": -1.6, "tmax": 11.6, "day_of_year": 259, "uuid": "c5db8a9b-3b45-4d20-bbc4-c79ab0483446", "inat_id": 242120962}}, {"type": "Feature", "geometry": {"type": "Point", "coordinates": [-105.64087, 35.9104366667]}, "properties": {"species": "Boletus rubriceps", "date": "2024-09-07", "location": "Santa Fe National Forest, Cleveland, NM, US", "elevation": 3455.0, "num_identification_agreements": 1, "tavg": null, "tmin": null, "tmax": null, "day_of_year": 251, "uuid": "cd0a14ae-4d9a-44ce-81b9-41df747d39cf", "inat_id": 242032239}}, {"type": "Feature", "geometry": {"type": "Point", "coordinates": [-107.1070416667, 38.8839716667]}, "properties": {"species": "Boletus rubriceps", "date": "2024-09-14", "location": "Grand Mesa Uncompahgre and Gunnison National Forests, Somerset, CO, US", "elevation": 3164.0, "num_identification_agreements": 2, "tavg": null, "tmin": -0.6, "tmax": 25.6, "day_of_year": 258, "uuid": "9a8e8ced-9c6a-47c1-8b9c-3a86f19726f5", "inat_id": 241844555}}, {"type": "Feature", "geometry": {"type": "Point", "coordinates": [-105.0721583333, 39.222795]}, "properties": {"species": "Boletus rubriceps", "date": "2024-09-05", "location": "Pike and San Isabel National Forests, Sedalia, CO, US", "elevation": 2704.0, "num_identification_agreements": 2, "tavg": null, "tmin": 10.5, "tmax": 19.4, "day_of_year": 249, "uuid": "69618bf9-2bfc-4d98-bdba-93d893c163a2", "inat_id": 241408846}}, {"type": "Feature", "geometry": {"type": "Point", "coordinates": [-105.6595879492, 39.9452655478]}, "properties": {"species": "Boletus rubriceps", "date": "2024-09-06", "location": "Colorado, US", "elevation": 3244.0, "num_identification_agreements": 3, "tavg": null, "tmin": -3.6, "tmax": 13.4, "day_of_year": 250, "uuid": "73904102-3eb7-47ce-9b1c-935ba2e76d54", "inat_id": 241239765}}, {"type": "Feature", "geometry": {"type": "Point", "coordinates": [-105.7913502084, 39.9759245008]}, "properties": {"species": "Boletus rubriceps", "date": "2024-09-06", "location": "Colorado, US", "elevation": 2583.0, "num_identification_agreements": 2, "tavg": null, "tmin": 0.5, "tmax": 22.0, "day_of_year": 250, "uuid": "6ab0efda-127d-44bc-b469-b07c15e8e29a", "inat_id": 241239269}}, {"type": "Feature", "geometry": {"type": "Point", "coordinates": [-107.8236583072, 37.5916955979]}, "properties": {"species": "Boletus rubriceps", "date": "2024-09-10", "location": "San Juan National Forest - Headquarters, Durango, CO, US", "elevation": 2685.0, "num_identification_agreements": 1, "tavg": null, "tmin": 7.0, "tmax": 20.0, "day_of_year": 254, "uuid": "4665ac0a-00f7-4b34-9652-1159cb5339a3", "inat_id": 241028742}}, {"type": "Feature", "geometry": {"type": "Point", "coordinates": [-105.8006222222, 35.7987277778]}, "properties": {"species": "Boletus rubriceps", "date": "2024-09-03", "location": "Santa Fe County, NM, USA", "elevation": 3208.0, "num_identification_agreements": 1, "tavg": null, "tmin": 9.4, "tmax": 29.4, "day_of_year": 247, "uuid": "ffc181f2-ec56-4833-a10f-abf430b37cc3", "inat_id": 240999793}}, {"type": "Feature", "geometry": {"type": "Point", "coordinates": [-107.7389183333, 37.8569483333]}, "properties": {"species": "Boletus rubriceps", "date": "2024-09-08", "location": "San Juan County, US-CO, US", "elevation": 3602.0, "num_identification_agreements": 1, "tavg": null, "tmin": 10.0, "tmax": 20.0, "day_of_year": 252, "uuid": "b94d6ab9-cf1c-4a38-b5af-ef897c5914ad", "inat_id": 240667137}}, {"type": "Feature", "geometry": {"type": "Point", "coordinates": [-107.738845, 37.8567516667]}, "properties": {"species": "Boletus rubriceps", "date": "2024-09-08", "location": "San Juan County, US-CO, US", "elevation": 3602.0, "num_identification_agreements": 2, "tavg": null, "tmin": 10.0, "tmax": 20.0, "day_of_year": 252, "uuid": "c429b172-f930-46df-aaf4-4816dfed475b", "inat_id": 240666984}}, {"type": "Feature", "geometry": {"type": "Point", "coordinates": [-105.3765875988, 39.5627880532]}, "properties": {"species": "Boletus rubriceps", "date": "2024-09-08", "location": "Jefferson County, US-CO, US", "elevation": 2578.0, "num_identification_agreements": 3, "tavg": null, "tmin": -1.0, "tmax": 12.6, "day_of_year": 252, "uuid": "1429a9b0-4f4a-42f2-a990-83520b737d09", "inat_id": 240625978}}, {"type": "Feature", "geometry": {"type": "Point", "coordinates": [-105.0365627567, 39.0376455319]}, "properties": {"species": "Boletus rubriceps", "date": "2024-09-07", "location": "Colorado, US", "elevation": 2694.0, "num_identification_agreements": 1, "tavg": null, "tmin": 8.4, "tmax": 26.9, "day_of_year": 251, "uuid": "3a36a388-00c9-4804-90e1-3e973f42c57a", "inat_id": 240489499}}, {"type": "Feature", "geometry": {"type": "Point", "coordinates": [-107.9369958527, 37.7856002405]}, "properties": {"species": "Boletus rubriceps", "date": "2024-09-05", "location": "San Juan National Forest - Headquarters, Rico, CO, US", "elevation": 3137.0, "num_identification_agreements": 1, "tavg": null, "tmin": 10.0, "tmax": 20.0, "day_of_year": 249, "uuid": "293ad72b-5f68-4028-b7bd-875cdbfd9452", "inat_id": 240449346}}, {"type": "Feature", "geometry": {"type": "Point", "coordinates": [-107.9463889815, 37.8014417121]}, "properties": {"species": "Boletus rubriceps", "date": "2024-09-05", "location": "San Juan National Forest - Headquarters, Dolores, CO, US", "elevation": 3225.0, "num_identification_agreements": 2, "tavg": null, "tmin": 10.0, "tmax": 20.0, "day_of_year": 249, "uuid": "ed28bc57-65a2-4b67-9777-17d3a3cd8ace", "inat_id": 240447760}}, {"type": "Feature", "geometry": {"type": "Point", "coordinates": [-105.1994172466, 39.1791709875]}, "properties": {"species": "Boletus rubriceps", "date": "2024-09-04", "location": "Colorado, US", "elevation": 2685.0, "num_identification_agreements": 2, "tavg": null, "tmin": 4.6, "tmax": 18.2, "day_of_year": 248, "uuid": "ba11305a-0bfe-4419-a25e-a59ce18aa6d2", "inat_id": 239909337}}, {"type": "Feature", "geometry": {"type": "Point", "coordinates": [-107.9224866667, 37.7995916667]}, "properties": {"species": "Boletus rubriceps", "date": "2024-09-02", "location": "San Juan National Forest - Headquarters, Rico, CO, US", "elevation": 3138.0, "num_identification_agreements": 3, "tavg": null, "tmin": 12.0, "tmax": 22.0, "day_of_year": 246, "uuid": "0cef275b-954b-42d6-8632-8fbf906df6af", "inat_id": 239840953}}, {"type": "Feature", "geometry": {"type": "Point", "coordinates": [-107.932406393, 37.7840703201]}, "properties": {"species": "Boletus rubriceps", "date": "2024-06-28", "location": "San Juan National Forest - Headquarters, Rico, CO, US", "elevation": 3194.0, "num_identification_agreements": 2, "tavg": null, "tmin": 8.0, "tmax": 22.0, "day_of_year": 180, "uuid": "6708d68a-a861-44b7-a971-6b78e8ea5705", "inat_id": 239837357}}, {"type": "Feature", "geometry": {"type": "Point", "coordinates": [-107.940654, 37.797433]}, "properties": {"species": "Boletus rubriceps", "date": "2024-07-19", "location": "San Juan National Forest - Headquarters, Dolores, CO, US", "elevation": 3082.0, "num_identification_agreements": 2, "tavg": null, "tmin": 11.0, "tmax": 23.0, "day_of_year": 201, "uuid": "c7a14879-5755-4130-a2b3-5dfcc8b804e8", "inat_id": 239811236}}, {"type": "Feature", "geometry": {"type": "Point", "coordinates": [-107.9311886908, 37.8010480659]}, "properties": {"species": "Boletus rubriceps", "date": "2024-09-01", "location": "San Juan National Forest - Headquarters, Dolores, CO, US", "elevation": 3122.0, "num_identification_agreements": 1, "tavg": null, "tmin": 11.0, "tmax": 22.0, "day_of_year": 245, "uuid": "126c9361-c6fb-4273-a1e2-71845d46a68a", "inat_id": 239810227}}, {"type": "Feature", "geometry": {"type": "Point", "coordinates": [-106.3990178704, 39.3892862297]}, "properties": {"species": "Boletus rubriceps", "date": "2024-09-02", "location": "Leadville, CO 80461, USA", "elevation": 3598.0, "num_identification_agreements": 2, "tavg": null, "tmin": 0.0, "tmax": 21.7, "day_of_year": 246, "uuid": "b42b878c-f760-45ba-8fe6-81f39ad8dc39", "inat_id": 239537728}}, {"type": "Feature", "geometry": {"type": "Point", "coordinates": [-105.0513916016, 38.8617553711]}, "properties": {"species": "Boletus rubriceps", "date": "2024-09-02", "location": "Manitou Springs", "elevation": 3458.0, "num_identification_agreements": 1, "tavg": null, "tmin": 6.2, "tmax": 28.5, "day_of_year": 246, "uuid": "cbf6cfb6-e72e-4cf9-80a1-c7e8b9a11775", "inat_id": 239419186}}, {"type": "Feature", "geometry": {"type": "Point", "coordinates": [-105.6759033333, 39.5552616667]}, "properties": {"species": "Boletus rubriceps", "date": "2024-08-25", "location": "Park County, CO, USA", "elevation": 3322.0, "num_identification_agreements": 2, "tavg": null, "tmin": 1.5, "tmax": 12.8, "day_of_year": 238, "uuid": "f01adf46-4cb8-4ceb-9290-1ed45534b118", "inat_id": 239194953}}, {"type": "Feature", "geometry": {"type": "Point", "coordinates": [-107.9829921865, 37.7399445701]}, "properties": {"species": "Boletus rubriceps", "date": "2024-08-31", "location": "Colorado, US", "elevation": 3204.0, "num_identification_agreements": 1, "tavg": null, "tmin": 8.0, "tmax": 22.0, "day_of_year": 244, "uuid": "b6d27c03-4d6b-4e97-8f2a-81bf2bc6d1a4", "inat_id": 239101128}}, {"type": "Feature", "geometry": {"type": "Point", "coordinates": [-106.6420444444, 39.3406361111]}, "properties": {"species": "Boletus rubriceps", "date": "2024-08-31", "location": "Meredith, CO 81642, USA", "elevation": 2665.0, "num_identification_agreements": 1, "tavg": null, "tmin": 6.1, "tmax": 26.1, "day_of_year": 244, "uuid": "9dc08a1f-76e5-456f-9221-fb3cbff4d343", "inat_id": 239061539}}, {"type": "Feature", "geometry": {"type": "Point", "coordinates": [-106.8149663654, 37.4203002149]}, "properties": {"species": "Boletus rubriceps", "date": "2024-08-30", "location": "Colorado, US", "elevation": 2751.0, "num_identification_agreements": 1, "tavg": null, "tmin": 4.0, "tmax": 14.0, "day_of_year": 243, "uuid": "92c3d51b-6e79-41c2-80e9-566d4077b209", "inat_id": 238884337}}, {"type": "Feature", "geometry": {"type": "Point", "coordinates": [-104.7495174259, 37.8200496826]}, "properties": {"species": "Boletus rubriceps", "date": "2024-08-30", "location": "Reagan Rd, Rye, CO, US", "elevation": 1737.0, "num_identification_agreements": 1, "tavg": null, "tmin": null, "tmax": null, "day_of_year": 243, "uuid": "5c0ca15c-f20d-4607-984c-de9bb8527a73", "inat_id": 238869491}}, {"type": "Feature", "geometry": {"type": "Point", "coordinates": [-108.0726135154, 37.4701179688]}, "properties": {"species": "Boletus rubriceps", "date": "2024-07-13", "location": "Colorado, US", "elevation": 3429.0, "num_identification_agreements": 3, "tavg": null, "tmin": 10.0, "tmax": 32.8, "day_of_year": 195, "uuid": "bd8552bf-f264-444b-a137-a0e3ab5d87b1", "inat_id": 238844056}}, {"type": "Feature", "geometry": {"type": "Point", "coordinates": [-107.9452540337, 37.8015763283]}, "properties": {"species": "Boletus rubriceps", "date": "2024-08-29", "location": "San Juan National Forest - Headquarters, Dolores, CO, US", "elevation": 3181.0, "num_identification_agreements": 3, "tavg": null, "tmin": 9.0, "tmax": 21.0, "day_of_year": 242, "uuid": "ff555333-3aa8-44c3-b57d-d02660f3d9d5", "inat_id": 238760982}}, {"type": "Feature", "geometry": {"type": "Point", "coordinates": [-107.9437520043, 37.801178543]}, "properties": {"species": "Boletus rubriceps", "date": "2024-06-26", "location": "San Juan National Forest - Headquarters, Dolores, CO, US", "elevation": 3181.0, "num_identification_agreements": 3, "tavg": null, "tmin": 13.0, "tmax": 22.0, "day_of_year": 178, "uuid": "76e0d2ef-d023-4fe6-a3cf-cb8f7bc00a4d", "inat_id": 238760014}}, {"type": "Feature", "geometry": {"type": "Point", "coordinates": [-105.1310829997, 38.9719213037]}, "properties": {"species": "Boletus rubriceps", "date": "2024-08-25", "location": "Colorado, US", "elevation": 2783.0, "num_identification_agreements": 3, "tavg": null, "tmin": 18.7, "tmax": 30.7, "day_of_year": 238, "uuid": "66b8750c-8d55-4ac8-912a-7a06886aaec8", "inat_id": 238714799}}, {"type": "Feature", "geometry": {"type": "Point", "coordinates": [-105.4106446628, 40.0330796649]}, "properties": {"species": "Boletus rubriceps", "date": "2024-08-25", "location": "Colorado, US", "elevation": 2292.0, "num_identification_agreements": 1, "tavg": null, "tmin": 15.0, "tmax": 31.0, "day_of_year": 238, "uuid": "53cbaf64-3021-4d2e-8916-1054fcb15247", "inat_id": 238492581}}, {"type": "Feature", "geometry": {"type": "Point", "coordinates": [-105.7550360997, 35.8042432]}, "properties": {"species": "Boletus rubriceps", "date": "2024-08-11", "location": "San Ildefonso Pueblo, NM 87506, USA", "elevation": 3538.0, "num_identification_agreements": 2, "tavg": null, "tmin": 18.9, "tmax": 31.1, "day_of_year": 224, "uuid": "4831fe3f-6674-47ed-bf29-839d22b8ca3a", "inat_id": 238422101}}, {"type": "Feature", "geometry": {"type": "Point", "coordinates": [-105.80439823, 35.79618109]}, "properties": {"species": "Boletus rubriceps", "date": "2024-08-23", "location": "Ski Santa Fe, New Mexico 87506, USA", "elevation": 3198.0, "num_identification_agreements": 2, "tavg": null, "tmin": 15.6, "tmax": 32.8, "day_of_year": 236, "uuid": "7899b888-16f0-4169-8f55-ab5478081cff", "inat_id": 238186467}}, {"type": "Feature", "geometry": {"type": "Point", "coordinates": [-106.4564216667, 38.9713366667]}, "properties": {"species": "Boletus rubriceps", "date": "2024-08-24", "location": "Pike and San Isabel National Forests, Granite, CO, US", "elevation": 3213.0, "num_identification_agreements": 2, "tavg": null, "tmin": 4.5, "tmax": 18.4, "day_of_year": 237, "uuid": "e8954970-0a7a-43a6-9b9f-9579332ed037", "inat_id": 238098230}}, {"type": "Feature", "geometry": {"type": "Point", "coordinates": [-105.7924748768, 35.7995314047]}, "properties": {"species": "Boletus rubriceps", "date": "2024-08-25", "location": "Santa Fe National Forest, Tererro, NM, US", "elevation": 3435.0, "num_identification_agreements": 1, "tavg": null, "tmin": 14.4, "tmax": 27.8, "day_of_year": 238, "uuid": "974239b4-c093-4d61-99cb-151e3c0d566a", "inat_id": 237985005}}, {"type": "Feature", "geometry": {"type": "Point", "coordinates": [-105.544, 39.6096]}, "properties": {"species": "Boletus rubriceps", "date": "2024-08-24", "location": "Mount Evans Wilderness, Evergreen, CO, US", "elevation": 2795.0, "num_identification_agreements": 2, "tavg": null, "tmin": 2.9, "tmax": 14.4, "day_of_year": 237, "uuid": "7ef1ad82-6736-4902-8eed-5211927d48f7", "inat_id": 237967610}}, {"type": "Feature", "geometry": {"type": "Point", "coordinates": [-105.4941416667, 39.6793666667]}, "properties": {"species": "Boletus rubriceps", "date": "2024-08-25", "location": "Fire Tower Trail, Idaho Springs, CO, US", "elevation": 3486.0, "num_identification_agreements": 1, "tavg": null, "tmin": 1.5, "tmax": 12.8, "day_of_year": 238, "uuid": "337e2e4d-b2c6-43db-b48c-38e66e5f692d", "inat_id": 237962803}}, {"type": "Feature", "geometry": {"type": "Point", "coordinates": [-106.2565312162, 39.6585122332]}, "properties": {"species": "Boletus rubriceps", "date": "2024-08-23", "location": "Silverthorne, CO 80498, USA", "elevation": 3265.0, "num_identification_agreements": 2, "tavg": null, "tmin": 8.0, "tmax": 15.0, "day_of_year": 236, "uuid": "3881f945-54fb-499a-a2f8-4825c2708978", "inat_id": 237882068}}, {"type": "Feature", "geometry": {"type": "Point", "coordinates": [-106.259269, 39.6572699722]}, "properties": {"species": "Boletus rubriceps", "date": "2024-08-23", "location": "Silverthorne, CO 80498, USA", "elevation": 3225.0, "num_identification_agreements": 1, "tavg": null, "tmin": 8.0, "tmax": 15.0, "day_of_year": 236, "uuid": "c0b3f4ca-313a-42f7-8387-dc97fbfde0c7", "inat_id": 237791630}}, {"type": "Feature", "geometry": {"type": "Point", "coordinates": [-105.490527, 40.1039]}, "properties": {"species": "Boletus rubriceps", "date": "2024-08-24", "location": "Ward, CO 80481, USA", "elevation": 2721.0, "num_identification_agreements": 1, "tavg": null, "tmin": 16.0, "tmax": 30.0, "day_of_year": 237, "uuid": "da8bfc7a-9579-4dd8-88b5-424387e913c2", "inat_id": 237765059}}, {"type": "Feature", "geometry": {"type": "Point", "coordinates": [-105.5731416667, 40.0459445]}, "properties": {"species": "Boletus rubriceps", "date": "2024-08-21", "location": "Nederland, CO, US", "elevation": 3334.0, "num_identification_agreements": 3, "tavg": null, "tmin": 18.0, "tmax": 33.0, "day_of_year": 234, "uuid": "a29c242c-48f2-430a-94c3-fb89fbdce78d", "inat_id": 237283297}}, {"type": "Feature", "geometry": {"type": "Point", "coordinates": [-106.4908444444, 38.3168222222]}, "properties": {"species": "Boletus rubriceps", "date": "2024-07-20", "location": "Sargents, CO 81248, USA", "elevation": 3482.0, "num_identification_agreements": 2, "tavg": null, "tmin": 6.0, "tmax": 12.0, "day_of_year": 202, "uuid": "cd44f543-3e35-479a-8d5b-cff297606417", "inat_id": 237225806}}, {"type": "Feature", "geometry": {"type": "Point", "coordinates": [-104.8470279162, 38.6589977404]}, "properties": {"species": "Boletus rubriceps", "date": "2024-08-20", "location": "Colorado, US", "elevation": 2042.0, "num_identification_agreements": 2, "tavg": null, "tmin": 15.3, "tmax": 31.8, "day_of_year": 233, "uuid": "6461719e-a1e6-4331-88e6-547d306d4ee3", "inat_id": 237037646}}, {"type": "Feature", "geometry": {"type": "Point", "coordinates": [-106.75132, 37.389825]}, "properties": {"species": "Boletus rubriceps", "date": "2024-07-05", "location": "San Juan National Forest - Headquarters, Pagosa Springs, CO, US", "elevation": 2712.0, "num_identification_agreements": 3, "tavg": null, "tmin": 7.0, "tmax": 15.0, "day_of_year": 187, "uuid": "9dcca85f-0cff-485d-b39f-22663e112638", "inat_id": 237009867}}, {"type": "Feature", "geometry": {"type": "Point", "coordinates": [-105.0415449722, 38.93424]}, "properties": {"species": "Boletus rubriceps", "date": "2024-08-18", "location": "Woodland Park, CO 80863, USA", "elevation": 2706.0, "num_identification_agreements": 2, "tavg": null, "tmin": 18.0, "tmax": 31.3, "day_of_year": 231, "uuid": "fe724f75-2425-4904-8a66-81e7d975a264", "inat_id": 236862361}}, {"type": "Feature", "geometry": {"type": "Point", "coordinates": [-105.8099027778, 35.7935277778]}, "properties": {"species": "Boletus rubriceps", "date": "2024-08-10", "location": "Santa Fe County, NM, USA", "elevation": 3055.0, "num_identification_agreements": 1, "tavg": null, "tmin": 17.2, "tmax": 28.3, "day_of_year": 223, "uuid": "56408540-836b-48d0-a299-e5c1f0e530a5", "inat_id": 236851771}}, {"type": "Feature", "geometry": {"type": "Point", "coordinates": [-105.3804533954, 39.4941390507]}, "properties": {"species": "Boletus rubriceps", "date": "2024-08-18", "location": "Staunton State Park, Pine, CO, US", "elevation": 2506.0, "num_identification_agreements": 3, "tavg": null, "tmin": 18.9, "tmax": 32.8, "day_of_year": 231, "uuid": "ffdcdbb1-71ff-4dbd-a06a-7185d31dbd32", "inat_id": 236837455}}, {"type": "Feature", "geometry": {"type": "Point", "coordinates": [-105.9026866667, 40.486995]}, "properties": {"species": "Boletus rubriceps", "date": "2024-08-15", "location": "State Forest State Park, Walden, CO, US", "elevation": 3211.0, "num_identification_agreements": 2, "tavg": null, "tmin": 4.7, "tmax": 23.5, "day_of_year": 228, "uuid": "508ff915-5cf7-404d-997e-b0c13756b099", "inat_id": 236789766}}, {"type": "Feature", "geometry": {"type": "Point", "coordinates": [-106.79628431, 37.48433798]}, "properties": {"species": "Boletus rubriceps", "date": "2024-08-18", "location": "Mineral County, US-CO, US", "elevation": 3328.0, "num_identification_agreements": 4, "tavg": null, "tmin": 8.0, "tmax": 17.0, "day_of_year": 231, "uuid": "8eab711b-1b1f-49d8-a6d4-fc222c6d5098", "inat_id": 236673264}}, {"type": "Feature", "geometry": {"type": "Point", "coordinates": [-106.2960027778, 39.5709194444]}, "properties": {"species": "Boletus rubriceps", "date": "2024-08-17", "location": "Vail, CO 81657, USA", "elevation": 3566.0, "num_identification_agreements": 2, "tavg": null, "tmin": 12.0, "tmax": 20.0, "day_of_year": 230, "uuid": "ac33f101-bef4-4b75-816d-75e514032147", "inat_id": 236668627}}, {"type": "Feature", "geometry": {"type": "Point", "coordinates": [-105.0034118786, 38.0968881198]}, "properties": {"species": "Boletus rubriceps", "date": "2024-08-18", "location": "Colorado, US", "elevation": 2029.0, "num_identification_agreements": 1, "tavg": null, "tmin": 20.0, "tmax": 35.5, "day_of_year": 231, "uuid": "5a3e1dd2-2861-4528-8488-583cedec43ed", "inat_id": 236655860}}, {"type": "Feature", "geometry": {"type": "Point", "coordinates": [-105.1309493508, 37.9313738672]}, "properties": {"species": "Boletus rubriceps", "date": "2024-08-18", "location": "Colorado, US", "elevation": 3204.0, "num_identification_agreements": 2, "tavg": null, "tmin": 20.0, "tmax": 34.3, "day_of_year": 231, "uuid": "38be8704-eac7-4b31-a47e-118ea2bcf773", "inat_id": 236654713}}, {"type": "Feature", "geometry": {"type": "Point", "coordinates": [-106.3404345334, 39.4290081508]}, "properties": {"species": "Boletus rubriceps", "date": "2024-08-18", "location": "Colorado, US", "elevation": 3112.0, "num_identification_agreements": 1, "tavg": null, "tmin": 7.2, "tmax": 23.3, "day_of_year": 231, "uuid": "4a35d308-0b21-467f-ad42-f136bdea5445", "inat_id": 236644594}}, {"type": "Feature", "geometry": {"type": "Point", "coordinates": [-105.0408072997, 37.8976454]}, "properties": {"species": "Boletus rubriceps", "date": "2024-08-18", "location": "Huerfano County, CO, USA", "elevation": 3460.0, "num_identification_agreements": 2, "tavg": null, "tmin": 20.0, "tmax": 34.3, "day_of_year": 231, "uuid": "fa629d7a-38b0-4083-bf96-eba1f1137139", "inat_id": 236635467}}, {"type": "Feature", "geometry": {"type": "Point", "coordinates": [-105.6062653734, 40.072766417]}, "properties": {"species": "Boletus rubriceps", "date": "2024-08-17", "location": "Ward, CO, US", "elevation": 3308.0, "num_identification_agreements": 2, "tavg": null, "tmin": 4.2, "tmax": 26.6, "day_of_year": 230, "uuid": "031c7889-228e-451f-8474-630055463c38", "inat_id": 236439838}}, {"type": "Feature", "geometry": {"type": "Point", "coordinates": [-107.8537666667, 37.883475]}, "properties": {"species": "Boletus rubriceps", "date": "2024-08-17", "location": "Grand Mesa Uncompahgre and Gunnison National Forests, Ophir, CO, US", "elevation": 3382.0, "num_identification_agreements": 2, "tavg": null, "tmin": 12.0, "tmax": 23.0, "day_of_year": 230, "uuid": "ef3f4a92-fbcd-4154-8016-8433da833840", "inat_id": 236431543}}, {"type": "Feature", "geometry": {"type": "Point", "coordinates": [-105.7840883333, 35.8085466667]}, "properties": {"species": "Boletus rubriceps", "date": "2024-08-15", "location": "Santa Fe National Forest, Tererro, NM, US", "elevation": 3172.0, "num_identification_agreements": 1, "tavg": null, "tmin": 12.8, "tmax": 32.2, "day_of_year": 228, "uuid": "a307a0eb-7a57-4c0c-ac6f-05ec99bf3ce9", "inat_id": 236297547}}, {"type": "Feature", "geometry": {"type": "Point", "coordinates": [-106.6447883333, 39.439975]}, "properties": {"species": "Boletus rubriceps", "date": "2024-08-11", "location": "White River National Forest, Eagle, CO, US", "elevation": 3003.0, "num_identification_agreements": 1, "tavg": null, "tmin": 8.3, "tmax": 24.4, "day_of_year": 224, "uuid": "9fef1a7b-3b62-40ea-b38f-1c598d74b845", "inat_id": 236021606}}, {"type": "Feature", "geometry": {"type": "Point", "coordinates": [-105.4272299, 36.5545715]}, "properties": {"species": "Boletus rubriceps", "date": "2024-08-14", "location": "Taos Ski Valley, NM 87525, USA", "elevation": 3409.0, "num_identification_agreements": 2, "tavg": null, "tmin": 9.1, "tmax": 23.1, "day_of_year": 227, "uuid": "b41961eb-eea4-4d59-904c-992e7c6780d6", "inat_id": 235973632}}, {"type": "Feature", "geometry": {"type": "Point", "coordinates": [-105.925201, 39.4217429722]}, "properties": {"species": "Boletus rubriceps", "date": "2024-08-14", "location": "Park County, CO, USA", "elevation": 3315.0, "num_identification_agreements": 2, "tavg": null, "tmin": 6.1, "tmax": 18.9, "day_of_year": 227, "uuid": "ed8c40b7-ca16-4d2c-8666-eb5881f2f4f6", "inat_id": 235920857}}, {"type": "Feature", "geometry": {"type": "Point", "coordinates": [-106.8214693837, 36.0886609559]}, "properties": {"species": "Boletus rubriceps", "date": "2024-08-12", "location": "Rio Arriba County, NM, USA", "elevation": 3118.0, "num_identification_agreements": 1, "tavg": null, "tmin": null, "tmax": null, "day_of_year": 225, "uuid": "71238d20-ec54-4b5e-9707-f2d3df2c2b57", "inat_id": 235786168}}, {"type": "Feature", "geometry": {"type": "Point", "coordinates": [-105.7434913348, 39.5706750686]}, "properties": {"species": "Boletus rubriceps", "date": "2024-08-12", "location": "Pike and San Isabel National Forests, Idaho Springs, CO, US", "elevation": 3522.0, "num_identification_agreements": 3, "tavg": null, "tmin": 1.8, "tmax": 14.4, "day_of_year": 225, "uuid": "d467fa44-8ee9-45f4-80d3-5c3a044921ec", "inat_id": 235782433}}, {"type": "Feature", "geometry": {"type": "Point", "coordinates": [-106.5616383333, 35.874375]}, "properties": {"species": "Boletus rubriceps", "date": "2024-08-13", "location": "Valles Caldera National Preserve, Jemez Springs, NM, US", "elevation": 3379.0, "num_identification_agreements": 1, "tavg": null, "tmin": 15.7, "tmax": 27.9, "day_of_year": 226, "uuid": "bed8316d-27bf-4b61-aa00-ab03517ab3ff", "inat_id": 235622617}}, {"type": "Feature", "geometry": {"type": "Point", "coordinates": [-106.2696233882, 38.8082368357]}, "properties": {"species": "Boletus rubriceps", "date": "2024-08-12", "location": "Pike and San Isabel National Forests, Nathrop, CO, US", "elevation": 3033.0, "num_identification_agreements": 4, "tavg": null, "tmin": 5.9, "tmax": 17.9, "day_of_year": 225, "uuid": "c647c2a5-883c-47f8-8fa5-c347681d46d8", "inat_id": 235574915}}, {"type": "Feature", "geometry": {"type": "Point", "coordinates": [-105.5140039722, 39.6111459722]}, "properties": {"species": "Boletus rubriceps", "date": "2024-08-10", "location": "Evergreen, CO 80439, USA", "elevation": 2658.0, "num_identification_agreements": 2, "tavg": null, "tmin": 1.1, "tmax": 12.2, "day_of_year": 223, "uuid": "f1b88d58-0533-417f-8f3a-39e6009344d9", "inat_id": 235480555}}, {"type": "Feature", "geometry": {"type": "Point", "coordinates": [-107.824495, 38.0192721667]}, "properties": {"species": "Boletus rubriceps", "date": "2024-08-09", "location": "Grand Mesa Uncompahgre and Gunnison National Forests, Ridgway, CO, US", "elevation": 3178.0, "num_identification_agreements": 2, "tavg": null, "tmin": 11.0, "tmax": 20.0, "day_of_year": 222, "uuid": "193e4e95-6a9e-41d0-b32b-a595bd3f7bce", "inat_id": 235407747}}, {"type": "Feature", "geometry": {"type": "Point", "coordinates": [-107.825425, 38.0176278333]}, "properties": {"species": "Boletus rubriceps", "date": "2024-08-09", "location": "Grand Mesa Uncompahgre and Gunnison National Forests, Ouray, CO, US", "elevation": 3185.0, "num_identification_agreements": 2, "tavg": null, "tmin": 11.0, "tmax": 20.0, "day_of_year": 222, "uuid": "f4093000-6d83-45d5-9066-c5e2ebfb53f9", "inat_id": 235401082}}, {"type": "Feature", "geometry": {"type": "Point", "coordinates": [-105.6620416667, 40.2904083333]}, "properties": {"species": "Boletus rubriceps", "date": "2024-08-04", "location": "Rocky Mountain National Park, Estes Park, CO, US", "elevation": 3139.0, "num_identification_agreements": 1, "tavg": null, "tmin": 8.1, "tmax": 28.8, "day_of_year": 217, "uuid": "4dce7ebb-f9e1-40df-9437-4e660b6bf891", "inat_id": 235216735}}, {"type": "Feature", "geometry": {"type": "Point", "coordinates": [-106.6021416667, 38.7161]}, "properties": {"species": "Boletus rubriceps", "date": "2024-08-09", "location": "Grand Mesa Uncompahgre and Gunnison National Forests, Almont, CO, US", "elevation": 3256.0, "num_identification_agreements": 1, "tavg": null, "tmin": 7.8, "tmax": 17.3, "day_of_year": 222, "uuid": "ece07c72-8103-474f-9292-57d92bf5f334", "inat_id": 235018915}}, {"type": "Feature", "geometry": {"type": "Point", "coordinates": [-105.4214866667, 39.5199883333]}, "properties": {"species": "Boletus rubriceps", "date": "2024-08-10", "location": "Staunton State Park, Pine, CO, US", "elevation": 2729.0, "num_identification_agreements": 2, "tavg": null, "tmin": 1.1, "tmax": 12.2, "day_of_year": 223, "uuid": "5dd1c985-a813-4118-8c99-b09c440c36e1", "inat_id": 234968930}}, {"type": "Feature", "geometry": {"type": "Point", "coordinates": [-106.1999655435, 39.5503775013]}, "properties": {"species": "Boletus rubriceps", "date": "2024-08-09", "location": "Colorado, US", "elevation": 3694.0, "num_identification_agreements": 2, "tavg": null, "tmin": 7.0, "tmax": 15.0, "day_of_year": 222, "uuid": "87211915-3c6e-4485-ac82-59ad7d31442b", "inat_id": 234821603}}, {"type": "Feature", "geometry": {"type": "Point", "coordinates": [-106.492441502, 39.5553140693]}, "properties": {"species": "Boletus rubriceps", "date": "2024-07-22", "location": "White River National Forest, Edwards, CO, US", "elevation": 3294.0, "num_identification_agreements": 2, "tavg": null, "tmin": 7.0, "tmax": 18.0, "day_of_year": 204, "uuid": "385c2045-b860-4b08-9100-740925907436", "inat_id": 234329158}}, {"type": "Feature", "geometry": {"type": "Point", "coordinates": [-106.4572133333, 39.37362]}, "properties": {"species": "Boletus rubriceps", "date": "2024-07-26", "location": "White River National Forest, Basalt, CO, US", "elevation": 3053.0, "num_identification_agreements": 2, "tavg": null, "tmin": 9.4, "tmax": 22.2, "day_of_year": 208, "uuid": "d5a7e56c-1975-455b-9513-2c3c2f118919", "inat_id": 234214037}}, {"type": "Feature", "geometry": {"type": "Point", "coordinates": [-105.392081067, 39.5101207425]}, "properties": {"species": "Boletus rubriceps", "date": "2024-08-05", "location": "GJ64+5M, Pine Junction Area, CO 80470, USA", "elevation": 2609.0, "num_identification_agreements": 3, "tavg": null, "tmin": 5.1, "tmax": 15.8, "day_of_year": 218, "uuid": "ec4e54c8-4b60-4c94-a38f-f8cf078c3d2b", "inat_id": 234064448}}, {"type": "Feature", "geometry": {"type": "Point", "coordinates": [-106.8046021767, 37.4720313533]}, "properties": {"species": "Boletus rubriceps", "date": "2024-07-21", "location": "Mineral County, CO, USA", "elevation": 3492.0, "num_identification_agreements": 2, "tavg": null, "tmin": 5.0, "tmax": 10.0, "day_of_year": 203, "uuid": "245103fa-7ded-4e7a-bf5f-e64e6d2d1541", "inat_id": 234063836}}, {"type": "Feature", "geometry": {"type": "Point", "coordinates": [-105.8634305556, 39.7793888889]}, "properties": {"species": "Boletus rubriceps", "date": "2024-07-30", "location": "Parshall, CO 80468, USA", "elevation": 3322.0, "num_identification_agreements": 1, "tavg": null, "tmin": 4.4, "tmax": 16.6, "day_of_year": 212, "uuid": "58a61cd8-1a4a-4166-ac3d-3308e8e9e6d3", "inat_id": 233871197}}, {"type": "Feature", "geometry": {"type": "Point", "coordinates": [-107.5539167225, 37.4195892053]}, "properties": {"species": "Boletus rubriceps", "date": "2024-08-04", "location": "Chimney Rock, CO 81122, USA", "elevation": 2342.0, "num_identification_agreements": 1, "tavg": null, "tmin": 16.1, "tmax": 33.3, "day_of_year": 217, "uuid": "ffe0fc82-3e76-4630-b070-d38e677eb421", "inat_id": 233849335}}, {"type": "Feature", "geometry": {"type": "Point", "coordinates": [-105.0162783101, 37.9724958773]}, "properties": {"species": "Boletus rubriceps", "date": "2024-08-04", "location": "Pueblo County, US-CO, US", "elevation": 2460.0, "num_identification_agreements": 2, "tavg": null, "tmin": 17.6, "tmax": 35.0, "day_of_year": 217, "uuid": "04af1ad6-6924-42c9-a71c-659bbe092138", "inat_id": 233830255}}, {"type": "Feature", "geometry": {"type": "Point", "coordinates": [-106.4719916667, 39.488105]}, "properties": {"species": "Boletus rubriceps", "date": "2024-07-27", "location": "White River National Forest, Red Cliff, CO, US", "elevation": 3282.0, "num_identification_agreements": 2, "tavg": null, "tmin": 7.8, "tmax": 21.7, "day_of_year": 209, "uuid": "3982e12e-2860-4c08-90f2-d0d61a385a3c", "inat_id": 233778584}}, {"type": "Feature", "geometry": {"type": "Point", "coordinates": [-107.0651778333, 38.8588866667]}, "properties": {"species": "Boletus rubriceps", "date": "2024-07-30", "location": "Grand Mesa Uncompahgre and Gunnison National Forests, Gunnison, CO, US", "elevation": 3004.0, "num_identification_agreements": 1, "tavg": null, "tmin": 4.4, "tmax": 29.4, "day_of_year": 212, "uuid": "c580479c-f04f-44b7-8ebb-47436eae3d49", "inat_id": 233652694}}, {"type": "Feature", "geometry": {"type": "Point", "coordinates": [-106.24643, 39.5028283333]}, "properties": {"species": "Boletus rubriceps", "date": "2024-08-03", "location": "White River National Forest, Frisco, CO, US", "elevation": 3416.0, "num_identification_agreements": 1, "tavg": null, "tmin": 15.0, "tmax": 23.0, "day_of_year": 216, "uuid": "5a410314-05d3-4b27-9590-4d48ba2dc909", "inat_id": 233638679}}, {"type": "Feature", "geometry": {"type": "Point", "coordinates": [-106.6722888889, 37.3596888889]}, "properties": {"species": "Boletus rubriceps", "date": "2024-07-31", "location": "Conejos County, CO, USA", "elevation": 3378.0, "num_identification_agreements": 1, "tavg": null, "tmin": 11.0, "tmax": 20.0, "day_of_year": 213, "uuid": "ccf2d748-a84f-41c9-aa8c-da087346a897", "inat_id": 233531385}}, {"type": "Feature", "geometry": {"type": "Point", "coordinates": [-105.6302890134, 39.4807368013]}, "properties": {"species": "Boletus rubriceps", "date": "2024-08-02", "location": "Colorado, US", "elevation": 3373.0, "num_identification_agreements": 2, "tavg": null, "tmin": 2.9, "tmax": 18.0, "day_of_year": 215, "uuid": "cd3d24b0-7c2d-4c70-9859-55d88ce58c16", "inat_id": 233416169}}, {"type": "Feature", "geometry": {"type": "Point", "coordinates": [-106.2483133333, 39.6288966667]}, "properties": {"species": "Boletus rubriceps", "date": "2024-07-20", "location": "White River National Forest, Avon, CO, US", "elevation": 2875.0, "num_identification_agreements": 1, "tavg": null, "tmin": 11.0, "tmax": 19.0, "day_of_year": 202, "uuid": "b92bca12-54c1-4f25-baf7-ec4d25b1f072", "inat_id": 233396486}}, {"type": "Feature", "geometry": {"type": "Point", "coordinates": [-105.5280533333, 37.90678]}, "properties": {"species": "Boletus rubriceps", "date": "2024-07-15", "location": "Great Sand Dunes National Preserve, Moffat, CO, US", "elevation": 3559.0, "num_identification_agreements": 1, "tavg": null, "tmin": null, "tmax": null, "day_of_year": 197, "uuid": "0a5a1c89-a898-41a0-bb2e-83ca542674f9", "inat_id": 233232212}}, {"type": "Feature", "geometry": {"type": "Point", "coordinates": [-105.2002135488, 36.7211139915]}, "properties": {"species": "Boletus rubriceps", "date": "2024-07-28", "location": "New Mexico, US", "elevation": 2985.0, "num_identification_agreements": 1, "tavg": null, "tmin": 6.9, "tmax": 25.9, "day_of_year": 210, "uuid": "84350b28-6c83-4cc3-a158-ae75d9ca84d9", "inat_id": 233143791}}, {"type": "Feature", "geometry": {"type": "Point", "coordinates": [-106.5101, 35.8312383333]}, "properties": {"species": "Boletus rubriceps", "date": "2024-07-27", "location": "Valles Caldera National Preserve, Jemez Springs, NM, US", "elevation": 2589.0, "num_identification_agreements": 1, "tavg": null, "tmin": 13.8, "tmax": 28.2, "day_of_year": 209, "uuid": "09bf98ca-d218-499a-88dd-5acaa6cf8a86", "inat_id": 233134644}}, {"type": "Feature", "geometry": {"type": "Point", "coordinates": [-105.4463367997, 36.5675507997]}, "properties": {"species": "Boletus rubriceps", "date": "2024-07-29", "location": "Taos Ski Valley, NM 87525, USA", "elevation": 3462.0, "num_identification_agreements": 1, "tavg": null, "tmin": 3.0, "tmax": 26.5, "day_of_year": 211, "uuid": "ab456051-69d9-4aa0-a050-99422df725dd", "inat_id": 232917632}}, {"type": "Feature", "geometry": {"type": "Point", "coordinates": [-106.8277883333, 37.4839033333]}, "properties": {"species": "Boletus rubriceps", "date": "2024-07-27", "location": "San Juan National Forest - Headquarters, Creede, CO, US", "elevation": 3143.0, "num_identification_agreements": 2, "tavg": null, "tmin": 5.0, "tmax": 15.0, "day_of_year": 209, "uuid": "0257bf22-20b7-4a05-a34a-67ea87b34854", "inat_id": 232881173}}, {"type": "Feature", "geometry": {"type": "Point", "coordinates": [-107.8111734241, 39.0647020394]}, "properties": {"species": "Boletus rubriceps", "date": "2024-07-27", "location": "Grand Mesa NF", "elevation": 3194.0, "num_identification_agreements": 2, "tavg": null, "tmin": 18.3, "tmax": 34.8, "day_of_year": 209, "uuid": "4e50b8ce-74ad-4073-a076-5e174c6b7797", "inat_id": 232680006}}, {"type": "Feature", "geometry": {"type": "Point", "coordinates": [-106.0503221667, 39.4497333333]}, "properties": {"species": "Boletus rubriceps", "date": "2024-07-29", "location": "White River National Forest, Breckenridge, CO, US", "elevation": 3168.0, "num_identification_agreements": 1, "tavg": null, "tmin": 3.3, "tmax": 25.6, "day_of_year": 211, "uuid": "00bb337b-7482-4952-b6fc-922df75a693d", "inat_id": 232553707}}, {"type": "Feature", "geometry": {"type": "Point", "coordinates": [-106.435925, 39.18372]}, "properties": {"species": "Boletus rubriceps", "date": "2024-07-28", "location": "Lake County, CO, USA", "elevation": 3560.0, "num_identification_agreements": 1, "tavg": null, "tmin": 5.6, "tmax": 23.9, "day_of_year": 210, "uuid": "e3851228-3120-4a35-80a8-bea06755b3a2", "inat_id": 232539434}}, {"type": "Feature", "geometry": {"type": "Point", "coordinates": [-106.435925, 39.18372]}, "properties": {"species": "Boletus rubriceps", "date": "2024-07-28", "location": "Lake County, CO, USA", "elevation": 3560.0, "num_identification_agreements": 1, "tavg": null, "tmin": 5.6, "tmax": 23.9, "day_of_year": 210, "uuid": "47b8543f-70ca-4dac-ae53-b4d08cbd81d0", "inat_id": 232539431}}, {"type": "Feature", "geometry": {"type": "Point", "coordinates": [-106.435925, 39.18372]}, "properties": {"species": "Boletus rubriceps", "date": "2024-07-28", "location": "Lake County, CO, USA", "elevation": 3560.0, "num_identification_agreements": 1, "tavg": null, "tmin": 5.6, "tmax": 23.9, "day_of_year": 210, "uuid": "fbf77976-522e-4902-8c80-5b38e7490ee8", "inat_id": 232539430}}, {"type": "Feature", "geometry": {"type": "Point", "coordinates": [-106.43491, 39.183315]}, "properties": {"species": "Boletus rubriceps", "date": "2024-07-28", "location": "Lake County, CO, USA", "elevation": 3506.0, "num_identification_agreements": 2, "tavg": null, "tmin": 5.6, "tmax": 23.9, "day_of_year": 210, "uuid": "7c493010-3217-4ae4-b97f-66645d16c196", "inat_id": 232539404}}, {"type": "Feature", "geometry": {"type": "Point", "coordinates": [-106.4114748639, 39.1609704675]}, "properties": {"species": "Boletus rubriceps", "date": "2024-07-28", "location": "Lake County, CO, USA", "elevation": 3250.0, "num_identification_agreements": 1, "tavg": null, "tmin": 5.6, "tmax": 23.9, "day_of_year": 210, "uuid": "74a37c6a-d5ba-438b-814f-6f2fb96cdbb0", "inat_id": 232539403}}, {"type": "Feature", "geometry": {"type": "Point", "coordinates": [-106.0546195, 39.4628716667]}, "properties": {"species": "Boletus rubriceps", "date": "2024-07-29", "location": "White River National Forest, Breckenridge, CO, US", "elevation": 3081.0, "num_identification_agreements": 3, "tavg": null, "tmin": 3.3, "tmax": 25.6, "day_of_year": 211, "uuid": "fa0930d5-a07c-4398-acf8-d6dd98dde632", "inat_id": 232507737}}, {"type": "Feature", "geometry": {"type": "Point", "coordinates": [-107.0545266196, 38.9064008832]}, "properties": {"species": "Boletus rubriceps", "date": "2024-07-28", "location": "Crested Butte, CO 81224, USA", "elevation": 2900.0, "num_identification_agreements": 2, "tavg": null, "tmin": 8.9, "tmax": 26.7, "day_of_year": 210, "uuid": "223f60a4-e8a8-4c93-adbe-1865830812e6", "inat_id": 232447611}}, {"type": "Feature", "geometry": {"type": "Point", "coordinates": [-105.68615, 36.6577333333]}, "properties": {"species": "Boletus rubriceps", "date": "2024-07-20", "location": "Rio Grande del Norte National Monument, Arroyo Hondo, NM, US", "elevation": 2246.0, "num_identification_agreements": 2, "tavg": null, "tmin": 12.2, "tmax": 27.8, "day_of_year": 202, "uuid": "f04ca147-9726-45dd-bd24-e265dfea4999", "inat_id": 232437543}}, {"type": "Feature", "geometry": {"type": "Point", "coordinates": [-107.2092605755, 38.8692928962]}, "properties": {"species": "Boletus rubriceps", "date": "2024-07-27", "location": "Somerset, CO 81434, USA", "elevation": 2946.0, "num_identification_agreements": 3, "tavg": null, "tmin": 11.1, "tmax": 28.3, "day_of_year": 209, "uuid": "5575d941-bc65-494d-8c78-d642fce17d43", "inat_id": 232424503}}, {"type": "Feature", "geometry": {"type": "Point", "coordinates": [-106.8637466667, 37.4648033333]}, "properties": {"species": "Boletus rubriceps", "date": "2024-07-28", "location": "San Juan National Forest - Headquarters, Creede, CO, US", "elevation": 3063.0, "num_identification_agreements": 1, "tavg": null, "tmin": 7.0, "tmax": 16.0, "day_of_year": 210, "uuid": "d1b5cf53-fb64-46c5-863d-3c1df2591368", "inat_id": 232303893}}, {"type": "Feature", "geometry": {"type": "Point", "coordinates": [-106.9755981542, 39.2359381842]}, "properties": {"species": "Boletus rubriceps", "date": "2024-07-28", "location": "Snowmass, CO, US", "elevation": 2508.0, "num_identification_agreements": 2, "tavg": null, "tmin": 8.9, "tmax": 26.7, "day_of_year": 210, "uuid": "a7b7a679-929f-4dd8-80fe-86de1a10bc23", "inat_id": 232295404}}, {"type": "Feature", "geometry": {"type": "Point", "coordinates": [-105.0205899597, 37.8308662194]}, "properties": {"species": "Boletus rubriceps", "date": "2024-07-27", "location": "Colorado, US", "elevation": 2760.0, "num_identification_agreements": 2, "tavg": null, "tmin": 15.8, "tmax": 33.2, "day_of_year": 209, "uuid": "f5e67cba-fd4b-4899-9abe-0bebe8df83f6", "inat_id": 232180325}}, {"type": "Feature", "geometry": {"type": "Point", "coordinates": [-105.8600616667, 40.3476216667]}, "properties": {"species": "Boletus rubriceps", "date": "2024-07-26", "location": "Rocky Mountain National Park, Grand Lake, CO, US", "elevation": 2694.0, "num_identification_agreements": 2, "tavg": null, "tmin": 10.0, "tmax": 23.9, "day_of_year": 208, "uuid": "ac81619e-dfb0-4bd9-a106-91ace51a7d92", "inat_id": 232153680}}, {"type": "Feature", "geometry": {"type": "Point", "coordinates": [-105.3941340241, 36.5794419757]}, "properties": {"species": "Boletus rubriceps", "date": "2024-07-27", "location": "Carson National Forest, Taos, NM, US", "elevation": 3398.0, "num_identification_agreements": 2, "tavg": null, "tmin": 5.6, "tmax": 25.4, "day_of_year": 209, "uuid": "06029470-b5b1-4d3e-b9aa-b1890e4b1f17", "inat_id": 232152346}}, {"type": "Feature", "geometry": {"type": "Point", "coordinates": [-106.7581527778, 40.4759055556]}, "properties": {"species": "Boletus rubriceps", "date": "2024-07-27", "location": "Steamboat Springs, CO 80487, USA", "elevation": 2538.0, "num_identification_agreements": 1, "tavg": null, "tmin": 10.2, "tmax": 27.5, "day_of_year": 209, "uuid": "4223e2b7-25d5-40f9-8e55-f08eae7fe4da", "inat_id": 232141321}}, {"type": "Feature", "geometry": {"type": "Point", "coordinates": [-106.3232720619, 39.261972717]}, "properties": {"species": "Boletus rubriceps", "date": "2024-07-27", "location": "Silver Eagle Dr, Leadville, CO, US", "elevation": 3030.0, "num_identification_agreements": 2, "tavg": null, "tmin": 7.8, "tmax": 21.7, "day_of_year": 209, "uuid": "71576686-5cfe-4759-9202-7f83aaa668be", "inat_id": 232131677}}, {"type": "Feature", "geometry": {"type": "Point", "coordinates": [-105.5825054997, 40.0783248997]}, "properties": {"species": "Boletus rubriceps", "date": "2024-07-27", "location": "Ward, CO 80481, USA", "elevation": 3204.0, "num_identification_agreements": 2, "tavg": null, "tmin": 8.7, "tmax": 26.0, "day_of_year": 209, "uuid": "39b44c69-3ac1-4370-90f3-1d7f52310ebe", "inat_id": 232104483}}, {"type": "Feature", "geometry": {"type": "Point", "coordinates": [-104.8641043866, 38.6563562494]}, "properties": {"species": "Boletus rubriceps", "date": "2024-07-26", "location": "Colorado, US", "elevation": 1980.0, "num_identification_agreements": 2, "tavg": null, "tmin": 18.5, "tmax": 33.0, "day_of_year": 208, "uuid": "d6ccd429-f018-49f5-ae8f-89625b63d3ae", "inat_id": 231977453}}, {"type": "Feature", "geometry": {"type": "Point", "coordinates": [-107.7578407153, 37.7500632192]}, "properties": {"species": "Boletus rubriceps", "date": "2024-07-17", "location": "San Juan County, CO, USA", "elevation": 3144.0, "num_identification_agreements": 2, "tavg": null, "tmin": 11.0, "tmax": 23.0, "day_of_year": 199, "uuid": "45ec365e-aea8-43ef-9baf-86f5fc1a515f", "inat_id": 231967126}}, {"type": "Feature", "geometry": {"type": "Point", "coordinates": [-107.109725, 40.0568805556]}, "properties": {"species": "Boletus rubriceps", "date": "2024-07-19", "location": "Meeker, CO 81641, USA", "elevation": 3179.0, "num_identification_agreements": 2, "tavg": null, "tmin": 16.1, "tmax": 28.9, "day_of_year": 201, "uuid": "7ee7dc44-847d-4d40-8ead-ce94eb94c352", "inat_id": 231949826}}, {"type": "Feature", "geometry": {"type": "Point", "coordinates": [-106.9476527778, 38.9855888889]}, "properties": {"species": "Boletus rubriceps", "date": "2024-07-21", "location": "Aspen, CO 81611, USA", "elevation": 3215.0, "num_identification_agreements": 1, "tavg": null, "tmin": 8.9, "tmax": 25.0, "day_of_year": 203, "uuid": "593792f3-db85-4049-a350-fd11dd33b65b", "inat_id": 231923896}}, {"type": "Feature", "geometry": {"type": "Point", "coordinates": [-106.7055327454, 39.0739383517]}, "properties": {"species": "Boletus rubriceps", "date": "2024-07-25", "location": "Colorado, US", "elevation": 3652.0, "num_identification_agreements": 2, "tavg": null, "tmin": 10.0, "tmax": 29.4, "day_of_year": 207, "uuid": "9bb4cccb-c111-4402-b303-9357f2bcce50", "inat_id": 231893964}}, {"type": "Feature", "geometry": {"type": "Point", "coordinates": [-106.9664024118, 39.087842749]}, "properties": {"species": "Boletus rubriceps", "date": "2024-07-16", "location": "White River National Forest, Snowmass, CO, US", "elevation": 3093.0, "num_identification_agreements": 1, "tavg": null, "tmin": 10.0, "tmax": 24.4, "day_of_year": 198, "uuid": "03f82b4b-304d-4fb1-8874-1a14344aa76d", "inat_id": 231872276}}, {"type": "Feature", "geometry": {"type": "Point", "coordinates": [-107.0627305556, 38.9016472222]}, "properties": {"species": "Boletus rubriceps", "date": "2024-07-22", "location": "Crested Butte, CO 81224, USA", "elevation": 3227.0, "num_identification_agreements": 2, "tavg": null, "tmin": 6.7, "tmax": 25.6, "day_of_year": 204, "uuid": "be42f08c-7e55-4cce-a443-807105d9916d", "inat_id": 231808528}}, {"type": "Feature", "geometry": {"type": "Point", "coordinates": [-106.44583, 38.97192]}, "properties": {"species": "Boletus rubriceps", "date": "2024-07-19", "location": "Pike and San Isabel National Forests, Granite, CO, US", "elevation": 3424.0, "num_identification_agreements": 1, "tavg": null, "tmin": 4.7, "tmax": 20.1, "day_of_year": 201, "uuid": "7dd38599-00fb-4755-9034-ace2c1b7517d", "inat_id": 231737109}}, {"type": "Feature", "geometry": {"type": "Point", "coordinates": [-106.0506746114, 39.4354339501]}, "properties": {"species": "Boletus rubriceps", "date": "2024-07-24", "location": "Summit County, US-CO, US", "elevation": 3172.0, "num_identification_agreements": 2, "tavg": null, "tmin": 2.8, "tmax": 23.3, "day_of_year": 206, "uuid": "f40e9d7b-7c67-4795-9e96-d0ccbbd6fdb3", "inat_id": 231529432}}, {"type": "Feature", "geometry": {"type": "Point", "coordinates": [-105.6560283333, 40.30867]}, "properties": {"species": "Boletus rubriceps", "date": "2024-07-24", "location": "Rocky Mountain National Park, Estes Park, CO, US", "elevation": 3034.0, "num_identification_agreements": 1, "tavg": null, "tmin": 4.6, "tmax": 26.2, "day_of_year": 206, "uuid": "16bf3aa0-b0a6-4aad-9888-2b8109973727", "inat_id": 231526742}}, {"type": "Feature", "geometry": {"type": "Point", "coordinates": [-106.3868466667, 39.3689116667]}, "properties": {"species": "Boletus rubriceps", "date": "2022-09-02", "location": "Pike and San Isabel National Forests, Leadville, CO, US", "elevation": 3489.0, "num_identification_agreements": 2, "tavg": null, "tmin": 2.2, "tmax": 25.0, "day_of_year": 245, "uuid": "631af663-7d21-4012-9c0f-dda928d7edea", "inat_id": 231334119}}, {"type": "Feature", "geometry": {"type": "Point", "coordinates": [-105.6585833333, 40.30978]}, "properties": {"species": "Boletus rubriceps", "date": "2024-07-19", "location": "Dream Lake, Estes Park, CO, US", "elevation": 3037.0, "num_identification_agreements": 2, "tavg": null, "tmin": 6.5, "tmax": 23.7, "day_of_year": 201, "uuid": "ba1b5997-babc-494a-a120-b9a8e4335b6a", "inat_id": 231333916}}, {"type": "Feature", "geometry": {"type": "Point", "coordinates": [-106.7043611111, 40.7777333333]}, "properties": {"species": "Boletus rubriceps", "date": "2024-07-15", "location": "Walden, CO 80480, USA", "elevation": 2687.0, "num_identification_agreements": 1, "tavg": null, "tmin": 12.9, "tmax": 29.1, "day_of_year": 197, "uuid": "2bd1148f-069a-4891-8d33-7e63803a87c3", "inat_id": 231331104}}, {"type": "Feature", "geometry": {"type": "Point", "coordinates": [-105.6165946543, 40.3034805319]}, "properties": {"species": "Boletus rubriceps", "date": "2024-07-22", "location": "Colorado, US", "elevation": 2985.0, "num_identification_agreements": 1, "tavg": null, "tmin": 2.9, "tmax": 21.1, "day_of_year": 204, "uuid": "ce5a9cf4-5081-4797-b38e-a224c0d4d57e", "inat_id": 231281375}}, {"type": "Feature", "geometry": {"type": "Point", "coordinates": [-107.8111734241, 39.0647020394]}, "properties": {"species": "Boletus rubriceps", "date": "2024-07-21", "location": "Grand Mesa NF", "elevation": 3194.0, "num_identification_agreements": 1, "tavg": null, "tmin": 17.2, "tmax": 33.2, "day_of_year": 203, "uuid": "7eb664ba-b565-41b2-9197-21b62bd5ce26", "inat_id": 231255554}}, {"type": "Feature", "geometry": {"type": "Point", "coordinates": [-107.7589540325, 37.6765704737]}, "properties": {"species": "Boletus rubriceps", "date": "2024-07-22", "location": "San Juan National Forest - Headquarters, Durango, CO, US", "elevation": 3285.0, "num_identification_agreements": 3, "tavg": null, "tmin": 10.0, "tmax": 22.0, "day_of_year": 204, "uuid": "8bd7b1cd-b3ba-4ff0-862f-6b1e51e747e1", "inat_id": 231187979}}, {"type": "Feature", "geometry": {"type": "Point", "coordinates": [-106.3360862721, 39.4406087437]}, "properties": {"species": "Boletus rubriceps", "date": "2024-07-22", "location": "Colorado, US", "elevation": 3072.0, "num_identification_agreements": 1, "tavg": null, "tmin": 2.8, "tmax": 20.0, "day_of_year": 204, "uuid": "bb484f39-80c6-449f-b4c3-875e6dc78567", "inat_id": 231142869}}, {"type": "Feature", "geometry": {"type": "Point", "coordinates": [-106.283330843, 39.5676199068]}, "properties": {"species": "Boletus rubriceps", "date": "2024-07-22", "location": "Eagle County, US-CO, US", "elevation": 3503.0, "num_identification_agreements": 3, "tavg": null, "tmin": 7.0, "tmax": 18.0, "day_of_year": 204, "uuid": "f77e4a7d-d3cd-440c-9388-f1ecc47d66a0", "inat_id": 231110578}}, {"type": "Feature", "geometry": {"type": "Point", "coordinates": [-105.52483, 36.0523033333]}, "properties": {"species": "Boletus rubriceps", "date": "2024-07-19", "location": "Taos County, NM, USA", "elevation": 3458.0, "num_identification_agreements": 1, "tavg": null, "tmin": 7.5, "tmax": 24.7, "day_of_year": 201, "uuid": "a0742fc2-5870-4736-a38b-867a4b487160", "inat_id": 231108020}}, {"type": "Feature", "geometry": {"type": "Point", "coordinates": [-105.57283, 40.19488]}, "properties": {"species": "Boletus rubriceps", "date": "2024-07-21", "location": "Rocky Mountain National Park, Ward, CO, US", "elevation": 3009.0, "num_identification_agreements": 1, "tavg": null, "tmin": 7.9, "tmax": 19.9, "day_of_year": 203, "uuid": "199c9bba-c4cc-4dba-a94e-a4c1e1ba3dd5", "inat_id": 231106058}}, {"type": "Feature", "geometry": {"type": "Point", "coordinates": [-105.801710088, 35.7629316422]}, "properties": {"species": "Boletus rubriceps", "date": "2024-07-22", "location": "Santa Fe County, US-NM, US", "elevation": 3221.0, "num_identification_agreements": 2, "tavg": null, "tmin": 11.7, "tmax": 26.7, "day_of_year": 204, "uuid": "2dfbca78-fd14-4632-bcd7-a339e9a949e6", "inat_id": 231078631}}, {"type": "Feature", "geometry": {"type": "Point", "coordinates": [-105.5429730937, 40.0848925513]}, "properties": {"species": "Boletus rubriceps", "date": "2024-07-06", "location": "Ward, CO 80481, USA", "elevation": 3091.0, "num_identification_agreements": 1, "tavg": null, "tmin": 14.0, "tmax": 32.0, "day_of_year": 188, "uuid": "171697e9-acb9-454a-8f43-77b9c759d3ff", "inat_id": 231077831}}, {"type": "Feature", "geometry": {"type": "Point", "coordinates": [-107.7844216667, 37.704455]}, "properties": {"species": "Boletus rubriceps", "date": "2024-07-20", "location": "San Juan County, US-CO, US", "elevation": 3485.0, "num_identification_agreements": 1, "tavg": null, "tmin": 14.0, "tmax": 21.0, "day_of_year": 202, "uuid": "1468ea29-13fd-44ab-87e8-6cef70fad77f", "inat_id": 231039317}}, {"type": "Feature", "geometry": {"type": "Point", "coordinates": [-106.7153096289, 37.7418680289]}, "properties": {"species": "Boletus rubriceps", "date": "2024-07-21", "location": "Colorado, US", "elevation": 2787.0, "num_identification_agreements": 2, "tavg": null, "tmin": 9.0, "tmax": 21.0, "day_of_year": 203, "uuid": "dfed15ad-236e-4ae1-99a1-e2129a38f729", "inat_id": 231027910}}, {"type": "Feature", "geometry": {"type": "Point", "coordinates": [-107.53807, 37.49693]}, "properties": {"species": "Boletus rubriceps", "date": "2024-07-19", "location": "San Juan National Forest - Headquarters, Bayfield, CO, US", "elevation": 2557.0, "num_identification_agreements": 1, "tavg": null, "tmin": 11.7, "tmax": 31.1, "day_of_year": 201, "uuid": "8db4e0fd-71b2-494e-9e2b-1672451c3384", "inat_id": 231026917}}, {"type": "Feature", "geometry": {"type": "Point", "coordinates": [-107.0410427406, 39.2915877473]}, "properties": {"species": "Boletus rubriceps", "date": "2024-07-21", "location": "Colorado, US", "elevation": 2373.0, "num_identification_agreements": 2, "tavg": null, "tmin": 8.9, "tmax": 25.0, "day_of_year": 203, "uuid": "7ed282f7-3671-4145-b954-199ad3282b83", "inat_id": 231018725}}, {"type": "Feature", "geometry": {"type": "Point", "coordinates": [-107.1397083333, 39.27468]}, "properties": {"species": "Boletus rubriceps", "date": "2024-07-21", "location": "White River National Forest, Carbondale, CO, US", "elevation": 3123.0, "num_identification_agreements": 2, "tavg": null, "tmin": 8.9, "tmax": 25.0, "day_of_year": 203, "uuid": "331d75f0-2292-49f5-b4ca-e257bb24525f", "inat_id": 231018653}}, {"type": "Feature", "geometry": {"type": "Point", "coordinates": [-106.2326972222, 39.6490166667]}, "properties": {"species": "Boletus rubriceps", "date": "2024-07-21", "location": "Silverthorne, CO 80498, USA", "elevation": 3409.0, "num_identification_agreements": 4, "tavg": null, "tmin": 7.0, "tmax": 15.0, "day_of_year": 203, "uuid": "92344cb2-a354-4961-afed-91b2785305c6", "inat_id": 230897713}}, {"type": "Feature", "geometry": {"type": "Point", "coordinates": [-105.446205, 36.568325]}, "properties": {"species": "Boletus rubriceps", "date": "2024-07-21", "location": "High Noon Ski Area, Taos, NM, US", "elevation": 3462.0, "num_identification_agreements": 1, "tavg": null, "tmin": 8.0, "tmax": 19.7, "day_of_year": 203, "uuid": "f8052390-a075-47a4-a1a6-6af07c6b5c7c", "inat_id": 230871499}}, {"type": "Feature", "geometry": {"type": "Point", "coordinates": [-106.9890216667, 38.83922]}, "properties": {"species": "Boletus rubriceps", "date": "2024-07-21", "location": "Grand Mesa Uncompahgre and Gunnison National Forests, Crested Butte, CO, US", "elevation": 3042.0, "num_identification_agreements": 2, "tavg": null, "tmin": 10.6, "tmax": 26.1, "day_of_year": 203, "uuid": "50186b71-fee5-42de-b26e-5f745cafb7ba", "inat_id": 230841862}}, {"type": "Feature", "geometry": {"type": "Point", "coordinates": [-108.0302304868, 39.0416269626]}, "properties": {"species": "Boletus rubriceps", "date": "2024-07-20", "location": "Mesa County, CO, USA", "elevation": 3292.0, "num_identification_agreements": 3, "tavg": null, "tmin": 18.8, "tmax": 34.6, "day_of_year": 202, "uuid": "9de6a59e-0702-4c9a-97f9-46f31cac2c7a", "inat_id": 230819672}}, {"type": "Feature", "geometry": {"type": "Point", "coordinates": [-106.9628, 37.6948666667]}, "properties": {"species": "Boletus rubriceps", "date": "2024-07-20", "location": "Rio Grande National Forest, Creede, CO, US", "elevation": 3159.0, "num_identification_agreements": 2, "tavg": null, "tmin": 5.0, "tmax": 15.0, "day_of_year": 202, "uuid": "c214d3f6-bfef-4c38-a482-e6010f018236", "inat_id": 230652765}}, {"type": "Feature", "geometry": {"type": "Point", "coordinates": [-107.1591888889, 40.0025388889]}, "properties": {"species": "Boletus rubriceps", "date": "2024-07-17", "location": "Meeker, CO 81641, USA", "elevation": 3357.0, "num_identification_agreements": 1, "tavg": null, "tmin": 8.9, "tmax": 30.0, "day_of_year": 199, "uuid": "b9f83b8f-3acf-444a-9f6c-bf2609fa8b54", "inat_id": 230595705}}, {"type": "Feature", "geometry": {"type": "Point", "coordinates": [-107.1589111111, 40.0026611111]}, "properties": {"species": "Boletus rubriceps", "date": "2024-07-17", "location": "Meeker, CO 81641, USA", "elevation": 3357.0, "num_identification_agreements": 2, "tavg": null, "tmin": 8.9, "tmax": 30.0, "day_of_year": 199, "uuid": "e6a8ec1e-6a36-444c-849e-ff853e130613", "inat_id": 230595627}}, {"type": "Feature", "geometry": {"type": "Point", "coordinates": [-106.356405, 39.2604616667]}, "properties": {"species": "Boletus rubriceps", "date": "2024-07-19", "location": "Pike and San Isabel National Forests, Leadville, CO, US", "elevation": 3035.0, "num_identification_agreements": 1, "tavg": null, "tmin": 4.4, "tmax": 22.2, "day_of_year": 201, "uuid": "cd626031-5da7-42ae-a9cf-a152d16e0e18", "inat_id": 230405058}}, {"type": "Feature", "geometry": {"type": "Point", "coordinates": [-105.7674740752, 39.8661781801]}, "properties": {"species": "Boletus rubriceps", "date": "2024-07-19", "location": "Winter Park Resort, Winter Park, CO, US", "elevation": 3251.0, "num_identification_agreements": 3, "tavg": null, "tmin": 3.9, "tmax": 14.8, "day_of_year": 201, "uuid": "1de47bc1-8ad0-4fc7-a5e4-415800299ef3", "inat_id": 230301298}}, {"type": "Feature", "geometry": {"type": "Point", "coordinates": [-107.9384166667, 39.0499805]}, "properties": {"species": "Boletus rubriceps", "date": "2024-07-18", "location": "Delta County, US-CO, US", "elevation": 3122.0, "num_identification_agreements": 2, "tavg": null, "tmin": 17.3, "tmax": 33.3, "day_of_year": 200, "uuid": "dfc644d8-226e-48b8-b06b-8ae4ab536248", "inat_id": 230223503}}, {"type": "Feature", "geometry": {"type": "Point", "coordinates": [-106.150925, 39.5028111111]}, "properties": {"species": "Boletus rubriceps", "date": "2024-07-18", "location": "Copper Mountain, CO 80443, USA", "elevation": 2976.0, "num_identification_agreements": 2, "tavg": null, "tmin": 12.0, "tmax": 18.0, "day_of_year": 200, "uuid": "0c6d0992-6e63-4572-995a-e994142ec365", "inat_id": 230213240}}, {"type": "Feature", "geometry": {"type": "Point", "coordinates": [-105.5315712, 36.0501166997]}, "properties": {"species": "Boletus rubriceps", "date": "2024-07-11", "location": "Vadito, NM 87579, USA", "elevation": 3529.0, "num_identification_agreements": 1, "tavg": null, "tmin": 2.4, "tmax": 23.5, "day_of_year": 193, "uuid": "847df9f5-91ac-4ad3-b066-4e0540298829", "inat_id": 230211684}}, {"type": "Feature", "geometry": {"type": "Point", "coordinates": [-105.5266038, 36.0510477997]}, "properties": {"species": "Boletus rubriceps", "date": "2024-07-11", "location": "Vadito, NM 87579, USA", "elevation": 3494.0, "num_identification_agreements": 1, "tavg": null, "tmin": 2.4, "tmax": 23.5, "day_of_year": 193, "uuid": "cb0664f5-363e-4c30-9d71-07183ad12616", "inat_id": 230211176}}, {"type": "Feature", "geometry": {"type": "Point", "coordinates": [-105.12471, 37.25107]}, "properties": {"species": "Boletus rubriceps", "date": "2024-07-10", "location": "Las Animas County, CO, USA", "elevation": 3359.0, "num_identification_agreements": 2, "tavg": null, "tmin": 10.0, "tmax": 21.0, "day_of_year": 192, "uuid": "e142790c-ddcf-4b26-875f-b5207e8dc270", "inat_id": 229823209}}, {"type": "Feature", "geometry": {"type": "Point", "coordinates": [-105.7974419734, 35.7942003164]}, "properties": {"species": "Boletus rubriceps", "date": "2024-07-12", "location": "Santa Fe County, US-NM, US", "elevation": 3265.0, "num_identification_agreements": 1, "tavg": null, "tmin": 15.6, "tmax": 32.8, "day_of_year": 194, "uuid": "a280ab23-7239-406d-a0ed-ca1b22cb2661", "inat_id": 229793024}}, {"type": "Feature", "geometry": {"type": "Point", "coordinates": [-106.5040283333, 35.835605]}, "properties": {"species": "Boletus rubriceps", "date": "2024-07-15", "location": "East Fork Jemez River, Jemez Springs, NM, US", "elevation": 2600.0, "num_identification_agreements": 1, "tavg": null, "tmin": 20.7, "tmax": 30.6, "day_of_year": 197, "uuid": "9661b954-ca92-4f18-9dc6-73b436cebe35", "inat_id": 229611134}}, {"type": "Feature", "geometry": {"type": "Point", "coordinates": [-106.5045166667, 35.8350866667]}, "properties": {"species": "Boletus rubriceps", "date": "2024-07-15", "location": "Valles Caldera National Preserve, Jemez Springs, NM, US", "elevation": 2598.0, "num_identification_agreements": 1, "tavg": null, "tmin": 20.7, "tmax": 30.6, "day_of_year": 197, "uuid": "cf979d9a-d042-408d-95d2-2d833842b758", "inat_id": 229611087}}, {"type": "Feature", "geometry": {"type": "Point", "coordinates": [-104.98732692, 37.85412141]}, "properties": {"species": "Boletus rubriceps", "date": "2024-07-15", "location": "Huerfano County, US-CO, US", "elevation": 2600.0, "num_identification_agreements": 1, "tavg": null, "tmin": 21.3, "tmax": 33.7, "day_of_year": 197, "uuid": "66a9ee7f-5377-45ba-8fb1-9db6b9fa959b", "inat_id": 229596774}}, {"type": "Feature", "geometry": {"type": "Point", "coordinates": [-107.0860361667, 38.6947333333]}, "properties": {"species": "Boletus rubriceps", "date": "2024-07-15", "location": "Grand Mesa Uncompahgre and Gunnison National Forests, Gunnison, CO, US", "elevation": 2807.0, "num_identification_agreements": 1, "tavg": null, "tmin": 9.4, "tmax": 27.8, "day_of_year": 197, "uuid": "8cab8a4e-d1df-49b1-bed4-b804e8d5b38a", "inat_id": 229569987}}, {"type": "Feature", "geometry": {"type": "Point", "coordinates": [-107.890547054, 37.8144186359]}, "properties": {"species": "Boletus rubriceps", "date": "2024-07-14", "location": "San Miguel County, US-CO, US", "elevation": 3114.0, "num_identification_agreements": 2, "tavg": null, "tmin": 15.0, "tmax": 25.0, "day_of_year": 196, "uuid": "7e482a37-dd97-4c7d-a02a-b372d99b0c62", "inat_id": 229423261}}, {"type": "Feature", "geometry": {"type": "Point", "coordinates": [-105.8765117, 35.5582068]}, "properties": {"species": "Boletus rubriceps", "date": "2024-07-14", "location": "Santa Fe, NM 87505, USA", "elevation": 2186.0, "num_identification_agreements": 1, "tavg": null, "tmin": 15.0, "tmax": 35.0, "day_of_year": 196, "uuid": "b60e34f6-e1d0-4ff7-9d69-2f727fdf279d", "inat_id": 229346023}}, {"type": "Feature", "geometry": {"type": "Point", "coordinates": [-105.8052096516, 35.780658145]}, "properties": {"species": "Boletus rubriceps", "date": "2024-07-13", "location": "Santa Fe County, US-NM, US", "elevation": 3185.0, "num_identification_agreements": 1, "tavg": null, "tmin": 14.4, "tmax": 34.4, "day_of_year": 195, "uuid": "bf211c11-a6a3-4444-87cf-96b385e66ded", "inat_id": 229139926}}, {"type": "Feature", "geometry": {"type": "Point", "coordinates": [-105.8051659749, 35.795654121]}, "properties": {"species": "Boletus rubriceps", "date": "2024-07-03", "location": "Santa Fe County, NM, USA", "elevation": 3124.0, "num_identification_agreements": 5, "tavg": null, "tmin": 14.4, "tmax": 29.4, "day_of_year": 185, "uuid": "a0fed274-bb14-48b5-a53b-13177cb38a80", "inat_id": 229123471}}, {"type": "Feature", "geometry": {"type": "Point", "coordinates": [-105.56108, 40.1577833333]}, "properties": {"species": "Boletus rubriceps", "date": "2024-07-13", "location": "Ward, CO, US", "elevation": 3205.0, "num_identification_agreements": 1, "tavg": null, "tmin": 6.0, "tmax": 27.8, "day_of_year": 195, "uuid": "6e9be73b-08d7-4415-86f1-ba2d7349aaac", "inat_id": 229114887}}, {"type": "Feature", "geometry": {"type": "Point", "coordinates": [-105.7707356383, 39.8225602275]}, "properties": {"species": "Boletus rubriceps", "date": "2024-07-13", "location": "Second Creek Trail, Winter Park, CO, US", "elevation": 3246.0, "num_identification_agreements": 4, "tavg": null, "tmin": 6.9, "tmax": 18.2, "day_of_year": 195, "uuid": "5263a8ea-d10b-4f41-ab48-3a514a329148", "inat_id": 229073239}}, {"type": "Feature", "geometry": {"type": "Point", "coordinates": [-105.7707150188, 39.8226140812]}, "properties": {"species": "Boletus rubriceps", "date": "2024-07-13", "location": "Second Creek Trail, Winter Park, CO, US", "elevation": 3246.0, "num_identification_agreements": 2, "tavg": null, "tmin": 6.9, "tmax": 18.2, "day_of_year": 195, "uuid": "e744eedf-2112-4a48-a4f1-a1d044397d27", "inat_id": 229072745}}, {"type": "Feature", "geometry": {"type": "Point", "coordinates": [-105.7707226464, 39.8225168093]}, "properties": {"species": "Boletus rubriceps", "date": "2024-07-13", "location": "Second Creek Trail, Winter Park, CO, US", "elevation": 3246.0, "num_identification_agreements": 2, "tavg": null, "tmin": 6.9, "tmax": 18.2, "day_of_year": 195, "uuid": "1dc0bcad-bc78-4360-b8c8-5d87d1055c1c", "inat_id": 229072069}}, {"type": "Feature", "geometry": {"type": "Point", "coordinates": [-107.6502980993, 39.1122898234]}, "properties": {"species": "Boletus rubriceps", "date": "2024-07-11", "location": "Grand Mesa Uncompahgre and Gunnison National Forests, Paonia, CO, US", "elevation": 3179.0, "num_identification_agreements": 2, "tavg": null, "tmin": 10.4, "tmax": 22.5, "day_of_year": 193, "uuid": "66560c59-7fd1-457c-a840-997f2df5fa8f", "inat_id": 228985208}}, {"type": "Feature", "geometry": {"type": "Point", "coordinates": [-106.585989655, 35.9129264022]}, "properties": {"species": "Boletus rubriceps", "date": "2024-07-09", "location": "Valles Caldera National Preserve, Jemez Springs, NM, US", "elevation": 2666.0, "num_identification_agreements": 2, "tavg": null, "tmin": 13.6, "tmax": 25.3, "day_of_year": 191, "uuid": "9df0bd12-fce4-4acb-95f8-8d77065bcfe0", "inat_id": 228901314}}, {"type": "Feature", "geometry": {"type": "Point", "coordinates": [-106.9609117332, 40.8048326762]}, "properties": {"species": "Boletus rubriceps", "date": "2024-07-03", "location": "Routt County, CO, USA", "elevation": 2452.0, "num_identification_agreements": 2, "tavg": null, "tmin": 4.1, "tmax": 25.6, "day_of_year": 185, "uuid": "9f050101-912d-47a7-af58-08232621714d", "inat_id": 228826708}}, {"type": "Feature", "geometry": {"type": "Point", "coordinates": [-105.5557597591, 38.0667922674]}, "properties": {"species": "Boletus rubriceps", "date": "2024-07-12", "location": "Pike and San Isabel National Forests, Westcliffe, CO, US", "elevation": 2871.0, "num_identification_agreements": 1, "tavg": null, "tmin": null, "tmax": null, "day_of_year": 194, "uuid": "145aa6f5-1d2c-4002-8bed-e0870fd920a7", "inat_id": 228824571}}, {"type": "Feature", "geometry": {"type": "Point", "coordinates": [-105.6012447887, 39.9036476388]}, "properties": {"species": "Boletus rubriceps", "date": "2024-07-11", "location": "Colorado, US", "elevation": 2726.0, "num_identification_agreements": 2, "tavg": null, "tmin": 3.1, "tmax": 16.8, "day_of_year": 193, "uuid": "2c2b203c-c3a1-451f-83bf-66b4d8a062af", "inat_id": 228783220}}, {"type": "Feature", "geometry": {"type": "Point", "coordinates": [-105.6710373862, 39.8621327527]}, "properties": {"species": "Boletus rubriceps", "date": "2024-07-11", "location": "Colorado, US", "elevation": 3514.0, "num_identification_agreements": 2, "tavg": null, "tmin": 3.1, "tmax": 16.8, "day_of_year": 193, "uuid": "e2496df3-451a-4f49-b32b-057d2dde556f", "inat_id": 228783212}}, {"type": "Feature", "geometry": {"type": "Point", "coordinates": [-105.637505, 39.96297]}, "properties": {"species": "Boletus rubriceps", "date": "2024-07-06", "location": "Woodland Lake Trail, Nederland, CO, US", "elevation": 3064.0, "num_identification_agreements": 1, "tavg": null, "tmin": -0.1, "tmax": 12.7, "day_of_year": 188, "uuid": "4fd42dc5-1b68-4ba6-855f-e997d6c71674", "inat_id": 228496665}}, {"type": "Feature", "geometry": {"type": "Point", "coordinates": [-106.6959728967, 35.9299729087]}, "properties": {"species": "Boletus rubriceps", "date": "2024-07-09", "location": "Sandoval County, NM, USA", "elevation": 2435.0, "num_identification_agreements": 1, "tavg": null, "tmin": 13.6, "tmax": 25.3, "day_of_year": 191, "uuid": "bf56a30c-5e5a-4bf9-8ac9-bce03912b7a8", "inat_id": 228346898}}, {"type": "Feature", "geometry": {"type": "Point", "coordinates": [-107.5499283333, 37.444205]}, "properties": {"species": "Boletus rubriceps", "date": "2024-07-07", "location": "San Juan National Forest - Headquarters, Bayfield, CO, US", "elevation": 2360.0, "num_identification_agreements": 2, "tavg": null, "tmin": 7.2, "tmax": 31.1, "day_of_year": 189, "uuid": "e3962fe6-58f9-4aa5-84a4-d9658a33d7df", "inat_id": 228162687}}, {"type": "Feature", "geometry": {"type": "Point", "coordinates": [-107.5186616667, 37.5604533333]}, "properties": {"species": "Boletus rubriceps", "date": "2024-07-06", "location": "San Juan National Forest - Headquarters, Durango, CO, US", "elevation": 2728.0, "num_identification_agreements": 2, "tavg": null, "tmin": 8.9, "tmax": 30.0, "day_of_year": 188, "uuid": "438fd0f5-8c19-47a7-b4a4-96707e17a40f", "inat_id": 228155829}}, {"type": "Feature", "geometry": {"type": "Point", "coordinates": [-105.675519391, 39.7869397416]}, "properties": {"species": "Boletus rubriceps", "date": "2024-07-08", "location": "Miller Creek Trail, Idaho Springs, CO, US", "elevation": 3093.0, "num_identification_agreements": 2, "tavg": null, "tmin": -4.1, "tmax": 12.1, "day_of_year": 190, "uuid": "947ef613-fc1c-4c96-ac60-0adb1bb54cc3", "inat_id": 228087739}}, {"type": "Feature", "geometry": {"type": "Point", "coordinates": [-107.9008383756, 37.6429565164]}, "properties": {"species": "Boletus rubriceps", "date": "2024-07-06", "location": "Colorado, US", "elevation": 2870.0, "num_identification_agreements": 2, "tavg": null, "tmin": 8.0, "tmax": 22.0, "day_of_year": 188, "uuid": "cb65af72-a52a-4305-8b49-0fc915733d38", "inat_id": 228048046}}, {"type": "Feature", "geometry": {"type": "Point", "coordinates": [-107.8403975263, 37.7015041834]}, "properties": {"species": "Boletus rubriceps", "date": "2024-07-06", "location": "Colorado, US", "elevation": 2901.0, "num_identification_agreements": 2, "tavg": null, "tmin": 8.0, "tmax": 22.0, "day_of_year": 188, "uuid": "54035c2a-49c6-4d14-a205-407649646607", "inat_id": 228047264}}, {"type": "Feature", "geometry": {"type": "Point", "coordinates": [-106.3337381911, 39.5297069536]}, "properties": {"species": "Boletus rubriceps", "date": "2024-07-06", "location": "Colorado, US", "elevation": 2893.0, "num_identification_agreements": 2, "tavg": null, "tmin": 7.0, "tmax": 16.0, "day_of_year": 188, "uuid": "ec7f0c79-0895-412f-86cb-07bb0c8efe3c", "inat_id": 228029166}}, {"type": "Feature", "geometry": {"type": "Point", "coordinates": [-107.9816438046, 37.7607028966]}, "properties": {"species": "Boletus rubriceps", "date": "2024-07-05", "location": "Colorado, US", "elevation": 3037.0, "num_identification_agreements": 3, "tavg": null, "tmin": 7.0, "tmax": 22.0, "day_of_year": 187, "uuid": "aa831214-6996-498c-a10e-1f7d050131c4", "inat_id": 227962659}}, {"type": "Feature", "geometry": {"type": "Point", "coordinates": [-105.4145374316, 35.601989351]}, "properties": {"species": "Boletus rubriceps", "date": "2024-07-04", "location": "New Mexico, US", "elevation": 2137.0, "num_identification_agreements": 2, "tavg": null, "tmin": 11.7, "tmax": 28.9, "day_of_year": 186, "uuid": "d7893175-2727-4a22-aff4-35849ed8e332", "inat_id": 227941499}}, {"type": "Feature", "geometry": {"type": "Point", "coordinates": [-105.8073666667, 35.80045]}, "properties": {"species": "Boletus rubriceps", "date": "2024-07-07", "location": "Santa Fe National Forest, Tererro, NM, US", "elevation": 3340.0, "num_identification_agreements": 2, "tavg": null, "tmin": 10.6, "tmax": 33.3, "day_of_year": 189, "uuid": "c899a7a5-9e5f-4399-b281-8cdd29789e6b", "inat_id": 227923897}}, {"type": "Feature", "geometry": {"type": "Point", "coordinates": [-106.3126370034, 39.3635157746]}, "properties": {"species": "Boletus rubriceps", "date": "2024-07-03", "location": "Eagle County, CO, USA", "elevation": 3189.0, "num_identification_agreements": 3, "tavg": null, "tmin": 2.2, "tmax": 21.1, "day_of_year": 185, "uuid": "85ad828e-c39d-45a5-874e-e3da30181b2a", "inat_id": 227891532}}, {"type": "Feature", "geometry": {"type": "Point", "coordinates": [-106.8024611977, 40.9850059492]}, "properties": {"species": "Boletus rubriceps", "date": "2024-07-07", "location": "Main Fork Trail, Walden, CO, US", "elevation": 2602.0, "num_identification_agreements": 3, "tavg": null, "tmin": null, "tmax": null, "day_of_year": 189, "uuid": "390a2284-6cf1-46d0-8f56-d6289c9ae925", "inat_id": 227882021}}, {"type": "Feature", "geometry": {"type": "Point", "coordinates": [-105.8601357603, 40.3454401531]}, "properties": {"species": "Boletus rubriceps", "date": "2024-06-30", "location": "Rocky Mountain National Park, Grand Lake, CO, US", "elevation": 2696.0, "num_identification_agreements": 2, "tavg": null, "tmin": 9.5, "tmax": 26.4, "day_of_year": 182, "uuid": "96ea2125-ca6a-44a9-9123-866ce435859c", "inat_id": 227812809}}, {"type": "Feature", "geometry": {"type": "Point", "coordinates": [-107.4889383333, 38.176935]}, "properties": {"species": "Boletus rubriceps", "date": "2024-07-04", "location": "Gunnison County, US-CO, US", "elevation": 2915.0, "num_identification_agreements": 2, "tavg": null, "tmin": 8.0, "tmax": 22.0, "day_of_year": 186, "uuid": "88b65748-070f-4a30-94e3-fb3b94f1355a", "inat_id": 227667663}}, {"type": "Feature", "geometry": {"type": "Point", "coordinates": [-105.7879026979, 35.8100862558]}, "properties": {"species": "Boletus rubriceps", "date": "2024-07-06", "location": "San Ildefonso Pueblo, NM 87506, USA", "elevation": 3250.0, "num_identification_agreements": 1, "tavg": null, "tmin": 16.1, "tmax": 31.7, "day_of_year": 188, "uuid": "6b48a112-5336-41ea-8579-a2cb21e7c5d0", "inat_id": 227662493}}, {"type": "Feature", "geometry": {"type": "Point", "coordinates": [-105.7902666667, 35.7927966667]}, "properties": {"species": "Boletus rubriceps", "date": "2024-07-06", "location": "Ski Santa Fe, Tererro, NM, US", "elevation": 3311.0, "num_identification_agreements": 1, "tavg": null, "tmin": 16.1, "tmax": 31.7, "day_of_year": 188, "uuid": "df43aba5-6d97-43be-a52f-195dd9ca4087", "inat_id": 227656596}}, {"type": "Feature", "geometry": {"type": "Point", "coordinates": [-105.8056116667, 35.7952033333]}, "properties": {"species": "Boletus rubriceps", "date": "2024-07-06", "location": "Santa Fe National Forest, Tererro, NM, US", "elevation": 3124.0, "num_identification_agreements": 1, "tavg": null, "tmin": 16.1, "tmax": 31.7, "day_of_year": 188, "uuid": "9a9097c3-84f9-4027-87f9-043ce3ddbee3", "inat_id": 227656524}}, {"type": "Feature", "geometry": {"type": "Point", "coordinates": [-105.7952283333, 35.79108]}, "properties": {"species": "Boletus rubriceps", "date": "2024-07-06", "location": "Ski Santa Fe, Tererro, NM, US", "elevation": 3271.0, "num_identification_agreements": 1, "tavg": null, "tmin": 16.1, "tmax": 31.7, "day_of_year": 188, "uuid": "80201e19-ca70-4772-b988-112dbd357fe6", "inat_id": 227654892}}, {"type": "Feature", "geometry": {"type": "Point", "coordinates": [-106.7465133333, 36.0870778333]}, "properties": {"species": "Boletus rubriceps", "date": "2024-07-05", "location": "Santa Fe National Forest, Gallina, NM, US", "elevation": 2737.0, "num_identification_agreements": 1, "tavg": null, "tmin": 17.5, "tmax": 26.8, "day_of_year": 187, "uuid": "345a1391-3284-4043-8346-2de25e581e98", "inat_id": 227647403}}, {"type": "Feature", "geometry": {"type": "Point", "coordinates": [-107.8111734241, 39.0647020394]}, "properties": {"species": "Boletus rubriceps", "date": "2024-07-04", "location": "Grand Mesa NF", "elevation": 3194.0, "num_identification_agreements": 2, "tavg": null, "tmin": 12.5, "tmax": 31.2, "day_of_year": 186, "uuid": "677312e3-372b-42d0-98bf-4c04bf27c1c7", "inat_id": 227566663}}, {"type": "Feature", "geometry": {"type": "Point", "coordinates": [-105.1325198034, 37.8588142951]}, "properties": {"species": "Boletus rubriceps", "date": "2024-07-04", "location": "Colorado, US", "elevation": 2355.0, "num_identification_agreements": 1, "tavg": null, "tmin": 14.5, "tmax": 27.4, "day_of_year": 186, "uuid": "666e40ec-14be-43fa-82b6-10502281e843", "inat_id": 227550129}}, {"type": "Feature", "geometry": {"type": "Point", "coordinates": [-105.1945583333, 36.6274833333]}, "properties": {"species": "Boletus rubriceps", "date": "2024-06-29", "location": "Eagle Nest, NM, US", "elevation": 3091.0, "num_identification_agreements": 1, "tavg": null, "tmin": 3.3, "tmax": 23.9, "day_of_year": 181, "uuid": "36047112-5c86-4d80-97fa-da9674c1033f", "inat_id": 227497892}}, {"type": "Feature", "geometry": {"type": "Point", "coordinates": [-106.824255, 36.0791195]}, "properties": {"species": "Boletus rubriceps", "date": "2024-07-05", "location": "Santa Fe National Forest, Gallina, NM, US", "elevation": 3086.0, "num_identification_agreements": 1, "tavg": null, "tmin": null, "tmax": null, "day_of_year": 187, "uuid": "07486412-60d6-4a93-ba4b-b89381c7bde4", "inat_id": 227429170}}, {"type": "Feature", "geometry": {"type": "Point", "coordinates": [-106.2349466667, 36.7047916667]}, "properties": {"species": "Boletus rubriceps", "date": "2024-07-03", "location": "Carson National Forest, Cebolla, NM, US", "elevation": 2970.0, "num_identification_agreements": 1, "tavg": null, "tmin": null, "tmax": null, "day_of_year": 185, "uuid": "0ee14da5-c8dd-407d-b81c-d240aba44968", "inat_id": 227348324}}, {"type": "Feature", "geometry": {"type": "Point", "coordinates": [-106.47352, 39.291595]}, "properties": {"species": "Boletus rubriceps", "date": "2024-07-04", "location": "Pike and San Isabel National Forests, Leadville, CO, US", "elevation": 3264.0, "num_identification_agreements": 2, "tavg": null, "tmin": 1.7, "tmax": 20.0, "day_of_year": 186, "uuid": "c75da96d-db6e-452f-b6bc-2b1a5cf81134", "inat_id": 227197170}}, {"type": "Feature", "geometry": {"type": "Point", "coordinates": [-108.1157905608, 37.4770133179]}, "properties": {"species": "Boletus rubriceps", "date": "2024-07-03", "location": "Montezuma County, US-CO, US", "elevation": 3242.0, "num_identification_agreements": 1, "tavg": null, "tmin": 11.1, "tmax": 29.4, "day_of_year": 185, "uuid": "00a1e5f1-3ea7-4dd6-b3aa-ef349ff2f2f1", "inat_id": 227135694}}, {"type": "Feature", "geometry": {"type": "Point", "coordinates": [-107.9922716667, 39.0059611167]}, "properties": {"species": "Boletus rubriceps", "date": "2024-07-02", "location": "Grand Mesa Uncompahgre and Gunnison National Forests, Cedaredge, CO, US", "elevation": 2936.0, "num_identification_agreements": 1, "tavg": null, "tmin": 14.7, "tmax": 29.3, "day_of_year": 184, "uuid": "91aa350e-ec8f-4a72-b8a4-cf2f41fe712e", "inat_id": 226900005}}, {"type": "Feature", "geometry": {"type": "Point", "coordinates": [-105.0148954997, 38.7351904]}, "properties": {"species": "Boletus rubriceps", "date": "2024-07-02", "location": "Manitou Springs, CO 80829, USA", "elevation": 2908.0, "num_identification_agreements": 3, "tavg": null, "tmin": 14.0, "tmax": 25.1, "day_of_year": 184, "uuid": "1aec7cd8-0723-47a6-bf7f-e1f531100c0f", "inat_id": 226793907}}, {"type": "Feature", "geometry": {"type": "Point", "coordinates": [-106.9928534847, 39.100804571]}, "properties": {"species": "Boletus rubriceps", "date": "2024-07-02", "location": "Colorado, US", "elevation": 3807.0, "num_identification_agreements": 2, "tavg": null, "tmin": 10.0, "tmax": 22.2, "day_of_year": 184, "uuid": "9b4ce1cd-d18a-43a2-86ff-c26c8bf8a3a5", "inat_id": 226742548}}, {"type": "Feature", "geometry": {"type": "Point", "coordinates": [-105.9836840303, 39.4071346832]}, "properties": {"species": "Boletus rubriceps", "date": "2024-06-30", "location": "Colorado, US", "elevation": 3540.0, "num_identification_agreements": 2, "tavg": null, "tmin": 10.0, "tmax": 23.3, "day_of_year": 182, "uuid": "d1752192-340a-4f8a-886b-994a6a2afed9", "inat_id": 226353270}}, {"type": "Feature", "geometry": {"type": "Point", "coordinates": [-105.9357824869, 39.4330436337]}, "properties": {"species": "Boletus rubriceps", "date": "2024-06-30", "location": "Colorado, US", "elevation": 3794.0, "num_identification_agreements": 2, "tavg": null, "tmin": 10.0, "tmax": 23.3, "day_of_year": 182, "uuid": "5248b511-c0b9-452b-8a8b-33a5239b3e7a", "inat_id": 226353144}}, {"type": "Feature", "geometry": {"type": "Point", "coordinates": [-105.793960328, 35.7861826874]}, "properties": {"species": "Boletus rubriceps", "date": "2024-06-30", "location": "Ski Santa Fe, Tererro, NM, US", "elevation": 3395.0, "num_identification_agreements": 1, "tavg": null, "tmin": 16.7, "tmax": 29.4, "day_of_year": 182, "uuid": "7fd1ad07-4f3b-4a77-b68f-e0495f467a61", "inat_id": 226297157}}, {"type": "Feature", "geometry": {"type": "Point", "coordinates": [-105.0148929812, 38.735113916]}, "properties": {"species": "Boletus rubriceps", "date": "2024-06-29", "location": "Pike and San Isabel National Forests, Victor, CO, US", "elevation": 2908.0, "num_identification_agreements": 3, "tavg": null, "tmin": 15.0, "tmax": 25.0, "day_of_year": 181, "uuid": "8008e834-d61e-4802-9479-dc3274b29972", "inat_id": 226054694}}, {"type": "Feature", "geometry": {"type": "Point", "coordinates": [-105.0146111111, 38.7353138889]}, "properties": {"species": "Boletus rubriceps", "date": "2024-06-29", "location": "Manitou Springs, CO 80829, USA", "elevation": 2908.0, "num_identification_agreements": 2, "tavg": null, "tmin": 15.0, "tmax": 25.0, "day_of_year": 181, "uuid": "a2c03ec4-46fd-4167-98af-929e23d7c7d3", "inat_id": 226025549}}, {"type": "Feature", "geometry": {"type": "Point", "coordinates": [-105.0157322, 38.7345382997]}, "properties": {"species": "Boletus rubriceps", "date": "2024-06-29", "location": "Manitou Springs, CO 80829, USA", "elevation": 2908.0, "num_identification_agreements": 2, "tavg": null, "tmin": 15.0, "tmax": 25.0, "day_of_year": 181, "uuid": "ff5a89dd-cbb1-4641-bb4a-0603205e5261", "inat_id": 226017978}}, {"type": "Feature", "geometry": {"type": "Point", "coordinates": [-105.0692682148, 38.7893077042]}, "properties": {"species": "Boletus rubriceps", "date": "2024-06-29", "location": "Colorado, US", "elevation": 3402.0, "num_identification_agreements": 3, "tavg": null, "tmin": 15.0, "tmax": 25.0, "day_of_year": 181, "uuid": "4e11a355-caa3-4ecb-94bf-d9787f8a5e29", "inat_id": 226012569}}, {"type": "Feature", "geometry": {"type": "Point", "coordinates": [-106.496545, 37.2537383333]}, "properties": {"species": "Boletus rubriceps", "date": "2024-06-27", "location": "Rio Grande National Forest, Antonito, CO, US", "elevation": 3289.0, "num_identification_agreements": 2, "tavg": null, "tmin": 3.0, "tmax": 13.0, "day_of_year": 179, "uuid": "772ae12f-0bc1-4a6e-8589-d1f559484cee", "inat_id": 225647518}}, {"type": "Feature", "geometry": {"type": "Point", "coordinates": [-104.9973587, 37.968483]}, "properties": {"species": "Boletus rubriceps", "date": "2024-06-22", "location": "Pueblo County, US-CO, US", "elevation": 2423.0, "num_identification_agreements": 1, "tavg": null, "tmin": 19.1, "tmax": 33.0, "day_of_year": 174, "uuid": "729c392e-4c7b-43a3-9d16-b48d901839dd", "inat_id": 224507713}}, {"type": "Feature", "geometry": {"type": "Point", "coordinates": [-106.4324086332, 35.9999510097]}, "properties": {"species": "Boletus rubriceps", "date": "2024-06-11", "location": "Sandoval County, US-NM, US", "elevation": 3125.0, "num_identification_agreements": 2, "tavg": null, "tmin": 12.9, "tmax": 25.6, "day_of_year": 163, "uuid": "6d6a1f08-a115-404b-87a8-2e908a1aa2cf", "inat_id": 224084170}}, {"type": "Feature", "geometry": {"type": "Point", "coordinates": [-106.8583374704, 40.5886788699]}, "properties": {"species": "Boletus rubriceps", "date": "2024-06-19", "location": "Routt County, US-CO, US", "elevation": 2221.0, "num_identification_agreements": 2, "tavg": null, "tmin": 4.1, "tmax": 24.1, "day_of_year": 171, "uuid": "d6872243-61a7-4712-ae5b-545ea695901e", "inat_id": 223922237}}, {"type": "Feature", "geometry": {"type": "Point", "coordinates": [-106.8866886727, 40.5664836998]}, "properties": {"species": "Boletus rubriceps", "date": "2024-06-15", "location": "Swamp Park Trail, Steamboat Springs, CO, US", "elevation": 2111.0, "num_identification_agreements": 3, "tavg": null, "tmin": 5.7, "tmax": 26.1, "day_of_year": 167, "uuid": "1e2dcd9b-cc4a-465e-b8c9-64270af79a8a", "inat_id": 223375767}}, {"type": "Feature", "geometry": {"type": "Point", "coordinates": [-105.0663694, 38.8624891]}, "properties": {"species": "Boletus rubriceps", "date": "2022-07-27", "location": "Devils Playground, Colorado 80809, USA", "elevation": 4001.0, "num_identification_agreements": 2, "tavg": null, "tmin": 15.0, "tmax": 28.0, "day_of_year": 208, "uuid": "ff804cf6-ea03-49ca-97e0-9ad6cbfc8028", "inat_id": 218263973}}, {"type": "Feature", "geometry": {"type": "Point", "coordinates": [-105.6781500558, 40.3352794963]}, "properties": {"species": "Boletus rubriceps", "date": "2010-08-07", "location": "Larimer County, CO, USA", "elevation": 2989.0, "num_identification_agreements": 1, "tavg": null, "tmin": null, "tmax": null, "day_of_year": 219, "uuid": "616096d3-44fa-4d32-82ab-5cfe4e4b55e0", "inat_id": 208178423}}, {"type": "Feature", "geometry": {"type": "Point", "coordinates": [-105.2692255215, 39.4799029475]}, "properties": {"species": "Boletus rubriceps", "date": "2023-08-26", "location": "Colorado, US", "elevation": 2692.0, "num_identification_agreements": 2, "tavg": null, "tmin": 13.9, "tmax": 25.6, "day_of_year": 238, "uuid": "5b042d69-34ce-4032-8b9b-81c55f025370", "inat_id": 202359887}}, {"type": "Feature", "geometry": {"type": "Point", "coordinates": [-105.280069177, 39.5755127492]}, "properties": {"species": "Boletus rubriceps", "date": "2023-07-22", "location": "Colorado, US", "elevation": 2349.0, "num_identification_agreements": 2, "tavg": null, "tmin": 14.4, "tmax": 29.4, "day_of_year": 203, "uuid": "63f09fcd-7239-434e-ad49-1f4e09a835dd", "inat_id": 202359881}}, {"type": "Feature", "geometry": {"type": "Point", "coordinates": [-106.9187956381, 38.1319240479]}, "properties": {"species": "Boletus rubriceps", "date": "2022-08-05", "location": "Saguache County, CO, USA", "elevation": 2964.0, "num_identification_agreements": 3, "tavg": null, "tmin": 12.2, "tmax": 27.2, "day_of_year": 217, "uuid": "5677f85c-ad14-42e3-8685-0393b7900a3f", "inat_id": 196693477}}, {"type": "Feature", "geometry": {"type": "Point", "coordinates": [-106.9187956381, 38.1319240479]}, "properties": {"species": "Boletus rubriceps", "date": "2022-08-12", "location": "Saguache County, CO, USA", "elevation": 2964.0, "num_identification_agreements": 2, "tavg": null, "tmin": 7.8, "tmax": 30.0, "day_of_year": 224, "uuid": "f832306b-510a-4fba-b261-23f284b1e631", "inat_id": 196693448}}, {"type": "Feature", "geometry": {"type": "Point", "coordinates": [-105.65023, 40.3130633333]}, "properties": {"species": "Boletus rubriceps", "date": "2021-07-22", "location": "Rocky Mountain National Park, Estes Park, CO, US", "elevation": 2920.0, "num_identification_agreements": 3, "tavg": null, "tmin": 8.9, "tmax": 26.6, "day_of_year": 203, "uuid": "786bcee5-8f6f-45b4-860a-d97a28025c0b", "inat_id": 195505162}}, {"type": "Feature", "geometry": {"type": "Point", "coordinates": [-106.2734937997, 41.4577619]}, "properties": {"species": "Boletus rubriceps", "date": "2023-08-19", "location": "Rock River, WY 82083, USA", "elevation": 3089.0, "num_identification_agreements": 1, "tavg": null, "tmin": 14.4, "tmax": 25.7, "day_of_year": 231, "uuid": "a29492ab-bb47-4e95-80da-c648619e9114", "inat_id": 195035125}}, {"type": "Feature", "geometry": {"type": "Point", "coordinates": [-106.4375444444, 36.9767944444]}, "properties": {"species": "Boletus rubriceps", "date": "2022-08-05", "location": "Rio Arriba County, NM, USA", "elevation": 3286.0, "num_identification_agreements": 1, "tavg": null, "tmin": null, "tmax": null, "day_of_year": 217, "uuid": "f6c8172c-5426-434d-ba75-aa9a71d1b48a", "inat_id": 192735022}}, {"type": "Feature", "geometry": {"type": "Point", "coordinates": [-105.57785, 40.2743216667]}, "properties": {"species": "Boletus rubriceps", "date": "2021-08-05", "location": "Rocky Mountain National Park, Estes Park, CO, US", "elevation": 3189.0, "num_identification_agreements": 2, "tavg": null, "tmin": 5.8, "tmax": 26.0, "day_of_year": 217, "uuid": "acc5132f-c8ed-4220-9ba7-f21cd5f4a764", "inat_id": 191971629}}, {"type": "Feature", "geometry": {"type": "Point", "coordinates": [-105.8215161232, 40.4124980546]}, "properties": {"species": "Boletus rubriceps", "date": "2023-08-27", "location": "Rocky Mountain National Park, Grand Lake, CO, US", "elevation": 3242.0, "num_identification_agreements": 1, "tavg": null, "tmin": 8.7, "tmax": 22.1, "day_of_year": 239, "uuid": "19384f1a-8d86-4897-ad7f-af247659b738", "inat_id": 189082447}}, {"type": "Feature", "geometry": {"type": "Point", "coordinates": [-105.4461145028, 36.5979900728]}, "properties": {"species": "Boletus rubriceps", "date": "2023-09-13", "location": "Taos Ski Valley, NM 87525, USA", "elevation": 3013.0, "num_identification_agreements": 1, "tavg": null, "tmin": 4.7, "tmax": 17.8, "day_of_year": 256, "uuid": "ba205dbf-5595-4415-b7bd-2725ad0bed60", "inat_id": 184117140}}, {"type": "Feature", "geometry": {"type": "Point", "coordinates": [-105.5576777778, 40.166975]}, "properties": {"species": "Boletus rubriceps", "date": "2023-09-17", "location": "Allenspark, CO, USA", "elevation": 3148.0, "num_identification_agreements": 1, "tavg": null, "tmin": 10.0, "tmax": 27.0, "day_of_year": 260, "uuid": "22659592-569f-4abf-b909-a71961f9addb", "inat_id": 183796140}}, {"type": "Feature", "geometry": {"type": "Point", "coordinates": [-109.0567333333, 42.68323]}, "properties": {"species": "Boletus rubriceps", "date": "2023-09-08", "location": "Popo Agie Wilderness, Lander, WY, US", "elevation": 2963.0, "num_identification_agreements": 1, "tavg": null, "tmin": 13.0, "tmax": 20.0, "day_of_year": 251, "uuid": "35ac98f3-f545-4794-84de-344f9eaa7bd9", "inat_id": 182802732}}, {"type": "Feature", "geometry": {"type": "Point", "coordinates": [-105.524605, 40.1304028333]}, "properties": {"species": "Boletus rubriceps", "date": "2021-07-16", "location": "Lyons, CO, US", "elevation": 2656.0, "num_identification_agreements": 2, "tavg": null, "tmin": 14.0, "tmax": 32.0, "day_of_year": 197, "uuid": "a698f5a6-39d9-49d5-8f2c-00746d9d67df", "inat_id": 181431985}}, {"type": "Feature", "geometry": {"type": "Point", "coordinates": [-105.50047383, 39.69088935]}, "properties": {"species": "Boletus rubriceps", "date": "2023-09-01", "location": "Clear Creek County, US-CO, US", "elevation": 3187.0, "num_identification_agreements": 1, "tavg": null, "tmin": 3.6, "tmax": 16.0, "day_of_year": 244, "uuid": "d53073d8-fb20-4efd-9762-ff999be2c05d", "inat_id": 181297261}}, {"type": "Feature", "geometry": {"type": "Point", "coordinates": [-105.8709287276, 39.4384207813]}, "properties": {"species": "Boletus rubriceps", "date": "2023-08-29", "location": "Colorado, US", "elevation": 3272.0, "num_identification_agreements": 3, "tavg": null, "tmin": 0.8, "tmax": 13.6, "day_of_year": 241, "uuid": "f04ae566-d379-4f14-9d05-b12622cecd35", "inat_id": 180877876}}, {"type": "Feature", "geometry": {"type": "Point", "coordinates": [-105.8750908475, 39.4285817384]}, "properties": {"species": "Boletus rubriceps", "date": "2023-08-29", "location": "Colorado, US", "elevation": 3339.0, "num_identification_agreements": 2, "tavg": null, "tmin": 0.8, "tmax": 13.6, "day_of_year": 241, "uuid": "0b6ad636-915c-4cfb-b2ce-6ef5379af64e", "inat_id": 180877865}}, {"type": "Feature", "geometry": {"type": "Point", "coordinates": [-105.9604137582, 39.4247645915]}, "properties": {"species": "Boletus rubriceps", "date": "2023-08-29", "location": "Colorado, US", "elevation": 3700.0, "num_identification_agreements": 3, "tavg": null, "tmin": 2.8, "tmax": 22.2, "day_of_year": 241, "uuid": "5a082568-e1e1-453d-bd8e-6295a2f66a6c", "inat_id": 180877840}}, {"type": "Feature", "geometry": {"type": "Point", "coordinates": [-105.3882324323, 39.4924725772]}, "properties": {"species": "Boletus rubriceps", "date": "2023-08-10", "location": "Pine Junction Area, CO, USA", "elevation": 2470.0, "num_identification_agreements": 4, "tavg": null, "tmin": 3.1, "tmax": 13.1, "day_of_year": 222, "uuid": "df41b756-e1e5-44d0-b486-6b448be322a0", "inat_id": 180691221}}, {"type": "Feature", "geometry": {"type": "Point", "coordinates": [-105.6385116667, 39.950025]}, "properties": {"species": "Boletus rubriceps", "date": "2023-08-27", "location": "King Lake, Nederland, CO, US", "elevation": 3076.0, "num_identification_agreements": 2, "tavg": null, "tmin": 2.4, "tmax": 14.2, "day_of_year": 239, "uuid": "fb410dd1-d261-4df1-98ac-057197e27894", "inat_id": 180542627}}, {"type": "Feature", "geometry": {"type": "Point", "coordinates": [-105.8091129363, 35.8057083408]}, "properties": {"species": "Boletus rubriceps", "date": "2023-08-26", "location": "Taos, NM 87571, USA", "elevation": 3262.0, "num_identification_agreements": 1, "tavg": null, "tmin": 17.2, "tmax": 28.9, "day_of_year": 238, "uuid": "54a3c42d-f753-4f21-a6af-2747ace7628a", "inat_id": 180464505}}, {"type": "Feature", "geometry": {"type": "Point", "coordinates": [-105.196872447, 38.1341632303]}, "properties": {"species": "Boletus rubriceps", "date": "2023-08-19", "location": "Colorado, US", "elevation": 2752.0, "num_identification_agreements": 2, "tavg": null, "tmin": 19.2, "tmax": 36.3, "day_of_year": 231, "uuid": "bf18a87e-27b5-45c5-bb21-57b1e4cda01c", "inat_id": 179440739}}, {"type": "Feature", "geometry": {"type": "Point", "coordinates": [-105.9537666667, 39.5674133333]}, "properties": {"species": "Boletus rubriceps", "date": "2023-08-19", "location": "White River National Forest, Dillon, CO, US", "elevation": 3070.0, "num_identification_agreements": 3, "tavg": null, "tmin": 4.0, "tmax": 16.1, "day_of_year": 231, "uuid": "f483e883-01bc-487d-8a42-3ff9cf417486", "inat_id": 179248777}}, {"type": "Feature", "geometry": {"type": "Point", "coordinates": [-105.4734333333, 40.4804616667]}, "properties": {"species": "Boletus rubriceps", "date": "2023-07-24", "location": "Estes Park, CO, US", "elevation": 2437.0, "num_identification_agreements": 2, "tavg": null, "tmin": 16.1, "tmax": 35.6, "day_of_year": 205, "uuid": "8f86c9ed-cada-4089-be0f-bd1f7517aa8a", "inat_id": 179043580}}, {"type": "Feature", "geometry": {"type": "Point", "coordinates": [-104.9425170724, 38.6217151332]}, "properties": {"species": "Boletus rubriceps", "date": "2023-08-14", "location": "Colorado, US", "elevation": 2337.0, "num_identification_agreements": 3, "tavg": null, "tmin": 13.0, "tmax": 22.0, "day_of_year": 226, "uuid": "78166389-bde5-496a-a6a0-713a7a27ab8d", "inat_id": 178774184}}, {"type": "Feature", "geometry": {"type": "Point", "coordinates": [-105.656325, 39.90175]}, "properties": {"species": "Boletus rubriceps", "date": "2022-08-27", "location": "Forest Lakes, Black Hawk, CO, US", "elevation": 3026.0, "num_identification_agreements": 3, "tavg": null, "tmin": 1.5, "tmax": 11.9, "day_of_year": 239, "uuid": "ddb96438-d5af-4f8b-bf42-68db3d802283", "inat_id": 178518908}}, {"type": "Feature", "geometry": {"type": "Point", "coordinates": [-107.9672174269, 39.0939476264]}, "properties": {"species": "Boletus rubriceps", "date": "2022-07-27", "location": "Colorado, US", "elevation": 2923.0, "num_identification_agreements": 1, "tavg": null, "tmin": 16.6, "tmax": 32.9, "day_of_year": 208, "uuid": "1932d57e-5046-41e9-9b48-7521baebcc4e", "inat_id": 178469934}}, {"type": "Feature", "geometry": {"type": "Point", "coordinates": [-105.3033334577, 39.5203487733]}, "properties": {"species": "Boletus rubriceps", "date": "2023-08-13", "location": "Pleasant Park Rd, Conifer, CO, US", "elevation": 2563.0, "num_identification_agreements": 2, "tavg": null, "tmin": 15.0, "tmax": 20.6, "day_of_year": 225, "uuid": "d5f0a5da-3dfb-4638-95a4-7f0596c30cd9", "inat_id": 178391310}}, {"type": "Feature", "geometry": {"type": "Point", "coordinates": [-105.3728013536, 39.8646185757]}, "properties": {"species": "Boletus rubriceps", "date": "2023-08-13", "location": "Coal Creek Canyon, CO 80403, USA", "elevation": 2656.0, "num_identification_agreements": 2, "tavg": null, "tmin": 17.0, "tmax": 23.0, "day_of_year": 225, "uuid": "02cc19d4-634f-4e92-a2b2-e4c4757ea10a", "inat_id": 178284895}}, {"type": "Feature", "geometry": {"type": "Point", "coordinates": [-105.57898, 39.7620783333]}, "properties": {"species": "Boletus rubriceps", "date": "2023-08-11", "location": "Stanley Rd, Idaho Springs, CO, US", "elevation": 2390.0, "num_identification_agreements": 2, "tavg": null, "tmin": 1.5, "tmax": 14.3, "day_of_year": 223, "uuid": "dfa49f6d-4824-453a-9672-dc05e6b825aa", "inat_id": 178126282}}, {"type": "Feature", "geometry": {"type": "Point", "coordinates": [-105.4291916667, 39.690995]}, "properties": {"species": "Boletus rubriceps", "date": "2023-07-10", "location": "Evergreen, CO, US", "elevation": 2598.0, "num_identification_agreements": 2, "tavg": null, "tmin": 2.9, "tmax": 15.4, "day_of_year": 191, "uuid": "3e8f3a3d-d8d7-4591-a08e-c9b9fc32daec", "inat_id": 178116018}}, {"type": "Feature", "geometry": {"type": "Point", "coordinates": [-105.5802833333, 40.0477611667]}, "properties": {"species": "Boletus rubriceps", "date": "2023-08-12", "location": "Ward, CO, US", "elevation": 3349.0, "num_identification_agreements": 6, "tavg": null, "tmin": 7.6, "tmax": 22.4, "day_of_year": 224, "uuid": "f50bc712-17f9-4a9f-ae1f-6398808b3dd3", "inat_id": 178113960}}, {"type": "Feature", "geometry": {"type": "Point", "coordinates": [-105.5772451191, 40.0472665458]}, "properties": {"species": "Boletus rubriceps", "date": "2023-08-12", "location": "Ward, CO, US", "elevation": 3332.0, "num_identification_agreements": 5, "tavg": null, "tmin": 7.6, "tmax": 22.4, "day_of_year": 224, "uuid": "80f88aa4-21af-4d85-b70a-71bd418f04cc", "inat_id": 178078959}}, {"type": "Feature", "geometry": {"type": "Point", "coordinates": [-105.5762333333, 40.0468971667]}, "properties": {"species": "Boletus rubriceps", "date": "2023-08-11", "location": "Ward, CO, US", "elevation": 3327.0, "num_identification_agreements": 2, "tavg": null, "tmin": 5.3, "tmax": 23.2, "day_of_year": 223, "uuid": "9ce70a3b-1637-46f7-84ff-fe75ff04941f", "inat_id": 177934366}}, {"type": "Feature", "geometry": {"type": "Point", "coordinates": [-106.2334583333, 41.4590916667]}, "properties": {"species": "Boletus rubriceps", "date": "2023-08-10", "location": "Medicine Bow National Forest, Carbon County, WY, USA", "elevation": 3026.0, "num_identification_agreements": 1, "tavg": null, "tmin": 11.2, "tmax": 24.3, "day_of_year": 222, "uuid": "635dfe22-b0a5-4ddf-a44e-22c2ce646140", "inat_id": 177927872}}, {"type": "Feature", "geometry": {"type": "Point", "coordinates": [-105.8487678879, 40.4529601476]}, "properties": {"species": "Boletus rubriceps", "date": "2023-08-07", "location": "Rocky Mountain, Rocky Mountain National Park, Rocky Mountain National Park, Grand County, US-CO, US", "elevation": 2896.0, "num_identification_agreements": 2, "tavg": null, "tmin": 3.9, "tmax": 19.3, "day_of_year": 219, "uuid": "113ab3d2-bb13-4026-8008-eeacf702edcd", "inat_id": 177750878}}, {"type": "Feature", "geometry": {"type": "Point", "coordinates": [-106.049121566, 39.3571181652]}, "properties": {"species": "Boletus rubriceps", "date": "2021-08-24", "location": "Colorado, US", "elevation": 3673.0, "num_identification_agreements": 3, "tavg": null, "tmin": 3.9, "tmax": 22.2, "day_of_year": 236, "uuid": "81df9609-c6f0-4fab-bfbf-8696238fcd09", "inat_id": 177460887}}, {"type": "Feature", "geometry": {"type": "Point", "coordinates": [-106.9203716667, 41.0962611667]}, "properties": {"species": "Boletus rubriceps", "date": "2023-08-08", "location": "Encampment, WY, US", "elevation": 3113.0, "num_identification_agreements": 1, "tavg": null, "tmin": 10.0, "tmax": 23.0, "day_of_year": 220, "uuid": "1b2b9940-30c6-46be-9a3b-3f19e9bc40d0", "inat_id": 177433169}}, {"type": "Feature", "geometry": {"type": "Point", "coordinates": [-106.9526883333, 40.80862]}, "properties": {"species": "Boletus rubriceps", "date": "2023-08-03", "location": "Steamboat Lake State Park, Clark, CO, US", "elevation": 2460.0, "num_identification_agreements": 1, "tavg": null, "tmin": 11.0, "tmax": 24.6, "day_of_year": 215, "uuid": "d4bdafb6-df80-4477-a221-3e175fd3b264", "inat_id": 177416405}}, {"type": "Feature", "geometry": {"type": "Point", "coordinates": [-105.6570155, 40.2922444]}, "properties": {"species": "Boletus rubriceps", "date": "2023-07-31", "location": "The Loch, Colorado 80517, USA", "elevation": 3110.0, "num_identification_agreements": 2, "tavg": null, "tmin": 11.0, "tmax": 25.7, "day_of_year": 212, "uuid": "d0f3398e-ca19-456c-86d1-05bb84d4457c", "inat_id": 177274147}}, {"type": "Feature", "geometry": {"type": "Point", "coordinates": [-105.5795815796, 40.0323189018]}, "properties": {"species": "Boletus rubriceps", "date": "2023-08-05", "location": "Colorado, US", "elevation": 3165.0, "num_identification_agreements": 2, "tavg": null, "tmin": 5.0, "tmax": 23.7, "day_of_year": 217, "uuid": "7956c6bd-1847-4064-8321-7939fa39bd96", "inat_id": 176814698}}, {"type": "Feature", "geometry": {"type": "Point", "coordinates": [-105.5909454197, 40.3678154288]}, "properties": {"species": "Boletus rubriceps", "date": "2023-08-02", "location": "Rocky Mountain National Park, Estes Park, CO, US", "elevation": 2525.0, "num_identification_agreements": 2, "tavg": null, "tmin": 10.0, "tmax": 22.6, "day_of_year": 214, "uuid": "8e12761a-a3b2-475e-ac5b-dcfbd50b58c1", "inat_id": 176293682}}, {"type": "Feature", "geometry": {"type": "Point", "coordinates": [-105.4508583333, 39.6809111111]}, "properties": {"species": "Boletus rubriceps", "date": "2023-07-29", "location": "Evergreen, CO 80439, USA", "elevation": 2742.0, "num_identification_agreements": 1, "tavg": null, "tmin": 4.0, "tmax": 18.6, "day_of_year": 210, "uuid": "f491f48d-161e-419f-b38e-a617106e18ad", "inat_id": 175620615}}, {"type": "Feature", "geometry": {"type": "Point", "coordinates": [-105.4513833333, 39.683]}, "properties": {"species": "Boletus rubriceps", "date": "2023-07-29", "location": "Evergreen, CO 80439, USA", "elevation": 2713.0, "num_identification_agreements": 2, "tavg": null, "tmin": 4.0, "tmax": 18.6, "day_of_year": 210, "uuid": "7a21fb69-fc07-40e5-8dac-a6611e3a0150", "inat_id": 175619995}}, {"type": "Feature", "geometry": {"type": "Point", "coordinates": [-105.4682823957, 39.6940063672]}, "properties": {"species": "Boletus rubriceps", "date": "2023-07-29", "location": "Clear Creek County, US-CO, US", "elevation": 2765.0, "num_identification_agreements": 3, "tavg": null, "tmin": 4.0, "tmax": 18.6, "day_of_year": 210, "uuid": "9ec76a8a-34c9-45f6-86bf-83e3ed48c589", "inat_id": 175616963}}, {"type": "Feature", "geometry": {"type": "Point", "coordinates": [-105.4039625905, 39.7633760169]}, "properties": {"species": "Boletus rubriceps", "date": "2023-07-28", "location": "Colorado, US", "elevation": 2452.0, "num_identification_agreements": 2, "tavg": null, "tmin": 18.0, "tmax": 34.0, "day_of_year": 209, "uuid": "b79cfb9d-b8b3-4311-9b4d-e9c9ebb5a142", "inat_id": 175424088}}, {"type": "Feature", "geometry": {"type": "Point", "coordinates": [-105.7089212528, 40.8521545813]}, "properties": {"species": "Boletus rubriceps", "date": "2023-07-26", "location": "United States", "elevation": 2935.0, "num_identification_agreements": 2, "tavg": null, "tmin": 15.1, "tmax": 26.1, "day_of_year": 207, "uuid": "d1120301-1bc9-41a4-baed-83fb53907216", "inat_id": 175123482}}, {"type": "Feature", "geometry": {"type": "Point", "coordinates": [-105.33745, 39.5450611111]}, "properties": {"species": "Boletus rubriceps", "date": "2023-07-21", "location": "Shadow Mountain, CO, USA", "elevation": 2589.0, "num_identification_agreements": 2, "tavg": null, "tmin": 12.8, "tmax": 27.2, "day_of_year": 202, "uuid": "b54d9204-bd79-4c66-98e1-c7ede8594376", "inat_id": 174200575}}, {"type": "Feature", "geometry": {"type": "Point", "coordinates": [-105.4453805556, 39.6776527778]}, "properties": {"species": "Boletus rubriceps", "date": "2023-07-21", "location": "Evergreen, CO 80439, USA", "elevation": 2798.0, "num_identification_agreements": 2, "tavg": null, "tmin": 1.7, "tmax": 14.5, "day_of_year": 202, "uuid": "e8ce3eab-c320-4d00-8bc9-d4068ed17e8f", "inat_id": 174192157}}, {"type": "Feature", "geometry": {"type": "Point", "coordinates": [-105.5884783333, 40.1988366667]}, "properties": {"species": "Boletus rubriceps", "date": "2023-07-21", "location": "Rocky Mountain National Park, Ward, CO, US", "elevation": 2737.0, "num_identification_agreements": 1, "tavg": null, "tmin": 6.7, "tmax": 22.0, "day_of_year": 202, "uuid": "d698095e-b809-41ce-bb2a-290e8458e78b", "inat_id": 174173068}}, {"type": "Feature", "geometry": {"type": "Point", "coordinates": [-105.4241368273, 39.6759602858]}, "properties": {"species": "Boletus rubriceps", "date": "2023-07-19", "location": "Evergreen, CO, US", "elevation": 2959.0, "num_identification_agreements": 3, "tavg": null, "tmin": 2.9, "tmax": 13.7, "day_of_year": 200, "uuid": "0fd1d886-64e4-4346-9d71-aef638d10b01", "inat_id": 173837959}}, {"type": "Feature", "geometry": {"type": "Point", "coordinates": [-105.4470175872, 39.6877096091]}, "properties": {"species": "Boletus rubriceps", "date": "2023-07-19", "location": "Idaho Springs, CO, US", "elevation": 2688.0, "num_identification_agreements": 2, "tavg": null, "tmin": 2.9, "tmax": 13.7, "day_of_year": 200, "uuid": "5374d376-7db0-41d8-8992-bb7718431cf9", "inat_id": 173836483}}, {"type": "Feature", "geometry": {"type": "Point", "coordinates": [-105.4464996607, 39.6818145041]}, "properties": {"species": "Boletus rubriceps", "date": "2023-07-19", "location": "Mestaa\u2019\u0117hehe Pass, Evergreen, CO, US", "elevation": 2803.0, "num_identification_agreements": 2, "tavg": null, "tmin": 2.9, "tmax": 13.7, "day_of_year": 200, "uuid": "f6d07652-5186-4eaa-8e5e-040a0618efea", "inat_id": 173836348}}, {"type": "Feature", "geometry": {"type": "Point", "coordinates": [-105.3761651739, 39.5635648535]}, "properties": {"species": "Boletus rubriceps", "date": "2023-07-16", "location": "Shadow Mountain, CO, USA", "elevation": 2578.0, "num_identification_agreements": 2, "tavg": null, "tmin": 3.8, "tmax": 16.4, "day_of_year": 197, "uuid": "055579a7-ae5a-407c-b855-8c93ffee3ebb", "inat_id": 173359651}}, {"type": "Feature", "geometry": {"type": "Point", "coordinates": [-105.4397006705, 36.5780156927]}, "properties": {"species": "Boletus rubriceps", "date": "2022-08-24", "location": "Taos Ski Valley", "elevation": 3110.0, "num_identification_agreements": 1, "tavg": null, "tmin": 6.3, "tmax": 21.0, "day_of_year": 236, "uuid": "348a5d11-e256-4c24-99dd-6a8df4583f4c", "inat_id": 173303128}}, {"type": "Feature", "geometry": {"type": "Point", "coordinates": [-105.4321608174, 40.1123164009]}, "properties": {"species": "Boletus rubriceps", "date": "2023-07-09", "location": "Colorado, US", "elevation": 2566.0, "num_identification_agreements": 2, "tavg": null, "tmin": 13.0, "tmax": 27.0, "day_of_year": 190, "uuid": "b03311e4-e5c2-4120-8263-db3133830881", "inat_id": 172377673}}, {"type": "Feature", "geometry": {"type": "Point", "coordinates": [-105.506118669, 40.0027435269]}, "properties": {"species": "Boletus rubriceps", "date": "2023-07-08", "location": "Colorado, US", "elevation": 2657.0, "num_identification_agreements": 1, "tavg": null, "tmin": 14.0, "tmax": 24.0, "day_of_year": 189, "uuid": "75b11533-f41c-4aa0-bccd-91f39802ed4a", "inat_id": 172371998}}, {"type": "Feature", "geometry": {"type": "Point", "coordinates": [-105.5126503725, 40.1163316279]}, "properties": {"species": "Boletus rubriceps", "date": "2023-07-08", "location": "Colorado, US", "elevation": 2813.0, "num_identification_agreements": 1, "tavg": null, "tmin": 14.0, "tmax": 24.0, "day_of_year": 189, "uuid": "4e21a26d-3899-47a0-a869-4da6a8479e79", "inat_id": 172364879}}, {"type": "Feature", "geometry": {"type": "Point", "coordinates": [-105.5837404511, 40.1604917405]}, "properties": {"species": "Boletus rubriceps", "date": "2023-07-07", "location": "Colorado, US", "elevation": 3686.0, "num_identification_agreements": 2, "tavg": null, "tmin": 4.0, "tmax": 24.6, "day_of_year": 188, "uuid": "84a1985d-92db-48f6-bbf2-150b7e5c0c4d", "inat_id": 171639141}}, {"type": "Feature", "geometry": {"type": "Point", "coordinates": [-105.7351069271, 40.3902581301]}, "properties": {"species": "Boletus rubriceps", "date": "2021-07-24", "location": "Colorado, US", "elevation": 3152.0, "num_identification_agreements": 1, "tavg": null, "tmin": 11.0, "tmax": 25.3, "day_of_year": 205, "uuid": "3b6a9bfa-954f-4933-8180-fa7c1c2452c7", "inat_id": 171036159}}, {"type": "Feature", "geometry": {"type": "Point", "coordinates": [-105.7820675522, 39.513142714]}, "properties": {"species": "Boletus rubriceps", "date": "2022-08-06", "location": "Colorado", "elevation": 3442.0, "num_identification_agreements": 2, "tavg": null, "tmin": 5.4, "tmax": 16.7, "day_of_year": 218, "uuid": "4f5b9369-77cf-4c63-a891-0815cf541dd8", "inat_id": 170765108}}, {"type": "Feature", "geometry": {"type": "Point", "coordinates": [-103.5635533333, 43.845045]}, "properties": {"species": "Boletus rubriceps", "date": "2023-07-01", "location": "Custer State Park, Custer, SD, US", "elevation": 1887.0, "num_identification_agreements": 1, "tavg": null, "tmin": 8.3, "tmax": 23.9, "day_of_year": 182, "uuid": "030b2a21-2375-4e95-8be1-403657e65f1a", "inat_id": 170642491}}, {"type": "Feature", "geometry": {"type": "Point", "coordinates": [-105.4845292338, 40.0416804227]}, "properties": {"species": "Boletus rubriceps", "date": "2023-06-16", "location": "Colorado, US", "elevation": 2679.0, "num_identification_agreements": 2, "tavg": null, "tmin": 10.0, "tmax": 17.0, "day_of_year": 167, "uuid": "d3971595-d8fa-4e95-8aeb-1d2837cf66e4", "inat_id": 167798294}}, {"type": "Feature", "geometry": {"type": "Point", "coordinates": [-105.4437817276, 40.0094561048]}, "properties": {"species": "Boletus rubriceps", "date": "2023-06-16", "location": "Colorado, US", "elevation": 2411.0, "num_identification_agreements": 2, "tavg": null, "tmin": 10.0, "tmax": 17.0, "day_of_year": 167, "uuid": "7dafc153-c878-4f2f-9dac-2cc1aa1aa840", "inat_id": 167798036}}, {"type": "Feature", "geometry": {"type": "Point", "coordinates": [-105.3180296347, 39.3478441871]}, "properties": {"species": "Boletus rubriceps", "date": "2023-06-09", "location": "Pine, CO 80470, USA", "elevation": 2232.0, "num_identification_agreements": 2, "tavg": null, "tmin": 0.5, "tmax": 13.0, "day_of_year": 160, "uuid": "f6b573e7-215a-427e-8b79-bb53edc325b5", "inat_id": 166528658}}, {"type": "Feature", "geometry": {"type": "Point", "coordinates": [-105.3419203092, 39.9379151901]}, "properties": {"species": "Boletus rubriceps", "date": "2023-06-08", "location": "Boulder County, US-CO, US", "elevation": 2082.0, "num_identification_agreements": 1, "tavg": null, "tmin": 13.0, "tmax": 24.0, "day_of_year": 159, "uuid": "c6c07eea-449a-464c-8fba-897ed652c04f", "inat_id": 166311758}}, {"type": "Feature", "geometry": {"type": "Point", "coordinates": [-105.6286916667, 39.62777]}, "properties": {"species": "Boletus rubriceps", "date": "2022-08-04", "location": "Chicago Lakes, Idaho Springs, CO, US", "elevation": 3450.0, "num_identification_agreements": 2, "tavg": null, "tmin": 2.3, "tmax": 16.7, "day_of_year": 216, "uuid": "5abe53a4-8dda-46ba-9469-20fd57e5fde6", "inat_id": 161340962}}, {"type": "Feature", "geometry": {"type": "Point", "coordinates": [-105.6255583093, 39.9837350176]}, "properties": {"species": "Boletus rubriceps", "date": "2022-08-12", "location": "Nederland, CO 80466, USA", "elevation": 3113.0, "num_identification_agreements": 1, "tavg": null, "tmin": 5.6, "tmax": 16.4, "day_of_year": 224, "uuid": "a24e327e-cec3-46df-838c-ff4d858680cf", "inat_id": 158954923}}, {"type": "Feature", "geometry": {"type": "Point", "coordinates": [-105.5927641721, 39.9195573782]}, "properties": {"species": "Boletus rubriceps", "date": "2017-08-09", "location": "Black Hawk, CO, US", "elevation": 2834.0, "num_identification_agreements": 2, "tavg": null, "tmin": null, "tmax": null, "day_of_year": 221, "uuid": "471fe309-567d-4ee5-87a1-5c48b031f724", "inat_id": 155739237}}, {"type": "Feature", "geometry": {"type": "Point", "coordinates": [-106.6043489722, 38.734169]}, "properties": {"species": "Boletus rubriceps", "date": "2021-08-22", "location": "Gunnison County, CO, USA", "elevation": 3072.0, "num_identification_agreements": 3, "tavg": null, "tmin": 5.6, "tmax": 26.1, "day_of_year": 234, "uuid": "271d90ac-458e-4a1d-a503-37cfc0863fdd", "inat_id": 149329736}}, {"type": "Feature", "geometry": {"type": "Point", "coordinates": [-105.9805835411, 40.2638270195]}, "properties": {"species": "Boletus rubriceps", "date": "2021-08-29", "location": "Granby, CO 80446, USA", "elevation": 3331.0, "num_identification_agreements": 2, "tavg": null, "tmin": 5.9, "tmax": 27.9, "day_of_year": 241, "uuid": "07c0568e-dc45-4ad7-86e6-a6eef1d2284b", "inat_id": 149203152}}, {"type": "Feature", "geometry": {"type": "Point", "coordinates": [-106.8343305215, 40.6577839604]}, "properties": {"species": "Boletus rubriceps", "date": "2010-07-31", "location": "Routt County, CO, USA", "elevation": 2690.0, "num_identification_agreements": 3, "tavg": null, "tmin": 16.0, "tmax": 32.0, "day_of_year": 212, "uuid": "6f2c5588-3a23-4461-9d31-2223fdebabb2", "inat_id": 148385367}}, {"type": "Feature", "geometry": {"type": "Point", "coordinates": [-105.6445783333, 39.829645]}, "properties": {"species": "Boletus rubriceps", "date": "2022-07-20", "location": "Idaho Springs, CO, US", "elevation": 3250.0, "num_identification_agreements": 1, "tavg": null, "tmin": 5.8, "tmax": 14.4, "day_of_year": 201, "uuid": "3a3e6859-bd4f-4081-9d02-5791046d9f46", "inat_id": 147178119}}, {"type": "Feature", "geometry": {"type": "Point", "coordinates": [-105.6438286, 39.5883005]}, "properties": {"species": "Boletus rubriceps", "date": "2008-09-05", "location": "Mt Evans, Colorado 80439, USA", "elevation": 4276.0, "num_identification_agreements": 1, "tavg": null, "tmin": null, "tmax": null, "day_of_year": 249, "uuid": "7775ca58-69a7-4c53-ba63-a9e093fe86cd", "inat_id": 146559757}}, {"type": "Feature", "geometry": {"type": "Point", "coordinates": [-107.6082487873, 37.720608184]}, "properties": {"species": "Boletus rubriceps", "date": "2007-08-06", "location": "San Juan County, CO, USA", "elevation": 3050.0, "num_identification_agreements": 1, "tavg": null, "tmin": 12.0, "tmax": 20.0, "day_of_year": 218, "uuid": "a15e7aba-29f0-4a70-8832-f9a315ce1a97", "inat_id": 145713039}}, {"type": "Feature", "geometry": {"type": "Point", "coordinates": [-105.5928074841, 39.6422278231]}, "properties": {"species": "Boletus rubriceps", "date": "2022-08-23", "location": "Clear Creek County, CO, USA", "elevation": 3518.0, "num_identification_agreements": 1, "tavg": null, "tmin": -0.1, "tmax": 12.0, "day_of_year": 235, "uuid": "50bd3146-d65e-40b3-9c66-44727bd2b0a6", "inat_id": 145154315}}, {"type": "Feature", "geometry": {"type": "Point", "coordinates": [-105.85012, 40.4026966667]}, "properties": {"species": "Boletus rubriceps", "date": "2022-08-19", "location": "Rocky Mountain National Park, Granby, CO, US", "elevation": 2757.0, "num_identification_agreements": 1, "tavg": null, "tmin": 6.7, "tmax": 22.1, "day_of_year": 231, "uuid": "51a88337-5c99-41fa-a63c-ddf9ac946181", "inat_id": 143951263}}, {"type": "Feature", "geometry": {"type": "Point", "coordinates": [-107.8122852, 37.9374939]}, "properties": {"species": "Boletus rubriceps", "date": "2013-08-17", "location": "Telluride, CO 81435, USA", "elevation": 2675.0, "num_identification_agreements": 5, "tavg": null, "tmin": 11.0, "tmax": 25.0, "day_of_year": 229, "uuid": "868c3782-309a-4231-b17e-4167210c4485", "inat_id": 143334191}}, {"type": "Feature", "geometry": {"type": "Point", "coordinates": [-105.6160974875, 39.8854928877]}, "properties": {"species": "Boletus rubriceps", "date": "2022-09-07", "location": "Central City, CO, USA", "elevation": 2959.0, "num_identification_agreements": 2, "tavg": null, "tmin": 5.8, "tmax": 17.7, "day_of_year": 250, "uuid": "b5b25fca-77fd-4eab-9af5-c44813914ade", "inat_id": 143161759}}, {"type": "Feature", "geometry": {"type": "Point", "coordinates": [-105.57778, 40.0783111667]}, "properties": {"species": "Boletus rubriceps", "date": "2022-09-05", "location": "Brainard Lake Rd, Ward, CO, US", "elevation": 3166.0, "num_identification_agreements": 2, "tavg": null, "tmin": 5.0, "tmax": 29.0, "day_of_year": 248, "uuid": "dcee5f87-521e-4e32-9951-5d560fce5fb6", "inat_id": 142411139}}, {"type": "Feature", "geometry": {"type": "Point", "coordinates": [-105.1136239825, 38.8554172784]}, "properties": {"species": "Boletus rubriceps", "date": "2022-08-06", "location": "Pike and San Isabel National Forests, Divide, CO, US", "elevation": 3191.0, "num_identification_agreements": 2, "tavg": null, "tmin": 18.4, "tmax": 32.5, "day_of_year": 218, "uuid": "bf34b1f8-c673-4695-9be4-b7e4fc463905", "inat_id": 142111818}}, {"type": "Feature", "geometry": {"type": "Point", "coordinates": [-105.1184991334, 38.8712449305]}, "properties": {"species": "Boletus rubriceps", "date": "2022-07-26", "location": "Pike and San Isabel National Forests, Divide, CO, US", "elevation": 3124.0, "num_identification_agreements": 2, "tavg": null, "tmin": 14.3, "tmax": 29.2, "day_of_year": 207, "uuid": "e5e53805-6b19-46fc-a60c-2dde035544d9", "inat_id": 142111416}}, {"type": "Feature", "geometry": {"type": "Point", "coordinates": [-105.5904833333, 40.1966866667]}, "properties": {"species": "Boletus rubriceps", "date": "2021-07-25", "location": "Rocky Mountain National Park, Ward, CO, US", "elevation": 2770.0, "num_identification_agreements": 4, "tavg": null, "tmin": 7.9, "tmax": 27.2, "day_of_year": 206, "uuid": "0dc0b515-b198-4fc9-b6a2-958b42a019fc", "inat_id": 141897705}}, {"type": "Feature", "geometry": {"type": "Point", "coordinates": [-107.0218239722, 38.968581]}, "properties": {"species": "Boletus rubriceps", "date": "2021-08-04", "location": "Gunnison, Colorado, United States", "elevation": 3391.0, "num_identification_agreements": 1, "tavg": null, "tmin": 7.8, "tmax": 25.0, "day_of_year": 216, "uuid": "b76bfe36-80bd-47da-bc84-a680d305571b", "inat_id": 141862395}}, {"type": "Feature", "geometry": {"type": "Point", "coordinates": [-107.017474, 38.9813869722]}, "properties": {"species": "Boletus rubriceps", "date": "2021-08-04", "location": "Gunnison County, CO, USA", "elevation": 3243.0, "num_identification_agreements": 2, "tavg": null, "tmin": 7.8, "tmax": 25.0, "day_of_year": 216, "uuid": "515e7ff5-3615-4603-a7cb-170759046889", "inat_id": 141088203}}, {"type": "Feature", "geometry": {"type": "Point", "coordinates": [-106.9774749722, 38.959966]}, "properties": {"species": "Boletus rubriceps", "date": "2021-07-31", "location": "Gunnison, Colorado, United States", "elevation": 3006.0, "num_identification_agreements": 2, "tavg": null, "tmin": 10.0, "tmax": 23.3, "day_of_year": 212, "uuid": "e674ef3e-c6cf-43ef-bab2-7ea742d86313", "inat_id": 141082595}}, {"type": "Feature", "geometry": {"type": "Point", "coordinates": [-106.9812898611, 38.9719076111]}, "properties": {"species": "Boletus rubriceps", "date": "2021-08-01", "location": "Gunnison County, CO, USA", "elevation": 3245.0, "num_identification_agreements": 2, "tavg": null, "tmin": 11.1, "tmax": 24.4, "day_of_year": 213, "uuid": "0c6425d6-f465-4afd-aa7a-89c88596547e", "inat_id": 139968863}}, {"type": "Feature", "geometry": {"type": "Point", "coordinates": [-106.9912664722, 38.9613679444]}, "properties": {"species": "Boletus rubriceps", "date": "2021-07-20", "location": "Gunnison County, CO, USA", "elevation": 2933.0, "num_identification_agreements": 2, "tavg": null, "tmin": 14.4, "tmax": 30.0, "day_of_year": 201, "uuid": "4112ea77-8c75-409c-a3ab-a928105111da", "inat_id": 139750570}}, {"type": "Feature", "geometry": {"type": "Point", "coordinates": [-105.4318083333, 36.56515]}, "properties": {"species": "Boletus rubriceps", "date": "2017-09-07", "location": "Taos County, NM, USA", "elevation": 3312.0, "num_identification_agreements": 2, "tavg": null, "tmin": 4.8, "tmax": 20.9, "day_of_year": 250, "uuid": "0cd1ca04-6b5a-46c7-a58c-a75b19799b2d", "inat_id": 139359376}}, {"type": "Feature", "geometry": {"type": "Point", "coordinates": [-105.4319166667, 36.565025]}, "properties": {"species": "Boletus rubriceps", "date": "2017-09-07", "location": "Taos County, NM, USA", "elevation": 3312.0, "num_identification_agreements": 2, "tavg": null, "tmin": 4.8, "tmax": 20.9, "day_of_year": 250, "uuid": "c96469f5-dfe4-4cd6-8e4a-9b0f55adae00", "inat_id": 139359363}}, {"type": "Feature", "geometry": {"type": "Point", "coordinates": [-106.5351882671, 39.5630814476]}, "properties": {"species": "Boletus rubriceps", "date": "2019-08-08", "location": "\u0418\u0433\u043b \u041a\u0430\u0443\u043d\u0442\u0438, \u041a\u043e\u043b\u043e\u0440\u0430\u0434\u043e, \u0421\u0428\u0410", "elevation": 3006.0, "num_identification_agreements": 2, "tavg": null, "tmin": 13.3, "tmax": 28.9, "day_of_year": 220, "uuid": "b99a5213-500d-4f70-a8bc-f1e8773bb9dd", "inat_id": 139206562}}, {"type": "Feature", "geometry": {"type": "Point", "coordinates": [-105.1064138889, 38.8760722222]}, "properties": {"species": "Boletus rubriceps", "date": "2022-08-30", "location": "Teller County, CO, USA", "elevation": 3163.0, "num_identification_agreements": 2, "tavg": null, "tmin": 10.1, "tmax": 28.2, "day_of_year": 242, "uuid": "6a35a770-83e7-4ae1-bfff-e03c9d44e78d", "inat_id": 139083506}}, {"type": "Feature", "geometry": {"type": "Point", "coordinates": [-105.1064138889, 38.8760305556]}, "properties": {"species": "Boletus rubriceps", "date": "2022-08-30", "location": "Teller, Colorado, United States", "elevation": 3163.0, "num_identification_agreements": 3, "tavg": null, "tmin": 10.1, "tmax": 28.2, "day_of_year": 242, "uuid": "6b3c90f1-4e68-423f-a434-7656d30aada0", "inat_id": 139076300}}, {"type": "Feature", "geometry": {"type": "Point", "coordinates": [-105.7337986111, 40.2303581111]}, "properties": {"species": "Boletus rubriceps", "date": "2022-08-08", "location": "Allenspark, CO 80510, USA", "elevation": 3013.0, "num_identification_agreements": 3, "tavg": null, "tmin": 7.3, "tmax": 28.0, "day_of_year": 220, "uuid": "d22a1d8f-0989-47d4-b5f5-5fd24c8114cc", "inat_id": 139006811}}, {"type": "Feature", "geometry": {"type": "Point", "coordinates": [-105.5665413, 40.2077465]}, "properties": {"species": "Boletus rubriceps", "date": "2022-07-25", "location": "Allenspark, CO 80510, USA", "elevation": 2597.0, "num_identification_agreements": 1, "tavg": null, "tmin": 11.5, "tmax": 25.5, "day_of_year": 206, "uuid": "5e798137-5c5b-4fe2-9c22-9255df9f4e06", "inat_id": 137079168}}, {"type": "Feature", "geometry": {"type": "Point", "coordinates": [-107.130474709, 40.15129209]}, "properties": {"species": "Boletus rubriceps", "date": "2021-08-15", "location": "Meeker, CO 81641, USA", "elevation": 3011.0, "num_identification_agreements": 2, "tavg": null, "tmin": 15.6, "tmax": 30.6, "day_of_year": 227, "uuid": "235c0d27-eabe-4ad1-9e20-f0a3e064e5dc", "inat_id": 136904890}}, {"type": "Feature", "geometry": {"type": "Point", "coordinates": [-107.3420988408, 40.1332214691]}, "properties": {"species": "Boletus rubriceps", "date": "2022-07-31", "location": "Rio Blanco County, CO, USA", "elevation": 3198.0, "num_identification_agreements": 2, "tavg": null, "tmin": 13.3, "tmax": 29.4, "day_of_year": 212, "uuid": "db4ee32e-9636-458c-a98e-ed80542f1c48", "inat_id": 136533073}}, {"type": "Feature", "geometry": {"type": "Point", "coordinates": [-106.9305116667, 38.5785866667]}, "properties": {"species": "Boletus rubriceps", "date": "2022-08-26", "location": "Gunnison County, US-CO, US", "elevation": 2371.0, "num_identification_agreements": 3, "tavg": null, "tmin": 11.1, "tmax": 18.3, "day_of_year": 238, "uuid": "9d87d2ae-298d-4d09-8979-839fe764910e", "inat_id": 136531720}}, {"type": "Feature", "geometry": {"type": "Point", "coordinates": [-106.5530116659, 36.8688813952]}, "properties": {"species": "Boletus rubriceps", "date": "2022-08-24", "location": "United States", "elevation": 2464.0, "num_identification_agreements": 1, "tavg": null, "tmin": null, "tmax": null, "day_of_year": 236, "uuid": "fba7857a-9fce-496f-a073-0d6bcb76298b", "inat_id": 135829796}}, {"type": "Feature", "geometry": {"type": "Point", "coordinates": [-105.7795767962, 39.61084598]}, "properties": {"species": "Boletus rubriceps", "date": "2022-09-19", "location": "Colorado, US", "elevation": 4103.0, "num_identification_agreements": 1, "tavg": null, "tmin": 1.4, "tmax": 13.2, "day_of_year": 262, "uuid": "d5544693-6bb6-45ec-95a8-9ab7f6b0553e", "inat_id": 135749522}}, {"type": "Feature", "geometry": {"type": "Point", "coordinates": [-105.761184968, 39.6837653811]}, "properties": {"species": "Boletus rubriceps", "date": "2022-09-19", "location": "Colorado, US", "elevation": 3422.0, "num_identification_agreements": 1, "tavg": null, "tmin": 1.4, "tmax": 13.2, "day_of_year": 262, "uuid": "c8e37b19-ffe7-4723-a520-548bd0f9ccc3", "inat_id": 135749518}}, {"type": "Feature", "geometry": {"type": "Point", "coordinates": [-107.9378333688, 37.7979460875]}, "properties": {"species": "Boletus rubriceps", "date": "2022-08-18", "location": "Durango, CO 81301, USA", "elevation": 3100.0, "num_identification_agreements": 3, "tavg": null, "tmin": 9.0, "tmax": 23.0, "day_of_year": 230, "uuid": "7a53c20d-9683-49ef-bcbf-80e31bf23e5f", "inat_id": 135636409}}, {"type": "Feature", "geometry": {"type": "Point", "coordinates": [-105.794149622, 35.805093569]}, "properties": {"species": "Boletus rubriceps", "date": "2022-09-06", "location": "Santa Fe County, NM, USA", "elevation": 3412.0, "num_identification_agreements": 2, "tavg": null, "tmin": 10.6, "tmax": 31.7, "day_of_year": 249, "uuid": "2d87fa06-c1b2-4a4d-9fa8-0e3a29659a62", "inat_id": 135188811}}, {"type": "Feature", "geometry": {"type": "Point", "coordinates": [-105.76252, 39.8903883333]}, "properties": {"species": "Boletus rubriceps", "date": "2022-08-28", "location": "Winter Park Resort, Winter Park, CO, US", "elevation": 2757.0, "num_identification_agreements": 1, "tavg": null, "tmin": 2.8, "tmax": 12.1, "day_of_year": 240, "uuid": "abc472df-6821-4458-9138-8a0ac1bd4355", "inat_id": 135013830}}, {"type": "Feature", "geometry": {"type": "Point", "coordinates": [-104.984774217, 38.7335215824]}, "properties": {"species": "Boletus rubriceps", "date": "2022-07-20", "location": "Manitou Springs, CO 80829, USA", "elevation": 3094.0, "num_identification_agreements": 3, "tavg": null, "tmin": 17.2, "tmax": 31.1, "day_of_year": 201, "uuid": "25c346b1-bee6-457d-a670-5143944652cb", "inat_id": 134883000}}, {"type": "Feature", "geometry": {"type": "Point", "coordinates": [-107.9405773, 37.8023758]}, "properties": {"species": "Boletus rubriceps", "date": "2022-08-19", "location": "Dolores County, CO, USA", "elevation": 3158.0, "num_identification_agreements": 1, "tavg": null, "tmin": 10.0, "tmax": 17.0, "day_of_year": 231, "uuid": "81631c53-94bc-4b61-8b7d-4be66c0288bf", "inat_id": 134826542}}, {"type": "Feature", "geometry": {"type": "Point", "coordinates": [-107.9396643997, 37.7996739]}, "properties": {"species": "Boletus rubriceps", "date": "2022-08-18", "location": "Dolores County, CO, USA", "elevation": 3093.0, "num_identification_agreements": 3, "tavg": null, "tmin": 9.0, "tmax": 23.0, "day_of_year": 230, "uuid": "0fe1bc17-846a-49de-896c-5a3f6909a7cb", "inat_id": 134391303}}, {"type": "Feature", "geometry": {"type": "Point", "coordinates": [-107.9396797997, 37.7996751]}, "properties": {"species": "Boletus rubriceps", "date": "2022-08-18", "location": "Dolores County, CO, USA", "elevation": 3093.0, "num_identification_agreements": 3, "tavg": null, "tmin": 9.0, "tmax": 23.0, "day_of_year": 230, "uuid": "bc0dea8a-799c-4329-ae99-4b51c2622119", "inat_id": 134391301}}, {"type": "Feature", "geometry": {"type": "Point", "coordinates": [-107.9394592997, 37.7989046]}, "properties": {"species": "Boletus rubriceps", "date": "2022-08-18", "location": "Dolores County, CO, USA", "elevation": 3100.0, "num_identification_agreements": 3, "tavg": null, "tmin": 9.0, "tmax": 23.0, "day_of_year": 230, "uuid": "87408015-27db-4cc5-b621-7982695b03dc", "inat_id": 134388441}}, {"type": "Feature", "geometry": {"type": "Point", "coordinates": [-107.9392878997, 37.7990404]}, "properties": {"species": "Boletus rubriceps", "date": "2022-08-18", "location": "Dolores County, CO, USA", "elevation": 3100.0, "num_identification_agreements": 3, "tavg": null, "tmin": 9.0, "tmax": 23.0, "day_of_year": 230, "uuid": "4881b376-1472-4ede-a6d7-0791e0313369", "inat_id": 134388439}}, {"type": "Feature", "geometry": {"type": "Point", "coordinates": [-107.9392878997, 37.7990404]}, "properties": {"species": "Boletus rubriceps", "date": "2022-08-18", "location": "Dolores County, CO, USA", "elevation": 3100.0, "num_identification_agreements": 2, "tavg": null, "tmin": 9.0, "tmax": 23.0, "day_of_year": 230, "uuid": "d84a662e-6769-428d-b349-5e09ad6207cc", "inat_id": 134388438}}, {"type": "Feature", "geometry": {"type": "Point", "coordinates": [-107.8831611111, 37.8317833333]}, "properties": {"species": "Boletus rubriceps", "date": "2022-08-20", "location": "Ophir, CO 81426, USA", "elevation": 2966.0, "num_identification_agreements": 1, "tavg": null, "tmin": 10.0, "tmax": 17.0, "day_of_year": 232, "uuid": "266cceaf-d3a8-45bd-bed1-834f7bf6124c", "inat_id": 134384959}}, {"type": "Feature", "geometry": {"type": "Point", "coordinates": [-106.47501, 39.24656]}, "properties": {"species": "Boletus rubriceps", "date": "2021-07-21", "location": "Lake County, CO, USA", "elevation": 3387.0, "num_identification_agreements": 1, "tavg": null, "tmin": 8.3, "tmax": 23.3, "day_of_year": 202, "uuid": "f297ad88-d8e5-458b-8b2c-69c7b3d0105e", "inat_id": 134331851}}, {"type": "Feature", "geometry": {"type": "Point", "coordinates": [-105.4168546266, 40.0405131129]}, "properties": {"species": "Boletus rubriceps", "date": "2022-09-08", "location": "Colorado, US", "elevation": 2336.0, "num_identification_agreements": 1, "tavg": null, "tmin": 16.0, "tmax": 36.0, "day_of_year": 251, "uuid": "a0be4875-fe34-4f71-a480-e303eaf28802", "inat_id": 134213869}}, {"type": "Feature", "geometry": {"type": "Point", "coordinates": [-105.212595, 36.624325]}, "properties": {"species": "Boletus rubriceps", "date": "2022-08-03", "location": "Cimarron, NM, US", "elevation": 3593.0, "num_identification_agreements": 1, "tavg": null, "tmin": 6.5, "tmax": 23.0, "day_of_year": 215, "uuid": "3809dec9-9292-40c1-91ea-50aa2c258369", "inat_id": 134070417}}, {"type": "Feature", "geometry": {"type": "Point", "coordinates": [-105.8460047315, 40.8043572568]}, "properties": {"species": "Boletus rubriceps", "date": "2022-09-06", "location": "United States", "elevation": 3056.0, "num_identification_agreements": 1, "tavg": null, "tmin": 10.0, "tmax": 29.0, "day_of_year": 249, "uuid": "cdfce27d-7967-4321-8e90-97c0e1131d05", "inat_id": 134008364}}, {"type": "Feature", "geometry": {"type": "Point", "coordinates": [-108.0843666667, 39.0452805]}, "properties": {"species": "Boletus rubriceps", "date": "2022-07-30", "location": "Grand Mesa Uncompahgre and Gunnison National Forests, Whitewater, CO, US", "elevation": 3033.0, "num_identification_agreements": 2, "tavg": null, "tmin": 17.5, "tmax": 28.5, "day_of_year": 211, "uuid": "3e11fb90-eb85-4783-a801-1372be0e219b", "inat_id": 134006352}}, {"type": "Feature", "geometry": {"type": "Point", "coordinates": [-105.5492494628, 40.0855723175]}, "properties": {"species": "Boletus rubriceps", "date": "2022-09-05", "location": "Ward, CO 80481, USA", "elevation": 3034.0, "num_identification_agreements": 2, "tavg": null, "tmin": 16.0, "tmax": 35.0, "day_of_year": 248, "uuid": "f099d55d-1496-4be3-8c3a-2fce2c969e19", "inat_id": 133866129}}, {"type": "Feature", "geometry": {"type": "Point", "coordinates": [-105.5553452242, 40.4943320878]}, "properties": {"species": "Boletus rubriceps", "date": "2017-08-13", "location": "Larimer County, US-CO, US", "elevation": 3079.0, "num_identification_agreements": 3, "tavg": null, "tmin": 14.4, "tmax": 30.0, "day_of_year": 225, "uuid": "b088879b-5e2e-4604-9488-19773b67acd4", "inat_id": 133793797}}, {"type": "Feature", "geometry": {"type": "Point", "coordinates": [-105.5137718104, 40.5975121013]}, "properties": {"species": "Boletus rubriceps", "date": "2018-07-30", "location": "Larimer County, US-CO, US", "elevation": 2635.0, "num_identification_agreements": 2, "tavg": null, "tmin": 12.8, "tmax": 28.3, "day_of_year": 211, "uuid": "3468dd72-6b74-4c1d-b760-ae0901e9bb9d", "inat_id": 133789872}}, {"type": "Feature", "geometry": {"type": "Point", "coordinates": [-105.4861264275, 40.5693794508]}, "properties": {"species": "Boletus rubriceps", "date": "2018-07-30", "location": "Larimer County, US-CO, US", "elevation": 2648.0, "num_identification_agreements": 1, "tavg": null, "tmin": 12.8, "tmax": 28.3, "day_of_year": 211, "uuid": "748508e2-64d1-4c8c-99f8-5ec61ca69c6d", "inat_id": 133789786}}, {"type": "Feature", "geometry": {"type": "Point", "coordinates": [-105.527144507, 40.5242394374]}, "properties": {"species": "Boletus rubriceps", "date": "2018-08-11", "location": "Larimer County, US-CO, US", "elevation": 3131.0, "num_identification_agreements": 4, "tavg": null, "tmin": 14.4, "tmax": 33.3, "day_of_year": 223, "uuid": "a68d9c5a-bccf-4d32-8de0-ffee9bef3090", "inat_id": 133789261}}, {"type": "Feature", "geometry": {"type": "Point", "coordinates": [-105.5425529521, 40.4973343713]}, "properties": {"species": "Boletus rubriceps", "date": "2018-08-11", "location": "Larimer County, US-CO, US", "elevation": 2876.0, "num_identification_agreements": 2, "tavg": null, "tmin": 14.4, "tmax": 33.3, "day_of_year": 223, "uuid": "d06e2137-b7ea-4e68-adb6-f4219fd0f5c3", "inat_id": 133789095}}, {"type": "Feature", "geometry": {"type": "Point", "coordinates": [-105.4311168616, 40.4141846326]}, "properties": {"species": "Boletus rubriceps", "date": "2018-08-11", "location": "Larimer County, US-CO, US", "elevation": 2536.0, "num_identification_agreements": 2, "tavg": null, "tmin": 14.4, "tmax": 33.3, "day_of_year": 223, "uuid": "0bd06868-37b8-4bac-b5f8-1027f0f5eba3", "inat_id": 133788848}}, {"type": "Feature", "geometry": {"type": "Point", "coordinates": [-105.517745595, 40.5989709189]}, "properties": {"species": "Boletus rubriceps", "date": "2018-08-11", "location": "Larimer County, US-CO, US", "elevation": 2587.0, "num_identification_agreements": 1, "tavg": null, "tmin": 14.4, "tmax": 33.3, "day_of_year": 223, "uuid": "0ecbea58-ebec-418a-9b5e-7cce90f976d8", "inat_id": 133788682}}, {"type": "Feature", "geometry": {"type": "Point", "coordinates": [-105.4342004202, 40.535369284]}, "properties": {"species": "Boletus rubriceps", "date": "2018-08-11", "location": "Larimer County, US-CO, US", "elevation": 2936.0, "num_identification_agreements": 2, "tavg": null, "tmin": 14.4, "tmax": 33.3, "day_of_year": 223, "uuid": "c5a485d8-2eeb-4124-a5c7-10f110b42b07", "inat_id": 133788570}}, {"type": "Feature", "geometry": {"type": "Point", "coordinates": [-105.0567586298, 37.8197516111]}, "properties": {"species": "Boletus rubriceps", "date": "2020-08-30", "location": "Colorado, US", "elevation": 2343.0, "num_identification_agreements": 1, "tavg": null, "tmin": null, "tmax": null, "day_of_year": 243, "uuid": "84b311fd-6a5c-4611-83d5-eb40c3452b14", "inat_id": 133788065}}, {"type": "Feature", "geometry": {"type": "Point", "coordinates": [-105.0130619472, 38.0336481362]}, "properties": {"species": "Boletus rubriceps", "date": "2022-07-31", "location": "Colorado, US", "elevation": 2260.0, "num_identification_agreements": 2, "tavg": null, "tmin": 17.3, "tmax": 29.9, "day_of_year": 212, "uuid": "f3b94b65-e450-4f9b-88e8-d4f2e71aebf4", "inat_id": 133770704}}, {"type": "Feature", "geometry": {"type": "Point", "coordinates": [-106.1298333333, 39.6327777778]}, "properties": {"species": "Boletus rubriceps", "date": "2022-09-03", "location": "Silverthorne, CO 80498, USA", "elevation": 2975.0, "num_identification_agreements": 2, "tavg": null, "tmin": 8.0, "tmax": 18.0, "day_of_year": 246, "uuid": "b2e60aec-7113-4afb-b38a-0d0664aad288", "inat_id": 133558547}}, {"type": "Feature", "geometry": {"type": "Point", "coordinates": [-105.6461611111, 39.9582583333]}, "properties": {"species": "Boletus rubriceps", "date": "2022-08-21", "location": "Nederland, CO 80466, USA", "elevation": 3249.0, "num_identification_agreements": 1, "tavg": null, "tmin": 0.5, "tmax": 10.3, "day_of_year": 233, "uuid": "6ecfbda6-ac3b-4e70-9dc8-2ccaec3e8963", "inat_id": 133508542}}, {"type": "Feature", "geometry": {"type": "Point", "coordinates": [-105.65415, 39.9563555556]}, "properties": {"species": "Boletus rubriceps", "date": "2022-08-21", "location": "Nederland, CO 80466, USA", "elevation": 3297.0, "num_identification_agreements": 2, "tavg": null, "tmin": 0.5, "tmax": 10.3, "day_of_year": 233, "uuid": "db481431-063b-4830-8a27-e741919165d0", "inat_id": 133508124}}, {"type": "Feature", "geometry": {"type": "Point", "coordinates": [-105.6458666667, 39.9581027778]}, "properties": {"species": "Boletus rubriceps", "date": "2022-08-21", "location": "Nederland, CO 80466, USA", "elevation": 3249.0, "num_identification_agreements": 1, "tavg": null, "tmin": 0.5, "tmax": 10.3, "day_of_year": 233, "uuid": "4e7a92f5-fa6f-4505-8fa5-30ba67549b9a", "inat_id": 133507787}}, {"type": "Feature", "geometry": {"type": "Point", "coordinates": [-106.3595416667, 39.2585216667]}, "properties": {"species": "Boletus rubriceps", "date": "2022-08-30", "location": "Pike and San Isabel National Forests, Leadville, CO, US", "elevation": 3014.0, "num_identification_agreements": 2, "tavg": null, "tmin": 2.8, "tmax": 22.8, "day_of_year": 242, "uuid": "8dcaee69-9287-4036-8a40-4fbe5449612e", "inat_id": 133363785}}, {"type": "Feature", "geometry": {"type": "Point", "coordinates": [-105.7716684652, 39.6510229694]}, "properties": {"species": "Boletus rubriceps", "date": "2022-09-01", "location": "Colorado, US", "elevation": 3812.0, "num_identification_agreements": 1, "tavg": null, "tmin": 1.0, "tmax": 13.4, "day_of_year": 244, "uuid": "1ce519ba-73e2-4f4f-bd0c-f7d37fb513b5", "inat_id": 133284039}}, {"type": "Feature", "geometry": {"type": "Point", "coordinates": [-105.1632221667, 38.0243695]}, "properties": {"species": "Boletus rubriceps", "date": "2022-08-21", "location": "Pike and San Isabel National Forests, Rye, CO, US", "elevation": 3159.0, "num_identification_agreements": 2, "tavg": null, "tmin": 12.8, "tmax": 26.4, "day_of_year": 233, "uuid": "cea9de64-ce7c-405f-a3ee-9b310c50ef03", "inat_id": 133282972}}, {"type": "Feature", "geometry": {"type": "Point", "coordinates": [-105.4941333333, 39.9594833333]}, "properties": {"species": "Boletus rubriceps", "date": "2022-08-31", "location": "Wildwood Dr, Nederland, CO, US", "elevation": 2581.0, "num_identification_agreements": 1, "tavg": null, "tmin": 17.0, "tmax": 33.0, "day_of_year": 243, "uuid": "0978f574-3b09-495d-b0a2-f8ed4b9391a6", "inat_id": 133265491}}, {"type": "Feature", "geometry": {"type": "Point", "coordinates": [-105.533455, 40.1655721667]}, "properties": {"species": "Boletus rubriceps", "date": "2022-08-27", "location": "Ski Rd, Lyons, CO, US", "elevation": 2761.0, "num_identification_agreements": 2, "tavg": null, "tmin": 14.0, "tmax": 32.0, "day_of_year": 239, "uuid": "181325d1-a180-4f0f-b8b7-7fe7b324f89c", "inat_id": 133163506}}, {"type": "Feature", "geometry": {"type": "Point", "coordinates": [-105.6041278931, 39.7556360601]}, "properties": {"species": "Boletus rubriceps", "date": "2022-08-31", "location": "Colorado, US", "elevation": 2803.0, "num_identification_agreements": 2, "tavg": null, "tmin": 1.3, "tmax": 13.3, "day_of_year": 243, "uuid": "0f353d2a-ef94-4a76-bd2a-9d463c40b230", "inat_id": 133155351}}, {"type": "Feature", "geometry": {"type": "Point", "coordinates": [-105.5458217342, 40.0875002893]}, "properties": {"species": "Boletus rubriceps", "date": "2022-07-23", "location": "Boulder County, CO, USA", "elevation": 3020.0, "num_identification_agreements": 2, "tavg": null, "tmin": 17.0, "tmax": 35.0, "day_of_year": 204, "uuid": "2815ba55-b5fa-4cf8-983f-c2ba346bca54", "inat_id": 132967360}}, {"type": "Feature", "geometry": {"type": "Point", "coordinates": [-108.0762808892, 37.7080840206]}, "properties": {"species": "Boletus rubriceps", "date": "2022-08-20", "location": "Colorado, US", "elevation": 3216.0, "num_identification_agreements": 2, "tavg": null, "tmin": 10.0, "tmax": 17.0, "day_of_year": 232, "uuid": "94298e47-0ea4-4b80-8a62-84b2adf1def8", "inat_id": 132951128}}, {"type": "Feature", "geometry": {"type": "Point", "coordinates": [-107.9744038194, 37.9906551634]}, "properties": {"species": "Boletus rubriceps", "date": "2022-08-19", "location": "Colorado, US", "elevation": 3282.0, "num_identification_agreements": 2, "tavg": null, "tmin": 10.0, "tmax": 17.0, "day_of_year": 231, "uuid": "fee8bc41-26e1-424e-a087-a210b411d217", "inat_id": 132950512}}, {"type": "Feature", "geometry": {"type": "Point", "coordinates": [-107.9877611117, 37.768294445]}, "properties": {"species": "Boletus rubriceps", "date": "2022-08-09", "location": "Dolores County, CO, USA", "elevation": 2823.0, "num_identification_agreements": 2, "tavg": null, "tmin": 12.0, "tmax": 26.0, "day_of_year": 221, "uuid": "6faa02bf-0ffa-4fcd-8936-4c752ea7bcb1", "inat_id": 132948500}}, {"type": "Feature", "geometry": {"type": "Point", "coordinates": [-105.567925, 40.0640805]}, "properties": {"species": "Boletus rubriceps", "date": "2022-08-28", "location": "Ward, CO, US", "elevation": 3273.0, "num_identification_agreements": 2, "tavg": null, "tmin": 22.0, "tmax": 33.0, "day_of_year": 240, "uuid": "54107360-9943-4387-8c24-3bacccbff951", "inat_id": 132878006}}, {"type": "Feature", "geometry": {"type": "Point", "coordinates": [-106.1101455688, 38.9970550537]}, "properties": {"species": "Boletus rubriceps", "date": "2022-08-27", "location": "Park County, US-CO, US", "elevation": 3568.0, "num_identification_agreements": 3, "tavg": null, "tmin": 6.2, "tmax": 24.0, "day_of_year": 239, "uuid": "80c9e039-4386-4729-b9b5-332765d3b634", "inat_id": 132666560}}, {"type": "Feature", "geometry": {"type": "Point", "coordinates": [-105.54, 40.0898945]}, "properties": {"species": "Boletus rubriceps", "date": "2022-07-29", "location": "Ward, CO, US", "elevation": 3026.0, "num_identification_agreements": 2, "tavg": null, "tmin": 16.0, "tmax": 27.0, "day_of_year": 210, "uuid": "ba9c9976-d5a9-4221-a75c-de5477da62c8", "inat_id": 132665261}}, {"type": "Feature", "geometry": {"type": "Point", "coordinates": [-107.98978053, 39.04844491]}, "properties": {"species": "Boletus rubriceps", "date": "2022-08-27", "location": "Delta County, US-CO, US", "elevation": 3223.0, "num_identification_agreements": 1, "tavg": null, "tmin": 11.8, "tmax": 31.0, "day_of_year": 239, "uuid": "5e6377ba-c713-4c8c-abfe-be858db475f4", "inat_id": 132589047}}, {"type": "Feature", "geometry": {"type": "Point", "coordinates": [-105.8454981853, 39.6113748102]}, "properties": {"species": "Boletus rubriceps", "date": "2022-08-27", "location": "Summit County, US-CO, US", "elevation": 3350.0, "num_identification_agreements": 2, "tavg": null, "tmin": 1.5, "tmax": 11.9, "day_of_year": 239, "uuid": "285d594c-1e23-49b7-ab6a-52a23d93b837", "inat_id": 132586925}}, {"type": "Feature", "geometry": {"type": "Point", "coordinates": [-107.948986, 37.79843]}, "properties": {"species": "Boletus rubriceps", "date": "2022-08-18", "location": "Dolores, CO 81323, USA", "elevation": 3229.0, "num_identification_agreements": 1, "tavg": null, "tmin": 9.0, "tmax": 23.0, "day_of_year": 230, "uuid": "3ec93d02-e944-457c-94b7-3cdd672f4751", "inat_id": 132487419}}, {"type": "Feature", "geometry": {"type": "Point", "coordinates": [-107.9515489722, 37.796331]}, "properties": {"species": "Boletus rubriceps", "date": "2022-08-18", "location": "Dolores, CO 81323, USA", "elevation": 3243.0, "num_identification_agreements": 2, "tavg": null, "tmin": 9.0, "tmax": 23.0, "day_of_year": 230, "uuid": "1139f7a8-f238-4fd9-90ad-3ef910574ecb", "inat_id": 132486588}}, {"type": "Feature", "geometry": {"type": "Point", "coordinates": [-107.944422, 37.8001209722]}, "properties": {"species": "Boletus rubriceps", "date": "2022-08-21", "location": "Dolores, CO 81323, USA", "elevation": 3181.0, "num_identification_agreements": 2, "tavg": null, "tmin": 9.0, "tmax": 17.0, "day_of_year": 233, "uuid": "2d882bc3-c034-4ebe-8115-afa2b01b92ac", "inat_id": 132485274}}, {"type": "Feature", "geometry": {"type": "Point", "coordinates": [-107.9566959722, 37.8055349722]}, "properties": {"species": "Boletus rubriceps", "date": "2022-08-21", "location": "Dolores, CO 81323, USA", "elevation": 3327.0, "num_identification_agreements": 2, "tavg": null, "tmin": 9.0, "tmax": 17.0, "day_of_year": 233, "uuid": "884fff26-568f-4fa1-b476-aa769542a387", "inat_id": 132400231}}, {"type": "Feature", "geometry": {"type": "Point", "coordinates": [-108.0338701978, 37.7958401489]}, "properties": {"species": "Boletus rubriceps", "date": "2022-08-17", "location": "Dolores, CO 81323, USA", "elevation": 3081.0, "num_identification_agreements": 1, "tavg": null, "tmin": 11.0, "tmax": 18.0, "day_of_year": 229, "uuid": "9af41df4-78f6-48f6-9c26-cb64242dc64a", "inat_id": 132304648}}, {"type": "Feature", "geometry": {"type": "Point", "coordinates": [-105.4190674424, 36.5939825279]}, "properties": {"species": "Boletus rubriceps", "date": "2022-08-24", "location": "Taos Ski Valley, NM 87525, USA", "elevation": 3347.0, "num_identification_agreements": 1, "tavg": null, "tmin": 6.3, "tmax": 21.0, "day_of_year": 236, "uuid": "d997c304-a4b3-4728-81dc-b7726404e218", "inat_id": 132287591}}, {"type": "Feature", "geometry": {"type": "Point", "coordinates": [-105.7032422128, 40.3947428203]}, "properties": {"species": "Boletus rubriceps", "date": "2022-08-18", "location": "Rocky Mountain National Park, Estes Park, CO, US", "elevation": 3562.0, "num_identification_agreements": 2, "tavg": null, "tmin": 4.6, "tmax": 26.0, "day_of_year": 230, "uuid": "92eb110b-839a-4b00-aeff-45c4029bcf15", "inat_id": 132254631}}, {"type": "Feature", "geometry": {"type": "Point", "coordinates": [-107.892495, 37.8130216667]}, "properties": {"species": "Boletus rubriceps", "date": "2022-08-22", "location": "Grand Mesa Uncompahgre and Gunnison National Forests, Ophir, CO, US", "elevation": 3094.0, "num_identification_agreements": 3, "tavg": null, "tmin": 8.0, "tmax": 20.0, "day_of_year": 234, "uuid": "0e36728a-3547-45db-a401-8116831cfbf7", "inat_id": 132154776}}, {"type": "Feature", "geometry": {"type": "Point", "coordinates": [-107.94414323, 37.80211604]}, "properties": {"species": "Boletus rubriceps", "date": "2022-08-19", "location": "Dolores County, US-CO, US", "elevation": 3188.0, "num_identification_agreements": 2, "tavg": null, "tmin": 10.0, "tmax": 17.0, "day_of_year": 231, "uuid": "4c91155c-70dd-453b-b546-dcf7b0a1c921", "inat_id": 132126321}}, {"type": "Feature", "geometry": {"type": "Point", "coordinates": [-107.94239024, 37.80072748]}, "properties": {"species": "Boletus rubriceps", "date": "2022-08-19", "location": "Dolores County, US-CO, US", "elevation": 3145.0, "num_identification_agreements": 3, "tavg": null, "tmin": 10.0, "tmax": 17.0, "day_of_year": 231, "uuid": "fe45793f-a8a3-40af-a78a-981178b21d20", "inat_id": 132126236}}, {"type": "Feature", "geometry": {"type": "Point", "coordinates": [-105.7719204865, 40.1345579277]}, "properties": {"species": "Boletus rubriceps", "date": "2022-08-23", "location": "Shadow Mountain National Recreation Area, Granby, CO, US", "elevation": 2577.0, "num_identification_agreements": 2, "tavg": null, "tmin": 4.1, "tmax": 24.1, "day_of_year": 235, "uuid": "bc74ce3a-1214-4a8c-b0e9-ac49ce15c109", "inat_id": 132080751}}, {"type": "Feature", "geometry": {"type": "Point", "coordinates": [-107.9496353287, 37.7999955662]}, "properties": {"species": "Boletus rubriceps", "date": "2022-08-21", "location": "Dolores County, US-CO, US", "elevation": 3229.0, "num_identification_agreements": 2, "tavg": null, "tmin": 9.0, "tmax": 17.0, "day_of_year": 233, "uuid": "82cbe4ea-e6f6-4b94-86c3-8131d475c36a", "inat_id": 131979131}}, {"type": "Feature", "geometry": {"type": "Point", "coordinates": [-105.5821142075, 40.0501238573]}, "properties": {"species": "Boletus rubriceps", "date": "2022-08-22", "location": "Boulder County, US-CO, US", "elevation": 3435.0, "num_identification_agreements": 5, "tavg": null, "tmin": 8.5, "tmax": 22.6, "day_of_year": 234, "uuid": "54ff7991-121c-4e7e-a6ff-8edef6c9d4bf", "inat_id": 131958069}}, {"type": "Feature", "geometry": {"type": "Point", "coordinates": [-107.8125133333, 37.9379916667]}, "properties": {"species": "Boletus rubriceps", "date": "2022-08-21", "location": "Grand Mesa Uncompahgre and Gunnison National Forests, Telluride, CO, US", "elevation": 2690.0, "num_identification_agreements": 3, "tavg": null, "tmin": 9.0, "tmax": 17.0, "day_of_year": 233, "uuid": "b6a7e757-233d-48a0-a01e-3597265e76ac", "inat_id": 131957754}}, {"type": "Feature", "geometry": {"type": "Point", "coordinates": [-106.0646323527, 39.4945908994]}, "properties": {"species": "Boletus rubriceps", "date": "2022-08-22", "location": "White River National Forest, Breckenridge, CO, US", "elevation": 3038.0, "num_identification_agreements": 1, "tavg": null, "tmin": 7.0, "tmax": 16.0, "day_of_year": 234, "uuid": "0bedb8f2-67b1-429d-896b-7ecda0d5183f", "inat_id": 131937469}}, {"type": "Feature", "geometry": {"type": "Point", "coordinates": [-107.950975, 37.7985555556]}, "properties": {"species": "Boletus rubriceps", "date": "2022-08-19", "location": "Dolores, CO 81323, USA", "elevation": 3251.0, "num_identification_agreements": 2, "tavg": null, "tmin": 10.0, "tmax": 17.0, "day_of_year": 231, "uuid": "f0f30c39-cc02-46db-934a-697fae885982", "inat_id": 131917682}}, {"type": "Feature", "geometry": {"type": "Point", "coordinates": [-107.9497416667, 37.7983611111]}, "properties": {"species": "Boletus rubriceps", "date": "2022-08-19", "location": "Dolores, CO 81323, USA", "elevation": 3229.0, "num_identification_agreements": 2, "tavg": null, "tmin": 10.0, "tmax": 17.0, "day_of_year": 231, "uuid": "1863c4d2-4b9b-41a6-90e8-2762ea5184b1", "inat_id": 131917658}}, {"type": "Feature", "geometry": {"type": "Point", "coordinates": [-107.7833329997, 38.0154835]}, "properties": {"species": "Boletus rubriceps", "date": "2022-08-20", "location": "Ridgway, CO 81432, USA", "elevation": 3382.0, "num_identification_agreements": 2, "tavg": null, "tmin": 10.0, "tmax": 17.0, "day_of_year": 232, "uuid": "e64b6d09-0abd-4a2b-ad17-169392d6d04f", "inat_id": 131831443}}, {"type": "Feature", "geometry": {"type": "Point", "coordinates": [-105.4516061975, 39.989047738]}, "properties": {"species": "Boletus rubriceps", "date": "2022-08-21", "location": "Colorado, US", "elevation": 2517.0, "num_identification_agreements": 2, "tavg": null, "tmin": 14.0, "tmax": 27.0, "day_of_year": 233, "uuid": "a6447143-61fa-4b9f-a382-88aaa47c2ec2", "inat_id": 131815664}}, {"type": "Feature", "geometry": {"type": "Point", "coordinates": [-105.6836388633, 40.3425127872]}, "properties": {"species": "Boletus rubriceps", "date": "2022-08-21", "location": "Rocky Mountain National Park", "elevation": 2940.0, "num_identification_agreements": 1, "tavg": null, "tmin": 6.8, "tmax": 19.1, "day_of_year": 233, "uuid": "925942bc-aa55-4c4f-9e64-068762f71b87", "inat_id": 131795757}}, {"type": "Feature", "geometry": {"type": "Point", "coordinates": [-106.87583643, 38.94624513]}, "properties": {"species": "Boletus rubriceps", "date": "2022-08-21", "location": "Gunnison County, US-CO, US", "elevation": 3381.0, "num_identification_agreements": 3, "tavg": null, "tmin": 11.1, "tmax": 20.0, "day_of_year": 233, "uuid": "96ca5aee-26ec-4a3b-9836-64b1177e132f", "inat_id": 131764207}}, {"type": "Feature", "geometry": {"type": "Point", "coordinates": [-105.434018347, 36.5702669193]}, "properties": {"species": "Boletus rubriceps", "date": "2022-08-17", "location": "Taos County, NM, USA", "elevation": 3231.0, "num_identification_agreements": 1, "tavg": null, "tmin": 11.3, "tmax": 17.6, "day_of_year": 229, "uuid": "e38512b8-71c5-4d26-b71d-0fe949876e01", "inat_id": 131691015}}, {"type": "Feature", "geometry": {"type": "Point", "coordinates": [-105.7853916667, 35.8066466667]}, "properties": {"species": "Boletus rubriceps", "date": "2022-08-16", "location": "Santa Fe National Forest, Santa Fe, NM, US", "elevation": 3227.0, "num_identification_agreements": 1, "tavg": null, "tmin": 15.0, "tmax": 30.0, "day_of_year": 228, "uuid": "37270f95-25e1-469a-9140-46d19964e159", "inat_id": 131662847}}, {"type": "Feature", "geometry": {"type": "Point", "coordinates": [-106.0879055, 39.3614783333]}, "properties": {"species": "Boletus rubriceps", "date": "2022-08-20", "location": "Pike and San Isabel National Forests, Alma, CO, US", "elevation": 3392.0, "num_identification_agreements": 2, "tavg": null, "tmin": 7.2, "tmax": 14.4, "day_of_year": 232, "uuid": "36108f5a-37f0-4d6d-8d2a-e85095ea189c", "inat_id": 131654464}}, {"type": "Feature", "geometry": {"type": "Point", "coordinates": [-107.9505225, 37.8019530997]}, "properties": {"species": "Boletus rubriceps", "date": "2022-08-20", "location": "Dolores, CO 81323, USA", "elevation": 3268.0, "num_identification_agreements": 2, "tavg": null, "tmin": 10.0, "tmax": 17.0, "day_of_year": 232, "uuid": "5ae75759-a421-47f4-b8b3-957fbcf6ca93", "inat_id": 131635266}}, {"type": "Feature", "geometry": {"type": "Point", "coordinates": [-105.7696402165, 39.8278046342]}, "properties": {"species": "Boletus rubriceps", "date": "2022-08-20", "location": "Grand County, US-CO, US", "elevation": 3198.0, "num_identification_agreements": 2, "tavg": null, "tmin": 1.1, "tmax": 9.4, "day_of_year": 232, "uuid": "cdd8525d-28c6-4fc0-bcdc-d6574fae4112", "inat_id": 131634944}}, {"type": "Feature", "geometry": {"type": "Point", "coordinates": [-107.94397488, 37.80148162]}, "properties": {"species": "Boletus rubriceps", "date": "2022-08-19", "location": "Dolores County, US-CO, US", "elevation": 3181.0, "num_identification_agreements": 3, "tavg": null, "tmin": 10.0, "tmax": 17.0, "day_of_year": 231, "uuid": "3705a1a3-0bbe-4049-990d-6686b48f1cc4", "inat_id": 131617920}}, {"type": "Feature", "geometry": {"type": "Point", "coordinates": [-105.5412570012, 40.4980109005]}, "properties": {"species": "Boletus rubriceps", "date": "2022-08-19", "location": "Rocky Mountain National Park, Estes Park, CO, US", "elevation": 2884.0, "num_identification_agreements": 1, "tavg": null, "tmin": 13.3, "tmax": 30.0, "day_of_year": 231, "uuid": "6ff873d9-80c6-4dd3-9bdf-5549ee1dc1ea", "inat_id": 131530675}}, {"type": "Feature", "geometry": {"type": "Point", "coordinates": [-107.8478965811, 37.8046966963]}, "properties": {"species": "Boletus rubriceps", "date": "2022-08-19", "location": "San Miguel County, US-CO, US", "elevation": 3316.0, "num_identification_agreements": 2, "tavg": null, "tmin": 10.0, "tmax": 17.0, "day_of_year": 231, "uuid": "ebcaf9d0-cd92-44ed-8fc4-999bcbb0a518", "inat_id": 131519510}}, {"type": "Feature", "geometry": {"type": "Point", "coordinates": [-105.7283189722, 40.041623]}, "properties": {"species": "Boletus rubriceps", "date": "2022-08-14", "location": "Grand, Colorado, United States", "elevation": 3090.0, "num_identification_agreements": 3, "tavg": null, "tmin": 7.2, "tmax": 26.4, "day_of_year": 226, "uuid": "5b0ef31c-2f8d-436b-afa3-92204a28800b", "inat_id": 131502501}}, {"type": "Feature", "geometry": {"type": "Point", "coordinates": [-105.729398, 40.042762]}, "properties": {"species": "Boletus rubriceps", "date": "2022-08-14", "location": "Grand, Colorado, United States", "elevation": 3085.0, "num_identification_agreements": 3, "tavg": null, "tmin": 7.2, "tmax": 26.4, "day_of_year": 226, "uuid": "0ab80da2-abe1-46b0-bb12-db8bf24a61f9", "inat_id": 131502498}}, {"type": "Feature", "geometry": {"type": "Point", "coordinates": [-107.8249234402, 37.9761440326]}, "properties": {"species": "Boletus rubriceps", "date": "2022-08-19", "location": "Colorado, US", "elevation": 3375.0, "num_identification_agreements": 3, "tavg": null, "tmin": 10.0, "tmax": 17.0, "day_of_year": 231, "uuid": "1241a641-d967-401f-9f95-5e1ee9847041", "inat_id": 131500117}}, {"type": "Feature", "geometry": {"type": "Point", "coordinates": [-105.5739883333, 40.217275]}, "properties": {"species": "Boletus rubriceps", "date": "2022-08-17", "location": "Rocky Mountain National Park, Ward, CO, US", "elevation": 2938.0, "num_identification_agreements": 1, "tavg": null, "tmin": 5.1, "tmax": 23.7, "day_of_year": 229, "uuid": "42a3cf08-5e85-4c5d-95d9-a9b28a6577bb", "inat_id": 131404859}}, {"type": "Feature", "geometry": {"type": "Point", "coordinates": [-105.5872416667, 40.218855]}, "properties": {"species": "Boletus rubriceps", "date": "2022-08-17", "location": "Rocky Mountain National Park, Ward, CO, US", "elevation": 3030.0, "num_identification_agreements": 1, "tavg": null, "tmin": 5.1, "tmax": 23.7, "day_of_year": 229, "uuid": "495732b0-248a-49cd-8608-db7fcfcc7050", "inat_id": 131403635}}, {"type": "Feature", "geometry": {"type": "Point", "coordinates": [-105.5872416667, 40.218855]}, "properties": {"species": "Boletus rubriceps", "date": "2022-08-17", "location": "Rocky Mountain National Park, Ward, CO, US", "elevation": 3030.0, "num_identification_agreements": 1, "tavg": null, "tmin": 5.1, "tmax": 23.7, "day_of_year": 229, "uuid": "bccc8f4b-3381-4b07-bcd0-8d9df55de8df", "inat_id": 131403540}}, {"type": "Feature", "geometry": {"type": "Point", "coordinates": [-107.879295091, 37.8161157929]}, "properties": {"species": "Boletus rubriceps", "date": "2022-08-18", "location": "San Miguel County, US-CO, US", "elevation": 3057.0, "num_identification_agreements": 1, "tavg": null, "tmin": 9.0, "tmax": 23.0, "day_of_year": 230, "uuid": "09fc4126-5a9e-402c-903d-796cd6f01644", "inat_id": 131389022}}, {"type": "Feature", "geometry": {"type": "Point", "coordinates": [-105.519195, 40.3683383333]}, "properties": {"species": "Boletus rubriceps", "date": "2022-08-17", "location": "Ouray Dr, Estes Park, CO, US", "elevation": 2437.0, "num_identification_agreements": 3, "tavg": null, "tmin": 15.2, "tmax": 30.2, "day_of_year": 229, "uuid": "b5b6b79b-6433-40f1-9b03-ca0bea35bc12", "inat_id": 131365517}}, {"type": "Feature", "geometry": {"type": "Point", "coordinates": [-105.5335301768, 39.9977315278]}, "properties": {"species": "Boletus rubriceps", "date": "2022-08-18", "location": "Caribou Ranch Open Space-Ce, Nederland, CO, US", "elevation": 2701.0, "num_identification_agreements": 2, "tavg": null, "tmin": 16.0, "tmax": 31.0, "day_of_year": 230, "uuid": "1b876b8e-a163-4816-9379-f07f3e590292", "inat_id": 131363651}}, {"type": "Feature", "geometry": {"type": "Point", "coordinates": [-106.5692066127, 39.4788001322]}, "properties": {"species": "Boletus rubriceps", "date": "2022-08-16", "location": "White River National Forest, Basalt, CO, US", "elevation": 3510.0, "num_identification_agreements": 6, "tavg": null, "tmin": 13.9, "tmax": 22.2, "day_of_year": 228, "uuid": "e0c44c36-f582-40e7-93f7-83cf6e58d501", "inat_id": 131161798}}, {"type": "Feature", "geometry": {"type": "Point", "coordinates": [-105.6036616515, 39.5752467477]}, "properties": {"species": "Boletus rubriceps", "date": "2022-08-14", "location": "Mount Evans Wilderness, Evergreen, CO, US", "elevation": 3470.0, "num_identification_agreements": 2, "tavg": null, "tmin": 4.9, "tmax": 15.1, "day_of_year": 226, "uuid": "6cc3a999-d1f4-4972-89c0-088f012af2f5", "inat_id": 130961024}}, {"type": "Feature", "geometry": {"type": "Point", "coordinates": [-105.7185883333, 39.6098033333]}, "properties": {"species": "Boletus rubriceps", "date": "2022-08-12", "location": "Arapaho & Roosevelt National Forests Pawnee National Grassland, Idaho Springs, CO, US", "elevation": 3323.0, "num_identification_agreements": 1, "tavg": null, "tmin": 5.6, "tmax": 16.4, "day_of_year": 224, "uuid": "38a7a73b-ebb8-439d-95ee-710247fec19d", "inat_id": 130949253}}, {"type": "Feature", "geometry": {"type": "Point", "coordinates": [-105.8847027778, 40.4350194444]}, "properties": {"species": "Boletus rubriceps", "date": "2022-08-11", "location": "Grand Lake, CO 80447, USA", "elevation": 3275.0, "num_identification_agreements": 1, "tavg": null, "tmin": 9.0, "tmax": 29.0, "day_of_year": 223, "uuid": "80eeee77-35d8-4b47-9327-896090995737", "inat_id": 130861056}}, {"type": "Feature", "geometry": {"type": "Point", "coordinates": [-106.4303527778, 39.2623083333]}, "properties": {"species": "Boletus rubriceps", "date": "2022-08-12", "location": "Leadville, CO 80461, USA", "elevation": 3362.0, "num_identification_agreements": 2, "tavg": null, "tmin": 3.9, "tmax": 22.2, "day_of_year": 224, "uuid": "d68c7ec4-e018-47c7-a066-4e964f99c538", "inat_id": 130720268}}, {"type": "Feature", "geometry": {"type": "Point", "coordinates": [-105.8254616667, 40.550075]}, "properties": {"species": "Boletus rubriceps", "date": "2022-08-13", "location": "Arapaho & Roosevelt National Forests Pawnee National Grassland, Bellvue, CO, US", "elevation": 3161.0, "num_identification_agreements": 4, "tavg": null, "tmin": 11.4, "tmax": 26.3, "day_of_year": 225, "uuid": "3d4e9d60-788c-4e37-aafb-525dee9323e9", "inat_id": 130702837}}, {"type": "Feature", "geometry": {"type": "Point", "coordinates": [-106.7925390317, 37.4861086667]}, "properties": {"species": "Boletus rubriceps", "date": "2022-07-26", "location": "Mineral, Colorado, United States", "elevation": 3449.0, "num_identification_agreements": 2, "tavg": null, "tmin": 6.0, "tmax": 13.0, "day_of_year": 207, "uuid": "0f5ffdd0-67e6-4c15-9719-b98651b42337", "inat_id": 130533432}}, {"type": "Feature", "geometry": {"type": "Point", "coordinates": [-105.59092, 40.0709221667]}, "properties": {"species": "Boletus rubriceps", "date": "2022-08-11", "location": "Arapaho & Roosevelt National Forests Pawnee National Grassland, Ward, CO, US", "elevation": 3216.0, "num_identification_agreements": 1, "tavg": null, "tmin": 9.0, "tmax": 29.0, "day_of_year": 223, "uuid": "05ea59be-41e8-4474-888a-d4a9dd3fb7c7", "inat_id": 130460646}}, {"type": "Feature", "geometry": {"type": "Point", "coordinates": [-105.727805, 40.4378]}, "properties": {"species": "Boletus rubriceps", "date": "2022-08-11", "location": "Rocky Mountain National Park, Estes Park, CO, US", "elevation": 3364.0, "num_identification_agreements": 3, "tavg": null, "tmin": 9.0, "tmax": 29.0, "day_of_year": 223, "uuid": "a5c3061b-59f4-4206-b9d6-c36e8da7aa50", "inat_id": 130446401}}, {"type": "Feature", "geometry": {"type": "Point", "coordinates": [-107.8476730921, 37.6186097833]}, "properties": {"species": "Boletus rubriceps", "date": "2022-08-11", "location": "San Juan National Forest headquarters, Hesperus, CO, US", "elevation": 3229.0, "num_identification_agreements": 2, "tavg": null, "tmin": 12.0, "tmax": 23.0, "day_of_year": 223, "uuid": "4f122045-1ef9-4fc5-b63c-281e2400035f", "inat_id": 130442019}}, {"type": "Feature", "geometry": {"type": "Point", "coordinates": [-105.6029133333, 40.0692]}, "properties": {"species": "Boletus rubriceps", "date": "2022-08-11", "location": "Arapaho & Roosevelt National Forests Pawnee National Grassland, Ward, CO, US", "elevation": 3251.0, "num_identification_agreements": 1, "tavg": null, "tmin": 9.0, "tmax": 29.0, "day_of_year": 223, "uuid": "dd383ce2-7ea1-4694-8be0-ee8eaba2c8da", "inat_id": 130436582}}, {"type": "Feature", "geometry": {"type": "Point", "coordinates": [-105.5931405756, 40.1005016758]}, "properties": {"species": "Boletus rubriceps", "date": "2022-08-11", "location": "Arapaho & Roosevelt National Forests Pawnee National Grassland, Ward, CO, US", "elevation": 3564.0, "num_identification_agreements": 2, "tavg": null, "tmin": 9.0, "tmax": 29.0, "day_of_year": 223, "uuid": "638f3dda-e3a0-4c8f-b461-fa41208eba50", "inat_id": 130420808}}, {"type": "Feature", "geometry": {"type": "Point", "coordinates": [-107.8472939787, 37.6191352448]}, "properties": {"species": "Boletus rubriceps", "date": "2022-08-11", "location": "San Juan National Forest headquarters, Hesperus, CO, US", "elevation": 3243.0, "num_identification_agreements": 2, "tavg": null, "tmin": 12.0, "tmax": 23.0, "day_of_year": 223, "uuid": "3f162713-c557-4d1e-91da-63d01c8fe217", "inat_id": 130406205}}, {"type": "Feature", "geometry": {"type": "Point", "coordinates": [-107.8469754663, 37.6188875595]}, "properties": {"species": "Boletus rubriceps", "date": "2022-08-11", "location": "San Juan National Forest headquarters, Hesperus, CO, US", "elevation": 3243.0, "num_identification_agreements": 2, "tavg": null, "tmin": 12.0, "tmax": 23.0, "day_of_year": 223, "uuid": "787d7130-6106-4af1-b8e6-83324abc61bd", "inat_id": 130406001}}, {"type": "Feature", "geometry": {"type": "Point", "coordinates": [-107.8470383333, 37.618745]}, "properties": {"species": "Boletus rubriceps", "date": "2022-08-11", "location": "San Juan National Forest headquarters, Hesperus, CO, US", "elevation": 3229.0, "num_identification_agreements": 1, "tavg": null, "tmin": 12.0, "tmax": 23.0, "day_of_year": 223, "uuid": "50e62d24-ea2f-4c75-875e-0bf117712ef6", "inat_id": 130405031}}, {"type": "Feature", "geometry": {"type": "Point", "coordinates": [-105.4088833333, 39.8564533333]}, "properties": {"species": "Boletus rubriceps", "date": "2022-08-09", "location": "Golden Gate Canyon State Park, Golden, CO, US", "elevation": 2675.0, "num_identification_agreements": 2, "tavg": null, "tmin": 18.0, "tmax": 33.0, "day_of_year": 221, "uuid": "d420924c-8847-4eb2-a87d-859f77c2ba09", "inat_id": 130383561}}, {"type": "Feature", "geometry": {"type": "Point", "coordinates": [-107.9947583333, 37.8494466667]}, "properties": {"species": "Boletus rubriceps", "date": "2022-08-07", "location": "San Juan National Forest headquarters, Dolores, CO, US", "elevation": 3746.0, "num_identification_agreements": 2, "tavg": null, "tmin": 13.0, "tmax": 24.0, "day_of_year": 219, "uuid": "9712c157-93c5-49ab-8486-b47beefdb1bc", "inat_id": 130333363}}, {"type": "Feature", "geometry": {"type": "Point", "coordinates": [-105.5722883333, 40.04565]}, "properties": {"species": "Boletus rubriceps", "date": "2022-08-10", "location": "Arapaho & Roosevelt National Forests Pawnee National Grassland, Ward, CO, US", "elevation": 3303.0, "num_identification_agreements": 4, "tavg": null, "tmin": 18.0, "tmax": 35.0, "day_of_year": 222, "uuid": "2951d02b-17fd-4f67-b455-73735eb4d7a9", "inat_id": 130307614}}, {"type": "Feature", "geometry": {"type": "Point", "coordinates": [-107.6092269, 37.6094438]}, "properties": {"species": "Boletus rubriceps", "date": "2022-07-31", "location": "Chicago Basin, Colorado 81122, USA", "elevation": 3452.0, "num_identification_agreements": 2, "tavg": null, "tmin": 11.0, "tmax": 22.0, "day_of_year": 212, "uuid": "78a950fc-b8f2-4d7f-9e6e-6cf37e0f7af1", "inat_id": 130207232}}, {"type": "Feature", "geometry": {"type": "Point", "coordinates": [-105.2328720093, 36.3745002747]}, "properties": {"species": "Boletus rubriceps", "date": "2022-08-09", "location": "Angel Fire", "elevation": 3270.0, "num_identification_agreements": 2, "tavg": null, "tmin": 5.9, "tmax": 24.7, "day_of_year": 221, "uuid": "89f8417b-e556-437b-891a-a1f1727964ae", "inat_id": 130175282}}, {"type": "Feature", "geometry": {"type": "Point", "coordinates": [-105.44155, 40.1375888333]}, "properties": {"species": "Boletus rubriceps", "date": "2022-08-09", "location": "Arapaho & Roosevelt National Forests Pawnee National Grassland, Ward, CO, US", "elevation": 2496.0, "num_identification_agreements": 2, "tavg": null, "tmin": 18.0, "tmax": 34.0, "day_of_year": 221, "uuid": "6b869f4c-1844-4c83-a810-c325813c97e4", "inat_id": 130171163}}, {"type": "Feature", "geometry": {"type": "Point", "coordinates": [-105.16713, 36.4326883333]}, "properties": {"species": "Boletus rubriceps", "date": "2022-08-08", "location": "Cimarron, NM, US", "elevation": 3020.0, "num_identification_agreements": 2, "tavg": null, "tmin": 9.2, "tmax": 20.1, "day_of_year": 220, "uuid": "970d5c95-c6ea-4869-b4ee-3aec2b8dfad4", "inat_id": 130135566}}, {"type": "Feature", "geometry": {"type": "Point", "coordinates": [-106.0502555, 39.4708966667]}, "properties": {"species": "Boletus rubriceps", "date": "2022-08-09", "location": "White River National Forest, Breckenridge, CO, US", "elevation": 2978.0, "num_identification_agreements": 3, "tavg": null, "tmin": 6.1, "tmax": 23.9, "day_of_year": 221, "uuid": "de71124d-ce70-47b8-9939-00a335c33ef7", "inat_id": 130129051}}, {"type": "Feature", "geometry": {"type": "Point", "coordinates": [-105.54287, 39.9342916667]}, "properties": {"species": "Boletus rubriceps", "date": "2022-08-06", "location": "Arapaho & Roosevelt National Forests Pawnee National Grassland, Nederland, CO, US", "elevation": 2828.0, "num_identification_agreements": 2, "tavg": null, "tmin": 5.4, "tmax": 16.7, "day_of_year": 218, "uuid": "02debc92-dca9-464b-a59a-55e58591e63e", "inat_id": 130076752}}, {"type": "Feature", "geometry": {"type": "Point", "coordinates": [-108.0210492685, 39.0425238528]}, "properties": {"species": "Boletus rubriceps", "date": "2022-08-06", "location": "Mesa County, CO, USA", "elevation": 3310.0, "num_identification_agreements": 2, "tavg": null, "tmin": 18.4, "tmax": 37.4, "day_of_year": 218, "uuid": "4020fea6-3cbc-4a00-a877-e2a3e3c46dfe", "inat_id": 130066090}}, {"type": "Feature", "geometry": {"type": "Point", "coordinates": [-107.6714487746, 38.0228242608]}, "properties": {"species": "Boletus rubriceps", "date": "2022-08-08", "location": "Ouray", "elevation": 2383.0, "num_identification_agreements": 2, "tavg": null, "tmin": 11.0, "tmax": 25.0, "day_of_year": 220, "uuid": "bd830749-345c-4b2c-ad86-5fd1b6164fe3", "inat_id": 130057084}}, {"type": "Feature", "geometry": {"type": "Point", "coordinates": [-105.4285583333, 36.5549883333]}, "properties": {"species": "Boletus rubriceps", "date": "2022-08-08", "location": "Carson National Forest, Taos, NM, US", "elevation": 3409.0, "num_identification_agreements": 1, "tavg": null, "tmin": 9.2, "tmax": 20.1, "day_of_year": 220, "uuid": "2ffccc58-485d-444f-af9b-dcb595e6ad2b", "inat_id": 130041872}}, {"type": "Feature", "geometry": {"type": "Point", "coordinates": [-105.6436783333, 40.3116333333]}, "properties": {"species": "Boletus rubriceps", "date": "2022-07-29", "location": "Rocky Mountain National Park, Estes Park, CO, US", "elevation": 2872.0, "num_identification_agreements": 2, "tavg": null, "tmin": 7.7, "tmax": 22.2, "day_of_year": 210, "uuid": "1a21c39e-1e80-4304-85f9-52d687753625", "inat_id": 129937926}}, {"type": "Feature", "geometry": {"type": "Point", "coordinates": [-105.7092533333, 39.6332666667]}, "properties": {"species": "Boletus rubriceps", "date": "2022-08-07", "location": "Arapaho & Roosevelt National Forests Pawnee National Grassland, Idaho Springs, CO, US", "elevation": 3196.0, "num_identification_agreements": 1, "tavg": null, "tmin": 4.8, "tmax": 15.7, "day_of_year": 219, "uuid": "b9ca4c78-30c8-4b88-9bf0-7afbb9e34675", "inat_id": 129907150}}, {"type": "Feature", "geometry": {"type": "Point", "coordinates": [-105.9001527778, 39.9343111111]}, "properties": {"species": "Boletus rubriceps", "date": "2022-08-06", "location": "Fraser, CO 80442, USA", "elevation": 2736.0, "num_identification_agreements": 1, "tavg": null, "tmin": 8.5, "tmax": 27.5, "day_of_year": 218, "uuid": "4102c3bc-e1a6-4961-b81f-2c2b8963ee64", "inat_id": 129814506}}, {"type": "Feature", "geometry": {"type": "Point", "coordinates": [-105.7639416667, 35.8125416667]}, "properties": {"species": "Boletus rubriceps", "date": "2022-07-31", "location": "San Ildefonso Pueblo, NM 87506, USA", "elevation": 3272.0, "num_identification_agreements": 1, "tavg": null, "tmin": 14.4, "tmax": 28.3, "day_of_year": 212, "uuid": "5f76442d-915f-43a2-9866-1b16b4303644", "inat_id": 129780171}}, {"type": "Feature", "geometry": {"type": "Point", "coordinates": [-105.1024695, 38.8677783333]}, "properties": {"species": "Boletus rubriceps", "date": "2022-08-06", "location": "Pike and San Isabel National Forests, Woodland Park, CO, US", "elevation": 3285.0, "num_identification_agreements": 2, "tavg": null, "tmin": 18.4, "tmax": 32.5, "day_of_year": 218, "uuid": "1be2997f-21e2-478e-a1e5-fba316b25c2b", "inat_id": 129776881}}, {"type": "Feature", "geometry": {"type": "Point", "coordinates": [-106.0582349722, 39.475811]}, "properties": {"species": "Boletus rubriceps", "date": "2022-08-03", "location": "Breckenridge, CO 80424, USA", "elevation": 3009.0, "num_identification_agreements": 1, "tavg": null, "tmin": 7.2, "tmax": 22.2, "day_of_year": 215, "uuid": "552b5107-2662-4035-b8bc-614c6b5d75a0", "inat_id": 129703155}}, {"type": "Feature", "geometry": {"type": "Point", "coordinates": [-107.711105, 37.7451866667]}, "properties": {"species": "Boletus rubriceps", "date": "2022-08-02", "location": "San Juan National Forest headquarters, CO, US", "elevation": 3352.0, "num_identification_agreements": 4, "tavg": null, "tmin": 11.0, "tmax": 22.0, "day_of_year": 214, "uuid": "3c42f899-3eef-4976-9b08-829f85398a70", "inat_id": 129680610}}, {"type": "Feature", "geometry": {"type": "Point", "coordinates": [-105.5439380769, 40.065345258]}, "properties": {"species": "Boletus rubriceps", "date": "2022-08-04", "location": "Arapaho & Roosevelt National Forests Pawnee National Grassland, Ward, CO, US", "elevation": 3315.0, "num_identification_agreements": 3, "tavg": null, "tmin": 17.0, "tmax": 36.0, "day_of_year": 216, "uuid": "7645c21f-5dc5-4232-aaa2-ce4bc5579921", "inat_id": 129675642}}, {"type": "Feature", "geometry": {"type": "Point", "coordinates": [-106.3576541116, 39.2607460191]}, "properties": {"species": "Boletus rubriceps", "date": "2022-08-03", "location": "Pike and San Isabel National Forests, Leadville, CO, US", "elevation": 3035.0, "num_identification_agreements": 1, "tavg": null, "tmin": 7.2, "tmax": 22.2, "day_of_year": 215, "uuid": "7a264e1b-b233-4f26-ae04-4a93d9bc4185", "inat_id": 129637298}}, {"type": "Feature", "geometry": {"type": "Point", "coordinates": [-105.426505, 36.5601616667]}, "properties": {"species": "Boletus rubriceps", "date": "2022-08-03", "location": "Carson National Forest, Taos, NM, US", "elevation": 3486.0, "num_identification_agreements": 2, "tavg": null, "tmin": 6.5, "tmax": 23.0, "day_of_year": 215, "uuid": "f4422b06-3448-49ac-b0c7-4d96b65d63b8", "inat_id": 129626381}}, {"type": "Feature", "geometry": {"type": "Point", "coordinates": [-106.3458955482, 38.5365619243]}, "properties": {"species": "Boletus rubriceps", "date": "2022-08-05", "location": "Pike and San Isabel National Forests, Salida, CO, US", "elevation": 3495.0, "num_identification_agreements": 1, "tavg": null, "tmin": 8.0, "tmax": 17.0, "day_of_year": 217, "uuid": "7d2a9eeb-28ea-49a6-81ca-d73594390f47", "inat_id": 129603532}}, {"type": "Feature", "geometry": {"type": "Point", "coordinates": [-105.809905, 40.3338883333]}, "properties": {"species": "Boletus rubriceps", "date": "2022-08-05", "location": "Rocky Mountain National Park, Granby, CO, US", "elevation": 2991.0, "num_identification_agreements": 1, "tavg": null, "tmin": 9.5, "tmax": 27.1, "day_of_year": 217, "uuid": "4fc39149-d3c0-4d0e-bf0c-0fd34d4bdb4d", "inat_id": 129598422}}, {"type": "Feature", "geometry": {"type": "Point", "coordinates": [-105.0759583333, 38.8771366667]}, "properties": {"species": "Boletus rubriceps", "date": "2022-08-04", "location": "Pike and San Isabel National Forests, Woodland Park, CO, US", "elevation": 3464.0, "num_identification_agreements": 2, "tavg": null, "tmin": 12.1, "tmax": 30.4, "day_of_year": 216, "uuid": "bf7fe1c9-171a-4659-82d0-5b5ee4308bd2", "inat_id": 129480291}}, {"type": "Feature", "geometry": {"type": "Point", "coordinates": [-105.3763898091, 39.5641235216]}, "properties": {"species": "Boletus rubriceps", "date": "2022-08-04", "location": "Jefferson County, US-CO, US", "elevation": 2578.0, "num_identification_agreements": 2, "tavg": null, "tmin": 2.3, "tmax": 16.7, "day_of_year": 216, "uuid": "8518e734-2f38-4dd7-bd14-072ad43414ae", "inat_id": 129451813}}, {"type": "Feature", "geometry": {"type": "Point", "coordinates": [-106.7170783333, 40.78372]}, "properties": {"species": "Boletus rubriceps", "date": "2022-07-29", "location": "Medicine Bow-Routt National Forest & Thunder Basin National Grassland, Clark, CO, US", "elevation": 2602.0, "num_identification_agreements": 1, "tavg": null, "tmin": 10.4, "tmax": 26.4, "day_of_year": 210, "uuid": "df5647b5-6620-4bac-97c5-8bac42666a17", "inat_id": 129383280}}, {"type": "Feature", "geometry": {"type": "Point", "coordinates": [-105.5459878764, 40.1840978504]}, "properties": {"species": "Boletus rubriceps", "date": "2022-07-31", "location": "Colorado, US", "elevation": 2878.0, "num_identification_agreements": 2, "tavg": null, "tmin": 18.0, "tmax": 31.0, "day_of_year": 212, "uuid": "7d5eb09f-5f48-4e95-b05c-f4677e2ef247", "inat_id": 129371583}}, {"type": "Feature", "geometry": {"type": "Point", "coordinates": [-107.1043611667, 39.1519083333]}, "properties": {"species": "Boletus rubriceps", "date": "2022-08-01", "location": "White River National Forest, Snowmass, CO, US", "elevation": 3245.0, "num_identification_agreements": 1, "tavg": null, "tmin": 11.7, "tmax": 26.1, "day_of_year": 213, "uuid": "8b9baf4f-6bc7-4f1d-9679-e05ec2ba9aed", "inat_id": 129364789}}, {"type": "Feature", "geometry": {"type": "Point", "coordinates": [-104.8153533333, 38.8565033333]}, "properties": {"species": "Boletus rubriceps", "date": "2022-07-29", "location": "N Corona St, Colorado Springs, CO, US", "elevation": 1862.0, "num_identification_agreements": 2, "tavg": null, "tmin": 14.4, "tmax": 25.6, "day_of_year": 210, "uuid": "471f1841-2fa8-4e4a-a5fa-d07d11f656e8", "inat_id": 129355685}}, {"type": "Feature", "geometry": {"type": "Point", "coordinates": [-105.9426496, 39.4889102]}, "properties": {"species": "Boletus rubriceps", "date": "2022-07-31", "location": "Summit County, CO, USA", "elevation": 3113.0, "num_identification_agreements": 2, "tavg": null, "tmin": 4.0, "tmax": 13.6, "day_of_year": 212, "uuid": "30eaa265-a984-49b2-aa8e-50f8d4274bbf", "inat_id": 129332300}}, {"type": "Feature", "geometry": {"type": "Point", "coordinates": [-106.05617825, 39.40301075]}, "properties": {"species": "Boletus rubriceps", "date": "2022-07-30", "location": "Summit County, CO, USA", "elevation": 3183.0, "num_identification_agreements": 2, "tavg": null, "tmin": 5.0, "tmax": 21.1, "day_of_year": 211, "uuid": "08e87832-d4da-4504-97f6-1e638b89c5ae", "inat_id": 129323165}}, {"type": "Feature", "geometry": {"type": "Point", "coordinates": [-106.0946060817, 39.4068153517]}, "properties": {"species": "Boletus rubriceps", "date": "2022-07-30", "location": "Summit County, CO, USA", "elevation": 3591.0, "num_identification_agreements": 2, "tavg": null, "tmin": 5.0, "tmax": 21.1, "day_of_year": 211, "uuid": "659253b3-5fc4-4ad1-b0ba-e732dcc991c3", "inat_id": 129320789}}, {"type": "Feature", "geometry": {"type": "Point", "coordinates": [-106.0697426834, 39.3630014314]}, "properties": {"species": "Boletus rubriceps", "date": "2022-08-03", "location": "Park County, US-CO, US", "elevation": 3593.0, "num_identification_agreements": 2, "tavg": null, "tmin": 7.2, "tmax": 22.2, "day_of_year": 215, "uuid": "0bce10b1-e764-47ff-be81-52c9313a3718", "inat_id": 129316619}}, {"type": "Feature", "geometry": {"type": "Point", "coordinates": [-106.3369133333, 38.4960833333]}, "properties": {"species": "Boletus rubriceps", "date": "2022-08-02", "location": "Grand Mesa Uncompahgre and Gunnison National Forests, Gunnison, CO, US", "elevation": 3516.0, "num_identification_agreements": 1, "tavg": null, "tmin": 6.0, "tmax": 17.0, "day_of_year": 214, "uuid": "f4202a7b-7e59-4527-a960-567f17f375d5", "inat_id": 129267916}}, {"type": "Feature", "geometry": {"type": "Point", "coordinates": [-105.8427555556, 39.7196777778]}, "properties": {"species": "Boletus rubriceps", "date": "2022-08-02", "location": "Keystone, CO 80435, USA", "elevation": 3544.0, "num_identification_agreements": 1, "tavg": null, "tmin": 4.6, "tmax": 14.5, "day_of_year": 214, "uuid": "ef3d176a-2c46-4fac-bbaf-511757070690", "inat_id": 129235338}}, {"type": "Feature", "geometry": {"type": "Point", "coordinates": [-105.8427777778, 39.7196666667]}, "properties": {"species": "Boletus rubriceps", "date": "2022-08-02", "location": "Keystone, CO 80435, USA", "elevation": 3544.0, "num_identification_agreements": 1, "tavg": null, "tmin": 4.6, "tmax": 14.5, "day_of_year": 214, "uuid": "470d54bd-6e49-41bc-a188-379ce970a556", "inat_id": 129235321}}, {"type": "Feature", "geometry": {"type": "Point", "coordinates": [-105.4986328259, 36.6181831764]}, "properties": {"species": "Boletus rubriceps", "date": "2022-08-02", "location": "Taos County, US-NM, US", "elevation": 3328.0, "num_identification_agreements": 3, "tavg": null, "tmin": 12.2, "tmax": 29.4, "day_of_year": 214, "uuid": "7d4fa55d-f955-48cc-9b15-7ed817c68ba2", "inat_id": 129233726}}, {"type": "Feature", "geometry": {"type": "Point", "coordinates": [-105.4974710941, 36.6178898546]}, "properties": {"species": "Boletus rubriceps", "date": "2022-08-02", "location": "Taos County, US-NM, US", "elevation": 3386.0, "num_identification_agreements": 1, "tavg": null, "tmin": 12.2, "tmax": 29.4, "day_of_year": 214, "uuid": "90a269f5-b848-4314-9dc6-c4b6b0010ad3", "inat_id": 129233579}}, {"type": "Feature", "geometry": {"type": "Point", "coordinates": [-105.8562840189, 40.447090271]}, "properties": {"species": "Boletus rubriceps", "date": "2022-07-25", "location": "Grand County, CO, USA", "elevation": 3042.0, "num_identification_agreements": 3, "tavg": null, "tmin": 11.5, "tmax": 25.5, "day_of_year": 206, "uuid": "a81b614a-3a33-40f5-a4ec-2eac7cab8fae", "inat_id": 129227244}}, {"type": "Feature", "geometry": {"type": "Point", "coordinates": [-106.6809083333, 40.7822333333]}, "properties": {"species": "Boletus rubriceps", "date": "2022-07-29", "location": "Medicine Bow-Routt National Forest & Thunder Basin National Grassland, Clark, CO, US", "elevation": 2929.0, "num_identification_agreements": 2, "tavg": null, "tmin": 10.4, "tmax": 26.4, "day_of_year": 210, "uuid": "c1cb3926-8d7e-42bb-b91b-2fe457ac5d82", "inat_id": 129223342}}, {"type": "Feature", "geometry": {"type": "Point", "coordinates": [-107.0681877807, 39.1386467424]}, "properties": {"species": "Boletus rubriceps", "date": "2022-07-29", "location": "Snowmass, CO 81654, USA", "elevation": 3717.0, "num_identification_agreements": 2, "tavg": null, "tmin": 9.4, "tmax": 23.9, "day_of_year": 210, "uuid": "a08d2803-b1bb-4a4f-a31d-c483a7f43521", "inat_id": 129220050}}, {"type": "Feature", "geometry": {"type": "Point", "coordinates": [-105.6609803162, 40.3177576211]}, "properties": {"species": "Boletus rubriceps", "date": "2022-08-02", "location": "Rocky Mountain National Park, Estes Park, CO, US", "elevation": 3243.0, "num_identification_agreements": 1, "tavg": null, "tmin": 10.5, "tmax": 24.7, "day_of_year": 214, "uuid": "d9c8a525-638b-4a78-a6a9-ad8de479bf96", "inat_id": 129219620}}, {"type": "Feature", "geometry": {"type": "Point", "coordinates": [-105.954446425, 39.4710593033]}, "properties": {"species": "Boletus rubriceps", "date": "2022-07-29", "location": "Summit, Colorado, United States", "elevation": 3273.0, "num_identification_agreements": 2, "tavg": null, "tmin": 1.4, "tmax": 11.7, "day_of_year": 210, "uuid": "75c8eec5-0d57-4abf-bc15-ca3d0e594b7f", "inat_id": 129206758}}, {"type": "Feature", "geometry": {"type": "Point", "coordinates": [-107.7110833333, 37.7451783333]}, "properties": {"species": "Boletus rubriceps", "date": "2022-08-02", "location": "San Juan National Forest headquarters, CO, US", "elevation": 3352.0, "num_identification_agreements": 3, "tavg": null, "tmin": 11.0, "tmax": 22.0, "day_of_year": 214, "uuid": "4bb1ce2c-2a22-4e11-98a7-c4599ce50b88", "inat_id": 129204379}}, {"type": "Feature", "geometry": {"type": "Point", "coordinates": [-105.3765261826, 39.5641479548]}, "properties": {"species": "Boletus rubriceps", "date": "2022-08-02", "location": "Jefferson County, US-CO, US", "elevation": 2578.0, "num_identification_agreements": 2, "tavg": null, "tmin": 4.6, "tmax": 14.5, "day_of_year": 214, "uuid": "596d2807-cc5f-42b7-be76-39c48d27e1c3", "inat_id": 129186425}}, {"type": "Feature", "geometry": {"type": "Point", "coordinates": [-105.3782107775, 39.5662593563]}, "properties": {"species": "Boletus rubriceps", "date": "2022-08-02", "location": "Jefferson County, US-CO, US", "elevation": 2560.0, "num_identification_agreements": 2, "tavg": null, "tmin": 4.6, "tmax": 14.5, "day_of_year": 214, "uuid": "8b5bccdd-eef2-486e-9843-641608b49d79", "inat_id": 129171342}}, {"type": "Feature", "geometry": {"type": "Point", "coordinates": [-105.3544472222, 39.3324583333]}, "properties": {"species": "Boletus rubriceps", "date": "2022-08-01", "location": "Pine, CO 80470, USA", "elevation": 2311.0, "num_identification_agreements": 1, "tavg": null, "tmin": 6.8, "tmax": 19.8, "day_of_year": 213, "uuid": "56738232-1842-48b5-b06b-a649247621d6", "inat_id": 129091739}}, {"type": "Feature", "geometry": {"type": "Point", "coordinates": [-107.6634782438, 37.8183096604]}, "properties": {"species": "Boletus rubriceps", "date": "2022-08-01", "location": "Silverton, CO, US", "elevation": 2902.0, "num_identification_agreements": 2, "tavg": null, "tmin": 10.0, "tmax": 21.0, "day_of_year": 213, "uuid": "736f7a22-2d90-429f-9abf-5c08e288dca5", "inat_id": 129080296}}, {"type": "Feature", "geometry": {"type": "Point", "coordinates": [-105.3376777778, 39.3411388889]}, "properties": {"species": "Boletus rubriceps", "date": "2022-08-01", "location": "Pine, CO 80470, USA", "elevation": 2254.0, "num_identification_agreements": 2, "tavg": null, "tmin": 6.8, "tmax": 19.8, "day_of_year": 213, "uuid": "55981763-f5d8-4d33-bd02-3714d4a25ff2", "inat_id": 129079978}}, {"type": "Feature", "geometry": {"type": "Point", "coordinates": [-105.08976493, 39.0275432]}, "properties": {"species": "Boletus rubriceps", "date": "2022-08-01", "location": "Teller County, US-CO, US", "elevation": 2526.0, "num_identification_agreements": 2, "tavg": null, "tmin": 11.7, "tmax": 30.4, "day_of_year": 213, "uuid": "4c4c49de-1c15-4a73-81b0-b0e23b0dadee", "inat_id": 129028558}}, {"type": "Feature", "geometry": {"type": "Point", "coordinates": [-107.570143511, 37.9634632939]}, "properties": {"species": "Boletus rubriceps", "date": "2022-08-01", "location": "CO, US", "elevation": 3914.0, "num_identification_agreements": 2, "tavg": null, "tmin": 10.0, "tmax": 21.0, "day_of_year": 213, "uuid": "3c6ea710-39d8-4cb1-abc1-5c8c31065cc5", "inat_id": 129024253}}, {"type": "Feature", "geometry": {"type": "Point", "coordinates": [-105.5911416667, 40.0708055]}, "properties": {"species": "Boletus rubriceps", "date": "2022-07-29", "location": "Arapaho & Roosevelt National Forests Pawnee National Grassland, Ward, CO, US", "elevation": 3255.0, "num_identification_agreements": 1, "tavg": null, "tmin": 7.7, "tmax": 22.2, "day_of_year": 210, "uuid": "462dfdb0-447c-4a2c-88b1-0e804de712b2", "inat_id": 129010612}}, {"type": "Feature", "geometry": {"type": "Point", "coordinates": [-106.7070731997, 37.6098757997]}, "properties": {"species": "Boletus rubriceps", "date": "2022-08-01", "location": "South Fork, CO 81154, USA", "elevation": 2579.0, "num_identification_agreements": 1, "tavg": null, "tmin": 7.0, "tmax": 14.0, "day_of_year": 213, "uuid": "47eba5e3-071f-4734-84e0-f6333b0c9fad", "inat_id": 128989293}}, {"type": "Feature", "geometry": {"type": "Point", "coordinates": [-106.7014580593, 37.612272966]}, "properties": {"species": "Boletus rubriceps", "date": "2022-08-01", "location": "South Fork, CO 81154, USA", "elevation": 2563.0, "num_identification_agreements": 1, "tavg": null, "tmin": 7.0, "tmax": 14.0, "day_of_year": 213, "uuid": "e7034d6f-5427-497c-b2f5-821ed21a39d9", "inat_id": 128989251}}, {"type": "Feature", "geometry": {"type": "Point", "coordinates": [-105.6927143733, 40.7980604829]}, "properties": {"species": "Boletus rubriceps", "date": "2022-07-31", "location": "Arapaho & Roosevelt National Forests Pawnee National Grassland, Red Feather Lakes, CO, US", "elevation": 2983.0, "num_identification_agreements": 2, "tavg": null, "tmin": 14.4, "tmax": 25.2, "day_of_year": 212, "uuid": "b66ff0a1-80c8-4669-86e8-ab08331bfbff", "inat_id": 128981117}}, {"type": "Feature", "geometry": {"type": "Point", "coordinates": [-105.7505199128, 35.8289073268]}, "properties": {"species": "Boletus rubriceps", "date": "2022-07-29", "location": "Santa Fe County, US-NM, US", "elevation": 3579.0, "num_identification_agreements": 1, "tavg": null, "tmin": 15.6, "tmax": 25.6, "day_of_year": 210, "uuid": "9be7ce8d-6dab-473e-b397-01e8c36d29c9", "inat_id": 128913057}}, {"type": "Feature", "geometry": {"type": "Point", "coordinates": [-105.7906200272, 35.8098780597]}, "properties": {"species": "Boletus rubriceps", "date": "2022-07-28", "location": "Santa Fe County, US-NM, US", "elevation": 3249.0, "num_identification_agreements": 1, "tavg": null, "tmin": 13.3, "tmax": 27.2, "day_of_year": 209, "uuid": "e421089f-97f3-48ac-9b94-3c3df4fa8e47", "inat_id": 128912587}}, {"type": "Feature", "geometry": {"type": "Point", "coordinates": [-105.6963931024, 39.8708541418]}, "properties": {"species": "Boletus rubriceps", "date": "2022-07-31", "location": "Rogers Pass", "elevation": 3632.0, "num_identification_agreements": 2, "tavg": null, "tmin": 4.0, "tmax": 13.6, "day_of_year": 212, "uuid": "f8383cf9-42ee-44c6-aa63-b20c9b14e5ee", "inat_id": 128907257}}, {"type": "Feature", "geometry": {"type": "Point", "coordinates": [-106.9893271121, 38.868227231]}, "properties": {"species": "Boletus rubriceps", "date": "2022-07-28", "location": "Grand Mesa Uncompahgre and Gunnison National Forests, Crested Butte, CO, US", "elevation": 2722.0, "num_identification_agreements": 2, "tavg": null, "tmin": 13.9, "tmax": 19.4, "day_of_year": 209, "uuid": "c73f0619-b62d-413a-84e3-0900f94bced9", "inat_id": 128902560}}, {"type": "Feature", "geometry": {"type": "Point", "coordinates": [-105.722275, 39.6071555556]}, "properties": {"species": "Boletus rubriceps", "date": "2022-07-31", "location": "Idaho Springs, CO 80452, USA", "elevation": 3385.0, "num_identification_agreements": 1, "tavg": null, "tmin": 4.0, "tmax": 13.6, "day_of_year": 212, "uuid": "73ab04b5-f531-4a90-b85b-44aeb7205c96", "inat_id": 128876954}}, {"type": "Feature", "geometry": {"type": "Point", "coordinates": [-106.3441904594, 40.5312075688]}, "properties": {"species": "Boletus rubriceps", "date": "2022-07-29", "location": "Walden, CO, US", "elevation": 2521.0, "num_identification_agreements": 3, "tavg": null, "tmin": 10.0, "tmax": 24.6, "day_of_year": 210, "uuid": "78280159-9296-43e4-adaf-377dba6a568f", "inat_id": 128876938}}, {"type": "Feature", "geometry": {"type": "Point", "coordinates": [-107.5440222222, 39.8352666667]}, "properties": {"species": "Boletus rubriceps", "date": "2022-07-26", "location": "Meeker, CO 81641, USA", "elevation": 3057.0, "num_identification_agreements": 2, "tavg": null, "tmin": 10.6, "tmax": 30.0, "day_of_year": 207, "uuid": "f99ceebe-fb4b-44eb-8684-060d5ee16187", "inat_id": 128847378}}, {"type": "Feature", "geometry": {"type": "Point", "coordinates": [-106.4557033333, 37.0198471667]}, "properties": {"species": "Boletus rubriceps", "date": "2022-07-31", "location": "Rio Grande National Forest, Antonito, CO, US", "elevation": 3053.0, "num_identification_agreements": 1, "tavg": null, "tmin": null, "tmax": null, "day_of_year": 212, "uuid": "885c6585-f03d-44ba-8708-347030c08233", "inat_id": 128843980}}, {"type": "Feature", "geometry": {"type": "Point", "coordinates": [-106.4097366667, 38.809825]}, "properties": {"species": "Boletus rubriceps", "date": "2022-07-27", "location": "Pike and San Isabel National Forests, Nathrop, CO, US", "elevation": 3602.0, "num_identification_agreements": 1, "tavg": null, "tmin": 6.3, "tmax": 22.5, "day_of_year": 208, "uuid": "a2d5af6a-8d98-439a-b98f-3774d653d3a7", "inat_id": 128738088}}, {"type": "Feature", "geometry": {"type": "Point", "coordinates": [-105.81568, 39.6654883333]}, "properties": {"species": "Boletus rubriceps", "date": "2022-07-30", "location": "Arapaho & Roosevelt National Forests Pawnee National Grassland, Idaho Springs, CO, US", "elevation": 3272.0, "num_identification_agreements": 1, "tavg": null, "tmin": 1.4, "tmax": 14.5, "day_of_year": 211, "uuid": "a079cbfd-f992-431a-a5d6-1580d8796d29", "inat_id": 128723905}}, {"type": "Feature", "geometry": {"type": "Point", "coordinates": [-105.588255, 40.1991583333]}, "properties": {"species": "Boletus rubriceps", "date": "2022-07-30", "location": "Rocky Mountain National Park, Ward, CO, US", "elevation": 2737.0, "num_identification_agreements": 1, "tavg": null, "tmin": 5.0, "tmax": 26.1, "day_of_year": 211, "uuid": "2ceb72a4-4475-4ec1-ac0b-cfe39df82e43", "inat_id": 128701638}}, {"type": "Feature", "geometry": {"type": "Point", "coordinates": [-105.42665, 39.8693116667]}, "properties": {"species": "Boletus rubriceps", "date": "2022-07-30", "location": "Golden Gate Canyon State Park, Golden, CO, US", "elevation": 2872.0, "num_identification_agreements": 2, "tavg": null, "tmin": 14.0, "tmax": 33.0, "day_of_year": 211, "uuid": "00ca676e-2e5f-497f-bbb5-5137ae13cd65", "inat_id": 128695540}}, {"type": "Feature", "geometry": {"type": "Point", "coordinates": [-105.8875118941, 39.7767177883]}, "properties": {"species": "Boletus rubriceps", "date": "2022-07-29", "location": "Parshall, CO 80468, USA", "elevation": 3804.0, "num_identification_agreements": 1, "tavg": null, "tmin": 1.4, "tmax": 11.7, "day_of_year": 210, "uuid": "0b0f419b-d804-4df2-8fb9-dfd9cddb91f3", "inat_id": 128526135}}, {"type": "Feature", "geometry": {"type": "Point", "coordinates": [-106.7528299895, 39.2450369988]}, "properties": {"species": "Boletus rubriceps", "date": "2022-07-29", "location": "Pitkin County, US-CO, US", "elevation": 2672.0, "num_identification_agreements": 3, "tavg": null, "tmin": 9.4, "tmax": 23.9, "day_of_year": 210, "uuid": "9a9755b6-2d02-4cd6-89a7-e4d52254f011", "inat_id": 128495292}}, {"type": "Feature", "geometry": {"type": "Point", "coordinates": [-105.4449383333, 39.875805]}, "properties": {"species": "Boletus rubriceps", "date": "2022-07-28", "location": "Golden Gate Canyon State Park, Black Hawk, CO, US", "elevation": 2745.0, "num_identification_agreements": 1, "tavg": null, "tmin": 16.0, "tmax": 23.0, "day_of_year": 209, "uuid": "5141c9f9-61e3-412c-9460-700d5351370e", "inat_id": 128406812}}, {"type": "Feature", "geometry": {"type": "Point", "coordinates": [-105.6446408853, 39.8240599701]}, "properties": {"species": "Boletus rubriceps", "date": "2022-07-28", "location": "Idaho Springs, CO 80452, USA", "elevation": 3145.0, "num_identification_agreements": 2, "tavg": null, "tmin": 3.0, "tmax": 12.0, "day_of_year": 209, "uuid": "5e9a19a9-b319-45c2-82cd-4d54596b3db7", "inat_id": 128381805}}, {"type": "Feature", "geometry": {"type": "Point", "coordinates": [-105.96775, 39.9688266667]}, "properties": {"species": "Boletus rubriceps", "date": "2022-07-28", "location": "Grand Lake, CO 80447, USA", "elevation": 2834.0, "num_identification_agreements": 2, "tavg": null, "tmin": 9.8, "tmax": 23.7, "day_of_year": 209, "uuid": "d5bdd74f-9deb-4d5b-9e9d-6b1fe0a59461", "inat_id": 128351261}}, {"type": "Feature", "geometry": {"type": "Point", "coordinates": [-106.3799833333, 39.7321383333]}, "properties": {"species": "Boletus rubriceps", "date": "2022-07-27", "location": "Eagle County, US-CO, US", "elevation": 2931.0, "num_identification_agreements": 3, "tavg": null, "tmin": 9.0, "tmax": 21.0, "day_of_year": 208, "uuid": "5c9cf319-0092-4844-a95c-d46bf2e27aed", "inat_id": 128316435}}, {"type": "Feature", "geometry": {"type": "Point", "coordinates": [-106.492213457, 37.1561639556]}, "properties": {"species": "Boletus rubriceps", "date": "2022-07-27", "location": "United States", "elevation": 3164.0, "num_identification_agreements": 2, "tavg": null, "tmin": 6.0, "tmax": 12.0, "day_of_year": 208, "uuid": "5c293f73-b65d-493e-bd76-dd8cec01fa83", "inat_id": 128244594}}, {"type": "Feature", "geometry": {"type": "Point", "coordinates": [-105.6092383333, 39.526305]}, "properties": {"species": "Boletus rubriceps", "date": "2022-07-27", "location": "Mount Evans Wilderness, Bailey, CO, US", "elevation": 3181.0, "num_identification_agreements": 2, "tavg": null, "tmin": 1.5, "tmax": 15.7, "day_of_year": 208, "uuid": "bb370953-eec2-4911-aa42-10ff5499a13d", "inat_id": 128228204}}, {"type": "Feature", "geometry": {"type": "Point", "coordinates": [-105.5786283333, 40.2024833333]}, "properties": {"species": "Boletus rubriceps", "date": "2022-07-27", "location": "Rocky Mountain National Park, Ward, CO, US", "elevation": 2674.0, "num_identification_agreements": 1, "tavg": null, "tmin": 7.6, "tmax": 27.3, "day_of_year": 208, "uuid": "2f1aa150-410b-4399-9d89-632b46cb82e2", "inat_id": 128222922}}, {"type": "Feature", "geometry": {"type": "Point", "coordinates": [-105.5815966667, 40.0486305]}, "properties": {"species": "Boletus rubriceps", "date": "2022-07-27", "location": "Arapaho & Roosevelt National Forests Pawnee National Grassland, Ward, CO, US", "elevation": 3394.0, "num_identification_agreements": 2, "tavg": null, "tmin": 7.6, "tmax": 27.3, "day_of_year": 208, "uuid": "22951690-665b-42d8-baad-bc5b80bd949a", "inat_id": 128220745}}, {"type": "Feature", "geometry": {"type": "Point", "coordinates": [-105.5612487793, 40.0041122437]}, "properties": {"species": "Boletus rubriceps", "date": "2022-07-24", "location": "Nederland", "elevation": 2976.0, "num_identification_agreements": 3, "tavg": null, "tmin": 17.0, "tmax": 24.0, "day_of_year": 205, "uuid": "ebcf63c8-0996-4307-bcbd-8ab33da0c334", "inat_id": 128170077}}, {"type": "Feature", "geometry": {"type": "Point", "coordinates": [-105.728195, 39.879075]}, "properties": {"species": "Boletus rubriceps", "date": "2022-07-26", "location": "Arapaho & Roosevelt National Forests Pawnee National Grassland, Granby, CO, US", "elevation": 2962.0, "num_identification_agreements": 2, "tavg": null, "tmin": 4.6, "tmax": 15.3, "day_of_year": 207, "uuid": "8f8ee2e9-5e78-4b6a-b22d-fbeeb0359bef", "inat_id": 128096333}}, {"type": "Feature", "geometry": {"type": "Point", "coordinates": [-106.16695, 39.7045472222]}, "properties": {"species": "Boletus rubriceps", "date": "2022-07-26", "location": "Silverthorne, CO 80498, USA", "elevation": 2917.0, "num_identification_agreements": 1, "tavg": null, "tmin": 12.0, "tmax": 18.0, "day_of_year": 207, "uuid": "699ee162-a672-4bd7-9fbc-0fe4e2e4888a", "inat_id": 128091828}}, {"type": "Feature", "geometry": {"type": "Point", "coordinates": [-105.7859583333, 39.9155216667]}, "properties": {"species": "Boletus rubriceps", "date": "2022-07-26", "location": "Village Dr, Winter Park, CO, US", "elevation": 2705.0, "num_identification_agreements": 1, "tavg": null, "tmin": 4.6, "tmax": 15.3, "day_of_year": 207, "uuid": "8ef820a7-3d46-475a-8de0-6610767a18a4", "inat_id": 128073115}}, {"type": "Feature", "geometry": {"type": "Point", "coordinates": [-105.7466666667, 40.1047583333]}, "properties": {"species": "Boletus rubriceps", "date": "2022-07-25", "location": "Arapaho & Roosevelt National Forests Pawnee National Grassland, Granby, CO, US", "elevation": 2558.0, "num_identification_agreements": 3, "tavg": null, "tmin": 11.5, "tmax": 25.5, "day_of_year": 206, "uuid": "3ef936ea-9b19-4223-a8ed-265768f4fdbc", "inat_id": 128070373}}, {"type": "Feature", "geometry": {"type": "Point", "coordinates": [-107.8573198244, 37.6668442941]}, "properties": {"species": "Boletus rubriceps", "date": "2022-07-26", "location": "San Juan County, CO, USA", "elevation": 3402.0, "num_identification_agreements": 2, "tavg": null, "tmin": 11.0, "tmax": 22.0, "day_of_year": 207, "uuid": "4f286ad3-fe21-44cd-bf39-a07f1e98a762", "inat_id": 128068259}}, {"type": "Feature", "geometry": {"type": "Point", "coordinates": [-106.2278087166, 39.3767766958]}, "properties": {"species": "Boletus rubriceps", "date": "2022-07-26", "location": "Colorado, US", "elevation": 3487.0, "num_identification_agreements": 1, "tavg": null, "tmin": 5.0, "tmax": 22.8, "day_of_year": 207, "uuid": "d7e23bea-13f0-4464-879b-8bde64c19b3e", "inat_id": 128053463}}, {"type": "Feature", "geometry": {"type": "Point", "coordinates": [-105.41275, 39.8592616667]}, "properties": {"species": "Boletus rubriceps", "date": "2022-07-25", "location": "Golden Gate Canyon State Park, Golden, CO, US", "elevation": 2716.0, "num_identification_agreements": 2, "tavg": null, "tmin": 16.0, "tmax": 32.0, "day_of_year": 206, "uuid": "ec850ce8-3796-40f9-8ec6-f94b337845b1", "inat_id": 128015354}}, {"type": "Feature", "geometry": {"type": "Point", "coordinates": [-105.5785916667, 40.2025083333]}, "properties": {"species": "Boletus rubriceps", "date": "2022-07-25", "location": "Rocky Mountain National Park, Ward, CO, US", "elevation": 2674.0, "num_identification_agreements": 1, "tavg": null, "tmin": 11.5, "tmax": 25.5, "day_of_year": 206, "uuid": "3d2c2eee-9078-4ff7-b783-852e72e175a4", "inat_id": 127923251}}, {"type": "Feature", "geometry": {"type": "Point", "coordinates": [-105.5804666667, 40.0480028333]}, "properties": {"species": "Boletus rubriceps", "date": "2022-07-25", "location": "Arapaho & Roosevelt National Forests Pawnee National Grassland, Ward, CO, US", "elevation": 3385.0, "num_identification_agreements": 4, "tavg": null, "tmin": 11.5, "tmax": 25.5, "day_of_year": 206, "uuid": "eebf77ea-3a6b-4f4f-9628-1d0bb53054d0", "inat_id": 127918079}}, {"type": "Feature", "geometry": {"type": "Point", "coordinates": [-107.9662383333, 39.059475]}, "properties": {"species": "Boletus rubriceps", "date": "2022-07-25", "location": "Grand Mesa Uncompahgre and Gunnison National Forests, Cedaredge, CO, US", "elevation": 3377.0, "num_identification_agreements": 2, "tavg": null, "tmin": 18.6, "tmax": 31.1, "day_of_year": 206, "uuid": "d6c4fa7d-f3a2-4dd2-9b6d-b0419ed32830", "inat_id": 127910501}}, {"type": "Feature", "geometry": {"type": "Point", "coordinates": [-106.180595, 39.3587416667]}, "properties": {"species": "Boletus rubriceps", "date": "2022-07-25", "location": "Pike and San Isabel National Forests, Leadville, CO, US", "elevation": 3378.0, "num_identification_agreements": 1, "tavg": null, "tmin": 6.7, "tmax": 18.3, "day_of_year": 206, "uuid": "5943be77-fe48-4679-a8ba-104091fce462", "inat_id": 127903816}}, {"type": "Feature", "geometry": {"type": "Point", "coordinates": [-107.7795075998, 37.8505498865]}, "properties": {"species": "Boletus rubriceps", "date": "2014-08-19", "location": "Ophir, CO 81426, USA", "elevation": 3605.0, "num_identification_agreements": 1, "tavg": null, "tmin": null, "tmax": null, "day_of_year": 231, "uuid": "67085657-a1fe-4c2b-b3ca-565b1fe69ff6", "inat_id": 127799718}}, {"type": "Feature", "geometry": {"type": "Point", "coordinates": [-105.3780666667, 39.5667916667]}, "properties": {"species": "Boletus rubriceps", "date": "2022-07-24", "location": "Shadow Mountain, CO, USA", "elevation": 2542.0, "num_identification_agreements": 2, "tavg": null, "tmin": 2.3, "tmax": 13.4, "day_of_year": 205, "uuid": "91dade4f-192f-4a29-a9a3-fb7dc20f1279", "inat_id": 127756394}}, {"type": "Feature", "geometry": {"type": "Point", "coordinates": [-105.6998833333, 38.1512333333]}, "properties": {"species": "Boletus rubriceps", "date": "2022-07-21", "location": "Rio Grande National Forest, Moffat, CO, US", "elevation": 3335.0, "num_identification_agreements": 1, "tavg": null, "tmin": 11.0, "tmax": 29.0, "day_of_year": 202, "uuid": "ac9f66d9-7478-4470-a5ee-13a2ed38beb4", "inat_id": 127751899}}, {"type": "Feature", "geometry": {"type": "Point", "coordinates": [-105.8268661499, 40.2396850586]}, "properties": {"species": "Boletus rubriceps", "date": "2022-07-24", "location": "Grand Lake", "elevation": 2565.0, "num_identification_agreements": 3, "tavg": null, "tmin": 8.6, "tmax": 22.7, "day_of_year": 205, "uuid": "43b675b0-3698-437d-8d51-1d0773a5b6cc", "inat_id": 127722458}}, {"type": "Feature", "geometry": {"type": "Point", "coordinates": [-108.0975422, 37.46311]}, "properties": {"species": "Boletus rubriceps", "date": "2022-07-23", "location": "Hesperus, CO 81326, USA", "elevation": 3330.0, "num_identification_agreements": 1, "tavg": null, "tmin": 16.7, "tmax": 33.9, "day_of_year": 204, "uuid": "44ee3f96-b3a6-48b4-8f1e-af6fc37eb313", "inat_id": 127573180}}, {"type": "Feature", "geometry": {"type": "Point", "coordinates": [-105.489564855, 40.094145714]}, "properties": {"species": "Boletus rubriceps", "date": "2022-07-23", "location": "Colorado, US", "elevation": 2743.0, "num_identification_agreements": 2, "tavg": null, "tmin": 17.0, "tmax": 35.0, "day_of_year": 204, "uuid": "d22e5c73-3b1e-40f3-a012-0f176a15ce5a", "inat_id": 127562657}}, {"type": "Feature", "geometry": {"type": "Point", "coordinates": [-105.5529008371, 40.0802292364]}, "properties": {"species": "Boletus rubriceps", "date": "2022-07-23", "location": "Colorado, US", "elevation": 3121.0, "num_identification_agreements": 1, "tavg": null, "tmin": 17.0, "tmax": 35.0, "day_of_year": 204, "uuid": "875c0a9f-1c83-4222-a241-681fef85d1f7", "inat_id": 127562570}}, {"type": "Feature", "geometry": {"type": "Point", "coordinates": [-105.6998883333, 38.1512445]}, "properties": {"species": "Boletus rubriceps", "date": "2022-07-21", "location": "Rio Grande National Forest, Moffat, CO, US", "elevation": 3335.0, "num_identification_agreements": 1, "tavg": null, "tmin": 11.0, "tmax": 29.0, "day_of_year": 202, "uuid": "ae40dbb3-311c-4b09-b702-df5231392c49", "inat_id": 127521177}}, {"type": "Feature", "geometry": {"type": "Point", "coordinates": [-107.501081784, 37.4499842604]}, "properties": {"species": "Boletus rubriceps", "date": "2022-07-22", "location": "San Juan National Forest headquarters, Bayfield, CO, US", "elevation": 2399.0, "num_identification_agreements": 1, "tavg": null, "tmin": 14.4, "tmax": 33.3, "day_of_year": 203, "uuid": "c65e5451-7a05-4502-8360-f69b897cd17d", "inat_id": 127500605}}, {"type": "Feature", "geometry": {"type": "Point", "coordinates": [-105.3701783333, 39.3101583333]}, "properties": {"species": "Boletus rubriceps", "date": "2022-07-22", "location": "Pike and San Isabel National Forests, Sedalia, CO, US", "elevation": 2469.0, "num_identification_agreements": 1, "tavg": null, "tmin": 7.3, "tmax": 22.2, "day_of_year": 203, "uuid": "c5052ba6-edd1-41ad-82d8-6ab3b200eca0", "inat_id": 127399163}}, {"type": "Feature", "geometry": {"type": "Point", "coordinates": [-105.3701166667, 39.3101116667]}, "properties": {"species": "Boletus rubriceps", "date": "2022-07-22", "location": "Pike and San Isabel National Forests, Sedalia, CO, US", "elevation": 2469.0, "num_identification_agreements": 1, "tavg": null, "tmin": 7.3, "tmax": 22.2, "day_of_year": 203, "uuid": "62f58492-9164-46af-96b7-48fcda764734", "inat_id": 127399118}}, {"type": "Feature", "geometry": {"type": "Point", "coordinates": [-105.3694616667, 39.3098916667]}, "properties": {"species": "Boletus rubriceps", "date": "2022-07-22", "location": "Jefferson County, US-CO, US", "elevation": 2469.0, "num_identification_agreements": 2, "tavg": null, "tmin": 7.3, "tmax": 22.2, "day_of_year": 203, "uuid": "fda4615d-5583-4d77-a637-1c24550abd62", "inat_id": 127397053}}, {"type": "Feature", "geometry": {"type": "Point", "coordinates": [-105.373568, 40.0878355]}, "properties": {"species": "Boletus rubriceps", "date": "2022-07-21", "location": "Arapaho & Roosevelt National Forests Pawnee National Grassland, Jamestown, CO, US", "elevation": 2278.0, "num_identification_agreements": 1, "tavg": null, "tmin": 16.0, "tmax": 33.0, "day_of_year": 202, "uuid": "65f2f4d3-3800-4100-ad8e-3f51dba6d36a", "inat_id": 127304756}}, {"type": "Feature", "geometry": {"type": "Point", "coordinates": [-105.4326331042, 40.0906248403]}, "properties": {"species": "Boletus rubriceps", "date": "2022-07-21", "location": "Arapaho & Roosevelt National Forests Pawnee National Grassland, Jamestown, CO, US", "elevation": 2625.0, "num_identification_agreements": 1, "tavg": null, "tmin": 16.0, "tmax": 33.0, "day_of_year": 202, "uuid": "47a7ca08-6ae4-426a-bb35-83536601ba59", "inat_id": 127304618}}, {"type": "Feature", "geometry": {"type": "Point", "coordinates": [-106.9895973054, 38.9585611484]}, "properties": {"species": "Boletus rubriceps", "date": "2022-07-21", "location": "Grand Mesa Uncompahgre and Gunnison National Forests, Crested Butte, CO, US", "elevation": 2899.0, "num_identification_agreements": 1, "tavg": null, "tmin": 9.4, "tmax": 29.4, "day_of_year": 202, "uuid": "ce39874e-cd7b-49f2-9a74-7aabc3fc3745", "inat_id": 127225479}}, {"type": "Feature", "geometry": {"type": "Point", "coordinates": [-105.4734595631, 39.6661130039]}, "properties": {"species": "Boletus rubriceps", "date": "2022-07-18", "location": "Colorado, US", "elevation": 2970.0, "num_identification_agreements": 1, "tavg": null, "tmin": 6.3, "tmax": 17.9, "day_of_year": 199, "uuid": "f9b5cc69-6ef8-4eef-be80-62ed1e4d1fb0", "inat_id": 127120188}}, {"type": "Feature", "geometry": {"type": "Point", "coordinates": [-106.6986833333, 40.3844]}, "properties": {"species": "Boletus rubriceps", "date": "2022-07-19", "location": "Medicine Bow-Routt National Forest & Thunder Basin National Grassland, Steamboat Springs, CO, US", "elevation": 2845.0, "num_identification_agreements": 1, "tavg": null, "tmin": 12.1, "tmax": 30.2, "day_of_year": 200, "uuid": "1e716807-57f1-4376-8148-666857081fa6", "inat_id": 127021017}}, {"type": "Feature", "geometry": {"type": "Point", "coordinates": [-106.6115277778, 40.3439]}, "properties": {"species": "Boletus rubriceps", "date": "2022-07-18", "location": "Kremmling, CO 80459, USA", "elevation": 2803.0, "num_identification_agreements": 1, "tavg": null, "tmin": 12.0, "tmax": 31.1, "day_of_year": 199, "uuid": "6be818e2-6ce1-427c-ba68-7e88583b4d2f", "inat_id": 126910628}}, {"type": "Feature", "geometry": {"type": "Point", "coordinates": [-108.0887149247, 37.4448902847]}, "properties": {"species": "Boletus rubriceps", "date": "2019-08-13", "location": "San Juan National Forest headquarters, Mancos, CO, US", "elevation": 4005.0, "num_identification_agreements": 1, "tavg": null, "tmin": 6.7, "tmax": 31.1, "day_of_year": 225, "uuid": "83eee84a-9f46-4703-af61-a34529de9490", "inat_id": 126771130}}, {"type": "Feature", "geometry": {"type": "Point", "coordinates": [-105.6029015673, 40.8223786377]}, "properties": {"species": "Boletus rubriceps", "date": "2022-07-17", "location": "Arapaho & Roosevelt National Forests Pawnee National Grassland, Red Feather Lakes, CO, US", "elevation": 2568.0, "num_identification_agreements": 2, "tavg": null, "tmin": 14.3, "tmax": 30.1, "day_of_year": 198, "uuid": "666e11cb-cde3-4c97-a3f7-a4215b5f8069", "inat_id": 126722404}}, {"type": "Feature", "geometry": {"type": "Point", "coordinates": [-105.641425, 40.3065383333]}, "properties": {"species": "Boletus rubriceps", "date": "2022-07-15", "location": "Rocky Mountain National Park, Estes Park, CO, US", "elevation": 2831.0, "num_identification_agreements": 1, "tavg": null, "tmin": 10.4, "tmax": 26.1, "day_of_year": 196, "uuid": "3a0de4c2-1871-4665-879b-ed9245bb3990", "inat_id": 126385150}}, {"type": "Feature", "geometry": {"type": "Point", "coordinates": [-105.5491866667, 40.2054216667]}, "properties": {"species": "Boletus rubriceps", "date": "2022-07-11", "location": "Rocky Mountain National Park, Ward, CO, US", "elevation": 2736.0, "num_identification_agreements": 1, "tavg": null, "tmin": 16.7, "tmax": 27.7, "day_of_year": 192, "uuid": "90d9614d-b86a-472d-8dcb-f91f67ecaad2", "inat_id": 126167868}}, {"type": "Feature", "geometry": {"type": "Point", "coordinates": [-105.5883783333, 40.1991283333]}, "properties": {"species": "Boletus rubriceps", "date": "2022-07-12", "location": "Rocky Mountain National Park, Ward, CO, US", "elevation": 2737.0, "num_identification_agreements": 1, "tavg": null, "tmin": 5.2, "tmax": 26.0, "day_of_year": 193, "uuid": "c8ec8801-bcfb-4f34-9c33-e063d97844f7", "inat_id": 125992021}}, {"type": "Feature", "geometry": {"type": "Point", "coordinates": [-106.36065, 39.6401533333]}, "properties": {"species": "Boletus rubriceps", "date": "2022-07-09", "location": "Ford Park, Vail, CO, US", "elevation": 2514.0, "num_identification_agreements": 1, "tavg": null, "tmin": 12.0, "tmax": 23.0, "day_of_year": 190, "uuid": "fdb93a51-023e-46ea-94a3-d79a82616bff", "inat_id": 125979754}}, {"type": "Feature", "geometry": {"type": "Point", "coordinates": [-106.9692472222, 40.8046861111]}, "properties": {"species": "Boletus rubriceps", "date": "2022-07-12", "location": "Clark, CO 80428, USA", "elevation": 2452.0, "num_identification_agreements": 1, "tavg": null, "tmin": 7.8, "tmax": 30.6, "day_of_year": 193, "uuid": "2a2d657c-8fad-48d3-9f12-698fb4966f80", "inat_id": 125977783}}, {"type": "Feature", "geometry": {"type": "Point", "coordinates": [-105.57498, 40.3469916667]}, "properties": {"species": "Boletus rubriceps", "date": "2022-07-12", "location": "Rocky Mountain National Park, Estes Park, CO, US", "elevation": 2403.0, "num_identification_agreements": 2, "tavg": null, "tmin": 16.7, "tmax": 34.0, "day_of_year": 193, "uuid": "15795f54-e90d-4245-ac9c-8bab36102fde", "inat_id": 125944675}}, {"type": "Feature", "geometry": {"type": "Point", "coordinates": [-106.562981192, 40.3316384402]}, "properties": {"species": "Boletus rubriceps", "date": "2022-07-11", "location": "Colorado, US", "elevation": 2545.0, "num_identification_agreements": 2, "tavg": null, "tmin": 10.1, "tmax": 29.5, "day_of_year": 192, "uuid": "7821daed-2d77-49cd-892b-e91987bae6cd", "inat_id": 125822189}}, {"type": "Feature", "geometry": {"type": "Point", "coordinates": [-107.7778549194, 39.0910644531]}, "properties": {"species": "Boletus rubriceps", "date": "2022-07-03", "location": "Collbran", "elevation": 3005.0, "num_identification_agreements": 1, "tavg": null, "tmin": 17.9, "tmax": 29.4, "day_of_year": 184, "uuid": "206cc21e-16b5-429e-905d-e1cba46bbb18", "inat_id": 125820593}}, {"type": "Feature", "geometry": {"type": "Point", "coordinates": [-105.5468533333, 40.4332166667]}, "properties": {"species": "Boletus rubriceps", "date": "2022-07-10", "location": "Rocky Mountain National Park, Estes Park, CO, US", "elevation": 2637.0, "num_identification_agreements": 1, "tavg": null, "tmin": 17.1, "tmax": 40.0, "day_of_year": 191, "uuid": "94f11aed-e17d-48b5-9e6f-a5edec343b07", "inat_id": 125708725}}, {"type": "Feature", "geometry": {"type": "Point", "coordinates": [-105.5825084926, 40.1232630392]}, "properties": {"species": "Boletus rubriceps", "date": "2022-07-08", "location": "Colorado, US", "elevation": 3209.0, "num_identification_agreements": 1, "tavg": null, "tmin": 6.3, "tmax": 27.2, "day_of_year": 189, "uuid": "106ee594-3a74-4a38-ab44-555ed5a9f71d", "inat_id": 125545994}}, {"type": "Feature", "geometry": {"type": "Point", "coordinates": [-105.546790138, 40.4331996928]}, "properties": {"species": "Boletus rubriceps", "date": "2022-07-08", "location": "Larimer County, CO, USA", "elevation": 2637.0, "num_identification_agreements": 1, "tavg": null, "tmin": 14.6, "tmax": 36.0, "day_of_year": 189, "uuid": "8b9198fc-3695-4a1f-8940-7ca79b789362", "inat_id": 125530235}}, {"type": "Feature", "geometry": {"type": "Point", "coordinates": [-105.5502083333, 40.1362278333]}, "properties": {"species": "Boletus rubriceps", "date": "2022-07-04", "location": "Arapaho & Roosevelt National Forests Pawnee National Grassland, Ward, CO, US", "elevation": 2767.0, "num_identification_agreements": 2, "tavg": null, "tmin": 17.0, "tmax": 32.0, "day_of_year": 185, "uuid": "0d77f8e2-e2f3-4891-9eb7-27fa5ac4d59d", "inat_id": 125435714}}, {"type": "Feature", "geometry": {"type": "Point", "coordinates": [-105.5709133333, 40.3330833333]}, "properties": {"species": "Boletus rubriceps", "date": "2022-07-08", "location": "Estes Park, CO, US", "elevation": 2467.0, "num_identification_agreements": 2, "tavg": null, "tmin": 14.6, "tmax": 36.0, "day_of_year": 189, "uuid": "0df34288-9034-49b5-9110-953a1f9e8fcf", "inat_id": 125360177}}, {"type": "Feature", "geometry": {"type": "Point", "coordinates": [-106.3606333333, 39.6400716667]}, "properties": {"species": "Boletus rubriceps", "date": "2022-07-08", "location": "Ford Park, Vail, CO, US", "elevation": 2514.0, "num_identification_agreements": 3, "tavg": null, "tmin": 12.0, "tmax": 19.0, "day_of_year": 189, "uuid": "288e3299-8ccd-4575-b154-ad3e4a1b0725", "inat_id": 125357391}}, {"type": "Feature", "geometry": {"type": "Point", "coordinates": [-105.7388719171, 40.1016141111]}, "properties": {"species": "Boletus rubriceps", "date": "2022-07-07", "location": "Granby, CO 80446, USA", "elevation": 2566.0, "num_identification_agreements": 1, "tavg": null, "tmin": 7.3, "tmax": 23.4, "day_of_year": 188, "uuid": "8482765a-e183-4a1e-9429-d59a97921ff3", "inat_id": 125234220}}, {"type": "Feature", "geometry": {"type": "Point", "coordinates": [-105.636445, 40.3972583333]}, "properties": {"species": "Boletus rubriceps", "date": "2021-08-28", "location": "Rocky Mountain National Park, Estes Park, CO, US", "elevation": 2782.0, "num_identification_agreements": 3, "tavg": null, "tmin": 3.0, "tmax": 27.8, "day_of_year": 240, "uuid": "4d624712-224a-4b00-8226-76292c93d0b6", "inat_id": 124914286}}, {"type": "Feature", "geometry": {"type": "Point", "coordinates": [-105.5574033333, 40.2097783333]}, "properties": {"species": "Boletus rubriceps", "date": "2022-07-04", "location": "Rocky Mountain National Park, Allenspark, CO, US", "elevation": 2585.0, "num_identification_agreements": 1, "tavg": null, "tmin": 5.5, "tmax": 26.7, "day_of_year": 185, "uuid": "35e5454b-6445-4792-a1b5-5172cf841cf5", "inat_id": 124840364}}, {"type": "Feature", "geometry": {"type": "Point", "coordinates": [-105.1727, 38.88963]}, "properties": {"species": "Boletus rubriceps", "date": "2022-07-02", "location": "Mueller State Park, Divide, CO, US", "elevation": 2897.0, "num_identification_agreements": 1, "tavg": null, "tmin": 11.6, "tmax": 28.3, "day_of_year": 183, "uuid": "c04fafe2-200b-47d5-b81a-12c48e42f562", "inat_id": 124677051}}, {"type": "Feature", "geometry": {"type": "Point", "coordinates": [-105.5561721477, 40.0111113993]}, "properties": {"species": "Boletus rubriceps", "date": "2022-06-29", "location": "Arapaho & Roosevelt National Forests Pawnee National Grassland, Nederland, CO, US", "elevation": 2961.0, "num_identification_agreements": 3, "tavg": null, "tmin": 17.0, "tmax": 34.0, "day_of_year": 180, "uuid": "702eebb0-4b84-4cc5-9d08-b18260b51463", "inat_id": 124000483}}, {"type": "Feature", "geometry": {"type": "Point", "coordinates": [-105.7395333333, 39.4627833333]}, "properties": {"species": "Boletus rubriceps", "date": "2021-08-21", "location": "Pike and San Isabel National Forests, Jefferson, CO, US", "elevation": 2873.0, "num_identification_agreements": 1, "tavg": null, "tmin": null, "tmax": null, "day_of_year": 233, "uuid": "0c11a6d0-c46e-4a86-80b0-e4f33098dd02", "inat_id": 121488041}}, {"type": "Feature", "geometry": {"type": "Point", "coordinates": [-105.85549348, 40.67382116]}, "properties": {"species": "Boletus rubriceps", "date": "2021-08-23", "location": "Larimer County, US-CO, US", "elevation": 2625.0, "num_identification_agreements": 1, "tavg": null, "tmin": null, "tmax": null, "day_of_year": 235, "uuid": "0256d644-ca1f-4038-8582-ce1319f280d7", "inat_id": 120873701}}, {"type": "Feature", "geometry": {"type": "Point", "coordinates": [-105.4500603676, 40.1415276364]}, "properties": {"species": "Boletus rubriceps", "date": "2021-07-24", "location": "Ceran Saint Vrain", "elevation": 2560.0, "num_identification_agreements": 1, "tavg": null, "tmin": 20.0, "tmax": 30.0, "day_of_year": 205, "uuid": "e0e5ad3f-4f22-4e37-aa1b-f1c4cbba3383", "inat_id": 117376123}}, {"type": "Feature", "geometry": {"type": "Point", "coordinates": [-106.7035866667, 39.1186833333]}, "properties": {"species": "Boletus rubriceps", "date": "2021-07-23", "location": "White River National Forest, Aspen, CO, US", "elevation": 2918.0, "num_identification_agreements": 2, "tavg": null, "tmin": 12.2, "tmax": 28.9, "day_of_year": 204, "uuid": "994b98be-fedf-442c-8339-cb7392f463d8", "inat_id": 116328173}}, {"type": "Feature", "geometry": {"type": "Point", "coordinates": [-108.0432138889, 37.7788055556]}, "properties": {"species": "Boletus rubriceps", "date": "2017-08-19", "location": "Dolores County, CO, USA", "elevation": 3168.0, "num_identification_agreements": 1, "tavg": null, "tmin": null, "tmax": null, "day_of_year": 231, "uuid": "fe5fd2dc-96ba-4a38-bdbe-f188bf233cdd", "inat_id": 112932071}}, {"type": "Feature", "geometry": {"type": "Point", "coordinates": [-105.6577916667, 39.89495]}, "properties": {"species": "Boletus rubriceps", "date": "2021-07-24", "location": "Arapaho & Roosevelt National Forests Pawnee National Grassland, Idaho Springs, CO, US", "elevation": 2896.0, "num_identification_agreements": 2, "tavg": null, "tmin": 11.0, "tmax": 25.3, "day_of_year": 205, "uuid": "68e0a9de-9519-4d04-97cc-092a99512410", "inat_id": 110440720}}, {"type": "Feature", "geometry": {"type": "Point", "coordinates": [-105.6578216667, 39.8949466667]}, "properties": {"species": "Boletus rubriceps", "date": "2021-07-24", "location": "Arapaho & Roosevelt National Forests Pawnee National Grassland, Idaho Springs, CO, US", "elevation": 2896.0, "num_identification_agreements": 1, "tavg": null, "tmin": 11.0, "tmax": 25.3, "day_of_year": 205, "uuid": "301ccb7c-37d3-4c80-815f-06c4c381403b", "inat_id": 110440211}}, {"type": "Feature", "geometry": {"type": "Point", "coordinates": [-105.6439216667, 39.8310750027]}, "properties": {"species": "Boletus rubriceps", "date": "2021-08-02", "location": "Arapaho & Roosevelt National Forests Pawnee National Grassland, Idaho Springs, CO, US", "elevation": 3250.0, "num_identification_agreements": 2, "tavg": null, "tmin": 7.2, "tmax": 26.1, "day_of_year": 214, "uuid": "1ea5f87d-9f41-40f5-a7fc-d03ec8a46887", "inat_id": 109020617}}, {"type": "Feature", "geometry": {"type": "Point", "coordinates": [-106.4586187971, 39.3750664656]}, "properties": {"species": "Boletus rubriceps", "date": "2019-08-01", "location": "Eagle County, CO, USA", "elevation": 3065.0, "num_identification_agreements": 1, "tavg": null, "tmin": 5.0, "tmax": 18.9, "day_of_year": 213, "uuid": "0790e64b-3f7f-4b44-9679-ec3ca0677534", "inat_id": 108990798}}, {"type": "Feature", "geometry": {"type": "Point", "coordinates": [-105.3168456343, 36.325870701]}, "properties": {"species": "Boletus rubriceps", "date": "2020-08-10", "location": "Colfax County, NM, USA", "elevation": 2865.0, "num_identification_agreements": 1, "tavg": null, "tmin": 0.7, "tmax": 26.1, "day_of_year": 223, "uuid": "b77562f1-5309-4c85-b60a-3522b23942ba", "inat_id": 106841013}}, {"type": "Feature", "geometry": {"type": "Point", "coordinates": [-106.1493916667, 41.3680416667]}, "properties": {"species": "Boletus rubriceps", "date": "2018-07-23", "location": "Albany County, WY, USA", "elevation": 2975.0, "num_identification_agreements": 1, "tavg": null, "tmin": null, "tmax": null, "day_of_year": 204, "uuid": "1065bfd2-6f40-47e1-b79d-11f0179d815b", "inat_id": 105599988}}, {"type": "Feature", "geometry": {"type": "Point", "coordinates": [-105.6713722222, 40.859275]}, "properties": {"species": "Boletus rubriceps", "date": "2021-08-06", "location": "Larimer County, CO, USA", "elevation": 2626.0, "num_identification_agreements": 3, "tavg": null, "tmin": null, "tmax": null, "day_of_year": 218, "uuid": "2ba41bbe-bd22-46bc-8b18-8d0ad8aaac32", "inat_id": 104921607}}, {"type": "Feature", "geometry": {"type": "Point", "coordinates": [-105.6470866667, 40.295975]}, "properties": {"species": "Boletus rubriceps", "date": "2021-08-01", "location": "Rocky Mountain National Park, Estes Park, CO, US", "elevation": 3006.0, "num_identification_agreements": 2, "tavg": null, "tmin": 8.8, "tmax": 23.3, "day_of_year": 213, "uuid": "16f28b0c-5284-461b-a196-40cea2b81d6b", "inat_id": 104289352}}, {"type": "Feature", "geometry": {"type": "Point", "coordinates": [-107.6691266522, 37.9411761158]}, "properties": {"species": "Boletus rubriceps", "date": "2021-08-10", "location": "Ridgway, CO 81432, USA", "elevation": 2959.0, "num_identification_agreements": 4, "tavg": null, "tmin": 11.0, "tmax": 25.0, "day_of_year": 222, "uuid": "7d48c3c7-e0a3-49e6-b036-16032d2858bc", "inat_id": 103404737}}, {"type": "Feature", "geometry": {"type": "Point", "coordinates": [-106.3715305556, 36.9367472222]}, "properties": {"species": "Boletus rubriceps", "date": "2021-08-06", "location": "Rio Arriba County, NM, USA", "elevation": 3179.0, "num_identification_agreements": 1, "tavg": null, "tmin": null, "tmax": null, "day_of_year": 218, "uuid": "38c1a764-678c-48d9-bfb7-6872a6f0caa3", "inat_id": 102895813}}, {"type": "Feature", "geometry": {"type": "Point", "coordinates": [-105.52697, 40.2601283333]}, "properties": {"species": "Boletus rubriceps", "date": "2017-08-18", "location": "Allenspark, CO, US", "elevation": 2625.0, "num_identification_agreements": 1, "tavg": null, "tmin": null, "tmax": null, "day_of_year": 230, "uuid": "db5f69bf-1b3e-4c97-b416-432a3cc96472", "inat_id": 101516035}}, {"type": "Feature", "geometry": {"type": "Point", "coordinates": [-105.1177075196, 36.4175274828]}, "properties": {"species": "Boletus rubriceps", "date": "2021-07-02", "location": "Cimarron, NM, US", "elevation": 2778.0, "num_identification_agreements": 3, "tavg": null, "tmin": 9.1, "tmax": 21.5, "day_of_year": 183, "uuid": "aa2a1450-de9f-4dd5-82e2-ca0ef7e63c7d", "inat_id": 99718567}}, {"type": "Feature", "geometry": {"type": "Point", "coordinates": [-107.71308, 37.7428333333]}, "properties": {"species": "Boletus rubriceps", "date": "2021-08-14", "location": "San Juan National Forest, CO, US", "elevation": 3331.0, "num_identification_agreements": 3, "tavg": null, "tmin": 11.0, "tmax": 27.0, "day_of_year": 226, "uuid": "c8dc83de-fd14-4a43-bb4f-8773338153fc", "inat_id": 99579316}}, {"type": "Feature", "geometry": {"type": "Point", "coordinates": [-107.8132278187, 37.9361452597]}, "properties": {"species": "Boletus rubriceps", "date": "2021-08-19", "location": "Grand Mesa Uncompahgre and Gunnison National Forests, Telluride, CO, US", "elevation": 2675.0, "num_identification_agreements": 3, "tavg": null, "tmin": 6.0, "tmax": 15.0, "day_of_year": 231, "uuid": "58cc4553-a579-43b2-96c3-6cab7f93ffca", "inat_id": 98771320}}, {"type": "Feature", "geometry": {"type": "Point", "coordinates": [-105.9145673, 39.8912216]}, "properties": {"species": "Boletus rubriceps", "date": "2021-08-04", "location": "Fraser, CO 80442, USA", "elevation": 2954.0, "num_identification_agreements": 3, "tavg": null, "tmin": 8.1, "tmax": 22.1, "day_of_year": 216, "uuid": "9b841235-6b4a-4e8a-9072-a0931e49e0c0", "inat_id": 96721265}}, {"type": "Feature", "geometry": {"type": "Point", "coordinates": [-106.5320550979, 35.819560886]}, "properties": {"species": "Boletus rubriceps", "date": "2021-07-20", "location": "Sandoval County, NM, USA", "elevation": 2576.0, "num_identification_agreements": 1, "tavg": null, "tmin": 16.0, "tmax": 26.3, "day_of_year": 201, "uuid": "4955402e-b3c1-4b8b-af3e-e58741d11666", "inat_id": 96243004}}, {"type": "Feature", "geometry": {"type": "Point", "coordinates": [-105.4901721328, 39.6867603854]}, "properties": {"species": "Boletus rubriceps", "date": "2021-07-09", "location": "Idaho Springs, CO 80452, USA", "elevation": 3219.0, "num_identification_agreements": 3, "tavg": null, "tmin": 23.0, "tmax": 35.0, "day_of_year": 190, "uuid": "f402c5eb-f7ef-4877-9c18-122a53d2f6fb", "inat_id": 96176258}}, {"type": "Feature", "geometry": {"type": "Point", "coordinates": [-105.7365105732, 39.9809994904]}, "properties": {"species": "Boletus rubriceps", "date": "2021-07-26", "location": "Colorado, US", "elevation": 2988.0, "num_identification_agreements": 1, "tavg": null, "tmin": 5.6, "tmax": 28.7, "day_of_year": 207, "uuid": "6efbcaf5-7632-4079-9247-e9de536fb913", "inat_id": 94332653}}, {"type": "Feature", "geometry": {"type": "Point", "coordinates": [-107.9931783692, 37.5906591828]}, "properties": {"species": "Boletus rubriceps", "date": "2021-09-09", "location": "Colorado, US", "elevation": 2890.0, "num_identification_agreements": 1, "tavg": null, "tmin": 11.0, "tmax": 26.0, "day_of_year": 252, "uuid": "d9ec9ff6-c08c-4e54-8cc6-f3e3fbf33140", "inat_id": 94287118}}, {"type": "Feature", "geometry": {"type": "Point", "coordinates": [-107.8800362262, 37.8900855996]}, "properties": {"species": "Boletus rubriceps", "date": "2021-09-09", "location": "Colorado, US", "elevation": 3036.0, "num_identification_agreements": 1, "tavg": null, "tmin": 11.0, "tmax": 26.0, "day_of_year": 252, "uuid": "63108128-553e-4289-98e0-1982405d82c5", "inat_id": 94287086}}, {"type": "Feature", "geometry": {"type": "Point", "coordinates": [-107.8815177657, 37.9763092592]}, "properties": {"species": "Boletus rubriceps", "date": "2021-09-09", "location": "Colorado, US", "elevation": 3068.0, "num_identification_agreements": 1, "tavg": null, "tmin": 11.0, "tmax": 26.0, "day_of_year": 252, "uuid": "1e88f9e4-f68d-48bb-96c4-60e890b0043d", "inat_id": 94286190}}, {"type": "Feature", "geometry": {"type": "Point", "coordinates": [-107.7325911525, 37.769604389]}, "properties": {"species": "Boletus rubriceps", "date": "2021-09-09", "location": "Colorado, US", "elevation": 3582.0, "num_identification_agreements": 1, "tavg": null, "tmin": 11.0, "tmax": 26.0, "day_of_year": 252, "uuid": "d4cdc8c3-b221-4800-8f7c-0fc9ce2cabe0", "inat_id": 94284152}}, {"type": "Feature", "geometry": {"type": "Point", "coordinates": [-107.6081482471, 37.6156512788]}, "properties": {"species": "Boletus rubriceps", "date": "2021-09-09", "location": "Colorado, US", "elevation": 3544.0, "num_identification_agreements": 1, "tavg": null, "tmin": 11.0, "tmax": 26.0, "day_of_year": 252, "uuid": "1da8d2f2-aff9-4721-a7af-2ce9b98a25d7", "inat_id": 94283755}}, {"type": "Feature", "geometry": {"type": "Point", "coordinates": [-105.7276, 39.87863]}, "properties": {"species": "Boletus rubriceps", "date": "2021-07-31", "location": "Arapaho & Roosevelt National Forests Pawnee National Grassland, Granby, CO, US", "elevation": 2962.0, "num_identification_agreements": 2, "tavg": null, "tmin": 11.7, "tmax": 21.5, "day_of_year": 212, "uuid": "ba34f562-7886-41b9-8d1c-1d66776e2a6b", "inat_id": 93499376}}, {"type": "Feature", "geometry": {"type": "Point", "coordinates": [-105.7061533333, 39.509095]}, "properties": {"species": "Boletus rubriceps", "date": "2021-07-23", "location": "Pike and San Isabel National Forests, Bailey, CO, US", "elevation": 2933.0, "num_identification_agreements": 2, "tavg": null, "tmin": null, "tmax": null, "day_of_year": 204, "uuid": "654aa73f-d047-46be-84aa-e0b135e5efdf", "inat_id": 93006845}}, {"type": "Feature", "geometry": {"type": "Point", "coordinates": [-106.4472815289, 39.8006923359]}, "properties": {"species": "Boletus rubriceps", "date": "2021-08-21", "location": "White River National Forest, Vail, CO, US", "elevation": 3187.0, "num_identification_agreements": 2, "tavg": null, "tmin": 5.0, "tmax": 13.0, "day_of_year": 233, "uuid": "d67e2a5d-22cd-4639-975f-393762401937", "inat_id": 92677133}}, {"type": "Feature", "geometry": {"type": "Point", "coordinates": [-105.5925792997, 39.6418584997]}, "properties": {"species": "Boletus rubriceps", "date": "2021-08-26", "location": "Clear Creek County, US-CO, US", "elevation": 3518.0, "num_identification_agreements": 1, "tavg": null, "tmin": null, "tmax": null, "day_of_year": 238, "uuid": "e1b593f7-cf00-4815-8e47-3cffe2a65c1f", "inat_id": 92618730}}, {"type": "Feature", "geometry": {"type": "Point", "coordinates": [-105.6326666667, 36.0228945]}, "properties": {"species": "Boletus rubriceps", "date": "2021-06-23", "location": "Carson National Forest, Truchas, NM, US", "elevation": 3099.0, "num_identification_agreements": 1, "tavg": null, "tmin": 9.4, "tmax": 32.8, "day_of_year": 174, "uuid": "3e450cf1-35aa-44c6-a3b6-319a44cd01d8", "inat_id": 92610518}}, {"type": "Feature", "geometry": {"type": "Point", "coordinates": [-105.7868842, 39.80967566]}, "properties": {"species": "Boletus rubriceps", "date": "2021-08-25", "location": "Winter Park, CO 80482, USA", "elevation": 3399.0, "num_identification_agreements": 2, "tavg": null, "tmin": 2.7, "tmax": 26.9, "day_of_year": 237, "uuid": "6ad0fade-db35-4431-85b7-8d0f5bd42f55", "inat_id": 92511726}}, {"type": "Feature", "geometry": {"type": "Point", "coordinates": [-106.3121866667, 39.35953]}, "properties": {"species": "Boletus rubriceps", "date": "2021-08-07", "location": "Pike and San Isabel National Forests, Leadville, CO, US", "elevation": 3156.0, "num_identification_agreements": 1, "tavg": null, "tmin": 5.0, "tmax": 16.7, "day_of_year": 219, "uuid": "c5f76633-673b-4d26-96bd-0cadd3e15387", "inat_id": 92420766}}, {"type": "Feature", "geometry": {"type": "Point", "coordinates": [-106.282875, 39.2514116667]}, "properties": {"species": "Boletus rubriceps", "date": "2021-08-24", "location": "E Seventh St, Leadville, CO, US", "elevation": 3137.0, "num_identification_agreements": 1, "tavg": null, "tmin": 3.9, "tmax": 22.2, "day_of_year": 236, "uuid": "2ae1fc82-5ef6-44bb-9c99-64e079dfb91c", "inat_id": 92395168}}, {"type": "Feature", "geometry": {"type": "Point", "coordinates": [-105.6306611796, 40.4596122718]}, "properties": {"species": "Boletus rubriceps", "date": "2021-08-02", "location": "Rocky Mountain National Park, Estes Park, CO, US", "elevation": 3286.0, "num_identification_agreements": 2, "tavg": null, "tmin": 7.2, "tmax": 26.1, "day_of_year": 214, "uuid": "8b157481-6edb-4e96-bfdd-81b5791d68a2", "inat_id": 92251261}}, {"type": "Feature", "geometry": {"type": "Point", "coordinates": [-105.8736170456, 39.6976940166]}, "properties": {"species": "Boletus rubriceps", "date": "2021-08-21", "location": "Dillon, CO 80435, USA", "elevation": 3219.0, "num_identification_agreements": 2, "tavg": null, "tmin": 5.0, "tmax": 13.0, "day_of_year": 233, "uuid": "7a0b34e2-2f4b-499b-8caa-837d01ba6374", "inat_id": 92241166}}, {"type": "Feature", "geometry": {"type": "Point", "coordinates": [-106.5192651038, 38.7199604209]}, "properties": {"species": "Boletus rubriceps", "date": "2021-08-12", "location": "Colorado, US", "elevation": 3537.0, "num_identification_agreements": 2, "tavg": null, "tmin": 10.0, "tmax": 17.0, "day_of_year": 224, "uuid": "404ca814-09d1-4844-8804-57f6c4b52bf3", "inat_id": 92236882}}, {"type": "Feature", "geometry": {"type": "Point", "coordinates": [-105.6630645, 39.9334786]}, "properties": {"species": "Boletus rubriceps", "date": "2021-08-22", "location": "Jenny Lake, Colorado 80466, USA", "elevation": 3354.0, "num_identification_agreements": 1, "tavg": null, "tmin": 5.2, "tmax": 24.3, "day_of_year": 234, "uuid": "8a5530d3-1c91-436e-a282-fe17afa4a14f", "inat_id": 92202201}}, {"type": "Feature", "geometry": {"type": "Point", "coordinates": [-107.1210333333, 40.1414111111]}, "properties": {"species": "Boletus rubriceps", "date": "2021-08-22", "location": "Rio Blanco County, CO, USA", "elevation": 3103.0, "num_identification_agreements": 2, "tavg": null, "tmin": 8.3, "tmax": 26.7, "day_of_year": 234, "uuid": "1023ab77-f525-42de-9f79-a8fc42cba944", "inat_id": 92187890}}, {"type": "Feature", "geometry": {"type": "Point", "coordinates": [-107.9645638889, 39.0393333333]}, "properties": {"species": "Boletus rubriceps", "date": "2021-08-22", "location": "Cedaredge, CO 81413, USA", "elevation": 3129.0, "num_identification_agreements": 1, "tavg": null, "tmin": 15.0, "tmax": 32.9, "day_of_year": 234, "uuid": "4d7d57cb-1170-4308-ba79-a6edb08fbb74", "inat_id": 92185065}}, {"type": "Feature", "geometry": {"type": "Point", "coordinates": [-107.66797, 37.93843]}, "properties": {"species": "Boletus rubriceps", "date": "2021-08-07", "location": "Grand Mesa National Forest, Ridgway, CO, US", "elevation": 2980.0, "num_identification_agreements": 2, "tavg": null, "tmin": 11.0, "tmax": 21.0, "day_of_year": 219, "uuid": "11e2b97c-d8bc-4f7f-9cdd-41f352467742", "inat_id": 92170261}}, {"type": "Feature", "geometry": {"type": "Point", "coordinates": [-106.6482232034, 37.2497604988]}, "properties": {"species": "Boletus rubriceps", "date": "2021-08-07", "location": "Conejos County, CO, USA", "elevation": 3445.0, "num_identification_agreements": 2, "tavg": null, "tmin": 7.0, "tmax": 14.0, "day_of_year": 219, "uuid": "774f95ee-7e67-4e29-8f8d-09e7ddfcc1a6", "inat_id": 91779397}}, {"type": "Feature", "geometry": {"type": "Point", "coordinates": [-106.32471725, 38.53212522]}, "properties": {"species": "Boletus rubriceps", "date": "2021-08-19", "location": "Salida, CO 81201, USA", "elevation": 3182.0, "num_identification_agreements": 2, "tavg": null, "tmin": 3.0, "tmax": 11.0, "day_of_year": 231, "uuid": "eb2cae23-14bc-4193-8c82-0f9578887b5a", "inat_id": 91761414}}, {"type": "Feature", "geometry": {"type": "Point", "coordinates": [-105.6021279574, 39.9542482533]}, "properties": {"species": "Boletus rubriceps", "date": "2021-08-18", "location": "Boulder County, US-CO, US", "elevation": 2769.0, "num_identification_agreements": 1, "tavg": null, "tmin": 6.6, "tmax": 25.5, "day_of_year": 230, "uuid": "896eab84-3601-4df4-ae98-4508b99faab8", "inat_id": 91709081}}, {"type": "Feature", "geometry": {"type": "Point", "coordinates": [-105.6019652126, 39.9541367021]}, "properties": {"species": "Boletus rubriceps", "date": "2021-08-18", "location": "Boulder County, US-CO, US", "elevation": 2753.0, "num_identification_agreements": 1, "tavg": null, "tmin": 6.6, "tmax": 25.5, "day_of_year": 230, "uuid": "b634e7b5-4f2b-431b-9e15-734197aeddcb", "inat_id": 91708883}}, {"type": "Feature", "geometry": {"type": "Point", "coordinates": [-107.6645058766, 37.811986704]}, "properties": {"species": "Boletus rubriceps", "date": "2021-08-18", "location": "Silverton", "elevation": 2841.0, "num_identification_agreements": 1, "tavg": null, "tmin": 11.0, "tmax": 21.0, "day_of_year": 230, "uuid": "8d2c2eb8-efe9-49a3-a39d-6da55c439c5f", "inat_id": 91685564}}, {"type": "Feature", "geometry": {"type": "Point", "coordinates": [-107.9646616667, 38.6518883333]}, "properties": {"species": "Boletus rubriceps", "date": "2021-08-02", "location": "County Road 6000, Olathe, CO, US", "elevation": 1619.0, "num_identification_agreements": 1, "tavg": null, "tmin": 14.4, "tmax": 27.8, "day_of_year": 214, "uuid": "ae8896a0-dac5-4bb0-ab3d-5007e984aa38", "inat_id": 91644256}}, {"type": "Feature", "geometry": {"type": "Point", "coordinates": [-107.8984887153, 39.0487694356]}, "properties": {"species": "Boletus rubriceps", "date": "2021-08-17", "location": "Cedaredge, CO 81413, USA", "elevation": 3153.0, "num_identification_agreements": 1, "tavg": null, "tmin": 16.0, "tmax": 35.6, "day_of_year": 229, "uuid": "0e6fcd21-ca5e-4f10-b765-997408a80dd6", "inat_id": 91602772}}, {"type": "Feature", "geometry": {"type": "Point", "coordinates": [-107.8970912844, 39.0489105608]}, "properties": {"species": "Boletus rubriceps", "date": "2021-08-17", "location": "Cedaredge, CO 81413, USA", "elevation": 3131.0, "num_identification_agreements": 1, "tavg": null, "tmin": 16.0, "tmax": 35.6, "day_of_year": 229, "uuid": "7f23bd71-a123-48fc-9874-27534f75941d", "inat_id": 91602528}}, {"type": "Feature", "geometry": {"type": "Point", "coordinates": [-107.0423701778, 39.9086483988]}, "properties": {"species": "Boletus rubriceps", "date": "2021-07-27", "location": "Colorado, US", "elevation": 2567.0, "num_identification_agreements": 1, "tavg": null, "tmin": 13.3, "tmax": 33.3, "day_of_year": 208, "uuid": "e4ff4f30-ef1e-4c07-8e9b-4dee86bf957f", "inat_id": 91592179}}, {"type": "Feature", "geometry": {"type": "Point", "coordinates": [-105.8013858997, 40.4223213]}, "properties": {"species": "Boletus rubriceps", "date": "2021-08-14", "location": "Estes Park, CO 80517, USA", "elevation": 3451.0, "num_identification_agreements": 1, "tavg": null, "tmin": 6.0, "tmax": 28.3, "day_of_year": 226, "uuid": "d13b0ecb-6694-43f5-a4c9-e4bc49cc2a35", "inat_id": 91493462}}, {"type": "Feature", "geometry": {"type": "Point", "coordinates": [-105.7704269722, 39.8283591389]}, "properties": {"species": "Boletus rubriceps", "date": "2021-08-13", "location": "Grand County, CO, USA", "elevation": 3198.0, "num_identification_agreements": 1, "tavg": null, "tmin": 7.7, "tmax": 27.3, "day_of_year": 225, "uuid": "075e0f84-b098-47f2-b022-b2d3d64fe85f", "inat_id": 91470516}}, {"type": "Feature", "geometry": {"type": "Point", "coordinates": [-105.6250368084, 39.9871929859]}, "properties": {"species": "Boletus rubriceps", "date": "2021-08-15", "location": "Boulder County, US-CO, US", "elevation": 3053.0, "num_identification_agreements": 1, "tavg": null, "tmin": 6.8, "tmax": 22.9, "day_of_year": 227, "uuid": "7ce48495-905f-4b82-bde0-05dd5557bcfd", "inat_id": 91425813}}, {"type": "Feature", "geometry": {"type": "Point", "coordinates": [-105.52178, 39.6823716667]}, "properties": {"species": "Boletus rubriceps", "date": "2021-08-15", "location": "Arapaho & Roosevelt National Forests Pawnee National Grassland, Idaho Springs, CO, US", "elevation": 3305.0, "num_identification_agreements": 1, "tavg": null, "tmin": 17.0, "tmax": 32.0, "day_of_year": 227, "uuid": "15680ce5-8c81-4be7-b48d-3855f2e9aec3", "inat_id": 91320778}}, {"type": "Feature", "geometry": {"type": "Point", "coordinates": [-107.8031463623, 37.6613082886]}, "properties": {"species": "Boletus rubriceps", "date": "2021-08-15", "location": "San Juan County", "elevation": 2797.0, "num_identification_agreements": 2, "tavg": null, "tmin": 13.0, "tmax": 25.0, "day_of_year": 227, "uuid": "1c302ce8-44ab-42b7-ae65-5f1da5ef3df1", "inat_id": 91319362}}, {"type": "Feature", "geometry": {"type": "Point", "coordinates": [-107.2432119722, 39.9498749722]}, "properties": {"species": "Boletus rubriceps", "date": "2021-08-13", "location": "Meeker, CO 81641, USA", "elevation": 3368.0, "num_identification_agreements": 2, "tavg": null, "tmin": 11.7, "tmax": 32.8, "day_of_year": 225, "uuid": "e5c0a3ec-0611-4d47-a5fa-68ed958a62ee", "inat_id": 91222498}}, {"type": "Feature", "geometry": {"type": "Point", "coordinates": [-106.3552104403, 39.2638961971]}, "properties": {"species": "Boletus rubriceps", "date": "2021-08-14", "location": "Lake County, US-CO, US", "elevation": 3024.0, "num_identification_agreements": 2, "tavg": null, "tmin": 2.8, "tmax": 24.4, "day_of_year": 226, "uuid": "c62661cc-2b84-45b7-8978-b9480f429d16", "inat_id": 91222424}}, {"type": "Feature", "geometry": {"type": "Point", "coordinates": [-105.6165542088, 39.6282840313]}, "properties": {"species": "Boletus rubriceps", "date": "2021-08-07", "location": "Clear Creek County, CO, USA", "elevation": 3711.0, "num_identification_agreements": 1, "tavg": null, "tmin": null, "tmax": null, "day_of_year": 219, "uuid": "044e3208-d7fe-48fd-bce0-76961539dde8", "inat_id": 91212288}}, {"type": "Feature", "geometry": {"type": "Point", "coordinates": [-105.7270055556, 40.1037861111]}, "properties": {"species": "Boletus rubriceps", "date": "2021-08-14", "location": "Granby, CO 80446, USA", "elevation": 2555.0, "num_identification_agreements": 2, "tavg": null, "tmin": 6.0, "tmax": 28.3, "day_of_year": 226, "uuid": "c342bddf-4872-4f19-8225-ef6cfb4f0f5b", "inat_id": 91211147}}, {"type": "Feature", "geometry": {"type": "Point", "coordinates": [-105.6470512646, 40.3121903379]}, "properties": {"species": "Boletus rubriceps", "date": "2021-08-14", "location": "Rocky Mountain National Park, Estes Park, CO, US", "elevation": 2915.0, "num_identification_agreements": 1, "tavg": null, "tmin": 6.0, "tmax": 28.3, "day_of_year": 226, "uuid": "c9a9ae65-9aed-4db2-8862-cd89cbe424df", "inat_id": 91209985}}, {"type": "Feature", "geometry": {"type": "Point", "coordinates": [-105.70308, 40.020925]}, "properties": {"species": "Boletus rubriceps", "date": "2021-08-13", "location": "Arapaho & Roosevelt National Forests Pawnee National Grassland, Granby, CO, US", "elevation": 3293.0, "num_identification_agreements": 2, "tavg": null, "tmin": 7.7, "tmax": 27.3, "day_of_year": 225, "uuid": "d01420d1-63ed-4320-bbaf-4e1e8d45cd39", "inat_id": 91200718}}, {"type": "Feature", "geometry": {"type": "Point", "coordinates": [-105.8225383983, 39.8652946065]}, "properties": {"species": "Boletus rubriceps", "date": "2021-08-14", "location": "Grand County, US-CO, US", "elevation": 2879.0, "num_identification_agreements": 3, "tavg": null, "tmin": 6.0, "tmax": 28.3, "day_of_year": 226, "uuid": "859abc47-8678-414c-8e17-2d1769d44249", "inat_id": 91200408}}, {"type": "Feature", "geometry": {"type": "Point", "coordinates": [-105.8037884397, 35.7913093329]}, "properties": {"species": "Boletus rubriceps", "date": "2021-08-14", "location": "Santa Fe National Forest, Santa Fe, NM, US", "elevation": 3168.0, "num_identification_agreements": 1, "tavg": null, "tmin": 13.9, "tmax": 26.7, "day_of_year": 226, "uuid": "eac0318b-3b50-46ab-9d21-c9c72b80dc40", "inat_id": 91198338}}, {"type": "Feature", "geometry": {"type": "Point", "coordinates": [-105.7750281757, 39.7957731693]}, "properties": {"species": "Boletus rubriceps", "date": "2021-08-14", "location": "Clear Creek County, US-CO, US", "elevation": 3447.0, "num_identification_agreements": 3, "tavg": null, "tmin": 6.0, "tmax": 28.3, "day_of_year": 226, "uuid": "32e5650e-067f-4106-b2f7-95418647149a", "inat_id": 91182691}}, {"type": "Feature", "geometry": {"type": "Point", "coordinates": [-105.76967, 39.8228916667]}, "properties": {"species": "Boletus rubriceps", "date": "2021-08-14", "location": "Arapaho & Roosevelt National Forests Pawnee National Grassland, Parshall, CO, US", "elevation": 3246.0, "num_identification_agreements": 4, "tavg": null, "tmin": 6.0, "tmax": 28.3, "day_of_year": 226, "uuid": "9655b1a0-3c05-418a-9b93-becd66e1bc4d", "inat_id": 91180086}}, {"type": "Feature", "geometry": {"type": "Point", "coordinates": [-105.7595077, 39.8364001]}, "properties": {"species": "Boletus rubriceps", "date": "2021-08-14", "location": "Winter Park, CO 80482, USA", "elevation": 3109.0, "num_identification_agreements": 2, "tavg": null, "tmin": 6.0, "tmax": 28.3, "day_of_year": 226, "uuid": "63299309-496e-4c07-bc69-35a87e3c3c63", "inat_id": 91175478}}, {"type": "Feature", "geometry": {"type": "Point", "coordinates": [-105.97072, 39.93517]}, "properties": {"species": "Boletus rubriceps", "date": "2021-08-13", "location": "Arapaho & Roosevelt National Forests Pawnee National Grassland, Parshall, CO, US", "elevation": 3032.0, "num_identification_agreements": 2, "tavg": null, "tmin": 7.7, "tmax": 27.3, "day_of_year": 225, "uuid": "c63b0863-22a5-434e-a056-07f659c01e1d", "inat_id": 91160649}}, {"type": "Feature", "geometry": {"type": "Point", "coordinates": [-106.808086, 37.4675409722]}, "properties": {"species": "Boletus rubriceps", "date": "2021-08-13", "location": "Mineral County, CO, USA", "elevation": 3568.0, "num_identification_agreements": 1, "tavg": null, "tmin": 7.0, "tmax": 16.0, "day_of_year": 225, "uuid": "9a2e735f-33f6-4251-af80-e8ccc7dd2868", "inat_id": 91147241}}, {"type": "Feature", "geometry": {"type": "Point", "coordinates": [-105.7736895886, 39.7942980007]}, "properties": {"species": "Boletus rubriceps", "date": "2021-08-14", "location": "Arapaho & Roosevelt National Forests Pawnee National Grassland, Idaho Springs, CO, US", "elevation": 3515.0, "num_identification_agreements": 2, "tavg": null, "tmin": 6.0, "tmax": 28.3, "day_of_year": 226, "uuid": "6633b32b-00e1-46b8-8a17-165dd3311347", "inat_id": 91131897}}, {"type": "Feature", "geometry": {"type": "Point", "coordinates": [-107.96772, 39.03875]}, "properties": {"species": "Boletus rubriceps", "date": "2021-07-31", "location": "Grand Mesa National Forest, Cedaredge, CO, US", "elevation": 3111.0, "num_identification_agreements": 2, "tavg": null, "tmin": 17.6, "tmax": 34.9, "day_of_year": 212, "uuid": "2b80b875-41c1-4b89-a581-1d405c91edd3", "inat_id": 91071595}}, {"type": "Feature", "geometry": {"type": "Point", "coordinates": [-105.7270530147, 40.039978372]}, "properties": {"species": "Boletus rubriceps", "date": "2021-08-13", "location": "Grand County, US-CO, US", "elevation": 3103.0, "num_identification_agreements": 2, "tavg": null, "tmin": 7.7, "tmax": 27.3, "day_of_year": 225, "uuid": "48fe02c9-f8e8-446b-833d-2209549bd95f", "inat_id": 91051472}}, {"type": "Feature", "geometry": {"type": "Point", "coordinates": [-105.92873656, 39.98857667]}, "properties": {"species": "Boletus rubriceps", "date": "2021-08-13", "location": "Grand Lake, CO 80447, USA", "elevation": 2667.0, "num_identification_agreements": 3, "tavg": null, "tmin": 7.7, "tmax": 27.3, "day_of_year": 225, "uuid": "55d7505a-f68e-4bfd-9177-3de24cbd6eb9", "inat_id": 91037818}}, {"type": "Feature", "geometry": {"type": "Point", "coordinates": [-105.7694799453, 39.8278947656]}, "properties": {"species": "Boletus rubriceps", "date": "2021-08-13", "location": "Grand County, US-CO, US", "elevation": 3198.0, "num_identification_agreements": 2, "tavg": null, "tmin": 7.7, "tmax": 27.3, "day_of_year": 225, "uuid": "a0d25a5b-eb59-4738-9b68-39a348672ea1", "inat_id": 91024148}}, {"type": "Feature", "geometry": {"type": "Point", "coordinates": [-105.7690155879, 39.827769114]}, "properties": {"species": "Boletus rubriceps", "date": "2021-08-13", "location": "Grand County, US-CO, US", "elevation": 3198.0, "num_identification_agreements": 2, "tavg": null, "tmin": 7.7, "tmax": 27.3, "day_of_year": 225, "uuid": "e7860901-644c-4060-8de7-c367206abeb1", "inat_id": 91023497}}, {"type": "Feature", "geometry": {"type": "Point", "coordinates": [-105.76991832, 39.8281157]}, "properties": {"species": "Boletus rubriceps", "date": "2021-08-13", "location": "Winter Park, CO 80482, USA", "elevation": 3198.0, "num_identification_agreements": 2, "tavg": null, "tmin": 7.7, "tmax": 27.3, "day_of_year": 225, "uuid": "397bc511-6d16-424c-afa1-fd3f26a154e7", "inat_id": 91018891}}, {"type": "Feature", "geometry": {"type": "Point", "coordinates": [-105.7696726697, 39.8278413174]}, "properties": {"species": "Boletus rubriceps", "date": "2021-08-13", "location": "Arapaho & Roosevelt National Forests Pawnee National Grassland, Parshall, CO, US", "elevation": 3198.0, "num_identification_agreements": 2, "tavg": null, "tmin": 7.7, "tmax": 27.3, "day_of_year": 225, "uuid": "5ba54d84-0465-4bcc-a2da-d6c71b5a4bb8", "inat_id": 91010573}}, {"type": "Feature", "geometry": {"type": "Point", "coordinates": [-105.7516071343, 39.8422740147]}, "properties": {"species": "Boletus rubriceps", "date": "2021-08-13", "location": "Arapaho & Roosevelt National Forests Pawnee National Grassland, Granby, CO, US", "elevation": 2923.0, "num_identification_agreements": 2, "tavg": null, "tmin": 7.7, "tmax": 27.3, "day_of_year": 225, "uuid": "c9eb8c9d-07be-417d-b566-44d1580616ab", "inat_id": 91007711}}, {"type": "Feature", "geometry": {"type": "Point", "coordinates": [-105.7771299407, 39.7956274536]}, "properties": {"species": "Boletus rubriceps", "date": "2021-08-12", "location": "Clear Creek County, US-CO, US", "elevation": 3395.0, "num_identification_agreements": 2, "tavg": null, "tmin": 4.2, "tmax": 27.5, "day_of_year": 224, "uuid": "215fb17e-a561-44fc-860f-ce0a3a9185ab", "inat_id": 90950623}}, {"type": "Feature", "geometry": {"type": "Point", "coordinates": [-106.06751, 39.423667875]}, "properties": {"species": "Boletus rubriceps", "date": "2021-08-06", "location": "Summit County, CO, USA", "elevation": 3341.0, "num_identification_agreements": 2, "tavg": null, "tmin": 2.8, "tmax": 21.7, "day_of_year": 218, "uuid": "7c7a932f-7157-411f-ba1e-4a3535649111", "inat_id": 90932448}}, {"type": "Feature", "geometry": {"type": "Point", "coordinates": [-105.6199633333, 40.2903533333]}, "properties": {"species": "Boletus rubriceps", "date": "2021-08-04", "location": "Rocky Mountain National Park, Estes Park, CO, US", "elevation": 3127.0, "num_identification_agreements": 2, "tavg": null, "tmin": 8.1, "tmax": 22.1, "day_of_year": 216, "uuid": "f23309e1-a4af-46ff-a947-6caf23a19b83", "inat_id": 90889388}}, {"type": "Feature", "geometry": {"type": "Point", "coordinates": [-106.27532327, 38.8693131776]}, "properties": {"species": "Boletus rubriceps", "date": "2021-08-11", "location": "Chaffee County, US-CO, US", "elevation": 3111.0, "num_identification_agreements": 2, "tavg": null, "tmin": 10.5, "tmax": 28.8, "day_of_year": 223, "uuid": "677c594a-92f3-40d1-a025-03d6d0eb16b1", "inat_id": 90846342}}, {"type": "Feature", "geometry": {"type": "Point", "coordinates": [-105.878395, 40.5026333333]}, "properties": {"species": "Boletus rubriceps", "date": "2021-08-11", "location": "State Forest State Park, Walden, CO, US", "elevation": 3066.0, "num_identification_agreements": 1, "tavg": null, "tmin": 4.1, "tmax": 27.9, "day_of_year": 223, "uuid": "5325a57e-d5a6-4e48-bfea-088f3af5d7c0", "inat_id": 90841117}}, {"type": "Feature", "geometry": {"type": "Point", "coordinates": [-108.09684954, 39.0464079983]}, "properties": {"species": "Boletus rubriceps", "date": "2021-08-06", "location": "Mesa County, CO, USA", "elevation": 3056.0, "num_identification_agreements": 2, "tavg": null, "tmin": 18.5, "tmax": 37.0, "day_of_year": 218, "uuid": "f19ff91b-0610-45d2-a540-fd0b3c80177b", "inat_id": 90815885}}, {"type": "Feature", "geometry": {"type": "Point", "coordinates": [-105.0230203455, 37.3531575048]}, "properties": {"species": "Boletus rubriceps", "date": "2021-08-11", "location": "Pike and San Isabel National Forests, Weston, CO, US", "elevation": 3453.0, "num_identification_agreements": 1, "tavg": null, "tmin": null, "tmax": null, "day_of_year": 223, "uuid": "e44ec0d8-f66d-4065-bbc8-0db5d4a3902c", "inat_id": 90776973}}, {"type": "Feature", "geometry": {"type": "Point", "coordinates": [-105.8636784554, 40.4917207232]}, "properties": {"species": "Boletus rubriceps", "date": "2021-08-06", "location": "Walden, CO 80480, USA", "elevation": 3190.0, "num_identification_agreements": 2, "tavg": null, "tmin": 6.4, "tmax": 27.2, "day_of_year": 218, "uuid": "3c74f500-70b9-49fc-a710-b7ca7216706c", "inat_id": 90724940}}, {"type": "Feature", "geometry": {"type": "Point", "coordinates": [-105.85772, 39.768875]}, "properties": {"species": "Boletus rubriceps", "date": "2021-08-07", "location": "Arapaho & Roosevelt National Forests Pawnee National Grassland, Idaho Springs, CO, US", "elevation": 3217.0, "num_identification_agreements": 1, "tavg": null, "tmin": 8.0, "tmax": 13.0, "day_of_year": 219, "uuid": "cecc92b1-9814-4b08-b7e3-ecf75c9378be", "inat_id": 90711707}}, {"type": "Feature", "geometry": {"type": "Point", "coordinates": [-105.652776, 40.301245]}, "properties": {"species": "Boletus rubriceps", "date": "2021-08-09", "location": "Estes Park, CO 80517, USA", "elevation": 3021.0, "num_identification_agreements": 2, "tavg": null, "tmin": 5.5, "tmax": 26.3, "day_of_year": 221, "uuid": "c0e40bf8-b235-4c45-80f8-111271689b9a", "inat_id": 90659898}}, {"type": "Feature", "geometry": {"type": "Point", "coordinates": [-107.9210283333, 37.3384083333]}, "properties": {"species": "Boletus rubriceps", "date": "2021-07-31", "location": "San Juan National Forest, Hesperus, CO, US", "elevation": 2226.0, "num_identification_agreements": 1, "tavg": null, "tmin": 12.8, "tmax": 27.8, "day_of_year": 212, "uuid": "097e592c-bb4c-4d92-882b-5cd6defa8038", "inat_id": 90637686}}, {"type": "Feature", "geometry": {"type": "Point", "coordinates": [-105.5652196705, 40.180103651]}, "properties": {"species": "Boletus rubriceps", "date": "2021-08-08", "location": "Allenspark, CO, USA", "elevation": 3352.0, "num_identification_agreements": 2, "tavg": null, "tmin": 4.0, "tmax": 25.6, "day_of_year": 220, "uuid": "d3e5042d-57c2-47e3-800f-042911be5975", "inat_id": 90610035}}, {"type": "Feature", "geometry": {"type": "Point", "coordinates": [-105.5957805556, 39.6399194444]}, "properties": {"species": "Boletus rubriceps", "date": "2021-08-09", "location": "Evergreen, CO 80439, USA", "elevation": 3583.0, "num_identification_agreements": 1, "tavg": null, "tmin": null, "tmax": null, "day_of_year": 221, "uuid": "1e87cf15-b1ac-46bf-81fb-e2dc04d0499a", "inat_id": 90600800}}, {"type": "Feature", "geometry": {"type": "Point", "coordinates": [-106.4690333333, 39.4181883333]}, "properties": {"species": "Boletus rubriceps", "date": "2021-08-08", "location": "White River National Forest, Basalt, CO, US", "elevation": 3319.0, "num_identification_agreements": 2, "tavg": null, "tmin": 1.1, "tmax": 21.7, "day_of_year": 220, "uuid": "56108a73-7c71-4395-b242-fd440de1c05b", "inat_id": 90590444}}, {"type": "Feature", "geometry": {"type": "Point", "coordinates": [-105.12367744, 38.8738118623]}, "properties": {"species": "Boletus rubriceps", "date": "2021-08-07", "location": "Divide, CO 80814, USA", "elevation": 3058.0, "num_identification_agreements": 1, "tavg": null, "tmin": 11.2, "tmax": 26.8, "day_of_year": 219, "uuid": "d09dd724-15c0-4161-9edf-3d696a2628db", "inat_id": 90485433}}, {"type": "Feature", "geometry": {"type": "Point", "coordinates": [-106.4267630462, 39.2854255414]}, "properties": {"species": "Boletus rubriceps", "date": "2021-08-07", "location": "Pike and San Isabel National Forests, Leadville, CO, US", "elevation": 3219.0, "num_identification_agreements": 2, "tavg": null, "tmin": 5.0, "tmax": 16.7, "day_of_year": 219, "uuid": "2d23b7c0-0170-4712-aa2a-96ab6a1c6bce", "inat_id": 90484272}}, {"type": "Feature", "geometry": {"type": "Point", "coordinates": [-105.7100154404, 39.9599202348]}, "properties": {"species": "Boletus rubriceps", "date": "2021-08-08", "location": "Colorado, US", "elevation": 3200.0, "num_identification_agreements": 2, "tavg": null, "tmin": 4.0, "tmax": 25.6, "day_of_year": 220, "uuid": "08cde9dc-869f-41da-ab66-a691bb5e3899", "inat_id": 90483669}}, {"type": "Feature", "geometry": {"type": "Point", "coordinates": [-105.625239762, 39.6733705711]}, "properties": {"species": "Boletus rubriceps", "date": "2021-08-08", "location": "Colorado, US", "elevation": 3038.0, "num_identification_agreements": 2, "tavg": null, "tmin": null, "tmax": null, "day_of_year": 220, "uuid": "d49eb607-522d-47bf-a44e-758d7ff8aec4", "inat_id": 90482166}}, {"type": "Feature", "geometry": {"type": "Point", "coordinates": [-105.6676716667, 39.9168033333]}, "properties": {"species": "Boletus rubriceps", "date": "2021-08-08", "location": "Arapaho & Roosevelt National Forests Pawnee National Grassland, Black Hawk, CO, US", "elevation": 3257.0, "num_identification_agreements": 2, "tavg": null, "tmin": 4.0, "tmax": 25.6, "day_of_year": 220, "uuid": "5136dc04-dc58-40f5-85fb-e1f7154e0139", "inat_id": 90479007}}, {"type": "Feature", "geometry": {"type": "Point", "coordinates": [-106.4241783333, 39.4185616667]}, "properties": {"species": "Boletus rubriceps", "date": "2021-08-07", "location": "White River National Forest, Basalt, CO, US", "elevation": 2812.0, "num_identification_agreements": 1, "tavg": null, "tmin": 5.0, "tmax": 16.7, "day_of_year": 219, "uuid": "0fc2e317-c756-40ca-90d4-32cf3a2f0793", "inat_id": 90462196}}, {"type": "Feature", "geometry": {"type": "Point", "coordinates": [-106.461875, 38.9566466667]}, "properties": {"species": "Boletus rubriceps", "date": "2021-08-05", "location": "Pike and San Isabel National Forests, Buena Vista, CO, US", "elevation": 3260.0, "num_identification_agreements": 2, "tavg": null, "tmin": 1.1, "tmax": 22.2, "day_of_year": 217, "uuid": "6e39f92d-b9a5-45c8-b773-314e41274948", "inat_id": 90453778}}, {"type": "Feature", "geometry": {"type": "Point", "coordinates": [-105.8782283333, 39.7203716667]}, "properties": {"species": "Boletus rubriceps", "date": "2021-08-08", "location": "Arapaho & Roosevelt National Forests Pawnee National Grassland, Idaho Springs, CO, US", "elevation": 3446.0, "num_identification_agreements": 2, "tavg": null, "tmin": 7.0, "tmax": 18.0, "day_of_year": 220, "uuid": "e31cea78-67b2-45e9-8bfb-fba6a22b59f3", "inat_id": 90418646}}, {"type": "Feature", "geometry": {"type": "Point", "coordinates": [-106.2972174484, 39.3440034236]}, "properties": {"species": "Boletus rubriceps", "date": "2021-08-08", "location": "Pike and San Isabel National Forests, Leadville, CO, US", "elevation": 3311.0, "num_identification_agreements": 1, "tavg": null, "tmin": 1.1, "tmax": 21.7, "day_of_year": 220, "uuid": "9514de51-b19c-424c-8eef-d72d480acf94", "inat_id": 90405682}}, {"type": "Feature", "geometry": {"type": "Point", "coordinates": [-105.5780042071, 40.0788711456]}, "properties": {"species": "Boletus rubriceps", "date": "2021-08-07", "location": "Arapaho & Roosevelt National Forests Pawnee National Grassland, Ward, CO, US", "elevation": 3166.0, "num_identification_agreements": 1, "tavg": null, "tmin": 6.4, "tmax": 20.4, "day_of_year": 219, "uuid": "74c5e9d6-c4f7-485f-bf39-6c69822b4732", "inat_id": 90338442}}, {"type": "Feature", "geometry": {"type": "Point", "coordinates": [-106.81106948, 39.12744627]}, "properties": {"species": "Boletus rubriceps", "date": "2021-08-07", "location": "Pitkin County, US-CO, US", "elevation": 3470.0, "num_identification_agreements": 2, "tavg": null, "tmin": 9.4, "tmax": 22.8, "day_of_year": 219, "uuid": "682fd4db-c4a7-4680-a141-cf8c824e1e5f", "inat_id": 90329378}}, {"type": "Feature", "geometry": {"type": "Point", "coordinates": [-106.81124789, 39.12761055]}, "properties": {"species": "Boletus rubriceps", "date": "2021-08-07", "location": "Pitkin County, US-CO, US", "elevation": 3470.0, "num_identification_agreements": 1, "tavg": null, "tmin": 9.4, "tmax": 22.8, "day_of_year": 219, "uuid": "a5fca210-ab1d-4532-9ec6-ba7b391014e9", "inat_id": 90329319}}, {"type": "Feature", "geometry": {"type": "Point", "coordinates": [-106.5338366667, 39.568245]}, "properties": {"species": "Boletus rubriceps", "date": "2021-08-07", "location": "Eagle County, US-CO, US", "elevation": 2954.0, "num_identification_agreements": 1, "tavg": null, "tmin": 10.0, "tmax": 25.6, "day_of_year": 219, "uuid": "f520fb0c-8767-4455-b1e1-31e2b5d7e9d1", "inat_id": 90299708}}, {"type": "Feature", "geometry": {"type": "Point", "coordinates": [-105.4561845213, 36.6310642858]}, "properties": {"species": "Boletus rubriceps", "date": "2021-07-31", "location": "Taos County, US-NM, US", "elevation": 3593.0, "num_identification_agreements": 1, "tavg": null, "tmin": 8.9, "tmax": 26.7, "day_of_year": 212, "uuid": "6589cf8f-f064-48f7-86dd-ecbe64256d10", "inat_id": 90226548}}, {"type": "Feature", "geometry": {"type": "Point", "coordinates": [-105.4562344775, 36.629826075]}, "properties": {"species": "Boletus rubriceps", "date": "2021-07-31", "location": "Taos County, US-NM, US", "elevation": 3593.0, "num_identification_agreements": 1, "tavg": null, "tmin": 8.9, "tmax": 26.7, "day_of_year": 212, "uuid": "9c0f69c1-99d0-4a8a-b80b-7947b9b044df", "inat_id": 90226503}}, {"type": "Feature", "geometry": {"type": "Point", "coordinates": [-106.507415995, 35.9343656431]}, "properties": {"species": "Boletus rubriceps", "date": "2021-08-06", "location": "Jemez Springs, NM 87025, USA", "elevation": 2681.0, "num_identification_agreements": 1, "tavg": null, "tmin": 18.5, "tmax": 28.0, "day_of_year": 218, "uuid": "c615894b-2fb7-46b7-befa-117db8535b35", "inat_id": 90225726}}, {"type": "Feature", "geometry": {"type": "Point", "coordinates": [-105.1994866667, 36.6403833333]}, "properties": {"species": "Boletus rubriceps", "date": "2021-07-29", "location": "Cimarron, NM, US", "elevation": 3182.0, "num_identification_agreements": 2, "tavg": null, "tmin": 7.9, "tmax": 24.0, "day_of_year": 210, "uuid": "a44498d3-8e72-4f34-a80f-d04daa11721a", "inat_id": 90209484}}, {"type": "Feature", "geometry": {"type": "Point", "coordinates": [-105.6453083333, 39.831355]}, "properties": {"species": "Boletus rubriceps", "date": "2021-07-30", "location": "Arapaho & Roosevelt National Forests Pawnee National Grassland, Idaho Springs, CO, US", "elevation": 3282.0, "num_identification_agreements": 1, "tavg": null, "tmin": 9.2, "tmax": 27.3, "day_of_year": 211, "uuid": "27e29437-4d9b-4dec-a784-cf03c83c94a1", "inat_id": 90203625}}, {"type": "Feature", "geometry": {"type": "Point", "coordinates": [-106.4795479, 39.3039702]}, "properties": {"species": "Boletus rubriceps", "date": "2021-08-05", "location": "Leadville, CO 80461, USA", "elevation": 3350.0, "num_identification_agreements": 2, "tavg": null, "tmin": 1.1, "tmax": 22.2, "day_of_year": 217, "uuid": "588caa7a-72e7-4332-b4cb-4dcd4840bec5", "inat_id": 90196801}}, {"type": "Feature", "geometry": {"type": "Point", "coordinates": [-107.7616500854, 37.7629470825]}, "properties": {"species": "Boletus rubriceps", "date": "2021-08-03", "location": "San Juan County, US-CO, US", "elevation": 3518.0, "num_identification_agreements": 3, "tavg": null, "tmin": 9.0, "tmax": 19.0, "day_of_year": 215, "uuid": "42142ce3-51d5-4a2b-9e82-fb8a39b0549b", "inat_id": 90195846}}, {"type": "Feature", "geometry": {"type": "Point", "coordinates": [-105.4519861111, 36.7816333333]}, "properties": {"species": "Boletus rubriceps", "date": "2021-08-05", "location": "Questa, NM 87556, USA", "elevation": 3369.0, "num_identification_agreements": 1, "tavg": null, "tmin": 9.4, "tmax": 29.4, "day_of_year": 217, "uuid": "5304dde5-8464-407f-9477-7a3240312598", "inat_id": 90110835}}, {"type": "Feature", "geometry": {"type": "Point", "coordinates": [-106.3106209722, 41.338397]}, "properties": {"species": "Boletus rubriceps", "date": "2021-08-05", "location": "Centennial, WY 82055, USA", "elevation": 3220.0, "num_identification_agreements": 1, "tavg": null, "tmin": 10.0, "tmax": 30.0, "day_of_year": 217, "uuid": "1d83360a-52b7-4ab6-84be-0aa814d38d60", "inat_id": 90108390}}, {"type": "Feature", "geometry": {"type": "Point", "coordinates": [-106.0191721667, 39.5876466667]}, "properties": {"species": "Boletus rubriceps", "date": "2021-08-05", "location": "White River National Forest, Dillon, CO, US", "elevation": 2784.0, "num_identification_agreements": 2, "tavg": null, "tmin": 8.0, "tmax": 18.0, "day_of_year": 217, "uuid": "e70e9708-7c25-42b0-9ef0-3d4ba23c55bc", "inat_id": 90102313}}, {"type": "Feature", "geometry": {"type": "Point", "coordinates": [-106.4558114, 39.2881466997]}, "properties": {"species": "Boletus rubriceps", "date": "2021-08-04", "location": "Leadville, CO 80461, USA", "elevation": 3134.0, "num_identification_agreements": 2, "tavg": null, "tmin": 3.9, "tmax": 17.8, "day_of_year": 216, "uuid": "52f9d6e9-16b9-49bf-8279-6ab8ed3b625d", "inat_id": 90092561}}, {"type": "Feature", "geometry": {"type": "Point", "coordinates": [-105.6027616667, 40.0686111667]}, "properties": {"species": "Boletus rubriceps", "date": "2021-08-05", "location": "Arapaho & Roosevelt National Forests Pawnee National Grassland, Ward, CO, US", "elevation": 3259.0, "num_identification_agreements": 2, "tavg": null, "tmin": 5.8, "tmax": 26.0, "day_of_year": 217, "uuid": "6cfedc7a-120c-4b63-8e9b-2fe5634043b9", "inat_id": 90072925}}, {"type": "Feature", "geometry": {"type": "Point", "coordinates": [-105.5463132967, 40.0278560097]}, "properties": {"species": "Boletus rubriceps", "date": "2021-08-05", "location": "Arapaho & Roosevelt National Forests Pawnee National Grassland, Ward, CO, US", "elevation": 3074.0, "num_identification_agreements": 3, "tavg": null, "tmin": 16.0, "tmax": 33.0, "day_of_year": 217, "uuid": "bb77daa9-a961-4ff3-9e5d-8fdff4ab73e1", "inat_id": 90072635}}, {"type": "Feature", "geometry": {"type": "Point", "coordinates": [-105.5558537915, 40.0263794151]}, "properties": {"species": "Boletus rubriceps", "date": "2021-08-05", "location": "Arapaho & Roosevelt National Forests Pawnee National Grassland, Ward, CO, US", "elevation": 3114.0, "num_identification_agreements": 1, "tavg": null, "tmin": 16.0, "tmax": 33.0, "day_of_year": 217, "uuid": "255f74eb-b7ac-45a2-a09a-b36fa9fd26b5", "inat_id": 90072353}}, {"type": "Feature", "geometry": {"type": "Point", "coordinates": [-105.4526216667, 36.6211916667]}, "properties": {"species": "Boletus rubriceps", "date": "2021-08-05", "location": "Taos County, US-NM, US", "elevation": 3373.0, "num_identification_agreements": 1, "tavg": null, "tmin": 3.7, "tmax": 23.5, "day_of_year": 217, "uuid": "eda9b19d-843c-4fcd-90b7-74a5a27c6ef5", "inat_id": 90071881}}, {"type": "Feature", "geometry": {"type": "Point", "coordinates": [-106.2764116667, 39.6272883333]}, "properties": {"species": "Boletus rubriceps", "date": "2021-08-05", "location": "White River National Forest, Vail, CO, US", "elevation": 2658.0, "num_identification_agreements": 2, "tavg": null, "tmin": 8.0, "tmax": 18.0, "day_of_year": 217, "uuid": "43d09063-af9f-41c2-8799-4a4ccaabe5e6", "inat_id": 90060259}}, {"type": "Feature", "geometry": {"type": "Point", "coordinates": [-105.9972915649, 39.444694519]}, "properties": {"species": "Boletus rubriceps", "date": "2021-08-04", "location": "Summit County, US-CO, US", "elevation": 3339.0, "num_identification_agreements": 2, "tavg": null, "tmin": 3.9, "tmax": 17.8, "day_of_year": 216, "uuid": "b6a16b8d-0d47-43b6-87aa-035cd9d8f5fa", "inat_id": 90055813}}, {"type": "Feature", "geometry": {"type": "Point", "coordinates": [-106.09515283, 39.407275]}, "properties": {"species": "Boletus rubriceps", "date": "2021-07-25", "location": "White River National Forest, Breckenridge, CO, US", "elevation": 3591.0, "num_identification_agreements": 2, "tavg": null, "tmin": 3.9, "tmax": 20.0, "day_of_year": 206, "uuid": "9a2a722c-3301-4bc1-9010-645f7587ec14", "inat_id": 90052306}}, {"type": "Feature", "geometry": {"type": "Point", "coordinates": [-107.1387945, 40.02778883]}, "properties": {"species": "Boletus rubriceps", "date": "2021-08-03", "location": "Medicine Bow-Routt National Forest & Thunder Basin National Grassland, Gypsum, CO, US", "elevation": 3254.0, "num_identification_agreements": 3, "tavg": null, "tmin": 14.4, "tmax": 20.6, "day_of_year": 215, "uuid": "9a72983f-bad8-43f5-a859-c6fb2717da50", "inat_id": 90046378}}, {"type": "Feature", "geometry": {"type": "Point", "coordinates": [-105.5280833333, 40.2921833333]}, "properties": {"species": "Boletus rubriceps", "date": "2021-08-04", "location": "Rocky Mountain National Park, Estes Park, CO, US", "elevation": 3125.0, "num_identification_agreements": 1, "tavg": null, "tmin": 17.3, "tmax": 30.8, "day_of_year": 216, "uuid": "dd97fe50-c858-41a1-afe2-b05e5273a61f", "inat_id": 90044018}}, {"type": "Feature", "geometry": {"type": "Point", "coordinates": [-105.3801727295, 39.7993087769]}, "properties": {"species": "Boletus rubriceps", "date": "2021-08-03", "location": "Golden", "elevation": 2844.0, "num_identification_agreements": 1, "tavg": null, "tmin": 17.0, "tmax": 27.0, "day_of_year": 215, "uuid": "d5116207-0135-4522-8bbf-48909c335e35", "inat_id": 90040256}}, {"type": "Feature", "geometry": {"type": "Point", "coordinates": [-106.9903199002, 38.8591090296]}, "properties": {"species": "Boletus rubriceps", "date": "2021-08-04", "location": "Crested Butte, CO 81224, USA", "elevation": 3056.0, "num_identification_agreements": 1, "tavg": null, "tmin": 7.8, "tmax": 25.0, "day_of_year": 216, "uuid": "9e81c679-6fc2-4b7e-969f-804694f9aca5", "inat_id": 90034951}}, {"type": "Feature", "geometry": {"type": "Point", "coordinates": [-105.6473916667, 40.3116333333]}, "properties": {"species": "Boletus rubriceps", "date": "2021-08-04", "location": "Rocky Mountain National Park, Estes Park, CO, US", "elevation": 2915.0, "num_identification_agreements": 1, "tavg": null, "tmin": 8.1, "tmax": 22.1, "day_of_year": 216, "uuid": "adb8aa9a-803d-4003-9c84-239b986ce04a", "inat_id": 90017926}}, {"type": "Feature", "geometry": {"type": "Point", "coordinates": [-107.7453833333, 37.9728366667]}, "properties": {"species": "Boletus rubriceps", "date": "2021-08-04", "location": "Grand Mesa National Forest, Ridgway, CO, US", "elevation": 3288.0, "num_identification_agreements": 2, "tavg": null, "tmin": 9.0, "tmax": 21.0, "day_of_year": 216, "uuid": "a8db37a0-d256-4de6-9b53-c9195505ef60", "inat_id": 89959935}}, {"type": "Feature", "geometry": {"type": "Point", "coordinates": [-105.643225878, 40.2905668344]}, "properties": {"species": "Boletus rubriceps", "date": "2021-08-02", "location": "Larimer County, CO, USA", "elevation": 3042.0, "num_identification_agreements": 2, "tavg": null, "tmin": 7.2, "tmax": 26.1, "day_of_year": 214, "uuid": "5d4e3316-23b5-410f-a21b-a50f6d5e02a7", "inat_id": 89946258}}, {"type": "Feature", "geometry": {"type": "Point", "coordinates": [-105.5857009888, 40.070110321]}, "properties": {"species": "Boletus rubriceps", "date": "2021-07-28", "location": "Boulder County, US-CO, US", "elevation": 3314.0, "num_identification_agreements": 2, "tavg": null, "tmin": 8.6, "tmax": 31.0, "day_of_year": 209, "uuid": "bacc7f51-7683-4ca7-b311-003846318eda", "inat_id": 89917319}}, {"type": "Feature", "geometry": {"type": "Point", "coordinates": [-108.2352228, 38.3275713997]}, "properties": {"species": "Boletus rubriceps", "date": "2021-08-03", "location": "Nucla, CO 81424, USA", "elevation": 3021.0, "num_identification_agreements": 2, "tavg": null, "tmin": 15.2, "tmax": 30.0, "day_of_year": 215, "uuid": "f5e8f96d-2f2b-4bc3-a676-3ee2396fe0d4", "inat_id": 89855319}}, {"type": "Feature", "geometry": {"type": "Point", "coordinates": [-105.9971084595, 39.4447517395]}, "properties": {"species": "Boletus rubriceps", "date": "2021-08-03", "location": "Summit County, US-CO, US", "elevation": 3339.0, "num_identification_agreements": 3, "tavg": null, "tmin": 7.8, "tmax": 15.6, "day_of_year": 215, "uuid": "24479214-1e43-42de-bf38-75f95adf0fd5", "inat_id": 89841996}}, {"type": "Feature", "geometry": {"type": "Point", "coordinates": [-104.937613129, 38.779904576]}, "properties": {"species": "Boletus rubriceps", "date": "2021-08-02", "location": "Colorado, US", "elevation": 2780.0, "num_identification_agreements": 2, "tavg": null, "tmin": 12.0, "tmax": 27.6, "day_of_year": 214, "uuid": "2c6741e2-185d-4fb2-ad06-2c6404e86b6f", "inat_id": 89831766}}, {"type": "Feature", "geometry": {"type": "Point", "coordinates": [-105.647805, 39.8311216667]}, "properties": {"species": "Boletus rubriceps", "date": "2021-08-03", "location": "Arapaho & Roosevelt National Forests Pawnee National Grassland, Idaho Springs, CO, US", "elevation": 3298.0, "num_identification_agreements": 2, "tavg": null, "tmin": 10.8, "tmax": 15.6, "day_of_year": 215, "uuid": "e33cb8bb-d4f3-4a38-a8e6-1474604800ae", "inat_id": 89809205}}, {"type": "Feature", "geometry": {"type": "Point", "coordinates": [-105.6467283333, 39.8314966667]}, "properties": {"species": "Boletus rubriceps", "date": "2021-08-03", "location": "Arapaho & Roosevelt National Forests Pawnee National Grassland, Idaho Springs, CO, US", "elevation": 3277.0, "num_identification_agreements": 2, "tavg": null, "tmin": 10.8, "tmax": 15.6, "day_of_year": 215, "uuid": "062add07-c1db-4d6f-acff-a392fbec8cdd", "inat_id": 89809085}}, {"type": "Feature", "geometry": {"type": "Point", "coordinates": [-107.0920181274, 38.9281463623]}, "properties": {"species": "Boletus rubriceps", "date": "2021-07-30", "location": "Gunnison County, US-CO, US", "elevation": 3067.0, "num_identification_agreements": 2, "tavg": null, "tmin": 12.2, "tmax": 28.3, "day_of_year": 211, "uuid": "b4b2d60f-09fc-409c-a5d2-5ba8bf51ba24", "inat_id": 89782709}}, {"type": "Feature", "geometry": {"type": "Point", "coordinates": [-105.6652216667, 39.9416283333]}, "properties": {"species": "Boletus rubriceps", "date": "2021-08-01", "location": "Arapaho & Roosevelt National Forests Pawnee National Grassland, Nederland, CO, US", "elevation": 3566.0, "num_identification_agreements": 2, "tavg": null, "tmin": 8.8, "tmax": 23.3, "day_of_year": 213, "uuid": "b7275b0c-50f3-493a-bf7a-caf0d8171de3", "inat_id": 89746560}}, {"type": "Feature", "geometry": {"type": "Point", "coordinates": [-105.6098717894, 39.9221103685]}, "properties": {"species": "Boletus rubriceps", "date": "2021-08-01", "location": "Arapaho & Roosevelt National Forests Pawnee National Grassland, Black Hawk, CO, US", "elevation": 3027.0, "num_identification_agreements": 3, "tavg": null, "tmin": 8.8, "tmax": 23.3, "day_of_year": 213, "uuid": "6fb0882e-55ba-4950-bc60-cb914c9b4cda", "inat_id": 89746499}}, {"type": "Feature", "geometry": {"type": "Point", "coordinates": [-105.5691214876, 40.2060548541]}, "properties": {"species": "Boletus rubriceps", "date": "2021-07-26", "location": "Boulder County, CO, USA", "elevation": 2609.0, "num_identification_agreements": 2, "tavg": null, "tmin": 5.6, "tmax": 28.7, "day_of_year": 207, "uuid": "7c2a7807-8ed6-4775-9fda-c5565eee2c56", "inat_id": 89728697}}, {"type": "Feature", "geometry": {"type": "Point", "coordinates": [-105.5691214876, 40.2060548541]}, "properties": {"species": "Boletus rubriceps", "date": "2021-07-26", "location": "Boulder County, CO, USA", "elevation": 2609.0, "num_identification_agreements": 2, "tavg": null, "tmin": 5.6, "tmax": 28.7, "day_of_year": 207, "uuid": "730ab6ca-c63e-4907-a4a7-a6f21f0b7009", "inat_id": 89728661}}, {"type": "Feature", "geometry": {"type": "Point", "coordinates": [-106.0647296, 39.3751729]}, "properties": {"species": "Boletus rubriceps", "date": "2021-08-02", "location": "Camron Ln, Breckenridge, CO 80424, USA", "elevation": 3471.0, "num_identification_agreements": 1, "tavg": null, "tmin": 8.9, "tmax": 18.3, "day_of_year": 214, "uuid": "5a42ce91-7fba-4a96-b502-1ce5ad763e25", "inat_id": 89717506}}, {"type": "Feature", "geometry": {"type": "Point", "coordinates": [-106.2066283333, 38.5749333333]}, "properties": {"species": "Boletus rubriceps", "date": "2021-08-02", "location": "Pike and San Isabel National Forests, Salida, CO, US", "elevation": 2731.0, "num_identification_agreements": 2, "tavg": null, "tmin": 6.0, "tmax": 12.5, "day_of_year": 214, "uuid": "5a2eca8d-d291-4ee3-ba4e-0d8b33390310", "inat_id": 89692742}}, {"type": "Feature", "geometry": {"type": "Point", "coordinates": [-107.0991398022, 38.9312355302]}, "properties": {"species": "Boletus rubriceps", "date": "2021-07-30", "location": "Crested Butte, CO 81224, USA", "elevation": 3217.0, "num_identification_agreements": 2, "tavg": null, "tmin": 12.2, "tmax": 28.3, "day_of_year": 211, "uuid": "b1d89120-8a21-4891-9bf2-c14e307a7561", "inat_id": 89659514}}, {"type": "Feature", "geometry": {"type": "Point", "coordinates": [-105.4712832287, 39.6903809518]}, "properties": {"species": "Boletus rubriceps", "date": "2021-07-26", "location": "Arapaho & Roosevelt National Forests Pawnee National Grassland, Idaho Springs, CO, US", "elevation": 2875.0, "num_identification_agreements": 2, "tavg": null, "tmin": 17.0, "tmax": 34.0, "day_of_year": 207, "uuid": "be9e6bfc-b33c-402b-8f97-648fcea5464e", "inat_id": 89647847}}, {"type": "Feature", "geometry": {"type": "Point", "coordinates": [-105.59323, 39.6416133333]}, "properties": {"species": "Boletus rubriceps", "date": "2021-08-01", "location": "Arapaho & Roosevelt National Forests Pawnee National Grassland, Evergreen, CO, US", "elevation": 3526.0, "num_identification_agreements": 1, "tavg": null, "tmin": null, "tmax": null, "day_of_year": 213, "uuid": "4b366fb2-f0ac-4da5-a448-24fc7dea8c8c", "inat_id": 89586082}}, {"type": "Feature", "geometry": {"type": "Point", "coordinates": [-106.4529361815, 39.2481660661]}, "properties": {"species": "Boletus rubriceps", "date": "2021-07-30", "location": "Pike and San Isabel National Forests, Twin Lakes, CO, US", "elevation": 3472.0, "num_identification_agreements": 3, "tavg": null, "tmin": 7.8, "tmax": 23.3, "day_of_year": 211, "uuid": "dcb30b4b-e5fe-43f1-9f22-7ac7a20b706d", "inat_id": 89579083}}, {"type": "Feature", "geometry": {"type": "Point", "coordinates": [-106.5406366667, 37.3774816667]}, "properties": {"species": "Boletus rubriceps", "date": "2021-07-25", "location": "Conejos County, CO, USA", "elevation": 3350.0, "num_identification_agreements": 2, "tavg": null, "tmin": 5.0, "tmax": 15.0, "day_of_year": 206, "uuid": "cefa9b6c-6173-4eeb-ae4c-db1ce19fe495", "inat_id": 89553237}}, {"type": "Feature", "geometry": {"type": "Point", "coordinates": [-106.2865216667, 39.3620866667]}, "properties": {"species": "Boletus rubriceps", "date": "2021-08-01", "location": "White River National Forest, Basalt, CO, US", "elevation": 3308.0, "num_identification_agreements": 1, "tavg": null, "tmin": 8.9, "tmax": 15.0, "day_of_year": 213, "uuid": "12bdcb00-2b53-4b91-905f-fec05dc1c23d", "inat_id": 89524410}}, {"type": "Feature", "geometry": {"type": "Point", "coordinates": [-105.513961235, 39.9581606036]}, "properties": {"species": "Boletus rubriceps", "date": "2021-07-31", "location": "Arapaho & Roosevelt National Forests Pawnee National Grassland, Nederland, CO, US", "elevation": 2554.0, "num_identification_agreements": 1, "tavg": null, "tmin": 16.0, "tmax": 23.0, "day_of_year": 212, "uuid": "54d5155b-f1c8-487d-a6e7-26a6f3049200", "inat_id": 89426033}}, {"type": "Feature", "geometry": {"type": "Point", "coordinates": [-106.0726312549, 39.6489265887]}, "properties": {"species": "Boletus rubriceps", "date": "2021-07-31", "location": "White River National Forest, Silverthorne, CO, US", "elevation": 2659.0, "num_identification_agreements": 1, "tavg": null, "tmin": 8.0, "tmax": 18.0, "day_of_year": 212, "uuid": "6156d284-e07d-40a6-826b-e1f6339ab9cd", "inat_id": 89406658}}, {"type": "Feature", "geometry": {"type": "Point", "coordinates": [-106.2484512329, 41.372253418]}, "properties": {"species": "Boletus rubriceps", "date": "2021-07-28", "location": "Laramie", "elevation": 3212.0, "num_identification_agreements": 1, "tavg": null, "tmin": 15.0, "tmax": 33.0, "day_of_year": 209, "uuid": "231d1456-b715-4758-9d04-b8d9bc612f8e", "inat_id": 89384710}}, {"type": "Feature", "geometry": {"type": "Point", "coordinates": [-106.2341957912, 36.7062854931]}, "properties": {"species": "Boletus rubriceps", "date": "2021-07-30", "location": "Hopewell Lake", "elevation": 2973.0, "num_identification_agreements": 1, "tavg": null, "tmin": null, "tmax": null, "day_of_year": 211, "uuid": "900d266e-b9f5-41ee-ac0d-807b029579de", "inat_id": 89271452}}, {"type": "Feature", "geometry": {"type": "Point", "coordinates": [-105.8128966667, 39.667705]}, "properties": {"species": "Boletus rubriceps", "date": "2021-07-30", "location": "Arapaho & Roosevelt National Forests Pawnee National Grassland, Idaho Springs, CO, US", "elevation": 3279.0, "num_identification_agreements": 1, "tavg": null, "tmin": 9.0, "tmax": 23.0, "day_of_year": 211, "uuid": "e67af44b-cbdc-4d6b-a3f9-159b1f0f73e5", "inat_id": 89241959}}, {"type": "Feature", "geometry": {"type": "Point", "coordinates": [-107.03937525, 37.4201564444]}, "properties": {"species": "Boletus rubriceps", "date": "2021-07-29", "location": "Mineral County, US-CO, US", "elevation": 2763.0, "num_identification_agreements": 2, "tavg": null, "tmin": 9.0, "tmax": 18.0, "day_of_year": 210, "uuid": "e9ed8ccf-8592-4bec-a0dd-19b907f2a6cb", "inat_id": 89141570}}, {"type": "Feature", "geometry": {"type": "Point", "coordinates": [-105.7764883333, 39.8704]}, "properties": {"species": "Boletus rubriceps", "date": "2021-07-29", "location": "Winter Park Resort, Winter Park, CO, US", "elevation": 3286.0, "num_identification_agreements": 1, "tavg": null, "tmin": 10.2, "tmax": 28.2, "day_of_year": 210, "uuid": "e114e462-0e43-489b-9355-6318f726fd42", "inat_id": 89116830}}, {"type": "Feature", "geometry": {"type": "Point", "coordinates": [-105.8576583333, 39.7086533333]}, "properties": {"species": "Boletus rubriceps", "date": "2021-07-29", "location": "Arapaho & Roosevelt National Forests Pawnee National Grassland, Idaho Springs, CO, US", "elevation": 3326.0, "num_identification_agreements": 2, "tavg": null, "tmin": 12.0, "tmax": 23.0, "day_of_year": 210, "uuid": "910761c9-3b7a-4b53-bd4d-9a8aff27d8e0", "inat_id": 89115039}}, {"type": "Feature", "geometry": {"type": "Point", "coordinates": [-105.5690083333, 40.3489616667]}, "properties": {"species": "Boletus rubriceps", "date": "2021-07-29", "location": "SH-66, Estes Park, CO, US", "elevation": 2382.0, "num_identification_agreements": 1, "tavg": null, "tmin": 20.9, "tmax": 34.5, "day_of_year": 210, "uuid": "45605653-35ca-4dfe-bb06-fc339a48a342", "inat_id": 89087445}}, {"type": "Feature", "geometry": {"type": "Point", "coordinates": [-105.5956333333, 40.1324221667]}, "properties": {"species": "Boletus rubriceps", "date": "2021-07-28", "location": "Arapaho & Roosevelt National Forests Pawnee National Grassland, Ward, CO, US", "elevation": 3092.0, "num_identification_agreements": 2, "tavg": null, "tmin": 8.6, "tmax": 31.0, "day_of_year": 209, "uuid": "60755687-134f-4100-8648-a4fc82491966", "inat_id": 89080097}}, {"type": "Feature", "geometry": {"type": "Point", "coordinates": [-107.7037966667, 37.7406083333]}, "properties": {"species": "Boletus rubriceps", "date": "2021-07-27", "location": "San Juan National Forest, CO, US", "elevation": 3346.0, "num_identification_agreements": 3, "tavg": null, "tmin": 10.0, "tmax": 22.0, "day_of_year": 208, "uuid": "a3610e14-e25c-416d-b8b0-dc5aaf53756e", "inat_id": 89069527}}, {"type": "Feature", "geometry": {"type": "Point", "coordinates": [-107.75727, 37.7495716667]}, "properties": {"species": "Boletus rubriceps", "date": "2021-07-27", "location": "San Juan National Forest, CO, US", "elevation": 3108.0, "num_identification_agreements": 3, "tavg": null, "tmin": 10.0, "tmax": 22.0, "day_of_year": 208, "uuid": "577e4dc4-e5d8-45fe-a6ea-6f2e08022711", "inat_id": 89066135}}, {"type": "Feature", "geometry": {"type": "Point", "coordinates": [-106.2369265, 36.7118809999]}, "properties": {"species": "Boletus rubriceps", "date": "2019-07-25", "location": "Rio Arriba County, NM, USA", "elevation": 2984.0, "num_identification_agreements": 1, "tavg": null, "tmin": null, "tmax": null, "day_of_year": 206, "uuid": "1b6e1f9f-9370-4834-a09b-8e25de0ade3d", "inat_id": 89019529}}, {"type": "Feature", "geometry": {"type": "Point", "coordinates": [-105.5319684613, 40.0177883172]}, "properties": {"species": "Boletus rubriceps", "date": "2021-07-28", "location": "Boulder County, US-CO, US", "elevation": 2915.0, "num_identification_agreements": 1, "tavg": null, "tmin": 18.0, "tmax": 36.0, "day_of_year": 209, "uuid": "2c9e11af-c2b3-4aa4-b003-f2c469966638", "inat_id": 89010417}}, {"type": "Feature", "geometry": {"type": "Point", "coordinates": [-105.5341005669, 40.0135144819]}, "properties": {"species": "Boletus rubriceps", "date": "2021-07-28", "location": "Caribou Ranch Open Space-Ce, Nederland, CO, US", "elevation": 2946.0, "num_identification_agreements": 2, "tavg": null, "tmin": 18.0, "tmax": 36.0, "day_of_year": 209, "uuid": "a1980072-6a69-4d19-bf74-d260ffaa96fd", "inat_id": 89010193}}, {"type": "Feature", "geometry": {"type": "Point", "coordinates": [-106.796193167, 35.8414565392]}, "properties": {"species": "Boletus rubriceps", "date": "2021-07-28", "location": "Santa Fe National Forest, Jemez Springs, NM, US", "elevation": 2434.0, "num_identification_agreements": 1, "tavg": null, "tmin": 16.5, "tmax": 27.6, "day_of_year": 209, "uuid": "4a21a0d6-4fef-4057-8b4e-36508cea69a7", "inat_id": 89007013}}, {"type": "Feature", "geometry": {"type": "Point", "coordinates": [-107.283945, 39.1535083333]}, "properties": {"species": "Boletus rubriceps", "date": "2021-07-25", "location": "White River National Forest, Carbondale, CO, US", "elevation": 3147.0, "num_identification_agreements": 2, "tavg": null, "tmin": 12.8, "tmax": 27.2, "day_of_year": 206, "uuid": "eac42b04-6031-4ae1-bbe6-7e20a2bcab0c", "inat_id": 88999186}}, {"type": "Feature", "geometry": {"type": "Point", "coordinates": [-106.8509280584, 36.0435219532]}, "properties": {"species": "Boletus rubriceps", "date": "2021-07-27", "location": "Santa Fe National Forest, Gallina, NM, US", "elevation": 2914.0, "num_identification_agreements": 1, "tavg": null, "tmin": null, "tmax": null, "day_of_year": 208, "uuid": "3e5a910a-335f-4700-9623-f01b153e57da", "inat_id": 88983659}}, {"type": "Feature", "geometry": {"type": "Point", "coordinates": [-105.9678296373, 35.6840659445]}, "properties": {"species": "Boletus rubriceps", "date": "2021-07-28", "location": "Paseo de la Conquistadora, Santa Fe, NM, US", "elevation": 2082.0, "num_identification_agreements": 2, "tavg": null, "tmin": 14.4, "tmax": 31.1, "day_of_year": 209, "uuid": "43c53cb9-e734-45e9-8919-e3878d100fcf", "inat_id": 88983651}}, {"type": "Feature", "geometry": {"type": "Point", "coordinates": [-106.6964728561, 37.4469447103]}, "properties": {"species": "Boletus rubriceps", "date": "2021-07-27", "location": "Colorado, US", "elevation": 3551.0, "num_identification_agreements": 3, "tavg": null, "tmin": 7.0, "tmax": 15.0, "day_of_year": 208, "uuid": "663fa0e4-d565-43a4-8e23-74a0016c3274", "inat_id": 88898790}}, {"type": "Feature", "geometry": {"type": "Point", "coordinates": [-105.6467014859, 40.3120841187]}, "properties": {"species": "Boletus rubriceps", "date": "2021-07-26", "location": "Rocky Mountain, Rocky Mountain National Park, Rocky Mountain National Park, Larimer County, US-CO, US", "elevation": 2915.0, "num_identification_agreements": 2, "tavg": null, "tmin": 5.6, "tmax": 28.7, "day_of_year": 207, "uuid": "a9dd4020-ea43-4b2f-8dea-f83cbb651496", "inat_id": 88898011}}, {"type": "Feature", "geometry": {"type": "Point", "coordinates": [-105.6484262098, 40.3124500791]}, "properties": {"species": "Boletus rubriceps", "date": "2021-07-26", "location": "Rocky Mountain National Park, Rocky Mountain National Park, Larimer County, US-CO, US", "elevation": 2949.0, "num_identification_agreements": 2, "tavg": null, "tmin": 5.6, "tmax": 28.7, "day_of_year": 207, "uuid": "d6eaca62-5a29-43cb-8a06-374436ec36cb", "inat_id": 88894239}}, {"type": "Feature", "geometry": {"type": "Point", "coordinates": [-105.6088033333, 40.5383216667]}, "properties": {"species": "Boletus rubriceps", "date": "2021-07-27", "location": "Rocky Mountain National Park, Bellvue, CO, US", "elevation": 3123.0, "num_identification_agreements": 3, "tavg": null, "tmin": null, "tmax": null, "day_of_year": 208, "uuid": "c1745dcc-cb19-4839-9c18-cd3476cac50e", "inat_id": 88890009}}, {"type": "Feature", "geometry": {"type": "Point", "coordinates": [-105.7852583333, 40.4432916667]}, "properties": {"species": "Boletus rubriceps", "date": "2021-07-22", "location": "Estes Park, CO 80517, USA", "elevation": 3214.0, "num_identification_agreements": 2, "tavg": null, "tmin": 8.9, "tmax": 26.6, "day_of_year": 203, "uuid": "070cab83-38d1-4488-9fce-a8e567e1e467", "inat_id": 88871582}}, {"type": "Feature", "geometry": {"type": "Point", "coordinates": [-105.7822583333, 40.4447472222]}, "properties": {"species": "Boletus rubriceps", "date": "2021-07-22", "location": "Estes Park, CO 80517, USA", "elevation": 3211.0, "num_identification_agreements": 2, "tavg": null, "tmin": 8.9, "tmax": 26.6, "day_of_year": 203, "uuid": "f898ce11-e01c-46d2-80bc-c039f69b7479", "inat_id": 88871172}}, {"type": "Feature", "geometry": {"type": "Point", "coordinates": [-106.8254776001, 39.1904258728]}, "properties": {"species": "Boletus rubriceps", "date": "2021-07-27", "location": "Aspen", "elevation": 2416.0, "num_identification_agreements": 2, "tavg": null, "tmin": 11.1, "tmax": 31.1, "day_of_year": 208, "uuid": "92719e6b-dad7-4a21-b94c-2edc5da6151c", "inat_id": 88868661}}, {"type": "Feature", "geometry": {"type": "Point", "coordinates": [-105.7364307716, 35.825248709]}, "properties": {"species": "Boletus rubriceps", "date": "2021-07-26", "location": "Nambe, NM 87506, USA", "elevation": 3264.0, "num_identification_agreements": 2, "tavg": null, "tmin": 15.0, "tmax": 27.8, "day_of_year": 207, "uuid": "096eb58a-df0c-405b-9614-2a2baa1115dc", "inat_id": 88865379}}, {"type": "Feature", "geometry": {"type": "Point", "coordinates": [-107.18499366, 38.64098383]}, "properties": {"species": "Boletus rubriceps", "date": "2021-07-21", "location": "Gunnison County, US-CO, US", "elevation": 3386.0, "num_identification_agreements": 3, "tavg": null, "tmin": 12.2, "tmax": 28.3, "day_of_year": 202, "uuid": "a6cb6819-27a5-49a7-898b-13f06dfeb6a5", "inat_id": 88847761}}, {"type": "Feature", "geometry": {"type": "Point", "coordinates": [-105.5902023315, 40.1961631775]}, "properties": {"species": "Boletus rubriceps", "date": "2021-07-26", "location": "Ward", "elevation": 2770.0, "num_identification_agreements": 2, "tavg": null, "tmin": 5.6, "tmax": 28.7, "day_of_year": 207, "uuid": "36c72edb-ed53-4fcb-8429-7d77527d77b3", "inat_id": 88775751}}, {"type": "Feature", "geometry": {"type": "Point", "coordinates": [-105.920425415, 39.4705924988]}, "properties": {"species": "Boletus rubriceps", "date": "2021-07-26", "location": "Summit County, US-CO, US", "elevation": 3335.0, "num_identification_agreements": 3, "tavg": null, "tmin": 5.0, "tmax": 22.8, "day_of_year": 207, "uuid": "22a5b55f-85e0-4936-9073-4a75b1c3d4c0", "inat_id": 88773928}}, {"type": "Feature", "geometry": {"type": "Point", "coordinates": [-106.63603999, 40.38441268]}, "properties": {"species": "Boletus rubriceps", "date": "2021-07-26", "location": "Grand County, US-CO, US", "elevation": 2931.0, "num_identification_agreements": 2, "tavg": null, "tmin": 10.5, "tmax": 32.3, "day_of_year": 207, "uuid": "72ea9222-ae17-43b6-b93e-ce8209b43b4b", "inat_id": 88773753}}, {"type": "Feature", "geometry": {"type": "Point", "coordinates": [-107.0174293889, 38.9813053056]}, "properties": {"species": "Boletus rubriceps", "date": "2021-07-26", "location": "Crested Butte, CO 81224, USA", "elevation": 3243.0, "num_identification_agreements": 1, "tavg": null, "tmin": 11.1, "tmax": 28.9, "day_of_year": 207, "uuid": "b9c475c4-95e3-4f3b-94fa-aeac01bbc147", "inat_id": 88764346}}, {"type": "Feature", "geometry": {"type": "Point", "coordinates": [-105.5934093735, 40.1967077048]}, "properties": {"species": "Boletus rubriceps", "date": "2021-07-26", "location": "Rocky Mountain, Rocky Mountain National Park, Boulder County, US-CO, US", "elevation": 2782.0, "num_identification_agreements": 3, "tavg": null, "tmin": 5.6, "tmax": 28.7, "day_of_year": 207, "uuid": "333cb919-aeec-4027-841b-b4a1ff67228c", "inat_id": 88754006}}, {"type": "Feature", "geometry": {"type": "Point", "coordinates": [-105.6557086908, 40.3035269637]}, "properties": {"species": "Boletus rubriceps", "date": "2021-07-25", "location": "Rocky Mountain, Rocky Mountain National Park, Rocky Mountain National Park, Larimer County, US-CO, US", "elevation": 3051.0, "num_identification_agreements": 2, "tavg": null, "tmin": 7.9, "tmax": 27.2, "day_of_year": 206, "uuid": "9208c5d9-1f15-45d5-ae6f-9ce8bd9c4d9c", "inat_id": 88753704}}, {"type": "Feature", "geometry": {"type": "Point", "coordinates": [-105.6053854153, 40.3192065167]}, "properties": {"species": "Boletus rubriceps", "date": "2021-07-26", "location": "Rocky Mountain, Rocky Mountain National Park, Rocky Mountain National Park, Larimer County, US-CO, US", "elevation": 2655.0, "num_identification_agreements": 2, "tavg": null, "tmin": 5.6, "tmax": 28.7, "day_of_year": 207, "uuid": "f636cf08-6c4f-4538-b4da-1773af99f37a", "inat_id": 88746868}}, {"type": "Feature", "geometry": {"type": "Point", "coordinates": [-105.7363943942, 35.5628610997]}, "properties": {"species": "Boletus rubriceps", "date": "2021-07-26", "location": "New Mexico, US", "elevation": 2202.0, "num_identification_agreements": 1, "tavg": null, "tmin": 15.0, "tmax": 27.8, "day_of_year": 207, "uuid": "749e3fad-8f17-4d40-930c-6893b4411669", "inat_id": 88708359}}, {"type": "Feature", "geometry": {"type": "Point", "coordinates": [-105.6593588367, 39.8942949568]}, "properties": {"species": "Boletus rubriceps", "date": "2021-07-25", "location": "Gilpin County, CO, USA", "elevation": 2925.0, "num_identification_agreements": 2, "tavg": null, "tmin": 7.9, "tmax": 27.2, "day_of_year": 206, "uuid": "68e9760c-0673-4d9c-a2f2-8085a7dee06b", "inat_id": 88685805}}, {"type": "Feature", "geometry": {"type": "Point", "coordinates": [-105.63678, 39.415505]}, "properties": {"species": "Boletus rubriceps", "date": "2021-07-25", "location": "Pike and San Isabel National Forests, Lake George, CO, US", "elevation": 3227.0, "num_identification_agreements": 1, "tavg": null, "tmin": null, "tmax": null, "day_of_year": 206, "uuid": "fccbbdee-7438-4a0d-b221-8e3de2d59654", "inat_id": 88637537}}, {"type": "Feature", "geometry": {"type": "Point", "coordinates": [-106.3938666667, 38.7611466667]}, "properties": {"species": "Boletus rubriceps", "date": "2021-07-24", "location": "Pike and San Isabel National Forests, Nathrop, CO, US", "elevation": 3488.0, "num_identification_agreements": 1, "tavg": null, "tmin": 12.3, "tmax": 21.6, "day_of_year": 205, "uuid": "63474cfe-b322-49e7-9b96-531db1f03af8", "inat_id": 88637202}}, {"type": "Feature", "geometry": {"type": "Point", "coordinates": [-105.7822029722, 40.444723]}, "properties": {"species": "Boletus rubriceps", "date": "2021-07-22", "location": "Estes Park, CO 80517, USA", "elevation": 3211.0, "num_identification_agreements": 2, "tavg": null, "tmin": 8.9, "tmax": 26.6, "day_of_year": 203, "uuid": "8ce0e9ea-6db5-4585-8a2b-f5d2118f2925", "inat_id": 88602890}}, {"type": "Feature", "geometry": {"type": "Point", "coordinates": [-105.1988985477, 37.399951997]}, "properties": {"species": "Boletus rubriceps", "date": "2021-07-24", "location": "Colorado, US", "elevation": 3222.0, "num_identification_agreements": 2, "tavg": null, "tmin": null, "tmax": null, "day_of_year": 205, "uuid": "a054d3bf-f38a-483b-9bf3-8879ec414335", "inat_id": 88566730}}, {"type": "Feature", "geometry": {"type": "Point", "coordinates": [-105.0088466131, 37.2649040914]}, "properties": {"species": "Boletus rubriceps", "date": "2021-07-24", "location": "Colorado, US", "elevation": 2743.0, "num_identification_agreements": 2, "tavg": null, "tmin": null, "tmax": null, "day_of_year": 205, "uuid": "6fa6e22d-db75-4174-ad4f-6f34c5a66eb2", "inat_id": 88566562}}, {"type": "Feature", "geometry": {"type": "Point", "coordinates": [-107.0642545444, 39.4428686837]}, "properties": {"species": "Boletus rubriceps", "date": "2021-07-25", "location": "White River National Forest, Carbondale, CO, US", "elevation": 2524.0, "num_identification_agreements": 2, "tavg": null, "tmin": 14.4, "tmax": 30.6, "day_of_year": 206, "uuid": "5cb75be3-e76e-45a3-815a-22b400be29dd", "inat_id": 88537784}}, {"type": "Feature", "geometry": {"type": "Point", "coordinates": [-105.5664418448, 39.9625231079]}, "properties": {"species": "Boletus rubriceps", "date": "2021-07-23", "location": "Arapaho & Roosevelt National Forests Pawnee National Grassland, Nederland, CO, US", "elevation": 2941.0, "num_identification_agreements": 2, "tavg": null, "tmin": 21.0, "tmax": 34.0, "day_of_year": 204, "uuid": "2084373c-bf7e-4379-a211-98be9794496a", "inat_id": 88498999}}, {"type": "Feature", "geometry": {"type": "Point", "coordinates": [-106.8073180298, 39.0893975093]}, "properties": {"species": "Boletus rubriceps", "date": "2021-07-24", "location": "White River National Forest, Aspen, CO, US", "elevation": 2987.0, "num_identification_agreements": 2, "tavg": null, "tmin": 13.9, "tmax": 26.7, "day_of_year": 205, "uuid": "77e2b291-69a1-4858-9f2a-1e4e49f6dfae", "inat_id": 88485549}}, {"type": "Feature", "geometry": {"type": "Point", "coordinates": [-105.8534730081, 39.7031688108]}, "properties": {"species": "Boletus rubriceps", "date": "2021-07-24", "location": "Arapaho & Roosevelt National Forests Pawnee National Grassland, Idaho Springs, CO, US", "elevation": 3156.0, "num_identification_agreements": 2, "tavg": null, "tmin": 11.0, "tmax": 16.0, "day_of_year": 205, "uuid": "8262cc77-c9fb-4803-b29a-96e510e75a17", "inat_id": 88477952}}, {"type": "Feature", "geometry": {"type": "Point", "coordinates": [-106.9422073364, 39.0027656555]}, "properties": {"species": "Boletus rubriceps", "date": "2021-07-23", "location": "Gunnison County, US-CO, US", "elevation": 3463.0, "num_identification_agreements": 4, "tavg": null, "tmin": 12.2, "tmax": 28.9, "day_of_year": 204, "uuid": "6a996bea-3451-45ab-b12f-702ddfe53ba9", "inat_id": 88470462}}, {"type": "Feature", "geometry": {"type": "Point", "coordinates": [-105.8198866667, 40.413095]}, "properties": {"species": "Boletus rubriceps", "date": "2021-07-24", "location": "Rocky Mountain National Park, Granby, CO, US", "elevation": 3255.0, "num_identification_agreements": 2, "tavg": null, "tmin": 11.0, "tmax": 25.3, "day_of_year": 205, "uuid": "7252cd71-43d0-4ec6-9e7f-7b0b5ceedf68", "inat_id": 88464913}}, {"type": "Feature", "geometry": {"type": "Point", "coordinates": [-105.7223673631, 39.875831455]}, "properties": {"species": "Boletus rubriceps", "date": "2021-07-24", "location": "Grand County, US-CO, US", "elevation": 2964.0, "num_identification_agreements": 1, "tavg": null, "tmin": 11.0, "tmax": 25.3, "day_of_year": 205, "uuid": "dcf17bbe-3cb4-4467-b971-cc60865b3b9b", "inat_id": 88442129}}, {"type": "Feature", "geometry": {"type": "Point", "coordinates": [-105.8675212228, 39.638856696]}, "properties": {"species": "Boletus rubriceps", "date": "2021-07-24", "location": "White River National Forest, Dillon, CO, US", "elevation": 3421.0, "num_identification_agreements": 2, "tavg": null, "tmin": 11.0, "tmax": 16.0, "day_of_year": 205, "uuid": "cc6fe505-1f90-4332-9ce2-16c576e94554", "inat_id": 88436959}}, {"type": "Feature", "geometry": {"type": "Point", "coordinates": [-105.372825, 39.5728333333]}, "properties": {"species": "Boletus rubriceps", "date": "2021-07-24", "location": "Arapaho & Roosevelt National Forests Pawnee National Grassland, Evergreen, CO, US", "elevation": 2485.0, "num_identification_agreements": 2, "tavg": null, "tmin": 20.0, "tmax": 30.0, "day_of_year": 205, "uuid": "df56989c-a5ca-48ba-bace-faef41aba368", "inat_id": 88425734}}, {"type": "Feature", "geometry": {"type": "Point", "coordinates": [-105.6466, 40.312905]}, "properties": {"species": "Boletus rubriceps", "date": "2021-07-23", "location": "Rocky Mountain National Park, Estes Park, CO, US", "elevation": 2905.0, "num_identification_agreements": 2, "tavg": null, "tmin": 11.8, "tmax": 25.1, "day_of_year": 204, "uuid": "67aa5a40-ce78-4366-92d6-3f0123431263", "inat_id": 88416562}}, {"type": "Feature", "geometry": {"type": "Point", "coordinates": [-105.6463166667, 40.31308]}, "properties": {"species": "Boletus rubriceps", "date": "2021-07-23", "location": "Rocky Mountain National Park, Estes Park, CO, US", "elevation": 2905.0, "num_identification_agreements": 2, "tavg": null, "tmin": 11.8, "tmax": 25.1, "day_of_year": 204, "uuid": "10c07f31-a0cf-4d5d-af7d-900418f0ed45", "inat_id": 88414524}}, {"type": "Feature", "geometry": {"type": "Point", "coordinates": [-107.8224277778, 37.4229888889]}, "properties": {"species": "Boletus rubriceps", "date": "2021-07-23", "location": "Durango, CO 81301, USA", "elevation": 2038.0, "num_identification_agreements": 2, "tavg": null, "tmin": 14.4, "tmax": 30.6, "day_of_year": 204, "uuid": "c93d81bf-d8bc-4e3e-9094-09c1431d6f4a", "inat_id": 88373226}}, {"type": "Feature", "geometry": {"type": "Point", "coordinates": [-105.5340944444, 40.0809333333]}, "properties": {"species": "Boletus rubriceps", "date": "2021-07-22", "location": "Boulder, Colorado, United States", "elevation": 3074.0, "num_identification_agreements": 2, "tavg": null, "tmin": 19.0, "tmax": 34.0, "day_of_year": 203, "uuid": "b89e3d0c-a6e7-4380-b6bc-f087b53851ac", "inat_id": 88331349}}, {"type": "Feature", "geometry": {"type": "Point", "coordinates": [-105.5219887213, 40.1423295062]}, "properties": {"species": "Boletus rubriceps", "date": "2021-07-23", "location": "Colorado, US", "elevation": 2844.0, "num_identification_agreements": 2, "tavg": null, "tmin": 21.0, "tmax": 34.0, "day_of_year": 204, "uuid": "233c9cf9-ba74-467d-bf5c-cbffd8db1a17", "inat_id": 88326376}}, {"type": "Feature", "geometry": {"type": "Point", "coordinates": [-106.7038633333, 39.1180638333]}, "properties": {"species": "Boletus rubriceps", "date": "2021-07-23", "location": "White River National Forest, Aspen, CO, US", "elevation": 2918.0, "num_identification_agreements": 2, "tavg": null, "tmin": 12.2, "tmax": 28.9, "day_of_year": 204, "uuid": "ede15df0-4900-41f1-a688-c17a080fa197", "inat_id": 88323850}}, {"type": "Feature", "geometry": {"type": "Point", "coordinates": [-105.6230166667, 40.5522883333]}, "properties": {"species": "Boletus rubriceps", "date": "2021-07-22", "location": "Arapaho & Roosevelt National Forests Pawnee National Grassland, Bellvue, CO, US", "elevation": 2972.0, "num_identification_agreements": 2, "tavg": null, "tmin": null, "tmax": null, "day_of_year": 203, "uuid": "11059a7f-0758-4066-b5aa-ace482387c37", "inat_id": 88319829}}, {"type": "Feature", "geometry": {"type": "Point", "coordinates": [-105.3737116667, 39.3190083333]}, "properties": {"species": "Boletus rubriceps", "date": "2021-07-22", "location": "Pike and San Isabel National Forests, Sedalia, CO, US", "elevation": 2454.0, "num_identification_agreements": 2, "tavg": null, "tmin": null, "tmax": null, "day_of_year": 203, "uuid": "1f65d2ef-1a05-441f-bcf2-cd298168393c", "inat_id": 88309048}}, {"type": "Feature", "geometry": {"type": "Point", "coordinates": [-105.6592333333, 40.291395]}, "properties": {"species": "Boletus rubriceps", "date": "2021-07-23", "location": "Rocky Mountain National Park, Estes Park, CO, US", "elevation": 3118.0, "num_identification_agreements": 2, "tavg": null, "tmin": 11.8, "tmax": 25.1, "day_of_year": 204, "uuid": "4515653d-1d74-4a93-85b3-00abbc8bfdfb", "inat_id": 88304356}}, {"type": "Feature", "geometry": {"type": "Point", "coordinates": [-105.5474305556, 40.0404416667]}, "properties": {"species": "Boletus rubriceps", "date": "2021-07-13", "location": "Nederland, CO 80466, USA", "elevation": 3062.0, "num_identification_agreements": 3, "tavg": null, "tmin": 20.0, "tmax": 26.0, "day_of_year": 194, "uuid": "e77ada21-b78f-46f0-bee7-d44d2faabc55", "inat_id": 88251333}}, {"type": "Feature", "geometry": {"type": "Point", "coordinates": [-106.5329647064, 35.8152205703]}, "properties": {"species": "Boletus rubriceps", "date": "2021-07-21", "location": "Jemez Springs, NM 87025, USA", "elevation": 2571.0, "num_identification_agreements": 1, "tavg": null, "tmin": 15.5, "tmax": 28.2, "day_of_year": 202, "uuid": "b5509c19-cf2c-4870-8550-bbfd5d370f25", "inat_id": 88195108}}, {"type": "Feature", "geometry": {"type": "Point", "coordinates": [-105.7750765473, 40.2271444025]}, "properties": {"species": "Boletus rubriceps", "date": "2021-07-22", "location": "Colorado, US", "elevation": 2896.0, "num_identification_agreements": 2, "tavg": null, "tmin": 8.9, "tmax": 26.6, "day_of_year": 203, "uuid": "d6094b17-396c-45e7-a19a-3bfa0c6c26fd", "inat_id": 88189183}}, {"type": "Feature", "geometry": {"type": "Point", "coordinates": [-105.3820620105, 39.496918284]}, "properties": {"species": "Boletus rubriceps", "date": "2021-07-21", "location": "Pine Junction Area, CO, USA", "elevation": 2511.0, "num_identification_agreements": 1, "tavg": null, "tmin": 17.2, "tmax": 31.7, "day_of_year": 202, "uuid": "6e3fa87c-6452-4594-90e3-e5d75c0107a5", "inat_id": 88049459}}, {"type": "Feature", "geometry": {"type": "Point", "coordinates": [-105.6294867396, 39.9600544634]}, "properties": {"species": "Boletus rubriceps", "date": "2021-07-21", "location": "Nederland, CO 80466, USA", "elevation": 2976.0, "num_identification_agreements": 1, "tavg": null, "tmin": 11.4, "tmax": 26.4, "day_of_year": 202, "uuid": "00b138c1-2ade-4b53-95f6-1f0515300a37", "inat_id": 88028049}}, {"type": "Feature", "geometry": {"type": "Point", "coordinates": [-105.5689103901, 40.1601511559]}, "properties": {"species": "Boletus rubriceps", "date": "2021-07-17", "location": "Allenspark, CO, USA", "elevation": 3372.0, "num_identification_agreements": 1, "tavg": null, "tmin": 6.7, "tmax": 25.9, "day_of_year": 198, "uuid": "0f3991c4-dacb-4544-835a-7ddda347a8d1", "inat_id": 88013163}}, {"type": "Feature", "geometry": {"type": "Point", "coordinates": [-105.4668654968, 40.4259622889]}, "properties": {"species": "Boletus rubriceps", "date": "2021-07-20", "location": "Arapaho & Roosevelt National Forests Pawnee National Grassland, Estes Park, CO, US", "elevation": 2444.0, "num_identification_agreements": 2, "tavg": null, "tmin": 13.9, "tmax": 36.7, "day_of_year": 201, "uuid": "ce4ec7da-9db1-4566-8665-7b1cf02fecf4", "inat_id": 87892430}}, {"type": "Feature", "geometry": {"type": "Point", "coordinates": [-105.5176866667, 40.497805]}, "properties": {"species": "Boletus rubriceps", "date": "2021-07-17", "location": "Rocky Mountain National Park, Bellvue, CO, US", "elevation": 2731.0, "num_identification_agreements": 2, "tavg": null, "tmin": 15.0, "tmax": 35.0, "day_of_year": 198, "uuid": "a54d69ef-6d98-4b93-9d15-045e3f3ce53f", "inat_id": 87817039}}, {"type": "Feature", "geometry": {"type": "Point", "coordinates": [-106.79603382, 35.839302652]}, "properties": {"species": "Boletus rubriceps", "date": "2021-07-19", "location": "Santa Fe National Forest, Jemez Springs, NM, US", "elevation": 2426.0, "num_identification_agreements": 1, "tavg": null, "tmin": 17.1, "tmax": 29.6, "day_of_year": 200, "uuid": "82ec9e89-a2cb-490e-a937-f0fad90a5561", "inat_id": 87794142}}, {"type": "Feature", "geometry": {"type": "Point", "coordinates": [-107.6396866667, 38.0420305]}, "properties": {"species": "Boletus rubriceps", "date": "2021-07-18", "location": "Grand Mesa National Forest, Ridgway, CO, US", "elevation": 3592.0, "num_identification_agreements": 2, "tavg": null, "tmin": 12.0, "tmax": 27.0, "day_of_year": 199, "uuid": "b59a535f-e267-40d3-bbaf-baa6cf362065", "inat_id": 87711057}}, {"type": "Feature", "geometry": {"type": "Point", "coordinates": [-105.5550466667, 40.7496]}, "properties": {"species": "Boletus rubriceps", "date": "2021-07-18", "location": "Arapaho & Roosevelt National Forests Pawnee National Grassland, Red Feather Lakes, CO, US", "elevation": 2426.0, "num_identification_agreements": 2, "tavg": null, "tmin": null, "tmax": null, "day_of_year": 199, "uuid": "76382e4b-3c48-4e47-9ad7-f558b69dd883", "inat_id": 87704997}}, {"type": "Feature", "geometry": {"type": "Point", "coordinates": [-105.5803698737, 40.0113664381]}, "properties": {"species": "Boletus rubriceps", "date": "2021-07-18", "location": "Arapaho & Roosevelt National Forests Pawnee National Grassland, Nederland, CO, US", "elevation": 3113.0, "num_identification_agreements": 1, "tavg": null, "tmin": 7.1, "tmax": 27.6, "day_of_year": 199, "uuid": "a131f7c5-1135-4e73-b279-c2eb0aad4350", "inat_id": 87642492}}, {"type": "Feature", "geometry": {"type": "Point", "coordinates": [-107.081348, 38.8722179722]}, "properties": {"species": "Boletus rubriceps", "date": "2021-07-13", "location": "Crested Butte, CO 81224, USA", "elevation": 3261.0, "num_identification_agreements": 2, "tavg": null, "tmin": 11.7, "tmax": 28.3, "day_of_year": 194, "uuid": "5184abbf-0a80-4d69-aaf6-60e2332e3c31", "inat_id": 87504578}}, {"type": "Feature", "geometry": {"type": "Point", "coordinates": [-107.7091143653, 37.7236045158]}, "properties": {"species": "Boletus rubriceps", "date": "2021-07-17", "location": "San Juan County, CO, USA", "elevation": 3331.0, "num_identification_agreements": 2, "tavg": null, "tmin": 15.0, "tmax": 22.0, "day_of_year": 198, "uuid": "4a6eb61d-bbc2-4516-a5a9-63141a344d4a", "inat_id": 87503835}}, {"type": "Feature", "geometry": {"type": "Point", "coordinates": [-105.6317583333, 39.961975]}, "properties": {"species": "Boletus rubriceps", "date": "2021-07-17", "location": "Arapaho & Roosevelt National Forests Pawnee National Grassland, Nederland, CO, US", "elevation": 2976.0, "num_identification_agreements": 1, "tavg": null, "tmin": 6.7, "tmax": 25.9, "day_of_year": 198, "uuid": "905562cc-6b64-46fc-8ef5-c5b206b7223d", "inat_id": 87491396}}, {"type": "Feature", "geometry": {"type": "Point", "coordinates": [-105.6239944444, 37.9919194444]}, "properties": {"species": "Boletus rubriceps", "date": "2021-07-17", "location": "Westcliffe, CO 81252, USA", "elevation": 3382.0, "num_identification_agreements": 2, "tavg": null, "tmin": 12.0, "tmax": 28.0, "day_of_year": 198, "uuid": "210d3b39-f733-4a7d-9fe4-ecbff1d2b54d", "inat_id": 87486375}}, {"type": "Feature", "geometry": {"type": "Point", "coordinates": [-105.3134605296, 40.4601720999]}, "properties": {"species": "Boletus rubriceps", "date": "2021-07-16", "location": "Arapaho & Roosevelt National Forests Pawnee National Grassland, Loveland, CO, US", "elevation": 2123.0, "num_identification_agreements": 2, "tavg": null, "tmin": 15.6, "tmax": 33.9, "day_of_year": 197, "uuid": "b6dc4655-c5dd-427c-862b-8f904a705f93", "inat_id": 87324599}}, {"type": "Feature", "geometry": {"type": "Point", "coordinates": [-106.6638565063, 40.4589157104]}, "properties": {"species": "Boletus rubriceps", "date": "2021-07-16", "location": "Routt County, US-CO, US", "elevation": 3069.0, "num_identification_agreements": 3, "tavg": null, "tmin": 8.0, "tmax": 27.1, "day_of_year": 197, "uuid": "4c1098aa-6fe0-4dc5-a164-2374b58160da", "inat_id": 87308045}}, {"type": "Feature", "geometry": {"type": "Point", "coordinates": [-107.45938833, 37.594745]}, "properties": {"species": "Boletus rubriceps", "date": "2021-07-08", "location": "San Juan National Forest, Pagosa Springs, CO, US", "elevation": 3294.0, "num_identification_agreements": 2, "tavg": null, "tmin": null, "tmax": null, "day_of_year": 189, "uuid": "749d20a5-6d4f-4886-8b35-7f94f713ea29", "inat_id": 87285993}}, {"type": "Feature", "geometry": {"type": "Point", "coordinates": [-107.43443333, 37.49856167]}, "properties": {"species": "Boletus rubriceps", "date": "2021-07-09", "location": "San Juan National Forest, Pagosa Springs, CO, US", "elevation": 2513.0, "num_identification_agreements": 2, "tavg": null, "tmin": 13.3, "tmax": 33.9, "day_of_year": 190, "uuid": "188a6ed1-d41c-4234-8684-1294998e68a6", "inat_id": 87285425}}, {"type": "Feature", "geometry": {"type": "Point", "coordinates": [-105.583755, 40.3445866667]}, "properties": {"species": "Boletus rubriceps", "date": "2021-07-16", "location": "Tuxedo Park - Ymca Camp, Estes Park, CO, US", "elevation": 2458.0, "num_identification_agreements": 3, "tavg": null, "tmin": 4.1, "tmax": 25.5, "day_of_year": 197, "uuid": "738db57e-cda3-49ed-90d7-d1d9f121e4ef", "inat_id": 87279675}}, {"type": "Feature", "geometry": {"type": "Point", "coordinates": [-105.5767005, 39.9794804]}, "properties": {"species": "Boletus rubriceps", "date": "2021-07-15", "location": "4596-4400, Caribou Rd, Nederland, CO 80466, USA", "elevation": 3053.0, "num_identification_agreements": 2, "tavg": null, "tmin": 13.0, "tmax": 28.0, "day_of_year": 196, "uuid": "d1ff23f1-8e7c-4652-a1a2-b929c775b799", "inat_id": 87204016}}, {"type": "Feature", "geometry": {"type": "Point", "coordinates": [-105.583695, 40.34482]}, "properties": {"species": "Boletus rubriceps", "date": "2021-07-14", "location": "Tuxedo Park - Ymca Camp, Estes Park, CO, US", "elevation": 2458.0, "num_identification_agreements": 2, "tavg": null, "tmin": 7.0, "tmax": 22.8, "day_of_year": 195, "uuid": "d6e8523e-d910-45d5-99b2-10f329e4073e", "inat_id": 87081566}}, {"type": "Feature", "geometry": {"type": "Point", "coordinates": [-105.622405, 40.3268083333]}, "properties": {"species": "Boletus rubriceps", "date": "2021-07-14", "location": "Rocky Mountain National Park, Estes Park, CO, US", "elevation": 2885.0, "num_identification_agreements": 2, "tavg": null, "tmin": 7.0, "tmax": 22.8, "day_of_year": 195, "uuid": "e8709172-a06c-498e-bb98-e31c3fa1268f", "inat_id": 87072957}}, {"type": "Feature", "geometry": {"type": "Point", "coordinates": [-105.59993, 40.1986466667]}, "properties": {"species": "Boletus rubriceps", "date": "2021-07-14", "location": "Rocky Mountain National Park, Ward, CO, US", "elevation": 2861.0, "num_identification_agreements": 2, "tavg": null, "tmin": 7.0, "tmax": 22.8, "day_of_year": 195, "uuid": "5b9076ff-ebe5-46b8-841b-755b473f2f0a", "inat_id": 87044805}}, {"type": "Feature", "geometry": {"type": "Point", "coordinates": [-106.3397922248, 41.5378806896]}, "properties": {"species": "Boletus rubriceps", "date": "2021-07-12", "location": "Carbon County, US-WY, US", "elevation": 2703.0, "num_identification_agreements": 1, "tavg": null, "tmin": 12.0, "tmax": 32.0, "day_of_year": 193, "uuid": "e3e1be02-9dd0-412a-a9e9-e6d4f834aeb3", "inat_id": 86850370}}, {"type": "Feature", "geometry": {"type": "Point", "coordinates": [-106.3392495717, 41.5375717614]}, "properties": {"species": "Boletus rubriceps", "date": "2021-07-12", "location": "Carbon County, US-WY, US", "elevation": 2709.0, "num_identification_agreements": 1, "tavg": null, "tmin": 12.0, "tmax": 32.0, "day_of_year": 193, "uuid": "e6490fa6-075a-4d6f-93e3-4d88c4c1f504", "inat_id": 86850313}}, {"type": "Feature", "geometry": {"type": "Point", "coordinates": [-106.3430885754, 41.5069207045]}, "properties": {"species": "Boletus rubriceps", "date": "2021-07-12", "location": "Carbon County, US-WY, US", "elevation": 2698.0, "num_identification_agreements": 1, "tavg": null, "tmin": 12.0, "tmax": 32.0, "day_of_year": 193, "uuid": "a424c67b-d465-4ba5-a743-32c004ab4ebd", "inat_id": 86850274}}, {"type": "Feature", "geometry": {"type": "Point", "coordinates": [-105.3851783333, 39.5642366667]}, "properties": {"species": "Boletus rubriceps", "date": "2021-07-11", "location": "Arapaho & Roosevelt National Forests Pawnee National Grassland, Conifer, CO, US", "elevation": 2615.0, "num_identification_agreements": 2, "tavg": null, "tmin": 17.0, "tmax": 30.0, "day_of_year": 192, "uuid": "2e571aa9-4e55-4424-b5d2-35328bb3c15c", "inat_id": 86628257}}, {"type": "Feature", "geometry": {"type": "Point", "coordinates": [-105.5161883333, 40.2438366667]}, "properties": {"species": "Boletus rubriceps", "date": "2021-07-07", "location": "Arapaho & Roosevelt National Forests Pawnee National Grassland, Allenspark, CO, US", "elevation": 2550.0, "num_identification_agreements": 2, "tavg": null, "tmin": 16.7, "tmax": 34.6, "day_of_year": 188, "uuid": "c25fb3e6-881c-4cfc-a376-d9ac633d6e2e", "inat_id": 86510420}}, {"type": "Feature", "geometry": {"type": "Point", "coordinates": [-106.3171388889, 39.3644611111]}, "properties": {"species": "Boletus rubriceps", "date": "2021-07-09", "location": "Eagle County, US-CO, US", "elevation": 3187.0, "num_identification_agreements": 2, "tavg": null, "tmin": 7.8, "tmax": 26.1, "day_of_year": 190, "uuid": "79ea4be8-a2ac-4cde-adde-90290cc7521e", "inat_id": 86325244}}, {"type": "Feature", "geometry": {"type": "Point", "coordinates": [-107.8276006132, 37.9245743945]}, "properties": {"species": "Boletus rubriceps", "date": "2021-07-07", "location": "Mountain Village, CO 81435, USA", "elevation": 3377.0, "num_identification_agreements": 1, "tavg": null, "tmin": 13.0, "tmax": 27.0, "day_of_year": 188, "uuid": "c7ee9ae4-9374-4fa7-8c46-fe54a1f5aac0", "inat_id": 86212167}}, {"type": "Feature", "geometry": {"type": "Point", "coordinates": [-105.7539966667, 40.2271633333]}, "properties": {"species": "Boletus rubriceps", "date": "2021-07-06", "location": "Rocky Mountain National Park, Granby, CO, US", "elevation": 2828.0, "num_identification_agreements": 2, "tavg": null, "tmin": 8.5, "tmax": 25.3, "day_of_year": 187, "uuid": "803bbbc4-4550-4f7a-86d7-1cde9f6b48f1", "inat_id": 86191466}}, {"type": "Feature", "geometry": {"type": "Point", "coordinates": [-105.6618027783, 40.4135277783]}, "properties": {"species": "Boletus rubriceps", "date": "2021-07-07", "location": "Larimer County, CO, USA", "elevation": 2644.0, "num_identification_agreements": 2, "tavg": null, "tmin": 6.2, "tmax": 27.7, "day_of_year": 188, "uuid": "5ba8ea3b-6cdd-4253-b00a-4036de55aa37", "inat_id": 86114046}}, {"type": "Feature", "geometry": {"type": "Point", "coordinates": [-108.1192245, 39.0748153]}, "properties": {"species": "Boletus rubriceps", "date": "2021-07-04", "location": "Mesa County, US-CO, US", "elevation": 2537.0, "num_identification_agreements": 2, "tavg": null, "tmin": 19.6, "tmax": 38.5, "day_of_year": 185, "uuid": "f7e70faf-769e-42f8-b1c0-7ea6b211cd5d", "inat_id": 85726129}}, {"type": "Feature", "geometry": {"type": "Point", "coordinates": [-107.0318401944, 38.97037175]}, "properties": {"species": "Boletus rubriceps", "date": "2021-07-01", "location": "Crested Butte, CO 81224, USA", "elevation": 3458.0, "num_identification_agreements": 2, "tavg": null, "tmin": 10.6, "tmax": 22.2, "day_of_year": 182, "uuid": "602d1273-8ddb-4962-9c0c-faa38e0731df", "inat_id": 85725350}}, {"type": "Feature", "geometry": {"type": "Point", "coordinates": [-107.1753554419, 37.571533019]}, "properties": {"species": "Boletus rubriceps", "date": "2021-07-03", "location": "Hinsdale County, CO, USA", "elevation": 2744.0, "num_identification_agreements": 2, "tavg": null, "tmin": 6.0, "tmax": 16.0, "day_of_year": 184, "uuid": "0c3a14ae-c937-4cf3-9e6d-08b4b9d38829", "inat_id": 85709718}}, {"type": "Feature", "geometry": {"type": "Point", "coordinates": [-103.5302116667, 43.858305]}, "properties": {"species": "Boletus rubriceps", "date": "2021-06-29", "location": "Black Hills National Forest, Keystone, SD, US", "elevation": 2028.0, "num_identification_agreements": 1, "tavg": null, "tmin": 7.2, "tmax": 23.3, "day_of_year": 180, "uuid": "8d06ac99-381a-4340-a523-dfbc2d5c527f", "inat_id": 85083231}}, {"type": "Feature", "geometry": {"type": "Point", "coordinates": [-105.523, 39.6707]}, "properties": {"species": "Boletus rubriceps", "date": "2012-08-11", "location": "Chief Mountain Trail, Clear Creek Co., Colorado, USA", "elevation": 3327.0, "num_identification_agreements": 1, "tavg": null, "tmin": 19.0, "tmax": 31.0, "day_of_year": 224, "uuid": "5a2a9bce-cc37-4675-a928-604e6de0492a", "inat_id": 76413008}}, {"type": "Feature", "geometry": {"type": "Point", "coordinates": [-105.6904223863, 40.3104631166]}, "properties": {"species": "Boletus rubriceps", "date": "2017-08-15", "location": "Larimer County, CO, USA", "elevation": 3712.0, "num_identification_agreements": 2, "tavg": null, "tmin": null, "tmax": null, "day_of_year": 227, "uuid": "fd8d8c3d-b7c5-4416-86c7-2abaf4fb9b1b", "inat_id": 69332334}}, {"type": "Feature", "geometry": {"type": "Point", "coordinates": [-105.5083316, 40.0722083]}, "properties": {"species": "Boletus rubriceps", "date": "2019-08-11", "location": "Ward, CO, USA", "elevation": 2781.0, "num_identification_agreements": 2, "tavg": null, "tmin": 18.0, "tmax": 28.2, "day_of_year": 223, "uuid": "6175d058-c4b4-4ae4-896e-4cbee88090a5", "inat_id": 66543753}}, {"type": "Feature", "geometry": {"type": "Point", "coordinates": [-105.5108312, 39.9613759]}, "properties": {"species": "Boletus rubriceps", "date": "2020-08-18", "location": "Nederland, CO 80466, USA", "elevation": 2518.0, "num_identification_agreements": 1, "tavg": null, "tmin": null, "tmax": null, "day_of_year": 231, "uuid": "e4d5c860-4442-4f32-a0d6-6bf79c00b8b6", "inat_id": 65363585}}, {"type": "Feature", "geometry": {"type": "Point", "coordinates": [-105.3805373382, 40.6365690627]}, "properties": {"species": "Boletus rubriceps", "date": "2007-09-01", "location": "Arapaho & Roosevelt National Forests Pawnee National Grassland, Bellvue, CO, US", "elevation": 2336.0, "num_identification_agreements": 2, "tavg": null, "tmin": 16.0, "tmax": 31.0, "day_of_year": 244, "uuid": "0a84ae2f-807b-4918-bed7-62918e874791", "inat_id": 59727898}}, {"type": "Feature", "geometry": {"type": "Point", "coordinates": [-105.6476241103, 39.833205778]}, "properties": {"species": "Boletus rubriceps", "date": "2020-07-27", "location": "Arapaho & Roosevelt National Forests Pawnee National Grassland, Idaho Springs, CO, US", "elevation": 3277.0, "num_identification_agreements": 2, "tavg": null, "tmin": 15.0, "tmax": 31.0, "day_of_year": 209, "uuid": "a896a6f9-438e-4fea-a4fb-fa236bd1c41f", "inat_id": 58926925}}, {"type": "Feature", "geometry": {"type": "Point", "coordinates": [-105.2058703826, 38.0483072531]}, "properties": {"species": "Boletus rubriceps", "date": "2020-08-29", "location": "Custer County, US-CO, US", "elevation": 3402.0, "num_identification_agreements": 2, "tavg": null, "tmin": null, "tmax": null, "day_of_year": 242, "uuid": "38548c93-f342-4560-847d-ecb7141a4f4f", "inat_id": 57987777}}, {"type": "Feature", "geometry": {"type": "Point", "coordinates": [-106.05204717, 39.434995]}, "properties": {"species": "Boletus rubriceps", "date": "2020-08-11", "location": "White River National Forest, Breckenridge, CO, US", "elevation": 3184.0, "num_identification_agreements": 2, "tavg": null, "tmin": 3.3, "tmax": 22.8, "day_of_year": 224, "uuid": "f1ee1fe9-b7df-4884-95d6-5f4e9b5c6810", "inat_id": 56388007}}, {"type": "Feature", "geometry": {"type": "Point", "coordinates": [-106.18865333, 39.55556167]}, "properties": {"species": "Boletus rubriceps", "date": "2020-08-04", "location": "White River National Forest, Silverthorne, CO, US", "elevation": 3511.0, "num_identification_agreements": 3, "tavg": null, "tmin": 14.0, "tmax": 20.0, "day_of_year": 217, "uuid": "3696c711-64fd-4607-94c0-6c08629d20a6", "inat_id": 55498410}}, {"type": "Feature", "geometry": {"type": "Point", "coordinates": [-106.4362970768, 39.1845009613]}, "properties": {"species": "Boletus rubriceps", "date": "2020-08-01", "location": "Pike and San Isabel National Forests, Twin Lakes, CO, US", "elevation": 3560.0, "num_identification_agreements": 2, "tavg": null, "tmin": 2.8, "tmax": 23.3, "day_of_year": 214, "uuid": "e09abfe8-909e-46fb-a53b-b9e5b1c12750", "inat_id": 55334760}}, {"type": "Feature", "geometry": {"type": "Point", "coordinates": [-105.80782824, 39.48423368]}, "properties": {"species": "Boletus rubriceps", "date": "2020-07-30", "location": "Park County, US-CO, US", "elevation": 3036.0, "num_identification_agreements": 2, "tavg": null, "tmin": null, "tmax": null, "day_of_year": 212, "uuid": "3810d995-8ed7-4cce-a3d6-fc35d0b9fad8", "inat_id": 54888716}}, {"type": "Feature", "geometry": {"type": "Point", "coordinates": [-107.8223985652, 37.9529696841]}, "properties": {"species": "Boletus rubriceps", "date": "2019-08-15", "location": "Colorado, US", "elevation": 3179.0, "num_identification_agreements": 4, "tavg": null, "tmin": 11.0, "tmax": 25.0, "day_of_year": 227, "uuid": "53e5b334-521b-4d20-bb40-cf70b336ad8b", "inat_id": 54303743}}, {"type": "Feature", "geometry": {"type": "Point", "coordinates": [-106.3390967853, 38.8300363754]}, "properties": {"species": "Boletus rubriceps", "date": "2013-08-11", "location": "Chaffee County, CO, USA", "elevation": 3288.0, "num_identification_agreements": 3, "tavg": null, "tmin": null, "tmax": null, "day_of_year": 223, "uuid": "555e9944-08c5-4716-b9c1-576c9b484f68", "inat_id": 54025464}}, {"type": "Feature", "geometry": {"type": "Point", "coordinates": [-106.4061928041, 40.3944536294]}, "properties": {"species": "Boletus rubriceps", "date": "2019-07-17", "location": "Jackson County, CO, USA", "elevation": 2845.0, "num_identification_agreements": 1, "tavg": null, "tmin": 8.6, "tmax": 29.5, "day_of_year": 198, "uuid": "84719499-b248-4ee1-a3ed-98f56a0e7bba", "inat_id": 53788253}}, {"type": "Feature", "geometry": {"type": "Point", "coordinates": [-106.2302607322, 41.3957944348]}, "properties": {"species": "Boletus rubriceps", "date": "2014-08-14", "location": "Carbon County, WY, USA", "elevation": 3245.0, "num_identification_agreements": 1, "tavg": null, "tmin": null, "tmax": null, "day_of_year": 226, "uuid": "c55b46b7-a2d8-4d8f-97a3-63536e8d10f4", "inat_id": 53783905}}, {"type": "Feature", "geometry": {"type": "Point", "coordinates": [-106.2174939956, 41.3483350216]}, "properties": {"species": "Boletus rubriceps", "date": "2020-07-19", "location": "Green Rock", "elevation": 3002.0, "num_identification_agreements": 1, "tavg": null, "tmin": null, "tmax": null, "day_of_year": 201, "uuid": "b58f1674-8f10-4bfe-8ecb-7947da98cd41", "inat_id": 53693756}}, {"type": "Feature", "geometry": {"type": "Point", "coordinates": [-106.07476117, 39.43766333]}, "properties": {"species": "Boletus rubriceps", "date": "2020-07-17", "location": "White River National Forest, Breckenridge, CO, US", "elevation": 3480.0, "num_identification_agreements": 2, "tavg": null, "tmin": 2.2, "tmax": 20.6, "day_of_year": 199, "uuid": "af0cabf7-e530-4f9e-9690-f4c8541ca0d4", "inat_id": 53529559}}, {"type": "Feature", "geometry": {"type": "Point", "coordinates": [-106.0748055, 39.43765333]}, "properties": {"species": "Boletus rubriceps", "date": "2020-07-15", "location": "White River National Forest, Breckenridge, CO, US", "elevation": 3480.0, "num_identification_agreements": 2, "tavg": null, "tmin": 4.4, "tmax": 22.8, "day_of_year": 197, "uuid": "e95b1e99-f5fd-4c88-80b5-cc5818efb82a", "inat_id": 53263570}}, {"type": "Feature", "geometry": {"type": "Point", "coordinates": [-107.6182166667, 38.0685]}, "properties": {"species": "Boletus rubriceps", "date": "2019-08-25", "location": "Grand Mesa National Forest, Ridgway, CO, US", "elevation": 3517.0, "num_identification_agreements": 3, "tavg": null, "tmin": 10.0, "tmax": 26.0, "day_of_year": 237, "uuid": "480e97c1-4143-4d58-be31-513cb0790d5f", "inat_id": 47551759}}, {"type": "Feature", "geometry": {"type": "Point", "coordinates": [-105.2705456, 40.0149856]}, "properties": {"species": "Boletus rubriceps", "date": "2006-08-12", "location": "Boulder, CO, USA", "elevation": 1628.0, "num_identification_agreements": 2, "tavg": null, "tmin": null, "tmax": null, "day_of_year": 224, "uuid": "adb6af76-35dc-4f7d-864e-75097799f9ea", "inat_id": 39264171}}, {"type": "Feature", "geometry": {"type": "Point", "coordinates": [-105.5961216667, 40.1972616667]}, "properties": {"species": "Boletus rubriceps", "date": "2019-07-07", "location": "Rocky Mountain National Park, Ward, CO, US", "elevation": 2838.0, "num_identification_agreements": 3, "tavg": null, "tmin": null, "tmax": null, "day_of_year": 188, "uuid": "945f214f-8751-490f-ae34-fcc2318d8575", "inat_id": 39260764}}, {"type": "Feature", "geometry": {"type": "Point", "coordinates": [-106.778379501, 37.4762214016]}, "properties": {"species": "Boletus rubriceps", "date": "2010-09-01", "location": "Mineral County, CO, USA", "elevation": 3175.0, "num_identification_agreements": 1, "tavg": null, "tmin": null, "tmax": null, "day_of_year": 244, "uuid": "03e2684d-9708-45ef-a940-499c97c10b0e", "inat_id": 34338378}}, {"type": "Feature", "geometry": {"type": "Point", "coordinates": [-105.8525499722, 40.407476]}, "properties": {"species": "Boletus rubriceps", "date": "2019-07-25", "location": "Grand County, CO, USA", "elevation": 2782.0, "num_identification_agreements": 2, "tavg": null, "tmin": null, "tmax": null, "day_of_year": 206, "uuid": "df388e72-47cc-4a4d-b2f1-998319dceb9f", "inat_id": 33875543}}, {"type": "Feature", "geometry": {"type": "Point", "coordinates": [-105.5986416667, 40.3223716667]}, "properties": {"species": "Boletus rubriceps", "date": "2019-07-18", "location": "Rocky Mountain National Park, Estes Park, CO, US", "elevation": 2647.0, "num_identification_agreements": 3, "tavg": null, "tmin": null, "tmax": null, "day_of_year": 199, "uuid": "f638c091-5f88-45b3-af90-3d9b9dbce9ed", "inat_id": 33672418}}, {"type": "Feature", "geometry": {"type": "Point", "coordinates": [-105.672455, 36.0441333333]}, "properties": {"species": "Boletus rubriceps", "date": "2019-07-27", "location": "Carson National Forest, Truchas, NM, US", "elevation": 2766.0, "num_identification_agreements": 3, "tavg": null, "tmin": null, "tmax": null, "day_of_year": 208, "uuid": "ec11420d-8754-4be9-b5be-6650957aa665", "inat_id": 33370663}}, {"type": "Feature", "geometry": {"type": "Point", "coordinates": [-105.4445266724, 39.8715705872]}, "properties": {"species": "Boletus rubriceps", "date": "2019-08-02", "location": "Black Hawk, CO 80422, USA", "elevation": 2801.0, "num_identification_agreements": 2, "tavg": null, "tmin": 16.5, "tmax": 33.1, "day_of_year": 214, "uuid": "d0229652-b5bb-4bb2-9cfb-369dd3263a44", "inat_id": 32068405}}, {"type": "Feature", "geometry": {"type": "Point", "coordinates": [-106.1769140326, 39.6980174678]}, "properties": {"species": "Boletus rubriceps", "date": "2019-08-20", "location": "Summit County, US-CO, US", "elevation": 2924.0, "num_identification_agreements": 2, "tavg": null, "tmin": null, "tmax": null, "day_of_year": 232, "uuid": "3ffea712-747d-4f12-b322-7ec3d030292f", "inat_id": 31855040}}, {"type": "Feature", "geometry": {"type": "Point", "coordinates": [-104.93383548, 40.47934115]}, "properties": {"species": "Boletus rubriceps", "date": "2019-08-29", "location": "Windsor, CO 80550, USA", "elevation": 1462.0, "num_identification_agreements": 2, "tavg": null, "tmin": 12.8, "tmax": 33.3, "day_of_year": 241, "uuid": "2dec3ed1-b6fa-4ed9-8711-7ccf90592013", "inat_id": 31818695}}, {"type": "Feature", "geometry": {"type": "Point", "coordinates": [-105.653795, 40.4318666667]}, "properties": {"species": "Boletus rubriceps", "date": "2019-08-22", "location": "Rocky Mountain, Rocky Mountain National Park, Rocky Mountain National Park, Larimer County, US-CO, US", "elevation": 3183.0, "num_identification_agreements": 1, "tavg": null, "tmin": 3.9, "tmax": 27.2, "day_of_year": 234, "uuid": "fd913416-d6a9-4c53-8a23-01e03d1bb3ac", "inat_id": 31497514}}, {"type": "Feature", "geometry": {"type": "Point", "coordinates": [-105.10737395, 38.8494602]}, "properties": {"species": "Boletus rubriceps", "date": "2019-08-24", "location": "Teller County, US-CO, US", "elevation": 3407.0, "num_identification_agreements": 2, "tavg": null, "tmin": 11.1, "tmax": 27.6, "day_of_year": 236, "uuid": "f93c527d-1cf6-48e3-976c-f4474430f8ed", "inat_id": 31443540}}, {"type": "Feature", "geometry": {"type": "Point", "coordinates": [-105.430855, 36.558555]}, "properties": {"species": "Boletus rubriceps", "date": "2019-08-19", "location": "Taos", "elevation": 3423.0, "num_identification_agreements": 2, "tavg": null, "tmin": 3.2, "tmax": 25.1, "day_of_year": 231, "uuid": "87d4a5fa-af0b-461c-a857-19a839fa7fff", "inat_id": 31381159}}, {"type": "Feature", "geometry": {"type": "Point", "coordinates": [-108.3307283333, 38.4044383333]}, "properties": {"species": "Boletus rubriceps", "date": "2019-08-10", "location": "Uncompahgre National Forest, Nucla, CO, US", "elevation": 2852.0, "num_identification_agreements": 3, "tavg": null, "tmin": 15.0, "tmax": 31.0, "day_of_year": 222, "uuid": "dba781f6-3f12-444b-9df2-89af6d768b83", "inat_id": 31307144}}, {"type": "Feature", "geometry": {"type": "Point", "coordinates": [-106.9281530008, 37.4508126479]}, "properties": {"species": "Boletus rubriceps", "date": "2019-08-18", "location": "Mineral County, CO, USA", "elevation": 2709.0, "num_identification_agreements": 4, "tavg": null, "tmin": null, "tmax": null, "day_of_year": 230, "uuid": "b4f6b02c-635e-4ad6-927e-8e137160bab7", "inat_id": 31258019}}, {"type": "Feature", "geometry": {"type": "Point", "coordinates": [-105.5291442871, 37.9302864075]}, "properties": {"species": "Boletus rubriceps", "date": "2019-08-19", "location": "Westcliffe, CO 81252, USA", "elevation": 3504.0, "num_identification_agreements": 1, "tavg": null, "tmin": null, "tmax": null, "day_of_year": 231, "uuid": "6c8d14b1-3b86-43cd-b217-444097c0f656", "inat_id": 31230547}}, {"type": "Feature", "geometry": {"type": "Point", "coordinates": [-105.8499145508, 40.4084739685]}, "properties": {"species": "Boletus rubriceps", "date": "2019-08-18", "location": "Grand Lake, CO 80447, USA", "elevation": 2776.0, "num_identification_agreements": 2, "tavg": null, "tmin": 2.2, "tmax": 27.9, "day_of_year": 230, "uuid": "75ce5ce6-1808-468e-abe3-248751aeea38", "inat_id": 31077692}}, {"type": "Feature", "geometry": {"type": "Point", "coordinates": [-107.9117133333, 37.815455]}, "properties": {"species": "Boletus rubriceps", "date": "2019-08-15", "location": "Lizard Head Pass, Telluride, CO, US", "elevation": 3247.0, "num_identification_agreements": 1, "tavg": null, "tmin": 11.0, "tmax": 25.0, "day_of_year": 227, "uuid": "905630f9-bdb3-4dfa-9787-4c96488f45d9", "inat_id": 30910607}}, {"type": "Feature", "geometry": {"type": "Point", "coordinates": [-106.5154782653, 35.8212568]}, "properties": {"species": "Boletus rubriceps", "date": "2019-08-14", "location": "Sandoval County, NM, USA", "elevation": 2596.0, "num_identification_agreements": 1, "tavg": null, "tmin": 18.0, "tmax": 23.1, "day_of_year": 226, "uuid": "84e9d444-50f0-44a6-a8f8-814b9dd3c571", "inat_id": 30896960}}, {"type": "Feature", "geometry": {"type": "Point", "coordinates": [-107.6384477541, 39.0818367354]}, "properties": {"species": "Boletus rubriceps", "date": "2019-08-11", "location": "Delta County, CO, USA", "elevation": 3047.0, "num_identification_agreements": 2, "tavg": null, "tmin": 21.5, "tmax": 30.0, "day_of_year": 223, "uuid": "3fe5508a-c9e7-4742-85c4-a57d5a3a82c8", "inat_id": 30693180}}, {"type": "Feature", "geometry": {"type": "Point", "coordinates": [-105.51757, 36.6128383333]}, "properties": {"species": "Boletus rubriceps", "date": "2019-08-11", "location": "Carson National Forest, Taos, NM, US", "elevation": 3344.0, "num_identification_agreements": 1, "tavg": null, "tmin": null, "tmax": null, "day_of_year": 223, "uuid": "ed456536-a95d-430d-81dd-70cfd4d3c9d3", "inat_id": 30660053}}, {"type": "Feature", "geometry": {"type": "Point", "coordinates": [-105.7946014404, 40.5041236877]}, "properties": {"species": "Boletus rubriceps", "date": "2019-08-11", "location": "Bellvue, CO 80512, USA", "elevation": 3159.0, "num_identification_agreements": 1, "tavg": null, "tmin": null, "tmax": null, "day_of_year": 223, "uuid": "4fbf65d6-5ed6-45b7-b956-0dfd1c5a8c88", "inat_id": 30657601}}, {"type": "Feature", "geometry": {"type": "Point", "coordinates": [-105.715877004, 35.8502682652]}, "properties": {"species": "Boletus rubriceps", "date": "2019-08-11", "location": "Tererro, NM 87573, USA", "elevation": 3155.0, "num_identification_agreements": 2, "tavg": null, "tmin": 15.0, "tmax": 27.8, "day_of_year": 223, "uuid": "b5feeb50-e96f-492d-8d5f-9dd6c0680c4c", "inat_id": 30655419}}, {"type": "Feature", "geometry": {"type": "Point", "coordinates": [-105.6613166667, 40.3218283333]}, "properties": {"species": "Boletus rubriceps", "date": "2019-08-08", "location": "Rocky Mountain National Park, Estes Park, CO, US", "elevation": 3118.0, "num_identification_agreements": 2, "tavg": null, "tmin": 18.7, "tmax": 28.9, "day_of_year": 220, "uuid": "ef81cb33-80f7-426e-ac3b-c333fe05c211", "inat_id": 30613642}}, {"type": "Feature", "geometry": {"type": "Point", "coordinates": [-107.9681466667, 39.0456471667]}, "properties": {"species": "Boletus rubriceps", "date": "2019-08-08", "location": "Grand Mesa National Forest, Cedaredge, CO, US", "elevation": 3116.0, "num_identification_agreements": 2, "tavg": null, "tmin": 16.6, "tmax": 33.6, "day_of_year": 220, "uuid": "2f3a0fa0-0f1f-4741-b010-ba309be655b5", "inat_id": 30447887}}, {"type": "Feature", "geometry": {"type": "Point", "coordinates": [-105.60353, 39.3476783333]}, "properties": {"species": "Boletus rubriceps", "date": "2019-08-02", "location": "Pike National Forest, Lake George, CO, US", "elevation": 3340.0, "num_identification_agreements": 2, "tavg": null, "tmin": null, "tmax": null, "day_of_year": 214, "uuid": "8424c5b2-f57b-4ed6-992a-8c75f486d6ac", "inat_id": 30424059}}, {"type": "Feature", "geometry": {"type": "Point", "coordinates": [-108.1100593507, 37.4863048529]}, "properties": {"species": "Boletus rubriceps", "date": "2019-08-06", "location": "Colorado, US", "elevation": 3488.0, "num_identification_agreements": 3, "tavg": null, "tmin": 14.4, "tmax": 31.7, "day_of_year": 218, "uuid": "ec2b4935-fd44-4509-919b-6bcea8baed7c", "inat_id": 30367067}}, {"type": "Feature", "geometry": {"type": "Point", "coordinates": [-106.6106791324, 37.4820362576]}, "properties": {"species": "Boletus rubriceps", "date": "2019-08-05", "location": "Rio Grande National Forest, South Fork, CO, US", "elevation": 3368.0, "num_identification_agreements": 2, "tavg": null, "tmin": null, "tmax": null, "day_of_year": 217, "uuid": "0847711d-58ad-4907-9778-c25418924fd6", "inat_id": 30283284}}, {"type": "Feature", "geometry": {"type": "Point", "coordinates": [-105.5449831774, 35.8279634784]}, "properties": {"species": "Boletus rubriceps", "date": "2019-08-04", "location": "Santa Fe National Forest, Las Vegas, NM, US", "elevation": 3278.0, "num_identification_agreements": 1, "tavg": null, "tmin": 13.9, "tmax": 26.7, "day_of_year": 216, "uuid": "8f2b4535-53dd-4a9f-aeb9-a581dd3dcaee", "inat_id": 30199036}}, {"type": "Feature", "geometry": {"type": "Point", "coordinates": [-105.7809178904, 35.8114557832]}, "properties": {"species": "Boletus rubriceps", "date": "2019-08-03", "location": "Nambe, NM 87506, USA", "elevation": 3217.0, "num_identification_agreements": 2, "tavg": null, "tmin": 16.7, "tmax": 31.7, "day_of_year": 215, "uuid": "6fa24161-5c04-4e56-b4f6-5df28c097b41", "inat_id": 30130964}}, {"type": "Feature", "geometry": {"type": "Point", "coordinates": [-105.719020759, 40.3456328468]}, "properties": {"species": "Boletus rubriceps", "date": "2019-07-31", "location": "Rocky Mountain National Park, Estes Park, CO, US", "elevation": 3378.0, "num_identification_agreements": 2, "tavg": null, "tmin": null, "tmax": null, "day_of_year": 212, "uuid": "369c0fa4-6eff-4526-97de-8c702075eaa4", "inat_id": 29962091}}, {"type": "Feature", "geometry": {"type": "Point", "coordinates": [-106.1102916667, 39.2555716667]}, "properties": {"species": "Boletus rubriceps", "date": "2019-07-30", "location": "Pike National Forest, Hartsel, CO, US", "elevation": 3521.0, "num_identification_agreements": 2, "tavg": null, "tmin": 3.3, "tmax": 23.9, "day_of_year": 211, "uuid": "1bb953d5-46b4-4601-a81b-7e299c03665e", "inat_id": 29957903}}, {"type": "Feature", "geometry": {"type": "Point", "coordinates": [-105.1048805, 38.87787]}, "properties": {"species": "Boletus rubriceps", "date": "2019-07-25", "location": "Pike National Forest, Woodland Park, CO, US", "elevation": 3185.0, "num_identification_agreements": 2, "tavg": null, "tmin": 14.0, "tmax": 27.3, "day_of_year": 206, "uuid": "dcac0940-8b2f-4ddc-8cef-d8d78a4c942f", "inat_id": 29724078}}, {"type": "Feature", "geometry": {"type": "Point", "coordinates": [-105.6634427194, 39.8354459527]}, "properties": {"species": "Boletus rubriceps", "date": "2019-07-22", "location": "Colorado, US", "elevation": 3514.0, "num_identification_agreements": 1, "tavg": null, "tmin": null, "tmax": null, "day_of_year": 203, "uuid": "82f61838-ba06-497d-9cd8-8dcf56c036ef", "inat_id": 29663965}}, {"type": "Feature", "geometry": {"type": "Point", "coordinates": [-105.6655030616, 39.9719555133]}, "properties": {"species": "Boletus rubriceps", "date": "2019-07-22", "location": "Colorado, US", "elevation": 3238.0, "num_identification_agreements": 2, "tavg": null, "tmin": null, "tmax": null, "day_of_year": 203, "uuid": "3e173c98-105b-4f02-92be-a181eccd1620", "inat_id": 29663945}}, {"type": "Feature", "geometry": {"type": "Point", "coordinates": [-105.6976743341, 39.8009762393]}, "properties": {"species": "Boletus rubriceps", "date": "2019-07-22", "location": "Colorado, US", "elevation": 3347.0, "num_identification_agreements": 1, "tavg": null, "tmin": null, "tmax": null, "day_of_year": 203, "uuid": "e5c2a8df-3604-40fe-900f-bbcecad5c2c4", "inat_id": 29663552}}, {"type": "Feature", "geometry": {"type": "Point", "coordinates": [-106.9555544481, 40.8050238391]}, "properties": {"species": "Boletus rubriceps", "date": "2019-07-16", "location": "Steamboat Lake State Park", "elevation": 2464.0, "num_identification_agreements": 2, "tavg": null, "tmin": 9.6, "tmax": 29.8, "day_of_year": 197, "uuid": "8fa4eebf-d4c3-4064-960a-36a0f37eff2b", "inat_id": 28979638}}, {"type": "Feature", "geometry": {"type": "Point", "coordinates": [-105.4961692169, 40.0104165831]}, "properties": {"species": "Boletus rubriceps", "date": "2019-07-13", "location": "Boulder, CO 80302, USA", "elevation": 2693.0, "num_identification_agreements": 1, "tavg": null, "tmin": 15.0, "tmax": 33.5, "day_of_year": 194, "uuid": "1d032485-8ced-45e5-8bba-12e7aad19c81", "inat_id": 28956926}}, {"type": "Feature", "geometry": {"type": "Point", "coordinates": [-106.95266377, 40.80866321]}, "properties": {"species": "Boletus rubriceps", "date": "2019-07-10", "location": "Steamboat Lake State Park", "elevation": 2460.0, "num_identification_agreements": 1, "tavg": null, "tmin": 6.6, "tmax": 27.6, "day_of_year": 191, "uuid": "93bbaa41-2e37-4f35-afa6-3120479842e6", "inat_id": 28579325}}, {"type": "Feature", "geometry": {"type": "Point", "coordinates": [-105.7231666667, 39.8903333333]}, "properties": {"species": "Boletus rubriceps", "date": "2013-09-21", "location": "Grand, Colorado, United States", "elevation": 3229.0, "num_identification_agreements": 4, "tavg": null, "tmin": 9.0, "tmax": 26.0, "day_of_year": 264, "uuid": "e17a93ac-8948-452c-a599-a36cdedab9b7", "inat_id": 21274974}}, {"type": "Feature", "geometry": {"type": "Point", "coordinates": [-105.7769166667, 35.80115]}, "properties": {"species": "Boletus rubriceps", "date": "2018-08-12", "location": "Santa Fe National Forest, Santa Fe, NM, US", "elevation": 3484.0, "num_identification_agreements": 4, "tavg": null, "tmin": 10.0, "tmax": 27.2, "day_of_year": 224, "uuid": "19951bb6-7e17-4f89-9c2c-cdc8ff9c44a7", "inat_id": 15661083}}, {"type": "Feature", "geometry": {"type": "Point", "coordinates": [-105.5343166667, 40.0853221667]}, "properties": {"species": "Boletus rubriceps", "date": "2018-08-11", "location": "80481, Ward, CO, US", "elevation": 3044.0, "num_identification_agreements": 3, "tavg": null, "tmin": 16.0, "tmax": 32.0, "day_of_year": 223, "uuid": "dd3847e0-3605-4015-b345-c769b7c1f816", "inat_id": 15383388}}, {"type": "Feature", "geometry": {"type": "Point", "coordinates": [-105.5217666667, 40.1090888333]}, "properties": {"species": "Boletus rubriceps", "date": "2018-08-04", "location": "2174\u20132334 County Road 96J, Ward, CO, US", "elevation": 2821.0, "num_identification_agreements": 2, "tavg": null, "tmin": 22.0, "tmax": 33.0, "day_of_year": 216, "uuid": "b5f3af05-e598-44fc-ab7e-35bdfe19b555", "inat_id": 15310026}}, {"type": "Feature", "geometry": {"type": "Point", "coordinates": [-105.27127, 40.0251278333]}, "properties": {"species": "Boletus rubriceps", "date": "2018-08-08", "location": "2003 Mesa Dr, Boulder, CO, US", "elevation": 1639.0, "num_identification_agreements": 2, "tavg": null, "tmin": 15.0, "tmax": 28.0, "day_of_year": 220, "uuid": "8cb2d400-fa2a-4df5-a4cf-b097d191d092", "inat_id": 15282416}}, {"type": "Feature", "geometry": {"type": "Point", "coordinates": [-105.5421798304, 40.4300327364]}, "properties": {"species": "Boletus rubriceps", "date": "2018-07-30", "location": "Bridal Veil Falls Trail, Estes Park, CO 80517, USA", "elevation": 2572.0, "num_identification_agreements": 2, "tavg": null, "tmin": 13.1, "tmax": 27.7, "day_of_year": 211, "uuid": "73b576f8-e32b-4361-a62e-bd4cfc8812d1", "inat_id": 15205165}}, {"type": "Feature", "geometry": {"type": "Point", "coordinates": [-106.72118608, 39.11941429]}, "properties": {"species": "Boletus rubriceps", "date": "2018-08-02", "location": "Pitkin County, US-CO, US", "elevation": 2859.0, "num_identification_agreements": 1, "tavg": null, "tmin": 8.9, "tmax": 30.0, "day_of_year": 214, "uuid": "057ca36a-fc1f-42be-b574-2ed277bb3fb1", "inat_id": 15060104}}, {"type": "Feature", "geometry": {"type": "Point", "coordinates": [-106.72155213, 39.11978702]}, "properties": {"species": "Boletus rubriceps", "date": "2018-08-02", "location": "Pitkin County, US-CO, US", "elevation": 2859.0, "num_identification_agreements": 2, "tavg": null, "tmin": 8.9, "tmax": 30.0, "day_of_year": 214, "uuid": "8e263c59-a465-4336-afa8-24bddef7400f", "inat_id": 15060093}}, {"type": "Feature", "geometry": {"type": "Point", "coordinates": [-105.3765074555, 39.5002602505]}, "properties": {"species": "Boletus rubriceps", "date": "2014-07-28", "location": "Pine Junction Area, CO, USA", "elevation": 2563.0, "num_identification_agreements": 1, "tavg": null, "tmin": 15.6, "tmax": 27.8, "day_of_year": 209, "uuid": "ba4b3499-cffd-4dfd-a3d4-36e43e9bf400", "inat_id": 14153656}}, {"type": "Feature", "geometry": {"type": "Point", "coordinates": [-105.4156888889, 35.7443416667]}, "properties": {"species": "Boletus rubriceps", "date": "2017-09-02", "location": "San Miguel, New Mexico, United States", "elevation": 3137.0, "num_identification_agreements": 1, "tavg": null, "tmin": 8.9, "tmax": 26.1, "day_of_year": 245, "uuid": "2f6acb90-8c5c-4db1-b851-bb5ba1b0d325", "inat_id": 9323532}}, {"type": "Feature", "geometry": {"type": "Point", "coordinates": [-105.5661785603, 40.3397405943]}, "properties": {"species": "Boletus rubriceps", "date": "2017-07-29", "location": "Larimer County, CO, USA", "elevation": 2417.0, "num_identification_agreements": 2, "tavg": null, "tmin": 19.7, "tmax": 26.6, "day_of_year": 210, "uuid": "9d47969f-cbf1-4a28-a876-5e2079eb64ba", "inat_id": 9244396}}, {"type": "Feature", "geometry": {"type": "Point", "coordinates": [-105.6591235, 40.3093187]}, "properties": {"species": "Boletus rubriceps", "date": "2017-08-18", "location": "Dream Lake, Colorado 80517, USA", "elevation": 3037.0, "num_identification_agreements": 3, "tavg": null, "tmin": 2.0, "tmax": 25.5, "day_of_year": 230, "uuid": "78d756a0-219b-483c-9c19-d38e50cb681e", "inat_id": 7577163}}, {"type": "Feature", "geometry": {"type": "Point", "coordinates": [-105.8099933333, 40.3097666667]}, "properties": {"species": "Boletus rubriceps", "date": "2017-08-15", "location": "Rocky Mountain, Rocky Mountain National Park, Rocky Mountain National Park, Grand, Colorado, United States", "elevation": 2859.0, "num_identification_agreements": 1, "tavg": null, "tmin": null, "tmax": null, "day_of_year": 227, "uuid": "a3407314-16bb-4eb1-afab-f45e8bc54aaf", "inat_id": 7576516}}, {"type": "Feature", "geometry": {"type": "Point", "coordinates": [-106.5662173778, 39.3710968176]}, "properties": {"species": "Boletus rubriceps", "date": "2017-08-15", "location": "Colorado, US", "elevation": 3357.0, "num_identification_agreements": 2, "tavg": null, "tmin": 1.7, "tmax": 16.1, "day_of_year": 227, "uuid": "d5270bf6-8dd1-4490-a979-0fb8c4e67ad4", "inat_id": 7539194}}, {"type": "Feature", "geometry": {"type": "Point", "coordinates": [-105.5210333276, 40.2143703628]}, "properties": {"species": "Boletus rubriceps", "date": "2017-08-12", "location": "177 Lab Rd, Allenspark, CO, US", "elevation": 2527.0, "num_identification_agreements": 2, "tavg": null, "tmin": 13.6, "tmax": 28.3, "day_of_year": 224, "uuid": "030637b4-a619-4835-981f-7f9f697dcea6", "inat_id": 7463304}}, {"type": "Feature", "geometry": {"type": "Point", "coordinates": [-106.6700633884, 40.1139826656]}, "properties": {"species": "Boletus rubriceps", "date": "2017-08-10", "location": "Routt National Forest, Oak Creek, CO, US", "elevation": 2850.0, "num_identification_agreements": 2, "tavg": null, "tmin": 11.0, "tmax": 26.0, "day_of_year": 222, "uuid": "175ae9f8-2def-45e5-ba2c-9f08aa695cba", "inat_id": 7432369}}, {"type": "Feature", "geometry": {"type": "Point", "coordinates": [-105.423671118, 39.8462824844]}, "properties": {"species": "Boletus rubriceps", "date": "2017-08-07", "location": "Unnamed Road, Golden, CO 80403, USA", "elevation": 2746.0, "num_identification_agreements": 2, "tavg": null, "tmin": 13.0, "tmax": 18.0, "day_of_year": 219, "uuid": "f076c820-be5d-4aec-aac4-47b84feb4732", "inat_id": 7423075}}, {"type": "Feature", "geometry": {"type": "Point", "coordinates": [-105.59492283, 40.19936705]}, "properties": {"species": "Boletus rubriceps", "date": "2017-08-06", "location": "Rocky Mountain, Rocky Mountain National Park, Boulder County, US-CO, US", "elevation": 2789.0, "num_identification_agreements": 3, "tavg": null, "tmin": 3.6, "tmax": 23.9, "day_of_year": 218, "uuid": "78b2dd52-4139-4f29-b4f1-1ae541f167ec", "inat_id": 7384015}}, {"type": "Feature", "geometry": {"type": "Point", "coordinates": [-105.60695667, 40.20416311]}, "properties": {"species": "Boletus rubriceps", "date": "2017-08-06", "location": "Rocky Mountain, Rocky Mountain National Park, Boulder County, US-CO, US", "elevation": 2911.0, "num_identification_agreements": 3, "tavg": null, "tmin": 3.6, "tmax": 23.9, "day_of_year": 218, "uuid": "ac33faa5-aac1-4976-a9a1-6836ed2c06f9", "inat_id": 7383889}}, {"type": "Feature", "geometry": {"type": "Point", "coordinates": [-106.6700263143, 39.1247907864]}, "properties": {"species": "Boletus rubriceps", "date": "2017-07-29", "location": "White River National Forest, Aspen, CO, US", "elevation": 3118.0, "num_identification_agreements": 2, "tavg": null, "tmin": 13.3, "tmax": 22.2, "day_of_year": 210, "uuid": "f7421f32-e9bd-4128-b8da-fec22a6da39f", "inat_id": 7270071}}, {"type": "Feature", "geometry": {"type": "Point", "coordinates": [-107.4425, 37.47905]}, "properties": {"species": "Boletus rubriceps", "date": "2016-08-19", "location": "Pine River Trail, Weminuche Wilderness, Colorado, USA", "elevation": 2492.0, "num_identification_agreements": 1, "tavg": null, "tmin": 8.3, "tmax": 25.6, "day_of_year": 232, "uuid": "1b8a8d28-b612-40a2-8ad8-7768239a95c1", "inat_id": 7002618}}, {"type": "Feature", "geometry": {"type": "Point", "coordinates": [-107.4425, 37.47905]}, "properties": {"species": "Boletus rubriceps", "date": "2016-08-13", "location": "Pine River Trail, Weminuche Wilderness, Colorado, USA", "elevation": 2492.0, "num_identification_agreements": 1, "tavg": null, "tmin": 8.3, "tmax": 25.6, "day_of_year": 226, "uuid": "08736396-840c-4fc5-ab42-08c19c864488", "inat_id": 7002615}}, {"type": "Feature", "geometry": {"type": "Point", "coordinates": [-105.769, 35.80925]}, "properties": {"species": "Boletus rubriceps", "date": "2015-08-30", "location": "Santa Fe Ski Basin, Santa Fe National Forest, Santa Fe Co., New Mexico, USA", "elevation": 3422.0, "num_identification_agreements": 1, "tavg": null, "tmin": null, "tmax": null, "day_of_year": 242, "uuid": "6e2e1829-90dc-4dd3-87e4-a2d8f094834c", "inat_id": 7000961}}, {"type": "Feature", "geometry": {"type": "Point", "coordinates": [-107.856, 37.9284]}, "properties": {"species": "Boletus rubriceps", "date": "2010-08-26", "location": "Mountain Village, Telluride, Colorado, USA", "elevation": 2976.0, "num_identification_agreements": 2, "tavg": null, "tmin": 12.0, "tmax": 25.0, "day_of_year": 238, "uuid": "be73b648-598f-43f5-a415-a58c45befd72", "inat_id": 6998561}}, {"type": "Feature", "geometry": {"type": "Point", "coordinates": [-106.4498806, 39.3673501813]}, "properties": {"species": "Boletus rubriceps", "date": "2013-07-28", "location": "Eagle County, CO, USA", "elevation": 3214.0, "num_identification_agreements": 2, "tavg": null, "tmin": 8.3, "tmax": 13.9, "day_of_year": 209, "uuid": "5e88b06a-9e74-4ab2-bebc-f5fb81d6748f", "inat_id": 4253033}}, {"type": "Feature", "geometry": {"type": "Point", "coordinates": [-105.4392616667, 36.57587]}, "properties": {"species": "Boletus rubriceps", "date": "2016-08-26", "location": "Carson National Forest, Valdez, NM, US", "elevation": 3128.0, "num_identification_agreements": 3, "tavg": null, "tmin": null, "tmax": null, "day_of_year": 239, "uuid": "69f30d1b-f520-455e-9fb3-5c8dfd464bd0", "inat_id": 3977909}}, {"type": "Feature", "geometry": {"type": "Point", "coordinates": [-107.844, 37.88685]}, "properties": {"species": "Boletus rubriceps", "date": "2015-08-17", "location": "Alta Lakes, Colorado, USA", "elevation": 3430.0, "num_identification_agreements": 1, "tavg": null, "tmin": 12.7, "tmax": 22.7, "day_of_year": 229, "uuid": "13223930-d353-4ff6-8a50-2234876b9040", "inat_id": 3595870}}, {"type": "Feature", "geometry": {"type": "Point", "coordinates": [-107.836, 37.9421]}, "properties": {"species": "Boletus rubriceps", "date": "2014-08-14", "location": "Telluride, Colorado, USA", "elevation": 2652.0, "num_identification_agreements": 2, "tavg": null, "tmin": null, "tmax": null, "day_of_year": 226, "uuid": "28a76364-68bf-4b6e-b203-37780543c92f", "inat_id": 3550106}}, {"type": "Feature", "geometry": {"type": "Point", "coordinates": [-107.78247, 37.7041583333]}, "properties": {"species": "Boletus rubriceps", "date": "2015-08-12", "location": "San Juan National Forest, Silverton, CO, US", "elevation": 3435.0, "num_identification_agreements": 2, "tavg": null, "tmin": null, "tmax": null, "day_of_year": 224, "uuid": "34c02a26-7210-43af-b1cb-0c148cd498c6", "inat_id": 2409020}}, {"type": "Feature", "geometry": {"type": "Point", "coordinates": [-105.612021, 40.531073]}, "properties": {"species": "Boletus rubriceps", "date": "2014-08-23", "location": "Rocky Mountain National Park, Estes Park, CO, US", "elevation": 3258.0, "num_identification_agreements": 3, "tavg": null, "tmin": null, "tmax": null, "day_of_year": 235, "uuid": "88d0d382-9a62-48bb-9c53-207201e6398e", "inat_id": 1802184}}, {"type": "Feature", "geometry": {"type": "Point", "coordinates": [-106.258942, 39.558128]}, "properties": {"species": "Boletus rubriceps", "date": "2012-08-09", "location": "39.558128,-106.258942", "elevation": 3259.0, "num_identification_agreements": 3, "tavg": null, "tmin": null, "tmax": null, "day_of_year": 222, "uuid": "df479983-14e7-4c5c-b6b8-1e165f0955da", "inat_id": 111110}}]}