{"type": "FeatureCollection", "features": [{"type": "Feature", "geometry": {"type": "Point", "coordinates": [-106.9243796849, 37.5193183595]}, "properties": {"species": "Cantharellus roseocanus", "date": "2008-08-15", "location": "Mineral County, CO, USA", "elevation": 3185.0, "land_cover_label": "Grassland", "water_mask": false, "exclude_reason": "keep", "ndvi": null, "soil_moisture": null, "solar_exposure": null, "wind_exposure": null, "water_retention": null, "slope": null, "aspect": null, "num_identification_agreements": 1, "cluster": 0, "tavg": null, "tmin": null, "tmax": null, "prcp_d0": 0.0, "prcp_d1": 0.0, "prcp_d2": 0.0, "prcp_d3": 0.0, "prcp_d4": 0.0, "prcp_d5": 0.0, "prcp_d6": 25.09061050415039, "tmax_d0": 16.2, "tmax_d1": 18.1, "tmax_d2": 18.8, "tmax_d3": 20.1, "tmax_d4": 18.9, "tmax_d5": 16.6, "tmax_d6": 17.6, "tmin_d0": 4.2, "tmin_d1": 3.1, "tmin_d2": 3.2, "tmin_d3": 3.7, "tmin_d4": 2.9, "tmin_d5": 4.9, "tmin_d6": 5.7, "day_of_year": 228, "uuid": "85065cc5-8dad-4343-aa6c-027c50ff2fc6", "inat_id": 99603227}}, {"type": "Feature", "geometry": {"type": "Point", "coordinates": [-106.7839862311, 37.4745192992]}, "properties": {"species": "Cantharellus roseocanus", "date": "2010-09-01", "location": "Mineral County, CO, USA", "elevation": 3157.0, "land_cover_label": "Tree cover", "water_mask": false, "exclude_reason": "keep", "ndvi": null, "soil_moisture": null, "solar_exposure": null, "wind_exposure": null, "water_retention": null, "slope": null, "aspect": null, "num_identification_agreements": 2, "cluster": 0, "tavg": null, "tmin": null, "tmax": null, "prcp_d0": 0.0, "prcp_d1": 0.0, "prcp_d2": 0.0, "prcp_d3": 0.0, "prcp_d4": 0.0, "prcp_d5": 0.0, "prcp_d6": 0.0, "tmax_d0": 17.1, "tmax_d1": 15.7, "tmax_d2": 13.6, "tmax_d3": 14.4, "tmax_d4": 16.4, "tmax_d5": 19.4, "tmax_d6": 19.5, "tmin_d0": 6.1, "tmin_d1": 4.1, "tmin_d2": 4.4, "tmin_d3": 3.4, "tmin_d4": 7.0, "tmin_d5": 8.3, "tmin_d6": 6.3, "day_of_year": 244, "uuid": "b6f7ef43-97a3-4a4d-a27a-e0d8d86a6f83", "inat_id": 229040223}}, {"type": "Feature", "geometry": {"type": "Point", "coordinates": [-106.7791598142, 37.4767560999]}, "properties": {"species": "Cantharellus roseocanus", "date": "2010-09-01", "location": "Mineral County, CO, USA", "elevation": 3191.0, "land_cover_label": "Tree cover", "water_mask": false, "exclude_reason": "keep", "ndvi": null, "soil_moisture": null, "solar_exposure": null, "wind_exposure": null, "water_retention": null, "slope": null, "aspect": null, "num_identification_agreements": 2, "cluster": 0, "tavg": null, "tmin": null, "tmax": null, "prcp_d0": 0.0, "prcp_d1": 0.0, "prcp_d2": 0.0, "prcp_d3": 0.0, "prcp_d4": 0.0, "prcp_d5": 0.0, "prcp_d6": 0.0, "tmax_d0": 17.3, "tmax_d1": 15.8, "tmax_d2": 13.7, "tmax_d3": 14.6, "tmax_d4": 16.6, "tmax_d5": 19.6, "tmax_d6": 19.7, "tmin_d0": 6.2, "tmin_d1": 4.2, "tmin_d2": 4.6, "tmin_d3": 3.6, "tmin_d4": 7.2, "tmin_d5": 8.4, "tmin_d6": 6.4, "day_of_year": 244, "uuid": "a3c3c873-aad7-41e2-9a44-754b5da7a275", "inat_id": 34338325}}, {"type": "Feature", "geometry": {"type": "Point", "coordinates": [-105.7418333333, 39.893]}, "properties": {"species": "Cantharellus roseocanus", "date": "2013-09-21", "location": "Grand, Colorado, United States", "elevation": 2983.0, "land_cover_label": "Tree cover", "water_mask": false, "exclude_reason": "keep", "ndvi": null, "soil_moisture": 0.3608726916047115, "solar_exposure": 0.8363001346588135, "wind_exposure": 0.4122837781906128, "water_retention": 0.3079841732978821, "slope": 16.58487319946289, "aspect": 257.36724853515625, "num_identification_agreements": 2, "cluster": 0, "tavg": null, "tmin": 7.0, "tmax": 15.0, "prcp_d0": 0.0, "prcp_d1": 0.0, "prcp_d2": 21.610469818115234, "prcp_d3": 0.0, "prcp_d4": 0.0, "prcp_d5": 0.0, "prcp_d6": 0.0, "tmax_d0": 17.1, "tmax_d1": 16.0, "tmax_d2": 13.0, "tmax_d3": 16.6, "tmax_d4": 17.7, "tmax_d5": 14.8, "tmax_d6": 12.1, "tmin_d0": 1.0, "tmin_d1": -1.5, "tmin_d2": 2.7, "tmin_d3": 6.1, "tmin_d4": 3.2, "tmin_d5": 3.7, "tmin_d6": 4.1, "day_of_year": 264, "uuid": "d9db7911-07b1-4bd5-a641-45d338d921d7", "inat_id": 21274970}}, {"type": "Feature", "geometry": {"type": "Point", "coordinates": [-121.8280200947, 45.2867483666]}, "properties": {"species": "Cantharellus roseocanus", "date": "2013-10-06", "location": "Clackamas County, OR, USA", "elevation": 1205.0, "land_cover_label": "Tree cover", "water_mask": false, "exclude_reason": "keep", "ndvi": null, "soil_moisture": null, "solar_exposure": null, "wind_exposure": null, "water_retention": null, "slope": null, "aspect": null, "num_identification_agreements": 1, "cluster": 2, "tavg": null, "tmin": null, "tmax": null, "prcp_d0": 0.0, "prcp_d1": 0.0, "prcp_d2": 0.0, "prcp_d3": 0.0, "prcp_d4": 0.0, "prcp_d5": 21.64711570739746, "prcp_d6": 126.05752563476562, "tmax_d0": 18.6, "tmax_d1": 16.8, "tmax_d2": 13.3, "tmax_d3": 8.4, "tmax_d4": 7.0, "tmax_d5": 6.2, "tmax_d6": 8.3, "tmin_d0": 3.6, "tmin_d1": 1.7, "tmin_d2": -0.6, "tmin_d3": 2.0, "tmin_d4": 0.4, "tmin_d5": 3.4, "tmin_d6": 4.4, "day_of_year": 279, "uuid": "c707cb43-14c2-4422-bb74-209774f1d4c7", "inat_id": 18402004}}, {"type": "Feature", "geometry": {"type": "Point", "coordinates": [-107.0279737365, 38.8898544162]}, "properties": {"species": "Cantharellus roseocanus", "date": "2015-07-27", "location": "Gunnison County, CO, USA", "elevation": 3273.0, "land_cover_label": "Tree cover", "water_mask": false, "exclude_reason": "keep", "ndvi": null, "soil_moisture": null, "solar_exposure": null, "wind_exposure": null, "water_retention": null, "slope": null, "aspect": null, "num_identification_agreements": 4, "cluster": 0, "tavg": null, "tmin": 12.8, "tmax": 26.7, "prcp_d0": 0.0, "prcp_d1": 0.0, "prcp_d2": 0.0, "prcp_d3": 0.0, "prcp_d4": 0.0, "prcp_d5": 0.0, "prcp_d6": 0.0, "tmax_d0": 18.7, "tmax_d1": 18.0, "tmax_d2": 19.0, "tmax_d3": 17.4, "tmax_d4": 18.5, "tmax_d5": 16.7, "tmax_d6": 14.0, "tmin_d0": 5.6, "tmin_d1": 4.0, "tmin_d2": 2.8, "tmin_d3": 4.6, "tmin_d4": 5.2, "tmin_d5": 4.2, "tmin_d6": 4.4, "day_of_year": 208, "uuid": "d632324c-6a7a-4785-aa4b-48c090772c8b", "inat_id": 67033324}}, {"type": "Feature", "geometry": {"type": "Point", "coordinates": [-107.8329383333, 37.9213133333]}, "properties": {"species": "Cantharellus roseocanus", "date": "2015-08-14", "location": "Telluride Ski Resort, Telluride, CO, US", "elevation": 3264.0, "land_cover_label": "Tree cover", "water_mask": false, "exclude_reason": "keep", "ndvi": null, "soil_moisture": null, "solar_exposure": null, "wind_exposure": null, "water_retention": null, "slope": null, "aspect": null, "num_identification_agreements": 1, "cluster": 0, "tavg": null, "tmin": 11.1, "tmax": 24.9, "prcp_d0": 0.0, "prcp_d1": 0.0, "prcp_d2": 18.39947891235352, "prcp_d3": 0.0, "prcp_d4": 0.0, "prcp_d5": 0.0, "prcp_d6": 0.0, "tmax_d0": 19.6, "tmax_d1": 18.2, "tmax_d2": 17.1, "tmax_d3": 16.7, "tmax_d4": 19.0, "tmax_d5": 16.6, "tmax_d6": 15.6, "tmin_d0": 7.3, "tmin_d1": 6.1, "tmin_d2": 6.1, "tmin_d3": 7.2, "tmin_d4": 4.8, "tmin_d5": 5.2, "tmin_d6": 5.4, "day_of_year": 226, "uuid": "48c28cc8-73d9-4cdf-9365-73a687b9d55e", "inat_id": 178118223}}, {"type": "Feature", "geometry": {"type": "Point", "coordinates": [-106.76334, 37.469628]}, "properties": {"species": "Cantharellus roseocanus", "date": "2015-08-22", "location": "Rio Grande National Forest, Creede, CO, US", "elevation": 3161.0, "land_cover_label": "Tree cover", "water_mask": false, "exclude_reason": "keep", "ndvi": null, "soil_moisture": null, "solar_exposure": null, "wind_exposure": null, "water_retention": null, "slope": null, "aspect": null, "num_identification_agreements": 3, "cluster": 0, "tavg": null, "tmin": null, "tmax": null, "prcp_d0": 10.945778846740724, "prcp_d1": 0.0, "prcp_d2": 0.0, "prcp_d3": 0.0, "prcp_d4": 0.0, "prcp_d5": 0.0, "prcp_d6": 0.0, "tmax_d0": 19.9, "tmax_d1": 18.7, "tmax_d2": 19.6, "tmax_d3": 19.8, "tmax_d4": 20.7, "tmax_d5": 20.4, "tmax_d6": 20.6, "tmin_d0": 8.2, "tmin_d1": 9.3, "tmin_d2": 7.3, "tmin_d3": 3.9, "tmin_d4": 8.3, "tmin_d5": 9.5, "tmin_d6": 9.7, "day_of_year": 234, "uuid": "45c10c3f-7cbd-46c9-b8e6-f3d79fb38f75", "inat_id": 1883242}}, {"type": "Feature", "geometry": {"type": "Point", "coordinates": [-106.79842, 37.47757]}, "properties": {"species": "Cantharellus roseocanus", "date": "2015-08-22", "location": "Wolf Creek Ski Area, Creede, CO, US", "elevation": 3378.0, "land_cover_label": "Moss and lichen", "water_mask": false, "exclude_reason": "keep", "ndvi": null, "soil_moisture": null, "solar_exposure": null, "wind_exposure": null, "water_retention": null, "slope": null, "aspect": null, "num_identification_agreements": 3, "cluster": 0, "tavg": null, "tmin": null, "tmax": null, "prcp_d0": 10.945778846740724, "prcp_d1": 0.0, "prcp_d2": 0.0, "prcp_d3": 0.0, "prcp_d4": 0.0, "prcp_d5": 0.0, "prcp_d6": 0.0, "tmax_d0": 18.4, "tmax_d1": 17.3, "tmax_d2": 18.2, "tmax_d3": 18.4, "tmax_d4": 19.2, "tmax_d5": 18.9, "tmax_d6": 19.1, "tmin_d0": 6.7, "tmin_d1": 7.8, "tmin_d2": 5.8, "tmin_d3": 2.4, "tmin_d4": 6.8, "tmin_d5": 8.0, "tmin_d6": 8.3, "day_of_year": 234, "uuid": "e82ba615-5b0b-4414-8a2b-85c9adedc26b", "inat_id": 1883818}}, {"type": "Feature", "geometry": {"type": "Point", "coordinates": [-107.4165, 37.58155]}, "properties": {"species": "Cantharellus roseocanus", "date": "2016-08-17", "location": "Flint Creek Trail, Weminuche Wilderness, Colorado, USA", "elevation": 3066.0, "land_cover_label": "Tree cover", "water_mask": false, "exclude_reason": "keep", "ndvi": null, "soil_moisture": null, "solar_exposure": null, "wind_exposure": null, "water_retention": null, "slope": null, "aspect": null, "num_identification_agreements": 2, "cluster": 0, "tavg": null, "tmin": null, "tmax": null, "prcp_d0": 0.0, "prcp_d1": 2.869759321212769, "prcp_d2": 0.0, "prcp_d3": 0.0, "prcp_d4": 0.0, "prcp_d5": 0.0, "prcp_d6": 0.0, "tmax_d0": 16.5, "tmax_d1": 18.8, "tmax_d2": 20.2, "tmax_d3": 18.6, "tmax_d4": 18.9, "tmax_d5": 20.7, "tmax_d6": 18.1, "tmin_d0": 5.5, "tmin_d1": 5.5, "tmin_d2": 4.3, "tmin_d3": 4.5, "tmin_d4": 2.7, "tmin_d5": 3.4, "tmin_d6": 4.3, "day_of_year": 230, "uuid": "29b059d6-afa6-4619-ad9b-2e35f09ef5af", "inat_id": 7002619}}, {"type": "Feature", "geometry": {"type": "Point", "coordinates": [-105.4376916667, 36.57287]}, "properties": {"species": "Cantharellus roseocanus", "date": "2016-08-26", "location": "Carson National Forest, Valdez, NM, US", "elevation": 3181.0, "land_cover_label": "Tree cover", "water_mask": false, "exclude_reason": "keep", "ndvi": null, "soil_moisture": null, "solar_exposure": null, "wind_exposure": null, "water_retention": null, "slope": null, "aspect": null, "num_identification_agreements": 2, "cluster": 0, "tavg": null, "tmin": null, "tmax": null, "prcp_d0": 0.0, "prcp_d1": 0.0, "prcp_d2": 0.0, "prcp_d3": 0.0, "prcp_d4": 6.376074314117432, "prcp_d5": 6.376074314117432, "prcp_d6": 0.0, "tmax_d0": 14.1, "tmax_d1": 15.2, "tmax_d2": 14.8, "tmax_d3": 16.6, "tmax_d4": 15.9, "tmax_d5": 16.7, "tmax_d6": 16.4, "tmin_d0": 3.5, "tmin_d1": 3.0, "tmin_d2": 5.7, "tmin_d3": 4.7, "tmin_d4": 4.8, "tmin_d5": 5.5, "tmin_d6": 5.7, "day_of_year": 239, "uuid": "84c45146-956f-451e-91b2-5aa727b4c2f9", "inat_id": 3977854}}, {"type": "Feature", "geometry": {"type": "Point", "coordinates": [-121.8973784195, 44.5407745218]}, "properties": {"species": "Cantharellus roseocanus", "date": "2016-09-18", "location": "Oregon, US", "elevation": 1494.0, "land_cover_label": "Grassland", "water_mask": false, "exclude_reason": "keep", "ndvi": null, "soil_moisture": null, "solar_exposure": null, "wind_exposure": null, "water_retention": null, "slope": null, "aspect": null, "num_identification_agreements": 2, "cluster": 0, "tavg": null, "tmin": null, "tmax": null, "prcp_d0": 7.761363506317139, "prcp_d1": 0.0, "prcp_d2": 0.0, "prcp_d3": 0.0, "prcp_d4": 0.0, "prcp_d5": 0.0, "prcp_d6": 0.0, "tmax_d0": 13.2, "tmax_d1": 20.4, "tmax_d2": 23.2, "tmax_d3": 22.3, "tmax_d4": 18.5, "tmax_d5": 17.0, "tmax_d6": 14.3, "tmin_d0": 9.6, "tmin_d1": 8.3, "tmin_d2": 7.0, "tmin_d3": 5.3, "tmin_d4": 3.8, "tmin_d5": 3.7, "tmin_d6": 3.4, "day_of_year": 262, "uuid": "07877a1f-2b4f-4c06-99c1-c54770a52cb5", "inat_id": 17979991}}, {"type": "Feature", "geometry": {"type": "Point", "coordinates": [-121.9935, 45.1752]}, "properties": {"species": "Cantharellus roseocanus", "date": "2016-09-25", "location": "Mount Hood National Forest, Clackamas Co., Oregon, USA", "elevation": 1270.0, "land_cover_label": "Tree cover", "water_mask": false, "exclude_reason": "keep", "ndvi": null, "soil_moisture": null, "solar_exposure": null, "wind_exposure": null, "water_retention": null, "slope": null, "aspect": null, "num_identification_agreements": 1, "cluster": 0, "tavg": null, "tmin": null, "tmax": null, "prcp_d0": 0.0, "prcp_d1": 0.0, "prcp_d2": 6.620254039764404, "prcp_d3": 0.0, "prcp_d4": 0.0, "prcp_d5": 0.0, "prcp_d6": 0.0, "tmax_d0": 22.8, "tmax_d1": 15.1, "tmax_d2": 9.1, "tmax_d3": 12.0, "tmax_d4": 12.6, "tmax_d5": 13.3, "tmax_d6": 10.9, "tmin_d0": 5.1, "tmin_d1": 2.3, "tmin_d2": 4.5, "tmin_d3": 2.2, "tmin_d4": 0.2, "tmin_d5": 4.2, "tmin_d6": 5.1, "day_of_year": 269, "uuid": "5abf29e7-89be-4e6d-b10f-355427ad777e", "inat_id": 65241912}}, {"type": "Feature", "geometry": {"type": "Point", "coordinates": [-121.7939393096, 45.3150566157]}, "properties": {"species": "Cantharellus roseocanus", "date": "2019-07-19", "location": "Mt. Hood National Forest, Government Camp, OR, US", "elevation": 1022.0, "land_cover_label": "Tree cover", "water_mask": false, "exclude_reason": "keep", "ndvi": null, "soil_moisture": null, "solar_exposure": null, "wind_exposure": null, "water_retention": null, "slope": null, "aspect": null, "num_identification_agreements": 1, "cluster": 0, "tavg": null, "tmin": null, "tmax": null, "prcp_d0": 0.0, "prcp_d1": 0.0, "prcp_d2": 0.0, "prcp_d3": 0.0, "prcp_d4": 0.0, "prcp_d5": 0.0, "prcp_d6": 0.0, "tmax_d0": 15.0, "tmax_d1": 14.9, "tmax_d2": 17.7, "tmax_d3": 18.1, "tmax_d4": 19.6, "tmax_d5": 20.7, "tmax_d6": 18.6, "tmin_d0": 5.5, "tmin_d1": 9.4, "tmin_d2": 10.2, "tmin_d3": 10.5, "tmin_d4": 11.8, "tmin_d5": 10.3, "tmin_d6": 10.9, "day_of_year": 200, "uuid": "e3f72b28-a706-4752-810d-cbb3f07540e1", "inat_id": 29133058}}, {"type": "Feature", "geometry": {"type": "Point", "coordinates": [-106.7473078143, 37.4719259099]}, "properties": {"species": "Cantharellus roseocanus", "date": "2019-08-20", "location": "Colorado, US", "elevation": 3145.0, "land_cover_label": "Tree cover", "water_mask": false, "exclude_reason": "keep", "ndvi": null, "soil_moisture": null, "solar_exposure": null, "wind_exposure": null, "water_retention": null, "slope": null, "aspect": null, "num_identification_agreements": 2, "cluster": 0, "tavg": null, "tmin": null, "tmax": null, "prcp_d0": 0.0, "prcp_d1": 0.0, "prcp_d2": 0.0, "prcp_d3": 0.0, "prcp_d4": 0.0, "prcp_d5": 0.0, "prcp_d6": 0.0, "tmax_d0": 21.1, "tmax_d1": 20.8, "tmax_d2": 20.2, "tmax_d3": 18.4, "tmax_d4": 18.1, "tmax_d5": 18.2, "tmax_d6": 19.2, "tmin_d0": 8.8, "tmin_d1": 9.3, "tmin_d2": 6.6, "tmin_d3": 7.8, "tmin_d4": 8.1, "tmin_d5": 7.3, "tmin_d6": 6.8, "day_of_year": 232, "uuid": "5662aa95-e5dc-4eef-a681-981d35a2052f", "inat_id": 31262001}}, {"type": "Feature", "geometry": {"type": "Point", "coordinates": [-121.81, 45.31605]}, "properties": {"species": "Cantharellus roseocanus", "date": "2019-09-20", "location": "SW Mount Hood, Clackamas Co., Oregon, USA", "elevation": 916.0, "land_cover_label": "Tree cover", "water_mask": false, "exclude_reason": "keep", "ndvi": null, "soil_moisture": null, "solar_exposure": null, "wind_exposure": null, "water_retention": null, "slope": null, "aspect": null, "num_identification_agreements": 3, "cluster": 0, "tavg": null, "tmin": null, "tmax": null, "prcp_d0": 0.0, "prcp_d1": 0.0, "prcp_d2": 0.0, "prcp_d3": 0.0, "prcp_d4": 0.0, "prcp_d5": 0.0, "prcp_d6": 0.0, "tmax_d0": 12.5, "tmax_d1": 11.5, "tmax_d2": 11.7, "tmax_d3": 11.4, "tmax_d4": 12.0, "tmax_d5": 16.5, "tmax_d6": 17.0, "tmin_d0": 7.9, "tmin_d1": 3.7, "tmin_d2": 6.3, "tmin_d3": 6.7, "tmin_d4": 6.6, "tmin_d5": 8.5, "tmin_d6": 9.2, "day_of_year": 263, "uuid": "cdfac3df-657f-4bd7-b14b-5fc54bfd2c58", "inat_id": 34881523}}, {"type": "Feature", "geometry": {"type": "Point", "coordinates": [-121.8759490752, 44.5332442763]}, "properties": {"species": "Cantharellus roseocanus", "date": "2019-10-03", "location": "Oregon, US", "elevation": 1551.0, "land_cover_label": "Grassland", "water_mask": false, "exclude_reason": "keep", "ndvi": null, "soil_moisture": null, "solar_exposure": null, "wind_exposure": null, "water_retention": null, "slope": null, "aspect": null, "num_identification_agreements": 2, "cluster": 0, "tavg": null, "tmin": null, "tmax": null, "prcp_d0": 0.0, "prcp_d1": 0.0, "prcp_d2": 0.0, "prcp_d3": 0.0, "prcp_d4": 0.0, "prcp_d5": 0.0, "prcp_d6": 0.0, "tmax_d0": 7.6, "tmax_d1": 9.9, "tmax_d2": 5.5, "tmax_d3": 3.3, "tmax_d4": 2.1, "tmax_d5": 5.7, "tmax_d6": 9.3, "tmin_d0": 1.1, "tmin_d1": -4.0, "tmin_d2": -4.6, "tmin_d3": -3.7, "tmin_d4": -3.6, "tmin_d5": -0.9, "tmin_d6": 3.2, "day_of_year": 276, "uuid": "9b5c6e9c-6411-4533-bd9f-11a49d73c219", "inat_id": 33875819}}, {"type": "Feature", "geometry": {"type": "Point", "coordinates": [-105.1080605687, 39.0818800953]}, "properties": {"species": "Cantharellus roseocanus", "date": "2020-08-01", "location": "Colorado, US", "elevation": 2400.0, "land_cover_label": "Grassland", "water_mask": false, "exclude_reason": "keep", "ndvi": null, "soil_moisture": 0.2852063390252007, "solar_exposure": 0.8634243011474609, "wind_exposure": 0.2829483449459076, "water_retention": 0.455428808927536, "slope": 4.412769794464111, "aspect": 124.24240112304688, "num_identification_agreements": 3, "cluster": 3, "tavg": null, "tmin": 9.6, "tmax": 30.0, "prcp_d0": 5.9134955406188965, "prcp_d1": 0.0, "prcp_d2": 0.0, "prcp_d3": 0.0, "prcp_d4": 0.0, "prcp_d5": 0.0, "prcp_d6": 0.0, "tmax_d0": 25.0, "tmax_d1": 22.9, "tmax_d2": 24.2, "tmax_d3": 25.1, "tmax_d4": 21.3, "tmax_d5": 20.2, "tmax_d6": 21.6, "tmin_d0": 11.0, "tmin_d1": 10.3, "tmin_d2": 10.8, "tmin_d3": 11.9, "tmin_d4": 12.7, "tmin_d5": 11.0, "tmin_d6": 13.4, "day_of_year": 214, "uuid": "2a292a71-3260-4d41-825c-351c3dcd6004", "inat_id": 55249344}}, {"type": "Feature", "geometry": {"type": "Point", "coordinates": [-107.8111734241, 39.0647020394]}, "properties": {"species": "Cantharellus roseocanus", "date": "2020-08-19", "location": "Grand Mesa National Forest", "elevation": 3194.0, "land_cover_label": "Tree cover", "water_mask": false, "exclude_reason": "keep", "ndvi": null, "soil_moisture": null, "solar_exposure": null, "wind_exposure": null, "water_retention": null, "slope": null, "aspect": null, "num_identification_agreements": 1, "cluster": 0, "tavg": null, "tmin": 18.5, "tmax": 39.0, "prcp_d0": 0.0, "prcp_d1": 0.0, "prcp_d2": 0.0, "prcp_d3": 0.0, "prcp_d4": 0.0, "prcp_d5": 0.0, "prcp_d6": 0.0, "tmax_d0": 23.4, "tmax_d1": 23.6, "tmax_d2": 22.8, "tmax_d3": 22.8, "tmax_d4": 22.2, "tmax_d5": 21.7, "tmax_d6": 20.3, "tmin_d0": 13.6, "tmin_d1": 12.9, "tmin_d2": 11.7, "tmin_d3": 11.2, "tmin_d4": 12.5, "tmin_d5": 10.2, "tmin_d6": 10.7, "day_of_year": 232, "uuid": "6a58e16c-23a4-4869-af13-3d66b646bc90", "inat_id": 179152181}}, {"type": "Feature", "geometry": {"type": "Point", "coordinates": [-121.6531521414, 45.3877308269]}, "properties": {"species": "Cantharellus roseocanus", "date": "2020-10-11", "location": "Oregon, US", "elevation": 1966.0, "land_cover_label": "Bare / sparse vegetation", "water_mask": false, "exclude_reason": "keep", "ndvi": null, "soil_moisture": null, "solar_exposure": null, "wind_exposure": null, "water_retention": null, "slope": null, "aspect": null, "num_identification_agreements": 3, "cluster": 1, "tavg": null, "tmin": 7.8, "tmax": 15.6, "prcp_d0": 0.0, "prcp_d1": 33.910926818847656, "prcp_d2": 0.0, "prcp_d3": 0.0, "prcp_d4": 0.0, "prcp_d5": 0.0, "prcp_d6": 0.0, "tmax_d0": 2.3, "tmax_d1": 10.1, "tmax_d2": 12.7, "tmax_d3": 13.0, "tmax_d4": 17.7, "tmax_d5": 20.2, "tmax_d6": 17.4, "tmin_d0": -1.1, "tmin_d1": 0.2, "tmin_d2": 1.8, "tmin_d3": 2.1, "tmin_d4": 5.4, "tmin_d5": 5.1, "tmin_d6": 5.2, "day_of_year": 285, "uuid": "24442cde-c0da-4750-a104-8cf7ec48b927", "inat_id": 62360210}}, {"type": "Feature", "geometry": {"type": "Point", "coordinates": [-107.1615297, 38.862947]}, "properties": {"species": "Cantharellus roseocanus", "date": "2021-08-04", "location": "Gunnison, CO 81230, USA", "elevation": 2706.0, "land_cover_label": "Grassland", "water_mask": false, "exclude_reason": "keep", "ndvi": null, "soil_moisture": null, "solar_exposure": null, "wind_exposure": null, "water_retention": null, "slope": null, "aspect": null, "num_identification_agreements": 1, "cluster": 1, "tavg": null, "tmin": 7.8, "tmax": 25.0, "prcp_d0": 0.0, "prcp_d1": 0.0, "prcp_d2": 13.454859733581545, "prcp_d3": 26.90971946716309, "prcp_d4": 4.050023555755615, "prcp_d5": 8.10004711151123, "prcp_d6": 8.10004711151123, "tmax_d0": 22.7, "tmax_d1": 17.9, "tmax_d2": 19.4, "tmax_d3": 20.8, "tmax_d4": 23.1, "tmax_d5": 24.1, "tmax_d6": 26.7, "tmin_d0": 5.7, "tmin_d1": 7.1, "tmin_d2": 8.4, "tmin_d3": 10.1, "tmin_d4": 7.4, "tmin_d5": 8.2, "tmin_d6": 6.5, "day_of_year": 216, "uuid": "078c92a0-f2f6-4cb6-a1b5-810989ecb675", "inat_id": 90172251}}, {"type": "Feature", "geometry": {"type": "Point", "coordinates": [-106.4806133333, 37.0591388333]}, "properties": {"species": "Cantharellus roseocanus", "date": "2021-08-06", "location": "Rio Grande National Forest, Antonito, CO, US", "elevation": 3193.0, "land_cover_label": "Tree cover", "water_mask": false, "exclude_reason": "keep", "ndvi": null, "soil_moisture": null, "solar_exposure": null, "wind_exposure": null, "water_retention": null, "slope": null, "aspect": null, "num_identification_agreements": 2, "cluster": 0, "tavg": null, "tmin": null, "tmax": null, "prcp_d0": 0.0, "prcp_d1": 0.0, "prcp_d2": 0.0, "prcp_d3": 0.0, "prcp_d4": 25.66526222229004, "prcp_d5": 0.0, "prcp_d6": 0.0, "tmax_d0": 18.9, "tmax_d1": 18.5, "tmax_d2": 18.5, "tmax_d3": 14.1, "tmax_d4": 13.4, "tmax_d5": 14.6, "tmax_d6": 17.5, "tmin_d0": 7.0, "tmin_d1": 3.8, "tmin_d2": 3.2, "tmin_d3": 5.4, "tmin_d4": 5.8, "tmin_d5": 7.2, "tmin_d6": 5.9, "day_of_year": 218, "uuid": "173dd5ff-129c-440a-93fc-949ea10a564d", "inat_id": 201631171}}, {"type": "Feature", "geometry": {"type": "Point", "coordinates": [-105.54765, 36.0967833333]}, "properties": {"species": "Cantharellus roseocanus", "date": "2021-08-07", "location": "Taos County, NM, USA", "elevation": 3163.0, "land_cover_label": "Tree cover", "water_mask": false, "exclude_reason": "keep", "ndvi": null, "soil_moisture": null, "solar_exposure": null, "wind_exposure": null, "water_retention": null, "slope": null, "aspect": null, "num_identification_agreements": 1, "cluster": 0, "tavg": null, "tmin": 13.3, "tmax": 30.0, "prcp_d0": 0.0, "prcp_d1": 0.0, "prcp_d2": 0.0, "prcp_d3": 0.0, "prcp_d4": 0.0, "prcp_d5": 0.0, "prcp_d6": 17.414445877075195, "tmax_d0": 19.9, "tmax_d1": 20.5, "tmax_d2": 19.1, "tmax_d3": 15.6, "tmax_d4": 16.9, "tmax_d5": 15.0, "tmax_d6": 13.9, "tmin_d0": 10.7, "tmin_d1": 7.7, "tmin_d2": 4.7, "tmin_d3": 4.7, "tmin_d4": 7.3, "tmin_d5": 7.6, "tmin_d6": 6.4, "day_of_year": 219, "uuid": "46701808-fdee-4e1d-9b7f-1841520f0eb9", "inat_id": 195080604}}, {"type": "Feature", "geometry": {"type": "Point", "coordinates": [-105.0993330104, 37.37585876]}, "properties": {"species": "Cantharellus roseocanus", "date": "2021-08-10", "location": "Huerfano County, US-CO, US", "elevation": 2651.0, "land_cover_label": "Tree cover", "water_mask": false, "exclude_reason": "keep", "ndvi": null, "soil_moisture": null, "solar_exposure": null, "wind_exposure": null, "water_retention": null, "slope": null, "aspect": null, "num_identification_agreements": 1, "cluster": 0, "tavg": null, "tmin": null, "tmax": null, "prcp_d0": 0.0, "prcp_d1": 0.0, "prcp_d2": 0.0, "prcp_d3": 0.0, "prcp_d4": 0.0, "prcp_d5": 0.0, "prcp_d6": 0.0, "tmax_d0": 24.3, "tmax_d1": 25.4, "tmax_d2": 24.6, "tmax_d3": 24.3, "tmax_d4": 24.8, "tmax_d5": 22.0, "tmax_d6": 16.7, "tmin_d0": 12.1, "tmin_d1": 12.0, "tmin_d2": 7.0, "tmin_d3": 11.6, "tmin_d4": 11.6, "tmin_d5": 8.6, "tmin_d6": 10.0, "day_of_year": 222, "uuid": "b9a85e44-c639-43bd-a4f4-9061e096a769", "inat_id": 90727090}}, {"type": "Feature", "geometry": {"type": "Point", "coordinates": [-106.9253209233, 38.5458227625]}, "properties": {"species": "Cantharellus roseocanus", "date": "2021-08-14", "location": "Gunnison", "elevation": 2353.0, "land_cover_label": "Grassland", "water_mask": false, "exclude_reason": "keep", "ndvi": null, "soil_moisture": null, "solar_exposure": null, "wind_exposure": null, "water_retention": null, "slope": null, "aspect": null, "num_identification_agreements": 3, "cluster": 0, "tavg": null, "tmin": 7.2, "tmax": 27.8, "prcp_d0": 0.0, "prcp_d1": 0.0, "prcp_d2": 0.0, "prcp_d3": 0.0, "prcp_d4": 0.0, "prcp_d5": 0.0, "prcp_d6": 0.0, "tmax_d0": 30.7, "tmax_d1": 28.4, "tmax_d2": 30.7, "tmax_d3": 29.0, "tmax_d4": 28.6, "tmax_d5": 30.0, "tmax_d6": 28.8, "tmin_d0": 10.1, "tmin_d1": 10.9, "tmin_d2": 8.7, "tmin_d3": 9.0, "tmin_d4": 9.0, "tmin_d5": 8.8, "tmin_d6": 6.6, "day_of_year": 226, "uuid": "2a663911-2416-47dd-abf0-9b9dcb610158", "inat_id": 91549494}}, {"type": "Feature", "geometry": {"type": "Point", "coordinates": [-106.87352, 38.944855]}, "properties": {"species": "Cantharellus roseocanus", "date": "2021-08-15", "location": "Grand Mesa National Forest, Crested Butte, CO, US", "elevation": 3392.0, "land_cover_label": "Tree cover", "water_mask": false, "exclude_reason": "keep", "ndvi": null, "soil_moisture": null, "solar_exposure": null, "wind_exposure": null, "water_retention": null, "slope": null, "aspect": null, "num_identification_agreements": 2, "cluster": 0, "tavg": null, "tmin": 15.6, "tmax": 28.3, "prcp_d0": 0.0, "prcp_d1": 0.0, "prcp_d2": 0.0, "prcp_d3": 0.0, "prcp_d4": 0.0, "prcp_d5": 0.0, "prcp_d6": 0.0, "tmax_d0": 18.8, "tmax_d1": 19.7, "tmax_d2": 19.1, "tmax_d3": 19.6, "tmax_d4": 18.9, "tmax_d5": 16.8, "tmax_d6": 18.6, "tmin_d0": 4.7, "tmin_d1": 3.1, "tmin_d2": 5.4, "tmin_d3": 4.5, "tmin_d4": 4.8, "tmin_d5": 4.8, "tmin_d6": 4.7, "day_of_year": 227, "uuid": "7393a1fe-0eca-444b-8eca-a35f846bbcd4", "inat_id": 91362239}}, {"type": "Feature", "geometry": {"type": "Point", "coordinates": [-121.6352108266, 45.3082837173]}, "properties": {"species": "Cantharellus roseocanus", "date": "2021-08-17", "location": "Oregon, US", "elevation": 1493.0, "land_cover_label": "Tree cover", "water_mask": false, "exclude_reason": "keep", "ndvi": null, "soil_moisture": null, "solar_exposure": null, "wind_exposure": null, "water_retention": null, "slope": null, "aspect": null, "num_identification_agreements": 1, "cluster": 0, "tavg": null, "tmin": null, "tmax": null, "prcp_d0": 0.0, "prcp_d1": 0.0, "prcp_d2": 0.0, "prcp_d3": 3.202223062515259, "prcp_d4": 0.0, "prcp_d5": 0.0, "prcp_d6": 0.0, "tmax_d0": 18.7, "tmax_d1": 25.4, "tmax_d2": 29.7, "tmax_d3": 30.3, "tmax_d4": 31.5, "tmax_d5": 30.7, "tmax_d6": 31.3, "tmin_d0": 3.0, "tmin_d1": 14.3, "tmin_d2": 16.8, "tmin_d3": 15.8, "tmin_d4": 17.0, "tmin_d5": 17.8, "tmin_d6": 16.8, "day_of_year": 229, "uuid": "9996d9d0-d9ca-47a7-8cbe-b0f799246134", "inat_id": 116818135}}, {"type": "Feature", "geometry": {"type": "Point", "coordinates": [-106.3533683494, 37.6789223232]}, "properties": {"species": "Cantharellus roseocanus", "date": "2021-08-17", "location": "Del Norte", "elevation": 2407.0, "land_cover_label": "Bare / sparse vegetation", "water_mask": false, "exclude_reason": "keep", "ndvi": null, "soil_moisture": null, "solar_exposure": null, "wind_exposure": null, "water_retention": null, "slope": null, "aspect": null, "num_identification_agreements": 1, "cluster": 0, "tavg": null, "tmin": 8.0, "tmax": 17.0, "prcp_d0": 0.0, "prcp_d1": 0.0, "prcp_d2": 0.0, "prcp_d3": 5.581161022186279, "prcp_d4": 0.0, "prcp_d5": 0.0, "prcp_d6": 0.0, "tmax_d0": 28.9, "tmax_d1": 27.6, "tmax_d2": 28.3, "tmax_d3": 29.2, "tmax_d4": 27.6, "tmax_d5": 29.4, "tmax_d6": 29.9, "tmin_d0": 11.9, "tmin_d1": 11.7, "tmin_d2": 13.0, "tmin_d3": 10.8, "tmin_d4": 12.3, "tmin_d5": 12.3, "tmin_d6": 12.4, "day_of_year": 229, "uuid": "80ae0001-4e45-42d4-a185-c721ab205924", "inat_id": 91705273}}, {"type": "Feature", "geometry": {"type": "Point", "coordinates": [-107.8559310689, 37.8820296807]}, "properties": {"species": "Cantharellus roseocanus", "date": "2021-08-21", "location": "Colorado, US", "elevation": 3347.0, "land_cover_label": "Tree cover", "water_mask": false, "exclude_reason": "keep", "ndvi": null, "soil_moisture": null, "solar_exposure": null, "wind_exposure": null, "water_retention": null, "slope": null, "aspect": null, "num_identification_agreements": 1, "cluster": 1, "tavg": null, "tmin": 6.0, "tmax": 20.0, "prcp_d0": 0.0, "prcp_d1": 0.0, "prcp_d2": 0.0, "prcp_d3": 61.442169189453125, "prcp_d4": 0.0, "prcp_d5": 0.0, "prcp_d6": 0.0, "tmax_d0": 13.6, "tmax_d1": 13.7, "tmax_d2": 11.4, "tmax_d3": 15.9, "tmax_d4": 17.1, "tmax_d5": 17.5, "tmax_d6": 19.2, "tmin_d0": 0.8, "tmin_d1": 2.0, "tmin_d2": 4.6, "tmin_d3": 3.5, "tmin_d4": 2.0, "tmin_d5": 2.6, "tmin_d6": 6.5, "day_of_year": 233, "uuid": "71cfaa9f-8cdf-48a7-a66d-22a40662678b", "inat_id": 92375963}}, {"type": "Feature", "geometry": {"type": "Point", "coordinates": [-121.8377790973, 45.3186045475]}, "properties": {"species": "Cantharellus roseocanus", "date": "2021-08-28", "location": "Rhododendron, OR 97049, USA", "elevation": 900.0, "land_cover_label": "Tree cover", "water_mask": false, "exclude_reason": "keep", "ndvi": null, "soil_moisture": null, "solar_exposure": null, "wind_exposure": null, "water_retention": null, "slope": null, "aspect": null, "num_identification_agreements": 2, "cluster": 0, "tavg": null, "tmin": null, "tmax": null, "prcp_d0": 0.0, "prcp_d1": 0.0, "prcp_d2": 10.254223823547363, "prcp_d3": 0.0, "prcp_d4": 0.0, "prcp_d5": 0.0, "prcp_d6": 0.0, "tmax_d0": 24.8, "tmax_d1": 16.4, "tmax_d2": 17.1, "tmax_d3": 22.1, "tmax_d4": 22.8, "tmax_d5": 14.7, "tmax_d6": 14.3, "tmin_d0": 5.1, "tmin_d1": 8.5, "tmin_d2": 8.5, "tmin_d3": 6.5, "tmin_d4": 6.1, "tmin_d5": 3.6, "tmin_d6": 8.9, "day_of_year": 240, "uuid": "2e880a05-1bbb-419b-9049-ba3000e3352b", "inat_id": 103355447}}, {"type": "Feature", "geometry": {"type": "Point", "coordinates": [-107.848249414, 37.6128980998]}, "properties": {"species": "Cantharellus roseocanus", "date": "2021-09-09", "location": "Colorado, US", "elevation": 3203.0, "land_cover_label": "Tree cover", "water_mask": false, "exclude_reason": "keep", "ndvi": null, "soil_moisture": null, "solar_exposure": null, "wind_exposure": null, "water_retention": null, "slope": null, "aspect": null, "num_identification_agreements": 2, "cluster": 0, "tavg": null, "tmin": 11.0, "tmax": 26.0, "prcp_d0": 0.0, "prcp_d1": 0.0, "prcp_d2": 0.0, "prcp_d3": 0.0, "prcp_d4": 0.0, "prcp_d5": 0.0, "prcp_d6": 0.0, "tmax_d0": 21.8, "tmax_d1": 21.2, "tmax_d2": 22.5, "tmax_d3": 20.8, "tmax_d4": 20.3, "tmax_d5": 19.0, "tmax_d6": 16.1, "tmin_d0": 1.3, "tmin_d1": 4.3, "tmin_d2": 1.8, "tmin_d3": 1.0, "tmin_d4": 0.3, "tmin_d5": 1.7, "tmin_d6": 1.4, "day_of_year": 252, "uuid": "4e771fff-8bac-458e-b460-99ddb47d36e5", "inat_id": 94285917}}, {"type": "Feature", "geometry": {"type": "Point", "coordinates": [-107.683662223, 37.7743254763]}, "properties": {"species": "Cantharellus roseocanus", "date": "2021-09-09", "location": "Colorado, US", "elevation": 3499.0, "land_cover_label": "Bare / sparse vegetation", "water_mask": false, "exclude_reason": "keep", "ndvi": null, "soil_moisture": null, "solar_exposure": null, "wind_exposure": null, "water_retention": null, "slope": null, "aspect": null, "num_identification_agreements": 1, "cluster": 0, "tavg": null, "tmin": 11.0, "tmax": 26.0, "prcp_d0": 0.0, "prcp_d1": 0.0, "prcp_d2": 0.0, "prcp_d3": 0.0, "prcp_d4": 0.0, "prcp_d5": 0.0, "prcp_d6": 0.0, "tmax_d0": 19.4, "tmax_d1": 19.2, "tmax_d2": 20.3, "tmax_d3": 17.8, "tmax_d4": 17.3, "tmax_d5": 16.6, "tmax_d6": 14.1, "tmin_d0": -0.6, "tmin_d1": 1.9, "tmin_d2": -1.5, "tmin_d3": 0.4, "tmin_d4": -2.1, "tmin_d5": -1.8, "tmin_d6": 0.4, "day_of_year": 252, "uuid": "42649a9c-3576-4835-bb8d-d9a30989f297", "inat_id": 94286792}}, {"type": "Feature", "geometry": {"type": "Point", "coordinates": [-107.6459924822, 37.6894206952]}, "properties": {"species": "Cantharellus roseocanus", "date": "2021-09-09", "location": "Colorado, US", "elevation": 3144.0, "land_cover_label": "Tree cover", "water_mask": false, "exclude_reason": "keep", "ndvi": null, "soil_moisture": null, "solar_exposure": null, "wind_exposure": null, "water_retention": null, "slope": null, "aspect": null, "num_identification_agreements": 2, "cluster": 0, "tavg": null, "tmin": 11.0, "tmax": 26.0, "prcp_d0": 0.0, "prcp_d1": 0.0, "prcp_d2": 0.0, "prcp_d3": 0.0, "prcp_d4": 0.0, "prcp_d5": 0.0, "prcp_d6": 0.0, "tmax_d0": 21.6, "tmax_d1": 21.0, "tmax_d2": 22.2, "tmax_d3": 20.1, "tmax_d4": 19.9, "tmax_d5": 18.8, "tmax_d6": 16.1, "tmin_d0": 2.8, "tmin_d1": 3.4, "tmin_d2": 0.7, "tmin_d3": 3.1, "tmin_d4": -0.0, "tmin_d5": 1.8, "tmin_d6": 2.5, "day_of_year": 252, "uuid": "4db10d11-eb04-41a2-91d9-8015c0b08807", "inat_id": 94285140}}, {"type": "Feature", "geometry": {"type": "Point", "coordinates": [-121.7772970726, 45.3050726079]}, "properties": {"species": "Cantharellus roseocanus", "date": "2021-09-12", "location": "Oregon, US", "elevation": 1132.0, "land_cover_label": "Tree cover", "water_mask": false, "exclude_reason": "keep", "ndvi": null, "soil_moisture": null, "solar_exposure": null, "wind_exposure": null, "water_retention": null, "slope": null, "aspect": null, "num_identification_agreements": 2, "cluster": 0, "tavg": null, "tmin": null, "tmax": null, "prcp_d0": 0.0, "prcp_d1": 0.0, "prcp_d2": 18.378631591796875, "prcp_d3": 0.0, "prcp_d4": 0.0, "prcp_d5": 0.0, "prcp_d6": 0.0, "tmax_d0": 17.6, "tmax_d1": 19.3, "tmax_d2": 19.4, "tmax_d3": 22.8, "tmax_d4": 28.1, "tmax_d5": 29.7, "tmax_d6": 24.1, "tmin_d0": 9.3, "tmin_d1": 7.0, "tmin_d2": 11.6, "tmin_d3": 12.3, "tmin_d4": 13.1, "tmin_d5": 14.0, "tmin_d6": 10.9, "day_of_year": 255, "uuid": "7ac948c5-3c8f-4c3e-be01-a968bcb62928", "inat_id": 94682658}}, {"type": "Feature", "geometry": {"type": "Point", "coordinates": [-105.523509187, 40.0875649151]}, "properties": {"species": "Cantharellus roseocanus", "date": "2022-07-08", "location": "Colorado, US", "elevation": 2925.0, "land_cover_label": "Tree cover", "water_mask": false, "exclude_reason": "keep", "ndvi": null, "soil_moisture": 0.349688966483629, "solar_exposure": 0.6304116249084473, "wind_exposure": 0.3681936264038086, "water_retention": 0.1828271895647049, "slope": 16.341882705688477, "aspect": 11.150851249694824, "num_identification_agreements": 2, "cluster": 0, "tavg": null, "tmin": 16.0, "tmax": 35.0, "prcp_d0": 0.0, "prcp_d1": 0.0, "prcp_d2": 0.0, "prcp_d3": 0.0, "prcp_d4": 0.0, "prcp_d5": 0.0, "prcp_d6": 0.0, "tmax_d0": 22.2, "tmax_d1": 18.8, "tmax_d2": 16.1, "tmax_d3": 20.1, "tmax_d4": 20.0, "tmax_d5": 20.9, "tmax_d6": 17.2, "tmin_d0": 7.9, "tmin_d1": 7.0, "tmin_d2": 8.1, "tmin_d3": 9.9, "tmin_d4": 9.4, "tmin_d5": 8.4, "tmin_d6": 5.6, "day_of_year": 189, "uuid": "91824c57-e495-4726-9759-7d63a8f87a9d", "inat_id": 125393291}}, {"type": "Feature", "geometry": {"type": "Point", "coordinates": [-105.3785166667, 39.5669305556]}, "properties": {"species": "Cantharellus roseocanus", "date": "2022-07-12", "location": "Shadow Mountain, CO, USA", "elevation": 2542.0, "land_cover_label": "Tree cover", "water_mask": false, "exclude_reason": "keep", "ndvi": null, "soil_moisture": 0.3616454062272239, "solar_exposure": 0.7948939204216003, "wind_exposure": 0.2781064808368683, "water_retention": 0.2039779722690582, "slope": 6.114936828613281, "aspect": 52.55630493164063, "num_identification_agreements": 1, "cluster": 0, "tavg": null, "tmin": 1.4, "tmax": 15.2, "prcp_d0": 0.0, "prcp_d1": 4.891915321350098, "prcp_d2": 0.0, "prcp_d3": 14.02363109588623, "prcp_d4": 0.0, "prcp_d5": 0.0, "prcp_d6": 0.0, "tmax_d0": 26.3, "tmax_d1": 21.9, "tmax_d2": 28.4, "tmax_d3": 28.6, "tmax_d4": 26.4, "tmax_d5": 24.1, "tmax_d6": 20.1, "tmin_d0": 11.0, "tmin_d1": 12.3, "tmin_d2": 12.7, "tmin_d3": 12.4, "tmin_d4": 9.5, "tmin_d5": 7.9, "tmin_d6": 11.5, "day_of_year": 193, "uuid": "29db6311-fae4-4683-bb87-b54b918e0826", "inat_id": 126019258}}, {"type": "Feature", "geometry": {"type": "Point", "coordinates": [-106.245897555, 38.6781949819]}, "properties": {"species": "Cantharellus roseocanus", "date": "2022-07-22", "location": "Pike and San Isabel National Forests, Nathrop, CO, US", "elevation": 4175.0, "land_cover_label": "Bare / sparse vegetation", "water_mask": false, "exclude_reason": "keep", "ndvi": null, "soil_moisture": null, "solar_exposure": null, "wind_exposure": null, "water_retention": null, "slope": null, "aspect": null, "num_identification_agreements": 1, "cluster": 0, "tavg": null, "tmin": 6.3, "tmax": 23.5, "prcp_d0": 0.0, "prcp_d1": 0.0, "prcp_d2": 7.034010887145996, "prcp_d3": 7.034010887145996, "prcp_d4": 0.0, "prcp_d5": 0.0, "prcp_d6": 7.034010887145996, "tmax_d0": 14.8, "tmax_d1": 13.5, "tmax_d2": 14.1, "tmax_d3": 15.1, "tmax_d4": 14.9, "tmax_d5": 14.4, "tmax_d6": 14.6, "tmin_d0": 4.1, "tmin_d1": 3.3, "tmin_d2": 3.5, "tmin_d3": 5.4, "tmin_d4": 4.5, "tmin_d5": 3.8, "tmin_d6": 3.9, "day_of_year": 203, "uuid": "702445d5-d9cf-4589-a84a-a6502d3cdfd5", "inat_id": 128081553}}, {"type": "Feature", "geometry": {"type": "Point", "coordinates": [-105.5760277778, 39.5128583333]}, "properties": {"species": "Cantharellus roseocanus", "date": "2022-07-25", "location": "Bailey, CO 80421, USA", "elevation": 2904.0, "land_cover_label": "Tree cover", "water_mask": false, "exclude_reason": "keep", "ndvi": null, "soil_moisture": 0.4147273887499267, "solar_exposure": 0.7223148345947266, "wind_exposure": 0.2326890230178833, "water_retention": 0.5520332455635071, "slope": 15.27955722808838, "aspect": 58.89609909057617, "num_identification_agreements": 2, "cluster": 3, "tavg": null, "tmin": 2.4, "tmax": 15.2, "prcp_d0": 20.46459579467773, "prcp_d1": 0.0, "prcp_d2": 0.0, "prcp_d3": 0.0, "prcp_d4": 0.0, "prcp_d5": 0.0, "prcp_d6": 0.0, "tmax_d0": 20.9, "tmax_d1": 18.8, "tmax_d2": 23.8, "tmax_d3": 23.1, "tmax_d4": 23.4, "tmax_d5": 20.5, "tmax_d6": 22.1, "tmin_d0": 8.0, "tmin_d1": 9.7, "tmin_d2": 9.5, "tmin_d3": 8.7, "tmin_d4": 7.5, "tmin_d5": 8.5, "tmin_d6": 10.6, "day_of_year": 206, "uuid": "da60a55d-2e4f-4447-a148-90a9532a6711", "inat_id": 127891100}}, {"type": "Feature", "geometry": {"type": "Point", "coordinates": [-105.3777111111, 39.5647916667]}, "properties": {"species": "Cantharellus roseocanus", "date": "2022-07-26", "location": "Shadow Mountain, CO, USA", "elevation": 2560.0, "land_cover_label": "Tree cover", "water_mask": false, "exclude_reason": "keep", "ndvi": null, "soil_moisture": 0.3553128008685035, "solar_exposure": 0.7871306538581848, "wind_exposure": 0.2778513729572296, "water_retention": 0.4963271617889404, "slope": 4.810083866119385, "aspect": 14.637316703796388, "num_identification_agreements": 1, "cluster": 3, "tavg": null, "tmin": 4.6, "tmax": 15.3, "prcp_d0": 0.0, "prcp_d1": 20.309484481811523, "prcp_d2": 0.0, "prcp_d3": 0.0, "prcp_d4": 0.0, "prcp_d5": 0.0, "prcp_d6": 0.0, "tmax_d0": 23.4, "tmax_d1": 23.6, "tmax_d2": 21.0, "tmax_d3": 26.8, "tmax_d4": 27.5, "tmax_d5": 27.3, "tmax_d6": 24.4, "tmin_d0": 12.0, "tmin_d1": 10.0, "tmin_d2": 12.5, "tmin_d3": 15.3, "tmin_d4": 11.5, "tmin_d5": 10.3, "tmin_d6": 11.5, "day_of_year": 207, "uuid": "733968b5-ecb2-4bc5-8d60-83f66cf421d1", "inat_id": 128090444}}, {"type": "Feature", "geometry": {"type": "Point", "coordinates": [-105.0663694, 38.8624891]}, "properties": {"species": "Cantharellus roseocanus", "date": "2022-07-26", "location": "Devils Playground, Colorado 80809, USA", "elevation": 3979.0, "land_cover_label": "Grassland", "water_mask": false, "exclude_reason": "keep", "ndvi": null, "soil_moisture": null, "solar_exposure": null, "wind_exposure": null, "water_retention": null, "slope": null, "aspect": null, "num_identification_agreements": 3, "cluster": 0, "tavg": null, "tmin": 14.3, "tmax": 29.2, "prcp_d0": 13.182658195495604, "prcp_d1": 8.758846282958984, "prcp_d2": 8.758846282958984, "prcp_d3": 0.0, "prcp_d4": 0.0, "prcp_d5": 0.0, "prcp_d6": 7.829586029052734, "tmax_d0": 15.1, "tmax_d1": 14.3, "tmax_d2": 14.0, "tmax_d3": 17.3, "tmax_d4": 16.0, "tmax_d5": 16.0, "tmax_d6": 15.3, "tmin_d0": 2.9, "tmin_d1": 0.4, "tmin_d2": 3.2, "tmin_d3": 5.4, "tmin_d4": 2.7, "tmin_d5": 2.7, "tmin_d6": 3.4, "day_of_year": 207, "uuid": "1e68053c-0a5d-4176-983e-7f606c7f1c7a", "inat_id": 218263974}}, {"type": "Feature", "geometry": {"type": "Point", "coordinates": [-105.3778805556, 39.5663944444]}, "properties": {"species": "Cantharellus roseocanus", "date": "2022-07-28", "location": "Shadow Mountain, CO, USA", "elevation": 2560.0, "land_cover_label": "Tree cover", "water_mask": false, "exclude_reason": "keep", "ndvi": null, "soil_moisture": 0.308930505958868, "solar_exposure": 0.7857568264007568, "wind_exposure": 0.3062022030353546, "water_retention": 0.4895711243152618, "slope": 5.666306018829346, "aspect": 325.1439514160156, "num_identification_agreements": 1, "cluster": 3, "tavg": null, "tmin": 3.0, "tmax": 12.0, "prcp_d0": 14.92923355102539, "prcp_d1": 0.0, "prcp_d2": 0.0, "prcp_d3": 20.309484481811523, "prcp_d4": 0.0, "prcp_d5": 0.0, "prcp_d6": 0.0, "tmax_d0": 22.2, "tmax_d1": 26.1, "tmax_d2": 23.4, "tmax_d3": 23.6, "tmax_d4": 21.0, "tmax_d5": 26.8, "tmax_d6": 27.5, "tmin_d0": 12.0, "tmin_d1": 10.9, "tmin_d2": 12.0, "tmin_d3": 10.0, "tmin_d4": 12.5, "tmin_d5": 15.3, "tmin_d6": 11.5, "day_of_year": 209, "uuid": "9800aa74-79e9-4e38-b0d1-d7633606574f", "inat_id": 128407347}}, {"type": "Feature", "geometry": {"type": "Point", "coordinates": [-105.3633283333, 39.5774466667]}, "properties": {"species": "Cantharellus roseocanus", "date": "2022-07-29", "location": "Arapaho & Roosevelt National Forests Pawnee National Grassland, Evergreen, CO, US", "elevation": 2425.0, "land_cover_label": "Tree cover", "water_mask": false, "exclude_reason": "keep", "ndvi": null, "soil_moisture": 0.3734314362586229, "solar_exposure": 0.6999343633651733, "wind_exposure": 0.3158762753009796, "water_retention": 0.337376594543457, "slope": 13.335274696350098, "aspect": 323.26904296875, "num_identification_agreements": 2, "cluster": 0, "tavg": null, "tmin": 1.4, "tmax": 11.7, "prcp_d0": 0.0, "prcp_d1": 14.92923355102539, "prcp_d2": 0.0, "prcp_d3": 0.0, "prcp_d4": 20.309484481811523, "prcp_d5": 0.0, "prcp_d6": 0.0, "tmax_d0": 19.9, "tmax_d1": 21.4, "tmax_d2": 25.9, "tmax_d3": 23.4, "tmax_d4": 23.4, "tmax_d5": 20.1, "tmax_d6": 26.8, "tmin_d0": 12.2, "tmin_d1": 11.8, "tmin_d2": 11.1, "tmin_d3": 12.2, "tmin_d4": 10.0, "tmin_d5": 12.0, "tmin_d6": 15.5, "day_of_year": 210, "uuid": "bf0f6cee-4eeb-482e-bd9c-1863f903aa20", "inat_id": 128568677}}, {"type": "Feature", "geometry": {"type": "Point", "coordinates": [-106.3735419139, 39.4687013474]}, "properties": {"species": "Cantharellus roseocanus", "date": "2022-07-31", "location": "Red Cliff, CO 81649, USA", "elevation": 2702.0, "land_cover_label": "Tree cover", "water_mask": false, "exclude_reason": "keep", "ndvi": null, "soil_moisture": null, "solar_exposure": null, "wind_exposure": null, "water_retention": null, "slope": null, "aspect": null, "num_identification_agreements": 1, "cluster": 0, "tavg": null, "tmin": 5.6, "tmax": 20.0, "prcp_d0": 0.0, "prcp_d1": 0.0, "prcp_d2": 0.0, "prcp_d3": 0.0, "prcp_d4": 0.0, "prcp_d5": 0.0, "prcp_d6": 0.0, "tmax_d0": 21.3, "tmax_d1": 22.1, "tmax_d2": 18.4, "tmax_d3": 21.7, "tmax_d4": 23.8, "tmax_d5": 21.8, "tmax_d6": 22.6, "tmin_d0": 5.7, "tmin_d1": 4.7, "tmin_d2": 6.3, "tmin_d3": 8.0, "tmin_d4": 5.7, "tmin_d5": 5.9, "tmin_d6": 5.9, "day_of_year": 212, "uuid": "86ae3fc3-d89c-454a-8d0e-46173e4d4085", "inat_id": 129547044}}, {"type": "Feature", "geometry": {"type": "Point", "coordinates": [-106.1688289137, 39.7066560799]}, "properties": {"species": "Cantharellus roseocanus", "date": "2022-08-02", "location": "White River National Forest, Silverthorne, CO, US", "elevation": 2937.0, "land_cover_label": "Tree cover", "water_mask": false, "exclude_reason": "keep", "ndvi": null, "soil_moisture": null, "solar_exposure": null, "wind_exposure": null, "water_retention": null, "slope": null, "aspect": null, "num_identification_agreements": 1, "cluster": 0, "tavg": null, "tmin": 9.0, "tmax": 18.0, "prcp_d0": 19.766027450561523, "prcp_d1": 0.0, "prcp_d2": 0.0, "prcp_d3": 0.0, "prcp_d4": 0.0, "prcp_d5": 0.0, "prcp_d6": 0.0, "tmax_d0": 20.8, "tmax_d1": 21.3, "tmax_d2": 20.6, "tmax_d3": 20.4, "tmax_d4": 18.3, "tmax_d5": 21.3, "tmax_d6": 22.2, "tmin_d0": 5.5, "tmin_d1": 6.2, "tmin_d2": 6.1, "tmin_d3": 4.6, "tmin_d4": 4.1, "tmin_d5": 8.4, "tmin_d6": 5.8, "day_of_year": 214, "uuid": "75931b31-0c86-4640-8a9f-c73ce71f7636", "inat_id": 129383613}}, {"type": "Feature", "geometry": {"type": "Point", "coordinates": [-105.3169169465, 39.2222352518]}, "properties": {"species": "Cantharellus roseocanus", "date": "2022-08-02", "location": "Colorado, US", "elevation": 2359.0, "land_cover_label": "Grassland", "water_mask": false, "exclude_reason": "keep", "ndvi": null, "soil_moisture": 0.2375059075560458, "solar_exposure": 0.8562808632850647, "wind_exposure": 0.3575397431850433, "water_retention": 0.3351628184318542, "slope": 1.7537903785705566, "aspect": 152.41958618164062, "num_identification_agreements": 2, "cluster": 0, "tavg": null, "tmin": 6.7, "tmax": 21.6, "prcp_d0": 11.22518253326416, "prcp_d1": 0.0, "prcp_d2": 0.0, "prcp_d3": 0.0, "prcp_d4": 0.0, "prcp_d5": 12.495525360107422, "prcp_d6": 12.495525360107422, "tmax_d0": 27.7, "tmax_d1": 27.9, "tmax_d2": 26.1, "tmax_d3": 27.0, "tmax_d4": 22.2, "tmax_d5": 24.5, "tmax_d6": 27.7, "tmin_d0": 14.3, "tmin_d1": 13.0, "tmin_d2": 13.9, "tmin_d3": 10.9, "tmin_d4": 13.4, "tmin_d5": 13.9, "tmin_d6": 12.1, "day_of_year": 214, "uuid": "349f4527-c975-43b4-8738-e120c58f8860", "inat_id": 129265082}}, {"type": "Feature", "geometry": {"type": "Point", "coordinates": [-105.3848305556, 39.3410333333]}, "properties": {"species": "Cantharellus roseocanus", "date": "2022-08-03", "location": "Pine, CO 80470, USA", "elevation": 2510.0, "land_cover_label": "Tree cover", "water_mask": false, "exclude_reason": "keep", "ndvi": null, "soil_moisture": 0.2696681631554803, "solar_exposure": 0.660123884677887, "wind_exposure": 0.4003204107284546, "water_retention": 0.1828257441520691, "slope": 16.34221649169922, "aspect": 324.53778076171875, "num_identification_agreements": 1, "cluster": 0, "tavg": null, "tmin": 6.8, "tmax": 18.8, "prcp_d0": 0.0, "prcp_d1": 4.162250518798828, "prcp_d2": 0.0, "prcp_d3": 0.0, "prcp_d4": 0.0, "prcp_d5": 0.0, "prcp_d6": 22.81641960144043, "tmax_d0": 22.6, "tmax_d1": 25.9, "tmax_d2": 25.7, "tmax_d3": 23.1, "tmax_d4": 24.7, "tmax_d5": 20.1, "tmax_d6": 22.4, "tmin_d0": 14.7, "tmin_d1": 13.5, "tmin_d2": 13.3, "tmin_d3": 14.2, "tmin_d4": 11.2, "tmin_d5": 12.1, "tmin_d6": 11.9, "day_of_year": 215, "uuid": "d125bd6d-a96a-415d-8c33-f9b8fa79856b", "inat_id": 129376069}}, {"type": "Feature", "geometry": {"type": "Point", "coordinates": [-105.5762466667, 38.0797528333]}, "properties": {"species": "Cantharellus roseocanus", "date": "2022-08-06", "location": "Pike and San Isabel National Forests, Westcliffe, CO, US", "elevation": 2921.0, "land_cover_label": "Tree cover", "water_mask": false, "exclude_reason": "keep", "ndvi": null, "soil_moisture": null, "solar_exposure": null, "wind_exposure": null, "water_retention": null, "slope": null, "aspect": null, "num_identification_agreements": 1, "cluster": 0, "tavg": null, "tmin": null, "tmax": null, "prcp_d0": 0.0, "prcp_d1": 2.4350502490997314, "prcp_d2": 2.4350502490997314, "prcp_d3": 2.4350502490997314, "prcp_d4": 2.4350502490997314, "prcp_d5": 0.0, "prcp_d6": 0.0, "tmax_d0": 22.8, "tmax_d1": 23.5, "tmax_d2": 22.0, "tmax_d3": 20.9, "tmax_d4": 22.9, "tmax_d5": 22.8, "tmax_d6": 21.4, "tmin_d0": 7.9, "tmin_d1": 8.1, "tmin_d2": 7.6, "tmin_d3": 9.1, "tmin_d4": 7.6, "tmin_d5": 6.8, "tmin_d6": 7.8, "day_of_year": 218, "uuid": "a0454ccb-d22b-4d83-81e3-68c35efddb9e", "inat_id": 129697150}}, {"type": "Feature", "geometry": {"type": "Point", "coordinates": [-108.0099627168, 39.0432779754]}, "properties": {"species": "Cantharellus roseocanus", "date": "2022-08-06", "location": "Mesa County, CO, USA", "elevation": 3311.0, "land_cover_label": "Tree cover", "water_mask": false, "exclude_reason": "keep", "ndvi": null, "soil_moisture": null, "solar_exposure": null, "wind_exposure": null, "water_retention": null, "slope": null, "aspect": null, "num_identification_agreements": 1, "cluster": 0, "tavg": null, "tmin": 18.4, "tmax": 37.4, "prcp_d0": 7.687652587890625, "prcp_d1": 0.0, "prcp_d2": 0.0, "prcp_d3": 0.0, "prcp_d4": 0.0, "prcp_d5": 0.0, "prcp_d6": 0.0, "tmax_d0": 18.1, "tmax_d1": 17.6, "tmax_d2": 19.6, "tmax_d3": 18.2, "tmax_d4": 17.1, "tmax_d5": 18.2, "tmax_d6": 17.1, "tmin_d0": 7.1, "tmin_d1": 9.3, "tmin_d2": 8.5, "tmin_d3": 8.1, "tmin_d4": 5.2, "tmin_d5": 7.6, "tmin_d6": 6.1, "day_of_year": 218, "uuid": "8a0d6d2f-9598-47ad-a28a-8b3ec34bce85", "inat_id": 130160174}}, {"type": "Feature", "geometry": {"type": "Point", "coordinates": [-106.944702, 38.992786]}, "properties": {"species": "Cantharellus roseocanus", "date": "2022-08-06", "location": "Gunnison County, CO, USA", "elevation": 3313.0, "land_cover_label": "Tree cover", "water_mask": false, "exclude_reason": "keep", "ndvi": null, "soil_moisture": null, "solar_exposure": null, "wind_exposure": null, "water_retention": null, "slope": null, "aspect": null, "num_identification_agreements": 3, "cluster": 0, "tavg": null, "tmin": 12.8, "tmax": 28.3, "prcp_d0": 0.0, "prcp_d1": 0.0, "prcp_d2": 0.0, "prcp_d3": 10.84520435333252, "prcp_d4": 10.84520435333252, "prcp_d5": 0.0, "prcp_d6": 0.0, "tmax_d0": 18.8, "tmax_d1": 17.7, "tmax_d2": 18.4, "tmax_d3": 17.5, "tmax_d4": 17.1, "tmax_d5": 18.4, "tmax_d6": 16.9, "tmin_d0": 6.2, "tmin_d1": 6.7, "tmin_d2": 5.1, "tmin_d3": 4.3, "tmin_d4": 4.5, "tmin_d5": 4.6, "tmin_d6": 1.1, "day_of_year": 218, "uuid": "32ea7ccd-dd58-4751-aee2-0d9c0313b7c7", "inat_id": 243263065}}, {"type": "Feature", "geometry": {"type": "Point", "coordinates": [-106.2233026812, 39.7910736822]}, "properties": {"species": "Cantharellus roseocanus", "date": "2022-08-07", "location": "White River National Forest, Silverthorne, CO, US", "elevation": 2713.0, "land_cover_label": "Tree cover", "water_mask": false, "exclude_reason": "keep", "ndvi": null, "soil_moisture": null, "solar_exposure": null, "wind_exposure": null, "water_retention": null, "slope": null, "aspect": null, "num_identification_agreements": 1, "cluster": 0, "tavg": null, "tmin": 12.0, "tmax": 20.0, "prcp_d0": 0.0, "prcp_d1": 6.79520845413208, "prcp_d2": 16.201526641845703, "prcp_d3": 5.036765575408936, "prcp_d4": 0.0, "prcp_d5": 0.0, "prcp_d6": 0.0, "tmax_d0": 23.7, "tmax_d1": 25.3, "tmax_d2": 25.8, "tmax_d3": 25.8, "tmax_d4": 23.6, "tmax_d5": 22.8, "tmax_d6": 24.0, "tmin_d0": 9.8, "tmin_d1": 10.0, "tmin_d2": 11.0, "tmin_d3": 8.5, "tmin_d4": 8.0, "tmin_d5": 8.0, "tmin_d6": 8.7, "day_of_year": 219, "uuid": "c0292418-03a1-4c38-9056-08cdfe7f3ec6", "inat_id": 129922435}}, {"type": "Feature", "geometry": {"type": "Point", "coordinates": [-106.4617083333, 39.4128416667]}, "properties": {"species": "Cantharellus roseocanus", "date": "2022-08-07", "location": "White River National Forest, Basalt, CO, US", "elevation": 3267.0, "land_cover_label": "Tree cover", "water_mask": false, "exclude_reason": "keep", "ndvi": null, "soil_moisture": null, "solar_exposure": null, "wind_exposure": null, "water_retention": null, "slope": null, "aspect": null, "num_identification_agreements": 1, "cluster": 0, "tavg": null, "tmin": 6.1, "tmax": 23.3, "prcp_d0": 0.0, "prcp_d1": 0.0, "prcp_d2": 0.0, "prcp_d3": 0.0, "prcp_d4": 0.0, "prcp_d5": 17.14266586303711, "prcp_d6": 0.0, "tmax_d0": 19.8, "tmax_d1": 20.6, "tmax_d2": 19.6, "tmax_d3": 20.4, "tmax_d4": 19.0, "tmax_d5": 18.2, "tmax_d6": 18.6, "tmin_d0": 4.0, "tmin_d1": 3.8, "tmin_d2": 4.6, "tmin_d3": 4.1, "tmin_d4": 3.5, "tmin_d5": 3.1, "tmin_d6": 3.6, "day_of_year": 219, "uuid": "f0587add-ae9d-43b4-b132-f82f5d6a8ffa", "inat_id": 129890475}}, {"type": "Feature", "geometry": {"type": "Point", "coordinates": [-107.9654759826, 39.0459447244]}, "properties": {"species": "Cantharellus roseocanus", "date": "2022-08-08", "location": "Grand Mesa Uncompahgre and Gunnison National Forests, Cedaredge, CO, US", "elevation": 3159.0, "land_cover_label": "Tree cover", "water_mask": false, "exclude_reason": "keep", "ndvi": null, "soil_moisture": null, "solar_exposure": null, "wind_exposure": null, "water_retention": null, "slope": null, "aspect": null, "num_identification_agreements": 1, "cluster": 0, "tavg": null, "tmin": 18.7, "tmax": 37.2, "prcp_d0": 0.0, "prcp_d1": 0.0, "prcp_d2": 7.380833625793457, "prcp_d3": 0.0, "prcp_d4": 0.0, "prcp_d5": 0.0, "prcp_d6": 0.0, "tmax_d0": 20.3, "tmax_d1": 19.5, "tmax_d2": 19.1, "tmax_d3": 18.6, "tmax_d4": 20.6, "tmax_d5": 19.2, "tmax_d6": 18.1, "tmin_d0": 8.6, "tmin_d1": 7.1, "tmin_d2": 8.2, "tmin_d3": 10.3, "tmin_d4": 9.6, "tmin_d5": 9.1, "tmin_d6": 6.2, "day_of_year": 220, "uuid": "4692c78f-4364-405d-8d89-a9e2b746dd4a", "inat_id": 261896181}}, {"type": "Feature", "geometry": {"type": "Point", "coordinates": [-110.424422, 40.6543677]}, "properties": {"species": "Cantharellus roseocanus", "date": "2022-08-08", "location": "Duchesne County, UT, USA", "elevation": 2775.0, "land_cover_label": "Tree cover", "water_mask": false, "exclude_reason": "keep", "ndvi": null, "soil_moisture": null, "solar_exposure": null, "wind_exposure": null, "water_retention": null, "slope": null, "aspect": null, "num_identification_agreements": 2, "cluster": 0, "tavg": null, "tmin": null, "tmax": null, "prcp_d0": 0.0, "prcp_d1": 0.0, "prcp_d2": 0.0, "prcp_d3": 0.0, "prcp_d4": 0.0, "prcp_d5": 0.0, "prcp_d6": 0.0, "tmax_d0": 22.8, "tmax_d1": 18.8, "tmax_d2": 19.3, "tmax_d3": 23.4, "tmax_d4": 23.8, "tmax_d5": 22.4, "tmax_d6": 20.6, "tmin_d0": 7.8, "tmin_d1": 7.2, "tmin_d2": 10.1, "tmin_d3": 12.3, "tmin_d4": 8.9, "tmin_d5": 7.7, "tmin_d6": 9.2, "day_of_year": 220, "uuid": "d762f7e3-5610-4c17-9199-ba366a420833", "inat_id": 130062143}}, {"type": "Feature", "geometry": {"type": "Point", "coordinates": [-105.9921035699, 39.77781987]}, "properties": {"species": "Cantharellus roseocanus", "date": "2022-08-08", "location": "Grand, Colorado, United States", "elevation": 2813.0, "land_cover_label": "Tree cover", "water_mask": false, "exclude_reason": "keep", "ndvi": null, "soil_moisture": 0.3345442055986906, "solar_exposure": 0.6829354166984558, "wind_exposure": 0.1623961478471756, "water_retention": 0.3160608410835266, "slope": 12.601693153381348, "aspect": 5.4581685066223145, "num_identification_agreements": 2, "cluster": 3, "tavg": null, "tmin": 1.4, "tmax": 15.2, "prcp_d0": 0.0, "prcp_d1": 0.0, "prcp_d2": 8.824825286865234, "prcp_d3": 5.339236736297607, "prcp_d4": 0.0, "prcp_d5": 5.339236736297607, "prcp_d6": 5.339236736297607, "tmax_d0": 22.7, "tmax_d1": 22.0, "tmax_d2": 24.0, "tmax_d3": 24.1, "tmax_d4": 24.5, "tmax_d5": 21.3, "tmax_d6": 21.5, "tmin_d0": 8.2, "tmin_d1": 10.5, "tmin_d2": 10.2, "tmin_d3": 10.6, "tmin_d4": 9.6, "tmin_d5": 8.1, "tmin_d6": 6.9, "day_of_year": 220, "uuid": "de69330f-4bc0-4d2c-9c6a-b7c83bb88776", "inat_id": 139777265}}, {"type": "Feature", "geometry": {"type": "Point", "coordinates": [-107.9861361117, 37.768444445]}, "properties": {"species": "Cantharellus roseocanus", "date": "2022-08-09", "location": "Dolores, Colorado, United States", "elevation": 2839.0, "land_cover_label": "Bare / sparse vegetation", "water_mask": false, "exclude_reason": "keep", "ndvi": null, "soil_moisture": null, "solar_exposure": null, "wind_exposure": null, "water_retention": null, "slope": null, "aspect": null, "num_identification_agreements": 1, "cluster": 0, "tavg": null, "tmin": 12.0, "tmax": 26.0, "prcp_d0": 0.0, "prcp_d1": 0.0, "prcp_d2": 0.0, "prcp_d3": 0.0, "prcp_d4": 15.26712131500244, "prcp_d5": 7.633560657501221, "prcp_d6": 0.0, "tmax_d0": 22.6, "tmax_d1": 21.2, "tmax_d2": 21.3, "tmax_d3": 20.1, "tmax_d4": 20.4, "tmax_d5": 21.8, "tmax_d6": 22.1, "tmin_d0": 7.5, "tmin_d1": 8.7, "tmin_d2": 8.8, "tmin_d3": 9.8, "tmin_d4": 10.0, "tmin_d5": 9.5, "tmin_d6": 7.7, "day_of_year": 221, "uuid": "b2d65f15-2761-4699-beda-c2461a9c6242", "inat_id": 132948466}}, {"type": "Feature", "geometry": {"type": "Point", "coordinates": [-106.9795539019, 38.9743768994]}, "properties": {"species": "Cantharellus roseocanus", "date": "2022-08-09", "location": "Grand Mesa Uncompahgre and Gunnison National Forests, Crested Butte, CO, US", "elevation": 3323.0, "land_cover_label": "Grassland", "water_mask": false, "exclude_reason": "keep", "ndvi": null, "soil_moisture": null, "solar_exposure": null, "wind_exposure": null, "water_retention": null, "slope": null, "aspect": null, "num_identification_agreements": 2, "cluster": 0, "tavg": null, "tmin": 10.0, "tmax": 30.0, "prcp_d0": 0.0, "prcp_d1": 0.0, "prcp_d2": 0.0, "prcp_d3": 0.0, "prcp_d4": 0.0, "prcp_d5": 0.0, "prcp_d6": 9.745810508728027, "tmax_d0": 19.4, "tmax_d1": 18.7, "tmax_d2": 17.9, "tmax_d3": 17.8, "tmax_d4": 16.6, "tmax_d5": 18.2, "tmax_d6": 17.0, "tmin_d0": 4.8, "tmin_d1": 3.9, "tmin_d2": 6.1, "tmin_d3": 6.1, "tmin_d4": 6.6, "tmin_d5": 4.2, "tmin_d6": 5.1, "day_of_year": 221, "uuid": "e66ce9c1-2b61-4368-a631-f5143980ad21", "inat_id": 171485811}}, {"type": "Feature", "geometry": {"type": "Point", "coordinates": [-105.4425422547, 40.0214901161]}, "properties": {"species": "Cantharellus roseocanus", "date": "2022-08-11", "location": "Colorado, US", "elevation": 2585.0, "land_cover_label": "Grassland", "water_mask": false, "exclude_reason": "keep", "ndvi": null, "soil_moisture": 0.2710589340633652, "solar_exposure": 0.9293468594551086, "wind_exposure": 0.3747031092643738, "water_retention": 0.1617714166641235, "slope": 11.32885456085205, "aspect": 157.0963897705078, "num_identification_agreements": 2, "cluster": 0, "tavg": null, "tmin": 17.0, "tmax": 35.0, "prcp_d0": 0.0, "prcp_d1": 0.0, "prcp_d2": 0.0, "prcp_d3": 0.0, "prcp_d4": 16.19447135925293, "prcp_d5": 0.0, "prcp_d6": 4.342154026031494, "tmax_d0": 25.0, "tmax_d1": 23.7, "tmax_d2": 22.6, "tmax_d3": 20.4, "tmax_d4": 22.1, "tmax_d5": 23.6, "tmax_d6": 26.0, "tmin_d0": 9.6, "tmin_d1": 12.3, "tmin_d2": 8.9, "tmin_d3": 10.0, "tmin_d4": 11.0, "tmin_d5": 11.7, "tmin_d6": 16.3, "day_of_year": 223, "uuid": "fa3f2089-3eb9-42ed-bebc-758f44f4706f", "inat_id": 151994299}}, {"type": "Feature", "geometry": {"type": "Point", "coordinates": [-106.0256396234, 36.6515513371]}, "properties": {"species": "Cantharellus roseocanus", "date": "2022-08-15", "location": "Tres Piedras, NM 87577, USA", "elevation": 2636.0, "land_cover_label": "Tree cover", "water_mask": false, "exclude_reason": "keep", "ndvi": null, "soil_moisture": null, "solar_exposure": null, "wind_exposure": null, "water_retention": null, "slope": null, "aspect": null, "num_identification_agreements": 2, "cluster": 0, "tavg": null, "tmin": 10.6, "tmax": 30.0, "prcp_d0": 0.0, "prcp_d1": 8.123967170715332, "prcp_d2": 0.0, "prcp_d3": 0.0, "prcp_d4": 0.0, "prcp_d5": 0.0, "prcp_d6": 0.0, "tmax_d0": 25.0, "tmax_d1": 25.0, "tmax_d2": 24.1, "tmax_d3": 23.8, "tmax_d4": 23.1, "tmax_d5": 23.0, "tmax_d6": 22.4, "tmin_d0": 8.8, "tmin_d1": 9.4, "tmin_d2": 10.4, "tmin_d3": 8.8, "tmin_d4": 10.2, "tmin_d5": 9.0, "tmin_d6": 8.3, "day_of_year": 227, "uuid": "1381c62f-7d6a-44df-87f4-52afb965ea8a", "inat_id": 131011215}}, {"type": "Feature", "geometry": {"type": "Point", "coordinates": [-105.8811921385, 40.6798698976]}, "properties": {"species": "Cantharellus roseocanus", "date": "2022-08-15", "location": "Arapaho & Roosevelt National Forests Pawnee National Grassland, Bellvue, CO, US", "elevation": 3062.0, "land_cover_label": "Tree cover", "water_mask": false, "exclude_reason": "keep", "ndvi": null, "soil_moisture": 0.3511830069332567, "solar_exposure": 0.8102524280548096, "wind_exposure": 0.3617950677871704, "water_retention": 0.329604297876358, "slope": 4.751803874969482, "aspect": 58.50780487060547, "num_identification_agreements": 3, "cluster": 0, "tavg": null, "tmin": 11.1, "tmax": 19.2, "prcp_d0": 0.0, "prcp_d1": 8.854598999023438, "prcp_d2": 0.0, "prcp_d3": 8.854598999023438, "prcp_d4": 8.854598999023438, "prcp_d5": 0.0, "prcp_d6": 0.0, "tmax_d0": 16.3, "tmax_d1": 19.9, "tmax_d2": 20.1, "tmax_d3": 20.5, "tmax_d4": 23.0, "tmax_d5": 22.0, "tmax_d6": 23.4, "tmin_d0": 7.1, "tmin_d1": 6.9, "tmin_d2": 6.6, "tmin_d3": 6.4, "tmin_d4": 9.1, "tmin_d5": 6.5, "tmin_d6": 6.4, "day_of_year": 227, "uuid": "2863cded-0a69-4e67-ba8d-d218a61569ba", "inat_id": 130961828}}, {"type": "Feature", "geometry": {"type": "Point", "coordinates": [-106.5486616667, 37.3544383333]}, "properties": {"species": "Cantharellus roseocanus", "date": "2022-08-16", "location": "Rio Grande National Forest, Antonito, CO, US", "elevation": 3086.0, "land_cover_label": "Tree cover", "water_mask": false, "exclude_reason": "keep", "ndvi": null, "soil_moisture": null, "solar_exposure": null, "wind_exposure": null, "water_retention": null, "slope": null, "aspect": null, "num_identification_agreements": 2, "cluster": 0, "tavg": null, "tmin": 6.0, "tmax": 15.0, "prcp_d0": 0.0, "prcp_d1": 0.0, "prcp_d2": 0.0, "prcp_d3": 10.498618125915527, "prcp_d4": 0.0, "prcp_d5": 0.0, "prcp_d6": 0.0, "tmax_d0": 18.1, "tmax_d1": 19.3, "tmax_d2": 21.1, "tmax_d3": 20.4, "tmax_d4": 19.1, "tmax_d5": 20.2, "tmax_d6": 19.8, "tmin_d0": 6.5, "tmin_d1": 5.6, "tmin_d2": 7.5, "tmin_d3": 7.1, "tmin_d4": 7.6, "tmin_d5": 5.4, "tmin_d6": 5.6, "day_of_year": 228, "uuid": "ed4ce70e-5347-493a-956b-58ad97c6ff08", "inat_id": 131796525}}, {"type": "Feature", "geometry": {"type": "Point", "coordinates": [-107.9436052516, 37.7995503397]}, "properties": {"species": "Cantharellus roseocanus", "date": "2022-08-18", "location": "Colorado, US", "elevation": 3126.0, "land_cover_label": "Tree cover", "water_mask": false, "exclude_reason": "keep", "ndvi": null, "soil_moisture": null, "solar_exposure": null, "wind_exposure": null, "water_retention": null, "slope": null, "aspect": null, "num_identification_agreements": 1, "cluster": 0, "tavg": null, "tmin": 9.0, "tmax": 23.0, "prcp_d0": 0.0, "prcp_d1": 0.0, "prcp_d2": 11.528854370117188, "prcp_d3": 0.0, "prcp_d4": 0.0, "prcp_d5": 0.0, "prcp_d6": 0.0, "tmax_d0": 19.7, "tmax_d1": 16.2, "tmax_d2": 16.4, "tmax_d3": 17.9, "tmax_d4": 18.5, "tmax_d5": 17.6, "tmax_d6": 18.2, "tmin_d0": 5.4, "tmin_d1": 5.1, "tmin_d2": 6.5, "tmin_d3": 4.5, "tmin_d4": 7.0, "tmin_d5": 5.5, "tmin_d6": 4.2, "day_of_year": 230, "uuid": "29646406-890c-4eee-bcfa-3b7d1f68ffa3", "inat_id": 132949764}}, {"type": "Feature", "geometry": {"type": "Point", "coordinates": [-107.76883, 37.6590883333]}, "properties": {"species": "Cantharellus roseocanus", "date": "2022-08-18", "location": "San Juan National Forest headquarters, CO, US", "elevation": 2953.0, "land_cover_label": "Grassland", "water_mask": false, "exclude_reason": "keep", "ndvi": null, "soil_moisture": null, "solar_exposure": null, "wind_exposure": null, "water_retention": null, "slope": null, "aspect": null, "num_identification_agreements": 2, "cluster": 0, "tavg": null, "tmin": 9.0, "tmax": 23.0, "prcp_d0": 0.0, "prcp_d1": 0.0, "prcp_d2": 10.584659576416016, "prcp_d3": 0.0, "prcp_d4": 0.0, "prcp_d5": 0.0, "prcp_d6": 0.0, "tmax_d0": 19.8, "tmax_d1": 17.2, "tmax_d2": 17.7, "tmax_d3": 19.9, "tmax_d4": 20.7, "tmax_d5": 19.8, "tmax_d6": 19.0, "tmin_d0": 4.6, "tmin_d1": 4.6, "tmin_d2": 8.4, "tmin_d3": 4.6, "tmin_d4": 5.3, "tmin_d5": 5.0, "tmin_d6": 6.0, "day_of_year": 230, "uuid": "f4ac4f10-4281-455e-9a14-b301bddb36ec", "inat_id": 134130120}}, {"type": "Feature", "geometry": {"type": "Point", "coordinates": [-107.951547, 37.7964079722]}, "properties": {"species": "Cantharellus roseocanus", "date": "2022-08-18", "location": "Dolores, CO 81323, USA", "elevation": 3243.0, "land_cover_label": "Tree cover", "water_mask": false, "exclude_reason": "keep", "ndvi": null, "soil_moisture": null, "solar_exposure": null, "wind_exposure": null, "water_retention": null, "slope": null, "aspect": null, "num_identification_agreements": 1, "cluster": 0, "tavg": null, "tmin": 9.0, "tmax": 23.0, "prcp_d0": 0.0, "prcp_d1": 0.0, "prcp_d2": 0.0, "prcp_d3": 0.0, "prcp_d4": 38.37697982788086, "prcp_d5": 0.0, "prcp_d6": 0.0, "tmax_d0": 19.1, "tmax_d1": 15.7, "tmax_d2": 15.9, "tmax_d3": 17.3, "tmax_d4": 17.9, "tmax_d5": 17.0, "tmax_d6": 17.7, "tmin_d0": 4.9, "tmin_d1": 4.5, "tmin_d2": 5.9, "tmin_d3": 4.0, "tmin_d4": 6.4, "tmin_d5": 5.0, "tmin_d6": 3.7, "day_of_year": 230, "uuid": "4ff3d6f1-63e6-4406-8cd0-50913c372dd7", "inat_id": 132487290}}, {"type": "Feature", "geometry": {"type": "Point", "coordinates": [-107.9061782733, 37.8111406816]}, "properties": {"species": "Cantharellus roseocanus", "date": "2022-08-18", "location": "Lizard Head Pass", "elevation": 3123.0, "land_cover_label": "Moss and lichen", "water_mask": false, "exclude_reason": "keep", "ndvi": null, "soil_moisture": null, "solar_exposure": null, "wind_exposure": null, "water_retention": null, "slope": null, "aspect": null, "num_identification_agreements": 1, "cluster": 0, "tavg": null, "tmin": 9.0, "tmax": 23.0, "prcp_d0": 0.0, "prcp_d1": 0.0, "prcp_d2": 0.0, "prcp_d3": 0.0, "prcp_d4": 34.814048767089844, "prcp_d5": 0.0, "prcp_d6": 0.0, "tmax_d0": 19.9, "tmax_d1": 16.5, "tmax_d2": 16.7, "tmax_d3": 18.1, "tmax_d4": 18.7, "tmax_d5": 17.8, "tmax_d6": 18.5, "tmin_d0": 5.7, "tmin_d1": 5.3, "tmin_d2": 6.7, "tmin_d3": 4.8, "tmin_d4": 7.2, "tmin_d5": 5.8, "tmin_d6": 4.5, "day_of_year": 230, "uuid": "2580c8a8-e0ec-4245-b2c0-85bb37340163", "inat_id": 132310788}}, {"type": "Feature", "geometry": {"type": "Point", "coordinates": [-107.8689773681, 37.9477532142]}, "properties": {"species": "Cantharellus roseocanus", "date": "2022-08-19", "location": "Colorado, US", "elevation": 2634.0, "land_cover_label": "Bare / sparse vegetation", "water_mask": false, "exclude_reason": "keep", "ndvi": null, "soil_moisture": null, "solar_exposure": null, "wind_exposure": null, "water_retention": null, "slope": null, "aspect": null, "num_identification_agreements": 2, "cluster": 0, "tavg": null, "tmin": 10.0, "tmax": 17.0, "prcp_d0": 0.0, "prcp_d1": 0.0, "prcp_d2": 0.0, "prcp_d3": 0.0, "prcp_d4": 0.0, "prcp_d5": 0.0, "prcp_d6": 0.0, "tmax_d0": 20.9, "tmax_d1": 22.0, "tmax_d2": 19.6, "tmax_d3": 20.3, "tmax_d4": 21.8, "tmax_d5": 23.2, "tmax_d6": 22.3, "tmin_d0": 8.6, "tmin_d1": 7.1, "tmin_d2": 6.4, "tmin_d3": 8.2, "tmin_d4": 8.3, "tmin_d5": 7.4, "tmin_d6": 8.4, "day_of_year": 231, "uuid": "547a5fe1-b4c2-4320-9ced-e13313e35880", "inat_id": 131511378}}, {"type": "Feature", "geometry": {"type": "Point", "coordinates": [-107.9390429, 37.8029977997]}, "properties": {"species": "Cantharellus roseocanus", "date": "2022-08-19", "location": "Dolores County, CO, USA", "elevation": 3163.0, "land_cover_label": "Tree cover", "water_mask": false, "exclude_reason": "keep", "ndvi": null, "soil_moisture": null, "solar_exposure": null, "wind_exposure": null, "water_retention": null, "slope": null, "aspect": null, "num_identification_agreements": 3, "cluster": 2, "tavg": null, "tmin": 10.0, "tmax": 17.0, "prcp_d0": 0.0, "prcp_d1": 0.0, "prcp_d2": 0.0, "prcp_d3": 0.0, "prcp_d4": 0.0, "prcp_d5": 34.814048767089844, "prcp_d6": 0.0, "tmax_d0": 16.4, "tmax_d1": 19.6, "tmax_d2": 16.2, "tmax_d3": 16.4, "tmax_d4": 17.8, "tmax_d5": 18.4, "tmax_d6": 17.5, "tmin_d0": 6.8, "tmin_d1": 5.4, "tmin_d2": 5.0, "tmin_d3": 6.4, "tmin_d4": 4.5, "tmin_d5": 6.9, "tmin_d6": 5.5, "day_of_year": 231, "uuid": "69b68ebb-5866-4704-a1f0-184bc60fcbbc", "inat_id": 134826423}}, {"type": "Feature", "geometry": {"type": "Point", "coordinates": [-107.9388797923, 37.7992384101]}, "properties": {"species": "Cantharellus roseocanus", "date": "2022-08-19", "location": "Dolores County, CO, USA", "elevation": 3100.0, "land_cover_label": "Tree cover", "water_mask": false, "exclude_reason": "keep", "ndvi": null, "soil_moisture": null, "solar_exposure": null, "wind_exposure": null, "water_retention": null, "slope": null, "aspect": null, "num_identification_agreements": 2, "cluster": 0, "tavg": null, "tmin": 10.0, "tmax": 17.0, "prcp_d0": 0.0, "prcp_d1": 0.0, "prcp_d2": 0.0, "prcp_d3": 11.528854370117188, "prcp_d4": 0.0, "prcp_d5": 0.0, "prcp_d6": 0.0, "tmax_d0": 16.7, "tmax_d1": 20.0, "tmax_d2": 16.5, "tmax_d3": 16.7, "tmax_d4": 18.2, "tmax_d5": 18.8, "tmax_d6": 17.9, "tmin_d0": 7.1, "tmin_d1": 5.7, "tmin_d2": 5.4, "tmin_d3": 6.8, "tmin_d4": 4.8, "tmin_d5": 7.3, "tmin_d6": 5.8, "day_of_year": 231, "uuid": "64b8da26-183a-4d8b-95e6-fa99e75233e0", "inat_id": 134826539}}, {"type": "Feature", "geometry": {"type": "Point", "coordinates": [-107.937585935, 37.7963233889]}, "properties": {"species": "Cantharellus roseocanus", "date": "2022-08-19", "location": "Durango, CO 81301, USA", "elevation": 3071.0, "land_cover_label": "Bare / sparse vegetation", "water_mask": false, "exclude_reason": "keep", "ndvi": null, "soil_moisture": null, "solar_exposure": null, "wind_exposure": null, "water_retention": null, "slope": null, "aspect": null, "num_identification_agreements": 1, "cluster": 0, "tavg": null, "tmin": 10.0, "tmax": 17.0, "prcp_d0": 0.0, "prcp_d1": 0.0, "prcp_d2": 0.0, "prcp_d3": 11.528854370117188, "prcp_d4": 0.0, "prcp_d5": 0.0, "prcp_d6": 0.0, "tmax_d0": 17.1, "tmax_d1": 20.3, "tmax_d2": 16.9, "tmax_d3": 17.1, "tmax_d4": 18.5, "tmax_d5": 19.1, "tmax_d6": 18.2, "tmin_d0": 7.5, "tmin_d1": 6.1, "tmin_d2": 5.7, "tmin_d3": 7.1, "tmin_d4": 5.2, "tmin_d5": 7.6, "tmin_d6": 6.2, "day_of_year": 231, "uuid": "5b6370cd-ea27-4362-804b-9cc88fc151b0", "inat_id": 132349019}}, {"type": "Feature", "geometry": {"type": "Point", "coordinates": [-105.7737416667, 35.828005]}, "properties": {"species": "Cantharellus roseocanus", "date": "2022-08-19", "location": "Santa Fe National Forest, Santa Fe, NM, US", "elevation": 3336.0, "land_cover_label": "Tree cover", "water_mask": false, "exclude_reason": "keep", "ndvi": null, "soil_moisture": null, "solar_exposure": null, "wind_exposure": null, "water_retention": null, "slope": null, "aspect": null, "num_identification_agreements": 1, "cluster": 0, "tavg": null, "tmin": 11.7, "tmax": 26.1, "prcp_d0": 0.0, "prcp_d1": 0.0, "prcp_d2": 0.0, "prcp_d3": 14.263930320739746, "prcp_d4": 0.0, "prcp_d5": 0.0, "prcp_d6": 0.0, "tmax_d0": 15.9, "tmax_d1": 14.9, "tmax_d2": 14.8, "tmax_d3": 17.7, "tmax_d4": 18.2, "tmax_d5": 17.9, "tmax_d6": 16.9, "tmin_d0": 3.9, "tmin_d1": 5.0, "tmin_d2": 3.8, "tmin_d3": 4.8, "tmin_d4": 7.5, "tmin_d5": 7.2, "tmin_d6": 6.4, "day_of_year": 231, "uuid": "d59fe56a-3978-4d41-882d-45ffaa148b64", "inat_id": 131658998}}, {"type": "Feature", "geometry": {"type": "Point", "coordinates": [-107.957010369, 37.9232736237]}, "properties": {"species": "Cantharellus roseocanus", "date": "2022-08-20", "location": "Colorado, US", "elevation": 2861.0, "land_cover_label": "Grassland", "water_mask": false, "exclude_reason": "keep", "ndvi": null, "soil_moisture": null, "solar_exposure": null, "wind_exposure": null, "water_retention": null, "slope": null, "aspect": null, "num_identification_agreements": 2, "cluster": 2, "tavg": null, "tmin": 10.0, "tmax": 17.0, "prcp_d0": 0.0, "prcp_d1": 0.0, "prcp_d2": 0.0, "prcp_d3": 0.0, "prcp_d4": 0.0, "prcp_d5": 33.09291458129883, "prcp_d6": 0.0, "tmax_d0": 15.0, "tmax_d1": 19.7, "tmax_d2": 20.7, "tmax_d3": 18.0, "tmax_d4": 18.8, "tmax_d5": 20.4, "tmax_d6": 21.0, "tmin_d0": 5.3, "tmin_d1": 8.1, "tmin_d2": 7.3, "tmin_d3": 6.2, "tmin_d4": 8.5, "tmin_d5": 6.8, "tmin_d6": 6.5, "day_of_year": 232, "uuid": "3cbdae96-23db-46f8-9f53-eb0c935a7e62", "inat_id": 131938375}}, {"type": "Feature", "geometry": {"type": "Point", "coordinates": [-107.9474921766, 37.7996205559]}, "properties": {"species": "Cantharellus roseocanus", "date": "2022-08-21", "location": "Dolores County, US-CO, US", "elevation": 3192.0, "land_cover_label": "Tree cover", "water_mask": false, "exclude_reason": "keep", "ndvi": null, "soil_moisture": null, "solar_exposure": null, "wind_exposure": null, "water_retention": null, "slope": null, "aspect": null, "num_identification_agreements": 1, "cluster": 0, "tavg": null, "tmin": 9.0, "tmax": 17.0, "prcp_d0": 0.0, "prcp_d1": 0.0, "prcp_d2": 0.0, "prcp_d3": 0.0, "prcp_d4": 0.0, "prcp_d5": 11.528854370117188, "prcp_d6": 0.0, "tmax_d0": 14.5, "tmax_d1": 12.3, "tmax_d2": 16.0, "tmax_d3": 19.3, "tmax_d4": 15.8, "tmax_d5": 16.0, "tmax_d6": 17.5, "tmin_d0": 1.6, "tmin_d1": 5.3, "tmin_d2": 6.4, "tmin_d3": 5.0, "tmin_d4": 4.7, "tmin_d5": 6.1, "tmin_d6": 4.1, "day_of_year": 233, "uuid": "f2a7a0b4-36e3-4759-965a-4324cf91ec26", "inat_id": 131979195}}, {"type": "Feature", "geometry": {"type": "Point", "coordinates": [-105.552156659, 39.9055961377]}, "properties": {"species": "Cantharellus roseocanus", "date": "2022-08-21", "location": "Colorado, US", "elevation": 2900.0, "land_cover_label": "Tree cover", "water_mask": false, "exclude_reason": "keep", "ndvi": null, "soil_moisture": 0.4020691877096249, "solar_exposure": 0.7004961967468262, "wind_exposure": 0.5033661127090454, "water_retention": 0.1465738713741302, "slope": 14.089813232421877, "aspect": 317.3302001953125, "num_identification_agreements": 4, "cluster": 2, "tavg": null, "tmin": 0.5, "tmax": 10.3, "prcp_d0": 0.0, "prcp_d1": 0.0, "prcp_d2": 0.0, "prcp_d3": 0.0, "prcp_d4": 0.0, "prcp_d5": 23.11101531982422, "prcp_d6": 6.914268970489502, "tmax_d0": 14.6, "tmax_d1": 15.4, "tmax_d2": 16.8, "tmax_d3": 18.5, "tmax_d4": 16.9, "tmax_d5": 11.9, "tmax_d6": 17.3, "tmin_d0": 4.5, "tmin_d1": 6.2, "tmin_d2": 4.5, "tmin_d3": 2.8, "tmin_d4": 4.0, "tmin_d5": 8.6, "tmin_d6": 5.6, "day_of_year": 233, "uuid": "8144a2ef-9bae-4fb0-b023-81d610d2fa36", "inat_id": 131847059}}, {"type": "Feature", "geometry": {"type": "Point", "coordinates": [-105.8247859489, 40.0750672705]}, "properties": {"species": "Cantharellus roseocanus", "date": "2022-08-23", "location": "Arapaho & Roosevelt National Forests Pawnee National Grassland, Granby, CO, US", "elevation": 2836.0, "land_cover_label": "Tree cover", "water_mask": false, "exclude_reason": "keep", "ndvi": null, "soil_moisture": 0.3372069980047196, "solar_exposure": 0.7640798687934875, "wind_exposure": 0.3687880337238312, "water_retention": 0.1598603874444961, "slope": 11.645757675170898, "aspect": 63.40316009521485, "num_identification_agreements": 1, "cluster": 0, "tavg": null, "tmin": 4.1, "tmax": 24.1, "prcp_d0": 0.0, "prcp_d1": 0.0, "prcp_d2": 16.165632247924805, "prcp_d3": 0.0, "prcp_d4": 0.0, "prcp_d5": 0.0, "prcp_d6": 0.0, "tmax_d0": 21.1, "tmax_d1": 20.3, "tmax_d2": 18.3, "tmax_d3": 17.9, "tmax_d4": 18.7, "tmax_d5": 22.7, "tmax_d6": 21.6, "tmin_d0": 3.0, "tmin_d1": 4.4, "tmin_d2": 5.5, "tmin_d3": 6.3, "tmin_d4": 5.1, "tmin_d5": 2.6, "tmin_d6": 3.8, "day_of_year": 235, "uuid": "9fd95789-c01b-4ca2-89ce-74f25b1b3e04", "inat_id": 132077626}}, {"type": "Feature", "geometry": {"type": "Point", "coordinates": [-104.9150466667, 38.7367283333]}, "properties": {"species": "Cantharellus roseocanus", "date": "2022-08-24", "location": "El Paso County, US-CO, US", "elevation": 2794.0, "land_cover_label": "Tree cover", "water_mask": false, "exclude_reason": "keep", "ndvi": null, "soil_moisture": null, "solar_exposure": null, "wind_exposure": null, "water_retention": null, "slope": null, "aspect": null, "num_identification_agreements": 1, "cluster": 0, "tavg": null, "tmin": 15.0, "tmax": 25.0, "prcp_d0": 0.0, "prcp_d1": 0.0, "prcp_d2": 0.0, "prcp_d3": 0.0, "prcp_d4": 0.0, "prcp_d5": 0.0, "prcp_d6": 0.0, "tmax_d0": 18.5, "tmax_d1": 17.0, "tmax_d2": 15.6, "tmax_d3": 15.7, "tmax_d4": 14.7, "tmax_d5": 19.2, "tmax_d6": 20.1, "tmin_d0": 9.7, "tmin_d1": 7.6, "tmin_d2": 9.2, "tmin_d3": 7.3, "tmin_d4": 8.8, "tmin_d5": 12.4, "tmin_d6": 9.9, "day_of_year": 236, "uuid": "97f565e6-8428-4382-8baa-084c1fb801b5", "inat_id": 324193224}}, {"type": "Feature", "geometry": {"type": "Point", "coordinates": [-105.4132373258, 36.597775542]}, "properties": {"species": "Cantharellus roseocanus", "date": "2022-08-24", "location": "Taos Ski Valley, NM 87525, USA", "elevation": 3300.0, "land_cover_label": "Tree cover", "water_mask": false, "exclude_reason": "keep", "ndvi": null, "soil_moisture": null, "solar_exposure": null, "wind_exposure": null, "water_retention": null, "slope": null, "aspect": null, "num_identification_agreements": 1, "cluster": 0, "tavg": null, "tmin": 6.3, "tmax": 21.0, "prcp_d0": 0.0, "prcp_d1": 0.0, "prcp_d2": 0.0, "prcp_d3": 0.0, "prcp_d4": 0.0, "prcp_d5": 0.0, "prcp_d6": 0.0, "tmax_d0": 14.3, "tmax_d1": 13.7, "tmax_d2": 12.9, "tmax_d3": 12.9, "tmax_d4": 13.3, "tmax_d5": 15.9, "tmax_d6": 16.9, "tmin_d0": 4.5, "tmin_d1": 3.9, "tmin_d2": 5.0, "tmin_d3": 2.9, "tmin_d4": 5.4, "tmin_d5": 5.2, "tmin_d6": 5.7, "day_of_year": 236, "uuid": "1d6bda9d-c2c1-4c3e-9227-6c565240ed3f", "inat_id": 132578327}}, {"type": "Feature", "geometry": {"type": "Point", "coordinates": [-106.65898406, 40.311966224]}, "properties": {"species": "Cantharellus roseocanus", "date": "2022-08-24", "location": "Colorado, US", "elevation": 2867.0, "land_cover_label": "Tree cover", "water_mask": false, "exclude_reason": "keep", "ndvi": null, "soil_moisture": null, "solar_exposure": null, "wind_exposure": null, "water_retention": null, "slope": null, "aspect": null, "num_identification_agreements": 2, "cluster": 0, "tavg": null, "tmin": 7.5, "tmax": 27.7, "prcp_d0": 0.0, "prcp_d1": 0.0, "prcp_d2": 0.0, "prcp_d3": 8.571481704711914, "prcp_d4": 0.0, "prcp_d5": 0.0, "prcp_d6": 0.0, "tmax_d0": 20.4, "tmax_d1": 19.6, "tmax_d2": 20.6, "tmax_d3": 16.3, "tmax_d4": 16.1, "tmax_d5": 20.1, "tmax_d6": 21.4, "tmin_d0": 5.8, "tmin_d1": 6.4, "tmin_d2": 5.1, "tmin_d3": 6.1, "tmin_d4": 8.1, "tmin_d5": 8.9, "tmin_d6": 6.6, "day_of_year": 236, "uuid": "0efe96d2-3e4d-4d8d-b30e-63f14796dba9", "inat_id": 132190572}}, {"type": "Feature", "geometry": {"type": "Point", "coordinates": [-106.7732149734, 36.8107333343]}, "properties": {"species": "Cantharellus roseocanus", "date": "2022-08-24", "location": "United States", "elevation": 2495.0, "land_cover_label": "Grassland", "water_mask": false, "exclude_reason": "keep", "ndvi": null, "soil_moisture": null, "solar_exposure": null, "wind_exposure": null, "water_retention": null, "slope": null, "aspect": null, "num_identification_agreements": 2, "cluster": 0, "tavg": null, "tmin": null, "tmax": null, "prcp_d0": 0.0, "prcp_d1": 0.0, "prcp_d2": 0.0, "prcp_d3": 0.0, "prcp_d4": 7.313849925994873, "prcp_d5": 0.0, "prcp_d6": 0.0, "tmax_d0": 22.8, "tmax_d1": 21.3, "tmax_d2": 21.5, "tmax_d3": 21.1, "tmax_d4": 18.0, "tmax_d5": 21.2, "tmax_d6": 22.8, "tmin_d0": 8.0, "tmin_d1": 7.9, "tmin_d2": 8.7, "tmin_d3": 6.2, "tmin_d4": 10.4, "tmin_d5": 9.9, "tmin_d6": 10.8, "day_of_year": 236, "uuid": "f2e6210e-c7b2-441f-8d0f-07c6fdb8b611", "inat_id": 135829811}}, {"type": "Feature", "geometry": {"type": "Point", "coordinates": [-105.161815, 38.884566]}, "properties": {"species": "Cantharellus roseocanus", "date": "2022-08-25", "location": "Mueller State Park", "elevation": 2834.0, "land_cover_label": "Bare / sparse vegetation", "water_mask": false, "exclude_reason": "keep", "ndvi": null, "soil_moisture": null, "solar_exposure": null, "wind_exposure": null, "water_retention": null, "slope": null, "aspect": null, "num_identification_agreements": 1, "cluster": 0, "tavg": null, "tmin": 9.0, "tmax": 27.1, "prcp_d0": 0.0, "prcp_d1": 0.0, "prcp_d2": 0.0, "prcp_d3": 0.0, "prcp_d4": 0.0, "prcp_d5": 0.0, "prcp_d6": 0.0, "tmax_d0": 20.3, "tmax_d1": 18.6, "tmax_d2": 17.6, "tmax_d3": 17.0, "tmax_d4": 17.5, "tmax_d5": 17.3, "tmax_d6": 18.9, "tmin_d0": 7.4, "tmin_d1": 6.3, "tmin_d2": 7.1, "tmin_d3": 6.3, "tmin_d4": 6.9, "tmin_d5": 7.1, "tmin_d6": 8.1, "day_of_year": 237, "uuid": "972f3f07-56d1-4429-8664-1396920de411", "inat_id": 132719252}}, {"type": "Feature", "geometry": {"type": "Point", "coordinates": [-105.5005482584, 40.1507347082]}, "properties": {"species": "Cantharellus roseocanus", "date": "2022-08-25", "location": "Boulder County", "elevation": 2781.0, "land_cover_label": "Tree cover", "water_mask": false, "exclude_reason": "keep", "ndvi": null, "soil_moisture": 0.360998331542642, "solar_exposure": 0.863419234752655, "wind_exposure": 0.329391598701477, "water_retention": 0.1650846153497696, "slope": 10.79871654510498, "aspect": 111.71238708496094, "num_identification_agreements": 2, "cluster": 0, "tavg": null, "tmin": 15.0, "tmax": 28.0, "prcp_d0": 0.0, "prcp_d1": 0.0, "prcp_d2": 0.0, "prcp_d3": 0.0, "prcp_d4": 0.0, "prcp_d5": 0.0, "prcp_d6": 0.0, "tmax_d0": 19.8, "tmax_d1": 17.9, "tmax_d2": 17.7, "tmax_d3": 16.9, "tmax_d4": 15.4, "tmax_d5": 14.6, "tmax_d6": 15.9, "tmin_d0": 9.2, "tmin_d1": 8.9, "tmin_d2": 10.3, "tmin_d3": 8.3, "tmin_d4": 6.7, "tmin_d5": 7.0, "tmin_d6": 9.8, "day_of_year": 237, "uuid": "60ee3c20-a7e6-4a96-b314-d1729872d91f", "inat_id": 132329095}}, {"type": "Feature", "geometry": {"type": "Point", "coordinates": [-106.99720746, 38.86553825]}, "properties": {"species": "Cantharellus roseocanus", "date": "2022-08-26", "location": "Crested Butte, CO 81224, USA", "elevation": 2852.0, "land_cover_label": "Tree cover", "water_mask": false, "exclude_reason": "keep", "ndvi": null, "soil_moisture": null, "solar_exposure": null, "wind_exposure": null, "water_retention": null, "slope": null, "aspect": null, "num_identification_agreements": 2, "cluster": 0, "tavg": null, "tmin": 11.1, "tmax": 18.3, "prcp_d0": 0.0, "prcp_d1": 0.0, "prcp_d2": 0.0, "prcp_d3": 0.0, "prcp_d4": 0.0, "prcp_d5": 0.0, "prcp_d6": 0.0, "tmax_d0": 15.1, "tmax_d1": 20.9, "tmax_d2": 21.5, "tmax_d3": 20.9, "tmax_d4": 17.7, "tmax_d5": 16.9, "tmax_d6": 16.7, "tmin_d0": 4.4, "tmin_d1": 5.3, "tmin_d2": 2.7, "tmin_d3": 2.5, "tmin_d4": 4.0, "tmin_d5": 3.7, "tmin_d6": 4.6, "day_of_year": 238, "uuid": "cdee9ed6-4760-452b-8011-eef10e1c2ad7", "inat_id": 132488802}}, {"type": "Feature", "geometry": {"type": "Point", "coordinates": [-106.99702162, 38.86519383]}, "properties": {"species": "Cantharellus roseocanus", "date": "2022-08-26", "location": "Crested Butte, CO 81224, USA", "elevation": 2852.0, "land_cover_label": "Tree cover", "water_mask": false, "exclude_reason": "keep", "ndvi": null, "soil_moisture": null, "solar_exposure": null, "wind_exposure": null, "water_retention": null, "slope": null, "aspect": null, "num_identification_agreements": 2, "cluster": 0, "tavg": null, "tmin": 11.1, "tmax": 18.3, "prcp_d0": 0.0, "prcp_d1": 0.0, "prcp_d2": 0.0, "prcp_d3": 0.0, "prcp_d4": 0.0, "prcp_d5": 0.0, "prcp_d6": 0.0, "tmax_d0": 15.1, "tmax_d1": 20.9, "tmax_d2": 21.5, "tmax_d3": 20.9, "tmax_d4": 17.7, "tmax_d5": 16.9, "tmax_d6": 16.7, "tmin_d0": 4.4, "tmin_d1": 5.3, "tmin_d2": 2.7, "tmin_d3": 2.5, "tmin_d4": 4.0, "tmin_d5": 3.7, "tmin_d6": 4.6, "day_of_year": 238, "uuid": "1f689135-8d02-439c-9125-43947dcc9b2b", "inat_id": 132489491}}, {"type": "Feature", "geometry": {"type": "Point", "coordinates": [-107.99147924, 39.04690266]}, "properties": {"species": "Cantharellus roseocanus", "date": "2022-08-27", "location": "Delta County, US-CO, US", "elevation": 3233.0, "land_cover_label": "Tree cover", "water_mask": false, "exclude_reason": "keep", "ndvi": null, "soil_moisture": null, "solar_exposure": null, "wind_exposure": null, "water_retention": null, "slope": null, "aspect": null, "num_identification_agreements": 1, "cluster": 0, "tavg": null, "tmin": 11.8, "tmax": 31.0, "prcp_d0": 0.0, "prcp_d1": 0.0, "prcp_d2": 8.885505676269531, "prcp_d3": 0.0, "prcp_d4": 0.0, "prcp_d5": 0.0, "prcp_d6": 0.0, "tmax_d0": 15.4, "tmax_d1": 12.8, "tmax_d2": 15.1, "tmax_d3": 17.7, "tmax_d4": 16.1, "tmax_d5": 14.9, "tmax_d6": 14.6, "tmin_d0": 3.9, "tmin_d1": 5.8, "tmin_d2": 6.3, "tmin_d3": 6.8, "tmin_d4": 4.9, "tmin_d5": 3.9, "tmin_d6": 3.4, "day_of_year": 239, "uuid": "49c29295-4452-48e5-8da0-132be18ee8d6", "inat_id": 132588557}}, {"type": "Feature", "geometry": {"type": "Point", "coordinates": [-107.95105246, 39.04723651]}, "properties": {"species": "Cantharellus roseocanus", "date": "2022-08-27", "location": "Cedaredge, CO 81413, USA", "elevation": 3201.0, "land_cover_label": "Tree cover", "water_mask": false, "exclude_reason": "keep", "ndvi": null, "soil_moisture": null, "solar_exposure": null, "wind_exposure": null, "water_retention": null, "slope": null, "aspect": null, "num_identification_agreements": 1, "cluster": 0, "tavg": null, "tmin": 11.8, "tmax": 31.0, "prcp_d0": 0.0, "prcp_d1": 0.0, "prcp_d2": 8.885505676269531, "prcp_d3": 0.0, "prcp_d4": 0.0, "prcp_d5": 0.0, "prcp_d6": 0.0, "tmax_d0": 15.2, "tmax_d1": 13.5, "tmax_d2": 16.7, "tmax_d3": 18.0, "tmax_d4": 16.1, "tmax_d5": 15.2, "tmax_d6": 14.2, "tmin_d0": 4.7, "tmin_d1": 5.4, "tmin_d2": 7.8, "tmin_d3": 7.5, "tmin_d4": 7.9, "tmin_d5": 5.9, "tmin_d6": 4.7, "day_of_year": 239, "uuid": "30a9833a-56b2-4f4f-a3c6-25ad67bd8e38", "inat_id": 132593552}}, {"type": "Feature", "geometry": {"type": "Point", "coordinates": [-106.2718102314, 39.6498513297]}, "properties": {"species": "Cantharellus roseocanus", "date": "2022-08-27", "location": "Colorado, US", "elevation": 3354.0, "land_cover_label": "Tree cover", "water_mask": false, "exclude_reason": "keep", "ndvi": null, "soil_moisture": null, "solar_exposure": null, "wind_exposure": null, "water_retention": null, "slope": null, "aspect": null, "num_identification_agreements": 1, "cluster": 0, "tavg": null, "tmin": 6.0, "tmax": 15.0, "prcp_d0": 0.0, "prcp_d1": 0.0, "prcp_d2": 0.0, "prcp_d3": 0.0, "prcp_d4": 0.0, "prcp_d5": 0.0, "prcp_d6": 0.0, "tmax_d0": 16.0, "tmax_d1": 14.9, "tmax_d2": 17.8, "tmax_d3": 17.0, "tmax_d4": 17.4, "tmax_d5": 15.2, "tmax_d6": 15.1, "tmin_d0": 1.7, "tmin_d1": 3.8, "tmin_d2": 2.3, "tmin_d3": 0.1, "tmin_d4": 1.9, "tmin_d5": 2.1, "tmin_d6": 2.4, "day_of_year": 239, "uuid": "d0b35460-ba1b-48f5-9693-9e45430d89a8", "inat_id": 132911696}}, {"type": "Feature", "geometry": {"type": "Point", "coordinates": [-105.7062083333, 39.519395]}, "properties": {"species": "Cantharellus roseocanus", "date": "2022-08-28", "location": "Pike and San Isabel National Forests, Bailey, CO, US", "elevation": 3038.0, "land_cover_label": "Tree cover", "water_mask": false, "exclude_reason": "keep", "ndvi": null, "soil_moisture": 0.3793913275643845, "solar_exposure": 0.90075021982193, "wind_exposure": 0.2670586407184601, "water_retention": 0.3036378622055053, "slope": 8.340725898742676, "aspect": 144.53778076171875, "num_identification_agreements": 3, "cluster": 0, "tavg": null, "tmin": 2.8, "tmax": 12.1, "prcp_d0": 0.0, "prcp_d1": 0.0, "prcp_d2": 0.0, "prcp_d3": 0.0, "prcp_d4": 0.0, "prcp_d5": 0.0, "prcp_d6": 27.49943351745605, "tmax_d0": 17.3, "tmax_d1": 17.4, "tmax_d2": 16.3, "tmax_d3": 17.8, "tmax_d4": 16.5, "tmax_d5": 16.6, "tmax_d6": 15.7, "tmin_d0": 4.8, "tmin_d1": 3.3, "tmin_d2": 5.1, "tmin_d3": 5.0, "tmin_d4": 4.1, "tmin_d5": 3.6, "tmin_d6": 4.6, "day_of_year": 240, "uuid": "7c2998a1-9f60-42ad-97f5-6e2cfd2177e0", "inat_id": 149192309}}, {"type": "Feature", "geometry": {"type": "Point", "coordinates": [-105.1761141234, 38.8792839367]}, "properties": {"species": "Cantharellus roseocanus", "date": "2022-08-28", "location": "Mueller State Park, Divide, CO, US", "elevation": 2915.0, "land_cover_label": "Tree cover", "water_mask": false, "exclude_reason": "keep", "ndvi": null, "soil_moisture": null, "solar_exposure": null, "wind_exposure": null, "water_retention": null, "slope": null, "aspect": null, "num_identification_agreements": 1, "cluster": 0, "tavg": null, "tmin": 19.0, "tmax": 27.7, "prcp_d0": 0.0, "prcp_d1": 0.0, "prcp_d2": 0.0, "prcp_d3": 0.0, "prcp_d4": 0.0, "prcp_d5": 0.0, "prcp_d6": 0.0, "tmax_d0": 19.0, "tmax_d1": 18.4, "tmax_d2": 16.4, "tmax_d3": 19.4, "tmax_d4": 17.8, "tmax_d5": 16.7, "tmax_d6": 16.2, "tmin_d0": 6.5, "tmin_d1": 5.5, "tmin_d2": 7.4, "tmin_d3": 6.6, "tmin_d4": 5.4, "tmin_d5": 6.2, "tmin_d6": 5.5, "day_of_year": 240, "uuid": "931e3d4c-1d3f-40b2-abd7-43ee75bdff12", "inat_id": 132702793}}, {"type": "Feature", "geometry": {"type": "Point", "coordinates": [-108.1090401001, 37.4683871383]}, "properties": {"species": "Cantharellus roseocanus", "date": "2022-08-28", "location": "San Juan National Forest - Headquarters, Mancos, CO, US", "elevation": 3199.0, "land_cover_label": "Tree cover", "water_mask": false, "exclude_reason": "keep", "ndvi": null, "soil_moisture": null, "solar_exposure": null, "wind_exposure": null, "water_retention": null, "slope": null, "aspect": null, "num_identification_agreements": 3, "cluster": 0, "tavg": null, "tmin": 8.9, "tmax": 28.3, "prcp_d0": 0.0, "prcp_d1": 0.0, "prcp_d2": 0.0, "prcp_d3": 0.0, "prcp_d4": 0.0, "prcp_d5": 0.0, "prcp_d6": 0.0, "tmax_d0": 15.5, "tmax_d1": 15.8, "tmax_d2": 13.0, "tmax_d3": 15.8, "tmax_d4": 16.9, "tmax_d5": 17.1, "tmax_d6": 15.2, "tmin_d0": 7.0, "tmin_d1": 5.8, "tmin_d2": 6.0, "tmin_d3": 5.9, "tmin_d4": 5.8, "tmin_d5": 4.1, "tmin_d6": 4.7, "day_of_year": 240, "uuid": "b4ea5a97-ca79-487f-9220-da0fe3ae21ce", "inat_id": 132734505}}, {"type": "Feature", "geometry": {"type": "Point", "coordinates": [-105.9440874894, 40.8015803691]}, "properties": {"species": "Cantharellus roseocanus", "date": "2022-08-28", "location": "Larimer County, CO, USA", "elevation": 2582.0, "land_cover_label": "Tree cover", "water_mask": false, "exclude_reason": "keep", "ndvi": null, "soil_moisture": 0.2648610644511427, "solar_exposure": 0.8192483186721802, "wind_exposure": 0.2121520489454269, "water_retention": 0.3514004051685333, "slope": 2.7556374073028564, "aspect": 47.41946792602539, "num_identification_agreements": 3, "cluster": 3, "tavg": null, "tmin": 9.3, "tmax": 22.5, "prcp_d0": 0.0, "prcp_d1": 0.0, "prcp_d2": 0.0, "prcp_d3": 0.0, "prcp_d4": 0.0, "prcp_d5": 0.0, "prcp_d6": 0.0, "tmax_d0": 21.7, "tmax_d1": 21.0, "tmax_d2": 19.4, "tmax_d3": 20.7, "tmax_d4": 21.0, "tmax_d5": 22.6, "tmax_d6": 21.6, "tmin_d0": 7.1, "tmin_d1": 6.2, "tmin_d2": 6.9, "tmin_d3": 7.6, "tmin_d4": 6.5, "tmin_d5": 6.4, "tmin_d6": 6.4, "day_of_year": 240, "uuid": "1af3889a-cbbf-46e9-a748-b243ec1df99a", "inat_id": 146871001}}, {"type": "Feature", "geometry": {"type": "Point", "coordinates": [-106.99481059, 38.86417162]}, "properties": {"species": "Cantharellus roseocanus", "date": "2022-08-29", "location": "Gunnison County, US-CO, US", "elevation": 2870.0, "land_cover_label": "Tree cover", "water_mask": false, "exclude_reason": "keep", "ndvi": null, "soil_moisture": null, "solar_exposure": null, "wind_exposure": null, "water_retention": null, "slope": null, "aspect": null, "num_identification_agreements": 2, "cluster": 0, "tavg": null, "tmin": 5.6, "tmax": 26.1, "prcp_d0": 0.0, "prcp_d1": 0.0, "prcp_d2": 0.0, "prcp_d3": 0.0, "prcp_d4": 0.0, "prcp_d5": 0.0, "prcp_d6": 0.0, "tmax_d0": 21.7, "tmax_d1": 18.2, "tmax_d2": 18.9, "tmax_d3": 15.2, "tmax_d4": 21.0, "tmax_d5": 21.6, "tmax_d6": 21.0, "tmin_d0": 0.6, "tmin_d1": 4.3, "tmin_d2": 1.9, "tmin_d3": 4.5, "tmin_d4": 5.4, "tmin_d5": 2.8, "tmin_d6": 2.6, "day_of_year": 241, "uuid": "bb1db42d-8433-494a-a014-1e508b9b9b73", "inat_id": 132860662}}, {"type": "Feature", "geometry": {"type": "Point", "coordinates": [-106.99494502, 38.86412546]}, "properties": {"species": "Cantharellus roseocanus", "date": "2022-08-29", "location": "Gunnison County, US-CO, US", "elevation": 2870.0, "land_cover_label": "Tree cover", "water_mask": false, "exclude_reason": "keep", "ndvi": null, "soil_moisture": null, "solar_exposure": null, "wind_exposure": null, "water_retention": null, "slope": null, "aspect": null, "num_identification_agreements": 3, "cluster": 0, "tavg": null, "tmin": 5.6, "tmax": 26.1, "prcp_d0": 0.0, "prcp_d1": 0.0, "prcp_d2": 0.0, "prcp_d3": 0.0, "prcp_d4": 0.0, "prcp_d5": 0.0, "prcp_d6": 0.0, "tmax_d0": 21.6, "tmax_d1": 18.0, "tmax_d2": 18.8, "tmax_d3": 15.0, "tmax_d4": 20.8, "tmax_d5": 21.4, "tmax_d6": 20.8, "tmin_d0": 0.5, "tmin_d1": 4.1, "tmin_d2": 1.8, "tmin_d3": 4.4, "tmin_d4": 5.2, "tmin_d5": 2.6, "tmin_d6": 2.5, "day_of_year": 241, "uuid": "74ab4eac-701a-4045-93e8-ba58a083ae2c", "inat_id": 132860630}}, {"type": "Feature", "geometry": {"type": "Point", "coordinates": [-106.99774809, 38.86601191]}, "properties": {"species": "Cantharellus roseocanus", "date": "2022-08-29", "location": "Gunnison County, US-CO, US", "elevation": 2852.0, "land_cover_label": "Tree cover", "water_mask": false, "exclude_reason": "keep", "ndvi": null, "soil_moisture": null, "solar_exposure": null, "wind_exposure": null, "water_retention": null, "slope": null, "aspect": null, "num_identification_agreements": 2, "cluster": 0, "tavg": null, "tmin": 5.6, "tmax": 26.1, "prcp_d0": 0.0, "prcp_d1": 0.0, "prcp_d2": 0.0, "prcp_d3": 0.0, "prcp_d4": 0.0, "prcp_d5": 0.0, "prcp_d6": 0.0, "tmax_d0": 21.7, "tmax_d1": 18.2, "tmax_d2": 18.9, "tmax_d3": 15.2, "tmax_d4": 21.0, "tmax_d5": 21.6, "tmax_d6": 21.0, "tmin_d0": 0.6, "tmin_d1": 4.3, "tmin_d2": 1.9, "tmin_d3": 4.5, "tmin_d4": 5.4, "tmin_d5": 2.8, "tmin_d6": 2.6, "day_of_year": 241, "uuid": "1f6dd97b-caf3-43c5-ad8b-c167210f04ba", "inat_id": 132860252}}, {"type": "Feature", "geometry": {"type": "Point", "coordinates": [-106.99339281, 38.86437349]}, "properties": {"species": "Cantharellus roseocanus", "date": "2022-08-29", "location": "Gunnison County, US-CO, US", "elevation": 2843.0, "land_cover_label": "Tree cover", "water_mask": false, "exclude_reason": "keep", "ndvi": null, "soil_moisture": null, "solar_exposure": null, "wind_exposure": null, "water_retention": null, "slope": null, "aspect": null, "num_identification_agreements": 2, "cluster": 0, "tavg": null, "tmin": 5.6, "tmax": 26.1, "prcp_d0": 0.0, "prcp_d1": 0.0, "prcp_d2": 0.0, "prcp_d3": 0.0, "prcp_d4": 0.0, "prcp_d5": 0.0, "prcp_d6": 0.0, "tmax_d0": 21.8, "tmax_d1": 18.3, "tmax_d2": 19.0, "tmax_d3": 15.3, "tmax_d4": 21.1, "tmax_d5": 21.7, "tmax_d6": 21.1, "tmin_d0": 0.7, "tmin_d1": 4.4, "tmin_d2": 2.0, "tmin_d3": 4.6, "tmin_d4": 5.5, "tmin_d5": 2.9, "tmin_d6": 2.7, "day_of_year": 241, "uuid": "548234a1-32f8-41ed-a740-48ac39e83e8c", "inat_id": 132860692}}, {"type": "Feature", "geometry": {"type": "Point", "coordinates": [-107.4999602337, 37.9495009355]}, "properties": {"species": "Cantharellus roseocanus", "date": "2022-08-30", "location": "Lake City, CO, US", "elevation": 3628.0, "land_cover_label": "Bare / sparse vegetation", "water_mask": false, "exclude_reason": "keep", "ndvi": null, "soil_moisture": null, "solar_exposure": null, "wind_exposure": null, "water_retention": null, "slope": null, "aspect": null, "num_identification_agreements": 2, "cluster": 0, "tavg": null, "tmin": 12.0, "tmax": 24.0, "prcp_d0": 0.0, "prcp_d1": 0.0, "prcp_d2": 6.885709285736084, "prcp_d3": 0.0, "prcp_d4": 10.545443534851074, "prcp_d5": 0.0, "prcp_d6": 0.0, "tmax_d0": 15.6, "tmax_d1": 13.8, "tmax_d2": 10.7, "tmax_d3": 12.0, "tmax_d4": 10.0, "tmax_d5": 12.8, "tmax_d6": 13.3, "tmin_d0": 6.1, "tmin_d1": 1.4, "tmin_d2": 0.5, "tmin_d3": -0.5, "tmin_d4": 1.6, "tmin_d5": 1.9, "tmin_d6": 1.6, "day_of_year": 242, "uuid": "af18a53d-8931-4588-8df5-23b7e20d51d9", "inat_id": 217192013}}, {"type": "Feature", "geometry": {"type": "Point", "coordinates": [-105.64688, 40.313725]}, "properties": {"species": "Cantharellus roseocanus", "date": "2022-08-30", "location": "Rocky Mountain National Park, Estes Park, CO, US", "elevation": 2905.0, "land_cover_label": "Tree cover", "water_mask": false, "exclude_reason": "keep", "ndvi": null, "soil_moisture": 0.3413412796203566, "solar_exposure": 0.8713136911392212, "wind_exposure": 0.2995366752147674, "water_retention": 0.2678219974040985, "slope": 7.10741138458252, "aspect": 238.5077972412109, "num_identification_agreements": 2, "cluster": 0, "tavg": null, "tmin": 5.1, "tmax": 27.0, "prcp_d0": 0.0, "prcp_d1": 0.0, "prcp_d2": 10.664998054504396, "prcp_d3": 0.0, "prcp_d4": 0.0, "prcp_d5": 0.0, "prcp_d6": 0.0, "tmax_d0": 19.7, "tmax_d1": 18.7, "tmax_d2": 19.7, "tmax_d3": 18.5, "tmax_d4": 16.6, "tmax_d5": 18.2, "tmax_d6": 17.6, "tmin_d0": 4.4, "tmin_d1": 6.9, "tmin_d2": 8.0, "tmin_d3": 4.3, "tmin_d4": 6.5, "tmin_d5": 3.2, "tmin_d6": 3.9, "day_of_year": 242, "uuid": "75e5658a-4288-4300-b7da-3ec78a1f4ac4", "inat_id": 133031214}}, {"type": "Feature", "geometry": {"type": "Point", "coordinates": [-105.4394469735, 39.3586085359]}, "properties": {"species": "Cantharellus roseocanus", "date": "2022-09-01", "location": "Colorado, US", "elevation": 2668.0, "land_cover_label": "Tree cover", "water_mask": false, "exclude_reason": "keep", "ndvi": null, "soil_moisture": 0.2874605455613029, "solar_exposure": 0.9695778489112854, "wind_exposure": 0.4156599640846252, "water_retention": 0.133009672164917, "slope": 17.062463760375977, "aspect": 187.96487426757807, "num_identification_agreements": 2, "cluster": 0, "tavg": null, "tmin": 4.8, "tmax": 18.4, "prcp_d0": 0.0, "prcp_d1": 0.0, "prcp_d2": 0.0, "prcp_d3": 0.0, "prcp_d4": 0.0, "prcp_d5": 0.0, "prcp_d6": 0.0, "tmax_d0": 23.2, "tmax_d1": 23.2, "tmax_d2": 22.9, "tmax_d3": 21.6, "tmax_d4": 22.1, "tmax_d5": 21.1, "tmax_d6": 19.5, "tmin_d0": 9.8, "tmin_d1": 10.3, "tmin_d2": 7.5, "tmin_d3": 7.1, "tmin_d4": 8.3, "tmin_d5": 8.6, "tmin_d6": 8.7, "day_of_year": 244, "uuid": "28af22c9-b2da-4a37-adf2-dd9eef3b9d8e", "inat_id": 133339780}}, {"type": "Feature", "geometry": {"type": "Point", "coordinates": [-105.557777852, 39.9759388281]}, "properties": {"species": "Cantharellus roseocanus", "date": "2022-09-01", "location": "Caribou Rd, Nederland, CO, US", "elevation": 2887.0, "land_cover_label": "Tree cover", "water_mask": false, "exclude_reason": "keep", "ndvi": null, "soil_moisture": 0.2997942172834723, "solar_exposure": 0.8260300755500793, "wind_exposure": 0.3143911361694336, "water_retention": 0.2276433110237121, "slope": 16.787792205810547, "aspect": 99.31877899169922, "num_identification_agreements": 3, "cluster": 0, "tavg": null, "tmin": 1.0, "tmax": 13.4, "prcp_d0": 0.0, "prcp_d1": 0.0, "prcp_d2": 0.0, "prcp_d3": 0.0, "prcp_d4": 16.90201187133789, "prcp_d5": 0.0, "prcp_d6": 0.0, "tmax_d0": 19.5, "tmax_d1": 20.3, "tmax_d2": 21.1, "tmax_d3": 19.6, "tmax_d4": 18.1, "tmax_d5": 17.5, "tmax_d6": 16.1, "tmin_d0": 6.4, "tmin_d1": 9.4, "tmin_d2": 7.2, "tmin_d3": 7.3, "tmin_d4": 8.8, "tmin_d5": 5.6, "tmin_d6": 6.6, "day_of_year": 244, "uuid": "a289ba1f-89d7-4637-9e82-90daef77ef77", "inat_id": 133399251}}, {"type": "Feature", "geometry": {"type": "Point", "coordinates": [-106.370331645, 39.2438717245]}, "properties": {"species": "Cantharellus roseocanus", "date": "2022-09-03", "location": "Leadville, CO 80461, USA", "elevation": 2949.0, "land_cover_label": "Tree cover", "water_mask": false, "exclude_reason": "keep", "ndvi": null, "soil_moisture": null, "solar_exposure": null, "wind_exposure": null, "water_retention": null, "slope": null, "aspect": null, "num_identification_agreements": 3, "cluster": 0, "tavg": null, "tmin": 3.9, "tmax": 23.9, "prcp_d0": 10.147080421447754, "prcp_d1": 0.0, "prcp_d2": 0.0, "prcp_d3": 0.0, "prcp_d4": 0.0, "prcp_d5": 0.0, "prcp_d6": 0.0, "tmax_d0": 22.3, "tmax_d1": 22.6, "tmax_d2": 21.7, "tmax_d3": 20.8, "tmax_d4": 22.8, "tmax_d5": 19.7, "tmax_d6": 17.4, "tmin_d0": 3.5, "tmin_d1": 5.0, "tmin_d2": 4.9, "tmin_d3": 5.2, "tmin_d4": 4.0, "tmin_d5": 4.2, "tmin_d6": 3.0, "day_of_year": 246, "uuid": "e30187d6-e663-4ead-8901-b83f2fe6e13e", "inat_id": 134865172}}, {"type": "Feature", "geometry": {"type": "Point", "coordinates": [-106.0235297973, 39.4782550096]}, "properties": {"species": "Cantharellus roseocanus", "date": "2022-09-03", "location": "White River National Forest, Breckenridge, CO, US", "elevation": 3068.0, "land_cover_label": "Tree cover", "water_mask": false, "exclude_reason": "keep", "ndvi": null, "soil_moisture": null, "solar_exposure": null, "wind_exposure": null, "water_retention": null, "slope": null, "aspect": null, "num_identification_agreements": 2, "cluster": 0, "tavg": null, "tmin": 3.9, "tmax": 23.9, "prcp_d0": 9.789403915405272, "prcp_d1": 0.0, "prcp_d2": 0.0, "prcp_d3": 0.0, "prcp_d4": 0.0, "prcp_d5": 0.0, "prcp_d6": 0.0, "tmax_d0": 21.7, "tmax_d1": 21.6, "tmax_d2": 19.4, "tmax_d3": 19.5, "tmax_d4": 21.4, "tmax_d5": 18.7, "tmax_d6": 17.3, "tmin_d0": 3.2, "tmin_d1": 4.4, "tmin_d2": 3.1, "tmin_d3": 4.7, "tmin_d4": 2.5, "tmin_d5": 1.8, "tmin_d6": 2.6, "day_of_year": 246, "uuid": "a311c0d2-f45b-4f14-8700-7832ac960487", "inat_id": 133506578}}, {"type": "Feature", "geometry": {"type": "Point", "coordinates": [-106.4519496491, 37.019669949]}, "properties": {"species": "Cantharellus roseocanus", "date": "2022-09-03", "location": "Rio Grande National Forest, Antonito, CO, US", "elevation": 3065.0, "land_cover_label": "Tree cover", "water_mask": false, "exclude_reason": "keep", "ndvi": null, "soil_moisture": null, "solar_exposure": null, "wind_exposure": null, "water_retention": null, "slope": null, "aspect": null, "num_identification_agreements": 2, "cluster": 0, "tavg": null, "tmin": null, "tmax": null, "prcp_d0": 0.0, "prcp_d1": 0.0, "prcp_d2": 0.0, "prcp_d3": 0.0, "prcp_d4": 0.0, "prcp_d5": 0.0, "prcp_d6": 0.0, "tmax_d0": 19.0, "tmax_d1": 21.4, "tmax_d2": 20.7, "tmax_d3": 20.3, "tmax_d4": 20.0, "tmax_d5": 18.7, "tmax_d6": 17.6, "tmin_d0": 6.6, "tmin_d1": 6.3, "tmin_d2": 6.1, "tmin_d3": 5.6, "tmin_d4": 6.7, "tmin_d5": 4.0, "tmin_d6": 6.0, "day_of_year": 246, "uuid": "4ee6fd0d-e7eb-4141-adaf-3a6f23d4bb73", "inat_id": 133533344}}, {"type": "Feature", "geometry": {"type": "Point", "coordinates": [-105.0798889796, 37.9279775916]}, "properties": {"species": "Cantharellus roseocanus", "date": "2022-09-03", "location": "Colorado, US", "elevation": 3421.0, "land_cover_label": "Tree cover", "water_mask": false, "exclude_reason": "keep", "ndvi": null, "soil_moisture": null, "solar_exposure": null, "wind_exposure": null, "water_retention": null, "slope": null, "aspect": null, "num_identification_agreements": 1, "cluster": 0, "tavg": null, "tmin": 15.8, "tmax": 28.9, "prcp_d0": 0.0, "prcp_d1": 0.0, "prcp_d2": 0.0, "prcp_d3": 0.0, "prcp_d4": 0.0, "prcp_d5": 0.0, "prcp_d6": 0.0, "tmax_d0": 16.4, "tmax_d1": 18.3, "tmax_d2": 17.7, "tmax_d3": 17.4, "tmax_d4": 15.8, "tmax_d5": 15.5, "tmax_d6": 16.9, "tmin_d0": 3.0, "tmin_d1": 6.9, "tmin_d2": 5.4, "tmin_d3": 6.6, "tmin_d4": 4.5, "tmin_d5": 6.0, "tmin_d6": 5.9, "day_of_year": 246, "uuid": "04476b6b-79d0-4efa-880b-3eb5ce4dbd35", "inat_id": 133635482}}, {"type": "Feature", "geometry": {"type": "Point", "coordinates": [-121.9097831129, 45.3614706311]}, "properties": {"species": "Cantharellus roseocanus", "date": "2022-09-06", "location": "Oregon, US", "elevation": 897.0, "land_cover_label": "Tree cover", "water_mask": false, "exclude_reason": "keep", "ndvi": null, "soil_moisture": null, "solar_exposure": null, "wind_exposure": null, "water_retention": null, "slope": null, "aspect": null, "num_identification_agreements": 1, "cluster": 0, "tavg": null, "tmin": 11.7, "tmax": 34.4, "prcp_d0": 0.0, "prcp_d1": 0.0, "prcp_d2": 0.0, "prcp_d3": 0.0, "prcp_d4": 0.0, "prcp_d5": 0.0, "prcp_d6": 0.0, "tmax_d0": 30.5, "tmax_d1": 21.9, "tmax_d2": 22.6, "tmax_d3": 25.4, "tmax_d4": 32.0, "tmax_d5": 28.8, "tmax_d6": 29.8, "tmin_d0": 11.2, "tmin_d1": 10.9, "tmin_d2": 8.7, "tmin_d3": 9.6, "tmin_d4": 11.0, "tmin_d5": 13.0, "tmin_d6": 15.8, "day_of_year": 249, "uuid": "0541d3f1-1db4-4ade-a12a-15913f651bb6", "inat_id": 137095742}}, {"type": "Feature", "geometry": {"type": "Point", "coordinates": [-121.7244838695, 45.2449655661]}, "properties": {"species": "Cantharellus roseocanus", "date": "2022-09-21", "location": "Oregon, US", "elevation": 1107.0, "land_cover_label": "Tree cover", "water_mask": false, "exclude_reason": "keep", "ndvi": null, "soil_moisture": null, "solar_exposure": null, "wind_exposure": null, "water_retention": null, "slope": null, "aspect": null, "num_identification_agreements": 1, "cluster": 0, "tavg": null, "tmin": 12.5, "tmax": 24.5, "prcp_d0": 0.0, "prcp_d1": 0.0, "prcp_d2": 0.0, "prcp_d3": 0.0, "prcp_d4": 0.0, "prcp_d5": 0.0, "prcp_d6": 0.0, "tmax_d0": 18.0, "tmax_d1": 19.1, "tmax_d2": 22.9, "tmax_d3": 17.6, "tmax_d4": 16.1, "tmax_d5": 13.4, "tmax_d6": 15.3, "tmin_d0": 9.6, "tmin_d1": 10.7, "tmin_d2": 8.6, "tmin_d3": 6.8, "tmin_d4": 4.5, "tmin_d5": 7.4, "tmin_d6": 8.3, "day_of_year": 264, "uuid": "ab6d0e68-e9d5-414a-aa9e-262988b0ec7f", "inat_id": 137098999}}, {"type": "Feature", "geometry": {"type": "Point", "coordinates": [-121.6326540679, 45.3528092721]}, "properties": {"species": "Cantharellus roseocanus", "date": "2022-09-24", "location": "Oregon, US", "elevation": 1727.0, "land_cover_label": "Tree cover", "water_mask": false, "exclude_reason": "keep", "ndvi": null, "soil_moisture": null, "solar_exposure": null, "wind_exposure": null, "water_retention": null, "slope": null, "aspect": null, "num_identification_agreements": 1, "cluster": 0, "tavg": null, "tmin": 9.7, "tmax": 26.5, "prcp_d0": 0.0, "prcp_d1": 0.0, "prcp_d2": 0.0, "prcp_d3": 0.0, "prcp_d4": 0.0, "prcp_d5": 0.0, "prcp_d6": 0.0, "tmax_d0": 19.3, "tmax_d1": 15.5, "tmax_d2": 9.9, "tmax_d3": 13.5, "tmax_d4": 16.1, "tmax_d5": 18.8, "tmax_d6": 13.5, "tmin_d0": 4.7, "tmin_d1": 3.2, "tmin_d2": 4.8, "tmin_d3": 6.0, "tmin_d4": 6.2, "tmin_d5": 4.4, "tmin_d6": 3.2, "day_of_year": 267, "uuid": "ac23bf03-e24c-4636-8a6b-df9068aa5f22", "inat_id": 136373999}}, {"type": "Feature", "geometry": {"type": "Point", "coordinates": [-121.6251010448, 45.3192080747]}, "properties": {"species": "Cantharellus roseocanus", "date": "2022-09-24", "location": "Hood River County, US-OR, US", "elevation": 1338.0, "land_cover_label": "Tree cover", "water_mask": false, "exclude_reason": "keep", "ndvi": null, "soil_moisture": null, "solar_exposure": null, "wind_exposure": null, "water_retention": null, "slope": null, "aspect": null, "num_identification_agreements": 2, "cluster": 0, "tavg": null, "tmin": 9.7, "tmax": 26.5, "prcp_d0": 0.0, "prcp_d1": 0.0, "prcp_d2": 0.0, "prcp_d3": 0.0, "prcp_d4": 0.0, "prcp_d5": 0.0, "prcp_d6": 0.0, "tmax_d0": 21.9, "tmax_d1": 18.1, "tmax_d2": 12.5, "tmax_d3": 16.1, "tmax_d4": 18.7, "tmax_d5": 21.4, "tmax_d6": 16.1, "tmin_d0": 7.3, "tmin_d1": 5.8, "tmin_d2": 7.4, "tmin_d3": 8.6, "tmin_d4": 8.8, "tmin_d5": 7.0, "tmin_d6": 5.8, "day_of_year": 267, "uuid": "d97a58bb-f990-4a8b-9434-687d4a1d0195", "inat_id": 136349328}}, {"type": "Feature", "geometry": {"type": "Point", "coordinates": [-121.6249861141, 45.3192347669]}, "properties": {"species": "Cantharellus roseocanus", "date": "2022-09-26", "location": "Hood River County, US-OR, US", "elevation": 1338.0, "land_cover_label": "Tree cover", "water_mask": false, "exclude_reason": "keep", "ndvi": null, "soil_moisture": null, "solar_exposure": null, "wind_exposure": null, "water_retention": null, "slope": null, "aspect": null, "num_identification_agreements": 3, "cluster": 0, "tavg": null, "tmin": 12.9, "tmax": 30.0, "prcp_d0": 0.0, "prcp_d1": 0.0, "prcp_d2": 0.0, "prcp_d3": 0.0, "prcp_d4": 0.0, "prcp_d5": 0.0, "prcp_d6": 0.0, "tmax_d0": 24.4, "tmax_d1": 21.9, "tmax_d2": 21.9, "tmax_d3": 18.1, "tmax_d4": 12.5, "tmax_d5": 16.1, "tmax_d6": 18.7, "tmin_d0": 12.7, "tmin_d1": 10.6, "tmin_d2": 7.3, "tmin_d3": 5.8, "tmin_d4": 7.4, "tmin_d5": 8.6, "tmin_d6": 8.8, "day_of_year": 269, "uuid": "ee0bd543-517c-4014-93d2-515644250683", "inat_id": 136662503}}, {"type": "Feature", "geometry": {"type": "Point", "coordinates": [-121.6227759027, 45.3191828847]}, "properties": {"species": "Cantharellus roseocanus", "date": "2022-09-28", "location": "Hood River County, US-OR, US", "elevation": 1324.0, "land_cover_label": "Tree cover", "water_mask": false, "exclude_reason": "keep", "ndvi": null, "soil_moisture": null, "solar_exposure": null, "wind_exposure": null, "water_retention": null, "slope": null, "aspect": null, "num_identification_agreements": 2, "cluster": 0, "tavg": null, "tmin": 14.1, "tmax": 22.9, "prcp_d0": 0.2914353311061859, "prcp_d1": 0.0, "prcp_d2": 0.0, "prcp_d3": 0.0, "prcp_d4": 0.0, "prcp_d5": 0.0, "prcp_d6": 0.0, "tmax_d0": 19.8, "tmax_d1": 23.9, "tmax_d2": 24.4, "tmax_d3": 22.0, "tmax_d4": 22.0, "tmax_d5": 18.2, "tmax_d6": 12.5, "tmin_d0": 10.4, "tmin_d1": 11.8, "tmin_d2": 12.8, "tmin_d3": 10.6, "tmin_d4": 7.4, "tmin_d5": 5.8, "tmin_d6": 7.4, "day_of_year": 271, "uuid": "007f7820-0950-411c-9645-3574bcf6f72b", "inat_id": 137153632}}, {"type": "Feature", "geometry": {"type": "Point", "coordinates": [-121.7605863218, 45.358086877]}, "properties": {"species": "Cantharellus roseocanus", "date": "2022-10-14", "location": "Oregon, US", "elevation": 1541.0, "land_cover_label": "Tree cover", "water_mask": false, "exclude_reason": "keep", "ndvi": null, "soil_moisture": null, "solar_exposure": null, "wind_exposure": null, "water_retention": null, "slope": null, "aspect": null, "num_identification_agreements": 3, "cluster": 0, "tavg": null, "tmin": 11.4, "tmax": 23.8, "prcp_d0": 0.0, "prcp_d1": 0.0, "prcp_d2": 0.0, "prcp_d3": 0.0, "prcp_d4": 0.0, "prcp_d5": 0.0, "prcp_d6": 0.0, "tmax_d0": 21.7, "tmax_d1": 20.6, "tmax_d2": 20.9, "tmax_d3": 18.7, "tmax_d4": 18.7, "tmax_d5": 20.5, "tmax_d6": 20.5, "tmin_d0": 7.0, "tmin_d1": 6.7, "tmin_d2": 7.5, "tmin_d3": 3.0, "tmin_d4": 8.5, "tmin_d5": 7.9, "tmin_d6": 8.0, "day_of_year": 287, "uuid": "5c029b3c-83b3-416c-877c-1c337ec8e414", "inat_id": 139080832}}, {"type": "Feature", "geometry": {"type": "Point", "coordinates": [-105.5412635279, 39.7857124949]}, "properties": {"species": "Cantharellus roseocanus", "date": "2023-07-28", "location": "Colorado, US", "elevation": 2964.0, "land_cover_label": "Grassland", "water_mask": false, "exclude_reason": "keep", "ndvi": null, "soil_moisture": 0.3808915742913788, "solar_exposure": 0.9671463966369628, "wind_exposure": 0.475005179643631, "water_retention": 0.1356260925531387, "slope": 16.44878578186035, "aspect": 173.10556030273438, "num_identification_agreements": 2, "cluster": 0, "tavg": null, "tmin": 2.2, "tmax": 16.5, "prcp_d0": 0.0, "prcp_d1": 0.0, "prcp_d2": 0.0, "prcp_d3": 0.0, "prcp_d4": 0.0, "prcp_d5": 0.0, "prcp_d6": 0.0, "tmax_d0": 22.7, "tmax_d1": 22.2, "tmax_d2": 21.8, "tmax_d3": 24.3, "tmax_d4": 24.6, "tmax_d5": 23.1, "tmax_d6": 20.7, "tmin_d0": 6.8, "tmin_d1": 6.8, "tmin_d2": 7.7, "tmin_d3": 8.3, "tmin_d4": 6.8, "tmin_d5": 5.6, "tmin_d6": 4.4, "day_of_year": 209, "uuid": "5c0c763a-e6e4-4e6e-8109-6444979f36d6", "inat_id": 175428268}}, {"type": "Feature", "geometry": {"type": "Point", "coordinates": [-105.441405, 40.1285666667]}, "properties": {"species": "Cantharellus roseocanus", "date": "2023-07-30", "location": "Ceran St Vrain, Ward, CO, US", "elevation": 2533.0, "land_cover_label": "Tree cover", "water_mask": false, "exclude_reason": "keep", "ndvi": null, "soil_moisture": 0.3023509258441611, "solar_exposure": 0.6869573593139648, "wind_exposure": 0.2861445844173431, "water_retention": 0.4568565189838409, "slope": 14.271238327026367, "aspect": 35.8168830871582, "num_identification_agreements": 2, "cluster": 3, "tavg": null, "tmin": 16.0, "tmax": 33.0, "prcp_d0": 0.0, "prcp_d1": 0.0, "prcp_d2": 0.0, "prcp_d3": 0.0, "prcp_d4": 0.0, "prcp_d5": 22.88115119934082, "prcp_d6": 0.0, "tmax_d0": 25.3, "tmax_d1": 22.2, "tmax_d2": 24.4, "tmax_d3": 26.0, "tmax_d4": 24.6, "tmax_d5": 26.4, "tmax_d6": 25.1, "tmin_d0": 11.1, "tmin_d1": 11.3, "tmin_d2": 9.8, "tmin_d3": 8.4, "tmin_d4": 10.5, "tmin_d5": 11.1, "tmin_d6": 10.7, "day_of_year": 211, "uuid": "265d9409-1bfb-4cbe-93dc-624d29b7ffb8", "inat_id": 175837347}}, {"type": "Feature", "geometry": {"type": "Point", "coordinates": [-105.3314811512, 39.4914040987]}, "properties": {"species": "Cantharellus roseocanus", "date": "2023-08-04", "location": "Colorado, US", "elevation": 2616.0, "land_cover_label": "Tree cover", "water_mask": false, "exclude_reason": "keep", "ndvi": null, "soil_moisture": 0.3871959308657577, "solar_exposure": 0.8909299969673157, "wind_exposure": 0.3748004138469696, "water_retention": 0.1935777217149734, "slope": 7.125027656555176, "aspect": 218.59120178222656, "num_identification_agreements": 1, "cluster": 1, "tavg": null, "tmin": 15.0, "tmax": 28.9, "prcp_d0": 0.0, "prcp_d1": 0.0, "prcp_d2": 14.160266876220703, "prcp_d3": 56.64106750488281, "prcp_d4": 6.093354225158691, "prcp_d5": 0.0, "prcp_d6": 0.0, "tmax_d0": 23.6, "tmax_d1": 21.3, "tmax_d2": 20.0, "tmax_d3": 22.9, "tmax_d4": 23.3, "tmax_d5": 25.8, "tmax_d6": 24.1, "tmin_d0": 7.9, "tmin_d1": 9.2, "tmin_d2": 9.2, "tmin_d3": 10.1, "tmin_d4": 12.9, "tmin_d5": 12.8, "tmin_d6": 11.6, "day_of_year": 216, "uuid": "179aecd2-3ee4-4602-863d-24b453546c53", "inat_id": 176904545}}, {"type": "Feature", "geometry": {"type": "Point", "coordinates": [-105.3073994188, 39.4770738938]}, "properties": {"species": "Cantharellus roseocanus", "date": "2023-08-04", "location": "Colorado, US", "elevation": 2718.0, "land_cover_label": "Tree cover", "water_mask": false, "exclude_reason": "keep", "ndvi": null, "soil_moisture": 0.3813130810583319, "solar_exposure": 0.9457963705062866, "wind_exposure": 0.4842313528060913, "water_retention": 0.1319129467010498, "slope": 17.325637817382812, "aspect": 211.50680541992188, "num_identification_agreements": 1, "cluster": 1, "tavg": null, "tmin": 15.0, "tmax": 28.9, "prcp_d0": 0.0, "prcp_d1": 0.0, "prcp_d2": 14.160266876220703, "prcp_d3": 56.64106750488281, "prcp_d4": 6.093354225158691, "prcp_d5": 0.0, "prcp_d6": 0.0, "tmax_d0": 23.7, "tmax_d1": 21.0, "tmax_d2": 19.3, "tmax_d3": 23.4, "tmax_d4": 24.3, "tmax_d5": 26.3, "tmax_d6": 23.7, "tmin_d0": 6.4, "tmin_d1": 9.2, "tmin_d2": 8.5, "tmin_d3": 9.5, "tmin_d4": 13.1, "tmin_d5": 10.6, "tmin_d6": 11.3, "day_of_year": 216, "uuid": "cbb2895c-b09d-457f-b3b1-237412f3cfea", "inat_id": 176906839}}, {"type": "Feature", "geometry": {"type": "Point", "coordinates": [-105.3815158638, 39.4161272394]}, "properties": {"species": "Cantharellus roseocanus", "date": "2023-08-04", "location": "Colorado, US", "elevation": 2199.0, "land_cover_label": "Tree cover", "water_mask": false, "exclude_reason": "keep", "ndvi": null, "soil_moisture": 0.3905624218458452, "solar_exposure": 0.7622767090797424, "wind_exposure": 0.2179379016160965, "water_retention": 0.2355120629072189, "slope": 7.644974708557129, "aspect": 31.87532615661621, "num_identification_agreements": 1, "cluster": 1, "tavg": null, "tmin": 5.0, "tmax": 20.0, "prcp_d0": 0.0, "prcp_d1": 0.0, "prcp_d2": 19.239316940307617, "prcp_d3": 76.95726776123047, "prcp_d4": 22.24650001525879, "prcp_d5": 0.0, "prcp_d6": 0.0, "tmax_d0": 27.9, "tmax_d1": 26.0, "tmax_d2": 22.8, "tmax_d3": 27.2, "tmax_d4": 28.4, "tmax_d5": 30.9, "tmax_d6": 27.7, "tmin_d0": 9.8, "tmin_d1": 12.6, "tmin_d2": 12.0, "tmin_d3": 13.3, "tmin_d4": 15.8, "tmin_d5": 13.2, "tmin_d6": 14.3, "day_of_year": 216, "uuid": "b322e429-e685-4933-89bc-89b1deb3fdef", "inat_id": 176905311}}, {"type": "Feature", "geometry": {"type": "Point", "coordinates": [-105.4661553519, 40.1015529072]}, "properties": {"species": "Cantharellus roseocanus", "date": "2023-08-06", "location": "Colorado, US", "elevation": 2719.0, "land_cover_label": "Tree cover", "water_mask": false, "exclude_reason": "keep", "ndvi": null, "soil_moisture": 0.2902469381047836, "solar_exposure": 0.9032766222953796, "wind_exposure": 0.3753383457660675, "water_retention": 0.1808079034090042, "slope": 8.590381622314453, "aspect": 145.73226928710938, "num_identification_agreements": 2, "cluster": 2, "tavg": null, "tmin": 16.0, "tmax": 20.0, "prcp_d0": 0.0, "prcp_d1": 0.0, "prcp_d2": 0.0, "prcp_d3": 0.0, "prcp_d4": 11.640461921691896, "prcp_d5": 46.56184768676758, "prcp_d6": 15.085541725158691, "tmax_d0": 16.7, "tmax_d1": 20.4, "tmax_d2": 20.9, "tmax_d3": 19.1, "tmax_d4": 18.7, "tmax_d5": 21.4, "tmax_d6": 20.4, "tmin_d0": 7.0, "tmin_d1": 5.7, "tmin_d2": 6.6, "tmin_d3": 8.6, "tmin_d4": 9.7, "tmin_d5": 9.9, "tmin_d6": 11.4, "day_of_year": 218, "uuid": "58e7f4a3-acdd-49b7-a472-ad77d97dbcea", "inat_id": 177049101}}, {"type": "Feature", "geometry": {"type": "Point", "coordinates": [-105.4030485, 39.9844188333]}, "properties": {"species": "Cantharellus roseocanus", "date": "2023-08-06", "location": "Nederland, CO 80466, USA", "elevation": 2492.0, "land_cover_label": "Tree cover", "water_mask": false, "exclude_reason": "keep", "ndvi": null, "soil_moisture": 0.2967811846459665, "solar_exposure": 0.8713136911392212, "wind_exposure": 0.3871736526489258, "water_retention": 0.1937463730573654, "slope": 7.10741138458252, "aspect": 238.5077972412109, "num_identification_agreements": 2, "cluster": 2, "tavg": null, "tmin": 16.0, "tmax": 20.0, "prcp_d0": 0.0, "prcp_d1": 0.0, "prcp_d2": 0.0, "prcp_d3": 0.0, "prcp_d4": 8.999225616455078, "prcp_d5": 35.99690246582031, "prcp_d6": 11.902307510375977, "tmax_d0": 18.6, "tmax_d1": 22.3, "tmax_d2": 22.4, "tmax_d3": 20.5, "tmax_d4": 19.9, "tmax_d5": 23.6, "tmax_d6": 23.3, "tmin_d0": 8.3, "tmin_d1": 7.1, "tmin_d2": 8.1, "tmin_d3": 9.6, "tmin_d4": 11.3, "tmin_d5": 11.1, "tmin_d6": 13.0, "day_of_year": 218, "uuid": "c5e1f0eb-42fb-44c1-9b60-177f76eb8265", "inat_id": 177228526}}, {"type": "Feature", "geometry": {"type": "Point", "coordinates": [-105.4320916667, 39.8412333333]}, "properties": {"species": "Cantharellus roseocanus", "date": "2023-08-08", "location": "Golden Gate Canyon State Park, Golden, CO, US", "elevation": 2665.0, "land_cover_label": "Tree cover", "water_mask": false, "exclude_reason": "keep", "ndvi": null, "soil_moisture": 0.4083511191117036, "solar_exposure": 0.9680211544036864, "wind_exposure": 0.4174807965755462, "water_retention": 0.1135792136192321, "slope": 22.265743255615234, "aspect": 205.64581298828125, "num_identification_agreements": 2, "cluster": 0, "tavg": null, "tmin": 14.0, "tmax": 27.0, "prcp_d0": 7.9269280433654785, "prcp_d1": 0.0, "prcp_d2": 0.0, "prcp_d3": 0.0, "prcp_d4": 0.0, "prcp_d5": 0.0, "prcp_d6": 10.295299530029297, "tmax_d0": 20.7, "tmax_d1": 19.0, "tmax_d2": 18.1, "tmax_d3": 21.5, "tmax_d4": 21.6, "tmax_d5": 20.0, "tmax_d6": 18.8, "tmin_d0": 3.4, "tmin_d1": 4.2, "tmin_d2": 6.1, "tmin_d3": 4.2, "tmin_d4": 6.3, "tmin_d5": 7.6, "tmin_d6": 9.3, "day_of_year": 220, "uuid": "3de6f9a4-10f0-40f5-a4ca-477e1892e1d9", "inat_id": 177412753}}, {"type": "Feature", "geometry": {"type": "Point", "coordinates": [-105.3902861111, 39.3372444444]}, "properties": {"species": "Cantharellus roseocanus", "date": "2023-08-12", "location": "Pine, CO 80470, USA", "elevation": 2533.0, "land_cover_label": "Tree cover", "water_mask": false, "exclude_reason": "keep", "ndvi": null, "soil_moisture": 0.2385027605978157, "solar_exposure": 0.7656445503234863, "wind_exposure": 0.372714638710022, "water_retention": 0.1890627890825271, "slope": 7.612858295440674, "aspect": 324.31280517578125, "num_identification_agreements": 2, "cluster": 0, "tavg": null, "tmin": 6.3, "tmax": 17.1, "prcp_d0": 0.0, "prcp_d1": 0.0, "prcp_d2": 0.0, "prcp_d3": 0.0, "prcp_d4": 0.0, "prcp_d5": 0.0, "prcp_d6": 12.32967758178711, "tmax_d0": 21.5, "tmax_d1": 23.5, "tmax_d2": 23.5, "tmax_d3": 22.7, "tmax_d4": 24.3, "tmax_d5": 23.8, "tmax_d6": 17.0, "tmin_d0": 10.3, "tmin_d1": 9.8, "tmin_d2": 8.0, "tmin_d3": 6.7, "tmin_d4": 7.8, "tmin_d5": 9.1, "tmin_d6": 9.0, "day_of_year": 224, "uuid": "e16ef414-7de8-40c1-9054-492f48e564b5", "inat_id": 178189007}}, {"type": "Feature", "geometry": {"type": "Point", "coordinates": [-105.1195533037, 38.6268284339]}, "properties": {"species": "Cantharellus roseocanus", "date": "2023-08-14", "location": "Colorado, US", "elevation": 2659.0, "land_cover_label": "Tree cover", "water_mask": false, "exclude_reason": "keep", "ndvi": null, "soil_moisture": null, "solar_exposure": null, "wind_exposure": null, "water_retention": null, "slope": null, "aspect": null, "num_identification_agreements": 2, "cluster": 0, "tavg": null, "tmin": 16.1, "tmax": 26.6, "prcp_d0": 0.0, "prcp_d1": 0.0, "prcp_d2": 0.0, "prcp_d3": 0.0, "prcp_d4": 0.0, "prcp_d5": 0.0, "prcp_d6": 0.0, "tmax_d0": 15.9, "tmax_d1": 19.1, "tmax_d2": 21.7, "tmax_d3": 24.1, "tmax_d4": 23.6, "tmax_d5": 23.5, "tmax_d6": 24.1, "tmin_d0": 7.8, "tmin_d1": 12.4, "tmin_d2": 12.3, "tmin_d3": 13.4, "tmin_d4": 11.5, "tmin_d5": 9.0, "tmin_d6": 10.2, "day_of_year": 226, "uuid": "ef72b927-26ca-4493-97de-7af95ebfdac4", "inat_id": 178774986}}, {"type": "Feature", "geometry": {"type": "Point", "coordinates": [-121.8761178336, 45.2311841474]}, "properties": {"species": "Cantharellus roseocanus", "date": "2023-08-17", "location": "Oregon, US", "elevation": 746.0, "land_cover_label": "Tree cover", "water_mask": false, "exclude_reason": "keep", "ndvi": null, "soil_moisture": null, "solar_exposure": null, "wind_exposure": null, "water_retention": null, "slope": null, "aspect": null, "num_identification_agreements": 1, "cluster": 0, "tavg": null, "tmin": null, "tmax": null, "prcp_d0": 0.0, "prcp_d1": 0.0, "prcp_d2": 0.0, "prcp_d3": 0.0, "prcp_d4": 0.0, "prcp_d5": 0.0, "prcp_d6": 0.0, "tmax_d0": 32.2, "tmax_d1": 33.8, "tmax_d2": 34.3, "tmax_d3": 34.9, "tmax_d4": 31.7, "tmax_d5": 25.2, "tmax_d6": 23.1, "tmin_d0": 22.0, "tmin_d1": 21.6, "tmin_d2": 20.4, "tmin_d3": 21.1, "tmin_d4": 14.9, "tmin_d5": 14.5, "tmin_d6": 10.0, "day_of_year": 229, "uuid": "67e890ba-9e55-4044-b6f5-4ce008adaa83", "inat_id": 182721054}}, {"type": "Feature", "geometry": {"type": "Point", "coordinates": [-105.0710710429, 38.179678721]}, "properties": {"species": "Cantharellus roseocanus", "date": "2023-08-19", "location": "Colorado, US", "elevation": 2214.0, "land_cover_label": "Grassland", "water_mask": false, "exclude_reason": "keep", "ndvi": null, "soil_moisture": null, "solar_exposure": null, "wind_exposure": null, "water_retention": null, "slope": null, "aspect": null, "num_identification_agreements": 1, "cluster": 0, "tavg": null, "tmin": 19.2, "tmax": 36.3, "prcp_d0": 0.0, "prcp_d1": 0.0, "prcp_d2": 0.0, "prcp_d3": 0.0, "prcp_d4": 0.0, "prcp_d5": 0.0, "prcp_d6": 0.0, "tmax_d0": 30.5, "tmax_d1": 30.5, "tmax_d2": 28.7, "tmax_d3": 30.2, "tmax_d4": 26.5, "tmax_d5": 21.5, "tmax_d6": 20.9, "tmin_d0": 14.7, "tmin_d1": 12.6, "tmin_d2": 13.9, "tmin_d3": 12.2, "tmin_d4": 10.1, "tmin_d5": 11.2, "tmin_d6": 11.6, "day_of_year": 231, "uuid": "74db42a3-d739-4c2e-a5c8-d4190187fc1d", "inat_id": 179477279}}, {"type": "Feature", "geometry": {"type": "Point", "coordinates": [-105.2933331804, 39.4058354501]}, "properties": {"species": "Cantharellus roseocanus", "date": "2023-08-20", "location": "Colorado, US", "elevation": 2299.0, "land_cover_label": "Tree cover", "water_mask": false, "exclude_reason": "keep", "ndvi": null, "soil_moisture": 0.2401359037126956, "solar_exposure": 0.7724762558937073, "wind_exposure": 0.5218883752822876, "water_retention": 0.1479168534278869, "slope": 26.20123291015625, "aspect": 263.66717529296875, "num_identification_agreements": 1, "cluster": 0, "tavg": null, "tmin": 15.6, "tmax": 33.9, "prcp_d0": 0.0, "prcp_d1": 23.886632919311523, "prcp_d2": 0.0, "prcp_d3": 0.0, "prcp_d4": 0.0, "prcp_d5": 0.0, "prcp_d6": 0.0, "tmax_d0": 31.1, "tmax_d1": 30.0, "tmax_d2": 29.8, "tmax_d3": 30.3, "tmax_d4": 29.2, "tmax_d5": 27.8, "tmax_d6": 21.9, "tmin_d0": 11.4, "tmin_d1": 11.4, "tmin_d2": 13.1, "tmin_d3": 11.9, "tmin_d4": 11.0, "tmin_d5": 9.5, "tmin_d6": 9.8, "day_of_year": 232, "uuid": "c1284162-5065-4178-97cc-9a4649845162", "inat_id": 179483728}}, {"type": "Feature", "geometry": {"type": "Point", "coordinates": [-121.9007906742, 44.5331027955]}, "properties": {"species": "Cantharellus roseocanus", "date": "2023-08-25", "location": "Oregon, US", "elevation": 1507.0, "land_cover_label": "Grassland", "water_mask": false, "exclude_reason": "keep", "ndvi": null, "soil_moisture": null, "solar_exposure": null, "wind_exposure": null, "water_retention": null, "slope": null, "aspect": null, "num_identification_agreements": 1, "cluster": 0, "tavg": null, "tmin": null, "tmax": null, "prcp_d0": 0.0, "prcp_d1": 0.0, "prcp_d2": 0.0, "prcp_d3": 0.0, "prcp_d4": 0.0, "prcp_d5": 0.0, "prcp_d6": 0.0, "tmax_d0": 24.9, "tmax_d1": 24.1, "tmax_d2": 19.2, "tmax_d3": 17.3, "tmax_d4": 23.7, "tmax_d5": 26.2, "tmax_d6": 26.3, "tmin_d0": 8.9, "tmin_d1": 5.9, "tmin_d2": 3.8, "tmin_d3": 7.5, "tmin_d4": 12.6, "tmin_d5": 8.7, "tmin_d6": 9.3, "day_of_year": 237, "uuid": "db5e71d1-b5e2-4d3b-8824-d0efb869693f", "inat_id": 182722782}}, {"type": "Feature", "geometry": {"type": "Point", "coordinates": [-105.4174078574, 40.1212448173]}, "properties": {"species": "Cantharellus roseocanus", "date": "2023-08-25", "location": "Colorado, US", "elevation": 2620.0, "land_cover_label": "Tree cover", "water_mask": false, "exclude_reason": "keep", "ndvi": null, "soil_moisture": 0.2032544809478313, "solar_exposure": 0.896248996257782, "wind_exposure": 0.523674488067627, "water_retention": 0.1453369110822677, "slope": 14.340012550354004, "aspect": 233.522216796875, "num_identification_agreements": 2, "cluster": 0, "tavg": null, "tmin": 14.0, "tmax": 21.0, "prcp_d0": 0.0, "prcp_d1": 0.0, "prcp_d2": 0.0, "prcp_d3": 0.0, "prcp_d4": 0.0, "prcp_d5": 0.0, "prcp_d6": 6.547903537750244, "tmax_d0": 16.4, "tmax_d1": 21.5, "tmax_d2": 23.0, "tmax_d3": 24.5, "tmax_d4": 24.9, "tmax_d5": 23.1, "tmax_d6": 22.5, "tmin_d0": 10.0, "tmin_d1": 11.4, "tmin_d2": 11.5, "tmin_d3": 14.3, "tmin_d4": 11.8, "tmin_d5": 11.0, "tmin_d6": 11.1, "day_of_year": 237, "uuid": "db93f78e-2220-4504-bb4b-8bef70ed96e3", "inat_id": 180225143}}, {"type": "Feature", "geometry": {"type": "Point", "coordinates": [-110.8213985208, 40.6209057936]}, "properties": {"species": "Cantharellus roseocanus", "date": "2023-08-27", "location": "Utah, US", "elevation": 3147.0, "land_cover_label": "Tree cover", "water_mask": false, "exclude_reason": "keep", "ndvi": null, "soil_moisture": null, "solar_exposure": null, "wind_exposure": null, "water_retention": null, "slope": null, "aspect": null, "num_identification_agreements": 2, "cluster": 0, "tavg": null, "tmin": null, "tmax": null, "prcp_d0": 0.0, "prcp_d1": 0.0, "prcp_d2": 0.0, "prcp_d3": 0.0, "prcp_d4": 0.0, "prcp_d5": 0.0, "prcp_d6": 0.0, "tmax_d0": 16.7, "tmax_d1": 17.1, "tmax_d2": 16.3, "tmax_d3": 13.1, "tmax_d4": 13.6, "tmax_d5": 13.8, "tmax_d6": 17.6, "tmin_d0": 6.5, "tmin_d1": 6.0, "tmin_d2": 4.6, "tmin_d3": 5.4, "tmin_d4": 5.7, "tmin_d5": 8.4, "tmin_d6": 11.2, "day_of_year": 239, "uuid": "73764cf8-ca80-445f-9b25-b1d4a98be946", "inat_id": 180522911}}, {"type": "Feature", "geometry": {"type": "Point", "coordinates": [-105.5086069554, 40.0727815718]}, "properties": {"species": "Cantharellus roseocanus", "date": "2023-08-27", "location": "Ward, CO, USA", "elevation": 2814.0, "land_cover_label": "Tree cover", "water_mask": false, "exclude_reason": "keep", "ndvi": null, "soil_moisture": 0.3890144326902564, "solar_exposure": 0.873299777507782, "wind_exposure": 0.2641808092594147, "water_retention": 0.3000445663928985, "slope": 8.790327072143555, "aspect": 119.43383026123048, "num_identification_agreements": 3, "cluster": 0, "tavg": null, "tmin": 15.0, "tmax": 30.0, "prcp_d0": 0.0, "prcp_d1": 0.0, "prcp_d2": 0.0, "prcp_d3": 0.0, "prcp_d4": 0.0, "prcp_d5": 0.0, "prcp_d6": 0.0, "tmax_d0": 19.5, "tmax_d1": 13.3, "tmax_d2": 15.1, "tmax_d3": 20.2, "tmax_d4": 21.7, "tmax_d5": 23.2, "tmax_d6": 23.6, "tmin_d0": 5.9, "tmin_d1": 5.1, "tmin_d2": 8.7, "tmin_d3": 10.1, "tmin_d4": 10.2, "tmin_d5": 13.0, "tmin_d6": 10.5, "day_of_year": 239, "uuid": "d31cb4db-6e35-4417-a7ef-c68bfb8717f6", "inat_id": 180575094}}, {"type": "Feature", "geometry": {"type": "Point", "coordinates": [-121.5771333333, 45.4042166667]}, "properties": {"species": "Cantharellus roseocanus", "date": "2023-08-27", "location": "Mt. Hood Park Division Recreation Area, Mount Hood Parkdale, OR, US", "elevation": 1015.0, "land_cover_label": "Tree cover", "water_mask": false, "exclude_reason": "keep", "ndvi": null, "soil_moisture": null, "solar_exposure": null, "wind_exposure": null, "water_retention": null, "slope": null, "aspect": null, "num_identification_agreements": 3, "cluster": 0, "tavg": null, "tmin": 17.2, "tmax": 34.9, "prcp_d0": 0.0, "prcp_d1": 0.0, "prcp_d2": 0.0, "prcp_d3": 0.0, "prcp_d4": 0.0, "prcp_d5": 0.0, "prcp_d6": 0.0, "tmax_d0": 29.0, "tmax_d1": 26.2, "tmax_d2": 25.5, "tmax_d3": 24.0, "tmax_d4": 20.8, "tmax_d5": 20.0, "tmax_d6": 24.6, "tmin_d0": 16.2, "tmin_d1": 15.1, "tmin_d2": 14.1, "tmin_d3": 11.1, "tmin_d4": 7.1, "tmin_d5": 8.9, "tmin_d6": 14.5, "day_of_year": 239, "uuid": "113a6127-df00-41c6-a2bc-d68a820fc0f6", "inat_id": 180728734}}, {"type": "Feature", "geometry": {"type": "Point", "coordinates": [-109.20182, 38.46922]}, "properties": {"species": "Cantharellus roseocanus", "date": "2023-09-01", "location": "La Sal, UT, US", "elevation": 3023.0, "land_cover_label": "Tree cover", "water_mask": false, "exclude_reason": "keep", "ndvi": null, "soil_moisture": null, "solar_exposure": null, "wind_exposure": null, "water_retention": null, "slope": null, "aspect": null, "num_identification_agreements": 1, "cluster": 0, "tavg": null, "tmin": null, "tmax": null, "prcp_d0": 0.0, "prcp_d1": 0.0, "prcp_d2": 0.0, "prcp_d3": 0.0, "prcp_d4": 0.0, "prcp_d5": 0.0, "prcp_d6": 0.0, "tmax_d0": 19.4, "tmax_d1": 20.7, "tmax_d2": 21.1, "tmax_d3": 20.5, "tmax_d4": 19.2, "tmax_d5": 18.9, "tmax_d6": 17.8, "tmin_d0": 8.3, "tmin_d1": 8.6, "tmin_d2": 10.7, "tmin_d3": 10.2, "tmin_d4": 8.8, "tmin_d5": 9.9, "tmin_d6": 8.4, "day_of_year": 244, "uuid": "39a64abf-9fbc-4d92-ba81-9648b19097d3", "inat_id": 181401018}}, {"type": "Feature", "geometry": {"type": "Point", "coordinates": [-105.0841708556, 38.9121994607]}, "properties": {"species": "Cantharellus roseocanus", "date": "2023-09-01", "location": "Pike and San Isabel National Forests, Woodland Park, CO, US", "elevation": 2922.0, "land_cover_label": "Tree cover", "water_mask": false, "exclude_reason": "keep", "ndvi": null, "soil_moisture": null, "solar_exposure": null, "wind_exposure": null, "water_retention": null, "slope": null, "aspect": null, "num_identification_agreements": 2, "cluster": 0, "tavg": null, "tmin": 13.1, "tmax": 33.1, "prcp_d0": 0.0, "prcp_d1": 0.0, "prcp_d2": 0.0, "prcp_d3": 0.0, "prcp_d4": 0.0, "prcp_d5": 0.0, "prcp_d6": 0.0, "tmax_d0": 23.0, "tmax_d1": 23.3, "tmax_d2": 23.1, "tmax_d3": 18.0, "tmax_d4": 16.3, "tmax_d5": 19.4, "tmax_d6": 17.7, "tmin_d0": 10.4, "tmin_d1": 10.8, "tmin_d2": 7.6, "tmin_d3": 3.9, "tmin_d4": 6.5, "tmin_d5": 7.8, "tmin_d6": 7.6, "day_of_year": 244, "uuid": "07d5b281-31dd-4a6a-87ae-7be204f303ae", "inat_id": 183421345}}, {"type": "Feature", "geometry": {"type": "Point", "coordinates": [-121.6612001081, 44.5420860823]}, "properties": {"species": "Cantharellus roseocanus", "date": "2023-09-03", "location": "Oregon, US", "elevation": 923.0, "land_cover_label": "Tree cover", "water_mask": false, "exclude_reason": "keep", "ndvi": null, "soil_moisture": null, "solar_exposure": null, "wind_exposure": null, "water_retention": null, "slope": null, "aspect": null, "num_identification_agreements": 2, "cluster": 0, "tavg": null, "tmin": 12.0, "tmax": 25.0, "prcp_d0": 0.0, "prcp_d1": 0.0, "prcp_d2": 0.0, "prcp_d3": 6.378127098083496, "prcp_d4": 0.0, "prcp_d5": 0.0, "prcp_d6": 0.0, "tmax_d0": 20.6, "tmax_d1": 23.2, "tmax_d2": 18.2, "tmax_d3": 21.2, "tmax_d4": 21.2, "tmax_d5": 27.1, "tmax_d6": 31.2, "tmin_d0": 9.9, "tmin_d1": 11.1, "tmin_d2": 10.9, "tmin_d3": 9.0, "tmin_d4": 11.4, "tmin_d5": 13.7, "tmin_d6": 14.8, "day_of_year": 246, "uuid": "e91a8ec6-cffb-4ffb-9761-22466893064e", "inat_id": 181869947}}, {"type": "Feature", "geometry": {"type": "Point", "coordinates": [-107.8111734241, 39.0647020394]}, "properties": {"species": "Cantharellus roseocanus", "date": "2023-09-03", "location": "Grand Mesa NF", "elevation": 3194.0, "land_cover_label": "Tree cover", "water_mask": false, "exclude_reason": "keep", "ndvi": null, "soil_moisture": null, "solar_exposure": null, "wind_exposure": null, "water_retention": null, "slope": null, "aspect": null, "num_identification_agreements": 1, "cluster": 0, "tavg": null, "tmin": 16.8, "tmax": 31.1, "prcp_d0": 0.0, "prcp_d1": 0.0, "prcp_d2": 0.0, "prcp_d3": 0.0, "prcp_d4": 0.0, "prcp_d5": 0.0, "prcp_d6": 0.0, "tmax_d0": 15.6, "tmax_d1": 16.9, "tmax_d2": 17.1, "tmax_d3": 19.1, "tmax_d4": 19.2, "tmax_d5": 18.9, "tmax_d6": 17.5, "tmin_d0": 7.2, "tmin_d1": 7.8, "tmin_d2": 9.4, "tmin_d3": 9.0, "tmin_d4": 10.0, "tmin_d5": 8.1, "tmin_d6": 8.8, "day_of_year": 246, "uuid": "ed793ca0-8602-423c-89c4-5862ba14f57e", "inat_id": 182050444}}, {"type": "Feature", "geometry": {"type": "Point", "coordinates": [-121.7576998452, 45.200154907]}, "properties": {"species": "Cantharellus roseocanus", "date": "2023-09-07", "location": "Oregon, US", "elevation": 1256.0, "land_cover_label": "Tree cover", "water_mask": false, "exclude_reason": "keep", "ndvi": null, "soil_moisture": null, "solar_exposure": null, "wind_exposure": null, "water_retention": null, "slope": null, "aspect": null, "num_identification_agreements": 1, "cluster": 0, "tavg": null, "tmin": null, "tmax": null, "prcp_d0": 0.0, "prcp_d1": 0.0, "prcp_d2": 0.0, "prcp_d3": 0.0, "prcp_d4": 0.0, "prcp_d5": 0.0, "prcp_d6": 0.0, "tmax_d0": 17.2, "tmax_d1": 15.8, "tmax_d2": 15.3, "tmax_d3": 11.8, "tmax_d4": 18.8, "tmax_d5": 19.7, "tmax_d6": 15.8, "tmin_d0": 7.6, "tmin_d1": 5.5, "tmin_d2": 3.9, "tmin_d3": 5.7, "tmin_d4": 10.0, "tmin_d5": 11.5, "tmin_d6": 8.5, "day_of_year": 250, "uuid": "5be6e437-ec1d-4ee8-ae04-8cf271877a73", "inat_id": 182723573}}, {"type": "Feature", "geometry": {"type": "Point", "coordinates": [-121.6244123034, 45.3673260895]}, "properties": {"species": "Cantharellus roseocanus", "date": "2023-09-28", "location": "Oregon, US", "elevation": 1549.0, "land_cover_label": "Tree cover", "water_mask": false, "exclude_reason": "keep", "ndvi": null, "soil_moisture": null, "solar_exposure": null, "wind_exposure": null, "water_retention": null, "slope": null, "aspect": null, "num_identification_agreements": 2, "cluster": 2, "tavg": null, "tmin": 10.9, "tmax": 15.8, "prcp_d0": 0.0, "prcp_d1": 0.0, "prcp_d2": 0.0, "prcp_d3": 19.27029228210449, "prcp_d4": 57.81087493896485, "prcp_d5": 0.0, "prcp_d6": 0.0, "tmax_d0": 6.9, "tmax_d1": 6.6, "tmax_d2": 8.7, "tmax_d3": 9.4, "tmax_d4": 8.7, "tmax_d5": 12.8, "tmax_d6": 14.8, "tmin_d0": 3.4, "tmin_d1": 2.9, "tmin_d2": 4.3, "tmin_d3": 5.8, "tmin_d4": 2.8, "tmin_d5": 6.4, "tmin_d6": 1.1, "day_of_year": 271, "uuid": "e75658f4-8f28-4a48-9188-9b421daca0a2", "inat_id": 185436857}}, {"type": "Feature", "geometry": {"type": "Point", "coordinates": [-107.9953, 39.0053638833]}, "properties": {"species": "Cantharellus roseocanus", "date": "2024-07-02", "location": "Grand Mesa Uncompahgre and Gunnison National Forests, Cedaredge, CO, US", "elevation": 2951.0, "land_cover_label": "Tree cover", "water_mask": false, "exclude_reason": "keep", "ndvi": null, "soil_moisture": null, "solar_exposure": null, "wind_exposure": null, "water_retention": null, "slope": null, "aspect": null, "num_identification_agreements": 1, "cluster": 0, "tavg": null, "tmin": 14.7, "tmax": 29.3, "prcp_d0": 10.565664291381836, "prcp_d1": 0.0, "prcp_d2": 0.0, "prcp_d3": 0.0, "prcp_d4": 0.0, "prcp_d5": 0.0, "prcp_d6": 0.0, "tmax_d0": 17.8, "tmax_d1": 17.6, "tmax_d2": 19.9, "tmax_d3": 20.9, "tmax_d4": 18.7, "tmax_d5": 18.2, "tmax_d6": 21.7, "tmin_d0": 6.9, "tmin_d1": 9.7, "tmin_d2": 11.2, "tmin_d3": 9.8, "tmin_d4": 8.6, "tmin_d5": 7.4, "tmin_d6": 12.1, "day_of_year": 184, "uuid": "474c995a-83ae-4d84-a7da-bebc60db4afe", "inat_id": 227527891}}, {"type": "Feature", "geometry": {"type": "Point", "coordinates": [-107.9601891149, 39.0067857651]}, "properties": {"species": "Cantharellus roseocanus", "date": "2024-07-02", "location": "Grand Mesa Uncompahgre and Gunnison National Forests, Cedaredge, CO, US", "elevation": 2936.0, "land_cover_label": "Tree cover", "water_mask": false, "exclude_reason": "keep", "ndvi": null, "soil_moisture": null, "solar_exposure": null, "wind_exposure": null, "water_retention": null, "slope": null, "aspect": null, "num_identification_agreements": 1, "cluster": 0, "tavg": null, "tmin": 14.7, "tmax": 29.3, "prcp_d0": 10.565664291381836, "prcp_d1": 0.0, "prcp_d2": 0.0, "prcp_d3": 0.0, "prcp_d4": 0.0, "prcp_d5": 0.0, "prcp_d6": 0.0, "tmax_d0": 17.5, "tmax_d1": 16.1, "tmax_d2": 19.0, "tmax_d3": 21.1, "tmax_d4": 18.3, "tmax_d5": 17.5, "tmax_d6": 21.0, "tmin_d0": 6.0, "tmin_d1": 9.5, "tmin_d2": 10.7, "tmin_d3": 9.2, "tmin_d4": 4.0, "tmin_d5": 8.5, "tmin_d6": 10.2, "day_of_year": 184, "uuid": "f7e9455e-0815-47b1-91c0-d678b056d9d9", "inat_id": 226804130}}, {"type": "Feature", "geometry": {"type": "Point", "coordinates": [-107.9932633333, 39.0055083333]}, "properties": {"species": "Cantharellus roseocanus", "date": "2024-07-10", "location": "Grand Mesa Uncompahgre and Gunnison National Forests, Cedaredge, CO, US", "elevation": 2936.0, "land_cover_label": "Tree cover", "water_mask": false, "exclude_reason": "keep", "ndvi": null, "soil_moisture": null, "solar_exposure": null, "wind_exposure": null, "water_retention": null, "slope": null, "aspect": null, "num_identification_agreements": 1, "cluster": 0, "tavg": null, "tmin": 15.3, "tmax": 34.7, "prcp_d0": 0.0, "prcp_d1": 0.0, "prcp_d2": 0.0, "prcp_d3": 0.0, "prcp_d4": 0.0, "prcp_d5": 0.0, "prcp_d6": 0.0, "tmax_d0": 22.0, "tmax_d1": 20.9, "tmax_d2": 19.7, "tmax_d3": 20.4, "tmax_d4": 19.5, "tmax_d5": 18.5, "tmax_d6": 18.8, "tmin_d0": 11.8, "tmin_d1": 9.2, "tmin_d2": 7.9, "tmin_d3": 7.2, "tmin_d4": 8.9, "tmin_d5": 5.9, "tmin_d6": 6.0, "day_of_year": 192, "uuid": "5c1eea86-99bf-44f4-87db-c3a984b84337", "inat_id": 228540373}}, {"type": "Feature", "geometry": {"type": "Point", "coordinates": [-105.7970178483, 35.7940577308]}, "properties": {"species": "Cantharellus roseocanus", "date": "2024-07-12", "location": "Santa Fe County, US-NM, US", "elevation": 3265.0, "land_cover_label": "Tree cover", "water_mask": false, "exclude_reason": "keep", "ndvi": null, "soil_moisture": null, "solar_exposure": null, "wind_exposure": null, "water_retention": null, "slope": null, "aspect": null, "num_identification_agreements": 1, "cluster": 0, "tavg": null, "tmin": 15.6, "tmax": 32.8, "prcp_d0": 5.829399108886719, "prcp_d1": 5.829399108886719, "prcp_d2": 0.0, "prcp_d3": 0.0, "prcp_d4": 0.0, "prcp_d5": 0.0, "prcp_d6": 0.0, "tmax_d0": 19.6, "tmax_d1": 17.6, "tmax_d2": 19.0, "tmax_d3": 16.7, "tmax_d4": 17.6, "tmax_d5": 18.3, "tmax_d6": 17.4, "tmin_d0": 8.1, "tmin_d1": 6.7, "tmin_d2": 4.8, "tmin_d3": 5.1, "tmin_d4": 5.2, "tmin_d5": 6.8, "tmin_d6": 6.1, "day_of_year": 194, "uuid": "c93012cf-c8f2-4558-80be-701b52919aa7", "inat_id": 229796678}}, {"type": "Feature", "geometry": {"type": "Point", "coordinates": [-107.6706083333, 37.8259366667]}, "properties": {"species": "Cantharellus roseocanus", "date": "2024-07-19", "location": "Silverton, CO 81433, USA", "elevation": 2941.0, "land_cover_label": "Tree cover", "water_mask": false, "exclude_reason": "keep", "ndvi": null, "soil_moisture": null, "solar_exposure": null, "wind_exposure": null, "water_retention": null, "slope": null, "aspect": null, "num_identification_agreements": 1, "cluster": 0, "tavg": null, "tmin": 11.0, "tmax": 23.0, "prcp_d0": 0.0, "prcp_d1": 0.0, "prcp_d2": 0.0, "prcp_d3": 0.0, "prcp_d4": 4.4302592277526855, "prcp_d5": 4.4302592277526855, "prcp_d6": 4.4302592277526855, "tmax_d0": 21.1, "tmax_d1": 19.4, "tmax_d2": 20.3, "tmax_d3": 20.5, "tmax_d4": 21.3, "tmax_d5": 22.8, "tmax_d6": 22.9, "tmin_d0": 7.4, "tmin_d1": 6.9, "tmin_d2": 5.8, "tmin_d3": 7.7, "tmin_d4": 7.8, "tmin_d5": 5.9, "tmin_d6": 6.8, "day_of_year": 201, "uuid": "57dd1d66-b597-4227-80c8-0516dd56b803", "inat_id": 230433432}}, {"type": "Feature", "geometry": {"type": "Point", "coordinates": [-105.1503237491, 37.8550241168]}, "properties": {"species": "Cantharellus roseocanus", "date": "2024-07-20", "location": "Colorado, US", "elevation": 2297.0, "land_cover_label": "Tree cover", "water_mask": false, "exclude_reason": "keep", "ndvi": null, "soil_moisture": null, "solar_exposure": null, "wind_exposure": null, "water_retention": null, "slope": null, "aspect": null, "num_identification_agreements": 1, "cluster": 0, "tavg": null, "tmin": 16.6, "tmax": 29.1, "prcp_d0": 0.0, "prcp_d1": 23.927011489868164, "prcp_d2": 0.0, "prcp_d3": 0.0, "prcp_d4": 0.0, "prcp_d5": 0.0, "prcp_d6": 0.0, "tmax_d0": 25.2, "tmax_d1": 28.9, "tmax_d2": 28.2, "tmax_d3": 24.1, "tmax_d4": 28.9, "tmax_d5": 30.7, "tmax_d6": 30.3, "tmin_d0": 11.3, "tmin_d1": 12.0, "tmin_d2": 11.7, "tmin_d3": 12.4, "tmin_d4": 13.9, "tmin_d5": 16.0, "tmin_d6": 15.7, "day_of_year": 202, "uuid": "9e401e60-803d-49c3-9859-9b0c5b398222", "inat_id": 230611230}}, {"type": "Feature", "geometry": {"type": "Point", "coordinates": [-107.2107616667, 38.8637283333]}, "properties": {"species": "Cantharellus roseocanus", "date": "2024-07-21", "location": "Grand Mesa Uncompahgre and Gunnison National Forests, Somerset, CO, US", "elevation": 3018.0, "land_cover_label": "Tree cover", "water_mask": false, "exclude_reason": "keep", "ndvi": null, "soil_moisture": null, "solar_exposure": null, "wind_exposure": null, "water_retention": null, "slope": null, "aspect": null, "num_identification_agreements": 1, "cluster": 0, "tavg": null, "tmin": 10.6, "tmax": 26.1, "prcp_d0": 0.0, "prcp_d1": 0.0, "prcp_d2": 0.0, "prcp_d3": 0.0, "prcp_d4": 0.0, "prcp_d5": 0.0, "prcp_d6": 0.0, "tmax_d0": 20.0, "tmax_d1": 22.6, "tmax_d2": 20.8, "tmax_d3": 21.5, "tmax_d4": 21.0, "tmax_d5": 20.4, "tmax_d6": 21.9, "tmin_d0": 7.1, "tmin_d1": 7.8, "tmin_d2": 9.1, "tmin_d3": 6.9, "tmin_d4": 7.3, "tmin_d5": 6.1, "tmin_d6": 7.7, "day_of_year": 203, "uuid": "852c3f71-378c-4fda-8788-583c9cebdee9", "inat_id": 231499703}}, {"type": "Feature", "geometry": {"type": "Point", "coordinates": [-106.8088387212, 37.5406429002]}, "properties": {"species": "Cantharellus roseocanus", "date": "2024-07-27", "location": "Rio Grande National Forest, Creede, CO, US", "elevation": 2923.0, "land_cover_label": "Tree cover", "water_mask": false, "exclude_reason": "keep", "ndvi": null, "soil_moisture": null, "solar_exposure": null, "wind_exposure": null, "water_retention": null, "slope": null, "aspect": null, "num_identification_agreements": 3, "cluster": 0, "tavg": null, "tmin": 5.0, "tmax": 15.0, "prcp_d0": 8.987239837646484, "prcp_d1": 8.987239837646484, "prcp_d2": 0.0, "prcp_d3": 0.0, "prcp_d4": 0.0, "prcp_d5": 0.0, "prcp_d6": 0.0, "tmax_d0": 22.0, "tmax_d1": 20.3, "tmax_d2": 23.5, "tmax_d3": 22.7, "tmax_d4": 20.4, "tmax_d5": 17.6, "tmax_d6": 17.4, "tmin_d0": 7.7, "tmin_d1": 7.8, "tmin_d2": 8.9, "tmin_d3": 8.5, "tmin_d4": 5.9, "tmin_d5": 5.6, "tmin_d6": 6.5, "day_of_year": 209, "uuid": "369d475b-f649-44b5-a5b7-74a1b4b26041", "inat_id": 236845439}}, {"type": "Feature", "geometry": {"type": "Point", "coordinates": [-107.8111734241, 39.0647020394]}, "properties": {"species": "Cantharellus roseocanus", "date": "2024-07-27", "location": "Grand Mesa NF", "elevation": 3194.0, "land_cover_label": "Tree cover", "water_mask": false, "exclude_reason": "keep", "ndvi": null, "soil_moisture": null, "solar_exposure": null, "wind_exposure": null, "water_retention": null, "slope": null, "aspect": null, "num_identification_agreements": 2, "cluster": 0, "tavg": null, "tmin": 18.3, "tmax": 34.8, "prcp_d0": 0.0, "prcp_d1": 0.0, "prcp_d2": 0.0, "prcp_d3": 0.0, "prcp_d4": 0.0, "prcp_d5": 0.0, "prcp_d6": 0.0, "tmax_d0": 18.2, "tmax_d1": 18.6, "tmax_d2": 21.0, "tmax_d3": 21.2, "tmax_d4": 20.3, "tmax_d5": 18.1, "tmax_d6": 18.6, "tmin_d0": 10.3, "tmin_d1": 9.0, "tmin_d2": 11.0, "tmin_d3": 12.2, "tmin_d4": 9.5, "tmin_d5": 7.9, "tmin_d6": 9.2, "day_of_year": 209, "uuid": "316edd28-ddae-49a7-9122-4ff2e1962d30", "inat_id": 232556408}}, {"type": "Feature", "geometry": {"type": "Point", "coordinates": [-107.7345283333, 37.8608866667]}, "properties": {"species": "Cantharellus roseocanus", "date": "2024-08-11", "location": "San Juan County, US-CO, US", "elevation": 3479.0, "land_cover_label": "Tree cover", "water_mask": false, "exclude_reason": "keep", "ndvi": null, "soil_moisture": null, "solar_exposure": null, "wind_exposure": null, "water_retention": null, "slope": null, "aspect": null, "num_identification_agreements": 1, "cluster": 2, "tavg": null, "tmin": 12.0, "tmax": 22.0, "prcp_d0": 0.0, "prcp_d1": 0.0, "prcp_d2": 0.0, "prcp_d3": 17.448999404907227, "prcp_d4": 0.0, "prcp_d5": 34.89799880981445, "prcp_d6": 0.0, "tmax_d0": 16.0, "tmax_d1": 15.5, "tmax_d2": 13.2, "tmax_d3": 17.9, "tmax_d4": 16.6, "tmax_d5": 17.6, "tmax_d6": 18.2, "tmin_d0": 2.9, "tmin_d1": 4.8, "tmin_d2": 6.2, "tmin_d3": 4.7, "tmin_d4": 5.5, "tmin_d5": 5.6, "tmin_d6": 6.1, "day_of_year": 224, "uuid": "5ecec633-94cf-4c5c-80a0-5df693703cf0", "inat_id": 236158235}}, {"type": "Feature", "geometry": {"type": "Point", "coordinates": [-108.0260765653, 37.4054082903]}, "properties": {"species": "Cantharellus roseocanus", "date": "2024-08-11", "location": "Colorado, US", "elevation": 3400.0, "land_cover_label": "Tree cover", "water_mask": false, "exclude_reason": "keep", "ndvi": null, "soil_moisture": null, "solar_exposure": null, "wind_exposure": null, "water_retention": null, "slope": null, "aspect": null, "num_identification_agreements": 1, "cluster": 2, "tavg": null, "tmin": 13.9, "tmax": 25.0, "prcp_d0": 0.0, "prcp_d1": 6.0445556640625, "prcp_d2": 0.0, "prcp_d3": 6.0445556640625, "prcp_d4": 12.089111328125, "prcp_d5": 18.1336669921875, "prcp_d6": 3.70376181602478, "tmax_d0": 16.7, "tmax_d1": 13.9, "tmax_d2": 14.8, "tmax_d3": 19.0, "tmax_d4": 17.8, "tmax_d5": 18.6, "tmax_d6": 19.4, "tmin_d0": 8.6, "tmin_d1": 4.5, "tmin_d2": 6.6, "tmin_d3": 8.3, "tmin_d4": 7.0, "tmin_d5": 8.8, "tmin_d6": 10.1, "day_of_year": 224, "uuid": "e574e635-c421-4536-a811-1c24cf3077d1", "inat_id": 238843612}}, {"type": "Feature", "geometry": {"type": "Point", "coordinates": [-108.0090725126, 39.0162800403]}, "properties": {"species": "Cantharellus roseocanus", "date": "2024-08-11", "location": "Grand Mesa Uncompahgre and Gunnison National Forests, Cedaredge, CO, US", "elevation": 3097.0, "land_cover_label": "Tree cover", "water_mask": false, "exclude_reason": "keep", "ndvi": null, "soil_moisture": null, "solar_exposure": null, "wind_exposure": null, "water_retention": null, "slope": null, "aspect": null, "num_identification_agreements": 1, "cluster": 0, "tavg": null, "tmin": 16.6, "tmax": 30.7, "prcp_d0": 9.482915878295898, "prcp_d1": 0.0, "prcp_d2": 0.0, "prcp_d3": 0.0, "prcp_d4": 0.0, "prcp_d5": 10.088350296020508, "prcp_d6": 0.0, "tmax_d0": 17.9, "tmax_d1": 16.5, "tmax_d2": 16.9, "tmax_d3": 20.9, "tmax_d4": 21.5, "tmax_d5": 21.6, "tmax_d6": 21.1, "tmin_d0": 7.0, "tmin_d1": 7.4, "tmin_d2": 9.5, "tmin_d3": 11.1, "tmin_d4": 11.4, "tmin_d5": 11.6, "tmin_d6": 9.1, "day_of_year": 224, "uuid": "af783cc3-9646-47dc-81f8-bd43c59365a3", "inat_id": 235268504}}, {"type": "Feature", "geometry": {"type": "Point", "coordinates": [-107.5317083333, 37.5268883333]}, "properties": {"species": "Cantharellus roseocanus", "date": "2024-08-11", "location": "San Juan National Forest - Headquarters, Bayfield, CO, US", "elevation": 2636.0, "land_cover_label": "Tree cover", "water_mask": false, "exclude_reason": "keep", "ndvi": null, "soil_moisture": null, "solar_exposure": null, "wind_exposure": null, "water_retention": null, "slope": null, "aspect": null, "num_identification_agreements": 2, "cluster": 1, "tavg": null, "tmin": 13.9, "tmax": 25.0, "prcp_d0": 33.05881118774414, "prcp_d1": 8.615124702453613, "prcp_d2": 0.0, "prcp_d3": 17.230249404907227, "prcp_d4": 8.615124702453613, "prcp_d5": 17.230249404907227, "prcp_d6": 5.369482517242432, "tmax_d0": 21.0, "tmax_d1": 19.4, "tmax_d2": 18.8, "tmax_d3": 24.4, "tmax_d4": 24.0, "tmax_d5": 24.3, "tmax_d6": 25.7, "tmin_d0": 10.0, "tmin_d1": 10.2, "tmin_d2": 10.9, "tmin_d3": 10.7, "tmin_d4": 11.1, "tmin_d5": 13.6, "tmin_d6": 11.0, "day_of_year": 224, "uuid": "c3f7f1d5-e11c-4a52-a564-ad752607f51b", "inat_id": 235220299}}, {"type": "Feature", "geometry": {"type": "Point", "coordinates": [-106.7579646009, 37.562512838]}, "properties": {"species": "Cantharellus roseocanus", "date": "2024-08-12", "location": "Colorado, US", "elevation": 2907.0, "land_cover_label": "Tree cover", "water_mask": false, "exclude_reason": "keep", "ndvi": null, "soil_moisture": null, "solar_exposure": null, "wind_exposure": null, "water_retention": null, "slope": null, "aspect": null, "num_identification_agreements": 3, "cluster": 2, "tavg": null, "tmin": 5.0, "tmax": 13.0, "prcp_d0": 0.0, "prcp_d1": 37.3584213256836, "prcp_d2": 0.0, "prcp_d3": 0.0, "prcp_d4": 0.0, "prcp_d5": 16.593368530273438, "prcp_d6": 33.186737060546875, "tmax_d0": 20.7, "tmax_d1": 21.3, "tmax_d2": 20.8, "tmax_d3": 19.2, "tmax_d4": 23.2, "tmax_d5": 23.0, "tmax_d6": 23.1, "tmin_d0": 6.5, "tmin_d1": 6.5, "tmin_d2": 7.7, "tmin_d3": 9.6, "tmin_d4": 6.7, "tmin_d5": 7.4, "tmin_d6": 8.3, "day_of_year": 225, "uuid": "032efebe-2003-416e-b2c5-93f9fc1702d6", "inat_id": 235479866}}, {"type": "Feature", "geometry": {"type": "Point", "coordinates": [-105.7532931966, 39.4135807448]}, "properties": {"species": "Cantharellus roseocanus", "date": "2024-08-12", "location": "Park County, US-CO, US", "elevation": 3062.0, "land_cover_label": "Tree cover", "water_mask": false, "exclude_reason": "keep", "ndvi": null, "soil_moisture": 0.3823507609832386, "solar_exposure": 0.7943767309188843, "wind_exposure": 0.3438759744167328, "water_retention": 0.2270872890949249, "slope": 4.348736763000488, "aspect": 338.1092834472656, "num_identification_agreements": 1, "cluster": 0, "tavg": null, "tmin": 1.8, "tmax": 14.4, "prcp_d0": 0.0, "prcp_d1": 18.08382225036621, "prcp_d2": 0.0, "prcp_d3": 0.0, "prcp_d4": 0.0, "prcp_d5": 0.0, "prcp_d6": 16.164432525634766, "tmax_d0": 19.0, "tmax_d1": 19.4, "tmax_d2": 19.6, "tmax_d3": 19.5, "tmax_d4": 20.3, "tmax_d5": 22.1, "tmax_d6": 21.5, "tmin_d0": 4.8, "tmin_d1": 3.3, "tmin_d2": 2.6, "tmin_d3": 6.8, "tmin_d4": 3.9, "tmin_d5": 4.9, "tmin_d6": 5.3, "day_of_year": 225, "uuid": "e4bc7574-8fd3-419d-856c-1b0d6d4e20c8", "inat_id": 235452609}}, {"type": "Feature", "geometry": {"type": "Point", "coordinates": [-108.0063591536, 37.7739421863]}, "properties": {"species": "Cantharellus roseocanus", "date": "2024-08-14", "location": "San Juan National Forest - Headquarters, Dolores, CO, US", "elevation": 3062.0, "land_cover_label": "Tree cover", "water_mask": false, "exclude_reason": "keep", "ndvi": null, "soil_moisture": null, "solar_exposure": null, "wind_exposure": null, "water_retention": null, "slope": null, "aspect": null, "num_identification_agreements": 1, "cluster": 1, "tavg": null, "tmin": 9.0, "tmax": 20.0, "prcp_d0": 0.0, "prcp_d1": 0.0, "prcp_d2": 50.93155288696289, "prcp_d3": 0.0, "prcp_d4": 0.0, "prcp_d5": 0.0, "prcp_d6": 30.698949813842773, "tmax_d0": 17.2, "tmax_d1": 15.6, "tmax_d2": 18.7, "tmax_d3": 19.0, "tmax_d4": 17.6, "tmax_d5": 16.8, "tmax_d6": 21.7, "tmin_d0": 5.1, "tmin_d1": 7.0, "tmin_d2": 6.2, "tmin_d3": 9.5, "tmin_d4": 5.9, "tmin_d5": 8.2, "tmin_d6": 6.2, "day_of_year": 227, "uuid": "7e2f7413-8288-456f-870e-f1a5d98c283f", "inat_id": 236995780}}, {"type": "Feature", "geometry": {"type": "Point", "coordinates": [-105.7891472222, 35.7731694444]}, "properties": {"species": "Cantharellus roseocanus", "date": "2024-08-14", "location": "Santa Fe County, NM, USA", "elevation": 3474.0, "land_cover_label": "Tree cover", "water_mask": false, "exclude_reason": "keep", "ndvi": null, "soil_moisture": null, "solar_exposure": null, "wind_exposure": null, "water_retention": null, "slope": null, "aspect": null, "num_identification_agreements": 1, "cluster": 2, "tavg": null, "tmin": 15.6, "tmax": 30.0, "prcp_d0": 0.0, "prcp_d1": 0.0, "prcp_d2": 0.0, "prcp_d3": 0.0, "prcp_d4": 7.033227443695068, "prcp_d5": 14.066454887390137, "prcp_d6": 14.066454887390137, "tmax_d0": 16.0, "tmax_d1": 17.1, "tmax_d2": 17.1, "tmax_d3": 17.3, "tmax_d4": 15.7, "tmax_d5": 13.8, "tmax_d6": 16.4, "tmin_d0": 5.7, "tmin_d1": 6.7, "tmin_d2": 7.6, "tmin_d3": 7.9, "tmin_d4": 5.1, "tmin_d5": 6.1, "tmin_d6": 6.2, "day_of_year": 227, "uuid": "6fabfe3c-90a0-4a5c-8b11-c6f3fc7b54af", "inat_id": 235825941}}, {"type": "Feature", "geometry": {"type": "Point", "coordinates": [-107.9497299275, 37.7983424597]}, "properties": {"species": "Cantharellus roseocanus", "date": "2024-08-14", "location": "San Juan National Forest - Headquarters, Dolores, CO, US", "elevation": 3229.0, "land_cover_label": "Tree cover", "water_mask": false, "exclude_reason": "keep", "ndvi": null, "soil_moisture": null, "solar_exposure": null, "wind_exposure": null, "water_retention": null, "slope": null, "aspect": null, "num_identification_agreements": 1, "cluster": 1, "tavg": null, "tmin": 9.0, "tmax": 20.0, "prcp_d0": 0.0, "prcp_d1": 0.0, "prcp_d2": 39.74578475952149, "prcp_d3": 0.0, "prcp_d4": 0.0, "prcp_d5": 0.0, "prcp_d6": 20.668888092041016, "tmax_d0": 16.1, "tmax_d1": 15.1, "tmax_d2": 17.9, "tmax_d3": 18.2, "tmax_d4": 16.8, "tmax_d5": 15.5, "tmax_d6": 20.8, "tmin_d0": 6.1, "tmin_d1": 6.7, "tmin_d2": 6.3, "tmin_d3": 7.0, "tmin_d4": 4.6, "tmin_d5": 7.4, "tmin_d6": 5.9, "day_of_year": 227, "uuid": "fb43b78e-f15e-4408-af47-41d1916af879", "inat_id": 257491590}}, {"type": "Feature", "geometry": {"type": "Point", "coordinates": [-107.92208, 37.79978]}, "properties": {"species": "Cantharellus roseocanus", "date": "2024-08-16", "location": "San Juan National Forest - Headquarters, Rico, CO, US", "elevation": 3138.0, "land_cover_label": "Tree cover", "water_mask": false, "exclude_reason": "keep", "ndvi": null, "soil_moisture": null, "solar_exposure": null, "wind_exposure": null, "water_retention": null, "slope": null, "aspect": null, "num_identification_agreements": 1, "cluster": 0, "tavg": null, "tmin": 12.0, "tmax": 25.0, "prcp_d0": 0.0, "prcp_d1": 0.0, "prcp_d2": 0.0, "prcp_d3": 0.0, "prcp_d4": 39.74578475952149, "prcp_d5": 0.0, "prcp_d6": 0.0, "tmax_d0": 20.0, "tmax_d1": 18.9, "tmax_d2": 16.9, "tmax_d3": 15.9, "tmax_d4": 18.7, "tmax_d5": 19.0, "tmax_d6": 17.6, "tmin_d0": 8.2, "tmin_d1": 4.8, "tmin_d2": 6.9, "tmin_d3": 7.5, "tmin_d4": 7.1, "tmin_d5": 7.8, "tmin_d6": 5.4, "day_of_year": 229, "uuid": "78e818e3-d983-4284-90b5-a2b4f52d620e", "inat_id": 238082097}}, {"type": "Feature", "geometry": {"type": "Point", "coordinates": [-107.9209216667, 37.7999916667]}, "properties": {"species": "Cantharellus roseocanus", "date": "2024-08-16", "location": "San Juan National Forest - Headquarters, Rico, CO, US", "elevation": 3105.0, "land_cover_label": "Tree cover", "water_mask": false, "exclude_reason": "keep", "ndvi": null, "soil_moisture": null, "solar_exposure": null, "wind_exposure": null, "water_retention": null, "slope": null, "aspect": null, "num_identification_agreements": 1, "cluster": 0, "tavg": null, "tmin": 12.0, "tmax": 25.0, "prcp_d0": 0.0, "prcp_d1": 0.0, "prcp_d2": 0.0, "prcp_d3": 0.0, "prcp_d4": 39.74578475952149, "prcp_d5": 0.0, "prcp_d6": 0.0, "tmax_d0": 19.9, "tmax_d1": 18.8, "tmax_d2": 16.9, "tmax_d3": 15.9, "tmax_d4": 18.7, "tmax_d5": 19.0, "tmax_d6": 17.5, "tmin_d0": 8.2, "tmin_d1": 4.8, "tmin_d2": 6.9, "tmin_d3": 7.5, "tmin_d4": 7.1, "tmin_d5": 7.8, "tmin_d6": 5.3, "day_of_year": 229, "uuid": "e9a1ba80-56ef-459d-9cc1-f6c02fb0f2c5", "inat_id": 237393173}}, {"type": "Feature", "geometry": {"type": "Point", "coordinates": [-107.9988981383, 37.8960245313]}, "properties": {"species": "Cantharellus roseocanus", "date": "2024-08-16", "location": "Colorado, US", "elevation": 2987.0, "land_cover_label": "Grassland", "water_mask": false, "exclude_reason": "keep", "ndvi": null, "soil_moisture": null, "solar_exposure": null, "wind_exposure": null, "water_retention": null, "slope": null, "aspect": null, "num_identification_agreements": 1, "cluster": 0, "tavg": null, "tmin": 12.0, "tmax": 25.0, "prcp_d0": 0.0, "prcp_d1": 0.0, "prcp_d2": 0.0, "prcp_d3": 19.151660919189453, "prcp_d4": 19.151660919189453, "prcp_d5": 0.0, "prcp_d6": 0.0, "tmax_d0": 21.5, "tmax_d1": 19.9, "tmax_d2": 18.0, "tmax_d3": 16.3, "tmax_d4": 18.4, "tmax_d5": 19.6, "tmax_d6": 18.2, "tmin_d0": 5.6, "tmin_d1": 5.4, "tmin_d2": 5.4, "tmin_d3": 6.1, "tmin_d4": 6.4, "tmin_d5": 7.1, "tmin_d6": 7.1, "day_of_year": 229, "uuid": "1886d449-fa83-4673-93a0-b9447d90ed54", "inat_id": 236222745}}, {"type": "Feature", "geometry": {"type": "Point", "coordinates": [-107.9340895458, 37.9409664105]}, "properties": {"species": "Cantharellus roseocanus", "date": "2024-08-16", "location": "Colorado, US", "elevation": 2839.0, "land_cover_label": "Grassland", "water_mask": false, "exclude_reason": "keep", "ndvi": null, "soil_moisture": null, "solar_exposure": null, "wind_exposure": null, "water_retention": null, "slope": null, "aspect": null, "num_identification_agreements": 1, "cluster": 0, "tavg": null, "tmin": 12.0, "tmax": 25.0, "prcp_d0": 0.0, "prcp_d1": 0.0, "prcp_d2": 0.0, "prcp_d3": 24.89239501953125, "prcp_d4": 12.446197509765623, "prcp_d5": 0.0, "prcp_d6": 0.0, "tmax_d0": 23.4, "tmax_d1": 21.9, "tmax_d2": 19.5, "tmax_d3": 19.0, "tmax_d4": 20.2, "tmax_d5": 21.4, "tmax_d6": 19.6, "tmin_d0": 7.1, "tmin_d1": 5.4, "tmin_d2": 5.3, "tmin_d3": 7.2, "tmin_d4": 7.2, "tmin_d5": 8.0, "tmin_d6": 8.0, "day_of_year": 229, "uuid": "7bdf6e66-3705-4da2-b3ec-48b91ed8101b", "inat_id": 236222332}}, {"type": "Feature", "geometry": {"type": "Point", "coordinates": [-107.8383807441, 37.988177044]}, "properties": {"species": "Cantharellus roseocanus", "date": "2024-08-16", "location": "Colorado, US", "elevation": 3854.0, "land_cover_label": "Bare / sparse vegetation", "water_mask": false, "exclude_reason": "keep", "ndvi": null, "soil_moisture": null, "solar_exposure": null, "wind_exposure": null, "water_retention": null, "slope": null, "aspect": null, "num_identification_agreements": 1, "cluster": 0, "tavg": null, "tmin": 12.0, "tmax": 25.0, "prcp_d0": 0.0, "prcp_d1": 0.0, "prcp_d2": 0.0, "prcp_d3": 17.848384857177734, "prcp_d4": 17.848384857177734, "prcp_d5": 0.0, "prcp_d6": 0.0, "tmax_d0": 15.6, "tmax_d1": 14.5, "tmax_d2": 12.1, "tmax_d3": 11.3, "tmax_d4": 12.8, "tmax_d5": 13.3, "tmax_d6": 12.4, "tmin_d0": 1.4, "tmin_d1": 0.4, "tmin_d2": -0.6, "tmin_d3": 2.2, "tmin_d4": 2.2, "tmin_d5": 1.1, "tmin_d6": 3.0, "day_of_year": 229, "uuid": "37969ed0-092d-471f-a45b-0bfc6c4ef1c4", "inat_id": 236222829}}, {"type": "Feature", "geometry": {"type": "Point", "coordinates": [-107.9451955488, 39.0468796928]}, "properties": {"species": "Cantharellus roseocanus", "date": "2024-08-17", "location": "Delta County, CO, USA", "elevation": 3111.0, "land_cover_label": "Tree cover", "water_mask": false, "exclude_reason": "keep", "ndvi": null, "soil_moisture": null, "solar_exposure": null, "wind_exposure": null, "water_retention": null, "slope": null, "aspect": null, "num_identification_agreements": 2, "cluster": 0, "tavg": null, "tmin": 16.2, "tmax": 33.8, "prcp_d0": 0.0, "prcp_d1": 0.0, "prcp_d2": 0.0, "prcp_d3": 9.273815155029297, "prcp_d4": 0.0, "prcp_d5": 0.0, "prcp_d6": 9.273815155029297, "tmax_d0": 19.5, "tmax_d1": 19.7, "tmax_d2": 18.1, "tmax_d3": 15.2, "tmax_d4": 14.5, "tmax_d5": 17.3, "tmax_d6": 17.5, "tmin_d0": 8.6, "tmin_d1": 7.1, "tmin_d2": 6.9, "tmin_d3": 6.0, "tmin_d4": 7.2, "tmin_d5": 7.2, "tmin_d6": 7.4, "day_of_year": 230, "uuid": "37a9dd06-bddb-4c10-94b6-5fa8e691c668", "inat_id": 236570784}}, {"type": "Feature", "geometry": {"type": "Point", "coordinates": [-107.9869659657, 37.8852743151]}, "properties": {"species": "Cantharellus roseocanus", "date": "2024-08-17", "location": "Colorado, US", "elevation": 3293.0, "land_cover_label": "Tree cover", "water_mask": false, "exclude_reason": "keep", "ndvi": null, "soil_moisture": null, "solar_exposure": null, "wind_exposure": null, "water_retention": null, "slope": null, "aspect": null, "num_identification_agreements": 1, "cluster": 2, "tavg": null, "tmin": 12.0, "tmax": 23.0, "prcp_d0": 0.0, "prcp_d1": 0.0, "prcp_d2": 0.0, "prcp_d3": 0.0, "prcp_d4": 19.151660919189453, "prcp_d5": 19.151660919189453, "prcp_d6": 0.0, "tmax_d0": 19.7, "tmax_d1": 19.4, "tmax_d2": 17.9, "tmax_d3": 16.1, "tmax_d4": 14.5, "tmax_d5": 17.2, "tmax_d6": 17.9, "tmin_d0": 6.4, "tmin_d1": 6.6, "tmin_d2": 5.3, "tmin_d3": 5.1, "tmin_d4": 5.7, "tmin_d5": 6.5, "tmin_d6": 6.9, "day_of_year": 230, "uuid": "83bf3c9e-f4f3-4064-85aa-86d87595d065", "inat_id": 237387989}}, {"type": "Feature", "geometry": {"type": "Point", "coordinates": [-107.8952974716, 37.8446477674]}, "properties": {"species": "Cantharellus roseocanus", "date": "2024-08-17", "location": "Colorado, US", "elevation": 3267.0, "land_cover_label": "Grassland", "water_mask": false, "exclude_reason": "keep", "ndvi": null, "soil_moisture": null, "solar_exposure": null, "wind_exposure": null, "water_retention": null, "slope": null, "aspect": null, "num_identification_agreements": 2, "cluster": 0, "tavg": null, "tmin": 12.0, "tmax": 23.0, "prcp_d0": 0.0, "prcp_d1": 0.0, "prcp_d2": 0.0, "prcp_d3": 0.0, "prcp_d4": 43.5639533996582, "prcp_d5": 0.0, "prcp_d6": 0.0, "tmax_d0": 19.3, "tmax_d1": 19.0, "tmax_d2": 17.9, "tmax_d3": 15.9, "tmax_d4": 14.5, "tmax_d5": 17.2, "tmax_d6": 17.8, "tmin_d0": 5.4, "tmin_d1": 5.9, "tmin_d2": 3.4, "tmin_d3": 2.5, "tmin_d4": 5.8, "tmin_d5": 6.2, "tmin_d6": 5.5, "day_of_year": 230, "uuid": "484e3d8e-6674-41de-8890-50f387be738e", "inat_id": 236726511}}, {"type": "Feature", "geometry": {"type": "Point", "coordinates": [-107.856445, 37.88087]}, "properties": {"species": "Cantharellus roseocanus", "date": "2024-08-17", "location": "Grand Mesa Uncompahgre and Gunnison National Forests, Ophir, CO, US", "elevation": 3314.0, "land_cover_label": "Tree cover", "water_mask": false, "exclude_reason": "keep", "ndvi": null, "soil_moisture": null, "solar_exposure": null, "wind_exposure": null, "water_retention": null, "slope": null, "aspect": null, "num_identification_agreements": 1, "cluster": 0, "tavg": null, "tmin": 12.0, "tmax": 23.0, "prcp_d0": 14.800861358642578, "prcp_d1": 0.0, "prcp_d2": 0.0, "prcp_d3": 0.0, "prcp_d4": 43.863800048828125, "prcp_d5": 0.0, "prcp_d6": 0.0, "tmax_d0": 18.5, "tmax_d1": 18.2, "tmax_d2": 17.1, "tmax_d3": 15.1, "tmax_d4": 13.7, "tmax_d5": 16.4, "tmax_d6": 17.0, "tmin_d0": 4.6, "tmin_d1": 5.1, "tmin_d2": 2.6, "tmin_d3": 1.7, "tmin_d4": 5.0, "tmin_d5": 5.4, "tmin_d6": 4.7, "day_of_year": 230, "uuid": "1574d2f5-d406-4d38-9e7d-73c154b3723a", "inat_id": 236402366}}, {"type": "Feature", "geometry": {"type": "Point", "coordinates": [-107.8562783333, 37.8810366667]}, "properties": {"species": "Cantharellus roseocanus", "date": "2024-08-17", "location": "Grand Mesa Uncompahgre and Gunnison National Forests, Ophir, CO, US", "elevation": 3314.0, "land_cover_label": "Tree cover", "water_mask": false, "exclude_reason": "keep", "ndvi": null, "soil_moisture": null, "solar_exposure": null, "wind_exposure": null, "water_retention": null, "slope": null, "aspect": null, "num_identification_agreements": 1, "cluster": 0, "tavg": null, "tmin": 12.0, "tmax": 23.0, "prcp_d0": 14.800861358642578, "prcp_d1": 0.0, "prcp_d2": 0.0, "prcp_d3": 0.0, "prcp_d4": 43.863800048828125, "prcp_d5": 0.0, "prcp_d6": 0.0, "tmax_d0": 18.5, "tmax_d1": 18.2, "tmax_d2": 17.1, "tmax_d3": 15.1, "tmax_d4": 13.7, "tmax_d5": 16.4, "tmax_d6": 17.0, "tmin_d0": 4.6, "tmin_d1": 5.1, "tmin_d2": 2.6, "tmin_d3": 1.7, "tmin_d4": 5.0, "tmin_d5": 5.4, "tmin_d6": 4.7, "day_of_year": 230, "uuid": "c95f608c-75d6-4ef1-a2c6-c60868cc5574", "inat_id": 236392716}}, {"type": "Feature", "geometry": {"type": "Point", "coordinates": [-107.8657086819, 39.0263773949]}, "properties": {"species": "Cantharellus roseocanus", "date": "2024-08-18", "location": "Colorado, US", "elevation": 2947.0, "land_cover_label": "Tree cover", "water_mask": false, "exclude_reason": "keep", "ndvi": null, "soil_moisture": null, "solar_exposure": null, "wind_exposure": null, "water_retention": null, "slope": null, "aspect": null, "num_identification_agreements": 1, "cluster": 0, "tavg": null, "tmin": 15.7, "tmax": 32.2, "prcp_d0": 0.0, "prcp_d1": 0.0, "prcp_d2": 0.0, "prcp_d3": 0.0, "prcp_d4": 0.0, "prcp_d5": 0.0, "prcp_d6": 0.0, "tmax_d0": 19.8, "tmax_d1": 20.7, "tmax_d2": 20.9, "tmax_d3": 19.3, "tmax_d4": 16.4, "tmax_d5": 15.7, "tmax_d6": 18.4, "tmin_d0": 9.0, "tmin_d1": 9.7, "tmin_d2": 8.3, "tmin_d3": 8.0, "tmin_d4": 7.1, "tmin_d5": 8.4, "tmin_d6": 8.3, "day_of_year": 231, "uuid": "84a0f350-9b20-4ed1-bb1b-35d96821000c", "inat_id": 236642799}}, {"type": "Feature", "geometry": {"type": "Point", "coordinates": [-107.8130033333, 37.9373466667]}, "properties": {"species": "Cantharellus roseocanus", "date": "2024-08-18", "location": "Grand Mesa Uncompahgre and Gunnison National Forests, Telluride, CO, US", "elevation": 2675.0, "land_cover_label": "Tree cover", "water_mask": false, "exclude_reason": "keep", "ndvi": null, "soil_moisture": null, "solar_exposure": null, "wind_exposure": null, "water_retention": null, "slope": null, "aspect": null, "num_identification_agreements": 1, "cluster": 2, "tavg": null, "tmin": 11.0, "tmax": 20.0, "prcp_d0": 0.0, "prcp_d1": 14.55306339263916, "prcp_d2": 0.0, "prcp_d3": 0.0, "prcp_d4": 0.0, "prcp_d5": 0.0, "prcp_d6": 35.675926208496094, "tmax_d0": 21.9, "tmax_d1": 23.2, "tmax_d2": 23.9, "tmax_d3": 22.4, "tmax_d4": 20.4, "tmax_d5": 19.0, "tmax_d6": 20.5, "tmin_d0": 8.0, "tmin_d1": 6.6, "tmin_d2": 6.1, "tmin_d3": 5.1, "tmin_d4": 5.7, "tmin_d5": 7.6, "tmin_d6": 8.0, "day_of_year": 231, "uuid": "3d41d6c8-3937-4322-bf05-4e4e792cd05b", "inat_id": 237211200}}, {"type": "Feature", "geometry": {"type": "Point", "coordinates": [-107.9574406695, 37.8138743146]}, "properties": {"species": "Cantharellus roseocanus", "date": "2024-08-18", "location": "San Juan National Forest - Headquarters, Dolores, CO, US", "elevation": 3435.0, "land_cover_label": "Tree cover", "water_mask": false, "exclude_reason": "keep", "ndvi": null, "soil_moisture": null, "solar_exposure": null, "wind_exposure": null, "water_retention": null, "slope": null, "aspect": null, "num_identification_agreements": 1, "cluster": 2, "tavg": null, "tmin": 11.0, "tmax": 20.0, "prcp_d0": 0.0, "prcp_d1": 0.0, "prcp_d2": 0.0, "prcp_d3": 0.0, "prcp_d4": 0.0, "prcp_d5": 0.0, "prcp_d6": 40.882930755615234, "tmax_d0": 17.0, "tmax_d1": 19.3, "tmax_d2": 18.4, "tmax_d3": 17.3, "tmax_d4": 15.4, "tmax_d5": 14.4, "tmax_d6": 17.2, "tmin_d0": 7.0, "tmin_d1": 6.5, "tmin_d2": 6.7, "tmin_d3": 3.3, "tmin_d4": 5.4, "tmin_d5": 6.0, "tmin_d6": 5.6, "day_of_year": 231, "uuid": "ad383b4a-fc5e-40f8-a79b-24aa1308e5e8", "inat_id": 236844063}}, {"type": "Feature", "geometry": {"type": "Point", "coordinates": [-109.5999090661, 40.6176398617]}, "properties": {"species": "Cantharellus roseocanus", "date": "2024-08-23", "location": "Utah, US", "elevation": 2574.0, "land_cover_label": "Grassland", "water_mask": false, "exclude_reason": "keep", "ndvi": null, "soil_moisture": null, "solar_exposure": null, "wind_exposure": null, "water_retention": null, "slope": null, "aspect": null, "num_identification_agreements": 1, "cluster": 0, "tavg": null, "tmin": 13.9, "tmax": 25.6, "prcp_d0": 4.01531982421875, "prcp_d1": 1.7474912405014038, "prcp_d2": 2.002298593521118, "prcp_d3": 0.0, "prcp_d4": 0.0, "prcp_d5": 0.0, "prcp_d6": 0.0, "tmax_d0": 16.3, "tmax_d1": 21.4, "tmax_d2": 21.6, "tmax_d3": 22.9, "tmax_d4": 21.1, "tmax_d5": 20.3, "tmax_d6": 22.7, "tmin_d0": 9.6, "tmin_d1": 10.0, "tmin_d2": 11.7, "tmin_d3": 9.8, "tmin_d4": 10.1, "tmin_d5": 10.5, "tmin_d6": 10.7, "day_of_year": 236, "uuid": "46681e51-2d09-4065-ab15-d72d997644c8", "inat_id": 237524441}}, {"type": "Feature", "geometry": {"type": "Point", "coordinates": [-108.3122707686, 37.4604249932]}, "properties": {"species": "Cantharellus roseocanus", "date": "2024-08-24", "location": "Mancos, CO, US", "elevation": 2352.0, "land_cover_label": "Tree cover", "water_mask": false, "exclude_reason": "keep", "ndvi": null, "soil_moisture": null, "solar_exposure": null, "wind_exposure": null, "water_retention": null, "slope": null, "aspect": null, "num_identification_agreements": 2, "cluster": 0, "tavg": null, "tmin": 16.0, "tmax": 25.0, "prcp_d0": 25.461410522460938, "prcp_d1": 5.515994548797607, "prcp_d2": 2.762101888656616, "prcp_d3": 3.941096067428589, "prcp_d4": 0.0, "prcp_d5": 0.0, "prcp_d6": 0.0, "tmax_d0": 20.3, "tmax_d1": 21.9, "tmax_d2": 21.3, "tmax_d3": 26.5, "tmax_d4": 26.9, "tmax_d5": 25.0, "tmax_d6": 25.0, "tmin_d0": 13.0, "tmin_d1": 12.3, "tmin_d2": 11.7, "tmin_d3": 14.3, "tmin_d4": 12.2, "tmin_d5": 13.6, "tmin_d6": 11.7, "day_of_year": 237, "uuid": "e1d3dce4-41ab-4500-867b-feb2d0715a55", "inat_id": 307395455}}, {"type": "Feature", "geometry": {"type": "Point", "coordinates": [-105.8022222222, 35.7985944444]}, "properties": {"species": "Cantharellus roseocanus", "date": "2024-08-24", "location": "Ski Santa Fe, New Mexico 87506, USA", "elevation": 3202.0, "land_cover_label": "Tree cover", "water_mask": false, "exclude_reason": "keep", "ndvi": null, "soil_moisture": null, "solar_exposure": null, "wind_exposure": null, "water_retention": null, "slope": null, "aspect": null, "num_identification_agreements": 1, "cluster": 0, "tavg": null, "tmin": 16.7, "tmax": 30.0, "prcp_d0": 2.860374927520752, "prcp_d1": 2.655510663986206, "prcp_d2": 0.0123712448403239, "prcp_d3": 0.3429209291934967, "prcp_d4": 0.0, "prcp_d5": 0.0, "prcp_d6": 0.0, "tmax_d0": 18.4, "tmax_d1": 19.6, "tmax_d2": 21.4, "tmax_d3": 23.1, "tmax_d4": 24.1, "tmax_d5": 22.6, "tmax_d6": 21.9, "tmin_d0": 9.3, "tmin_d1": 9.1, "tmin_d2": 10.9, "tmin_d3": 10.5, "tmin_d4": 10.2, "tmin_d5": 10.8, "tmin_d6": 8.0, "day_of_year": 237, "uuid": "04209d64-afe6-4f5b-b07a-bd7138bfd8e4", "inat_id": 237728287}}, {"type": "Feature", "geometry": {"type": "Point", "coordinates": [-105.80075, 35.7982944444]}, "properties": {"species": "Cantharellus roseocanus", "date": "2024-08-24", "location": "Ski Santa Fe, New Mexico 87506, USA", "elevation": 3208.0, "land_cover_label": "Tree cover", "water_mask": false, "exclude_reason": "keep", "ndvi": null, "soil_moisture": null, "solar_exposure": null, "wind_exposure": null, "water_retention": null, "slope": null, "aspect": null, "num_identification_agreements": 2, "cluster": 0, "tavg": null, "tmin": 16.7, "tmax": 30.0, "prcp_d0": 2.860374927520752, "prcp_d1": 2.655510663986206, "prcp_d2": 0.0123712448403239, "prcp_d3": 0.3429209291934967, "prcp_d4": 0.0, "prcp_d5": 0.0, "prcp_d6": 0.0, "tmax_d0": 18.4, "tmax_d1": 19.6, "tmax_d2": 21.4, "tmax_d3": 23.1, "tmax_d4": 24.1, "tmax_d5": 22.6, "tmax_d6": 21.9, "tmin_d0": 9.3, "tmin_d1": 9.1, "tmin_d2": 10.9, "tmin_d3": 10.5, "tmin_d4": 10.2, "tmin_d5": 10.8, "tmin_d6": 8.0, "day_of_year": 237, "uuid": "c59ac382-2c07-425d-8022-f7e5d418bea2", "inat_id": 237727269}}, {"type": "Feature", "geometry": {"type": "Point", "coordinates": [-106.6400916667, 40.274205]}, "properties": {"species": "Cantharellus roseocanus", "date": "2024-08-24", "location": "Oak Creek, CO, US", "elevation": 2789.0, "land_cover_label": "Tree cover", "water_mask": false, "exclude_reason": "keep", "ndvi": null, "soil_moisture": null, "solar_exposure": null, "wind_exposure": null, "water_retention": null, "slope": null, "aspect": null, "num_identification_agreements": 2, "cluster": 0, "tavg": null, "tmin": 11.5, "tmax": 25.0, "prcp_d0": 2.775596857070923, "prcp_d1": 1.8715351819992063, "prcp_d2": 6.730046272277832, "prcp_d3": 1.529163479804993, "prcp_d4": 0.0, "prcp_d5": 0.0, "prcp_d6": 0.0, "tmax_d0": 18.4, "tmax_d1": 17.8, "tmax_d2": 18.6, "tmax_d3": 20.2, "tmax_d4": 22.3, "tmax_d5": 18.8, "tmax_d6": 21.0, "tmin_d0": 9.5, "tmin_d1": 9.2, "tmin_d2": 9.8, "tmin_d3": 10.9, "tmin_d4": 9.8, "tmin_d5": 8.5, "tmin_d6": 8.6, "day_of_year": 237, "uuid": "04686406-6494-463f-b562-1d32b5570f8a", "inat_id": 299911791}}, {"type": "Feature", "geometry": {"type": "Point", "coordinates": [-110.8136958629, 40.7246566802]}, "properties": {"species": "Cantharellus roseocanus", "date": "2024-08-25", "location": "Bear River, Wyoming 82930, USA", "elevation": 3227.0, "land_cover_label": "Tree cover", "water_mask": false, "exclude_reason": "keep", "ndvi": null, "soil_moisture": null, "solar_exposure": null, "wind_exposure": null, "water_retention": null, "slope": null, "aspect": null, "num_identification_agreements": 2, "cluster": 0, "tavg": null, "tmin": null, "tmax": null, "prcp_d0": 3.980597257614136, "prcp_d1": 1.3845008611679075, "prcp_d2": 1.948236346244812, "prcp_d3": 0.2983703017234802, "prcp_d4": 0.6296920776367188, "prcp_d5": 0.0, "prcp_d6": 0.0, "tmax_d0": 13.5, "tmax_d1": 13.9, "tmax_d2": 12.2, "tmax_d3": 15.6, "tmax_d4": 17.3, "tmax_d5": 17.2, "tmax_d6": 16.3, "tmin_d0": 2.7, "tmin_d1": 5.9, "tmin_d2": 5.5, "tmin_d3": 5.8, "tmin_d4": 8.1, "tmin_d5": 7.5, "tmin_d6": 6.4, "day_of_year": 238, "uuid": "19309885-25a4-4731-ab6c-483c7226e3bf", "inat_id": 238313413}}, {"type": "Feature", "geometry": {"type": "Point", "coordinates": [-107.9344268375, 37.7851173532]}, "properties": {"species": "Cantharellus roseocanus", "date": "2024-08-25", "location": "Dolores County, US-CO, US", "elevation": 3182.0, "land_cover_label": "Tree cover", "water_mask": false, "exclude_reason": "keep", "ndvi": null, "soil_moisture": null, "solar_exposure": null, "wind_exposure": null, "water_retention": null, "slope": null, "aspect": null, "num_identification_agreements": 1, "cluster": 0, "tavg": null, "tmin": 8.0, "tmax": 16.0, "prcp_d0": 2.2029473781585693, "prcp_d1": 18.278017044067383, "prcp_d2": 2.553668975830078, "prcp_d3": 2.4668281078338623, "prcp_d4": 4.1563334465026855, "prcp_d5": 0.0, "prcp_d6": 0.0, "tmax_d0": 13.5, "tmax_d1": 13.4, "tmax_d2": 14.8, "tmax_d3": 14.8, "tmax_d4": 18.5, "tmax_d5": 19.3, "tmax_d6": 19.1, "tmin_d0": 4.6, "tmin_d1": 5.9, "tmin_d2": 6.7, "tmin_d3": 7.3, "tmin_d4": 6.3, "tmin_d5": 5.4, "tmin_d6": 8.6, "day_of_year": 238, "uuid": "567fb499-b9a9-42eb-9ea9-a136d4173c7e", "inat_id": 237949666}}, {"type": "Feature", "geometry": {"type": "Point", "coordinates": [-121.5754083333, 45.3356583333]}, "properties": {"species": "Cantharellus roseocanus", "date": "2024-08-25", "location": "MT HOOD PRKDL, OR 97041, USA", "elevation": 1128.0, "land_cover_label": "Tree cover", "water_mask": false, "exclude_reason": "keep", "ndvi": null, "soil_moisture": null, "solar_exposure": null, "wind_exposure": null, "water_retention": null, "slope": null, "aspect": null, "num_identification_agreements": 1, "cluster": 0, "tavg": null, "tmin": 11.2, "tmax": 25.6, "prcp_d0": 0.0690909624099731, "prcp_d1": 0.1232717260718345, "prcp_d2": 7.320878028869629, "prcp_d3": 0.1669770926237106, "prcp_d4": 0.1894567161798477, "prcp_d5": 0.0, "prcp_d6": 0.0, "tmax_d0": 18.8, "tmax_d1": 14.4, "tmax_d2": 15.2, "tmax_d3": 19.7, "tmax_d4": 20.2, "tmax_d5": 20.1, "tmax_d6": 20.7, "tmin_d0": 6.0, "tmin_d1": 5.4, "tmin_d2": 8.5, "tmin_d3": 9.4, "tmin_d4": 8.4, "tmin_d5": 8.7, "tmin_d6": 9.0, "day_of_year": 238, "uuid": "c3197cde-a02a-4c9b-bc64-4d76b59da4d0", "inat_id": 238071498}}, {"type": "Feature", "geometry": {"type": "Point", "coordinates": [-107.940039, 37.796845]}, "properties": {"species": "Cantharellus roseocanus", "date": "2024-08-29", "location": "San Juan National Forest - Headquarters, Dolores, CO, US", "elevation": 3082.0, "land_cover_label": "Grassland", "water_mask": false, "exclude_reason": "keep", "ndvi": null, "soil_moisture": null, "solar_exposure": null, "wind_exposure": null, "water_retention": null, "slope": null, "aspect": null, "num_identification_agreements": 1, "cluster": 0, "tavg": null, "tmin": 9.0, "tmax": 21.0, "prcp_d0": 0.4097941815853119, "prcp_d1": 1.1333131790161133, "prcp_d2": 0.2669720649719238, "prcp_d3": 11.371960639953612, "prcp_d4": 2.2029473781585693, "prcp_d5": 18.278017044067383, "prcp_d6": 2.553668975830078, "tmax_d0": 16.8, "tmax_d1": 16.4, "tmax_d2": 18.6, "tmax_d3": 15.4, "tmax_d4": 14.0, "tmax_d5": 13.9, "tmax_d6": 15.3, "tmin_d0": 4.7, "tmin_d1": 5.5, "tmin_d2": 3.5, "tmin_d3": 5.5, "tmin_d4": 5.1, "tmin_d5": 6.4, "tmin_d6": 7.2, "day_of_year": 242, "uuid": "9bdfc40c-92a7-41ba-95f4-f1a0294a4a2b", "inat_id": 238770090}}, {"type": "Feature", "geometry": {"type": "Point", "coordinates": [-107.9162366667, 39.0273333333]}, "properties": {"species": "Cantharellus roseocanus", "date": "2024-08-31", "location": "Grand Mesa Uncompahgre and Gunnison National Forests, Cedaredge, CO, US", "elevation": 3085.0, "land_cover_label": "Tree cover", "water_mask": false, "exclude_reason": "keep", "ndvi": null, "soil_moisture": null, "solar_exposure": null, "wind_exposure": null, "water_retention": null, "slope": null, "aspect": null, "num_identification_agreements": 1, "cluster": 0, "tavg": null, "tmin": null, "tmax": null, "prcp_d0": 0.0076989191584289, "prcp_d1": 0.2942956984043121, "prcp_d2": 0.1158442199230194, "prcp_d3": 0.3567204177379608, "prcp_d4": 0.1190069988369941, "prcp_d5": 6.23799467086792, "prcp_d6": 3.2695391178131104, "tmax_d0": 19.7, "tmax_d1": 18.7, "tmax_d2": 17.4, "tmax_d3": 18.4, "tmax_d4": 18.4, "tmax_d5": 15.8, "tmax_d6": 13.5, "tmin_d0": 5.9, "tmin_d1": 7.0, "tmin_d2": 6.7, "tmin_d3": 6.7, "tmin_d4": 5.6, "tmin_d5": 6.0, "tmin_d6": 7.7, "day_of_year": 244, "uuid": "a92dcbb2-4780-4536-9ddf-d4b4aa685d92", "inat_id": 267085445}}, {"type": "Feature", "geometry": {"type": "Point", "coordinates": [-107.9428872083, 37.6035899834]}, "properties": {"species": "Cantharellus roseocanus", "date": "2024-08-31", "location": "Colorado, US", "elevation": 2886.0, "land_cover_label": "Tree cover", "water_mask": false, "exclude_reason": "keep", "ndvi": null, "soil_moisture": null, "solar_exposure": null, "wind_exposure": null, "water_retention": null, "slope": null, "aspect": null, "num_identification_agreements": 1, "cluster": 0, "tavg": null, "tmin": 8.0, "tmax": 22.0, "prcp_d0": 0.0465265326201915, "prcp_d1": 0.9910987615585328, "prcp_d2": 0.3209630250930786, "prcp_d3": 0.8917019367218018, "prcp_d4": 0.2020409852266311, "prcp_d5": 9.926530838012695, "prcp_d6": 2.317650556564331, "tmax_d0": 20.4, "tmax_d1": 19.3, "tmax_d2": 19.4, "tmax_d3": 18.8, "tmax_d4": 21.0, "tmax_d5": 17.5, "tmax_d6": 16.4, "tmin_d0": 2.3, "tmin_d1": 0.8, "tmin_d2": 2.8, "tmin_d3": 5.1, "tmin_d4": 1.0, "tmin_d5": 5.5, "tmin_d6": 3.6, "day_of_year": 244, "uuid": "81d24e0b-413d-40e4-afd7-0216ad7f210d", "inat_id": 239232178}}, {"type": "Feature", "geometry": {"type": "Point", "coordinates": [-107.8226191938, 37.7506107615]}, "properties": {"species": "Cantharellus roseocanus", "date": "2024-08-31", "location": "Colorado, US", "elevation": 3788.0, "land_cover_label": "Moss and lichen", "water_mask": false, "exclude_reason": "keep", "ndvi": null, "soil_moisture": null, "solar_exposure": null, "wind_exposure": null, "water_retention": null, "slope": null, "aspect": null, "num_identification_agreements": 1, "cluster": 0, "tavg": null, "tmin": 8.0, "tmax": 22.0, "prcp_d0": 0.0792640000581741, "prcp_d1": 1.94049084186554, "prcp_d2": 0.7500149607658386, "prcp_d3": 1.7321206331253052, "prcp_d4": 0.4439006149768829, "prcp_d5": 15.83737850189209, "prcp_d6": 2.712635040283203, "tmax_d0": 13.2, "tmax_d1": 13.1, "tmax_d2": 12.5, "tmax_d3": 13.3, "tmax_d4": 15.1, "tmax_d5": 11.4, "tmax_d6": 10.5, "tmin_d0": -1.2, "tmin_d1": -1.4, "tmin_d2": -0.6, "tmin_d3": 0.9, "tmin_d4": -2.8, "tmin_d5": 0.6, "tmin_d6": -2.0, "day_of_year": 244, "uuid": "c5686f8b-ca0a-40e4-a239-893163a5a76c", "inat_id": 239101215}}, {"type": "Feature", "geometry": {"type": "Point", "coordinates": [-107.9469898292, 37.6380931532]}, "properties": {"species": "Cantharellus roseocanus", "date": "2024-08-31", "location": "Colorado, US", "elevation": 3074.0, "land_cover_label": "Tree cover", "water_mask": false, "exclude_reason": "keep", "ndvi": null, "soil_moisture": null, "solar_exposure": null, "wind_exposure": null, "water_retention": null, "slope": null, "aspect": null, "num_identification_agreements": 1, "cluster": 0, "tavg": null, "tmin": 8.0, "tmax": 22.0, "prcp_d0": 0.0465265326201915, "prcp_d1": 0.9910987615585328, "prcp_d2": 0.3209630250930786, "prcp_d3": 0.8917019367218018, "prcp_d4": 0.2020409852266311, "prcp_d5": 9.926530838012695, "prcp_d6": 2.317650556564331, "tmax_d0": 19.0, "tmax_d1": 18.3, "tmax_d2": 18.1, "tmax_d3": 17.2, "tmax_d4": 19.5, "tmax_d5": 16.3, "tmax_d6": 15.4, "tmin_d0": 1.8, "tmin_d1": 1.2, "tmin_d2": 1.9, "tmin_d3": 5.7, "tmin_d4": 0.9, "tmin_d5": 2.9, "tmin_d6": 2.5, "day_of_year": 244, "uuid": "73563a75-46d1-4e27-a956-98fac18fcfb2", "inat_id": 239232859}}, {"type": "Feature", "geometry": {"type": "Point", "coordinates": [-107.951247943, 37.7920061193]}, "properties": {"species": "Cantharellus roseocanus", "date": "2024-09-01", "location": "Colorado, US", "elevation": 3209.0, "land_cover_label": "Grassland", "water_mask": false, "exclude_reason": "keep", "ndvi": null, "soil_moisture": null, "solar_exposure": null, "wind_exposure": null, "water_retention": null, "slope": null, "aspect": null, "num_identification_agreements": 1, "cluster": 0, "tavg": null, "tmin": 11.0, "tmax": 22.0, "prcp_d0": 8.324000358581543, "prcp_d1": 0.05578638240695, "prcp_d2": 1.1966331005096436, "prcp_d3": 0.4007940292358398, "prcp_d4": 1.120350956916809, "prcp_d5": 0.2519596219062805, "prcp_d6": 11.83814811706543, "tmax_d0": 16.7, "tmax_d1": 16.2, "tmax_d2": 16.5, "tmax_d3": 15.9, "tmax_d4": 15.5, "tmax_d5": 17.7, "tmax_d6": 14.5, "tmin_d0": 5.5, "tmin_d1": 2.8, "tmin_d2": 2.4, "tmin_d3": 3.8, "tmin_d4": 4.6, "tmin_d5": 2.6, "tmin_d6": 4.6, "day_of_year": 245, "uuid": "ef9df5e9-024a-4981-bd3e-15a83140577b", "inat_id": 239236324}}, {"type": "Feature", "geometry": {"type": "Point", "coordinates": [-106.7343138842, 37.3836864781]}, "properties": {"species": "Cantharellus roseocanus", "date": "2024-09-01", "location": "Archuleta County, CO, USA", "elevation": 3031.0, "land_cover_label": "Tree cover", "water_mask": false, "exclude_reason": "keep", "ndvi": null, "soil_moisture": null, "solar_exposure": null, "wind_exposure": null, "water_retention": null, "slope": null, "aspect": null, "num_identification_agreements": 2, "cluster": 0, "tavg": null, "tmin": 6.0, "tmax": 14.0, "prcp_d0": 0.0, "prcp_d1": 0.0255861952900886, "prcp_d2": 1.2033106088638306, "prcp_d3": 6.051466941833496, "prcp_d4": 0.2273670881986618, "prcp_d5": 0.1021458283066749, "prcp_d6": 7.4708075523376465, "tmax_d0": 18.0, "tmax_d1": 19.0, "tmax_d2": 18.0, "tmax_d3": 18.0, "tmax_d4": 17.4, "tmax_d5": 18.8, "tmax_d6": 15.6, "tmin_d0": 2.3, "tmin_d1": 4.9, "tmin_d2": 3.2, "tmin_d3": 7.5, "tmin_d4": 5.6, "tmin_d5": 3.2, "tmin_d6": 5.7, "day_of_year": 245, "uuid": "8058d7ae-8f25-41a2-8fcd-2eb09a052d06", "inat_id": 239471029}}, {"type": "Feature", "geometry": {"type": "Point", "coordinates": [-105.1418185403, 37.3025412495]}, "properties": {"species": "Cantharellus roseocanus", "date": "2024-09-01", "location": "Huerfano County, CO, USA", "elevation": 3369.0, "land_cover_label": "Tree cover", "water_mask": false, "exclude_reason": "keep", "ndvi": null, "soil_moisture": null, "solar_exposure": null, "wind_exposure": null, "water_retention": null, "slope": null, "aspect": null, "num_identification_agreements": 1, "cluster": 0, "tavg": null, "tmin": null, "tmax": null, "prcp_d0": 0.0, "prcp_d1": 1.9784877167694503e-06, "prcp_d2": 0.2519850432872772, "prcp_d3": 3.51582407951355, "prcp_d4": 0.0, "prcp_d5": 1.9947257041931152, "prcp_d6": 2.347825765609741, "tmax_d0": 13.2, "tmax_d1": 15.1, "tmax_d2": 13.5, "tmax_d3": 14.9, "tmax_d4": 16.1, "tmax_d5": 15.1, "tmax_d6": 15.0, "tmin_d0": 3.4, "tmin_d1": 4.9, "tmin_d2": 5.2, "tmin_d3": 5.1, "tmin_d4": 5.5, "tmin_d5": 6.3, "tmin_d6": 6.9, "day_of_year": 245, "uuid": "1d627969-4e30-4b73-86ee-b713e8f6a1fc", "inat_id": 239549583}}, {"type": "Feature", "geometry": {"type": "Point", "coordinates": [-105.0213109722, 37.927542]}, "properties": {"species": "Cantharellus roseocanus", "date": "2024-09-02", "location": "Rye, CO 81069, USA", "elevation": 3104.0, "land_cover_label": "Tree cover", "water_mask": false, "exclude_reason": "keep", "ndvi": null, "soil_moisture": null, "solar_exposure": null, "wind_exposure": null, "water_retention": null, "slope": null, "aspect": null, "num_identification_agreements": 1, "cluster": 0, "tavg": null, "tmin": null, "tmax": null, "prcp_d0": 0.0, "prcp_d1": 0.0, "prcp_d2": 0.0, "prcp_d3": 0.1756563335657119, "prcp_d4": 2.994447946548462, "prcp_d5": 0.0, "prcp_d6": 0.4641269743442535, "tmax_d0": 17.9, "tmax_d1": 15.8, "tmax_d2": 17.8, "tmax_d3": 15.4, "tmax_d4": 17.8, "tmax_d5": 18.8, "tmax_d6": 17.8, "tmin_d0": 6.3, "tmin_d1": 6.1, "tmin_d2": 7.6, "tmin_d3": 5.8, "tmin_d4": 8.8, "tmin_d5": 8.8, "tmin_d6": 8.2, "day_of_year": 246, "uuid": "7ec10de6-0b40-4a69-80be-c70504148ae6", "inat_id": 296782118}}, {"type": "Feature", "geometry": {"type": "Point", "coordinates": [-105.031915771, 39.108780434]}, "properties": {"species": "Cantharellus roseocanus", "date": "2024-09-07", "location": "Colorado, US", "elevation": 2829.0, "land_cover_label": "Tree cover", "water_mask": false, "exclude_reason": "keep", "ndvi": null, "soil_moisture": 0.1675767255557796, "solar_exposure": 0.8500456213951111, "wind_exposure": 0.3426684439182281, "water_retention": 0.4244762063026428, "slope": 0.9329047203063964, "aspect": 180.0, "num_identification_agreements": 1, "cluster": 0, "tavg": null, "tmin": 8.4, "tmax": 26.9, "prcp_d0": 0.0, "prcp_d1": 0.0, "prcp_d2": 8.552547454833984, "prcp_d3": 0.0, "prcp_d4": 0.0, "prcp_d5": 0.0, "prcp_d6": 0.0, "tmax_d0": 20.0, "tmax_d1": 17.7, "tmax_d2": 13.5, "tmax_d3": 19.6, "tmax_d4": 23.1, "tmax_d5": 21.4, "tmax_d6": 20.0, "tmin_d0": 6.5, "tmin_d1": 3.9, "tmin_d2": 5.8, "tmin_d3": 10.2, "tmin_d4": 10.4, "tmin_d5": 7.6, "tmin_d6": 9.3, "day_of_year": 251, "uuid": "1c191b31-c6c6-4f1b-a902-e6d827532ea4", "inat_id": 240489354}}, {"type": "Feature", "geometry": {"type": "Point", "coordinates": [-109.7067027778, 40.7643111111]}, "properties": {"species": "Cantharellus roseocanus", "date": "2024-09-08", "location": "Naples, UT 84078, USA", "elevation": 2932.0, "land_cover_label": "Tree cover", "water_mask": false, "exclude_reason": "keep", "ndvi": null, "soil_moisture": null, "solar_exposure": null, "wind_exposure": null, "water_retention": null, "slope": null, "aspect": null, "num_identification_agreements": 1, "cluster": 0, "tavg": null, "tmin": 11.7, "tmax": 31.1, "prcp_d0": 4.66091251373291, "prcp_d1": 0.0, "prcp_d2": 0.0, "prcp_d3": 0.0, "prcp_d4": 8.833765029907227, "prcp_d5": 0.0, "prcp_d6": 0.0, "tmax_d0": 19.1, "tmax_d1": 19.1, "tmax_d2": 18.9, "tmax_d3": 15.0, "tmax_d4": 16.0, "tmax_d5": 19.3, "tmax_d6": 21.7, "tmin_d0": 6.4, "tmin_d1": 5.2, "tmin_d2": 3.4, "tmin_d3": 4.0, "tmin_d4": 5.0, "tmin_d5": 7.6, "tmin_d6": 7.6, "day_of_year": 252, "uuid": "1c4c6a4a-625c-454d-bc56-0aa081fcd2f5", "inat_id": 240753201}}, {"type": "Feature", "geometry": {"type": "Point", "coordinates": [-107.7086399991, 37.6217851685]}, "properties": {"species": "Cantharellus roseocanus", "date": "2024-09-13", "location": "Colorado, US", "elevation": 2721.0, "land_cover_label": "Tree cover", "water_mask": false, "exclude_reason": "keep", "ndvi": null, "soil_moisture": null, "solar_exposure": null, "wind_exposure": null, "water_retention": null, "slope": null, "aspect": null, "num_identification_agreements": 2, "cluster": 0, "tavg": null, "tmin": 8.0, "tmax": 21.0, "prcp_d0": 0.0, "prcp_d1": 0.3918586075305938, "prcp_d2": 11.830084800720217, "prcp_d3": 0.0, "prcp_d4": 0.0, "prcp_d5": 15.087420463562012, "prcp_d6": 0.0, "tmax_d0": 18.8, "tmax_d1": 18.8, "tmax_d2": 17.9, "tmax_d3": 19.4, "tmax_d4": 19.2, "tmax_d5": 19.6, "tmax_d6": 20.4, "tmin_d0": 5.1, "tmin_d1": 5.5, "tmin_d2": 4.5, "tmin_d3": 4.6, "tmin_d4": 2.7, "tmin_d5": 3.8, "tmin_d6": 5.9, "day_of_year": 257, "uuid": "f6686d14-ebf1-4bb7-8f90-05c388f98c7e", "inat_id": 243916492}}, {"type": "Feature", "geometry": {"type": "Point", "coordinates": [-106.506890282, 39.4721648408]}, "properties": {"species": "Cantharellus roseocanus", "date": "2024-09-28", "location": "Gilman, CO 81645, USA", "elevation": 3121.0, "land_cover_label": "Tree cover", "water_mask": false, "exclude_reason": "keep", "ndvi": null, "soil_moisture": null, "solar_exposure": null, "wind_exposure": null, "water_retention": null, "slope": null, "aspect": null, "num_identification_agreements": 1, "cluster": 0, "tavg": null, "tmin": 1.1, "tmax": 21.1, "prcp_d0": 0.0, "prcp_d1": 0.0, "prcp_d2": 0.0, "prcp_d3": 0.0, "prcp_d4": 0.0, "prcp_d5": 0.0, "prcp_d6": 8.547235488891602, "tmax_d0": 18.8, "tmax_d1": 17.0, "tmax_d2": 17.9, "tmax_d3": 18.9, "tmax_d4": 14.5, "tmax_d5": 12.4, "tmax_d6": 9.2, "tmin_d0": 0.4, "tmin_d1": -0.0, "tmin_d2": -0.5, "tmin_d3": -1.2, "tmin_d4": 0.3, "tmin_d5": -4.2, "tmin_d6": 0.4, "day_of_year": 272, "uuid": "da7832cc-1386-43e4-aa71-c81da99df4b0", "inat_id": 246144844}}, {"type": "Feature", "geometry": {"type": "Point", "coordinates": [-105.80015556, 35.798125]}, "properties": {"species": "Cantharellus roseocanus", "date": "2025-07-15", "location": "Santa Fe, New Mexico, United States", "elevation": 3208.0, "land_cover_label": "Tree cover", "water_mask": false, "exclude_reason": "keep", "ndvi": null, "soil_moisture": null, "solar_exposure": null, "wind_exposure": null, "water_retention": null, "slope": null, "aspect": null, "num_identification_agreements": 2, "cluster": 0, "tavg": null, "tmin": 14.4, "tmax": 32.8, "prcp_d0": 2.830991744995117, "prcp_d1": 1.4154958724975586, "prcp_d2": 4.246487140655518, "prcp_d3": 1.4154958724975586, "prcp_d4": 0.0, "prcp_d5": 0.0, "prcp_d6": 0.0, "tmax_d0": 21.4, "tmax_d1": 21.0, "tmax_d2": 20.0, "tmax_d3": 21.1, "tmax_d4": 21.4, "tmax_d5": 22.8, "tmax_d6": 21.5, "tmin_d0": 7.4, "tmin_d1": 3.7, "tmin_d2": 6.6, "tmin_d3": 4.3, "tmin_d4": 10.1, "tmin_d5": 8.9, "tmin_d6": 7.7, "day_of_year": 196, "uuid": "ef5a134b-7001-435c-8119-264205287ccd", "inat_id": 298540872}}, {"type": "Feature", "geometry": {"type": "Point", "coordinates": [-104.9394615709, 38.7364713992]}, "properties": {"species": "Cantharellus roseocanus", "date": "2025-07-24", "location": "Colorado, US", "elevation": 2986.0, "land_cover_label": "Tree cover", "water_mask": false, "exclude_reason": "keep", "ndvi": null, "soil_moisture": null, "solar_exposure": null, "wind_exposure": null, "water_retention": null, "slope": null, "aspect": null, "num_identification_agreements": 1, "cluster": 0, "tavg": null, "tmin": 17.0, "tmax": 24.0, "prcp_d0": 6.931566715240479, "prcp_d1": 13.863133430480955, "prcp_d2": 0.0, "prcp_d3": 0.0, "prcp_d4": 0.0, "prcp_d5": 0.0, "prcp_d6": 10.091448783874512, "tmax_d0": 17.5, "tmax_d1": 17.7, "tmax_d2": 21.2, "tmax_d3": 21.5, "tmax_d4": 21.1, "tmax_d5": 21.2, "tmax_d6": 22.2, "tmin_d0": 7.8, "tmin_d1": 8.1, "tmin_d2": 10.6, "tmin_d3": 10.0, "tmin_d4": 11.3, "tmin_d5": 10.2, "tmin_d6": 9.1, "day_of_year": 205, "uuid": "5a8d00a8-f92e-465f-9bb3-a6cc83dac49c", "inat_id": 300853617}}, {"type": "Feature", "geometry": {"type": "Point", "coordinates": [-107.9359710268, 37.7886449575]}, "properties": {"species": "Cantharellus roseocanus", "date": "2025-07-26", "location": "Dolores County, US-CO, US", "elevation": 3125.0, "land_cover_label": "Tree cover", "water_mask": false, "exclude_reason": "keep", "ndvi": null, "soil_moisture": null, "solar_exposure": null, "wind_exposure": null, "water_retention": null, "slope": null, "aspect": null, "num_identification_agreements": 1, "cluster": 0, "tavg": null, "tmin": 10.0, "tmax": 22.0, "prcp_d0": 0.0, "prcp_d1": 0.0, "prcp_d2": 0.0, "prcp_d3": 7.22576904296875, "prcp_d4": 0.0, "prcp_d5": 0.0, "prcp_d6": 0.0, "tmax_d0": 18.2, "tmax_d1": 17.6, "tmax_d2": 17.8, "tmax_d3": 17.1, "tmax_d4": 17.0, "tmax_d5": 18.5, "tmax_d6": 19.3, "tmin_d0": 7.2, "tmin_d1": 5.0, "tmin_d2": 6.3, "tmin_d3": 6.6, "tmin_d4": 8.2, "tmin_d5": 9.0, "tmin_d6": 7.8, "day_of_year": 207, "uuid": "de73a7d8-7005-47a3-bd6b-4ae1697ebd48", "inat_id": 301351570}}, {"type": "Feature", "geometry": {"type": "Point", "coordinates": [-105.6579583333, 35.8409466667]}, "properties": {"species": "Cantharellus roseocanus", "date": "2025-07-27", "location": "Iron Gate Rd, Tererro, NM, US", "elevation": 2702.0, "land_cover_label": "Tree cover", "water_mask": false, "exclude_reason": "keep", "ndvi": null, "soil_moisture": null, "solar_exposure": null, "wind_exposure": null, "water_retention": null, "slope": null, "aspect": null, "num_identification_agreements": 2, "cluster": 0, "tavg": null, "tmin": 13.9, "tmax": 33.9, "prcp_d0": 0.0, "prcp_d1": 0.0, "prcp_d2": 0.0, "prcp_d3": 9.153923988342283, "prcp_d4": 0.0, "prcp_d5": 3.051307916641236, "prcp_d6": 0.0, "tmax_d0": 24.7, "tmax_d1": 23.4, "tmax_d2": 23.2, "tmax_d3": 19.6, "tmax_d4": 21.5, "tmax_d5": 22.3, "tmax_d6": 22.7, "tmin_d0": 12.3, "tmin_d1": 9.4, "tmin_d2": 8.6, "tmin_d3": 9.4, "tmin_d4": 9.1, "tmin_d5": 10.1, "tmin_d6": 10.4, "day_of_year": 208, "uuid": "a37c11e9-6745-4e1d-bae3-a353cfff0acc", "inat_id": 307408258}}, {"type": "Feature", "geometry": {"type": "Point", "coordinates": [-105.172316066, 37.8459972265]}, "properties": {"species": "Cantharellus roseocanus", "date": "2025-07-27", "location": "Colorado, US", "elevation": 2306.0, "land_cover_label": "Grassland", "water_mask": false, "exclude_reason": "keep", "ndvi": null, "soil_moisture": null, "solar_exposure": null, "wind_exposure": null, "water_retention": null, "slope": null, "aspect": null, "num_identification_agreements": 1, "cluster": 0, "tavg": null, "tmin": 17.0, "tmax": 35.0, "prcp_d0": 0.0, "prcp_d1": 0.0, "prcp_d2": 0.0, "prcp_d3": 7.393654823303223, "prcp_d4": 3.6968274116516113, "prcp_d5": 7.393654823303223, "prcp_d6": 0.0, "tmax_d0": 27.7, "tmax_d1": 25.8, "tmax_d2": 26.0, "tmax_d3": 22.8, "tmax_d4": 25.3, "tmax_d5": 27.0, "tmax_d6": 26.1, "tmin_d0": 11.7, "tmin_d1": 11.2, "tmin_d2": 11.5, "tmin_d3": 9.0, "tmin_d4": 11.1, "tmin_d5": 11.8, "tmin_d6": 12.0, "day_of_year": 208, "uuid": "e2e66668-6231-463d-9a26-31d2d7b72f7f", "inat_id": 301650433}}, {"type": "Feature", "geometry": {"type": "Point", "coordinates": [-105.5405944444, 36.5974777778]}, "properties": {"species": "Cantharellus roseocanus", "date": "2025-07-31", "location": "Taos County, NM, USA", "elevation": 3246.0, "land_cover_label": "Tree cover", "water_mask": false, "exclude_reason": "keep", "ndvi": null, "soil_moisture": null, "solar_exposure": null, "wind_exposure": null, "water_retention": null, "slope": null, "aspect": null, "num_identification_agreements": 1, "cluster": 0, "tavg": null, "tmin": 12.4, "tmax": 27.1, "prcp_d0": 2.873980760574341, "prcp_d1": 0.0, "prcp_d2": 0.0, "prcp_d3": 2.873980760574341, "prcp_d4": 0.0, "prcp_d5": 0.0, "prcp_d6": 0.0, "tmax_d0": 17.7, "tmax_d1": 17.0, "tmax_d2": 17.8, "tmax_d3": 20.7, "tmax_d4": 20.2, "tmax_d5": 19.3, "tmax_d6": 18.2, "tmin_d0": 4.7, "tmin_d1": 6.6, "tmin_d2": 6.7, "tmin_d3": 8.2, "tmin_d4": 9.5, "tmin_d5": 6.6, "tmin_d6": 6.6, "day_of_year": 212, "uuid": "049c3922-58da-4593-94e9-93300f40278b", "inat_id": 327577875}}, {"type": "Feature", "geometry": {"type": "Point", "coordinates": [-105.1689663598, 37.9800366944]}, "properties": {"species": "Cantharellus roseocanus", "date": "2025-08-01", "location": "Colorado, US", "elevation": 3165.0, "land_cover_label": "Grassland", "water_mask": false, "exclude_reason": "keep", "ndvi": null, "soil_moisture": null, "solar_exposure": null, "wind_exposure": null, "water_retention": null, "slope": null, "aspect": null, "num_identification_agreements": 1, "cluster": 0, "tavg": null, "tmin": 13.0, "tmax": 30.0, "prcp_d0": 0.0, "prcp_d1": 0.0, "prcp_d2": 0.0, "prcp_d3": 0.0, "prcp_d4": 0.0, "prcp_d5": 0.0, "prcp_d6": 0.0, "tmax_d0": 20.3, "tmax_d1": 18.4, "tmax_d2": 16.2, "tmax_d3": 20.1, "tmax_d4": 23.1, "tmax_d5": 22.0, "tmax_d6": 19.9, "tmin_d0": 7.9, "tmin_d1": 7.0, "tmin_d2": 9.4, "tmin_d3": 11.7, "tmin_d4": 13.0, "tmin_d5": 12.9, "tmin_d6": 10.6, "day_of_year": 213, "uuid": "a002637e-ce19-4cad-8dda-75d6e24b2788", "inat_id": 303607405}}, {"type": "Feature", "geometry": {"type": "Point", "coordinates": [-105.8019270469, 35.7983436389]}, "properties": {"species": "Cantharellus roseocanus", "date": "2025-08-04", "location": "Tererro, NM, US", "elevation": 3208.0, "land_cover_label": "Tree cover", "water_mask": false, "exclude_reason": "keep", "ndvi": null, "soil_moisture": null, "solar_exposure": null, "wind_exposure": null, "water_retention": null, "slope": null, "aspect": null, "num_identification_agreements": 1, "cluster": 0, "tavg": null, "tmin": 12.2, "tmax": 33.9, "prcp_d0": 0.0, "prcp_d1": 0.0, "prcp_d2": 0.0, "prcp_d3": 0.0, "prcp_d4": 7.859631538391113, "prcp_d5": 0.0, "prcp_d6": 7.859631538391113, "tmax_d0": 21.4, "tmax_d1": 20.6, "tmax_d2": 19.7, "tmax_d3": 17.8, "tmax_d4": 17.1, "tmax_d5": 18.8, "tmax_d6": 16.6, "tmin_d0": 3.5, "tmin_d1": 9.4, "tmin_d2": 8.3, "tmin_d3": 5.4, "tmin_d4": 3.4, "tmin_d5": 6.3, "tmin_d6": 7.1, "day_of_year": 216, "uuid": "ca7e1c53-2228-4b5a-a3a4-8835da9ace98", "inat_id": 303839034}}, {"type": "Feature", "geometry": {"type": "Point", "coordinates": [-105.1199727688, 39.0618215011]}, "properties": {"species": "Cantharellus roseocanus", "date": "2025-08-06", "location": "Colorado, US", "elevation": 2625.0, "land_cover_label": "Tree cover", "water_mask": false, "exclude_reason": "keep", "ndvi": null, "soil_moisture": 0.1869535624855972, "solar_exposure": 0.7620779871940613, "wind_exposure": 0.4324241876602173, "water_retention": 0.1685850322246551, "slope": 10.264321327209473, "aspect": 304.71563720703125, "num_identification_agreements": 1, "cluster": 0, "tavg": null, "tmin": 16.4, "tmax": 33.9, "prcp_d0": 0.0, "prcp_d1": 0.0, "prcp_d2": 0.0, "prcp_d3": 0.0, "prcp_d4": 0.0, "prcp_d5": 0.0, "prcp_d6": 4.067625999450684, "tmax_d0": 27.0, "tmax_d1": 27.3, "tmax_d2": 27.1, "tmax_d3": 23.6, "tmax_d4": 24.3, "tmax_d5": 23.3, "tmax_d6": 23.7, "tmin_d0": 10.5, "tmin_d1": 11.1, "tmin_d2": 7.1, "tmin_d3": 8.3, "tmin_d4": 10.1, "tmin_d5": 8.5, "tmin_d6": 9.1, "day_of_year": 218, "uuid": "f658fd12-9f88-4a5e-b8a0-3aa6bc63a588", "inat_id": 304403054}}, {"type": "Feature", "geometry": {"type": "Point", "coordinates": [-122.3026270419, 45.2110478441]}, "properties": {"species": "Cantharellus roseocanus", "date": "2025-08-10", "location": "Estacada, OR 97023, USA", "elevation": 423.0, "land_cover_label": "Tree cover", "water_mask": false, "exclude_reason": "keep", "ndvi": null, "soil_moisture": null, "solar_exposure": null, "wind_exposure": null, "water_retention": null, "slope": null, "aspect": null, "num_identification_agreements": 1, "cluster": 0, "tavg": null, "tmin": 16.7, "tmax": 37.8, "prcp_d0": 0.0, "prcp_d1": 0.0, "prcp_d2": 0.0, "prcp_d3": 0.0, "prcp_d4": 0.0, "prcp_d5": 0.0, "prcp_d6": 0.0, "tmax_d0": 32.2, "tmax_d1": 23.5, "tmax_d2": 20.9, "tmax_d3": 18.3, "tmax_d4": 23.5, "tmax_d5": 23.2, "tmax_d6": 20.7, "tmin_d0": 11.5, "tmin_d1": 10.3, "tmin_d2": 6.4, "tmin_d3": 12.7, "tmin_d4": 14.2, "tmin_d5": 7.4, "tmin_d6": 10.4, "day_of_year": 222, "uuid": "5ffd9768-7cb4-46b7-a0b4-668d3cd1406b", "inat_id": 305467706}}, {"type": "Feature", "geometry": {"type": "Point", "coordinates": [-105.0118205051, 39.0325181438]}, "properties": {"species": "Cantharellus roseocanus", "date": "2025-08-10", "location": "Rampart Range Rd, Woodland Park, CO, US", "elevation": 2848.0, "land_cover_label": "Tree cover", "water_mask": false, "exclude_reason": "keep", "ndvi": null, "soil_moisture": 0.1454716976984319, "solar_exposure": 0.8194864392280579, "wind_exposure": 0.3797093331813812, "water_retention": 0.2652479112148285, "slope": 2.472496747970581, "aspect": 318.95758056640625, "num_identification_agreements": 1, "cluster": 0, "tavg": null, "tmin": 14.3, "tmax": 24.8, "prcp_d0": 5.889456272125244, "prcp_d1": 0.0, "prcp_d2": 0.0, "prcp_d3": 0.0, "prcp_d4": 0.0, "prcp_d5": 0.0, "prcp_d6": 0.0, "tmax_d0": 18.9, "tmax_d1": 25.0, "tmax_d2": 25.9, "tmax_d3": 25.9, "tmax_d4": 25.2, "tmax_d5": 25.1, "tmax_d6": 24.5, "tmin_d0": 7.7, "tmin_d1": 10.1, "tmin_d2": 14.1, "tmin_d3": 14.0, "tmin_d4": 14.6, "tmin_d5": 10.5, "tmin_d6": 10.1, "day_of_year": 222, "uuid": "ec3e7287-8e88-4c87-bf9f-2afa45800530", "inat_id": 305819167}}, {"type": "Feature", "geometry": {"type": "Point", "coordinates": [-105.0118724323, 39.03255663]}, "properties": {"species": "Cantharellus roseocanus", "date": "2025-08-10", "location": "Rampart Range Rd, Woodland Park, CO, US", "elevation": 2848.0, "land_cover_label": "Tree cover", "water_mask": false, "exclude_reason": "keep", "ndvi": null, "soil_moisture": 0.1454522545436268, "solar_exposure": 0.8194864392280579, "wind_exposure": 0.3797093331813812, "water_retention": 0.2652479112148285, "slope": 2.472496747970581, "aspect": 318.95758056640625, "num_identification_agreements": 2, "cluster": 0, "tavg": null, "tmin": 14.3, "tmax": 24.8, "prcp_d0": 5.889456272125244, "prcp_d1": 0.0, "prcp_d2": 0.0, "prcp_d3": 0.0, "prcp_d4": 0.0, "prcp_d5": 0.0, "prcp_d6": 0.0, "tmax_d0": 18.9, "tmax_d1": 25.0, "tmax_d2": 25.9, "tmax_d3": 25.9, "tmax_d4": 25.2, "tmax_d5": 25.1, "tmax_d6": 24.5, "tmin_d0": 7.7, "tmin_d1": 10.1, "tmin_d2": 14.1, "tmin_d3": 14.0, "tmin_d4": 14.6, "tmin_d5": 10.5, "tmin_d6": 10.1, "day_of_year": 222, "uuid": "9746c70b-9390-4ded-bcd6-50d988a59cc0", "inat_id": 305819373}}, {"type": "Feature", "geometry": {"type": "Point", "coordinates": [-105.801523, 35.795891]}, "properties": {"species": "Cantharellus roseocanus", "date": "2025-08-10", "location": "Santa Fe County, US-NM, US", "elevation": 3166.0, "land_cover_label": "Grassland", "water_mask": false, "exclude_reason": "keep", "ndvi": null, "soil_moisture": null, "solar_exposure": null, "wind_exposure": null, "water_retention": null, "slope": null, "aspect": null, "num_identification_agreements": 2, "cluster": 0, "tavg": null, "tmin": 15.6, "tmax": 33.3, "prcp_d0": 0.0, "prcp_d1": 0.0, "prcp_d2": 0.0, "prcp_d3": 0.0, "prcp_d4": 0.0, "prcp_d5": 0.0, "prcp_d6": 0.0, "tmax_d0": 20.8, "tmax_d1": 22.8, "tmax_d2": 22.3, "tmax_d3": 24.0, "tmax_d4": 23.3, "tmax_d5": 22.9, "tmax_d6": 21.7, "tmin_d0": 8.2, "tmin_d1": 12.4, "tmin_d2": 11.5, "tmin_d3": 11.9, "tmin_d4": 10.4, "tmin_d5": 9.9, "tmin_d6": 3.7, "day_of_year": 222, "uuid": "30fbbfad-5589-46a8-9688-f9f96453b6fd", "inat_id": 309092069}}, {"type": "Feature", "geometry": {"type": "Point", "coordinates": [-107.87250556, 37.81067778]}, "properties": {"species": "Cantharellus roseocanus", "date": "2025-08-12", "location": "San Miguel, Colorado, United States", "elevation": 3040.0, "land_cover_label": "Tree cover", "water_mask": false, "exclude_reason": "keep", "ndvi": null, "soil_moisture": null, "solar_exposure": null, "wind_exposure": null, "water_retention": null, "slope": null, "aspect": null, "num_identification_agreements": 3, "cluster": 0, "tavg": null, "tmin": 10.0, "tmax": 24.0, "prcp_d0": 0.0, "prcp_d1": 0.0, "prcp_d2": 0.0, "prcp_d3": 0.0, "prcp_d4": 0.0, "prcp_d5": 0.0, "prcp_d6": 0.0, "tmax_d0": 18.6, "tmax_d1": 17.7, "tmax_d2": 18.3, "tmax_d3": 19.8, "tmax_d4": 19.9, "tmax_d5": 21.2, "tmax_d6": 18.8, "tmin_d0": 4.7, "tmin_d1": 2.2, "tmin_d2": 7.7, "tmin_d3": 5.5, "tmin_d4": 10.9, "tmin_d5": 10.1, "tmin_d6": 10.8, "day_of_year": 224, "uuid": "f1b62e53-9557-40a8-aaa6-3e84e19d79fa", "inat_id": 305925576}}, {"type": "Feature", "geometry": {"type": "Point", "coordinates": [-107.9461833333, 37.79992]}, "properties": {"species": "Cantharellus roseocanus", "date": "2025-08-15", "location": "Groundhog Stock Dr, Dolores, CO, US", "elevation": 3192.0, "land_cover_label": "Tree cover", "water_mask": false, "exclude_reason": "keep", "ndvi": null, "soil_moisture": null, "solar_exposure": null, "wind_exposure": null, "water_retention": null, "slope": null, "aspect": null, "num_identification_agreements": 1, "cluster": 0, "tavg": null, "tmin": 11.0, "tmax": 21.0, "prcp_d0": 0.0, "prcp_d1": 0.0, "prcp_d2": 0.0, "prcp_d3": 0.0, "prcp_d4": 0.0, "prcp_d5": 0.0, "prcp_d6": 0.0, "tmax_d0": 18.3, "tmax_d1": 20.5, "tmax_d2": 20.9, "tmax_d3": 18.8, "tmax_d4": 18.2, "tmax_d5": 18.7, "tmax_d6": 20.0, "tmin_d0": 7.8, "tmin_d1": 10.4, "tmin_d2": 6.1, "tmin_d3": 4.3, "tmin_d4": 3.9, "tmin_d5": 8.7, "tmin_d6": 8.6, "day_of_year": 227, "uuid": "d77cbbec-20b6-40bb-a4e2-6bd38a24e691", "inat_id": 307744351}}, {"type": "Feature", "geometry": {"type": "Point", "coordinates": [-105.1002105425, 39.2026742871]}, "properties": {"species": "Cantharellus roseocanus", "date": "2025-08-24", "location": "Colorado, US", "elevation": 2500.0, "land_cover_label": "Tree cover", "water_mask": false, "exclude_reason": "keep", "ndvi": null, "soil_moisture": 0.1229527263378088, "solar_exposure": 0.9272190928459167, "wind_exposure": 0.3160170018672943, "water_retention": 0.2723266184329986, "slope": 17.27638816833496, "aspect": 138.62930297851562, "num_identification_agreements": 2, "cluster": 0, "tavg": null, "tmin": 12.3, "tmax": 25.6, "prcp_d0": 18.86445045471192, "prcp_d1": 18.86445045471192, "prcp_d2": 0.0, "prcp_d3": 0.0, "prcp_d4": 0.0, "prcp_d5": 0.0, "prcp_d6": 0.0, "tmax_d0": 21.6, "tmax_d1": 21.7, "tmax_d2": 26.8, "tmax_d3": 28.9, "tmax_d4": 27.7, "tmax_d5": 26.0, "tmax_d6": 25.7, "tmin_d0": 10.4, "tmin_d1": 10.3, "tmin_d2": 12.2, "tmin_d3": 12.7, "tmin_d4": 11.8, "tmin_d5": 10.4, "tmin_d6": 9.3, "day_of_year": 236, "uuid": "cdd4395a-d583-40d8-ac26-77f6107342d3", "inat_id": 308899120}}, {"type": "Feature", "geometry": {"type": "Point", "coordinates": [-104.9449115, 38.7366657]}, "properties": {"species": "Cantharellus roseocanus", "date": "2025-08-26", "location": "Teller County, US-CO, US", "elevation": 3031.0, "land_cover_label": "Tree cover", "water_mask": false, "exclude_reason": "keep", "ndvi": null, "soil_moisture": null, "solar_exposure": null, "wind_exposure": null, "water_retention": null, "slope": null, "aspect": null, "num_identification_agreements": 2, "cluster": 1, "tavg": null, "tmin": 13.0, "tmax": 15.0, "prcp_d0": 0.0, "prcp_d1": 23.10459327697754, "prcp_d2": 23.10459327697754, "prcp_d3": 23.10459327697754, "prcp_d4": 11.55229663848877, "prcp_d5": 0.0, "prcp_d6": 0.0, "tmax_d0": 14.7, "tmax_d1": 14.4, "tmax_d2": 17.5, "tmax_d3": 16.3, "tmax_d4": 21.8, "tmax_d5": 22.1, "tmax_d6": 20.3, "tmin_d0": 7.6, "tmin_d1": 6.8, "tmin_d2": 8.0, "tmin_d3": 8.0, "tmin_d4": 10.4, "tmin_d5": 9.1, "tmin_d6": 8.7, "day_of_year": 238, "uuid": "039b3554-3e5a-4c7f-b346-0c16aeb64046", "inat_id": 309419666}}, {"type": "Feature", "geometry": {"type": "Point", "coordinates": [-104.949577, 38.7424041]}, "properties": {"species": "Cantharellus roseocanus", "date": "2025-08-26", "location": "Manitou Springs, CO 80829, USA", "elevation": 3052.0, "land_cover_label": "Tree cover", "water_mask": false, "exclude_reason": "keep", "ndvi": null, "soil_moisture": null, "solar_exposure": null, "wind_exposure": null, "water_retention": null, "slope": null, "aspect": null, "num_identification_agreements": 1, "cluster": 1, "tavg": null, "tmin": 13.0, "tmax": 15.0, "prcp_d0": 0.0, "prcp_d1": 23.10459327697754, "prcp_d2": 23.10459327697754, "prcp_d3": 23.10459327697754, "prcp_d4": 11.55229663848877, "prcp_d5": 0.0, "prcp_d6": 0.0, "tmax_d0": 14.9, "tmax_d1": 14.6, "tmax_d2": 17.7, "tmax_d3": 16.4, "tmax_d4": 22.0, "tmax_d5": 22.3, "tmax_d6": 20.4, "tmin_d0": 7.8, "tmin_d1": 7.0, "tmin_d2": 8.2, "tmin_d3": 8.2, "tmin_d4": 10.6, "tmin_d5": 9.3, "tmin_d6": 8.8, "day_of_year": 238, "uuid": "791e25e4-7e38-4d74-9056-9dd559219255", "inat_id": 309414539}}, {"type": "Feature", "geometry": {"type": "Point", "coordinates": [-105.1444555, 37.98755]}, "properties": {"species": "Cantharellus roseocanus", "date": "2025-08-31", "location": "Pike and San Isabel National Forests, Gardner, CO, US", "elevation": 3342.0, "land_cover_label": "Grassland", "water_mask": false, "exclude_reason": "keep", "ndvi": null, "soil_moisture": null, "solar_exposure": null, "wind_exposure": null, "water_retention": null, "slope": null, "aspect": null, "num_identification_agreements": 1, "cluster": 0, "tavg": null, "tmin": 11.0, "tmax": 26.0, "prcp_d0": 0.0, "prcp_d1": 0.0, "prcp_d2": 0.0, "prcp_d3": 0.0, "prcp_d4": 0.0, "prcp_d5": 0.0, "prcp_d6": 0.0, "tmax_d0": 13.6, "tmax_d1": 12.4, "tmax_d2": 17.1, "tmax_d3": 16.1, "tmax_d4": 15.9, "tmax_d5": 14.2, "tmax_d6": 14.5, "tmin_d0": 3.9, "tmin_d1": 5.7, "tmin_d2": 6.4, "tmin_d3": 6.0, "tmin_d4": 6.2, "tmin_d5": 6.8, "tmin_d6": 5.6, "day_of_year": 243, "uuid": "6a5aaf85-ab20-4bf4-9fcf-530d92c64f5c", "inat_id": 311483405}}, {"type": "Feature", "geometry": {"type": "Point", "coordinates": [-105.234703064, 36.3744926453]}, "properties": {"species": "Cantharellus roseocanus", "date": "2025-09-07", "location": "Angel Fire", "elevation": 3265.0, "land_cover_label": "Tree cover", "water_mask": false, "exclude_reason": "keep", "ndvi": null, "soil_moisture": null, "solar_exposure": null, "wind_exposure": null, "water_retention": null, "slope": null, "aspect": null, "num_identification_agreements": 1, "cluster": 0, "tavg": null, "tmin": 3.0, "tmax": 22.0, "prcp_d0": 0.0, "prcp_d1": 10.060251235961914, "prcp_d2": 9.092483520507812, "prcp_d3": 0.0, "prcp_d4": 0.0, "prcp_d5": 0.0, "prcp_d6": 0.0, "tmax_d0": 16.1, "tmax_d1": 13.8, "tmax_d2": 13.3, "tmax_d3": 17.2, "tmax_d4": 17.1, "tmax_d5": 16.4, "tmax_d6": 16.0, "tmin_d0": 3.1, "tmin_d1": 3.1, "tmin_d2": 4.6, "tmin_d3": 5.3, "tmin_d4": 4.7, "tmin_d5": 2.4, "tmin_d6": 2.0, "day_of_year": 250, "uuid": "593791a7-fd1d-4281-89a8-0904b8503152", "inat_id": 312254435}}, {"type": "Feature", "geometry": {"type": "Point", "coordinates": [-108.015625, 39.06765]}, "properties": {"species": "Cantharellus roseocanus", "date": "2025-09-13", "location": "Grand Mesa Uncompahgre and Gunnison National Forests, Molina, CO, US", "elevation": 3104.0, "land_cover_label": "Tree cover", "water_mask": false, "exclude_reason": "keep", "ndvi": null, "soil_moisture": null, "solar_exposure": null, "wind_exposure": null, "water_retention": null, "slope": null, "aspect": null, "num_identification_agreements": 2, "cluster": 0, "tavg": null, "tmin": 10.0, "tmax": 26.0, "prcp_d0": 8.732439994812012, "prcp_d1": 8.732439994812012, "prcp_d2": 0.0, "prcp_d3": 0.0, "prcp_d4": 11.41456699371338, "prcp_d5": 0.0, "prcp_d6": 0.0, "tmax_d0": 10.5, "tmax_d1": 11.5, "tmax_d2": 14.4, "tmax_d3": 17.3, "tmax_d4": 16.3, "tmax_d5": 16.5, "tmax_d6": 15.1, "tmin_d0": 1.4, "tmin_d1": 3.4, "tmin_d2": 5.2, "tmin_d3": 6.2, "tmin_d4": 6.5, "tmin_d5": 6.0, "tmin_d6": 4.4, "day_of_year": 256, "uuid": "91fee485-962c-4b8d-9ba4-f01cc72ffa45", "inat_id": 314865049}}, {"type": "Feature", "geometry": {"type": "Point", "coordinates": [-105.79704167, 35.80130833]}, "properties": {"species": "Cantharellus roseocanus", "date": "2025-09-16", "location": "Santa Fe, New Mexico, United States", "elevation": 3319.0, "land_cover_label": "Tree cover", "water_mask": false, "exclude_reason": "keep", "ndvi": null, "soil_moisture": null, "solar_exposure": null, "wind_exposure": null, "water_retention": null, "slope": null, "aspect": null, "num_identification_agreements": 1, "cluster": 0, "tavg": null, "tmin": 11.0, "tmax": 28.0, "prcp_d0": 0.0, "prcp_d1": 0.0, "prcp_d2": 0.0, "prcp_d3": 12.237910270690918, "prcp_d4": 0.0, "prcp_d5": 0.0, "prcp_d6": 11.76673412322998, "tmax_d0": 13.8, "tmax_d1": 14.3, "tmax_d2": 11.2, "tmax_d3": 12.3, "tmax_d4": 14.4, "tmax_d5": 14.2, "tmax_d6": 16.6, "tmin_d0": 5.0, "tmin_d1": 2.4, "tmin_d2": 1.3, "tmin_d3": 4.4, "tmin_d4": 5.5, "tmin_d5": 6.5, "tmin_d6": 7.2, "day_of_year": 259, "uuid": "53855b5f-0cea-4245-b64c-3b2bc3a38afc", "inat_id": 314604595}}, {"type": "Feature", "geometry": {"type": "Point", "coordinates": [-122.0594492555, 45.6473305453]}, "properties": {"species": "Cantharellus roseocanus", "date": "2025-09-28", "location": "Stevenson, WA 98648, USA", "elevation": 297.0, "land_cover_label": "Tree cover", "water_mask": false, "exclude_reason": "keep", "ndvi": null, "soil_moisture": null, "solar_exposure": null, "wind_exposure": null, "water_retention": null, "slope": null, "aspect": null, "num_identification_agreements": 2, "cluster": 0, "tavg": null, "tmin": 8.0, "tmax": 24.0, "prcp_d0": 0.0, "prcp_d1": 0.0, "prcp_d2": 0.0, "prcp_d3": 0.0, "prcp_d4": 0.0, "prcp_d5": 0.0, "prcp_d6": 0.0, "tmax_d0": 23.8, "tmax_d1": 25.5, "tmax_d2": 21.0, "tmax_d3": 26.1, "tmax_d4": 28.8, "tmax_d5": 24.0, "tmax_d6": 22.2, "tmin_d0": 11.3, "tmin_d1": 11.0, "tmin_d2": 8.3, "tmin_d3": 11.0, "tmin_d4": 12.2, "tmin_d5": 10.4, "tmin_d6": 6.8, "day_of_year": 271, "uuid": "81ac3cba-5861-4dd7-b95b-888c457a36a4", "inat_id": 317407264}}, {"type": "Feature", "geometry": {"type": "Point", "coordinates": [-105.7654953003, 35.8118553162]}, "properties": {"species": "Cantharellus roseocanus", "date": "2025-10-04", "location": "Santa Fe County, US-NM, US", "elevation": 3248.0, "land_cover_label": "Tree cover", "water_mask": false, "exclude_reason": "keep", "ndvi": null, "soil_moisture": null, "solar_exposure": null, "wind_exposure": null, "water_retention": null, "slope": null, "aspect": null, "num_identification_agreements": 2, "cluster": 0, "tavg": null, "tmin": 12.0, "tmax": 24.0, "prcp_d0": 0.0, "prcp_d1": 0.0, "prcp_d2": 0.0, "prcp_d3": 0.0, "prcp_d4": 0.0, "prcp_d5": 14.93651294708252, "prcp_d6": 0.0, "tmax_d0": 11.2, "tmax_d1": 14.5, "tmax_d2": 15.1, "tmax_d3": 12.7, "tmax_d4": 12.4, "tmax_d5": 11.5, "tmax_d6": 12.3, "tmin_d0": 2.5, "tmin_d1": 3.8, "tmin_d2": 4.6, "tmin_d3": 2.6, "tmin_d4": 1.5, "tmin_d5": 1.6, "tmin_d6": 1.3, "day_of_year": 277, "uuid": "9e3fc3dd-85b8-4807-8bf9-8f2a160020a4", "inat_id": 318693395}}, {"type": "Feature", "geometry": {"type": "Point", "coordinates": [-105.5567678217, 36.3847113616]}, "properties": {"species": "Cantharellus roseocanus", "date": "2026-07-27", "location": "New Mexico, US", "elevation": 2156.0, "land_cover_label": "Tree cover", "water_mask": false, "exclude_reason": "keep", "ndvi": null, "soil_moisture": null, "solar_exposure": null, "wind_exposure": null, "water_retention": null, "slope": null, "aspect": null, "num_identification_agreements": 1, "cluster": 0, "tavg": null, "tmin": 17.2, "tmax": 33.8, "prcp_d0": 7.068633556365967, "prcp_d1": 0.0, "prcp_d2": 0.0, "prcp_d3": 0.0, "prcp_d4": 0.0, "prcp_d5": 0.0, "prcp_d6": 0.0, "tmax_d0": 33.1, "tmax_d1": 32.1, "tmax_d2": 31.6, "tmax_d3": 30.8, "tmax_d4": 27.0, "tmax_d5": 29.7, "tmax_d6": 31.0, "tmin_d0": 15.2, "tmin_d1": 14.6, "tmin_d2": 12.5, "tmin_d3": 16.0, "tmin_d4": 14.5, "tmin_d5": 11.3, "tmin_d6": 11.6, "day_of_year": 208, "uuid": "81ff31a5-9064-4fb6-a1cd-3e2c7abb587a", "inat_id": 387988932}}, {"type": "Feature", "geometry": {"type": "Point", "coordinates": [-108.0168916667, 39.0665195]}, "properties": {"species": "Cantharellus roseocanus", "date": "2026-07-27", "location": "Lake of the Woods Trail, Molina, CO, US", "elevation": 3100.0, "land_cover_label": "Tree cover", "water_mask": false, "exclude_reason": "keep", "ndvi": null, "soil_moisture": null, "solar_exposure": null, "wind_exposure": null, "water_retention": null, "slope": null, "aspect": null, "num_identification_agreements": 1, "cluster": 0, "tavg": null, "tmin": 18.1, "tmax": 36.1, "prcp_d0": 0.0, "prcp_d1": 12.175570487976074, "prcp_d2": 0.0, "prcp_d3": 0.0, "prcp_d4": 0.0, "prcp_d5": 6.957157135009766, "prcp_d6": 6.957157135009766, "tmax_d0": 19.6, "tmax_d1": 22.0, "tmax_d2": 23.2, "tmax_d3": 21.9, "tmax_d4": 17.7, "tmax_d5": 21.6, "tmax_d6": 23.8, "tmin_d0": 10.3, "tmin_d1": 12.3, "tmin_d2": 12.4, "tmin_d3": 9.8, "tmin_d4": 8.7, "tmin_d5": 9.9, "tmin_d6": 11.3, "day_of_year": 208, "uuid": "d83b69ca-f953-41ec-89e0-30540dab8234", "inat_id": 385783705}}, {"type": "Feature", "geometry": {"type": "Point", "coordinates": [-105.3990480212, 36.2358865701]}, "properties": {"species": "Cantharellus roseocanus", "date": "2026-08-01", "location": "Mora County, US-NM, US", "elevation": 3388.0, "land_cover_label": "Tree cover", "water_mask": false, "exclude_reason": "keep", "ndvi": null, "soil_moisture": null, "solar_exposure": null, "wind_exposure": null, "water_retention": null, "slope": null, "aspect": null, "num_identification_agreements": 1, "cluster": 0, "tavg": null, "tmin": 8.7, "tmax": 24.1, "prcp_d0": null, "prcp_d1": 0.0, "prcp_d2": 0.0, "prcp_d3": 6.015603065490723, "prcp_d4": 12.031206130981444, "prcp_d5": 6.015603065490723, "prcp_d6": 6.015603065490723, "tmax_d0": 19.7, "tmax_d1": 21.5, "tmax_d2": 23.1, "tmax_d3": 21.7, "tmax_d4": 22.6, "tmax_d5": 23.0, "tmax_d6": 24.3, "tmin_d0": 6.8, "tmin_d1": 9.1, "tmin_d2": 10.0, "tmin_d3": 8.9, "tmin_d4": 8.8, "tmin_d5": 9.6, "tmin_d6": 9.1, "day_of_year": 213, "uuid": "4d052477-7ef9-4763-929b-ba7f9d06069f", "inat_id": 387375951}}, {"type": "Feature", "geometry": {"type": "Point", "coordinates": [-105.7734899124, 39.922400981]}, "properties": {"species": "Cantharellus roseocanus", "date": "2026-08-03", "location": "Colorado, US", "elevation": 2785.0, "land_cover_label": "Tree cover", "water_mask": false, "exclude_reason": "keep", "ndvi": null, "soil_moisture": 0.2563854109740318, "solar_exposure": 0.8132199645042419, "wind_exposure": 0.387503445148468, "water_retention": 0.1838788390159607, "slope": 8.21324634552002, "aspect": 280.8376770019531, "num_identification_agreements": 1, "cluster": 2, "tavg": null, "tmin": 6.0, "tmax": 18.0, "prcp_d0": null, "prcp_d1": null, "prcp_d2": null, "prcp_d3": 0.0, "prcp_d4": 0.0, "prcp_d5": 0.0, "prcp_d6": 35.76552200317383, "tmax_d0": 26.7, "tmax_d1": 27.6, "tmax_d2": 25.2, "tmax_d3": 23.9, "tmax_d4": 22.5, "tmax_d5": 25.3, "tmax_d6": 24.2, "tmin_d0": 10.5, "tmin_d1": 9.2, "tmin_d2": 9.2, "tmin_d3": 8.1, "tmin_d4": 10.4, "tmin_d5": 11.6, "tmin_d6": 10.7, "day_of_year": 215, "uuid": "9db8366c-84ff-4688-8185-1fd01deba0ab", "inat_id": 388077495}}, {"type": "Feature", "geometry": {"type": "Point", "coordinates": [-108.0025472167, 37.9287716667]}, "properties": {"species": "Cantharellus roseocanus", "date": "2026-08-17", "location": "Telluride, CO, US", "elevation": 2826.0, "land_cover_label": "Grassland", "water_mask": false, "exclude_reason": "keep", "ndvi": null, "soil_moisture": null, "solar_exposure": null, "wind_exposure": null, "water_retention": null, "slope": null, "aspect": null, "num_identification_agreements": 1, "cluster": null, "tavg": null, "tmin": 10.0, "tmax": 24.0, "prcp_d0": null, "prcp_d1": null, "prcp_d2": null, "prcp_d3": null, "prcp_d4": null, "prcp_d5": null, "prcp_d6": null, "tmax_d0": 23.6, "tmax_d1": 21.4, "tmax_d2": 20.5, "tmax_d3": 19.5, "tmax_d4": 19.8, "tmax_d5": 23.2, "tmax_d6": 22.6, "tmin_d0": 7.4, "tmin_d1": 6.0, "tmin_d2": 6.7, "tmin_d3": 7.0, "tmin_d4": 8.9, "tmin_d5": 9.7, "tmin_d6": 9.7, "day_of_year": 229, "uuid": "5f18e459-6936-41cb-83b8-57622e6adac8", "inat_id": 394534437}}, {"type": "Feature", "geometry": {"type": "Point", "coordinates": [-107.9343102782, 37.7783406373]}, "properties": {"species": "Cantharellus roseocanus", "date": "2026-08-18", "location": "Colorado, US", "elevation": 3015.0, "land_cover_label": "Tree cover", "water_mask": false, "exclude_reason": "keep", "ndvi": null, "soil_moisture": null, "solar_exposure": null, "wind_exposure": null, "water_retention": null, "slope": null, "aspect": null, "num_identification_agreements": 1, "cluster": null, "tavg": null, "tmin": 7.3, "tmax": 25.2, "prcp_d0": null, "prcp_d1": null, "prcp_d2": null, "prcp_d3": null, "prcp_d4": null, "prcp_d5": null, "prcp_d6": null, "tmax_d0": 22.1, "tmax_d1": 21.9, "tmax_d2": 20.3, "tmax_d3": 18.2, "tmax_d4": 17.6, "tmax_d5": 17.2, "tmax_d6": 19.5, "tmin_d0": 8.5, "tmin_d1": 7.3, "tmin_d2": 5.9, "tmin_d3": 6.8, "tmin_d4": 6.0, "tmin_d5": 8.6, "tmin_d6": 9.7, "day_of_year": 230, "uuid": "50ee2c3e-64e3-4335-9f29-c14682c7d7c3", "inat_id": 392985159}}, {"type": "Feature", "geometry": {"type": "Point", "coordinates": [-108.1820966667, 37.81488]}, "properties": {"species": "Cantharellus roseocanus", "date": "2026-08-18", "location": "County Road 52, Dolores, CO, US", "elevation": 3274.0, "land_cover_label": "Tree cover", "water_mask": false, "exclude_reason": "keep", "ndvi": null, "soil_moisture": null, "solar_exposure": null, "wind_exposure": null, "water_retention": null, "slope": null, "aspect": null, "num_identification_agreements": 1, "cluster": null, "tavg": null, "tmin": 7.3, "tmax": 25.2, "prcp_d0": null, "prcp_d1": null, "prcp_d2": null, "prcp_d3": null, "prcp_d4": null, "prcp_d5": null, "prcp_d6": null, "tmax_d0": 20.9, "tmax_d1": 21.6, "tmax_d2": 18.9, "tmax_d3": 16.6, "tmax_d4": 16.1, "tmax_d5": 16.6, "tmax_d6": 19.2, "tmin_d0": 7.6, "tmin_d1": 6.1, "tmin_d2": 4.9, "tmin_d3": 4.8, "tmin_d4": 5.9, "tmin_d5": 7.2, "tmin_d6": 7.6, "day_of_year": 230, "uuid": "5b2e859b-e38a-4158-9d84-0a4e8cc9fa4b", "inat_id": 392841227}}]}