{"type": "FeatureCollection", "features": [{"type": "Feature", "geometry": {"type": "Point", "coordinates": [-122.0915988889, 45.531506402]}, "properties": {"species": "Cantharellus formosus", "date": "2016-09-19", "location": "Multnomah County, OR, USA", "elevation": 1174.0, "land_cover_label": "Tree cover", "water_mask": false, "exclude_reason": "keep", "ndvi": null, "soil_moisture": null, "solar_exposure": null, "wind_exposure": null, "water_retention": null, "slope": null, "aspect": null, "num_identification_agreements": 2, "cluster": 0, "tavg": null, "tmin": 10.6, "tmax": 19.4, "prcp_d0": 0.0, "prcp_d1": 5.2046332359313965, "prcp_d2": 9.135275840759276, "prcp_d3": 0.0, "prcp_d4": 0.0, "prcp_d5": 0.0, "prcp_d6": 0.0, "tmax_d0": 10.9, "tmax_d1": 11.7, "tmax_d2": 18.4, "tmax_d3": 19.5, "tmax_d4": 18.4, "tmax_d5": 17.7, "tmax_d6": 18.0, "tmin_d0": 5.1, "tmin_d1": 8.4, "tmin_d2": 7.5, "tmin_d3": 4.6, "tmin_d4": 5.5, "tmin_d5": 3.5, "tmin_d6": 4.0, "day_of_year": 263, "uuid": "d95317de-ca84-4f06-87c1-332951f99b8e", "inat_id": 103570585}}, {"type": "Feature", "geometry": {"type": "Point", "coordinates": [-121.9527469575, 44.7748530896]}, "properties": {"species": "Cantharellus formosus", "date": "2016-10-14", "location": "Location: 44.774853, -121.952747", "elevation": 788.0, "land_cover_label": "Tree cover", "water_mask": false, "exclude_reason": "keep", "ndvi": null, "soil_moisture": null, "solar_exposure": null, "wind_exposure": null, "water_retention": null, "slope": null, "aspect": null, "num_identification_agreements": 1, "cluster": 1, "tavg": null, "tmin": null, "tmax": null, "prcp_d0": 26.73840713500977, "prcp_d1": 46.79221725463867, "prcp_d2": 0.0, "prcp_d3": 0.0, "prcp_d4": 0.0, "prcp_d5": 0.0, "prcp_d6": 0.0, "tmax_d0": 12.0, "tmax_d1": 16.4, "tmax_d2": 18.1, "tmax_d3": 13.1, "tmax_d4": 15.3, "tmax_d5": 17.1, "tmax_d6": 18.5, "tmin_d0": 7.2, "tmin_d1": 9.2, "tmin_d2": 2.5, "tmin_d3": 2.6, "tmin_d4": 7.7, "tmin_d5": 10.4, "tmin_d6": 8.7, "day_of_year": 288, "uuid": "dd5dfaa4-9769-46e4-b216-19eba375864a", "inat_id": 181655923}}, {"type": "Feature", "geometry": {"type": "Point", "coordinates": [-122.1405351162, 44.7466675186]}, "properties": {"species": "Cantharellus formosus", "date": "2017-11-10", "location": "NF-46, Oregon, USA", "elevation": 542.0, "land_cover_label": "Tree cover", "water_mask": false, "exclude_reason": "keep", "ndvi": null, "soil_moisture": null, "solar_exposure": null, "wind_exposure": null, "water_retention": null, "slope": null, "aspect": null, "num_identification_agreements": 1, "cluster": 1, "tavg": null, "tmin": null, "tmax": null, "prcp_d0": 0.0, "prcp_d1": 0.0, "prcp_d2": 40.3098030090332, "prcp_d3": 40.3098030090332, "prcp_d4": 0.0, "prcp_d5": 0.0, "prcp_d6": 0.0, "tmax_d0": 7.8, "tmax_d1": 8.1, "tmax_d2": 7.6, "tmax_d3": 7.1, "tmax_d4": 6.3, "tmax_d5": 4.8, "tmax_d6": 4.4, "tmin_d0": 2.6, "tmin_d1": 2.4, "tmin_d2": 3.1, "tmin_d3": -5.3, "tmin_d4": 1.6, "tmin_d5": 2.9, "tmin_d6": 1.8, "day_of_year": 314, "uuid": "c1116f83-5b4c-4d74-a441-3f55933c5d4c", "inat_id": 8772223}}, {"type": "Feature", "geometry": {"type": "Point", "coordinates": [-121.7215266296, 45.3168813939]}, "properties": {"species": "Cantharellus formosus", "date": "2018-09-19", "location": "Oregon, US", "elevation": 1537.0, "land_cover_label": "Tree cover", "water_mask": false, "exclude_reason": "keep", "ndvi": null, "soil_moisture": null, "solar_exposure": null, "wind_exposure": null, "water_retention": null, "slope": null, "aspect": null, "num_identification_agreements": 2, "cluster": 0, "tavg": null, "tmin": null, "tmax": null, "prcp_d0": 0.0, "prcp_d1": 0.0, "prcp_d2": 0.0, "prcp_d3": 9.503181457519531, "prcp_d4": 0.0, "prcp_d5": 0.0, "prcp_d6": 0.0, "tmax_d0": 11.9, "tmax_d1": 15.3, "tmax_d2": 12.5, "tmax_d3": 7.7, "tmax_d4": 10.2, "tmax_d5": 11.4, "tmax_d6": 9.1, "tmin_d0": 2.5, "tmin_d1": 3.1, "tmin_d2": -1.2, "tmin_d3": 2.8, "tmin_d4": 1.8, "tmin_d5": 2.2, "tmin_d6": 2.2, "day_of_year": 262, "uuid": "857f9276-b9ef-4fd6-ab40-5c95b03b42e8", "inat_id": 16783649}}, {"type": "Feature", "geometry": {"type": "Point", "coordinates": [-121.81, 45.31605]}, "properties": {"species": "Cantharellus formosus", "date": "2018-10-30", "location": "SW Mount Hood, Clackamas Co., Oregon, USA", "elevation": 916.0, "land_cover_label": "Tree cover", "water_mask": false, "exclude_reason": "keep", "ndvi": null, "soil_moisture": null, "solar_exposure": null, "wind_exposure": null, "water_retention": null, "slope": null, "aspect": null, "num_identification_agreements": 2, "cluster": 1, "tavg": null, "tmin": null, "tmax": null, "prcp_d0": 0.0, "prcp_d1": 42.974151611328125, "prcp_d2": 42.974151611328125, "prcp_d3": 0.0, "prcp_d4": 0.0, "prcp_d5": 0.0, "prcp_d6": 0.0, "tmax_d0": 8.3, "tmax_d1": 6.4, "tmax_d2": 12.1, "tmax_d3": 14.7, "tmax_d4": 11.9, "tmax_d5": 12.0, "tmax_d6": 11.3, "tmin_d0": 3.4, "tmin_d1": 3.0, "tmin_d2": 5.9, "tmin_d3": 4.9, "tmin_d4": 7.7, "tmin_d5": 5.0, "tmin_d6": 4.5, "day_of_year": 303, "uuid": "2c0b7d57-bce7-49c7-a16e-483a0548cedb", "inat_id": 18730235}}, {"type": "Feature", "geometry": {"type": "Point", "coordinates": [-122.5172189019, 44.9546364501]}, "properties": {"species": "Cantharellus formosus", "date": "2018-11-11", "location": "Oregon, US", "elevation": 679.0, "land_cover_label": "Tree cover", "water_mask": false, "exclude_reason": "keep", "ndvi": null, "soil_moisture": null, "solar_exposure": null, "wind_exposure": null, "water_retention": null, "slope": null, "aspect": null, "num_identification_agreements": 1, "cluster": 0, "tavg": null, "tmin": 3.9, "tmax": 15.0, "prcp_d0": 0.0, "prcp_d1": 0.0, "prcp_d2": 0.0, "prcp_d3": 0.0, "prcp_d4": 0.0, "prcp_d5": 0.0, "prcp_d6": 0.0, "tmax_d0": 13.2, "tmax_d1": 9.3, "tmax_d2": 12.2, "tmax_d3": 12.1, "tmax_d4": 8.0, "tmax_d5": 9.2, "tmax_d6": 9.6, "tmin_d0": 0.2, "tmin_d1": 0.2, "tmin_d2": -0.2, "tmin_d3": -2.0, "tmin_d4": 0.9, "tmin_d5": 4.8, "tmin_d6": 5.4, "day_of_year": 315, "uuid": "d770e3de-61df-42c7-827e-8ac3a652e458", "inat_id": 18339921}}, {"type": "Feature", "geometry": {"type": "Point", "coordinates": [-121.9802944444, 45.6801527778]}, "properties": {"species": "Cantharellus formosus", "date": "2019-08-11", "location": "Skamania, Washington, United States", "elevation": 596.0, "land_cover_label": "Tree cover", "water_mask": false, "exclude_reason": "keep", "ndvi": null, "soil_moisture": null, "solar_exposure": null, "wind_exposure": null, "water_retention": null, "slope": null, "aspect": null, "num_identification_agreements": 1, "cluster": 0, "tavg": null, "tmin": 16.1, "tmax": 24.4, "prcp_d0": 0.0, "prcp_d1": 18.886898040771484, "prcp_d2": 0.0, "prcp_d3": 0.0, "prcp_d4": 0.0, "prcp_d5": 0.0, "prcp_d6": 0.0, "tmax_d0": 18.8, "tmax_d1": 20.1, "tmax_d2": 23.1, "tmax_d3": 18.9, "tmax_d4": 25.4, "tmax_d5": 28.5, "tmax_d6": 30.0, "tmin_d0": 12.0, "tmin_d1": 10.0, "tmin_d2": 12.6, "tmin_d3": 13.9, "tmin_d4": 13.9, "tmin_d5": 14.0, "tmin_d6": 14.7, "day_of_year": 223, "uuid": "8c5ceb14-c17a-457b-b711-a0b2cd296c00", "inat_id": 32005670}}, {"type": "Feature", "geometry": {"type": "Point", "coordinates": [-121.8590187084, 45.2716405696]}, "properties": {"species": "Cantharellus formosus", "date": "2019-08-25", "location": "Mt. Hood National Forest, Rhododendron, OR, US", "elevation": 993.0, "land_cover_label": "Tree cover", "water_mask": false, "exclude_reason": "keep", "ndvi": null, "soil_moisture": null, "solar_exposure": null, "wind_exposure": null, "water_retention": null, "slope": null, "aspect": null, "num_identification_agreements": 1, "cluster": 0, "tavg": null, "tmin": null, "tmax": null, "prcp_d0": 0.0, "prcp_d1": 0.0, "prcp_d2": 0.0, "prcp_d3": 0.0, "prcp_d4": 12.89700412750244, "prcp_d5": 0.0, "prcp_d6": 0.0, "tmax_d0": 17.8, "tmax_d1": 20.2, "tmax_d2": 22.3, "tmax_d3": 15.7, "tmax_d4": 21.7, "tmax_d5": 22.5, "tmax_d6": 21.0, "tmin_d0": 9.2, "tmin_d1": 10.9, "tmin_d2": 7.7, "tmin_d3": 8.6, "tmin_d4": 9.9, "tmin_d5": 9.9, "tmin_d6": 9.3, "day_of_year": 237, "uuid": "28179c4c-351f-4b5c-a251-c3bb0870d290", "inat_id": 36089963}}, {"type": "Feature", "geometry": {"type": "Point", "coordinates": [-121.8092544749, 45.2664692721]}, "properties": {"species": "Cantharellus formosus", "date": "2019-09-13", "location": "Zigzag, OR 97049, USA", "elevation": 995.0, "land_cover_label": "Tree cover", "water_mask": false, "exclude_reason": "keep", "ndvi": null, "soil_moisture": null, "solar_exposure": null, "wind_exposure": null, "water_retention": null, "slope": null, "aspect": null, "num_identification_agreements": 1, "cluster": 2, "tavg": null, "tmin": null, "tmax": null, "prcp_d0": 0.0, "prcp_d1": 0.0, "prcp_d2": 0.0, "prcp_d3": 0.0, "prcp_d4": 0.0, "prcp_d5": 29.93491554260254, "prcp_d6": 0.0, "tmax_d0": 19.3, "tmax_d1": 21.8, "tmax_d2": 16.9, "tmax_d3": 14.6, "tmax_d4": 14.6, "tmax_d5": 16.2, "tmax_d6": 22.3, "tmin_d0": 9.5, "tmin_d1": 7.5, "tmin_d2": 8.6, "tmin_d3": 8.8, "tmin_d4": 7.8, "tmin_d5": 9.9, "tmin_d6": 13.1, "day_of_year": 256, "uuid": "089a5e80-0317-4b9d-82a9-e01cce9f9434", "inat_id": 32871121}}, {"type": "Feature", "geometry": {"type": "Point", "coordinates": [-122.3344989722, 44.8466549722]}, "properties": {"species": "Cantharellus formosus", "date": "2019-09-14", "location": "Lyons, OR 97358, USA", "elevation": 579.0, "land_cover_label": "Tree cover", "water_mask": false, "exclude_reason": "keep", "ndvi": null, "soil_moisture": null, "solar_exposure": null, "wind_exposure": null, "water_retention": null, "slope": null, "aspect": null, "num_identification_agreements": 1, "cluster": 0, "tavg": null, "tmin": null, "tmax": null, "prcp_d0": 0.0, "prcp_d1": 0.0, "prcp_d2": 0.0, "prcp_d3": 0.0, "prcp_d4": 0.0, "prcp_d5": 0.0, "prcp_d6": 0.0, "tmax_d0": 19.5, "tmax_d1": 21.5, "tmax_d2": 22.9, "tmax_d3": 18.6, "tmax_d4": 15.8, "tmax_d5": 15.7, "tmax_d6": 15.8, "tmin_d0": 10.6, "tmin_d1": 11.3, "tmin_d2": 8.2, "tmin_d3": 9.2, "tmin_d4": 9.9, "tmin_d5": 10.6, "tmin_d6": 11.3, "day_of_year": 257, "uuid": "12fdcc4d-4e60-43a2-a914-10a945b83761", "inat_id": 61742028}}, {"type": "Feature", "geometry": {"type": "Point", "coordinates": [-122.1957321167, 44.7303543091]}, "properties": {"species": "Cantharellus formosus", "date": "2019-09-24", "location": "Detroit, OR 97342, USA", "elevation": 635.0, "land_cover_label": "Tree cover", "water_mask": false, "exclude_reason": "keep", "ndvi": null, "soil_moisture": null, "solar_exposure": null, "wind_exposure": null, "water_retention": null, "slope": null, "aspect": null, "num_identification_agreements": 1, "cluster": 0, "tavg": null, "tmin": null, "tmax": null, "prcp_d0": 0.0, "prcp_d1": 0.0, "prcp_d2": 0.0, "prcp_d3": 0.0, "prcp_d4": 0.0, "prcp_d5": 0.0, "prcp_d6": 0.0, "tmax_d0": 18.3, "tmax_d1": 16.8, "tmax_d2": 18.7, "tmax_d3": 20.1, "tmax_d4": 15.0, "tmax_d5": 15.9, "tmax_d6": 13.1, "tmin_d0": 12.5, "tmin_d1": 10.4, "tmin_d2": 8.7, "tmin_d3": 10.2, "tmin_d4": 10.7, "tmin_d5": 6.7, "tmin_d6": 9.3, "day_of_year": 267, "uuid": "4189fd14-9d85-412c-9b35-ff0bd155ad56", "inat_id": 33326762}}, {"type": "Feature", "geometry": {"type": "Point", "coordinates": [-121.9430618979, 45.3248450274]}, "properties": {"species": "Cantharellus formosus", "date": "2019-10-13", "location": "Oregon, US", "elevation": 642.0, "land_cover_label": "Tree cover", "water_mask": false, "exclude_reason": "keep", "ndvi": null, "soil_moisture": null, "solar_exposure": null, "wind_exposure": null, "water_retention": null, "slope": null, "aspect": null, "num_identification_agreements": 2, "cluster": 0, "tavg": null, "tmin": 10.0, "tmax": 17.2, "prcp_d0": 0.0, "prcp_d1": 0.0, "prcp_d2": 0.0, "prcp_d3": 0.0, "prcp_d4": 0.0, "prcp_d5": 0.0, "prcp_d6": 0.0, "tmax_d0": 14.5, "tmax_d1": 16.0, "tmax_d2": 14.8, "tmax_d3": 12.2, "tmax_d4": 9.8, "tmax_d5": 13.7, "tmax_d6": 18.0, "tmin_d0": 6.2, "tmin_d1": 3.1, "tmin_d2": 3.8, "tmin_d3": -1.6, "tmin_d4": 2.6, "tmin_d5": 4.6, "tmin_d6": 3.4, "day_of_year": 286, "uuid": "ef8620c7-9288-4050-bcb3-fa6fc8214da7", "inat_id": 36724877}}, {"type": "Feature", "geometry": {"type": "Point", "coordinates": [-122.0702833333, 45.0914388333]}, "properties": {"species": "Cantharellus formosus", "date": "2019-10-17", "location": "Mt. Hood National Forest, Estacada, OR, US", "elevation": 471.0, "land_cover_label": "Tree cover", "water_mask": false, "exclude_reason": "keep", "ndvi": null, "soil_moisture": null, "solar_exposure": null, "wind_exposure": null, "water_retention": null, "slope": null, "aspect": null, "num_identification_agreements": 1, "cluster": 0, "tavg": null, "tmin": null, "tmax": null, "prcp_d0": 0.0, "prcp_d1": 0.0, "prcp_d2": 0.0, "prcp_d3": 0.0, "prcp_d4": 0.0, "prcp_d5": 0.0, "prcp_d6": 0.0, "tmax_d0": 12.2, "tmax_d1": 16.0, "tmax_d2": 16.5, "tmax_d3": 17.3, "tmax_d4": 14.5, "tmax_d5": 18.4, "tmax_d6": 14.7, "tmin_d0": 5.0, "tmin_d1": 6.7, "tmin_d2": 2.5, "tmin_d3": 3.5, "tmin_d4": 4.2, "tmin_d5": 1.0, "tmin_d6": 0.2, "day_of_year": 290, "uuid": "d3f00d33-5b25-444f-803c-772c7d313f3f", "inat_id": 105779616}}, {"type": "Feature", "geometry": {"type": "Point", "coordinates": [-121.9401058068, 45.2312143784]}, "properties": {"species": "Cantharellus formosus", "date": "2019-11-23", "location": "Oregon, US", "elevation": 1234.0, "land_cover_label": "Tree cover", "water_mask": false, "exclude_reason": "keep", "ndvi": null, "soil_moisture": null, "solar_exposure": null, "wind_exposure": null, "water_retention": null, "slope": null, "aspect": null, "num_identification_agreements": 1, "cluster": 2, "tavg": null, "tmin": null, "tmax": null, "prcp_d0": 0.0, "prcp_d1": 0.0, "prcp_d2": 0.0, "prcp_d3": 0.0, "prcp_d4": 0.0, "prcp_d5": 33.787776947021484, "prcp_d6": 0.0, "tmax_d0": 8.5, "tmax_d1": 7.7, "tmax_d2": 5.0, "tmax_d3": 4.8, "tmax_d4": 8.9, "tmax_d5": 10.1, "tmax_d6": 11.3, "tmin_d0": -1.3, "tmin_d1": -2.0, "tmin_d2": -0.8, "tmin_d3": -0.3, "tmin_d4": 2.8, "tmin_d5": 3.6, "tmin_d6": 4.8, "day_of_year": 327, "uuid": "038ff927-91d7-4f4d-99e0-38ea9c367cd1", "inat_id": 37033889}}, {"type": "Feature", "geometry": {"type": "Point", "coordinates": [-122.3582233333, 45.2996633333]}, "properties": {"species": "Cantharellus formosus", "date": "2020-02-09", "location": "Milo McIver State Park, OR, USA", "elevation": 119.0, "land_cover_label": "Tree cover", "water_mask": false, "exclude_reason": "keep", "ndvi": null, "soil_moisture": null, "solar_exposure": null, "wind_exposure": null, "water_retention": null, "slope": null, "aspect": null, "num_identification_agreements": 1, "cluster": 0, "tavg": null, "tmin": 3.3, "tmax": 6.7, "prcp_d0": 0.0, "prcp_d1": 0.0, "prcp_d2": 0.0, "prcp_d3": 0.0, "prcp_d4": 0.0, "prcp_d5": 0.0, "prcp_d6": 0.0, "tmax_d0": 8.3, "tmax_d1": 10.4, "tmax_d2": 12.2, "tmax_d3": 10.7, "tmax_d4": 9.2, "tmax_d5": 5.6, "tmax_d6": 5.5, "tmin_d0": 0.3, "tmin_d1": 4.7, "tmin_d2": 9.1, "tmin_d3": 9.0, "tmin_d4": 2.4, "tmin_d5": -1.0, "tmin_d6": -1.3, "day_of_year": 40, "uuid": "10bde19a-156a-4f99-95bf-fc223df1346f", "inat_id": 38495422}}, {"type": "Feature", "geometry": {"type": "Point", "coordinates": [-122.3015998, 45.2111086997]}, "properties": {"species": "Cantharellus formosus", "date": "2020-07-26", "location": "Estacada, OR 97023, USA", "elevation": 425.0, "land_cover_label": "Tree cover", "water_mask": false, "exclude_reason": "keep", "ndvi": null, "soil_moisture": null, "solar_exposure": null, "wind_exposure": null, "water_retention": null, "slope": null, "aspect": null, "num_identification_agreements": 1, "cluster": 0, "tavg": null, "tmin": 15.0, "tmax": 37.8, "prcp_d0": 0.0, "prcp_d1": 0.0, "prcp_d2": 0.0, "prcp_d3": 0.0, "prcp_d4": 0.0, "prcp_d5": 0.0, "prcp_d6": 0.0, "tmax_d0": 33.8, "tmax_d1": 23.6, "tmax_d2": 20.3, "tmax_d3": 22.8, "tmax_d4": 27.1, "tmax_d5": 28.9, "tmax_d6": 29.3, "tmin_d0": 11.2, "tmin_d1": 8.2, "tmin_d2": 9.2, "tmin_d3": 11.1, "tmin_d4": 14.3, "tmin_d5": 15.1, "tmin_d6": 11.5, "day_of_year": 208, "uuid": "0cd61bca-f06e-4117-bb9f-629b07bc7ca7", "inat_id": 54461788}}, {"type": "Feature", "geometry": {"type": "Point", "coordinates": [-122.2759632, 45.2101174]}, "properties": {"species": "Cantharellus formosus", "date": "2020-08-02", "location": "Estacada, OR 97023, USA", "elevation": 450.0, "land_cover_label": "Tree cover", "water_mask": false, "exclude_reason": "keep", "ndvi": null, "soil_moisture": null, "solar_exposure": null, "wind_exposure": null, "water_retention": null, "slope": null, "aspect": null, "num_identification_agreements": 1, "cluster": 0, "tavg": null, "tmin": 14.4, "tmax": 29.4, "prcp_d0": 0.0, "prcp_d1": 0.0, "prcp_d2": 0.0, "prcp_d3": 0.0, "prcp_d4": 0.0, "prcp_d5": 6.230223178863525, "prcp_d6": 0.0, "tmax_d0": 26.1, "tmax_d1": 26.6, "tmax_d2": 30.6, "tmax_d3": 31.6, "tmax_d4": 30.0, "tmax_d5": 32.6, "tmax_d6": 34.2, "tmin_d0": 11.6, "tmin_d1": 13.8, "tmin_d2": 16.2, "tmin_d3": 13.1, "tmin_d4": 10.9, "tmin_d5": 15.6, "tmin_d6": 16.5, "day_of_year": 215, "uuid": "41a9ffc5-6019-47ee-890a-d4534c09f956", "inat_id": 55283364}}, {"type": "Feature", "geometry": {"type": "Point", "coordinates": [-122.2779776997, 45.1824774997]}, "properties": {"species": "Cantharellus formosus", "date": "2020-08-08", "location": "Estacada, OR 97023, USA", "elevation": 513.0, "land_cover_label": "Tree cover", "water_mask": false, "exclude_reason": "keep", "ndvi": null, "soil_moisture": null, "solar_exposure": null, "wind_exposure": null, "water_retention": null, "slope": null, "aspect": null, "num_identification_agreements": 1, "cluster": 0, "tavg": null, "tmin": 14.4, "tmax": 25.6, "prcp_d0": 0.0, "prcp_d1": 0.0, "prcp_d2": 0.0, "prcp_d3": 0.0, "prcp_d4": 0.0, "prcp_d5": 0.0, "prcp_d6": 0.0, "tmax_d0": 21.3, "tmax_d1": 20.8, "tmax_d2": 24.3, "tmax_d3": 25.5, "tmax_d4": 26.1, "tmax_d5": 24.9, "tmax_d6": 25.7, "tmin_d0": 9.8, "tmin_d1": 8.7, "tmin_d2": 11.0, "tmin_d3": 13.3, "tmin_d4": 9.2, "tmin_d5": 13.0, "tmin_d6": 11.3, "day_of_year": 221, "uuid": "f93bb84b-9502-4887-829e-e8c62d1ad4c6", "inat_id": 55876803}}, {"type": "Feature", "geometry": {"type": "Point", "coordinates": [-122.2820420997, 45.2032406]}, "properties": {"species": "Cantharellus formosus", "date": "2020-08-23", "location": "Estacada, OR 97023, USA", "elevation": 526.0, "land_cover_label": "Tree cover", "water_mask": false, "exclude_reason": "keep", "ndvi": null, "soil_moisture": null, "solar_exposure": null, "wind_exposure": null, "water_retention": null, "slope": null, "aspect": null, "num_identification_agreements": 1, "cluster": 0, "tavg": null, "tmin": 12.8, "tmax": 29.4, "prcp_d0": 0.0, "prcp_d1": 0.0, "prcp_d2": 0.0, "prcp_d3": 0.0, "prcp_d4": 0.0, "prcp_d5": 9.37002182006836, "prcp_d6": 0.0, "tmax_d0": 24.9, "tmax_d1": 22.3, "tmax_d2": 24.4, "tmax_d3": 27.1, "tmax_d4": 27.4, "tmax_d5": 30.0, "tmax_d6": 31.5, "tmin_d0": 9.5, "tmin_d1": 13.1, "tmin_d2": 15.6, "tmin_d3": 13.6, "tmin_d4": 10.5, "tmin_d5": 16.1, "tmin_d6": 17.4, "day_of_year": 236, "uuid": "344d2a89-42fa-4454-b4b1-09af3a3ff9b2", "inat_id": 57400101}}, {"type": "Feature", "geometry": {"type": "Point", "coordinates": [-121.8876708319, 45.4041415879]}, "properties": {"species": "Cantharellus formosus", "date": "2020-10-03", "location": "Oregon, US", "elevation": 796.0, "land_cover_label": "Tree cover", "water_mask": false, "exclude_reason": "keep", "ndvi": null, "soil_moisture": null, "solar_exposure": null, "wind_exposure": null, "water_retention": null, "slope": null, "aspect": null, "num_identification_agreements": 2, "cluster": 0, "tavg": null, "tmin": 12.8, "tmax": 25.0, "prcp_d0": 0.0, "prcp_d1": 0.0, "prcp_d2": 0.0, "prcp_d3": 0.0, "prcp_d4": 0.0, "prcp_d5": 0.0, "prcp_d6": 0.0, "tmax_d0": 23.3, "tmax_d1": 24.8, "tmax_d2": 27.9, "tmax_d3": 27.1, "tmax_d4": 28.5, "tmax_d5": 24.9, "tmax_d6": 20.1, "tmin_d0": 6.0, "tmin_d1": 8.9, "tmin_d2": 7.7, "tmin_d3": 7.6, "tmin_d4": 13.6, "tmin_d5": 8.8, "tmin_d6": 8.4, "day_of_year": 277, "uuid": "b4d10f43-7136-4cdd-a572-223e8712cc5e", "inat_id": 61751931}}, {"type": "Feature", "geometry": {"type": "Point", "coordinates": [-121.8571897579, 45.2568496545]}, "properties": {"species": "Cantharellus formosus", "date": "2020-10-24", "location": "Oregon, US", "elevation": 1331.0, "land_cover_label": "Tree cover", "water_mask": false, "exclude_reason": "keep", "ndvi": null, "soil_moisture": null, "solar_exposure": null, "wind_exposure": null, "water_retention": null, "slope": null, "aspect": null, "num_identification_agreements": 1, "cluster": 0, "tavg": null, "tmin": null, "tmax": null, "prcp_d0": 0.0, "prcp_d1": 0.0, "prcp_d2": 0.0, "prcp_d3": 0.0, "prcp_d4": 0.0, "prcp_d5": 0.0, "prcp_d6": 0.0, "tmax_d0": 6.2, "tmax_d1": 4.7, "tmax_d2": 5.4, "tmax_d3": 5.9, "tmax_d4": 7.7, "tmax_d5": 8.3, "tmax_d6": 8.6, "tmin_d0": -1.3, "tmin_d1": -2.9, "tmin_d2": -5.7, "tmin_d3": 1.1, "tmin_d4": 1.8, "tmin_d5": 5.3, "tmin_d6": 4.1, "day_of_year": 298, "uuid": "25fc4e04-89ba-4da1-8578-ed032d326589", "inat_id": 63452268}}, {"type": "Feature", "geometry": {"type": "Point", "coordinates": [-121.911921896, 45.2123620171]}, "properties": {"species": "Cantharellus formosus", "date": "2020-11-01", "location": "Oregon, US", "elevation": 1209.0, "land_cover_label": "Tree cover", "water_mask": false, "exclude_reason": "keep", "ndvi": null, "soil_moisture": null, "solar_exposure": null, "wind_exposure": null, "water_retention": null, "slope": null, "aspect": null, "num_identification_agreements": 1, "cluster": 0, "tavg": null, "tmin": null, "tmax": null, "prcp_d0": 0.0, "prcp_d1": 1.7987874746322632, "prcp_d2": 8.938626289367676, "prcp_d3": 0.0, "prcp_d4": 0.0, "prcp_d5": 0.0, "prcp_d6": 0.1987675428390503, "tmax_d0": 13.5, "tmax_d1": 9.6, "tmax_d2": 13.3, "tmax_d3": 16.4, "tmax_d4": 16.7, "tmax_d5": 11.9, "tmax_d6": 8.5, "tmin_d0": 4.4, "tmin_d1": -2.2, "tmin_d2": 3.6, "tmin_d3": 4.9, "tmin_d4": 2.3, "tmin_d5": -1.5, "tmin_d6": -4.7, "day_of_year": 306, "uuid": "1f6387d7-33e4-4073-a43e-d231d1478853", "inat_id": 64016666}}, {"type": "Feature", "geometry": {"type": "Point", "coordinates": [-122.1966168973, 45.4439006365]}, "properties": {"species": "Cantharellus formosus", "date": "2020-11-21", "location": "Oregon, US", "elevation": 392.0, "land_cover_label": "Tree cover", "water_mask": false, "exclude_reason": "keep", "ndvi": null, "soil_moisture": null, "solar_exposure": null, "wind_exposure": null, "water_retention": null, "slope": null, "aspect": null, "num_identification_agreements": 1, "cluster": 1, "tavg": null, "tmin": 3.9, "tmax": 8.9, "prcp_d0": 0.0, "prcp_d1": 0.0, "prcp_d2": 23.930606842041016, "prcp_d3": 0.0, "prcp_d4": 47.86121368408203, "prcp_d5": 0.0, "prcp_d6": 0.0, "tmax_d0": 13.8, "tmax_d1": 9.9, "tmax_d2": 6.7, "tmax_d3": 9.8, "tmax_d4": 13.1, "tmax_d5": 14.6, "tmax_d6": 10.2, "tmin_d0": -3.1, "tmin_d1": -0.8, "tmin_d2": 3.5, "tmin_d3": 4.8, "tmin_d4": 8.8, "tmin_d5": 5.6, "tmin_d6": 4.1, "day_of_year": 326, "uuid": "4e7a0488-f2da-4ebb-9320-8b54c644c0bd", "inat_id": 65385537}}, {"type": "Feature", "geometry": {"type": "Point", "coordinates": [-122.0785180236, 45.5789050774]}, "properties": {"species": "Cantharellus formosus", "date": "2020-11-21", "location": "Oregon, US", "elevation": 486.0, "land_cover_label": "Tree cover", "water_mask": false, "exclude_reason": "keep", "ndvi": null, "soil_moisture": null, "solar_exposure": null, "wind_exposure": null, "water_retention": null, "slope": null, "aspect": null, "num_identification_agreements": 1, "cluster": 1, "tavg": null, "tmin": 3.9, "tmax": 8.9, "prcp_d0": 0.0, "prcp_d1": 0.0, "prcp_d2": 34.15902328491211, "prcp_d3": 0.0, "prcp_d4": 68.31804656982422, "prcp_d5": 0.0, "prcp_d6": 0.0, "tmax_d0": 8.6, "tmax_d1": 8.5, "tmax_d2": 5.4, "tmax_d3": 8.0, "tmax_d4": 10.9, "tmax_d5": 8.8, "tmax_d6": 9.0, "tmin_d0": -0.8, "tmin_d1": -0.9, "tmin_d2": 2.9, "tmin_d3": 3.4, "tmin_d4": 5.8, "tmin_d5": 4.4, "tmin_d6": 2.0, "day_of_year": 326, "uuid": "d3f5f320-46f8-44f8-8236-194ac5b8e141", "inat_id": 65385542}}, {"type": "Feature", "geometry": {"type": "Point", "coordinates": [-122.016057, 45.6426459722]}, "properties": {"species": "Cantharellus formosus", "date": "2021-01-09", "location": "Stevenson, WA 98648, USA", "elevation": 295.0, "land_cover_label": "Tree cover", "water_mask": false, "exclude_reason": "keep", "ndvi": null, "soil_moisture": null, "solar_exposure": null, "wind_exposure": null, "water_retention": null, "slope": null, "aspect": null, "num_identification_agreements": 1, "cluster": 2, "tavg": null, "tmin": 2.8, "tmax": 7.8, "prcp_d0": 0.0, "prcp_d1": 19.60295486450196, "prcp_d2": 13.068636894226074, "prcp_d3": 19.60295486450196, "prcp_d4": 0.0, "prcp_d5": 24.741134643554688, "prcp_d6": 37.11170196533203, "tmax_d0": 5.4, "tmax_d1": 6.2, "tmax_d2": 7.1, "tmax_d3": 5.6, "tmax_d4": 6.3, "tmax_d5": 7.3, "tmax_d6": 7.9, "tmin_d0": -1.4, "tmin_d1": 2.5, "tmin_d2": 3.9, "tmin_d3": 3.0, "tmin_d4": 0.2, "tmin_d5": 4.3, "tmin_d6": 4.1, "day_of_year": 9, "uuid": "6e5c38a9-9cf1-4aec-b335-79952d31cfcb", "inat_id": 67859750}}, {"type": "Feature", "geometry": {"type": "Point", "coordinates": [-121.9630113848, 45.3014965479]}, "properties": {"species": "Cantharellus formosus", "date": "2021-08-30", "location": "Oregon, US", "elevation": 504.0, "land_cover_label": "Tree cover", "water_mask": false, "exclude_reason": "keep", "ndvi": null, "soil_moisture": null, "solar_exposure": null, "wind_exposure": null, "water_retention": null, "slope": null, "aspect": null, "num_identification_agreements": 1, "cluster": 0, "tavg": null, "tmin": 11.1, "tmax": 21.7, "prcp_d0": 0.0, "prcp_d1": 0.0, "prcp_d2": 0.0, "prcp_d3": 0.0, "prcp_d4": 6.442216873168945, "prcp_d5": 0.0, "prcp_d6": 0.0, "tmax_d0": 24.0, "tmax_d1": 26.6, "tmax_d2": 27.0, "tmax_d3": 19.3, "tmax_d4": 19.9, "tmax_d5": 25.0, "tmax_d6": 25.9, "tmin_d0": 9.6, "tmin_d1": 6.9, "tmin_d2": 6.7, "tmin_d3": 11.6, "tmin_d4": 11.7, "tmin_d5": 7.1, "tmin_d6": 5.8, "day_of_year": 242, "uuid": "691d8306-03da-4f12-9fed-7e7f0a32c18e", "inat_id": 93224961}}, {"type": "Feature", "geometry": {"type": "Point", "coordinates": [-121.9872701285, 45.3343202471]}, "properties": {"species": "Cantharellus formosus", "date": "2021-08-30", "location": "Oregon, US", "elevation": 701.0, "land_cover_label": "Tree cover", "water_mask": false, "exclude_reason": "keep", "ndvi": null, "soil_moisture": null, "solar_exposure": null, "wind_exposure": null, "water_retention": null, "slope": null, "aspect": null, "num_identification_agreements": 2, "cluster": 0, "tavg": null, "tmin": 11.1, "tmax": 21.7, "prcp_d0": 0.0, "prcp_d1": 0.0, "prcp_d2": 0.0, "prcp_d3": 0.0, "prcp_d4": 6.442216873168945, "prcp_d5": 0.0, "prcp_d6": 0.0, "tmax_d0": 22.0, "tmax_d1": 25.0, "tmax_d2": 25.3, "tmax_d3": 17.1, "tmax_d4": 17.8, "tmax_d5": 22.9, "tmax_d6": 23.8, "tmin_d0": 7.9, "tmin_d1": 4.8, "tmin_d2": 2.5, "tmin_d3": 9.4, "tmin_d4": 9.6, "tmin_d5": 6.8, "tmin_d6": 3.6, "day_of_year": 242, "uuid": "208d6aed-ceb1-429b-b139-6f680e5c0d09", "inat_id": 93224968}}, {"type": "Feature", "geometry": {"type": "Point", "coordinates": [-121.8274868484, 45.3699980889]}, "properties": {"species": "Cantharellus formosus", "date": "2021-08-30", "location": "Oregon, US", "elevation": 879.0, "land_cover_label": "Tree cover", "water_mask": false, "exclude_reason": "keep", "ndvi": null, "soil_moisture": null, "solar_exposure": null, "wind_exposure": null, "water_retention": null, "slope": null, "aspect": null, "num_identification_agreements": 2, "cluster": 0, "tavg": null, "tmin": 11.1, "tmax": 21.7, "prcp_d0": 0.0, "prcp_d1": 0.0, "prcp_d2": 0.0, "prcp_d3": 0.0, "prcp_d4": 11.987229347229004, "prcp_d5": 0.0, "prcp_d6": 0.0, "tmax_d0": 22.3, "tmax_d1": 25.4, "tmax_d2": 25.8, "tmax_d3": 17.1, "tmax_d4": 17.8, "tmax_d5": 23.0, "tmax_d6": 23.6, "tmin_d0": 9.1, "tmin_d1": 9.3, "tmin_d2": 6.2, "tmin_d3": 9.2, "tmin_d4": 8.9, "tmin_d5": 8.8, "tmin_d6": 6.2, "day_of_year": 242, "uuid": "ef0e8da9-ba27-48a4-9a12-077688eb8248", "inat_id": 93208054}}, {"type": "Feature", "geometry": {"type": "Point", "coordinates": [-122.2781614997, 45.1831825]}, "properties": {"species": "Cantharellus formosus", "date": "2021-09-06", "location": "Estacada, OR 97023, USA", "elevation": 513.0, "land_cover_label": "Tree cover", "water_mask": false, "exclude_reason": "keep", "ndvi": null, "soil_moisture": null, "solar_exposure": null, "wind_exposure": null, "water_retention": null, "slope": null, "aspect": null, "num_identification_agreements": 1, "cluster": 0, "tavg": null, "tmin": 16.1, "tmax": 29.4, "prcp_d0": 0.0, "prcp_d1": 0.0, "prcp_d2": 0.0, "prcp_d3": 0.0, "prcp_d4": 0.0, "prcp_d5": 0.0, "prcp_d6": 0.0, "tmax_d0": 24.3, "tmax_d1": 25.1, "tmax_d2": 25.4, "tmax_d3": 24.9, "tmax_d4": 24.2, "tmax_d5": 20.9, "tmax_d6": 17.5, "tmin_d0": 10.9, "tmin_d1": 10.3, "tmin_d2": 9.3, "tmin_d3": 7.5, "tmin_d4": 6.2, "tmin_d5": 5.0, "tmin_d6": 9.4, "day_of_year": 249, "uuid": "0b050706-370f-434a-a25f-1497bd103c2d", "inat_id": 94297202}}, {"type": "Feature", "geometry": {"type": "Point", "coordinates": [-122.0073996484, 45.343238554]}, "properties": {"species": "Cantharellus formosus", "date": "2021-09-21", "location": "Welches, OR 97067, USA", "elevation": 883.0, "land_cover_label": "Tree cover", "water_mask": false, "exclude_reason": "keep", "ndvi": null, "soil_moisture": null, "solar_exposure": null, "wind_exposure": null, "water_retention": null, "slope": null, "aspect": null, "num_identification_agreements": 1, "cluster": 1, "tavg": null, "tmin": 13.3, "tmax": 28.3, "prcp_d0": 0.0, "prcp_d1": 0.0, "prcp_d2": 52.36587142944336, "prcp_d3": 52.36587142944336, "prcp_d4": 0.0, "prcp_d5": 0.0, "prcp_d6": 0.0, "tmax_d0": 23.4, "tmax_d1": 17.4, "tmax_d2": 10.8, "tmax_d3": 18.8, "tmax_d4": 19.9, "tmax_d5": 18.2, "tmax_d6": 19.8, "tmin_d0": 7.4, "tmin_d1": 7.9, "tmin_d2": 6.1, "tmin_d3": 9.1, "tmin_d4": 5.4, "tmin_d5": 1.3, "tmin_d6": 9.8, "day_of_year": 264, "uuid": "e2ea3ad8-b933-4f98-9054-b561b4b16b13", "inat_id": 96018538}}, {"type": "Feature", "geometry": {"type": "Point", "coordinates": [-121.914156, 45.334773]}, "properties": {"species": "Cantharellus formosus", "date": "2021-09-29", "location": "mt hood national forest ", "elevation": 523.0, "land_cover_label": "Tree cover", "water_mask": false, "exclude_reason": "keep", "ndvi": null, "soil_moisture": null, "solar_exposure": null, "wind_exposure": null, "water_retention": null, "slope": null, "aspect": null, "num_identification_agreements": 2, "cluster": 0, "tavg": null, "tmin": 8.9, "tmax": 20.0, "prcp_d0": 0.0, "prcp_d1": 0.0, "prcp_d2": 0.0, "prcp_d3": 0.0, "prcp_d4": 0.0, "prcp_d5": 0.0, "prcp_d6": 0.0, "tmax_d0": 17.6, "tmax_d1": 11.2, "tmax_d2": 19.8, "tmax_d3": 22.3, "tmax_d4": 26.0, "tmax_d5": 26.9, "tmax_d6": 22.6, "tmin_d0": 4.6, "tmin_d1": 8.1, "tmin_d2": 10.3, "tmin_d3": 9.9, "tmin_d4": 12.7, "tmin_d5": 9.9, "tmin_d6": 11.3, "day_of_year": 272, "uuid": "5e32379b-e7b3-412e-8a8e-f965ac0d5b02", "inat_id": 96968717}}, {"type": "Feature", "geometry": {"type": "Point", "coordinates": [-122.1281797047, 45.385965902]}, "properties": {"species": "Cantharellus formosus", "date": "2021-10-02", "location": "Oregon, US", "elevation": 269.0, "land_cover_label": "Tree cover", "water_mask": false, "exclude_reason": "keep", "ndvi": null, "soil_moisture": null, "solar_exposure": null, "wind_exposure": null, "water_retention": null, "slope": null, "aspect": null, "num_identification_agreements": 1, "cluster": 0, "tavg": null, "tmin": 6.1, "tmax": 21.7, "prcp_d0": 0.0, "prcp_d1": 0.0, "prcp_d2": 0.0, "prcp_d3": 0.0, "prcp_d4": 0.0, "prcp_d5": 0.0, "prcp_d6": 0.0, "tmax_d0": 19.9, "tmax_d1": 18.4, "tmax_d2": 16.1, "tmax_d3": 18.9, "tmax_d4": 12.6, "tmax_d5": 21.2, "tmax_d6": 24.1, "tmin_d0": 5.2, "tmin_d1": 7.2, "tmin_d2": 10.1, "tmin_d3": 6.2, "tmin_d4": 9.6, "tmin_d5": 12.1, "tmin_d6": 10.6, "day_of_year": 275, "uuid": "1b8938f2-0caa-4120-9d8f-21db17ef8776", "inat_id": 97073093}}, {"type": "Feature", "geometry": {"type": "Point", "coordinates": [-122.1186944605, 45.538913663]}, "properties": {"species": "Cantharellus formosus", "date": "2021-10-03", "location": "Zigzag Ranger Station, Corbett, OR, US", "elevation": 800.0, "land_cover_label": "Tree cover", "water_mask": false, "exclude_reason": "keep", "ndvi": null, "soil_moisture": null, "solar_exposure": null, "wind_exposure": null, "water_retention": null, "slope": null, "aspect": null, "num_identification_agreements": 1, "cluster": 0, "tavg": null, "tmin": 7.2, "tmax": 21.7, "prcp_d0": 0.0, "prcp_d1": 0.0, "prcp_d2": 0.0, "prcp_d3": 0.0, "prcp_d4": 0.0, "prcp_d5": 0.0, "prcp_d6": 0.0, "tmax_d0": 14.9, "tmax_d1": 16.9, "tmax_d2": 16.0, "tmax_d3": 12.4, "tmax_d4": 14.8, "tmax_d5": 9.0, "tmax_d6": 16.6, "tmin_d0": 6.0, "tmin_d1": 3.1, "tmin_d2": 5.1, "tmin_d3": 9.4, "tmin_d4": 3.6, "tmin_d5": 6.2, "tmin_d6": 8.5, "day_of_year": 276, "uuid": "3281eff1-bed2-4b4b-9cdf-6d1cd811d6f3", "inat_id": 97098700}}, {"type": "Feature", "geometry": {"type": "Point", "coordinates": [-121.4445432053, 45.5484541136]}, "properties": {"species": "Cantharellus formosus", "date": "2021-10-07", "location": "Oregon, US", "elevation": 971.0, "land_cover_label": "Tree cover", "water_mask": false, "exclude_reason": "keep", "ndvi": null, "soil_moisture": null, "solar_exposure": null, "wind_exposure": null, "water_retention": null, "slope": null, "aspect": null, "num_identification_agreements": 1, "cluster": 0, "tavg": null, "tmin": 3.9, "tmax": 20.0, "prcp_d0": 0.0, "prcp_d1": 3.5430757999420166, "prcp_d2": 3.5238277912139893, "prcp_d3": 0.0, "prcp_d4": 0.0, "prcp_d5": 0.0, "prcp_d6": 0.0, "tmax_d0": 11.2, "tmax_d1": 11.2, "tmax_d2": 16.2, "tmax_d3": 17.2, "tmax_d4": 18.4, "tmax_d5": 17.1, "tmax_d6": 14.2, "tmin_d0": -1.3, "tmin_d1": 1.3, "tmin_d2": 5.2, "tmin_d3": 6.4, "tmin_d4": 4.0, "tmin_d5": 3.5, "tmin_d6": 2.9, "day_of_year": 280, "uuid": "8065b556-6856-4826-a42d-f29e33e3fa25", "inat_id": 97505713}}, {"type": "Feature", "geometry": {"type": "Point", "coordinates": [-121.6573141584, 45.2951655889]}, "properties": {"species": "Cantharellus formosus", "date": "2021-10-09", "location": "Oregon, US", "elevation": 1202.0, "land_cover_label": "Tree cover", "water_mask": false, "exclude_reason": "keep", "ndvi": null, "soil_moisture": null, "solar_exposure": null, "wind_exposure": null, "water_retention": null, "slope": null, "aspect": null, "num_identification_agreements": 2, "cluster": 0, "tavg": null, "tmin": null, "tmax": null, "prcp_d0": 0.0, "prcp_d1": 0.0, "prcp_d2": 0.0, "prcp_d3": 27.63665199279785, "prcp_d4": 35.02190399169922, "prcp_d5": 0.0, "prcp_d6": 0.0, "tmax_d0": 8.7, "tmax_d1": 9.7, "tmax_d2": 11.1, "tmax_d3": 7.7, "tmax_d4": 15.7, "tmax_d5": 16.7, "tmax_d6": 17.9, "tmin_d0": 1.0, "tmin_d1": 2.8, "tmin_d2": 0.4, "tmin_d3": 1.2, "tmin_d4": 7.7, "tmin_d5": 9.5, "tmin_d6": 5.9, "day_of_year": 282, "uuid": "e07d260f-9bb1-4e8b-b23a-8b471ba2808c", "inat_id": 97724349}}, {"type": "Feature", "geometry": {"type": "Point", "coordinates": [-122.1486587309, 45.4958345368]}, "properties": {"species": "Cantharellus formosus", "date": "2021-10-14", "location": "Corbett, Corbett, OR, US", "elevation": 607.0, "land_cover_label": "Tree cover", "water_mask": false, "exclude_reason": "keep", "ndvi": null, "soil_moisture": null, "solar_exposure": null, "wind_exposure": null, "water_retention": null, "slope": null, "aspect": null, "num_identification_agreements": 3, "cluster": 0, "tavg": null, "tmin": 10.0, "tmax": 13.3, "prcp_d0": 0.0, "prcp_d1": 0.0, "prcp_d2": 0.0, "prcp_d3": 0.0, "prcp_d4": 0.0, "prcp_d5": 0.0, "prcp_d6": 0.0, "tmax_d0": 9.1, "tmax_d1": 7.3, "tmax_d2": 8.6, "tmax_d3": 6.6, "tmax_d4": 10.7, "tmax_d5": 11.9, "tmax_d6": 11.4, "tmin_d0": 4.6, "tmin_d1": 2.9, "tmin_d2": 0.4, "tmin_d3": 3.5, "tmin_d4": 5.6, "tmin_d5": 4.7, "tmin_d6": 3.7, "day_of_year": 287, "uuid": "a2141ffe-9f45-40b6-ba42-85e7e9438eb9", "inat_id": 98249901}}, {"type": "Feature", "geometry": {"type": "Point", "coordinates": [-122.0910683524, 45.5131635341]}, "properties": {"species": "Cantharellus formosus", "date": "2021-10-23", "location": "Oregon, US", "elevation": 866.0, "land_cover_label": "Tree cover", "water_mask": false, "exclude_reason": "keep", "ndvi": null, "soil_moisture": null, "solar_exposure": null, "wind_exposure": null, "water_retention": null, "slope": null, "aspect": null, "num_identification_agreements": 1, "cluster": 1, "tavg": null, "tmin": 10.6, "tmax": 11.7, "prcp_d0": 0.0, "prcp_d1": 40.42729949951172, "prcp_d2": 0.0, "prcp_d3": 8.19781494140625, "prcp_d4": 0.0, "prcp_d5": 0.0, "prcp_d6": 24.593446731567383, "tmax_d0": 7.8, "tmax_d1": 12.9, "tmax_d2": 16.2, "tmax_d3": 12.2, "tmax_d4": 14.6, "tmax_d5": 9.5, "tmax_d6": 12.7, "tmin_d0": 2.5, "tmin_d1": 4.9, "tmin_d2": 4.5, "tmin_d3": 5.7, "tmin_d4": -0.4, "tmin_d5": 3.5, "tmin_d6": 5.6, "day_of_year": 296, "uuid": "156955c2-fe89-4520-a094-a31469137e24", "inat_id": 99147418}}, {"type": "Feature", "geometry": {"type": "Point", "coordinates": [-122.1168103069, 45.5402400463]}, "properties": {"species": "Cantharellus formosus", "date": "2021-10-28", "location": "Multnomah County, US-OR, US", "elevation": 800.0, "land_cover_label": "Tree cover", "water_mask": false, "exclude_reason": "keep", "ndvi": null, "soil_moisture": null, "solar_exposure": null, "wind_exposure": null, "water_retention": null, "slope": null, "aspect": null, "num_identification_agreements": 4, "cluster": 2, "tavg": null, "tmin": 11.7, "tmax": 21.1, "prcp_d0": 0.0, "prcp_d1": 0.0, "prcp_d2": 0.0, "prcp_d3": 0.0, "prcp_d4": 68.1944580078125, "prcp_d5": 0.0, "prcp_d6": 34.09722900390625, "tmax_d0": 12.4, "tmax_d1": 8.2, "tmax_d2": 7.4, "tmax_d3": 8.7, "tmax_d4": 10.0, "tmax_d5": 8.2, "tmax_d6": 13.3, "tmin_d0": 5.9, "tmin_d1": 4.9, "tmin_d2": 4.2, "tmin_d3": 4.6, "tmin_d4": 5.0, "tmin_d5": 2.9, "tmin_d6": 5.3, "day_of_year": 301, "uuid": "bae53cbe-a979-4e09-b1e4-50325c248c6c", "inat_id": 99661263}}, {"type": "Feature", "geometry": {"type": "Point", "coordinates": [-122.1156151204, 45.569817005]}, "properties": {"species": "Cantharellus formosus", "date": "2021-10-31", "location": "Oregon, US", "elevation": 572.0, "land_cover_label": "Tree cover", "water_mask": false, "exclude_reason": "keep", "ndvi": null, "soil_moisture": null, "solar_exposure": null, "wind_exposure": null, "water_retention": null, "slope": null, "aspect": null, "num_identification_agreements": 1, "cluster": 0, "tavg": null, "tmin": 9.7, "tmax": 15.6, "prcp_d0": 0.0, "prcp_d1": 0.0, "prcp_d2": 0.0, "prcp_d3": 0.0, "prcp_d4": 0.0, "prcp_d5": 0.0, "prcp_d6": 0.0, "tmax_d0": 9.8, "tmax_d1": 9.4, "tmax_d2": 14.2, "tmax_d3": 14.4, "tmax_d4": 10.4, "tmax_d5": 9.6, "tmax_d6": 10.9, "tmin_d0": 5.6, "tmin_d1": 5.5, "tmin_d2": 7.0, "tmin_d3": 7.8, "tmin_d4": 6.8, "tmin_d5": 6.5, "tmin_d6": 6.4, "day_of_year": 304, "uuid": "1b57702e-3adf-40ed-a391-16938593b656", "inat_id": 99932765}}, {"type": "Feature", "geometry": {"type": "Point", "coordinates": [-121.9223361141, 45.3989732846]}, "properties": {"species": "Cantharellus formosus", "date": "2021-11-06", "location": "Oregon, US", "elevation": 1041.0, "land_cover_label": "Tree cover", "water_mask": false, "exclude_reason": "keep", "ndvi": null, "soil_moisture": null, "solar_exposure": null, "wind_exposure": null, "water_retention": null, "slope": null, "aspect": null, "num_identification_agreements": 1, "cluster": 1, "tavg": null, "tmin": 6.1, "tmax": 11.1, "prcp_d0": 0.0, "prcp_d1": 0.0, "prcp_d2": 26.359315872192383, "prcp_d3": 0.0, "prcp_d4": 13.179657936096191, "prcp_d5": 13.179657936096191, "prcp_d6": 0.0, "tmax_d0": 3.8, "tmax_d1": 5.0, "tmax_d2": 10.6, "tmax_d3": 13.9, "tmax_d4": 9.0, "tmax_d5": 5.3, "tmax_d6": 8.2, "tmin_d0": -2.4, "tmin_d1": 2.3, "tmin_d2": 4.4, "tmin_d3": 3.9, "tmin_d4": 0.2, "tmin_d5": 0.9, "tmin_d6": 1.5, "day_of_year": 310, "uuid": "a90a9cb9-ce13-4f34-bd57-681c3c645360", "inat_id": 100444030}}, {"type": "Feature", "geometry": {"type": "Point", "coordinates": [-122.2783519997, 45.1836732]}, "properties": {"species": "Cantharellus formosus", "date": "2021-11-07", "location": "Estacada, OR 97023, USA", "elevation": 542.0, "land_cover_label": "Tree cover", "water_mask": false, "exclude_reason": "keep", "ndvi": null, "soil_moisture": null, "solar_exposure": null, "wind_exposure": null, "water_retention": null, "slope": null, "aspect": null, "num_identification_agreements": 1, "cluster": 0, "tavg": null, "tmin": 5.6, "tmax": 10.0, "prcp_d0": 0.0, "prcp_d1": 0.0, "prcp_d2": 0.0, "prcp_d3": 24.121957778930664, "prcp_d4": 0.0, "prcp_d5": 0.0, "prcp_d6": 24.121957778930664, "tmax_d0": 8.2, "tmax_d1": 8.1, "tmax_d2": 9.9, "tmax_d3": 16.1, "tmax_d4": 17.0, "tmax_d5": 11.5, "tmax_d6": 9.1, "tmin_d0": 2.6, "tmin_d1": 2.7, "tmin_d2": 6.4, "tmin_d3": 7.4, "tmin_d4": 7.5, "tmin_d5": 4.0, "tmin_d6": 5.0, "day_of_year": 311, "uuid": "2e41d632-a492-4b38-a930-ef3cc60a4878", "inat_id": 100636940}}, {"type": "Feature", "geometry": {"type": "Point", "coordinates": [-122.2774296, 45.1828752997]}, "properties": {"species": "Cantharellus formosus", "date": "2021-11-07", "location": "Estacada, OR 97023, USA", "elevation": 513.0, "land_cover_label": "Tree cover", "water_mask": false, "exclude_reason": "keep", "ndvi": null, "soil_moisture": null, "solar_exposure": null, "wind_exposure": null, "water_retention": null, "slope": null, "aspect": null, "num_identification_agreements": 1, "cluster": 0, "tavg": null, "tmin": 5.6, "tmax": 10.0, "prcp_d0": 0.0, "prcp_d1": 0.0, "prcp_d2": 0.0, "prcp_d3": 24.121957778930664, "prcp_d4": 0.0, "prcp_d5": 0.0, "prcp_d6": 24.121957778930664, "tmax_d0": 8.1, "tmax_d1": 8.0, "tmax_d2": 9.8, "tmax_d3": 16.0, "tmax_d4": 16.9, "tmax_d5": 11.4, "tmax_d6": 9.0, "tmin_d0": 2.5, "tmin_d1": 2.6, "tmin_d2": 6.3, "tmin_d3": 7.3, "tmin_d4": 7.4, "tmin_d5": 3.9, "tmin_d6": 4.9, "day_of_year": 311, "uuid": "f3aa551c-0da9-437e-bff4-fd35d4cb9059", "inat_id": 100636646}}, {"type": "Feature", "geometry": {"type": "Point", "coordinates": [-122.1848449722, 45.6176069722]}, "properties": {"species": "Cantharellus formosus", "date": "2021-11-07", "location": "Washougal, WA 98671, USA", "elevation": 165.0, "land_cover_label": "Tree cover", "water_mask": false, "exclude_reason": "keep", "ndvi": null, "soil_moisture": null, "solar_exposure": null, "wind_exposure": null, "water_retention": null, "slope": null, "aspect": null, "num_identification_agreements": 1, "cluster": 0, "tavg": null, "tmin": 5.6, "tmax": 11.1, "prcp_d0": 0.0, "prcp_d1": 0.0, "prcp_d2": 0.0, "prcp_d3": 17.24829864501953, "prcp_d4": 0.0, "prcp_d5": 8.624149322509766, "prcp_d6": 8.624149322509766, "tmax_d0": 9.0, "tmax_d1": 9.7, "tmax_d2": 11.2, "tmax_d3": 11.5, "tmax_d4": 10.7, "tmax_d5": 9.6, "tmax_d6": 10.3, "tmin_d0": 3.4, "tmin_d1": 5.0, "tmin_d2": 7.8, "tmin_d3": 7.3, "tmin_d4": 6.9, "tmin_d5": 5.1, "tmin_d6": 4.9, "day_of_year": 311, "uuid": "402f16d5-f6cf-4f1a-9d2b-fd26f9578831", "inat_id": 100573404}}, {"type": "Feature", "geometry": {"type": "Point", "coordinates": [-122.2185496, 45.5327573]}, "properties": {"species": "Cantharellus formosus", "date": "2021-11-10", "location": "Multnomah County, OR, USA", "elevation": 264.0, "land_cover_label": "Tree cover", "water_mask": false, "exclude_reason": "keep", "ndvi": null, "soil_moisture": null, "solar_exposure": null, "wind_exposure": null, "water_retention": null, "slope": null, "aspect": null, "num_identification_agreements": 2, "cluster": 1, "tavg": null, "tmin": 6.1, "tmax": 12.2, "prcp_d0": 0.0, "prcp_d1": 40.87580108642578, "prcp_d2": 0.0, "prcp_d3": 0.0, "prcp_d4": 0.0, "prcp_d5": 0.0, "prcp_d6": 12.223722457885742, "tmax_d0": 11.1, "tmax_d1": 9.3, "tmax_d2": 11.2, "tmax_d3": 9.3, "tmax_d4": 9.6, "tmax_d5": 11.0, "tmax_d6": 12.1, "tmin_d0": 4.7, "tmin_d1": 5.8, "tmin_d2": 1.9, "tmin_d3": 2.7, "tmin_d4": 4.0, "tmin_d5": 7.4, "tmin_d6": 7.7, "day_of_year": 314, "uuid": "eeebea9e-ed6b-416b-a8d8-5e8de17d685b", "inat_id": 151070632}}, {"type": "Feature", "geometry": {"type": "Point", "coordinates": [-121.8629616667, 45.3009116667]}, "properties": {"species": "Cantharellus formosus", "date": "2021-11-10", "location": "Mt. Hood Park Division Recreation Area, Rhododendron, OR, US", "elevation": 723.0, "land_cover_label": "Tree cover", "water_mask": false, "exclude_reason": "keep", "ndvi": null, "soil_moisture": null, "solar_exposure": null, "wind_exposure": null, "water_retention": null, "slope": null, "aspect": null, "num_identification_agreements": 1, "cluster": 1, "tavg": null, "tmin": null, "tmax": null, "prcp_d0": 0.0, "prcp_d1": 47.64487457275391, "prcp_d2": 0.0, "prcp_d3": 0.0, "prcp_d4": 0.0, "prcp_d5": 0.0, "prcp_d6": 22.273456573486328, "tmax_d0": 8.2, "tmax_d1": 7.6, "tmax_d2": 8.1, "tmax_d3": 5.4, "tmax_d4": 6.6, "tmax_d5": 8.0, "tmax_d6": 13.8, "tmin_d0": 2.3, "tmin_d1": 3.7, "tmin_d2": -0.1, "tmin_d3": 0.6, "tmin_d4": 1.1, "tmin_d5": 4.8, "tmin_d6": 6.5, "day_of_year": 314, "uuid": "894a9f16-a318-4786-9630-a5b17a9f7b46", "inat_id": 100864845}}, {"type": "Feature", "geometry": {"type": "Point", "coordinates": [-122.2759987997, 45.1832417997]}, "properties": {"species": "Cantharellus formosus", "date": "2021-12-21", "location": "Estacada, OR 97023, USA", "elevation": 544.0, "land_cover_label": "Tree cover", "water_mask": false, "exclude_reason": "keep", "ndvi": null, "soil_moisture": null, "solar_exposure": null, "wind_exposure": null, "water_retention": null, "slope": null, "aspect": null, "num_identification_agreements": 1, "cluster": 1, "tavg": null, "tmin": 1.1, "tmax": 5.6, "prcp_d0": 0.0, "prcp_d1": 64.57101440429688, "prcp_d2": 64.57101440429688, "prcp_d3": 0.0, "prcp_d4": 0.0, "prcp_d5": 0.0, "prcp_d6": 0.0, "tmax_d0": 8.6, "tmax_d1": 6.6, "tmax_d2": 8.0, "tmax_d3": 8.5, "tmax_d4": 4.9, "tmax_d5": 3.6, "tmax_d6": 2.2, "tmin_d0": 1.3, "tmin_d1": 1.7, "tmin_d2": 0.4, "tmin_d3": 2.2, "tmin_d4": 0.7, "tmin_d5": 0.7, "tmin_d6": -1.8, "day_of_year": 355, "uuid": "b757b6d2-eace-4440-b2d5-d199c96b4bca", "inat_id": 103444756}}, {"type": "Feature", "geometry": {"type": "Point", "coordinates": [-121.9428926735, 45.0158524811]}, "properties": {"species": "Cantharellus formosus", "date": "2022-09-19", "location": "Oregon, US", "elevation": 869.0, "land_cover_label": "Tree cover", "water_mask": false, "exclude_reason": "keep", "ndvi": null, "soil_moisture": null, "solar_exposure": null, "wind_exposure": null, "water_retention": null, "slope": null, "aspect": null, "num_identification_agreements": 1, "cluster": 0, "tavg": null, "tmin": null, "tmax": null, "prcp_d0": 0.0, "prcp_d1": 0.0, "prcp_d2": 0.0, "prcp_d3": 0.0, "prcp_d4": 0.0, "prcp_d5": 0.0, "prcp_d6": 0.0, "tmax_d0": 24.0, "tmax_d1": 19.9, "tmax_d2": 18.9, "tmax_d3": 15.6, "tmax_d4": 18.3, "tmax_d5": 20.2, "tmax_d6": 21.2, "tmin_d0": 3.8, "tmin_d1": 6.9, "tmin_d2": 5.6, "tmin_d3": 9.4, "tmin_d4": 6.1, "tmin_d5": 9.3, "tmin_d6": 10.9, "day_of_year": 262, "uuid": "c7e7c0b4-b084-4008-986f-95339ab6d9e2", "inat_id": 167368108}}, {"type": "Feature", "geometry": {"type": "Point", "coordinates": [-121.5884869084, 45.335827076]}, "properties": {"species": "Cantharellus formosus", "date": "2022-10-01", "location": "Mt. Hood Park Division Recreation Area, Mount Hood Parkdale, OR, US", "elevation": 1148.0, "land_cover_label": "Tree cover", "water_mask": false, "exclude_reason": "keep", "ndvi": null, "soil_moisture": null, "solar_exposure": null, "wind_exposure": null, "water_retention": null, "slope": null, "aspect": null, "num_identification_agreements": 1, "cluster": 0, "tavg": null, "tmin": 11.2, "tmax": 23.6, "prcp_d0": 0.0, "prcp_d1": 0.7559247016906738, "prcp_d2": 11.59299659729004, "prcp_d3": 0.2527265846729278, "prcp_d4": 0.0, "prcp_d5": 0.0, "prcp_d6": 0.0, "tmax_d0": 17.1, "tmax_d1": 17.9, "tmax_d2": 15.0, "tmax_d3": 23.5, "tmax_d4": 26.0, "tmax_d5": 24.2, "tmax_d6": 22.4, "tmin_d0": 9.3, "tmin_d1": 6.4, "tmin_d2": 8.7, "tmin_d3": 11.6, "tmin_d4": 14.3, "tmin_d5": 12.1, "tmin_d6": 11.1, "day_of_year": 274, "uuid": "0b118c44-6c61-4b3c-9c0c-34ce46912aaf", "inat_id": 137208159}}, {"type": "Feature", "geometry": {"type": "Point", "coordinates": [-121.5762944444, 45.3371083333]}, "properties": {"species": "Cantharellus formosus", "date": "2022-10-06", "location": "MT HOOD PRKDL, OR 97041, USA", "elevation": 1128.0, "land_cover_label": "Tree cover", "water_mask": false, "exclude_reason": "keep", "ndvi": null, "soil_moisture": null, "solar_exposure": null, "wind_exposure": null, "water_retention": null, "slope": null, "aspect": null, "num_identification_agreements": 1, "cluster": 0, "tavg": null, "tmin": 13.7, "tmax": 27.0, "prcp_d0": 0.0, "prcp_d1": 0.0, "prcp_d2": 0.0, "prcp_d3": 0.0, "prcp_d4": 0.0, "prcp_d5": 0.0, "prcp_d6": 0.7559247016906738, "tmax_d0": 22.3, "tmax_d1": 23.4, "tmax_d2": 22.7, "tmax_d3": 21.7, "tmax_d4": 19.8, "tmax_d5": 17.3, "tmax_d6": 18.0, "tmin_d0": 10.7, "tmin_d1": 13.2, "tmin_d2": 11.4, "tmin_d3": 10.0, "tmin_d4": 8.6, "tmin_d5": 9.4, "tmin_d6": 6.6, "day_of_year": 279, "uuid": "1b4b13be-1d47-4970-ac83-8f8ddf405030", "inat_id": 137823104}}, {"type": "Feature", "geometry": {"type": "Point", "coordinates": [-122.1776212906, 45.5093683503]}, "properties": {"species": "Cantharellus formosus", "date": "2022-10-09", "location": "Corbett, Corbett, OR, US", "elevation": 486.0, "land_cover_label": "Tree cover", "water_mask": false, "exclude_reason": "keep", "ndvi": null, "soil_moisture": null, "solar_exposure": null, "wind_exposure": null, "water_retention": null, "slope": null, "aspect": null, "num_identification_agreements": 1, "cluster": 0, "tavg": null, "tmin": 10.0, "tmax": 29.4, "prcp_d0": 0.0, "prcp_d1": 0.0, "prcp_d2": 0.0, "prcp_d3": 0.0, "prcp_d4": 0.0, "prcp_d5": 0.0, "prcp_d6": 0.0, "tmax_d0": 27.5, "tmax_d1": 27.9, "tmax_d2": 26.6, "tmax_d3": 28.7, "tmax_d4": 20.3, "tmax_d5": 23.4, "tmax_d6": 26.7, "tmin_d0": 11.4, "tmin_d1": 10.0, "tmin_d2": 9.8, "tmin_d3": 8.2, "tmin_d4": 10.5, "tmin_d5": 10.0, "tmin_d6": 7.8, "day_of_year": 282, "uuid": "532806ef-70b2-4b36-85c4-53affcc4ea96", "inat_id": 138936071}}, {"type": "Feature", "geometry": {"type": "Point", "coordinates": [-121.6212916667, 44.5604944444]}, "properties": {"species": "Cantharellus formosus", "date": "2022-10-26", "location": "Jefferson County, OR, USA", "elevation": 847.0, "land_cover_label": "Tree cover", "water_mask": false, "exclude_reason": "keep", "ndvi": null, "soil_moisture": null, "solar_exposure": null, "wind_exposure": null, "water_retention": null, "slope": null, "aspect": null, "num_identification_agreements": 1, "cluster": 0, "tavg": null, "tmin": 1.0, "tmax": 11.0, "prcp_d0": 9.17727279663086, "prcp_d1": 0.0, "prcp_d2": 0.0, "prcp_d3": 0.0, "prcp_d4": 0.0, "prcp_d5": 0.0, "prcp_d6": 0.0, "tmax_d0": 8.0, "tmax_d1": 9.6, "tmax_d2": 8.9, "tmax_d3": 9.7, "tmax_d4": 11.5, "tmax_d5": 19.1, "tmax_d6": 26.1, "tmin_d0": 2.7, "tmin_d1": 4.3, "tmin_d2": 2.0, "tmin_d3": 2.5, "tmin_d4": 4.2, "tmin_d5": 10.2, "tmin_d6": 7.0, "day_of_year": 299, "uuid": "85b9f44e-cc3f-40cd-8845-53fed374672f", "inat_id": 146241376}}, {"type": "Feature", "geometry": {"type": "Point", "coordinates": [-122.149211, 44.707698]}, "properties": {"species": "Cantharellus formosus", "date": "2022-10-30", "location": "Willamette National Forest, Idanha, OR, US", "elevation": 699.0, "land_cover_label": "Tree cover", "water_mask": false, "exclude_reason": "keep", "ndvi": null, "soil_moisture": null, "solar_exposure": null, "wind_exposure": null, "water_retention": null, "slope": null, "aspect": null, "num_identification_agreements": 2, "cluster": 1, "tavg": null, "tmin": null, "tmax": null, "prcp_d0": 0.0, "prcp_d1": 0.0, "prcp_d2": 63.70326232910156, "prcp_d3": 0.0, "prcp_d4": 63.70326232910156, "prcp_d5": 0.0, "prcp_d6": 0.0, "tmax_d0": 13.2, "tmax_d1": 15.0, "tmax_d2": 12.8, "tmax_d3": 14.1, "tmax_d4": 6.7, "tmax_d5": 8.5, "tmax_d6": 8.3, "tmin_d0": 8.1, "tmin_d1": 1.8, "tmin_d2": 4.1, "tmin_d3": -0.8, "tmin_d4": 1.9, "tmin_d5": 5.5, "tmin_d6": 3.9, "day_of_year": 303, "uuid": "21c9606c-e16b-4dbd-a7bb-b9dc21867654", "inat_id": 140844773}}, {"type": "Feature", "geometry": {"type": "Point", "coordinates": [-122.2781030997, 45.1824464]}, "properties": {"species": "Cantharellus formosus", "date": "2022-11-20", "location": "Estacada, OR 97023, USA", "elevation": 513.0, "land_cover_label": "Tree cover", "water_mask": false, "exclude_reason": "keep", "ndvi": null, "soil_moisture": null, "solar_exposure": null, "wind_exposure": null, "water_retention": null, "slope": null, "aspect": null, "num_identification_agreements": 1, "cluster": 0, "tavg": null, "tmin": -3.9, "tmax": 8.9, "prcp_d0": 0.0, "prcp_d1": 0.0, "prcp_d2": 0.0, "prcp_d3": 0.0, "prcp_d4": 0.0, "prcp_d5": 0.0, "prcp_d6": 0.0, "tmax_d0": 9.3, "tmax_d1": 9.4, "tmax_d2": 6.5, "tmax_d3": 9.2, "tmax_d4": 13.7, "tmax_d5": 10.7, "tmax_d6": 6.7, "tmin_d0": -1.1, "tmin_d1": -0.4, "tmin_d2": -0.7, "tmin_d3": -2.1, "tmin_d4": 2.7, "tmin_d5": 1.0, "tmin_d6": 1.7, "day_of_year": 324, "uuid": "66c82d46-fb64-412f-b348-7307a9ebd44f", "inat_id": 142486395}}, {"type": "Feature", "geometry": {"type": "Point", "coordinates": [-121.7733553558, 45.3030292091]}, "properties": {"species": "Cantharellus formosus", "date": "2022-12-01", "location": "Mt. Hood Park Division Recreation Area, Government Camp, OR, US", "elevation": 1133.0, "land_cover_label": "Tree cover", "water_mask": false, "exclude_reason": "keep", "ndvi": null, "soil_moisture": null, "solar_exposure": null, "wind_exposure": null, "water_retention": null, "slope": null, "aspect": null, "num_identification_agreements": 1, "cluster": 2, "tavg": null, "tmin": -0.3, "tmax": 3.6, "prcp_d0": 0.0, "prcp_d1": 0.0, "prcp_d2": 0.0, "prcp_d3": 0.0, "prcp_d4": 55.28009414672852, "prcp_d5": 0.0, "prcp_d6": 0.0, "tmax_d0": -1.1, "tmax_d1": 0.6, "tmax_d2": -2.1, "tmax_d3": -1.5, "tmax_d4": 0.8, "tmax_d5": 1.2, "tmax_d6": 8.5, "tmin_d0": -5.7, "tmin_d1": -3.0, "tmin_d2": -6.4, "tmin_d3": -4.4, "tmin_d4": -1.9, "tmin_d5": -2.6, "tmin_d6": 2.6, "day_of_year": 335, "uuid": "1b994da7-704e-4a0d-a1cc-298bb7025a32", "inat_id": 251093097}}, {"type": "Feature", "geometry": {"type": "Point", "coordinates": [-122.3017095, 45.2109414997]}, "properties": {"species": "Cantharellus formosus", "date": "2022-12-11", "location": "Clackamas County, US-OR, US", "elevation": 425.0, "land_cover_label": "Tree cover", "water_mask": false, "exclude_reason": "keep", "ndvi": null, "soil_moisture": null, "solar_exposure": null, "wind_exposure": null, "water_retention": null, "slope": null, "aspect": null, "num_identification_agreements": 1, "cluster": 1, "tavg": null, "tmin": 4.4, "tmax": 6.1, "prcp_d0": 16.559110641479492, "prcp_d1": 29.59230232238769, "prcp_d2": 0.0, "prcp_d3": 14.796151161193848, "prcp_d4": 0.0, "prcp_d5": 0.0, "prcp_d6": 0.0, "tmax_d0": 5.2, "tmax_d1": 8.7, "tmax_d2": 5.6, "tmax_d3": 4.9, "tmax_d4": 6.4, "tmax_d5": 4.5, "tmax_d6": 6.4, "tmin_d0": 2.6, "tmin_d1": 3.2, "tmin_d2": 1.0, "tmin_d3": 1.3, "tmin_d4": -2.1, "tmin_d5": -0.8, "tmin_d6": -3.5, "day_of_year": 345, "uuid": "7687891c-4316-4673-b4e0-596877647436", "inat_id": 144835846}}, {"type": "Feature", "geometry": {"type": "Point", "coordinates": [-122.3017197, 45.2109742]}, "properties": {"species": "Cantharellus formosus", "date": "2023-08-04", "location": "Estacada, OR 97023, USA", "elevation": 425.0, "land_cover_label": "Tree cover", "water_mask": false, "exclude_reason": "keep", "ndvi": null, "soil_moisture": null, "solar_exposure": null, "wind_exposure": null, "water_retention": null, "slope": null, "aspect": null, "num_identification_agreements": 1, "cluster": 0, "tavg": null, "tmin": 16.1, "tmax": 30.6, "prcp_d0": 0.0, "prcp_d1": 0.0, "prcp_d2": 0.0, "prcp_d3": 0.0, "prcp_d4": 0.0, "prcp_d5": 0.0, "prcp_d6": 0.0, "tmax_d0": 26.3, "tmax_d1": 27.0, "tmax_d2": 27.8, "tmax_d3": 27.4, "tmax_d4": 25.4, "tmax_d5": 23.8, "tmax_d6": 24.5, "tmin_d0": 13.3, "tmin_d1": 11.9, "tmin_d2": 9.7, "tmin_d3": 8.1, "tmin_d4": 7.6, "tmin_d5": 10.2, "tmin_d6": 10.8, "day_of_year": 216, "uuid": "228b887e-aa14-4dc2-baa0-451fbe16aaf2", "inat_id": 176647263}}, {"type": "Feature", "geometry": {"type": "Point", "coordinates": [-122.3133930936, 45.1947159695]}, "properties": {"species": "Cantharellus formosus", "date": "2023-09-05", "location": "Colton, OR 97017, USA", "elevation": 415.0, "land_cover_label": "Tree cover", "water_mask": false, "exclude_reason": "keep", "ndvi": null, "soil_moisture": null, "solar_exposure": null, "wind_exposure": null, "water_retention": null, "slope": null, "aspect": null, "num_identification_agreements": 1, "cluster": 0, "tavg": null, "tmin": 12.2, "tmax": 22.8, "prcp_d0": 0.0, "prcp_d1": 0.0, "prcp_d2": 0.0, "prcp_d3": 0.0, "prcp_d4": 0.0, "prcp_d5": 18.1748161315918, "prcp_d6": 0.0, "tmax_d0": 18.6, "tmax_d1": 18.7, "tmax_d2": 22.8, "tmax_d3": 27.0, "tmax_d4": 24.9, "tmax_d5": 20.9, "tmax_d6": 21.8, "tmin_d0": 9.4, "tmin_d1": 11.4, "tmin_d2": 14.1, "tmin_d3": 14.0, "tmin_d4": 11.9, "tmin_d5": 12.8, "tmin_d6": 12.5, "day_of_year": 248, "uuid": "5253c121-fd26-4a5a-bd2e-5451405349b1", "inat_id": 182002697}}, {"type": "Feature", "geometry": {"type": "Point", "coordinates": [-122.2784292997, 45.1834198997]}, "properties": {"species": "Cantharellus formosus", "date": "2023-10-04", "location": "Estacada, OR 97023, USA", "elevation": 542.0, "land_cover_label": "Tree cover", "water_mask": false, "exclude_reason": "keep", "ndvi": null, "soil_moisture": null, "solar_exposure": null, "wind_exposure": null, "water_retention": null, "slope": null, "aspect": null, "num_identification_agreements": 2, "cluster": 0, "tavg": null, "tmin": 10.0, "tmax": 20.6, "prcp_d0": 0.0, "prcp_d1": 0.0, "prcp_d2": 0.0, "prcp_d3": 0.0, "prcp_d4": 0.0, "prcp_d5": 0.0, "prcp_d6": 0.0, "tmax_d0": 15.3, "tmax_d1": 14.0, "tmax_d2": 14.9, "tmax_d3": 15.8, "tmax_d4": 15.4, "tmax_d5": 13.5, "tmax_d6": 14.2, "tmin_d0": 9.4, "tmin_d1": 11.1, "tmin_d2": 5.8, "tmin_d3": 4.0, "tmin_d4": 5.4, "tmin_d5": 8.7, "tmin_d6": 8.8, "day_of_year": 277, "uuid": "d9bf2b11-a403-416c-9ba0-7355600427fc", "inat_id": 186247394}}, {"type": "Feature", "geometry": {"type": "Point", "coordinates": [-122.2783033, 45.1834144997]}, "properties": {"species": "Cantharellus formosus", "date": "2023-10-04", "location": "Estacada, OR 97023, USA", "elevation": 542.0, "land_cover_label": "Tree cover", "water_mask": false, "exclude_reason": "keep", "ndvi": null, "soil_moisture": null, "solar_exposure": null, "wind_exposure": null, "water_retention": null, "slope": null, "aspect": null, "num_identification_agreements": 2, "cluster": 0, "tavg": null, "tmin": 10.0, "tmax": 20.6, "prcp_d0": 0.0, "prcp_d1": 0.0, "prcp_d2": 0.0, "prcp_d3": 0.0, "prcp_d4": 0.0, "prcp_d5": 0.0, "prcp_d6": 0.0, "tmax_d0": 15.2, "tmax_d1": 13.9, "tmax_d2": 14.8, "tmax_d3": 15.7, "tmax_d4": 15.3, "tmax_d5": 13.4, "tmax_d6": 14.1, "tmin_d0": 9.3, "tmin_d1": 11.0, "tmin_d2": 5.7, "tmin_d3": 3.9, "tmin_d4": 5.3, "tmin_d5": 8.6, "tmin_d6": 8.7, "day_of_year": 277, "uuid": "570e9a30-abbd-4fe1-aa5f-cfb1d23ce1b8", "inat_id": 186246944}}, {"type": "Feature", "geometry": {"type": "Point", "coordinates": [-122.0361636198, 45.2190853498]}, "properties": {"species": "Cantharellus formosus", "date": "2023-10-12", "location": "Clackamas County, US-OR, US", "elevation": 1253.0, "land_cover_label": "Tree cover", "water_mask": false, "exclude_reason": "keep", "ndvi": null, "soil_moisture": null, "solar_exposure": null, "wind_exposure": null, "water_retention": null, "slope": null, "aspect": null, "num_identification_agreements": 1, "cluster": 0, "tavg": null, "tmin": 12.2, "tmax": 21.1, "prcp_d0": 0.0, "prcp_d1": 0.0, "prcp_d2": 0.0, "prcp_d3": 21.50732040405273, "prcp_d4": 0.0, "prcp_d5": 0.0, "prcp_d6": 0.0, "tmax_d0": 11.6, "tmax_d1": 7.7, "tmax_d2": 9.4, "tmax_d3": 18.2, "tmax_d4": 21.1, "tmax_d5": 21.0, "tmax_d6": 18.8, "tmin_d0": 4.0, "tmin_d1": 3.1, "tmin_d2": 4.7, "tmin_d3": 7.2, "tmin_d4": 7.0, "tmin_d5": 10.7, "tmin_d6": 11.8, "day_of_year": 285, "uuid": "43382cb7-92d5-4b5a-9ecf-a31c4a80c842", "inat_id": 188046581}}, {"type": "Feature", "geometry": {"type": "Point", "coordinates": [-122.2297805556, 45.5044833333]}, "properties": {"species": "Cantharellus formosus", "date": "2023-10-13", "location": "Corbett, OR 97019, USA", "elevation": 327.0, "land_cover_label": "Tree cover", "water_mask": false, "exclude_reason": "keep", "ndvi": null, "soil_moisture": null, "solar_exposure": null, "wind_exposure": null, "water_retention": null, "slope": null, "aspect": null, "num_identification_agreements": 2, "cluster": 0, "tavg": null, "tmin": 13.9, "tmax": 19.4, "prcp_d0": 0.0, "prcp_d1": 0.0, "prcp_d2": 0.0, "prcp_d3": 0.0, "prcp_d4": 20.136165618896484, "prcp_d5": 0.0, "prcp_d6": 0.0, "tmax_d0": 19.1, "tmax_d1": 19.9, "tmax_d2": 13.5, "tmax_d3": 15.7, "tmax_d4": 23.1, "tmax_d5": 24.5, "tmax_d6": 25.4, "tmin_d0": 10.8, "tmin_d1": 10.3, "tmin_d2": 8.9, "tmin_d3": 10.3, "tmin_d4": 11.1, "tmin_d5": 10.5, "tmin_d6": 15.4, "day_of_year": 286, "uuid": "0bfd520a-869b-4d61-85c3-07c237c39722", "inat_id": 189057761}}, {"type": "Feature", "geometry": {"type": "Point", "coordinates": [-122.1116732061, 45.5368574513]}, "properties": {"species": "Cantharellus formosus", "date": "2023-10-18", "location": "Multnomah County, US-OR, US", "elevation": 861.0, "land_cover_label": "Tree cover", "water_mask": false, "exclude_reason": "keep", "ndvi": null, "soil_moisture": null, "solar_exposure": null, "wind_exposure": null, "water_retention": null, "slope": null, "aspect": null, "num_identification_agreements": 2, "cluster": 1, "tavg": null, "tmin": 9.4, "tmax": 22.2, "prcp_d0": 0.0, "prcp_d1": 0.0, "prcp_d2": 31.94695281982422, "prcp_d3": 41.46965026855469, "prcp_d4": 0.0, "prcp_d5": 0.0, "prcp_d6": 0.0, "tmax_d0": 21.0, "tmax_d1": 14.7, "tmax_d2": 14.3, "tmax_d3": 16.0, "tmax_d4": 13.2, "tmax_d5": 15.5, "tmax_d6": 15.5, "tmin_d0": 3.7, "tmin_d1": 7.5, "tmin_d2": 9.2, "tmin_d3": 7.3, "tmin_d4": 7.4, "tmin_d5": 6.3, "tmin_d6": 6.8, "day_of_year": 291, "uuid": "8188c819-ec43-40ab-8005-34ef0dc4987d", "inat_id": 188069030}}, {"type": "Feature", "geometry": {"type": "Point", "coordinates": [-121.5777055556, 45.4045166667]}, "properties": {"species": "Cantharellus formosus", "date": "2023-10-21", "location": "MT HOOD PRKDL, OR 97041, USA", "elevation": 1015.0, "land_cover_label": "Tree cover", "water_mask": false, "exclude_reason": "keep", "ndvi": null, "soil_moisture": null, "solar_exposure": null, "wind_exposure": null, "water_retention": null, "slope": null, "aspect": null, "num_identification_agreements": 1, "cluster": 0, "tavg": null, "tmin": 11.1, "tmax": 21.1, "prcp_d0": 0.0, "prcp_d1": 0.0, "prcp_d2": 0.0, "prcp_d3": 0.0, "prcp_d4": 0.0, "prcp_d5": 23.495819091796875, "prcp_d6": 0.0, "tmax_d0": 20.0, "tmax_d1": 21.4, "tmax_d2": 22.6, "tmax_d3": 22.5, "tmax_d4": 16.0, "tmax_d5": 14.3, "tmax_d6": 16.6, "tmin_d0": 10.0, "tmin_d1": 12.1, "tmin_d2": 12.2, "tmin_d3": 8.9, "tmin_d4": 4.8, "tmin_d5": 9.4, "tmin_d6": 7.3, "day_of_year": 294, "uuid": "a4c6f13d-6c9b-43a5-a945-9c1282164033", "inat_id": 188474445}}, {"type": "Feature", "geometry": {"type": "Point", "coordinates": [-121.8016670041, 45.6478686288]}, "properties": {"species": "Cantharellus formosus", "date": "2023-10-22", "location": "Skamania County, US-WA, US", "elevation": 609.0, "land_cover_label": "Tree cover", "water_mask": false, "exclude_reason": "keep", "ndvi": null, "soil_moisture": null, "solar_exposure": null, "wind_exposure": null, "water_retention": null, "slope": null, "aspect": null, "num_identification_agreements": 1, "cluster": 0, "tavg": null, "tmin": 12.2, "tmax": 18.7, "prcp_d0": 0.0, "prcp_d1": 0.0, "prcp_d2": 0.0, "prcp_d3": 0.0, "prcp_d4": 0.0, "prcp_d5": 0.0, "prcp_d6": 27.24285697937012, "tmax_d0": 15.6, "tmax_d1": 20.2, "tmax_d2": 21.9, "tmax_d3": 22.3, "tmax_d4": 19.4, "tmax_d5": 16.4, "tmax_d6": 15.0, "tmin_d0": 10.7, "tmin_d1": 10.2, "tmin_d2": 9.8, "tmin_d3": 7.6, "tmin_d4": 6.6, "tmin_d5": 9.4, "tmin_d6": 9.5, "day_of_year": 295, "uuid": "4f18b2a6-4096-422e-84cd-88e6e2059bfd", "inat_id": 188629790}}, {"type": "Feature", "geometry": {"type": "Point", "coordinates": [-122.1813111111, 45.5108027778]}, "properties": {"species": "Cantharellus formosus", "date": "2023-11-01", "location": "Corbett, OR 97019, USA", "elevation": 476.0, "land_cover_label": "Tree cover", "water_mask": false, "exclude_reason": "keep", "ndvi": null, "soil_moisture": null, "solar_exposure": null, "wind_exposure": null, "water_retention": null, "slope": null, "aspect": null, "num_identification_agreements": 2, "cluster": 0, "tavg": null, "tmin": 8.3, "tmax": 11.7, "prcp_d0": 0.0, "prcp_d1": 0.0, "prcp_d2": 0.0, "prcp_d3": 0.0, "prcp_d4": 0.0, "prcp_d5": 0.0, "prcp_d6": 0.0, "tmax_d0": 12.5, "tmax_d1": 14.8, "tmax_d2": 13.7, "tmax_d3": 12.4, "tmax_d4": 10.1, "tmax_d5": 9.8, "tmax_d6": 7.1, "tmin_d0": 5.1, "tmin_d1": 3.8, "tmin_d2": 2.5, "tmin_d3": 1.3, "tmin_d4": -1.8, "tmin_d5": -0.9, "tmin_d6": 3.5, "day_of_year": 305, "uuid": "3d83a036-9eec-4bd4-b204-07cbdbeb3d7f", "inat_id": 189732162}}, {"type": "Feature", "geometry": {"type": "Point", "coordinates": [-122.1563361111, 45.5177805556]}, "properties": {"species": "Cantharellus formosus", "date": "2023-11-01", "location": "Corbett, OR 97019, USA", "elevation": 559.0, "land_cover_label": "Tree cover", "water_mask": false, "exclude_reason": "keep", "ndvi": null, "soil_moisture": null, "solar_exposure": null, "wind_exposure": null, "water_retention": null, "slope": null, "aspect": null, "num_identification_agreements": 2, "cluster": 0, "tavg": null, "tmin": 8.3, "tmax": 11.7, "prcp_d0": 0.0, "prcp_d1": 0.0, "prcp_d2": 0.0, "prcp_d3": 0.0, "prcp_d4": 0.0, "prcp_d5": 0.0, "prcp_d6": 0.0, "tmax_d0": 11.0, "tmax_d1": 11.9, "tmax_d2": 9.3, "tmax_d3": 8.5, "tmax_d4": 7.4, "tmax_d5": 7.8, "tmax_d6": 6.1, "tmin_d0": 3.9, "tmin_d1": 1.0, "tmin_d2": -0.4, "tmin_d3": -0.3, "tmin_d4": -2.0, "tmin_d5": -0.2, "tmin_d6": 2.8, "day_of_year": 305, "uuid": "ec8dcb79-1b6a-4bf1-9b16-6ef97b3dafdc", "inat_id": 189731531}}, {"type": "Feature", "geometry": {"type": "Point", "coordinates": [-122.2216416667, 45.3265883333]}, "properties": {"species": "Cantharellus formosus", "date": "2023-11-11", "location": "SE Kleinsmith Rd, Sandy, OR, US", "elevation": 403.0, "land_cover_label": "Tree cover", "water_mask": false, "exclude_reason": "keep", "ndvi": null, "soil_moisture": null, "solar_exposure": null, "wind_exposure": null, "water_retention": null, "slope": null, "aspect": null, "num_identification_agreements": 1, "cluster": 2, "tavg": null, "tmin": 8.9, "tmax": 13.9, "prcp_d0": 30.69638061523437, "prcp_d1": 0.0, "prcp_d2": 0.0, "prcp_d3": 0.0, "prcp_d4": 19.60498046875, "prcp_d5": 68.617431640625, "prcp_d6": 21.061464309692383, "tmax_d0": 9.4, "tmax_d1": 10.2, "tmax_d2": 12.1, "tmax_d3": 9.5, "tmax_d4": 8.9, "tmax_d5": 10.9, "tmax_d6": 12.3, "tmin_d0": 6.5, "tmin_d1": 5.2, "tmin_d2": 2.6, "tmin_d3": 3.0, "tmin_d4": 6.4, "tmin_d5": 7.6, "tmin_d6": 7.6, "day_of_year": 315, "uuid": "8cd13c55-5e93-4769-856c-2b2146766c7c", "inat_id": 190750780}}, {"type": "Feature", "geometry": {"type": "Point", "coordinates": [-122.2583178925, 45.0860556914]}, "properties": {"species": "Cantharellus formosus", "date": "2023-11-13", "location": "Clackamas County, US-OR, US", "elevation": 1309.0, "land_cover_label": "Tree cover", "water_mask": false, "exclude_reason": "keep", "ndvi": null, "soil_moisture": null, "solar_exposure": null, "wind_exposure": null, "water_retention": null, "slope": null, "aspect": null, "num_identification_agreements": 1, "cluster": 1, "tavg": null, "tmin": 6.7, "tmax": 13.3, "prcp_d0": 0.0, "prcp_d1": 0.0, "prcp_d2": 33.8463020324707, "prcp_d3": 0.0, "prcp_d4": 0.0, "prcp_d5": 0.0, "prcp_d6": 0.0, "tmax_d0": 6.6, "tmax_d1": 7.8, "tmax_d2": 3.5, "tmax_d3": 4.3, "tmax_d4": 8.3, "tmax_d5": 5.4, "tmax_d6": 2.6, "tmin_d0": 1.8, "tmin_d1": -0.4, "tmin_d2": 0.6, "tmin_d3": -0.2, "tmin_d4": -2.4, "tmin_d5": -1.3, "tmin_d6": 1.2, "day_of_year": 317, "uuid": "5739eb24-e56f-4e5f-83fe-5ff559bba6d4", "inat_id": 190969558}}, {"type": "Feature", "geometry": {"type": "Point", "coordinates": [-122.3883760821, 45.0592185877]}, "properties": {"species": "Cantharellus formosus", "date": "2023-11-13", "location": "Clackamas County, US-OR, US", "elevation": 837.0, "land_cover_label": "Tree cover", "water_mask": false, "exclude_reason": "keep", "ndvi": null, "soil_moisture": null, "solar_exposure": null, "wind_exposure": null, "water_retention": null, "slope": null, "aspect": null, "num_identification_agreements": 1, "cluster": 1, "tavg": null, "tmin": 6.7, "tmax": 13.3, "prcp_d0": 0.0, "prcp_d1": 0.0, "prcp_d2": 28.62057876586914, "prcp_d3": 0.0, "prcp_d4": 0.0, "prcp_d5": 0.0, "prcp_d6": 15.450157165527344, "tmax_d0": 10.2, "tmax_d1": 11.5, "tmax_d2": 7.3, "tmax_d3": 8.6, "tmax_d4": 11.4, "tmax_d5": 8.7, "tmax_d6": 7.0, "tmin_d0": 5.0, "tmin_d1": 3.9, "tmin_d2": 4.9, "tmin_d3": 3.5, "tmin_d4": 0.7, "tmin_d5": 2.2, "tmin_d6": 4.8, "day_of_year": 317, "uuid": "1f06b81f-bb3b-4654-9797-563ebc8f0bcb", "inat_id": 190969471}}, {"type": "Feature", "geometry": {"type": "Point", "coordinates": [-122.2213803443, 45.0719547235]}, "properties": {"species": "Cantharellus formosus", "date": "2023-11-13", "location": "Clackamas County, US-OR, US", "elevation": 1106.0, "land_cover_label": "Tree cover", "water_mask": false, "exclude_reason": "keep", "ndvi": null, "soil_moisture": null, "solar_exposure": null, "wind_exposure": null, "water_retention": null, "slope": null, "aspect": null, "num_identification_agreements": 1, "cluster": 1, "tavg": null, "tmin": 6.7, "tmax": 13.3, "prcp_d0": 0.0, "prcp_d1": 0.0, "prcp_d2": 33.99787139892578, "prcp_d3": 0.0, "prcp_d4": 16.60178565979004, "prcp_d5": 0.0, "prcp_d6": 0.0, "tmax_d0": 8.4, "tmax_d1": 9.9, "tmax_d2": 5.0, "tmax_d3": 6.0, "tmax_d4": 9.3, "tmax_d5": 6.7, "tmax_d6": 4.6, "tmin_d0": 3.3, "tmin_d1": 1.0, "tmin_d2": 2.5, "tmin_d3": 0.3, "tmin_d4": -3.6, "tmin_d5": 0.0, "tmin_d6": 2.9, "day_of_year": 317, "uuid": "accf1bc7-3472-4140-b6e8-2207cf5d54ca", "inat_id": 190969190}}, {"type": "Feature", "geometry": {"type": "Point", "coordinates": [-122.2002809575, 45.1741986978]}, "properties": {"species": "Cantharellus formosus", "date": "2023-11-13", "location": "Clackamas County, US-OR, US", "elevation": 598.0, "land_cover_label": "Tree cover", "water_mask": false, "exclude_reason": "keep", "ndvi": null, "soil_moisture": null, "solar_exposure": null, "wind_exposure": null, "water_retention": null, "slope": null, "aspect": null, "num_identification_agreements": 2, "cluster": 1, "tavg": null, "tmin": 5.6, "tmax": 13.9, "prcp_d0": 0.0, "prcp_d1": 0.0, "prcp_d2": 35.637699127197266, "prcp_d3": 0.0, "prcp_d4": 9.985605239868164, "prcp_d5": 0.0, "prcp_d6": 19.971210479736328, "tmax_d0": 11.6, "tmax_d1": 13.3, "tmax_d2": 8.3, "tmax_d3": 9.4, "tmax_d4": 12.2, "tmax_d5": 9.4, "tmax_d6": 7.7, "tmin_d0": 5.9, "tmin_d1": 4.5, "tmin_d2": 6.0, "tmin_d3": 4.0, "tmin_d4": -0.0, "tmin_d5": 3.1, "tmin_d6": 6.0, "day_of_year": 317, "uuid": "1a9127ef-a661-4513-a4b2-b04f327802ce", "inat_id": 190969984}}, {"type": "Feature", "geometry": {"type": "Point", "coordinates": [-122.324471442, 45.1327612142]}, "properties": {"species": "Cantharellus formosus", "date": "2023-11-13", "location": "Clackamas County, US-OR, US", "elevation": 995.0, "land_cover_label": "Tree cover", "water_mask": false, "exclude_reason": "keep", "ndvi": null, "soil_moisture": null, "solar_exposure": null, "wind_exposure": null, "water_retention": null, "slope": null, "aspect": null, "num_identification_agreements": 2, "cluster": 0, "tavg": null, "tmin": 6.7, "tmax": 13.3, "prcp_d0": 0.0, "prcp_d1": 0.0, "prcp_d2": 25.24068260192871, "prcp_d3": 0.0, "prcp_d4": 0.0, "prcp_d5": 0.0, "prcp_d6": 8.907681465148926, "tmax_d0": 8.8, "tmax_d1": 10.1, "tmax_d2": 5.3, "tmax_d3": 6.7, "tmax_d4": 9.7, "tmax_d5": 6.6, "tmax_d6": 5.1, "tmin_d0": 3.4, "tmin_d1": 1.7, "tmin_d2": 3.1, "tmin_d3": 1.7, "tmin_d4": -2.9, "tmin_d5": 0.4, "tmin_d6": 3.1, "day_of_year": 317, "uuid": "c260e48c-1723-4a48-a643-065203ea9d00", "inat_id": 190971898}}, {"type": "Feature", "geometry": {"type": "Point", "coordinates": [-122.3867879381, 45.1708896971]}, "properties": {"species": "Cantharellus formosus", "date": "2023-11-13", "location": "Clackamas County, US-OR, US", "elevation": 321.0, "land_cover_label": "Tree cover", "water_mask": false, "exclude_reason": "keep", "ndvi": null, "soil_moisture": null, "solar_exposure": null, "wind_exposure": null, "water_retention": null, "slope": null, "aspect": null, "num_identification_agreements": 1, "cluster": 1, "tavg": null, "tmin": 6.7, "tmax": 13.3, "prcp_d0": 0.0, "prcp_d1": 0.0, "prcp_d2": 32.02580642700195, "prcp_d3": 0.0, "prcp_d4": 0.0, "prcp_d5": 0.0, "prcp_d6": 9.21864128112793, "tmax_d0": 13.4, "tmax_d1": 14.7, "tmax_d2": 10.4, "tmax_d3": 11.3, "tmax_d4": 11.9, "tmax_d5": 10.9, "tmax_d6": 10.0, "tmin_d0": 7.4, "tmin_d1": 6.4, "tmin_d2": 8.0, "tmin_d3": 6.1, "tmin_d4": 0.4, "tmin_d5": 5.2, "tmin_d6": 7.3, "day_of_year": 317, "uuid": "854d1fad-10e4-4103-a7d0-120800717354", "inat_id": 190969730}}, {"type": "Feature", "geometry": {"type": "Point", "coordinates": [-122.2930995002, 45.1767306971]}, "properties": {"species": "Cantharellus formosus", "date": "2023-11-26", "location": "Colton, OR 97017, USA", "elevation": 565.0, "land_cover_label": "Tree cover", "water_mask": false, "exclude_reason": "keep", "ndvi": null, "soil_moisture": null, "solar_exposure": null, "wind_exposure": null, "water_retention": null, "slope": null, "aspect": null, "num_identification_agreements": 2, "cluster": 0, "tavg": null, "tmin": -3.3, "tmax": 10.6, "prcp_d0": 0.0, "prcp_d1": 0.0, "prcp_d2": 0.0, "prcp_d3": 0.0, "prcp_d4": 0.0, "prcp_d5": 19.51356506347656, "prcp_d6": 0.0, "tmax_d0": 10.8, "tmax_d1": 9.8, "tmax_d2": 7.3, "tmax_d3": 7.7, "tmax_d4": 11.4, "tmax_d5": 13.2, "tmax_d6": 13.2, "tmin_d0": 1.0, "tmin_d1": -0.8, "tmin_d2": -3.6, "tmin_d3": 2.2, "tmin_d4": 5.8, "tmin_d5": 4.6, "tmin_d6": -0.4, "day_of_year": 330, "uuid": "315302ac-b08c-468c-aace-bddbf91c897d", "inat_id": 192292300}}, {"type": "Feature", "geometry": {"type": "Point", "coordinates": [-122.2939708829, 45.1839325774]}, "properties": {"species": "Cantharellus formosus", "date": "2023-11-26", "location": "Colton, OR 97017, USA", "elevation": 483.0, "land_cover_label": "Tree cover", "water_mask": false, "exclude_reason": "keep", "ndvi": null, "soil_moisture": null, "solar_exposure": null, "wind_exposure": null, "water_retention": null, "slope": null, "aspect": null, "num_identification_agreements": 2, "cluster": 0, "tavg": null, "tmin": -3.3, "tmax": 10.6, "prcp_d0": 0.0, "prcp_d1": 0.0, "prcp_d2": 0.0, "prcp_d3": 0.0, "prcp_d4": 0.0, "prcp_d5": 19.51356506347656, "prcp_d6": 0.0, "tmax_d0": 11.4, "tmax_d1": 10.4, "tmax_d2": 7.9, "tmax_d3": 8.3, "tmax_d4": 12.0, "tmax_d5": 13.8, "tmax_d6": 13.8, "tmin_d0": 1.6, "tmin_d1": -0.2, "tmin_d2": -3.1, "tmin_d3": 2.8, "tmin_d4": 6.4, "tmin_d5": 5.2, "tmin_d6": 0.2, "day_of_year": 330, "uuid": "9e9805bf-2722-423a-8a9f-52f0f8378554", "inat_id": 192294572}}, {"type": "Feature", "geometry": {"type": "Point", "coordinates": [-122.2946508229, 45.1832418281]}, "properties": {"species": "Cantharellus formosus", "date": "2023-11-26", "location": "Colton, OR 97017, USA", "elevation": 513.0, "land_cover_label": "Tree cover", "water_mask": false, "exclude_reason": "keep", "ndvi": null, "soil_moisture": null, "solar_exposure": null, "wind_exposure": null, "water_retention": null, "slope": null, "aspect": null, "num_identification_agreements": 1, "cluster": 0, "tavg": null, "tmin": -3.3, "tmax": 10.6, "prcp_d0": 0.0, "prcp_d1": 0.0, "prcp_d2": 0.0, "prcp_d3": 0.0, "prcp_d4": 0.0, "prcp_d5": 19.51356506347656, "prcp_d6": 0.0, "tmax_d0": 11.4, "tmax_d1": 10.4, "tmax_d2": 7.9, "tmax_d3": 8.3, "tmax_d4": 12.0, "tmax_d5": 13.8, "tmax_d6": 13.8, "tmin_d0": 1.6, "tmin_d1": -0.2, "tmin_d2": -3.1, "tmin_d3": 2.8, "tmin_d4": 6.4, "tmin_d5": 5.2, "tmin_d6": 0.2, "day_of_year": 330, "uuid": "b51e5200-443d-4040-959d-96fb97bff179", "inat_id": 192295560}}, {"type": "Feature", "geometry": {"type": "Point", "coordinates": [-122.303075, 45.210763]}, "properties": {"species": "Cantharellus formosus", "date": "2023-12-07", "location": "Estacada, OR 97023, USA", "elevation": 423.0, "land_cover_label": "Tree cover", "water_mask": false, "exclude_reason": "keep", "ndvi": null, "soil_moisture": null, "solar_exposure": null, "wind_exposure": null, "water_retention": null, "slope": null, "aspect": null, "num_identification_agreements": 1, "cluster": 2, "tavg": null, "tmin": 5.0, "tmax": 8.9, "prcp_d0": 0.0, "prcp_d1": 23.169734954833984, "prcp_d2": 21.84033203125, "prcp_d3": 0.0, "prcp_d4": 32.760498046875, "prcp_d5": 43.6806640625, "prcp_d6": 0.0, "tmax_d0": 7.7, "tmax_d1": 13.1, "tmax_d2": 14.8, "tmax_d3": 14.4, "tmax_d4": 11.1, "tmax_d5": 6.9, "tmax_d6": 5.8, "tmin_d0": 3.8, "tmin_d1": 8.5, "tmin_d2": 11.7, "tmin_d3": 10.7, "tmin_d4": 5.3, "tmin_d5": 4.3, "tmin_d6": 1.4, "day_of_year": 341, "uuid": "53732647-008a-4561-a301-665b09201493", "inat_id": 193449224}}, {"type": "Feature", "geometry": {"type": "Point", "coordinates": [-122.0921139375, 45.5409930724]}, "properties": {"species": "Cantharellus formosus", "date": "2023-12-11", "location": "Zigzag Ranger Station, Corbett, OR, US", "elevation": 1077.0, "land_cover_label": "Tree cover", "water_mask": false, "exclude_reason": "keep", "ndvi": null, "soil_moisture": null, "solar_exposure": null, "wind_exposure": null, "water_retention": null, "slope": null, "aspect": null, "num_identification_agreements": 3, "cluster": 2, "tavg": null, "tmin": 7.8, "tmax": 12.2, "prcp_d0": 0.0, "prcp_d1": 35.02703094482422, "prcp_d2": 17.51351547241211, "prcp_d3": 0.0, "prcp_d4": 0.0, "prcp_d5": 35.02703094482422, "prcp_d6": 41.47269058227539, "tmax_d0": 5.3, "tmax_d1": 4.6, "tmax_d2": -0.3, "tmax_d3": -0.9, "tmax_d4": 3.5, "tmax_d5": 8.0, "tmax_d6": 9.2, "tmin_d0": 2.1, "tmin_d1": -1.1, "tmin_d2": -8.7, "tmin_d3": -3.9, "tmin_d4": -1.2, "tmin_d5": 3.9, "tmin_d6": 7.0, "day_of_year": 345, "uuid": "5fa44e54-e7a3-4fc1-be86-8dd5b89ac4ee", "inat_id": 194342566}}, {"type": "Feature", "geometry": {"type": "Point", "coordinates": [-122.2781563, 45.1830454997]}, "properties": {"species": "Cantharellus formosus", "date": "2023-12-31", "location": "Estacada, OR 97023, USA", "elevation": 513.0, "land_cover_label": "Tree cover", "water_mask": false, "exclude_reason": "keep", "ndvi": null, "soil_moisture": null, "solar_exposure": null, "wind_exposure": null, "water_retention": null, "slope": null, "aspect": null, "num_identification_agreements": 2, "cluster": 2, "tavg": null, "tmin": 3.3, "tmax": 7.2, "prcp_d0": 0.0, "prcp_d1": 0.0, "prcp_d2": 16.961780548095703, "prcp_d3": 0.0, "prcp_d4": 5.653926849365234, "prcp_d5": 16.961780548095703, "prcp_d6": 17.526142120361328, "tmax_d0": 8.4, "tmax_d1": 9.6, "tmax_d2": 11.1, "tmax_d3": 10.4, "tmax_d4": 9.0, "tmax_d5": 11.6, "tmax_d6": 6.8, "tmin_d0": 1.3, "tmin_d1": 5.1, "tmin_d2": 7.1, "tmin_d3": 4.0, "tmin_d4": 5.4, "tmin_d5": 4.4, "tmin_d6": 2.6, "day_of_year": 365, "uuid": "41dad2ab-8ae2-493f-b233-b46cf7b2e892", "inat_id": 195432006}}, {"type": "Feature", "geometry": {"type": "Point", "coordinates": [-122.2774119, 45.1826446]}, "properties": {"species": "Cantharellus formosus", "date": "2023-12-31", "location": "Estacada, OR 97023, USA", "elevation": 513.0, "land_cover_label": "Tree cover", "water_mask": false, "exclude_reason": "keep", "ndvi": null, "soil_moisture": null, "solar_exposure": null, "wind_exposure": null, "water_retention": null, "slope": null, "aspect": null, "num_identification_agreements": 1, "cluster": 2, "tavg": null, "tmin": 3.3, "tmax": 7.2, "prcp_d0": 0.0, "prcp_d1": 0.0, "prcp_d2": 16.961780548095703, "prcp_d3": 0.0, "prcp_d4": 5.653926849365234, "prcp_d5": 16.961780548095703, "prcp_d6": 17.526142120361328, "tmax_d0": 8.4, "tmax_d1": 9.5, "tmax_d2": 11.1, "tmax_d3": 10.3, "tmax_d4": 9.0, "tmax_d5": 11.5, "tmax_d6": 6.8, "tmin_d0": 1.2, "tmin_d1": 5.1, "tmin_d2": 7.1, "tmin_d3": 4.0, "tmin_d4": 5.4, "tmin_d5": 4.3, "tmin_d6": 2.5, "day_of_year": 365, "uuid": "8038a95a-af0c-420e-81f9-90d2c072f253", "inat_id": 195430557}}, {"type": "Feature", "geometry": {"type": "Point", "coordinates": [-122.2761346, 45.1825642]}, "properties": {"species": "Cantharellus formosus", "date": "2023-12-31", "location": "Estacada, OR 97023, USA", "elevation": 544.0, "land_cover_label": "Tree cover", "water_mask": false, "exclude_reason": "keep", "ndvi": null, "soil_moisture": null, "solar_exposure": null, "wind_exposure": null, "water_retention": null, "slope": null, "aspect": null, "num_identification_agreements": 1, "cluster": 2, "tavg": null, "tmin": 3.3, "tmax": 7.2, "prcp_d0": 0.0, "prcp_d1": 0.0, "prcp_d2": 16.961780548095703, "prcp_d3": 0.0, "prcp_d4": 5.653926849365234, "prcp_d5": 16.961780548095703, "prcp_d6": 17.526142120361328, "tmax_d0": 8.3, "tmax_d1": 9.5, "tmax_d2": 11.0, "tmax_d3": 10.3, "tmax_d4": 8.9, "tmax_d5": 11.5, "tmax_d6": 6.7, "tmin_d0": 1.2, "tmin_d1": 5.0, "tmin_d2": 7.0, "tmin_d3": 3.9, "tmin_d4": 5.3, "tmin_d5": 4.3, "tmin_d6": 2.5, "day_of_year": 365, "uuid": "40833ffe-e42d-4485-9917-e3e24dce746b", "inat_id": 195430808}}, {"type": "Feature", "geometry": {"type": "Point", "coordinates": [-122.224870809, 45.3064911766]}, "properties": {"species": "Cantharellus formosus", "date": "2024-08-13", "location": "Clackamas County, OR, USA", "elevation": 385.0, "land_cover_label": "Tree cover", "water_mask": false, "exclude_reason": "keep", "ndvi": null, "soil_moisture": null, "solar_exposure": null, "wind_exposure": null, "water_retention": null, "slope": null, "aspect": null, "num_identification_agreements": 1, "cluster": 0, "tavg": null, "tmin": 17.2, "tmax": 22.2, "prcp_d0": 0.0, "prcp_d1": 0.0, "prcp_d2": 0.0, "prcp_d3": 0.0, "prcp_d4": 0.0, "prcp_d5": 0.0, "prcp_d6": 0.0, "tmax_d0": 21.4, "tmax_d1": 23.1, "tmax_d2": 27.6, "tmax_d3": 27.7, "tmax_d4": 31.6, "tmax_d5": 31.9, "tmax_d6": 28.1, "tmin_d0": 12.0, "tmin_d1": 11.9, "tmin_d2": 13.4, "tmin_d3": 15.4, "tmin_d4": 15.6, "tmin_d5": 10.0, "tmin_d6": 9.6, "day_of_year": 226, "uuid": "19f20920-8125-4496-9795-38f850282d8f", "inat_id": 235730214}}, {"type": "Feature", "geometry": {"type": "Point", "coordinates": [-121.9341682573, 45.3660683558]}, "properties": {"species": "Cantharellus formosus", "date": "2024-08-31", "location": "Oregon, US", "elevation": 521.0, "land_cover_label": "Tree cover", "water_mask": false, "exclude_reason": "keep", "ndvi": null, "soil_moisture": null, "solar_exposure": null, "wind_exposure": null, "water_retention": null, "slope": null, "aspect": null, "num_identification_agreements": 1, "cluster": 0, "tavg": null, "tmin": 15.0, "tmax": 37.2, "prcp_d0": 0.0, "prcp_d1": 3.2016557725000894e-06, "prcp_d2": 0.0, "prcp_d3": 0.3296463191509247, "prcp_d4": 4.1676554679870605, "prcp_d5": 4.599911335390061e-06, "prcp_d6": 0.1051736548542976, "tmax_d0": 35.6, "tmax_d1": 31.1, "tmax_d2": 28.8, "tmax_d3": 22.0, "tmax_d4": 23.6, "tmax_d5": 24.4, "tmax_d6": 20.5, "tmin_d0": 12.8, "tmin_d1": 12.9, "tmin_d2": 9.9, "tmin_d3": 4.5, "tmin_d4": 11.5, "tmin_d5": 8.3, "tmin_d6": 7.2, "day_of_year": 244, "uuid": "98989487-6315-4482-836e-0725d22b9715", "inat_id": 240865597}}, {"type": "Feature", "geometry": {"type": "Point", "coordinates": [-122.2784843997, 45.1836365997]}, "properties": {"species": "Cantharellus formosus", "date": "2024-09-02", "location": "Estacada, OR 97023, USA", "elevation": 542.0, "land_cover_label": "Tree cover", "water_mask": false, "exclude_reason": "keep", "ndvi": null, "soil_moisture": null, "solar_exposure": null, "wind_exposure": null, "water_retention": null, "slope": null, "aspect": null, "num_identification_agreements": 1, "cluster": 0, "tavg": null, "tmin": 13.3, "tmax": 20.0, "prcp_d0": 0.0, "prcp_d1": 0.0, "prcp_d2": 0.0, "prcp_d3": 1.6616374978184467e-06, "prcp_d4": 0.0, "prcp_d5": 0.1263889670372009, "prcp_d6": 3.1100499629974365, "tmax_d0": 25.9, "tmax_d1": 31.2, "tmax_d2": 31.2, "tmax_d3": 30.6, "tmax_d4": 29.3, "tmax_d5": 20.6, "tmax_d6": 24.7, "tmin_d0": 11.2, "tmin_d1": 12.2, "tmin_d2": 12.4, "tmin_d3": 11.9, "tmin_d4": 10.5, "tmin_d5": 4.9, "tmin_d6": 11.8, "day_of_year": 246, "uuid": "97e1a652-bca1-4b67-abf1-b33f626f254d", "inat_id": 239874062}}, {"type": "Feature", "geometry": {"type": "Point", "coordinates": [-122.3282001776, 45.1870105424]}, "properties": {"species": "Cantharellus formosus", "date": "2024-09-02", "location": "Clackamas County, US-OR, US", "elevation": 416.0, "land_cover_label": "Tree cover", "water_mask": false, "exclude_reason": "keep", "ndvi": null, "soil_moisture": null, "solar_exposure": null, "wind_exposure": null, "water_retention": null, "slope": null, "aspect": null, "num_identification_agreements": 2, "cluster": 0, "tavg": null, "tmin": 13.3, "tmax": 20.0, "prcp_d0": 0.0, "prcp_d1": 0.0, "prcp_d2": 0.0, "prcp_d3": 1.591262275724148e-06, "prcp_d4": 0.0, "prcp_d5": 0.1220592185854911, "prcp_d6": 3.1057560443878174, "tmax_d0": 25.9, "tmax_d1": 31.1, "tmax_d2": 31.0, "tmax_d3": 31.1, "tmax_d4": 31.0, "tmax_d5": 21.4, "tmax_d6": 25.1, "tmin_d0": 11.8, "tmin_d1": 13.7, "tmin_d2": 12.2, "tmin_d3": 10.7, "tmin_d4": 10.5, "tmin_d5": 5.5, "tmin_d6": 12.7, "day_of_year": 246, "uuid": "949a2992-fc20-479f-b822-95f085aacc6e", "inat_id": 239874693}}, {"type": "Feature", "geometry": {"type": "Point", "coordinates": [-121.879529, 45.32002145]}, "properties": {"species": "Cantharellus formosus", "date": "2024-09-09", "location": "Mt. Hood Park Division Recreation Area, Rhododendron, OR, US", "elevation": 807.0, "land_cover_label": "Tree cover", "water_mask": false, "exclude_reason": "keep", "ndvi": null, "soil_moisture": null, "solar_exposure": null, "wind_exposure": null, "water_retention": null, "slope": null, "aspect": null, "num_identification_agreements": 1, "cluster": 0, "tavg": null, "tmin": 14.2, "tmax": 28.4, "prcp_d0": 0.0, "prcp_d1": 5.293259143829346, "prcp_d2": 0.0, "prcp_d3": 0.0, "prcp_d4": 0.0, "prcp_d5": 0.0, "prcp_d6": 0.0, "tmax_d0": 23.8, "tmax_d1": 28.3, "tmax_d2": 32.2, "tmax_d3": 34.1, "tmax_d4": 31.8, "tmax_d5": 29.3, "tmax_d6": 19.8, "tmin_d0": 13.1, "tmin_d1": 15.8, "tmin_d2": 16.0, "tmin_d3": 17.5, "tmin_d4": 17.6, "tmin_d5": 10.1, "tmin_d6": 10.7, "day_of_year": 253, "uuid": "09ad4d66-903e-4a95-a09c-07d747cb4676", "inat_id": 240840723}}, {"type": "Feature", "geometry": {"type": "Point", "coordinates": [-121.9327956976, 45.2559087346]}, "properties": {"species": "Cantharellus formosus", "date": "2024-09-12", "location": "Oregon, US", "elevation": 802.0, "land_cover_label": "Tree cover", "water_mask": false, "exclude_reason": "keep", "ndvi": null, "soil_moisture": null, "solar_exposure": null, "wind_exposure": null, "water_retention": null, "slope": null, "aspect": null, "num_identification_agreements": 1, "cluster": 0, "tavg": null, "tmin": 16.1, "tmax": 21.1, "prcp_d0": 5.786448001861572, "prcp_d1": 19.169233322143555, "prcp_d2": 0.0, "prcp_d3": 0.0, "prcp_d4": 0.0, "prcp_d5": 0.0, "prcp_d6": 0.0, "tmax_d0": 13.9, "tmax_d1": 19.9, "tmax_d2": 22.0, "tmax_d3": 24.2, "tmax_d4": 28.8, "tmax_d5": 32.6, "tmax_d6": 34.5, "tmin_d0": 10.1, "tmin_d1": 8.8, "tmin_d2": 12.4, "tmin_d3": 13.5, "tmin_d4": 16.3, "tmin_d5": 16.4, "tmin_d6": 17.9, "day_of_year": 256, "uuid": "93d16c5e-066e-4222-bc8a-edd978c432f6", "inat_id": 241384928}}, {"type": "Feature", "geometry": {"type": "Point", "coordinates": [-122.021394689, 45.2153903415]}, "properties": {"species": "Cantharellus formosus", "date": "2024-09-19", "location": "Clackamas County, US-OR, US", "elevation": 1260.0, "land_cover_label": "Tree cover", "water_mask": false, "exclude_reason": "keep", "ndvi": null, "soil_moisture": null, "solar_exposure": null, "wind_exposure": null, "water_retention": null, "slope": null, "aspect": null, "num_identification_agreements": 2, "cluster": 0, "tavg": null, "tmin": 13.3, "tmax": 23.9, "prcp_d0": 0.0, "prcp_d1": 0.0, "prcp_d2": 0.0, "prcp_d3": 0.0, "prcp_d4": 5.630091667175293, "prcp_d5": 0.4221982061862945, "prcp_d6": 1.1883975267410278, "tmax_d0": 14.3, "tmax_d1": 12.9, "tmax_d2": 14.0, "tmax_d3": 14.5, "tmax_d4": 12.6, "tmax_d5": 14.1, "tmax_d6": 15.0, "tmin_d0": 3.4, "tmin_d1": 7.2, "tmin_d2": 4.3, "tmin_d3": 2.2, "tmin_d4": 3.9, "tmin_d5": 6.8, "tmin_d6": 6.3, "day_of_year": 263, "uuid": "adcfb26b-4014-4054-a10c-5848c5f94c1d", "inat_id": 242801674}}, {"type": "Feature", "geometry": {"type": "Point", "coordinates": [-122.1526494373, 45.4247566484]}, "properties": {"species": "Cantharellus formosus", "date": "2024-09-20", "location": "Oregon, US", "elevation": 409.0, "land_cover_label": "Tree cover", "water_mask": false, "exclude_reason": "keep", "ndvi": null, "soil_moisture": null, "solar_exposure": null, "wind_exposure": null, "water_retention": null, "slope": null, "aspect": null, "num_identification_agreements": 1, "cluster": 0, "tavg": null, "tmin": 11.1, "tmax": 22.8, "prcp_d0": 0.0, "prcp_d1": 0.0, "prcp_d2": 0.0, "prcp_d3": 0.0, "prcp_d4": 0.0, "prcp_d5": 6.233067035675049, "prcp_d6": 0.6416639089584351, "tmax_d0": 18.2, "tmax_d1": 18.6, "tmax_d2": 17.7, "tmax_d3": 19.0, "tmax_d4": 19.3, "tmax_d5": 18.3, "tmax_d6": 19.4, "tmin_d0": 8.9, "tmin_d1": 9.4, "tmin_d2": 11.5, "tmin_d3": 8.7, "tmin_d4": 6.3, "tmin_d5": 8.9, "tmin_d6": 10.3, "day_of_year": 264, "uuid": "4f8c3e45-dc65-4432-aadc-c337af8ff9db", "inat_id": 243737860}}, {"type": "Feature", "geometry": {"type": "Point", "coordinates": [-122.3644746675, 45.1613861469]}, "properties": {"species": "Cantharellus formosus", "date": "2024-09-29", "location": "Clackamas County, US-OR, US", "elevation": 518.0, "land_cover_label": "Grassland", "water_mask": false, "exclude_reason": "keep", "ndvi": null, "soil_moisture": null, "solar_exposure": null, "wind_exposure": null, "water_retention": null, "slope": null, "aspect": null, "num_identification_agreements": 1, "cluster": 0, "tavg": null, "tmin": 7.8, "tmax": 19.4, "prcp_d0": 0.0, "prcp_d1": 0.0, "prcp_d2": 0.0, "prcp_d3": 0.0, "prcp_d4": 9.211159706115724, "prcp_d5": 0.0, "prcp_d6": 0.0, "tmax_d0": 19.6, "tmax_d1": 20.4, "tmax_d2": 19.1, "tmax_d3": 19.2, "tmax_d4": 28.8, "tmax_d5": 29.5, "tmax_d6": 23.2, "tmin_d0": 5.9, "tmin_d1": 9.8, "tmin_d2": 12.9, "tmin_d3": 7.2, "tmin_d4": 13.7, "tmin_d5": 12.6, "tmin_d6": 11.9, "day_of_year": 273, "uuid": "46194cf6-cad7-4573-a998-e8231ed12d1b", "inat_id": 244968247}}, {"type": "Feature", "geometry": {"type": "Point", "coordinates": [-122.1323, 45.531546673]}, "properties": {"species": "Cantharellus formosus", "date": "2024-10-05", "location": "Corbett, Corbett, OR, US", "elevation": 660.0, "land_cover_label": "Tree cover", "water_mask": false, "exclude_reason": "keep", "ndvi": null, "soil_moisture": null, "solar_exposure": null, "wind_exposure": null, "water_retention": null, "slope": null, "aspect": null, "num_identification_agreements": 3, "cluster": 1, "tavg": null, "tmin": 11.1, "tmax": 22.8, "prcp_d0": 1.7354047298431396, "prcp_d1": 35.3198356628418, "prcp_d2": 0.0, "prcp_d3": 1.5532913208007812, "prcp_d4": 0.0, "prcp_d5": 0.0, "prcp_d6": 0.0, "tmax_d0": 18.7, "tmax_d1": 17.8, "tmax_d2": 19.1, "tmax_d3": 18.3, "tmax_d4": 20.4, "tmax_d5": 18.0, "tmax_d6": 17.3, "tmin_d0": 4.1, "tmin_d1": 6.2, "tmin_d2": 5.3, "tmin_d3": 6.6, "tmin_d4": 7.0, "tmin_d5": 4.1, "tmin_d6": 5.6, "day_of_year": 279, "uuid": "3b164946-4138-47c2-b986-5ec8b7ed87ed", "inat_id": 246195300}}, {"type": "Feature", "geometry": {"type": "Point", "coordinates": [-122.1444444444, 45.3587055556]}, "properties": {"species": "Cantharellus formosus", "date": "2024-10-12", "location": "Sandy, OR 97055, USA", "elevation": 435.0, "land_cover_label": "Tree cover", "water_mask": false, "exclude_reason": "keep", "ndvi": null, "soil_moisture": null, "solar_exposure": null, "wind_exposure": null, "water_retention": null, "slope": null, "aspect": null, "num_identification_agreements": 1, "cluster": 1, "tavg": null, "tmin": 8.9, "tmax": 24.4, "prcp_d0": 0.0, "prcp_d1": 29.28042793273925, "prcp_d2": 0.0, "prcp_d3": 0.0, "prcp_d4": 0.0, "prcp_d5": 0.0, "prcp_d6": 0.0, "tmax_d0": 21.9, "tmax_d1": 22.8, "tmax_d2": 18.4, "tmax_d3": 17.1, "tmax_d4": 24.0, "tmax_d5": 26.0, "tmax_d6": 19.6, "tmin_d0": 8.6, "tmin_d1": 8.2, "tmin_d2": 0.7, "tmin_d3": 10.6, "tmin_d4": 10.5, "tmin_d5": 6.4, "tmin_d6": 5.3, "day_of_year": 286, "uuid": "0312cbad-8ef3-4029-953b-355420c09f8c", "inat_id": 247773432}}, {"type": "Feature", "geometry": {"type": "Point", "coordinates": [-122.0942217484, 45.5057472502]}, "properties": {"species": "Cantharellus formosus", "date": "2024-10-12", "location": "Multnomah County, US-OR, US", "elevation": 805.0, "land_cover_label": "Tree cover", "water_mask": false, "exclude_reason": "keep", "ndvi": null, "soil_moisture": null, "solar_exposure": null, "wind_exposure": null, "water_retention": null, "slope": null, "aspect": null, "num_identification_agreements": 2, "cluster": 0, "tavg": null, "tmin": 8.9, "tmax": 24.4, "prcp_d0": 0.0, "prcp_d1": 13.189251899719238, "prcp_d2": 0.0, "prcp_d3": 0.0, "prcp_d4": 0.0, "prcp_d5": 0.0, "prcp_d6": 0.0, "tmax_d0": 19.7, "tmax_d1": 17.6, "tmax_d2": 15.6, "tmax_d3": 15.0, "tmax_d4": 21.3, "tmax_d5": 23.2, "tmax_d6": 17.6, "tmin_d0": 6.9, "tmin_d1": 5.5, "tmin_d2": 2.5, "tmin_d3": 8.9, "tmin_d4": 9.0, "tmin_d5": 5.0, "tmin_d6": 4.0, "day_of_year": 286, "uuid": "3eb093af-28db-431d-aa84-4cdaf0e7cc10", "inat_id": 246998430}}, {"type": "Feature", "geometry": {"type": "Point", "coordinates": [-122.1170346066, 45.2603226059]}, "properties": {"species": "Cantharellus formosus", "date": "2024-10-13", "location": "Estacada, OR 97023, USA", "elevation": 841.0, "land_cover_label": "Tree cover", "water_mask": false, "exclude_reason": "keep", "ndvi": null, "soil_moisture": null, "solar_exposure": null, "wind_exposure": null, "water_retention": null, "slope": null, "aspect": null, "num_identification_agreements": 1, "cluster": 0, "tavg": null, "tmin": 8.9, "tmax": 23.9, "prcp_d0": 0.0, "prcp_d1": 0.0, "prcp_d2": 0.0, "prcp_d3": 0.0, "prcp_d4": 0.0, "prcp_d5": 0.0, "prcp_d6": 0.0, "tmax_d0": 21.2, "tmax_d1": 21.0, "tmax_d2": 21.6, "tmax_d3": 16.9, "tmax_d4": 16.1, "tmax_d5": 22.5, "tmax_d6": 25.4, "tmin_d0": 6.4, "tmin_d1": 9.2, "tmin_d2": 6.4, "tmin_d3": 0.8, "tmin_d4": 9.2, "tmin_d5": 8.3, "tmin_d6": 7.7, "day_of_year": 287, "uuid": "f9051219-3608-4622-b452-4d6808e81fc2", "inat_id": 247587476}}, {"type": "Feature", "geometry": {"type": "Point", "coordinates": [-121.9981080764, 45.2767703572]}, "properties": {"species": "Cantharellus formosus", "date": "2024-10-13", "location": "Oregon, US", "elevation": 914.0, "land_cover_label": "Tree cover", "water_mask": false, "exclude_reason": "keep", "ndvi": null, "soil_moisture": null, "solar_exposure": null, "wind_exposure": null, "water_retention": null, "slope": null, "aspect": null, "num_identification_agreements": 1, "cluster": 0, "tavg": null, "tmin": 8.9, "tmax": 23.9, "prcp_d0": 0.0, "prcp_d1": 0.0, "prcp_d2": 19.02330207824707, "prcp_d3": 0.0, "prcp_d4": 0.0, "prcp_d5": 0.0, "prcp_d6": 0.0, "tmax_d0": 21.5, "tmax_d1": 20.4, "tmax_d2": 20.7, "tmax_d3": 16.3, "tmax_d4": 14.9, "tmax_d5": 21.8, "tmax_d6": 24.0, "tmin_d0": 5.4, "tmin_d1": 8.9, "tmin_d2": 6.2, "tmin_d3": -1.0, "tmin_d4": 8.1, "tmin_d5": 9.2, "tmin_d6": 8.0, "day_of_year": 287, "uuid": "7c751eb9-9a6e-4c6e-9cee-106e84ecce44", "inat_id": 247845425}}, {"type": "Feature", "geometry": {"type": "Point", "coordinates": [-122.112156482, 45.4981858164]}, "properties": {"species": "Cantharellus formosus", "date": "2024-10-19", "location": "Oregon, US", "elevation": 711.0, "land_cover_label": "Tree cover", "water_mask": false, "exclude_reason": "keep", "ndvi": null, "soil_moisture": null, "solar_exposure": null, "wind_exposure": null, "water_retention": null, "slope": null, "aspect": null, "num_identification_agreements": 1, "cluster": 0, "tavg": null, "tmin": 12.2, "tmax": 22.8, "prcp_d0": 0.0, "prcp_d1": 0.0, "prcp_d2": 0.0, "prcp_d3": 0.0, "prcp_d4": 0.0, "prcp_d5": 0.0, "prcp_d6": 0.0, "tmax_d0": 16.0, "tmax_d1": 9.5, "tmax_d2": 7.9, "tmax_d3": 11.3, "tmax_d4": 15.3, "tmax_d5": 18.8, "tmax_d6": 21.1, "tmin_d0": 6.2, "tmin_d1": 3.1, "tmin_d2": 3.5, "tmin_d3": 7.8, "tmin_d4": 11.6, "tmin_d5": 9.8, "tmin_d6": 6.8, "day_of_year": 293, "uuid": "ff2690e2-8730-4a51-8762-725618ed1009", "inat_id": 249561815}}, {"type": "Feature", "geometry": {"type": "Point", "coordinates": [-122.5658682484, 45.1478518978]}, "properties": {"species": "Cantharellus formosus", "date": "2024-10-20", "location": "Oak St, Molalla, OR, US", "elevation": 124.0, "land_cover_label": "Tree cover", "water_mask": false, "exclude_reason": "keep", "ndvi": null, "soil_moisture": null, "solar_exposure": null, "wind_exposure": null, "water_retention": null, "slope": null, "aspect": null, "num_identification_agreements": 1, "cluster": 0, "tavg": null, "tmin": 8.3, "tmax": 20.6, "prcp_d0": 0.0, "prcp_d1": 2.6137683391571045, "prcp_d2": 0.0, "prcp_d3": 12.968427658081056, "prcp_d4": 2.9006056785583496, "prcp_d5": 19.06145668029785, "prcp_d6": 3.393206119537353, "tmax_d0": 20.4, "tmax_d1": 20.8, "tmax_d2": 13.4, "tmax_d3": 13.9, "tmax_d4": 15.7, "tmax_d5": 20.1, "tmax_d6": 20.7, "tmin_d0": 7.6, "tmin_d1": 11.2, "tmin_d2": 5.4, "tmin_d3": 7.3, "tmin_d4": 11.1, "tmin_d5": 12.8, "tmin_d6": 9.4, "day_of_year": 294, "uuid": "29e2d1c0-d883-4ccf-9fe7-f6430378fd0a", "inat_id": 248338348}}, {"type": "Feature", "geometry": {"type": "Point", "coordinates": [-121.9741111111, 45.3399055556]}, "properties": {"species": "Cantharellus formosus", "date": "2024-10-22", "location": "Mt Hood Village, OR, USA", "elevation": 411.0, "land_cover_label": "Tree cover", "water_mask": false, "exclude_reason": "keep", "ndvi": null, "soil_moisture": null, "solar_exposure": null, "wind_exposure": null, "water_retention": null, "slope": null, "aspect": null, "num_identification_agreements": 1, "cluster": 1, "tavg": null, "tmin": 7.2, "tmax": 15.6, "prcp_d0": 0.0, "prcp_d1": 103.77406311035156, "prcp_d2": 0.0, "prcp_d3": 0.0, "prcp_d4": 0.0, "prcp_d5": 0.0, "prcp_d6": 0.0, "tmax_d0": 14.7, "tmax_d1": 17.5, "tmax_d2": 20.5, "tmax_d3": 19.6, "tmax_d4": 12.2, "tmax_d5": 9.7, "tmax_d6": 13.6, "tmin_d0": 4.4, "tmin_d1": 9.4, "tmin_d2": 9.5, "tmin_d3": 8.3, "tmin_d4": 3.1, "tmin_d5": 5.9, "tmin_d6": 9.9, "day_of_year": 296, "uuid": "a08e6b97-607b-4785-838c-60732a5df4b0", "inat_id": 248673699}}, {"type": "Feature", "geometry": {"type": "Point", "coordinates": [-121.9917771599, 45.2055328795]}, "properties": {"species": "Cantharellus formosus", "date": "2024-10-23", "location": "Oregon, US", "elevation": 877.0, "land_cover_label": "Tree cover", "water_mask": false, "exclude_reason": "keep", "ndvi": null, "soil_moisture": null, "solar_exposure": null, "wind_exposure": null, "water_retention": null, "slope": null, "aspect": null, "num_identification_agreements": 1, "cluster": 1, "tavg": null, "tmin": 5.6, "tmax": 14.4, "prcp_d0": 0.0, "prcp_d1": 0.0, "prcp_d2": 115.92316436767578, "prcp_d3": 0.0, "prcp_d4": 0.0, "prcp_d5": 0.0, "prcp_d6": 0.0, "tmax_d0": 9.0, "tmax_d1": 10.8, "tmax_d2": 14.4, "tmax_d3": 18.2, "tmax_d4": 17.6, "tmax_d5": 8.8, "tmax_d6": 6.9, "tmin_d0": 0.8, "tmin_d1": 1.7, "tmin_d2": 6.2, "tmin_d3": 7.8, "tmin_d4": 5.4, "tmin_d5": 0.6, "tmin_d6": 2.4, "day_of_year": 297, "uuid": "3fd3b656-b2a0-4723-a2d2-78518e40b4a5", "inat_id": 248800134}}, {"type": "Feature", "geometry": {"type": "Point", "coordinates": [-121.9048473984, 44.9911751792]}, "properties": {"species": "Cantharellus formosus", "date": "2024-10-25", "location": "Clackamas County, OR, USA", "elevation": 802.0, "land_cover_label": "Tree cover", "water_mask": false, "exclude_reason": "keep", "ndvi": null, "soil_moisture": null, "solar_exposure": null, "wind_exposure": null, "water_retention": null, "slope": null, "aspect": null, "num_identification_agreements": 1, "cluster": 2, "tavg": null, "tmin": null, "tmax": null, "prcp_d0": 0.0, "prcp_d1": 0.0, "prcp_d2": 0.0, "prcp_d3": 0.0, "prcp_d4": 62.25014114379883, "prcp_d5": 0.0, "prcp_d6": 0.0, "tmax_d0": 15.6, "tmax_d1": 12.7, "tmax_d2": 10.8, "tmax_d3": 12.5, "tmax_d4": 15.8, "tmax_d5": 19.2, "tmax_d6": 19.5, "tmin_d0": -0.3, "tmin_d1": -1.6, "tmin_d2": 2.3, "tmin_d3": 2.7, "tmin_d4": 8.1, "tmin_d5": 8.8, "tmin_d6": 8.5, "day_of_year": 299, "uuid": "d3488eaf-a08e-4d58-9627-53568d0adb9a", "inat_id": 249284268}}, {"type": "Feature", "geometry": {"type": "Point", "coordinates": [-122.0599055, 45.3724783333]}, "properties": {"species": "Cantharellus formosus", "date": "2024-10-29", "location": "Sandy, OR, US", "elevation": 522.0, "land_cover_label": "Tree cover", "water_mask": false, "exclude_reason": "keep", "ndvi": null, "soil_moisture": null, "solar_exposure": null, "wind_exposure": null, "water_retention": null, "slope": null, "aspect": null, "num_identification_agreements": 2, "cluster": 0, "tavg": null, "tmin": 6.7, "tmax": 13.9, "prcp_d0": 0.0, "prcp_d1": 0.0, "prcp_d2": 0.0, "prcp_d3": 0.0, "prcp_d4": 0.0, "prcp_d5": 0.0, "prcp_d6": 0.0, "tmax_d0": 7.7, "tmax_d1": 8.9, "tmax_d2": 15.4, "tmax_d3": 16.9, "tmax_d4": 18.1, "tmax_d5": 14.0, "tmax_d6": 11.2, "tmin_d0": 4.3, "tmin_d1": 4.3, "tmin_d2": 7.8, "tmin_d3": 10.1, "tmin_d4": 4.6, "tmin_d5": -1.4, "tmin_d6": 2.0, "day_of_year": 303, "uuid": "cddab203-668e-4901-b08e-639b7ed28548", "inat_id": 249666391}}, {"type": "Feature", "geometry": {"type": "Point", "coordinates": [-122.0488679409, 45.6176085944]}, "properties": {"species": "Cantharellus formosus", "date": "2024-11-03", "location": "Stevenson, WA 98648, USA", "elevation": 48.0, "land_cover_label": "Grassland", "water_mask": false, "exclude_reason": "keep", "ndvi": null, "soil_moisture": null, "solar_exposure": null, "wind_exposure": null, "water_retention": null, "slope": null, "aspect": null, "num_identification_agreements": 1, "cluster": 0, "tavg": null, "tmin": 10.0, "tmax": 14.4, "prcp_d0": 0.0, "prcp_d1": 0.0, "prcp_d2": 0.0, "prcp_d3": 0.0, "prcp_d4": 0.0, "prcp_d5": 0.0, "prcp_d6": 0.0, "tmax_d0": 11.5, "tmax_d1": 10.9, "tmax_d2": 10.8, "tmax_d3": 7.7, "tmax_d4": 10.3, "tmax_d5": 10.8, "tmax_d6": 11.2, "tmin_d0": 8.1, "tmin_d1": 8.3, "tmin_d2": 6.4, "tmin_d3": 5.6, "tmin_d4": 3.8, "tmin_d5": 8.0, "tmin_d6": 8.3, "day_of_year": 308, "uuid": "f419d2ae-7aba-4ef3-b4e8-0e6441549ae8", "inat_id": 250440653}}, {"type": "Feature", "geometry": {"type": "Point", "coordinates": [-121.9656083333, 45.3381194444]}, "properties": {"species": "Cantharellus formosus", "date": "2024-11-13", "location": "Welches, Mt Hood Village, OR 97067, USA", "elevation": 420.0, "land_cover_label": "Tree cover", "water_mask": false, "exclude_reason": "keep", "ndvi": null, "soil_moisture": null, "solar_exposure": null, "wind_exposure": null, "water_retention": null, "slope": null, "aspect": null, "num_identification_agreements": 1, "cluster": 1, "tavg": null, "tmin": 10.6, "tmax": 13.9, "prcp_d0": 99.05007934570312, "prcp_d1": 0.0, "prcp_d2": 19.81001663208008, "prcp_d3": 0.0, "prcp_d4": 0.0, "prcp_d5": 0.0, "prcp_d6": 0.0, "tmax_d0": 10.4, "tmax_d1": 8.9, "tmax_d2": 12.7, "tmax_d3": 13.9, "tmax_d4": 13.8, "tmax_d5": 18.5, "tmax_d6": 18.8, "tmin_d0": 6.4, "tmin_d1": 5.7, "tmin_d2": 7.4, "tmin_d3": 7.3, "tmin_d4": 7.2, "tmin_d5": 5.3, "tmin_d6": 6.3, "day_of_year": 318, "uuid": "3bb1f2eb-ac59-468d-b8f4-45fe387f16b2", "inat_id": 252458107}}, {"type": "Feature", "geometry": {"type": "Point", "coordinates": [-122.3456385801, 45.1364822772]}, "properties": {"species": "Cantharellus formosus", "date": "2024-11-16", "location": "Colton, Colton, OR, US", "elevation": 972.0, "land_cover_label": "Tree cover", "water_mask": false, "exclude_reason": "keep", "ndvi": null, "soil_moisture": null, "solar_exposure": null, "wind_exposure": null, "water_retention": null, "slope": null, "aspect": null, "num_identification_agreements": 1, "cluster": 1, "tavg": null, "tmin": 1.1, "tmax": 8.9, "prcp_d0": 0.0, "prcp_d1": 0.0, "prcp_d2": 28.4597396850586, "prcp_d3": 71.14934539794922, "prcp_d4": 0.0, "prcp_d5": 0.0, "prcp_d6": 0.0, "tmax_d0": 3.2, "tmax_d1": 3.3, "tmax_d2": 5.6, "tmax_d3": 7.0, "tmax_d4": 6.1, "tmax_d5": 9.9, "tmax_d6": 10.4, "tmin_d0": -2.9, "tmin_d1": -1.3, "tmin_d2": 2.2, "tmin_d3": 3.1, "tmin_d4": 2.2, "tmin_d5": 3.3, "tmin_d6": 4.2, "day_of_year": 321, "uuid": "b0299ba6-31e0-46a7-95fb-8dbe08335c6e", "inat_id": 251931771}}, {"type": "Feature", "geometry": {"type": "Point", "coordinates": [-122.3289514072, 45.134504131]}, "properties": {"species": "Cantharellus formosus", "date": "2024-11-21", "location": "Clackamas County, US-OR, US", "elevation": 1051.0, "land_cover_label": "Tree cover", "water_mask": false, "exclude_reason": "keep", "ndvi": null, "soil_moisture": null, "solar_exposure": null, "wind_exposure": null, "water_retention": null, "slope": null, "aspect": null, "num_identification_agreements": 1, "cluster": 1, "tavg": null, "tmin": 3.9, "tmax": 11.7, "prcp_d0": 9.185931205749512, "prcp_d1": 114.8990707397461, "prcp_d2": 0.0, "prcp_d3": 28.724767684936523, "prcp_d4": 0.0, "prcp_d5": 0.0, "prcp_d6": 0.0, "tmax_d0": 8.1, "tmax_d1": 6.0, "tmax_d2": 4.1, "tmax_d3": 0.3, "tmax_d4": 5.1, "tmax_d5": 2.9, "tmax_d6": 3.0, "tmin_d0": -0.6, "tmin_d1": 0.5, "tmin_d2": -2.8, "tmin_d3": -2.2, "tmin_d4": 0.9, "tmin_d5": -3.3, "tmin_d6": -1.6, "day_of_year": 326, "uuid": "524d286c-3965-4bea-bfbd-473ce093832b", "inat_id": 252550393}}, {"type": "Feature", "geometry": {"type": "Point", "coordinates": [-122.281367518, 45.1819380545]}, "properties": {"species": "Cantharellus formosus", "date": "2024-12-19", "location": "Estacada, OR 97023, USA", "elevation": 587.0, "land_cover_label": "Tree cover", "water_mask": false, "exclude_reason": "keep", "ndvi": null, "soil_moisture": null, "solar_exposure": null, "wind_exposure": null, "water_retention": null, "slope": null, "aspect": null, "num_identification_agreements": 1, "cluster": 1, "tavg": null, "tmin": 6.1, "tmax": 10.6, "prcp_d0": 0.0, "prcp_d1": 21.021635055541992, "prcp_d2": 10.510817527770996, "prcp_d3": 21.021635055541992, "prcp_d4": 0.0, "prcp_d5": 13.332602500915527, "prcp_d6": 6.666301250457764, "tmax_d0": 13.9, "tmax_d1": 12.1, "tmax_d2": 8.4, "tmax_d3": 9.6, "tmax_d4": 5.7, "tmax_d5": 7.0, "tmax_d6": 5.0, "tmin_d0": 3.3, "tmin_d1": 7.3, "tmin_d2": 4.0, "tmin_d3": 2.6, "tmin_d4": 1.0, "tmin_d5": 4.0, "tmin_d6": 0.8, "day_of_year": 354, "uuid": "1ff20e48-0397-41c1-a1ce-564092c08612", "inat_id": 255746252}}, {"type": "Feature", "geometry": {"type": "Point", "coordinates": [-122.28067182, 45.1839959094]}, "properties": {"species": "Cantharellus formosus", "date": "2024-12-19", "location": "Estacada, OR 97023, USA", "elevation": 502.0, "land_cover_label": "Tree cover", "water_mask": false, "exclude_reason": "keep", "ndvi": null, "soil_moisture": null, "solar_exposure": null, "wind_exposure": null, "water_retention": null, "slope": null, "aspect": null, "num_identification_agreements": 1, "cluster": 1, "tavg": null, "tmin": 6.1, "tmax": 10.6, "prcp_d0": 0.0, "prcp_d1": 21.021635055541992, "prcp_d2": 10.510817527770996, "prcp_d3": 21.021635055541992, "prcp_d4": 0.0, "prcp_d5": 13.332602500915527, "prcp_d6": 6.666301250457764, "tmax_d0": 14.3, "tmax_d1": 12.6, "tmax_d2": 8.8, "tmax_d3": 10.0, "tmax_d4": 6.2, "tmax_d5": 7.5, "tmax_d6": 5.4, "tmin_d0": 3.7, "tmin_d1": 7.7, "tmin_d2": 4.5, "tmin_d3": 3.0, "tmin_d4": 1.4, "tmin_d5": 4.5, "tmin_d6": 1.3, "day_of_year": 354, "uuid": "2e83a80c-c402-433e-98fe-0c7bfca74b99", "inat_id": 255746457}}, {"type": "Feature", "geometry": {"type": "Point", "coordinates": [-121.9760194444, 45.6232944444]}, "properties": {"species": "Cantharellus formosus", "date": "2024-12-29", "location": "Cascade Locks, OR 97014, USA", "elevation": 54.0, "land_cover_label": "Tree cover", "water_mask": false, "exclude_reason": "keep", "ndvi": null, "soil_moisture": null, "solar_exposure": null, "wind_exposure": null, "water_retention": null, "slope": null, "aspect": null, "num_identification_agreements": 1, "cluster": 1, "tavg": null, "tmin": 5.6, "tmax": 11.7, "prcp_d0": 46.06866455078125, "prcp_d1": 0.0, "prcp_d2": 46.06866455078125, "prcp_d3": 69.10298919677734, "prcp_d4": 36.25732421875, "prcp_d5": 45.3216552734375, "prcp_d6": 0.0, "tmax_d0": 8.4, "tmax_d1": 9.1, "tmax_d2": 10.3, "tmax_d3": 9.1, "tmax_d4": 7.9, "tmax_d5": 9.2, "tmax_d6": 9.9, "tmin_d0": 4.0, "tmin_d1": 6.5, "tmin_d2": 4.2, "tmin_d3": 3.0, "tmin_d4": 3.7, "tmin_d5": 6.9, "tmin_d6": 6.2, "day_of_year": 364, "uuid": "f720f3c0-5571-4a11-b472-59926b4bf3db", "inat_id": 256728483}}, {"type": "Feature", "geometry": {"type": "Point", "coordinates": [-122.2245774875, 45.3066238333]}, "properties": {"species": "Cantharellus formosus", "date": "2025-07-14", "location": "Clackamas County, OR, USA", "elevation": 385.0, "land_cover_label": "Tree cover", "water_mask": false, "exclude_reason": "keep", "ndvi": null, "soil_moisture": null, "solar_exposure": null, "wind_exposure": null, "water_retention": null, "slope": null, "aspect": null, "num_identification_agreements": 1, "cluster": 0, "tavg": null, "tmin": 16.7, "tmax": 27.8, "prcp_d0": 0.0, "prcp_d1": 0.0, "prcp_d2": 0.0, "prcp_d3": 0.0, "prcp_d4": 0.0, "prcp_d5": 0.0, "prcp_d6": 0.0, "tmax_d0": 31.3, "tmax_d1": 31.3, "tmax_d2": 28.3, "tmax_d3": 28.3, "tmax_d4": 25.6, "tmax_d5": 28.9, "tmax_d6": 28.9, "tmin_d0": 15.8, "tmin_d1": 13.2, "tmin_d2": 12.2, "tmin_d3": 11.0, "tmin_d4": 14.9, "tmin_d5": 13.7, "tmin_d6": 11.6, "day_of_year": 195, "uuid": "9a17a40f-75f8-4116-b366-0ec4a11a1413", "inat_id": 298177784}}, {"type": "Feature", "geometry": {"type": "Point", "coordinates": [-122.3983719222, 45.060649359]}, "properties": {"species": "Cantharellus formosus", "date": "2025-08-15", "location": "Clackamas County, US-OR, US", "elevation": 744.0, "land_cover_label": "Tree cover", "water_mask": false, "exclude_reason": "keep", "ndvi": null, "soil_moisture": null, "solar_exposure": null, "wind_exposure": null, "water_retention": null, "slope": null, "aspect": null, "num_identification_agreements": 1, "cluster": 0, "tavg": null, "tmin": 17.8, "tmax": 24.4, "prcp_d0": 0.0, "prcp_d1": 0.0, "prcp_d2": 0.0, "prcp_d3": 0.0, "prcp_d4": 0.0, "prcp_d5": 0.0, "prcp_d6": 0.0, "tmax_d0": 21.3, "tmax_d1": 25.0, "tmax_d2": 28.8, "tmax_d3": 30.5, "tmax_d4": 30.3, "tmax_d5": 31.5, "tmax_d6": 22.5, "tmin_d0": 14.3, "tmin_d1": 13.1, "tmin_d2": 16.2, "tmin_d3": 20.4, "tmin_d4": 20.0, "tmin_d5": 12.9, "tmin_d6": 11.9, "day_of_year": 227, "uuid": "f1709f39-925a-4bb8-8fcc-03a23b722d76", "inat_id": 306667085}}, {"type": "Feature", "geometry": {"type": "Point", "coordinates": [-122.2445045307, 45.119278054]}, "properties": {"species": "Cantharellus formosus", "date": "2025-08-15", "location": "Clackamas County, US-OR, US", "elevation": 983.0, "land_cover_label": "Tree cover", "water_mask": false, "exclude_reason": "keep", "ndvi": null, "soil_moisture": null, "solar_exposure": null, "wind_exposure": null, "water_retention": null, "slope": null, "aspect": null, "num_identification_agreements": 1, "cluster": 0, "tavg": null, "tmin": 17.8, "tmax": 24.4, "prcp_d0": 0.0, "prcp_d1": 0.0, "prcp_d2": 0.0, "prcp_d3": 0.0, "prcp_d4": 0.0, "prcp_d5": 0.0, "prcp_d6": 0.0, "tmax_d0": 19.8, "tmax_d1": 23.1, "tmax_d2": 27.8, "tmax_d3": 28.5, "tmax_d4": 30.6, "tmax_d5": 32.2, "tmax_d6": 21.3, "tmin_d0": 13.6, "tmin_d1": 11.9, "tmin_d2": 13.7, "tmin_d3": 12.9, "tmin_d4": 13.2, "tmin_d5": 10.4, "tmin_d6": 7.8, "day_of_year": 227, "uuid": "76d4effd-bb90-48e2-82a9-d969fd927f64", "inat_id": 307035217}}, {"type": "Feature", "geometry": {"type": "Point", "coordinates": [-122.0157910567, 45.4599591646]}, "properties": {"species": "Cantharellus formosus", "date": "2025-08-26", "location": "Oregon, US", "elevation": 699.0, "land_cover_label": "Tree cover", "water_mask": false, "exclude_reason": "keep", "ndvi": null, "soil_moisture": null, "solar_exposure": null, "wind_exposure": null, "water_retention": null, "slope": null, "aspect": null, "num_identification_agreements": 1, "cluster": 0, "tavg": null, "tmin": 20.0, "tmax": 33.3, "prcp_d0": 12.133082389831545, "prcp_d1": 4.562813758850098, "prcp_d2": 0.0, "prcp_d3": 0.0, "prcp_d4": 0.0, "prcp_d5": 0.0, "prcp_d6": 0.0, "tmax_d0": 28.4, "tmax_d1": 27.9, "tmax_d2": 32.4, "tmax_d3": 33.8, "tmax_d4": 30.8, "tmax_d5": 27.2, "tmax_d6": 20.4, "tmin_d0": 15.0, "tmin_d1": 17.1, "tmin_d2": 16.0, "tmin_d3": 18.6, "tmin_d4": 15.3, "tmin_d5": 6.2, "tmin_d6": 9.2, "day_of_year": 238, "uuid": "04846cf3-2e48-4acc-b19c-582b81f0c1a4", "inat_id": 309382543}}, {"type": "Feature", "geometry": {"type": "Point", "coordinates": [-121.879529, 45.32002145]}, "properties": {"species": "Cantharellus formosus", "date": "2025-09-09", "location": "Mt. Hood Park Division Recreation Area, Rhododendron, OR, US", "elevation": 807.0, "land_cover_label": "Tree cover", "water_mask": false, "exclude_reason": "keep", "ndvi": null, "soil_moisture": null, "solar_exposure": null, "wind_exposure": null, "water_retention": null, "slope": null, "aspect": null, "num_identification_agreements": 1, "cluster": 0, "tavg": null, "tmin": 15.2, "tmax": 25.0, "prcp_d0": 7.31191349029541, "prcp_d1": 0.0, "prcp_d2": 7.31191349029541, "prcp_d3": 0.0, "prcp_d4": 8.623584747314453, "prcp_d5": 8.623584747314453, "prcp_d6": 0.0, "tmax_d0": 19.0, "tmax_d1": 22.0, "tmax_d2": 20.1, "tmax_d3": 25.1, "tmax_d4": 25.7, "tmax_d5": 28.7, "tmax_d6": 28.4, "tmin_d0": 11.3, "tmin_d1": 10.9, "tmin_d2": 11.6, "tmin_d3": 13.5, "tmin_d4": 16.7, "tmin_d5": 16.8, "tmin_d6": 16.0, "day_of_year": 252, "uuid": "5f6df903-5964-4974-94a1-b1de2f80ac4f", "inat_id": 312814869}}, {"type": "Feature", "geometry": {"type": "Point", "coordinates": [-121.9474234686, 45.547453872]}, "properties": {"species": "Cantharellus formosus", "date": "2025-09-12", "location": "Zigzag Ranger Station, Corbett, OR, US", "elevation": 1124.0, "land_cover_label": "Tree cover", "water_mask": false, "exclude_reason": "keep", "ndvi": null, "soil_moisture": null, "solar_exposure": null, "wind_exposure": null, "water_retention": null, "slope": null, "aspect": null, "num_identification_agreements": 1, "cluster": 0, "tavg": null, "tmin": 16.0, "tmax": 23.0, "prcp_d0": 0.0, "prcp_d1": 0.0, "prcp_d2": 8.038582801818848, "prcp_d3": 0.0, "prcp_d4": 0.0, "prcp_d5": 8.038582801818848, "prcp_d6": 8.038582801818848, "tmax_d0": 15.4, "tmax_d1": 15.6, "tmax_d2": 16.7, "tmax_d3": 16.7, "tmax_d4": 19.4, "tmax_d5": 16.7, "tmax_d6": 22.6, "tmin_d0": 9.1, "tmin_d1": 9.7, "tmin_d2": 9.0, "tmin_d3": 9.8, "tmin_d4": 8.9, "tmin_d5": 9.7, "tmin_d6": 11.6, "day_of_year": 255, "uuid": "a56fc275-40d4-4f52-9ebf-5a7234af4c01", "inat_id": 313396088}}, {"type": "Feature", "geometry": {"type": "Point", "coordinates": [-121.896484673, 45.2433856384]}, "properties": {"species": "Cantharellus formosus", "date": "2025-09-14", "location": "Oregon, US", "elevation": 844.0, "land_cover_label": "Tree cover", "water_mask": false, "exclude_reason": "keep", "ndvi": null, "soil_moisture": null, "solar_exposure": null, "wind_exposure": null, "water_retention": null, "slope": null, "aspect": null, "num_identification_agreements": 1, "cluster": 0, "tavg": null, "tmin": null, "tmax": null, "prcp_d0": 0.0, "prcp_d1": 0.0, "prcp_d2": 0.0, "prcp_d3": 0.0, "prcp_d4": 10.386439323425291, "prcp_d5": 5.193219661712647, "prcp_d6": 0.0, "tmax_d0": 20.5, "tmax_d1": 23.9, "tmax_d2": 20.4, "tmax_d3": 19.0, "tmax_d4": 20.0, "tmax_d5": 19.3, "tmax_d6": 23.1, "tmin_d0": 11.4, "tmin_d1": 10.9, "tmin_d2": 12.0, "tmin_d3": 12.6, "tmin_d4": 12.3, "tmin_d5": 12.0, "tmin_d6": 12.5, "day_of_year": 257, "uuid": "9f35cc70-7210-4373-84d9-2f8a644c78df", "inat_id": 315272104}}, {"type": "Feature", "geometry": {"type": "Point", "coordinates": [-122.1998494809, 45.5479371974]}, "properties": {"species": "Cantharellus formosus", "date": "2025-09-21", "location": "Oregon, US", "elevation": 12.0, "land_cover_label": "Grassland", "water_mask": false, "exclude_reason": "keep", "ndvi": null, "soil_moisture": null, "solar_exposure": null, "wind_exposure": null, "water_retention": null, "slope": null, "aspect": null, "num_identification_agreements": 1, "cluster": 0, "tavg": null, "tmin": 13.0, "tmax": 22.0, "prcp_d0": 0.0, "prcp_d1": 0.0, "prcp_d2": 0.0, "prcp_d3": 0.0, "prcp_d4": 0.0, "prcp_d5": 0.0, "prcp_d6": 0.0, "tmax_d0": 25.6, "tmax_d1": 25.7, "tmax_d2": 24.5, "tmax_d3": 25.8, "tmax_d4": 28.4, "tmax_d5": 29.5, "tmax_d6": 23.3, "tmin_d0": 13.6, "tmin_d1": 13.8, "tmin_d2": 11.2, "tmin_d3": 14.7, "tmin_d4": 13.0, "tmin_d5": 18.0, "tmin_d6": 8.1, "day_of_year": 264, "uuid": "a680d233-926b-4ec8-961d-4b8da8602a10", "inat_id": 315705465}}, {"type": "Feature", "geometry": {"type": "Point", "coordinates": [-122.2992560784, 45.0880181262]}, "properties": {"species": "Cantharellus formosus", "date": "2025-09-30", "location": "Clackamas County, US-OR, US", "elevation": 1029.0, "land_cover_label": "Tree cover", "water_mask": false, "exclude_reason": "keep", "ndvi": null, "soil_moisture": null, "solar_exposure": null, "wind_exposure": null, "water_retention": null, "slope": null, "aspect": null, "num_identification_agreements": 1, "cluster": 0, "tavg": null, "tmin": 9.0, "tmax": 21.0, "prcp_d0": 0.0, "prcp_d1": 20.418865203857425, "prcp_d2": 0.0, "prcp_d3": 0.0, "prcp_d4": 0.0, "prcp_d5": 0.0, "prcp_d6": 0.0, "tmax_d0": 15.2, "tmax_d1": 17.9, "tmax_d2": 21.0, "tmax_d3": 23.5, "tmax_d4": 17.5, "tmax_d5": 21.3, "tmax_d6": 26.0, "tmin_d0": 5.9, "tmin_d1": 9.2, "tmin_d2": 8.9, "tmin_d3": 7.2, "tmin_d4": 4.3, "tmin_d5": 10.0, "tmin_d6": 10.2, "day_of_year": 273, "uuid": "151daa9b-2533-4d8e-8b5c-c117aaf13539", "inat_id": 317906947}}, {"type": "Feature", "geometry": {"type": "Point", "coordinates": [-122.1125948966, 45.4713023451]}, "properties": {"species": "Cantharellus formosus", "date": "2025-10-12", "location": "Oregon, US", "elevation": 443.0, "land_cover_label": "Tree cover", "water_mask": false, "exclude_reason": "keep", "ndvi": null, "soil_moisture": null, "solar_exposure": null, "wind_exposure": null, "water_retention": null, "slope": null, "aspect": null, "num_identification_agreements": 1, "cluster": 1, "tavg": null, "tmin": 7.0, "tmax": 13.0, "prcp_d0": 15.718314170837402, "prcp_d1": 3.633111476898194, "prcp_d2": 8.140356063842773, "prcp_d3": 18.08539581298828, "prcp_d4": 0.0, "prcp_d5": 0.0, "prcp_d6": 0.0, "tmax_d0": 9.8, "tmax_d1": 12.9, "tmax_d2": 14.0, "tmax_d3": 14.6, "tmax_d4": 22.4, "tmax_d5": 23.8, "tmax_d6": 21.7, "tmin_d0": 6.8, "tmin_d1": 7.4, "tmin_d2": 7.7, "tmin_d3": 7.2, "tmin_d4": 7.1, "tmin_d5": 11.7, "tmin_d6": 7.1, "day_of_year": 285, "uuid": "b9dec278-42ad-455a-b280-d0baa5137eb5", "inat_id": 321868096}}, {"type": "Feature", "geometry": {"type": "Point", "coordinates": [-122.3964468138, 45.1480920734]}, "properties": {"species": "Cantharellus formosus", "date": "2025-10-14", "location": "Clackamas County, US-OR, US", "elevation": 449.0, "land_cover_label": "Tree cover", "water_mask": false, "exclude_reason": "keep", "ndvi": null, "soil_moisture": null, "solar_exposure": null, "wind_exposure": null, "water_retention": null, "slope": null, "aspect": null, "num_identification_agreements": 1, "cluster": 0, "tavg": null, "tmin": 6.0, "tmax": 18.0, "prcp_d0": 0.0, "prcp_d1": 5.10077714920044, "prcp_d2": 7.29334545135498, "prcp_d3": 0.0, "prcp_d4": 6.3032073974609375, "prcp_d5": 8.520467758178711, "prcp_d6": 0.0, "tmax_d0": 14.1, "tmax_d1": 12.9, "tmax_d2": 9.8, "tmax_d3": 12.3, "tmax_d4": 13.8, "tmax_d5": 14.7, "tmax_d6": 22.6, "tmin_d0": 4.7, "tmin_d1": 2.5, "tmin_d2": 7.3, "tmin_d3": 7.6, "tmin_d4": 8.5, "tmin_d5": 6.3, "tmin_d6": 7.3, "day_of_year": 287, "uuid": "4ba1e185-20ad-412c-a996-29340f94ce50", "inat_id": 320988111}}, {"type": "Feature", "geometry": {"type": "Point", "coordinates": [-122.0628413021, 45.4261078471]}, "properties": {"species": "Cantharellus formosus", "date": "2025-10-17", "location": "Oregon, US", "elevation": 737.0, "land_cover_label": "Tree cover", "water_mask": false, "exclude_reason": "keep", "ndvi": null, "soil_moisture": null, "solar_exposure": null, "wind_exposure": null, "water_retention": null, "slope": null, "aspect": null, "num_identification_agreements": 1, "cluster": 0, "tavg": null, "tmin": 7.0, "tmax": 17.0, "prcp_d0": 0.0, "prcp_d1": 0.0, "prcp_d2": 0.0, "prcp_d3": 0.0, "prcp_d4": 6.98116397857666, "prcp_d5": 13.150660514831545, "prcp_d6": 3.022261142730713, "tmax_d0": 10.5, "tmax_d1": 12.3, "tmax_d2": 14.2, "tmax_d3": 12.1, "tmax_d4": 8.2, "tmax_d5": 7.5, "tmax_d6": 9.6, "tmin_d0": 6.0, "tmin_d1": 1.7, "tmin_d2": 2.8, "tmin_d3": 3.0, "tmin_d4": 0.3, "tmin_d5": 4.8, "tmin_d6": 5.6, "day_of_year": 290, "uuid": "16651a77-3cdd-400d-bd18-aad554f73087", "inat_id": 321870296}}, {"type": "Feature", "geometry": {"type": "Point", "coordinates": [-122.1223361667, 44.6371466667]}, "properties": {"species": "Cantharellus formosus", "date": "2025-10-20", "location": "Willamette National Forest, Idanha, OR, US", "elevation": 651.0, "land_cover_label": "Tree cover", "water_mask": false, "exclude_reason": "keep", "ndvi": null, "soil_moisture": null, "solar_exposure": null, "wind_exposure": null, "water_retention": null, "slope": null, "aspect": null, "num_identification_agreements": 1, "cluster": 0, "tavg": null, "tmin": null, "tmax": null, "prcp_d0": 1.9966390132904053, "prcp_d1": 14.512917518615724, "prcp_d2": 0.0, "prcp_d3": 0.0, "prcp_d4": 0.0, "prcp_d5": 0.0, "prcp_d6": 0.0, "tmax_d0": 16.6, "tmax_d1": 17.6, "tmax_d2": 20.7, "tmax_d3": 14.3, "tmax_d4": 15.8, "tmax_d5": 16.6, "tmax_d6": 13.0, "tmin_d0": 3.6, "tmin_d1": 7.6, "tmin_d2": -1.2, "tmin_d3": 6.1, "tmin_d4": -0.9, "tmin_d5": 0.0, "tmin_d6": 2.4, "day_of_year": 293, "uuid": "30c82d3d-ed38-45bc-bcde-f30a5dffc6e0", "inat_id": 322177675}}, {"type": "Feature", "geometry": {"type": "Point", "coordinates": [-122.0089345707, 45.5893262077]}, "properties": {"species": "Cantharellus formosus", "date": "2025-10-31", "location": "Oregon, US", "elevation": 974.0, "land_cover_label": "Tree cover", "water_mask": false, "exclude_reason": "keep", "ndvi": null, "soil_moisture": null, "solar_exposure": null, "wind_exposure": null, "water_retention": null, "slope": null, "aspect": null, "num_identification_agreements": 1, "cluster": 2, "tavg": null, "tmin": 9.0, "tmax": 14.0, "prcp_d0": 0.0, "prcp_d1": 0.0, "prcp_d2": 0.0, "prcp_d3": 0.0, "prcp_d4": 0.0, "prcp_d5": 0.0, "prcp_d6": 44.44924545288086, "tmax_d0": 9.4, "tmax_d1": 7.8, "tmax_d2": 8.6, "tmax_d3": 5.3, "tmax_d4": 5.9, "tmax_d5": 4.2, "tmax_d6": 7.9, "tmin_d0": 0.0, "tmin_d1": 1.4, "tmin_d2": 4.4, "tmin_d3": 0.7, "tmin_d4": 0.8, "tmin_d5": 0.9, "tmin_d6": 2.0, "day_of_year": 304, "uuid": "0f84c21b-726d-4a78-a5db-9fbc37e3c642", "inat_id": 325113897}}, {"type": "Feature", "geometry": {"type": "Point", "coordinates": [-121.9609135, 45.3281745]}, "properties": {"species": "Cantharellus formosus", "date": "2025-11-04", "location": "E Elk Park Rd, Welches, OR, US", "elevation": 407.0, "land_cover_label": "Tree cover", "water_mask": false, "exclude_reason": "keep", "ndvi": null, "soil_moisture": null, "solar_exposure": null, "wind_exposure": null, "water_retention": null, "slope": null, "aspect": null, "num_identification_agreements": 1, "cluster": 0, "tavg": null, "tmin": 8.0, "tmax": 12.0, "prcp_d0": 0.0, "prcp_d1": 0.0, "prcp_d2": 0.0, "prcp_d3": 0.0, "prcp_d4": 0.0, "prcp_d5": 0.0, "prcp_d6": 9.839978218078612, "tmax_d0": 16.4, "tmax_d1": 11.4, "tmax_d2": 12.6, "tmax_d3": 15.5, "tmax_d4": 18.1, "tmax_d5": 13.8, "tmax_d6": 14.4, "tmin_d0": 8.1, "tmin_d1": 5.1, "tmin_d2": 6.6, "tmin_d3": 11.1, "tmin_d4": 5.4, "tmin_d5": 3.5, "tmin_d6": 8.5, "day_of_year": 308, "uuid": "a8c21087-405e-4029-806f-e73e1e3e4d33", "inat_id": 324938928}}, {"type": "Feature", "geometry": {"type": "Point", "coordinates": [-122.1486271611, 44.7019405961]}, "properties": {"species": "Cantharellus formosus", "date": "2025-11-08", "location": "Oregon, US", "elevation": 902.0, "land_cover_label": "Tree cover", "water_mask": false, "exclude_reason": "keep", "ndvi": null, "soil_moisture": null, "solar_exposure": null, "wind_exposure": null, "water_retention": null, "slope": null, "aspect": null, "num_identification_agreements": 1, "cluster": 1, "tavg": null, "tmin": null, "tmax": null, "prcp_d0": 0.0, "prcp_d1": 0.0, "prcp_d2": 0.0, "prcp_d3": 114.35689544677734, "prcp_d4": 0.0, "prcp_d5": 0.0, "prcp_d6": 0.0, "tmax_d0": 15.2, "tmax_d1": 8.6, "tmax_d2": 10.5, "tmax_d3": 10.9, "tmax_d4": 14.5, "tmax_d5": 9.8, "tmax_d6": 11.4, "tmin_d0": -1.5, "tmin_d1": 4.0, "tmin_d2": 6.0, "tmin_d3": 6.7, "tmin_d4": 6.1, "tmin_d5": 1.0, "tmin_d6": 4.6, "day_of_year": 312, "uuid": "4b2b33ab-e1c7-4a63-ba84-ef07cd9627f6", "inat_id": 325722721}}, {"type": "Feature", "geometry": {"type": "Point", "coordinates": [-122.2563532422, 45.1666793884]}, "properties": {"species": "Cantharellus formosus", "date": "2025-11-09", "location": "Mt. Hood National Forest, Colton, OR, US", "elevation": 865.0, "land_cover_label": "Tree cover", "water_mask": false, "exclude_reason": "keep", "ndvi": null, "soil_moisture": null, "solar_exposure": null, "wind_exposure": null, "water_retention": null, "slope": null, "aspect": null, "num_identification_agreements": 2, "cluster": 2, "tavg": null, "tmin": 4.0, "tmax": 16.0, "prcp_d0": 0.0, "prcp_d1": 0.0, "prcp_d2": 0.0, "prcp_d3": 0.0, "prcp_d4": 139.26429748535156, "prcp_d5": 34.81607437133789, "prcp_d6": 0.0, "tmax_d0": 16.9, "tmax_d1": 13.4, "tmax_d2": 9.3, "tmax_d3": 12.0, "tmax_d4": 12.0, "tmax_d5": 13.2, "tmax_d6": 8.0, "tmin_d0": 3.7, "tmin_d1": 0.4, "tmin_d2": 3.6, "tmin_d3": 6.0, "tmin_d4": 4.7, "tmin_d5": 5.4, "tmin_d6": 3.5, "day_of_year": 313, "uuid": "8de88335-ac3a-40b8-beab-3e5453d7bc5b", "inat_id": 325759894}}, {"type": "Feature", "geometry": {"type": "Point", "coordinates": [-122.1752433831, 45.4112873483]}, "properties": {"species": "Cantharellus formosus", "date": "2025-11-16", "location": "Oregon, US", "elevation": 371.0, "land_cover_label": "Tree cover", "water_mask": false, "exclude_reason": "keep", "ndvi": null, "soil_moisture": null, "solar_exposure": null, "wind_exposure": null, "water_retention": null, "slope": null, "aspect": null, "num_identification_agreements": 1, "cluster": 1, "tavg": null, "tmin": 8.0, "tmax": 12.0, "prcp_d0": 0.0, "prcp_d1": 0.0, "prcp_d2": 33.31825256347656, "prcp_d3": 0.0, "prcp_d4": 0.0, "prcp_d5": 0.0, "prcp_d6": 0.0, "tmax_d0": 13.3, "tmax_d1": 14.9, "tmax_d2": 12.2, "tmax_d3": 17.9, "tmax_d4": 16.4, "tmax_d5": 14.8, "tmax_d6": 15.1, "tmin_d0": 6.4, "tmin_d1": 10.0, "tmin_d2": 7.8, "tmin_d3": 9.0, "tmin_d4": 8.6, "tmin_d5": 8.3, "tmin_d6": 7.4, "day_of_year": 320, "uuid": "e57ddde3-273f-4f75-a433-7ec4a2fa4daf", "inat_id": 326894783}}, {"type": "Feature", "geometry": {"type": "Point", "coordinates": [-122.3482244146, 45.1617823699]}, "properties": {"species": "Cantharellus formosus", "date": "2025-11-21", "location": "Clackamas County, US-OR, US", "elevation": 593.0, "land_cover_label": "Grassland", "water_mask": false, "exclude_reason": "keep", "ndvi": null, "soil_moisture": null, "solar_exposure": null, "wind_exposure": null, "water_retention": null, "slope": null, "aspect": null, "num_identification_agreements": 1, "cluster": 0, "tavg": null, "tmin": 3.0, "tmax": 9.0, "prcp_d0": 0.022271204739809, "prcp_d1": 0.0, "prcp_d2": 0.0, "prcp_d3": 0.0, "prcp_d4": 0.0, "prcp_d5": 0.0, "prcp_d6": 0.0, "tmax_d0": 8.0, "tmax_d1": 9.1, "tmax_d2": 9.9, "tmax_d3": 6.3, "tmax_d4": 9.5, "tmax_d5": 12.4, "tmax_d6": 13.1, "tmin_d0": -1.7, "tmin_d1": 3.3, "tmin_d2": -1.9, "tmin_d3": -1.9, "tmin_d4": 5.5, "tmin_d5": 3.3, "tmin_d6": 9.2, "day_of_year": 325, "uuid": "b0a28f7f-9b9e-4031-80cd-ee48e567cf38", "inat_id": 327611279}}, {"type": "Feature", "geometry": {"type": "Point", "coordinates": [-122.0934594227, 45.5024990373]}, "properties": {"species": "Cantharellus formosus", "date": "2025-11-22", "location": "Oregon, US", "elevation": 779.0, "land_cover_label": "Tree cover", "water_mask": false, "exclude_reason": "keep", "ndvi": null, "soil_moisture": null, "solar_exposure": null, "wind_exposure": null, "water_retention": null, "slope": null, "aspect": null, "num_identification_agreements": 1, "cluster": 0, "tavg": null, "tmin": 1.0, "tmax": 7.0, "prcp_d0": 0.0003588313411455, "prcp_d1": 0.0094838561490178, "prcp_d2": 0.0, "prcp_d3": 0.0, "prcp_d4": 0.0, "prcp_d5": 0.0, "prcp_d6": 0.0, "tmax_d0": 7.9, "tmax_d1": 7.7, "tmax_d2": 7.8, "tmax_d3": 7.6, "tmax_d4": 4.2, "tmax_d5": 8.4, "tmax_d6": 10.8, "tmin_d0": -0.4, "tmin_d1": -2.3, "tmin_d2": 2.2, "tmin_d3": -2.4, "tmin_d4": -0.6, "tmin_d5": 4.1, "tmin_d6": 5.0, "day_of_year": 326, "uuid": "f50f3fd6-6525-45c6-8092-8f5ca36e964e", "inat_id": 328304291}}, {"type": "Feature", "geometry": {"type": "Point", "coordinates": [-122.12842841, 45.52824264]}, "properties": {"species": "Cantharellus formosus", "date": "2025-11-22", "location": "Multnomah County, US-OR, US", "elevation": 680.0, "land_cover_label": "Tree cover", "water_mask": false, "exclude_reason": "keep", "ndvi": null, "soil_moisture": null, "solar_exposure": null, "wind_exposure": null, "water_retention": null, "slope": null, "aspect": null, "num_identification_agreements": 2, "cluster": 0, "tavg": null, "tmin": 1.0, "tmax": 7.0, "prcp_d0": 0.0002542617439758, "prcp_d1": 0.0105521790683269, "prcp_d2": 0.0, "prcp_d3": 0.0, "prcp_d4": 0.0, "prcp_d5": 0.0, "prcp_d6": 0.0, "tmax_d0": 9.1, "tmax_d1": 8.9, "tmax_d2": 9.0, "tmax_d3": 8.8, "tmax_d4": 5.4, "tmax_d5": 9.6, "tmax_d6": 12.0, "tmin_d0": 0.8, "tmin_d1": -1.2, "tmin_d2": 3.4, "tmin_d3": -1.3, "tmin_d4": 0.6, "tmin_d5": 5.3, "tmin_d6": 6.2, "day_of_year": 326, "uuid": "f8c1fd3c-c2b7-4667-89ad-4d5662613a71", "inat_id": 343812955}}, {"type": "Feature", "geometry": {"type": "Point", "coordinates": [-121.8499333333, 45.3822361111]}, "properties": {"species": "Cantharellus formosus", "date": "2025-11-27", "location": "Rhododendron, OR 97049, USA", "elevation": 803.0, "land_cover_label": "Tree cover", "water_mask": false, "exclude_reason": "keep", "ndvi": null, "soil_moisture": null, "solar_exposure": null, "wind_exposure": null, "water_retention": null, "slope": null, "aspect": null, "num_identification_agreements": 1, "cluster": 1, "tavg": null, "tmin": 5.0, "tmax": 7.0, "prcp_d0": 3.102455377578736, "prcp_d1": 15.206995964050291, "prcp_d2": 9.388880729675291, "prcp_d3": 15.370564460754396, "prcp_d4": 5.332469940185547, "prcp_d5": 8.213238470489159e-05, "prcp_d6": 0.0283249001950025, "tmax_d0": 9.9, "tmax_d1": 7.8, "tmax_d2": 7.8, "tmax_d3": 5.1, "tmax_d4": 5.5, "tmax_d5": 12.4, "tmax_d6": 9.5, "tmin_d0": 4.7, "tmin_d1": 3.6, "tmin_d2": -1.1, "tmin_d3": 1.7, "tmin_d4": 2.4, "tmin_d5": 1.9, "tmin_d6": -0.4, "day_of_year": 331, "uuid": "51f79b89-bf7d-4a2e-b58e-7594cdf6acf8", "inat_id": 328604883}}, {"type": "Feature", "geometry": {"type": "Point", "coordinates": [-121.8471194444, 45.3794916667]}, "properties": {"species": "Cantharellus formosus", "date": "2025-11-27", "location": "Rhododendron, OR 97049, USA", "elevation": 843.0, "land_cover_label": "Tree cover", "water_mask": false, "exclude_reason": "keep", "ndvi": null, "soil_moisture": null, "solar_exposure": null, "wind_exposure": null, "water_retention": null, "slope": null, "aspect": null, "num_identification_agreements": 1, "cluster": 1, "tavg": null, "tmin": 5.0, "tmax": 7.0, "prcp_d0": 3.102455377578736, "prcp_d1": 15.206995964050291, "prcp_d2": 9.388880729675291, "prcp_d3": 15.370564460754396, "prcp_d4": 5.332469940185547, "prcp_d5": 8.213238470489159e-05, "prcp_d6": 0.0283249001950025, "tmax_d0": 9.5, "tmax_d1": 7.4, "tmax_d2": 7.4, "tmax_d3": 4.7, "tmax_d4": 5.1, "tmax_d5": 12.0, "tmax_d6": 9.1, "tmin_d0": 4.3, "tmin_d1": 3.2, "tmin_d2": -1.5, "tmin_d3": 1.3, "tmin_d4": 2.0, "tmin_d5": 1.5, "tmin_d6": -0.8, "day_of_year": 331, "uuid": "f24d76ba-ac3a-4455-96ca-fb08163ef7c1", "inat_id": 328604342}}, {"type": "Feature", "geometry": {"type": "Point", "coordinates": [-121.8507194444, 45.3824138889]}, "properties": {"species": "Cantharellus formosus", "date": "2025-11-27", "location": "Clackamas County, US-OR, US", "elevation": 763.0, "land_cover_label": "Tree cover", "water_mask": false, "exclude_reason": "keep", "ndvi": null, "soil_moisture": null, "solar_exposure": null, "wind_exposure": null, "water_retention": null, "slope": null, "aspect": null, "num_identification_agreements": 1, "cluster": 1, "tavg": null, "tmin": 5.0, "tmax": 7.0, "prcp_d0": 3.197283267974853, "prcp_d1": 15.844791412353516, "prcp_d2": 9.521536827087402, "prcp_d3": 15.87848949432373, "prcp_d4": 5.541364669799805, "prcp_d5": 0.0001594139321241, "prcp_d6": 0.0265409331768751, "tmax_d0": 10.0, "tmax_d1": 7.9, "tmax_d2": 7.9, "tmax_d3": 5.2, "tmax_d4": 5.6, "tmax_d5": 12.5, "tmax_d6": 9.6, "tmin_d0": 4.8, "tmin_d1": 3.7, "tmin_d2": -1.0, "tmin_d3": 1.8, "tmin_d4": 2.5, "tmin_d5": 2.0, "tmin_d6": -0.3, "day_of_year": 331, "uuid": "06dd89bc-5ceb-48ba-adca-f74328d5db44", "inat_id": 328604945}}, {"type": "Feature", "geometry": {"type": "Point", "coordinates": [-122.4295116667, 45.2476716667]}, "properties": {"species": "Cantharellus formosus", "date": "2025-11-28", "location": "S Upper Highland Rd, Beavercreek, OR, US", "elevation": 415.0, "land_cover_label": "Tree cover", "water_mask": false, "exclude_reason": "keep", "ndvi": null, "soil_moisture": null, "solar_exposure": null, "wind_exposure": null, "water_retention": null, "slope": null, "aspect": null, "num_identification_agreements": 2, "cluster": 0, "tavg": null, "tmin": 8.0, "tmax": 13.0, "prcp_d0": 10.202239990234377, "prcp_d1": 1.8681389093399048, "prcp_d2": 8.33696460723877, "prcp_d3": 5.257659912109375, "prcp_d4": 10.420483589172363, "prcp_d5": 3.826759338378906, "prcp_d6": 0.0, "tmax_d0": 11.0, "tmax_d1": 12.0, "tmax_d2": 8.0, "tmax_d3": 6.8, "tmax_d4": 8.4, "tmax_d5": 6.9, "tmax_d6": 7.5, "tmin_d0": 8.3, "tmin_d1": 4.6, "tmin_d2": 5.1, "tmin_d3": 0.4, "tmin_d4": 2.7, "tmin_d5": 3.1, "tmin_d6": -0.4, "day_of_year": 332, "uuid": "423f631f-bb65-4bfb-9b37-ef6151f1f232", "inat_id": 328649198}}, {"type": "Feature", "geometry": {"type": "Point", "coordinates": [-122.0314077342, 45.5162157257]}, "properties": {"species": "Cantharellus formosus", "date": "2025-11-28", "location": "Oregon, US", "elevation": 601.0, "land_cover_label": "Tree cover", "water_mask": false, "exclude_reason": "keep", "ndvi": null, "soil_moisture": null, "solar_exposure": null, "wind_exposure": null, "water_retention": null, "slope": null, "aspect": null, "num_identification_agreements": 1, "cluster": 1, "tavg": null, "tmin": 8.0, "tmax": 12.0, "prcp_d0": 17.83518409729004, "prcp_d1": 2.6428370475769043, "prcp_d2": 12.602352142333984, "prcp_d3": 9.299296379089355, "prcp_d4": 12.48613452911377, "prcp_d5": 6.095407485961914, "prcp_d6": 0.0005471495096571, "tmax_d0": 8.3, "tmax_d1": 9.2, "tmax_d2": 8.2, "tmax_d3": 6.1, "tmax_d4": 6.0, "tmax_d5": 6.6, "tmax_d6": 9.1, "tmin_d0": 6.3, "tmin_d1": 3.9, "tmin_d2": 3.2, "tmin_d3": -0.3, "tmin_d4": 2.1, "tmin_d5": 4.1, "tmin_d6": 0.8, "day_of_year": 332, "uuid": "d426ea43-8cfd-4345-867f-672c6dce0933", "inat_id": 328716601}}, {"type": "Feature", "geometry": {"type": "Point", "coordinates": [-122.1887317949, 45.5327801332]}, "properties": {"species": "Cantharellus formosus", "date": "2025-11-28", "location": "Oregon, US", "elevation": 421.0, "land_cover_label": "Tree cover", "water_mask": false, "exclude_reason": "keep", "ndvi": null, "soil_moisture": null, "solar_exposure": null, "wind_exposure": null, "water_retention": null, "slope": null, "aspect": null, "num_identification_agreements": 1, "cluster": 0, "tavg": null, "tmin": 8.0, "tmax": 12.0, "prcp_d0": 12.121260643005373, "prcp_d1": 1.9197146892547607, "prcp_d2": 9.011492729187012, "prcp_d3": 9.695951461791992, "prcp_d4": 12.784857749938965, "prcp_d5": 6.723211288452148, "prcp_d6": 2.243405288027133e-05, "tmax_d0": 9.3, "tmax_d1": 9.5, "tmax_d2": 8.0, "tmax_d3": 6.3, "tmax_d4": 7.1, "tmax_d5": 6.7, "tmax_d6": 7.9, "tmin_d0": 6.5, "tmin_d1": 4.7, "tmin_d2": 4.0, "tmin_d3": 1.3, "tmin_d4": 2.5, "tmin_d5": 4.2, "tmin_d6": 0.5, "day_of_year": 332, "uuid": "37c4b24d-a47d-4174-a54e-6b35fa2bcb88", "inat_id": 328861575}}, {"type": "Feature", "geometry": {"type": "Point", "coordinates": [-122.21823, 45.2212666667]}, "properties": {"species": "Cantharellus formosus", "date": "2025-11-29", "location": "Mt. Hood National Forest, Estacada, OR, US", "elevation": 572.0, "land_cover_label": "Tree cover", "water_mask": false, "exclude_reason": "keep", "ndvi": null, "soil_moisture": null, "solar_exposure": null, "wind_exposure": null, "water_retention": null, "slope": null, "aspect": null, "num_identification_agreements": 1, "cluster": 0, "tavg": null, "tmin": 6.0, "tmax": 9.0, "prcp_d0": 0.072397693991661, "prcp_d1": 16.329322814941406, "prcp_d2": 2.384478807449341, "prcp_d3": 12.282027244567873, "prcp_d4": 5.663514137268066, "prcp_d5": 12.698604583740234, "prcp_d6": 3.737559080123901, "tmax_d0": 9.6, "tmax_d1": 9.6, "tmax_d2": 12.3, "tmax_d3": 7.4, "tmax_d4": 8.4, "tmax_d5": 7.2, "tmax_d6": 6.8, "tmin_d0": 2.3, "tmin_d1": 7.2, "tmin_d2": 3.7, "tmin_d3": 3.8, "tmin_d4": -0.1, "tmin_d5": 2.8, "tmin_d6": 2.4, "day_of_year": 333, "uuid": "eb84c432-cdd2-4c61-9f89-ea7beaf8aa20", "inat_id": 328831667}}, {"type": "Feature", "geometry": {"type": "Point", "coordinates": [-122.21584446, 45.017321025]}, "properties": {"species": "Cantharellus formosus", "date": "2025-12-16", "location": "Clackamas County, US-OR, US", "elevation": 1099.0, "land_cover_label": "Tree cover", "water_mask": false, "exclude_reason": "keep", "ndvi": null, "soil_moisture": null, "solar_exposure": null, "wind_exposure": null, "water_retention": null, "slope": null, "aspect": null, "num_identification_agreements": 1, "cluster": 0, "tavg": null, "tmin": null, "tmax": null, "prcp_d0": 24.07262420654297, "prcp_d1": 0.0, "prcp_d2": 0.0, "prcp_d3": 0.0, "prcp_d4": 0.0, "prcp_d5": 0.0, "prcp_d6": 23.66399002075196, "tmax_d0": 8.1, "tmax_d1": 9.7, "tmax_d2": 11.5, "tmax_d3": 15.6, "tmax_d4": 12.7, "tmax_d5": 8.4, "tmax_d6": 8.7, "tmin_d0": 5.1, "tmin_d1": 6.4, "tmin_d2": 4.8, "tmin_d3": 5.3, "tmin_d4": 2.0, "tmin_d5": 5.5, "tmin_d6": 7.3, "day_of_year": 350, "uuid": "e33e91ce-a1bb-4d2e-98bc-3563cd7fb53a", "inat_id": 331265830}}, {"type": "Feature", "geometry": {"type": "Point", "coordinates": [-122.0415189083, 45.4502198813]}, "properties": {"species": "Cantharellus formosus", "date": "2025-12-29", "location": "Oregon, US", "elevation": 775.0, "land_cover_label": "Tree cover", "water_mask": false, "exclude_reason": "keep", "ndvi": null, "soil_moisture": null, "solar_exposure": null, "wind_exposure": null, "water_retention": null, "slope": null, "aspect": null, "num_identification_agreements": 2, "cluster": 2, "tavg": null, "tmin": 3.0, "tmax": 6.0, "prcp_d0": 0.0, "prcp_d1": 0.0, "prcp_d2": 0.0, "prcp_d3": 23.729875564575195, "prcp_d4": 18.069730758666992, "prcp_d5": 18.069730758666992, "prcp_d6": 0.0, "tmax_d0": 5.4, "tmax_d1": 5.1, "tmax_d2": 1.8, "tmax_d3": 4.2, "tmax_d4": 7.2, "tmax_d5": 7.3, "tmax_d6": 5.2, "tmin_d0": -1.4, "tmin_d1": -6.6, "tmin_d2": -1.2, "tmin_d3": -0.6, "tmin_d4": 0.1, "tmin_d5": 1.6, "tmin_d6": 0.6, "day_of_year": 363, "uuid": "d6380227-836f-479b-baa5-a00450f8e2dc", "inat_id": 332785935}}, {"type": "Feature", "geometry": {"type": "Point", "coordinates": [-122.2246498216, 45.3065042586]}, "properties": {"species": "Cantharellus formosus", "date": "2026-07-03", "location": "Clackamas County, OR, USA", "elevation": 385.0, "land_cover_label": "Tree cover", "water_mask": false, "exclude_reason": "keep", "ndvi": null, "soil_moisture": null, "solar_exposure": null, "wind_exposure": null, "water_retention": null, "slope": null, "aspect": null, "num_identification_agreements": 1, "cluster": 0, "tavg": null, "tmin": 16.1, "tmax": 26.1, "prcp_d0": 0.0, "prcp_d1": 0.0, "prcp_d2": 0.0, "prcp_d3": 0.0, "prcp_d4": 0.0, "prcp_d5": 0.0, "prcp_d6": 0.0, "tmax_d0": 22.3, "tmax_d1": 18.5, "tmax_d2": 14.9, "tmax_d3": 15.1, "tmax_d4": 16.0, "tmax_d5": 15.5, "tmax_d6": 15.3, "tmin_d0": 9.7, "tmin_d1": 10.4, "tmin_d2": 9.5, "tmin_d3": 9.7, "tmin_d4": 9.5, "tmin_d5": 10.1, "tmin_d6": 9.3, "day_of_year": 184, "uuid": "78973bcc-b629-40ca-b265-d89fe2d33365", "inat_id": 377898238}}, {"type": "Feature", "geometry": {"type": "Point", "coordinates": [-122.1901838135, 45.5035956336]}, "properties": {"species": "Cantharellus formosus", "date": "2026-08-01", "location": "Oregon, US", "elevation": 450.0, "land_cover_label": "Tree cover", "water_mask": false, "exclude_reason": "keep", "ndvi": null, "soil_moisture": null, "solar_exposure": null, "wind_exposure": null, "water_retention": null, "slope": null, "aspect": null, "num_identification_agreements": 1, "cluster": 0, "tavg": null, "tmin": 17.2, "tmax": 23.9, "prcp_d0": null, "prcp_d1": 0.0, "prcp_d2": 0.0, "prcp_d3": 0.0, "prcp_d4": 0.0, "prcp_d5": 0.0, "prcp_d6": 0.0, "tmax_d0": 27.6, "tmax_d1": 26.8, "tmax_d2": 23.4, "tmax_d3": 23.3, "tmax_d4": 24.8, "tmax_d5": 24.3, "tmax_d6": 22.7, "tmin_d0": 12.7, "tmin_d1": 8.5, "tmin_d2": 9.2, "tmin_d3": 8.9, "tmin_d4": 11.5, "tmin_d5": 10.3, "tmin_d6": 12.7, "day_of_year": 213, "uuid": "0441bf73-9a39-41b9-b89d-ed4f7b618e1d", "inat_id": 387313666}}]}