{"type": "FeatureCollection", "features": [{"type": "Feature", "geometry": {"type": "Point", "coordinates": [-108.0121472167, 37.7804833333]}, "properties": {"species": "Coprinus comatus", "date": "2026-08-14", "location": "Dolores County, US-CO, US", "elevation": 3061.0, "num_identification_agreements": 1, "tavg": null, "tmin": 10.0, "tmax": 19.0, "day_of_year": 226, "uuid": "c56b6e59-f25d-4956-9d77-1d1af20fa96b", "inat_id": 391471279}}, {"type": "Feature", "geometry": {"type": "Point", "coordinates": [-106.5406081, 39.1514975997]}, "properties": {"species": "Coprinus comatus", "date": "2026-08-07", "location": "Lake County, CO, USA", "elevation": 3575.0, "num_identification_agreements": 1, "tavg": null, "tmin": 0.6, "tmax": 26.7, "day_of_year": 219, "uuid": "b759cfc1-5574-4444-b629-abbf6605272f", "inat_id": 390429653}}, {"type": "Feature", "geometry": {"type": "Point", "coordinates": [-110.6613638889, 40.7579666667]}, "properties": {"species": "Coprinus comatus", "date": "2026-07-31", "location": "Bear River, WY 82930, USA", "elevation": 3197.0, "num_identification_agreements": 1, "tavg": null, "tmin": null, "tmax": null, "day_of_year": 212, "uuid": "f502d148-134a-4457-879f-4f0537d1971b", "inat_id": 390289661}}, {"type": "Feature", "geometry": {"type": "Point", "coordinates": [-106.4978783333, 35.885595]}, "properties": {"species": "Coprinus comatus", "date": "2026-08-06", "location": "Jemez Springs, NM, US", "elevation": 2651.0, "num_identification_agreements": 1, "tavg": null, "tmin": 19.0, "tmax": 31.5, "day_of_year": 218, "uuid": "e0fea56b-b3b1-4f1b-8802-3020078025f3", "inat_id": 388937033}}, {"type": "Feature", "geometry": {"type": "Point", "coordinates": [-107.0237971667, 39.0212888333]}, "properties": {"species": "Coprinus comatus", "date": "2026-08-04", "location": "Carbondale, CO, US", "elevation": 3490.0, "num_identification_agreements": 1, "tavg": null, "tmin": 12.8, "tmax": 30.6, "day_of_year": 216, "uuid": "617aff0f-d8fa-4f71-b1c1-d8c9adf82f8f", "inat_id": 388316826}}, {"type": "Feature", "geometry": {"type": "Point", "coordinates": [-107.0733191818, 39.0308736779]}, "properties": {"species": "Coprinus comatus", "date": "2026-07-28", "location": "Gunnison County, US-CO, US", "elevation": 3445.0, "num_identification_agreements": 1, "tavg": null, "tmin": 13.3, "tmax": 30.0, "day_of_year": 209, "uuid": "f3ada407-12b7-411c-b3f7-abd00db188ca", "inat_id": 386109897}}, {"type": "Feature", "geometry": {"type": "Point", "coordinates": [-107.0836416667, 39.026975]}, "properties": {"species": "Coprinus comatus", "date": "2026-07-28", "location": "White River National Forest, Carbondale, CO, US", "elevation": 3436.0, "num_identification_agreements": 1, "tavg": null, "tmin": 13.3, "tmax": 30.0, "day_of_year": 209, "uuid": "d5ecaf0b-ae06-4fae-bf97-acf9cc4a91c8", "inat_id": 386084335}}, {"type": "Feature", "geometry": {"type": "Point", "coordinates": [-100.0017529722, 38.0673249722]}, "properties": {"species": "Coprinus comatus", "date": "2026-07-26", "location": "Center Township, KS, USA", "elevation": 720.0, "num_identification_agreements": 2, "tavg": null, "tmin": null, "tmax": null, "day_of_year": 207, "uuid": "4fd0c696-b650-47b9-8fe9-50c3f648b804", "inat_id": 385375359}}, {"type": "Feature", "geometry": {"type": "Point", "coordinates": [-107.0083729488, 38.0779158108]}, "properties": {"species": "Coprinus comatus", "date": "2026-07-21", "location": "County Road 52, Lake City, CO, US", "elevation": 2803.0, "num_identification_agreements": 1, "tavg": null, "tmin": null, "tmax": null, "day_of_year": 202, "uuid": "c476987d-37cf-4966-8c5d-4bd4472b3e4f", "inat_id": 383712296}}, {"type": "Feature", "geometry": {"type": "Point", "coordinates": [-106.9411108904, 38.0540361677]}, "properties": {"species": "Coprinus comatus", "date": "2026-07-21", "location": "Saguache County, US-CO, US", "elevation": 3725.0, "num_identification_agreements": 1, "tavg": null, "tmin": null, "tmax": null, "day_of_year": 202, "uuid": "c684a4d4-a595-4541-9ae9-64f73a3028cf", "inat_id": 383706417}}, {"type": "Feature", "geometry": {"type": "Point", "coordinates": [-107.4351333333, 38.0683083333]}, "properties": {"species": "Coprinus comatus", "date": "2026-07-21", "location": "Lake City, CO 81235, USA", "elevation": 3639.0, "num_identification_agreements": 1, "tavg": null, "tmin": 11.0, "tmax": 27.0, "day_of_year": 202, "uuid": "5baf6279-93eb-4c06-9e43-03597836883d", "inat_id": 383602646}}, {"type": "Feature", "geometry": {"type": "Point", "coordinates": [-105.9255570274, 35.6790002103]}, "properties": {"species": "Coprinus comatus", "date": "2026-05-03", "location": "Santa Fe County, US-NM, US", "elevation": 2171.0, "num_identification_agreements": 1, "tavg": null, "tmin": 2.2, "tmax": 20.6, "day_of_year": 123, "uuid": "23a72c68-1306-4518-a994-a5b82c97df10", "inat_id": 382066089}}, {"type": "Feature", "geometry": {"type": "Point", "coordinates": [-106.5304586446, 35.8179338905]}, "properties": {"species": "Coprinus comatus", "date": "2026-07-13", "location": "Sandoval County, NM, USA", "elevation": 2621.0, "num_identification_agreements": 1, "tavg": null, "tmin": 16.7, "tmax": 29.9, "day_of_year": 194, "uuid": "82655559-7300-4d65-830b-b445a29d23ba", "inat_id": 381179945}}, {"type": "Feature", "geometry": {"type": "Point", "coordinates": [-99.8804597475, 39.4812613728]}, "properties": {"species": "Coprinus comatus", "date": "2026-07-09", "location": "Kansas, US", "elevation": 744.0, "num_identification_agreements": 1, "tavg": null, "tmin": 20.0, "tmax": 32.0, "day_of_year": 190, "uuid": "2e31034e-5d1f-4ece-901d-17cbe4c0c80c", "inat_id": 379679079}}, {"type": "Feature", "geometry": {"type": "Point", "coordinates": [-106.1638015997, 41.3225906997]}, "properties": {"species": "Coprinus comatus", "date": "2026-07-01", "location": "Centennial, WY 82055, USA", "elevation": 2644.0, "num_identification_agreements": 1, "tavg": null, "tmin": 6.1, "tmax": 25.0, "day_of_year": 182, "uuid": "6d990f3f-1b67-45f0-912d-0c400c73e460", "inat_id": 377336497}}, {"type": "Feature", "geometry": {"type": "Point", "coordinates": [-106.2525466667, 38.5489383333]}, "properties": {"species": "Coprinus comatus", "date": "2025-09-23", "location": "W US Hwy 50, Salida, CO, US", "elevation": 2742.0, "num_identification_agreements": 1, "tavg": null, "tmin": 0.0, "tmax": 5.0, "day_of_year": 266, "uuid": "06427b0b-4e17-48b3-a9af-1ce7a6a40dae", "inat_id": 376401230}}, {"type": "Feature", "geometry": {"type": "Point", "coordinates": [-105.45288, 40.9382383333]}, "properties": {"species": "Coprinus comatus", "date": "2026-06-26", "location": "Livermore, CO, US", "elevation": 2167.0, "num_identification_agreements": 1, "tavg": null, "tmin": 9.2, "tmax": 21.3, "day_of_year": 177, "uuid": "12301791-7b5d-4302-9e87-d068f51b3415", "inat_id": 375617383}}, {"type": "Feature", "geometry": {"type": "Point", "coordinates": [-105.4684118258, 39.6941593311]}, "properties": {"species": "Coprinus comatus", "date": "2025-07-23", "location": "Clear Creek County, US-CO, US", "elevation": 2765.0, "num_identification_agreements": 1, "tavg": null, "tmin": 3.2, "tmax": 12.3, "day_of_year": 204, "uuid": "e9e1236f-9e1b-4c41-8252-d8bb2ad16e6c", "inat_id": 374607020}}, {"type": "Feature", "geometry": {"type": "Point", "coordinates": [-105.0767215994, 40.5285675126]}, "properties": {"species": "Coprinus comatus", "date": "2025-09-27", "location": "S College Ave, Fort Collins, CO, US", "elevation": 1537.0, "num_identification_agreements": 1, "tavg": null, "tmin": 11.0, "tmax": 27.0, "day_of_year": 270, "uuid": "0f50688c-b363-4826-b717-f3fc67fb1842", "inat_id": 374148207}}, {"type": "Feature", "geometry": {"type": "Point", "coordinates": [-104.9892434478, 39.5313964234]}, "properties": {"species": "Coprinus comatus", "date": "2021-10-09", "location": "Littleton, CO 80129, USA", "elevation": 1766.0, "num_identification_agreements": 1, "tavg": null, "tmin": 11.1, "tmax": 22.2, "day_of_year": 282, "uuid": "e576d43b-b4b9-40c8-b4bb-24b74f90709f", "inat_id": 372596382}}, {"type": "Feature", "geometry": {"type": "Point", "coordinates": [-104.941545, 39.6674833333]}, "properties": {"species": "Coprinus comatus", "date": "2022-10-10", "location": "S Harrison St, Denver, CO, US", "elevation": 1653.0, "num_identification_agreements": 1, "tavg": null, "tmin": 6.1, "tmax": 22.2, "day_of_year": 283, "uuid": "528b7065-aa16-4141-b913-31590b620cd9", "inat_id": 368942371}}, {"type": "Feature", "geometry": {"type": "Point", "coordinates": [-108.4441230949, 39.0247633906]}, "properties": {"species": "Coprinus comatus", "date": "2024-10-29", "location": "Mesa County, US-CO, US", "elevation": 1520.0, "num_identification_agreements": 2, "tavg": null, "tmin": 5.6, "tmax": 15.6, "day_of_year": 303, "uuid": "f35ff31e-8a75-4fcf-aa52-d35e3f73769a", "inat_id": 368526274}}, {"type": "Feature", "geometry": {"type": "Point", "coordinates": [-105.0997591393, 40.5745598616]}, "properties": {"species": "Coprinus comatus", "date": "2025-10-08", "location": "W Elizabeth St, Fort Collins, CO, US", "elevation": 1537.0, "num_identification_agreements": 1, "tavg": null, "tmin": 3.0, "tmax": 24.4, "day_of_year": 281, "uuid": "d2e1bb60-e71e-43dc-8dba-239536875a37", "inat_id": 368415204}}, {"type": "Feature", "geometry": {"type": "Point", "coordinates": [-105.1907417179, 39.9994484755]}, "properties": {"species": "Coprinus comatus", "date": "2026-06-04", "location": "Dry Creek Trail, Boulder, CO, US", "elevation": 1619.0, "num_identification_agreements": 2, "tavg": null, "tmin": 12.0, "tmax": 32.0, "day_of_year": 155, "uuid": "59fdfb78-0265-423e-bdd2-a10b08c09b99", "inat_id": 368366930}}, {"type": "Feature", "geometry": {"type": "Point", "coordinates": [-104.8219833333, 41.1136932222]}, "properties": {"species": "Coprinus comatus", "date": "2026-06-02", "location": "Cribbon & Gopp, Cheyenne, WY 82007, USA", "elevation": 1870.0, "num_identification_agreements": 1, "tavg": null, "tmin": 10.0, "tmax": 22.0, "day_of_year": 153, "uuid": "ecc5b0c3-29f0-49c0-b79c-f238e51aa865", "inat_id": 368003951}}, {"type": "Feature", "geometry": {"type": "Point", "coordinates": [-105.0479195, 40.0360611667]}, "properties": {"species": "Coprinus comatus", "date": "2025-05-09", "location": "Gallegos St, Erie, CO, US", "elevation": 1542.0, "num_identification_agreements": 1, "tavg": null, "tmin": 4.7, "tmax": 22.2, "day_of_year": 129, "uuid": "f65a5497-b74b-4c76-bc6b-7378e58b148c", "inat_id": 367960828}}, {"type": "Feature", "geometry": {"type": "Point", "coordinates": [-105.24808476, 39.99783021]}, "properties": {"species": "Coprinus comatus", "date": "2026-05-31", "location": "Bear Creek, Boulder, CO 80309, USA", "elevation": 1629.0, "num_identification_agreements": 2, "tavg": null, "tmin": 11.0, "tmax": 27.0, "day_of_year": 151, "uuid": "e2f0e261-6a1b-4ab8-aea4-220fe14c330b", "inat_id": 367229975}}, {"type": "Feature", "geometry": {"type": "Point", "coordinates": [-105.1092304339, 40.5720583459]}, "properties": {"species": "Coprinus comatus", "date": "2026-05-27", "location": "Skyline Dr, Fort Collins, CO, US", "elevation": 1543.0, "num_identification_agreements": 1, "tavg": null, "tmin": 11.7, "tmax": 21.7, "day_of_year": 147, "uuid": "e1a7fdf5-1d7b-46f7-9fef-51047030a495", "inat_id": 367143807}}, {"type": "Feature", "geometry": {"type": "Point", "coordinates": [-105.1261833333, 40.5504216667]}, "properties": {"species": "Coprinus comatus", "date": "2026-05-30", "location": "McKeag Dr, Fort Collins, CO, US", "elevation": 1564.0, "num_identification_agreements": 1, "tavg": null, "tmin": 10.0, "tmax": 24.0, "day_of_year": 150, "uuid": "283c6052-eace-4493-a2f2-806a837c1130", "inat_id": 367077182}}, {"type": "Feature", "geometry": {"type": "Point", "coordinates": [-105.0098163634, 40.5536503245]}, "properties": {"species": "Coprinus comatus", "date": "2026-05-29", "location": "Colorado, US", "elevation": 1487.0, "num_identification_agreements": 1, "tavg": null, "tmin": 13.3, "tmax": 28.3, "day_of_year": 149, "uuid": "19ebbff3-e2d1-4a4c-bf99-d2df1e4822d2", "inat_id": 366483634}}, {"type": "Feature", "geometry": {"type": "Point", "coordinates": [-105.0576085827, 40.5019127313]}, "properties": {"species": "Coprinus comatus", "date": "2026-05-29", "location": "Colorado, US", "elevation": 1504.0, "num_identification_agreements": 1, "tavg": null, "tmin": 13.3, "tmax": 28.3, "day_of_year": 149, "uuid": "6aae2287-e672-4fcf-8329-dc9881dd3680", "inat_id": 366483448}}, {"type": "Feature", "geometry": {"type": "Point", "coordinates": [-105.0871972222, 39.6642416667]}, "properties": {"species": "Coprinus comatus", "date": "2026-05-29", "location": "Bear Creek, Lakewood, CO, USA", "elevation": 1646.0, "num_identification_agreements": 2, "tavg": null, "tmin": 14.9, "tmax": 26.1, "day_of_year": 149, "uuid": "273bd33d-5c98-4f44-b6e5-607ad510109f", "inat_id": 366470287}}, {"type": "Feature", "geometry": {"type": "Point", "coordinates": [-105.1252790782, 37.3495130686]}, "properties": {"species": "Coprinus comatus", "date": "2025-09-25", "location": "La Veta, CO, US", "elevation": 2846.0, "num_identification_agreements": 1, "tavg": null, "tmin": 0.2, "tmax": 15.8, "day_of_year": 268, "uuid": "cf55997d-07bf-4efc-994f-564f454b82e0", "inat_id": 365902293}}, {"type": "Feature", "geometry": {"type": "Point", "coordinates": [-104.9566501959, 39.7072852338]}, "properties": {"species": "Coprinus comatus", "date": "2026-05-26", "location": "Polo Club Ln, Denver, CO, US", "elevation": 1636.0, "num_identification_agreements": 1, "tavg": null, "tmin": 13.9, "tmax": 23.5, "day_of_year": 146, "uuid": "25246fad-d512-4df1-a020-a949608dcd53", "inat_id": 365403311}}, {"type": "Feature", "geometry": {"type": "Point", "coordinates": [-105.3315966667, 39.6653466667]}, "properties": {"species": "Coprinus comatus", "date": "2023-09-27", "location": "Cortina Ln, Evergreen, CO, US", "elevation": 2279.0, "num_identification_agreements": 1, "tavg": null, "tmin": 12.0, "tmax": 30.0, "day_of_year": 270, "uuid": "f0531fab-cc01-49ca-89f4-0b68f76c8379", "inat_id": 364896780}}, {"type": "Feature", "geometry": {"type": "Point", "coordinates": [-105.3316033333, 39.6653116667]}, "properties": {"species": "Coprinus comatus", "date": "2023-10-07", "location": "Cortina Ln, Evergreen, CO, US", "elevation": 2279.0, "num_identification_agreements": 1, "tavg": null, "tmin": 4.0, "tmax": 22.0, "day_of_year": 280, "uuid": "d338fb21-2375-44f5-a4e6-b851d59989cf", "inat_id": 364896753}}, {"type": "Feature", "geometry": {"type": "Point", "coordinates": [-105.3316416667, 39.6653116667]}, "properties": {"species": "Coprinus comatus", "date": "2023-10-10", "location": "Cortina Ln, Evergreen, CO, US", "elevation": 2279.0, "num_identification_agreements": 1, "tavg": null, "tmin": 11.0, "tmax": 26.0, "day_of_year": 283, "uuid": "0c1530d3-c118-4c8a-9537-da65b4f16ddd", "inat_id": 364896701}}, {"type": "Feature", "geometry": {"type": "Point", "coordinates": [-104.9120783333, 39.59142]}, "properties": {"species": "Coprinus comatus", "date": "2026-05-24", "location": "S Niagara Ct, Centennial, CO, US", "elevation": 1733.0, "num_identification_agreements": 1, "tavg": null, "tmin": 10.0, "tmax": 24.4, "day_of_year": 144, "uuid": "fdf663ed-2246-4edd-8990-52fb33d530e1", "inat_id": 364855472}}, {"type": "Feature", "geometry": {"type": "Point", "coordinates": [-104.8286366667, 38.8541666667]}, "properties": {"species": "Coprinus comatus", "date": "2025-10-11", "location": "Culebra Ave, Colorado Springs, CO, US", "elevation": 1853.0, "num_identification_agreements": 1, "tavg": null, "tmin": 11.0, "tmax": 24.0, "day_of_year": 284, "uuid": "70954488-e505-4ae9-85cb-2fb5d354443a", "inat_id": 363748000}}, {"type": "Feature", "geometry": {"type": "Point", "coordinates": [-105.0745836273, 40.395405639]}, "properties": {"species": "Coprinus comatus", "date": "2026-05-19", "location": "Loveland", "elevation": 1521.0, "num_identification_agreements": 2, "tavg": null, "tmin": 2.8, "tmax": 11.7, "day_of_year": 139, "uuid": "b16aeb07-daf8-436f-974d-6b1bab2424b4", "inat_id": 363366863}}, {"type": "Feature", "geometry": {"type": "Point", "coordinates": [-106.2980826572, 42.8486802286]}, "properties": {"species": "Coprinus comatus", "date": "2026-05-14", "location": "VISIT US 5830 EAST 2ND STREET STE 8 CITY, Casper, WY 82609, USA", "elevation": 1576.0, "num_identification_agreements": 1, "tavg": null, "tmin": 8.3, "tmax": 24.4, "day_of_year": 134, "uuid": "66027a8c-d3a9-42c7-a763-7353c5f57b07", "inat_id": 361597870}}, {"type": "Feature", "geometry": {"type": "Point", "coordinates": [-105.0811538696, 39.7020683289]}, "properties": {"species": "Coprinus comatus", "date": "2026-03-25", "location": "Denver", "elevation": 1673.0, "num_identification_agreements": 2, "tavg": null, "tmin": 13.0, "tmax": 28.9, "day_of_year": 84, "uuid": "0aba3e75-af26-4eb0-ae8a-5a8810ce88e9", "inat_id": 361494429}}, {"type": "Feature", "geometry": {"type": "Point", "coordinates": [-104.9314283333, 39.7239]}, "properties": {"species": "Coprinus comatus", "date": "2025-09-27", "location": "Dahlia St, Denver, CO, US", "elevation": 1648.0, "num_identification_agreements": 1, "tavg": null, "tmin": 11.9, "tmax": 23.9, "day_of_year": 270, "uuid": "6bd6e6d6-5a95-4786-9f23-953bbc3b1c96", "inat_id": 359515183}}, {"type": "Feature", "geometry": {"type": "Point", "coordinates": [-104.973945, 40.573575]}, "properties": {"species": "Coprinus comatus", "date": "2025-10-27", "location": "Prichard St, Timnath, CO, US", "elevation": 1515.0, "num_identification_agreements": 1, "tavg": null, "tmin": 3.0, "tmax": 15.0, "day_of_year": 300, "uuid": "0abe9154-b995-41a8-875f-54b8bc6c370c", "inat_id": 359069951}}, {"type": "Feature", "geometry": {"type": "Point", "coordinates": [-105.2193984345, 39.7507846618]}, "properties": {"species": "Coprinus comatus", "date": "2026-04-27", "location": "Arapahoe St, Golden, CO, US", "elevation": 1765.0, "num_identification_agreements": 1, "tavg": null, "tmin": 2.8, "tmax": 11.0, "day_of_year": 117, "uuid": "48aba11e-d60e-4781-9482-72ae5fa975d9", "inat_id": 358529710}}, {"type": "Feature", "geometry": {"type": "Point", "coordinates": [-106.3293347, 35.8805408997]}, "properties": {"species": "Coprinus comatus", "date": "2026-05-03", "location": "Los Alamos County, NM, USA", "elevation": 2235.0, "num_identification_agreements": 1, "tavg": null, "tmin": 6.0, "tmax": 19.0, "day_of_year": 123, "uuid": "04bb9925-b193-4ded-9d03-3b9c52e794ba", "inat_id": 357970421}}, {"type": "Feature", "geometry": {"type": "Point", "coordinates": [-105.1312945, 40.39795]}, "properties": {"species": "Coprinus comatus", "date": "2026-04-28", "location": "Crestone Dr, Loveland, CO, US", "elevation": 1536.0, "num_identification_agreements": 2, "tavg": null, "tmin": 2.8, "tmax": 14.7, "day_of_year": 118, "uuid": "57a676c7-0b6f-41b9-ba0c-7e0fbc6be6c8", "inat_id": 357273084}}, {"type": "Feature", "geometry": {"type": "Point", "coordinates": [-107.8711470252, 39.0617350743]}, "properties": {"species": "Coprinus comatus", "date": "2010-08-21", "location": "Grand Mesa National Forest, Vela Reservoir, CO, USA", "elevation": 3102.0, "num_identification_agreements": 1, "tavg": null, "tmin": null, "tmax": null, "day_of_year": 233, "uuid": "caecfc76-3953-4f96-9d50-3433d10fa928", "inat_id": 357267033}}, {"type": "Feature", "geometry": {"type": "Point", "coordinates": [-104.9717876391, 39.7886309178]}, "properties": {"species": "Coprinus comatus", "date": "2026-04-25", "location": "Franklin St, Denver, CO, US", "elevation": 1567.0, "num_identification_agreements": 1, "tavg": null, "tmin": 5.6, "tmax": 13.3, "day_of_year": 115, "uuid": "92ed7098-2424-4d12-b071-c8ba46754823", "inat_id": 353675075}}, {"type": "Feature", "geometry": {"type": "Point", "coordinates": [-104.7829344605, 39.6382459819]}, "properties": {"species": "Coprinus comatus", "date": "2025-09-17", "location": "Quincy Reservoir Trail, Aurora, CO, US", "elevation": 1729.0, "num_identification_agreements": 1, "tavg": null, "tmin": 7.0, "tmax": 20.0, "day_of_year": 260, "uuid": "7c88c3f7-79d4-45d1-96ea-77214af015c7", "inat_id": 353484217}}, {"type": "Feature", "geometry": {"type": "Point", "coordinates": [-103.4733916819, 39.1373217897]}, "properties": {"species": "Coprinus comatus", "date": "2023-10-01", "location": "Lincoln Community Hospital Heliport, Hugo, CO 80821, USA", "elevation": 1540.0, "num_identification_agreements": 4, "tavg": null, "tmin": 14.4, "tmax": 28.3, "day_of_year": 274, "uuid": "2067f3ef-db7f-4bae-9896-42ccb1429999", "inat_id": 352401081}}, {"type": "Feature", "geometry": {"type": "Point", "coordinates": [-106.311041, 39.671616]}, "properties": {"species": "Coprinus comatus", "date": "2015-06-29", "location": "Eagle County, CO, USA", "elevation": 2957.0, "num_identification_agreements": 1, "tavg": null, "tmin": null, "tmax": null, "day_of_year": 180, "uuid": "fe34b409-8bf7-459e-b313-2730cf79ff2d", "inat_id": 352281057}}, {"type": "Feature", "geometry": {"type": "Point", "coordinates": [-104.7678083333, 39.625645]}, "properties": {"species": "Coprinus comatus", "date": "2023-09-23", "location": "E Whitaker Cir, Aurora, CO, US", "elevation": 1773.0, "num_identification_agreements": 1, "tavg": null, "tmin": 6.8, "tmax": 24.1, "day_of_year": 266, "uuid": "ba094962-29fd-4f23-877a-41b39779ecdc", "inat_id": 351865241}}, {"type": "Feature", "geometry": {"type": "Point", "coordinates": [-105.1045916667, 40.1352388333]}, "properties": {"species": "Coprinus comatus", "date": "2026-04-13", "location": "100 Year Party Ct, Longmont, CO, US", "elevation": 1517.0, "num_identification_agreements": 1, "tavg": null, "tmin": 10.0, "tmax": 21.9, "day_of_year": 103, "uuid": "c75dd09d-8b41-4bd9-9374-b068e66d03b9", "inat_id": 351360847}}, {"type": "Feature", "geometry": {"type": "Point", "coordinates": [-105.3820619, 39.4969148]}, "properties": {"species": "Coprinus comatus", "date": "2024-09-24", "location": "Staunton State Park", "elevation": 2511.0, "num_identification_agreements": 1, "tavg": null, "tmin": 9.4, "tmax": 23.3, "day_of_year": 268, "uuid": "437c1160-3292-45ac-9bb0-880ff925d044", "inat_id": 350978143}}, {"type": "Feature", "geometry": {"type": "Point", "coordinates": [-105.0678916853, 39.9194850636]}, "properties": {"species": "Coprinus comatus", "date": "2026-04-09", "location": "Descombes Dr, Broomfield, CO, US", "elevation": 1633.0, "num_identification_agreements": 1, "tavg": null, "tmin": 6.0, "tmax": 21.0, "day_of_year": 99, "uuid": "6c2e84d3-983e-43a2-861f-b3c7d972f378", "inat_id": 348721659}}, {"type": "Feature", "geometry": {"type": "Point", "coordinates": [-103.8731833333, 44.36575]}, "properties": {"species": "Coprinus comatus", "date": "2024-09-28", "location": "Lead, SD, US", "elevation": 1752.0, "num_identification_agreements": 2, "tavg": null, "tmin": 14.0, "tmax": 32.0, "day_of_year": 272, "uuid": "198cf3ae-ca5d-42a2-8144-a9bc3780c7bc", "inat_id": 344532275}}, {"type": "Feature", "geometry": {"type": "Point", "coordinates": [-105.0996998753, 40.6055247859]}, "properties": {"species": "Coprinus comatus", "date": "2025-10-04", "location": "N Shield Ponds Big Loop, Fort Collins, CO, US", "elevation": 1522.0, "num_identification_agreements": 1, "tavg": null, "tmin": 12.0, "tmax": 28.0, "day_of_year": 277, "uuid": "9ba6e3a2-2e27-4891-86f9-9fd1dfec746a", "inat_id": 341715309}}, {"type": "Feature", "geometry": {"type": "Point", "coordinates": [-104.878075, 39.7541116667]}, "properties": {"species": "Coprinus comatus", "date": "2025-10-12", "location": "Dayton St, Aurora, CO, US", "elevation": 1621.0, "num_identification_agreements": 1, "tavg": null, "tmin": 11.1, "tmax": 20.4, "day_of_year": 285, "uuid": "ffd633a0-a18e-4e2b-8056-95ed78271245", "inat_id": 334277766}}, {"type": "Feature", "geometry": {"type": "Point", "coordinates": [-105.8631377267, 40.422359843]}, "properties": {"species": "Coprinus comatus", "date": "2022-09-04", "location": "Grand County, CO, USA", "elevation": 3174.0, "num_identification_agreements": 1, "tavg": null, "tmin": 4.7, "tmax": 26.8, "day_of_year": 247, "uuid": "7f5118ad-1504-4684-b9e3-719700f9d33c", "inat_id": 333822178}}, {"type": "Feature", "geometry": {"type": "Point", "coordinates": [-105.0914695, 40.5724533333]}, "properties": {"species": "Coprinus comatus", "date": "2025-10-11", "location": "W Pitkin St, Fort Collins, CO, US", "elevation": 1532.0, "num_identification_agreements": 1, "tavg": null, "tmin": 9.0, "tmax": 18.0, "day_of_year": 284, "uuid": "1a351c7b-5772-4545-8a33-9cc1b4f878ef", "inat_id": 332516538}}, {"type": "Feature", "geometry": {"type": "Point", "coordinates": [-105.0914778333, 40.5724533333]}, "properties": {"species": "Coprinus comatus", "date": "2025-10-11", "location": "W Pitkin St, Fort Collins, CO, US", "elevation": 1532.0, "num_identification_agreements": 1, "tavg": null, "tmin": 9.0, "tmax": 18.0, "day_of_year": 284, "uuid": "7873222f-5a05-4673-bd5b-3468f2ad5b12", "inat_id": 332516523}}, {"type": "Feature", "geometry": {"type": "Point", "coordinates": [-104.865498802, 39.5712194116]}, "properties": {"species": "Coprinus comatus", "date": "2025-09-09", "location": "Inverness, CO 80112, USA", "elevation": 1784.0, "num_identification_agreements": 1, "tavg": null, "tmin": 14.0, "tmax": 29.0, "day_of_year": 252, "uuid": "5243804a-38a3-4596-893a-94d2514148b0", "inat_id": 330373782}}, {"type": "Feature", "geometry": {"type": "Point", "coordinates": [-105.274795, 39.7077533333]}, "properties": {"species": "Coprinus comatus", "date": "2025-10-11", "location": "Blue Ridge Dr, Golden, CO, US", "elevation": 2273.0, "num_identification_agreements": 3, "tavg": null, "tmin": 12.0, "tmax": 17.0, "day_of_year": 284, "uuid": "782c5a67-11c3-4853-a33d-7deb00c6d801", "inat_id": 328983159}}, {"type": "Feature", "geometry": {"type": "Point", "coordinates": [-105.1543065933, 40.5238802852]}, "properties": {"species": "Coprinus comatus", "date": "2025-10-11", "location": "Colorado, US", "elevation": 1706.0, "num_identification_agreements": 1, "tavg": null, "tmin": 9.0, "tmax": 18.0, "day_of_year": 284, "uuid": "167c1594-9831-41fa-897f-691e2466637f", "inat_id": 328949079}}, {"type": "Feature", "geometry": {"type": "Point", "coordinates": [-108.7202616667, 39.1546221667]}, "properties": {"species": "Coprinus comatus", "date": "2025-11-20", "location": "E Cleveland Ave, Fruita, CO, US", "elevation": 1382.0, "num_identification_agreements": 2, "tavg": null, "tmin": 6.1, "tmax": 10.6, "day_of_year": 324, "uuid": "aba2f090-e605-4355-83a6-56d2f4d72b22", "inat_id": 327989559}}, {"type": "Feature", "geometry": {"type": "Point", "coordinates": [-105.0886083333, 40.5768366667]}, "properties": {"species": "Coprinus comatus", "date": "2025-10-10", "location": "W Laurel St, Fort Collins, CO, US", "elevation": 1527.0, "num_identification_agreements": 2, "tavg": null, "tmin": 8.9, "tmax": 17.8, "day_of_year": 283, "uuid": "e5d729f2-563a-44a3-bd89-47b33847ffc5", "inat_id": 327562380}}, {"type": "Feature", "geometry": {"type": "Point", "coordinates": [-105.0860666667, 40.5673133333]}, "properties": {"species": "Coprinus comatus", "date": "2022-10-01", "location": "Colorado State University, Fort Collins, CO, US", "elevation": 1530.0, "num_identification_agreements": 2, "tavg": null, "tmin": 11.7, "tmax": 21.7, "day_of_year": 274, "uuid": "d4eeddd8-4892-4f0b-a37d-3c19fd557470", "inat_id": 326993685}}, {"type": "Feature", "geometry": {"type": "Point", "coordinates": [-104.9859636425, 39.8926651182]}, "properties": {"species": "Coprinus comatus", "date": "2025-10-07", "location": "Lincoln St, Northglenn, CO, US", "elevation": 1636.0, "num_identification_agreements": 1, "tavg": null, "tmin": 8.0, "tmax": 13.0, "day_of_year": 280, "uuid": "f7ae09af-9b59-4811-a1dd-bc5d2266f6ef", "inat_id": 325530090}}, {"type": "Feature", "geometry": {"type": "Point", "coordinates": [-104.9862401199, 39.892621841]}, "properties": {"species": "Coprinus comatus", "date": "2025-10-07", "location": "Lincoln St, Northglenn, CO, US", "elevation": 1636.0, "num_identification_agreements": 2, "tavg": null, "tmin": 8.0, "tmax": 13.0, "day_of_year": 280, "uuid": "da16b9d9-176b-47fb-ac26-a91e9e491ecd", "inat_id": 325530077}}, {"type": "Feature", "geometry": {"type": "Point", "coordinates": [-104.9862018255, 39.8926541464]}, "properties": {"species": "Coprinus comatus", "date": "2025-10-07", "location": "Lincoln St, Northglenn, CO, US", "elevation": 1636.0, "num_identification_agreements": 2, "tavg": null, "tmin": 8.0, "tmax": 13.0, "day_of_year": 280, "uuid": "ea394332-c14e-4ca5-be67-65a75d9a9fbe", "inat_id": 325530064}}, {"type": "Feature", "geometry": {"type": "Point", "coordinates": [-106.6925722222, 35.7699361111]}, "properties": {"species": "Coprinus comatus", "date": "2025-11-06", "location": "Jemez Springs Village Complex, Jemez Springs, NM 87025, USA", "elevation": 1885.0, "num_identification_agreements": 1, "tavg": null, "tmin": 6.0, "tmax": 18.0, "day_of_year": 310, "uuid": "b26c488c-fd45-40e0-b10e-826ef9f97a0a", "inat_id": 325258220}}, {"type": "Feature", "geometry": {"type": "Point", "coordinates": [-105.2500709969, 39.7497732864]}, "properties": {"species": "Coprinus comatus", "date": "2025-10-09", "location": "Grant Terry Loop, Golden, CO, US", "elevation": 1764.0, "num_identification_agreements": 1, "tavg": null, "tmin": 11.0, "tmax": 28.0, "day_of_year": 282, "uuid": "0f645943-c1b6-4f89-bfd9-87fe977e05cf", "inat_id": 323913625}}, {"type": "Feature", "geometry": {"type": "Point", "coordinates": [-103.6293242323, 43.7822631805]}, "properties": {"species": "Coprinus comatus", "date": "2025-10-19", "location": "Black Hills National Forest, Custer, SD, US", "elevation": 1752.0, "num_identification_agreements": 1, "tavg": null, "tmin": -1.0, "tmax": 17.0, "day_of_year": 292, "uuid": "07f70731-c856-4239-9ee0-b175f19210bd", "inat_id": 323751883}}, {"type": "Feature", "geometry": {"type": "Point", "coordinates": [-105.0767003932, 40.5442726007]}, "properties": {"species": "Coprinus comatus", "date": "2025-10-27", "location": "S College Ave, Fort Collins, CO, US", "elevation": 1535.0, "num_identification_agreements": 1, "tavg": null, "tmin": 3.0, "tmax": 15.0, "day_of_year": 300, "uuid": "9650e043-bcf2-4d50-a073-2408400cb0f6", "inat_id": 323538021}}, {"type": "Feature", "geometry": {"type": "Point", "coordinates": [-105.1077307016, 39.988030467]}, "properties": {"species": "Coprinus comatus", "date": "2025-10-08", "location": "South Boulder Rd & Centaur Village Dr, Lafayette, CO 80026, USA", "elevation": 1610.0, "num_identification_agreements": 1, "tavg": null, "tmin": 2.2, "tmax": 24.3, "day_of_year": 281, "uuid": "1de626c1-6838-420e-abc3-52fe7f21800c", "inat_id": 323388666}}, {"type": "Feature", "geometry": {"type": "Point", "coordinates": [-105.2266333665, 40.0267163082]}, "properties": {"species": "Coprinus comatus", "date": "2025-09-20", "location": "Pearl Pkwy, Boulder, CO, US", "elevation": 1586.0, "num_identification_agreements": 1, "tavg": null, "tmin": 13.0, "tmax": 28.0, "day_of_year": 263, "uuid": "02411d68-8a80-4732-9d9b-e3b4f8d7e9f4", "inat_id": 323281386}}, {"type": "Feature", "geometry": {"type": "Point", "coordinates": [-107.8814512, 37.2791265997]}, "properties": {"species": "Coprinus comatus", "date": "2025-09-28", "location": "Durango, CO, USA", "elevation": 1986.0, "num_identification_agreements": 2, "tavg": null, "tmin": 9.0, "tmax": 20.0, "day_of_year": 271, "uuid": "8793645c-8390-4706-aedb-af62abd7ea56", "inat_id": 322990381}}, {"type": "Feature", "geometry": {"type": "Point", "coordinates": [-105.8342966667, 40.2553666667]}, "properties": {"species": "Coprinus comatus", "date": "2025-10-01", "location": "Grand Lake Snowmobile Access Trail, Grand Lake, CO, US", "elevation": 2592.0, "num_identification_agreements": 1, "tavg": null, "tmin": 2.0, "tmax": 18.0, "day_of_year": 274, "uuid": "efbbe553-cbfa-4887-af50-6cd4cbcf6a3b", "inat_id": 322055983}}, {"type": "Feature", "geometry": {"type": "Point", "coordinates": [-107.6949204505, 38.5532378778]}, "properties": {"species": "Coprinus comatus", "date": "2025-10-16", "location": "Black Canyon of the Gunnison National Park, Montrose County, US-CO, US", "elevation": 2519.0, "num_identification_agreements": 1, "tavg": null, "tmin": 4.0, "tmax": 14.0, "day_of_year": 289, "uuid": "99ac28ee-6527-41c8-b958-848c53b202cc", "inat_id": 321982571}}, {"type": "Feature", "geometry": {"type": "Point", "coordinates": [-105.5105634349, 38.3040997892]}, "properties": {"species": "Coprinus comatus", "date": "2025-10-19", "location": "17th Trail, Cotopaxi, CO, US", "elevation": 2377.0, "num_identification_agreements": 2, "tavg": null, "tmin": 2.4, "tmax": 26.2, "day_of_year": 292, "uuid": "7e0f11a3-5955-42e0-854f-eed6e424cb50", "inat_id": 321951389}}, {"type": "Feature", "geometry": {"type": "Point", "coordinates": [-105.2873724997, 39.8989574124]}, "properties": {"species": "Coprinus comatus", "date": "2025-10-18", "location": "Colorado, US", "elevation": 2235.0, "num_identification_agreements": 2, "tavg": null, "tmin": 4.0, "tmax": 17.0, "day_of_year": 291, "uuid": "f1f363cb-796d-4642-ad33-53a03326e784", "inat_id": 321653809}}, {"type": "Feature", "geometry": {"type": "Point", "coordinates": [-106.2845466667, 35.7874866667]}, "properties": {"species": "Coprinus comatus", "date": "2025-10-15", "location": "Bandelier National Monument, Pena Blanca, NM, US", "elevation": 1897.0, "num_identification_agreements": 1, "tavg": null, "tmin": 13.0, "tmax": 18.0, "day_of_year": 288, "uuid": "cc1eb456-5947-43ff-bdd8-d321fec925ed", "inat_id": 321633506}}, {"type": "Feature", "geometry": {"type": "Point", "coordinates": [-105.0817830116, 40.5698003229]}, "properties": {"species": "Coprinus comatus", "date": "2025-10-08", "location": "Fort Collins, CO 80521, USA", "elevation": 1530.0, "num_identification_agreements": 1, "tavg": null, "tmin": 3.0, "tmax": 24.4, "day_of_year": 281, "uuid": "835d89ca-1f8a-411c-9133-eaedb4259001", "inat_id": 321458499}}, {"type": "Feature", "geometry": {"type": "Point", "coordinates": [-105.1061524744, 40.1378331248]}, "properties": {"species": "Coprinus comatus", "date": "2025-10-17", "location": "Pike Rd, Longmont, CO, US", "elevation": 1524.0, "num_identification_agreements": 1, "tavg": null, "tmin": 3.0, "tmax": 21.0, "day_of_year": 290, "uuid": "d1e5ca9b-707c-434f-b087-3cdf7b55a49c", "inat_id": 321420118}}, {"type": "Feature", "geometry": {"type": "Point", "coordinates": [-104.9626783333, 39.6747966667]}, "properties": {"species": "Coprinus comatus", "date": "2025-10-16", "location": "E Iliff Ave, Denver, CO, US", "elevation": 1637.0, "num_identification_agreements": 2, "tavg": null, "tmin": 9.8, "tmax": 18.8, "day_of_year": 289, "uuid": "0c8c5a5d-d9b7-40e4-9dbb-5df962cd23d0", "inat_id": 321295981}}, {"type": "Feature", "geometry": {"type": "Point", "coordinates": [-105.5954416997, 41.3124478]}, "properties": {"species": "Coprinus comatus", "date": "2025-10-16", "location": "Laramie, WY, USA", "elevation": 2185.0, "num_identification_agreements": 1, "tavg": null, "tmin": 3.0, "tmax": 12.0, "day_of_year": 289, "uuid": "83087f16-f918-48b3-a09e-3570fbb2383a", "inat_id": 321288079}}, {"type": "Feature", "geometry": {"type": "Point", "coordinates": [-109.4186893401, 40.5783177987]}, "properties": {"species": "Coprinus comatus", "date": "2025-10-06", "location": "Vernal, UT, US", "elevation": 1728.0, "num_identification_agreements": 1, "tavg": null, "tmin": 3.0, "tmax": 18.0, "day_of_year": 279, "uuid": "5736155d-6b66-4007-95c6-4fa00f79fd10", "inat_id": 321227101}}, {"type": "Feature", "geometry": {"type": "Point", "coordinates": [-105.1349026052, 39.9885705268]}, "properties": {"species": "Coprinus comatus", "date": "2025-10-12", "location": "Centennial Dr, Louisville, CO, US", "elevation": 1651.0, "num_identification_agreements": 1, "tavg": null, "tmin": 6.0, "tmax": 20.0, "day_of_year": 285, "uuid": "e2cdd092-99d1-4d4c-a020-551e4c0f29d4", "inat_id": 321134145}}, {"type": "Feature", "geometry": {"type": "Point", "coordinates": [-105.09097377, 39.8944793]}, "properties": {"species": "Coprinus comatus", "date": "2025-10-15", "location": "West Westminster, Westminster, CO, USA", "elevation": 1656.0, "num_identification_agreements": 1, "tavg": null, "tmin": 10.0, "tmax": 21.5, "day_of_year": 288, "uuid": "e7f4bbed-3599-41d5-8827-d96d1b510269", "inat_id": 321091623}}, {"type": "Feature", "geometry": {"type": "Point", "coordinates": [-105.1023330688, 40.5650787354]}, "properties": {"species": "Coprinus comatus", "date": "2025-10-15", "location": "Fort Collins", "elevation": 1536.0, "num_identification_agreements": 1, "tavg": null, "tmin": 6.0, "tmax": 23.0, "day_of_year": 288, "uuid": "3002fd5f-df57-48a0-9bc3-9f5f72576f66", "inat_id": 321055228}}, {"type": "Feature", "geometry": {"type": "Point", "coordinates": [-104.9532422502, 39.5172187305]}, "properties": {"species": "Coprinus comatus", "date": "2025-10-10", "location": "Danbury Ave, Highlands Ranch, CO, US", "elevation": 1868.0, "num_identification_agreements": 1, "tavg": null, "tmin": 12.0, "tmax": 19.4, "day_of_year": 283, "uuid": "2485cef0-d2d9-4f68-a745-24125def1030", "inat_id": 320987935}}, {"type": "Feature", "geometry": {"type": "Point", "coordinates": [-105.1111666667, 40.1380611667]}, "properties": {"species": "Coprinus comatus", "date": "2025-10-14", "location": "Budd Ct, Longmont, CO, US", "elevation": 1523.0, "num_identification_agreements": 1, "tavg": null, "tmin": 7.0, "tmax": 22.0, "day_of_year": 287, "uuid": "2b1494ad-bd82-4b7f-ae7f-eb4d271143a8", "inat_id": 320955633}}, {"type": "Feature", "geometry": {"type": "Point", "coordinates": [-105.0695508, 39.6593787997]}, "properties": {"species": "Coprinus comatus", "date": "2025-10-14", "location": "Bear Valley, Denver, CO, USA", "elevation": 1640.0, "num_identification_agreements": 1, "tavg": null, "tmin": 9.0, "tmax": 26.0, "day_of_year": 287, "uuid": "2c552b70-c91f-4625-9c2c-d3e3155fc28f", "inat_id": 320954139}}, {"type": "Feature", "geometry": {"type": "Point", "coordinates": [-105.0904695, 40.1890966667]}, "properties": {"species": "Coprinus comatus", "date": "2025-10-14", "location": "Antero Dr, Longmont, CO, US", "elevation": 1541.0, "num_identification_agreements": 1, "tavg": null, "tmin": 7.0, "tmax": 22.0, "day_of_year": 287, "uuid": "04dfbd74-4760-42c9-a45d-eb2477858bf4", "inat_id": 320928702}}, {"type": "Feature", "geometry": {"type": "Point", "coordinates": [-107.95243, 37.2713283333]}, "properties": {"species": "Coprinus comatus", "date": "2025-10-14", "location": "La Plata County, US-CO, US", "elevation": 2309.0, "num_identification_agreements": 1, "tavg": null, "tmin": 10.0, "tmax": 19.0, "day_of_year": 287, "uuid": "f94c8a69-c887-413d-8a13-e411050314e5", "inat_id": 320894548}}, {"type": "Feature", "geometry": {"type": "Point", "coordinates": [-104.6390176231, 40.077658494]}, "properties": {"species": "Coprinus comatus", "date": "2025-10-14", "location": "E I-76 Frontage Rd, Hudson, CO, US", "elevation": 1527.0, "num_identification_agreements": 1, "tavg": null, "tmin": 5.0, "tmax": 26.1, "day_of_year": 287, "uuid": "7af9bd28-3ba7-471b-b471-317777600f80", "inat_id": 320875853}}, {"type": "Feature", "geometry": {"type": "Point", "coordinates": [-106.3194173, 35.8813781]}, "properties": {"species": "Coprinus comatus", "date": "2025-10-14", "location": "Los Alamos, NM 87544, USA", "elevation": 2231.0, "num_identification_agreements": 1, "tavg": null, "tmin": 9.0, "tmax": 18.0, "day_of_year": 287, "uuid": "794f8f31-953e-4b4f-a6f2-c8eee6fee260", "inat_id": 320868616}}, {"type": "Feature", "geometry": {"type": "Point", "coordinates": [-105.1897700876, 39.8214545663]}, "properties": {"species": "Coprinus comatus", "date": "2025-10-13", "location": "Meadows At Westwoods, Arvada, CO 80007, USA", "elevation": 1724.0, "num_identification_agreements": 1, "tavg": null, "tmin": 6.0, "tmax": 14.0, "day_of_year": 286, "uuid": "624e6e53-743c-4e92-a47b-b0459e505b50", "inat_id": 320797726}}, {"type": "Feature", "geometry": {"type": "Point", "coordinates": [-108.1691315771, 36.7694995337]}, "properties": {"species": "Coprinus comatus", "date": "2025-10-13", "location": "Farmington, NM, USA", "elevation": 1722.0, "num_identification_agreements": 1, "tavg": null, "tmin": 9.0, "tmax": 21.0, "day_of_year": 286, "uuid": "266fb784-2152-4231-a5dc-fe9d9cf36271", "inat_id": 320705882}}, {"type": "Feature", "geometry": {"type": "Point", "coordinates": [-105.1206888889, 40.3912305556]}, "properties": {"species": "Coprinus comatus", "date": "2025-10-13", "location": "Loveland, CO, USA", "elevation": 1534.0, "num_identification_agreements": 2, "tavg": null, "tmin": 3.0, "tmax": 15.0, "day_of_year": 286, "uuid": "63a036ca-260e-455b-96c8-5f96a494543a", "inat_id": 320678437}}, {"type": "Feature", "geometry": {"type": "Point", "coordinates": [-104.7116616667, 38.7378416667]}, "properties": {"species": "Coprinus comatus", "date": "2025-10-11", "location": "Fontaine Blvd, Widefield, CO, US", "elevation": 1744.0, "num_identification_agreements": 1, "tavg": null, "tmin": 10.0, "tmax": 25.0, "day_of_year": 284, "uuid": "bc79c2ec-287d-4569-a0c1-cc365fab1e48", "inat_id": 320600421}}, {"type": "Feature", "geometry": {"type": "Point", "coordinates": [-105.2533342419, 39.6389830946]}, "properties": {"species": "Coprinus comatus", "date": "2025-10-11", "location": "Nambe Rd, Indian Hills, CO, US", "elevation": 2295.0, "num_identification_agreements": 1, "tavg": null, "tmin": 12.0, "tmax": 17.0, "day_of_year": 284, "uuid": "00350880-bc9e-41ad-a8bd-2eec6bd065b2", "inat_id": 320553471}}, {"type": "Feature", "geometry": {"type": "Point", "coordinates": [-105.1923062517, 40.044153696]}, "properties": {"species": "Coprinus comatus", "date": "2025-10-12", "location": "Walden Ponds Trail, Boulder, CO, US", "elevation": 1568.0, "num_identification_agreements": 1, "tavg": null, "tmin": 9.0, "tmax": 20.0, "day_of_year": 285, "uuid": "f6843af7-be8b-4a6a-9435-2affdf1fea65", "inat_id": 320548117}}, {"type": "Feature", "geometry": {"type": "Point", "coordinates": [-105.0910093587, 40.0294410932]}, "properties": {"species": "Coprinus comatus", "date": "2025-10-07", "location": "Claystone Cir, Erie, CO, US", "elevation": 1571.0, "num_identification_agreements": 1, "tavg": null, "tmin": 7.6, "tmax": 14.0, "day_of_year": 280, "uuid": "e40bd709-fdf9-4abf-b542-49b236a73a85", "inat_id": 320540626}}, {"type": "Feature", "geometry": {"type": "Point", "coordinates": [-105.147025, 40.1475528333]}, "properties": {"species": "Coprinus comatus", "date": "2025-10-12", "location": "Schlagel St, Longmont, CO, US", "elevation": 1531.0, "num_identification_agreements": 1, "tavg": null, "tmin": 8.0, "tmax": 21.0, "day_of_year": 285, "uuid": "196f9ca4-1d93-4364-9854-ce1f1f7d4ee7", "inat_id": 320536446}}, {"type": "Feature", "geometry": {"type": "Point", "coordinates": [-105.1183778333, 40.4127383333]}, "properties": {"species": "Coprinus comatus", "date": "2025-10-12", "location": "Kennedy Ave, Loveland, CO, US", "elevation": 1553.0, "num_identification_agreements": 1, "tavg": null, "tmin": 7.0, "tmax": 19.0, "day_of_year": 285, "uuid": "3326d87c-386b-42ec-9407-1ed82b509ddd", "inat_id": 320518571}}, {"type": "Feature", "geometry": {"type": "Point", "coordinates": [-104.8618325, 39.8186973997]}, "properties": {"species": "Coprinus comatus", "date": "2025-10-11", "location": "Building 371, Denver, CO 80239, USA", "elevation": 1595.0, "num_identification_agreements": 1, "tavg": null, "tmin": 11.3, "tmax": 18.1, "day_of_year": 284, "uuid": "6e427ad7-cf23-4406-9069-3712eac707a6", "inat_id": 320473136}}, {"type": "Feature", "geometry": {"type": "Point", "coordinates": [-104.9629211426, 40.5145606995]}, "properties": {"species": "Coprinus comatus", "date": "2025-10-12", "location": "Timnath", "elevation": 1477.0, "num_identification_agreements": 1, "tavg": null, "tmin": 7.0, "tmax": 19.0, "day_of_year": 285, "uuid": "bc6dee97-678b-4503-a9a3-d81f26fe7520", "inat_id": 320424906}}, {"type": "Feature", "geometry": {"type": "Point", "coordinates": [-105.0445175171, 40.5652427673]}, "properties": {"species": "Coprinus comatus", "date": "2025-10-10", "location": "Fort Collins", "elevation": 1503.0, "num_identification_agreements": 1, "tavg": null, "tmin": 8.9, "tmax": 17.8, "day_of_year": 283, "uuid": "f8dbc75b-9f32-476c-b693-2fee0772f9d7", "inat_id": 320417556}}, {"type": "Feature", "geometry": {"type": "Point", "coordinates": [-105.0811445326, 40.5729277083]}, "properties": {"species": "Coprinus comatus", "date": "2025-10-03", "location": "Monfort Quadrangle, Fort Collins, CO, US", "elevation": 1530.0, "num_identification_agreements": 1, "tavg": null, "tmin": 10.0, "tmax": 31.0, "day_of_year": 276, "uuid": "56f738b1-e9c1-4ee5-b31f-7b3d731a7ff8", "inat_id": 320414682}}, {"type": "Feature", "geometry": {"type": "Point", "coordinates": [-104.861795, 39.818705]}, "properties": {"species": "Coprinus comatus", "date": "2025-10-11", "location": "Lake Mary Loop Trail, Denver, CO, US", "elevation": 1595.0, "num_identification_agreements": 1, "tavg": null, "tmin": 11.3, "tmax": 18.1, "day_of_year": 284, "uuid": "c6099922-077c-4e0b-bbbe-129da653d0ce", "inat_id": 320398522}}, {"type": "Feature", "geometry": {"type": "Point", "coordinates": [-102.99553, 39.01359445]}, "properties": {"species": "Coprinus comatus", "date": "2025-10-11", "location": "County Road 9, Wild Horse, CO, US", "elevation": 1488.0, "num_identification_agreements": 1, "tavg": null, "tmin": null, "tmax": null, "day_of_year": 284, "uuid": "c7ad45ba-fce9-453e-b8c1-a368643caf54", "inat_id": 320391823}}, {"type": "Feature", "geometry": {"type": "Point", "coordinates": [-105.0525703995, 39.8718113549]}, "properties": {"species": "Coprinus comatus", "date": "2025-10-11", "location": "Sheridan Blvd, Westminster, CO, US", "elevation": 1649.0, "num_identification_agreements": 1, "tavg": null, "tmin": 12.0, "tmax": 17.0, "day_of_year": 284, "uuid": "2f8337f9-9c09-47e8-b2cf-db1a5a7592df", "inat_id": 320285438}}, {"type": "Feature", "geometry": {"type": "Point", "coordinates": [-104.86183, 39.8187116667]}, "properties": {"species": "Coprinus comatus", "date": "2025-10-11", "location": "Lake Mary Loop Trail, Denver, CO, US", "elevation": 1595.0, "num_identification_agreements": 1, "tavg": null, "tmin": 11.3, "tmax": 18.1, "day_of_year": 284, "uuid": "e10eabc2-8a73-430c-b985-d90764636198", "inat_id": 320283888}}, {"type": "Feature", "geometry": {"type": "Point", "coordinates": [-104.8618166667, 39.818695]}, "properties": {"species": "Coprinus comatus", "date": "2025-10-11", "location": "Lake Mary Loop Trail, Denver, CO, US", "elevation": 1595.0, "num_identification_agreements": 1, "tavg": null, "tmin": 11.3, "tmax": 18.1, "day_of_year": 284, "uuid": "83aa89b4-af7e-479f-9938-73cb1f041eef", "inat_id": 320283872}}, {"type": "Feature", "geometry": {"type": "Point", "coordinates": [-104.8618166667, 39.818695]}, "properties": {"species": "Coprinus comatus", "date": "2025-10-11", "location": "Lake Mary Loop Trail, Denver, CO, US", "elevation": 1595.0, "num_identification_agreements": 1, "tavg": null, "tmin": 11.3, "tmax": 18.1, "day_of_year": 284, "uuid": "e2a79872-48b5-43da-8b99-ee954414998f", "inat_id": 320283841}}, {"type": "Feature", "geometry": {"type": "Point", "coordinates": [-104.8618383333, 39.8187533333]}, "properties": {"species": "Coprinus comatus", "date": "2025-10-11", "location": "Lake Mary Loop Trail, Denver, CO, US", "elevation": 1593.0, "num_identification_agreements": 1, "tavg": null, "tmin": 11.3, "tmax": 18.1, "day_of_year": 284, "uuid": "468aa278-c391-4e04-ada2-6af5a511f665", "inat_id": 320283806}}, {"type": "Feature", "geometry": {"type": "Point", "coordinates": [-104.8618083333, 39.818695]}, "properties": {"species": "Coprinus comatus", "date": "2025-10-11", "location": "Lake Mary Loop Trail, Denver, CO, US", "elevation": 1595.0, "num_identification_agreements": 1, "tavg": null, "tmin": 11.3, "tmax": 18.1, "day_of_year": 284, "uuid": "ca68774a-36e8-411f-9445-a1688f2cfea2", "inat_id": 320280571}}, {"type": "Feature", "geometry": {"type": "Point", "coordinates": [-105.2234749776, 39.7501171986]}, "properties": {"species": "Coprinus comatus", "date": "2025-10-11", "location": "16th St, Golden, CO, US", "elevation": 1767.0, "num_identification_agreements": 1, "tavg": null, "tmin": 12.0, "tmax": 17.0, "day_of_year": 284, "uuid": "f118f125-1082-4dc0-ae9a-af40d707c251", "inat_id": 320265894}}, {"type": "Feature", "geometry": {"type": "Point", "coordinates": [-106.3293141, 35.880476]}, "properties": {"species": "Coprinus comatus", "date": "2025-10-11", "location": "Los Alamos County, NM, USA", "elevation": 2235.0, "num_identification_agreements": 1, "tavg": null, "tmin": 12.0, "tmax": 17.0, "day_of_year": 284, "uuid": "e33edab3-a64e-448e-93a2-04ef63a9cc73", "inat_id": 320264734}}, {"type": "Feature", "geometry": {"type": "Point", "coordinates": [-105.1292111667, 40.57473]}, "properties": {"species": "Coprinus comatus", "date": "2025-10-11", "location": "W Elizabeth St, Fort Collins, CO, US", "elevation": 1564.0, "num_identification_agreements": 1, "tavg": null, "tmin": 9.0, "tmax": 18.0, "day_of_year": 284, "uuid": "0baca2d8-4bd6-4330-8225-0702c5c5e760", "inat_id": 320254817}}, {"type": "Feature", "geometry": {"type": "Point", "coordinates": [-104.7613633052, 39.5185859663]}, "properties": {"species": "Coprinus comatus", "date": "2025-10-11", "location": "Downtown, Parker, CO, USA", "elevation": 1795.0, "num_identification_agreements": 1, "tavg": null, "tmin": 11.0, "tmax": 19.0, "day_of_year": 284, "uuid": "e9e65b04-1ba1-4557-90bc-edda20f807b9", "inat_id": 320242895}}, {"type": "Feature", "geometry": {"type": "Point", "coordinates": [-105.0747083333, 40.5951783333]}, "properties": {"species": "Coprinus comatus", "date": "2025-10-11", "location": "E Vine Dr, Fort Collins, CO, US", "elevation": 1516.0, "num_identification_agreements": 1, "tavg": null, "tmin": 9.0, "tmax": 18.0, "day_of_year": 284, "uuid": "21665dd4-fddf-4ad9-9a77-2363600f5a80", "inat_id": 320240573}}, {"type": "Feature", "geometry": {"type": "Point", "coordinates": [-105.2186265938, 39.759479464]}, "properties": {"species": "Coprinus comatus", "date": "2025-10-11", "location": "Colorado, US", "elevation": 1725.0, "num_identification_agreements": 1, "tavg": null, "tmin": 12.0, "tmax": 17.0, "day_of_year": 284, "uuid": "7c08fdca-f117-4539-adee-9f05b8d7784b", "inat_id": 320160588}}, {"type": "Feature", "geometry": {"type": "Point", "coordinates": [-105.5954220997, 41.3124990997]}, "properties": {"species": "Coprinus comatus", "date": "2025-10-10", "location": "Laramie, WY, USA", "elevation": 2185.0, "num_identification_agreements": 1, "tavg": null, "tmin": 5.6, "tmax": 17.2, "day_of_year": 283, "uuid": "f2126361-060e-4e07-ad73-63957b1fde85", "inat_id": 320096915}}, {"type": "Feature", "geometry": {"type": "Point", "coordinates": [-107.5128344803, 39.7324967034]}, "properties": {"species": "Coprinus comatus", "date": "2025-09-30", "location": "Main Elk Creek Rd, New Castle, CO, US", "elevation": 2946.0, "num_identification_agreements": 1, "tavg": null, "tmin": 8.0, "tmax": 24.0, "day_of_year": 273, "uuid": "544a970f-f254-40ea-922b-29ed85bc7738", "inat_id": 320013393}}, {"type": "Feature", "geometry": {"type": "Point", "coordinates": [-105.8783464506, 37.4728329076]}, "properties": {"species": "Coprinus comatus", "date": "2025-10-10", "location": "Alamosa, CO 81101, USA", "elevation": 2303.0, "num_identification_agreements": 1, "tavg": null, "tmin": 9.4, "tmax": 20.6, "day_of_year": 283, "uuid": "884f2b0d-68fa-4542-9a31-a6694f7f1f95", "inat_id": 319998819}}, {"type": "Feature", "geometry": {"type": "Point", "coordinates": [-105.927225, 35.6649383333]}, "properties": {"species": "Coprinus comatus", "date": "2025-10-09", "location": "Camino Lejo, Santa Fe, NM, US", "elevation": 2188.0, "num_identification_agreements": 2, "tavg": null, "tmin": 9.4, "tmax": 22.8, "day_of_year": 282, "uuid": "3dfa99e5-f898-4b13-a28a-4625bb26b7b3", "inat_id": 319884723}}, {"type": "Feature", "geometry": {"type": "Point", "coordinates": [-106.2980826572, 42.8486802286]}, "properties": {"species": "Coprinus comatus", "date": "2025-10-09", "location": "Casper, WY, USA", "elevation": 1576.0, "num_identification_agreements": 1, "tavg": null, "tmin": 6.1, "tmax": 25.6, "day_of_year": 282, "uuid": "8b26d398-4674-474c-9517-05631e0282b1", "inat_id": 319864785}}, {"type": "Feature", "geometry": {"type": "Point", "coordinates": [-105.1087670402, 40.1731551625]}, "properties": {"species": "Coprinus comatus", "date": "2025-10-09", "location": "Bross St, Longmont, CO, US", "elevation": 1527.0, "num_identification_agreements": 1, "tavg": null, "tmin": 6.7, "tmax": 30.0, "day_of_year": 282, "uuid": "fa46a18b-0b44-49e3-9579-dcee8b64fbad", "inat_id": 319857711}}, {"type": "Feature", "geometry": {"type": "Point", "coordinates": [-103.2755279541, 44.027545929]}, "properties": {"species": "Coprinus comatus", "date": "2025-10-09", "location": "Rapid City", "elevation": 1095.0, "num_identification_agreements": 1, "tavg": null, "tmin": 5.0, "tmax": 26.1, "day_of_year": 282, "uuid": "e3e407db-9281-4ac8-a20b-543816ba4f2e", "inat_id": 319838413}}, {"type": "Feature", "geometry": {"type": "Point", "coordinates": [-105.5739596486, 41.3148896967]}, "properties": {"species": "Coprinus comatus", "date": "2025-09-21", "location": "Laramie, WY, USA", "elevation": 2200.0, "num_identification_agreements": 2, "tavg": null, "tmin": 4.0, "tmax": 19.0, "day_of_year": 264, "uuid": "7a98e9b2-5170-4515-bd59-87106f3ba802", "inat_id": 319820095}}, {"type": "Feature", "geometry": {"type": "Point", "coordinates": [-102.6255809516, 42.6336701284]}, "properties": {"species": "Coprinus comatus", "date": "2025-10-09", "location": "Sheridan County, US-NE, US", "elevation": 1140.0, "num_identification_agreements": 2, "tavg": null, "tmin": 7.4, "tmax": 25.5, "day_of_year": 282, "uuid": "2dc4cd49-5967-4ec3-b95b-44c556f6fad7", "inat_id": 319751148}}, {"type": "Feature", "geometry": {"type": "Point", "coordinates": [-105.0860430703, 40.5673793041]}, "properties": {"species": "Coprinus comatus", "date": "2025-10-08", "location": "Colorado State University, Fort Collins, CO, US", "elevation": 1530.0, "num_identification_agreements": 1, "tavg": null, "tmin": 3.0, "tmax": 24.4, "day_of_year": 281, "uuid": "04970667-31a8-4204-a856-c5fee1e266ac", "inat_id": 319625411}}, {"type": "Feature", "geometry": {"type": "Point", "coordinates": [-106.7845166667, 40.4739]}, "properties": {"species": "Coprinus comatus", "date": "2025-10-07", "location": "Sanctuary Trail, Steamboat Springs, CO, US", "elevation": 2208.0, "num_identification_agreements": 1, "tavg": null, "tmin": -2.0, "tmax": 18.0, "day_of_year": 280, "uuid": "1be71abf-2f0f-4dd1-be9b-a4e4f9a83ac2", "inat_id": 319449677}}, {"type": "Feature", "geometry": {"type": "Point", "coordinates": [-105.0817416667, 40.576625]}, "properties": {"species": "Coprinus comatus", "date": "2025-10-07", "location": "Colorado State University, Fort Collins, CO, US", "elevation": 1529.0, "num_identification_agreements": 1, "tavg": null, "tmin": 6.0, "tmax": 14.0, "day_of_year": 280, "uuid": "6fcdc5f3-6f17-4024-9ce2-9c07745450dd", "inat_id": 319416821}}, {"type": "Feature", "geometry": {"type": "Point", "coordinates": [-105.1034555, 39.6386083333]}, "properties": {"species": "Coprinus comatus", "date": "2025-10-06", "location": "W Rice Ave, Littleton, CO, US", "elevation": 1709.0, "num_identification_agreements": 1, "tavg": null, "tmin": 6.0, "tmax": 9.0, "day_of_year": 279, "uuid": "cc92e055-da69-4566-8fcf-2005f994ab36", "inat_id": 319267193}}, {"type": "Feature", "geometry": {"type": "Point", "coordinates": [-105.0787694444, 40.5700611111]}, "properties": {"species": "Coprinus comatus", "date": "2025-10-06", "location": "Microwave Tower, Fort Collins, CO 80521, USA", "elevation": 1528.0, "num_identification_agreements": 1, "tavg": null, "tmin": 7.0, "tmax": 11.0, "day_of_year": 279, "uuid": "72e09b68-6578-4370-bdf8-3977d8622977", "inat_id": 319168190}}, {"type": "Feature", "geometry": {"type": "Point", "coordinates": [-106.53737, 35.8212883333]}, "properties": {"species": "Coprinus comatus", "date": "2024-07-16", "location": "E Fork Trail, Jemez Springs, NM, US", "elevation": 2575.0, "num_identification_agreements": 1, "tavg": null, "tmin": 20.0, "tmax": 30.5, "day_of_year": 198, "uuid": "a212b433-eaec-42a5-8e64-daed6c8aa007", "inat_id": 319146875}}, {"type": "Feature", "geometry": {"type": "Point", "coordinates": [-105.8627597656, 40.190445982]}, "properties": {"species": "Coprinus comatus", "date": "2025-10-05", "location": "Hummingbird Ln, Grand Lake, CO, US", "elevation": 2560.0, "num_identification_agreements": 1, "tavg": null, "tmin": -2.0, "tmax": 13.0, "day_of_year": 278, "uuid": "f529795f-065d-46ad-b29a-929f497e4e72", "inat_id": 319115629}}, {"type": "Feature", "geometry": {"type": "Point", "coordinates": [-105.5954684997, 41.3125055]}, "properties": {"species": "Coprinus comatus", "date": "2025-10-05", "location": "Laramie, WY, USA", "elevation": 2183.0, "num_identification_agreements": 1, "tavg": null, "tmin": 3.0, "tmax": 8.0, "day_of_year": 278, "uuid": "1f6193d6-2b76-46df-af47-1e909bd7fb13", "inat_id": 319023735}}, {"type": "Feature", "geometry": {"type": "Point", "coordinates": [-105.5954499, 41.3125068]}, "properties": {"species": "Coprinus comatus", "date": "2025-10-05", "location": "Laramie, WY, USA", "elevation": 2185.0, "num_identification_agreements": 1, "tavg": null, "tmin": 3.0, "tmax": 8.0, "day_of_year": 278, "uuid": "43a3551b-da19-47da-8b3d-e2cb4ade9f20", "inat_id": 319020298}}, {"type": "Feature", "geometry": {"type": "Point", "coordinates": [-105.0630597825, 40.490821959]}, "properties": {"species": "Coprinus comatus", "date": "2025-10-01", "location": "Colony Hills Ln, Fort Collins, CO, US", "elevation": 1524.0, "num_identification_agreements": 1, "tavg": null, "tmin": 11.0, "tmax": 28.0, "day_of_year": 274, "uuid": "af50cedf-5023-4338-8b2e-d0d870903689", "inat_id": 319001772}}, {"type": "Feature", "geometry": {"type": "Point", "coordinates": [-105.0706578791, 40.5921672104]}, "properties": {"species": "Coprinus comatus", "date": "2025-10-04", "location": "Fort Collins, CO, USA", "elevation": 1518.0, "num_identification_agreements": 1, "tavg": null, "tmin": 12.0, "tmax": 28.0, "day_of_year": 277, "uuid": "e39396d2-430a-4f29-9872-35e5634ebce5", "inat_id": 318737986}}, {"type": "Feature", "geometry": {"type": "Point", "coordinates": [-105.8199216667, 39.6916083333]}, "properties": {"species": "Coprinus comatus", "date": "2025-09-09", "location": "Continental Divide National Scenic Trail, Silver Plume, CO, US", "elevation": 3050.0, "num_identification_agreements": 1, "tavg": null, "tmin": -0.3, "tmax": 12.2, "day_of_year": 252, "uuid": "63c97d8f-c7f4-4a9e-9d20-72120b3bab63", "inat_id": 318549605}}, {"type": "Feature", "geometry": {"type": "Point", "coordinates": [-106.2794837997, 35.7931146]}, "properties": {"species": "Coprinus comatus", "date": "2025-09-24", "location": "Frey Trail, New Mexico 87547, USA", "elevation": 2019.0, "num_identification_agreements": 1, "tavg": null, "tmin": 9.0, "tmax": 19.0, "day_of_year": 267, "uuid": "9501bacf-ddb1-4378-a480-607bf9d944c6", "inat_id": 318253135}}, {"type": "Feature", "geometry": {"type": "Point", "coordinates": [-105.0805666667, 39.7961583333]}, "properties": {"species": "Coprinus comatus", "date": "2025-09-29", "location": "Wadsworth Blvd, Arvada, CO, US", "elevation": 1621.0, "num_identification_agreements": 1, "tavg": null, "tmin": 13.0, "tmax": 24.0, "day_of_year": 272, "uuid": "24bedbab-3a26-4c4a-98a7-3896aede8e25", "inat_id": 318054474}}, {"type": "Feature", "geometry": {"type": "Point", "coordinates": [-106.9220313616, 38.5479572369]}, "properties": {"species": "Coprinus comatus", "date": "2025-10-01", "location": "Gunnison, CO 81230, USA", "elevation": 2357.0, "num_identification_agreements": 1, "tavg": null, "tmin": 3.0, "tmax": 21.0, "day_of_year": 274, "uuid": "da18a4c0-de30-428f-8ee3-541d18a99711", "inat_id": 317991419}}, {"type": "Feature", "geometry": {"type": "Point", "coordinates": [-106.3266921043, 42.7329848352]}, "properties": {"species": "Coprinus comatus", "date": "2025-09-30", "location": "Casper Mountain, WY, USA", "elevation": 2439.0, "num_identification_agreements": 2, "tavg": null, "tmin": 11.0, "tmax": 24.0, "day_of_year": 273, "uuid": "340e26cd-2b35-4578-90fd-c21ee6a795bc", "inat_id": 317916084}}, {"type": "Feature", "geometry": {"type": "Point", "coordinates": [-107.6373920997, 39.7347341997]}, "properties": {"species": "Coprinus comatus", "date": "2025-09-30", "location": "New Castle, CO 81647, USA", "elevation": 2701.0, "num_identification_agreements": 1, "tavg": null, "tmin": 8.0, "tmax": 24.0, "day_of_year": 273, "uuid": "3dc7ec46-1d42-47c8-9e81-a59119d91aca", "inat_id": 317902392}}, {"type": "Feature", "geometry": {"type": "Point", "coordinates": [-104.77593, 42.251695]}, "properties": {"species": "Coprinus comatus", "date": "2025-09-30", "location": "Wheatland, WY, US", "elevation": 1353.0, "num_identification_agreements": 1, "tavg": null, "tmin": 8.0, "tmax": 28.0, "day_of_year": 273, "uuid": "a685c3e5-3aa6-46bd-952b-9410686a1dc4", "inat_id": 317899087}}, {"type": "Feature", "geometry": {"type": "Point", "coordinates": [-105.5826111111, 41.3157305556]}, "properties": {"species": "Coprinus comatus", "date": "2025-09-29", "location": "Laramie, WY, USA", "elevation": 2190.0, "num_identification_agreements": 2, "tavg": null, "tmin": 7.0, "tmax": 20.0, "day_of_year": 272, "uuid": "1873d181-3428-4d5e-ba48-812783174d98", "inat_id": 317653848}}, {"type": "Feature", "geometry": {"type": "Point", "coordinates": [-109.8699413, 40.2825881]}, "properties": {"species": "Coprinus comatus", "date": "2025-09-29", "location": "Tribal/BIA Office, Fort Duchesne, UT 84026, USA", "elevation": 1559.0, "num_identification_agreements": 1, "tavg": null, "tmin": 9.8, "tmax": 23.1, "day_of_year": 272, "uuid": "ce4abcf8-6757-49c3-b9cb-f900c06ecee6", "inat_id": 317595278}}, {"type": "Feature", "geometry": {"type": "Point", "coordinates": [-105.5848111111, 41.3161472222]}, "properties": {"species": "Coprinus comatus", "date": "2025-09-29", "location": "Laramie, WY, USA", "elevation": 2188.0, "num_identification_agreements": 3, "tavg": null, "tmin": 7.0, "tmax": 20.0, "day_of_year": 272, "uuid": "76a37661-5b4b-4001-93d4-ed9109a1e2e4", "inat_id": 317574581}}, {"type": "Feature", "geometry": {"type": "Point", "coordinates": [-104.9700830738, 38.0393920869]}, "properties": {"species": "Coprinus comatus", "date": "2025-09-28", "location": "Ridge Rd, Beulah, CO, US", "elevation": 2102.0, "num_identification_agreements": 1, "tavg": null, "tmin": 13.0, "tmax": 24.0, "day_of_year": 271, "uuid": "78a5588e-77b2-494c-8b2e-93870fe0c446", "inat_id": 317384314}}, {"type": "Feature", "geometry": {"type": "Point", "coordinates": [-104.69443666, 40.36670804]}, "properties": {"species": "Coprinus comatus", "date": "2025-09-28", "location": "Evans, CO 80620, USA", "elevation": 1420.0, "num_identification_agreements": 1, "tavg": null, "tmin": 11.0, "tmax": 28.0, "day_of_year": 271, "uuid": "c6f81d12-7486-4057-b331-9d139268f5cf", "inat_id": 317379414}}, {"type": "Feature", "geometry": {"type": "Point", "coordinates": [-106.171432268, 42.8587185312]}, "properties": {"species": "Coprinus comatus", "date": "2025-09-28", "location": "E US Highway 20, Evansville, WY, US", "elevation": 1542.0, "num_identification_agreements": 1, "tavg": null, "tmin": 9.0, "tmax": 27.0, "day_of_year": 271, "uuid": "3eb57005-a30d-4ca1-8f05-cd6655472756", "inat_id": 317336137}}, {"type": "Feature", "geometry": {"type": "Point", "coordinates": [-105.0174229366, 37.1521125861]}, "properties": {"species": "Coprinus comatus", "date": "2025-09-28", "location": "SH-12, Weston, CO, US", "elevation": 2365.0, "num_identification_agreements": 1, "tavg": null, "tmin": 3.6, "tmax": 14.5, "day_of_year": 271, "uuid": "51793860-b1af-4438-ad6f-92f5b37ebc55", "inat_id": 317326236}}, {"type": "Feature", "geometry": {"type": "Point", "coordinates": [-107.2528133333, 37.518995]}, "properties": {"species": "Coprinus comatus", "date": "2025-09-26", "location": "San Juan National Forest - Headquarters, Pagosa Springs, CO, US", "elevation": 2748.0, "num_identification_agreements": 1, "tavg": null, "tmin": 4.0, "tmax": 22.0, "day_of_year": 269, "uuid": "b4c8ec75-9857-48ed-869e-3a5a62ec18c6", "inat_id": 317104901}}, {"type": "Feature", "geometry": {"type": "Point", "coordinates": [-105.02945, 39.73497]}, "properties": {"species": "Coprinus comatus", "date": "2025-09-27", "location": "Lakewood Dry Gulch Trail, Denver, CO, US", "elevation": 1607.0, "num_identification_agreements": 1, "tavg": null, "tmin": 11.9, "tmax": 23.9, "day_of_year": 270, "uuid": "792aea70-d6a0-487e-8fd3-e5a852c228fe", "inat_id": 317052985}}, {"type": "Feature", "geometry": {"type": "Point", "coordinates": [-109.0087115997, 43.228774]}, "properties": {"species": "Coprinus comatus", "date": "2025-09-26", "location": "Kinnear, WY 82516, USA", "elevation": 1749.0, "num_identification_agreements": 1, "tavg": null, "tmin": 11.0, "tmax": 26.0, "day_of_year": 269, "uuid": "d003a231-3517-49f1-954f-3d85ec6a7b56", "inat_id": 316894183}}, {"type": "Feature", "geometry": {"type": "Point", "coordinates": [-106.27886944, 35.784125]}, "properties": {"species": "Coprinus comatus", "date": "2025-09-26", "location": "Bandelier National Monument, Sandoval, New Mexico, United States", "elevation": 1873.0, "num_identification_agreements": 2, "tavg": null, "tmin": 13.0, "tmax": 21.0, "day_of_year": 269, "uuid": "e28ca1d5-3d2a-444e-b44e-6d6ceaf54806", "inat_id": 316875933}}, {"type": "Feature", "geometry": {"type": "Point", "coordinates": [-105.8113937378, 35.5661010742]}, "properties": {"species": "Coprinus comatus", "date": "2025-09-26", "location": "Tererro", "elevation": 2179.0, "num_identification_agreements": 1, "tavg": null, "tmin": 9.0, "tmax": 26.0, "day_of_year": 269, "uuid": "996cdf40-848e-4983-9387-3336ece5b470", "inat_id": 316858609}}, {"type": "Feature", "geometry": {"type": "Point", "coordinates": [-105.4730336948, 41.366548274]}, "properties": {"species": "Coprinus comatus", "date": "2025-09-20", "location": "Albany County, US-WY, US", "elevation": 2435.0, "num_identification_agreements": 2, "tavg": null, "tmin": 7.0, "tmax": 20.0, "day_of_year": 263, "uuid": "7626d8ae-063a-4fe6-b475-2c184e3f360e", "inat_id": 316650741}}, {"type": "Feature", "geometry": {"type": "Point", "coordinates": [-107.0109416667, 37.2595466667]}, "properties": {"species": "Coprinus comatus", "date": "2025-09-25", "location": "San Juan River Walk Trail, Pagosa Springs, CO, US", "elevation": 2149.0, "num_identification_agreements": 1, "tavg": null, "tmin": 2.0, "tmax": 23.0, "day_of_year": 268, "uuid": "6b17ec5a-5f81-4227-b57e-bb566b55a7ef", "inat_id": 316598935}}, {"type": "Feature", "geometry": {"type": "Point", "coordinates": [-105.2417577287, 39.7540862316]}, "properties": {"species": "Coprinus comatus", "date": "2025-09-19", "location": "US-6, Golden, CO, US", "elevation": 1747.0, "num_identification_agreements": 1, "tavg": null, "tmin": 10.0, "tmax": 26.0, "day_of_year": 262, "uuid": "ab2b0bee-2895-4dd2-b4d0-29e1978a75f6", "inat_id": 316531982}}, {"type": "Feature", "geometry": {"type": "Point", "coordinates": [-105.3734428567, 39.7349397138]}, "properties": {"species": "Coprinus comatus", "date": "2025-09-19", "location": "Clear Creek Canyon Park, Evergreen, CO, US", "elevation": 2195.0, "num_identification_agreements": 1, "tavg": null, "tmin": 10.0, "tmax": 26.0, "day_of_year": 262, "uuid": "9c0bd876-c66b-45e5-b48f-f6d5f9a0b3a9", "inat_id": 316531958}}, {"type": "Feature", "geometry": {"type": "Point", "coordinates": [-104.8016156279, 39.6377717147]}, "properties": {"species": "Coprinus comatus", "date": "2025-09-22", "location": "Colorado, US", "elevation": 1754.0, "num_identification_agreements": 1, "tavg": null, "tmin": 11.0, "tmax": 25.0, "day_of_year": 265, "uuid": "82ec3dbd-cf26-424a-ab60-8bad2eb3e9d5", "inat_id": 316509001}}, {"type": "Feature", "geometry": {"type": "Point", "coordinates": [-106.7844, 40.47395]}, "properties": {"species": "Coprinus comatus", "date": "2025-09-20", "location": "Sanctuary Trail, Steamboat Springs, CO, US", "elevation": 2208.0, "num_identification_agreements": 1, "tavg": null, "tmin": 7.0, "tmax": 22.0, "day_of_year": 263, "uuid": "09115f08-c240-40ad-98e3-e3fd184445fd", "inat_id": 316358006}}, {"type": "Feature", "geometry": {"type": "Point", "coordinates": [-105.4209389605, 39.6887739748]}, "properties": {"species": "Coprinus comatus", "date": "2025-09-23", "location": "Colorado, US", "elevation": 2662.0, "num_identification_agreements": 1, "tavg": null, "tmin": -3.6, "tmax": -1.6, "day_of_year": 266, "uuid": "16138e7e-9b02-410a-9bb5-c8e45ff55450", "inat_id": 316216973}}, {"type": "Feature", "geometry": {"type": "Point", "coordinates": [-107.8779242816, 37.918021704]}, "properties": {"species": "Coprinus comatus", "date": "2025-09-23", "location": "Grand Mesa Uncompahgre and Gunnison National Forests, Telluride, CO, US", "elevation": 2921.0, "num_identification_agreements": 1, "tavg": null, "tmin": 2.0, "tmax": 11.0, "day_of_year": 266, "uuid": "056776f9-8ed1-4849-8d28-725b124a0f0c", "inat_id": 316106015}}, {"type": "Feature", "geometry": {"type": "Point", "coordinates": [-105.0795242508, 39.044822732]}, "properties": {"species": "Coprinus comatus", "date": "2025-09-23", "location": "Red Rocks Spur Trail, Woodland Park, CO, US", "elevation": 2482.0, "num_identification_agreements": 1, "tavg": null, "tmin": 8.0, "tmax": 14.0, "day_of_year": 266, "uuid": "9e8c8af1-d2a5-4fe7-8908-66d8f771ec1b", "inat_id": 316100822}}, {"type": "Feature", "geometry": {"type": "Point", "coordinates": [-105.8465376167, 40.2055155333]}, "properties": {"species": "Coprinus comatus", "date": "2025-09-14", "location": "Grand County, US-CO, US", "elevation": 2578.0, "num_identification_agreements": 1, "tavg": null, "tmin": 6.0, "tmax": 17.0, "day_of_year": 257, "uuid": "0e334e6d-3c70-4aa7-be60-11adde567291", "inat_id": 315970838}}, {"type": "Feature", "geometry": {"type": "Point", "coordinates": [-105.5936316736, 39.6118704288]}, "properties": {"species": "Coprinus comatus", "date": "2025-09-22", "location": "Colorado, US", "elevation": 3481.0, "num_identification_agreements": 1, "tavg": null, "tmin": -2.6, "tmax": 8.6, "day_of_year": 265, "uuid": "33e6c20a-6cec-42fd-b80c-1f460214e2c7", "inat_id": 315943043}}, {"type": "Feature", "geometry": {"type": "Point", "coordinates": [-105.0275583333, 39.7349783333]}, "properties": {"species": "Coprinus comatus", "date": "2025-09-20", "location": "Lakewood Dry Gulch Trail, Denver, CO, US", "elevation": 1600.0, "num_identification_agreements": 1, "tavg": null, "tmin": 11.9, "tmax": 24.8, "day_of_year": 263, "uuid": "21a85493-b575-4c88-964a-d6a4a3e8bb57", "inat_id": 315913877}}, {"type": "Feature", "geometry": {"type": "Point", "coordinates": [-106.8278666667, 39.6549533333]}, "properties": {"species": "Coprinus comatus", "date": "2025-09-16", "location": "Broadway St, Eagle, CO, US", "elevation": 2020.0, "num_identification_agreements": 1, "tavg": null, "tmin": 4.0, "tmax": 24.0, "day_of_year": 259, "uuid": "624baa63-023f-495b-9b1b-fccf483e4ede", "inat_id": 315719546}}, {"type": "Feature", "geometry": {"type": "Point", "coordinates": [-104.88797, 39.5382416667]}, "properties": {"species": "Coprinus comatus", "date": "2025-09-20", "location": "Rosemont Ave, Lone Tree, CO, US", "elevation": 1811.0, "num_identification_agreements": 2, "tavg": null, "tmin": 11.0, "tmax": 25.0, "day_of_year": 263, "uuid": "4e2a5fa1-945f-436e-b322-3d735dfa6109", "inat_id": 315302573}}, {"type": "Feature", "geometry": {"type": "Point", "coordinates": [-104.9634633333, 40.102475]}, "properties": {"species": "Coprinus comatus", "date": "2025-09-19", "location": "Eagle Blvd, Frederick, CO, US", "elevation": 1514.0, "num_identification_agreements": 1, "tavg": null, "tmin": 7.0, "tmax": 27.0, "day_of_year": 262, "uuid": "debeac02-1138-49c0-af3c-f9fff153421d", "inat_id": 315095852}}, {"type": "Feature", "geometry": {"type": "Point", "coordinates": [-105.122625, 39.7738933333]}, "properties": {"species": "Coprinus comatus", "date": "2025-09-19", "location": "Fruitdale, Wheat Ridge, CO 80033, USA", "elevation": 1651.0, "num_identification_agreements": 2, "tavg": null, "tmin": 10.0, "tmax": 26.0, "day_of_year": 262, "uuid": "fc9e8824-f999-4580-9951-9a40440a657b", "inat_id": 315022453}}, {"type": "Feature", "geometry": {"type": "Point", "coordinates": [-105.021983999, 39.701660404]}, "properties": {"species": "Coprinus comatus", "date": "2025-09-18", "location": "S Dale Ct, Denver, CO, US", "elevation": 1639.0, "num_identification_agreements": 2, "tavg": null, "tmin": 9.3, "tmax": 22.0, "day_of_year": 261, "uuid": "960c150d-d9b2-444f-bafe-a91a5622cd9b", "inat_id": 314908627}}, {"type": "Feature", "geometry": {"type": "Point", "coordinates": [-106.2302783333, 38.7168916667]}, "properties": {"species": "Coprinus comatus", "date": "2025-09-15", "location": "Pike and San Isabel National Forests, Nathrop, CO, US", "elevation": 2721.0, "num_identification_agreements": 1, "tavg": null, "tmin": 7.0, "tmax": 19.0, "day_of_year": 258, "uuid": "9cb0498c-e193-4757-8f18-f4729f0a17df", "inat_id": 314208838}}, {"type": "Feature", "geometry": {"type": "Point", "coordinates": [-105.8003666712, 35.7736994175]}, "properties": {"species": "Coprinus comatus", "date": "2025-09-14", "location": "Santa Fe National Forest, Tererro, NM, US", "elevation": 3161.0, "num_identification_agreements": 1, "tavg": null, "tmin": 7.0, "tmax": 24.0, "day_of_year": 257, "uuid": "fae7c389-2de4-4599-8007-88728a60eb0d", "inat_id": 313941006}}, {"type": "Feature", "geometry": {"type": "Point", "coordinates": [-107.5464327924, 37.44764401]}, "properties": {"species": "Coprinus comatus", "date": "2025-09-13", "location": "Tucker Dr, Bayfield, CO, US", "elevation": 2356.0, "num_identification_agreements": 1, "tavg": null, "tmin": 8.0, "tmax": 18.0, "day_of_year": 256, "uuid": "0d05f4e1-c238-446e-9458-ff81580373e1", "inat_id": 313857721}}, {"type": "Feature", "geometry": {"type": "Point", "coordinates": [-105.1111930981, 39.6615610359]}, "properties": {"species": "Coprinus comatus", "date": "2025-09-14", "location": "Bear Creek, Lakewood, CO, USA", "elevation": 1673.0, "num_identification_agreements": 1, "tavg": null, "tmin": 9.0, "tmax": 22.0, "day_of_year": 257, "uuid": "7527436a-9a46-4611-a846-c6b02eeed428", "inat_id": 313842265}}, {"type": "Feature", "geometry": {"type": "Point", "coordinates": [-105.0656436, 40.4959084997]}, "properties": {"species": "Coprinus comatus", "date": "2025-09-13", "location": "Fort Collins, CO 80525, USA", "elevation": 1508.0, "num_identification_agreements": 1, "tavg": null, "tmin": 14.0, "tmax": 24.0, "day_of_year": 256, "uuid": "f6997117-aea6-4613-913d-7f8def90bc27", "inat_id": 313634267}}, {"type": "Feature", "geometry": {"type": "Point", "coordinates": [-104.9116666667, 39.4652283333]}, "properties": {"species": "Coprinus comatus", "date": "2025-09-11", "location": "Parkwood Ln, Castle Pines, CO, US", "elevation": 1961.0, "num_identification_agreements": 1, "tavg": null, "tmin": 18.0, "tmax": 30.0, "day_of_year": 254, "uuid": "62d29d26-b664-43f5-bb08-b383cf81ee5a", "inat_id": 313217676}}, {"type": "Feature", "geometry": {"type": "Point", "coordinates": [-106.596916715, 42.877368709]}, "properties": {"species": "Coprinus comatus", "date": "2025-09-11", "location": "Natrona County, US-WY, US", "elevation": 1736.0, "num_identification_agreements": 1, "tavg": null, "tmin": 14.0, "tmax": 31.0, "day_of_year": 254, "uuid": "341f6c29-fc96-4f94-b557-2fa314b1f122", "inat_id": 313213284}}, {"type": "Feature", "geometry": {"type": "Point", "coordinates": [-104.9973805994, 37.9661012714]}, "properties": {"species": "Coprinus comatus", "date": "2025-09-11", "location": "Beulah, CO 81023, USA", "elevation": 2417.0, "num_identification_agreements": 1, "tavg": null, "tmin": 15.0, "tmax": 29.0, "day_of_year": 254, "uuid": "d948ed82-848a-4d4a-afc4-a141c8dd5213", "inat_id": 313162097}}, {"type": "Feature", "geometry": {"type": "Point", "coordinates": [-105.0463866, 39.8127842]}, "properties": {"species": "Coprinus comatus", "date": "2025-09-09", "location": "Westminster, CO 80003, USA", "elevation": 1624.0, "num_identification_agreements": 2, "tavg": null, "tmin": 16.0, "tmax": 31.0, "day_of_year": 252, "uuid": "9c6ad39c-f771-4139-b551-33596da117f8", "inat_id": 313028939}}, {"type": "Feature", "geometry": {"type": "Point", "coordinates": [-104.925475, 39.6828416667]}, "properties": {"species": "Coprinus comatus", "date": "2025-09-08", "location": "E Bails Dr, Denver, CO, US", "elevation": 1669.0, "num_identification_agreements": 1, "tavg": null, "tmin": 14.5, "tmax": 28.1, "day_of_year": 251, "uuid": "148d7efd-f967-48b8-8178-e79f8ac0f745", "inat_id": 312785041}}, {"type": "Feature", "geometry": {"type": "Point", "coordinates": [-105.611498249, 35.7539522085]}, "properties": {"species": "Coprinus comatus", "date": "2025-09-06", "location": "San Miguel County, US-NM, US", "elevation": 3028.0, "num_identification_agreements": 1, "tavg": null, "tmin": 11.0, "tmax": 17.0, "day_of_year": 249, "uuid": "642c0384-5052-4436-b123-4715dd80f20d", "inat_id": 312228097}}, {"type": "Feature", "geometry": {"type": "Point", "coordinates": [-106.8416349997, 40.4888882997]}, "properties": {"species": "Coprinus comatus", "date": "2025-08-28", "location": "Steamboat Springs, CO 80487, USA", "elevation": 2049.0, "num_identification_agreements": 2, "tavg": null, "tmin": 9.0, "tmax": 23.0, "day_of_year": 240, "uuid": "2809a08c-4b1c-4f5c-9e17-cc0321c28326", "inat_id": 310552917}}, {"type": "Feature", "geometry": {"type": "Point", "coordinates": [-107.8122633333, 37.9347783333]}, "properties": {"species": "Coprinus comatus", "date": "2022-08-13", "location": "Grand Mesa Uncompahgre and Gunnison National Forests, Telluride, CO, US", "elevation": 2674.0, "num_identification_agreements": 1, "tavg": null, "tmin": 11.0, "tmax": 23.0, "day_of_year": 225, "uuid": "3e8bcdaf-9e2c-4396-aaad-2b70f03dc0ac", "inat_id": 309402308}}, {"type": "Feature", "geometry": {"type": "Point", "coordinates": [-105.5779631808, 41.2990946781]}, "properties": {"species": "Coprinus comatus", "date": "2025-08-18", "location": "Laramie, WY, USA", "elevation": 2194.0, "num_identification_agreements": 1, "tavg": null, "tmin": 8.0, "tmax": 29.0, "day_of_year": 230, "uuid": "a73c9726-9d5e-445a-ae99-ab39275558b5", "inat_id": 307418127}}, {"type": "Feature", "geometry": {"type": "Point", "coordinates": [-108.3732966667, 37.5594133333]}, "properties": {"species": "Coprinus comatus", "date": "2023-10-07", "location": "Montezuma County, US-CO, US", "elevation": 2239.0, "num_identification_agreements": 1, "tavg": null, "tmin": 4.0, "tmax": 24.0, "day_of_year": 280, "uuid": "ec8bb209-4aa6-488a-856b-e2883a37fafe", "inat_id": 307377456}}, {"type": "Feature", "geometry": {"type": "Point", "coordinates": [-105.306555, 39.4663416667]}, "properties": {"species": "Coprinus comatus", "date": "2025-08-08", "location": "S Baird Rd, Conifer, CO, US", "elevation": 2459.0, "num_identification_agreements": 1, "tavg": null, "tmin": 21.7, "tmax": 33.9, "day_of_year": 220, "uuid": "198fec0f-77d7-4d8b-8a29-536a8d8ec91a", "inat_id": 305068264}}, {"type": "Feature", "geometry": {"type": "Point", "coordinates": [-106.2824083333, 41.3604966667]}, "properties": {"species": "Coprinus comatus", "date": "2025-08-03", "location": "Centennial, WY, US", "elevation": 3320.0, "num_identification_agreements": 1, "tavg": null, "tmin": 6.0, "tmax": 26.0, "day_of_year": 215, "uuid": "c1160cf6-ec6c-4ead-92b2-895b8288f759", "inat_id": 303520682}}, {"type": "Feature", "geometry": {"type": "Point", "coordinates": [-106.2912886217, 39.6627274022]}, "properties": {"species": "Coprinus comatus", "date": "2025-07-26", "location": "Vail, CO 81657, USA", "elevation": 3084.0, "num_identification_agreements": 1, "tavg": null, "tmin": 12.0, "tmax": 17.0, "day_of_year": 207, "uuid": "d5cb0fc0-4b3f-4be7-8a21-883ed0c40e2f", "inat_id": 301305129}}, {"type": "Feature", "geometry": {"type": "Point", "coordinates": [-107.754768664, 37.7461761888]}, "properties": {"species": "Coprinus comatus", "date": "2025-07-20", "location": "San Juan County, US-CO, US", "elevation": 3093.0, "num_identification_agreements": 1, "tavg": null, "tmin": 11.0, "tmax": 22.0, "day_of_year": 201, "uuid": "3299c3cd-1c71-4fca-8c45-eedef785ea2a", "inat_id": 300169236}}, {"type": "Feature", "geometry": {"type": "Point", "coordinates": [-105.1421666667, 40.0369138333]}, "properties": {"species": "Coprinus comatus", "date": "2023-06-11", "location": "East Boulder-Teller Farm Trail, Boulder, CO, US", "elevation": 1563.0, "num_identification_agreements": 1, "tavg": null, "tmin": 10.0, "tmax": 17.0, "day_of_year": 162, "uuid": "0c966294-bf86-477c-8e1c-393504461d42", "inat_id": 298850680}}, {"type": "Feature", "geometry": {"type": "Point", "coordinates": [-105.7971716667, 42.730945]}, "properties": {"species": "Coprinus comatus", "date": "2025-06-28", "location": "Boxelder Rd, Glenrock, WY, US", "elevation": 1952.0, "num_identification_agreements": 1, "tavg": null, "tmin": 12.8, "tmax": 34.4, "day_of_year": 179, "uuid": "6792e561-510b-462f-8dca-ae9d5d63c4dc", "inat_id": 298456697}}, {"type": "Feature", "geometry": {"type": "Point", "coordinates": [-107.9255305556, 39.0518361111]}, "properties": {"species": "Coprinus comatus", "date": "2025-07-09", "location": "Cedaredge, CO 81413, USA", "elevation": 3199.0, "num_identification_agreements": 1, "tavg": null, "tmin": 15.2, "tmax": 40.4, "day_of_year": 190, "uuid": "4d6bb046-f1a0-47c7-a377-c13299c12cd3", "inat_id": 296602071}}, {"type": "Feature", "geometry": {"type": "Point", "coordinates": [-107.9318527778, 39.0493527778]}, "properties": {"species": "Coprinus comatus", "date": "2025-07-09", "location": "Cedaredge, CO 81413, USA", "elevation": 3167.0, "num_identification_agreements": 1, "tavg": null, "tmin": 15.2, "tmax": 40.4, "day_of_year": 190, "uuid": "d1b3d3b9-520f-4137-b891-abb62c8a7e20", "inat_id": 296601348}}, {"type": "Feature", "geometry": {"type": "Point", "coordinates": [-104.7935783333, 41.1427583333]}, "properties": {"species": "Coprinus comatus", "date": "2018-08-11", "location": "Cheyenne Pl, Cheyenne, WY, US", "elevation": 1859.0, "num_identification_agreements": 1, "tavg": null, "tmin": 12.8, "tmax": 28.9, "day_of_year": 223, "uuid": "a3b43636-8f1e-41ff-98e4-26d5f52385f9", "inat_id": 296141015}}, {"type": "Feature", "geometry": {"type": "Point", "coordinates": [-104.7763207694, 39.6282009819]}, "properties": {"species": "Coprinus comatus", "date": "2025-06-03", "location": "E Layton Pl, Aurora, CO, US", "elevation": 1757.0, "num_identification_agreements": 2, "tavg": null, "tmin": 7.7, "tmax": 13.7, "day_of_year": 154, "uuid": "2a4c9ff0-1493-48f2-9fc8-ed254143c8c1", "inat_id": 292769887}}, {"type": "Feature", "geometry": {"type": "Point", "coordinates": [-106.6597657186, 39.6066364507]}, "properties": {"species": "Coprinus comatus", "date": "2025-06-18", "location": "Stag Gulch Trail, Edwards, CO, US", "elevation": 2745.0, "num_identification_agreements": 2, "tavg": null, "tmin": 7.2, "tmax": 29.4, "day_of_year": 169, "uuid": "54d2deef-5511-41a1-a9be-ccfd1ba03915", "inat_id": 290764833}}, {"type": "Feature", "geometry": {"type": "Point", "coordinates": [-105.105775, 40.0031305556]}, "properties": {"species": "Coprinus comatus", "date": "2025-06-16", "location": "Lafayette, CO, USA", "elevation": 1624.0, "num_identification_agreements": 1, "tavg": null, "tmin": 11.2, "tmax": 34.0, "day_of_year": 167, "uuid": "1c5edff0-c369-411f-a4cd-12f017203e33", "inat_id": 290239372}}, {"type": "Feature", "geometry": {"type": "Point", "coordinates": [-104.9937666667, 38.9058283333]}, "properties": {"species": "Coprinus comatus", "date": "2025-06-15", "location": "Pike and San Isabel National Forests, Cascade, CO, US", "elevation": 2679.0, "num_identification_agreements": 1, "tavg": null, "tmin": 10.6, "tmax": 28.0, "day_of_year": 166, "uuid": "f7e4cc86-f6d6-49f9-949a-7f30b387ac94", "inat_id": 289850677}}, {"type": "Feature", "geometry": {"type": "Point", "coordinates": [-104.8422020674, 38.9394631351]}, "properties": {"species": "Coprinus comatus", "date": "2025-06-13", "location": "Briargate, Colorado Springs, CO, USA", "elevation": 2002.0, "num_identification_agreements": 1, "tavg": null, "tmin": 9.1, "tmax": 27.4, "day_of_year": 164, "uuid": "fee6db88-caec-4f1f-a7fd-004767d48d31", "inat_id": 289382844}}, {"type": "Feature", "geometry": {"type": "Point", "coordinates": [-105.1429670943, 39.993858392]}, "properties": {"species": "Coprinus comatus", "date": "2025-06-11", "location": "Monarch St, Louisville, CO, US", "elevation": 1656.0, "num_identification_agreements": 1, "tavg": null, "tmin": 11.2, "tmax": 31.5, "day_of_year": 162, "uuid": "fb272670-ef91-4eca-86c9-0cbbc14675b2", "inat_id": 288829372}}, {"type": "Feature", "geometry": {"type": "Point", "coordinates": [-105.3414597997, 35.7771564997]}, "properties": {"species": "Coprinus comatus", "date": "2025-06-09", "location": "San Miguel County, US-NM, US", "elevation": 2220.0, "num_identification_agreements": 1, "tavg": null, "tmin": 10.6, "tmax": 22.2, "day_of_year": 160, "uuid": "0b77179a-e50a-4e27-8c2b-062001a93ebe", "inat_id": 288306837}}, {"type": "Feature", "geometry": {"type": "Point", "coordinates": [-104.7651122331, 40.444213568]}, "properties": {"species": "Coprinus comatus", "date": "2025-06-06", "location": "Cottonwood Bend Natural Area, CO, US", "elevation": 1435.0, "num_identification_agreements": 1, "tavg": null, "tmin": 11.1, "tmax": 18.3, "day_of_year": 157, "uuid": "85a84c71-6bc0-4831-8768-36ff8d00e62c", "inat_id": 288003885}}, {"type": "Feature", "geometry": {"type": "Point", "coordinates": [-104.7931883333, 40.44313]}, "properties": {"species": "Coprinus comatus", "date": "2025-06-07", "location": "Signature Bluffs Natural Area, Greeley, CO, US", "elevation": 1434.0, "num_identification_agreements": 1, "tavg": null, "tmin": 6.7, "tmax": 30.0, "day_of_year": 158, "uuid": "d8dc1b89-ca08-4feb-a859-a6672826b2e7", "inat_id": 287925142}}, {"type": "Feature", "geometry": {"type": "Point", "coordinates": [-103.2652783583, 44.1483710813]}, "properties": {"species": "Coprinus comatus", "date": "2025-06-07", "location": "Pennington County, US-SD, US", "elevation": 1033.0, "num_identification_agreements": 2, "tavg": null, "tmin": 10.0, "tmax": 27.0, "day_of_year": 158, "uuid": "12811bb3-500b-412a-9023-b413a976591d", "inat_id": 287775710}}, {"type": "Feature", "geometry": {"type": "Point", "coordinates": [-104.9376831055, 39.6593856812]}, "properties": {"species": "Coprinus comatus", "date": "2025-06-07", "location": "Denver", "elevation": 1678.0, "num_identification_agreements": 1, "tavg": null, "tmin": 10.0, "tmax": 26.7, "day_of_year": 158, "uuid": "983cc2a6-687a-4544-93d0-00e36fe1f240", "inat_id": 287749969}}, {"type": "Feature", "geometry": {"type": "Point", "coordinates": [-104.7947996997, 40.4436397997]}, "properties": {"species": "Coprinus comatus", "date": "2025-06-07", "location": "Greeley, CO 80634, USA", "elevation": 1435.0, "num_identification_agreements": 1, "tavg": null, "tmin": 6.7, "tmax": 30.0, "day_of_year": 158, "uuid": "bae0a97e-8270-49e2-be31-b47b2d30c5ca", "inat_id": 287660692}}, {"type": "Feature", "geometry": {"type": "Point", "coordinates": [-104.7687335215, 40.4456586442]}, "properties": {"species": "Coprinus comatus", "date": "2025-06-06", "location": "Greeley, CO, US", "elevation": 1433.0, "num_identification_agreements": 1, "tavg": null, "tmin": 11.1, "tmax": 18.3, "day_of_year": 157, "uuid": "e6ad72ef-50f3-44fd-ad11-1845c1b52137", "inat_id": 287363342}}, {"type": "Feature", "geometry": {"type": "Point", "coordinates": [-104.7687582393, 40.4453105294]}, "properties": {"species": "Coprinus comatus", "date": "2025-06-06", "location": "Greeley, CO, US", "elevation": 1431.0, "num_identification_agreements": 1, "tavg": null, "tmin": 11.1, "tmax": 18.3, "day_of_year": 157, "uuid": "52010f8c-ef38-4981-a7a0-61c92e202331", "inat_id": 287359250}}, {"type": "Feature", "geometry": {"type": "Point", "coordinates": [-104.7686621155, 40.4451932056]}, "properties": {"species": "Coprinus comatus", "date": "2025-06-06", "location": "Greeley, CO, US", "elevation": 1433.0, "num_identification_agreements": 1, "tavg": null, "tmin": 11.1, "tmax": 18.3, "day_of_year": 157, "uuid": "f4aacd36-54d3-482d-b413-7ddedfa0b252", "inat_id": 287357276}}, {"type": "Feature", "geometry": {"type": "Point", "coordinates": [-105.560945, 40.3649]}, "properties": {"species": "Coprinus comatus", "date": "2025-06-04", "location": "Utility Area Trails, Estes Park, CO, US", "elevation": 2394.0, "num_identification_agreements": 1, "tavg": null, "tmin": 11.5, "tmax": 22.6, "day_of_year": 155, "uuid": "79db1150-9a71-4f59-9f3d-f0cc4f300dd0", "inat_id": 287106688}}, {"type": "Feature", "geometry": {"type": "Point", "coordinates": [-105.1422348022, 40.0376625061]}, "properties": {"species": "Coprinus comatus", "date": "2025-06-04", "location": "Boulder", "elevation": 1562.0, "num_identification_agreements": 1, "tavg": null, "tmin": 10.0, "tmax": 20.0, "day_of_year": 155, "uuid": "0d37501e-79b5-40ce-8dc3-0fa1736c2fbb", "inat_id": 286890502}}, {"type": "Feature", "geometry": {"type": "Point", "coordinates": [-104.776275, 39.6282083333]}, "properties": {"species": "Coprinus comatus", "date": "2025-06-03", "location": "E Layton Pl, Aurora, CO, US", "elevation": 1757.0, "num_identification_agreements": 1, "tavg": null, "tmin": 7.7, "tmax": 13.7, "day_of_year": 154, "uuid": "93c3bc1a-14d6-4d5e-af0a-2e8f6d26f52a", "inat_id": 286645282}}, {"type": "Feature", "geometry": {"type": "Point", "coordinates": [-104.6927116667, 40.407845]}, "properties": {"species": "Coprinus comatus", "date": "2025-06-02", "location": "University of Northern Colorado, Greeley, CO, US", "elevation": 1446.0, "num_identification_agreements": 1, "tavg": null, "tmin": 11.1, "tmax": 27.8, "day_of_year": 153, "uuid": "8217bdfe-1849-4994-b539-4d92889324ec", "inat_id": 286551087}}, {"type": "Feature", "geometry": {"type": "Point", "coordinates": [-105.0394611111, 40.5159833333]}, "properties": {"species": "Coprinus comatus", "date": "2025-05-29", "location": "Willow Springs, Fort Collins, CO 80528, USA", "elevation": 1507.0, "num_identification_agreements": 1, "tavg": null, "tmin": 10.0, "tmax": 19.4, "day_of_year": 149, "uuid": "409d7d92-cd14-4eee-8967-fc50e6adae61", "inat_id": 285502615}}, {"type": "Feature", "geometry": {"type": "Point", "coordinates": [-104.9071666667, 39.4411716667]}, "properties": {"species": "Coprinus comatus", "date": "2025-05-30", "location": "Silver Leaf Way, Castle Rock, CO, US", "elevation": 1894.0, "num_identification_agreements": 1, "tavg": null, "tmin": 9.4, "tmax": 26.1, "day_of_year": 150, "uuid": "d8d87117-574c-4708-9cac-d87bc98e799e", "inat_id": 285454944}}, {"type": "Feature", "geometry": {"type": "Point", "coordinates": [-105.0844028333, 40.560745]}, "properties": {"species": "Coprinus comatus", "date": "2025-05-29", "location": "Colorado State University, Fort Collins, CO, US", "elevation": 1522.0, "num_identification_agreements": 1, "tavg": null, "tmin": 10.0, "tmax": 19.4, "day_of_year": 149, "uuid": "2159d9f4-412a-4447-910a-234472e7c04b", "inat_id": 285341231}}, {"type": "Feature", "geometry": {"type": "Point", "coordinates": [-105.1372277065, 40.5727545625]}, "properties": {"species": "Coprinus comatus", "date": "2025-05-29", "location": "Banyan Dr, Fort Collins, CO, US", "elevation": 1563.0, "num_identification_agreements": 1, "tavg": null, "tmin": 10.0, "tmax": 19.4, "day_of_year": 149, "uuid": "0a6eab3c-3f25-442d-83a1-4739551b5efc", "inat_id": 285189161}}, {"type": "Feature", "geometry": {"type": "Point", "coordinates": [-105.1117648275, 40.1359063892]}, "properties": {"species": "Coprinus comatus", "date": "2025-05-29", "location": "Emerald Dr, Longmont, CO, US", "elevation": 1528.0, "num_identification_agreements": 1, "tavg": null, "tmin": 11.0, "tmax": 21.4, "day_of_year": 149, "uuid": "d3e47fb6-7101-49d4-a4b3-e8844c7f3fc8", "inat_id": 285178020}}, {"type": "Feature", "geometry": {"type": "Point", "coordinates": [-104.8153940588, 39.7102320215]}, "properties": {"species": "Coprinus comatus", "date": "2025-05-09", "location": "City Center North, Aurora, CO, USA", "elevation": 1669.0, "num_identification_agreements": 2, "tavg": null, "tmin": 6.8, "tmax": 22.1, "day_of_year": 129, "uuid": "c548c965-5bf0-49c2-b252-04776cc12049", "inat_id": 284993783}}, {"type": "Feature", "geometry": {"type": "Point", "coordinates": [-105.5608883333, 40.3646916667]}, "properties": {"species": "Coprinus comatus", "date": "2025-05-27", "location": "Rocky Mountain National Park, Estes Park, CO, US", "elevation": 2394.0, "num_identification_agreements": 2, "tavg": null, "tmin": 9.3, "tmax": 20.8, "day_of_year": 147, "uuid": "8982a3bf-411a-48eb-871b-1b7e9e4661bf", "inat_id": 284678198}}, {"type": "Feature", "geometry": {"type": "Point", "coordinates": [-103.6577617005, 41.8263580284]}, "properties": {"species": "Coprinus comatus", "date": "2025-05-26", "location": "Gering, NE 69341, USA", "elevation": 1192.0, "num_identification_agreements": 1, "tavg": null, "tmin": 10.6, "tmax": 14.4, "day_of_year": 146, "uuid": "131ce6d5-d4af-4f6d-b54d-93c887de115f", "inat_id": 284417368}}, {"type": "Feature", "geometry": {"type": "Point", "coordinates": [-104.7433205914, 39.1983951064]}, "properties": {"species": "Coprinus comatus", "date": "2025-05-26", "location": "Colorado, US", "elevation": 2167.0, "num_identification_agreements": 1, "tavg": null, "tmin": 5.0, "tmax": 13.0, "day_of_year": 146, "uuid": "63e489cb-f98f-4de4-8ad0-c98c18e2ebcf", "inat_id": 284352684}}, {"type": "Feature", "geometry": {"type": "Point", "coordinates": [-104.6558273682, 39.0267454878]}, "properties": {"species": "Coprinus comatus", "date": "2025-05-26", "location": "Vollmer Rd, Colorado Springs, CO, US", "elevation": 2329.0, "num_identification_agreements": 1, "tavg": null, "tmin": 6.9, "tmax": 13.3, "day_of_year": 146, "uuid": "e9e2a235-cdd4-4910-8ef0-e386f760a8d5", "inat_id": 284331478}}, {"type": "Feature", "geometry": {"type": "Point", "coordinates": [-105.0496361667, 39.75293]}, "properties": {"species": "Coprinus comatus", "date": "2025-05-21", "location": "W Byron Pl, Denver, CO, US", "elevation": 1626.0, "num_identification_agreements": 1, "tavg": null, "tmin": 7.4, "tmax": 22.5, "day_of_year": 141, "uuid": "a7083841-0c57-4477-96c8-e8ffc6cf832e", "inat_id": 283048918}}, {"type": "Feature", "geometry": {"type": "Point", "coordinates": [-105.12620155, 40.5387451]}, "properties": {"species": "Coprinus comatus", "date": "2025-05-21", "location": "Fort Collins, CO 80526, USA", "elevation": 1568.0, "num_identification_agreements": 1, "tavg": null, "tmin": 7.8, "tmax": 24.4, "day_of_year": 141, "uuid": "c104126b-8c4d-46f2-b4b3-42ebd02a3b5e", "inat_id": 283035268}}, {"type": "Feature", "geometry": {"type": "Point", "coordinates": [-105.0253601074, 40.5355644226]}, "properties": {"species": "Coprinus comatus", "date": "2025-05-20", "location": "Fort Collins", "elevation": 1506.0, "num_identification_agreements": 1, "tavg": null, "tmin": 3.9, "tmax": 21.1, "day_of_year": 140, "uuid": "542c184e-89ef-456c-af33-81f9724823a5", "inat_id": 282674065}}, {"type": "Feature", "geometry": {"type": "Point", "coordinates": [-104.6739449989, 40.9737953708]}, "properties": {"species": "Coprinus comatus", "date": "2025-05-13", "location": "United States", "elevation": 1828.0, "num_identification_agreements": 2, "tavg": null, "tmin": 8.9, "tmax": 27.8, "day_of_year": 133, "uuid": "9d5b1d03-7d93-475e-ab55-ea458e20e84e", "inat_id": 282521780}}, {"type": "Feature", "geometry": {"type": "Point", "coordinates": [-105.1143077296, 39.9967518077]}, "properties": {"species": "Coprinus comatus", "date": "2025-05-18", "location": "Waneka Lake Park, Lafayette, CO, US", "elevation": 1629.0, "num_identification_agreements": 1, "tavg": null, "tmin": 5.6, "tmax": 17.4, "day_of_year": 138, "uuid": "700226df-9021-4580-90fb-568df1324af4", "inat_id": 282147819}}, {"type": "Feature", "geometry": {"type": "Point", "coordinates": [-105.191862, 39.820664]}, "properties": {"species": "Coprinus comatus", "date": "2025-05-12", "location": "Meadows At Westwoods, Arvada, CO 80007, USA", "elevation": 1721.0, "num_identification_agreements": 2, "tavg": null, "tmin": 12.0, "tmax": 29.0, "day_of_year": 132, "uuid": "82959d5d-47bc-4715-a09e-6977d97e8d98", "inat_id": 280855056}}, {"type": "Feature", "geometry": {"type": "Point", "coordinates": [-108.7274682, 42.8250359997]}, "properties": {"species": "Coprinus comatus", "date": "2025-05-12", "location": "Lander, WY 82520, USA", "elevation": 1655.0, "num_identification_agreements": 1, "tavg": null, "tmin": 11.1, "tmax": 27.8, "day_of_year": 132, "uuid": "dc5a0600-0603-4f63-9ea8-3f106f2eb468", "inat_id": 280656664}}, {"type": "Feature", "geometry": {"type": "Point", "coordinates": [-105.1849746704, 40.4147720337]}, "properties": {"species": "Coprinus comatus", "date": "2025-05-12", "location": "Loveland", "elevation": 1563.0, "num_identification_agreements": 1, "tavg": null, "tmin": 11.7, "tmax": 30.0, "day_of_year": 132, "uuid": "5337295f-74ec-4bf6-8b37-3a4c187bc9f3", "inat_id": 280565038}}, {"type": "Feature", "geometry": {"type": "Point", "coordinates": [-105.086324, 39.5002039722]}, "properties": {"species": "Coprinus comatus", "date": "2025-05-10", "location": "Littleton, CO 80125, USA", "elevation": 1668.0, "num_identification_agreements": 2, "tavg": null, "tmin": 6.7, "tmax": 23.9, "day_of_year": 130, "uuid": "4827ccef-7f99-4908-82e8-7d5a17748e36", "inat_id": 280241108}}, {"type": "Feature", "geometry": {"type": "Point", "coordinates": [-104.6973746375, 41.1283637492]}, "properties": {"species": "Coprinus comatus", "date": "2025-05-10", "location": "Cheyenne, WY, US", "elevation": 1792.0, "num_identification_agreements": 1, "tavg": null, "tmin": 6.7, "tmax": 23.3, "day_of_year": 130, "uuid": "a13a279d-55a7-4bac-a961-0e1b3731500b", "inat_id": 279975803}}, {"type": "Feature", "geometry": {"type": "Point", "coordinates": [-105.0478971667, 39.7451166667]}, "properties": {"species": "Coprinus comatus", "date": "2025-05-09", "location": "Sloan'S Lake Loop, Denver, CO, US", "elevation": 1625.0, "num_identification_agreements": 1, "tavg": null, "tmin": 8.1, "tmax": 20.6, "day_of_year": 129, "uuid": "9af39748-f53f-4e38-b7e6-180a03440577", "inat_id": 279854286}}, {"type": "Feature", "geometry": {"type": "Point", "coordinates": [-105.0891272352, 40.5688977521]}, "properties": {"species": "Coprinus comatus", "date": "2025-05-09", "location": "Colorado State University, Fort Collins, CO, US", "elevation": 1531.0, "num_identification_agreements": 1, "tavg": null, "tmin": 6.1, "tmax": 23.9, "day_of_year": 129, "uuid": "8b8dda7d-4cbc-48c3-b9a2-138cb2daa5c5", "inat_id": 279756957}}, {"type": "Feature", "geometry": {"type": "Point", "coordinates": [-104.8996666667, 39.6243966667]}, "properties": {"species": "Coprinus comatus", "date": "2025-04-28", "location": "S Syracuse St, Denver, CO, US", "elevation": 1729.0, "num_identification_agreements": 1, "tavg": null, "tmin": 5.0, "tmax": 16.1, "day_of_year": 118, "uuid": "f90013ff-218d-4b6b-8bd8-edd31d6e50c0", "inat_id": 279148817}}, {"type": "Feature", "geometry": {"type": "Point", "coordinates": [-105.09206398, 40.6016732]}, "properties": {"species": "Coprinus comatus", "date": "2025-05-06", "location": "Fort Collins, CO, USA", "elevation": 1523.0, "num_identification_agreements": 1, "tavg": null, "tmin": 7.2, "tmax": 10.0, "day_of_year": 126, "uuid": "2c539f78-a133-46f3-822f-c36b1fad392a", "inat_id": 279021467}}, {"type": "Feature", "geometry": {"type": "Point", "coordinates": [-104.6973476931, 39.4510840904]}, "properties": {"species": "Coprinus comatus", "date": "2025-05-05", "location": "Parker, CO 80134, USA", "elevation": 1975.0, "num_identification_agreements": 1, "tavg": null, "tmin": 7.8, "tmax": 15.6, "day_of_year": 125, "uuid": "48ba1479-24db-40ef-b449-6833b5991f4c", "inat_id": 278888873}}, {"type": "Feature", "geometry": {"type": "Point", "coordinates": [-105.2097633333, 39.72332]}, "properties": {"species": "Coprinus comatus", "date": "2025-05-05", "location": "Heritage Rd, Golden, CO, US", "elevation": 1861.0, "num_identification_agreements": 1, "tavg": null, "tmin": 9.0, "tmax": 20.0, "day_of_year": 125, "uuid": "f91b26dc-583b-4dc7-93b1-9960d047d7ce", "inat_id": 278830466}}, {"type": "Feature", "geometry": {"type": "Point", "coordinates": [-106.9013442993, 37.4425086975]}, "properties": {"species": "Coprinus comatus", "date": "2024-08-19", "location": "Creede", "elevation": 2406.0, "num_identification_agreements": 1, "tavg": null, "tmin": 9.0, "tmax": 17.1, "day_of_year": 232, "uuid": "c6bece89-c954-4017-ad75-80a4992b7ca8", "inat_id": 278587306}}, {"type": "Feature", "geometry": {"type": "Point", "coordinates": [-104.8574916667, 39.8215533333]}, "properties": {"species": "Coprinus comatus", "date": "2025-05-01", "location": "Joliet St, Denver, CO, US", "elevation": 1599.0, "num_identification_agreements": 1, "tavg": null, "tmin": 6.9, "tmax": 13.6, "day_of_year": 121, "uuid": "3d5c5e74-5b86-4fa6-ae4a-9ff383d8ba5e", "inat_id": 277584060}}, {"type": "Feature", "geometry": {"type": "Point", "coordinates": [-105.0772466, 40.56786127]}, "properties": {"species": "Coprinus comatus", "date": "2025-05-01", "location": "Fort Collins, CO, USA", "elevation": 1529.0, "num_identification_agreements": 1, "tavg": null, "tmin": 5.0, "tmax": 15.6, "day_of_year": 121, "uuid": "111025ce-d208-480b-8179-7a4e89e11cb7", "inat_id": 277553555}}, {"type": "Feature", "geometry": {"type": "Point", "coordinates": [-105.0647055, 39.9208]}, "properties": {"species": "Coprinus comatus", "date": "2025-04-28", "location": "Broomfield Community Center, Broomfield, CO, US", "elevation": 1627.0, "num_identification_agreements": 2, "tavg": null, "tmin": 5.0, "tmax": 18.0, "day_of_year": 118, "uuid": "798abf47-0d74-46f3-ac20-a417cd56a483", "inat_id": 276083791}}, {"type": "Feature", "geometry": {"type": "Point", "coordinates": [-104.7102541683, 39.6247511874]}, "properties": {"species": "Coprinus comatus", "date": "2025-04-25", "location": "E Bellewood Dr, Aurora, CO, US", "elevation": 1809.0, "num_identification_agreements": 3, "tavg": null, "tmin": 4.5, "tmax": 14.1, "day_of_year": 115, "uuid": "bdc35851-7a61-4470-9a99-96fa844edd57", "inat_id": 275965779}}, {"type": "Feature", "geometry": {"type": "Point", "coordinates": [-105.0958778333, 40.0178028333]}, "properties": {"species": "Coprinus comatus", "date": "2025-04-26", "location": "Stevens Cir N, Erie, CO, US", "elevation": 1597.0, "num_identification_agreements": 2, "tavg": null, "tmin": 4.9, "tmax": 19.6, "day_of_year": 116, "uuid": "6af1db90-97a6-4e34-84c6-448e4a078bc3", "inat_id": 274237597}}, {"type": "Feature", "geometry": {"type": "Point", "coordinates": [-105.1194747442, 39.6950770243]}, "properties": {"species": "Coprinus comatus", "date": "2025-04-25", "location": "S Owens St, Lakewood, CO, US", "elevation": 1732.0, "num_identification_agreements": 1, "tavg": null, "tmin": 6.7, "tmax": 11.4, "day_of_year": 115, "uuid": "2d38fc90-2642-4d44-95c9-7136ff3a1452", "inat_id": 273370877}}, {"type": "Feature", "geometry": {"type": "Point", "coordinates": [-104.8737594467, 39.766565679]}, "properties": {"species": "Coprinus comatus", "date": "2025-04-24", "location": "Central Park, Denver, CO, US", "elevation": 1619.0, "num_identification_agreements": 1, "tavg": null, "tmin": 8.3, "tmax": 16.7, "day_of_year": 114, "uuid": "f7701843-f34c-4e13-9401-7d5650c7fca1", "inat_id": 272807548}}, {"type": "Feature", "geometry": {"type": "Point", "coordinates": [-105.2973259, 40.0279504]}, "properties": {"species": "Coprinus comatus", "date": "2025-04-22", "location": "Sanitas Valley Trail, Boulder, CO, USA", "elevation": 1752.0, "num_identification_agreements": 1, "tavg": null, "tmin": 7.0, "tmax": 22.0, "day_of_year": 112, "uuid": "278e24b7-f3bb-4566-885f-00488d175211", "inat_id": 272326323}}, {"type": "Feature", "geometry": {"type": "Point", "coordinates": [-105.1875593997, 39.8120176997]}, "properties": {"species": "Coprinus comatus", "date": "2025-04-22", "location": "Crestview, Arvada, CO, USA", "elevation": 1726.0, "num_identification_agreements": 1, "tavg": null, "tmin": 7.0, "tmax": 21.0, "day_of_year": 112, "uuid": "3958ed01-5dd3-4a18-99ef-e2d762bfe11c", "inat_id": 272266598}}, {"type": "Feature", "geometry": {"type": "Point", "coordinates": [-105.2752649133, 40.0201680372]}, "properties": {"species": "Coprinus comatus", "date": "2025-04-16", "location": "Spruce St, Boulder, CO, US", "elevation": 1634.0, "num_identification_agreements": 1, "tavg": null, "tmin": 10.0, "tmax": 25.0, "day_of_year": 106, "uuid": "b74d5337-0683-4a59-a84a-f271fdce7051", "inat_id": 271779219}}, {"type": "Feature", "geometry": {"type": "Point", "coordinates": [-104.9200966667, 39.67572]}, "properties": {"species": "Coprinus comatus", "date": "2025-04-17", "location": "E Iliff Ave, Denver, CO, US", "elevation": 1670.0, "num_identification_agreements": 1, "tavg": null, "tmin": 7.7, "tmax": 19.2, "day_of_year": 107, "uuid": "25a3ad47-b266-4cf3-ba8d-6a5f19eeff24", "inat_id": 271585829}}, {"type": "Feature", "geometry": {"type": "Point", "coordinates": [-104.9200966667, 39.67572]}, "properties": {"species": "Coprinus comatus", "date": "2025-04-17", "location": "E Iliff Ave, Denver, CO, US", "elevation": 1670.0, "num_identification_agreements": 1, "tavg": null, "tmin": 7.7, "tmax": 19.2, "day_of_year": 107, "uuid": "12c19373-7394-4e53-a395-9a4b1314d70d", "inat_id": 271580837}}, {"type": "Feature", "geometry": {"type": "Point", "coordinates": [-105.6442317858, 39.9011128164]}, "properties": {"species": "Coprinus comatus", "date": "2024-08-13", "location": "Black Hawk, CO, US", "elevation": 2823.0, "num_identification_agreements": 1, "tavg": null, "tmin": 2.1, "tmax": 12.7, "day_of_year": 226, "uuid": "9b2cfe79-2a7d-4100-a616-06e871951c8d", "inat_id": 269391035}}, {"type": "Feature", "geometry": {"type": "Point", "coordinates": [-105.2311255857, 38.4435863676]}, "properties": {"species": "Coprinus comatus", "date": "2013-10-04", "location": "Ca\u00f1on City, CO 81212, USA", "elevation": 1625.0, "num_identification_agreements": 2, "tavg": null, "tmin": -1.2, "tmax": 10.8, "day_of_year": 277, "uuid": "894bfcbd-d182-4f87-a52a-8f0d50ec4b18", "inat_id": 268473196}}, {"type": "Feature", "geometry": {"type": "Point", "coordinates": [-103.3949666667, 43.5939966667]}, "properties": {"species": "Coprinus comatus", "date": "2024-06-08", "location": "Wind Cave National Park, Buffalo Gap, SD, US", "elevation": 1183.0, "num_identification_agreements": 1, "tavg": null, "tmin": 11.1, "tmax": 17.8, "day_of_year": 160, "uuid": "8975201e-163a-409b-8865-0527c0cd6a8d", "inat_id": 268147386}}, {"type": "Feature", "geometry": {"type": "Point", "coordinates": [-107.5661866667, 38.1622416667]}, "properties": {"species": "Coprinus comatus", "date": "2024-08-27", "location": "Grand Mesa Uncompahgre and Gunnison National Forests, Ridgway, CO, US", "elevation": 3084.0, "num_identification_agreements": 1, "tavg": null, "tmin": 2.8, "tmax": 21.0, "day_of_year": 240, "uuid": "a37595bc-5f96-4f3f-87f7-b2b30fbb81a1", "inat_id": 267085720}}, {"type": "Feature", "geometry": {"type": "Point", "coordinates": [-107.2384694867, 39.9900788479]}, "properties": {"species": "Coprinus comatus", "date": "2005-08-26", "location": "Trappers Lake ,Garfield County, CO, USA", "elevation": 2957.0, "num_identification_agreements": 1, "tavg": null, "tmin": 11.0, "tmax": 27.0, "day_of_year": 238, "uuid": "d09423d1-060f-42dd-b7ec-47b2a9f473ed", "inat_id": 266048457}}, {"type": "Feature", "geometry": {"type": "Point", "coordinates": [-108.0000214843, 39.0423040859]}, "properties": {"species": "Coprinus comatus", "date": "2021-07-28", "location": "Grand Mesa Uncompahgre and Gunnison National Forests, Cedaredge, CO, US", "elevation": 3215.0, "num_identification_agreements": 1, "tavg": null, "tmin": 22.2, "tmax": 37.6, "day_of_year": 209, "uuid": "a8b7b82d-c095-40f7-91f7-0497bd122031", "inat_id": 261897136}}, {"type": "Feature", "geometry": {"type": "Point", "coordinates": [-105.1641338077, 39.7423126838]}, "properties": {"species": "Coprinus comatus", "date": "2020-06-13", "location": "Jefferson County, CO, USA", "elevation": 1757.0, "num_identification_agreements": 1, "tavg": null, "tmin": null, "tmax": null, "day_of_year": 165, "uuid": "207da92f-be7d-4cf4-b666-5e8755b9fc80", "inat_id": 254676098}}, {"type": "Feature", "geometry": {"type": "Point", "coordinates": [-107.5476418436, 38.1770426764]}, "properties": {"species": "Coprinus comatus", "date": "2024-10-06", "location": "Grand Mesa Uncompahgre and Gunnison National Forests, Cimarron, CO, US", "elevation": 3114.0, "num_identification_agreements": 1, "tavg": null, "tmin": 6.0, "tmax": 21.0, "day_of_year": 280, "uuid": "51340fbf-5744-407b-afc5-2db24ede2461", "inat_id": 253967230}}, {"type": "Feature", "geometry": {"type": "Point", "coordinates": [-104.9953692997, 39.8192858997]}, "properties": {"species": "Coprinus comatus", "date": "2024-10-19", "location": "Twin Lakes, CO 80221, USA", "elevation": 1579.0, "num_identification_agreements": 2, "tavg": null, "tmin": 5.6, "tmax": 14.1, "day_of_year": 293, "uuid": "f031e284-6cb3-44e7-b982-fc95eb2d74f8", "inat_id": 251959354}}, {"type": "Feature", "geometry": {"type": "Point", "coordinates": [-105.21598, 37.38255]}, "properties": {"species": "Coprinus comatus", "date": "2024-10-02", "location": "Fort Garland, CO, US", "elevation": 2937.0, "num_identification_agreements": 1, "tavg": null, "tmin": 6.0, "tmax": 17.0, "day_of_year": 276, "uuid": "3b121f7f-221b-4c7b-912e-84257195cd48", "inat_id": 250965505}}, {"type": "Feature", "geometry": {"type": "Point", "coordinates": [-105.0016034861, 39.6077266429]}, "properties": {"species": "Coprinus comatus", "date": "2024-10-24", "location": "W Lake Ave, Littleton, CO, US", "elevation": 1668.0, "num_identification_agreements": 2, "tavg": null, "tmin": 7.2, "tmax": 21.7, "day_of_year": 298, "uuid": "2bc73255-c0d0-42b1-8b1e-b7868cf788d8", "inat_id": 248951598}}, {"type": "Feature", "geometry": {"type": "Point", "coordinates": [-108.5751266479, 39.1104431152]}, "properties": {"species": "Coprinus comatus", "date": "2024-10-23", "location": "Grand Junction", "elevation": 1419.0, "num_identification_agreements": 1, "tavg": null, "tmin": 7.2, "tmax": 21.7, "day_of_year": 297, "uuid": "c65981de-13a1-4914-a7d1-c1fee1da5836", "inat_id": 248794484}}, {"type": "Feature", "geometry": {"type": "Point", "coordinates": [-105.1980762184, 40.0542791109]}, "properties": {"species": "Coprinus comatus", "date": "2024-10-22", "location": "Gunbarrel, CO, USA", "elevation": 1585.0, "num_identification_agreements": 1, "tavg": null, "tmin": 14.0, "tmax": 24.0, "day_of_year": 296, "uuid": "b158a210-a5d2-434f-b76d-3e7ed1260ad2", "inat_id": 248670072}}, {"type": "Feature", "geometry": {"type": "Point", "coordinates": [-108.5874944444, 39.0948111111]}, "properties": {"species": "Coprinus comatus", "date": "2024-10-21", "location": "Grand Junction, CO, USA", "elevation": 1400.0, "num_identification_agreements": 1, "tavg": null, "tmin": 7.8, "tmax": 16.7, "day_of_year": 295, "uuid": "b8628f74-b0bc-4d42-a2ac-9de089cfd2ee", "inat_id": 248519014}}, {"type": "Feature", "geometry": {"type": "Point", "coordinates": [-108.184945, 36.87835]}, "properties": {"species": "Coprinus comatus", "date": "2024-10-17", "location": "La Plata, NM, US", "elevation": 1707.0, "num_identification_agreements": 1, "tavg": null, "tmin": 10.6, "tmax": 23.3, "day_of_year": 291, "uuid": "d7123693-db74-4fc7-8e2d-85ccc6c53d7b", "inat_id": 248363206}}, {"type": "Feature", "geometry": {"type": "Point", "coordinates": [-105.0830555556, 40.5813888889]}, "properties": {"species": "Coprinus comatus", "date": "2017-09-24", "location": "Meldrum & Mulberry, Fort Collins, CO 80521, USA", "elevation": 1528.0, "num_identification_agreements": 1, "tavg": null, "tmin": null, "tmax": null, "day_of_year": 267, "uuid": "3e8ac943-da51-46d4-87d8-1a0f9973a668", "inat_id": 247990997}}, {"type": "Feature", "geometry": {"type": "Point", "coordinates": [-105.0861111111, 40.5805555556]}, "properties": {"species": "Coprinus comatus", "date": "2017-05-09", "location": "University North, Fort Collins, CO, USA", "elevation": 1532.0, "num_identification_agreements": 1, "tavg": null, "tmin": 11.1, "tmax": 17.2, "day_of_year": 129, "uuid": "1c439290-9eb5-4c2c-90f2-7bc6ec54b9fd", "inat_id": 247990474}}, {"type": "Feature", "geometry": {"type": "Point", "coordinates": [-108.878905, 38.7742083333]}, "properties": {"species": "Coprinus comatus", "date": "2024-10-15", "location": "SH-141, Gateway, CO, US", "elevation": 1860.0, "num_identification_agreements": 1, "tavg": null, "tmin": 10.0, "tmax": 27.2, "day_of_year": 289, "uuid": "f1009afb-e83c-4dbc-999b-5f39c5b0bcee", "inat_id": 247772770}}, {"type": "Feature", "geometry": {"type": "Point", "coordinates": [-108.8787833333, 38.7740966667]}, "properties": {"species": "Coprinus comatus", "date": "2024-10-15", "location": "SH-141, Gateway, CO, US", "elevation": 1860.0, "num_identification_agreements": 1, "tavg": null, "tmin": 10.0, "tmax": 27.2, "day_of_year": 289, "uuid": "420e9a4c-543c-42aa-b3ad-30fcb2667159", "inat_id": 247772729}}, {"type": "Feature", "geometry": {"type": "Point", "coordinates": [-105.1810913086, 40.0797424316]}, "properties": {"species": "Coprinus comatus", "date": "2024-10-15", "location": "Longmont", "elevation": 1579.0, "num_identification_agreements": 1, "tavg": null, "tmin": 8.0, "tmax": 22.0, "day_of_year": 289, "uuid": "0fef980f-09de-4867-a370-b4ff4b256986", "inat_id": 247492148}}, {"type": "Feature", "geometry": {"type": "Point", "coordinates": [-105.2462711558, 39.7514041066]}, "properties": {"species": "Coprinus comatus", "date": "2024-10-13", "location": "Golden Gate Canyon, Golden, CO 80403, USA", "elevation": 1756.0, "num_identification_agreements": 1, "tavg": null, "tmin": 10.0, "tmax": 19.0, "day_of_year": 287, "uuid": "44cc1399-97b1-43c0-87c0-e9483097416c", "inat_id": 247140861}}, {"type": "Feature", "geometry": {"type": "Point", "coordinates": [-105.0971138333, 40.414905]}, "properties": {"species": "Coprinus comatus", "date": "2024-10-10", "location": "N Taft Ave, Loveland, CO, US", "elevation": 1531.0, "num_identification_agreements": 1, "tavg": null, "tmin": 8.9, "tmax": 30.0, "day_of_year": 284, "uuid": "a3377596-7fcd-4a6b-92a7-1c7edbf8dedf", "inat_id": 246667157}}, {"type": "Feature", "geometry": {"type": "Point", "coordinates": [-106.7928095875, 37.0677098086]}, "properties": {"species": "Coprinus comatus", "date": "2015-09-09", "location": "Archuleta County, CO, USA", "elevation": 2537.0, "num_identification_agreements": 2, "tavg": null, "tmin": null, "tmax": null, "day_of_year": 252, "uuid": "789a35d5-b4c8-44c6-a4ab-a2d1f20be1be", "inat_id": 246482507}}, {"type": "Feature", "geometry": {"type": "Point", "coordinates": [-104.9135366667, 39.5591466667]}, "properties": {"species": "Coprinus comatus", "date": "2024-10-05", "location": "Palamino Pkwy, Highlands Ranch, CO, US", "elevation": 1774.0, "num_identification_agreements": 1, "tavg": null, "tmin": 15.0, "tmax": 28.9, "day_of_year": 279, "uuid": "a417b3f3-ae3a-45bd-b7f2-a0ba06ee0b7c", "inat_id": 246258941}}, {"type": "Feature", "geometry": {"type": "Point", "coordinates": [-104.9135533333, 39.559155]}, "properties": {"species": "Coprinus comatus", "date": "2024-10-05", "location": "Palamino Pkwy, Highlands Ranch, CO, US", "elevation": 1774.0, "num_identification_agreements": 1, "tavg": null, "tmin": 15.0, "tmax": 28.9, "day_of_year": 279, "uuid": "ff4b04a7-a842-465a-ad62-d00d40162d07", "inat_id": 246258850}}, {"type": "Feature", "geometry": {"type": "Point", "coordinates": [-104.91358, 39.55915]}, "properties": {"species": "Coprinus comatus", "date": "2024-10-05", "location": "Palamino Pkwy, Highlands Ranch, CO, US", "elevation": 1774.0, "num_identification_agreements": 1, "tavg": null, "tmin": 15.0, "tmax": 28.9, "day_of_year": 279, "uuid": "fdf73444-2577-47fa-83e5-49f2d80bf4fa", "inat_id": 246258634}}, {"type": "Feature", "geometry": {"type": "Point", "coordinates": [-104.91358, 39.5591616667]}, "properties": {"species": "Coprinus comatus", "date": "2024-10-05", "location": "Palamino Pkwy, Highlands Ranch, CO, US", "elevation": 1774.0, "num_identification_agreements": 1, "tavg": null, "tmin": 15.0, "tmax": 28.9, "day_of_year": 279, "uuid": "1e403206-aa7a-4e99-acd9-82b7b86e399f", "inat_id": 246258573}}, {"type": "Feature", "geometry": {"type": "Point", "coordinates": [-104.9138333333, 39.5595666667]}, "properties": {"species": "Coprinus comatus", "date": "2024-10-05", "location": "Palamino Pkwy, Highlands Ranch, CO, US", "elevation": 1774.0, "num_identification_agreements": 1, "tavg": null, "tmin": 15.0, "tmax": 28.9, "day_of_year": 279, "uuid": "2cae71f9-506f-4d9c-b1a4-4a971228a98f", "inat_id": 246258265}}, {"type": "Feature", "geometry": {"type": "Point", "coordinates": [-104.7670234318, 39.7933779307]}, "properties": {"species": "Coprinus comatus", "date": "2024-10-07", "location": "1st Creek Trail, Denver, CO, US", "elevation": 1634.0, "num_identification_agreements": 1, "tavg": null, "tmin": 10.8, "tmax": 24.1, "day_of_year": 281, "uuid": "1d80a6ed-151c-4086-a014-8a05fec4e577", "inat_id": 246246627}}, {"type": "Feature", "geometry": {"type": "Point", "coordinates": [-104.9439390111, 39.6850045048]}, "properties": {"species": "Coprinus comatus", "date": "2024-10-07", "location": "Colorado, US", "elevation": 1642.0, "num_identification_agreements": 1, "tavg": null, "tmin": 10.8, "tmax": 24.1, "day_of_year": 281, "uuid": "fa21b9d9-d9a2-4505-beb5-1594ef9f436a", "inat_id": 246204730}}, {"type": "Feature", "geometry": {"type": "Point", "coordinates": [-104.9549633333, 40.4725116667]}, "properties": {"species": "Coprinus comatus", "date": "2024-10-03", "location": "Larimer County, US-CO, US", "elevation": 1486.0, "num_identification_agreements": 4, "tavg": null, "tmin": 10.0, "tmax": 22.2, "day_of_year": 277, "uuid": "0a03780e-69bb-4e85-8513-aa5abaa6dcae", "inat_id": 245893132}}, {"type": "Feature", "geometry": {"type": "Point", "coordinates": [-105.2026833333, 40.0561916667]}, "properties": {"species": "Coprinus comatus", "date": "2024-10-01", "location": "Driftwood Pl, Boulder, CO, US", "elevation": 1584.0, "num_identification_agreements": 2, "tavg": null, "tmin": 6.0, "tmax": 21.0, "day_of_year": 275, "uuid": "bc377a0d-2c03-446b-a5d6-1ad55244e719", "inat_id": 245088094}}, {"type": "Feature", "geometry": {"type": "Point", "coordinates": [-105.3976410349, 36.1720043142]}, "properties": {"species": "Coprinus comatus", "date": "2024-09-29", "location": "Chacon, NM, US", "elevation": 2728.0, "num_identification_agreements": 1, "tavg": null, "tmin": -0.2, "tmax": 22.8, "day_of_year": 273, "uuid": "385a4c91-ce0e-4ff1-a2a0-7eb6a0a58434", "inat_id": 244813377}}, {"type": "Feature", "geometry": {"type": "Point", "coordinates": [-104.8774490356, 39.674987793]}, "properties": {"species": "Coprinus comatus", "date": "2024-09-29", "location": "Denver", "elevation": 1678.0, "num_identification_agreements": 1, "tavg": null, "tmin": 18.7, "tmax": 31.8, "day_of_year": 273, "uuid": "f967bace-39b7-4796-a932-4aa4694a6ca7", "inat_id": 244727043}}, {"type": "Feature", "geometry": {"type": "Point", "coordinates": [-106.269705, 35.7771]}, "properties": {"species": "Coprinus comatus", "date": "2024-09-23", "location": "Bandelier National Monument, Pena Blanca, NM, US", "elevation": 1850.0, "num_identification_agreements": 1, "tavg": null, "tmin": 7.1, "tmax": 19.5, "day_of_year": 267, "uuid": "821ea00c-6c28-446d-97e5-1b7e32334631", "inat_id": 244199530}}, {"type": "Feature", "geometry": {"type": "Point", "coordinates": [-105.9064416667, 35.681855]}, "properties": {"species": "Coprinus comatus", "date": "2024-09-26", "location": "Upper Canyon Road, Santa Fe, NM, US", "elevation": 2200.0, "num_identification_agreements": 1, "tavg": null, "tmin": 11.1, "tmax": 31.1, "day_of_year": 270, "uuid": "7b751229-c9a8-408f-abed-2fedf3fd1bf7", "inat_id": 244134044}}, {"type": "Feature", "geometry": {"type": "Point", "coordinates": [-105.0841494933, 40.5563783261]}, "properties": {"species": "Coprinus comatus", "date": "2024-09-25", "location": "Colorado State University, Fort Collins, CO, US", "elevation": 1534.0, "num_identification_agreements": 1, "tavg": null, "tmin": 9.4, "tmax": 30.6, "day_of_year": 269, "uuid": "f3dbc135-a274-4811-9ecd-67bba75709ad", "inat_id": 244008783}}, {"type": "Feature", "geometry": {"type": "Point", "coordinates": [-103.6244659424, 43.7608032227]}, "properties": {"species": "Coprinus comatus", "date": "2024-09-24", "location": "Custer", "elevation": 1650.0, "num_identification_agreements": 1, "tavg": null, "tmin": 7.2, "tmax": 21.7, "day_of_year": 268, "uuid": "508198a1-9030-4c36-a807-9368490b5fdc", "inat_id": 243866690}}, {"type": "Feature", "geometry": {"type": "Point", "coordinates": [-104.9673059955, 39.6549150307]}, "properties": {"species": "Coprinus comatus", "date": "2024-09-23", "location": "Englewood, CO, USA", "elevation": 1651.0, "num_identification_agreements": 1, "tavg": null, "tmin": 6.7, "tmax": 25.0, "day_of_year": 267, "uuid": "675edb35-8d18-492a-9432-4df218fa35fd", "inat_id": 243833785}}, {"type": "Feature", "geometry": {"type": "Point", "coordinates": [-105.3970187489, 39.7128156347]}, "properties": {"species": "Coprinus comatus", "date": "2024-09-23", "location": "Elmgreen Ln, Evergreen, CO, US", "elevation": 2316.0, "num_identification_agreements": 2, "tavg": null, "tmin": 8.0, "tmax": 27.0, "day_of_year": 267, "uuid": "4a0b7635-cbb8-404c-a118-760f784b3cc3", "inat_id": 243624532}}, {"type": "Feature", "geometry": {"type": "Point", "coordinates": [-104.9766618997, 39.8126484]}, "properties": {"species": "Coprinus comatus", "date": "2024-09-20", "location": "North Washington, CO, USA", "elevation": 1577.0, "num_identification_agreements": 1, "tavg": null, "tmin": 14.6, "tmax": 27.3, "day_of_year": 264, "uuid": "dddbf6b1-f054-46e8-b369-4b637e750798", "inat_id": 242928348}}, {"type": "Feature", "geometry": {"type": "Point", "coordinates": [-104.945734162, 39.747782629]}, "properties": {"species": "Coprinus comatus", "date": "2024-09-18", "location": "Mile High Loop, Denver, CO, US", "elevation": 1617.0, "num_identification_agreements": 1, "tavg": null, "tmin": 12.2, "tmax": 26.1, "day_of_year": 262, "uuid": "43721d41-109c-418d-b56b-5416317230b1", "inat_id": 242590568}}, {"type": "Feature", "geometry": {"type": "Point", "coordinates": [-105.1126861667, 40.4361716667]}, "properties": {"species": "Coprinus comatus", "date": "2024-09-18", "location": "Glendale Dr, Loveland, CO, US", "elevation": 1565.0, "num_identification_agreements": 2, "tavg": null, "tmin": 8.3, "tmax": 28.9, "day_of_year": 262, "uuid": "459f7906-b33e-4b93-8331-e49e40193245", "inat_id": 242578455}}, {"type": "Feature", "geometry": {"type": "Point", "coordinates": [-106.9544945052, 37.70406547]}, "properties": {"species": "Coprinus comatus", "date": "2024-09-18", "location": "Mineral County, US-CO, US", "elevation": 3014.0, "num_identification_agreements": 1, "tavg": null, "tmin": -1.0, "tmax": 7.0, "day_of_year": 262, "uuid": "b8da6ecb-f432-4aea-8a48-cf34e56f097f", "inat_id": 242573700}}, {"type": "Feature", "geometry": {"type": "Point", "coordinates": [-106.9853354349, 37.7036399576]}, "properties": {"species": "Coprinus comatus", "date": "2024-09-18", "location": "Rio Grande National Forest, Creede, CO, US", "elevation": 2949.0, "num_identification_agreements": 1, "tavg": null, "tmin": -1.0, "tmax": 7.0, "day_of_year": 262, "uuid": "6a2ee507-1e95-492e-a788-f94c6c354a34", "inat_id": 242573347}}, {"type": "Feature", "geometry": {"type": "Point", "coordinates": [-106.988591049, 37.6972425953]}, "properties": {"species": "Coprinus comatus", "date": "2024-09-18", "location": "Rio Grande National Forest, Creede, CO, US", "elevation": 2997.0, "num_identification_agreements": 1, "tavg": null, "tmin": -1.0, "tmax": 7.0, "day_of_year": 262, "uuid": "c638eeec-afb4-4cf0-824b-fa00f0de6494", "inat_id": 242537424}}, {"type": "Feature", "geometry": {"type": "Point", "coordinates": [-105.0913778333, 40.17017]}, "properties": {"species": "Coprinus comatus", "date": "2024-09-18", "location": "Kensington Park, Longmont, CO, US", "elevation": 1517.0, "num_identification_agreements": 1, "tavg": null, "tmin": 8.4, "tmax": 30.0, "day_of_year": 262, "uuid": "08c97619-abb7-4b0b-90f1-5b4b6f50815c", "inat_id": 242508431}}, {"type": "Feature", "geometry": {"type": "Point", "coordinates": [-105.27375, 40.00975555]}, "properties": {"species": "Coprinus comatus", "date": "2024-09-08", "location": "University of Colorado Boulder, Boulder, CO, US", "elevation": 1658.0, "num_identification_agreements": 1, "tavg": null, "tmin": 13.0, "tmax": 31.0, "day_of_year": 252, "uuid": "10c9d486-795c-4257-8e37-79cc11aba171", "inat_id": 242300464}}, {"type": "Feature", "geometry": {"type": "Point", "coordinates": [-105.6936574, 39.4813574]}, "properties": {"species": "Coprinus comatus", "date": "2024-09-11", "location": "Park County, CO, USA", "elevation": 2751.0, "num_identification_agreements": 1, "tavg": null, "tmin": -2.2, "tmax": 11.7, "day_of_year": 255, "uuid": "555332c2-9ca0-43b3-8c10-93c46d46eab1", "inat_id": 242022022}}, {"type": "Feature", "geometry": {"type": "Point", "coordinates": [-104.9688928603, 39.6489318717]}, "properties": {"species": "Coprinus comatus", "date": "2024-09-15", "location": "Colorado, US", "elevation": 1651.0, "num_identification_agreements": 1, "tavg": null, "tmin": 13.9, "tmax": 28.9, "day_of_year": 259, "uuid": "bac2f9a2-3089-4ebe-8e42-92e9c94ca09b", "inat_id": 241993865}}, {"type": "Feature", "geometry": {"type": "Point", "coordinates": [-106.0582899862, 39.4774079137]}, "properties": {"species": "Coprinus comatus", "date": "2024-09-14", "location": "White River National Forest, Breckenridge, CO, US", "elevation": 3006.0, "num_identification_agreements": 1, "tavg": null, "tmin": -1.1, "tmax": 20.6, "day_of_year": 258, "uuid": "747ed0a4-13ee-40fb-b8c4-936e9a9df448", "inat_id": 241740131}}, {"type": "Feature", "geometry": {"type": "Point", "coordinates": [-106.07404978, 39.61085861]}, "properties": {"species": "Coprinus comatus", "date": "2024-09-13", "location": "Silverthorne, CO 80498, USA", "elevation": 2801.0, "num_identification_agreements": 1, "tavg": null, "tmin": 8.0, "tmax": 15.0, "day_of_year": 257, "uuid": "3d354e26-3b45-40cf-abc0-bd37cb4fe75c", "inat_id": 241553430}}, {"type": "Feature", "geometry": {"type": "Point", "coordinates": [-108.1640611111, 37.5825]}, "properties": {"species": "Coprinus comatus", "date": "2024-09-12", "location": "Dolores, CO 81323, USA", "elevation": 2474.0, "num_identification_agreements": 1, "tavg": null, "tmin": 14.0, "tmax": 21.0, "day_of_year": 256, "uuid": "3843ec59-22a2-4109-b101-6c2c20f2cd3f", "inat_id": 241338198}}, {"type": "Feature", "geometry": {"type": "Point", "coordinates": [-110.7069292, 39.2069445997]}, "properties": {"species": "Coprinus comatus", "date": "2024-09-11", "location": "Emery County, UT, USA", "elevation": 2173.0, "num_identification_agreements": 1, "tavg": null, "tmin": 13.3, "tmax": 29.4, "day_of_year": 255, "uuid": "ed242807-6586-4e80-81c6-abb313ca0afa", "inat_id": 241233483}}, {"type": "Feature", "geometry": {"type": "Point", "coordinates": [-107.2365833333, 39.4706722222]}, "properties": {"species": "Coprinus comatus", "date": "2024-09-10", "location": "Carbondale, CO 81623, USA", "elevation": 2099.0, "num_identification_agreements": 2, "tavg": null, "tmin": 6.1, "tmax": 16.9, "day_of_year": 254, "uuid": "ae6c70a7-40cf-4850-a072-55de4863142f", "inat_id": 240994506}}, {"type": "Feature", "geometry": {"type": "Point", "coordinates": [-106.76313, 39.5885883333]}, "properties": {"species": "Coprinus comatus", "date": "2024-09-08", "location": "Eagle, CO, US", "elevation": 2190.0, "num_identification_agreements": 1, "tavg": null, "tmin": 6.7, "tmax": 27.8, "day_of_year": 252, "uuid": "cbba0c6b-da23-4e28-a8d5-a521e47a0603", "inat_id": 240700682}}, {"type": "Feature", "geometry": {"type": "Point", "coordinates": [-105.8210478, 40.4126096997]}, "properties": {"species": "Coprinus comatus", "date": "2023-07-26", "location": "Rocky Mountain, Rocky Mountain National Park, Rocky Mountain National Park, Grand, Colorado, United States", "elevation": 3293.0, "num_identification_agreements": 1, "tavg": null, "tmin": 9.1, "tmax": 25.8, "day_of_year": 207, "uuid": "3482b71b-3a5f-446b-8cda-0db0c6ef342d", "inat_id": 240422984}}, {"type": "Feature", "geometry": {"type": "Point", "coordinates": [-106.1585072895, 39.3450116041]}, "properties": {"species": "Coprinus comatus", "date": "2024-09-07", "location": "Pike and San Isabel National Forests, Leadville, CO, US", "elevation": 3552.0, "num_identification_agreements": 1, "tavg": null, "tmin": 1.1, "tmax": 21.1, "day_of_year": 251, "uuid": "8cb6eb6e-0206-40c0-b099-40efd13a448d", "inat_id": 240310300}}, {"type": "Feature", "geometry": {"type": "Point", "coordinates": [-103.6692861111, 44.2930805556]}, "properties": {"species": "Coprinus comatus", "date": "2024-08-29", "location": "Deadwood, SD 57732, USA", "elevation": 1692.0, "num_identification_agreements": 2, "tavg": null, "tmin": null, "tmax": null, "day_of_year": 242, "uuid": "716d77b1-e0c2-4a59-aa54-4177d8b6a26b", "inat_id": 238653473}}, {"type": "Feature", "geometry": {"type": "Point", "coordinates": [-103.5475916667, 43.8181416667]}, "properties": {"species": "Coprinus comatus", "date": "2023-10-04", "location": "Black Hills National Forest, Custer, SD, US", "elevation": 1701.0, "num_identification_agreements": 2, "tavg": null, "tmin": 2.2, "tmax": 13.3, "day_of_year": 277, "uuid": "d6d9e31c-b4f6-41e5-b2bd-1dda5352d0ad", "inat_id": 238629791}}, {"type": "Feature", "geometry": {"type": "Point", "coordinates": [-105.6095332764, 39.5478321156]}, "properties": {"species": "Coprinus comatus", "date": "2024-08-25", "location": "Colorado, US", "elevation": 3807.0, "num_identification_agreements": 1, "tavg": null, "tmin": 1.5, "tmax": 12.8, "day_of_year": 238, "uuid": "2725e327-1228-4c6f-888b-c8532300507b", "inat_id": 238008048}}, {"type": "Feature", "geometry": {"type": "Point", "coordinates": [-107.9327966667, 37.8790266667]}, "properties": {"species": "Coprinus comatus", "date": "2024-08-23", "location": "San Miguel County, US-CO, US", "elevation": 3069.0, "num_identification_agreements": 1, "tavg": null, "tmin": 11.0, "tmax": 20.0, "day_of_year": 236, "uuid": "0f45c894-9954-4c51-823c-7af1d97ccd33", "inat_id": 237566088}}, {"type": "Feature", "geometry": {"type": "Point", "coordinates": [-106.3586719987, 37.6868865034]}, "properties": {"species": "Coprinus comatus", "date": "2024-08-23", "location": "Del Norte, CO, US", "elevation": 2410.0, "num_identification_agreements": 1, "tavg": null, "tmin": 12.0, "tmax": 25.0, "day_of_year": 236, "uuid": "963bbf26-ba0e-4cb9-bac0-1c9ef8fa1f3e", "inat_id": 237522267}}, {"type": "Feature", "geometry": {"type": "Point", "coordinates": [-105.5705537818, 40.0771099073]}, "properties": {"species": "Coprinus comatus", "date": "2019-09-30", "location": "Boulder County, CO, USA", "elevation": 3163.0, "num_identification_agreements": 1, "tavg": null, "tmin": -0.5, "tmax": 21.9, "day_of_year": 273, "uuid": "c3ca77fb-fd1d-41ec-8241-84fb998d05a6", "inat_id": 237126277}}, {"type": "Feature", "geometry": {"type": "Point", "coordinates": [-104.829895, 41.1550861667]}, "properties": {"species": "Coprinus comatus", "date": "2024-08-20", "location": "Lions Park, Cheyenne, WY, US", "elevation": 1874.0, "num_identification_agreements": 2, "tavg": null, "tmin": 13.9, "tmax": 31.7, "day_of_year": 233, "uuid": "0f06638a-2799-487a-8baa-548cc48069b8", "inat_id": 237040473}}, {"type": "Feature", "geometry": {"type": "Point", "coordinates": [-105.402855, 39.7420366667]}, "properties": {"species": "Coprinus comatus", "date": "2024-08-14", "location": "Clear Creek Greenway (P2p) Trail, Evergreen, CO, US", "elevation": 2155.0, "num_identification_agreements": 1, "tavg": null, "tmin": 15.0, "tmax": 32.0, "day_of_year": 227, "uuid": "0b4aadde-43c4-4f59-929a-9b6801a43150", "inat_id": 235783118}}, {"type": "Feature", "geometry": {"type": "Point", "coordinates": [-108.1568069824, 37.823457066]}, "properties": {"species": "Coprinus comatus", "date": "2024-08-09", "location": "Dolores County, US-CO, US", "elevation": 3067.0, "num_identification_agreements": 1, "tavg": null, "tmin": 11.0, "tmax": 20.0, "day_of_year": 222, "uuid": "e16626f2-362d-4fa3-ba4a-c3f1397b637e", "inat_id": 234787071}}, {"type": "Feature", "geometry": {"type": "Point", "coordinates": [-106.7583783333, 40.5284583333]}, "properties": {"species": "Coprinus comatus", "date": "2024-08-03", "location": "CR-38, Steamboat Springs, CO, US", "elevation": 2801.0, "num_identification_agreements": 1, "tavg": null, "tmin": 11.1, "tmax": 32.5, "day_of_year": 216, "uuid": "ea5f8846-2295-4f52-8250-46e80ced281d", "inat_id": 233751104}}, {"type": "Feature", "geometry": {"type": "Point", "coordinates": [-107.7076339722, 37.7403526111]}, "properties": {"species": "Coprinus comatus", "date": "2024-07-29", "location": "San Juan County, CO, USA", "elevation": 3335.0, "num_identification_agreements": 1, "tavg": null, "tmin": 12.0, "tmax": 25.0, "day_of_year": 211, "uuid": "b88c933b-b09e-4151-a1e1-d08f5a330426", "inat_id": 232845132}}, {"type": "Feature", "geometry": {"type": "Point", "coordinates": [-106.9771283333, 38.9772833333]}, "properties": {"species": "Coprinus comatus", "date": "2024-07-22", "location": "Grand Mesa Uncompahgre and Gunnison National Forests, Crested Butte, CO, US", "elevation": 3490.0, "num_identification_agreements": 2, "tavg": null, "tmin": 6.7, "tmax": 25.6, "day_of_year": 204, "uuid": "33224e7b-b36c-41b5-b5fc-3e66e4cfbaa6", "inat_id": 231707185}}, {"type": "Feature", "geometry": {"type": "Point", "coordinates": [-106.5329647064, 35.8152205703]}, "properties": {"species": "Coprinus comatus", "date": "2024-07-19", "location": "Jemez Springs, NM 87025, USA", "elevation": 2571.0, "num_identification_agreements": 1, "tavg": null, "tmin": 15.0, "tmax": 29.2, "day_of_year": 201, "uuid": "b85769a9-95a3-4443-a37b-2e6e4cf02b15", "inat_id": 231229062}}, {"type": "Feature", "geometry": {"type": "Point", "coordinates": [-106.4540104824, 37.6168272582]}, "properties": {"species": "Coprinus comatus", "date": "2024-07-21", "location": "Colorado, US", "elevation": 2629.0, "num_identification_agreements": 1, "tavg": null, "tmin": 9.0, "tmax": 21.0, "day_of_year": 203, "uuid": "9412a8c5-ed81-402d-8e2a-26301604128b", "inat_id": 231031330}}, {"type": "Feature", "geometry": {"type": "Point", "coordinates": [-105.2192083333, 39.7511833333]}, "properties": {"species": "Coprinus comatus", "date": "2024-07-19", "location": "Colorado School of Mines, Golden, CO, US", "elevation": 1765.0, "num_identification_agreements": 1, "tavg": null, "tmin": 18.0, "tmax": 31.0, "day_of_year": 201, "uuid": "54a5d8c4-eddf-4103-9af3-dc109161c8e9", "inat_id": 230409822}}, {"type": "Feature", "geometry": {"type": "Point", "coordinates": [-105.27378589, 40.03903573]}, "properties": {"species": "Coprinus comatus", "date": "2023-10-07", "location": "Melody Heights, Boulder, CO 80304, USA", "elevation": 1651.0, "num_identification_agreements": 1, "tavg": null, "tmin": 3.0, "tmax": 22.0, "day_of_year": 280, "uuid": "36e91f1d-436a-4300-86c7-8dffbf6b7d81", "inat_id": 227828482}}, {"type": "Feature", "geometry": {"type": "Point", "coordinates": [-107.8007583333, 39.822625]}, "properties": {"species": "Coprinus comatus", "date": "2024-07-06", "location": "White River National Forest, Rifle, CO, US", "elevation": 2782.0, "num_identification_agreements": 1, "tavg": null, "tmin": 5.6, "tmax": 28.9, "day_of_year": 188, "uuid": "b49b19b2-56cf-46eb-b31b-c5d2164a07fc", "inat_id": 227814511}}, {"type": "Feature", "geometry": {"type": "Point", "coordinates": [-105.2804633333, 40.0281195]}, "properties": {"species": "Coprinus comatus", "date": "2022-10-02", "location": "13th St, Boulder, CO, US", "elevation": 1647.0, "num_identification_agreements": 1, "tavg": null, "tmin": 10.0, "tmax": 23.0, "day_of_year": 275, "uuid": "daffb15a-4f1c-4927-9458-3718e380610a", "inat_id": 222420261}}, {"type": "Feature", "geometry": {"type": "Point", "coordinates": [-104.9989072829, 39.6069481329]}, "properties": {"species": "Coprinus comatus", "date": "2024-06-07", "location": "Littleton, CO, USA", "elevation": 1669.0, "num_identification_agreements": 1, "tavg": null, "tmin": 17.8, "tmax": 32.8, "day_of_year": 159, "uuid": "13183154-fb06-4e37-be3b-3bb4c7d78a56", "inat_id": 221145251}}, {"type": "Feature", "geometry": {"type": "Point", "coordinates": [-104.956725, 39.6730783333]}, "properties": {"species": "Coprinus comatus", "date": "2024-05-29", "location": "S Columbine St, Denver, CO, US", "elevation": 1647.0, "num_identification_agreements": 3, "tavg": null, "tmin": 13.0, "tmax": 27.0, "day_of_year": 150, "uuid": "7824bbeb-8adc-4e6a-ab9f-c227463e30d2", "inat_id": 219276019}}, {"type": "Feature", "geometry": {"type": "Point", "coordinates": [-104.9275179349, 39.7231762423]}, "properties": {"species": "Coprinus comatus", "date": "2024-05-17", "location": "E Fourth Ave, Denver, CO, US", "elevation": 1645.0, "num_identification_agreements": 1, "tavg": null, "tmin": 11.2, "tmax": 27.2, "day_of_year": 138, "uuid": "424303fa-94e8-4431-a8dc-07432f22e240", "inat_id": 219149266}}, {"type": "Feature", "geometry": {"type": "Point", "coordinates": [-104.80701446, 38.84914631]}, "properties": {"species": "Coprinus comatus", "date": "2023-10-15", "location": "Middle Shooks Run, Colorado Springs, CO 80903, USA", "elevation": 1856.0, "num_identification_agreements": 1, "tavg": null, "tmin": -1.0, "tmax": 20.6, "day_of_year": 288, "uuid": "2b601806-e3b4-48aa-84d4-13c0d77df01d", "inat_id": 218421919}}, {"type": "Feature", "geometry": {"type": "Point", "coordinates": [-104.9123728692, 39.8004668691]}, "properties": {"species": "Coprinus comatus", "date": "2024-05-11", "location": "Monaco Park, Commerce City, CO, US", "elevation": 1593.0, "num_identification_agreements": 1, "tavg": null, "tmin": 5.5, "tmax": 15.8, "day_of_year": 132, "uuid": "598c2c65-33db-4f43-85fb-3f2eed52e8d4", "inat_id": 215920687}}, {"type": "Feature", "geometry": {"type": "Point", "coordinates": [-106.3666383333, 42.8274116667]}, "properties": {"species": "Coprinus comatus", "date": "2024-05-14", "location": "Morad Park, Casper, WY, US", "elevation": 1560.0, "num_identification_agreements": 1, "tavg": null, "tmin": 3.9, "tmax": 14.4, "day_of_year": 135, "uuid": "90eb0058-54a5-4fd3-9b67-d0eba0fb5613", "inat_id": 215722546}}, {"type": "Feature", "geometry": {"type": "Point", "coordinates": [-104.9770283333, 40.567345]}, "properties": {"species": "Coprinus comatus", "date": "2024-05-13", "location": "Bristow Rd, Timnath, CO, US", "elevation": 1504.0, "num_identification_agreements": 1, "tavg": null, "tmin": 6.7, "tmax": 22.2, "day_of_year": 134, "uuid": "9e524646-f6f6-4946-9c0d-669b15e2c16a", "inat_id": 215604766}}, {"type": "Feature", "geometry": {"type": "Point", "coordinates": [-103.4905175865, 43.4377511008]}, "properties": {"species": "Coprinus comatus", "date": "2024-05-12", "location": "Hot Springs, SD 57747, USA", "elevation": 1107.0, "num_identification_agreements": 4, "tavg": null, "tmin": 6.1, "tmax": 19.4, "day_of_year": 133, "uuid": "956f461c-7bdc-4ce2-9e60-a023aa187949", "inat_id": 215236066}}, {"type": "Feature", "geometry": {"type": "Point", "coordinates": [-104.9617519174, 39.7716636891]}, "properties": {"species": "Coprinus comatus", "date": "2024-05-10", "location": "York St, Denver, CO, US", "elevation": 1589.0, "num_identification_agreements": 1, "tavg": null, "tmin": 5.3, "tmax": 13.1, "day_of_year": 131, "uuid": "85ba23ca-afb4-4646-bbd9-aa974d2dcc5e", "inat_id": 214893797}}, {"type": "Feature", "geometry": {"type": "Point", "coordinates": [-104.7756536239, 40.5222029916]}, "properties": {"species": "Coprinus comatus", "date": "2024-05-03", "location": "County Road 31, Eaton, CO, US", "elevation": 1484.0, "num_identification_agreements": 1, "tavg": null, "tmin": 3.9, "tmax": 21.7, "day_of_year": 124, "uuid": "25a9bedd-5859-4d6b-8c42-79d4d0324e8d", "inat_id": 213283041}}, {"type": "Feature", "geometry": {"type": "Point", "coordinates": [-104.9700043941, 38.0393550052]}, "properties": {"species": "Coprinus comatus", "date": "2024-04-29", "location": "Ridge Rd, Beulah, CO, US", "elevation": 2102.0, "num_identification_agreements": 2, "tavg": null, "tmin": 2.9, "tmax": 20.5, "day_of_year": 120, "uuid": "0c72774a-4367-4a1f-931f-7dcd5ce44758", "inat_id": 212440864}}, {"type": "Feature", "geometry": {"type": "Point", "coordinates": [-104.857554, 39.821644]}, "properties": {"species": "Coprinus comatus", "date": "2024-04-28", "location": "Adams County, CO, USA", "elevation": 1599.0, "num_identification_agreements": 1, "tavg": null, "tmin": 3.5, "tmax": 13.3, "day_of_year": 119, "uuid": "3a15cb6f-3900-4ec8-a608-cf24dd5b1f88", "inat_id": 212019269}}, {"type": "Feature", "geometry": {"type": "Point", "coordinates": [-104.8575079722, 39.8216189722]}, "properties": {"species": "Coprinus comatus", "date": "2024-04-28", "location": "Denver, CO 80239, USA", "elevation": 1599.0, "num_identification_agreements": 2, "tavg": null, "tmin": 3.5, "tmax": 13.3, "day_of_year": 119, "uuid": "3e9307aa-1ef1-4c2f-9d6e-69979503d29b", "inat_id": 211383718}}, {"type": "Feature", "geometry": {"type": "Point", "coordinates": [-107.7553633333, 38.1489416667]}, "properties": {"species": "Coprinus comatus", "date": "2024-04-26", "location": "S Lena St, Ridgway, CO, US", "elevation": 2142.0, "num_identification_agreements": 1, "tavg": null, "tmin": 1.0, "tmax": 7.0, "day_of_year": 117, "uuid": "4d45e5e3-1dcd-4458-938b-91c33ee59335", "inat_id": 209852134}}, {"type": "Feature", "geometry": {"type": "Point", "coordinates": [-105.085963, 39.5040389722]}, "properties": {"species": "Coprinus comatus", "date": "2024-04-14", "location": "ROXBOROUGH, CO 80125, USA", "elevation": 1666.0, "num_identification_agreements": 2, "tavg": null, "tmin": 6.7, "tmax": 25.0, "day_of_year": 105, "uuid": "9a448a12-514a-497a-aaa5-f1daf9303df0", "inat_id": 207336358}}, {"type": "Feature", "geometry": {"type": "Point", "coordinates": [-105.1052089404, 40.1385610097]}, "properties": {"species": "Coprinus comatus", "date": "2023-09-26", "location": "Burlington Way, Longmont, CO, US", "elevation": 1524.0, "num_identification_agreements": 2, "tavg": null, "tmin": 7.7, "tmax": 29.2, "day_of_year": 269, "uuid": "90c01ee0-69bc-475e-a15d-38bb53bca7ed", "inat_id": 204652273}}, {"type": "Feature", "geometry": {"type": "Point", "coordinates": [-105.1063798542, 39.8776783727]}, "properties": {"species": "Coprinus comatus", "date": "2023-10-01", "location": "Loon Lake, West Westminster, Westminster, CO, USA", "elevation": 1660.0, "num_identification_agreements": 2, "tavg": null, "tmin": 15.0, "tmax": 29.0, "day_of_year": 274, "uuid": "c823d882-26e7-43ea-98e6-c30f405ed151", "inat_id": 198713575}}, {"type": "Feature", "geometry": {"type": "Point", "coordinates": [-105.1084445, 38.8753166667]}, "properties": {"species": "Coprinus comatus", "date": "2023-08-30", "location": "Pike and San Isabel National Forests, Woodland Park, CO, US", "elevation": 3175.0, "num_identification_agreements": 1, "tavg": null, "tmin": 9.1, "tmax": 29.2, "day_of_year": 242, "uuid": "2a2964db-ab77-4fb6-891f-b96b9b95ad34", "inat_id": 192350735}}, {"type": "Feature", "geometry": {"type": "Point", "coordinates": [-107.866225, 37.2780533333]}, "properties": {"species": "Coprinus comatus", "date": "2023-10-03", "location": "Fort Lewis College, Durango, CO, US", "elevation": 2096.0, "num_identification_agreements": 1, "tavg": null, "tmin": 3.3, "tmax": 17.2, "day_of_year": 276, "uuid": "adc7e81f-1fbd-4980-8c42-c2b7cc684915", "inat_id": 190433526}}, {"type": "Feature", "geometry": {"type": "Point", "coordinates": [-104.9794383333, 38.0364721667]}, "properties": {"species": "Coprinus comatus", "date": "2023-10-23", "location": "Ridge Rd, Beulah, CO, US", "elevation": 2164.0, "num_identification_agreements": 1, "tavg": null, "tmin": 7.7, "tmax": 24.9, "day_of_year": 296, "uuid": "c67a6fa0-1040-47c8-b584-d3e6e74c3dd1", "inat_id": 188691134}}, {"type": "Feature", "geometry": {"type": "Point", "coordinates": [-105.1048583333, 40.1356083333]}, "properties": {"species": "Coprinus comatus", "date": "2023-09-26", "location": "Tenacity Dr, Longmont, CO, US", "elevation": 1522.0, "num_identification_agreements": 1, "tavg": null, "tmin": 7.7, "tmax": 29.2, "day_of_year": 269, "uuid": "6254fc53-1438-4d20-a2f5-ffb547ff31b5", "inat_id": 187856310}}, {"type": "Feature", "geometry": {"type": "Point", "coordinates": [-105.3903183091, 40.1505463822]}, "properties": {"species": "Coprinus comatus", "date": "2023-10-02", "location": "County Road 87J, Jamestown, CO, US", "elevation": 2384.0, "num_identification_agreements": 1, "tavg": null, "tmin": 11.0, "tmax": 26.0, "day_of_year": 275, "uuid": "22bcc1d8-065c-4bba-addc-fce83d57e3fe", "inat_id": 187787224}}, {"type": "Feature", "geometry": {"type": "Point", "coordinates": [-108.5184783333, 39.0539471667]}, "properties": {"species": "Coprinus comatus", "date": "2023-10-01", "location": "Pear Park, Grand Junction, CO, US", "elevation": 1404.0, "num_identification_agreements": 1, "tavg": null, "tmin": 11.1, "tmax": 22.8, "day_of_year": 274, "uuid": "ddec8b21-9fb5-40e5-8a27-6a8db6f4e0e2", "inat_id": 187219982}}, {"type": "Feature", "geometry": {"type": "Point", "coordinates": [-108.5180966667, 39.0530778333]}, "properties": {"species": "Coprinus comatus", "date": "2023-10-01", "location": "C 1/2 Rd, Grand Junction, CO, US", "elevation": 1404.0, "num_identification_agreements": 1, "tavg": null, "tmin": 11.1, "tmax": 22.8, "day_of_year": 274, "uuid": "d69b265e-c073-410b-95af-d5699562ba01", "inat_id": 187219744}}, {"type": "Feature", "geometry": {"type": "Point", "coordinates": [-105.8098473794, 39.6903651562]}, "properties": {"species": "Coprinus comatus", "date": "2023-09-17", "location": "Clear Creek County, CO, USA", "elevation": 2995.0, "num_identification_agreements": 1, "tavg": null, "tmin": -0.6, "tmax": 10.4, "day_of_year": 260, "uuid": "d7483276-7be0-4afa-b6e1-3be9a5521a5b", "inat_id": 186779010}}, {"type": "Feature", "geometry": {"type": "Point", "coordinates": [-104.698242, 38.261315]}, "properties": {"species": "Coprinus comatus", "date": "2023-10-07", "location": "Pueblo County, CO, USA", "elevation": 1441.0, "num_identification_agreements": 1, "tavg": null, "tmin": 1.7, "tmax": 21.7, "day_of_year": 280, "uuid": "9b7e1799-c0f2-4296-ab70-95cf965a8000", "inat_id": 186776881}}, {"type": "Feature", "geometry": {"type": "Point", "coordinates": [-105.3887747972, 40.1136762663]}, "properties": {"species": "Coprinus comatus", "date": "2023-10-03", "location": "Spruce St, Jamestown, CO, US", "elevation": 2170.0, "num_identification_agreements": 1, "tavg": null, "tmin": 7.0, "tmax": 19.0, "day_of_year": 276, "uuid": "ed97e023-4554-4d26-b184-506dd564eeac", "inat_id": 186103594}}, {"type": "Feature", "geometry": {"type": "Point", "coordinates": [-105.17578, 39.5835283333]}, "properties": {"species": "Coprinus comatus", "date": "2023-09-30", "location": "Mountain High Ct, Littleton, CO, US", "elevation": 1919.0, "num_identification_agreements": 1, "tavg": null, "tmin": 10.0, "tmax": 30.0, "day_of_year": 273, "uuid": "3aa84b6c-8d6c-4c13-a36e-c90ede032176", "inat_id": 185998448}}, {"type": "Feature", "geometry": {"type": "Point", "coordinates": [-104.857929, 39.822184]}, "properties": {"species": "Coprinus comatus", "date": "2023-10-02", "location": "Adams County, CO, USA", "elevation": 1599.0, "num_identification_agreements": 1, "tavg": null, "tmin": 13.4, "tmax": 23.9, "day_of_year": 275, "uuid": "34d2cd80-876c-4980-975f-048054a9accc", "inat_id": 185984904}}, {"type": "Feature", "geometry": {"type": "Point", "coordinates": [-105.0773, 40.5776033333]}, "properties": {"species": "Coprinus comatus", "date": "2023-09-30", "location": "Colorado State University, Fort Collins, CO, US", "elevation": 1527.0, "num_identification_agreements": 1, "tavg": null, "tmin": 8.9, "tmax": 30.6, "day_of_year": 273, "uuid": "4f83d930-4fe5-4f88-a776-99a1b2314795", "inat_id": 185585692}}, {"type": "Feature", "geometry": {"type": "Point", "coordinates": [-105.0280890386, 38.9665642185]}, "properties": {"species": "Coprinus comatus", "date": "2023-09-29", "location": "Pike and San Isabel National Forests, Woodland Park, CO, US", "elevation": 2513.0, "num_identification_agreements": 2, "tavg": null, "tmin": 10.6, "tmax": 27.2, "day_of_year": 272, "uuid": "42088305-9889-4965-8021-5d359c93fb3b", "inat_id": 185500710}}, {"type": "Feature", "geometry": {"type": "Point", "coordinates": [-105.0651700398, 40.5969757761]}, "properties": {"species": "Coprinus comatus", "date": "2023-09-29", "location": "E Vine Dr, Fort Collins, CO, US", "elevation": 1513.0, "num_identification_agreements": 2, "tavg": null, "tmin": 11.7, "tmax": 27.8, "day_of_year": 272, "uuid": "fa3ae910-b661-424f-a7a3-042e7c8fb0eb", "inat_id": 185418669}}, {"type": "Feature", "geometry": {"type": "Point", "coordinates": [-105.0688333333, 39.8730361111]}, "properties": {"species": "Coprinus comatus", "date": "2023-09-26", "location": "Westcliff & Cambridge, Westminster, CO 80021, USA", "elevation": 1648.0, "num_identification_agreements": 1, "tavg": null, "tmin": 13.0, "tmax": 27.0, "day_of_year": 269, "uuid": "26f7bbeb-9f6f-4278-9560-92fd18d4bf04", "inat_id": 185080296}}, {"type": "Feature", "geometry": {"type": "Point", "coordinates": [-108.2144227624, 37.4170667054]}, "properties": {"species": "Coprinus comatus", "date": "2023-09-21", "location": "Mancos, CO 81328, USA", "elevation": 2565.0, "num_identification_agreements": 1, "tavg": null, "tmin": 12.0, "tmax": 26.0, "day_of_year": 264, "uuid": "bfd1ee3e-792e-4883-ba4e-9cf2ee84fbe6", "inat_id": 184837437}}, {"type": "Feature", "geometry": {"type": "Point", "coordinates": [-103.2014056217, 44.1183905892]}, "properties": {"species": "Coprinus comatus", "date": "2023-09-23", "location": "South Dakota, US", "elevation": 981.0, "num_identification_agreements": 1, "tavg": null, "tmin": 9.0, "tmax": 17.0, "day_of_year": 266, "uuid": "b098c14e-be1b-4411-91f4-cd354030e511", "inat_id": 184588816}}, {"type": "Feature", "geometry": {"type": "Point", "coordinates": [-106.0574416667, 39.47348]}, "properties": {"species": "Coprinus comatus", "date": "2023-09-16", "location": "White River National Forest, Breckenridge, CO, US", "elevation": 3035.0, "num_identification_agreements": 1, "tavg": null, "tmin": 1.7, "tmax": 18.9, "day_of_year": 259, "uuid": "e8754510-fdbb-4085-8141-bbfa2687a61a", "inat_id": 184304826}}, {"type": "Feature", "geometry": {"type": "Point", "coordinates": [-104.5804943986, 38.3063293981]}, "properties": {"species": "Coprinus comatus", "date": "2023-09-18", "location": "Colorado State University, Pueblo, CO, US", "elevation": 1501.0, "num_identification_agreements": 3, "tavg": null, "tmin": 10.6, "tmax": 30.6, "day_of_year": 261, "uuid": "270c813c-c6ae-4d7a-87a1-51603a9b2466", "inat_id": 183986336}}, {"type": "Feature", "geometry": {"type": "Point", "coordinates": [-105.05116311, 40.62633577]}, "properties": {"species": "Coprinus comatus", "date": "2023-09-16", "location": "Richard's Lake, Fort Collins, CO 80524, USA", "elevation": 1552.0, "num_identification_agreements": 2, "tavg": null, "tmin": 7.2, "tmax": 25.0, "day_of_year": 259, "uuid": "22931849-cad5-4c17-a8e6-895f6e5fd179", "inat_id": 183586736}}, {"type": "Feature", "geometry": {"type": "Point", "coordinates": [-105.713383873, 40.8554232179]}, "properties": {"species": "Coprinus comatus", "date": "2023-09-10", "location": "United States", "elevation": 2835.0, "num_identification_agreements": 2, "tavg": null, "tmin": 8.3, "tmax": 18.3, "day_of_year": 253, "uuid": "4cc4ad32-f9e4-48b1-b79b-c5c9a3df4eb5", "inat_id": 182864916}}, {"type": "Feature", "geometry": {"type": "Point", "coordinates": [-107.1629731389, 41.2041988611]}, "properties": {"species": "Coprinus comatus", "date": "2023-09-02", "location": "Carbon County, WY, USA", "elevation": 2610.0, "num_identification_agreements": 2, "tavg": null, "tmin": 9.8, "tmax": 27.1, "day_of_year": 245, "uuid": "e91210b5-508f-4c66-9fe6-494ba4b775fc", "inat_id": 181679595}}, {"type": "Feature", "geometry": {"type": "Point", "coordinates": [-107.8443660248, 39.0670336497]}, "properties": {"species": "Coprinus comatus", "date": "2023-08-30", "location": "Delta County, US-CO, US", "elevation": 3210.0, "num_identification_agreements": 1, "tavg": null, "tmin": 16.2, "tmax": 36.7, "day_of_year": 242, "uuid": "f48b65f1-59d7-4890-a1e2-d3eb5217bff1", "inat_id": 181014051}}, {"type": "Feature", "geometry": {"type": "Point", "coordinates": [-106.2425, 39.5418916667]}, "properties": {"species": "Coprinus comatus", "date": "2023-08-27", "location": "White River National Forest, Frisco, CO, US", "elevation": 3391.0, "num_identification_agreements": 2, "tavg": null, "tmin": 10.0, "tmax": 18.0, "day_of_year": 239, "uuid": "95f17a27-31d0-41a8-ad05-5d765763b0aa", "inat_id": 180769393}}, {"type": "Feature", "geometry": {"type": "Point", "coordinates": [-106.1136390566, 39.5643989997]}, "properties": {"species": "Coprinus comatus", "date": "2023-08-27", "location": "Colorado, US", "elevation": 3243.0, "num_identification_agreements": 3, "tavg": null, "tmin": 10.0, "tmax": 18.0, "day_of_year": 239, "uuid": "466f8d5e-83f6-4ede-a635-e198800e3a00", "inat_id": 180570905}}, {"type": "Feature", "geometry": {"type": "Point", "coordinates": [-106.0685135107, 39.5054403263]}, "properties": {"species": "Coprinus comatus", "date": "2023-08-27", "location": "Colorado, US", "elevation": 2992.0, "num_identification_agreements": 2, "tavg": null, "tmin": 10.0, "tmax": 18.0, "day_of_year": 239, "uuid": "a610a32e-cafc-477b-afd8-2c0846b29aa4", "inat_id": 180570885}}, {"type": "Feature", "geometry": {"type": "Point", "coordinates": [-109.4699707031, 37.6415100098]}, "properties": {"species": "Coprinus comatus", "date": "2023-08-25", "location": "San Juan County, US-UT, US", "elevation": 1875.0, "num_identification_agreements": 1, "tavg": null, "tmin": 14.7, "tmax": 27.6, "day_of_year": 237, "uuid": "ad9b7f15-6c94-44dd-8031-9e937ade61e6", "inat_id": 180541733}}, {"type": "Feature", "geometry": {"type": "Point", "coordinates": [-105.8050084, 39.6913759]}, "properties": {"species": "Coprinus comatus", "date": "2023-08-19", "location": "Bakerville, CO 80435, USA", "elevation": 2999.0, "num_identification_agreements": 1, "tavg": null, "tmin": 4.0, "tmax": 16.1, "day_of_year": 231, "uuid": "57ce93e6-d55b-4e22-a593-f592455b93dc", "inat_id": 180350560}}, {"type": "Feature", "geometry": {"type": "Point", "coordinates": [-104.98742, 39.9101783333]}, "properties": {"species": "Coprinus comatus", "date": "2015-10-06", "location": "E Memorial Pkwy, Northglenn, CO, US", "elevation": 1653.0, "num_identification_agreements": 2, "tavg": null, "tmin": 9.5, "tmax": 14.5, "day_of_year": 279, "uuid": "5fc4138f-5ba2-47e5-87b2-a2ab23326c82", "inat_id": 179629262}}, {"type": "Feature", "geometry": {"type": "Point", "coordinates": [-107.8190833333, 37.9375033333]}, "properties": {"species": "Coprinus comatus", "date": "2023-08-16", "location": "Grand Mesa Uncompahgre and Gunnison National Forests, Telluride, CO, US", "elevation": 2669.0, "num_identification_agreements": 2, "tavg": null, "tmin": 12.0, "tmax": 26.0, "day_of_year": 228, "uuid": "da231a8d-f3ef-4bf8-a10e-fc05f6313704", "inat_id": 178945227}}, {"type": "Feature", "geometry": {"type": "Point", "coordinates": [-107.8190616667, 37.937725]}, "properties": {"species": "Coprinus comatus", "date": "2023-08-16", "location": "Grand Mesa Uncompahgre and Gunnison National Forests, Telluride, CO, US", "elevation": 2669.0, "num_identification_agreements": 1, "tavg": null, "tmin": 12.0, "tmax": 26.0, "day_of_year": 228, "uuid": "889a40de-cbf0-40a6-9802-58223e119cfa", "inat_id": 178837645}}, {"type": "Feature", "geometry": {"type": "Point", "coordinates": [-105.7836616667, 39.8111583333]}, "properties": {"species": "Coprinus comatus", "date": "2021-07-08", "location": "Parshall, CO, US", "elevation": 3385.0, "num_identification_agreements": 1, "tavg": null, "tmin": 6.9, "tmax": 29.6, "day_of_year": 189, "uuid": "953d2579-e3c7-44b8-a80f-749cad46840c", "inat_id": 178118910}}, {"type": "Feature", "geometry": {"type": "Point", "coordinates": [-105.3989333333, 41.2376416667]}, "properties": {"species": "Coprinus comatus", "date": "2023-07-20", "location": "Tie City Trail System, Laramie, WY, US", "elevation": 2720.0, "num_identification_agreements": 1, "tavg": null, "tmin": 10.4, "tmax": 19.1, "day_of_year": 201, "uuid": "1678d197-e35c-4c50-9ac7-600bef49ec15", "inat_id": 174049961}}, {"type": "Feature", "geometry": {"type": "Point", "coordinates": [-105.535348383, 40.1142229677]}, "properties": {"species": "Coprinus comatus", "date": "2023-07-09", "location": "County Road 96, Ward, CO, US", "elevation": 2871.0, "num_identification_agreements": 4, "tavg": null, "tmin": 13.0, "tmax": 27.0, "day_of_year": 190, "uuid": "2917cb06-3c7b-4ff4-b01a-48acac6940f7", "inat_id": 172060677}}, {"type": "Feature", "geometry": {"type": "Point", "coordinates": [-105.0286721667, 39.7432883333]}, "properties": {"species": "Coprinus comatus", "date": "2023-07-08", "location": "Hooker St, Denver, CO, US", "elevation": 1621.0, "num_identification_agreements": 1, "tavg": null, "tmin": 13.2, "tmax": 25.3, "day_of_year": 189, "uuid": "f025eeae-ecdf-4f55-85d7-b08385209fbf", "inat_id": 171773060}}, {"type": "Feature", "geometry": {"type": "Point", "coordinates": [-105.3445408, 39.6016211]}, "properties": {"species": "Coprinus comatus", "date": "2023-06-06", "location": "Evergreen Heights And Estates, CO 80439, USA", "elevation": 2331.0, "num_identification_agreements": 1, "tavg": null, "tmin": 11.0, "tmax": 23.0, "day_of_year": 157, "uuid": "c4027cf2-518b-4eaf-a5f2-393c265d91f0", "inat_id": 170124688}}, {"type": "Feature", "geometry": {"type": "Point", "coordinates": [-105.2953720093, 39.5035095215]}, "properties": {"species": "Coprinus comatus", "date": "2023-06-20", "location": "Jefferson County, US-CO, US", "elevation": 2546.0, "num_identification_agreements": 2, "tavg": null, "tmin": 17.2, "tmax": 27.8, "day_of_year": 171, "uuid": "774bfc97-3a4d-4dd1-bae9-093991802dc5", "inat_id": 168540853}}, {"type": "Feature", "geometry": {"type": "Point", "coordinates": [-103.6716594444, 41.7156666667]}, "properties": {"species": "Coprinus comatus", "date": "2023-06-11", "location": "Scotts Bluff County, NE, USA", "elevation": 1336.0, "num_identification_agreements": 2, "tavg": null, "tmin": 12.6, "tmax": 19.0, "day_of_year": 162, "uuid": "6e70238e-d7f8-4c49-af0a-b92d91b56816", "inat_id": 166892803}}, {"type": "Feature", "geometry": {"type": "Point", "coordinates": [-105.0967778333, 40.406025]}, "properties": {"species": "Coprinus comatus", "date": "2023-05-26", "location": "N Taft Ave, Loveland, CO, US", "elevation": 1536.0, "num_identification_agreements": 1, "tavg": null, "tmin": 11.1, "tmax": 22.8, "day_of_year": 146, "uuid": "61361ba9-3ca7-4ddc-8420-0bfe533cb1b2", "inat_id": 165843585}}, {"type": "Feature", "geometry": {"type": "Point", "coordinates": [-104.8715966667, 38.8627466667]}, "properties": {"species": "Coprinus comatus", "date": "2023-06-04", "location": "Valley Rd, Colorado Springs, CO, US", "elevation": 1903.0, "num_identification_agreements": 1, "tavg": null, "tmin": 9.4, "tmax": 15.3, "day_of_year": 155, "uuid": "a268c25d-c0c1-46fc-b0e2-f28e7372045b", "inat_id": 165646282}}, {"type": "Feature", "geometry": {"type": "Point", "coordinates": [-105.1144157763, 39.9964695574]}, "properties": {"species": "Coprinus comatus", "date": "2023-06-04", "location": "Waneka Lake Park, Lafayette, CO, US", "elevation": 1629.0, "num_identification_agreements": 1, "tavg": null, "tmin": 11.8, "tmax": 14.7, "day_of_year": 155, "uuid": "293e2b56-0e91-4065-a9cf-f3670c822826", "inat_id": 165602294}}, {"type": "Feature", "geometry": {"type": "Point", "coordinates": [-105.1260833333, 39.785495]}, "properties": {"species": "Coprinus comatus", "date": "2023-06-03", "location": "Robb St, Wheat Ridge, CO, US", "elevation": 1659.0, "num_identification_agreements": 2, "tavg": null, "tmin": 12.0, "tmax": 15.0, "day_of_year": 154, "uuid": "8c428120-df0e-4201-8802-894f3a083c6b", "inat_id": 165344304}}, {"type": "Feature", "geometry": {"type": "Point", "coordinates": [-105.127993, 39.774486]}, "properties": {"species": "Coprinus comatus", "date": "2023-06-01", "location": "Fruitdale, Wheat Ridge, CO 80033, USA", "elevation": 1656.0, "num_identification_agreements": 1, "tavg": null, "tmin": 11.0, "tmax": 20.2, "day_of_year": 152, "uuid": "bcf0c8df-b869-466c-b92c-57cddd660ee1", "inat_id": 165087992}}, {"type": "Feature", "geometry": {"type": "Point", "coordinates": [-104.9595716667, 39.6742633333]}, "properties": {"species": "Coprinus comatus", "date": "2023-05-31", "location": "University of Denver, Denver, CO, US", "elevation": 1644.0, "num_identification_agreements": 1, "tavg": null, "tmin": 12.5, "tmax": 24.2, "day_of_year": 151, "uuid": "3cc24480-4b6d-4fbc-89a8-7e27780d341e", "inat_id": 164963907}}, {"type": "Feature", "geometry": {"type": "Point", "coordinates": [-105.0798299338, 39.5199801677]}, "properties": {"species": "Coprinus comatus", "date": "2023-05-01", "location": "Chatfield State Park, Littleton, CO, US", "elevation": 1664.0, "num_identification_agreements": 1, "tavg": null, "tmin": 4.4, "tmax": 21.7, "day_of_year": 121, "uuid": "76b7b6f2-d989-4d2e-814e-bb44947156b2", "inat_id": 164446737}}, {"type": "Feature", "geometry": {"type": "Point", "coordinates": [-105.1224679722, 39.7742679722]}, "properties": {"species": "Coprinus comatus", "date": "2023-05-25", "location": "Fruitdale, Wheat Ridge, CO 80033, USA", "elevation": 1651.0, "num_identification_agreements": 1, "tavg": null, "tmin": 10.0, "tmax": 24.0, "day_of_year": 145, "uuid": "3d9534e4-fa60-48af-a3d5-ab3bc5314de4", "inat_id": 163719321}}, {"type": "Feature", "geometry": {"type": "Point", "coordinates": [-104.960395, 39.7322466667]}, "properties": {"species": "Coprinus comatus", "date": "2023-05-25", "location": "Denver Botanic Gardens, Denver, CO, US", "elevation": 1646.0, "num_identification_agreements": 1, "tavg": null, "tmin": 10.7, "tmax": 23.7, "day_of_year": 145, "uuid": "592e2147-823b-49e4-946c-6a448432f95d", "inat_id": 163684570}}, {"type": "Feature", "geometry": {"type": "Point", "coordinates": [-104.8011352141, 39.7152844602]}, "properties": {"species": "Coprinus comatus", "date": "2023-05-24", "location": "Arapahoe County, US-CO, US", "elevation": 1665.0, "num_identification_agreements": 1, "tavg": null, "tmin": 10.5, "tmax": 21.3, "day_of_year": 144, "uuid": "2ea80fb2-dc98-4623-a99d-8b1d4d5b0111", "inat_id": 163536231}}, {"type": "Feature", "geometry": {"type": "Point", "coordinates": [-105.0944155456, 40.394633459]}, "properties": {"species": "Coprinus comatus", "date": "2023-05-23", "location": "W Fifth St, Loveland, CO, US", "elevation": 1516.0, "num_identification_agreements": 1, "tavg": null, "tmin": 8.9, "tmax": 26.7, "day_of_year": 143, "uuid": "1a0d4a47-10af-416a-9732-05466ed2e0b6", "inat_id": 163324283}}, {"type": "Feature", "geometry": {"type": "Point", "coordinates": [-104.9247366667, 39.745145]}, "properties": {"species": "Coprinus comatus", "date": "2023-05-20", "location": "Grape St, Denver, CO, US", "elevation": 1633.0, "num_identification_agreements": 2, "tavg": null, "tmin": 8.9, "tmax": 18.8, "day_of_year": 140, "uuid": "ec499d32-eb97-4ccc-807e-feb9f1f2f989", "inat_id": 162736650}}, {"type": "Feature", "geometry": {"type": "Point", "coordinates": [-101.6614743322, 41.2247366143]}, "properties": {"species": "Coprinus comatus", "date": "2023-05-20", "location": "Whitetail, NE, USA", "elevation": 953.0, "num_identification_agreements": 1, "tavg": null, "tmin": 4.0, "tmax": 24.0, "day_of_year": 140, "uuid": "b75e7f30-073d-4387-abd1-b5eed924052d", "inat_id": 162644348}}, {"type": "Feature", "geometry": {"type": "Point", "coordinates": [-104.8121109009, 41.1736450195]}, "properties": {"species": "Coprinus comatus", "date": "2023-05-19", "location": "Cheyenne", "elevation": 1873.0, "num_identification_agreements": 1, "tavg": null, "tmin": 6.1, "tmax": 15.6, "day_of_year": 139, "uuid": "b6fe3374-dfca-473f-8519-3e6f33bf8862", "inat_id": 162581149}}, {"type": "Feature", "geometry": {"type": "Point", "coordinates": [-105.038435, 40.5530233333]}, "properties": {"species": "Coprinus comatus", "date": "2023-05-18", "location": "Bucking Horse, Fort Collins, CO 80525, USA", "elevation": 1505.0, "num_identification_agreements": 1, "tavg": null, "tmin": 9.4, "tmax": 18.3, "day_of_year": 138, "uuid": "c426c610-ca53-4b6d-93a5-3c9ed6081e0f", "inat_id": 162349977}}, {"type": "Feature", "geometry": {"type": "Point", "coordinates": [-105.0917805, 40.5766833333]}, "properties": {"species": "Coprinus comatus", "date": "2023-05-05", "location": "Colorado State University, Fort Collins, CO, US", "elevation": 1535.0, "num_identification_agreements": 1, "tavg": null, "tmin": 7.8, "tmax": 23.3, "day_of_year": 125, "uuid": "0b9c754e-1b85-49b7-bfb6-1cc60a551ceb", "inat_id": 162092811}}, {"type": "Feature", "geometry": {"type": "Point", "coordinates": [-105.0942083333, 40.5220611111]}, "properties": {"species": "Coprinus comatus", "date": "2023-05-15", "location": "Longs Peak Student Center, Fort Collins, CO 80526, USA", "elevation": 1552.0, "num_identification_agreements": 1, "tavg": null, "tmin": 9.4, "tmax": 15.0, "day_of_year": 135, "uuid": "6d2b9ba7-3edb-4577-9de0-b263383426f0", "inat_id": 161849596}}, {"type": "Feature", "geometry": {"type": "Point", "coordinates": [-104.78249764, 41.16316606]}, "properties": {"species": "Coprinus comatus", "date": "2023-05-15", "location": "Cheyenne, WY, USA", "elevation": 1842.0, "num_identification_agreements": 1, "tavg": null, "tmin": 7.2, "tmax": 13.9, "day_of_year": 135, "uuid": "514e51d8-785b-45ce-b1a7-171379f3814f", "inat_id": 161814352}}, {"type": "Feature", "geometry": {"type": "Point", "coordinates": [-105.3286270991, 40.1060089969]}, "properties": {"species": "Coprinus comatus", "date": "2023-05-14", "location": "Lefthand Canyon Dr, Boulder, CO, US", "elevation": 1897.0, "num_identification_agreements": 1, "tavg": null, "tmin": 9.0, "tmax": 16.0, "day_of_year": 134, "uuid": "68f2953b-ba3a-4446-b597-92d5cf55b139", "inat_id": 161717035}}, {"type": "Feature", "geometry": {"type": "Point", "coordinates": [-103.7542901596, 41.871502689]}, "properties": {"species": "Coprinus comatus", "date": "2023-05-13", "location": "Nebraska, US", "elevation": 1195.0, "num_identification_agreements": 1, "tavg": null, "tmin": 10.6, "tmax": 17.2, "day_of_year": 133, "uuid": "8f709784-6b56-4b64-9995-8ba2229181a6", "inat_id": 161546464}}, {"type": "Feature", "geometry": {"type": "Point", "coordinates": [-105.2828944444, 39.9988166667]}, "properties": {"species": "Coprinus comatus", "date": "2023-05-13", "location": "Chautauqua, Boulder, CO, USA", "elevation": 1741.0, "num_identification_agreements": 1, "tavg": null, "tmin": 7.0, "tmax": 16.0, "day_of_year": 133, "uuid": "8a1dc089-8282-4584-bc9f-811f81ee188f", "inat_id": 161450297}}, {"type": "Feature", "geometry": {"type": "Point", "coordinates": [-104.969955, 38.0392611667]}, "properties": {"species": "Coprinus comatus", "date": "2023-05-05", "location": "Ridge Rd, Beulah, CO, US", "elevation": 2102.0, "num_identification_agreements": 1, "tavg": null, "tmin": 6.7, "tmax": 24.3, "day_of_year": 125, "uuid": "c3e3fe61-2c22-4162-acac-b19a2e842860", "inat_id": 159981322}}, {"type": "Feature", "geometry": {"type": "Point", "coordinates": [-105.1228333333, 39.8902366667]}, "properties": {"species": "Coprinus comatus", "date": "2023-05-05", "location": "N Quail Ct, Westminster, CO, US", "elevation": 1666.0, "num_identification_agreements": 1, "tavg": null, "tmin": 7.0, "tmax": 22.6, "day_of_year": 125, "uuid": "fcc7aa47-f841-4b25-b1fa-5d1bc776ee71", "inat_id": 159852309}}, {"type": "Feature", "geometry": {"type": "Point", "coordinates": [-104.8786960382, 39.3957713487]}, "properties": {"species": "Coprinus comatus", "date": "2023-05-01", "location": "Skyward Way, Castle Rock, CO, US", "elevation": 1892.0, "num_identification_agreements": 2, "tavg": null, "tmin": 4.4, "tmax": 21.7, "day_of_year": 121, "uuid": "40a9248f-56a6-41b3-a39b-3a5325a34bc3", "inat_id": 158940270}}, {"type": "Feature", "geometry": {"type": "Point", "coordinates": [-105.2643133333, 39.8124]}, "properties": {"species": "Coprinus comatus", "date": "2023-04-30", "location": "White Ranch Park, Golden, CO, US", "elevation": 1961.0, "num_identification_agreements": 3, "tavg": null, "tmin": 7.0, "tmax": 19.0, "day_of_year": 120, "uuid": "9d70dc95-4e77-40f4-af72-7b0ecb801b82", "inat_id": 158477936}}, {"type": "Feature", "geometry": {"type": "Point", "coordinates": [-105.3716366667, 39.48658]}, "properties": {"species": "Coprinus comatus", "date": "2021-07-04", "location": "S Elk Creek Rd, Pine, CO, US", "elevation": 2495.0, "num_identification_agreements": 2, "tavg": null, "tmin": 16.7, "tmax": 30.0, "day_of_year": 185, "uuid": "8e0c669b-cebd-4fa0-b620-527f9571612d", "inat_id": 154040420}}, {"type": "Feature", "geometry": {"type": "Point", "coordinates": [-103.003244719, 42.8379544278]}, "properties": {"species": "Coprinus comatus", "date": "2021-10-13", "location": "Chadron, NE 69337, USA", "elevation": 1035.0, "num_identification_agreements": 1, "tavg": null, "tmin": 0.6, "tmax": 5.6, "day_of_year": 286, "uuid": "5009afc3-12bc-44a1-9c61-22495f8b7205", "inat_id": 152246560}}, {"type": "Feature", "geometry": {"type": "Point", "coordinates": [-103.0000670991, 42.8206343848]}, "properties": {"species": "Coprinus comatus", "date": "2020-10-08", "location": "Chadron, NE 69337, USA", "elevation": 1047.0, "num_identification_agreements": 1, "tavg": null, "tmin": 11.1, "tmax": 32.8, "day_of_year": 282, "uuid": "86bc2b65-9a14-4181-9957-31a10221a408", "inat_id": 152246482}}, {"type": "Feature", "geometry": {"type": "Point", "coordinates": [-104.6064815698, 38.2828830975]}, "properties": {"species": "Coprinus comatus", "date": "2014-10-11", "location": "Mineral Palace, Pueblo, CO 81003, USA", "elevation": 1444.0, "num_identification_agreements": 2, "tavg": null, "tmin": 6.1, "tmax": 18.9, "day_of_year": 284, "uuid": "640ab0c1-72bc-4e81-85ae-d3710a640950", "inat_id": 150139549}}, {"type": "Feature", "geometry": {"type": "Point", "coordinates": [-104.8463883333, 39.3601333333]}, "properties": {"species": "Coprinus comatus", "date": "2022-10-06", "location": "Castle Creek Cir, Castle Rock, CO, US", "elevation": 1914.0, "num_identification_agreements": 1, "tavg": null, "tmin": 5.6, "tmax": 21.1, "day_of_year": 279, "uuid": "6b1a2b09-8ef3-48d5-b64a-54b5617d0040", "inat_id": 149700632}}, {"type": "Feature", "geometry": {"type": "Point", "coordinates": [-104.9601257, 39.7321335]}, "properties": {"species": "Coprinus comatus", "date": "2010-04-29", "location": "1007 York St, Denver, CO 80206, USA", "elevation": 1646.0, "num_identification_agreements": 1, "tavg": null, "tmin": 0.0, "tmax": 7.0, "day_of_year": 119, "uuid": "e76487b2-2440-41d6-8f6f-66696bf80fa5", "inat_id": 148333635}}, {"type": "Feature", "geometry": {"type": "Point", "coordinates": [-104.9153533333, 38.7365]}, "properties": {"species": "Coprinus comatus", "date": "2022-08-24", "location": "Pike and San Isabel National Forests, Colorado Springs, CO, US", "elevation": 2794.0, "num_identification_agreements": 1, "tavg": null, "tmin": 15.0, "tmax": 25.0, "day_of_year": 236, "uuid": "6ea70166-fe5b-4ace-add5-cf8b2d23d6e6", "inat_id": 146245804}}, {"type": "Feature", "geometry": {"type": "Point", "coordinates": [-103.8212666667, 44.3914]}, "properties": {"species": "Coprinus comatus", "date": "2022-09-30", "location": "Black Hills National Forest, Lead, SD, US", "elevation": 1655.0, "num_identification_agreements": 2, "tavg": null, "tmin": 12.0, "tmax": 23.0, "day_of_year": 273, "uuid": "c27dee12-587d-41e9-9bb5-f3988654b8e8", "inat_id": 143725606}}, {"type": "Feature", "geometry": {"type": "Point", "coordinates": [-104.9228833333, 39.5726916667]}, "properties": {"species": "Coprinus comatus", "date": "2022-10-28", "location": "S Holly St, Centennial, CO, US", "elevation": 1745.0, "num_identification_agreements": 2, "tavg": null, "tmin": -2.2, "tmax": 13.9, "day_of_year": 301, "uuid": "faea511c-ba5b-4d77-8645-3870d845f54a", "inat_id": 142509708}}, {"type": "Feature", "geometry": {"type": "Point", "coordinates": [-105.0659790039, 40.5968933105]}, "properties": {"species": "Coprinus comatus", "date": "2022-11-08", "location": "Fort Collins", "elevation": 1513.0, "num_identification_agreements": 2, "tavg": null, "tmin": -1.1, "tmax": 19.4, "day_of_year": 312, "uuid": "a7bbe4e1-51e2-4b41-bca5-8a4e5c9a080f", "inat_id": 141485183}}, {"type": "Feature", "geometry": {"type": "Point", "coordinates": [-105.1185511997, 39.6920779]}, "properties": {"species": "Coprinus comatus", "date": "2022-10-23", "location": "Kendrick Lake, Lakewood, CO, USA", "elevation": 1721.0, "num_identification_agreements": 2, "tavg": null, "tmin": 4.4, "tmax": 18.3, "day_of_year": 296, "uuid": "bfc029cb-a990-468c-bb15-1ef5b7298706", "inat_id": 141299712}}, {"type": "Feature", "geometry": {"type": "Point", "coordinates": [-107.832925, 37.9311361111]}, "properties": {"species": "Coprinus comatus", "date": "2022-08-18", "location": "Mountain Village, CO, USA", "elevation": 3211.0, "num_identification_agreements": 2, "tavg": null, "tmin": 9.0, "tmax": 23.0, "day_of_year": 230, "uuid": "f0835785-6c8d-4d73-88c9-7ba3562db980", "inat_id": 141116031}}, {"type": "Feature", "geometry": {"type": "Point", "coordinates": [-105.0860583333, 40.567345]}, "properties": {"species": "Coprinus comatus", "date": "2022-10-03", "location": "Colorado State University, Fort Collins, CO, US", "elevation": 1530.0, "num_identification_agreements": 2, "tavg": null, "tmin": 9.4, "tmax": 22.2, "day_of_year": 276, "uuid": "61ab90b4-0a53-4401-a892-807606b86858", "inat_id": 140668146}}, {"type": "Feature", "geometry": {"type": "Point", "coordinates": [-105.28067, 40.0153]}, "properties": {"species": "Coprinus comatus", "date": "2022-10-22", "location": "Broadway St, Boulder, CO, US", "elevation": 1636.0, "num_identification_agreements": 4, "tavg": null, "tmin": 9.0, "tmax": 25.0, "day_of_year": 295, "uuid": "b585f19b-a486-428b-8746-72134d030f8d", "inat_id": 140033237}}, {"type": "Feature", "geometry": {"type": "Point", "coordinates": [-107.9803485611, 38.7769602193]}, "properties": {"species": "Coprinus comatus", "date": "2022-10-24", "location": "Bobs Rd, Orchard City, CO, US", "elevation": 1574.0, "num_identification_agreements": 2, "tavg": null, "tmin": 0.2, "tmax": 8.1, "day_of_year": 297, "uuid": "5571568c-a9af-40d2-ab90-f61f405ec416", "inat_id": 139900358}}, {"type": "Feature", "geometry": {"type": "Point", "coordinates": [-105.0962221667, 39.85037]}, "properties": {"species": "Coprinus comatus", "date": "2022-10-23", "location": "Everett Way, Arvada, CO, US", "elevation": 1683.0, "num_identification_agreements": 3, "tavg": null, "tmin": 3.0, "tmax": 20.0, "day_of_year": 296, "uuid": "ad89fe85-b547-45e2-a4f8-6eb789b7142f", "inat_id": 139790813}}, {"type": "Feature", "geometry": {"type": "Point", "coordinates": [-105.0878722222, 40.1889333333]}, "properties": {"species": "Coprinus comatus", "date": "2022-10-23", "location": "Stoney Ridge, Longmont, CO 80504, USA", "elevation": 1544.0, "num_identification_agreements": 2, "tavg": null, "tmin": 6.3, "tmax": 21.6, "day_of_year": 296, "uuid": "cdd74079-b051-4256-bb07-f99d54f881a7", "inat_id": 139775575}}, {"type": "Feature", "geometry": {"type": "Point", "coordinates": [-106.0408471667, 36.1185833333]}, "properties": {"species": "Coprinus comatus", "date": "2022-10-22", "location": "Private Dr 1097, Ohkay Owingeh, NM, US", "elevation": 1737.0, "num_identification_agreements": 1, "tavg": null, "tmin": 8.2, "tmax": 18.0, "day_of_year": 295, "uuid": "618eb163-4130-4213-a881-1c365e4d03cf", "inat_id": 139705375}}, {"type": "Feature", "geometry": {"type": "Point", "coordinates": [-108.4484749967, 37.2795031717]}, "properties": {"species": "Coprinus comatus", "date": "2022-05-21", "location": "Mesa Verde National Park, Montezuma, Colorado, United States", "elevation": 2495.0, "num_identification_agreements": 2, "tavg": null, "tmin": 8.0, "tmax": 20.0, "day_of_year": 141, "uuid": "aab29675-763e-49d5-aeb1-fa5c3405ced0", "inat_id": 139681908}}, {"type": "Feature", "geometry": {"type": "Point", "coordinates": [-105.289755, 40.0422971667]}, "properties": {"species": "Coprinus comatus", "date": "2022-09-27", "location": "Linden Park Dr, Boulder, CO, US", "elevation": 1710.0, "num_identification_agreements": 3, "tavg": null, "tmin": 12.0, "tmax": 23.0, "day_of_year": 270, "uuid": "4aa2186a-489b-47ec-beb9-7f54cdc4056c", "inat_id": 139500761}}, {"type": "Feature", "geometry": {"type": "Point", "coordinates": [-104.9604873778, 39.675656275]}, "properties": {"species": "Coprinus comatus", "date": "2022-10-18", "location": "University of Denver, Denver, CO, US", "elevation": 1648.0, "num_identification_agreements": 2, "tavg": null, "tmin": 3.5, "tmax": 18.4, "day_of_year": 291, "uuid": "c15b5f10-6fde-4374-8192-77f21bcac7a6", "inat_id": 139487892}}, {"type": "Feature", "geometry": {"type": "Point", "coordinates": [-107.8633516667, 38.465015]}, "properties": {"species": "Coprinus comatus", "date": "2022-10-20", "location": "Montrose, CO, USA", "elevation": 1790.0, "num_identification_agreements": 2, "tavg": null, "tmin": 2.2, "tmax": 21.1, "day_of_year": 293, "uuid": "798a274e-55bf-4d79-9082-1779f474c59c", "inat_id": 139466171}}, {"type": "Feature", "geometry": {"type": "Point", "coordinates": [-107.8262402, 37.9327429]}, "properties": {"species": "Coprinus comatus", "date": "2022-10-18", "location": "Mountain Village, CO, USA", "elevation": 2968.0, "num_identification_agreements": 2, "tavg": null, "tmin": 1.0, "tmax": 15.0, "day_of_year": 291, "uuid": "258263b5-10dd-47cc-929b-956532c1be0b", "inat_id": 139258933}}, {"type": "Feature", "geometry": {"type": "Point", "coordinates": [-110.785125, 39.592]}, "properties": {"species": "Coprinus comatus", "date": "2022-10-10", "location": "Fausett Ln, Price, UT, US", "elevation": 1700.0, "num_identification_agreements": 3, "tavg": null, "tmin": 6.7, "tmax": 22.8, "day_of_year": 283, "uuid": "8c5ba951-83bb-41a2-b022-a657426d7a00", "inat_id": 139222300}}, {"type": "Feature", "geometry": {"type": "Point", "coordinates": [-108.546873, 39.1037765]}, "properties": {"species": "Coprinus comatus", "date": "2022-10-16", "location": "Grand Junction, CO 81506, USA", "elevation": 1446.0, "num_identification_agreements": 1, "tavg": null, "tmin": 7.2, "tmax": 20.0, "day_of_year": 289, "uuid": "b123ffbb-a887-46b5-87de-d69d7c7191ad", "inat_id": 139156475}}, {"type": "Feature", "geometry": {"type": "Point", "coordinates": [-108.54295876, 39.09777567]}, "properties": {"species": "Coprinus comatus", "date": "2022-10-16", "location": "Grand Junction, CO 81506, USA", "elevation": 1437.0, "num_identification_agreements": 1, "tavg": null, "tmin": 7.2, "tmax": 20.0, "day_of_year": 289, "uuid": "eafc2814-d050-474b-b7f7-29743ac144f5", "inat_id": 139156340}}, {"type": "Feature", "geometry": {"type": "Point", "coordinates": [-105.1199188232, 40.1894226074]}, "properties": {"species": "Coprinus comatus", "date": "2022-10-17", "location": "Longmont", "elevation": 1540.0, "num_identification_agreements": 2, "tavg": null, "tmin": 1.6, "tmax": 19.2, "day_of_year": 290, "uuid": "47f214a9-df37-491f-b954-e4200a77d02a", "inat_id": 139148238}}, {"type": "Feature", "geometry": {"type": "Point", "coordinates": [-105.0749138333, 40.5707666667]}, "properties": {"species": "Coprinus comatus", "date": "2022-10-16", "location": "Colorado State University, Fort Collins, CO, US", "elevation": 1524.0, "num_identification_agreements": 3, "tavg": null, "tmin": 6.1, "tmax": 16.1, "day_of_year": 289, "uuid": "e14eaf42-59fc-4f40-ae1e-c7e045148471", "inat_id": 139062038}}, {"type": "Feature", "geometry": {"type": "Point", "coordinates": [-104.9650716667, 39.7293283333]}, "properties": {"species": "Coprinus comatus", "date": "2022-09-11", "location": "Cheesman Park, Denver, CO, US", "elevation": 1635.0, "num_identification_agreements": 2, "tavg": null, "tmin": 8.3, "tmax": 25.1, "day_of_year": 254, "uuid": "915190aa-ac3b-4531-97ab-bf0b062ecd92", "inat_id": 138780413}}, {"type": "Feature", "geometry": {"type": "Point", "coordinates": [-108.5640388889, 39.07215]}, "properties": {"species": "Coprinus comatus", "date": "2022-10-13", "location": "Grand Junction, CO 81501, USA", "elevation": 1406.0, "num_identification_agreements": 1, "tavg": null, "tmin": 7.2, "tmax": 23.3, "day_of_year": 286, "uuid": "e7b84aae-5220-48fc-80ae-cf15a73fab0f", "inat_id": 138712822}}, {"type": "Feature", "geometry": {"type": "Point", "coordinates": [-104.8866340434, 38.6616977107]}, "properties": {"species": "Coprinus comatus", "date": "2022-10-11", "location": "Colorado, US", "elevation": 2179.0, "num_identification_agreements": 2, "tavg": null, "tmin": 11.0, "tmax": 22.0, "day_of_year": 284, "uuid": "f50a510f-2d89-489e-bd7c-679b635495b7", "inat_id": 138466440}}, {"type": "Feature", "geometry": {"type": "Point", "coordinates": [-107.8737612548, 38.4701120845]}, "properties": {"species": "Coprinus comatus", "date": "2022-10-11", "location": "Colorado Ave, Montrose, CO, US", "elevation": 1780.0, "num_identification_agreements": 2, "tavg": null, "tmin": 5.6, "tmax": 22.2, "day_of_year": 284, "uuid": "3dc682cc-9e18-4aef-98b2-6bcce730674f", "inat_id": 138452841}}, {"type": "Feature", "geometry": {"type": "Point", "coordinates": [-105.037404187, 39.9251256942]}, "properties": {"species": "Coprinus comatus", "date": "2022-10-11", "location": "Broomfield County, US-CO, US", "elevation": 1608.0, "num_identification_agreements": 2, "tavg": null, "tmin": 8.0, "tmax": 23.0, "day_of_year": 284, "uuid": "c0dce34a-7cf4-4c68-bec1-dd00b07c573b", "inat_id": 138403067}}, {"type": "Feature", "geometry": {"type": "Point", "coordinates": [-110.78512, 39.591995]}, "properties": {"species": "Coprinus comatus", "date": "2022-10-10", "location": "Fausett Ln, Price, UT, US", "elevation": 1700.0, "num_identification_agreements": 3, "tavg": null, "tmin": 6.7, "tmax": 22.8, "day_of_year": 283, "uuid": "dec55683-f36b-4d7f-a038-85e235ef58d4", "inat_id": 138308860}}, {"type": "Feature", "geometry": {"type": "Point", "coordinates": [-107.4635752081, 37.2845307128]}, "properties": {"species": "Coprinus comatus", "date": "2022-10-10", "location": "San Juan National Forest - Headquarters, Bayfield, CO, US", "elevation": 2382.0, "num_identification_agreements": 3, "tavg": null, "tmin": 2.8, "tmax": 17.8, "day_of_year": 283, "uuid": "47016119-78f1-4677-b9d2-c4767d0d761f", "inat_id": 138295996}}, {"type": "Feature", "geometry": {"type": "Point", "coordinates": [-105.087775, 40.5846216667]}, "properties": {"species": "Coprinus comatus", "date": "2022-10-10", "location": "S Loomis Ave, Fort Collins, CO, US", "elevation": 1533.0, "num_identification_agreements": 3, "tavg": null, "tmin": 4.4, "tmax": 25.0, "day_of_year": 283, "uuid": "088b2d1d-2aa3-4c7b-9e55-9f1dcef01dbe", "inat_id": 138277488}}, {"type": "Feature", "geometry": {"type": "Point", "coordinates": [-109.5257797241, 40.4282531738]}, "properties": {"species": "Coprinus comatus", "date": "2022-10-09", "location": "Vernal", "elevation": 1621.0, "num_identification_agreements": 2, "tavg": null, "tmin": 6.7, "tmax": 23.3, "day_of_year": 282, "uuid": "40132ed4-595d-4d70-8376-031cfc294c43", "inat_id": 138201664}}, {"type": "Feature", "geometry": {"type": "Point", "coordinates": [-105.6112966667, 36.0901083333]}, "properties": {"species": "Coprinus comatus", "date": "2022-10-09", "location": "Carson National Forest, Taos, NM, US", "elevation": 2701.0, "num_identification_agreements": 1, "tavg": null, "tmin": 5.6, "tmax": 18.3, "day_of_year": 282, "uuid": "01f53f35-c008-4d3e-8327-a5b54340fcae", "inat_id": 138185562}}, {"type": "Feature", "geometry": {"type": "Point", "coordinates": [-107.80938, 37.4981916667]}, "properties": {"species": "Coprinus comatus", "date": "2022-10-06", "location": "San Juan National Forest - Headquarters, Durango, CO, US", "elevation": 2324.0, "num_identification_agreements": 3, "tavg": null, "tmin": 6.1, "tmax": 18.9, "day_of_year": 279, "uuid": "16103c1e-1a0d-4be0-922e-6e50b4dc5ee9", "inat_id": 138168407}}, {"type": "Feature", "geometry": {"type": "Point", "coordinates": [-105.5933380127, 44.2259521484]}, "properties": {"species": "Coprinus comatus", "date": "2022-10-09", "location": "Campbell County, US-WY, US", "elevation": 1457.0, "num_identification_agreements": 1, "tavg": null, "tmin": 0.0, "tmax": 23.3, "day_of_year": 282, "uuid": "9cad9956-1641-4b9c-933e-5e089ce7a062", "inat_id": 138146262}}, {"type": "Feature", "geometry": {"type": "Point", "coordinates": [-105.0975908599, 39.6614028811]}, "properties": {"species": "Coprinus comatus", "date": "2022-10-08", "location": "Bear Creek, Lakewood, CO, USA", "elevation": 1663.0, "num_identification_agreements": 2, "tavg": null, "tmin": 3.3, "tmax": 17.8, "day_of_year": 281, "uuid": "7c24046e-4af9-446c-8968-d86ee04ea361", "inat_id": 138118159}}, {"type": "Feature", "geometry": {"type": "Point", "coordinates": [-104.9476383333, 39.71182]}, "properties": {"species": "Coprinus comatus", "date": "2022-10-07", "location": "E Cherry Creek North Dr, Denver, CO, US", "elevation": 1625.0, "num_identification_agreements": 2, "tavg": null, "tmin": 8.1, "tmax": 12.7, "day_of_year": 280, "uuid": "4e0a80b7-f899-4121-bcfd-0550b62bec0e", "inat_id": 138070875}}, {"type": "Feature", "geometry": {"type": "Point", "coordinates": [-104.9620359851, 40.1216200057]}, "properties": {"species": "Coprinus comatus", "date": "2022-10-08", "location": "Egret Dr, Frederick, CO, US", "elevation": 1507.0, "num_identification_agreements": 2, "tavg": null, "tmin": 2.5, "tmax": 18.4, "day_of_year": 281, "uuid": "db1f3914-81e4-4141-93cf-35483ffc0ec4", "inat_id": 138039831}}, {"type": "Feature", "geometry": {"type": "Point", "coordinates": [-108.1860656738, 43.6934585571]}, "properties": {"species": "Coprinus comatus", "date": "2022-10-08", "location": "Thermopolis", "elevation": 1318.0, "num_identification_agreements": 2, "tavg": null, "tmin": 0.0, "tmax": 19.0, "day_of_year": 281, "uuid": "5ea2df0e-1282-4e81-a910-acf7460af8a7", "inat_id": 138037071}}, {"type": "Feature", "geometry": {"type": "Point", "coordinates": [-105.1359945, 40.1669466667]}, "properties": {"species": "Coprinus comatus", "date": "2022-10-08", "location": "Golden Ponds Nature Area, Longmont, CO, US", "elevation": 1522.0, "num_identification_agreements": 2, "tavg": null, "tmin": 4.7, "tmax": 19.9, "day_of_year": 281, "uuid": "98d90e1f-7348-4fb8-b934-c72cd9eab17e", "inat_id": 138014715}}, {"type": "Feature", "geometry": {"type": "Point", "coordinates": [-105.1020423748, 40.1830461542]}, "properties": {"species": "Coprinus comatus", "date": "2022-10-08", "location": "Main St, Longmont, CO, US", "elevation": 1530.0, "num_identification_agreements": 2, "tavg": null, "tmin": 4.7, "tmax": 19.9, "day_of_year": 281, "uuid": "9b320a50-7f0a-41a7-8978-311f51de5879", "inat_id": 137996199}}, {"type": "Feature", "geometry": {"type": "Point", "coordinates": [-104.8835983276, 39.4956512451]}, "properties": {"species": "Coprinus comatus", "date": "2022-10-08", "location": "Castle Rock", "elevation": 1921.0, "num_identification_agreements": 2, "tavg": null, "tmin": 3.3, "tmax": 17.8, "day_of_year": 281, "uuid": "f93f357a-4c81-4912-9397-de7e52367924", "inat_id": 137978860}}, {"type": "Feature", "geometry": {"type": "Point", "coordinates": [-105.0529708862, 40.5488586426]}, "properties": {"species": "Coprinus comatus", "date": "2022-10-07", "location": "Fort Collins", "elevation": 1518.0, "num_identification_agreements": 2, "tavg": null, "tmin": 3.9, "tmax": 10.6, "day_of_year": 280, "uuid": "0c6308e9-d63a-4aa2-92e9-aa55eb539f61", "inat_id": 137911750}}, {"type": "Feature", "geometry": {"type": "Point", "coordinates": [-107.951745, 37.271705]}, "properties": {"species": "Coprinus comatus", "date": "2022-10-07", "location": "Morning Star Dr, Durango, CO, US", "elevation": 2312.0, "num_identification_agreements": 2, "tavg": null, "tmin": 5.6, "tmax": 18.9, "day_of_year": 280, "uuid": "a4dcd377-0ae0-4535-a1ff-501e891bfbc1", "inat_id": 137908949}}, {"type": "Feature", "geometry": {"type": "Point", "coordinates": [-105.2510383333, 40.0378]}, "properties": {"species": "Coprinus comatus", "date": "2022-10-07", "location": "Penrose Pl, Boulder, CO, US", "elevation": 1625.0, "num_identification_agreements": 3, "tavg": null, "tmin": 3.0, "tmax": 11.0, "day_of_year": 280, "uuid": "955cf715-6950-44a3-9bc6-65e827edec85", "inat_id": 137888384}}, {"type": "Feature", "geometry": {"type": "Point", "coordinates": [-105.9550633333, 35.6431783333]}, "properties": {"species": "Coprinus comatus", "date": "2022-10-07", "location": "Sawmill Rd, Santa Fe, NM, US", "elevation": 2094.0, "num_identification_agreements": 1, "tavg": null, "tmin": 7.2, "tmax": 15.6, "day_of_year": 280, "uuid": "0d02344d-7854-4041-827c-1c60d178bf30", "inat_id": 137885088}}, {"type": "Feature", "geometry": {"type": "Point", "coordinates": [-105.9551616667, 35.642925]}, "properties": {"species": "Coprinus comatus", "date": "2022-10-07", "location": "Sawmill Rd, Santa Fe, NM, US", "elevation": 2094.0, "num_identification_agreements": 2, "tavg": null, "tmin": 7.2, "tmax": 15.6, "day_of_year": 280, "uuid": "0b4328bf-6e8b-4cee-ba7f-b9018fc257a4", "inat_id": 137884922}}, {"type": "Feature", "geometry": {"type": "Point", "coordinates": [-106.3715438843, 35.8329849243]}, "properties": {"species": "Coprinus comatus", "date": "2022-10-07", "location": "Los Alamos County, US-NM, US", "elevation": 2474.0, "num_identification_agreements": 1, "tavg": null, "tmin": 6.7, "tmax": 15.1, "day_of_year": 280, "uuid": "a8ceba5f-c6c2-40a4-9b17-eeda852ffa0a", "inat_id": 137879761}}, {"type": "Feature", "geometry": {"type": "Point", "coordinates": [-104.9581833333, 39.7441616667]}, "properties": {"species": "Coprinus comatus", "date": "2022-10-06", "location": "City Park, Denver, CO, US", "elevation": 1618.0, "num_identification_agreements": 1, "tavg": null, "tmin": 7.4, "tmax": 19.7, "day_of_year": 279, "uuid": "84db17e1-fd35-4d87-bf07-a12fe316ccf8", "inat_id": 137856568}}, {"type": "Feature", "geometry": {"type": "Point", "coordinates": [-105.0176471667, 39.8466]}, "properties": {"species": "Coprinus comatus", "date": "2022-10-05", "location": "W 82nd Pl, Westminster, CO, US", "elevation": 1672.0, "num_identification_agreements": 2, "tavg": null, "tmin": 9.0, "tmax": 19.0, "day_of_year": 278, "uuid": "589b39bc-8df6-46d5-bae9-3961093808c9", "inat_id": 137810966}}, {"type": "Feature", "geometry": {"type": "Point", "coordinates": [-105.0844238413, 40.5909991445]}, "properties": {"species": "Coprinus comatus", "date": "2022-10-06", "location": "Maple St, Fort Collins, CO, US", "elevation": 1528.0, "num_identification_agreements": 2, "tavg": null, "tmin": 5.0, "tmax": 22.8, "day_of_year": 279, "uuid": "a5146171-641e-4769-a599-e56d1b62e9a2", "inat_id": 137810124}}, {"type": "Feature", "geometry": {"type": "Point", "coordinates": [-105.2338166667, 39.7670133333]}, "properties": {"species": "Coprinus comatus", "date": "2022-10-05", "location": "N Rubey Dr, Golden, CO, US", "elevation": 1794.0, "num_identification_agreements": 1, "tavg": null, "tmin": 9.0, "tmax": 19.0, "day_of_year": 278, "uuid": "f02779e3-9221-42c4-8bfc-ad2a30cde05e", "inat_id": 137804974}}, {"type": "Feature", "geometry": {"type": "Point", "coordinates": [-105.2124527341, 39.7470569963]}, "properties": {"species": "Coprinus comatus", "date": "2022-10-05", "location": "Jackson St, Golden, CO, US", "elevation": 1754.0, "num_identification_agreements": 3, "tavg": null, "tmin": 9.0, "tmax": 19.0, "day_of_year": 278, "uuid": "da4a1b52-4a11-4bea-8e53-2da1d58c5193", "inat_id": 137688593}}, {"type": "Feature", "geometry": {"type": "Point", "coordinates": [-107.8778133263, 37.918127873]}, "properties": {"species": "Coprinus comatus", "date": "2022-10-04", "location": "San Miguel County, US-CO, US", "elevation": 2921.0, "num_identification_agreements": 3, "tavg": null, "tmin": 3.0, "tmax": 15.0, "day_of_year": 277, "uuid": "8327720e-b772-43da-9eb7-eb9875bccbd4", "inat_id": 137653682}}, {"type": "Feature", "geometry": {"type": "Point", "coordinates": [-105.0390728563, 40.5740327245]}, "properties": {"species": "Coprinus comatus", "date": "2022-10-03", "location": "Fort Collins, CO 80525, USA", "elevation": 1500.0, "num_identification_agreements": 2, "tavg": null, "tmin": 9.4, "tmax": 22.2, "day_of_year": 276, "uuid": "4af64c50-fece-4141-937d-be13c908e0dd", "inat_id": 137626318}}, {"type": "Feature", "geometry": {"type": "Point", "coordinates": [-104.8715133333, 38.863]}, "properties": {"species": "Coprinus comatus", "date": "2022-10-04", "location": "Valley Rd, Colorado Springs, CO, US", "elevation": 1903.0, "num_identification_agreements": 2, "tavg": null, "tmin": 7.8, "tmax": 18.1, "day_of_year": 277, "uuid": "c0c03686-adaa-4f33-9794-f1fa871c6cb3", "inat_id": 137581953}}, {"type": "Feature", "geometry": {"type": "Point", "coordinates": [-104.9122349639, 39.6895045555]}, "properties": {"species": "Coprinus comatus", "date": "2022-10-04", "location": "Cook Park Recreation Center, Denver, CO, US", "elevation": 1650.0, "num_identification_agreements": 2, "tavg": null, "tmin": 8.4, "tmax": 18.0, "day_of_year": 277, "uuid": "b88d1677-4dcf-4bb1-92b2-4a768bd0817a", "inat_id": 137544393}}, {"type": "Feature", "geometry": {"type": "Point", "coordinates": [-104.912175201, 39.689575634]}, "properties": {"species": "Coprinus comatus", "date": "2022-10-04", "location": "Cook Park Recreation Center, Denver, CO, US", "elevation": 1650.0, "num_identification_agreements": 2, "tavg": null, "tmin": 8.4, "tmax": 18.0, "day_of_year": 277, "uuid": "428a7d43-8fe8-42fd-80bc-40afa035af32", "inat_id": 137544234}}, {"type": "Feature", "geometry": {"type": "Point", "coordinates": [-105.0809618904, 40.5707832732]}, "properties": {"species": "Coprinus comatus", "date": "2022-10-03", "location": "Colorado State University, Fort Collins, CO, US", "elevation": 1529.0, "num_identification_agreements": 2, "tavg": null, "tmin": 9.4, "tmax": 22.2, "day_of_year": 276, "uuid": "0344031b-8d51-4c2d-a797-3abc438a51db", "inat_id": 137443361}}, {"type": "Feature", "geometry": {"type": "Point", "coordinates": [-107.8845908934, 38.4726235723]}, "properties": {"species": "Coprinus comatus", "date": "2022-10-03", "location": "Cerise Park, Montrose, CO, US", "elevation": 1767.0, "num_identification_agreements": 3, "tavg": null, "tmin": 5.0, "tmax": 18.3, "day_of_year": 276, "uuid": "db5be285-da1d-47b8-a978-4a0ef2947fdb", "inat_id": 137422821}}, {"type": "Feature", "geometry": {"type": "Point", "coordinates": [-107.3285350386, 39.5473463519]}, "properties": {"species": "Coprinus comatus", "date": "2022-10-02", "location": "Seventh St, Glenwood Springs, CO, US", "elevation": 1758.0, "num_identification_agreements": 1, "tavg": null, "tmin": -1.7, "tmax": 9.3, "day_of_year": 275, "uuid": "e0388c28-6e52-4f5e-a6ab-2dc9c23da095", "inat_id": 137353708}}, {"type": "Feature", "geometry": {"type": "Point", "coordinates": [-105.0755166667, 40.6155316667]}, "properties": {"species": "Coprinus comatus", "date": "2022-10-02", "location": "Poudre Valley Mobile Home Park, Colorado 80524, USA", "elevation": 1524.0, "num_identification_agreements": 2, "tavg": null, "tmin": 7.8, "tmax": 22.2, "day_of_year": 275, "uuid": "11d6b473-91ee-4c76-b98e-05813359ae2a", "inat_id": 137325961}}, {"type": "Feature", "geometry": {"type": "Point", "coordinates": [-106.8293228149, 40.5552978516]}, "properties": {"species": "Coprinus comatus", "date": "2022-10-02", "location": "Steamboat Springs", "elevation": 2475.0, "num_identification_agreements": 2, "tavg": null, "tmin": 6.0, "tmax": 16.7, "day_of_year": 275, "uuid": "0587cddb-3d1c-4f14-9101-feaa6269dfe0", "inat_id": 137322335}}, {"type": "Feature", "geometry": {"type": "Point", "coordinates": [-105.0760212913, 40.4966984629]}, "properties": {"species": "Coprinus comatus", "date": "2022-10-02", "location": "Old Town West, Fort Collins, CO, USA", "elevation": 1527.0, "num_identification_agreements": 2, "tavg": null, "tmin": 7.8, "tmax": 22.2, "day_of_year": 275, "uuid": "4342931a-7a35-4688-a8b1-1baf4a1fb234", "inat_id": 137321706}}, {"type": "Feature", "geometry": {"type": "Point", "coordinates": [-107.2423490832, 37.5234106368]}, "properties": {"species": "Coprinus comatus", "date": "2022-10-01", "location": "Hinsdale County, CO, USA", "elevation": 2725.0, "num_identification_agreements": 2, "tavg": null, "tmin": 7.0, "tmax": 20.0, "day_of_year": 274, "uuid": "cb8d710e-6928-4a7d-9f28-5215ab6a089d", "inat_id": 137290821}}, {"type": "Feature", "geometry": {"type": "Point", "coordinates": [-104.8318992894, 39.0893394697]}, "properties": {"species": "Coprinus comatus", "date": "2022-10-01", "location": "Woodmoor, CO 80132, USA", "elevation": 2247.0, "num_identification_agreements": 3, "tavg": null, "tmin": 6.3, "tmax": 20.8, "day_of_year": 274, "uuid": "04ddf59d-9449-4a15-9060-9bac063f7b0a", "inat_id": 137173022}}, {"type": "Feature", "geometry": {"type": "Point", "coordinates": [-105.2513857931, 40.0113305183]}, "properties": {"species": "Coprinus comatus", "date": "2022-09-29", "location": "Baseline Sub, Boulder, CO, USA", "elevation": 1610.0, "num_identification_agreements": 2, "tavg": null, "tmin": 12.0, "tmax": 28.0, "day_of_year": 272, "uuid": "5089d557-1e31-41be-8421-b4b59d3e4dd7", "inat_id": 137163486}}, {"type": "Feature", "geometry": {"type": "Point", "coordinates": [-107.8543944444, 37.2817277778]}, "properties": {"species": "Coprinus comatus", "date": "2022-09-30", "location": "Durango, CO, USA", "elevation": 2094.0, "num_identification_agreements": 2, "tavg": null, "tmin": 5.6, "tmax": 23.9, "day_of_year": 273, "uuid": "24cf9944-a149-415b-ac21-e39309de262a", "inat_id": 137045718}}, {"type": "Feature", "geometry": {"type": "Point", "coordinates": [-105.1457138333, 40.0190111667]}, "properties": {"species": "Coprinus comatus", "date": "2022-09-30", "location": "Park Lake Dr, Lafayette, CO, US", "elevation": 1603.0, "num_identification_agreements": 2, "tavg": null, "tmin": 11.0, "tmax": 25.0, "day_of_year": 273, "uuid": "86ebf146-544f-490b-9a26-8b410e116ca9", "inat_id": 137028882}}, {"type": "Feature", "geometry": {"type": "Point", "coordinates": [-105.1457138333, 40.0190111667]}, "properties": {"species": "Coprinus comatus", "date": "2022-09-30", "location": "Park Lake Dr, Lafayette, CO, US", "elevation": 1603.0, "num_identification_agreements": 1, "tavg": null, "tmin": 11.0, "tmax": 25.0, "day_of_year": 273, "uuid": "cf8d9d0b-963e-4c6b-83f1-cfcfd560616d", "inat_id": 137028816}}, {"type": "Feature", "geometry": {"type": "Point", "coordinates": [-105.1457138333, 40.0190111667]}, "properties": {"species": "Coprinus comatus", "date": "2022-09-30", "location": "Park Lake Dr, Lafayette, CO, US", "elevation": 1603.0, "num_identification_agreements": 1, "tavg": null, "tmin": 11.0, "tmax": 25.0, "day_of_year": 273, "uuid": "15e538ba-a741-47cb-88b1-2b824a5d0d51", "inat_id": 137028758}}, {"type": "Feature", "geometry": {"type": "Point", "coordinates": [-105.2897116667, 40.042325]}, "properties": {"species": "Coprinus comatus", "date": "2022-09-29", "location": "Linden Park Dr, Boulder, CO, US", "elevation": 1710.0, "num_identification_agreements": 1, "tavg": null, "tmin": 12.0, "tmax": 28.0, "day_of_year": 272, "uuid": "c1bf1fbd-62e5-4416-ad57-6edc019baa5c", "inat_id": 136996156}}, {"type": "Feature", "geometry": {"type": "Point", "coordinates": [-105.2897866667, 40.0423611667]}, "properties": {"species": "Coprinus comatus", "date": "2022-09-29", "location": "Wonderland Hill Ave, Boulder, CO, US", "elevation": 1710.0, "num_identification_agreements": 1, "tavg": null, "tmin": 12.0, "tmax": 28.0, "day_of_year": 272, "uuid": "d29ef054-f959-4c68-a334-d39311397588", "inat_id": 136996138}}, {"type": "Feature", "geometry": {"type": "Point", "coordinates": [-105.0353305, 39.9848366667]}, "properties": {"species": "Coprinus comatus", "date": "2022-09-26", "location": "Lowell Blvd, Broomfield, CO, US", "elevation": 1606.0, "num_identification_agreements": 1, "tavg": null, "tmin": 5.5, "tmax": 28.0, "day_of_year": 269, "uuid": "0cab5da4-6aeb-42ac-841a-09540768b207", "inat_id": 136762404}}, {"type": "Feature", "geometry": {"type": "Point", "coordinates": [-104.7857132554, 39.4365203377]}, "properties": {"species": "Coprinus comatus", "date": "2022-09-26", "location": "Rialto Dr, Parker, CO, US", "elevation": 1890.0, "num_identification_agreements": 2, "tavg": null, "tmin": 8.9, "tmax": 25.6, "day_of_year": 269, "uuid": "177b40f4-b2fa-4859-922e-926585582ea8", "inat_id": 136605358}}, {"type": "Feature", "geometry": {"type": "Point", "coordinates": [-106.0410166667, 36.1221916667]}, "properties": {"species": "Coprinus comatus", "date": "2022-09-25", "location": "County Road 57, Ohkay Owingeh, NM, US", "elevation": 1741.0, "num_identification_agreements": 1, "tavg": null, "tmin": 12.9, "tmax": 22.5, "day_of_year": 268, "uuid": "f9e8e058-67a5-499d-bbd4-85bb40567f0b", "inat_id": 136507872}}, {"type": "Feature", "geometry": {"type": "Point", "coordinates": [-105.0986616871, 40.5598760655]}, "properties": {"species": "Coprinus comatus", "date": "2022-09-24", "location": "Rolland Moore Park, Fort Collins, CO, US", "elevation": 1536.0, "num_identification_agreements": 1, "tavg": null, "tmin": 7.2, "tmax": 27.8, "day_of_year": 267, "uuid": "706f8b16-ed0f-463d-9119-0dc027152b5f", "inat_id": 136308175}}, {"type": "Feature", "geometry": {"type": "Point", "coordinates": [-105.0672149658, 39.8731040955]}, "properties": {"species": "Coprinus comatus", "date": "2022-09-23", "location": "Westminster", "elevation": 1652.0, "num_identification_agreements": 2, "tavg": null, "tmin": 10.0, "tmax": 27.0, "day_of_year": 266, "uuid": "3bc04d3c-3005-46c9-9bd0-578501551610", "inat_id": 136185579}}, {"type": "Feature", "geometry": {"type": "Point", "coordinates": [-105.0677028333, 39.583855]}, "properties": {"species": "Coprinus comatus", "date": "2022-09-19", "location": "S Newland St, Littleton, CO, US", "elevation": 1683.0, "num_identification_agreements": 2, "tavg": null, "tmin": 12.2, "tmax": 29.4, "day_of_year": 262, "uuid": "bd034c40-98db-4362-8a98-dd99f8d3714d", "inat_id": 135799245}}, {"type": "Feature", "geometry": {"type": "Point", "coordinates": [-105.7616543432, 39.8900779901]}, "properties": {"species": "Coprinus comatus", "date": "2022-09-18", "location": "Winter Park, CO 80482, USA", "elevation": 2778.0, "num_identification_agreements": 2, "tavg": null, "tmin": -0.9, "tmax": 13.3, "day_of_year": 261, "uuid": "274172ac-8778-4e50-93ba-02f734d8a9d5", "inat_id": 135610228}}, {"type": "Feature", "geometry": {"type": "Point", "coordinates": [-105.6156916667, 40.3514866667]}, "properties": {"species": "Coprinus comatus", "date": "2021-05-31", "location": "Rocky Mountain National Park, Estes Park, CO, US", "elevation": 2474.0, "num_identification_agreements": 3, "tavg": null, "tmin": 2.5, "tmax": 16.0, "day_of_year": 151, "uuid": "10ecf939-b2d7-4a8d-a72f-6aa5ef4023c7", "inat_id": 134954010}}, {"type": "Feature", "geometry": {"type": "Point", "coordinates": [-108.0706868693, 37.8982459223]}, "properties": {"species": "Coprinus comatus", "date": "2022-08-21", "location": "Placerville, CO 81430, USA", "elevation": 2883.0, "num_identification_agreements": 3, "tavg": null, "tmin": 9.0, "tmax": 17.0, "day_of_year": 233, "uuid": "0b9b16d6-11f9-4e37-a7bd-a56d978701e2", "inat_id": 134881810}}, {"type": "Feature", "geometry": {"type": "Point", "coordinates": [-107.8265872, 37.929326]}, "properties": {"species": "Coprinus comatus", "date": "2022-08-16", "location": "Mountain Village, CO, USA", "elevation": 3075.0, "num_identification_agreements": 2, "tavg": null, "tmin": 11.0, "tmax": 17.0, "day_of_year": 228, "uuid": "bbd54d57-6fca-48c0-a81d-b1309b65f2ff", "inat_id": 134347412}}, {"type": "Feature", "geometry": {"type": "Point", "coordinates": [-107.8324922, 37.9303724]}, "properties": {"species": "Coprinus comatus", "date": "2022-08-16", "location": "Mountain Village, CO, USA", "elevation": 3211.0, "num_identification_agreements": 3, "tavg": null, "tmin": 11.0, "tmax": 17.0, "day_of_year": 228, "uuid": "cf448408-d943-42b4-9120-843f0a04c1ba", "inat_id": 134347407}}, {"type": "Feature", "geometry": {"type": "Point", "coordinates": [-106.0442199558, 39.6007779817]}, "properties": {"species": "Coprinus comatus", "date": "2022-09-07", "location": "Keystone, CO 80435, USA", "elevation": 2785.0, "num_identification_agreements": 2, "tavg": null, "tmin": 11.9, "tmax": 23.0, "day_of_year": 250, "uuid": "bdb03a45-137b-4780-91ca-2eb6a23c010f", "inat_id": 134089265}}, {"type": "Feature", "geometry": {"type": "Point", "coordinates": [-106.0718841553, 38.5083312988]}, "properties": {"species": "Coprinus comatus", "date": "2022-09-07", "location": "Poncha Springs", "elevation": 2302.0, "num_identification_agreements": 2, "tavg": null, "tmin": 13.2, "tmax": 29.5, "day_of_year": 250, "uuid": "bb3e921f-badc-4a55-a697-0f42110eaa97", "inat_id": 134078753}}, {"type": "Feature", "geometry": {"type": "Point", "coordinates": [-105.0569303334, 38.9939835162]}, "properties": {"species": "Coprinus comatus", "date": "2022-08-28", "location": "Woodland Park", "elevation": 2596.0, "num_identification_agreements": 2, "tavg": null, "tmin": 12.1, "tmax": 27.9, "day_of_year": 240, "uuid": "9202c926-211b-4571-9663-b4e41d64229c", "inat_id": 134045582}}, {"type": "Feature", "geometry": {"type": "Point", "coordinates": [-106.5979783333, 37.6078533333]}, "properties": {"species": "Coprinus comatus", "date": "2022-09-06", "location": "Rio Grande National Forest, South Fork, CO, US", "elevation": 3127.0, "num_identification_agreements": 2, "tavg": null, "tmin": 11.8, "tmax": 29.0, "day_of_year": 249, "uuid": "b80b1c16-c9e0-48dd-8f97-de2456cfdcf8", "inat_id": 133945510}}, {"type": "Feature", "geometry": {"type": "Point", "coordinates": [-105.5675133333, 36.4022333333]}, "properties": {"species": "Coprinus comatus", "date": "2022-09-04", "location": "Kit Carson Rd, Taos, NM, US", "elevation": 2126.0, "num_identification_agreements": 1, "tavg": null, "tmin": 7.2, "tmax": 28.3, "day_of_year": 247, "uuid": "33ae7f71-c721-4e5b-ab6c-d2a61cf09fa7", "inat_id": 133918096}}, {"type": "Feature", "geometry": {"type": "Point", "coordinates": [-107.9173666667, 37.3360666667]}, "properties": {"species": "Coprinus comatus", "date": "2022-09-05", "location": "San Juan National Forest - Headquarters, Hesperus, CO, US", "elevation": 2203.0, "num_identification_agreements": 2, "tavg": null, "tmin": 8.9, "tmax": 33.9, "day_of_year": 248, "uuid": "774d101d-85f1-4f26-8673-3bfe436c45df", "inat_id": 133837858}}, {"type": "Feature", "geometry": {"type": "Point", "coordinates": [-105.068640957, 38.1173866606]}, "properties": {"species": "Coprinus comatus", "date": "2021-07-11", "location": "Colorado, US", "elevation": 2316.0, "num_identification_agreements": 2, "tavg": null, "tmin": null, "tmax": null, "day_of_year": 192, "uuid": "b308f724-2d74-4bf5-af93-5c300028d377", "inat_id": 133791229}}, {"type": "Feature", "geometry": {"type": "Point", "coordinates": [-105.7971716667, 35.791595]}, "properties": {"species": "Coprinus comatus", "date": "2022-09-03", "location": "Ski Santa Fe, Santa Fe, NM, US", "elevation": 3252.0, "num_identification_agreements": 1, "tavg": null, "tmin": 13.3, "tmax": 27.2, "day_of_year": 246, "uuid": "51a24e5f-04ef-42fc-bee7-2581dc068bb0", "inat_id": 133578836}}, {"type": "Feature", "geometry": {"type": "Point", "coordinates": [-105.14985, 39.6013533333]}, "properties": {"species": "Coprinus comatus", "date": "2022-09-02", "location": "W Coal Mine Dr, Littleton, CO, US", "elevation": 1811.0, "num_identification_agreements": 2, "tavg": null, "tmin": 16.1, "tmax": 31.1, "day_of_year": 245, "uuid": "dd648b3e-e5f0-46bb-a6f3-a5efbc6e015e", "inat_id": 133337579}}, {"type": "Feature", "geometry": {"type": "Point", "coordinates": [-105.38192, 39.4974883333]}, "properties": {"species": "Coprinus comatus", "date": "2022-09-01", "location": "Staunton State Park, Pine, CO, US", "elevation": 2511.0, "num_identification_agreements": 2, "tavg": null, "tmin": 13.9, "tmax": 31.1, "day_of_year": 244, "uuid": "34836fb8-563d-43bd-8f9f-be114d67cf5b", "inat_id": 133332738}}, {"type": "Feature", "geometry": {"type": "Point", "coordinates": [-104.8747471426, 39.6054747534]}, "properties": {"species": "Coprinus comatus", "date": "2022-09-01", "location": "E Maplewood Ave, Englewood, CO, US", "elevation": 1741.0, "num_identification_agreements": 2, "tavg": null, "tmin": 13.9, "tmax": 31.1, "day_of_year": 244, "uuid": "9d4685d6-76bb-4366-a063-4b0d0e14bc0f", "inat_id": 133272108}}, {"type": "Feature", "geometry": {"type": "Point", "coordinates": [-105.7904739518, 39.9355388262]}, "properties": {"species": "Coprinus comatus", "date": "2022-09-01", "location": "Fraser, CO, US", "elevation": 2667.0, "num_identification_agreements": 2, "tavg": null, "tmin": 1.0, "tmax": 13.4, "day_of_year": 244, "uuid": "034638d7-5059-4db4-9ee3-8197b7c55a51", "inat_id": 133245305}}, {"type": "Feature", "geometry": {"type": "Point", "coordinates": [-107.8128888889, 37.9352138889]}, "properties": {"species": "Coprinus comatus", "date": "2022-08-18", "location": "Telluride, CO 81435, USA", "elevation": 2721.0, "num_identification_agreements": 2, "tavg": null, "tmin": 9.0, "tmax": 23.0, "day_of_year": 230, "uuid": "e708c6da-c55b-4e0e-bb03-3a9f57b37434", "inat_id": 133166517}}, {"type": "Feature", "geometry": {"type": "Point", "coordinates": [-105.512336731, 39.968536377]}, "properties": {"species": "Coprinus comatus", "date": "2022-08-31", "location": "Nederland", "elevation": 2593.0, "num_identification_agreements": 2, "tavg": null, "tmin": 17.0, "tmax": 33.0, "day_of_year": 243, "uuid": "9662f3c3-3816-4c6b-9508-4af2c314d11a", "inat_id": 133121597}}, {"type": "Feature", "geometry": {"type": "Point", "coordinates": [-106.399526725, 35.9157850693]}, "properties": {"species": "Coprinus comatus", "date": "2022-08-19", "location": "Los Alamos County, NM, USA", "elevation": 2904.0, "num_identification_agreements": 2, "tavg": null, "tmin": 13.8, "tmax": 22.7, "day_of_year": 231, "uuid": "58714339-92a5-47de-8c27-ea2cff41b4ca", "inat_id": 132857420}}, {"type": "Feature", "geometry": {"type": "Point", "coordinates": [-105.1082916667, 39.9794916667]}, "properties": {"species": "Coprinus comatus", "date": "2022-08-28", "location": "Coal Creek Corridore Open Space, Lafayette, CO, US", "elevation": 1603.0, "num_identification_agreements": 1, "tavg": null, "tmin": 12.8, "tmax": 34.2, "day_of_year": 240, "uuid": "ddb2a8aa-c444-44ff-a88f-d0bdc610886d", "inat_id": 132596299}}, {"type": "Feature", "geometry": {"type": "Point", "coordinates": [-107.8361675888, 37.932516874]}, "properties": {"species": "Coprinus comatus", "date": "2022-08-21", "location": "Mountain Village, CO, USA", "elevation": 3147.0, "num_identification_agreements": 2, "tavg": null, "tmin": 9.0, "tmax": 17.0, "day_of_year": 233, "uuid": "cf70342e-dcef-43a2-b04e-bee2790d04b4", "inat_id": 132362652}}, {"type": "Feature", "geometry": {"type": "Point", "coordinates": [-107.937585935, 37.7963233889]}, "properties": {"species": "Coprinus comatus", "date": "2022-08-19", "location": "Durango, CO 81301, USA", "elevation": 3071.0, "num_identification_agreements": 1, "tavg": null, "tmin": 10.0, "tmax": 17.0, "day_of_year": 231, "uuid": "9de22cdc-99be-4d1e-8dd6-2ce11671ffec", "inat_id": 132349237}}, {"type": "Feature", "geometry": {"type": "Point", "coordinates": [-106.982345, 39.095875]}, "properties": {"species": "Coprinus comatus", "date": "2022-08-21", "location": "White River National Forest, Snowmass, CO, US", "elevation": 3494.0, "num_identification_agreements": 2, "tavg": null, "tmin": 11.1, "tmax": 20.0, "day_of_year": 233, "uuid": "64175836-4cf7-4f94-8cdd-918ae14ba210", "inat_id": 132231657}}, {"type": "Feature", "geometry": {"type": "Point", "coordinates": [-105.6566121916, 36.0567032549]}, "properties": {"species": "Coprinus comatus", "date": "2022-08-16", "location": "Carson National Forest, Truchas, NM, US", "elevation": 3091.0, "num_identification_agreements": 2, "tavg": null, "tmin": 11.7, "tmax": 28.3, "day_of_year": 228, "uuid": "2edae584-e314-4e84-97d0-cbbc9ee78824", "inat_id": 131527452}}, {"type": "Feature", "geometry": {"type": "Point", "coordinates": [-107.826613225, 37.9294915709]}, "properties": {"species": "Coprinus comatus", "date": "2022-08-17", "location": "Mountain Village, CO, USA", "elevation": 3075.0, "num_identification_agreements": 3, "tavg": null, "tmin": 11.0, "tmax": 18.0, "day_of_year": 229, "uuid": "5d24027c-60fd-49a3-acfa-41a9cdf88305", "inat_id": 131522659}}, {"type": "Feature", "geometry": {"type": "Point", "coordinates": [-105.1434166667, 40.5538366667]}, "properties": {"species": "Coprinus comatus", "date": "2016-05-09", "location": "Fort Collins, CO, US", "elevation": 1584.0, "num_identification_agreements": 1, "tavg": null, "tmin": 6.0, "tmax": 19.0, "day_of_year": 130, "uuid": "a36e2544-0167-45dc-80a4-750f5ada5118", "inat_id": 131147125}}, {"type": "Feature", "geometry": {"type": "Point", "coordinates": [-107.0107624, 37.9597145997]}, "properties": {"species": "Coprinus comatus", "date": "2022-08-15", "location": "Hinsdale County, CO, USA", "elevation": 3686.0, "num_identification_agreements": 1, "tavg": null, "tmin": null, "tmax": null, "day_of_year": 227, "uuid": "77aea07c-a371-47dc-b290-e36e6ebefcd7", "inat_id": 131145903}}, {"type": "Feature", "geometry": {"type": "Point", "coordinates": [-107.9636839738, 38.1442556616]}, "properties": {"species": "Coprinus comatus", "date": "2022-08-14", "location": "Placerville, CO, US", "elevation": 2833.0, "num_identification_agreements": 1, "tavg": null, "tmin": 11.0, "tmax": 25.0, "day_of_year": 226, "uuid": "20f31f4a-bc9e-4312-893d-4e034333bd22", "inat_id": 130881457}}, {"type": "Feature", "geometry": {"type": "Point", "coordinates": [-107.6697218, 37.5380747997]}, "properties": {"species": "Coprinus comatus", "date": "2022-08-13", "location": "Chimney Rock, CO 81122, USA", "elevation": 3525.0, "num_identification_agreements": 2, "tavg": null, "tmin": 14.4, "tmax": 31.1, "day_of_year": 225, "uuid": "0e4550a0-f0d4-45a9-ad9d-ce2cf760a215", "inat_id": 130797757}}, {"type": "Feature", "geometry": {"type": "Point", "coordinates": [-107.2075366667, 40.0326305]}, "properties": {"species": "Coprinus comatus", "date": "2022-08-11", "location": "White River National Forest, Gypsum, CO, US", "elevation": 3141.0, "num_identification_agreements": 2, "tavg": null, "tmin": 15.6, "tmax": 31.1, "day_of_year": 223, "uuid": "9f096948-4911-435d-92ba-f2603136dd6f", "inat_id": 130455587}}, {"type": "Feature", "geometry": {"type": "Point", "coordinates": [-106.6928474, 37.4425209233]}, "properties": {"species": "Coprinus comatus", "date": "2022-07-22", "location": "Rio Grande County, CO, USA", "elevation": 3507.0, "num_identification_agreements": 2, "tavg": null, "tmin": 11.0, "tmax": 18.0, "day_of_year": 203, "uuid": "08b60f87-a983-4fad-816e-7175a5510265", "inat_id": 130419365}}, {"type": "Feature", "geometry": {"type": "Point", "coordinates": [-105.8151019, 35.7893224]}, "properties": {"species": "Coprinus comatus", "date": "2022-08-06", "location": "San Ildefonso Pueblo, NM 87506, USA", "elevation": 3136.0, "num_identification_agreements": 1, "tavg": null, "tmin": 13.9, "tmax": 30.6, "day_of_year": 218, "uuid": "70ad4720-0c42-40de-a647-732f1a3017dc", "inat_id": 129745995}}, {"type": "Feature", "geometry": {"type": "Point", "coordinates": [-109.5786210895, 40.8069111977]}, "properties": {"species": "Coprinus comatus", "date": "2022-07-24", "location": "Naples, UT 84078, USA", "elevation": 2962.0, "num_identification_agreements": 3, "tavg": null, "tmin": 16.1, "tmax": 25.0, "day_of_year": 205, "uuid": "c3923e41-df45-45d3-894c-c67146bf07b5", "inat_id": 129158884}}, {"type": "Feature", "geometry": {"type": "Point", "coordinates": [-105.7709583333, 39.823375]}, "properties": {"species": "Coprinus comatus", "date": "2022-08-01", "location": "Arapaho & Roosevelt National Forests Pawnee National Grassland, Parshall, CO, US", "elevation": 3279.0, "num_identification_agreements": 2, "tavg": null, "tmin": 3.8, "tmax": 14.6, "day_of_year": 213, "uuid": "1f378968-4162-498a-a00f-31bf15272961", "inat_id": 129058632}}, {"type": "Feature", "geometry": {"type": "Point", "coordinates": [-107.1215722222, 37.2589194444]}, "properties": {"species": "Coprinus comatus", "date": "2022-07-29", "location": "Archuleta County, CO, USA", "elevation": 2308.0, "num_identification_agreements": 2, "tavg": null, "tmin": 13.0, "tmax": 21.0, "day_of_year": 210, "uuid": "8856fb44-4b16-4ebf-8ce2-5f1a3b7d6bc6", "inat_id": 128451057}}, {"type": "Feature", "geometry": {"type": "Point", "coordinates": [-106.1109253, 39.61233729]}, "properties": {"species": "Coprinus comatus", "date": "2022-07-28", "location": "Summit County, US-CO, US", "elevation": 3010.0, "num_identification_agreements": 2, "tavg": null, "tmin": 8.0, "tmax": 15.0, "day_of_year": 209, "uuid": "33f9c172-f5d2-49cd-a67f-b6929a184e19", "inat_id": 128347924}}, {"type": "Feature", "geometry": {"type": "Point", "coordinates": [-106.0506888333, 39.3581633333]}, "properties": {"species": "Coprinus comatus", "date": "2022-07-27", "location": "White River National Forest, Breckenridge, CO, US", "elevation": 3618.0, "num_identification_agreements": 2, "tavg": null, "tmin": 7.2, "tmax": 24.4, "day_of_year": 208, "uuid": "bbbad354-19db-43b5-8187-9ed37d0a071e", "inat_id": 128209194}}, {"type": "Feature", "geometry": {"type": "Point", "coordinates": [-106.3886216283, 35.8925740662]}, "properties": {"species": "Coprinus comatus", "date": "2022-07-24", "location": "Los Alamos County, NM, USA", "elevation": 2845.0, "num_identification_agreements": 1, "tavg": null, "tmin": 17.6, "tmax": 28.0, "day_of_year": 205, "uuid": "cc981ea8-d863-419c-8409-01d75a0f0845", "inat_id": 127911702}}, {"type": "Feature", "geometry": {"type": "Point", "coordinates": [-103.6758910865, 41.8250208843]}, "properties": {"species": "Coprinus comatus", "date": "2021-10-11", "location": "Gentry Park", "elevation": 1213.0, "num_identification_agreements": 2, "tavg": null, "tmin": 1.7, "tmax": 20.6, "day_of_year": 284, "uuid": "1bcbc7ce-b86f-4d68-be34-6408f0c4eb37", "inat_id": 127852497}}, {"type": "Feature", "geometry": {"type": "Point", "coordinates": [-107.408845, 39.3091366667]}, "properties": {"species": "Coprinus comatus", "date": "2022-07-24", "location": "White River National Forest, Carbondale, CO, US", "elevation": 3092.0, "num_identification_agreements": 2, "tavg": null, "tmin": 8.6, "tmax": 16.2, "day_of_year": 205, "uuid": "13d3a77e-f6d3-44bb-bef9-60244ecb04de", "inat_id": 127850371}}, {"type": "Feature", "geometry": {"type": "Point", "coordinates": [-106.40983016, 38.80972198]}, "properties": {"species": "Coprinus comatus", "date": "2022-07-23", "location": "Chaffee County, US-CO, US", "elevation": 3602.0, "num_identification_agreements": 1, "tavg": null, "tmin": 5.5, "tmax": 23.6, "day_of_year": 204, "uuid": "a9c95ba0-eb87-45f5-b492-e24169a280ff", "inat_id": 127671988}}, {"type": "Feature", "geometry": {"type": "Point", "coordinates": [-105.3704383333, 39.3099966667]}, "properties": {"species": "Coprinus comatus", "date": "2022-07-22", "location": "Pike and San Isabel National Forests, Sedalia, CO, US", "elevation": 2469.0, "num_identification_agreements": 2, "tavg": null, "tmin": 7.3, "tmax": 22.2, "day_of_year": 203, "uuid": "d6362d77-785f-449f-be38-70a90c1be7f2", "inat_id": 127396885}}, {"type": "Feature", "geometry": {"type": "Point", "coordinates": [-106.5330716667, 35.8178716667]}, "properties": {"species": "Coprinus comatus", "date": "2022-07-22", "location": "Santa Fe National Forest, Jemez Springs, NM, US", "elevation": 2581.0, "num_identification_agreements": 2, "tavg": null, "tmin": 19.7, "tmax": 29.6, "day_of_year": 203, "uuid": "6598fdd4-731b-4a96-b9df-c786cc5701ae", "inat_id": 127393565}}, {"type": "Feature", "geometry": {"type": "Point", "coordinates": [-107.9497893, 39.0402581]}, "properties": {"species": "Coprinus comatus", "date": "2022-07-04", "location": "Grand Mesa, CO 81413, USA", "elevation": 3100.0, "num_identification_agreements": 2, "tavg": null, "tmin": 16.1, "tmax": 35.3, "day_of_year": 185, "uuid": "0b17c6ee-074c-4206-8029-a07cd1664ae6", "inat_id": 127238981}}, {"type": "Feature", "geometry": {"type": "Point", "coordinates": [-105.5533769, 39.7151526]}, "properties": {"species": "Coprinus comatus", "date": "2022-07-12", "location": "Idaho Springs, CO 80452, USA", "elevation": 2592.0, "num_identification_agreements": 2, "tavg": null, "tmin": 1.4, "tmax": 15.2, "day_of_year": 193, "uuid": "6c6be8b6-749a-43c5-8394-a5efd24021ed", "inat_id": 127083651}}, {"type": "Feature", "geometry": {"type": "Point", "coordinates": [-105.073277, 39.872812]}, "properties": {"species": "Coprinus comatus", "date": "2019-06-05", "location": "west central Westminster", "elevation": 1645.0, "num_identification_agreements": 2, "tavg": null, "tmin": 7.3, "tmax": 26.7, "day_of_year": 156, "uuid": "8cab8259-6072-4e57-a9d1-4f2e0fd6b0ab", "inat_id": 124813240}}, {"type": "Feature", "geometry": {"type": "Point", "coordinates": [-105.105875, 40.0025444444]}, "properties": {"species": "Coprinus comatus", "date": "2022-06-15", "location": "Lafayette, CO, USA", "elevation": 1624.0, "num_identification_agreements": 1, "tavg": null, "tmin": 9.7, "tmax": 31.8, "day_of_year": 166, "uuid": "36a8174a-4320-4765-bc5a-67cf73e00dc9", "inat_id": 123234898}}, {"type": "Feature", "geometry": {"type": "Point", "coordinates": [-104.8136016667, 39.6430433333]}, "properties": {"species": "Coprinus comatus", "date": "2022-06-14", "location": "Meadow Hills, Aurora, CO 80014, USA", "elevation": 1755.0, "num_identification_agreements": 1, "tavg": null, "tmin": 10.5, "tmax": 28.7, "day_of_year": 165, "uuid": "8b7b78cc-5653-43df-afb6-6f485e077527", "inat_id": 121806715}}, {"type": "Feature", "geometry": {"type": "Point", "coordinates": [-105.12694761, 39.83256621]}, "properties": {"species": "Coprinus comatus", "date": "2022-06-11", "location": "Oak Park, Arvada, CO 80005, USA", "elevation": 1692.0, "num_identification_agreements": 1, "tavg": null, "tmin": 18.0, "tmax": 36.0, "day_of_year": 162, "uuid": "cda9b658-ca37-4c89-8b91-4e33cfb38e56", "inat_id": 121246947}}, {"type": "Feature", "geometry": {"type": "Point", "coordinates": [-105.02095, 39.8443333333]}, "properties": {"species": "Coprinus comatus", "date": "2022-06-10", "location": "W 80th Way, Westminster, CO, US", "elevation": 1659.0, "num_identification_agreements": 2, "tavg": null, "tmin": 12.7, "tmax": 32.6, "day_of_year": 161, "uuid": "e76c7871-7512-4cb8-84f4-664531e2bd6c", "inat_id": 121146346}}, {"type": "Feature", "geometry": {"type": "Point", "coordinates": [-105.0773606974, 40.5230171649]}, "properties": {"species": "Coprinus comatus", "date": "2022-06-07", "location": "S Mason St, Fort Collins, CO, US", "elevation": 1538.0, "num_identification_agreements": 2, "tavg": null, "tmin": 11.7, "tmax": 28.3, "day_of_year": 158, "uuid": "a47bf7c4-d941-4b6f-938f-d5e4028a0be6", "inat_id": 120690409}}, {"type": "Feature", "geometry": {"type": "Point", "coordinates": [-105.1755624264, 39.5844928979]}, "properties": {"species": "Coprinus comatus", "date": "2021-09-30", "location": "Valley Legacy, CO 80127, USA", "elevation": 1919.0, "num_identification_agreements": 1, "tavg": null, "tmin": 5.6, "tmax": 11.7, "day_of_year": 273, "uuid": "c368b3a2-6a8c-48ef-ae48-cd6d6afd1261", "inat_id": 119965700}}, {"type": "Feature", "geometry": {"type": "Point", "coordinates": [-105.0588445, 39.75267]}, "properties": {"species": "Coprinus comatus", "date": "2022-06-02", "location": "Eaton St, Edgewater, CO, US", "elevation": 1631.0, "num_identification_agreements": 1, "tavg": null, "tmin": 6.6, "tmax": 21.4, "day_of_year": 153, "uuid": "9ab95d07-b6c8-45b6-96ec-9fc16a0b1b23", "inat_id": 119940494}}, {"type": "Feature", "geometry": {"type": "Point", "coordinates": [-104.8647216667, 39.5644133333]}, "properties": {"species": "Coprinus comatus", "date": "2022-06-01", "location": "Inverness Way S, Englewood, CO, US", "elevation": 1784.0, "num_identification_agreements": 2, "tavg": null, "tmin": 2.8, "tmax": 13.3, "day_of_year": 152, "uuid": "5eaf377d-e61d-456a-9a32-7b2c5bdd42d6", "inat_id": 119755258}}, {"type": "Feature", "geometry": {"type": "Point", "coordinates": [-103.4793916667, 43.5581027778]}, "properties": {"species": "Coprinus comatus", "date": "2022-05-12", "location": "Custer County, SD, USA", "elevation": 1264.0, "num_identification_agreements": 2, "tavg": null, "tmin": 2.8, "tmax": 13.9, "day_of_year": 132, "uuid": "3e964fb5-37b5-4898-bfe0-c7320c3e7caf", "inat_id": 118419393}}, {"type": "Feature", "geometry": {"type": "Point", "coordinates": [-105.105489877, 40.397211583]}, "properties": {"species": "Coprinus comatus", "date": "2022-05-19", "location": "Eisenhower Blvd-Taft Ave, Loveland, CO, US", "elevation": 1522.0, "num_identification_agreements": 3, "tavg": null, "tmin": 5.6, "tmax": 30.0, "day_of_year": 139, "uuid": "37c12d68-413f-40b0-ade0-2fc1191a0a51", "inat_id": 118378293}}, {"type": "Feature", "geometry": {"type": "Point", "coordinates": [-105.0760888333, 39.8567116667]}, "properties": {"species": "Coprinus comatus", "date": "2022-05-22", "location": "Towne Center at Brookhill, Westminster, CO, US", "elevation": 1665.0, "num_identification_agreements": 3, "tavg": null, "tmin": 2.0, "tmax": 15.0, "day_of_year": 142, "uuid": "470b21b7-59c6-4665-97c9-7532995a33a7", "inat_id": 118280835}}, {"type": "Feature", "geometry": {"type": "Point", "coordinates": [-105.0761416667, 39.8566283333]}, "properties": {"species": "Coprinus comatus", "date": "2022-05-22", "location": "Towne Center at Brookhill, Westminster, CO, US", "elevation": 1665.0, "num_identification_agreements": 2, "tavg": null, "tmin": 2.0, "tmax": 15.0, "day_of_year": 142, "uuid": "ecd565e7-edde-4c55-a3dd-58596ca06d89", "inat_id": 118280785}}, {"type": "Feature", "geometry": {"type": "Point", "coordinates": [-105.0769721667, 39.8567283333]}, "properties": {"species": "Coprinus comatus", "date": "2022-05-22", "location": "Towne Center at Brookhill, Westminster, CO, US", "elevation": 1665.0, "num_identification_agreements": 2, "tavg": null, "tmin": 2.0, "tmax": 15.0, "day_of_year": 142, "uuid": "5c93df23-7b46-44d4-bb61-c8e145da4719", "inat_id": 118280749}}, {"type": "Feature", "geometry": {"type": "Point", "coordinates": [-108.4484746923, 37.2794765369]}, "properties": {"species": "Coprinus comatus", "date": "2022-05-21", "location": "Mesa Verde National Park, Mancos, CO, US", "elevation": 2495.0, "num_identification_agreements": 1, "tavg": null, "tmin": 8.0, "tmax": 20.0, "day_of_year": 141, "uuid": "fa20cfc7-ec17-419e-ad3f-14393756be53", "inat_id": 118010721}}, {"type": "Feature", "geometry": {"type": "Point", "coordinates": [-104.6573290997, 38.3017009]}, "properties": {"species": "Coprinus comatus", "date": "2022-05-02", "location": "Hyde Park, Pueblo, CO, USA", "elevation": 1460.0, "num_identification_agreements": 1, "tavg": null, "tmin": 3.3, "tmax": 17.2, "day_of_year": 122, "uuid": "6b702cd1-d7f8-4e5b-bc8b-13545ebb4a2a", "inat_id": 117922727}}, {"type": "Feature", "geometry": {"type": "Point", "coordinates": [-106.1846466064, 42.8480262756]}, "properties": {"species": "Coprinus comatus", "date": "2022-05-19", "location": "Evansville", "elevation": 1547.0, "num_identification_agreements": 1, "tavg": null, "tmin": 0.0, "tmax": 16.1, "day_of_year": 139, "uuid": "24208201-530b-4045-aad6-ea0d2b5b2885", "inat_id": 117725345}}, {"type": "Feature", "geometry": {"type": "Point", "coordinates": [-103.40484789, 44.25058381]}, "properties": {"species": "Coprinus comatus", "date": "2022-05-17", "location": "Bethlehem, SD 57769, USA", "elevation": 1072.0, "num_identification_agreements": 2, "tavg": null, "tmin": 11.0, "tmax": 22.0, "day_of_year": 137, "uuid": "8de32dc2-d6dc-4c3a-9f6f-88928e59eafa", "inat_id": 117510076}}, {"type": "Feature", "geometry": {"type": "Point", "coordinates": [-105.613543354, 41.3004228512]}, "properties": {"species": "Coprinus comatus", "date": "2022-05-16", "location": "Laramie, WY, USA", "elevation": 2187.0, "num_identification_agreements": 2, "tavg": null, "tmin": 2.0, "tmax": 23.0, "day_of_year": 136, "uuid": "8867c24d-a914-432c-9d9a-48571b2921a6", "inat_id": 117386131}}, {"type": "Feature", "geometry": {"type": "Point", "coordinates": [-105.212127126, 39.7455282606]}, "properties": {"species": "Coprinus comatus", "date": "2022-05-15", "location": "24th St, Golden, CO, US", "elevation": 1762.0, "num_identification_agreements": 1, "tavg": null, "tmin": 13.0, "tmax": 24.0, "day_of_year": 135, "uuid": "6b562434-2c2b-4e45-91d1-bf766b38a920", "inat_id": 117127275}}, {"type": "Feature", "geometry": {"type": "Point", "coordinates": [-106.1802978516, 42.8533706665]}, "properties": {"species": "Coprinus comatus", "date": "2022-05-09", "location": "Evansville", "elevation": 1545.0, "num_identification_agreements": 1, "tavg": null, "tmin": -2.7, "tmax": 11.1, "day_of_year": 129, "uuid": "d8c8092e-31f8-4416-b90f-35bde389d598", "inat_id": 116285658}}, {"type": "Feature", "geometry": {"type": "Point", "coordinates": [-104.9632866667, 39.7312866667]}, "properties": {"species": "Coprinus comatus", "date": "2022-05-07", "location": "Denver Botanic Gardens, Denver, CO, US", "elevation": 1646.0, "num_identification_agreements": 1, "tavg": null, "tmin": 12.2, "tmax": 28.8, "day_of_year": 127, "uuid": "dda21048-1b0f-424e-8ab5-1a07954ae4c4", "inat_id": 116089541}}, {"type": "Feature", "geometry": {"type": "Point", "coordinates": [-105.13019917, 39.97084877]}, "properties": {"species": "Coprinus comatus", "date": "2022-05-01", "location": "Boulder County, US-CO, US", "elevation": 1631.0, "num_identification_agreements": 2, "tavg": null, "tmin": 3.0, "tmax": 15.0, "day_of_year": 121, "uuid": "4b0a2287-dcea-49d3-87c6-d29af3823cd8", "inat_id": 114458584}}, {"type": "Feature", "geometry": {"type": "Point", "coordinates": [-105.2619247437, 40.0213813782]}, "properties": {"species": "Coprinus comatus", "date": "2022-04-29", "location": "Boulder", "elevation": 1618.0, "num_identification_agreements": 2, "tavg": null, "tmin": 8.0, "tmax": 18.0, "day_of_year": 119, "uuid": "90ea9bab-7d3a-4261-80a6-61620821eaa4", "inat_id": 113628379}}, {"type": "Feature", "geometry": {"type": "Point", "coordinates": [-106.2903762682, 39.6322864135]}, "properties": {"species": "Coprinus comatus", "date": "2021-08-21", "location": "White River National Forest, Vail, CO, US", "elevation": 2597.0, "num_identification_agreements": 3, "tavg": null, "tmin": 5.0, "tmax": 13.0, "day_of_year": 233, "uuid": "eef2b256-8c8b-4bd2-bc2a-47a4e164ff3e", "inat_id": 110308823}}, {"type": "Feature", "geometry": {"type": "Point", "coordinates": [-105.6179009378, 35.7098430816]}, "properties": {"species": "Coprinus comatus", "date": "2021-08-01", "location": "Location: 35.709843, -105.617901", "elevation": 2697.0, "num_identification_agreements": 2, "tavg": null, "tmin": 12.2, "tmax": 19.4, "day_of_year": 213, "uuid": "5f511de6-065b-4b91-a3b2-f81fada8e379", "inat_id": 109261396}}, {"type": "Feature", "geometry": {"type": "Point", "coordinates": [-105.739428, 39.601673]}, "properties": {"species": "Coprinus comatus", "date": "2021-07-27", "location": "Silver Dollar Lake Trail, Colorado 80435, USA", "elevation": 3622.0, "num_identification_agreements": 3, "tavg": null, "tmin": 12.0, "tmax": 23.0, "day_of_year": 208, "uuid": "ad5d533f-89fa-4170-917f-85ca078d8509", "inat_id": 107145807}}, {"type": "Feature", "geometry": {"type": "Point", "coordinates": [-105.8110666667, 40.2496333333]}, "properties": {"species": "Coprinus comatus", "date": "2021-10-11", "location": "Arapaho National Recreation Area, Grand Lake, CO, US", "elevation": 2581.0, "num_identification_agreements": 1, "tavg": null, "tmin": -5.6, "tmax": 15.6, "day_of_year": 284, "uuid": "ca2b94bf-8d3d-4f7a-b637-81100ddd38e4", "inat_id": 103098468}}, {"type": "Feature", "geometry": {"type": "Point", "coordinates": [-105.07125, 40.5621866667]}, "properties": {"species": "Coprinus comatus", "date": "2021-10-05", "location": "Spring Park, Fort Collins, CO, US", "elevation": 1520.0, "num_identification_agreements": 2, "tavg": null, "tmin": 7.2, "tmax": 28.9, "day_of_year": 278, "uuid": "c16f6e7e-9cbf-4fbf-878a-7b4832e87ee2", "inat_id": 101865686}}, {"type": "Feature", "geometry": {"type": "Point", "coordinates": [-107.3460466667, 39.5574833333]}, "properties": {"species": "Coprinus comatus", "date": "2021-11-03", "location": "Midland Ave, Glenwood Springs, CO, US", "elevation": 1763.0, "num_identification_agreements": 3, "tavg": null, "tmin": 3.3, "tmax": 14.4, "day_of_year": 307, "uuid": "5bc7a7d7-abee-46ff-b789-c0ba10e9a99b", "inat_id": 100449794}}, {"type": "Feature", "geometry": {"type": "Point", "coordinates": [-107.3255996704, 39.52501297]}, "properties": {"species": "Coprinus comatus", "date": "2021-11-06", "location": "Glenwood Springs", "elevation": 1767.0, "num_identification_agreements": 2, "tavg": null, "tmin": -1.7, "tmax": 18.9, "day_of_year": 310, "uuid": "a3001695-dbdc-40cd-b056-b7242c003109", "inat_id": 100402546}}, {"type": "Feature", "geometry": {"type": "Point", "coordinates": [-108.0816670508, 38.7488979677]}, "properties": {"species": "Coprinus comatus", "date": "2021-11-03", "location": "Delta, CO 81416, USA", "elevation": 1503.0, "num_identification_agreements": 2, "tavg": null, "tmin": 4.4, "tmax": 16.4, "day_of_year": 307, "uuid": "210a910d-fb9a-417b-9228-6a8061e70dcf", "inat_id": 100285606}}, {"type": "Feature", "geometry": {"type": "Point", "coordinates": [-108.5235583333, 39.0419388333]}, "properties": {"species": "Coprinus comatus", "date": "2021-10-31", "location": "Village Ln, Grand Junction, CO, US", "elevation": 1430.0, "num_identification_agreements": 2, "tavg": null, "tmin": 4.4, "tmax": 13.3, "day_of_year": 304, "uuid": "5948f350-ff9a-4da5-bb59-2125dbe8eb1b", "inat_id": 99936899}}, {"type": "Feature", "geometry": {"type": "Point", "coordinates": [-105.6006449462, 36.5243169945]}, "properties": {"species": "Coprinus comatus", "date": "2021-10-27", "location": "Hondo Seco Rd, Arroyo Seco, NM, US", "elevation": 2287.0, "num_identification_agreements": 1, "tavg": null, "tmin": -6.1, "tmax": 12.8, "day_of_year": 300, "uuid": "7f4e8cc9-1728-47da-8c86-494113b8e415", "inat_id": 99565767}}, {"type": "Feature", "geometry": {"type": "Point", "coordinates": [-104.9208221436, 36.5132637024]}, "properties": {"species": "Coprinus comatus", "date": "2021-10-25", "location": "Cimarron", "elevation": 1971.0, "num_identification_agreements": 1, "tavg": null, "tmin": -1.9, "tmax": 19.4, "day_of_year": 298, "uuid": "83d31e8a-d85a-4568-a4a1-c2bbfdd69b57", "inat_id": 99398279}}, {"type": "Feature", "geometry": {"type": "Point", "coordinates": [-104.8908615112, 39.7336273193]}, "properties": {"species": "Coprinus comatus", "date": "2021-10-25", "location": "Denver", "elevation": 1634.0, "num_identification_agreements": 1, "tavg": null, "tmin": 5.1, "tmax": 22.0, "day_of_year": 298, "uuid": "dfb270e0-3f58-41c1-b853-5b9eabaf11db", "inat_id": 99374213}}, {"type": "Feature", "geometry": {"type": "Point", "coordinates": [-105.1064, 39.8484533333]}, "properties": {"species": "Coprinus comatus", "date": "2021-10-23", "location": "Jellison Ct, Arvada, CO, US", "elevation": 1691.0, "num_identification_agreements": 1, "tavg": null, "tmin": 6.0, "tmax": 19.0, "day_of_year": 296, "uuid": "6b91fe4f-f65f-49b9-a387-06862a98c926", "inat_id": 99146911}}, {"type": "Feature", "geometry": {"type": "Point", "coordinates": [-105.03810984, 40.5799581]}, "properties": {"species": "Coprinus comatus", "date": "2021-10-23", "location": "Severance, CO 80524, USA", "elevation": 1501.0, "num_identification_agreements": 2, "tavg": null, "tmin": 4.4, "tmax": 17.2, "day_of_year": 296, "uuid": "e136251a-458c-4fb9-bca1-0aea8f4e688f", "inat_id": 99112700}}, {"type": "Feature", "geometry": {"type": "Point", "coordinates": [-105.031654872, 39.7244457281]}, "properties": {"species": "Coprinus comatus", "date": "2021-10-02", "location": "Knox Ct & W 5th Ave, Denver, CO 80204, USA", "elevation": 1630.0, "num_identification_agreements": 2, "tavg": null, "tmin": 8.4, "tmax": 20.0, "day_of_year": 275, "uuid": "ab626538-cce0-4b21-9654-53982ae28abe", "inat_id": 98920929}}, {"type": "Feature", "geometry": {"type": "Point", "coordinates": [-104.7573968883, 38.8920592927]}, "properties": {"species": "Coprinus comatus", "date": "2021-10-15", "location": "Marketplace at Austin Bluffs, Colorado Springs, CO, US", "elevation": 1965.0, "num_identification_agreements": 2, "tavg": null, "tmin": -1.0, "tmax": 11.1, "day_of_year": 288, "uuid": "f9b0c543-a052-40be-bc55-4ccff925a7c5", "inat_id": 98368892}}, {"type": "Feature", "geometry": {"type": "Point", "coordinates": [-105.2532966667, 40.0062472167]}, "properties": {"species": "Coprinus comatus", "date": "2021-10-12", "location": "30th St, Boulder, CO, US", "elevation": 1619.0, "num_identification_agreements": 2, "tavg": null, "tmin": 2.0, "tmax": 10.0, "day_of_year": 285, "uuid": "abf376c7-0288-4999-8d84-072201a19ce1", "inat_id": 98013453}}, {"type": "Feature", "geometry": {"type": "Point", "coordinates": [-105.0863721667, 39.8407966667]}, "properties": {"species": "Coprinus comatus", "date": "2021-10-10", "location": "NORTHRIDGE S.C., Arvada, CO, US", "elevation": 1661.0, "num_identification_agreements": 2, "tavg": null, "tmin": 5.0, "tmax": 19.0, "day_of_year": 283, "uuid": "965027f4-d8fb-478e-a972-9f9c581f6984", "inat_id": 98005912}}, {"type": "Feature", "geometry": {"type": "Point", "coordinates": [-105.0319867997, 39.9311885997]}, "properties": {"species": "Coprinus comatus", "date": "2021-10-10", "location": "Westlake Dr & S Princess Cir, Broomfield, CO 80020, USA", "elevation": 1604.0, "num_identification_agreements": 2, "tavg": null, "tmin": 5.0, "tmax": 19.0, "day_of_year": 283, "uuid": "36297253-e85e-4f8c-82a8-5d3d4e9ee548", "inat_id": 97963801}}, {"type": "Feature", "geometry": {"type": "Point", "coordinates": [-103.68301497, 41.85494973]}, "properties": {"species": "Coprinus comatus", "date": "2021-10-10", "location": "Scottsbluff, NE 69361, USA", "elevation": 1183.0, "num_identification_agreements": 2, "tavg": null, "tmin": 5.0, "tmax": 21.1, "day_of_year": 283, "uuid": "93e94d18-05ca-45c8-a92e-215a21637dfa", "inat_id": 97803064}}, {"type": "Feature", "geometry": {"type": "Point", "coordinates": [-105.0965361667, 39.85027]}, "properties": {"species": "Coprinus comatus", "date": "2021-10-09", "location": "Everett Way, Arvada, CO, US", "elevation": 1683.0, "num_identification_agreements": 2, "tavg": null, "tmin": 11.0, "tmax": 21.0, "day_of_year": 282, "uuid": "1b9a24ef-14d6-4796-9322-9a5dcb05ac6a", "inat_id": 97790534}}, {"type": "Feature", "geometry": {"type": "Point", "coordinates": [-105.0956638333, 39.8515883333]}, "properties": {"species": "Coprinus comatus", "date": "2021-10-09", "location": "Everett Way, Arvada, CO, US", "elevation": 1683.0, "num_identification_agreements": 2, "tavg": null, "tmin": 11.0, "tmax": 21.0, "day_of_year": 282, "uuid": "ead4a07a-597d-4bb4-9704-92f7d80a3ded", "inat_id": 97790488}}, {"type": "Feature", "geometry": {"type": "Point", "coordinates": [-107.5342226028, 39.8654795138]}, "properties": {"species": "Coprinus comatus", "date": "2021-09-19", "location": "South Fork Campground Rio Blanco County, CO, USA", "elevation": 2323.0, "num_identification_agreements": 3, "tavg": null, "tmin": 7.2, "tmax": 22.2, "day_of_year": 262, "uuid": "921d3de8-e5f3-441e-b781-eda9386e6b29", "inat_id": 97786740}}, {"type": "Feature", "geometry": {"type": "Point", "coordinates": [-104.9630355274, 39.5578792221]}, "properties": {"species": "Coprinus comatus", "date": "2021-10-09", "location": "Terrace Dr, Highlands Ranch, CO, US", "elevation": 1740.0, "num_identification_agreements": 2, "tavg": null, "tmin": 11.1, "tmax": 22.2, "day_of_year": 282, "uuid": "1d0a0b3b-3b69-4996-9e07-f72e31f72df0", "inat_id": 97717388}}, {"type": "Feature", "geometry": {"type": "Point", "coordinates": [-104.9633033333, 39.7313166667]}, "properties": {"species": "Coprinus comatus", "date": "2021-10-09", "location": "Denver Botanic Gardens, Denver, CO, US", "elevation": 1646.0, "num_identification_agreements": 2, "tavg": null, "tmin": 11.1, "tmax": 19.8, "day_of_year": 282, "uuid": "4dc730ae-d002-40d7-bd5d-fffe7c193a78", "inat_id": 97646144}}, {"type": "Feature", "geometry": {"type": "Point", "coordinates": [-109.54718833, 38.57152167]}, "properties": {"species": "Coprinus comatus", "date": "2021-10-08", "location": "S 200 E, Moab, UT, US", "elevation": 1237.0, "num_identification_agreements": 2, "tavg": null, "tmin": 10.6, "tmax": 18.3, "day_of_year": 281, "uuid": "e88d60c0-0958-4bf8-a287-953968714bbe", "inat_id": 97599371}}, {"type": "Feature", "geometry": {"type": "Point", "coordinates": [-104.943595687, 39.7069869005]}, "properties": {"species": "Coprinus comatus", "date": "2021-10-08", "location": "City of Brest Park, Denver, CO, US", "elevation": 1627.0, "num_identification_agreements": 2, "tavg": null, "tmin": 10.3, "tmax": 20.7, "day_of_year": 281, "uuid": "d9da858b-57d0-46fc-bdd4-e4c602bcb58f", "inat_id": 97598287}}, {"type": "Feature", "geometry": {"type": "Point", "coordinates": [-104.8230266199, 41.1688520032]}, "properties": {"species": "Coprinus comatus", "date": "2021-10-08", "location": "Cheyenne, WY, USA", "elevation": 1867.0, "num_identification_agreements": 3, "tavg": null, "tmin": 6.7, "tmax": 20.6, "day_of_year": 281, "uuid": "a7416620-7f95-4c8b-9d84-8217b1885661", "inat_id": 97576896}}, {"type": "Feature", "geometry": {"type": "Point", "coordinates": [-104.8782506822, 39.8939573679]}, "properties": {"species": "Coprinus comatus", "date": "2021-10-05", "location": "E 108th Ave, Commerce City, CO, US", "elevation": 1546.0, "num_identification_agreements": 2, "tavg": null, "tmin": 9.6, "tmax": 25.6, "day_of_year": 278, "uuid": "39cf8064-bee1-4a79-a41f-9d45762f0d37", "inat_id": 97342487}}, {"type": "Feature", "geometry": {"type": "Point", "coordinates": [-105.0997166667, 39.85012]}, "properties": {"species": "Coprinus comatus", "date": "2021-10-04", "location": "W 84th Ave, Arvada, CO, US", "elevation": 1685.0, "num_identification_agreements": 2, "tavg": null, "tmin": 12.0, "tmax": 26.0, "day_of_year": 277, "uuid": "30a56cc1-fe36-4a39-bc2f-9401c638faba", "inat_id": 97206972}}, {"type": "Feature", "geometry": {"type": "Point", "coordinates": [-105.4384075803, 36.4627505997]}, "properties": {"species": "Coprinus comatus", "date": "2021-10-04", "location": "Taos County, US-NM, US", "elevation": 2725.0, "num_identification_agreements": 1, "tavg": null, "tmin": -3.6, "tmax": 18.7, "day_of_year": 277, "uuid": "098155b3-cd51-48df-aef3-a36fbdf3cde9", "inat_id": 97188979}}, {"type": "Feature", "geometry": {"type": "Point", "coordinates": [-104.8007983333, 39.70056]}, "properties": {"species": "Coprinus comatus", "date": "2021-10-04", "location": "Centre Pointe, Aurora, CO 80017, USA", "elevation": 1676.0, "num_identification_agreements": 2, "tavg": null, "tmin": 7.9, "tmax": 27.1, "day_of_year": 277, "uuid": "54525779-3798-461b-93d0-bef9f72afd21", "inat_id": 97158736}}, {"type": "Feature", "geometry": {"type": "Point", "coordinates": [-105.3063832106, 39.4801707009]}, "properties": {"species": "Coprinus comatus", "date": "2021-10-02", "location": "Molly Dr, Conifer, CO, US", "elevation": 2695.0, "num_identification_agreements": 2, "tavg": null, "tmin": 8.3, "tmax": 20.0, "day_of_year": 275, "uuid": "22ef02a5-79bb-4e85-a8f9-5da4175ab4f7", "inat_id": 96924032}}, {"type": "Feature", "geometry": {"type": "Point", "coordinates": [-107.6412757259, 38.8584013009]}, "properties": {"species": "Coprinus comatus", "date": "2021-09-27", "location": "SH-133, Hotchkiss, CO, US", "elevation": 1737.0, "num_identification_agreements": 2, "tavg": null, "tmin": 11.8, "tmax": 27.7, "day_of_year": 270, "uuid": "34cb410d-4f7e-4fa7-b22c-b5d637b152c5", "inat_id": 96426265}}, {"type": "Feature", "geometry": {"type": "Point", "coordinates": [-106.5301614528, 35.8187948831]}, "properties": {"species": "Coprinus comatus", "date": "2021-07-20", "location": "Sandoval County, NM, USA", "elevation": 2617.0, "num_identification_agreements": 2, "tavg": null, "tmin": 16.0, "tmax": 26.3, "day_of_year": 201, "uuid": "8ef63024-efb4-4303-95d4-fbd184e503c8", "inat_id": 96244234}}, {"type": "Feature", "geometry": {"type": "Point", "coordinates": [-107.8244015261, 37.2142390875]}, "properties": {"species": "Coprinus comatus", "date": "2021-09-24", "location": "CR-220, Durango, CO, US", "elevation": 2112.0, "num_identification_agreements": 2, "tavg": null, "tmin": 9.4, "tmax": 27.2, "day_of_year": 267, "uuid": "98a7fb47-484f-4120-b29e-003460411050", "inat_id": 96029663}}, {"type": "Feature", "geometry": {"type": "Point", "coordinates": [-105.1781092, 40.1893942]}, "properties": {"species": "Coprinus comatus", "date": "2021-09-23", "location": "Hygiene, CO 80503, USA", "elevation": 1558.0, "num_identification_agreements": 2, "tavg": null, "tmin": 6.0, "tmax": 29.3, "day_of_year": 266, "uuid": "5d1663fc-7cba-45a1-a161-ef251fdb20d6", "inat_id": 95927941}}, {"type": "Feature", "geometry": {"type": "Point", "coordinates": [-104.9907383333, 39.5552533333]}, "properties": {"species": "Coprinus comatus", "date": "2021-09-23", "location": "S Broadway, Highlands Ranch, CO, US", "elevation": 1707.0, "num_identification_agreements": 2, "tavg": null, "tmin": 7.8, "tmax": 26.1, "day_of_year": 266, "uuid": "47750fe0-c7fb-4092-875b-4cf7e53dab97", "inat_id": 95905527}}, {"type": "Feature", "geometry": {"type": "Point", "coordinates": [-105.0842873, 40.56239499]}, "properties": {"species": "Coprinus comatus", "date": "2021-09-23", "location": "Fort Collins, CO 80526, USA", "elevation": 1522.0, "num_identification_agreements": 2, "tavg": null, "tmin": 7.2, "tmax": 29.4, "day_of_year": 266, "uuid": "6477e827-3a6d-4211-b2d9-a30876690dea", "inat_id": 95865554}}, {"type": "Feature", "geometry": {"type": "Point", "coordinates": [-105.1061695, 40.5671083333]}, "properties": {"species": "Coprinus comatus", "date": "2021-09-18", "location": "Foxbrook Way, Fort Collins, CO, US", "elevation": 1543.0, "num_identification_agreements": 2, "tavg": null, "tmin": 6.7, "tmax": 33.9, "day_of_year": 261, "uuid": "d8e7d26f-062c-47f7-9935-d1df8b09c74a", "inat_id": 95274649}}, {"type": "Feature", "geometry": {"type": "Point", "coordinates": [-105.084977813, 40.5687179357]}, "properties": {"species": "Coprinus comatus", "date": "2021-09-17", "location": "Colorado State University, Fort Collins, CO, US", "elevation": 1529.0, "num_identification_agreements": 2, "tavg": null, "tmin": 7.2, "tmax": 20.6, "day_of_year": 260, "uuid": "28a9af6a-5404-4553-acf8-f3ebf5694a46", "inat_id": 95189929}}, {"type": "Feature", "geometry": {"type": "Point", "coordinates": [-105.0849733276, 40.5686296111]}, "properties": {"species": "Coprinus comatus", "date": "2021-09-17", "location": "Colorado State University, Fort Collins, CO, US", "elevation": 1529.0, "num_identification_agreements": 2, "tavg": null, "tmin": 7.2, "tmax": 20.6, "day_of_year": 260, "uuid": "a0cd499d-0056-44a5-acd0-cbac2c706335", "inat_id": 95189826}}, {"type": "Feature", "geometry": {"type": "Point", "coordinates": [-106.786598598, 40.4717009832]}, "properties": {"species": "Coprinus comatus", "date": "2021-09-17", "location": "Medicine Bow-Routt National Forest & Thunder Basin National Grassland, Steamboat Springs, CO, US", "elevation": 2229.0, "num_identification_agreements": 3, "tavg": null, "tmin": 4.4, "tmax": 26.6, "day_of_year": 260, "uuid": "826c4e9d-3555-4524-879f-09a857468f62", "inat_id": 95164507}}, {"type": "Feature", "geometry": {"type": "Point", "coordinates": [-103.7709583333, 44.241425]}, "properties": {"species": "Coprinus comatus", "date": "2021-09-12", "location": "Black Hills National Forest, Lead, SD, US", "elevation": 1885.0, "num_identification_agreements": 1, "tavg": null, "tmin": 13.0, "tmax": 26.0, "day_of_year": 255, "uuid": "bb7896bd-af04-4e33-b052-398ced815fde", "inat_id": 95145462}}, {"type": "Feature", "geometry": {"type": "Point", "coordinates": [-106.1546388889, 39.4847194444]}, "properties": {"species": "Coprinus comatus", "date": "2021-09-04", "location": "Summit County, CO, USA", "elevation": 3409.0, "num_identification_agreements": 2, "tavg": null, "tmin": 1.7, "tmax": 18.9, "day_of_year": 247, "uuid": "6c2b2774-2750-42b8-9bcc-6b52c8f74658", "inat_id": 94930212}}, {"type": "Feature", "geometry": {"type": "Point", "coordinates": [-107.9014883433, 39.0730255112]}, "properties": {"species": "Coprinus comatus", "date": "2021-09-06", "location": "Grand Mesa National Forest, Collbran, CO, US", "elevation": 3107.0, "num_identification_agreements": 2, "tavg": null, "tmin": 11.7, "tmax": 34.0, "day_of_year": 249, "uuid": "7fdf6842-94d1-415f-9f58-ccda9f57f698", "inat_id": 94059543}}, {"type": "Feature", "geometry": {"type": "Point", "coordinates": [-108.0934833333, 39.0522471667]}, "properties": {"species": "Coprinus comatus", "date": "2021-09-06", "location": "Grand Mesa National Forest, Whitewater, CO, US", "elevation": 2994.0, "num_identification_agreements": 2, "tavg": null, "tmin": 11.7, "tmax": 34.0, "day_of_year": 249, "uuid": "3add60a6-4510-4035-9f9c-1c2b9311adab", "inat_id": 94059481}}, {"type": "Feature", "geometry": {"type": "Point", "coordinates": [-106.5275650024, 39.6017227173]}, "properties": {"species": "Coprinus comatus", "date": "2021-09-07", "location": "Avon", "elevation": 2670.0, "num_identification_agreements": 2, "tavg": null, "tmin": 10.0, "tmax": 20.0, "day_of_year": 250, "uuid": "566012b7-671f-4bd0-8308-2f2bcef2b02b", "inat_id": 94038110}}, {"type": "Feature", "geometry": {"type": "Point", "coordinates": [-105.845256, 39.6990628056]}, "properties": {"species": "Coprinus comatus", "date": "2021-09-05", "location": "Clear Creek County, CO, USA", "elevation": 3124.0, "num_identification_agreements": 2, "tavg": null, "tmin": 7.0, "tmax": 16.0, "day_of_year": 248, "uuid": "742d2dda-377a-40a2-899e-034905910e69", "inat_id": 94025333}}, {"type": "Feature", "geometry": {"type": "Point", "coordinates": [-106.8094333333, 40.2350383333]}, "properties": {"species": "Coprinus comatus", "date": "2021-09-06", "location": "Ute Trail, Oak Creek, CO, US", "elevation": 2399.0, "num_identification_agreements": 2, "tavg": null, "tmin": 2.7, "tmax": 27.4, "day_of_year": 249, "uuid": "5c3d34be-dd01-4ef3-8263-2309c1297179", "inat_id": 93953799}}, {"type": "Feature", "geometry": {"type": "Point", "coordinates": [-108.0930977608, 39.052209967]}, "properties": {"species": "Coprinus comatus", "date": "2021-09-06", "location": "Grand Mesa National Forest, Whitewater, CO, US", "elevation": 2994.0, "num_identification_agreements": 2, "tavg": null, "tmin": 11.7, "tmax": 34.0, "day_of_year": 249, "uuid": "57904b02-161f-43f6-94ee-f4fe54684ac9", "inat_id": 93936508}}, {"type": "Feature", "geometry": {"type": "Point", "coordinates": [-105.0233324804, 40.5365404627]}, "properties": {"species": "Coprinus comatus", "date": "2021-09-05", "location": "Kentford Rd, Fort Collins, CO, US", "elevation": 1505.0, "num_identification_agreements": 2, "tavg": null, "tmin": 11.7, "tmax": 32.2, "day_of_year": 248, "uuid": "3af8f1a2-3ba3-42f0-952e-421454fe7a89", "inat_id": 93779599}}, {"type": "Feature", "geometry": {"type": "Point", "coordinates": [-105.5759366667, 41.3134783333]}, "properties": {"species": "Coprinus comatus", "date": "2021-09-02", "location": "Greenhill Cemetery, Laramie, WY, US", "elevation": 2199.0, "num_identification_agreements": 2, "tavg": null, "tmin": null, "tmax": null, "day_of_year": 245, "uuid": "c1ad2f9f-ec8c-4d99-9483-88ab2214c93c", "inat_id": 93639420}}, {"type": "Feature", "geometry": {"type": "Point", "coordinates": [-109.5272093759, 40.4694430817]}, "properties": {"species": "Coprinus comatus", "date": "2021-09-04", "location": "N Vernal Ave, Vernal, UT, US", "elevation": 1627.0, "num_identification_agreements": 3, "tavg": null, "tmin": 12.2, "tmax": 27.2, "day_of_year": 247, "uuid": "44966e57-25c2-4c03-8346-3cd4a9983d3c", "inat_id": 93585635}}, {"type": "Feature", "geometry": {"type": "Point", "coordinates": [-105.93843636, 35.72000851]}, "properties": {"species": "Coprinus comatus", "date": "2021-09-03", "location": "Santa Fe, NM, USA", "elevation": 2212.0, "num_identification_agreements": 2, "tavg": null, "tmin": 13.3, "tmax": 28.9, "day_of_year": 246, "uuid": "b661bc12-cce5-49e8-88d1-13112d96af9c", "inat_id": 93527600}}, {"type": "Feature", "geometry": {"type": "Point", "coordinates": [-105.8664245605, 40.2255516052]}, "properties": {"species": "Coprinus comatus", "date": "2021-09-02", "location": "Grand Lake", "elevation": 2594.0, "num_identification_agreements": 1, "tavg": null, "tmin": 10.2, "tmax": 20.5, "day_of_year": 245, "uuid": "6d705b7c-bb0b-479b-aa19-c61564582345", "inat_id": 93423570}}, {"type": "Feature", "geometry": {"type": "Point", "coordinates": [-105.8110720164, 40.2496384935]}, "properties": {"species": "Coprinus comatus", "date": "2021-09-01", "location": "Shadow Mountain National Recreation Area, Grand Lake, CO, US", "elevation": 2581.0, "num_identification_agreements": 2, "tavg": null, "tmin": 9.0, "tmax": 18.6, "day_of_year": 244, "uuid": "cdb4e9f3-0b46-4350-9a99-27307ed7ffda", "inat_id": 93290386}}, {"type": "Feature", "geometry": {"type": "Point", "coordinates": [-105.9437656, 39.6075962]}, "properties": {"species": "Coprinus comatus", "date": "2021-08-26", "location": "100 Dercum Square, Keystone, CO 80435, USA", "elevation": 2855.0, "num_identification_agreements": 2, "tavg": null, "tmin": 1.5, "tmax": 14.8, "day_of_year": 238, "uuid": "05c005fb-a390-468f-832d-e0aaff908f0c", "inat_id": 92636232}}, {"type": "Feature", "geometry": {"type": "Point", "coordinates": [-106.9852830482, 40.7018724155]}, "properties": {"species": "Coprinus comatus", "date": "2021-08-23", "location": "Routt County, US-CO, US", "elevation": 2441.0, "num_identification_agreements": 2, "tavg": null, "tmin": 6.4, "tmax": 27.6, "day_of_year": 235, "uuid": "728c2b35-d556-4d4b-956c-a8be7dd312b8", "inat_id": 92586035}}, {"type": "Feature", "geometry": {"type": "Point", "coordinates": [-105.1026901603, 39.8005243218]}, "properties": {"species": "Coprinus comatus", "date": "2015-09-25", "location": "9400 Ralston Road", "elevation": 1634.0, "num_identification_agreements": 2, "tavg": null, "tmin": 7.2, "tmax": 28.2, "day_of_year": 268, "uuid": "23d581ee-6de9-4d12-8f3c-73bffb850dae", "inat_id": 92363598}}, {"type": "Feature", "geometry": {"type": "Point", "coordinates": [-105.7283685514, 39.6061353538]}, "properties": {"species": "Coprinus comatus", "date": "2021-07-27", "location": "Clear Creek County, CO, USA", "elevation": 3465.0, "num_identification_agreements": 2, "tavg": null, "tmin": 12.0, "tmax": 23.0, "day_of_year": 208, "uuid": "286c36cf-9715-48d4-b2da-43f694fc56fb", "inat_id": 92043239}}, {"type": "Feature", "geometry": {"type": "Point", "coordinates": [-105.6396748963, 35.9228570503]}, "properties": {"species": "Coprinus comatus", "date": "2021-08-13", "location": "Santa Fe National Forest, mora, NM, US", "elevation": 3627.0, "num_identification_agreements": 2, "tavg": null, "tmin": null, "tmax": null, "day_of_year": 225, "uuid": "65584254-51d9-4b58-bd9e-73e1d3074cfa", "inat_id": 91810238}}, {"type": "Feature", "geometry": {"type": "Point", "coordinates": [-107.6632383333, 39.6114833333]}, "properties": {"species": "Coprinus comatus", "date": "2021-06-01", "location": "Harvey Gap State Park, Rifle, CO, US", "elevation": 1959.0, "num_identification_agreements": 2, "tavg": null, "tmin": 7.8, "tmax": 28.3, "day_of_year": 152, "uuid": "463904d6-feb4-46be-a4b4-3e327ee8e92c", "inat_id": 91701687}}, {"type": "Feature", "geometry": {"type": "Point", "coordinates": [-107.8076980331, 37.9375284058]}, "properties": {"species": "Coprinus comatus", "date": "2021-08-18", "location": "Grand Mesa National Forest, Telluride, CO, US", "elevation": 2708.0, "num_identification_agreements": 2, "tavg": null, "tmin": 11.0, "tmax": 21.0, "day_of_year": 230, "uuid": "ea6ef83b-7051-40d0-99c2-b2ed156dca19", "inat_id": 91647779}}, {"type": "Feature", "geometry": {"type": "Point", "coordinates": [-106.5174641368, 39.6430932451]}, "properties": {"species": "Coprinus comatus", "date": "2021-08-18", "location": "White River National Forest, Avon, CO, US", "elevation": 2331.0, "num_identification_agreements": 2, "tavg": null, "tmin": 8.0, "tmax": 18.0, "day_of_year": 230, "uuid": "8a2f7fb9-239f-43ad-a85b-b9f0429ec312", "inat_id": 91640579}}, {"type": "Feature", "geometry": {"type": "Point", "coordinates": [-106.518661499, 39.6425666809]}, "properties": {"species": "Coprinus comatus", "date": "2021-08-18", "location": "Avon", "elevation": 2331.0, "num_identification_agreements": 2, "tavg": null, "tmin": 8.0, "tmax": 18.0, "day_of_year": 230, "uuid": "48e756ca-cb2a-49c9-a311-3d8e5988a405", "inat_id": 91640517}}, {"type": "Feature", "geometry": {"type": "Point", "coordinates": [-107.2061916667, 39.8920027778]}, "properties": {"species": "Coprinus comatus", "date": "2021-07-28", "location": "Garfield, Colorado, United States", "elevation": 3428.0, "num_identification_agreements": 2, "tavg": null, "tmin": 16.1, "tmax": 34.4, "day_of_year": 209, "uuid": "46a1a708-50e0-4478-a525-bf22f8085f4f", "inat_id": 91592194}}, {"type": "Feature", "geometry": {"type": "Point", "coordinates": [-105.6431540587, 37.9342150864]}, "properties": {"species": "Coprinus comatus", "date": "2021-08-17", "location": "Tranquil Way, Moffat, CO, US", "elevation": 2588.0, "num_identification_agreements": 2, "tavg": null, "tmin": null, "tmax": null, "day_of_year": 229, "uuid": "a7be9506-c06f-4955-b454-d0852c7c6735", "inat_id": 91573396}}, {"type": "Feature", "geometry": {"type": "Point", "coordinates": [-105.8103869018, 39.9840926193]}, "properties": {"species": "Coprinus comatus", "date": "2021-08-15", "location": "County Road 8302, Granby, CO, US", "elevation": 2613.0, "num_identification_agreements": 2, "tavg": null, "tmin": 6.8, "tmax": 22.9, "day_of_year": 227, "uuid": "1a1cd903-9d07-4769-804f-b502c1bfed13", "inat_id": 91266416}}, {"type": "Feature", "geometry": {"type": "Point", "coordinates": [-105.226167637, 38.6671543925]}, "properties": {"species": "Coprinus comatus", "date": "2021-08-13", "location": "Teller County, CO, USA", "elevation": 2114.0, "num_identification_agreements": 3, "tavg": null, "tmin": 16.6, "tmax": 28.1, "day_of_year": 225, "uuid": "63bacecf-f960-486e-a8be-7c4484187606", "inat_id": 91081592}}, {"type": "Feature", "geometry": {"type": "Point", "coordinates": [-105.9447857281, 39.980001697]}, "properties": {"species": "Coprinus comatus", "date": "2021-08-12", "location": "CR-53, Granby, CO, US", "elevation": 2679.0, "num_identification_agreements": 3, "tavg": null, "tmin": 4.2, "tmax": 27.5, "day_of_year": 224, "uuid": "480ededb-ab0f-45b7-804a-42ce4290ae86", "inat_id": 91075509}}, {"type": "Feature", "geometry": {"type": "Point", "coordinates": [-106.2735972222, 39.6545527778]}, "properties": {"species": "Coprinus comatus", "date": "2021-07-14", "location": "Eagle, Colorado, United States", "elevation": 2996.0, "num_identification_agreements": 2, "tavg": null, "tmin": 7.0, "tmax": 12.0, "day_of_year": 195, "uuid": "8b6d8332-5a8d-4d2c-bb91-74ccd0c83a5d", "inat_id": 91045984}}, {"type": "Feature", "geometry": {"type": "Point", "coordinates": [-105.7756174698, 39.8748812459]}, "properties": {"species": "Coprinus comatus", "date": "2021-08-12", "location": "Winter Park Resort, Winter Park, CO, US", "elevation": 3257.0, "num_identification_agreements": 2, "tavg": null, "tmin": 4.2, "tmax": 27.5, "day_of_year": 224, "uuid": "fb9ff22c-cb72-4ff1-a633-02162052ac6a", "inat_id": 90944897}}, {"type": "Feature", "geometry": {"type": "Point", "coordinates": [-106.0975203, 39.5744309]}, "properties": {"species": "Coprinus comatus", "date": "2021-08-04", "location": "Frisco, CO, USA", "elevation": 2771.0, "num_identification_agreements": 2, "tavg": null, "tmin": 7.0, "tmax": 16.0, "day_of_year": 216, "uuid": "f676ece8-d742-48f0-ba72-628c2cd8a489", "inat_id": 90615447}}, {"type": "Feature", "geometry": {"type": "Point", "coordinates": [-110.486825, 40.9557694444]}, "properties": {"species": "Coprinus comatus", "date": "2021-08-08", "location": "Summit County, US-UT, US", "elevation": 2903.0, "num_identification_agreements": 2, "tavg": null, "tmin": 13.9, "tmax": 30.9, "day_of_year": 220, "uuid": "38ef6d36-02f4-4ed1-8b77-7eb306d1b4d0", "inat_id": 90435650}}, {"type": "Feature", "geometry": {"type": "Point", "coordinates": [-106.0460891724, 39.4676933289]}, "properties": {"species": "Coprinus comatus", "date": "2021-08-06", "location": "Breckenridge", "elevation": 2990.0, "num_identification_agreements": 2, "tavg": null, "tmin": 2.8, "tmax": 21.7, "day_of_year": 218, "uuid": "1848a48c-c3f6-435e-99f4-945f1ea24476", "inat_id": 90198647}}, {"type": "Feature", "geometry": {"type": "Point", "coordinates": [-105.9347355, 39.5965645]}, "properties": {"species": "Coprinus comatus", "date": "2021-08-04", "location": "White River National Forest, Dillon, CO, US", "elevation": 3170.0, "num_identification_agreements": 3, "tavg": null, "tmin": 7.0, "tmax": 16.0, "day_of_year": 216, "uuid": "1fdf60a9-59f9-49bb-a293-e6a462b08242", "inat_id": 90109877}}, {"type": "Feature", "geometry": {"type": "Point", "coordinates": [-105.5630449343, 38.0793034959]}, "properties": {"species": "Coprinus comatus", "date": "2021-07-27", "location": "Custer County, CO, USA", "elevation": 2751.0, "num_identification_agreements": 2, "tavg": null, "tmin": null, "tmax": null, "day_of_year": 208, "uuid": "c6eac282-3915-4ef6-bb4f-02758ed36970", "inat_id": 90040172}}, {"type": "Feature", "geometry": {"type": "Point", "coordinates": [-106.0425567627, 39.4709510803]}, "properties": {"species": "Coprinus comatus", "date": "2021-08-05", "location": "Summit County, US-CO, US", "elevation": 2969.0, "num_identification_agreements": 1, "tavg": null, "tmin": 1.1, "tmax": 22.2, "day_of_year": 217, "uuid": "7ae09573-a182-4a38-90d1-31f890c0c35d", "inat_id": 90035700}}, {"type": "Feature", "geometry": {"type": "Point", "coordinates": [-106.9669883333, 37.95753]}, "properties": {"species": "Coprinus comatus", "date": "2021-07-28", "location": "Rio Grande National Forest, Creede, CO, US", "elevation": 3554.0, "num_identification_agreements": 2, "tavg": null, "tmin": null, "tmax": null, "day_of_year": 209, "uuid": "55654b07-3598-4478-953b-c3d1160a3285", "inat_id": 89041799}}, {"type": "Feature", "geometry": {"type": "Point", "coordinates": [-105.6224966667, 41.3112633333]}, "properties": {"species": "Coprinus comatus", "date": "2021-07-24", "location": "S Lincoln St, Laramie, WY, US", "elevation": 2187.0, "num_identification_agreements": 3, "tavg": null, "tmin": null, "tmax": null, "day_of_year": 205, "uuid": "4f5b1772-4e7c-4c43-bffa-810735acf584", "inat_id": 88773327}}, {"type": "Feature", "geometry": {"type": "Point", "coordinates": [-107.72705, 37.4878694444]}, "properties": {"species": "Coprinus comatus", "date": "2021-07-20", "location": "Durango, CO 81301, USA", "elevation": 3158.0, "num_identification_agreements": 2, "tavg": null, "tmin": 15.0, "tmax": 30.0, "day_of_year": 201, "uuid": "c03c8a29-2af5-40df-a515-e6273389a831", "inat_id": 87931194}}, {"type": "Feature", "geometry": {"type": "Point", "coordinates": [-103.2533416667, 44.0741611667]}, "properties": {"species": "Coprinus comatus", "date": "2017-08-27", "location": "Jackson Blvd, Rapid City, SD, US", "elevation": 1006.0, "num_identification_agreements": 2, "tavg": null, "tmin": 12.2, "tmax": 30.0, "day_of_year": 239, "uuid": "3c1bc64d-0ae8-4bc9-a797-ec56570bb0bf", "inat_id": 87201056}}, {"type": "Feature", "geometry": {"type": "Point", "coordinates": [-107.7641133333, 37.32038]}, "properties": {"species": "Coprinus comatus", "date": "2021-07-14", "location": "N East Cir, Durango, CO, US", "elevation": 2226.0, "num_identification_agreements": 2, "tavg": null, "tmin": 14.4, "tmax": 23.9, "day_of_year": 195, "uuid": "d8c16bb8-5f27-4e0d-9746-81b6fcc85427", "inat_id": 87056206}}, {"type": "Feature", "geometry": {"type": "Point", "coordinates": [-105.3056996, 39.5202516]}, "properties": {"species": "Coprinus comatus", "date": "2021-07-10", "location": "Conifer, CO 80433, USA", "elevation": 2535.0, "num_identification_agreements": 1, "tavg": null, "tmin": 17.2, "tmax": 26.7, "day_of_year": 191, "uuid": "ac21f3bb-3b42-49ca-a117-bdbc0411b850", "inat_id": 86803246}}, {"type": "Feature", "geometry": {"type": "Point", "coordinates": [-106.2803633333, 38.8170866667]}, "properties": {"species": "Coprinus comatus", "date": "2021-07-10", "location": "Pike and San Isabel National Forests, Buena Vista, CO, US", "elevation": 2961.0, "num_identification_agreements": 1, "tavg": null, "tmin": 8.6, "tmax": 30.1, "day_of_year": 191, "uuid": "78695765-51e4-46df-a420-133281d2f0ad", "inat_id": 86497834}}, {"type": "Feature", "geometry": {"type": "Point", "coordinates": [-105.4520472746, 39.8750506549]}, "properties": {"species": "Coprinus comatus", "date": "2021-07-10", "location": "Golden Gate Canyon State Park, Black Hawk, CO, US", "elevation": 2783.0, "num_identification_agreements": 2, "tavg": null, "tmin": 18.0, "tmax": 28.0, "day_of_year": 191, "uuid": "00f4114b-2c7b-47aa-abb3-642900755c2f", "inat_id": 86470328}}, {"type": "Feature", "geometry": {"type": "Point", "coordinates": [-107.0499452118, 38.9728929894]}, "properties": {"species": "Coprinus comatus", "date": "2021-07-08", "location": "Gunnison County, CO, USA", "elevation": 3309.0, "num_identification_agreements": 2, "tavg": null, "tmin": 13.3, "tmax": 31.7, "day_of_year": 189, "uuid": "caf5b003-9d64-4d10-b24d-cf2d54a3cce3", "inat_id": 86327242}}, {"type": "Feature", "geometry": {"type": "Point", "coordinates": [-107.0153158889, 38.981696]}, "properties": {"species": "Coprinus comatus", "date": "2021-07-01", "location": "Crested Butte, CO 81224, USA", "elevation": 3194.0, "num_identification_agreements": 3, "tavg": null, "tmin": 10.6, "tmax": 22.2, "day_of_year": 182, "uuid": "b723fd68-c697-4ba5-a9b4-8f21a0aedb82", "inat_id": 85727702}}, {"type": "Feature", "geometry": {"type": "Point", "coordinates": [-104.9273608, 39.6347165]}, "properties": {"species": "Coprinus comatus", "date": "2021-06-14", "location": "Cherry Hills Village, CO, USA", "elevation": 1682.0, "num_identification_agreements": 2, "tavg": null, "tmin": 16.1, "tmax": 35.0, "day_of_year": 165, "uuid": "4ec2e102-d401-49ab-8576-9d2d1789e0df", "inat_id": 83071712}}, {"type": "Feature", "geometry": {"type": "Point", "coordinates": [-104.9085511175, 39.5502976142]}, "properties": {"species": "Coprinus comatus", "date": "2021-06-10", "location": "Mountain Brush Cir, Highlands Ranch, CO, US", "elevation": 1795.0, "num_identification_agreements": 2, "tavg": null, "tmin": 18.3, "tmax": 34.4, "day_of_year": 161, "uuid": "3f7e7d6d-f2a4-45ef-821b-a2f008b7e3ca", "inat_id": 82469428}}, {"type": "Feature", "geometry": {"type": "Point", "coordinates": [-104.9998996943, 40.529996009]}, "properties": {"species": "Coprinus comatus", "date": "2021-05-17", "location": "E Horsetooth Rd, Fort Collins, CO, US", "elevation": 1478.0, "num_identification_agreements": 3, "tavg": null, "tmin": 9.4, "tmax": 17.8, "day_of_year": 137, "uuid": "f8f03dd3-0562-4f9c-8369-25667cdca333", "inat_id": 82454904}}, {"type": "Feature", "geometry": {"type": "Point", "coordinates": [-105.1585770026, 40.1475902202]}, "properties": {"species": "Coprinus comatus", "date": "2021-06-01", "location": "Longmont, CO, USA", "elevation": 1531.0, "num_identification_agreements": 2, "tavg": null, "tmin": 5.8, "tmax": 21.3, "day_of_year": 152, "uuid": "92673417-9a7d-47e4-8332-e9446e3bd8e2", "inat_id": 81253565}}, {"type": "Feature", "geometry": {"type": "Point", "coordinates": [-105.1279007476, 39.611137139]}, "properties": {"species": "Coprinus comatus", "date": "2021-06-01", "location": "S Routt St, Littleton, CO, US", "elevation": 1763.0, "num_identification_agreements": 2, "tavg": null, "tmin": 6.1, "tmax": 18.3, "day_of_year": 152, "uuid": "8c5702fc-eda5-43fd-b126-701132378e00", "inat_id": 81250140}}, {"type": "Feature", "geometry": {"type": "Point", "coordinates": [-105.0994805, 39.8499216667]}, "properties": {"species": "Coprinus comatus", "date": "2021-05-31", "location": "Arvada Volunteer Fire Fighters Park, Arvada, CO, US", "elevation": 1688.0, "num_identification_agreements": 1, "tavg": null, "tmin": 8.0, "tmax": 14.0, "day_of_year": 151, "uuid": "d4c4299c-ab86-4b08-833d-bf0b876ab47d", "inat_id": 81242717}}, {"type": "Feature", "geometry": {"type": "Point", "coordinates": [-105.0966721667, 39.8502833333]}, "properties": {"species": "Coprinus comatus", "date": "2021-05-31", "location": "Everett Way, Arvada, CO, US", "elevation": 1683.0, "num_identification_agreements": 2, "tavg": null, "tmin": 8.0, "tmax": 14.0, "day_of_year": 151, "uuid": "ba949063-0c9a-4bcc-9751-5650ed06a8a5", "inat_id": 81242674}}, {"type": "Feature", "geometry": {"type": "Point", "coordinates": [-105.25591918, 40.00730177]}, "properties": {"species": "Coprinus comatus", "date": "2021-05-31", "location": "Baseline Sub, Boulder, CO, USA", "elevation": 1620.0, "num_identification_agreements": 1, "tavg": null, "tmin": 8.0, "tmax": 15.0, "day_of_year": 151, "uuid": "dd99332f-5dd2-4452-8784-f78b0468902b", "inat_id": 81079812}}, {"type": "Feature", "geometry": {"type": "Point", "coordinates": [-104.8919533333, 39.7283783333]}, "properties": {"species": "Coprinus comatus", "date": "2021-05-23", "location": "Great Lawn Park, Denver, CO, US", "elevation": 1639.0, "num_identification_agreements": 2, "tavg": null, "tmin": 12.3, "tmax": 22.5, "day_of_year": 143, "uuid": "b419c42b-36c8-42bc-8569-3d863c38f17f", "inat_id": 81035287}}, {"type": "Feature", "geometry": {"type": "Point", "coordinates": [-104.6992527778, 38.6810638889]}, "properties": {"species": "Coprinus comatus", "date": "2021-05-30", "location": "Fountain, CO, USA", "elevation": 1687.0, "num_identification_agreements": 2, "tavg": null, "tmin": 9.7, "tmax": 16.6, "day_of_year": 150, "uuid": "2f333c03-c987-4f74-8961-72b2fdb1886f", "inat_id": 80925501}}, {"type": "Feature", "geometry": {"type": "Point", "coordinates": [-104.87732641, 39.69631061]}, "properties": {"species": "Coprinus comatus", "date": "2021-05-29", "location": "Arapahoe County, US-CO, US", "elevation": 1674.0, "num_identification_agreements": 2, "tavg": null, "tmin": 12.3, "tmax": 22.2, "day_of_year": 149, "uuid": "2b16f0c9-996a-4320-b0ba-dff80321823e", "inat_id": 80751081}}, {"type": "Feature", "geometry": {"type": "Point", "coordinates": [-105.1375788972, 40.1830116149]}, "properties": {"species": "Coprinus comatus", "date": "2021-05-27", "location": "Hover Acres Park, Longmont, CO, US", "elevation": 1553.0, "num_identification_agreements": 3, "tavg": null, "tmin": 8.7, "tmax": 23.5, "day_of_year": 147, "uuid": "4cd890e6-da7c-423d-a69d-ba1541acac98", "inat_id": 80526885}}, {"type": "Feature", "geometry": {"type": "Point", "coordinates": [-105.0897833333, 39.8446666667]}, "properties": {"species": "Coprinus comatus", "date": "2021-05-26", "location": "Ammons Way, Arvada, CO, US", "elevation": 1671.0, "num_identification_agreements": 2, "tavg": null, "tmin": 11.0, "tmax": 24.0, "day_of_year": 146, "uuid": "1cd44b14-4ac2-405a-9757-882ac52a58b4", "inat_id": 80436575}}, {"type": "Feature", "geometry": {"type": "Point", "coordinates": [-104.7591357306, 39.6633127718]}, "properties": {"species": "Coprinus comatus", "date": "2021-05-24", "location": "2926 S Espana Ct", "elevation": 1723.0, "num_identification_agreements": 1, "tavg": null, "tmin": 4.4, "tmax": 22.3, "day_of_year": 144, "uuid": "b9fbbb85-0a8b-454b-aa68-c0d6dbac8c69", "inat_id": 80194730}}, {"type": "Feature", "geometry": {"type": "Point", "coordinates": [-105.2885749564, 40.0140907389]}, "properties": {"species": "Coprinus comatus", "date": "2021-05-23", "location": "Lower Arapahoe, Boulder, CO, USA", "elevation": 1649.0, "num_identification_agreements": 2, "tavg": null, "tmin": 10.0, "tmax": 24.0, "day_of_year": 143, "uuid": "2e93b759-7ed2-4f01-8691-ba7c1ead526b", "inat_id": 80185798}}, {"type": "Feature", "geometry": {"type": "Point", "coordinates": [-103.1497721667, 43.55232]}, "properties": {"species": "Coprinus comatus", "date": "2021-05-23", "location": "Buffalo Gap, SD, US", "elevation": 955.0, "num_identification_agreements": 2, "tavg": null, "tmin": 4.4, "tmax": 15.0, "day_of_year": 143, "uuid": "41162acd-2915-4467-89a0-ae9db62c2d1f", "inat_id": 80092364}}, {"type": "Feature", "geometry": {"type": "Point", "coordinates": [-105.0835805, 40.3908883333]}, "properties": {"species": "Coprinus comatus", "date": "2021-05-21", "location": "Hewlett - Packard Big Thompson, Loveland, CO, US", "elevation": 1511.0, "num_identification_agreements": 1, "tavg": null, "tmin": 10.6, "tmax": 22.2, "day_of_year": 141, "uuid": "538dbc80-f335-4af6-83ed-afccf69b7bdb", "inat_id": 80039939}}, {"type": "Feature", "geometry": {"type": "Point", "coordinates": [-105.1237607095, 39.8740265389]}, "properties": {"species": "Coprinus comatus", "date": "2021-05-23", "location": "Standley Lake Regional Park, Westminster, CO, US", "elevation": 1680.0, "num_identification_agreements": 1, "tavg": null, "tmin": 11.0, "tmax": 23.0, "day_of_year": 143, "uuid": "14997e08-04fc-465c-8cb9-5206e2ec5cbf", "inat_id": 80037359}}, {"type": "Feature", "geometry": {"type": "Point", "coordinates": [-105.0910638333, 39.979855]}, "properties": {"species": "Coprinus comatus", "date": "2021-05-22", "location": "Old Laramie Trail, Lafayette, CO, US", "elevation": 1585.0, "num_identification_agreements": 1, "tavg": null, "tmin": 6.9, "tmax": 17.8, "day_of_year": 142, "uuid": "c604fbe0-8218-4d65-92df-7afc4007f01d", "inat_id": 79824810}}, {"type": "Feature", "geometry": {"type": "Point", "coordinates": [-105.1280971667, 39.7744116667]}, "properties": {"species": "Coprinus comatus", "date": "2021-05-21", "location": "Prospect Gardens, Wheat Ridge, CO, US", "elevation": 1656.0, "num_identification_agreements": 3, "tavg": null, "tmin": 14.0, "tmax": 24.0, "day_of_year": 141, "uuid": "8607efdb-19b6-45ce-9b04-7bdf0d2e5092", "inat_id": 79721336}}, {"type": "Feature", "geometry": {"type": "Point", "coordinates": [-105.2912470325, 39.9631490387]}, "properties": {"species": "Coprinus comatus", "date": "2021-05-16", "location": "Boulder County, CO, USA", "elevation": 2282.0, "num_identification_agreements": 3, "tavg": null, "tmin": 10.0, "tmax": 14.0, "day_of_year": 136, "uuid": "dbb2254a-d4a8-4f59-886b-06370e5b4510", "inat_id": 79601938}}, {"type": "Feature", "geometry": {"type": "Point", "coordinates": [-105.0978305, 39.8494]}, "properties": {"species": "Coprinus comatus", "date": "2021-05-19", "location": "Arvada Volunteer Fire Fighters Park, Arvada, CO, US", "elevation": 1687.0, "num_identification_agreements": 2, "tavg": null, "tmin": 8.0, "tmax": 22.0, "day_of_year": 139, "uuid": "4f757ab5-dd42-42de-989b-5f4397b97bd8", "inat_id": 79482653}}, {"type": "Feature", "geometry": {"type": "Point", "coordinates": [-105.1276638333, 39.77432]}, "properties": {"species": "Coprinus comatus", "date": "2021-05-19", "location": "Prospect Park, Wheat Ridge, CO, US", "elevation": 1656.0, "num_identification_agreements": 1, "tavg": null, "tmin": 8.0, "tmax": 22.0, "day_of_year": 139, "uuid": "1901802b-1b65-4075-aa2d-77370e7807cd", "inat_id": 79482490}}, {"type": "Feature", "geometry": {"type": "Point", "coordinates": [-105.0702209473, 39.8673286438]}, "properties": {"species": "Coprinus comatus", "date": "2021-05-19", "location": "Jefferson County, US-CO, US", "elevation": 1663.0, "num_identification_agreements": 1, "tavg": null, "tmin": 8.0, "tmax": 22.0, "day_of_year": 139, "uuid": "5f304047-eb22-423f-afd2-2243d7d5f60f", "inat_id": 79461521}}, {"type": "Feature", "geometry": {"type": "Point", "coordinates": [-104.95855, 40.4859616667]}, "properties": {"species": "Coprinus comatus", "date": "2021-05-19", "location": "River Bluffs Open Space, Windsor, CO, US", "elevation": 1465.0, "num_identification_agreements": 2, "tavg": null, "tmin": 7.8, "tmax": 22.2, "day_of_year": 139, "uuid": "3cca4b5d-c4b3-4c8b-8b10-a1ca31a95b33", "inat_id": 79436329}}, {"type": "Feature", "geometry": {"type": "Point", "coordinates": [-104.6834383333, 40.5098883333]}, "properties": {"species": "Coprinus comatus", "date": "2021-05-18", "location": "County Road 72, Eaton, CO, US", "elevation": 1461.0, "num_identification_agreements": 2, "tavg": null, "tmin": 8.9, "tmax": 18.9, "day_of_year": 138, "uuid": "041951ea-49da-4bf7-bba1-9d3199d369c6", "inat_id": 79324306}}, {"type": "Feature", "geometry": {"type": "Point", "coordinates": [-105.1183833333, 39.775175]}, "properties": {"species": "Coprinus comatus", "date": "2021-05-18", "location": "Fruitdale, Wheat Ridge, CO 80033, USA", "elevation": 1647.0, "num_identification_agreements": 2, "tavg": null, "tmin": 8.0, "tmax": 14.0, "day_of_year": 138, "uuid": "b09dd3cd-0aad-477c-9a1d-af2106414a8b", "inat_id": 79291401}}, {"type": "Feature", "geometry": {"type": "Point", "coordinates": [-105.2117538452, 40.0608634949]}, "properties": {"species": "Coprinus comatus", "date": "2021-05-17", "location": "Boulder", "elevation": 1588.0, "num_identification_agreements": 2, "tavg": null, "tmin": 9.0, "tmax": 17.0, "day_of_year": 137, "uuid": "f22f15ec-63cb-48fc-945f-425d9e919c82", "inat_id": 79192434}}, {"type": "Feature", "geometry": {"type": "Point", "coordinates": [-105.0807, 40.5704583333]}, "properties": {"species": "Coprinus comatus", "date": "2021-05-17", "location": "Libbie Coy & Pitkin, Fort Collins, CO 80521, USA", "elevation": 1529.0, "num_identification_agreements": 1, "tavg": null, "tmin": 9.4, "tmax": 17.8, "day_of_year": 137, "uuid": "332fa479-9762-4ba5-b7a6-85fec2a0cd67", "inat_id": 79155200}}, {"type": "Feature", "geometry": {"type": "Point", "coordinates": [-105.0938028333, 39.8444283333]}, "properties": {"species": "Coprinus comatus", "date": "2021-05-16", "location": "Pomona Lake Number 2, Arvada, CO, US", "elevation": 1669.0, "num_identification_agreements": 2, "tavg": null, "tmin": 11.0, "tmax": 15.0, "day_of_year": 136, "uuid": "a7909d0f-53e6-4a75-8833-ac7dd74a3688", "inat_id": 79082471}}, {"type": "Feature", "geometry": {"type": "Point", "coordinates": [-105.098, 39.849895]}, "properties": {"species": "Coprinus comatus", "date": "2021-05-16", "location": "Everett Way, Arvada, CO, US", "elevation": 1688.0, "num_identification_agreements": 2, "tavg": null, "tmin": 11.0, "tmax": 15.0, "day_of_year": 136, "uuid": "8224541e-e349-4f91-98ad-20e32f5d53c3", "inat_id": 79082417}}, {"type": "Feature", "geometry": {"type": "Point", "coordinates": [-105.1291721667, 39.7763133333]}, "properties": {"species": "Coprinus comatus", "date": "2021-05-15", "location": "W 44th Ave, Wheat Ridge, CO, US", "elevation": 1655.0, "num_identification_agreements": 2, "tavg": null, "tmin": 10.0, "tmax": 18.0, "day_of_year": 135, "uuid": "1c783a82-cdca-4cfa-b0f0-1cc1625697e7", "inat_id": 78997401}}, {"type": "Feature", "geometry": {"type": "Point", "coordinates": [-104.80265, 40.4423216667]}, "properties": {"species": "Coprinus comatus", "date": "2021-05-15", "location": "Signature Bluffs Natural Area, Greeley, CO, US", "elevation": 1440.0, "num_identification_agreements": 1, "tavg": null, "tmin": 9.4, "tmax": 18.9, "day_of_year": 135, "uuid": "c22ab395-b999-491d-9eda-9e563a10ede5", "inat_id": 78881557}}, {"type": "Feature", "geometry": {"type": "Point", "coordinates": [-104.7985916667, 40.4428883333]}, "properties": {"species": "Coprinus comatus", "date": "2021-05-15", "location": "Signature Bluffs Natural Area, Greeley, CO, US", "elevation": 1442.0, "num_identification_agreements": 2, "tavg": null, "tmin": 9.4, "tmax": 18.9, "day_of_year": 135, "uuid": "101bb286-8c93-4839-8f1f-14c847f8a959", "inat_id": 78881410}}, {"type": "Feature", "geometry": {"type": "Point", "coordinates": [-105.0946666667, 39.8442633333]}, "properties": {"species": "Coprinus comatus", "date": "2021-05-13", "location": "Meadowglen Park, Arvada, CO, US", "elevation": 1669.0, "num_identification_agreements": 2, "tavg": null, "tmin": 5.0, "tmax": 24.0, "day_of_year": 133, "uuid": "b1f8d2f8-18aa-4e19-9e94-4108aa4782a8", "inat_id": 78644189}}, {"type": "Feature", "geometry": {"type": "Point", "coordinates": [-105.0769278333, 39.8570783333]}, "properties": {"species": "Coprinus comatus", "date": "2021-05-13", "location": "Town Center at Brookhill, Westminster, CO, US", "elevation": 1665.0, "num_identification_agreements": 2, "tavg": null, "tmin": 5.0, "tmax": 24.0, "day_of_year": 133, "uuid": "b2ae1432-5fd8-4f24-bb74-5cfc42d4668e", "inat_id": 78644147}}, {"type": "Feature", "geometry": {"type": "Point", "coordinates": [-105.0754083333, 39.85673]}, "properties": {"species": "Coprinus comatus", "date": "2021-05-13", "location": "Town Center at Brookhill, Westminster, CO, US", "elevation": 1665.0, "num_identification_agreements": 1, "tavg": null, "tmin": 5.0, "tmax": 24.0, "day_of_year": 133, "uuid": "b7289a74-f76a-40d4-8b2e-5bbe87657f74", "inat_id": 78644045}}, {"type": "Feature", "geometry": {"type": "Point", "coordinates": [-105.0757221667, 39.8567866667]}, "properties": {"species": "Coprinus comatus", "date": "2021-05-13", "location": "Town Center at Brookhill, Westminster, CO, US", "elevation": 1665.0, "num_identification_agreements": 2, "tavg": null, "tmin": 5.0, "tmax": 24.0, "day_of_year": 133, "uuid": "471987e1-3b85-4781-8a7d-9021aa031e66", "inat_id": 78644019}}, {"type": "Feature", "geometry": {"type": "Point", "coordinates": [-105.0760111667, 39.85678]}, "properties": {"species": "Coprinus comatus", "date": "2021-05-13", "location": "Town Center at Brookhill, Westminster, CO, US", "elevation": 1665.0, "num_identification_agreements": 1, "tavg": null, "tmin": 5.0, "tmax": 24.0, "day_of_year": 133, "uuid": "ac5d7789-5c44-46af-9137-5928117d2459", "inat_id": 78643985}}, {"type": "Feature", "geometry": {"type": "Point", "coordinates": [-104.8569335938, 39.8134803772]}, "properties": {"species": "Coprinus comatus", "date": "2021-05-13", "location": "Denver", "elevation": 1597.0, "num_identification_agreements": 1, "tavg": null, "tmin": 5.4, "tmax": 21.6, "day_of_year": 133, "uuid": "e96b54be-103b-46e5-9291-6ac5b97b4077", "inat_id": 78620841}}, {"type": "Feature", "geometry": {"type": "Point", "coordinates": [-105.091775, 39.8041883333]}, "properties": {"species": "Coprinus comatus", "date": "2021-05-12", "location": "Hoskinson Park, Arvada, CO, US", "elevation": 1632.0, "num_identification_agreements": 1, "tavg": null, "tmin": 2.0, "tmax": 17.0, "day_of_year": 132, "uuid": "74c66c55-a4f8-4ae9-a219-cf868d6fc910", "inat_id": 78531456}}, {"type": "Feature", "geometry": {"type": "Point", "coordinates": [-105.1065111111, 40.0030583333]}, "properties": {"species": "Coprinus comatus", "date": "2021-05-07", "location": "Aspen Ridge Dr & Diamond Circle, Lafayette, CO 80026, USA", "elevation": 1630.0, "num_identification_agreements": 2, "tavg": null, "tmin": 4.3, "tmax": 28.1, "day_of_year": 127, "uuid": "ffd66313-3bcb-4263-9b41-787569456cfa", "inat_id": 78304213}}, {"type": "Feature", "geometry": {"type": "Point", "coordinates": [-107.8245823738, 37.2134479881]}, "properties": {"species": "Coprinus comatus", "date": "2021-05-10", "location": "CR-220, Durango, CO, US", "elevation": 2112.0, "num_identification_agreements": 2, "tavg": null, "tmin": 3.3, "tmax": 18.9, "day_of_year": 130, "uuid": "99ef8733-a572-46f5-98d9-b4a364bc3e06", "inat_id": 78295260}}, {"type": "Feature", "geometry": {"type": "Point", "coordinates": [-105.2628166667, 40.2199283333]}, "properties": {"species": "Coprinus comatus", "date": "2021-05-09", "location": "Ute Hwy, Lyons, CO, US", "elevation": 1625.0, "num_identification_agreements": 3, "tavg": null, "tmin": 6.0, "tmax": 12.0, "day_of_year": 129, "uuid": "5ee83884-c5c2-4a31-8e2b-776071a4bf1a", "inat_id": 78105974}}, {"type": "Feature", "geometry": {"type": "Point", "coordinates": [-105.0807945, 39.8580033333]}, "properties": {"species": "Coprinus comatus", "date": "2021-05-07", "location": "Town Center at Brookhill, Westminster, CO, US", "elevation": 1674.0, "num_identification_agreements": 1, "tavg": null, "tmin": 10.0, "tmax": 28.0, "day_of_year": 127, "uuid": "e52276fc-fe26-42e8-aedb-c1e0fab72a44", "inat_id": 77903347}}, {"type": "Feature", "geometry": {"type": "Point", "coordinates": [-104.824255, 39.6142383333]}, "properties": {"species": "Coprinus comatus", "date": "2021-05-08", "location": "Cherry Creek State Park, Aurora, CO, US", "elevation": 1708.0, "num_identification_agreements": 1, "tavg": null, "tmin": 7.8, "tmax": 21.7, "day_of_year": 128, "uuid": "8bbfdbdd-3660-4e70-b4d6-be97a798afa9", "inat_id": 77885879}}, {"type": "Feature", "geometry": {"type": "Point", "coordinates": [-105.0759666667, 39.85665]}, "properties": {"species": "Coprinus comatus", "date": "2021-05-07", "location": "Town Center at Brookhill, Westminster, CO, US", "elevation": 1665.0, "num_identification_agreements": 1, "tavg": null, "tmin": 10.0, "tmax": 28.0, "day_of_year": 127, "uuid": "c1638476-3ace-4911-8d43-6ebc542425f1", "inat_id": 77825848}}, {"type": "Feature", "geometry": {"type": "Point", "coordinates": [-105.1019138333, 39.8488833333]}, "properties": {"species": "Coprinus comatus", "date": "2021-05-07", "location": "Garland Dr, Arvada, CO, US", "elevation": 1689.0, "num_identification_agreements": 1, "tavg": null, "tmin": 10.0, "tmax": 28.0, "day_of_year": 127, "uuid": "bbe27c6c-66a4-4976-b760-85a97170fd16", "inat_id": 77825809}}, {"type": "Feature", "geometry": {"type": "Point", "coordinates": [-105.1046, 40.1349611667]}, "properties": {"species": "Coprinus comatus", "date": "2021-05-07", "location": "100 Year Party Ct, Longmont, CO, US", "elevation": 1517.0, "num_identification_agreements": 2, "tavg": null, "tmin": 5.8, "tmax": 29.7, "day_of_year": 127, "uuid": "b0fca637-1078-4c6c-998f-f9259d098dfe", "inat_id": 77767586}}, {"type": "Feature", "geometry": {"type": "Point", "coordinates": [-103.249691762, 44.0861711503]}, "properties": {"species": "Coprinus comatus", "date": "2021-05-03", "location": "Rapid City, SD, USA", "elevation": 1038.0, "num_identification_agreements": 2, "tavg": null, "tmin": 0.6, "tmax": 15.0, "day_of_year": 123, "uuid": "3343f1ac-1195-47a7-bade-cd3eb0d8bcb4", "inat_id": 77143434}}, {"type": "Feature", "geometry": {"type": "Point", "coordinates": [-110.8187783333, 39.599305]}, "properties": {"species": "Coprinus comatus", "date": "2021-04-29", "location": "W Price River Dr, Price, UT, US", "elevation": 1688.0, "num_identification_agreements": 2, "tavg": null, "tmin": 4.4, "tmax": 23.9, "day_of_year": 119, "uuid": "9a6b8e6e-99b3-458a-b5bd-f6df80f13858", "inat_id": 75717003}}, {"type": "Feature", "geometry": {"type": "Point", "coordinates": [-108.6939001456, 39.0577735416]}, "properties": {"species": "Coprinus comatus", "date": "2021-04-28", "location": "Colorado National Monument", "elevation": 1924.0, "num_identification_agreements": 2, "tavg": null, "tmin": 1.1, "tmax": 21.7, "day_of_year": 118, "uuid": "b44a2c27-ea7f-482d-962e-25a076ebdbb5", "inat_id": 75711115}}, {"type": "Feature", "geometry": {"type": "Point", "coordinates": [-107.8634493123, 37.932624234]}, "properties": {"species": "Coprinus comatus", "date": "2019-08-20", "location": "Telluride Ski Resort, Mountain Village, CO, US", "elevation": 2919.0, "num_identification_agreements": 2, "tavg": null, "tmin": 11.0, "tmax": 26.0, "day_of_year": 232, "uuid": "9ae2531f-4ebe-48a5-bcbe-d215700f9d08", "inat_id": 70181841}}, {"type": "Feature", "geometry": {"type": "Point", "coordinates": [-103.8701333333, 44.1841666667]}, "properties": {"species": "Coprinus comatus", "date": "2019-10-02", "location": "Black Hills National Forest, Lead, SD, US", "elevation": 2001.0, "num_identification_agreements": 3, "tavg": null, "tmin": 1.0, "tmax": 4.0, "day_of_year": 275, "uuid": "1eeb23f3-a43b-4f5f-a9ea-2c5b1b2a0b9b", "inat_id": 69791618}}, {"type": "Feature", "geometry": {"type": "Point", "coordinates": [-105.5684200965, 40.3646621861]}, "properties": {"species": "Coprinus comatus", "date": "2017-09-11", "location": "Larimer County, CO, USA", "elevation": 2440.0, "num_identification_agreements": 2, "tavg": null, "tmin": null, "tmax": null, "day_of_year": 254, "uuid": "040b7ea0-74e2-46ff-89ec-d8102ac67eb0", "inat_id": 69333694}}, {"type": "Feature", "geometry": {"type": "Point", "coordinates": [-106.277732455, 38.484154365]}, "properties": {"species": "Coprinus comatus", "date": "2017-07-29", "location": "Chaffee County, CO, USA", "elevation": 3194.0, "num_identification_agreements": 2, "tavg": null, "tmin": 14.0, "tmax": 20.7, "day_of_year": 210, "uuid": "c71f4e74-0c6d-4aef-9f8e-2fd8b35c28f5", "inat_id": 66976469}}, {"type": "Feature", "geometry": {"type": "Point", "coordinates": [-105.0627273647, 40.2028122069]}, "properties": {"species": "Coprinus comatus", "date": "2020-11-05", "location": "Tyrrhenian Cir, Longmont, CO, US", "elevation": 1535.0, "num_identification_agreements": 1, "tavg": null, "tmin": 3.9, "tmax": 24.7, "day_of_year": 310, "uuid": "f25e73b7-651d-436f-a35f-1727adee03ba", "inat_id": 64430838}}, {"type": "Feature", "geometry": {"type": "Point", "coordinates": [-105.0957555, 39.85167167]}, "properties": {"species": "Coprinus comatus", "date": "2020-10-21", "location": "Everett Way, Arvada, CO, US", "elevation": 1683.0, "num_identification_agreements": 2, "tavg": null, "tmin": -0.4, "tmax": 19.2, "day_of_year": 295, "uuid": "9da2177e-d35d-46af-b919-167e4240fa7c", "inat_id": 63206303}}, {"type": "Feature", "geometry": {"type": "Point", "coordinates": [-104.8719260768, 39.7094600626]}, "properties": {"species": "Coprinus comatus", "date": "2020-10-21", "location": "E Alameda Ave, Denver, CO, US", "elevation": 1659.0, "num_identification_agreements": 3, "tavg": null, "tmin": 6.5, "tmax": 19.3, "day_of_year": 295, "uuid": "b06c5dc5-9680-4bbf-830a-5f5fc08121fc", "inat_id": 63187271}}, {"type": "Feature", "geometry": {"type": "Point", "coordinates": [-105.0757445, 39.85664667]}, "properties": {"species": "Coprinus comatus", "date": "2020-10-17", "location": "Town Center at Brookhill, Westminster, CO, US", "elevation": 1665.0, "num_identification_agreements": 1, "tavg": null, "tmin": null, "tmax": null, "day_of_year": 291, "uuid": "abbbbd38-ca02-481c-95bd-1a9a3cbe3797", "inat_id": 62837338}}, {"type": "Feature", "geometry": {"type": "Point", "coordinates": [-105.0764305, 39.856725]}, "properties": {"species": "Coprinus comatus", "date": "2020-10-17", "location": "Town Center at Brookhill, Westminster, CO, US", "elevation": 1665.0, "num_identification_agreements": 1, "tavg": null, "tmin": null, "tmax": null, "day_of_year": 291, "uuid": "d69d2eaa-1a05-4aa6-8a95-62ea3556bc58", "inat_id": 62837289}}, {"type": "Feature", "geometry": {"type": "Point", "coordinates": [-105.076225, 39.85667]}, "properties": {"species": "Coprinus comatus", "date": "2020-10-17", "location": "Town Center at Brookhill, Westminster, CO, US", "elevation": 1665.0, "num_identification_agreements": 1, "tavg": null, "tmin": null, "tmax": null, "day_of_year": 291, "uuid": "55e74b8c-da32-498e-8953-bb0058ed884f", "inat_id": 62837254}}, {"type": "Feature", "geometry": {"type": "Point", "coordinates": [-105.07898617, 39.85803667]}, "properties": {"species": "Coprinus comatus", "date": "2020-10-17", "location": "Town Center at Brookhill, Westminster, CO, US", "elevation": 1666.0, "num_identification_agreements": 1, "tavg": null, "tmin": null, "tmax": null, "day_of_year": 291, "uuid": "ef47225e-667e-4432-926f-010fc6e7f18d", "inat_id": 62810099}}, {"type": "Feature", "geometry": {"type": "Point", "coordinates": [-105.08065833, 39.85796667]}, "properties": {"species": "Coprinus comatus", "date": "2020-10-17", "location": "Town Center at Brookhill, Westminster, CO, US", "elevation": 1674.0, "num_identification_agreements": 2, "tavg": null, "tmin": null, "tmax": null, "day_of_year": 291, "uuid": "3b8f200b-9eba-4bc0-a103-ce651cacd016", "inat_id": 62801459}}, {"type": "Feature", "geometry": {"type": "Point", "coordinates": [-105.8187375405, 35.7906461181]}, "properties": {"species": "Coprinus comatus", "date": "2020-08-09", "location": "Santa Fe County, US-NM, US", "elevation": 3119.0, "num_identification_agreements": 3, "tavg": null, "tmin": 16.1, "tmax": 33.9, "day_of_year": 222, "uuid": "cd463669-e32b-4672-9e43-23c1bbed476a", "inat_id": 62726779}}, {"type": "Feature", "geometry": {"type": "Point", "coordinates": [-105.0761805, 39.85673667]}, "properties": {"species": "Coprinus comatus", "date": "2020-10-12", "location": "Town Center at Brookhill, Westminster, CO, US", "elevation": 1665.0, "num_identification_agreements": 1, "tavg": null, "tmin": null, "tmax": null, "day_of_year": 286, "uuid": "a00a3235-f28b-432f-8a2d-0b52e8b443d6", "inat_id": 62442388}}, {"type": "Feature", "geometry": {"type": "Point", "coordinates": [-105.0998942089, 39.8499938194]}, "properties": {"species": "Coprinus comatus", "date": "2020-10-08", "location": "Arvada Volunteer Fire Fighters Park, Arvada, CO, US", "elevation": 1688.0, "num_identification_agreements": 2, "tavg": null, "tmin": null, "tmax": null, "day_of_year": 282, "uuid": "5175ecd1-7d65-4747-a991-c77dfdd3872b", "inat_id": 62073725}}, {"type": "Feature", "geometry": {"type": "Point", "coordinates": [-105.1596908, 39.73548]}, "properties": {"species": "Coprinus comatus", "date": "2020-10-07", "location": "Lakewood", "elevation": 1744.0, "num_identification_agreements": 2, "tavg": null, "tmin": null, "tmax": null, "day_of_year": 281, "uuid": "73cf5746-fa06-4355-9df0-ecd5d5c86739", "inat_id": 61952269}}, {"type": "Feature", "geometry": {"type": "Point", "coordinates": [-105.0645779722, 40.5667869722]}, "properties": {"species": "Coprinus comatus", "date": "2020-09-30", "location": "Prospect at Spring Meadows, Fort Collins, CO 80525, USA", "elevation": 1520.0, "num_identification_agreements": 2, "tavg": null, "tmin": 8.3, "tmax": 23.3, "day_of_year": 274, "uuid": "ec138b5d-c24f-4542-a427-3696a7b24857", "inat_id": 61641171}}, {"type": "Feature", "geometry": {"type": "Point", "coordinates": [-105.08065, 39.85796333]}, "properties": {"species": "Coprinus comatus", "date": "2020-10-03", "location": "Town Center at Brookhill, Westminster, CO, US", "elevation": 1674.0, "num_identification_agreements": 2, "tavg": null, "tmin": null, "tmax": null, "day_of_year": 277, "uuid": "d2045347-a513-45f4-b6b4-5e504855e23f", "inat_id": 61589593}}, {"type": "Feature", "geometry": {"type": "Point", "coordinates": [-105.24798667, 40.02839717]}, "properties": {"species": "Coprinus comatus", "date": "2020-09-28", "location": "Wilderness Pl, Boulder, CO, US", "elevation": 1609.0, "num_identification_agreements": 2, "tavg": null, "tmin": 3.0, "tmax": 16.0, "day_of_year": 272, "uuid": "ccfc7f43-b6a2-4cb0-9cb8-a18c7d7d01ec", "inat_id": 61145990}}, {"type": "Feature", "geometry": {"type": "Point", "coordinates": [-105.0905695, 40.0301555]}, "properties": {"species": "Coprinus comatus", "date": "2020-09-26", "location": "Carbonate Ln, Erie, CO, US", "elevation": 1571.0, "num_identification_agreements": 2, "tavg": null, "tmin": 13.5, "tmax": 30.8, "day_of_year": 270, "uuid": "11e23011-3f2f-49be-9ab1-40d7900e8cd3", "inat_id": 61105483}}, {"type": "Feature", "geometry": {"type": "Point", "coordinates": [-105.10352217, 39.85458333]}, "properties": {"species": "Coprinus comatus", "date": "2020-09-27", "location": "Independence Way, Arvada, CO, US", "elevation": 1684.0, "num_identification_agreements": 2, "tavg": null, "tmin": null, "tmax": null, "day_of_year": 271, "uuid": "39395350-dcec-4a24-8aa9-210902b57d41", "inat_id": 61017098}}, {"type": "Feature", "geometry": {"type": "Point", "coordinates": [-105.10078333, 39.85144167]}, "properties": {"species": "Coprinus comatus", "date": "2020-09-26", "location": "Garland Ct, Arvada, CO, US", "elevation": 1687.0, "num_identification_agreements": 2, "tavg": null, "tmin": null, "tmax": null, "day_of_year": 270, "uuid": "da75ea39-4338-487a-91f6-dd17a670a0be", "inat_id": 60883363}}, {"type": "Feature", "geometry": {"type": "Point", "coordinates": [-105.1212355402, 40.5354406732]}, "properties": {"species": "Coprinus comatus", "date": "2020-09-25", "location": "Dalton Dr, Fort Collins, CO, US", "elevation": 1572.0, "num_identification_agreements": 2, "tavg": null, "tmin": 11.1, "tmax": 27.2, "day_of_year": 269, "uuid": "9ab2b09b-e498-460c-8fb4-3517040ba19b", "inat_id": 60724436}}, {"type": "Feature", "geometry": {"type": "Point", "coordinates": [-105.0964790025, 39.8503606953]}, "properties": {"species": "Coprinus comatus", "date": "2020-09-24", "location": "Everett Way, Arvada, CO, US", "elevation": 1683.0, "num_identification_agreements": 2, "tavg": null, "tmin": null, "tmax": null, "day_of_year": 268, "uuid": "a6d93053-df48-464a-af55-795177157f6f", "inat_id": 60650849}}, {"type": "Feature", "geometry": {"type": "Point", "coordinates": [-105.06476167, 40.57266762]}, "properties": {"species": "Coprinus comatus", "date": "2020-09-24", "location": "University Acres, Fort Collins, CO, USA", "elevation": 1521.0, "num_identification_agreements": 2, "tavg": null, "tmin": 10.0, "tmax": 32.2, "day_of_year": 268, "uuid": "b36d973f-2afa-4cd4-a2ff-a70b46385364", "inat_id": 60613582}}, {"type": "Feature", "geometry": {"type": "Point", "coordinates": [-105.1019274071, 40.1673565586]}, "properties": {"species": "Coprinus comatus", "date": "2020-09-23", "location": "Longmont", "elevation": 1521.0, "num_identification_agreements": 2, "tavg": null, "tmin": 13.6, "tmax": 31.1, "day_of_year": 267, "uuid": "373d6827-26bf-4f32-8165-ce554f9a8035", "inat_id": 60567595}}, {"type": "Feature", "geometry": {"type": "Point", "coordinates": [-104.7749413441, 39.664146103]}, "properties": {"species": "Coprinus comatus", "date": "2020-09-23", "location": "Aurora", "elevation": 1716.0, "num_identification_agreements": 2, "tavg": null, "tmin": 13.4, "tmax": 28.7, "day_of_year": 267, "uuid": "477feb32-7b9f-49a5-a3b7-9cd092455a24", "inat_id": 60528097}}, {"type": "Feature", "geometry": {"type": "Point", "coordinates": [-107.0704861824, 39.3720359914]}, "properties": {"species": "Coprinus comatus", "date": "2020-09-22", "location": "Hillcrest Dr, Basalt, CO, US", "elevation": 2016.0, "num_identification_agreements": 1, "tavg": null, "tmin": 6.7, "tmax": 20.6, "day_of_year": 266, "uuid": "fe7c84b7-b26c-40c5-a169-c845652c1599", "inat_id": 60473053}}, {"type": "Feature", "geometry": {"type": "Point", "coordinates": [-105.0807583333, 39.8739883333]}, "properties": {"species": "Coprinus comatus", "date": "2020-09-22", "location": "W 98th Pl, Westminster, CO, US", "elevation": 1636.0, "num_identification_agreements": 4, "tavg": null, "tmin": null, "tmax": null, "day_of_year": 266, "uuid": "1a6e2eef-7a9c-44f8-a7aa-4d8f37ae8586", "inat_id": 60447266}}, {"type": "Feature", "geometry": {"type": "Point", "coordinates": [-107.8561667382, 37.9322733582]}, "properties": {"species": "Coprinus comatus", "date": "2020-09-19", "location": "Telluride Ski Resort, Mountain Village, CO, US", "elevation": 2918.0, "num_identification_agreements": 2, "tavg": null, "tmin": 10.0, "tmax": 19.0, "day_of_year": 263, "uuid": "d237ac66-82a7-4d5e-bd19-dd4c9176a21c", "inat_id": 60128926}}, {"type": "Feature", "geometry": {"type": "Point", "coordinates": [-106.54592167, 39.61913667]}, "properties": {"species": "Coprinus comatus", "date": "2020-09-03", "location": "Beaver Creek Resort, Avon, CO, US", "elevation": 2577.0, "num_identification_agreements": 2, "tavg": null, "tmin": 8.0, "tmax": 20.0, "day_of_year": 247, "uuid": "4986d4b9-8aa3-4122-8f97-87e09f03d34e", "inat_id": 58760155}}, {"type": "Feature", "geometry": {"type": "Point", "coordinates": [-104.9649003893, 39.7290954814]}, "properties": {"species": "Coprinus comatus", "date": "2020-08-30", "location": "8th Ave & High St, Denver, CO 80206, USA", "elevation": 1632.0, "num_identification_agreements": 3, "tavg": null, "tmin": 17.5, "tmax": 30.2, "day_of_year": 243, "uuid": "3c07f235-2614-4099-81c2-41b94f74e75e", "inat_id": 58077108}}, {"type": "Feature", "geometry": {"type": "Point", "coordinates": [-106.0364974571, 39.4655939984]}, "properties": {"species": "Coprinus comatus", "date": "2020-08-06", "location": "White River National Forest, Breckenridge, CO, US", "elevation": 2994.0, "num_identification_agreements": 2, "tavg": null, "tmin": 6.7, "tmax": 21.1, "day_of_year": 219, "uuid": "88142a87-2e5e-40f4-9c79-0cad312a7d0b", "inat_id": 55643509}}, {"type": "Feature", "geometry": {"type": "Point", "coordinates": [-106.5546319248, 37.6873797458]}, "properties": {"species": "Coprinus comatus", "date": "2020-08-01", "location": "South Fork, CO, US", "elevation": 2480.0, "num_identification_agreements": 2, "tavg": null, "tmin": 7.0, "tmax": 15.0, "day_of_year": 214, "uuid": "15d4cbb2-fed5-4d1b-9562-fa9986cf0e6a", "inat_id": 55080744}}, {"type": "Feature", "geometry": {"type": "Point", "coordinates": [-106.0499483428, 39.4372674789]}, "properties": {"species": "Coprinus comatus", "date": "2020-07-31", "location": "White River National Forest, Breckenridge, CO, US", "elevation": 3161.0, "num_identification_agreements": 2, "tavg": null, "tmin": 2.8, "tmax": 22.2, "day_of_year": 213, "uuid": "3538e490-d499-4b73-8795-7aac65ec5819", "inat_id": 54987103}}, {"type": "Feature", "geometry": {"type": "Point", "coordinates": [-105.1297845162, 40.5747982504]}, "properties": {"species": "Coprinus comatus", "date": "2017-09-16", "location": "P.O.E.T, Fort Collins, CO, USA", "elevation": 1564.0, "num_identification_agreements": 2, "tavg": null, "tmin": null, "tmax": null, "day_of_year": 259, "uuid": "cf89ab96-431e-4314-b856-d05231ff9890", "inat_id": 54664270}}, {"type": "Feature", "geometry": {"type": "Point", "coordinates": [-107.8323492807, 37.626361907]}, "properties": {"species": "Coprinus comatus", "date": "2020-07-27", "location": "San Juan National Forest, Hesperus, CO, US", "elevation": 3044.0, "num_identification_agreements": 2, "tavg": null, "tmin": 12.0, "tmax": 21.0, "day_of_year": 209, "uuid": "5bbd9c32-5ed1-4d80-9ce0-5954e6e687af", "inat_id": 54589873}}, {"type": "Feature", "geometry": {"type": "Point", "coordinates": [-109.2126138881, 38.5311488497]}, "properties": {"species": "Coprinus comatus", "date": "2020-07-19", "location": "Beaver Basin", "elevation": 3160.0, "num_identification_agreements": 2, "tavg": null, "tmin": null, "tmax": null, "day_of_year": 201, "uuid": "ffa6e6e6-ee59-4c7e-aa12-d88134122e07", "inat_id": 53969561}}, {"type": "Feature", "geometry": {"type": "Point", "coordinates": [-104.7209297341, 39.0405268375]}, "properties": {"species": "Coprinus comatus", "date": "2020-07-13", "location": "Holmes Rd, Colorado Springs, CO, US", "elevation": 2314.0, "num_identification_agreements": 2, "tavg": null, "tmin": 15.6, "tmax": 32.7, "day_of_year": 195, "uuid": "4189479b-9f0a-44e6-9441-a58054bd222a", "inat_id": 52931403}}, {"type": "Feature", "geometry": {"type": "Point", "coordinates": [-104.72068833, 39.04029167]}, "properties": {"species": "Coprinus comatus", "date": "2020-07-12", "location": "Holmes Rd, Colorado Springs, CO, US", "elevation": 2322.0, "num_identification_agreements": 3, "tavg": null, "tmin": 17.8, "tmax": 27.4, "day_of_year": 194, "uuid": "d3af8a9b-4b9d-43d7-89ea-999e88a920f6", "inat_id": 52892627}}, {"type": "Feature", "geometry": {"type": "Point", "coordinates": [-104.8121629722, 41.139251]}, "properties": {"species": "Coprinus comatus", "date": "2020-06-28", "location": "Cheyenne, WY, USA", "elevation": 1854.0, "num_identification_agreements": 1, "tavg": null, "tmin": 11.7, "tmax": 31.7, "day_of_year": 180, "uuid": "b24231fd-05d3-445b-a83c-fca3448d8046", "inat_id": 51280874}}, {"type": "Feature", "geometry": {"type": "Point", "coordinates": [-104.82465333, 41.16611383]}, "properties": {"species": "Coprinus comatus", "date": "2020-06-24", "location": "Fishing Bridge, Cheyenne, WY, US", "elevation": 1879.0, "num_identification_agreements": 2, "tavg": null, "tmin": 11.1, "tmax": 31.1, "day_of_year": 176, "uuid": "1b5da5b2-9474-4ba1-a737-3c402fd5b3bd", "inat_id": 50803834}}, {"type": "Feature", "geometry": {"type": "Point", "coordinates": [-104.7431832087, 41.1573000206]}, "properties": {"species": "Coprinus comatus", "date": "2020-06-11", "location": "Liberty St, Cheyenne, WY, US", "elevation": 1834.0, "num_identification_agreements": 3, "tavg": null, "tmin": 9.4, "tmax": 25.6, "day_of_year": 163, "uuid": "cb32f1c6-6459-47ae-868d-12a164ededbe", "inat_id": 49256123}}, {"type": "Feature", "geometry": {"type": "Point", "coordinates": [-105.104325, 40.60849667]}, "properties": {"species": "Coprinus comatus", "date": "2020-06-01", "location": "Fort Collins, CO, US", "elevation": 1526.0, "num_identification_agreements": 1, "tavg": null, "tmin": 15.0, "tmax": 35.0, "day_of_year": 153, "uuid": "83d54fd9-53c2-4f04-821a-9c26213d9e56", "inat_id": 48143231}}, {"type": "Feature", "geometry": {"type": "Point", "coordinates": [-104.8573466667, 39.8214416667]}, "properties": {"species": "Coprinus comatus", "date": "2020-05-01", "location": "Adams County, CO, USA", "elevation": 1599.0, "num_identification_agreements": 1, "tavg": null, "tmin": 14.0, "tmax": 26.3, "day_of_year": 122, "uuid": "d3404032-c0c0-426b-9ea0-f4042c24c143", "inat_id": 47341390}}, {"type": "Feature", "geometry": {"type": "Point", "coordinates": [-105.1160385087, 40.5897564034]}, "properties": {"species": "Coprinus comatus", "date": "2020-05-18", "location": "Fort Collins, CO 80521, USA", "elevation": 1542.0, "num_identification_agreements": 2, "tavg": null, "tmin": 8.3, "tmax": 30.0, "day_of_year": 139, "uuid": "f27f599c-65ad-4bc3-9182-2525d2bb71ee", "inat_id": 46387043}}, {"type": "Feature", "geometry": {"type": "Point", "coordinates": [-105.1164384931, 40.5899364086]}, "properties": {"species": "Coprinus comatus", "date": "2020-05-18", "location": "Fort Collins, CO 80521, USA", "elevation": 1542.0, "num_identification_agreements": 2, "tavg": null, "tmin": 8.3, "tmax": 30.0, "day_of_year": 139, "uuid": "2e25585f-724d-4512-913e-a9a7e91bdd15", "inat_id": 46386246}}, {"type": "Feature", "geometry": {"type": "Point", "coordinates": [-105.0394243467, 40.5572169228]}, "properties": {"species": "Coprinus comatus", "date": "2020-05-16", "location": "S Timberline Rd, Fort Collins, CO, US", "elevation": 1506.0, "num_identification_agreements": 2, "tavg": null, "tmin": 10.0, "tmax": 22.8, "day_of_year": 137, "uuid": "9c40bea4-7871-41c7-a91e-1ced7bb3e933", "inat_id": 46083371}}, {"type": "Feature", "geometry": {"type": "Point", "coordinates": [-105.0268769722, 40.038899]}, "properties": {"species": "Coprinus comatus", "date": "2020-05-15", "location": "Erie, CO, USA", "elevation": 1582.0, "num_identification_agreements": 1, "tavg": null, "tmin": 9.0, "tmax": 21.0, "day_of_year": 136, "uuid": "59416d2c-a3cc-40c1-b213-f87c14380ccd", "inat_id": 46005873}}, {"type": "Feature", "geometry": {"type": "Point", "coordinates": [-105.1665852278, 40.1373105905]}, "properties": {"species": "Coprinus comatus", "date": "2020-05-14", "location": "Colorado, US", "elevation": 1550.0, "num_identification_agreements": 2, "tavg": null, "tmin": 11.0, "tmax": 18.0, "day_of_year": 135, "uuid": "1170fb47-bbd3-48e3-8519-a8299e5fe3bf", "inat_id": 45938019}}, {"type": "Feature", "geometry": {"type": "Point", "coordinates": [-105.1856555745, 40.04151783]}, "properties": {"species": "Coprinus comatus", "date": "2020-05-14", "location": "Boulder, CO, US", "elevation": 1568.0, "num_identification_agreements": 1, "tavg": null, "tmin": 11.0, "tmax": 18.0, "day_of_year": 135, "uuid": "20fabbc9-7f70-41f6-9ea1-f41f6a108dc5", "inat_id": 45919812}}, {"type": "Feature", "geometry": {"type": "Point", "coordinates": [-105.02, 40.6]}, "properties": {"species": "Coprinus comatus", "date": "2020-05-03", "location": "Fort Collins", "elevation": 1522.0, "num_identification_agreements": 1, "tavg": null, "tmin": 8.9, "tmax": 23.9, "day_of_year": 124, "uuid": "8c928c93-83f6-48f8-879c-6aa808d06349", "inat_id": 44795405}}, {"type": "Feature", "geometry": {"type": "Point", "coordinates": [-105.2285064677, 40.0144171637]}, "properties": {"species": "Coprinus comatus", "date": "2020-04-27", "location": "Arapahoe Ave, Boulder, CO, US", "elevation": 1599.0, "num_identification_agreements": 2, "tavg": null, "tmin": 8.0, "tmax": 26.0, "day_of_year": 118, "uuid": "7a1fdd7c-0942-4bb7-a26f-79784b6ac448", "inat_id": 43985266}}, {"type": "Feature", "geometry": {"type": "Point", "coordinates": [-104.94816667, 39.71143]}, "properties": {"species": "Coprinus comatus", "date": "2020-04-25", "location": "E Cherry Creek South Dr, Denver, CO, US", "elevation": 1634.0, "num_identification_agreements": 2, "tavg": null, "tmin": 3.9, "tmax": 16.7, "day_of_year": 116, "uuid": "c57a9254-c069-44d0-bf7c-fc7621f68879", "inat_id": 43387336}}, {"type": "Feature", "geometry": {"type": "Point", "coordinates": [-107.836, 37.9421]}, "properties": {"species": "Coprinus comatus", "date": "2018-08-16", "location": "Telluride, Colorado, USA", "elevation": 2652.0, "num_identification_agreements": 1, "tavg": null, "tmin": 11.0, "tmax": 23.0, "day_of_year": 228, "uuid": "4027b7c0-4f6b-4172-838a-3ef45b28fdb1", "inat_id": 40349133}}, {"type": "Feature", "geometry": {"type": "Point", "coordinates": [-104.8297897608, 38.848172402]}, "properties": {"species": "Coprinus comatus", "date": "2019-06-08", "location": "Downtown, Colorado Springs, CO, USA", "elevation": 1838.0, "num_identification_agreements": 2, "tavg": null, "tmin": 10.0, "tmax": 30.6, "day_of_year": 159, "uuid": "e83af5bd-5937-47e8-9a3c-993292506928", "inat_id": 37621634}}, {"type": "Feature", "geometry": {"type": "Point", "coordinates": [-105.2186048102, 40.0377610948]}, "properties": {"species": "Coprinus comatus", "date": "2012-04-13", "location": "Boulder County, CO, USA", "elevation": 1597.0, "num_identification_agreements": 2, "tavg": null, "tmin": 5.0, "tmax": 16.0, "day_of_year": 104, "uuid": "88dc4dfd-393c-4d00-8b6e-b9a267d4ee2f", "inat_id": 37351195}}, {"type": "Feature", "geometry": {"type": "Point", "coordinates": [-104.8989550024, 39.6375754643]}, "properties": {"species": "Coprinus comatus", "date": "2019-10-26", "location": "Goldsmith Center, Denver, CO, US", "elevation": 1705.0, "num_identification_agreements": 2, "tavg": null, "tmin": 2.2, "tmax": 23.3, "day_of_year": 299, "uuid": "61ad24c1-de47-4e1c-870f-f4a216a73857", "inat_id": 34922299}}, {"type": "Feature", "geometry": {"type": "Point", "coordinates": [-105.0164416667, 40.5589533333]}, "properties": {"species": "Coprinus comatus", "date": "2019-10-03", "location": "Fort Collins, CO, US", "elevation": 1488.0, "num_identification_agreements": 2, "tavg": null, "tmin": 5.0, "tmax": 17.2, "day_of_year": 276, "uuid": "749ba997-5773-45ea-b0a3-11ac09a60018", "inat_id": 34275581}}, {"type": "Feature", "geometry": {"type": "Point", "coordinates": [-105.1448437805, 37.3285575251]}, "properties": {"species": "Coprinus comatus", "date": "2006-07-21", "location": "Huerfano County, CO, USA", "elevation": 3242.0, "num_identification_agreements": 2, "tavg": null, "tmin": null, "tmax": null, "day_of_year": 202, "uuid": "f5f19435-884d-476b-b58a-a43b59a9baf1", "inat_id": 34193605}}, {"type": "Feature", "geometry": {"type": "Point", "coordinates": [-105.07939411, 39.65949764]}, "properties": {"species": "Coprinus comatus", "date": "2019-10-09", "location": "Denver, CO 80227, USA", "elevation": 1657.0, "num_identification_agreements": 2, "tavg": null, "tmin": 0.0, "tmax": 26.7, "day_of_year": 282, "uuid": "b7e2aada-c056-4e6a-8e4b-15aae4fd7efc", "inat_id": 34128588}}, {"type": "Feature", "geometry": {"type": "Point", "coordinates": [-104.8913879395, 39.4099998474]}, "properties": {"species": "Coprinus comatus", "date": "2019-10-04", "location": "The Meadows, Castle Rock, CO, USA", "elevation": 1852.0, "num_identification_agreements": 2, "tavg": null, "tmin": 6.1, "tmax": 27.8, "day_of_year": 277, "uuid": "638a6017-8306-4823-9bb1-659eb98e586e", "inat_id": 33850885}}, {"type": "Feature", "geometry": {"type": "Point", "coordinates": [-106.8026183522, 40.4449984107]}, "properties": {"species": "Coprinus comatus", "date": "2019-09-30", "location": "Hunters Dr, Steamboat Springs, CO, US", "elevation": 2097.0, "num_identification_agreements": 2, "tavg": null, "tmin": 7.5, "tmax": 19.0, "day_of_year": 273, "uuid": "c5684792-0203-4751-bc7d-26a0cd738f05", "inat_id": 33675329}}, {"type": "Feature", "geometry": {"type": "Point", "coordinates": [-105.5741416667, 41.315575]}, "properties": {"species": "Coprinus comatus", "date": "2019-09-28", "location": "Greeenhill Cemetery, Laramie, WY, US", "elevation": 2200.0, "num_identification_agreements": 1, "tavg": null, "tmin": null, "tmax": null, "day_of_year": 271, "uuid": "8f9e722b-4930-4022-9ca9-d4e1d940f49b", "inat_id": 33552551}}, {"type": "Feature", "geometry": {"type": "Point", "coordinates": [-105.2813912115, 39.6246716284]}, "properties": {"species": "Coprinus comatus", "date": "2019-09-28", "location": "Giant Gulch Rd, Evergreen, CO, US", "elevation": 2512.0, "num_identification_agreements": 2, "tavg": null, "tmin": 9.4, "tmax": 23.3, "day_of_year": 271, "uuid": "0b0d65fa-7daf-484b-bbda-0aff6c26dedd", "inat_id": 33552244}}, {"type": "Feature", "geometry": {"type": "Point", "coordinates": [-103.2038986549, 44.0957956656]}, "properties": {"species": "Coprinus comatus", "date": "2019-09-27", "location": "Pennington County, US-SD, US", "elevation": 993.0, "num_identification_agreements": 2, "tavg": null, "tmin": 7.2, "tmax": 13.9, "day_of_year": 270, "uuid": "3393c2e3-1cd4-44e3-b290-90f69eae52c5", "inat_id": 33541342}}, {"type": "Feature", "geometry": {"type": "Point", "coordinates": [-103.2475614943, 44.0647995153]}, "properties": {"species": "Coprinus comatus", "date": "2019-09-23", "location": "N Grand Vista Ct, Rapid City, SD, US", "elevation": 1083.0, "num_identification_agreements": 2, "tavg": null, "tmin": 3.9, "tmax": 26.7, "day_of_year": 266, "uuid": "6f006765-db76-4655-8622-4add195e72f2", "inat_id": 33288548}}, {"type": "Feature", "geometry": {"type": "Point", "coordinates": [-103.5773820503, 43.888121349]}, "properties": {"species": "Coprinus comatus", "date": "2019-09-12", "location": "Black Hills National Forest, Keystone, SD, US", "elevation": 1665.0, "num_identification_agreements": 3, "tavg": null, "tmin": 7.8, "tmax": 11.1, "day_of_year": 255, "uuid": "54fbf31b-8395-488d-8fa7-9772989b2eab", "inat_id": 32625024}}, {"type": "Feature", "geometry": {"type": "Point", "coordinates": [-105.3789393134, 39.5053825798]}, "properties": {"species": "Coprinus comatus", "date": "2016-07-12", "location": "Pine Junction Area, CO, USA", "elevation": 2620.0, "num_identification_agreements": 2, "tavg": null, "tmin": 13.9, "tmax": 31.1, "day_of_year": 194, "uuid": "71fe6f52-0e9a-42d9-a32d-4afd824b0140", "inat_id": 32189504}}, {"type": "Feature", "geometry": {"type": "Point", "coordinates": [-105.3786903054, 39.5054629431]}, "properties": {"species": "Coprinus comatus", "date": "2016-07-12", "location": "Pine Junction Area, CO, USA", "elevation": 2620.0, "num_identification_agreements": 2, "tavg": null, "tmin": 13.9, "tmax": 31.1, "day_of_year": 194, "uuid": "42822096-ae1a-446c-82f6-3b82bb41725d", "inat_id": 32189503}}, {"type": "Feature", "geometry": {"type": "Point", "coordinates": [-106.8478694558, 37.2820645118]}, "properties": {"species": "Coprinus comatus", "date": "2019-08-28", "location": "Archuleta County, CO, USA", "elevation": 2644.0, "num_identification_agreements": 2, "tavg": null, "tmin": null, "tmax": null, "day_of_year": 240, "uuid": "1318c3f1-e116-4f0f-8b4a-127fdaa4d5ee", "inat_id": 32055700}}, {"type": "Feature", "geometry": {"type": "Point", "coordinates": [-106.8412823579, 37.120460782]}, "properties": {"species": "Coprinus comatus", "date": "2019-09-02", "location": "San Juan National Forest, Pagosa Springs, CO, US", "elevation": 2640.0, "num_identification_agreements": 2, "tavg": null, "tmin": null, "tmax": null, "day_of_year": 245, "uuid": "a4569080-6992-42d4-b516-93ae1bee92b3", "inat_id": 32030242}}, {"type": "Feature", "geometry": {"type": "Point", "coordinates": [-106.1443416667, 39.67308]}, "properties": {"species": "Coprinus comatus", "date": "2019-08-07", "location": "Arapaho National Forest, Silverthorne, CO, US", "elevation": 3130.0, "num_identification_agreements": 2, "tavg": null, "tmin": null, "tmax": null, "day_of_year": 219, "uuid": "2d224187-39be-4893-a5b2-45a46344e4a4", "inat_id": 31339041}}, {"type": "Feature", "geometry": {"type": "Point", "coordinates": [-106.5443033333, 37.0548666667]}, "properties": {"species": "Coprinus comatus", "date": "2019-08-14", "location": "Rio Grande National Forest, Chromo, CO, US", "elevation": 2723.0, "num_identification_agreements": 3, "tavg": null, "tmin": null, "tmax": null, "day_of_year": 226, "uuid": "b0221b3d-7667-4a97-90e3-2b01db50f2d9", "inat_id": 30868309}}, {"type": "Feature", "geometry": {"type": "Point", "coordinates": [-105.7226804271, 40.4350635361]}, "properties": {"species": "Coprinus comatus", "date": "2019-08-10", "location": "Estes Park, CO 80517, USA", "elevation": 3476.0, "num_identification_agreements": 2, "tavg": null, "tmin": null, "tmax": null, "day_of_year": 222, "uuid": "84a594c4-2732-4a78-94a0-849191c681f4", "inat_id": 30733003}}, {"type": "Feature", "geometry": {"type": "Point", "coordinates": [-106.84415821, 37.52728758]}, "properties": {"species": "Coprinus comatus", "date": "2019-08-08", "location": "Mineral County, US-CO, US", "elevation": 3242.0, "num_identification_agreements": 2, "tavg": null, "tmin": null, "tmax": null, "day_of_year": 220, "uuid": "a574d4b9-ca1b-4fa3-b793-90eeb7a44a5b", "inat_id": 30460749}}, {"type": "Feature", "geometry": {"type": "Point", "coordinates": [-105.5346133333, 39.3160883333]}, "properties": {"species": "Coprinus comatus", "date": "2019-08-02", "location": "Pike National Forest, Lake George, CO, US", "elevation": 3147.0, "num_identification_agreements": 1, "tavg": null, "tmin": null, "tmax": null, "day_of_year": 214, "uuid": "06d26c7e-1ab1-47c9-b0e0-fb4b7be862c1", "inat_id": 30424137}}, {"type": "Feature", "geometry": {"type": "Point", "coordinates": [-105.9525217052, 39.3896004992]}, "properties": {"species": "Coprinus comatus", "date": "2019-08-03", "location": "Pike National Forest, Jefferson, CO, US", "elevation": 3389.0, "num_identification_agreements": 2, "tavg": null, "tmin": 6.7, "tmax": 23.3, "day_of_year": 215, "uuid": "516f74c6-9ea4-4565-a6fc-fe04f384e5f6", "inat_id": 30213671}}, {"type": "Feature", "geometry": {"type": "Point", "coordinates": [-105.4287333333, 35.7979283333]}, "properties": {"species": "Coprinus comatus", "date": "2019-08-03", "location": "Santa Fe National Forest, Las Vegas, NM, US", "elevation": 2440.0, "num_identification_agreements": 1, "tavg": null, "tmin": 13.3, "tmax": 27.2, "day_of_year": 215, "uuid": "b6ad5f59-2194-4b50-97c6-9e16d9131136", "inat_id": 30118530}}, {"type": "Feature", "geometry": {"type": "Point", "coordinates": [-108.0664978027, 38.9979019165]}, "properties": {"species": "Coprinus comatus", "date": "2019-07-23", "location": "Eckert, CO 81418, USA", "elevation": 3154.0, "num_identification_agreements": 2, "tavg": null, "tmin": 19.0, "tmax": 36.5, "day_of_year": 204, "uuid": "1ea32d68-08e2-4e84-a75c-bfacfafd1514", "inat_id": 29402879}}, {"type": "Feature", "geometry": {"type": "Point", "coordinates": [-105.5350835436, 39.6139842784]}, "properties": {"species": "Coprinus comatus", "date": "2019-07-17", "location": "Clear Creek County, US-CO, US", "elevation": 2758.0, "num_identification_agreements": 2, "tavg": null, "tmin": null, "tmax": null, "day_of_year": 198, "uuid": "4364bbc6-b463-40be-9ee4-9f1cdc4436cc", "inat_id": 29121137}}, {"type": "Feature", "geometry": {"type": "Point", "coordinates": [-105.9347384, 39.5791675]}, "properties": {"species": "Coprinus comatus", "date": "2019-06-24", "location": "Keystone, CO 80435, USA", "elevation": 3457.0, "num_identification_agreements": 1, "tavg": null, "tmin": null, "tmax": null, "day_of_year": 175, "uuid": "603b385e-e249-4fa7-8dce-b0ff2a11ffe7", "inat_id": 28682392}}, {"type": "Feature", "geometry": {"type": "Point", "coordinates": [-104.66665455, 39.00217159]}, "properties": {"species": "Coprinus comatus", "date": "2019-07-07", "location": "El Paso County, US-CO, US", "elevation": 2281.0, "num_identification_agreements": 2, "tavg": null, "tmin": 10.0, "tmax": 26.0, "day_of_year": 188, "uuid": "ca8cefd7-3ee1-44b2-9424-fb5704e34985", "inat_id": 28588646}}, {"type": "Feature", "geometry": {"type": "Point", "coordinates": [-106.9811019897, 38.9448623657]}, "properties": {"species": "Coprinus comatus", "date": "2019-06-28", "location": "Aspen, CO 81611, USA", "elevation": 2861.0, "num_identification_agreements": 1, "tavg": null, "tmin": 7.2, "tmax": 28.3, "day_of_year": 179, "uuid": "99c9399d-8983-44d5-932b-bc3431572429", "inat_id": 28060776}}, {"type": "Feature", "geometry": {"type": "Point", "coordinates": [-108.1014416634, 36.8084692495]}, "properties": {"species": "Coprinus comatus", "date": "2019-05-24", "location": "San Juan County, NM, USA", "elevation": 1725.0, "num_identification_agreements": 2, "tavg": null, "tmin": 1.7, "tmax": 20.6, "day_of_year": 144, "uuid": "59d0925d-2b3d-4a32-bd72-577752e49241", "inat_id": 26276415}}, {"type": "Feature", "geometry": {"type": "Point", "coordinates": [-106.6211109531, 42.6429253367]}, "properties": {"species": "Coprinus comatus", "date": "2019-06-01", "location": "82604, Casper, WY, US", "elevation": 1613.0, "num_identification_agreements": 3, "tavg": null, "tmin": 5.6, "tmax": 22.2, "day_of_year": 152, "uuid": "b68a618e-7cff-4f75-8699-718ca5e35cb1", "inat_id": 26275973}}, {"type": "Feature", "geometry": {"type": "Point", "coordinates": [-104.8868072034, 39.5898278011]}, "properties": {"species": "Coprinus comatus", "date": "2019-06-01", "location": "8803 E Davies Ave, Centennial, CO, US", "elevation": 1757.0, "num_identification_agreements": 2, "tavg": null, "tmin": 8.3, "tmax": 23.9, "day_of_year": 152, "uuid": "dac2488d-bb99-4afe-ab6f-0d2e6b21d4bd", "inat_id": 26217745}}, {"type": "Feature", "geometry": {"type": "Point", "coordinates": [-104.9107055664, 40.8742790222]}, "properties": {"species": "Coprinus comatus", "date": "2019-05-27", "location": "Carr, CO 80612, USA", "elevation": 1740.0, "num_identification_agreements": 1, "tavg": null, "tmin": 3.3, "tmax": 14.6, "day_of_year": 147, "uuid": "7a9d345b-5b3f-4d15-9d9b-1a3940fafb28", "inat_id": 25908529}}, {"type": "Feature", "geometry": {"type": "Point", "coordinates": [-105.0252614915, 40.5648185867]}, "properties": {"species": "Coprinus comatus", "date": "2019-05-23", "location": "Fort Collins, CO 80525, USA", "elevation": 1493.0, "num_identification_agreements": 1, "tavg": null, "tmin": 3.3, "tmax": 6.7, "day_of_year": 143, "uuid": "b63376b3-9ee0-46f5-b329-9ae1354b06e8", "inat_id": 25627513}}, {"type": "Feature", "geometry": {"type": "Point", "coordinates": [-107.253425, 39.561005]}, "properties": {"species": "Coprinus comatus", "date": "2019-05-22", "location": "White River National Forest, Glenwood Springs, CO, US", "elevation": 1803.0, "num_identification_agreements": 3, "tavg": null, "tmin": 2.8, "tmax": 12.2, "day_of_year": 142, "uuid": "3c03ac34-83c8-4358-a3a2-019f60c11b68", "inat_id": 25578763}}, {"type": "Feature", "geometry": {"type": "Point", "coordinates": [-106.0260659778, 35.6592307976]}, "properties": {"species": "Coprinus comatus", "date": "2019-05-01", "location": "Agua Fria, NM 87507, USA", "elevation": 2004.0, "num_identification_agreements": 2, "tavg": null, "tmin": 5.0, "tmax": 20.6, "day_of_year": 121, "uuid": "dabf38e0-44f0-41ff-b06e-2c5f3bed9738", "inat_id": 24712006}}, {"type": "Feature", "geometry": {"type": "Point", "coordinates": [-105.0252810702, 40.5908432249]}, "properties": {"species": "Coprinus comatus", "date": "2019-05-01", "location": "Colorado, US", "elevation": 1504.0, "num_identification_agreements": 2, "tavg": null, "tmin": null, "tmax": null, "day_of_year": 121, "uuid": "8d64b89e-6675-4fbe-9e01-517eb885f727", "inat_id": 24317129}}, {"type": "Feature", "geometry": {"type": "Point", "coordinates": [-105.2663883333, 40.0835833333]}, "properties": {"species": "Coprinus comatus", "date": "2019-04-25", "location": "Boulder, Boulder, CO, US", "elevation": 1645.0, "num_identification_agreements": 1, "tavg": null, "tmin": 7.0, "tmax": 17.0, "day_of_year": 115, "uuid": "d3efb9b0-7855-46dc-b2c9-bbeedf10f272", "inat_id": 24300724}}, {"type": "Feature", "geometry": {"type": "Point", "coordinates": [-104.9603983316, 39.591571212]}, "properties": {"species": "Coprinus comatus", "date": "2019-04-29", "location": "Centennial, CO, USA", "elevation": 1704.0, "num_identification_agreements": 2, "tavg": null, "tmin": 0.0, "tmax": 6.7, "day_of_year": 119, "uuid": "d729126e-b48d-4eff-ac84-e0d56e2c8018", "inat_id": 24187112}}, {"type": "Feature", "geometry": {"type": "Point", "coordinates": [-105.2450333333, 40.0133277833]}, "properties": {"species": "Coprinus comatus", "date": "2019-04-26", "location": "University of Colorado Boulder - East Campus, Boulder, CO, US", "elevation": 1611.0, "num_identification_agreements": 2, "tavg": null, "tmin": 5.0, "tmax": 23.0, "day_of_year": 116, "uuid": "7d46c6cb-f537-4e81-97b3-1638e324600b", "inat_id": 23399569}}, {"type": "Feature", "geometry": {"type": "Point", "coordinates": [-108.05635, 37.8840972222]}, "properties": {"species": "Coprinus comatus", "date": "2017-08-17", "location": "San Miguel, Colorado, United States", "elevation": 2878.0, "num_identification_agreements": 2, "tavg": null, "tmin": null, "tmax": null, "day_of_year": 229, "uuid": "ff0b31d9-9d3f-46f4-9283-ee56a1306c4f", "inat_id": 20219608}}, {"type": "Feature", "geometry": {"type": "Point", "coordinates": [-104.8061366667, 39.6463916667]}, "properties": {"species": "Coprinus comatus", "date": "2018-09-30", "location": "3862 S Idalia St, Aurora, CO, US", "elevation": 1740.0, "num_identification_agreements": 3, "tavg": null, "tmin": 3.7, "tmax": 18.3, "day_of_year": 273, "uuid": "dd6cf671-cef9-416a-89e2-925bfc51c934", "inat_id": 18867763}}, {"type": "Feature", "geometry": {"type": "Point", "coordinates": [-104.9598616667, 39.733795]}, "properties": {"species": "Coprinus comatus", "date": "2018-10-08", "location": "1105 York St, Denver, CO, US", "elevation": 1640.0, "num_identification_agreements": 2, "tavg": null, "tmin": 0.8, "tmax": 5.2, "day_of_year": 281, "uuid": "e8822b97-8280-4fed-8afb-a8bc3d8e5bc8", "inat_id": 18867581}}, {"type": "Feature", "geometry": {"type": "Point", "coordinates": [-103.2310149, 44.0805434]}, "properties": {"species": "Coprinus comatus", "date": "2018-10-04", "location": "Rapid City, SD, USA", "elevation": 992.0, "num_identification_agreements": 3, "tavg": null, "tmin": -2.7, "tmax": 8.3, "day_of_year": 277, "uuid": "0759f0fa-3593-48a6-a998-476bf40ce965", "inat_id": 18215056}}, {"type": "Feature", "geometry": {"type": "Point", "coordinates": [-104.8922424316, 39.6969795227]}, "properties": {"species": "Coprinus comatus", "date": "2018-10-11", "location": "Mississippi Ave & S Valentia St, Denver, CO 80231, USA", "elevation": 1675.0, "num_identification_agreements": 2, "tavg": null, "tmin": -1.5, "tmax": 6.1, "day_of_year": 284, "uuid": "57169ece-a582-4d55-9d27-95a1c20964ce", "inat_id": 17439092}}, {"type": "Feature", "geometry": {"type": "Point", "coordinates": [-105.0984233092, 39.7712973088]}, "properties": {"species": "Coprinus comatus", "date": "2018-09-21", "location": "Colorado, US", "elevation": 1653.0, "num_identification_agreements": 1, "tavg": null, "tmin": 6.9, "tmax": 24.4, "day_of_year": 264, "uuid": "c75e0b39-fd09-48d2-9508-fd9308962f15", "inat_id": 16758399}}, {"type": "Feature", "geometry": {"type": "Point", "coordinates": [-107.6572444663, 39.5429814281]}, "properties": {"species": "Coprinus comatus", "date": "2018-09-21", "location": "629 River Frontage Rd, Silt, CO, US", "elevation": 1654.0, "num_identification_agreements": 4, "tavg": null, "tmin": 5.0, "tmax": 28.9, "day_of_year": 264, "uuid": "dcaa62d1-cee3-452d-9568-c5b0006eae9d", "inat_id": 16748614}}, {"type": "Feature", "geometry": {"type": "Point", "coordinates": [-104.9428290782, 39.7174971784]}, "properties": {"species": "Coprinus comatus", "date": "2018-09-18", "location": "3550 E 1st Ave, Denver, CO, US", "elevation": 1641.0, "num_identification_agreements": 3, "tavg": null, "tmin": 14.8, "tmax": 31.8, "day_of_year": 261, "uuid": "473b8b40-5c4c-4b2b-ad39-0a541b376973", "inat_id": 16674025}}, {"type": "Feature", "geometry": {"type": "Point", "coordinates": [-105.07601771, 40.5705627129]}, "properties": {"species": "Coprinus comatus", "date": "2018-09-07", "location": "1309 Remington St, Fort Collins, CO, US", "elevation": 1530.0, "num_identification_agreements": 2, "tavg": null, "tmin": null, "tmax": null, "day_of_year": 250, "uuid": "b0b81f6f-6d2c-4326-bb88-62967518c1c9", "inat_id": 16454616}}, {"type": "Feature", "geometry": {"type": "Point", "coordinates": [-105.2609633333, 40.0200805]}, "properties": {"species": "Coprinus comatus", "date": "2018-09-04", "location": "2570\u20132596 Walnut St, Boulder, CO, US", "elevation": 1620.0, "num_identification_agreements": 2, "tavg": null, "tmin": 12.0, "tmax": 26.0, "day_of_year": 247, "uuid": "62d3c6b3-2f42-4f97-93da-272cc1d4583b", "inat_id": 16243549}}, {"type": "Feature", "geometry": {"type": "Point", "coordinates": [-106.8266554457, 39.1907749046]}, "properties": {"species": "Coprinus comatus", "date": "2018-08-11", "location": "334 W Hyman Ave, Aspen, CO, US", "elevation": 2416.0, "num_identification_agreements": 2, "tavg": null, "tmin": 10.0, "tmax": 30.0, "day_of_year": 223, "uuid": "d0890f39-95e2-43d4-b130-9a8381468618", "inat_id": 16241192}}, {"type": "Feature", "geometry": {"type": "Point", "coordinates": [-106.825125916, 39.1900364589]}, "properties": {"species": "Coprinus comatus", "date": "2018-08-11", "location": "232 W Hyman Ave, Aspen, CO, US", "elevation": 2416.0, "num_identification_agreements": 2, "tavg": null, "tmin": 10.0, "tmax": 30.0, "day_of_year": 223, "uuid": "a0740e8d-1aaa-454b-b368-b7eee6bb2755", "inat_id": 16241184}}, {"type": "Feature", "geometry": {"type": "Point", "coordinates": [-104.8129528295, 39.4689407047]}, "properties": {"species": "Coprinus comatus", "date": "2018-09-04", "location": "Colorado, US", "elevation": 1912.0, "num_identification_agreements": 3, "tavg": null, "tmin": 12.2, "tmax": 26.7, "day_of_year": 247, "uuid": "18d03a0d-efbd-43f8-9a74-bcc991b8eab3", "inat_id": 16228550}}, {"type": "Feature", "geometry": {"type": "Point", "coordinates": [-106.1564416667, 37.58438]}, "properties": {"species": "Coprinus comatus", "date": "2018-08-29", "location": "Monte Vista Country Club, Monte Vista, CO, US", "elevation": 2343.0, "num_identification_agreements": 2, "tavg": null, "tmin": 2.8, "tmax": 28.9, "day_of_year": 241, "uuid": "c646bef8-e5d1-4e75-b8e6-345ad3f85989", "inat_id": 16214213}}, {"type": "Feature", "geometry": {"type": "Point", "coordinates": [-105.397632718, 39.5159615013]}, "properties": {"species": "Coprinus comatus", "date": "2016-06-23", "location": "Pine Junction Area, CO, USA", "elevation": 2695.0, "num_identification_agreements": 2, "tavg": null, "tmin": 17.2, "tmax": 31.1, "day_of_year": 175, "uuid": "530b20a4-6672-4d23-b8d5-0369c7fbb159", "inat_id": 16148756}}, {"type": "Feature", "geometry": {"type": "Point", "coordinates": [-105.4081202834, 36.1855962901]}, "properties": {"species": "Coprinus comatus", "date": "2018-08-06", "location": "New Mexico, US", "elevation": 3024.0, "num_identification_agreements": 3, "tavg": null, "tmin": 6.3, "tmax": 26.9, "day_of_year": 218, "uuid": "869306e1-c51c-4799-8667-88f0b34cebab", "inat_id": 16082968}}, {"type": "Feature", "geometry": {"type": "Point", "coordinates": [-105.7248376305, 40.4076574972]}, "properties": {"species": "Coprinus comatus", "date": "2018-08-02", "location": "Larimer County, CO, USA", "elevation": 3599.0, "num_identification_agreements": 1, "tavg": null, "tmin": null, "tmax": null, "day_of_year": 214, "uuid": "30416d1c-e527-46b7-a241-3e87c03a1249", "inat_id": 15282317}}, {"type": "Feature", "geometry": {"type": "Point", "coordinates": [-103.5257596885, 43.7634132488]}, "properties": {"species": "Coprinus comatus", "date": "2018-05-26", "location": "Custer State Park, Custer, SD, US", "elevation": 1619.0, "num_identification_agreements": 1, "tavg": null, "tmin": 10.0, "tmax": 27.8, "day_of_year": 146, "uuid": "0e3bc0e1-578b-45c4-9148-a8d2c1b6e178", "inat_id": 12889968}}, {"type": "Feature", "geometry": {"type": "Point", "coordinates": [-104.680717, 39.006211]}, "properties": {"species": "Coprinus comatus", "date": "2018-05-22", "location": "Section 16 Trailhead, Black Forest CO", "elevation": 2279.0, "num_identification_agreements": 1, "tavg": null, "tmin": null, "tmax": null, "day_of_year": 142, "uuid": "f1a63454-26e8-44c4-b8e9-19e222ba09dc", "inat_id": 12746390}}, {"type": "Feature", "geometry": {"type": "Point", "coordinates": [-105.0188118235, 40.1253429635]}, "properties": {"species": "Coprinus comatus", "date": "2018-05-15", "location": "Colorado, US", "elevation": 1498.0, "num_identification_agreements": 1, "tavg": null, "tmin": 5.0, "tmax": 23.2, "day_of_year": 135, "uuid": "f1644533-c882-4dc5-a106-d06dc9b01cb3", "inat_id": 12493980}}, {"type": "Feature", "geometry": {"type": "Point", "coordinates": [-105.0714332911, 40.0243628931]}, "properties": {"species": "Coprinus comatus", "date": "2018-05-15", "location": "Colorado, US", "elevation": 1590.0, "num_identification_agreements": 2, "tavg": null, "tmin": 5.0, "tmax": 23.2, "day_of_year": 135, "uuid": "bf47b7fb-3987-427e-802c-896f0a039168", "inat_id": 12493532}}, {"type": "Feature", "geometry": {"type": "Point", "coordinates": [-103.54007, 37.99357]}, "properties": {"species": "Coprinus comatus", "date": "2017-11-05", "location": "81050, La Junta, CO, US", "elevation": 1236.0, "num_identification_agreements": 3, "tavg": null, "tmin": 0.6, "tmax": 11.7, "day_of_year": 309, "uuid": "f7fd533d-6007-4a59-b9b4-1d2cf1aa87ec", "inat_id": 8817534}}, {"type": "Feature", "geometry": {"type": "Point", "coordinates": [-106.4332880723, 35.8240935383]}, "properties": {"species": "Coprinus comatus", "date": "2017-08-22", "location": "15 Entrance Rd, Los Alamos, NM 87544, EE. UU.", "elevation": 2684.0, "num_identification_agreements": 2, "tavg": null, "tmin": 12.8, "tmax": 25.3, "day_of_year": 234, "uuid": "4c16a1c4-5c3a-4338-9dc7-f8e49c6f4290", "inat_id": 7764554}}, {"type": "Feature", "geometry": {"type": "Point", "coordinates": [-105.85634107, 39.70140015]}, "properties": {"species": "Coprinus comatus", "date": "2017-08-13", "location": "Clear Creek County, US-CO, US", "elevation": 3138.0, "num_identification_agreements": 1, "tavg": null, "tmin": 7.0, "tmax": 16.0, "day_of_year": 225, "uuid": "1a34c004-7f5d-470c-a8d6-d79ae6f6725f", "inat_id": 7498093}}, {"type": "Feature", "geometry": {"type": "Point", "coordinates": [-107.4852344644, 37.9247999045]}, "properties": {"species": "Coprinus comatus", "date": "2017-07-30", "location": "Hinsdale County, CO, USA", "elevation": 3606.0, "num_identification_agreements": 2, "tavg": null, "tmin": 11.6, "tmax": 22.9, "day_of_year": 211, "uuid": "ec97d6bb-da78-4dde-b382-be413152ad16", "inat_id": 7451601}}, {"type": "Feature", "geometry": {"type": "Point", "coordinates": [-99.3944722222, 40.6865916667]}, "properties": {"species": "Coprinus comatus", "date": "2017-05-23", "location": "Buffalo, Nebraska, United States", "elevation": 694.0, "num_identification_agreements": 2, "tavg": null, "tmin": 7.5, "tmax": 13.8, "day_of_year": 143, "uuid": "83a2b9d9-f7f9-45c7-ac38-98b4abe9b66a", "inat_id": 6584247}}, {"type": "Feature", "geometry": {"type": "Point", "coordinates": [-104.9327256997, 39.6533091925]}, "properties": {"species": "Coprinus comatus", "date": "2017-06-08", "location": "3494 S Dexter St, Denver, CO, US", "elevation": 1699.0, "num_identification_agreements": 3, "tavg": null, "tmin": 12.2, "tmax": 27.2, "day_of_year": 159, "uuid": "75b25f9e-2770-49b8-85cd-79751c8a2e77", "inat_id": 6555764}}, {"type": "Feature", "geometry": {"type": "Point", "coordinates": [-99.3944702148, 40.6865921021]}, "properties": {"species": "Coprinus comatus", "date": "2017-05-23", "location": "Elm Creek, NE", "elevation": 694.0, "num_identification_agreements": 3, "tavg": null, "tmin": 7.5, "tmax": 13.8, "day_of_year": 143, "uuid": "270b8b46-4400-4103-8ed5-f64ce55a5914", "inat_id": 6333872}}, {"type": "Feature", "geometry": {"type": "Point", "coordinates": [-104.8899216667, 39.8129783333]}, "properties": {"species": "Coprinus comatus", "date": "2017-04-28", "location": "Rocky Mountain Arsenal National Wildlife Refuge, Commerce City, CO, US", "elevation": 1589.0, "num_identification_agreements": 2, "tavg": null, "tmin": -1.6, "tmax": 11.1, "day_of_year": 118, "uuid": "fc2bc3ed-00f2-4020-8906-035efc7131c7", "inat_id": 5999128}}, {"type": "Feature", "geometry": {"type": "Point", "coordinates": [-105.1124024391, 39.9786657264]}, "properties": {"species": "Coprinus comatus", "date": "2017-04-17", "location": "Lafayette, CO, USA", "elevation": 1609.0, "num_identification_agreements": 2, "tavg": null, "tmin": 4.0, "tmax": 25.2, "day_of_year": 107, "uuid": "407a0a12-6f3e-407e-ae5c-b368517a64ed", "inat_id": 5807836}}, {"type": "Feature", "geometry": {"type": "Point", "coordinates": [-105.0716805, 39.9796916667]}, "properties": {"species": "Coprinus comatus", "date": "2017-04-16", "location": "1854\u20131876 S 120th St, Lafayette, CO, US", "elevation": 1573.0, "num_identification_agreements": 2, "tavg": null, "tmin": 1.1, "tmax": 22.1, "day_of_year": 106, "uuid": "a59f7aed-a186-4124-815e-dba0ca474f86", "inat_id": 5781248}}, {"type": "Feature", "geometry": {"type": "Point", "coordinates": [-105.6321716309, 39.5986605893]}, "properties": {"species": "Coprinus comatus", "date": "2007-08-06", "location": "Mt Evans above treeline, Clear Creek County, CO, USA", "elevation": 3901.0, "num_identification_agreements": 3, "tavg": null, "tmin": null, "tmax": null, "day_of_year": 218, "uuid": "9fc29adb-e24b-4353-b898-d7fb6f574db4", "inat_id": 5540168}}, {"type": "Feature", "geometry": {"type": "Point", "coordinates": [-104.979650789, 39.649699031]}, "properties": {"species": "Coprinus comatus", "date": "2016-10-03", "location": "777 E Kenyon Ave, Englewood, CO, US", "elevation": 1627.0, "num_identification_agreements": 3, "tavg": null, "tmin": 11.1, "tmax": 25.0, "day_of_year": 277, "uuid": "aa7b6bde-d0c1-4195-af40-f16f3e7eab2a", "inat_id": 4265622}}, {"type": "Feature", "geometry": {"type": "Point", "coordinates": [-103.4913602603, 43.5641949754]}, "properties": {"species": "Coprinus comatus", "date": "2016-09-27", "location": "Wind Cave National Park, Custer, SD, US", "elevation": 1321.0, "num_identification_agreements": 2, "tavg": null, "tmin": 8.9, "tmax": 24.4, "day_of_year": 271, "uuid": "43ac384b-5de6-49ef-8bf5-66f5aa61f85d", "inat_id": 4222965}}, {"type": "Feature", "geometry": {"type": "Point", "coordinates": [-105.0523853302, 40.2943225702]}, "properties": {"species": "Coprinus comatus", "date": "2016-09-23", "location": "Berthoud, Weld County, CO, USA", "elevation": 1502.0, "num_identification_agreements": 1, "tavg": null, "tmin": 10.6, "tmax": 30.4, "day_of_year": 267, "uuid": "125dc103-3594-4eb5-ad36-321602f40369", "inat_id": 4210672}}, {"type": "Feature", "geometry": {"type": "Point", "coordinates": [-105.065907016, 40.5173017795]}, "properties": {"species": "Coprinus comatus", "date": "2016-09-09", "location": "Miramont, Fort Collins, CO 80525, USA", "elevation": 1523.0, "num_identification_agreements": 4, "tavg": null, "tmin": null, "tmax": null, "day_of_year": 253, "uuid": "27c7a3d0-8345-44a4-9f66-f6627bf9f466", "inat_id": 4070913}}, {"type": "Feature", "geometry": {"type": "Point", "coordinates": [-105.4365833333, 36.572925]}, "properties": {"species": "Coprinus comatus", "date": "2016-08-26", "location": "Carson National Forest, Taos Ski Valley, NM, US", "elevation": 3190.0, "num_identification_agreements": 2, "tavg": null, "tmin": null, "tmax": null, "day_of_year": 239, "uuid": "ce70b9ac-a18a-4863-b29c-1f91a3fdb07c", "inat_id": 3977766}}, {"type": "Feature", "geometry": {"type": "Point", "coordinates": [-105.552629, 36.150732]}, "properties": {"species": "Coprinus comatus", "date": "2011-08-18", "location": "sipapu, nm", "elevation": 2641.0, "num_identification_agreements": 2, "tavg": null, "tmin": 12.0, "tmax": 32.0, "day_of_year": 230, "uuid": "62c95733-7261-4c2f-a7cd-0bdd30d714b6", "inat_id": 2486744}}, {"type": "Feature", "geometry": {"type": "Point", "coordinates": [-105.0719388333, 39.6512416667]}, "properties": {"species": "Coprinus comatus", "date": "2015-09-25", "location": "Jefferson County, US-CO, US", "elevation": 1669.0, "num_identification_agreements": 2, "tavg": null, "tmin": 10.0, "tmax": 27.8, "day_of_year": 268, "uuid": "f1975764-a418-4575-a713-b178f97eb090", "inat_id": 2008273}}, {"type": "Feature", "geometry": {"type": "Point", "coordinates": [-108.569875, 39.129949]}, "properties": {"species": "Coprinus comatus", "date": "2015-05-25", "location": "Grand Junction Colorado", "elevation": 1433.0, "num_identification_agreements": 2, "tavg": null, "tmin": 7.8, "tmax": 19.4, "day_of_year": 145, "uuid": "1832a8a5-be49-422a-8389-9fa22721d0ef", "inat_id": 1544741}}, {"type": "Feature", "geometry": {"type": "Point", "coordinates": [-105.0121952223, 39.7878603522]}, "properties": {"species": "Coprinus comatus", "date": "2015-05-14", "location": "Colorado, US", "elevation": 1618.0, "num_identification_agreements": 2, "tavg": null, "tmin": 4.8, "tmax": 22.4, "day_of_year": 134, "uuid": "5e75ef5f-49c2-48ff-b514-25bb0cd9dd5c", "inat_id": 1489251}}, {"type": "Feature", "geometry": {"type": "Point", "coordinates": [-105.1642074585, 40.0605125427]}, "properties": {"species": "Coprinus comatus", "date": "2014-10-04", "location": "Boulder County, US-CO, US", "elevation": 1626.0, "num_identification_agreements": 2, "tavg": null, "tmin": 3.0, "tmax": 22.0, "day_of_year": 277, "uuid": "ed0b9522-944f-4e0e-a6f0-e6064c3ec111", "inat_id": 911246}}, {"type": "Feature", "geometry": {"type": "Point", "coordinates": [-108.259492, 39.913752]}, "properties": {"species": "Coprinus comatus", "date": "2013-05-26", "location": "Piceance Basin, Rio Blanco Co, Colorado", "elevation": 2023.0, "num_identification_agreements": 2, "tavg": null, "tmin": 3.3, "tmax": 25.6, "day_of_year": 146, "uuid": "55b78497-3483-44b5-9447-458cd05d5fde", "inat_id": 299419}}]}