{"type": "FeatureCollection", "features": [{"type": "Feature", "geometry": {"type": "Point", "coordinates": [-121.8910346108, 44.5905965165]}, "properties": {"species": "Craterellus tubaeformis", "date": "2013-09-13", "location": "Oregon, US", "elevation": 1454.0, "land_cover_label": "Tree cover", "water_mask": false, "exclude_reason": "keep", "ndvi": null, "soil_moisture": null, "solar_exposure": null, "wind_exposure": null, "water_retention": null, "slope": null, "aspect": null, "num_identification_agreements": 3, "cluster": 0, "tavg": null, "tmin": null, "tmax": null, "prcp_d0": 0.0, "prcp_d1": 0.0, "prcp_d2": 0.0, "prcp_d3": 0.0, "prcp_d4": 0.0, "prcp_d5": 0.0, "prcp_d6": 0.0, "tmax_d0": null, "tmax_d1": null, "tmax_d2": null, "tmax_d3": null, "tmax_d4": null, "tmax_d5": null, "tmax_d6": null, "tmin_d0": null, "tmin_d1": null, "tmin_d2": null, "tmin_d3": null, "tmin_d4": null, "tmin_d5": null, "tmin_d6": null, "day_of_year": 256, "uuid": "38a84d0b-c5e3-4f9a-bba5-ee492ba7fd34", "inat_id": 316215991}}, {"type": "Feature", "geometry": {"type": "Point", "coordinates": [-122.211507, 44.848242]}, "properties": {"species": "Craterellus tubaeformis", "date": "2013-10-22", "location": "Opal Creek, Jaw bone Flats, OR", "elevation": 697.0, "land_cover_label": "Tree cover", "water_mask": false, "exclude_reason": "keep", "ndvi": null, "soil_moisture": null, "solar_exposure": null, "wind_exposure": null, "water_retention": null, "slope": null, "aspect": null, "num_identification_agreements": 1, "cluster": 0, "tavg": null, "tmin": null, "tmax": null, "prcp_d0": 0.0, "prcp_d1": 0.0, "prcp_d2": 0.0, "prcp_d3": 0.0, "prcp_d4": 0.0, "prcp_d5": 0.0, "prcp_d6": 0.0, "tmax_d0": null, "tmax_d1": null, "tmax_d2": null, "tmax_d3": null, "tmax_d4": null, "tmax_d5": null, "tmax_d6": null, "tmin_d0": null, "tmin_d1": null, "tmin_d2": null, "tmin_d3": null, "tmin_d4": null, "tmin_d5": null, "tmin_d6": null, "day_of_year": 295, "uuid": "10c6a0bd-2f70-4fa3-a3fd-54198f3a85e4", "inat_id": 440050}}, {"type": "Feature", "geometry": {"type": "Point", "coordinates": [-122.243134, 44.865677]}, "properties": {"species": "Craterellus tubaeformis", "date": "2013-10-22", "location": "Opal Creek Wilderness, Oregon", "elevation": 1077.0, "land_cover_label": "Tree cover", "water_mask": false, "exclude_reason": "keep", "ndvi": null, "soil_moisture": null, "solar_exposure": null, "wind_exposure": null, "water_retention": null, "slope": null, "aspect": null, "num_identification_agreements": 1, "cluster": 0, "tavg": null, "tmin": null, "tmax": null, "prcp_d0": 0.0, "prcp_d1": 0.0, "prcp_d2": 0.0, "prcp_d3": 0.0, "prcp_d4": 0.0, "prcp_d5": 0.0, "prcp_d6": 0.0, "tmax_d0": null, "tmax_d1": null, "tmax_d2": null, "tmax_d3": null, "tmax_d4": null, "tmax_d5": null, "tmax_d6": null, "tmin_d0": null, "tmin_d1": null, "tmin_d2": null, "tmin_d3": null, "tmin_d4": null, "tmin_d5": null, "tmin_d6": null, "day_of_year": 295, "uuid": "2d54cfbd-2e91-4a9e-9696-46539b341f2a", "inat_id": 441741}}, {"type": "Feature", "geometry": {"type": "Point", "coordinates": [-122.209108, 44.846706]}, "properties": {"species": "Craterellus tubaeformis", "date": "2013-10-22", "location": "Opal Creek", "elevation": 641.0, "land_cover_label": "Tree cover", "water_mask": false, "exclude_reason": "keep", "ndvi": null, "soil_moisture": null, "solar_exposure": null, "wind_exposure": null, "water_retention": null, "slope": null, "aspect": null, "num_identification_agreements": 1, "cluster": 0, "tavg": null, "tmin": null, "tmax": null, "prcp_d0": 0.0, "prcp_d1": 0.0, "prcp_d2": 0.0, "prcp_d3": 0.0, "prcp_d4": 0.0, "prcp_d5": 0.0, "prcp_d6": 0.0, "tmax_d0": null, "tmax_d1": null, "tmax_d2": null, "tmax_d3": null, "tmax_d4": null, "tmax_d5": null, "tmax_d6": null, "tmin_d0": null, "tmin_d1": null, "tmin_d2": null, "tmin_d3": null, "tmin_d4": null, "tmin_d5": null, "tmin_d6": null, "day_of_year": 295, "uuid": "22efc02e-b74a-4b0a-a29f-4804955f0807", "inat_id": 446906}}, {"type": "Feature", "geometry": {"type": "Point", "coordinates": [-122.1987980605, 44.8362396565]}, "properties": {"species": "Craterellus tubaeformis", "date": "2016-10-25", "location": "Marion County, US-OR, US", "elevation": 767.0, "land_cover_label": "Tree cover", "water_mask": false, "exclude_reason": "keep", "ndvi": null, "soil_moisture": null, "solar_exposure": null, "wind_exposure": null, "water_retention": null, "slope": null, "aspect": null, "num_identification_agreements": 1, "cluster": 1, "tavg": null, "tmin": null, "tmax": null, "prcp_d0": 0.0, "prcp_d1": 46.33768081665039, "prcp_d2": 0.0, "prcp_d3": 0.0, "prcp_d4": 0.0, "prcp_d5": 15.242505073547363, "prcp_d6": 15.242505073547363, "tmax_d0": null, "tmax_d1": null, "tmax_d2": null, "tmax_d3": null, "tmax_d4": null, "tmax_d5": null, "tmax_d6": null, "tmin_d0": null, "tmin_d1": null, "tmin_d2": null, "tmin_d3": null, "tmin_d4": null, "tmin_d5": null, "tmin_d6": null, "day_of_year": 299, "uuid": "7f2b856a-7390-4102-91d3-0a63e2c32b5f", "inat_id": 4450789}}, {"type": "Feature", "geometry": {"type": "Point", "coordinates": [-121.808975, 45.3188466667]}, "properties": {"species": "Craterellus tubaeformis", "date": "2016-11-13", "location": "Mt. Hood National Forest, Rhododendron, OR, US", "elevation": 1104.0, "land_cover_label": "Tree cover", "water_mask": false, "exclude_reason": "keep", "ndvi": null, "soil_moisture": null, "solar_exposure": null, "wind_exposure": null, "water_retention": null, "slope": null, "aspect": null, "num_identification_agreements": 3, "cluster": 0, "tavg": null, "tmin": null, "tmax": null, "prcp_d0": 29.46406936645508, "prcp_d1": 0.0, "prcp_d2": 0.0, "prcp_d3": 0.0, "prcp_d4": 0.0, "prcp_d5": 0.0, "prcp_d6": 25.23876190185547, "tmax_d0": null, "tmax_d1": null, "tmax_d2": null, "tmax_d3": null, "tmax_d4": null, "tmax_d5": null, "tmax_d6": null, "tmin_d0": null, "tmin_d1": null, "tmin_d2": null, "tmin_d3": null, "tmin_d4": null, "tmin_d5": null, "tmin_d6": null, "day_of_year": 318, "uuid": "b9678016-b25a-4508-8ff7-b6ff22337738", "inat_id": 4575152}}, {"type": "Feature", "geometry": {"type": "Point", "coordinates": [-121.81, 45.31605]}, "properties": {"species": "Craterellus tubaeformis", "date": "2019-01-12", "location": "SW Mount Hood, Clackamas Co., Oregon, USA", "elevation": 916.0, "land_cover_label": "Tree cover", "water_mask": false, "exclude_reason": "keep", "ndvi": null, "soil_moisture": null, "solar_exposure": null, "wind_exposure": null, "water_retention": null, "slope": null, "aspect": null, "num_identification_agreements": 1, "cluster": 0, "tavg": null, "tmin": null, "tmax": null, "prcp_d0": 0.0, "prcp_d1": 0.0, "prcp_d2": 0.0, "prcp_d3": 14.13941764831543, "prcp_d4": 35.34854507446289, "prcp_d5": 0.0, "prcp_d6": 7.069708824157715, "tmax_d0": null, "tmax_d1": null, "tmax_d2": null, "tmax_d3": null, "tmax_d4": null, "tmax_d5": null, "tmax_d6": null, "tmin_d0": null, "tmin_d1": null, "tmin_d2": null, "tmin_d3": null, "tmin_d4": null, "tmin_d5": null, "tmin_d6": null, "day_of_year": 12, "uuid": "15d76f1e-d41c-403f-8388-36f26f3d2ed7", "inat_id": 19797840}}, {"type": "Feature", "geometry": {"type": "Point", "coordinates": [-121.81, 45.31605]}, "properties": {"species": "Craterellus tubaeformis", "date": "2019-02-02", "location": "SW Mount Hood, Clackamas Co., Oregon, USA", "elevation": 916.0, "land_cover_label": "Tree cover", "water_mask": false, "exclude_reason": "keep", "ndvi": null, "soil_moisture": null, "solar_exposure": null, "wind_exposure": null, "water_retention": null, "slope": null, "aspect": null, "num_identification_agreements": 1, "cluster": 1, "tavg": null, "tmin": null, "tmax": null, "prcp_d0": 0.0, "prcp_d1": 33.11867141723633, "prcp_d2": 0.0, "prcp_d3": 0.0, "prcp_d4": 0.0, "prcp_d5": 0.0, "prcp_d6": 0.0, "tmax_d0": null, "tmax_d1": null, "tmax_d2": null, "tmax_d3": null, "tmax_d4": null, "tmax_d5": null, "tmax_d6": null, "tmin_d0": null, "tmin_d1": null, "tmin_d2": null, "tmin_d3": null, "tmin_d4": null, "tmin_d5": null, "tmin_d6": null, "day_of_year": 33, "uuid": "30e77811-733a-4c88-9a6e-d85c78ba7ff9", "inat_id": 20069001}}, {"type": "Feature", "geometry": {"type": "Point", "coordinates": [-121.81, 45.31605]}, "properties": {"species": "Craterellus tubaeformis", "date": "2019-07-13", "location": "SW Mount Hood, Clackamas Co., Oregon, USA", "elevation": 916.0, "land_cover_label": "Tree cover", "water_mask": false, "exclude_reason": "keep", "ndvi": null, "soil_moisture": null, "solar_exposure": null, "wind_exposure": null, "water_retention": null, "slope": null, "aspect": null, "num_identification_agreements": 1, "cluster": 0, "tavg": null, "tmin": null, "tmax": null, "prcp_d0": 0.0, "prcp_d1": 0.0, "prcp_d2": 0.0, "prcp_d3": 6.7815046310424805, "prcp_d4": 0.0, "prcp_d5": 0.0, "prcp_d6": 0.0, "tmax_d0": null, "tmax_d1": null, "tmax_d2": null, "tmax_d3": null, "tmax_d4": null, "tmax_d5": null, "tmax_d6": null, "tmin_d0": null, "tmin_d1": null, "tmin_d2": null, "tmin_d3": null, "tmin_d4": null, "tmin_d5": null, "tmin_d6": null, "day_of_year": 194, "uuid": "3b63bb33-7250-4ed2-ab79-80a98fcadc99", "inat_id": 29635433}}, {"type": "Feature", "geometry": {"type": "Point", "coordinates": [-121.6522411187, 45.3819206969]}, "properties": {"species": "Craterellus tubaeformis", "date": "2019-09-16", "location": "Oregon, US", "elevation": 1987.0, "land_cover_label": "Bare / sparse vegetation", "water_mask": false, "exclude_reason": "keep", "ndvi": null, "soil_moisture": null, "solar_exposure": null, "wind_exposure": null, "water_retention": null, "slope": null, "aspect": null, "num_identification_agreements": 3, "cluster": 0, "tavg": null, "tmin": 12.8, "tmax": 21.1, "prcp_d0": 0.0, "prcp_d1": 0.0, "prcp_d2": 0.0, "prcp_d3": 0.0, "prcp_d4": 0.0, "prcp_d5": 0.0, "prcp_d6": 0.0, "tmax_d0": null, "tmax_d1": null, "tmax_d2": null, "tmax_d3": null, "tmax_d4": null, "tmax_d5": null, "tmax_d6": null, "tmin_d0": null, "tmin_d1": null, "tmin_d2": null, "tmin_d3": null, "tmin_d4": null, "tmin_d5": null, "tmin_d6": null, "day_of_year": 259, "uuid": "c7b72dc9-dd99-4ad0-995f-ed5c76a47367", "inat_id": 65245683}}, {"type": "Feature", "geometry": {"type": "Point", "coordinates": [-121.8030033333, 45.32143]}, "properties": {"species": "Craterellus tubaeformis", "date": "2019-09-18", "location": "Mt. Hood Park Division Recreation Area, Government Camp, OR, US", "elevation": 1165.0, "land_cover_label": "Tree cover", "water_mask": false, "exclude_reason": "keep", "ndvi": null, "soil_moisture": null, "solar_exposure": null, "wind_exposure": null, "water_retention": null, "slope": null, "aspect": null, "num_identification_agreements": 1, "cluster": 0, "tavg": null, "tmin": null, "tmax": null, "prcp_d0": 0.0, "prcp_d1": 0.0, "prcp_d2": 0.0, "prcp_d3": 0.0, "prcp_d4": 0.0, "prcp_d5": 0.0, "prcp_d6": 0.0, "tmax_d0": null, "tmax_d1": null, "tmax_d2": null, "tmax_d3": null, "tmax_d4": null, "tmax_d5": null, "tmax_d6": null, "tmin_d0": null, "tmin_d1": null, "tmin_d2": null, "tmin_d3": null, "tmin_d4": null, "tmin_d5": null, "tmin_d6": null, "day_of_year": 261, "uuid": "12d16455-da9b-4583-a115-a7449390ac7d", "inat_id": 86778249}}, {"type": "Feature", "geometry": {"type": "Point", "coordinates": [-121.7781280262, 45.305674891]}, "properties": {"species": "Craterellus tubaeformis", "date": "2019-10-06", "location": "Mt. Hood National Forest, Government Camp, OR, US", "elevation": 1132.0, "land_cover_label": "Tree cover", "water_mask": false, "exclude_reason": "keep", "ndvi": null, "soil_moisture": null, "solar_exposure": null, "wind_exposure": null, "water_retention": null, "slope": null, "aspect": null, "num_identification_agreements": 1, "cluster": 0, "tavg": null, "tmin": null, "tmax": null, "prcp_d0": 0.0, "prcp_d1": 0.0, "prcp_d2": 0.0, "prcp_d3": 0.0, "prcp_d4": 0.0, "prcp_d5": 0.0, "prcp_d6": 0.0, "tmax_d0": null, "tmax_d1": null, "tmax_d2": null, "tmax_d3": null, "tmax_d4": null, "tmax_d5": null, "tmax_d6": null, "tmin_d0": null, "tmin_d1": null, "tmin_d2": null, "tmin_d3": null, "tmin_d4": null, "tmin_d5": null, "tmin_d6": null, "day_of_year": 279, "uuid": "4f9ad09d-5b05-4d54-b176-24d2d3dabf6a", "inat_id": 33971846}}, {"type": "Feature", "geometry": {"type": "Point", "coordinates": [-122.2110365612, 44.8478811142]}, "properties": {"species": "Craterellus tubaeformis", "date": "2019-10-12", "location": "Marion County, US-OR, US", "elevation": 638.0, "land_cover_label": "Tree cover", "water_mask": false, "exclude_reason": "keep", "ndvi": null, "soil_moisture": null, "solar_exposure": null, "wind_exposure": null, "water_retention": null, "slope": null, "aspect": null, "num_identification_agreements": 1, "cluster": 0, "tavg": null, "tmin": null, "tmax": null, "prcp_d0": 0.0, "prcp_d1": 0.0, "prcp_d2": 0.0, "prcp_d3": 0.0, "prcp_d4": 0.0, "prcp_d5": 0.0, "prcp_d6": 0.0, "tmax_d0": null, "tmax_d1": null, "tmax_d2": null, "tmax_d3": null, "tmax_d4": null, "tmax_d5": null, "tmax_d6": null, "tmin_d0": null, "tmin_d1": null, "tmin_d2": null, "tmin_d3": null, "tmin_d4": null, "tmin_d5": null, "tmin_d6": null, "day_of_year": 285, "uuid": "8b4df355-2d9e-41ce-b942-953c4ee2b1c3", "inat_id": 34333617}}, {"type": "Feature", "geometry": {"type": "Point", "coordinates": [-122.2107250058, 44.8478435213]}, "properties": {"species": "Craterellus tubaeformis", "date": "2019-10-12", "location": "Marion County, US-OR, US", "elevation": 638.0, "land_cover_label": "Tree cover", "water_mask": false, "exclude_reason": "keep", "ndvi": null, "soil_moisture": null, "solar_exposure": null, "wind_exposure": null, "water_retention": null, "slope": null, "aspect": null, "num_identification_agreements": 1, "cluster": 0, "tavg": null, "tmin": null, "tmax": null, "prcp_d0": 0.0, "prcp_d1": 0.0, "prcp_d2": 0.0, "prcp_d3": 0.0, "prcp_d4": 0.0, "prcp_d5": 0.0, "prcp_d6": 0.0, "tmax_d0": null, "tmax_d1": null, "tmax_d2": null, "tmax_d3": null, "tmax_d4": null, "tmax_d5": null, "tmax_d6": null, "tmin_d0": null, "tmin_d1": null, "tmin_d2": null, "tmin_d3": null, "tmin_d4": null, "tmin_d5": null, "tmin_d6": null, "day_of_year": 285, "uuid": "ad88226c-4463-4bbb-a412-b14577afd4e0", "inat_id": 34334908}}, {"type": "Feature", "geometry": {"type": "Point", "coordinates": [-122.2115925328, 44.8477871949]}, "properties": {"species": "Craterellus tubaeformis", "date": "2019-10-12", "location": "Marion County, US-OR, US", "elevation": 638.0, "land_cover_label": "Tree cover", "water_mask": false, "exclude_reason": "keep", "ndvi": null, "soil_moisture": null, "solar_exposure": null, "wind_exposure": null, "water_retention": null, "slope": null, "aspect": null, "num_identification_agreements": 1, "cluster": 0, "tavg": null, "tmin": null, "tmax": null, "prcp_d0": 0.0, "prcp_d1": 0.0, "prcp_d2": 0.0, "prcp_d3": 0.0, "prcp_d4": 0.0, "prcp_d5": 0.0, "prcp_d6": 0.0, "tmax_d0": null, "tmax_d1": null, "tmax_d2": null, "tmax_d3": null, "tmax_d4": null, "tmax_d5": null, "tmax_d6": null, "tmin_d0": null, "tmin_d1": null, "tmin_d2": null, "tmin_d3": null, "tmin_d4": null, "tmin_d5": null, "tmin_d6": null, "day_of_year": 285, "uuid": "025c341a-a915-4ac9-85be-d01ecaf3d692", "inat_id": 34331002}}, {"type": "Feature", "geometry": {"type": "Point", "coordinates": [-122.2106442043, 44.8478228599]}, "properties": {"species": "Craterellus tubaeformis", "date": "2019-10-12", "location": "Marion County, US-OR, US", "elevation": 638.0, "land_cover_label": "Tree cover", "water_mask": false, "exclude_reason": "keep", "ndvi": null, "soil_moisture": null, "solar_exposure": null, "wind_exposure": null, "water_retention": null, "slope": null, "aspect": null, "num_identification_agreements": 1, "cluster": 0, "tavg": null, "tmin": null, "tmax": null, "prcp_d0": 0.0, "prcp_d1": 0.0, "prcp_d2": 0.0, "prcp_d3": 0.0, "prcp_d4": 0.0, "prcp_d5": 0.0, "prcp_d6": 0.0, "tmax_d0": null, "tmax_d1": null, "tmax_d2": null, "tmax_d3": null, "tmax_d4": null, "tmax_d5": null, "tmax_d6": null, "tmin_d0": null, "tmin_d1": null, "tmin_d2": null, "tmin_d3": null, "tmin_d4": null, "tmin_d5": null, "tmin_d6": null, "day_of_year": 285, "uuid": "0be6f1c5-f7eb-454f-8ec8-d562368b80de", "inat_id": 34330217}}, {"type": "Feature", "geometry": {"type": "Point", "coordinates": [-122.20647477, 44.84356982]}, "properties": {"species": "Craterellus tubaeformis", "date": "2019-10-12", "location": "Marion County, US-OR, US", "elevation": 732.0, "land_cover_label": "Tree cover", "water_mask": false, "exclude_reason": "keep", "ndvi": null, "soil_moisture": null, "solar_exposure": null, "wind_exposure": null, "water_retention": null, "slope": null, "aspect": null, "num_identification_agreements": 2, "cluster": 0, "tavg": null, "tmin": null, "tmax": null, "prcp_d0": 0.0, "prcp_d1": 0.0, "prcp_d2": 0.0, "prcp_d3": 0.0, "prcp_d4": 0.0, "prcp_d5": 0.0, "prcp_d6": 0.0, "tmax_d0": null, "tmax_d1": null, "tmax_d2": null, "tmax_d3": null, "tmax_d4": null, "tmax_d5": null, "tmax_d6": null, "tmin_d0": null, "tmin_d1": null, "tmin_d2": null, "tmin_d3": null, "tmin_d4": null, "tmin_d5": null, "tmin_d6": null, "day_of_year": 285, "uuid": "4ed93f09-e9b3-4e48-843c-0d9722a5dfe2", "inat_id": 34329941}}, {"type": "Feature", "geometry": {"type": "Point", "coordinates": [-122.2104690225, 44.8477482191]}, "properties": {"species": "Craterellus tubaeformis", "date": "2019-10-12", "location": "Marion County, US-OR, US", "elevation": 638.0, "land_cover_label": "Tree cover", "water_mask": false, "exclude_reason": "keep", "ndvi": null, "soil_moisture": null, "solar_exposure": null, "wind_exposure": null, "water_retention": null, "slope": null, "aspect": null, "num_identification_agreements": 1, "cluster": 0, "tavg": null, "tmin": null, "tmax": null, "prcp_d0": 0.0, "prcp_d1": 0.0, "prcp_d2": 0.0, "prcp_d3": 0.0, "prcp_d4": 0.0, "prcp_d5": 0.0, "prcp_d6": 0.0, "tmax_d0": null, "tmax_d1": null, "tmax_d2": null, "tmax_d3": null, "tmax_d4": null, "tmax_d5": null, "tmax_d6": null, "tmin_d0": null, "tmin_d1": null, "tmin_d2": null, "tmin_d3": null, "tmin_d4": null, "tmin_d5": null, "tmin_d6": null, "day_of_year": 285, "uuid": "400b891f-6589-4ebd-9481-113860dbffa0", "inat_id": 34329868}}, {"type": "Feature", "geometry": {"type": "Point", "coordinates": [-122.2062671744, 44.8439418292]}, "properties": {"species": "Craterellus tubaeformis", "date": "2019-10-12", "location": "Marion County, US-OR, US", "elevation": 658.0, "land_cover_label": "Tree cover", "water_mask": false, "exclude_reason": "keep", "ndvi": null, "soil_moisture": null, "solar_exposure": null, "wind_exposure": null, "water_retention": null, "slope": null, "aspect": null, "num_identification_agreements": 2, "cluster": 0, "tavg": null, "tmin": null, "tmax": null, "prcp_d0": 0.0, "prcp_d1": 0.0, "prcp_d2": 0.0, "prcp_d3": 0.0, "prcp_d4": 0.0, "prcp_d5": 0.0, "prcp_d6": 0.0, "tmax_d0": null, "tmax_d1": null, "tmax_d2": null, "tmax_d3": null, "tmax_d4": null, "tmax_d5": null, "tmax_d6": null, "tmin_d0": null, "tmin_d1": null, "tmin_d2": null, "tmin_d3": null, "tmin_d4": null, "tmin_d5": null, "tmin_d6": null, "day_of_year": 285, "uuid": "f88d1ce4-e2f7-4922-b923-6ede27c57e31", "inat_id": 34858691}}, {"type": "Feature", "geometry": {"type": "Point", "coordinates": [-122.21289631, 44.85041276]}, "properties": {"species": "Craterellus tubaeformis", "date": "2019-10-12", "location": "Marion County, US-OR, US", "elevation": 786.0, "land_cover_label": "Tree cover", "water_mask": false, "exclude_reason": "keep", "ndvi": null, "soil_moisture": null, "solar_exposure": null, "wind_exposure": null, "water_retention": null, "slope": null, "aspect": null, "num_identification_agreements": 1, "cluster": 0, "tavg": null, "tmin": null, "tmax": null, "prcp_d0": 0.0, "prcp_d1": 0.0, "prcp_d2": 0.0, "prcp_d3": 0.0, "prcp_d4": 0.0, "prcp_d5": 0.0, "prcp_d6": 0.0, "tmax_d0": null, "tmax_d1": null, "tmax_d2": null, "tmax_d3": null, "tmax_d4": null, "tmax_d5": null, "tmax_d6": null, "tmin_d0": null, "tmin_d1": null, "tmin_d2": null, "tmin_d3": null, "tmin_d4": null, "tmin_d5": null, "tmin_d6": null, "day_of_year": 285, "uuid": "ec29f11a-c0df-42b1-a099-1bb8baccec27", "inat_id": 34368815}}, {"type": "Feature", "geometry": {"type": "Point", "coordinates": [-122.21174393, 44.84799471]}, "properties": {"species": "Craterellus tubaeformis", "date": "2019-10-12", "location": "Marion County, US-OR, US", "elevation": 697.0, "land_cover_label": "Tree cover", "water_mask": false, "exclude_reason": "keep", "ndvi": null, "soil_moisture": null, "solar_exposure": null, "wind_exposure": null, "water_retention": null, "slope": null, "aspect": null, "num_identification_agreements": 3, "cluster": 0, "tavg": null, "tmin": null, "tmax": null, "prcp_d0": 0.0, "prcp_d1": 0.0, "prcp_d2": 0.0, "prcp_d3": 0.0, "prcp_d4": 0.0, "prcp_d5": 0.0, "prcp_d6": 0.0, "tmax_d0": null, "tmax_d1": null, "tmax_d2": null, "tmax_d3": null, "tmax_d4": null, "tmax_d5": null, "tmax_d6": null, "tmin_d0": null, "tmin_d1": null, "tmin_d2": null, "tmin_d3": null, "tmin_d4": null, "tmin_d5": null, "tmin_d6": null, "day_of_year": 285, "uuid": "7bd0758e-835e-4a91-857b-29c2439775c9", "inat_id": 34362683}}, {"type": "Feature", "geometry": {"type": "Point", "coordinates": [-122.20624508, 44.84392629]}, "properties": {"species": "Craterellus tubaeformis", "date": "2019-10-12", "location": "Marion County, US-OR, US", "elevation": 673.0, "land_cover_label": "Tree cover", "water_mask": false, "exclude_reason": "keep", "ndvi": null, "soil_moisture": null, "solar_exposure": null, "wind_exposure": null, "water_retention": null, "slope": null, "aspect": null, "num_identification_agreements": 1, "cluster": 0, "tavg": null, "tmin": null, "tmax": null, "prcp_d0": 0.0, "prcp_d1": 0.0, "prcp_d2": 0.0, "prcp_d3": 0.0, "prcp_d4": 0.0, "prcp_d5": 0.0, "prcp_d6": 0.0, "tmax_d0": null, "tmax_d1": null, "tmax_d2": null, "tmax_d3": null, "tmax_d4": null, "tmax_d5": null, "tmax_d6": null, "tmin_d0": null, "tmin_d1": null, "tmin_d2": null, "tmin_d3": null, "tmin_d4": null, "tmin_d5": null, "tmin_d6": null, "day_of_year": 285, "uuid": "6fdb0c19-52b2-43d6-a5bf-d2da81bf7511", "inat_id": 34339939}}, {"type": "Feature", "geometry": {"type": "Point", "coordinates": [-122.2106908077, 44.8479351774]}, "properties": {"species": "Craterellus tubaeformis", "date": "2019-10-12", "location": "Marion County, US-OR, US", "elevation": 638.0, "land_cover_label": "Tree cover", "water_mask": false, "exclude_reason": "keep", "ndvi": null, "soil_moisture": null, "solar_exposure": null, "wind_exposure": null, "water_retention": null, "slope": null, "aspect": null, "num_identification_agreements": 1, "cluster": 0, "tavg": null, "tmin": null, "tmax": null, "prcp_d0": 0.0, "prcp_d1": 0.0, "prcp_d2": 0.0, "prcp_d3": 0.0, "prcp_d4": 0.0, "prcp_d5": 0.0, "prcp_d6": 0.0, "tmax_d0": null, "tmax_d1": null, "tmax_d2": null, "tmax_d3": null, "tmax_d4": null, "tmax_d5": null, "tmax_d6": null, "tmin_d0": null, "tmin_d1": null, "tmin_d2": null, "tmin_d3": null, "tmin_d4": null, "tmin_d5": null, "tmin_d6": null, "day_of_year": 285, "uuid": "e5a9b1fa-5b67-429e-89a2-dfc35eafe4a3", "inat_id": 34335258}}, {"type": "Feature", "geometry": {"type": "Point", "coordinates": [-122.2294076813, 44.8511188338]}, "properties": {"species": "Craterellus tubaeformis", "date": "2019-10-13", "location": "Marion County, US-OR, US", "elevation": 609.0, "land_cover_label": "Tree cover", "water_mask": false, "exclude_reason": "keep", "ndvi": null, "soil_moisture": null, "solar_exposure": null, "wind_exposure": null, "water_retention": null, "slope": null, "aspect": null, "num_identification_agreements": 2, "cluster": 0, "tavg": null, "tmin": null, "tmax": null, "prcp_d0": 0.0, "prcp_d1": 0.0, "prcp_d2": 0.0, "prcp_d3": 0.0, "prcp_d4": 0.0, "prcp_d5": 0.0, "prcp_d6": 0.0, "tmax_d0": null, "tmax_d1": null, "tmax_d2": null, "tmax_d3": null, "tmax_d4": null, "tmax_d5": null, "tmax_d6": null, "tmin_d0": null, "tmin_d1": null, "tmin_d2": null, "tmin_d3": null, "tmin_d4": null, "tmin_d5": null, "tmin_d6": null, "day_of_year": 286, "uuid": "c9e2d5d5-dd5c-4354-b4ea-b0b1ec657238", "inat_id": 34332590}}, {"type": "Feature", "geometry": {"type": "Point", "coordinates": [-121.8662633333, 45.2970383333]}, "properties": {"species": "Craterellus tubaeformis", "date": "2019-10-21", "location": "Mt. Hood Park Division Recreation Area, Rhododendron, OR, US", "elevation": 727.0, "land_cover_label": "Tree cover", "water_mask": false, "exclude_reason": "keep", "ndvi": null, "soil_moisture": null, "solar_exposure": null, "wind_exposure": null, "water_retention": null, "slope": null, "aspect": null, "num_identification_agreements": 1, "cluster": 0, "tavg": null, "tmin": null, "tmax": null, "prcp_d0": 3.6401989459991455, "prcp_d1": 0.0, "prcp_d2": 9.985761642456056, "prcp_d3": 0.0, "prcp_d4": 0.0, "prcp_d5": 0.0, "prcp_d6": 0.0, "tmax_d0": null, "tmax_d1": null, "tmax_d2": null, "tmax_d3": null, "tmax_d4": null, "tmax_d5": null, "tmax_d6": null, "tmin_d0": null, "tmin_d1": null, "tmin_d2": null, "tmin_d3": null, "tmin_d4": null, "tmin_d5": null, "tmin_d6": null, "day_of_year": 294, "uuid": "505a952a-9732-4b62-910c-b2c5078ba0e8", "inat_id": 36051325}}, {"type": "Feature", "geometry": {"type": "Point", "coordinates": [-121.6908325701, 45.1911459093]}, "properties": {"species": "Craterellus tubaeformis", "date": "2019-10-25", "location": "Mt. Hood National Forest, Maupin, OR, US", "elevation": 1172.0, "land_cover_label": "Tree cover", "water_mask": false, "exclude_reason": "keep", "ndvi": null, "soil_moisture": null, "solar_exposure": null, "wind_exposure": null, "water_retention": null, "slope": null, "aspect": null, "num_identification_agreements": 1, "cluster": 0, "tavg": null, "tmin": null, "tmax": null, "prcp_d0": 0.0, "prcp_d1": 0.0, "prcp_d2": 0.0, "prcp_d3": 6.3956828117370605, "prcp_d4": 0.0, "prcp_d5": 0.0, "prcp_d6": 7.989690780639648, "tmax_d0": null, "tmax_d1": null, "tmax_d2": null, "tmax_d3": null, "tmax_d4": null, "tmax_d5": null, "tmax_d6": null, "tmin_d0": null, "tmin_d1": null, "tmin_d2": null, "tmin_d3": null, "tmin_d4": null, "tmin_d5": null, "tmin_d6": null, "day_of_year": 298, "uuid": "ec415ce9-daa8-423a-977b-01d6d04942c3", "inat_id": 34892132}}, {"type": "Feature", "geometry": {"type": "Point", "coordinates": [-122.1224143419, 44.7117935475]}, "properties": {"species": "Craterellus tubaeformis", "date": "2019-10-26", "location": "Willamette National Forest, Idanha, OR, US", "elevation": 517.0, "land_cover_label": "Tree cover", "water_mask": false, "exclude_reason": "keep", "ndvi": null, "soil_moisture": null, "solar_exposure": null, "wind_exposure": null, "water_retention": null, "slope": null, "aspect": null, "num_identification_agreements": 1, "cluster": 0, "tavg": null, "tmin": null, "tmax": null, "prcp_d0": 0.0, "prcp_d1": 0.0, "prcp_d2": 0.0, "prcp_d3": 0.0, "prcp_d4": 0.0, "prcp_d5": 0.0, "prcp_d6": 0.0, "tmax_d0": null, "tmax_d1": null, "tmax_d2": null, "tmax_d3": null, "tmax_d4": null, "tmax_d5": null, "tmax_d6": null, "tmin_d0": null, "tmin_d1": null, "tmin_d2": null, "tmin_d3": null, "tmin_d4": null, "tmin_d5": null, "tmin_d6": null, "day_of_year": 299, "uuid": "8a1b2c94-f68f-41b2-a042-1f4cd8b0b6a0", "inat_id": 34919625}}, {"type": "Feature", "geometry": {"type": "Point", "coordinates": [-121.84069167, 45.462095]}, "properties": {"species": "Craterellus tubaeformis", "date": "2019-10-26", "location": "Bull Run Lake, Cascade Locks, OR, US", "elevation": 974.0, "land_cover_label": "Tree cover", "water_mask": false, "exclude_reason": "keep", "ndvi": null, "soil_moisture": null, "solar_exposure": null, "wind_exposure": null, "water_retention": null, "slope": null, "aspect": null, "num_identification_agreements": 1, "cluster": 0, "tavg": null, "tmin": 2.8, "tmax": 14.4, "prcp_d0": 0.0, "prcp_d1": 0.0, "prcp_d2": 0.0, "prcp_d3": 0.0, "prcp_d4": 0.0, "prcp_d5": 0.0, "prcp_d6": 0.0, "tmax_d0": null, "tmax_d1": null, "tmax_d2": null, "tmax_d3": null, "tmax_d4": null, "tmax_d5": null, "tmax_d6": null, "tmin_d0": null, "tmin_d1": null, "tmin_d2": null, "tmin_d3": null, "tmin_d4": null, "tmin_d5": null, "tmin_d6": null, "day_of_year": 299, "uuid": "e10cecff-00a3-4ce5-9cd3-664ffcdd28e7", "inat_id": 63551008}}, {"type": "Feature", "geometry": {"type": "Point", "coordinates": [-121.8375171748, 45.3832781951]}, "properties": {"species": "Craterellus tubaeformis", "date": "2019-10-30", "location": "Mt. Hood National Forest, Rhododendron, OR, US", "elevation": 734.0, "land_cover_label": "Tree cover", "water_mask": false, "exclude_reason": "keep", "ndvi": null, "soil_moisture": null, "solar_exposure": null, "wind_exposure": null, "water_retention": null, "slope": null, "aspect": null, "num_identification_agreements": 1, "cluster": 0, "tavg": null, "tmin": 2.2, "tmax": 10.0, "prcp_d0": 0.0, "prcp_d1": 0.0, "prcp_d2": 0.0, "prcp_d3": 0.0, "prcp_d4": 0.0, "prcp_d5": 0.0, "prcp_d6": 0.0, "tmax_d0": null, "tmax_d1": null, "tmax_d2": null, "tmax_d3": null, "tmax_d4": null, "tmax_d5": null, "tmax_d6": null, "tmin_d0": null, "tmin_d1": null, "tmin_d2": null, "tmin_d3": null, "tmin_d4": null, "tmin_d5": null, "tmin_d6": null, "day_of_year": 303, "uuid": "86b9e83e-ed61-4848-9c7a-541afb75a361", "inat_id": 36722991}}, {"type": "Feature", "geometry": {"type": "Point", "coordinates": [-121.9671694444, 44.6785444444]}, "properties": {"species": "Craterellus tubaeformis", "date": "2019-11-19", "location": "Linn County, OR, USA", "elevation": 738.0, "land_cover_label": "Tree cover", "water_mask": false, "exclude_reason": "keep", "ndvi": null, "soil_moisture": null, "solar_exposure": null, "wind_exposure": null, "water_retention": null, "slope": null, "aspect": null, "num_identification_agreements": 2, "cluster": 0, "tavg": null, "tmin": null, "tmax": null, "prcp_d0": 0.0, "prcp_d1": 23.780168533325195, "prcp_d2": 0.0, "prcp_d3": 0.0, "prcp_d4": 8.724701881408691, "prcp_d5": 0.0322112217545509, "prcp_d6": 0.4133099913597107, "tmax_d0": null, "tmax_d1": null, "tmax_d2": null, "tmax_d3": null, "tmax_d4": null, "tmax_d5": null, "tmax_d6": null, "tmin_d0": null, "tmin_d1": null, "tmin_d2": null, "tmin_d3": null, "tmin_d4": null, "tmin_d5": null, "tmin_d6": null, "day_of_year": 323, "uuid": "9b69dcf7-f3b7-42b4-9216-e5693784c18a", "inat_id": 36000272}}, {"type": "Feature", "geometry": {"type": "Point", "coordinates": [-121.9332318513, 45.287104835]}, "properties": {"species": "Craterellus tubaeformis", "date": "2019-11-21", "location": "Oregon, US", "elevation": 790.0, "land_cover_label": "Tree cover", "water_mask": false, "exclude_reason": "keep", "ndvi": null, "soil_moisture": null, "solar_exposure": null, "wind_exposure": null, "water_retention": null, "slope": null, "aspect": null, "num_identification_agreements": 1, "cluster": 0, "tavg": null, "tmin": 4.4, "tmax": 12.2, "prcp_d0": 0.0, "prcp_d1": 0.0, "prcp_d2": 0.0, "prcp_d3": 38.41814422607422, "prcp_d4": 0.0, "prcp_d5": 0.0, "prcp_d6": 14.19179344177246, "tmax_d0": null, "tmax_d1": null, "tmax_d2": null, "tmax_d3": null, "tmax_d4": null, "tmax_d5": null, "tmax_d6": null, "tmin_d0": null, "tmin_d1": null, "tmin_d2": null, "tmin_d3": null, "tmin_d4": null, "tmin_d5": null, "tmin_d6": null, "day_of_year": 325, "uuid": "8370fcd1-e641-47ff-8c9e-4a5fd8f0a702", "inat_id": 37034681}}, {"type": "Feature", "geometry": {"type": "Point", "coordinates": [-121.95679837, 44.77554009]}, "properties": {"species": "Craterellus tubaeformis", "date": "2019-12-30", "location": "Marion County, US-OR, US", "elevation": 798.0, "land_cover_label": "Tree cover", "water_mask": false, "exclude_reason": "keep", "ndvi": null, "soil_moisture": null, "solar_exposure": null, "wind_exposure": null, "water_retention": null, "slope": null, "aspect": null, "num_identification_agreements": 1, "cluster": 0, "tavg": null, "tmin": null, "tmax": null, "prcp_d0": 0.0, "prcp_d1": 0.0, "prcp_d2": 0.0, "prcp_d3": 0.0, "prcp_d4": 0.0, "prcp_d5": 0.0, "prcp_d6": 0.0, "tmax_d0": null, "tmax_d1": null, "tmax_d2": null, "tmax_d3": null, "tmax_d4": null, "tmax_d5": null, "tmax_d6": null, "tmin_d0": null, "tmin_d1": null, "tmin_d2": null, "tmin_d3": null, "tmin_d4": null, "tmin_d5": null, "tmin_d6": null, "day_of_year": 364, "uuid": "27aabe6e-c712-49b7-bfdc-96e0b357de44", "inat_id": 37326046}}, {"type": "Feature", "geometry": {"type": "Point", "coordinates": [-121.9089688558, 45.3625158856]}, "properties": {"species": "Craterellus tubaeformis", "date": "2020-01-28", "location": "Oregon, US", "elevation": 764.0, "land_cover_label": "Tree cover", "water_mask": false, "exclude_reason": "keep", "ndvi": null, "soil_moisture": null, "solar_exposure": null, "wind_exposure": null, "water_retention": null, "slope": null, "aspect": null, "num_identification_agreements": 2, "cluster": 1, "tavg": null, "tmin": 6.7, "tmax": 11.7, "prcp_d0": 35.00638961791992, "prcp_d1": 17.50319480895996, "prcp_d2": 0.0, "prcp_d3": 27.520219802856445, "prcp_d4": 0.0, "prcp_d5": 0.0, "prcp_d6": 0.0, "tmax_d0": null, "tmax_d1": null, "tmax_d2": null, "tmax_d3": null, "tmax_d4": null, "tmax_d5": null, "tmax_d6": null, "tmin_d0": null, "tmin_d1": null, "tmin_d2": null, "tmin_d3": null, "tmin_d4": null, "tmin_d5": null, "tmin_d6": null, "day_of_year": 28, "uuid": "f8b15fd5-4823-4997-aeb7-b421f3d901dd", "inat_id": 39263209}}, {"type": "Feature", "geometry": {"type": "Point", "coordinates": [-122.2659357311, 44.7947865891]}, "properties": {"species": "Craterellus tubaeformis", "date": "2020-02-02", "location": "Marion County, OR, USA", "elevation": 903.0, "land_cover_label": "Tree cover", "water_mask": false, "exclude_reason": "keep", "ndvi": null, "soil_moisture": null, "solar_exposure": null, "wind_exposure": null, "water_retention": null, "slope": null, "aspect": null, "num_identification_agreements": 3, "cluster": 2, "tavg": null, "tmin": null, "tmax": null, "prcp_d0": 0.0, "prcp_d1": 14.465271949768066, "prcp_d2": 0.0, "prcp_d3": 21.00713539123535, "prcp_d4": 42.0142707824707, "prcp_d5": 42.0142707824707, "prcp_d6": 21.00713539123535, "tmax_d0": null, "tmax_d1": null, "tmax_d2": null, "tmax_d3": null, "tmax_d4": null, "tmax_d5": null, "tmax_d6": null, "tmin_d0": null, "tmin_d1": null, "tmin_d2": null, "tmin_d3": null, "tmin_d4": null, "tmin_d5": null, "tmin_d6": null, "day_of_year": 33, "uuid": "78e01f96-c80d-4f92-b898-7e51808fba8f", "inat_id": 38629037}}, {"type": "Feature", "geometry": {"type": "Point", "coordinates": [-122.2264679722, 44.849857]}, "properties": {"species": "Craterellus tubaeformis", "date": "2020-02-16", "location": "Gates, OR 97346, USA", "elevation": 625.0, "land_cover_label": "Tree cover", "water_mask": false, "exclude_reason": "keep", "ndvi": null, "soil_moisture": null, "solar_exposure": null, "wind_exposure": null, "water_retention": null, "slope": null, "aspect": null, "num_identification_agreements": 1, "cluster": 1, "tavg": null, "tmin": null, "tmax": null, "prcp_d0": 65.21781158447266, "prcp_d1": 40.41707992553711, "prcp_d2": 0.0, "prcp_d3": 0.0, "prcp_d4": 0.0, "prcp_d5": 0.0, "prcp_d6": 0.0, "tmax_d0": null, "tmax_d1": null, "tmax_d2": null, "tmax_d3": null, "tmax_d4": null, "tmax_d5": null, "tmax_d6": null, "tmin_d0": null, "tmin_d1": null, "tmin_d2": null, "tmin_d3": null, "tmin_d4": null, "tmin_d5": null, "tmin_d6": null, "day_of_year": 47, "uuid": "f2f79fb6-89ee-4df7-8f51-f70c0a7ad35b", "inat_id": 57701229}}, {"type": "Feature", "geometry": {"type": "Point", "coordinates": [-121.915025, 45.26028]}, "properties": {"species": "Craterellus tubaeformis", "date": "2020-02-17", "location": "Mt. Hood National Forest, Welches, OR, US", "elevation": 570.0, "land_cover_label": "Tree cover", "water_mask": false, "exclude_reason": "keep", "ndvi": null, "soil_moisture": null, "solar_exposure": null, "wind_exposure": null, "water_retention": null, "slope": null, "aspect": null, "num_identification_agreements": 1, "cluster": 1, "tavg": null, "tmin": 2.8, "tmax": 9.4, "prcp_d0": 0.0, "prcp_d1": 45.376502990722656, "prcp_d2": 25.0274715423584, "prcp_d3": 0.0, "prcp_d4": 0.0, "prcp_d5": 0.0, "prcp_d6": 0.0, "tmax_d0": null, "tmax_d1": null, "tmax_d2": null, "tmax_d3": null, "tmax_d4": null, "tmax_d5": null, "tmax_d6": null, "tmin_d0": null, "tmin_d1": null, "tmin_d2": null, "tmin_d3": null, "tmin_d4": null, "tmin_d5": null, "tmin_d6": null, "day_of_year": 48, "uuid": "e24dc309-1047-454e-aae7-e3f6f311b081", "inat_id": 38797389}}, {"type": "Feature", "geometry": {"type": "Point", "coordinates": [-122.22256333, 44.84827833]}, "properties": {"species": "Craterellus tubaeformis", "date": "2020-02-22", "location": "Willamette National Forest, Gates, OR, US", "elevation": 681.0, "land_cover_label": "Tree cover", "water_mask": false, "exclude_reason": "keep", "ndvi": null, "soil_moisture": null, "solar_exposure": null, "wind_exposure": null, "water_retention": null, "slope": null, "aspect": null, "num_identification_agreements": 2, "cluster": 2, "tavg": null, "tmin": null, "tmax": null, "prcp_d0": 0.0, "prcp_d1": 0.0, "prcp_d2": 0.0, "prcp_d3": 0.0, "prcp_d4": 0.0, "prcp_d5": 0.0, "prcp_d6": 65.21781158447266, "tmax_d0": null, "tmax_d1": null, "tmax_d2": null, "tmax_d3": null, "tmax_d4": null, "tmax_d5": null, "tmax_d6": null, "tmin_d0": null, "tmin_d1": null, "tmin_d2": null, "tmin_d3": null, "tmin_d4": null, "tmin_d5": null, "tmin_d6": null, "day_of_year": 53, "uuid": "444bd5d9-5679-4339-9cfd-3deaf47a62f7", "inat_id": 40737740}}, {"type": "Feature", "geometry": {"type": "Point", "coordinates": [-122.19976167, 44.83183333]}, "properties": {"species": "Craterellus tubaeformis", "date": "2020-03-09", "location": "Willamette National Forest, Gates, OR, US", "elevation": 762.0, "land_cover_label": "Tree cover", "water_mask": false, "exclude_reason": "keep", "ndvi": null, "soil_moisture": null, "solar_exposure": null, "wind_exposure": null, "water_retention": null, "slope": null, "aspect": null, "num_identification_agreements": 1, "cluster": 0, "tavg": null, "tmin": null, "tmax": null, "prcp_d0": 0.0, "prcp_d1": 0.0, "prcp_d2": 0.0, "prcp_d3": 0.0, "prcp_d4": 0.0, "prcp_d5": 0.0, "prcp_d6": 0.0, "tmax_d0": null, "tmax_d1": null, "tmax_d2": null, "tmax_d3": null, "tmax_d4": null, "tmax_d5": null, "tmax_d6": null, "tmin_d0": null, "tmin_d1": null, "tmin_d2": null, "tmin_d3": null, "tmin_d4": null, "tmin_d5": null, "tmin_d6": null, "day_of_year": 69, "uuid": "67898e02-4888-4802-858b-b06a5bdeda42", "inat_id": 39822273}}, {"type": "Feature", "geometry": {"type": "Point", "coordinates": [-122.1423330602, 44.688331908]}, "properties": {"species": "Craterellus tubaeformis", "date": "2020-04-09", "location": "Linn County, OR, USA", "elevation": 1008.0, "land_cover_label": "Tree cover", "water_mask": false, "exclude_reason": "keep", "ndvi": null, "soil_moisture": null, "solar_exposure": null, "wind_exposure": null, "water_retention": null, "slope": null, "aspect": null, "num_identification_agreements": 1, "cluster": 2, "tavg": null, "tmin": null, "tmax": null, "prcp_d0": 0.0, "prcp_d1": 0.0, "prcp_d2": 0.0, "prcp_d3": 0.0, "prcp_d4": 55.14006042480469, "prcp_d5": 0.0, "prcp_d6": 0.0, "tmax_d0": null, "tmax_d1": null, "tmax_d2": null, "tmax_d3": null, "tmax_d4": null, "tmax_d5": null, "tmax_d6": null, "tmin_d0": null, "tmin_d1": null, "tmin_d2": null, "tmin_d3": null, "tmin_d4": null, "tmin_d5": null, "tmin_d6": null, "day_of_year": 100, "uuid": "e360b74e-66a3-4f89-9355-0459712fc341", "inat_id": 41850247}}, {"type": "Feature", "geometry": {"type": "Point", "coordinates": [-121.930072947, 45.2357476759]}, "properties": {"species": "Craterellus tubaeformis", "date": "2020-10-24", "location": "Oregon, US", "elevation": 1260.0, "land_cover_label": "Tree cover", "water_mask": false, "exclude_reason": "keep", "ndvi": null, "soil_moisture": null, "solar_exposure": null, "wind_exposure": null, "water_retention": null, "slope": null, "aspect": null, "num_identification_agreements": 1, "cluster": 0, "tavg": null, "tmin": null, "tmax": null, "prcp_d0": 0.0, "prcp_d1": 0.0, "prcp_d2": 0.0, "prcp_d3": 0.0, "prcp_d4": 0.0, "prcp_d5": 0.0, "prcp_d6": 0.0, "tmax_d0": null, "tmax_d1": null, "tmax_d2": null, "tmax_d3": null, "tmax_d4": null, "tmax_d5": null, "tmax_d6": null, "tmin_d0": null, "tmin_d1": null, "tmin_d2": null, "tmin_d3": null, "tmin_d4": null, "tmin_d5": null, "tmin_d6": null, "day_of_year": 298, "uuid": "2b5945a8-f5d1-4de0-904c-ddf1cf121334", "inat_id": 63448992}}, {"type": "Feature", "geometry": {"type": "Point", "coordinates": [-121.718405, 45.28075]}, "properties": {"species": "Craterellus tubaeformis", "date": "2020-10-25", "location": "Mt. Hood Park Division Recreation Area, Government Camp, OR, US", "elevation": 1091.0, "land_cover_label": "Tree cover", "water_mask": false, "exclude_reason": "keep", "ndvi": null, "soil_moisture": null, "solar_exposure": null, "wind_exposure": null, "water_retention": null, "slope": null, "aspect": null, "num_identification_agreements": 1, "cluster": 0, "tavg": null, "tmin": null, "tmax": null, "prcp_d0": 0.0, "prcp_d1": 0.0, "prcp_d2": 0.0, "prcp_d3": 0.0, "prcp_d4": 0.0, "prcp_d5": 0.0, "prcp_d6": 0.0, "tmax_d0": null, "tmax_d1": null, "tmax_d2": null, "tmax_d3": null, "tmax_d4": null, "tmax_d5": null, "tmax_d6": null, "tmin_d0": null, "tmin_d1": null, "tmin_d2": null, "tmin_d3": null, "tmin_d4": null, "tmin_d5": null, "tmin_d6": null, "day_of_year": 299, "uuid": "e27ad446-0aaf-479a-8819-1d8cbe138e00", "inat_id": 73714074}}, {"type": "Feature", "geometry": {"type": "Point", "coordinates": [-122.1221861111, 45.619125]}, "properties": {"species": "Craterellus tubaeformis", "date": "2021-01-01", "location": "Washougal, WA 98671, USA", "elevation": 507.0, "land_cover_label": "Tree cover", "water_mask": false, "exclude_reason": "keep", "ndvi": null, "soil_moisture": null, "solar_exposure": null, "wind_exposure": null, "water_retention": null, "slope": null, "aspect": null, "num_identification_agreements": 1, "cluster": 2, "tavg": null, "tmin": 8.3, "tmax": 10.0, "prcp_d0": 10.342832565307615, "prcp_d1": 0.0, "prcp_d2": 7.330783843994141, "prcp_d3": 21.992351531982425, "prcp_d4": 0.0, "prcp_d5": 21.992351531982425, "prcp_d6": 0.0, "tmax_d0": null, "tmax_d1": null, "tmax_d2": null, "tmax_d3": null, "tmax_d4": null, "tmax_d5": null, "tmax_d6": null, "tmin_d0": null, "tmin_d1": null, "tmin_d2": null, "tmin_d3": null, "tmin_d4": null, "tmin_d5": null, "tmin_d6": null, "day_of_year": 1, "uuid": "b93ef4d0-f377-4597-b784-a9326ce03bbd", "inat_id": 67439726}}, {"type": "Feature", "geometry": {"type": "Point", "coordinates": [-121.9206783333, 45.262895]}, "properties": {"species": "Craterellus tubaeformis", "date": "2021-01-16", "location": "Mt. Hood National Forest, Welches, OR, US", "elevation": 577.0, "land_cover_label": "Tree cover", "water_mask": false, "exclude_reason": "keep", "ndvi": null, "soil_moisture": null, "solar_exposure": null, "wind_exposure": null, "water_retention": null, "slope": null, "aspect": null, "num_identification_agreements": 1, "cluster": 2, "tavg": null, "tmin": 5.0, "tmax": 10.0, "prcp_d0": 0.0, "prcp_d1": 7.590516567230225, "prcp_d2": 7.590516567230225, "prcp_d3": 30.3620662689209, "prcp_d4": 37.95258331298828, "prcp_d5": 22.77154922485352, "prcp_d6": 11.001935958862305, "tmax_d0": null, "tmax_d1": null, "tmax_d2": null, "tmax_d3": null, "tmax_d4": null, "tmax_d5": null, "tmax_d6": null, "tmin_d0": null, "tmin_d1": null, "tmin_d2": null, "tmin_d3": null, "tmin_d4": null, "tmin_d5": null, "tmin_d6": null, "day_of_year": 16, "uuid": "e416f839-2ad7-434f-b079-497de08a9eec", "inat_id": 68187081}}, {"type": "Feature", "geometry": {"type": "Point", "coordinates": [-121.85, 45.3063888889]}, "properties": {"species": "Craterellus tubaeformis", "date": "2021-01-17", "location": "Zigzag, OR 97049, USA", "elevation": 721.0, "land_cover_label": "Tree cover", "water_mask": false, "exclude_reason": "keep", "ndvi": null, "soil_moisture": null, "solar_exposure": null, "wind_exposure": null, "water_retention": null, "slope": null, "aspect": null, "num_identification_agreements": 1, "cluster": 2, "tavg": null, "tmin": null, "tmax": null, "prcp_d0": 0.0, "prcp_d1": 0.0, "prcp_d2": 7.755892276763916, "prcp_d3": 7.755892276763916, "prcp_d4": 31.023569107055664, "prcp_d5": 54.2912483215332, "prcp_d6": 15.511784553527832, "tmax_d0": null, "tmax_d1": null, "tmax_d2": null, "tmax_d3": null, "tmax_d4": null, "tmax_d5": null, "tmax_d6": null, "tmin_d0": null, "tmin_d1": null, "tmin_d2": null, "tmin_d3": null, "tmin_d4": null, "tmin_d5": null, "tmin_d6": null, "day_of_year": 17, "uuid": "9edd09e0-3f82-4cd9-960d-9d38768e8f0d", "inat_id": 68908794}}, {"type": "Feature", "geometry": {"type": "Point", "coordinates": [-121.8674002028, 45.3042239874]}, "properties": {"species": "Craterellus tubaeformis", "date": "2021-01-24", "location": "Mt. Hood Park Division Recreation Area, Rhododendron, OR, US", "elevation": 665.0, "land_cover_label": "Tree cover", "water_mask": false, "exclude_reason": "keep", "ndvi": null, "soil_moisture": null, "solar_exposure": null, "wind_exposure": null, "water_retention": null, "slope": null, "aspect": null, "num_identification_agreements": 1, "cluster": 0, "tavg": null, "tmin": 3.9, "tmax": 5.6, "prcp_d0": 0.0, "prcp_d1": 0.0, "prcp_d2": 0.0, "prcp_d3": 0.0, "prcp_d4": 0.0, "prcp_d5": 0.0, "prcp_d6": 0.0, "tmax_d0": null, "tmax_d1": null, "tmax_d2": null, "tmax_d3": null, "tmax_d4": null, "tmax_d5": null, "tmax_d6": null, "tmin_d0": null, "tmin_d1": null, "tmin_d2": null, "tmin_d3": null, "tmin_d4": null, "tmin_d5": null, "tmin_d6": null, "day_of_year": 24, "uuid": "5efda96e-1b4d-4c3e-a868-4402cc065cfe", "inat_id": 68585500}}, {"type": "Feature", "geometry": {"type": "Point", "coordinates": [-121.9623026715, 45.2503630905]}, "properties": {"species": "Craterellus tubaeformis", "date": "2021-04-08", "location": "Oregon, US", "elevation": 769.0, "land_cover_label": "Tree cover", "water_mask": false, "exclude_reason": "keep", "ndvi": null, "soil_moisture": null, "solar_exposure": null, "wind_exposure": null, "water_retention": null, "slope": null, "aspect": null, "num_identification_agreements": 2, "cluster": 0, "tavg": null, "tmin": 5.6, "tmax": 13.3, "prcp_d0": 0.0, "prcp_d1": 0.0, "prcp_d2": 0.0, "prcp_d3": 0.0, "prcp_d4": 0.0, "prcp_d5": 0.0, "prcp_d6": 0.0, "tmax_d0": null, "tmax_d1": null, "tmax_d2": null, "tmax_d3": null, "tmax_d4": null, "tmax_d5": null, "tmax_d6": null, "tmin_d0": null, "tmin_d1": null, "tmin_d2": null, "tmin_d3": null, "tmin_d4": null, "tmin_d5": null, "tmin_d6": null, "day_of_year": 98, "uuid": "11cabb8c-c8fa-46c3-ab57-7489213c1050", "inat_id": 116787433}}, {"type": "Feature", "geometry": {"type": "Point", "coordinates": [-121.737521035, 45.2783749185]}, "properties": {"species": "Craterellus tubaeformis", "date": "2021-10-09", "location": "Clackamas County, OR, USA", "elevation": 1143.0, "land_cover_label": "Tree cover", "water_mask": false, "exclude_reason": "keep", "ndvi": null, "soil_moisture": null, "solar_exposure": null, "wind_exposure": null, "water_retention": null, "slope": null, "aspect": null, "num_identification_agreements": 1, "cluster": 2, "tavg": null, "tmin": null, "tmax": null, "prcp_d0": 0.0, "prcp_d1": 0.0, "prcp_d2": 0.0, "prcp_d3": 33.37127685546875, "prcp_d4": 42.26471710205078, "prcp_d5": 0.0, "prcp_d6": 0.0, "tmax_d0": null, "tmax_d1": null, "tmax_d2": null, "tmax_d3": null, "tmax_d4": null, "tmax_d5": null, "tmax_d6": null, "tmin_d0": null, "tmin_d1": null, "tmin_d2": null, "tmin_d3": null, "tmin_d4": null, "tmin_d5": null, "tmin_d6": null, "day_of_year": 282, "uuid": "9f7846e9-4eac-45b6-aadb-0381a2a4b7ff", "inat_id": 101143223}}, {"type": "Feature", "geometry": {"type": "Point", "coordinates": [-122.1333092791, 45.2516509194]}, "properties": {"species": "Craterellus tubaeformis", "date": "2021-10-13", "location": "Oregon, US", "elevation": 814.0, "land_cover_label": "Grassland", "water_mask": false, "exclude_reason": "keep", "ndvi": null, "soil_moisture": null, "solar_exposure": null, "wind_exposure": null, "water_retention": null, "slope": null, "aspect": null, "num_identification_agreements": 2, "cluster": 0, "tavg": null, "tmin": 7.8, "tmax": 12.2, "prcp_d0": 0.0, "prcp_d1": 0.0, "prcp_d2": 0.0, "prcp_d3": 0.0, "prcp_d4": 0.0, "prcp_d5": 0.0, "prcp_d6": 0.0, "tmax_d0": null, "tmax_d1": null, "tmax_d2": null, "tmax_d3": null, "tmax_d4": null, "tmax_d5": null, "tmax_d6": null, "tmin_d0": null, "tmin_d1": null, "tmin_d2": null, "tmin_d3": null, "tmin_d4": null, "tmin_d5": null, "tmin_d6": null, "day_of_year": 286, "uuid": "eca48c4e-28ac-4227-b22b-a31502e44a45", "inat_id": 116829136}}, {"type": "Feature", "geometry": {"type": "Point", "coordinates": [-121.7827429928, 45.2652444696]}, "properties": {"species": "Craterellus tubaeformis", "date": "2021-10-16", "location": "Oregon, US", "elevation": 1107.0, "land_cover_label": "Tree cover", "water_mask": false, "exclude_reason": "keep", "ndvi": null, "soil_moisture": null, "solar_exposure": null, "wind_exposure": null, "water_retention": null, "slope": null, "aspect": null, "num_identification_agreements": 1, "cluster": 0, "tavg": null, "tmin": null, "tmax": null, "prcp_d0": 0.0, "prcp_d1": 0.0, "prcp_d2": 0.0, "prcp_d3": 0.0, "prcp_d4": 0.0, "prcp_d5": 0.0, "prcp_d6": 0.0, "tmax_d0": null, "tmax_d1": null, "tmax_d2": null, "tmax_d3": null, "tmax_d4": null, "tmax_d5": null, "tmax_d6": null, "tmin_d0": null, "tmin_d1": null, "tmin_d2": null, "tmin_d3": null, "tmin_d4": null, "tmin_d5": null, "tmin_d6": null, "day_of_year": 289, "uuid": "1d90e448-c875-4162-b1d8-11c789e76b83", "inat_id": 98429682}}, {"type": "Feature", "geometry": {"type": "Point", "coordinates": [-121.7013971165, 45.3048453441]}, "properties": {"species": "Craterellus tubaeformis", "date": "2021-10-16", "location": "Oregon, US", "elevation": 1415.0, "land_cover_label": "Tree cover", "water_mask": false, "exclude_reason": "keep", "ndvi": null, "soil_moisture": null, "solar_exposure": null, "wind_exposure": null, "water_retention": null, "slope": null, "aspect": null, "num_identification_agreements": 1, "cluster": 0, "tavg": null, "tmin": null, "tmax": null, "prcp_d0": 0.0, "prcp_d1": 0.0, "prcp_d2": 0.0, "prcp_d3": 0.0, "prcp_d4": 0.0, "prcp_d5": 0.0, "prcp_d6": 0.0, "tmax_d0": null, "tmax_d1": null, "tmax_d2": null, "tmax_d3": null, "tmax_d4": null, "tmax_d5": null, "tmax_d6": null, "tmin_d0": null, "tmin_d1": null, "tmin_d2": null, "tmin_d3": null, "tmin_d4": null, "tmin_d5": null, "tmin_d6": null, "day_of_year": 289, "uuid": "0a267b61-fdf0-4507-bd30-383cb7508c76", "inat_id": 98429537}}, {"type": "Feature", "geometry": {"type": "Point", "coordinates": [-122.0876083333, 45.5286722217]}, "properties": {"species": "Craterellus tubaeformis", "date": "2021-10-17", "location": "Larch Mountain, OR, USA", "elevation": 1179.0, "land_cover_label": "Tree cover", "water_mask": false, "exclude_reason": "keep", "ndvi": null, "soil_moisture": null, "solar_exposure": null, "wind_exposure": null, "water_retention": null, "slope": null, "aspect": null, "num_identification_agreements": 2, "cluster": 0, "tavg": null, "tmin": 7.8, "tmax": 17.2, "prcp_d0": 24.593446731567383, "prcp_d1": 0.0, "prcp_d2": 0.0, "prcp_d3": 0.0, "prcp_d4": 0.0, "prcp_d5": 0.0, "prcp_d6": 0.0, "tmax_d0": null, "tmax_d1": null, "tmax_d2": null, "tmax_d3": null, "tmax_d4": null, "tmax_d5": null, "tmax_d6": null, "tmin_d0": null, "tmin_d1": null, "tmin_d2": null, "tmin_d3": null, "tmin_d4": null, "tmin_d5": null, "tmin_d6": null, "day_of_year": 290, "uuid": "99218552-61f0-41be-a923-0a276d00228d", "inat_id": 98581176}}, {"type": "Feature", "geometry": {"type": "Point", "coordinates": [-122.0893273723, 45.5460359166]}, "properties": {"species": "Craterellus tubaeformis", "date": "2021-11-21", "location": "Zigzag Ranger Station, Corbett, OR, US", "elevation": 958.0, "land_cover_label": "Tree cover", "water_mask": false, "exclude_reason": "keep", "ndvi": null, "soil_moisture": null, "solar_exposure": null, "wind_exposure": null, "water_retention": null, "slope": null, "aspect": null, "num_identification_agreements": 2, "cluster": 2, "tavg": null, "tmin": 1.1, "tmax": 8.3, "prcp_d0": 0.0, "prcp_d1": 0.0, "prcp_d2": 0.0, "prcp_d3": 0.0, "prcp_d4": 0.0, "prcp_d5": 0.0, "prcp_d6": 43.52194213867188, "tmax_d0": null, "tmax_d1": null, "tmax_d2": null, "tmax_d3": null, "tmax_d4": null, "tmax_d5": null, "tmax_d6": null, "tmin_d0": null, "tmin_d1": null, "tmin_d2": null, "tmin_d3": null, "tmin_d4": null, "tmin_d5": null, "tmin_d6": null, "day_of_year": 325, "uuid": "db05bd56-b89d-4147-8825-0ed8ad7a97a5", "inat_id": 101858623}}, {"type": "Feature", "geometry": {"type": "Point", "coordinates": [-122.1145805556, 45.5418277778]}, "properties": {"species": "Craterellus tubaeformis", "date": "2021-11-28", "location": "Cascade Locks, OR 97014, USA", "elevation": 814.0, "land_cover_label": "Tree cover", "water_mask": false, "exclude_reason": "keep", "ndvi": null, "soil_moisture": null, "solar_exposure": null, "wind_exposure": null, "water_retention": null, "slope": null, "aspect": null, "num_identification_agreements": 1, "cluster": 0, "tavg": null, "tmin": 12.8, "tmax": 17.8, "prcp_d0": 10.186495780944824, "prcp_d1": 0.0, "prcp_d2": 10.186495780944824, "prcp_d3": 13.834789276123049, "prcp_d4": 0.0, "prcp_d5": 0.0, "prcp_d6": 0.0, "tmax_d0": null, "tmax_d1": null, "tmax_d2": null, "tmax_d3": null, "tmax_d4": null, "tmax_d5": null, "tmax_d6": null, "tmin_d0": null, "tmin_d1": null, "tmin_d2": null, "tmin_d3": null, "tmin_d4": null, "tmin_d5": null, "tmin_d6": null, "day_of_year": 332, "uuid": "80af0294-a8fe-4231-9ae8-45092fe9bdd2", "inat_id": 102171294}}, {"type": "Feature", "geometry": {"type": "Point", "coordinates": [-122.3500495353, 45.29640005]}, "properties": {"species": "Craterellus tubaeformis", "date": "2022-02-04", "location": "Estacada, OR, US", "elevation": 140.0, "land_cover_label": "Tree cover", "water_mask": false, "exclude_reason": "keep", "ndvi": null, "soil_moisture": null, "solar_exposure": null, "wind_exposure": null, "water_retention": null, "slope": null, "aspect": null, "num_identification_agreements": 1, "cluster": 0, "tavg": null, "tmin": 0.6, "tmax": 10.0, "prcp_d0": 0.0, "prcp_d1": 0.0, "prcp_d2": 0.0, "prcp_d3": 0.0, "prcp_d4": 0.0, "prcp_d5": 0.0, "prcp_d6": 0.0, "tmax_d0": null, "tmax_d1": null, "tmax_d2": null, "tmax_d3": null, "tmax_d4": null, "tmax_d5": null, "tmax_d6": null, "tmin_d0": null, "tmin_d1": null, "tmin_d2": null, "tmin_d3": null, "tmin_d4": null, "tmin_d5": null, "tmin_d6": null, "day_of_year": 35, "uuid": "31a2acdf-3c43-4891-8aa0-469ea99b5688", "inat_id": 106411116}}, {"type": "Feature", "geometry": {"type": "Point", "coordinates": [-121.8855133333, 45.2442966667]}, "properties": {"species": "Craterellus tubaeformis", "date": "2022-03-26", "location": "Mt. Hood National Forest - Salmon-Huckleberry Wilderness,, Rhododendron, OR, US", "elevation": 775.0, "land_cover_label": "Tree cover", "water_mask": false, "exclude_reason": "keep", "ndvi": null, "soil_moisture": null, "solar_exposure": null, "wind_exposure": null, "water_retention": null, "slope": null, "aspect": null, "num_identification_agreements": 1, "cluster": 0, "tavg": null, "tmin": null, "tmax": null, "prcp_d0": 0.0, "prcp_d1": 0.0, "prcp_d2": 0.0, "prcp_d3": 0.0, "prcp_d4": 0.0, "prcp_d5": 0.0, "prcp_d6": 0.0, "tmax_d0": null, "tmax_d1": null, "tmax_d2": null, "tmax_d3": null, "tmax_d4": null, "tmax_d5": null, "tmax_d6": null, "tmin_d0": null, "tmin_d1": null, "tmin_d2": null, "tmin_d3": null, "tmin_d4": null, "tmin_d5": null, "tmin_d6": null, "day_of_year": 85, "uuid": "50129951-4021-4fad-a6aa-fd1bb3a62bb2", "inat_id": 109604870}}, {"type": "Feature", "geometry": {"type": "Point", "coordinates": [-121.9983961928, 44.7479519767]}, "properties": {"species": "Craterellus tubaeformis", "date": "2022-05-01", "location": "Oregon, US", "elevation": 1247.0, "land_cover_label": "Tree cover", "water_mask": false, "exclude_reason": "keep", "ndvi": null, "soil_moisture": null, "solar_exposure": null, "wind_exposure": null, "water_retention": null, "slope": null, "aspect": null, "num_identification_agreements": 2, "cluster": 0, "tavg": null, "tmin": null, "tmax": null, "prcp_d0": 0.0, "prcp_d1": 0.0, "prcp_d2": 0.0, "prcp_d3": 0.0, "prcp_d4": 0.0, "prcp_d5": 0.0, "prcp_d6": 0.0, "tmax_d0": null, "tmax_d1": null, "tmax_d2": null, "tmax_d3": null, "tmax_d4": null, "tmax_d5": null, "tmax_d6": null, "tmin_d0": null, "tmin_d1": null, "tmin_d2": null, "tmin_d3": null, "tmin_d4": null, "tmin_d5": null, "tmin_d6": null, "day_of_year": 121, "uuid": "bfb3465a-3d5e-4c25-87b5-7a1c0590ee0e", "inat_id": 114998909}}, {"type": "Feature", "geometry": {"type": "Point", "coordinates": [-121.7799, 45.3078]}, "properties": {"species": "Craterellus tubaeformis", "date": "2022-09-23", "location": "Zigzag Ranger District portion in Clackamas Co., Mount Hood National Forest, Clackamas Co., Oregon, USA", "elevation": 1118.0, "land_cover_label": "Tree cover", "water_mask": false, "exclude_reason": "keep", "ndvi": null, "soil_moisture": null, "solar_exposure": null, "wind_exposure": null, "water_retention": null, "slope": null, "aspect": null, "num_identification_agreements": 2, "cluster": 0, "tavg": null, "tmin": 11.6, "tmax": 24.4, "prcp_d0": 0.0, "prcp_d1": 0.0, "prcp_d2": 0.0, "prcp_d3": 0.0, "prcp_d4": 0.0, "prcp_d5": 0.0, "prcp_d6": 0.0, "tmax_d0": null, "tmax_d1": null, "tmax_d2": null, "tmax_d3": null, "tmax_d4": null, "tmax_d5": null, "tmax_d6": null, "tmin_d0": null, "tmin_d1": null, "tmin_d2": null, "tmin_d3": null, "tmin_d4": null, "tmin_d5": null, "tmin_d6": null, "day_of_year": 266, "uuid": "d4cadc73-2bcb-418f-9f2c-f4e4f211ce21", "inat_id": 137099220}}, {"type": "Feature", "geometry": {"type": "Point", "coordinates": [-121.7009830909, 45.2819527365]}, "properties": {"species": "Craterellus tubaeformis", "date": "2022-09-24", "location": "TIMBRLINE LDG, OR 97028, USA", "elevation": 1146.0, "land_cover_label": "Tree cover", "water_mask": false, "exclude_reason": "keep", "ndvi": null, "soil_moisture": null, "solar_exposure": null, "wind_exposure": null, "water_retention": null, "slope": null, "aspect": null, "num_identification_agreements": 2, "cluster": 0, "tavg": null, "tmin": 9.7, "tmax": 26.5, "prcp_d0": 0.0, "prcp_d1": 0.0, "prcp_d2": 0.0, "prcp_d3": 0.0, "prcp_d4": 0.0, "prcp_d5": 0.0, "prcp_d6": 0.0, "tmax_d0": null, "tmax_d1": null, "tmax_d2": null, "tmax_d3": null, "tmax_d4": null, "tmax_d5": null, "tmax_d6": null, "tmin_d0": null, "tmin_d1": null, "tmin_d2": null, "tmin_d3": null, "tmin_d4": null, "tmin_d5": null, "tmin_d6": null, "day_of_year": 267, "uuid": "c4c34afd-0433-4f5c-9fd2-6c2b7e7102da", "inat_id": 136349500}}, {"type": "Feature", "geometry": {"type": "Point", "coordinates": [-122.0753975879, 44.5607835514]}, "properties": {"species": "Craterellus tubaeformis", "date": "2022-09-28", "location": "Linn County, US-OR, US", "elevation": 1372.0, "land_cover_label": "Tree cover", "water_mask": false, "exclude_reason": "keep", "ndvi": null, "soil_moisture": null, "solar_exposure": null, "wind_exposure": null, "water_retention": null, "slope": null, "aspect": null, "num_identification_agreements": 1, "cluster": 0, "tavg": null, "tmin": null, "tmax": null, "prcp_d0": 0.3860723078250885, "prcp_d1": 1.2615184914466226e-06, "prcp_d2": 0.0, "prcp_d3": 0.0, "prcp_d4": 0.0, "prcp_d5": 0.0, "prcp_d6": 12.17762279510498, "tmax_d0": null, "tmax_d1": null, "tmax_d2": null, "tmax_d3": null, "tmax_d4": null, "tmax_d5": null, "tmax_d6": null, "tmin_d0": null, "tmin_d1": null, "tmin_d2": null, "tmin_d3": null, "tmin_d4": null, "tmin_d5": null, "tmin_d6": null, "day_of_year": 271, "uuid": "b439b64a-b0bc-484a-9cb1-af9de168c542", "inat_id": 137299296}}, {"type": "Feature", "geometry": {"type": "Point", "coordinates": [-121.6211486892, 45.3195703545]}, "properties": {"species": "Craterellus tubaeformis", "date": "2022-09-28", "location": "Hood River County, US-OR, US", "elevation": 1324.0, "land_cover_label": "Tree cover", "water_mask": false, "exclude_reason": "keep", "ndvi": null, "soil_moisture": null, "solar_exposure": null, "wind_exposure": null, "water_retention": null, "slope": null, "aspect": null, "num_identification_agreements": 2, "cluster": 0, "tavg": null, "tmin": 14.1, "tmax": 22.9, "prcp_d0": 0.2914353311061859, "prcp_d1": 0.0, "prcp_d2": 0.0, "prcp_d3": 0.0, "prcp_d4": 0.0, "prcp_d5": 0.0, "prcp_d6": 0.0, "tmax_d0": null, "tmax_d1": null, "tmax_d2": null, "tmax_d3": null, "tmax_d4": null, "tmax_d5": null, "tmax_d6": null, "tmin_d0": null, "tmin_d1": null, "tmin_d2": null, "tmin_d3": null, "tmin_d4": null, "tmin_d5": null, "tmin_d6": null, "day_of_year": 271, "uuid": "f7424a61-d1c6-41f0-9e62-e8fc9861601f", "inat_id": 137152113}}, {"type": "Feature", "geometry": {"type": "Point", "coordinates": [-121.5757972222, 45.3386416667]}, "properties": {"species": "Craterellus tubaeformis", "date": "2022-10-06", "location": "MT HOOD PRKDL, OR 97041, USA", "elevation": 1119.0, "land_cover_label": "Tree cover", "water_mask": false, "exclude_reason": "keep", "ndvi": null, "soil_moisture": null, "solar_exposure": null, "wind_exposure": null, "water_retention": null, "slope": null, "aspect": null, "num_identification_agreements": 1, "cluster": 0, "tavg": null, "tmin": 13.7, "tmax": 27.0, "prcp_d0": 0.0, "prcp_d1": 0.0, "prcp_d2": 0.0, "prcp_d3": 0.0, "prcp_d4": 0.0, "prcp_d5": 0.0, "prcp_d6": 0.7559247016906738, "tmax_d0": null, "tmax_d1": null, "tmax_d2": null, "tmax_d3": null, "tmax_d4": null, "tmax_d5": null, "tmax_d6": null, "tmin_d0": null, "tmin_d1": null, "tmin_d2": null, "tmin_d3": null, "tmin_d4": null, "tmin_d5": null, "tmin_d6": null, "day_of_year": 279, "uuid": "172cb69d-9d48-4f8a-b65c-729bc6a90f3b", "inat_id": 137824601}}, {"type": "Feature", "geometry": {"type": "Point", "coordinates": [-121.7542472222, 45.1626833333]}, "properties": {"species": "Craterellus tubaeformis", "date": "2023-05-25", "location": "Clackamas County, OR, USA", "elevation": 1025.0, "land_cover_label": "Tree cover", "water_mask": false, "exclude_reason": "keep", "ndvi": null, "soil_moisture": null, "solar_exposure": null, "wind_exposure": null, "water_retention": null, "slope": null, "aspect": null, "num_identification_agreements": 2, "cluster": 0, "tavg": null, "tmin": null, "tmax": null, "prcp_d0": 0.0, "prcp_d1": 0.0, "prcp_d2": 0.0, "prcp_d3": 0.0, "prcp_d4": 0.0, "prcp_d5": 14.061857223510742, "prcp_d6": 0.0, "tmax_d0": null, "tmax_d1": null, "tmax_d2": null, "tmax_d3": null, "tmax_d4": null, "tmax_d5": null, "tmax_d6": null, "tmin_d0": null, "tmin_d1": null, "tmin_d2": null, "tmin_d3": null, "tmin_d4": null, "tmin_d5": null, "tmin_d6": null, "day_of_year": 145, "uuid": "72df70a5-0d91-4b18-88c3-e93cc6a7e910", "inat_id": 163909727}}, {"type": "Feature", "geometry": {"type": "Point", "coordinates": [-121.73928889, 45.27722282]}, "properties": {"species": "Craterellus tubaeformis", "date": "2023-10-19", "location": "TIMBRLINE LDG, OR 97028, USA", "elevation": 1143.0, "land_cover_label": "Tree cover", "water_mask": false, "exclude_reason": "keep", "ndvi": null, "soil_moisture": null, "solar_exposure": null, "wind_exposure": null, "water_retention": null, "slope": null, "aspect": null, "num_identification_agreements": 1, "cluster": 0, "tavg": null, "tmin": 9.2, "tmax": 24.5, "prcp_d0": 0.0, "prcp_d1": 0.0, "prcp_d2": 0.0, "prcp_d3": 31.6877384185791, "prcp_d4": 0.0, "prcp_d5": 0.0, "prcp_d6": 0.0, "tmax_d0": null, "tmax_d1": null, "tmax_d2": null, "tmax_d3": null, "tmax_d4": null, "tmax_d5": null, "tmax_d6": null, "tmin_d0": null, "tmin_d1": null, "tmin_d2": null, "tmin_d3": null, "tmin_d4": null, "tmin_d5": null, "tmin_d6": null, "day_of_year": 292, "uuid": "03df2543-0b0e-4256-b2f7-c663d8334de2", "inat_id": 188185397}}, {"type": "Feature", "geometry": {"type": "Point", "coordinates": [-122.2456700461, 45.3293118398]}, "properties": {"species": "Craterellus tubaeformis", "date": "2023-11-06", "location": "Clackamas County, US-OR, US", "elevation": 379.0, "land_cover_label": "Tree cover", "water_mask": false, "exclude_reason": "keep", "ndvi": null, "soil_moisture": null, "solar_exposure": null, "wind_exposure": null, "water_retention": null, "slope": null, "aspect": null, "num_identification_agreements": 2, "cluster": 1, "tavg": null, "tmin": 11.7, "tmax": 15.0, "prcp_d0": 68.617431640625, "prcp_d1": 21.061464309692383, "prcp_d2": 84.24585723876953, "prcp_d3": 0.0, "prcp_d4": 21.061464309692383, "prcp_d5": 21.061464309692383, "prcp_d6": 0.0, "tmax_d0": null, "tmax_d1": null, "tmax_d2": null, "tmax_d3": null, "tmax_d4": null, "tmax_d5": null, "tmax_d6": null, "tmin_d0": null, "tmin_d1": null, "tmin_d2": null, "tmin_d3": null, "tmin_d4": null, "tmin_d5": null, "tmin_d6": null, "day_of_year": 310, "uuid": "714de3d1-b221-4702-80f8-3ae15e3e9d69", "inat_id": 190276237}}, {"type": "Feature", "geometry": {"type": "Point", "coordinates": [-122.2073055143, 45.0025412567]}, "properties": {"species": "Craterellus tubaeformis", "date": "2023-11-13", "location": "Clackamas County, US-OR, US", "elevation": 1384.0, "land_cover_label": "Tree cover", "water_mask": false, "exclude_reason": "keep", "ndvi": null, "soil_moisture": null, "solar_exposure": null, "wind_exposure": null, "water_retention": null, "slope": null, "aspect": null, "num_identification_agreements": 1, "cluster": 1, "tavg": null, "tmin": null, "tmax": null, "prcp_d0": 0.0, "prcp_d1": 0.0, "prcp_d2": 32.303009033203125, "prcp_d3": 0.0, "prcp_d4": 0.0, "prcp_d5": 0.0, "prcp_d6": 0.0, "tmax_d0": null, "tmax_d1": null, "tmax_d2": null, "tmax_d3": null, "tmax_d4": null, "tmax_d5": null, "tmax_d6": null, "tmin_d0": null, "tmin_d1": null, "tmin_d2": null, "tmin_d3": null, "tmin_d4": null, "tmin_d5": null, "tmin_d6": null, "day_of_year": 317, "uuid": "b2d70c06-79cb-4bd3-b94f-6edc71e50b15", "inat_id": 190968068}}, {"type": "Feature", "geometry": {"type": "Point", "coordinates": [-122.1609333333, 45.5897944444]}, "properties": {"species": "Craterellus tubaeformis", "date": "2023-11-19", "location": "Washougal, WA 98671, USA", "elevation": 129.0, "land_cover_label": "Tree cover", "water_mask": false, "exclude_reason": "keep", "ndvi": null, "soil_moisture": null, "solar_exposure": null, "wind_exposure": null, "water_retention": null, "slope": null, "aspect": null, "num_identification_agreements": 1, "cluster": 0, "tavg": null, "tmin": 5.0, "tmax": 14.4, "prcp_d0": 0.0, "prcp_d1": 0.0, "prcp_d2": 0.0, "prcp_d3": 0.0, "prcp_d4": 0.0, "prcp_d5": 0.0, "prcp_d6": 0.0, "tmax_d0": null, "tmax_d1": null, "tmax_d2": null, "tmax_d3": null, "tmax_d4": null, "tmax_d5": null, "tmax_d6": null, "tmin_d0": null, "tmin_d1": null, "tmin_d2": null, "tmin_d3": null, "tmin_d4": null, "tmin_d5": null, "tmin_d6": null, "day_of_year": 323, "uuid": "50df64d6-94c2-41b4-aeff-cdf6d4ec26d8", "inat_id": 191541291}}, {"type": "Feature", "geometry": {"type": "Point", "coordinates": [-122.1599190465, 44.7070121776]}, "properties": {"species": "Craterellus tubaeformis", "date": "2023-11-28", "location": "Detroit Lake, Detroit, OR, US", "elevation": 563.0, "land_cover_label": "Tree cover", "water_mask": false, "exclude_reason": "keep", "ndvi": null, "soil_moisture": null, "solar_exposure": null, "wind_exposure": null, "water_retention": null, "slope": null, "aspect": null, "num_identification_agreements": 2, "cluster": 0, "tavg": null, "tmin": null, "tmax": null, "prcp_d0": 0.0, "prcp_d1": 0.0, "prcp_d2": 0.0, "prcp_d3": 0.0, "prcp_d4": 0.0, "prcp_d5": 0.0, "prcp_d6": 0.0, "tmax_d0": null, "tmax_d1": null, "tmax_d2": null, "tmax_d3": null, "tmax_d4": null, "tmax_d5": null, "tmax_d6": null, "tmin_d0": null, "tmin_d1": null, "tmin_d2": null, "tmin_d3": null, "tmin_d4": null, "tmin_d5": null, "tmin_d6": null, "day_of_year": 332, "uuid": "17c1f4fd-7c71-4681-8e6e-31901f01eb77", "inat_id": 192475893}}, {"type": "Feature", "geometry": {"type": "Point", "coordinates": [-121.8667, 45.3033966667]}, "properties": {"species": "Craterellus tubaeformis", "date": "2023-12-09", "location": "Mt. Hood Park Division Recreation Area, Rhododendron, OR, US", "elevation": 684.0, "land_cover_label": "Tree cover", "water_mask": false, "exclude_reason": "keep", "ndvi": null, "soil_moisture": null, "solar_exposure": null, "wind_exposure": null, "water_retention": null, "slope": null, "aspect": null, "num_identification_agreements": 1, "cluster": 2, "tavg": null, "tmin": -0.1, "tmax": 2.4, "prcp_d0": 25.14623641967773, "prcp_d1": 0.0, "prcp_d2": 25.14623641967773, "prcp_d3": 0.0, "prcp_d4": 19.22597885131836, "prcp_d5": 0.0, "prcp_d6": 38.45195770263672, "tmax_d0": null, "tmax_d1": null, "tmax_d2": null, "tmax_d3": null, "tmax_d4": null, "tmax_d5": null, "tmax_d6": null, "tmin_d0": null, "tmin_d1": null, "tmin_d2": null, "tmin_d3": null, "tmin_d4": null, "tmin_d5": null, "tmin_d6": null, "day_of_year": 343, "uuid": "80d91c1c-a18a-4dd0-a865-38ef01282989", "inat_id": 193558559}}, {"type": "Feature", "geometry": {"type": "Point", "coordinates": [-122.0903356499, 45.5348815398]}, "properties": {"species": "Craterellus tubaeformis", "date": "2023-12-14", "location": "Zigzag Ranger Station, Corbett, OR, US", "elevation": 1066.0, "land_cover_label": "Tree cover", "water_mask": false, "exclude_reason": "keep", "ndvi": null, "soil_moisture": null, "solar_exposure": null, "wind_exposure": null, "water_retention": null, "slope": null, "aspect": null, "num_identification_agreements": 2, "cluster": 2, "tavg": null, "tmin": 8.3, "tmax": 10.6, "prcp_d0": 15.960898399353027, "prcp_d1": 0.0, "prcp_d2": 0.0, "prcp_d3": 0.0, "prcp_d4": 35.02703094482422, "prcp_d5": 17.51351547241211, "prcp_d6": 0.0, "tmax_d0": null, "tmax_d1": null, "tmax_d2": null, "tmax_d3": null, "tmax_d4": null, "tmax_d5": null, "tmax_d6": null, "tmin_d0": null, "tmin_d1": null, "tmin_d2": null, "tmin_d3": null, "tmin_d4": null, "tmin_d5": null, "tmin_d6": null, "day_of_year": 348, "uuid": "400389e6-f921-4682-abaf-0f23fd8aa720", "inat_id": 194342442}}, {"type": "Feature", "geometry": {"type": "Point", "coordinates": [-121.9847116667, 44.5777633333]}, "properties": {"species": "Craterellus tubaeformis", "date": "2023-12-28", "location": "Willamette National Forest, Idanha, OR, US", "elevation": 868.0, "land_cover_label": "Tree cover", "water_mask": false, "exclude_reason": "keep", "ndvi": null, "soil_moisture": null, "solar_exposure": null, "wind_exposure": null, "water_retention": null, "slope": null, "aspect": null, "num_identification_agreements": 1, "cluster": 1, "tavg": null, "tmin": null, "tmax": null, "prcp_d0": 8.232996940612793, "prcp_d1": 16.465993881225586, "prcp_d2": 8.232996940612793, "prcp_d3": 0.0, "prcp_d4": 29.14657974243164, "prcp_d5": 0.0, "prcp_d6": 0.0, "tmax_d0": null, "tmax_d1": null, "tmax_d2": null, "tmax_d3": null, "tmax_d4": null, "tmax_d5": null, "tmax_d6": null, "tmin_d0": null, "tmin_d1": null, "tmin_d2": null, "tmin_d3": null, "tmin_d4": null, "tmin_d5": null, "tmin_d6": null, "day_of_year": 362, "uuid": "fd3c15ee-dca6-4a33-aaad-78e3bae4398c", "inat_id": 195129687}}, {"type": "Feature", "geometry": {"type": "Point", "coordinates": [-121.8868116667, 44.5746783333]}, "properties": {"species": "Craterellus tubaeformis", "date": "2023-12-29", "location": "Willamette National Forest, Idanha, OR, US", "elevation": 1119.0, "land_cover_label": "Tree cover", "water_mask": false, "exclude_reason": "keep", "ndvi": null, "soil_moisture": null, "solar_exposure": null, "wind_exposure": null, "water_retention": null, "slope": null, "aspect": null, "num_identification_agreements": 1, "cluster": 0, "tavg": null, "tmin": null, "tmax": null, "prcp_d0": 7.923216342926025, "prcp_d1": 3.9616081714630127, "prcp_d2": 11.8848237991333, "prcp_d3": 7.923216342926025, "prcp_d4": 8.715736389160156, "prcp_d5": 17.431472778320312, "prcp_d6": 0.0, "tmax_d0": null, "tmax_d1": null, "tmax_d2": null, "tmax_d3": null, "tmax_d4": null, "tmax_d5": null, "tmax_d6": null, "tmin_d0": null, "tmin_d1": null, "tmin_d2": null, "tmin_d3": null, "tmin_d4": null, "tmin_d5": null, "tmin_d6": null, "day_of_year": 363, "uuid": "aaf3ffb0-0cc6-4b7c-ba08-69e1ba881b66", "inat_id": 195224601}}, {"type": "Feature", "geometry": {"type": "Point", "coordinates": [-122.2767587, 45.1824585]}, "properties": {"species": "Craterellus tubaeformis", "date": "2023-12-31", "location": "Estacada, OR 97023, USA", "elevation": 544.0, "land_cover_label": "Tree cover", "water_mask": false, "exclude_reason": "keep", "ndvi": null, "soil_moisture": null, "solar_exposure": null, "wind_exposure": null, "water_retention": null, "slope": null, "aspect": null, "num_identification_agreements": 1, "cluster": 2, "tavg": null, "tmin": 3.3, "tmax": 7.2, "prcp_d0": 0.0, "prcp_d1": 0.0, "prcp_d2": 16.961780548095703, "prcp_d3": 0.0, "prcp_d4": 5.653926849365234, "prcp_d5": 16.961780548095703, "prcp_d6": 17.526142120361328, "tmax_d0": null, "tmax_d1": null, "tmax_d2": null, "tmax_d3": null, "tmax_d4": null, "tmax_d5": null, "tmax_d6": null, "tmin_d0": null, "tmin_d1": null, "tmin_d2": null, "tmin_d3": null, "tmin_d4": null, "tmin_d5": null, "tmin_d6": null, "day_of_year": 365, "uuid": "9cb8be94-323f-47c6-b366-7c3dbf105a45", "inat_id": 195432364}}, {"type": "Feature", "geometry": {"type": "Point", "coordinates": [-122.2767864, 45.1823394997]}, "properties": {"species": "Craterellus tubaeformis", "date": "2023-12-31", "location": "Estacada, OR 97023, USA", "elevation": 544.0, "land_cover_label": "Tree cover", "water_mask": false, "exclude_reason": "keep", "ndvi": null, "soil_moisture": null, "solar_exposure": null, "wind_exposure": null, "water_retention": null, "slope": null, "aspect": null, "num_identification_agreements": 1, "cluster": 2, "tavg": null, "tmin": 3.3, "tmax": 7.2, "prcp_d0": 0.0, "prcp_d1": 0.0, "prcp_d2": 16.961780548095703, "prcp_d3": 0.0, "prcp_d4": 5.653926849365234, "prcp_d5": 16.961780548095703, "prcp_d6": 17.526142120361328, "tmax_d0": null, "tmax_d1": null, "tmax_d2": null, "tmax_d3": null, "tmax_d4": null, "tmax_d5": null, "tmax_d6": null, "tmin_d0": null, "tmin_d1": null, "tmin_d2": null, "tmin_d3": null, "tmin_d4": null, "tmin_d5": null, "tmin_d6": null, "day_of_year": 365, "uuid": "75c736f5-7416-4049-ab4a-9cad4536c47e", "inat_id": 195433285}}, {"type": "Feature", "geometry": {"type": "Point", "coordinates": [-122.2763175, 45.1825041997]}, "properties": {"species": "Craterellus tubaeformis", "date": "2023-12-31", "location": "Estacada, OR 97023, USA", "elevation": 544.0, "land_cover_label": "Tree cover", "water_mask": false, "exclude_reason": "keep", "ndvi": null, "soil_moisture": null, "solar_exposure": null, "wind_exposure": null, "water_retention": null, "slope": null, "aspect": null, "num_identification_agreements": 1, "cluster": 2, "tavg": null, "tmin": 3.3, "tmax": 7.2, "prcp_d0": 0.0, "prcp_d1": 0.0, "prcp_d2": 16.961780548095703, "prcp_d3": 0.0, "prcp_d4": 5.653926849365234, "prcp_d5": 16.961780548095703, "prcp_d6": 17.526142120361328, "tmax_d0": null, "tmax_d1": null, "tmax_d2": null, "tmax_d3": null, "tmax_d4": null, "tmax_d5": null, "tmax_d6": null, "tmin_d0": null, "tmin_d1": null, "tmin_d2": null, "tmin_d3": null, "tmin_d4": null, "tmin_d5": null, "tmin_d6": null, "day_of_year": 365, "uuid": "5752ad9d-e660-4378-89f4-eaf1fd3e38d8", "inat_id": 195433119}}, {"type": "Feature", "geometry": {"type": "Point", "coordinates": [-122.2767927997, 45.1823588]}, "properties": {"species": "Craterellus tubaeformis", "date": "2023-12-31", "location": "Estacada, OR 97023, USA", "elevation": 544.0, "land_cover_label": "Tree cover", "water_mask": false, "exclude_reason": "keep", "ndvi": null, "soil_moisture": null, "solar_exposure": null, "wind_exposure": null, "water_retention": null, "slope": null, "aspect": null, "num_identification_agreements": 1, "cluster": 2, "tavg": null, "tmin": 3.3, "tmax": 7.2, "prcp_d0": 0.0, "prcp_d1": 0.0, "prcp_d2": 16.961780548095703, "prcp_d3": 0.0, "prcp_d4": 5.653926849365234, "prcp_d5": 16.961780548095703, "prcp_d6": 17.526142120361328, "tmax_d0": null, "tmax_d1": null, "tmax_d2": null, "tmax_d3": null, "tmax_d4": null, "tmax_d5": null, "tmax_d6": null, "tmin_d0": null, "tmin_d1": null, "tmin_d2": null, "tmin_d3": null, "tmin_d4": null, "tmin_d5": null, "tmin_d6": null, "day_of_year": 365, "uuid": "03d79b9a-b6df-4aee-9e55-3e50a5d81c3e", "inat_id": 195432523}}, {"type": "Feature", "geometry": {"type": "Point", "coordinates": [-121.9891941604, 45.2045626569]}, "properties": {"species": "Craterellus tubaeformis", "date": "2024-01-01", "location": "Oregon, US", "elevation": 970.0, "land_cover_label": "Tree cover", "water_mask": false, "exclude_reason": "keep", "ndvi": null, "soil_moisture": null, "solar_exposure": null, "wind_exposure": null, "water_retention": null, "slope": null, "aspect": null, "num_identification_agreements": 1, "cluster": 2, "tavg": null, "tmin": null, "tmax": null, "prcp_d0": 0.0, "prcp_d1": 0.0, "prcp_d2": 0.0, "prcp_d3": 0.0, "prcp_d4": 5.384072780609131, "prcp_d5": 16.152219772338867, "prcp_d6": 16.152219772338867, "tmax_d0": null, "tmax_d1": null, "tmax_d2": null, "tmax_d3": null, "tmax_d4": null, "tmax_d5": null, "tmax_d6": null, "tmin_d0": null, "tmin_d1": null, "tmin_d2": null, "tmin_d3": null, "tmin_d4": null, "tmin_d5": null, "tmin_d6": null, "day_of_year": 1, "uuid": "58cd20fe-8631-49c0-b32e-7e2366516ac0", "inat_id": 195596780}}, {"type": "Feature", "geometry": {"type": "Point", "coordinates": [-121.9210283333, 45.26313]}, "properties": {"species": "Craterellus tubaeformis", "date": "2024-03-23", "location": "Zigzag Ranger Station, Welches, OR, US", "elevation": 555.0, "land_cover_label": "Tree cover", "water_mask": false, "exclude_reason": "keep", "ndvi": null, "soil_moisture": null, "solar_exposure": null, "wind_exposure": null, "water_retention": null, "slope": null, "aspect": null, "num_identification_agreements": 1, "cluster": 0, "tavg": null, "tmin": 8.3, "tmax": 14.4, "prcp_d0": 20.9232120513916, "prcp_d1": 10.4616060256958, "prcp_d2": 0.0, "prcp_d3": 0.0, "prcp_d4": 0.0, "prcp_d5": 0.0, "prcp_d6": 0.0, "tmax_d0": null, "tmax_d1": null, "tmax_d2": null, "tmax_d3": null, "tmax_d4": null, "tmax_d5": null, "tmax_d6": null, "tmin_d0": null, "tmin_d1": null, "tmin_d2": null, "tmin_d3": null, "tmin_d4": null, "tmin_d5": null, "tmin_d6": null, "day_of_year": 83, "uuid": "365c9640-145a-40fc-a2fa-fb4dad030bd4", "inat_id": 203657308}}, {"type": "Feature", "geometry": {"type": "Point", "coordinates": [-121.7057366667, 45.2822883333]}, "properties": {"species": "Craterellus tubaeformis", "date": "2024-05-26", "location": "Mt. Hood Park Division Recreation Area, Government Camp, OR, US", "elevation": 1138.0, "land_cover_label": "Tree cover", "water_mask": false, "exclude_reason": "keep", "ndvi": null, "soil_moisture": null, "solar_exposure": null, "wind_exposure": null, "water_retention": null, "slope": null, "aspect": null, "num_identification_agreements": 1, "cluster": 0, "tavg": null, "tmin": 7.1, "tmax": 19.4, "prcp_d0": 0.0, "prcp_d1": 0.0, "prcp_d2": 0.0, "prcp_d3": 0.0, "prcp_d4": 0.0, "prcp_d5": 0.0, "prcp_d6": 3.4607601165771484, "tmax_d0": null, "tmax_d1": null, "tmax_d2": null, "tmax_d3": null, "tmax_d4": null, "tmax_d5": null, "tmax_d6": null, "tmin_d0": null, "tmin_d1": null, "tmin_d2": null, "tmin_d3": null, "tmin_d4": null, "tmin_d5": null, "tmin_d6": null, "day_of_year": 147, "uuid": "11fecfb0-32c9-412c-a5ee-8fd403e6b664", "inat_id": 218546723}}, {"type": "Feature", "geometry": {"type": "Point", "coordinates": [-121.7809444444, 45.3023277778]}, "properties": {"species": "Craterellus tubaeformis", "date": "2024-09-04", "location": "Rhododendron, OR 97049, USA", "elevation": 1103.0, "land_cover_label": "Tree cover", "water_mask": false, "exclude_reason": "keep", "ndvi": null, "soil_moisture": null, "solar_exposure": null, "wind_exposure": null, "water_retention": null, "slope": null, "aspect": null, "num_identification_agreements": 1, "cluster": 0, "tavg": null, "tmin": 12.4, "tmax": 32.7, "prcp_d0": 0.0, "prcp_d1": 0.0, "prcp_d2": 0.0, "prcp_d3": 0.0, "prcp_d4": 0.0, "prcp_d5": 3.05578441839316e-06, "prcp_d6": 0.0, "tmax_d0": null, "tmax_d1": null, "tmax_d2": null, "tmax_d3": null, "tmax_d4": null, "tmax_d5": null, "tmax_d6": null, "tmin_d0": null, "tmin_d1": null, "tmin_d2": null, "tmin_d3": null, "tmin_d4": null, "tmin_d5": null, "tmin_d6": null, "day_of_year": 248, "uuid": "ca31f7ab-5f93-4b83-bd0b-89fc4d8b74b4", "inat_id": 239918614}}, {"type": "Feature", "geometry": {"type": "Point", "coordinates": [-121.7735883333, 45.411605]}, "properties": {"species": "Craterellus tubaeformis", "date": "2024-09-16", "location": "Mt. Hood National Forest, Mount Hood Parkdale, OR, US", "elevation": 1212.0, "land_cover_label": "Tree cover", "water_mask": false, "exclude_reason": "keep", "ndvi": null, "soil_moisture": null, "solar_exposure": null, "wind_exposure": null, "water_retention": null, "slope": null, "aspect": null, "num_identification_agreements": 1, "cluster": 0, "tavg": null, "tmin": 11.2, "tmax": 25.9, "prcp_d0": 0.0, "prcp_d1": 3.6377885341644287, "prcp_d2": 0.2748635709285736, "prcp_d3": 0.8843648433685303, "prcp_d4": 5.991161823272705, "prcp_d5": 22.1135311126709, "prcp_d6": 0.0, "tmax_d0": null, "tmax_d1": null, "tmax_d2": null, "tmax_d3": null, "tmax_d4": null, "tmax_d5": null, "tmax_d6": null, "tmin_d0": null, "tmin_d1": null, "tmin_d2": null, "tmin_d3": null, "tmin_d4": null, "tmin_d5": null, "tmin_d6": null, "day_of_year": 260, "uuid": "7b750ece-d733-4925-b517-a47e6471b3e1", "inat_id": 250398321}}, {"type": "Feature", "geometry": {"type": "Point", "coordinates": [-122.0045047981, 45.3739096135]}, "properties": {"species": "Craterellus tubaeformis", "date": "2024-09-20", "location": "Oregon, US", "elevation": 356.0, "land_cover_label": "Tree cover", "water_mask": false, "exclude_reason": "keep", "ndvi": null, "soil_moisture": null, "solar_exposure": null, "wind_exposure": null, "water_retention": null, "slope": null, "aspect": null, "num_identification_agreements": 1, "cluster": 0, "tavg": null, "tmin": 11.1, "tmax": 22.8, "prcp_d0": 0.0, "prcp_d1": 0.0, "prcp_d2": 0.0, "prcp_d3": 0.0, "prcp_d4": 6.130478858947754, "prcp_d5": 4.470633506774902, "prcp_d6": 0.3820556104183197, "tmax_d0": null, "tmax_d1": null, "tmax_d2": null, "tmax_d3": null, "tmax_d4": null, "tmax_d5": null, "tmax_d6": null, "tmin_d0": null, "tmin_d1": null, "tmin_d2": null, "tmin_d3": null, "tmin_d4": null, "tmin_d5": null, "tmin_d6": null, "day_of_year": 264, "uuid": "d7bef13f-7b12-4756-8245-3a4fd9e3225b", "inat_id": 242985115}}, {"type": "Feature", "geometry": {"type": "Point", "coordinates": [-122.0006647015, 45.5300394183]}, "properties": {"species": "Craterellus tubaeformis", "date": "2024-09-27", "location": "Zigzag Ranger Station, Cascade Locks, OR, US", "elevation": 948.0, "land_cover_label": "Tree cover", "water_mask": false, "exclude_reason": "keep", "ndvi": null, "soil_moisture": null, "solar_exposure": null, "wind_exposure": null, "water_retention": null, "slope": null, "aspect": null, "num_identification_agreements": 1, "cluster": 0, "tavg": null, "tmin": 14.4, "tmax": 23.9, "prcp_d0": 0.0, "prcp_d1": 0.0, "prcp_d2": 0.0, "prcp_d3": 0.0, "prcp_d4": 0.0, "prcp_d5": 0.0, "prcp_d6": 0.0, "tmax_d0": null, "tmax_d1": null, "tmax_d2": null, "tmax_d3": null, "tmax_d4": null, "tmax_d5": null, "tmax_d6": null, "tmin_d0": null, "tmin_d1": null, "tmin_d2": null, "tmin_d3": null, "tmin_d4": null, "tmin_d5": null, "tmin_d6": null, "day_of_year": 271, "uuid": "6d0574f2-db69-4283-80fc-fbe7d225a4f1", "inat_id": 244427569}}, {"type": "Feature", "geometry": {"type": "Point", "coordinates": [-122.1669276907, 45.534594692]}, "properties": {"species": "Craterellus tubaeformis", "date": "2024-09-27", "location": "Columbia River Gorge National Scenic Area, Corbett, OR, US", "elevation": 482.0, "land_cover_label": "Tree cover", "water_mask": false, "exclude_reason": "keep", "ndvi": null, "soil_moisture": null, "solar_exposure": null, "wind_exposure": null, "water_retention": null, "slope": null, "aspect": null, "num_identification_agreements": 1, "cluster": 0, "tavg": null, "tmin": 14.4, "tmax": 23.9, "prcp_d0": 0.0, "prcp_d1": 0.0, "prcp_d2": 0.0, "prcp_d3": 0.0, "prcp_d4": 0.0, "prcp_d5": 0.0, "prcp_d6": 0.0, "tmax_d0": null, "tmax_d1": null, "tmax_d2": null, "tmax_d3": null, "tmax_d4": null, "tmax_d5": null, "tmax_d6": null, "tmin_d0": null, "tmin_d1": null, "tmin_d2": null, "tmin_d3": null, "tmin_d4": null, "tmin_d5": null, "tmin_d6": null, "day_of_year": 271, "uuid": "8c58bb6f-2ff0-45bb-a123-b22a1dadd7f8", "inat_id": 244402877}}, {"type": "Feature", "geometry": {"type": "Point", "coordinates": [-121.7928866667, 45.4188633333]}, "properties": {"species": "Craterellus tubaeformis", "date": "2024-10-12", "location": "Mt. Hood National Forest, Mount Hood Parkdale, OR, US", "elevation": 1196.0, "land_cover_label": "Tree cover", "water_mask": false, "exclude_reason": "keep", "ndvi": null, "soil_moisture": null, "solar_exposure": null, "wind_exposure": null, "water_retention": null, "slope": null, "aspect": null, "num_identification_agreements": 1, "cluster": 0, "tavg": null, "tmin": 7.6, "tmax": 21.0, "prcp_d0": 0.0, "prcp_d1": 0.0, "prcp_d2": 0.0, "prcp_d3": 22.97150993347168, "prcp_d4": 0.0, "prcp_d5": 0.0, "prcp_d6": 0.0, "tmax_d0": null, "tmax_d1": null, "tmax_d2": null, "tmax_d3": null, "tmax_d4": null, "tmax_d5": null, "tmax_d6": null, "tmin_d0": null, "tmin_d1": null, "tmin_d2": null, "tmin_d3": null, "tmin_d4": null, "tmin_d5": null, "tmin_d6": null, "day_of_year": 286, "uuid": "effec6a0-a509-47b1-80e0-e5a41cae20d4", "inat_id": 247117527}}, {"type": "Feature", "geometry": {"type": "Point", "coordinates": [-122.082445, 45.5427779722]}, "properties": {"species": "Craterellus tubaeformis", "date": "2024-10-13", "location": "Cascade Locks, OR 97014, USA", "elevation": 887.0, "land_cover_label": "Tree cover", "water_mask": false, "exclude_reason": "keep", "ndvi": null, "soil_moisture": null, "solar_exposure": null, "wind_exposure": null, "water_retention": null, "slope": null, "aspect": null, "num_identification_agreements": 1, "cluster": 0, "tavg": null, "tmin": 8.9, "tmax": 23.9, "prcp_d0": 0.0, "prcp_d1": 0.0, "prcp_d2": 13.189251899719238, "prcp_d3": 0.0, "prcp_d4": 0.0, "prcp_d5": 0.0, "prcp_d6": 0.0, "tmax_d0": null, "tmax_d1": null, "tmax_d2": null, "tmax_d3": null, "tmax_d4": null, "tmax_d5": null, "tmax_d6": null, "tmin_d0": null, "tmin_d1": null, "tmin_d2": null, "tmin_d3": null, "tmin_d4": null, "tmin_d5": null, "tmin_d6": null, "day_of_year": 287, "uuid": "a83583a2-5793-42d9-b93c-72a801e82d82", "inat_id": 247434786}}, {"type": "Feature", "geometry": {"type": "Point", "coordinates": [-122.0799777778, 45.3114694444]}, "properties": {"species": "Craterellus tubaeformis", "date": "2024-10-21", "location": "Sandy, OR 97055, USA", "elevation": 947.0, "land_cover_label": "Tree cover", "water_mask": false, "exclude_reason": "keep", "ndvi": null, "soil_moisture": null, "solar_exposure": null, "wind_exposure": null, "water_retention": null, "slope": null, "aspect": null, "num_identification_agreements": 1, "cluster": 1, "tavg": null, "tmin": 10.6, "tmax": 16.1, "prcp_d0": 101.14640045166016, "prcp_d1": 0.0, "prcp_d2": 0.0, "prcp_d3": 0.0, "prcp_d4": 0.0, "prcp_d5": 0.0, "prcp_d6": 0.0, "tmax_d0": null, "tmax_d1": null, "tmax_d2": null, "tmax_d3": null, "tmax_d4": null, "tmax_d5": null, "tmax_d6": null, "tmin_d0": null, "tmin_d1": null, "tmin_d2": null, "tmin_d3": null, "tmin_d4": null, "tmin_d5": null, "tmin_d6": null, "day_of_year": 295, "uuid": "6f884f5a-a10c-4dbc-86f1-b2d26ed90c7c", "inat_id": 248491685}}, {"type": "Feature", "geometry": {"type": "Point", "coordinates": [-121.7384688655, 45.2757932863]}, "properties": {"species": "Craterellus tubaeformis", "date": "2024-10-31", "location": "Oregon, US", "elevation": 1134.0, "land_cover_label": "Tree cover", "water_mask": false, "exclude_reason": "keep", "ndvi": null, "soil_moisture": null, "solar_exposure": null, "wind_exposure": null, "water_retention": null, "slope": null, "aspect": null, "num_identification_agreements": 1, "cluster": 0, "tavg": null, "tmin": 3.6, "tmax": 6.7, "prcp_d0": 13.940464973449709, "prcp_d1": 3.587751865386963, "prcp_d2": 0.0, "prcp_d3": 5.483767986297607, "prcp_d4": 12.4922456741333, "prcp_d5": 4.466555595397949, "prcp_d6": 0.0, "tmax_d0": null, "tmax_d1": null, "tmax_d2": null, "tmax_d3": null, "tmax_d4": null, "tmax_d5": null, "tmax_d6": null, "tmin_d0": null, "tmin_d1": null, "tmin_d2": null, "tmin_d3": null, "tmin_d4": null, "tmin_d5": null, "tmin_d6": null, "day_of_year": 305, "uuid": "4eaf14e3-2338-4b46-aa20-edf67e1e08a2", "inat_id": 250026480}}, {"type": "Feature", "geometry": {"type": "Point", "coordinates": [-122.063819445, 45.5368]}, "properties": {"species": "Craterellus tubaeformis", "date": "2024-11-02", "location": "Mount Hood National Forest, OR, USA", "elevation": 1016.0, "land_cover_label": "Tree cover", "water_mask": false, "exclude_reason": "keep", "ndvi": null, "soil_moisture": null, "solar_exposure": null, "wind_exposure": null, "water_retention": null, "slope": null, "aspect": null, "num_identification_agreements": 1, "cluster": 2, "tavg": null, "tmin": 10.0, "tmax": 13.9, "prcp_d0": 0.0, "prcp_d1": 0.0, "prcp_d2": 0.0, "prcp_d3": 0.0, "prcp_d4": 0.0, "prcp_d5": 0.0, "prcp_d6": 133.4180908203125, "tmax_d0": null, "tmax_d1": null, "tmax_d2": null, "tmax_d3": null, "tmax_d4": null, "tmax_d5": null, "tmax_d6": null, "tmin_d0": null, "tmin_d1": null, "tmin_d2": null, "tmin_d3": null, "tmin_d4": null, "tmin_d5": null, "tmin_d6": null, "day_of_year": 307, "uuid": "cc3ee002-5a2c-45df-ae43-029ca4124e9b", "inat_id": 250220750}}, {"type": "Feature", "geometry": {"type": "Point", "coordinates": [-122.0926055556, 45.5310166667]}, "properties": {"species": "Craterellus tubaeformis", "date": "2024-11-03", "location": "Multnomah County, OR, USA", "elevation": 1184.0, "land_cover_label": "Tree cover", "water_mask": false, "exclude_reason": "keep", "ndvi": null, "soil_moisture": null, "solar_exposure": null, "wind_exposure": null, "water_retention": null, "slope": null, "aspect": null, "num_identification_agreements": 1, "cluster": 0, "tavg": null, "tmin": 10.0, "tmax": 14.4, "prcp_d0": 0.0, "prcp_d1": 0.0, "prcp_d2": 0.0, "prcp_d3": 0.0, "prcp_d4": 0.0, "prcp_d5": 0.0, "prcp_d6": 0.0, "tmax_d0": null, "tmax_d1": null, "tmax_d2": null, "tmax_d3": null, "tmax_d4": null, "tmax_d5": null, "tmax_d6": null, "tmin_d0": null, "tmin_d1": null, "tmin_d2": null, "tmin_d3": null, "tmin_d4": null, "tmin_d5": null, "tmin_d6": null, "day_of_year": 308, "uuid": "99fc7e6f-e507-4ac6-89da-8ab6e1142459", "inat_id": 262478640}}, {"type": "Feature", "geometry": {"type": "Point", "coordinates": [-121.941392161, 45.3331350355]}, "properties": {"species": "Craterellus tubaeformis", "date": "2024-12-08", "location": "Welches, OR 97067, USA", "elevation": 916.0, "land_cover_label": "Tree cover", "water_mask": false, "exclude_reason": "keep", "ndvi": null, "soil_moisture": null, "solar_exposure": null, "wind_exposure": null, "water_retention": null, "slope": null, "aspect": null, "num_identification_agreements": 1, "cluster": 1, "tavg": null, "tmin": 7.2, "tmax": 10.0, "prcp_d0": 0.0, "prcp_d1": 30.150936126708984, "prcp_d2": 0.0, "prcp_d3": 0.0, "prcp_d4": 0.0, "prcp_d5": 0.0, "prcp_d6": 0.0, "tmax_d0": null, "tmax_d1": null, "tmax_d2": null, "tmax_d3": null, "tmax_d4": null, "tmax_d5": null, "tmax_d6": null, "tmin_d0": null, "tmin_d1": null, "tmin_d2": null, "tmin_d3": null, "tmin_d4": null, "tmin_d5": null, "tmin_d6": null, "day_of_year": 343, "uuid": "3c418129-5d9b-47b8-8d3f-3ce103dbffb7", "inat_id": 254611545}}, {"type": "Feature", "geometry": {"type": "Point", "coordinates": [-121.9540722222, 45.3405916667]}, "properties": {"species": "Craterellus tubaeformis", "date": "2024-12-15", "location": "Welches, Mt Hood Village, OR 97067, USA", "elevation": 435.0, "land_cover_label": "Tree cover", "water_mask": false, "exclude_reason": "keep", "ndvi": null, "soil_moisture": null, "solar_exposure": null, "wind_exposure": null, "water_retention": null, "slope": null, "aspect": null, "num_identification_agreements": 1, "cluster": 1, "tavg": null, "tmin": 5.0, "tmax": 9.4, "prcp_d0": 0.0, "prcp_d1": 16.069236755371094, "prcp_d2": 10.712823867797852, "prcp_d3": 10.712823867797852, "prcp_d4": 5.356411933898926, "prcp_d5": 0.0, "prcp_d6": 0.0, "tmax_d0": null, "tmax_d1": null, "tmax_d2": null, "tmax_d3": null, "tmax_d4": null, "tmax_d5": null, "tmax_d6": null, "tmin_d0": null, "tmin_d1": null, "tmin_d2": null, "tmin_d3": null, "tmin_d4": null, "tmin_d5": null, "tmin_d6": null, "day_of_year": 350, "uuid": "55894c93-8baf-40e7-bbab-ece554675891", "inat_id": 255736935}}, {"type": "Feature", "geometry": {"type": "Point", "coordinates": [-122.1716866667, 44.947025]}, "properties": {"species": "Craterellus tubaeformis", "date": "2025-01-05", "location": "Mt. Hood National Forest, Molalla, OR, US", "elevation": 691.0, "land_cover_label": "Tree cover", "water_mask": false, "exclude_reason": "keep", "ndvi": null, "soil_moisture": null, "solar_exposure": null, "wind_exposure": null, "water_retention": null, "slope": null, "aspect": null, "num_identification_agreements": 1, "cluster": 1, "tavg": null, "tmin": null, "tmax": null, "prcp_d0": 0.0, "prcp_d1": 0.0, "prcp_d2": 53.08896255493164, "prcp_d3": 0.0, "prcp_d4": 26.54448127746582, "prcp_d5": 0.0, "prcp_d6": 0.0, "tmax_d0": null, "tmax_d1": null, "tmax_d2": null, "tmax_d3": null, "tmax_d4": null, "tmax_d5": null, "tmax_d6": null, "tmin_d0": null, "tmin_d1": null, "tmin_d2": null, "tmin_d3": null, "tmin_d4": null, "tmin_d5": null, "tmin_d6": null, "day_of_year": 5, "uuid": "32089701-db3a-4911-ad49-feaf40197eae", "inat_id": 257641642}}, {"type": "Feature", "geometry": {"type": "Point", "coordinates": [-121.8979898566, 45.3641127421]}, "properties": {"species": "Craterellus tubaeformis", "date": "2025-01-07", "location": "Oregon, US", "elevation": 833.0, "land_cover_label": "Tree cover", "water_mask": false, "exclude_reason": "keep", "ndvi": null, "soil_moisture": null, "solar_exposure": null, "wind_exposure": null, "water_retention": null, "slope": null, "aspect": null, "num_identification_agreements": 1, "cluster": 2, "tavg": null, "tmin": 6.1, "tmax": 8.3, "prcp_d0": 0.0, "prcp_d1": 14.424055099487305, "prcp_d2": 0.0, "prcp_d3": 0.0, "prcp_d4": 64.5643539428711, "prcp_d5": 0.0, "prcp_d6": 32.28217697143555, "tmax_d0": null, "tmax_d1": null, "tmax_d2": null, "tmax_d3": null, "tmax_d4": null, "tmax_d5": null, "tmax_d6": null, "tmin_d0": null, "tmin_d1": null, "tmin_d2": null, "tmin_d3": null, "tmin_d4": null, "tmin_d5": null, "tmin_d6": null, "day_of_year": 7, "uuid": "4f414684-43dc-4d4b-9d73-797974bab4dc", "inat_id": 258343593}}, {"type": "Feature", "geometry": {"type": "Point", "coordinates": [-121.7567170785, 45.253596778]}, "properties": {"species": "Craterellus tubaeformis", "date": "2025-09-16", "location": "Clackamas County, OR, USA", "elevation": 1086.0, "land_cover_label": "Tree cover", "water_mask": false, "exclude_reason": "keep", "ndvi": null, "soil_moisture": null, "solar_exposure": null, "wind_exposure": null, "water_retention": null, "slope": null, "aspect": null, "num_identification_agreements": 2, "cluster": 0, "tavg": null, "tmin": 8.0, "tmax": 28.0, "prcp_d0": 0.0, "prcp_d1": 0.0, "prcp_d2": 0.0, "prcp_d3": 0.0, "prcp_d4": 0.0, "prcp_d5": 0.0, "prcp_d6": 11.455573081970217, "tmax_d0": null, "tmax_d1": null, "tmax_d2": null, "tmax_d3": null, "tmax_d4": null, "tmax_d5": null, "tmax_d6": null, "tmin_d0": null, "tmin_d1": null, "tmin_d2": null, "tmin_d3": null, "tmin_d4": null, "tmin_d5": null, "tmin_d6": null, "day_of_year": 259, "uuid": "748f31d7-c0cb-4132-b997-21cf69d0b247", "inat_id": 314473411}}, {"type": "Feature", "geometry": {"type": "Point", "coordinates": [-122.0875583333, 45.5450444444]}, "properties": {"species": "Craterellus tubaeformis", "date": "2025-09-20", "location": "Cascade Locks, OR 97014, USA", "elevation": 1007.0, "land_cover_label": "Tree cover", "water_mask": false, "exclude_reason": "keep", "ndvi": null, "soil_moisture": null, "solar_exposure": null, "wind_exposure": null, "water_retention": null, "slope": null, "aspect": null, "num_identification_agreements": 2, "cluster": 0, "tavg": null, "tmin": 11.0, "tmax": 27.0, "prcp_d0": 0.0, "prcp_d1": 0.0, "prcp_d2": 0.0, "prcp_d3": 0.0, "prcp_d4": 0.0, "prcp_d5": 0.0, "prcp_d6": 0.0, "tmax_d0": null, "tmax_d1": null, "tmax_d2": null, "tmax_d3": null, "tmax_d4": null, "tmax_d5": null, "tmax_d6": null, "tmin_d0": null, "tmin_d1": null, "tmin_d2": null, "tmin_d3": null, "tmin_d4": null, "tmin_d5": null, "tmin_d6": null, "day_of_year": 263, "uuid": "7240b8b8-fa0d-45dd-9360-f91d43dc24a0", "inat_id": 315595450}}, {"type": "Feature", "geometry": {"type": "Point", "coordinates": [-121.7376546406, 45.2745290173]}, "properties": {"species": "Craterellus tubaeformis", "date": "2025-09-27", "location": "Trillium Lake Loop, Government Camp, OR, US", "elevation": 1105.0, "land_cover_label": "Tree cover", "water_mask": false, "exclude_reason": "keep", "ndvi": null, "soil_moisture": null, "solar_exposure": null, "wind_exposure": null, "water_retention": null, "slope": null, "aspect": null, "num_identification_agreements": 2, "cluster": 0, "tavg": null, "tmin": 6.0, "tmax": 26.0, "prcp_d0": 0.0, "prcp_d1": 0.0, "prcp_d2": 0.0, "prcp_d3": 0.0, "prcp_d4": 0.0, "prcp_d5": 0.0, "prcp_d6": 0.0, "tmax_d0": null, "tmax_d1": null, "tmax_d2": null, "tmax_d3": null, "tmax_d4": null, "tmax_d5": null, "tmax_d6": null, "tmin_d0": null, "tmin_d1": null, "tmin_d2": null, "tmin_d3": null, "tmin_d4": null, "tmin_d5": null, "tmin_d6": null, "day_of_year": 270, "uuid": "c4035b20-35a7-466f-9796-9b327eb272df", "inat_id": 317021569}}, {"type": "Feature", "geometry": {"type": "Point", "coordinates": [-121.7376727831, 45.2745201399]}, "properties": {"species": "Craterellus tubaeformis", "date": "2025-09-27", "location": "Trillium Lake Loop, Government Camp, OR, US", "elevation": 1105.0, "land_cover_label": "Tree cover", "water_mask": false, "exclude_reason": "keep", "ndvi": null, "soil_moisture": null, "solar_exposure": null, "wind_exposure": null, "water_retention": null, "slope": null, "aspect": null, "num_identification_agreements": 1, "cluster": 0, "tavg": null, "tmin": 6.0, "tmax": 26.0, "prcp_d0": 0.0, "prcp_d1": 0.0, "prcp_d2": 0.0, "prcp_d3": 0.0, "prcp_d4": 0.0, "prcp_d5": 0.0, "prcp_d6": 0.0, "tmax_d0": null, "tmax_d1": null, "tmax_d2": null, "tmax_d3": null, "tmax_d4": null, "tmax_d5": null, "tmax_d6": null, "tmin_d0": null, "tmin_d1": null, "tmin_d2": null, "tmin_d3": null, "tmin_d4": null, "tmin_d5": null, "tmin_d6": null, "day_of_year": 270, "uuid": "13a44c39-d618-4932-a880-5a32f6c048d5", "inat_id": 317348142}}, {"type": "Feature", "geometry": {"type": "Point", "coordinates": [-122.1452404326, 45.2113645288]}, "properties": {"species": "Craterellus tubaeformis", "date": "2025-09-28", "location": "Clackamas County, OR, USA", "elevation": 713.0, "land_cover_label": "Tree cover", "water_mask": false, "exclude_reason": "keep", "ndvi": null, "soil_moisture": null, "solar_exposure": null, "wind_exposure": null, "water_retention": null, "slope": null, "aspect": null, "num_identification_agreements": 1, "cluster": 0, "tavg": null, "tmin": 8.0, "tmax": 24.0, "prcp_d0": 0.0, "prcp_d1": 0.0, "prcp_d2": 0.0, "prcp_d3": 0.0, "prcp_d4": 0.0, "prcp_d5": 0.0, "prcp_d6": 0.0, "tmax_d0": null, "tmax_d1": null, "tmax_d2": null, "tmax_d3": null, "tmax_d4": null, "tmax_d5": null, "tmax_d6": null, "tmin_d0": null, "tmin_d1": null, "tmin_d2": null, "tmin_d3": null, "tmin_d4": null, "tmin_d5": null, "tmin_d6": null, "day_of_year": 271, "uuid": "d8a4c6e6-99ba-46c6-a9f0-3a0da4d0f5f0", "inat_id": 317684921}}, {"type": "Feature", "geometry": {"type": "Point", "coordinates": [-121.8401416667, 45.14465]}, "properties": {"species": "Craterellus tubaeformis", "date": "2025-10-04", "location": "Clackamas County, OR, USA", "elevation": 1246.0, "land_cover_label": "Tree cover", "water_mask": false, "exclude_reason": "keep", "ndvi": null, "soil_moisture": null, "solar_exposure": null, "wind_exposure": null, "water_retention": null, "slope": null, "aspect": null, "num_identification_agreements": 2, "cluster": 0, "tavg": null, "tmin": null, "tmax": null, "prcp_d0": 0.0, "prcp_d1": 0.0, "prcp_d2": 0.0, "prcp_d3": 0.0, "prcp_d4": 0.0, "prcp_d5": 24.837053298950195, "prcp_d6": 0.0, "tmax_d0": null, "tmax_d1": null, "tmax_d2": null, "tmax_d3": null, "tmax_d4": null, "tmax_d5": null, "tmax_d6": null, "tmin_d0": null, "tmin_d1": null, "tmin_d2": null, "tmin_d3": null, "tmin_d4": null, "tmin_d5": null, "tmin_d6": null, "day_of_year": 277, "uuid": "3a1ba894-c95f-4576-b12f-5900b0866255", "inat_id": 325622208}}, {"type": "Feature", "geometry": {"type": "Point", "coordinates": [-121.7836216667, 45.4066883333]}, "properties": {"species": "Craterellus tubaeformis", "date": "2025-10-05", "location": "Top Spur Trail, Rhododendron, OR, US", "elevation": 1249.0, "land_cover_label": "Tree cover", "water_mask": false, "exclude_reason": "keep", "ndvi": null, "soil_moisture": null, "solar_exposure": null, "wind_exposure": null, "water_retention": null, "slope": null, "aspect": null, "num_identification_agreements": 2, "cluster": 0, "tavg": null, "tmin": 5.0, "tmax": 21.0, "prcp_d0": 0.0, "prcp_d1": 0.0, "prcp_d2": 0.0, "prcp_d3": 0.0, "prcp_d4": 0.0, "prcp_d5": 0.0, "prcp_d6": 27.47777938842773, "tmax_d0": null, "tmax_d1": null, "tmax_d2": null, "tmax_d3": null, "tmax_d4": null, "tmax_d5": null, "tmax_d6": null, "tmin_d0": null, "tmin_d1": null, "tmin_d2": null, "tmin_d3": null, "tmin_d4": null, "tmin_d5": null, "tmin_d6": null, "day_of_year": 278, "uuid": "62a83fe8-aa2a-4d4d-b60b-80be1cc7b3bd", "inat_id": 319020217}}, {"type": "Feature", "geometry": {"type": "Point", "coordinates": [-121.9243859726, 45.2665890055]}, "properties": {"species": "Craterellus tubaeformis", "date": "2025-10-10", "location": "Clackamas County, OR, USA", "elevation": 559.0, "land_cover_label": "Tree cover", "water_mask": false, "exclude_reason": "keep", "ndvi": null, "soil_moisture": null, "solar_exposure": null, "wind_exposure": null, "water_retention": null, "slope": null, "aspect": null, "num_identification_agreements": 1, "cluster": 0, "tavg": null, "tmin": 10.6, "tmax": 15.0, "prcp_d0": 5.524641513824463, "prcp_d1": 10.375179290771484, "prcp_d2": 0.0, "prcp_d3": 0.0, "prcp_d4": 0.0, "prcp_d5": 0.0, "prcp_d6": 0.0, "tmax_d0": null, "tmax_d1": null, "tmax_d2": null, "tmax_d3": null, "tmax_d4": null, "tmax_d5": null, "tmax_d6": null, "tmin_d0": null, "tmin_d1": null, "tmin_d2": null, "tmin_d3": null, "tmin_d4": null, "tmin_d5": null, "tmin_d6": null, "day_of_year": 283, "uuid": "7db7772d-adb3-4d9d-8dce-9f5ce0ca072c", "inat_id": 322889346}}, {"type": "Feature", "geometry": {"type": "Point", "coordinates": [-121.8919362879, 45.2984380587]}, "properties": {"species": "Craterellus tubaeformis", "date": "2025-10-20", "location": "Clackamas County, OR, USA", "elevation": 618.0, "land_cover_label": "Tree cover", "water_mask": false, "exclude_reason": "keep", "ndvi": null, "soil_moisture": null, "solar_exposure": null, "wind_exposure": null, "water_retention": null, "slope": null, "aspect": null, "num_identification_agreements": 1, "cluster": 0, "tavg": null, "tmin": 8.0, "tmax": 17.0, "prcp_d0": 0.0, "prcp_d1": 11.790103912353516, "prcp_d2": 0.0, "prcp_d3": 0.0, "prcp_d4": 0.0, "prcp_d5": 0.0, "prcp_d6": 0.0, "tmax_d0": null, "tmax_d1": null, "tmax_d2": null, "tmax_d3": null, "tmax_d4": null, "tmax_d5": null, "tmax_d6": null, "tmin_d0": null, "tmin_d1": null, "tmin_d2": null, "tmin_d3": null, "tmin_d4": null, "tmin_d5": null, "tmin_d6": null, "day_of_year": 293, "uuid": "3e0331d2-196a-4859-8c32-a090990b7b97", "inat_id": 322176325}}, {"type": "Feature", "geometry": {"type": "Point", "coordinates": [-122.1679536781, 45.5912099003]}, "properties": {"species": "Craterellus tubaeformis", "date": "2025-10-31", "location": "Oregon, US", "elevation": 157.0, "land_cover_label": "Tree cover", "water_mask": false, "exclude_reason": "keep", "ndvi": null, "soil_moisture": null, "solar_exposure": null, "wind_exposure": null, "water_retention": null, "slope": null, "aspect": null, "num_identification_agreements": 1, "cluster": 0, "tavg": null, "tmin": 9.0, "tmax": 14.0, "prcp_d0": 0.0, "prcp_d1": 0.0, "prcp_d2": 0.0, "prcp_d3": 0.0, "prcp_d4": 0.0, "prcp_d5": 0.0, "prcp_d6": 19.34202003479004, "tmax_d0": null, "tmax_d1": null, "tmax_d2": null, "tmax_d3": null, "tmax_d4": null, "tmax_d5": null, "tmax_d6": null, "tmin_d0": null, "tmin_d1": null, "tmin_d2": null, "tmin_d3": null, "tmin_d4": null, "tmin_d5": null, "tmin_d6": null, "day_of_year": 304, "uuid": "77fcbe87-96a1-4430-8813-d0fbefa1c4f8", "inat_id": 325113894}}, {"type": "Feature", "geometry": {"type": "Point", "coordinates": [-121.9395138889, 45.2595416667]}, "properties": {"species": "Craterellus tubaeformis", "date": "2025-11-02", "location": "Welches, OR 97067, USA", "elevation": 700.0, "land_cover_label": "Tree cover", "water_mask": false, "exclude_reason": "keep", "ndvi": null, "soil_moisture": null, "solar_exposure": null, "wind_exposure": null, "water_retention": null, "slope": null, "aspect": null, "num_identification_agreements": 1, "cluster": 0, "tavg": null, "tmin": 6.0, "tmax": 15.0, "prcp_d0": 0.0, "prcp_d1": 0.0, "prcp_d2": 0.0, "prcp_d3": 0.0, "prcp_d4": 9.642078399658203, "prcp_d5": 0.0, "prcp_d6": 2.513212203979492, "tmax_d0": null, "tmax_d1": null, "tmax_d2": null, "tmax_d3": null, "tmax_d4": null, "tmax_d5": null, "tmax_d6": null, "tmin_d0": null, "tmin_d1": null, "tmin_d2": null, "tmin_d3": null, "tmin_d4": null, "tmin_d5": null, "tmin_d6": null, "day_of_year": 306, "uuid": "64e9945d-2caf-4574-877f-6367c53acdc3", "inat_id": 324663112}}, {"type": "Feature", "geometry": {"type": "Point", "coordinates": [-121.8893805143, 45.3035559903]}, "properties": {"species": "Craterellus tubaeformis", "date": "2025-11-02", "location": "Mt. Hood Park Division Recreation Area, Rhododendron, OR, US", "elevation": 782.0, "land_cover_label": "Tree cover", "water_mask": false, "exclude_reason": "keep", "ndvi": null, "soil_moisture": null, "solar_exposure": null, "wind_exposure": null, "water_retention": null, "slope": null, "aspect": null, "num_identification_agreements": 1, "cluster": 0, "tavg": null, "tmin": 6.0, "tmax": 15.0, "prcp_d0": 0.0, "prcp_d1": 0.0, "prcp_d2": 0.0, "prcp_d3": 0.0, "prcp_d4": 10.1581449508667, "prcp_d5": 0.0, "prcp_d6": 2.6975367069244385, "tmax_d0": null, "tmax_d1": null, "tmax_d2": null, "tmax_d3": null, "tmax_d4": null, "tmax_d5": null, "tmax_d6": null, "tmin_d0": null, "tmin_d1": null, "tmin_d2": null, "tmin_d3": null, "tmin_d4": null, "tmin_d5": null, "tmin_d6": null, "day_of_year": 306, "uuid": "c7ef214f-7ae9-48ca-a238-396d24a8b3b6", "inat_id": 324637177}}, {"type": "Feature", "geometry": {"type": "Point", "coordinates": [-121.9082768692, 45.3288465014]}, "properties": {"species": "Craterellus tubaeformis", "date": "2025-11-02", "location": "Oregon, US", "elevation": 517.0, "land_cover_label": "Tree cover", "water_mask": false, "exclude_reason": "keep", "ndvi": null, "soil_moisture": null, "solar_exposure": null, "wind_exposure": null, "water_retention": null, "slope": null, "aspect": null, "num_identification_agreements": 1, "cluster": 0, "tavg": null, "tmin": 6.0, "tmax": 15.0, "prcp_d0": 0.0, "prcp_d1": 0.0, "prcp_d2": 0.0, "prcp_d3": 0.0, "prcp_d4": 10.06683349609375, "prcp_d5": 0.0, "prcp_d6": 2.7471957206726074, "tmax_d0": null, "tmax_d1": null, "tmax_d2": null, "tmax_d3": null, "tmax_d4": null, "tmax_d5": null, "tmax_d6": null, "tmin_d0": null, "tmin_d1": null, "tmin_d2": null, "tmin_d3": null, "tmin_d4": null, "tmin_d5": null, "tmin_d6": null, "day_of_year": 306, "uuid": "159bcbc5-d0cf-4c3f-9cbc-ab64d2011122", "inat_id": 324615318}}, {"type": "Feature", "geometry": {"type": "Point", "coordinates": [-122.2089629559, 45.0735357358]}, "properties": {"species": "Craterellus tubaeformis", "date": "2025-11-02", "location": "Clackamas County, US-OR, US", "elevation": 824.0, "land_cover_label": "Tree cover", "water_mask": false, "exclude_reason": "keep", "ndvi": null, "soil_moisture": null, "solar_exposure": null, "wind_exposure": null, "water_retention": null, "slope": null, "aspect": null, "num_identification_agreements": 1, "cluster": 0, "tavg": null, "tmin": 5.0, "tmax": 14.0, "prcp_d0": 0.0, "prcp_d1": 0.0, "prcp_d2": 0.0, "prcp_d3": 0.0, "prcp_d4": 9.393369674682615, "prcp_d5": 0.0, "prcp_d6": 0.0, "tmax_d0": null, "tmax_d1": null, "tmax_d2": null, "tmax_d3": null, "tmax_d4": null, "tmax_d5": null, "tmax_d6": null, "tmin_d0": null, "tmin_d1": null, "tmin_d2": null, "tmin_d3": null, "tmin_d4": null, "tmin_d5": null, "tmin_d6": null, "day_of_year": 306, "uuid": "e773cc3a-2425-4a7d-9d3f-f2009b67d227", "inat_id": 324774581}}, {"type": "Feature", "geometry": {"type": "Point", "coordinates": [-122.3955299931, 45.1927160317]}, "properties": {"species": "Craterellus tubaeformis", "date": "2025-11-08", "location": "Clackamas County, US-OR, US", "elevation": 287.0, "land_cover_label": "Tree cover", "water_mask": false, "exclude_reason": "keep", "ndvi": null, "soil_moisture": null, "solar_exposure": null, "wind_exposure": null, "water_retention": null, "slope": null, "aspect": null, "num_identification_agreements": 1, "cluster": 1, "tavg": null, "tmin": 4.0, "tmax": 17.0, "prcp_d0": 0.0, "prcp_d1": 0.0, "prcp_d2": 33.26437759399414, "prcp_d3": 80.98570251464844, "prcp_d4": 20.24642562866211, "prcp_d5": 0.0, "prcp_d6": 0.0, "tmax_d0": null, "tmax_d1": null, "tmax_d2": null, "tmax_d3": null, "tmax_d4": null, "tmax_d5": null, "tmax_d6": null, "tmin_d0": null, "tmin_d1": null, "tmin_d2": null, "tmin_d3": null, "tmin_d4": null, "tmin_d5": null, "tmin_d6": null, "day_of_year": 312, "uuid": "d82e70c2-d704-4010-b02f-58616e0475f5", "inat_id": 325602382}}, {"type": "Feature", "geometry": {"type": "Point", "coordinates": [-122.0639275428, 45.4172555889]}, "properties": {"species": "Craterellus tubaeformis", "date": "2025-11-15", "location": "Oregon, US", "elevation": 677.0, "land_cover_label": "Tree cover", "water_mask": false, "exclude_reason": "keep", "ndvi": null, "soil_moisture": null, "solar_exposure": null, "wind_exposure": null, "water_retention": null, "slope": null, "aspect": null, "num_identification_agreements": 2, "cluster": 0, "tavg": null, "tmin": 9.0, "tmax": 16.0, "prcp_d0": 0.0, "prcp_d1": 0.0, "prcp_d2": 0.0, "prcp_d3": 0.0, "prcp_d4": 0.0, "prcp_d5": 0.0, "prcp_d6": 0.0, "tmax_d0": null, "tmax_d1": null, "tmax_d2": null, "tmax_d3": null, "tmax_d4": null, "tmax_d5": null, "tmax_d6": null, "tmin_d0": null, "tmin_d1": null, "tmin_d2": null, "tmin_d3": null, "tmin_d4": null, "tmin_d5": null, "tmin_d6": null, "day_of_year": 319, "uuid": "fb3bcbd5-d399-43a8-a777-9e6a6af7800b", "inat_id": 326904130}}, {"type": "Feature", "geometry": {"type": "Point", "coordinates": [-122.1939305556, 44.6952027778]}, "properties": {"species": "Craterellus tubaeformis", "date": "2025-11-16", "location": "Detroit, OR 97342, USA", "elevation": 532.0, "land_cover_label": "Tree cover", "water_mask": false, "exclude_reason": "keep", "ndvi": null, "soil_moisture": null, "solar_exposure": null, "wind_exposure": null, "water_retention": null, "slope": null, "aspect": null, "num_identification_agreements": 2, "cluster": 0, "tavg": null, "tmin": null, "tmax": null, "prcp_d0": 0.0, "prcp_d1": 0.0, "prcp_d2": 0.0, "prcp_d3": 27.58173561096192, "prcp_d4": 0.0, "prcp_d5": 0.0, "prcp_d6": 0.0, "tmax_d0": null, "tmax_d1": null, "tmax_d2": null, "tmax_d3": null, "tmax_d4": null, "tmax_d5": null, "tmax_d6": null, "tmin_d0": null, "tmin_d1": null, "tmin_d2": null, "tmin_d3": null, "tmin_d4": null, "tmin_d5": null, "tmin_d6": null, "day_of_year": 320, "uuid": "14065a63-4b67-458e-8beb-5e2116126ee3", "inat_id": 326924216}}, {"type": "Feature", "geometry": {"type": "Point", "coordinates": [-122.1938466667, 44.6947666667]}, "properties": {"species": "Craterellus tubaeformis", "date": "2025-11-16", "location": "Blowout Rd, Idanha, OR, US", "elevation": 532.0, "land_cover_label": "Tree cover", "water_mask": false, "exclude_reason": "keep", "ndvi": null, "soil_moisture": null, "solar_exposure": null, "wind_exposure": null, "water_retention": null, "slope": null, "aspect": null, "num_identification_agreements": 2, "cluster": 0, "tavg": null, "tmin": null, "tmax": null, "prcp_d0": 0.0, "prcp_d1": 0.0, "prcp_d2": 0.0, "prcp_d3": 27.58173561096192, "prcp_d4": 0.0, "prcp_d5": 0.0, "prcp_d6": 0.0, "tmax_d0": null, "tmax_d1": null, "tmax_d2": null, "tmax_d3": null, "tmax_d4": null, "tmax_d5": null, "tmax_d6": null, "tmin_d0": null, "tmin_d1": null, "tmin_d2": null, "tmin_d3": null, "tmin_d4": null, "tmin_d5": null, "tmin_d6": null, "day_of_year": 320, "uuid": "5035884d-34cd-4c9e-8ada-03bb51402bb1", "inat_id": 327887649}}, {"type": "Feature", "geometry": {"type": "Point", "coordinates": [-121.9387733191, 45.2742524738]}, "properties": {"species": "Craterellus tubaeformis", "date": "2025-11-18", "location": "Rhododendron, OR 97049, USA", "elevation": 535.0, "land_cover_label": "Tree cover", "water_mask": false, "exclude_reason": "keep", "ndvi": null, "soil_moisture": null, "solar_exposure": null, "wind_exposure": null, "water_retention": null, "slope": null, "aspect": null, "num_identification_agreements": 1, "cluster": 2, "tavg": null, "tmin": 4.0, "tmax": 10.0, "prcp_d0": 0.0, "prcp_d1": 0.0, "prcp_d2": 0.0, "prcp_d3": 0.0, "prcp_d4": 0.0, "prcp_d5": 31.27838897705078, "prcp_d6": 0.0, "tmax_d0": null, "tmax_d1": null, "tmax_d2": null, "tmax_d3": null, "tmax_d4": null, "tmax_d5": null, "tmax_d6": null, "tmin_d0": null, "tmin_d1": null, "tmin_d2": null, "tmin_d3": null, "tmin_d4": null, "tmin_d5": null, "tmin_d6": null, "day_of_year": 322, "uuid": "588f7341-72fb-47fc-9506-f4c4fabfea1f", "inat_id": 327299236}}, {"type": "Feature", "geometry": {"type": "Point", "coordinates": [-122.0875638333, 45.528925]}, "properties": {"species": "Craterellus tubaeformis", "date": "2025-11-21", "location": "E Larch Mountain Rd, Corbett, OR, US", "elevation": 1179.0, "land_cover_label": "Tree cover", "water_mask": false, "exclude_reason": "keep", "ndvi": null, "soil_moisture": null, "solar_exposure": null, "wind_exposure": null, "water_retention": null, "slope": null, "aspect": null, "num_identification_agreements": 1, "cluster": 0, "tavg": null, "tmin": 1.0, "tmax": 11.0, "prcp_d0": 0.0094838561490178, "prcp_d1": 0.0, "prcp_d2": 0.0, "prcp_d3": 0.0, "prcp_d4": 0.0, "prcp_d5": 0.0, "prcp_d6": 0.0, "tmax_d0": null, "tmax_d1": null, "tmax_d2": null, "tmax_d3": null, "tmax_d4": null, "tmax_d5": null, "tmax_d6": null, "tmin_d0": null, "tmin_d1": null, "tmin_d2": null, "tmin_d3": null, "tmin_d4": null, "tmin_d5": null, "tmin_d6": null, "day_of_year": 325, "uuid": "606587f5-77ed-449f-be73-5cf4948057a5", "inat_id": 327616607}}, {"type": "Feature", "geometry": {"type": "Point", "coordinates": [-121.9405561333, 45.3077112854]}, "properties": {"species": "Craterellus tubaeformis", "date": "2025-11-22", "location": "Clackamas County, US-OR, US", "elevation": 521.0, "land_cover_label": "Tree cover", "water_mask": false, "exclude_reason": "keep", "ndvi": null, "soil_moisture": null, "solar_exposure": null, "wind_exposure": null, "water_retention": null, "slope": null, "aspect": null, "num_identification_agreements": 1, "cluster": 0, "tavg": null, "tmin": 1.0, "tmax": 7.0, "prcp_d0": 0.0001440817286493, "prcp_d1": 0.034048456698656, "prcp_d2": 0.0, "prcp_d3": 0.0, "prcp_d4": 0.0, "prcp_d5": 0.0, "prcp_d6": 0.0, "tmax_d0": null, "tmax_d1": null, "tmax_d2": null, "tmax_d3": null, "tmax_d4": null, "tmax_d5": null, "tmax_d6": null, "tmin_d0": null, "tmin_d1": null, "tmin_d2": null, "tmin_d3": null, "tmin_d4": null, "tmin_d5": null, "tmin_d6": null, "day_of_year": 326, "uuid": "d4362265-cca0-47d1-8aff-f12cd7a398c9", "inat_id": 327908867}}, {"type": "Feature", "geometry": {"type": "Point", "coordinates": [-121.8494162, 44.65869158]}, "properties": {"species": "Craterellus tubaeformis", "date": "2025-11-24", "location": "Linn County, US-OR, US", "elevation": 1304.0, "land_cover_label": "Tree cover", "water_mask": false, "exclude_reason": "keep", "ndvi": null, "soil_moisture": null, "solar_exposure": null, "wind_exposure": null, "water_retention": null, "slope": null, "aspect": null, "num_identification_agreements": 2, "cluster": 0, "tavg": null, "tmin": null, "tmax": null, "prcp_d0": 17.09913444519043, "prcp_d1": 2.4307897090911865, "prcp_d2": 0.0, "prcp_d3": 0.050949852913618, "prcp_d4": 0.0, "prcp_d5": 0.0, "prcp_d6": 0.0, "tmax_d0": null, "tmax_d1": null, "tmax_d2": null, "tmax_d3": null, "tmax_d4": null, "tmax_d5": null, "tmax_d6": null, "tmin_d0": null, "tmin_d1": null, "tmin_d2": null, "tmin_d3": null, "tmin_d4": null, "tmin_d5": null, "tmin_d6": null, "day_of_year": 328, "uuid": "0efdc251-b45d-48fd-ad33-9567770ed7de", "inat_id": 328165288}}, {"type": "Feature", "geometry": {"type": "Point", "coordinates": [-122.0836791729, 45.5725765497]}, "properties": {"species": "Craterellus tubaeformis", "date": "2025-11-28", "location": "Oregon, US", "elevation": 556.0, "land_cover_label": "Tree cover", "water_mask": false, "exclude_reason": "keep", "ndvi": null, "soil_moisture": null, "solar_exposure": null, "wind_exposure": null, "water_retention": null, "slope": null, "aspect": null, "num_identification_agreements": 1, "cluster": 1, "tavg": null, "tmin": 8.0, "tmax": 12.0, "prcp_d0": 14.39407444000244, "prcp_d1": 2.219238519668579, "prcp_d2": 10.343295097351074, "prcp_d3": 10.983039855957031, "prcp_d4": 13.607046127319336, "prcp_d5": 7.427107334136963, "prcp_d6": 0.0005527766188606, "tmax_d0": null, "tmax_d1": null, "tmax_d2": null, "tmax_d3": null, "tmax_d4": null, "tmax_d5": null, "tmax_d6": null, "tmin_d0": null, "tmin_d1": null, "tmin_d2": null, "tmin_d3": null, "tmin_d4": null, "tmin_d5": null, "tmin_d6": null, "day_of_year": 332, "uuid": "0a09ecd0-a647-4577-b42d-32b1ae75d6fc", "inat_id": 328716920}}, {"type": "Feature", "geometry": {"type": "Point", "coordinates": [-121.9219138889, 45.0856972222]}, "properties": {"species": "Craterellus tubaeformis", "date": "2025-11-30", "location": "Clackamas County, OR, USA", "elevation": 732.0, "land_cover_label": "Tree cover", "water_mask": false, "exclude_reason": "keep", "ndvi": null, "soil_moisture": null, "solar_exposure": null, "wind_exposure": null, "water_retention": null, "slope": null, "aspect": null, "num_identification_agreements": 2, "cluster": 2, "tavg": null, "tmin": null, "tmax": null, "prcp_d0": 0.7088000774383545, "prcp_d1": 0.1744861900806427, "prcp_d2": 15.28193473815918, "prcp_d3": 1.8546411991119385, "prcp_d4": 10.367061614990234, "prcp_d5": 6.9923415184021, "prcp_d6": 18.89399147033692, "tmax_d0": null, "tmax_d1": null, "tmax_d2": null, "tmax_d3": null, "tmax_d4": null, "tmax_d5": null, "tmax_d6": null, "tmin_d0": null, "tmin_d1": null, "tmin_d2": null, "tmin_d3": null, "tmin_d4": null, "tmin_d5": null, "tmin_d6": null, "day_of_year": 334, "uuid": "536856c3-41f6-498d-a795-8389d01fddae", "inat_id": 329521266}}, {"type": "Feature", "geometry": {"type": "Point", "coordinates": [-122.2005051352, 44.8992440194]}, "properties": {"species": "Craterellus tubaeformis", "date": "2025-12-12", "location": "Clackamas County, OR, USA", "elevation": 1059.0, "land_cover_label": "Tree cover", "water_mask": false, "exclude_reason": "keep", "ndvi": null, "soil_moisture": null, "solar_exposure": null, "wind_exposure": null, "water_retention": null, "slope": null, "aspect": null, "num_identification_agreements": 1, "cluster": 1, "tavg": null, "tmin": null, "tmax": null, "prcp_d0": 0.0, "prcp_d1": 0.0, "prcp_d2": 25.270078659057617, "prcp_d3": 75.81023406982422, "prcp_d4": 50.540157318115234, "prcp_d5": 25.270078659057617, "prcp_d6": 0.0, "tmax_d0": null, "tmax_d1": null, "tmax_d2": null, "tmax_d3": null, "tmax_d4": null, "tmax_d5": null, "tmax_d6": null, "tmin_d0": null, "tmin_d1": null, "tmin_d2": null, "tmin_d3": null, "tmin_d4": null, "tmin_d5": null, "tmin_d6": null, "day_of_year": 346, "uuid": "559fe5da-76ec-480f-9b27-fe77c28211ad", "inat_id": 343439287}}, {"type": "Feature", "geometry": {"type": "Point", "coordinates": [-122.276672, 45.1823648]}, "properties": {"species": "Craterellus tubaeformis", "date": "2025-12-16", "location": "Estacada, OR 97023, USA", "elevation": 544.0, "land_cover_label": "Tree cover", "water_mask": false, "exclude_reason": "keep", "ndvi": null, "soil_moisture": null, "solar_exposure": null, "wind_exposure": null, "water_retention": null, "slope": null, "aspect": null, "num_identification_agreements": 1, "cluster": 0, "tavg": null, "tmin": 11.0, "tmax": 16.0, "prcp_d0": 0.0, "prcp_d1": 21.037437438964844, "prcp_d2": 0.0, "prcp_d3": 0.0, "prcp_d4": 0.0, "prcp_d5": 0.0, "prcp_d6": 0.0, "tmax_d0": null, "tmax_d1": null, "tmax_d2": null, "tmax_d3": null, "tmax_d4": null, "tmax_d5": null, "tmax_d6": null, "tmin_d0": null, "tmin_d1": null, "tmin_d2": null, "tmin_d3": null, "tmin_d4": null, "tmin_d5": null, "tmin_d6": null, "day_of_year": 350, "uuid": "d98e35c5-20e2-4d17-9086-fc8e09ace5c5", "inat_id": 331265994}}, {"type": "Feature", "geometry": {"type": "Point", "coordinates": [-122.0715333333, 45.298255]}, "properties": {"species": "Craterellus tubaeformis", "date": "2025-12-24", "location": "Clackamas County, US-OR, US", "elevation": 1014.0, "land_cover_label": "Tree cover", "water_mask": false, "exclude_reason": "keep", "ndvi": null, "soil_moisture": null, "solar_exposure": null, "wind_exposure": null, "water_retention": null, "slope": null, "aspect": null, "num_identification_agreements": 1, "cluster": 2, "tavg": null, "tmin": 5.0, "tmax": 11.0, "prcp_d0": 7.724045753479004, "prcp_d1": 0.0, "prcp_d2": 0.0, "prcp_d3": 30.896183013916016, "prcp_d4": 0.0, "prcp_d5": 87.51982879638672, "prcp_d6": 87.51982879638672, "tmax_d0": null, "tmax_d1": null, "tmax_d2": null, "tmax_d3": null, "tmax_d4": null, "tmax_d5": null, "tmax_d6": null, "tmin_d0": null, "tmin_d1": null, "tmin_d2": null, "tmin_d3": null, "tmin_d4": null, "tmin_d5": null, "tmin_d6": null, "day_of_year": 358, "uuid": "5b10024a-948a-412e-91df-1636551bcbde", "inat_id": 350833383}}, {"type": "Feature", "geometry": {"type": "Point", "coordinates": [-121.8507012164, 45.3998681489]}, "properties": {"species": "Craterellus tubaeformis", "date": "2025-12-25", "location": "Zigzag Ranger Station, Rhododendron, OR, US", "elevation": 762.0, "land_cover_label": "Tree cover", "water_mask": false, "exclude_reason": "keep", "ndvi": null, "soil_moisture": null, "solar_exposure": null, "wind_exposure": null, "water_retention": null, "slope": null, "aspect": null, "num_identification_agreements": 1, "cluster": 2, "tavg": null, "tmin": 2.0, "tmax": 5.0, "prcp_d0": 9.66462230682373, "prcp_d1": 14.49693489074707, "prcp_d2": 4.832311153411865, "prcp_d3": 0.0, "prcp_d4": 19.32924461364746, "prcp_d5": 0.0, "prcp_d6": 71.51301574707031, "tmax_d0": null, "tmax_d1": null, "tmax_d2": null, "tmax_d3": null, "tmax_d4": null, "tmax_d5": null, "tmax_d6": null, "tmin_d0": null, "tmin_d1": null, "tmin_d2": null, "tmin_d3": null, "tmin_d4": null, "tmin_d5": null, "tmin_d6": null, "day_of_year": 359, "uuid": "1555b06c-afc9-4ad7-8148-3e72bda1168f", "inat_id": 332095788}}, {"type": "Feature", "geometry": {"type": "Point", "coordinates": [-121.87605, 45.38306]}, "properties": {"species": "Craterellus tubaeformis", "date": "2025-12-28", "location": "Clackamas County, OR, USA", "elevation": 613.0, "land_cover_label": "Tree cover", "water_mask": false, "exclude_reason": "keep", "ndvi": null, "soil_moisture": null, "solar_exposure": null, "wind_exposure": null, "water_retention": null, "slope": null, "aspect": null, "num_identification_agreements": 1, "cluster": 0, "tavg": null, "tmin": 1.0, "tmax": 4.0, "prcp_d0": 0.0, "prcp_d1": 0.0, "prcp_d2": 19.53013801574707, "prcp_d3": 9.66462230682373, "prcp_d4": 14.49693489074707, "prcp_d5": 4.832311153411865, "prcp_d6": 0.0, "tmax_d0": null, "tmax_d1": null, "tmax_d2": null, "tmax_d3": null, "tmax_d4": null, "tmax_d5": null, "tmax_d6": null, "tmin_d0": null, "tmin_d1": null, "tmin_d2": null, "tmin_d3": null, "tmin_d4": null, "tmin_d5": null, "tmin_d6": null, "day_of_year": 362, "uuid": "128667d3-0125-4c75-98a9-787f13bcdc94", "inat_id": 332553438}}, {"type": "Feature", "geometry": {"type": "Point", "coordinates": [-122.0109289788, 45.539292564]}, "properties": {"species": "Craterellus tubaeformis", "date": "2025-12-30", "location": "Oregon, US", "elevation": 942.0, "land_cover_label": "Tree cover", "water_mask": false, "exclude_reason": "keep", "ndvi": null, "soil_moisture": null, "solar_exposure": null, "wind_exposure": null, "water_retention": null, "slope": null, "aspect": null, "num_identification_agreements": 1, "cluster": 2, "tavg": null, "tmin": 3.0, "tmax": 7.0, "prcp_d0": 0.0, "prcp_d1": 0.0, "prcp_d2": 0.0, "prcp_d3": 0.0, "prcp_d4": 19.27609634399414, "prcp_d5": 15.144673347473145, "prcp_d6": 15.144673347473145, "tmax_d0": null, "tmax_d1": null, "tmax_d2": null, "tmax_d3": null, "tmax_d4": null, "tmax_d5": null, "tmax_d6": null, "tmin_d0": null, "tmin_d1": null, "tmin_d2": null, "tmin_d3": null, "tmin_d4": null, "tmin_d5": null, "tmin_d6": null, "day_of_year": 364, "uuid": "3620f8b6-940d-4161-aa42-87ceeace8c8c", "inat_id": 332786185}}, {"type": "Feature", "geometry": {"type": "Point", "coordinates": [-121.7847133103, 45.3010086504]}, "properties": {"species": "Craterellus tubaeformis", "date": "2026-01-04", "location": "Clackamas County, OR, USA", "elevation": 1126.0, "land_cover_label": "Tree cover", "water_mask": false, "exclude_reason": "keep", "ndvi": null, "soil_moisture": null, "solar_exposure": null, "wind_exposure": null, "water_retention": null, "slope": null, "aspect": null, "num_identification_agreements": 1, "cluster": 1, "tavg": null, "tmin": 2.0, "tmax": 10.0, "prcp_d0": 48.15621566772461, "prcp_d1": 24.078107833862305, "prcp_d2": 0.0, "prcp_d3": 0.0, "prcp_d4": 0.0, "prcp_d5": 0.0, "prcp_d6": 11.07103157043457, "tmax_d0": null, "tmax_d1": null, "tmax_d2": null, "tmax_d3": null, "tmax_d4": null, "tmax_d5": null, "tmax_d6": null, "tmin_d0": null, "tmin_d1": null, "tmin_d2": null, "tmin_d3": null, "tmin_d4": null, "tmin_d5": null, "tmin_d6": null, "day_of_year": 4, "uuid": "d7affcc2-ba86-44c9-a21c-2ee60898827e", "inat_id": 334441392}}, {"type": "Feature", "geometry": {"type": "Point", "coordinates": [-121.879529, 45.32002145]}, "properties": {"species": "Craterellus tubaeformis", "date": "2026-01-12", "location": "Mt. Hood Park Division Recreation Area, Rhododendron, OR, US", "elevation": 807.0, "land_cover_label": "Tree cover", "water_mask": false, "exclude_reason": "keep", "ndvi": null, "soil_moisture": null, "solar_exposure": null, "wind_exposure": null, "water_retention": null, "slope": null, "aspect": null, "num_identification_agreements": 1, "cluster": 2, "tavg": null, "tmin": 0.0, "tmax": 11.0, "prcp_d0": 0.0, "prcp_d1": 0.0, "prcp_d2": 0.0, "prcp_d3": 0.0, "prcp_d4": 0.0, "prcp_d5": 45.09134292602539, "prcp_d6": 0.0, "tmax_d0": null, "tmax_d1": null, "tmax_d2": null, "tmax_d3": null, "tmax_d4": null, "tmax_d5": null, "tmax_d6": null, "tmin_d0": null, "tmin_d1": null, "tmin_d2": null, "tmin_d3": null, "tmin_d4": null, "tmin_d5": null, "tmin_d6": null, "day_of_year": 12, "uuid": "e528db35-a999-4f1e-ac13-88c342989afc", "inat_id": 334545102}}, {"type": "Feature", "geometry": {"type": "Point", "coordinates": [-122.4069401269, 44.8270198246]}, "properties": {"species": "Craterellus tubaeformis", "date": "2026-01-15", "location": "Oregon, US", "elevation": 539.0, "land_cover_label": "Tree cover", "water_mask": false, "exclude_reason": "keep", "ndvi": null, "soil_moisture": null, "solar_exposure": null, "wind_exposure": null, "water_retention": null, "slope": null, "aspect": null, "num_identification_agreements": 1, "cluster": 0, "tavg": null, "tmin": 4.4, "tmax": 13.3, "prcp_d0": 0.0, "prcp_d1": 0.0, "prcp_d2": 0.0, "prcp_d3": 0.0, "prcp_d4": 0.0, "prcp_d5": 20.088903427124023, "prcp_d6": 0.0, "tmax_d0": null, "tmax_d1": null, "tmax_d2": null, "tmax_d3": null, "tmax_d4": null, "tmax_d5": null, "tmax_d6": null, "tmin_d0": null, "tmin_d1": null, "tmin_d2": null, "tmin_d3": null, "tmin_d4": null, "tmin_d5": null, "tmin_d6": null, "day_of_year": 15, "uuid": "bf1d8fbe-fdeb-4481-b4a6-04402674fb56", "inat_id": 334911492}}, {"type": "Feature", "geometry": {"type": "Point", "coordinates": [-122.4742898644, 44.8128479217]}, "properties": {"species": "Craterellus tubaeformis", "date": "2026-01-15", "location": "Oregon, US", "elevation": 574.0, "land_cover_label": "Tree cover", "water_mask": false, "exclude_reason": "keep", "ndvi": null, "soil_moisture": null, "solar_exposure": null, "wind_exposure": null, "water_retention": null, "slope": null, "aspect": null, "num_identification_agreements": 1, "cluster": 0, "tavg": null, "tmin": 4.4, "tmax": 13.3, "prcp_d0": 0.0, "prcp_d1": 0.0, "prcp_d2": 0.0, "prcp_d3": 0.0, "prcp_d4": 0.0, "prcp_d5": 23.309953689575195, "prcp_d6": 0.0, "tmax_d0": null, "tmax_d1": null, "tmax_d2": null, "tmax_d3": null, "tmax_d4": null, "tmax_d5": null, "tmax_d6": null, "tmin_d0": null, "tmin_d1": null, "tmin_d2": null, "tmin_d3": null, "tmin_d4": null, "tmin_d5": null, "tmin_d6": null, "day_of_year": 15, "uuid": "ba9df99d-7ecd-4bd9-8872-efeb9236cb12", "inat_id": 334911644}}, {"type": "Feature", "geometry": {"type": "Point", "coordinates": [-121.8177339302, 45.3125658781]}, "properties": {"species": "Craterellus tubaeformis", "date": "2026-01-19", "location": "Mt. Hood Park Division Recreation Area, Government Camp, OR, US", "elevation": 880.0, "land_cover_label": "Tree cover", "water_mask": false, "exclude_reason": "keep", "ndvi": null, "soil_moisture": null, "solar_exposure": null, "wind_exposure": null, "water_retention": null, "slope": null, "aspect": null, "num_identification_agreements": 1, "cluster": 0, "tavg": null, "tmin": 0.0, "tmax": 3.2, "prcp_d0": 0.0, "prcp_d1": 0.0, "prcp_d2": 0.0, "prcp_d3": 0.0, "prcp_d4": 0.0, "prcp_d5": 0.0, "prcp_d6": 0.0, "tmax_d0": null, "tmax_d1": null, "tmax_d2": null, "tmax_d3": null, "tmax_d4": null, "tmax_d5": null, "tmax_d6": null, "tmin_d0": null, "tmin_d1": null, "tmin_d2": null, "tmin_d3": null, "tmin_d4": null, "tmin_d5": null, "tmin_d6": null, "day_of_year": 19, "uuid": "c549f278-d680-45c7-935f-68a384b9e3b1", "inat_id": 335879361}}, {"type": "Feature", "geometry": {"type": "Point", "coordinates": [-122.1161331126, 45.2396052246]}, "properties": {"species": "Craterellus tubaeformis", "date": "2026-04-19", "location": "Clackamas County, OR, USA", "elevation": 1033.0, "land_cover_label": "Tree cover", "water_mask": false, "exclude_reason": "keep", "ndvi": null, "soil_moisture": null, "solar_exposure": null, "wind_exposure": null, "water_retention": null, "slope": null, "aspect": null, "num_identification_agreements": 1, "cluster": 0, "tavg": null, "tmin": 14.4, "tmax": 23.3, "prcp_d0": 0.0, "prcp_d1": 0.0, "prcp_d2": 0.0, "prcp_d3": 0.0, "prcp_d4": 11.765926361083984, "prcp_d5": 0.0, "prcp_d6": 0.0, "tmax_d0": null, "tmax_d1": null, "tmax_d2": null, "tmax_d3": null, "tmax_d4": null, "tmax_d5": null, "tmax_d6": null, "tmin_d0": null, "tmin_d1": null, "tmin_d2": null, "tmin_d3": null, "tmin_d4": null, "tmin_d5": null, "tmin_d6": null, "day_of_year": 109, "uuid": "3371e723-8758-4912-bba0-38092eb4a3aa", "inat_id": 351362642}}]}