{"type": "FeatureCollection", "features": [{"type": "Feature", "geometry": {"type": "Point", "coordinates": [-105.793, 35.81725]}, "properties": {"species": "Flammulina populicola", "date": "2008-08-18", "location": "Windsor Trail, Pecos Wilderness, Santa Fe, New Mexico, USA", "elevation": 2902.0, "land_cover_label": "Tree cover", "water_mask": false, "exclude_reason": "keep", "ndvi": null, "soil_moisture": null, "solar_exposure": null, "wind_exposure": null, "water_retention": null, "slope": null, "aspect": null, "num_identification_agreements": 2, "cluster": 0, "tavg": null, "tmin": 8.3, "tmax": 27.2, "prcp_d0": 0.0, "prcp_d1": 0.0, "prcp_d2": 0.0, "prcp_d3": 0.0, "prcp_d4": 0.0, "prcp_d5": 0.0, "prcp_d6": 0.0, "tmax_d0": 15.9, "tmax_d1": 15.2, "tmax_d2": 17.5, "tmax_d3": 20.3, "tmax_d4": 21.6, "tmax_d5": 22.1, "tmax_d6": 21.3, "tmin_d0": 5.1, "tmin_d1": 8.0, "tmin_d2": 8.9, "tmin_d3": 8.4, "tmin_d4": 9.4, "tmin_d5": 11.0, "tmin_d6": 9.7, "day_of_year": 231, "uuid": "a031d9a6-0c10-4aea-be85-9de957dab4d1", "inat_id": 60663048}}, {"type": "Feature", "geometry": {"type": "Point", "coordinates": [-106.426, 35.83395]}, "properties": {"species": "Flammulina populicola", "date": "2008-08-19", "location": "Jemez Mountains, Los Alamos, New Mexico, USA", "elevation": 2659.0, "land_cover_label": "Tree cover", "water_mask": false, "exclude_reason": "keep", "ndvi": null, "soil_moisture": null, "solar_exposure": null, "wind_exposure": null, "water_retention": null, "slope": null, "aspect": null, "num_identification_agreements": 1, "cluster": 0, "tavg": null, "tmin": 12.0, "tmax": 24.0, "prcp_d0": 0.0, "prcp_d1": 0.0, "prcp_d2": 0.0, "prcp_d3": 0.0, "prcp_d4": 0.0, "prcp_d5": 0.0, "prcp_d6": 0.0, "tmax_d0": 20.7, "tmax_d1": 18.6, "tmax_d2": 17.3, "tmax_d3": 19.4, "tmax_d4": 22.9, "tmax_d5": 23.7, "tmax_d6": 23.4, "tmin_d0": 6.9, "tmin_d1": 5.8, "tmin_d2": 9.5, "tmin_d3": 9.7, "tmin_d4": 9.7, "tmin_d5": 8.6, "tmin_d6": 9.2, "day_of_year": 232, "uuid": "950449ba-61c8-4710-857e-9db87ae015e8", "inat_id": 60663712}}, {"type": "Feature", "geometry": {"type": "Point", "coordinates": [-105.6438286, 39.5883005]}, "properties": {"species": "Flammulina populicola", "date": "2008-09-05", "location": "Mt Evans, Colorado 80439, USA", "elevation": 4276.0, "land_cover_label": "Bare / sparse vegetation", "water_mask": false, "exclude_reason": "keep", "ndvi": null, "soil_moisture": 0.3166057715898876, "solar_exposure": 0.500953197479248, "wind_exposure": 0.7790701985359192, "water_retention": 0.1712114661931991, "slope": 27.587438583374023, "aspect": 326.20703125, "num_identification_agreements": 1, "cluster": 0, "tavg": null, "tmin": null, "tmax": null, "prcp_d0": 0.0, "prcp_d1": 0.0, "prcp_d2": 0.0, "prcp_d3": 0.0, "prcp_d4": 0.0, "prcp_d5": 0.0, "prcp_d6": 0.0, "tmax_d0": 5.2, "tmax_d1": 6.7, "tmax_d2": 8.0, "tmax_d3": 8.4, "tmax_d4": 11.9, "tmax_d5": 10.8, "tmax_d6": 11.9, "tmin_d0": -5.8, "tmin_d1": -6.5, "tmin_d2": -5.1, "tmin_d3": -2.5, "tmin_d4": -2.6, "tmin_d5": -1.7, "tmin_d6": -2.5, "day_of_year": 249, "uuid": "50ed9e67-36b1-4e1b-8776-71dde4616449", "inat_id": 146559823}}, {"type": "Feature", "geometry": {"type": "Point", "coordinates": [-107.836, 37.9421]}, "properties": {"species": "Flammulina populicola", "date": "2014-08-15", "location": "Telluride, Colorado, USA", "elevation": 2652.0, "land_cover_label": "Grassland", "water_mask": false, "exclude_reason": "keep", "ndvi": null, "soil_moisture": null, "solar_exposure": null, "wind_exposure": null, "water_retention": null, "slope": null, "aspect": null, "num_identification_agreements": 2, "cluster": 0, "tavg": null, "tmin": null, "tmax": null, "prcp_d0": 0.0, "prcp_d1": 0.0, "prcp_d2": 0.0, "prcp_d3": 0.0, "prcp_d4": 0.0, "prcp_d5": 0.0, "prcp_d6": 0.0, "tmax_d0": 21.8, "tmax_d1": 19.0, "tmax_d2": 21.1, "tmax_d3": 21.6, "tmax_d4": 21.8, "tmax_d5": 22.8, "tmax_d6": 21.5, "tmin_d0": 7.9, "tmin_d1": 10.6, "tmin_d2": 10.0, "tmin_d3": 9.0, "tmin_d4": 8.3, "tmin_d5": 6.2, "tmin_d6": 7.2, "day_of_year": 227, "uuid": "d095404c-a380-471e-b60a-b69fc6a21652", "inat_id": 4747242}}, {"type": "Feature", "geometry": {"type": "Point", "coordinates": [-105.8517913266, 39.7032727743]}, "properties": {"species": "Flammulina populicola", "date": "2015-07-21", "location": "Clear Creek County, CO, USA", "elevation": 3161.0, "land_cover_label": "Tree cover", "water_mask": false, "exclude_reason": "keep", "ndvi": null, "soil_moisture": 0.3633145800755098, "solar_exposure": 0.9761375784873962, "wind_exposure": 0.2641844451427459, "water_retention": 0.1742492616176605, "slope": 18.417409896850582, "aspect": 186.10964965820312, "num_identification_agreements": 1, "cluster": 0, "tavg": null, "tmin": 7.0, "tmax": 12.0, "prcp_d0": 14.221614837646484, "prcp_d1": 0.0, "prcp_d2": 0.0, "prcp_d3": 0.0, "prcp_d4": 0.0, "prcp_d5": 0.0, "prcp_d6": 0.0, "tmax_d0": 15.1, "tmax_d1": 18.4, "tmax_d2": 14.5, "tmax_d3": 17.9, "tmax_d4": 18.3, "tmax_d5": 17.4, "tmax_d6": 16.2, "tmin_d0": 4.3, "tmin_d1": 4.5, "tmin_d2": 5.1, "tmin_d3": 3.8, "tmin_d4": 3.5, "tmin_d5": 2.3, "tmin_d6": 2.9, "day_of_year": 202, "uuid": "9a7a3355-b35b-4107-b714-45b7418f62f7", "inat_id": 14397299}}, {"type": "Feature", "geometry": {"type": "Point", "coordinates": [-107.505, 37.4471]}, "properties": {"species": "Flammulina populicola", "date": "2016-08-12", "location": "Pine River Campground, Bayfield, Colorado, USA", "elevation": 2426.0, "land_cover_label": "Grassland", "water_mask": false, "exclude_reason": "keep", "ndvi": null, "soil_moisture": null, "solar_exposure": null, "wind_exposure": null, "water_retention": null, "slope": null, "aspect": null, "num_identification_agreements": 2, "cluster": 2, "tavg": null, "tmin": 9.4, "tmax": 28.3, "prcp_d0": 0.0, "prcp_d1": 0.0, "prcp_d2": 0.0, "prcp_d3": 0.0, "prcp_d4": 0.0, "prcp_d5": 0.0, "prcp_d6": 34.21919631958008, "tmax_d0": 24.9, "tmax_d1": 22.3, "tmax_d2": 23.6, "tmax_d3": 23.7, "tmax_d4": 23.9, "tmax_d5": 23.2, "tmax_d6": 21.4, "tmin_d0": 7.8, "tmin_d1": 8.9, "tmin_d2": 10.0, "tmin_d3": 10.5, "tmin_d4": 9.6, "tmin_d5": 9.2, "tmin_d6": 10.5, "day_of_year": 225, "uuid": "a6411fcd-3371-4994-9017-d97902556248", "inat_id": 7002109}}, {"type": "Feature", "geometry": {"type": "Point", "coordinates": [-105.447455, 39.6764716667]}, "properties": {"species": "Flammulina populicola", "date": "2018-08-09", "location": "80439, Evergreen, CO, US", "elevation": 2793.0, "land_cover_label": "Tree cover", "water_mask": false, "exclude_reason": "keep", "ndvi": null, "soil_moisture": 0.391796896744121, "solar_exposure": 0.740466296672821, "wind_exposure": 0.2936769723892212, "water_retention": 0.3432949185371399, "slope": 8.48989486694336, "aspect": 10.949390411376951, "num_identification_agreements": 1, "cluster": 0, "tavg": null, "tmin": 14.0, "tmax": 31.0, "prcp_d0": 0.0, "prcp_d1": 0.0, "prcp_d2": 0.0, "prcp_d3": 0.0, "prcp_d4": 0.0, "prcp_d5": 0.0, "prcp_d6": 0.0, "tmax_d0": 19.9, "tmax_d1": 18.0, "tmax_d2": 19.1, "tmax_d3": 18.8, "tmax_d4": 20.7, "tmax_d5": 22.5, "tmax_d6": 20.6, "tmin_d0": 5.5, "tmin_d1": 5.0, "tmin_d2": 5.5, "tmin_d3": 6.1, "tmin_d4": 7.8, "tmin_d5": 7.4, "tmin_d6": 10.2, "day_of_year": 221, "uuid": "2db8319b-9614-43a4-a32e-096bf6718106", "inat_id": 15375101}}, {"type": "Feature", "geometry": {"type": "Point", "coordinates": [-105.1688583803, 38.9723512919]}, "properties": {"species": "Flammulina populicola", "date": "2018-08-12", "location": "Teller County, US-CO, US", "elevation": 2795.0, "land_cover_label": "Tree cover", "water_mask": false, "exclude_reason": "keep", "ndvi": null, "soil_moisture": null, "solar_exposure": null, "wind_exposure": null, "water_retention": null, "slope": null, "aspect": null, "num_identification_agreements": 1, "cluster": 0, "tavg": null, "tmin": 7.3, "tmax": 26.3, "prcp_d0": 0.0, "prcp_d1": 0.0, "prcp_d2": 0.0, "prcp_d3": 0.0, "prcp_d4": 0.0, "prcp_d5": 8.525643348693848, "prcp_d6": 0.0, "tmax_d0": 23.4, "tmax_d1": 23.0, "tmax_d2": 20.0, "tmax_d3": 21.4, "tmax_d4": 20.7, "tmax_d5": 21.6, "tmax_d6": 21.3, "tmin_d0": 8.5, "tmin_d1": 8.4, "tmin_d2": 9.3, "tmin_d3": 9.0, "tmin_d4": 10.0, "tmin_d5": 8.9, "tmin_d6": 10.0, "day_of_year": 224, "uuid": "c91b3f5d-dc58-45af-8ca3-bcb7dd07f23e", "inat_id": 15357842}}, {"type": "Feature", "geometry": {"type": "Point", "coordinates": [-107.8077640012, 37.9355034453]}, "properties": {"species": "Flammulina populicola", "date": "2018-08-15", "location": "500 E Colorado Ave, Telluride, CO 81320, USA", "elevation": 2673.0, "land_cover_label": "Tree cover", "water_mask": false, "exclude_reason": "keep", "ndvi": null, "soil_moisture": null, "solar_exposure": null, "wind_exposure": null, "water_retention": null, "slope": null, "aspect": null, "num_identification_agreements": 3, "cluster": 0, "tavg": null, "tmin": 12.0, "tmax": 21.0, "prcp_d0": 0.0, "prcp_d1": 0.0, "prcp_d2": 0.0, "prcp_d3": 0.0, "prcp_d4": 0.0, "prcp_d5": 0.0, "prcp_d6": 0.0, "tmax_d0": 21.6, "tmax_d1": 23.4, "tmax_d2": 24.0, "tmax_d3": 24.8, "tmax_d4": 24.3, "tmax_d5": 23.4, "tmax_d6": 25.0, "tmin_d0": 8.9, "tmin_d1": 10.0, "tmin_d2": 7.6, "tmin_d3": 8.3, "tmin_d4": 6.1, "tmin_d5": 9.2, "tmin_d6": 7.9, "day_of_year": 227, "uuid": "1c65c4c1-8b0d-44c5-b491-8e0b5ad81ddd", "inat_id": 15586084}}, {"type": "Feature", "geometry": {"type": "Point", "coordinates": [-107.836, 37.9421]}, "properties": {"species": "Flammulina populicola", "date": "2018-08-18", "location": "Telluride, Colorado, USA", "elevation": 2652.0, "land_cover_label": "Grassland", "water_mask": false, "exclude_reason": "keep", "ndvi": null, "soil_moisture": null, "solar_exposure": null, "wind_exposure": null, "water_retention": null, "slope": null, "aspect": null, "num_identification_agreements": 2, "cluster": 0, "tavg": null, "tmin": 11.0, "tmax": 21.0, "prcp_d0": 1.8666332960128784, "prcp_d1": 4.325623989105225, "prcp_d2": 7.511468410491943, "prcp_d3": 0.0, "prcp_d4": 0.0, "prcp_d5": 0.0, "prcp_d6": 0.0, "tmax_d0": 20.6, "tmax_d1": 20.9, "tmax_d2": 22.4, "tmax_d3": 21.7, "tmax_d4": 23.5, "tmax_d5": 24.1, "tmax_d6": 24.9, "tmin_d0": 8.3, "tmin_d1": 7.7, "tmin_d2": 8.2, "tmin_d3": 9.0, "tmin_d4": 10.1, "tmin_d5": 7.7, "tmin_d6": 8.4, "day_of_year": 230, "uuid": "92063985-f50a-4a60-80d3-529f395ad5c5", "inat_id": 40349084}}, {"type": "Feature", "geometry": {"type": "Point", "coordinates": [-105.1687671425, 38.9725135531]}, "properties": {"species": "Flammulina populicola", "date": "2018-08-20", "location": "Teller County, US-CO, US", "elevation": 2795.0, "land_cover_label": "Tree cover", "water_mask": false, "exclude_reason": "keep", "ndvi": null, "soil_moisture": null, "solar_exposure": null, "wind_exposure": null, "water_retention": null, "slope": null, "aspect": null, "num_identification_agreements": 1, "cluster": 0, "tavg": null, "tmin": 6.8, "tmax": 22.3, "prcp_d0": 0.0031418711878359, "prcp_d1": 0.1931193768978119, "prcp_d2": 4.100345611572266, "prcp_d3": 3.8618884086608887, "prcp_d4": 0.3765204548835754, "prcp_d5": 5.41730546951294, "prcp_d6": 5.41730546951294, "tmax_d0": 20.7, "tmax_d1": 16.0, "tmax_d2": 20.7, "tmax_d3": 22.4, "tmax_d4": 22.4, "tmax_d5": 21.8, "tmax_d6": 21.3, "tmin_d0": 5.7, "tmin_d1": 6.8, "tmin_d2": 11.1, "tmin_d3": 11.6, "tmin_d4": 12.9, "tmin_d5": 9.7, "tmin_d6": 8.8, "day_of_year": 232, "uuid": "b1215f72-38e8-4b19-85e3-36a5ef04447c", "inat_id": 15747196}}, {"type": "Feature", "geometry": {"type": "Point", "coordinates": [-105.5901282, 35.9325152999]}, "properties": {"species": "Flammulina populicola", "date": "2018-08-20", "location": "Mora, New Mexico, United States", "elevation": 3073.0, "land_cover_label": "Tree cover", "water_mask": false, "exclude_reason": "keep", "ndvi": null, "soil_moisture": null, "solar_exposure": null, "wind_exposure": null, "water_retention": null, "slope": null, "aspect": null, "num_identification_agreements": 2, "cluster": 0, "tavg": null, "tmin": null, "tmax": null, "prcp_d0": 0.3425678014755249, "prcp_d1": 0.629478931427002, "prcp_d2": 3.361030101776123, "prcp_d3": 5.832240104675293, "prcp_d4": 1.6230932474136353, "prcp_d5": 0.0, "prcp_d6": 0.0, "tmax_d0": 19.1, "tmax_d1": 19.2, "tmax_d2": 18.2, "tmax_d3": 16.8, "tmax_d4": 19.8, "tmax_d5": 20.0, "tmax_d6": 19.9, "tmin_d0": 7.7, "tmin_d1": 6.0, "tmin_d2": 8.3, "tmin_d3": 6.4, "tmin_d4": 8.8, "tmin_d5": 6.4, "tmin_d6": 9.1, "day_of_year": 232, "uuid": "75cdd570-4b03-462f-bb03-d8c36979aaca", "inat_id": 16924752}}, {"type": "Feature", "geometry": {"type": "Point", "coordinates": [-105.805361867, 39.4829703909]}, "properties": {"species": "Flammulina populicola", "date": "2020-07-30", "location": "Hall Valley Campground", "elevation": 3002.0, "land_cover_label": "Grassland", "water_mask": false, "exclude_reason": "keep", "ndvi": null, "soil_moisture": 0.3791913409541391, "solar_exposure": 0.9309567213058472, "wind_exposure": 0.2029859870672226, "water_retention": 0.2727858126163482, "slope": 10.92730712890625, "aspect": 197.08041381835932, "num_identification_agreements": 2, "cluster": 0, "tavg": null, "tmin": null, "tmax": null, "prcp_d0": 0.0, "prcp_d1": 0.0, "prcp_d2": 0.0, "prcp_d3": 0.0, "prcp_d4": 28.583158493041992, "prcp_d5": 0.0, "prcp_d6": 0.0, "tmax_d0": 17.9, "tmax_d1": 18.9, "tmax_d2": 16.2, "tmax_d3": 18.6, "tmax_d4": 18.4, "tmax_d5": 16.4, "tmax_d6": 19.7, "tmin_d0": 4.4, "tmin_d1": 3.8, "tmin_d2": 5.6, "tmin_d3": 6.6, "tmin_d4": 7.3, "tmin_d5": 7.2, "tmin_d6": 9.0, "day_of_year": 212, "uuid": "f6ce5b5f-ecde-4c7f-be58-54d3356304ea", "inat_id": 55320544}}, {"type": "Feature", "geometry": {"type": "Point", "coordinates": [-105.0306997987, 39.1413320255]}, "properties": {"species": "Flammulina populicola", "date": "2020-08-01", "location": "Colorado, US", "elevation": 2770.0, "land_cover_label": "Tree cover", "water_mask": false, "exclude_reason": "keep", "ndvi": null, "soil_moisture": 0.2528906040845296, "solar_exposure": 0.8303731083869934, "wind_exposure": 0.3727926015853882, "water_retention": 0.224755123257637, "slope": 4.501165390014648, "aspect": 277.9263610839844, "num_identification_agreements": 2, "cluster": 0, "tavg": null, "tmin": 9.6, "tmax": 30.0, "prcp_d0": 2.5933401584625244, "prcp_d1": 0.0, "prcp_d2": 0.0, "prcp_d3": 0.0, "prcp_d4": 0.0, "prcp_d5": 0.0, "prcp_d6": 0.0, "tmax_d0": 22.7, "tmax_d1": 20.6, "tmax_d2": 21.9, "tmax_d3": 22.7, "tmax_d4": 18.9, "tmax_d5": 17.8, "tmax_d6": 19.3, "tmin_d0": 8.7, "tmin_d1": 7.9, "tmin_d2": 8.4, "tmin_d3": 9.6, "tmin_d4": 10.3, "tmin_d5": 8.6, "tmin_d6": 11.1, "day_of_year": 214, "uuid": "0b8e8786-2d4a-48f0-b17b-6cbeaa5f41e6", "inat_id": 56104187}}, {"type": "Feature", "geometry": {"type": "Point", "coordinates": [-105.55906675, 39.7379226667]}, "properties": {"species": "Flammulina populicola", "date": "2021-08-04", "location": "Idaho Springs, CO 80452, USA", "elevation": 2631.0, "land_cover_label": "Tree cover", "water_mask": false, "exclude_reason": "keep", "ndvi": null, "soil_moisture": 0.4134717821263439, "solar_exposure": 0.922845423221588, "wind_exposure": 0.3133299350738525, "water_retention": 0.1669792979955673, "slope": 10.506250381469728, "aspect": 155.13807678222656, "num_identification_agreements": 2, "cluster": 1, "tavg": null, "tmin": 16.0, "tmax": 28.0, "prcp_d0": 0.0, "prcp_d1": 37.13694763183594, "prcp_d2": 0.0, "prcp_d3": 0.0, "prcp_d4": 19.228736877441406, "prcp_d5": 9.614368438720703, "prcp_d6": 4.807184219360352, "tmax_d0": 19.0, "tmax_d1": 18.3, "tmax_d2": 20.2, "tmax_d3": 18.3, "tmax_d4": 18.0, "tmax_d5": 24.0, "tmax_d6": 24.6, "tmin_d0": 7.8, "tmin_d1": 10.4, "tmin_d2": 6.2, "tmin_d3": 9.2, "tmin_d4": 10.6, "tmin_d5": 9.5, "tmin_d6": 10.3, "day_of_year": 216, "uuid": "74c769fa-141f-4e8f-95fb-7f2fbc8184ce", "inat_id": 91821263}}, {"type": "Feature", "geometry": {"type": "Point", "coordinates": [-105.9294148, 39.992821]}, "properties": {"species": "Flammulina populicola", "date": "2021-08-14", "location": "Grand Lake, CO 80447, USA", "elevation": 2677.0, "land_cover_label": "Bare / sparse vegetation", "water_mask": false, "exclude_reason": "keep", "ndvi": null, "soil_moisture": 0.253430170092626, "solar_exposure": 0.856143593788147, "wind_exposure": 0.3336271047592163, "water_retention": 0.3271591663360595, "slope": 1.9746628999710083, "aspect": 141.9202880859375, "num_identification_agreements": 1, "cluster": 0, "tavg": null, "tmin": 6.0, "tmax": 28.3, "prcp_d0": 0.0, "prcp_d1": 0.0, "prcp_d2": 0.0, "prcp_d3": 0.0, "prcp_d4": 0.0, "prcp_d5": 0.0, "prcp_d6": 0.0, "tmax_d0": 24.9, "tmax_d1": 22.8, "tmax_d2": 24.1, "tmax_d3": 24.4, "tmax_d4": 22.9, "tmax_d5": 23.5, "tmax_d6": 23.1, "tmin_d0": 6.9, "tmin_d1": 7.3, "tmin_d2": 8.1, "tmin_d3": 6.1, "tmin_d4": 6.5, "tmin_d5": 6.9, "tmin_d6": 6.2, "day_of_year": 226, "uuid": "d517a0c4-6188-4b28-aa4e-484fd5454d2c", "inat_id": 91174798}}, {"type": "Feature", "geometry": {"type": "Point", "coordinates": [-104.9801396951, 38.7318103253]}, "properties": {"species": "Flammulina populicola", "date": "2022-07-20", "location": "Colorado Springs, CO 80906, USA", "elevation": 3052.0, "land_cover_label": "Tree cover", "water_mask": false, "exclude_reason": "keep", "ndvi": null, "soil_moisture": null, "solar_exposure": null, "wind_exposure": null, "water_retention": null, "slope": null, "aspect": null, "num_identification_agreements": 1, "cluster": 0, "tavg": null, "tmin": 17.2, "tmax": 31.1, "prcp_d0": 6.686018943786621, "prcp_d1": 4.457345962524414, "prcp_d2": 2.228672981262207, "prcp_d3": 0.0, "prcp_d4": 2.228672981262207, "prcp_d5": 0.0, "prcp_d6": 3.4345998764038086, "tmax_d0": 20.6, "tmax_d1": 22.5, "tmax_d2": 23.7, "tmax_d3": 21.0, "tmax_d4": 21.1, "tmax_d5": 22.3, "tmax_d6": 21.5, "tmin_d0": 11.1, "tmin_d1": 12.3, "tmin_d2": 10.3, "tmin_d3": 11.2, "tmin_d4": 11.6, "tmin_d5": 12.2, "tmin_d6": 11.2, "day_of_year": 201, "uuid": "91a928b4-8780-4cba-9451-2e895f3551a0", "inat_id": 136387535}}, {"type": "Feature", "geometry": {"type": "Point", "coordinates": [-107.41877, 39.31797]}, "properties": {"species": "Flammulina populicola", "date": "2022-08-10", "location": "White River National Forest, Carbondale, CO, US", "elevation": 2993.0, "land_cover_label": "Tree cover", "water_mask": false, "exclude_reason": "keep", "ndvi": null, "soil_moisture": null, "solar_exposure": null, "wind_exposure": null, "water_retention": null, "slope": null, "aspect": null, "num_identification_agreements": 1, "cluster": 0, "tavg": null, "tmin": 11.1, "tmax": 24.0, "prcp_d0": 0.0, "prcp_d1": 0.0, "prcp_d2": 0.0, "prcp_d3": 0.0, "prcp_d4": 4.130755424499512, "prcp_d5": 0.0, "prcp_d6": 0.0, "tmax_d0": 23.9, "tmax_d1": 23.8, "tmax_d2": 22.5, "tmax_d3": 22.0, "tmax_d4": 22.2, "tmax_d5": 21.0, "tmax_d6": 23.2, "tmin_d0": 12.5, "tmin_d1": 10.0, "tmin_d2": 11.1, "tmin_d3": 12.8, "tmin_d4": 11.6, "tmin_d5": 12.9, "tmin_d6": 11.0, "day_of_year": 222, "uuid": "a5addc1b-bf52-4aab-8784-2f89fa20e70f", "inat_id": 134697129}}, {"type": "Feature", "geometry": {"type": "Point", "coordinates": [-105.4431943566, 39.6113569608]}, "properties": {"species": "Flammulina populicola", "date": "2022-08-15", "location": "Ranch Trail, Evergreen, CO, US", "elevation": 2476.0, "land_cover_label": "Tree cover", "water_mask": false, "exclude_reason": "keep", "ndvi": null, "soil_moisture": 0.3156681109189247, "solar_exposure": 0.8318983316421509, "wind_exposure": 0.2629666328430176, "water_retention": 0.2923976480960846, "slope": 3.3043196201324463, "aspect": 79.1623306274414, "num_identification_agreements": 1, "cluster": 0, "tavg": null, "tmin": 3.0, "tmax": 12.9, "prcp_d0": 11.12290859222412, "prcp_d1": 11.12290859222412, "prcp_d2": 0.0, "prcp_d3": 0.0, "prcp_d4": 0.0, "prcp_d5": 0.0, "prcp_d6": 0.0, "tmax_d0": 21.3, "tmax_d1": 26.4, "tmax_d2": 25.0, "tmax_d3": 26.4, "tmax_d4": 27.3, "tmax_d5": 26.2, "tmax_d6": 24.8, "tmin_d0": 11.1, "tmin_d1": 11.9, "tmin_d2": 12.0, "tmin_d3": 12.5, "tmin_d4": 11.8, "tmin_d5": 10.8, "tmin_d6": 10.9, "day_of_year": 227, "uuid": "469a5da2-418a-4ba8-89d3-a8922368295e", "inat_id": 160863593}}, {"type": "Feature", "geometry": {"type": "Point", "coordinates": [-107.90295, 37.8184972222]}, "properties": {"species": "Flammulina populicola", "date": "2022-08-19", "location": "Ophir, CO 81426, USA", "elevation": 3162.0, "land_cover_label": "Tree cover", "water_mask": false, "exclude_reason": "keep", "ndvi": null, "soil_moisture": null, "solar_exposure": null, "wind_exposure": null, "water_retention": null, "slope": null, "aspect": null, "num_identification_agreements": 1, "cluster": 2, "tavg": null, "tmin": 10.0, "tmax": 17.0, "prcp_d0": 0.0, "prcp_d1": 0.0, "prcp_d2": 0.0, "prcp_d3": 0.0, "prcp_d4": 0.0, "prcp_d5": 34.814048767089844, "prcp_d6": 0.0, "tmax_d0": 16.3, "tmax_d1": 19.6, "tmax_d2": 16.1, "tmax_d3": 16.3, "tmax_d4": 17.8, "tmax_d5": 18.4, "tmax_d6": 17.5, "tmin_d0": 6.7, "tmin_d1": 5.3, "tmin_d2": 5.0, "tmin_d3": 6.4, "tmin_d4": 4.4, "tmin_d5": 6.9, "tmin_d6": 5.4, "day_of_year": 231, "uuid": "592617e1-d317-47a2-930d-9b44383b2a99", "inat_id": 131894661}}, {"type": "Feature", "geometry": {"type": "Point", "coordinates": [-107.8800791593, 37.8340483907]}, "properties": {"species": "Flammulina populicola", "date": "2022-08-20", "location": "San Miguel County, US-CO, US", "elevation": 2930.0, "land_cover_label": "Tree cover", "water_mask": false, "exclude_reason": "keep", "ndvi": null, "soil_moisture": null, "solar_exposure": null, "wind_exposure": null, "water_retention": null, "slope": null, "aspect": null, "num_identification_agreements": 1, "cluster": 2, "tavg": null, "tmin": 10.0, "tmax": 17.0, "prcp_d0": 0.0, "prcp_d1": 0.0, "prcp_d2": 0.0, "prcp_d3": 0.0, "prcp_d4": 0.0, "prcp_d5": 0.0, "prcp_d6": 37.34519577026367, "tmax_d0": 14.2, "tmax_d1": 17.9, "tmax_d2": 21.7, "tmax_d3": 17.3, "tmax_d4": 17.8, "tmax_d5": 19.2, "tmax_d6": 19.9, "tmin_d0": 4.0, "tmin_d1": 7.4, "tmin_d2": 6.5, "tmin_d3": 6.4, "tmin_d4": 6.9, "tmin_d5": 6.7, "tmin_d6": 7.0, "day_of_year": 232, "uuid": "7accf763-7df1-49e2-8a9a-ec35d82a73ae", "inat_id": 131908112}}, {"type": "Feature", "geometry": {"type": "Point", "coordinates": [-107.5906966667, 37.3415716667]}, "properties": {"species": "Flammulina populicola", "date": "2022-08-24", "location": "Bayfield, CO, US", "elevation": 2576.0, "land_cover_label": "Tree cover", "water_mask": false, "exclude_reason": "keep", "ndvi": null, "soil_moisture": null, "solar_exposure": null, "wind_exposure": null, "water_retention": null, "slope": null, "aspect": null, "num_identification_agreements": 1, "cluster": 0, "tavg": null, "tmin": 10.6, "tmax": 28.3, "prcp_d0": 0.0, "prcp_d1": 0.0, "prcp_d2": 0.0, "prcp_d3": 0.0, "prcp_d4": 0.0, "prcp_d5": 0.0, "prcp_d6": 0.0, "tmax_d0": 22.4, "tmax_d1": 21.2, "tmax_d2": 19.8, "tmax_d3": 20.1, "tmax_d4": 17.7, "tmax_d5": 20.4, "tmax_d6": 21.5, "tmin_d0": 10.5, "tmin_d1": 9.7, "tmin_d2": 10.4, "tmin_d3": 9.3, "tmin_d4": 10.5, "tmin_d5": 10.9, "tmin_d6": 9.3, "day_of_year": 236, "uuid": "85d77ce7-202e-46ee-9bc1-7f5c4eb028a4", "inat_id": 132215011}}, {"type": "Feature", "geometry": {"type": "Point", "coordinates": [-105.269005, 40.0080333333]}, "properties": {"species": "Flammulina populicola", "date": "2022-09-30", "location": "University of Colorado Boulder, Boulder, CO, US", "elevation": 1650.0, "land_cover_label": "Tree cover", "water_mask": false, "exclude_reason": "keep", "ndvi": null, "soil_moisture": 0.177765738953932, "solar_exposure": 0.8369392156600952, "wind_exposure": 0.3269023299217224, "water_retention": 0.3715266287326813, "slope": 0.5115081071853638, "aspect": 307.4436950683594, "num_identification_agreements": 1, "cluster": 0, "tavg": null, "tmin": 11.0, "tmax": 25.0, "prcp_d0": 8.456263542175293, "prcp_d1": 0.0, "prcp_d2": 0.0, "prcp_d3": 0.0, "prcp_d4": 0.0, "prcp_d5": 0.0, "prcp_d6": 0.0, "tmax_d0": 22.9, "tmax_d1": 26.8, "tmax_d2": 28.0, "tmax_d3": 23.3, "tmax_d4": 24.9, "tmax_d5": 20.8, "tmax_d6": 24.5, "tmin_d0": 9.0, "tmin_d1": 12.6, "tmin_d2": 8.2, "tmin_d3": 10.0, "tmin_d4": 7.5, "tmin_d5": 7.7, "tmin_d6": 7.6, "day_of_year": 273, "uuid": "c9e5e6d5-e880-4342-bada-f988083a9ce0", "inat_id": 137289876}}, {"type": "Feature", "geometry": {"type": "Point", "coordinates": [-107.055825, 39.4386366667]}, "properties": {"species": "Flammulina populicola", "date": "2022-10-05", "location": "White River National Forest, Carbondale, CO, US", "elevation": 2682.0, "land_cover_label": "Grassland", "water_mask": false, "exclude_reason": "keep", "ndvi": null, "soil_moisture": null, "solar_exposure": null, "wind_exposure": null, "water_retention": null, "slope": null, "aspect": null, "num_identification_agreements": 1, "cluster": 0, "tavg": null, "tmin": 1.7, "tmax": 20.0, "prcp_d0": 0.0, "prcp_d1": 0.0, "prcp_d2": 5.838143348693848, "prcp_d3": 11.676286697387695, "prcp_d4": 5.838143348693848, "prcp_d5": 6.112120151519775, "prcp_d6": 2.1528894901275635, "tmax_d0": 14.3, "tmax_d1": 13.2, "tmax_d2": 11.6, "tmax_d3": 13.3, "tmax_d4": 11.5, "tmax_d5": 14.8, "tmax_d6": 17.6, "tmin_d0": -1.0, "tmin_d1": -0.5, "tmin_d2": 0.7, "tmin_d3": 1.6, "tmin_d4": 0.6, "tmin_d5": 3.6, "tmin_d6": 4.9, "day_of_year": 278, "uuid": "0840688e-884d-4308-bd4d-b1f9279ff870", "inat_id": 137656593}}, {"type": "Feature", "geometry": {"type": "Point", "coordinates": [-105.2919820324, 39.9980858642]}, "properties": {"species": "Flammulina populicola", "date": "2023-04-29", "location": "Boulder, CO 80302, USA", "elevation": 1819.0, "land_cover_label": "Tree cover", "water_mask": false, "exclude_reason": "keep", "ndvi": null, "soil_moisture": 0.373983696315405, "solar_exposure": 0.7996601462364197, "wind_exposure": 0.2028971761465072, "water_retention": 0.2127351462841034, "slope": 10.656670570373535, "aspect": 78.35066986083984, "num_identification_agreements": 1, "cluster": 0, "tavg": null, "tmin": 6.0, "tmax": 23.0, "prcp_d0": 0.0, "prcp_d1": 5.410903930664063, "prcp_d2": 5.410903930664063, "prcp_d3": 10.821807861328123, "prcp_d4": 7.534035682678223, "prcp_d5": 2.511345386505127, "prcp_d6": 0.0, "tmax_d0": 19.2, "tmax_d1": 12.5, "tmax_d2": 17.3, "tmax_d3": 11.8, "tmax_d4": 12.9, "tmax_d5": 15.2, "tmax_d6": 10.7, "tmin_d0": 4.9, "tmin_d1": 0.1, "tmin_d2": 2.1, "tmin_d3": 1.5, "tmin_d4": 2.1, "tmin_d5": -2.0, "tmin_d6": -6.0, "day_of_year": 119, "uuid": "c208d349-459b-4d18-aed3-9b91894ec55a", "inat_id": 158967396}}, {"type": "Feature", "geometry": {"type": "Point", "coordinates": [-105.4431603717, 39.6113739912]}, "properties": {"species": "Flammulina populicola", "date": "2023-06-05", "location": "Ranch Trail, Evergreen, CO, US", "elevation": 2476.0, "land_cover_label": "Tree cover", "water_mask": false, "exclude_reason": "keep", "ndvi": null, "soil_moisture": 0.4108017197089165, "solar_exposure": 0.8318983316421509, "wind_exposure": 0.2629666328430176, "water_retention": 0.2923976480960846, "slope": 3.3043196201324463, "aspect": 79.1623306274414, "num_identification_agreements": 2, "cluster": 0, "tavg": null, "tmin": -3.7, "tmax": 4.9, "prcp_d0": 20.774398803710938, "prcp_d1": 0.0, "prcp_d2": 0.0, "prcp_d3": 0.0, "prcp_d4": 0.0, "prcp_d5": 0.0, "prcp_d6": 0.0, "tmax_d0": 13.6, "tmax_d1": 10.8, "tmax_d2": 11.5, "tmax_d3": 14.7, "tmax_d4": 15.1, "tmax_d5": 18.0, "tmax_d6": 19.4, "tmin_d0": 4.3, "tmin_d1": 6.0, "tmin_d2": 4.4, "tmin_d3": 3.6, "tmin_d4": 6.0, "tmin_d5": 4.0, "tmin_d6": 4.6, "day_of_year": 156, "uuid": "748b7271-584a-4659-8a49-d73436915ed3", "inat_id": 165852289}}, {"type": "Feature", "geometry": {"type": "Point", "coordinates": [-105.6377795164, 40.4315677082]}, "properties": {"species": "Flammulina populicola", "date": "2023-06-13", "location": "Larimer County, CO, USA", "elevation": 2919.0, "land_cover_label": "Tree cover", "water_mask": false, "exclude_reason": "keep", "ndvi": null, "soil_moisture": 0.42313907124443, "solar_exposure": 0.6731418371200562, "wind_exposure": 0.2865923345088959, "water_retention": 0.4776007831096649, "slope": 15.42255973815918, "aspect": 323.77471923828125, "num_identification_agreements": 1, "cluster": 3, "tavg": null, "tmin": 3.2, "tmax": 10.1, "prcp_d0": 0.0, "prcp_d1": 15.217714309692385, "prcp_d2": 3.804428577423096, "prcp_d3": 10.67197608947754, "prcp_d4": 14.22930145263672, "prcp_d5": 3.55732536315918, "prcp_d6": 0.0, "tmax_d0": 8.8, "tmax_d1": 9.7, "tmax_d2": 10.4, "tmax_d3": 12.6, "tmax_d4": 14.4, "tmax_d5": 12.6, "tmax_d6": 13.1, "tmin_d0": 0.8, "tmin_d1": -1.5, "tmin_d2": -0.5, "tmin_d3": -0.4, "tmin_d4": 0.9, "tmin_d5": 0.3, "tmin_d6": 0.7, "day_of_year": 164, "uuid": "9ed702e3-3031-46e1-b9ef-0a0b3ebfce60", "inat_id": 169282813}}, {"type": "Feature", "geometry": {"type": "Point", "coordinates": [-107.3866222222, 39.3677527778]}, "properties": {"species": "Flammulina populicola", "date": "2023-08-08", "location": "Glenwood Springs, CO 81601, USA", "elevation": 2881.0, "land_cover_label": "Tree cover", "water_mask": false, "exclude_reason": "keep", "ndvi": null, "soil_moisture": null, "solar_exposure": null, "wind_exposure": null, "water_retention": null, "slope": null, "aspect": null, "num_identification_agreements": 1, "cluster": 0, "tavg": null, "tmin": 8.9, "tmax": 18.9, "prcp_d0": 0.0, "prcp_d1": 0.0, "prcp_d2": 0.0, "prcp_d3": 0.0, "prcp_d4": 0.0, "prcp_d5": 0.0, "prcp_d6": 25.001819610595703, "tmax_d0": 20.1, "tmax_d1": 21.0, "tmax_d2": 20.9, "tmax_d3": 20.7, "tmax_d4": 20.2, "tmax_d5": 20.1, "tmax_d6": 19.7, "tmin_d0": 11.0, "tmin_d1": 10.2, "tmin_d2": 9.2, "tmin_d3": 9.0, "tmin_d4": 9.4, "tmin_d5": 10.0, "tmin_d6": 9.0, "day_of_year": 220, "uuid": "3c224320-7f24-41d1-a829-548b3ade3e41", "inat_id": 177461357}}, {"type": "Feature", "geometry": {"type": "Point", "coordinates": [-105.4864497717, 40.1201287028]}, "properties": {"species": "Flammulina populicola", "date": "2023-08-13", "location": "Colorado, US", "elevation": 2679.0, "land_cover_label": "Tree cover", "water_mask": false, "exclude_reason": "keep", "ndvi": null, "soil_moisture": 0.2774200609315241, "solar_exposure": 0.7769331932067871, "wind_exposure": 0.3434696197509765, "water_retention": 0.1729786098003387, "slope": 9.62933349609375, "aspect": 61.322383880615234, "num_identification_agreements": 1, "cluster": 0, "tavg": null, "tmin": 16.0, "tmax": 25.0, "prcp_d0": 0.0, "prcp_d1": 0.0, "prcp_d2": 0.0, "prcp_d3": 0.0, "prcp_d4": 0.0, "prcp_d5": 0.0, "prcp_d6": 0.0, "tmax_d0": 18.1, "tmax_d1": 19.7, "tmax_d2": 22.1, "tmax_d3": 20.5, "tmax_d4": 19.2, "tmax_d5": 19.7, "tmax_d6": 18.1, "tmin_d0": 10.6, "tmin_d1": 10.8, "tmin_d2": 9.8, "tmin_d3": 8.5, "tmin_d4": 4.6, "tmin_d5": 8.0, "tmin_d6": 5.7, "day_of_year": 225, "uuid": "1edcfe4a-ee42-45ec-ac50-2a897800159d", "inat_id": 178282661}}, {"type": "Feature", "geometry": {"type": "Point", "coordinates": [-107.4621778428, 38.9323566991]}, "properties": {"species": "Flammulina populicola", "date": "2023-08-14", "location": "Colorado, US", "elevation": 2026.0, "land_cover_label": "Shrubland", "water_mask": false, "exclude_reason": "keep", "ndvi": null, "soil_moisture": null, "solar_exposure": null, "wind_exposure": null, "water_retention": null, "slope": null, "aspect": null, "num_identification_agreements": 1, "cluster": 0, "tavg": null, "tmin": null, "tmax": null, "prcp_d0": 0.0, "prcp_d1": 0.0, "prcp_d2": 0.0, "prcp_d3": 0.0, "prcp_d4": 0.0, "prcp_d5": 0.0, "prcp_d6": 0.0, "tmax_d0": 29.1, "tmax_d1": 29.2, "tmax_d2": 26.3, "tmax_d3": 26.6, "tmax_d4": 28.2, "tmax_d5": 28.1, "tmax_d6": 28.7, "tmin_d0": 11.8, "tmin_d1": 11.3, "tmin_d2": 13.5, "tmin_d3": 10.8, "tmin_d4": 9.9, "tmin_d5": 9.3, "tmin_d6": 9.1, "day_of_year": 226, "uuid": "c439d3db-3a82-4931-b401-5bb78cb1e668", "inat_id": 178354888}}, {"type": "Feature", "geometry": {"type": "Point", "coordinates": [-107.8071283333, 37.935245]}, "properties": {"species": "Flammulina populicola", "date": "2023-08-16", "location": "Grand Mesa Uncompahgre and Gunnison National Forests, Telluride, CO, US", "elevation": 2676.0, "land_cover_label": "Tree cover", "water_mask": false, "exclude_reason": "keep", "ndvi": null, "soil_moisture": null, "solar_exposure": null, "wind_exposure": null, "water_retention": null, "slope": null, "aspect": null, "num_identification_agreements": 2, "cluster": 0, "tavg": null, "tmin": 12.0, "tmax": 26.0, "prcp_d0": 0.0, "prcp_d1": 10.9153470993042, "prcp_d2": 10.9153470993042, "prcp_d3": 0.0, "prcp_d4": 0.0, "prcp_d5": 0.0, "prcp_d6": 0.0, "tmax_d0": 23.4, "tmax_d1": 21.7, "tmax_d2": 20.9, "tmax_d3": 22.4, "tmax_d4": 20.1, "tmax_d5": 21.9, "tmax_d6": 22.4, "tmin_d0": 8.2, "tmin_d1": 7.9, "tmin_d2": 8.2, "tmin_d3": 7.2, "tmin_d4": 11.1, "tmin_d5": 6.8, "tmin_d6": 7.4, "day_of_year": 228, "uuid": "e32076ca-835f-44b9-963a-21c7e296f216", "inat_id": 178759242}}, {"type": "Feature", "geometry": {"type": "Point", "coordinates": [-107.98282, 37.76875]}, "properties": {"species": "Flammulina populicola", "date": "2023-08-16", "location": "San Juan National Forest - Headquarters, Dolores, CO, US", "elevation": 2884.0, "land_cover_label": "Bare / sparse vegetation", "water_mask": false, "exclude_reason": "keep", "ndvi": null, "soil_moisture": null, "solar_exposure": null, "wind_exposure": null, "water_retention": null, "slope": null, "aspect": null, "num_identification_agreements": 1, "cluster": 0, "tavg": null, "tmin": 12.0, "tmax": 26.0, "prcp_d0": 0.0, "prcp_d1": 10.544754981994627, "prcp_d2": 10.544754981994627, "prcp_d3": 0.0, "prcp_d4": 0.0, "prcp_d5": 0.0, "prcp_d6": 0.0, "tmax_d0": 21.8, "tmax_d1": 20.7, "tmax_d2": 19.2, "tmax_d3": 20.3, "tmax_d4": 18.8, "tmax_d5": 19.9, "tmax_d6": 19.8, "tmin_d0": 7.2, "tmin_d1": 7.8, "tmin_d2": 9.1, "tmin_d3": 5.7, "tmin_d4": 8.9, "tmin_d5": 7.3, "tmin_d6": 6.2, "day_of_year": 228, "uuid": "4c9c4346-7cce-4177-8034-ea390ccc46de", "inat_id": 178945259}}, {"type": "Feature", "geometry": {"type": "Point", "coordinates": [-105.4432415273, 39.6113948289]}, "properties": {"species": "Flammulina populicola", "date": "2023-08-18", "location": "Ranch Trail, Evergreen, CO, US", "elevation": 2476.0, "land_cover_label": "Tree cover", "water_mask": false, "exclude_reason": "keep", "ndvi": null, "soil_moisture": 0.3011402013225135, "solar_exposure": 0.8318983316421509, "wind_exposure": 0.2629666328430176, "water_retention": 0.2923976480960846, "slope": 3.3043196201324463, "aspect": 79.1623306274414, "num_identification_agreements": 1, "cluster": 0, "tavg": null, "tmin": 5.7, "tmax": 15.1, "prcp_d0": 8.267328262329102, "prcp_d1": 0.0, "prcp_d2": 0.0, "prcp_d3": 0.0, "prcp_d4": 0.0, "prcp_d5": 0.0, "prcp_d6": 0.0, "tmax_d0": 28.6, "tmax_d1": 27.3, "tmax_d2": 27.0, "tmax_d3": 25.6, "tmax_d4": 18.9, "tmax_d5": 19.5, "tmax_d6": 22.5, "tmin_d0": 13.7, "tmin_d1": 10.5, "tmin_d2": 10.6, "tmin_d3": 6.2, "tmin_d4": 8.1, "tmin_d5": 10.8, "tmin_d6": 10.8, "day_of_year": 230, "uuid": "cc90ff20-e078-466e-97ce-f0dabcb3344c", "inat_id": 179183733}}, {"type": "Feature", "geometry": {"type": "Point", "coordinates": [-107.8153685217, 37.9355983932]}, "properties": {"species": "Flammulina populicola", "date": "2023-08-18", "location": "Grand Mesa Uncompahgre and Gunnison National Forests, Telluride, CO, US", "elevation": 2675.0, "land_cover_label": "Tree cover", "water_mask": false, "exclude_reason": "keep", "ndvi": null, "soil_moisture": null, "solar_exposure": null, "wind_exposure": null, "water_retention": null, "slope": null, "aspect": null, "num_identification_agreements": 1, "cluster": 0, "tavg": null, "tmin": 11.0, "tmax": 22.0, "prcp_d0": 0.0, "prcp_d1": 0.0, "prcp_d2": 0.0, "prcp_d3": 10.9153470993042, "prcp_d4": 10.9153470993042, "prcp_d5": 0.0, "prcp_d6": 0.0, "tmax_d0": 22.8, "tmax_d1": 24.3, "tmax_d2": 23.3, "tmax_d3": 21.6, "tmax_d4": 20.8, "tmax_d5": 22.3, "tmax_d6": 20.0, "tmin_d0": 6.3, "tmin_d1": 7.9, "tmin_d2": 8.1, "tmin_d3": 7.8, "tmin_d4": 8.1, "tmin_d5": 7.1, "tmin_d6": 11.0, "day_of_year": 230, "uuid": "b838063e-5c7c-4b49-830c-dde0e83e0940", "inat_id": 179009776}}, {"type": "Feature", "geometry": {"type": "Point", "coordinates": [-105.5269616667, 39.93753]}, "properties": {"species": "Flammulina populicola", "date": "2023-08-25", "location": "Hobbit, Nederland, CO, US", "elevation": 2672.0, "land_cover_label": "Tree cover", "water_mask": false, "exclude_reason": "keep", "ndvi": null, "soil_moisture": 0.2865406883317387, "solar_exposure": 0.7935271263122559, "wind_exposure": 0.2767555117607116, "water_retention": 0.4563589990139007, "slope": 4.930190563201904, "aspect": 35.11360168457031, "num_identification_agreements": 2, "cluster": 3, "tavg": null, "tmin": 3.1, "tmax": 9.5, "prcp_d0": 14.434453010559082, "prcp_d1": 0.0, "prcp_d2": 0.0, "prcp_d3": 0.0, "prcp_d4": 0.0, "prcp_d5": 0.0, "prcp_d6": 0.0, "tmax_d0": 16.0, "tmax_d1": 21.4, "tmax_d2": 23.7, "tmax_d3": 24.9, "tmax_d4": 25.1, "tmax_d5": 23.2, "tmax_d6": 22.2, "tmin_d0": 9.6, "tmin_d1": 10.5, "tmin_d2": 10.0, "tmin_d3": 13.6, "tmin_d4": 11.6, "tmin_d5": 9.5, "tmin_d6": 10.1, "day_of_year": 237, "uuid": "426ef438-c577-4731-8361-378ae0164a51", "inat_id": 180514850}}, {"type": "Feature", "geometry": {"type": "Point", "coordinates": [-105.4216863937, 40.0432191626]}, "properties": {"species": "Flammulina populicola", "date": "2023-08-25", "location": "Colorado, US", "elevation": 2364.0, "land_cover_label": "Grassland", "water_mask": false, "exclude_reason": "keep", "ndvi": null, "soil_moisture": 0.1922799928248099, "solar_exposure": 0.982014000415802, "wind_exposure": 0.4209583103656769, "water_retention": 0.1195796579122543, "slope": 20.53442001342773, "aspect": 189.8059539794922, "num_identification_agreements": 1, "cluster": 0, "tavg": null, "tmin": 14.0, "tmax": 21.0, "prcp_d0": 0.0, "prcp_d1": 0.0, "prcp_d2": 0.0, "prcp_d3": 0.0, "prcp_d4": 0.0, "prcp_d5": 0.0, "prcp_d6": 7.555134773254394, "tmax_d0": 20.4, "tmax_d1": 24.4, "tmax_d2": 26.6, "tmax_d3": 27.2, "tmax_d4": 27.8, "tmax_d5": 24.9, "tmax_d6": 25.0, "tmin_d0": 12.4, "tmin_d1": 13.5, "tmin_d2": 11.4, "tmin_d3": 13.4, "tmin_d4": 9.4, "tmin_d5": 12.0, "tmin_d6": 12.4, "day_of_year": 237, "uuid": "2fd2154e-7ce7-4dc9-b6c5-e39e3e4ea389", "inat_id": 180225228}}, {"type": "Feature", "geometry": {"type": "Point", "coordinates": [-105.4097833333, 39.8570116667]}, "properties": {"species": "Flammulina populicola", "date": "2023-08-27", "location": "Golden Gate Canyon State Park, Golden, CO, US", "elevation": 2675.0, "land_cover_label": "Tree cover", "water_mask": false, "exclude_reason": "keep", "ndvi": null, "soil_moisture": 0.3664229608676634, "solar_exposure": 0.8184773325920105, "wind_exposure": 0.2405721992254257, "water_retention": 0.4705912172794342, "slope": 7.374317169189453, "aspect": 80.34246826171875, "num_identification_agreements": 1, "cluster": 3, "tavg": null, "tmin": 15.0, "tmax": 30.0, "prcp_d0": 0.0, "prcp_d1": 0.0, "prcp_d2": 0.0, "prcp_d3": 0.0, "prcp_d4": 0.0, "prcp_d5": 0.0, "prcp_d6": 0.0, "tmax_d0": 21.2, "tmax_d1": 15.8, "tmax_d2": 17.0, "tmax_d3": 23.0, "tmax_d4": 25.6, "tmax_d5": 27.4, "tmax_d6": 27.6, "tmin_d0": 7.7, "tmin_d1": 6.8, "tmin_d2": 10.2, "tmin_d3": 11.0, "tmin_d4": 10.0, "tmin_d5": 12.4, "tmin_d6": 10.1, "day_of_year": 239, "uuid": "5cd7646c-a56c-494a-85fc-20fb0f6f8f01", "inat_id": 220973229}}, {"type": "Feature", "geometry": {"type": "Point", "coordinates": [-104.9164087493, 38.6431104783]}, "properties": {"species": "Flammulina populicola", "date": "2023-08-27", "location": "Colorado, US", "elevation": 2409.0, "land_cover_label": "Tree cover", "water_mask": false, "exclude_reason": "keep", "ndvi": null, "soil_moisture": null, "solar_exposure": null, "wind_exposure": null, "water_retention": null, "slope": null, "aspect": null, "num_identification_agreements": 2, "cluster": 0, "tavg": null, "tmin": 14.0, "tmax": 24.0, "prcp_d0": 0.0, "prcp_d1": 0.0, "prcp_d2": 0.0, "prcp_d3": 0.0, "prcp_d4": 0.0, "prcp_d5": 0.0, "prcp_d6": 0.0, "tmax_d0": 22.2, "tmax_d1": 17.7, "tmax_d2": 25.6, "tmax_d3": 27.1, "tmax_d4": 27.3, "tmax_d5": 27.7, "tmax_d6": 27.8, "tmin_d0": 10.3, "tmin_d1": 10.7, "tmin_d2": 14.6, "tmin_d3": 14.3, "tmin_d4": 15.8, "tmin_d5": 16.8, "tmin_d6": 15.7, "day_of_year": 239, "uuid": "972c7450-106e-4a19-a1cc-4287d3a35c61", "inat_id": 180565358}}, {"type": "Feature", "geometry": {"type": "Point", "coordinates": [-105.448495, 36.5971666667]}, "properties": {"species": "Flammulina populicola", "date": "2023-08-31", "location": "Carson National Forest, Taos, NM, US", "elevation": 2894.0, "land_cover_label": "Tree cover", "water_mask": false, "exclude_reason": "keep", "ndvi": null, "soil_moisture": null, "solar_exposure": null, "wind_exposure": null, "water_retention": null, "slope": null, "aspect": null, "num_identification_agreements": 1, "cluster": 0, "tavg": null, "tmin": 2.3, "tmax": 26.7, "prcp_d0": 0.0, "prcp_d1": 0.0, "prcp_d2": 0.0, "prcp_d3": 0.0, "prcp_d4": 0.0, "prcp_d5": 0.0, "prcp_d6": 9.721067428588867, "tmax_d0": 22.4, "tmax_d1": 21.1, "tmax_d2": 19.1, "tmax_d3": 19.6, "tmax_d4": 18.7, "tmax_d5": 18.1, "tmax_d6": 19.9, "tmin_d0": 10.2, "tmin_d1": 7.3, "tmin_d2": 6.3, "tmin_d3": 7.9, "tmin_d4": 9.2, "tmin_d5": 8.9, "tmin_d6": 9.2, "day_of_year": 243, "uuid": "c8d1a544-7ef6-4ae5-a7c4-e0df6b6c992f", "inat_id": 182675655}}, {"type": "Feature", "geometry": {"type": "Point", "coordinates": [-106.7772527367, 40.5375068396]}, "properties": {"species": "Flammulina populicola", "date": "2023-09-10", "location": "Steamboat Springs, CO, US", "elevation": 2535.0, "land_cover_label": "Tree cover", "water_mask": false, "exclude_reason": "keep", "ndvi": null, "soil_moisture": null, "solar_exposure": null, "wind_exposure": null, "water_retention": null, "slope": null, "aspect": null, "num_identification_agreements": 1, "cluster": 0, "tavg": null, "tmin": 11.4, "tmax": 23.6, "prcp_d0": 0.0, "prcp_d1": 0.0, "prcp_d2": 0.0, "prcp_d3": 0.0, "prcp_d4": 0.0, "prcp_d5": 0.0, "prcp_d6": 0.0, "tmax_d0": 19.7, "tmax_d1": 21.2, "tmax_d2": 21.4, "tmax_d3": 19.9, "tmax_d4": 21.5, "tmax_d5": 17.3, "tmax_d6": 16.6, "tmin_d0": 8.7, "tmin_d1": 13.6, "tmin_d2": 11.5, "tmin_d3": 10.1, "tmin_d4": 10.4, "tmin_d5": 4.2, "tmin_d6": 10.1, "day_of_year": 253, "uuid": "84597287-c126-4ad2-bc03-d6e22697b9ec", "inat_id": 182730226}}, {"type": "Feature", "geometry": {"type": "Point", "coordinates": [-109.20002, 38.4706166667]}, "properties": {"species": "Flammulina populicola", "date": "2023-09-16", "location": "La Sal, UT, US", "elevation": 3023.0, "land_cover_label": "Tree cover", "water_mask": false, "exclude_reason": "keep", "ndvi": null, "soil_moisture": null, "solar_exposure": null, "wind_exposure": null, "water_retention": null, "slope": null, "aspect": null, "num_identification_agreements": 1, "cluster": 0, "tavg": null, "tmin": null, "tmax": null, "prcp_d0": 0.0, "prcp_d1": 0.0, "prcp_d2": 0.0, "prcp_d3": 0.0, "prcp_d4": 0.0, "prcp_d5": 0.0, "prcp_d6": 5.893377780914307, "tmax_d0": 13.9, "tmax_d1": 11.3, "tmax_d2": 11.0, "tmax_d3": 11.1, "tmax_d4": 14.0, "tmax_d5": 14.5, "tmax_d6": 16.9, "tmin_d0": 3.4, "tmin_d1": 0.9, "tmin_d2": 2.8, "tmin_d3": 4.3, "tmin_d4": 6.6, "tmin_d5": 4.5, "tmin_d6": 6.6, "day_of_year": 259, "uuid": "c3e8f1f5-0fc0-494b-9802-78a750978c5a", "inat_id": 183599459}}, {"type": "Feature", "geometry": {"type": "Point", "coordinates": [-105.6648915634, 35.8305611762]}, "properties": {"species": "Flammulina populicola", "date": "2023-09-17", "location": "Panchuela Trailhead, Cowles, New Mexico, USA", "elevation": 2573.0, "land_cover_label": "Tree cover", "water_mask": false, "exclude_reason": "keep", "ndvi": null, "soil_moisture": null, "solar_exposure": null, "wind_exposure": null, "water_retention": null, "slope": null, "aspect": null, "num_identification_agreements": 2, "cluster": 0, "tavg": null, "tmin": 10.6, "tmax": 25.0, "prcp_d0": 0.0, "prcp_d1": 0.0, "prcp_d2": 0.0, "prcp_d3": 0.0, "prcp_d4": 0.0, "prcp_d5": 0.0, "prcp_d6": 0.0, "tmax_d0": 17.5, "tmax_d1": 17.4, "tmax_d2": 14.3, "tmax_d3": 16.3, "tmax_d4": 16.0, "tmax_d5": 15.1, "tmax_d6": 17.9, "tmin_d0": 6.6, "tmin_d1": 5.4, "tmin_d2": 6.2, "tmin_d3": 6.9, "tmin_d4": 7.2, "tmin_d5": 8.9, "tmin_d6": 9.4, "day_of_year": 260, "uuid": "b0eb9567-ae27-468f-9644-d49cac705b00", "inat_id": 183785818}}, {"type": "Feature", "geometry": {"type": "Point", "coordinates": [-105.0134789175, 38.7351853621]}, "properties": {"species": "Flammulina populicola", "date": "2024-06-29", "location": "Teller County, US-CO, US", "elevation": 2916.0, "land_cover_label": "Tree cover", "water_mask": false, "exclude_reason": "keep", "ndvi": null, "soil_moisture": null, "solar_exposure": null, "wind_exposure": null, "water_retention": null, "slope": null, "aspect": null, "num_identification_agreements": 2, "cluster": 0, "tavg": null, "tmin": 15.0, "tmax": 25.0, "prcp_d0": 0.0, "prcp_d1": 0.0, "prcp_d2": 0.0, "prcp_d3": 0.0, "prcp_d4": 0.0, "prcp_d5": 0.0, "prcp_d6": 0.0, "tmax_d0": 18.5, "tmax_d1": 22.2, "tmax_d2": 22.4, "tmax_d3": 22.0, "tmax_d4": 23.0, "tmax_d5": 21.5, "tmax_d6": 20.8, "tmin_d0": 9.0, "tmin_d1": 10.2, "tmin_d2": 10.5, "tmin_d3": 13.1, "tmin_d4": 11.2, "tmin_d5": 12.6, "tmin_d6": 9.5, "day_of_year": 181, "uuid": "9cf70ed6-5cbe-4aa1-9db9-66b7e9f03fa4", "inat_id": 226003998}}, {"type": "Feature", "geometry": {"type": "Point", "coordinates": [-107.8119283333, 37.9065666667]}, "properties": {"species": "Flammulina populicola", "date": "2024-06-29", "location": "Grand Mesa Uncompahgre and Gunnison National Forests, Telluride, CO, US", "elevation": 2973.0, "land_cover_label": "Grassland", "water_mask": false, "exclude_reason": "keep", "ndvi": null, "soil_moisture": null, "solar_exposure": null, "wind_exposure": null, "water_retention": null, "slope": null, "aspect": null, "num_identification_agreements": 1, "cluster": 0, "tavg": null, "tmin": 11.0, "tmax": 23.0, "prcp_d0": 0.0, "prcp_d1": 0.0, "prcp_d2": 21.50503921508789, "prcp_d3": 0.0, "prcp_d4": 0.0, "prcp_d5": 0.0, "prcp_d6": 0.0, "tmax_d0": 20.2, "tmax_d1": 19.2, "tmax_d2": 20.0, "tmax_d3": 20.8, "tmax_d4": 22.3, "tmax_d5": 21.2, "tmax_d6": 20.4, "tmin_d0": 2.4, "tmin_d1": 4.7, "tmin_d2": 6.8, "tmin_d3": 7.5, "tmin_d4": 5.0, "tmin_d5": 3.3, "tmin_d6": 2.6, "day_of_year": 181, "uuid": "43ca375a-e26a-4acc-b247-6c0e701e3966", "inat_id": 226020117}}, {"type": "Feature", "geometry": {"type": "Point", "coordinates": [-105.4867315064, 40.062459566]}, "properties": {"species": "Flammulina populicola", "date": "2024-06-29", "location": "Lefthand Canyon Dr, Jamestown, CO, US", "elevation": 2617.0, "land_cover_label": "Tree cover", "water_mask": false, "exclude_reason": "keep", "ndvi": null, "soil_moisture": 0.2515731423135424, "solar_exposure": 0.9774043560028076, "wind_exposure": 0.2528775036334991, "water_retention": 0.2084884643554687, "slope": 21.841045379638672, "aspect": 161.4380645751953, "num_identification_agreements": 1, "cluster": 0, "tavg": null, "tmin": 15.0, "tmax": 27.0, "prcp_d0": 6.665424346923828, "prcp_d1": 0.0, "prcp_d2": 0.0, "prcp_d3": 0.0, "prcp_d4": 0.0, "prcp_d5": 0.0, "prcp_d6": 0.0, "tmax_d0": 19.2, "tmax_d1": 22.5, "tmax_d2": 23.8, "tmax_d3": 22.2, "tmax_d4": 25.8, "tmax_d5": 24.8, "tmax_d6": 25.0, "tmin_d0": 7.6, "tmin_d1": 11.7, "tmin_d2": 9.7, "tmin_d3": 13.8, "tmin_d4": 13.3, "tmin_d5": 13.5, "tmin_d6": 11.4, "day_of_year": 181, "uuid": "b35f49aa-e2b2-4616-9de1-94c8a2ac39e9", "inat_id": 226324370}}, {"type": "Feature", "geometry": {"type": "Point", "coordinates": [-107.8069929284, 37.9388685359]}, "properties": {"species": "Flammulina populicola", "date": "2024-07-11", "location": "Grand Mesa Uncompahgre and Gunnison National Forests, Telluride, CO, US", "elevation": 2708.0, "land_cover_label": "Tree cover", "water_mask": false, "exclude_reason": "keep", "ndvi": null, "soil_moisture": null, "solar_exposure": null, "wind_exposure": null, "water_retention": null, "slope": null, "aspect": null, "num_identification_agreements": 1, "cluster": 0, "tavg": null, "tmin": 12.0, "tmax": 26.0, "prcp_d0": 0.0, "prcp_d1": 0.0, "prcp_d2": 0.0, "prcp_d3": 0.0, "prcp_d4": 0.0, "prcp_d5": 0.0, "prcp_d6": 0.0, "tmax_d0": 25.0, "tmax_d1": 24.0, "tmax_d2": 22.4, "tmax_d3": 21.8, "tmax_d4": 22.0, "tmax_d5": 21.0, "tmax_d6": 21.1, "tmin_d0": 4.9, "tmin_d1": 4.3, "tmin_d2": 4.1, "tmin_d3": 7.8, "tmin_d4": 9.3, "tmin_d5": 3.5, "tmin_d6": 6.5, "day_of_year": 193, "uuid": "ab70fa58-2e89-4691-8247-0571934c01a2", "inat_id": 228930160}}, {"type": "Feature", "geometry": {"type": "Point", "coordinates": [-107.54023, 38.2470466667]}, "properties": {"species": "Flammulina populicola", "date": "2024-07-16", "location": "Grand Mesa Uncompahgre and Gunnison National Forests, Cimarron, CO, US", "elevation": 2708.0, "land_cover_label": "Tree cover", "water_mask": false, "exclude_reason": "keep", "ndvi": null, "soil_moisture": null, "solar_exposure": null, "wind_exposure": null, "water_retention": null, "slope": null, "aspect": null, "num_identification_agreements": 2, "cluster": 0, "tavg": null, "tmin": 16.7, "tmax": 31.7, "prcp_d0": 8.370044708251953, "prcp_d1": 2.878081083297729, "prcp_d2": 2.878081083297729, "prcp_d3": 0.0, "prcp_d4": 0.0, "prcp_d5": 0.0, "prcp_d6": 0.0, "tmax_d0": 23.9, "tmax_d1": 25.0, "tmax_d2": 27.0, "tmax_d3": 26.0, "tmax_d4": 26.9, "tmax_d5": 25.5, "tmax_d6": 24.9, "tmin_d0": 11.7, "tmin_d1": 13.4, "tmin_d2": 12.3, "tmin_d3": 13.1, "tmin_d4": 9.8, "tmin_d5": 9.3, "tmin_d6": 9.1, "day_of_year": 198, "uuid": "c1dc1ba5-5b39-443a-9a07-52e505899c15", "inat_id": 229817313}}, {"type": "Feature", "geometry": {"type": "Point", "coordinates": [-106.0108710556, 38.5113573369]}, "properties": {"species": "Flammulina populicola", "date": "2024-07-22", "location": "Colorado, US", "elevation": 2282.0, "land_cover_label": "Tree cover", "water_mask": false, "exclude_reason": "keep", "ndvi": null, "soil_moisture": null, "solar_exposure": null, "wind_exposure": null, "water_retention": null, "slope": null, "aspect": null, "num_identification_agreements": 1, "cluster": 0, "tavg": null, "tmin": 6.5, "tmax": 25.4, "prcp_d0": 0.0, "prcp_d1": 0.0, "prcp_d2": 0.0, "prcp_d3": 0.0, "prcp_d4": 0.0, "prcp_d5": 0.0, "prcp_d6": 13.130383491516112, "tmax_d0": 25.0, "tmax_d1": 24.2, "tmax_d2": 28.3, "tmax_d3": 28.6, "tmax_d4": 29.1, "tmax_d5": 25.5, "tmax_d6": 26.5, "tmin_d0": 7.4, "tmin_d1": 10.7, "tmin_d2": 7.3, "tmin_d3": 8.6, "tmin_d4": 9.8, "tmin_d5": 7.9, "tmin_d6": 8.8, "day_of_year": 204, "uuid": "0c6e65fc-ae19-4cef-9b08-bb63708d0139", "inat_id": 231144963}}, {"type": "Feature", "geometry": {"type": "Point", "coordinates": [-107.5932533333, 39.0878305]}, "properties": {"species": "Flammulina populicola", "date": "2024-07-23", "location": "Grand Mesa Uncompahgre and Gunnison National Forests, Paonia, CO, US", "elevation": 2851.0, "land_cover_label": "Tree cover", "water_mask": false, "exclude_reason": "keep", "ndvi": null, "soil_moisture": null, "solar_exposure": null, "wind_exposure": null, "water_retention": null, "slope": null, "aspect": null, "num_identification_agreements": 1, "cluster": 0, "tavg": null, "tmin": 7.5, "tmax": 20.8, "prcp_d0": 0.0, "prcp_d1": 0.0, "prcp_d2": 0.0, "prcp_d3": 0.0, "prcp_d4": 0.0, "prcp_d5": 0.0, "prcp_d6": 0.0, "tmax_d0": 22.7, "tmax_d1": 20.8, "tmax_d2": 21.9, "tmax_d3": 22.6, "tmax_d4": 22.8, "tmax_d5": 22.5, "tmax_d6": 23.0, "tmin_d0": 9.4, "tmin_d1": 8.0, "tmin_d2": 8.2, "tmin_d3": 10.0, "tmin_d4": 11.0, "tmin_d5": 9.2, "tmin_d6": 7.4, "day_of_year": 205, "uuid": "9585b66a-1250-4d84-a395-1db3f60827d4", "inat_id": 231343218}}, {"type": "Feature", "geometry": {"type": "Point", "coordinates": [-105.5077533333, 36.0576861667]}, "properties": {"species": "Flammulina populicola", "date": "2024-07-26", "location": "Carson National Forest, Vadito, NM, US", "elevation": 3205.0, "land_cover_label": "Tree cover", "water_mask": false, "exclude_reason": "keep", "ndvi": null, "soil_moisture": null, "solar_exposure": null, "wind_exposure": null, "water_retention": null, "slope": null, "aspect": null, "num_identification_agreements": 1, "cluster": 0, "tavg": null, "tmin": 6.1, "tmax": 23.8, "prcp_d0": 0.0, "prcp_d1": 0.0, "prcp_d2": 0.0, "prcp_d3": 0.0, "prcp_d4": 0.0, "prcp_d5": 0.0, "prcp_d6": 0.0, "tmax_d0": 20.1, "tmax_d1": 19.7, "tmax_d2": 19.7, "tmax_d3": 16.0, "tmax_d4": 13.6, "tmax_d5": 15.7, "tmax_d6": 18.3, "tmin_d0": 7.5, "tmin_d1": 6.6, "tmin_d2": 4.8, "tmin_d3": 4.1, "tmin_d4": 4.3, "tmin_d5": 4.2, "tmin_d6": 7.4, "day_of_year": 208, "uuid": "67c7ae34-9b6b-4688-9805-f9cceee6a214", "inat_id": 231926882}}, {"type": "Feature", "geometry": {"type": "Point", "coordinates": [-105.8030310273, 35.8301480001]}, "properties": {"species": "Flammulina populicola", "date": "2024-07-28", "location": "Santa Fe County, US-NM, US", "elevation": 2852.0, "land_cover_label": "Grassland", "water_mask": false, "exclude_reason": "keep", "ndvi": null, "soil_moisture": null, "solar_exposure": null, "wind_exposure": null, "water_retention": null, "slope": null, "aspect": null, "num_identification_agreements": 1, "cluster": 0, "tavg": null, "tmin": 16.1, "tmax": 35.6, "prcp_d0": 0.0, "prcp_d1": 0.0, "prcp_d2": 0.0, "prcp_d3": 0.0, "prcp_d4": 0.0, "prcp_d5": 0.0, "prcp_d6": 0.0, "tmax_d0": 22.6, "tmax_d1": 21.8, "tmax_d2": 21.0, "tmax_d3": 22.4, "tmax_d4": 21.7, "tmax_d5": 19.1, "tmax_d6": 15.9, "tmin_d0": 11.9, "tmin_d1": 9.6, "tmin_d2": 12.0, "tmin_d3": 8.6, "tmin_d4": 8.2, "tmin_d5": 5.9, "tmin_d6": 6.7, "day_of_year": 210, "uuid": "ed8cf0d5-3033-4d68-989a-d3a85132f970", "inat_id": 232372040}}, {"type": "Feature", "geometry": {"type": "Point", "coordinates": [-105.1197388889, 38.8578777778]}, "properties": {"species": "Flammulina populicola", "date": "2024-07-28", "location": "Divide, CO 80814, USA", "elevation": 3116.0, "land_cover_label": "Tree cover", "water_mask": false, "exclude_reason": "keep", "ndvi": null, "soil_moisture": null, "solar_exposure": null, "wind_exposure": null, "water_retention": null, "slope": null, "aspect": null, "num_identification_agreements": 1, "cluster": 0, "tavg": null, "tmin": 17.0, "tmax": 31.0, "prcp_d0": 0.0, "prcp_d1": 8.180527687072754, "prcp_d2": 0.0, "prcp_d3": 0.0, "prcp_d4": 0.0, "prcp_d5": 0.0, "prcp_d6": 0.0, "tmax_d0": 21.2, "tmax_d1": 20.3, "tmax_d2": 19.0, "tmax_d3": 21.5, "tmax_d4": 20.9, "tmax_d5": 17.9, "tmax_d6": 14.7, "tmin_d0": 9.7, "tmin_d1": 7.8, "tmin_d2": 9.2, "tmin_d3": 7.5, "tmin_d4": 5.8, "tmin_d5": 3.7, "tmin_d6": 3.7, "day_of_year": 210, "uuid": "2171c71e-335d-4b7a-b894-bd9314cc48bb", "inat_id": 232340855}}, {"type": "Feature", "geometry": {"type": "Point", "coordinates": [-105.7401961091, 39.5574231148]}, "properties": {"species": "Flammulina populicola", "date": "2024-08-02", "location": "Colorado, US", "elevation": 3458.0, "land_cover_label": "Tree cover", "water_mask": false, "exclude_reason": "keep", "ndvi": null, "soil_moisture": 0.2945445775197146, "solar_exposure": 0.9145424962043762, "wind_exposure": 0.5032635927200317, "water_retention": 0.1639375835657119, "slope": 10.979524612426758, "aspect": 215.772216796875, "num_identification_agreements": 1, "cluster": 0, "tavg": null, "tmin": 2.9, "tmax": 18.0, "prcp_d0": 0.0, "prcp_d1": 0.0, "prcp_d2": 0.0, "prcp_d3": 0.0, "prcp_d4": 0.0, "prcp_d5": 0.0, "prcp_d6": 0.0, "tmax_d0": 18.3, "tmax_d1": 20.2, "tmax_d2": 18.2, "tmax_d3": 18.3, "tmax_d4": 18.5, "tmax_d5": 17.2, "tmax_d6": 16.2, "tmin_d0": 7.7, "tmin_d1": 6.4, "tmin_d2": 6.2, "tmin_d3": 7.7, "tmin_d4": 7.2, "tmin_d5": 6.1, "tmin_d6": 3.6, "day_of_year": 215, "uuid": "e1e59e3f-e7cc-4e02-9ed8-6be1f43d8126", "inat_id": 233414753}}, {"type": "Feature", "geometry": {"type": "Point", "coordinates": [-106.73053, 35.883055]}, "properties": {"species": "Flammulina populicola", "date": "2024-08-02", "location": "Santa Fe National Forest, Jemez Springs, NM, US", "elevation": 2339.0, "land_cover_label": "Tree cover", "water_mask": false, "exclude_reason": "keep", "ndvi": null, "soil_moisture": null, "solar_exposure": null, "wind_exposure": null, "water_retention": null, "slope": null, "aspect": null, "num_identification_agreements": 1, "cluster": 0, "tavg": null, "tmin": 17.6, "tmax": 29.0, "prcp_d0": 2.229576587677002, "prcp_d1": 0.0, "prcp_d2": 0.0, "prcp_d3": 0.0, "prcp_d4": 0.0, "prcp_d5": 0.0, "prcp_d6": 0.0, "tmax_d0": 26.4, "tmax_d1": 27.6, "tmax_d2": 28.4, "tmax_d3": 27.1, "tmax_d4": 26.3, "tmax_d5": 25.8, "tmax_d6": 26.0, "tmin_d0": 12.8, "tmin_d1": 12.5, "tmin_d2": 12.5, "tmin_d3": 12.5, "tmin_d4": 11.8, "tmin_d5": 13.0, "tmin_d6": 11.3, "day_of_year": 215, "uuid": "43ac71a3-1c9d-4a60-9259-00570d1b913a", "inat_id": 233367819}}, {"type": "Feature", "geometry": {"type": "Point", "coordinates": [-105.8340616667, 35.7512083333]}, "properties": {"species": "Flammulina populicola", "date": "2024-08-02", "location": "Santa Fe National Forest, Santa Fe, NM, US", "elevation": 2669.0, "land_cover_label": "Tree cover", "water_mask": false, "exclude_reason": "keep", "ndvi": null, "soil_moisture": null, "solar_exposure": null, "wind_exposure": null, "water_retention": null, "slope": null, "aspect": null, "num_identification_agreements": 1, "cluster": 0, "tavg": null, "tmin": 17.8, "tmax": 32.2, "prcp_d0": 0.0, "prcp_d1": 8.402263641357422, "prcp_d2": 0.0, "prcp_d3": 0.0, "prcp_d4": 0.0, "prcp_d5": 0.0, "prcp_d6": 0.0, "tmax_d0": 23.3, "tmax_d1": 25.7, "tmax_d2": 26.3, "tmax_d3": 25.3, "tmax_d4": 25.0, "tmax_d5": 24.1, "tmax_d6": 23.1, "tmin_d0": 12.5, "tmin_d1": 11.9, "tmin_d2": 13.2, "tmin_d3": 14.0, "tmin_d4": 13.9, "tmin_d5": 12.0, "tmin_d6": 10.1, "day_of_year": 215, "uuid": "669e4849-bbbf-4987-a217-3d85c9ce2d68", "inat_id": 239278282}}, {"type": "Feature", "geometry": {"type": "Point", "coordinates": [-105.0509194444, 37.97865]}, "properties": {"species": "Flammulina populicola", "date": "2024-08-08", "location": "Custer County, CO, USA", "elevation": 2660.0, "land_cover_label": "Tree cover", "water_mask": false, "exclude_reason": "keep", "ndvi": null, "soil_moisture": null, "solar_exposure": null, "wind_exposure": null, "water_retention": null, "slope": null, "aspect": null, "num_identification_agreements": 1, "cluster": 0, "tavg": null, "tmin": 17.6, "tmax": 25.9, "prcp_d0": 0.0, "prcp_d1": 6.874716281890869, "prcp_d2": 6.874716281890869, "prcp_d3": 3.6379566192626953, "prcp_d4": 0.0, "prcp_d5": 0.0, "prcp_d6": 0.0, "tmax_d0": 19.6, "tmax_d1": 26.4, "tmax_d2": 22.3, "tmax_d3": 27.5, "tmax_d4": 27.7, "tmax_d5": 25.8, "tmax_d6": 25.0, "tmin_d0": 12.4, "tmin_d1": 14.3, "tmin_d2": 13.4, "tmin_d3": 16.3, "tmin_d4": 14.6, "tmin_d5": 15.9, "tmin_d6": 15.7, "day_of_year": 221, "uuid": "de5f6a63-05bd-402c-a839-95e440e28b59", "inat_id": 234991107}}, {"type": "Feature", "geometry": {"type": "Point", "coordinates": [-107.6256428255, 39.1238922211]}, "properties": {"species": "Flammulina populicola", "date": "2024-08-10", "location": "Delta County, CO, USA", "elevation": 2816.0, "land_cover_label": "Tree cover", "water_mask": false, "exclude_reason": "keep", "ndvi": null, "soil_moisture": null, "solar_exposure": null, "wind_exposure": null, "water_retention": null, "slope": null, "aspect": null, "num_identification_agreements": 2, "cluster": 0, "tavg": null, "tmin": 6.3, "tmax": 18.4, "prcp_d0": 0.0, "prcp_d1": 0.0, "prcp_d2": 0.0, "prcp_d3": 0.0, "prcp_d4": 11.876622200012209, "prcp_d5": 6.875783920288086, "prcp_d6": 0.0, "tmax_d0": 19.8, "tmax_d1": 19.6, "tmax_d2": 23.8, "tmax_d3": 24.0, "tmax_d4": 25.0, "tmax_d5": 24.8, "tmax_d6": 23.8, "tmin_d0": 7.1, "tmin_d1": 10.7, "tmin_d2": 9.5, "tmin_d3": 10.0, "tmin_d4": 12.9, "tmin_d5": 9.7, "tmin_d6": 11.3, "day_of_year": 223, "uuid": "6aff226b-85e8-4336-ac98-1d8b52660297", "inat_id": 235081567}}, {"type": "Feature", "geometry": {"type": "Point", "coordinates": [-105.7898416667, 35.8098533333]}, "properties": {"species": "Flammulina populicola", "date": "2024-08-10", "location": "Santa Fe National Forest, Tererro, NM, US", "elevation": 3249.0, "land_cover_label": "Tree cover", "water_mask": false, "exclude_reason": "keep", "ndvi": null, "soil_moisture": null, "solar_exposure": null, "wind_exposure": null, "water_retention": null, "slope": null, "aspect": null, "num_identification_agreements": 1, "cluster": 1, "tavg": null, "tmin": 17.2, "tmax": 28.3, "prcp_d0": 6.709542274475098, "prcp_d1": 13.419084548950195, "prcp_d2": 13.419084548950195, "prcp_d3": 0.0, "prcp_d4": 6.709542274475098, "prcp_d5": 9.968097686767578, "prcp_d6": 0.0, "tmax_d0": 16.9, "tmax_d1": 15.2, "tmax_d2": 18.2, "tmax_d3": 20.1, "tmax_d4": 20.1, "tmax_d5": 20.4, "tmax_d6": 20.2, "tmin_d0": 8.3, "tmin_d1": 7.7, "tmin_d2": 7.9, "tmin_d3": 9.9, "tmin_d4": 7.6, "tmin_d5": 8.7, "tmin_d6": 8.8, "day_of_year": 223, "uuid": "fd59059c-a5cc-45cc-8173-68fef6847522", "inat_id": 235346700}}, {"type": "Feature", "geometry": {"type": "Point", "coordinates": [-107.8998781, 37.9216631]}, "properties": {"species": "Flammulina populicola", "date": "2024-08-14", "location": "San Miguel River South Fork Preserve, 37 921612 #107.899833, Mountain Village, CO 81435, USA", "elevation": 2536.0, "land_cover_label": "Grassland", "water_mask": false, "exclude_reason": "keep", "ndvi": null, "soil_moisture": null, "solar_exposure": null, "wind_exposure": null, "water_retention": null, "slope": null, "aspect": null, "num_identification_agreements": 5, "cluster": 1, "tavg": null, "tmin": 9.0, "tmax": 20.0, "prcp_d0": 0.0, "prcp_d1": 23.053241729736328, "prcp_d2": 11.526620864868164, "prcp_d3": 0.0, "prcp_d4": 0.0, "prcp_d5": 0.0, "prcp_d6": 7.814668655395508, "tmax_d0": 21.7, "tmax_d1": 21.2, "tmax_d2": 22.4, "tmax_d3": 23.6, "tmax_d4": 21.8, "tmax_d5": 23.7, "tmax_d6": 27.1, "tmin_d0": 7.5, "tmin_d1": 9.4, "tmin_d2": 9.4, "tmin_d3": 10.2, "tmin_d4": 10.2, "tmin_d5": 13.4, "tmin_d6": 8.8, "day_of_year": 227, "uuid": "b9252c4f-716a-42fe-b39e-a66ce2d22ff8", "inat_id": 235776242}}, {"type": "Feature", "geometry": {"type": "Point", "coordinates": [-107.8814466667, 37.8454083333]}, "properties": {"species": "Flammulina populicola", "date": "2024-08-14", "location": "Grand Mesa Uncompahgre and Gunnison National Forests, Ophir, CO, US", "elevation": 2886.0, "land_cover_label": "Tree cover", "water_mask": false, "exclude_reason": "keep", "ndvi": null, "soil_moisture": null, "solar_exposure": null, "wind_exposure": null, "water_retention": null, "slope": null, "aspect": null, "num_identification_agreements": 1, "cluster": 1, "tavg": null, "tmin": 9.0, "tmax": 20.0, "prcp_d0": 0.0, "prcp_d1": 43.5639533996582, "prcp_d2": 0.0, "prcp_d3": 0.0, "prcp_d4": 0.0, "prcp_d5": 0.0, "prcp_d6": 13.74919891357422, "tmax_d0": 18.6, "tmax_d1": 17.2, "tmax_d2": 19.9, "tmax_d3": 20.5, "tmax_d4": 19.5, "tmax_d5": 17.1, "tmax_d6": 22.9, "tmin_d0": 5.2, "tmin_d1": 8.5, "tmin_d2": 8.9, "tmin_d3": 8.2, "tmin_d4": 7.5, "tmin_d5": 10.0, "tmin_d6": 7.7, "day_of_year": 227, "uuid": "ae703128-4ea3-4066-a6fa-e0c068b17b77", "inat_id": 235783112}}, {"type": "Feature", "geometry": {"type": "Point", "coordinates": [-107.8806972222, 37.8334138889]}, "properties": {"species": "Flammulina populicola", "date": "2024-08-18", "location": "Ophir, CO 81426, USA", "elevation": 2930.0, "land_cover_label": "Tree cover", "water_mask": false, "exclude_reason": "keep", "ndvi": null, "soil_moisture": null, "solar_exposure": null, "wind_exposure": null, "water_retention": null, "slope": null, "aspect": null, "num_identification_agreements": 1, "cluster": 2, "tavg": null, "tmin": 11.0, "tmax": 20.0, "prcp_d0": 0.0, "prcp_d1": 0.0, "prcp_d2": 0.0, "prcp_d3": 0.0, "prcp_d4": 0.0, "prcp_d5": 43.5639533996582, "prcp_d6": 0.0, "tmax_d0": 19.3, "tmax_d1": 21.7, "tmax_d2": 21.5, "tmax_d3": 20.4, "tmax_d4": 18.3, "tmax_d5": 16.9, "tmax_d6": 19.6, "tmin_d0": 8.3, "tmin_d1": 7.8, "tmin_d2": 8.3, "tmin_d3": 5.9, "tmin_d4": 5.0, "tmin_d5": 8.2, "tmin_d6": 8.7, "day_of_year": 231, "uuid": "5dd22c46-3541-4831-a18e-0a6d10dffec2", "inat_id": 236729187}}, {"type": "Feature", "geometry": {"type": "Point", "coordinates": [-105.3750110504, 39.5003654278]}, "properties": {"species": "Flammulina populicola", "date": "2024-08-19", "location": "Staunton State Park, Pine, CO, US", "elevation": 2563.0, "land_cover_label": "Tree cover", "water_mask": false, "exclude_reason": "keep", "ndvi": null, "soil_moisture": 0.2550559853822816, "solar_exposure": 0.9045501947402954, "wind_exposure": 0.2943592965602875, "water_retention": 0.3268140256404876, "slope": 6.915757179260254, "aspect": 190.0970764160156, "num_identification_agreements": 3, "cluster": 0, "tavg": null, "tmin": 17.2, "tmax": 29.4, "prcp_d0": 0.0, "prcp_d1": 0.0, "prcp_d2": 0.0, "prcp_d3": 0.0, "prcp_d4": 0.0, "prcp_d5": 0.0, "prcp_d6": 0.0, "tmax_d0": 23.5, "tmax_d1": 26.6, "tmax_d2": 27.4, "tmax_d3": 26.2, "tmax_d4": 22.8, "tmax_d5": 22.5, "tmax_d6": 22.4, "tmin_d0": 12.1, "tmin_d1": 11.3, "tmin_d2": 9.5, "tmin_d3": 9.2, "tmin_d4": 8.5, "tmin_d5": 7.1, "tmin_d6": 10.1, "day_of_year": 232, "uuid": "07766868-0fa9-4355-a900-21d661dbd9fb", "inat_id": 236758530}}, {"type": "Feature", "geometry": {"type": "Point", "coordinates": [-107.5919883333, 38.1758833333]}, "properties": {"species": "Flammulina populicola", "date": "2024-08-27", "location": "Grand Mesa Uncompahgre and Gunnison National Forests, Ridgway, CO, US", "elevation": 2836.0, "land_cover_label": "Tree cover", "water_mask": false, "exclude_reason": "keep", "ndvi": null, "soil_moisture": null, "solar_exposure": null, "wind_exposure": null, "water_retention": null, "slope": null, "aspect": null, "num_identification_agreements": 1, "cluster": 0, "tavg": null, "tmin": 2.8, "tmax": 21.0, "prcp_d0": 0.2507444024085998, "prcp_d1": 6.261673450469971, "prcp_d2": 1.2415225505828855, "prcp_d3": 13.326979637145996, "prcp_d4": 1.2860612869262695, "prcp_d5": 2.183500528335572, "prcp_d6": 4.044929504394531, "tmax_d0": 21.3, "tmax_d1": 19.4, "tmax_d2": 19.8, "tmax_d3": 18.8, "tmax_d4": 20.8, "tmax_d5": 19.0, "tmax_d6": 22.2, "tmin_d0": 6.9, "tmin_d1": 9.2, "tmin_d2": 8.3, "tmin_d3": 10.3, "tmin_d4": 9.6, "tmin_d5": 8.1, "tmin_d6": 12.3, "day_of_year": 240, "uuid": "1c0120e3-ab24-43c3-ae03-03b359fa5723", "inat_id": 267288019}}, {"type": "Feature", "geometry": {"type": "Point", "coordinates": [-105.6623036797, 39.4688185126]}, "properties": {"species": "Flammulina populicola", "date": "2024-09-02", "location": "Colorado, US", "elevation": 2817.0, "land_cover_label": "Grassland", "water_mask": false, "exclude_reason": "keep", "ndvi": null, "soil_moisture": 0.2692098845730671, "solar_exposure": 0.9757856726646424, "wind_exposure": 0.2918165028095245, "water_retention": 0.1564659178256988, "slope": 23.43619728088379, "aspect": 157.90866088867188, "num_identification_agreements": 3, "cluster": 0, "tavg": null, "tmin": null, "tmax": null, "prcp_d0": 0.0, "prcp_d1": 0.0, "prcp_d2": 0.0, "prcp_d3": 0.0230545494705438, "prcp_d4": 0.0, "prcp_d5": 0.0, "prcp_d6": 0.3669096231460571, "tmax_d0": 20.4, "tmax_d1": 19.3, "tmax_d2": 21.2, "tmax_d3": 21.7, "tmax_d4": 20.1, "tmax_d5": 22.5, "tmax_d6": 21.2, "tmin_d0": 3.1, "tmin_d1": 4.4, "tmin_d2": 3.3, "tmin_d3": 3.4, "tmin_d4": 5.2, "tmin_d5": 5.0, "tmin_d6": 3.8, "day_of_year": 246, "uuid": "07be023b-ef98-4768-a42d-b22b46f83cb3", "inat_id": 239564204}}, {"type": "Feature", "geometry": {"type": "Point", "coordinates": [-105.0953217473, 39.2216199956]}, "properties": {"species": "Flammulina populicola", "date": "2024-09-07", "location": "Colorado, US", "elevation": 2576.0, "land_cover_label": "Tree cover", "water_mask": false, "exclude_reason": "keep", "ndvi": null, "soil_moisture": 0.1571140873806107, "solar_exposure": 0.8646204471588135, "wind_exposure": 0.309558629989624, "water_retention": 0.1931847184896469, "slope": 7.166247367858887, "aspect": 115.5759735107422, "num_identification_agreements": 1, "cluster": 0, "tavg": null, "tmin": 8.4, "tmax": 26.9, "prcp_d0": 0.0, "prcp_d1": 0.0, "prcp_d2": 13.021736145019531, "prcp_d3": 0.0, "prcp_d4": 0.0, "prcp_d5": 0.0, "prcp_d6": 0.0, "tmax_d0": 21.9, "tmax_d1": 20.4, "tmax_d2": 15.2, "tmax_d3": 22.4, "tmax_d4": 25.8, "tmax_d5": 24.6, "tmax_d6": 22.5, "tmin_d0": 8.2, "tmin_d1": 5.7, "tmin_d2": 6.8, "tmin_d3": 11.0, "tmin_d4": 10.0, "tmin_d5": 10.6, "tmin_d6": 10.3, "day_of_year": 251, "uuid": "b0a36a4e-d52b-4a5c-8b98-73339cd87976", "inat_id": 240488999}}, {"type": "Feature", "geometry": {"type": "Point", "coordinates": [-105.36342, 41.163853]}, "properties": {"species": "Flammulina populicola", "date": "2024-09-07", "location": "Albany County, US-WY, US", "elevation": 2457.0, "land_cover_label": "Tree cover", "water_mask": false, "exclude_reason": "keep", "ndvi": null, "soil_moisture": 0.1753682302620627, "solar_exposure": 0.7835041880607605, "wind_exposure": 0.3083931803703308, "water_retention": 0.2913218140602112, "slope": 5.028836250305176, "aspect": 350.7290954589844, "num_identification_agreements": 1, "cluster": 0, "tavg": null, "tmin": 11.0, "tmax": 23.1, "prcp_d0": 0.0, "prcp_d1": 0.0, "prcp_d2": 15.225701332092283, "prcp_d3": 0.0, "prcp_d4": 0.0, "prcp_d5": 0.0, "prcp_d6": 0.0, "tmax_d0": 23.6, "tmax_d1": 22.5, "tmax_d2": 17.0, "tmax_d3": 20.9, "tmax_d4": 26.2, "tmax_d5": 25.4, "tmax_d6": 22.6, "tmin_d0": 11.1, "tmin_d1": 9.6, "tmin_d2": 8.1, "tmin_d3": 10.5, "tmin_d4": 14.5, "tmin_d5": 11.5, "tmin_d6": 11.8, "day_of_year": 251, "uuid": "50011b67-7f97-4e15-900e-5de04ad9e829", "inat_id": 244426563}}, {"type": "Feature", "geometry": {"type": "Point", "coordinates": [-107.3224289722, 40.053113]}, "properties": {"species": "Flammulina populicola", "date": "2024-09-10", "location": "Rio Blanco County, US-CO, US", "elevation": 2610.0, "land_cover_label": "Tree cover", "water_mask": false, "exclude_reason": "keep", "ndvi": null, "soil_moisture": null, "solar_exposure": null, "wind_exposure": null, "water_retention": null, "slope": null, "aspect": null, "num_identification_agreements": 1, "cluster": 0, "tavg": null, "tmin": 6.1, "tmax": 26.1, "prcp_d0": 5.487602710723877, "prcp_d1": 5.487602710723877, "prcp_d2": 0.0, "prcp_d3": 0.0, "prcp_d4": 0.0, "prcp_d5": 0.0, "prcp_d6": 0.0, "tmax_d0": 19.9, "tmax_d1": 20.2, "tmax_d2": 21.0, "tmax_d3": 20.7, "tmax_d4": 20.8, "tmax_d5": 19.7, "tmax_d6": 18.6, "tmin_d0": 5.6, "tmin_d1": 6.6, "tmin_d2": 6.2, "tmin_d3": 5.2, "tmin_d4": 3.1, "tmin_d5": 4.1, "tmin_d6": 5.7, "day_of_year": 254, "uuid": "e729bd8d-5aee-4d1e-a9c5-ae18b2906b91", "inat_id": 244427162}}, {"type": "Feature", "geometry": {"type": "Point", "coordinates": [-105.3834388889, 39.5664277778]}, "properties": {"species": "Flammulina populicola", "date": "2024-09-24", "location": "Shadow Mountain, CO, USA", "elevation": 2580.0, "land_cover_label": "Tree cover", "water_mask": false, "exclude_reason": "keep", "ndvi": null, "soil_moisture": 0.2360538820519746, "solar_exposure": 0.8008266091346741, "wind_exposure": 0.2744306921958923, "water_retention": 0.2003177106380462, "slope": 6.45326042175293, "aspect": 61.322383880615234, "num_identification_agreements": 1, "cluster": 0, "tavg": null, "tmin": -1.5, "tmax": 9.9, "prcp_d0": 0.0, "prcp_d1": 0.0, "prcp_d2": 19.58757781982422, "prcp_d3": 0.0, "prcp_d4": 0.0, "prcp_d5": 0.0, "prcp_d6": 0.0, "tmax_d0": 18.2, "tmax_d1": 19.6, "tmax_d2": 11.5, "tmax_d3": 20.1, "tmax_d4": 23.9, "tmax_d5": 22.9, "tmax_d6": 22.1, "tmin_d0": 4.5, "tmin_d1": 3.1, "tmin_d2": 2.4, "tmin_d3": 9.2, "tmin_d4": 7.0, "tmin_d5": 2.7, "tmin_d6": 3.6, "day_of_year": 268, "uuid": "1be80981-65fc-4a7d-bd18-acbb978def17", "inat_id": 244762224}}, {"type": "Feature", "geometry": {"type": "Point", "coordinates": [-107.994155, 38.235175]}, "properties": {"species": "Flammulina populicola", "date": "2024-10-23", "location": "Grand Mesa Uncompahgre and Gunnison National Forests, Montrose, CO, US", "elevation": 2799.0, "land_cover_label": "Tree cover", "water_mask": false, "exclude_reason": "keep", "ndvi": null, "soil_moisture": null, "solar_exposure": null, "wind_exposure": null, "water_retention": null, "slope": null, "aspect": null, "num_identification_agreements": 2, "cluster": 0, "tavg": null, "tmin": 2.8, "tmax": 21.1, "prcp_d0": 0.0, "prcp_d1": 0.0, "prcp_d2": 0.0, "prcp_d3": 2.341941595077514, "prcp_d4": 4.683883190155029, "prcp_d5": 0.0, "prcp_d6": 0.0, "tmax_d0": 15.5, "tmax_d1": 13.7, "tmax_d2": 9.4, "tmax_d3": 10.5, "tmax_d4": 9.5, "tmax_d5": 9.3, "tmax_d6": 9.8, "tmin_d0": 1.2, "tmin_d1": 1.7, "tmin_d2": -2.3, "tmin_d3": 0.7, "tmin_d4": -1.2, "tmin_d5": 2.6, "tmin_d6": 4.2, "day_of_year": 297, "uuid": "f9a33c99-8089-405c-addf-4e9d9668688c", "inat_id": 248799878}}, {"type": "Feature", "geometry": {"type": "Point", "coordinates": [-105.0279166667, 38.0004083333]}, "properties": {"species": "Flammulina populicola", "date": "2025-05-31", "location": "Pike and San Isabel National Forests, Rye, CO, US", "elevation": 2604.0, "land_cover_label": "Tree cover", "water_mask": false, "exclude_reason": "keep", "ndvi": null, "soil_moisture": null, "solar_exposure": null, "wind_exposure": null, "water_retention": null, "slope": null, "aspect": null, "num_identification_agreements": 1, "cluster": 0, "tavg": null, "tmin": 10.0, "tmax": 29.0, "prcp_d0": 3.056004047393799, "prcp_d1": 3.056004047393799, "prcp_d2": 6.112008094787598, "prcp_d3": 3.056004047393799, "prcp_d4": 3.056004047393799, "prcp_d5": 3.056004047393799, "prcp_d6": 0.0, "tmax_d0": 19.8, "tmax_d1": 19.7, "tmax_d2": 11.2, "tmax_d3": 18.5, "tmax_d4": 15.9, "tmax_d5": 12.3, "tmax_d6": 15.0, "tmin_d0": 9.5, "tmin_d1": 4.9, "tmin_d2": 5.5, "tmin_d3": 4.6, "tmin_d4": 2.8, "tmin_d5": 5.0, "tmin_d6": 6.3, "day_of_year": 151, "uuid": "1239b260-c8fe-4a95-893a-ddb8fd74fb17", "inat_id": 285854435}}, {"type": "Feature", "geometry": {"type": "Point", "coordinates": [-105.0277333333, 38.000355555]}, "properties": {"species": "Flammulina populicola", "date": "2025-05-31", "location": "Pike and San Isabel National Forests, Rye, CO, US", "elevation": 2604.0, "land_cover_label": "Tree cover", "water_mask": false, "exclude_reason": "keep", "ndvi": null, "soil_moisture": null, "solar_exposure": null, "wind_exposure": null, "water_retention": null, "slope": null, "aspect": null, "num_identification_agreements": 1, "cluster": 0, "tavg": null, "tmin": 10.0, "tmax": 29.0, "prcp_d0": 3.056004047393799, "prcp_d1": 3.056004047393799, "prcp_d2": 6.112008094787598, "prcp_d3": 3.056004047393799, "prcp_d4": 3.056004047393799, "prcp_d5": 3.056004047393799, "prcp_d6": 0.0, "tmax_d0": 19.8, "tmax_d1": 19.7, "tmax_d2": 11.2, "tmax_d3": 18.5, "tmax_d4": 15.9, "tmax_d5": 12.3, "tmax_d6": 15.0, "tmin_d0": 9.5, "tmin_d1": 4.9, "tmin_d2": 5.5, "tmin_d3": 4.6, "tmin_d4": 2.8, "tmin_d5": 5.0, "tmin_d6": 6.3, "day_of_year": 151, "uuid": "b3c60912-c9cd-408c-a9ea-e84290e32578", "inat_id": 286625999}}, {"type": "Feature", "geometry": {"type": "Point", "coordinates": [-105.81057778, 35.77380833]}, "properties": {"species": "Flammulina populicola", "date": "2025-07-03", "location": "Santa Fe, New Mexico, United States", "elevation": 2979.0, "land_cover_label": "Tree cover", "water_mask": false, "exclude_reason": "keep", "ndvi": null, "soil_moisture": null, "solar_exposure": null, "wind_exposure": null, "water_retention": null, "slope": null, "aspect": null, "num_identification_agreements": 2, "cluster": 0, "tavg": null, "tmin": 17.2, "tmax": 27.8, "prcp_d0": 6.446969985961914, "prcp_d1": 1.6422553062438965, "prcp_d2": 0.2212052047252655, "prcp_d3": 3.631688356399536, "prcp_d4": 0.0, "prcp_d5": 0.0, "prcp_d6": 0.0, "tmax_d0": 18.2, "tmax_d1": 19.2, "tmax_d2": 17.7, "tmax_d3": 21.6, "tmax_d4": 21.8, "tmax_d5": 21.6, "tmax_d6": 19.7, "tmin_d0": 6.1, "tmin_d1": 4.0, "tmin_d2": 3.2, "tmin_d3": 6.1, "tmin_d4": 8.0, "tmin_d5": 7.7, "tmin_d6": 7.1, "day_of_year": 184, "uuid": "ff4c74cc-7329-41f0-af34-856e672bcb78", "inat_id": 295529799}}, {"type": "Feature", "geometry": {"type": "Point", "coordinates": [-105.5363616667, 40.1315195]}, "properties": {"species": "Flammulina populicola", "date": "2025-07-18", "location": "Buchanan Pass Trail, Lyons, CO, US", "elevation": 2708.0, "land_cover_label": "Tree cover", "water_mask": false, "exclude_reason": "keep", "ndvi": null, "soil_moisture": 0.3531931955335747, "solar_exposure": 0.8056232333183289, "wind_exposure": 0.1731675267219543, "water_retention": 0.5826960802078247, "slope": 3.210911750793457, "aspect": 14.637316703796388, "num_identification_agreements": 2, "cluster": 3, "tavg": null, "tmin": 17.0, "tmax": 34.0, "prcp_d0": 0.0, "prcp_d1": 0.0, "prcp_d2": 0.0, "prcp_d3": 0.0, "prcp_d4": 13.501996994018556, "prcp_d5": 0.0, "prcp_d6": 4.500665664672852, "tmax_d0": 22.7, "tmax_d1": 21.6, "tmax_d2": 20.4, "tmax_d3": 23.3, "tmax_d4": 24.1, "tmax_d5": 20.7, "tmax_d6": 19.7, "tmin_d0": 10.4, "tmin_d1": 9.0, "tmin_d2": 11.0, "tmin_d3": 10.8, "tmin_d4": 12.1, "tmin_d5": 10.9, "tmin_d6": 8.3, "day_of_year": 199, "uuid": "b871a702-a441-4d09-b143-d1928e083d09", "inat_id": 299739157}}, {"type": "Feature", "geometry": {"type": "Point", "coordinates": [-105.1687866667, 38.9724383333]}, "properties": {"species": "Flammulina populicola", "date": "2025-07-25", "location": "Pike and San Isabel National Forests, Divide, CO, US", "elevation": 2795.0, "land_cover_label": "Tree cover", "water_mask": false, "exclude_reason": "keep", "ndvi": null, "soil_moisture": null, "solar_exposure": null, "wind_exposure": null, "water_retention": null, "slope": null, "aspect": null, "num_identification_agreements": 1, "cluster": 0, "tavg": null, "tmin": 10.8, "tmax": 28.8, "prcp_d0": 0.0, "prcp_d1": 6.754504680633545, "prcp_d2": 13.50900936126709, "prcp_d3": 0.0, "prcp_d4": 0.0, "prcp_d5": 0.0, "prcp_d6": 0.0, "tmax_d0": 22.8, "tmax_d1": 21.7, "tmax_d2": 20.1, "tmax_d3": 23.6, "tmax_d4": 24.9, "tmax_d5": 23.2, "tmax_d6": 23.4, "tmin_d0": 10.0, "tmin_d1": 8.9, "tmin_d2": 9.9, "tmin_d3": 12.6, "tmin_d4": 12.0, "tmin_d5": 12.5, "tmin_d6": 11.7, "day_of_year": 206, "uuid": "f604a40c-bc57-456e-a1b0-e5762ceeb55d", "inat_id": 301345325}}, {"type": "Feature", "geometry": {"type": "Point", "coordinates": [-105.524475, 40.0274055]}, "properties": {"species": "Flammulina populicola", "date": "2025-07-26", "location": "County Road 116, Nederland, CO, US", "elevation": 2814.0, "land_cover_label": "Bare / sparse vegetation", "water_mask": false, "exclude_reason": "keep", "ndvi": null, "soil_moisture": 0.2489719812137616, "solar_exposure": 0.8598523736000061, "wind_exposure": 0.3107717037200928, "water_retention": 0.2233137190341949, "slope": 4.598011016845703, "aspect": 118.19294738769533, "num_identification_agreements": 1, "cluster": 0, "tavg": null, "tmin": 16.0, "tmax": 32.0, "prcp_d0": 0.0, "prcp_d1": 0.0, "prcp_d2": 6.650092601776123, "prcp_d3": 6.650092601776123, "prcp_d4": 0.0, "prcp_d5": 0.0, "prcp_d6": 0.0, "tmax_d0": 21.6, "tmax_d1": 22.3, "tmax_d2": 18.8, "tmax_d3": 18.4, "tmax_d4": 21.4, "tmax_d5": 23.1, "tmax_d6": 22.1, "tmin_d0": 8.5, "tmin_d1": 8.6, "tmin_d2": 8.9, "tmin_d3": 10.8, "tmin_d4": 10.4, "tmin_d5": 10.3, "tmin_d6": 9.1, "day_of_year": 207, "uuid": "75db3ee7-4c64-48ed-a06d-6c83c3d0701b", "inat_id": 301358754}}, {"type": "Feature", "geometry": {"type": "Point", "coordinates": [-106.9381744616, 38.6173751852]}, "properties": {"species": "Flammulina populicola", "date": "2025-08-03", "location": "Gunnison County, US-CO, US", "elevation": 2406.0, "land_cover_label": "Grassland", "water_mask": false, "exclude_reason": "keep", "ndvi": null, "soil_moisture": null, "solar_exposure": null, "wind_exposure": null, "water_retention": null, "slope": null, "aspect": null, "num_identification_agreements": 1, "cluster": 0, "tavg": null, "tmin": 3.9, "tmax": 27.8, "prcp_d0": 0.0, "prcp_d1": 0.0, "prcp_d2": 7.333386421203613, "prcp_d3": 5.90755558013916, "prcp_d4": 0.0, "prcp_d5": 0.0, "prcp_d6": 0.0, "tmax_d0": 27.6, "tmax_d1": 25.8, "tmax_d2": 22.9, "tmax_d3": 22.3, "tmax_d4": 25.0, "tmax_d5": 24.7, "tmax_d6": 27.5, "tmin_d0": 6.7, "tmin_d1": 7.2, "tmin_d2": 6.7, "tmin_d3": 6.8, "tmin_d4": 7.1, "tmin_d5": 13.0, "tmin_d6": 6.5, "day_of_year": 215, "uuid": "038c56eb-ca84-49d3-8f96-49d0cd8712ac", "inat_id": 303565455}}, {"type": "Feature", "geometry": {"type": "Point", "coordinates": [-105.5930636882, 39.657501182]}, "properties": {"species": "Flammulina populicola", "date": "2025-08-04", "location": "Colorado, US", "elevation": 3246.0, "land_cover_label": "Tree cover", "water_mask": false, "exclude_reason": "keep", "ndvi": null, "soil_moisture": 0.343209305318833, "solar_exposure": 0.935706615447998, "wind_exposure": 0.287684679031372, "water_retention": 0.1463498026132583, "slope": 14.134835243225098, "aspect": 149.55953979492188, "num_identification_agreements": 1, "cluster": 0, "tavg": null, "tmin": -1.0, "tmax": 16.5, "prcp_d0": 0.0, "prcp_d1": 0.0, "prcp_d2": 0.0, "prcp_d3": 4.892375469207764, "prcp_d4": 4.305025100708008, "prcp_d5": 4.305025100708008, "prcp_d6": 4.305025100708008, "tmax_d0": 21.9, "tmax_d1": 18.7, "tmax_d2": 18.4, "tmax_d3": 18.2, "tmax_d4": 19.9, "tmax_d5": 16.1, "tmax_d6": 17.3, "tmin_d0": 5.4, "tmin_d1": 3.7, "tmin_d2": 5.3, "tmin_d3": 3.8, "tmin_d4": 5.3, "tmin_d5": 5.1, "tmin_d6": 10.0, "day_of_year": 216, "uuid": "d575117b-ad8f-4baa-9ce4-dd39fb2be68f", "inat_id": 303890314}}, {"type": "Feature", "geometry": {"type": "Point", "coordinates": [-105.80797097, 35.77276753]}, "properties": {"species": "Flammulina populicola", "date": "2025-08-06", "location": "Santa Fe County, US-NM, US", "elevation": 3008.0, "land_cover_label": "Tree cover", "water_mask": false, "exclude_reason": "keep", "ndvi": null, "soil_moisture": null, "solar_exposure": null, "wind_exposure": null, "water_retention": null, "slope": null, "aspect": null, "num_identification_agreements": 1, "cluster": 0, "tavg": null, "tmin": 15.0, "tmax": 35.0, "prcp_d0": 0.0, "prcp_d1": 0.0, "prcp_d2": 0.0, "prcp_d3": 0.0, "prcp_d4": 0.0, "prcp_d5": 0.0, "prcp_d6": 7.859631538391113, "tmax_d0": 24.0, "tmax_d1": 23.6, "tmax_d2": 22.4, "tmax_d3": 21.6, "tmax_d4": 20.7, "tmax_d5": 18.7, "tmax_d6": 18.0, "tmin_d0": 11.1, "tmin_d1": 10.6, "tmin_d2": 4.4, "tmin_d3": 10.4, "tmin_d4": 9.3, "tmin_d5": 6.4, "tmin_d6": 4.4, "day_of_year": 218, "uuid": "ec517f67-5ed1-43e2-af2c-207167579cde", "inat_id": 304517558}}, {"type": "Feature", "geometry": {"type": "Point", "coordinates": [-105.0286678133, 39.121226985]}, "properties": {"species": "Flammulina populicola", "date": "2025-08-07", "location": "El Paso County, US-CO, US", "elevation": 2813.0, "land_cover_label": "Tree cover", "water_mask": false, "exclude_reason": "keep", "ndvi": null, "soil_moisture": 0.117969480323856, "solar_exposure": 0.8057016134262085, "wind_exposure": 0.3446946740150451, "water_retention": 0.2492533922195434, "slope": 3.133235454559326, "aspect": 7.440042495727539, "num_identification_agreements": 1, "cluster": 0, "tavg": null, "tmin": 14.5, "tmax": 34.0, "prcp_d0": 0.0, "prcp_d1": 0.0, "prcp_d2": 0.0, "prcp_d3": 0.0, "prcp_d4": 0.0, "prcp_d5": 0.0, "prcp_d6": 0.0, "tmax_d0": 26.5, "tmax_d1": 25.5, "tmax_d2": 25.7, "tmax_d3": 25.1, "tmax_d4": 20.7, "tmax_d5": 21.7, "tmax_d6": 21.5, "tmin_d0": 13.6, "tmin_d1": 13.5, "tmin_d2": 11.3, "tmin_d3": 9.5, "tmin_d4": 7.4, "tmin_d5": 7.9, "tmin_d6": 8.4, "day_of_year": 219, "uuid": "8fd2cbb4-e05d-4ebf-b0bd-4f0bc14d3ddc", "inat_id": 304581601}}, {"type": "Feature", "geometry": {"type": "Point", "coordinates": [-105.0280445, 39.1221611667]}, "properties": {"species": "Flammulina populicola", "date": "2025-08-07", "location": "Pike and San Isabel National Forests, Woodland Park, CO, US", "elevation": 2813.0, "land_cover_label": "Tree cover", "water_mask": false, "exclude_reason": "keep", "ndvi": null, "soil_moisture": 0.1178512813055638, "solar_exposure": 0.8137739300727844, "wind_exposure": 0.3213993906974792, "water_retention": 0.2233137190341949, "slope": 4.598011016845703, "aspect": 61.80705261230469, "num_identification_agreements": 2, "cluster": 0, "tavg": null, "tmin": 14.5, "tmax": 34.0, "prcp_d0": 0.0, "prcp_d1": 0.0, "prcp_d2": 0.0, "prcp_d3": 0.0, "prcp_d4": 0.0, "prcp_d5": 0.0, "prcp_d6": 0.0, "tmax_d0": 26.5, "tmax_d1": 25.6, "tmax_d2": 25.8, "tmax_d3": 25.1, "tmax_d4": 20.7, "tmax_d5": 21.7, "tmax_d6": 21.6, "tmin_d0": 13.7, "tmin_d1": 13.6, "tmin_d2": 11.4, "tmin_d3": 9.5, "tmin_d4": 7.4, "tmin_d5": 8.0, "tmin_d6": 8.5, "day_of_year": 219, "uuid": "d3b66a98-5916-4ac6-89ac-e935c10eaf52", "inat_id": 304609075}}, {"type": "Feature", "geometry": {"type": "Point", "coordinates": [-105.0057183333, 39.0243266667]}, "properties": {"species": "Flammulina populicola", "date": "2025-08-09", "location": "Colorado Springs, CO 80921, USA", "elevation": 2833.0, "land_cover_label": "Tree cover", "water_mask": false, "exclude_reason": "keep", "ndvi": null, "soil_moisture": 0.154686487694033, "solar_exposure": 0.8350111842155457, "wind_exposure": 0.3655535280704498, "water_retention": 0.2091416716575622, "slope": 5.667171955108643, "aspect": 270.0, "num_identification_agreements": 2, "cluster": 0, "tavg": null, "tmin": 11.6, "tmax": 30.2, "prcp_d0": 0.0, "prcp_d1": 0.0, "prcp_d2": 0.0, "prcp_d3": 0.0, "prcp_d4": 0.0, "prcp_d5": 0.0, "prcp_d6": 0.0, "tmax_d0": 25.0, "tmax_d1": 25.9, "tmax_d2": 25.9, "tmax_d3": 25.3, "tmax_d4": 25.1, "tmax_d5": 24.5, "tmax_d6": 21.0, "tmin_d0": 10.2, "tmin_d1": 14.1, "tmin_d2": 14.0, "tmin_d3": 14.6, "tmin_d4": 10.5, "tmin_d5": 10.2, "tmin_d6": 8.7, "day_of_year": 221, "uuid": "84bca160-ba46-4124-b56a-1b6d6b0e9df6", "inat_id": 305163373}}, {"type": "Feature", "geometry": {"type": "Point", "coordinates": [-105.5119999498, 39.8431200845]}, "properties": {"species": "Flammulina populicola", "date": "2025-08-09", "location": "Black Hawk, CO 80422, USA", "elevation": 2776.0, "land_cover_label": "Tree cover", "water_mask": false, "exclude_reason": "keep", "ndvi": null, "soil_moisture": 0.2309482865379487, "solar_exposure": 0.8987897038459778, "wind_exposure": 0.318363606929779, "water_retention": 0.3649420142173767, "slope": 11.679399490356444, "aspect": 228.97055053710932, "num_identification_agreements": 2, "cluster": 0, "tavg": null, "tmin": 1.4, "tmax": 12.0, "prcp_d0": 6.1982622146606445, "prcp_d1": 0.0, "prcp_d2": 0.0, "prcp_d3": 0.0, "prcp_d4": 0.0, "prcp_d5": 0.0, "prcp_d6": 0.0, "tmax_d0": 23.1, "tmax_d1": 24.3, "tmax_d2": 24.6, "tmax_d3": 25.1, "tmax_d4": 24.4, "tmax_d5": 24.8, "tmax_d6": 21.4, "tmin_d0": 6.9, "tmin_d1": 9.0, "tmin_d2": 9.0, "tmin_d3": 7.4, "tmin_d4": 9.0, "tmin_d5": 4.6, "tmin_d6": 4.4, "day_of_year": 221, "uuid": "b1f83e1d-f823-4617-acab-241da07e57b9", "inat_id": 324010158}}, {"type": "Feature", "geometry": {"type": "Point", "coordinates": [-107.8148583333, 37.9363716667]}, "properties": {"species": "Flammulina populicola", "date": "2025-08-13", "location": "River Trail, Telluride, CO, US", "elevation": 2675.0, "land_cover_label": "Bare / sparse vegetation", "water_mask": false, "exclude_reason": "keep", "ndvi": null, "soil_moisture": null, "solar_exposure": null, "wind_exposure": null, "water_retention": null, "slope": null, "aspect": null, "num_identification_agreements": 1, "cluster": 0, "tavg": null, "tmin": 13.0, "tmax": 26.0, "prcp_d0": 0.0, "prcp_d1": 0.0, "prcp_d2": 0.0, "prcp_d3": 0.0, "prcp_d4": 0.0, "prcp_d5": 5.497318744659424, "prcp_d6": 0.0, "tmax_d0": 26.5, "tmax_d1": 24.4, "tmax_d2": 22.5, "tmax_d3": 23.8, "tmax_d4": 25.3, "tmax_d5": 24.6, "tmax_d6": 25.9, "tmin_d0": 8.8, "tmin_d1": 5.7, "tmin_d2": 8.3, "tmin_d3": 11.5, "tmin_d4": 7.3, "tmin_d5": 9.6, "tmin_d6": 7.4, "day_of_year": 225, "uuid": "ffca138b-a5bc-4253-8cc8-6456ed9c2aa0", "inat_id": 306496093}}, {"type": "Feature", "geometry": {"type": "Point", "coordinates": [-107.8240379311, 37.8550268672]}, "properties": {"species": "Flammulina populicola", "date": "2025-08-15", "location": "Granite Ave, Ophir, CO, US", "elevation": 2983.0, "land_cover_label": "Tree cover", "water_mask": false, "exclude_reason": "keep", "ndvi": null, "soil_moisture": null, "solar_exposure": null, "wind_exposure": null, "water_retention": null, "slope": null, "aspect": null, "num_identification_agreements": 2, "cluster": 0, "tavg": null, "tmin": 11.0, "tmax": 21.0, "prcp_d0": 8.844578742980957, "prcp_d1": 0.0, "prcp_d2": 0.0, "prcp_d3": 0.0, "prcp_d4": 0.0, "prcp_d5": 0.0, "prcp_d6": 0.0, "tmax_d0": 19.7, "tmax_d1": 20.8, "tmax_d2": 21.3, "tmax_d3": 19.8, "tmax_d4": 18.5, "tmax_d5": 19.4, "tmax_d6": 20.4, "tmin_d0": 8.5, "tmin_d1": 9.2, "tmin_d2": 7.3, "tmin_d3": 6.1, "tmin_d4": 6.0, "tmin_d5": 9.6, "tmin_d6": 7.1, "day_of_year": 227, "uuid": "80a66603-0531-4766-9f37-aafd6e923703", "inat_id": 306872471}}, {"type": "Feature", "geometry": {"type": "Point", "coordinates": [-105.8272287435, 35.7262077336]}, "properties": {"species": "Flammulina populicola", "date": "2025-08-18", "location": "Santa Fe National Forest, Tererro, NM, US", "elevation": 2678.0, "land_cover_label": "Tree cover", "water_mask": false, "exclude_reason": "keep", "ndvi": null, "soil_moisture": null, "solar_exposure": null, "wind_exposure": null, "water_retention": null, "slope": null, "aspect": null, "num_identification_agreements": 1, "cluster": 0, "tavg": null, "tmin": 13.9, "tmax": 32.2, "prcp_d0": 0.0, "prcp_d1": 0.0, "prcp_d2": 0.0, "prcp_d3": 0.0, "prcp_d4": 0.0, "prcp_d5": 0.0, "prcp_d6": 0.0, "tmax_d0": 23.4, "tmax_d1": 23.6, "tmax_d2": 21.2, "tmax_d3": 23.0, "tmax_d4": 24.3, "tmax_d5": 23.9, "tmax_d6": 21.1, "tmin_d0": 10.0, "tmin_d1": 9.7, "tmin_d2": 9.2, "tmin_d3": 11.2, "tmin_d4": 9.0, "tmin_d5": 8.2, "tmin_d6": 6.0, "day_of_year": 230, "uuid": "477407ce-7122-4bf7-b3e4-548e15d29ad0", "inat_id": 307411693}}, {"type": "Feature", "geometry": {"type": "Point", "coordinates": [-105.8081410628, 35.789846677]}, "properties": {"species": "Flammulina populicola", "date": "2025-08-20", "location": "Winsor Trail, Tererro, NM, US", "elevation": 3123.0, "land_cover_label": "Tree cover", "water_mask": false, "exclude_reason": "keep", "ndvi": null, "soil_moisture": null, "solar_exposure": null, "wind_exposure": null, "water_retention": null, "slope": null, "aspect": null, "num_identification_agreements": 1, "cluster": 0, "tavg": null, "tmin": 14.4, "tmax": 31.1, "prcp_d0": 0.0, "prcp_d1": 11.7296724319458, "prcp_d2": 0.0, "prcp_d3": 0.0, "prcp_d4": 0.0, "prcp_d5": 0.0, "prcp_d6": 0.0, "tmax_d0": 19.9, "tmax_d1": 19.8, "tmax_d2": 21.3, "tmax_d3": 20.5, "tmax_d4": 18.1, "tmax_d5": 20.9, "tmax_d6": 21.8, "tmin_d0": 5.5, "tmin_d1": 6.3, "tmin_d2": 8.8, "tmin_d3": 8.1, "tmin_d4": 7.3, "tmin_d5": 9.0, "tmin_d6": 8.0, "day_of_year": 232, "uuid": "91a02952-b5a6-4a59-a5e4-e8e17457fd71", "inat_id": 314025036}}, {"type": "Feature", "geometry": {"type": "Point", "coordinates": [-105.8014879618, 35.7949199161]}, "properties": {"species": "Flammulina populicola", "date": "2025-08-20", "location": "NM-475, Tererro, NM, US", "elevation": 3169.0, "land_cover_label": "Tree cover", "water_mask": false, "exclude_reason": "keep", "ndvi": null, "soil_moisture": null, "solar_exposure": null, "wind_exposure": null, "water_retention": null, "slope": null, "aspect": null, "num_identification_agreements": 1, "cluster": 0, "tavg": null, "tmin": 14.4, "tmax": 31.1, "prcp_d0": 0.0, "prcp_d1": 11.7296724319458, "prcp_d2": 0.0, "prcp_d3": 0.0, "prcp_d4": 0.0, "prcp_d5": 0.0, "prcp_d6": 0.0, "tmax_d0": 19.7, "tmax_d1": 19.7, "tmax_d2": 21.2, "tmax_d3": 20.4, "tmax_d4": 18.0, "tmax_d5": 20.7, "tmax_d6": 21.7, "tmin_d0": 5.4, "tmin_d1": 6.1, "tmin_d2": 8.6, "tmin_d3": 8.0, "tmin_d4": 7.2, "tmin_d5": 8.9, "tmin_d6": 7.9, "day_of_year": 232, "uuid": "099feddf-d8a7-4edc-beef-ac28f12eb27d", "inat_id": 307793207}}, {"type": "Feature", "geometry": {"type": "Point", "coordinates": [-105.1375914078, 39.2059631339]}, "properties": {"species": "Flammulina populicola", "date": "2025-08-27", "location": "Colorado, US", "elevation": 2281.0, "land_cover_label": "Tree cover", "water_mask": false, "exclude_reason": "keep", "ndvi": null, "soil_moisture": 0.434072931547237, "solar_exposure": 0.7011006474494934, "wind_exposure": 0.4375446736812591, "water_retention": 0.2935419082641601, "slope": 18.80794906616211, "aspect": 296.50262451171875, "num_identification_agreements": 1, "cluster": 1, "tavg": null, "tmin": 4.6, "tmax": 15.5, "prcp_d0": 0.0, "prcp_d1": 0.0, "prcp_d2": 18.86445045471192, "prcp_d3": 18.86445045471192, "prcp_d4": 18.86445045471192, "prcp_d5": 0.0, "prcp_d6": 0.0, "tmax_d0": 22.1, "tmax_d1": 21.3, "tmax_d2": 19.3, "tmax_d3": 21.7, "tmax_d4": 23.5, "tmax_d5": 28.0, "tmax_d6": 30.0, "tmin_d0": 12.8, "tmin_d1": 10.4, "tmin_d2": 10.5, "tmin_d3": 11.7, "tmin_d4": 12.1, "tmin_d5": 12.7, "tmin_d6": 13.8, "day_of_year": 239, "uuid": "3e75b3a8-e733-42ad-a6ac-f0d3ca8ab803", "inat_id": 309575713}}, {"type": "Feature", "geometry": {"type": "Point", "coordinates": [-104.9421166667, 38.72948]}, "properties": {"species": "Flammulina populicola", "date": "2025-08-28", "location": "Victor, CO, US", "elevation": 2981.0, "land_cover_label": "Tree cover", "water_mask": false, "exclude_reason": "keep", "ndvi": null, "soil_moisture": null, "solar_exposure": null, "wind_exposure": null, "water_retention": null, "slope": null, "aspect": null, "num_identification_agreements": 1, "cluster": 2, "tavg": null, "tmin": 15.0, "tmax": 23.0, "prcp_d0": 0.0, "prcp_d1": 0.0, "prcp_d2": 0.0, "prcp_d3": 23.10459327697754, "prcp_d4": 23.10459327697754, "prcp_d5": 23.10459327697754, "prcp_d6": 11.55229663848877, "tmax_d0": 15.4, "tmax_d1": 16.8, "tmax_d2": 15.0, "tmax_d3": 14.7, "tmax_d4": 17.8, "tmax_d5": 16.5, "tmax_d6": 22.1, "tmin_d0": 7.7, "tmin_d1": 8.1, "tmin_d2": 7.9, "tmin_d3": 7.1, "tmin_d4": 8.3, "tmin_d5": 8.3, "tmin_d6": 10.7, "day_of_year": 240, "uuid": "c2359f86-1392-4cb8-a47d-3d67ab649240", "inat_id": 309828636}}, {"type": "Feature", "geometry": {"type": "Point", "coordinates": [-104.942445, 38.7294666667]}, "properties": {"species": "Flammulina populicola", "date": "2025-08-28", "location": "Victor, CO, US", "elevation": 2981.0, "land_cover_label": "Tree cover", "water_mask": false, "exclude_reason": "keep", "ndvi": null, "soil_moisture": null, "solar_exposure": null, "wind_exposure": null, "water_retention": null, "slope": null, "aspect": null, "num_identification_agreements": 1, "cluster": 2, "tavg": null, "tmin": 15.0, "tmax": 23.0, "prcp_d0": 0.0, "prcp_d1": 0.0, "prcp_d2": 0.0, "prcp_d3": 23.10459327697754, "prcp_d4": 23.10459327697754, "prcp_d5": 23.10459327697754, "prcp_d6": 11.55229663848877, "tmax_d0": 15.4, "tmax_d1": 16.8, "tmax_d2": 15.0, "tmax_d3": 14.7, "tmax_d4": 17.8, "tmax_d5": 16.5, "tmax_d6": 22.1, "tmin_d0": 7.7, "tmin_d1": 8.1, "tmin_d2": 7.9, "tmin_d3": 7.1, "tmin_d4": 8.3, "tmin_d5": 8.3, "tmin_d6": 10.7, "day_of_year": 240, "uuid": "579a0b45-daec-4ff5-a8b8-a05934efa3cf", "inat_id": 309829214}}, {"type": "Feature", "geometry": {"type": "Point", "coordinates": [-105.7879783333, 35.8107116667]}, "properties": {"species": "Flammulina populicola", "date": "2025-08-29", "location": "Winsor Trail, Tererro, NM, US", "elevation": 3189.0, "land_cover_label": "Tree cover", "water_mask": false, "exclude_reason": "keep", "ndvi": null, "soil_moisture": null, "solar_exposure": null, "wind_exposure": null, "water_retention": null, "slope": null, "aspect": null, "num_identification_agreements": 1, "cluster": 1, "tavg": null, "tmin": 16.0, "tmax": 27.0, "prcp_d0": 0.0, "prcp_d1": 0.0, "prcp_d2": 0.0, "prcp_d3": 62.1252326965332, "prcp_d4": 12.709997177124023, "prcp_d5": 6.354998588562012, "prcp_d6": 6.354998588562012, "tmax_d0": 16.6, "tmax_d1": 17.5, "tmax_d2": 14.0, "tmax_d3": 16.5, "tmax_d4": 17.5, "tmax_d5": 17.1, "tmax_d6": 19.6, "tmin_d0": 6.5, "tmin_d1": 6.6, "tmin_d2": 6.8, "tmin_d3": 6.0, "tmin_d4": 7.0, "tmin_d5": 7.0, "tmin_d6": 4.6, "day_of_year": 241, "uuid": "3ed923fa-2c51-4f6c-88fa-3ede627fbd1e", "inat_id": 311122870}}, {"type": "Feature", "geometry": {"type": "Point", "coordinates": [-105.5681133333, 39.5105783333]}, "properties": {"species": "Flammulina populicola", "date": "2025-08-30", "location": "Rosalle Trail, Bailey, CO, US", "elevation": 2854.0, "land_cover_label": "Tree cover", "water_mask": false, "exclude_reason": "keep", "ndvi": null, "soil_moisture": 0.4084158446823181, "solar_exposure": 0.8284462690353394, "wind_exposure": 0.156794473528862, "water_retention": 0.1921354532241821, "slope": 7.277441501617432, "aspect": 87.56395721435547, "num_identification_agreements": 1, "cluster": 0, "tavg": null, "tmin": -1.4, "tmax": 7.2, "prcp_d0": 5.410576343536377, "prcp_d1": 0.0, "prcp_d2": 0.0, "prcp_d3": 5.979649543762207, "prcp_d4": 0.0, "prcp_d5": 10.08666706085205, "prcp_d6": 0.0, "tmax_d0": 14.3, "tmax_d1": 17.4, "tmax_d2": 19.4, "tmax_d3": 18.2, "tmax_d4": 18.4, "tmax_d5": 17.0, "tmax_d6": 20.0, "tmin_d0": 5.5, "tmin_d1": 5.4, "tmin_d2": 3.7, "tmin_d3": 7.6, "tmin_d4": 5.3, "tmin_d5": 5.2, "tmin_d6": 5.1, "day_of_year": 242, "uuid": "a0a09d08-714f-48b9-be3d-014e2c51fbd7", "inat_id": 310377118}}, {"type": "Feature", "geometry": {"type": "Point", "coordinates": [-105.5242186951, 40.1284821622]}, "properties": {"species": "Flammulina populicola", "date": "2025-08-30", "location": "Boulder County, US-CO, US", "elevation": 2694.0, "land_cover_label": "Tree cover", "water_mask": false, "exclude_reason": "keep", "ndvi": null, "soil_moisture": 0.3650434448898724, "solar_exposure": 0.6742732524871826, "wind_exposure": 0.24323770403862, "water_retention": 0.35309037566185, "slope": 16.967702865600586, "aspect": 46.06840896606445, "num_identification_agreements": 1, "cluster": 3, "tavg": null, "tmin": 15.0, "tmax": 24.0, "prcp_d0": 0.0, "prcp_d1": 0.0, "prcp_d2": 0.0, "prcp_d3": 0.0, "prcp_d4": 0.0, "prcp_d5": 0.0, "prcp_d6": 0.0, "tmax_d0": 14.9, "tmax_d1": 18.5, "tmax_d2": 17.3, "tmax_d3": 17.6, "tmax_d4": 16.0, "tmax_d5": 15.2, "tmax_d6": 18.5, "tmin_d0": 8.0, "tmin_d1": 7.1, "tmin_d2": 6.1, "tmin_d3": 8.8, "tmin_d4": 8.6, "tmin_d5": 7.7, "tmin_d6": 9.9, "day_of_year": 242, "uuid": "293d6df8-9c29-4e3f-93bc-10bc6cb7d268", "inat_id": 310338452}}, {"type": "Feature", "geometry": {"type": "Point", "coordinates": [-105.5690121465, 39.5108530485]}, "properties": {"species": "Flammulina populicola", "date": "2025-09-01", "location": "Rosalle Trail, Bailey, CO, US", "elevation": 2858.0, "land_cover_label": "Tree cover", "water_mask": false, "exclude_reason": "keep", "ndvi": null, "soil_moisture": 0.3790594236144379, "solar_exposure": 0.7742212414741516, "wind_exposure": 0.1707979291677475, "water_retention": 0.1743489652872085, "slope": 9.439126014709473, "aspect": 58.50780487060547, "num_identification_agreements": 1, "cluster": 0, "tavg": null, "tmin": -2.2, "tmax": 10.0, "prcp_d0": 0.0, "prcp_d1": 0.0, "prcp_d2": 5.410576343536377, "prcp_d3": 0.0, "prcp_d4": 0.0, "prcp_d5": 5.979649543762207, "prcp_d6": 0.0, "tmax_d0": 18.3, "tmax_d1": 19.1, "tmax_d2": 14.2, "tmax_d3": 17.3, "tmax_d4": 19.3, "tmax_d5": 18.1, "tmax_d6": 18.3, "tmin_d0": 2.3, "tmin_d1": 0.9, "tmin_d2": 5.4, "tmin_d3": 5.3, "tmin_d4": 3.6, "tmin_d5": 7.5, "tmin_d6": 5.2, "day_of_year": 244, "uuid": "0bd32587-074e-4192-b476-816a9dc5d064", "inat_id": 329299364}}, {"type": "Feature", "geometry": {"type": "Point", "coordinates": [-105.78962, 35.8097583333]}, "properties": {"species": "Flammulina populicola", "date": "2025-09-01", "location": "Santa Fe National Forest, Tererro, NM, US", "elevation": 3249.0, "land_cover_label": "Tree cover", "water_mask": false, "exclude_reason": "keep", "ndvi": null, "soil_moisture": null, "solar_exposure": null, "wind_exposure": null, "water_retention": null, "slope": null, "aspect": null, "num_identification_agreements": 1, "cluster": 2, "tavg": null, "tmin": 12.0, "tmax": 27.0, "prcp_d0": 0.0, "prcp_d1": 0.0, "prcp_d2": 0.0, "prcp_d3": 0.0, "prcp_d4": 0.0, "prcp_d5": 0.0, "prcp_d6": 62.1252326965332, "tmax_d0": 14.8, "tmax_d1": 14.5, "tmax_d2": 15.4, "tmax_d3": 15.9, "tmax_d4": 17.5, "tmax_d5": 13.9, "tmax_d6": 15.8, "tmin_d0": 4.1, "tmin_d1": 3.6, "tmin_d2": 5.4, "tmin_d3": 6.2, "tmin_d4": 5.4, "tmin_d5": 7.1, "tmin_d6": 6.8, "day_of_year": 244, "uuid": "64dc5c36-beb4-45db-b789-9ce13740af9f", "inat_id": 310944596}}, {"type": "Feature", "geometry": {"type": "Point", "coordinates": [-105.79934613, 35.80127786]}, "properties": {"species": "Flammulina populicola", "date": "2025-09-01", "location": "Santa Fe County, US-NM, US", "elevation": 3269.0, "land_cover_label": "Tree cover", "water_mask": false, "exclude_reason": "keep", "ndvi": null, "soil_moisture": null, "solar_exposure": null, "wind_exposure": null, "water_retention": null, "slope": null, "aspect": null, "num_identification_agreements": 1, "cluster": 2, "tavg": null, "tmin": 12.0, "tmax": 27.0, "prcp_d0": 0.0, "prcp_d1": 0.0, "prcp_d2": 0.0, "prcp_d3": 0.0, "prcp_d4": 0.0, "prcp_d5": 0.0, "prcp_d6": 62.1252326965332, "tmax_d0": 14.4, "tmax_d1": 14.1, "tmax_d2": 15.0, "tmax_d3": 15.5, "tmax_d4": 17.1, "tmax_d5": 13.5, "tmax_d6": 15.4, "tmin_d0": 3.7, "tmin_d1": 3.2, "tmin_d2": 5.0, "tmin_d3": 5.8, "tmin_d4": 5.0, "tmin_d5": 6.7, "tmin_d6": 6.4, "day_of_year": 244, "uuid": "c2f83bff-5a61-458c-a7a8-33b703a67e64", "inat_id": 310896874}}, {"type": "Feature", "geometry": {"type": "Point", "coordinates": [-107.1088509606, 38.7094030489]}, "properties": {"species": "Flammulina populicola", "date": "2025-09-06", "location": "Gunnison County, US-CO, US", "elevation": 3411.0, "land_cover_label": "Tree cover", "water_mask": false, "exclude_reason": "keep", "ndvi": null, "soil_moisture": null, "solar_exposure": null, "wind_exposure": null, "water_retention": null, "slope": null, "aspect": null, "num_identification_agreements": 1, "cluster": 0, "tavg": null, "tmin": 3.0, "tmax": 23.0, "prcp_d0": 6.923221588134766, "prcp_d1": 8.898542404174805, "prcp_d2": 8.8411283493042, "prcp_d3": 0.0, "prcp_d4": 0.0, "prcp_d5": 0.0, "prcp_d6": 0.0, "tmax_d0": 15.5, "tmax_d1": 11.9, "tmax_d2": 16.3, "tmax_d3": 17.5, "tmax_d4": 17.3, "tmax_d5": 17.4, "tmax_d6": 16.4, "tmin_d0": 3.4, "tmin_d1": 3.0, "tmin_d2": 6.2, "tmin_d3": 6.3, "tmin_d4": 5.0, "tmin_d5": 4.9, "tmin_d6": 4.2, "day_of_year": 249, "uuid": "7be56735-3238-41e8-b0fb-880af20b5557", "inat_id": 312078308}}, {"type": "Feature", "geometry": {"type": "Point", "coordinates": [-105.797227572, 35.8081210907]}, "properties": {"species": "Flammulina populicola", "date": "2025-09-07", "location": "Santa Fe County, NM, USA", "elevation": 3309.0, "land_cover_label": "Tree cover", "water_mask": false, "exclude_reason": "keep", "ndvi": null, "soil_moisture": null, "solar_exposure": null, "wind_exposure": null, "water_retention": null, "slope": null, "aspect": null, "num_identification_agreements": 1, "cluster": 0, "tavg": null, "tmin": 11.0, "tmax": 26.0, "prcp_d0": 0.0, "prcp_d1": 11.76673412322998, "prcp_d2": 0.0, "prcp_d3": 0.0, "prcp_d4": 0.0, "prcp_d5": 0.0, "prcp_d6": 0.0, "tmax_d0": 15.2, "tmax_d1": 14.3, "tmax_d2": 12.3, "tmax_d3": 15.7, "tmax_d4": 16.3, "tmax_d5": 15.1, "tmax_d6": 14.8, "tmin_d0": 4.3, "tmin_d1": 3.7, "tmin_d2": 5.0, "tmin_d3": 6.4, "tmin_d4": 5.6, "tmin_d5": 3.6, "tmin_d6": 4.0, "day_of_year": 250, "uuid": "9dc528b9-d937-4fe8-a08a-8f94b25682b3", "inat_id": 315419485}}, {"type": "Feature", "geometry": {"type": "Point", "coordinates": [-106.3819534, 35.8921281]}, "properties": {"species": "Flammulina populicola", "date": "2025-09-11", "location": "Los Alamos County, NM, USA", "elevation": 2795.0, "land_cover_label": "Tree cover", "water_mask": false, "exclude_reason": "keep", "ndvi": null, "soil_moisture": null, "solar_exposure": null, "wind_exposure": null, "water_retention": null, "slope": null, "aspect": null, "num_identification_agreements": 1, "cluster": 0, "tavg": null, "tmin": 14.0, "tmax": 25.0, "prcp_d0": 0.0, "prcp_d1": 15.42572021484375, "prcp_d2": 0.0, "prcp_d3": 0.0, "prcp_d4": 0.0, "prcp_d5": 0.0, "prcp_d6": 0.0, "tmax_d0": 19.0, "tmax_d1": 20.1, "tmax_d2": 20.7, "tmax_d3": 20.2, "tmax_d4": 18.8, "tmax_d5": 15.8, "tmax_d6": 16.0, "tmin_d0": 10.0, "tmin_d1": 10.6, "tmin_d2": 11.0, "tmin_d3": 7.0, "tmin_d4": 7.0, "tmin_d5": 6.5, "tmin_d6": 7.9, "day_of_year": 254, "uuid": "8cc670a4-ac8e-4484-b92c-7959582ef806", "inat_id": 313255442}}, {"type": "Feature", "geometry": {"type": "Point", "coordinates": [-106.991295, 38.8646583333]}, "properties": {"species": "Flammulina populicola", "date": "2025-09-15", "location": "Journey's End Rd, Crested Butte, CO, US", "elevation": 2761.0, "land_cover_label": "Tree cover", "water_mask": false, "exclude_reason": "keep", "ndvi": null, "soil_moisture": null, "solar_exposure": null, "wind_exposure": null, "water_retention": null, "slope": null, "aspect": null, "num_identification_agreements": 1, "cluster": 1, "tavg": null, "tmin": 0.0, "tmax": 23.0, "prcp_d0": 0.0, "prcp_d1": 0.0, "prcp_d2": 40.35715866088867, "prcp_d3": 0.0, "prcp_d4": 0.0, "prcp_d5": 0.0, "prcp_d6": 0.0, "tmax_d0": 18.0, "tmax_d1": 13.7, "tmax_d2": 13.0, "tmax_d3": 14.5, "tmax_d4": 17.8, "tmax_d5": 20.4, "tmax_d6": 19.6, "tmin_d0": 0.0, "tmin_d1": -0.2, "tmin_d2": 2.0, "tmin_d3": 4.8, "tmin_d4": 5.1, "tmin_d5": 4.5, "tmin_d6": 3.2, "day_of_year": 258, "uuid": "5af807d5-e993-47c3-9b21-eec81d5e6531", "inat_id": 315118541}}, {"type": "Feature", "geometry": {"type": "Point", "coordinates": [-106.3849723, 35.8912150997]}, "properties": {"species": "Flammulina populicola", "date": "2025-09-21", "location": "Los Alamos County, NM, USA", "elevation": 2865.0, "land_cover_label": "Tree cover", "water_mask": false, "exclude_reason": "keep", "ndvi": null, "soil_moisture": null, "solar_exposure": null, "wind_exposure": null, "water_retention": null, "slope": null, "aspect": null, "num_identification_agreements": 1, "cluster": 0, "tavg": null, "tmin": 13.0, "tmax": 26.0, "prcp_d0": 0.0, "prcp_d1": 0.0, "prcp_d2": 0.0, "prcp_d3": 0.0, "prcp_d4": 0.0, "prcp_d5": 0.0, "prcp_d6": 0.0, "tmax_d0": 18.6, "tmax_d1": 17.7, "tmax_d2": 16.3, "tmax_d3": 18.3, "tmax_d4": 17.4, "tmax_d5": 18.0, "tmax_d6": 18.2, "tmin_d0": 5.2, "tmin_d1": 6.0, "tmin_d2": 7.2, "tmin_d3": 6.4, "tmin_d4": 6.2, "tmin_d5": 7.3, "tmin_d6": 5.2, "day_of_year": 264, "uuid": "28687b78-52fb-43a9-8dac-49bec5c95ec1", "inat_id": 315631278}}, {"type": "Feature", "geometry": {"type": "Point", "coordinates": [-108.0996127469, 39.0529974439]}, "properties": {"species": "Flammulina populicola", "date": "2025-09-28", "location": "Grand Mesa Uncompahgre and Gunnison National Forests, Mesa, CO, US", "elevation": 2988.0, "land_cover_label": "Tree cover", "water_mask": false, "exclude_reason": "keep", "ndvi": null, "soil_moisture": null, "solar_exposure": null, "wind_exposure": null, "water_retention": null, "slope": null, "aspect": null, "num_identification_agreements": 2, "cluster": 0, "tavg": null, "tmin": 13.0, "tmax": 27.0, "prcp_d0": 0.0, "prcp_d1": 0.0, "prcp_d2": 0.0, "prcp_d3": 0.0, "prcp_d4": 0.0, "prcp_d5": 0.0, "prcp_d6": 0.0, "tmax_d0": 13.1, "tmax_d1": 16.1, "tmax_d2": 14.6, "tmax_d3": 15.1, "tmax_d4": 13.2, "tmax_d5": 8.0, "tmax_d6": 13.3, "tmin_d0": 3.7, "tmin_d1": 4.6, "tmin_d2": 3.6, "tmin_d3": 2.0, "tmin_d4": 0.7, "tmin_d5": 0.3, "tmin_d6": 4.9, "day_of_year": 271, "uuid": "58965c75-efb2-4382-abfa-0ed9aab06113", "inat_id": 326692045}}, {"type": "Feature", "geometry": {"type": "Point", "coordinates": [-105.7999557857, 35.7981136484]}, "properties": {"species": "Flammulina populicola", "date": "2025-10-05", "location": "Santa Fe County, US-NM, US", "elevation": 3208.0, "land_cover_label": "Tree cover", "water_mask": false, "exclude_reason": "keep", "ndvi": null, "soil_moisture": null, "solar_exposure": null, "wind_exposure": null, "water_retention": null, "slope": null, "aspect": null, "num_identification_agreements": 1, "cluster": 0, "tavg": null, "tmin": 6.0, "tmax": 22.0, "prcp_d0": 0.0, "prcp_d1": 0.0, "prcp_d2": 0.0, "prcp_d3": 0.0, "prcp_d4": 0.0, "prcp_d5": 0.0, "prcp_d6": 18.16242027282715, "tmax_d0": 11.4, "tmax_d1": 12.1, "tmax_d2": 14.9, "tmax_d3": 15.7, "tmax_d4": 13.2, "tmax_d5": 12.4, "tmax_d6": 11.2, "tmin_d0": 2.1, "tmin_d1": 3.3, "tmin_d2": 4.3, "tmin_d3": 4.3, "tmin_d4": 3.7, "tmin_d5": 1.7, "tmin_d6": 1.0, "day_of_year": 278, "uuid": "4a8968b2-fae2-4395-8b12-78990912b4b8", "inat_id": 318997630}}, {"type": "Feature", "geometry": {"type": "Point", "coordinates": [-107.1220695, 37.443155]}, "properties": {"species": "Flammulina populicola", "date": "2025-10-21", "location": "County Road 634, Creede, CO, US", "elevation": 2653.0, "land_cover_label": "Tree cover", "water_mask": false, "exclude_reason": "keep", "ndvi": null, "soil_moisture": null, "solar_exposure": null, "wind_exposure": null, "water_retention": null, "slope": null, "aspect": null, "num_identification_agreements": 1, "cluster": 0, "tavg": null, "tmin": -1.0, "tmax": 17.0, "prcp_d0": 0.0, "prcp_d1": 0.0, "prcp_d2": 0.0, "prcp_d3": 0.0, "prcp_d4": 0.0, "prcp_d5": 0.0, "prcp_d6": 0.0, "tmax_d0": 13.5, "tmax_d1": 14.0, "tmax_d2": 13.7, "tmax_d3": 13.8, "tmax_d4": 8.9, "tmax_d5": 9.5, "tmax_d6": 13.1, "tmin_d0": -3.0, "tmin_d1": 0.1, "tmin_d2": -0.6, "tmin_d3": -4.1, "tmin_d4": -4.5, "tmin_d5": 1.4, "tmin_d6": 4.6, "day_of_year": 294, "uuid": "3e8c154f-5274-4e4d-8742-10a94c8fd692", "inat_id": 322465078}}, {"type": "Feature", "geometry": {"type": "Point", "coordinates": [-107.122275, 37.443455]}, "properties": {"species": "Flammulina populicola", "date": "2025-11-22", "location": "County Road 634, Creede, CO, US", "elevation": 2653.0, "land_cover_label": "Tree cover", "water_mask": false, "exclude_reason": "keep", "ndvi": null, "soil_moisture": null, "solar_exposure": null, "wind_exposure": null, "water_retention": null, "slope": null, "aspect": null, "num_identification_agreements": 1, "cluster": 0, "tavg": null, "tmin": -3.0, "tmax": 12.0, "prcp_d0": 0.1649067848920822, "prcp_d1": 8.658599853515625, "prcp_d2": 0.0, "prcp_d3": 0.0, "prcp_d4": 0.0, "prcp_d5": 0.0, "prcp_d6": 0.0, "tmax_d0": 5.8, "tmax_d1": 2.9, "tmax_d2": 2.0, "tmax_d3": 4.6, "tmax_d4": 5.4, "tmax_d5": 2.4, "tmax_d6": 8.4, "tmin_d0": -8.0, "tmin_d1": -1.8, "tmin_d2": -1.8, "tmin_d3": -1.3, "tmin_d4": -5.4, "tmin_d5": -2.8, "tmin_d6": 0.7, "day_of_year": 326, "uuid": "b145e91d-b539-4252-af9a-fba13635daf8", "inat_id": 327781136}}, {"type": "Feature", "geometry": {"type": "Point", "coordinates": [-107.296845, 39.10897]}, "properties": {"species": "Flammulina populicola", "date": "2026-05-28", "location": "Gunnison County, US-CO, US", "elevation": 2878.0, "land_cover_label": "Tree cover", "water_mask": false, "exclude_reason": "keep", "ndvi": null, "soil_moisture": null, "solar_exposure": null, "wind_exposure": null, "water_retention": null, "slope": null, "aspect": null, "num_identification_agreements": 2, "cluster": 0, "tavg": null, "tmin": 5.0, "tmax": 18.0, "prcp_d0": 0.3997542262077331, "prcp_d1": 1.4764565229415894, "prcp_d2": 1.9196938276290887, "prcp_d3": 2.434495449066162, "prcp_d4": 0.0, "prcp_d5": 0.0, "prcp_d6": 0.0, "tmax_d0": 18.9, "tmax_d1": 16.3, "tmax_d2": 13.1, "tmax_d3": 16.0, "tmax_d4": 15.8, "tmax_d5": 12.0, "tmax_d6": 10.7, "tmin_d0": 3.2, "tmin_d1": 2.8, "tmin_d2": 2.3, "tmin_d3": 2.3, "tmin_d4": 3.4, "tmin_d5": -0.5, "tmin_d6": -4.6, "day_of_year": 148, "uuid": "27c50c17-5b2b-4434-a5a0-086580528ed6", "inat_id": 366230963}}, {"type": "Feature", "geometry": {"type": "Point", "coordinates": [-108.1527416667, 37.6058616667]}, "properties": {"species": "Flammulina populicola", "date": "2026-07-18", "location": "Priest Gulch Trail, Dolores, CO, US", "elevation": 2623.0, "land_cover_label": "Tree cover", "water_mask": false, "exclude_reason": "keep", "ndvi": null, "soil_moisture": null, "solar_exposure": null, "wind_exposure": null, "water_retention": null, "slope": null, "aspect": null, "num_identification_agreements": 1, "cluster": 0, "tavg": null, "tmin": 8.2, "tmax": 23.0, "prcp_d0": 0.0, "prcp_d1": 0.0, "prcp_d2": 0.0, "prcp_d3": 0.0, "prcp_d4": 0.0, "prcp_d5": 0.0, "prcp_d6": 0.0, "tmax_d0": 22.2, "tmax_d1": 22.2, "tmax_d2": 21.4, "tmax_d3": 23.2, "tmax_d4": 25.6, "tmax_d5": 26.8, "tmax_d6": 29.0, "tmin_d0": 8.7, "tmin_d1": 7.6, "tmin_d2": 8.2, "tmin_d3": 9.6, "tmin_d4": 10.5, "tmin_d5": 12.7, "tmin_d6": 13.1, "day_of_year": 199, "uuid": "5f2e3532-a37f-45bf-903d-ddff9b4c3611", "inat_id": 382787571}}, {"type": "Feature", "geometry": {"type": "Point", "coordinates": [-105.9486966072, 35.7187402464]}, "properties": {"species": "Flammulina populicola", "date": "2026-07-23", "location": "New Mexico, US", "elevation": 2215.0, "land_cover_label": "Grassland", "water_mask": false, "exclude_reason": "keep", "ndvi": null, "soil_moisture": null, "solar_exposure": null, "wind_exposure": null, "water_retention": null, "slope": null, "aspect": null, "num_identification_agreements": 1, "cluster": 0, "tavg": null, "tmin": 17.2, "tmax": 31.7, "prcp_d0": 0.0, "prcp_d1": 0.0, "prcp_d2": 0.0, "prcp_d3": 0.0, "prcp_d4": 0.0, "prcp_d5": 0.0, "prcp_d6": 0.0, "tmax_d0": 27.8, "tmax_d1": 28.4, "tmax_d2": 30.1, "tmax_d3": 29.3, "tmax_d4": 28.6, "tmax_d5": 27.4, "tmax_d6": 25.9, "tmin_d0": 17.3, "tmin_d1": 14.2, "tmin_d2": 16.4, "tmin_d3": 14.8, "tmin_d4": 14.3, "tmin_d5": 13.3, "tmin_d6": 14.0, "day_of_year": 204, "uuid": "54ec2bca-b1f5-4dab-8d3e-88ceccbcc2ae", "inat_id": 384375295}}, {"type": "Feature", "geometry": {"type": "Point", "coordinates": [-105.918034, 35.739887]}, "properties": {"species": "Flammulina populicola", "date": "2026-07-25", "location": "Tesuque, NM, USA", "elevation": 2135.0, "land_cover_label": "Bare / sparse vegetation", "water_mask": false, "exclude_reason": "keep", "ndvi": null, "soil_moisture": null, "solar_exposure": null, "wind_exposure": null, "water_retention": null, "slope": null, "aspect": null, "num_identification_agreements": 1, "cluster": 0, "tavg": null, "tmin": 18.3, "tmax": 31.7, "prcp_d0": 0.0, "prcp_d1": 0.0, "prcp_d2": 0.0, "prcp_d3": 0.0, "prcp_d4": 0.0, "prcp_d5": 0.0, "prcp_d6": 0.0, "tmax_d0": 31.5, "tmax_d1": 32.2, "tmax_d2": 28.6, "tmax_d3": 29.4, "tmax_d4": 30.7, "tmax_d5": 29.7, "tmax_d6": 28.0, "tmin_d0": 17.6, "tmin_d1": 17.6, "tmin_d2": 16.8, "tmin_d3": 14.7, "tmin_d4": 15.8, "tmin_d5": 13.6, "tmin_d6": 14.2, "day_of_year": 206, "uuid": "6c3a24eb-b43d-4dd2-8556-cc601c3adaef", "inat_id": 385079883}}, {"type": "Feature", "geometry": {"type": "Point", "coordinates": [-106.664375, 35.903145]}, "properties": {"species": "Flammulina populicola", "date": "2026-07-28", "location": "Forest Service Road 144B, Jemez Springs, NM, US", "elevation": 2672.0, "land_cover_label": "Tree cover", "water_mask": false, "exclude_reason": "keep", "ndvi": null, "soil_moisture": null, "solar_exposure": null, "wind_exposure": null, "water_retention": null, "slope": null, "aspect": null, "num_identification_agreements": 1, "cluster": 0, "tavg": null, "tmin": 21.5, "tmax": 32.6, "prcp_d0": 0.0, "prcp_d1": 0.0, "prcp_d2": 17.238805770874023, "prcp_d3": 0.0, "prcp_d4": 0.0, "prcp_d5": 0.0, "prcp_d6": 0.0, "tmax_d0": 27.6, "tmax_d1": 28.2, "tmax_d2": 27.2, "tmax_d3": 26.2, "tmax_d4": 28.5, "tmax_d5": 22.9, "tmax_d6": 24.3, "tmin_d0": 14.7, "tmin_d1": 12.9, "tmin_d2": 11.7, "tmin_d3": 10.4, "tmin_d4": 12.5, "tmin_d5": 12.5, "tmin_d6": 11.8, "day_of_year": 209, "uuid": "e13517fe-ffcc-4f6f-83d8-e2696007d7af", "inat_id": 386164932}}, {"type": "Feature", "geometry": {"type": "Point", "coordinates": [-105.1254527778, 38.8634305556]}, "properties": {"species": "Flammulina populicola", "date": "2026-07-29", "location": "Divide, CO 80814, USA", "elevation": 3134.0, "land_cover_label": "Tree cover", "water_mask": false, "exclude_reason": "keep", "ndvi": null, "soil_moisture": null, "solar_exposure": null, "wind_exposure": null, "water_retention": null, "slope": null, "aspect": null, "num_identification_agreements": 1, "cluster": 1, "tavg": null, "tmin": 17.0, "tmax": 29.0, "prcp_d0": 20.56947326660156, "prcp_d1": 10.28473663330078, "prcp_d2": 10.28473663330078, "prcp_d3": 0.0, "prcp_d4": 17.750059127807617, "prcp_d5": 0.0, "prcp_d6": 17.750059127807617, "tmax_d0": 21.0, "tmax_d1": 23.0, "tmax_d2": 24.2, "tmax_d3": 23.7, "tmax_d4": 23.7, "tmax_d5": 22.4, "tmax_d6": 21.0, "tmin_d0": 10.5, "tmin_d1": 11.2, "tmin_d2": 12.6, "tmin_d3": 14.3, "tmin_d4": 11.3, "tmin_d5": 11.2, "tmin_d6": 9.1, "day_of_year": 210, "uuid": "ee9a3194-853f-4404-9e79-98cd0af855e5", "inat_id": 388920847}}, {"type": "Feature", "geometry": {"type": "Point", "coordinates": [-105.6722466667, 36.0437278333]}, "properties": {"species": "Flammulina populicola", "date": "2026-07-31", "location": "Trampas Trail, Cordova, NM, US", "elevation": 2776.0, "land_cover_label": "Tree cover", "water_mask": false, "exclude_reason": "keep", "ndvi": null, "soil_moisture": null, "solar_exposure": null, "wind_exposure": null, "water_retention": null, "slope": null, "aspect": null, "num_identification_agreements": 1, "cluster": 0, "tavg": null, "tmin": 16.8, "tmax": 31.6, "prcp_d0": 0.0, "prcp_d1": 0.0, "prcp_d2": 7.708437442779541, "prcp_d3": 11.56265640258789, "prcp_d4": 0.0, "prcp_d5": 7.708437442779541, "prcp_d6": 14.72003173828125, "tmax_d0": 27.6, "tmax_d1": 26.7, "tmax_d2": 25.6, "tmax_d3": 26.3, "tmax_d4": 26.4, "tmax_d5": 25.9, "tmax_d6": 25.0, "tmin_d0": 13.3, "tmin_d1": 13.8, "tmin_d2": 13.0, "tmin_d3": 16.0, "tmin_d4": 14.5, "tmin_d5": 12.4, "tmin_d6": 13.5, "day_of_year": 212, "uuid": "4d8b89d0-1cc1-45eb-8ed9-3e5c45853d71", "inat_id": 386985098}}, {"type": "Feature", "geometry": {"type": "Point", "coordinates": [-105.49297, 36.1856383333]}, "properties": {"species": "Flammulina populicola", "date": "2026-07-31", "location": "Forest Service Road 442, Vadito, NM, US", "elevation": 3162.0, "land_cover_label": "Tree cover", "water_mask": false, "exclude_reason": "keep", "ndvi": null, "soil_moisture": null, "solar_exposure": null, "wind_exposure": null, "water_retention": null, "slope": null, "aspect": null, "num_identification_agreements": 1, "cluster": 0, "tavg": null, "tmin": 6.7, "tmax": 27.5, "prcp_d0": 0.0, "prcp_d1": 0.0, "prcp_d2": 9.657373428344728, "prcp_d3": 9.657373428344728, "prcp_d4": 4.828686714172363, "prcp_d5": 0.0, "prcp_d6": 18.236024856567383, "tmax_d0": 22.0, "tmax_d1": 24.2, "tmax_d2": 23.2, "tmax_d3": 24.0, "tmax_d4": 24.4, "tmax_d5": 25.7, "tmax_d6": 22.4, "tmin_d0": 10.9, "tmin_d1": 11.1, "tmin_d2": 10.5, "tmin_d3": 12.3, "tmin_d4": 12.8, "tmin_d5": 10.7, "tmin_d6": 12.5, "day_of_year": 212, "uuid": "86628358-d60b-49a1-8c75-dcf8e0883768", "inat_id": 387025538}}, {"type": "Feature", "geometry": {"type": "Point", "coordinates": [-104.94296108, 38.72953371]}, "properties": {"species": "Flammulina populicola", "date": "2026-08-01", "location": "Teller County, US-CO, US", "elevation": 2981.0, "land_cover_label": "Tree cover", "water_mask": false, "exclude_reason": "keep", "ndvi": null, "soil_moisture": null, "solar_exposure": null, "wind_exposure": null, "water_retention": null, "slope": null, "aspect": null, "num_identification_agreements": 1, "cluster": 0, "tavg": null, "tmin": 17.4, "tmax": 29.6, "prcp_d0": null, "prcp_d1": 0.0, "prcp_d2": 9.867655754089355, "prcp_d3": 14.80148220062256, "prcp_d4": 9.867655754089355, "prcp_d5": 4.933827877044678, "prcp_d6": 0.0, "tmax_d0": 21.6, "tmax_d1": 20.8, "tmax_d2": 24.4, "tmax_d3": 22.1, "tmax_d4": 22.4, "tmax_d5": 25.2, "tmax_d6": 24.3, "tmin_d0": 8.9, "tmin_d1": 11.5, "tmin_d2": 10.5, "tmin_d3": 11.3, "tmin_d4": 12.7, "tmin_d5": 14.4, "tmin_d6": 13.9, "day_of_year": 213, "uuid": "c63748f4-3e0e-454d-a90e-7f1bc0a63cf0", "inat_id": 387341149}}, {"type": "Feature", "geometry": {"type": "Point", "coordinates": [-105.477905, 36.1326]}, "properties": {"species": "Flammulina populicola", "date": "2026-08-01", "location": "Vadito, NM, US", "elevation": 2710.0, "land_cover_label": "Tree cover", "water_mask": false, "exclude_reason": "keep", "ndvi": null, "soil_moisture": null, "solar_exposure": null, "wind_exposure": null, "water_retention": null, "slope": null, "aspect": null, "num_identification_agreements": 2, "cluster": 0, "tavg": null, "tmin": 8.7, "tmax": 24.1, "prcp_d0": null, "prcp_d1": 0.0, "prcp_d2": 0.0, "prcp_d3": 10.252366065979004, "prcp_d4": 10.252366065979004, "prcp_d5": 0.0, "prcp_d6": 0.0, "tmax_d0": 24.5, "tmax_d1": 25.2, "tmax_d2": 28.4, "tmax_d3": 27.6, "tmax_d4": 27.1, "tmax_d5": 28.6, "tmax_d6": 28.6, "tmin_d0": 10.8, "tmin_d1": 13.0, "tmin_d2": 12.3, "tmin_d3": 11.9, "tmin_d4": 13.1, "tmin_d5": 15.3, "tmin_d6": 13.3, "day_of_year": 213, "uuid": "d4ffbd91-90b7-4f1a-b040-d49455303b7d", "inat_id": 387348503}}, {"type": "Feature", "geometry": {"type": "Point", "coordinates": [-107.0595599114, 38.538705073]}, "properties": {"species": "Flammulina populicola", "date": "2026-08-01", "location": "Gunnison County, US-CO, US", "elevation": 2558.0, "land_cover_label": "Grassland", "water_mask": false, "exclude_reason": "keep", "ndvi": null, "soil_moisture": null, "solar_exposure": null, "wind_exposure": null, "water_retention": null, "slope": null, "aspect": null, "num_identification_agreements": 1, "cluster": 2, "tavg": null, "tmin": 10.6, "tmax": 31.1, "prcp_d0": null, "prcp_d1": 0.0, "prcp_d2": 0.0, "prcp_d3": 0.0, "prcp_d4": 26.16236686706543, "prcp_d5": 26.16236686706543, "prcp_d6": 0.0, "tmax_d0": 29.7, "tmax_d1": 29.0, "tmax_d2": 27.4, "tmax_d3": 27.3, "tmax_d4": 28.5, "tmax_d5": 27.0, "tmax_d6": 28.7, "tmin_d0": 12.4, "tmin_d1": 12.9, "tmin_d2": 12.7, "tmin_d3": 14.1, "tmin_d4": 14.2, "tmin_d5": 14.2, "tmin_d6": 15.0, "day_of_year": 213, "uuid": "cd3cb518-64e8-4c1c-ae52-c8306e7eff1d", "inat_id": 387354790}}, {"type": "Feature", "geometry": {"type": "Point", "coordinates": [-107.8069155331, 37.9352145033]}, "properties": {"species": "Flammulina populicola", "date": "2026-08-12", "location": "San Miguel County, US-CO, US", "elevation": 2676.0, "land_cover_label": "Tree cover", "water_mask": false, "exclude_reason": "keep", "ndvi": null, "soil_moisture": null, "solar_exposure": null, "wind_exposure": null, "water_retention": null, "slope": null, "aspect": null, "num_identification_agreements": 1, "cluster": null, "tavg": null, "tmin": 13.0, "tmax": 22.0, "prcp_d0": null, "prcp_d1": null, "prcp_d2": null, "prcp_d3": null, "prcp_d4": null, "prcp_d5": null, "prcp_d6": null, "tmax_d0": 23.7, "tmax_d1": 24.4, "tmax_d2": 25.8, "tmax_d3": 27.4, "tmax_d4": 27.5, "tmax_d5": 28.8, "tmax_d6": 27.4, "tmin_d0": 10.0, "tmin_d1": 10.8, "tmin_d2": 11.4, "tmin_d3": 11.0, "tmin_d4": 10.7, "tmin_d5": 11.1, "tmin_d6": 11.3, "day_of_year": 224, "uuid": "82364a0e-ba7a-4907-bcc4-82ae94d67b55", "inat_id": 390599239}}]}