{"type": "FeatureCollection", "features": [{"type": "Feature", "geometry": {"type": "Point", "coordinates": [-122.051, 45.5956]}, "properties": {"species": "Fomitopsis mounceae", "date": "2013-04-09", "location": "Ainsworth State Park, Multnomah Co., Oregon, USA", "elevation": 64.0, "land_cover_label": "Tree cover", "water_mask": false, "exclude_reason": "keep", "ndvi": null, "soil_moisture": null, "solar_exposure": null, "wind_exposure": null, "water_retention": null, "slope": null, "aspect": null, "num_identification_agreements": 2, "cluster": 2, "tavg": null, "tmin": 3.3, "tmax": 13.9, "prcp_d0": 0.0, "prcp_d1": 0.0, "prcp_d2": 0.0, "prcp_d3": 0.0, "prcp_d4": 0.0, "prcp_d5": 37.00579452514648, "prcp_d6": 12.335265159606934, "tmax_d0": null, "tmax_d1": null, "tmax_d2": null, "tmax_d3": null, "tmax_d4": null, "tmax_d5": null, "tmax_d6": null, "tmin_d0": null, "tmin_d1": null, "tmin_d2": null, "tmin_d3": null, "tmin_d4": null, "tmin_d5": null, "tmin_d6": null, "day_of_year": 99, "uuid": "aa201ea1-8cdf-4ad5-82ec-5e9394a2644f", "inat_id": 37634236}}, {"type": "Feature", "geometry": {"type": "Point", "coordinates": [-122.2, 44.8]}, "properties": {"species": "Fomitopsis mounceae", "date": "2013-10-22", "location": "Opal creek, Or", "elevation": 980.0, "land_cover_label": "Tree cover", "water_mask": false, "exclude_reason": "keep", "ndvi": null, "soil_moisture": null, "solar_exposure": null, "wind_exposure": null, "water_retention": null, "slope": null, "aspect": null, "num_identification_agreements": 1, "cluster": 0, "tavg": null, "tmin": null, "tmax": null, "prcp_d0": 0.0, "prcp_d1": 0.0, "prcp_d2": 0.0, "prcp_d3": 0.0, "prcp_d4": 0.0, "prcp_d5": 0.0, "prcp_d6": 0.0, "tmax_d0": null, "tmax_d1": null, "tmax_d2": null, "tmax_d3": null, "tmax_d4": null, "tmax_d5": null, "tmax_d6": null, "tmin_d0": null, "tmin_d1": null, "tmin_d2": null, "tmin_d3": null, "tmin_d4": null, "tmin_d5": null, "tmin_d6": null, "day_of_year": 295, "uuid": "3d421800-825a-4b0a-af00-703cddc515ac", "inat_id": 444370}}, {"type": "Feature", "geometry": {"type": "Point", "coordinates": [-121.955287, 45.323619]}, "properties": {"species": "Fomitopsis mounceae", "date": "2015-08-12", "location": "27450 E Welches Rd, Mount Hood Village, OR, US", "elevation": 424.0, "land_cover_label": "Tree cover", "water_mask": false, "exclude_reason": "keep", "ndvi": null, "soil_moisture": null, "solar_exposure": null, "wind_exposure": null, "water_retention": null, "slope": null, "aspect": null, "num_identification_agreements": 1, "cluster": 0, "tavg": null, "tmin": 19.4, "tmax": 32.2, "prcp_d0": 0.0, "prcp_d1": 5.736861705780029, "prcp_d2": 0.0, "prcp_d3": 0.0, "prcp_d4": 0.0, "prcp_d5": 0.0, "prcp_d6": 0.0, "tmax_d0": null, "tmax_d1": null, "tmax_d2": null, "tmax_d3": null, "tmax_d4": null, "tmax_d5": null, "tmax_d6": null, "tmin_d0": null, "tmin_d1": null, "tmin_d2": null, "tmin_d3": null, "tmin_d4": null, "tmin_d5": null, "tmin_d6": null, "day_of_year": 224, "uuid": "28f028da-0141-4765-af43-45decc34e236", "inat_id": 1856071}}, {"type": "Feature", "geometry": {"type": "Point", "coordinates": [-122.0742333333, 45.115925]}, "properties": {"species": "Fomitopsis mounceae", "date": "2016-03-20", "location": "Mt. Hood National Forest, Estacada, OR, US", "elevation": 379.0, "land_cover_label": "Tree cover", "water_mask": false, "exclude_reason": "keep", "ndvi": null, "soil_moisture": null, "solar_exposure": null, "wind_exposure": null, "water_retention": null, "slope": null, "aspect": null, "num_identification_agreements": 3, "cluster": 0, "tavg": null, "tmin": null, "tmax": null, "prcp_d0": 19.718448638916016, "prcp_d1": 0.0, "prcp_d2": 0.0, "prcp_d3": 0.0, "prcp_d4": 0.0, "prcp_d5": 0.0, "prcp_d6": 0.0, "tmax_d0": null, "tmax_d1": null, "tmax_d2": null, "tmax_d3": null, "tmax_d4": null, "tmax_d5": null, "tmax_d6": null, "tmin_d0": null, "tmin_d1": null, "tmin_d2": null, "tmin_d3": null, "tmin_d4": null, "tmin_d5": null, "tmin_d6": null, "day_of_year": 80, "uuid": "bd165079-206b-4ff5-a497-a0a818c8d01e", "inat_id": 4040799}}, {"type": "Feature", "geometry": {"type": "Point", "coordinates": [-121.9704401493, 44.7719800502]}, "properties": {"species": "Fomitopsis mounceae", "date": "2016-08-06", "location": "Marion County, OR, USA", "elevation": 741.0, "land_cover_label": "Tree cover", "water_mask": false, "exclude_reason": "keep", "ndvi": null, "soil_moisture": null, "solar_exposure": null, "wind_exposure": null, "water_retention": null, "slope": null, "aspect": null, "num_identification_agreements": 1, "cluster": 0, "tavg": null, "tmin": null, "tmax": null, "prcp_d0": 0.0, "prcp_d1": 0.0, "prcp_d2": 0.0, "prcp_d3": 0.0, "prcp_d4": 0.0, "prcp_d5": 0.0, "prcp_d6": 0.0, "tmax_d0": null, "tmax_d1": null, "tmax_d2": null, "tmax_d3": null, "tmax_d4": null, "tmax_d5": null, "tmax_d6": null, "tmin_d0": null, "tmin_d1": null, "tmin_d2": null, "tmin_d3": null, "tmin_d4": null, "tmin_d5": null, "tmin_d6": null, "day_of_year": 219, "uuid": "f8637bce-8bc2-4315-bad8-31b2065d1b41", "inat_id": 3841131}}, {"type": "Feature", "geometry": {"type": "Point", "coordinates": [-121.9935, 45.1752]}, "properties": {"species": "Fomitopsis mounceae", "date": "2016-09-25", "location": "Mount Hood National Forest, Clackamas Co., Oregon, USA", "elevation": 1270.0, "land_cover_label": "Tree cover", "water_mask": false, "exclude_reason": "keep", "ndvi": null, "soil_moisture": null, "solar_exposure": null, "wind_exposure": null, "water_retention": null, "slope": null, "aspect": null, "num_identification_agreements": 1, "cluster": 0, "tavg": null, "tmin": null, "tmax": null, "prcp_d0": 0.0, "prcp_d1": 0.0, "prcp_d2": 6.620254039764404, "prcp_d3": 0.0, "prcp_d4": 0.0, "prcp_d5": 0.0, "prcp_d6": 0.0, "tmax_d0": null, "tmax_d1": null, "tmax_d2": null, "tmax_d3": null, "tmax_d4": null, "tmax_d5": null, "tmax_d6": null, "tmin_d0": null, "tmin_d1": null, "tmin_d2": null, "tmin_d3": null, "tmin_d4": null, "tmin_d5": null, "tmin_d6": null, "day_of_year": 269, "uuid": "98683985-9f3c-4a3e-984c-1ea2ac051ccf", "inat_id": 65241929}}, {"type": "Feature", "geometry": {"type": "Point", "coordinates": [-121.943695, 45.3086783333]}, "properties": {"species": "Fomitopsis mounceae", "date": "2017-04-26", "location": "Mt. Hood National Forest, Welches, OR, US", "elevation": 513.0, "land_cover_label": "Tree cover", "water_mask": false, "exclude_reason": "keep", "ndvi": null, "soil_moisture": null, "solar_exposure": null, "wind_exposure": null, "water_retention": null, "slope": null, "aspect": null, "num_identification_agreements": 1, "cluster": 1, "tavg": null, "tmin": 8.9, "tmax": 13.3, "prcp_d0": 0.0, "prcp_d1": 0.0, "prcp_d2": 0.0, "prcp_d3": 56.43562698364258, "prcp_d4": 0.0, "prcp_d5": 0.0, "prcp_d6": 11.225650787353516, "tmax_d0": null, "tmax_d1": null, "tmax_d2": null, "tmax_d3": null, "tmax_d4": null, "tmax_d5": null, "tmax_d6": null, "tmin_d0": null, "tmin_d1": null, "tmin_d2": null, "tmin_d3": null, "tmin_d4": null, "tmin_d5": null, "tmin_d6": null, "day_of_year": 116, "uuid": "e74c7dc3-7df6-45f0-b473-766a73165af5", "inat_id": 5988985}}, {"type": "Feature", "geometry": {"type": "Point", "coordinates": [-121.8431383186, 45.6787661417]}, "properties": {"species": "Fomitopsis mounceae", "date": "2017-05-08", "location": "Mt. Hood National Forest, Cascade Locks, OR, US", "elevation": 152.0, "land_cover_label": "Tree cover", "water_mask": false, "exclude_reason": "keep", "ndvi": null, "soil_moisture": null, "solar_exposure": null, "wind_exposure": null, "water_retention": null, "slope": null, "aspect": null, "num_identification_agreements": 1, "cluster": 1, "tavg": null, "tmin": 5.0, "tmax": 22.2, "prcp_d0": 0.0, "prcp_d1": 0.0, "prcp_d2": 0.0, "prcp_d3": 68.6455307006836, "prcp_d4": 0.0, "prcp_d5": 0.0, "prcp_d6": 0.0, "tmax_d0": null, "tmax_d1": null, "tmax_d2": null, "tmax_d3": null, "tmax_d4": null, "tmax_d5": null, "tmax_d6": null, "tmin_d0": null, "tmin_d1": null, "tmin_d2": null, "tmin_d3": null, "tmin_d4": null, "tmin_d5": null, "tmin_d6": null, "day_of_year": 128, "uuid": "e7470e8f-cb02-4074-bc01-939c6d56574b", "inat_id": 6142109}}, {"type": "Feature", "geometry": {"type": "Point", "coordinates": [-122.091869535, 45.530893947]}, "properties": {"species": "Fomitopsis mounceae", "date": "2017-06-03", "location": "Multnomah County, US-OR, US", "elevation": 1184.0, "land_cover_label": "Tree cover", "water_mask": false, "exclude_reason": "keep", "ndvi": null, "soil_moisture": null, "solar_exposure": null, "wind_exposure": null, "water_retention": null, "slope": null, "aspect": null, "num_identification_agreements": 1, "cluster": 0, "tavg": null, "tmin": 13.9, "tmax": 19.4, "prcp_d0": 0.0, "prcp_d1": 0.0, "prcp_d2": 0.0, "prcp_d3": 7.29796838760376, "prcp_d4": 7.29796838760376, "prcp_d5": 0.0, "prcp_d6": 0.0, "tmax_d0": null, "tmax_d1": null, "tmax_d2": null, "tmax_d3": null, "tmax_d4": null, "tmax_d5": null, "tmax_d6": null, "tmin_d0": null, "tmin_d1": null, "tmin_d2": null, "tmin_d3": null, "tmin_d4": null, "tmin_d5": null, "tmin_d6": null, "day_of_year": 154, "uuid": "6f988855-1e79-4497-ad30-41b7e42d8848", "inat_id": 6490507}}, {"type": "Feature", "geometry": {"type": "Point", "coordinates": [-122.29988, 45.4887583333]}, "properties": {"species": "Fomitopsis mounceae", "date": "2017-06-17", "location": "Oxbow Park, Gresham, OR, US", "elevation": 80.0, "land_cover_label": "Tree cover", "water_mask": false, "exclude_reason": "keep", "ndvi": null, "soil_moisture": null, "solar_exposure": null, "wind_exposure": null, "water_retention": null, "slope": null, "aspect": null, "num_identification_agreements": 1, "cluster": 0, "tavg": null, "tmin": 13.3, "tmax": 22.2, "prcp_d0": 0.0, "prcp_d1": 20.354108810424805, "prcp_d2": 0.0, "prcp_d3": 0.0, "prcp_d4": 0.0, "prcp_d5": 0.0, "prcp_d6": 0.0, "tmax_d0": null, "tmax_d1": null, "tmax_d2": null, "tmax_d3": null, "tmax_d4": null, "tmax_d5": null, "tmax_d6": null, "tmin_d0": null, "tmin_d1": null, "tmin_d2": null, "tmin_d3": null, "tmin_d4": null, "tmin_d5": null, "tmin_d6": null, "day_of_year": 168, "uuid": "30c3305b-2e5f-4901-97cb-32e60498621f", "inat_id": 6722041}}, {"type": "Feature", "geometry": {"type": "Point", "coordinates": [-121.8267563813, 45.3323060455]}, "properties": {"species": "Fomitopsis mounceae", "date": "2017-06-24", "location": "Mt. Hood Park Division Recreation Area, Rhododendron, OR, US", "elevation": 1253.0, "land_cover_label": "Tree cover", "water_mask": false, "exclude_reason": "keep", "ndvi": null, "soil_moisture": null, "solar_exposure": null, "wind_exposure": null, "water_retention": null, "slope": null, "aspect": null, "num_identification_agreements": 1, "cluster": 0, "tavg": null, "tmin": null, "tmax": null, "prcp_d0": 0.0, "prcp_d1": 0.0, "prcp_d2": 0.0, "prcp_d3": 0.0, "prcp_d4": 0.0, "prcp_d5": 0.0, "prcp_d6": 0.0, "tmax_d0": null, "tmax_d1": null, "tmax_d2": null, "tmax_d3": null, "tmax_d4": null, "tmax_d5": null, "tmax_d6": null, "tmin_d0": null, "tmin_d1": null, "tmin_d2": null, "tmin_d3": null, "tmin_d4": null, "tmin_d5": null, "tmin_d6": null, "day_of_year": 175, "uuid": "6a63eca0-7c7e-4fe6-87ad-b38bcb45712e", "inat_id": 70301320}}, {"type": "Feature", "geometry": {"type": "Point", "coordinates": [-122.1660056445, 45.1384442404]}, "properties": {"species": "Fomitopsis mounceae", "date": "2017-08-06", "location": "Oregon, US", "elevation": 612.0, "land_cover_label": "Tree cover", "water_mask": false, "exclude_reason": "keep", "ndvi": null, "soil_moisture": null, "solar_exposure": null, "wind_exposure": null, "water_retention": null, "slope": null, "aspect": null, "num_identification_agreements": 1, "cluster": 0, "tavg": null, "tmin": 14.4, "tmax": 32.2, "prcp_d0": 0.0, "prcp_d1": 0.0, "prcp_d2": 0.0, "prcp_d3": 3.024365901947021, "prcp_d4": 0.0, "prcp_d5": 0.0, "prcp_d6": 0.0, "tmax_d0": null, "tmax_d1": null, "tmax_d2": null, "tmax_d3": null, "tmax_d4": null, "tmax_d5": null, "tmax_d6": null, "tmin_d0": null, "tmin_d1": null, "tmin_d2": null, "tmin_d3": null, "tmin_d4": null, "tmin_d5": null, "tmin_d6": null, "day_of_year": 218, "uuid": "83443603-cfcf-4611-beb8-6f86dd7d3d11", "inat_id": 35261954}}, {"type": "Feature", "geometry": {"type": "Point", "coordinates": [-122.4735633333, 45.3640533333]}, "properties": {"species": "Fomitopsis mounceae", "date": "2018-02-02", "location": "Oregon City, OR  97045, Oregon City, OR, US", "elevation": 116.0, "land_cover_label": "Tree cover", "water_mask": false, "exclude_reason": "keep", "ndvi": null, "soil_moisture": null, "solar_exposure": null, "wind_exposure": null, "water_retention": null, "slope": null, "aspect": null, "num_identification_agreements": 2, "cluster": 2, "tavg": null, "tmin": 8.9, "tmax": 15.6, "prcp_d0": 0.0, "prcp_d1": 0.0, "prcp_d2": 0.0, "prcp_d3": 12.735344886779783, "prcp_d4": 6.367672443389893, "prcp_d5": 6.367672443389893, "prcp_d6": 25.47068977355957, "tmax_d0": null, "tmax_d1": null, "tmax_d2": null, "tmax_d3": null, "tmax_d4": null, "tmax_d5": null, "tmax_d6": null, "tmin_d0": null, "tmin_d1": null, "tmin_d2": null, "tmin_d3": null, "tmin_d4": null, "tmin_d5": null, "tmin_d6": null, "day_of_year": 33, "uuid": "57c6e2c5-5fc4-4f5e-a5c4-200f31787f78", "inat_id": 9799328}}, {"type": "Feature", "geometry": {"type": "Point", "coordinates": [-122.5033623584, 45.2349692651]}, "properties": {"species": "Fomitopsis mounceae", "date": "2018-03-08", "location": "Oregon, US", "elevation": 237.0, "land_cover_label": "Tree cover", "water_mask": false, "exclude_reason": "keep", "ndvi": null, "soil_moisture": null, "solar_exposure": null, "wind_exposure": null, "water_retention": null, "slope": null, "aspect": null, "num_identification_agreements": 1, "cluster": 0, "tavg": null, "tmin": 5.0, "tmax": 12.8, "prcp_d0": 15.049034118652344, "prcp_d1": 0.0, "prcp_d2": 0.0, "prcp_d3": 0.0, "prcp_d4": 0.0, "prcp_d5": 0.0, "prcp_d6": 13.476642608642578, "tmax_d0": null, "tmax_d1": null, "tmax_d2": null, "tmax_d3": null, "tmax_d4": null, "tmax_d5": null, "tmax_d6": null, "tmin_d0": null, "tmin_d1": null, "tmin_d2": null, "tmin_d3": null, "tmin_d4": null, "tmin_d5": null, "tmin_d6": null, "day_of_year": 67, "uuid": "337cca5b-36c0-4152-99b9-5af419c4c083", "inat_id": 10140516}}, {"type": "Feature", "geometry": {"type": "Point", "coordinates": [-121.9138156292, 45.3273601643]}, "properties": {"species": "Fomitopsis mounceae", "date": "2018-04-09", "location": "Clackamas County, US-OR, US", "elevation": 519.0, "land_cover_label": "Tree cover", "water_mask": false, "exclude_reason": "keep", "ndvi": null, "soil_moisture": null, "solar_exposure": null, "wind_exposure": null, "water_retention": null, "slope": null, "aspect": null, "num_identification_agreements": 1, "cluster": 1, "tavg": null, "tmin": 5.6, "tmax": 18.3, "prcp_d0": 19.40458869934082, "prcp_d1": 0.0, "prcp_d2": 38.80917739868164, "prcp_d3": 0.0, "prcp_d4": 26.25725746154785, "prcp_d5": 0.0, "prcp_d6": 0.0, "tmax_d0": null, "tmax_d1": null, "tmax_d2": null, "tmax_d3": null, "tmax_d4": null, "tmax_d5": null, "tmax_d6": null, "tmin_d0": null, "tmin_d1": null, "tmin_d2": null, "tmin_d3": null, "tmin_d4": null, "tmin_d5": null, "tmin_d6": null, "day_of_year": 99, "uuid": "02d7060b-0d0e-4eb3-bfd7-bdde3bbc6ce1", "inat_id": 10747285}}, {"type": "Feature", "geometry": {"type": "Point", "coordinates": [-122.1174359322, 45.5440232673]}, "properties": {"species": "Fomitopsis mounceae", "date": "2018-04-09", "location": "Corbett, OR 97019, USA", "elevation": 770.0, "land_cover_label": "Tree cover", "water_mask": false, "exclude_reason": "keep", "ndvi": null, "soil_moisture": null, "solar_exposure": null, "wind_exposure": null, "water_retention": null, "slope": null, "aspect": null, "num_identification_agreements": 1, "cluster": 1, "tavg": null, "tmin": 5.6, "tmax": 18.3, "prcp_d0": 0.0, "prcp_d1": 0.0, "prcp_d2": 67.1919937133789, "prcp_d3": 0.0, "prcp_d4": 31.462045669555664, "prcp_d5": 0.0, "prcp_d6": 0.0, "tmax_d0": null, "tmax_d1": null, "tmax_d2": null, "tmax_d3": null, "tmax_d4": null, "tmax_d5": null, "tmax_d6": null, "tmin_d0": null, "tmin_d1": null, "tmin_d2": null, "tmin_d3": null, "tmin_d4": null, "tmin_d5": null, "tmin_d6": null, "day_of_year": 99, "uuid": "a94e9b78-73fe-4205-bf97-40914abc1edd", "inat_id": 78005217}}, {"type": "Feature", "geometry": {"type": "Point", "coordinates": [-121.6317796615, 45.5180700962]}, "properties": {"species": "Fomitopsis mounceae", "date": "2018-04-10", "location": "Mt. Hood National Forest, Mount Hood Parkdale, OR, US", "elevation": 557.0, "land_cover_label": "Tree cover", "water_mask": false, "exclude_reason": "keep", "ndvi": null, "soil_moisture": null, "solar_exposure": null, "wind_exposure": null, "water_retention": null, "slope": null, "aspect": null, "num_identification_agreements": 1, "cluster": 0, "tavg": null, "tmin": 7.8, "tmax": 18.3, "prcp_d0": 14.390915870666504, "prcp_d1": 0.0, "prcp_d2": 0.0, "prcp_d3": 28.781831741333008, "prcp_d4": 0.0, "prcp_d5": 17.229095458984375, "prcp_d6": 0.0, "tmax_d0": null, "tmax_d1": null, "tmax_d2": null, "tmax_d3": null, "tmax_d4": null, "tmax_d5": null, "tmax_d6": null, "tmin_d0": null, "tmin_d1": null, "tmin_d2": null, "tmin_d3": null, "tmin_d4": null, "tmin_d5": null, "tmin_d6": null, "day_of_year": 100, "uuid": "144938ab-8478-4b31-8e49-8157fcc4ce91", "inat_id": 10771776}}, {"type": "Feature", "geometry": {"type": "Point", "coordinates": [-121.9768184184, 45.2855234027]}, "properties": {"species": "Fomitopsis mounceae", "date": "2018-05-31", "location": "Oregon, US", "elevation": 669.0, "land_cover_label": "Tree cover", "water_mask": false, "exclude_reason": "keep", "ndvi": null, "soil_moisture": null, "solar_exposure": null, "wind_exposure": null, "water_retention": null, "slope": null, "aspect": null, "num_identification_agreements": 1, "cluster": 0, "tavg": null, "tmin": 10.6, "tmax": 17.8, "prcp_d0": 0.0, "prcp_d1": 0.0, "prcp_d2": 0.0, "prcp_d3": 0.0, "prcp_d4": 0.0, "prcp_d5": 0.0, "prcp_d6": 0.0, "tmax_d0": null, "tmax_d1": null, "tmax_d2": null, "tmax_d3": null, "tmax_d4": null, "tmax_d5": null, "tmax_d6": null, "tmin_d0": null, "tmin_d1": null, "tmin_d2": null, "tmin_d3": null, "tmin_d4": null, "tmin_d5": null, "tmin_d6": null, "day_of_year": 151, "uuid": "31b036ed-2868-4544-bebe-df14a35b08bf", "inat_id": 13065790}}, {"type": "Feature", "geometry": {"type": "Point", "coordinates": [-121.5693181716, 45.5180129962]}, "properties": {"species": "Fomitopsis mounceae", "date": "2018-06-11", "location": "Toll Bridge Park, Mount Hood Parkdale, OR, US", "elevation": 501.0, "land_cover_label": "Tree cover", "water_mask": false, "exclude_reason": "keep", "ndvi": null, "soil_moisture": null, "solar_exposure": null, "wind_exposure": null, "water_retention": null, "slope": null, "aspect": null, "num_identification_agreements": 1, "cluster": 0, "tavg": null, "tmin": 7.8, "tmax": 25.0, "prcp_d0": 0.0, "prcp_d1": 0.0, "prcp_d2": 5.299737930297852, "prcp_d3": 0.0, "prcp_d4": 0.0, "prcp_d5": 0.0, "prcp_d6": 0.0, "tmax_d0": null, "tmax_d1": null, "tmax_d2": null, "tmax_d3": null, "tmax_d4": null, "tmax_d5": null, "tmax_d6": null, "tmin_d0": null, "tmin_d1": null, "tmin_d2": null, "tmin_d3": null, "tmin_d4": null, "tmin_d5": null, "tmin_d6": null, "day_of_year": 162, "uuid": "42a9815d-88d9-40e7-b731-2ee9633e2e04", "inat_id": 13337330}}, {"type": "Feature", "geometry": {"type": "Point", "coordinates": [-122.0803971667, 45.3164]}, "properties": {"species": "Fomitopsis mounceae", "date": "2018-06-26", "location": "Mt. Hood National Forest, Estacada, OR, US", "elevation": 966.0, "land_cover_label": "Tree cover", "water_mask": false, "exclude_reason": "keep", "ndvi": null, "soil_moisture": null, "solar_exposure": null, "wind_exposure": null, "water_retention": null, "slope": null, "aspect": null, "num_identification_agreements": 2, "cluster": 2, "tavg": null, "tmin": 11.7, "tmax": 24.4, "prcp_d0": 0.0, "prcp_d1": 0.0, "prcp_d2": 0.0, "prcp_d3": 0.0, "prcp_d4": 0.0, "prcp_d5": 18.34483337402344, "prcp_d6": 15.089788436889648, "tmax_d0": null, "tmax_d1": null, "tmax_d2": null, "tmax_d3": null, "tmax_d4": null, "tmax_d5": null, "tmax_d6": null, "tmin_d0": null, "tmin_d1": null, "tmin_d2": null, "tmin_d3": null, "tmin_d4": null, "tmin_d5": null, "tmin_d6": null, "day_of_year": 177, "uuid": "ed511366-f745-4adc-8356-c3ec7a0882d6", "inat_id": 13820881}}, {"type": "Feature", "geometry": {"type": "Point", "coordinates": [-122.18264179, 45.37058635]}, "properties": {"species": "Fomitopsis mounceae", "date": "2018-07-14", "location": "46500 US-26, Sandy, OR 97055, USA", "elevation": 382.0, "land_cover_label": "Tree cover", "water_mask": false, "exclude_reason": "keep", "ndvi": null, "soil_moisture": null, "solar_exposure": null, "wind_exposure": null, "water_retention": null, "slope": null, "aspect": null, "num_identification_agreements": 3, "cluster": 0, "tavg": null, "tmin": 15.0, "tmax": 32.8, "prcp_d0": 0.0, "prcp_d1": 0.0, "prcp_d2": 0.0, "prcp_d3": 0.0, "prcp_d4": 0.0, "prcp_d5": 0.0, "prcp_d6": 0.0, "tmax_d0": null, "tmax_d1": null, "tmax_d2": null, "tmax_d3": null, "tmax_d4": null, "tmax_d5": null, "tmax_d6": null, "tmin_d0": null, "tmin_d1": null, "tmin_d2": null, "tmin_d3": null, "tmin_d4": null, "tmin_d5": null, "tmin_d6": null, "day_of_year": 195, "uuid": "6b689485-d873-488e-b177-868d3415854c", "inat_id": 14403809}}, {"type": "Feature", "geometry": {"type": "Point", "coordinates": [-122.1754383333, 45.511305]}, "properties": {"species": "Fomitopsis mounceae", "date": "2018-08-03", "location": "48000 SE Donahue Rd, Corbett, OR, US", "elevation": 514.0, "land_cover_label": "Tree cover", "water_mask": false, "exclude_reason": "keep", "ndvi": null, "soil_moisture": null, "solar_exposure": null, "wind_exposure": null, "water_retention": null, "slope": null, "aspect": null, "num_identification_agreements": 1, "cluster": 0, "tavg": null, "tmin": 17.8, "tmax": 24.4, "prcp_d0": 5.332160472869873, "prcp_d1": 0.0, "prcp_d2": 0.0, "prcp_d3": 4.878146171569824, "prcp_d4": 0.0, "prcp_d5": 0.0, "prcp_d6": 0.0, "tmax_d0": null, "tmax_d1": null, "tmax_d2": null, "tmax_d3": null, "tmax_d4": null, "tmax_d5": null, "tmax_d6": null, "tmin_d0": null, "tmin_d1": null, "tmin_d2": null, "tmin_d3": null, "tmin_d4": null, "tmin_d5": null, "tmin_d6": null, "day_of_year": 215, "uuid": "fd404e91-0d26-4f3c-8e67-d41946dc6f1d", "inat_id": 15096898}}, {"type": "Feature", "geometry": {"type": "Point", "coordinates": [-121.9439171255, 45.3082176865]}, "properties": {"species": "Fomitopsis mounceae", "date": "2018-10-02", "location": "Welches, OR 97067, USA", "elevation": 478.0, "land_cover_label": "Tree cover", "water_mask": false, "exclude_reason": "keep", "ndvi": null, "soil_moisture": null, "solar_exposure": null, "wind_exposure": null, "water_retention": null, "slope": null, "aspect": null, "num_identification_agreements": 1, "cluster": 0, "tavg": null, "tmin": 14.4, "tmax": 21.7, "prcp_d0": 0.0, "prcp_d1": 0.0, "prcp_d2": 7.685629844665527, "prcp_d3": 0.0, "prcp_d4": 0.0, "prcp_d5": 0.0, "prcp_d6": 0.0, "tmax_d0": null, "tmax_d1": null, "tmax_d2": null, "tmax_d3": null, "tmax_d4": null, "tmax_d5": null, "tmax_d6": null, "tmin_d0": null, "tmin_d1": null, "tmin_d2": null, "tmin_d3": null, "tmin_d4": null, "tmin_d5": null, "tmin_d6": null, "day_of_year": 275, "uuid": "b042e142-1e37-4d63-810a-2e81d459bca9", "inat_id": 25348739}}, {"type": "Feature", "geometry": {"type": "Point", "coordinates": [-122.1987044404, 45.3749873734]}, "properties": {"species": "Fomitopsis mounceae", "date": "2018-11-11", "location": "Oregon, US", "elevation": 356.0, "land_cover_label": "Tree cover", "water_mask": false, "exclude_reason": "keep", "ndvi": null, "soil_moisture": null, "solar_exposure": null, "wind_exposure": null, "water_retention": null, "slope": null, "aspect": null, "num_identification_agreements": 1, "cluster": 0, "tavg": null, "tmin": 6.1, "tmax": 11.7, "prcp_d0": 0.0, "prcp_d1": 0.0, "prcp_d2": 0.0, "prcp_d3": 0.0, "prcp_d4": 0.0, "prcp_d5": 0.0, "prcp_d6": 0.0, "tmax_d0": null, "tmax_d1": null, "tmax_d2": null, "tmax_d3": null, "tmax_d4": null, "tmax_d5": null, "tmax_d6": null, "tmin_d0": null, "tmin_d1": null, "tmin_d2": null, "tmin_d3": null, "tmin_d4": null, "tmin_d5": null, "tmin_d6": null, "day_of_year": 315, "uuid": "a354f39d-2008-4ebf-bde3-ff0a0f31e46f", "inat_id": 18372368}}, {"type": "Feature", "geometry": {"type": "Point", "coordinates": [-122.1587666667, 45.16838]}, "properties": {"species": "Fomitopsis mounceae", "date": "2019-03-10", "location": "Mt. Hood National Forest, Estacada, OR, US", "elevation": 309.0, "land_cover_label": "Tree cover", "water_mask": false, "exclude_reason": "keep", "ndvi": null, "soil_moisture": null, "solar_exposure": null, "wind_exposure": null, "water_retention": null, "slope": null, "aspect": null, "num_identification_agreements": 1, "cluster": 0, "tavg": null, "tmin": 1.1, "tmax": 7.8, "prcp_d0": 0.0, "prcp_d1": 0.0, "prcp_d2": 0.0, "prcp_d3": 0.0, "prcp_d4": 42.01569747924805, "prcp_d5": 0.0, "prcp_d6": 0.0, "tmax_d0": null, "tmax_d1": null, "tmax_d2": null, "tmax_d3": null, "tmax_d4": null, "tmax_d5": null, "tmax_d6": null, "tmin_d0": null, "tmin_d1": null, "tmin_d2": null, "tmin_d3": null, "tmin_d4": null, "tmin_d5": null, "tmin_d6": null, "day_of_year": 69, "uuid": "cf51e7b8-a7c8-4518-aefa-3b409b856edc", "inat_id": 41509896}}, {"type": "Feature", "geometry": {"type": "Point", "coordinates": [-122.2236466667, 45.1959033333]}, "properties": {"species": "Fomitopsis mounceae", "date": "2019-05-17", "location": "Mt. Hood National Forest, Estacada, OR, US", "elevation": 300.0, "land_cover_label": "Tree cover", "water_mask": false, "exclude_reason": "keep", "ndvi": null, "soil_moisture": null, "solar_exposure": null, "wind_exposure": null, "water_retention": null, "slope": null, "aspect": null, "num_identification_agreements": 1, "cluster": 1, "tavg": null, "tmin": 11.7, "tmax": 17.2, "prcp_d0": 0.0, "prcp_d1": 70.09477233886719, "prcp_d2": 0.0, "prcp_d3": 0.0, "prcp_d4": 0.0, "prcp_d5": 0.0, "prcp_d6": 0.0, "tmax_d0": null, "tmax_d1": null, "tmax_d2": null, "tmax_d3": null, "tmax_d4": null, "tmax_d5": null, "tmax_d6": null, "tmin_d0": null, "tmin_d1": null, "tmin_d2": null, "tmin_d3": null, "tmin_d4": null, "tmin_d5": null, "tmin_d6": null, "day_of_year": 137, "uuid": "25a21fb2-7a3a-4e95-9ee9-53b2d38e2b7e", "inat_id": 25286862}}, {"type": "Feature", "geometry": {"type": "Point", "coordinates": [-122.205, 44.8455555556]}, "properties": {"species": "Fomitopsis mounceae", "date": "2019-06-08", "location": "Marion County, OR, USA", "elevation": 673.0, "land_cover_label": "Tree cover", "water_mask": false, "exclude_reason": "keep", "ndvi": null, "soil_moisture": null, "solar_exposure": null, "wind_exposure": null, "water_retention": null, "slope": null, "aspect": null, "num_identification_agreements": 2, "cluster": 0, "tavg": null, "tmin": null, "tmax": null, "prcp_d0": 0.0, "prcp_d1": 0.0, "prcp_d2": 0.0, "prcp_d3": 0.0, "prcp_d4": 0.0, "prcp_d5": 0.0, "prcp_d6": 0.0, "tmax_d0": null, "tmax_d1": null, "tmax_d2": null, "tmax_d3": null, "tmax_d4": null, "tmax_d5": null, "tmax_d6": null, "tmin_d0": null, "tmin_d1": null, "tmin_d2": null, "tmin_d3": null, "tmin_d4": null, "tmin_d5": null, "tmin_d6": null, "day_of_year": 159, "uuid": "d76f57ad-e0ff-44ae-8f49-111ad4eb060d", "inat_id": 26898277}}, {"type": "Feature", "geometry": {"type": "Point", "coordinates": [-122.2542611944, 44.8330861389]}, "properties": {"species": "Fomitopsis mounceae", "date": "2019-06-15", "location": "Gates, OR 97346, USA", "elevation": 751.0, "land_cover_label": "Tree cover", "water_mask": false, "exclude_reason": "keep", "ndvi": null, "soil_moisture": null, "solar_exposure": null, "wind_exposure": null, "water_retention": null, "slope": null, "aspect": null, "num_identification_agreements": 1, "cluster": 0, "tavg": null, "tmin": null, "tmax": null, "prcp_d0": 0.0, "prcp_d1": 10.48212432861328, "prcp_d2": 0.0, "prcp_d3": 7.620168685913086, "prcp_d4": 0.0, "prcp_d5": 0.0, "prcp_d6": 0.0, "tmax_d0": null, "tmax_d1": null, "tmax_d2": null, "tmax_d3": null, "tmax_d4": null, "tmax_d5": null, "tmax_d6": null, "tmin_d0": null, "tmin_d1": null, "tmin_d2": null, "tmin_d3": null, "tmin_d4": null, "tmin_d5": null, "tmin_d6": null, "day_of_year": 166, "uuid": "80cb7338-f677-4817-9e53-f8b4caaa7633", "inat_id": 59802350}}, {"type": "Feature", "geometry": {"type": "Point", "coordinates": [-121.9104823853, 45.3333613657]}, "properties": {"species": "Fomitopsis mounceae", "date": "2019-06-17", "location": "Mt. Hood National Forest, Rhododendron, OR, US", "elevation": 541.0, "land_cover_label": "Tree cover", "water_mask": false, "exclude_reason": "keep", "ndvi": null, "soil_moisture": null, "solar_exposure": null, "wind_exposure": null, "water_retention": null, "slope": null, "aspect": null, "num_identification_agreements": 1, "cluster": 0, "tavg": null, "tmin": 15.0, "tmax": 26.7, "prcp_d0": 0.0, "prcp_d1": 0.0, "prcp_d2": 1.6938323974609375, "prcp_d3": 10.978535652160645, "prcp_d4": 0.0, "prcp_d5": 3.5449635982513428, "prcp_d6": 0.0, "tmax_d0": null, "tmax_d1": null, "tmax_d2": null, "tmax_d3": null, "tmax_d4": null, "tmax_d5": null, "tmax_d6": null, "tmin_d0": null, "tmin_d1": null, "tmin_d2": null, "tmin_d3": null, "tmin_d4": null, "tmin_d5": null, "tmin_d6": null, "day_of_year": 168, "uuid": "1155846a-0c62-4b15-a7fa-bd5401c68b9e", "inat_id": 27197257}}, {"type": "Feature", "geometry": {"type": "Point", "coordinates": [-122.091236, 45.54429]}, "properties": {"species": "Fomitopsis mounceae", "date": "2019-06-18", "location": "Larch Mountain, Corbett, Oregon", "elevation": 1050.0, "land_cover_label": "Tree cover", "water_mask": false, "exclude_reason": "keep", "ndvi": null, "soil_moisture": null, "solar_exposure": null, "wind_exposure": null, "water_retention": null, "slope": null, "aspect": null, "num_identification_agreements": 1, "cluster": 0, "tavg": null, "tmin": 14.4, "tmax": 22.8, "prcp_d0": 0.0, "prcp_d1": 0.0, "prcp_d2": 0.0, "prcp_d3": 1.979573130607605, "prcp_d4": 11.062089920043944, "prcp_d5": 0.0, "prcp_d6": 2.9024999141693115, "tmax_d0": null, "tmax_d1": null, "tmax_d2": null, "tmax_d3": null, "tmax_d4": null, "tmax_d5": null, "tmax_d6": null, "tmin_d0": null, "tmin_d1": null, "tmin_d2": null, "tmin_d3": null, "tmin_d4": null, "tmin_d5": null, "tmin_d6": null, "day_of_year": 169, "uuid": "13ec27cb-5a91-4421-8425-427d44abe67c", "inat_id": 28342943}}, {"type": "Feature", "geometry": {"type": "Point", "coordinates": [-122.0491533333, 45.0787616667]}, "properties": {"species": "Fomitopsis mounceae", "date": "2019-06-29", "location": "Clackamas County, OR, USA", "elevation": 471.0, "land_cover_label": "Tree cover", "water_mask": false, "exclude_reason": "keep", "ndvi": null, "soil_moisture": null, "solar_exposure": null, "wind_exposure": null, "water_retention": null, "slope": null, "aspect": null, "num_identification_agreements": 1, "cluster": 0, "tavg": null, "tmin": null, "tmax": null, "prcp_d0": 0.0, "prcp_d1": 0.0, "prcp_d2": 25.568498611450195, "prcp_d3": 0.0, "prcp_d4": 0.0, "prcp_d5": 0.0, "prcp_d6": 0.0, "tmax_d0": null, "tmax_d1": null, "tmax_d2": null, "tmax_d3": null, "tmax_d4": null, "tmax_d5": null, "tmax_d6": null, "tmin_d0": null, "tmin_d1": null, "tmin_d2": null, "tmin_d3": null, "tmin_d4": null, "tmin_d5": null, "tmin_d6": null, "day_of_year": 180, "uuid": "4ca4f370-71a7-4723-a49a-7e9c0b90167f", "inat_id": 27968371}}, {"type": "Feature", "geometry": {"type": "Point", "coordinates": [-122.2254783333, 44.8483883333]}, "properties": {"species": "Fomitopsis mounceae", "date": "2019-07-27", "location": "Willamette National Forest, Gates, OR, US", "elevation": 625.0, "land_cover_label": "Tree cover", "water_mask": false, "exclude_reason": "keep", "ndvi": null, "soil_moisture": null, "solar_exposure": null, "wind_exposure": null, "water_retention": null, "slope": null, "aspect": null, "num_identification_agreements": 2, "cluster": 0, "tavg": null, "tmin": null, "tmax": null, "prcp_d0": 0.0, "prcp_d1": 0.0, "prcp_d2": 0.0, "prcp_d3": 0.0, "prcp_d4": 0.0, "prcp_d5": 0.0, "prcp_d6": 0.0, "tmax_d0": 27.0, "tmax_d1": 28.4, "tmax_d2": 30.2, "tmax_d3": 25.2, "tmax_d4": 24.4, "tmax_d5": 25.7, "tmax_d6": 26.7, "tmin_d0": 13.4, "tmin_d1": 13.9, "tmin_d2": 10.5, "tmin_d3": 11.9, "tmin_d4": 12.7, "tmin_d5": 13.4, "tmin_d6": 12.5, "day_of_year": 208, "uuid": "55680a2e-d3cd-483e-b039-c782ae71728a", "inat_id": 148208968}}, {"type": "Feature", "geometry": {"type": "Point", "coordinates": [-122.1148916667, 45.5397116667]}, "properties": {"species": "Fomitopsis mounceae", "date": "2019-09-02", "location": "Columbia River Gorge National Scenic Area, Corbett, OR, US", "elevation": 827.0, "land_cover_label": "Tree cover", "water_mask": false, "exclude_reason": "keep", "ndvi": null, "soil_moisture": null, "solar_exposure": null, "wind_exposure": null, "water_retention": null, "slope": null, "aspect": null, "num_identification_agreements": 2, "cluster": 0, "tavg": null, "tmin": 14.4, "tmax": 28.3, "prcp_d0": 0.0, "prcp_d1": 0.0, "prcp_d2": 0.0, "prcp_d3": 0.0, "prcp_d4": 0.0, "prcp_d5": 0.0, "prcp_d6": 0.0, "tmax_d0": null, "tmax_d1": null, "tmax_d2": null, "tmax_d3": null, "tmax_d4": null, "tmax_d5": null, "tmax_d6": null, "tmin_d0": null, "tmin_d1": null, "tmin_d2": null, "tmin_d3": null, "tmin_d4": null, "tmin_d5": null, "tmin_d6": null, "day_of_year": 245, "uuid": "d2b3cbc8-ba7e-4df8-afea-3161cf7ca56d", "inat_id": 36089917}}, {"type": "Feature", "geometry": {"type": "Point", "coordinates": [-122.0185916667, 45.6405866667]}, "properties": {"species": "Fomitopsis mounceae", "date": "2019-09-03", "location": "Beacon Rock State Park, Stevenson, WA, US", "elevation": 288.0, "land_cover_label": "Tree cover", "water_mask": false, "exclude_reason": "keep", "ndvi": null, "soil_moisture": null, "solar_exposure": null, "wind_exposure": null, "water_retention": null, "slope": null, "aspect": null, "num_identification_agreements": 1, "cluster": 0, "tavg": null, "tmin": 13.3, "tmax": 29.4, "prcp_d0": 0.0, "prcp_d1": 0.0, "prcp_d2": 0.0, "prcp_d3": 0.0, "prcp_d4": 0.0, "prcp_d5": 0.0, "prcp_d6": 0.0, "tmax_d0": null, "tmax_d1": null, "tmax_d2": null, "tmax_d3": null, "tmax_d4": null, "tmax_d5": null, "tmax_d6": null, "tmin_d0": null, "tmin_d1": null, "tmin_d2": null, "tmin_d3": null, "tmin_d4": null, "tmin_d5": null, "tmin_d6": null, "day_of_year": 246, "uuid": "6a3600d4-6497-4b33-a391-05a69984be97", "inat_id": 32092265}}, {"type": "Feature", "geometry": {"type": "Point", "coordinates": [-121.7706527778, 45.3064277778]}, "properties": {"species": "Fomitopsis mounceae", "date": "2019-09-30", "location": "Clackamas County, OR, USA", "elevation": 1163.0, "land_cover_label": "Tree cover", "water_mask": false, "exclude_reason": "keep", "ndvi": null, "soil_moisture": null, "solar_exposure": null, "wind_exposure": null, "water_retention": null, "slope": null, "aspect": null, "num_identification_agreements": 1, "cluster": 0, "tavg": null, "tmin": null, "tmax": null, "prcp_d0": 0.0, "prcp_d1": 0.0, "prcp_d2": 0.0, "prcp_d3": 0.0, "prcp_d4": 0.0, "prcp_d5": 0.0, "prcp_d6": 0.0, "tmax_d0": null, "tmax_d1": null, "tmax_d2": null, "tmax_d3": null, "tmax_d4": null, "tmax_d5": null, "tmax_d6": null, "tmin_d0": null, "tmin_d1": null, "tmin_d2": null, "tmin_d3": null, "tmin_d4": null, "tmin_d5": null, "tmin_d6": null, "day_of_year": 273, "uuid": "25783515-d70f-4e96-a57b-b10a7a13151c", "inat_id": 33739694}}, {"type": "Feature", "geometry": {"type": "Point", "coordinates": [-122.0794971667, 45.6280633333]}, "properties": {"species": "Fomitopsis mounceae", "date": "2019-10-09", "location": "98648, Stevenson, WA, US", "elevation": 255.0, "land_cover_label": "Tree cover", "water_mask": false, "exclude_reason": "keep", "ndvi": null, "soil_moisture": null, "solar_exposure": null, "wind_exposure": null, "water_retention": null, "slope": null, "aspect": null, "num_identification_agreements": 1, "cluster": 0, "tavg": null, "tmin": 2.2, "tmax": 13.9, "prcp_d0": 0.0, "prcp_d1": 0.0, "prcp_d2": 0.0, "prcp_d3": 0.0, "prcp_d4": 0.0, "prcp_d5": 0.0, "prcp_d6": 0.0, "tmax_d0": null, "tmax_d1": null, "tmax_d2": null, "tmax_d3": null, "tmax_d4": null, "tmax_d5": null, "tmax_d6": null, "tmin_d0": null, "tmin_d1": null, "tmin_d2": null, "tmin_d3": null, "tmin_d4": null, "tmin_d5": null, "tmin_d6": null, "day_of_year": 282, "uuid": "bbb63b37-6027-41ae-b8e1-64f2690bd799", "inat_id": 34145311}}, {"type": "Feature", "geometry": {"type": "Point", "coordinates": [-122.2106913944, 44.8478394142]}, "properties": {"species": "Fomitopsis mounceae", "date": "2019-10-12", "location": "Marion County, US-OR, US", "elevation": 638.0, "land_cover_label": "Tree cover", "water_mask": false, "exclude_reason": "keep", "ndvi": null, "soil_moisture": null, "solar_exposure": null, "wind_exposure": null, "water_retention": null, "slope": null, "aspect": null, "num_identification_agreements": 1, "cluster": 0, "tavg": null, "tmin": null, "tmax": null, "prcp_d0": 0.0, "prcp_d1": 0.0, "prcp_d2": 0.0, "prcp_d3": 0.0, "prcp_d4": 0.0, "prcp_d5": 0.0, "prcp_d6": 0.0, "tmax_d0": null, "tmax_d1": null, "tmax_d2": null, "tmax_d3": null, "tmax_d4": null, "tmax_d5": null, "tmax_d6": null, "tmin_d0": null, "tmin_d1": null, "tmin_d2": null, "tmin_d3": null, "tmin_d4": null, "tmin_d5": null, "tmin_d6": null, "day_of_year": 285, "uuid": "f29b4ba3-08ff-46a0-a241-67b48edd3cd1", "inat_id": 34334216}}, {"type": "Feature", "geometry": {"type": "Point", "coordinates": [-122.2107583658, 44.847881659]}, "properties": {"species": "Fomitopsis mounceae", "date": "2019-10-12", "location": "Marion County, US-OR, US", "elevation": 638.0, "land_cover_label": "Tree cover", "water_mask": false, "exclude_reason": "keep", "ndvi": null, "soil_moisture": null, "solar_exposure": null, "wind_exposure": null, "water_retention": null, "slope": null, "aspect": null, "num_identification_agreements": 1, "cluster": 0, "tavg": null, "tmin": null, "tmax": null, "prcp_d0": 0.0, "prcp_d1": 0.0, "prcp_d2": 0.0, "prcp_d3": 0.0, "prcp_d4": 0.0, "prcp_d5": 0.0, "prcp_d6": 0.0, "tmax_d0": null, "tmax_d1": null, "tmax_d2": null, "tmax_d3": null, "tmax_d4": null, "tmax_d5": null, "tmax_d6": null, "tmin_d0": null, "tmin_d1": null, "tmin_d2": null, "tmin_d3": null, "tmin_d4": null, "tmin_d5": null, "tmin_d6": null, "day_of_year": 285, "uuid": "116c4698-f0f8-4ab5-8a95-ee2b359c9505", "inat_id": 34334251}}, {"type": "Feature", "geometry": {"type": "Point", "coordinates": [-122.2110787221, 44.8473121506]}, "properties": {"species": "Fomitopsis mounceae", "date": "2019-10-12", "location": "Marion County, US-OR, US", "elevation": 638.0, "land_cover_label": "Tree cover", "water_mask": false, "exclude_reason": "keep", "ndvi": null, "soil_moisture": null, "solar_exposure": null, "wind_exposure": null, "water_retention": null, "slope": null, "aspect": null, "num_identification_agreements": 1, "cluster": 0, "tavg": null, "tmin": null, "tmax": null, "prcp_d0": 0.0, "prcp_d1": 0.0, "prcp_d2": 0.0, "prcp_d3": 0.0, "prcp_d4": 0.0, "prcp_d5": 0.0, "prcp_d6": 0.0, "tmax_d0": null, "tmax_d1": null, "tmax_d2": null, "tmax_d3": null, "tmax_d4": null, "tmax_d5": null, "tmax_d6": null, "tmin_d0": null, "tmin_d1": null, "tmin_d2": null, "tmin_d3": null, "tmin_d4": null, "tmin_d5": null, "tmin_d6": null, "day_of_year": 285, "uuid": "bc5f7ba4-0b4c-40b7-b9a8-4d065fe4b615", "inat_id": 34337592}}, {"type": "Feature", "geometry": {"type": "Point", "coordinates": [-122.20860683, 44.84560491]}, "properties": {"species": "Fomitopsis mounceae", "date": "2019-10-12", "location": "Marion County, US-OR, US", "elevation": 680.0, "land_cover_label": "Tree cover", "water_mask": false, "exclude_reason": "keep", "ndvi": null, "soil_moisture": null, "solar_exposure": null, "wind_exposure": null, "water_retention": null, "slope": null, "aspect": null, "num_identification_agreements": 1, "cluster": 0, "tavg": null, "tmin": null, "tmax": null, "prcp_d0": 0.0, "prcp_d1": 0.0, "prcp_d2": 0.0, "prcp_d3": 0.0, "prcp_d4": 0.0, "prcp_d5": 0.0, "prcp_d6": 0.0, "tmax_d0": null, "tmax_d1": null, "tmax_d2": null, "tmax_d3": null, "tmax_d4": null, "tmax_d5": null, "tmax_d6": null, "tmin_d0": null, "tmin_d1": null, "tmin_d2": null, "tmin_d3": null, "tmin_d4": null, "tmin_d5": null, "tmin_d6": null, "day_of_year": 285, "uuid": "07d2c3f7-dc0a-4d77-94a8-e98359b1e221", "inat_id": 34409981}}, {"type": "Feature", "geometry": {"type": "Point", "coordinates": [-122.1208339557, 45.4029851917]}, "properties": {"species": "Fomitopsis mounceae", "date": "2019-10-23", "location": "Sandy, OR 97055, USA", "elevation": 350.0, "land_cover_label": "Tree cover", "water_mask": false, "exclude_reason": "keep", "ndvi": null, "soil_moisture": null, "solar_exposure": null, "wind_exposure": null, "water_retention": null, "slope": null, "aspect": null, "num_identification_agreements": 1, "cluster": 2, "tavg": null, "tmin": 6.1, "tmax": 15.0, "prcp_d0": 0.0, "prcp_d1": 0.0, "prcp_d2": 0.0, "prcp_d3": 0.0, "prcp_d4": 107.01931762695312, "prcp_d5": 0.0, "prcp_d6": 0.0, "tmax_d0": null, "tmax_d1": null, "tmax_d2": null, "tmax_d3": null, "tmax_d4": null, "tmax_d5": null, "tmax_d6": null, "tmin_d0": null, "tmin_d1": null, "tmin_d2": null, "tmin_d3": null, "tmin_d4": null, "tmin_d5": null, "tmin_d6": null, "day_of_year": 296, "uuid": "eae4baed-ea17-4a03-a312-03aa10ba44bf", "inat_id": 34893463}}, {"type": "Feature", "geometry": {"type": "Point", "coordinates": [-121.94152, 45.30390333]}, "properties": {"species": "Fomitopsis mounceae", "date": "2019-12-11", "location": "Mt. Hood National Forest, Welches, OR, US", "elevation": 472.0, "land_cover_label": "Tree cover", "water_mask": false, "exclude_reason": "keep", "ndvi": null, "soil_moisture": null, "solar_exposure": null, "wind_exposure": null, "water_retention": null, "slope": null, "aspect": null, "num_identification_agreements": 1, "cluster": 0, "tavg": null, "tmin": 5.0, "tmax": 7.2, "prcp_d0": 20.01528549194336, "prcp_d1": 0.0, "prcp_d2": 0.0, "prcp_d3": 0.0, "prcp_d4": 29.52511405944824, "prcp_d5": 9.841705322265623, "prcp_d6": 0.0, "tmax_d0": null, "tmax_d1": null, "tmax_d2": null, "tmax_d3": null, "tmax_d4": null, "tmax_d5": null, "tmax_d6": null, "tmin_d0": null, "tmin_d1": null, "tmin_d2": null, "tmin_d3": null, "tmin_d4": null, "tmin_d5": null, "tmin_d6": null, "day_of_year": 345, "uuid": "78a62bd6-78c6-4b2b-b23d-5fa3dcc4f50b", "inat_id": 36575953}}, {"type": "Feature", "geometry": {"type": "Point", "coordinates": [-121.9057305828, 44.6730364405]}, "properties": {"species": "Fomitopsis mounceae", "date": "2019-12-30", "location": "Oregon, US", "elevation": 1314.0, "land_cover_label": "Tree cover", "water_mask": false, "exclude_reason": "keep", "ndvi": null, "soil_moisture": null, "solar_exposure": null, "wind_exposure": null, "water_retention": null, "slope": null, "aspect": null, "num_identification_agreements": 1, "cluster": 0, "tavg": null, "tmin": null, "tmax": null, "prcp_d0": 0.0, "prcp_d1": 0.0, "prcp_d2": 0.0, "prcp_d3": 0.0, "prcp_d4": 0.0, "prcp_d5": 0.0, "prcp_d6": 0.0, "tmax_d0": null, "tmax_d1": null, "tmax_d2": null, "tmax_d3": null, "tmax_d4": null, "tmax_d5": null, "tmax_d6": null, "tmin_d0": null, "tmin_d1": null, "tmin_d2": null, "tmin_d3": null, "tmin_d4": null, "tmin_d5": null, "tmin_d6": null, "day_of_year": 364, "uuid": "5fbd7e2c-3368-4768-bb32-26c01edf2eb0", "inat_id": 37326038}}, {"type": "Feature", "geometry": {"type": "Point", "coordinates": [-122.13866383, 45.52172833]}, "properties": {"species": "Fomitopsis mounceae", "date": "2020-01-18", "location": "E Larch Mountain Rd, Corbett, OR, US", "elevation": 672.0, "land_cover_label": "Tree cover", "water_mask": false, "exclude_reason": "keep", "ndvi": null, "soil_moisture": null, "solar_exposure": null, "wind_exposure": null, "water_retention": null, "slope": null, "aspect": null, "num_identification_agreements": 1, "cluster": 1, "tavg": null, "tmin": 2.8, "tmax": 5.6, "prcp_d0": 9.629215240478516, "prcp_d1": 0.0, "prcp_d2": 57.77529144287109, "prcp_d3": 19.528377532958984, "prcp_d4": 0.0, "prcp_d5": 19.528377532958984, "prcp_d6": 0.0, "tmax_d0": null, "tmax_d1": null, "tmax_d2": null, "tmax_d3": null, "tmax_d4": null, "tmax_d5": null, "tmax_d6": null, "tmin_d0": null, "tmin_d1": null, "tmin_d2": null, "tmin_d3": null, "tmin_d4": null, "tmin_d5": null, "tmin_d6": null, "day_of_year": 18, "uuid": "6ee838ed-55bd-422b-8172-2163d1d0efcb", "inat_id": 37731470}}, {"type": "Feature", "geometry": {"type": "Point", "coordinates": [-122.13866383, 45.52172833]}, "properties": {"species": "Fomitopsis mounceae", "date": "2020-01-18", "location": "E Larch Mountain Rd, Corbett, OR, US", "elevation": 672.0, "land_cover_label": "Tree cover", "water_mask": false, "exclude_reason": "keep", "ndvi": null, "soil_moisture": null, "solar_exposure": null, "wind_exposure": null, "water_retention": null, "slope": null, "aspect": null, "num_identification_agreements": 1, "cluster": 1, "tavg": null, "tmin": 2.8, "tmax": 5.6, "prcp_d0": 9.629215240478516, "prcp_d1": 0.0, "prcp_d2": 57.77529144287109, "prcp_d3": 19.528377532958984, "prcp_d4": 0.0, "prcp_d5": 19.528377532958984, "prcp_d6": 0.0, "tmax_d0": null, "tmax_d1": null, "tmax_d2": null, "tmax_d3": null, "tmax_d4": null, "tmax_d5": null, "tmax_d6": null, "tmin_d0": null, "tmin_d1": null, "tmin_d2": null, "tmin_d3": null, "tmin_d4": null, "tmin_d5": null, "tmin_d6": null, "day_of_year": 18, "uuid": "4d464fc2-2bec-46ba-a165-4184645f51d8", "inat_id": 37852376}}, {"type": "Feature", "geometry": {"type": "Point", "coordinates": [-122.3019104004, 45.5018310547]}, "properties": {"species": "Fomitopsis mounceae", "date": "2020-02-02", "location": "Gresham", "elevation": 19.0, "land_cover_label": "Tree cover", "water_mask": false, "exclude_reason": "keep", "ndvi": null, "soil_moisture": null, "solar_exposure": null, "wind_exposure": null, "water_retention": null, "slope": null, "aspect": null, "num_identification_agreements": 1, "cluster": 2, "tavg": null, "tmin": 0.0, "tmax": 7.2, "prcp_d0": 19.85483360290528, "prcp_d1": 19.85483360290528, "prcp_d2": 0.0, "prcp_d3": 12.146069526672363, "prcp_d4": 36.43820571899414, "prcp_d5": 24.292139053344727, "prcp_d6": 12.146069526672363, "tmax_d0": null, "tmax_d1": null, "tmax_d2": null, "tmax_d3": null, "tmax_d4": null, "tmax_d5": null, "tmax_d6": null, "tmin_d0": null, "tmin_d1": null, "tmin_d2": null, "tmin_d3": null, "tmin_d4": null, "tmin_d5": null, "tmin_d6": null, "day_of_year": 33, "uuid": "a53d7c53-93c0-47fe-b174-43565a71cfcc", "inat_id": 88808667}}, {"type": "Feature", "geometry": {"type": "Point", "coordinates": [-122.3757499094, 45.2471028532]}, "properties": {"species": "Fomitopsis mounceae", "date": "2020-03-11", "location": "Beavercreek, OR, US", "elevation": 333.0, "land_cover_label": "Tree cover", "water_mask": false, "exclude_reason": "keep", "ndvi": null, "soil_moisture": null, "solar_exposure": null, "wind_exposure": null, "water_retention": null, "slope": null, "aspect": null, "num_identification_agreements": 1, "cluster": 0, "tavg": null, "tmin": 3.3, "tmax": 13.9, "prcp_d0": 0.0, "prcp_d1": 0.0, "prcp_d2": 0.0, "prcp_d3": 0.0, "prcp_d4": 29.71442222595215, "prcp_d5": 0.0, "prcp_d6": 0.0, "tmax_d0": null, "tmax_d1": null, "tmax_d2": null, "tmax_d3": null, "tmax_d4": null, "tmax_d5": null, "tmax_d6": null, "tmin_d0": null, "tmin_d1": null, "tmin_d2": null, "tmin_d3": null, "tmin_d4": null, "tmin_d5": null, "tmin_d6": null, "day_of_year": 71, "uuid": "6aa5a991-05b8-4424-b158-f9a6397911fc", "inat_id": 40832615}}, {"type": "Feature", "geometry": {"type": "Point", "coordinates": [-122.1281188354, 45.534165367]}, "properties": {"species": "Fomitopsis mounceae", "date": "2020-03-21", "location": "Corbett, OR 97019, USA", "elevation": 705.0, "land_cover_label": "Tree cover", "water_mask": false, "exclude_reason": "keep", "ndvi": null, "soil_moisture": null, "solar_exposure": null, "wind_exposure": null, "water_retention": null, "slope": null, "aspect": null, "num_identification_agreements": 1, "cluster": 0, "tavg": null, "tmin": 2.8, "tmax": 15.0, "prcp_d0": 0.0, "prcp_d1": 0.0, "prcp_d2": 0.0, "prcp_d3": 0.0, "prcp_d4": 0.0, "prcp_d5": 0.0, "prcp_d6": 0.0, "tmax_d0": null, "tmax_d1": null, "tmax_d2": null, "tmax_d3": null, "tmax_d4": null, "tmax_d5": null, "tmax_d6": null, "tmin_d0": null, "tmin_d1": null, "tmin_d2": null, "tmin_d3": null, "tmin_d4": null, "tmin_d5": null, "tmin_d6": null, "day_of_year": 81, "uuid": "29eba865-a9f9-492f-bfb7-d61c6fb96a33", "inat_id": 78005270}}, {"type": "Feature", "geometry": {"type": "Point", "coordinates": [-121.8181563914, 45.3052229821]}, "properties": {"species": "Fomitopsis mounceae", "date": "2020-03-25", "location": "Zigzag, OR 97049, USA", "elevation": 929.0, "land_cover_label": "Tree cover", "water_mask": false, "exclude_reason": "keep", "ndvi": null, "soil_moisture": null, "solar_exposure": null, "wind_exposure": null, "water_retention": null, "slope": null, "aspect": null, "num_identification_agreements": 1, "cluster": 0, "tavg": null, "tmin": null, "tmax": null, "prcp_d0": 0.0, "prcp_d1": 0.0, "prcp_d2": 0.0, "prcp_d3": 0.0, "prcp_d4": 0.0, "prcp_d5": 0.0, "prcp_d6": 0.0, "tmax_d0": null, "tmax_d1": null, "tmax_d2": null, "tmax_d3": null, "tmax_d4": null, "tmax_d5": null, "tmax_d6": null, "tmin_d0": null, "tmin_d1": null, "tmin_d2": null, "tmin_d3": null, "tmin_d4": null, "tmin_d5": null, "tmin_d6": null, "day_of_year": 85, "uuid": "20f3fcb1-9f9e-4880-b029-c3c71e6f6f07", "inat_id": 41445876}}, {"type": "Feature", "geometry": {"type": "Point", "coordinates": [-122.2640729534, 45.4985827842]}, "properties": {"species": "Fomitopsis mounceae", "date": "2020-04-11", "location": "Corbett, Corbett, OR, US", "elevation": 207.0, "land_cover_label": "Tree cover", "water_mask": false, "exclude_reason": "keep", "ndvi": null, "soil_moisture": null, "solar_exposure": null, "wind_exposure": null, "water_retention": null, "slope": null, "aspect": null, "num_identification_agreements": 1, "cluster": 0, "tavg": null, "tmin": 8.3, "tmax": 16.7, "prcp_d0": 0.0, "prcp_d1": 0.0, "prcp_d2": 0.0, "prcp_d3": 0.0, "prcp_d4": 0.0, "prcp_d5": 0.0, "prcp_d6": 28.233922958374023, "tmax_d0": null, "tmax_d1": null, "tmax_d2": null, "tmax_d3": null, "tmax_d4": null, "tmax_d5": null, "tmax_d6": null, "tmin_d0": null, "tmin_d1": null, "tmin_d2": null, "tmin_d3": null, "tmin_d4": null, "tmin_d5": null, "tmin_d6": null, "day_of_year": 102, "uuid": "3de7ee82-ee69-434b-964f-3b49ad792b8f", "inat_id": 41944341}}, {"type": "Feature", "geometry": {"type": "Point", "coordinates": [-122.192895, 44.71481333]}, "properties": {"species": "Fomitopsis mounceae", "date": "2020-04-11", "location": "Willamette National Forest, Detroit, OR, US", "elevation": 521.0, "land_cover_label": "Tree cover", "water_mask": false, "exclude_reason": "keep", "ndvi": null, "soil_moisture": null, "solar_exposure": null, "wind_exposure": null, "water_retention": null, "slope": null, "aspect": null, "num_identification_agreements": 1, "cluster": 2, "tavg": null, "tmin": null, "tmax": null, "prcp_d0": 0.0, "prcp_d1": 0.0, "prcp_d2": 0.0, "prcp_d3": 0.0, "prcp_d4": 0.0, "prcp_d5": 8.869668006896973, "prcp_d6": 47.243743896484375, "tmax_d0": null, "tmax_d1": null, "tmax_d2": null, "tmax_d3": null, "tmax_d4": null, "tmax_d5": null, "tmax_d6": null, "tmin_d0": null, "tmin_d1": null, "tmin_d2": null, "tmin_d3": null, "tmin_d4": null, "tmin_d5": null, "tmin_d6": null, "day_of_year": 102, "uuid": "16c4a826-5e8c-41ff-886c-3a6359a2037c", "inat_id": 41976032}}, {"type": "Feature", "geometry": {"type": "Point", "coordinates": [-121.8874455335, 44.5743860029]}, "properties": {"species": "Fomitopsis mounceae", "date": "2020-04-28", "location": "Willamette National Forest, Idanha, OR, US", "elevation": 1119.0, "land_cover_label": "Tree cover", "water_mask": false, "exclude_reason": "keep", "ndvi": null, "soil_moisture": null, "solar_exposure": null, "wind_exposure": null, "water_retention": null, "slope": null, "aspect": null, "num_identification_agreements": 1, "cluster": 0, "tavg": null, "tmin": null, "tmax": null, "prcp_d0": 0.0, "prcp_d1": 12.282492637634276, "prcp_d2": 0.0, "prcp_d3": 0.0, "prcp_d4": 6.581516265869141, "prcp_d5": 6.397881031036377, "prcp_d6": 6.512983798980713, "tmax_d0": null, "tmax_d1": null, "tmax_d2": null, "tmax_d3": null, "tmax_d4": null, "tmax_d5": null, "tmax_d6": null, "tmin_d0": null, "tmin_d1": null, "tmin_d2": null, "tmin_d3": null, "tmin_d4": null, "tmin_d5": null, "tmin_d6": null, "day_of_year": 119, "uuid": "c822dfb7-d535-41d7-9d61-d25a9e37d785", "inat_id": 44210009}}, {"type": "Feature", "geometry": {"type": "Point", "coordinates": [-121.7546084896, 45.0892519149]}, "properties": {"species": "Fomitopsis mounceae", "date": "2020-05-07", "location": "Clackamas County, OR, USA", "elevation": 1066.0, "land_cover_label": "Tree cover", "water_mask": false, "exclude_reason": "keep", "ndvi": null, "soil_moisture": null, "solar_exposure": null, "wind_exposure": null, "water_retention": null, "slope": null, "aspect": null, "num_identification_agreements": 1, "cluster": 0, "tavg": null, "tmin": null, "tmax": null, "prcp_d0": 0.0, "prcp_d1": 7.539648056030273, "prcp_d2": 0.0, "prcp_d3": 0.0, "prcp_d4": 0.0, "prcp_d5": 0.0, "prcp_d6": 0.0, "tmax_d0": null, "tmax_d1": null, "tmax_d2": null, "tmax_d3": null, "tmax_d4": null, "tmax_d5": null, "tmax_d6": null, "tmin_d0": null, "tmin_d1": null, "tmin_d2": null, "tmin_d3": null, "tmin_d4": null, "tmin_d5": null, "tmin_d6": null, "day_of_year": 128, "uuid": "915b16f1-9c5b-4080-a372-e64fba4cf943", "inat_id": 45243835}}, {"type": "Feature", "geometry": {"type": "Point", "coordinates": [-121.57462335, 45.13716279]}, "properties": {"species": "Fomitopsis mounceae", "date": "2020-06-10", "location": "Wasco County, US-OR, US", "elevation": 993.0, "land_cover_label": "Tree cover", "water_mask": false, "exclude_reason": "keep", "ndvi": null, "soil_moisture": null, "solar_exposure": null, "wind_exposure": null, "water_retention": null, "slope": null, "aspect": null, "num_identification_agreements": 2, "cluster": 0, "tavg": null, "tmin": null, "tmax": null, "prcp_d0": 0.0, "prcp_d1": 0.0, "prcp_d2": 0.0, "prcp_d3": 0.0, "prcp_d4": 0.0, "prcp_d5": 4.117670059204102, "prcp_d6": 0.0, "tmax_d0": null, "tmax_d1": null, "tmax_d2": null, "tmax_d3": null, "tmax_d4": null, "tmax_d5": null, "tmax_d6": null, "tmin_d0": null, "tmin_d1": null, "tmin_d2": null, "tmin_d3": null, "tmin_d4": null, "tmin_d5": null, "tmin_d6": null, "day_of_year": 162, "uuid": "02243145-167e-403d-b69c-c3fba1ef36da", "inat_id": 49290586}}, {"type": "Feature", "geometry": {"type": "Point", "coordinates": [-121.5200607538, 45.2195412973]}, "properties": {"species": "Fomitopsis mounceae", "date": "2020-06-11", "location": "Mt. Hood National Forest, Maupin, OR, US", "elevation": 1258.0, "land_cover_label": "Tree cover", "water_mask": false, "exclude_reason": "keep", "ndvi": null, "soil_moisture": null, "solar_exposure": null, "wind_exposure": null, "water_retention": null, "slope": null, "aspect": null, "num_identification_agreements": 2, "cluster": 0, "tavg": null, "tmin": null, "tmax": null, "prcp_d0": 4.5610527992248535, "prcp_d1": 0.0, "prcp_d2": 0.0, "prcp_d3": 0.0, "prcp_d4": 0.0, "prcp_d5": 0.0, "prcp_d6": 3.159524440765381, "tmax_d0": null, "tmax_d1": null, "tmax_d2": null, "tmax_d3": null, "tmax_d4": null, "tmax_d5": null, "tmax_d6": null, "tmin_d0": null, "tmin_d1": null, "tmin_d2": null, "tmin_d3": null, "tmin_d4": null, "tmin_d5": null, "tmin_d6": null, "day_of_year": 163, "uuid": "b614d0f6-ca71-4b09-a14a-5373ced40a16", "inat_id": 50941406}}, {"type": "Feature", "geometry": {"type": "Point", "coordinates": [-122.0954572384, 45.54453073]}, "properties": {"species": "Fomitopsis mounceae", "date": "2020-06-26", "location": "Columbia River Gorge National Scenic Area, Corbett, OR, US", "elevation": 1023.0, "land_cover_label": "Tree cover", "water_mask": false, "exclude_reason": "keep", "ndvi": null, "soil_moisture": null, "solar_exposure": null, "wind_exposure": null, "water_retention": null, "slope": null, "aspect": null, "num_identification_agreements": 1, "cluster": 1, "tavg": null, "tmin": 15.6, "tmax": 30.6, "prcp_d0": 0.0, "prcp_d1": 0.0, "prcp_d2": 40.04421615600586, "prcp_d3": 0.0, "prcp_d4": 0.0, "prcp_d5": 0.0, "prcp_d6": 0.0, "tmax_d0": null, "tmax_d1": null, "tmax_d2": null, "tmax_d3": null, "tmax_d4": null, "tmax_d5": null, "tmax_d6": null, "tmin_d0": null, "tmin_d1": null, "tmin_d2": null, "tmin_d3": null, "tmin_d4": null, "tmin_d5": null, "tmin_d6": null, "day_of_year": 178, "uuid": "1a56491f-9087-4b09-b8b2-df5ba2453773", "inat_id": 51112951}}, {"type": "Feature", "geometry": {"type": "Point", "coordinates": [-121.98139167, 44.77732167]}, "properties": {"species": "Fomitopsis mounceae", "date": "2020-06-27", "location": "Willamette National Forest, Detroit, OR, US", "elevation": 734.0, "land_cover_label": "Tree cover", "water_mask": false, "exclude_reason": "keep", "ndvi": null, "soil_moisture": null, "solar_exposure": null, "wind_exposure": null, "water_retention": null, "slope": null, "aspect": null, "num_identification_agreements": 1, "cluster": 0, "tavg": null, "tmin": null, "tmax": null, "prcp_d0": 0.0, "prcp_d1": 0.0, "prcp_d2": 0.0, "prcp_d3": 0.0, "prcp_d4": 0.0, "prcp_d5": 0.0, "prcp_d6": 0.0, "tmax_d0": null, "tmax_d1": null, "tmax_d2": null, "tmax_d3": null, "tmax_d4": null, "tmax_d5": null, "tmax_d6": null, "tmin_d0": null, "tmin_d1": null, "tmin_d2": null, "tmin_d3": null, "tmin_d4": null, "tmin_d5": null, "tmin_d6": null, "day_of_year": 179, "uuid": "0dcc57bb-55c5-41bd-972a-48c976dd1292", "inat_id": 51178521}}, {"type": "Feature", "geometry": {"type": "Point", "coordinates": [-121.98203333, 44.77765]}, "properties": {"species": "Fomitopsis mounceae", "date": "2020-06-27", "location": "Willamette National Forest, Detroit, OR, US", "elevation": 734.0, "land_cover_label": "Tree cover", "water_mask": false, "exclude_reason": "keep", "ndvi": null, "soil_moisture": null, "solar_exposure": null, "wind_exposure": null, "water_retention": null, "slope": null, "aspect": null, "num_identification_agreements": 1, "cluster": 0, "tavg": null, "tmin": null, "tmax": null, "prcp_d0": 0.0, "prcp_d1": 0.0, "prcp_d2": 0.0, "prcp_d3": 0.0, "prcp_d4": 0.0, "prcp_d5": 0.0, "prcp_d6": 0.0, "tmax_d0": null, "tmax_d1": null, "tmax_d2": null, "tmax_d3": null, "tmax_d4": null, "tmax_d5": null, "tmax_d6": null, "tmin_d0": null, "tmin_d1": null, "tmin_d2": null, "tmin_d3": null, "tmin_d4": null, "tmin_d5": null, "tmin_d6": null, "day_of_year": 179, "uuid": "287a116d-9c91-428a-a2ab-a1b378ccef3d", "inat_id": 51178490}}, {"type": "Feature", "geometry": {"type": "Point", "coordinates": [-121.99926167, 44.77709167]}, "properties": {"species": "Fomitopsis mounceae", "date": "2020-06-27", "location": "Breitenbush River, Idanha, OR, US", "elevation": 669.0, "land_cover_label": "Tree cover", "water_mask": false, "exclude_reason": "keep", "ndvi": null, "soil_moisture": null, "solar_exposure": null, "wind_exposure": null, "water_retention": null, "slope": null, "aspect": null, "num_identification_agreements": 1, "cluster": 0, "tavg": null, "tmin": null, "tmax": null, "prcp_d0": 0.0, "prcp_d1": 0.0, "prcp_d2": 0.0, "prcp_d3": 0.0, "prcp_d4": 0.0, "prcp_d5": 0.0, "prcp_d6": 0.0, "tmax_d0": null, "tmax_d1": null, "tmax_d2": null, "tmax_d3": null, "tmax_d4": null, "tmax_d5": null, "tmax_d6": null, "tmin_d0": null, "tmin_d1": null, "tmin_d2": null, "tmin_d3": null, "tmin_d4": null, "tmin_d5": null, "tmin_d6": null, "day_of_year": 179, "uuid": "1ae47821-5d6b-4cae-9a37-0aa49367d573", "inat_id": 51179176}}, {"type": "Feature", "geometry": {"type": "Point", "coordinates": [-122.43579167, 45.25058]}, "properties": {"species": "Fomitopsis mounceae", "date": "2020-06-29", "location": "S Upper Highland Rd, Beavercreek, OR, US", "elevation": 387.0, "land_cover_label": "Tree cover", "water_mask": false, "exclude_reason": "keep", "ndvi": null, "soil_moisture": null, "solar_exposure": null, "wind_exposure": null, "water_retention": null, "slope": null, "aspect": null, "num_identification_agreements": 1, "cluster": 0, "tavg": null, "tmin": 11.7, "tmax": 22.8, "prcp_d0": 0.0, "prcp_d1": 0.0, "prcp_d2": 0.0, "prcp_d3": 0.0, "prcp_d4": 0.0, "prcp_d5": 0.0, "prcp_d6": 0.0, "tmax_d0": null, "tmax_d1": null, "tmax_d2": null, "tmax_d3": null, "tmax_d4": null, "tmax_d5": null, "tmax_d6": null, "tmin_d0": null, "tmin_d1": null, "tmin_d2": null, "tmin_d3": null, "tmin_d4": null, "tmin_d5": null, "tmin_d6": null, "day_of_year": 181, "uuid": "89c7db8a-6b05-480e-b4e5-8b4972f38f55", "inat_id": 51399382}}, {"type": "Feature", "geometry": {"type": "Point", "coordinates": [-121.8588882707, 45.3850742696]}, "properties": {"species": "Fomitopsis mounceae", "date": "2020-07-01", "location": "Clackamas County, OR, USA", "elevation": 659.0, "land_cover_label": "Tree cover", "water_mask": false, "exclude_reason": "keep", "ndvi": null, "soil_moisture": null, "solar_exposure": null, "wind_exposure": null, "water_retention": null, "slope": null, "aspect": null, "num_identification_agreements": 1, "cluster": 0, "tavg": null, "tmin": 13.3, "tmax": 18.3, "prcp_d0": 6.528531074523926, "prcp_d1": 0.0, "prcp_d2": 0.0, "prcp_d3": 0.0, "prcp_d4": 0.0, "prcp_d5": 0.0, "prcp_d6": 0.0, "tmax_d0": null, "tmax_d1": null, "tmax_d2": null, "tmax_d3": null, "tmax_d4": null, "tmax_d5": null, "tmax_d6": null, "tmin_d0": null, "tmin_d1": null, "tmin_d2": null, "tmin_d3": null, "tmin_d4": null, "tmin_d5": null, "tmin_d6": null, "day_of_year": 183, "uuid": "a26e2454-34ed-44fc-884e-9558ac7c6e71", "inat_id": 88883022}}, {"type": "Feature", "geometry": {"type": "Point", "coordinates": [-121.8354744, 45.3812813]}, "properties": {"species": "Fomitopsis mounceae", "date": "2020-07-01", "location": "Rhododendron, OR 97049, USA", "elevation": 739.0, "land_cover_label": "Tree cover", "water_mask": false, "exclude_reason": "keep", "ndvi": null, "soil_moisture": null, "solar_exposure": null, "wind_exposure": null, "water_retention": null, "slope": null, "aspect": null, "num_identification_agreements": 2, "cluster": 0, "tavg": null, "tmin": 13.3, "tmax": 18.3, "prcp_d0": 4.930995941162109, "prcp_d1": 0.0, "prcp_d2": 0.0, "prcp_d3": 0.0, "prcp_d4": 0.0, "prcp_d5": 0.0, "prcp_d6": 0.0, "tmax_d0": null, "tmax_d1": null, "tmax_d2": null, "tmax_d3": null, "tmax_d4": null, "tmax_d5": null, "tmax_d6": null, "tmin_d0": null, "tmin_d1": null, "tmin_d2": null, "tmin_d3": null, "tmin_d4": null, "tmin_d5": null, "tmin_d6": null, "day_of_year": 183, "uuid": "e72d4508-7dfa-4611-a1d4-268013baf1f0", "inat_id": 78284050}}, {"type": "Feature", "geometry": {"type": "Point", "coordinates": [-121.9047214219, 45.365713422]}, "properties": {"species": "Fomitopsis mounceae", "date": "2020-07-08", "location": "Mt. Hood National Forest, Rhododendron, OR, US", "elevation": 748.0, "land_cover_label": "Tree cover", "water_mask": false, "exclude_reason": "keep", "ndvi": null, "soil_moisture": null, "solar_exposure": null, "wind_exposure": null, "water_retention": null, "slope": null, "aspect": null, "num_identification_agreements": 1, "cluster": 0, "tavg": null, "tmin": 15.0, "tmax": 23.9, "prcp_d0": 0.0, "prcp_d1": 0.0, "prcp_d2": 0.0, "prcp_d3": 0.0, "prcp_d4": 0.0, "prcp_d5": 0.0, "prcp_d6": 0.0, "tmax_d0": null, "tmax_d1": null, "tmax_d2": null, "tmax_d3": null, "tmax_d4": null, "tmax_d5": null, "tmax_d6": null, "tmin_d0": null, "tmin_d1": null, "tmin_d2": null, "tmin_d3": null, "tmin_d4": null, "tmin_d5": null, "tmin_d6": null, "day_of_year": 190, "uuid": "f0e43750-97fb-4ddc-8179-31c251338c54", "inat_id": 52411107}}, {"type": "Feature", "geometry": {"type": "Point", "coordinates": [-121.8870166012, 45.2961122607]}, "properties": {"species": "Fomitopsis mounceae", "date": "2020-07-11", "location": "Oregon, US", "elevation": 592.0, "land_cover_label": "Tree cover", "water_mask": false, "exclude_reason": "keep", "ndvi": null, "soil_moisture": null, "solar_exposure": null, "wind_exposure": null, "water_retention": null, "slope": null, "aspect": null, "num_identification_agreements": 1, "cluster": 0, "tavg": null, "tmin": 12.8, "tmax": 26.7, "prcp_d0": 0.0, "prcp_d1": 0.0, "prcp_d2": 0.0, "prcp_d3": 0.0, "prcp_d4": 0.0, "prcp_d5": 0.0, "prcp_d6": 0.0, "tmax_d0": null, "tmax_d1": null, "tmax_d2": null, "tmax_d3": null, "tmax_d4": null, "tmax_d5": null, "tmax_d6": null, "tmin_d0": null, "tmin_d1": null, "tmin_d2": null, "tmin_d3": null, "tmin_d4": null, "tmin_d5": null, "tmin_d6": null, "day_of_year": 193, "uuid": "6193b3e8-cf63-4d35-8a35-4421abbcacad", "inat_id": 52874098}}, {"type": "Feature", "geometry": {"type": "Point", "coordinates": [-121.93290833, 45.36049167]}, "properties": {"species": "Fomitopsis mounceae", "date": "2020-07-13", "location": "E Autumn Ln, Rhododendron, OR, US", "elevation": 476.0, "land_cover_label": "Tree cover", "water_mask": false, "exclude_reason": "keep", "ndvi": null, "soil_moisture": null, "solar_exposure": null, "wind_exposure": null, "water_retention": null, "slope": null, "aspect": null, "num_identification_agreements": 1, "cluster": 0, "tavg": null, "tmin": 11.7, "tmax": 27.2, "prcp_d0": 5.6654372215271, "prcp_d1": 0.0, "prcp_d2": 0.0, "prcp_d3": 0.0, "prcp_d4": 0.0, "prcp_d5": 0.0, "prcp_d6": 0.0, "tmax_d0": null, "tmax_d1": null, "tmax_d2": null, "tmax_d3": null, "tmax_d4": null, "tmax_d5": null, "tmax_d6": null, "tmin_d0": null, "tmin_d1": null, "tmin_d2": null, "tmin_d3": null, "tmin_d4": null, "tmin_d5": null, "tmin_d6": null, "day_of_year": 195, "uuid": "8a877268-412b-48d0-b63c-09ce4c6582b4", "inat_id": 53002163}}, {"type": "Feature", "geometry": {"type": "Point", "coordinates": [-121.9147617392, 45.1912052541]}, "properties": {"species": "Fomitopsis mounceae", "date": "2020-07-14", "location": "Mt. Hood National Forest, Estacada, OR, US", "elevation": 1077.0, "land_cover_label": "Tree cover", "water_mask": false, "exclude_reason": "keep", "ndvi": null, "soil_moisture": null, "solar_exposure": null, "wind_exposure": null, "water_retention": null, "slope": null, "aspect": null, "num_identification_agreements": 1, "cluster": 0, "tavg": null, "tmin": null, "tmax": null, "prcp_d0": 0.0, "prcp_d1": 5.481476783752441, "prcp_d2": 0.0, "prcp_d3": 0.0, "prcp_d4": 0.0, "prcp_d5": 0.0, "prcp_d6": 0.0, "tmax_d0": null, "tmax_d1": null, "tmax_d2": null, "tmax_d3": null, "tmax_d4": null, "tmax_d5": null, "tmax_d6": null, "tmin_d0": null, "tmin_d1": null, "tmin_d2": null, "tmin_d3": null, "tmin_d4": null, "tmin_d5": null, "tmin_d6": null, "day_of_year": 196, "uuid": "e4de63d5-e220-45af-a0d3-f6ca492a116d", "inat_id": 53212400}}, {"type": "Feature", "geometry": {"type": "Point", "coordinates": [-121.83609667, 45.381775]}, "properties": {"species": "Fomitopsis mounceae", "date": "2020-07-26", "location": "Mt. Hood National Forest, Rhododendron, OR, US", "elevation": 739.0, "land_cover_label": "Tree cover", "water_mask": false, "exclude_reason": "keep", "ndvi": null, "soil_moisture": null, "solar_exposure": null, "wind_exposure": null, "water_retention": null, "slope": null, "aspect": null, "num_identification_agreements": 1, "cluster": 0, "tavg": null, "tmin": 13.3, "tmax": 37.2, "prcp_d0": 0.0, "prcp_d1": 0.0, "prcp_d2": 0.0, "prcp_d3": 0.0, "prcp_d4": 0.0, "prcp_d5": 0.0, "prcp_d6": 0.0, "tmax_d0": null, "tmax_d1": null, "tmax_d2": null, "tmax_d3": null, "tmax_d4": null, "tmax_d5": null, "tmax_d6": null, "tmin_d0": null, "tmin_d1": null, "tmin_d2": null, "tmin_d3": null, "tmin_d4": null, "tmin_d5": null, "tmin_d6": null, "day_of_year": 208, "uuid": "47b4159b-213a-407f-ab04-95355b6d0c16", "inat_id": 54464785}}, {"type": "Feature", "geometry": {"type": "Point", "coordinates": [-121.8147029722, 45.3151939722]}, "properties": {"species": "Fomitopsis mounceae", "date": "2020-07-28", "location": "Zigzag, OR 97049, USA", "elevation": 915.0, "land_cover_label": "Tree cover", "water_mask": false, "exclude_reason": "keep", "ndvi": null, "soil_moisture": null, "solar_exposure": null, "wind_exposure": null, "water_retention": null, "slope": null, "aspect": null, "num_identification_agreements": 1, "cluster": 0, "tavg": null, "tmin": null, "tmax": null, "prcp_d0": 3.684979915618897, "prcp_d1": 0.0, "prcp_d2": 0.0, "prcp_d3": 0.0, "prcp_d4": 0.0, "prcp_d5": 0.0, "prcp_d6": 0.0, "tmax_d0": null, "tmax_d1": null, "tmax_d2": null, "tmax_d3": null, "tmax_d4": null, "tmax_d5": null, "tmax_d6": null, "tmin_d0": null, "tmin_d1": null, "tmin_d2": null, "tmin_d3": null, "tmin_d4": null, "tmin_d5": null, "tmin_d6": null, "day_of_year": 210, "uuid": "66d848c6-6fd5-4db5-8dfd-05f3d08dd5f5", "inat_id": 55437341}}, {"type": "Feature", "geometry": {"type": "Point", "coordinates": [-121.7978361111, 45.128425]}, "properties": {"species": "Fomitopsis mounceae", "date": "2020-07-30", "location": "Clackamas County, OR, USA", "elevation": 1007.0, "land_cover_label": "Tree cover", "water_mask": false, "exclude_reason": "keep", "ndvi": null, "soil_moisture": null, "solar_exposure": null, "wind_exposure": null, "water_retention": null, "slope": null, "aspect": null, "num_identification_agreements": 1, "cluster": 0, "tavg": null, "tmin": null, "tmax": null, "prcp_d0": 0.0, "prcp_d1": 0.0, "prcp_d2": 6.720837593078613, "prcp_d3": 0.0, "prcp_d4": 0.0, "prcp_d5": 0.0, "prcp_d6": 0.0, "tmax_d0": null, "tmax_d1": null, "tmax_d2": null, "tmax_d3": null, "tmax_d4": null, "tmax_d5": null, "tmax_d6": null, "tmin_d0": null, "tmin_d1": null, "tmin_d2": null, "tmin_d3": null, "tmin_d4": null, "tmin_d5": null, "tmin_d6": null, "day_of_year": 212, "uuid": "7b8fbc32-4b8c-40e7-838e-67903791afd6", "inat_id": 55536134}}, {"type": "Feature", "geometry": {"type": "Point", "coordinates": [-121.9551059908, 45.3074090766]}, "properties": {"species": "Fomitopsis mounceae", "date": "2020-08-01", "location": "Oregon, US", "elevation": 608.0, "land_cover_label": "Tree cover", "water_mask": false, "exclude_reason": "keep", "ndvi": null, "soil_moisture": null, "solar_exposure": null, "wind_exposure": null, "water_retention": null, "slope": null, "aspect": null, "num_identification_agreements": 1, "cluster": 0, "tavg": null, "tmin": 15.0, "tmax": 28.3, "prcp_d0": 7.074229717254639, "prcp_d1": 0.0, "prcp_d2": 0.0, "prcp_d3": 0.0, "prcp_d4": 7.087216854095459, "prcp_d5": 0.0, "prcp_d6": 0.0, "tmax_d0": null, "tmax_d1": null, "tmax_d2": null, "tmax_d3": null, "tmax_d4": null, "tmax_d5": null, "tmax_d6": null, "tmin_d0": null, "tmin_d1": null, "tmin_d2": null, "tmin_d3": null, "tmin_d4": null, "tmin_d5": null, "tmin_d6": null, "day_of_year": 214, "uuid": "03fd3ec1-6cd8-471a-867b-d1ded8408fdf", "inat_id": 55249976}}, {"type": "Feature", "geometry": {"type": "Point", "coordinates": [-121.8105674163, 45.4920731487]}, "properties": {"species": "Fomitopsis mounceae", "date": "2020-08-01", "location": "Cascade Locks, OR 97014, USA", "elevation": 1058.0, "land_cover_label": "Tree cover", "water_mask": false, "exclude_reason": "keep", "ndvi": null, "soil_moisture": null, "solar_exposure": null, "wind_exposure": null, "water_retention": null, "slope": null, "aspect": null, "num_identification_agreements": 1, "cluster": 0, "tavg": null, "tmin": 15.0, "tmax": 28.3, "prcp_d0": 9.913288116455078, "prcp_d1": 0.0, "prcp_d2": 0.0, "prcp_d3": 0.0, "prcp_d4": 0.0, "prcp_d5": 0.0, "prcp_d6": 0.0, "tmax_d0": null, "tmax_d1": null, "tmax_d2": null, "tmax_d3": null, "tmax_d4": null, "tmax_d5": null, "tmax_d6": null, "tmin_d0": null, "tmin_d1": null, "tmin_d2": null, "tmin_d3": null, "tmin_d4": null, "tmin_d5": null, "tmin_d6": null, "day_of_year": 214, "uuid": "736914bd-bad5-4707-8d8b-5d6af1080c53", "inat_id": 55448096}}, {"type": "Feature", "geometry": {"type": "Point", "coordinates": [-122.1263127706, 45.1166515262]}, "properties": {"species": "Fomitopsis mounceae", "date": "2020-08-09", "location": "Mt. Hood National Forest, Estacada, OR, US", "elevation": 1127.0, "land_cover_label": "Tree cover", "water_mask": false, "exclude_reason": "keep", "ndvi": null, "soil_moisture": null, "solar_exposure": null, "wind_exposure": null, "water_retention": null, "slope": null, "aspect": null, "num_identification_agreements": 1, "cluster": 0, "tavg": null, "tmin": null, "tmax": null, "prcp_d0": 0.0, "prcp_d1": 0.0, "prcp_d2": 0.0, "prcp_d3": 0.0, "prcp_d4": 0.0, "prcp_d5": 0.0, "prcp_d6": 0.0, "tmax_d0": null, "tmax_d1": null, "tmax_d2": null, "tmax_d3": null, "tmax_d4": null, "tmax_d5": null, "tmax_d6": null, "tmin_d0": null, "tmin_d1": null, "tmin_d2": null, "tmin_d3": null, "tmin_d4": null, "tmin_d5": null, "tmin_d6": null, "day_of_year": 222, "uuid": "395c1b27-8336-467e-8dfa-a12a99d52d9d", "inat_id": 55973747}}, {"type": "Feature", "geometry": {"type": "Point", "coordinates": [-121.7601916667, 45.3413083333]}, "properties": {"species": "Fomitopsis mounceae", "date": "2020-08-19", "location": "Clackamas County, OR, USA", "elevation": 1493.0, "land_cover_label": "Tree cover", "water_mask": false, "exclude_reason": "keep", "ndvi": null, "soil_moisture": null, "solar_exposure": null, "wind_exposure": null, "water_retention": null, "slope": null, "aspect": null, "num_identification_agreements": 1, "cluster": 0, "tavg": null, "tmin": null, "tmax": null, "prcp_d0": 0.0, "prcp_d1": 0.0, "prcp_d2": 6.0039777755737305, "prcp_d3": 0.0, "prcp_d4": 0.0, "prcp_d5": 0.0, "prcp_d6": 0.0, "tmax_d0": null, "tmax_d1": null, "tmax_d2": null, "tmax_d3": null, "tmax_d4": null, "tmax_d5": null, "tmax_d6": null, "tmin_d0": null, "tmin_d1": null, "tmin_d2": null, "tmin_d3": null, "tmin_d4": null, "tmin_d5": null, "tmin_d6": null, "day_of_year": 232, "uuid": "c7500e23-3e1d-458e-b90a-360ae69c1589", "inat_id": 56995308}}, {"type": "Feature", "geometry": {"type": "Point", "coordinates": [-122.3489519766, 45.2951015542]}, "properties": {"species": "Fomitopsis mounceae", "date": "2020-09-02", "location": "97023, Estacada, OR, US", "elevation": 136.0, "land_cover_label": "Tree cover", "water_mask": false, "exclude_reason": "keep", "ndvi": null, "soil_moisture": null, "solar_exposure": null, "wind_exposure": null, "water_retention": null, "slope": null, "aspect": null, "num_identification_agreements": 1, "cluster": 0, "tavg": null, "tmin": 14.4, "tmax": 32.8, "prcp_d0": 0.0, "prcp_d1": 0.0, "prcp_d2": 8.85189151763916, "prcp_d3": 0.0, "prcp_d4": 0.0, "prcp_d5": 0.0, "prcp_d6": 0.0, "tmax_d0": null, "tmax_d1": null, "tmax_d2": null, "tmax_d3": null, "tmax_d4": null, "tmax_d5": null, "tmax_d6": null, "tmin_d0": null, "tmin_d1": null, "tmin_d2": null, "tmin_d3": null, "tmin_d4": null, "tmin_d5": null, "tmin_d6": null, "day_of_year": 246, "uuid": "999bdf2d-66d1-4fe9-b0fd-003517578361", "inat_id": 58447407}}, {"type": "Feature", "geometry": {"type": "Point", "coordinates": [-122.21807833, 45.53636167]}, "properties": {"species": "Fomitopsis mounceae", "date": "2020-09-04", "location": "Columbia River Gorge National Scenic Area, Corbett, OR, US", "elevation": 163.0, "land_cover_label": "Tree cover", "water_mask": false, "exclude_reason": "keep", "ndvi": null, "soil_moisture": null, "solar_exposure": null, "wind_exposure": null, "water_retention": null, "slope": null, "aspect": null, "num_identification_agreements": 1, "cluster": 0, "tavg": null, "tmin": 16.7, "tmax": 31.1, "prcp_d0": 0.0, "prcp_d1": 0.0, "prcp_d2": 0.0, "prcp_d3": 0.0, "prcp_d4": 7.0896077156066895, "prcp_d5": 0.0, "prcp_d6": 0.0, "tmax_d0": null, "tmax_d1": null, "tmax_d2": null, "tmax_d3": null, "tmax_d4": null, "tmax_d5": null, "tmax_d6": null, "tmin_d0": null, "tmin_d1": null, "tmin_d2": null, "tmin_d3": null, "tmin_d4": null, "tmin_d5": null, "tmin_d6": null, "day_of_year": 248, "uuid": "01b6d297-f0c9-420a-bca3-af8ee1aae060", "inat_id": 58576969}}, {"type": "Feature", "geometry": {"type": "Point", "coordinates": [-121.9406771571, 45.2755879385]}, "properties": {"species": "Fomitopsis mounceae", "date": "2020-09-27", "location": "Clackamas County, OR, USA", "elevation": 509.0, "land_cover_label": "Tree cover", "water_mask": false, "exclude_reason": "keep", "ndvi": null, "soil_moisture": null, "solar_exposure": null, "wind_exposure": null, "water_retention": null, "slope": null, "aspect": null, "num_identification_agreements": 1, "cluster": 1, "tavg": null, "tmin": 10.6, "tmax": 24.4, "prcp_d0": 0.0, "prcp_d1": 0.0, "prcp_d2": 66.89773559570312, "prcp_d3": 0.0, "prcp_d4": 0.0, "prcp_d5": 0.0, "prcp_d6": 0.0, "tmax_d0": null, "tmax_d1": null, "tmax_d2": null, "tmax_d3": null, "tmax_d4": null, "tmax_d5": null, "tmax_d6": null, "tmin_d0": null, "tmin_d1": null, "tmin_d2": null, "tmin_d3": null, "tmin_d4": null, "tmin_d5": null, "tmin_d6": null, "day_of_year": 271, "uuid": "ce3f0a1a-e1d6-4eda-b733-b2b6acd6fae1", "inat_id": 61366080}}, {"type": "Feature", "geometry": {"type": "Point", "coordinates": [-121.7934333333, 45.3140033333]}, "properties": {"species": "Fomitopsis mounceae", "date": "2020-09-28", "location": "Mt. Hood Park Division Recreation Area, Government Camp, OR, US", "elevation": 1001.0, "land_cover_label": "Tree cover", "water_mask": false, "exclude_reason": "keep", "ndvi": null, "soil_moisture": null, "solar_exposure": null, "wind_exposure": null, "water_retention": null, "slope": null, "aspect": null, "num_identification_agreements": 1, "cluster": 1, "tavg": null, "tmin": null, "tmax": null, "prcp_d0": 0.0, "prcp_d1": 0.0, "prcp_d2": 0.0, "prcp_d3": 50.962738037109375, "prcp_d4": 0.0, "prcp_d5": 0.0, "prcp_d6": 0.0, "tmax_d0": null, "tmax_d1": null, "tmax_d2": null, "tmax_d3": null, "tmax_d4": null, "tmax_d5": null, "tmax_d6": null, "tmin_d0": null, "tmin_d1": null, "tmin_d2": null, "tmin_d3": null, "tmin_d4": null, "tmin_d5": null, "tmin_d6": null, "day_of_year": 272, "uuid": "ead5adf0-59c4-4e50-b133-f8db46fec9c3", "inat_id": 63030362}}, {"type": "Feature", "geometry": {"type": "Point", "coordinates": [-122.17536167, 45.511505]}, "properties": {"species": "Fomitopsis mounceae", "date": "2020-10-13", "location": "E Donahue Rd, Corbett, OR, US", "elevation": 514.0, "land_cover_label": "Tree cover", "water_mask": false, "exclude_reason": "keep", "ndvi": null, "soil_moisture": null, "solar_exposure": null, "wind_exposure": null, "water_retention": null, "slope": null, "aspect": null, "num_identification_agreements": 1, "cluster": 1, "tavg": null, "tmin": 11.7, "tmax": 17.8, "prcp_d0": 54.04143905639648, "prcp_d1": 0.0, "prcp_d2": 0.0, "prcp_d3": 43.222618103027344, "prcp_d4": 0.0, "prcp_d5": 0.0, "prcp_d6": 0.0, "tmax_d0": null, "tmax_d1": null, "tmax_d2": null, "tmax_d3": null, "tmax_d4": null, "tmax_d5": null, "tmax_d6": null, "tmin_d0": null, "tmin_d1": null, "tmin_d2": null, "tmin_d3": null, "tmin_d4": null, "tmin_d5": null, "tmin_d6": null, "day_of_year": 287, "uuid": "35d774d0-61f9-4788-aff7-2e5da3254f4c", "inat_id": 62539079}}, {"type": "Feature", "geometry": {"type": "Point", "coordinates": [-121.9137797852, 45.3372163091]}, "properties": {"species": "Fomitopsis mounceae", "date": "2020-10-14", "location": "Mt. Hood Park Division Recreation Area, Rhododendron, OR, US", "elevation": 536.0, "land_cover_label": "Tree cover", "water_mask": false, "exclude_reason": "keep", "ndvi": null, "soil_moisture": null, "solar_exposure": null, "wind_exposure": null, "water_retention": null, "slope": null, "aspect": null, "num_identification_agreements": 1, "cluster": 1, "tavg": null, "tmin": 8.3, "tmax": 17.8, "prcp_d0": 0.0, "prcp_d1": 43.56027603149414, "prcp_d2": 0.0, "prcp_d3": 0.0, "prcp_d4": 31.941539764404297, "prcp_d5": 0.0, "prcp_d6": 0.0, "tmax_d0": null, "tmax_d1": null, "tmax_d2": null, "tmax_d3": null, "tmax_d4": null, "tmax_d5": null, "tmax_d6": null, "tmin_d0": null, "tmin_d1": null, "tmin_d2": null, "tmin_d3": null, "tmin_d4": null, "tmin_d5": null, "tmin_d6": null, "day_of_year": 288, "uuid": "0b65997a-9aab-48ed-b9f4-d34bdf2919bd", "inat_id": 63026736}}, {"type": "Feature", "geometry": {"type": "Point", "coordinates": [-122.3061450943, 45.5011467383]}, "properties": {"species": "Fomitopsis mounceae", "date": "2020-10-18", "location": "Oxbow Regional Park", "elevation": 48.0, "land_cover_label": "Tree cover", "water_mask": false, "exclude_reason": "keep", "ndvi": null, "soil_moisture": null, "solar_exposure": null, "wind_exposure": null, "water_retention": null, "slope": null, "aspect": null, "num_identification_agreements": 1, "cluster": 2, "tavg": null, "tmin": 12.8, "tmax": 19.4, "prcp_d0": 0.0, "prcp_d1": 0.0, "prcp_d2": 0.0, "prcp_d3": 0.0, "prcp_d4": 0.0, "prcp_d5": 43.03857421875, "prcp_d6": 0.0, "tmax_d0": 16.5, "tmax_d1": 16.9, "tmax_d2": 18.0, "tmax_d3": 17.5, "tmax_d4": 15.9, "tmax_d5": 15.5, "tmax_d6": 16.0, "tmin_d0": 10.4, "tmin_d1": 11.4, "tmin_d2": 6.4, "tmin_d3": 5.3, "tmin_d4": 8.6, "tmin_d5": 11.1, "tmin_d6": 12.0, "day_of_year": 292, "uuid": "a041f166-7e82-4d0d-a116-6ac061c9b17b", "inat_id": 132130359}}, {"type": "Feature", "geometry": {"type": "Point", "coordinates": [-122.297455, 45.483945]}, "properties": {"species": "Fomitopsis mounceae", "date": "2020-10-19", "location": "Oxbow Regional Park, Gresham, OR, US", "elevation": 223.0, "land_cover_label": "Tree cover", "water_mask": false, "exclude_reason": "keep", "ndvi": null, "soil_moisture": null, "solar_exposure": null, "wind_exposure": null, "water_retention": null, "slope": null, "aspect": null, "num_identification_agreements": 1, "cluster": 2, "tavg": null, "tmin": 12.8, "tmax": 18.3, "prcp_d0": 0.0, "prcp_d1": 0.0, "prcp_d2": 0.0, "prcp_d3": 0.0, "prcp_d4": 0.0, "prcp_d5": 0.0, "prcp_d6": 43.015907287597656, "tmax_d0": null, "tmax_d1": null, "tmax_d2": null, "tmax_d3": null, "tmax_d4": null, "tmax_d5": null, "tmax_d6": null, "tmin_d0": null, "tmin_d1": null, "tmin_d2": null, "tmin_d3": null, "tmin_d4": null, "tmin_d5": null, "tmin_d6": null, "day_of_year": 293, "uuid": "235f04b1-c42f-4eab-a071-78d374595393", "inat_id": 63041759}}, {"type": "Feature", "geometry": {"type": "Point", "coordinates": [-122.2402236052, 45.5199731078]}, "properties": {"species": "Fomitopsis mounceae", "date": "2020-11-02", "location": "Corbett", "elevation": 399.0, "land_cover_label": "Tree cover", "water_mask": false, "exclude_reason": "keep", "ndvi": null, "soil_moisture": null, "solar_exposure": null, "wind_exposure": null, "water_retention": null, "slope": null, "aspect": null, "num_identification_agreements": 2, "cluster": 0, "tavg": null, "tmin": 10.0, "tmax": 18.9, "prcp_d0": 0.0, "prcp_d1": 0.0, "prcp_d2": 0.936997890472412, "prcp_d3": 7.908548831939697, "prcp_d4": 5.0942339839821216e-06, "prcp_d5": 6.992983799136709e-06, "prcp_d6": 3.814501042143093e-06, "tmax_d0": null, "tmax_d1": null, "tmax_d2": null, "tmax_d3": null, "tmax_d4": null, "tmax_d5": null, "tmax_d6": null, "tmin_d0": null, "tmin_d1": null, "tmin_d2": null, "tmin_d3": null, "tmin_d4": null, "tmin_d5": null, "tmin_d6": null, "day_of_year": 307, "uuid": "6b0ea45f-3996-4125-977f-3ec47ce1084d", "inat_id": 64060764}}, {"type": "Feature", "geometry": {"type": "Point", "coordinates": [-122.2884533333, 45.397155]}, "properties": {"species": "Fomitopsis mounceae", "date": "2020-11-08", "location": "Orr Cir, Sandy, OR, US", "elevation": 245.0, "land_cover_label": "Tree cover", "water_mask": false, "exclude_reason": "keep", "ndvi": null, "soil_moisture": null, "solar_exposure": null, "wind_exposure": null, "water_retention": null, "slope": null, "aspect": null, "num_identification_agreements": 1, "cluster": 0, "tavg": null, "tmin": -0.6, "tmax": 7.2, "prcp_d0": 0.0, "prcp_d1": 0.0, "prcp_d2": 0.0, "prcp_d3": 0.0, "prcp_d4": 0.0, "prcp_d5": 0.0, "prcp_d6": 0.0, "tmax_d0": null, "tmax_d1": null, "tmax_d2": null, "tmax_d3": null, "tmax_d4": null, "tmax_d5": null, "tmax_d6": null, "tmin_d0": null, "tmin_d1": null, "tmin_d2": null, "tmin_d3": null, "tmin_d4": null, "tmin_d5": null, "tmin_d6": null, "day_of_year": 313, "uuid": "7dbb689e-4a8f-497b-98fb-e2b38f4162f8", "inat_id": 71989721}}, {"type": "Feature", "geometry": {"type": "Point", "coordinates": [-122.1000178987, 45.5388121911]}, "properties": {"species": "Fomitopsis mounceae", "date": "2020-11-11", "location": "Columbia River Gorge National Scenic Area, Corbett, OR, US", "elevation": 1034.0, "land_cover_label": "Tree cover", "water_mask": false, "exclude_reason": "keep", "ndvi": null, "soil_moisture": null, "solar_exposure": null, "wind_exposure": null, "water_retention": null, "slope": null, "aspect": null, "num_identification_agreements": 1, "cluster": 0, "tavg": null, "tmin": 1.7, "tmax": 10.6, "prcp_d0": 0.0, "prcp_d1": 0.0, "prcp_d2": 0.0, "prcp_d3": 0.0, "prcp_d4": 0.0, "prcp_d5": 0.0, "prcp_d6": 0.0, "tmax_d0": null, "tmax_d1": null, "tmax_d2": null, "tmax_d3": null, "tmax_d4": null, "tmax_d5": null, "tmax_d6": null, "tmin_d0": null, "tmin_d1": null, "tmin_d2": null, "tmin_d3": null, "tmin_d4": null, "tmin_d5": null, "tmin_d6": null, "day_of_year": 316, "uuid": "aebc6498-669a-4b0c-93da-46ea087225e7", "inat_id": 64739144}}, {"type": "Feature", "geometry": {"type": "Point", "coordinates": [-122.3053081464, 45.5009475853]}, "properties": {"species": "Fomitopsis mounceae", "date": "2020-11-19", "location": "Multnomah County, OR, USA", "elevation": 48.0, "land_cover_label": "Tree cover", "water_mask": false, "exclude_reason": "keep", "ndvi": null, "soil_moisture": null, "solar_exposure": null, "wind_exposure": null, "water_retention": null, "slope": null, "aspect": null, "num_identification_agreements": 2, "cluster": 1, "tavg": null, "tmin": 7.8, "tmax": 11.7, "prcp_d0": 0.0, "prcp_d1": 11.379645347595217, "prcp_d2": 56.89822769165039, "prcp_d3": 0.0, "prcp_d4": 33.1190071105957, "prcp_d5": 0.0, "prcp_d6": 33.1190071105957, "tmax_d0": null, "tmax_d1": null, "tmax_d2": null, "tmax_d3": null, "tmax_d4": null, "tmax_d5": null, "tmax_d6": null, "tmin_d0": null, "tmin_d1": null, "tmin_d2": null, "tmin_d3": null, "tmin_d4": null, "tmin_d5": null, "tmin_d6": null, "day_of_year": 324, "uuid": "5a1f9dbe-5d1d-4f82-8e37-679f2c4e80cf", "inat_id": 66317694}}, {"type": "Feature", "geometry": {"type": "Point", "coordinates": [-122.2970654722, 45.4899059444]}, "properties": {"species": "Fomitopsis mounceae", "date": "2020-11-21", "location": "Gresham, OR 97080, USA", "elevation": 41.0, "land_cover_label": "Tree cover", "water_mask": false, "exclude_reason": "keep", "ndvi": null, "soil_moisture": null, "solar_exposure": null, "wind_exposure": null, "water_retention": null, "slope": null, "aspect": null, "num_identification_agreements": 2, "cluster": 2, "tavg": null, "tmin": 3.9, "tmax": 8.9, "prcp_d0": 0.0, "prcp_d1": 0.0, "prcp_d2": 11.77902889251709, "prcp_d3": 11.77902889251709, "prcp_d4": 35.33708572387695, "prcp_d5": 0.0, "prcp_d6": 35.06002426147461, "tmax_d0": null, "tmax_d1": null, "tmax_d2": null, "tmax_d3": null, "tmax_d4": null, "tmax_d5": null, "tmax_d6": null, "tmin_d0": null, "tmin_d1": null, "tmin_d2": null, "tmin_d3": null, "tmin_d4": null, "tmin_d5": null, "tmin_d6": null, "day_of_year": 326, "uuid": "d5759304-d0c1-418e-899d-f28224887e59", "inat_id": 65784522}}, {"type": "Feature", "geometry": {"type": "Point", "coordinates": [-122.0217467844, 45.6355869881]}, "properties": {"species": "Fomitopsis mounceae", "date": "2020-11-22", "location": "Stevenson, WA 98648, USA", "elevation": 222.0, "land_cover_label": "Tree cover", "water_mask": false, "exclude_reason": "keep", "ndvi": null, "soil_moisture": null, "solar_exposure": null, "wind_exposure": null, "water_retention": null, "slope": null, "aspect": null, "num_identification_agreements": 1, "cluster": 2, "tavg": null, "tmin": 5.6, "tmax": 8.9, "prcp_d0": 0.0, "prcp_d1": 0.0, "prcp_d2": 0.0, "prcp_d3": 45.98501586914063, "prcp_d4": 0.0, "prcp_d5": 61.3133544921875, "prcp_d6": 0.0, "tmax_d0": null, "tmax_d1": null, "tmax_d2": null, "tmax_d3": null, "tmax_d4": null, "tmax_d5": null, "tmax_d6": null, "tmin_d0": null, "tmin_d1": null, "tmin_d2": null, "tmin_d3": null, "tmin_d4": null, "tmin_d5": null, "tmin_d6": null, "day_of_year": 327, "uuid": "a9bc43de-7fdb-4190-a06d-99f675195c4f", "inat_id": 65674790}}, {"type": "Feature", "geometry": {"type": "Point", "coordinates": [-121.9317932054, 45.6556087905]}, "properties": {"species": "Fomitopsis mounceae", "date": "2020-12-06", "location": "Stevenson, WA 98648, USA", "elevation": 92.0, "land_cover_label": "Tree cover", "water_mask": false, "exclude_reason": "keep", "ndvi": null, "soil_moisture": null, "solar_exposure": null, "wind_exposure": null, "water_retention": null, "slope": null, "aspect": null, "num_identification_agreements": 1, "cluster": 0, "tavg": null, "tmin": 3.3, "tmax": 6.7, "prcp_d0": 0.0, "prcp_d1": 0.0, "prcp_d2": 0.0, "prcp_d3": 0.0, "prcp_d4": 0.0, "prcp_d5": 0.0, "prcp_d6": 0.0, "tmax_d0": null, "tmax_d1": null, "tmax_d2": null, "tmax_d3": null, "tmax_d4": null, "tmax_d5": null, "tmax_d6": null, "tmin_d0": null, "tmin_d1": null, "tmin_d2": null, "tmin_d3": null, "tmin_d4": null, "tmin_d5": null, "tmin_d6": null, "day_of_year": 341, "uuid": "29bcdd55-53a9-4e22-92cb-186ac4939441", "inat_id": 66230741}}, {"type": "Feature", "geometry": {"type": "Point", "coordinates": [-121.6592633333, 45.3090133333]}, "properties": {"species": "Fomitopsis mounceae", "date": "2021-01-16", "location": "Mt. Hood Park Division Recreation Area, Mount Hood Parkdale, OR, US", "elevation": 1298.0, "land_cover_label": "Tree cover", "water_mask": false, "exclude_reason": "keep", "ndvi": null, "soil_moisture": null, "solar_exposure": null, "wind_exposure": null, "water_retention": null, "slope": null, "aspect": null, "num_identification_agreements": 1, "cluster": 1, "tavg": null, "tmin": null, "tmax": null, "prcp_d0": 0.0, "prcp_d1": 20.10710334777832, "prcp_d2": 10.05355167388916, "prcp_d3": 40.21420669555664, "prcp_d4": 50.26775741577149, "prcp_d5": 0.0, "prcp_d6": 6.272912979125977, "tmax_d0": null, "tmax_d1": null, "tmax_d2": null, "tmax_d3": null, "tmax_d4": null, "tmax_d5": null, "tmax_d6": null, "tmin_d0": null, "tmin_d1": null, "tmin_d2": null, "tmin_d3": null, "tmin_d4": null, "tmin_d5": null, "tmin_d6": null, "day_of_year": 16, "uuid": "a622d6f6-be30-4078-b8a9-e4467fbad8c5", "inat_id": 68186234}}, {"type": "Feature", "geometry": {"type": "Point", "coordinates": [-121.7514669523, 45.2501412793]}, "properties": {"species": "Fomitopsis mounceae", "date": "2021-01-17", "location": "Mt Hood National Forest", "elevation": 1107.0, "land_cover_label": "Tree cover", "water_mask": false, "exclude_reason": "keep", "ndvi": null, "soil_moisture": null, "solar_exposure": null, "wind_exposure": null, "water_retention": null, "slope": null, "aspect": null, "num_identification_agreements": 1, "cluster": 2, "tavg": null, "tmin": null, "tmax": null, "prcp_d0": 0.0, "prcp_d1": 0.0, "prcp_d2": 17.706104278564453, "prcp_d3": 8.853052139282227, "prcp_d4": 35.412208557128906, "prcp_d5": 53.11831283569336, "prcp_d6": 0.0, "tmax_d0": null, "tmax_d1": null, "tmax_d2": null, "tmax_d3": null, "tmax_d4": null, "tmax_d5": null, "tmax_d6": null, "tmin_d0": null, "tmin_d1": null, "tmin_d2": null, "tmin_d3": null, "tmin_d4": null, "tmin_d5": null, "tmin_d6": null, "day_of_year": 17, "uuid": "c3c26ba0-ba3c-47e4-9dee-cab85386ec89", "inat_id": 68262016}}, {"type": "Feature", "geometry": {"type": "Point", "coordinates": [-121.9914633333, 45.3631133333]}, "properties": {"species": "Fomitopsis mounceae", "date": "2021-01-23", "location": "Rhododendron, OR, US", "elevation": 373.0, "land_cover_label": "Tree cover", "water_mask": false, "exclude_reason": "keep", "ndvi": null, "soil_moisture": null, "solar_exposure": null, "wind_exposure": null, "water_retention": null, "slope": null, "aspect": null, "num_identification_agreements": 1, "cluster": 0, "tavg": null, "tmin": -2.2, "tmax": 8.3, "prcp_d0": 0.0, "prcp_d1": 0.0, "prcp_d2": 0.0, "prcp_d3": 0.0, "prcp_d4": 0.0, "prcp_d5": 0.0, "prcp_d6": 0.0, "tmax_d0": null, "tmax_d1": null, "tmax_d2": null, "tmax_d3": null, "tmax_d4": null, "tmax_d5": null, "tmax_d6": null, "tmin_d0": null, "tmin_d1": null, "tmin_d2": null, "tmin_d3": null, "tmin_d4": null, "tmin_d5": null, "tmin_d6": null, "day_of_year": 23, "uuid": "88aaa672-6ff7-479e-9767-77c62ba27bf9", "inat_id": 68527982}}, {"type": "Feature", "geometry": {"type": "Point", "coordinates": [-121.9915166667, 45.363125]}, "properties": {"species": "Fomitopsis mounceae", "date": "2021-01-23", "location": "Rhododendron, OR, US", "elevation": 373.0, "land_cover_label": "Tree cover", "water_mask": false, "exclude_reason": "keep", "ndvi": null, "soil_moisture": null, "solar_exposure": null, "wind_exposure": null, "water_retention": null, "slope": null, "aspect": null, "num_identification_agreements": 1, "cluster": 0, "tavg": null, "tmin": -2.2, "tmax": 8.3, "prcp_d0": 0.0, "prcp_d1": 0.0, "prcp_d2": 0.0, "prcp_d3": 0.0, "prcp_d4": 0.0, "prcp_d5": 0.0, "prcp_d6": 0.0, "tmax_d0": null, "tmax_d1": null, "tmax_d2": null, "tmax_d3": null, "tmax_d4": null, "tmax_d5": null, "tmax_d6": null, "tmin_d0": null, "tmin_d1": null, "tmin_d2": null, "tmin_d3": null, "tmin_d4": null, "tmin_d5": null, "tmin_d6": null, "day_of_year": 23, "uuid": "ab28c4b5-75ab-4973-af4e-76ddbbed2391", "inat_id": 68527951}}, {"type": "Feature", "geometry": {"type": "Point", "coordinates": [-121.9915166667, 45.3631333333]}, "properties": {"species": "Fomitopsis mounceae", "date": "2021-01-23", "location": "Rhododendron, OR, US", "elevation": 373.0, "land_cover_label": "Tree cover", "water_mask": false, "exclude_reason": "keep", "ndvi": null, "soil_moisture": null, "solar_exposure": null, "wind_exposure": null, "water_retention": null, "slope": null, "aspect": null, "num_identification_agreements": 1, "cluster": 0, "tavg": null, "tmin": -2.2, "tmax": 8.3, "prcp_d0": 0.0, "prcp_d1": 0.0, "prcp_d2": 0.0, "prcp_d3": 0.0, "prcp_d4": 0.0, "prcp_d5": 0.0, "prcp_d6": 0.0, "tmax_d0": null, "tmax_d1": null, "tmax_d2": null, "tmax_d3": null, "tmax_d4": null, "tmax_d5": null, "tmax_d6": null, "tmin_d0": null, "tmin_d1": null, "tmin_d2": null, "tmin_d3": null, "tmin_d4": null, "tmin_d5": null, "tmin_d6": null, "day_of_year": 23, "uuid": "b4a01121-4c9b-42dc-81b1-045f5dde7009", "inat_id": 68528008}}, {"type": "Feature", "geometry": {"type": "Point", "coordinates": [-122.175, 45.3669444444]}, "properties": {"species": "Fomitopsis mounceae", "date": "2021-01-30", "location": "Sandy, OR 97055, USA", "elevation": 388.0, "land_cover_label": "Tree cover", "water_mask": false, "exclude_reason": "keep", "ndvi": null, "soil_moisture": null, "solar_exposure": null, "wind_exposure": null, "water_retention": null, "slope": null, "aspect": null, "num_identification_agreements": 1, "cluster": 0, "tavg": null, "tmin": 5.6, "tmax": 8.3, "prcp_d0": 0.0, "prcp_d1": 0.0, "prcp_d2": 9.477663040161133, "prcp_d3": 9.477663040161133, "prcp_d4": 18.955326080322266, "prcp_d5": 0.0, "prcp_d6": 0.0, "tmax_d0": null, "tmax_d1": null, "tmax_d2": null, "tmax_d3": null, "tmax_d4": null, "tmax_d5": null, "tmax_d6": null, "tmin_d0": null, "tmin_d1": null, "tmin_d2": null, "tmin_d3": null, "tmin_d4": null, "tmin_d5": null, "tmin_d6": null, "day_of_year": 30, "uuid": "17923127-4ff1-434d-8107-ae118cd94ac2", "inat_id": 68873683}}, {"type": "Feature", "geometry": {"type": "Point", "coordinates": [-121.9988783333, 45.3514883333]}, "properties": {"species": "Fomitopsis mounceae", "date": "2021-02-28", "location": "Clackamas County, US-OR, US", "elevation": 373.0, "land_cover_label": "Tree cover", "water_mask": false, "exclude_reason": "keep", "ndvi": null, "soil_moisture": null, "solar_exposure": null, "wind_exposure": null, "water_retention": null, "slope": null, "aspect": null, "num_identification_agreements": 1, "cluster": 0, "tavg": null, "tmin": 6.1, "tmax": 14.4, "prcp_d0": 11.002724647521973, "prcp_d1": 11.002724647521973, "prcp_d2": 0.0, "prcp_d3": 0.0, "prcp_d4": 0.0, "prcp_d5": 0.0, "prcp_d6": 25.666481018066406, "tmax_d0": null, "tmax_d1": null, "tmax_d2": null, "tmax_d3": null, "tmax_d4": null, "tmax_d5": null, "tmax_d6": null, "tmin_d0": null, "tmin_d1": null, "tmin_d2": null, "tmin_d3": null, "tmin_d4": null, "tmin_d5": null, "tmin_d6": null, "day_of_year": 59, "uuid": "d24eedb3-1f33-4557-988f-32898d704f3f", "inat_id": 70356921}}, {"type": "Feature", "geometry": {"type": "Point", "coordinates": [-122.1245859722, 45.5325389722]}, "properties": {"species": "Fomitopsis mounceae", "date": "2021-03-13", "location": "Corbett, OR 97019, USA", "elevation": 734.0, "land_cover_label": "Tree cover", "water_mask": false, "exclude_reason": "keep", "ndvi": null, "soil_moisture": null, "solar_exposure": null, "wind_exposure": null, "water_retention": null, "slope": null, "aspect": null, "num_identification_agreements": 1, "cluster": 0, "tavg": null, "tmin": 0.6, "tmax": 17.2, "prcp_d0": 0.0, "prcp_d1": 0.0, "prcp_d2": 0.0, "prcp_d3": 0.0, "prcp_d4": 0.0, "prcp_d5": 0.0, "prcp_d6": 0.0, "tmax_d0": null, "tmax_d1": null, "tmax_d2": null, "tmax_d3": null, "tmax_d4": null, "tmax_d5": null, "tmax_d6": null, "tmin_d0": null, "tmin_d1": null, "tmin_d2": null, "tmin_d3": null, "tmin_d4": null, "tmin_d5": null, "tmin_d6": null, "day_of_year": 72, "uuid": "af13b746-9b60-401b-be09-865facaf5592", "inat_id": 71272124}}, {"type": "Feature", "geometry": {"type": "Point", "coordinates": [-122.2909154997, 45.3225747997]}, "properties": {"species": "Fomitopsis mounceae", "date": "2021-03-27", "location": "Estacada, OR 97023, USA", "elevation": 247.0, "land_cover_label": "Tree cover", "water_mask": false, "exclude_reason": "keep", "ndvi": null, "soil_moisture": null, "solar_exposure": null, "wind_exposure": null, "water_retention": null, "slope": null, "aspect": null, "num_identification_agreements": 1, "cluster": 2, "tavg": null, "tmin": 6.1, "tmax": 17.8, "prcp_d0": 0.0, "prcp_d1": 0.0, "prcp_d2": 0.0, "prcp_d3": 0.0, "prcp_d4": 0.0, "prcp_d5": 0.0, "prcp_d6": 50.49186706542969, "tmax_d0": 15.6, "tmax_d1": 11.0, "tmax_d2": 9.4, "tmax_d3": 9.7, "tmax_d4": 10.0, "tmax_d5": 7.9, "tmax_d6": 7.5, "tmin_d0": 1.0, "tmin_d1": 2.5, "tmin_d2": 3.8, "tmin_d3": 1.1, "tmin_d4": 0.7, "tmin_d5": 3.4, "tmin_d6": 2.2, "day_of_year": 86, "uuid": "944008b4-3bc5-4679-a3f0-f519d7dca04f", "inat_id": 159492753}}, {"type": "Feature", "geometry": {"type": "Point", "coordinates": [-121.4613865818, 45.1268324202]}, "properties": {"species": "Fomitopsis mounceae", "date": "2021-04-28", "location": "Oregon, US", "elevation": 953.0, "land_cover_label": "Tree cover", "water_mask": false, "exclude_reason": "keep", "ndvi": null, "soil_moisture": null, "solar_exposure": null, "wind_exposure": null, "water_retention": null, "slope": null, "aspect": null, "num_identification_agreements": 1, "cluster": 0, "tavg": null, "tmin": null, "tmax": null, "prcp_d0": 0.0, "prcp_d1": 0.0, "prcp_d2": 0.0, "prcp_d3": 0.0, "prcp_d4": 9.696863174438477, "prcp_d5": 0.0, "prcp_d6": 0.0, "tmax_d0": null, "tmax_d1": null, "tmax_d2": null, "tmax_d3": null, "tmax_d4": null, "tmax_d5": null, "tmax_d6": null, "tmin_d0": null, "tmin_d1": null, "tmin_d2": null, "tmin_d3": null, "tmin_d4": null, "tmin_d5": null, "tmin_d6": null, "day_of_year": 118, "uuid": "365e28f6-fc26-4967-850b-1904e7dbf71f", "inat_id": 75939707}}, {"type": "Feature", "geometry": {"type": "Point", "coordinates": [-122.4979166667, 45.031975]}, "properties": {"species": "Fomitopsis mounceae", "date": "2021-05-02", "location": "Molalla, OR, US", "elevation": 415.0, "land_cover_label": "Tree cover", "water_mask": false, "exclude_reason": "keep", "ndvi": null, "soil_moisture": null, "solar_exposure": null, "wind_exposure": null, "water_retention": null, "slope": null, "aspect": null, "num_identification_agreements": 1, "cluster": 0, "tavg": null, "tmin": 9.4, "tmax": 17.8, "prcp_d0": 0.0, "prcp_d1": 16.669803619384766, "prcp_d2": 0.0, "prcp_d3": 0.0, "prcp_d4": 0.0, "prcp_d5": 0.0, "prcp_d6": 7.265444755554199, "tmax_d0": null, "tmax_d1": null, "tmax_d2": null, "tmax_d3": null, "tmax_d4": null, "tmax_d5": null, "tmax_d6": null, "tmin_d0": null, "tmin_d1": null, "tmin_d2": null, "tmin_d3": null, "tmin_d4": null, "tmin_d5": null, "tmin_d6": null, "day_of_year": 122, "uuid": "ab2d40cb-66f0-4fa2-ac04-54cd155ccfb5", "inat_id": 76794747}}, {"type": "Feature", "geometry": {"type": "Point", "coordinates": [-122.49803, 45.0282833333]}, "properties": {"species": "Fomitopsis mounceae", "date": "2021-05-02", "location": "Molalla, OR, US", "elevation": 466.0, "land_cover_label": "Tree cover", "water_mask": false, "exclude_reason": "keep", "ndvi": null, "soil_moisture": null, "solar_exposure": null, "wind_exposure": null, "water_retention": null, "slope": null, "aspect": null, "num_identification_agreements": 1, "cluster": 0, "tavg": null, "tmin": 9.4, "tmax": 17.8, "prcp_d0": 0.0, "prcp_d1": 16.669803619384766, "prcp_d2": 0.0, "prcp_d3": 0.0, "prcp_d4": 0.0, "prcp_d5": 0.0, "prcp_d6": 7.265444755554199, "tmax_d0": null, "tmax_d1": null, "tmax_d2": null, "tmax_d3": null, "tmax_d4": null, "tmax_d5": null, "tmax_d6": null, "tmin_d0": null, "tmin_d1": null, "tmin_d2": null, "tmin_d3": null, "tmin_d4": null, "tmin_d5": null, "tmin_d6": null, "day_of_year": 122, "uuid": "e5ef3e8d-e340-47e1-bbd0-16c1561ecae5", "inat_id": 76795298}}, {"type": "Feature", "geometry": {"type": "Point", "coordinates": [-121.8630805556, 45.3030611111]}, "properties": {"species": "Fomitopsis mounceae", "date": "2021-05-02", "location": "Zigzag, OR 97049, USA", "elevation": 686.0, "land_cover_label": "Tree cover", "water_mask": false, "exclude_reason": "keep", "ndvi": null, "soil_moisture": null, "solar_exposure": null, "wind_exposure": null, "water_retention": null, "slope": null, "aspect": null, "num_identification_agreements": 1, "cluster": 0, "tavg": null, "tmin": null, "tmax": null, "prcp_d0": 0.0, "prcp_d1": 15.382440567016602, "prcp_d2": 0.0, "prcp_d3": 0.0, "prcp_d4": 0.0, "prcp_d5": 0.0, "prcp_d6": 6.907112121582031, "tmax_d0": null, "tmax_d1": null, "tmax_d2": null, "tmax_d3": null, "tmax_d4": null, "tmax_d5": null, "tmax_d6": null, "tmin_d0": null, "tmin_d1": null, "tmin_d2": null, "tmin_d3": null, "tmin_d4": null, "tmin_d5": null, "tmin_d6": null, "day_of_year": 122, "uuid": "323798a5-13fe-43f5-8aeb-1263ceff160d", "inat_id": 76848861}}, {"type": "Feature", "geometry": {"type": "Point", "coordinates": [-121.8690818468, 45.3038630933]}, "properties": {"species": "Fomitopsis mounceae", "date": "2021-05-08", "location": "Mt. Hood Park Division Recreation Area, Rhododendron, OR, US", "elevation": 677.0, "land_cover_label": "Tree cover", "water_mask": false, "exclude_reason": "keep", "ndvi": null, "soil_moisture": null, "solar_exposure": null, "wind_exposure": null, "water_retention": null, "slope": null, "aspect": null, "num_identification_agreements": 1, "cluster": 0, "tavg": null, "tmin": 5.6, "tmax": 16.7, "prcp_d0": 0.0, "prcp_d1": 14.588471412658691, "prcp_d2": 0.0, "prcp_d3": 0.0, "prcp_d4": 0.0, "prcp_d5": 0.0, "prcp_d6": 0.0, "tmax_d0": null, "tmax_d1": null, "tmax_d2": null, "tmax_d3": null, "tmax_d4": null, "tmax_d5": null, "tmax_d6": null, "tmin_d0": null, "tmin_d1": null, "tmin_d2": null, "tmin_d3": null, "tmin_d4": null, "tmin_d5": null, "tmin_d6": null, "day_of_year": 128, "uuid": "21f15d1e-a3c0-4dca-af63-8a6e6f5c45cf", "inat_id": 77935715}}, {"type": "Feature", "geometry": {"type": "Point", "coordinates": [-122.1601555, 45.44293667]}, "properties": {"species": "Fomitopsis mounceae", "date": "2021-05-12", "location": "Sandy, OR, US", "elevation": 265.0, "land_cover_label": "Tree cover", "water_mask": false, "exclude_reason": "keep", "ndvi": null, "soil_moisture": null, "solar_exposure": null, "wind_exposure": null, "water_retention": null, "slope": null, "aspect": null, "num_identification_agreements": 2, "cluster": 0, "tavg": null, "tmin": 8.9, "tmax": 26.7, "prcp_d0": 0.0, "prcp_d1": 6.414011955261231, "prcp_d2": 0.0, "prcp_d3": 0.0, "prcp_d4": 0.0, "prcp_d5": 14.868453025817873, "prcp_d6": 0.0, "tmax_d0": null, "tmax_d1": null, "tmax_d2": null, "tmax_d3": null, "tmax_d4": null, "tmax_d5": null, "tmax_d6": null, "tmin_d0": null, "tmin_d1": null, "tmin_d2": null, "tmin_d3": null, "tmin_d4": null, "tmin_d5": null, "tmin_d6": null, "day_of_year": 132, "uuid": "fdb12572-8fcf-40ba-a1c4-dfbb66312d0b", "inat_id": 78985510}}, {"type": "Feature", "geometry": {"type": "Point", "coordinates": [-121.7387638889, 45.2979027778]}, "properties": {"species": "Fomitopsis mounceae", "date": "2021-05-13", "location": "Clackamas, Oregon, United States", "elevation": 1184.0, "land_cover_label": "Tree cover", "water_mask": false, "exclude_reason": "keep", "ndvi": null, "soil_moisture": null, "solar_exposure": null, "wind_exposure": null, "water_retention": null, "slope": null, "aspect": null, "num_identification_agreements": 1, "cluster": 0, "tavg": null, "tmin": null, "tmax": null, "prcp_d0": 0.0, "prcp_d1": 0.0, "prcp_d2": 7.123589992523193, "prcp_d3": 0.0, "prcp_d4": 0.0, "prcp_d5": 0.0, "prcp_d6": 15.590991020202637, "tmax_d0": null, "tmax_d1": null, "tmax_d2": null, "tmax_d3": null, "tmax_d4": null, "tmax_d5": null, "tmax_d6": null, "tmin_d0": null, "tmin_d1": null, "tmin_d2": null, "tmin_d3": null, "tmin_d4": null, "tmin_d5": null, "tmin_d6": null, "day_of_year": 133, "uuid": "970fd5a2-a6ea-4005-8999-0342479fa35d", "inat_id": 80261273}}, {"type": "Feature", "geometry": {"type": "Point", "coordinates": [-122.2886617633, 45.3977650368]}, "properties": {"species": "Fomitopsis mounceae", "date": "2021-05-16", "location": "Orr Cir, Sandy, OR, US", "elevation": 245.0, "land_cover_label": "Tree cover", "water_mask": false, "exclude_reason": "keep", "ndvi": null, "soil_moisture": null, "solar_exposure": null, "wind_exposure": null, "water_retention": null, "slope": null, "aspect": null, "num_identification_agreements": 2, "cluster": 0, "tavg": null, "tmin": 10.0, "tmax": 27.8, "prcp_d0": 0.0, "prcp_d1": 0.0, "prcp_d2": 8.758288383483887, "prcp_d3": 0.0, "prcp_d4": 0.0, "prcp_d5": 0.0, "prcp_d6": 0.0, "tmax_d0": null, "tmax_d1": null, "tmax_d2": null, "tmax_d3": null, "tmax_d4": null, "tmax_d5": null, "tmax_d6": null, "tmin_d0": null, "tmin_d1": null, "tmin_d2": null, "tmin_d3": null, "tmin_d4": null, "tmin_d5": null, "tmin_d6": null, "day_of_year": 136, "uuid": "78fa1e39-0563-4f78-8c43-0a6d92ffcbe8", "inat_id": 79021940}}, {"type": "Feature", "geometry": {"type": "Point", "coordinates": [-121.9770888849, 45.2710135019]}, "properties": {"species": "Fomitopsis mounceae", "date": "2021-05-22", "location": "Mt. Hood National Forest, Welches, OR, US", "elevation": 1102.0, "land_cover_label": "Tree cover", "water_mask": false, "exclude_reason": "keep", "ndvi": null, "soil_moisture": null, "solar_exposure": null, "wind_exposure": null, "water_retention": null, "slope": null, "aspect": null, "num_identification_agreements": 1, "cluster": 0, "tavg": null, "tmin": 10.0, "tmax": 18.9, "prcp_d0": 0.0, "prcp_d1": 0.0, "prcp_d2": 7.055106163024902, "prcp_d3": 0.0, "prcp_d4": 0.0, "prcp_d5": 0.0, "prcp_d6": 0.0, "tmax_d0": null, "tmax_d1": null, "tmax_d2": null, "tmax_d3": null, "tmax_d4": null, "tmax_d5": null, "tmax_d6": null, "tmin_d0": null, "tmin_d1": null, "tmin_d2": null, "tmin_d3": null, "tmin_d4": null, "tmin_d5": null, "tmin_d6": null, "day_of_year": 142, "uuid": "5e1c5b4e-f6b5-4744-a443-72df8f10317f", "inat_id": 82443650}}, {"type": "Feature", "geometry": {"type": "Point", "coordinates": [-121.6996, 45.22935]}, "properties": {"species": "Fomitopsis mounceae", "date": "2021-05-27", "location": "Mt. Hood National Forest, Government Camp, OR, US", "elevation": 1212.0, "land_cover_label": "Tree cover", "water_mask": false, "exclude_reason": "keep", "ndvi": null, "soil_moisture": null, "solar_exposure": null, "wind_exposure": null, "water_retention": null, "slope": null, "aspect": null, "num_identification_agreements": 1, "cluster": 0, "tavg": null, "tmin": null, "tmax": null, "prcp_d0": 13.06998348236084, "prcp_d1": 0.0, "prcp_d2": 4.85846471786499, "prcp_d3": 0.0, "prcp_d4": 0.0, "prcp_d5": 0.0, "prcp_d6": 0.0, "tmax_d0": null, "tmax_d1": null, "tmax_d2": null, "tmax_d3": null, "tmax_d4": null, "tmax_d5": null, "tmax_d6": null, "tmin_d0": null, "tmin_d1": null, "tmin_d2": null, "tmin_d3": null, "tmin_d4": null, "tmin_d5": null, "tmin_d6": null, "day_of_year": 147, "uuid": "2ceaa833-3251-488e-a60e-de06acf32980", "inat_id": 80826128}}, {"type": "Feature", "geometry": {"type": "Point", "coordinates": [-121.801995, 45.30810333]}, "properties": {"species": "Fomitopsis mounceae", "date": "2021-05-28", "location": "Mt. Hood Park Division Recreation Area, Government Camp, OR, US", "elevation": 967.0, "land_cover_label": "Tree cover", "water_mask": false, "exclude_reason": "keep", "ndvi": null, "soil_moisture": null, "solar_exposure": null, "wind_exposure": null, "water_retention": null, "slope": null, "aspect": null, "num_identification_agreements": 1, "cluster": 0, "tavg": null, "tmin": null, "tmax": null, "prcp_d0": 5.431636333465576, "prcp_d1": 14.870574951171877, "prcp_d2": 0.0, "prcp_d3": 6.182821273803711, "prcp_d4": 0.0, "prcp_d5": 0.0, "prcp_d6": 0.0, "tmax_d0": null, "tmax_d1": null, "tmax_d2": null, "tmax_d3": null, "tmax_d4": null, "tmax_d5": null, "tmax_d6": null, "tmin_d0": null, "tmin_d1": null, "tmin_d2": null, "tmin_d3": null, "tmin_d4": null, "tmin_d5": null, "tmin_d6": null, "day_of_year": 148, "uuid": "b6e6aafc-df04-4ad9-b5b4-4253946e4b71", "inat_id": 81191694}}, {"type": "Feature", "geometry": {"type": "Point", "coordinates": [-121.8904337102, 45.6574650016]}, "properties": {"species": "Fomitopsis mounceae", "date": "2021-05-30", "location": "Columbia River Gorge National Scenic Area, Cascade Locks, OR, US", "elevation": 199.0, "land_cover_label": "Tree cover", "water_mask": false, "exclude_reason": "keep", "ndvi": null, "soil_moisture": null, "solar_exposure": null, "wind_exposure": null, "water_retention": null, "slope": null, "aspect": null, "num_identification_agreements": 1, "cluster": 0, "tavg": null, "tmin": 10.6, "tmax": 28.9, "prcp_d0": 0.0, "prcp_d1": 0.0, "prcp_d2": 6.589735507965088, "prcp_d3": 11.775689125061035, "prcp_d4": 0.0, "prcp_d5": 5.6103105545043945, "prcp_d6": 0.0, "tmax_d0": null, "tmax_d1": null, "tmax_d2": null, "tmax_d3": null, "tmax_d4": null, "tmax_d5": null, "tmax_d6": null, "tmin_d0": null, "tmin_d1": null, "tmin_d2": null, "tmin_d3": null, "tmin_d4": null, "tmin_d5": null, "tmin_d6": null, "day_of_year": 150, "uuid": "5e7be3d9-7c71-4fda-9316-c6eebe447571", "inat_id": 80931146}}, {"type": "Feature", "geometry": {"type": "Point", "coordinates": [-121.8790887204, 45.2860076772]}, "properties": {"species": "Fomitopsis mounceae", "date": "2021-05-31", "location": "Clackamas County, US-OR, US", "elevation": 1036.0, "land_cover_label": "Tree cover", "water_mask": false, "exclude_reason": "keep", "ndvi": null, "soil_moisture": null, "solar_exposure": null, "wind_exposure": null, "water_retention": null, "slope": null, "aspect": null, "num_identification_agreements": 2, "cluster": 0, "tavg": null, "tmin": null, "tmax": null, "prcp_d0": 0.0, "prcp_d1": 0.0, "prcp_d2": 0.0, "prcp_d3": 4.743075847625732, "prcp_d4": 14.483527183532717, "prcp_d5": 0.0, "prcp_d6": 6.145802974700928, "tmax_d0": null, "tmax_d1": null, "tmax_d2": null, "tmax_d3": null, "tmax_d4": null, "tmax_d5": null, "tmax_d6": null, "tmin_d0": null, "tmin_d1": null, "tmin_d2": null, "tmin_d3": null, "tmin_d4": null, "tmin_d5": null, "tmin_d6": null, "day_of_year": 151, "uuid": "c88e33cf-9ee0-49fc-95f4-4bf972f9cafe", "inat_id": 81135452}}, {"type": "Feature", "geometry": {"type": "Point", "coordinates": [-122.0370746871, 45.3848451516]}, "properties": {"species": "Fomitopsis mounceae", "date": "2021-06-12", "location": "Barlow Wayside Park, Sandy, OR, US", "elevation": 355.0, "land_cover_label": "Tree cover", "water_mask": false, "exclude_reason": "keep", "ndvi": null, "soil_moisture": null, "solar_exposure": null, "wind_exposure": null, "water_retention": null, "slope": null, "aspect": null, "num_identification_agreements": 1, "cluster": 0, "tavg": null, "tmin": 12.8, "tmax": 26.7, "prcp_d0": 0.0, "prcp_d1": 0.0, "prcp_d2": 0.0, "prcp_d3": 0.0, "prcp_d4": 0.0, "prcp_d5": 5.49159049987793, "prcp_d6": 0.0, "tmax_d0": null, "tmax_d1": null, "tmax_d2": null, "tmax_d3": null, "tmax_d4": null, "tmax_d5": null, "tmax_d6": null, "tmin_d0": null, "tmin_d1": null, "tmin_d2": null, "tmin_d3": null, "tmin_d4": null, "tmin_d5": null, "tmin_d6": null, "day_of_year": 163, "uuid": "4873f05f-a50b-49d9-a632-e6480bd2eeeb", "inat_id": 84765306}}, {"type": "Feature", "geometry": {"type": "Point", "coordinates": [-122.0803305, 45.5423]}, "properties": {"species": "Fomitopsis mounceae", "date": "2021-06-19", "location": "Zigzag Ranger Station, Corbett, OR, US", "elevation": 878.0, "land_cover_label": "Tree cover", "water_mask": false, "exclude_reason": "keep", "ndvi": null, "soil_moisture": null, "solar_exposure": null, "wind_exposure": null, "water_retention": null, "slope": null, "aspect": null, "num_identification_agreements": 2, "cluster": 0, "tavg": null, "tmin": 12.8, "tmax": 27.8, "prcp_d0": 0.0, "prcp_d1": 0.0, "prcp_d2": 0.0, "prcp_d3": 13.9307279586792, "prcp_d4": 0.0, "prcp_d5": 4.577103614807129, "prcp_d6": 0.0, "tmax_d0": null, "tmax_d1": null, "tmax_d2": null, "tmax_d3": null, "tmax_d4": null, "tmax_d5": null, "tmax_d6": null, "tmin_d0": null, "tmin_d1": null, "tmin_d2": null, "tmin_d3": null, "tmin_d4": null, "tmin_d5": null, "tmin_d6": null, "day_of_year": 170, "uuid": "585fa706-ea3d-4ce4-95bf-1c2d5bbbb708", "inat_id": 97866592}}, {"type": "Feature", "geometry": {"type": "Point", "coordinates": [-121.4589383333, 45.4103783333]}, "properties": {"species": "Fomitopsis mounceae", "date": "2021-06-22", "location": "Mt. Hood National Forest, Dufur, OR, US", "elevation": 1280.0, "land_cover_label": "Tree cover", "water_mask": false, "exclude_reason": "keep", "ndvi": null, "soil_moisture": null, "solar_exposure": null, "wind_exposure": null, "water_retention": null, "slope": null, "aspect": null, "num_identification_agreements": 1, "cluster": 0, "tavg": null, "tmin": 22.8, "tmax": 34.4, "prcp_d0": 6.892016410827637, "prcp_d1": 0.0, "prcp_d2": 0.0, "prcp_d3": 0.0, "prcp_d4": 0.0, "prcp_d5": 0.0, "prcp_d6": 7.345444202423096, "tmax_d0": null, "tmax_d1": null, "tmax_d2": null, "tmax_d3": null, "tmax_d4": null, "tmax_d5": null, "tmax_d6": null, "tmin_d0": null, "tmin_d1": null, "tmin_d2": null, "tmin_d3": null, "tmin_d4": null, "tmin_d5": null, "tmin_d6": null, "day_of_year": 173, "uuid": "0c7e31d7-9302-4198-87a9-679c65b9d564", "inat_id": 84120239}}, {"type": "Feature", "geometry": {"type": "Point", "coordinates": [-122.0789336941, 45.5438036939]}, "properties": {"species": "Fomitopsis mounceae", "date": "2021-07-11", "location": "Multnomah County, US-OR, US", "elevation": 903.0, "land_cover_label": "Tree cover", "water_mask": false, "exclude_reason": "keep", "ndvi": null, "soil_moisture": null, "solar_exposure": null, "wind_exposure": null, "water_retention": null, "slope": null, "aspect": null, "num_identification_agreements": 1, "cluster": 0, "tavg": null, "tmin": 14.4, "tmax": 30.6, "prcp_d0": 0.0, "prcp_d1": 0.0, "prcp_d2": 0.0, "prcp_d3": 0.0, "prcp_d4": 0.0, "prcp_d5": 0.0, "prcp_d6": 0.0, "tmax_d0": null, "tmax_d1": null, "tmax_d2": null, "tmax_d3": null, "tmax_d4": null, "tmax_d5": null, "tmax_d6": null, "tmin_d0": null, "tmin_d1": null, "tmin_d2": null, "tmin_d3": null, "tmin_d4": null, "tmin_d5": null, "tmin_d6": null, "day_of_year": 192, "uuid": "ce2bdb9b-6d9e-4c83-bafc-55441bd7a204", "inat_id": 86685040}}, {"type": "Feature", "geometry": {"type": "Point", "coordinates": [-122.0876013455, 45.5384765601]}, "properties": {"species": "Fomitopsis mounceae", "date": "2021-07-11", "location": "Multnomah County, US-OR, US", "elevation": 971.0, "land_cover_label": "Tree cover", "water_mask": false, "exclude_reason": "keep", "ndvi": null, "soil_moisture": null, "solar_exposure": null, "wind_exposure": null, "water_retention": null, "slope": null, "aspect": null, "num_identification_agreements": 1, "cluster": 0, "tavg": null, "tmin": 14.4, "tmax": 30.6, "prcp_d0": 0.0, "prcp_d1": 0.0, "prcp_d2": 0.0, "prcp_d3": 0.0, "prcp_d4": 0.0, "prcp_d5": 0.0, "prcp_d6": 0.0, "tmax_d0": null, "tmax_d1": null, "tmax_d2": null, "tmax_d3": null, "tmax_d4": null, "tmax_d5": null, "tmax_d6": null, "tmin_d0": null, "tmin_d1": null, "tmin_d2": null, "tmin_d3": null, "tmin_d4": null, "tmin_d5": null, "tmin_d6": null, "day_of_year": 192, "uuid": "799be904-d6ba-4f6c-bb5b-23cf36b01cac", "inat_id": 86684790}}, {"type": "Feature", "geometry": {"type": "Point", "coordinates": [-121.8159214959, 45.4958029877]}, "properties": {"species": "Fomitopsis mounceae", "date": "2021-07-12", "location": "Hood River County, US-OR, US", "elevation": 1024.0, "land_cover_label": "Tree cover", "water_mask": false, "exclude_reason": "keep", "ndvi": null, "soil_moisture": null, "solar_exposure": null, "wind_exposure": null, "water_retention": null, "slope": null, "aspect": null, "num_identification_agreements": 1, "cluster": 0, "tavg": null, "tmin": 14.4, "tmax": 29.4, "prcp_d0": 0.0, "prcp_d1": 0.0, "prcp_d2": 0.0, "prcp_d3": 0.0, "prcp_d4": 0.0, "prcp_d5": 0.0, "prcp_d6": 0.0, "tmax_d0": null, "tmax_d1": null, "tmax_d2": null, "tmax_d3": null, "tmax_d4": null, "tmax_d5": null, "tmax_d6": null, "tmin_d0": null, "tmin_d1": null, "tmin_d2": null, "tmin_d3": null, "tmin_d4": null, "tmin_d5": null, "tmin_d6": null, "day_of_year": 193, "uuid": "4e32c91c-5976-4bc3-8e9f-29b1a6b9ea55", "inat_id": 86814325}}, {"type": "Feature", "geometry": {"type": "Point", "coordinates": [-121.8161165355, 45.495770261]}, "properties": {"species": "Fomitopsis mounceae", "date": "2021-07-12", "location": "Hood River County, US-OR, US", "elevation": 1024.0, "land_cover_label": "Tree cover", "water_mask": false, "exclude_reason": "keep", "ndvi": null, "soil_moisture": null, "solar_exposure": null, "wind_exposure": null, "water_retention": null, "slope": null, "aspect": null, "num_identification_agreements": 1, "cluster": 0, "tavg": null, "tmin": 14.4, "tmax": 29.4, "prcp_d0": 0.0, "prcp_d1": 0.0, "prcp_d2": 0.0, "prcp_d3": 0.0, "prcp_d4": 0.0, "prcp_d5": 0.0, "prcp_d6": 0.0, "tmax_d0": null, "tmax_d1": null, "tmax_d2": null, "tmax_d3": null, "tmax_d4": null, "tmax_d5": null, "tmax_d6": null, "tmin_d0": null, "tmin_d1": null, "tmin_d2": null, "tmin_d3": null, "tmin_d4": null, "tmin_d5": null, "tmin_d6": null, "day_of_year": 193, "uuid": "788f8752-62d4-46b2-af39-1c979ff2be9f", "inat_id": 86814339}}, {"type": "Feature", "geometry": {"type": "Point", "coordinates": [-121.9592187203, 45.2707738031]}, "properties": {"species": "Fomitopsis mounceae", "date": "2021-07-18", "location": "S.Fork Salmon", "elevation": 838.0, "land_cover_label": "Tree cover", "water_mask": false, "exclude_reason": "keep", "ndvi": null, "soil_moisture": null, "solar_exposure": null, "wind_exposure": null, "water_retention": null, "slope": null, "aspect": null, "num_identification_agreements": 1, "cluster": 0, "tavg": null, "tmin": 13.3, "tmax": 31.1, "prcp_d0": 0.0, "prcp_d1": 0.0, "prcp_d2": 0.0, "prcp_d3": 0.0, "prcp_d4": 0.0, "prcp_d5": 0.0, "prcp_d6": 0.0, "tmax_d0": null, "tmax_d1": null, "tmax_d2": null, "tmax_d3": null, "tmax_d4": null, "tmax_d5": null, "tmax_d6": null, "tmin_d0": null, "tmin_d1": null, "tmin_d2": null, "tmin_d3": null, "tmin_d4": null, "tmin_d5": null, "tmin_d6": null, "day_of_year": 199, "uuid": "118e5cdc-0191-412c-8118-dd8817824e05", "inat_id": 89602264}}, {"type": "Feature", "geometry": {"type": "Point", "coordinates": [-121.876778965, 45.4124744298]}, "properties": {"species": "Fomitopsis mounceae", "date": "2021-08-17", "location": "Oregon, US", "elevation": 921.0, "land_cover_label": "Tree cover", "water_mask": false, "exclude_reason": "keep", "ndvi": null, "soil_moisture": null, "solar_exposure": null, "wind_exposure": null, "water_retention": null, "slope": null, "aspect": null, "num_identification_agreements": 1, "cluster": 0, "tavg": null, "tmin": 15.6, "tmax": 21.7, "prcp_d0": 3.9818036556243896, "prcp_d1": 0.0, "prcp_d2": 0.0, "prcp_d3": 4.2562336921691895, "prcp_d4": 0.0, "prcp_d5": 0.0, "prcp_d6": 0.0, "tmax_d0": null, "tmax_d1": null, "tmax_d2": null, "tmax_d3": null, "tmax_d4": null, "tmax_d5": null, "tmax_d6": null, "tmin_d0": null, "tmin_d1": null, "tmin_d2": null, "tmin_d3": null, "tmin_d4": null, "tmin_d5": null, "tmin_d6": null, "day_of_year": 229, "uuid": "f5846505-8f75-476b-8d38-acad163e9378", "inat_id": 91800437}}, {"type": "Feature", "geometry": {"type": "Point", "coordinates": [-121.815225, 45.4927283333]}, "properties": {"species": "Fomitopsis mounceae", "date": "2021-08-20", "location": "Hood River County, OR, USA", "elevation": 1009.0, "land_cover_label": "Tree cover", "water_mask": false, "exclude_reason": "keep", "ndvi": null, "soil_moisture": null, "solar_exposure": null, "wind_exposure": null, "water_retention": null, "slope": null, "aspect": null, "num_identification_agreements": 1, "cluster": 0, "tavg": null, "tmin": 15.6, "tmax": 22.2, "prcp_d0": 5.712573051452637, "prcp_d1": 0.0, "prcp_d2": 0.0, "prcp_d3": 0.0, "prcp_d4": 0.0, "prcp_d5": 0.0, "prcp_d6": 0.0, "tmax_d0": null, "tmax_d1": null, "tmax_d2": null, "tmax_d3": null, "tmax_d4": null, "tmax_d5": null, "tmax_d6": null, "tmin_d0": null, "tmin_d1": null, "tmin_d2": null, "tmin_d3": null, "tmin_d4": null, "tmin_d5": null, "tmin_d6": null, "day_of_year": 232, "uuid": "d764f5ff-f710-4676-b766-4788d34bdf04", "inat_id": 92723513}}, {"type": "Feature", "geometry": {"type": "Point", "coordinates": [-121.8164273724, 45.4936403151]}, "properties": {"species": "Fomitopsis mounceae", "date": "2021-08-20", "location": "Hood River County, US-OR, US", "elevation": 1009.0, "land_cover_label": "Tree cover", "water_mask": false, "exclude_reason": "keep", "ndvi": null, "soil_moisture": null, "solar_exposure": null, "wind_exposure": null, "water_retention": null, "slope": null, "aspect": null, "num_identification_agreements": 1, "cluster": 0, "tavg": null, "tmin": 15.6, "tmax": 22.2, "prcp_d0": 5.712573051452637, "prcp_d1": 0.0, "prcp_d2": 0.0, "prcp_d3": 0.0, "prcp_d4": 0.0, "prcp_d5": 0.0, "prcp_d6": 0.0, "tmax_d0": null, "tmax_d1": null, "tmax_d2": null, "tmax_d3": null, "tmax_d4": null, "tmax_d5": null, "tmax_d6": null, "tmin_d0": null, "tmin_d1": null, "tmin_d2": null, "tmin_d3": null, "tmin_d4": null, "tmin_d5": null, "tmin_d6": null, "day_of_year": 232, "uuid": "0422bd1b-e7c7-4d18-b9ba-06a30f1c52cf", "inat_id": 92732201}}, {"type": "Feature", "geometry": {"type": "Point", "coordinates": [-122.2953935792, 45.111141915]}, "properties": {"species": "Fomitopsis mounceae", "date": "2021-08-21", "location": "97017, Colton, OR, US", "elevation": 1142.0, "land_cover_label": "Tree cover", "water_mask": false, "exclude_reason": "keep", "ndvi": null, "soil_moisture": null, "solar_exposure": null, "wind_exposure": null, "water_retention": null, "slope": null, "aspect": null, "num_identification_agreements": 1, "cluster": 0, "tavg": null, "tmin": 15.0, "tmax": 22.8, "prcp_d0": 4.3838324546813965, "prcp_d1": 0.0, "prcp_d2": 0.0, "prcp_d3": 0.0, "prcp_d4": 0.0, "prcp_d5": 0.0, "prcp_d6": 0.0, "tmax_d0": null, "tmax_d1": null, "tmax_d2": null, "tmax_d3": null, "tmax_d4": null, "tmax_d5": null, "tmax_d6": null, "tmin_d0": null, "tmin_d1": null, "tmin_d2": null, "tmin_d3": null, "tmin_d4": null, "tmin_d5": null, "tmin_d6": null, "day_of_year": 233, "uuid": "b050a2fe-5977-4f10-be72-e9dfc26c28f2", "inat_id": 92055228}}, {"type": "Feature", "geometry": {"type": "Point", "coordinates": [-121.8173133333, 45.3124866667]}, "properties": {"species": "Fomitopsis mounceae", "date": "2021-08-22", "location": "Mt. Hood Park Division Recreation Area, Rhododendron, OR, US", "elevation": 880.0, "land_cover_label": "Tree cover", "water_mask": false, "exclude_reason": "keep", "ndvi": null, "soil_moisture": null, "solar_exposure": null, "wind_exposure": null, "water_retention": null, "slope": null, "aspect": null, "num_identification_agreements": 1, "cluster": 0, "tavg": null, "tmin": null, "tmax": null, "prcp_d0": 0.0, "prcp_d1": 0.0, "prcp_d2": 6.178192615509033, "prcp_d3": 0.0, "prcp_d4": 0.0, "prcp_d5": 0.0, "prcp_d6": 0.0, "tmax_d0": null, "tmax_d1": null, "tmax_d2": null, "tmax_d3": null, "tmax_d4": null, "tmax_d5": null, "tmax_d6": null, "tmin_d0": null, "tmin_d1": null, "tmin_d2": null, "tmin_d3": null, "tmin_d4": null, "tmin_d5": null, "tmin_d6": null, "day_of_year": 234, "uuid": "e13ba2fd-f532-4059-ad5d-ec55dd0212b4", "inat_id": 98322764}}, {"type": "Feature", "geometry": {"type": "Point", "coordinates": [-121.81443, 45.490945]}, "properties": {"species": "Fomitopsis mounceae", "date": "2021-08-23", "location": "Lost Lake Resort & Campground, Mount Hood Parkdale, OR, US", "elevation": 1031.0, "land_cover_label": "Tree cover", "water_mask": false, "exclude_reason": "keep", "ndvi": null, "soil_moisture": null, "solar_exposure": null, "wind_exposure": null, "water_retention": null, "slope": null, "aspect": null, "num_identification_agreements": 1, "cluster": 0, "tavg": null, "tmin": 8.9, "tmax": 23.3, "prcp_d0": 0.0, "prcp_d1": 0.0, "prcp_d2": 0.0, "prcp_d3": 5.712573051452637, "prcp_d4": 0.0, "prcp_d5": 0.0, "prcp_d6": 0.0, "tmax_d0": null, "tmax_d1": null, "tmax_d2": null, "tmax_d3": null, "tmax_d4": null, "tmax_d5": null, "tmax_d6": null, "tmin_d0": null, "tmin_d1": null, "tmin_d2": null, "tmin_d3": null, "tmin_d4": null, "tmin_d5": null, "tmin_d6": null, "day_of_year": 235, "uuid": "dcde9b2a-0b93-4a22-ba6d-0274e5427264", "inat_id": 92305579}}, {"type": "Feature", "geometry": {"type": "Point", "coordinates": [-122.492775, 45.0554471667]}, "properties": {"species": "Fomitopsis mounceae", "date": "2021-08-27", "location": "Molalla, OR, US", "elevation": 279.0, "land_cover_label": "Tree cover", "water_mask": false, "exclude_reason": "keep", "ndvi": null, "soil_moisture": null, "solar_exposure": null, "wind_exposure": null, "water_retention": null, "slope": null, "aspect": null, "num_identification_agreements": 1, "cluster": 0, "tavg": null, "tmin": 15.6, "tmax": 22.8, "prcp_d0": 6.123106479644775, "prcp_d1": 0.0, "prcp_d2": 0.0, "prcp_d3": 0.0, "prcp_d4": 0.0, "prcp_d5": 0.0, "prcp_d6": 4.389970302581787, "tmax_d0": null, "tmax_d1": null, "tmax_d2": null, "tmax_d3": null, "tmax_d4": null, "tmax_d5": null, "tmax_d6": null, "tmin_d0": null, "tmin_d1": null, "tmin_d2": null, "tmin_d3": null, "tmin_d4": null, "tmin_d5": null, "tmin_d6": null, "day_of_year": 239, "uuid": "ff4f1507-a9d8-4f20-b067-837964691ab3", "inat_id": 92734276}}, {"type": "Feature", "geometry": {"type": "Point", "coordinates": [-122.1017444126, 45.5408060835]}, "properties": {"species": "Fomitopsis mounceae", "date": "2021-08-27", "location": "Columbia River Gorge National Scenic Area, Corbett, OR, US", "elevation": 1030.0, "land_cover_label": "Tree cover", "water_mask": false, "exclude_reason": "keep", "ndvi": null, "soil_moisture": null, "solar_exposure": null, "wind_exposure": null, "water_retention": null, "slope": null, "aspect": null, "num_identification_agreements": 2, "cluster": 0, "tavg": null, "tmin": 17.2, "tmax": 23.3, "prcp_d0": 8.5631685256958, "prcp_d1": 0.0, "prcp_d2": 0.0, "prcp_d3": 0.0, "prcp_d4": 0.0, "prcp_d5": 0.0, "prcp_d6": 0.0, "tmax_d0": null, "tmax_d1": null, "tmax_d2": null, "tmax_d3": null, "tmax_d4": null, "tmax_d5": null, "tmax_d6": null, "tmin_d0": null, "tmin_d1": null, "tmin_d2": null, "tmin_d3": null, "tmin_d4": null, "tmin_d5": null, "tmin_d6": null, "day_of_year": 239, "uuid": "6b7afce5-5a54-4db4-8d9d-1cb87a6b5911", "inat_id": 92721126}}, {"type": "Feature", "geometry": {"type": "Point", "coordinates": [-122.0862583333, 45.5373194444]}, "properties": {"species": "Fomitopsis mounceae", "date": "2021-09-12", "location": "Multnomah County, OR, USA", "elevation": 1001.0, "land_cover_label": "Tree cover", "water_mask": false, "exclude_reason": "keep", "ndvi": null, "soil_moisture": null, "solar_exposure": null, "wind_exposure": null, "water_retention": null, "slope": null, "aspect": null, "num_identification_agreements": 2, "cluster": 0, "tavg": null, "tmin": 13.9, "tmax": 23.3, "prcp_d0": 0.0, "prcp_d1": 0.0, "prcp_d2": 18.394121170043945, "prcp_d3": 0.0, "prcp_d4": 0.0, "prcp_d5": 0.0, "prcp_d6": 0.0, "tmax_d0": null, "tmax_d1": null, "tmax_d2": null, "tmax_d3": null, "tmax_d4": null, "tmax_d5": null, "tmax_d6": null, "tmin_d0": null, "tmin_d1": null, "tmin_d2": null, "tmin_d3": null, "tmin_d4": null, "tmin_d5": null, "tmin_d6": null, "day_of_year": 255, "uuid": "09249a60-f2d2-4fc7-9585-5ea62659a028", "inat_id": 94667495}}, {"type": "Feature", "geometry": {"type": "Point", "coordinates": [-121.8655555556, 45.3038888889]}, "properties": {"species": "Fomitopsis mounceae", "date": "2021-09-17", "location": "Zigzag, OR 97049, USA", "elevation": 684.0, "land_cover_label": "Tree cover", "water_mask": false, "exclude_reason": "keep", "ndvi": null, "soil_moisture": null, "solar_exposure": null, "wind_exposure": null, "water_retention": null, "slope": null, "aspect": null, "num_identification_agreements": 1, "cluster": 0, "tavg": null, "tmin": 11.1, "tmax": 26.1, "prcp_d0": 0.0, "prcp_d1": 0.0, "prcp_d2": 0.0, "prcp_d3": 0.0, "prcp_d4": 0.0, "prcp_d5": 0.0, "prcp_d6": 0.0, "tmax_d0": null, "tmax_d1": null, "tmax_d2": null, "tmax_d3": null, "tmax_d4": null, "tmax_d5": null, "tmax_d6": null, "tmin_d0": null, "tmin_d1": null, "tmin_d2": null, "tmin_d3": null, "tmin_d4": null, "tmin_d5": null, "tmin_d6": null, "day_of_year": 260, "uuid": "b2fd7afb-2d23-4aea-9a6a-0b4010200b82", "inat_id": 95621006}}, {"type": "Feature", "geometry": {"type": "Point", "coordinates": [-122.4928283333, 45.0542111667]}, "properties": {"species": "Fomitopsis mounceae", "date": "2021-09-18", "location": "Molalla, OR, US", "elevation": 279.0, "land_cover_label": "Tree cover", "water_mask": false, "exclude_reason": "keep", "ndvi": null, "soil_moisture": null, "solar_exposure": null, "wind_exposure": null, "water_retention": null, "slope": null, "aspect": null, "num_identification_agreements": 1, "cluster": 0, "tavg": null, "tmin": 13.9, "tmax": 18.3, "prcp_d0": 40.84994125366211, "prcp_d1": 0.0, "prcp_d2": 0.0, "prcp_d3": 0.0, "prcp_d4": 0.0, "prcp_d5": 0.0, "prcp_d6": 0.0, "tmax_d0": null, "tmax_d1": null, "tmax_d2": null, "tmax_d3": null, "tmax_d4": null, "tmax_d5": null, "tmax_d6": null, "tmin_d0": null, "tmin_d1": null, "tmin_d2": null, "tmin_d3": null, "tmin_d4": null, "tmin_d5": null, "tmin_d6": null, "day_of_year": 261, "uuid": "785e9021-ff6f-4248-8719-0b59941babb6", "inat_id": 95354259}}, {"type": "Feature", "geometry": {"type": "Point", "coordinates": [-121.7885111643, 45.2168457022]}, "properties": {"species": "Fomitopsis mounceae", "date": "2021-09-24", "location": "Oregon, US", "elevation": 995.0, "land_cover_label": "Tree cover", "water_mask": false, "exclude_reason": "keep", "ndvi": null, "soil_moisture": null, "solar_exposure": null, "wind_exposure": null, "water_retention": null, "slope": null, "aspect": null, "num_identification_agreements": 1, "cluster": 2, "tavg": null, "tmin": null, "tmax": null, "prcp_d0": 0.0, "prcp_d1": 0.0, "prcp_d2": 5.463134288787842, "prcp_d3": 0.0, "prcp_d4": 0.0, "prcp_d5": 0.0, "prcp_d6": 96.75472259521484, "tmax_d0": null, "tmax_d1": null, "tmax_d2": null, "tmax_d3": null, "tmax_d4": null, "tmax_d5": null, "tmax_d6": null, "tmin_d0": null, "tmin_d1": null, "tmin_d2": null, "tmin_d3": null, "tmin_d4": null, "tmin_d5": null, "tmin_d6": null, "day_of_year": 267, "uuid": "0338d2aa-e5b4-43f8-93f6-50c774fad6fd", "inat_id": 96032431}}, {"type": "Feature", "geometry": {"type": "Point", "coordinates": [-122.0253067014, 45.373550415]}, "properties": {"species": "Fomitopsis mounceae", "date": "2021-09-27", "location": "Brightwood, OR 97011, USA", "elevation": 341.0, "land_cover_label": "Grassland", "water_mask": false, "exclude_reason": "keep", "ndvi": null, "soil_moisture": null, "solar_exposure": null, "wind_exposure": null, "water_retention": null, "slope": null, "aspect": null, "num_identification_agreements": 1, "cluster": 0, "tavg": null, "tmin": 12.2, "tmax": 18.9, "prcp_d0": 0.0, "prcp_d1": 0.0, "prcp_d2": 0.0, "prcp_d3": 0.0, "prcp_d4": 0.0, "prcp_d5": 0.0, "prcp_d6": 0.0, "tmax_d0": null, "tmax_d1": null, "tmax_d2": null, "tmax_d3": null, "tmax_d4": null, "tmax_d5": null, "tmax_d6": null, "tmin_d0": null, "tmin_d1": null, "tmin_d2": null, "tmin_d3": null, "tmin_d4": null, "tmin_d5": null, "tmin_d6": null, "day_of_year": 270, "uuid": "07e0c62f-ebb9-4a67-b161-207b60f1a826", "inat_id": 96438865}}, {"type": "Feature", "geometry": {"type": "Point", "coordinates": [-122.0747170597, 45.5550603359]}, "properties": {"species": "Fomitopsis mounceae", "date": "2021-09-28", "location": "Cascade Locks, OR 97014, USA", "elevation": 886.0, "land_cover_label": "Tree cover", "water_mask": false, "exclude_reason": "keep", "ndvi": null, "soil_moisture": null, "solar_exposure": null, "wind_exposure": null, "water_retention": null, "slope": null, "aspect": null, "num_identification_agreements": 1, "cluster": 0, "tavg": null, "tmin": 11.7, "tmax": 16.1, "prcp_d0": 0.0, "prcp_d1": 0.0, "prcp_d2": 0.0, "prcp_d3": 0.0, "prcp_d4": 0.0, "prcp_d5": 0.0, "prcp_d6": 0.0, "tmax_d0": null, "tmax_d1": null, "tmax_d2": null, "tmax_d3": null, "tmax_d4": null, "tmax_d5": null, "tmax_d6": null, "tmin_d0": null, "tmin_d1": null, "tmin_d2": null, "tmin_d3": null, "tmin_d4": null, "tmin_d5": null, "tmin_d6": null, "day_of_year": 271, "uuid": "9a2a32c0-4789-4dfa-a106-8ff166152ad5", "inat_id": 96912458}}, {"type": "Feature", "geometry": {"type": "Point", "coordinates": [-122.0804971667, 45.5422583333]}, "properties": {"species": "Fomitopsis mounceae", "date": "2021-10-03", "location": "Zigzag Ranger Station, Corbett, OR, US", "elevation": 878.0, "land_cover_label": "Tree cover", "water_mask": false, "exclude_reason": "keep", "ndvi": null, "soil_moisture": null, "solar_exposure": null, "wind_exposure": null, "water_retention": null, "slope": null, "aspect": null, "num_identification_agreements": 1, "cluster": 0, "tavg": null, "tmin": 7.2, "tmax": 21.7, "prcp_d0": 0.0, "prcp_d1": 0.0, "prcp_d2": 0.0, "prcp_d3": 0.0, "prcp_d4": 0.0, "prcp_d5": 0.0, "prcp_d6": 0.0, "tmax_d0": null, "tmax_d1": null, "tmax_d2": null, "tmax_d3": null, "tmax_d4": null, "tmax_d5": null, "tmax_d6": null, "tmin_d0": null, "tmin_d1": null, "tmin_d2": null, "tmin_d3": null, "tmin_d4": null, "tmin_d5": null, "tmin_d6": null, "day_of_year": 276, "uuid": "07c5ea74-4e55-4f0b-a1b6-fcefdd3e7723", "inat_id": 97088317}}, {"type": "Feature", "geometry": {"type": "Point", "coordinates": [-122.1136778333, 45.6192166667]}, "properties": {"species": "Fomitopsis mounceae", "date": "2021-10-06", "location": "Columbia River Gorge National Scenic Area - Headquarters, Washougal, WA, US", "elevation": 315.0, "land_cover_label": "Tree cover", "water_mask": false, "exclude_reason": "keep", "ndvi": null, "soil_moisture": null, "solar_exposure": null, "wind_exposure": null, "water_retention": null, "slope": null, "aspect": null, "num_identification_agreements": 1, "cluster": 0, "tavg": null, "tmin": 7.8, "tmax": 17.2, "prcp_d0": 0.0, "prcp_d1": 0.0, "prcp_d2": 0.0, "prcp_d3": 0.0, "prcp_d4": 0.0, "prcp_d5": 0.0, "prcp_d6": 0.0, "tmax_d0": 12.6, "tmax_d1": 17.2, "tmax_d2": 18.4, "tmax_d3": 17.6, "tmax_d4": 19.5, "tmax_d5": 18.6, "tmax_d6": 14.4, "tmin_d0": 7.1, "tmin_d1": 9.9, "tmin_d2": 10.2, "tmin_d3": 8.9, "tmin_d4": 7.9, "tmin_d5": 7.4, "tmin_d6": 12.1, "day_of_year": 279, "uuid": "b60d7b58-2f8f-41f5-8768-123a16acbeee", "inat_id": 149354034}}, {"type": "Feature", "geometry": {"type": "Point", "coordinates": [-122.49001343, 45.0325017003]}, "properties": {"species": "Fomitopsis mounceae", "date": "2021-10-10", "location": "Molalla, OR, US", "elevation": 349.0, "land_cover_label": "Tree cover", "water_mask": false, "exclude_reason": "keep", "ndvi": null, "soil_moisture": null, "solar_exposure": null, "wind_exposure": null, "water_retention": null, "slope": null, "aspect": null, "num_identification_agreements": 1, "cluster": 0, "tavg": null, "tmin": 8.3, "tmax": 15.0, "prcp_d0": 0.0, "prcp_d1": 0.0, "prcp_d2": 0.0, "prcp_d3": 0.0, "prcp_d4": 0.0, "prcp_d5": 0.0, "prcp_d6": 0.0, "tmax_d0": null, "tmax_d1": null, "tmax_d2": null, "tmax_d3": null, "tmax_d4": null, "tmax_d5": null, "tmax_d6": null, "tmin_d0": null, "tmin_d1": null, "tmin_d2": null, "tmin_d3": null, "tmin_d4": null, "tmin_d5": null, "tmin_d6": null, "day_of_year": 283, "uuid": "6564bc42-bf6f-44c8-9c8b-fcad94348fa5", "inat_id": 98437001}}, {"type": "Feature", "geometry": {"type": "Point", "coordinates": [-122.099383698, 45.6017148102]}, "properties": {"species": "Fomitopsis mounceae", "date": "2021-10-11", "location": "Skamania County, US-WA, US", "elevation": 5.0, "land_cover_label": "Tree cover", "water_mask": false, "exclude_reason": "keep", "ndvi": null, "soil_moisture": null, "solar_exposure": null, "wind_exposure": null, "water_retention": null, "slope": null, "aspect": null, "num_identification_agreements": 2, "cluster": 0, "tavg": null, "tmin": 6.1, "tmax": 15.0, "prcp_d0": 0.0, "prcp_d1": 0.0, "prcp_d2": 0.0, "prcp_d3": 0.0, "prcp_d4": 0.0, "prcp_d5": 0.0, "prcp_d6": 0.0, "tmax_d0": null, "tmax_d1": null, "tmax_d2": null, "tmax_d3": null, "tmax_d4": null, "tmax_d5": null, "tmax_d6": null, "tmin_d0": null, "tmin_d1": null, "tmin_d2": null, "tmin_d3": null, "tmin_d4": null, "tmin_d5": null, "tmin_d6": null, "day_of_year": 284, "uuid": "627c1ed0-f304-4026-a2fb-920e428b3ab7", "inat_id": 97963571}}, {"type": "Feature", "geometry": {"type": "Point", "coordinates": [-122.0913555, 45.6409616667]}, "properties": {"species": "Fomitopsis mounceae", "date": "2021-10-25", "location": "Columbia River Gorge National Scenic Area, Stevenson, WA, US", "elevation": 415.0, "land_cover_label": "Tree cover", "water_mask": false, "exclude_reason": "keep", "ndvi": null, "soil_moisture": null, "solar_exposure": null, "wind_exposure": null, "water_retention": null, "slope": null, "aspect": null, "num_identification_agreements": 2, "cluster": 1, "tavg": null, "tmin": 11.7, "tmax": 15.6, "prcp_d0": 0.0, "prcp_d1": 77.51145935058594, "prcp_d2": 0.0, "prcp_d3": 25.83715438842773, "prcp_d4": 25.83715438842773, "prcp_d5": 7.792180061340332, "prcp_d6": 0.0, "tmax_d0": null, "tmax_d1": null, "tmax_d2": null, "tmax_d3": null, "tmax_d4": null, "tmax_d5": null, "tmax_d6": null, "tmin_d0": null, "tmin_d1": null, "tmin_d2": null, "tmin_d3": null, "tmin_d4": null, "tmin_d5": null, "tmin_d6": null, "day_of_year": 298, "uuid": "b215b62e-08c1-44a8-a3ce-871cd0256a2f", "inat_id": 99412928}}, {"type": "Feature", "geometry": {"type": "Point", "coordinates": [-121.7999489682, 45.5915362155]}, "properties": {"species": "Fomitopsis mounceae", "date": "2021-10-26", "location": "Hood River County, US-OR, US", "elevation": 1325.0, "land_cover_label": "Tree cover", "water_mask": false, "exclude_reason": "keep", "ndvi": null, "soil_moisture": null, "solar_exposure": null, "wind_exposure": null, "water_retention": null, "slope": null, "aspect": null, "num_identification_agreements": 1, "cluster": 1, "tavg": null, "tmin": 10.0, "tmax": 13.9, "prcp_d0": 0.0, "prcp_d1": 0.0, "prcp_d2": 52.51919937133789, "prcp_d3": 0.0, "prcp_d4": 17.50640106201172, "prcp_d5": 17.50640106201172, "prcp_d6": 10.683897018432615, "tmax_d0": null, "tmax_d1": null, "tmax_d2": null, "tmax_d3": null, "tmax_d4": null, "tmax_d5": null, "tmax_d6": null, "tmin_d0": null, "tmin_d1": null, "tmin_d2": null, "tmin_d3": null, "tmin_d4": null, "tmin_d5": null, "tmin_d6": null, "day_of_year": 299, "uuid": "e00050fb-8629-45ab-8116-32d7fff0a64f", "inat_id": 99489795}}, {"type": "Feature", "geometry": {"type": "Point", "coordinates": [-121.8349818048, 45.3126396658]}, "properties": {"species": "Fomitopsis mounceae", "date": "2021-10-27", "location": "Mt. Hood Park Division Recreation Area, Rhododendron, OR, US", "elevation": 807.0, "land_cover_label": "Tree cover", "water_mask": false, "exclude_reason": "keep", "ndvi": null, "soil_moisture": null, "solar_exposure": null, "wind_exposure": null, "water_retention": null, "slope": null, "aspect": null, "num_identification_agreements": 2, "cluster": 2, "tavg": null, "tmin": null, "tmax": null, "prcp_d0": 0.0, "prcp_d1": 0.0, "prcp_d2": 0.0, "prcp_d3": 36.03092956542969, "prcp_d4": 0.0, "prcp_d5": 18.015464782714844, "prcp_d6": 18.015464782714844, "tmax_d0": null, "tmax_d1": null, "tmax_d2": null, "tmax_d3": null, "tmax_d4": null, "tmax_d5": null, "tmax_d6": null, "tmin_d0": null, "tmin_d1": null, "tmin_d2": null, "tmin_d3": null, "tmin_d4": null, "tmin_d5": null, "tmin_d6": null, "day_of_year": 300, "uuid": "9343863c-48f7-4b3b-aa87-cbee02facf9b", "inat_id": 99562731}}, {"type": "Feature", "geometry": {"type": "Point", "coordinates": [-121.5663755717, 45.3756012509]}, "properties": {"species": "Fomitopsis mounceae", "date": "2021-11-06", "location": "Hood River County, US-OR, US", "elevation": 1024.0, "land_cover_label": "Tree cover", "water_mask": false, "exclude_reason": "keep", "ndvi": null, "soil_moisture": null, "solar_exposure": null, "wind_exposure": null, "water_retention": null, "slope": null, "aspect": null, "num_identification_agreements": 1, "cluster": 0, "tavg": null, "tmin": 3.9, "tmax": 11.1, "prcp_d0": 0.0, "prcp_d1": 0.0, "prcp_d2": 19.59908866882324, "prcp_d3": 0.0, "prcp_d4": 0.0, "prcp_d5": 19.59908866882324, "prcp_d6": 0.0, "tmax_d0": null, "tmax_d1": null, "tmax_d2": null, "tmax_d3": null, "tmax_d4": null, "tmax_d5": null, "tmax_d6": null, "tmin_d0": null, "tmin_d1": null, "tmin_d2": null, "tmin_d3": null, "tmin_d4": null, "tmin_d5": null, "tmin_d6": null, "day_of_year": 310, "uuid": "cd233cb6-1d59-4c2b-a885-70332a980a6d", "inat_id": 100427817}}, {"type": "Feature", "geometry": {"type": "Point", "coordinates": [-122.014691066, 45.3730188202]}, "properties": {"species": "Fomitopsis mounceae", "date": "2021-11-07", "location": "E Mountain Country Ln, Brightwood, OR, US", "elevation": 386.0, "land_cover_label": "Tree cover", "water_mask": false, "exclude_reason": "keep", "ndvi": null, "soil_moisture": null, "solar_exposure": null, "wind_exposure": null, "water_retention": null, "slope": null, "aspect": null, "num_identification_agreements": 2, "cluster": 0, "tavg": null, "tmin": 5.6, "tmax": 11.1, "prcp_d0": 0.0, "prcp_d1": 0.0, "prcp_d2": 0.0, "prcp_d3": 22.81551742553711, "prcp_d4": 0.0, "prcp_d5": 11.407758712768556, "prcp_d6": 11.407758712768556, "tmax_d0": null, "tmax_d1": null, "tmax_d2": null, "tmax_d3": null, "tmax_d4": null, "tmax_d5": null, "tmax_d6": null, "tmin_d0": null, "tmin_d1": null, "tmin_d2": null, "tmin_d3": null, "tmin_d4": null, "tmin_d5": null, "tmin_d6": null, "day_of_year": 311, "uuid": "2f6515ae-ba96-49b7-aa06-8ca29ee3724d", "inat_id": 100527116}}, {"type": "Feature", "geometry": {"type": "Point", "coordinates": [-122.1194931865, 45.5317559328]}, "properties": {"species": "Fomitopsis mounceae", "date": "2021-11-08", "location": "Cascade Locks, OR 97014, USA", "elevation": 783.0, "land_cover_label": "Tree cover", "water_mask": false, "exclude_reason": "keep", "ndvi": null, "soil_moisture": null, "solar_exposure": null, "wind_exposure": null, "water_retention": null, "slope": null, "aspect": null, "num_identification_agreements": 1, "cluster": 0, "tavg": null, "tmin": 4.4, "tmax": 12.2, "prcp_d0": 0.0, "prcp_d1": 0.0, "prcp_d2": 0.0, "prcp_d3": 0.0, "prcp_d4": 22.6761417388916, "prcp_d5": 0.0, "prcp_d6": 11.3380708694458, "tmax_d0": null, "tmax_d1": null, "tmax_d2": null, "tmax_d3": null, "tmax_d4": null, "tmax_d5": null, "tmax_d6": null, "tmin_d0": null, "tmin_d1": null, "tmin_d2": null, "tmin_d3": null, "tmin_d4": null, "tmin_d5": null, "tmin_d6": null, "day_of_year": 312, "uuid": "38965b75-c3be-4ce3-b123-e3ddbf7a8b69", "inat_id": 100664064}}, {"type": "Feature", "geometry": {"type": "Point", "coordinates": [-122.1231362969, 45.5301804325]}, "properties": {"species": "Fomitopsis mounceae", "date": "2021-11-08", "location": "Cascade Locks, OR 97014, USA", "elevation": 738.0, "land_cover_label": "Tree cover", "water_mask": false, "exclude_reason": "keep", "ndvi": null, "soil_moisture": null, "solar_exposure": null, "wind_exposure": null, "water_retention": null, "slope": null, "aspect": null, "num_identification_agreements": 1, "cluster": 0, "tavg": null, "tmin": 4.4, "tmax": 12.2, "prcp_d0": 0.0, "prcp_d1": 0.0, "prcp_d2": 0.0, "prcp_d3": 0.0, "prcp_d4": 22.6761417388916, "prcp_d5": 0.0, "prcp_d6": 11.3380708694458, "tmax_d0": null, "tmax_d1": null, "tmax_d2": null, "tmax_d3": null, "tmax_d4": null, "tmax_d5": null, "tmax_d6": null, "tmin_d0": null, "tmin_d1": null, "tmin_d2": null, "tmin_d3": null, "tmin_d4": null, "tmin_d5": null, "tmin_d6": null, "day_of_year": 312, "uuid": "3cc8ee70-90bf-49e0-8d51-bc3556edd359", "inat_id": 100658036}}, {"type": "Feature", "geometry": {"type": "Point", "coordinates": [-122.1895216667, 45.5904833333]}, "properties": {"species": "Fomitopsis mounceae", "date": "2021-11-27", "location": "Columbia River Gorge National Scenic Area, Washougal, WA, US", "elevation": 355.0, "land_cover_label": "Tree cover", "water_mask": false, "exclude_reason": "keep", "ndvi": null, "soil_moisture": null, "solar_exposure": null, "wind_exposure": null, "water_retention": null, "slope": null, "aspect": null, "num_identification_agreements": 1, "cluster": 1, "tavg": null, "tmin": 11.1, "tmax": 17.8, "prcp_d0": 0.0, "prcp_d1": 13.660360336303713, "prcp_d2": 16.721017837524414, "prcp_d3": 0.0, "prcp_d4": 0.0, "prcp_d5": 0.0, "prcp_d6": 0.0, "tmax_d0": null, "tmax_d1": null, "tmax_d2": null, "tmax_d3": null, "tmax_d4": null, "tmax_d5": null, "tmax_d6": null, "tmin_d0": null, "tmin_d1": null, "tmin_d2": null, "tmin_d3": null, "tmin_d4": null, "tmin_d5": null, "tmin_d6": null, "day_of_year": 331, "uuid": "148953a6-f589-417a-b98e-ebcfc3b79fec", "inat_id": 102042720}}, {"type": "Feature", "geometry": {"type": "Point", "coordinates": [-122.2837371826, 45.4935150146]}, "properties": {"species": "Fomitopsis mounceae", "date": "2021-12-05", "location": "Gresham", "elevation": 105.0, "land_cover_label": "Tree cover", "water_mask": false, "exclude_reason": "keep", "ndvi": null, "soil_moisture": null, "solar_exposure": null, "wind_exposure": null, "water_retention": null, "slope": null, "aspect": null, "num_identification_agreements": 1, "cluster": 0, "tavg": null, "tmin": 1.1, "tmax": 8.3, "prcp_d0": 0.0, "prcp_d1": 5.575318813323975, "prcp_d2": 5.575318813323975, "prcp_d3": 0.0, "prcp_d4": 0.0, "prcp_d5": 24.7281551361084, "prcp_d6": 0.0, "tmax_d0": null, "tmax_d1": null, "tmax_d2": null, "tmax_d3": null, "tmax_d4": null, "tmax_d5": null, "tmax_d6": null, "tmin_d0": null, "tmin_d1": null, "tmin_d2": null, "tmin_d3": null, "tmin_d4": null, "tmin_d5": null, "tmin_d6": null, "day_of_year": 339, "uuid": "6b5eed06-5a2e-497c-9cd4-dae988a8b336", "inat_id": 102567844}}, {"type": "Feature", "geometry": {"type": "Point", "coordinates": [-122.2188129997, 45.5353769]}, "properties": {"species": "Fomitopsis mounceae", "date": "2021-12-08", "location": "Corbett, OR 97019, USA", "elevation": 211.0, "land_cover_label": "Tree cover", "water_mask": false, "exclude_reason": "keep", "ndvi": null, "soil_moisture": null, "solar_exposure": null, "wind_exposure": null, "water_retention": null, "slope": null, "aspect": null, "num_identification_agreements": 2, "cluster": 1, "tavg": null, "tmin": 2.8, "tmax": 10.6, "prcp_d0": 0.0, "prcp_d1": 0.0, "prcp_d2": 58.31532669067383, "prcp_d3": 0.0, "prcp_d4": 12.246365547180176, "prcp_d5": 0.0, "prcp_d6": 0.0, "tmax_d0": null, "tmax_d1": null, "tmax_d2": null, "tmax_d3": null, "tmax_d4": null, "tmax_d5": null, "tmax_d6": null, "tmin_d0": null, "tmin_d1": null, "tmin_d2": null, "tmin_d3": null, "tmin_d4": null, "tmin_d5": null, "tmin_d6": null, "day_of_year": 342, "uuid": "9e9ec511-2f7b-484b-be68-c5d1d23ce89e", "inat_id": 102756944}}, {"type": "Feature", "geometry": {"type": "Point", "coordinates": [-122.2871277778, 45.4949027778]}, "properties": {"species": "Fomitopsis mounceae", "date": "2021-12-10", "location": "Multnomah County, US-OR, US", "elevation": 98.0, "land_cover_label": "Tree cover", "water_mask": false, "exclude_reason": "keep", "ndvi": null, "soil_moisture": null, "solar_exposure": null, "wind_exposure": null, "water_retention": null, "slope": null, "aspect": null, "num_identification_agreements": 2, "cluster": 0, "tavg": null, "tmin": 5.6, "tmax": 10.0, "prcp_d0": 0.0, "prcp_d1": 0.0, "prcp_d2": 0.0, "prcp_d3": 0.0, "prcp_d4": 42.04125595092773, "prcp_d5": 0.0, "prcp_d6": 5.575318813323975, "tmax_d0": null, "tmax_d1": null, "tmax_d2": null, "tmax_d3": null, "tmax_d4": null, "tmax_d5": null, "tmax_d6": null, "tmin_d0": null, "tmin_d1": null, "tmin_d2": null, "tmin_d3": null, "tmin_d4": null, "tmin_d5": null, "tmin_d6": null, "day_of_year": 344, "uuid": "c321ae62-1f78-4002-9aee-40a39df8ad49", "inat_id": 102841300}}, {"type": "Feature", "geometry": {"type": "Point", "coordinates": [-121.94577, 45.668505]}, "properties": {"species": "Fomitopsis mounceae", "date": "2022-01-22", "location": "Columbia River Gorge National Scenic Area, Stevenson, WA, US", "elevation": 86.0, "land_cover_label": "Tree cover", "water_mask": false, "exclude_reason": "keep", "ndvi": null, "soil_moisture": null, "solar_exposure": null, "wind_exposure": null, "water_retention": null, "slope": null, "aspect": null, "num_identification_agreements": 1, "cluster": 0, "tavg": null, "tmin": 5.0, "tmax": 10.0, "prcp_d0": 0.0, "prcp_d1": 0.0, "prcp_d2": 0.0, "prcp_d3": 0.0, "prcp_d4": 0.0, "prcp_d5": 0.0, "prcp_d6": 0.0, "tmax_d0": null, "tmax_d1": null, "tmax_d2": null, "tmax_d3": null, "tmax_d4": null, "tmax_d5": null, "tmax_d6": null, "tmin_d0": null, "tmin_d1": null, "tmin_d2": null, "tmin_d3": null, "tmin_d4": null, "tmin_d5": null, "tmin_d6": null, "day_of_year": 22, "uuid": "2d0adc60-c528-4a0a-aad4-04c6ebde829c", "inat_id": 105409779}}, {"type": "Feature", "geometry": {"type": "Point", "coordinates": [-121.8966916667, 45.629005]}, "properties": {"species": "Fomitopsis mounceae", "date": "2022-01-22", "location": "Columbia River Gorge National Scenic Area - Headquarters, Cascade Locks, OR, US", "elevation": 185.0, "land_cover_label": "Tree cover", "water_mask": false, "exclude_reason": "keep", "ndvi": null, "soil_moisture": null, "solar_exposure": null, "wind_exposure": null, "water_retention": null, "slope": null, "aspect": null, "num_identification_agreements": 1, "cluster": 0, "tavg": null, "tmin": 5.0, "tmax": 10.0, "prcp_d0": 0.0, "prcp_d1": 0.0, "prcp_d2": 0.0, "prcp_d3": 0.0, "prcp_d4": 0.0, "prcp_d5": 0.0, "prcp_d6": 0.0, "tmax_d0": 5.8, "tmax_d1": 8.3, "tmax_d2": 9.9, "tmax_d3": 5.2, "tmax_d4": 6.3, "tmax_d5": 8.9, "tmax_d6": 4.3, "tmin_d0": -2.4, "tmin_d1": 3.0, "tmin_d2": 3.7, "tmin_d3": 3.2, "tmin_d4": -0.2, "tmin_d5": 0.4, "tmin_d6": -0.4, "day_of_year": 22, "uuid": "89808dd4-19cd-49a9-968a-1fe139ae4b9a", "inat_id": 138676099}}, {"type": "Feature", "geometry": {"type": "Point", "coordinates": [-122.3755583333, 45.2995333333]}, "properties": {"species": "Fomitopsis mounceae", "date": "2022-01-23", "location": "Milo McIver State Park, Estacada, OR, US", "elevation": 201.0, "land_cover_label": "Tree cover", "water_mask": false, "exclude_reason": "keep", "ndvi": null, "soil_moisture": null, "solar_exposure": null, "wind_exposure": null, "water_retention": null, "slope": null, "aspect": null, "num_identification_agreements": 1, "cluster": 0, "tavg": null, "tmin": 0.0, "tmax": 9.4, "prcp_d0": 0.0, "prcp_d1": 0.0, "prcp_d2": 0.0, "prcp_d3": 0.0, "prcp_d4": 0.0, "prcp_d5": 0.0, "prcp_d6": 0.0, "tmax_d0": null, "tmax_d1": null, "tmax_d2": null, "tmax_d3": null, "tmax_d4": null, "tmax_d5": null, "tmax_d6": null, "tmin_d0": null, "tmin_d1": null, "tmin_d2": null, "tmin_d3": null, "tmin_d4": null, "tmin_d5": null, "tmin_d6": null, "day_of_year": 23, "uuid": "e20a0951-84d5-47bb-b9b6-7ff96a6e5efb", "inat_id": 105598568}}, {"type": "Feature", "geometry": {"type": "Point", "coordinates": [-122.19851476, 45.57367407]}, "properties": {"species": "Fomitopsis mounceae", "date": "2022-02-21", "location": "Washougal, WA 98671, USA", "elevation": 242.0, "land_cover_label": "Tree cover", "water_mask": false, "exclude_reason": "keep", "ndvi": null, "soil_moisture": null, "solar_exposure": null, "wind_exposure": null, "water_retention": null, "slope": null, "aspect": null, "num_identification_agreements": 2, "cluster": 0, "tavg": null, "tmin": 2.2, "tmax": 6.7, "prcp_d0": 0.0, "prcp_d1": 0.0, "prcp_d2": 0.0, "prcp_d3": 0.0, "prcp_d4": 0.0, "prcp_d5": 0.0, "prcp_d6": 0.0, "tmax_d0": null, "tmax_d1": null, "tmax_d2": null, "tmax_d3": null, "tmax_d4": null, "tmax_d5": null, "tmax_d6": null, "tmin_d0": null, "tmin_d1": null, "tmin_d2": null, "tmin_d3": null, "tmin_d4": null, "tmin_d5": null, "tmin_d6": null, "day_of_year": 52, "uuid": "5828b5c8-e9d9-4cd9-9bee-f149b5a6e5b2", "inat_id": 107208367}}, {"type": "Feature", "geometry": {"type": "Point", "coordinates": [-121.939873837, 45.3008181035]}, "properties": {"species": "Fomitopsis mounceae", "date": "2022-03-21", "location": "Zigzag Ranger Station, Welches, OR, US", "elevation": 496.0, "land_cover_label": "Tree cover", "water_mask": false, "exclude_reason": "keep", "ndvi": null, "soil_moisture": null, "solar_exposure": null, "wind_exposure": null, "water_retention": null, "slope": null, "aspect": null, "num_identification_agreements": 1, "cluster": 0, "tavg": null, "tmin": 6.1, "tmax": 9.4, "prcp_d0": 0.0, "prcp_d1": 0.0, "prcp_d2": 0.0, "prcp_d3": 0.0, "prcp_d4": 0.0, "prcp_d5": 0.0, "prcp_d6": 0.0, "tmax_d0": null, "tmax_d1": null, "tmax_d2": null, "tmax_d3": null, "tmax_d4": null, "tmax_d5": null, "tmax_d6": null, "tmin_d0": null, "tmin_d1": null, "tmin_d2": null, "tmin_d3": null, "tmin_d4": null, "tmin_d5": null, "tmin_d6": null, "day_of_year": 80, "uuid": "43e39509-c87a-400f-a6dd-0272744dd7f6", "inat_id": 109589704}}, {"type": "Feature", "geometry": {"type": "Point", "coordinates": [-121.9403856694, 45.2999180284]}, "properties": {"species": "Fomitopsis mounceae", "date": "2022-03-21", "location": "Salmon River, Welches, OR, US", "elevation": 474.0, "land_cover_label": "Tree cover", "water_mask": false, "exclude_reason": "keep", "ndvi": null, "soil_moisture": null, "solar_exposure": null, "wind_exposure": null, "water_retention": null, "slope": null, "aspect": null, "num_identification_agreements": 1, "cluster": 0, "tavg": null, "tmin": 6.1, "tmax": 9.4, "prcp_d0": 0.0, "prcp_d1": 0.0, "prcp_d2": 0.0, "prcp_d3": 0.0, "prcp_d4": 0.0, "prcp_d5": 0.0, "prcp_d6": 0.0, "tmax_d0": null, "tmax_d1": null, "tmax_d2": null, "tmax_d3": null, "tmax_d4": null, "tmax_d5": null, "tmax_d6": null, "tmin_d0": null, "tmin_d1": null, "tmin_d2": null, "tmin_d3": null, "tmin_d4": null, "tmin_d5": null, "tmin_d6": null, "day_of_year": 80, "uuid": "343193dd-c899-45ff-a599-c845b07b016a", "inat_id": 109588534}}, {"type": "Feature", "geometry": {"type": "Point", "coordinates": [-121.8719145656, 45.3839534438]}, "properties": {"species": "Fomitopsis mounceae", "date": "2022-03-27", "location": "Rhododendron, OR 97049, USA", "elevation": 626.0, "land_cover_label": "Tree cover", "water_mask": false, "exclude_reason": "keep", "ndvi": null, "soil_moisture": null, "solar_exposure": null, "wind_exposure": null, "water_retention": null, "slope": null, "aspect": null, "num_identification_agreements": 1, "cluster": 0, "tavg": null, "tmin": 8.9, "tmax": 21.1, "prcp_d0": 0.0, "prcp_d1": 0.0, "prcp_d2": 0.0, "prcp_d3": 0.0, "prcp_d4": 0.0, "prcp_d5": 0.0, "prcp_d6": 0.0, "tmax_d0": null, "tmax_d1": null, "tmax_d2": null, "tmax_d3": null, "tmax_d4": null, "tmax_d5": null, "tmax_d6": null, "tmin_d0": null, "tmin_d1": null, "tmin_d2": null, "tmin_d3": null, "tmin_d4": null, "tmin_d5": null, "tmin_d6": null, "day_of_year": 86, "uuid": "afa2da21-6bc7-444f-9f59-ee703228e4a4", "inat_id": 109721203}}, {"type": "Feature", "geometry": {"type": "Point", "coordinates": [-122.2171265655, 45.4208172173]}, "properties": {"species": "Fomitopsis mounceae", "date": "2022-04-17", "location": "SE Phelps Rd, Sandy, OR, US", "elevation": 230.0, "land_cover_label": "Tree cover", "water_mask": false, "exclude_reason": "keep", "ndvi": null, "soil_moisture": null, "solar_exposure": null, "wind_exposure": null, "water_retention": null, "slope": null, "aspect": null, "num_identification_agreements": 1, "cluster": 2, "tavg": null, "tmin": 2.8, "tmax": 13.9, "prcp_d0": 0.0, "prcp_d1": 0.0, "prcp_d2": 0.0, "prcp_d3": 0.0, "prcp_d4": 62.885498046875, "prcp_d5": 0.0, "prcp_d6": 0.0, "tmax_d0": null, "tmax_d1": null, "tmax_d2": null, "tmax_d3": null, "tmax_d4": null, "tmax_d5": null, "tmax_d6": null, "tmin_d0": null, "tmin_d1": null, "tmin_d2": null, "tmin_d3": null, "tmin_d4": null, "tmin_d5": null, "tmin_d6": null, "day_of_year": 107, "uuid": "fd6b53eb-6c0f-4843-89ac-b3e725936fb5", "inat_id": 111869547}}, {"type": "Feature", "geometry": {"type": "Point", "coordinates": [-121.90639853, 45.32250884]}, "properties": {"species": "Fomitopsis mounceae", "date": "2022-04-17", "location": "Rhododendron, OR 97049, USA", "elevation": 543.0, "land_cover_label": "Tree cover", "water_mask": false, "exclude_reason": "keep", "ndvi": null, "soil_moisture": null, "solar_exposure": null, "wind_exposure": null, "water_retention": null, "slope": null, "aspect": null, "num_identification_agreements": 2, "cluster": 2, "tavg": null, "tmin": 2.8, "tmax": 13.9, "prcp_d0": 0.0, "prcp_d1": 0.0, "prcp_d2": 0.0, "prcp_d3": 0.0, "prcp_d4": 88.68173217773438, "prcp_d5": 0.0, "prcp_d6": 0.0, "tmax_d0": null, "tmax_d1": null, "tmax_d2": null, "tmax_d3": null, "tmax_d4": null, "tmax_d5": null, "tmax_d6": null, "tmin_d0": null, "tmin_d1": null, "tmin_d2": null, "tmin_d3": null, "tmin_d4": null, "tmin_d5": null, "tmin_d6": null, "day_of_year": 107, "uuid": "48677fe7-4b69-492c-bd30-ab2f0a78eb20", "inat_id": 113259509}}, {"type": "Feature", "geometry": {"type": "Point", "coordinates": [-121.90763624, 45.32448951]}, "properties": {"species": "Fomitopsis mounceae", "date": "2022-04-17", "location": "Clackamas County, US-OR, US", "elevation": 540.0, "land_cover_label": "Tree cover", "water_mask": false, "exclude_reason": "keep", "ndvi": null, "soil_moisture": null, "solar_exposure": null, "wind_exposure": null, "water_retention": null, "slope": null, "aspect": null, "num_identification_agreements": 1, "cluster": 2, "tavg": null, "tmin": 2.8, "tmax": 13.9, "prcp_d0": 0.0, "prcp_d1": 0.0, "prcp_d2": 0.0, "prcp_d3": 0.0, "prcp_d4": 88.68173217773438, "prcp_d5": 0.0, "prcp_d6": 0.0, "tmax_d0": null, "tmax_d1": null, "tmax_d2": null, "tmax_d3": null, "tmax_d4": null, "tmax_d5": null, "tmax_d6": null, "tmin_d0": null, "tmin_d1": null, "tmin_d2": null, "tmin_d3": null, "tmin_d4": null, "tmin_d5": null, "tmin_d6": null, "day_of_year": 107, "uuid": "ea04503e-927c-4a8c-b271-836e4393e809", "inat_id": 113322936}}, {"type": "Feature", "geometry": {"type": "Point", "coordinates": [-122.219193, 45.5354269722]}, "properties": {"species": "Fomitopsis mounceae", "date": "2022-04-24", "location": "Corbett, OR 97019, USA", "elevation": 211.0, "land_cover_label": "Tree cover", "water_mask": false, "exclude_reason": "keep", "ndvi": null, "soil_moisture": null, "solar_exposure": null, "wind_exposure": null, "water_retention": null, "slope": null, "aspect": null, "num_identification_agreements": 1, "cluster": 2, "tavg": null, "tmin": 3.3, "tmax": 21.1, "prcp_d0": 0.0, "prcp_d1": 0.0, "prcp_d2": 0.0, "prcp_d3": 22.43670463562012, "prcp_d4": 20.888835906982425, "prcp_d5": 0.0, "prcp_d6": 20.888835906982425, "tmax_d0": null, "tmax_d1": null, "tmax_d2": null, "tmax_d3": null, "tmax_d4": null, "tmax_d5": null, "tmax_d6": null, "tmin_d0": null, "tmin_d1": null, "tmin_d2": null, "tmin_d3": null, "tmin_d4": null, "tmin_d5": null, "tmin_d6": null, "day_of_year": 114, "uuid": "b914c8af-c251-4400-8b54-d33fa12d61bf", "inat_id": 112768206}}, {"type": "Feature", "geometry": {"type": "Point", "coordinates": [-122.1256521252, 45.5298483046]}, "properties": {"species": "Fomitopsis mounceae", "date": "2022-04-28", "location": "Multnomah County, US-OR, US", "elevation": 708.0, "land_cover_label": "Tree cover", "water_mask": false, "exclude_reason": "keep", "ndvi": null, "soil_moisture": null, "solar_exposure": null, "wind_exposure": null, "water_retention": null, "slope": null, "aspect": null, "num_identification_agreements": 1, "cluster": 0, "tavg": null, "tmin": 6.7, "tmax": 12.2, "prcp_d0": 0.0, "prcp_d1": 0.0, "prcp_d2": 0.0, "prcp_d3": 0.0, "prcp_d4": 0.0, "prcp_d5": 0.0, "prcp_d6": 0.0, "tmax_d0": null, "tmax_d1": null, "tmax_d2": null, "tmax_d3": null, "tmax_d4": null, "tmax_d5": null, "tmax_d6": null, "tmin_d0": null, "tmin_d1": null, "tmin_d2": null, "tmin_d3": null, "tmin_d4": null, "tmin_d5": null, "tmin_d6": null, "day_of_year": 118, "uuid": "db4f465a-622b-44d0-9893-23f8d96ba9cd", "inat_id": 115658403}}, {"type": "Feature", "geometry": {"type": "Point", "coordinates": [-121.9589910423, 45.2884822648]}, "properties": {"species": "Fomitopsis mounceae", "date": "2022-05-08", "location": "Zigzag Ranger Station, Welches, OR, US", "elevation": 1010.0, "land_cover_label": "Tree cover", "water_mask": false, "exclude_reason": "keep", "ndvi": null, "soil_moisture": null, "solar_exposure": null, "wind_exposure": null, "water_retention": null, "slope": null, "aspect": null, "num_identification_agreements": 1, "cluster": 1, "tavg": null, "tmin": 5.0, "tmax": 10.6, "prcp_d0": 49.71823501586914, "prcp_d1": 0.0, "prcp_d2": 0.0, "prcp_d3": 39.41860961914063, "prcp_d4": 0.0, "prcp_d5": 0.0, "prcp_d6": 0.0, "tmax_d0": null, "tmax_d1": null, "tmax_d2": null, "tmax_d3": null, "tmax_d4": null, "tmax_d5": null, "tmax_d6": null, "tmin_d0": null, "tmin_d1": null, "tmin_d2": null, "tmin_d3": null, "tmin_d4": null, "tmin_d5": null, "tmin_d6": null, "day_of_year": 128, "uuid": "c72953ac-7c6d-4d02-8d0e-4c558c04641b", "inat_id": 116213137}}, {"type": "Feature", "geometry": {"type": "Point", "coordinates": [-122.3790785766, 45.2477796557]}, "properties": {"species": "Fomitopsis mounceae", "date": "2022-05-11", "location": "Beavercreek, OR, US", "elevation": 350.0, "land_cover_label": "Tree cover", "water_mask": false, "exclude_reason": "keep", "ndvi": null, "soil_moisture": null, "solar_exposure": null, "wind_exposure": null, "water_retention": null, "slope": null, "aspect": null, "num_identification_agreements": 1, "cluster": 2, "tavg": null, "tmin": 6.1, "tmax": 15.6, "prcp_d0": 0.0, "prcp_d1": 0.0, "prcp_d2": 0.0, "prcp_d3": 53.815956115722656, "prcp_d4": 0.0, "prcp_d5": 0.0, "prcp_d6": 27.99067687988281, "tmax_d0": null, "tmax_d1": null, "tmax_d2": null, "tmax_d3": null, "tmax_d4": null, "tmax_d5": null, "tmax_d6": null, "tmin_d0": null, "tmin_d1": null, "tmin_d2": null, "tmin_d3": null, "tmin_d4": null, "tmin_d5": null, "tmin_d6": null, "day_of_year": 131, "uuid": "858ac190-7274-4b33-9838-f4cfc4586f9f", "inat_id": 116618787}}, {"type": "Feature", "geometry": {"type": "Point", "coordinates": [-121.5287, 45.1127]}, "properties": {"species": "Fomitopsis mounceae", "date": "2022-05-12", "location": "Barlow Ranger District portion in Wasco Co., Mount Hood National Forest, Wasco Co., Oregon, USA", "elevation": 935.0, "land_cover_label": "Tree cover", "water_mask": false, "exclude_reason": "keep", "ndvi": null, "soil_moisture": null, "solar_exposure": null, "wind_exposure": null, "water_retention": null, "slope": null, "aspect": null, "num_identification_agreements": 2, "cluster": 0, "tavg": null, "tmin": null, "tmax": null, "prcp_d0": 0.0, "prcp_d1": 0.0, "prcp_d2": 0.0, "prcp_d3": 14.416791915893556, "prcp_d4": 0.0, "prcp_d5": 0.0, "prcp_d6": 0.0, "tmax_d0": null, "tmax_d1": null, "tmax_d2": null, "tmax_d3": null, "tmax_d4": null, "tmax_d5": null, "tmax_d6": null, "tmin_d0": null, "tmin_d1": null, "tmin_d2": null, "tmin_d3": null, "tmin_d4": null, "tmin_d5": null, "tmin_d6": null, "day_of_year": 132, "uuid": "b1e97d79-89b8-4839-8e40-5ffe18c9bc39", "inat_id": 116872200}}, {"type": "Feature", "geometry": {"type": "Point", "coordinates": [-121.6329716667, 45.6045383333]}, "properties": {"species": "Fomitopsis mounceae", "date": "2022-05-16", "location": "Hood River, OR, US", "elevation": 272.0, "land_cover_label": "Tree cover", "water_mask": false, "exclude_reason": "keep", "ndvi": null, "soil_moisture": null, "solar_exposure": null, "wind_exposure": null, "water_retention": null, "slope": null, "aspect": null, "num_identification_agreements": 1, "cluster": 1, "tavg": null, "tmin": 10.4, "tmax": 16.3, "prcp_d0": 0.0, "prcp_d1": 0.0, "prcp_d2": 37.647727966308594, "prcp_d3": 0.0, "prcp_d4": 0.0, "prcp_d5": 0.0, "prcp_d6": 0.0, "tmax_d0": null, "tmax_d1": null, "tmax_d2": null, "tmax_d3": null, "tmax_d4": null, "tmax_d5": null, "tmax_d6": null, "tmin_d0": null, "tmin_d1": null, "tmin_d2": null, "tmin_d3": null, "tmin_d4": null, "tmin_d5": null, "tmin_d6": null, "day_of_year": 136, "uuid": "0ea98f02-33e4-4be7-bebb-1233a691fde8", "inat_id": 117497774}}, {"type": "Feature", "geometry": {"type": "Point", "coordinates": [-122.22939683, 45.30893889]}, "properties": {"species": "Fomitopsis mounceae", "date": "2022-05-23", "location": "Estacada, OR 97023, USA", "elevation": 385.0, "land_cover_label": "Tree cover", "water_mask": false, "exclude_reason": "keep", "ndvi": null, "soil_moisture": null, "solar_exposure": null, "wind_exposure": null, "water_retention": null, "slope": null, "aspect": null, "num_identification_agreements": 1, "cluster": 2, "tavg": null, "tmin": 13.3, "tmax": 21.7, "prcp_d0": 0.0, "prcp_d1": 0.0, "prcp_d2": 0.0, "prcp_d3": 0.0, "prcp_d4": 0.0, "prcp_d5": 28.481979370117188, "prcp_d6": 0.0, "tmax_d0": null, "tmax_d1": null, "tmax_d2": null, "tmax_d3": null, "tmax_d4": null, "tmax_d5": null, "tmax_d6": null, "tmin_d0": null, "tmin_d1": null, "tmin_d2": null, "tmin_d3": null, "tmin_d4": null, "tmin_d5": null, "tmin_d6": null, "day_of_year": 143, "uuid": "daa2a213-e42a-4d4c-824f-eb8d4242199e", "inat_id": 118401090}}, {"type": "Feature", "geometry": {"type": "Point", "coordinates": [-122.23053393, 45.31128365]}, "properties": {"species": "Fomitopsis mounceae", "date": "2022-05-23", "location": "Estacada, OR 97023, USA", "elevation": 395.0, "land_cover_label": "Tree cover", "water_mask": false, "exclude_reason": "keep", "ndvi": null, "soil_moisture": null, "solar_exposure": null, "wind_exposure": null, "water_retention": null, "slope": null, "aspect": null, "num_identification_agreements": 1, "cluster": 2, "tavg": null, "tmin": 13.3, "tmax": 21.7, "prcp_d0": 0.0, "prcp_d1": 0.0, "prcp_d2": 0.0, "prcp_d3": 0.0, "prcp_d4": 0.0, "prcp_d5": 28.481979370117188, "prcp_d6": 0.0, "tmax_d0": null, "tmax_d1": null, "tmax_d2": null, "tmax_d3": null, "tmax_d4": null, "tmax_d5": null, "tmax_d6": null, "tmin_d0": null, "tmin_d1": null, "tmin_d2": null, "tmin_d3": null, "tmin_d4": null, "tmin_d5": null, "tmin_d6": null, "day_of_year": 143, "uuid": "8e322620-9be2-4e1d-bff9-86434308cfd8", "inat_id": 118407431}}, {"type": "Feature", "geometry": {"type": "Point", "coordinates": [-122.22927916, 45.31089623]}, "properties": {"species": "Fomitopsis mounceae", "date": "2022-05-23", "location": "Estacada, OR 97023, USA", "elevation": 395.0, "land_cover_label": "Tree cover", "water_mask": false, "exclude_reason": "keep", "ndvi": null, "soil_moisture": null, "solar_exposure": null, "wind_exposure": null, "water_retention": null, "slope": null, "aspect": null, "num_identification_agreements": 1, "cluster": 2, "tavg": null, "tmin": 13.3, "tmax": 21.7, "prcp_d0": 0.0, "prcp_d1": 0.0, "prcp_d2": 0.0, "prcp_d3": 0.0, "prcp_d4": 0.0, "prcp_d5": 28.481979370117188, "prcp_d6": 0.0, "tmax_d0": null, "tmax_d1": null, "tmax_d2": null, "tmax_d3": null, "tmax_d4": null, "tmax_d5": null, "tmax_d6": null, "tmin_d0": null, "tmin_d1": null, "tmin_d2": null, "tmin_d3": null, "tmin_d4": null, "tmin_d5": null, "tmin_d6": null, "day_of_year": 143, "uuid": "e260ecf5-12eb-4dca-a3cf-0ff2e66e9a23", "inat_id": 118409274}}, {"type": "Feature", "geometry": {"type": "Point", "coordinates": [-122.2292071, 45.31095631]}, "properties": {"species": "Fomitopsis mounceae", "date": "2022-05-23", "location": "Estacada, OR 97023, USA", "elevation": 395.0, "land_cover_label": "Tree cover", "water_mask": false, "exclude_reason": "keep", "ndvi": null, "soil_moisture": null, "solar_exposure": null, "wind_exposure": null, "water_retention": null, "slope": null, "aspect": null, "num_identification_agreements": 1, "cluster": 2, "tavg": null, "tmin": 13.3, "tmax": 21.7, "prcp_d0": 0.0, "prcp_d1": 0.0, "prcp_d2": 0.0, "prcp_d3": 0.0, "prcp_d4": 0.0, "prcp_d5": 28.481979370117188, "prcp_d6": 0.0, "tmax_d0": null, "tmax_d1": null, "tmax_d2": null, "tmax_d3": null, "tmax_d4": null, "tmax_d5": null, "tmax_d6": null, "tmin_d0": null, "tmin_d1": null, "tmin_d2": null, "tmin_d3": null, "tmin_d4": null, "tmin_d5": null, "tmin_d6": null, "day_of_year": 143, "uuid": "cda18bf8-d546-4132-8629-1b0f880b9d45", "inat_id": 118409330}}, {"type": "Feature", "geometry": {"type": "Point", "coordinates": [-122.1152888333, 45.53922]}, "properties": {"species": "Fomitopsis mounceae", "date": "2022-05-29", "location": "Zigzag Ranger Station, Corbett, OR, US", "elevation": 830.0, "land_cover_label": "Tree cover", "water_mask": false, "exclude_reason": "keep", "ndvi": null, "soil_moisture": null, "solar_exposure": null, "wind_exposure": null, "water_retention": null, "slope": null, "aspect": null, "num_identification_agreements": 1, "cluster": 0, "tavg": null, "tmin": 10.6, "tmax": 14.4, "prcp_d0": 0.0, "prcp_d1": 0.0, "prcp_d2": 0.0, "prcp_d3": 0.0, "prcp_d4": 0.0, "prcp_d5": 0.0, "prcp_d6": 0.0, "tmax_d0": 10.9, "tmax_d1": 10.8, "tmax_d2": 13.6, "tmax_d3": 17.9, "tmax_d4": 13.8, "tmax_d5": 13.8, "tmax_d6": 15.6, "tmin_d0": 3.9, "tmin_d1": 3.8, "tmin_d2": 7.4, "tmin_d3": 7.8, "tmin_d4": 8.0, "tmin_d5": 3.6, "tmin_d6": 6.5, "day_of_year": 149, "uuid": "8600d843-91d8-4635-a2f2-7e618e52c534", "inat_id": 119347002}}, {"type": "Feature", "geometry": {"type": "Point", "coordinates": [-122.2925362363, 45.5360317328]}, "properties": {"species": "Fomitopsis mounceae", "date": "2022-06-08", "location": "Corbett, OR 97019, USA", "elevation": 135.0, "land_cover_label": "Tree cover", "water_mask": false, "exclude_reason": "keep", "ndvi": null, "soil_moisture": null, "solar_exposure": null, "wind_exposure": null, "water_retention": null, "slope": null, "aspect": null, "num_identification_agreements": 1, "cluster": 0, "tavg": null, "tmin": 16.1, "tmax": 23.9, "prcp_d0": 0.0, "prcp_d1": 0.0, "prcp_d2": 6.316774845123291, "prcp_d3": 15.80179214477539, "prcp_d4": 5.6728196144104, "prcp_d5": 4.1919474601745605, "prcp_d6": 5.430849552154541, "tmax_d0": 21.1, "tmax_d1": 22.9, "tmax_d2": 15.7, "tmax_d3": 16.8, "tmax_d4": 16.9, "tmax_d5": 22.4, "tmax_d6": 21.9, "tmin_d0": 11.8, "tmin_d1": 7.9, "tmin_d2": 10.5, "tmin_d3": 12.5, "tmin_d4": 11.0, "tmin_d5": 12.2, "tmin_d6": 11.2, "day_of_year": 159, "uuid": "eb8f74ff-007d-497d-89d4-4886e4e5c675", "inat_id": 121156531}}, {"type": "Feature", "geometry": {"type": "Point", "coordinates": [-121.480575, 45.2177783333]}, "properties": {"species": "Fomitopsis mounceae", "date": "2022-06-12", "location": "Forest Service U.S. Department of Agriculture, Maupin, OR, US", "elevation": 1061.0, "land_cover_label": "Tree cover", "water_mask": false, "exclude_reason": "keep", "ndvi": null, "soil_moisture": null, "solar_exposure": null, "wind_exposure": null, "water_retention": null, "slope": null, "aspect": null, "num_identification_agreements": 2, "cluster": 0, "tavg": null, "tmin": null, "tmax": null, "prcp_d0": 0.0, "prcp_d1": 0.0, "prcp_d2": 0.0, "prcp_d3": 0.0, "prcp_d4": 0.0, "prcp_d5": 0.0, "prcp_d6": 0.0, "tmax_d0": 15.5, "tmax_d1": 18.0, "tmax_d2": 20.6, "tmax_d3": 21.4, "tmax_d4": 20.2, "tmax_d5": 17.4, "tmax_d6": 14.4, "tmin_d0": 7.1, "tmin_d1": 10.0, "tmin_d2": 11.3, "tmin_d3": 8.8, "tmin_d4": 8.1, "tmin_d5": 3.2, "tmin_d6": 7.4, "day_of_year": 163, "uuid": "6c37717d-6e26-4a38-a1a1-340c41500049", "inat_id": 121626089}}, {"type": "Feature", "geometry": {"type": "Point", "coordinates": [-122.1051782185, 45.5362010608]}, "properties": {"species": "Fomitopsis mounceae", "date": "2022-06-16", "location": "Zigzag Ranger Station, Corbett, OR, US", "elevation": 947.0, "land_cover_label": "Tree cover", "water_mask": false, "exclude_reason": "keep", "ndvi": null, "soil_moisture": null, "solar_exposure": null, "wind_exposure": null, "water_retention": null, "slope": null, "aspect": null, "num_identification_agreements": 2, "cluster": 0, "tavg": null, "tmin": 13.9, "tmax": 21.7, "prcp_d0": 1.1029260158538818, "prcp_d1": 0.0, "prcp_d2": 0.0, "prcp_d3": 0.0, "prcp_d4": 0.0, "prcp_d5": 0.0, "prcp_d6": 0.0, "tmax_d0": 14.9, "tmax_d1": 15.5, "tmax_d2": 8.9, "tmax_d3": 6.6, "tmax_d4": 10.9, "tmax_d5": 12.9, "tmax_d6": 14.0, "tmin_d0": 6.4, "tmin_d1": 2.0, "tmin_d2": 3.4, "tmin_d3": 2.6, "tmin_d4": 4.8, "tmin_d5": 8.4, "tmin_d6": 10.2, "day_of_year": 167, "uuid": "b9e60f06-cdbb-40c0-9181-ee16b409c3ef", "inat_id": 122169802}}, {"type": "Feature", "geometry": {"type": "Point", "coordinates": [-121.8335452303, 45.3855050135]}, "properties": {"species": "Fomitopsis mounceae", "date": "2022-06-18", "location": "Rhododendron, OR 97049, USA", "elevation": 749.0, "land_cover_label": "Tree cover", "water_mask": false, "exclude_reason": "keep", "ndvi": null, "soil_moisture": null, "solar_exposure": null, "wind_exposure": null, "water_retention": null, "slope": null, "aspect": null, "num_identification_agreements": 1, "cluster": 1, "tavg": null, "tmin": 9.9, "tmax": 17.2, "prcp_d0": 2.406693458557129, "prcp_d1": 43.761966705322266, "prcp_d2": 1.8663073778152464, "prcp_d3": 0.0, "prcp_d4": 0.0, "prcp_d5": 0.0, "prcp_d6": 0.0, "tmax_d0": 11.7, "tmax_d1": 14.1, "tmax_d2": 17.2, "tmax_d3": 18.6, "tmax_d4": 10.1, "tmax_d5": 7.0, "tmax_d6": 12.8, "tmin_d0": 6.5, "tmin_d1": 7.6, "tmin_d2": 7.3, "tmin_d3": 3.1, "tmin_d4": 4.9, "tmin_d5": 4.1, "tmin_d6": 6.7, "day_of_year": 169, "uuid": "50465e0b-e06e-478d-aec2-1ac197cf0e8d", "inat_id": 130324018}}, {"type": "Feature", "geometry": {"type": "Point", "coordinates": [-122.1857833333, 44.6770800074]}, "properties": {"species": "Fomitopsis mounceae", "date": "2022-06-19", "location": "Willamette National Forest, Idanha, OR, US", "elevation": 533.0, "land_cover_label": "Tree cover", "water_mask": false, "exclude_reason": "keep", "ndvi": null, "soil_moisture": null, "solar_exposure": null, "wind_exposure": null, "water_retention": null, "slope": null, "aspect": null, "num_identification_agreements": 2, "cluster": 0, "tavg": null, "tmin": null, "tmax": null, "prcp_d0": 2.753153085708618, "prcp_d1": 2.1530892848968506, "prcp_d2": 23.993959426879883, "prcp_d3": 0.6709550619125366, "prcp_d4": 0.0, "prcp_d5": 0.0, "prcp_d6": 0.0, "tmax_d0": 13.1, "tmax_d1": 12.9, "tmax_d2": 15.7, "tmax_d3": 17.5, "tmax_d4": 20.9, "tmax_d5": 13.3, "tmax_d6": 10.3, "tmin_d0": 8.5, "tmin_d1": 8.2, "tmin_d2": 7.8, "tmin_d3": 8.1, "tmin_d4": 3.0, "tmin_d5": 7.0, "tmin_d6": 5.6, "day_of_year": 170, "uuid": "801cd3e1-25b4-41f9-b1df-0392cf92cbc5", "inat_id": 122585911}}, {"type": "Feature", "geometry": {"type": "Point", "coordinates": [-121.6840216667, 45.237245]}, "properties": {"species": "Fomitopsis mounceae", "date": "2022-06-23", "location": "Forest Service U.S. Department of Agriculture, Maupin, OR, US", "elevation": 1357.0, "land_cover_label": "Tree cover", "water_mask": false, "exclude_reason": "keep", "ndvi": null, "soil_moisture": null, "solar_exposure": null, "wind_exposure": null, "water_retention": null, "slope": null, "aspect": null, "num_identification_agreements": 1, "cluster": 2, "tavg": null, "tmin": 10.4, "tmax": 22.4, "prcp_d0": 0.0, "prcp_d1": 0.0, "prcp_d2": 0.0, "prcp_d3": 1.5494788885116575, "prcp_d4": 2.8578298091888428, "prcp_d5": 2.22953462600708, "prcp_d6": 38.03533554077149, "tmax_d0": 16.7, "tmax_d1": 18.4, "tmax_d2": 20.5, "tmax_d3": 11.9, "tmax_d4": 8.5, "tmax_d5": 8.4, "tmax_d6": 11.3, "tmin_d0": 4.6, "tmin_d1": 8.4, "tmin_d2": 5.2, "tmin_d3": 4.3, "tmin_d4": 2.9, "tmin_d5": 3.3, "tmin_d6": 4.9, "day_of_year": 174, "uuid": "4afb5c3f-d809-415c-b53c-6b798f8fad9c", "inat_id": 123273277}}, {"type": "Feature", "geometry": {"type": "Point", "coordinates": [-121.8311584166, 45.6956482382]}, "properties": {"species": "Fomitopsis mounceae", "date": "2022-07-05", "location": "Columbia River Gorge National Scenic Area - Headquarters, Cascade Locks, OR, US", "elevation": 98.0, "land_cover_label": "Tree cover", "water_mask": false, "exclude_reason": "keep", "ndvi": null, "soil_moisture": null, "solar_exposure": null, "wind_exposure": null, "water_retention": null, "slope": null, "aspect": null, "num_identification_agreements": 1, "cluster": 0, "tavg": null, "tmin": 12.1, "tmax": 26.8, "prcp_d0": 0.0, "prcp_d1": 0.0, "prcp_d2": 0.0, "prcp_d3": 0.0, "prcp_d4": 0.0, "prcp_d5": 0.0, "prcp_d6": 0.0, "tmax_d0": 26.9, "tmax_d1": 24.0, "tmax_d2": 21.2, "tmax_d3": 25.0, "tmax_d4": 26.7, "tmax_d5": 27.2, "tmax_d6": 23.7, "tmin_d0": 13.3, "tmin_d1": 10.6, "tmin_d2": 14.2, "tmin_d3": 13.6, "tmin_d4": 14.6, "tmin_d5": 12.4, "tmin_d6": 14.3, "day_of_year": 186, "uuid": "ed8561df-bb90-480a-bc93-7d21cdf1b825", "inat_id": 124933842}}, {"type": "Feature", "geometry": {"type": "Point", "coordinates": [-121.9427978351, 45.3061923906]}, "properties": {"species": "Fomitopsis mounceae", "date": "2022-07-13", "location": "Clackamas County, US-OR, US", "elevation": 473.0, "land_cover_label": "Tree cover", "water_mask": false, "exclude_reason": "keep", "ndvi": null, "soil_moisture": null, "solar_exposure": null, "wind_exposure": null, "water_retention": null, "slope": null, "aspect": null, "num_identification_agreements": 2, "cluster": 0, "tavg": null, "tmin": 14.4, "tmax": 26.7, "prcp_d0": 4.364112854003906, "prcp_d1": 0.0, "prcp_d2": 0.0, "prcp_d3": 0.0, "prcp_d4": 0.0, "prcp_d5": 0.0, "prcp_d6": 0.0, "tmax_d0": 27.7, "tmax_d1": 32.0, "tmax_d2": 32.5, "tmax_d3": 23.3, "tmax_d4": 22.4, "tmax_d5": 22.8, "tmax_d6": 20.7, "tmin_d0": 13.6, "tmin_d1": 15.0, "tmin_d2": 12.0, "tmin_d3": 10.2, "tmin_d4": 12.4, "tmin_d5": 11.8, "tmin_d6": 13.4, "day_of_year": 194, "uuid": "fc87e7d1-7ea2-4eb0-af31-447c7f369062", "inat_id": 126247566}}, {"type": "Feature", "geometry": {"type": "Point", "coordinates": [-122.2820566725, 45.495082679]}, "properties": {"species": "Fomitopsis mounceae", "date": "2022-07-18", "location": "Oxbow Regional Park, Gresham, OR, US", "elevation": 55.0, "land_cover_label": "Tree cover", "water_mask": false, "exclude_reason": "keep", "ndvi": null, "soil_moisture": null, "solar_exposure": null, "wind_exposure": null, "water_retention": null, "slope": null, "aspect": null, "num_identification_agreements": 1, "cluster": 0, "tavg": null, "tmin": 12.8, "tmax": 27.2, "prcp_d0": 0.0, "prcp_d1": 5.003996849060059, "prcp_d2": 0.0, "prcp_d3": 0.0, "prcp_d4": 0.0, "prcp_d5": 0.0, "prcp_d6": 0.0, "tmax_d0": 25.4, "tmax_d1": 22.8, "tmax_d2": 27.2, "tmax_d3": 27.3, "tmax_d4": 28.0, "tmax_d5": 30.9, "tmax_d6": 35.7, "tmin_d0": 11.9, "tmin_d1": 15.5, "tmin_d2": 15.3, "tmin_d3": 11.7, "tmin_d4": 13.1, "tmin_d5": 13.8, "tmin_d6": 14.6, "day_of_year": 199, "uuid": "440e3812-161a-4050-b954-b5b77b280ff6", "inat_id": 126912078}}, {"type": "Feature", "geometry": {"type": "Point", "coordinates": [-122.0808580936, 45.2999212704]}, "properties": {"species": "Fomitopsis mounceae", "date": "2022-08-10", "location": "Zigzag Ranger Station, Estacada, OR, US", "elevation": 901.0, "land_cover_label": "Tree cover", "water_mask": false, "exclude_reason": "keep", "ndvi": null, "soil_moisture": null, "solar_exposure": null, "wind_exposure": null, "water_retention": null, "slope": null, "aspect": null, "num_identification_agreements": 2, "cluster": 0, "tavg": null, "tmin": 17.8, "tmax": 25.6, "prcp_d0": 0.0, "prcp_d1": 0.0, "prcp_d2": 0.0, "prcp_d3": 0.0, "prcp_d4": 0.0, "prcp_d5": 0.0, "prcp_d6": 0.0, "tmax_d0": 26.6, "tmax_d1": 26.8, "tmax_d2": 31.5, "tmax_d3": 32.9, "tmax_d4": 28.4, "tmax_d5": 23.3, "tmax_d6": 23.5, "tmin_d0": 11.5, "tmin_d1": 13.2, "tmin_d2": 11.7, "tmin_d3": 12.4, "tmin_d4": 6.1, "tmin_d5": 5.7, "tmin_d6": 8.2, "day_of_year": 222, "uuid": "12b5f291-4db3-4828-a3da-2ce501d58ffc", "inat_id": 145732212}}, {"type": "Feature", "geometry": {"type": "Point", "coordinates": [-121.80641937, 45.6973381078]}, "properties": {"species": "Fomitopsis mounceae", "date": "2022-08-27", "location": "Columbia River Gorge National Scenic Area - Headquarters, Hood River, OR, US", "elevation": 65.0, "land_cover_label": "Tree cover", "water_mask": false, "exclude_reason": "keep", "ndvi": null, "soil_moisture": null, "solar_exposure": null, "wind_exposure": null, "water_retention": null, "slope": null, "aspect": null, "num_identification_agreements": 1, "cluster": 0, "tavg": null, "tmin": 15.6, "tmax": 22.0, "prcp_d0": 4.785680770874023, "prcp_d1": 0.0, "prcp_d2": 0.0, "prcp_d3": 0.0, "prcp_d4": 0.0, "prcp_d5": 0.0, "prcp_d6": 0.0, "tmax_d0": 26.3, "tmax_d1": 33.7, "tmax_d2": 34.9, "tmax_d3": 35.7, "tmax_d4": 30.9, "tmax_d5": 31.7, "tmax_d6": 33.0, "tmin_d0": 15.8, "tmin_d1": 17.2, "tmin_d2": 18.9, "tmin_d3": 17.2, "tmin_d4": 17.0, "tmin_d5": 17.7, "tmin_d6": 14.8, "day_of_year": 239, "uuid": "9aa4e6bf-ad89-4e86-b30b-f5cfc883ec2d", "inat_id": 135069678}}, {"type": "Feature", "geometry": {"type": "Point", "coordinates": [-121.4488444444, 45.4077805556]}, "properties": {"species": "Fomitopsis mounceae", "date": "2022-08-31", "location": "Friend, OR 97021, USA", "elevation": 1168.0, "land_cover_label": "Tree cover", "water_mask": false, "exclude_reason": "keep", "ndvi": null, "soil_moisture": null, "solar_exposure": null, "wind_exposure": null, "water_retention": null, "slope": null, "aspect": null, "num_identification_agreements": 1, "cluster": 0, "tavg": null, "tmin": 18.7, "tmax": 33.8, "prcp_d0": 0.0, "prcp_d1": 0.0, "prcp_d2": 0.0, "prcp_d3": 0.0, "prcp_d4": 0.0, "prcp_d5": 0.0, "prcp_d6": 0.0, "tmax_d0": 30.7, "tmax_d1": 30.7, "tmax_d2": 26.5, "tmax_d3": 21.4, "tmax_d4": 20.1, "tmax_d5": 27.4, "tmax_d6": 28.2, "tmin_d0": 19.3, "tmin_d1": 18.2, "tmin_d2": 13.8, "tmin_d3": 7.3, "tmin_d4": 10.5, "tmin_d5": 14.4, "tmin_d6": 17.5, "day_of_year": 243, "uuid": "8928a6f0-4a5d-43e3-b1c8-ed4283f8cdd2", "inat_id": 133375233}}, {"type": "Feature", "geometry": {"type": "Point", "coordinates": [-121.7487378046, 45.3434760903]}, "properties": {"species": "Fomitopsis mounceae", "date": "2022-09-18", "location": "Clackamas County, US-OR, US", "elevation": 1469.0, "land_cover_label": "Tree cover", "water_mask": false, "exclude_reason": "keep", "ndvi": null, "soil_moisture": null, "solar_exposure": null, "wind_exposure": null, "water_retention": null, "slope": null, "aspect": null, "num_identification_agreements": 1, "cluster": 0, "tavg": null, "tmin": 10.9, "tmax": 23.8, "prcp_d0": 0.0, "prcp_d1": 0.0, "prcp_d2": 0.0, "prcp_d3": 0.0, "prcp_d4": 0.0, "prcp_d5": 0.0, "prcp_d6": 24.74778938293457, "tmax_d0": 15.3, "tmax_d1": 14.1, "tmax_d2": 10.5, "tmax_d3": 12.2, "tmax_d4": 15.0, "tmax_d5": 16.3, "tmax_d6": 22.4, "tmin_d0": 4.5, "tmin_d1": 2.3, "tmin_d2": 4.8, "tmin_d3": 4.2, "tmin_d4": 5.0, "tmin_d5": 7.0, "tmin_d6": 10.9, "day_of_year": 261, "uuid": "67f2cf40-068a-4e13-82d6-ce44e0624c84", "inat_id": 136879958}}, {"type": "Feature", "geometry": {"type": "Point", "coordinates": [-121.6526374817, 45.2269194278]}, "properties": {"species": "Fomitopsis mounceae", "date": "2022-09-18", "location": "Forest Service U.S. Department of Agriculture, Maupin, OR, US", "elevation": 1530.0, "land_cover_label": "Tree cover", "water_mask": false, "exclude_reason": "keep", "ndvi": null, "soil_moisture": null, "solar_exposure": null, "wind_exposure": null, "water_retention": null, "slope": null, "aspect": null, "num_identification_agreements": 1, "cluster": 0, "tavg": null, "tmin": null, "tmax": null, "prcp_d0": 0.0, "prcp_d1": 0.0, "prcp_d2": 0.0, "prcp_d3": 0.0, "prcp_d4": 0.0, "prcp_d5": 0.0, "prcp_d6": 14.767640113830566, "tmax_d0": 15.2, "tmax_d1": 13.7, "tmax_d2": 10.9, "tmax_d3": 13.8, "tmax_d4": 16.1, "tmax_d5": 16.7, "tmax_d6": 23.5, "tmin_d0": 4.9, "tmin_d1": 2.1, "tmin_d2": 5.5, "tmin_d3": 5.3, "tmin_d4": 5.6, "tmin_d5": 7.7, "tmin_d6": 11.6, "day_of_year": 261, "uuid": "0616b2cb-2d1b-4091-aeeb-7a20ebbba890", "inat_id": 135592865}}, {"type": "Feature", "geometry": {"type": "Point", "coordinates": [-121.871660091, 45.3874504789]}, "properties": {"species": "Fomitopsis mounceae", "date": "2022-10-01", "location": "Rhododendron, OR 97049, USA", "elevation": 744.0, "land_cover_label": "Tree cover", "water_mask": false, "exclude_reason": "keep", "ndvi": null, "soil_moisture": null, "solar_exposure": null, "wind_exposure": null, "water_retention": null, "slope": null, "aspect": null, "num_identification_agreements": 1, "cluster": 0, "tavg": null, "tmin": 11.2, "tmax": 23.6, "prcp_d0": 0.0, "prcp_d1": 1.4830507040023804, "prcp_d2": 20.306848526000977, "prcp_d3": 0.5392813086509705, "prcp_d4": 1.5922122429401495e-06, "prcp_d5": 0.0, "prcp_d6": 0.0, "tmax_d0": 22.4, "tmax_d1": 23.2, "tmax_d2": 15.4, "tmax_d3": 22.2, "tmax_d4": 26.2, "tmax_d5": 29.1, "tmax_d6": 29.5, "tmin_d0": 10.1, "tmin_d1": 8.2, "tmin_d2": 10.8, "tmin_d3": 9.7, "tmin_d4": 10.0, "tmin_d5": 12.9, "tmin_d6": 9.0, "day_of_year": 274, "uuid": "edec9215-a5ab-440b-99ec-527829a1aa0f", "inat_id": 137241310}}, {"type": "Feature", "geometry": {"type": "Point", "coordinates": [-121.5852511822, 45.3236921678]}, "properties": {"species": "Fomitopsis mounceae", "date": "2022-10-01", "location": "Hood River County, OR, USA", "elevation": 1174.0, "land_cover_label": "Tree cover", "water_mask": false, "exclude_reason": "keep", "ndvi": null, "soil_moisture": null, "solar_exposure": null, "wind_exposure": null, "water_retention": null, "slope": null, "aspect": null, "num_identification_agreements": 1, "cluster": 0, "tavg": null, "tmin": 11.2, "tmax": 23.6, "prcp_d0": 0.0, "prcp_d1": 0.7559247016906738, "prcp_d2": 11.59299659729004, "prcp_d3": 0.2527265846729278, "prcp_d4": 0.0, "prcp_d5": 0.0, "prcp_d6": 0.0, "tmax_d0": 17.0, "tmax_d1": 18.2, "tmax_d2": 13.9, "tmax_d3": 21.8, "tmax_d4": 25.6, "tmax_d5": 24.2, "tmax_d6": 21.9, "tmin_d0": 9.2, "tmin_d1": 6.3, "tmin_d2": 8.2, "tmin_d3": 11.5, "tmin_d4": 12.5, "tmin_d5": 13.6, "tmin_d6": 10.7, "day_of_year": 274, "uuid": "421dcf51-02a2-4133-a2bf-2d64bbdacbdb", "inat_id": 137286822}}, {"type": "Feature", "geometry": {"type": "Point", "coordinates": [-121.6269216667, 45.318005]}, "properties": {"species": "Fomitopsis mounceae", "date": "2022-10-01", "location": "Mt. Hood Park Division Recreation Area, Mount Hood Parkdale, OR, US", "elevation": 1349.0, "land_cover_label": "Tree cover", "water_mask": false, "exclude_reason": "keep", "ndvi": null, "soil_moisture": null, "solar_exposure": null, "wind_exposure": null, "water_retention": null, "slope": null, "aspect": null, "num_identification_agreements": 2, "cluster": 0, "tavg": null, "tmin": 11.2, "tmax": 23.6, "prcp_d0": 0.0, "prcp_d1": 0.8508179783821106, "prcp_d2": 12.786768913269045, "prcp_d3": 0.2914353311061859, "prcp_d4": 0.0, "prcp_d5": 0.0, "prcp_d6": 0.0, "tmax_d0": 15.9, "tmax_d1": 17.2, "tmax_d2": 12.1, "tmax_d3": 19.6, "tmax_d4": 23.7, "tmax_d5": 24.3, "tmax_d6": 21.8, "tmin_d0": 8.4, "tmin_d1": 4.1, "tmin_d2": 7.4, "tmin_d3": 10.2, "tmin_d4": 11.6, "tmin_d5": 12.6, "tmin_d6": 10.5, "day_of_year": 274, "uuid": "3c265bba-683f-4f08-b2c7-61a4803abaef", "inat_id": 137221675}}, {"type": "Feature", "geometry": {"type": "Point", "coordinates": [-121.5855628954, 45.323803678]}, "properties": {"species": "Fomitopsis mounceae", "date": "2022-10-01", "location": "Hood River County, OR, USA", "elevation": 1191.0, "land_cover_label": "Tree cover", "water_mask": false, "exclude_reason": "keep", "ndvi": null, "soil_moisture": null, "solar_exposure": null, "wind_exposure": null, "water_retention": null, "slope": null, "aspect": null, "num_identification_agreements": 2, "cluster": 0, "tavg": null, "tmin": 11.2, "tmax": 23.6, "prcp_d0": 0.0, "prcp_d1": 0.7559247016906738, "prcp_d2": 11.59299659729004, "prcp_d3": 0.2527265846729278, "prcp_d4": 0.0, "prcp_d5": 0.0, "prcp_d6": 0.0, "tmax_d0": 17.0, "tmax_d1": 18.2, "tmax_d2": 13.9, "tmax_d3": 21.8, "tmax_d4": 25.6, "tmax_d5": 24.2, "tmax_d6": 21.9, "tmin_d0": 9.2, "tmin_d1": 6.3, "tmin_d2": 8.2, "tmin_d3": 11.5, "tmin_d4": 12.5, "tmin_d5": 13.6, "tmin_d6": 10.7, "day_of_year": 274, "uuid": "93e3b08d-6cca-410a-bb51-0651e300f342", "inat_id": 137285159}}, {"type": "Feature", "geometry": {"type": "Point", "coordinates": [-122.0250638333, 45.2209133333]}, "properties": {"species": "Fomitopsis mounceae", "date": "2022-10-09", "location": "Forest Service U.S. Department of Agriculture, Estacada, OR, US", "elevation": 1161.0, "land_cover_label": "Tree cover", "water_mask": false, "exclude_reason": "keep", "ndvi": null, "soil_moisture": null, "solar_exposure": null, "wind_exposure": null, "water_retention": null, "slope": null, "aspect": null, "num_identification_agreements": 1, "cluster": 0, "tavg": null, "tmin": 10.0, "tmax": 29.4, "prcp_d0": 0.0, "prcp_d1": 0.0, "prcp_d2": 0.0, "prcp_d3": 0.0, "prcp_d4": 0.0, "prcp_d5": 0.0, "prcp_d6": 0.0, "tmax_d0": 23.7, "tmax_d1": 24.0, "tmax_d2": 24.1, "tmax_d3": 24.4, "tmax_d4": 20.0, "tmax_d5": 21.7, "tmax_d6": 23.8, "tmin_d0": 9.5, "tmin_d1": 10.8, "tmin_d2": 13.3, "tmin_d3": 10.3, "tmin_d4": 6.6, "tmin_d5": 6.4, "tmin_d6": 9.0, "day_of_year": 282, "uuid": "8b6d3a87-beb7-4351-96d7-a4dc5c8c4df5", "inat_id": 138231678}}, {"type": "Feature", "geometry": {"type": "Point", "coordinates": [-122.3054138889, 45.4898472222]}, "properties": {"species": "Fomitopsis mounceae", "date": "2023-01-06", "location": "Gresham, OR 97080, USA", "elevation": 28.0, "land_cover_label": "Tree cover", "water_mask": false, "exclude_reason": "keep", "ndvi": null, "soil_moisture": null, "solar_exposure": null, "wind_exposure": null, "water_retention": null, "slope": null, "aspect": null, "num_identification_agreements": 1, "cluster": 0, "tavg": null, "tmin": 4.4, "tmax": 9.4, "prcp_d0": 0.0, "prcp_d1": 8.700989723205566, "prcp_d2": 5.800659656524658, "prcp_d3": 0.0, "prcp_d4": 5.800659656524658, "prcp_d5": 0.0, "prcp_d6": 0.0, "tmax_d0": 10.9, "tmax_d1": 11.3, "tmax_d2": 5.3, "tmax_d3": 7.8, "tmax_d4": 6.3, "tmax_d5": 8.1, "tmax_d6": 8.4, "tmin_d0": 3.5, "tmin_d1": 2.5, "tmin_d2": 1.4, "tmin_d3": 1.9, "tmin_d4": 1.8, "tmin_d5": 3.8, "tmin_d6": 5.3, "day_of_year": 6, "uuid": "420d39b6-53f7-4eac-b893-84f2a2e926af", "inat_id": 146187804}}, {"type": "Feature", "geometry": {"type": "Point", "coordinates": [-121.7937892, 45.6871635997]}, "properties": {"species": "Fomitopsis mounceae", "date": "2023-01-11", "location": "Cascade Locks, OR 97014, USA", "elevation": 264.0, "land_cover_label": "Tree cover", "water_mask": false, "exclude_reason": "keep", "ndvi": null, "soil_moisture": null, "solar_exposure": null, "wind_exposure": null, "water_retention": null, "slope": null, "aspect": null, "num_identification_agreements": 1, "cluster": 2, "tavg": null, "tmin": 0.0, "tmax": 5.4, "prcp_d0": 6.173441886901856, "prcp_d1": 0.0, "prcp_d2": 8.585678100585938, "prcp_d3": 12.87851619720459, "prcp_d4": 34.34271240234375, "prcp_d5": 0.0, "prcp_d6": 15.433881759643556, "tmax_d0": 5.1, "tmax_d1": 3.2, "tmax_d2": 4.5, "tmax_d3": 6.3, "tmax_d4": 4.6, "tmax_d5": 4.3, "tmax_d6": 3.8, "tmin_d0": 0.9, "tmin_d1": -0.1, "tmin_d2": 1.5, "tmin_d3": 2.7, "tmin_d4": 2.9, "tmin_d5": 1.2, "tmin_d6": 0.4, "day_of_year": 11, "uuid": "5d0906c3-cb5a-4f05-9301-0101f36f8305", "inat_id": 146372118}}, {"type": "Feature", "geometry": {"type": "Point", "coordinates": [-121.9429243, 45.2822725997]}, "properties": {"species": "Fomitopsis mounceae", "date": "2023-01-16", "location": "Welches, OR 97067, USA", "elevation": 504.0, "land_cover_label": "Tree cover", "water_mask": false, "exclude_reason": "keep", "ndvi": null, "soil_moisture": null, "solar_exposure": null, "wind_exposure": null, "water_retention": null, "slope": null, "aspect": null, "num_identification_agreements": 1, "cluster": 1, "tavg": null, "tmin": 3.3, "tmax": 10.0, "prcp_d0": 15.13485050201416, "prcp_d1": 13.167064666748049, "prcp_d2": 4.389021396636963, "prcp_d3": 17.55608558654785, "prcp_d4": 21.945106506347656, "prcp_d5": 4.389021396636963, "prcp_d6": 4.134695053100586, "tmax_d0": 5.1, "tmax_d1": 8.0, "tmax_d2": 7.5, "tmax_d3": 9.9, "tmax_d4": 9.7, "tmax_d5": 7.1, "tmax_d6": 6.4, "tmin_d0": 2.7, "tmin_d1": 4.4, "tmin_d2": 4.8, "tmin_d3": 6.7, "tmin_d4": 5.3, "tmin_d5": 2.4, "tmin_d6": 1.7, "day_of_year": 16, "uuid": "ee1faa28-9aa7-4d7c-b462-a66b854b4bec", "inat_id": 146723206}}, {"type": "Feature", "geometry": {"type": "Point", "coordinates": [-122.2004466667, 45.5023083333]}, "properties": {"species": "Fomitopsis mounceae", "date": "2023-01-17", "location": "Corbett, Corbett, OR, US", "elevation": 412.0, "land_cover_label": "Grassland", "water_mask": false, "exclude_reason": "keep", "ndvi": null, "soil_moisture": null, "solar_exposure": null, "wind_exposure": null, "water_retention": null, "slope": null, "aspect": null, "num_identification_agreements": 1, "cluster": 2, "tavg": null, "tmin": 7.2, "tmax": 10.6, "prcp_d0": 0.0, "prcp_d1": 11.477160453796388, "prcp_d2": 9.474903106689451, "prcp_d3": 4.737451553344727, "prcp_d4": 18.949806213378903, "prcp_d5": 28.42470932006836, "prcp_d6": 4.737451553344727, "tmax_d0": 5.6, "tmax_d1": 5.9, "tmax_d2": 7.7, "tmax_d3": 10.2, "tmax_d4": 10.6, "tmax_d5": 7.7, "tmax_d6": 9.0, "tmin_d0": 2.1, "tmin_d1": 1.0, "tmin_d2": 3.8, "tmin_d3": 5.1, "tmin_d4": 6.4, "tmin_d5": 3.6, "tmin_d6": 1.9, "day_of_year": 17, "uuid": "8d238344-9cdf-450c-a5cc-7a563b9d0d77", "inat_id": 146834237}}, {"type": "Feature", "geometry": {"type": "Point", "coordinates": [-122.2892509861, 45.3215051465]}, "properties": {"species": "Fomitopsis mounceae", "date": "2023-01-23", "location": "Eagle Fern Park, Eagle Creek, OR, US", "elevation": 191.0, "land_cover_label": "Tree cover", "water_mask": false, "exclude_reason": "keep", "ndvi": null, "soil_moisture": null, "solar_exposure": null, "wind_exposure": null, "water_retention": null, "slope": null, "aspect": null, "num_identification_agreements": 2, "cluster": 0, "tavg": null, "tmin": 2.8, "tmax": 9.4, "prcp_d0": 0.0, "prcp_d1": 0.0, "prcp_d2": 0.0, "prcp_d3": 0.0, "prcp_d4": 0.0, "prcp_d5": 13.112278938293455, "prcp_d6": 0.0, "tmax_d0": 8.1, "tmax_d1": 5.1, "tmax_d2": 5.4, "tmax_d3": 6.7, "tmax_d4": 6.0, "tmax_d5": 7.3, "tmax_d6": 7.4, "tmin_d0": -0.2, "tmin_d1": 0.9, "tmin_d2": -1.3, "tmin_d3": -2.6, "tmin_d4": 0.5, "tmin_d5": 3.7, "tmin_d6": 3.9, "day_of_year": 23, "uuid": "ce305603-1425-49b3-ac26-c2e5ac5ca69f", "inat_id": 147220212}}, {"type": "Feature", "geometry": {"type": "Point", "coordinates": [-122.1224555556, 45.402025]}, "properties": {"species": "Fomitopsis mounceae", "date": "2023-01-25", "location": "Sandy, OR 97055, USA", "elevation": 383.0, "land_cover_label": "Tree cover", "water_mask": false, "exclude_reason": "keep", "ndvi": null, "soil_moisture": null, "solar_exposure": null, "wind_exposure": null, "water_retention": null, "slope": null, "aspect": null, "num_identification_agreements": 1, "cluster": 0, "tavg": null, "tmin": 6.1, "tmax": 8.3, "prcp_d0": 0.0, "prcp_d1": 0.0, "prcp_d2": 0.0, "prcp_d3": 0.0, "prcp_d4": 0.0, "prcp_d5": 0.0, "prcp_d6": 0.0, "tmax_d0": 6.0, "tmax_d1": 8.0, "tmax_d2": 6.0, "tmax_d3": 3.0, "tmax_d4": 4.1, "tmax_d5": 6.7, "tmax_d6": 4.1, "tmin_d0": 3.0, "tmin_d1": -1.5, "tmin_d2": -0.3, "tmin_d3": 0.0, "tmin_d4": -2.3, "tmin_d5": -3.5, "tmin_d6": 0.3, "day_of_year": 25, "uuid": "23cdb908-89bb-4af7-97f5-1bc5b7733d44", "inat_id": 147434002}}, {"type": "Feature", "geometry": {"type": "Point", "coordinates": [-122.1226195, 45.4020633333]}, "properties": {"species": "Fomitopsis mounceae", "date": "2023-01-25", "location": "Audubon Society Of Portland Sanctuaries, Sandy, OR, US", "elevation": 366.0, "land_cover_label": "Tree cover", "water_mask": false, "exclude_reason": "keep", "ndvi": null, "soil_moisture": null, "solar_exposure": null, "wind_exposure": null, "water_retention": null, "slope": null, "aspect": null, "num_identification_agreements": 2, "cluster": 0, "tavg": null, "tmin": 6.1, "tmax": 8.3, "prcp_d0": 0.0, "prcp_d1": 0.0, "prcp_d2": 0.0, "prcp_d3": 0.0, "prcp_d4": 0.0, "prcp_d5": 0.0, "prcp_d6": 0.0, "tmax_d0": 5.8, "tmax_d1": 7.8, "tmax_d2": 5.8, "tmax_d3": 2.9, "tmax_d4": 4.0, "tmax_d5": 6.5, "tmax_d6": 3.9, "tmin_d0": 2.9, "tmin_d1": -1.7, "tmin_d2": -0.5, "tmin_d3": -0.1, "tmin_d4": -2.4, "tmin_d5": -3.6, "tmin_d6": 0.2, "day_of_year": 25, "uuid": "a8d03a05-db82-4ac0-882c-8928c53505e5", "inat_id": 147376618}}, {"type": "Feature", "geometry": {"type": "Point", "coordinates": [-122.2859583333, 45.4957916667]}, "properties": {"species": "Fomitopsis mounceae", "date": "2023-02-08", "location": "Oxbow Regional Park, Gresham, OR, US", "elevation": 98.0, "land_cover_label": "Tree cover", "water_mask": false, "exclude_reason": "keep", "ndvi": null, "soil_moisture": null, "solar_exposure": null, "wind_exposure": null, "water_retention": null, "slope": null, "aspect": null, "num_identification_agreements": 2, "cluster": 0, "tavg": null, "tmin": 1.1, "tmax": 11.7, "prcp_d0": 0.0, "prcp_d1": 0.0, "prcp_d2": 0.0, "prcp_d3": 23.14178466796875, "prcp_d4": 7.713927745819092, "prcp_d5": 7.713927745819092, "prcp_d6": 0.0, "tmax_d0": 8.6, "tmax_d1": 8.7, "tmax_d2": 8.4, "tmax_d3": 9.2, "tmax_d4": 9.9, "tmax_d5": 9.4, "tmax_d6": 8.9, "tmin_d0": 1.4, "tmin_d1": 4.6, "tmin_d2": 3.7, "tmin_d3": 5.4, "tmin_d4": 5.8, "tmin_d5": 1.5, "tmin_d6": -4.7, "day_of_year": 39, "uuid": "19d2fb21-8964-4dfe-af41-f11e4b508961", "inat_id": 148395214}}, {"type": "Feature", "geometry": {"type": "Point", "coordinates": [-122.069388887, 45.6121482772]}, "properties": {"species": "Fomitopsis mounceae", "date": "2023-02-12", "location": "Columbia River Gorge National Scenic Area - Headquarters, Stevenson, WA, US", "elevation": 78.0, "land_cover_label": "Tree cover", "water_mask": false, "exclude_reason": "keep", "ndvi": null, "soil_moisture": null, "solar_exposure": null, "wind_exposure": null, "water_retention": null, "slope": null, "aspect": null, "num_identification_agreements": 1, "cluster": 0, "tavg": null, "tmin": 0.6, "tmax": 11.7, "prcp_d0": 0.0, "prcp_d1": 0.0, "prcp_d2": 0.0, "prcp_d3": 0.0, "prcp_d4": 0.0, "prcp_d5": 0.0, "prcp_d6": 0.0, "tmax_d0": 11.5, "tmax_d1": 11.3, "tmax_d2": 11.5, "tmax_d3": 11.4, "tmax_d4": 8.3, "tmax_d5": 7.9, "tmax_d6": 7.3, "tmin_d0": 3.0, "tmin_d1": 1.6, "tmin_d2": 2.9, "tmin_d3": 2.4, "tmin_d4": 2.5, "tmin_d5": 2.0, "tmin_d6": 4.4, "day_of_year": 43, "uuid": "51be90b5-3fe9-4cc0-aa1a-96037723ff68", "inat_id": 148875807}}, {"type": "Feature", "geometry": {"type": "Point", "coordinates": [-122.376125, 45.3071527778]}, "properties": {"species": "Fomitopsis mounceae", "date": "2023-02-17", "location": "Estacada, OR 97023, USA", "elevation": 93.0, "land_cover_label": "Tree cover", "water_mask": false, "exclude_reason": "keep", "ndvi": null, "soil_moisture": null, "solar_exposure": null, "wind_exposure": null, "water_retention": null, "slope": null, "aspect": null, "num_identification_agreements": 1, "cluster": 0, "tavg": null, "tmin": 3.3, "tmax": 11.7, "prcp_d0": 0.0, "prcp_d1": 0.0, "prcp_d2": 0.0, "prcp_d3": 0.0, "prcp_d4": 0.0, "prcp_d5": 0.0, "prcp_d6": 0.0, "tmax_d0": 10.7, "tmax_d1": 8.7, "tmax_d2": 4.0, "tmax_d3": 3.9, "tmax_d4": 11.4, "tmax_d5": 12.4, "tmax_d6": 11.0, "tmin_d0": -1.0, "tmin_d1": -4.7, "tmin_d2": -8.0, "tmin_d3": -0.2, "tmin_d4": 3.5, "tmin_d5": 0.8, "tmin_d6": 2.9, "day_of_year": 48, "uuid": "d228082f-9efa-438e-a9b4-572e003af45d", "inat_id": 149060138}}, {"type": "Feature", "geometry": {"type": "Point", "coordinates": [-121.9652644917, 45.635466959]}, "properties": {"species": "Fomitopsis mounceae", "date": "2023-03-22", "location": "North Bonneville, WA 98639, USA", "elevation": 10.0, "land_cover_label": "Grassland", "water_mask": false, "exclude_reason": "keep", "ndvi": null, "soil_moisture": null, "solar_exposure": null, "wind_exposure": null, "water_retention": null, "slope": null, "aspect": null, "num_identification_agreements": 1, "cluster": 0, "tavg": null, "tmin": 0.7, "tmax": 15.1, "prcp_d0": 0.0, "prcp_d1": 0.0, "prcp_d2": 0.0, "prcp_d3": 0.0, "prcp_d4": 0.0, "prcp_d5": 0.0, "prcp_d6": 0.0, "tmax_d0": 17.1, "tmax_d1": 13.9, "tmax_d2": 10.5, "tmax_d3": 16.4, "tmax_d4": 15.9, "tmax_d5": 13.2, "tmax_d6": 11.8, "tmin_d0": 2.0, "tmin_d1": 3.9, "tmin_d2": 5.5, "tmin_d3": 4.7, "tmin_d4": 2.2, "tmin_d5": 0.4, "tmin_d6": -1.6, "day_of_year": 81, "uuid": "092fc30f-d387-498e-ae41-9f0838564932", "inat_id": 152128962}}, {"type": "Feature", "geometry": {"type": "Point", "coordinates": [-122.1226583333, 45.5684383333]}, "properties": {"species": "Fomitopsis mounceae", "date": "2023-04-05", "location": "Benson State Park, Corbett, OR, US", "elevation": 441.0, "land_cover_label": "Tree cover", "water_mask": false, "exclude_reason": "keep", "ndvi": null, "soil_moisture": null, "solar_exposure": null, "wind_exposure": null, "water_retention": null, "slope": null, "aspect": null, "num_identification_agreements": 1, "cluster": 2, "tavg": null, "tmin": 3.3, "tmax": 12.2, "prcp_d0": 0.0, "prcp_d1": 0.0, "prcp_d2": 0.0, "prcp_d3": 0.0, "prcp_d4": 58.01895904541016, "prcp_d5": 0.0, "prcp_d6": 0.0, "tmax_d0": 6.9, "tmax_d1": 4.7, "tmax_d2": 4.3, "tmax_d3": 3.1, "tmax_d4": 4.0, "tmax_d5": 5.2, "tmax_d6": 9.0, "tmin_d0": -0.4, "tmin_d1": -0.9, "tmin_d2": -1.6, "tmin_d3": -0.4, "tmin_d4": 0.6, "tmin_d5": 1.5, "tmin_d6": 2.6, "day_of_year": 95, "uuid": "bfc291e3-fbe3-4ca0-9dab-7d9704877b22", "inat_id": 153952855}}, {"type": "Feature", "geometry": {"type": "Point", "coordinates": [-121.9327783333, 45.344395]}, "properties": {"species": "Fomitopsis mounceae", "date": "2023-04-11", "location": "E Hofeldt Rd, Rhododendron, OR, US", "elevation": 459.0, "land_cover_label": "Tree cover", "water_mask": false, "exclude_reason": "keep", "ndvi": null, "soil_moisture": null, "solar_exposure": null, "wind_exposure": null, "water_retention": null, "slope": null, "aspect": null, "num_identification_agreements": 1, "cluster": 1, "tavg": null, "tmin": 6.1, "tmax": 10.6, "prcp_d0": 0.0, "prcp_d1": 12.31027126312256, "prcp_d2": 12.31027126312256, "prcp_d3": 12.31027126312256, "prcp_d4": 61.55135726928711, "prcp_d5": 0.0, "prcp_d6": 0.0, "tmax_d0": 7.8, "tmax_d1": 9.5, "tmax_d2": 10.4, "tmax_d3": 10.2, "tmax_d4": 10.1, "tmax_d5": 10.0, "tmax_d6": 7.4, "tmin_d0": 1.8, "tmin_d1": 5.7, "tmin_d2": 4.8, "tmin_d3": 2.1, "tmin_d4": 4.8, "tmin_d5": 3.5, "tmin_d6": -2.1, "day_of_year": 101, "uuid": "69beb85b-b576-446d-b335-cb48f62020fe", "inat_id": 154495013}}, {"type": "Feature", "geometry": {"type": "Point", "coordinates": [-122.30555, 45.4898716667]}, "properties": {"species": "Fomitopsis mounceae", "date": "2023-04-13", "location": "Oxbow Regional Park, Gresham, OR, US", "elevation": 28.0, "land_cover_label": "Tree cover", "water_mask": false, "exclude_reason": "keep", "ndvi": null, "soil_moisture": null, "solar_exposure": null, "wind_exposure": null, "water_retention": null, "slope": null, "aspect": null, "num_identification_agreements": 1, "cluster": 2, "tavg": null, "tmin": 4.4, "tmax": 13.9, "prcp_d0": 0.0, "prcp_d1": 0.0, "prcp_d2": 0.0, "prcp_d3": 0.0, "prcp_d4": 0.0, "prcp_d5": 0.0, "prcp_d6": 77.12655639648438, "tmax_d0": 10.8, "tmax_d1": 9.5, "tmax_d2": 9.8, "tmax_d3": 12.3, "tmax_d4": 12.6, "tmax_d5": 13.3, "tmax_d6": 12.8, "tmin_d0": 1.4, "tmin_d1": 2.6, "tmin_d2": 4.9, "tmin_d3": 8.6, "tmin_d4": 8.1, "tmin_d5": 4.3, "tmin_d6": 7.0, "day_of_year": 103, "uuid": "0b57a76e-4929-4471-a54a-d27e1d1b29bd", "inat_id": 154784679}}, {"type": "Feature", "geometry": {"type": "Point", "coordinates": [-122.30243, 45.4898769997]}, "properties": {"species": "Fomitopsis mounceae", "date": "2023-04-15", "location": "Gresham, OR 97080, USA", "elevation": 27.0, "land_cover_label": "Tree cover", "water_mask": false, "exclude_reason": "keep", "ndvi": null, "soil_moisture": null, "solar_exposure": null, "wind_exposure": null, "water_retention": null, "slope": null, "aspect": null, "num_identification_agreements": 1, "cluster": 0, "tavg": null, "tmin": 2.8, "tmax": 15.0, "prcp_d0": 0.0, "prcp_d1": 0.0, "prcp_d2": 0.0, "prcp_d3": 0.0, "prcp_d4": 0.0, "prcp_d5": 0.0, "prcp_d6": 0.0, "tmax_d0": 13.7, "tmax_d1": 13.2, "tmax_d2": 10.8, "tmax_d3": 9.5, "tmax_d4": 9.7, "tmax_d5": 12.3, "tmax_d6": 12.6, "tmin_d0": 1.3, "tmin_d1": 0.5, "tmin_d2": 1.3, "tmin_d3": 2.5, "tmin_d4": 4.8, "tmin_d5": 8.5, "tmin_d6": 8.1, "day_of_year": 105, "uuid": "63e29402-6346-4b0e-9dd7-c6f2e3dfaba4", "inat_id": 155098283}}, {"type": "Feature", "geometry": {"type": "Point", "coordinates": [-122.30549, 45.4900499]}, "properties": {"species": "Fomitopsis mounceae", "date": "2023-04-15", "location": "Gresham, OR 97080, USA", "elevation": 28.0, "land_cover_label": "Tree cover", "water_mask": false, "exclude_reason": "keep", "ndvi": null, "soil_moisture": null, "solar_exposure": null, "wind_exposure": null, "water_retention": null, "slope": null, "aspect": null, "num_identification_agreements": 1, "cluster": 0, "tavg": null, "tmin": 2.8, "tmax": 15.0, "prcp_d0": 0.0, "prcp_d1": 0.0, "prcp_d2": 0.0, "prcp_d3": 0.0, "prcp_d4": 0.0, "prcp_d5": 0.0, "prcp_d6": 0.0, "tmax_d0": 13.8, "tmax_d1": 13.3, "tmax_d2": 10.9, "tmax_d3": 9.6, "tmax_d4": 9.8, "tmax_d5": 12.4, "tmax_d6": 12.7, "tmin_d0": 1.4, "tmin_d1": 0.6, "tmin_d2": 1.4, "tmin_d3": 2.6, "tmin_d4": 4.9, "tmin_d5": 8.6, "tmin_d6": 8.2, "day_of_year": 105, "uuid": "253fd230-dc6a-43d0-8587-6efa7b21bcf3", "inat_id": 155082710}}, {"type": "Feature", "geometry": {"type": "Point", "coordinates": [-122.13276147, 45.52968345]}, "properties": {"species": "Fomitopsis mounceae", "date": "2023-04-27", "location": "North Sifton - Orchards Area, Orchards, WA 98682, USA", "elevation": 694.0, "land_cover_label": "Tree cover", "water_mask": false, "exclude_reason": "keep", "ndvi": null, "soil_moisture": null, "solar_exposure": null, "wind_exposure": null, "water_retention": null, "slope": null, "aspect": null, "num_identification_agreements": 1, "cluster": 2, "tavg": null, "tmin": 8.9, "tmax": 27.2, "prcp_d0": 0.0, "prcp_d1": 0.0, "prcp_d2": 0.0, "prcp_d3": 0.0, "prcp_d4": 21.748497009277344, "prcp_d5": 0.0, "prcp_d6": 43.49699401855469, "tmax_d0": 21.5, "tmax_d1": 17.9, "tmax_d2": 13.2, "tmax_d3": 7.1, "tmax_d4": 14.2, "tmax_d5": 13.8, "tmax_d6": 8.1, "tmin_d0": 6.9, "tmin_d1": 3.3, "tmin_d2": -0.9, "tmin_d3": 2.6, "tmin_d4": 5.5, "tmin_d5": 4.7, "tmin_d6": 2.3, "day_of_year": 117, "uuid": "48cdbf1a-886a-44f8-8a0e-24ddd320fa73", "inat_id": 156933642}}, {"type": "Feature", "geometry": {"type": "Point", "coordinates": [-122.13307673, 45.52936871]}, "properties": {"species": "Fomitopsis mounceae", "date": "2023-04-27", "location": "Corbett, OR 97019, USA", "elevation": 694.0, "land_cover_label": "Tree cover", "water_mask": false, "exclude_reason": "keep", "ndvi": null, "soil_moisture": null, "solar_exposure": null, "wind_exposure": null, "water_retention": null, "slope": null, "aspect": null, "num_identification_agreements": 1, "cluster": 2, "tavg": null, "tmin": 8.9, "tmax": 27.2, "prcp_d0": 0.0, "prcp_d1": 0.0, "prcp_d2": 0.0, "prcp_d3": 0.0, "prcp_d4": 21.748497009277344, "prcp_d5": 0.0, "prcp_d6": 43.49699401855469, "tmax_d0": 21.5, "tmax_d1": 17.9, "tmax_d2": 13.2, "tmax_d3": 7.1, "tmax_d4": 14.2, "tmax_d5": 13.8, "tmax_d6": 8.1, "tmin_d0": 6.9, "tmin_d1": 3.3, "tmin_d2": -0.9, "tmin_d3": 2.6, "tmin_d4": 5.5, "tmin_d5": 4.7, "tmin_d6": 2.3, "day_of_year": 117, "uuid": "63722de4-4381-4a9f-b3a4-a9fc7fbbde0c", "inat_id": 156924663}}, {"type": "Feature", "geometry": {"type": "Point", "coordinates": [-121.6305466667, 45.6013916667]}, "properties": {"species": "Fomitopsis mounceae", "date": "2023-04-29", "location": "Iowa Dr, Hood River, OR, US", "elevation": 275.0, "land_cover_label": "Tree cover", "water_mask": false, "exclude_reason": "keep", "ndvi": null, "soil_moisture": null, "solar_exposure": null, "wind_exposure": null, "water_retention": null, "slope": null, "aspect": null, "num_identification_agreements": 1, "cluster": 0, "tavg": null, "tmin": 9.6, "tmax": 26.7, "prcp_d0": 0.0, "prcp_d1": 0.0, "prcp_d2": 0.0, "prcp_d3": 0.0, "prcp_d4": 0.0, "prcp_d5": 0.0, "prcp_d6": 0.0, "tmax_d0": 26.0, "tmax_d1": 23.7, "tmax_d2": 23.1, "tmax_d3": 23.8, "tmax_d4": 18.8, "tmax_d5": 12.0, "tmax_d6": 16.7, "tmin_d0": 10.0, "tmin_d1": 8.6, "tmin_d2": 10.7, "tmin_d3": 4.7, "tmin_d4": 3.9, "tmin_d5": 5.5, "tmin_d6": 7.4, "day_of_year": 119, "uuid": "355c6b8b-dae5-43e9-90bf-47d53701d860", "inat_id": 158539561}}, {"type": "Feature", "geometry": {"type": "Point", "coordinates": [-121.5773083333, 45.1282805]}, "properties": {"species": "Fomitopsis mounceae", "date": "2023-05-22", "location": "Mt. Hood National Forest, Maupin, OR, US", "elevation": 1057.0, "land_cover_label": "Tree cover", "water_mask": false, "exclude_reason": "keep", "ndvi": null, "soil_moisture": null, "solar_exposure": null, "wind_exposure": null, "water_retention": null, "slope": null, "aspect": null, "num_identification_agreements": 3, "cluster": 1, "tavg": null, "tmin": null, "tmax": null, "prcp_d0": 0.0, "prcp_d1": 10.287391662597656, "prcp_d2": 19.49639129638672, "prcp_d3": 6.498797416687012, "prcp_d4": 0.0, "prcp_d5": 0.0, "prcp_d6": 0.0, "tmax_d0": 12.2, "tmax_d1": 23.3, "tmax_d2": 26.0, "tmax_d3": 26.0, "tmax_d4": 25.3, "tmax_d5": 24.2, "tmax_d6": 23.3, "tmin_d0": 3.4, "tmin_d1": 10.3, "tmin_d2": 10.5, "tmin_d3": 10.4, "tmin_d4": 11.7, "tmin_d5": 9.1, "tmin_d6": 10.4, "day_of_year": 142, "uuid": "08969aad-5aab-4dc2-8b72-d7835abb8c56", "inat_id": 164364593}}, {"type": "Feature", "geometry": {"type": "Point", "coordinates": [-121.9414966667, 45.2930033333]}, "properties": {"species": "Fomitopsis mounceae", "date": "2023-05-22", "location": "Zigzag Ranger Station, Welches, OR, US", "elevation": 485.0, "land_cover_label": "Tree cover", "water_mask": false, "exclude_reason": "keep", "ndvi": null, "soil_moisture": null, "solar_exposure": null, "wind_exposure": null, "water_retention": null, "slope": null, "aspect": null, "num_identification_agreements": 1, "cluster": 0, "tavg": null, "tmin": 11.1, "tmax": 18.3, "prcp_d0": 0.0, "prcp_d1": 0.0, "prcp_d2": 8.334076881408691, "prcp_d3": 6.971099853515625, "prcp_d4": 0.0, "prcp_d5": 0.0, "prcp_d6": 7.188420295715332, "tmax_d0": 11.8, "tmax_d1": 22.3, "tmax_d2": 23.8, "tmax_d3": 27.0, "tmax_d4": 25.8, "tmax_d5": 26.5, "tmax_d6": 24.6, "tmin_d0": 6.6, "tmin_d1": 11.3, "tmin_d2": 14.5, "tmin_d3": 13.1, "tmin_d4": 12.1, "tmin_d5": 13.2, "tmin_d6": 13.4, "day_of_year": 142, "uuid": "fc1cf725-7e94-4cd4-b219-de9c639992d6", "inat_id": 170575595}}, {"type": "Feature", "geometry": {"type": "Point", "coordinates": [-121.85367, 45.406525]}, "properties": {"species": "Fomitopsis mounceae", "date": "2023-05-25", "location": "Zigzag Ranger Station, Rhododendron, OR, US", "elevation": 868.0, "land_cover_label": "Tree cover", "water_mask": false, "exclude_reason": "keep", "ndvi": null, "soil_moisture": null, "solar_exposure": null, "wind_exposure": null, "water_retention": null, "slope": null, "aspect": null, "num_identification_agreements": 1, "cluster": 0, "tavg": null, "tmin": 8.5, "tmax": 26.3, "prcp_d0": 0.0, "prcp_d1": 0.0, "prcp_d2": 0.0, "prcp_d3": 0.0, "prcp_d4": 0.0, "prcp_d5": 10.675836563110352, "prcp_d6": 0.0, "tmax_d0": 19.5, "tmax_d1": 16.3, "tmax_d2": 12.5, "tmax_d3": 9.6, "tmax_d4": 19.5, "tmax_d5": 22.1, "tmax_d6": 24.8, "tmin_d0": 6.3, "tmin_d1": 3.6, "tmin_d2": 2.4, "tmin_d3": 4.1, "tmin_d4": 8.4, "tmin_d5": 11.7, "tmin_d6": 11.1, "day_of_year": 145, "uuid": "1f7ba158-ae11-4e0d-8080-2e2723bcfeda", "inat_id": 163721750}}, {"type": "Feature", "geometry": {"type": "Point", "coordinates": [-121.7562138889, 45.15065]}, "properties": {"species": "Fomitopsis mounceae", "date": "2023-05-25", "location": "Clackamas County, OR, USA", "elevation": 1011.0, "land_cover_label": "Tree cover", "water_mask": false, "exclude_reason": "keep", "ndvi": null, "soil_moisture": null, "solar_exposure": null, "wind_exposure": null, "water_retention": null, "slope": null, "aspect": null, "num_identification_agreements": 1, "cluster": 0, "tavg": null, "tmin": null, "tmax": null, "prcp_d0": 0.0, "prcp_d1": 0.0, "prcp_d2": 0.0, "prcp_d3": 0.0, "prcp_d4": 0.0, "prcp_d5": 14.061857223510742, "prcp_d6": 0.0, "tmax_d0": 19.4, "tmax_d1": 18.1, "tmax_d2": 13.1, "tmax_d3": 11.7, "tmax_d4": 20.5, "tmax_d5": 23.1, "tmax_d6": 27.1, "tmin_d0": 4.2, "tmin_d1": 1.6, "tmin_d2": 1.9, "tmin_d3": 2.9, "tmin_d4": 8.3, "tmin_d5": 10.7, "tmin_d6": 8.7, "day_of_year": 145, "uuid": "e6fb4250-a5b0-442f-9b57-14ed3340da82", "inat_id": 163943233}}, {"type": "Feature", "geometry": {"type": "Point", "coordinates": [-122.4923798582, 45.0406447341]}, "properties": {"species": "Fomitopsis mounceae", "date": "2023-05-28", "location": "Molalla, OR, US", "elevation": 324.0, "land_cover_label": "Tree cover", "water_mask": false, "exclude_reason": "keep", "ndvi": null, "soil_moisture": null, "solar_exposure": null, "wind_exposure": null, "water_retention": null, "slope": null, "aspect": null, "num_identification_agreements": 1, "cluster": 0, "tavg": null, "tmin": 8.3, "tmax": 22.2, "prcp_d0": 0.0, "prcp_d1": 0.0, "prcp_d2": 0.0, "prcp_d3": 0.0, "prcp_d4": 0.0, "prcp_d5": 0.0, "prcp_d6": 0.0, "tmax_d0": 20.8, "tmax_d1": 25.1, "tmax_d2": 25.1, "tmax_d3": 24.1, "tmax_d4": 19.5, "tmax_d5": 16.4, "tmax_d6": 14.7, "tmin_d0": 7.7, "tmin_d1": 11.7, "tmin_d2": 10.6, "tmin_d3": 9.0, "tmin_d4": 7.2, "tmin_d5": 7.4, "tmin_d6": 8.1, "day_of_year": 148, "uuid": "4b7544c5-73bd-434d-9c0e-ae80292e77fc", "inat_id": 164337055}}, {"type": "Feature", "geometry": {"type": "Point", "coordinates": [-121.5719289333, 45.3982199689]}, "properties": {"species": "Fomitopsis mounceae", "date": "2023-06-01", "location": "Location: 45.398220, -121.571929", "elevation": 938.0, "land_cover_label": "Tree cover", "water_mask": false, "exclude_reason": "keep", "ndvi": null, "soil_moisture": null, "solar_exposure": null, "wind_exposure": null, "water_retention": null, "slope": null, "aspect": null, "num_identification_agreements": 1, "cluster": 0, "tavg": null, "tmin": 8.1, "tmax": 22.6, "prcp_d0": 0.0, "prcp_d1": 0.0, "prcp_d2": 0.0, "prcp_d3": 0.0, "prcp_d4": 0.0, "prcp_d5": 0.0, "prcp_d6": 0.0, "tmax_d0": 15.7, "tmax_d1": 13.4, "tmax_d2": 18.1, "tmax_d3": 20.5, "tmax_d4": 20.4, "tmax_d5": 17.1, "tmax_d6": 19.6, "tmin_d0": 3.3, "tmin_d1": 2.6, "tmin_d2": 6.8, "tmin_d3": 7.8, "tmin_d4": 7.8, "tmin_d5": 9.1, "tmin_d6": 10.8, "day_of_year": 152, "uuid": "63aff6c0-344d-4fd6-8b4f-a38baac0b0d3", "inat_id": 165084842}}, {"type": "Feature", "geometry": {"type": "Point", "coordinates": [-121.7723833333, 45.1298471667]}, "properties": {"species": "Fomitopsis mounceae", "date": "2023-06-10", "location": "Zigzag Ranger Station, Estacada, OR, US", "elevation": 1008.0, "land_cover_label": "Tree cover", "water_mask": false, "exclude_reason": "keep", "ndvi": null, "soil_moisture": null, "solar_exposure": null, "wind_exposure": null, "water_retention": null, "slope": null, "aspect": null, "num_identification_agreements": 1, "cluster": 0, "tavg": null, "tmin": null, "tmax": null, "prcp_d0": 0.0, "prcp_d1": 9.664130210876465, "prcp_d2": 0.0, "prcp_d3": 0.0, "prcp_d4": 0.0, "prcp_d5": 7.497178077697754, "prcp_d6": 0.0, "tmax_d0": 18.7, "tmax_d1": 19.6, "tmax_d2": 24.2, "tmax_d3": 26.7, "tmax_d4": 25.9, "tmax_d5": 25.5, "tmax_d6": 20.3, "tmin_d0": 7.8, "tmin_d1": 9.7, "tmin_d2": 9.8, "tmin_d3": 10.5, "tmin_d4": 11.6, "tmin_d5": 6.8, "tmin_d6": 5.5, "day_of_year": 161, "uuid": "0b4bc25f-3bfa-4e9f-985c-658edfdaca5c", "inat_id": 167080034}}, {"type": "Feature", "geometry": {"type": "Point", "coordinates": [-121.8518027778, 45.5781305556]}, "properties": {"species": "Fomitopsis mounceae", "date": "2023-06-19", "location": "Cascade Locks, OR 97014, USA", "elevation": 441.0, "land_cover_label": "Tree cover", "water_mask": false, "exclude_reason": "keep", "ndvi": null, "soil_moisture": null, "solar_exposure": null, "wind_exposure": null, "water_retention": null, "slope": null, "aspect": null, "num_identification_agreements": 1, "cluster": 0, "tavg": null, "tmin": 7.9, "tmax": 15.3, "prcp_d0": 0.0, "prcp_d1": 0.0, "prcp_d2": 0.0, "prcp_d3": 0.0, "prcp_d4": 0.0, "prcp_d5": 0.0, "prcp_d6": 0.0, "tmax_d0": 11.6, "tmax_d1": 13.2, "tmax_d2": 21.4, "tmax_d3": 23.1, "tmax_d4": 20.7, "tmax_d5": 18.1, "tmax_d6": 26.7, "tmin_d0": 5.7, "tmin_d1": 7.1, "tmin_d2": 11.7, "tmin_d3": 9.9, "tmin_d4": 8.0, "tmin_d5": 8.5, "tmin_d6": 13.9, "day_of_year": 170, "uuid": "565043b5-240a-4f6f-9462-897b8ad3c42a", "inat_id": 169663036}}, {"type": "Feature", "geometry": {"type": "Point", "coordinates": [-121.7892616667, 45.6187366667]}, "properties": {"species": "Fomitopsis mounceae", "date": "2023-06-23", "location": "Mt. Hood National Forest, Cascade Locks, OR, US", "elevation": 923.0, "land_cover_label": "Tree cover", "water_mask": false, "exclude_reason": "keep", "ndvi": null, "soil_moisture": null, "solar_exposure": null, "wind_exposure": null, "water_retention": null, "slope": null, "aspect": null, "num_identification_agreements": 1, "cluster": 0, "tavg": null, "tmin": 12.7, "tmax": 27.1, "prcp_d0": 5.969745635986328, "prcp_d1": 0.0, "prcp_d2": 0.0, "prcp_d3": 0.0, "prcp_d4": 0.0, "prcp_d5": 0.0, "prcp_d6": 0.0, "tmax_d0": 22.0, "tmax_d1": 22.1, "tmax_d2": 17.8, "tmax_d3": 11.6, "tmax_d4": 8.5, "tmax_d5": 9.4, "tmax_d6": 18.0, "tmin_d0": 9.4, "tmin_d1": 8.2, "tmin_d2": 4.0, "tmin_d3": 3.9, "tmin_d4": 2.7, "tmin_d5": 3.8, "tmin_d6": 8.9, "day_of_year": 174, "uuid": "69859579-1e40-4bf8-8bec-705c789f9fb2", "inat_id": 169830649}}, {"type": "Feature", "geometry": {"type": "Point", "coordinates": [-121.8169, 45.3138233167]}, "properties": {"species": "Fomitopsis mounceae", "date": "2023-06-25", "location": "Clackamas, Oregon, United States", "elevation": 880.0, "land_cover_label": "Tree cover", "water_mask": false, "exclude_reason": "keep", "ndvi": null, "soil_moisture": null, "solar_exposure": null, "wind_exposure": null, "water_retention": null, "slope": null, "aspect": null, "num_identification_agreements": 1, "cluster": 0, "tavg": null, "tmin": 11.7, "tmax": 28.2, "prcp_d0": 0.0, "prcp_d1": 0.0, "prcp_d2": 9.4214506149292, "prcp_d3": 0.0, "prcp_d4": 0.0, "prcp_d5": 0.0, "prcp_d6": 0.0, "tmax_d0": 20.3, "tmax_d1": 20.2, "tmax_d2": 22.0, "tmax_d3": 22.9, "tmax_d4": 18.1, "tmax_d5": 12.1, "tmax_d6": 7.5, "tmin_d0": 8.1, "tmin_d1": 7.5, "tmin_d2": 5.1, "tmin_d3": 4.7, "tmin_d4": 1.9, "tmin_d5": 2.6, "tmin_d6": 2.8, "day_of_year": 176, "uuid": "728125d3-3662-41db-9e53-eef63ea196e8", "inat_id": 169642346}}, {"type": "Feature", "geometry": {"type": "Point", "coordinates": [-121.9382890967, 45.2734641172]}, "properties": {"species": "Fomitopsis mounceae", "date": "2023-07-09", "location": "Clackamas County, US-OR, US", "elevation": 535.0, "land_cover_label": "Tree cover", "water_mask": false, "exclude_reason": "keep", "ndvi": null, "soil_moisture": null, "solar_exposure": null, "wind_exposure": null, "water_retention": null, "slope": null, "aspect": null, "num_identification_agreements": 1, "cluster": 0, "tavg": null, "tmin": 14.4, "tmax": 28.9, "prcp_d0": 0.0, "prcp_d1": 0.0, "prcp_d2": 0.0, "prcp_d3": 0.0, "prcp_d4": 0.0, "prcp_d5": 0.0, "prcp_d6": 0.0, "tmax_d0": 24.4, "tmax_d1": 24.2, "tmax_d2": 26.0, "tmax_d3": 30.9, "tmax_d4": 32.0, "tmax_d5": 31.3, "tmax_d6": 26.1, "tmin_d0": 11.6, "tmin_d1": 10.8, "tmin_d2": 14.1, "tmin_d3": 15.5, "tmin_d4": 14.0, "tmin_d5": 10.7, "tmin_d6": 12.5, "day_of_year": 190, "uuid": "d8dcb631-2446-402a-a103-8d40df718259", "inat_id": 172071703}}, {"type": "Feature", "geometry": {"type": "Point", "coordinates": [-122.1331483, 45.3991394]}, "properties": {"species": "Fomitopsis mounceae", "date": "2023-07-18", "location": "Sandy, OR 97055, USA", "elevation": 255.0, "land_cover_label": "Tree cover", "water_mask": false, "exclude_reason": "keep", "ndvi": null, "soil_moisture": null, "solar_exposure": null, "wind_exposure": null, "water_retention": null, "slope": null, "aspect": null, "num_identification_agreements": 1, "cluster": 0, "tavg": null, "tmin": 12.8, "tmax": 32.2, "prcp_d0": 0.0, "prcp_d1": 0.0, "prcp_d2": 0.0, "prcp_d3": 0.0, "prcp_d4": 0.0, "prcp_d5": 0.0, "prcp_d6": 0.0, "tmax_d0": 28.8, "tmax_d1": 28.9, "tmax_d2": 32.2, "tmax_d3": 33.3, "tmax_d4": 30.4, "tmax_d5": 27.3, "tmax_d6": 27.8, "tmin_d0": 9.0, "tmin_d1": 14.1, "tmin_d2": 15.4, "tmin_d3": 12.5, "tmin_d4": 12.9, "tmin_d5": 13.3, "tmin_d6": 13.6, "day_of_year": 199, "uuid": "3adc0552-e3fc-4531-82c5-9f9616aa7d77", "inat_id": 173687940}}, {"type": "Feature", "geometry": {"type": "Point", "coordinates": [-122.3054111111, 45.4898277778]}, "properties": {"species": "Fomitopsis mounceae", "date": "2023-07-24", "location": "Multnomah County, OR, USA", "elevation": 28.0, "land_cover_label": "Tree cover", "water_mask": false, "exclude_reason": "keep", "ndvi": null, "soil_moisture": null, "solar_exposure": null, "wind_exposure": null, "water_retention": null, "slope": null, "aspect": null, "num_identification_agreements": 1, "cluster": 0, "tavg": null, "tmin": 14.4, "tmax": 25.6, "prcp_d0": 0.0, "prcp_d1": 0.0, "prcp_d2": 0.0, "prcp_d3": 0.0, "prcp_d4": 0.0, "prcp_d5": 0.0, "prcp_d6": 0.0, "tmax_d0": 29.0, "tmax_d1": 30.2, "tmax_d2": 30.6, "tmax_d3": 29.9, "tmax_d4": 34.0, "tmax_d5": 35.2, "tmax_d6": 30.1, "tmin_d0": 14.2, "tmin_d1": 15.2, "tmin_d2": 16.5, "tmin_d3": 14.3, "tmin_d4": 16.0, "tmin_d5": 12.8, "tmin_d6": 13.1, "day_of_year": 205, "uuid": "81b8f79d-64ef-4f54-a913-b10b2526d210", "inat_id": 174894886}}, {"type": "Feature", "geometry": {"type": "Point", "coordinates": [-121.5699694444, 45.339275]}, "properties": {"species": "Fomitopsis mounceae", "date": "2023-07-24", "location": "Hood River County, OR, USA", "elevation": 1132.0, "land_cover_label": "Tree cover", "water_mask": false, "exclude_reason": "keep", "ndvi": null, "soil_moisture": null, "solar_exposure": null, "wind_exposure": null, "water_retention": null, "slope": null, "aspect": null, "num_identification_agreements": 1, "cluster": 0, "tavg": null, "tmin": 14.1, "tmax": 25.1, "prcp_d0": 0.0, "prcp_d1": 0.0, "prcp_d2": 0.0, "prcp_d3": 0.0, "prcp_d4": 0.0, "prcp_d5": 0.0, "prcp_d6": 0.0, "tmax_d0": 26.8, "tmax_d1": 29.1, "tmax_d2": 28.5, "tmax_d3": 29.7, "tmax_d4": 30.3, "tmax_d5": 28.5, "tmax_d6": 25.7, "tmin_d0": 10.4, "tmin_d1": 14.1, "tmin_d2": 12.4, "tmin_d3": 12.7, "tmin_d4": 16.4, "tmin_d5": 13.9, "tmin_d6": 10.0, "day_of_year": 205, "uuid": "f9468cd9-8da3-46a7-98cd-bee90f18eccf", "inat_id": 174987381}}, {"type": "Feature", "geometry": {"type": "Point", "coordinates": [-121.9404444444, 45.3025277778]}, "properties": {"species": "Fomitopsis mounceae", "date": "2023-07-29", "location": "Clackamas County, OR, USA", "elevation": 472.0, "land_cover_label": "Tree cover", "water_mask": false, "exclude_reason": "keep", "ndvi": null, "soil_moisture": null, "solar_exposure": null, "wind_exposure": null, "water_retention": null, "slope": null, "aspect": null, "num_identification_agreements": 1, "cluster": 0, "tavg": null, "tmin": 15.6, "tmax": 28.3, "prcp_d0": 0.0, "prcp_d1": 0.0, "prcp_d2": 0.0, "prcp_d3": 0.0, "prcp_d4": 0.0, "prcp_d5": 0.0, "prcp_d6": 0.0, "tmax_d0": 23.7, "tmax_d1": 24.4, "tmax_d2": 23.7, "tmax_d3": 24.1, "tmax_d4": 20.7, "tmax_d5": 25.6, "tmax_d6": 27.3, "tmin_d0": 12.4, "tmin_d1": 12.0, "tmin_d2": 11.3, "tmin_d3": 10.6, "tmin_d4": 15.4, "tmin_d5": 12.4, "tmin_d6": 15.7, "day_of_year": 210, "uuid": "da132c71-7840-4efa-a9b2-c56f748b8c69", "inat_id": 179561690}}, {"type": "Feature", "geometry": {"type": "Point", "coordinates": [-121.6198836979, 45.3231441736]}, "properties": {"species": "Fomitopsis mounceae", "date": "2023-07-30", "location": "Mt. Hood Park Division Recreation Area, Mount Hood Parkdale, OR, US", "elevation": 1329.0, "land_cover_label": "Tree cover", "water_mask": false, "exclude_reason": "keep", "ndvi": null, "soil_moisture": null, "solar_exposure": null, "wind_exposure": null, "water_retention": null, "slope": null, "aspect": null, "num_identification_agreements": 1, "cluster": 0, "tavg": null, "tmin": 12.8, "tmax": 27.9, "prcp_d0": 0.0, "prcp_d1": 0.0, "prcp_d2": 0.0, "prcp_d3": 0.0, "prcp_d4": 0.0, "prcp_d5": 0.0, "prcp_d6": 0.0, "tmax_d0": 19.7, "tmax_d1": 20.8, "tmax_d2": 21.8, "tmax_d3": 19.1, "tmax_d4": 21.4, "tmax_d5": 16.7, "tmax_d6": 22.3, "tmin_d0": 7.5, "tmin_d1": 9.0, "tmin_d2": 7.4, "tmin_d3": 7.5, "tmin_d4": 6.7, "tmin_d5": 10.4, "tmin_d6": 9.5, "day_of_year": 211, "uuid": "031c7924-4543-4e38-a665-9512b40e748f", "inat_id": 175884810}}, {"type": "Feature", "geometry": {"type": "Point", "coordinates": [-121.7545783333, 45.1443361667]}, "properties": {"species": "Fomitopsis mounceae", "date": "2023-08-03", "location": "Zigzag Ranger Station, Estacada, OR, US", "elevation": 1003.0, "land_cover_label": "Tree cover", "water_mask": false, "exclude_reason": "keep", "ndvi": null, "soil_moisture": null, "solar_exposure": null, "wind_exposure": null, "water_retention": null, "slope": null, "aspect": null, "num_identification_agreements": 1, "cluster": 0, "tavg": null, "tmin": null, "tmax": null, "prcp_d0": 0.0, "prcp_d1": 0.0, "prcp_d2": 0.0, "prcp_d3": 0.0, "prcp_d4": 0.0, "prcp_d5": 0.0, "prcp_d6": 0.0, "tmax_d0": 24.5, "tmax_d1": 25.0, "tmax_d2": 25.7, "tmax_d3": 23.5, "tmax_d4": 22.0, "tmax_d5": 22.7, "tmax_d6": 23.0, "tmin_d0": 10.2, "tmin_d1": 9.2, "tmin_d2": 8.3, "tmin_d3": 8.4, "tmin_d4": 8.5, "tmin_d5": 9.5, "tmin_d6": 9.2, "day_of_year": 215, "uuid": "97bee293-a2e2-48b9-811a-f785d1153828", "inat_id": 176626423}}, {"type": "Feature", "geometry": {"type": "Point", "coordinates": [-121.7372286111, 45.2091536111]}, "properties": {"species": "Fomitopsis mounceae", "date": "2023-08-03", "location": "TIMBRLINE LDG, OR 97028, USA", "elevation": 1217.0, "land_cover_label": "Tree cover", "water_mask": false, "exclude_reason": "keep", "ndvi": null, "soil_moisture": null, "solar_exposure": null, "wind_exposure": null, "water_retention": null, "slope": null, "aspect": null, "num_identification_agreements": 1, "cluster": 0, "tavg": null, "tmin": null, "tmax": null, "prcp_d0": 0.0, "prcp_d1": 0.0, "prcp_d2": 0.0, "prcp_d3": 0.0, "prcp_d4": 0.0, "prcp_d5": 0.0, "prcp_d6": 0.0, "tmax_d0": 22.3, "tmax_d1": 22.6, "tmax_d2": 23.5, "tmax_d3": 21.0, "tmax_d4": 19.2, "tmax_d5": 19.7, "tmax_d6": 20.5, "tmin_d0": 10.0, "tmin_d1": 10.3, "tmin_d2": 8.5, "tmin_d3": 7.1, "tmin_d4": 7.8, "tmin_d5": 9.4, "tmin_d6": 8.0, "day_of_year": 215, "uuid": "c868ab35-e777-4de1-9ded-9a3e97ba9369", "inat_id": 197919183}}, {"type": "Feature", "geometry": {"type": "Point", "coordinates": [-121.8432113005, 44.6476373889]}, "properties": {"species": "Fomitopsis mounceae", "date": "2023-08-03", "location": "Willamette National Forest, Idanha, OR, US", "elevation": 1219.0, "land_cover_label": "Tree cover", "water_mask": false, "exclude_reason": "keep", "ndvi": null, "soil_moisture": null, "solar_exposure": null, "wind_exposure": null, "water_retention": null, "slope": null, "aspect": null, "num_identification_agreements": 1, "cluster": 0, "tavg": null, "tmin": null, "tmax": null, "prcp_d0": 0.0, "prcp_d1": 0.0, "prcp_d2": 0.0, "prcp_d3": 0.0, "prcp_d4": 2.5828874111175537, "prcp_d5": 0.0, "prcp_d6": 0.0, "tmax_d0": 25.0, "tmax_d1": 24.9, "tmax_d2": 25.9, "tmax_d3": 23.8, "tmax_d4": 21.6, "tmax_d5": 21.8, "tmax_d6": 22.7, "tmin_d0": 10.8, "tmin_d1": 11.3, "tmin_d2": 9.0, "tmin_d3": 7.9, "tmin_d4": 8.8, "tmin_d5": 10.1, "tmin_d6": 8.4, "day_of_year": 215, "uuid": "d2582327-a8fe-4cf6-8288-796811e604b6", "inat_id": 176485574}}, {"type": "Feature", "geometry": {"type": "Point", "coordinates": [-121.7919722222, 45.313425]}, "properties": {"species": "Fomitopsis mounceae", "date": "2023-08-06", "location": "Clackamas County, OR, USA", "elevation": 1001.0, "land_cover_label": "Tree cover", "water_mask": false, "exclude_reason": "keep", "ndvi": null, "soil_moisture": null, "solar_exposure": null, "wind_exposure": null, "water_retention": null, "slope": null, "aspect": null, "num_identification_agreements": 1, "cluster": 0, "tavg": null, "tmin": 17.9, "tmax": 28.0, "prcp_d0": 0.0, "prcp_d1": 0.0, "prcp_d2": 0.0, "prcp_d3": 0.0, "prcp_d4": 0.0, "prcp_d5": 0.0, "prcp_d6": 0.0, "tmax_d0": 18.5, "tmax_d1": 22.8, "tmax_d2": 23.0, "tmax_d3": 23.2, "tmax_d4": 23.7, "tmax_d5": 24.3, "tmax_d6": 21.9, "tmin_d0": 12.5, "tmin_d1": 13.2, "tmin_d2": 11.7, "tmin_d3": 11.5, "tmin_d4": 14.5, "tmin_d5": 10.8, "tmin_d6": 7.8, "day_of_year": 218, "uuid": "0ad8f938-a18e-4b17-aab1-02cbf5a7323e", "inat_id": 177620879}}, {"type": "Feature", "geometry": {"type": "Point", "coordinates": [-121.6173033333, 45.341305]}, "properties": {"species": "Fomitopsis mounceae", "date": "2023-08-19", "location": "Mt. Hood Park Division Recreation Area, Mount Hood Parkdale, OR, US", "elevation": 1627.0, "land_cover_label": "Tree cover", "water_mask": false, "exclude_reason": "keep", "ndvi": null, "soil_moisture": null, "solar_exposure": null, "wind_exposure": null, "water_retention": null, "slope": null, "aspect": null, "num_identification_agreements": 1, "cluster": 0, "tavg": null, "tmin": 11.6, "tmax": 31.7, "prcp_d0": 0.0, "prcp_d1": 0.0, "prcp_d2": 2.377140760421753, "prcp_d3": 0.0, "prcp_d4": 0.0, "prcp_d5": 0.0, "prcp_d6": 0.0, "tmax_d0": 22.0, "tmax_d1": 21.5, "tmax_d2": 27.8, "tmax_d3": 30.2, "tmax_d4": 30.4, "tmax_d5": 28.4, "tmax_d6": 24.6, "tmin_d0": 8.9, "tmin_d1": 8.7, "tmin_d2": 16.4, "tmin_d3": 14.4, "tmin_d4": 18.1, "tmin_d5": 15.8, "tmin_d6": 12.6, "day_of_year": 231, "uuid": "8e41406d-b3f1-4359-b923-c4448615e427", "inat_id": 179705892}}, {"type": "Feature", "geometry": {"type": "Point", "coordinates": [-122.1338055, 45.3987533333]}, "properties": {"species": "Fomitopsis mounceae", "date": "2023-08-21", "location": "Sandy, OR, US", "elevation": 247.0, "land_cover_label": "Tree cover", "water_mask": false, "exclude_reason": "keep", "ndvi": null, "soil_moisture": null, "solar_exposure": null, "wind_exposure": null, "water_retention": null, "slope": null, "aspect": null, "num_identification_agreements": 1, "cluster": 0, "tavg": null, "tmin": 14.4, "tmax": 28.3, "prcp_d0": 0.0, "prcp_d1": 0.0, "prcp_d2": 0.0, "prcp_d3": 0.0, "prcp_d4": 0.0, "prcp_d5": 0.0, "prcp_d6": 0.0, "tmax_d0": 29.9, "tmax_d1": 33.2, "tmax_d2": 32.3, "tmax_d3": 30.3, "tmax_d4": 36.0, "tmax_d5": 36.8, "tmax_d6": 40.4, "tmin_d0": 12.7, "tmin_d1": 12.8, "tmin_d2": 9.6, "tmin_d3": 14.1, "tmin_d4": 21.2, "tmin_d5": 20.9, "tmin_d6": 19.9, "day_of_year": 233, "uuid": "29068569-c8ed-4853-bce2-dc8a28867b36", "inat_id": 179624310}}, {"type": "Feature", "geometry": {"type": "Point", "coordinates": [-122.1330416667, 45.3987616667]}, "properties": {"species": "Fomitopsis mounceae", "date": "2023-08-21", "location": "Sandy, OR, US", "elevation": 255.0, "land_cover_label": "Tree cover", "water_mask": false, "exclude_reason": "keep", "ndvi": null, "soil_moisture": null, "solar_exposure": null, "wind_exposure": null, "water_retention": null, "slope": null, "aspect": null, "num_identification_agreements": 1, "cluster": 0, "tavg": null, "tmin": 14.4, "tmax": 28.3, "prcp_d0": 0.0, "prcp_d1": 0.0, "prcp_d2": 0.0, "prcp_d3": 0.0, "prcp_d4": 0.0, "prcp_d5": 0.0, "prcp_d6": 0.0, "tmax_d0": 29.8, "tmax_d1": 33.1, "tmax_d2": 32.2, "tmax_d3": 30.3, "tmax_d4": 36.0, "tmax_d5": 36.8, "tmax_d6": 40.3, "tmin_d0": 12.6, "tmin_d1": 12.8, "tmin_d2": 9.6, "tmin_d3": 14.1, "tmin_d4": 21.2, "tmin_d5": 20.8, "tmin_d6": 19.9, "day_of_year": 233, "uuid": "eced1cc4-fe19-4122-b09c-a988f9319a48", "inat_id": 179624246}}, {"type": "Feature", "geometry": {"type": "Point", "coordinates": [-121.944177, 45.347368]}, "properties": {"species": "Fomitopsis mounceae", "date": "2023-09-02", "location": "Welches, oregon", "elevation": 446.0, "land_cover_label": "Tree cover", "water_mask": false, "exclude_reason": "keep", "ndvi": null, "soil_moisture": null, "solar_exposure": null, "wind_exposure": null, "water_retention": null, "slope": null, "aspect": null, "num_identification_agreements": 2, "cluster": 0, "tavg": null, "tmin": 15.6, "tmax": 32.2, "prcp_d0": 0.0, "prcp_d1": 0.0, "prcp_d2": 6.8214263916015625, "prcp_d3": 0.0, "prcp_d4": 0.0, "prcp_d5": 0.0, "prcp_d6": 0.0, "tmax_d0": 27.5, "tmax_d1": 24.3, "tmax_d2": 19.5, "tmax_d3": 20.0, "tmax_d4": 20.0, "tmax_d5": 25.8, "tmax_d6": 29.5, "tmin_d0": 13.8, "tmin_d1": 11.8, "tmin_d2": 12.9, "tmin_d3": 13.3, "tmin_d4": 13.0, "tmin_d5": 14.7, "tmin_d6": 16.9, "day_of_year": 245, "uuid": "5847bb33-12dc-4284-adb9-916e331499d5", "inat_id": 197953162}}, {"type": "Feature", "geometry": {"type": "Point", "coordinates": [-122.493295, 45.0549666667]}, "properties": {"species": "Fomitopsis mounceae", "date": "2023-09-03", "location": "Molalla, OR, US", "elevation": 279.0, "land_cover_label": "Tree cover", "water_mask": false, "exclude_reason": "keep", "ndvi": null, "soil_moisture": null, "solar_exposure": null, "wind_exposure": null, "water_retention": null, "slope": null, "aspect": null, "num_identification_agreements": 1, "cluster": 0, "tavg": null, "tmin": 15.0, "tmax": 21.7, "prcp_d0": 0.0, "prcp_d1": 0.0, "prcp_d2": 0.0, "prcp_d3": 20.64661026000977, "prcp_d4": 0.0, "prcp_d5": 0.0, "prcp_d6": 0.0, "tmax_d0": 22.2, "tmax_d1": 25.7, "tmax_d2": 25.8, "tmax_d3": 22.6, "tmax_d4": 23.6, "tmax_d5": 23.0, "tmax_d6": 27.1, "tmin_d0": 15.0, "tmin_d1": 14.6, "tmin_d2": 14.0, "tmin_d3": 14.5, "tmin_d4": 13.8, "tmin_d5": 14.9, "tmin_d6": 14.5, "day_of_year": 246, "uuid": "65d64d31-8e1d-408f-b4ba-c290ca623810", "inat_id": 181748209}}, {"type": "Feature", "geometry": {"type": "Point", "coordinates": [-122.0575166667, 44.9711033333]}, "properties": {"species": "Fomitopsis mounceae", "date": "2023-09-03", "location": "Mt. Hood National Forest, Estacada, OR, US", "elevation": 550.0, "land_cover_label": "Tree cover", "water_mask": false, "exclude_reason": "keep", "ndvi": null, "soil_moisture": null, "solar_exposure": null, "wind_exposure": null, "water_retention": null, "slope": null, "aspect": null, "num_identification_agreements": 1, "cluster": 0, "tavg": null, "tmin": null, "tmax": null, "prcp_d0": 0.0, "prcp_d1": 0.0, "prcp_d2": 0.0, "prcp_d3": 13.356156349182127, "prcp_d4": 0.0, "prcp_d5": 0.0, "prcp_d6": 0.0, "tmax_d0": 22.8, "tmax_d1": 26.9, "tmax_d2": 21.7, "tmax_d3": 21.2, "tmax_d4": 22.6, "tmax_d5": 23.3, "tmax_d6": 28.2, "tmin_d0": 13.2, "tmin_d1": 11.6, "tmin_d2": 12.1, "tmin_d3": 12.5, "tmin_d4": 12.8, "tmin_d5": 14.1, "tmin_d6": 14.3, "day_of_year": 246, "uuid": "d9a63d92-4f4c-42dc-b4e6-8d263deee271", "inat_id": 186232188}}, {"type": "Feature", "geometry": {"type": "Point", "coordinates": [-121.7774, 45.4177]}, "properties": {"species": "Fomitopsis mounceae", "date": "2023-09-05", "location": "McGee Creek Trail No. 627, Hood River Ranger District, Mount Hood National Forest, Hood River Co., Oregon, USA", "elevation": 1092.0, "land_cover_label": "Tree cover", "water_mask": false, "exclude_reason": "keep", "ndvi": null, "soil_moisture": null, "solar_exposure": null, "wind_exposure": null, "water_retention": null, "slope": null, "aspect": null, "num_identification_agreements": 1, "cluster": 0, "tavg": null, "tmin": 11.6, "tmax": 22.4, "prcp_d0": 0.0, "prcp_d1": 0.0, "prcp_d2": 0.0, "prcp_d3": 0.0, "prcp_d4": 0.0, "prcp_d5": 19.19584274291992, "prcp_d6": 0.0, "tmax_d0": 15.1, "tmax_d1": 12.4, "tmax_d2": 21.1, "tmax_d3": 23.1, "tmax_d4": 19.0, "tmax_d5": 15.2, "tmax_d6": 15.8, "tmin_d0": 4.2, "tmin_d1": 6.7, "tmin_d2": 9.5, "tmin_d3": 10.2, "tmin_d4": 8.1, "tmin_d5": 9.6, "tmin_d6": 9.4, "day_of_year": 248, "uuid": "b92a85b6-56e5-430f-8ac9-7d4723b0864c", "inat_id": 182723222}}, {"type": "Feature", "geometry": {"type": "Point", "coordinates": [-122.3061450943, 45.5011429784]}, "properties": {"species": "Fomitopsis mounceae", "date": "2023-09-08", "location": "Gresham, OR 97080, USA", "elevation": 48.0, "land_cover_label": "Tree cover", "water_mask": false, "exclude_reason": "keep", "ndvi": null, "soil_moisture": null, "solar_exposure": null, "wind_exposure": null, "water_retention": null, "slope": null, "aspect": null, "num_identification_agreements": 1, "cluster": 0, "tavg": null, "tmin": 12.2, "tmax": 26.7, "prcp_d0": 0.0, "prcp_d1": 0.0, "prcp_d2": 0.0, "prcp_d3": 0.0, "prcp_d4": 0.0, "prcp_d5": 0.0, "prcp_d6": 0.0, "tmax_d0": 25.0, "tmax_d1": 23.7, "tmax_d2": 23.9, "tmax_d3": 21.5, "tmax_d4": 21.3, "tmax_d5": 25.2, "tmax_d6": 29.4, "tmin_d0": 9.7, "tmin_d1": 13.5, "tmin_d2": 8.6, "tmin_d3": 10.7, "tmin_d4": 12.6, "tmin_d5": 15.4, "tmin_d6": 14.3, "day_of_year": 251, "uuid": "3e89c127-b478-450c-9455-8f89e34a39cd", "inat_id": 182379847}}, {"type": "Feature", "geometry": {"type": "Point", "coordinates": [-122.2974083333, 45.4879283333]}, "properties": {"species": "Fomitopsis mounceae", "date": "2023-09-23", "location": "Oxbow Regional Park, Gresham, OR, US", "elevation": 78.0, "land_cover_label": "Tree cover", "water_mask": false, "exclude_reason": "keep", "ndvi": null, "soil_moisture": null, "solar_exposure": null, "wind_exposure": null, "water_retention": null, "slope": null, "aspect": null, "num_identification_agreements": 2, "cluster": 0, "tavg": null, "tmin": 13.3, "tmax": 21.1, "prcp_d0": 0.0, "prcp_d1": 0.0, "prcp_d2": 0.0, "prcp_d3": 0.0, "prcp_d4": 0.0, "prcp_d5": 0.0, "prcp_d6": 0.0, "tmax_d0": 22.8, "tmax_d1": 23.5, "tmax_d2": 21.4, "tmax_d3": 21.4, "tmax_d4": 20.1, "tmax_d5": 21.1, "tmax_d6": 27.6, "tmin_d0": 11.5, "tmin_d1": 8.5, "tmin_d2": 4.9, "tmin_d3": 11.0, "tmin_d4": 7.7, "tmin_d5": 12.7, "tmin_d6": 9.5, "day_of_year": 266, "uuid": "df12788a-6db6-475b-ba83-a926bf2c44a9", "inat_id": 184729432}}, {"type": "Feature", "geometry": {"type": "Point", "coordinates": [-121.8298633333, 45.5250083333]}, "properties": {"species": "Fomitopsis mounceae", "date": "2023-10-02", "location": "Hood River County, US-OR, US", "elevation": 670.0, "land_cover_label": "Tree cover", "water_mask": false, "exclude_reason": "keep", "ndvi": null, "soil_moisture": null, "solar_exposure": null, "wind_exposure": null, "water_retention": null, "slope": null, "aspect": null, "num_identification_agreements": 1, "cluster": 0, "tavg": null, "tmin": 9.7, "tmax": 15.0, "prcp_d0": 0.0, "prcp_d1": 0.0, "prcp_d2": 0.0, "prcp_d3": 0.0, "prcp_d4": 0.0, "prcp_d5": 0.0, "prcp_d6": 0.0, "tmax_d0": 13.7, "tmax_d1": 15.9, "tmax_d2": 15.4, "tmax_d3": 11.6, "tmax_d4": 11.6, "tmax_d5": 11.6, "tmax_d6": 13.6, "tmin_d0": 8.1, "tmin_d1": 4.8, "tmin_d2": 6.3, "tmin_d3": 8.6, "tmin_d4": 8.4, "tmin_d5": 8.2, "tmin_d6": 7.6, "day_of_year": 275, "uuid": "162bc3df-45e7-496e-95c5-a512d9eb7c55", "inat_id": 186211955}}, {"type": "Feature", "geometry": {"type": "Point", "coordinates": [-121.9758788579, 45.3203929501]}, "properties": {"species": "Fomitopsis mounceae", "date": "2023-10-06", "location": "Zigzag Ranger Station, Welches, OR, US", "elevation": 853.0, "land_cover_label": "Tree cover", "water_mask": false, "exclude_reason": "keep", "ndvi": null, "soil_moisture": null, "solar_exposure": null, "wind_exposure": null, "water_retention": null, "slope": null, "aspect": null, "num_identification_agreements": 2, "cluster": 0, "tavg": null, "tmin": 20.6, "tmax": 27.8, "prcp_d0": 0.0, "prcp_d1": 0.0, "prcp_d2": 0.0, "prcp_d3": 0.0, "prcp_d4": 0.0, "prcp_d5": 0.0, "prcp_d6": 0.0, "tmax_d0": 23.2, "tmax_d1": 25.6, "tmax_d2": 14.9, "tmax_d3": 11.5, "tmax_d4": 12.0, "tmax_d5": 14.3, "tmax_d6": 14.0, "tmin_d0": 13.2, "tmin_d1": 6.5, "tmin_d2": 6.3, "tmin_d3": 9.4, "tmin_d4": 5.2, "tmin_d5": -0.8, "tmin_d6": 3.3, "day_of_year": 279, "uuid": "4d98ab40-f545-4426-bcd9-155eb8b44256", "inat_id": 186498530}}, {"type": "Feature", "geometry": {"type": "Point", "coordinates": [-121.7822102922, 45.4951558333]}, "properties": {"species": "Fomitopsis mounceae", "date": "2023-10-06", "location": "Mt. Hood National Forest, Mount Hood Parkdale, OR, US", "elevation": 1094.0, "land_cover_label": "Tree cover", "water_mask": false, "exclude_reason": "keep", "ndvi": null, "soil_moisture": null, "solar_exposure": null, "wind_exposure": null, "water_retention": null, "slope": null, "aspect": null, "num_identification_agreements": 1, "cluster": 0, "tavg": null, "tmin": 10.5, "tmax": 23.6, "prcp_d0": 0.0, "prcp_d1": 0.0, "prcp_d2": 0.0, "prcp_d3": 0.0, "prcp_d4": 0.0, "prcp_d5": 0.0, "prcp_d6": 0.0, "tmax_d0": 18.5, "tmax_d1": 19.8, "tmax_d2": 16.6, "tmax_d3": 11.6, "tmax_d4": 11.4, "tmax_d5": 14.2, "tmax_d6": 12.7, "tmin_d0": 11.9, "tmin_d1": 8.9, "tmin_d2": 6.5, "tmin_d3": 8.9, "tmin_d4": 5.3, "tmin_d5": 2.0, "tmin_d6": 2.8, "day_of_year": 279, "uuid": "12a7fe60-a9d0-4ecd-8667-618d35522e55", "inat_id": 186960871}}, {"type": "Feature", "geometry": {"type": "Point", "coordinates": [-121.9761733178, 45.2521991748]}, "properties": {"species": "Fomitopsis mounceae", "date": "2023-10-13", "location": "Zigzag Ranger Station, Government Camp, OR, US", "elevation": 842.0, "land_cover_label": "Tree cover", "water_mask": false, "exclude_reason": "keep", "ndvi": null, "soil_moisture": null, "solar_exposure": null, "wind_exposure": null, "water_retention": null, "slope": null, "aspect": null, "num_identification_agreements": 1, "cluster": 0, "tavg": null, "tmin": 13.9, "tmax": 19.4, "prcp_d0": 0.0, "prcp_d1": 0.0, "prcp_d2": 0.0, "prcp_d3": 0.0, "prcp_d4": 20.59598922729492, "prcp_d5": 0.0, "prcp_d6": 0.0, "tmax_d0": 16.4, "tmax_d1": 14.4, "tmax_d2": 10.5, "tmax_d3": 12.2, "tmax_d4": 21.0, "tmax_d5": 23.9, "tmax_d6": 23.8, "tmin_d0": 7.6, "tmin_d1": 6.8, "tmin_d2": 5.9, "tmin_d3": 7.5, "tmin_d4": 10.0, "tmin_d5": 9.8, "tmin_d6": 13.5, "day_of_year": 286, "uuid": "af6c9cb4-e074-4aec-8e7d-6e33bb822658", "inat_id": 195767442}}, {"type": "Feature", "geometry": {"type": "Point", "coordinates": [-122.0430528333, 45.3825916667]}, "properties": {"species": "Fomitopsis mounceae", "date": "2023-10-15", "location": "Barlow Wayside Park, Sandy, OR, US", "elevation": 308.0, "land_cover_label": "Tree cover", "water_mask": false, "exclude_reason": "keep", "ndvi": null, "soil_moisture": null, "solar_exposure": null, "wind_exposure": null, "water_retention": null, "slope": null, "aspect": null, "num_identification_agreements": 1, "cluster": 0, "tavg": null, "tmin": 14.4, "tmax": 22.2, "prcp_d0": 0.0, "prcp_d1": 0.0, "prcp_d2": 0.0, "prcp_d3": 0.0, "prcp_d4": 0.0, "prcp_d5": 0.0, "prcp_d6": 26.96180534362793, "tmax_d0": 21.9, "tmax_d1": 16.9, "tmax_d2": 21.6, "tmax_d3": 19.7, "tmax_d4": 14.6, "tmax_d5": 15.2, "tmax_d6": 22.9, "tmin_d0": 10.5, "tmin_d1": 9.9, "tmin_d2": 12.1, "tmin_d3": 9.9, "tmin_d4": 9.0, "tmin_d5": 10.2, "tmin_d6": 11.9, "day_of_year": 288, "uuid": "f61c9ad2-8b0d-41a1-a524-2c481232cd49", "inat_id": 187709808}}, {"type": "Feature", "geometry": {"type": "Point", "coordinates": [-122.1195055, 45.5625883333]}, "properties": {"species": "Fomitopsis mounceae", "date": "2023-10-22", "location": "Zigzag Ranger Station, Corbett, OR, US", "elevation": 611.0, "land_cover_label": "Tree cover", "water_mask": false, "exclude_reason": "keep", "ndvi": null, "soil_moisture": null, "solar_exposure": null, "wind_exposure": null, "water_retention": null, "slope": null, "aspect": null, "num_identification_agreements": 2, "cluster": 0, "tavg": null, "tmin": 12.8, "tmax": 17.2, "prcp_d0": 0.0, "prcp_d1": 0.0, "prcp_d2": 0.0, "prcp_d3": 0.0, "prcp_d4": 0.0, "prcp_d5": 0.0, "prcp_d6": 31.456504821777344, "tmax_d0": 13.8, "tmax_d1": 16.4, "tmax_d2": 18.5, "tmax_d3": 19.8, "tmax_d4": 22.4, "tmax_d5": 16.1, "tmax_d6": 15.7, "tmin_d0": 8.9, "tmin_d1": 7.6, "tmin_d2": 8.8, "tmin_d3": 10.2, "tmin_d4": 5.1, "tmin_d5": 8.9, "tmin_d6": 10.6, "day_of_year": 295, "uuid": "8ec1d98d-695a-4396-954c-5748b3bdbdbb", "inat_id": 189518471}}, {"type": "Feature", "geometry": {"type": "Point", "coordinates": [-122.0167482, 45.3762302]}, "properties": {"species": "Fomitopsis mounceae", "date": "2023-10-30", "location": "E Rufus Ridge Ln, Brightwood, OR, US", "elevation": 356.0, "land_cover_label": "Tree cover", "water_mask": false, "exclude_reason": "keep", "ndvi": null, "soil_moisture": null, "solar_exposure": null, "wind_exposure": null, "water_retention": null, "slope": null, "aspect": null, "num_identification_agreements": 2, "cluster": 2, "tavg": null, "tmin": 6.1, "tmax": 13.3, "prcp_d0": 0.0, "prcp_d1": 0.0, "prcp_d2": 0.0, "prcp_d3": 0.0, "prcp_d4": 0.0, "prcp_d5": 16.76865005493164, "prcp_d6": 33.53730010986328, "tmax_d0": 16.4, "tmax_d1": 14.9, "tmax_d2": 11.9, "tmax_d3": 11.1, "tmax_d4": 8.2, "tmax_d5": 6.9, "tmax_d6": 10.0, "tmin_d0": 4.9, "tmin_d1": 2.7, "tmin_d2": -0.6, "tmin_d3": -1.3, "tmin_d4": 4.6, "tmin_d5": 4.4, "tmin_d6": 6.5, "day_of_year": 303, "uuid": "c3d5f27c-0490-49ea-ab5d-4972ab6ddbf7", "inat_id": 205605464}}, {"type": "Feature", "geometry": {"type": "Point", "coordinates": [-121.579925, 45.1432]}, "properties": {"species": "Fomitopsis mounceae", "date": "2023-11-03", "location": "Mt. Hood National Forest, Maupin, OR, US", "elevation": 961.0, "land_cover_label": "Tree cover", "water_mask": false, "exclude_reason": "keep", "ndvi": null, "soil_moisture": null, "solar_exposure": null, "wind_exposure": null, "water_retention": null, "slope": null, "aspect": null, "num_identification_agreements": 1, "cluster": 0, "tavg": null, "tmin": null, "tmax": null, "prcp_d0": 0.0, "prcp_d1": 15.638169288635254, "prcp_d2": 0.0, "prcp_d3": 0.0, "prcp_d4": 0.0, "prcp_d5": 0.0, "prcp_d6": 0.0, "tmax_d0": 13.6, "tmax_d1": 10.4, "tmax_d2": 7.3, "tmax_d3": 7.8, "tmax_d4": 4.6, "tmax_d5": 3.9, "tmax_d6": 2.4, "tmin_d0": 4.9, "tmin_d1": 1.9, "tmin_d2": 1.1, "tmin_d3": -2.7, "tmin_d4": -4.7, "tmin_d5": -4.7, "tmin_d6": -6.7, "day_of_year": 307, "uuid": "d1eacbfe-d6f6-4d4b-a270-274406b37177", "inat_id": 190011505}}, {"type": "Feature", "geometry": {"type": "Point", "coordinates": [-122.0167482, 45.3762302]}, "properties": {"species": "Fomitopsis mounceae", "date": "2023-11-05", "location": "E Rufus Ridge Ln, Brightwood, OR, US", "elevation": 356.0, "land_cover_label": "Tree cover", "water_mask": false, "exclude_reason": "keep", "ndvi": null, "soil_moisture": null, "solar_exposure": null, "wind_exposure": null, "water_retention": null, "slope": null, "aspect": null, "num_identification_agreements": 1, "cluster": 1, "tavg": null, "tmin": 8.3, "tmax": 16.1, "prcp_d0": 21.281402587890625, "prcp_d1": 85.1256103515625, "prcp_d2": 0.0, "prcp_d3": 21.281402587890625, "prcp_d4": 0.0, "prcp_d5": 0.0, "prcp_d6": 0.0, "tmax_d0": 13.5, "tmax_d1": 15.6, "tmax_d2": 16.9, "tmax_d3": 14.2, "tmax_d4": 14.1, "tmax_d5": 18.0, "tmax_d6": 16.4, "tmin_d0": 7.5, "tmin_d1": 13.3, "tmin_d2": 8.5, "tmin_d3": 11.3, "tmin_d4": 7.1, "tmin_d5": 6.1, "tmin_d6": 4.9, "day_of_year": 309, "uuid": "50c48c32-eb75-496c-a029-a2ee17a2965d", "inat_id": 190943517}}, {"type": "Feature", "geometry": {"type": "Point", "coordinates": [-121.9710472222, 45.3381555556]}, "properties": {"species": "Fomitopsis mounceae", "date": "2023-11-08", "location": "Welches, Mt Hood Village, OR 97067, USA", "elevation": 395.0, "land_cover_label": "Tree cover", "water_mask": false, "exclude_reason": "keep", "ndvi": null, "soil_moisture": null, "solar_exposure": null, "wind_exposure": null, "water_retention": null, "slope": null, "aspect": null, "num_identification_agreements": 1, "cluster": 1, "tavg": null, "tmin": 5.6, "tmax": 13.9, "prcp_d0": 0.0, "prcp_d1": 24.47859001159668, "prcp_d2": 61.19647216796875, "prcp_d3": 17.568838119506836, "prcp_d4": 87.84419250488281, "prcp_d5": 0.0, "prcp_d6": 17.568838119506836, "tmax_d0": 10.7, "tmax_d1": 8.6, "tmax_d2": 10.7, "tmax_d3": 13.2, "tmax_d4": 15.3, "tmax_d5": 16.9, "tmax_d6": 13.7, "tmin_d0": 2.6, "tmin_d1": 6.7, "tmin_d2": 8.1, "tmin_d3": 7.2, "tmin_d4": 13.1, "tmin_d5": 7.9, "tmin_d6": 11.5, "day_of_year": 312, "uuid": "e86aff23-f771-48d4-905e-3d2b05d5a3f1", "inat_id": 190454551}}, {"type": "Feature", "geometry": {"type": "Point", "coordinates": [-122.0876728599, 45.5318171188]}, "properties": {"species": "Fomitopsis mounceae", "date": "2023-11-11", "location": "Zigzag Ranger Station, Corbett, OR, US", "elevation": 1217.0, "land_cover_label": "Tree cover", "water_mask": false, "exclude_reason": "keep", "ndvi": null, "soil_moisture": null, "solar_exposure": null, "wind_exposure": null, "water_retention": null, "slope": null, "aspect": null, "num_identification_agreements": 2, "cluster": 2, "tavg": null, "tmin": 8.9, "tmax": 13.9, "prcp_d0": 0.0, "prcp_d1": 0.0, "prcp_d2": 0.0, "prcp_d3": 0.0, "prcp_d4": 31.45928955078125, "prcp_d5": 78.64822387695312, "prcp_d6": 22.23958396911621, "tmax_d0": 3.8, "tmax_d1": 3.8, "tmax_d2": 4.9, "tmax_d3": 4.6, "tmax_d4": 3.1, "tmax_d5": 5.2, "tmax_d6": 7.7, "tmin_d0": 1.8, "tmin_d1": 0.1, "tmin_d2": -3.0, "tmin_d3": -1.7, "tmin_d4": 1.4, "tmin_d5": 2.7, "tmin_d6": 2.9, "day_of_year": 315, "uuid": "2a67c3e3-245c-4047-bf11-9923c239cdea", "inat_id": 190819403}}, {"type": "Feature", "geometry": {"type": "Point", "coordinates": [-121.83622, 45.3116533333]}, "properties": {"species": "Fomitopsis mounceae", "date": "2023-11-11", "location": "Mt. Hood Park Division Recreation Area, Government Camp, OR, US", "elevation": 789.0, "land_cover_label": "Tree cover", "water_mask": false, "exclude_reason": "keep", "ndvi": null, "soil_moisture": null, "solar_exposure": null, "wind_exposure": null, "water_retention": null, "slope": null, "aspect": null, "num_identification_agreements": 1, "cluster": 2, "tavg": null, "tmin": 6.3, "tmax": 11.5, "prcp_d0": 0.0, "prcp_d1": 0.0, "prcp_d2": 0.0, "prcp_d3": 0.0, "prcp_d4": 16.20630645751953, "prcp_d5": 64.82522583007812, "prcp_d6": 23.687274932861328, "tmax_d0": 6.9, "tmax_d1": 8.1, "tmax_d2": 11.5, "tmax_d3": 8.7, "tmax_d4": 5.9, "tmax_d5": 8.1, "tmax_d6": 10.5, "tmin_d0": 3.5, "tmin_d1": 2.6, "tmin_d2": 1.1, "tmin_d3": 0.3, "tmin_d4": 3.8, "tmin_d5": 5.7, "tmin_d6": 4.6, "day_of_year": 315, "uuid": "6ed7fcad-748c-49f9-a03a-9a3fbe46478a", "inat_id": 190815092}}, {"type": "Feature", "geometry": {"type": "Point", "coordinates": [-121.9609135, 45.3281745]}, "properties": {"species": "Fomitopsis mounceae", "date": "2023-11-13", "location": "E Elk Park Rd, Welches, OR, US", "elevation": 407.0, "land_cover_label": "Tree cover", "water_mask": false, "exclude_reason": "keep", "ndvi": null, "soil_moisture": null, "solar_exposure": null, "wind_exposure": null, "water_retention": null, "slope": null, "aspect": null, "num_identification_agreements": 2, "cluster": 0, "tavg": null, "tmin": 5.6, "tmax": 13.9, "prcp_d0": 0.0, "prcp_d1": 0.0, "prcp_d2": 24.925731658935547, "prcp_d3": 0.0, "prcp_d4": 0.0, "prcp_d5": 0.0, "prcp_d6": 24.47859001159668, "tmax_d0": 12.7, "tmax_d1": 14.6, "tmax_d2": 9.3, "tmax_d3": 10.9, "tmax_d4": 14.4, "tmax_d5": 10.7, "tmax_d6": 8.6, "tmin_d0": 7.2, "tmin_d1": 5.9, "tmin_d2": 6.2, "tmin_d3": 5.5, "tmin_d4": 2.3, "tmin_d5": 2.6, "tmin_d6": 6.7, "day_of_year": 317, "uuid": "46210fd0-2336-4d7c-8112-dd22900a7a49", "inat_id": 190939844}}, {"type": "Feature", "geometry": {"type": "Point", "coordinates": [-122.2847862997, 45.2102381997]}, "properties": {"species": "Fomitopsis mounceae", "date": "2023-12-24", "location": "Estacada, OR 97023, USA", "elevation": 440.0, "land_cover_label": "Tree cover", "water_mask": false, "exclude_reason": "keep", "ndvi": null, "soil_moisture": null, "solar_exposure": null, "wind_exposure": null, "water_retention": null, "slope": null, "aspect": null, "num_identification_agreements": 1, "cluster": 0, "tavg": null, "tmin": -0.6, "tmax": 6.7, "prcp_d0": 20.091676712036133, "prcp_d1": 0.0, "prcp_d2": 0.0, "prcp_d3": 0.0, "prcp_d4": 4.330846309661865, "prcp_d5": 12.992539405822754, "prcp_d6": 0.0, "tmax_d0": 7.5, "tmax_d1": 6.5, "tmax_d2": 8.2, "tmax_d3": 12.1, "tmax_d4": 12.3, "tmax_d5": 13.0, "tmax_d6": 11.9, "tmin_d0": 0.7, "tmin_d1": 0.7, "tmin_d2": 3.3, "tmin_d3": 3.8, "tmin_d4": 5.4, "tmin_d5": 4.7, "tmin_d6": 5.3, "day_of_year": 358, "uuid": "3dd62a19-2c2a-4903-9435-4e76b27500f0", "inat_id": 194784291}}, {"type": "Feature", "geometry": {"type": "Point", "coordinates": [-122.2847629997, 45.2103771]}, "properties": {"species": "Fomitopsis mounceae", "date": "2024-03-06", "location": "Estacada, OR 97023, USA", "elevation": 440.0, "land_cover_label": "Tree cover", "water_mask": false, "exclude_reason": "keep", "ndvi": null, "soil_moisture": null, "solar_exposure": null, "wind_exposure": null, "water_retention": null, "slope": null, "aspect": null, "num_identification_agreements": 1, "cluster": 2, "tavg": null, "tmin": -2.8, "tmax": 8.9, "prcp_d0": 0.0, "prcp_d1": 0.0, "prcp_d2": 0.0, "prcp_d3": 15.45209789276123, "prcp_d4": 23.17814445495605, "prcp_d5": 15.45209789276123, "prcp_d6": 40.874114990234375, "tmax_d0": 4.0, "tmax_d1": 3.3, "tmax_d2": 3.9, "tmax_d3": 4.0, "tmax_d4": 4.3, "tmax_d5": 4.1, "tmax_d6": 7.9, "tmin_d0": -6.8, "tmin_d1": -2.4, "tmin_d2": -2.0, "tmin_d3": -3.4, "tmin_d4": -1.3, "tmin_d5": 1.1, "tmin_d6": 1.4, "day_of_year": 66, "uuid": "eae5d0b0-07e4-44a9-95f4-39036d68f74c", "inat_id": 201745915}}, {"type": "Feature", "geometry": {"type": "Point", "coordinates": [-122.0927416667, 45.567895]}, "properties": {"species": "Fomitopsis mounceae", "date": "2024-03-16", "location": "Zigzag Ranger Station, Corbett, OR, US", "elevation": 515.0, "land_cover_label": "Tree cover", "water_mask": false, "exclude_reason": "keep", "ndvi": null, "soil_moisture": null, "solar_exposure": null, "wind_exposure": null, "water_retention": null, "slope": null, "aspect": null, "num_identification_agreements": 2, "cluster": 2, "tavg": null, "tmin": 12.2, "tmax": 23.3, "prcp_d0": 0.0, "prcp_d1": 0.0, "prcp_d2": 0.0, "prcp_d3": 0.0, "prcp_d4": 0.0, "prcp_d5": 29.070491790771484, "prcp_d6": 0.0, "tmax_d0": 17.7, "tmax_d1": 14.3, "tmax_d2": 12.1, "tmax_d3": 6.9, "tmax_d4": 5.0, "tmax_d5": 7.3, "tmax_d6": 6.3, "tmin_d0": 6.0, "tmin_d1": 3.1, "tmin_d2": -1.6, "tmin_d3": -0.7, "tmin_d4": 2.5, "tmin_d5": 1.7, "tmin_d6": 0.8, "day_of_year": 76, "uuid": "31c04739-ef3a-46fc-846c-1585fd0bb80a", "inat_id": 232798580}}, {"type": "Feature", "geometry": {"type": "Point", "coordinates": [-121.9692783333, 45.3342083333]}, "properties": {"species": "Fomitopsis mounceae", "date": "2024-03-22", "location": "E Crystal Creek Rd, Welches, OR, US", "elevation": 415.0, "land_cover_label": "Tree cover", "water_mask": false, "exclude_reason": "keep", "ndvi": null, "soil_moisture": null, "solar_exposure": null, "wind_exposure": null, "water_retention": null, "slope": null, "aspect": null, "num_identification_agreements": 1, "cluster": 0, "tavg": null, "tmin": 10.6, "tmax": 17.2, "prcp_d0": 11.74457550048828, "prcp_d1": 0.0, "prcp_d2": 0.0, "prcp_d3": 0.0, "prcp_d4": 0.0, "prcp_d5": 0.0, "prcp_d6": 0.0, "tmax_d0": 14.5, "tmax_d1": 13.0, "tmax_d2": 17.1, "tmax_d3": 21.6, "tmax_d4": 23.8, "tmax_d5": 21.1, "tmax_d6": 19.4, "tmin_d0": 5.0, "tmin_d1": 7.0, "tmin_d2": 7.1, "tmin_d3": 3.0, "tmin_d4": 4.5, "tmin_d5": 1.0, "tmin_d6": 5.7, "day_of_year": 82, "uuid": "0366c016-5738-4b88-b9b3-8426942e2b83", "inat_id": 203747387}}, {"type": "Feature", "geometry": {"type": "Point", "coordinates": [-121.9398033333, 45.3002866667]}, "properties": {"species": "Fomitopsis mounceae", "date": "2024-03-29", "location": "Zigzag Ranger Station, Welches, OR, US", "elevation": 496.0, "land_cover_label": "Tree cover", "water_mask": false, "exclude_reason": "keep", "ndvi": null, "soil_moisture": null, "solar_exposure": null, "wind_exposure": null, "water_retention": null, "slope": null, "aspect": null, "num_identification_agreements": 2, "cluster": 1, "tavg": null, "tmin": 6.1, "tmax": 17.8, "prcp_d0": 0.0, "prcp_d1": 0.0, "prcp_d2": 42.15543365478516, "prcp_d3": 0.0, "prcp_d4": 0.0, "prcp_d5": 0.0, "prcp_d6": 16.113525390625, "tmax_d0": 12.1, "tmax_d1": 9.7, "tmax_d2": 8.8, "tmax_d3": 7.2, "tmax_d4": 7.0, "tmax_d5": 7.9, "tmax_d6": 12.8, "tmin_d0": 0.7, "tmin_d1": 3.0, "tmin_d2": 3.7, "tmin_d3": 3.4, "tmin_d4": 3.9, "tmin_d5": 4.8, "tmin_d6": 3.8, "day_of_year": 89, "uuid": "51686ff0-d2de-45c1-9089-369c9c4a1183", "inat_id": 205190166}}, {"type": "Feature", "geometry": {"type": "Point", "coordinates": [-122.2970883333, 45.488075]}, "properties": {"species": "Fomitopsis mounceae", "date": "2024-04-13", "location": "Oxbow Regional Park, Gresham, OR, US", "elevation": 78.0, "land_cover_label": "Tree cover", "water_mask": false, "exclude_reason": "keep", "ndvi": null, "soil_moisture": null, "solar_exposure": null, "wind_exposure": null, "water_retention": null, "slope": null, "aspect": null, "num_identification_agreements": 2, "cluster": 0, "tavg": null, "tmin": 8.9, "tmax": 19.4, "prcp_d0": 7.757564544677734, "prcp_d1": 0.0, "prcp_d2": 0.0, "prcp_d3": 0.0, "prcp_d4": 5.887407779693604, "prcp_d5": 0.0, "prcp_d6": 5.761247158050537, "tmax_d0": 22.3, "tmax_d1": 17.8, "tmax_d2": 16.2, "tmax_d3": 16.9, "tmax_d4": 14.1, "tmax_d5": 11.0, "tmax_d6": 11.8, "tmin_d0": 6.4, "tmin_d1": 6.7, "tmin_d2": 2.7, "tmin_d3": 0.9, "tmin_d4": 8.6, "tmin_d5": 4.9, "tmin_d6": 3.9, "day_of_year": 104, "uuid": "86f44d14-fb35-40fa-bd9f-ce7edcb7ed5e", "inat_id": 207068760}}, {"type": "Feature", "geometry": {"type": "Point", "coordinates": [-121.93968, 45.27583]}, "properties": {"species": "Fomitopsis mounceae", "date": "2024-04-13", "location": "Zigzag Ranger Station, Welches, OR, US", "elevation": 509.0, "land_cover_label": "Tree cover", "water_mask": false, "exclude_reason": "keep", "ndvi": null, "soil_moisture": null, "solar_exposure": null, "wind_exposure": null, "water_retention": null, "slope": null, "aspect": null, "num_identification_agreements": 1, "cluster": 0, "tavg": null, "tmin": 8.9, "tmax": 19.4, "prcp_d0": 10.138789176940918, "prcp_d1": 2.736720323562622, "prcp_d2": 0.000896488840226, "prcp_d3": 0.0, "prcp_d4": 0.0, "prcp_d5": 0.0, "prcp_d6": 0.0, "tmax_d0": 21.9, "tmax_d1": 16.5, "tmax_d2": 15.5, "tmax_d3": 16.9, "tmax_d4": 9.9, "tmax_d5": 8.5, "tmax_d6": 6.8, "tmin_d0": 8.5, "tmin_d1": 5.8, "tmin_d2": 3.8, "tmin_d3": 1.7, "tmin_d4": 5.7, "tmin_d5": 3.8, "tmin_d6": 2.7, "day_of_year": 104, "uuid": "a7f6f556-1793-4286-95ef-c5293859ec3e", "inat_id": 207112723}}, {"type": "Feature", "geometry": {"type": "Point", "coordinates": [-121.8342722222, 45.3877138889]}, "properties": {"species": "Fomitopsis mounceae", "date": "2024-04-14", "location": "Rhododendron, OR 97049, USA", "elevation": 743.0, "land_cover_label": "Tree cover", "water_mask": false, "exclude_reason": "keep", "ndvi": null, "soil_moisture": null, "solar_exposure": null, "wind_exposure": null, "water_retention": null, "slope": null, "aspect": null, "num_identification_agreements": 1, "cluster": 0, "tavg": null, "tmin": 8.2, "tmax": 18.4, "prcp_d0": 16.783275604248047, "prcp_d1": 6.531906127929688, "prcp_d2": 1.850055813789368, "prcp_d3": 0.0022515943273901, "prcp_d4": 0.0, "prcp_d5": 0.0, "prcp_d6": 0.0, "tmax_d0": 16.5, "tmax_d1": 19.6, "tmax_d2": 14.9, "tmax_d3": 14.1, "tmax_d4": 15.8, "tmax_d5": 8.4, "tmax_d6": 5.8, "tmin_d0": 6.1, "tmin_d1": 5.5, "tmin_d2": 4.6, "tmin_d3": 3.2, "tmin_d4": -0.1, "tmin_d5": 4.5, "tmin_d6": 2.0, "day_of_year": 105, "uuid": "4215f159-bb11-4441-996d-bf30645a69e8", "inat_id": 207310035}}, {"type": "Feature", "geometry": {"type": "Point", "coordinates": [-122.2191027778, 45.5491916667]}, "properties": {"species": "Fomitopsis mounceae", "date": "2024-04-21", "location": "Corbett, OR 97019, USA", "elevation": 42.0, "land_cover_label": "Tree cover", "water_mask": false, "exclude_reason": "keep", "ndvi": null, "soil_moisture": null, "solar_exposure": null, "wind_exposure": null, "water_retention": null, "slope": null, "aspect": null, "num_identification_agreements": 1, "cluster": 2, "tavg": null, "tmin": 4.4, "tmax": 16.7, "prcp_d0": 0.0, "prcp_d1": 0.0, "prcp_d2": 0.0, "prcp_d3": 0.0, "prcp_d4": 0.0, "prcp_d5": 26.397933959960938, "prcp_d6": 5.435764312744141, "tmax_d0": 14.2, "tmax_d1": 21.3, "tmax_d2": 19.3, "tmax_d3": 18.6, "tmax_d4": 17.0, "tmax_d5": 11.8, "tmax_d6": 18.1, "tmin_d0": 6.2, "tmin_d1": 9.6, "tmin_d2": 9.6, "tmin_d3": 5.9, "tmin_d4": 2.6, "tmin_d5": 5.0, "tmin_d6": 7.7, "day_of_year": 112, "uuid": "158c740b-2d87-4eae-8d82-34336acf8b8a", "inat_id": 208647681}}, {"type": "Feature", "geometry": {"type": "Point", "coordinates": [-122.0385484064, 45.2217475217]}, "properties": {"species": "Fomitopsis mounceae", "date": "2024-04-21", "location": "Mt. Hood National Forest, Government Camp, OR, US", "elevation": 1328.0, "land_cover_label": "Tree cover", "water_mask": false, "exclude_reason": "keep", "ndvi": null, "soil_moisture": null, "solar_exposure": null, "wind_exposure": null, "water_retention": null, "slope": null, "aspect": null, "num_identification_agreements": 3, "cluster": 0, "tavg": null, "tmin": 4.4, "tmax": 16.7, "prcp_d0": 0.0, "prcp_d1": 0.0, "prcp_d2": 0.0, "prcp_d3": 0.0, "prcp_d4": 0.0, "prcp_d5": 0.0, "prcp_d6": 1.896844387054444, "tmax_d0": 6.5, "tmax_d1": 15.3, "tmax_d2": 9.8, "tmax_d3": 8.9, "tmax_d4": 8.5, "tmax_d5": 1.8, "tmax_d6": 8.6, "tmin_d0": -2.1, "tmin_d1": 1.1, "tmin_d2": 0.4, "tmin_d3": -2.5, "tmin_d4": -6.7, "tmin_d5": -3.4, "tmin_d6": -1.3, "day_of_year": 112, "uuid": "3b5e2850-6444-43ac-9d6b-ea87bdacdb13", "inat_id": 220059349}}, {"type": "Feature", "geometry": {"type": "Point", "coordinates": [-122.12489437, 45.5294789]}, "properties": {"species": "Fomitopsis mounceae", "date": "2024-05-02", "location": "Multnomah County, US-OR, US", "elevation": 738.0, "land_cover_label": "Tree cover", "water_mask": false, "exclude_reason": "keep", "ndvi": null, "soil_moisture": null, "solar_exposure": null, "wind_exposure": null, "water_retention": null, "slope": null, "aspect": null, "num_identification_agreements": 1, "cluster": 0, "tavg": null, "tmin": 6.1, "tmax": 17.8, "prcp_d0": 0.0, "prcp_d1": 0.0, "prcp_d2": 9.323586463928224, "prcp_d3": 10.00406551361084, "prcp_d4": 4.932384967803955, "prcp_d5": 0.0, "prcp_d6": 8.101177215576172, "tmax_d0": 10.7, "tmax_d1": 7.8, "tmax_d2": 4.3, "tmax_d3": 4.7, "tmax_d4": 6.3, "tmax_d5": 7.6, "tmax_d6": 9.4, "tmin_d0": 1.9, "tmin_d1": -0.4, "tmin_d2": -0.8, "tmin_d3": 1.2, "tmin_d4": 4.0, "tmin_d5": 3.6, "tmin_d6": 5.0, "day_of_year": 123, "uuid": "ce0bf540-efc3-44b7-88fc-e2ff47caa95a", "inat_id": 213054647}}, {"type": "Feature", "geometry": {"type": "Point", "coordinates": [-122.1170833333, 45.5467694444]}, "properties": {"species": "Fomitopsis mounceae", "date": "2024-05-08", "location": "Cascade Locks, OR 97014, USA", "elevation": 763.0, "land_cover_label": "Tree cover", "water_mask": false, "exclude_reason": "keep", "ndvi": null, "soil_moisture": null, "solar_exposure": null, "wind_exposure": null, "water_retention": null, "slope": null, "aspect": null, "num_identification_agreements": 1, "cluster": 2, "tavg": null, "tmin": 4.4, "tmax": 21.7, "prcp_d0": 0.0, "prcp_d1": 0.0, "prcp_d2": 0.0, "prcp_d3": 0.0, "prcp_d4": 171.0461883544922, "prcp_d5": 0.0, "prcp_d6": 0.0, "tmax_d0": 13.3, "tmax_d1": 7.3, "tmax_d2": 6.0, "tmax_d3": 4.8, "tmax_d4": 9.1, "tmax_d5": 15.7, "tmax_d6": 10.4, "tmin_d0": 0.7, "tmin_d1": 0.4, "tmin_d2": 2.9, "tmin_d3": 2.3, "tmin_d4": 2.8, "tmin_d5": -1.1, "tmin_d6": 1.6, "day_of_year": 129, "uuid": "37fbd48f-705f-478a-8132-25f70e1489b3", "inat_id": 214540507}}, {"type": "Feature", "geometry": {"type": "Point", "coordinates": [-122.1176222222, 45.5421111111]}, "properties": {"species": "Fomitopsis mounceae", "date": "2024-05-08", "location": "Cascade Locks, OR 97014, USA", "elevation": 796.0, "land_cover_label": "Tree cover", "water_mask": false, "exclude_reason": "keep", "ndvi": null, "soil_moisture": null, "solar_exposure": null, "wind_exposure": null, "water_retention": null, "slope": null, "aspect": null, "num_identification_agreements": 1, "cluster": 2, "tavg": null, "tmin": 4.4, "tmax": 21.7, "prcp_d0": 0.0, "prcp_d1": 0.0, "prcp_d2": 0.0, "prcp_d3": 0.0, "prcp_d4": 171.0461883544922, "prcp_d5": 0.0, "prcp_d6": 0.0, "tmax_d0": 13.1, "tmax_d1": 7.0, "tmax_d2": 5.7, "tmax_d3": 4.5, "tmax_d4": 8.9, "tmax_d5": 15.4, "tmax_d6": 10.1, "tmin_d0": 0.4, "tmin_d1": 0.1, "tmin_d2": 2.7, "tmin_d3": 2.0, "tmin_d4": 2.6, "tmin_d5": -1.3, "tmin_d6": 1.4, "day_of_year": 129, "uuid": "6a2e94ee-b534-4c5e-a380-3dddc3a2318d", "inat_id": 214539768}}, {"type": "Feature", "geometry": {"type": "Point", "coordinates": [-122.1171916667, 45.5408027778]}, "properties": {"species": "Fomitopsis mounceae", "date": "2024-05-08", "location": "Cascade Locks, OR 97014, USA", "elevation": 800.0, "land_cover_label": "Tree cover", "water_mask": false, "exclude_reason": "keep", "ndvi": null, "soil_moisture": null, "solar_exposure": null, "wind_exposure": null, "water_retention": null, "slope": null, "aspect": null, "num_identification_agreements": 1, "cluster": 2, "tavg": null, "tmin": 4.4, "tmax": 21.7, "prcp_d0": 0.0, "prcp_d1": 0.0, "prcp_d2": 0.0, "prcp_d3": 0.0, "prcp_d4": 171.0461883544922, "prcp_d5": 0.0, "prcp_d6": 0.0, "tmax_d0": 13.0, "tmax_d1": 7.0, "tmax_d2": 5.7, "tmax_d3": 4.5, "tmax_d4": 8.8, "tmax_d5": 15.4, "tmax_d6": 10.1, "tmin_d0": 0.4, "tmin_d1": 0.1, "tmin_d2": 2.6, "tmin_d3": 2.0, "tmin_d4": 2.5, "tmin_d5": -1.4, "tmin_d6": 1.3, "day_of_year": 129, "uuid": "c594fb05-c853-4467-b171-fbfb68671176", "inat_id": 214539527}}, {"type": "Feature", "geometry": {"type": "Point", "coordinates": [-121.90645364, 45.32221115]}, "properties": {"species": "Fomitopsis mounceae", "date": "2024-05-16", "location": "Clackamas County, US-OR, US", "elevation": 543.0, "land_cover_label": "Tree cover", "water_mask": false, "exclude_reason": "keep", "ndvi": null, "soil_moisture": null, "solar_exposure": null, "wind_exposure": null, "water_retention": null, "slope": null, "aspect": null, "num_identification_agreements": 3, "cluster": 0, "tavg": null, "tmin": 12.8, "tmax": 23.3, "prcp_d0": 0.8984289169311523, "prcp_d1": 0.0, "prcp_d2": 0.0, "prcp_d3": 0.0, "prcp_d4": 0.0, "prcp_d5": 0.0, "prcp_d6": 0.0, "tmax_d0": 21.0, "tmax_d1": 21.8, "tmax_d2": 19.9, "tmax_d3": 20.8, "tmax_d4": 24.0, "tmax_d5": 25.9, "tmax_d6": 26.0, "tmin_d0": 9.2, "tmin_d1": 9.0, "tmin_d2": 8.0, "tmin_d3": 8.6, "tmin_d4": 12.3, "tmin_d5": 10.6, "tmin_d6": 11.1, "day_of_year": 137, "uuid": "cd9e3801-2917-495e-8a8d-c7c77a95ad4d", "inat_id": 216155925}}, {"type": "Feature", "geometry": {"type": "Point", "coordinates": [-121.9064866667, 45.3225866667]}, "properties": {"species": "Fomitopsis mounceae", "date": "2024-05-16", "location": "Clackamas County, US-OR, US", "elevation": 543.0, "land_cover_label": "Tree cover", "water_mask": false, "exclude_reason": "keep", "ndvi": null, "soil_moisture": null, "solar_exposure": null, "wind_exposure": null, "water_retention": null, "slope": null, "aspect": null, "num_identification_agreements": 2, "cluster": 0, "tavg": null, "tmin": 12.8, "tmax": 23.3, "prcp_d0": 0.8984289169311523, "prcp_d1": 0.0, "prcp_d2": 0.0, "prcp_d3": 0.0, "prcp_d4": 0.0, "prcp_d5": 0.0, "prcp_d6": 0.0, "tmax_d0": 21.0, "tmax_d1": 21.9, "tmax_d2": 20.0, "tmax_d3": 20.8, "tmax_d4": 24.0, "tmax_d5": 26.0, "tmax_d6": 26.0, "tmin_d0": 9.3, "tmin_d1": 9.0, "tmin_d2": 8.1, "tmin_d3": 8.6, "tmin_d4": 12.3, "tmin_d5": 10.7, "tmin_d6": 11.1, "day_of_year": 137, "uuid": "cd330ea9-1c74-4932-a28a-7f1f4a239324", "inat_id": 216360940}}, {"type": "Feature", "geometry": {"type": "Point", "coordinates": [-121.9063116667, 45.3220716667]}, "properties": {"species": "Fomitopsis mounceae", "date": "2024-05-16", "location": "Clackamas County, US-OR, US", "elevation": 543.0, "land_cover_label": "Tree cover", "water_mask": false, "exclude_reason": "keep", "ndvi": null, "soil_moisture": null, "solar_exposure": null, "wind_exposure": null, "water_retention": null, "slope": null, "aspect": null, "num_identification_agreements": 2, "cluster": 0, "tavg": null, "tmin": 12.8, "tmax": 23.3, "prcp_d0": 0.8984289169311523, "prcp_d1": 0.0, "prcp_d2": 0.0, "prcp_d3": 0.0, "prcp_d4": 0.0, "prcp_d5": 0.0, "prcp_d6": 0.0, "tmax_d0": 21.0, "tmax_d1": 21.8, "tmax_d2": 19.9, "tmax_d3": 20.8, "tmax_d4": 24.0, "tmax_d5": 25.9, "tmax_d6": 26.0, "tmin_d0": 9.2, "tmin_d1": 9.0, "tmin_d2": 8.0, "tmin_d3": 8.6, "tmin_d4": 12.3, "tmin_d5": 10.6, "tmin_d6": 11.1, "day_of_year": 137, "uuid": "5925ab24-a1ef-46ff-9198-73468c40dede", "inat_id": 216225548}}, {"type": "Feature", "geometry": {"type": "Point", "coordinates": [-121.9054195127, 45.3220832277]}, "properties": {"species": "Fomitopsis mounceae", "date": "2024-05-16", "location": "Clackamas County, US-OR, US", "elevation": 556.0, "land_cover_label": "Tree cover", "water_mask": false, "exclude_reason": "keep", "ndvi": null, "soil_moisture": null, "solar_exposure": null, "wind_exposure": null, "water_retention": null, "slope": null, "aspect": null, "num_identification_agreements": 3, "cluster": 0, "tavg": null, "tmin": 12.8, "tmax": 23.3, "prcp_d0": 0.8984289169311523, "prcp_d1": 0.0, "prcp_d2": 0.0, "prcp_d3": 0.0, "prcp_d4": 0.0, "prcp_d5": 0.0, "prcp_d6": 0.0, "tmax_d0": 21.0, "tmax_d1": 21.8, "tmax_d2": 19.9, "tmax_d3": 20.8, "tmax_d4": 24.0, "tmax_d5": 25.9, "tmax_d6": 26.0, "tmin_d0": 9.2, "tmin_d1": 9.0, "tmin_d2": 8.0, "tmin_d3": 8.6, "tmin_d4": 12.3, "tmin_d5": 10.6, "tmin_d6": 11.1, "day_of_year": 137, "uuid": "19ae9c4c-de69-438c-af34-893c61dfddaa", "inat_id": 229991076}}, {"type": "Feature", "geometry": {"type": "Point", "coordinates": [-121.7917934448, 45.6762539634]}, "properties": {"species": "Fomitopsis mounceae", "date": "2024-05-18", "location": "Oregon, Lewis and Clark National Historic Trail, US", "elevation": 771.0, "land_cover_label": "Tree cover", "water_mask": false, "exclude_reason": "keep", "ndvi": null, "soil_moisture": null, "solar_exposure": null, "wind_exposure": null, "water_retention": null, "slope": null, "aspect": null, "num_identification_agreements": 2, "cluster": 0, "tavg": null, "tmin": 5.5, "tmax": 15.7, "prcp_d0": 0.7608062624931335, "prcp_d1": 4.164564609527588, "prcp_d2": 0.5993055105209351, "prcp_d3": 0.0, "prcp_d4": 0.0, "prcp_d5": 0.0, "prcp_d6": 0.0, "tmax_d0": 12.7, "tmax_d1": 14.4, "tmax_d2": 20.6, "tmax_d3": 21.2, "tmax_d4": 20.2, "tmax_d5": 20.0, "tmax_d6": 23.3, "tmin_d0": 2.9, "tmin_d1": 3.7, "tmin_d2": 8.8, "tmin_d3": 7.9, "tmin_d4": 6.3, "tmin_d5": 7.3, "tmin_d6": 9.5, "day_of_year": 139, "uuid": "225cb009-f948-4155-b09d-b09b75053d21", "inat_id": 219188028}}, {"type": "Feature", "geometry": {"type": "Point", "coordinates": [-121.6405816036, 45.6458104217]}, "properties": {"species": "Fomitopsis mounceae", "date": "2024-05-19", "location": "Washington, US", "elevation": 694.0, "land_cover_label": "Tree cover", "water_mask": false, "exclude_reason": "keep", "ndvi": null, "soil_moisture": null, "solar_exposure": null, "wind_exposure": null, "water_retention": null, "slope": null, "aspect": null, "num_identification_agreements": 1, "cluster": 0, "tavg": null, "tmin": 6.8, "tmax": 16.2, "prcp_d0": 3.27165150642395, "prcp_d1": 0.4539187252521515, "prcp_d2": 3.059020519256592, "prcp_d3": 0.4411671161651611, "prcp_d4": 0.0, "prcp_d5": 0.0, "prcp_d6": 0.0, "tmax_d0": 11.4, "tmax_d1": 12.7, "tmax_d2": 14.8, "tmax_d3": 21.2, "tmax_d4": 22.4, "tmax_d5": 20.5, "tmax_d6": 20.5, "tmin_d0": 3.6, "tmin_d1": 3.0, "tmin_d2": 3.9, "tmin_d3": 10.5, "tmin_d4": 9.0, "tmin_d5": 6.0, "tmin_d6": 8.5, "day_of_year": 140, "uuid": "fbce3260-5170-4beb-96df-a29d29e3296c", "inat_id": 216989217}}, {"type": "Feature", "geometry": {"type": "Point", "coordinates": [-122.4473352358, 45.2047291123]}, "properties": {"species": "Fomitopsis mounceae", "date": "2024-05-20", "location": "Beavercreek, OR 97004, USA", "elevation": 306.0, "land_cover_label": "Tree cover", "water_mask": false, "exclude_reason": "keep", "ndvi": null, "soil_moisture": null, "solar_exposure": null, "wind_exposure": null, "water_retention": null, "slope": null, "aspect": null, "num_identification_agreements": 1, "cluster": 0, "tavg": null, "tmin": 5.0, "tmax": 19.4, "prcp_d0": 0.0, "prcp_d1": 5.488873481750488, "prcp_d2": 0.0, "prcp_d3": 5.228562355041504, "prcp_d4": 0.0, "prcp_d5": 0.0, "prcp_d6": 0.0, "tmax_d0": 16.4, "tmax_d1": 14.2, "tmax_d2": 17.7, "tmax_d3": 19.0, "tmax_d4": 23.9, "tmax_d5": 23.5, "tmax_d6": 21.7, "tmin_d0": 6.0, "tmin_d1": 6.0, "tmin_d2": 5.5, "tmin_d3": 7.1, "tmin_d4": 9.6, "tmin_d5": 10.7, "tmin_d6": 8.3, "day_of_year": 141, "uuid": "2790c73a-8bfc-4971-ae74-f03cef19b923", "inat_id": 217207191}}, {"type": "Feature", "geometry": {"type": "Point", "coordinates": [-121.867675, 45.303275]}, "properties": {"species": "Fomitopsis mounceae", "date": "2024-06-01", "location": "Mt. Hood Park Division Recreation Area, Government Camp, OR, US", "elevation": 684.0, "land_cover_label": "Tree cover", "water_mask": false, "exclude_reason": "keep", "ndvi": null, "soil_moisture": null, "solar_exposure": null, "wind_exposure": null, "water_retention": null, "slope": null, "aspect": null, "num_identification_agreements": 2, "cluster": 0, "tavg": null, "tmin": 10.8, "tmax": 21.8, "prcp_d0": 0.0, "prcp_d1": 0.0, "prcp_d2": 0.0, "prcp_d3": 0.0, "prcp_d4": 0.0, "prcp_d5": 0.0, "prcp_d6": 0.0, "tmax_d0": 20.1, "tmax_d1": 21.5, "tmax_d2": 14.0, "tmax_d3": 10.3, "tmax_d4": 17.9, "tmax_d5": 18.4, "tmax_d6": 16.3, "tmin_d0": 9.2, "tmin_d1": 2.0, "tmin_d2": 3.7, "tmin_d3": 6.4, "tmin_d4": 7.1, "tmin_d5": 6.2, "tmin_d6": 3.8, "day_of_year": 153, "uuid": "d9becdee-a3b0-4bff-9384-f5cae66c36b2", "inat_id": 220135352}}, {"type": "Feature", "geometry": {"type": "Point", "coordinates": [-121.5317083333, 45.2304388889]}, "properties": {"species": "Fomitopsis mounceae", "date": "2024-06-08", "location": "Maupin, OR 97037, USA", "elevation": 1405.0, "land_cover_label": "Tree cover", "water_mask": false, "exclude_reason": "keep", "ndvi": null, "soil_moisture": null, "solar_exposure": null, "wind_exposure": null, "water_retention": null, "slope": null, "aspect": null, "num_identification_agreements": 1, "cluster": 2, "tavg": null, "tmin": 12.3, "tmax": 27.9, "prcp_d0": 0.0, "prcp_d1": 0.0, "prcp_d2": 0.0, "prcp_d3": 0.0, "prcp_d4": 0.0, "prcp_d5": 28.60335922241211, "prcp_d6": 0.0, "tmax_d0": 21.1, "tmax_d1": 21.2, "tmax_d2": 21.5, "tmax_d3": 18.0, "tmax_d4": 9.1, "tmax_d5": 7.6, "tmax_d6": 11.2, "tmin_d0": 11.3, "tmin_d1": 8.5, "tmin_d2": 7.0, "tmin_d3": 3.9, "tmin_d4": 2.3, "tmin_d5": 2.3, "tmin_d6": 5.3, "day_of_year": 160, "uuid": "f0cb8b14-2d1c-4611-a3be-0b771ba48285", "inat_id": 221633848}}, {"type": "Feature", "geometry": {"type": "Point", "coordinates": [-122.0708, 45.0222861667]}, "properties": {"species": "Fomitopsis mounceae", "date": "2024-06-14", "location": "Mt. Hood National Forest, Estacada, OR, US", "elevation": 475.0, "land_cover_label": "Tree cover", "water_mask": false, "exclude_reason": "keep", "ndvi": null, "soil_moisture": null, "solar_exposure": null, "wind_exposure": null, "water_retention": null, "slope": null, "aspect": null, "num_identification_agreements": 1, "cluster": 0, "tavg": null, "tmin": null, "tmax": null, "prcp_d0": 0.0, "prcp_d1": 0.0, "prcp_d2": 0.0, "prcp_d3": 0.0, "prcp_d4": 0.0, "prcp_d5": 11.614622116088867, "prcp_d6": 0.0, "tmax_d0": 20.3, "tmax_d1": 24.0, "tmax_d2": 20.5, "tmax_d3": 23.9, "tmax_d4": 24.5, "tmax_d5": 23.0, "tmax_d6": 29.0, "tmin_d0": 5.6, "tmin_d1": 5.9, "tmin_d2": 7.1, "tmin_d3": 11.0, "tmin_d4": 10.3, "tmin_d5": 12.9, "tmin_d6": 10.3, "day_of_year": 166, "uuid": "45c58a16-1b6f-4195-9a09-e3e5f1d88c74", "inat_id": 223243007}}, {"type": "Feature", "geometry": {"type": "Point", "coordinates": [-122.48473024, 45.07037704]}, "properties": {"species": "Fomitopsis mounceae", "date": "2024-06-15", "location": "Clackamas County, US-OR, US", "elevation": 284.0, "land_cover_label": "Tree cover", "water_mask": false, "exclude_reason": "keep", "ndvi": null, "soil_moisture": null, "solar_exposure": null, "wind_exposure": null, "water_retention": null, "slope": null, "aspect": null, "num_identification_agreements": 2, "cluster": 0, "tavg": null, "tmin": 10.0, "tmax": 17.2, "prcp_d0": 7.382857799530029, "prcp_d1": 0.0170876942574977, "prcp_d2": 0.0068953186273574, "prcp_d3": 0.0511417463421821, "prcp_d4": 0.0, "prcp_d5": 0.0, "prcp_d6": 0.0, "tmax_d0": 17.9, "tmax_d1": 21.0, "tmax_d2": 21.3, "tmax_d3": 20.0, "tmax_d4": 22.9, "tmax_d5": 23.3, "tmax_d6": 23.3, "tmin_d0": 8.4, "tmin_d1": 5.0, "tmin_d2": 7.7, "tmin_d3": 7.8, "tmin_d4": 13.4, "tmin_d5": 10.0, "tmin_d6": 13.1, "day_of_year": 167, "uuid": "d145353e-6d27-47d4-a612-75a19f6fa5e9", "inat_id": 222943437}}, {"type": "Feature", "geometry": {"type": "Point", "coordinates": [-121.9227366667, 45.0852583333]}, "properties": {"species": "Fomitopsis mounceae", "date": "2024-07-05", "location": "Mt. Hood National Forest, Estacada, OR, US", "elevation": 721.0, "land_cover_label": "Tree cover", "water_mask": false, "exclude_reason": "keep", "ndvi": null, "soil_moisture": null, "solar_exposure": null, "wind_exposure": null, "water_retention": null, "slope": null, "aspect": null, "num_identification_agreements": 1, "cluster": 0, "tavg": null, "tmin": null, "tmax": null, "prcp_d0": 0.0, "prcp_d1": 0.0, "prcp_d2": 0.0, "prcp_d3": 0.0, "prcp_d4": 0.0, "prcp_d5": 0.0, "prcp_d6": 0.0, "tmax_d0": 33.5, "tmax_d1": 30.0, "tmax_d2": 23.0, "tmax_d3": 19.5, "tmax_d4": 20.3, "tmax_d5": 20.6, "tmax_d6": 21.4, "tmin_d0": 10.1, "tmin_d1": 10.0, "tmin_d2": 7.6, "tmin_d3": 9.9, "tmin_d4": 9.0, "tmin_d5": 11.7, "tmin_d6": 10.7, "day_of_year": 187, "uuid": "f3bfcd44-a27d-4203-a509-21cfa28c3589", "inat_id": 227823091}}, {"type": "Feature", "geometry": {"type": "Point", "coordinates": [-121.9738722222, 45.3410055556]}, "properties": {"species": "Fomitopsis mounceae", "date": "2024-07-16", "location": "Mt Hood Village, OR, USA", "elevation": 411.0, "land_cover_label": "Tree cover", "water_mask": false, "exclude_reason": "keep", "ndvi": null, "soil_moisture": null, "solar_exposure": null, "wind_exposure": null, "water_retention": null, "slope": null, "aspect": null, "num_identification_agreements": 2, "cluster": 0, "tavg": null, "tmin": 15.6, "tmax": 36.7, "prcp_d0": 0.0, "prcp_d1": 0.0, "prcp_d2": 0.0, "prcp_d3": 0.0, "prcp_d4": 0.0, "prcp_d5": 4.263488292694092, "prcp_d6": 0.0, "tmax_d0": 34.1, "tmax_d1": 28.0, "tmax_d2": 29.5, "tmax_d3": 29.9, "tmax_d4": 27.0, "tmax_d5": 28.7, "tmax_d6": 34.5, "tmin_d0": 14.6, "tmin_d1": 13.8, "tmin_d2": 16.7, "tmin_d3": 14.7, "tmin_d4": 12.7, "tmin_d5": 13.5, "tmin_d6": 19.3, "day_of_year": 198, "uuid": "d540b198-cb63-46d3-b307-e16ce4fa605c", "inat_id": 230207537}}, {"type": "Feature", "geometry": {"type": "Point", "coordinates": [-121.9735305556, 45.3414888889]}, "properties": {"species": "Fomitopsis mounceae", "date": "2024-07-16", "location": "Welches, Mt Hood Village, OR 97067, USA", "elevation": 411.0, "land_cover_label": "Tree cover", "water_mask": false, "exclude_reason": "keep", "ndvi": null, "soil_moisture": null, "solar_exposure": null, "wind_exposure": null, "water_retention": null, "slope": null, "aspect": null, "num_identification_agreements": 1, "cluster": 0, "tavg": null, "tmin": 15.6, "tmax": 36.7, "prcp_d0": 0.0, "prcp_d1": 0.0, "prcp_d2": 0.0, "prcp_d3": 0.0, "prcp_d4": 0.0, "prcp_d5": 4.263488292694092, "prcp_d6": 0.0, "tmax_d0": 34.1, "tmax_d1": 28.0, "tmax_d2": 29.5, "tmax_d3": 29.9, "tmax_d4": 27.0, "tmax_d5": 28.7, "tmax_d6": 34.5, "tmin_d0": 14.6, "tmin_d1": 13.8, "tmin_d2": 16.7, "tmin_d3": 14.7, "tmin_d4": 12.7, "tmin_d5": 13.5, "tmin_d6": 19.3, "day_of_year": 198, "uuid": "07821b5d-5d7b-4f92-aeca-ec9788062750", "inat_id": 230206770}}, {"type": "Feature", "geometry": {"type": "Point", "coordinates": [-122.2255742177, 45.3077102485]}, "properties": {"species": "Fomitopsis mounceae", "date": "2024-07-23", "location": "Estacada, OR 97023, USA", "elevation": 370.0, "land_cover_label": "Tree cover", "water_mask": false, "exclude_reason": "keep", "ndvi": null, "soil_moisture": null, "solar_exposure": null, "wind_exposure": null, "water_retention": null, "slope": null, "aspect": null, "num_identification_agreements": 1, "cluster": 0, "tavg": null, "tmin": 11.7, "tmax": 28.9, "prcp_d0": 0.0, "prcp_d1": 0.0, "prcp_d2": 0.0, "prcp_d3": 0.0, "prcp_d4": 0.0, "prcp_d5": 0.0, "prcp_d6": 11.975398063659668, "tmax_d0": 24.2, "tmax_d1": 26.7, "tmax_d2": 31.5, "tmax_d3": 31.7, "tmax_d4": 28.8, "tmax_d5": 27.5, "tmax_d6": 32.6, "tmin_d0": 6.9, "tmin_d1": 12.5, "tmin_d2": 15.8, "tmin_d3": 11.6, "tmin_d4": 13.5, "tmin_d5": 12.8, "tmin_d6": 14.8, "day_of_year": 205, "uuid": "8f0fd10c-362e-4827-a307-7d19dff9fcf5", "inat_id": 328028426}}, {"type": "Feature", "geometry": {"type": "Point", "coordinates": [-121.9367, 45.2715111111]}, "properties": {"species": "Fomitopsis mounceae", "date": "2024-07-27", "location": "Rhododendron, OR 97049, USA", "elevation": 554.0, "land_cover_label": "Tree cover", "water_mask": false, "exclude_reason": "keep", "ndvi": null, "soil_moisture": null, "solar_exposure": null, "wind_exposure": null, "water_retention": null, "slope": null, "aspect": null, "num_identification_agreements": 2, "cluster": 0, "tavg": null, "tmin": 12.2, "tmax": 27.8, "prcp_d0": 0.0, "prcp_d1": 0.0, "prcp_d2": 0.0, "prcp_d3": 0.0, "prcp_d4": 0.0, "prcp_d5": 0.0, "prcp_d6": 0.0, "tmax_d0": 24.0, "tmax_d1": 24.6, "tmax_d2": 23.1, "tmax_d3": 24.5, "tmax_d4": 25.1, "tmax_d5": 25.7, "tmax_d6": 31.4, "tmin_d0": 11.0, "tmin_d1": 7.1, "tmin_d2": 10.6, "tmin_d3": 11.8, "tmin_d4": 8.5, "tmin_d5": 12.2, "tmin_d6": 15.4, "day_of_year": 209, "uuid": "276494e3-6aec-4173-89eb-5b10cc36a1b7", "inat_id": 232208821}}, {"type": "Feature", "geometry": {"type": "Point", "coordinates": [-121.7665661966, 45.144985509]}, "properties": {"species": "Fomitopsis mounceae", "date": "2024-08-03", "location": "Clackamas County, US-OR, US", "elevation": 996.0, "land_cover_label": "Tree cover", "water_mask": false, "exclude_reason": "keep", "ndvi": null, "soil_moisture": null, "solar_exposure": null, "wind_exposure": null, "water_retention": null, "slope": null, "aspect": null, "num_identification_agreements": 1, "cluster": 0, "tavg": null, "tmin": null, "tmax": null, "prcp_d0": 0.0, "prcp_d1": 0.0, "prcp_d2": 0.0, "prcp_d3": 0.0, "prcp_d4": 0.0, "prcp_d5": 0.0, "prcp_d6": 0.0, "tmax_d0": 27.2, "tmax_d1": 32.0, "tmax_d2": 33.7, "tmax_d3": 27.5, "tmax_d4": 21.9, "tmax_d5": 21.5, "tmax_d6": 21.3, "tmin_d0": 15.2, "tmin_d1": 15.1, "tmin_d2": 16.2, "tmin_d3": 11.0, "tmin_d4": 11.7, "tmin_d5": 9.7, "tmin_d6": 8.6, "day_of_year": 216, "uuid": "90071cbb-40c4-4a97-830f-d1d6de90e30a", "inat_id": 233738990}}, {"type": "Feature", "geometry": {"type": "Point", "coordinates": [-121.9411906305, 45.3041260217]}, "properties": {"species": "Fomitopsis mounceae", "date": "2024-08-04", "location": "Clackamas County, OR, USA", "elevation": 472.0, "land_cover_label": "Tree cover", "water_mask": false, "exclude_reason": "keep", "ndvi": null, "soil_moisture": null, "solar_exposure": null, "wind_exposure": null, "water_retention": null, "slope": null, "aspect": null, "num_identification_agreements": 1, "cluster": 0, "tavg": null, "tmin": 14.4, "tmax": 34.4, "prcp_d0": 0.0, "prcp_d1": 0.0, "prcp_d2": 0.0, "prcp_d3": 0.0, "prcp_d4": 0.0, "prcp_d5": 0.0, "prcp_d6": 0.0, "tmax_d0": 29.9, "tmax_d1": 28.9, "tmax_d2": 34.1, "tmax_d3": 35.7, "tmax_d4": 27.5, "tmax_d5": 22.2, "tmax_d6": 22.7, "tmin_d0": 16.7, "tmin_d1": 17.8, "tmin_d2": 17.8, "tmin_d3": 15.6, "tmin_d4": 13.7, "tmin_d5": 15.3, "tmin_d6": 12.4, "day_of_year": 217, "uuid": "4fe1bd5f-bdcc-488e-8020-1c9552eab5fc", "inat_id": 238286465}}, {"type": "Feature", "geometry": {"type": "Point", "coordinates": [-121.7866883333, 45.38513]}, "properties": {"species": "Fomitopsis mounceae", "date": "2024-08-05", "location": "Ramona Falls Trail, Government Camp, OR, US", "elevation": 985.0, "land_cover_label": "Tree cover", "water_mask": false, "exclude_reason": "keep", "ndvi": null, "soil_moisture": null, "solar_exposure": null, "wind_exposure": null, "water_retention": null, "slope": null, "aspect": null, "num_identification_agreements": 1, "cluster": 0, "tavg": null, "tmin": 16.7, "tmax": 32.3, "prcp_d0": 0.0, "prcp_d1": 0.0, "prcp_d2": 0.0, "prcp_d3": 0.0, "prcp_d4": 0.0, "prcp_d5": 0.0, "prcp_d6": 0.0, "tmax_d0": 25.8, "tmax_d1": 26.6, "tmax_d2": 25.6, "tmax_d3": 32.1, "tmax_d4": 33.3, "tmax_d5": 24.5, "tmax_d6": 18.6, "tmin_d0": 14.6, "tmin_d1": 13.8, "tmin_d2": 14.8, "tmin_d3": 15.4, "tmin_d4": 13.4, "tmin_d5": 11.4, "tmin_d6": 12.0, "day_of_year": 218, "uuid": "a38563f3-b8e9-4c3e-bf50-3a92f3cd6220", "inat_id": 286399757}}, {"type": "Feature", "geometry": {"type": "Point", "coordinates": [-121.9394087, 45.3418575997]}, "properties": {"species": "Fomitopsis mounceae", "date": "2024-08-09", "location": "Welches, OR 97067, USA", "elevation": 455.0, "land_cover_label": "Tree cover", "water_mask": false, "exclude_reason": "keep", "ndvi": null, "soil_moisture": null, "solar_exposure": null, "wind_exposure": null, "water_retention": null, "slope": null, "aspect": null, "num_identification_agreements": 3, "cluster": 0, "tavg": null, "tmin": 17.8, "tmax": 29.4, "prcp_d0": 0.0, "prcp_d1": 0.0, "prcp_d2": 0.0, "prcp_d3": 0.0, "prcp_d4": 0.0, "prcp_d5": 0.0, "prcp_d6": 0.0, "tmax_d0": 30.9, "tmax_d1": 31.9, "tmax_d2": 28.9, "tmax_d3": 26.5, "tmax_d4": 28.9, "tmax_d5": 29.5, "tmax_d6": 28.8, "tmin_d0": 16.6, "tmin_d1": 10.1, "tmin_d2": 14.1, "tmin_d3": 12.9, "tmin_d4": 17.1, "tmin_d5": 16.8, "tmin_d6": 17.7, "day_of_year": 222, "uuid": "2223a23e-963c-47df-b639-2ffd419a807f", "inat_id": 234804137}}, {"type": "Feature", "geometry": {"type": "Point", "coordinates": [-107.960609755, 37.8850206709]}, "properties": {"species": "Fomitopsis mounceae", "date": "2024-08-16", "location": "Colorado, US", "elevation": 3191.0, "land_cover_label": "Tree cover", "water_mask": false, "exclude_reason": "keep", "ndvi": null, "soil_moisture": null, "solar_exposure": null, "wind_exposure": null, "water_retention": null, "slope": null, "aspect": null, "num_identification_agreements": 1, "cluster": 0, "tavg": null, "tmin": 12.0, "tmax": 25.0, "prcp_d0": 0.0, "prcp_d1": 0.0, "prcp_d2": 0.0, "prcp_d3": 19.151660919189453, "prcp_d4": 19.151660919189453, "prcp_d5": 0.0, "prcp_d6": 0.0, "tmax_d0": null, "tmax_d1": null, "tmax_d2": null, "tmax_d3": null, "tmax_d4": null, "tmax_d5": null, "tmax_d6": null, "tmin_d0": null, "tmin_d1": null, "tmin_d2": null, "tmin_d3": null, "tmin_d4": null, "tmin_d5": null, "tmin_d6": null, "day_of_year": 229, "uuid": "9f7552f8-4705-4354-ae89-b35f7693c1bf", "inat_id": 236366366}}, {"type": "Feature", "geometry": {"type": "Point", "coordinates": [-121.5773694444, 45.4042694444]}, "properties": {"species": "Fomitopsis mounceae", "date": "2024-08-17", "location": "Hood River County, OR, USA", "elevation": 1015.0, "land_cover_label": "Tree cover", "water_mask": false, "exclude_reason": "keep", "ndvi": null, "soil_moisture": null, "solar_exposure": null, "wind_exposure": null, "water_retention": null, "slope": null, "aspect": null, "num_identification_agreements": 1, "cluster": 0, "tavg": null, "tmin": 13.1, "tmax": 32.8, "prcp_d0": 0.0, "prcp_d1": 0.0, "prcp_d2": 0.0, "prcp_d3": 0.0, "prcp_d4": 0.0, "prcp_d5": 0.0, "prcp_d6": 0.0, "tmax_d0": 26.0, "tmax_d1": 22.1, "tmax_d2": 20.6, "tmax_d3": 22.6, "tmax_d4": 18.8, "tmax_d5": 22.8, "tmax_d6": 24.7, "tmin_d0": 13.0, "tmin_d1": 10.4, "tmin_d2": 11.0, "tmin_d3": 7.8, "tmin_d4": 9.1, "tmin_d5": 10.9, "tmin_d6": 13.0, "day_of_year": 230, "uuid": "191163a5-f1aa-419a-acba-8534d52003cd", "inat_id": 237002864}}, {"type": "Feature", "geometry": {"type": "Point", "coordinates": [-121.7291638889, 45.2757166667]}, "properties": {"species": "Fomitopsis mounceae", "date": "2024-08-19", "location": "TIMBRLINE LDG, OR 97028, USA", "elevation": 1132.0, "land_cover_label": "Tree cover", "water_mask": false, "exclude_reason": "keep", "ndvi": null, "soil_moisture": null, "solar_exposure": null, "wind_exposure": null, "water_retention": null, "slope": null, "aspect": null, "num_identification_agreements": 1, "cluster": 0, "tavg": null, "tmin": 13.5, "tmax": 23.8, "prcp_d0": 0.0, "prcp_d1": 17.557594299316406, "prcp_d2": 0.0, "prcp_d3": 0.0, "prcp_d4": 0.0, "prcp_d5": 0.0, "prcp_d6": 0.0, "tmax_d0": 18.3, "tmax_d1": 22.0, "tmax_d2": 25.6, "tmax_d3": 20.4, "tmax_d4": 18.8, "tmax_d5": 20.8, "tmax_d6": 16.7, "tmin_d0": 8.5, "tmin_d1": 8.6, "tmin_d2": 12.1, "tmin_d3": 10.2, "tmin_d4": 11.0, "tmin_d5": 7.9, "tmin_d6": 7.8, "day_of_year": 232, "uuid": "2dd95761-6d0e-4203-8acc-6270add2a57d", "inat_id": 236802877}}, {"type": "Feature", "geometry": {"type": "Point", "coordinates": [-122.2932686, 45.4963297997]}, "properties": {"species": "Fomitopsis mounceae", "date": "2024-08-23", "location": "FPW6+82V, Corbett, OR 97080, USA", "elevation": 45.0, "land_cover_label": "Tree cover", "water_mask": false, "exclude_reason": "keep", "ndvi": null, "soil_moisture": null, "solar_exposure": null, "wind_exposure": null, "water_retention": null, "slope": null, "aspect": null, "num_identification_agreements": 1, "cluster": 0, "tavg": null, "tmin": 13.9, "tmax": 20.0, "prcp_d0": 10.828819274902344, "prcp_d1": 0.2761773765087127, "prcp_d2": 0.4876040518283844, "prcp_d3": 0.0, "prcp_d4": 0.0, "prcp_d5": 12.230467796325684, "prcp_d6": 0.0, "tmax_d0": 20.9, "tmax_d1": 23.7, "tmax_d2": 25.9, "tmax_d3": 25.6, "tmax_d4": 25.2, "tmax_d5": 29.1, "tmax_d6": 29.8, "tmin_d0": 14.2, "tmin_d1": 14.0, "tmin_d2": 12.8, "tmin_d3": 12.1, "tmin_d4": 12.5, "tmin_d5": 13.2, "tmin_d6": 12.9, "day_of_year": 236, "uuid": "27760b53-5cbc-43f9-b6aa-59ce45d0572d", "inat_id": 237783866}}, {"type": "Feature", "geometry": {"type": "Point", "coordinates": [-122.2944851, 45.4936275]}, "properties": {"species": "Fomitopsis mounceae", "date": "2024-08-23", "location": "Gresham, OR 97080, USA", "elevation": 50.0, "land_cover_label": "Tree cover", "water_mask": false, "exclude_reason": "keep", "ndvi": null, "soil_moisture": null, "solar_exposure": null, "wind_exposure": null, "water_retention": null, "slope": null, "aspect": null, "num_identification_agreements": 1, "cluster": 0, "tavg": null, "tmin": 13.9, "tmax": 20.0, "prcp_d0": 10.828819274902344, "prcp_d1": 0.2761773765087127, "prcp_d2": 0.4876040518283844, "prcp_d3": 0.0, "prcp_d4": 0.0, "prcp_d5": 12.230467796325684, "prcp_d6": 0.0, "tmax_d0": 20.9, "tmax_d1": 23.7, "tmax_d2": 25.9, "tmax_d3": 25.6, "tmax_d4": 25.2, "tmax_d5": 29.1, "tmax_d6": 29.8, "tmin_d0": 14.2, "tmin_d1": 14.0, "tmin_d2": 12.8, "tmin_d3": 12.1, "tmin_d4": 12.5, "tmin_d5": 13.2, "tmin_d6": 12.9, "day_of_year": 236, "uuid": "8582d3c7-da94-4c9c-a619-5c1caa43a3c7", "inat_id": 237783747}}, {"type": "Feature", "geometry": {"type": "Point", "coordinates": [-121.9914016876, 45.3504970196]}, "properties": {"species": "Fomitopsis mounceae", "date": "2024-08-25", "location": "Wildwood Recreation Site, Welches, OR, US", "elevation": 397.0, "land_cover_label": "Tree cover", "water_mask": false, "exclude_reason": "keep", "ndvi": null, "soil_moisture": null, "solar_exposure": null, "wind_exposure": null, "water_retention": null, "slope": null, "aspect": null, "num_identification_agreements": 1, "cluster": 0, "tavg": null, "tmin": 12.8, "tmax": 26.1, "prcp_d0": 0.1000319197773933, "prcp_d1": 0.1598417311906814, "prcp_d2": 11.758915901184082, "prcp_d3": 0.0997117385268211, "prcp_d4": 0.3107651770114898, "prcp_d5": 0.0, "prcp_d6": 0.0, "tmax_d0": 21.4, "tmax_d1": 17.3, "tmax_d2": 16.6, "tmax_d3": 20.7, "tmax_d4": 22.0, "tmax_d5": 22.7, "tmax_d6": 21.3, "tmin_d0": 8.0, "tmin_d1": 7.5, "tmin_d2": 11.6, "tmin_d3": 12.1, "tmin_d4": 12.3, "tmin_d5": 11.1, "tmin_d6": 10.2, "day_of_year": 238, "uuid": "efc32a85-3857-43c3-8f37-e7f2c9b94607", "inat_id": 237960259}}, {"type": "Feature", "geometry": {"type": "Point", "coordinates": [-121.9950948997, 45.3484705997]}, "properties": {"species": "Fomitopsis mounceae", "date": "2024-08-30", "location": "Welches, OR 97067, USA", "elevation": 373.0, "land_cover_label": "Tree cover", "water_mask": false, "exclude_reason": "keep", "ndvi": null, "soil_moisture": null, "solar_exposure": null, "wind_exposure": null, "water_retention": null, "slope": null, "aspect": null, "num_identification_agreements": 1, "cluster": 0, "tavg": null, "tmin": 17.2, "tmax": 35.0, "prcp_d0": 2.7279868390905904e-06, "prcp_d1": 0.0, "prcp_d2": 0.2924354374408722, "prcp_d3": 4.162413597106934, "prcp_d4": 4.690779405791545e-06, "prcp_d5": 0.0642361864447593, "prcp_d6": 0.1314101964235305, "tmax_d0": 31.8, "tmax_d1": 30.3, "tmax_d2": 22.0, "tmax_d3": 24.8, "tmax_d4": 25.0, "tmax_d5": 21.3, "tmax_d6": 18.1, "tmin_d0": 14.5, "tmin_d1": 10.3, "tmin_d2": 4.5, "tmin_d3": 12.2, "tmin_d4": 8.7, "tmin_d5": 7.9, "tmin_d6": 6.3, "day_of_year": 243, "uuid": "59d95bd7-6cb8-429d-84de-681c6ac7f230", "inat_id": 239106157}}, {"type": "Feature", "geometry": {"type": "Point", "coordinates": [-121.9953139997, 45.3484170997]}, "properties": {"species": "Fomitopsis mounceae", "date": "2024-08-30", "location": "Welches, OR 97067, USA", "elevation": 373.0, "land_cover_label": "Tree cover", "water_mask": false, "exclude_reason": "keep", "ndvi": null, "soil_moisture": null, "solar_exposure": null, "wind_exposure": null, "water_retention": null, "slope": null, "aspect": null, "num_identification_agreements": 1, "cluster": 0, "tavg": null, "tmin": 17.2, "tmax": 35.0, "prcp_d0": 2.7279868390905904e-06, "prcp_d1": 0.0, "prcp_d2": 0.2924354374408722, "prcp_d3": 4.162413597106934, "prcp_d4": 4.690779405791545e-06, "prcp_d5": 0.0642361864447593, "prcp_d6": 0.1314101964235305, "tmax_d0": 31.8, "tmax_d1": 30.3, "tmax_d2": 22.0, "tmax_d3": 24.8, "tmax_d4": 25.0, "tmax_d5": 21.3, "tmax_d6": 18.1, "tmin_d0": 14.5, "tmin_d1": 10.3, "tmin_d2": 4.5, "tmin_d3": 12.2, "tmin_d4": 8.7, "tmin_d5": 7.9, "tmin_d6": 6.3, "day_of_year": 243, "uuid": "fcf3fc77-13df-4e6f-8fa6-8aa052cc1ff9", "inat_id": 239106380}}, {"type": "Feature", "geometry": {"type": "Point", "coordinates": [-122.2264164, 45.3114500178]}, "properties": {"species": "Fomitopsis mounceae", "date": "2024-08-31", "location": "Clackamas County, US-OR, US", "elevation": 411.0, "land_cover_label": "Tree cover", "water_mask": false, "exclude_reason": "keep", "ndvi": null, "soil_moisture": null, "solar_exposure": null, "wind_exposure": null, "water_retention": null, "slope": null, "aspect": null, "num_identification_agreements": 2, "cluster": 0, "tavg": null, "tmin": 15.0, "tmax": 37.2, "prcp_d0": 0.0, "prcp_d1": 1.878793341347773e-06, "prcp_d2": 0.0, "prcp_d3": 0.1995706558227539, "prcp_d4": 3.6365718841552734, "prcp_d5": 3.7093220726092113e-06, "prcp_d6": 0.0822176560759544, "tmax_d0": 32.2, "tmax_d1": 30.9, "tmax_d2": 29.1, "tmax_d3": 20.8, "tmax_d4": 24.7, "tmax_d5": 24.8, "tmax_d6": 21.2, "tmin_d0": 12.9, "tmin_d1": 14.2, "tmin_d2": 10.5, "tmin_d3": 4.6, "tmin_d4": 11.7, "tmin_d5": 8.2, "tmin_d6": 7.3, "day_of_year": 244, "uuid": "1709580f-30f2-4100-9511-07bb71d9d953", "inat_id": 239474673}}, {"type": "Feature", "geometry": {"type": "Point", "coordinates": [-121.922395, 45.2651133333]}, "properties": {"species": "Fomitopsis mounceae", "date": "2024-09-03", "location": "Zigzag Ranger Station, Government Camp, OR, US", "elevation": 567.0, "land_cover_label": "Tree cover", "water_mask": false, "exclude_reason": "keep", "ndvi": null, "soil_moisture": null, "solar_exposure": null, "wind_exposure": null, "water_retention": null, "slope": null, "aspect": null, "num_identification_agreements": 1, "cluster": 0, "tavg": null, "tmin": 17.8, "tmax": 24.4, "prcp_d0": 0.0, "prcp_d1": 0.0, "prcp_d2": 0.0, "prcp_d3": 0.0, "prcp_d4": 2.248012151540024e-06, "prcp_d5": 0.0, "prcp_d6": 0.2448200434446334, "tmax_d0": 21.6, "tmax_d1": 27.9, "tmax_d2": 33.4, "tmax_d3": 35.1, "tmax_d4": 31.7, "tmax_d5": 27.5, "tmax_d6": 22.4, "tmin_d0": 12.5, "tmin_d1": 13.7, "tmin_d2": 14.7, "tmin_d3": 15.2, "tmin_d4": 14.2, "tmin_d5": 11.7, "tmin_d6": 4.7, "day_of_year": 247, "uuid": "34ca9727-71bb-4641-9533-13ceea866a18", "inat_id": 239701121}}, {"type": "Feature", "geometry": {"type": "Point", "coordinates": [-121.9211716667, 45.2633866667]}, "properties": {"species": "Fomitopsis mounceae", "date": "2024-09-03", "location": "Zigzag Ranger Station, Welches, OR, US", "elevation": 555.0, "land_cover_label": "Tree cover", "water_mask": false, "exclude_reason": "keep", "ndvi": null, "soil_moisture": null, "solar_exposure": null, "wind_exposure": null, "water_retention": null, "slope": null, "aspect": null, "num_identification_agreements": 1, "cluster": 0, "tavg": null, "tmin": 17.8, "tmax": 24.4, "prcp_d0": 0.0, "prcp_d1": 0.0, "prcp_d2": 0.0, "prcp_d3": 0.0, "prcp_d4": 2.248012151540024e-06, "prcp_d5": 0.0, "prcp_d6": 0.2448200434446334, "tmax_d0": 21.5, "tmax_d1": 27.8, "tmax_d2": 33.3, "tmax_d3": 35.0, "tmax_d4": 31.6, "tmax_d5": 27.4, "tmax_d6": 22.3, "tmin_d0": 12.4, "tmin_d1": 13.6, "tmin_d2": 14.6, "tmin_d3": 15.1, "tmin_d4": 14.1, "tmin_d5": 11.6, "tmin_d6": 4.6, "day_of_year": 247, "uuid": "9f7c52ee-6f06-4535-b174-33f6c7121c93", "inat_id": 239700740}}, {"type": "Feature", "geometry": {"type": "Point", "coordinates": [-121.9363716667, 45.3451283333]}, "properties": {"species": "Fomitopsis mounceae", "date": "2024-09-07", "location": "E Arthur Hailey Rd, Rhododendron, OR, US", "elevation": 463.0, "land_cover_label": "Tree cover", "water_mask": false, "exclude_reason": "keep", "ndvi": null, "soil_moisture": null, "solar_exposure": null, "wind_exposure": null, "water_retention": null, "slope": null, "aspect": null, "num_identification_agreements": 4, "cluster": 0, "tavg": null, "tmin": 21.1, "tmax": 30.0, "prcp_d0": 0.0, "prcp_d1": 0.0, "prcp_d2": 0.0, "prcp_d3": 0.0, "prcp_d4": 0.0, "prcp_d5": 0.0, "prcp_d6": 0.0, "tmax_d0": 34.7, "tmax_d1": 36.2, "tmax_d2": 35.0, "tmax_d3": 32.6, "tmax_d4": 21.4, "tmax_d5": 27.5, "tmax_d6": 33.4, "tmin_d0": 17.5, "tmin_d1": 17.7, "tmin_d2": 18.4, "tmin_d3": 10.4, "tmin_d4": 12.9, "tmin_d5": 13.0, "tmin_d6": 11.7, "day_of_year": 251, "uuid": "70be285e-526f-443d-a24e-22c872517142", "inat_id": 240454499}}, {"type": "Feature", "geometry": {"type": "Point", "coordinates": [-121.7059739722, 45.3165189722]}, "properties": {"species": "Fomitopsis mounceae", "date": "2024-09-18", "location": "MT HOOD PRKDL, OR 97041, USA", "elevation": 1600.0, "land_cover_label": "Tree cover", "water_mask": false, "exclude_reason": "keep", "ndvi": null, "soil_moisture": null, "solar_exposure": null, "wind_exposure": null, "water_retention": null, "slope": null, "aspect": null, "num_identification_agreements": 1, "cluster": 0, "tavg": null, "tmin": 13.5, "tmax": 21.8, "prcp_d0": 7.5286383628845215, "prcp_d1": 0.0, "prcp_d2": 0.0, "prcp_d3": 0.0, "prcp_d4": 0.0, "prcp_d5": 0.0, "prcp_d6": 0.0, "tmax_d0": 13.0, "tmax_d1": 14.2, "tmax_d2": 16.5, "tmax_d3": 10.6, "tmax_d4": 14.0, "tmax_d5": 15.5, "tmax_d6": 9.7, "tmin_d0": 5.4, "tmin_d1": 4.0, "tmin_d2": 4.1, "tmin_d3": 1.7, "tmin_d4": 5.6, "tmin_d5": 3.0, "tmin_d6": 4.9, "day_of_year": 262, "uuid": "c23515cb-0711-46ac-868c-7be71883709d", "inat_id": 243016454}}, {"type": "Feature", "geometry": {"type": "Point", "coordinates": [-121.8990768, 45.3148063]}, "properties": {"species": "Fomitopsis mounceae", "date": "2024-09-21", "location": "Rhododendron, OR 97049, USA", "elevation": 580.0, "land_cover_label": "Tree cover", "water_mask": false, "exclude_reason": "keep", "ndvi": null, "soil_moisture": null, "solar_exposure": null, "wind_exposure": null, "water_retention": null, "slope": null, "aspect": null, "num_identification_agreements": 1, "cluster": 0, "tavg": null, "tmin": 8.3, "tmax": 25.6, "prcp_d0": 0.0, "prcp_d1": 0.0, "prcp_d2": 0.0, "prcp_d3": 0.0, "prcp_d4": 0.0, "prcp_d5": 11.636656761169434, "prcp_d6": 2.869065284729004, "tmax_d0": 22.7, "tmax_d1": 17.2, "tmax_d2": 19.0, "tmax_d3": 17.5, "tmax_d4": 18.5, "tmax_d5": 19.6, "tmax_d6": 17.1, "tmin_d0": 5.4, "tmin_d1": 7.7, "tmin_d2": 8.4, "tmin_d3": 11.9, "tmin_d4": 8.7, "tmin_d5": 7.5, "tmin_d6": 8.4, "day_of_year": 265, "uuid": "3cbde60e-a37e-44d1-98d3-e0e9a18debc5", "inat_id": 243231313}}, {"type": "Feature", "geometry": {"type": "Point", "coordinates": [-121.9002427, 45.3157634]}, "properties": {"species": "Fomitopsis mounceae", "date": "2024-09-21", "location": "Rhododendron, OR 97049, USA", "elevation": 562.0, "land_cover_label": "Tree cover", "water_mask": false, "exclude_reason": "keep", "ndvi": null, "soil_moisture": null, "solar_exposure": null, "wind_exposure": null, "water_retention": null, "slope": null, "aspect": null, "num_identification_agreements": 1, "cluster": 0, "tavg": null, "tmin": 8.3, "tmax": 25.6, "prcp_d0": 0.0, "prcp_d1": 0.0, "prcp_d2": 0.0, "prcp_d3": 0.0, "prcp_d4": 0.0, "prcp_d5": 12.573562622070312, "prcp_d6": 3.2266054153442383, "tmax_d0": 22.7, "tmax_d1": 17.3, "tmax_d2": 19.1, "tmax_d3": 17.6, "tmax_d4": 18.6, "tmax_d5": 19.7, "tmax_d6": 17.2, "tmin_d0": 5.4, "tmin_d1": 7.8, "tmin_d2": 8.4, "tmin_d3": 11.9, "tmin_d4": 8.7, "tmin_d5": 7.5, "tmin_d6": 8.5, "day_of_year": 265, "uuid": "730d3f03-220b-467d-bd15-28be7316cc90", "inat_id": 243228488}}, {"type": "Feature", "geometry": {"type": "Point", "coordinates": [-121.8985961, 45.3151707]}, "properties": {"species": "Fomitopsis mounceae", "date": "2024-09-21", "location": "Rhododendron, OR 97049, USA", "elevation": 580.0, "land_cover_label": "Tree cover", "water_mask": false, "exclude_reason": "keep", "ndvi": null, "soil_moisture": null, "solar_exposure": null, "wind_exposure": null, "water_retention": null, "slope": null, "aspect": null, "num_identification_agreements": 1, "cluster": 0, "tavg": null, "tmin": 8.3, "tmax": 25.6, "prcp_d0": 0.0, "prcp_d1": 0.0, "prcp_d2": 0.0, "prcp_d3": 0.0, "prcp_d4": 0.0, "prcp_d5": 11.636656761169434, "prcp_d6": 2.869065284729004, "tmax_d0": 22.7, "tmax_d1": 17.2, "tmax_d2": 19.0, "tmax_d3": 17.5, "tmax_d4": 18.5, "tmax_d5": 19.6, "tmax_d6": 17.1, "tmin_d0": 5.4, "tmin_d1": 7.7, "tmin_d2": 8.4, "tmin_d3": 11.9, "tmin_d4": 8.7, "tmin_d5": 7.5, "tmin_d6": 8.4, "day_of_year": 265, "uuid": "71ea4fbe-691f-44f8-99be-a15f3cdeab5e", "inat_id": 243233325}}, {"type": "Feature", "geometry": {"type": "Point", "coordinates": [-121.8733366667, 44.5608166667]}, "properties": {"species": "Fomitopsis mounceae", "date": "2024-09-23", "location": "Willamette National Forest, Sisters, OR, US", "elevation": 1284.0, "land_cover_label": "Tree cover", "water_mask": false, "exclude_reason": "keep", "ndvi": null, "soil_moisture": null, "solar_exposure": null, "wind_exposure": null, "water_retention": null, "slope": null, "aspect": null, "num_identification_agreements": 1, "cluster": 0, "tavg": null, "tmin": null, "tmax": null, "prcp_d0": 0.0, "prcp_d1": 0.0, "prcp_d2": 0.0, "prcp_d3": 0.0, "prcp_d4": 0.0, "prcp_d5": 0.0, "prcp_d6": 0.0, "tmax_d0": 23.5, "tmax_d1": 20.5, "tmax_d2": 19.3, "tmax_d3": 16.7, "tmax_d4": 18.4, "tmax_d5": 16.6, "tmax_d6": 15.0, "tmin_d0": 10.9, "tmin_d1": 7.2, "tmin_d2": 3.4, "tmin_d3": 5.4, "tmin_d4": 8.9, "tmin_d5": 6.4, "tmin_d6": 7.1, "day_of_year": 267, "uuid": "c647aff3-6561-404e-b6cc-aa15293d4b70", "inat_id": 244365167}}, {"type": "Feature", "geometry": {"type": "Point", "coordinates": [-122.0354815997, 45.3851551997]}, "properties": {"species": "Fomitopsis mounceae", "date": "2024-09-27", "location": "Sandy, OR 97055, USA", "elevation": 355.0, "land_cover_label": "Tree cover", "water_mask": false, "exclude_reason": "keep", "ndvi": null, "soil_moisture": null, "solar_exposure": null, "wind_exposure": null, "water_retention": null, "slope": null, "aspect": null, "num_identification_agreements": 2, "cluster": 0, "tavg": null, "tmin": 14.4, "tmax": 23.9, "prcp_d0": 0.0, "prcp_d1": 0.0, "prcp_d2": 0.0, "prcp_d3": 0.0, "prcp_d4": 0.0, "prcp_d5": 0.0, "prcp_d6": 0.0, "tmax_d0": 19.4, "tmax_d1": 19.4, "tmax_d2": 29.0, "tmax_d3": 31.2, "tmax_d4": 23.4, "tmax_d5": 22.2, "tmax_d6": 22.9, "tmin_d0": 12.3, "tmin_d1": 8.2, "tmin_d2": 13.5, "tmin_d3": 13.7, "tmin_d4": 10.3, "tmin_d5": 7.4, "tmin_d6": 4.0, "day_of_year": 271, "uuid": "384caea9-fb36-40df-9de9-e1f9b8441cb9", "inat_id": 252313906}}, {"type": "Feature", "geometry": {"type": "Point", "coordinates": [-122.0372883997, 45.3851274]}, "properties": {"species": "Fomitopsis mounceae", "date": "2024-09-27", "location": "Sandy, OR 97055, USA", "elevation": 355.0, "land_cover_label": "Tree cover", "water_mask": false, "exclude_reason": "keep", "ndvi": null, "soil_moisture": null, "solar_exposure": null, "wind_exposure": null, "water_retention": null, "slope": null, "aspect": null, "num_identification_agreements": 1, "cluster": 0, "tavg": null, "tmin": 14.4, "tmax": 23.9, "prcp_d0": 0.0, "prcp_d1": 0.0, "prcp_d2": 0.0, "prcp_d3": 0.0, "prcp_d4": 0.0, "prcp_d5": 0.0, "prcp_d6": 0.0, "tmax_d0": 19.5, "tmax_d1": 19.5, "tmax_d2": 29.0, "tmax_d3": 31.2, "tmax_d4": 23.4, "tmax_d5": 22.2, "tmax_d6": 23.0, "tmin_d0": 12.3, "tmin_d1": 8.2, "tmin_d2": 13.5, "tmin_d3": 13.7, "tmin_d4": 10.3, "tmin_d5": 7.4, "tmin_d6": 4.0, "day_of_year": 271, "uuid": "d4ca4648-5510-4c7e-90b4-9a4d2c9880f3", "inat_id": 252311694}}, {"type": "Feature", "geometry": {"type": "Point", "coordinates": [-122.0396748, 45.3843717]}, "properties": {"species": "Fomitopsis mounceae", "date": "2024-09-27", "location": "Sandy, OR 97055, USA", "elevation": 325.0, "land_cover_label": "Tree cover", "water_mask": false, "exclude_reason": "keep", "ndvi": null, "soil_moisture": null, "solar_exposure": null, "wind_exposure": null, "water_retention": null, "slope": null, "aspect": null, "num_identification_agreements": 1, "cluster": 0, "tavg": null, "tmin": 14.4, "tmax": 23.9, "prcp_d0": 0.0, "prcp_d1": 0.0, "prcp_d2": 0.0, "prcp_d3": 0.0, "prcp_d4": 0.0, "prcp_d5": 0.0, "prcp_d6": 0.0, "tmax_d0": 19.5, "tmax_d1": 19.5, "tmax_d2": 29.0, "tmax_d3": 31.2, "tmax_d4": 23.5, "tmax_d5": 22.2, "tmax_d6": 23.0, "tmin_d0": 12.4, "tmin_d1": 8.3, "tmin_d2": 13.6, "tmin_d3": 13.8, "tmin_d4": 10.4, "tmin_d5": 7.5, "tmin_d6": 4.0, "day_of_year": 271, "uuid": "8efd5d68-548c-4c2c-818f-62159a567cd9", "inat_id": 252309320}}, {"type": "Feature", "geometry": {"type": "Point", "coordinates": [-122.037159, 45.3841498997]}, "properties": {"species": "Fomitopsis mounceae", "date": "2024-09-27", "location": "Sandy, OR 97055, USA", "elevation": 355.0, "land_cover_label": "Tree cover", "water_mask": false, "exclude_reason": "keep", "ndvi": null, "soil_moisture": null, "solar_exposure": null, "wind_exposure": null, "water_retention": null, "slope": null, "aspect": null, "num_identification_agreements": 1, "cluster": 0, "tavg": null, "tmin": 14.4, "tmax": 23.9, "prcp_d0": 0.0, "prcp_d1": 0.0, "prcp_d2": 0.0, "prcp_d3": 0.0, "prcp_d4": 0.0, "prcp_d5": 0.0, "prcp_d6": 0.0, "tmax_d0": 19.4, "tmax_d1": 19.4, "tmax_d2": 28.9, "tmax_d3": 31.1, "tmax_d4": 23.4, "tmax_d5": 22.1, "tmax_d6": 22.9, "tmin_d0": 12.3, "tmin_d1": 8.2, "tmin_d2": 13.5, "tmin_d3": 13.7, "tmin_d4": 10.3, "tmin_d5": 7.4, "tmin_d6": 3.9, "day_of_year": 271, "uuid": "8ea9bc2a-6919-4d77-8c46-b1a1f38ddb1e", "inat_id": 253454283}}, {"type": "Feature", "geometry": {"type": "Point", "coordinates": [-122.0373282, 45.383881]}, "properties": {"species": "Fomitopsis mounceae", "date": "2024-09-27", "location": "Sandy, OR 97055, USA", "elevation": 355.0, "land_cover_label": "Tree cover", "water_mask": false, "exclude_reason": "keep", "ndvi": null, "soil_moisture": null, "solar_exposure": null, "wind_exposure": null, "water_retention": null, "slope": null, "aspect": null, "num_identification_agreements": 1, "cluster": 0, "tavg": null, "tmin": 14.4, "tmax": 23.9, "prcp_d0": 0.0, "prcp_d1": 0.0, "prcp_d2": 0.0, "prcp_d3": 0.0, "prcp_d4": 0.0, "prcp_d5": 0.0, "prcp_d6": 0.0, "tmax_d0": 19.4, "tmax_d1": 19.4, "tmax_d2": 28.9, "tmax_d3": 31.1, "tmax_d4": 23.4, "tmax_d5": 22.1, "tmax_d6": 22.9, "tmin_d0": 12.3, "tmin_d1": 8.2, "tmin_d2": 13.5, "tmin_d3": 13.7, "tmin_d4": 10.3, "tmin_d5": 7.4, "tmin_d6": 3.9, "day_of_year": 271, "uuid": "acfc4646-8584-482c-b81c-28937f9381b9", "inat_id": 253454306}}, {"type": "Feature", "geometry": {"type": "Point", "coordinates": [-122.0358533997, 45.3837006997]}, "properties": {"species": "Fomitopsis mounceae", "date": "2024-09-27", "location": "Sandy, OR 97055, USA", "elevation": 355.0, "land_cover_label": "Tree cover", "water_mask": false, "exclude_reason": "keep", "ndvi": null, "soil_moisture": null, "solar_exposure": null, "wind_exposure": null, "water_retention": null, "slope": null, "aspect": null, "num_identification_agreements": 1, "cluster": 0, "tavg": null, "tmin": 14.4, "tmax": 23.9, "prcp_d0": 0.0, "prcp_d1": 0.0, "prcp_d2": 0.0, "prcp_d3": 0.0, "prcp_d4": 0.0, "prcp_d5": 0.0, "prcp_d6": 0.0, "tmax_d0": null, "tmax_d1": null, "tmax_d2": null, "tmax_d3": null, "tmax_d4": null, "tmax_d5": null, "tmax_d6": null, "tmin_d0": null, "tmin_d1": null, "tmin_d2": null, "tmin_d3": null, "tmin_d4": null, "tmin_d5": null, "tmin_d6": null, "day_of_year": 271, "uuid": "a16f6968-3da0-41cf-9208-7791044bc99e", "inat_id": 253455440}}, {"type": "Feature", "geometry": {"type": "Point", "coordinates": [-122.0368165997, 45.3848094]}, "properties": {"species": "Fomitopsis mounceae", "date": "2024-09-27", "location": "Sandy, OR 97055, USA", "elevation": 355.0, "land_cover_label": "Tree cover", "water_mask": false, "exclude_reason": "keep", "ndvi": null, "soil_moisture": null, "solar_exposure": null, "wind_exposure": null, "water_retention": null, "slope": null, "aspect": null, "num_identification_agreements": 1, "cluster": 0, "tavg": null, "tmin": 14.4, "tmax": 23.9, "prcp_d0": 0.0, "prcp_d1": 0.0, "prcp_d2": 0.0, "prcp_d3": 0.0, "prcp_d4": 0.0, "prcp_d5": 0.0, "prcp_d6": 0.0, "tmax_d0": null, "tmax_d1": null, "tmax_d2": null, "tmax_d3": null, "tmax_d4": null, "tmax_d5": null, "tmax_d6": null, "tmin_d0": null, "tmin_d1": null, "tmin_d2": null, "tmin_d3": null, "tmin_d4": null, "tmin_d5": null, "tmin_d6": null, "day_of_year": 271, "uuid": "e96db55e-81ac-407e-8c78-b8d6ef2fae64", "inat_id": 253453437}}, {"type": "Feature", "geometry": {"type": "Point", "coordinates": [-122.1099118292, 45.5006458343]}, "properties": {"species": "Fomitopsis mounceae", "date": "2024-09-27", "location": "Zigzag Ranger Station, Corbett, OR, US", "elevation": 740.0, "land_cover_label": "Tree cover", "water_mask": false, "exclude_reason": "keep", "ndvi": null, "soil_moisture": null, "solar_exposure": null, "wind_exposure": null, "water_retention": null, "slope": null, "aspect": null, "num_identification_agreements": 1, "cluster": 0, "tavg": null, "tmin": 14.4, "tmax": 23.9, "prcp_d0": 0.0, "prcp_d1": 0.0, "prcp_d2": 0.0, "prcp_d3": 0.0, "prcp_d4": 0.0, "prcp_d5": 0.0, "prcp_d6": 0.0, "tmax_d0": 16.8, "tmax_d1": 17.2, "tmax_d2": 27.0, "tmax_d3": 28.4, "tmax_d4": 21.2, "tmax_d5": 20.0, "tmax_d6": 20.7, "tmin_d0": 9.6, "tmin_d1": 4.8, "tmin_d2": 11.3, "tmin_d3": 12.0, "tmin_d4": 10.9, "tmin_d5": 7.3, "tmin_d6": 4.2, "day_of_year": 271, "uuid": "ee8a975d-ae67-4065-8fca-a9306892838f", "inat_id": 244427323}}, {"type": "Feature", "geometry": {"type": "Point", "coordinates": [-121.778205, 45.3052966667]}, "properties": {"species": "Fomitopsis mounceae", "date": "2024-09-28", "location": "Mt. Hood Park Division Recreation Area, Government Camp, OR, US", "elevation": 1132.0, "land_cover_label": "Tree cover", "water_mask": false, "exclude_reason": "keep", "ndvi": null, "soil_moisture": null, "solar_exposure": null, "wind_exposure": null, "water_retention": null, "slope": null, "aspect": null, "num_identification_agreements": 1, "cluster": 0, "tavg": null, "tmin": 11.8, "tmax": 26.0, "prcp_d0": 0.0, "prcp_d1": 0.0, "prcp_d2": 0.0, "prcp_d3": 7.666710376739502, "prcp_d4": 0.0, "prcp_d5": 0.0, "prcp_d6": 0.0, "tmax_d0": 23.4, "tmax_d1": 18.1, "tmax_d2": 17.6, "tmax_d3": 25.1, "tmax_d4": 26.7, "tmax_d5": 20.7, "tmax_d6": 19.4, "tmin_d0": 11.9, "tmin_d1": 9.8, "tmin_d2": 2.5, "tmin_d3": 10.0, "tmin_d4": 14.7, "tmin_d5": 9.3, "tmin_d6": 9.6, "day_of_year": 272, "uuid": "b99c528d-220c-42d4-9c1e-e21368d11d15", "inat_id": 244603833}}, {"type": "Feature", "geometry": {"type": "Point", "coordinates": [-122.0271101524, 45.5117937777]}, "properties": {"species": "Fomitopsis mounceae", "date": "2024-09-28", "location": "Zigzag Ranger Station, Corbett, OR, US", "elevation": 626.0, "land_cover_label": "Tree cover", "water_mask": false, "exclude_reason": "keep", "ndvi": null, "soil_moisture": null, "solar_exposure": null, "wind_exposure": null, "water_retention": null, "slope": null, "aspect": null, "num_identification_agreements": 1, "cluster": 0, "tavg": null, "tmin": 11.7, "tmax": 23.9, "prcp_d0": 0.0, "prcp_d1": 0.0, "prcp_d2": 0.0, "prcp_d3": 0.0, "prcp_d4": 0.0, "prcp_d5": 0.0, "prcp_d6": 0.0, "tmax_d0": 20.6, "tmax_d1": 17.7, "tmax_d2": 18.1, "tmax_d3": 27.9, "tmax_d4": 29.3, "tmax_d5": 22.1, "tmax_d6": 20.9, "tmin_d0": 10.7, "tmin_d1": 10.5, "tmin_d2": 5.7, "tmin_d3": 12.2, "tmin_d4": 12.9, "tmin_d5": 11.8, "tmin_d6": 8.2, "day_of_year": 272, "uuid": "ebdc3ebf-08f4-4167-bf3b-35a5fa8180f5", "inat_id": 244555489}}, {"type": "Feature", "geometry": {"type": "Point", "coordinates": [-122.0762945339, 45.5895113977]}, "properties": {"species": "Fomitopsis mounceae", "date": "2024-09-28", "location": "Multnomah County, US-OR, Lewis and Clark National Historic Trail, US", "elevation": 102.0, "land_cover_label": "Tree cover", "water_mask": false, "exclude_reason": "keep", "ndvi": null, "soil_moisture": null, "solar_exposure": null, "wind_exposure": null, "water_retention": null, "slope": null, "aspect": null, "num_identification_agreements": 1, "cluster": 0, "tavg": null, "tmin": 11.7, "tmax": 23.9, "prcp_d0": 0.0, "prcp_d1": 0.0, "prcp_d2": 0.0, "prcp_d3": 0.0, "prcp_d4": 0.0, "prcp_d5": 0.0, "prcp_d6": 0.0, "tmax_d0": 24.1, "tmax_d1": 21.8, "tmax_d2": 21.8, "tmax_d3": 31.6, "tmax_d4": 32.1, "tmax_d5": 26.6, "tmax_d6": 24.9, "tmin_d0": 14.7, "tmin_d1": 14.1, "tmin_d2": 10.6, "tmin_d3": 15.7, "tmin_d4": 17.8, "tmin_d5": 16.5, "tmin_d6": 12.3, "day_of_year": 272, "uuid": "cbb975ed-d462-4f05-8072-666777e68f2d", "inat_id": 244572146}}, {"type": "Feature", "geometry": {"type": "Point", "coordinates": [-122.0815361667, 45.5409366667]}, "properties": {"species": "Fomitopsis mounceae", "date": "2024-09-29", "location": "Zigzag Ranger Station, Corbett, OR, US", "elevation": 906.0, "land_cover_label": "Tree cover", "water_mask": false, "exclude_reason": "keep", "ndvi": null, "soil_moisture": null, "solar_exposure": null, "wind_exposure": null, "water_retention": null, "slope": null, "aspect": null, "num_identification_agreements": 2, "cluster": 0, "tavg": null, "tmin": 8.9, "tmax": 20.0, "prcp_d0": 0.0, "prcp_d1": 0.0, "prcp_d2": 0.0, "prcp_d3": 0.0, "prcp_d4": 0.0, "prcp_d5": 0.0, "prcp_d6": 0.0, "tmax_d0": 16.0, "tmax_d1": 18.8, "tmax_d2": 15.9, "tmax_d3": 16.4, "tmax_d4": 26.1, "tmax_d5": 27.6, "tmax_d6": 20.3, "tmin_d0": 4.2, "tmin_d1": 9.0, "tmin_d2": 8.8, "tmin_d3": 4.0, "tmin_d4": 10.4, "tmin_d5": 11.1, "tmin_d6": 10.1, "day_of_year": 273, "uuid": "f0efa9d5-8609-4de2-8c86-f4897f4e537e", "inat_id": 244827919}}, {"type": "Feature", "geometry": {"type": "Point", "coordinates": [-121.9067890997, 45.3217957997]}, "properties": {"species": "Fomitopsis mounceae", "date": "2024-10-09", "location": "Rhododendron, OR 97049, USA", "elevation": 543.0, "land_cover_label": "Tree cover", "water_mask": false, "exclude_reason": "keep", "ndvi": null, "soil_moisture": null, "solar_exposure": null, "wind_exposure": null, "water_retention": null, "slope": null, "aspect": null, "num_identification_agreements": 1, "cluster": 2, "tavg": null, "tmin": 11.1, "tmax": 20.0, "prcp_d0": 0.0, "prcp_d1": 0.0, "prcp_d2": 0.0, "prcp_d3": 0.0, "prcp_d4": 1.641976833343506, "prcp_d5": 37.03405380249024, "prcp_d6": 0.0, "tmax_d0": 17.9, "tmax_d1": 24.5, "tmax_d2": 26.1, "tmax_d3": 22.0, "tmax_d4": 22.8, "tmax_d5": 19.8, "tmax_d6": 20.8, "tmin_d0": 11.1, "tmin_d1": 12.6, "tmin_d2": 11.1, "tmin_d3": 8.2, "tmin_d4": 4.4, "tmin_d5": 9.5, "tmin_d6": 5.3, "day_of_year": 283, "uuid": "18f28c0c-783b-427d-a639-d25aa33438e7", "inat_id": 246748731}}, {"type": "Feature", "geometry": {"type": "Point", "coordinates": [-122.3010503997, 45.4892966]}, "properties": {"species": "Fomitopsis mounceae", "date": "2024-10-12", "location": "Gresham, OR 97080, USA", "elevation": 79.0, "land_cover_label": "Tree cover", "water_mask": false, "exclude_reason": "keep", "ndvi": null, "soil_moisture": null, "solar_exposure": null, "wind_exposure": null, "water_retention": null, "slope": null, "aspect": null, "num_identification_agreements": 2, "cluster": 0, "tavg": null, "tmin": 8.9, "tmax": 24.4, "prcp_d0": 0.0, "prcp_d1": 19.49992752075196, "prcp_d2": 0.0, "prcp_d3": 0.0, "prcp_d4": 0.0, "prcp_d5": 0.0, "prcp_d6": 0.0, "tmax_d0": 24.3, "tmax_d1": 21.3, "tmax_d2": 20.9, "tmax_d3": 20.5, "tmax_d4": 25.2, "tmax_d5": 27.6, "tmax_d6": 21.7, "tmin_d0": 9.4, "tmin_d1": 10.8, "tmin_d2": 6.3, "tmin_d3": 13.3, "tmin_d4": 10.8, "tmin_d5": 8.3, "tmin_d6": 6.5, "day_of_year": 286, "uuid": "ab26efdf-7a15-4bfb-8112-637be4d8a28d", "inat_id": 247063289}}, {"type": "Feature", "geometry": {"type": "Point", "coordinates": [-122.2998345997, 45.4886495]}, "properties": {"species": "Fomitopsis mounceae", "date": "2024-10-12", "location": "Gresham, OR 97080, USA", "elevation": 80.0, "land_cover_label": "Tree cover", "water_mask": false, "exclude_reason": "keep", "ndvi": null, "soil_moisture": null, "solar_exposure": null, "wind_exposure": null, "water_retention": null, "slope": null, "aspect": null, "num_identification_agreements": 2, "cluster": 0, "tavg": null, "tmin": 8.9, "tmax": 24.4, "prcp_d0": 0.0, "prcp_d1": 13.305500984191896, "prcp_d2": 0.0, "prcp_d3": 0.0, "prcp_d4": 0.0, "prcp_d5": 0.0, "prcp_d6": 0.0, "tmax_d0": 24.2, "tmax_d1": 21.1, "tmax_d2": 20.7, "tmax_d3": 20.3, "tmax_d4": 25.1, "tmax_d5": 27.5, "tmax_d6": 21.6, "tmin_d0": 9.3, "tmin_d1": 10.7, "tmin_d2": 6.1, "tmin_d3": 13.2, "tmin_d4": 10.7, "tmin_d5": 8.1, "tmin_d6": 6.4, "day_of_year": 286, "uuid": "ceedc729-4cbe-4769-ac9f-94d794401562", "inat_id": 247064275}}, {"type": "Feature", "geometry": {"type": "Point", "coordinates": [-122.2994692997, 45.4881487997]}, "properties": {"species": "Fomitopsis mounceae", "date": "2024-10-12", "location": "Gresham, OR 97080, USA", "elevation": 80.0, "land_cover_label": "Tree cover", "water_mask": false, "exclude_reason": "keep", "ndvi": null, "soil_moisture": null, "solar_exposure": null, "wind_exposure": null, "water_retention": null, "slope": null, "aspect": null, "num_identification_agreements": 1, "cluster": 0, "tavg": null, "tmin": 8.9, "tmax": 24.4, "prcp_d0": 0.0, "prcp_d1": 13.305500984191896, "prcp_d2": 0.0, "prcp_d3": 0.0, "prcp_d4": 0.0, "prcp_d5": 0.0, "prcp_d6": 0.0, "tmax_d0": 23.7, "tmax_d1": 21.7, "tmax_d2": 20.1, "tmax_d3": 19.9, "tmax_d4": 25.0, "tmax_d5": 27.1, "tmax_d6": 21.4, "tmin_d0": 7.9, "tmin_d1": 9.0, "tmin_d2": 3.9, "tmin_d3": 12.5, "tmin_d4": 9.8, "tmin_d5": 7.9, "tmin_d6": 7.3, "day_of_year": 286, "uuid": "d9f4e353-0d64-496f-934d-7dd9c7c958af", "inat_id": 247065561}}, {"type": "Feature", "geometry": {"type": "Point", "coordinates": [-121.9398333333, 45.2656133333]}, "properties": {"species": "Fomitopsis mounceae", "date": "2024-10-14", "location": "Zigzag Ranger Station, Government Camp, OR, US", "elevation": 584.0, "land_cover_label": "Tree cover", "water_mask": false, "exclude_reason": "keep", "ndvi": null, "soil_moisture": null, "solar_exposure": null, "wind_exposure": null, "water_retention": null, "slope": null, "aspect": null, "num_identification_agreements": 1, "cluster": 0, "tavg": null, "tmin": 10.6, "tmax": 23.9, "prcp_d0": 0.0, "prcp_d1": 0.0, "prcp_d2": 0.0, "prcp_d3": 16.696866989135742, "prcp_d4": 0.0, "prcp_d5": 0.0, "prcp_d6": 0.0, "tmax_d0": 21.1, "tmax_d1": 24.0, "tmax_d2": 23.1, "tmax_d3": 23.2, "tmax_d4": 19.0, "tmax_d5": 17.6, "tmax_d6": 24.2, "tmin_d0": 10.1, "tmin_d1": 7.3, "tmin_d2": 11.5, "tmin_d3": 9.1, "tmin_d4": 1.9, "tmin_d5": 10.8, "tmin_d6": 12.3, "day_of_year": 288, "uuid": "2d403aae-5fb3-40b3-9fb6-3f6f6e01bc7d", "inat_id": 247497065}}, {"type": "Feature", "geometry": {"type": "Point", "coordinates": [-122.2902052997, 45.4971601]}, "properties": {"species": "Fomitopsis mounceae", "date": "2024-10-19", "location": "FPW6+82V, Corbett, OR 97080, USA", "elevation": 60.0, "land_cover_label": "Tree cover", "water_mask": false, "exclude_reason": "keep", "ndvi": null, "soil_moisture": null, "solar_exposure": null, "wind_exposure": null, "water_retention": null, "slope": null, "aspect": null, "num_identification_agreements": 2, "cluster": 0, "tavg": null, "tmin": 12.2, "tmax": 22.8, "prcp_d0": 0.0, "prcp_d1": 0.0, "prcp_d2": 0.0, "prcp_d3": 44.570289611816406, "prcp_d4": 0.0, "prcp_d5": 0.0, "prcp_d6": 0.0, "tmax_d0": 20.5, "tmax_d1": 12.8, "tmax_d2": 14.2, "tmax_d3": 15.9, "tmax_d4": 20.1, "tmax_d5": 21.1, "tmax_d6": 22.7, "tmin_d0": 10.5, "tmin_d1": 5.8, "tmin_d2": 7.9, "tmin_d3": 12.3, "tmin_d4": 13.6, "tmin_d5": 10.0, "tmin_d6": 8.1, "day_of_year": 293, "uuid": "cf9a396d-341a-4f4e-9bab-41fa3e2c5e6b", "inat_id": 249094701}}, {"type": "Feature", "geometry": {"type": "Point", "coordinates": [-122.2845614, 45.5164092997]}, "properties": {"species": "Fomitopsis mounceae", "date": "2024-10-19", "location": "Corbett, OR 97019, USA", "elevation": 158.0, "land_cover_label": "Tree cover", "water_mask": false, "exclude_reason": "keep", "ndvi": null, "soil_moisture": null, "solar_exposure": null, "wind_exposure": null, "water_retention": null, "slope": null, "aspect": null, "num_identification_agreements": 2, "cluster": 0, "tavg": null, "tmin": 12.2, "tmax": 22.8, "prcp_d0": 0.0, "prcp_d1": 0.0, "prcp_d2": 0.0, "prcp_d3": 0.0, "prcp_d4": 0.0, "prcp_d5": 0.0, "prcp_d6": 0.0, "tmax_d0": 20.3, "tmax_d1": 12.6, "tmax_d2": 14.0, "tmax_d3": 15.7, "tmax_d4": 19.9, "tmax_d5": 20.9, "tmax_d6": 22.5, "tmin_d0": 10.3, "tmin_d1": 5.6, "tmin_d2": 7.7, "tmin_d3": 12.1, "tmin_d4": 13.4, "tmin_d5": 9.8, "tmin_d6": 7.9, "day_of_year": 293, "uuid": "3d46f27b-8336-4cfb-84c3-1b73d086d9cf", "inat_id": 249093354}}, {"type": "Feature", "geometry": {"type": "Point", "coordinates": [-122.2845614, 45.5164092997]}, "properties": {"species": "Fomitopsis mounceae", "date": "2024-10-19", "location": "Corbett, OR 97019, USA", "elevation": 158.0, "land_cover_label": "Tree cover", "water_mask": false, "exclude_reason": "keep", "ndvi": null, "soil_moisture": null, "solar_exposure": null, "wind_exposure": null, "water_retention": null, "slope": null, "aspect": null, "num_identification_agreements": 1, "cluster": 0, "tavg": null, "tmin": 12.2, "tmax": 22.8, "prcp_d0": 0.0, "prcp_d1": 0.0, "prcp_d2": 0.0, "prcp_d3": 0.0, "prcp_d4": 0.0, "prcp_d5": 0.0, "prcp_d6": 0.0, "tmax_d0": 20.3, "tmax_d1": 12.6, "tmax_d2": 14.0, "tmax_d3": 15.7, "tmax_d4": 19.9, "tmax_d5": 20.9, "tmax_d6": 22.5, "tmin_d0": 10.3, "tmin_d1": 5.6, "tmin_d2": 7.7, "tmin_d3": 12.1, "tmin_d4": 13.4, "tmin_d5": 9.8, "tmin_d6": 7.9, "day_of_year": 293, "uuid": "39f039f6-d8df-4ef2-b378-b83223dc1905", "inat_id": 249075558}}, {"type": "Feature", "geometry": {"type": "Point", "coordinates": [-122.2845614, 45.5164092997]}, "properties": {"species": "Fomitopsis mounceae", "date": "2024-10-19", "location": "Corbett, OR 97019, USA", "elevation": 158.0, "land_cover_label": "Tree cover", "water_mask": false, "exclude_reason": "keep", "ndvi": null, "soil_moisture": null, "solar_exposure": null, "wind_exposure": null, "water_retention": null, "slope": null, "aspect": null, "num_identification_agreements": 2, "cluster": 0, "tavg": null, "tmin": 12.2, "tmax": 22.8, "prcp_d0": 0.0, "prcp_d1": 0.0, "prcp_d2": 0.0, "prcp_d3": 0.0, "prcp_d4": 0.0, "prcp_d5": 0.0, "prcp_d6": 0.0, "tmax_d0": 20.3, "tmax_d1": 12.6, "tmax_d2": 14.0, "tmax_d3": 15.7, "tmax_d4": 19.9, "tmax_d5": 20.9, "tmax_d6": 22.5, "tmin_d0": 10.3, "tmin_d1": 5.6, "tmin_d2": 7.7, "tmin_d3": 12.1, "tmin_d4": 13.4, "tmin_d5": 9.8, "tmin_d6": 7.9, "day_of_year": 293, "uuid": "3913842e-ac9d-49cd-980c-65b668f878f3", "inat_id": 249074179}}, {"type": "Feature", "geometry": {"type": "Point", "coordinates": [-122.2901772997, 45.4971087997]}, "properties": {"species": "Fomitopsis mounceae", "date": "2024-10-19", "location": "FPW6+82V, Corbett, OR 97080, USA", "elevation": 60.0, "land_cover_label": "Tree cover", "water_mask": false, "exclude_reason": "keep", "ndvi": null, "soil_moisture": null, "solar_exposure": null, "wind_exposure": null, "water_retention": null, "slope": null, "aspect": null, "num_identification_agreements": 3, "cluster": 0, "tavg": null, "tmin": 12.2, "tmax": 22.8, "prcp_d0": 0.0, "prcp_d1": 0.0, "prcp_d2": 0.0, "prcp_d3": 44.570289611816406, "prcp_d4": 0.0, "prcp_d5": 0.0, "prcp_d6": 0.0, "tmax_d0": 20.5, "tmax_d1": 12.8, "tmax_d2": 14.2, "tmax_d3": 15.9, "tmax_d4": 20.1, "tmax_d5": 21.1, "tmax_d6": 22.7, "tmin_d0": 10.5, "tmin_d1": 5.8, "tmin_d2": 7.9, "tmin_d3": 12.3, "tmin_d4": 13.6, "tmin_d5": 10.0, "tmin_d6": 8.1, "day_of_year": 293, "uuid": "9d9cb3b8-72dd-4525-9abf-a698877e9143", "inat_id": 249004687}}, {"type": "Feature", "geometry": {"type": "Point", "coordinates": [-122.3092467997, 45.4899782997]}, "properties": {"species": "Fomitopsis mounceae", "date": "2024-10-19", "location": "Gresham, OR 97080, USA", "elevation": 137.0, "land_cover_label": "Tree cover", "water_mask": false, "exclude_reason": "keep", "ndvi": null, "soil_moisture": null, "solar_exposure": null, "wind_exposure": null, "water_retention": null, "slope": null, "aspect": null, "num_identification_agreements": 2, "cluster": 0, "tavg": null, "tmin": 12.2, "tmax": 22.8, "prcp_d0": 0.0, "prcp_d1": 0.0, "prcp_d2": 0.0, "prcp_d3": 0.0, "prcp_d4": 0.0, "prcp_d5": 0.0, "prcp_d6": 0.0, "tmax_d0": 19.9, "tmax_d1": 12.7, "tmax_d2": 12.7, "tmax_d3": 15.2, "tmax_d4": 19.5, "tmax_d5": 20.8, "tmax_d6": 22.5, "tmin_d0": 10.0, "tmin_d1": 5.6, "tmin_d2": 7.1, "tmin_d3": 11.5, "tmin_d4": 13.3, "tmin_d5": 7.8, "tmin_d6": 7.8, "day_of_year": 293, "uuid": "520b3d77-439f-4988-b5e1-5e936ba7a953", "inat_id": 248378083}}, {"type": "Feature", "geometry": {"type": "Point", "coordinates": [-122.2901772997, 45.4971086997]}, "properties": {"species": "Fomitopsis mounceae", "date": "2024-10-19", "location": "FPW6+82V, Corbett, OR 97080, USA", "elevation": 60.0, "land_cover_label": "Tree cover", "water_mask": false, "exclude_reason": "keep", "ndvi": null, "soil_moisture": null, "solar_exposure": null, "wind_exposure": null, "water_retention": null, "slope": null, "aspect": null, "num_identification_agreements": 2, "cluster": 0, "tavg": null, "tmin": 12.2, "tmax": 22.8, "prcp_d0": 0.0, "prcp_d1": 0.0, "prcp_d2": 0.0, "prcp_d3": 44.570289611816406, "prcp_d4": 0.0, "prcp_d5": 0.0, "prcp_d6": 0.0, "tmax_d0": 20.5, "tmax_d1": 12.8, "tmax_d2": 14.2, "tmax_d3": 15.9, "tmax_d4": 20.1, "tmax_d5": 21.1, "tmax_d6": 22.7, "tmin_d0": 10.5, "tmin_d1": 5.8, "tmin_d2": 7.9, "tmin_d3": 12.3, "tmin_d4": 13.6, "tmin_d5": 10.0, "tmin_d6": 8.1, "day_of_year": 293, "uuid": "4399c4d8-5cbe-490f-9c69-e60ae29334dc", "inat_id": 249093675}}, {"type": "Feature", "geometry": {"type": "Point", "coordinates": [-121.9071416667, 45.3216388889]}, "properties": {"species": "Fomitopsis mounceae", "date": "2024-10-25", "location": "Rhododendron, OR 97049, USA", "elevation": 543.0, "land_cover_label": "Tree cover", "water_mask": false, "exclude_reason": "keep", "ndvi": null, "soil_moisture": null, "solar_exposure": null, "wind_exposure": null, "water_retention": null, "slope": null, "aspect": null, "num_identification_agreements": 2, "cluster": 2, "tavg": null, "tmin": 10.6, "tmax": 16.7, "prcp_d0": 0.0, "prcp_d1": 0.0, "prcp_d2": 0.0, "prcp_d3": 0.0, "prcp_d4": 115.95450592041016, "prcp_d5": 0.0, "prcp_d6": 0.0, "tmax_d0": 16.8, "tmax_d1": 13.3, "tmax_d2": 12.4, "tmax_d3": 13.8, "tmax_d4": 16.9, "tmax_d5": 20.8, "tmax_d6": 19.9, "tmin_d0": 6.2, "tmin_d1": -0.0, "tmin_d2": 3.1, "tmin_d3": 3.9, "tmin_d4": 8.9, "tmin_d5": 9.7, "tmin_d6": 7.7, "day_of_year": 299, "uuid": "6a98192c-dc67-41a8-b65e-bbcfd2d0a6a7", "inat_id": 249083266}}, {"type": "Feature", "geometry": {"type": "Point", "coordinates": [-121.9062527778, 45.3213666667]}, "properties": {"species": "Fomitopsis mounceae", "date": "2024-10-25", "location": "Rhododendron, OR 97049, USA", "elevation": 543.0, "land_cover_label": "Tree cover", "water_mask": false, "exclude_reason": "keep", "ndvi": null, "soil_moisture": null, "solar_exposure": null, "wind_exposure": null, "water_retention": null, "slope": null, "aspect": null, "num_identification_agreements": 2, "cluster": 2, "tavg": null, "tmin": 10.6, "tmax": 16.7, "prcp_d0": 0.0, "prcp_d1": 0.0, "prcp_d2": 0.0, "prcp_d3": 0.0, "prcp_d4": 115.95450592041016, "prcp_d5": 0.0, "prcp_d6": 0.0, "tmax_d0": 16.8, "tmax_d1": 13.3, "tmax_d2": 12.4, "tmax_d3": 13.8, "tmax_d4": 16.9, "tmax_d5": 20.8, "tmax_d6": 19.9, "tmin_d0": 6.2, "tmin_d1": -0.0, "tmin_d2": 3.1, "tmin_d3": 3.9, "tmin_d4": 8.9, "tmin_d5": 9.7, "tmin_d6": 7.7, "day_of_year": 299, "uuid": "c9e3074f-4bc3-4da0-990f-142d81be0c38", "inat_id": 249086799}}, {"type": "Feature", "geometry": {"type": "Point", "coordinates": [-121.9609135, 45.3281745]}, "properties": {"species": "Fomitopsis mounceae", "date": "2024-10-30", "location": "E Elk Park Rd, Welches, OR, US", "elevation": 407.0, "land_cover_label": "Tree cover", "water_mask": false, "exclude_reason": "keep", "ndvi": null, "soil_moisture": null, "solar_exposure": null, "wind_exposure": null, "water_retention": null, "slope": null, "aspect": null, "num_identification_agreements": 1, "cluster": 0, "tavg": null, "tmin": 6.7, "tmax": 10.0, "prcp_d0": 0.0, "prcp_d1": 0.0, "prcp_d2": 0.0, "prcp_d3": 0.0, "prcp_d4": 0.0, "prcp_d5": 0.0, "prcp_d6": 0.0, "tmax_d0": 11.0, "tmax_d1": 8.6, "tmax_d2": 9.5, "tmax_d3": 17.2, "tmax_d4": 18.8, "tmax_d5": 19.0, "tmax_d6": 15.3, "tmin_d0": 1.8, "tmin_d1": 6.0, "tmin_d2": 5.3, "tmin_d3": 8.9, "tmin_d4": 10.9, "tmin_d5": 5.9, "tmin_d6": -0.7, "day_of_year": 304, "uuid": "64a163f8-bd49-41e6-a21b-5b508bb3c331", "inat_id": 260771378}}, {"type": "Feature", "geometry": {"type": "Point", "coordinates": [-121.7235195629, 45.2837783553]}, "properties": {"species": "Fomitopsis mounceae", "date": "2024-10-31", "location": "Oregon, US", "elevation": 1147.0, "land_cover_label": "Bare / sparse vegetation", "water_mask": false, "exclude_reason": "keep", "ndvi": null, "soil_moisture": null, "solar_exposure": null, "wind_exposure": null, "water_retention": null, "slope": null, "aspect": null, "num_identification_agreements": 1, "cluster": 0, "tavg": null, "tmin": 3.6, "tmax": 6.7, "prcp_d0": 13.940464973449709, "prcp_d1": 3.587751865386963, "prcp_d2": 0.0, "prcp_d3": 5.483767986297607, "prcp_d4": 12.4922456741333, "prcp_d5": 4.466555595397949, "prcp_d6": 0.0, "tmax_d0": 1.5, "tmax_d1": 4.6, "tmax_d2": 3.9, "tmax_d3": 4.8, "tmax_d4": 13.4, "tmax_d5": 14.9, "tmax_d6": 9.6, "tmin_d0": -0.0, "tmin_d1": 0.5, "tmin_d2": 1.1, "tmin_d3": 1.3, "tmin_d4": 4.4, "tmin_d5": 5.3, "tmin_d6": 1.7, "day_of_year": 305, "uuid": "ef466b2c-7b1e-4aa5-bb23-3593a42f6715", "inat_id": 250020070}}, {"type": "Feature", "geometry": {"type": "Point", "coordinates": [-121.8564831467, 45.3862406966]}, "properties": {"species": "Fomitopsis mounceae", "date": "2024-11-03", "location": "Clackamas County, US-OR, US", "elevation": 663.0, "land_cover_label": "Tree cover", "water_mask": false, "exclude_reason": "keep", "ndvi": null, "soil_moisture": null, "solar_exposure": null, "wind_exposure": null, "water_retention": null, "slope": null, "aspect": null, "num_identification_agreements": 1, "cluster": 0, "tavg": null, "tmin": 6.0, "tmax": 11.9, "prcp_d0": 0.0, "prcp_d1": 0.0, "prcp_d2": 0.0, "prcp_d3": 0.0, "prcp_d4": 0.0, "prcp_d5": 0.0, "prcp_d6": 0.0, "tmax_d0": 6.7, "tmax_d1": 6.8, "tmax_d2": 7.6, "tmax_d3": 4.7, "tmax_d4": 9.3, "tmax_d5": 7.0, "tmax_d6": 7.6, "tmin_d0": 4.1, "tmin_d1": 4.4, "tmin_d2": 3.9, "tmin_d3": 3.1, "tmin_d4": 1.1, "tmin_d5": 4.5, "tmin_d6": 3.9, "day_of_year": 308, "uuid": "e4ca0489-f005-4efb-a93a-514ca3eaa3a0", "inat_id": 250391470}}, {"type": "Feature", "geometry": {"type": "Point", "coordinates": [-122.0878302, 45.5326996]}, "properties": {"species": "Fomitopsis mounceae", "date": "2024-11-03", "location": "Sherrard Point, Oregon 97014, USA", "elevation": 1217.0, "land_cover_label": "Tree cover", "water_mask": false, "exclude_reason": "keep", "ndvi": null, "soil_moisture": null, "solar_exposure": null, "wind_exposure": null, "water_retention": null, "slope": null, "aspect": null, "num_identification_agreements": 1, "cluster": 0, "tavg": null, "tmin": 10.0, "tmax": 14.4, "prcp_d0": 0.0, "prcp_d1": 0.0, "prcp_d2": 0.0, "prcp_d3": 0.0, "prcp_d4": 0.0, "prcp_d5": 0.0, "prcp_d6": 0.0, "tmax_d0": 3.0, "tmax_d1": 3.9, "tmax_d2": 4.3, "tmax_d3": 1.6, "tmax_d4": 5.1, "tmax_d5": 3.3, "tmax_d6": 3.5, "tmin_d0": 0.7, "tmin_d1": 0.6, "tmin_d2": 0.3, "tmin_d3": -1.9, "tmin_d4": -2.2, "tmin_d5": 0.6, "tmin_d6": 1.5, "day_of_year": 308, "uuid": "d94b6153-0d41-4877-85e2-76eb618136be", "inat_id": 263022972}}, {"type": "Feature", "geometry": {"type": "Point", "coordinates": [-122.2871030867, 45.4946708889]}, "properties": {"species": "Fomitopsis mounceae", "date": "2024-11-07", "location": "FPW6+82V, Corbett, OR 97080, USA", "elevation": 98.0, "land_cover_label": "Tree cover", "water_mask": false, "exclude_reason": "keep", "ndvi": null, "soil_moisture": null, "solar_exposure": null, "wind_exposure": null, "water_retention": null, "slope": null, "aspect": null, "num_identification_agreements": 2, "cluster": 0, "tavg": null, "tmin": 10.0, "tmax": 15.6, "prcp_d0": 0.0, "prcp_d1": 0.0, "prcp_d2": 0.0, "prcp_d3": 0.0, "prcp_d4": 0.0, "prcp_d5": 0.0, "prcp_d6": 0.0, "tmax_d0": 15.1, "tmax_d1": 13.8, "tmax_d2": 10.4, "tmax_d3": 11.7, "tmax_d4": 11.1, "tmax_d5": 11.1, "tmax_d6": 12.3, "tmin_d0": 3.9, "tmin_d1": 2.0, "tmin_d2": 5.8, "tmin_d3": 6.1, "tmin_d4": 7.1, "tmin_d5": 6.8, "tmin_d6": 7.3, "day_of_year": 312, "uuid": "7256509a-e83a-417a-8204-0f132459b885", "inat_id": 251018251}}, {"type": "Feature", "geometry": {"type": "Point", "coordinates": [-122.3159448749, 45.3330209989]}, "properties": {"species": "Fomitopsis mounceae", "date": "2024-11-08", "location": "Eagle Creek, OR, US", "elevation": 145.0, "land_cover_label": "Tree cover", "water_mask": false, "exclude_reason": "keep", "ndvi": null, "soil_moisture": null, "solar_exposure": null, "wind_exposure": null, "water_retention": null, "slope": null, "aspect": null, "num_identification_agreements": 2, "cluster": 0, "tavg": null, "tmin": 9.4, "tmax": 15.6, "prcp_d0": 0.0, "prcp_d1": 0.0, "prcp_d2": 0.0, "prcp_d3": 0.0, "prcp_d4": 0.0, "prcp_d5": 0.0, "prcp_d6": 0.0, "tmax_d0": 14.3, "tmax_d1": 16.0, "tmax_d2": 14.1, "tmax_d3": 11.0, "tmax_d4": 12.2, "tmax_d5": 11.7, "tmax_d6": 11.5, "tmin_d0": 4.2, "tmin_d1": 6.6, "tmin_d2": 3.2, "tmin_d3": 6.2, "tmin_d4": 6.0, "tmin_d5": 7.2, "tmin_d6": 6.7, "day_of_year": 313, "uuid": "b948ac77-04e1-48df-9215-825797a67d08", "inat_id": 250936811}}, {"type": "Feature", "geometry": {"type": "Point", "coordinates": [-122.0360805, 45.37947]}, "properties": {"species": "Fomitopsis mounceae", "date": "2024-11-08", "location": "E Sunrae Dr, Sandy, OR, US", "elevation": 311.0, "land_cover_label": "Tree cover", "water_mask": false, "exclude_reason": "keep", "ndvi": null, "soil_moisture": null, "solar_exposure": null, "wind_exposure": null, "water_retention": null, "slope": null, "aspect": null, "num_identification_agreements": 2, "cluster": 0, "tavg": null, "tmin": 9.4, "tmax": 15.6, "prcp_d0": 0.0, "prcp_d1": 0.0, "prcp_d2": 0.0, "prcp_d3": 0.0, "prcp_d4": 0.0, "prcp_d5": 0.0, "prcp_d6": 0.0, "tmax_d0": 16.8, "tmax_d1": 18.7, "tmax_d2": 15.2, "tmax_d3": 8.8, "tmax_d4": 9.7, "tmax_d5": 8.9, "tmax_d6": 9.4, "tmin_d0": 6.1, "tmin_d1": 7.2, "tmin_d2": 2.1, "tmin_d3": 5.3, "tmin_d4": 5.3, "tmin_d5": 6.2, "tmin_d6": 6.2, "day_of_year": 313, "uuid": "8dee2b4b-a35f-40d8-9270-1f9674f81ebc", "inat_id": 250988918}}, {"type": "Feature", "geometry": {"type": "Point", "coordinates": [-122.0333861667, 45.3794866667]}, "properties": {"species": "Fomitopsis mounceae", "date": "2024-11-08", "location": "E Barlow Trail Rd, Sandy, OR, US", "elevation": 318.0, "land_cover_label": "Tree cover", "water_mask": false, "exclude_reason": "keep", "ndvi": null, "soil_moisture": null, "solar_exposure": null, "wind_exposure": null, "water_retention": null, "slope": null, "aspect": null, "num_identification_agreements": 2, "cluster": 0, "tavg": null, "tmin": 9.4, "tmax": 15.6, "prcp_d0": 0.0, "prcp_d1": 0.0, "prcp_d2": 0.0, "prcp_d3": 0.0, "prcp_d4": 0.0, "prcp_d5": 0.0, "prcp_d6": 0.0, "tmax_d0": 16.7, "tmax_d1": 18.6, "tmax_d2": 15.1, "tmax_d3": 8.7, "tmax_d4": 9.6, "tmax_d5": 8.8, "tmax_d6": 9.3, "tmin_d0": 6.0, "tmin_d1": 7.1, "tmin_d2": 2.0, "tmin_d3": 5.2, "tmin_d4": 5.2, "tmin_d5": 6.1, "tmin_d6": 6.1, "day_of_year": 313, "uuid": "768641e7-565c-468c-8457-ae0d14f82fc7", "inat_id": 251001418}}, {"type": "Feature", "geometry": {"type": "Point", "coordinates": [-121.9938814, 45.3496365]}, "properties": {"species": "Fomitopsis mounceae", "date": "2024-12-15", "location": "Mt Hood Village, OR, USA", "elevation": 373.0, "land_cover_label": "Tree cover", "water_mask": false, "exclude_reason": "keep", "ndvi": null, "soil_moisture": null, "solar_exposure": null, "wind_exposure": null, "water_retention": null, "slope": null, "aspect": null, "num_identification_agreements": 2, "cluster": 1, "tavg": null, "tmin": 5.0, "tmax": 9.4, "prcp_d0": 0.0, "prcp_d1": 16.069236755371094, "prcp_d2": 10.712823867797852, "prcp_d3": 10.712823867797852, "prcp_d4": 5.356411933898926, "prcp_d5": 0.0, "prcp_d6": 0.0, "tmax_d0": 5.8, "tmax_d1": 7.4, "tmax_d2": 6.2, "tmax_d3": 7.5, "tmax_d4": 13.0, "tmax_d5": 13.8, "tmax_d6": 10.6, "tmin_d0": 1.6, "tmin_d1": 4.2, "tmin_d2": 1.6, "tmin_d3": 2.7, "tmin_d4": 2.7, "tmin_d5": -1.9, "tmin_d6": -0.6, "day_of_year": 350, "uuid": "e86dc97c-59cd-472f-b842-9e76dc784658", "inat_id": 256112750}}, {"type": "Feature", "geometry": {"type": "Point", "coordinates": [-121.9584888889, 45.6676944444]}, "properties": {"species": "Fomitopsis mounceae", "date": "2024-12-26", "location": "Stevenson, WA 98648, USA", "elevation": 204.0, "land_cover_label": "Tree cover", "water_mask": false, "exclude_reason": "keep", "ndvi": null, "soil_moisture": null, "solar_exposure": null, "wind_exposure": null, "water_retention": null, "slope": null, "aspect": null, "num_identification_agreements": 1, "cluster": 1, "tavg": null, "tmin": 0.8, "tmax": 8.4, "prcp_d0": 48.90309524536133, "prcp_d1": 32.401878356933594, "prcp_d2": 40.502349853515625, "prcp_d3": 0.0, "prcp_d4": 8.100469589233398, "prcp_d5": 24.301408767700195, "prcp_d6": 24.80208206176757, "tmax_d0": 7.6, "tmax_d1": 6.9, "tmax_d2": 9.6, "tmax_d3": 9.8, "tmax_d4": 7.5, "tmax_d5": 8.6, "tmax_d6": 8.0, "tmin_d0": 2.1, "tmin_d1": 2.5, "tmin_d2": 6.1, "tmin_d3": 5.0, "tmin_d4": 3.3, "tmin_d5": 4.1, "tmin_d6": 4.0, "day_of_year": 361, "uuid": "6880aba3-0e52-4dfd-8421-60c3759c37dd", "inat_id": 256399007}}, {"type": "Feature", "geometry": {"type": "Point", "coordinates": [-122.1421971667, 45.60818]}, "properties": {"species": "Fomitopsis mounceae", "date": "2024-12-31", "location": "Columbia River Gorge National Scenic Area, Washougal, WA, US", "elevation": 558.0, "land_cover_label": "Tree cover", "water_mask": false, "exclude_reason": "keep", "ndvi": null, "soil_moisture": null, "solar_exposure": null, "wind_exposure": null, "water_retention": null, "slope": null, "aspect": null, "num_identification_agreements": 1, "cluster": 2, "tavg": null, "tmin": 3.9, "tmax": 6.7, "prcp_d0": 0.0, "prcp_d1": 0.0, "prcp_d2": 42.16035461425781, "prcp_d3": 21.080177307128903, "prcp_d4": 21.080177307128903, "prcp_d5": 84.32070922851562, "prcp_d6": 34.73612976074219, "tmax_d0": 4.3, "tmax_d1": 4.6, "tmax_d2": 5.7, "tmax_d3": 6.6, "tmax_d4": 7.3, "tmax_d5": 6.7, "tmax_d6": 4.8, "tmin_d0": -0.9, "tmin_d1": 0.7, "tmin_d2": 2.2, "tmin_d3": 4.1, "tmin_d4": 2.5, "tmin_d5": 1.6, "tmin_d6": 1.7, "day_of_year": 366, "uuid": "a7a0b2b4-f9c9-4704-b178-34f3ef43e7ff", "inat_id": 256937348}}, {"type": "Feature", "geometry": {"type": "Point", "coordinates": [-122.3011333868, 45.4892718885]}, "properties": {"species": "Fomitopsis mounceae", "date": "2025-01-03", "location": "Multnomah County, US-OR, US", "elevation": 79.0, "land_cover_label": "Tree cover", "water_mask": false, "exclude_reason": "keep", "ndvi": null, "soil_moisture": null, "solar_exposure": null, "wind_exposure": null, "water_retention": null, "slope": null, "aspect": null, "num_identification_agreements": 1, "cluster": 2, "tavg": null, "tmin": 5.6, "tmax": 7.8, "prcp_d0": 54.91681289672852, "prcp_d1": 0.0, "prcp_d2": 0.0, "prcp_d3": 0.0, "prcp_d4": 0.0, "prcp_d5": 32.22885513305664, "prcp_d6": 10.742953300476074, "tmax_d0": 9.1, "tmax_d1": 7.9, "tmax_d2": 9.8, "tmax_d3": 7.4, "tmax_d4": 7.6, "tmax_d5": 9.6, "tmax_d6": 10.0, "tmin_d0": 4.0, "tmin_d1": 5.0, "tmin_d2": 2.9, "tmin_d3": -0.6, "tmin_d4": 2.8, "tmin_d5": 6.2, "tmin_d6": 7.5, "day_of_year": 3, "uuid": "b1e58632-c23b-4b95-ae25-396e81476443", "inat_id": 257285316}}, {"type": "Feature", "geometry": {"type": "Point", "coordinates": [-122.0425333333, 45.38205]}, "properties": {"species": "Fomitopsis mounceae", "date": "2025-01-04", "location": "Sandy, OR, US", "elevation": 308.0, "land_cover_label": "Tree cover", "water_mask": false, "exclude_reason": "keep", "ndvi": null, "soil_moisture": null, "solar_exposure": null, "wind_exposure": null, "water_retention": null, "slope": null, "aspect": null, "num_identification_agreements": 1, "cluster": 1, "tavg": null, "tmin": 5.6, "tmax": 6.7, "prcp_d0": 0.0, "prcp_d1": 77.28569793701172, "prcp_d2": 0.0, "prcp_d3": 25.76189994812012, "prcp_d4": 10.148415565490724, "prcp_d5": 0.0, "prcp_d6": 30.445247650146484, "tmax_d0": 7.0, "tmax_d1": 7.7, "tmax_d2": 9.6, "tmax_d3": 7.4, "tmax_d4": 7.7, "tmax_d5": 6.0, "tmax_d6": 7.3, "tmin_d0": 2.7, "tmin_d1": 5.9, "tmin_d2": 4.2, "tmin_d3": 2.4, "tmin_d4": -2.3, "tmin_d5": 1.9, "tmin_d6": 4.4, "day_of_year": 4, "uuid": "e1f8f1fe-5e05-400b-8894-483dbe413856", "inat_id": 277936261}}, {"type": "Feature", "geometry": {"type": "Point", "coordinates": [-122.0423445, 45.3820583333]}, "properties": {"species": "Fomitopsis mounceae", "date": "2025-01-04", "location": "Barlow Wayside Park, Sandy, OR, US", "elevation": 308.0, "land_cover_label": "Tree cover", "water_mask": false, "exclude_reason": "keep", "ndvi": null, "soil_moisture": null, "solar_exposure": null, "wind_exposure": null, "water_retention": null, "slope": null, "aspect": null, "num_identification_agreements": 1, "cluster": 1, "tavg": null, "tmin": 5.6, "tmax": 6.7, "prcp_d0": 0.0, "prcp_d1": 77.28569793701172, "prcp_d2": 0.0, "prcp_d3": 25.76189994812012, "prcp_d4": 10.148415565490724, "prcp_d5": 0.0, "prcp_d6": 30.445247650146484, "tmax_d0": 6.9, "tmax_d1": 7.7, "tmax_d2": 9.5, "tmax_d3": 7.4, "tmax_d4": 7.6, "tmax_d5": 5.9, "tmax_d6": 7.3, "tmin_d0": 2.6, "tmin_d1": 5.8, "tmin_d2": 4.2, "tmin_d3": 2.3, "tmin_d4": -2.4, "tmin_d5": 1.8, "tmin_d6": 4.3, "day_of_year": 4, "uuid": "13ce8d06-cfea-4151-b869-90b622aad98d", "inat_id": 257407362}}, {"type": "Feature", "geometry": {"type": "Point", "coordinates": [-121.8565218212, 45.3043147207]}, "properties": {"species": "Fomitopsis mounceae", "date": "2025-01-08", "location": "Oregon, US", "elevation": 709.0, "land_cover_label": "Tree cover", "water_mask": false, "exclude_reason": "keep", "ndvi": null, "soil_moisture": null, "solar_exposure": null, "wind_exposure": null, "water_retention": null, "slope": null, "aspect": null, "num_identification_agreements": 1, "cluster": 2, "tavg": null, "tmin": -0.2, "tmax": 8.7, "prcp_d0": 0.0, "prcp_d1": 0.0, "prcp_d2": 19.77878189086914, "prcp_d3": 0.0, "prcp_d4": 26.028732299804688, "prcp_d5": 52.057464599609375, "prcp_d6": 0.0, "tmax_d0": 12.1, "tmax_d1": 7.0, "tmax_d2": 7.9, "tmax_d3": 6.6, "tmax_d4": 4.9, "tmax_d5": 5.9, "tmax_d6": 7.5, "tmin_d0": -0.7, "tmin_d1": 0.1, "tmin_d2": 1.6, "tmin_d3": 2.7, "tmin_d4": 0.5, "tmin_d5": 3.7, "tmin_d6": 2.5, "day_of_year": 8, "uuid": "679029a1-0474-4d58-9c45-d2c06df20ea4", "inat_id": 257899398}}, {"type": "Feature", "geometry": {"type": "Point", "coordinates": [-121.8182416667, 45.3126527778]}, "properties": {"species": "Fomitopsis mounceae", "date": "2025-02-01", "location": "Rhododendron, OR 97049, USA", "elevation": 880.0, "land_cover_label": "Tree cover", "water_mask": false, "exclude_reason": "keep", "ndvi": null, "soil_moisture": null, "solar_exposure": null, "wind_exposure": null, "water_retention": null, "slope": null, "aspect": null, "num_identification_agreements": 1, "cluster": 1, "tavg": null, "tmin": 1.2, "tmax": 6.1, "prcp_d0": 0.0, "prcp_d1": 28.4436264038086, "prcp_d2": 0.0, "prcp_d3": 0.0, "prcp_d4": 0.0, "prcp_d5": 0.0, "prcp_d6": 0.0, "tmax_d0": 4.4, "tmax_d1": 5.1, "tmax_d2": 8.3, "tmax_d3": 11.0, "tmax_d4": 7.8, "tmax_d5": 9.6, "tmax_d6": 4.8, "tmin_d0": -1.9, "tmin_d1": 1.4, "tmin_d2": -3.2, "tmin_d3": -3.8, "tmin_d4": -2.5, "tmin_d5": -3.0, "tmin_d6": -9.7, "day_of_year": 32, "uuid": "6e5659a6-6ba2-41bc-a027-d0a353dec86b", "inat_id": 260335730}}, {"type": "Feature", "geometry": {"type": "Point", "coordinates": [-122.2774874213, 45.3223136978]}, "properties": {"species": "Fomitopsis mounceae", "date": "2025-02-07", "location": "Eagle Creek, OR, US", "elevation": 277.0, "land_cover_label": "Tree cover", "water_mask": false, "exclude_reason": "keep", "ndvi": null, "soil_moisture": null, "solar_exposure": null, "wind_exposure": null, "water_retention": null, "slope": null, "aspect": null, "num_identification_agreements": 1, "cluster": 0, "tavg": null, "tmin": 0.0, "tmax": 5.6, "prcp_d0": 1.359595537185669, "prcp_d1": 1.890365481376648, "prcp_d2": 0.0, "prcp_d3": 0.0, "prcp_d4": 0.0, "prcp_d5": 0.0, "prcp_d6": 0.0, "tmax_d0": 5.3, "tmax_d1": 7.4, "tmax_d2": 5.0, "tmax_d3": 3.5, "tmax_d4": 2.1, "tmax_d5": 3.6, "tmax_d6": 8.4, "tmin_d0": -3.4, "tmin_d1": -3.3, "tmin_d2": -2.8, "tmin_d3": -4.1, "tmin_d4": -0.7, "tmin_d5": 0.4, "tmin_d6": 1.3, "day_of_year": 38, "uuid": "6ef284e2-13a6-4ab8-bbad-dc76be047283", "inat_id": 260964123}}, {"type": "Feature", "geometry": {"type": "Point", "coordinates": [-122.29115, 45.3217194444]}, "properties": {"species": "Fomitopsis mounceae", "date": "2025-03-01", "location": "Estacada, OR 97023, USA", "elevation": 247.0, "land_cover_label": "Tree cover", "water_mask": false, "exclude_reason": "keep", "ndvi": null, "soil_moisture": null, "solar_exposure": null, "wind_exposure": null, "water_retention": null, "slope": null, "aspect": null, "num_identification_agreements": 1, "cluster": 2, "tavg": null, "tmin": 8.9, "tmax": 18.3, "prcp_d0": 0.0, "prcp_d1": 0.0, "prcp_d2": 0.8242066502571106, "prcp_d3": 0.787824809551239, "prcp_d4": 0.0, "prcp_d5": 15.818416595458984, "prcp_d6": 79.09207916259766, "tmax_d0": 17.8, "tmax_d1": 18.6, "tmax_d2": 18.3, "tmax_d3": 19.7, "tmax_d4": 11.0, "tmax_d5": 14.3, "tmax_d6": 12.3, "tmin_d0": 3.5, "tmin_d1": 2.7, "tmin_d2": 3.1, "tmin_d3": 1.3, "tmin_d4": 5.8, "tmin_d5": 4.4, "tmin_d6": 10.6, "day_of_year": 60, "uuid": "0c8554c6-87f8-4c89-8ce7-8d3bfbc33000", "inat_id": 263579680}}, {"type": "Feature", "geometry": {"type": "Point", "coordinates": [-122.4000751227, 45.4772261728]}, "properties": {"species": "Fomitopsis mounceae", "date": "2025-03-12", "location": "Oregon, US", "elevation": 137.0, "land_cover_label": "Tree cover", "water_mask": false, "exclude_reason": "keep", "ndvi": null, "soil_moisture": null, "solar_exposure": null, "wind_exposure": null, "water_retention": null, "slope": null, "aspect": null, "num_identification_agreements": 2, "cluster": 0, "tavg": null, "tmin": 6.7, "tmax": 10.6, "prcp_d0": 38.94637298583984, "prcp_d1": 0.0, "prcp_d2": 0.0, "prcp_d3": 0.0, "prcp_d4": 0.0, "prcp_d5": 0.0, "prcp_d6": 0.0, "tmax_d0": 10.4, "tmax_d1": 10.9, "tmax_d2": 13.9, "tmax_d3": 14.1, "tmax_d4": 14.3, "tmax_d5": 11.7, "tmax_d6": 12.3, "tmin_d0": 6.4, "tmin_d1": 3.0, "tmin_d2": 3.9, "tmin_d3": 1.7, "tmin_d4": 2.1, "tmin_d5": -1.1, "tmin_d6": -1.4, "day_of_year": 71, "uuid": "4b0eacf0-be47-42fa-820d-7a288a6b4a40", "inat_id": 265130005}}, {"type": "Feature", "geometry": {"type": "Point", "coordinates": [-122.490075, 45.0658638889]}, "properties": {"species": "Fomitopsis mounceae", "date": "2025-03-15", "location": "Clackamas County, OR, USA", "elevation": 251.0, "land_cover_label": "Tree cover", "water_mask": false, "exclude_reason": "keep", "ndvi": null, "soil_moisture": null, "solar_exposure": null, "wind_exposure": null, "water_retention": null, "slope": null, "aspect": null, "num_identification_agreements": 2, "cluster": 1, "tavg": null, "tmin": 5.6, "tmax": 8.3, "prcp_d0": 0.0, "prcp_d1": 0.0, "prcp_d2": 0.0, "prcp_d3": 85.60260772705078, "prcp_d4": 0.0, "prcp_d5": 0.0, "prcp_d6": 0.0, "tmax_d0": 8.7, "tmax_d1": 9.0, "tmax_d2": 7.6, "tmax_d3": 10.5, "tmax_d4": 10.9, "tmax_d5": 12.9, "tmax_d6": 13.9, "tmin_d0": 3.3, "tmin_d1": 1.6, "tmin_d2": 2.1, "tmin_d3": 6.0, "tmin_d4": 5.3, "tmin_d5": 3.6, "tmin_d6": 4.0, "day_of_year": 74, "uuid": "9c092c1d-d83e-482e-8bf2-00e947c66fc2", "inat_id": 265486095}}, {"type": "Feature", "geometry": {"type": "Point", "coordinates": [-122.4900444444, 45.0658444444]}, "properties": {"species": "Fomitopsis mounceae", "date": "2025-03-15", "location": "Clackamas County, OR, USA", "elevation": 251.0, "land_cover_label": "Tree cover", "water_mask": false, "exclude_reason": "keep", "ndvi": null, "soil_moisture": null, "solar_exposure": null, "wind_exposure": null, "water_retention": null, "slope": null, "aspect": null, "num_identification_agreements": 2, "cluster": 1, "tavg": null, "tmin": 5.6, "tmax": 8.3, "prcp_d0": 0.0, "prcp_d1": 0.0, "prcp_d2": 0.0, "prcp_d3": 85.60260772705078, "prcp_d4": 0.0, "prcp_d5": 0.0, "prcp_d6": 0.0, "tmax_d0": 8.7, "tmax_d1": 9.0, "tmax_d2": 7.6, "tmax_d3": 10.5, "tmax_d4": 10.9, "tmax_d5": 12.9, "tmax_d6": 13.9, "tmin_d0": 3.3, "tmin_d1": 1.6, "tmin_d2": 2.1, "tmin_d3": 6.0, "tmin_d4": 5.3, "tmin_d5": 3.6, "tmin_d6": 4.0, "day_of_year": 74, "uuid": "61e62ead-d5bc-4b15-944d-23fc0e7a79db", "inat_id": 265486090}}, {"type": "Feature", "geometry": {"type": "Point", "coordinates": [-122.0217278333, 45.62733]}, "properties": {"species": "Fomitopsis mounceae", "date": "2025-03-16", "location": "Beacon Rock State Park, North Bonneville, WA, US", "elevation": 111.0, "land_cover_label": "Tree cover", "water_mask": false, "exclude_reason": "keep", "ndvi": null, "soil_moisture": null, "solar_exposure": null, "wind_exposure": null, "water_retention": null, "slope": null, "aspect": null, "num_identification_agreements": 1, "cluster": 0, "tavg": null, "tmin": 4.4, "tmax": 9.4, "prcp_d0": 0.0, "prcp_d1": 0.0, "prcp_d2": 0.0, "prcp_d3": 0.0, "prcp_d4": 0.0, "prcp_d5": 0.0, "prcp_d6": 0.0, "tmax_d0": 8.5, "tmax_d1": 5.7, "tmax_d2": 4.3, "tmax_d3": 9.0, "tmax_d4": 10.2, "tmax_d5": 10.0, "tmax_d6": 13.4, "tmin_d0": 2.7, "tmin_d1": 3.2, "tmin_d2": -1.8, "tmin_d3": 2.6, "tmin_d4": 6.2, "tmin_d5": 2.8, "tmin_d6": 3.8, "day_of_year": 75, "uuid": "980c522b-1ab2-4e92-8c4b-313842d789bf", "inat_id": 266810335}}, {"type": "Feature", "geometry": {"type": "Point", "coordinates": [-122.00553055, 45.373875]}, "properties": {"species": "Fomitopsis mounceae", "date": "2025-03-22", "location": "E Relton Ln, Rhododendron, OR, US", "elevation": 356.0, "land_cover_label": "Tree cover", "water_mask": false, "exclude_reason": "keep", "ndvi": null, "soil_moisture": null, "solar_exposure": null, "wind_exposure": null, "water_retention": null, "slope": null, "aspect": null, "num_identification_agreements": 1, "cluster": 1, "tavg": null, "tmin": 4.4, "tmax": 12.8, "prcp_d0": 0.0, "prcp_d1": 139.7983856201172, "prcp_d2": 39.01043319702149, "prcp_d3": 78.02086639404297, "prcp_d4": 0.0, "prcp_d5": 0.0, "prcp_d6": 0.0, "tmax_d0": 10.9, "tmax_d1": 6.6, "tmax_d2": 10.8, "tmax_d3": 11.6, "tmax_d4": 6.8, "tmax_d5": 7.6, "tmax_d6": 7.4, "tmin_d0": 2.9, "tmin_d1": 4.4, "tmin_d2": 3.1, "tmin_d3": 0.7, "tmin_d4": 0.3, "tmin_d5": 1.7, "tmin_d6": 3.1, "day_of_year": 81, "uuid": "2d85d78e-6318-47dd-ae3e-b43623b49f6d", "inat_id": 266394620}}, {"type": "Feature", "geometry": {"type": "Point", "coordinates": [-122.1183242798, 45.3954811096]}, "properties": {"species": "Fomitopsis mounceae", "date": "2025-03-24", "location": "Sandy", "elevation": 380.0, "land_cover_label": "Tree cover", "water_mask": false, "exclude_reason": "keep", "ndvi": null, "soil_moisture": null, "solar_exposure": null, "wind_exposure": null, "water_retention": null, "slope": null, "aspect": null, "num_identification_agreements": 3, "cluster": 2, "tavg": null, "tmin": 11.7, "tmax": 20.0, "prcp_d0": 38.42201232910156, "prcp_d1": 0.0, "prcp_d2": 0.0, "prcp_d3": 153.68804931640625, "prcp_d4": 54.81803131103516, "prcp_d5": 109.63606262207033, "prcp_d6": 0.0, "tmax_d0": 17.8, "tmax_d1": 11.1, "tmax_d2": 10.6, "tmax_d3": 6.3, "tmax_d4": 10.5, "tmax_d5": 11.3, "tmax_d6": 6.5, "tmin_d0": 9.5, "tmin_d1": 4.3, "tmin_d2": 2.6, "tmin_d3": 4.1, "tmin_d4": 2.8, "tmin_d5": 0.4, "tmin_d6": -0.0, "day_of_year": 83, "uuid": "fafd3ec7-7bb8-4029-a500-73179e12e6d5", "inat_id": 266839163}}, {"type": "Feature", "geometry": {"type": "Point", "coordinates": [-122.1330666667, 45.3990333333]}, "properties": {"species": "Fomitopsis mounceae", "date": "2025-03-29", "location": "Sandy, OR 97055, USA", "elevation": 255.0, "land_cover_label": "Tree cover", "water_mask": false, "exclude_reason": "keep", "ndvi": null, "soil_moisture": null, "solar_exposure": null, "wind_exposure": null, "water_retention": null, "slope": null, "aspect": null, "num_identification_agreements": 3, "cluster": 2, "tavg": null, "tmin": 4.4, "tmax": 13.3, "prcp_d0": 0.0, "prcp_d1": 0.0, "prcp_d2": 0.0, "prcp_d3": 0.0, "prcp_d4": 0.0, "prcp_d5": 38.42201232910156, "prcp_d6": 0.0, "tmax_d0": 11.5, "tmax_d1": 10.9, "tmax_d2": 18.8, "tmax_d3": 28.3, "tmax_d4": 26.4, "tmax_d5": 19.0, "tmax_d6": 11.4, "tmin_d0": 4.6, "tmin_d1": 6.5, "tmin_d2": 7.1, "tmin_d3": 11.3, "tmin_d4": 7.3, "tmin_d5": 10.9, "tmin_d6": 5.4, "day_of_year": 88, "uuid": "13dc02d1-f9e8-4585-bb87-8a4a1cb3d483", "inat_id": 267620541}}, {"type": "Feature", "geometry": {"type": "Point", "coordinates": [-122.1161888889, 45.5396027778]}, "properties": {"species": "Fomitopsis mounceae", "date": "2025-04-05", "location": "Cascade Locks, OR 97014, USA", "elevation": 827.0, "land_cover_label": "Tree cover", "water_mask": false, "exclude_reason": "keep", "ndvi": null, "soil_moisture": null, "solar_exposure": null, "wind_exposure": null, "water_retention": null, "slope": null, "aspect": null, "num_identification_agreements": 1, "cluster": 2, "tavg": null, "tmin": 10.0, "tmax": 21.1, "prcp_d0": 0.0, "prcp_d1": 0.0, "prcp_d2": 0.0, "prcp_d3": 0.0, "prcp_d4": 0.0, "prcp_d5": 73.69692993164062, "prcp_d6": 0.0, "tmax_d0": 16.6, "tmax_d1": 14.3, "tmax_d2": 6.4, "tmax_d3": 5.4, "tmax_d4": 6.4, "tmax_d5": 5.9, "tmax_d6": 9.6, "tmin_d0": 1.8, "tmin_d1": -2.6, "tmin_d2": -0.2, "tmin_d3": 0.2, "tmin_d4": -2.9, "tmin_d5": -0.4, "tmin_d6": 0.7, "day_of_year": 95, "uuid": "32d63021-018d-4763-bfb0-951b76f085ab", "inat_id": 268852396}}, {"type": "Feature", "geometry": {"type": "Point", "coordinates": [-122.1161888889, 45.5396027778]}, "properties": {"species": "Fomitopsis mounceae", "date": "2025-04-05", "location": "Cascade Locks, OR 97014, USA", "elevation": 827.0, "land_cover_label": "Tree cover", "water_mask": false, "exclude_reason": "keep", "ndvi": null, "soil_moisture": null, "solar_exposure": null, "wind_exposure": null, "water_retention": null, "slope": null, "aspect": null, "num_identification_agreements": 1, "cluster": 2, "tavg": null, "tmin": 10.0, "tmax": 21.1, "prcp_d0": 0.0, "prcp_d1": 0.0, "prcp_d2": 0.0, "prcp_d3": 0.0, "prcp_d4": 0.0, "prcp_d5": 73.69692993164062, "prcp_d6": 0.0, "tmax_d0": 16.6, "tmax_d1": 14.3, "tmax_d2": 6.4, "tmax_d3": 5.4, "tmax_d4": 6.4, "tmax_d5": 5.9, "tmax_d6": 9.6, "tmin_d0": 1.8, "tmin_d1": -2.6, "tmin_d2": -0.2, "tmin_d3": 0.2, "tmin_d4": -2.9, "tmin_d5": -0.4, "tmin_d6": 0.7, "day_of_year": 95, "uuid": "0b4033c3-2b8b-44bb-8eb1-77b8dc565c3b", "inat_id": 268852341}}, {"type": "Feature", "geometry": {"type": "Point", "coordinates": [-122.1114361111, 45.5399972222]}, "properties": {"species": "Fomitopsis mounceae", "date": "2025-04-05", "location": "Cascade Locks, OR 97014, USA", "elevation": 878.0, "land_cover_label": "Tree cover", "water_mask": false, "exclude_reason": "keep", "ndvi": null, "soil_moisture": null, "solar_exposure": null, "wind_exposure": null, "water_retention": null, "slope": null, "aspect": null, "num_identification_agreements": 1, "cluster": 2, "tavg": null, "tmin": 10.0, "tmax": 21.1, "prcp_d0": 0.0, "prcp_d1": 0.0, "prcp_d2": 0.0, "prcp_d3": 0.0, "prcp_d4": 0.0, "prcp_d5": 73.69692993164062, "prcp_d6": 0.0, "tmax_d0": 16.2, "tmax_d1": 13.9, "tmax_d2": 6.0, "tmax_d3": 5.0, "tmax_d4": 6.0, "tmax_d5": 5.5, "tmax_d6": 9.2, "tmin_d0": 1.4, "tmin_d1": -3.0, "tmin_d2": -0.6, "tmin_d3": -0.2, "tmin_d4": -3.3, "tmin_d5": -0.8, "tmin_d6": 0.3, "day_of_year": 95, "uuid": "0f1c39aa-ce05-4012-9132-97f257f33772", "inat_id": 268852281}}, {"type": "Feature", "geometry": {"type": "Point", "coordinates": [-122.0997916667, 45.5381083333]}, "properties": {"species": "Fomitopsis mounceae", "date": "2025-04-05", "location": "Cascade Locks, OR 97014, USA", "elevation": 1076.0, "land_cover_label": "Tree cover", "water_mask": false, "exclude_reason": "keep", "ndvi": null, "soil_moisture": null, "solar_exposure": null, "wind_exposure": null, "water_retention": null, "slope": null, "aspect": null, "num_identification_agreements": 2, "cluster": 2, "tavg": null, "tmin": 10.0, "tmax": 21.1, "prcp_d0": 0.0, "prcp_d1": 0.0, "prcp_d2": 0.0, "prcp_d3": 0.0, "prcp_d4": 0.0, "prcp_d5": 55.22430419921875, "prcp_d6": 0.0, "tmax_d0": 15.0, "tmax_d1": 12.7, "tmax_d2": 4.8, "tmax_d3": 3.8, "tmax_d4": 4.8, "tmax_d5": 4.3, "tmax_d6": 8.0, "tmin_d0": 0.2, "tmin_d1": -4.2, "tmin_d2": -1.8, "tmin_d3": -1.4, "tmin_d4": -4.5, "tmin_d5": -2.0, "tmin_d6": -0.9, "day_of_year": 95, "uuid": "3671d0a6-b094-457e-bf80-f7caf7746fe7", "inat_id": 268852068}}, {"type": "Feature", "geometry": {"type": "Point", "coordinates": [-122.1091916667, 45.5416222222]}, "properties": {"species": "Fomitopsis mounceae", "date": "2025-04-05", "location": "Cascade Locks, OR 97014, USA", "elevation": 908.0, "land_cover_label": "Tree cover", "water_mask": false, "exclude_reason": "keep", "ndvi": null, "soil_moisture": null, "solar_exposure": null, "wind_exposure": null, "water_retention": null, "slope": null, "aspect": null, "num_identification_agreements": 1, "cluster": 2, "tavg": null, "tmin": 10.0, "tmax": 21.1, "prcp_d0": 0.0, "prcp_d1": 0.0, "prcp_d2": 0.0, "prcp_d3": 0.0, "prcp_d4": 0.0, "prcp_d5": 73.69692993164062, "prcp_d6": 0.0, "tmax_d0": 16.1, "tmax_d1": 13.8, "tmax_d2": 5.9, "tmax_d3": 4.9, "tmax_d4": 5.9, "tmax_d5": 5.4, "tmax_d6": 9.1, "tmin_d0": 1.3, "tmin_d1": -3.1, "tmin_d2": -0.7, "tmin_d3": -0.3, "tmin_d4": -3.4, "tmin_d5": -0.9, "tmin_d6": 0.2, "day_of_year": 95, "uuid": "e87083e1-c9d5-4981-ac55-07c5005b384c", "inat_id": 268850834}}, {"type": "Feature", "geometry": {"type": "Point", "coordinates": [-122.1147611111, 45.5399277778]}, "properties": {"species": "Fomitopsis mounceae", "date": "2025-04-05", "location": "Cascade Locks, OR 97014, USA", "elevation": 827.0, "land_cover_label": "Tree cover", "water_mask": false, "exclude_reason": "keep", "ndvi": null, "soil_moisture": null, "solar_exposure": null, "wind_exposure": null, "water_retention": null, "slope": null, "aspect": null, "num_identification_agreements": 2, "cluster": 2, "tavg": null, "tmin": 10.0, "tmax": 21.1, "prcp_d0": 0.0, "prcp_d1": 0.0, "prcp_d2": 0.0, "prcp_d3": 0.0, "prcp_d4": 0.0, "prcp_d5": 73.69692993164062, "prcp_d6": 0.0, "tmax_d0": 16.4, "tmax_d1": 14.1, "tmax_d2": 6.2, "tmax_d3": 5.2, "tmax_d4": 6.2, "tmax_d5": 5.7, "tmax_d6": 9.4, "tmin_d0": 1.6, "tmin_d1": -2.8, "tmin_d2": -0.4, "tmin_d3": 0.0, "tmin_d4": -3.1, "tmin_d5": -0.6, "tmin_d6": 0.5, "day_of_year": 95, "uuid": "8e550137-78d2-4f04-9711-9c2243591101", "inat_id": 268852508}}, {"type": "Feature", "geometry": {"type": "Point", "coordinates": [-122.1156395, 45.3965086]}, "properties": {"species": "Fomitopsis mounceae", "date": "2025-04-05", "location": "E Marmot Rd, Sandy, OR, US", "elevation": 397.0, "land_cover_label": "Tree cover", "water_mask": false, "exclude_reason": "keep", "ndvi": null, "soil_moisture": null, "solar_exposure": null, "wind_exposure": null, "water_retention": null, "slope": null, "aspect": null, "num_identification_agreements": 2, "cluster": 0, "tavg": null, "tmin": 10.0, "tmax": 21.1, "prcp_d0": 0.0, "prcp_d1": 0.0, "prcp_d2": 0.0, "prcp_d3": 0.0, "prcp_d4": 23.80456924438477, "prcp_d5": 0.0, "prcp_d6": 0.0, "tmax_d0": 19.3, "tmax_d1": 17.1, "tmax_d2": 9.2, "tmax_d3": 8.0, "tmax_d4": 9.4, "tmax_d5": 9.5, "tmax_d6": 13.6, "tmin_d0": 5.6, "tmin_d1": -0.5, "tmin_d2": 2.5, "tmin_d3": 3.1, "tmin_d4": -0.6, "tmin_d5": 2.6, "tmin_d6": 1.6, "day_of_year": 95, "uuid": "29fc48fc-dc3e-464e-b9af-a986d13f6468", "inat_id": 268856405}}, {"type": "Feature", "geometry": {"type": "Point", "coordinates": [-122.2875966139, 45.4902753278]}, "properties": {"species": "Fomitopsis mounceae", "date": "2025-04-13", "location": "Gresham, OR 97080, USA", "elevation": 127.0, "land_cover_label": "Tree cover", "water_mask": false, "exclude_reason": "keep", "ndvi": null, "soil_moisture": null, "solar_exposure": null, "wind_exposure": null, "water_retention": null, "slope": null, "aspect": null, "num_identification_agreements": 1, "cluster": 0, "tavg": null, "tmin": 1.7, "tmax": 18.3, "prcp_d0": 0.0, "prcp_d1": 0.0, "prcp_d2": 0.0, "prcp_d3": 15.138355255126951, "prcp_d4": 0.0, "prcp_d5": 0.0, "prcp_d6": 15.138355255126951, "tmax_d0": 18.3, "tmax_d1": 12.2, "tmax_d2": 12.9, "tmax_d3": 19.5, "tmax_d4": 16.8, "tmax_d5": 11.3, "tmax_d6": 13.7, "tmin_d0": -0.4, "tmin_d1": 4.4, "tmin_d2": 6.9, "tmin_d3": 7.3, "tmin_d4": 6.9, "tmin_d5": 6.5, "tmin_d6": 9.3, "day_of_year": 103, "uuid": "a38ae1cc-f09f-4c22-a41c-a5f02fcd7329", "inat_id": 270344232}}, {"type": "Feature", "geometry": {"type": "Point", "coordinates": [-122.12550805, 45.52970274]}, "properties": {"species": "Fomitopsis mounceae", "date": "2025-04-17", "location": "Corbett, OR 97019, USA", "elevation": 708.0, "land_cover_label": "Tree cover", "water_mask": false, "exclude_reason": "keep", "ndvi": null, "soil_moisture": null, "solar_exposure": null, "wind_exposure": null, "water_retention": null, "slope": null, "aspect": null, "num_identification_agreements": 2, "cluster": 0, "tavg": null, "tmin": 4.4, "tmax": 21.1, "prcp_d0": 0.0, "prcp_d1": 0.0, "prcp_d2": 0.0, "prcp_d3": 0.0, "prcp_d4": 0.0, "prcp_d5": 0.0, "prcp_d6": 0.0, "tmax_d0": 15.5, "tmax_d1": 16.1, "tmax_d2": 17.8, "tmax_d3": 18.3, "tmax_d4": 14.3, "tmax_d5": 9.0, "tmax_d6": 9.7, "tmin_d0": 3.6, "tmin_d1": 3.5, "tmin_d2": 3.2, "tmin_d3": 5.8, "tmin_d4": -2.1, "tmin_d5": 1.4, "tmin_d6": 4.7, "day_of_year": 107, "uuid": "b7c01baa-13f0-4346-a2ad-681ae02b03e8", "inat_id": 271056927}}, {"type": "Feature", "geometry": {"type": "Point", "coordinates": [-122.1172532917, 45.5406587806]}, "properties": {"species": "Fomitopsis mounceae", "date": "2025-04-17", "location": "Cascade Locks, OR 97014, USA", "elevation": 800.0, "land_cover_label": "Tree cover", "water_mask": false, "exclude_reason": "keep", "ndvi": null, "soil_moisture": null, "solar_exposure": null, "wind_exposure": null, "water_retention": null, "slope": null, "aspect": null, "num_identification_agreements": 1, "cluster": 0, "tavg": null, "tmin": 4.4, "tmax": 21.1, "prcp_d0": 0.0, "prcp_d1": 0.0, "prcp_d2": 0.0, "prcp_d3": 0.0, "prcp_d4": 0.0, "prcp_d5": 0.0, "prcp_d6": 0.0, "tmax_d0": 14.2, "tmax_d1": 14.8, "tmax_d2": 16.5, "tmax_d3": 17.0, "tmax_d4": 13.0, "tmax_d5": 7.7, "tmax_d6": 8.4, "tmin_d0": 2.3, "tmin_d1": 2.2, "tmin_d2": 1.9, "tmin_d3": 4.5, "tmin_d4": -3.4, "tmin_d5": 0.1, "tmin_d6": 3.4, "day_of_year": 107, "uuid": "5620de95-3b3a-423e-a450-0352949aa15f", "inat_id": 271693357}}, {"type": "Feature", "geometry": {"type": "Point", "coordinates": [-122.1170969667, 45.5401654222]}, "properties": {"species": "Fomitopsis mounceae", "date": "2025-04-17", "location": "Cascade Locks, OR 97014, USA", "elevation": 800.0, "land_cover_label": "Tree cover", "water_mask": false, "exclude_reason": "keep", "ndvi": null, "soil_moisture": null, "solar_exposure": null, "wind_exposure": null, "water_retention": null, "slope": null, "aspect": null, "num_identification_agreements": 1, "cluster": 0, "tavg": null, "tmin": 4.4, "tmax": 21.1, "prcp_d0": 0.0, "prcp_d1": 0.0, "prcp_d2": 0.0, "prcp_d3": 0.0, "prcp_d4": 0.0, "prcp_d5": 0.0, "prcp_d6": 0.0, "tmax_d0": 14.2, "tmax_d1": 14.8, "tmax_d2": 16.5, "tmax_d3": 17.0, "tmax_d4": 13.0, "tmax_d5": 7.7, "tmax_d6": 8.4, "tmin_d0": 2.3, "tmin_d1": 2.2, "tmin_d2": 1.9, "tmin_d3": 4.5, "tmin_d4": -3.4, "tmin_d5": 0.1, "tmin_d6": 3.4, "day_of_year": 107, "uuid": "81b2cdbc-63e9-4db2-a022-a070a0568b06", "inat_id": 271694230}}, {"type": "Feature", "geometry": {"type": "Point", "coordinates": [-122.1258171, 45.5289299]}, "properties": {"species": "Fomitopsis mounceae", "date": "2025-04-17", "location": "Corbett, OR 97019, USA", "elevation": 687.0, "land_cover_label": "Tree cover", "water_mask": false, "exclude_reason": "keep", "ndvi": null, "soil_moisture": null, "solar_exposure": null, "wind_exposure": null, "water_retention": null, "slope": null, "aspect": null, "num_identification_agreements": 1, "cluster": 0, "tavg": null, "tmin": 4.4, "tmax": 21.1, "prcp_d0": 0.0, "prcp_d1": 0.0, "prcp_d2": 0.0, "prcp_d3": 0.0, "prcp_d4": 0.0, "prcp_d5": 0.0, "prcp_d6": 0.0, "tmax_d0": 15.5, "tmax_d1": 16.1, "tmax_d2": 17.8, "tmax_d3": 18.3, "tmax_d4": 14.3, "tmax_d5": 9.0, "tmax_d6": 9.7, "tmin_d0": 3.6, "tmin_d1": 3.5, "tmin_d2": 3.2, "tmin_d3": 5.8, "tmin_d4": -2.1, "tmin_d5": 1.4, "tmin_d6": 4.7, "day_of_year": 107, "uuid": "4266c9d1-3be1-465d-a424-76780c9aec25", "inat_id": 271694891}}, {"type": "Feature", "geometry": {"type": "Point", "coordinates": [-122.1253920997, 45.5296025]}, "properties": {"species": "Fomitopsis mounceae", "date": "2025-04-17", "location": "Cascade Locks, OR 97014, USA", "elevation": 708.0, "land_cover_label": "Tree cover", "water_mask": false, "exclude_reason": "keep", "ndvi": null, "soil_moisture": null, "solar_exposure": null, "wind_exposure": null, "water_retention": null, "slope": null, "aspect": null, "num_identification_agreements": 1, "cluster": 0, "tavg": null, "tmin": 4.4, "tmax": 21.1, "prcp_d0": 0.0, "prcp_d1": 0.0, "prcp_d2": 0.0, "prcp_d3": 0.0, "prcp_d4": 0.0, "prcp_d5": 0.0, "prcp_d6": 0.0, "tmax_d0": 15.5, "tmax_d1": 16.1, "tmax_d2": 17.8, "tmax_d3": 18.3, "tmax_d4": 14.3, "tmax_d5": 9.0, "tmax_d6": 9.7, "tmin_d0": 3.6, "tmin_d1": 3.5, "tmin_d2": 3.2, "tmin_d3": 5.8, "tmin_d4": -2.1, "tmin_d5": 1.4, "tmin_d6": 4.7, "day_of_year": 107, "uuid": "53b2d65d-0148-44d4-982a-354e5360fee6", "inat_id": 271706344}}, {"type": "Feature", "geometry": {"type": "Point", "coordinates": [-122.1466699139, 45.5201444917]}, "properties": {"species": "Fomitopsis mounceae", "date": "2025-04-17", "location": "Corbett, OR 97019, USA", "elevation": 618.0, "land_cover_label": "Tree cover", "water_mask": false, "exclude_reason": "keep", "ndvi": null, "soil_moisture": null, "solar_exposure": null, "wind_exposure": null, "water_retention": null, "slope": null, "aspect": null, "num_identification_agreements": 1, "cluster": 0, "tavg": null, "tmin": 4.4, "tmax": 21.1, "prcp_d0": 0.0, "prcp_d1": 0.0, "prcp_d2": 0.0, "prcp_d3": 0.0, "prcp_d4": 0.0, "prcp_d5": 0.0, "prcp_d6": 0.0, "tmax_d0": 15.3, "tmax_d1": 15.9, "tmax_d2": 17.6, "tmax_d3": 18.1, "tmax_d4": 14.1, "tmax_d5": 8.8, "tmax_d6": 9.5, "tmin_d0": 3.4, "tmin_d1": 3.3, "tmin_d2": 3.0, "tmin_d3": 5.6, "tmin_d4": -2.3, "tmin_d5": 1.2, "tmin_d6": 4.5, "day_of_year": 107, "uuid": "08612623-3439-4ea1-ace3-197cd0a36a29", "inat_id": 271706732}}, {"type": "Feature", "geometry": {"type": "Point", "coordinates": [-121.879459402, 45.6023978728]}, "properties": {"species": "Fomitopsis mounceae", "date": "2025-04-20", "location": "Hood River County, US-OR, US", "elevation": 243.0, "land_cover_label": "Tree cover", "water_mask": false, "exclude_reason": "keep", "ndvi": null, "soil_moisture": null, "solar_exposure": null, "wind_exposure": null, "water_retention": null, "slope": null, "aspect": null, "num_identification_agreements": 1, "cluster": 0, "tavg": null, "tmin": 8.3, "tmax": 14.4, "prcp_d0": 0.0, "prcp_d1": 0.0, "prcp_d2": 0.0, "prcp_d3": 0.0, "prcp_d4": 0.0, "prcp_d5": 0.0, "prcp_d6": 0.0, "tmax_d0": 14.0, "tmax_d1": 20.6, "tmax_d2": 21.1, "tmax_d3": 17.3, "tmax_d4": 19.6, "tmax_d5": 21.0, "tmax_d6": 18.3, "tmin_d0": 4.4, "tmin_d1": 7.2, "tmin_d2": 2.9, "tmin_d3": 1.8, "tmin_d4": 4.3, "tmin_d5": 5.0, "tmin_d6": 3.3, "day_of_year": 110, "uuid": "547ee748-1d05-48b1-b45e-6c1885e023fd", "inat_id": 271872725}}, {"type": "Feature", "geometry": {"type": "Point", "coordinates": [-122.0171055, 45.4953333333]}, "properties": {"species": "Fomitopsis mounceae", "date": "2025-04-24", "location": "Corbett, OR, US", "elevation": 335.0, "land_cover_label": "Tree cover", "water_mask": false, "exclude_reason": "keep", "ndvi": null, "soil_moisture": null, "solar_exposure": null, "wind_exposure": null, "water_retention": null, "slope": null, "aspect": null, "num_identification_agreements": 1, "cluster": 0, "tavg": null, "tmin": 5.0, "tmax": 23.9, "prcp_d0": 0.0, "prcp_d1": 0.0, "prcp_d2": 0.0, "prcp_d3": 0.0, "prcp_d4": 0.0, "prcp_d5": 0.0, "prcp_d6": 0.0, "tmax_d0": 21.6, "tmax_d1": 17.9, "tmax_d2": 14.4, "tmax_d3": 9.9, "tmax_d4": 12.9, "tmax_d5": 18.8, "tmax_d6": 20.3, "tmin_d0": 5.1, "tmin_d1": 1.1, "tmin_d2": -0.6, "tmin_d3": 4.7, "tmin_d4": 3.8, "tmin_d5": 6.1, "tmin_d6": 3.0, "day_of_year": 114, "uuid": "6353c183-ecba-4c0f-ab19-388dcc24f182", "inat_id": 277936154}}, {"type": "Feature", "geometry": {"type": "Point", "coordinates": [-121.9063502, 45.3226137997]}, "properties": {"species": "Fomitopsis mounceae", "date": "2025-04-24", "location": "Rhododendron, OR 97049, USA", "elevation": 543.0, "land_cover_label": "Tree cover", "water_mask": false, "exclude_reason": "keep", "ndvi": null, "soil_moisture": null, "solar_exposure": null, "wind_exposure": null, "water_retention": null, "slope": null, "aspect": null, "num_identification_agreements": 1, "cluster": 0, "tavg": null, "tmin": 5.0, "tmax": 23.9, "prcp_d0": 0.0, "prcp_d1": 0.0, "prcp_d2": 0.0, "prcp_d3": 0.0, "prcp_d4": 0.0, "prcp_d5": 0.0, "prcp_d6": 0.0, "tmax_d0": 20.0, "tmax_d1": 17.4, "tmax_d2": 13.2, "tmax_d3": 8.7, "tmax_d4": 11.8, "tmax_d5": 17.4, "tmax_d6": 18.8, "tmin_d0": 3.8, "tmin_d1": -1.9, "tmin_d2": -1.7, "tmin_d3": 4.0, "tmin_d4": 3.1, "tmin_d5": 5.6, "tmin_d6": 2.9, "day_of_year": 114, "uuid": "32dfb0e3-a292-4168-817f-46a513fdf29d", "inat_id": 277024552}}, {"type": "Feature", "geometry": {"type": "Point", "coordinates": [-121.8764716667, 45.3797533333]}, "properties": {"species": "Fomitopsis mounceae", "date": "2025-04-26", "location": "Zigzag Ranger Station, Rhododendron, OR, US", "elevation": 601.0, "land_cover_label": "Tree cover", "water_mask": false, "exclude_reason": "keep", "ndvi": null, "soil_moisture": null, "solar_exposure": null, "wind_exposure": null, "water_retention": null, "slope": null, "aspect": null, "num_identification_agreements": 1, "cluster": 0, "tavg": null, "tmin": 11.0, "tmax": 18.0, "prcp_d0": 0.0, "prcp_d1": 0.0, "prcp_d2": 0.0, "prcp_d3": 0.0, "prcp_d4": 0.0, "prcp_d5": 0.0, "prcp_d6": 0.0, "tmax_d0": 14.9, "tmax_d1": 19.6, "tmax_d2": 20.0, "tmax_d3": 17.2, "tmax_d4": 13.3, "tmax_d5": 8.5, "tmax_d6": 11.7, "tmin_d0": 6.9, "tmin_d1": -0.7, "tmin_d2": 1.2, "tmin_d3": -3.1, "tmin_d4": -3.1, "tmin_d5": 3.5, "tmin_d6": 2.8, "day_of_year": 116, "uuid": "e282789b-a4b7-43de-bb49-8410c99bbf50", "inat_id": 275792677}}, {"type": "Feature", "geometry": {"type": "Point", "coordinates": [-121.6347283333, 45.6026716667]}, "properties": {"species": "Fomitopsis mounceae", "date": "2025-04-27", "location": "Hood River, OR, US", "elevation": 289.0, "land_cover_label": "Tree cover", "water_mask": false, "exclude_reason": "keep", "ndvi": null, "soil_moisture": null, "solar_exposure": null, "wind_exposure": null, "water_retention": null, "slope": null, "aspect": null, "num_identification_agreements": 1, "cluster": 0, "tavg": null, "tmin": 7.0, "tmax": 15.0, "prcp_d0": 0.0, "prcp_d1": 0.0, "prcp_d2": 0.0, "prcp_d3": 0.0, "prcp_d4": 0.0, "prcp_d5": 0.0, "prcp_d6": 0.0, "tmax_d0": 17.7, "tmax_d1": 23.6, "tmax_d2": 24.5, "tmax_d3": 20.7, "tmax_d4": 18.4, "tmax_d5": 16.7, "tmax_d6": 12.7, "tmin_d0": 5.9, "tmin_d1": 9.9, "tmin_d2": 6.1, "tmin_d3": 4.0, "tmin_d4": 3.1, "tmin_d5": -0.4, "tmin_d6": 6.6, "day_of_year": 117, "uuid": "f039e449-5707-4168-9d74-0a93f9c5ad7d", "inat_id": 275650973}}, {"type": "Feature", "geometry": {"type": "Point", "coordinates": [-122.290664, 45.3218808]}, "properties": {"species": "Fomitopsis mounceae", "date": "2025-04-27", "location": "Estacada, OR 97023, USA", "elevation": 247.0, "land_cover_label": "Tree cover", "water_mask": false, "exclude_reason": "keep", "ndvi": null, "soil_moisture": null, "solar_exposure": null, "wind_exposure": null, "water_retention": null, "slope": null, "aspect": null, "num_identification_agreements": 2, "cluster": 0, "tavg": null, "tmin": 7.2, "tmax": 15.0, "prcp_d0": 0.0, "prcp_d1": 0.0, "prcp_d2": 0.0, "prcp_d3": 0.0, "prcp_d4": 0.0, "prcp_d5": 0.0, "prcp_d6": 0.0, "tmax_d0": 15.1, "tmax_d1": 16.6, "tmax_d2": 19.1, "tmax_d3": 19.4, "tmax_d4": 18.8, "tmax_d5": 14.3, "tmax_d6": 11.6, "tmin_d0": 5.0, "tmin_d1": 7.6, "tmin_d2": 5.1, "tmin_d3": 4.9, "tmin_d4": 0.1, "tmin_d5": 0.8, "tmin_d6": 5.6, "day_of_year": 117, "uuid": "a5140315-9a41-4744-a787-adcf79400c61", "inat_id": 275365349}}, {"type": "Feature", "geometry": {"type": "Point", "coordinates": [-122.1457977222, 45.5205688333]}, "properties": {"species": "Fomitopsis mounceae", "date": "2025-04-27", "location": "Corbett, OR 97019, USA", "elevation": 631.0, "land_cover_label": "Tree cover", "water_mask": false, "exclude_reason": "keep", "ndvi": null, "soil_moisture": null, "solar_exposure": null, "wind_exposure": null, "water_retention": null, "slope": null, "aspect": null, "num_identification_agreements": 1, "cluster": 0, "tavg": null, "tmin": 7.2, "tmax": 15.0, "prcp_d0": 0.0, "prcp_d1": 0.0, "prcp_d2": 0.0, "prcp_d3": 0.0, "prcp_d4": 0.0, "prcp_d5": 0.0, "prcp_d6": 0.0, "tmax_d0": 12.2, "tmax_d1": 14.1, "tmax_d2": 18.9, "tmax_d3": 19.8, "tmax_d4": 16.1, "tmax_d5": 12.6, "tmax_d6": 8.1, "tmin_d0": 2.6, "tmin_d1": 6.0, "tmin_d2": 3.0, "tmin_d3": 3.3, "tmin_d4": -0.7, "tmin_d5": -2.4, "tmin_d6": 2.9, "day_of_year": 117, "uuid": "dd0f8a66-8bc6-4844-89c4-6cf602dcecb2", "inat_id": 275937571}}, {"type": "Feature", "geometry": {"type": "Point", "coordinates": [-122.1454849167, 45.5199851944]}, "properties": {"species": "Fomitopsis mounceae", "date": "2025-04-27", "location": "Corbett, OR 97019, USA", "elevation": 631.0, "land_cover_label": "Tree cover", "water_mask": false, "exclude_reason": "keep", "ndvi": null, "soil_moisture": null, "solar_exposure": null, "wind_exposure": null, "water_retention": null, "slope": null, "aspect": null, "num_identification_agreements": 1, "cluster": 0, "tavg": null, "tmin": 7.2, "tmax": 15.0, "prcp_d0": 0.0, "prcp_d1": 0.0, "prcp_d2": 0.0, "prcp_d3": 0.0, "prcp_d4": 0.0, "prcp_d5": 0.0, "prcp_d6": 0.0, "tmax_d0": 12.3, "tmax_d1": 14.2, "tmax_d2": 19.0, "tmax_d3": 19.9, "tmax_d4": 16.2, "tmax_d5": 12.7, "tmax_d6": 8.2, "tmin_d0": 2.7, "tmin_d1": 6.1, "tmin_d2": 3.1, "tmin_d3": 3.4, "tmin_d4": -0.6, "tmin_d5": -2.3, "tmin_d6": 3.0, "day_of_year": 117, "uuid": "bfab2b80-4b28-4303-b157-52720cbdadc7", "inat_id": 275936700}}, {"type": "Feature", "geometry": {"type": "Point", "coordinates": [-121.634705, 45.6026716667]}, "properties": {"species": "Fomitopsis mounceae", "date": "2025-04-27", "location": "Hood River, OR, US", "elevation": 289.0, "land_cover_label": "Tree cover", "water_mask": false, "exclude_reason": "keep", "ndvi": null, "soil_moisture": null, "solar_exposure": null, "wind_exposure": null, "water_retention": null, "slope": null, "aspect": null, "num_identification_agreements": 1, "cluster": 0, "tavg": null, "tmin": 7.0, "tmax": 15.0, "prcp_d0": 0.0, "prcp_d1": 0.0, "prcp_d2": 0.0, "prcp_d3": 0.0, "prcp_d4": 0.0, "prcp_d5": 0.0, "prcp_d6": 0.0, "tmax_d0": 17.7, "tmax_d1": 23.6, "tmax_d2": 24.5, "tmax_d3": 20.7, "tmax_d4": 18.4, "tmax_d5": 16.7, "tmax_d6": 12.7, "tmin_d0": 5.9, "tmin_d1": 9.9, "tmin_d2": 6.1, "tmin_d3": 4.0, "tmin_d4": 3.1, "tmin_d5": -0.4, "tmin_d6": 6.6, "day_of_year": 117, "uuid": "65d665fa-848a-46cf-bd19-4a7a56521f49", "inat_id": 275744124}}, {"type": "Feature", "geometry": {"type": "Point", "coordinates": [-121.9403533333, 45.27645]}, "properties": {"species": "Fomitopsis mounceae", "date": "2025-05-04", "location": "Zigzag Ranger Station, Government Camp, OR, US", "elevation": 509.0, "land_cover_label": "Tree cover", "water_mask": false, "exclude_reason": "keep", "ndvi": null, "soil_moisture": null, "solar_exposure": null, "wind_exposure": null, "water_retention": null, "slope": null, "aspect": null, "num_identification_agreements": 1, "cluster": 0, "tavg": null, "tmin": 2.8, "tmax": 18.9, "prcp_d0": 0.0, "prcp_d1": 0.0, "prcp_d2": 0.0, "prcp_d3": 0.0, "prcp_d4": 0.0, "prcp_d5": 0.0, "prcp_d6": 0.0, "tmax_d0": 12.7, "tmax_d1": 16.3, "tmax_d2": 24.0, "tmax_d3": 23.9, "tmax_d4": 15.2, "tmax_d5": 12.4, "tmax_d6": 11.5, "tmin_d0": 3.2, "tmin_d1": 5.5, "tmin_d2": 6.2, "tmin_d3": 4.4, "tmin_d4": 3.2, "tmin_d5": 7.4, "tmin_d6": 5.4, "day_of_year": 124, "uuid": "0f3855e7-134b-4de0-9533-97d5bce981fd", "inat_id": 278652972}}, {"type": "Feature", "geometry": {"type": "Point", "coordinates": [-121.7571920997, 45.3071966997]}, "properties": {"species": "Fomitopsis mounceae", "date": "2025-05-14", "location": "Government Camp, OR 97028, USA", "elevation": 1219.0, "land_cover_label": "Tree cover", "water_mask": false, "exclude_reason": "keep", "ndvi": null, "soil_moisture": null, "solar_exposure": null, "wind_exposure": null, "water_retention": null, "slope": null, "aspect": null, "num_identification_agreements": 1, "cluster": 0, "tavg": null, "tmin": 9.0, "tmax": 16.0, "prcp_d0": 0.0, "prcp_d1": 0.0, "prcp_d2": 0.0, "prcp_d3": 0.0, "prcp_d4": 6.31665761829936e-06, "prcp_d5": 0.0, "prcp_d6": 6.530595302581787, "tmax_d0": 5.8, "tmax_d1": 6.0, "tmax_d2": 5.5, "tmax_d3": 9.2, "tmax_d4": 16.4, "tmax_d5": 18.6, "tmax_d6": 14.9, "tmin_d0": 1.7, "tmin_d1": 1.9, "tmin_d2": 1.2, "tmin_d3": 3.3, "tmin_d4": 6.7, "tmin_d5": 3.4, "tmin_d6": -1.1, "day_of_year": 134, "uuid": "13ccbdd9-4787-4ee4-9d9a-a51cbac0b730", "inat_id": 281130594}}, {"type": "Feature", "geometry": {"type": "Point", "coordinates": [-121.742905, 45.2692916667]}, "properties": {"species": "Fomitopsis mounceae", "date": "2025-05-17", "location": "Trillium Lake Loop, Government Camp, OR, US", "elevation": 1127.0, "land_cover_label": "Tree cover", "water_mask": false, "exclude_reason": "keep", "ndvi": null, "soil_moisture": null, "solar_exposure": null, "wind_exposure": null, "water_retention": null, "slope": null, "aspect": null, "num_identification_agreements": 1, "cluster": 0, "tavg": null, "tmin": 10.0, "tmax": 17.0, "prcp_d0": 19.74545288085937, "prcp_d1": 4.416357517242432, "prcp_d2": 0.0, "prcp_d3": 0.0, "prcp_d4": 0.0, "prcp_d5": 0.0, "prcp_d6": 0.0, "tmax_d0": 9.5, "tmax_d1": 9.8, "tmax_d2": 6.4, "tmax_d3": 7.0, "tmax_d4": 7.6, "tmax_d5": 6.8, "tmax_d6": 10.4, "tmin_d0": 4.6, "tmin_d1": 1.6, "tmin_d2": 0.9, "tmin_d3": 2.4, "tmin_d4": 2.3, "tmin_d5": 1.7, "tmin_d6": 4.4, "day_of_year": 137, "uuid": "c56b2445-b3d4-45e4-bb87-70c4ac0e7057", "inat_id": 281944360}}, {"type": "Feature", "geometry": {"type": "Point", "coordinates": [-121.5687633333, 45.1408916667]}, "properties": {"species": "Fomitopsis mounceae", "date": "2025-05-22", "location": "Mt. Hood National Forest, Maupin, OR, US", "elevation": 977.0, "land_cover_label": "Tree cover", "water_mask": false, "exclude_reason": "keep", "ndvi": null, "soil_moisture": null, "solar_exposure": null, "wind_exposure": null, "water_retention": null, "slope": null, "aspect": null, "num_identification_agreements": 1, "cluster": 0, "tavg": null, "tmin": null, "tmax": null, "prcp_d0": 8.250297546386719, "prcp_d1": 0.0, "prcp_d2": 2.618138313293457, "prcp_d3": 2.809778451919556, "prcp_d4": 4.054744720458984, "prcp_d5": 8.159401893615723, "prcp_d6": 1.6146637201309204, "tmax_d0": 14.9, "tmax_d1": 15.5, "tmax_d2": 10.2, "tmax_d3": 10.6, "tmax_d4": 7.8, "tmax_d5": 12.2, "tmax_d6": 12.9, "tmin_d0": 5.3, "tmin_d1": 1.9, "tmin_d2": 3.4, "tmin_d3": 3.4, "tmin_d4": 2.5, "tmin_d5": 5.3, "tmin_d6": 3.2, "day_of_year": 142, "uuid": "f2ea5f4b-a184-45fb-8191-d409ae97f207", "inat_id": 283256581}}, {"type": "Feature", "geometry": {"type": "Point", "coordinates": [-122.1363, 45.55457]}, "properties": {"species": "Fomitopsis mounceae", "date": "2025-05-23", "location": "Corbett, OR, US", "elevation": 695.0, "land_cover_label": "Tree cover", "water_mask": false, "exclude_reason": "keep", "ndvi": null, "soil_moisture": null, "solar_exposure": null, "wind_exposure": null, "water_retention": null, "slope": null, "aspect": null, "num_identification_agreements": 2, "cluster": 2, "tavg": null, "tmin": 9.4, "tmax": 20.6, "prcp_d0": 0.0, "prcp_d1": 0.0, "prcp_d2": 0.0, "prcp_d3": 13.87763214111328, "prcp_d4": 17.81377410888672, "prcp_d5": 18.52370834350586, "prcp_d6": 17.73255729675293, "tmax_d0": 14.3, "tmax_d1": 15.1, "tmax_d2": 15.7, "tmax_d3": 11.7, "tmax_d4": 12.3, "tmax_d5": 9.8, "tmax_d6": 11.8, "tmin_d0": 4.5, "tmin_d1": 7.0, "tmin_d2": 2.6, "tmin_d3": 4.2, "tmin_d4": 4.0, "tmin_d5": 3.7, "tmin_d6": 6.7, "day_of_year": 143, "uuid": "4323f348-118e-471e-aeee-374b5876b316", "inat_id": 283520173}}, {"type": "Feature", "geometry": {"type": "Point", "coordinates": [-121.8789283333, 45.0835583333]}, "properties": {"species": "Fomitopsis mounceae", "date": "2025-05-24", "location": "Mt. Hood National Forest, Estacada, OR, US", "elevation": 767.0, "land_cover_label": "Tree cover", "water_mask": false, "exclude_reason": "keep", "ndvi": null, "soil_moisture": null, "solar_exposure": null, "wind_exposure": null, "water_retention": null, "slope": null, "aspect": null, "num_identification_agreements": 1, "cluster": 2, "tavg": null, "tmin": null, "tmax": null, "prcp_d0": 0.0, "prcp_d1": 0.0, "prcp_d2": 0.0, "prcp_d3": 0.0, "prcp_d4": 8.943154335021973, "prcp_d5": 10.417566299438477, "prcp_d6": 14.567554473876951, "tmax_d0": 23.3, "tmax_d1": 16.0, "tmax_d2": 15.8, "tmax_d3": 18.5, "tmax_d4": 11.6, "tmax_d5": 11.5, "tmax_d6": 8.0, "tmin_d0": 3.6, "tmin_d1": 6.1, "tmin_d2": 6.8, "tmin_d3": 4.4, "tmin_d4": 4.8, "tmin_d5": 3.7, "tmin_d6": 4.0, "day_of_year": 144, "uuid": "480ea663-fd6c-44e6-bf45-1ad4216e9ab2", "inat_id": 284132314}}, {"type": "Feature", "geometry": {"type": "Point", "coordinates": [-121.8170824, 45.6623054]}, "properties": {"species": "Fomitopsis mounceae", "date": "2025-06-01", "location": "Cascade Locks, OR 97014, USA", "elevation": 366.0, "land_cover_label": "Tree cover", "water_mask": false, "exclude_reason": "keep", "ndvi": null, "soil_moisture": null, "solar_exposure": null, "wind_exposure": null, "water_retention": null, "slope": null, "aspect": null, "num_identification_agreements": 1, "cluster": 0, "tavg": null, "tmin": 7.0, "tmax": 24.0, "prcp_d0": 0.0, "prcp_d1": 0.0, "prcp_d2": 0.0, "prcp_d3": 0.0, "prcp_d4": 0.0, "prcp_d5": 0.0, "prcp_d6": 0.0, "tmax_d0": 22.2, "tmax_d1": 29.0, "tmax_d2": 28.6, "tmax_d3": 25.1, "tmax_d4": 28.0, "tmax_d5": 26.4, "tmax_d6": 17.7, "tmin_d0": 6.7, "tmin_d1": 11.7, "tmin_d2": 6.2, "tmin_d3": 9.7, "tmin_d4": 11.6, "tmin_d5": 6.9, "tmin_d6": 10.1, "day_of_year": 152, "uuid": "74a06633-dc58-4958-ae7d-2a416623b726", "inat_id": 288369119}}, {"type": "Feature", "geometry": {"type": "Point", "coordinates": [-121.6964450958, 45.2159947372]}, "properties": {"species": "Fomitopsis mounceae", "date": "2025-06-07", "location": "Wasco County, OR, USA", "elevation": 1212.0, "land_cover_label": "Tree cover", "water_mask": false, "exclude_reason": "keep", "ndvi": null, "soil_moisture": null, "solar_exposure": null, "wind_exposure": null, "water_retention": null, "slope": null, "aspect": null, "num_identification_agreements": 1, "cluster": 0, "tavg": null, "tmin": null, "tmax": null, "prcp_d0": 7.096258640289307, "prcp_d1": 0.0, "prcp_d2": 0.0, "prcp_d3": 0.0, "prcp_d4": 0.0, "prcp_d5": 0.0, "prcp_d6": 0.0, "tmax_d0": 24.3, "tmax_d1": 20.3, "tmax_d2": 21.1, "tmax_d3": 12.9, "tmax_d4": 14.1, "tmax_d5": 14.2, "tmax_d6": 14.2, "tmin_d0": 9.4, "tmin_d1": 9.5, "tmin_d2": 5.4, "tmin_d3": 4.5, "tmin_d4": 2.8, "tmin_d5": 2.5, "tmin_d6": 1.3, "day_of_year": 158, "uuid": "1a2866e4-66c9-4fc9-9ef1-c11693b748d0", "inat_id": 288596736}}, {"type": "Feature", "geometry": {"type": "Point", "coordinates": [-121.7972361111, 45.0784861111]}, "properties": {"species": "Fomitopsis mounceae", "date": "2025-06-13", "location": "Clackamas County, OR, USA", "elevation": 1040.0, "land_cover_label": "Tree cover", "water_mask": false, "exclude_reason": "keep", "ndvi": null, "soil_moisture": null, "solar_exposure": null, "wind_exposure": null, "water_retention": null, "slope": null, "aspect": null, "num_identification_agreements": 1, "cluster": 0, "tavg": null, "tmin": null, "tmax": null, "prcp_d0": 5.481782913208008, "prcp_d1": 0.0, "prcp_d2": 0.0, "prcp_d3": 0.0, "prcp_d4": 0.0, "prcp_d5": 0.0, "prcp_d6": 6.431011199951172, "tmax_d0": 15.4, "tmax_d1": 17.1, "tmax_d2": 23.3, "tmax_d3": 25.9, "tmax_d4": 28.8, "tmax_d5": 30.5, "tmax_d6": 26.8, "tmin_d0": 4.9, "tmin_d1": 5.4, "tmin_d2": 7.7, "tmin_d3": 12.8, "tmin_d4": 14.5, "tmin_d5": 13.5, "tmin_d6": 9.6, "day_of_year": 164, "uuid": "dcfdbdd3-ea90-4cc4-a81b-ff296a32c7fd", "inat_id": 289400064}}, {"type": "Feature", "geometry": {"type": "Point", "coordinates": [-121.6775666667, 45.4573783333]}, "properties": {"species": "Fomitopsis mounceae", "date": "2025-06-18", "location": "Mount Hood Parkdale, OR, US", "elevation": 941.0, "land_cover_label": "Tree cover", "water_mask": false, "exclude_reason": "keep", "ndvi": null, "soil_moisture": null, "solar_exposure": null, "wind_exposure": null, "water_retention": null, "slope": null, "aspect": null, "num_identification_agreements": 1, "cluster": 0, "tavg": null, "tmin": 15.0, "tmax": 23.0, "prcp_d0": 0.0, "prcp_d1": 0.0, "prcp_d2": 0.0, "prcp_d3": 0.0, "prcp_d4": 0.0, "prcp_d5": 6.348135471343994, "prcp_d6": 0.0, "tmax_d0": 18.6, "tmax_d1": 19.3, "tmax_d2": 20.0, "tmax_d3": 21.1, "tmax_d4": 16.0, "tmax_d5": 15.5, "tmax_d6": 17.1, "tmin_d0": 9.1, "tmin_d1": 6.9, "tmin_d2": 7.8, "tmin_d3": 4.4, "tmin_d4": 3.5, "tmin_d5": 6.3, "tmin_d6": 7.8, "day_of_year": 169, "uuid": "f67b012a-1daf-4f1c-aa49-cf3465b4da70", "inat_id": 290750772}}, {"type": "Feature", "geometry": {"type": "Point", "coordinates": [-122.0352477066, 45.3799720692]}, "properties": {"species": "Fomitopsis mounceae", "date": "2025-06-18", "location": "Clackamas County, US-OR, US", "elevation": 318.0, "land_cover_label": "Tree cover", "water_mask": false, "exclude_reason": "keep", "ndvi": null, "soil_moisture": null, "solar_exposure": null, "wind_exposure": null, "water_retention": null, "slope": null, "aspect": null, "num_identification_agreements": 1, "cluster": 0, "tavg": null, "tmin": 13.9, "tmax": 21.8, "prcp_d0": 0.0, "prcp_d1": 0.0, "prcp_d2": 0.0, "prcp_d3": 0.0, "prcp_d4": 0.0, "prcp_d5": 7.687602519989014, "prcp_d6": 0.0, "tmax_d0": 22.7, "tmax_d1": 22.1, "tmax_d2": 21.5, "tmax_d3": 21.5, "tmax_d4": 17.7, "tmax_d5": 18.7, "tmax_d6": 19.9, "tmin_d0": 12.9, "tmin_d1": 6.9, "tmin_d2": 8.1, "tmin_d3": 4.9, "tmin_d4": 6.8, "tmin_d5": 7.8, "tmin_d6": 6.4, "day_of_year": 169, "uuid": "432bf019-53bd-42fc-a94e-e7416c64efa8", "inat_id": 291833469}}, {"type": "Feature", "geometry": {"type": "Point", "coordinates": [-121.7921447754, 45.3062896729]}, "properties": {"species": "Fomitopsis mounceae", "date": "2025-06-23", "location": "Government Camp", "elevation": 1045.0, "land_cover_label": "Tree cover", "water_mask": false, "exclude_reason": "keep", "ndvi": null, "soil_moisture": null, "solar_exposure": null, "wind_exposure": null, "water_retention": null, "slope": null, "aspect": null, "num_identification_agreements": 1, "cluster": 0, "tavg": null, "tmin": 8.0, "tmax": 28.0, "prcp_d0": 0.0, "prcp_d1": 0.0, "prcp_d2": 8.86617660522461, "prcp_d3": 10.123438835144045, "prcp_d4": 0.0, "prcp_d5": 0.0, "prcp_d6": 0.0, "tmax_d0": 19.6, "tmax_d1": 11.7, "tmax_d2": 6.1, "tmax_d3": 13.1, "tmax_d4": 13.8, "tmax_d5": 17.4, "tmax_d6": 17.8, "tmin_d0": 5.2, "tmin_d1": 5.0, "tmin_d2": 3.6, "tmin_d3": 4.1, "tmin_d4": 3.2, "tmin_d5": 8.0, "tmin_d6": 5.9, "day_of_year": 174, "uuid": "d05df146-b2be-4bbc-8e36-5eaf800f0349", "inat_id": 292187323}}, {"type": "Feature", "geometry": {"type": "Point", "coordinates": [-121.8159168044, 45.493173354]}, "properties": {"species": "Fomitopsis mounceae", "date": "2025-06-26", "location": "Lost Lake Resort & Campground, Mount Hood Parkdale, OR, US", "elevation": 1009.0, "land_cover_label": "Tree cover", "water_mask": false, "exclude_reason": "keep", "ndvi": null, "soil_moisture": null, "solar_exposure": null, "wind_exposure": null, "water_retention": null, "slope": null, "aspect": null, "num_identification_agreements": 1, "cluster": 0, "tavg": null, "tmin": 13.0, "tmax": 21.0, "prcp_d0": 0.0, "prcp_d1": 26.82355499267578, "prcp_d2": 0.0, "prcp_d3": 0.0, "prcp_d4": 0.0, "prcp_d5": 0.0, "prcp_d6": 0.0, "tmax_d0": 15.1, "tmax_d1": 19.5, "tmax_d2": 21.3, "tmax_d3": 19.6, "tmax_d4": 12.9, "tmax_d5": 6.8, "tmax_d6": 13.6, "tmin_d0": 8.1, "tmin_d1": 9.4, "tmin_d2": 10.8, "tmin_d3": 5.6, "tmin_d4": 5.7, "tmin_d5": 4.2, "tmin_d6": 4.4, "day_of_year": 177, "uuid": "00cd501c-db55-4793-b881-f033bf7cbf80", "inat_id": 293451895}}, {"type": "Feature", "geometry": {"type": "Point", "coordinates": [-121.9347837629, 45.2823635197]}, "properties": {"species": "Fomitopsis mounceae", "date": "2025-06-26", "location": "Clackamas County, OR, USA", "elevation": 722.0, "land_cover_label": "Tree cover", "water_mask": false, "exclude_reason": "keep", "ndvi": null, "soil_moisture": null, "solar_exposure": null, "wind_exposure": null, "water_retention": null, "slope": null, "aspect": null, "num_identification_agreements": 1, "cluster": 0, "tavg": null, "tmin": 14.4, "tmax": 21.1, "prcp_d0": 0.0, "prcp_d1": 0.0, "prcp_d2": 0.0, "prcp_d3": 0.0, "prcp_d4": 0.0, "prcp_d5": 9.899402618408203, "prcp_d6": 9.221938133239746, "tmax_d0": 17.8, "tmax_d1": 21.7, "tmax_d2": 22.8, "tmax_d3": 21.4, "tmax_d4": 13.7, "tmax_d5": 8.2, "tmax_d6": 15.4, "tmin_d0": 8.5, "tmin_d1": 11.7, "tmin_d2": 6.1, "tmin_d3": 5.4, "tmin_d4": 7.3, "tmin_d5": 5.6, "tmin_d6": 6.4, "day_of_year": 177, "uuid": "6d03af65-0c6b-41de-9f28-6343fd18423b", "inat_id": 294731084}}, {"type": "Feature", "geometry": {"type": "Point", "coordinates": [-122.0816932705, 45.5408076397]}, "properties": {"species": "Fomitopsis mounceae", "date": "2025-07-09", "location": "Multnomah County, OR, USA", "elevation": 906.0, "land_cover_label": "Tree cover", "water_mask": false, "exclude_reason": "keep", "ndvi": null, "soil_moisture": null, "solar_exposure": null, "wind_exposure": null, "water_retention": null, "slope": null, "aspect": null, "num_identification_agreements": 3, "cluster": 0, "tavg": null, "tmin": 14.4, "tmax": 26.7, "prcp_d0": 0.0, "prcp_d1": 0.0, "prcp_d2": 0.0, "prcp_d3": 0.0, "prcp_d4": 1.2849864959716797, "prcp_d5": 4.349454402923584, "prcp_d6": 0.7346457839012146, "tmax_d0": 23.7, "tmax_d1": 24.5, "tmax_d2": 24.4, "tmax_d3": 21.4, "tmax_d4": 17.7, "tmax_d5": 17.4, "tmax_d6": 17.9, "tmin_d0": 10.4, "tmin_d1": 11.5, "tmin_d2": 9.8, "tmin_d3": 6.9, "tmin_d4": 5.5, "tmin_d5": 7.1, "tmin_d6": 8.0, "day_of_year": 190, "uuid": "b8fc5393-54ee-4ab3-9448-a6a06ddfaf1f", "inat_id": 299712344}}, {"type": "Feature", "geometry": {"type": "Point", "coordinates": [-121.7671127319, 45.3889045715]}, "properties": {"species": "Fomitopsis mounceae", "date": "2025-07-11", "location": "Clackamas County, US-OR, US", "elevation": 1293.0, "land_cover_label": "Tree cover", "water_mask": false, "exclude_reason": "keep", "ndvi": null, "soil_moisture": null, "solar_exposure": null, "wind_exposure": null, "water_retention": null, "slope": null, "aspect": null, "num_identification_agreements": 2, "cluster": 0, "tavg": null, "tmin": 12.0, "tmax": 33.0, "prcp_d0": 0.0, "prcp_d1": 0.0, "prcp_d2": 0.0, "prcp_d3": 0.0, "prcp_d4": 0.0, "prcp_d5": 0.0, "prcp_d6": 0.5883989930152893, "tmax_d0": 24.5, "tmax_d1": 18.4, "tmax_d2": 22.2, "tmax_d3": 24.4, "tmax_d4": 25.8, "tmax_d5": 21.3, "tmax_d6": 17.4, "tmin_d0": 8.0, "tmin_d1": 10.4, "tmin_d2": 9.6, "tmin_d3": 11.6, "tmin_d4": 10.1, "tmin_d5": 7.2, "tmin_d6": 5.2, "day_of_year": 192, "uuid": "090c6d96-08ba-4bf0-a6a4-7471a5f30529", "inat_id": 298257082}}, {"type": "Feature", "geometry": {"type": "Point", "coordinates": [-121.8994126555, 45.2685707105]}, "properties": {"species": "Fomitopsis mounceae", "date": "2025-07-17", "location": "Clackamas County, US-OR, US", "elevation": 1020.0, "land_cover_label": "Tree cover", "water_mask": false, "exclude_reason": "keep", "ndvi": null, "soil_moisture": null, "solar_exposure": null, "wind_exposure": null, "water_retention": null, "slope": null, "aspect": null, "num_identification_agreements": 2, "cluster": 0, "tavg": null, "tmin": null, "tmax": null, "prcp_d0": 0.0, "prcp_d1": 0.0, "prcp_d2": 0.0, "prcp_d3": 0.0, "prcp_d4": 0.0, "prcp_d5": 0.0, "prcp_d6": 0.0, "tmax_d0": 27.2, "tmax_d1": 28.6, "tmax_d2": 26.1, "tmax_d3": 26.5, "tmax_d4": 26.9, "tmax_d5": 24.3, "tmax_d6": 24.2, "tmin_d0": 12.5, "tmin_d1": 12.7, "tmin_d2": 7.3, "tmin_d3": 13.3, "tmin_d4": 14.0, "tmin_d5": 11.7, "tmin_d6": 8.5, "day_of_year": 198, "uuid": "8cda65b3-7223-4521-80f5-d3e13931b260", "inat_id": 299425098}}, {"type": "Feature", "geometry": {"type": "Point", "coordinates": [-122.36945878, 45.30641351]}, "properties": {"species": "Fomitopsis mounceae", "date": "2025-07-20", "location": "Estacada, OR 97023, USA", "elevation": 95.0, "land_cover_label": "Tree cover", "water_mask": false, "exclude_reason": "keep", "ndvi": null, "soil_moisture": null, "solar_exposure": null, "wind_exposure": null, "water_retention": null, "slope": null, "aspect": null, "num_identification_agreements": 1, "cluster": 0, "tavg": null, "tmin": 13.3, "tmax": 21.1, "prcp_d0": 0.0, "prcp_d1": 0.0, "prcp_d2": 0.0, "prcp_d3": 0.0, "prcp_d4": 0.0, "prcp_d5": 0.0, "prcp_d6": 0.0, "tmax_d0": 26.2, "tmax_d1": 28.9, "tmax_d2": 29.9, "tmax_d3": 34.5, "tmax_d4": 34.4, "tmax_d5": 33.6, "tmax_d6": 33.2, "tmin_d0": 12.5, "tmin_d1": 12.7, "tmin_d2": 14.7, "tmin_d3": 15.2, "tmin_d4": 17.8, "tmin_d5": 10.9, "tmin_d6": 17.6, "day_of_year": 201, "uuid": "9f3e7965-0135-4d4f-bb72-a40929031bf4", "inat_id": 299622149}}, {"type": "Feature", "geometry": {"type": "Point", "coordinates": [-122.3764343262, 45.3088874817]}, "properties": {"species": "Fomitopsis mounceae", "date": "2025-07-21", "location": "Eagle Creek", "elevation": 96.0, "land_cover_label": "Tree cover", "water_mask": false, "exclude_reason": "keep", "ndvi": null, "soil_moisture": null, "solar_exposure": null, "wind_exposure": null, "water_retention": null, "slope": null, "aspect": null, "num_identification_agreements": 2, "cluster": 0, "tavg": null, "tmin": 13.3, "tmax": 25.0, "prcp_d0": 0.0, "prcp_d1": 0.0, "prcp_d2": 0.0, "prcp_d3": 0.0, "prcp_d4": 0.0, "prcp_d5": 0.0, "prcp_d6": 0.0, "tmax_d0": 23.5, "tmax_d1": 26.2, "tmax_d2": 28.9, "tmax_d3": 29.9, "tmax_d4": 34.5, "tmax_d5": 34.4, "tmax_d6": 33.6, "tmin_d0": 14.1, "tmin_d1": 12.5, "tmin_d2": 12.7, "tmin_d3": 14.7, "tmin_d4": 15.2, "tmin_d5": 17.8, "tmin_d6": 10.9, "day_of_year": 202, "uuid": "7478ff74-3a1e-4170-a3d3-54badc284768", "inat_id": 299885453}}, {"type": "Feature", "geometry": {"type": "Point", "coordinates": [-121.9116001949, 45.6881635913]}, "properties": {"species": "Fomitopsis mounceae", "date": "2025-08-01", "location": "Cascade Locks, OR 97014, USA", "elevation": 100.0, "land_cover_label": "Tree cover", "water_mask": false, "exclude_reason": "keep", "ndvi": null, "soil_moisture": null, "solar_exposure": null, "wind_exposure": null, "water_retention": null, "slope": null, "aspect": null, "num_identification_agreements": 1, "cluster": 0, "tavg": null, "tmin": 15.0, "tmax": 30.0, "prcp_d0": 0.0, "prcp_d1": 0.0, "prcp_d2": 0.0, "prcp_d3": 0.0, "prcp_d4": 0.0, "prcp_d5": 0.0, "prcp_d6": 0.0, "tmax_d0": 28.2, "tmax_d1": 29.8, "tmax_d2": 32.1, "tmax_d3": 32.7, "tmax_d4": 29.8, "tmax_d5": 25.8, "tmax_d6": 25.5, "tmin_d0": 15.2, "tmin_d1": 15.3, "tmin_d2": 16.0, "tmin_d3": 13.0, "tmin_d4": 12.8, "tmin_d5": 11.4, "tmin_d6": 12.9, "day_of_year": 213, "uuid": "c753216d-bf4f-4999-a811-a3da3ad36394", "inat_id": 302859375}}, {"type": "Feature", "geometry": {"type": "Point", "coordinates": [-121.8378375981, 45.2033601157]}, "properties": {"species": "Fomitopsis mounceae", "date": "2025-08-09", "location": "Mt Hood National Forest", "elevation": 929.0, "land_cover_label": "Tree cover", "water_mask": false, "exclude_reason": "keep", "ndvi": null, "soil_moisture": null, "solar_exposure": null, "wind_exposure": null, "water_retention": null, "slope": null, "aspect": null, "num_identification_agreements": 2, "cluster": 0, "tavg": null, "tmin": null, "tmax": null, "prcp_d0": 0.0, "prcp_d1": 0.0, "prcp_d2": 0.0, "prcp_d3": 0.0, "prcp_d4": 0.0, "prcp_d5": 0.0, "prcp_d6": 0.0, "tmax_d0": 22.2, "tmax_d1": 20.3, "tmax_d2": 14.7, "tmax_d3": 19.8, "tmax_d4": 20.5, "tmax_d5": 17.4, "tmax_d6": 20.5, "tmin_d0": 10.7, "tmin_d1": 5.1, "tmin_d2": 10.5, "tmin_d3": 11.4, "tmin_d4": 8.3, "tmin_d5": 7.4, "tmin_d6": 9.9, "day_of_year": 221, "uuid": "66f5e1bf-9e4d-40ab-bc93-107974396396", "inat_id": 305662992}}, {"type": "Feature", "geometry": {"type": "Point", "coordinates": [-121.9299666, 45.2683220997]}, "properties": {"species": "Fomitopsis mounceae", "date": "2025-08-10", "location": "Rhododendron, OR 97049, USA", "elevation": 547.0, "land_cover_label": "Tree cover", "water_mask": false, "exclude_reason": "keep", "ndvi": null, "soil_moisture": null, "solar_exposure": null, "wind_exposure": null, "water_retention": null, "slope": null, "aspect": null, "num_identification_agreements": 2, "cluster": 0, "tavg": null, "tmin": 15.6, "tmax": 37.8, "prcp_d0": 0.0, "prcp_d1": 0.0, "prcp_d2": 0.0, "prcp_d3": 0.0, "prcp_d4": 0.0, "prcp_d5": 0.0, "prcp_d6": 0.0, "tmax_d0": 33.2, "tmax_d1": 23.6, "tmax_d2": 21.7, "tmax_d3": 17.1, "tmax_d4": 22.1, "tmax_d5": 22.5, "tmax_d6": 19.6, "tmin_d0": 14.6, "tmin_d1": 12.6, "tmin_d2": 7.8, "tmin_d3": 12.3, "tmin_d4": 13.7, "tmin_d5": 9.5, "tmin_d6": 9.4, "day_of_year": 222, "uuid": "91fdac4f-a10a-4b51-8257-ecdad5ada1fb", "inat_id": 305395006}}, {"type": "Feature", "geometry": {"type": "Point", "coordinates": [-121.8275666667, 44.6296383333]}, "properties": {"species": "Fomitopsis mounceae", "date": "2025-08-13", "location": "Hunts Cove Trail, Idanha, OR, US", "elevation": 1548.0, "land_cover_label": "Grassland", "water_mask": false, "exclude_reason": "keep", "ndvi": null, "soil_moisture": null, "solar_exposure": null, "wind_exposure": null, "water_retention": null, "slope": null, "aspect": null, "num_identification_agreements": 2, "cluster": 0, "tavg": null, "tmin": null, "tmax": null, "prcp_d0": 0.0, "prcp_d1": 0.0, "prcp_d2": 0.0, "prcp_d3": 0.0, "prcp_d4": 0.0, "prcp_d5": 0.0, "prcp_d6": 0.0, "tmax_d0": 26.2, "tmax_d1": 28.7, "tmax_d2": 30.1, "tmax_d3": 28.9, "tmax_d4": 24.4, "tmax_d5": 21.9, "tmax_d6": 15.8, "tmin_d0": 13.4, "tmin_d1": 16.1, "tmin_d2": 16.3, "tmin_d3": 11.0, "tmin_d4": 9.3, "tmin_d5": 4.8, "tmin_d6": 9.5, "day_of_year": 225, "uuid": "3680524a-368e-43d1-9ec4-68ae35a9d9d5", "inat_id": 306369654}}, {"type": "Feature", "geometry": {"type": "Point", "coordinates": [-122.3103177647, 45.0800069937]}, "properties": {"species": "Fomitopsis mounceae", "date": "2025-08-15", "location": "Clackamas County, US-OR, US", "elevation": 938.0, "land_cover_label": "Tree cover", "water_mask": false, "exclude_reason": "keep", "ndvi": null, "soil_moisture": null, "solar_exposure": null, "wind_exposure": null, "water_retention": null, "slope": null, "aspect": null, "num_identification_agreements": 1, "cluster": 0, "tavg": null, "tmin": 17.8, "tmax": 24.4, "prcp_d0": 0.0, "prcp_d1": 0.0, "prcp_d2": 0.0, "prcp_d3": 0.0, "prcp_d4": 0.0, "prcp_d5": 0.0, "prcp_d6": 0.0, "tmax_d0": 20.1, "tmax_d1": 23.5, "tmax_d2": 28.0, "tmax_d3": 29.5, "tmax_d4": 29.3, "tmax_d5": 31.2, "tmax_d6": 21.1, "tmin_d0": 13.6, "tmin_d1": 12.1, "tmin_d2": 15.2, "tmin_d3": 15.3, "tmin_d4": 14.0, "tmin_d5": 9.4, "tmin_d6": 9.5, "day_of_year": 227, "uuid": "7a0b0de5-305a-4850-8e89-3c83195bd5c0", "inat_id": 306668241}}, {"type": "Feature", "geometry": {"type": "Point", "coordinates": [-121.73650178, 45.29307229]}, "properties": {"species": "Fomitopsis mounceae", "date": "2025-08-16", "location": "TIMBERLINE LODGE, OR 97028, USA", "elevation": 1164.0, "land_cover_label": "Tree cover", "water_mask": false, "exclude_reason": "keep", "ndvi": null, "soil_moisture": null, "solar_exposure": null, "wind_exposure": null, "water_retention": null, "slope": null, "aspect": null, "num_identification_agreements": 1, "cluster": 0, "tavg": null, "tmin": 17.0, "tmax": 25.0, "prcp_d0": 4.42975378036499, "prcp_d1": 0.0, "prcp_d2": 0.0, "prcp_d3": 0.0, "prcp_d4": 0.0, "prcp_d5": 0.0, "prcp_d6": 0.0, "tmax_d0": 16.4, "tmax_d1": 16.8, "tmax_d2": 19.2, "tmax_d3": 25.2, "tmax_d4": 28.0, "tmax_d5": 29.5, "tmax_d6": 29.7, "tmin_d0": 11.4, "tmin_d1": 11.4, "tmin_d2": 10.5, "tmin_d3": 12.0, "tmin_d4": 17.0, "tmin_d5": 17.3, "tmin_d6": 13.2, "day_of_year": 228, "uuid": "d1f0b09d-09f7-4f78-9da6-10a9484e8eb1", "inat_id": 306821560}}, {"type": "Feature", "geometry": {"type": "Point", "coordinates": [-122.2836532593, 45.4942970276]}, "properties": {"species": "Fomitopsis mounceae", "date": "2025-08-20", "location": "Multnomah County, US-OR, US", "elevation": 85.0, "land_cover_label": "Tree cover", "water_mask": false, "exclude_reason": "keep", "ndvi": null, "soil_moisture": null, "solar_exposure": null, "wind_exposure": null, "water_retention": null, "slope": null, "aspect": null, "num_identification_agreements": 1, "cluster": 0, "tavg": null, "tmin": 16.1, "tmax": 27.2, "prcp_d0": 0.0, "prcp_d1": 0.0, "prcp_d2": 0.0, "prcp_d3": 0.0, "prcp_d4": 0.0, "prcp_d5": 0.0, "prcp_d6": 0.0, "tmax_d0": 25.6, "tmax_d1": 25.3, "tmax_d2": 24.0, "tmax_d3": 24.3, "tmax_d4": 23.9, "tmax_d5": 26.9, "tmax_d6": 31.1, "tmin_d0": 13.6, "tmin_d1": 10.5, "tmin_d2": 14.4, "tmin_d3": 14.1, "tmin_d4": 17.1, "tmin_d5": 17.4, "tmin_d6": 17.0, "day_of_year": 232, "uuid": "4ca8db6e-bde2-4286-aead-dc9caee004bf", "inat_id": 307868287}}, {"type": "Feature", "geometry": {"type": "Point", "coordinates": [-121.6113209029, 45.2446168567]}, "properties": {"species": "Fomitopsis mounceae", "date": "2025-08-21", "location": "Oregon, US", "elevation": 1084.0, "land_cover_label": "Tree cover", "water_mask": false, "exclude_reason": "keep", "ndvi": null, "soil_moisture": null, "solar_exposure": null, "wind_exposure": null, "water_retention": null, "slope": null, "aspect": null, "num_identification_agreements": 1, "cluster": 0, "tavg": null, "tmin": 8.0, "tmax": 33.0, "prcp_d0": 0.0, "prcp_d1": 0.0, "prcp_d2": 0.0, "prcp_d3": 0.0, "prcp_d4": 0.0, "prcp_d5": 5.751021385192871, "prcp_d6": 0.0, "tmax_d0": 26.0, "tmax_d1": 22.2, "tmax_d2": 21.9, "tmax_d3": 20.6, "tmax_d4": 21.9, "tmax_d5": 19.6, "tmax_d6": 19.2, "tmin_d0": 11.0, "tmin_d1": 10.7, "tmin_d2": 9.1, "tmin_d3": 11.4, "tmin_d4": 9.8, "tmin_d5": 13.6, "tmin_d6": 13.1, "day_of_year": 233, "uuid": "f477911b-c27c-4cc8-bd1b-71281eaa1ba1", "inat_id": 308113105}}, {"type": "Feature", "geometry": {"type": "Point", "coordinates": [-121.906445, 45.3225459]}, "properties": {"species": "Fomitopsis mounceae", "date": "2025-08-22", "location": "Rhododendron, OR 97049, USA", "elevation": 543.0, "land_cover_label": "Tree cover", "water_mask": false, "exclude_reason": "keep", "ndvi": null, "soil_moisture": null, "solar_exposure": null, "wind_exposure": null, "water_retention": null, "slope": null, "aspect": null, "num_identification_agreements": 1, "cluster": 0, "tavg": null, "tmin": 12.2, "tmax": 37.8, "prcp_d0": 0.0, "prcp_d1": 0.0, "prcp_d2": 0.0, "prcp_d3": 0.0, "prcp_d4": 0.0, "prcp_d5": 0.0, "prcp_d6": 3.863294839859009, "tmax_d0": 33.3, "tmax_d1": 29.0, "tmax_d2": 22.6, "tmax_d3": 21.9, "tmax_d4": 20.5, "tmax_d5": 22.5, "tmax_d6": 20.8, "tmin_d0": 15.9, "tmin_d1": 9.8, "tmin_d2": 11.5, "tmin_d3": 10.6, "tmin_d4": 13.1, "tmin_d5": 12.3, "tmin_d6": 15.4, "day_of_year": 234, "uuid": "aef24c9d-4267-4402-90f2-2d480fd6cf06", "inat_id": 308820634}}, {"type": "Feature", "geometry": {"type": "Point", "coordinates": [-121.9087833333, 45.69017]}, "properties": {"species": "Fomitopsis mounceae", "date": "2025-08-22", "location": "Skamania County, US-WA, US", "elevation": 90.0, "land_cover_label": "Tree cover", "water_mask": false, "exclude_reason": "keep", "ndvi": null, "soil_moisture": null, "solar_exposure": null, "wind_exposure": null, "water_retention": null, "slope": null, "aspect": null, "num_identification_agreements": 1, "cluster": 0, "tavg": null, "tmin": 13.0, "tmax": 36.0, "prcp_d0": 0.0, "prcp_d1": 0.0, "prcp_d2": 0.0, "prcp_d3": 0.0, "prcp_d4": 0.0, "prcp_d5": 0.0, "prcp_d6": 5.744569778442383, "tmax_d0": 33.6, "tmax_d1": 31.3, "tmax_d2": 26.5, "tmax_d3": 25.7, "tmax_d4": 23.6, "tmax_d5": 25.0, "tmax_d6": 24.6, "tmin_d0": 13.9, "tmin_d1": 9.1, "tmin_d2": 14.8, "tmin_d3": 10.9, "tmin_d4": 14.2, "tmin_d5": 13.3, "tmin_d6": 18.1, "day_of_year": 234, "uuid": "0260187b-a07a-4bb8-a442-812df354721a", "inat_id": 308220471}}, {"type": "Feature", "geometry": {"type": "Point", "coordinates": [-121.9067768997, 45.3233932997]}, "properties": {"species": "Fomitopsis mounceae", "date": "2025-08-22", "location": "Rhododendron, OR 97049, USA", "elevation": 540.0, "land_cover_label": "Tree cover", "water_mask": false, "exclude_reason": "keep", "ndvi": null, "soil_moisture": null, "solar_exposure": null, "wind_exposure": null, "water_retention": null, "slope": null, "aspect": null, "num_identification_agreements": 1, "cluster": 0, "tavg": null, "tmin": 12.2, "tmax": 37.8, "prcp_d0": 0.0, "prcp_d1": 0.0, "prcp_d2": 0.0, "prcp_d3": 0.0, "prcp_d4": 0.0, "prcp_d5": 0.0, "prcp_d6": 3.863294839859009, "tmax_d0": 33.3, "tmax_d1": 29.0, "tmax_d2": 22.6, "tmax_d3": 21.9, "tmax_d4": 20.5, "tmax_d5": 22.5, "tmax_d6": 20.8, "tmin_d0": 15.9, "tmin_d1": 9.8, "tmin_d2": 11.5, "tmin_d3": 10.6, "tmin_d4": 13.1, "tmin_d5": 12.3, "tmin_d6": 15.4, "day_of_year": 234, "uuid": "b9edbfc2-a004-4182-8def-ef7ece1cf7bd", "inat_id": 308741783}}, {"type": "Feature", "geometry": {"type": "Point", "coordinates": [-121.9065093889, 45.3233451667]}, "properties": {"species": "Fomitopsis mounceae", "date": "2025-08-22", "location": "Rhododendron, OR 97049, USA", "elevation": 540.0, "land_cover_label": "Tree cover", "water_mask": false, "exclude_reason": "keep", "ndvi": null, "soil_moisture": null, "solar_exposure": null, "wind_exposure": null, "water_retention": null, "slope": null, "aspect": null, "num_identification_agreements": 1, "cluster": 0, "tavg": null, "tmin": 12.2, "tmax": 37.8, "prcp_d0": 0.0, "prcp_d1": 0.0, "prcp_d2": 0.0, "prcp_d3": 0.0, "prcp_d4": 0.0, "prcp_d5": 0.0, "prcp_d6": 3.863294839859009, "tmax_d0": 33.3, "tmax_d1": 29.0, "tmax_d2": 22.6, "tmax_d3": 22.0, "tmax_d4": 20.6, "tmax_d5": 22.5, "tmax_d6": 20.9, "tmin_d0": 15.9, "tmin_d1": 9.9, "tmin_d2": 11.5, "tmin_d3": 10.6, "tmin_d4": 13.2, "tmin_d5": 12.3, "tmin_d6": 15.5, "day_of_year": 234, "uuid": "30686f3e-a14d-4aa0-bf7d-ed6949285664", "inat_id": 308296403}}, {"type": "Feature", "geometry": {"type": "Point", "coordinates": [-121.9068297997, 45.3234078997]}, "properties": {"species": "Fomitopsis mounceae", "date": "2025-08-22", "location": "Rhododendron, OR 97049, USA", "elevation": 540.0, "land_cover_label": "Tree cover", "water_mask": false, "exclude_reason": "keep", "ndvi": null, "soil_moisture": null, "solar_exposure": null, "wind_exposure": null, "water_retention": null, "slope": null, "aspect": null, "num_identification_agreements": 1, "cluster": 0, "tavg": null, "tmin": 12.2, "tmax": 37.8, "prcp_d0": 0.0, "prcp_d1": 0.0, "prcp_d2": 0.0, "prcp_d3": 0.0, "prcp_d4": 0.0, "prcp_d5": 0.0, "prcp_d6": 3.863294839859009, "tmax_d0": 33.3, "tmax_d1": 29.0, "tmax_d2": 22.6, "tmax_d3": 21.9, "tmax_d4": 20.5, "tmax_d5": 22.5, "tmax_d6": 20.8, "tmin_d0": 15.9, "tmin_d1": 9.8, "tmin_d2": 11.5, "tmin_d3": 10.6, "tmin_d4": 13.1, "tmin_d5": 12.3, "tmin_d6": 15.4, "day_of_year": 234, "uuid": "2525829e-607b-40d2-b917-451c07fd9af1", "inat_id": 308741859}}, {"type": "Feature", "geometry": {"type": "Point", "coordinates": [-121.9066100997, 45.3208497997]}, "properties": {"species": "Fomitopsis mounceae", "date": "2025-08-22", "location": "Rhododendron, OR 97049, USA", "elevation": 544.0, "land_cover_label": "Tree cover", "water_mask": false, "exclude_reason": "keep", "ndvi": null, "soil_moisture": null, "solar_exposure": null, "wind_exposure": null, "water_retention": null, "slope": null, "aspect": null, "num_identification_agreements": 2, "cluster": 0, "tavg": null, "tmin": 12.2, "tmax": 37.8, "prcp_d0": 0.0, "prcp_d1": 0.0, "prcp_d2": 0.0, "prcp_d3": 0.0, "prcp_d4": 0.0, "prcp_d5": 0.0, "prcp_d6": 3.863294839859009, "tmax_d0": 33.2, "tmax_d1": 28.9, "tmax_d2": 22.5, "tmax_d3": 21.9, "tmax_d4": 20.5, "tmax_d5": 22.4, "tmax_d6": 20.8, "tmin_d0": 15.8, "tmin_d1": 9.8, "tmin_d2": 11.4, "tmin_d3": 10.5, "tmin_d4": 13.1, "tmin_d5": 12.2, "tmin_d6": 15.4, "day_of_year": 234, "uuid": "bb895801-4f92-49e0-8fd4-6259fa918929", "inat_id": 308821145}}, {"type": "Feature", "geometry": {"type": "Point", "coordinates": [-121.9174638889, 45.6368111111]}, "properties": {"species": "Fomitopsis mounceae", "date": "2025-08-25", "location": "Cascade Locks, OR 97014, USA", "elevation": 65.0, "land_cover_label": "Tree cover", "water_mask": false, "exclude_reason": "keep", "ndvi": null, "soil_moisture": null, "solar_exposure": null, "wind_exposure": null, "water_retention": null, "slope": null, "aspect": null, "num_identification_agreements": 1, "cluster": 0, "tavg": null, "tmin": 17.0, "tmax": 33.7, "prcp_d0": 6.200109481811523, "prcp_d1": 0.0, "prcp_d2": 0.0, "prcp_d3": 0.0, "prcp_d4": 0.0, "prcp_d5": 0.0, "prcp_d6": 0.0, "tmax_d0": 35.2, "tmax_d1": 36.5, "tmax_d2": 34.9, "tmax_d3": 33.3, "tmax_d4": 30.8, "tmax_d5": 25.7, "tmax_d6": 24.9, "tmin_d0": 20.8, "tmin_d1": 19.4, "tmin_d2": 16.9, "tmin_d3": 14.4, "tmin_d4": 12.1, "tmin_d5": 15.3, "tmin_d6": 12.4, "day_of_year": 237, "uuid": "b6ce1a54-d142-44a9-a5d7-12e5d534a13e", "inat_id": 310155216}}, {"type": "Feature", "geometry": {"type": "Point", "coordinates": [-121.7158053522, 45.2581028132]}, "properties": {"species": "Fomitopsis mounceae", "date": "2025-08-30", "location": "Clackamas County, US-OR, US", "elevation": 1062.0, "land_cover_label": "Tree cover", "water_mask": false, "exclude_reason": "keep", "ndvi": null, "soil_moisture": null, "solar_exposure": null, "wind_exposure": null, "water_retention": null, "slope": null, "aspect": null, "num_identification_agreements": 1, "cluster": 0, "tavg": null, "tmin": 12.0, "tmax": 30.0, "prcp_d0": 0.0, "prcp_d1": 0.0, "prcp_d2": 0.0, "prcp_d3": 3.8921165466308594, "prcp_d4": 9.220617294311523, "prcp_d5": 9.529862403869627, "prcp_d6": 0.0, "tmax_d0": 26.4, "tmax_d1": 27.3, "tmax_d2": 26.2, "tmax_d3": 24.5, "tmax_d4": 28.5, "tmax_d5": 29.5, "tmax_d6": 31.9, "tmin_d0": 14.0, "tmin_d1": 15.8, "tmin_d2": 15.6, "tmin_d3": 16.0, "tmin_d4": 17.9, "tmin_d5": 20.5, "tmin_d6": 19.7, "day_of_year": 242, "uuid": "b624cf50-471c-478b-9414-8431da1a33f3", "inat_id": 310341198}}, {"type": "Feature", "geometry": {"type": "Point", "coordinates": [-121.9429222222, 45.3063277778]}, "properties": {"species": "Fomitopsis mounceae", "date": "2025-09-01", "location": "Mt Hood Village, OR, USA", "elevation": 485.0, "land_cover_label": "Tree cover", "water_mask": false, "exclude_reason": "keep", "ndvi": null, "soil_moisture": null, "solar_exposure": null, "wind_exposure": null, "water_retention": null, "slope": null, "aspect": null, "num_identification_agreements": 1, "cluster": 0, "tavg": null, "tmin": 16.0, "tmax": 25.0, "prcp_d0": 0.0, "prcp_d1": 0.0, "prcp_d2": 0.0, "prcp_d3": 0.0, "prcp_d4": 0.0, "prcp_d5": 3.9440455436706543, "prcp_d6": 9.380041122436523, "tmax_d0": 25.2, "tmax_d1": 25.2, "tmax_d2": 26.6, "tmax_d3": 27.9, "tmax_d4": 28.8, "tmax_d5": 29.3, "tmax_d6": 31.0, "tmin_d0": 15.0, "tmin_d1": 16.0, "tmin_d2": 13.8, "tmin_d3": 13.9, "tmin_d4": 14.7, "tmin_d5": 19.1, "tmin_d6": 18.6, "day_of_year": 244, "uuid": "0e382580-f73f-46c2-b8b5-6e1fc17296a4", "inat_id": 311870270}}, {"type": "Feature", "geometry": {"type": "Point", "coordinates": [-121.9409333333, 45.2972805556]}, "properties": {"species": "Fomitopsis mounceae", "date": "2025-09-01", "location": "Welches, OR 97067, USA", "elevation": 469.0, "land_cover_label": "Tree cover", "water_mask": false, "exclude_reason": "keep", "ndvi": null, "soil_moisture": null, "solar_exposure": null, "wind_exposure": null, "water_retention": null, "slope": null, "aspect": null, "num_identification_agreements": 1, "cluster": 0, "tavg": null, "tmin": 16.0, "tmax": 25.0, "prcp_d0": 0.0, "prcp_d1": 0.0, "prcp_d2": 0.0, "prcp_d3": 0.0, "prcp_d4": 0.0, "prcp_d5": 5.275914192199707, "prcp_d6": 12.51758861541748, "tmax_d0": 25.0, "tmax_d1": 25.0, "tmax_d2": 26.4, "tmax_d3": 27.7, "tmax_d4": 28.6, "tmax_d5": 29.1, "tmax_d6": 30.8, "tmin_d0": 14.8, "tmin_d1": 15.8, "tmin_d2": 13.6, "tmin_d3": 13.7, "tmin_d4": 14.5, "tmin_d5": 18.9, "tmin_d6": 18.4, "day_of_year": 244, "uuid": "d3515362-e79e-4ef3-8d2a-2de50e1104aa", "inat_id": 310959300}}, {"type": "Feature", "geometry": {"type": "Point", "coordinates": [-121.9406361111, 45.2976333333]}, "properties": {"species": "Fomitopsis mounceae", "date": "2025-09-01", "location": "Welches, OR 97067, USA", "elevation": 469.0, "land_cover_label": "Tree cover", "water_mask": false, "exclude_reason": "keep", "ndvi": null, "soil_moisture": null, "solar_exposure": null, "wind_exposure": null, "water_retention": null, "slope": null, "aspect": null, "num_identification_agreements": 2, "cluster": 0, "tavg": null, "tmin": 16.0, "tmax": 25.0, "prcp_d0": 0.0, "prcp_d1": 0.0, "prcp_d2": 0.0, "prcp_d3": 0.0, "prcp_d4": 0.0, "prcp_d5": 5.275914192199707, "prcp_d6": 12.51758861541748, "tmax_d0": 25.2, "tmax_d1": 25.3, "tmax_d2": 26.6, "tmax_d3": 27.9, "tmax_d4": 28.8, "tmax_d5": 29.4, "tmax_d6": 31.1, "tmin_d0": 15.1, "tmin_d1": 16.0, "tmin_d2": 13.9, "tmin_d3": 13.9, "tmin_d4": 14.7, "tmin_d5": 19.1, "tmin_d6": 18.7, "day_of_year": 244, "uuid": "e4e1f2eb-195d-4ef6-9253-429ff6a0413b", "inat_id": 310960637}}, {"type": "Feature", "geometry": {"type": "Point", "coordinates": [-105.5022964444, 39.4051322778]}, "properties": {"species": "Fomitopsis mounceae", "date": "2025-09-07", "location": "Bailey, CO 80421, USA", "elevation": 2444.0, "land_cover_label": "Tree cover", "water_mask": false, "exclude_reason": "keep", "ndvi": null, "soil_moisture": 0.3661032679015702, "solar_exposure": 0.7894493341445923, "wind_exposure": 0.2621654570102691, "water_retention": 0.5660014748573303, "slope": 5.416367530822754, "aspect": 36.73094177246094, "num_identification_agreements": 1, "cluster": 3, "tavg": null, "tmin": 1.8, "tmax": 15.6, "prcp_d0": 0.0, "prcp_d1": 0.0, "prcp_d2": 0.0, "prcp_d3": 0.0, "prcp_d4": 0.0, "prcp_d5": 0.0, "prcp_d6": 0.0, "tmax_d0": null, "tmax_d1": null, "tmax_d2": null, "tmax_d3": null, "tmax_d4": null, "tmax_d5": null, "tmax_d6": null, "tmin_d0": null, "tmin_d1": null, "tmin_d2": null, "tmin_d3": null, "tmin_d4": null, "tmin_d5": null, "tmin_d6": null, "day_of_year": 250, "uuid": "0f0a83b7-360b-4411-9869-0040ca5bf2ce", "inat_id": 312294648}}, {"type": "Feature", "geometry": {"type": "Point", "coordinates": [-105.5015551997, 39.4063647997]}, "properties": {"species": "Fomitopsis mounceae", "date": "2025-09-07", "location": "Bailey, CO 80421, USA", "elevation": 2428.0, "land_cover_label": "Tree cover", "water_mask": false, "exclude_reason": "keep", "ndvi": null, "soil_moisture": 0.3663146057697272, "solar_exposure": 0.8352420330047607, "wind_exposure": 0.2572548985481262, "water_retention": 0.2465671449899673, "slope": 3.260313034057617, "aspect": 84.53225708007812, "num_identification_agreements": 1, "cluster": 0, "tavg": null, "tmin": 1.8, "tmax": 15.6, "prcp_d0": 0.0, "prcp_d1": 0.0, "prcp_d2": 0.0, "prcp_d3": 0.0, "prcp_d4": 0.0, "prcp_d5": 0.0, "prcp_d6": 0.0, "tmax_d0": null, "tmax_d1": null, "tmax_d2": null, "tmax_d3": null, "tmax_d4": null, "tmax_d5": null, "tmax_d6": null, "tmin_d0": null, "tmin_d1": null, "tmin_d2": null, "tmin_d3": null, "tmin_d4": null, "tmin_d5": null, "tmin_d6": null, "day_of_year": 250, "uuid": "58fe4103-971d-44d5-8c5d-3c8d1897fd60", "inat_id": 312303209}}, {"type": "Feature", "geometry": {"type": "Point", "coordinates": [-121.9398116667, 45.300225]}, "properties": {"species": "Fomitopsis mounceae", "date": "2025-09-15", "location": "Old Salmon River Trail, Welches, OR, US", "elevation": 496.0, "land_cover_label": "Tree cover", "water_mask": false, "exclude_reason": "keep", "ndvi": null, "soil_moisture": null, "solar_exposure": null, "wind_exposure": null, "water_retention": null, "slope": null, "aspect": null, "num_identification_agreements": 1, "cluster": 0, "tavg": null, "tmin": 8.0, "tmax": 25.0, "prcp_d0": 0.0, "prcp_d1": 0.0, "prcp_d2": 0.0, "prcp_d3": 0.0, "prcp_d4": 0.0, "prcp_d5": 7.135948657989502, "prcp_d6": 7.135948657989502, "tmax_d0": 23.4, "tmax_d1": 22.1, "tmax_d2": 24.4, "tmax_d3": 21.1, "tmax_d4": 20.4, "tmax_d5": 21.5, "tmax_d6": 21.3, "tmin_d0": 5.2, "tmin_d1": 13.1, "tmin_d2": 12.0, "tmin_d3": 13.7, "tmin_d4": 14.4, "tmin_d5": 13.5, "tmin_d6": 13.6, "day_of_year": 258, "uuid": "8d8564f6-5dc1-41e4-abd2-64a55e3b4410", "inat_id": 316356982}}, {"type": "Feature", "geometry": {"type": "Point", "coordinates": [-122.2898095997, 45.4966815]}, "properties": {"species": "Fomitopsis mounceae", "date": "2025-09-19", "location": "FPW6+82V, Corbett, OR 97080, USA", "elevation": 60.0, "land_cover_label": "Tree cover", "water_mask": false, "exclude_reason": "keep", "ndvi": null, "soil_moisture": null, "solar_exposure": null, "wind_exposure": null, "water_retention": null, "slope": null, "aspect": null, "num_identification_agreements": 1, "cluster": 0, "tavg": null, "tmin": 10.0, "tmax": 27.0, "prcp_d0": 0.0, "prcp_d1": 0.0, "prcp_d2": 0.0, "prcp_d3": 0.0, "prcp_d4": 0.0, "prcp_d5": 0.0, "prcp_d6": 0.0, "tmax_d0": 25.4, "tmax_d1": 26.6, "tmax_d2": 28.0, "tmax_d3": 29.1, "tmax_d4": 22.3, "tmax_d5": 26.8, "tmax_d6": 26.5, "tmin_d0": 10.1, "tmin_d1": 14.7, "tmin_d2": 12.6, "tmin_d3": 16.8, "tmin_d4": 8.4, "tmin_d5": 16.1, "tmin_d6": 10.8, "day_of_year": 262, "uuid": "177d6afa-c42d-41b1-bf5f-11a735837803", "inat_id": 315112482}}, {"type": "Feature", "geometry": {"type": "Point", "coordinates": [-122.2881215, 45.4955185]}, "properties": {"species": "Fomitopsis mounceae", "date": "2025-09-19", "location": "FPW6+82V, Corbett, OR 97080, USA", "elevation": 76.0, "land_cover_label": "Tree cover", "water_mask": false, "exclude_reason": "keep", "ndvi": null, "soil_moisture": null, "solar_exposure": null, "wind_exposure": null, "water_retention": null, "slope": null, "aspect": null, "num_identification_agreements": 1, "cluster": 0, "tavg": null, "tmin": 10.0, "tmax": 27.0, "prcp_d0": 0.0, "prcp_d1": 0.0, "prcp_d2": 0.0, "prcp_d3": 0.0, "prcp_d4": 0.0, "prcp_d5": 0.0, "prcp_d6": 0.0, "tmax_d0": 24.6, "tmax_d1": 26.0, "tmax_d2": 29.7, "tmax_d3": 30.7, "tmax_d4": 21.1, "tmax_d5": 25.9, "tmax_d6": 26.0, "tmin_d0": 8.6, "tmin_d1": 14.5, "tmin_d2": 11.9, "tmin_d3": 14.7, "tmin_d4": 6.9, "tmin_d5": 14.8, "tmin_d6": 10.0, "day_of_year": 262, "uuid": "2419bdb1-b418-4b23-89ac-bfbeed58ae62", "inat_id": 315111337}}, {"type": "Feature", "geometry": {"type": "Point", "coordinates": [-122.2836833, 45.4943293997]}, "properties": {"species": "Fomitopsis mounceae", "date": "2025-09-19", "location": "Gresham, OR 97080, USA", "elevation": 85.0, "land_cover_label": "Tree cover", "water_mask": false, "exclude_reason": "keep", "ndvi": null, "soil_moisture": null, "solar_exposure": null, "wind_exposure": null, "water_retention": null, "slope": null, "aspect": null, "num_identification_agreements": 1, "cluster": 0, "tavg": null, "tmin": 10.0, "tmax": 27.0, "prcp_d0": 0.0, "prcp_d1": 0.0, "prcp_d2": 0.0, "prcp_d3": 0.0, "prcp_d4": 0.0, "prcp_d5": 0.0, "prcp_d6": 0.0, "tmax_d0": 24.6, "tmax_d1": 26.0, "tmax_d2": 29.7, "tmax_d3": 30.7, "tmax_d4": 21.1, "tmax_d5": 25.9, "tmax_d6": 26.0, "tmin_d0": 8.6, "tmin_d1": 14.5, "tmin_d2": 11.9, "tmin_d3": 14.7, "tmin_d4": 6.9, "tmin_d5": 14.8, "tmin_d6": 10.0, "day_of_year": 262, "uuid": "c9c37b43-ddf7-4447-8094-6b5ba9da29e5", "inat_id": 315111436}}, {"type": "Feature", "geometry": {"type": "Point", "coordinates": [-122.2880096389, 45.4956245278]}, "properties": {"species": "Fomitopsis mounceae", "date": "2025-09-19", "location": "FPW6+82V, Corbett, OR 97080, USA", "elevation": 76.0, "land_cover_label": "Tree cover", "water_mask": false, "exclude_reason": "keep", "ndvi": null, "soil_moisture": null, "solar_exposure": null, "wind_exposure": null, "water_retention": null, "slope": null, "aspect": null, "num_identification_agreements": 1, "cluster": 0, "tavg": null, "tmin": 10.0, "tmax": 27.0, "prcp_d0": 0.0, "prcp_d1": 0.0, "prcp_d2": 0.0, "prcp_d3": 0.0, "prcp_d4": 0.0, "prcp_d5": 0.0, "prcp_d6": 0.0, "tmax_d0": 24.6, "tmax_d1": 26.0, "tmax_d2": 29.7, "tmax_d3": 30.7, "tmax_d4": 21.1, "tmax_d5": 25.9, "tmax_d6": 26.0, "tmin_d0": 8.6, "tmin_d1": 14.5, "tmin_d2": 11.9, "tmin_d3": 14.7, "tmin_d4": 6.9, "tmin_d5": 14.8, "tmin_d6": 10.0, "day_of_year": 262, "uuid": "a98063cf-a23d-477e-8e62-8d688c09adbe", "inat_id": 315143505}}, {"type": "Feature", "geometry": {"type": "Point", "coordinates": [-121.7858076096, 45.3106380938]}, "properties": {"species": "Fomitopsis mounceae", "date": "2025-09-20", "location": "TIMBERLINE LODGE, OR 97028, USA", "elevation": 1050.0, "land_cover_label": "Tree cover", "water_mask": false, "exclude_reason": "keep", "ndvi": null, "soil_moisture": null, "solar_exposure": null, "wind_exposure": null, "water_retention": null, "slope": null, "aspect": null, "num_identification_agreements": 1, "cluster": 0, "tavg": null, "tmin": 11.0, "tmax": 27.0, "prcp_d0": 0.0, "prcp_d1": 0.0, "prcp_d2": 0.0, "prcp_d3": 0.0, "prcp_d4": 0.0, "prcp_d5": 0.0, "prcp_d6": 0.0, "tmax_d0": 23.0, "tmax_d1": 25.6, "tmax_d2": 20.1, "tmax_d3": 23.1, "tmax_d4": 21.9, "tmax_d5": 20.7, "tmax_d6": 18.5, "tmin_d0": 11.9, "tmin_d1": 11.2, "tmin_d2": 10.7, "tmin_d3": 12.6, "tmin_d4": 11.1, "tmin_d5": 3.8, "tmin_d6": 9.7, "day_of_year": 263, "uuid": "2e693474-7291-4bbc-9e90-a1d0d7d42f23", "inat_id": 315427875}}, {"type": "Feature", "geometry": {"type": "Point", "coordinates": [-121.7955093333, 45.3151931667]}, "properties": {"species": "Fomitopsis mounceae", "date": "2025-09-20", "location": "Clackamas County, US-OR, US", "elevation": 1022.0, "land_cover_label": "Tree cover", "water_mask": false, "exclude_reason": "keep", "ndvi": null, "soil_moisture": null, "solar_exposure": null, "wind_exposure": null, "water_retention": null, "slope": null, "aspect": null, "num_identification_agreements": 1, "cluster": 0, "tavg": null, "tmin": 11.0, "tmax": 27.0, "prcp_d0": 0.0, "prcp_d1": 0.0, "prcp_d2": 0.0, "prcp_d3": 0.0, "prcp_d4": 0.0, "prcp_d5": 0.0, "prcp_d6": 0.0, "tmax_d0": 23.5, "tmax_d1": 26.1, "tmax_d2": 20.6, "tmax_d3": 23.6, "tmax_d4": 22.4, "tmax_d5": 21.2, "tmax_d6": 19.0, "tmin_d0": 12.4, "tmin_d1": 11.7, "tmin_d2": 11.2, "tmin_d3": 13.1, "tmin_d4": 11.6, "tmin_d5": 4.3, "tmin_d6": 10.2, "day_of_year": 263, "uuid": "76585bc6-09ec-422a-86a6-f7f8e2b00ea9", "inat_id": 315452384}}, {"type": "Feature", "geometry": {"type": "Point", "coordinates": [-121.7769082917, 45.3162237667]}, "properties": {"species": "Fomitopsis mounceae", "date": "2025-09-20", "location": "Mt Hood, OR 97041, USA", "elevation": 1186.0, "land_cover_label": "Tree cover", "water_mask": false, "exclude_reason": "keep", "ndvi": null, "soil_moisture": null, "solar_exposure": null, "wind_exposure": null, "water_retention": null, "slope": null, "aspect": null, "num_identification_agreements": 1, "cluster": 0, "tavg": null, "tmin": 11.0, "tmax": 27.0, "prcp_d0": 0.0, "prcp_d1": 0.0, "prcp_d2": 0.0, "prcp_d3": 0.0, "prcp_d4": 0.0, "prcp_d5": 0.0, "prcp_d6": 0.0, "tmax_d0": 21.8, "tmax_d1": 24.4, "tmax_d2": 18.9, "tmax_d3": 21.9, "tmax_d4": 20.7, "tmax_d5": 19.5, "tmax_d6": 17.3, "tmin_d0": 10.7, "tmin_d1": 10.0, "tmin_d2": 9.5, "tmin_d3": 11.4, "tmin_d4": 9.9, "tmin_d5": 2.6, "tmin_d6": 8.5, "day_of_year": 263, "uuid": "b9d4927f-bbd3-4467-bc71-b1ac8f85d581", "inat_id": 315618767}}, {"type": "Feature", "geometry": {"type": "Point", "coordinates": [-121.7952884639, 45.3149906222]}, "properties": {"species": "Fomitopsis mounceae", "date": "2025-09-20", "location": "Mt Hood, OR 97041, USA", "elevation": 1022.0, "land_cover_label": "Tree cover", "water_mask": false, "exclude_reason": "keep", "ndvi": null, "soil_moisture": null, "solar_exposure": null, "wind_exposure": null, "water_retention": null, "slope": null, "aspect": null, "num_identification_agreements": 1, "cluster": 0, "tavg": null, "tmin": 11.0, "tmax": 27.0, "prcp_d0": 0.0, "prcp_d1": 0.0, "prcp_d2": 0.0, "prcp_d3": 0.0, "prcp_d4": 0.0, "prcp_d5": 0.0, "prcp_d6": 0.0, "tmax_d0": 23.2, "tmax_d1": 25.8, "tmax_d2": 20.3, "tmax_d3": 23.4, "tmax_d4": 22.1, "tmax_d5": 20.9, "tmax_d6": 18.7, "tmin_d0": 12.2, "tmin_d1": 11.5, "tmin_d2": 11.0, "tmin_d3": 12.8, "tmin_d4": 11.4, "tmin_d5": 4.1, "tmin_d6": 10.0, "day_of_year": 263, "uuid": "2f24594e-9e98-49dc-b280-6eb94f3a3389", "inat_id": 315620111}}, {"type": "Feature", "geometry": {"type": "Point", "coordinates": [-122.3048166667, 45.4889633333]}, "properties": {"species": "Fomitopsis mounceae", "date": "2025-09-20", "location": "SE Oxbow Pkwy, Gresham, OR, US", "elevation": 65.0, "land_cover_label": "Tree cover", "water_mask": false, "exclude_reason": "keep", "ndvi": null, "soil_moisture": null, "solar_exposure": null, "wind_exposure": null, "water_retention": null, "slope": null, "aspect": null, "num_identification_agreements": 2, "cluster": 0, "tavg": null, "tmin": 11.0, "tmax": 27.0, "prcp_d0": 0.0, "prcp_d1": 0.0, "prcp_d2": 0.0, "prcp_d3": 0.0, "prcp_d4": 0.0, "prcp_d5": 0.0, "prcp_d6": 0.0, "tmax_d0": 26.4, "tmax_d1": 25.2, "tmax_d2": 26.4, "tmax_d3": 27.8, "tmax_d4": 28.9, "tmax_d5": 22.1, "tmax_d6": 26.6, "tmin_d0": 11.3, "tmin_d1": 9.9, "tmin_d2": 14.5, "tmin_d3": 12.4, "tmin_d4": 16.6, "tmin_d5": 8.2, "tmin_d6": 15.9, "day_of_year": 263, "uuid": "95cd411d-2d74-4ac1-8516-fbfc5e6d389c", "inat_id": 315329432}}, {"type": "Feature", "geometry": {"type": "Point", "coordinates": [-121.8771133333, 45.2831633333]}, "properties": {"species": "Fomitopsis mounceae", "date": "2025-09-21", "location": "Cool Creek Trail, Government Camp, OR, US", "elevation": 1128.0, "land_cover_label": "Tree cover", "water_mask": false, "exclude_reason": "keep", "ndvi": null, "soil_moisture": null, "solar_exposure": null, "wind_exposure": null, "water_retention": null, "slope": null, "aspect": null, "num_identification_agreements": 2, "cluster": 0, "tavg": null, "tmin": null, "tmax": null, "prcp_d0": 0.0, "prcp_d1": 0.0, "prcp_d2": 0.0, "prcp_d3": 0.0, "prcp_d4": 0.0, "prcp_d5": 0.0, "prcp_d6": 0.0, "tmax_d0": 19.0, "tmax_d1": 21.5, "tmax_d2": 24.9, "tmax_d3": 19.0, "tmax_d4": 22.2, "tmax_d5": 21.6, "tmax_d6": 20.1, "tmin_d0": 6.8, "tmin_d1": 10.4, "tmin_d2": 9.4, "tmin_d3": 9.5, "tmin_d4": 11.8, "tmin_d5": 11.5, "tmin_d6": 2.7, "day_of_year": 264, "uuid": "f362f6ff-5408-45b7-b84c-c5b7f0ac4a15", "inat_id": 315658176}}, {"type": "Feature", "geometry": {"type": "Point", "coordinates": [-121.8679726078, 45.5941666494]}, "properties": {"species": "Fomitopsis mounceae", "date": "2025-09-21", "location": "Hood River County, US-OR, US", "elevation": 290.0, "land_cover_label": "Tree cover", "water_mask": false, "exclude_reason": "keep", "ndvi": null, "soil_moisture": null, "solar_exposure": null, "wind_exposure": null, "water_retention": null, "slope": null, "aspect": null, "num_identification_agreements": 1, "cluster": 0, "tavg": null, "tmin": 13.0, "tmax": 20.0, "prcp_d0": 0.0, "prcp_d1": 0.0, "prcp_d2": 0.0, "prcp_d3": 0.0, "prcp_d4": 0.0, "prcp_d5": 0.0, "prcp_d6": 0.0, "tmax_d0": 24.2, "tmax_d1": 26.7, "tmax_d2": 29.3, "tmax_d3": 25.3, "tmax_d4": 26.6, "tmax_d5": 24.9, "tmax_d6": 23.3, "tmin_d0": 12.4, "tmin_d1": 12.6, "tmin_d2": 11.6, "tmin_d3": 14.0, "tmin_d4": 13.1, "tmin_d5": 12.4, "tmin_d6": 7.7, "day_of_year": 264, "uuid": "653dfa51-ea70-4260-a524-37fcf245b2ae", "inat_id": 317705058}}, {"type": "Feature", "geometry": {"type": "Point", "coordinates": [-121.9869209, 45.3663114]}, "properties": {"species": "Fomitopsis mounceae", "date": "2025-09-27", "location": "Mt Hood Village, OR, USA", "elevation": 379.0, "land_cover_label": "Tree cover", "water_mask": false, "exclude_reason": "keep", "ndvi": null, "soil_moisture": null, "solar_exposure": null, "wind_exposure": null, "water_retention": null, "slope": null, "aspect": null, "num_identification_agreements": 1, "cluster": 0, "tavg": null, "tmin": 8.0, "tmax": 27.0, "prcp_d0": 0.0, "prcp_d1": 0.0, "prcp_d2": 0.0, "prcp_d3": 0.0, "prcp_d4": 0.0, "prcp_d5": 0.0, "prcp_d6": 0.0, "tmax_d0": 27.1, "tmax_d1": 20.8, "tmax_d2": 25.6, "tmax_d3": 28.2, "tmax_d4": 29.2, "tmax_d5": 25.2, "tmax_d6": 23.6, "tmin_d0": 10.5, "tmin_d1": 6.5, "tmin_d2": 12.3, "tmin_d3": 12.8, "tmin_d4": 13.6, "tmin_d5": 4.3, "tmin_d6": 10.3, "day_of_year": 270, "uuid": "356eb0f1-13ef-4137-ae51-31c75c9df112", "inat_id": 317002507}}, {"type": "Feature", "geometry": {"type": "Point", "coordinates": [-121.9672942126, 44.6787593397]}, "properties": {"species": "Fomitopsis mounceae", "date": "2025-10-04", "location": "Linn County, US-OR, US", "elevation": 738.0, "land_cover_label": "Tree cover", "water_mask": false, "exclude_reason": "keep", "ndvi": null, "soil_moisture": null, "solar_exposure": null, "wind_exposure": null, "water_retention": null, "slope": null, "aspect": null, "num_identification_agreements": 2, "cluster": 2, "tavg": null, "tmin": null, "tmax": null, "prcp_d0": 0.0, "prcp_d1": 0.0, "prcp_d2": 0.0, "prcp_d3": 0.0, "prcp_d4": 0.0, "prcp_d5": 28.340425491333008, "prcp_d6": 0.0, "tmax_d0": 14.9, "tmax_d1": 16.4, "tmax_d2": 16.6, "tmax_d3": 13.9, "tmax_d4": 17.1, "tmax_d5": 21.3, "tmax_d6": 24.2, "tmin_d0": 8.2, "tmin_d1": 7.0, "tmin_d2": 5.9, "tmin_d3": 9.7, "tmin_d4": 5.6, "tmin_d5": 9.8, "tmin_d6": 9.5, "day_of_year": 277, "uuid": "88548ef3-fc6e-4537-bbbb-4be5381aee05", "inat_id": 320580036}}, {"type": "Feature", "geometry": {"type": "Point", "coordinates": [-122.4632781659, 45.0592459301]}, "properties": {"species": "Fomitopsis mounceae", "date": "2025-10-05", "location": "Clackamas County, US-OR, US", "elevation": 360.0, "land_cover_label": "Tree cover", "water_mask": false, "exclude_reason": "keep", "ndvi": null, "soil_moisture": null, "solar_exposure": null, "wind_exposure": null, "water_retention": null, "slope": null, "aspect": null, "num_identification_agreements": 2, "cluster": 2, "tavg": null, "tmin": 12.0, "tmax": 22.0, "prcp_d0": 0.0, "prcp_d1": 2.125807046890259, "prcp_d2": 0.0, "prcp_d3": 3.713951587677002, "prcp_d4": 11.224175453186035, "prcp_d5": 0.0, "prcp_d6": 26.289321899414062, "tmax_d0": 20.3, "tmax_d1": 15.4, "tmax_d2": 15.1, "tmax_d3": 15.0, "tmax_d4": 15.1, "tmax_d5": 19.4, "tmax_d6": 21.6, "tmin_d0": 8.3, "tmin_d1": 10.5, "tmin_d2": 8.7, "tmin_d3": 10.6, "tmin_d4": 11.5, "tmin_d5": 9.0, "tmin_d6": 12.4, "day_of_year": 278, "uuid": "808ffd08-d804-4426-953e-db1e071a37e3", "inat_id": 319611617}}, {"type": "Feature", "geometry": {"type": "Point", "coordinates": [-122.4685123322, 45.1923011703]}, "properties": {"species": "Fomitopsis mounceae", "date": "2025-10-05", "location": "Clackamas County, US-OR, US", "elevation": 176.0, "land_cover_label": "Tree cover", "water_mask": false, "exclude_reason": "keep", "ndvi": null, "soil_moisture": null, "solar_exposure": null, "wind_exposure": null, "water_retention": null, "slope": null, "aspect": null, "num_identification_agreements": 1, "cluster": 0, "tavg": null, "tmin": 12.0, "tmax": 22.0, "prcp_d0": 0.0, "prcp_d1": 0.0, "prcp_d2": 0.0, "prcp_d3": 0.0, "prcp_d4": 0.0, "prcp_d5": 0.0, "prcp_d6": 21.875715255737305, "tmax_d0": 21.7, "tmax_d1": 17.3, "tmax_d2": 16.5, "tmax_d3": 15.6, "tmax_d4": 16.0, "tmax_d5": 21.0, "tmax_d6": 22.8, "tmin_d0": 8.7, "tmin_d1": 11.8, "tmin_d2": 8.5, "tmin_d3": 9.6, "tmin_d4": 12.7, "tmin_d5": 8.4, "tmin_d6": 11.6, "day_of_year": 278, "uuid": "9a157e8b-e802-4833-b32e-208b68cd7af3", "inat_id": 320087572}}, {"type": "Feature", "geometry": {"type": "Point", "coordinates": [-122.0185611667, 45.6405616667]}, "properties": {"species": "Fomitopsis mounceae", "date": "2025-10-09", "location": "Beacon Rock State Park, Stevenson, WA, US", "elevation": 288.0, "land_cover_label": "Tree cover", "water_mask": false, "exclude_reason": "keep", "ndvi": null, "soil_moisture": null, "solar_exposure": null, "wind_exposure": null, "water_retention": null, "slope": null, "aspect": null, "num_identification_agreements": 2, "cluster": 0, "tavg": null, "tmin": 8.9, "tmax": 17.2, "prcp_d0": 29.75113677978516, "prcp_d1": 0.9937586784362792, "prcp_d2": 0.0, "prcp_d3": 0.0, "prcp_d4": 0.0, "prcp_d5": 0.0, "prcp_d6": 0.0, "tmax_d0": 18.2, "tmax_d1": 20.8, "tmax_d2": 20.9, "tmax_d3": 19.0, "tmax_d4": 18.3, "tmax_d5": 17.2, "tmax_d6": 15.8, "tmin_d0": 8.0, "tmin_d1": 8.4, "tmin_d2": 9.0, "tmin_d3": 7.2, "tmin_d4": 7.2, "tmin_d5": 10.9, "tmin_d6": 8.4, "day_of_year": 282, "uuid": "71cdb1b3-662c-4888-b93d-17e00d9739dd", "inat_id": 320709979}}, {"type": "Feature", "geometry": {"type": "Point", "coordinates": [-122.0207474921, 45.6275176654]}, "properties": {"species": "Fomitopsis mounceae", "date": "2025-10-10", "location": "SR-14, North Bonneville, WA, US", "elevation": 55.0, "land_cover_label": "Grassland", "water_mask": false, "exclude_reason": "keep", "ndvi": null, "soil_moisture": null, "solar_exposure": null, "wind_exposure": null, "water_retention": null, "slope": null, "aspect": null, "num_identification_agreements": 2, "cluster": 1, "tavg": null, "tmin": 10.6, "tmax": 15.0, "prcp_d0": 10.942944526672363, "prcp_d1": 29.75113677978516, "prcp_d2": 0.9937586784362792, "prcp_d3": 0.0, "prcp_d4": 0.0, "prcp_d5": 0.0, "prcp_d6": 0.0, "tmax_d0": 18.6, "tmax_d1": 20.0, "tmax_d2": 22.5, "tmax_d3": 22.7, "tmax_d4": 20.8, "tmax_d5": 20.1, "tmax_d6": 18.9, "tmin_d0": 11.1, "tmin_d1": 9.7, "tmin_d2": 10.1, "tmin_d3": 10.8, "tmin_d4": 9.0, "tmin_d5": 9.0, "tmin_d6": 12.6, "day_of_year": 283, "uuid": "9b21bb60-cfae-4e81-8b0b-6c63c6341c27", "inat_id": 320986845}}, {"type": "Feature", "geometry": {"type": "Point", "coordinates": [-122.0895424525, 45.5295582057]}, "properties": {"species": "Fomitopsis mounceae", "date": "2025-10-10", "location": "Larch Mountain Trail, Corbett, OR, US", "elevation": 1200.0, "land_cover_label": "Tree cover", "water_mask": false, "exclude_reason": "keep", "ndvi": null, "soil_moisture": null, "solar_exposure": null, "wind_exposure": null, "water_retention": null, "slope": null, "aspect": null, "num_identification_agreements": 2, "cluster": 0, "tavg": null, "tmin": 10.6, "tmax": 15.0, "prcp_d0": 6.6397576332092285, "prcp_d1": 15.881731986999512, "prcp_d2": 0.0, "prcp_d3": 0.0, "prcp_d4": 0.0, "prcp_d5": 0.0, "prcp_d6": 2.576645612716675, "tmax_d0": 10.9, "tmax_d1": 11.6, "tmax_d2": 16.5, "tmax_d3": 17.7, "tmax_d4": 14.2, "tmax_d5": 13.1, "tmax_d6": 10.0, "tmin_d0": 2.9, "tmin_d1": 3.1, "tmin_d2": 2.0, "tmin_d3": 5.1, "tmin_d4": 4.7, "tmin_d5": 2.2, "tmin_d6": 5.5, "day_of_year": 283, "uuid": "62932479-d381-4cb0-95e9-307f67592d19", "inat_id": 320256886}}, {"type": "Feature", "geometry": {"type": "Point", "coordinates": [-121.7209722222, 45.3108722222]}, "properties": {"species": "Fomitopsis mounceae", "date": "2025-10-11", "location": "TIMBERLINE LODGE, OR 97028, USA", "elevation": 1479.0, "land_cover_label": "Tree cover", "water_mask": false, "exclude_reason": "keep", "ndvi": null, "soil_moisture": null, "solar_exposure": null, "wind_exposure": null, "water_retention": null, "slope": null, "aspect": null, "num_identification_agreements": 1, "cluster": 0, "tavg": null, "tmin": 8.0, "tmax": 13.0, "prcp_d0": 2.959845542907715, "prcp_d1": 7.008801460266113, "prcp_d2": 14.756572723388672, "prcp_d3": 0.0, "prcp_d4": 0.0, "prcp_d5": 0.0, "prcp_d6": 0.0, "tmax_d0": 5.9, "tmax_d1": 11.0, "tmax_d2": 12.2, "tmax_d3": 15.5, "tmax_d4": 17.1, "tmax_d5": 11.4, "tmax_d6": 9.7, "tmin_d0": 1.0, "tmin_d1": 1.7, "tmin_d2": 2.7, "tmin_d3": 4.1, "tmin_d4": 5.9, "tmin_d5": 3.4, "tmin_d6": 2.1, "day_of_year": 284, "uuid": "540e4102-891e-415c-a6ab-0902cebce7b0", "inat_id": 320271040}}, {"type": "Feature", "geometry": {"type": "Point", "coordinates": [-122.0354539702, 44.8232386452]}, "properties": {"species": "Fomitopsis mounceae", "date": "2025-10-11", "location": "Oregon, US", "elevation": 767.0, "land_cover_label": "Tree cover", "water_mask": false, "exclude_reason": "keep", "ndvi": null, "soil_moisture": null, "solar_exposure": null, "wind_exposure": null, "water_retention": null, "slope": null, "aspect": null, "num_identification_agreements": 1, "cluster": 0, "tavg": null, "tmin": null, "tmax": null, "prcp_d0": 0.0, "prcp_d1": 3.7289090156555176, "prcp_d2": 4.199315071105957, "prcp_d3": 0.1718108505010604, "prcp_d4": 0.0, "prcp_d5": 5.7911822892720024e-08, "prcp_d6": 0.0, "tmax_d0": 10.5, "tmax_d1": 18.0, "tmax_d2": 18.3, "tmax_d3": 21.7, "tmax_d4": 23.6, "tmax_d5": 19.1, "tmax_d6": 16.6, "tmin_d0": 5.7, "tmin_d1": 6.3, "tmin_d2": 5.3, "tmin_d3": 6.9, "tmin_d4": 6.4, "tmin_d5": 8.0, "tmin_d6": 4.4, "day_of_year": 284, "uuid": "1f787d00-c276-4eb3-907f-5da26550ea92", "inat_id": 321178729}}, {"type": "Feature", "geometry": {"type": "Point", "coordinates": [-121.4514572, 45.40704643]}, "properties": {"species": "Fomitopsis mounceae", "date": "2025-10-15", "location": "Wasco County, US-OR, US", "elevation": 1171.0, "land_cover_label": "Tree cover", "water_mask": false, "exclude_reason": "keep", "ndvi": null, "soil_moisture": null, "solar_exposure": null, "wind_exposure": null, "water_retention": null, "slope": null, "aspect": null, "num_identification_agreements": 1, "cluster": 0, "tavg": null, "tmin": 0.0, "tmax": 17.0, "prcp_d0": 0.0, "prcp_d1": 0.0, "prcp_d2": 0.0, "prcp_d3": 14.430706024169922, "prcp_d4": 0.0, "prcp_d5": 1.467822790145874, "prcp_d6": 4.156686305999756, "tmax_d0": 10.6, "tmax_d1": 6.2, "tmax_d2": 3.8, "tmax_d3": 6.8, "tmax_d4": 9.9, "tmax_d5": 13.3, "tmax_d6": 14.5, "tmin_d0": 0.9, "tmin_d1": -1.6, "tmin_d2": 0.3, "tmin_d3": 3.4, "tmin_d4": 4.3, "tmin_d5": 5.8, "tmin_d6": 5.2, "day_of_year": 288, "uuid": "b9915ffb-7713-460f-95dd-20f0633a486a", "inat_id": 321287299}}, {"type": "Feature", "geometry": {"type": "Point", "coordinates": [-122.117425, 45.6131833333]}, "properties": {"species": "Fomitopsis mounceae", "date": "2025-10-19", "location": "Smith Cripe Rd, Washougal, WA, US", "elevation": 296.0, "land_cover_label": "Tree cover", "water_mask": false, "exclude_reason": "keep", "ndvi": null, "soil_moisture": null, "solar_exposure": null, "wind_exposure": null, "water_retention": null, "slope": null, "aspect": null, "num_identification_agreements": 2, "cluster": 1, "tavg": null, "tmin": 10.0, "tmax": 17.0, "prcp_d0": 69.20683288574219, "prcp_d1": 0.0, "prcp_d2": 0.0, "prcp_d3": 0.0, "prcp_d4": 0.0, "prcp_d5": 0.0, "prcp_d6": 0.0, "tmax_d0": 14.3, "tmax_d1": 16.5, "tmax_d2": 13.5, "tmax_d3": 15.1, "tmax_d4": 16.3, "tmax_d5": 13.1, "tmax_d6": 11.9, "tmin_d0": 8.5, "tmin_d1": 4.6, "tmin_d2": 8.9, "tmin_d3": 6.3, "tmin_d4": 5.3, "tmin_d5": 6.3, "tmin_d6": 5.3, "day_of_year": 292, "uuid": "4a386b07-e5e4-4dec-89af-5ac0eb951021", "inat_id": 321979966}}, {"type": "Feature", "geometry": {"type": "Point", "coordinates": [-121.8563866667, 45.38607]}, "properties": {"species": "Fomitopsis mounceae", "date": "2025-10-27", "location": "Sandy River Trail, Rhododendron, OR, US", "elevation": 663.0, "land_cover_label": "Tree cover", "water_mask": false, "exclude_reason": "keep", "ndvi": null, "soil_moisture": null, "solar_exposure": null, "wind_exposure": null, "water_retention": null, "slope": null, "aspect": null, "num_identification_agreements": 2, "cluster": 1, "tavg": null, "tmin": 2.0, "tmax": 10.0, "prcp_d0": 2.9098944664001465, "prcp_d1": 18.28868293762207, "prcp_d2": 31.051382064819336, "prcp_d3": 4.84284782409668, "prcp_d4": 0.0, "prcp_d5": 0.0, "prcp_d6": 0.0, "tmax_d0": 6.9, "tmax_d1": 5.7, "tmax_d2": 10.1, "tmax_d3": 14.3, "tmax_d4": 17.7, "tmax_d5": 18.6, "tmax_d6": 20.9, "tmin_d0": 2.1, "tmin_d1": 2.5, "tmin_d2": 3.4, "tmin_d3": 7.0, "tmin_d4": 6.4, "tmin_d5": 6.3, "tmin_d6": 4.7, "day_of_year": 300, "uuid": "907683f0-6fe1-4a3d-ac44-ccefe2169df5", "inat_id": 323596914}}, {"type": "Feature", "geometry": {"type": "Point", "coordinates": [-122.1175611667, 45.540795]}, "properties": {"species": "Fomitopsis mounceae", "date": "2025-10-29", "location": "Zigzag Ranger Station, Corbett, OR, US", "elevation": 800.0, "land_cover_label": "Tree cover", "water_mask": false, "exclude_reason": "keep", "ndvi": null, "soil_moisture": null, "solar_exposure": null, "wind_exposure": null, "water_retention": null, "slope": null, "aspect": null, "num_identification_agreements": 3, "cluster": 2, "tavg": null, "tmin": 6.0, "tmax": 16.0, "prcp_d0": 10.210561752319336, "prcp_d1": 0.0, "prcp_d2": 3.753908395767212, "prcp_d3": 18.404651641845703, "prcp_d4": 43.05906677246094, "prcp_d5": 10.138154983520508, "prcp_d6": 0.0, "tmax_d0": 9.7, "tmax_d1": 8.4, "tmax_d2": 6.3, "tmax_d3": 4.8, "tmax_d4": 8.8, "tmax_d5": 12.3, "tmax_d6": 15.3, "tmin_d0": 5.8, "tmin_d1": 1.2, "tmin_d2": 1.0, "tmin_d3": 1.2, "tmin_d4": 2.1, "tmin_d5": 5.4, "tmin_d6": 5.5, "day_of_year": 302, "uuid": "9988da2e-bca4-4cdf-a028-4aaefdf26787", "inat_id": 324019011}}, {"type": "Feature", "geometry": {"type": "Point", "coordinates": [-122.0941980277, 45.5502198497]}, "properties": {"species": "Fomitopsis mounceae", "date": "2025-11-02", "location": "Multnomah County, US-OR, US", "elevation": 908.0, "land_cover_label": "Tree cover", "water_mask": false, "exclude_reason": "keep", "ndvi": null, "soil_moisture": null, "solar_exposure": null, "wind_exposure": null, "water_retention": null, "slope": null, "aspect": null, "num_identification_agreements": 2, "cluster": 0, "tavg": null, "tmin": 6.0, "tmax": 15.0, "prcp_d0": 0.0, "prcp_d1": 0.0, "prcp_d2": 0.0, "prcp_d3": 0.0, "prcp_d4": 0.0, "prcp_d5": 0.0, "prcp_d6": 0.0, "tmax_d0": 8.5, "tmax_d1": 10.9, "tmax_d2": 11.4, "tmax_d3": 8.2, "tmax_d4": 9.0, "tmax_d5": 7.7, "tmax_d6": 5.6, "tmin_d0": 3.0, "tmin_d1": 7.2, "tmin_d2": 0.9, "tmin_d3": 2.4, "tmin_d4": 5.0, "tmin_d5": 0.5, "tmin_d6": 0.2, "day_of_year": 306, "uuid": "074c0398-a897-4194-9167-4711fb605bc9", "inat_id": 326722265}}, {"type": "Feature", "geometry": {"type": "Point", "coordinates": [-122.1121277778, 45.3697083333]}, "properties": {"species": "Fomitopsis mounceae", "date": "2025-11-05", "location": "Sandy, OR 97055, USA", "elevation": 389.0, "land_cover_label": "Tree cover", "water_mask": false, "exclude_reason": "keep", "ndvi": null, "soil_moisture": null, "solar_exposure": null, "wind_exposure": null, "water_retention": null, "slope": null, "aspect": null, "num_identification_agreements": 1, "cluster": 1, "tavg": null, "tmin": 10.0, "tmax": 18.0, "prcp_d0": 121.07622528076172, "prcp_d1": 30.26905632019043, "prcp_d2": 0.0, "prcp_d3": 0.0, "prcp_d4": 0.0, "prcp_d5": 0.0, "prcp_d6": 0.0, "tmax_d0": 15.7, "tmax_d1": 17.1, "tmax_d2": 11.3, "tmax_d3": 12.4, "tmax_d4": 14.7, "tmax_d5": 16.0, "tmax_d6": 14.7, "tmin_d0": 9.7, "tmin_d1": 8.2, "tmin_d2": 5.5, "tmin_d3": 6.4, "tmin_d4": 11.1, "tmin_d5": 5.7, "tmin_d6": 3.6, "day_of_year": 309, "uuid": "cb640a6c-f9f9-4d12-863e-ea1ff98fe988", "inat_id": 325129458}}, {"type": "Feature", "geometry": {"type": "Point", "coordinates": [-121.994863748, 45.3690920262]}, "properties": {"species": "Fomitopsis mounceae", "date": "2025-11-08", "location": "E Barlow Trail Rd, Rhododendron, OR, US", "elevation": 365.0, "land_cover_label": "Tree cover", "water_mask": false, "exclude_reason": "keep", "ndvi": null, "soil_moisture": null, "solar_exposure": null, "wind_exposure": null, "water_retention": null, "slope": null, "aspect": null, "num_identification_agreements": 1, "cluster": 1, "tavg": null, "tmin": 4.0, "tmax": 14.3, "prcp_d0": 0.0, "prcp_d1": 0.0, "prcp_d2": 0.0, "prcp_d3": 161.64874267578125, "prcp_d4": 0.0, "prcp_d5": 40.41218566894531, "prcp_d6": 0.0, "tmax_d0": 17.3, "tmax_d1": 12.1, "tmax_d2": 14.7, "tmax_d3": 14.5, "tmax_d4": 16.6, "tmax_d5": 11.6, "tmax_d6": 12.8, "tmin_d0": 3.2, "tmin_d1": 6.6, "tmin_d2": 8.3, "tmin_d3": 10.1, "tmin_d4": 8.3, "tmin_d5": 5.3, "tmin_d6": 6.8, "day_of_year": 312, "uuid": "544af561-9706-47b4-af31-9739642db9fc", "inat_id": 325558029}}, {"type": "Feature", "geometry": {"type": "Point", "coordinates": [-122.305553, 45.489879]}, "properties": {"species": "Fomitopsis mounceae", "date": "2025-11-09", "location": "Gresham, OR 97080, USA", "elevation": 28.0, "land_cover_label": "Tree cover", "water_mask": false, "exclude_reason": "keep", "ndvi": null, "soil_moisture": null, "solar_exposure": null, "wind_exposure": null, "water_retention": null, "slope": null, "aspect": null, "num_identification_agreements": 3, "cluster": 2, "tavg": null, "tmin": 11.0, "tmax": 14.6, "prcp_d0": 0.0, "prcp_d1": 0.0, "prcp_d2": 0.0, "prcp_d3": 28.662761688232425, "prcp_d4": 83.74667358398438, "prcp_d5": 20.936668395996094, "prcp_d6": 0.0, "tmax_d0": 14.7, "tmax_d1": 14.4, "tmax_d2": 14.4, "tmax_d3": 16.4, "tmax_d4": 17.5, "tmax_d5": 12.6, "tmax_d6": 13.0, "tmin_d0": 8.9, "tmin_d1": 5.7, "tmin_d2": 8.0, "tmin_d3": 10.4, "tmin_d4": 8.8, "tmin_d5": 7.0, "tmin_d6": 7.6, "day_of_year": 313, "uuid": "8d6e92b7-01ac-492a-af84-3338edcc8b42", "inat_id": 325778767}}, {"type": "Feature", "geometry": {"type": "Point", "coordinates": [-122.1226583333, 45.5684555556]}, "properties": {"species": "Fomitopsis mounceae", "date": "2025-11-10", "location": "Corbett, OR 97019, USA", "elevation": 441.0, "land_cover_label": "Tree cover", "water_mask": false, "exclude_reason": "keep", "ndvi": null, "soil_moisture": null, "solar_exposure": null, "wind_exposure": null, "water_retention": null, "slope": null, "aspect": null, "num_identification_agreements": 2, "cluster": 2, "tavg": null, "tmin": 8.0, "tmax": 13.0, "prcp_d0": 0.0, "prcp_d1": 0.0, "prcp_d2": 0.0, "prcp_d3": 0.0, "prcp_d4": 0.0, "prcp_d5": 173.6074981689453, "prcp_d6": 0.0, "tmax_d0": 12.3, "tmax_d1": 10.3, "tmax_d2": 9.7, "tmax_d3": 10.4, "tmax_d4": 12.9, "tmax_d5": 13.6, "tmax_d6": 7.8, "tmin_d0": 5.5, "tmin_d1": 3.9, "tmin_d2": 3.0, "tmin_d3": 5.6, "tmin_d4": 7.1, "tmin_d5": 5.3, "tmin_d6": 3.9, "day_of_year": 314, "uuid": "fb2d909a-9917-458e-aee8-9ad56a547ad2", "inat_id": 326366123}}, {"type": "Feature", "geometry": {"type": "Point", "coordinates": [-121.9718234, 45.3495001]}, "properties": {"species": "Fomitopsis mounceae", "date": "2025-11-12", "location": "Clackamas County, US-OR, US", "elevation": 415.0, "land_cover_label": "Tree cover", "water_mask": false, "exclude_reason": "keep", "ndvi": null, "soil_moisture": null, "solar_exposure": null, "wind_exposure": null, "water_retention": null, "slope": null, "aspect": null, "num_identification_agreements": 1, "cluster": 0, "tavg": null, "tmin": 10.1, "tmax": 15.0, "prcp_d0": 0.0, "prcp_d1": 0.0, "prcp_d2": 0.0, "prcp_d3": 0.0, "prcp_d4": 0.0, "prcp_d5": 0.0, "prcp_d6": 0.0, "tmax_d0": 19.0, "tmax_d1": 18.3, "tmax_d2": 17.6, "tmax_d3": 21.9, "tmax_d4": 17.1, "tmax_d5": 11.9, "tmax_d6": 14.5, "tmin_d0": 10.7, "tmin_d1": 7.4, "tmin_d2": 7.6, "tmin_d3": 10.2, "tmin_d4": 3.0, "tmin_d5": 6.4, "tmin_d6": 8.1, "day_of_year": 316, "uuid": "9ecb1e73-be64-468b-a05d-458b24c84071", "inat_id": 326265875}}, {"type": "Feature", "geometry": {"type": "Point", "coordinates": [-122.1583721667, 45.5372116667]}, "properties": {"species": "Fomitopsis mounceae", "date": "2025-11-15", "location": "Columbia River Gorge National Scenic Area, Corbett, OR, US", "elevation": 524.0, "land_cover_label": "Tree cover", "water_mask": false, "exclude_reason": "keep", "ndvi": null, "soil_moisture": null, "solar_exposure": null, "wind_exposure": null, "water_retention": null, "slope": null, "aspect": null, "num_identification_agreements": 2, "cluster": 0, "tavg": null, "tmin": 9.0, "tmax": 16.0, "prcp_d0": 0.0, "prcp_d1": 0.0, "prcp_d2": 0.0, "prcp_d3": 0.0, "prcp_d4": 0.0, "prcp_d5": 0.0, "prcp_d6": 0.0, "tmax_d0": 13.7, "tmax_d1": 10.3, "tmax_d2": 12.4, "tmax_d3": 12.4, "tmax_d4": 13.2, "tmax_d5": 11.9, "tmax_d6": 9.8, "tmin_d0": 8.2, "tmin_d1": 6.9, "tmin_d2": 6.5, "tmin_d3": 5.9, "tmin_d4": 5.9, "tmin_d5": 5.0, "tmin_d6": 3.4, "day_of_year": 319, "uuid": "27e130d6-2ecc-41ac-a1bc-b644b54dfa70", "inat_id": 326716487}}, {"type": "Feature", "geometry": {"type": "Point", "coordinates": [-122.0956888333, 44.7675866667]}, "properties": {"species": "Fomitopsis mounceae", "date": "2025-11-18", "location": "Breitenbush Rd SE, Lyons, OR, US", "elevation": 548.0, "land_cover_label": "Tree cover", "water_mask": false, "exclude_reason": "keep", "ndvi": null, "soil_moisture": null, "solar_exposure": null, "wind_exposure": null, "water_retention": null, "slope": null, "aspect": null, "num_identification_agreements": 1, "cluster": 2, "tavg": null, "tmin": null, "tmax": null, "prcp_d0": 0.0, "prcp_d1": 0.0, "prcp_d2": 0.0, "prcp_d3": 0.0, "prcp_d4": 0.0, "prcp_d5": 36.68906021118164, "prcp_d6": 0.0, "tmax_d0": 8.2, "tmax_d1": 10.7, "tmax_d2": 15.1, "tmax_d3": 16.9, "tmax_d4": 13.4, "tmax_d5": 18.1, "tmax_d6": 18.9, "tmin_d0": 2.9, "tmin_d1": 7.5, "tmin_d2": 3.0, "tmin_d3": 7.4, "tmin_d4": 6.6, "tmin_d5": 8.6, "tmin_d6": 8.9, "day_of_year": 322, "uuid": "fb6d8b9a-3c8f-4e23-9154-f245ead57545", "inat_id": 327414840}}, {"type": "Feature", "geometry": {"type": "Point", "coordinates": [-122.1021513234, 45.5694976953]}, "properties": {"species": "Fomitopsis mounceae", "date": "2025-11-22", "location": "Multnomah County, OR, USA", "elevation": 431.0, "land_cover_label": "Tree cover", "water_mask": false, "exclude_reason": "keep", "ndvi": null, "soil_moisture": null, "solar_exposure": null, "wind_exposure": null, "water_retention": null, "slope": null, "aspect": null, "num_identification_agreements": 2, "cluster": 0, "tavg": null, "tmin": 1.0, "tmax": 7.0, "prcp_d0": 0.0003181550418958, "prcp_d1": 0.0127557152882218, "prcp_d2": 0.0, "prcp_d3": 0.0, "prcp_d4": 0.0, "prcp_d5": 0.0, "prcp_d6": 0.0, "tmax_d0": 9.2, "tmax_d1": 9.0, "tmax_d2": 9.8, "tmax_d3": 7.2, "tmax_d4": 6.9, "tmax_d5": 9.8, "tmax_d6": 11.8, "tmin_d0": 2.0, "tmin_d1": 1.0, "tmin_d2": 3.5, "tmin_d3": 0.4, "tmin_d4": 1.6, "tmin_d5": 6.2, "tmin_d6": 7.2, "day_of_year": 326, "uuid": "a3544675-4415-4c64-98d7-f7a0f9107425", "inat_id": 328304305}}, {"type": "Feature", "geometry": {"type": "Point", "coordinates": [-122.5234922, 45.1702683]}, "properties": {"species": "Fomitopsis mounceae", "date": "2025-11-24", "location": "Molalla, OR 97038, USA", "elevation": 102.0, "land_cover_label": "Tree cover", "water_mask": false, "exclude_reason": "keep", "ndvi": null, "soil_moisture": null, "solar_exposure": null, "wind_exposure": null, "water_retention": null, "slope": null, "aspect": null, "num_identification_agreements": 1, "cluster": 0, "tavg": null, "tmin": 4.0, "tmax": 11.0, "prcp_d0": 9.233146667480469, "prcp_d1": 3.567443370819092, "prcp_d2": 0.0, "prcp_d3": 0.0051806950941681, "prcp_d4": 20.184633255004883, "prcp_d5": 0.0, "prcp_d6": 0.0, "tmax_d0": 10.1, "tmax_d1": 8.9, "tmax_d2": 7.6, "tmax_d3": 9.9, "tmax_d4": 11.8, "tmax_d5": 8.5, "tmax_d6": 9.6, "tmin_d0": 4.2, "tmin_d1": 3.9, "tmin_d2": 1.1, "tmin_d3": 0.3, "tmin_d4": 5.3, "tmin_d5": -0.6, "tmin_d6": 0.2, "day_of_year": 328, "uuid": "e21107e4-7e25-43ab-9ad4-d791e491ccca", "inat_id": 328141446}}, {"type": "Feature", "geometry": {"type": "Point", "coordinates": [-121.8499472222, 45.3822388889]}, "properties": {"species": "Fomitopsis mounceae", "date": "2025-11-27", "location": "Rhododendron, OR 97049, USA", "elevation": 803.0, "land_cover_label": "Tree cover", "water_mask": false, "exclude_reason": "keep", "ndvi": null, "soil_moisture": null, "solar_exposure": null, "wind_exposure": null, "water_retention": null, "slope": null, "aspect": null, "num_identification_agreements": 2, "cluster": 1, "tavg": null, "tmin": 5.0, "tmax": 7.0, "prcp_d0": 3.102455377578736, "prcp_d1": 15.206995964050291, "prcp_d2": 9.388880729675291, "prcp_d3": 15.370564460754396, "prcp_d4": 5.332469940185547, "prcp_d5": 8.213238470489159e-05, "prcp_d6": 0.0283249001950025, "tmax_d0": 9.9, "tmax_d1": 7.8, "tmax_d2": 7.8, "tmax_d3": 5.1, "tmax_d4": 5.5, "tmax_d5": 12.4, "tmax_d6": 9.5, "tmin_d0": 4.7, "tmin_d1": 3.6, "tmin_d2": -1.1, "tmin_d3": 1.7, "tmin_d4": 2.4, "tmin_d5": 1.9, "tmin_d6": -0.4, "day_of_year": 331, "uuid": "26707362-f8dd-4b27-b5d4-98549d5d8b23", "inat_id": 328604561}}, {"type": "Feature", "geometry": {"type": "Point", "coordinates": [-121.9935083333, 45.3509966667]}, "properties": {"species": "Fomitopsis mounceae", "date": "2025-11-29", "location": "Wildwood Recreation Site, Welches, OR, US", "elevation": 392.0, "land_cover_label": "Tree cover", "water_mask": false, "exclude_reason": "keep", "ndvi": null, "soil_moisture": null, "solar_exposure": null, "wind_exposure": null, "water_retention": null, "slope": null, "aspect": null, "num_identification_agreements": 2, "cluster": 1, "tavg": null, "tmin": 6.0, "tmax": 9.0, "prcp_d0": 0.1597061157226562, "prcp_d1": 21.120662689208984, "prcp_d2": 2.910511016845703, "prcp_d3": 14.721299171447754, "prcp_d4": 10.8198881149292, "prcp_d5": 18.60728454589844, "prcp_d6": 6.593550205230713, "tmax_d0": 11.4, "tmax_d1": 10.6, "tmax_d2": 11.8, "tmax_d3": 10.1, "tmax_d4": 10.1, "tmax_d5": 8.2, "tmax_d6": 9.0, "tmin_d0": 3.2, "tmin_d1": 8.2, "tmin_d2": 6.7, "tmin_d3": 5.4, "tmin_d4": 1.0, "tmin_d5": 3.9, "tmin_d6": 4.3, "day_of_year": 333, "uuid": "ddd64720-a011-480c-9715-2a7ee64ed515", "inat_id": 328856924}}, {"type": "Feature", "geometry": {"type": "Point", "coordinates": [-122.2708764508, 45.3898435415]}, "properties": {"species": "Fomitopsis mounceae", "date": "2025-11-30", "location": "Dubarko Rd, Sandy, OR, US", "elevation": 275.0, "land_cover_label": "Tree cover", "water_mask": false, "exclude_reason": "keep", "ndvi": null, "soil_moisture": null, "solar_exposure": null, "wind_exposure": null, "water_retention": null, "slope": null, "aspect": null, "num_identification_agreements": 1, "cluster": 0, "tavg": null, "tmin": 4.0, "tmax": 9.0, "prcp_d0": 0.4707538485527038, "prcp_d1": 0.0653627216815948, "prcp_d2": 20.319313049316406, "prcp_d3": 3.297616958618164, "prcp_d4": 15.658976554870604, "prcp_d5": 6.2266950607299805, "prcp_d6": 10.300676345825195, "tmax_d0": 10.3, "tmax_d1": 11.6, "tmax_d2": 11.5, "tmax_d3": 12.7, "tmax_d4": 9.4, "tmax_d5": 9.2, "tmax_d6": 9.0, "tmin_d0": 3.5, "tmin_d1": 5.6, "tmin_d2": 8.8, "tmin_d3": 5.8, "tmin_d4": 6.0, "tmin_d5": 1.4, "tmin_d6": 3.4, "day_of_year": 334, "uuid": "1fa879f6-9345-41d4-8b13-880716bae605", "inat_id": 329025572}}, {"type": "Feature", "geometry": {"type": "Point", "coordinates": [-122.0351778333, 45.3799383333]}, "properties": {"species": "Fomitopsis mounceae", "date": "2025-12-06", "location": "Barlow Wayside Park, Sandy, OR, US", "elevation": 318.0, "land_cover_label": "Tree cover", "water_mask": false, "exclude_reason": "keep", "ndvi": null, "soil_moisture": null, "solar_exposure": null, "wind_exposure": null, "water_retention": null, "slope": null, "aspect": null, "num_identification_agreements": 1, "cluster": 1, "tavg": null, "tmin": 9.0, "tmax": 13.0, "prcp_d0": 0.0, "prcp_d1": 42.9837760925293, "prcp_d2": 0.0, "prcp_d3": 21.49188804626465, "prcp_d4": 0.0, "prcp_d5": 0.0, "prcp_d6": 0.5879158973693848, "tmax_d0": 11.5, "tmax_d1": 11.6, "tmax_d2": 7.5, "tmax_d3": 7.6, "tmax_d4": 7.2, "tmax_d5": 9.6, "tmax_d6": 10.3, "tmin_d0": 7.6, "tmin_d1": 7.5, "tmin_d2": 1.8, "tmin_d3": 0.5, "tmin_d4": 4.8, "tmin_d5": 1.4, "tmin_d6": 3.6, "day_of_year": 340, "uuid": "2141f561-335e-4d19-8aec-0948073a527f", "inat_id": 329759368}}, {"type": "Feature", "geometry": {"type": "Point", "coordinates": [-122.2606745363, 45.4112981238]}, "properties": {"species": "Fomitopsis mounceae", "date": "2025-12-12", "location": "Sandy, OR, US", "elevation": 126.0, "land_cover_label": "Tree cover", "water_mask": false, "exclude_reason": "keep", "ndvi": null, "soil_moisture": null, "solar_exposure": null, "wind_exposure": null, "water_retention": null, "slope": null, "aspect": null, "num_identification_agreements": 2, "cluster": 1, "tavg": null, "tmin": 9.0, "tmax": 16.0, "prcp_d0": 0.0, "prcp_d1": 0.0, "prcp_d2": 15.149195671081545, "prcp_d3": 75.74597930908203, "prcp_d4": 30.29839134216309, "prcp_d5": 15.149195671081545, "prcp_d6": 0.0, "tmax_d0": 15.1, "tmax_d1": 15.7, "tmax_d2": 15.5, "tmax_d3": 12.6, "tmax_d4": 13.1, "tmax_d5": 12.2, "tmax_d6": 12.6, "tmin_d0": 9.3, "tmin_d1": 12.9, "tmin_d2": 10.4, "tmin_d3": 8.5, "tmin_d4": 9.1, "tmin_d5": 7.9, "tmin_d6": 8.4, "day_of_year": 346, "uuid": "4175fd5d-4d9f-4896-ba4b-eef2e26e6867", "inat_id": 330503728}}, {"type": "Feature", "geometry": {"type": "Point", "coordinates": [-122.3773077259, 45.3025586907]}, "properties": {"species": "Fomitopsis mounceae", "date": "2025-12-13", "location": "Milo McIver State Park, Estacada, OR, US", "elevation": 167.0, "land_cover_label": "Tree cover", "water_mask": false, "exclude_reason": "keep", "ndvi": null, "soil_moisture": null, "solar_exposure": null, "wind_exposure": null, "water_retention": null, "slope": null, "aspect": null, "num_identification_agreements": 2, "cluster": 2, "tavg": null, "tmin": 6.0, "tmax": 13.0, "prcp_d0": 0.0, "prcp_d1": 0.0, "prcp_d2": 0.0, "prcp_d3": 0.0, "prcp_d4": 86.84683227539062, "prcp_d5": 43.42341613769531, "prcp_d6": 21.711708068847656, "tmax_d0": 13.6, "tmax_d1": 15.3, "tmax_d2": 15.6, "tmax_d3": 15.5, "tmax_d4": 12.7, "tmax_d5": 13.4, "tmax_d6": 12.4, "tmin_d0": 5.1, "tmin_d1": 6.1, "tmin_d2": 12.9, "tmin_d3": 12.3, "tmin_d4": 8.8, "tmin_d5": 9.7, "tmin_d6": 8.4, "day_of_year": 347, "uuid": "d8d8981a-7894-459e-b0f8-37b33cedee14", "inat_id": 330617258}}, {"type": "Feature", "geometry": {"type": "Point", "coordinates": [-121.946067087, 45.3492336635]}, "properties": {"species": "Fomitopsis mounceae", "date": "2025-12-20", "location": "E Alpine North Ct, Rhododendron, OR, US", "elevation": 432.0, "land_cover_label": "Tree cover", "water_mask": false, "exclude_reason": "keep", "ndvi": null, "soil_moisture": null, "solar_exposure": null, "wind_exposure": null, "water_retention": null, "slope": null, "aspect": null, "num_identification_agreements": 2, "cluster": 1, "tavg": null, "tmin": 5.6, "tmax": 10.6, "prcp_d0": 0.0, "prcp_d1": 69.34993743896484, "prcp_d2": 69.34993743896484, "prcp_d3": 23.11664581298828, "prcp_d4": 0.0, "prcp_d5": 18.02740859985352, "prcp_d6": 0.0, "tmax_d0": 7.2, "tmax_d1": 11.5, "tmax_d2": 11.1, "tmax_d3": 12.1, "tmax_d4": 13.4, "tmax_d5": 14.6, "tmax_d6": 15.2, "tmin_d0": 1.6, "tmin_d1": 2.4, "tmin_d2": 1.1, "tmin_d3": 2.5, "tmin_d4": 8.5, "tmin_d5": 9.9, "tmin_d6": 5.1, "day_of_year": 354, "uuid": "3031d7fb-99c1-4b9a-8eb9-16d0d6a505bf", "inat_id": 339216417}}, {"type": "Feature", "geometry": {"type": "Point", "coordinates": [-122.1243558997, 45.5291799997]}, "properties": {"species": "Fomitopsis mounceae", "date": "2025-12-28", "location": "Cascade Locks, OR 97014, USA", "elevation": 738.0, "land_cover_label": "Tree cover", "water_mask": false, "exclude_reason": "keep", "ndvi": null, "soil_moisture": null, "solar_exposure": null, "wind_exposure": null, "water_retention": null, "slope": null, "aspect": null, "num_identification_agreements": 2, "cluster": 1, "tavg": null, "tmin": 1.0, "tmax": 7.0, "prcp_d0": 0.0, "prcp_d1": 0.0, "prcp_d2": 21.22088623046875, "prcp_d3": 19.192367553710938, "prcp_d4": 12.79491138458252, "prcp_d5": 0.0, "prcp_d6": 0.0, "tmax_d0": 2.9, "tmax_d1": 1.6, "tmax_d2": 3.8, "tmax_d3": 6.4, "tmax_d4": 4.6, "tmax_d5": 4.8, "tmax_d6": 5.3, "tmin_d0": -5.0, "tmin_d1": -1.2, "tmin_d2": 0.2, "tmin_d3": 0.8, "tmin_d4": 1.1, "tmin_d5": 0.3, "tmin_d6": 0.0, "day_of_year": 362, "uuid": "0790e731-835a-47fd-aef9-def00e981ff8", "inat_id": 332521859}}, {"type": "Feature", "geometry": {"type": "Point", "coordinates": [-122.0959028333, 44.767175]}, "properties": {"species": "Fomitopsis mounceae", "date": "2026-01-11", "location": "Breitenbush Rd SE, Idanha, OR, US", "elevation": 546.0, "land_cover_label": "Tree cover", "water_mask": false, "exclude_reason": "keep", "ndvi": null, "soil_moisture": null, "solar_exposure": null, "wind_exposure": null, "water_retention": null, "slope": null, "aspect": null, "num_identification_agreements": 1, "cluster": 2, "tavg": null, "tmin": null, "tmax": null, "prcp_d0": 0.0, "prcp_d1": 0.0, "prcp_d2": 0.0, "prcp_d3": 0.0, "prcp_d4": 54.70675659179688, "prcp_d5": 0.0, "prcp_d6": 0.0, "tmax_d0": 14.4, "tmax_d1": 13.7, "tmax_d2": 13.5, "tmax_d3": 2.5, "tmax_d4": 3.9, "tmax_d5": 4.7, "tmax_d6": 6.6, "tmin_d0": -0.2, "tmin_d1": 1.4, "tmin_d2": -1.6, "tmin_d3": -0.2, "tmin_d4": 1.9, "tmin_d5": -1.8, "tmin_d6": 2.6, "day_of_year": 11, "uuid": "a1698df7-535b-449d-acb9-8e03d81ea789", "inat_id": 335402494}}, {"type": "Feature", "geometry": {"type": "Point", "coordinates": [-122.218109278, 45.5329731212]}, "properties": {"species": "Fomitopsis mounceae", "date": "2026-02-06", "location": "Corbett, OR, US", "elevation": 264.0, "land_cover_label": "Tree cover", "water_mask": false, "exclude_reason": "keep", "ndvi": null, "soil_moisture": null, "solar_exposure": null, "wind_exposure": null, "water_retention": null, "slope": null, "aspect": null, "num_identification_agreements": 2, "cluster": 0, "tavg": null, "tmin": 7.0, "tmax": 12.0, "prcp_d0": 0.0, "prcp_d1": 0.0, "prcp_d2": 0.0, "prcp_d3": 0.0, "prcp_d4": 0.0, "prcp_d5": 24.81671905517578, "prcp_d6": 0.0, "tmax_d0": 14.4, "tmax_d1": 10.9, "tmax_d2": 14.0, "tmax_d3": 13.4, "tmax_d4": 11.9, "tmax_d5": 13.9, "tmax_d6": 16.2, "tmin_d0": 3.2, "tmin_d1": 5.0, "tmin_d2": 6.4, "tmin_d3": 5.6, "tmin_d4": 3.3, "tmin_d5": 5.7, "tmin_d6": 6.2, "day_of_year": 37, "uuid": "d8f6a0bc-dccc-4bbc-b41e-6e71d93b0e5b", "inat_id": 337580014}}, {"type": "Feature", "geometry": {"type": "Point", "coordinates": [-122.0221497864, 45.6273001566]}, "properties": {"species": "Fomitopsis mounceae", "date": "2026-02-07", "location": "Stevenson, WA 98648, USA", "elevation": 111.0, "land_cover_label": "Tree cover", "water_mask": false, "exclude_reason": "keep", "ndvi": null, "soil_moisture": null, "solar_exposure": null, "wind_exposure": null, "water_retention": null, "slope": null, "aspect": null, "num_identification_agreements": 2, "cluster": 0, "tavg": null, "tmin": 6.0, "tmax": 7.0, "prcp_d0": 21.806211471557617, "prcp_d1": 0.0, "prcp_d2": 0.0, "prcp_d3": 0.0, "prcp_d4": 0.0, "prcp_d5": 0.0, "prcp_d6": 0.0, "tmax_d0": 9.7, "tmax_d1": 10.5, "tmax_d2": 7.7, "tmax_d3": 9.4, "tmax_d4": 8.2, "tmax_d5": 10.3, "tmax_d6": 11.9, "tmin_d0": 2.9, "tmin_d1": 2.1, "tmin_d2": 3.6, "tmin_d3": 3.9, "tmin_d4": 3.3, "tmin_d5": 2.4, "tmin_d6": 4.5, "day_of_year": 38, "uuid": "fa0572db-db33-47c7-a72e-911fcdf6b7b5", "inat_id": 337719219}}, {"type": "Feature", "geometry": {"type": "Point", "coordinates": [-122.167449568, 45.504390201]}, "properties": {"species": "Fomitopsis mounceae", "date": "2026-02-09", "location": "Multnomah County, US-OR, US", "elevation": 511.0, "land_cover_label": "Tree cover", "water_mask": false, "exclude_reason": "keep", "ndvi": null, "soil_moisture": null, "solar_exposure": null, "wind_exposure": null, "water_retention": null, "slope": null, "aspect": null, "num_identification_agreements": 2, "cluster": 1, "tavg": null, "tmin": 3.8, "tmax": 12.0, "prcp_d0": 15.592692375183104, "prcp_d1": 77.96347045898438, "prcp_d2": 46.778076171875, "prcp_d3": 0.0, "prcp_d4": 0.0, "prcp_d5": 0.0, "prcp_d6": 0.0, "tmax_d0": 7.3, "tmax_d1": 8.1, "tmax_d2": 13.0, "tmax_d3": 14.3, "tmax_d4": 14.9, "tmax_d5": 17.2, "tmax_d6": 15.4, "tmin_d0": 2.1, "tmin_d1": 5.7, "tmin_d2": 4.8, "tmin_d3": 1.2, "tmin_d4": 7.8, "tmin_d5": 7.2, "tmin_d6": 2.8, "day_of_year": 40, "uuid": "59e0132e-74f5-4a22-abc0-acae87a00e30", "inat_id": 339216313}}, {"type": "Feature", "geometry": {"type": "Point", "coordinates": [-122.1673967038, 45.504359996]}, "properties": {"species": "Fomitopsis mounceae", "date": "2026-02-09", "location": "Corbett, OR, US", "elevation": 511.0, "land_cover_label": "Tree cover", "water_mask": false, "exclude_reason": "keep", "ndvi": null, "soil_moisture": null, "solar_exposure": null, "wind_exposure": null, "water_retention": null, "slope": null, "aspect": null, "num_identification_agreements": 3, "cluster": 1, "tavg": null, "tmin": 3.8, "tmax": 12.0, "prcp_d0": 15.592692375183104, "prcp_d1": 77.96347045898438, "prcp_d2": 46.778076171875, "prcp_d3": 0.0, "prcp_d4": 0.0, "prcp_d5": 0.0, "prcp_d6": 0.0, "tmax_d0": 7.3, "tmax_d1": 8.1, "tmax_d2": 13.0, "tmax_d3": 14.3, "tmax_d4": 14.9, "tmax_d5": 17.2, "tmax_d6": 15.4, "tmin_d0": 2.1, "tmin_d1": 5.7, "tmin_d2": 4.8, "tmin_d3": 1.2, "tmin_d4": 7.8, "tmin_d5": 7.2, "tmin_d6": 2.8, "day_of_year": 40, "uuid": "90548ee1-777d-4425-915a-acd897181161", "inat_id": 339216369}}, {"type": "Feature", "geometry": {"type": "Point", "coordinates": [-122.1673585, 45.5044097997]}, "properties": {"species": "Fomitopsis mounceae", "date": "2026-02-09", "location": "Corbett, OR 97019, USA", "elevation": 511.0, "land_cover_label": "Tree cover", "water_mask": false, "exclude_reason": "keep", "ndvi": null, "soil_moisture": null, "solar_exposure": null, "wind_exposure": null, "water_retention": null, "slope": null, "aspect": null, "num_identification_agreements": 3, "cluster": 1, "tavg": null, "tmin": 3.8, "tmax": 12.0, "prcp_d0": 15.592692375183104, "prcp_d1": 77.96347045898438, "prcp_d2": 46.778076171875, "prcp_d3": 0.0, "prcp_d4": 0.0, "prcp_d5": 0.0, "prcp_d6": 0.0, "tmax_d0": 7.3, "tmax_d1": 8.1, "tmax_d2": 13.0, "tmax_d3": 14.3, "tmax_d4": 14.9, "tmax_d5": 17.2, "tmax_d6": 15.4, "tmin_d0": 2.1, "tmin_d1": 5.7, "tmin_d2": 4.8, "tmin_d3": 1.2, "tmin_d4": 7.8, "tmin_d5": 7.2, "tmin_d6": 2.8, "day_of_year": 40, "uuid": "001f61c9-c6e7-461d-84f9-47ccdb1198d8", "inat_id": 338008937}}, {"type": "Feature", "geometry": {"type": "Point", "coordinates": [-122.1673288, 45.5043768]}, "properties": {"species": "Fomitopsis mounceae", "date": "2026-02-09", "location": "Corbett, OR 97019, USA", "elevation": 511.0, "land_cover_label": "Tree cover", "water_mask": false, "exclude_reason": "keep", "ndvi": null, "soil_moisture": null, "solar_exposure": null, "wind_exposure": null, "water_retention": null, "slope": null, "aspect": null, "num_identification_agreements": 3, "cluster": 1, "tavg": null, "tmin": 3.8, "tmax": 12.0, "prcp_d0": 15.592692375183104, "prcp_d1": 77.96347045898438, "prcp_d2": 46.778076171875, "prcp_d3": 0.0, "prcp_d4": 0.0, "prcp_d5": 0.0, "prcp_d6": 0.0, "tmax_d0": 7.3, "tmax_d1": 8.1, "tmax_d2": 13.0, "tmax_d3": 14.3, "tmax_d4": 14.9, "tmax_d5": 17.2, "tmax_d6": 15.4, "tmin_d0": 2.1, "tmin_d1": 5.7, "tmin_d2": 4.8, "tmin_d3": 1.2, "tmin_d4": 7.8, "tmin_d5": 7.2, "tmin_d6": 2.8, "day_of_year": 40, "uuid": "39135c1e-7c93-4f38-81fa-ac81e672a7b1", "inat_id": 338009068}}, {"type": "Feature", "geometry": {"type": "Point", "coordinates": [-122.1633022458, 45.5036120529]}, "properties": {"species": "Fomitopsis mounceae", "date": "2026-02-11", "location": "Multnomah County, US-OR, US", "elevation": 508.0, "land_cover_label": "Tree cover", "water_mask": false, "exclude_reason": "keep", "ndvi": null, "soil_moisture": null, "solar_exposure": null, "wind_exposure": null, "water_retention": null, "slope": null, "aspect": null, "num_identification_agreements": 3, "cluster": 1, "tavg": null, "tmin": 2.3, "tmax": 13.6, "prcp_d0": 0.0, "prcp_d1": 0.0, "prcp_d2": 15.592692375183104, "prcp_d3": 77.96347045898438, "prcp_d4": 46.778076171875, "prcp_d5": 0.0, "prcp_d6": 0.0, "tmax_d0": 12.5, "tmax_d1": 11.5, "tmax_d2": 7.2, "tmax_d3": 8.0, "tmax_d4": 12.9, "tmax_d5": 14.2, "tmax_d6": 14.8, "tmin_d0": 1.4, "tmin_d1": -0.5, "tmin_d2": 2.0, "tmin_d3": 5.6, "tmin_d4": 4.7, "tmin_d5": 1.1, "tmin_d6": 7.7, "day_of_year": 42, "uuid": "dc466b87-d33d-4c33-b645-f00105b6b588", "inat_id": 338628713}}, {"type": "Feature", "geometry": {"type": "Point", "coordinates": [-122.0220248345, 45.6281478664]}, "properties": {"species": "Fomitopsis mounceae", "date": "2026-02-15", "location": "SR-14, North Bonneville, WA, US", "elevation": 111.0, "land_cover_label": "Tree cover", "water_mask": false, "exclude_reason": "keep", "ndvi": null, "soil_moisture": null, "solar_exposure": null, "wind_exposure": null, "water_retention": null, "slope": null, "aspect": null, "num_identification_agreements": 1, "cluster": 1, "tavg": null, "tmin": 5.0, "tmax": 11.0, "prcp_d0": 0.0, "prcp_d1": 0.0, "prcp_d2": 31.979511260986328, "prcp_d3": 0.0, "prcp_d4": 0.0, "prcp_d5": 0.0, "prcp_d6": 21.806211471557617, "tmax_d0": 9.7, "tmax_d1": 8.8, "tmax_d2": 11.6, "tmax_d3": 12.1, "tmax_d4": 11.2, "tmax_d5": 9.8, "tmax_d6": 9.8, "tmin_d0": 3.8, "tmin_d1": 4.9, "tmin_d2": 3.1, "tmin_d3": 0.4, "tmin_d4": 1.6, "tmin_d5": 1.8, "tmin_d6": 5.4, "day_of_year": 46, "uuid": "8721dc6a-e198-4a72-8a4d-518c4d04c472", "inat_id": 338849521}}, {"type": "Feature", "geometry": {"type": "Point", "coordinates": [-122.1918843473, 44.7155919437]}, "properties": {"species": "Fomitopsis mounceae", "date": "2026-02-26", "location": "N Santiam Hwy, Detroit, OR, US", "elevation": 521.0, "land_cover_label": "Tree cover", "water_mask": false, "exclude_reason": "keep", "ndvi": null, "soil_moisture": null, "solar_exposure": null, "wind_exposure": null, "water_retention": null, "slope": null, "aspect": null, "num_identification_agreements": 1, "cluster": 1, "tavg": null, "tmin": null, "tmax": null, "prcp_d0": 0.0, "prcp_d1": 8.120903015136719, "prcp_d2": 40.22531509399414, "prcp_d3": 38.20064926147461, "prcp_d4": 15.69993495941162, "prcp_d5": 13.34663200378418, "prcp_d6": 0.0, "tmax_d0": 10.9, "tmax_d1": 9.1, "tmax_d2": 8.7, "tmax_d3": 8.6, "tmax_d4": 8.7, "tmax_d5": 9.5, "tmax_d6": 5.0, "tmin_d0": -6.3, "tmin_d1": 1.4, "tmin_d2": 4.0, "tmin_d3": 4.2, "tmin_d4": 0.7, "tmin_d5": -3.8, "tmin_d6": -0.4, "day_of_year": 57, "uuid": "5a66a9dc-ce81-4854-846c-b0716a5b6807", "inat_id": 341054465}}, {"type": "Feature", "geometry": {"type": "Point", "coordinates": [-122.1180648804, 45.5424957275]}, "properties": {"species": "Fomitopsis mounceae", "date": "2026-03-01", "location": "Corbett", "elevation": 796.0, "land_cover_label": "Tree cover", "water_mask": false, "exclude_reason": "keep", "ndvi": null, "soil_moisture": null, "solar_exposure": null, "wind_exposure": null, "water_retention": null, "slope": null, "aspect": null, "num_identification_agreements": 1, "cluster": 2, "tavg": null, "tmin": 5.0, "tmax": 16.0, "prcp_d0": 41.12793350219727, "prcp_d1": 9.086280822753906, "prcp_d2": 0.0, "prcp_d3": 0.0, "prcp_d4": 6.099850177764893, "prcp_d5": 52.03238677978516, "prcp_d6": 59.37899398803711, "tmax_d0": 12.5, "tmax_d1": 10.7, "tmax_d2": 8.3, "tmax_d3": 6.8, "tmax_d4": 3.7, "tmax_d5": 4.6, "tmax_d6": 5.2, "tmin_d0": 1.8, "tmin_d1": -1.8, "tmin_d2": -2.5, "tmin_d3": -4.0, "tmin_d4": -1.4, "tmin_d5": 0.5, "tmin_d6": 0.9, "day_of_year": 60, "uuid": "2d5a2f4c-47a4-457f-831b-0d765807a1f0", "inat_id": 341626177}}, {"type": "Feature", "geometry": {"type": "Point", "coordinates": [-122.2873908116, 45.4903652179]}, "properties": {"species": "Fomitopsis mounceae", "date": "2026-03-01", "location": "Gresham, OR, US", "elevation": 127.0, "land_cover_label": "Tree cover", "water_mask": false, "exclude_reason": "keep", "ndvi": null, "soil_moisture": null, "solar_exposure": null, "wind_exposure": null, "water_retention": null, "slope": null, "aspect": null, "num_identification_agreements": 1, "cluster": 2, "tavg": null, "tmin": 5.0, "tmax": 16.0, "prcp_d0": 22.79902648925781, "prcp_d1": 5.96556568145752, "prcp_d2": 0.0, "prcp_d3": 0.0, "prcp_d4": 3.700252771377564, "prcp_d5": 31.07697868347168, "prcp_d6": 36.1933822631836, "tmax_d0": 16.0, "tmax_d1": 13.0, "tmax_d2": 11.2, "tmax_d3": 10.8, "tmax_d4": 8.9, "tmax_d5": 7.8, "tmax_d6": 9.3, "tmin_d0": 4.5, "tmin_d1": -1.3, "tmin_d2": -1.5, "tmin_d3": -1.2, "tmin_d4": 2.0, "tmin_d5": 5.1, "tmin_d6": 5.6, "day_of_year": 60, "uuid": "1a3e4a21-a7ab-49bd-93bc-069e084fe6d9", "inat_id": 340881959}}, {"type": "Feature", "geometry": {"type": "Point", "coordinates": [-122.1785394997, 45.5077832997]}, "properties": {"species": "Fomitopsis mounceae", "date": "2026-03-02", "location": "Corbett, OR 97019, USA", "elevation": 508.0, "land_cover_label": "Tree cover", "water_mask": false, "exclude_reason": "keep", "ndvi": null, "soil_moisture": null, "solar_exposure": null, "wind_exposure": null, "water_retention": null, "slope": null, "aspect": null, "num_identification_agreements": 1, "cluster": 1, "tavg": null, "tmin": 7.0, "tmax": 17.0, "prcp_d0": 0.0, "prcp_d1": 34.08289337158203, "prcp_d2": 8.466517448425293, "prcp_d3": 0.0, "prcp_d4": 0.0, "prcp_d5": 5.477865695953369, "prcp_d6": 46.24322891235352, "tmax_d0": 12.7, "tmax_d1": 16.2, "tmax_d2": 13.0, "tmax_d3": 9.7, "tmax_d4": 8.9, "tmax_d5": 6.4, "tmax_d6": 7.0, "tmin_d0": 4.9, "tmin_d1": 3.3, "tmin_d2": -3.5, "tmin_d3": -2.2, "tmin_d4": -4.2, "tmin_d5": 0.4, "tmin_d6": 3.5, "day_of_year": 61, "uuid": "00c2b310-fead-4b79-b0c7-a92cade75c34", "inat_id": 341016023}}, {"type": "Feature", "geometry": {"type": "Point", "coordinates": [-121.9050846221, 45.6848264395]}, "properties": {"species": "Fomitopsis mounceae", "date": "2026-03-06", "location": "Stevenson, WA 98648, USA", "elevation": 85.0, "land_cover_label": "Tree cover", "water_mask": false, "exclude_reason": "keep", "ndvi": null, "soil_moisture": null, "solar_exposure": null, "wind_exposure": null, "water_retention": null, "slope": null, "aspect": null, "num_identification_agreements": 1, "cluster": 2, "tavg": null, "tmin": 7.0, "tmax": 10.0, "prcp_d0": 0.0, "prcp_d1": 0.0, "prcp_d2": 0.0, "prcp_d3": 0.0, "prcp_d4": 0.0, "prcp_d5": 38.350772857666016, "prcp_d6": 8.477314949035645, "tmax_d0": 9.5, "tmax_d1": 8.3, "tmax_d2": 12.4, "tmax_d3": 15.5, "tmax_d4": 16.4, "tmax_d5": 14.9, "tmax_d6": 12.7, "tmin_d0": 5.6, "tmin_d1": 6.0, "tmin_d2": 7.6, "tmin_d3": 1.7, "tmin_d4": 2.7, "tmin_d5": -0.3, "tmin_d6": -0.7, "day_of_year": 65, "uuid": "59967fbb-b97f-4c1a-9787-3b353a36055f", "inat_id": 341696915}}, {"type": "Feature", "geometry": {"type": "Point", "coordinates": [-122.1786042202, 45.507777174]}, "properties": {"species": "Fomitopsis mounceae", "date": "2026-03-09", "location": "E Donahue Rd, Corbett, OR, US", "elevation": 508.0, "land_cover_label": "Tree cover", "water_mask": false, "exclude_reason": "keep", "ndvi": null, "soil_moisture": null, "solar_exposure": null, "wind_exposure": null, "water_retention": null, "slope": null, "aspect": null, "num_identification_agreements": 1, "cluster": 1, "tavg": null, "tmin": 2.0, "tmax": 10.0, "prcp_d0": 0.0, "prcp_d1": 0.0, "prcp_d2": 43.06440734863281, "prcp_d3": 0.0, "prcp_d4": 0.0, "prcp_d5": 0.0, "prcp_d6": 0.0, "tmax_d0": 8.2, "tmax_d1": 13.0, "tmax_d2": 11.4, "tmax_d3": 7.0, "tmax_d4": 5.1, "tmax_d5": 10.5, "tmax_d6": 12.9, "tmin_d0": -0.2, "tmin_d1": 6.1, "tmin_d2": 6.5, "tmin_d3": 3.8, "tmin_d4": 2.4, "tmin_d5": 4.7, "tmin_d6": 3.5, "day_of_year": 68, "uuid": "de6eb689-9113-44c6-b607-a3eee35727e4", "inat_id": 348865999}}, {"type": "Feature", "geometry": {"type": "Point", "coordinates": [-121.9440415336, 45.3053220797]}, "properties": {"species": "Fomitopsis mounceae", "date": "2026-03-16", "location": "Oregon, US", "elevation": 559.0, "land_cover_label": "Tree cover", "water_mask": false, "exclude_reason": "keep", "ndvi": null, "soil_moisture": null, "solar_exposure": null, "wind_exposure": null, "water_retention": null, "slope": null, "aspect": null, "num_identification_agreements": 2, "cluster": 2, "tavg": null, "tmin": 8.0, "tmax": 22.0, "prcp_d0": 0.0, "prcp_d1": 0.0, "prcp_d2": 32.37785339355469, "prcp_d3": 0.0, "prcp_d4": 97.13355255126952, "prcp_d5": 64.75570678710938, "prcp_d6": 0.0, "tmax_d0": 18.9, "tmax_d1": 10.0, "tmax_d2": 8.9, "tmax_d3": 9.3, "tmax_d4": 7.8, "tmax_d5": 7.1, "tmax_d6": 4.9, "tmin_d0": 5.8, "tmin_d1": -6.7, "tmin_d2": 0.6, "tmin_d3": 4.0, "tmin_d4": 3.2, "tmin_d5": 1.9, "tmin_d6": -2.6, "day_of_year": 75, "uuid": "cbc17f77-3892-4efe-a6f1-abe3a1072743", "inat_id": 344431090}}, {"type": "Feature", "geometry": {"type": "Point", "coordinates": [-122.3184401242, 45.3325697665]}, "properties": {"species": "Fomitopsis mounceae", "date": "2026-04-02", "location": "SE Eagle Fern Rd, Eagle Creek, OR, US", "elevation": 143.0, "land_cover_label": "Tree cover", "water_mask": false, "exclude_reason": "keep", "ndvi": null, "soil_moisture": null, "solar_exposure": null, "wind_exposure": null, "water_retention": null, "slope": null, "aspect": null, "num_identification_agreements": 1, "cluster": 0, "tavg": null, "tmin": 4.4, "tmax": 13.3, "prcp_d0": 0.0, "prcp_d1": 0.0, "prcp_d2": 0.0, "prcp_d3": 0.0, "prcp_d4": 0.0, "prcp_d5": 0.0, "prcp_d6": 0.0, "tmax_d0": 11.3, "tmax_d1": 12.2, "tmax_d2": 15.0, "tmax_d3": 15.3, "tmax_d4": 15.1, "tmax_d5": 18.0, "tmax_d6": 17.8, "tmin_d0": 3.3, "tmin_d1": 6.6, "tmin_d2": 5.0, "tmin_d3": 1.6, "tmin_d4": 5.5, "tmin_d5": 4.6, "tmin_d6": 4.4, "day_of_year": 92, "uuid": "139c96ae-11a8-4071-a90c-5d84e90fb100", "inat_id": 346874850}}, {"type": "Feature", "geometry": {"type": "Point", "coordinates": [-121.9961126614, 45.3487213282]}, "properties": {"species": "Fomitopsis mounceae", "date": "2026-04-06", "location": "Mt Hood Village, OR, USA", "elevation": 374.0, "land_cover_label": "Tree cover", "water_mask": false, "exclude_reason": "keep", "ndvi": null, "soil_moisture": null, "solar_exposure": null, "wind_exposure": null, "water_retention": null, "slope": null, "aspect": null, "num_identification_agreements": 1, "cluster": 2, "tavg": null, "tmin": 9.4, "tmax": 26.1, "prcp_d0": 0.0, "prcp_d1": 0.0, "prcp_d2": 0.0, "prcp_d3": 0.0, "prcp_d4": 0.0, "prcp_d5": 35.31730270385742, "prcp_d6": 0.0, "tmax_d0": 22.4, "tmax_d1": 24.1, "tmax_d2": 22.0, "tmax_d3": 14.3, "tmax_d4": 7.6, "tmax_d5": 9.4, "tmax_d6": 13.0, "tmin_d0": 6.6, "tmin_d1": 10.6, "tmin_d2": 1.7, "tmin_d3": -0.4, "tmin_d4": 1.8, "tmin_d5": 5.0, "tmin_d6": 3.3, "day_of_year": 96, "uuid": "d1ccf127-40bd-45fe-a43d-6ceb8075b6d7", "inat_id": 355939595}}, {"type": "Feature", "geometry": {"type": "Point", "coordinates": [-121.942495, 45.2817966667]}, "properties": {"species": "Fomitopsis mounceae", "date": "2026-04-07", "location": "Salmon River National Recreation Trail, Government Camp, OR, US", "elevation": 504.0, "land_cover_label": "Tree cover", "water_mask": false, "exclude_reason": "keep", "ndvi": null, "soil_moisture": null, "solar_exposure": null, "wind_exposure": null, "water_retention": null, "slope": null, "aspect": null, "num_identification_agreements": 1, "cluster": 2, "tavg": null, "tmin": 7.8, "tmax": 16.1, "prcp_d0": 0.0, "prcp_d1": 0.0, "prcp_d2": 0.0, "prcp_d3": 0.0, "prcp_d4": 0.0, "prcp_d5": 0.0, "prcp_d6": 33.259361267089844, "tmax_d0": 19.7, "tmax_d1": 21.5, "tmax_d2": 22.7, "tmax_d3": 21.2, "tmax_d4": 14.2, "tmax_d5": 7.1, "tmax_d6": 8.1, "tmin_d0": 4.5, "tmin_d1": 5.7, "tmin_d2": 9.6, "tmin_d3": 2.7, "tmin_d4": -0.2, "tmin_d5": 1.3, "tmin_d6": 4.2, "day_of_year": 97, "uuid": "a4c1fbcc-1f88-4c87-80a3-cece4d7eab6b", "inat_id": 348219165}}, {"type": "Feature", "geometry": {"type": "Point", "coordinates": [-122.2912644674, 45.4976762722]}, "properties": {"species": "Fomitopsis mounceae", "date": "2026-04-10", "location": "Multnomah County, US-OR, US", "elevation": 60.0, "land_cover_label": "Tree cover", "water_mask": false, "exclude_reason": "keep", "ndvi": null, "soil_moisture": null, "solar_exposure": null, "wind_exposure": null, "water_retention": null, "slope": null, "aspect": null, "num_identification_agreements": 1, "cluster": 0, "tavg": null, "tmin": 7.8, "tmax": 22.8, "prcp_d0": 0.0, "prcp_d1": 0.0, "prcp_d2": 0.0, "prcp_d3": 0.0, "prcp_d4": 0.0, "prcp_d5": 0.0, "prcp_d6": 0.0, "tmax_d0": 23.1, "tmax_d1": 22.8, "tmax_d2": 18.3, "tmax_d3": 23.3, "tmax_d4": 24.5, "tmax_d5": 24.0, "tmax_d6": 22.4, "tmin_d0": 8.2, "tmin_d1": 4.3, "tmin_d2": 3.3, "tmin_d3": 6.9, "tmin_d4": 8.1, "tmin_d5": 12.4, "tmin_d6": 3.5, "day_of_year": 100, "uuid": "1ec4626f-ad3a-4351-aeca-9e3642ad5027", "inat_id": 348851855}}, {"type": "Feature", "geometry": {"type": "Point", "coordinates": [-121.9420508875, 45.3048530599]}, "properties": {"species": "Fomitopsis mounceae", "date": "2026-04-17", "location": "Clackamas County, US-OR, US", "elevation": 473.0, "land_cover_label": "Tree cover", "water_mask": false, "exclude_reason": "keep", "ndvi": null, "soil_moisture": null, "solar_exposure": null, "wind_exposure": null, "water_retention": null, "slope": null, "aspect": null, "num_identification_agreements": 1, "cluster": 2, "tavg": null, "tmin": 5.6, "tmax": 16.1, "prcp_d0": 0.0, "prcp_d1": 0.0, "prcp_d2": 12.922969818115234, "prcp_d3": 0.0, "prcp_d4": 0.0, "prcp_d5": 12.922969818115234, "prcp_d6": 25.84593963623047, "tmax_d0": 12.2, "tmax_d1": 7.8, "tmax_d2": 5.9, "tmax_d3": 7.5, "tmax_d4": 8.7, "tmax_d5": 15.0, "tmax_d6": 17.2, "tmin_d0": 2.4, "tmin_d1": -1.2, "tmin_d2": 2.0, "tmin_d3": 2.7, "tmin_d4": 5.4, "tmin_d5": 4.9, "tmin_d6": 8.9, "day_of_year": 107, "uuid": "295db3c6-6ec3-493d-9fcf-d0105c6a3e45", "inat_id": 363175072}}, {"type": "Feature", "geometry": {"type": "Point", "coordinates": [-122.3505083333, 45.2225133333]}, "properties": {"species": "Fomitopsis mounceae", "date": "2026-05-16", "location": "Clear Creek, Colton, OR, US", "elevation": 257.0, "land_cover_label": "Tree cover", "water_mask": false, "exclude_reason": "keep", "ndvi": null, "soil_moisture": null, "solar_exposure": null, "wind_exposure": null, "water_retention": null, "slope": null, "aspect": null, "num_identification_agreements": 1, "cluster": 0, "tavg": null, "tmin": 7.2, "tmax": 15.0, "prcp_d0": 0.0, "prcp_d1": 0.0, "prcp_d2": 0.0, "prcp_d3": 16.270105361938477, "prcp_d4": 0.0, "prcp_d5": 0.0, "prcp_d6": 0.0, "tmax_d0": 12.5, "tmax_d1": 13.1, "tmax_d2": 15.6, "tmax_d3": 24.3, "tmax_d4": 24.6, "tmax_d5": 24.0, "tmax_d6": 23.3, "tmin_d0": 5.6, "tmin_d1": 6.8, "tmin_d2": 9.6, "tmin_d3": 8.8, "tmin_d4": 10.6, "tmin_d5": 5.8, "tmin_d6": 9.3, "day_of_year": 136, "uuid": "63582927-8e43-49b5-9034-389665e44b4d", "inat_id": 362897651}}, {"type": "Feature", "geometry": {"type": "Point", "coordinates": [-121.75995, 45.154175]}, "properties": {"species": "Fomitopsis mounceae", "date": "2026-06-13", "location": "Pacific Crest Trail, Government Camp, OR, US", "elevation": 1031.0, "land_cover_label": "Tree cover", "water_mask": false, "exclude_reason": "keep", "ndvi": null, "soil_moisture": null, "solar_exposure": null, "wind_exposure": null, "water_retention": null, "slope": null, "aspect": null, "num_identification_agreements": 1, "cluster": 0, "tavg": null, "tmin": null, "tmax": null, "prcp_d0": 0.0, "prcp_d1": 0.0, "prcp_d2": 0.0, "prcp_d3": 0.0, "prcp_d4": 3.3240301609039307, "prcp_d5": 3.669044971466065, "prcp_d6": 0.0, "tmax_d0": 22.6, "tmax_d1": 19.5, "tmax_d2": 19.8, "tmax_d3": 12.5, "tmax_d4": 11.2, "tmax_d5": 14.2, "tmax_d6": 14.4, "tmin_d0": 7.1, "tmin_d1": 5.7, "tmin_d2": 3.3, "tmin_d3": 4.5, "tmin_d4": 6.0, "tmin_d5": 5.3, "tmin_d6": 2.4, "day_of_year": 164, "uuid": "a4132b71-de66-489e-8b2a-7772e9cde625", "inat_id": 371448677}}, {"type": "Feature", "geometry": {"type": "Point", "coordinates": [-122.1167, 45.5389333333]}, "properties": {"species": "Fomitopsis mounceae", "date": "2026-06-14", "location": "Zigzag Ranger Station, Corbett, OR, US", "elevation": 800.0, "land_cover_label": "Tree cover", "water_mask": false, "exclude_reason": "keep", "ndvi": null, "soil_moisture": null, "solar_exposure": null, "wind_exposure": null, "water_retention": null, "slope": null, "aspect": null, "num_identification_agreements": 1, "cluster": 0, "tavg": null, "tmin": 13.3, "tmax": 33.9, "prcp_d0": 0.0, "prcp_d1": 0.0, "prcp_d2": 0.0, "prcp_d3": 0.0, "prcp_d4": 0.0, "prcp_d5": 0.0, "prcp_d6": 6.482040882110596, "tmax_d0": 26.5, "tmax_d1": 24.7, "tmax_d2": 18.4, "tmax_d3": 18.0, "tmax_d4": 11.8, "tmax_d5": 10.5, "tmax_d6": 13.0, "tmin_d0": 13.7, "tmin_d1": 6.8, "tmin_d2": 6.9, "tmin_d3": 1.7, "tmin_d4": 5.4, "tmin_d5": 6.8, "tmin_d6": 4.9, "day_of_year": 165, "uuid": "aacba410-e117-48c9-88b3-6494115d7c08", "inat_id": 371742959}}, {"type": "Feature", "geometry": {"type": "Point", "coordinates": [-121.8150033333, 45.4932533333]}, "properties": {"species": "Fomitopsis mounceae", "date": "2026-06-18", "location": "Lost Lake Rd, Mount Hood Parkdale, OR, US", "elevation": 1009.0, "land_cover_label": "Tree cover", "water_mask": false, "exclude_reason": "keep", "ndvi": null, "soil_moisture": null, "solar_exposure": null, "wind_exposure": null, "water_retention": null, "slope": null, "aspect": null, "num_identification_agreements": 1, "cluster": 0, "tavg": null, "tmin": 9.0, "tmax": 32.0, "prcp_d0": 0.0, "prcp_d1": 0.0, "prcp_d2": 0.0, "prcp_d3": 11.045683860778809, "prcp_d4": 0.0, "prcp_d5": 0.0, "prcp_d6": 0.0, "tmax_d0": 23.5, "tmax_d1": 18.2, "tmax_d2": 26.1, "tmax_d3": 26.7, "tmax_d4": 23.8, "tmax_d5": 22.2, "tmax_d6": 18.2, "tmin_d0": 7.4, "tmin_d1": 7.1, "tmin_d2": 12.5, "tmin_d3": 13.9, "tmin_d4": 13.9, "tmin_d5": 7.3, "tmin_d6": 6.5, "day_of_year": 169, "uuid": "69cb9de2-8057-490c-9e8d-eb19c9a1f9a9", "inat_id": 374721322}}, {"type": "Feature", "geometry": {"type": "Point", "coordinates": [-121.75612, 45.39753]}, "properties": {"species": "Fomitopsis mounceae", "date": "2026-06-21", "location": "Timberline Trail, Government Camp, OR, US", "elevation": 1290.0, "land_cover_label": "Tree cover", "water_mask": false, "exclude_reason": "keep", "ndvi": null, "soil_moisture": null, "solar_exposure": null, "wind_exposure": null, "water_retention": null, "slope": null, "aspect": null, "num_identification_agreements": 1, "cluster": 0, "tavg": null, "tmin": 11.0, "tmax": 28.0, "prcp_d0": 0.0, "prcp_d1": 5.61602783203125, "prcp_d2": 0.0, "prcp_d3": 0.0, "prcp_d4": 0.0, "prcp_d5": 13.8453369140625, "prcp_d6": 7.327775001525879, "tmax_d0": 16.5, "tmax_d1": 18.0, "tmax_d2": 20.7, "tmax_d3": 21.5, "tmax_d4": 15.3, "tmax_d5": 21.9, "tmax_d6": 22.9, "tmin_d0": 4.0, "tmin_d1": 5.9, "tmin_d2": 9.6, "tmin_d3": 6.9, "tmin_d4": 3.9, "tmin_d5": 9.3, "tmin_d6": 9.7, "day_of_year": 172, "uuid": "99ae7f67-9633-424a-84a0-1ec287cbe5e8", "inat_id": 374794801}}, {"type": "Feature", "geometry": {"type": "Point", "coordinates": [-121.8159722222, 45.4957638889]}, "properties": {"species": "Fomitopsis mounceae", "date": "2026-06-22", "location": "Cascade Locks, OR 97014, USA", "elevation": 1024.0, "land_cover_label": "Tree cover", "water_mask": false, "exclude_reason": "keep", "ndvi": null, "soil_moisture": null, "solar_exposure": null, "wind_exposure": null, "water_retention": null, "slope": null, "aspect": null, "num_identification_agreements": 1, "cluster": 0, "tavg": null, "tmin": 11.0, "tmax": 32.0, "prcp_d0": 0.0, "prcp_d1": 0.0, "prcp_d2": 7.65955638885498, "prcp_d3": 0.0, "prcp_d4": 0.0, "prcp_d5": 0.0, "prcp_d6": 0.0, "tmax_d0": 24.5, "tmax_d1": 19.8, "tmax_d2": 21.5, "tmax_d3": 23.0, "tmax_d4": 23.5, "tmax_d5": 18.2, "tmax_d6": 26.1, "tmin_d0": 8.9, "tmin_d1": 5.8, "tmin_d2": 7.8, "tmin_d3": 11.8, "tmin_d4": 7.4, "tmin_d5": 7.1, "tmin_d6": 12.5, "day_of_year": 173, "uuid": "f6857ed5-e3d8-4c16-a992-cf9b7d7ee9fb", "inat_id": 374524311}}, {"type": "Feature", "geometry": {"type": "Point", "coordinates": [-121.6274319318, 45.3186973853]}, "properties": {"species": "Fomitopsis mounceae", "date": "2026-06-23", "location": "Teacup Lake Trail, Mount Hood Parkdale, OR, US", "elevation": 1352.0, "land_cover_label": "Tree cover", "water_mask": false, "exclude_reason": "keep", "ndvi": null, "soil_moisture": null, "solar_exposure": null, "wind_exposure": null, "water_retention": null, "slope": null, "aspect": null, "num_identification_agreements": 1, "cluster": 0, "tavg": null, "tmin": 12.0, "tmax": 33.0, "prcp_d0": 0.0, "prcp_d1": 0.0, "prcp_d2": 0.0, "prcp_d3": 16.250396728515625, "prcp_d4": 0.0, "prcp_d5": 0.0, "prcp_d6": 0.0, "tmax_d0": 23.3, "tmax_d1": 22.8, "tmax_d2": 20.3, "tmax_d3": 20.5, "tmax_d4": 24.0, "tmax_d5": 23.9, "tmax_d6": 18.3, "tmin_d0": 10.8, "tmin_d1": 9.0, "tmin_d2": 4.0, "tmin_d3": 6.6, "tmin_d4": 11.0, "tmin_d5": 7.0, "tmin_d6": 5.1, "day_of_year": 174, "uuid": "88a4fd68-1ca0-4626-894b-95a54b8f001f", "inat_id": 374940961}}, {"type": "Feature", "geometry": {"type": "Point", "coordinates": [-121.9150394574, 45.3298656353]}, "properties": {"species": "Fomitopsis mounceae", "date": "2026-06-27", "location": "Rhododendron, OR 97049, USA", "elevation": 508.0, "land_cover_label": "Tree cover", "water_mask": false, "exclude_reason": "keep", "ndvi": null, "soil_moisture": null, "solar_exposure": null, "wind_exposure": null, "water_retention": null, "slope": null, "aspect": null, "num_identification_agreements": 1, "cluster": 0, "tavg": null, "tmin": 12.8, "tmax": 17.2, "prcp_d0": 4.626486778259277, "prcp_d1": 4.102254390716553, "prcp_d2": 0.0, "prcp_d3": 0.0, "prcp_d4": 17.495222091674805, "prcp_d5": 0.0, "prcp_d6": 0.0, "tmax_d0": 15.8, "tmax_d1": 18.4, "tmax_d2": 25.9, "tmax_d3": 26.8, "tmax_d4": 29.6, "tmax_d5": 28.7, "tmax_d6": 21.9, "tmin_d0": 8.8, "tmin_d1": 11.5, "tmin_d2": 12.0, "tmin_d3": 14.3, "tmin_d4": 14.7, "tmin_d5": 10.6, "tmin_d6": 7.8, "day_of_year": 178, "uuid": "d14d0258-e5a6-4380-a5e1-4b9a32e37a8e", "inat_id": 375927938}}, {"type": "Feature", "geometry": {"type": "Point", "coordinates": [-121.9752859668, 45.0801447936]}, "properties": {"species": "Fomitopsis mounceae", "date": "2026-06-27", "location": "Clackamas County, US-OR, US", "elevation": 614.0, "land_cover_label": "Tree cover", "water_mask": false, "exclude_reason": "keep", "ndvi": null, "soil_moisture": null, "solar_exposure": null, "wind_exposure": null, "water_retention": null, "slope": null, "aspect": null, "num_identification_agreements": 1, "cluster": 0, "tavg": null, "tmin": null, "tmax": null, "prcp_d0": 0.0, "prcp_d1": 0.0, "prcp_d2": 0.0, "prcp_d3": 0.0, "prcp_d4": 0.0, "prcp_d5": 0.0, "prcp_d6": 0.0, "tmax_d0": 16.2, "tmax_d1": 19.3, "tmax_d2": 26.0, "tmax_d3": 28.3, "tmax_d4": 28.9, "tmax_d5": 29.0, "tmax_d6": 23.1, "tmin_d0": 8.4, "tmin_d1": 10.5, "tmin_d2": 9.7, "tmin_d3": 11.2, "tmin_d4": 8.4, "tmin_d5": 8.0, "tmin_d6": 5.7, "day_of_year": 178, "uuid": "fe7a4c12-905d-401a-a983-0574a8f6c2a7", "inat_id": 376095616}}, {"type": "Feature", "geometry": {"type": "Point", "coordinates": [-122.1167829465, 45.5771016715]}, "properties": {"species": "Fomitopsis mounceae", "date": "2026-07-13", "location": "Zigzag Ranger Station, Corbett, OR, US", "elevation": 12.0, "land_cover_label": "Tree cover", "water_mask": false, "exclude_reason": "keep", "ndvi": null, "soil_moisture": null, "solar_exposure": null, "wind_exposure": null, "water_retention": null, "slope": null, "aspect": null, "num_identification_agreements": 1, "cluster": 0, "tavg": null, "tmin": 10.6, "tmax": 30.0, "prcp_d0": 0.0, "prcp_d1": 0.0, "prcp_d2": 0.0, "prcp_d3": 0.0, "prcp_d4": 0.0, "prcp_d5": 0.0, "prcp_d6": 0.0, "tmax_d0": 28.3, "tmax_d1": 24.3, "tmax_d2": 25.2, "tmax_d3": 24.8, "tmax_d4": 24.2, "tmax_d5": 25.2, "tmax_d6": 28.0, "tmin_d0": 15.0, "tmin_d1": 13.1, "tmin_d2": 15.2, "tmin_d3": 13.8, "tmin_d4": 11.9, "tmin_d5": 14.0, "tmin_d6": 14.6, "day_of_year": 194, "uuid": "a30c6bd7-fe79-4800-87cc-26447584b2d8", "inat_id": 381212236}}]}