{"type": "FeatureCollection", "features": [{"type": "Feature", "geometry": {"type": "Point", "coordinates": [-105.0072174617, 38.0482025676]}, "properties": {"species": "Fomitopsis schrenkii", "date": "2011-05-15", "location": "Pueblo County, CO, USA", "elevation": 2107.0, "land_cover_label": "Tree cover", "water_mask": false, "exclude_reason": "keep", "ndvi": null, "soil_moisture": null, "solar_exposure": null, "wind_exposure": null, "water_retention": null, "slope": null, "aspect": null, "num_identification_agreements": 1, "cluster": 0, "tavg": null, "tmin": null, "tmax": null, "prcp_d0": 0.0, "prcp_d1": 0.0, "prcp_d2": 0.0, "prcp_d3": 0.0, "prcp_d4": 7.51567268371582, "prcp_d5": 5.79268217086792, "prcp_d6": 0.0, "tmax_d0": 10.3, "tmax_d1": 14.3, "tmax_d2": 16.2, "tmax_d3": 12.7, "tmax_d4": 19.7, "tmax_d5": 20.6, "tmax_d6": 22.1, "tmin_d0": 2.3, "tmin_d1": 2.5, "tmin_d2": 0.7, "tmin_d3": 1.9, "tmin_d4": 3.7, "tmin_d5": 3.6, "tmin_d6": 4.7, "day_of_year": 135, "uuid": "3866f593-d78f-4d0a-8721-e476ba510e95", "inat_id": 329253620}}, {"type": "Feature", "geometry": {"type": "Point", "coordinates": [-103.8281768513, 43.7280221457]}, "properties": {"species": "Fomitopsis schrenkii", "date": "2011-07-23", "location": "Jewel Cave National Park", "elevation": 1622.0, "land_cover_label": "Tree cover", "water_mask": false, "exclude_reason": "keep", "ndvi": null, "soil_moisture": null, "solar_exposure": null, "wind_exposure": null, "water_retention": null, "slope": null, "aspect": null, "num_identification_agreements": 2, "cluster": 0, "tavg": null, "tmin": 13.9, "tmax": 23.9, "prcp_d0": 0.0, "prcp_d1": 0.0, "prcp_d2": 0.0, "prcp_d3": 0.0, "prcp_d4": 5.842298984527588, "prcp_d5": 0.0, "prcp_d6": 0.0, "tmax_d0": 31.0, "tmax_d1": 32.3, "tmax_d2": 31.4, "tmax_d3": 32.5, "tmax_d4": 33.8, "tmax_d5": 32.3, "tmax_d6": 33.1, "tmin_d0": 16.9, "tmin_d1": 15.9, "tmin_d2": 15.5, "tmin_d3": 22.1, "tmin_d4": 22.6, "tmin_d5": 20.6, "tmin_d6": 21.1, "day_of_year": 204, "uuid": "64917a36-dbbf-444e-bb0f-7ebb6b8a0b9a", "inat_id": 139587}}, {"type": "Feature", "geometry": {"type": "Point", "coordinates": [-105.6600236893, 35.8116882498]}, "properties": {"species": "Fomitopsis schrenkii", "date": "2011-09-16", "location": "San Miguel County, NM, USA", "elevation": 2487.0, "land_cover_label": "Grassland", "water_mask": false, "exclude_reason": "keep", "ndvi": null, "soil_moisture": null, "solar_exposure": null, "wind_exposure": null, "water_retention": null, "slope": null, "aspect": null, "num_identification_agreements": 1, "cluster": 0, "tavg": null, "tmin": 8.9, "tmax": 22.8, "prcp_d0": 0.0, "prcp_d1": 0.0, "prcp_d2": 0.0, "prcp_d3": 0.0, "prcp_d4": 0.0, "prcp_d5": 0.0, "prcp_d6": 0.0, "tmax_d0": 15.3, "tmax_d1": 14.6, "tmax_d2": 17.3, "tmax_d3": 19.4, "tmax_d4": 18.8, "tmax_d5": 17.3, "tmax_d6": 13.5, "tmin_d0": 8.3, "tmin_d1": 8.7, "tmin_d2": 9.2, "tmin_d3": 9.8, "tmin_d4": 9.4, "tmin_d5": 7.5, "tmin_d6": 6.6, "day_of_year": 259, "uuid": "6dccb62c-94ef-49f3-998d-d0541700f988", "inat_id": 105476680}}, {"type": "Feature", "geometry": {"type": "Point", "coordinates": [-107.6566437114, 37.6339943429]}, "properties": {"species": "Fomitopsis schrenkii", "date": "2015-08-17", "location": "La Plata County, CO, USA", "elevation": 3619.0, "land_cover_label": "Grassland", "water_mask": false, "exclude_reason": "keep", "ndvi": null, "soil_moisture": null, "solar_exposure": null, "wind_exposure": null, "water_retention": null, "slope": null, "aspect": null, "num_identification_agreements": 1, "cluster": 0, "tavg": null, "tmin": 12.7, "tmax": 22.7, "prcp_d0": 0.0, "prcp_d1": 0.0, "prcp_d2": 0.0, "prcp_d3": 0.0, "prcp_d4": 0.0, "prcp_d5": 0.0, "prcp_d6": 0.0, "tmax_d0": 17.3, "tmax_d1": 17.1, "tmax_d2": 18.5, "tmax_d3": 17.9, "tmax_d4": 16.0, "tmax_d5": 15.4, "tmax_d6": 14.7, "tmin_d0": 5.1, "tmin_d1": 5.3, "tmin_d2": 5.0, "tmin_d3": 4.8, "tmin_d4": 3.4, "tmin_d5": 2.8, "tmin_d6": 5.2, "day_of_year": 229, "uuid": "2228789c-11b7-4d73-81a0-0cfa32b70a35", "inat_id": 57685135}}, {"type": "Feature", "geometry": {"type": "Point", "coordinates": [-105.3535364662, 39.8584156623]}, "properties": {"species": "Fomitopsis schrenkii", "date": "2016-02-20", "location": "Jefferson County, US-CO, US", "elevation": 2384.0, "land_cover_label": "Tree cover", "water_mask": false, "exclude_reason": "keep", "ndvi": null, "soil_moisture": 0.3660022721788203, "solar_exposure": 0.8435413837432861, "wind_exposure": 0.2148652076721191, "water_retention": 0.224755123257637, "slope": 4.501165390014648, "aspect": 97.92635345458984, "num_identification_agreements": 2, "cluster": 0, "tavg": null, "tmin": 2.0, "tmax": 18.0, "prcp_d0": 0.0, "prcp_d1": 0.0, "prcp_d2": 0.0, "prcp_d3": 0.0, "prcp_d4": 0.0, "prcp_d5": 1.665624499320984, "prcp_d6": 0.0, "tmax_d0": 6.8, "tmax_d1": 7.4, "tmax_d2": 9.0, "tmax_d3": 11.6, "tmax_d4": 5.7, "tmax_d5": 4.5, "tmax_d6": 2.9, "tmin_d0": -5.7, "tmin_d1": -5.5, "tmin_d2": -2.9, "tmin_d3": -5.4, "tmin_d4": -0.3, "tmin_d5": -4.6, "tmin_d6": -7.0, "day_of_year": 51, "uuid": "47d200cd-ea1e-401c-bedd-0d5c7cf48eea", "inat_id": 2792774}}, {"type": "Feature", "geometry": {"type": "Point", "coordinates": [-105.2400836268, 39.4668063192]}, "properties": {"species": "Fomitopsis schrenkii", "date": "2016-07-04", "location": "Pleasant Park Corridor, CO, USA", "elevation": 2226.0, "land_cover_label": "Tree cover", "water_mask": false, "exclude_reason": "keep", "ndvi": null, "soil_moisture": 0.3264534724532134, "solar_exposure": 0.7568719983100891, "wind_exposure": 0.1977978646755218, "water_retention": 0.5214053392410278, "slope": 8.577442169189453, "aspect": 37.65581130981445, "num_identification_agreements": 1, "cluster": 3, "tavg": null, "tmin": 17.2, "tmax": 30.6, "prcp_d0": 0.0, "prcp_d1": 0.0, "prcp_d2": 0.0, "prcp_d3": 0.0, "prcp_d4": 0.0, "prcp_d5": 5.739335060119629, "prcp_d6": 0.0, "tmax_d0": 25.3, "tmax_d1": 23.3, "tmax_d2": 19.0, "tmax_d3": 21.1, "tmax_d4": 23.5, "tmax_d5": 26.9, "tmax_d6": 27.6, "tmin_d0": 9.3, "tmin_d1": 9.4, "tmin_d2": 10.6, "tmin_d3": 11.4, "tmin_d4": 11.0, "tmin_d5": 11.7, "tmin_d6": 10.8, "day_of_year": 186, "uuid": "69648a1c-41ff-48c8-8462-9419e08deda2", "inat_id": 16149262}}, {"type": "Feature", "geometry": {"type": "Point", "coordinates": [-103.4637527888, 43.6074422245]}, "properties": {"species": "Fomitopsis schrenkii", "date": "2016-09-19", "location": "Wind Cave National Park, Buffalo Gap, SD, US", "elevation": 1343.0, "land_cover_label": "Tree cover", "water_mask": false, "exclude_reason": "keep", "ndvi": null, "soil_moisture": null, "solar_exposure": null, "wind_exposure": null, "water_retention": null, "slope": null, "aspect": null, "num_identification_agreements": 1, "cluster": 0, "tavg": null, "tmin": 7.8, "tmax": 23.3, "prcp_d0": 0.0, "prcp_d1": 0.0, "prcp_d2": 0.0, "prcp_d3": 0.0, "prcp_d4": 10.678532600402832, "prcp_d5": 0.0, "prcp_d6": 0.0, "tmax_d0": 23.9, "tmax_d1": 26.7, "tmax_d2": 23.8, "tmax_d3": 21.0, "tmax_d4": 20.2, "tmax_d5": 21.2, "tmax_d6": 11.4, "tmin_d0": 11.6, "tmin_d1": 14.3, "tmin_d2": 9.6, "tmin_d3": 8.9, "tmin_d4": 9.4, "tmin_d5": 5.9, "tmin_d6": 6.5, "day_of_year": 263, "uuid": "8e5e7f34-228b-4fa8-bf03-3dbebf4d292a", "inat_id": 4174678}}, {"type": "Feature", "geometry": {"type": "Point", "coordinates": [-105.5158605707, 36.6706377827]}, "properties": {"species": "Fomitopsis schrenkii", "date": "2017-08-06", "location": "Carson National Forest, Questa, NM, US", "elevation": 2470.0, "land_cover_label": "Tree cover", "water_mask": false, "exclude_reason": "keep", "ndvi": null, "soil_moisture": null, "solar_exposure": null, "wind_exposure": null, "water_retention": null, "slope": null, "aspect": null, "num_identification_agreements": 1, "cluster": 0, "tavg": null, "tmin": 12.2, "tmax": 24.4, "prcp_d0": 0.0, "prcp_d1": 0.0, "prcp_d2": 5.744834899902344, "prcp_d3": 0.0, "prcp_d4": 0.0, "prcp_d5": 0.0, "prcp_d6": 0.0, "tmax_d0": 22.5, "tmax_d1": 19.0, "tmax_d2": 22.6, "tmax_d3": 22.9, "tmax_d4": 24.6, "tmax_d5": 22.2, "tmax_d6": 21.8, "tmin_d0": 12.2, "tmin_d1": 11.8, "tmin_d2": 9.9, "tmin_d3": 11.1, "tmin_d4": 9.1, "tmin_d5": 10.1, "tmin_d6": 11.5, "day_of_year": 218, "uuid": "eb3247bb-c869-4411-9708-5a79a970aa1a", "inat_id": 7377686}}, {"type": "Feature", "geometry": {"type": "Point", "coordinates": [-106.463441, 35.843534]}, "properties": {"species": "Fomitopsis schrenkii", "date": "2017-08-16", "location": "Pines, New Mexico, United States", "elevation": 2750.0, "land_cover_label": "Tree cover", "water_mask": false, "exclude_reason": "keep", "ndvi": null, "soil_moisture": null, "solar_exposure": null, "wind_exposure": null, "water_retention": null, "slope": null, "aspect": null, "num_identification_agreements": 1, "cluster": 0, "tavg": null, "tmin": 15.3, "tmax": 26.0, "prcp_d0": 0.0, "prcp_d1": 0.0, "prcp_d2": 0.0, "prcp_d3": 0.0, "prcp_d4": 32.58282470703125, "prcp_d5": 0.0, "prcp_d6": 0.0, "tmax_d0": 20.7, "tmax_d1": 20.9, "tmax_d2": 20.3, "tmax_d3": 21.2, "tmax_d4": 20.7, "tmax_d5": 20.4, "tmax_d6": 23.0, "tmin_d0": 8.7, "tmin_d1": 11.0, "tmin_d2": 8.7, "tmin_d3": 8.7, "tmin_d4": 9.5, "tmin_d5": 12.4, "tmin_d6": 10.6, "day_of_year": 228, "uuid": "51a65ffd-cfec-4138-88e8-b94c041c1363", "inat_id": 97375666}}, {"type": "Feature", "geometry": {"type": "Point", "coordinates": [-104.923582181, 39.116661702]}, "properties": {"species": "Fomitopsis schrenkii", "date": "2018-04-25", "location": "Palmer Lake, CO  80133, Palmer Lake, CO, US", "elevation": 2257.0, "land_cover_label": "Tree cover", "water_mask": false, "exclude_reason": "keep", "ndvi": null, "soil_moisture": 0.2715588103926994, "solar_exposure": 0.5826987028121948, "wind_exposure": 0.3239124119281769, "water_retention": 0.1049778386950492, "slope": 24.94497871398925, "aspect": 48.30567169189453, "num_identification_agreements": 1, "cluster": 0, "tavg": null, "tmin": -6.3, "tmax": 16.6, "prcp_d0": 0.0, "prcp_d1": 0.0, "prcp_d2": 0.0, "prcp_d3": 0.0, "prcp_d4": 0.0, "prcp_d5": 1.361746311187744, "prcp_d6": 0.0, "tmax_d0": 14.5, "tmax_d1": 11.3, "tmax_d2": 17.1, "tmax_d3": 9.9, "tmax_d4": 2.6, "tmax_d5": 11.3, "tmax_d6": 12.4, "tmin_d0": -6.4, "tmin_d1": -2.0, "tmin_d2": -0.2, "tmin_d3": -6.7, "tmin_d4": -3.7, "tmin_d5": 0.2, "tmin_d6": -2.2, "day_of_year": 115, "uuid": "e4886879-b655-4471-96ee-10cdebd85bf4", "inat_id": 11436985}}, {"type": "Feature", "geometry": {"type": "Point", "coordinates": [-103.5553531163, 43.802014268]}, "properties": {"species": "Fomitopsis schrenkii", "date": "2018-06-25", "location": "Custer State Park, Custer, SD, US", "elevation": 1661.0, "land_cover_label": "Grassland", "water_mask": false, "exclude_reason": "keep", "ndvi": null, "soil_moisture": null, "solar_exposure": null, "wind_exposure": null, "water_retention": null, "slope": null, "aspect": null, "num_identification_agreements": 1, "cluster": 1, "tavg": null, "tmin": 8.9, "tmax": 19.4, "prcp_d0": 0.0, "prcp_d1": 30.421295166015625, "prcp_d2": 0.0, "prcp_d3": 0.0, "prcp_d4": 0.0, "prcp_d5": 0.0, "prcp_d6": 0.0, "tmax_d0": 19.5, "tmax_d1": 17.1, "tmax_d2": 21.7, "tmax_d3": 21.2, "tmax_d4": 19.5, "tmax_d5": 15.1, "tmax_d6": 16.8, "tmin_d0": 9.3, "tmin_d1": 10.0, "tmin_d2": 11.6, "tmin_d3": 11.6, "tmin_d4": 6.7, "tmin_d5": 8.7, "tmin_d6": 8.5, "day_of_year": 176, "uuid": "48f8fbea-ddbb-4a68-9060-c8e64586b07e", "inat_id": 13787980}}, {"type": "Feature", "geometry": {"type": "Point", "coordinates": [-105.5151840354, 36.6658481335]}, "properties": {"species": "Fomitopsis schrenkii", "date": "2018-07-17", "location": "Taos County, NM, USA", "elevation": 2515.0, "land_cover_label": "Tree cover", "water_mask": false, "exclude_reason": "keep", "ndvi": null, "soil_moisture": null, "solar_exposure": null, "wind_exposure": null, "water_retention": null, "slope": null, "aspect": null, "num_identification_agreements": 1, "cluster": 0, "tavg": null, "tmin": 12.2, "tmax": 28.9, "prcp_d0": 5.467767715454102, "prcp_d1": 5.467767715454102, "prcp_d2": 0.0, "prcp_d3": 0.0, "prcp_d4": 8.838517189025879, "prcp_d5": 0.0, "prcp_d6": 0.0, "tmax_d0": 23.9, "tmax_d1": 25.6, "tmax_d2": 25.3, "tmax_d3": 25.1, "tmax_d4": 22.5, "tmax_d5": 24.3, "tmax_d6": 24.2, "tmin_d0": 12.8, "tmin_d1": 12.0, "tmin_d2": 12.9, "tmin_d3": 11.5, "tmin_d4": 11.3, "tmin_d5": 12.6, "tmin_d6": 13.9, "day_of_year": 198, "uuid": "6ba0bedf-5f0e-408b-ba4e-b91c29352ba2", "inat_id": 14773610}}, {"type": "Feature", "geometry": {"type": "Point", "coordinates": [-107.6667106524, 38.0265802]}, "properties": {"species": "Fomitopsis schrenkii", "date": "2018-07-19", "location": "Perimeter Trail, Ouray, CO 81427, USA", "elevation": 2445.0, "land_cover_label": "Tree cover", "water_mask": false, "exclude_reason": "keep", "ndvi": null, "soil_moisture": null, "solar_exposure": null, "wind_exposure": null, "water_retention": null, "slope": null, "aspect": null, "num_identification_agreements": 2, "cluster": 0, "tavg": null, "tmin": 13.0, "tmax": 27.0, "prcp_d0": 0.0, "prcp_d1": 5.204670906066895, "prcp_d2": 0.0, "prcp_d3": 0.0, "prcp_d4": 18.06675720214844, "prcp_d5": 0.0, "prcp_d6": 0.0, "tmax_d0": 27.1, "tmax_d1": 24.7, "tmax_d2": 23.9, "tmax_d3": 24.0, "tmax_d4": 22.2, "tmax_d5": 23.5, "tmax_d6": 24.6, "tmin_d0": 14.0, "tmin_d1": 12.0, "tmin_d2": 11.8, "tmin_d3": 10.7, "tmin_d4": 10.7, "tmin_d5": 10.7, "tmin_d6": 11.1, "day_of_year": 200, "uuid": "14bbe53d-13db-4c6c-9bb3-49f7225507d6", "inat_id": 14528814}}, {"type": "Feature", "geometry": {"type": "Point", "coordinates": [-107.538038689, 37.5077761298]}, "properties": {"species": "Fomitopsis schrenkii", "date": "2018-07-29", "location": "San Juan National Forest, Durango, CO, US", "elevation": 2618.0, "land_cover_label": "Tree cover", "water_mask": false, "exclude_reason": "keep", "ndvi": null, "soil_moisture": null, "solar_exposure": null, "wind_exposure": null, "water_retention": null, "slope": null, "aspect": null, "num_identification_agreements": 1, "cluster": 0, "tavg": null, "tmin": 11.7, "tmax": 32.2, "prcp_d0": 0.0, "prcp_d1": 0.0, "prcp_d2": 13.9735107421875, "prcp_d3": 0.0, "prcp_d4": 0.0, "prcp_d5": 8.082260131835938, "prcp_d6": 0.0, "tmax_d0": 25.0, "tmax_d1": 22.7, "tmax_d2": 21.2, "tmax_d3": 23.8, "tmax_d4": 24.1, "tmax_d5": 25.7, "tmax_d6": 26.9, "tmin_d0": 11.4, "tmin_d1": 9.9, "tmin_d2": 12.7, "tmin_d3": 10.8, "tmin_d4": 14.5, "tmin_d5": 12.8, "tmin_d6": 15.6, "day_of_year": 210, "uuid": "7b83f5fd-4aa4-42d7-be59-6c17e5fd80b4", "inat_id": 14931187}}, {"type": "Feature", "geometry": {"type": "Point", "coordinates": [-103.6660642494, 43.6383638741]}, "properties": {"species": "Fomitopsis schrenkii", "date": "2018-08-03", "location": "South Dakota, US", "elevation": 1617.0, "land_cover_label": "Tree cover", "water_mask": false, "exclude_reason": "keep", "ndvi": null, "soil_moisture": null, "solar_exposure": null, "wind_exposure": null, "water_retention": null, "slope": null, "aspect": null, "num_identification_agreements": 2, "cluster": 0, "tavg": null, "tmin": 16.7, "tmax": 28.9, "prcp_d0": 0.0, "prcp_d1": 0.0, "prcp_d2": 0.0, "prcp_d3": 0.0, "prcp_d4": 6.026927471160889, "prcp_d5": 6.026927471160889, "prcp_d6": 12.053854942321776, "tmax_d0": 28.3, "tmax_d1": 29.4, "tmax_d2": 23.5, "tmax_d3": 25.0, "tmax_d4": 21.1, "tmax_d5": 18.9, "tmax_d6": 19.4, "tmin_d0": 18.3, "tmin_d1": 15.2, "tmin_d2": 14.3, "tmin_d3": 11.4, "tmin_d4": 9.1, "tmin_d5": 10.8, "tmin_d6": 11.3, "day_of_year": 215, "uuid": "cb1c711f-65be-48a3-93a1-c81094efa3d6", "inat_id": 15090948}}, {"type": "Feature", "geometry": {"type": "Point", "coordinates": [-107.8917783333, 37.8171666667]}, "properties": {"species": "Fomitopsis schrenkii", "date": "2018-08-20", "location": "Uncompahgre National Forest, Ophir, CO, US", "elevation": 3071.0, "land_cover_label": "Tree cover", "water_mask": false, "exclude_reason": "keep", "ndvi": null, "soil_moisture": null, "solar_exposure": null, "wind_exposure": null, "water_retention": null, "slope": null, "aspect": null, "num_identification_agreements": 2, "cluster": 0, "tavg": null, "tmin": 8.0, "tmax": 25.0, "prcp_d0": 0.0, "prcp_d1": 0.0, "prcp_d2": 2.364633321762085, "prcp_d3": 5.588348388671875, "prcp_d4": 9.297677040100098, "prcp_d5": 0.0, "prcp_d6": 0.0, "tmax_d0": 20.9, "tmax_d1": 18.1, "tmax_d2": 16.8, "tmax_d3": 17.7, "tmax_d4": 18.6, "tmax_d5": 17.5, "tmax_d6": 20.9, "tmin_d0": 1.2, "tmin_d1": 2.8, "tmin_d2": 6.8, "tmin_d3": 3.7, "tmin_d4": 7.6, "tmin_d5": 8.5, "tmin_d6": 4.6, "day_of_year": 232, "uuid": "6007a24d-16d2-4f3d-a9ea-dfbd6fd701be", "inat_id": 17791319}}, {"type": "Feature", "geometry": {"type": "Point", "coordinates": [-105.6583932415, 37.9886947906]}, "properties": {"species": "Fomitopsis schrenkii", "date": "2018-08-25", "location": "Unnamed Road, Westcliffe, CO 81252, USA", "elevation": 2754.0, "land_cover_label": "Tree cover", "water_mask": false, "exclude_reason": "keep", "ndvi": null, "soil_moisture": null, "solar_exposure": null, "wind_exposure": null, "water_retention": null, "slope": null, "aspect": null, "num_identification_agreements": 1, "cluster": 0, "tavg": null, "tmin": 11.0, "tmax": 25.0, "prcp_d0": 0.0, "prcp_d1": 0.0, "prcp_d2": 0.0, "prcp_d3": 8.940755844116211, "prcp_d4": 0.0, "prcp_d5": 0.0170325711369514, "prcp_d6": 0.6540365815162659, "tmax_d0": 21.6, "tmax_d1": 23.0, "tmax_d2": 22.1, "tmax_d3": 19.4, "tmax_d4": 22.0, "tmax_d5": 21.9, "tmax_d6": 22.7, "tmin_d0": 12.0, "tmin_d1": 8.3, "tmin_d2": 8.7, "tmin_d3": 8.3, "tmin_d4": 11.8, "tmin_d5": 5.3, "tmin_d6": 8.0, "day_of_year": 237, "uuid": "b54eb8e2-b66d-4112-bc2b-10fe04448d1c", "inat_id": 16213939}}, {"type": "Feature", "geometry": {"type": "Point", "coordinates": [-105.5610401183, 39.508470928]}, "properties": {"species": "Fomitopsis schrenkii", "date": "2018-09-01", "location": "8060 Co Rd 43, Bailey, CO 80421, USA", "elevation": 2828.0, "land_cover_label": "Tree cover", "water_mask": false, "exclude_reason": "keep", "ndvi": null, "soil_moisture": 0.3065026747888009, "solar_exposure": 0.737800121307373, "wind_exposure": 0.1876031160354614, "water_retention": 0.1730643361806869, "slope": 9.617327690124512, "aspect": 30.13050842285156, "num_identification_agreements": 1, "cluster": 0, "tavg": null, "tmin": null, "tmax": null, "prcp_d0": 0.0, "prcp_d1": 18.96914291381836, "prcp_d2": 0.0, "prcp_d3": 0.0, "prcp_d4": 0.0, "prcp_d5": 0.0, "prcp_d6": 0.0, "tmax_d0": 18.1, "tmax_d1": 20.8, "tmax_d2": 22.7, "tmax_d3": 22.1, "tmax_d4": 18.8, "tmax_d5": 21.4, "tmax_d6": 19.6, "tmin_d0": 5.8, "tmin_d1": 7.5, "tmin_d2": 6.0, "tmin_d3": 6.6, "tmin_d4": 5.5, "tmin_d5": 7.3, "tmin_d6": 7.9, "day_of_year": 244, "uuid": "583b9fa7-0700-4163-94f8-a885b6a2aec2", "inat_id": 16157184}}, {"type": "Feature", "geometry": {"type": "Point", "coordinates": [-104.9733716667, 38.975075]}, "properties": {"species": "Fomitopsis schrenkii", "date": "2018-09-02", "location": "Pike National Forest, Colorado Springs, CO, US", "elevation": 2770.0, "land_cover_label": "Tree cover", "water_mask": false, "exclude_reason": "keep", "ndvi": null, "soil_moisture": null, "solar_exposure": null, "wind_exposure": null, "water_retention": null, "slope": null, "aspect": null, "num_identification_agreements": 1, "cluster": 0, "tavg": null, "tmin": 14.1, "tmax": 23.9, "prcp_d0": 0.0, "prcp_d1": 0.0, "prcp_d2": 0.0, "prcp_d3": 0.0, "prcp_d4": 0.0, "prcp_d5": 0.0, "prcp_d6": 0.0, "tmax_d0": 16.6, "tmax_d1": 18.9, "tmax_d2": 22.3, "tmax_d3": 23.9, "tmax_d4": 22.0, "tmax_d5": 20.7, "tmax_d6": 23.0, "tmin_d0": 8.9, "tmin_d1": 9.5, "tmin_d2": 13.2, "tmin_d3": 10.5, "tmin_d4": 8.2, "tmin_d5": 8.0, "tmin_d6": 11.3, "day_of_year": 245, "uuid": "e687dc7d-866e-4ca3-b977-f613813489a3", "inat_id": 16210099}}, {"type": "Feature", "geometry": {"type": "Point", "coordinates": [-103.553375, 43.8596383333]}, "properties": {"species": "Fomitopsis schrenkii", "date": "2018-10-05", "location": "Black Hills National Forest, Keystone, SD, US", "elevation": 1912.0, "land_cover_label": "Tree cover", "water_mask": false, "exclude_reason": "keep", "ndvi": null, "soil_moisture": null, "solar_exposure": null, "wind_exposure": null, "water_retention": null, "slope": null, "aspect": null, "num_identification_agreements": 1, "cluster": 0, "tavg": null, "tmin": -2.2, "tmax": 8.9, "prcp_d0": 0.0, "prcp_d1": 0.0, "prcp_d2": 0.0, "prcp_d3": 0.0, "prcp_d4": 11.046146392822266, "prcp_d5": 19.36320877075196, "prcp_d6": 0.0, "tmax_d0": 8.6, "tmax_d1": 6.9, "tmax_d2": 16.9, "tmax_d3": 20.3, "tmax_d4": 15.2, "tmax_d5": 4.4, "tmax_d6": 10.5, "tmin_d0": 2.2, "tmin_d1": -2.6, "tmin_d2": 8.2, "tmin_d3": 8.1, "tmin_d4": 1.2, "tmin_d5": 0.0, "tmin_d6": -1.4, "day_of_year": 278, "uuid": "1ff2b1a9-91d0-4c37-bcf9-4c469a59b6ee", "inat_id": 17264695}}, {"type": "Feature", "geometry": {"type": "Point", "coordinates": [-105.5455033333, 40.21985]}, "properties": {"species": "Fomitopsis schrenkii", "date": "2018-12-26", "location": "Rocky Mountain National Park, Ward, CO, US", "elevation": 2655.0, "land_cover_label": "Tree cover", "water_mask": false, "exclude_reason": "keep", "ndvi": null, "soil_moisture": 0.2971620875679401, "solar_exposure": 0.9246330261230468, "wind_exposure": 0.3766328692436218, "water_retention": 0.1369680166244506, "slope": 16.141695022583008, "aspect": 138.6048126220703, "num_identification_agreements": 1, "cluster": 0, "tavg": null, "tmin": -6.0, "tmax": 5.0, "prcp_d0": 0.0, "prcp_d1": 0.1448384374380111, "prcp_d2": 0.9978620409965516, "prcp_d3": 0.0160939861088991, "prcp_d4": 1.0767407417297363, "prcp_d5": 0.0, "prcp_d6": 0.0, "tmax_d0": -1.6, "tmax_d1": -2.7, "tmax_d2": -4.3, "tmax_d3": -4.5, "tmax_d4": -2.0, "tmax_d5": 0.1, "tmax_d6": -2.8, "tmin_d0": -10.2, "tmin_d1": -10.9, "tmin_d2": -9.8, "tmin_d3": -12.0, "tmin_d4": -10.1, "tmin_d5": -4.7, "tmin_d6": -8.6, "day_of_year": 360, "uuid": "e0ce4988-6fae-40a6-a8df-c31b8c0c3787", "inat_id": 19239968}}, {"type": "Feature", "geometry": {"type": "Point", "coordinates": [-103.4304984385, 44.0076404807]}, "properties": {"species": "Fomitopsis schrenkii", "date": "2019-04-24", "location": "Pennington County, SD, USA", "elevation": 1505.0, "land_cover_label": "Tree cover", "water_mask": false, "exclude_reason": "keep", "ndvi": null, "soil_moisture": null, "solar_exposure": null, "wind_exposure": null, "water_retention": null, "slope": null, "aspect": null, "num_identification_agreements": 1, "cluster": 0, "tavg": null, "tmin": 7.2, "tmax": 20.0, "prcp_d0": 2.8919973373413086, "prcp_d1": 0.0404105931520462, "prcp_d2": 6.607105731964111, "prcp_d3": 8.973894119262695, "prcp_d4": 0.0, "prcp_d5": 0.0, "prcp_d6": 0.0, "tmax_d0": 16.6, "tmax_d1": 17.0, "tmax_d2": 11.4, "tmax_d3": 18.9, "tmax_d4": 22.8, "tmax_d5": 20.7, "tmax_d6": 10.1, "tmin_d0": 7.5, "tmin_d1": 3.2, "tmin_d2": 0.9, "tmin_d3": 4.1, "tmin_d4": 8.0, "tmin_d5": -0.2, "tmin_d6": 2.7, "day_of_year": 114, "uuid": "23204915-8464-440b-b78e-8586d9200f4a", "inat_id": 23054329}}, {"type": "Feature", "geometry": {"type": "Point", "coordinates": [-103.4304984385, 44.0076404807]}, "properties": {"species": "Fomitopsis schrenkii", "date": "2019-04-24", "location": "Pennington County, SD, USA", "elevation": 1505.0, "land_cover_label": "Tree cover", "water_mask": false, "exclude_reason": "keep", "ndvi": null, "soil_moisture": null, "solar_exposure": null, "wind_exposure": null, "water_retention": null, "slope": null, "aspect": null, "num_identification_agreements": 1, "cluster": 0, "tavg": null, "tmin": 7.2, "tmax": 20.0, "prcp_d0": 2.8919973373413086, "prcp_d1": 0.0404105931520462, "prcp_d2": 6.607105731964111, "prcp_d3": 8.973894119262695, "prcp_d4": 0.0, "prcp_d5": 0.0, "prcp_d6": 0.0, "tmax_d0": 16.6, "tmax_d1": 17.0, "tmax_d2": 11.4, "tmax_d3": 18.9, "tmax_d4": 22.8, "tmax_d5": 20.7, "tmax_d6": 10.1, "tmin_d0": 7.5, "tmin_d1": 3.2, "tmin_d2": 0.9, "tmin_d3": 4.1, "tmin_d4": 8.0, "tmin_d5": -0.2, "tmin_d6": 2.7, "day_of_year": 114, "uuid": "a9d0dbba-c39a-459e-ad71-e539a2a38cac", "inat_id": 23054327}}, {"type": "Feature", "geometry": {"type": "Point", "coordinates": [-105.3148466847, 39.7166426031]}, "properties": {"species": "Fomitopsis schrenkii", "date": "2019-05-05", "location": "Jefferson County, CO, USA", "elevation": 2292.0, "land_cover_label": "Tree cover", "water_mask": false, "exclude_reason": "keep", "ndvi": null, "soil_moisture": 0.3879125840693161, "solar_exposure": 0.8330967426300049, "wind_exposure": 0.3102384507656097, "water_retention": 0.2934741377830505, "slope": 4.871618270874023, "aspect": 273.6513061523437, "num_identification_agreements": 1, "cluster": 0, "tavg": null, "tmin": 11.0, "tmax": 23.0, "prcp_d0": 8.341032028198242, "prcp_d1": 0.0, "prcp_d2": 0.0, "prcp_d3": 0.0, "prcp_d4": 0.0, "prcp_d5": 6.864395618438721, "prcp_d6": 0.0, "tmax_d0": 17.8, "tmax_d1": 14.8, "tmax_d2": 13.2, "tmax_d3": 6.2, "tmax_d4": 2.6, "tmax_d5": 1.6, "tmax_d6": 10.9, "tmin_d0": 1.5, "tmin_d1": -2.9, "tmin_d2": -8.7, "tmin_d3": -4.2, "tmin_d4": -3.8, "tmin_d5": -7.8, "tmin_d6": -5.3, "day_of_year": 125, "uuid": "da0f120e-fee1-4317-8b03-7767d0409480", "inat_id": 194244637}}, {"type": "Feature", "geometry": {"type": "Point", "coordinates": [-106.8708953857, 40.5856018066]}, "properties": {"species": "Fomitopsis schrenkii", "date": "2019-05-27", "location": "Steamboat Springs, CO 80487, USA", "elevation": 2195.0, "land_cover_label": "Tree cover", "water_mask": false, "exclude_reason": "keep", "ndvi": null, "soil_moisture": null, "solar_exposure": null, "wind_exposure": null, "water_retention": null, "slope": null, "aspect": null, "num_identification_agreements": 1, "cluster": 0, "tavg": null, "tmin": 2.7, "tmax": 14.1, "prcp_d0": 25.152023315429688, "prcp_d1": 0.0, "prcp_d2": 0.0, "prcp_d3": 0.0, "prcp_d4": 0.0, "prcp_d5": 0.0, "prcp_d6": 22.69289970397949, "tmax_d0": 12.4, "tmax_d1": 13.8, "tmax_d2": 14.5, "tmax_d3": 6.9, "tmax_d4": 10.6, "tmax_d5": 6.6, "tmax_d6": 3.7, "tmin_d0": 0.3, "tmin_d1": -1.1, "tmin_d2": -1.5, "tmin_d3": -3.8, "tmin_d4": 1.0, "tmin_d5": -2.9, "tmin_d6": -0.5, "day_of_year": 147, "uuid": "ffa15a1b-4b61-4fab-8796-a5fed474db71", "inat_id": 25947636}}, {"type": "Feature", "geometry": {"type": "Point", "coordinates": [-105.6535110474, 40.3499832153]}, "properties": {"species": "Fomitopsis schrenkii", "date": "2019-05-30", "location": "Estes Park, CO 80517, USA", "elevation": 2560.0, "land_cover_label": "Tree cover", "water_mask": false, "exclude_reason": "keep", "ndvi": null, "soil_moisture": 0.4043039277233285, "solar_exposure": 0.8536534309387207, "wind_exposure": 0.0536949373781681, "water_retention": 0.4141628742218017, "slope": 4.340421199798584, "aspect": 110.95101165771484, "num_identification_agreements": 1, "cluster": 3, "tavg": null, "tmin": 4.0, "tmax": 22.9, "prcp_d0": 0.0, "prcp_d1": 0.0, "prcp_d2": 0.0, "prcp_d3": 0.0, "prcp_d4": 0.0, "prcp_d5": 0.0, "prcp_d6": 0.0, "tmax_d0": 8.3, "tmax_d1": 5.9, "tmax_d2": 9.6, "tmax_d3": 9.8, "tmax_d4": 11.1, "tmax_d5": 9.4, "tmax_d6": 8.3, "tmin_d0": -3.5, "tmin_d1": -2.5, "tmin_d2": -1.6, "tmin_d3": 0.5, "tmin_d4": 1.3, "tmin_d5": -1.5, "tmin_d6": -1.1, "day_of_year": 150, "uuid": "fc1fc618-8204-4739-b221-ff26e32e218b", "inat_id": 26087755}}, {"type": "Feature", "geometry": {"type": "Point", "coordinates": [-103.5061416667, 43.8273416667]}, "properties": {"species": "Fomitopsis schrenkii", "date": "2019-06-02", "location": "Black Hills National Forest, Custer, SD, US", "elevation": 1715.0, "land_cover_label": "Tree cover", "water_mask": false, "exclude_reason": "keep", "ndvi": null, "soil_moisture": null, "solar_exposure": null, "wind_exposure": null, "water_retention": null, "slope": null, "aspect": null, "num_identification_agreements": 2, "cluster": 2, "tavg": null, "tmin": 6.7, "tmax": 22.8, "prcp_d0": 0.0, "prcp_d1": 0.0, "prcp_d2": 8.091713905334473, "prcp_d3": 0.0, "prcp_d4": 0.0, "prcp_d5": 16.183427810668945, "prcp_d6": 32.36685562133789, "tmax_d0": 20.4, "tmax_d1": 17.1, "tmax_d2": 19.8, "tmax_d3": 18.4, "tmax_d4": 15.1, "tmax_d5": 6.3, "tmax_d6": 16.1, "tmin_d0": 8.9, "tmin_d1": 4.0, "tmin_d2": 9.7, "tmin_d3": 7.2, "tmin_d4": 2.4, "tmin_d5": 4.9, "tmin_d6": 7.0, "day_of_year": 153, "uuid": "0e2f14cd-0084-464d-9104-dc8dc97822bb", "inat_id": 26308961}}, {"type": "Feature", "geometry": {"type": "Point", "coordinates": [-103.4092712402, 44.0635566711]}, "properties": {"species": "Fomitopsis schrenkii", "date": "2019-06-04", "location": "Mount Rushmore UT, SD, USA", "elevation": 1282.0, "land_cover_label": "Tree cover", "water_mask": false, "exclude_reason": "keep", "ndvi": null, "soil_moisture": null, "solar_exposure": null, "wind_exposure": null, "water_retention": null, "slope": null, "aspect": null, "num_identification_agreements": 2, "cluster": 0, "tavg": null, "tmin": 11.1, "tmax": 25.0, "prcp_d0": 4.209956169128418, "prcp_d1": 8.419912338256836, "prcp_d2": 0.0, "prcp_d3": 4.209956169128418, "prcp_d4": 8.634177207946777, "prcp_d5": 0.0, "prcp_d6": 0.0, "tmax_d0": 24.0, "tmax_d1": 23.6, "tmax_d2": 22.0, "tmax_d3": 18.0, "tmax_d4": 21.6, "tmax_d5": 20.8, "tmax_d6": 17.3, "tmin_d0": 12.9, "tmin_d1": 11.9, "tmin_d2": 10.2, "tmin_d3": 5.9, "tmin_d4": 11.0, "tmin_d5": 9.0, "tmin_d6": 5.0, "day_of_year": 155, "uuid": "93c73757-bf28-4351-9972-228b5f928bb1", "inat_id": 26423341}}, {"type": "Feature", "geometry": {"type": "Point", "coordinates": [-105.6434074044, 35.8230130334]}, "properties": {"species": "Fomitopsis schrenkii", "date": "2019-06-15", "location": "Tererro, NM 87573, USA", "elevation": 2679.0, "land_cover_label": "Tree cover", "water_mask": false, "exclude_reason": "keep", "ndvi": null, "soil_moisture": null, "solar_exposure": null, "wind_exposure": null, "water_retention": null, "slope": null, "aspect": null, "num_identification_agreements": 2, "cluster": 0, "tavg": null, "tmin": 14.4, "tmax": 29.4, "prcp_d0": 0.0, "prcp_d1": 0.0399028584361076, "prcp_d2": 1.8650420904159544, "prcp_d3": 0.0, "prcp_d4": 0.0, "prcp_d5": 0.0, "prcp_d6": 0.0, "tmax_d0": 20.9, "tmax_d1": 21.5, "tmax_d2": 21.3, "tmax_d3": 18.9, "tmax_d4": 19.5, "tmax_d5": 14.4, "tmax_d6": 19.3, "tmin_d0": 4.8, "tmin_d1": 5.5, "tmin_d2": 5.4, "tmin_d3": 3.1, "tmin_d4": 4.7, "tmin_d5": 1.3, "tmin_d6": 4.9, "day_of_year": 166, "uuid": "73f939de-04f7-42d1-b78e-5bd9b12e8dd7", "inat_id": 27132951}}, {"type": "Feature", "geometry": {"type": "Point", "coordinates": [-103.355295, 44.2295416667]}, "properties": {"species": "Fomitopsis schrenkii", "date": "2019-06-15", "location": "57769, Piedmont, SD, US", "elevation": 1096.0, "land_cover_label": "Tree cover", "water_mask": false, "exclude_reason": "keep", "ndvi": null, "soil_moisture": null, "solar_exposure": null, "wind_exposure": null, "water_retention": null, "slope": null, "aspect": null, "num_identification_agreements": 1, "cluster": 0, "tavg": null, "tmin": 10.6, "tmax": 23.9, "prcp_d0": 0.6298328638076782, "prcp_d1": 4.973481178283691, "prcp_d2": 1.6071351766586304, "prcp_d3": 1.54389226436615, "prcp_d4": 3.2126686573028564, "prcp_d5": 0.0, "prcp_d6": 0.0, "tmax_d0": 24.2, "tmax_d1": 26.6, "tmax_d2": 24.1, "tmax_d3": 20.3, "tmax_d4": 19.6, "tmax_d5": 21.6, "tmax_d6": 17.6, "tmin_d0": 15.1, "tmin_d1": 14.0, "tmin_d2": 11.6, "tmin_d3": 9.5, "tmin_d4": 10.0, "tmin_d5": 8.2, "tmin_d6": 7.7, "day_of_year": 166, "uuid": "3b7e19fa-8b3a-4c66-b572-ec086ecb0f0b", "inat_id": 27038596}}, {"type": "Feature", "geometry": {"type": "Point", "coordinates": [-104.9085781828, 39.1095731018]}, "properties": {"species": "Fomitopsis schrenkii", "date": "2019-06-16", "location": "794 3rd St, Palmer Lake, CO, US", "elevation": 2207.0, "land_cover_label": "Tree cover", "water_mask": false, "exclude_reason": "keep", "ndvi": null, "soil_moisture": 0.2454746379553191, "solar_exposure": 0.8770595192909241, "wind_exposure": 0.3247683346271515, "water_retention": 0.2052318304777145, "slope": 6.003106117248535, "aspect": 132.14500427246094, "num_identification_agreements": 1, "cluster": 0, "tavg": null, "tmin": 6.0, "tmax": 23.4, "prcp_d0": 4.140398025512695, "prcp_d1": 1.848098993301392, "prcp_d2": 0.1561134606599807, "prcp_d3": 0.5805864930152893, "prcp_d4": 0.1941247731447219, "prcp_d5": 0.0155540900304913, "prcp_d6": 0.0, "tmax_d0": 21.6, "tmax_d1": 20.8, "tmax_d2": 25.1, "tmax_d3": 25.3, "tmax_d4": 19.5, "tmax_d5": 21.6, "tmax_d6": 18.9, "tmin_d0": 6.9, "tmin_d1": 7.9, "tmin_d2": 8.5, "tmin_d3": 7.8, "tmin_d4": 7.3, "tmin_d5": 6.8, "tmin_d6": 4.5, "day_of_year": 167, "uuid": "d7512070-6f00-4c41-ba34-be11d2b079d5", "inat_id": 27127153}}, {"type": "Feature", "geometry": {"type": "Point", "coordinates": [-103.4759216309, 44.2313194275]}, "properties": {"species": "Fomitopsis schrenkii", "date": "2019-07-23", "location": "Nemo, SD 57759, USA", "elevation": 1392.0, "land_cover_label": "Tree cover", "water_mask": false, "exclude_reason": "keep", "ndvi": null, "soil_moisture": null, "solar_exposure": null, "wind_exposure": null, "water_retention": null, "slope": null, "aspect": null, "num_identification_agreements": 1, "cluster": 0, "tavg": null, "tmin": 15.0, "tmax": 28.0, "prcp_d0": 0.0, "prcp_d1": 0.0, "prcp_d2": 0.0, "prcp_d3": 0.0, "prcp_d4": 0.0, "prcp_d5": 0.0, "prcp_d6": 13.15485668182373, "tmax_d0": 26.9, "tmax_d1": 23.8, "tmax_d2": 19.1, "tmax_d3": 23.1, "tmax_d4": 24.5, "tmax_d5": 26.0, "tmax_d6": 24.6, "tmin_d0": 15.4, "tmin_d1": 12.6, "tmin_d2": 14.5, "tmin_d3": 13.2, "tmin_d4": 16.2, "tmin_d5": 15.3, "tmin_d6": 15.2, "day_of_year": 204, "uuid": "dc205d7f-98fb-45a2-acaf-f9a6d96548a4", "inat_id": 29381444}}, {"type": "Feature", "geometry": {"type": "Point", "coordinates": [-105.3582916667, 39.2468527778]}, "properties": {"species": "Fomitopsis schrenkii", "date": "2019-07-28", "location": "Jefferson County, CO, USA", "elevation": 2501.0, "land_cover_label": "Tree cover", "water_mask": false, "exclude_reason": "keep", "ndvi": null, "soil_moisture": 0.1910679154679367, "solar_exposure": 0.8517764210700989, "wind_exposure": 0.2189990133047104, "water_retention": 0.522515594959259, "slope": 5.486995697021484, "aspect": 106.41105651855467, "num_identification_agreements": 2, "cluster": 3, "tavg": null, "tmin": null, "tmax": null, "prcp_d0": 0.0, "prcp_d1": 0.0, "prcp_d2": 0.0, "prcp_d3": 10.28332233428955, "prcp_d4": 0.0, "prcp_d5": 0.0, "prcp_d6": 0.0, "tmax_d0": 24.1, "tmax_d1": 22.4, "tmax_d2": 24.3, "tmax_d3": 22.1, "tmax_d4": 26.3, "tmax_d5": 23.7, "tmax_d6": 23.8, "tmin_d0": 12.8, "tmin_d1": 13.2, "tmin_d2": 12.0, "tmin_d3": 13.6, "tmin_d4": 12.8, "tmin_d5": 11.3, "tmin_d6": 11.0, "day_of_year": 209, "uuid": "1d8eab86-663e-4df7-88a9-29d1a20a34d2", "inat_id": 59398258}}, {"type": "Feature", "geometry": {"type": "Point", "coordinates": [-103.441925, 43.8534888889]}, "properties": {"species": "Fomitopsis schrenkii", "date": "2019-08-14", "location": "Custer County, SD, USA", "elevation": 1597.0, "land_cover_label": "Tree cover", "water_mask": false, "exclude_reason": "keep", "ndvi": null, "soil_moisture": null, "solar_exposure": null, "wind_exposure": null, "water_retention": null, "slope": null, "aspect": null, "num_identification_agreements": 3, "cluster": 0, "tavg": null, "tmin": 10.0, "tmax": 20.0, "prcp_d0": 8.637889862060547, "prcp_d1": 0.0, "prcp_d2": 8.637889862060547, "prcp_d3": 0.0, "prcp_d4": 0.0, "prcp_d5": 7.807765007019043, "prcp_d6": 0.0, "tmax_d0": 21.1, "tmax_d1": 21.8, "tmax_d2": 23.8, "tmax_d3": 22.5, "tmax_d4": 25.6, "tmax_d5": 26.5, "tmax_d6": 22.9, "tmin_d0": 9.6, "tmin_d1": 10.8, "tmin_d2": 13.1, "tmin_d3": 15.2, "tmin_d4": 14.3, "tmin_d5": 15.0, "tmin_d6": 14.6, "day_of_year": 226, "uuid": "e8c98c69-0b82-4015-864e-c0d7ccb5a05a", "inat_id": 31055123}}, {"type": "Feature", "geometry": {"type": "Point", "coordinates": [-104.9892740418, 36.43366382]}, "properties": {"species": "Fomitopsis schrenkii", "date": "2019-08-20", "location": "Colfax County, US-NM, US", "elevation": 2148.0, "land_cover_label": "Tree cover", "water_mask": false, "exclude_reason": "keep", "ndvi": null, "soil_moisture": null, "solar_exposure": null, "wind_exposure": null, "water_retention": null, "slope": null, "aspect": null, "num_identification_agreements": 2, "cluster": 0, "tavg": null, "tmin": 2.1, "tmax": 25.1, "prcp_d0": 0.0, "prcp_d1": 0.0, "prcp_d2": 0.0, "prcp_d3": 0.0, "prcp_d4": 0.0, "prcp_d5": 0.0, "prcp_d6": 17.728885650634766, "tmax_d0": 29.3, "tmax_d1": 30.2, "tmax_d2": 28.9, "tmax_d3": 28.6, "tmax_d4": 29.0, "tmax_d5": 28.0, "tmax_d6": 26.9, "tmin_d0": 13.7, "tmin_d1": 12.8, "tmin_d2": 12.6, "tmin_d3": 14.9, "tmin_d4": 15.7, "tmin_d5": 12.1, "tmin_d6": 11.0, "day_of_year": 232, "uuid": "178760ab-2082-44f8-b7ec-02fa2e7b5ed7", "inat_id": 31780307}}, {"type": "Feature", "geometry": {"type": "Point", "coordinates": [-103.41324667, 43.85426333]}, "properties": {"species": "Fomitopsis schrenkii", "date": "2020-04-10", "location": "Black Hills National Forest, Custer, SD, US", "elevation": 1463.0, "land_cover_label": "Tree cover", "water_mask": false, "exclude_reason": "keep", "ndvi": null, "soil_moisture": null, "solar_exposure": null, "wind_exposure": null, "water_retention": null, "slope": null, "aspect": null, "num_identification_agreements": 1, "cluster": 0, "tavg": null, "tmin": -3.9, "tmax": 16.7, "prcp_d0": 0.0, "prcp_d1": 0.0, "prcp_d2": 0.0, "prcp_d3": 0.0, "prcp_d4": 0.0, "prcp_d5": 0.0, "prcp_d6": 0.0, "tmax_d0": 13.4, "tmax_d1": 6.8, "tmax_d2": 15.4, "tmax_d3": 17.6, "tmax_d4": 16.8, "tmax_d5": 14.8, "tmax_d6": 6.4, "tmin_d0": -2.0, "tmin_d1": -2.9, "tmin_d2": -0.2, "tmin_d3": 3.6, "tmin_d4": -0.0, "tmin_d5": -3.7, "tmin_d6": -7.9, "day_of_year": 101, "uuid": "63416cfe-fab3-4973-bbe7-4010c62d9836", "inat_id": 41909979}}, {"type": "Feature", "geometry": {"type": "Point", "coordinates": [-103.32370833, 43.832625]}, "properties": {"species": "Fomitopsis schrenkii", "date": "2020-04-26", "location": "Hermosa, SD, US", "elevation": 1206.0, "land_cover_label": "Grassland", "water_mask": false, "exclude_reason": "keep", "ndvi": null, "soil_moisture": null, "solar_exposure": null, "wind_exposure": null, "water_retention": null, "slope": null, "aspect": null, "num_identification_agreements": 3, "cluster": 0, "tavg": null, "tmin": 0.6, "tmax": 17.8, "prcp_d0": 0.0, "prcp_d1": 0.0, "prcp_d2": 5.31546688079834, "prcp_d3": 0.0, "prcp_d4": 0.0, "prcp_d5": 0.0, "prcp_d6": 0.0, "tmax_d0": 18.1, "tmax_d1": 14.1, "tmax_d2": 12.0, "tmax_d3": 17.6, "tmax_d4": 18.4, "tmax_d5": 19.8, "tmax_d6": 13.6, "tmin_d0": 4.6, "tmin_d1": 2.5, "tmin_d2": 4.8, "tmin_d3": 3.9, "tmin_d4": 6.9, "tmin_d5": 2.7, "tmin_d6": 0.2, "day_of_year": 117, "uuid": "8badfaff-5d5d-4a7b-b8c0-65fc7cf94656", "inat_id": 51289639}}, {"type": "Feature", "geometry": {"type": "Point", "coordinates": [-103.785092, 44.3385999722]}, "properties": {"species": "Fomitopsis schrenkii", "date": "2020-05-13", "location": "Central City, SD 57754, USA", "elevation": 1611.0, "land_cover_label": "Bare / sparse vegetation", "water_mask": false, "exclude_reason": "keep", "ndvi": null, "soil_moisture": null, "solar_exposure": null, "wind_exposure": null, "water_retention": null, "slope": null, "aspect": null, "num_identification_agreements": 1, "cluster": 0, "tavg": null, "tmin": 5.0, "tmax": 15.0, "prcp_d0": 0.0, "prcp_d1": 0.0, "prcp_d2": 0.0, "prcp_d3": 0.0, "prcp_d4": 0.0, "prcp_d5": 0.0, "prcp_d6": 0.0, "tmax_d0": 15.1, "tmax_d1": 12.6, "tmax_d2": 1.5, "tmax_d3": 2.0, "tmax_d4": 8.3, "tmax_d5": 10.6, "tmax_d6": 12.2, "tmin_d0": 3.4, "tmin_d1": -2.4, "tmin_d2": -2.8, "tmin_d3": -3.7, "tmin_d4": -1.4, "tmin_d5": -2.4, "tmin_d6": 1.6, "day_of_year": 134, "uuid": "9eef781a-7ea6-4ae8-82fb-d54acd2ba18a", "inat_id": 46531087}}, {"type": "Feature", "geometry": {"type": "Point", "coordinates": [-103.50413667, 43.72710833]}, "properties": {"species": "Fomitopsis schrenkii", "date": "2020-05-14", "location": "Black Hills National Forest, Custer, SD, US", "elevation": 1529.0, "land_cover_label": "Tree cover", "water_mask": false, "exclude_reason": "keep", "ndvi": null, "soil_moisture": null, "solar_exposure": null, "wind_exposure": null, "water_retention": null, "slope": null, "aspect": null, "num_identification_agreements": 1, "cluster": 0, "tavg": null, "tmin": 2.8, "tmax": 12.8, "prcp_d0": 4.665626525878906, "prcp_d1": 9.331253051757812, "prcp_d2": 0.0, "prcp_d3": 0.0, "prcp_d4": 0.0, "prcp_d5": 0.0, "prcp_d6": 0.0, "tmax_d0": 12.4, "tmax_d1": 17.5, "tmax_d2": 6.7, "tmax_d3": 1.6, "tmax_d4": 5.0, "tmax_d5": 10.4, "tmax_d6": 11.7, "tmin_d0": 4.1, "tmin_d1": 1.6, "tmin_d2": -1.6, "tmin_d3": -2.5, "tmin_d4": -3.7, "tmin_d5": 2.2, "tmin_d6": -1.0, "day_of_year": 135, "uuid": "1e12900e-723e-4b29-97d8-f9b3b2a2e9fc", "inat_id": 47996593}}, {"type": "Feature", "geometry": {"type": "Point", "coordinates": [-103.4394, 43.847545]}, "properties": {"species": "Fomitopsis schrenkii", "date": "2020-05-16", "location": "Black Hills National Forest, Custer, SD, US", "elevation": 1552.0, "land_cover_label": "Tree cover", "water_mask": false, "exclude_reason": "keep", "ndvi": null, "soil_moisture": null, "solar_exposure": null, "wind_exposure": null, "water_retention": null, "slope": null, "aspect": null, "num_identification_agreements": 1, "cluster": 0, "tavg": null, "tmin": 2.8, "tmax": 10.6, "prcp_d0": 0.0, "prcp_d1": 0.0, "prcp_d2": 10.578099250793455, "prcp_d3": 10.578099250793455, "prcp_d4": 0.0, "prcp_d5": 0.0, "prcp_d6": 0.0, "tmax_d0": 10.0, "tmax_d1": 13.6, "tmax_d2": 12.1, "tmax_d3": 17.0, "tmax_d4": 5.9, "tmax_d5": 0.8, "tmax_d6": 3.9, "tmin_d0": 4.1, "tmin_d1": 5.1, "tmin_d2": 3.7, "tmin_d3": 1.2, "tmin_d4": -2.0, "tmin_d5": -3.1, "tmin_d6": -4.7, "day_of_year": 137, "uuid": "1cf2d075-91e6-4f57-a00b-2baa2711999a", "inat_id": 46182141}}, {"type": "Feature", "geometry": {"type": "Point", "coordinates": [-103.7257475603, 44.3718769362]}, "properties": {"species": "Fomitopsis schrenkii", "date": "2020-05-25", "location": "Deadwood", "elevation": 1400.0, "land_cover_label": "Tree cover", "water_mask": false, "exclude_reason": "keep", "ndvi": null, "soil_moisture": null, "solar_exposure": null, "wind_exposure": null, "water_retention": null, "slope": null, "aspect": null, "num_identification_agreements": 1, "cluster": 0, "tavg": null, "tmin": 6.0, "tmax": 14.0, "prcp_d0": 1.0441930294036863, "prcp_d1": 5.209595680236816, "prcp_d2": 10.12590503692627, "prcp_d3": 0.1541925966739654, "prcp_d4": 9.949159622192385, "prcp_d5": 0.0, "prcp_d6": 0.0, "tmax_d0": 13.3, "tmax_d1": 13.8, "tmax_d2": 22.1, "tmax_d3": 23.4, "tmax_d4": 22.5, "tmax_d5": 25.8, "tmax_d6": 30.4, "tmin_d0": 4.8, "tmin_d1": 5.6, "tmin_d2": 11.7, "tmin_d3": 9.4, "tmin_d4": 9.4, "tmin_d5": 16.8, "tmin_d6": 16.1, "day_of_year": 146, "uuid": "8f4b3329-ef95-4654-8426-f542ce8662f3", "inat_id": 47765504}}, {"type": "Feature", "geometry": {"type": "Point", "coordinates": [-103.7329427619, 44.371391628]}, "properties": {"species": "Fomitopsis schrenkii", "date": "2020-05-29", "location": "McGovern Hill Rd, Deadwood, SD, US", "elevation": 1477.0, "land_cover_label": "Tree cover", "water_mask": false, "exclude_reason": "keep", "ndvi": null, "soil_moisture": null, "solar_exposure": null, "wind_exposure": null, "water_retention": null, "slope": null, "aspect": null, "num_identification_agreements": 1, "cluster": 0, "tavg": null, "tmin": 8.0, "tmax": 21.0, "prcp_d0": 0.0, "prcp_d1": 0.0, "prcp_d2": 0.0, "prcp_d3": 0.0, "prcp_d4": 1.0441930294036863, "prcp_d5": 5.209595680236816, "prcp_d6": 10.12590503692627, "tmax_d0": 20.8, "tmax_d1": 15.7, "tmax_d2": 19.4, "tmax_d3": 18.4, "tmax_d4": 13.0, "tmax_d5": 13.4, "tmax_d6": 21.7, "tmin_d0": 4.6, "tmin_d1": 6.8, "tmin_d2": 8.0, "tmin_d3": 5.6, "tmin_d4": 4.2, "tmin_d5": 4.9, "tmin_d6": 12.4, "day_of_year": 150, "uuid": "655edfbe-e531-4589-963c-ba7dd5f0b9a0", "inat_id": 47756031}}, {"type": "Feature", "geometry": {"type": "Point", "coordinates": [-103.54795833, 44.13973617]}, "properties": {"species": "Fomitopsis schrenkii", "date": "2020-05-29", "location": "Black Hills National Forest, Rapid City, SD, US", "elevation": 1600.0, "land_cover_label": "Tree cover", "water_mask": false, "exclude_reason": "keep", "ndvi": null, "soil_moisture": null, "solar_exposure": null, "wind_exposure": null, "water_retention": null, "slope": null, "aspect": null, "num_identification_agreements": 1, "cluster": 0, "tavg": null, "tmin": 6.7, "tmax": 22.2, "prcp_d0": 0.0, "prcp_d1": 0.0, "prcp_d2": 0.0, "prcp_d3": 0.0, "prcp_d4": 0.4978536963462829, "prcp_d5": 4.163889408111572, "prcp_d6": 4.428128719329834, "tmax_d0": 17.8, "tmax_d1": 17.8, "tmax_d2": 19.9, "tmax_d3": 19.1, "tmax_d4": 12.1, "tmax_d5": 14.9, "tmax_d6": 21.3, "tmin_d0": 5.0, "tmin_d1": 4.1, "tmin_d2": 7.4, "tmin_d3": 3.9, "tmin_d4": 2.6, "tmin_d5": 4.2, "tmin_d6": 12.1, "day_of_year": 150, "uuid": "6232e35c-724b-4656-9c32-9c20d0bf7f18", "inat_id": 49581239}}, {"type": "Feature", "geometry": {"type": "Point", "coordinates": [-103.8518449606, 44.3702568737]}, "properties": {"species": "Fomitopsis schrenkii", "date": "2020-06-10", "location": "United States", "elevation": 1710.0, "land_cover_label": "Tree cover", "water_mask": false, "exclude_reason": "keep", "ndvi": null, "soil_moisture": null, "solar_exposure": null, "wind_exposure": null, "water_retention": null, "slope": null, "aspect": null, "num_identification_agreements": 2, "cluster": 0, "tavg": null, "tmin": null, "tmax": null, "prcp_d0": 0.0, "prcp_d1": 0.0, "prcp_d2": 0.0, "prcp_d3": 0.0, "prcp_d4": 11.212114334106444, "prcp_d5": 2.0116114616394043, "prcp_d6": 2.4493672847747803, "tmax_d0": 15.7, "tmax_d1": 13.6, "tmax_d2": 18.0, "tmax_d3": 23.3, "tmax_d4": 27.8, "tmax_d5": 24.1, "tmax_d6": 20.5, "tmin_d0": 5.9, "tmin_d1": 5.3, "tmin_d2": 8.3, "tmin_d3": 14.7, "tmin_d4": 17.2, "tmin_d5": 10.5, "tmin_d6": 10.4, "day_of_year": 162, "uuid": "d1d11408-dae5-4eba-891f-fafe6873dbe2", "inat_id": 49904877}}, {"type": "Feature", "geometry": {"type": "Point", "coordinates": [-103.3986249722, 44.0646839722]}, "properties": {"species": "Fomitopsis schrenkii", "date": "2020-06-10", "location": "Mount Rushmore UT, SD, USA", "elevation": 1316.0, "land_cover_label": "Grassland", "water_mask": false, "exclude_reason": "keep", "ndvi": null, "soil_moisture": null, "solar_exposure": null, "wind_exposure": null, "water_retention": null, "slope": null, "aspect": null, "num_identification_agreements": 2, "cluster": 0, "tavg": null, "tmin": 4.4, "tmax": 22.8, "prcp_d0": 0.0, "prcp_d1": 0.0, "prcp_d2": 0.0, "prcp_d3": 0.0, "prcp_d4": 11.854867935180664, "prcp_d5": 2.753053665161133, "prcp_d6": 4.008537769317627, "tmax_d0": 19.3, "tmax_d1": 17.7, "tmax_d2": 22.8, "tmax_d3": 25.7, "tmax_d4": 26.9, "tmax_d5": 23.2, "tmax_d6": 22.5, "tmin_d0": 7.2, "tmin_d1": 7.9, "tmin_d2": 12.3, "tmin_d3": 15.2, "tmin_d4": 15.1, "tmin_d5": 10.9, "tmin_d6": 11.0, "day_of_year": 162, "uuid": "4cb251c8-ef5f-4166-aaa1-fbc564ec7b3f", "inat_id": 50559721}}, {"type": "Feature", "geometry": {"type": "Point", "coordinates": [-103.5069547501, 43.7658585096]}, "properties": {"species": "Fomitopsis schrenkii", "date": "2020-06-17", "location": "Custer State Park, Custer, SD, US", "elevation": 1641.0, "land_cover_label": "Tree cover", "water_mask": false, "exclude_reason": "keep", "ndvi": null, "soil_moisture": null, "solar_exposure": null, "wind_exposure": null, "water_retention": null, "slope": null, "aspect": null, "num_identification_agreements": 1, "cluster": 0, "tavg": null, "tmin": 10.6, "tmax": 24.4, "prcp_d0": 0.0, "prcp_d1": 5.473067760467529, "prcp_d2": 0.0, "prcp_d3": 4.645073890686035, "prcp_d4": 0.4229971766471863, "prcp_d5": 0.0215743891894817, "prcp_d6": 0.0196930281817913, "tmax_d0": 26.9, "tmax_d1": 31.8, "tmax_d2": 26.3, "tmax_d3": 28.7, "tmax_d4": 26.8, "tmax_d5": 27.2, "tmax_d6": 23.3, "tmin_d0": 14.1, "tmin_d1": 14.9, "tmin_d2": 14.2, "tmin_d3": 16.5, "tmin_d4": 15.8, "tmin_d5": 14.9, "tmin_d6": 7.5, "day_of_year": 169, "uuid": "f36bb30f-ad85-42cf-a670-bf7cf9a2e581", "inat_id": 49967905}}, {"type": "Feature", "geometry": {"type": "Point", "coordinates": [-105.1913512498, 38.1742961462]}, "properties": {"species": "Fomitopsis schrenkii", "date": "2020-07-07", "location": "Custer County, CO, USA", "elevation": 2736.0, "land_cover_label": "Tree cover", "water_mask": false, "exclude_reason": "keep", "ndvi": null, "soil_moisture": null, "solar_exposure": null, "wind_exposure": null, "water_retention": null, "slope": null, "aspect": null, "num_identification_agreements": 1, "cluster": 0, "tavg": null, "tmin": null, "tmax": null, "prcp_d0": 0.0, "prcp_d1": 0.0, "prcp_d2": 0.0, "prcp_d3": 0.0, "prcp_d4": 0.0, "prcp_d5": 0.0, "prcp_d6": 0.0, "tmax_d0": 24.5, "tmax_d1": 22.4, "tmax_d2": 20.1, "tmax_d3": 20.9, "tmax_d4": 23.3, "tmax_d5": 23.3, "tmax_d6": 21.0, "tmin_d0": 11.9, "tmin_d1": 8.9, "tmin_d2": 8.4, "tmin_d3": 8.7, "tmin_d4": 12.3, "tmin_d5": 9.8, "tmin_d6": 8.0, "day_of_year": 189, "uuid": "4b9f770a-4274-491c-86e7-bb4980c7c314", "inat_id": 139330636}}, {"type": "Feature", "geometry": {"type": "Point", "coordinates": [-105.5703222222, 40.2059277778]}, "properties": {"species": "Fomitopsis schrenkii", "date": "2020-07-10", "location": "Allenspark, CO 80510, USA", "elevation": 2609.0, "land_cover_label": "Tree cover", "water_mask": false, "exclude_reason": "keep", "ndvi": null, "soil_moisture": 0.2706603874725576, "solar_exposure": 0.8396781086921692, "wind_exposure": 0.1347901821136474, "water_retention": 0.4063445627689361, "slope": 4.871618270874023, "aspect": 93.65131378173828, "num_identification_agreements": 1, "cluster": 3, "tavg": null, "tmin": 2.2, "tmax": 29.4, "prcp_d0": 0.0, "prcp_d1": 0.0, "prcp_d2": 0.0, "prcp_d3": 0.0, "prcp_d4": 0.0, "prcp_d5": 0.0, "prcp_d6": 0.0, "tmax_d0": 26.8, "tmax_d1": 22.4, "tmax_d2": 23.7, "tmax_d3": 24.7, "tmax_d4": 23.1, "tmax_d5": 21.5, "tmax_d6": 21.4, "tmin_d0": 8.6, "tmin_d1": 9.2, "tmin_d2": 8.8, "tmin_d3": 11.1, "tmin_d4": 8.3, "tmin_d5": 8.8, "tmin_d6": 8.8, "day_of_year": 192, "uuid": "86013bdb-4b07-4d04-bcef-985211410742", "inat_id": 53121719}}, {"type": "Feature", "geometry": {"type": "Point", "coordinates": [-105.396641, 36.6998329722]}, "properties": {"species": "Fomitopsis schrenkii", "date": "2020-07-23", "location": "Red River, NM 87558, USA", "elevation": 2735.0, "land_cover_label": "Tree cover", "water_mask": false, "exclude_reason": "keep", "ndvi": null, "soil_moisture": null, "solar_exposure": null, "wind_exposure": null, "water_retention": null, "slope": null, "aspect": null, "num_identification_agreements": 1, "cluster": 0, "tavg": null, "tmin": 13.9, "tmax": 25.6, "prcp_d0": 0.0, "prcp_d1": 0.0, "prcp_d2": 0.0, "prcp_d3": 0.3060677945613861, "prcp_d4": 1.7691500186920166, "prcp_d5": 1.6928528547286987, "prcp_d6": 2.0242342948913574, "tmax_d0": 20.3, "tmax_d1": 22.5, "tmax_d2": 23.1, "tmax_d3": 24.5, "tmax_d4": 23.1, "tmax_d5": 23.5, "tmax_d6": 24.2, "tmin_d0": 10.4, "tmin_d1": 10.7, "tmin_d2": 9.0, "tmin_d3": 10.3, "tmin_d4": 9.3, "tmin_d5": 11.7, "tmin_d6": 11.0, "day_of_year": 205, "uuid": "361c39b1-e1d1-46d3-8e01-4d3773df42d0", "inat_id": 54081467}}, {"type": "Feature", "geometry": {"type": "Point", "coordinates": [-107.5783666667, 37.7794944444]}, "properties": {"species": "Fomitopsis schrenkii", "date": "2020-07-28", "location": "Silverton, CO 81433, USA", "elevation": 3353.0, "land_cover_label": "Grassland", "water_mask": false, "exclude_reason": "keep", "ndvi": null, "soil_moisture": null, "solar_exposure": null, "wind_exposure": null, "water_retention": null, "slope": null, "aspect": null, "num_identification_agreements": 2, "cluster": 0, "tavg": null, "tmin": 10.0, "tmax": 22.0, "prcp_d0": 0.0, "prcp_d1": 23.31528663635254, "prcp_d2": 0.0, "prcp_d3": 0.0, "prcp_d4": 20.76416015625, "prcp_d5": 0.0, "prcp_d6": 0.0, "tmax_d0": 16.4, "tmax_d1": 15.1, "tmax_d2": 16.3, "tmax_d3": 14.7, "tmax_d4": 13.2, "tmax_d5": 14.8, "tmax_d6": 14.3, "tmin_d0": 4.0, "tmin_d1": 4.0, "tmin_d2": 3.3, "tmin_d3": 7.4, "tmin_d4": 7.2, "tmin_d5": 2.3, "tmin_d6": 5.7, "day_of_year": 210, "uuid": "0bb6c36c-6592-4f76-a41f-071f7ee9ade0", "inat_id": 54744737}}, {"type": "Feature", "geometry": {"type": "Point", "coordinates": [-103.460106178, 43.7568232171]}, "properties": {"species": "Fomitopsis schrenkii", "date": "2020-07-28", "location": "Custer County, US-SD, US", "elevation": 1536.0, "land_cover_label": "Tree cover", "water_mask": false, "exclude_reason": "keep", "ndvi": null, "soil_moisture": null, "solar_exposure": null, "wind_exposure": null, "water_retention": null, "slope": null, "aspect": null, "num_identification_agreements": 1, "cluster": 0, "tavg": null, "tmin": 13.9, "tmax": 27.8, "prcp_d0": 0.0, "prcp_d1": 0.0, "prcp_d2": 0.0, "prcp_d3": 0.0, "prcp_d4": 0.0, "prcp_d5": 0.0, "prcp_d6": 0.0, "tmax_d0": 27.5, "tmax_d1": 26.7, "tmax_d2": 27.7, "tmax_d3": 31.0, "tmax_d4": 30.8, "tmax_d5": 31.2, "tmax_d6": 29.2, "tmin_d0": 15.1, "tmin_d1": 16.0, "tmin_d2": 15.2, "tmin_d3": 19.0, "tmin_d4": 17.0, "tmin_d5": 18.4, "tmin_d6": 15.0, "day_of_year": 210, "uuid": "d44006e8-4a73-4eb0-bb9c-1e0deacc064b", "inat_id": 54670865}}, {"type": "Feature", "geometry": {"type": "Point", "coordinates": [-105.9101564, 40.6432203]}, "properties": {"species": "Fomitopsis schrenkii", "date": "2020-08-01", "location": "Jelm, WY 82063, USA", "elevation": 3032.0, "land_cover_label": "Tree cover", "water_mask": false, "exclude_reason": "keep", "ndvi": null, "soil_moisture": 0.2236617692367503, "solar_exposure": 0.8502171635627747, "wind_exposure": 0.1542588025331497, "water_retention": 0.2914831340312958, "slope": 9.957990646362305, "aspect": 104.31930541992188, "num_identification_agreements": 1, "cluster": 0, "tavg": null, "tmin": null, "tmax": null, "prcp_d0": 7.613392353057861, "prcp_d1": 0.0, "prcp_d2": 0.0, "prcp_d3": 0.0, "prcp_d4": 0.0, "prcp_d5": 0.0, "prcp_d6": 0.0, "tmax_d0": 21.3, "tmax_d1": 21.0, "tmax_d2": 18.6, "tmax_d3": 19.2, "tmax_d4": 18.2, "tmax_d5": 21.4, "tmax_d6": 19.2, "tmin_d0": 5.3, "tmin_d1": 5.1, "tmin_d2": 4.7, "tmin_d3": 4.9, "tmin_d4": 7.2, "tmin_d5": 4.4, "tmin_d6": 7.4, "day_of_year": 214, "uuid": "2c23d34b-cd2f-4c13-b5c6-40179db5e373", "inat_id": 55111746}}, {"type": "Feature", "geometry": {"type": "Point", "coordinates": [-107.77703, 37.80815833]}, "properties": {"species": "Fomitopsis schrenkii", "date": "2020-08-03", "location": "San Juan National Forest, CO, US", "elevation": 3025.0, "land_cover_label": "Tree cover", "water_mask": false, "exclude_reason": "keep", "ndvi": null, "soil_moisture": null, "solar_exposure": null, "wind_exposure": null, "water_retention": null, "slope": null, "aspect": null, "num_identification_agreements": 2, "cluster": 0, "tavg": null, "tmin": 15.0, "tmax": 25.0, "prcp_d0": 0.0, "prcp_d1": 8.835366249084473, "prcp_d2": 0.0, "prcp_d3": 0.0, "prcp_d4": 0.0, "prcp_d5": 0.0, "prcp_d6": 24.165616989135746, "tmax_d0": 21.8, "tmax_d1": 21.2, "tmax_d2": 20.5, "tmax_d3": 20.7, "tmax_d4": 20.9, "tmax_d5": 19.6, "tmax_d6": 18.5, "tmin_d0": 7.5, "tmin_d1": 10.0, "tmin_d2": 3.5, "tmin_d3": 2.9, "tmin_d4": 2.9, "tmin_d5": 2.2, "tmin_d6": 4.6, "day_of_year": 216, "uuid": "e177761c-2174-4cc6-b60c-e18d928db144", "inat_id": 55336648}}, {"type": "Feature", "geometry": {"type": "Point", "coordinates": [-103.759861, 43.921599]}, "properties": {"species": "Fomitopsis schrenkii", "date": "2020-08-04", "location": "Crazy Horse, SD 57730, USA", "elevation": 2157.0, "land_cover_label": "Grassland", "water_mask": false, "exclude_reason": "keep", "ndvi": null, "soil_moisture": null, "solar_exposure": null, "wind_exposure": null, "water_retention": null, "slope": null, "aspect": null, "num_identification_agreements": 2, "cluster": 0, "tavg": null, "tmin": 12.2, "tmax": 24.4, "prcp_d0": 13.217337608337402, "prcp_d1": 0.0, "prcp_d2": 0.0, "prcp_d3": 0.0, "prcp_d4": 0.0, "prcp_d5": 13.86766242980957, "prcp_d6": 0.0, "tmax_d0": 21.1, "tmax_d1": 20.6, "tmax_d2": 18.8, "tmax_d3": 21.1, "tmax_d4": 22.7, "tmax_d5": 19.7, "tmax_d6": 19.8, "tmin_d0": 12.1, "tmin_d1": 8.3, "tmin_d2": 6.6, "tmin_d3": 7.4, "tmin_d4": 11.6, "tmin_d5": 10.1, "tmin_d6": 12.3, "day_of_year": 217, "uuid": "80f6a2af-f98e-45fc-afb8-f16ccda39785", "inat_id": 55548088}}, {"type": "Feature", "geometry": {"type": "Point", "coordinates": [-103.5384893977, 43.8544540946]}, "properties": {"species": "Fomitopsis schrenkii", "date": "2020-08-12", "location": "Custer County, US-SD, US", "elevation": 1956.0, "land_cover_label": "Tree cover", "water_mask": false, "exclude_reason": "keep", "ndvi": null, "soil_moisture": null, "solar_exposure": null, "wind_exposure": null, "water_retention": null, "slope": null, "aspect": null, "num_identification_agreements": 1, "cluster": 0, "tavg": null, "tmin": 13.9, "tmax": 32.2, "prcp_d0": 0.0, "prcp_d1": 0.0, "prcp_d2": 0.0, "prcp_d3": 6.763028144836426, "prcp_d4": 6.763028144836426, "prcp_d5": 6.763028144836426, "prcp_d6": 6.763028144836426, "tmax_d0": 28.4, "tmax_d1": 27.7, "tmax_d2": 20.7, "tmax_d3": 26.4, "tmax_d4": 23.7, "tmax_d5": 27.5, "tmax_d6": 23.1, "tmin_d0": 15.3, "tmin_d1": 15.0, "tmin_d2": 8.7, "tmin_d3": 14.4, "tmin_d4": 13.1, "tmin_d5": 16.7, "tmin_d6": 11.9, "day_of_year": 225, "uuid": "bc2226d5-76dc-403d-b4bb-86f8313d679b", "inat_id": 56593235}}, {"type": "Feature", "geometry": {"type": "Point", "coordinates": [-105.7793159722, 39.800378]}, "properties": {"species": "Fomitopsis schrenkii", "date": "2020-08-19", "location": "Winter Park, CO 80482, USA", "elevation": 3509.0, "land_cover_label": "Grassland", "water_mask": false, "exclude_reason": "keep", "ndvi": null, "soil_moisture": 0.2211890867891457, "solar_exposure": 0.686011016368866, "wind_exposure": 0.3069112300872803, "water_retention": 0.1069729626178741, "slope": 24.30286026000977, "aspect": 73.23321533203125, "num_identification_agreements": 2, "cluster": 0, "tavg": null, "tmin": null, "tmax": null, "prcp_d0": 0.0, "prcp_d1": 0.0, "prcp_d2": 0.0, "prcp_d3": 0.0, "prcp_d4": 0.0, "prcp_d5": 0.0, "prcp_d6": 0.0, "tmax_d0": 19.7, "tmax_d1": 19.6, "tmax_d2": 19.7, "tmax_d3": 19.7, "tmax_d4": 18.9, "tmax_d5": 19.0, "tmax_d6": 19.0, "tmin_d0": 6.6, "tmin_d1": 7.1, "tmin_d2": 5.7, "tmin_d3": 4.6, "tmin_d4": 3.4, "tmin_d5": 5.3, "tmin_d6": 3.4, "day_of_year": 232, "uuid": "663f3b50-7b88-42e3-9dff-515777f4547b", "inat_id": 57022930}}, {"type": "Feature", "geometry": {"type": "Point", "coordinates": [-105.5704666667, 40.2057888889]}, "properties": {"species": "Fomitopsis schrenkii", "date": "2020-08-25", "location": "Allenspark, CO 80510, USA", "elevation": 2609.0, "land_cover_label": "Tree cover", "water_mask": false, "exclude_reason": "keep", "ndvi": null, "soil_moisture": 0.1989964954605444, "solar_exposure": 0.8721122145652771, "wind_exposure": 0.1372891217470169, "water_retention": 0.3178760111331939, "slope": 6.769421577453613, "aspect": 123.27975463867188, "num_identification_agreements": 1, "cluster": 3, "tavg": null, "tmin": null, "tmax": null, "prcp_d0": 7.669963836669922, "prcp_d1": 0.0, "prcp_d2": 0.0, "prcp_d3": 0.0, "prcp_d4": 0.0, "prcp_d5": 0.0, "prcp_d6": 0.0, "tmax_d0": 23.3, "tmax_d1": 24.4, "tmax_d2": 25.6, "tmax_d3": 26.7, "tmax_d4": 23.9, "tmax_d5": 24.3, "tmax_d6": 24.3, "tmin_d0": 12.1, "tmin_d1": 11.4, "tmin_d2": 11.8, "tmin_d3": 11.2, "tmin_d4": 10.3, "tmin_d5": 12.0, "tmin_d6": 11.8, "day_of_year": 238, "uuid": "fc7245b0-f747-4772-8075-59fbc2894eec", "inat_id": 57703748}}, {"type": "Feature", "geometry": {"type": "Point", "coordinates": [-103.64508, 44.18093833]}, "properties": {"species": "Fomitopsis schrenkii", "date": "2020-09-06", "location": "Black Hills National Forest, Deadwood, SD, US", "elevation": 1711.0, "land_cover_label": "Grassland", "water_mask": false, "exclude_reason": "keep", "ndvi": null, "soil_moisture": null, "solar_exposure": null, "wind_exposure": null, "water_retention": null, "slope": null, "aspect": null, "num_identification_agreements": 1, "cluster": 0, "tavg": null, "tmin": 15.0, "tmax": 27.0, "prcp_d0": 0.0, "prcp_d1": 0.0, "prcp_d2": 0.0, "prcp_d3": 0.0, "prcp_d4": 0.0, "prcp_d5": 0.0, "prcp_d6": 0.0, "tmax_d0": 29.5, "tmax_d1": 31.7, "tmax_d2": 25.1, "tmax_d3": 25.9, "tmax_d4": 26.7, "tmax_d5": 20.2, "tmax_d6": 15.5, "tmin_d0": 17.1, "tmin_d1": 12.8, "tmin_d2": 10.5, "tmin_d3": 7.9, "tmin_d4": 10.3, "tmin_d5": 7.1, "tmin_d6": 4.7, "day_of_year": 250, "uuid": "3b25e22a-310a-48af-b56e-edbefc3d19fa", "inat_id": 61062354}}, {"type": "Feature", "geometry": {"type": "Point", "coordinates": [-105.8590616667, 40.3445466667]}, "properties": {"species": "Fomitopsis schrenkii", "date": "2020-09-23", "location": "Rocky Mountain National Park, Granby, CO, US", "elevation": 2696.0, "land_cover_label": "Tree cover", "water_mask": false, "exclude_reason": "keep", "ndvi": null, "soil_moisture": 0.2334560959662404, "solar_exposure": 0.8703092336654663, "wind_exposure": 0.2726280093193054, "water_retention": 0.3034224510192871, "slope": 4.2059431076049805, "aspect": 222.43093872070312, "num_identification_agreements": 1, "cluster": 0, "tavg": null, "tmin": 3.2, "tmax": 22.4, "prcp_d0": 0.0, "prcp_d1": 0.0, "prcp_d2": 0.0, "prcp_d3": 0.0, "prcp_d4": 5.1009368896484375, "prcp_d5": 0.0, "prcp_d6": 0.0, "tmax_d0": 19.1, "tmax_d1": 19.3, "tmax_d2": 19.6, "tmax_d3": 16.9, "tmax_d4": 19.3, "tmax_d5": 20.5, "tmax_d6": 20.4, "tmin_d0": 4.6, "tmin_d1": 5.3, "tmin_d2": 5.3, "tmin_d3": 4.7, "tmin_d4": 7.0, "tmin_d5": 3.6, "tmin_d6": 4.8, "day_of_year": 267, "uuid": "d6000ab5-c4b2-451e-a82b-4df05e077e80", "inat_id": 60681382}}, {"type": "Feature", "geometry": {"type": "Point", "coordinates": [-103.597345, 43.7639383333]}, "properties": {"species": "Fomitopsis schrenkii", "date": "2021-04-06", "location": "Black Hills National Forest, Custer, SD, US", "elevation": 1662.0, "land_cover_label": "Tree cover", "water_mask": false, "exclude_reason": "keep", "ndvi": null, "soil_moisture": null, "solar_exposure": null, "wind_exposure": null, "water_retention": null, "slope": null, "aspect": null, "num_identification_agreements": 1, "cluster": 0, "tavg": null, "tmin": -3.3, "tmax": 5.0, "prcp_d0": 18.30565452575684, "prcp_d1": 0.0, "prcp_d2": 0.0, "prcp_d3": 0.0, "prcp_d4": 0.0, "prcp_d5": 0.0, "prcp_d6": 0.0, "tmax_d0": 11.0, "tmax_d1": 19.1, "tmax_d2": 19.7, "tmax_d3": 19.1, "tmax_d4": 17.6, "tmax_d5": 11.8, "tmax_d6": 3.6, "tmin_d0": -1.0, "tmin_d1": 5.9, "tmin_d2": 4.5, "tmin_d3": 2.2, "tmin_d4": 4.8, "tmin_d5": -5.1, "tmin_d6": -8.6, "day_of_year": 96, "uuid": "a6f2a271-bd9f-4dec-ab5e-380cb8edfbc7", "inat_id": 78348087}}, {"type": "Feature", "geometry": {"type": "Point", "coordinates": [-104.915475, 38.83058833]}, "properties": {"species": "Fomitopsis schrenkii", "date": "2021-04-28", "location": "Manitou Springs, CO, US", "elevation": 2215.0, "land_cover_label": "Tree cover", "water_mask": false, "exclude_reason": "keep", "ndvi": null, "soil_moisture": null, "solar_exposure": null, "wind_exposure": null, "water_retention": null, "slope": null, "aspect": null, "num_identification_agreements": 1, "cluster": 0, "tavg": null, "tmin": 3.9, "tmax": 13.9, "prcp_d0": 0.0, "prcp_d1": 0.0, "prcp_d2": 0.0, "prcp_d3": 0.0, "prcp_d4": 0.0, "prcp_d5": 4.97374439239502, "prcp_d6": 0.0, "tmax_d0": 8.0, "tmax_d1": 16.7, "tmax_d2": 17.6, "tmax_d3": 18.9, "tmax_d4": 9.2, "tmax_d5": 6.4, "tmax_d6": 9.1, "tmin_d0": 1.3, "tmin_d1": -0.9, "tmin_d2": 1.4, "tmin_d3": -0.5, "tmin_d4": -5.0, "tmin_d5": -4.7, "tmin_d6": -9.8, "day_of_year": 118, "uuid": "b591de66-ce7b-4fef-a1ee-b4da20382d63", "inat_id": 75577191}}, {"type": "Feature", "geometry": {"type": "Point", "coordinates": [-103.5462033333, 43.85248]}, "properties": {"species": "Fomitopsis schrenkii", "date": "2021-05-21", "location": "Custer State Park, Custer, SD, US", "elevation": 1996.0, "land_cover_label": "Tree cover", "water_mask": false, "exclude_reason": "keep", "ndvi": null, "soil_moisture": null, "solar_exposure": null, "wind_exposure": null, "water_retention": null, "slope": null, "aspect": null, "num_identification_agreements": 1, "cluster": 0, "tavg": null, "tmin": 7.8, "tmax": 10.6, "prcp_d0": 24.093027114868164, "prcp_d1": 0.0, "prcp_d2": 0.0, "prcp_d3": 0.0, "prcp_d4": 0.0, "prcp_d5": 10.580307960510254, "prcp_d6": 0.0, "tmax_d0": 16.1, "tmax_d1": 18.5, "tmax_d2": 17.0, "tmax_d3": 17.1, "tmax_d4": 14.3, "tmax_d5": 12.9, "tmax_d6": 10.4, "tmin_d0": 6.1, "tmin_d1": 7.3, "tmin_d2": 7.1, "tmin_d3": 6.7, "tmin_d4": 1.9, "tmin_d5": 3.0, "tmin_d6": 2.2, "day_of_year": 141, "uuid": "edd43383-316c-47a9-94e3-1df7023d868a", "inat_id": 79716051}}, {"type": "Feature", "geometry": {"type": "Point", "coordinates": [-103.54605, 43.8526716667]}, "properties": {"species": "Fomitopsis schrenkii", "date": "2021-05-21", "location": "Custer State Park, Custer, SD, US", "elevation": 1996.0, "land_cover_label": "Tree cover", "water_mask": false, "exclude_reason": "keep", "ndvi": null, "soil_moisture": null, "solar_exposure": null, "wind_exposure": null, "water_retention": null, "slope": null, "aspect": null, "num_identification_agreements": 1, "cluster": 0, "tavg": null, "tmin": 7.8, "tmax": 10.6, "prcp_d0": 24.093027114868164, "prcp_d1": 0.0, "prcp_d2": 0.0, "prcp_d3": 0.0, "prcp_d4": 0.0, "prcp_d5": 10.580307960510254, "prcp_d6": 0.0, "tmax_d0": 16.3, "tmax_d1": 18.7, "tmax_d2": 17.2, "tmax_d3": 17.3, "tmax_d4": 14.5, "tmax_d5": 13.1, "tmax_d6": 10.6, "tmin_d0": 6.3, "tmin_d1": 7.5, "tmin_d2": 7.3, "tmin_d3": 6.9, "tmin_d4": 2.1, "tmin_d5": 3.2, "tmin_d6": 2.4, "day_of_year": 141, "uuid": "2cafa42d-271d-47de-bf5d-bd8e20dc9cce", "inat_id": 80065027}}, {"type": "Feature", "geometry": {"type": "Point", "coordinates": [-103.4861470605, 43.6232769874]}, "properties": {"species": "Fomitopsis schrenkii", "date": "2021-05-26", "location": "Custer County, SD, USA", "elevation": 1447.0, "land_cover_label": "Tree cover", "water_mask": false, "exclude_reason": "keep", "ndvi": null, "soil_moisture": null, "solar_exposure": null, "wind_exposure": null, "water_retention": null, "slope": null, "aspect": null, "num_identification_agreements": 2, "cluster": 0, "tavg": null, "tmin": 3.9, "tmax": 10.0, "prcp_d0": 0.0, "prcp_d1": 0.0, "prcp_d2": 13.77924346923828, "prcp_d3": 13.77924346923828, "prcp_d4": 13.77924346923828, "prcp_d5": 13.77924346923828, "prcp_d6": 0.0, "tmax_d0": 17.6, "tmax_d1": 18.2, "tmax_d2": 18.3, "tmax_d3": 15.8, "tmax_d4": 12.3, "tmax_d5": 21.2, "tmax_d6": 22.4, "tmin_d0": 5.1, "tmin_d1": 8.0, "tmin_d2": 5.4, "tmin_d3": 7.4, "tmin_d4": 6.7, "tmin_d5": 10.5, "tmin_d6": 9.2, "day_of_year": 146, "uuid": "4721588b-4f89-4a7e-ae17-3f6843e7501d", "inat_id": 80412768}}, {"type": "Feature", "geometry": {"type": "Point", "coordinates": [-103.4832988783, 43.8904125209]}, "properties": {"species": "Fomitopsis schrenkii", "date": "2021-05-31", "location": "Black Hills National Forest, Keystone, SD, US", "elevation": 1515.0, "land_cover_label": "Tree cover", "water_mask": false, "exclude_reason": "keep", "ndvi": null, "soil_moisture": null, "solar_exposure": null, "wind_exposure": null, "water_retention": null, "slope": null, "aspect": null, "num_identification_agreements": 1, "cluster": 0, "tavg": null, "tmin": 2.8, "tmax": 17.8, "prcp_d0": 0.0, "prcp_d1": 0.0, "prcp_d2": 0.0, "prcp_d3": 0.0, "prcp_d4": 11.442753791809082, "prcp_d5": 0.0, "prcp_d6": 0.0, "tmax_d0": 18.1, "tmax_d1": 15.6, "tmax_d2": 14.4, "tmax_d3": 18.1, "tmax_d4": 7.5, "tmax_d5": 16.5, "tmax_d6": 17.8, "tmin_d0": 6.0, "tmin_d1": 4.9, "tmin_d2": 7.9, "tmin_d3": 0.3, "tmin_d4": 4.0, "tmin_d5": 3.7, "tmin_d6": 7.0, "day_of_year": 151, "uuid": "870cd59d-a30e-41fe-b42c-9d48a4551310", "inat_id": 87201190}}, {"type": "Feature", "geometry": {"type": "Point", "coordinates": [-104.0108620283, 44.3429056881]}, "properties": {"species": "Fomitopsis schrenkii", "date": "2021-06-04", "location": "Lawrence County, US-SD, US", "elevation": 1869.0, "land_cover_label": "Tree cover", "water_mask": false, "exclude_reason": "keep", "ndvi": null, "soil_moisture": null, "solar_exposure": null, "wind_exposure": null, "water_retention": null, "slope": null, "aspect": null, "num_identification_agreements": 1, "cluster": 0, "tavg": null, "tmin": 18.0, "tmax": 33.0, "prcp_d0": 0.0, "prcp_d1": 0.0, "prcp_d2": 0.0, "prcp_d3": 0.0, "prcp_d4": 0.0, "prcp_d5": 0.0, "prcp_d6": 0.0, "tmax_d0": 28.5, "tmax_d1": 24.2, "tmax_d2": 19.6, "tmax_d3": 16.6, "tmax_d4": 16.8, "tmax_d5": 14.3, "tmax_d6": 18.1, "tmin_d0": 11.6, "tmin_d1": 7.7, "tmin_d2": 7.6, "tmin_d3": 6.9, "tmin_d4": 5.3, "tmin_d5": 3.7, "tmin_d6": 6.2, "day_of_year": 155, "uuid": "d5bb1f8f-2fc2-433d-8387-c2affa5437ae", "inat_id": 82100269}}, {"type": "Feature", "geometry": {"type": "Point", "coordinates": [-103.5310216667, 43.8506083333]}, "properties": {"species": "Fomitopsis schrenkii", "date": "2021-06-05", "location": "Custer State Park, Custer, SD, US", "elevation": 2005.0, "land_cover_label": "Tree cover", "water_mask": false, "exclude_reason": "keep", "ndvi": null, "soil_moisture": null, "solar_exposure": null, "wind_exposure": null, "water_retention": null, "slope": null, "aspect": null, "num_identification_agreements": 1, "cluster": 0, "tavg": null, "tmin": 12.8, "tmax": 30.6, "prcp_d0": 0.0, "prcp_d1": 0.0, "prcp_d2": 0.0, "prcp_d3": 0.0, "prcp_d4": 0.0, "prcp_d5": 0.0, "prcp_d6": 0.0, "tmax_d0": 27.2, "tmax_d1": 27.5, "tmax_d2": 23.3, "tmax_d3": 18.7, "tmax_d4": 14.9, "tmax_d5": 14.7, "tmax_d6": 14.1, "tmin_d0": 16.4, "tmin_d1": 12.7, "tmin_d2": 9.7, "tmin_d3": 7.4, "tmin_d4": 6.6, "tmin_d5": 4.0, "tmin_d6": 2.4, "day_of_year": 156, "uuid": "54b76f72-8557-440a-8323-bf06a0383544", "inat_id": 81978312}}, {"type": "Feature", "geometry": {"type": "Point", "coordinates": [-103.4864678687, 43.6235698162]}, "properties": {"species": "Fomitopsis schrenkii", "date": "2021-06-24", "location": "Wind Cave National Park, Custer, SD, US", "elevation": 1447.0, "land_cover_label": "Tree cover", "water_mask": false, "exclude_reason": "keep", "ndvi": null, "soil_moisture": null, "solar_exposure": null, "wind_exposure": null, "water_retention": null, "slope": null, "aspect": null, "num_identification_agreements": 1, "cluster": 0, "tavg": null, "tmin": 12.2, "tmax": 25.0, "prcp_d0": 0.0, "prcp_d1": 0.0, "prcp_d2": 0.0, "prcp_d3": 0.0, "prcp_d4": 0.0, "prcp_d5": 0.0, "prcp_d6": 0.0, "tmax_d0": 28.1, "tmax_d1": 32.9, "tmax_d2": 28.6, "tmax_d3": 21.5, "tmax_d4": 26.9, "tmax_d5": 26.6, "tmax_d6": 26.9, "tmin_d0": 16.4, "tmin_d1": 16.6, "tmin_d2": 10.9, "tmin_d3": 8.8, "tmin_d4": 14.9, "tmin_d5": 13.6, "tmin_d6": 17.2, "day_of_year": 175, "uuid": "31fb5bdb-1551-45ac-b4be-f5c8bd272c5f", "inat_id": 84323157}}, {"type": "Feature", "geometry": {"type": "Point", "coordinates": [-107.62348, 37.6037366667]}, "properties": {"species": "Fomitopsis schrenkii", "date": "2021-06-25", "location": "San Juan National Forest, Durango, CO, US", "elevation": 3330.0, "land_cover_label": "Tree cover", "water_mask": false, "exclude_reason": "keep", "ndvi": null, "soil_moisture": null, "solar_exposure": null, "wind_exposure": null, "water_retention": null, "slope": null, "aspect": null, "num_identification_agreements": 1, "cluster": 0, "tavg": null, "tmin": 7.0, "tmax": 16.0, "prcp_d0": 0.0, "prcp_d1": 0.0, "prcp_d2": 0.0, "prcp_d3": 0.0, "prcp_d4": 0.0, "prcp_d5": 0.0, "prcp_d6": 5.826489448547363, "tmax_d0": 10.2, "tmax_d1": 13.1, "tmax_d2": 16.6, "tmax_d3": 17.1, "tmax_d4": 16.8, "tmax_d5": 17.1, "tmax_d6": 15.4, "tmin_d0": 2.3, "tmin_d1": 1.1, "tmin_d2": 6.8, "tmin_d3": 4.7, "tmin_d4": 5.1, "tmin_d5": 3.5, "tmin_d6": 3.6, "day_of_year": 176, "uuid": "847d4f22-ff41-44ee-acf1-90ffd931e6cf", "inat_id": 108056465}}, {"type": "Feature", "geometry": {"type": "Point", "coordinates": [-105.0447959, 36.5672125]}, "properties": {"species": "Fomitopsis schrenkii", "date": "2021-07-16", "location": "Philmont Scout Ranch, New Mexico 87714", "elevation": 2518.0, "land_cover_label": "Grassland", "water_mask": false, "exclude_reason": "keep", "ndvi": null, "soil_moisture": null, "solar_exposure": null, "wind_exposure": null, "water_retention": null, "slope": null, "aspect": null, "num_identification_agreements": 1, "cluster": 0, "tavg": null, "tmin": 5.8, "tmax": 22.8, "prcp_d0": 5.395273685455322, "prcp_d1": 0.0, "prcp_d2": 7.487096309661865, "prcp_d3": 0.0, "prcp_d4": 7.487096309661865, "prcp_d5": 0.0, "prcp_d6": 0.0, "tmax_d0": 23.4, "tmax_d1": 22.5, "tmax_d2": 22.0, "tmax_d3": 23.6, "tmax_d4": 23.8, "tmax_d5": 23.0, "tmax_d6": 25.6, "tmin_d0": 8.9, "tmin_d1": 8.9, "tmin_d2": 12.4, "tmin_d3": 8.1, "tmin_d4": 8.2, "tmin_d5": 10.0, "tmin_d6": 12.6, "day_of_year": 197, "uuid": "7bcba6b8-cdf6-4029-aeb8-8e7f5a04ac13", "inat_id": 172420528}}, {"type": "Feature", "geometry": {"type": "Point", "coordinates": [-105.6979, 39.68645]}, "properties": {"species": "Fomitopsis schrenkii", "date": "2021-07-20", "location": "Arapaho & Roosevelt National Forests Pawnee National Grassland, Idaho Springs, CO, US", "elevation": 2898.0, "land_cover_label": "Tree cover", "water_mask": false, "exclude_reason": "keep", "ndvi": null, "soil_moisture": 0.3087570976180947, "solar_exposure": 0.6662139296531677, "wind_exposure": 0.2692848443984985, "water_retention": 0.2817152738571167, "slope": 22.09125709533692, "aspect": 297.0448303222656, "num_identification_agreements": 1, "cluster": 0, "tavg": null, "tmin": 12.0, "tmax": 20.0, "prcp_d0": 0.0, "prcp_d1": 0.0, "prcp_d2": 0.0, "prcp_d3": 0.0, "prcp_d4": 0.0, "prcp_d5": 0.0, "prcp_d6": 0.0, "tmax_d0": 23.9, "tmax_d1": 22.2, "tmax_d2": 21.8, "tmax_d3": 21.5, "tmax_d4": 20.6, "tmax_d5": 20.5, "tmax_d6": 18.9, "tmin_d0": 7.9, "tmin_d1": 8.6, "tmin_d2": 6.4, "tmin_d3": 5.6, "tmin_d4": 5.5, "tmin_d5": 4.8, "tmin_d6": 8.9, "day_of_year": 201, "uuid": "26b1e71a-7948-4fcc-9e83-44c3e8c9f867", "inat_id": 87922500}}, {"type": "Feature", "geometry": {"type": "Point", "coordinates": [-105.3726015997, 39.5726499]}, "properties": {"species": "Fomitopsis schrenkii", "date": "2021-08-16", "location": "Shadow Mountain, CO, USA", "elevation": 2485.0, "land_cover_label": "Tree cover", "water_mask": false, "exclude_reason": "keep", "ndvi": null, "soil_moisture": 0.2367748695297587, "solar_exposure": 0.7831985354423523, "wind_exposure": 0.2505411207675934, "water_retention": 0.5084761381149292, "slope": 5.219903469085693, "aspect": 341.919677734375, "num_identification_agreements": 1, "cluster": 3, "tavg": null, "tmin": 18.0, "tmax": 32.0, "prcp_d0": 11.11272430419922, "prcp_d1": 8.274640083312988, "prcp_d2": 0.0, "prcp_d3": 0.0, "prcp_d4": 0.0, "prcp_d5": 0.0, "prcp_d6": 0.0, "tmax_d0": 24.7, "tmax_d1": 23.7, "tmax_d2": 26.5, "tmax_d3": 20.8, "tmax_d4": 25.4, "tmax_d5": 26.6, "tmax_d6": 25.2, "tmin_d0": 10.6, "tmin_d1": 12.4, "tmin_d2": 9.1, "tmin_d3": 10.7, "tmin_d4": 12.5, "tmin_d5": 10.2, "tmin_d6": 10.6, "day_of_year": 228, "uuid": "010daccd-4275-4d72-a634-b6975ff8ee94", "inat_id": 91603267}}, {"type": "Feature", "geometry": {"type": "Point", "coordinates": [-103.5729833333, 43.8523783333]}, "properties": {"species": "Fomitopsis schrenkii", "date": "2021-08-29", "location": "Custer State Park, Custer, SD, US", "elevation": 1744.0, "land_cover_label": "Bare / sparse vegetation", "water_mask": false, "exclude_reason": "keep", "ndvi": null, "soil_moisture": null, "solar_exposure": null, "wind_exposure": null, "water_retention": null, "slope": null, "aspect": null, "num_identification_agreements": 1, "cluster": 0, "tavg": null, "tmin": 2.8, "tmax": 22.2, "prcp_d0": 0.0, "prcp_d1": 0.0, "prcp_d2": 0.0, "prcp_d3": 0.0, "prcp_d4": 0.0, "prcp_d5": 0.0, "prcp_d6": 0.0, "tmax_d0": 20.0, "tmax_d1": 23.3, "tmax_d2": 26.0, "tmax_d3": 26.6, "tmax_d4": 19.9, "tmax_d5": 26.8, "tmax_d6": 26.0, "tmin_d0": 5.6, "tmin_d1": 12.0, "tmin_d2": 11.8, "tmin_d3": 15.0, "tmin_d4": 8.3, "tmin_d5": 16.1, "tmin_d6": 11.2, "day_of_year": 241, "uuid": "247c0dd2-d027-40b5-b07b-00d05813ce63", "inat_id": 93005662}}, {"type": "Feature", "geometry": {"type": "Point", "coordinates": [-107.776855, 37.6918616667]}, "properties": {"species": "Fomitopsis schrenkii", "date": "2021-09-09", "location": "San Juan National Forest, CO, US", "elevation": 3251.0, "land_cover_label": "Tree cover", "water_mask": false, "exclude_reason": "keep", "ndvi": null, "soil_moisture": null, "solar_exposure": null, "wind_exposure": null, "water_retention": null, "slope": null, "aspect": null, "num_identification_agreements": 1, "cluster": 0, "tavg": null, "tmin": 11.0, "tmax": 26.0, "prcp_d0": 0.0, "prcp_d1": 0.0, "prcp_d2": 0.0, "prcp_d3": 0.0, "prcp_d4": 0.0, "prcp_d5": 0.0, "prcp_d6": 0.0, "tmax_d0": 21.2, "tmax_d1": 20.5, "tmax_d2": 21.7, "tmax_d3": 19.6, "tmax_d4": 19.1, "tmax_d5": 17.9, "tmax_d6": 15.4, "tmin_d0": -0.9, "tmin_d1": 2.7, "tmin_d2": 1.0, "tmin_d3": 0.3, "tmin_d4": -0.8, "tmin_d5": 0.5, "tmin_d6": 1.5, "day_of_year": 252, "uuid": "bc19efc2-7d44-4809-a757-d19edb2b6a82", "inat_id": 94283837}}, {"type": "Feature", "geometry": {"type": "Point", "coordinates": [-103.84237, 43.9580633333]}, "properties": {"species": "Fomitopsis schrenkii", "date": "2021-09-22", "location": "Black Hills National Forest, Hill City, SD, US", "elevation": 1924.0, "land_cover_label": "Tree cover", "water_mask": false, "exclude_reason": "keep", "ndvi": null, "soil_moisture": null, "solar_exposure": null, "wind_exposure": null, "water_retention": null, "slope": null, "aspect": null, "num_identification_agreements": 1, "cluster": 0, "tavg": null, "tmin": 5.6, "tmax": 22.8, "prcp_d0": 0.0, "prcp_d1": 0.0, "prcp_d2": 13.801146507263184, "prcp_d3": 0.0, "prcp_d4": 0.0, "prcp_d5": 0.0, "prcp_d6": 0.0, "tmax_d0": 18.7, "tmax_d1": 11.3, "tmax_d2": 16.1, "tmax_d3": 23.0, "tmax_d4": 24.7, "tmax_d5": 14.6, "tmax_d6": 22.6, "tmin_d0": 5.5, "tmin_d1": 1.1, "tmin_d2": 3.4, "tmin_d3": 11.9, "tmin_d4": 10.5, "tmin_d5": 3.3, "tmin_d6": 12.7, "day_of_year": 265, "uuid": "37d3ff23-9839-4d5c-95a6-0165d3869180", "inat_id": 96172208}}, {"type": "Feature", "geometry": {"type": "Point", "coordinates": [-104.9610283333, 37.91915]}, "properties": {"species": "Fomitopsis schrenkii", "date": "2021-11-23", "location": "Pueblo County, US-CO, US", "elevation": 2248.0, "land_cover_label": "Tree cover", "water_mask": false, "exclude_reason": "keep", "ndvi": null, "soil_moisture": null, "solar_exposure": null, "wind_exposure": null, "water_retention": null, "slope": null, "aspect": null, "num_identification_agreements": 1, "cluster": 0, "tavg": null, "tmin": null, "tmax": null, "prcp_d0": 5.9679951667785645, "prcp_d1": 0.0, "prcp_d2": 0.0, "prcp_d3": 0.0, "prcp_d4": 1.2957963943481443, "prcp_d5": 0.0, "prcp_d6": 0.0, "tmax_d0": 13.6, "tmax_d1": 15.7, "tmax_d2": 9.2, "tmax_d3": 11.5, "tmax_d4": 13.5, "tmax_d5": 11.7, "tmax_d6": 12.6, "tmin_d0": 2.4, "tmin_d1": -0.6, "tmin_d2": -1.6, "tmin_d3": 2.4, "tmin_d4": 3.0, "tmin_d5": -5.2, "tmin_d6": -3.3, "day_of_year": 327, "uuid": "c6344df2-e33b-4160-8f0d-67f7a7063ce1", "inat_id": 117481412}}, {"type": "Feature", "geometry": {"type": "Point", "coordinates": [-103.46395, 43.8458966667]}, "properties": {"species": "Fomitopsis schrenkii", "date": "2022-04-18", "location": "Black Hills National Forest, Custer, SD, US", "elevation": 1617.0, "land_cover_label": "Tree cover", "water_mask": false, "exclude_reason": "keep", "ndvi": null, "soil_moisture": null, "solar_exposure": null, "wind_exposure": null, "water_retention": null, "slope": null, "aspect": null, "num_identification_agreements": 2, "cluster": 0, "tavg": null, "tmin": -5.6, "tmax": 7.8, "prcp_d0": 0.0, "prcp_d1": 0.0, "prcp_d2": 0.0, "prcp_d3": 0.0, "prcp_d4": 0.0, "prcp_d5": 0.0, "prcp_d6": 6.623425483703613, "tmax_d0": 7.7, "tmax_d1": 5.3, "tmax_d2": 0.6, "tmax_d3": 1.5, "tmax_d4": 0.5, "tmax_d5": -5.0, "tmax_d6": 7.3, "tmin_d0": -6.9, "tmin_d1": -1.1, "tmin_d2": -11.7, "tmin_d3": -9.7, "tmin_d4": -11.8, "tmin_d5": -14.0, "tmin_d6": -3.9, "day_of_year": 108, "uuid": "b7e9c144-06ed-416a-a51e-13ad90593fd9", "inat_id": 111966154}}, {"type": "Feature", "geometry": {"type": "Point", "coordinates": [-105.43345, 39.69785]}, "properties": {"species": "Fomitopsis schrenkii", "date": "2022-05-28", "location": "Arapaho & Roosevelt National Forests Pawnee National Grassland, Evergreen, CO, US", "elevation": 2634.0, "land_cover_label": "Tree cover", "water_mask": false, "exclude_reason": "keep", "ndvi": null, "soil_moisture": 0.412546997085576, "solar_exposure": 0.9115082621574402, "wind_exposure": 0.3342282772064209, "water_retention": 0.1512176990509033, "slope": 13.185935974121094, "aspect": 135.9055633544922, "num_identification_agreements": 1, "cluster": 0, "tavg": null, "tmin": -1.5, "tmax": 8.9, "prcp_d0": 0.0, "prcp_d1": 0.0, "prcp_d2": 0.0, "prcp_d3": 0.0, "prcp_d4": 0.0, "prcp_d5": 0.0, "prcp_d6": 0.0, "tmax_d0": 20.2, "tmax_d1": 21.5, "tmax_d2": 18.1, "tmax_d3": 7.5, "tmax_d4": 1.2, "tmax_d5": 4.2, "tmax_d6": 2.1, "tmin_d0": 2.5, "tmin_d1": 0.9, "tmin_d2": -3.4, "tmin_d3": -5.5, "tmin_d4": -2.4, "tmin_d5": -5.6, "tmin_d6": -6.6, "day_of_year": 148, "uuid": "7af47501-bb9b-4dbf-a834-583d5c62d148", "inat_id": 119145048}}, {"type": "Feature", "geometry": {"type": "Point", "coordinates": [-103.573745, 43.85107]}, "properties": {"species": "Fomitopsis schrenkii", "date": "2022-05-28", "location": "Custer State Park, Custer, SD, US", "elevation": 1768.0, "land_cover_label": "Tree cover", "water_mask": false, "exclude_reason": "keep", "ndvi": null, "soil_moisture": null, "solar_exposure": null, "wind_exposure": null, "water_retention": null, "slope": null, "aspect": null, "num_identification_agreements": 1, "cluster": 0, "tavg": null, "tmin": 8.9, "tmax": 22.2, "prcp_d0": 15.209121704101562, "prcp_d1": 0.0, "prcp_d2": 0.0, "prcp_d3": 0.0, "prcp_d4": 0.0, "prcp_d5": 7.871288776397705, "prcp_d6": 0.0, "tmax_d0": 21.7, "tmax_d1": 23.8, "tmax_d2": 20.4, "tmax_d3": 16.2, "tmax_d4": 10.5, "tmax_d5": 8.9, "tmax_d6": 9.2, "tmin_d0": 9.8, "tmin_d1": 9.3, "tmin_d2": 5.1, "tmin_d3": 1.5, "tmin_d4": -1.6, "tmin_d5": 0.2, "tmin_d6": -4.2, "day_of_year": 148, "uuid": "6783f286-3acb-4be1-8c76-01886adb69c7", "inat_id": 119264048}}, {"type": "Feature", "geometry": {"type": "Point", "coordinates": [-107.6656283333, 38.0240695]}, "properties": {"species": "Fomitopsis schrenkii", "date": "2022-05-28", "location": "Grand Mesa Uncompahgre and Gunnison National Forests, Ouray, CO, US", "elevation": 2523.0, "land_cover_label": "Tree cover", "water_mask": false, "exclude_reason": "keep", "ndvi": null, "soil_moisture": null, "solar_exposure": null, "wind_exposure": null, "water_retention": null, "slope": null, "aspect": null, "num_identification_agreements": 1, "cluster": 0, "tavg": null, "tmin": 10.0, "tmax": 19.0, "prcp_d0": 0.0, "prcp_d1": 0.0, "prcp_d2": 0.0, "prcp_d3": 0.0, "prcp_d4": 0.0, "prcp_d5": 0.0, "prcp_d6": 0.0, "tmax_d0": 18.7, "tmax_d1": 19.5, "tmax_d2": 16.9, "tmax_d3": 12.1, "tmax_d4": 8.8, "tmax_d5": 12.0, "tmax_d6": 12.3, "tmin_d0": 4.9, "tmin_d1": 4.5, "tmin_d2": 2.3, "tmin_d3": -2.1, "tmin_d4": 0.0, "tmin_d5": 3.3, "tmin_d6": 4.2, "day_of_year": 148, "uuid": "a02239e4-d553-45f4-9198-13fcc31304dc", "inat_id": 119430414}}, {"type": "Feature", "geometry": {"type": "Point", "coordinates": [-105.80515186, 39.48187142]}, "properties": {"species": "Fomitopsis schrenkii", "date": "2022-06-03", "location": "Park County, US-CO, US", "elevation": 3002.0, "land_cover_label": "Tree cover", "water_mask": false, "exclude_reason": "keep", "ndvi": null, "soil_moisture": 0.4318984459539031, "solar_exposure": 0.7584129571914673, "wind_exposure": 0.1537903100252151, "water_retention": 0.5774973630905151, "slope": 7.905901908874512, "aspect": 30.692607879638672, "num_identification_agreements": 2, "cluster": 3, "tavg": null, "tmin": -4.3, "tmax": 7.2, "prcp_d0": 0.0, "prcp_d1": 0.0, "prcp_d2": 8.323942184448242, "prcp_d3": 0.0, "prcp_d4": 19.482221603393555, "prcp_d5": 0.0, "prcp_d6": 0.0, "tmax_d0": 12.7, "tmax_d1": 13.4, "tmax_d2": 7.9, "tmax_d3": 9.0, "tmax_d4": 4.4, "tmax_d5": 10.2, "tmax_d6": 14.2, "tmin_d0": 0.2, "tmin_d1": -0.5, "tmin_d2": -1.1, "tmin_d3": -4.4, "tmin_d4": -3.3, "tmin_d5": 0.2, "tmin_d6": 1.8, "day_of_year": 154, "uuid": "ac2ec7fb-3b04-4b28-8c98-3e43de244ec8", "inat_id": 120853704}}, {"type": "Feature", "geometry": {"type": "Point", "coordinates": [-103.5664230958, 43.8474123195]}, "properties": {"species": "Fomitopsis schrenkii", "date": "2022-06-03", "location": "Crazy Horse, SD 57730, USA", "elevation": 1875.0, "land_cover_label": "Tree cover", "water_mask": false, "exclude_reason": "keep", "ndvi": null, "soil_moisture": null, "solar_exposure": null, "wind_exposure": null, "water_retention": null, "slope": null, "aspect": null, "num_identification_agreements": 1, "cluster": 0, "tavg": null, "tmin": 5.6, "tmax": 15.6, "prcp_d0": 0.0, "prcp_d1": 0.0, "prcp_d2": 0.0, "prcp_d3": 0.0, "prcp_d4": 10.748661041259766, "prcp_d5": 10.748661041259766, "prcp_d6": 10.748661041259766, "tmax_d0": 14.6, "tmax_d1": 14.9, "tmax_d2": 12.8, "tmax_d3": 8.9, "tmax_d4": 9.5, "tmax_d5": 17.3, "tmax_d6": 21.7, "tmin_d0": 5.1, "tmin_d1": 0.5, "tmin_d2": 1.1, "tmin_d3": 4.1, "tmin_d4": 6.6, "tmin_d5": 7.2, "tmin_d6": 9.8, "day_of_year": 154, "uuid": "245f5387-6dc4-4b16-a04f-4269157545c1", "inat_id": 120083178}}, {"type": "Feature", "geometry": {"type": "Point", "coordinates": [-103.5759806784, 43.8546348656]}, "properties": {"species": "Fomitopsis schrenkii", "date": "2022-06-16", "location": "Black Hills National Forest, Custer, SD, US", "elevation": 1725.0, "land_cover_label": "Tree cover", "water_mask": false, "exclude_reason": "keep", "ndvi": null, "soil_moisture": null, "solar_exposure": null, "wind_exposure": null, "water_retention": null, "slope": null, "aspect": null, "num_identification_agreements": 1, "cluster": 0, "tavg": null, "tmin": 5.6, "tmax": 25.0, "prcp_d0": 0.0, "prcp_d1": 0.0, "prcp_d2": 18.973285675048828, "prcp_d3": 0.0, "prcp_d4": 0.0, "prcp_d5": 0.0, "prcp_d6": 6.483101844787598, "tmax_d0": 22.9, "tmax_d1": 17.6, "tmax_d2": 18.9, "tmax_d3": 25.5, "tmax_d4": 22.8, "tmax_d5": 24.1, "tmax_d6": 22.5, "tmin_d0": 7.8, "tmin_d1": 4.9, "tmin_d2": 8.7, "tmin_d3": 11.4, "tmin_d4": 10.8, "tmin_d5": 11.9, "tmin_d6": 9.4, "day_of_year": 167, "uuid": "33e1faaa-84b5-493b-aa6e-62c27e3d8a20", "inat_id": 122253464}}, {"type": "Feature", "geometry": {"type": "Point", "coordinates": [-103.5729764467, 43.8523474329]}, "properties": {"species": "Fomitopsis schrenkii", "date": "2022-06-16", "location": "Custer State Park, Custer, SD, US", "elevation": 1744.0, "land_cover_label": "Bare / sparse vegetation", "water_mask": false, "exclude_reason": "keep", "ndvi": null, "soil_moisture": null, "solar_exposure": null, "wind_exposure": null, "water_retention": null, "slope": null, "aspect": null, "num_identification_agreements": 1, "cluster": 0, "tavg": null, "tmin": 5.6, "tmax": 25.0, "prcp_d0": 0.0, "prcp_d1": 0.0, "prcp_d2": 18.973285675048828, "prcp_d3": 0.0, "prcp_d4": 0.0, "prcp_d5": 0.0, "prcp_d6": 6.483101844787598, "tmax_d0": 22.9, "tmax_d1": 17.6, "tmax_d2": 18.9, "tmax_d3": 25.5, "tmax_d4": 22.8, "tmax_d5": 24.1, "tmax_d6": 22.5, "tmin_d0": 7.8, "tmin_d1": 4.9, "tmin_d2": 8.7, "tmin_d3": 11.4, "tmin_d4": 10.8, "tmin_d5": 11.9, "tmin_d6": 9.4, "day_of_year": 167, "uuid": "e0807983-44a9-4a97-a4cd-b585127d9f45", "inat_id": 122253701}}, {"type": "Feature", "geometry": {"type": "Point", "coordinates": [-106.0996305385, 39.6508449968]}, "properties": {"species": "Fomitopsis schrenkii", "date": "2022-06-21", "location": "White River National Forest, Silverthorne, CO, US", "elevation": 2752.0, "land_cover_label": "Tree cover", "water_mask": false, "exclude_reason": "keep", "ndvi": null, "soil_moisture": null, "solar_exposure": null, "wind_exposure": null, "water_retention": null, "slope": null, "aspect": null, "num_identification_agreements": 1, "cluster": 0, "tavg": null, "tmin": 7.0, "tmax": 16.0, "prcp_d0": 0.0, "prcp_d1": 0.0, "prcp_d2": 6.884531021118164, "prcp_d3": 6.470936298370361, "prcp_d4": 0.3117336332798004, "prcp_d5": 0.0, "prcp_d6": 0.0, "tmax_d0": 16.8, "tmax_d1": 15.4, "tmax_d2": 16.6, "tmax_d3": 19.2, "tmax_d4": 21.5, "tmax_d5": 19.6, "tmax_d6": 15.3, "tmin_d0": -1.8, "tmin_d1": 0.3, "tmin_d2": 0.9, "tmin_d3": 1.4, "tmin_d4": 1.0, "tmin_d5": 0.5, "tmin_d6": -0.9, "day_of_year": 172, "uuid": "1f832002-4ba9-4d23-8a5e-e96e3b26d7f1", "inat_id": 122984300}}, {"type": "Feature", "geometry": {"type": "Point", "coordinates": [-107.6595304704, 38.0214330766]}, "properties": {"species": "Fomitopsis schrenkii", "date": "2022-06-22", "location": "Grand Mesa Uncompahgre and Gunnison National Forests, Ridgway, CO, US", "elevation": 2651.0, "land_cover_label": "Tree cover", "water_mask": false, "exclude_reason": "keep", "ndvi": null, "soil_moisture": null, "solar_exposure": null, "wind_exposure": null, "water_retention": null, "slope": null, "aspect": null, "num_identification_agreements": 1, "cluster": 0, "tavg": null, "tmin": 11.0, "tmax": 19.0, "prcp_d0": 0.0, "prcp_d1": 0.0, "prcp_d2": 0.21950164437294, "prcp_d3": 24.749191284179688, "prcp_d4": 17.38082504272461, "prcp_d5": 1.638811469078064, "prcp_d6": 0.0, "tmax_d0": 20.0, "tmax_d1": 22.5, "tmax_d2": 18.8, "tmax_d3": 16.6, "tmax_d4": 20.5, "tmax_d5": 24.0, "tmax_d6": 25.5, "tmin_d0": 7.1, "tmin_d1": 0.6, "tmin_d2": 5.7, "tmin_d3": 9.0, "tmin_d4": 10.8, "tmin_d5": 8.5, "tmin_d6": 3.5, "day_of_year": 173, "uuid": "640123e6-7247-4844-8cd0-be725d6a5d4f", "inat_id": 122978232}}, {"type": "Feature", "geometry": {"type": "Point", "coordinates": [-105.1732783333, 36.52293]}, "properties": {"species": "Fomitopsis schrenkii", "date": "2022-07-08", "location": "Cimarron Canyon State Park, Cimarron, NM, US", "elevation": 2488.0, "land_cover_label": "Tree cover", "water_mask": false, "exclude_reason": "keep", "ndvi": null, "soil_moisture": null, "solar_exposure": null, "wind_exposure": null, "water_retention": null, "slope": null, "aspect": null, "num_identification_agreements": 1, "cluster": 0, "tavg": null, "tmin": 7.3, "tmax": 25.0, "prcp_d0": 0.0, "prcp_d1": 0.0, "prcp_d2": 0.0, "prcp_d3": 0.0, "prcp_d4": 0.0, "prcp_d5": 0.0, "prcp_d6": 15.046688079833984, "tmax_d0": 26.5, "tmax_d1": 25.1, "tmax_d2": 24.2, "tmax_d3": 25.7, "tmax_d4": 23.2, "tmax_d5": 21.0, "tmax_d6": 22.8, "tmin_d0": 10.2, "tmin_d1": 8.6, "tmin_d2": 8.9, "tmin_d3": 10.7, "tmin_d4": 8.7, "tmin_d5": 9.7, "tmin_d6": 9.1, "day_of_year": 189, "uuid": "76c669e8-1d62-4e28-bbba-6c267880846e", "inat_id": 125374804}}, {"type": "Feature", "geometry": {"type": "Point", "coordinates": [-105.835075, 35.7251277778]}, "properties": {"species": "Fomitopsis schrenkii", "date": "2022-07-11", "location": "Santa Fe, New Mexico, United States", "elevation": 2593.0, "land_cover_label": "Tree cover", "water_mask": false, "exclude_reason": "keep", "ndvi": null, "soil_moisture": null, "solar_exposure": null, "wind_exposure": null, "water_retention": null, "slope": null, "aspect": null, "num_identification_agreements": 1, "cluster": 0, "tavg": null, "tmin": 14.4, "tmax": 32.8, "prcp_d0": 3.60009503364563, "prcp_d1": 2.055258512496948, "prcp_d2": 4.1105170249938965, "prcp_d3": 0.0, "prcp_d4": 0.0, "prcp_d5": 0.0, "prcp_d6": 0.0, "tmax_d0": 27.0, "tmax_d1": 26.5, "tmax_d2": 25.8, "tmax_d3": 26.9, "tmax_d4": 24.7, "tmax_d5": 23.6, "tmax_d6": 23.7, "tmin_d0": 13.8, "tmin_d1": 14.1, "tmin_d2": 14.4, "tmin_d3": 12.1, "tmin_d4": 13.1, "tmin_d5": 12.8, "tmin_d6": 13.6, "day_of_year": 192, "uuid": "b64ee8bb-5972-46ee-9e93-87b7fb0b4ed8", "inat_id": 125856452}}, {"type": "Feature", "geometry": {"type": "Point", "coordinates": [-105.6138383333, 40.0704111667]}, "properties": {"species": "Fomitopsis schrenkii", "date": "2022-07-14", "location": "Arapaho & Roosevelt National Forests Pawnee National Grassland, Ward, CO, US", "elevation": 3317.0, "land_cover_label": "Moss and lichen", "water_mask": false, "exclude_reason": "keep", "ndvi": null, "soil_moisture": 0.2959644857390067, "solar_exposure": 0.8984880447387695, "wind_exposure": 0.229201927781105, "water_retention": 0.1769801080226898, "slope": 9.084023475646973, "aspect": 138.31898498535156, "num_identification_agreements": 1, "cluster": 0, "tavg": null, "tmin": 9.2, "tmax": 28.1, "prcp_d0": 2.852574825286865, "prcp_d1": 0.0, "prcp_d2": 0.0, "prcp_d3": 2.852574825286865, "prcp_d4": 0.0, "prcp_d5": 0.0, "prcp_d6": 0.0, "tmax_d0": 19.3, "tmax_d1": 19.0, "tmax_d2": 19.2, "tmax_d3": 19.5, "tmax_d4": 21.4, "tmax_d5": 20.7, "tmax_d6": 19.5, "tmin_d0": 6.9, "tmin_d1": 7.1, "tmin_d2": 4.2, "tmin_d3": 4.4, "tmin_d4": 9.1, "tmin_d5": 8.1, "tmin_d6": 3.4, "day_of_year": 195, "uuid": "19e8824d-b556-4cb8-889a-9656512384bd", "inat_id": 126248914}}, {"type": "Feature", "geometry": {"type": "Point", "coordinates": [-104.511025, 39.1198555556]}, "properties": {"species": "Fomitopsis schrenkii", "date": "2022-07-17", "location": "Falcon, CO 80831, USA", "elevation": 2150.0, "land_cover_label": "Tree cover", "water_mask": false, "exclude_reason": "keep", "ndvi": null, "soil_moisture": 0.2691722069539715, "solar_exposure": 0.7943016886711121, "wind_exposure": 0.3315514326095581, "water_retention": 0.5186287760734558, "slope": 6.4381842613220215, "aspect": 305.2550354003906, "num_identification_agreements": 1, "cluster": 3, "tavg": null, "tmin": 11.0, "tmax": 28.0, "prcp_d0": 2.1515917778015137, "prcp_d1": 0.0, "prcp_d2": 0.0, "prcp_d3": 0.0, "prcp_d4": 0.0, "prcp_d5": 0.0, "prcp_d6": 5.095788478851318, "tmax_d0": 30.2, "tmax_d1": 29.9, "tmax_d2": 30.9, "tmax_d3": 31.7, "tmax_d4": 30.7, "tmax_d5": 25.7, "tmax_d6": 28.8, "tmin_d0": 15.8, "tmin_d1": 15.6, "tmin_d2": 18.0, "tmin_d3": 18.3, "tmin_d4": 16.7, "tmin_d5": 14.5, "tmin_d6": 16.2, "day_of_year": 198, "uuid": "5fc7e599-a4b0-406d-a316-d1dad3a2ebf2", "inat_id": 126940833}}, {"type": "Feature", "geometry": {"type": "Point", "coordinates": [-107.5567866667, 38.1727666667]}, "properties": {"species": "Fomitopsis schrenkii", "date": "2022-07-30", "location": "Grand Mesa Uncompahgre and Gunnison National Forests, Cimarron, CO, US", "elevation": 2978.0, "land_cover_label": "Tree cover", "water_mask": false, "exclude_reason": "keep", "ndvi": null, "soil_moisture": null, "solar_exposure": null, "wind_exposure": null, "water_retention": null, "slope": null, "aspect": null, "num_identification_agreements": 1, "cluster": 0, "tavg": null, "tmin": 10.0, "tmax": 17.0, "prcp_d0": 0.0, "prcp_d1": 0.0, "prcp_d2": 0.0, "prcp_d3": 17.263017654418945, "prcp_d4": 0.0, "prcp_d5": 0.0, "prcp_d6": 0.0, "tmax_d0": 17.5, "tmax_d1": 16.3, "tmax_d2": 16.7, "tmax_d3": 19.8, "tmax_d4": 19.4, "tmax_d5": 19.9, "tmax_d6": 19.6, "tmin_d0": 7.6, "tmin_d1": 8.7, "tmin_d2": 9.5, "tmin_d3": 9.3, "tmin_d4": 9.0, "tmin_d5": 8.4, "tmin_d6": 9.7, "day_of_year": 211, "uuid": "ed871ffb-d1f4-4ca0-98c5-57d69d03dbdc", "inat_id": 220875608}}, {"type": "Feature", "geometry": {"type": "Point", "coordinates": [-105.5372466667, 36.79433]}, "properties": {"species": "Fomitopsis schrenkii", "date": "2022-08-05", "location": "Carson National Forest, Taos, NM, US", "elevation": 2947.0, "land_cover_label": "Tree cover", "water_mask": false, "exclude_reason": "keep", "ndvi": null, "soil_moisture": null, "solar_exposure": null, "wind_exposure": null, "water_retention": null, "slope": null, "aspect": null, "num_identification_agreements": 1, "cluster": 0, "tavg": null, "tmin": 15.6, "tmax": 28.3, "prcp_d0": 7.5396599769592285, "prcp_d1": 7.5396599769592285, "prcp_d2": 2.5132200717926025, "prcp_d3": 2.5132200717926025, "prcp_d4": 0.0, "prcp_d5": 10.427828788757324, "prcp_d6": 0.0, "tmax_d0": null, "tmax_d1": null, "tmax_d2": null, "tmax_d3": null, "tmax_d4": null, "tmax_d5": null, "tmax_d6": null, "tmin_d0": null, "tmin_d1": null, "tmin_d2": null, "tmin_d3": null, "tmin_d4": null, "tmin_d5": null, "tmin_d6": null, "day_of_year": 217, "uuid": "4833efae-cc85-4bbf-ad2c-19ce1edf29fc", "inat_id": 355045280}}, {"type": "Feature", "geometry": {"type": "Point", "coordinates": [-105.3820619, 39.4969148]}, "properties": {"species": "Fomitopsis schrenkii", "date": "2022-08-06", "location": "12102 S Elk Creek Rd, Pine, CO 80470, USA", "elevation": 2511.0, "land_cover_label": "Bare / sparse vegetation", "water_mask": false, "exclude_reason": "keep", "ndvi": null, "soil_moisture": 0.3331119685282325, "solar_exposure": 0.8814883232116699, "wind_exposure": 0.3165823519229889, "water_retention": 0.4479702413082123, "slope": 5.416367530822754, "aspect": 216.7309417724609, "num_identification_agreements": 1, "cluster": 3, "tavg": null, "tmin": 19.4, "tmax": 32.2, "prcp_d0": 0.0, "prcp_d1": 5.219465255737305, "prcp_d2": 0.0, "prcp_d3": 0.0, "prcp_d4": 5.219465255737305, "prcp_d5": 0.0, "prcp_d6": 0.0, "tmax_d0": 26.3, "tmax_d1": 28.7, "tmax_d2": 27.8, "tmax_d3": 23.9, "tmax_d4": 26.4, "tmax_d5": 25.5, "tmax_d6": 24.8, "tmin_d0": 15.0, "tmin_d1": 13.6, "tmin_d2": 11.5, "tmin_d3": 10.7, "tmin_d4": 14.9, "tmin_d5": 12.1, "tmin_d6": 11.1, "day_of_year": 218, "uuid": "e3ff9e3b-fc3f-4417-bda8-ffdf100825e1", "inat_id": 129732529}}, {"type": "Feature", "geometry": {"type": "Point", "coordinates": [-107.67672, 38.0131333333]}, "properties": {"species": "Fomitopsis schrenkii", "date": "2022-08-11", "location": "Grand Mesa Uncompahgre and Gunnison National Forests, Ridgway, CO, US", "elevation": 2611.0, "land_cover_label": "Tree cover", "water_mask": false, "exclude_reason": "keep", "ndvi": null, "soil_moisture": null, "solar_exposure": null, "wind_exposure": null, "water_retention": null, "slope": null, "aspect": null, "num_identification_agreements": 2, "cluster": 0, "tavg": null, "tmin": 12.0, "tmax": 23.0, "prcp_d0": 9.963175773620604, "prcp_d1": 0.0, "prcp_d2": 0.0, "prcp_d3": 0.0, "prcp_d4": 0.0, "prcp_d5": 0.0, "prcp_d6": 4.590321063995361, "tmax_d0": 22.5, "tmax_d1": 24.1, "tmax_d2": 23.9, "tmax_d3": 23.1, "tmax_d4": 23.6, "tmax_d5": 22.6, "tmax_d6": 22.2, "tmin_d0": 9.9, "tmin_d1": 10.8, "tmin_d2": 10.7, "tmin_d3": 11.8, "tmin_d4": 11.0, "tmin_d5": 9.3, "tmin_d6": 12.0, "day_of_year": 223, "uuid": "cdc77fab-9e5f-4e57-b930-6a6aa34adea5", "inat_id": 134312139}}, {"type": "Feature", "geometry": {"type": "Point", "coordinates": [-105.6314138889, 40.3345166667]}, "properties": {"species": "Fomitopsis schrenkii", "date": "2022-08-20", "location": "Estes Park, CO 80517, USA", "elevation": 2756.0, "land_cover_label": "Tree cover", "water_mask": false, "exclude_reason": "keep", "ndvi": null, "soil_moisture": 0.373545513495628, "solar_exposure": 0.7307341694831848, "wind_exposure": 0.2695126235485077, "water_retention": 0.4917435646057129, "slope": 9.794556617736816, "aspect": 24.2422103881836, "num_identification_agreements": 1, "cluster": 3, "tavg": null, "tmin": 6.6, "tmax": 22.2, "prcp_d0": 0.0, "prcp_d1": 0.0, "prcp_d2": 0.0, "prcp_d3": 0.0, "prcp_d4": 19.578388214111328, "prcp_d5": 0.0, "prcp_d6": 10.39073371887207, "tmax_d0": 14.3, "tmax_d1": 16.7, "tmax_d2": 19.4, "tmax_d3": 18.1, "tmax_d4": 14.2, "tmax_d5": 17.8, "tmax_d6": 22.9, "tmin_d0": 4.6, "tmin_d1": 4.4, "tmin_d2": 4.7, "tmin_d3": 5.1, "tmin_d4": 7.7, "tmin_d5": 6.7, "tmin_d6": 7.6, "day_of_year": 232, "uuid": "a9b662b6-c2f4-4f31-b6c6-4d50617814af", "inat_id": 131622400}}, {"type": "Feature", "geometry": {"type": "Point", "coordinates": [-107.955325, 37.8086199722]}, "properties": {"species": "Fomitopsis schrenkii", "date": "2022-08-21", "location": "Dolores, CO 81323, USA", "elevation": 3385.0, "land_cover_label": "Tree cover", "water_mask": false, "exclude_reason": "keep", "ndvi": null, "soil_moisture": null, "solar_exposure": null, "wind_exposure": null, "water_retention": null, "slope": null, "aspect": null, "num_identification_agreements": 1, "cluster": 0, "tavg": null, "tmin": 9.0, "tmax": 17.0, "prcp_d0": 0.0, "prcp_d1": 0.0, "prcp_d2": 0.0, "prcp_d3": 0.0, "prcp_d4": 0.0, "prcp_d5": 9.466094970703123, "prcp_d6": 7.175105094909668, "tmax_d0": 13.6, "tmax_d1": 11.4, "tmax_d2": 15.1, "tmax_d3": 18.4, "tmax_d4": 14.9, "tmax_d5": 15.1, "tmax_d6": 16.6, "tmin_d0": 0.7, "tmin_d1": 4.4, "tmin_d2": 5.5, "tmin_d3": 4.1, "tmin_d4": 3.8, "tmin_d5": 5.2, "tmin_d6": 3.2, "day_of_year": 233, "uuid": "85205d9f-95e9-4ab3-a345-7d102b5eb11e", "inat_id": 132401246}}, {"type": "Feature", "geometry": {"type": "Point", "coordinates": [-107.888895, 37.8123166667]}, "properties": {"species": "Fomitopsis schrenkii", "date": "2022-08-22", "location": "Grand Mesa Uncompahgre and Gunnison National Forests, Ophir, CO, US", "elevation": 3167.0, "land_cover_label": "Tree cover", "water_mask": false, "exclude_reason": "keep", "ndvi": null, "soil_moisture": null, "solar_exposure": null, "wind_exposure": null, "water_retention": null, "slope": null, "aspect": null, "num_identification_agreements": 2, "cluster": 0, "tavg": null, "tmin": 8.0, "tmax": 20.0, "prcp_d0": 0.0, "prcp_d1": 0.0, "prcp_d2": 0.0, "prcp_d3": 0.0, "prcp_d4": 0.0, "prcp_d5": 0.0, "prcp_d6": 0.0, "tmax_d0": 16.0, "tmax_d1": 15.9, "tmax_d2": 13.6, "tmax_d3": 16.2, "tmax_d4": 19.3, "tmax_d5": 16.6, "tmax_d6": 16.7, "tmin_d0": 4.7, "tmin_d1": 3.2, "tmin_d2": 5.8, "tmin_d3": 7.3, "tmin_d4": 5.2, "tmin_d5": 5.2, "tmin_d6": 7.2, "day_of_year": 234, "uuid": "a6d4c78b-e2e0-46c8-a620-50fd7797022a", "inat_id": 132155430}}, {"type": "Feature", "geometry": {"type": "Point", "coordinates": [-105.44316642, 39.6113640953]}, "properties": {"species": "Fomitopsis schrenkii", "date": "2022-08-24", "location": "Ranch Trail, Evergreen, CO, US", "elevation": 2476.0, "land_cover_label": "Tree cover", "water_mask": false, "exclude_reason": "keep", "ndvi": null, "soil_moisture": 0.3756198326350886, "solar_exposure": 0.8318983316421509, "wind_exposure": 0.2629666328430176, "water_retention": 0.2923976480960846, "slope": 3.3043196201324463, "aspect": 79.1623306274414, "num_identification_agreements": 1, "cluster": 0, "tavg": null, "tmin": 0.8, "tmax": 12.1, "prcp_d0": 0.0, "prcp_d1": 0.0, "prcp_d2": 0.0, "prcp_d3": 0.0, "prcp_d4": 8.553577423095703, "prcp_d5": 0.0, "prcp_d6": 0.0, "tmax_d0": 21.2, "tmax_d1": 20.7, "tmax_d2": 19.2, "tmax_d3": 17.6, "tmax_d4": 17.4, "tmax_d5": 19.3, "tmax_d6": 21.9, "tmin_d0": 7.9, "tmin_d1": 8.3, "tmin_d2": 9.4, "tmin_d3": 7.8, "tmin_d4": 10.2, "tmin_d5": 9.2, "tmin_d6": 9.1, "day_of_year": 236, "uuid": "9ad1c8f2-cec7-451f-bd66-5a2f571d33c5", "inat_id": 160862387}}, {"type": "Feature", "geometry": {"type": "Point", "coordinates": [-105.4431529549, 39.611309684]}, "properties": {"species": "Fomitopsis schrenkii", "date": "2022-08-24", "location": "Ranch Trail, Evergreen, CO, US", "elevation": 2476.0, "land_cover_label": "Tree cover", "water_mask": false, "exclude_reason": "keep", "ndvi": null, "soil_moisture": 0.3756155598134825, "solar_exposure": 0.8318983316421509, "wind_exposure": 0.2629666328430176, "water_retention": 0.2923976480960846, "slope": 3.3043196201324463, "aspect": 79.1623306274414, "num_identification_agreements": 1, "cluster": 0, "tavg": null, "tmin": 0.8, "tmax": 12.1, "prcp_d0": 0.0, "prcp_d1": 0.0, "prcp_d2": 0.0, "prcp_d3": 0.0, "prcp_d4": 8.553577423095703, "prcp_d5": 0.0, "prcp_d6": 0.0, "tmax_d0": 21.2, "tmax_d1": 20.7, "tmax_d2": 19.2, "tmax_d3": 17.6, "tmax_d4": 17.4, "tmax_d5": 19.3, "tmax_d6": 21.9, "tmin_d0": 7.9, "tmin_d1": 8.3, "tmin_d2": 9.4, "tmin_d3": 7.8, "tmin_d4": 10.2, "tmin_d5": 9.2, "tmin_d6": 9.1, "day_of_year": 236, "uuid": "2f979cdf-9fed-4e95-8688-5eb5a03cc8f0", "inat_id": 160861665}}, {"type": "Feature", "geometry": {"type": "Point", "coordinates": [-109.2257, 38.4873116667]}, "properties": {"species": "Fomitopsis schrenkii", "date": "2022-09-17", "location": "Manti-La Sal National Forest, La Sal, UT, US", "elevation": 3191.0, "land_cover_label": "Tree cover", "water_mask": false, "exclude_reason": "keep", "ndvi": null, "soil_moisture": null, "solar_exposure": null, "wind_exposure": null, "water_retention": null, "slope": null, "aspect": null, "num_identification_agreements": 1, "cluster": 0, "tavg": null, "tmin": null, "tmax": null, "prcp_d0": 0.0, "prcp_d1": 0.0, "prcp_d2": 0.0, "prcp_d3": 0.0, "prcp_d4": 0.0, "prcp_d5": 0.0, "prcp_d6": 0.0, "tmax_d0": 11.7, "tmax_d1": 11.1, "tmax_d2": 11.4, "tmax_d3": 10.1, "tmax_d4": 14.7, "tmax_d5": 16.6, "tmax_d6": 17.5, "tmin_d0": 3.4, "tmin_d1": 3.8, "tmin_d2": 2.8, "tmin_d3": 3.9, "tmin_d4": 6.1, "tmin_d5": 6.2, "tmin_d6": 5.4, "day_of_year": 260, "uuid": "5138844e-4db2-427f-827a-6d99e8a1c2dd", "inat_id": 135463531}}, {"type": "Feature", "geometry": {"type": "Point", "coordinates": [-106.758055, 37.20227]}, "properties": {"species": "Fomitopsis schrenkii", "date": "2022-09-20", "location": "San Juan National Forest - Headquarters, Pagosa Springs, CO, US", "elevation": 2778.0, "land_cover_label": "Tree cover", "water_mask": false, "exclude_reason": "keep", "ndvi": null, "soil_moisture": null, "solar_exposure": null, "wind_exposure": null, "water_retention": null, "slope": null, "aspect": null, "num_identification_agreements": 1, "cluster": 0, "tavg": null, "tmin": 6.0, "tmax": 14.0, "prcp_d0": 0.0, "prcp_d1": 0.0, "prcp_d2": 0.0, "prcp_d3": 0.0, "prcp_d4": 0.0, "prcp_d5": 0.0, "prcp_d6": 0.0, "tmax_d0": 20.7, "tmax_d1": 17.7, "tmax_d2": 18.2, "tmax_d3": 17.0, "tmax_d4": 16.1, "tmax_d5": 14.0, "tmax_d6": 11.8, "tmin_d0": 7.0, "tmin_d1": 7.6, "tmin_d2": 7.2, "tmin_d3": 7.0, "tmin_d4": 5.9, "tmin_d5": 3.9, "tmin_d6": 6.3, "day_of_year": 263, "uuid": "89eac9d4-be1b-4ba8-bbf4-f0cbf4352113", "inat_id": 135865607}}, {"type": "Feature", "geometry": {"type": "Point", "coordinates": [-107.715597332, 38.9883921279]}, "properties": {"species": "Fomitopsis schrenkii", "date": "2022-09-30", "location": "Grand Mesa Uncompahgre and Gunnison National Forests, Hotchkiss, CO, US", "elevation": 2812.0, "land_cover_label": "Tree cover", "water_mask": false, "exclude_reason": "keep", "ndvi": null, "soil_moisture": null, "solar_exposure": null, "wind_exposure": null, "water_retention": null, "slope": null, "aspect": null, "num_identification_agreements": 1, "cluster": 0, "tavg": null, "tmin": 12.4, "tmax": 18.6, "prcp_d0": 7.782021999359131, "prcp_d1": 0.0, "prcp_d2": 0.0, "prcp_d3": 0.0, "prcp_d4": 0.0, "prcp_d5": 0.0, "prcp_d6": 0.0, "tmax_d0": 13.9, "tmax_d1": 15.6, "tmax_d2": 16.0, "tmax_d3": 16.2, "tmax_d4": 18.0, "tmax_d5": 17.2, "tmax_d6": 15.8, "tmin_d0": 6.6, "tmin_d1": 7.0, "tmin_d2": 7.6, "tmin_d3": 7.9, "tmin_d4": 7.6, "tmin_d5": 6.2, "tmin_d6": 5.3, "day_of_year": 273, "uuid": "9f05de7d-c8a1-4f1b-96a8-e4de10478b6a", "inat_id": 137088164}}, {"type": "Feature", "geometry": {"type": "Point", "coordinates": [-105.5704803025, 38.0800697969]}, "properties": {"species": "Fomitopsis schrenkii", "date": "2022-11-25", "location": "Fox Creek Dr, Coaldale, CO, US", "elevation": 2837.0, "land_cover_label": "Tree cover", "water_mask": false, "exclude_reason": "keep", "ndvi": null, "soil_moisture": null, "solar_exposure": null, "wind_exposure": null, "water_retention": null, "slope": null, "aspect": null, "num_identification_agreements": 1, "cluster": 0, "tavg": null, "tmin": null, "tmax": null, "prcp_d0": 0.0, "prcp_d1": 8.64053726196289, "prcp_d2": 0.0, "prcp_d3": 0.0, "prcp_d4": 0.0, "prcp_d5": 0.0, "prcp_d6": 0.0, "tmax_d0": 2.5, "tmax_d1": -4.0, "tmax_d2": 1.1, "tmax_d3": 4.6, "tmax_d4": 5.8, "tmax_d5": 2.6, "tmax_d6": -2.7, "tmin_d0": -13.8, "tmin_d1": -8.8, "tmin_d2": -11.7, "tmin_d3": -11.8, "tmin_d4": -12.5, "tmin_d5": -15.8, "tmin_d6": -18.0, "day_of_year": 329, "uuid": "34abd430-eed2-47c4-aadd-201d5f8ff529", "inat_id": 142866339}}, {"type": "Feature", "geometry": {"type": "Point", "coordinates": [-105.0912205275, 38.0502330141]}, "properties": {"species": "Fomitopsis schrenkii", "date": "2023-05-20", "location": "Colorado, US", "elevation": 2728.0, "land_cover_label": "Grassland", "water_mask": false, "exclude_reason": "keep", "ndvi": null, "soil_moisture": null, "solar_exposure": null, "wind_exposure": null, "water_retention": null, "slope": null, "aspect": null, "num_identification_agreements": 1, "cluster": 0, "tavg": null, "tmin": 9.0, "tmax": 19.2, "prcp_d0": 0.0, "prcp_d1": 0.0, "prcp_d2": 6.882189750671387, "prcp_d3": 0.0, "prcp_d4": 0.0, "prcp_d5": 0.0, "prcp_d6": 0.0, "tmax_d0": 10.7, "tmax_d1": 7.9, "tmax_d2": 12.7, "tmax_d3": 13.7, "tmax_d4": 14.7, "tmax_d5": 9.5, "tmax_d6": 8.2, "tmin_d0": 2.3, "tmin_d1": 3.2, "tmin_d2": 3.9, "tmin_d3": 4.5, "tmin_d4": 3.2, "tmin_d5": 3.9, "tmin_d6": 2.8, "day_of_year": 140, "uuid": "7704afcf-f755-4747-89d6-9eca2cd14e57", "inat_id": 162760902}}, {"type": "Feature", "geometry": {"type": "Point", "coordinates": [-107.6635555556, 38.0229444444]}, "properties": {"species": "Fomitopsis schrenkii", "date": "2023-05-27", "location": "Ouray, CO 81427, USA", "elevation": 2545.0, "land_cover_label": "Tree cover", "water_mask": false, "exclude_reason": "keep", "ndvi": null, "soil_moisture": null, "solar_exposure": null, "wind_exposure": null, "water_retention": null, "slope": null, "aspect": null, "num_identification_agreements": 1, "cluster": 0, "tavg": null, "tmin": 3.9, "tmax": 16.0, "prcp_d0": 0.0, "prcp_d1": 0.0, "prcp_d2": 0.0, "prcp_d3": 0.0, "prcp_d4": 0.0, "prcp_d5": 0.0, "prcp_d6": 0.0, "tmax_d0": 15.9, "tmax_d1": 16.2, "tmax_d2": 15.9, "tmax_d3": 14.7, "tmax_d4": 13.9, "tmax_d5": 12.4, "tmax_d6": 11.9, "tmin_d0": 2.8, "tmin_d1": 1.9, "tmin_d2": 2.0, "tmin_d3": 2.3, "tmin_d4": 2.1, "tmin_d5": 4.4, "tmin_d6": 1.4, "day_of_year": 147, "uuid": "d9d99e74-4a3b-4f9f-83a8-1a1efe520eba", "inat_id": 164824214}}, {"type": "Feature", "geometry": {"type": "Point", "coordinates": [-106.7188724341, 36.0996377076]}, "properties": {"species": "Fomitopsis schrenkii", "date": "2023-06-17", "location": "Rio Arriba County, NM, USA", "elevation": 2511.0, "land_cover_label": "Tree cover", "water_mask": false, "exclude_reason": "keep", "ndvi": null, "soil_moisture": null, "solar_exposure": null, "wind_exposure": null, "water_retention": null, "slope": null, "aspect": null, "num_identification_agreements": 1, "cluster": 0, "tavg": null, "tmin": 13.2, "tmax": 23.2, "prcp_d0": 0.0, "prcp_d1": 0.0, "prcp_d2": 0.0, "prcp_d3": 0.0, "prcp_d4": 0.0, "prcp_d5": 0.0, "prcp_d6": 0.0, "tmax_d0": 18.9, "tmax_d1": 20.5, "tmax_d2": 20.5, "tmax_d3": 20.2, "tmax_d4": 17.1, "tmax_d5": 20.2, "tmax_d6": 20.9, "tmin_d0": 6.2, "tmin_d1": 6.0, "tmin_d2": 4.5, "tmin_d3": 4.6, "tmin_d4": 5.3, "tmin_d5": 6.7, "tmin_d6": 7.6, "day_of_year": 168, "uuid": "92b3393c-0151-4d38-9463-29b459e1fac8", "inat_id": 171827812}}, {"type": "Feature", "geometry": {"type": "Point", "coordinates": [-105.618792487, 35.8403526856]}, "properties": {"species": "Fomitopsis schrenkii", "date": "2023-06-25", "location": "San Miguel County, US-NM, US", "elevation": 2871.0, "land_cover_label": "Tree cover", "water_mask": false, "exclude_reason": "keep", "ndvi": null, "soil_moisture": null, "solar_exposure": null, "wind_exposure": null, "water_retention": null, "slope": null, "aspect": null, "num_identification_agreements": 1, "cluster": 0, "tavg": null, "tmin": 10.6, "tmax": 31.7, "prcp_d0": 0.0, "prcp_d1": 0.0, "prcp_d2": 0.0, "prcp_d3": 0.0, "prcp_d4": 0.0, "prcp_d5": 0.0, "prcp_d6": 0.0, "tmax_d0": 22.6, "tmax_d1": 21.5, "tmax_d2": 21.7, "tmax_d3": 22.1, "tmax_d4": 21.5, "tmax_d5": 22.1, "tmax_d6": 20.6, "tmin_d0": 7.5, "tmin_d1": 6.2, "tmin_d2": 7.2, "tmin_d3": 6.6, "tmin_d4": 6.4, "tmin_d5": 9.9, "tmin_d6": 7.8, "day_of_year": 176, "uuid": "4c968997-c01a-443f-a8e2-4c7056a9a826", "inat_id": 169487584}}, {"type": "Feature", "geometry": {"type": "Point", "coordinates": [-105.1116028333, 36.5113633333]}, "properties": {"species": "Fomitopsis schrenkii", "date": "2023-06-25", "location": "Cimarron, NM, US", "elevation": 2914.0, "land_cover_label": "Tree cover", "water_mask": false, "exclude_reason": "keep", "ndvi": null, "soil_moisture": null, "solar_exposure": null, "wind_exposure": null, "water_retention": null, "slope": null, "aspect": null, "num_identification_agreements": 1, "cluster": 0, "tavg": null, "tmin": -4.5, "tmax": 25.9, "prcp_d0": 0.0, "prcp_d1": 0.0, "prcp_d2": 0.0, "prcp_d3": 0.0, "prcp_d4": 0.0, "prcp_d5": 0.0, "prcp_d6": 0.0, "tmax_d0": 22.5, "tmax_d1": 21.1, "tmax_d2": 21.5, "tmax_d3": 20.7, "tmax_d4": 21.5, "tmax_d5": 19.9, "tmax_d6": 20.5, "tmin_d0": 3.6, "tmin_d1": 5.1, "tmin_d2": 7.4, "tmin_d3": 7.6, "tmin_d4": 7.8, "tmin_d5": 10.8, "tmin_d6": 9.8, "day_of_year": 176, "uuid": "4fa75a69-7a27-4dd7-afaa-e0851e232321", "inat_id": 169445083}}, {"type": "Feature", "geometry": {"type": "Point", "coordinates": [-106.576775, 35.8270216667]}, "properties": {"species": "Fomitopsis schrenkii", "date": "2023-06-26", "location": "Santa Fe National Forest, Jemez Springs, NM, US", "elevation": 2506.0, "land_cover_label": "Tree cover", "water_mask": false, "exclude_reason": "keep", "ndvi": null, "soil_moisture": null, "solar_exposure": null, "wind_exposure": null, "water_retention": null, "slope": null, "aspect": null, "num_identification_agreements": 1, "cluster": 0, "tavg": null, "tmin": 20.6, "tmax": 30.9, "prcp_d0": 0.0, "prcp_d1": 0.0, "prcp_d2": 0.0, "prcp_d3": 0.0, "prcp_d4": 0.0, "prcp_d5": 0.0, "prcp_d6": 0.0, "tmax_d0": 26.4, "tmax_d1": 25.6, "tmax_d2": 23.9, "tmax_d3": 25.2, "tmax_d4": 24.9, "tmax_d5": 25.5, "tmax_d6": 23.4, "tmin_d0": 10.6, "tmin_d1": 9.7, "tmin_d2": 6.7, "tmin_d3": 10.6, "tmin_d4": 11.0, "tmin_d5": 8.3, "tmin_d6": 9.5, "day_of_year": 177, "uuid": "80c9e3c7-82d3-43fa-a314-8569be993f25", "inat_id": 250139081}}, {"type": "Feature", "geometry": {"type": "Point", "coordinates": [-107.2056194444, 37.4868361111]}, "properties": {"species": "Fomitopsis schrenkii", "date": "2023-07-03", "location": "Hinsdale County, CO, USA", "elevation": 2490.0, "land_cover_label": "Tree cover", "water_mask": false, "exclude_reason": "keep", "ndvi": null, "soil_moisture": null, "solar_exposure": null, "wind_exposure": null, "water_retention": null, "slope": null, "aspect": null, "num_identification_agreements": 2, "cluster": 0, "tavg": null, "tmin": 7.0, "tmax": 30.0, "prcp_d0": 0.0, "prcp_d1": 0.0, "prcp_d2": 0.0, "prcp_d3": 0.0, "prcp_d4": 0.0, "prcp_d5": 0.0, "prcp_d6": 0.0, "tmax_d0": 26.7, "tmax_d1": 25.0, "tmax_d2": 25.6, "tmax_d3": 23.2, "tmax_d4": 23.7, "tmax_d5": 24.6, "tmax_d6": 24.3, "tmin_d0": 6.0, "tmin_d1": 5.8, "tmin_d2": 5.3, "tmin_d3": 3.4, "tmin_d4": 8.7, "tmin_d5": 8.1, "tmin_d6": 8.1, "day_of_year": 184, "uuid": "971474a3-201b-40f7-bf78-02fb24026a91", "inat_id": 177745607}}, {"type": "Feature", "geometry": {"type": "Point", "coordinates": [-104.9719248917, 37.9182582699]}, "properties": {"species": "Fomitopsis schrenkii", "date": "2023-07-07", "location": "Pueblo County, CO, USA", "elevation": 2339.0, "land_cover_label": "Tree cover", "water_mask": false, "exclude_reason": "keep", "ndvi": null, "soil_moisture": null, "solar_exposure": null, "wind_exposure": null, "water_retention": null, "slope": null, "aspect": null, "num_identification_agreements": 1, "cluster": 0, "tavg": null, "tmin": 14.4, "tmax": 27.1, "prcp_d0": 0.0, "prcp_d1": 0.0, "prcp_d2": 0.0, "prcp_d3": 0.0, "prcp_d4": 0.0, "prcp_d5": 0.0, "prcp_d6": 0.0, "tmax_d0": 25.3, "tmax_d1": 23.2, "tmax_d2": 22.3, "tmax_d3": 28.3, "tmax_d4": 27.3, "tmax_d5": 25.3, "tmax_d6": 21.7, "tmin_d0": 11.6, "tmin_d1": 12.0, "tmin_d2": 11.4, "tmin_d3": 13.5, "tmin_d4": 12.9, "tmin_d5": 11.6, "tmin_d6": 9.2, "day_of_year": 188, "uuid": "01a0b95f-8e9f-45df-be58-b28eeba5b558", "inat_id": 171691356}}, {"type": "Feature", "geometry": {"type": "Point", "coordinates": [-103.5347883333, 43.6795083333]}, "properties": {"species": "Fomitopsis schrenkii", "date": "2023-07-11", "location": "Black Hills National Forest, Custer, SD, US", "elevation": 1642.0, "land_cover_label": "Tree cover", "water_mask": false, "exclude_reason": "keep", "ndvi": null, "soil_moisture": null, "solar_exposure": null, "wind_exposure": null, "water_retention": null, "slope": null, "aspect": null, "num_identification_agreements": 1, "cluster": 0, "tavg": null, "tmin": 14.4, "tmax": 25.0, "prcp_d0": 0.0, "prcp_d1": 0.0, "prcp_d2": 0.0, "prcp_d3": 0.0, "prcp_d4": 8.47336483001709, "prcp_d5": 0.0, "prcp_d6": 0.0, "tmax_d0": 27.0, "tmax_d1": 27.6, "tmax_d2": 23.9, "tmax_d3": 18.5, "tmax_d4": 19.4, "tmax_d5": 19.7, "tmax_d6": 14.0, "tmin_d0": 15.2, "tmin_d1": 11.6, "tmin_d2": 9.4, "tmin_d3": 8.9, "tmin_d4": 9.9, "tmin_d5": 7.4, "tmin_d6": 7.5, "day_of_year": 192, "uuid": "eed2bc0b-f4c5-4a39-a940-5a0121c4107a", "inat_id": 270374350}}, {"type": "Feature", "geometry": {"type": "Point", "coordinates": [-105.0486627594, 39.1305325438]}, "properties": {"species": "Fomitopsis schrenkii", "date": "2023-07-14", "location": "Colorado Springs", "elevation": 2546.0, "land_cover_label": "Tree cover", "water_mask": false, "exclude_reason": "keep", "ndvi": null, "soil_moisture": 0.2490252575949328, "solar_exposure": 0.7725979089736938, "wind_exposure": 0.3343253433704376, "water_retention": 0.2825075685977936, "slope": 16.744129180908203, "aspect": 278.2986755371094, "num_identification_agreements": 1, "cluster": 0, "tavg": null, "tmin": 13.7, "tmax": 26.8, "prcp_d0": 0.0, "prcp_d1": 0.0, "prcp_d2": 0.0, "prcp_d3": 0.0, "prcp_d4": 0.0, "prcp_d5": 0.0, "prcp_d6": 0.0, "tmax_d0": 22.5, "tmax_d1": 25.5, "tmax_d2": 27.5, "tmax_d3": 28.4, "tmax_d4": 25.5, "tmax_d5": 23.0, "tmax_d6": 22.7, "tmin_d0": 12.7, "tmin_d1": 12.5, "tmin_d2": 11.2, "tmin_d3": 11.1, "tmin_d4": 10.5, "tmin_d5": 9.7, "tmin_d6": 9.2, "day_of_year": 195, "uuid": "91ea1c1a-f73a-4f47-a029-75924e3e1359", "inat_id": 173780420}}, {"type": "Feature", "geometry": {"type": "Point", "coordinates": [-105.0471067429, 39.1733305642]}, "properties": {"species": "Fomitopsis schrenkii", "date": "2023-07-14", "location": "Woodland Park, CO 80863, USA", "elevation": 2631.0, "land_cover_label": "Tree cover", "water_mask": false, "exclude_reason": "keep", "ndvi": null, "soil_moisture": 0.2473373759023369, "solar_exposure": 0.6526059508323669, "wind_exposure": 0.487751692533493, "water_retention": 0.2960702180862427, "slope": 22.29657745361328, "aspect": 300.1986694335937, "num_identification_agreements": 1, "cluster": 0, "tavg": null, "tmin": 13.7, "tmax": 26.8, "prcp_d0": 0.0, "prcp_d1": 0.0, "prcp_d2": 0.0, "prcp_d3": 0.0, "prcp_d4": 0.0, "prcp_d5": 0.0, "prcp_d6": 0.0, "tmax_d0": 22.6, "tmax_d1": 25.6, "tmax_d2": 27.6, "tmax_d3": 28.5, "tmax_d4": 25.6, "tmax_d5": 23.1, "tmax_d6": 22.8, "tmin_d0": 12.8, "tmin_d1": 12.6, "tmin_d2": 11.3, "tmin_d3": 11.2, "tmin_d4": 10.6, "tmin_d5": 9.8, "tmin_d6": 9.3, "day_of_year": 195, "uuid": "cbc26a0d-0c2e-4bfa-834b-74eb55e6e263", "inat_id": 173781119}}, {"type": "Feature", "geometry": {"type": "Point", "coordinates": [-105.0313212723, 39.0633533083]}, "properties": {"species": "Fomitopsis schrenkii", "date": "2023-07-15", "location": "Woodland Park, CO 80863, USA", "elevation": 2764.0, "land_cover_label": "Tree cover", "water_mask": false, "exclude_reason": "keep", "ndvi": null, "soil_moisture": 0.2645162155258531, "solar_exposure": 0.7464984655380249, "wind_exposure": 0.3877514004707336, "water_retention": 0.3055757880210876, "slope": 12.061830520629885, "aspect": 303.9750366210937, "num_identification_agreements": 1, "cluster": 0, "tavg": null, "tmin": 11.1, "tmax": 25.0, "prcp_d0": 0.0, "prcp_d1": 0.0, "prcp_d2": 0.0, "prcp_d3": 0.0, "prcp_d4": 0.0, "prcp_d5": 0.0, "prcp_d6": 0.0, "tmax_d0": 19.8, "tmax_d1": 22.0, "tmax_d2": 24.8, "tmax_d3": 26.9, "tmax_d4": 27.2, "tmax_d5": 25.0, "tmax_d6": 23.1, "tmin_d0": 9.8, "tmin_d1": 11.6, "tmin_d2": 11.9, "tmin_d3": 12.1, "tmin_d4": 11.2, "tmin_d5": 9.0, "tmin_d6": 9.3, "day_of_year": 196, "uuid": "8c694745-42fd-4211-826e-60ce8a4c94da", "inat_id": 173151026}}, {"type": "Feature", "geometry": {"type": "Point", "coordinates": [-105.264145, 39.4231]}, "properties": {"species": "Fomitopsis schrenkii", "date": "2023-07-21", "location": "Pine Grove, Conifer, CO, US", "elevation": 2335.0, "land_cover_label": "Tree cover", "water_mask": false, "exclude_reason": "keep", "ndvi": null, "soil_moisture": 0.4174371698394752, "solar_exposure": 0.9356955885887146, "wind_exposure": 0.3254906833171844, "water_retention": 0.1295211017131805, "slope": 17.911922454833984, "aspect": 142.11810302734375, "num_identification_agreements": 1, "cluster": 0, "tavg": null, "tmin": 12.8, "tmax": 27.2, "prcp_d0": 11.365604400634766, "prcp_d1": 4.70714282989502, "prcp_d2": 5.224853038787842, "prcp_d3": 0.0, "prcp_d4": 0.0, "prcp_d5": 0.0, "prcp_d6": 0.0, "tmax_d0": 24.1, "tmax_d1": 24.7, "tmax_d2": 26.5, "tmax_d3": 31.2, "tmax_d4": 32.1, "tmax_d5": 28.8, "tmax_d6": 22.7, "tmin_d0": 10.4, "tmin_d1": 11.4, "tmin_d2": 14.4, "tmin_d3": 12.1, "tmin_d4": 10.8, "tmin_d5": 9.3, "tmin_d6": 11.4, "day_of_year": 202, "uuid": "74a41ce7-2dec-4115-9a9a-a8f2c302d882", "inat_id": 174353543}}, {"type": "Feature", "geometry": {"type": "Point", "coordinates": [-103.8492133333, 44.2736466667]}, "properties": {"species": "Fomitopsis schrenkii", "date": "2023-07-25", "location": "Black Hills National Forest, Lead, SD, US", "elevation": 1702.0, "land_cover_label": "Tree cover", "water_mask": false, "exclude_reason": "keep", "ndvi": null, "soil_moisture": null, "solar_exposure": null, "wind_exposure": null, "water_retention": null, "slope": null, "aspect": null, "num_identification_agreements": 1, "cluster": 0, "tavg": null, "tmin": 20.0, "tmax": 32.0, "prcp_d0": 0.0, "prcp_d1": 0.0, "prcp_d2": 0.0, "prcp_d3": 0.0, "prcp_d4": 0.0, "prcp_d5": 0.0, "prcp_d6": 0.0, "tmax_d0": 28.4, "tmax_d1": 30.1, "tmax_d2": 30.3, "tmax_d3": 26.7, "tmax_d4": 23.4, "tmax_d5": 21.2, "tmax_d6": 23.2, "tmin_d0": 19.7, "tmin_d1": 17.7, "tmin_d2": 15.1, "tmin_d3": 12.4, "tmin_d4": 10.6, "tmin_d5": 11.3, "tmin_d6": 12.5, "day_of_year": 206, "uuid": "4bfd0531-9f4c-4088-b932-c928ea9b2fea", "inat_id": 175045054}}, {"type": "Feature", "geometry": {"type": "Point", "coordinates": [-103.2429666667, 44.0699666667]}, "properties": {"species": "Fomitopsis schrenkii", "date": "2023-07-28", "location": "Forest Dr, Rapid City, SD, US", "elevation": 1073.0, "land_cover_label": "Tree cover", "water_mask": false, "exclude_reason": "keep", "ndvi": null, "soil_moisture": null, "solar_exposure": null, "wind_exposure": null, "water_retention": null, "slope": null, "aspect": null, "num_identification_agreements": 1, "cluster": 0, "tavg": null, "tmin": 18.0, "tmax": 30.0, "prcp_d0": 0.0, "prcp_d1": 0.0, "prcp_d2": 0.0, "prcp_d3": 3.580355644226074, "prcp_d4": 0.0, "prcp_d5": 0.0, "prcp_d6": 0.0, "tmax_d0": 27.1, "tmax_d1": 32.2, "tmax_d2": 34.2, "tmax_d3": 34.2, "tmax_d4": 31.8, "tmax_d5": 33.5, "tmax_d6": 29.6, "tmin_d0": 16.7, "tmin_d1": 19.9, "tmin_d2": 17.6, "tmin_d3": 22.1, "tmin_d4": 19.5, "tmin_d5": 17.6, "tmin_d6": 15.4, "day_of_year": 209, "uuid": "2099d9af-b61d-4c97-84ff-5edbe7431b36", "inat_id": 175425896}}, {"type": "Feature", "geometry": {"type": "Point", "coordinates": [-103.5366583333, 43.8507083333]}, "properties": {"species": "Fomitopsis schrenkii", "date": "2023-07-29", "location": "Custer State Park, Custer, SD, US", "elevation": 2046.0, "land_cover_label": "Tree cover", "water_mask": false, "exclude_reason": "keep", "ndvi": null, "soil_moisture": null, "solar_exposure": null, "wind_exposure": null, "water_retention": null, "slope": null, "aspect": null, "num_identification_agreements": 1, "cluster": 0, "tavg": null, "tmin": 11.7, "tmax": 24.4, "prcp_d0": 0.0, "prcp_d1": 0.0, "prcp_d2": 0.0, "prcp_d3": 0.0, "prcp_d4": 6.589213848114014, "prcp_d5": 0.0, "prcp_d6": 0.0, "tmax_d0": 22.2, "tmax_d1": 23.5, "tmax_d2": 29.1, "tmax_d3": 27.3, "tmax_d4": 27.6, "tmax_d5": 27.6, "tmax_d6": 29.1, "tmin_d0": 9.5, "tmin_d1": 10.4, "tmin_d2": 15.6, "tmin_d3": 17.0, "tmin_d4": 17.2, "tmin_d5": 15.4, "tmin_d6": 15.2, "day_of_year": 210, "uuid": "b4798c13-b5f1-4963-8683-1a448ca1c3ec", "inat_id": 175634138}}, {"type": "Feature", "geometry": {"type": "Point", "coordinates": [-103.5316916667, 43.8524083333]}, "properties": {"species": "Fomitopsis schrenkii", "date": "2023-07-29", "location": "Custer State Park, Custer, SD, US", "elevation": 2000.0, "land_cover_label": "Tree cover", "water_mask": false, "exclude_reason": "keep", "ndvi": null, "soil_moisture": null, "solar_exposure": null, "wind_exposure": null, "water_retention": null, "slope": null, "aspect": null, "num_identification_agreements": 1, "cluster": 0, "tavg": null, "tmin": 11.7, "tmax": 24.4, "prcp_d0": 0.0, "prcp_d1": 0.0, "prcp_d2": 0.0, "prcp_d3": 0.0, "prcp_d4": 6.589213848114014, "prcp_d5": 0.0, "prcp_d6": 0.0, "tmax_d0": 22.4, "tmax_d1": 23.7, "tmax_d2": 29.3, "tmax_d3": 27.5, "tmax_d4": 27.8, "tmax_d5": 27.8, "tmax_d6": 29.3, "tmin_d0": 9.7, "tmin_d1": 10.6, "tmin_d2": 15.8, "tmin_d3": 17.2, "tmin_d4": 17.4, "tmin_d5": 15.6, "tmin_d6": 15.4, "day_of_year": 210, "uuid": "bdab08e8-1ad0-4739-9105-ff372cd4e3ad", "inat_id": 175635835}}, {"type": "Feature", "geometry": {"type": "Point", "coordinates": [-105.01648055, 38.0524583333]}, "properties": {"species": "Fomitopsis schrenkii", "date": "2023-07-29", "location": "Pike and San Isabel National Forests, Beulah, CO, US", "elevation": 2126.0, "land_cover_label": "Tree cover", "water_mask": false, "exclude_reason": "keep", "ndvi": null, "soil_moisture": null, "solar_exposure": null, "wind_exposure": null, "water_retention": null, "slope": null, "aspect": null, "num_identification_agreements": 1, "cluster": 0, "tavg": null, "tmin": 18.2, "tmax": 32.4, "prcp_d0": 0.0, "prcp_d1": 0.0, "prcp_d2": 0.0, "prcp_d3": 0.0, "prcp_d4": 27.304372787475582, "prcp_d5": 0.0, "prcp_d6": 0.0, "tmax_d0": 26.6, "tmax_d1": 26.8, "tmax_d2": 27.4, "tmax_d3": 28.8, "tmax_d4": 31.3, "tmax_d5": 31.2, "tmax_d6": 29.8, "tmin_d0": 16.4, "tmin_d1": 16.9, "tmin_d2": 16.1, "tmin_d3": 18.4, "tmin_d4": 17.5, "tmin_d5": 18.2, "tmin_d6": 15.0, "day_of_year": 210, "uuid": "65b7c127-a81a-4a0d-a381-53ade80abba2", "inat_id": 178711970}}, {"type": "Feature", "geometry": {"type": "Point", "coordinates": [-103.545805, 43.85267]}, "properties": {"species": "Fomitopsis schrenkii", "date": "2023-07-29", "location": "Custer State Park, Custer, SD, US", "elevation": 2005.0, "land_cover_label": "Tree cover", "water_mask": false, "exclude_reason": "keep", "ndvi": null, "soil_moisture": null, "solar_exposure": null, "wind_exposure": null, "water_retention": null, "slope": null, "aspect": null, "num_identification_agreements": 1, "cluster": 0, "tavg": null, "tmin": 11.7, "tmax": 24.4, "prcp_d0": 0.0, "prcp_d1": 0.0, "prcp_d2": 0.0, "prcp_d3": 0.0, "prcp_d4": 6.589213848114014, "prcp_d5": 0.0, "prcp_d6": 0.0, "tmax_d0": 22.6, "tmax_d1": 23.9, "tmax_d2": 29.4, "tmax_d3": 27.6, "tmax_d4": 28.0, "tmax_d5": 27.9, "tmax_d6": 29.5, "tmin_d0": 9.8, "tmin_d1": 10.8, "tmin_d2": 16.0, "tmin_d3": 17.4, "tmin_d4": 17.6, "tmin_d5": 15.8, "tmin_d6": 15.6, "day_of_year": 210, "uuid": "38a15485-6513-4061-9750-6c8cc870ed5e", "inat_id": 175658526}}, {"type": "Feature", "geometry": {"type": "Point", "coordinates": [-105.366005, 39.8470166667]}, "properties": {"species": "Fomitopsis schrenkii", "date": "2023-08-06", "location": "Golden Gate Canyon State Park, Golden, CO, US", "elevation": 2372.0, "land_cover_label": "Tree cover", "water_mask": false, "exclude_reason": "keep", "ndvi": null, "soil_moisture": 0.3636716822724559, "solar_exposure": 0.7244883179664612, "wind_exposure": 0.2399963289499282, "water_retention": 0.3408471345901489, "slope": 9.584607124328612, "aspect": 4.815816879272461, "num_identification_agreements": 1, "cluster": 2, "tavg": null, "tmin": 15.0, "tmax": 19.0, "prcp_d0": 0.0, "prcp_d1": 0.0, "prcp_d2": 0.0, "prcp_d3": 0.0, "prcp_d4": 10.046954154968262, "prcp_d5": 40.18781661987305, "prcp_d6": 0.0, "tmax_d0": 19.5, "tmax_d1": 23.1, "tmax_d2": 24.7, "tmax_d3": 21.3, "tmax_d4": 21.9, "tmax_d5": 22.2, "tmax_d6": 24.7, "tmin_d0": 8.0, "tmin_d1": 9.0, "tmin_d2": 9.4, "tmin_d3": 10.4, "tmin_d4": 12.2, "tmin_d5": 12.1, "tmin_d6": 15.0, "day_of_year": 218, "uuid": "0189344c-b25e-4ada-80cf-f21c95190056", "inat_id": 177162060}}, {"type": "Feature", "geometry": {"type": "Point", "coordinates": [-105.2795116667, 36.3737333333]}, "properties": {"species": "Fomitopsis schrenkii", "date": "2023-08-08", "location": "Angel Fire, NM, US", "elevation": 2685.0, "land_cover_label": "Tree cover", "water_mask": false, "exclude_reason": "keep", "ndvi": null, "soil_moisture": null, "solar_exposure": null, "wind_exposure": null, "water_retention": null, "slope": null, "aspect": null, "num_identification_agreements": 1, "cluster": 0, "tavg": null, "tmin": 4.1, "tmax": 20.8, "prcp_d0": 0.0, "prcp_d1": 0.0, "prcp_d2": 0.0, "prcp_d3": 0.0, "prcp_d4": 0.0, "prcp_d5": 0.0, "prcp_d6": 0.0, "tmax_d0": 23.2, "tmax_d1": 23.7, "tmax_d2": 25.5, "tmax_d3": 25.4, "tmax_d4": 24.7, "tmax_d5": 23.5, "tmax_d6": 24.6, "tmin_d0": 10.3, "tmin_d1": 7.0, "tmin_d2": 6.8, "tmin_d3": 9.9, "tmin_d4": 8.6, "tmin_d5": 10.8, "tmin_d6": 10.8, "day_of_year": 220, "uuid": "919af511-f1ff-4221-b651-edaf1e23798c", "inat_id": 177429829}}, {"type": "Feature", "geometry": {"type": "Point", "coordinates": [-105.0447005385, 39.2351280737]}, "properties": {"species": "Fomitopsis schrenkii", "date": "2023-08-12", "location": "Colorado, US", "elevation": 2640.0, "land_cover_label": "Tree cover", "water_mask": false, "exclude_reason": "keep", "ndvi": null, "soil_moisture": 0.2251744135799458, "solar_exposure": 0.7737492918968201, "wind_exposure": 0.3553031682968139, "water_retention": 0.1542314738035202, "slope": 12.628425598144531, "aspect": 71.64248657226562, "num_identification_agreements": 1, "cluster": 0, "tavg": null, "tmin": 15.0, "tmax": 22.0, "prcp_d0": 0.0, "prcp_d1": 0.0, "prcp_d2": 0.0, "prcp_d3": 0.0, "prcp_d4": 0.0, "prcp_d5": 0.0, "prcp_d6": 0.0, "tmax_d0": 22.4, "tmax_d1": 24.3, "tmax_d2": 24.0, "tmax_d3": 23.2, "tmax_d4": 24.4, "tmax_d5": 24.0, "tmax_d6": 18.8, "tmin_d0": 13.3, "tmin_d1": 11.5, "tmin_d2": 10.5, "tmin_d3": 8.4, "tmin_d4": 10.5, "tmin_d5": 10.1, "tmin_d6": 9.8, "day_of_year": 224, "uuid": "19111d37-cfd5-4465-a4e7-5c125b035cae", "inat_id": 184750009}}, {"type": "Feature", "geometry": {"type": "Point", "coordinates": [-105.5845416667, 39.9850083333]}, "properties": {"species": "Fomitopsis schrenkii", "date": "2023-08-13", "location": "Nederland, CO, US", "elevation": 3031.0, "land_cover_label": "Tree cover", "water_mask": false, "exclude_reason": "keep", "ndvi": null, "soil_moisture": 0.2907023725656556, "solar_exposure": 0.7958216071128845, "wind_exposure": 0.2643893659114837, "water_retention": 0.4529120624065399, "slope": 7.303652286529541, "aspect": 62.23477935791016, "num_identification_agreements": 1, "cluster": 3, "tavg": null, "tmin": 2.8, "tmax": 13.4, "prcp_d0": 0.0, "prcp_d1": 0.0, "prcp_d2": 0.0, "prcp_d3": 0.0, "prcp_d4": 0.0, "prcp_d5": 0.0, "prcp_d6": 7.362748622894287, "tmax_d0": 14.8, "tmax_d1": 17.4, "tmax_d2": 18.5, "tmax_d3": 17.3, "tmax_d4": 18.1, "tmax_d5": 17.7, "tmax_d6": 14.1, "tmin_d0": 5.3, "tmin_d1": 7.8, "tmin_d2": 5.3, "tmin_d3": 6.0, "tmin_d4": 1.4, "tmin_d5": 3.5, "tmin_d6": 2.9, "day_of_year": 225, "uuid": "437fe024-79d4-4814-a279-20fdbaf447bf", "inat_id": 178443217}}, {"type": "Feature", "geometry": {"type": "Point", "coordinates": [-108.2899466667, 37.6538916667]}, "properties": {"species": "Fomitopsis schrenkii", "date": "2023-08-14", "location": "San Juan National Forest - Headquarters, Dolores, CO, US", "elevation": 2360.0, "land_cover_label": "Tree cover", "water_mask": false, "exclude_reason": "keep", "ndvi": null, "soil_moisture": null, "solar_exposure": null, "wind_exposure": null, "water_retention": null, "slope": null, "aspect": null, "num_identification_agreements": 3, "cluster": 0, "tavg": null, "tmin": 13.0, "tmax": 21.0, "prcp_d0": 0.0, "prcp_d1": 0.0, "prcp_d2": 0.0, "prcp_d3": 0.0, "prcp_d4": 0.0, "prcp_d5": 0.0, "prcp_d6": 0.0, "tmax_d0": 22.9, "tmax_d1": 25.3, "tmax_d2": 23.6, "tmax_d3": 25.7, "tmax_d4": 25.2, "tmax_d5": 26.4, "tmax_d6": 25.7, "tmin_d0": 10.5, "tmin_d1": 7.4, "tmin_d2": 11.7, "tmin_d3": 9.2, "tmin_d4": 10.0, "tmin_d5": 5.7, "tmin_d6": 12.2, "day_of_year": 226, "uuid": "1e0902ce-6f12-469e-a5ec-a466e2c468d5", "inat_id": 178441118}}, {"type": "Feature", "geometry": {"type": "Point", "coordinates": [-104.9155203117, 38.7366273399]}, "properties": {"species": "Fomitopsis schrenkii", "date": "2023-08-14", "location": "El Paso County, US-CO, US", "elevation": 2794.0, "land_cover_label": "Tree cover", "water_mask": false, "exclude_reason": "keep", "ndvi": null, "soil_moisture": null, "solar_exposure": null, "wind_exposure": null, "water_retention": null, "slope": null, "aspect": null, "num_identification_agreements": 2, "cluster": 0, "tavg": null, "tmin": 13.0, "tmax": 22.0, "prcp_d0": 0.0, "prcp_d1": 0.0, "prcp_d2": 0.0, "prcp_d3": 0.0, "prcp_d4": 0.0, "prcp_d5": 0.0, "prcp_d6": 0.0, "tmax_d0": 15.1, "tmax_d1": 17.6, "tmax_d2": 18.7, "tmax_d3": 21.7, "tmax_d4": 21.0, "tmax_d5": 20.9, "tmax_d6": 22.5, "tmin_d0": 7.5, "tmin_d1": 9.8, "tmin_d2": 11.6, "tmin_d3": 11.0, "tmin_d4": 9.9, "tmin_d5": 9.4, "tmin_d6": 9.1, "day_of_year": 226, "uuid": "56c68246-cfd1-41a3-89a9-895aba813804", "inat_id": 178768857}}, {"type": "Feature", "geometry": {"type": "Point", "coordinates": [-105.3741138889, 39.5712305556]}, "properties": {"species": "Fomitopsis schrenkii", "date": "2023-08-16", "location": "Shadow Mountain, CO, USA", "elevation": 2489.0, "land_cover_label": "Tree cover", "water_mask": false, "exclude_reason": "keep", "ndvi": null, "soil_moisture": 0.2948133363130188, "solar_exposure": 0.8064495921134949, "wind_exposure": 0.2230436950922012, "water_retention": 0.2134152203798294, "slope": 10.552141189575195, "aspect": 81.62267303466797, "num_identification_agreements": 1, "cluster": 0, "tavg": null, "tmin": 6.0, "tmax": 15.4, "prcp_d0": 0.0, "prcp_d1": 0.0, "prcp_d2": 0.0, "prcp_d3": 0.0, "prcp_d4": 0.0, "prcp_d5": 0.0, "prcp_d6": 0.0, "tmax_d0": 26.3, "tmax_d1": 25.2, "tmax_d2": 19.6, "tmax_d3": 18.3, "tmax_d4": 22.3, "tmax_d5": 23.5, "tmax_d6": 23.3, "tmin_d0": 11.8, "tmin_d1": 6.3, "tmin_d2": 8.0, "tmin_d3": 12.0, "tmin_d4": 11.6, "tmin_d5": 9.6, "tmin_d6": 7.6, "day_of_year": 228, "uuid": "6c1b8cb0-3951-4cb9-bf1e-33cc282a1933", "inat_id": 178941656}}, {"type": "Feature", "geometry": {"type": "Point", "coordinates": [-107.8286219997, 37.8543368997]}, "properties": {"species": "Fomitopsis schrenkii", "date": "2023-08-17", "location": "Ophir, CO 81426, USA", "elevation": 2973.0, "land_cover_label": "Tree cover", "water_mask": false, "exclude_reason": "keep", "ndvi": null, "soil_moisture": null, "solar_exposure": null, "wind_exposure": null, "water_retention": null, "slope": null, "aspect": null, "num_identification_agreements": 2, "cluster": 0, "tavg": null, "tmin": 11.0, "tmax": 25.0, "prcp_d0": 0.0, "prcp_d1": 0.0, "prcp_d2": 0.0, "prcp_d3": 23.174840927124023, "prcp_d4": 0.0, "prcp_d5": 0.0, "prcp_d6": 0.0, "tmax_d0": 21.8, "tmax_d1": 21.2, "tmax_d2": 19.3, "tmax_d3": 18.5, "tmax_d4": 18.8, "tmax_d5": 17.9, "tmax_d6": 18.8, "tmin_d0": 5.8, "tmin_d1": 6.8, "tmin_d2": 6.1, "tmin_d3": 7.8, "tmin_d4": 6.9, "tmin_d5": 8.6, "tmin_d6": 6.3, "day_of_year": 229, "uuid": "f3af1e2b-2541-427f-bc79-7365b096156d", "inat_id": 179073991}}, {"type": "Feature", "geometry": {"type": "Point", "coordinates": [-105.47142, 40.4540633333]}, "properties": {"species": "Fomitopsis schrenkii", "date": "2023-08-18", "location": "Fox Creek Rd, Estes Park, CO, US", "elevation": 2334.0, "land_cover_label": "Tree cover", "water_mask": false, "exclude_reason": "keep", "ndvi": null, "soil_moisture": 0.316493247774104, "solar_exposure": 0.8541539907455444, "wind_exposure": 0.2074105590581894, "water_retention": 0.2056931108236313, "slope": 5.962473392486572, "aspect": 108.16909790039062, "num_identification_agreements": 1, "cluster": 0, "tavg": null, "tmin": 17.2, "tmax": 35.0, "prcp_d0": 10.680115699768066, "prcp_d1": 0.0, "prcp_d2": 0.0, "prcp_d3": 0.0, "prcp_d4": 0.0, "prcp_d5": 0.0, "prcp_d6": 0.0, "tmax_d0": 26.9, "tmax_d1": 25.2, "tmax_d2": 28.3, "tmax_d3": 24.3, "tmax_d4": 18.2, "tmax_d5": 22.5, "tmax_d6": 21.5, "tmin_d0": 14.2, "tmin_d1": 12.2, "tmin_d2": 11.4, "tmin_d3": 6.3, "tmin_d4": 7.7, "tmin_d5": 11.3, "tmin_d6": 12.1, "day_of_year": 230, "uuid": "e4dd4b4f-9356-4b99-a4bf-2418c78c05d9", "inat_id": 179556418}}, {"type": "Feature", "geometry": {"type": "Point", "coordinates": [-105.1020527597, 38.1362327318]}, "properties": {"species": "Fomitopsis schrenkii", "date": "2023-08-18", "location": "Colorado, US", "elevation": 2515.0, "land_cover_label": "Grassland", "water_mask": false, "exclude_reason": "keep", "ndvi": null, "soil_moisture": null, "solar_exposure": null, "wind_exposure": null, "water_retention": null, "slope": null, "aspect": null, "num_identification_agreements": 1, "cluster": 0, "tavg": null, "tmin": 18.8, "tmax": 35.9, "prcp_d0": 0.0, "prcp_d1": 0.0, "prcp_d2": 0.0, "prcp_d3": 0.0, "prcp_d4": 0.0, "prcp_d5": 0.0, "prcp_d6": 0.0, "tmax_d0": 26.7, "tmax_d1": 24.3, "tmax_d2": 26.4, "tmax_d3": 22.8, "tmax_d4": 17.6, "tmax_d5": 18.1, "tmax_d6": 20.5, "tmin_d0": 14.2, "tmin_d1": 15.0, "tmin_d2": 13.8, "tmin_d3": 10.8, "tmin_d4": 9.1, "tmin_d5": 12.1, "tmin_d6": 13.7, "day_of_year": 230, "uuid": "b312ce0a-9624-4d9e-b172-dfc118e634af", "inat_id": 179437313}}, {"type": "Feature", "geometry": {"type": "Point", "coordinates": [-106.174155, 39.5198133333]}, "properties": {"species": "Fomitopsis schrenkii", "date": "2023-08-19", "location": "White River National Forest, Silverthorne, CO, US", "elevation": 3432.0, "land_cover_label": "Tree cover", "water_mask": false, "exclude_reason": "keep", "ndvi": null, "soil_moisture": null, "solar_exposure": null, "wind_exposure": null, "water_retention": null, "slope": null, "aspect": null, "num_identification_agreements": 1, "cluster": 0, "tavg": null, "tmin": 12.0, "tmax": 22.0, "prcp_d0": 0.0, "prcp_d1": 0.0, "prcp_d2": 0.0, "prcp_d3": 0.0, "prcp_d4": 0.0, "prcp_d5": 0.0, "prcp_d6": 0.0, "tmax_d0": 19.2, "tmax_d1": 18.3, "tmax_d2": 19.9, "tmax_d3": 19.1, "tmax_d4": 19.8, "tmax_d5": 18.3, "tmax_d6": 15.8, "tmin_d0": 4.6, "tmin_d1": 5.8, "tmin_d2": 6.1, "tmin_d3": 5.5, "tmin_d4": 3.7, "tmin_d5": 3.4, "tmin_d6": 4.2, "day_of_year": 231, "uuid": "fe5212ed-4c35-4961-8c75-589c423167d2", "inat_id": 179248523}}, {"type": "Feature", "geometry": {"type": "Point", "coordinates": [-104.911111, 38.7473159722]}, "properties": {"species": "Fomitopsis schrenkii", "date": "2023-08-19", "location": "Colorado Springs, CO 80906, USA", "elevation": 2918.0, "land_cover_label": "Tree cover", "water_mask": false, "exclude_reason": "keep", "ndvi": null, "soil_moisture": null, "solar_exposure": null, "wind_exposure": null, "water_retention": null, "slope": null, "aspect": null, "num_identification_agreements": 1, "cluster": 0, "tavg": null, "tmin": 23.0, "tmax": 32.0, "prcp_d0": 0.0, "prcp_d1": 0.0, "prcp_d2": 7.879124164581299, "prcp_d3": 0.0, "prcp_d4": 0.0, "prcp_d5": 0.0, "prcp_d6": 0.0, "tmax_d0": 21.8, "tmax_d1": 21.9, "tmax_d2": 20.0, "tmax_d3": 22.4, "tmax_d4": 20.5, "tmax_d5": 15.1, "tmax_d6": 16.5, "tmin_d0": 12.5, "tmin_d1": 10.6, "tmin_d2": 13.8, "tmin_d3": 11.0, "tmin_d4": 7.8, "tmin_d5": 6.8, "tmin_d6": 9.3, "day_of_year": 231, "uuid": "5129d202-8f6a-4908-89f8-b6f7990c672e", "inat_id": 179222062}}, {"type": "Feature", "geometry": {"type": "Point", "coordinates": [-105.7709116667, 39.8919416667]}, "properties": {"species": "Fomitopsis schrenkii", "date": "2023-08-20", "location": "Serenity, Winter Park, CO, US", "elevation": 2834.0, "land_cover_label": "Tree cover", "water_mask": false, "exclude_reason": "keep", "ndvi": null, "soil_moisture": 0.2847484524247682, "solar_exposure": 0.7137924432754517, "wind_exposure": 0.2802260220050812, "water_retention": 0.3765308856964111, "slope": 12.162208557128906, "aspect": 36.299434661865234, "num_identification_agreements": 1, "cluster": 0, "tavg": null, "tmin": 1.9, "tmax": 18.0, "prcp_d0": 0.0, "prcp_d1": 0.0, "prcp_d2": 11.513323783874512, "prcp_d3": 0.0, "prcp_d4": 0.0, "prcp_d5": 0.0, "prcp_d6": 0.0, "tmax_d0": 26.2, "tmax_d1": 24.3, "tmax_d2": 22.2, "tmax_d3": 25.0, "tmax_d4": 23.5, "tmax_d5": 23.3, "tmax_d6": 22.1, "tmin_d0": 8.3, "tmin_d1": 7.4, "tmin_d2": 10.7, "tmin_d3": 8.3, "tmin_d4": 8.7, "tmin_d5": 4.8, "tmin_d6": 4.6, "day_of_year": 232, "uuid": "7490104c-4de3-4dbb-9f68-8d7cc377878f", "inat_id": 179573166}}, {"type": "Feature", "geometry": {"type": "Point", "coordinates": [-107.6645516289, 38.0233452218]}, "properties": {"species": "Fomitopsis schrenkii", "date": "2023-08-23", "location": "Grand Mesa Uncompahgre and Gunnison National Forests, Ouray, CO, US", "elevation": 2523.0, "land_cover_label": "Tree cover", "water_mask": false, "exclude_reason": "keep", "ndvi": null, "soil_moisture": null, "solar_exposure": null, "wind_exposure": null, "water_retention": null, "slope": null, "aspect": null, "num_identification_agreements": 1, "cluster": 0, "tavg": null, "tmin": 11.0, "tmax": 23.0, "prcp_d0": 0.0, "prcp_d1": 0.0, "prcp_d2": 0.0, "prcp_d3": 0.0, "prcp_d4": 0.0, "prcp_d5": 6.735970973968506, "prcp_d6": 6.735970973968506, "tmax_d0": 24.8, "tmax_d1": 24.8, "tmax_d2": 26.1, "tmax_d3": 26.6, "tmax_d4": 26.7, "tmax_d5": 24.7, "tmax_d6": 26.9, "tmin_d0": 11.7, "tmin_d1": 12.3, "tmin_d2": 12.2, "tmin_d3": 10.2, "tmin_d4": 10.1, "tmin_d5": 11.4, "tmin_d6": 9.5, "day_of_year": 235, "uuid": "6050d02b-fecb-430b-a511-324e3b6fb788", "inat_id": 179891688}}, {"type": "Feature", "geometry": {"type": "Point", "coordinates": [-106.17643, 39.70488]}, "properties": {"species": "Fomitopsis schrenkii", "date": "2023-08-26", "location": "White River National Forest, Silverthorne, CO, US", "elevation": 2994.0, "land_cover_label": "Tree cover", "water_mask": false, "exclude_reason": "keep", "ndvi": null, "soil_moisture": null, "solar_exposure": null, "wind_exposure": null, "water_retention": null, "slope": null, "aspect": null, "num_identification_agreements": 1, "cluster": 0, "tavg": null, "tmin": 8.0, "tmax": 18.0, "prcp_d0": 0.0, "prcp_d1": 0.0, "prcp_d2": 0.0, "prcp_d3": 0.0, "prcp_d4": 0.0, "prcp_d5": 0.0, "prcp_d6": 0.0, "tmax_d0": 18.1, "tmax_d1": 18.3, "tmax_d2": 20.1, "tmax_d3": 21.2, "tmax_d4": 21.4, "tmax_d5": 23.4, "tmax_d6": 24.2, "tmin_d0": 4.7, "tmin_d1": 6.6, "tmin_d2": 6.8, "tmin_d3": 3.9, "tmin_d4": 3.8, "tmin_d5": 3.3, "tmin_d6": 4.1, "day_of_year": 238, "uuid": "aeb313e8-b224-4002-9add-1aafcc3e380e", "inat_id": 180386171}}, {"type": "Feature", "geometry": {"type": "Point", "coordinates": [-105.0374353677, 38.0188528607]}, "properties": {"species": "Fomitopsis schrenkii", "date": "2023-08-26", "location": "Beulah Valley, CO, USA", "elevation": 2736.0, "land_cover_label": "Tree cover", "water_mask": false, "exclude_reason": "keep", "ndvi": null, "soil_moisture": null, "solar_exposure": null, "wind_exposure": null, "water_retention": null, "slope": null, "aspect": null, "num_identification_agreements": 1, "cluster": 0, "tavg": null, "tmin": 15.8, "tmax": 22.4, "prcp_d0": 0.0, "prcp_d1": 0.0, "prcp_d2": 0.0, "prcp_d3": 0.0, "prcp_d4": 0.0, "prcp_d5": 0.0, "prcp_d6": 0.0, "tmax_d0": 14.7, "tmax_d1": 21.6, "tmax_d2": 23.1, "tmax_d3": 23.9, "tmax_d4": 24.4, "tmax_d5": 24.9, "tmax_d6": 25.2, "tmin_d0": 9.5, "tmin_d1": 13.2, "tmin_d2": 13.4, "tmin_d3": 13.8, "tmin_d4": 13.7, "tmin_d5": 11.8, "tmin_d6": 12.8, "day_of_year": 238, "uuid": "4a0b43e6-98eb-4ae9-8108-f99d07538e3a", "inat_id": 180384399}}, {"type": "Feature", "geometry": {"type": "Point", "coordinates": [-105.758575, 39.8267366667]}, "properties": {"species": "Fomitopsis schrenkii", "date": "2023-08-26", "location": "US-40, Granby, CO, US", "elevation": 2999.0, "land_cover_label": "Tree cover", "water_mask": false, "exclude_reason": "keep", "ndvi": null, "soil_moisture": 0.4094129901157112, "solar_exposure": 0.7012251019477844, "wind_exposure": 0.2564340829849243, "water_retention": 0.5008540749549866, "slope": 21.930055618286133, "aspect": 288.0642395019531, "num_identification_agreements": 2, "cluster": 3, "tavg": null, "tmin": 2.6, "tmax": 12.6, "prcp_d0": 0.0, "prcp_d1": 22.510786056518555, "prcp_d2": 0.0, "prcp_d3": 0.0, "prcp_d4": 0.0, "prcp_d5": 0.0, "prcp_d6": 0.0, "tmax_d0": 17.1, "tmax_d1": 13.6, "tmax_d2": 19.9, "tmax_d3": 20.5, "tmax_d4": 23.1, "tmax_d5": 25.2, "tmax_d6": 24.1, "tmin_d0": 4.3, "tmin_d1": 7.1, "tmin_d2": 8.4, "tmin_d3": 7.0, "tmin_d4": 8.2, "tmin_d5": 5.0, "tmin_d6": 4.7, "day_of_year": 238, "uuid": "065dec2e-4b20-4333-b7a1-9c8323294433", "inat_id": 180341575}}, {"type": "Feature", "geometry": {"type": "Point", "coordinates": [-105.0999333333, 36.3865611111]}, "properties": {"species": "Fomitopsis schrenkii", "date": "2023-09-02", "location": "Colfax County, NM, USA", "elevation": 2620.0, "land_cover_label": "Tree cover", "water_mask": false, "exclude_reason": "keep", "ndvi": null, "soil_moisture": null, "solar_exposure": null, "wind_exposure": null, "water_retention": null, "slope": null, "aspect": null, "num_identification_agreements": 2, "cluster": 0, "tavg": null, "tmin": 1.0, "tmax": 25.1, "prcp_d0": 0.0, "prcp_d1": 0.0, "prcp_d2": 0.0, "prcp_d3": 0.0, "prcp_d4": 0.0, "prcp_d5": 0.0, "prcp_d6": 0.0, "tmax_d0": 24.2, "tmax_d1": 24.8, "tmax_d2": 25.8, "tmax_d3": 24.8, "tmax_d4": 19.2, "tmax_d5": 21.2, "tmax_d6": 22.7, "tmin_d0": 10.9, "tmin_d1": 11.4, "tmin_d2": 10.5, "tmin_d3": 5.7, "tmin_d4": 7.9, "tmin_d5": 8.7, "tmin_d6": 9.0, "day_of_year": 245, "uuid": "de0bd99a-e3d2-43ae-a4b1-6f9f16b458c0", "inat_id": 197960516}}, {"type": "Feature", "geometry": {"type": "Point", "coordinates": [-105.0997805556, 36.3865388889]}, "properties": {"species": "Fomitopsis schrenkii", "date": "2023-09-02", "location": "Colfax County, NM, USA", "elevation": 2620.0, "land_cover_label": "Tree cover", "water_mask": false, "exclude_reason": "keep", "ndvi": null, "soil_moisture": null, "solar_exposure": null, "wind_exposure": null, "water_retention": null, "slope": null, "aspect": null, "num_identification_agreements": 2, "cluster": 0, "tavg": null, "tmin": 1.0, "tmax": 25.1, "prcp_d0": 0.0, "prcp_d1": 0.0, "prcp_d2": 0.0, "prcp_d3": 0.0, "prcp_d4": 0.0, "prcp_d5": 0.0, "prcp_d6": 0.0, "tmax_d0": 24.2, "tmax_d1": 24.8, "tmax_d2": 25.8, "tmax_d3": 24.8, "tmax_d4": 19.2, "tmax_d5": 21.2, "tmax_d6": 22.7, "tmin_d0": 10.9, "tmin_d1": 11.4, "tmin_d2": 10.5, "tmin_d3": 5.7, "tmin_d4": 7.9, "tmin_d5": 8.7, "tmin_d6": 9.0, "day_of_year": 245, "uuid": "fd273a41-73b1-418b-9460-6ca653e9dfa4", "inat_id": 197960518}}, {"type": "Feature", "geometry": {"type": "Point", "coordinates": [-106.4882479819, 36.0215800303]}, "properties": {"species": "Fomitopsis schrenkii", "date": "2023-09-02", "location": "Santa Fe National Forest, Canones, NM, US", "elevation": 3040.0, "land_cover_label": "Tree cover", "water_mask": false, "exclude_reason": "keep", "ndvi": null, "soil_moisture": null, "solar_exposure": null, "wind_exposure": null, "water_retention": null, "slope": null, "aspect": null, "num_identification_agreements": 2, "cluster": 0, "tavg": null, "tmin": 17.4, "tmax": 28.6, "prcp_d0": 0.0, "prcp_d1": 0.0, "prcp_d2": 0.0, "prcp_d3": 0.0, "prcp_d4": 0.0, "prcp_d5": 0.0, "prcp_d6": 0.0, "tmax_d0": 20.9, "tmax_d1": 21.6, "tmax_d2": 22.3, "tmax_d3": 21.1, "tmax_d4": 19.5, "tmax_d5": 20.2, "tmax_d6": 19.6, "tmin_d0": 9.7, "tmin_d1": 10.5, "tmin_d2": 10.6, "tmin_d3": 7.7, "tmin_d4": 7.0, "tmin_d5": 9.6, "tmin_d6": 9.0, "day_of_year": 245, "uuid": "aabdca19-652c-43e4-87ad-c1068d441da4", "inat_id": 212900720}}, {"type": "Feature", "geometry": {"type": "Point", "coordinates": [-105.489868875, 39.9994324628]}, "properties": {"species": "Fomitopsis schrenkii", "date": "2023-09-02", "location": "Colorado, US", "elevation": 2573.0, "land_cover_label": "Grassland", "water_mask": false, "exclude_reason": "keep", "ndvi": null, "soil_moisture": 0.2725845650606877, "solar_exposure": 0.9267335534095764, "wind_exposure": 0.3215630948543548, "water_retention": 0.2006911784410476, "slope": 12.678701400756836, "aspect": 147.61366271972656, "num_identification_agreements": 1, "cluster": 0, "tavg": null, "tmin": 20.0, "tmax": 33.0, "prcp_d0": 0.0, "prcp_d1": 0.0, "prcp_d2": 0.0, "prcp_d3": 0.0, "prcp_d4": 0.0, "prcp_d5": 0.0, "prcp_d6": 0.0, "tmax_d0": 23.6, "tmax_d1": 24.9, "tmax_d2": 25.0, "tmax_d3": 25.0, "tmax_d4": 17.8, "tmax_d5": 15.7, "tmax_d6": 21.0, "tmin_d0": 9.9, "tmin_d1": 9.6, "tmin_d2": 8.3, "tmin_d3": 6.3, "tmin_d4": 6.7, "tmin_d5": 7.1, "tmin_d6": 7.3, "day_of_year": 245, "uuid": "37e8feeb-f938-4e55-9426-870ee50f8a9a", "inat_id": 181498369}}, {"type": "Feature", "geometry": {"type": "Point", "coordinates": [-106.7760654625, 40.5359303837]}, "properties": {"species": "Fomitopsis schrenkii", "date": "2023-09-10", "location": "Steamboat Springs, CO, US", "elevation": 2564.0, "land_cover_label": "Tree cover", "water_mask": false, "exclude_reason": "keep", "ndvi": null, "soil_moisture": null, "solar_exposure": null, "wind_exposure": null, "water_retention": null, "slope": null, "aspect": null, "num_identification_agreements": 1, "cluster": 0, "tavg": null, "tmin": 11.4, "tmax": 23.6, "prcp_d0": 0.0, "prcp_d1": 0.0, "prcp_d2": 0.0, "prcp_d3": 0.0, "prcp_d4": 0.0, "prcp_d5": 0.0, "prcp_d6": 0.0, "tmax_d0": 19.6, "tmax_d1": 21.1, "tmax_d2": 21.3, "tmax_d3": 19.8, "tmax_d4": 21.4, "tmax_d5": 17.2, "tmax_d6": 16.5, "tmin_d0": 8.6, "tmin_d1": 13.5, "tmin_d2": 11.4, "tmin_d3": 10.0, "tmin_d4": 10.3, "tmin_d5": 4.1, "tmin_d6": 10.0, "day_of_year": 253, "uuid": "a7129c6b-265a-4fcb-9d1c-2acf8b64db10", "inat_id": 182727172}}, {"type": "Feature", "geometry": {"type": "Point", "coordinates": [-107.5570673862, 38.1676175907]}, "properties": {"species": "Fomitopsis schrenkii", "date": "2023-09-15", "location": "Gunnison County, CO, USA", "elevation": 3018.0, "land_cover_label": "Tree cover", "water_mask": false, "exclude_reason": "keep", "ndvi": null, "soil_moisture": null, "solar_exposure": null, "wind_exposure": null, "water_retention": null, "slope": null, "aspect": null, "num_identification_agreements": 1, "cluster": 0, "tavg": null, "tmin": 5.0, "tmax": 11.0, "prcp_d0": 0.0, "prcp_d1": 0.0, "prcp_d2": 0.0, "prcp_d3": 0.0, "prcp_d4": 12.553862571716309, "prcp_d5": 0.0, "prcp_d6": 0.0, "tmax_d0": 10.0, "tmax_d1": 12.9, "tmax_d2": 12.9, "tmax_d3": 14.2, "tmax_d4": 15.3, "tmax_d5": 18.1, "tmax_d6": 20.0, "tmin_d0": 1.5, "tmin_d1": 2.3, "tmin_d2": 5.2, "tmin_d3": 4.5, "tmin_d4": 4.8, "tmin_d5": 8.4, "tmin_d6": 7.2, "day_of_year": 258, "uuid": "51598e46-96c1-44f7-9f69-027a58bb3c44", "inat_id": 242808093}}, {"type": "Feature", "geometry": {"type": "Point", "coordinates": [-105.363624, 39.5776559722]}, "properties": {"species": "Fomitopsis schrenkii", "date": "2023-09-16", "location": "Shadow Mountain, CO, USA", "elevation": 2425.0, "land_cover_label": "Tree cover", "water_mask": false, "exclude_reason": "keep", "ndvi": null, "soil_moisture": 0.3922447247951955, "solar_exposure": 0.6999343633651733, "wind_exposure": 0.3158762753009796, "water_retention": 0.337376594543457, "slope": 13.335274696350098, "aspect": 323.26904296875, "num_identification_agreements": 1, "cluster": 1, "tavg": null, "tmin": -6.1, "tmax": 10.0, "prcp_d0": 0.0, "prcp_d1": 26.73197364807129, "prcp_d2": 0.0, "prcp_d3": 0.0, "prcp_d4": 0.0, "prcp_d5": 0.0, "prcp_d6": 0.0, "tmax_d0": 16.7, "tmax_d1": 9.3, "tmax_d2": 15.7, "tmax_d3": 17.8, "tmax_d4": 15.3, "tmax_d5": 11.9, "tmax_d6": 19.5, "tmin_d0": -0.5, "tmin_d1": 5.8, "tmin_d2": 6.6, "tmin_d3": 4.7, "tmin_d4": 2.8, "tmin_d5": 7.4, "tmin_d6": 9.0, "day_of_year": 259, "uuid": "e971f22f-699c-4805-a275-283d46d6feea", "inat_id": 183628461}}, {"type": "Feature", "geometry": {"type": "Point", "coordinates": [-105.8529305562, 35.7563170047]}, "properties": {"species": "Fomitopsis schrenkii", "date": "2023-09-29", "location": "Santa Fe County, NM, USA", "elevation": 2461.0, "land_cover_label": "Tree cover", "water_mask": false, "exclude_reason": "keep", "ndvi": null, "soil_moisture": null, "solar_exposure": null, "wind_exposure": null, "water_retention": null, "slope": null, "aspect": null, "num_identification_agreements": 1, "cluster": 0, "tavg": null, "tmin": 8.3, "tmax": 27.8, "prcp_d0": 0.0, "prcp_d1": 0.0, "prcp_d2": 0.0, "prcp_d3": 0.0, "prcp_d4": 0.0, "prcp_d5": 0.0, "prcp_d6": 0.0, "tmax_d0": 22.7, "tmax_d1": 23.1, "tmax_d2": 22.5, "tmax_d3": 21.4, "tmax_d4": 21.3, "tmax_d5": 18.2, "tmax_d6": 21.1, "tmin_d0": 10.9, "tmin_d1": 11.2, "tmin_d2": 10.2, "tmin_d3": 9.2, "tmin_d4": 6.7, "tmin_d5": 8.8, "tmin_d6": 10.7, "day_of_year": 272, "uuid": "29d90be7-d444-4759-8305-5957cd6a6c90", "inat_id": 185817604}}, {"type": "Feature", "geometry": {"type": "Point", "coordinates": [-105.4655246791, 39.4248202568]}, "properties": {"species": "Fomitopsis schrenkii", "date": "2023-11-11", "location": "Bailey, CO, US", "elevation": 2554.0, "land_cover_label": "Tree cover", "water_mask": false, "exclude_reason": "keep", "ndvi": null, "soil_moisture": 0.2773831837531229, "solar_exposure": 0.8383755087852478, "wind_exposure": 0.415697306394577, "water_retention": 0.1869336813688278, "slope": 15.42361545562744, "aspect": 257.5013732910156, "num_identification_agreements": 1, "cluster": 0, "tavg": null, "tmin": -14.0, "tmax": -0.8, "prcp_d0": 0.0, "prcp_d1": 0.0, "prcp_d2": 0.0, "prcp_d3": 0.0, "prcp_d4": 0.0, "prcp_d5": 0.0, "prcp_d6": 0.0, "tmax_d0": 2.9, "tmax_d1": 0.4, "tmax_d2": -2.4, "tmax_d3": 11.0, "tmax_d4": 13.3, "tmax_d5": 14.3, "tmax_d6": 14.9, "tmin_d0": -12.2, "tmin_d1": -15.6, "tmin_d2": -14.3, "tmin_d3": -2.7, "tmin_d4": -2.4, "tmin_d5": -3.7, "tmin_d6": -2.7, "day_of_year": 315, "uuid": "e90868bb-0fe9-40ba-b43e-47bec1083a09", "inat_id": 190724217}}, {"type": "Feature", "geometry": {"type": "Point", "coordinates": [-105.0985220075, 39.3730041488]}, "properties": {"species": "Fomitopsis schrenkii", "date": "2024-04-07", "location": "Sedalia, CO 80135, USA", "elevation": 2306.0, "land_cover_label": "Tree cover", "water_mask": false, "exclude_reason": "keep", "ndvi": null, "soil_moisture": 0.3411257592244437, "solar_exposure": 0.864618718624115, "wind_exposure": 0.3948860466480255, "water_retention": 0.1931847184896469, "slope": 7.166247367858887, "aspect": 244.4240264892578, "num_identification_agreements": 1, "cluster": 0, "tavg": null, "tmin": 2.2, "tmax": 13.3, "prcp_d0": 0.0, "prcp_d1": 2.16532564163208, "prcp_d2": 6.061517238616943, "prcp_d3": 0.0, "prcp_d4": 0.0, "prcp_d5": 0.0, "prcp_d6": 0.0, "tmax_d0": 8.3, "tmax_d1": 14.0, "tmax_d2": 16.1, "tmax_d3": 16.7, "tmax_d4": 14.1, "tmax_d5": 8.2, "tmax_d6": 10.0, "tmin_d0": -3.1, "tmin_d1": 2.2, "tmin_d2": 2.4, "tmin_d3": -1.1, "tmin_d4": -1.7, "tmin_d5": -5.6, "tmin_d6": -4.1, "day_of_year": 98, "uuid": "a151f9ef-9a45-4d17-b04e-573c94422003", "inat_id": 206006363}}, {"type": "Feature", "geometry": {"type": "Point", "coordinates": [-105.0783916667, 39.36148]}, "properties": {"species": "Fomitopsis schrenkii", "date": "2024-05-01", "location": "Pike and San Isabel National Forests, Sedalia, CO, US", "elevation": 2387.0, "land_cover_label": "Tree cover", "water_mask": false, "exclude_reason": "keep", "ndvi": null, "soil_moisture": 0.3987025463436761, "solar_exposure": 0.8107498288154602, "wind_exposure": 0.3719103336334228, "water_retention": 0.2260978519916534, "slope": 4.412769794464111, "aspect": 55.757598876953125, "num_identification_agreements": 1, "cluster": 0, "tavg": null, "tmin": 7.2, "tmax": 20.0, "prcp_d0": 0.0, "prcp_d1": 0.0, "prcp_d2": 0.0, "prcp_d3": 0.0, "prcp_d4": 26.71686363220215, "prcp_d5": 10.686745643615724, "prcp_d6": 0.0, "tmax_d0": 17.3, "tmax_d1": 17.1, "tmax_d2": 14.4, "tmax_d3": 9.0, "tmax_d4": 6.4, "tmax_d5": 14.4, "tmax_d6": 18.7, "tmin_d0": 2.0, "tmin_d1": 2.0, "tmin_d2": -2.1, "tmin_d3": -5.1, "tmin_d4": -0.9, "tmin_d5": 4.3, "tmin_d6": 3.7, "day_of_year": 122, "uuid": "11226b94-ed85-41f5-8f92-cc872e9171ba", "inat_id": 215812463}}, {"type": "Feature", "geometry": {"type": "Point", "coordinates": [-105.2805633333, 39.6631431389]}, "properties": {"species": "Fomitopsis schrenkii", "date": "2024-05-11", "location": "Kerr Gulch, Golden, CO, USA", "elevation": 2053.0, "land_cover_label": "Tree cover", "water_mask": false, "exclude_reason": "keep", "ndvi": null, "soil_moisture": 0.3546906051736475, "solar_exposure": 0.7524845004081726, "wind_exposure": 0.2536451518535614, "water_retention": 0.1899070888757705, "slope": 7.519217491149902, "aspect": 350.7290954589844, "num_identification_agreements": 1, "cluster": 0, "tavg": null, "tmin": 5.0, "tmax": 17.0, "prcp_d0": 7.92030668258667, "prcp_d1": 0.0, "prcp_d2": 0.0, "prcp_d3": 0.0, "prcp_d4": 5.30690860748291, "prcp_d5": 0.0, "prcp_d6": 3.69437837600708, "tmax_d0": 14.4, "tmax_d1": 9.3, "tmax_d2": 7.8, "tmax_d3": 9.0, "tmax_d4": 10.4, "tmax_d5": 19.0, "tmax_d6": 20.5, "tmin_d0": -2.3, "tmin_d1": 1.8, "tmin_d2": 0.4, "tmin_d3": -2.3, "tmin_d4": 1.0, "tmin_d5": 3.9, "tmin_d6": 1.5, "day_of_year": 132, "uuid": "b5fd0739-2634-4460-b3dc-fee54f6833ad", "inat_id": 309030137}}, {"type": "Feature", "geometry": {"type": "Point", "coordinates": [-105.68875, 38.0164983333]}, "properties": {"species": "Fomitopsis schrenkii", "date": "2024-05-16", "location": "Saguache County, CO, USA", "elevation": 2602.0, "land_cover_label": "Tree cover", "water_mask": false, "exclude_reason": "keep", "ndvi": null, "soil_moisture": null, "solar_exposure": null, "wind_exposure": null, "water_retention": null, "slope": null, "aspect": null, "num_identification_agreements": 1, "cluster": 0, "tavg": null, "tmin": 5.0, "tmax": 17.0, "prcp_d0": 2.5549020767211914, "prcp_d1": 7.926554203033447, "prcp_d2": 7.926554203033447, "prcp_d3": 0.0, "prcp_d4": 0.0, "prcp_d5": 0.0, "prcp_d6": 5.056396484375, "tmax_d0": 11.9, "tmax_d1": 13.8, "tmax_d2": 14.6, "tmax_d3": 11.2, "tmax_d4": 7.2, "tmax_d5": 6.6, "tmax_d6": 6.4, "tmin_d0": 0.0, "tmin_d1": 3.0, "tmin_d2": 0.1, "tmin_d3": -3.1, "tmin_d4": -3.6, "tmin_d5": -2.1, "tmin_d6": -1.1, "day_of_year": 137, "uuid": "61122736-34c8-45f3-851d-810337060393", "inat_id": 217190574}}, {"type": "Feature", "geometry": {"type": "Point", "coordinates": [-106.85803868, 37.4769234]}, "properties": {"species": "Fomitopsis schrenkii", "date": "2024-05-18", "location": "Mineral County, CO, USA", "elevation": 2947.0, "land_cover_label": "Tree cover", "water_mask": false, "exclude_reason": "keep", "ndvi": null, "soil_moisture": null, "solar_exposure": null, "wind_exposure": null, "water_retention": null, "slope": null, "aspect": null, "num_identification_agreements": 1, "cluster": 0, "tavg": null, "tmin": 3.0, "tmax": 10.0, "prcp_d0": 0.5415410399436951, "prcp_d1": 1.5635639429092407, "prcp_d2": 5.229310512542725, "prcp_d3": 32.67562484741211, "prcp_d4": 0.0, "prcp_d5": 0.0, "prcp_d6": 0.0, "tmax_d0": 12.5, "tmax_d1": 11.5, "tmax_d2": 7.5, "tmax_d3": 9.6, "tmax_d4": 9.9, "tmax_d5": 11.3, "tmax_d6": 8.1, "tmin_d0": -3.0, "tmin_d1": -5.2, "tmin_d2": -3.3, "tmin_d3": -5.4, "tmin_d4": -5.5, "tmin_d5": -10.3, "tmin_d6": -10.2, "day_of_year": 139, "uuid": "946b6204-178c-4ae5-8017-f96018f2e768", "inat_id": 216601794}}, {"type": "Feature", "geometry": {"type": "Point", "coordinates": [-105.8446168098, 35.7489303335]}, "properties": {"species": "Fomitopsis schrenkii", "date": "2024-05-19", "location": "Santa Fe County, NM, USA", "elevation": 2730.0, "land_cover_label": "Tree cover", "water_mask": false, "exclude_reason": "keep", "ndvi": null, "soil_moisture": null, "solar_exposure": null, "wind_exposure": null, "water_retention": null, "slope": null, "aspect": null, "num_identification_agreements": 2, "cluster": 0, "tavg": null, "tmin": 11.1, "tmax": 27.8, "prcp_d0": 0.0815615877509117, "prcp_d1": 5.024000984121813e-07, "prcp_d2": 0.034615583717823, "prcp_d3": 8.219006538391113, "prcp_d4": 0.0, "prcp_d5": 0.0, "prcp_d6": 0.0, "tmax_d0": 16.3, "tmax_d1": 18.3, "tmax_d2": 15.9, "tmax_d3": 11.4, "tmax_d4": 14.4, "tmax_d5": 16.2, "tmax_d6": 14.6, "tmin_d0": 6.8, "tmin_d1": 4.5, "tmin_d2": 2.2, "tmin_d3": 2.1, "tmin_d4": 5.3, "tmin_d5": 3.4, "tmin_d6": 0.3, "day_of_year": 140, "uuid": "18b61451-55ac-488f-a113-818d2765c6f3", "inat_id": 218742923}}, {"type": "Feature", "geometry": {"type": "Point", "coordinates": [-105.2838363647, 36.3719482422]}, "properties": {"species": "Fomitopsis schrenkii", "date": "2024-05-26", "location": "Colfax County, US-NM, US", "elevation": 2591.0, "land_cover_label": "Grassland", "water_mask": false, "exclude_reason": "keep", "ndvi": null, "soil_moisture": null, "solar_exposure": null, "wind_exposure": null, "water_retention": null, "slope": null, "aspect": null, "num_identification_agreements": 2, "cluster": 0, "tavg": null, "tmin": 7.1, "tmax": 18.8, "prcp_d0": 0.0, "prcp_d1": 0.0, "prcp_d2": 0.0, "prcp_d3": 0.0, "prcp_d4": 0.0, "prcp_d5": 0.0, "prcp_d6": 1.3961683862362406e-06, "tmax_d0": 17.1, "tmax_d1": 16.3, "tmax_d2": 17.3, "tmax_d3": 17.0, "tmax_d4": 15.1, "tmax_d5": 15.1, "tmax_d6": 18.5, "tmin_d0": 4.7, "tmin_d1": 5.5, "tmin_d2": 5.2, "tmin_d3": 4.5, "tmin_d4": 1.2, "tmin_d5": 3.0, "tmin_d6": 5.0, "day_of_year": 147, "uuid": "1c198e3b-6395-46b2-942f-1bd0ba408143", "inat_id": 218503513}}, {"type": "Feature", "geometry": {"type": "Point", "coordinates": [-105.4497918114, 39.9792759007]}, "properties": {"species": "Fomitopsis schrenkii", "date": "2024-05-30", "location": "Nederland, CO 80466, USA", "elevation": 2476.0, "land_cover_label": "Tree cover", "water_mask": false, "exclude_reason": "keep", "ndvi": null, "soil_moisture": 0.27890356902966, "solar_exposure": 0.7326438426971436, "wind_exposure": 0.3617964386940002, "water_retention": 0.178033709526062, "slope": 8.945475578308105, "aspect": 0.0, "num_identification_agreements": 1, "cluster": 0, "tavg": null, "tmin": 12.0, "tmax": 26.0, "prcp_d0": 0.0, "prcp_d1": 0.0, "prcp_d2": 0.0, "prcp_d3": 0.0, "prcp_d4": 0.0, "prcp_d5": 0.0, "prcp_d6": 0.0, "tmax_d0": null, "tmax_d1": null, "tmax_d2": null, "tmax_d3": null, "tmax_d4": null, "tmax_d5": null, "tmax_d6": null, "tmin_d0": null, "tmin_d1": null, "tmin_d2": null, "tmin_d3": null, "tmin_d4": null, "tmin_d5": null, "tmin_d6": null, "day_of_year": 151, "uuid": "5eff78a7-5307-4ed3-8fb5-5c79a5f930b4", "inat_id": 344985599}}, {"type": "Feature", "geometry": {"type": "Point", "coordinates": [-105.6097686106, 36.0806574063]}, "properties": {"species": "Fomitopsis schrenkii", "date": "2024-06-03", "location": "Carson National Forest, Chamisal, NM, US", "elevation": 2745.0, "land_cover_label": "Tree cover", "water_mask": false, "exclude_reason": "keep", "ndvi": null, "soil_moisture": null, "solar_exposure": null, "wind_exposure": null, "water_retention": null, "slope": null, "aspect": null, "num_identification_agreements": 1, "cluster": 0, "tavg": null, "tmin": 3.9, "tmax": 28.9, "prcp_d0": 0.0, "prcp_d1": 0.0, "prcp_d2": 0.0, "prcp_d3": 0.0, "prcp_d4": 0.0, "prcp_d5": 0.0, "prcp_d6": 0.0, "tmax_d0": 20.1, "tmax_d1": 19.3, "tmax_d2": 20.2, "tmax_d3": 19.1, "tmax_d4": 19.0, "tmax_d5": 18.0, "tmax_d6": 19.4, "tmin_d0": 7.7, "tmin_d1": 10.1, "tmin_d2": 4.3, "tmin_d3": 4.6, "tmin_d4": 5.9, "tmin_d5": 4.3, "tmin_d6": 5.1, "day_of_year": 155, "uuid": "b4d8a657-3589-41a6-b0c1-c6d7af89895c", "inat_id": 220468724}}, {"type": "Feature", "geometry": {"type": "Point", "coordinates": [-105.4185484896, 39.7810791877]}, "properties": {"species": "Fomitopsis schrenkii", "date": "2024-06-03", "location": "Gilpin County, US-CO, US", "elevation": 2532.0, "land_cover_label": "Tree cover", "water_mask": false, "exclude_reason": "keep", "ndvi": null, "soil_moisture": 0.3007580399738882, "solar_exposure": 0.7875215411186218, "wind_exposure": 0.3449897170066833, "water_retention": 0.2846544682979584, "slope": 16.247474670410156, "aspect": 274.2725830078125, "num_identification_agreements": 1, "cluster": 0, "tavg": null, "tmin": 11.8, "tmax": 29.2, "prcp_d0": 0.0, "prcp_d1": 0.0, "prcp_d2": 0.0, "prcp_d3": 0.0, "prcp_d4": 0.0, "prcp_d5": 0.0, "prcp_d6": 0.0, "tmax_d0": 21.6, "tmax_d1": 22.2, "tmax_d2": 21.0, "tmax_d3": 15.5, "tmax_d4": 19.8, "tmax_d5": 21.1, "tmax_d6": 18.5, "tmin_d0": 4.0, "tmin_d1": 3.2, "tmin_d2": 1.4, "tmin_d3": 1.2, "tmin_d4": 3.0, "tmin_d5": 1.7, "tmin_d6": 1.1, "day_of_year": 155, "uuid": "20d303df-1bcf-4b9c-bcdb-85f56461e000", "inat_id": 220554623}}, {"type": "Feature", "geometry": {"type": "Point", "coordinates": [-106.2346976995, 36.6908852654]}, "properties": {"species": "Fomitopsis schrenkii", "date": "2024-06-05", "location": "Tierra Amarilla, NM 87575, USA", "elevation": 3019.0, "land_cover_label": "Grassland", "water_mask": false, "exclude_reason": "keep", "ndvi": null, "soil_moisture": null, "solar_exposure": null, "wind_exposure": null, "water_retention": null, "slope": null, "aspect": null, "num_identification_agreements": 1, "cluster": 0, "tavg": null, "tmin": null, "tmax": null, "prcp_d0": 0.0, "prcp_d1": 3.9040162563323975, "prcp_d2": 0.0, "prcp_d3": 0.0, "prcp_d4": 0.0, "prcp_d5": 0.0, "prcp_d6": 0.0, "tmax_d0": 22.2, "tmax_d1": 18.8, "tmax_d2": 18.6, "tmax_d3": 18.1, "tmax_d4": 17.9, "tmax_d5": 17.0, "tmax_d6": 16.6, "tmin_d0": 5.7, "tmin_d1": 7.4, "tmin_d2": 7.0, "tmin_d3": 4.9, "tmin_d4": 3.4, "tmin_d5": 3.3, "tmin_d6": 1.2, "day_of_year": 157, "uuid": "3cf6c8c4-23ef-4861-977a-966a2f053dba", "inat_id": 220964955}}, {"type": "Feature", "geometry": {"type": "Point", "coordinates": [-105.45821278, 36.06036182]}, "properties": {"species": "Fomitopsis schrenkii", "date": "2024-06-06", "location": "Mora County, US-NM, US", "elevation": 2876.0, "land_cover_label": "Tree cover", "water_mask": false, "exclude_reason": "keep", "ndvi": null, "soil_moisture": null, "solar_exposure": null, "wind_exposure": null, "water_retention": null, "slope": null, "aspect": null, "num_identification_agreements": 1, "cluster": 0, "tavg": null, "tmin": 0.8, "tmax": 27.9, "prcp_d0": 0.0, "prcp_d1": 0.0, "prcp_d2": 4.908560276031494, "prcp_d3": 0.0, "prcp_d4": 0.0, "prcp_d5": 0.0, "prcp_d6": 0.0, "tmax_d0": 24.2, "tmax_d1": 23.8, "tmax_d2": 21.0, "tmax_d3": 19.9, "tmax_d4": 19.5, "tmax_d5": 19.4, "tmax_d6": 18.8, "tmin_d0": 12.0, "tmin_d1": 6.7, "tmin_d2": 7.3, "tmin_d3": 6.7, "tmin_d4": 3.8, "tmin_d5": 3.5, "tmin_d6": 2.0, "day_of_year": 158, "uuid": "a617af66-67cb-483a-bbc7-44b2506949aa", "inat_id": 221028686}}, {"type": "Feature", "geometry": {"type": "Point", "coordinates": [-105.5615200646, 36.1551381223]}, "properties": {"species": "Fomitopsis schrenkii", "date": "2024-06-07", "location": "New Mexico, US", "elevation": 2627.0, "land_cover_label": "Tree cover", "water_mask": false, "exclude_reason": "keep", "ndvi": null, "soil_moisture": null, "solar_exposure": null, "wind_exposure": null, "water_retention": null, "slope": null, "aspect": null, "num_identification_agreements": 2, "cluster": 0, "tavg": null, "tmin": 16.7, "tmax": 31.7, "prcp_d0": 0.0, "prcp_d1": 0.0, "prcp_d2": 0.0, "prcp_d3": 0.0, "prcp_d4": 0.0, "prcp_d5": 0.0, "prcp_d6": 0.0, "tmax_d0": 27.1, "tmax_d1": 29.2, "tmax_d2": 27.0, "tmax_d3": 24.4, "tmax_d4": 24.1, "tmax_d5": 22.8, "tmax_d6": 22.9, "tmin_d0": 11.3, "tmin_d1": 8.9, "tmin_d2": 7.2, "tmin_d3": 12.1, "tmin_d4": 8.4, "tmin_d5": 11.0, "tmin_d6": 4.3, "day_of_year": 159, "uuid": "5e8b3e01-85bb-42ee-99d1-6de233375d73", "inat_id": 221475363}}, {"type": "Feature", "geometry": {"type": "Point", "coordinates": [-105.49379135, 36.09467069]}, "properties": {"species": "Fomitopsis schrenkii", "date": "2024-06-07", "location": "Taos County, US-NM, US", "elevation": 2812.0, "land_cover_label": "Tree cover", "water_mask": false, "exclude_reason": "keep", "ndvi": null, "soil_moisture": null, "solar_exposure": null, "wind_exposure": null, "water_retention": null, "slope": null, "aspect": null, "num_identification_agreements": 2, "cluster": 0, "tavg": null, "tmin": 5.2, "tmax": 27.6, "prcp_d0": 0.0, "prcp_d1": 0.0, "prcp_d2": 0.0, "prcp_d3": 4.908560276031494, "prcp_d4": 0.0, "prcp_d5": 0.0, "prcp_d6": 0.0, "tmax_d0": 24.1, "tmax_d1": 24.7, "tmax_d2": 24.3, "tmax_d3": 21.5, "tmax_d4": 20.4, "tmax_d5": 20.0, "tmax_d6": 19.9, "tmin_d0": 9.0, "tmin_d1": 12.5, "tmin_d2": 7.2, "tmin_d3": 7.8, "tmin_d4": 7.2, "tmin_d5": 4.3, "tmin_d6": 4.0, "day_of_year": 159, "uuid": "ca7c7789-f1d5-4454-88e2-e6f740c3836e", "inat_id": 221161115}}, {"type": "Feature", "geometry": {"type": "Point", "coordinates": [-105.5144977, 36.6805799]}, "properties": {"species": "Fomitopsis schrenkii", "date": "2024-06-08", "location": "Columbine Campground, 184 NM-38, Red River, NM 87558, USA", "elevation": 2404.0, "land_cover_label": "Tree cover", "water_mask": false, "exclude_reason": "keep", "ndvi": null, "soil_moisture": null, "solar_exposure": null, "wind_exposure": null, "water_retention": null, "slope": null, "aspect": null, "num_identification_agreements": 1, "cluster": 0, "tavg": null, "tmin": 10.0, "tmax": 31.7, "prcp_d0": 0.0, "prcp_d1": 0.0, "prcp_d2": 0.0, "prcp_d3": 0.0, "prcp_d4": 1.5876544713974, "prcp_d5": 0.0, "prcp_d6": 0.0, "tmax_d0": 28.4, "tmax_d1": 29.2, "tmax_d2": 30.0, "tmax_d3": 28.4, "tmax_d4": 25.5, "tmax_d5": 25.2, "tmax_d6": 24.2, "tmin_d0": 15.5, "tmin_d1": 12.8, "tmin_d2": 13.2, "tmin_d3": 9.9, "tmin_d4": 11.3, "tmin_d5": 8.8, "tmin_d6": 12.6, "day_of_year": 160, "uuid": "f5d30fcc-015e-4b76-a297-99aa12925196", "inat_id": 221922097}}, {"type": "Feature", "geometry": {"type": "Point", "coordinates": [-105.4388638889, 36.5776888889]}, "properties": {"species": "Fomitopsis schrenkii", "date": "2024-06-08", "location": "Taos Ski Valley, NM 87525, USA", "elevation": 3105.0, "land_cover_label": "Tree cover", "water_mask": false, "exclude_reason": "keep", "ndvi": null, "soil_moisture": null, "solar_exposure": null, "wind_exposure": null, "water_retention": null, "slope": null, "aspect": null, "num_identification_agreements": 1, "cluster": 0, "tavg": null, "tmin": 4.1, "tmax": 27.5, "prcp_d0": 0.0, "prcp_d1": 0.0, "prcp_d2": 0.0, "prcp_d3": 0.0, "prcp_d4": 0.0, "prcp_d5": 0.0, "prcp_d6": 0.0, "tmax_d0": 20.2, "tmax_d1": 20.1, "tmax_d2": 22.4, "tmax_d3": 20.7, "tmax_d4": 17.1, "tmax_d5": 17.6, "tmax_d6": 16.0, "tmin_d0": 8.8, "tmin_d1": 7.4, "tmin_d2": 6.9, "tmin_d3": 6.5, "tmin_d4": 5.1, "tmin_d5": 3.2, "tmin_d6": 5.4, "day_of_year": 160, "uuid": "8db4a495-f8e6-40e4-8bb9-c853e84f34bb", "inat_id": 221492202}}, {"type": "Feature", "geometry": {"type": "Point", "coordinates": [-105.4944972222, 36.0954944444]}, "properties": {"species": "Fomitopsis schrenkii", "date": "2024-06-08", "location": "Vadito, NM 87579, USA", "elevation": 2812.0, "land_cover_label": "Tree cover", "water_mask": false, "exclude_reason": "keep", "ndvi": null, "soil_moisture": null, "solar_exposure": null, "wind_exposure": null, "water_retention": null, "slope": null, "aspect": null, "num_identification_agreements": 1, "cluster": 0, "tavg": null, "tmin": 4.1, "tmax": 27.5, "prcp_d0": 0.0, "prcp_d1": 0.0, "prcp_d2": 0.0, "prcp_d3": 0.0, "prcp_d4": 4.908560276031494, "prcp_d5": 0.0, "prcp_d6": 0.0, "tmax_d0": 24.2, "tmax_d1": 24.0, "tmax_d2": 24.6, "tmax_d3": 24.2, "tmax_d4": 21.5, "tmax_d5": 20.3, "tmax_d6": 19.9, "tmin_d0": 8.5, "tmin_d1": 8.9, "tmin_d2": 12.4, "tmin_d3": 7.2, "tmin_d4": 7.7, "tmin_d5": 7.2, "tmin_d6": 4.3, "day_of_year": 160, "uuid": "34297b04-4b2e-49cb-862d-03f78981a751", "inat_id": 221432897}}, {"type": "Feature", "geometry": {"type": "Point", "coordinates": [-105.5156979039, 36.6707826252]}, "properties": {"species": "Fomitopsis schrenkii", "date": "2024-06-08", "location": "Carson National Forest, Taos, NM, US", "elevation": 2470.0, "land_cover_label": "Tree cover", "water_mask": false, "exclude_reason": "keep", "ndvi": null, "soil_moisture": null, "solar_exposure": null, "wind_exposure": null, "water_retention": null, "slope": null, "aspect": null, "num_identification_agreements": 2, "cluster": 0, "tavg": null, "tmin": 10.0, "tmax": 31.7, "prcp_d0": 0.0, "prcp_d1": 0.0, "prcp_d2": 0.0, "prcp_d3": 0.0, "prcp_d4": 1.5876544713974, "prcp_d5": 0.0, "prcp_d6": 0.0, "tmax_d0": 28.0, "tmax_d1": 28.8, "tmax_d2": 29.6, "tmax_d3": 28.0, "tmax_d4": 25.1, "tmax_d5": 24.8, "tmax_d6": 23.8, "tmin_d0": 15.1, "tmin_d1": 12.4, "tmin_d2": 12.8, "tmin_d3": 9.5, "tmin_d4": 10.9, "tmin_d5": 8.4, "tmin_d6": 12.2, "day_of_year": 160, "uuid": "7a736e54-9990-49bb-a148-c5a891bcee05", "inat_id": 221358245}}, {"type": "Feature", "geometry": {"type": "Point", "coordinates": [-105.37258, 39.5726]}, "properties": {"species": "Fomitopsis schrenkii", "date": "2024-06-11", "location": "Maxwell Falls Trail, Evergreen, CO, US", "elevation": 2485.0, "land_cover_label": "Tree cover", "water_mask": false, "exclude_reason": "keep", "ndvi": null, "soil_moisture": 0.2080753555175813, "solar_exposure": 0.7831985354423523, "wind_exposure": 0.2505411207675934, "water_retention": 0.5084761381149292, "slope": 5.219903469085693, "aspect": 341.919677734375, "num_identification_agreements": 1, "cluster": 3, "tavg": null, "tmin": 0.1, "tmax": 10.4, "prcp_d0": 2.047898292541504, "prcp_d1": 7.688581943511963, "prcp_d2": 3.844290971755981, "prcp_d3": 0.0, "prcp_d4": 0.0, "prcp_d5": 0.0, "prcp_d6": 0.0, "tmax_d0": 23.0, "tmax_d1": 21.1, "tmax_d2": 20.6, "tmax_d3": 24.5, "tmax_d4": 26.5, "tmax_d5": 24.2, "tmax_d6": 24.0, "tmin_d0": 9.5, "tmin_d1": 9.2, "tmin_d2": 6.4, "tmin_d3": 8.6, "tmin_d4": 11.8, "tmin_d5": 6.9, "tmin_d6": 4.9, "day_of_year": 163, "uuid": "8c80588b-218e-4b9b-904e-553502720b4f", "inat_id": 328366232}}, {"type": "Feature", "geometry": {"type": "Point", "coordinates": [-107.8590616667, 38.0475055]}, "properties": {"species": "Fomitopsis schrenkii", "date": "2024-06-11", "location": "Grand Mesa Uncompahgre and Gunnison National Forests, Ridgway, CO, US", "elevation": 2845.0, "land_cover_label": "Tree cover", "water_mask": false, "exclude_reason": "keep", "ndvi": null, "soil_moisture": null, "solar_exposure": null, "wind_exposure": null, "water_retention": null, "slope": null, "aspect": null, "num_identification_agreements": 1, "cluster": 0, "tavg": null, "tmin": 10.0, "tmax": 24.0, "prcp_d0": 1.2218717336654663, "prcp_d1": 0.0, "prcp_d2": 0.0, "prcp_d3": 0.0, "prcp_d4": 0.0, "prcp_d5": 0.0, "prcp_d6": 0.0, "tmax_d0": 21.6, "tmax_d1": 19.5, "tmax_d2": 23.2, "tmax_d3": 22.8, "tmax_d4": 24.0, "tmax_d5": 24.1, "tmax_d6": 21.9, "tmin_d0": 2.8, "tmin_d1": 4.5, "tmin_d2": 0.8, "tmin_d3": 0.9, "tmin_d4": 0.6, "tmin_d5": 6.3, "tmin_d6": 4.3, "day_of_year": 163, "uuid": "b372d15e-b680-4a02-a2b4-4fbea21824a1", "inat_id": 222137858}}, {"type": "Feature", "geometry": {"type": "Point", "coordinates": [-105.8058416667, 35.7942888889]}, "properties": {"species": "Fomitopsis schrenkii", "date": "2024-06-20", "location": "San Ildefonso Pueblo, NM 87506, USA", "elevation": 3124.0, "land_cover_label": "Tree cover", "water_mask": false, "exclude_reason": "keep", "ndvi": null, "soil_moisture": null, "solar_exposure": null, "wind_exposure": null, "water_retention": null, "slope": null, "aspect": null, "num_identification_agreements": 2, "cluster": 0, "tavg": null, "tmin": 18.3, "tmax": 28.3, "prcp_d0": 0.0, "prcp_d1": 0.0, "prcp_d2": 0.0, "prcp_d3": 0.0, "prcp_d4": 0.0, "prcp_d5": 0.9076675176620485, "prcp_d6": 4.554914474487305, "tmax_d0": 17.6, "tmax_d1": 18.8, "tmax_d2": 19.4, "tmax_d3": 20.2, "tmax_d4": 21.2, "tmax_d5": 18.8, "tmax_d6": 20.8, "tmin_d0": 8.8, "tmin_d1": 3.6, "tmin_d2": 5.9, "tmin_d3": 8.1, "tmin_d4": 9.0, "tmin_d5": 5.2, "tmin_d6": 6.6, "day_of_year": 172, "uuid": "7dcb4d5d-38bb-47b4-80e5-7285beee15e2", "inat_id": 224231864}}, {"type": "Feature", "geometry": {"type": "Point", "coordinates": [-105.8180527778, 35.7943972222]}, "properties": {"species": "Fomitopsis schrenkii", "date": "2024-06-25", "location": "San Ildefonso Pueblo, NM 87506, USA", "elevation": 2950.0, "land_cover_label": "Tree cover", "water_mask": false, "exclude_reason": "keep", "ndvi": null, "soil_moisture": null, "solar_exposure": null, "wind_exposure": null, "water_retention": null, "slope": null, "aspect": null, "num_identification_agreements": 1, "cluster": 0, "tavg": null, "tmin": 16.7, "tmax": 33.9, "prcp_d0": 0.0, "prcp_d1": 0.0, "prcp_d2": 0.0, "prcp_d3": 4.923860549926758, "prcp_d4": 0.0, "prcp_d5": 0.0, "prcp_d6": 0.0, "tmax_d0": 25.0, "tmax_d1": 22.3, "tmax_d2": 20.0, "tmax_d3": 19.6, "tmax_d4": 16.4, "tmax_d5": 18.8, "tmax_d6": 20.0, "tmin_d0": 13.2, "tmin_d1": 9.0, "tmin_d2": 10.9, "tmin_d3": 8.7, "tmin_d4": 9.4, "tmin_d5": 10.0, "tmin_d6": 4.8, "day_of_year": 177, "uuid": "83ad030b-b839-40e8-8b16-bd990ad6cd0f", "inat_id": 225236985}}, {"type": "Feature", "geometry": {"type": "Point", "coordinates": [-105.7360383333, 40.391555]}, "properties": {"species": "Fomitopsis schrenkii", "date": "2024-07-03", "location": "Rocky Mountain National Park, Estes Park, CO, US", "elevation": 3146.0, "land_cover_label": "Tree cover", "water_mask": false, "exclude_reason": "keep", "ndvi": null, "soil_moisture": 0.3517442331583352, "solar_exposure": 0.8527960777282715, "wind_exposure": 0.2898999154567718, "water_retention": 0.2780535817146301, "slope": 2.045217752456665, "aspect": 232.55630493164065, "num_identification_agreements": 1, "cluster": 0, "tavg": null, "tmin": 2.9, "tmax": 22.8, "prcp_d0": 0.0, "prcp_d1": 0.0, "prcp_d2": 0.0, "prcp_d3": 0.0, "prcp_d4": 13.10019588470459, "prcp_d5": 0.0, "prcp_d6": 0.0, "tmax_d0": 15.9, "tmax_d1": 14.0, "tmax_d2": 15.6, "tmax_d3": 20.6, "tmax_d4": 18.4, "tmax_d5": 15.9, "tmax_d6": 17.5, "tmin_d0": 4.8, "tmin_d1": 3.0, "tmin_d2": 8.5, "tmin_d3": 6.1, "tmin_d4": 2.5, "tmin_d5": 4.4, "tmin_d6": 5.6, "day_of_year": 185, "uuid": "24f40f07-802e-4d0b-8241-fd4438e5a9ba", "inat_id": 227274268}}, {"type": "Feature", "geometry": {"type": "Point", "coordinates": [-104.9843138889, 38.7371972222]}, "properties": {"species": "Fomitopsis schrenkii", "date": "2024-07-10", "location": "Teller County, US-CO, US", "elevation": 3076.0, "land_cover_label": "Tree cover", "water_mask": false, "exclude_reason": "keep", "ndvi": null, "soil_moisture": null, "solar_exposure": null, "wind_exposure": null, "water_retention": null, "slope": null, "aspect": null, "num_identification_agreements": 1, "cluster": 0, "tavg": null, "tmin": 19.0, "tmax": 30.0, "prcp_d0": 0.0, "prcp_d1": 0.0, "prcp_d2": 12.077995300292969, "prcp_d3": 0.0, "prcp_d4": 0.0, "prcp_d5": 0.0, "prcp_d6": 0.0, "tmax_d0": 19.2, "tmax_d1": 17.7, "tmax_d2": 13.5, "tmax_d3": 16.5, "tmax_d4": 19.5, "tmax_d5": 13.5, "tmax_d6": 17.5, "tmin_d0": 8.4, "tmin_d1": 6.3, "tmin_d2": 3.6, "tmin_d3": 8.1, "tmin_d4": 5.8, "tmin_d5": 5.1, "tmin_d6": 6.1, "day_of_year": 192, "uuid": "82ec1b81-f579-4f00-b1a0-6fa092a333fd", "inat_id": 228743020}}, {"type": "Feature", "geometry": {"type": "Point", "coordinates": [-107.996155, 39.00549445]}, "properties": {"species": "Fomitopsis schrenkii", "date": "2024-07-10", "location": "Grand Mesa Uncompahgre and Gunnison National Forests, Cedaredge, CO, US", "elevation": 2967.0, "land_cover_label": "Tree cover", "water_mask": false, "exclude_reason": "keep", "ndvi": null, "soil_moisture": null, "solar_exposure": null, "wind_exposure": null, "water_retention": null, "slope": null, "aspect": null, "num_identification_agreements": 1, "cluster": 0, "tavg": null, "tmin": 15.3, "tmax": 34.7, "prcp_d0": 0.0, "prcp_d1": 0.0, "prcp_d2": 0.0, "prcp_d3": 0.0, "prcp_d4": 0.0, "prcp_d5": 0.0, "prcp_d6": 0.0, "tmax_d0": 21.8, "tmax_d1": 20.1, "tmax_d2": 19.2, "tmax_d3": 20.8, "tmax_d4": 19.3, "tmax_d5": 17.9, "tmax_d6": 18.4, "tmin_d0": 9.7, "tmin_d1": 7.1, "tmin_d2": 8.7, "tmin_d3": 7.6, "tmin_d4": 8.2, "tmin_d5": 8.1, "tmin_d6": 6.1, "day_of_year": 192, "uuid": "056a1f06-2af6-4344-a5cb-5af719901a5c", "inat_id": 228541330}}, {"type": "Feature", "geometry": {"type": "Point", "coordinates": [-105.753105, 39.840855]}, "properties": {"species": "Fomitopsis schrenkii", "date": "2024-07-11", "location": "US-40, Fraser, CO, US", "elevation": 2930.0, "land_cover_label": "Tree cover", "water_mask": false, "exclude_reason": "keep", "ndvi": null, "soil_moisture": 0.3016519025382602, "solar_exposure": 0.8454559445381165, "wind_exposure": 0.1010108590126037, "water_retention": 0.2598383128643036, "slope": 5.34583854675293, "aspect": 100.0215835571289, "num_identification_agreements": 1, "cluster": 3, "tavg": null, "tmin": 3.1, "tmax": 16.8, "prcp_d0": 0.0, "prcp_d1": 0.0, "prcp_d2": 0.0, "prcp_d3": 0.0, "prcp_d4": 0.0, "prcp_d5": 0.0, "prcp_d6": 0.0, "tmax_d0": 21.6, "tmax_d1": 20.6, "tmax_d2": 17.9, "tmax_d3": 18.0, "tmax_d4": 16.8, "tmax_d5": 18.7, "tmax_d6": 17.1, "tmin_d0": 6.7, "tmin_d1": 5.4, "tmin_d2": 4.4, "tmin_d3": -0.1, "tmin_d4": 1.5, "tmin_d5": 2.0, "tmin_d6": 0.5, "day_of_year": 193, "uuid": "0a53dc8e-1a2b-4a91-bd82-04a33f321f20", "inat_id": 229533390}}, {"type": "Feature", "geometry": {"type": "Point", "coordinates": [-105.5996222222, 35.8972805556]}, "properties": {"species": "Fomitopsis schrenkii", "date": "2024-07-14", "location": "Rociada, NM 87742, USA", "elevation": 2961.0, "land_cover_label": "Tree cover", "water_mask": false, "exclude_reason": "keep", "ndvi": null, "soil_moisture": null, "solar_exposure": null, "wind_exposure": null, "water_retention": null, "slope": null, "aspect": null, "num_identification_agreements": 1, "cluster": 0, "tavg": null, "tmin": 14.4, "tmax": 31.7, "prcp_d0": 0.0, "prcp_d1": 3.76798152923584, "prcp_d2": 3.76798152923584, "prcp_d3": 0.0, "prcp_d4": 0.0, "prcp_d5": 0.0, "prcp_d6": 0.0, "tmax_d0": 24.0, "tmax_d1": 24.2, "tmax_d2": 22.0, "tmax_d3": 20.0, "tmax_d4": 19.8, "tmax_d5": 19.4, "tmax_d6": 19.9, "tmin_d0": 10.8, "tmin_d1": 9.5, "tmin_d2": 10.1, "tmin_d3": 9.4, "tmin_d4": 8.0, "tmin_d5": 7.4, "tmin_d6": 8.1, "day_of_year": 196, "uuid": "505acd06-86e3-4542-bf2b-dcff3a5f6712", "inat_id": 229971529}}, {"type": "Feature", "geometry": {"type": "Point", "coordinates": [-105.6169472222, 35.8413138889]}, "properties": {"species": "Fomitopsis schrenkii", "date": "2024-07-14", "location": "Tererro, NM 87573, USA", "elevation": 2891.0, "land_cover_label": "Tree cover", "water_mask": false, "exclude_reason": "keep", "ndvi": null, "soil_moisture": null, "solar_exposure": null, "wind_exposure": null, "water_retention": null, "slope": null, "aspect": null, "num_identification_agreements": 1, "cluster": 0, "tavg": null, "tmin": 14.4, "tmax": 31.7, "prcp_d0": 0.0, "prcp_d1": 9.021388053894045, "prcp_d2": 9.021388053894045, "prcp_d3": 0.0, "prcp_d4": 0.0, "prcp_d5": 0.0, "prcp_d6": 0.0, "tmax_d0": 24.8, "tmax_d1": 24.5, "tmax_d2": 22.2, "tmax_d3": 20.7, "tmax_d4": 20.6, "tmax_d5": 20.2, "tmax_d6": 21.1, "tmin_d0": 10.0, "tmin_d1": 8.7, "tmin_d2": 10.2, "tmin_d3": 8.3, "tmin_d4": 8.3, "tmin_d5": 6.7, "tmin_d6": 8.1, "day_of_year": 196, "uuid": "edd6f45d-c5b4-47b4-8a47-bba22884b900", "inat_id": 229970647}}, {"type": "Feature", "geometry": {"type": "Point", "coordinates": [-105.6165083333, 35.8402277778]}, "properties": {"species": "Fomitopsis schrenkii", "date": "2024-07-14", "location": "Tererro, NM 87573, USA", "elevation": 2918.0, "land_cover_label": "Tree cover", "water_mask": false, "exclude_reason": "keep", "ndvi": null, "soil_moisture": null, "solar_exposure": null, "wind_exposure": null, "water_retention": null, "slope": null, "aspect": null, "num_identification_agreements": 1, "cluster": 0, "tavg": null, "tmin": 14.4, "tmax": 31.7, "prcp_d0": 0.0, "prcp_d1": 9.021388053894045, "prcp_d2": 9.021388053894045, "prcp_d3": 0.0, "prcp_d4": 0.0, "prcp_d5": 0.0, "prcp_d6": 0.0, "tmax_d0": 24.7, "tmax_d1": 24.4, "tmax_d2": 22.1, "tmax_d3": 20.6, "tmax_d4": 20.5, "tmax_d5": 20.1, "tmax_d6": 21.0, "tmin_d0": 9.9, "tmin_d1": 8.6, "tmin_d2": 10.1, "tmin_d3": 8.2, "tmin_d4": 8.2, "tmin_d5": 6.6, "tmin_d6": 8.0, "day_of_year": 196, "uuid": "1ae65712-64a7-43da-924e-71ad366cfce2", "inat_id": 229970793}}, {"type": "Feature", "geometry": {"type": "Point", "coordinates": [-105.7290595, 39.6059126997]}, "properties": {"species": "Fomitopsis schrenkii", "date": "2024-07-17", "location": "Clear Creek County, US-CO, US", "elevation": 3465.0, "land_cover_label": "Tree cover", "water_mask": false, "exclude_reason": "keep", "ndvi": null, "soil_moisture": 0.3482411754938779, "solar_exposure": 0.725877583026886, "wind_exposure": 0.2276870757341385, "water_retention": 0.2695273160934448, "slope": 11.45437717437744, "aspect": 39.02637481689453, "num_identification_agreements": 1, "cluster": 0, "tavg": null, "tmin": 1.0, "tmax": 12.9, "prcp_d0": 0.0, "prcp_d1": 5.252293586730957, "prcp_d2": 7.54074239730835, "prcp_d3": 0.0, "prcp_d4": 0.0, "prcp_d5": 0.0, "prcp_d6": 0.0, "tmax_d0": 14.9, "tmax_d1": 15.5, "tmax_d2": 18.4, "tmax_d3": 18.8, "tmax_d4": 19.6, "tmax_d5": 19.6, "tmax_d6": 17.5, "tmin_d0": 3.7, "tmin_d1": 5.6, "tmin_d2": 7.7, "tmin_d3": 8.0, "tmin_d4": 8.2, "tmin_d5": 6.1, "tmin_d6": 4.8, "day_of_year": 199, "uuid": "cf9d9482-0a1b-4c6e-9b20-b27ba2228dea", "inat_id": 229969265}}, {"type": "Feature", "geometry": {"type": "Point", "coordinates": [-107.8117311, 37.8094399]}, "properties": {"species": "Fomitopsis schrenkii", "date": "2024-07-18", "location": "Ice Lake Basin, Colorado 81301, USA", "elevation": 3768.0, "land_cover_label": "Moss and lichen", "water_mask": false, "exclude_reason": "keep", "ndvi": null, "soil_moisture": null, "solar_exposure": null, "wind_exposure": null, "water_retention": null, "slope": null, "aspect": null, "num_identification_agreements": 1, "cluster": 0, "tavg": null, "tmin": 11.0, "tmax": 23.0, "prcp_d0": 0.0, "prcp_d1": 0.0, "prcp_d2": 0.0, "prcp_d3": 0.0, "prcp_d4": 6.511204242706299, "prcp_d5": 6.511204242706299, "prcp_d6": 0.0, "tmax_d0": 15.1, "tmax_d1": 15.5, "tmax_d2": 15.7, "tmax_d3": 16.7, "tmax_d4": 18.0, "tmax_d5": 17.8, "tmax_d6": 17.1, "tmin_d0": 0.1, "tmin_d1": 0.6, "tmin_d2": 1.7, "tmin_d3": 2.7, "tmin_d4": 1.1, "tmin_d5": 1.1, "tmin_d6": 1.3, "day_of_year": 200, "uuid": "55a938ba-c7f8-4640-9e7f-b204f004b4b3", "inat_id": 321667231}}, {"type": "Feature", "geometry": {"type": "Point", "coordinates": [-107.9457166667, 37.8009216667]}, "properties": {"species": "Fomitopsis schrenkii", "date": "2024-07-20", "location": "San Juan National Forest - Headquarters, Dolores, CO, US", "elevation": 3181.0, "land_cover_label": "Tree cover", "water_mask": false, "exclude_reason": "keep", "ndvi": null, "soil_moisture": null, "solar_exposure": null, "wind_exposure": null, "water_retention": null, "slope": null, "aspect": null, "num_identification_agreements": 1, "cluster": 0, "tavg": null, "tmin": 14.0, "tmax": 21.0, "prcp_d0": 0.0, "prcp_d1": 0.0, "prcp_d2": 0.0, "prcp_d3": 0.0, "prcp_d4": 0.0, "prcp_d5": 0.0, "prcp_d6": 18.35184860229492, "tmax_d0": 19.2, "tmax_d1": 18.9, "tmax_d2": 17.8, "tmax_d3": 19.4, "tmax_d4": 19.1, "tmax_d5": 20.5, "tmax_d6": 21.8, "tmin_d0": 5.3, "tmin_d1": 5.9, "tmin_d2": 5.7, "tmin_d3": 4.8, "tmin_d4": 5.8, "tmin_d5": 7.1, "tmin_d6": 6.8, "day_of_year": 202, "uuid": "012f0893-cdef-468d-9e24-8c6ad5eb4886", "inat_id": 267288651}}, {"type": "Feature", "geometry": {"type": "Point", "coordinates": [-105.5669370107, 38.0793385115]}, "properties": {"species": "Fomitopsis schrenkii", "date": "2024-07-27", "location": "Pike and San Isabel National Forests, Westcliffe, CO, US", "elevation": 2814.0, "land_cover_label": "Tree cover", "water_mask": false, "exclude_reason": "keep", "ndvi": null, "soil_moisture": null, "solar_exposure": null, "wind_exposure": null, "water_retention": null, "slope": null, "aspect": null, "num_identification_agreements": 1, "cluster": 0, "tavg": null, "tmin": null, "tmax": null, "prcp_d0": 0.0, "prcp_d1": 11.309637069702148, "prcp_d2": 0.0, "prcp_d3": 0.0, "prcp_d4": 0.0, "prcp_d5": 0.0, "prcp_d6": 0.0, "tmax_d0": 24.6, "tmax_d1": 22.9, "tmax_d2": 25.2, "tmax_d3": 24.5, "tmax_d4": 21.2, "tmax_d5": 18.8, "tmax_d6": 16.6, "tmin_d0": 7.5, "tmin_d1": 8.4, "tmin_d2": 8.1, "tmin_d3": 5.8, "tmin_d4": 4.8, "tmin_d5": 5.3, "tmin_d6": 7.6, "day_of_year": 209, "uuid": "c9ffbcc0-1708-42ae-8808-07f2e6cfced7", "inat_id": 232138568}}, {"type": "Feature", "geometry": {"type": "Point", "coordinates": [-107.5525666667, 38.1054583333]}, "properties": {"species": "Fomitopsis schrenkii", "date": "2024-07-28", "location": "Grand Mesa Uncompahgre and Gunnison National Forests, Lake City, CO, US", "elevation": 3342.0, "land_cover_label": "Tree cover", "water_mask": false, "exclude_reason": "keep", "ndvi": null, "soil_moisture": null, "solar_exposure": null, "wind_exposure": null, "water_retention": null, "slope": null, "aspect": null, "num_identification_agreements": 1, "cluster": 0, "tavg": null, "tmin": 11.0, "tmax": 24.0, "prcp_d0": 0.0, "prcp_d1": 0.0, "prcp_d2": 0.0, "prcp_d3": 0.0, "prcp_d4": 0.0, "prcp_d5": 0.0, "prcp_d6": 0.0, "tmax_d0": 18.2, "tmax_d1": 17.2, "tmax_d2": 16.4, "tmax_d3": 20.7, "tmax_d4": 18.8, "tmax_d5": 17.8, "tmax_d6": 15.8, "tmin_d0": 8.8, "tmin_d1": 8.6, "tmin_d2": 8.8, "tmin_d3": 9.7, "tmin_d4": 9.3, "tmin_d5": 6.1, "tmin_d6": 4.2, "day_of_year": 210, "uuid": "85a975d2-9951-40ab-af29-71612dd5faf4", "inat_id": 232427363}}, {"type": "Feature", "geometry": {"type": "Point", "coordinates": [-105.3309116667, 39.7258333333]}, "properties": {"species": "Fomitopsis schrenkii", "date": "2024-07-29", "location": "Beaver Brook Trail, Golden, CO, US", "elevation": 2126.0, "land_cover_label": "Tree cover", "water_mask": false, "exclude_reason": "keep", "ndvi": null, "soil_moisture": 0.2486491449377405, "solar_exposure": 0.7992061376571655, "wind_exposure": 0.2991931438446045, "water_retention": 0.4128079712390899, "slope": 11.756649017333984, "aspect": 279.0028076171875, "num_identification_agreements": 1, "cluster": 0, "tavg": null, "tmin": 17.0, "tmax": 35.0, "prcp_d0": 0.0, "prcp_d1": 0.0, "prcp_d2": 0.0, "prcp_d3": 0.0, "prcp_d4": 0.0, "prcp_d5": 0.0, "prcp_d6": 0.0, "tmax_d0": 33.5, "tmax_d1": 32.3, "tmax_d2": 29.7, "tmax_d3": 30.7, "tmax_d4": 32.2, "tmax_d5": 29.4, "tmax_d6": 26.9, "tmin_d0": 12.0, "tmin_d1": 11.2, "tmin_d2": 12.1, "tmin_d3": 15.4, "tmin_d4": 13.2, "tmin_d5": 12.3, "tmin_d6": 9.9, "day_of_year": 211, "uuid": "08e3213d-3766-4aff-9704-b79259067db4", "inat_id": 232570661}}, {"type": "Feature", "geometry": {"type": "Point", "coordinates": [-103.558075, 43.8453116667]}, "properties": {"species": "Fomitopsis schrenkii", "date": "2024-08-02", "location": "Custer State Park, Custer, SD, US", "elevation": 1918.0, "land_cover_label": "Tree cover", "water_mask": false, "exclude_reason": "keep", "ndvi": null, "soil_moisture": null, "solar_exposure": null, "wind_exposure": null, "water_retention": null, "slope": null, "aspect": null, "num_identification_agreements": 2, "cluster": 0, "tavg": null, "tmin": 12.8, "tmax": 33.3, "prcp_d0": 0.0, "prcp_d1": 0.0, "prcp_d2": 0.0, "prcp_d3": 0.0, "prcp_d4": 0.0, "prcp_d5": 0.0, "prcp_d6": 0.0, "tmax_d0": 29.9, "tmax_d1": 28.4, "tmax_d2": 28.1, "tmax_d3": 29.2, "tmax_d4": 28.1, "tmax_d5": 26.4, "tmax_d6": 28.1, "tmin_d0": 18.1, "tmin_d1": 14.4, "tmin_d2": 15.8, "tmin_d3": 16.1, "tmin_d4": 14.4, "tmin_d5": 14.8, "tmin_d6": 13.0, "day_of_year": 215, "uuid": "9a314531-d8f8-4d9d-8bb8-01acbe3c96ae", "inat_id": 233415766}}, {"type": "Feature", "geometry": {"type": "Point", "coordinates": [-106.8014597592, 37.4789311741]}, "properties": {"species": "Fomitopsis schrenkii", "date": "2024-08-03", "location": "San Juan National Forest - Headquarters, Creede, CO, US", "elevation": 3402.0, "land_cover_label": "Tree cover", "water_mask": false, "exclude_reason": "keep", "ndvi": null, "soil_moisture": null, "solar_exposure": null, "wind_exposure": null, "water_retention": null, "slope": null, "aspect": null, "num_identification_agreements": 1, "cluster": 0, "tavg": null, "tmin": 8.0, "tmax": 21.0, "prcp_d0": 0.0, "prcp_d1": 0.0, "prcp_d2": 0.0, "prcp_d3": 0.0, "prcp_d4": 0.0, "prcp_d5": 0.0, "prcp_d6": 0.0, "tmax_d0": 20.9, "tmax_d1": 21.0, "tmax_d2": 20.5, "tmax_d3": 20.6, "tmax_d4": 19.8, "tmax_d5": 19.3, "tmax_d6": 18.2, "tmin_d0": 6.3, "tmin_d1": 8.6, "tmin_d2": 5.5, "tmin_d3": 5.7, "tmin_d4": 4.9, "tmin_d5": 5.4, "tmin_d6": 5.2, "day_of_year": 216, "uuid": "cd5f6ee8-8fae-4584-899c-f7b8d8bb631d", "inat_id": 255445349}}, {"type": "Feature", "geometry": {"type": "Point", "coordinates": [-106.7949966667, 36.0454445]}, "properties": {"species": "Fomitopsis schrenkii", "date": "2024-08-10", "location": "Santa Fe National Forest, Gallina, NM, US", "elevation": 2853.0, "land_cover_label": "Tree cover", "water_mask": false, "exclude_reason": "keep", "ndvi": null, "soil_moisture": null, "solar_exposure": null, "wind_exposure": null, "water_retention": null, "slope": null, "aspect": null, "num_identification_agreements": 1, "cluster": 0, "tavg": null, "tmin": null, "tmax": null, "prcp_d0": 0.0, "prcp_d1": 0.0, "prcp_d2": 6.004661083221436, "prcp_d3": 6.004661083221436, "prcp_d4": 3.0023305416107178, "prcp_d5": 0.0, "prcp_d6": 10.170682907104492, "tmax_d0": 20.5, "tmax_d1": 20.2, "tmax_d2": 20.6, "tmax_d3": 22.5, "tmax_d4": 23.9, "tmax_d5": 24.9, "tmax_d6": 23.9, "tmin_d0": 9.2, "tmin_d1": 9.5, "tmin_d2": 11.1, "tmin_d3": 10.9, "tmin_d4": 10.6, "tmin_d5": 11.2, "tmin_d6": 11.3, "day_of_year": 223, "uuid": "e69c6e02-7d19-4653-a26f-68d0e372b71f", "inat_id": 235025366}}, {"type": "Feature", "geometry": {"type": "Point", "coordinates": [-105.8536383333, 39.9228633333]}, "properties": {"species": "Fomitopsis schrenkii", "date": "2024-08-10", "location": "Flume Trail, Winter Park, CO, US", "elevation": 2737.0, "land_cover_label": "Tree cover", "water_mask": false, "exclude_reason": "keep", "ndvi": null, "soil_moisture": 0.2757430273862271, "solar_exposure": 0.7478380799293518, "wind_exposure": 0.3567214608192444, "water_retention": 0.3217338919639587, "slope": 9.54504108428955, "aspect": 320.7795104980469, "num_identification_agreements": 1, "cluster": 0, "tavg": null, "tmin": 1.1, "tmax": 12.2, "prcp_d0": 0.0, "prcp_d1": 0.0, "prcp_d2": 0.0, "prcp_d3": 0.0, "prcp_d4": 0.0, "prcp_d5": 17.057985305786133, "prcp_d6": 0.0, "tmax_d0": 20.6, "tmax_d1": 20.6, "tmax_d2": 23.7, "tmax_d3": 25.4, "tmax_d4": 25.2, "tmax_d5": 25.2, "tmax_d6": 24.6, "tmin_d0": 7.0, "tmin_d1": 10.2, "tmin_d2": 6.9, "tmin_d3": 10.8, "tmin_d4": 9.1, "tmin_d5": 11.7, "tmin_d6": 9.6, "day_of_year": 223, "uuid": "6844e8e4-57ea-4711-8e26-990e5dfb0b0c", "inat_id": 235266746}}, {"type": "Feature", "geometry": {"type": "Point", "coordinates": [-105.85363, 39.922875]}, "properties": {"species": "Fomitopsis schrenkii", "date": "2024-08-10", "location": "Flume Trail, Winter Park, CO, US", "elevation": 2737.0, "land_cover_label": "Tree cover", "water_mask": false, "exclude_reason": "keep", "ndvi": null, "soil_moisture": 0.2757352389354517, "solar_exposure": 0.7478380799293518, "wind_exposure": 0.3567214608192444, "water_retention": 0.3217338919639587, "slope": 9.54504108428955, "aspect": 320.7795104980469, "num_identification_agreements": 1, "cluster": 0, "tavg": null, "tmin": 1.1, "tmax": 12.2, "prcp_d0": 0.0, "prcp_d1": 0.0, "prcp_d2": 0.0, "prcp_d3": 0.0, "prcp_d4": 0.0, "prcp_d5": 17.057985305786133, "prcp_d6": 0.0, "tmax_d0": 20.6, "tmax_d1": 20.6, "tmax_d2": 23.7, "tmax_d3": 25.4, "tmax_d4": 25.2, "tmax_d5": 25.2, "tmax_d6": 24.6, "tmin_d0": 7.0, "tmin_d1": 10.2, "tmin_d2": 6.9, "tmin_d3": 10.8, "tmin_d4": 9.1, "tmin_d5": 11.7, "tmin_d6": 9.6, "day_of_year": 223, "uuid": "c685b5ff-06bc-4147-b4d7-551724ed9427", "inat_id": 235266636}}, {"type": "Feature", "geometry": {"type": "Point", "coordinates": [-105.4498854328, 40.1967873007]}, "properties": {"species": "Fomitopsis schrenkii", "date": "2024-08-12", "location": "Colorado, US", "elevation": 2502.0, "land_cover_label": "Tree cover", "water_mask": false, "exclude_reason": "keep", "ndvi": null, "soil_moisture": 0.3720680905456015, "solar_exposure": 0.8282049894332886, "wind_exposure": 0.3576762676239013, "water_retention": 0.2000781595706939, "slope": 18.8055419921875, "aspect": 101.95895385742188, "num_identification_agreements": 2, "cluster": 0, "tavg": null, "tmin": 15.7, "tmax": 32.4, "prcp_d0": 0.0, "prcp_d1": 0.0, "prcp_d2": 0.0, "prcp_d3": 0.0, "prcp_d4": 0.0, "prcp_d5": 0.0, "prcp_d6": 0.0, "tmax_d0": 20.5, "tmax_d1": 21.7, "tmax_d2": 18.8, "tmax_d3": 15.0, "tmax_d4": 19.4, "tmax_d5": 25.6, "tmax_d6": 23.1, "tmin_d0": 9.3, "tmin_d1": 9.0, "tmin_d2": 8.0, "tmin_d3": 8.1, "tmin_d4": 9.6, "tmin_d5": 11.5, "tmin_d6": 12.6, "day_of_year": 225, "uuid": "4b018fae-6efc-4b75-847f-767ac01b1792", "inat_id": 235474706}}, {"type": "Feature", "geometry": {"type": "Point", "coordinates": [-105.2826536997, 39.5410696]}, "properties": {"species": "Fomitopsis schrenkii", "date": "2024-08-13", "location": "Aspen Park, CO 80433, USA", "elevation": 2469.0, "land_cover_label": "Tree cover", "water_mask": false, "exclude_reason": "keep", "ndvi": null, "soil_moisture": 0.3361122619045578, "solar_exposure": 0.7603216767311096, "wind_exposure": 0.2824544906616211, "water_retention": 0.3268140256404876, "slope": 6.915757179260254, "aspect": 349.9029235839844, "num_identification_agreements": 1, "cluster": 0, "tavg": null, "tmin": 16.7, "tmax": 28.3, "prcp_d0": 0.0, "prcp_d1": 0.0, "prcp_d2": 0.0, "prcp_d3": 0.0, "prcp_d4": 8.683478355407715, "prcp_d5": 0.0, "prcp_d6": 0.0, "tmax_d0": 22.4, "tmax_d1": 22.8, "tmax_d2": 24.5, "tmax_d3": 21.1, "tmax_d4": 18.1, "tmax_d5": 21.2, "tmax_d6": 26.5, "tmin_d0": 10.1, "tmin_d1": 11.0, "tmin_d2": 8.2, "tmin_d3": 10.3, "tmin_d4": 10.4, "tmin_d5": 11.0, "tmin_d6": 14.7, "day_of_year": 226, "uuid": "02599b6b-2b63-4214-8ca9-634c06a4dd11", "inat_id": 253355249}}, {"type": "Feature", "geometry": {"type": "Point", "coordinates": [-107.9001903256, 37.9241085705]}, "properties": {"species": "Fomitopsis schrenkii", "date": "2024-08-14", "location": "Grand Mesa Uncompahgre and Gunnison National Forests, Telluride, CO, US", "elevation": 2497.0, "land_cover_label": "Tree cover", "water_mask": false, "exclude_reason": "keep", "ndvi": null, "soil_moisture": null, "solar_exposure": null, "wind_exposure": null, "water_retention": null, "slope": null, "aspect": null, "num_identification_agreements": 1, "cluster": 1, "tavg": null, "tmin": 9.0, "tmax": 20.0, "prcp_d0": 0.0, "prcp_d1": 24.89239501953125, "prcp_d2": 12.446197509765623, "prcp_d3": 0.0, "prcp_d4": 0.0, "prcp_d5": 0.0, "prcp_d6": 8.577743530273438, "tmax_d0": 21.7, "tmax_d1": 21.2, "tmax_d2": 22.3, "tmax_d3": 23.5, "tmax_d4": 21.8, "tmax_d5": 23.6, "tmax_d6": 27.1, "tmin_d0": 7.4, "tmin_d1": 9.3, "tmin_d2": 9.3, "tmin_d3": 10.2, "tmin_d4": 10.2, "tmin_d5": 13.3, "tmin_d6": 8.7, "day_of_year": 227, "uuid": "94c6e367-ae54-4760-9f11-682a90295d82", "inat_id": 235774820}}, {"type": "Feature", "geometry": {"type": "Point", "coordinates": [-105.4335520997, 36.5641736997]}, "properties": {"species": "Fomitopsis schrenkii", "date": "2024-08-14", "location": "Taos Ski Valley, NM 87525, USA", "elevation": 3349.0, "land_cover_label": "Tree cover", "water_mask": false, "exclude_reason": "keep", "ndvi": null, "soil_moisture": null, "solar_exposure": null, "wind_exposure": null, "water_retention": null, "slope": null, "aspect": null, "num_identification_agreements": 2, "cluster": 0, "tavg": null, "tmin": 9.1, "tmax": 23.1, "prcp_d0": 0.0, "prcp_d1": 0.0, "prcp_d2": 0.0, "prcp_d3": 0.0, "prcp_d4": 0.0, "prcp_d5": 0.0, "prcp_d6": 4.704132556915283, "tmax_d0": 16.6, "tmax_d1": 17.0, "tmax_d2": 17.6, "tmax_d3": 16.6, "tmax_d4": 15.8, "tmax_d5": 13.9, "tmax_d6": 15.2, "tmin_d0": 7.2, "tmin_d1": 7.4, "tmin_d2": 8.7, "tmin_d3": 9.1, "tmin_d4": 7.4, "tmin_d5": 6.7, "tmin_d6": 9.0, "day_of_year": 227, "uuid": "43bf694d-aa01-47e4-af10-b6383ee2500e", "inat_id": 236563780}}, {"type": "Feature", "geometry": {"type": "Point", "coordinates": [-105.699354017, 35.6977083472]}, "properties": {"species": "Fomitopsis schrenkii", "date": "2024-08-16", "location": "New Mexico, US", "elevation": 2518.0, "land_cover_label": "Tree cover", "water_mask": false, "exclude_reason": "keep", "ndvi": null, "soil_moisture": null, "solar_exposure": null, "wind_exposure": null, "water_retention": null, "slope": null, "aspect": null, "num_identification_agreements": 1, "cluster": 0, "tavg": null, "tmin": 16.7, "tmax": 34.4, "prcp_d0": 0.0, "prcp_d1": 0.0, "prcp_d2": 0.0, "prcp_d3": 0.0, "prcp_d4": 0.0, "prcp_d5": 0.0, "prcp_d6": 14.290910720825195, "tmax_d0": 26.1, "tmax_d1": 24.1, "tmax_d2": 22.2, "tmax_d3": 23.3, "tmax_d4": 23.9, "tmax_d5": 23.9, "tmax_d6": 21.6, "tmin_d0": 11.0, "tmin_d1": 10.4, "tmin_d2": 11.4, "tmin_d3": 10.8, "tmin_d4": 12.3, "tmin_d5": 12.1, "tmin_d6": 11.1, "day_of_year": 229, "uuid": "3d2f29a3-4a33-41b2-8dc6-cecfb6c45b08", "inat_id": 236315980}}, {"type": "Feature", "geometry": {"type": "Point", "coordinates": [-107.8586416667, 37.880025]}, "properties": {"species": "Fomitopsis schrenkii", "date": "2024-08-17", "location": "Grand Mesa Uncompahgre and Gunnison National Forests, Telluride, CO, US", "elevation": 3275.0, "land_cover_label": "Tree cover", "water_mask": false, "exclude_reason": "keep", "ndvi": null, "soil_moisture": null, "solar_exposure": null, "wind_exposure": null, "water_retention": null, "slope": null, "aspect": null, "num_identification_agreements": 1, "cluster": 0, "tavg": null, "tmin": 12.0, "tmax": 23.0, "prcp_d0": 14.800861358642578, "prcp_d1": 0.0, "prcp_d2": 0.0, "prcp_d3": 0.0, "prcp_d4": 43.863800048828125, "prcp_d5": 0.0, "prcp_d6": 0.0, "tmax_d0": 19.1, "tmax_d1": 19.7, "tmax_d2": 18.3, "tmax_d3": 15.9, "tmax_d4": 14.6, "tmax_d5": 16.8, "tmax_d6": 17.6, "tmin_d0": 3.4, "tmin_d1": 3.5, "tmin_d2": 3.9, "tmin_d3": 3.5, "tmin_d4": 5.0, "tmin_d5": 5.1, "tmin_d6": 5.4, "day_of_year": 230, "uuid": "b1971951-10c2-400c-b9bb-728b78e78441", "inat_id": 236400433}}, {"type": "Feature", "geometry": {"type": "Point", "coordinates": [-104.8826883333, 38.7688666667]}, "properties": {"species": "Fomitopsis schrenkii", "date": "2024-08-18", "location": "Pike and San Isabel National Forests, Colorado Springs, CO, US", "elevation": 2181.0, "land_cover_label": "Tree cover", "water_mask": false, "exclude_reason": "keep", "ndvi": null, "soil_moisture": null, "solar_exposure": null, "wind_exposure": null, "water_retention": null, "slope": null, "aspect": null, "num_identification_agreements": 1, "cluster": 0, "tavg": null, "tmin": 20.0, "tmax": 29.0, "prcp_d0": 0.0, "prcp_d1": 0.0, "prcp_d2": 0.0, "prcp_d3": 0.0, "prcp_d4": 0.0, "prcp_d5": 0.0, "prcp_d6": 0.0, "tmax_d0": 28.5, "tmax_d1": 29.6, "tmax_d2": 28.0, "tmax_d3": 25.0, "tmax_d4": 25.0, "tmax_d5": 23.1, "tmax_d6": 23.3, "tmin_d0": 14.8, "tmin_d1": 12.0, "tmin_d2": 11.3, "tmin_d3": 9.7, "tmin_d4": 10.8, "tmin_d5": 12.4, "tmin_d6": 13.3, "day_of_year": 231, "uuid": "8089fb5d-32f5-46a1-ad06-fcbfd11cfdff", "inat_id": 236645647}}, {"type": "Feature", "geometry": {"type": "Point", "coordinates": [-105.6431666667, 36.0282638333]}, "properties": {"species": "Fomitopsis schrenkii", "date": "2024-08-18", "location": "Carson National Forest, Cordova, NM, US", "elevation": 3020.0, "land_cover_label": "Tree cover", "water_mask": false, "exclude_reason": "keep", "ndvi": null, "soil_moisture": null, "solar_exposure": null, "wind_exposure": null, "water_retention": null, "slope": null, "aspect": null, "num_identification_agreements": 1, "cluster": 0, "tavg": null, "tmin": 12.2, "tmax": 31.7, "prcp_d0": 0.0, "prcp_d1": 0.0, "prcp_d2": 0.0, "prcp_d3": 0.0, "prcp_d4": 0.0, "prcp_d5": 0.0, "prcp_d6": 0.0, "tmax_d0": 22.2, "tmax_d1": 24.1, "tmax_d2": 22.2, "tmax_d3": 20.6, "tmax_d4": 19.2, "tmax_d5": 19.7, "tmax_d6": 20.6, "tmin_d0": 10.5, "tmin_d1": 11.9, "tmin_d2": 9.0, "tmin_d3": 8.1, "tmin_d4": 8.5, "tmin_d5": 9.8, "tmin_d6": 9.5, "day_of_year": 231, "uuid": "a9b8de7a-3ca2-4378-896e-966fe7568562", "inat_id": 236639013}}, {"type": "Feature", "geometry": {"type": "Point", "coordinates": [-106.623525, 35.8992277778]}, "properties": {"species": "Fomitopsis schrenkii", "date": "2024-08-19", "location": "Jemez Springs, NM 87025, USA", "elevation": 2465.0, "land_cover_label": "Tree cover", "water_mask": false, "exclude_reason": "keep", "ndvi": null, "soil_moisture": null, "solar_exposure": null, "wind_exposure": null, "water_retention": null, "slope": null, "aspect": null, "num_identification_agreements": 1, "cluster": 0, "tavg": null, "tmin": 19.0, "tmax": 31.3, "prcp_d0": 0.0, "prcp_d1": 0.0, "prcp_d2": 0.0, "prcp_d3": 0.0, "prcp_d4": 0.0, "prcp_d5": 0.0, "prcp_d6": 0.0, "tmax_d0": 27.1, "tmax_d1": 25.8, "tmax_d2": 27.5, "tmax_d3": 26.5, "tmax_d4": 25.7, "tmax_d5": 24.2, "tmax_d6": 22.1, "tmin_d0": 12.0, "tmin_d1": 13.8, "tmin_d2": 13.0, "tmin_d3": 12.5, "tmin_d4": 10.4, "tmin_d5": 9.4, "tmin_d6": 12.0, "day_of_year": 232, "uuid": "fe8316be-4d58-4a68-8790-4ad8a9e77c94", "inat_id": 236847397}}, {"type": "Feature", "geometry": {"type": "Point", "coordinates": [-105.7335799975, 39.4542442639]}, "properties": {"species": "Fomitopsis schrenkii", "date": "2024-08-25", "location": "Colorado, US", "elevation": 2964.0, "land_cover_label": "Tree cover", "water_mask": false, "exclude_reason": "keep", "ndvi": null, "soil_moisture": 0.3626799912703556, "solar_exposure": 0.8170145750045776, "wind_exposure": 0.4084376394748688, "water_retention": 0.162379965186119, "slope": 11.229666709899902, "aspect": 88.43341827392578, "num_identification_agreements": 1, "cluster": 0, "tavg": null, "tmin": 1.5, "tmax": 12.8, "prcp_d0": 0.2646224498748779, "prcp_d1": 1.407272458076477, "prcp_d2": 3.700026750564575, "prcp_d3": 11.046042442321776, "prcp_d4": 3.791962146759033, "prcp_d5": 0.0, "prcp_d6": 0.0, "tmax_d0": 18.6, "tmax_d1": 20.1, "tmax_d2": 19.4, "tmax_d3": 19.2, "tmax_d4": 20.6, "tmax_d5": 22.8, "tmax_d6": 21.0, "tmin_d0": 3.5, "tmin_d1": 4.9, "tmin_d2": 4.6, "tmin_d3": 7.5, "tmin_d4": 5.8, "tmin_d5": 3.9, "tmin_d6": 6.4, "day_of_year": 238, "uuid": "94a82b6e-c688-4816-93c4-6a15c5c59eb9", "inat_id": 238002956}}, {"type": "Feature", "geometry": {"type": "Point", "coordinates": [-106.3935418054, 35.8969167689]}, "properties": {"species": "Fomitopsis schrenkii", "date": "2024-08-25", "location": "Los Alamos County, NM, USA", "elevation": 2835.0, "land_cover_label": "Tree cover", "water_mask": false, "exclude_reason": "keep", "ndvi": null, "soil_moisture": null, "solar_exposure": null, "wind_exposure": null, "water_retention": null, "slope": null, "aspect": null, "num_identification_agreements": 1, "cluster": 0, "tavg": null, "tmin": 13.2, "tmax": 26.7, "prcp_d0": 3.593494176864624, "prcp_d1": 3.711301803588867, "prcp_d2": 3.872821092605591, "prcp_d3": 0.0, "prcp_d4": 0.1504483520984649, "prcp_d5": 0.0, "prcp_d6": 0.0, "tmax_d0": 19.7, "tmax_d1": 19.9, "tmax_d2": 20.2, "tmax_d3": 22.3, "tmax_d4": 23.8, "tmax_d5": 24.2, "tmax_d6": 23.5, "tmin_d0": 9.1, "tmin_d1": 9.9, "tmin_d2": 10.0, "tmin_d3": 11.5, "tmin_d4": 13.5, "tmin_d5": 13.1, "tmin_d6": 14.5, "day_of_year": 238, "uuid": "baa14dfc-95a5-4aff-8ee5-02467128c21d", "inat_id": 238018193}}, {"type": "Feature", "geometry": {"type": "Point", "coordinates": [-105.6204416667, 35.8393555556]}, "properties": {"species": "Fomitopsis schrenkii", "date": "2024-08-31", "location": "San Miguel County, US-NM, US", "elevation": 2888.0, "land_cover_label": "Tree cover", "water_mask": false, "exclude_reason": "keep", "ndvi": null, "soil_moisture": null, "solar_exposure": null, "wind_exposure": null, "water_retention": null, "slope": null, "aspect": null, "num_identification_agreements": 2, "cluster": 0, "tavg": null, "tmin": 8.9, "tmax": 26.1, "prcp_d0": 7.625212310813367e-05, "prcp_d1": 7.956981182098389, "prcp_d2": 2.931371688842773, "prcp_d3": 0.4959683418273926, "prcp_d4": 5.942079067230225, "prcp_d5": 0.9919620156288148, "prcp_d6": 0.5435343384742737, "tmax_d0": 18.5, "tmax_d1": 17.4, "tmax_d2": 18.5, "tmax_d3": 19.1, "tmax_d4": 18.7, "tmax_d5": 19.3, "tmax_d6": 19.7, "tmin_d0": 3.9, "tmin_d1": 6.0, "tmin_d2": 6.3, "tmin_d3": 7.4, "tmin_d4": 6.7, "tmin_d5": 8.0, "tmin_d6": 8.3, "day_of_year": 244, "uuid": "58a70645-d9a2-4af4-bd3e-9e8632fb7e81", "inat_id": 239064777}}, {"type": "Feature", "geometry": {"type": "Point", "coordinates": [-105.6204350387, 35.8404465253]}, "properties": {"species": "Fomitopsis schrenkii", "date": "2024-08-31", "location": "San Miguel County, US-NM, US", "elevation": 2871.0, "land_cover_label": "Tree cover", "water_mask": false, "exclude_reason": "keep", "ndvi": null, "soil_moisture": null, "solar_exposure": null, "wind_exposure": null, "water_retention": null, "slope": null, "aspect": null, "num_identification_agreements": 2, "cluster": 0, "tavg": null, "tmin": 8.9, "tmax": 26.1, "prcp_d0": 7.625212310813367e-05, "prcp_d1": 7.956981182098389, "prcp_d2": 2.931371688842773, "prcp_d3": 0.4959683418273926, "prcp_d4": 5.942079067230225, "prcp_d5": 0.9919620156288148, "prcp_d6": 0.5435343384742737, "tmax_d0": 18.5, "tmax_d1": 17.4, "tmax_d2": 18.5, "tmax_d3": 19.1, "tmax_d4": 18.7, "tmax_d5": 19.3, "tmax_d6": 19.7, "tmin_d0": 3.9, "tmin_d1": 6.0, "tmin_d2": 6.3, "tmin_d3": 7.4, "tmin_d4": 6.7, "tmin_d5": 8.0, "tmin_d6": 8.3, "day_of_year": 244, "uuid": "6fc57207-9b1e-4fae-b3fe-8cad7943d67c", "inat_id": 239063353}}, {"type": "Feature", "geometry": {"type": "Point", "coordinates": [-107.0955805, 37.4831866667]}, "properties": {"species": "Fomitopsis schrenkii", "date": "2024-09-03", "location": "San Juan National Forest - Headquarters, Creede, CO, US", "elevation": 2661.0, "land_cover_label": "Tree cover", "water_mask": false, "exclude_reason": "keep", "ndvi": null, "soil_moisture": null, "solar_exposure": null, "wind_exposure": null, "water_retention": null, "slope": null, "aspect": null, "num_identification_agreements": 1, "cluster": 0, "tavg": null, "tmin": 5.0, "tmax": 15.0, "prcp_d0": 0.0, "prcp_d1": 0.0, "prcp_d2": 0.0, "prcp_d3": 0.0253883153200149, "prcp_d4": 0.978087306022644, "prcp_d5": 3.3186888694763184, "prcp_d6": 0.308858722448349, "tmax_d0": 21.8, "tmax_d1": 20.2, "tmax_d2": 21.8, "tmax_d3": 21.9, "tmax_d4": 21.3, "tmax_d5": 21.5, "tmax_d6": 21.1, "tmin_d0": 5.8, "tmin_d1": 7.9, "tmin_d2": 4.8, "tmin_d3": 8.2, "tmin_d4": 5.5, "tmin_d5": 8.0, "tmin_d6": 9.5, "day_of_year": 247, "uuid": "b67c7154-b32b-49b3-8f30-a7b8ec5f06a7", "inat_id": 263023433}}, {"type": "Feature", "geometry": {"type": "Point", "coordinates": [-105.2245633333, 36.530455]}, "properties": {"species": "Fomitopsis schrenkii", "date": "2024-09-06", "location": "Tolby Creek Trail, Ute Park, NM, US", "elevation": 2522.0, "land_cover_label": "Tree cover", "water_mask": false, "exclude_reason": "keep", "ndvi": null, "soil_moisture": null, "solar_exposure": null, "wind_exposure": null, "water_retention": null, "slope": null, "aspect": null, "num_identification_agreements": 1, "cluster": 0, "tavg": null, "tmin": 3.9, "tmax": 20.9, "prcp_d0": 5.983032703399658, "prcp_d1": 9.74350357055664, "prcp_d2": 0.0, "prcp_d3": 0.0, "prcp_d4": 0.0, "prcp_d5": 0.0, "prcp_d6": 1.2962918845005331e-06, "tmax_d0": 19.3, "tmax_d1": 20.5, "tmax_d2": 23.4, "tmax_d3": 22.7, "tmax_d4": 20.2, "tmax_d5": 19.7, "tmax_d6": 21.2, "tmin_d0": 3.4, "tmin_d1": 7.5, "tmin_d2": 7.4, "tmin_d3": 4.3, "tmin_d4": 5.3, "tmin_d5": 7.6, "tmin_d6": 4.3, "day_of_year": 250, "uuid": "4b21bfae-cd15-4f42-9f88-6c3e6158c21b", "inat_id": 240557242}}, {"type": "Feature", "geometry": {"type": "Point", "coordinates": [-105.066005532, 39.2208625334]}, "properties": {"species": "Fomitopsis schrenkii", "date": "2024-09-07", "location": "Douglas County, US-CO, US", "elevation": 2706.0, "land_cover_label": "Tree cover", "water_mask": false, "exclude_reason": "keep", "ndvi": null, "soil_moisture": 0.1604513941632661, "solar_exposure": 0.8056229948997498, "wind_exposure": 0.3342866897583008, "water_retention": 0.3561176359653473, "slope": 3.210911750793457, "aspect": 345.3626708984375, "num_identification_agreements": 2, "cluster": 0, "tavg": null, "tmin": 8.4, "tmax": 26.9, "prcp_d0": 0.0, "prcp_d1": 0.0, "prcp_d2": 13.021736145019531, "prcp_d3": 0.0, "prcp_d4": 0.0, "prcp_d5": 0.0, "prcp_d6": 0.0, "tmax_d0": 21.3, "tmax_d1": 19.8, "tmax_d2": 14.6, "tmax_d3": 21.8, "tmax_d4": 25.2, "tmax_d5": 23.9, "tmax_d6": 21.8, "tmin_d0": 7.5, "tmin_d1": 5.1, "tmin_d2": 6.2, "tmin_d3": 10.4, "tmin_d4": 9.3, "tmin_d5": 9.9, "tmin_d6": 9.7, "day_of_year": 251, "uuid": "db509587-c165-4cf2-93ce-8cd10f1ecd75", "inat_id": 240469160}}, {"type": "Feature", "geometry": {"type": "Point", "coordinates": [-106.5863664821, 35.8209270891]}, "properties": {"species": "Fomitopsis schrenkii", "date": "2024-09-14", "location": "Jemez Springs, NM 87025, USA", "elevation": 2480.0, "land_cover_label": "Grassland", "water_mask": false, "exclude_reason": "keep", "ndvi": null, "soil_moisture": null, "solar_exposure": null, "wind_exposure": null, "water_retention": null, "slope": null, "aspect": null, "num_identification_agreements": 1, "cluster": 0, "tavg": null, "tmin": 15.1, "tmax": 27.9, "prcp_d0": 0.0, "prcp_d1": 0.0, "prcp_d2": 0.0, "prcp_d3": 0.0, "prcp_d4": 0.0, "prcp_d5": 0.0, "prcp_d6": 0.0, "tmax_d0": 23.2, "tmax_d1": 21.2, "tmax_d2": 22.4, "tmax_d3": 22.3, "tmax_d4": 22.1, "tmax_d5": 21.6, "tmax_d6": 21.4, "tmin_d0": 7.3, "tmin_d1": 10.5, "tmin_d2": 8.1, "tmin_d3": 7.6, "tmin_d4": 5.8, "tmin_d5": 7.4, "tmin_d6": 9.0, "day_of_year": 258, "uuid": "c07402b8-45c9-4cdd-b44c-e9e9acdc647c", "inat_id": 241983537}}, {"type": "Feature", "geometry": {"type": "Point", "coordinates": [-106.5846947953, 35.8218715206]}, "properties": {"species": "Fomitopsis schrenkii", "date": "2024-09-14", "location": "Jemez Springs, NM 87025, USA", "elevation": 2497.0, "land_cover_label": "Tree cover", "water_mask": false, "exclude_reason": "keep", "ndvi": null, "soil_moisture": null, "solar_exposure": null, "wind_exposure": null, "water_retention": null, "slope": null, "aspect": null, "num_identification_agreements": 1, "cluster": 0, "tavg": null, "tmin": 15.1, "tmax": 27.9, "prcp_d0": 0.0, "prcp_d1": 0.0, "prcp_d2": 0.0, "prcp_d3": 0.0, "prcp_d4": 0.0, "prcp_d5": 0.0, "prcp_d6": 0.0, "tmax_d0": 23.2, "tmax_d1": 21.2, "tmax_d2": 22.4, "tmax_d3": 22.3, "tmax_d4": 22.1, "tmax_d5": 21.6, "tmax_d6": 21.4, "tmin_d0": 7.3, "tmin_d1": 10.5, "tmin_d2": 8.1, "tmin_d3": 7.6, "tmin_d4": 5.8, "tmin_d5": 7.4, "tmin_d6": 9.0, "day_of_year": 258, "uuid": "d595413a-ef75-4d70-a6b7-1124e7555366", "inat_id": 241774865}}, {"type": "Feature", "geometry": {"type": "Point", "coordinates": [-106.3928216667, 35.8918783333]}, "properties": {"species": "Fomitopsis schrenkii", "date": "2024-09-21", "location": "Pajarito Mountain, Los Alamos, NM, US", "elevation": 2886.0, "land_cover_label": "Tree cover", "water_mask": false, "exclude_reason": "keep", "ndvi": null, "soil_moisture": null, "solar_exposure": null, "wind_exposure": null, "water_retention": null, "slope": null, "aspect": null, "num_identification_agreements": 1, "cluster": 0, "tavg": null, "tmin": 10.8, "tmax": 21.2, "prcp_d0": 7.539669513702393, "prcp_d1": 0.0, "prcp_d2": 0.0, "prcp_d3": 0.0, "prcp_d4": 0.0, "prcp_d5": 6.61293888092041, "prcp_d6": 0.0, "tmax_d0": 15.8, "tmax_d1": 17.4, "tmax_d2": 16.6, "tmax_d3": 16.3, "tmax_d4": 13.1, "tmax_d5": 16.5, "tmax_d6": 18.7, "tmin_d0": 6.6, "tmin_d1": 7.1, "tmin_d2": 5.2, "tmin_d3": 4.0, "tmin_d4": 6.2, "tmin_d5": 7.3, "tmin_d6": 10.2, "day_of_year": 265, "uuid": "9aade5cc-8a63-45aa-8649-c1e44314001e", "inat_id": 243179166}}, {"type": "Feature", "geometry": {"type": "Point", "coordinates": [-106.1282361667, 39.6307833333]}, "properties": {"species": "Fomitopsis schrenkii", "date": "2024-09-21", "location": "White River National Forest, Silverthorne, CO, US", "elevation": 2940.0, "land_cover_label": "Tree cover", "water_mask": false, "exclude_reason": "keep", "ndvi": null, "soil_moisture": null, "solar_exposure": null, "wind_exposure": null, "water_retention": null, "slope": null, "aspect": null, "num_identification_agreements": 1, "cluster": 0, "tavg": null, "tmin": 2.0, "tmax": 15.0, "prcp_d0": 0.0, "prcp_d1": 0.0, "prcp_d2": 0.0, "prcp_d3": 0.0, "prcp_d4": 0.0, "prcp_d5": 0.0, "prcp_d6": 0.0, "tmax_d0": 15.6, "tmax_d1": 18.8, "tmax_d2": 17.2, "tmax_d3": 15.1, "tmax_d4": 15.8, "tmax_d5": 16.1, "tmax_d6": 17.3, "tmin_d0": -1.1, "tmin_d1": -0.3, "tmin_d2": -2.2, "tmin_d3": 0.1, "tmin_d4": 0.9, "tmin_d5": 0.2, "tmin_d6": 0.1, "day_of_year": 265, "uuid": "f689747f-4e61-4574-ab14-091eddc27487", "inat_id": 243234069}}, {"type": "Feature", "geometry": {"type": "Point", "coordinates": [-106.12375, 39.62722]}, "properties": {"species": "Fomitopsis schrenkii", "date": "2024-09-21", "location": "Summit County, US-CO, US", "elevation": 2945.0, "land_cover_label": "Tree cover", "water_mask": false, "exclude_reason": "keep", "ndvi": null, "soil_moisture": null, "solar_exposure": null, "wind_exposure": null, "water_retention": null, "slope": null, "aspect": null, "num_identification_agreements": 1, "cluster": 0, "tavg": null, "tmin": 2.0, "tmax": 15.0, "prcp_d0": 0.0, "prcp_d1": 0.0, "prcp_d2": 0.0, "prcp_d3": 0.0, "prcp_d4": 0.0, "prcp_d5": 0.0, "prcp_d6": 0.0, "tmax_d0": 15.4, "tmax_d1": 18.6, "tmax_d2": 17.0, "tmax_d3": 14.9, "tmax_d4": 15.6, "tmax_d5": 15.9, "tmax_d6": 17.1, "tmin_d0": -1.3, "tmin_d1": -0.5, "tmin_d2": -2.4, "tmin_d3": -0.1, "tmin_d4": 0.7, "tmin_d5": -0.0, "tmin_d6": -0.1, "day_of_year": 265, "uuid": "3b8a9a61-f7e2-41b0-a9b7-81fe437d42b4", "inat_id": 243215774}}, {"type": "Feature", "geometry": {"type": "Point", "coordinates": [-106.1287083333, 39.6304116667]}, "properties": {"species": "Fomitopsis schrenkii", "date": "2024-09-21", "location": "White River National Forest, Silverthorne, CO, US", "elevation": 2940.0, "land_cover_label": "Tree cover", "water_mask": false, "exclude_reason": "keep", "ndvi": null, "soil_moisture": null, "solar_exposure": null, "wind_exposure": null, "water_retention": null, "slope": null, "aspect": null, "num_identification_agreements": 1, "cluster": 0, "tavg": null, "tmin": 2.0, "tmax": 15.0, "prcp_d0": 0.0, "prcp_d1": 0.0, "prcp_d2": 0.0, "prcp_d3": 0.0, "prcp_d4": 0.0, "prcp_d5": 0.0, "prcp_d6": 0.0, "tmax_d0": 15.6, "tmax_d1": 18.7, "tmax_d2": 17.2, "tmax_d3": 15.1, "tmax_d4": 15.7, "tmax_d5": 16.1, "tmax_d6": 17.3, "tmin_d0": -1.1, "tmin_d1": -0.4, "tmin_d2": -2.3, "tmin_d3": 0.1, "tmin_d4": 0.8, "tmin_d5": 0.1, "tmin_d6": 0.1, "day_of_year": 265, "uuid": "fde903ff-2dcc-43ed-b747-06d15a8ec24d", "inat_id": 243228442}}, {"type": "Feature", "geometry": {"type": "Point", "coordinates": [-105.39252354, 39.51150873]}, "properties": {"species": "Fomitopsis schrenkii", "date": "2024-09-27", "location": "GJ64+5M, Pine Junction Area, CO 80470, USA", "elevation": 2631.0, "land_cover_label": "Grassland", "water_mask": false, "exclude_reason": "keep", "ndvi": null, "soil_moisture": 0.1870513898488139, "solar_exposure": 0.8832961320877075, "wind_exposure": 0.2870694994926452, "water_retention": 0.2034656107425689, "slope": 6.1612229347229, "aspect": 221.0424041748047, "num_identification_agreements": 1, "cluster": 0, "tavg": null, "tmin": 0.7, "tmax": 11.9, "prcp_d0": 0.0, "prcp_d1": 0.0, "prcp_d2": 0.0, "prcp_d3": 0.0, "prcp_d4": 0.0, "prcp_d5": 16.68821907043457, "prcp_d6": 0.0, "tmax_d0": 21.1, "tmax_d1": 24.1, "tmax_d2": 22.8, "tmax_d3": 18.2, "tmax_d4": 17.9, "tmax_d5": 10.7, "tmax_d6": 20.3, "tmin_d0": 10.0, "tmin_d1": 4.1, "tmin_d2": 4.3, "tmin_d3": 2.5, "tmin_d4": 1.1, "tmin_d5": 2.0, "tmin_d6": 5.3, "day_of_year": 271, "uuid": "3a5f727c-04de-4447-a7c4-a6554cc75e71", "inat_id": 244403161}}, {"type": "Feature", "geometry": {"type": "Point", "coordinates": [-105.185575, 37.61065]}, "properties": {"species": "Fomitopsis schrenkii", "date": "2024-09-27", "location": "La Veta, CO 81055, USA", "elevation": 2857.0, "land_cover_label": "Bare / sparse vegetation", "water_mask": false, "exclude_reason": "keep", "ndvi": null, "soil_moisture": null, "solar_exposure": null, "wind_exposure": null, "water_retention": null, "slope": null, "aspect": null, "num_identification_agreements": 1, "cluster": 0, "tavg": null, "tmin": 10.0, "tmax": 19.0, "prcp_d0": 0.0, "prcp_d1": 0.0, "prcp_d2": 0.0, "prcp_d3": 0.0, "prcp_d4": 0.0, "prcp_d5": 0.0, "prcp_d6": 0.0, "tmax_d0": 19.4, "tmax_d1": 21.7, "tmax_d2": 20.3, "tmax_d3": 17.1, "tmax_d4": 15.5, "tmax_d5": 9.1, "tmax_d6": 16.1, "tmin_d0": 8.4, "tmin_d1": 8.8, "tmin_d2": 4.6, "tmin_d3": 4.5, "tmin_d4": 1.8, "tmin_d5": 1.6, "tmin_d6": 8.0, "day_of_year": 271, "uuid": "d985b544-8787-4d16-9902-47e93dea9100", "inat_id": 244422833}}, {"type": "Feature", "geometry": {"type": "Point", "coordinates": [-105.6111696901, 36.18948194]}, "properties": {"species": "Fomitopsis schrenkii", "date": "2024-09-28", "location": "Taos, New Mexico, United States", "elevation": 2566.0, "land_cover_label": "Tree cover", "water_mask": false, "exclude_reason": "keep", "ndvi": null, "soil_moisture": null, "solar_exposure": null, "wind_exposure": null, "water_retention": null, "slope": null, "aspect": null, "num_identification_agreements": 1, "cluster": 0, "tavg": null, "tmin": 12.8, "tmax": 24.0, "prcp_d0": 0.0, "prcp_d1": 0.0, "prcp_d2": 0.0, "prcp_d3": 0.0, "prcp_d4": 0.0, "prcp_d5": 0.0, "prcp_d6": 0.0, "tmax_d0": null, "tmax_d1": null, "tmax_d2": null, "tmax_d3": null, "tmax_d4": null, "tmax_d5": null, "tmax_d6": null, "tmin_d0": null, "tmin_d1": null, "tmin_d2": null, "tmin_d3": null, "tmin_d4": null, "tmin_d5": null, "tmin_d6": null, "day_of_year": 272, "uuid": "913eadca-cceb-4d3a-a4a2-997154e49967", "inat_id": 350625439}}, {"type": "Feature", "geometry": {"type": "Point", "coordinates": [-107.748962, 39.8549009722]}, "properties": {"species": "Fomitopsis schrenkii", "date": "2024-10-02", "location": "Meeker, CO 81641, USA", "elevation": 2333.0, "land_cover_label": "Tree cover", "water_mask": false, "exclude_reason": "keep", "ndvi": null, "soil_moisture": null, "solar_exposure": null, "wind_exposure": null, "water_retention": null, "slope": null, "aspect": null, "num_identification_agreements": 1, "cluster": 0, "tavg": null, "tmin": 1.1, "tmax": 26.7, "prcp_d0": 1.8137786388397217, "prcp_d1": 3.155033826828003, "prcp_d2": 0.0, "prcp_d3": 0.0, "prcp_d4": 0.0, "prcp_d5": 0.0, "prcp_d6": 0.0, "tmax_d0": 23.2, "tmax_d1": 23.7, "tmax_d2": 24.7, "tmax_d3": 25.6, "tmax_d4": 26.0, "tmax_d5": 25.7, "tmax_d6": 24.5, "tmin_d0": 10.2, "tmin_d1": 7.5, "tmin_d2": 13.3, "tmin_d3": 13.9, "tmin_d4": 11.4, "tmin_d5": 9.2, "tmin_d6": 13.1, "day_of_year": 276, "uuid": "2199df7c-afb4-4d36-b24b-c23b2aefd6e1", "inat_id": 245314782}}, {"type": "Feature", "geometry": {"type": "Point", "coordinates": [-103.439438486, 43.847407471]}, "properties": {"species": "Fomitopsis schrenkii", "date": "2024-10-03", "location": "Black Hills National Forest, Custer, SD, US", "elevation": 1552.0, "land_cover_label": "Tree cover", "water_mask": false, "exclude_reason": "keep", "ndvi": null, "soil_moisture": null, "solar_exposure": null, "wind_exposure": null, "water_retention": null, "slope": null, "aspect": null, "num_identification_agreements": 2, "cluster": 0, "tavg": null, "tmin": 5.6, "tmax": 12.8, "prcp_d0": 0.0, "prcp_d1": 0.6333250999450684, "prcp_d2": 0.1243367344141006, "prcp_d3": 0.0, "prcp_d4": 0.0, "prcp_d5": 0.0, "prcp_d6": 0.0, "tmax_d0": 16.6, "tmax_d1": 23.6, "tmax_d2": 18.7, "tmax_d3": 23.9, "tmax_d4": 28.6, "tmax_d5": 26.9, "tmax_d6": 25.2, "tmin_d0": 6.0, "tmin_d1": 14.4, "tmin_d2": 1.9, "tmin_d3": 8.9, "tmin_d4": 17.5, "tmin_d5": 16.3, "tmin_d6": 12.1, "day_of_year": 277, "uuid": "13ab8e9d-9eac-4a6d-93d4-9af788673905", "inat_id": 245425079}}, {"type": "Feature", "geometry": {"type": "Point", "coordinates": [-106.5065, 37.0384833333]}, "properties": {"species": "Fomitopsis schrenkii", "date": "2024-10-03", "location": "Rio Grande National Forest, Antonito, CO, US", "elevation": 3417.0, "land_cover_label": "Tree cover", "water_mask": false, "exclude_reason": "keep", "ndvi": null, "soil_moisture": null, "solar_exposure": null, "wind_exposure": null, "water_retention": null, "slope": null, "aspect": null, "num_identification_agreements": 1, "cluster": 0, "tavg": null, "tmin": null, "tmax": null, "prcp_d0": 1.7520228624343872, "prcp_d1": 0.0937440246343612, "prcp_d2": 2.8343656063079834, "prcp_d3": 0.0, "prcp_d4": 0.0, "prcp_d5": 0.0, "prcp_d6": 0.0, "tmax_d0": 14.9, "tmax_d1": 14.3, "tmax_d2": 14.2, "tmax_d3": 15.4, "tmax_d4": 14.3, "tmax_d5": 14.0, "tmax_d6": 14.7, "tmin_d0": 1.7, "tmin_d1": 0.7, "tmin_d2": 2.4, "tmin_d3": 3.2, "tmin_d4": 2.7, "tmin_d5": 2.4, "tmin_d6": 4.4, "day_of_year": 277, "uuid": "c17ff1e4-1359-472b-99f4-41b2ee67eded", "inat_id": 245581130}}, {"type": "Feature", "geometry": {"type": "Point", "coordinates": [-105.0170898046, 38.9292855332]}, "properties": {"species": "Fomitopsis schrenkii", "date": "2024-10-04", "location": "Pike and San Isabel National Forests, Green Mountain Falls, CO, US", "elevation": 2443.0, "land_cover_label": "Tree cover", "water_mask": false, "exclude_reason": "keep", "ndvi": null, "soil_moisture": null, "solar_exposure": null, "wind_exposure": null, "water_retention": null, "slope": null, "aspect": null, "num_identification_agreements": 1, "cluster": 0, "tavg": null, "tmin": 1.5, "tmax": 23.1, "prcp_d0": 0.0, "prcp_d1": 0.0, "prcp_d2": 0.0003323990094941, "prcp_d3": 2.1163718700408936, "prcp_d4": 0.0, "prcp_d5": 0.0, "prcp_d6": 0.0, "tmax_d0": 22.1, "tmax_d1": 22.9, "tmax_d2": 26.2, "tmax_d3": 18.3, "tmax_d4": 25.7, "tmax_d5": 24.3, "tmax_d6": 22.3, "tmin_d0": 5.0, "tmin_d1": 9.6, "tmin_d2": 9.5, "tmin_d3": 3.7, "tmin_d4": 11.2, "tmin_d5": 8.7, "tmin_d6": 10.7, "day_of_year": 278, "uuid": "7eac51ac-b2e4-4633-bf6e-cf8abb71564b", "inat_id": 245593806}}, {"type": "Feature", "geometry": {"type": "Point", "coordinates": [-105.0154949421, 38.9475223106]}, "properties": {"species": "Fomitopsis schrenkii", "date": "2024-10-04", "location": "Pike and San Isabel National Forests, Green Mountain Falls, CO, US", "elevation": 2454.0, "land_cover_label": "Grassland", "water_mask": false, "exclude_reason": "keep", "ndvi": null, "soil_moisture": null, "solar_exposure": null, "wind_exposure": null, "water_retention": null, "slope": null, "aspect": null, "num_identification_agreements": 1, "cluster": 0, "tavg": null, "tmin": 1.5, "tmax": 23.1, "prcp_d0": 0.0, "prcp_d1": 0.0, "prcp_d2": 0.0003323990094941, "prcp_d3": 2.1163718700408936, "prcp_d4": 0.0, "prcp_d5": 0.0, "prcp_d6": 0.0, "tmax_d0": 21.9, "tmax_d1": 22.7, "tmax_d2": 26.0, "tmax_d3": 18.1, "tmax_d4": 25.5, "tmax_d5": 24.1, "tmax_d6": 22.0, "tmin_d0": 4.7, "tmin_d1": 9.3, "tmin_d2": 9.2, "tmin_d3": 3.5, "tmin_d4": 10.9, "tmin_d5": 8.5, "tmin_d6": 10.4, "day_of_year": 278, "uuid": "fc0a214a-9358-4333-938a-24530bf909e9", "inat_id": 245666271}}, {"type": "Feature", "geometry": {"type": "Point", "coordinates": [-105.4795533333, 36.1322138333]}, "properties": {"species": "Fomitopsis schrenkii", "date": "2024-10-05", "location": "Carson National Forest, Vadito, NM, US", "elevation": 2666.0, "land_cover_label": "Tree cover", "water_mask": false, "exclude_reason": "keep", "ndvi": null, "soil_moisture": null, "solar_exposure": null, "wind_exposure": null, "water_retention": null, "slope": null, "aspect": null, "num_identification_agreements": 1, "cluster": 0, "tavg": null, "tmin": -2.9, "tmax": 22.5, "prcp_d0": 7.725295290583745e-06, "prcp_d1": 0.0, "prcp_d2": 0.0, "prcp_d3": 0.0001036578833009, "prcp_d4": 1.951160550117493, "prcp_d5": 0.0, "prcp_d6": 0.0, "tmax_d0": 20.0, "tmax_d1": 19.7, "tmax_d2": 20.1, "tmax_d3": 20.1, "tmax_d4": 18.8, "tmax_d5": 21.4, "tmax_d6": 20.3, "tmin_d0": 4.2, "tmin_d1": 4.8, "tmin_d2": 10.2, "tmin_d3": 7.2, "tmin_d4": 6.1, "tmin_d5": 7.7, "tmin_d6": 6.6, "day_of_year": 279, "uuid": "7e84570b-98ff-48a0-8617-728738a4e30f", "inat_id": 245856204}}, {"type": "Feature", "geometry": {"type": "Point", "coordinates": [-103.458245, 43.7560883333]}, "properties": {"species": "Fomitopsis schrenkii", "date": "2024-10-10", "location": "Custer State Park, Custer, SD, US", "elevation": 1520.0, "land_cover_label": "Grassland", "water_mask": false, "exclude_reason": "keep", "ndvi": null, "soil_moisture": null, "solar_exposure": null, "wind_exposure": null, "water_retention": null, "slope": null, "aspect": null, "num_identification_agreements": 2, "cluster": 0, "tavg": null, "tmin": 6.1, "tmax": 26.7, "prcp_d0": 0.0, "prcp_d1": 0.0, "prcp_d2": 0.0, "prcp_d3": 0.0, "prcp_d4": 0.0, "prcp_d5": 0.7150766253471375, "prcp_d6": 0.605329692363739, "tmax_d0": 26.4, "tmax_d1": 23.8, "tmax_d2": 21.7, "tmax_d3": 20.8, "tmax_d4": 18.0, "tmax_d5": 19.2, "tmax_d6": 22.2, "tmin_d0": 12.7, "tmin_d1": 8.5, "tmin_d2": 10.3, "tmin_d3": 7.2, "tmin_d4": 3.3, "tmin_d5": 11.3, "tmin_d6": 6.9, "day_of_year": 284, "uuid": "367ab434-0892-485c-b067-b88ade331a89", "inat_id": 246701980}}, {"type": "Feature", "geometry": {"type": "Point", "coordinates": [-105.4692493265, 36.5540642444]}, "properties": {"species": "Fomitopsis schrenkii", "date": "2024-10-11", "location": "New Mexico, US", "elevation": 3169.0, "land_cover_label": "Tree cover", "water_mask": false, "exclude_reason": "keep", "ndvi": null, "soil_moisture": null, "solar_exposure": null, "wind_exposure": null, "water_retention": null, "slope": null, "aspect": null, "num_identification_agreements": 1, "cluster": 0, "tavg": null, "tmin": 1.7, "tmax": 25.0, "prcp_d0": 0.0, "prcp_d1": 0.0, "prcp_d2": 0.0, "prcp_d3": 0.0, "prcp_d4": 0.0, "prcp_d5": 0.0, "prcp_d6": 4.825880751013756e-06, "tmax_d0": 15.0, "tmax_d1": 14.1, "tmax_d2": 13.8, "tmax_d3": 14.4, "tmax_d4": 14.5, "tmax_d5": 15.8, "tmax_d6": 15.5, "tmin_d0": 4.8, "tmin_d1": 3.0, "tmin_d2": 3.3, "tmin_d3": 3.5, "tmin_d4": 4.0, "tmin_d5": 5.0, "tmin_d6": 4.8, "day_of_year": 285, "uuid": "32becc49-16f1-4b67-837d-e10807426f4a", "inat_id": 247250198}}, {"type": "Feature", "geometry": {"type": "Point", "coordinates": [-107.8583966667, 39.5131116667]}, "properties": {"species": "Fomitopsis schrenkii", "date": "2024-10-13", "location": "Rifle, CO, US", "elevation": 1600.0, "land_cover_label": "Grassland", "water_mask": false, "exclude_reason": "keep", "ndvi": null, "soil_moisture": null, "solar_exposure": null, "wind_exposure": null, "water_retention": null, "slope": null, "aspect": null, "num_identification_agreements": 1, "cluster": 0, "tavg": null, "tmin": 4.4, "tmax": 25.6, "prcp_d0": 0.0, "prcp_d1": 0.0, "prcp_d2": 0.0, "prcp_d3": 0.0, "prcp_d4": 0.0, "prcp_d5": 0.0, "prcp_d6": 0.0, "tmax_d0": 26.7, "tmax_d1": 26.9, "tmax_d2": 27.7, "tmax_d3": 27.2, "tmax_d4": 26.5, "tmax_d5": 27.0, "tmax_d6": 26.2, "tmin_d0": 12.9, "tmin_d1": 11.8, "tmin_d2": 13.3, "tmin_d3": 11.2, "tmin_d4": 9.0, "tmin_d5": 7.8, "tmin_d6": 7.5, "day_of_year": 287, "uuid": "0e716b7e-33ab-4614-84fd-75efeb579337", "inat_id": 251802288}}, {"type": "Feature", "geometry": {"type": "Point", "coordinates": [-104.9552916667, 38.9523383333]}, "properties": {"species": "Fomitopsis schrenkii", "date": "2024-10-16", "location": "Pike and San Isabel National Forests, Colorado Springs, CO, US", "elevation": 2868.0, "land_cover_label": "Grassland", "water_mask": false, "exclude_reason": "keep", "ndvi": null, "soil_moisture": null, "solar_exposure": null, "wind_exposure": null, "water_retention": null, "slope": null, "aspect": null, "num_identification_agreements": 1, "cluster": 0, "tavg": null, "tmin": -2.0, "tmax": 21.6, "prcp_d0": 0.0, "prcp_d1": 0.0, "prcp_d2": 0.0, "prcp_d3": 0.0, "prcp_d4": 0.0, "prcp_d5": 0.0, "prcp_d6": 0.0, "tmax_d0": 15.1, "tmax_d1": 13.6, "tmax_d2": 17.4, "tmax_d3": 15.4, "tmax_d4": 17.6, "tmax_d5": 18.5, "tmax_d6": 17.8, "tmin_d0": 3.2, "tmin_d1": 5.8, "tmin_d2": 5.2, "tmin_d3": 5.4, "tmin_d4": 7.9, "tmin_d5": 8.4, "tmin_d6": 9.1, "day_of_year": 290, "uuid": "fb17bc71-2015-4b10-85d2-d72a7842d75d", "inat_id": 247691348}}, {"type": "Feature", "geometry": {"type": "Point", "coordinates": [-104.9524095609, 38.9019180585]}, "properties": {"species": "Fomitopsis schrenkii", "date": "2024-10-21", "location": "Colorado, US", "elevation": 2524.0, "land_cover_label": "Grassland", "water_mask": false, "exclude_reason": "keep", "ndvi": null, "soil_moisture": null, "solar_exposure": null, "wind_exposure": null, "water_retention": null, "slope": null, "aspect": null, "num_identification_agreements": 1, "cluster": 0, "tavg": null, "tmin": 6.3, "tmax": 19.4, "prcp_d0": 3.990032196044922, "prcp_d1": 2.05904507637024, "prcp_d2": 6.177135467529297, "prcp_d3": 0.0, "prcp_d4": 2.05904507637024, "prcp_d5": 0.0, "prcp_d6": 0.0, "tmax_d0": 14.0, "tmax_d1": 13.4, "tmax_d2": 10.1, "tmax_d3": 11.3, "tmax_d4": 16.8, "tmax_d5": 17.2, "tmax_d6": 17.0, "tmin_d0": -0.8, "tmin_d1": 3.5, "tmin_d2": 1.6, "tmin_d3": 3.1, "tmin_d4": 4.4, "tmin_d5": 0.7, "tmin_d6": 8.5, "day_of_year": 295, "uuid": "cc8375fc-cf01-49ce-8aab-e09ddf195080", "inat_id": 248517747}}, {"type": "Feature", "geometry": {"type": "Point", "coordinates": [-105.3473854065, 40.6835019341]}, "properties": {"species": "Fomitopsis schrenkii", "date": "2024-10-30", "location": "Young Gulch Trail", "elevation": 1851.0, "land_cover_label": "Grassland", "water_mask": false, "exclude_reason": "keep", "ndvi": null, "soil_moisture": 0.1570858547825064, "solar_exposure": 0.6682076454162598, "wind_exposure": 0.2708713710308075, "water_retention": 0.4699152112007141, "slope": 16.854265213012695, "aspect": 317.272216796875, "num_identification_agreements": 1, "cluster": 3, "tavg": null, "tmin": 1.1, "tmax": 7.2, "prcp_d0": 0.0, "prcp_d1": 3.519263982772827, "prcp_d2": 1.7596319913864136, "prcp_d3": 1.7596319913864136, "prcp_d4": 0.0, "prcp_d5": 0.0, "prcp_d6": 0.0, "tmax_d0": 4.1, "tmax_d1": 16.3, "tmax_d2": 22.5, "tmax_d3": 20.2, "tmax_d4": 22.0, "tmax_d5": 13.8, "tmax_d6": 14.2, "tmin_d0": -0.8, "tmin_d1": 2.7, "tmin_d2": 6.1, "tmin_d3": 4.3, "tmin_d4": 2.3, "tmin_d5": -1.9, "tmin_d6": 5.8, "day_of_year": 304, "uuid": "0c1f2e8b-813e-48df-99d9-25f22ff974d9", "inat_id": 249848485}}, {"type": "Feature", "geometry": {"type": "Point", "coordinates": [-105.583247, 40.344526]}, "properties": {"species": "Fomitopsis schrenkii", "date": "2024-12-29", "location": "Tuxedo Park, Colorado 80517, USA", "elevation": 2446.0, "land_cover_label": "Tree cover", "water_mask": false, "exclude_reason": "keep", "ndvi": null, "soil_moisture": 0.2934858176727795, "solar_exposure": 0.7694587111473083, "wind_exposure": 0.2936267554759979, "water_retention": 0.4815123081207275, "slope": 7.366739749908447, "aspect": 37.09059524536133, "num_identification_agreements": 1, "cluster": 3, "tavg": null, "tmin": -0.4, "tmax": 5.7, "prcp_d0": 0.0, "prcp_d1": 2.5722110271453857, "prcp_d2": 2.5722110271453857, "prcp_d3": 5.144422054290772, "prcp_d4": 3.235537528991699, "prcp_d5": 0.0, "prcp_d6": 0.0, "tmax_d0": 5.8, "tmax_d1": 1.5, "tmax_d2": -0.9, "tmax_d3": 2.2, "tmax_d4": 6.4, "tmax_d5": 5.3, "tmax_d6": 5.3, "tmin_d0": -0.2, "tmin_d1": -5.1, "tmin_d2": -4.7, "tmin_d3": -5.3, "tmin_d4": -6.5, "tmin_d5": -4.4, "tmin_d6": -6.2, "day_of_year": 364, "uuid": "866ccb29-2a11-4c07-8630-e1a602495fea", "inat_id": 256702242}}, {"type": "Feature", "geometry": {"type": "Point", "coordinates": [-105.8406611111, 35.7277444444]}, "properties": {"species": "Fomitopsis schrenkii", "date": "2025-03-28", "location": "Santa Fe County, NM, USA", "elevation": 2538.0, "land_cover_label": "Tree cover", "water_mask": false, "exclude_reason": "keep", "ndvi": null, "soil_moisture": null, "solar_exposure": null, "wind_exposure": null, "water_retention": null, "slope": null, "aspect": null, "num_identification_agreements": 1, "cluster": 0, "tavg": null, "tmin": 5.0, "tmax": 23.3, "prcp_d0": 0.0, "prcp_d1": 0.0, "prcp_d2": 0.0, "prcp_d3": 0.0, "prcp_d4": 0.0, "prcp_d5": 3.982519388198853, "prcp_d6": 0.0, "tmax_d0": 16.8, "tmax_d1": 17.7, "tmax_d2": 18.2, "tmax_d3": 18.0, "tmax_d4": 16.0, "tmax_d5": 12.6, "tmax_d6": 13.0, "tmin_d0": 4.6, "tmin_d1": 3.8, "tmin_d2": -0.0, "tmin_d3": 2.1, "tmin_d4": 2.7, "tmin_d5": 2.8, "tmin_d6": 1.0, "day_of_year": 87, "uuid": "28ee624c-fd50-4205-902e-2201c8679371", "inat_id": 268619352}}, {"type": "Feature", "geometry": {"type": "Point", "coordinates": [-105.2592783333, 39.34042]}, "properties": {"species": "Fomitopsis schrenkii", "date": "2025-03-30", "location": "Pike and San Isabel National Forests, Bailey, CO, US", "elevation": 2395.0, "land_cover_label": "Tree cover", "water_mask": false, "exclude_reason": "keep", "ndvi": null, "soil_moisture": 0.4119917516647945, "solar_exposure": 0.8612528443336487, "wind_exposure": 0.3189466893672943, "water_retention": 0.2403206378221511, "slope": 3.5760014057159424, "aspect": 127.44369506835938, "num_identification_agreements": 1, "cluster": 0, "tavg": null, "tmin": -9.0, "tmax": 1.9, "prcp_d0": 0.0, "prcp_d1": 7.605347633361816, "prcp_d2": 2.5351157188415527, "prcp_d3": 0.0, "prcp_d4": 0.0, "prcp_d5": 0.0, "prcp_d6": 3.071028232574463, "tmax_d0": 10.5, "tmax_d1": 15.6, "tmax_d2": 17.5, "tmax_d3": 19.0, "tmax_d4": 19.0, "tmax_d5": 14.8, "tmax_d6": 15.2, "tmin_d0": -2.2, "tmin_d1": 0.8, "tmin_d2": 0.9, "tmin_d3": 0.4, "tmin_d4": -1.5, "tmin_d5": -1.4, "tmin_d6": -0.7, "day_of_year": 89, "uuid": "db403af0-1426-495b-b2d4-5937e6b97026", "inat_id": 267829784}}, {"type": "Feature", "geometry": {"type": "Point", "coordinates": [-107.1232373836, 37.3481143018]}, "properties": {"species": "Fomitopsis schrenkii", "date": "2025-04-02", "location": "San Juan National Forest - Headquarters, Pagosa Springs, CO, US", "elevation": 2473.0, "land_cover_label": "Grassland", "water_mask": false, "exclude_reason": "keep", "ndvi": null, "soil_moisture": null, "solar_exposure": null, "wind_exposure": null, "water_retention": null, "slope": null, "aspect": null, "num_identification_agreements": 1, "cluster": 0, "tavg": null, "tmin": -12.0, "tmax": 5.0, "prcp_d0": 0.0, "prcp_d1": 3.529053211212158, "prcp_d2": 0.0, "prcp_d3": 1.6643518209457395, "prcp_d4": 1.6643518209457395, "prcp_d5": 0.0, "prcp_d6": 0.0, "tmax_d0": 3.3, "tmax_d1": 8.9, "tmax_d2": 10.4, "tmax_d3": 7.5, "tmax_d4": 11.8, "tmax_d5": 14.4, "tmax_d6": 17.0, "tmin_d0": -11.4, "tmin_d1": -0.3, "tmin_d2": -7.0, "tmin_d3": -5.7, "tmin_d4": -4.3, "tmin_d5": -0.8, "tmin_d6": -1.3, "day_of_year": 92, "uuid": "2a86c9e3-13fd-46ee-b3f3-af5a97b840f9", "inat_id": 269115098}}, {"type": "Feature", "geometry": {"type": "Point", "coordinates": [-105.3444133333, 40.6682883333]}, "properties": {"species": "Fomitopsis schrenkii", "date": "2025-04-06", "location": "Young Gulch Trail, Bellvue, CO, US", "elevation": 1962.0, "land_cover_label": "Grassland", "water_mask": false, "exclude_reason": "keep", "ndvi": null, "soil_moisture": 0.3159148909033671, "solar_exposure": 0.8358855843544006, "wind_exposure": 0.2453339695930481, "water_retention": 0.2377194464206695, "slope": 14.563952445983888, "aspect": 259.1623229980469, "num_identification_agreements": 1, "cluster": 0, "tavg": null, "tmin": -4.4, "tmax": 16.7, "prcp_d0": 0.0, "prcp_d1": 0.0, "prcp_d2": 0.0, "prcp_d3": 0.0, "prcp_d4": 5.517383098602295, "prcp_d5": 1.839127540588379, "prcp_d6": 2.52590274810791, "tmax_d0": 9.9, "tmax_d1": 2.1, "tmax_d2": 0.5, "tmax_d3": 2.6, "tmax_d4": 4.6, "tmax_d5": 8.2, "tmax_d6": 9.1, "tmin_d0": -9.0, "tmin_d1": -5.2, "tmin_d2": -6.1, "tmin_d3": -6.5, "tmin_d4": -2.8, "tmin_d5": -2.1, "tmin_d6": -0.4, "day_of_year": 96, "uuid": "0615ac10-3c65-450b-8f0d-7b912db95ab4", "inat_id": 269074787}}, {"type": "Feature", "geometry": {"type": "Point", "coordinates": [-105.8339826298, 35.7348247804]}, "properties": {"species": "Fomitopsis schrenkii", "date": "2025-04-13", "location": "Santa Fe County, US-NM, US", "elevation": 2641.0, "land_cover_label": "Tree cover", "water_mask": false, "exclude_reason": "keep", "ndvi": null, "soil_moisture": null, "solar_exposure": null, "wind_exposure": null, "water_retention": null, "slope": null, "aspect": null, "num_identification_agreements": 1, "cluster": 0, "tavg": null, "tmin": 13.3, "tmax": 24.4, "prcp_d0": 0.0, "prcp_d1": 0.0, "prcp_d2": 0.0, "prcp_d3": 0.0, "prcp_d4": 0.0, "prcp_d5": 0.0, "prcp_d6": 0.0, "tmax_d0": 17.6, "tmax_d1": 18.7, "tmax_d2": 18.2, "tmax_d3": 18.2, "tmax_d4": 16.7, "tmax_d5": 13.6, "tmax_d6": 9.9, "tmin_d0": 5.7, "tmin_d1": 2.7, "tmin_d2": 0.9, "tmin_d3": 2.0, "tmin_d4": 1.3, "tmin_d5": 0.6, "tmin_d6": -5.1, "day_of_year": 103, "uuid": "6b0212e1-9fad-468b-8f8e-c8f2be415721", "inat_id": 271824596}}, {"type": "Feature", "geometry": {"type": "Point", "coordinates": [-105.4407344, 40.12704629]}, "properties": {"species": "Fomitopsis schrenkii", "date": "2025-04-13", "location": "Boulder County, US-CO, US", "elevation": 2547.0, "land_cover_label": "Tree cover", "water_mask": false, "exclude_reason": "keep", "ndvi": null, "soil_moisture": 0.3217603737207809, "solar_exposure": 0.8229569792747498, "wind_exposure": 0.2607293426990509, "water_retention": 0.2716850638389587, "slope": 2.247609615325928, "aspect": 313.7474975585937, "num_identification_agreements": 1, "cluster": 0, "tavg": null, "tmin": 6.0, "tmax": 20.0, "prcp_d0": 0.0, "prcp_d1": 5.641166687011719, "prcp_d2": 0.0, "prcp_d3": 0.0, "prcp_d4": 0.0, "prcp_d5": 1.83371376991272, "prcp_d6": 0.0, "tmax_d0": 17.7, "tmax_d1": 20.1, "tmax_d2": 18.3, "tmax_d3": 11.0, "tmax_d4": 12.3, "tmax_d5": 13.7, "tmax_d6": 11.7, "tmin_d0": 1.5, "tmin_d1": -0.5, "tmin_d2": -4.8, "tmin_d3": -6.5, "tmin_d4": -3.3, "tmin_d5": -5.0, "tmin_d6": -7.2, "day_of_year": 103, "uuid": "16da03e1-3f6a-479c-8f0c-3411846c543d", "inat_id": 270276913}}, {"type": "Feature", "geometry": {"type": "Point", "coordinates": [-105.2735445997, 39.5420456]}, "properties": {"species": "Fomitopsis schrenkii", "date": "2025-04-13", "location": "Pleasant Park Corridor, CO, USA", "elevation": 2449.0, "land_cover_label": "Tree cover", "water_mask": false, "exclude_reason": "keep", "ndvi": null, "soil_moisture": 0.3191038431411687, "solar_exposure": 0.7360782027244568, "wind_exposure": 0.3093130588531494, "water_retention": 0.2245946228504181, "slope": 8.968422889709473, "aspect": 344.36669921875, "num_identification_agreements": 1, "cluster": 0, "tavg": null, "tmin": 6.7, "tmax": 18.3, "prcp_d0": 1.8152368068695068, "prcp_d1": 0.0, "prcp_d2": 0.0, "prcp_d3": 0.0, "prcp_d4": 0.0, "prcp_d5": 1.996671319007873, "prcp_d6": 0.0, "tmax_d0": 17.6, "tmax_d1": 20.6, "tmax_d2": 20.1, "tmax_d3": 14.1, "tmax_d4": 14.8, "tmax_d5": 15.1, "tmax_d6": 8.6, "tmin_d0": 0.7, "tmin_d1": -1.4, "tmin_d2": -4.3, "tmin_d3": -4.0, "tmin_d4": -4.6, "tmin_d5": -3.1, "tmin_d6": -6.6, "day_of_year": 103, "uuid": "85a1b3c2-9dcf-4907-9d02-8c3c17b1417b", "inat_id": 270275653}}, {"type": "Feature", "geometry": {"type": "Point", "coordinates": [-106.5318395997, 35.8473500997]}, "properties": {"species": "Fomitopsis schrenkii", "date": "2025-04-25", "location": "Jemez Springs, NM 87025, USA", "elevation": 2714.0, "land_cover_label": "Tree cover", "water_mask": false, "exclude_reason": "keep", "ndvi": null, "soil_moisture": null, "solar_exposure": null, "wind_exposure": null, "water_retention": null, "slope": null, "aspect": null, "num_identification_agreements": 2, "cluster": 0, "tavg": null, "tmin": 7.7, "tmax": 21.7, "prcp_d0": 0.0, "prcp_d1": 0.0, "prcp_d2": 0.0, "prcp_d3": 0.0, "prcp_d4": 0.0, "prcp_d5": 0.0, "prcp_d6": 0.0, "tmax_d0": 15.5, "tmax_d1": 14.0, "tmax_d2": 14.1, "tmax_d3": 12.2, "tmax_d4": 8.9, "tmax_d5": 6.6, "tmax_d6": 1.1, "tmin_d0": 2.1, "tmin_d1": 0.7, "tmin_d2": 1.8, "tmin_d3": -0.9, "tmin_d4": -4.7, "tmin_d5": -8.6, "tmin_d6": -4.4, "day_of_year": 115, "uuid": "c3cd37e7-7004-4e2b-8763-a81b1302953e", "inat_id": 273505566}}, {"type": "Feature", "geometry": {"type": "Point", "coordinates": [-106.5275416667, 35.862325]}, "properties": {"species": "Fomitopsis schrenkii", "date": "2025-04-27", "location": "Valles Caldera National Preserve, Jemez Springs, NM, US", "elevation": 2730.0, "land_cover_label": "Tree cover", "water_mask": false, "exclude_reason": "keep", "ndvi": null, "soil_moisture": null, "solar_exposure": null, "wind_exposure": null, "water_retention": null, "slope": null, "aspect": null, "num_identification_agreements": 1, "cluster": 0, "tavg": null, "tmin": 10.0, "tmax": 20.5, "prcp_d0": 0.0, "prcp_d1": 0.0, "prcp_d2": 0.0, "prcp_d3": 0.0, "prcp_d4": 0.0, "prcp_d5": 0.0, "prcp_d6": 0.0, "tmax_d0": 15.1, "tmax_d1": 15.1, "tmax_d2": 15.5, "tmax_d3": 14.0, "tmax_d4": 14.1, "tmax_d5": 12.2, "tmax_d6": 8.9, "tmin_d0": 2.1, "tmin_d1": 2.7, "tmin_d2": 2.1, "tmin_d3": 0.7, "tmin_d4": 1.8, "tmin_d5": -0.9, "tmin_d6": -4.7, "day_of_year": 117, "uuid": "da9a8a67-8736-4cd0-bcee-06af44e1beee", "inat_id": 277947534}}, {"type": "Feature", "geometry": {"type": "Point", "coordinates": [-107.6882033333, 38.0429833333]}, "properties": {"species": "Fomitopsis schrenkii", "date": "2025-04-30", "location": "Grand Mesa Uncompahgre and Gunnison National Forests, Ouray, CO, US", "elevation": 2560.0, "land_cover_label": "Tree cover", "water_mask": false, "exclude_reason": "keep", "ndvi": null, "soil_moisture": null, "solar_exposure": null, "wind_exposure": null, "water_retention": null, "slope": null, "aspect": null, "num_identification_agreements": 1, "cluster": 0, "tavg": null, "tmin": -8.2, "tmax": 8.6, "prcp_d0": 0.0, "prcp_d1": 0.0, "prcp_d2": 0.0, "prcp_d3": 3.3242974281311035, "prcp_d4": 3.3242974281311035, "prcp_d5": 0.0, "prcp_d6": 0.0, "tmax_d0": 9.4, "tmax_d1": 8.6, "tmax_d2": 7.1, "tmax_d3": 11.2, "tmax_d4": 12.4, "tmax_d5": 12.4, "tmax_d6": 13.6, "tmin_d0": -6.8, "tmin_d1": -8.6, "tmin_d2": -4.7, "tmin_d3": -3.0, "tmin_d4": -1.5, "tmin_d5": -3.4, "tmin_d6": -4.3, "day_of_year": 120, "uuid": "bc138abf-9241-40f6-ab91-7490e258039e", "inat_id": 277858702}}, {"type": "Feature", "geometry": {"type": "Point", "coordinates": [-103.5349491514, 43.8454500518]}, "properties": {"species": "Fomitopsis schrenkii", "date": "2025-05-01", "location": "Custer State Park, Custer, SD, US", "elevation": 1903.0, "land_cover_label": "Tree cover", "water_mask": false, "exclude_reason": "keep", "ndvi": null, "soil_moisture": null, "solar_exposure": null, "wind_exposure": null, "water_retention": null, "slope": null, "aspect": null, "num_identification_agreements": 2, "cluster": 0, "tavg": null, "tmin": 1.7, "tmax": 9.4, "prcp_d0": 0.0, "prcp_d1": 0.0, "prcp_d2": 0.0, "prcp_d3": 23.037328720092773, "prcp_d4": 0.0, "prcp_d5": 0.0, "prcp_d6": 0.0, "tmax_d0": 8.2, "tmax_d1": 11.5, "tmax_d2": 12.1, "tmax_d3": 14.1, "tmax_d4": 20.5, "tmax_d5": 12.9, "tmax_d6": 1.9, "tmin_d0": -1.5, "tmin_d1": 1.7, "tmin_d2": -4.2, "tmin_d3": 0.4, "tmin_d4": 5.4, "tmin_d5": -1.0, "tmin_d6": -2.6, "day_of_year": 121, "uuid": "44401901-cd3c-4219-b0ce-c1e25636db81", "inat_id": 277419356}}, {"type": "Feature", "geometry": {"type": "Point", "coordinates": [-103.534576416, 43.8468093872]}, "properties": {"species": "Fomitopsis schrenkii", "date": "2025-05-02", "location": "Custer", "elevation": 1949.0, "land_cover_label": "Tree cover", "water_mask": false, "exclude_reason": "keep", "ndvi": null, "soil_moisture": null, "solar_exposure": null, "wind_exposure": null, "water_retention": null, "slope": null, "aspect": null, "num_identification_agreements": 2, "cluster": 0, "tavg": null, "tmin": -1.7, "tmax": 12.2, "prcp_d0": 0.0, "prcp_d1": 0.0, "prcp_d2": 0.0, "prcp_d3": 0.0, "prcp_d4": 23.037328720092773, "prcp_d5": 0.0, "prcp_d6": 0.0, "tmax_d0": 12.2, "tmax_d1": 8.0, "tmax_d2": 11.3, "tmax_d3": 11.9, "tmax_d4": 13.9, "tmax_d5": 20.3, "tmax_d6": 12.7, "tmin_d0": -1.4, "tmin_d1": -1.7, "tmin_d2": 1.5, "tmin_d3": -4.4, "tmin_d4": 0.2, "tmin_d5": 5.2, "tmin_d6": -1.2, "day_of_year": 122, "uuid": "bb4959a5-0ba4-4c15-9ff5-6fcd82c055a1", "inat_id": 277776698}}, {"type": "Feature", "geometry": {"type": "Point", "coordinates": [-106.5501033333, 35.8232833333]}, "properties": {"species": "Fomitopsis schrenkii", "date": "2025-05-03", "location": "Sandoval County, US-NM, US", "elevation": 2584.0, "land_cover_label": "Tree cover", "water_mask": false, "exclude_reason": "keep", "ndvi": null, "soil_moisture": null, "solar_exposure": null, "wind_exposure": null, "water_retention": null, "slope": null, "aspect": null, "num_identification_agreements": 1, "cluster": 0, "tavg": null, "tmin": 4.4, "tmax": 18.2, "prcp_d0": 2.6650912761688232, "prcp_d1": 5.330182552337647, "prcp_d2": 0.0, "prcp_d3": 0.0, "prcp_d4": 0.0, "prcp_d5": 0.0, "prcp_d6": 0.0, "tmax_d0": 15.4, "tmax_d1": 11.5, "tmax_d2": 14.9, "tmax_d3": 13.6, "tmax_d4": 12.4, "tmax_d5": 14.1, "tmax_d6": 17.0, "tmin_d0": -0.8, "tmin_d1": -0.7, "tmin_d2": -1.0, "tmin_d3": -2.7, "tmin_d4": -1.7, "tmin_d5": -2.6, "tmin_d6": 3.4, "day_of_year": 123, "uuid": "f8dea227-98b5-4515-baae-b9c6cd7d4861", "inat_id": 278178709}}, {"type": "Feature", "geometry": {"type": "Point", "coordinates": [-105.39467, 39.5106866667]}, "properties": {"species": "Fomitopsis schrenkii", "date": "2025-05-13", "location": "Scout Line Trail, Pine, CO, US", "elevation": 2631.0, "land_cover_label": "Tree cover", "water_mask": false, "exclude_reason": "keep", "ndvi": null, "soil_moisture": 0.3280157237666028, "solar_exposure": 0.8032901287078857, "wind_exposure": 0.2610577940940857, "water_retention": 0.4307528734207153, "slope": 19.97564125061035, "aspect": 96.00006103515624, "num_identification_agreements": 1, "cluster": 3, "tavg": null, "tmin": -2.3, "tmax": 8.0, "prcp_d0": 0.0, "prcp_d1": 0.0, "prcp_d2": 0.0, "prcp_d3": 0.1379701644182205, "prcp_d4": 0.6882646679878235, "prcp_d5": 1.081209421157837, "prcp_d6": 12.605169296264648, "tmax_d0": 19.8, "tmax_d1": 19.5, "tmax_d2": 20.0, "tmax_d3": 16.6, "tmax_d4": 9.6, "tmax_d5": 9.2, "tmax_d6": 4.8, "tmin_d0": 3.3, "tmin_d1": -1.3, "tmin_d2": -0.6, "tmin_d3": -2.6, "tmin_d4": -4.7, "tmin_d5": -10.3, "tmin_d6": -2.1, "day_of_year": 133, "uuid": "2d3f493e-509e-4ad4-9611-3e2add6b3415", "inat_id": 280943192}}, {"type": "Feature", "geometry": {"type": "Point", "coordinates": [-107.992705, 39.0062361167]}, "properties": {"species": "Fomitopsis schrenkii", "date": "2025-05-17", "location": "Cedaredge, CO, US", "elevation": 2936.0, "land_cover_label": "Tree cover", "water_mask": false, "exclude_reason": "keep", "ndvi": null, "soil_moisture": null, "solar_exposure": null, "wind_exposure": null, "water_retention": null, "slope": null, "aspect": null, "num_identification_agreements": 2, "cluster": 0, "tavg": null, "tmin": 8.8, "tmax": 27.0, "prcp_d0": 0.0075946785509586, "prcp_d1": 0.1926726549863815, "prcp_d2": 3.305933952331543, "prcp_d3": 0.0, "prcp_d4": 0.0, "prcp_d5": 0.0, "prcp_d6": 0.0, "tmax_d0": 11.6, "tmax_d1": 9.8, "tmax_d2": 5.7, "tmax_d3": 13.1, "tmax_d4": 16.0, "tmax_d5": 16.8, "tmax_d6": 15.3, "tmin_d0": 1.3, "tmin_d1": -3.3, "tmin_d2": -4.2, "tmin_d3": -1.7, "tmin_d4": 3.0, "tmin_d5": 4.9, "tmin_d6": 4.5, "day_of_year": 137, "uuid": "e1055ba0-bc33-4460-bf97-67157e411047", "inat_id": 292875519}}, {"type": "Feature", "geometry": {"type": "Point", "coordinates": [-105.3709724455, 39.3095368839]}, "properties": {"species": "Fomitopsis schrenkii", "date": "2025-05-17", "location": "Jefferson County, US-CO, US", "elevation": 2477.0, "land_cover_label": "Tree cover", "water_mask": false, "exclude_reason": "keep", "ndvi": null, "soil_moisture": 0.2660810983586866, "solar_exposure": 0.6488624215126038, "wind_exposure": 0.2463317513465881, "water_retention": 0.4128434956073761, "slope": 14.899041175842283, "aspect": 1.526606798171997, "num_identification_agreements": 1, "cluster": 3, "tavg": null, "tmin": 1.0, "tmax": 11.0, "prcp_d0": 0.0905836448073387, "prcp_d1": 0.0017574067460373, "prcp_d2": 0.0, "prcp_d3": 0.0, "prcp_d4": 2.543795347213745, "prcp_d5": 0.0, "prcp_d6": 0.0, "tmax_d0": 16.1, "tmax_d1": 13.8, "tmax_d2": 11.7, "tmax_d3": 19.9, "tmax_d4": 22.2, "tmax_d5": 22.2, "tmax_d6": 21.4, "tmin_d0": 0.9, "tmin_d1": 1.5, "tmin_d2": 0.9, "tmin_d3": -0.3, "tmin_d4": 5.5, "tmin_d5": 4.7, "tmin_d6": 3.5, "day_of_year": 137, "uuid": "d06e9790-9f99-4433-af35-e7499b1af68e", "inat_id": 282243646}}, {"type": "Feature", "geometry": {"type": "Point", "coordinates": [-107.3029915442, 39.1149894873]}, "properties": {"species": "Fomitopsis schrenkii", "date": "2025-05-17", "location": "Gunnison County, CO, USA", "elevation": 2789.0, "land_cover_label": "Tree cover", "water_mask": false, "exclude_reason": "keep", "ndvi": null, "soil_moisture": null, "solar_exposure": null, "wind_exposure": null, "water_retention": null, "slope": null, "aspect": null, "num_identification_agreements": 1, "cluster": 0, "tavg": null, "tmin": 0.0, "tmax": 11.0, "prcp_d0": 0.1087485179305076, "prcp_d1": 0.4198269546031952, "prcp_d2": 0.0, "prcp_d3": 0.0, "prcp_d4": 0.0, "prcp_d5": 0.0, "prcp_d6": 0.0, "tmax_d0": 14.2, "tmax_d1": 10.5, "tmax_d2": 6.1, "tmax_d3": 15.4, "tmax_d4": 16.9, "tmax_d5": 17.8, "tmax_d6": 16.5, "tmin_d0": 1.1, "tmin_d1": -2.5, "tmin_d2": -5.9, "tmin_d3": 0.1, "tmin_d4": 3.7, "tmin_d5": 3.6, "tmin_d6": 3.2, "day_of_year": 137, "uuid": "0f224056-a358-43fe-9403-4a2e1d6e2130", "inat_id": 281875045}}, {"type": "Feature", "geometry": {"type": "Point", "coordinates": [-105.3645010997, 39.8514448997]}, "properties": {"species": "Fomitopsis schrenkii", "date": "2025-05-17", "location": "Coal Creek Canyon, CO 80403, USA", "elevation": 2391.0, "land_cover_label": "Tree cover", "water_mask": false, "exclude_reason": "keep", "ndvi": null, "soil_moisture": 0.2731192087650129, "solar_exposure": 0.8465789556503296, "wind_exposure": 0.2358099371194839, "water_retention": 0.5000881552696228, "slope": 1.3676942586898804, "aspect": 117.0448226928711, "num_identification_agreements": 1, "cluster": 3, "tavg": null, "tmin": 10.0, "tmax": 20.0, "prcp_d0": 0.6042433977127075, "prcp_d1": 0.0702030956745147, "prcp_d2": 0.0, "prcp_d3": 7.897679805755615, "prcp_d4": 0.0, "prcp_d5": 0.0, "prcp_d6": 0.0, "tmax_d0": 16.5, "tmax_d1": 14.2, "tmax_d2": 12.0, "tmax_d3": 22.1, "tmax_d4": 23.5, "tmax_d5": 22.1, "tmax_d6": 20.7, "tmin_d0": 0.7, "tmin_d1": 1.7, "tmin_d2": 1.7, "tmin_d3": 4.6, "tmin_d4": 7.7, "tmin_d5": 4.1, "tmin_d6": 3.0, "day_of_year": 137, "uuid": "e182b198-1b49-40ae-8786-e1f67507d8f9", "inat_id": 281864850}}, {"type": "Feature", "geometry": {"type": "Point", "coordinates": [-105.5139280903, 39.8772691835]}, "properties": {"species": "Fomitopsis schrenkii", "date": "2025-05-17", "location": "Gilpin County, US-CO, US", "elevation": 2822.0, "land_cover_label": "Tree cover", "water_mask": false, "exclude_reason": "keep", "ndvi": null, "soil_moisture": 0.3381892814648646, "solar_exposure": 0.7820395827293396, "wind_exposure": 0.2789108455181122, "water_retention": 0.2528975009918213, "slope": 5.921536445617676, "aspect": 33.14213562011719, "num_identification_agreements": 1, "cluster": 0, "tavg": null, "tmin": -8.7, "tmax": 2.5, "prcp_d0": 0.8826736807823181, "prcp_d1": 0.1420118510723114, "prcp_d2": 0.0, "prcp_d3": 10.374567031860352, "prcp_d4": 0.0, "prcp_d5": 0.0, "prcp_d6": 0.0, "tmax_d0": 11.4, "tmax_d1": 6.7, "tmax_d2": 5.1, "tmax_d3": 16.7, "tmax_d4": 18.6, "tmax_d5": 18.5, "tmax_d6": 18.0, "tmin_d0": -5.6, "tmin_d1": -2.3, "tmin_d2": -2.9, "tmin_d3": -1.8, "tmin_d4": 3.5, "tmin_d5": -0.4, "tmin_d6": -1.2, "day_of_year": 137, "uuid": "8b3dd6c2-f4d8-47c9-809a-578d19972f4c", "inat_id": 281838095}}, {"type": "Feature", "geometry": {"type": "Point", "coordinates": [-105.638534267, 39.6308709775]}, "properties": {"species": "Fomitopsis schrenkii", "date": "2025-05-20", "location": "Colorado, US", "elevation": 3718.0, "land_cover_label": "Grassland", "water_mask": false, "exclude_reason": "keep", "ndvi": null, "soil_moisture": 0.3868013633287013, "solar_exposure": 0.673868715763092, "wind_exposure": 0.4638148248195648, "water_retention": 0.1503729224205017, "slope": 13.346266746520996, "aspect": 349.673095703125, "num_identification_agreements": 2, "cluster": 0, "tavg": null, "tmin": -10.4, "tmax": -0.2, "prcp_d0": 0.1235593855381012, "prcp_d1": 4.018617630004883, "prcp_d2": 0.5696973204612732, "prcp_d3": 0.4960428178310394, "prcp_d4": 0.0282752346247434, "prcp_d5": 0.0, "prcp_d6": 0.0, "tmax_d0": 0.5, "tmax_d1": -1.8, "tmax_d2": 1.9, "tmax_d3": 2.7, "tmax_d4": 0.0, "tmax_d5": -1.5, "tmax_d6": 7.0, "tmin_d0": -9.3, "tmin_d1": -7.2, "tmin_d2": -5.4, "tmin_d3": -6.5, "tmin_d4": -9.5, "tmin_d5": -10.2, "tmin_d6": -6.8, "day_of_year": 140, "uuid": "4875cf74-494d-482d-91f3-cc45fcd1d779", "inat_id": 282798597}}, {"type": "Feature", "geometry": {"type": "Point", "coordinates": [-108.18563, 37.5723033333]}, "properties": {"species": "Fomitopsis schrenkii", "date": "2025-05-22", "location": "San Juan National Forest - Headquarters, Dolores, CO, US", "elevation": 2474.0, "land_cover_label": "Tree cover", "water_mask": false, "exclude_reason": "keep", "ndvi": null, "soil_moisture": null, "solar_exposure": null, "wind_exposure": null, "water_retention": null, "slope": null, "aspect": null, "num_identification_agreements": 1, "cluster": 0, "tavg": null, "tmin": 2.0, "tmax": 28.0, "prcp_d0": 0.0, "prcp_d1": 0.0, "prcp_d2": 0.0016494422452524, "prcp_d3": 3.616511106491089, "prcp_d4": 6.281457424163818, "prcp_d5": 0.0211404226720333, "prcp_d6": 0.0033326514530926, "tmax_d0": 21.0, "tmax_d1": 18.4, "tmax_d2": 14.3, "tmax_d3": 8.0, "tmax_d4": 15.3, "tmax_d5": 17.4, "tmax_d6": 15.2, "tmin_d0": 1.8, "tmin_d1": 3.0, "tmin_d2": -2.4, "tmin_d3": -0.8, "tmin_d4": 3.2, "tmin_d5": 4.2, "tmin_d6": 1.5, "day_of_year": 142, "uuid": "2ed014a1-6f90-4de7-b92d-8181d51ac5ba", "inat_id": 283273312}}, {"type": "Feature", "geometry": {"type": "Point", "coordinates": [-105.3720097326, 39.8513548929]}, "properties": {"species": "Fomitopsis schrenkii", "date": "2025-05-24", "location": "Jefferson County, US-CO, US", "elevation": 2457.0, "land_cover_label": "Tree cover", "water_mask": false, "exclude_reason": "keep", "ndvi": null, "soil_moisture": 0.2445387236523207, "solar_exposure": 0.75197434425354, "wind_exposure": 0.2845091521739959, "water_retention": 0.2614548802375793, "slope": 7.802988529205322, "aspect": 341.919677734375, "num_identification_agreements": 1, "cluster": 0, "tavg": null, "tmin": 10.0, "tmax": 19.0, "prcp_d0": 0.0, "prcp_d1": 0.0, "prcp_d2": 0.0, "prcp_d3": 0.0, "prcp_d4": 0.09258434176445, "prcp_d5": 5.213546752929688, "prcp_d6": 0.8634135127067566, "tmax_d0": 17.6, "tmax_d1": 20.6, "tmax_d2": 15.8, "tmax_d3": 15.8, "tmax_d4": 12.6, "tmax_d5": 10.1, "tmax_d6": 13.9, "tmin_d0": 0.5, "tmin_d1": 1.9, "tmin_d2": -2.6, "tmin_d3": -1.0, "tmin_d4": 0.4, "tmin_d5": 2.1, "tmin_d6": -0.6, "day_of_year": 144, "uuid": "6260c190-d8b1-450e-a113-10c8fe3b8061", "inat_id": 285075389}}, {"type": "Feature", "geometry": {"type": "Point", "coordinates": [-105.6162033333, 35.8437633333]}, "properties": {"species": "Fomitopsis schrenkii", "date": "2025-05-25", "location": "Santa Fe National Forest, Tererro, NM, US", "elevation": 2896.0, "land_cover_label": "Tree cover", "water_mask": false, "exclude_reason": "keep", "ndvi": null, "soil_moisture": null, "solar_exposure": null, "wind_exposure": null, "water_retention": null, "slope": null, "aspect": null, "num_identification_agreements": 1, "cluster": 0, "tavg": null, "tmin": 7.2, "tmax": 20.6, "prcp_d0": 0.0, "prcp_d1": 0.0, "prcp_d2": 0.0, "prcp_d3": 0.0, "prcp_d4": 0.0, "prcp_d5": 0.0, "prcp_d6": 3.097234010696411, "tmax_d0": 15.9, "tmax_d1": 18.2, "tmax_d2": 18.3, "tmax_d3": 19.1, "tmax_d4": 16.3, "tmax_d5": 12.3, "tmax_d6": 8.4, "tmin_d0": 5.6, "tmin_d1": 2.2, "tmin_d2": 1.9, "tmin_d3": 2.5, "tmin_d4": -3.0, "tmin_d5": -4.8, "tmin_d6": -2.5, "day_of_year": 145, "uuid": "b66cd1e3-2b4e-4608-ad4c-b1b90e7eb8f1", "inat_id": 284468323}}, {"type": "Feature", "geometry": {"type": "Point", "coordinates": [-107.6635583333, 38.0165888833]}, "properties": {"species": "Fomitopsis schrenkii", "date": "2025-05-31", "location": "Grand Mesa Uncompahgre and Gunnison National Forests, Ouray, CO, US", "elevation": 2544.0, "land_cover_label": "Tree cover", "water_mask": false, "exclude_reason": "keep", "ndvi": null, "soil_moisture": null, "solar_exposure": null, "wind_exposure": null, "water_retention": null, "slope": null, "aspect": null, "num_identification_agreements": 1, "cluster": 0, "tavg": null, "tmin": 8.0, "tmax": 22.0, "prcp_d0": 0.0, "prcp_d1": 0.0, "prcp_d2": 0.0, "prcp_d3": 0.0, "prcp_d4": 0.0, "prcp_d5": 0.0, "prcp_d6": 0.0, "tmax_d0": 23.9, "tmax_d1": 21.5, "tmax_d2": 19.3, "tmax_d3": 20.4, "tmax_d4": 19.5, "tmax_d5": 17.3, "tmax_d6": 18.9, "tmin_d0": 5.8, "tmin_d1": 8.0, "tmin_d2": 6.5, "tmin_d3": 6.1, "tmin_d4": 4.7, "tmin_d5": 2.6, "tmin_d6": 3.8, "day_of_year": 151, "uuid": "e0cf78b1-c848-4022-a2d0-d1fe1b80085a", "inat_id": 286162974}}, {"type": "Feature", "geometry": {"type": "Point", "coordinates": [-107.6938166667, 38.00315555]}, "properties": {"species": "Fomitopsis schrenkii", "date": "2025-05-31", "location": "Grand Mesa Uncompahgre and Gunnison National Forests, Ouray, CO, US", "elevation": 2639.0, "land_cover_label": "Tree cover", "water_mask": false, "exclude_reason": "keep", "ndvi": null, "soil_moisture": null, "solar_exposure": null, "wind_exposure": null, "water_retention": null, "slope": null, "aspect": null, "num_identification_agreements": 1, "cluster": 0, "tavg": null, "tmin": 8.0, "tmax": 22.0, "prcp_d0": 0.0, "prcp_d1": 0.0, "prcp_d2": 0.0, "prcp_d3": 0.0, "prcp_d4": 0.0, "prcp_d5": 0.0, "prcp_d6": 0.0, "tmax_d0": 23.1, "tmax_d1": 20.7, "tmax_d2": 18.6, "tmax_d3": 19.6, "tmax_d4": 18.8, "tmax_d5": 16.5, "tmax_d6": 18.2, "tmin_d0": 5.0, "tmin_d1": 7.3, "tmin_d2": 5.8, "tmin_d3": 5.3, "tmin_d4": 3.9, "tmin_d5": 1.9, "tmin_d6": 3.0, "day_of_year": 151, "uuid": "15fab248-7e5b-4268-b625-375a15bf9ce1", "inat_id": 285848650}}, {"type": "Feature", "geometry": {"type": "Point", "coordinates": [-107.6624916667, 38.0160472167]}, "properties": {"species": "Fomitopsis schrenkii", "date": "2025-05-31", "location": "Grand Mesa Uncompahgre and Gunnison National Forests, Ouray, CO, US", "elevation": 2544.0, "land_cover_label": "Tree cover", "water_mask": false, "exclude_reason": "keep", "ndvi": null, "soil_moisture": null, "solar_exposure": null, "wind_exposure": null, "water_retention": null, "slope": null, "aspect": null, "num_identification_agreements": 1, "cluster": 0, "tavg": null, "tmin": 8.0, "tmax": 22.0, "prcp_d0": 0.0, "prcp_d1": 0.0, "prcp_d2": 0.0, "prcp_d3": 0.0, "prcp_d4": 0.0, "prcp_d5": 0.0, "prcp_d6": 0.0, "tmax_d0": 23.7, "tmax_d1": 21.3, "tmax_d2": 19.1, "tmax_d3": 20.2, "tmax_d4": 19.3, "tmax_d5": 17.1, "tmax_d6": 18.7, "tmin_d0": 5.6, "tmin_d1": 7.8, "tmin_d2": 6.3, "tmin_d3": 5.9, "tmin_d4": 4.5, "tmin_d5": 2.4, "tmin_d6": 3.6, "day_of_year": 151, "uuid": "720a1939-d40c-465d-bb2e-7df74b555426", "inat_id": 285823583}}, {"type": "Feature", "geometry": {"type": "Point", "coordinates": [-107.538545, 39.8601916667]}, "properties": {"species": "Fomitopsis schrenkii", "date": "2025-06-03", "location": "Cliff Lakes Trail, Meeker, CO, US", "elevation": 2453.0, "land_cover_label": "Tree cover", "water_mask": false, "exclude_reason": "keep", "ndvi": null, "soil_moisture": null, "solar_exposure": null, "wind_exposure": null, "water_retention": null, "slope": null, "aspect": null, "num_identification_agreements": 1, "cluster": 0, "tavg": null, "tmin": 6.1, "tmax": 23.3, "prcp_d0": 5.905328750610352, "prcp_d1": 5.905328750610352, "prcp_d2": 0.0, "prcp_d3": 0.0, "prcp_d4": 0.0, "prcp_d5": 0.0, "prcp_d6": 0.0, "tmax_d0": 17.6, "tmax_d1": 21.2, "tmax_d2": 25.7, "tmax_d3": 24.2, "tmax_d4": 21.6, "tmax_d5": 16.4, "tmax_d6": 18.2, "tmin_d0": 6.1, "tmin_d1": 8.7, "tmin_d2": 7.5, "tmin_d3": 5.6, "tmin_d4": 4.6, "tmin_d5": 5.3, "tmin_d6": 3.6, "day_of_year": 154, "uuid": "3587ec85-7821-4923-8432-6376d4ea786d", "inat_id": 286697231}}, {"type": "Feature", "geometry": {"type": "Point", "coordinates": [-105.6562300399, 40.3052887442]}, "properties": {"species": "Fomitopsis schrenkii", "date": "2025-06-04", "location": "Estes Park, CO 80517, USA", "elevation": 3097.0, "land_cover_label": "Tree cover", "water_mask": false, "exclude_reason": "keep", "ndvi": null, "soil_moisture": 0.4169877706910157, "solar_exposure": 0.8764227032661438, "wind_exposure": 0.3362529873847961, "water_retention": 0.2018810510635376, "slope": 6.306562900543213, "aspect": 129.67845153808594, "num_identification_agreements": 1, "cluster": 0, "tavg": null, "tmin": 3.5, "tmax": 16.9, "prcp_d0": 0.0, "prcp_d1": 5.759523868560791, "prcp_d2": 5.759523868560791, "prcp_d3": 0.0, "prcp_d4": 0.0, "prcp_d5": 0.0, "prcp_d6": 0.0, "tmax_d0": 10.5, "tmax_d1": 8.2, "tmax_d2": 12.4, "tmax_d3": 15.6, "tmax_d4": 14.0, "tmax_d5": 12.2, "tmax_d6": 8.8, "tmin_d0": -0.5, "tmin_d1": 0.5, "tmin_d2": 2.5, "tmin_d3": 1.2, "tmin_d4": 0.1, "tmin_d5": -0.8, "tmin_d6": -0.6, "day_of_year": 155, "uuid": "e1755325-03ff-4a1b-81d1-8a2482938751", "inat_id": 305102656}}, {"type": "Feature", "geometry": {"type": "Point", "coordinates": [-106.724755, 36.0998471667]}, "properties": {"species": "Fomitopsis schrenkii", "date": "2025-06-08", "location": "Santa Fe National Forest, Coyote, NM, US", "elevation": 2519.0, "land_cover_label": "Tree cover", "water_mask": false, "exclude_reason": "keep", "ndvi": null, "soil_moisture": null, "solar_exposure": null, "wind_exposure": null, "water_retention": null, "slope": null, "aspect": null, "num_identification_agreements": 1, "cluster": 0, "tavg": null, "tmin": 15.4, "tmax": 28.1, "prcp_d0": 0.0, "prcp_d1": 0.0, "prcp_d2": 0.0, "prcp_d3": 0.0, "prcp_d4": 6.753589153289795, "prcp_d5": 0.0, "prcp_d6": 13.50717830657959, "tmax_d0": 24.0, "tmax_d1": 22.3, "tmax_d2": 20.8, "tmax_d3": 18.1, "tmax_d4": 17.9, "tmax_d5": 20.0, "tmax_d6": 22.8, "tmin_d0": 8.9, "tmin_d1": 6.9, "tmin_d2": 5.5, "tmin_d3": 3.6, "tmin_d4": 5.9, "tmin_d5": 5.5, "tmin_d6": 9.2, "day_of_year": 159, "uuid": "0e35694f-e1f0-43d1-b103-edd4a8f4114d", "inat_id": 288241198}}, {"type": "Feature", "geometry": {"type": "Point", "coordinates": [-105.4214528109, 40.1243883558]}, "properties": {"species": "Fomitopsis schrenkii", "date": "2025-06-08", "location": "Colorado, US", "elevation": 2618.0, "land_cover_label": "Tree cover", "water_mask": false, "exclude_reason": "keep", "ndvi": null, "soil_moisture": 0.3698268096790492, "solar_exposure": 0.7526131272315979, "wind_exposure": 0.3854009509086609, "water_retention": 0.1429910361766815, "slope": 14.825700759887695, "aspect": 69.59762573242188, "num_identification_agreements": 1, "cluster": 0, "tavg": null, "tmin": 13.0, "tmax": 18.0, "prcp_d0": 0.0, "prcp_d1": 0.0, "prcp_d2": 0.0, "prcp_d3": 0.0, "prcp_d4": 0.0, "prcp_d5": 4.407233238220215, "prcp_d6": 13.221699714660645, "tmax_d0": 18.3, "tmax_d1": 20.8, "tmax_d2": 13.5, "tmax_d3": 14.5, "tmax_d4": 11.7, "tmax_d5": 14.6, "tmax_d6": 19.5, "tmin_d0": 3.4, "tmin_d1": 3.3, "tmin_d2": 3.6, "tmin_d3": 1.3, "tmin_d4": 1.4, "tmin_d5": 2.3, "tmin_d6": 3.7, "day_of_year": 159, "uuid": "3dc615a9-75e7-4d3a-b0ec-176c36ccfce2", "inat_id": 288072149}}, {"type": "Feature", "geometry": {"type": "Point", "coordinates": [-107.8772335389, 37.9171670926]}, "properties": {"species": "Fomitopsis schrenkii", "date": "2025-06-08", "location": "Grand Mesa Uncompahgre and Gunnison National Forests, Telluride, CO, US", "elevation": 2921.0, "land_cover_label": "Tree cover", "water_mask": false, "exclude_reason": "keep", "ndvi": null, "soil_moisture": null, "solar_exposure": null, "wind_exposure": null, "water_retention": null, "slope": null, "aspect": null, "num_identification_agreements": 1, "cluster": 0, "tavg": null, "tmin": 6.0, "tmax": 20.0, "prcp_d0": 0.0, "prcp_d1": 0.0, "prcp_d2": 0.0, "prcp_d3": 0.0, "prcp_d4": 8.694344520568848, "prcp_d5": 4.347172260284424, "prcp_d6": 8.694344520568848, "tmax_d0": 19.5, "tmax_d1": 16.7, "tmax_d2": 13.6, "tmax_d3": 12.5, "tmax_d4": 13.7, "tmax_d5": 13.5, "tmax_d6": 18.4, "tmin_d0": 3.6, "tmin_d1": 3.2, "tmin_d2": 1.4, "tmin_d3": 2.9, "tmin_d4": 2.7, "tmin_d5": 5.3, "tmin_d6": 6.1, "day_of_year": 159, "uuid": "53ab41e5-792d-4af0-9f40-229153d5248b", "inat_id": 288007264}}, {"type": "Feature", "geometry": {"type": "Point", "coordinates": [-105.1305032706, 39.4091046163]}, "properties": {"species": "Fomitopsis schrenkii", "date": "2025-06-09", "location": "Douglas County, US-CO, US", "elevation": 2114.0, "land_cover_label": "Tree cover", "water_mask": false, "exclude_reason": "keep", "ndvi": null, "soil_moisture": 0.3992986464367417, "solar_exposure": 0.7250672578811646, "wind_exposure": 0.2605706751346588, "water_retention": 0.2062520682811737, "slope": 11.703824996948242, "aspect": 40.54953002929688, "num_identification_agreements": 1, "cluster": 0, "tavg": null, "tmin": 11.1, "tmax": 25.0, "prcp_d0": 0.0, "prcp_d1": 0.0, "prcp_d2": 0.0, "prcp_d3": 0.0, "prcp_d4": 0.0, "prcp_d5": 10.102011680603027, "prcp_d6": 10.102011680603027, "tmax_d0": 21.0, "tmax_d1": 20.9, "tmax_d2": 23.3, "tmax_d3": 15.2, "tmax_d4": 17.4, "tmax_d5": 15.9, "tmax_d6": 18.6, "tmin_d0": 5.0, "tmin_d1": 5.9, "tmin_d2": 4.2, "tmin_d3": 5.4, "tmin_d4": 4.8, "tmin_d5": 6.7, "tmin_d6": 5.7, "day_of_year": 160, "uuid": "949e0cbb-e410-47ba-8460-117779aed07b", "inat_id": 289092377}}, {"type": "Feature", "geometry": {"type": "Point", "coordinates": [-103.5252740857, 43.7708575643]}, "properties": {"species": "Fomitopsis schrenkii", "date": "2025-06-11", "location": "Custer, SD, US", "elevation": 1603.0, "land_cover_label": "Tree cover", "water_mask": false, "exclude_reason": "keep", "ndvi": null, "soil_moisture": null, "solar_exposure": null, "wind_exposure": null, "water_retention": null, "slope": null, "aspect": null, "num_identification_agreements": 2, "cluster": 0, "tavg": null, "tmin": 11.1, "tmax": 23.3, "prcp_d0": 6.01814603805542, "prcp_d1": 0.0, "prcp_d2": 0.0, "prcp_d3": 0.0, "prcp_d4": 0.0, "prcp_d5": 0.0, "prcp_d6": 0.0, "tmax_d0": 25.0, "tmax_d1": 29.6, "tmax_d2": 22.3, "tmax_d3": 19.5, "tmax_d4": 23.7, "tmax_d5": 16.6, "tmax_d6": 13.3, "tmin_d0": 14.4, "tmin_d1": 9.7, "tmin_d2": 7.7, "tmin_d3": 9.4, "tmin_d4": 8.3, "tmin_d5": 2.7, "tmin_d6": 6.4, "day_of_year": 162, "uuid": "4a113439-bb06-4df1-a67a-e014a899fa2a", "inat_id": 289156418}}, {"type": "Feature", "geometry": {"type": "Point", "coordinates": [-105.8340888889, 35.7376277778]}, "properties": {"species": "Fomitopsis schrenkii", "date": "2025-06-12", "location": "Santa Fe, NM 87506, USA", "elevation": 2656.0, "land_cover_label": "Tree cover", "water_mask": false, "exclude_reason": "keep", "ndvi": null, "soil_moisture": null, "solar_exposure": null, "wind_exposure": null, "water_retention": null, "slope": null, "aspect": null, "num_identification_agreements": 1, "cluster": 0, "tavg": null, "tmin": 10.6, "tmax": 28.9, "prcp_d0": 0.9332852363586426, "prcp_d1": 1.7919265031814575, "prcp_d2": 5.11295223236084, "prcp_d3": 2.55647611618042, "prcp_d4": 0.0, "prcp_d5": 0.0, "prcp_d6": 0.0, "tmax_d0": 22.5, "tmax_d1": 21.8, "tmax_d2": 19.6, "tmax_d3": 21.3, "tmax_d4": 21.8, "tmax_d5": 21.6, "tmax_d6": 19.5, "tmin_d0": 7.6, "tmin_d1": 5.9, "tmin_d2": 6.0, "tmin_d3": 3.5, "tmin_d4": 5.1, "tmin_d5": 7.0, "tmin_d6": 4.0, "day_of_year": 163, "uuid": "2dbe1c61-8f1a-4617-bf17-66bf5005f4d6", "inat_id": 289406020}}, {"type": "Feature", "geometry": {"type": "Point", "coordinates": [-105.3676553495, 39.5143039149]}, "properties": {"species": "Fomitopsis schrenkii", "date": "2025-06-15", "location": "Jefferson County, US-CO, US", "elevation": 2731.0, "land_cover_label": "Grassland", "water_mask": false, "exclude_reason": "keep", "ndvi": null, "soil_moisture": 0.3030191460596723, "solar_exposure": 0.883025586605072, "wind_exposure": 0.216307133436203, "water_retention": 0.4492736160755157, "slope": 4.511847496032715, "aspect": 164.36669921875, "num_identification_agreements": 1, "cluster": 3, "tavg": null, "tmin": 15.0, "tmax": 32.8, "prcp_d0": 4.472720320336521e-06, "prcp_d1": 0.0009600554476492, "prcp_d2": 3.811598539352417, "prcp_d3": 3.127970695495605, "prcp_d4": 1.060760736465454, "prcp_d5": 0.0, "prcp_d6": 0.0, "tmax_d0": 24.9, "tmax_d1": 24.0, "tmax_d2": 22.3, "tmax_d3": 19.6, "tmax_d4": 19.9, "tmax_d5": 22.4, "tmax_d6": 18.0, "tmin_d0": 4.6, "tmin_d1": 5.6, "tmin_d2": 5.5, "tmin_d3": 4.9, "tmin_d4": 4.3, "tmin_d5": 3.0, "tmin_d6": 2.2, "day_of_year": 166, "uuid": "1269eca3-8767-467d-9cac-ace86790e860", "inat_id": 290186298}}, {"type": "Feature", "geometry": {"type": "Point", "coordinates": [-105.5228859997, 40.2255589]}, "properties": {"species": "Fomitopsis schrenkii", "date": "2025-06-16", "location": "Allenspark, CO, USA", "elevation": 2521.0, "land_cover_label": "Tree cover", "water_mask": false, "exclude_reason": "keep", "ndvi": null, "soil_moisture": 0.3102345561419973, "solar_exposure": 0.8324307203292847, "wind_exposure": 0.2373582869768142, "water_retention": 0.2607582509517669, "slope": 5.273809432983398, "aspect": 86.62887573242188, "num_identification_agreements": 1, "cluster": 0, "tavg": null, "tmin": 13.3, "tmax": 35.4, "prcp_d0": 0.0, "prcp_d1": 1.4497089978249278e-05, "prcp_d2": 0.0089963916689157, "prcp_d3": 1.301857829093933, "prcp_d4": 3.3787550926208496, "prcp_d5": 0.6886245608329773, "prcp_d6": 0.0, "tmax_d0": 24.2, "tmax_d1": 25.5, "tmax_d2": 26.0, "tmax_d3": 24.5, "tmax_d4": 23.8, "tmax_d5": 22.9, "tmax_d6": 23.2, "tmin_d0": 5.5, "tmin_d1": 7.1, "tmin_d2": 5.0, "tmin_d3": 4.8, "tmin_d4": 5.4, "tmin_d5": 4.7, "tmin_d6": 1.9, "day_of_year": 167, "uuid": "b807151f-a0e5-4b12-92cc-6723424bb7f2", "inat_id": 290246700}}, {"type": "Feature", "geometry": {"type": "Point", "coordinates": [-105.4816308898, 40.7908062498]}, "properties": {"species": "Fomitopsis schrenkii", "date": "2025-06-18", "location": "Girlscout Rd, Red Feather Lakes, CO, US", "elevation": 2385.0, "land_cover_label": "Tree cover", "water_mask": false, "exclude_reason": "keep", "ndvi": null, "soil_moisture": 0.3641810839810526, "solar_exposure": 0.8359947800636292, "wind_exposure": 0.378322422504425, "water_retention": 0.2657273113727569, "slope": 2.4550018310546875, "aspect": 277.2732238769531, "num_identification_agreements": 1, "cluster": 0, "tavg": null, "tmin": 7.2, "tmax": 20.3, "prcp_d0": 0.0, "prcp_d1": 6.97882080078125, "prcp_d2": 0.0, "prcp_d3": 0.0, "prcp_d4": 2.932255665655248e-05, "prcp_d5": 0.924916684627533, "prcp_d6": 3.990272283554077, "tmax_d0": 22.9, "tmax_d1": 20.3, "tmax_d2": 24.8, "tmax_d3": 25.7, "tmax_d4": 26.0, "tmax_d5": 25.0, "tmax_d6": 24.2, "tmin_d0": 4.1, "tmin_d1": 5.6, "tmin_d2": 7.9, "tmin_d3": 7.1, "tmin_d4": 6.1, "tmin_d5": 4.5, "tmin_d6": 5.3, "day_of_year": 169, "uuid": "49751655-e4fd-4f59-8837-d0afb6237ede", "inat_id": 290774022}}, {"type": "Feature", "geometry": {"type": "Point", "coordinates": [-105.59822, 40.558945]}, "properties": {"species": "Fomitopsis schrenkii", "date": "2025-06-18", "location": "Brookie Rd, Bellvue, CO, US", "elevation": 2752.0, "land_cover_label": "Tree cover", "water_mask": false, "exclude_reason": "keep", "ndvi": null, "soil_moisture": 0.4071608605039974, "solar_exposure": 0.7863870859146118, "wind_exposure": 0.2647943794727325, "water_retention": 0.3021029531955719, "slope": 7.124358177185059, "aspect": 307.4436950683594, "num_identification_agreements": 1, "cluster": 0, "tavg": null, "tmin": null, "tmax": null, "prcp_d0": 0.0, "prcp_d1": 7.598143577575684, "prcp_d2": 0.0, "prcp_d3": 0.0, "prcp_d4": 0.004504248034209, "prcp_d5": 1.13365375995636, "prcp_d6": 4.872377395629883, "tmax_d0": 20.6, "tmax_d1": 18.1, "tmax_d2": 23.4, "tmax_d3": 23.9, "tmax_d4": 24.5, "tmax_d5": 22.0, "tmax_d6": 21.8, "tmin_d0": 1.9, "tmin_d1": 5.4, "tmin_d2": 5.7, "tmin_d3": 5.1, "tmin_d4": 4.2, "tmin_d5": 5.5, "tmin_d6": 3.9, "day_of_year": 169, "uuid": "09f0f800-dd54-47cd-bfc1-17dcedc5d404", "inat_id": 291344960}}, {"type": "Feature", "geometry": {"type": "Point", "coordinates": [-105.4816583333, 40.790775]}, "properties": {"species": "Fomitopsis schrenkii", "date": "2025-06-20", "location": "Red Feather Lakes, CO, US", "elevation": 2385.0, "land_cover_label": "Tree cover", "water_mask": false, "exclude_reason": "keep", "ndvi": null, "soil_moisture": 0.2788518887493514, "solar_exposure": 0.8359947800636292, "wind_exposure": 0.378322422504425, "water_retention": 0.2657273113727569, "slope": 2.4550018310546875, "aspect": 277.2732238769531, "num_identification_agreements": 1, "cluster": 0, "tavg": null, "tmin": 15.0, "tmax": 26.7, "prcp_d0": 0.0, "prcp_d1": 0.0, "prcp_d2": 0.0, "prcp_d3": 6.97882080078125, "prcp_d4": 0.0, "prcp_d5": 0.0, "prcp_d6": 2.932255665655248e-05, "tmax_d0": 27.8, "tmax_d1": 26.7, "tmax_d2": 22.9, "tmax_d3": 20.3, "tmax_d4": 24.8, "tmax_d5": 25.7, "tmax_d6": 26.0, "tmin_d0": 7.0, "tmin_d1": 5.5, "tmin_d2": 4.1, "tmin_d3": 5.6, "tmin_d4": 7.9, "tmin_d5": 7.1, "tmin_d6": 6.1, "day_of_year": 171, "uuid": "aa4d0555-36e8-4644-9648-4e77ac8bf4f9", "inat_id": 291630642}}, {"type": "Feature", "geometry": {"type": "Point", "coordinates": [-107.9816027778, 39.032825]}, "properties": {"species": "Fomitopsis schrenkii", "date": "2025-06-24", "location": "Cedaredge, CO 81413, USA", "elevation": 3102.0, "land_cover_label": "Tree cover", "water_mask": false, "exclude_reason": "keep", "ndvi": null, "soil_moisture": null, "solar_exposure": null, "wind_exposure": null, "water_retention": null, "slope": null, "aspect": null, "num_identification_agreements": 1, "cluster": 0, "tavg": null, "tmin": 16.0, "tmax": 35.1, "prcp_d0": 0.0, "prcp_d1": 0.0, "prcp_d2": 0.0, "prcp_d3": 0.0, "prcp_d4": 0.0, "prcp_d5": 0.0, "prcp_d6": 0.0, "tmax_d0": 17.5, "tmax_d1": 18.7, "tmax_d2": 19.2, "tmax_d3": 21.4, "tmax_d4": 22.5, "tmax_d5": 23.8, "tmax_d6": 20.1, "tmin_d0": 6.9, "tmin_d1": 3.0, "tmin_d2": 5.8, "tmin_d3": 6.4, "tmin_d4": 9.0, "tmin_d5": 8.2, "tmin_d6": 8.0, "day_of_year": 175, "uuid": "a1566b6c-9dcd-40e4-84b5-a51c0f633a57", "inat_id": 292504985}}, {"type": "Feature", "geometry": {"type": "Point", "coordinates": [-105.526345, 39.97613]}, "properties": {"species": "Fomitopsis schrenkii", "date": "2025-06-24", "location": "Nederland, CO, US", "elevation": 2614.0, "land_cover_label": "Tree cover", "water_mask": false, "exclude_reason": "keep", "ndvi": null, "soil_moisture": 0.3973453042861171, "solar_exposure": 0.771961510181427, "wind_exposure": 0.3050761222839355, "water_retention": 0.4135600626468658, "slope": 6.011068820953369, "aspect": 11.650634765625, "num_identification_agreements": 2, "cluster": 3, "tavg": null, "tmin": 14.0, "tmax": 26.0, "prcp_d0": 0.0, "prcp_d1": 0.0, "prcp_d2": 0.0, "prcp_d3": 0.0, "prcp_d4": 0.0, "prcp_d5": 0.0, "prcp_d6": 0.0, "tmax_d0": 19.6, "tmax_d1": 21.1, "tmax_d2": 23.5, "tmax_d3": 27.2, "tmax_d4": 25.8, "tmax_d5": 25.7, "tmax_d6": 20.6, "tmin_d0": 6.6, "tmin_d1": 8.0, "tmin_d2": 12.0, "tmin_d3": 12.8, "tmin_d4": 9.1, "tmin_d5": 5.1, "tmin_d6": 3.1, "day_of_year": 175, "uuid": "e7d1a080-e47f-4d41-a41f-19f0928c754b", "inat_id": 292476477}}, {"type": "Feature", "geometry": {"type": "Point", "coordinates": [-103.6407867554, 44.1721015486]}, "properties": {"species": "Fomitopsis schrenkii", "date": "2025-06-27", "location": "Lawrence County, US-SD, US", "elevation": 1764.0, "land_cover_label": "Tree cover", "water_mask": false, "exclude_reason": "keep", "ndvi": null, "soil_moisture": null, "solar_exposure": null, "wind_exposure": null, "water_retention": null, "slope": null, "aspect": null, "num_identification_agreements": 1, "cluster": 0, "tavg": null, "tmin": 14.0, "tmax": 29.0, "prcp_d0": 0.0, "prcp_d1": 0.0, "prcp_d2": 15.535320281982422, "prcp_d3": 0.0, "prcp_d4": 0.0, "prcp_d5": 0.0, "prcp_d6": 0.0, "tmax_d0": 28.1, "tmax_d1": 24.5, "tmax_d2": 21.4, "tmax_d3": 17.1, "tmax_d4": 19.7, "tmax_d5": 24.6, "tmax_d6": 29.6, "tmin_d0": 13.0, "tmin_d1": 7.5, "tmin_d2": 11.6, "tmin_d3": 8.6, "tmin_d4": 5.0, "tmin_d5": 10.4, "tmin_d6": 13.1, "day_of_year": 178, "uuid": "8baac6cf-4e95-4ee8-abbd-fd3d42935643", "inat_id": 302940296}}, {"type": "Feature", "geometry": {"type": "Point", "coordinates": [-105.4842688506, 36.5996082763]}, "properties": {"species": "Fomitopsis schrenkii", "date": "2025-06-29", "location": "Taos County, US-NM, US", "elevation": 2860.0, "land_cover_label": "Tree cover", "water_mask": false, "exclude_reason": "keep", "ndvi": null, "soil_moisture": null, "solar_exposure": null, "wind_exposure": null, "water_retention": null, "slope": null, "aspect": null, "num_identification_agreements": 1, "cluster": 0, "tavg": null, "tmin": 13.9, "tmax": 29.7, "prcp_d0": 0.0, "prcp_d1": 0.0, "prcp_d2": 0.0, "prcp_d3": 0.0, "prcp_d4": 8.022921562194824, "prcp_d5": 0.0, "prcp_d6": 0.0, "tmax_d0": 22.9, "tmax_d1": 22.8, "tmax_d2": 20.9, "tmax_d3": 19.5, "tmax_d4": 18.1, "tmax_d5": 20.9, "tmax_d6": 21.3, "tmin_d0": 12.1, "tmin_d1": 10.4, "tmin_d2": 8.9, "tmin_d3": 9.7, "tmin_d4": 8.6, "tmin_d5": 8.9, "tmin_d6": 8.3, "day_of_year": 180, "uuid": "96e40dba-06fb-4310-82db-18c6cfb94034", "inat_id": 294753753}}, {"type": "Feature", "geometry": {"type": "Point", "coordinates": [-106.6334, 40.6464833333]}, "properties": {"species": "Fomitopsis schrenkii", "date": "2025-07-01", "location": "Rainbow Lakes Trail, Walden, CO, US", "elevation": 3005.0, "land_cover_label": "Tree cover", "water_mask": false, "exclude_reason": "keep", "ndvi": null, "soil_moisture": null, "solar_exposure": null, "wind_exposure": null, "water_retention": null, "slope": null, "aspect": null, "num_identification_agreements": 1, "cluster": 0, "tavg": null, "tmin": 9.2, "tmax": 30.2, "prcp_d0": 0.0, "prcp_d1": 0.0, "prcp_d2": 0.0, "prcp_d3": 0.0, "prcp_d4": 0.0, "prcp_d5": 0.0, "prcp_d6": 0.0, "tmax_d0": 20.6, "tmax_d1": 20.2, "tmax_d2": 18.2, "tmax_d3": 19.0, "tmax_d4": 17.8, "tmax_d5": 15.5, "tmax_d6": 15.3, "tmin_d0": 7.8, "tmin_d1": 7.1, "tmin_d2": 8.9, "tmin_d3": 6.3, "tmin_d4": 6.9, "tmin_d5": 4.2, "tmin_d6": 5.2, "day_of_year": 182, "uuid": "7305a3a7-90d5-42ab-9abd-e2de7bffe913", "inat_id": 294771187}}, {"type": "Feature", "geometry": {"type": "Point", "coordinates": [-106.4610961, 37.8980735997]}, "properties": {"species": "Fomitopsis schrenkii", "date": "2025-07-03", "location": "Del Norte, CO 81132, USA", "elevation": 2843.0, "land_cover_label": "Tree cover", "water_mask": false, "exclude_reason": "keep", "ndvi": null, "soil_moisture": null, "solar_exposure": null, "wind_exposure": null, "water_retention": null, "slope": null, "aspect": null, "num_identification_agreements": 1, "cluster": 0, "tavg": null, "tmin": 10.0, "tmax": 24.0, "prcp_d0": 4.673544406890869, "prcp_d1": 0.0, "prcp_d2": 1.4733171463012695, "prcp_d3": 0.0, "prcp_d4": 0.0, "prcp_d5": 0.0, "prcp_d6": 0.0, "tmax_d0": 22.9, "tmax_d1": 23.0, "tmax_d2": 21.3, "tmax_d3": 21.2, "tmax_d4": 23.8, "tmax_d5": 23.6, "tmax_d6": 22.1, "tmin_d0": 9.2, "tmin_d1": 10.7, "tmin_d2": 9.7, "tmin_d3": 12.5, "tmin_d4": 11.7, "tmin_d5": 10.1, "tmin_d6": 10.8, "day_of_year": 184, "uuid": "cf58fc31-2502-4ff3-bd6c-1d2e4e399fbb", "inat_id": 294953408}}, {"type": "Feature", "geometry": {"type": "Point", "coordinates": [-105.3429716667, 39.938075]}, "properties": {"species": "Fomitopsis schrenkii", "date": "2025-07-05", "location": "Golden, CO, US", "elevation": 2082.0, "land_cover_label": "Tree cover", "water_mask": false, "exclude_reason": "keep", "ndvi": null, "soil_moisture": 0.2731388176180109, "solar_exposure": 0.7949175834655762, "wind_exposure": 0.2227616757154464, "water_retention": 0.5214600563049316, "slope": 9.003084182739258, "aspect": 69.96556854248047, "num_identification_agreements": 1, "cluster": 3, "tavg": null, "tmin": 17.0, "tmax": 34.0, "prcp_d0": 0.8032816648483276, "prcp_d1": 2.810871124267578, "prcp_d2": 0.0, "prcp_d3": 0.0, "prcp_d4": 0.0025631999596953, "prcp_d5": 0.0, "prcp_d6": 6.62275505065918, "tmax_d0": 27.4, "tmax_d1": 27.3, "tmax_d2": 28.3, "tmax_d3": 27.9, "tmax_d4": 26.6, "tmax_d5": 21.7, "tmax_d6": 26.7, "tmin_d0": 9.1, "tmin_d1": 14.2, "tmin_d2": 10.3, "tmin_d3": 10.4, "tmin_d4": 9.1, "tmin_d5": 12.6, "tmin_d6": 9.3, "day_of_year": 186, "uuid": "1faf8381-3fd2-4d90-b391-5066d5f1a4a8", "inat_id": 305130961}}, {"type": "Feature", "geometry": {"type": "Point", "coordinates": [-106.578925, 40.8016916667]}, "properties": {"species": "Fomitopsis schrenkii", "date": "2025-07-09", "location": "Walden, CO, US", "elevation": 2718.0, "land_cover_label": "Tree cover", "water_mask": false, "exclude_reason": "keep", "ndvi": null, "soil_moisture": null, "solar_exposure": null, "wind_exposure": null, "water_retention": null, "slope": null, "aspect": null, "num_identification_agreements": 1, "cluster": 0, "tavg": null, "tmin": 10.6, "tmax": 28.1, "prcp_d0": 0.0, "prcp_d1": 0.0, "prcp_d2": 0.0, "prcp_d3": 0.0, "prcp_d4": 1.4553205966949463, "prcp_d5": 8.585009574890137, "prcp_d6": 0.0, "tmax_d0": 25.2, "tmax_d1": 24.7, "tmax_d2": 22.1, "tmax_d3": 19.7, "tmax_d4": 20.9, "tmax_d5": 18.2, "tmax_d6": 22.1, "tmin_d0": 10.4, "tmin_d1": 8.2, "tmin_d2": 7.3, "tmin_d3": 8.4, "tmin_d4": 6.7, "tmin_d5": 8.5, "tmin_d6": 10.4, "day_of_year": 190, "uuid": "6043ef46-7c8b-4857-ae70-8f01f174fe3a", "inat_id": 300216030}}, {"type": "Feature", "geometry": {"type": "Point", "coordinates": [-105.3066633333, 39.4663366667]}, "properties": {"species": "Fomitopsis schrenkii", "date": "2025-07-12", "location": "S Baird Rd, Conifer, CO, US", "elevation": 2459.0, "land_cover_label": "Bare / sparse vegetation", "water_mask": false, "exclude_reason": "keep", "ndvi": null, "soil_moisture": 0.1689681746964367, "solar_exposure": 0.8741781115531921, "wind_exposure": 0.2090704888105392, "water_retention": 0.481811374425888, "slope": 3.781569242477417, "aspect": 154.5985565185547, "num_identification_agreements": 1, "cluster": 3, "tavg": null, "tmin": 15.0, "tmax": 28.3, "prcp_d0": 4.261547565460205, "prcp_d1": 0.0, "prcp_d2": 0.0, "prcp_d3": 0.0, "prcp_d4": 0.0, "prcp_d5": 0.0, "prcp_d6": 0.0, "tmax_d0": 21.9, "tmax_d1": 23.8, "tmax_d2": 27.6, "tmax_d3": 30.3, "tmax_d4": 26.9, "tmax_d5": 26.0, "tmax_d6": 25.5, "tmin_d0": 8.8, "tmin_d1": 9.1, "tmin_d2": 12.8, "tmin_d3": 10.0, "tmin_d4": 8.7, "tmin_d5": 9.8, "tmin_d6": 9.3, "day_of_year": 193, "uuid": "bd1e761b-5b43-4ac4-b568-dae96be0af5d", "inat_id": 298504512}}, {"type": "Feature", "geometry": {"type": "Point", "coordinates": [-107.6661320997, 38.0249658997]}, "properties": {"species": "Fomitopsis schrenkii", "date": "2025-07-14", "location": "Ouray, CO, USA", "elevation": 2520.0, "land_cover_label": "Tree cover", "water_mask": false, "exclude_reason": "keep", "ndvi": null, "soil_moisture": null, "solar_exposure": null, "wind_exposure": null, "water_retention": null, "slope": null, "aspect": null, "num_identification_agreements": 1, "cluster": 0, "tavg": null, "tmin": 13.0, "tmax": 23.0, "prcp_d0": 5.080027580261231, "prcp_d1": 0.0, "prcp_d2": 0.0, "prcp_d3": 0.0, "prcp_d4": 0.0, "prcp_d5": 0.0, "prcp_d6": 0.0, "tmax_d0": 27.2, "tmax_d1": 27.6, "tmax_d2": 26.8, "tmax_d3": 25.8, "tmax_d4": 26.7, "tmax_d5": 28.5, "tmax_d6": 26.9, "tmin_d0": 13.9, "tmin_d1": 14.2, "tmin_d2": 13.8, "tmin_d3": 12.6, "tmin_d4": 14.2, "tmin_d5": 13.4, "tmin_d6": 12.3, "day_of_year": 195, "uuid": "f622ba46-5cd3-41bf-a960-b488495fd3c3", "inat_id": 297942770}}, {"type": "Feature", "geometry": {"type": "Point", "coordinates": [-108.215147235, 37.4551746573]}, "properties": {"species": "Fomitopsis schrenkii", "date": "2025-07-14", "location": "West Mancos Trail, Mancos, CO, US", "elevation": 2554.0, "land_cover_label": "Tree cover", "water_mask": false, "exclude_reason": "keep", "ndvi": null, "soil_moisture": null, "solar_exposure": null, "wind_exposure": null, "water_retention": null, "slope": null, "aspect": null, "num_identification_agreements": 1, "cluster": 0, "tavg": null, "tmin": 17.0, "tmax": 36.0, "prcp_d0": 0.0, "prcp_d1": 0.0, "prcp_d2": 0.0, "prcp_d3": 0.0, "prcp_d4": 0.0, "prcp_d5": 0.0, "prcp_d6": 0.0, "tmax_d0": 26.4, "tmax_d1": 26.8, "tmax_d2": 26.9, "tmax_d3": 26.0, "tmax_d4": 26.4, "tmax_d5": 26.8, "tmax_d6": 25.9, "tmin_d0": 14.9, "tmin_d1": 15.6, "tmin_d2": 16.2, "tmin_d3": 16.9, "tmin_d4": 16.0, "tmin_d5": 16.8, "tmin_d6": 15.3, "day_of_year": 195, "uuid": "48b67fb6-ac66-490d-a76e-5585f402cf90", "inat_id": 298018418}}, {"type": "Feature", "geometry": {"type": "Point", "coordinates": [-106.4483116667, 37.0159861167]}, "properties": {"species": "Fomitopsis schrenkii", "date": "2025-07-15", "location": "Continental Divide National Scenic Trail, Antonito, CO, US", "elevation": 3097.0, "land_cover_label": "Tree cover", "water_mask": false, "exclude_reason": "keep", "ndvi": null, "soil_moisture": null, "solar_exposure": null, "wind_exposure": null, "water_retention": null, "slope": null, "aspect": null, "num_identification_agreements": 1, "cluster": 0, "tavg": null, "tmin": null, "tmax": null, "prcp_d0": 1.6590291261672974, "prcp_d1": 1.6590291261672974, "prcp_d2": 1.6590291261672974, "prcp_d3": 1.6590291261672974, "prcp_d4": 0.0, "prcp_d5": 0.0, "prcp_d6": 0.0, "tmax_d0": 22.4, "tmax_d1": 21.4, "tmax_d2": 22.3, "tmax_d3": 21.1, "tmax_d4": 22.4, "tmax_d5": 22.1, "tmax_d6": 23.6, "tmin_d0": 8.0, "tmin_d1": 7.9, "tmin_d2": 8.7, "tmin_d3": 7.1, "tmin_d4": 6.4, "tmin_d5": 11.2, "tmin_d6": 9.2, "day_of_year": 196, "uuid": "11a79bd5-b4b9-460c-93e1-a07e488b2e46", "inat_id": 298581842}}, {"type": "Feature", "geometry": {"type": "Point", "coordinates": [-107.6738333333, 37.7726666667]}, "properties": {"species": "Fomitopsis schrenkii", "date": "2025-07-17", "location": "San Juan County, CO, USA", "elevation": 3187.0, "land_cover_label": "Tree cover", "water_mask": false, "exclude_reason": "keep", "ndvi": null, "soil_moisture": null, "solar_exposure": null, "wind_exposure": null, "water_retention": null, "slope": null, "aspect": null, "num_identification_agreements": 1, "cluster": 0, "tavg": null, "tmin": 11.0, "tmax": 20.0, "prcp_d0": 0.0, "prcp_d1": 7.325128078460693, "prcp_d2": 0.0, "prcp_d3": 6.373719215393066, "prcp_d4": 0.0, "prcp_d5": 0.0, "prcp_d6": 0.0, "tmax_d0": 15.8, "tmax_d1": 18.9, "tmax_d2": 20.5, "tmax_d3": 18.6, "tmax_d4": 20.3, "tmax_d5": 20.7, "tmax_d6": 19.2, "tmin_d0": 6.0, "tmin_d1": 4.5, "tmin_d2": 4.0, "tmin_d3": 5.6, "tmin_d4": 3.5, "tmin_d5": 3.2, "tmin_d6": 2.7, "day_of_year": 198, "uuid": "f6caef07-205d-4c32-9b15-2f1658948b3f", "inat_id": 298745497}}, {"type": "Feature", "geometry": {"type": "Point", "coordinates": [-103.3838453, 43.7603373]}, "properties": {"species": "Fomitopsis schrenkii", "date": "2025-07-18", "location": "Crazy Horse, SD 57730, USA", "elevation": 1407.0, "land_cover_label": "Tree cover", "water_mask": false, "exclude_reason": "keep", "ndvi": null, "soil_moisture": null, "solar_exposure": null, "wind_exposure": null, "water_retention": null, "slope": null, "aspect": null, "num_identification_agreements": 2, "cluster": 0, "tavg": null, "tmin": 11.7, "tmax": 24.4, "prcp_d0": 0.0, "prcp_d1": 0.0, "prcp_d2": 15.173776626586914, "prcp_d3": 18.673227310180664, "prcp_d4": 0.0, "prcp_d5": 0.0, "prcp_d6": 0.0, "tmax_d0": 25.0, "tmax_d1": 22.1, "tmax_d2": 18.3, "tmax_d3": 27.5, "tmax_d4": 31.7, "tmax_d5": 30.2, "tmax_d6": 26.7, "tmin_d0": 13.3, "tmin_d1": 9.9, "tmin_d2": 11.2, "tmin_d3": 18.6, "tmin_d4": 18.3, "tmin_d5": 13.0, "tmin_d6": 7.6, "day_of_year": 199, "uuid": "2e2e310c-b641-4a65-b920-2c6a875aedf6", "inat_id": 301289629}}, {"type": "Feature", "geometry": {"type": "Point", "coordinates": [-105.5140259603, 39.8772234225]}, "properties": {"species": "Fomitopsis schrenkii", "date": "2025-07-20", "location": "Gilpin County, US-CO, US", "elevation": 2822.0, "land_cover_label": "Tree cover", "water_mask": false, "exclude_reason": "keep", "ndvi": null, "soil_moisture": 0.3411615872837605, "solar_exposure": 0.7820395827293396, "wind_exposure": 0.2789108455181122, "water_retention": 0.2528975009918213, "slope": 5.921536445617676, "aspect": 33.14213562011719, "num_identification_agreements": 1, "cluster": 0, "tavg": null, "tmin": 3.1, "tmax": 13.9, "prcp_d0": 0.0, "prcp_d1": 0.0, "prcp_d2": 0.0, "prcp_d3": 0.0, "prcp_d4": 0.0, "prcp_d5": 0.0, "prcp_d6": 16.506216049194336, "tmax_d0": 21.6, "tmax_d1": 23.3, "tmax_d2": 21.3, "tmax_d3": 22.1, "tmax_d4": 22.0, "tmax_d5": 22.9, "tmax_d6": 24.6, "tmin_d0": 6.7, "tmin_d1": 8.1, "tmin_d2": 8.6, "tmin_d3": 6.4, "tmin_d4": 5.0, "tmin_d5": 7.2, "tmin_d6": 6.9, "day_of_year": 201, "uuid": "0eb27665-c0de-4b69-88d6-08bb43a4644d", "inat_id": 299734772}}, {"type": "Feature", "geometry": {"type": "Point", "coordinates": [-105.5139895152, 39.8772712079]}, "properties": {"species": "Fomitopsis schrenkii", "date": "2025-07-20", "location": "Gilpin County, US-CO, US", "elevation": 2822.0, "land_cover_label": "Tree cover", "water_mask": false, "exclude_reason": "keep", "ndvi": null, "soil_moisture": 0.3411406848550199, "solar_exposure": 0.7820395827293396, "wind_exposure": 0.2789108455181122, "water_retention": 0.2528975009918213, "slope": 5.921536445617676, "aspect": 33.14213562011719, "num_identification_agreements": 1, "cluster": 0, "tavg": null, "tmin": 3.1, "tmax": 13.9, "prcp_d0": 0.0, "prcp_d1": 0.0, "prcp_d2": 0.0, "prcp_d3": 0.0, "prcp_d4": 0.0, "prcp_d5": 0.0, "prcp_d6": 16.506216049194336, "tmax_d0": 21.6, "tmax_d1": 23.3, "tmax_d2": 21.3, "tmax_d3": 22.1, "tmax_d4": 22.0, "tmax_d5": 22.9, "tmax_d6": 24.6, "tmin_d0": 6.7, "tmin_d1": 8.1, "tmin_d2": 8.6, "tmin_d3": 6.4, "tmin_d4": 5.0, "tmin_d5": 7.2, "tmin_d6": 6.9, "day_of_year": 201, "uuid": "1f4efdd9-c3d3-4480-8fa7-cedc377c9cb1", "inat_id": 299713800}}, {"type": "Feature", "geometry": {"type": "Point", "coordinates": [-105.3303985596, 39.724822998]}, "properties": {"species": "Fomitopsis schrenkii", "date": "2025-07-20", "location": "Jefferson County, US-CO, US", "elevation": 2122.0, "land_cover_label": "Tree cover", "water_mask": false, "exclude_reason": "keep", "ndvi": null, "soil_moisture": 0.307641384028154, "solar_exposure": 0.8221496939659119, "wind_exposure": 0.3253661692142486, "water_retention": 0.1863347142934799, "slope": 15.55460262298584, "aspect": 263.28094482421875, "num_identification_agreements": 1, "cluster": 0, "tavg": null, "tmin": 20.0, "tmax": 33.0, "prcp_d0": 0.0, "prcp_d1": 0.0, "prcp_d2": 0.0, "prcp_d3": 0.0, "prcp_d4": 0.0, "prcp_d5": 0.0, "prcp_d6": 16.1202449798584, "tmax_d0": 28.1, "tmax_d1": 26.1, "tmax_d2": 27.6, "tmax_d3": 25.1, "tmax_d4": 27.1, "tmax_d5": 30.7, "tmax_d6": 30.3, "tmin_d0": 11.7, "tmin_d1": 13.0, "tmin_d2": 14.2, "tmin_d3": 10.8, "tmin_d4": 10.8, "tmin_d5": 14.1, "tmin_d6": 12.2, "day_of_year": 201, "uuid": "9fb0c958-385d-4ecf-b0b6-1274f4b102ea", "inat_id": 299690897}}, {"type": "Feature", "geometry": {"type": "Point", "coordinates": [-105.5987912553, 40.5627061874]}, "properties": {"species": "Fomitopsis schrenkii", "date": "2025-07-21", "location": "Bellvue, CO, US", "elevation": 2777.0, "land_cover_label": "Tree cover", "water_mask": false, "exclude_reason": "keep", "ndvi": null, "soil_moisture": 0.3502607172562012, "solar_exposure": 0.8713153600692749, "wind_exposure": 0.2615124881267547, "water_retention": 0.2872194051742553, "slope": 7.10741138458252, "aspect": 121.49219512939452, "num_identification_agreements": 1, "cluster": 0, "tavg": null, "tmin": null, "tmax": null, "prcp_d0": 0.0, "prcp_d1": 0.0, "prcp_d2": 0.0, "prcp_d3": 0.0, "prcp_d4": 0.0, "prcp_d5": 0.0, "prcp_d6": 0.0, "tmax_d0": 23.6, "tmax_d1": 22.4, "tmax_d2": 22.9, "tmax_d3": 22.0, "tmax_d4": 22.5, "tmax_d5": 20.8, "tmax_d6": 23.9, "tmin_d0": 7.4, "tmin_d1": 6.9, "tmin_d2": 7.0, "tmin_d3": 8.3, "tmin_d4": 7.0, "tmin_d5": 8.1, "tmin_d6": 9.4, "day_of_year": 202, "uuid": "82d24a5c-0788-4675-b2b9-6741563018dc", "inat_id": 300022089}}, {"type": "Feature", "geometry": {"type": "Point", "coordinates": [-104.9021555556, 38.7875055556]}, "properties": {"species": "Fomitopsis schrenkii", "date": "2025-07-21", "location": "Colorado Springs, CO 80906, USA", "elevation": 2230.0, "land_cover_label": "Tree cover", "water_mask": false, "exclude_reason": "keep", "ndvi": null, "soil_moisture": null, "solar_exposure": null, "wind_exposure": null, "water_retention": null, "slope": null, "aspect": null, "num_identification_agreements": 1, "cluster": 0, "tavg": null, "tmin": 18.0, "tmax": 32.0, "prcp_d0": 0.0, "prcp_d1": 0.0, "prcp_d2": 0.0, "prcp_d3": 9.423970222473145, "prcp_d4": 9.423970222473145, "prcp_d5": 0.0, "prcp_d6": 2.542560815811157, "tmax_d0": 26.1, "tmax_d1": 26.4, "tmax_d2": 25.6, "tmax_d3": 27.1, "tmax_d4": 21.9, "tmax_d5": 24.0, "tmax_d6": 28.2, "tmin_d0": 13.0, "tmin_d1": 14.8, "tmin_d2": 11.7, "tmin_d3": 11.3, "tmin_d4": 12.7, "tmin_d5": 12.4, "tmin_d6": 10.7, "day_of_year": 202, "uuid": "80791e5f-c24b-43de-88e3-6908332f91e3", "inat_id": 300040198}}, {"type": "Feature", "geometry": {"type": "Point", "coordinates": [-106.6463916667, 35.91712]}, "properties": {"species": "Fomitopsis schrenkii", "date": "2025-07-22", "location": "Jemez Springs, NM, US", "elevation": 2602.0, "land_cover_label": "Tree cover", "water_mask": false, "exclude_reason": "keep", "ndvi": null, "soil_moisture": null, "solar_exposure": null, "wind_exposure": null, "water_retention": null, "slope": null, "aspect": null, "num_identification_agreements": 1, "cluster": 0, "tavg": null, "tmin": 14.7, "tmax": 24.4, "prcp_d0": 8.191704750061035, "prcp_d1": 0.0, "prcp_d2": 0.0, "prcp_d3": 0.0, "prcp_d4": 13.48510456085205, "prcp_d5": 0.0, "prcp_d6": 0.0, "tmax_d0": 21.7, "tmax_d1": 23.9, "tmax_d2": 25.3, "tmax_d3": 24.2, "tmax_d4": 24.6, "tmax_d5": 24.3, "tmax_d6": 25.7, "tmin_d0": 10.1, "tmin_d1": 11.7, "tmin_d2": 11.8, "tmin_d3": 12.3, "tmin_d4": 10.6, "tmin_d5": 10.6, "tmin_d6": 13.2, "day_of_year": 203, "uuid": "af7df7c9-ce33-41e8-aaff-f61eae05b2c1", "inat_id": 300207915}}, {"type": "Feature", "geometry": {"type": "Point", "coordinates": [-105.6463366602, 40.3124581784]}, "properties": {"species": "Fomitopsis schrenkii", "date": "2025-07-22", "location": "Bear Lake Loop Trail, Estes Park, CO, US", "elevation": 2905.0, "land_cover_label": "Tree cover", "water_mask": false, "exclude_reason": "keep", "ndvi": null, "soil_moisture": 0.3193023272983613, "solar_exposure": 0.8367230892181396, "wind_exposure": 0.2609769999980926, "water_retention": 0.5982982516288757, "slope": 1.2572333812713623, "aspect": 284.3193054199219, "num_identification_agreements": 1, "cluster": 3, "tavg": null, "tmin": 7.2, "tmax": 25.1, "prcp_d0": 0.0, "prcp_d1": 0.0, "prcp_d2": 0.0, "prcp_d3": 0.0, "prcp_d4": 0.0, "prcp_d5": 0.0, "prcp_d6": 0.0, "tmax_d0": 21.1, "tmax_d1": 23.2, "tmax_d2": 21.0, "tmax_d3": 22.2, "tmax_d4": 21.0, "tmax_d5": 21.4, "tmax_d6": 20.3, "tmin_d0": 8.2, "tmin_d1": 6.9, "tmin_d2": 6.6, "tmin_d3": 6.4, "tmin_d4": 7.1, "tmin_d5": 6.9, "tmin_d6": 4.9, "day_of_year": 203, "uuid": "56f6b795-4ebc-48a4-9475-4a1c007b7e2d", "inat_id": 300284662}}, {"type": "Feature", "geometry": {"type": "Point", "coordinates": [-105.6457283333, 40.2969783333]}, "properties": {"species": "Fomitopsis schrenkii", "date": "2025-07-24", "location": "Rocky Mountain National Park, Estes Park, CO, US", "elevation": 2990.0, "land_cover_label": "Tree cover", "water_mask": false, "exclude_reason": "keep", "ndvi": null, "soil_moisture": 0.3328665765693648, "solar_exposure": 0.8314431309700012, "wind_exposure": 0.1962222605943679, "water_retention": 0.2379705309867859, "slope": 3.702491760253906, "aspect": 80.34246826171875, "num_identification_agreements": 1, "cluster": 0, "tavg": null, "tmin": 6.8, "tmax": 25.6, "prcp_d0": 6.539506912231445, "prcp_d1": 6.539506912231445, "prcp_d2": 0.0, "prcp_d3": 0.0, "prcp_d4": 0.0, "prcp_d5": 0.0, "prcp_d6": 0.0, "tmax_d0": 19.0, "tmax_d1": 18.0, "tmax_d2": 20.5, "tmax_d3": 22.6, "tmax_d4": 20.3, "tmax_d5": 21.6, "tmax_d6": 20.3, "tmin_d0": 3.7, "tmin_d1": 9.0, "tmin_d2": 7.6, "tmin_d3": 6.3, "tmin_d4": 6.0, "tmin_d5": 5.8, "tmin_d6": 6.5, "day_of_year": 205, "uuid": "001786df-ca72-44c4-ae18-71b5a19a8b13", "inat_id": 300774826}}, {"type": "Feature", "geometry": {"type": "Point", "coordinates": [-106.60322, 38.7360633333]}, "properties": {"species": "Fomitopsis schrenkii", "date": "2025-07-24", "location": "Iron Placer, Almont, CO, US", "elevation": 3070.0, "land_cover_label": "Tree cover", "water_mask": false, "exclude_reason": "keep", "ndvi": null, "soil_moisture": null, "solar_exposure": null, "wind_exposure": null, "water_retention": null, "slope": null, "aspect": null, "num_identification_agreements": 1, "cluster": 0, "tavg": null, "tmin": 10.0, "tmax": 19.0, "prcp_d0": 0.0, "prcp_d1": 8.027215003967285, "prcp_d2": 0.0, "prcp_d3": 0.0, "prcp_d4": 0.0, "prcp_d5": 0.0, "prcp_d6": 0.0, "tmax_d0": 20.8, "tmax_d1": 18.3, "tmax_d2": 20.1, "tmax_d3": 21.0, "tmax_d4": 21.0, "tmax_d5": 20.7, "tmax_d6": 19.8, "tmin_d0": 5.9, "tmin_d1": 8.2, "tmin_d2": 6.5, "tmin_d3": 6.7, "tmin_d4": 6.7, "tmin_d5": 6.9, "tmin_d6": 6.1, "day_of_year": 205, "uuid": "1d58c11c-6f45-45e4-87a0-84d3a2a9b106", "inat_id": 300812957}}, {"type": "Feature", "geometry": {"type": "Point", "coordinates": [-105.5410585, 39.6053341]}, "properties": {"species": "Fomitopsis schrenkii", "date": "2025-07-26", "location": "Golden, CO 80439, USA", "elevation": 2829.0, "land_cover_label": "Tree cover", "water_mask": false, "exclude_reason": "keep", "ndvi": null, "soil_moisture": 0.3468877812396754, "solar_exposure": 0.7532421350479126, "wind_exposure": 0.2962717115879059, "water_retention": 0.1524700373411178, "slope": 12.951543807983398, "aspect": 63.35665512084961, "num_identification_agreements": 2, "cluster": 0, "tavg": null, "tmin": 1.6, "tmax": 14.7, "prcp_d0": 0.0, "prcp_d1": 0.0, "prcp_d2": 0.0, "prcp_d3": 14.93661403656006, "prcp_d4": 0.0, "prcp_d5": 0.0, "prcp_d6": 0.0, "tmax_d0": 23.5, "tmax_d1": 22.6, "tmax_d2": 20.9, "tmax_d3": 20.0, "tmax_d4": 24.4, "tmax_d5": 24.2, "tmax_d6": 22.3, "tmin_d0": 7.3, "tmin_d1": 8.3, "tmin_d2": 6.0, "tmin_d3": 9.8, "tmin_d4": 7.9, "tmin_d5": 7.1, "tmin_d6": 5.3, "day_of_year": 207, "uuid": "f86ced39-b69d-4ee1-a749-e941645905a2", "inat_id": 305824817}}, {"type": "Feature", "geometry": {"type": "Point", "coordinates": [-105.6860277778, 38.0180166667]}, "properties": {"species": "Fomitopsis schrenkii", "date": "2025-07-27", "location": "Silver Cliff, CO 81252, USA", "elevation": 2614.0, "land_cover_label": "Tree cover", "water_mask": false, "exclude_reason": "keep", "ndvi": null, "soil_moisture": null, "solar_exposure": null, "wind_exposure": null, "water_retention": null, "slope": null, "aspect": null, "num_identification_agreements": 1, "cluster": 0, "tavg": null, "tmin": 10.0, "tmax": 29.0, "prcp_d0": 0.0, "prcp_d1": 0.0, "prcp_d2": 0.0, "prcp_d3": 5.771182537078857, "prcp_d4": 2.8855912685394287, "prcp_d5": 5.771182537078857, "prcp_d6": 0.0, "tmax_d0": 24.3, "tmax_d1": 22.1, "tmax_d2": 21.3, "tmax_d3": 20.8, "tmax_d4": 19.9, "tmax_d5": 23.2, "tmax_d6": 23.6, "tmin_d0": 13.1, "tmin_d1": 11.8, "tmin_d2": 11.3, "tmin_d3": 11.0, "tmin_d4": 10.0, "tmin_d5": 12.3, "tmin_d6": 13.8, "day_of_year": 208, "uuid": "d2f413ed-2aaf-407e-a79a-62aaab0cdb82", "inat_id": 301703167}}, {"type": "Feature", "geometry": {"type": "Point", "coordinates": [-106.0681528333, 39.48795]}, "properties": {"species": "Fomitopsis schrenkii", "date": "2025-08-03", "location": "White River National Forest, Breckenridge, CO, US", "elevation": 3052.0, "land_cover_label": "Tree cover", "water_mask": false, "exclude_reason": "keep", "ndvi": null, "soil_moisture": null, "solar_exposure": null, "wind_exposure": null, "water_retention": null, "slope": null, "aspect": null, "num_identification_agreements": 1, "cluster": 0, "tavg": null, "tmin": 8.0, "tmax": 18.0, "prcp_d0": 0.0, "prcp_d1": 0.0, "prcp_d2": 0.0, "prcp_d3": 8.163061141967773, "prcp_d4": 0.0, "prcp_d5": 0.0, "prcp_d6": 0.0, "tmax_d0": 20.0, "tmax_d1": 18.8, "tmax_d2": 18.8, "tmax_d3": 19.3, "tmax_d4": 20.3, "tmax_d5": 19.5, "tmax_d6": 22.3, "tmin_d0": 3.1, "tmin_d1": 3.0, "tmin_d2": 2.9, "tmin_d3": 3.2, "tmin_d4": 4.6, "tmin_d5": 7.4, "tmin_d6": 5.1, "day_of_year": 215, "uuid": "5cbaab24-edea-459e-b385-80ef36b13f6e", "inat_id": 303840735}}, {"type": "Feature", "geometry": {"type": "Point", "coordinates": [-105.6131430484, 35.8145860281]}, "properties": {"species": "Fomitopsis schrenkii", "date": "2025-08-04", "location": "New Mexico, US", "elevation": 2878.0, "land_cover_label": "Tree cover", "water_mask": false, "exclude_reason": "keep", "ndvi": null, "soil_moisture": null, "solar_exposure": null, "wind_exposure": null, "water_retention": null, "slope": null, "aspect": null, "num_identification_agreements": 1, "cluster": 0, "tavg": null, "tmin": 14.4, "tmax": 28.9, "prcp_d0": 0.0, "prcp_d1": 0.0, "prcp_d2": 0.0, "prcp_d3": 18.275508880615234, "prcp_d4": 9.394264221191406, "prcp_d5": 0.0, "prcp_d6": 9.394264221191406, "tmax_d0": 23.2, "tmax_d1": 22.3, "tmax_d2": 21.5, "tmax_d3": 20.8, "tmax_d4": 19.0, "tmax_d5": 19.2, "tmax_d6": 19.1, "tmin_d0": 7.9, "tmin_d1": 7.9, "tmin_d2": 8.9, "tmin_d3": 8.9, "tmin_d4": 6.2, "tmin_d5": 6.8, "tmin_d6": 8.4, "day_of_year": 216, "uuid": "427e53b5-8f59-4415-a5ec-09cd3e3fe68e", "inat_id": 305581500}}, {"type": "Feature", "geometry": {"type": "Point", "coordinates": [-103.3840416667, 43.7606083333]}, "properties": {"species": "Fomitopsis schrenkii", "date": "2025-08-04", "location": "Custer State Park, Custer, SD, US", "elevation": 1368.0, "land_cover_label": "Tree cover", "water_mask": false, "exclude_reason": "keep", "ndvi": null, "soil_moisture": null, "solar_exposure": null, "wind_exposure": null, "water_retention": null, "slope": null, "aspect": null, "num_identification_agreements": 1, "cluster": 0, "tavg": null, "tmin": 11.7, "tmax": 25.6, "prcp_d0": 8.40585994720459, "prcp_d1": 8.40585994720459, "prcp_d2": 0.0, "prcp_d3": 0.0, "prcp_d4": 13.564204216003418, "prcp_d5": 0.0, "prcp_d6": 0.0, "tmax_d0": 26.3, "tmax_d1": 24.6, "tmax_d2": 25.8, "tmax_d3": 24.2, "tmax_d4": 20.0, "tmax_d5": 23.7, "tmax_d6": 25.1, "tmin_d0": 13.9, "tmin_d1": 14.2, "tmin_d2": 13.4, "tmin_d3": 13.5, "tmin_d4": 14.5, "tmin_d5": 14.8, "tmin_d6": 16.1, "day_of_year": 216, "uuid": "b0bdd0e4-60cd-4e51-aad7-761a1b2aed9e", "inat_id": 304076096}}, {"type": "Feature", "geometry": {"type": "Point", "coordinates": [-107.0968569835, 38.8443711219]}, "properties": {"species": "Fomitopsis schrenkii", "date": "2025-08-05", "location": "Gunnison County, US-CO, US", "elevation": 3080.0, "land_cover_label": "Tree cover", "water_mask": false, "exclude_reason": "keep", "ndvi": null, "soil_moisture": null, "solar_exposure": null, "wind_exposure": null, "water_retention": null, "slope": null, "aspect": null, "num_identification_agreements": 2, "cluster": 0, "tavg": null, "tmin": 3.9, "tmax": 28.9, "prcp_d0": 0.0, "prcp_d1": 0.0, "prcp_d2": 0.0, "prcp_d3": 0.0, "prcp_d4": 21.1676082611084, "prcp_d5": 0.0, "prcp_d6": 10.69703769683838, "tmax_d0": 22.8, "tmax_d1": 23.0, "tmax_d2": 21.8, "tmax_d3": 19.9, "tmax_d4": 18.3, "tmax_d5": 19.3, "tmax_d6": 20.8, "tmin_d0": 8.4, "tmin_d1": 5.4, "tmin_d2": 3.3, "tmin_d3": 5.0, "tmin_d4": 5.6, "tmin_d5": 3.6, "tmin_d6": 6.1, "day_of_year": 217, "uuid": "5df318f2-716f-46d9-a9f9-ffb30e325b95", "inat_id": 304591469}}, {"type": "Feature", "geometry": {"type": "Point", "coordinates": [-105.0336314531, 39.1002767128]}, "properties": {"species": "Fomitopsis schrenkii", "date": "2025-08-06", "location": "Teller County, US-CO, US", "elevation": 2805.0, "land_cover_label": "Tree cover", "water_mask": false, "exclude_reason": "keep", "ndvi": null, "soil_moisture": 0.1400798485101701, "solar_exposure": 0.7708528637886047, "wind_exposure": 0.3749374449253082, "water_retention": 0.3046638965606689, "slope": 8.216501235961914, "aspect": 312.5805358886719, "num_identification_agreements": 1, "cluster": 0, "tavg": null, "tmin": 16.4, "tmax": 33.9, "prcp_d0": 0.0, "prcp_d1": 0.0, "prcp_d2": 0.0, "prcp_d3": 0.0, "prcp_d4": 0.0, "prcp_d5": 0.0, "prcp_d6": 5.792646884918213, "tmax_d0": 25.6, "tmax_d1": 25.8, "tmax_d2": 25.2, "tmax_d3": 20.8, "tmax_d4": 21.8, "tmax_d5": 21.6, "tmax_d6": 21.1, "tmin_d0": 13.6, "tmin_d1": 11.4, "tmin_d2": 9.6, "tmin_d3": 7.5, "tmin_d4": 8.0, "tmin_d5": 8.5, "tmin_d6": 7.9, "day_of_year": 218, "uuid": "c8dfa172-e640-4775-b860-d89fd1a786b0", "inat_id": 304594950}}, {"type": "Feature", "geometry": {"type": "Point", "coordinates": [-106.8279633333, 37.4838633333]}, "properties": {"species": "Fomitopsis schrenkii", "date": "2025-08-06", "location": "Wolf Creek Road, Creede, CO, US", "elevation": 3143.0, "land_cover_label": "Tree cover", "water_mask": false, "exclude_reason": "keep", "ndvi": null, "soil_moisture": null, "solar_exposure": null, "wind_exposure": null, "water_retention": null, "slope": null, "aspect": null, "num_identification_agreements": 1, "cluster": 0, "tavg": null, "tmin": 11.0, "tmax": 17.0, "prcp_d0": 0.0, "prcp_d1": 0.0, "prcp_d2": 0.0, "prcp_d3": 0.0, "prcp_d4": 0.0, "prcp_d5": 0.0, "prcp_d6": 0.0, "tmax_d0": 20.0, "tmax_d1": 20.9, "tmax_d2": 20.7, "tmax_d3": 20.9, "tmax_d4": 18.7, "tmax_d5": 17.6, "tmax_d6": 17.9, "tmin_d0": 8.6, "tmin_d1": 8.5, "tmin_d2": 8.0, "tmin_d3": 7.7, "tmin_d4": 6.4, "tmin_d5": 5.7, "tmin_d6": 4.8, "day_of_year": 218, "uuid": "626de633-a021-44d2-962c-0fa57f7f71ff", "inat_id": 304350418}}, {"type": "Feature", "geometry": {"type": "Point", "coordinates": [-105.8052960719, 39.6913287136]}, "properties": {"species": "Fomitopsis schrenkii", "date": "2025-08-06", "location": "Bakerville W, Silver Plume, CO, US", "elevation": 2999.0, "land_cover_label": "Bare / sparse vegetation", "water_mask": false, "exclude_reason": "keep", "ndvi": null, "soil_moisture": 0.2641587067534876, "solar_exposure": 0.8020054697990417, "wind_exposure": 0.1354903727769851, "water_retention": 0.6588013172149658, "slope": 3.5116543769836426, "aspect": 346.6434326171875, "num_identification_agreements": 2, "cluster": 3, "tavg": null, "tmin": 4.1, "tmax": 16.5, "prcp_d0": 0.0, "prcp_d1": 0.0, "prcp_d2": 0.0, "prcp_d3": 0.0, "prcp_d4": 0.0, "prcp_d5": 0.0, "prcp_d6": 11.337158203125, "tmax_d0": 23.8, "tmax_d1": 23.1, "tmax_d2": 24.0, "tmax_d3": 20.2, "tmax_d4": 20.3, "tmax_d5": 20.5, "tmax_d6": 22.3, "tmin_d0": 7.6, "tmin_d1": 7.4, "tmin_d2": 4.6, "tmin_d3": 5.2, "tmin_d4": 5.9, "tmin_d5": 4.2, "tmin_d6": 4.4, "day_of_year": 218, "uuid": "4b8acc9d-21b7-4c83-a9e1-2f01d5396015", "inat_id": 305341693}}, {"type": "Feature", "geometry": {"type": "Point", "coordinates": [-105.8052960719, 39.6913287136]}, "properties": {"species": "Fomitopsis schrenkii", "date": "2025-08-06", "location": "Bakerville W, Silver Plume, CO, US", "elevation": 2999.0, "land_cover_label": "Bare / sparse vegetation", "water_mask": false, "exclude_reason": "keep", "ndvi": null, "soil_moisture": 0.2641587067534876, "solar_exposure": 0.8020054697990417, "wind_exposure": 0.1354903727769851, "water_retention": 0.6588013172149658, "slope": 3.5116543769836426, "aspect": 346.6434326171875, "num_identification_agreements": 2, "cluster": 3, "tavg": null, "tmin": 4.1, "tmax": 16.5, "prcp_d0": 0.0, "prcp_d1": 0.0, "prcp_d2": 0.0, "prcp_d3": 0.0, "prcp_d4": 0.0, "prcp_d5": 0.0, "prcp_d6": 11.337158203125, "tmax_d0": 23.8, "tmax_d1": 23.1, "tmax_d2": 24.0, "tmax_d3": 20.2, "tmax_d4": 20.3, "tmax_d5": 20.5, "tmax_d6": 22.3, "tmin_d0": 7.6, "tmin_d1": 7.4, "tmin_d2": 4.6, "tmin_d3": 5.2, "tmin_d4": 5.9, "tmin_d5": 4.2, "tmin_d6": 4.4, "day_of_year": 218, "uuid": "0e968fa6-4263-42d8-850f-48cf613ad9ae", "inat_id": 305341661}}, {"type": "Feature", "geometry": {"type": "Point", "coordinates": [-105.3745494639, 39.2279535642]}, "properties": {"species": "Fomitopsis schrenkii", "date": "2025-08-09", "location": "Jefferson County, CO, USA", "elevation": 3058.0, "land_cover_label": "Grassland", "water_mask": false, "exclude_reason": "keep", "ndvi": null, "soil_moisture": 0.0933032885711217, "solar_exposure": 0.6268336772918701, "wind_exposure": 0.4748750329017639, "water_retention": 0.148716002702713, "slope": 25.933183670043945, "aspect": 62.76531219482422, "num_identification_agreements": 1, "cluster": 0, "tavg": null, "tmin": 10.0, "tmax": 21.0, "prcp_d0": 0.0, "prcp_d1": 0.0, "prcp_d2": 0.0, "prcp_d3": 0.0, "prcp_d4": 0.0, "prcp_d5": 0.0, "prcp_d6": 0.0, "tmax_d0": 21.1, "tmax_d1": 23.2, "tmax_d2": 22.7, "tmax_d3": 23.5, "tmax_d4": 23.2, "tmax_d5": 22.4, "tmax_d6": 19.5, "tmin_d0": 7.9, "tmin_d1": 10.7, "tmin_d2": 11.3, "tmin_d3": 11.3, "tmin_d4": 10.0, "tmin_d5": 8.3, "tmin_d6": 7.8, "day_of_year": 221, "uuid": "039a3bf5-739f-48a7-ab84-14e88b66c654", "inat_id": 307293968}}, {"type": "Feature", "geometry": {"type": "Point", "coordinates": [-106.6819616667, 39.496095]}, "properties": {"species": "Fomitopsis schrenkii", "date": "2025-08-09", "location": "White River National Forest, Eagle, CO, US", "elevation": 2908.0, "land_cover_label": "Tree cover", "water_mask": false, "exclude_reason": "keep", "ndvi": null, "soil_moisture": null, "solar_exposure": null, "wind_exposure": null, "water_retention": null, "slope": null, "aspect": null, "num_identification_agreements": 2, "cluster": 0, "tavg": null, "tmin": 12.2, "tmax": 29.4, "prcp_d0": 0.0, "prcp_d1": 3.4319159984588623, "prcp_d2": 0.0, "prcp_d3": 0.0, "prcp_d4": 0.0, "prcp_d5": 0.0, "prcp_d6": 0.0, "tmax_d0": 22.5, "tmax_d1": 23.4, "tmax_d2": 24.6, "tmax_d3": 24.2, "tmax_d4": 24.3, "tmax_d5": 24.1, "tmax_d6": 22.0, "tmin_d0": 9.1, "tmin_d1": 12.1, "tmin_d2": 12.3, "tmin_d3": 9.2, "tmin_d4": 9.4, "tmin_d5": 8.1, "tmin_d6": 7.1, "day_of_year": 221, "uuid": "5d5f6642-1b65-4d1e-b229-7053c9acc2c4", "inat_id": 305373257}}, {"type": "Feature", "geometry": {"type": "Point", "coordinates": [-106.6674716667, 39.4683133333]}, "properties": {"species": "Fomitopsis schrenkii", "date": "2025-08-09", "location": "Eagle, CO, US", "elevation": 3235.0, "land_cover_label": "Tree cover", "water_mask": false, "exclude_reason": "keep", "ndvi": null, "soil_moisture": null, "solar_exposure": null, "wind_exposure": null, "water_retention": null, "slope": null, "aspect": null, "num_identification_agreements": 1, "cluster": 0, "tavg": null, "tmin": 12.2, "tmax": 29.4, "prcp_d0": 0.0, "prcp_d1": 3.4319159984588623, "prcp_d2": 0.0, "prcp_d3": 0.0, "prcp_d4": 0.0, "prcp_d5": 0.0, "prcp_d6": 0.0, "tmax_d0": 19.8, "tmax_d1": 20.4, "tmax_d2": 21.5, "tmax_d3": 21.1, "tmax_d4": 21.5, "tmax_d5": 21.2, "tmax_d6": 19.0, "tmin_d0": 8.9, "tmin_d1": 11.8, "tmin_d2": 11.4, "tmin_d3": 10.1, "tmin_d4": 10.0, "tmin_d5": 6.8, "tmin_d6": 6.5, "day_of_year": 221, "uuid": "cc1eb639-a8f3-4e54-8317-6d5e022fc2b3", "inat_id": 305077184}}, {"type": "Feature", "geometry": {"type": "Point", "coordinates": [-106.6516116667, 39.5129883333]}, "properties": {"species": "Fomitopsis schrenkii", "date": "2025-08-09", "location": "Nolan Lake Trail, Eagle, CO, US", "elevation": 3055.0, "land_cover_label": "Tree cover", "water_mask": false, "exclude_reason": "keep", "ndvi": null, "soil_moisture": null, "solar_exposure": null, "wind_exposure": null, "water_retention": null, "slope": null, "aspect": null, "num_identification_agreements": 1, "cluster": 0, "tavg": null, "tmin": 12.2, "tmax": 29.4, "prcp_d0": 0.0, "prcp_d1": 3.8925087451934814, "prcp_d2": 0.0, "prcp_d3": 0.0, "prcp_d4": 0.0, "prcp_d5": 0.0, "prcp_d6": 0.0, "tmax_d0": 20.3, "tmax_d1": 21.3, "tmax_d2": 22.4, "tmax_d3": 22.2, "tmax_d4": 22.1, "tmax_d5": 22.3, "tmax_d6": 20.2, "tmin_d0": 6.0, "tmin_d1": 7.5, "tmin_d2": 8.6, "tmin_d3": 5.3, "tmin_d4": 5.2, "tmin_d5": 5.9, "tmin_d6": 5.5, "day_of_year": 221, "uuid": "dc69a6d5-afda-4412-8fd5-2e0489c9d245", "inat_id": 305020784}}, {"type": "Feature", "geometry": {"type": "Point", "coordinates": [-105.6536211, 37.9908327]}, "properties": {"species": "Fomitopsis schrenkii", "date": "2025-08-10", "location": "Wilcox Gulch, Colorado 81252, USA", "elevation": 2870.0, "land_cover_label": "Tree cover", "water_mask": false, "exclude_reason": "keep", "ndvi": null, "soil_moisture": null, "solar_exposure": null, "wind_exposure": null, "water_retention": null, "slope": null, "aspect": null, "num_identification_agreements": 1, "cluster": 0, "tavg": null, "tmin": 15.0, "tmax": 24.0, "prcp_d0": 0.0, "prcp_d1": 0.0, "prcp_d2": 0.0, "prcp_d3": 0.0, "prcp_d4": 0.0, "prcp_d5": 0.0, "prcp_d6": 0.0, "tmax_d0": 23.0, "tmax_d1": 23.6, "tmax_d2": 25.8, "tmax_d3": 23.7, "tmax_d4": 24.7, "tmax_d5": 26.0, "tmax_d6": 25.1, "tmin_d0": 8.8, "tmin_d1": 11.9, "tmin_d2": 11.9, "tmin_d3": 12.5, "tmin_d4": 12.0, "tmin_d5": 10.6, "tmin_d6": 9.9, "day_of_year": 222, "uuid": "bafc8236-43c2-4870-ba0b-ee4db35e65f1", "inat_id": 307674140}}, {"type": "Feature", "geometry": {"type": "Point", "coordinates": [-105.0108717939, 39.0333967156]}, "properties": {"species": "Fomitopsis schrenkii", "date": "2025-08-10", "location": "Beaver Creek Rd, Woodland Park, CO, US", "elevation": 2829.0, "land_cover_label": "Tree cover", "water_mask": false, "exclude_reason": "keep", "ndvi": null, "soil_moisture": 0.144590019450856, "solar_exposure": 0.7835806608200073, "wind_exposure": 0.3697798252105713, "water_retention": 0.2179089188575744, "slope": 4.9798994064331055, "aspect": 355.3340148925781, "num_identification_agreements": 1, "cluster": 0, "tavg": null, "tmin": 14.3, "tmax": 24.8, "prcp_d0": 5.889456272125244, "prcp_d1": 0.0, "prcp_d2": 0.0, "prcp_d3": 0.0, "prcp_d4": 0.0, "prcp_d5": 0.0, "prcp_d6": 0.0, "tmax_d0": 18.9, "tmax_d1": 24.9, "tmax_d2": 25.8, "tmax_d3": 25.8, "tmax_d4": 25.2, "tmax_d5": 25.0, "tmax_d6": 24.4, "tmin_d0": 7.6, "tmin_d1": 10.1, "tmin_d2": 14.0, "tmin_d3": 13.9, "tmin_d4": 14.5, "tmin_d5": 10.4, "tmin_d6": 10.1, "day_of_year": 222, "uuid": "fa1494b1-cc2b-4730-b1eb-cdcf531afa5f", "inat_id": 306862590}}, {"type": "Feature", "geometry": {"type": "Point", "coordinates": [-107.8735231997, 37.8103551]}, "properties": {"species": "Fomitopsis schrenkii", "date": "2025-08-12", "location": "Ophir, CO 81426, USA", "elevation": 3121.0, "land_cover_label": "Tree cover", "water_mask": false, "exclude_reason": "keep", "ndvi": null, "soil_moisture": null, "solar_exposure": null, "wind_exposure": null, "water_retention": null, "slope": null, "aspect": null, "num_identification_agreements": 1, "cluster": 0, "tavg": null, "tmin": 10.0, "tmax": 24.0, "prcp_d0": 0.0, "prcp_d1": 0.0, "prcp_d2": 0.0, "prcp_d3": 0.0, "prcp_d4": 0.0, "prcp_d5": 0.0, "prcp_d6": 0.0, "tmax_d0": 18.5, "tmax_d1": 17.6, "tmax_d2": 18.2, "tmax_d3": 19.7, "tmax_d4": 19.8, "tmax_d5": 21.1, "tmax_d6": 18.7, "tmin_d0": 4.6, "tmin_d1": 2.1, "tmin_d2": 7.6, "tmin_d3": 5.4, "tmin_d4": 10.8, "tmin_d5": 10.0, "tmin_d6": 10.7, "day_of_year": 224, "uuid": "ff3f2d66-ea09-433a-a550-5d5576d71d8e", "inat_id": 306771364}}, {"type": "Feature", "geometry": {"type": "Point", "coordinates": [-107.88846351, 37.81531602]}, "properties": {"species": "Fomitopsis schrenkii", "date": "2025-08-12", "location": "San Miguel County, US-CO, US", "elevation": 3114.0, "land_cover_label": "Tree cover", "water_mask": false, "exclude_reason": "keep", "ndvi": null, "soil_moisture": null, "solar_exposure": null, "wind_exposure": null, "water_retention": null, "slope": null, "aspect": null, "num_identification_agreements": 1, "cluster": 0, "tavg": null, "tmin": 10.0, "tmax": 24.0, "prcp_d0": 0.0, "prcp_d1": 0.0, "prcp_d2": 0.0, "prcp_d3": 0.0, "prcp_d4": 0.0, "prcp_d5": 0.0, "prcp_d6": 0.0, "tmax_d0": 19.3, "tmax_d1": 19.3, "tmax_d2": 20.0, "tmax_d3": 21.0, "tmax_d4": 21.0, "tmax_d5": 22.5, "tmax_d6": 19.9, "tmin_d0": 5.2, "tmin_d1": 2.3, "tmin_d2": 7.7, "tmin_d3": 6.9, "tmin_d4": 10.6, "tmin_d5": 10.4, "tmin_d6": 10.4, "day_of_year": 224, "uuid": "cd5db5c8-50dd-4dc6-acb5-825c12075050", "inat_id": 305876023}}, {"type": "Feature", "geometry": {"type": "Point", "coordinates": [-105.49102, 40.1015166667]}, "properties": {"species": "Fomitopsis schrenkii", "date": "2025-08-13", "location": "County Road 96, Ward, CO, US", "elevation": 2735.0, "land_cover_label": "Tree cover", "water_mask": false, "exclude_reason": "keep", "ndvi": null, "soil_moisture": 0.291297445763494, "solar_exposure": 0.791063129901886, "wind_exposure": 0.3332103788852691, "water_retention": 0.2268442511558532, "slope": 4.364379405975342, "aspect": 5.328969478607178, "num_identification_agreements": 1, "cluster": 0, "tavg": null, "tmin": 15.0, "tmax": 38.0, "prcp_d0": 0.0, "prcp_d1": 0.0, "prcp_d2": 0.0, "prcp_d3": 3.201969861984253, "prcp_d4": 0.0, "prcp_d5": 3.201969861984253, "prcp_d6": 6.403939723968506, "tmax_d0": 25.2, "tmax_d1": 19.8, "tmax_d2": 17.1, "tmax_d3": 15.7, "tmax_d4": 22.3, "tmax_d5": 23.7, "tmax_d6": 24.5, "tmin_d0": 10.1, "tmin_d1": 8.8, "tmin_d2": 5.6, "tmin_d3": 7.6, "tmin_d4": 9.3, "tmin_d5": 12.1, "tmin_d6": 12.7, "day_of_year": 225, "uuid": "213fd170-5a9a-4f78-ae8c-169c4b086817", "inat_id": 306102973}}, {"type": "Feature", "geometry": {"type": "Point", "coordinates": [-107.8727861111, 37.8111611111]}, "properties": {"species": "Fomitopsis schrenkii", "date": "2025-08-13", "location": "San Miguel County, CO, USA", "elevation": 3040.0, "land_cover_label": "Tree cover", "water_mask": false, "exclude_reason": "keep", "ndvi": null, "soil_moisture": null, "solar_exposure": null, "wind_exposure": null, "water_retention": null, "slope": null, "aspect": null, "num_identification_agreements": 2, "cluster": 0, "tavg": null, "tmin": 13.0, "tmax": 26.0, "prcp_d0": 0.0, "prcp_d1": 0.0, "prcp_d2": 0.0, "prcp_d3": 0.0, "prcp_d4": 0.0, "prcp_d5": 0.0, "prcp_d6": 0.0, "tmax_d0": 20.8, "tmax_d1": 18.7, "tmax_d2": 17.8, "tmax_d3": 18.4, "tmax_d4": 19.9, "tmax_d5": 20.0, "tmax_d6": 21.3, "tmin_d0": 6.5, "tmin_d1": 4.8, "tmin_d2": 2.3, "tmin_d3": 7.8, "tmin_d4": 5.6, "tmin_d5": 11.0, "tmin_d6": 10.2, "day_of_year": 225, "uuid": "65fe1fb9-8834-43c7-a808-792883a88137", "inat_id": 306118787}}, {"type": "Feature", "geometry": {"type": "Point", "coordinates": [-107.8725055556, 37.8090527778]}, "properties": {"species": "Fomitopsis schrenkii", "date": "2025-08-13", "location": "San Miguel County, CO, USA", "elevation": 3083.0, "land_cover_label": "Tree cover", "water_mask": false, "exclude_reason": "keep", "ndvi": null, "soil_moisture": null, "solar_exposure": null, "wind_exposure": null, "water_retention": null, "slope": null, "aspect": null, "num_identification_agreements": 1, "cluster": 0, "tavg": null, "tmin": 13.0, "tmax": 26.0, "prcp_d0": 0.0, "prcp_d1": 0.0, "prcp_d2": 0.0, "prcp_d3": 0.0, "prcp_d4": 0.0, "prcp_d5": 0.0, "prcp_d6": 0.0, "tmax_d0": 20.4, "tmax_d1": 18.3, "tmax_d2": 17.4, "tmax_d3": 18.1, "tmax_d4": 19.6, "tmax_d5": 19.7, "tmax_d6": 20.9, "tmin_d0": 6.1, "tmin_d1": 4.4, "tmin_d2": 1.9, "tmin_d3": 7.4, "tmin_d4": 5.2, "tmin_d5": 10.6, "tmin_d6": 9.8, "day_of_year": 225, "uuid": "2a6a5b20-5a03-4ed9-a0f8-a3197b264c01", "inat_id": 306119467}}, {"type": "Feature", "geometry": {"type": "Point", "coordinates": [-106.80192072, 37.47910319]}, "properties": {"species": "Fomitopsis schrenkii", "date": "2025-08-13", "location": "Mineral County, US-CO, US", "elevation": 3402.0, "land_cover_label": "Tree cover", "water_mask": false, "exclude_reason": "keep", "ndvi": null, "soil_moisture": null, "solar_exposure": null, "wind_exposure": null, "water_retention": null, "slope": null, "aspect": null, "num_identification_agreements": 1, "cluster": 0, "tavg": null, "tmin": 6.0, "tmax": 18.0, "prcp_d0": 0.0, "prcp_d1": 0.0, "prcp_d2": 0.0, "prcp_d3": 0.0, "prcp_d4": 0.0, "prcp_d5": 0.0, "prcp_d6": 0.0, "tmax_d0": 20.6, "tmax_d1": 19.2, "tmax_d2": 19.3, "tmax_d3": 19.2, "tmax_d4": 20.5, "tmax_d5": 20.9, "tmax_d6": 21.4, "tmin_d0": 6.0, "tmin_d1": 2.7, "tmin_d2": 1.6, "tmin_d3": 8.5, "tmin_d4": 6.4, "tmin_d5": 8.0, "tmin_d6": 7.7, "day_of_year": 225, "uuid": "59ad78a1-0d7f-4cdf-b2c5-56816395b17e", "inat_id": 306183555}}, {"type": "Feature", "geometry": {"type": "Point", "coordinates": [-107.8988559, 37.9283284997]}, "properties": {"species": "Fomitopsis schrenkii", "date": "2025-08-13", "location": "Telluride, CO 81435, USA", "elevation": 2474.0, "land_cover_label": "Bare / sparse vegetation", "water_mask": false, "exclude_reason": "keep", "ndvi": null, "soil_moisture": null, "solar_exposure": null, "wind_exposure": null, "water_retention": null, "slope": null, "aspect": null, "num_identification_agreements": 1, "cluster": 0, "tavg": null, "tmin": 13.0, "tmax": 26.0, "prcp_d0": 0.0, "prcp_d1": 0.0, "prcp_d2": 0.0, "prcp_d3": 0.0, "prcp_d4": 0.0, "prcp_d5": 0.0, "prcp_d6": 0.0, "tmax_d0": 27.8, "tmax_d1": 25.7, "tmax_d2": 23.8, "tmax_d3": 25.1, "tmax_d4": 26.6, "tmax_d5": 25.9, "tmax_d6": 27.2, "tmin_d0": 10.1, "tmin_d1": 7.0, "tmin_d2": 9.6, "tmin_d3": 12.8, "tmin_d4": 8.6, "tmin_d5": 10.9, "tmin_d6": 8.7, "day_of_year": 225, "uuid": "766b9367-3d6b-47a3-bdd0-04e1d0119254", "inat_id": 307313951}}, {"type": "Feature", "geometry": {"type": "Point", "coordinates": [-106.8019069, 37.47910008]}, "properties": {"species": "Fomitopsis schrenkii", "date": "2025-08-13", "location": "Mineral County, US-CO, US", "elevation": 3402.0, "land_cover_label": "Tree cover", "water_mask": false, "exclude_reason": "keep", "ndvi": null, "soil_moisture": null, "solar_exposure": null, "wind_exposure": null, "water_retention": null, "slope": null, "aspect": null, "num_identification_agreements": 1, "cluster": 0, "tavg": null, "tmin": 6.0, "tmax": 18.0, "prcp_d0": 0.0, "prcp_d1": 0.0, "prcp_d2": 0.0, "prcp_d3": 0.0, "prcp_d4": 0.0, "prcp_d5": 0.0, "prcp_d6": 0.0, "tmax_d0": 20.6, "tmax_d1": 19.2, "tmax_d2": 19.3, "tmax_d3": 19.2, "tmax_d4": 20.5, "tmax_d5": 20.9, "tmax_d6": 21.4, "tmin_d0": 6.0, "tmin_d1": 2.7, "tmin_d2": 1.6, "tmin_d3": 8.5, "tmin_d4": 6.4, "tmin_d5": 8.0, "tmin_d6": 7.7, "day_of_year": 225, "uuid": "00d40e7a-f536-4d91-a02b-7e0f3be02bca", "inat_id": 306183539}}, {"type": "Feature", "geometry": {"type": "Point", "coordinates": [-107.9797216667, 37.7695166667]}, "properties": {"species": "Fomitopsis schrenkii", "date": "2025-08-13", "location": "Rico, CO, US", "elevation": 2860.0, "land_cover_label": "Tree cover", "water_mask": false, "exclude_reason": "keep", "ndvi": null, "soil_moisture": null, "solar_exposure": null, "wind_exposure": null, "water_retention": null, "slope": null, "aspect": null, "num_identification_agreements": 1, "cluster": 0, "tavg": null, "tmin": 13.0, "tmax": 26.0, "prcp_d0": 0.0, "prcp_d1": 0.0, "prcp_d2": 0.0, "prcp_d3": 0.0, "prcp_d4": 0.0, "prcp_d5": 0.0, "prcp_d6": 0.0, "tmax_d0": 23.2, "tmax_d1": 21.0, "tmax_d2": 20.5, "tmax_d3": 21.0, "tmax_d4": 22.2, "tmax_d5": 21.9, "tmax_d6": 23.4, "tmin_d0": 8.3, "tmin_d1": 6.5, "tmin_d2": 6.1, "tmin_d3": 10.9, "tmin_d4": 10.8, "tmin_d5": 12.7, "tmin_d6": 11.0, "day_of_year": 225, "uuid": "2b9b28bf-38c7-4077-be8e-5a89298cc8ba", "inat_id": 307721516}}, {"type": "Feature", "geometry": {"type": "Point", "coordinates": [-107.8718766403, 37.8081372146]}, "properties": {"species": "Fomitopsis schrenkii", "date": "2025-08-13", "location": "San Miguel County, US-CO, US", "elevation": 3130.0, "land_cover_label": "Tree cover", "water_mask": false, "exclude_reason": "keep", "ndvi": null, "soil_moisture": null, "solar_exposure": null, "wind_exposure": null, "water_retention": null, "slope": null, "aspect": null, "num_identification_agreements": 1, "cluster": 0, "tavg": null, "tmin": 13.0, "tmax": 26.0, "prcp_d0": 0.0, "prcp_d1": 0.0, "prcp_d2": 0.0, "prcp_d3": 0.0, "prcp_d4": 0.0, "prcp_d5": 0.0, "prcp_d6": 0.0, "tmax_d0": 20.4, "tmax_d1": 18.3, "tmax_d2": 17.4, "tmax_d3": 18.1, "tmax_d4": 19.6, "tmax_d5": 19.7, "tmax_d6": 20.9, "tmin_d0": 6.1, "tmin_d1": 4.4, "tmin_d2": 1.9, "tmin_d3": 7.4, "tmin_d4": 5.2, "tmin_d5": 10.6, "tmin_d6": 9.8, "day_of_year": 225, "uuid": "65f88572-2701-458d-abfa-d4a1d51cd59e", "inat_id": 306356174}}, {"type": "Feature", "geometry": {"type": "Point", "coordinates": [-107.8239863, 37.8550492]}, "properties": {"species": "Fomitopsis schrenkii", "date": "2025-08-15", "location": "Ophir, CO 81426, USA", "elevation": 2983.0, "land_cover_label": "Tree cover", "water_mask": false, "exclude_reason": "keep", "ndvi": null, "soil_moisture": null, "solar_exposure": null, "wind_exposure": null, "water_retention": null, "slope": null, "aspect": null, "num_identification_agreements": 2, "cluster": 0, "tavg": null, "tmin": 11.0, "tmax": 21.0, "prcp_d0": 8.844578742980957, "prcp_d1": 0.0, "prcp_d2": 0.0, "prcp_d3": 0.0, "prcp_d4": 0.0, "prcp_d5": 0.0, "prcp_d6": 0.0, "tmax_d0": 19.7, "tmax_d1": 20.8, "tmax_d2": 21.3, "tmax_d3": 19.8, "tmax_d4": 18.5, "tmax_d5": 19.4, "tmax_d6": 20.4, "tmin_d0": 8.5, "tmin_d1": 9.2, "tmin_d2": 7.3, "tmin_d3": 6.1, "tmin_d4": 6.0, "tmin_d5": 9.6, "tmin_d6": 7.1, "day_of_year": 227, "uuid": "e672d9e0-bc1c-4e03-9516-0aa9c9413169", "inat_id": 306556316}}, {"type": "Feature", "geometry": {"type": "Point", "coordinates": [-107.8253383333, 37.85538]}, "properties": {"species": "Fomitopsis schrenkii", "date": "2025-08-15", "location": "Grand Mesa Uncompahgre and Gunnison National Forests, Ophir, CO, US", "elevation": 2981.0, "land_cover_label": "Grassland", "water_mask": false, "exclude_reason": "keep", "ndvi": null, "soil_moisture": null, "solar_exposure": null, "wind_exposure": null, "water_retention": null, "slope": null, "aspect": null, "num_identification_agreements": 2, "cluster": 0, "tavg": null, "tmin": 11.0, "tmax": 21.0, "prcp_d0": 8.844578742980957, "prcp_d1": 0.0, "prcp_d2": 0.0, "prcp_d3": 0.0, "prcp_d4": 0.0, "prcp_d5": 0.0, "prcp_d6": 0.0, "tmax_d0": 19.7, "tmax_d1": 20.8, "tmax_d2": 21.3, "tmax_d3": 19.8, "tmax_d4": 18.5, "tmax_d5": 19.4, "tmax_d6": 20.4, "tmin_d0": 8.5, "tmin_d1": 9.2, "tmin_d2": 7.3, "tmin_d3": 6.1, "tmin_d4": 6.0, "tmin_d5": 9.6, "tmin_d6": 7.1, "day_of_year": 227, "uuid": "6f0f5701-99da-4086-af2e-25b93b83ffb9", "inat_id": 306573890}}, {"type": "Feature", "geometry": {"type": "Point", "coordinates": [-104.9392167166, 38.8511568761]}, "properties": {"species": "Fomitopsis schrenkii", "date": "2025-08-17", "location": "Gog and Magog Rocks Trail, Manitou Springs, CO, US", "elevation": 2146.0, "land_cover_label": "Tree cover", "water_mask": false, "exclude_reason": "keep", "ndvi": null, "soil_moisture": null, "solar_exposure": null, "wind_exposure": null, "water_retention": null, "slope": null, "aspect": null, "num_identification_agreements": 1, "cluster": 0, "tavg": null, "tmin": 20.0, "tmax": 30.0, "prcp_d0": 0.0, "prcp_d1": 0.0, "prcp_d2": 0.0, "prcp_d3": 0.0, "prcp_d4": 0.0, "prcp_d5": 0.0, "prcp_d6": 0.0, "tmax_d0": 25.6, "tmax_d1": 26.7, "tmax_d2": 27.6, "tmax_d3": 29.4, "tmax_d4": 28.9, "tmax_d5": 24.4, "tmax_d6": 21.8, "tmin_d0": 12.8, "tmin_d1": 13.3, "tmin_d2": 13.0, "tmin_d3": 12.4, "tmin_d4": 9.8, "tmin_d5": 10.6, "tmin_d6": 10.1, "day_of_year": 229, "uuid": "5e56e695-a3e0-48aa-91ad-a671f9d0d52d", "inat_id": 307068290}}, {"type": "Feature", "geometry": {"type": "Point", "coordinates": [-105.2255350818, 39.5546367159]}, "properties": {"species": "Fomitopsis schrenkii", "date": "2025-08-17", "location": "Jennings Rd, Morrison, CO, US", "elevation": 2230.0, "land_cover_label": "Tree cover", "water_mask": false, "exclude_reason": "keep", "ndvi": null, "soil_moisture": 0.2223686389291019, "solar_exposure": 0.7358176112174988, "wind_exposure": 0.3399618566036224, "water_retention": 0.4204570949077606, "slope": 9.083318710327148, "aspect": 341.919677734375, "num_identification_agreements": 1, "cluster": 0, "tavg": null, "tmin": 15.6, "tmax": 31.1, "prcp_d0": 0.0, "prcp_d1": 0.0, "prcp_d2": 0.0, "prcp_d3": 0.0, "prcp_d4": 0.0, "prcp_d5": 0.0, "prcp_d6": 0.0, "tmax_d0": 26.2, "tmax_d1": 26.2, "tmax_d2": 29.2, "tmax_d3": 30.5, "tmax_d4": 30.6, "tmax_d5": 26.2, "tmax_d6": 22.7, "tmin_d0": 14.1, "tmin_d1": 11.1, "tmin_d2": 10.7, "tmin_d3": 12.9, "tmin_d4": 12.6, "tmin_d5": 8.7, "tmin_d6": 8.6, "day_of_year": 229, "uuid": "b26f2124-a8f8-4f88-ac8c-fbea8f0f4216", "inat_id": 307144203}}, {"type": "Feature", "geometry": {"type": "Point", "coordinates": [-107.8756481327, 37.9146593204]}, "properties": {"species": "Fomitopsis schrenkii", "date": "2025-08-17", "location": "Grand Mesa Uncompahgre and Gunnison National Forests, Telluride, CO, US", "elevation": 2949.0, "land_cover_label": "Tree cover", "water_mask": false, "exclude_reason": "keep", "ndvi": null, "soil_moisture": null, "solar_exposure": null, "wind_exposure": null, "water_retention": null, "slope": null, "aspect": null, "num_identification_agreements": 1, "cluster": 0, "tavg": null, "tmin": 8.0, "tmax": 23.0, "prcp_d0": 0.0, "prcp_d1": 9.523455619812012, "prcp_d2": 9.205698013305664, "prcp_d3": 0.0, "prcp_d4": 0.0, "prcp_d5": 0.0, "prcp_d6": 0.0, "tmax_d0": 19.4, "tmax_d1": 17.4, "tmax_d2": 20.0, "tmax_d3": 22.1, "tmax_d4": 22.8, "tmax_d5": 21.3, "tmax_d6": 19.6, "tmin_d0": 5.8, "tmin_d1": 5.1, "tmin_d2": 8.4, "tmin_d3": 9.5, "tmin_d4": 8.1, "tmin_d5": 5.8, "tmin_d6": 6.7, "day_of_year": 229, "uuid": "91582294-f1e1-4719-befd-3247dce439b8", "inat_id": 307159889}}, {"type": "Feature", "geometry": {"type": "Point", "coordinates": [-105.8085903217, 35.8086519076]}, "properties": {"species": "Fomitopsis schrenkii", "date": "2025-08-17", "location": "Tererro, NM, US", "elevation": 3117.0, "land_cover_label": "Tree cover", "water_mask": false, "exclude_reason": "keep", "ndvi": null, "soil_moisture": null, "solar_exposure": null, "wind_exposure": null, "water_retention": null, "slope": null, "aspect": null, "num_identification_agreements": 1, "cluster": 0, "tavg": null, "tmin": 13.3, "tmax": 31.1, "prcp_d0": 0.0, "prcp_d1": 0.0, "prcp_d2": 0.0, "prcp_d3": 0.0, "prcp_d4": 0.0, "prcp_d5": 0.0, "prcp_d6": 0.0, "tmax_d0": 20.7, "tmax_d1": 18.3, "tmax_d2": 21.0, "tmax_d3": 22.0, "tmax_d4": 21.2, "tmax_d5": 19.4, "tmax_d6": 19.9, "tmin_d0": 8.3, "tmin_d1": 7.5, "tmin_d2": 9.2, "tmin_d3": 8.2, "tmin_d4": 5.9, "tmin_d5": 3.9, "tmin_d6": 8.3, "day_of_year": 229, "uuid": "3bbfbfea-3a2c-4e52-a277-e8120ff28288", "inat_id": 307171352}}, {"type": "Feature", "geometry": {"type": "Point", "coordinates": [-105.76278, 39.931145]}, "properties": {"species": "Fomitopsis schrenkii", "date": "2025-08-17", "location": "S Fork Loop, Fraser, CO, US", "elevation": 2775.0, "land_cover_label": "Tree cover", "water_mask": false, "exclude_reason": "keep", "ndvi": null, "soil_moisture": 0.2974545627268828, "solar_exposure": 0.8516361117362976, "wind_exposure": 0.3058220744132995, "water_retention": 0.1936735659837722, "slope": 7.115010738372803, "aspect": 254.8759765625, "num_identification_agreements": 1, "cluster": 0, "tavg": null, "tmin": 3.0, "tmax": 12.0, "prcp_d0": 0.0, "prcp_d1": 0.0, "prcp_d2": 0.0, "prcp_d3": 0.0, "prcp_d4": 0.0, "prcp_d5": 0.0, "prcp_d6": 0.0, "tmax_d0": 20.7, "tmax_d1": 20.4, "tmax_d2": 25.1, "tmax_d3": 26.2, "tmax_d4": 25.1, "tmax_d5": 23.2, "tmax_d6": 20.6, "tmin_d0": 8.7, "tmin_d1": 10.2, "tmin_d2": 8.7, "tmin_d3": 11.2, "tmin_d4": 7.9, "tmin_d5": 6.9, "tmin_d6": 6.1, "day_of_year": 229, "uuid": "c1b2bf06-9274-44e9-bec4-c522ebf7d24d", "inat_id": 307547200}}, {"type": "Feature", "geometry": {"type": "Point", "coordinates": [-107.9112383333, 37.81357]}, "properties": {"species": "Fomitopsis schrenkii", "date": "2025-08-17", "location": "Telluride, CO, US", "elevation": 3206.0, "land_cover_label": "Tree cover", "water_mask": false, "exclude_reason": "keep", "ndvi": null, "soil_moisture": null, "solar_exposure": null, "wind_exposure": null, "water_retention": null, "slope": null, "aspect": null, "num_identification_agreements": 2, "cluster": 0, "tavg": null, "tmin": 8.0, "tmax": 23.0, "prcp_d0": 0.0, "prcp_d1": 0.0, "prcp_d2": 0.0, "prcp_d3": 0.0, "prcp_d4": 0.0, "prcp_d5": 0.0, "prcp_d6": 0.0, "tmax_d0": 16.6, "tmax_d1": 16.0, "tmax_d2": 18.2, "tmax_d3": 20.4, "tmax_d4": 20.9, "tmax_d5": 18.7, "tmax_d6": 18.2, "tmin_d0": 3.9, "tmin_d1": 5.0, "tmin_d2": 7.8, "tmin_d3": 10.4, "tmin_d4": 6.0, "tmin_d5": 4.2, "tmin_d6": 3.8, "day_of_year": 229, "uuid": "b7bb754a-9fbf-49a8-95de-b72da285753b", "inat_id": 307203505}}, {"type": "Feature", "geometry": {"type": "Point", "coordinates": [-103.41877048, 43.72647316]}, "properties": {"species": "Fomitopsis schrenkii", "date": "2025-08-18", "location": "Custer County, US-SD, US", "elevation": 1359.0, "land_cover_label": "Tree cover", "water_mask": false, "exclude_reason": "keep", "ndvi": null, "soil_moisture": null, "solar_exposure": null, "wind_exposure": null, "water_retention": null, "slope": null, "aspect": null, "num_identification_agreements": 1, "cluster": 0, "tavg": null, "tmin": 12.8, "tmax": 29.4, "prcp_d0": 0.0, "prcp_d1": 0.0, "prcp_d2": 8.328434944152832, "prcp_d3": 0.0, "prcp_d4": 8.038970947265625, "prcp_d5": 8.038970947265625, "prcp_d6": 0.0, "tmax_d0": 27.7, "tmax_d1": 27.1, "tmax_d2": 29.7, "tmax_d3": 28.5, "tmax_d4": 32.7, "tmax_d5": 31.5, "tmax_d6": 27.6, "tmin_d0": 16.1, "tmin_d1": 15.9, "tmin_d2": 17.2, "tmin_d3": 17.4, "tmin_d4": 17.3, "tmin_d5": 17.3, "tmin_d6": 11.8, "day_of_year": 230, "uuid": "407e2a80-f99a-46f4-80f0-0a83703b5038", "inat_id": 307380445}}, {"type": "Feature", "geometry": {"type": "Point", "coordinates": [-105.3726883333, 39.5725883333]}, "properties": {"species": "Fomitopsis schrenkii", "date": "2025-08-22", "location": "Maxwell Falls Trail, Evergreen, CO, US", "elevation": 2485.0, "land_cover_label": "Tree cover", "water_mask": false, "exclude_reason": "keep", "ndvi": null, "soil_moisture": 0.1592973905256925, "solar_exposure": 0.7831985354423523, "wind_exposure": 0.2505411207675934, "water_retention": 0.5084761381149292, "slope": 5.219903469085693, "aspect": 341.919677734375, "num_identification_agreements": 1, "cluster": 3, "tavg": null, "tmin": 2.7, "tmax": 12.0, "prcp_d0": 0.0, "prcp_d1": 0.0, "prcp_d2": 0.0, "prcp_d3": 0.0, "prcp_d4": 0.0, "prcp_d5": 0.0, "prcp_d6": 9.256397247314451, "tmax_d0": 25.2, "tmax_d1": 27.4, "tmax_d2": 26.5, "tmax_d3": 24.4, "tmax_d4": 24.8, "tmax_d5": 24.2, "tmax_d6": 23.5, "tmin_d0": 9.6, "tmin_d1": 12.7, "tmin_d2": 9.8, "tmin_d3": 11.1, "tmin_d4": 8.1, "tmin_d5": 11.5, "tmin_d6": 9.0, "day_of_year": 234, "uuid": "90a49b25-5a6a-45c5-960f-71db463fa850", "inat_id": 308317679}}, {"type": "Feature", "geometry": {"type": "Point", "coordinates": [-105.3950666667, 36.69485]}, "properties": {"species": "Fomitopsis schrenkii", "date": "2025-08-22", "location": "Carson National Forest, Red River, NM, US", "elevation": 2688.0, "land_cover_label": "Tree cover", "water_mask": false, "exclude_reason": "keep", "ndvi": null, "soil_moisture": null, "solar_exposure": null, "wind_exposure": null, "water_retention": null, "slope": null, "aspect": null, "num_identification_agreements": 1, "cluster": 0, "tavg": null, "tmin": 2.1, "tmax": 28.4, "prcp_d0": 0.0, "prcp_d1": 0.0, "prcp_d2": 0.0, "prcp_d3": 0.0, "prcp_d4": 0.0, "prcp_d5": 0.0, "prcp_d6": 0.0, "tmax_d0": 24.3, "tmax_d1": 24.6, "tmax_d2": 22.7, "tmax_d3": 23.0, "tmax_d4": 22.7, "tmax_d5": 22.3, "tmax_d6": 21.9, "tmin_d0": 10.2, "tmin_d1": 10.4, "tmin_d2": 10.0, "tmin_d3": 10.7, "tmin_d4": 10.2, "tmin_d5": 11.2, "tmin_d6": 10.2, "day_of_year": 234, "uuid": "b18a4202-718f-4aa7-b20d-48089a650c9d", "inat_id": 314897878}}, {"type": "Feature", "geometry": {"type": "Point", "coordinates": [-105.3726416667, 39.572605]}, "properties": {"species": "Fomitopsis schrenkii", "date": "2025-08-22", "location": "Maxwell Falls Trail, Evergreen, CO, US", "elevation": 2485.0, "land_cover_label": "Tree cover", "water_mask": false, "exclude_reason": "keep", "ndvi": null, "soil_moisture": 0.1592866769935423, "solar_exposure": 0.7831985354423523, "wind_exposure": 0.2505411207675934, "water_retention": 0.5084761381149292, "slope": 5.219903469085693, "aspect": 341.919677734375, "num_identification_agreements": 1, "cluster": 3, "tavg": null, "tmin": 2.7, "tmax": 12.0, "prcp_d0": 0.0, "prcp_d1": 0.0, "prcp_d2": 0.0, "prcp_d3": 0.0, "prcp_d4": 0.0, "prcp_d5": 0.0, "prcp_d6": 9.256397247314451, "tmax_d0": 25.2, "tmax_d1": 27.4, "tmax_d2": 26.5, "tmax_d3": 24.4, "tmax_d4": 24.8, "tmax_d5": 24.2, "tmax_d6": 23.5, "tmin_d0": 9.6, "tmin_d1": 12.7, "tmin_d2": 9.8, "tmin_d3": 11.1, "tmin_d4": 8.1, "tmin_d5": 11.5, "tmin_d6": 9.0, "day_of_year": 234, "uuid": "f9752caa-9e92-441b-bd6f-bb6215e0c538", "inat_id": 308318115}}, {"type": "Feature", "geometry": {"type": "Point", "coordinates": [-105.3701333333, 39.3112666667]}, "properties": {"species": "Fomitopsis schrenkii", "date": "2025-08-23", "location": "Bailey, CO, US", "elevation": 2452.0, "land_cover_label": "Tree cover", "water_mask": false, "exclude_reason": "keep", "ndvi": null, "soil_moisture": 0.2077704225852887, "solar_exposure": 0.8182399868965149, "wind_exposure": 0.2248500883579254, "water_retention": 0.3152287304401397, "slope": 5.873860836029053, "aspect": 74.70431518554688, "num_identification_agreements": 1, "cluster": 0, "tavg": null, "tmin": 5.2, "tmax": 17.0, "prcp_d0": 14.72508716583252, "prcp_d1": 0.0, "prcp_d2": 0.0, "prcp_d3": 0.0, "prcp_d4": 0.0, "prcp_d5": 0.0, "prcp_d6": 0.0, "tmax_d0": 21.4, "tmax_d1": 26.2, "tmax_d2": 28.8, "tmax_d3": 27.1, "tmax_d4": 25.8, "tmax_d5": 25.0, "tmax_d6": 25.9, "tmin_d0": 11.2, "tmin_d1": 11.5, "tmin_d2": 12.5, "tmin_d3": 11.3, "tmin_d4": 11.1, "tmin_d5": 11.4, "tmin_d6": 11.7, "day_of_year": 235, "uuid": "f86df7e4-f331-492a-958d-7959065d2b2f", "inat_id": 308908546}}, {"type": "Feature", "geometry": {"type": "Point", "coordinates": [-105.1128471667, 39.3840216667]}, "properties": {"species": "Fomitopsis schrenkii", "date": "2025-08-23", "location": "Pike and San Isabel National Forests, Sedalia, CO, US", "elevation": 2180.0, "land_cover_label": "Tree cover", "water_mask": false, "exclude_reason": "keep", "ndvi": null, "soil_moisture": 0.1674880612982004, "solar_exposure": 0.7906959056854248, "wind_exposure": 0.3415722250938415, "water_retention": 0.3556635975837707, "slope": 16.9609375, "aspect": 272.03985595703125, "num_identification_agreements": 1, "cluster": 0, "tavg": null, "tmin": 13.9, "tmax": 27.2, "prcp_d0": 10.894288063049316, "prcp_d1": 0.0, "prcp_d2": 0.0, "prcp_d3": 0.0, "prcp_d4": 0.0, "prcp_d5": 0.0, "prcp_d6": 0.0, "tmax_d0": 23.1, "tmax_d1": 28.5, "tmax_d2": 29.7, "tmax_d3": 29.1, "tmax_d4": 27.1, "tmax_d5": 28.0, "tmax_d6": 27.1, "tmin_d0": 12.4, "tmin_d1": 11.7, "tmin_d2": 13.0, "tmin_d3": 12.1, "tmin_d4": 11.6, "tmin_d5": 11.1, "tmin_d6": 11.2, "day_of_year": 235, "uuid": "95457108-63ea-47d6-90f7-18a636af57ba", "inat_id": 308559241}}, {"type": "Feature", "geometry": {"type": "Point", "coordinates": [-107.5320466667, 37.5194216667]}, "properties": {"species": "Fomitopsis schrenkii", "date": "2025-08-24", "location": "La Plata County, US-CO, US", "elevation": 2593.0, "land_cover_label": "Tree cover", "water_mask": false, "exclude_reason": "keep", "ndvi": null, "soil_moisture": null, "solar_exposure": null, "wind_exposure": null, "water_retention": null, "slope": null, "aspect": null, "num_identification_agreements": 1, "cluster": 0, "tavg": null, "tmin": 13.9, "tmax": 27.2, "prcp_d0": 9.400917053222656, "prcp_d1": 4.700458526611328, "prcp_d2": 4.700458526611328, "prcp_d3": 0.0, "prcp_d4": 0.0, "prcp_d5": 0.0, "prcp_d6": 0.0, "tmax_d0": 20.6, "tmax_d1": 23.7, "tmax_d2": 26.5, "tmax_d3": 28.2, "tmax_d4": 26.2, "tmax_d5": 26.1, "tmax_d6": 24.7, "tmin_d0": 9.4, "tmin_d1": 12.8, "tmin_d2": 13.8, "tmin_d3": 12.0, "tmin_d4": 12.6, "tmin_d5": 11.3, "tmin_d6": 10.3, "day_of_year": 236, "uuid": "e89c7023-56d9-4421-b0a5-723b445bfd90", "inat_id": 308864328}}, {"type": "Feature", "geometry": {"type": "Point", "coordinates": [-107.5477415, 37.4673284]}, "properties": {"species": "Fomitopsis schrenkii", "date": "2025-08-24", "location": "La Plata County, US-CO, US", "elevation": 2409.0, "land_cover_label": "Tree cover", "water_mask": false, "exclude_reason": "keep", "ndvi": null, "soil_moisture": null, "solar_exposure": null, "wind_exposure": null, "water_retention": null, "slope": null, "aspect": null, "num_identification_agreements": 1, "cluster": 0, "tavg": null, "tmin": 13.9, "tmax": 27.2, "prcp_d0": 9.741302490234377, "prcp_d1": 4.870651245117188, "prcp_d2": 4.870651245117188, "prcp_d3": 0.0, "prcp_d4": 0.0, "prcp_d5": 0.0, "prcp_d6": 0.0, "tmax_d0": 21.9, "tmax_d1": 24.8, "tmax_d2": 27.8, "tmax_d3": 29.6, "tmax_d4": 27.8, "tmax_d5": 27.5, "tmax_d6": 26.1, "tmin_d0": 11.1, "tmin_d1": 15.0, "tmin_d2": 15.4, "tmin_d3": 14.6, "tmin_d4": 15.1, "tmin_d5": 13.9, "tmin_d6": 13.1, "day_of_year": 236, "uuid": "aa109b61-b786-470a-98b3-a9a8b3611e0d", "inat_id": 308864267}}, {"type": "Feature", "geometry": {"type": "Point", "coordinates": [-104.9462716, 38.7396963997]}, "properties": {"species": "Fomitopsis schrenkii", "date": "2025-08-26", "location": "Manitou Springs, CO 80829, USA", "elevation": 3061.0, "land_cover_label": "Tree cover", "water_mask": false, "exclude_reason": "keep", "ndvi": null, "soil_moisture": null, "solar_exposure": null, "wind_exposure": null, "water_retention": null, "slope": null, "aspect": null, "num_identification_agreements": 1, "cluster": 1, "tavg": null, "tmin": 13.0, "tmax": 15.0, "prcp_d0": 0.0, "prcp_d1": 23.10459327697754, "prcp_d2": 23.10459327697754, "prcp_d3": 23.10459327697754, "prcp_d4": 11.55229663848877, "prcp_d5": 0.0, "prcp_d6": 0.0, "tmax_d0": 14.5, "tmax_d1": 14.2, "tmax_d2": 17.3, "tmax_d3": 16.1, "tmax_d4": 21.6, "tmax_d5": 21.9, "tmax_d6": 20.1, "tmin_d0": 7.4, "tmin_d1": 6.6, "tmin_d2": 7.8, "tmin_d3": 7.8, "tmin_d4": 10.2, "tmin_d5": 8.9, "tmin_d6": 8.5, "day_of_year": 238, "uuid": "ff6b6fbb-91a0-435d-be26-d067b10e6552", "inat_id": 309415035}}, {"type": "Feature", "geometry": {"type": "Point", "coordinates": [-105.721045956, 39.6073912181]}, "properties": {"species": "Fomitopsis schrenkii", "date": "2025-08-27", "location": "Clear Creek County, US-CO, US", "elevation": 3385.0, "land_cover_label": "Tree cover", "water_mask": false, "exclude_reason": "keep", "ndvi": null, "soil_moisture": 0.42782486210825, "solar_exposure": 0.6831337213516235, "wind_exposure": 0.2336221635341644, "water_retention": 0.2632043063640594, "slope": 12.546368598937988, "aspect": 0.0, "num_identification_agreements": 1, "cluster": 0, "tavg": null, "tmin": 0.6, "tmax": 10.6, "prcp_d0": 4.605658531188965, "prcp_d1": 0.0, "prcp_d2": 9.249120712280272, "prcp_d3": 0.0, "prcp_d4": 0.0, "prcp_d5": 0.0, "prcp_d6": 0.0, "tmax_d0": 14.4, "tmax_d1": 14.4, "tmax_d2": 13.1, "tmax_d3": 15.1, "tmax_d4": 15.8, "tmax_d5": 17.1, "tmax_d6": 20.1, "tmin_d0": 4.7, "tmin_d1": 3.5, "tmin_d2": 3.2, "tmin_d3": 6.1, "tmin_d4": 6.1, "tmin_d5": 8.1, "tmin_d6": 7.4, "day_of_year": 239, "uuid": "427bc313-979c-48b9-baf3-8d5a5788bf4c", "inat_id": 309619827}}, {"type": "Feature", "geometry": {"type": "Point", "coordinates": [-107.6712919, 37.7818503]}, "properties": {"species": "Fomitopsis schrenkii", "date": "2025-08-28", "location": "San Juan County, US-CO, US", "elevation": 3074.0, "land_cover_label": "Tree cover", "water_mask": false, "exclude_reason": "keep", "ndvi": null, "soil_moisture": null, "solar_exposure": null, "wind_exposure": null, "water_retention": null, "slope": null, "aspect": null, "num_identification_agreements": 1, "cluster": 0, "tavg": null, "tmin": 8.0, "tmax": 20.0, "prcp_d0": 0.0, "prcp_d1": 0.0, "prcp_d2": 0.0, "prcp_d3": 0.0, "prcp_d4": 8.397604942321777, "prcp_d5": 0.0, "prcp_d6": 0.0, "tmax_d0": 17.9, "tmax_d1": 15.1, "tmax_d2": 15.5, "tmax_d3": 16.8, "tmax_d4": 17.9, "tmax_d5": 18.9, "tmax_d6": 21.2, "tmin_d0": 1.4, "tmin_d1": 6.6, "tmin_d2": 5.7, "tmin_d3": 4.0, "tmin_d4": 4.2, "tmin_d5": 6.0, "tmin_d6": 7.3, "day_of_year": 240, "uuid": "67142f37-3e4c-44a8-8ead-d1aa0ba2f155", "inat_id": 310077261}}, {"type": "Feature", "geometry": {"type": "Point", "coordinates": [-106.3639373779, 39.6392326355]}, "properties": {"species": "Fomitopsis schrenkii", "date": "2025-08-30", "location": "Vail", "elevation": 2512.0, "land_cover_label": "Tree cover", "water_mask": false, "exclude_reason": "keep", "ndvi": null, "soil_moisture": null, "solar_exposure": null, "wind_exposure": null, "water_retention": null, "slope": null, "aspect": null, "num_identification_agreements": 1, "cluster": 2, "tavg": null, "tmin": 6.0, "tmax": 11.0, "prcp_d0": 0.0, "prcp_d1": 0.0, "prcp_d2": 0.0, "prcp_d3": 0.0, "prcp_d4": 0.0, "prcp_d5": 17.55535888671875, "prcp_d6": 17.55535888671875, "tmax_d0": 14.0, "tmax_d1": 18.2, "tmax_d2": 15.3, "tmax_d3": 18.1, "tmax_d4": 16.5, "tmax_d5": 17.6, "tmax_d6": 21.7, "tmin_d0": 7.0, "tmin_d1": 3.6, "tmin_d2": 3.3, "tmin_d3": 5.9, "tmin_d4": 6.6, "tmin_d5": 5.8, "tmin_d6": 5.5, "day_of_year": 242, "uuid": "3a4fd51d-7ddd-4c6c-915a-dd0e9b23c586", "inat_id": 310266268}}, {"type": "Feature", "geometry": {"type": "Point", "coordinates": [-106.8281033333, 37.48398]}, "properties": {"species": "Fomitopsis schrenkii", "date": "2025-09-01", "location": "Wolf Creek Road, Creede, CO, US", "elevation": 3143.0, "land_cover_label": "Tree cover", "water_mask": false, "exclude_reason": "keep", "ndvi": null, "soil_moisture": null, "solar_exposure": null, "wind_exposure": null, "water_retention": null, "slope": null, "aspect": null, "num_identification_agreements": 1, "cluster": 0, "tavg": null, "tmin": 4.0, "tmax": 17.0, "prcp_d0": 0.0, "prcp_d1": 0.0, "prcp_d2": 0.0, "prcp_d3": 0.0, "prcp_d4": 0.0, "prcp_d5": 0.0, "prcp_d6": 0.0, "tmax_d0": 18.0, "tmax_d1": 16.0, "tmax_d2": 15.6, "tmax_d3": 15.4, "tmax_d4": 16.7, "tmax_d5": 14.8, "tmax_d6": 15.8, "tmin_d0": 5.1, "tmin_d1": 2.4, "tmin_d2": 3.1, "tmin_d3": 6.2, "tmin_d4": 3.7, "tmin_d5": 5.8, "tmin_d6": 5.9, "day_of_year": 244, "uuid": "35e26b59-628e-48b7-87ab-b20f9d09e774", "inat_id": 310951186}}, {"type": "Feature", "geometry": {"type": "Point", "coordinates": [-107.8751088324, 37.9130148182]}, "properties": {"species": "Fomitopsis schrenkii", "date": "2025-09-01", "location": "Grand Mesa Uncompahgre and Gunnison National Forests, Telluride, CO, US", "elevation": 2971.0, "land_cover_label": "Tree cover", "water_mask": false, "exclude_reason": "keep", "ndvi": null, "soil_moisture": null, "solar_exposure": null, "wind_exposure": null, "water_retention": null, "slope": null, "aspect": null, "num_identification_agreements": 1, "cluster": 0, "tavg": null, "tmin": 9.0, "tmax": 22.0, "prcp_d0": 0.0, "prcp_d1": 0.0, "prcp_d2": 0.0, "prcp_d3": 8.392736434936523, "prcp_d4": 0.0, "prcp_d5": 0.0, "prcp_d6": 0.0, "tmax_d0": 19.2, "tmax_d1": 16.9, "tmax_d2": 14.5, "tmax_d3": 17.5, "tmax_d4": 18.9, "tmax_d5": 16.2, "tmax_d6": 17.1, "tmin_d0": 5.2, "tmin_d1": 4.0, "tmin_d2": 3.0, "tmin_d3": 6.8, "tmin_d4": 4.4, "tmin_d5": 7.8, "tmin_d6": 7.3, "day_of_year": 244, "uuid": "2f074859-0e10-4f9c-b793-ed2f80e2d365", "inat_id": 310837092}}, {"type": "Feature", "geometry": {"type": "Point", "coordinates": [-106.857475, 37.476475]}, "properties": {"species": "Fomitopsis schrenkii", "date": "2025-09-01", "location": "Fall Creek Rd, Creede, CO, US", "elevation": 2947.0, "land_cover_label": "Tree cover", "water_mask": false, "exclude_reason": "keep", "ndvi": null, "soil_moisture": null, "solar_exposure": null, "wind_exposure": null, "water_retention": null, "slope": null, "aspect": null, "num_identification_agreements": 1, "cluster": 0, "tavg": null, "tmin": 4.0, "tmax": 17.0, "prcp_d0": 0.0, "prcp_d1": 0.0, "prcp_d2": 0.0, "prcp_d3": 0.0, "prcp_d4": 0.0, "prcp_d5": 0.0, "prcp_d6": 0.0, "tmax_d0": 19.5, "tmax_d1": 17.9, "tmax_d2": 17.0, "tmax_d3": 17.8, "tmax_d4": 18.7, "tmax_d5": 15.2, "tmax_d6": 17.8, "tmin_d0": 4.7, "tmin_d1": 4.9, "tmin_d2": 2.9, "tmin_d3": 6.5, "tmin_d4": 4.4, "tmin_d5": 7.2, "tmin_d6": 7.0, "day_of_year": 244, "uuid": "16a31700-fcd0-4957-8f0c-16d52d72a4a1", "inat_id": 310949271}}, {"type": "Feature", "geometry": {"type": "Point", "coordinates": [-106.8282083333, 37.48407]}, "properties": {"species": "Fomitopsis schrenkii", "date": "2025-09-01", "location": "Wolf Creek Road, Creede, CO, US", "elevation": 3143.0, "land_cover_label": "Tree cover", "water_mask": false, "exclude_reason": "keep", "ndvi": null, "soil_moisture": null, "solar_exposure": null, "wind_exposure": null, "water_retention": null, "slope": null, "aspect": null, "num_identification_agreements": 1, "cluster": 0, "tavg": null, "tmin": 4.0, "tmax": 17.0, "prcp_d0": 0.0, "prcp_d1": 0.0, "prcp_d2": 0.0, "prcp_d3": 0.0, "prcp_d4": 0.0, "prcp_d5": 0.0, "prcp_d6": 0.0, "tmax_d0": 18.0, "tmax_d1": 16.0, "tmax_d2": 15.6, "tmax_d3": 15.4, "tmax_d4": 16.7, "tmax_d5": 14.8, "tmax_d6": 15.8, "tmin_d0": 5.1, "tmin_d1": 2.4, "tmin_d2": 3.1, "tmin_d3": 6.2, "tmin_d4": 3.7, "tmin_d5": 5.8, "tmin_d6": 5.9, "day_of_year": 244, "uuid": "7ecc3d42-16cd-4706-8b16-91f651c4cad3", "inat_id": 310951048}}, {"type": "Feature", "geometry": {"type": "Point", "coordinates": [-106.855995, 37.4726633333]}, "properties": {"species": "Fomitopsis schrenkii", "date": "2025-09-01", "location": "Fall Creek Rd, Creede, CO, US", "elevation": 3012.0, "land_cover_label": "Tree cover", "water_mask": false, "exclude_reason": "keep", "ndvi": null, "soil_moisture": null, "solar_exposure": null, "wind_exposure": null, "water_retention": null, "slope": null, "aspect": null, "num_identification_agreements": 1, "cluster": 0, "tavg": null, "tmin": 4.0, "tmax": 17.0, "prcp_d0": 0.0, "prcp_d1": 0.0, "prcp_d2": 0.0, "prcp_d3": 0.0, "prcp_d4": 0.0, "prcp_d5": 0.0, "prcp_d6": 0.0, "tmax_d0": 19.5, "tmax_d1": 17.9, "tmax_d2": 17.0, "tmax_d3": 17.8, "tmax_d4": 18.7, "tmax_d5": 15.2, "tmax_d6": 17.8, "tmin_d0": 4.7, "tmin_d1": 4.9, "tmin_d2": 2.9, "tmin_d3": 6.5, "tmin_d4": 4.4, "tmin_d5": 7.2, "tmin_d6": 7.0, "day_of_year": 244, "uuid": "036a4ba0-7f76-413a-a33c-09316daa209f", "inat_id": 310947615}}, {"type": "Feature", "geometry": {"type": "Point", "coordinates": [-105.5254102406, 37.6077817893]}, "properties": {"species": "Fomitopsis schrenkii", "date": "2025-09-06", "location": "Alamosa County, US-CO, US", "elevation": 3271.0, "land_cover_label": "Tree cover", "water_mask": false, "exclude_reason": "keep", "ndvi": null, "soil_moisture": null, "solar_exposure": null, "wind_exposure": null, "water_retention": null, "slope": null, "aspect": null, "num_identification_agreements": 1, "cluster": 0, "tavg": null, "tmin": 3.2, "tmax": 16.1, "prcp_d0": 0.0, "prcp_d1": 0.0, "prcp_d2": 0.0, "prcp_d3": 0.0, "prcp_d4": 0.0, "prcp_d5": 0.0, "prcp_d6": 0.0, "tmax_d0": 13.5, "tmax_d1": 13.5, "tmax_d2": 17.3, "tmax_d3": 17.5, "tmax_d4": 16.8, "tmax_d5": 16.4, "tmax_d6": 15.3, "tmin_d0": 2.2, "tmin_d1": 3.0, "tmin_d2": 6.6, "tmin_d3": 6.5, "tmin_d4": 4.7, "tmin_d5": 4.8, "tmin_d6": 4.1, "day_of_year": 249, "uuid": "817df1f4-7ecf-4256-a119-2c3a1bd3ec4f", "inat_id": 312392227}}, {"type": "Feature", "geometry": {"type": "Point", "coordinates": [-105.50189, 39.4060433]}, "properties": {"species": "Fomitopsis schrenkii", "date": "2025-09-07", "location": "Bailey, CO 80421, USA", "elevation": 2440.0, "land_cover_label": "Tree cover", "water_mask": false, "exclude_reason": "keep", "ndvi": null, "soil_moisture": 0.3662701724383164, "solar_exposure": 0.809290885925293, "wind_exposure": 0.2598201930522918, "water_retention": 0.2562251389026642, "slope": 2.8259780406951904, "aspect": 351.7441101074219, "num_identification_agreements": 1, "cluster": 0, "tavg": null, "tmin": 1.8, "tmax": 15.6, "prcp_d0": 0.0, "prcp_d1": 0.0, "prcp_d2": 0.0, "prcp_d3": 0.0, "prcp_d4": 0.0, "prcp_d5": 0.0, "prcp_d6": 0.0, "tmax_d0": 21.6, "tmax_d1": 21.8, "tmax_d2": 20.9, "tmax_d3": 23.5, "tmax_d4": 22.8, "tmax_d5": 21.9, "tmax_d6": 20.7, "tmin_d0": 7.0, "tmin_d1": 3.3, "tmin_d2": 7.7, "tmin_d3": 6.7, "tmin_d4": 7.2, "tmin_d5": 5.4, "tmin_d6": 6.1, "day_of_year": 250, "uuid": "ddf8e4c9-a0dc-49ba-8218-82b2fa2cf9cd", "inat_id": 312300112}}, {"type": "Feature", "geometry": {"type": "Point", "coordinates": [-105.676645, 38.23657]}, "properties": {"species": "Fomitopsis schrenkii", "date": "2025-09-09", "location": "Westcliffe, CO, US", "elevation": 2842.0, "land_cover_label": "Tree cover", "water_mask": false, "exclude_reason": "keep", "ndvi": null, "soil_moisture": null, "solar_exposure": null, "wind_exposure": null, "water_retention": null, "slope": null, "aspect": null, "num_identification_agreements": 1, "cluster": 0, "tavg": null, "tmin": 8.2, "tmax": 22.0, "prcp_d0": 0.0, "prcp_d1": 0.0, "prcp_d2": 0.0, "prcp_d3": 0.0, "prcp_d4": 0.0, "prcp_d5": 0.0, "prcp_d6": 0.0, "tmax_d0": 21.2, "tmax_d1": 20.8, "tmax_d2": 19.6, "tmax_d3": 20.0, "tmax_d4": 17.5, "tmax_d5": 21.8, "tmax_d6": 21.6, "tmin_d0": 7.8, "tmin_d1": 7.8, "tmin_d2": 6.6, "tmin_d3": 4.5, "tmin_d4": 5.9, "tmin_d5": 7.6, "tmin_d6": 7.2, "day_of_year": 252, "uuid": "b6b0e590-3c95-48a9-90c8-fd04a04a38c2", "inat_id": 313259509}}, {"type": "Feature", "geometry": {"type": "Point", "coordinates": [-107.2408, 37.5299083333]}, "properties": {"species": "Fomitopsis schrenkii", "date": "2025-09-14", "location": "Pagosa Springs, CO, US", "elevation": 2736.0, "land_cover_label": "Tree cover", "water_mask": false, "exclude_reason": "keep", "ndvi": null, "soil_moisture": null, "solar_exposure": null, "wind_exposure": null, "water_retention": null, "slope": null, "aspect": null, "num_identification_agreements": 1, "cluster": 1, "tavg": null, "tmin": 2.0, "tmax": 20.0, "prcp_d0": 0.0, "prcp_d1": 0.0, "prcp_d2": 53.5242805480957, "prcp_d3": 0.0, "prcp_d4": 0.0, "prcp_d5": 0.0, "prcp_d6": 0.0, "tmax_d0": 17.7, "tmax_d1": 13.4, "tmax_d2": 13.8, "tmax_d3": 16.7, "tmax_d4": 18.8, "tmax_d5": 20.4, "tmax_d6": 20.3, "tmin_d0": -2.3, "tmin_d1": 2.5, "tmin_d2": 3.4, "tmin_d3": 5.1, "tmin_d4": 5.2, "tmin_d5": 2.6, "tmin_d6": 1.5, "day_of_year": 257, "uuid": "38702c6f-ed54-4cc0-aee3-391450e7289b", "inat_id": 313997752}}, {"type": "Feature", "geometry": {"type": "Point", "coordinates": [-103.5765533333, 43.855675]}, "properties": {"species": "Fomitopsis schrenkii", "date": "2025-09-20", "location": "Black Hills, Custer, SD, US", "elevation": 1725.0, "land_cover_label": "Tree cover", "water_mask": false, "exclude_reason": "keep", "ndvi": null, "soil_moisture": null, "solar_exposure": null, "wind_exposure": null, "water_retention": null, "slope": null, "aspect": null, "num_identification_agreements": 1, "cluster": 0, "tavg": null, "tmin": 5.0, "tmax": 22.0, "prcp_d0": 0.0, "prcp_d1": 0.0, "prcp_d2": 0.0, "prcp_d3": 0.0, "prcp_d4": 15.071151733398438, "prcp_d5": 0.0, "prcp_d6": 6.695780754089356, "tmax_d0": 21.0, "tmax_d1": 19.4, "tmax_d2": 16.6, "tmax_d3": 14.3, "tmax_d4": 19.5, "tmax_d5": 23.2, "tmax_d6": 20.7, "tmin_d0": 7.0, "tmin_d1": 5.0, "tmin_d2": 6.3, "tmin_d3": 8.9, "tmin_d4": 11.3, "tmin_d5": 9.6, "tmin_d6": 9.9, "day_of_year": 263, "uuid": "8ddd8e0e-cd3c-4e3a-a7d1-4200e967936c", "inat_id": 316772176}}, {"type": "Feature", "geometry": {"type": "Point", "coordinates": [-103.5753633333, 43.8552866667]}, "properties": {"species": "Fomitopsis schrenkii", "date": "2025-09-20", "location": "Black Hills, Custer, SD, US", "elevation": 1725.0, "land_cover_label": "Tree cover", "water_mask": false, "exclude_reason": "keep", "ndvi": null, "soil_moisture": null, "solar_exposure": null, "wind_exposure": null, "water_retention": null, "slope": null, "aspect": null, "num_identification_agreements": 1, "cluster": 0, "tavg": null, "tmin": 5.0, "tmax": 22.0, "prcp_d0": 0.0, "prcp_d1": 0.0, "prcp_d2": 0.0, "prcp_d3": 0.0, "prcp_d4": 15.071151733398438, "prcp_d5": 0.0, "prcp_d6": 6.695780754089356, "tmax_d0": 21.0, "tmax_d1": 19.4, "tmax_d2": 16.6, "tmax_d3": 14.3, "tmax_d4": 19.5, "tmax_d5": 23.2, "tmax_d6": 20.7, "tmin_d0": 7.0, "tmin_d1": 5.0, "tmin_d2": 6.3, "tmin_d3": 8.9, "tmin_d4": 11.3, "tmin_d5": 9.6, "tmin_d6": 9.9, "day_of_year": 263, "uuid": "7e3904d4-0ef4-4424-9c55-10833b35095c", "inat_id": 316771922}}, {"type": "Feature", "geometry": {"type": "Point", "coordinates": [-103.5985687003, 43.7650829917]}, "properties": {"species": "Fomitopsis schrenkii", "date": "2025-09-21", "location": "Custer, SD 57730, USA", "elevation": 1617.0, "land_cover_label": "Grassland", "water_mask": false, "exclude_reason": "keep", "ndvi": null, "soil_moisture": null, "solar_exposure": null, "wind_exposure": null, "water_retention": null, "slope": null, "aspect": null, "num_identification_agreements": 1, "cluster": 0, "tavg": null, "tmin": 7.0, "tmax": 26.0, "prcp_d0": 0.0, "prcp_d1": 0.0, "prcp_d2": 0.0, "prcp_d3": 0.0, "prcp_d4": 0.0, "prcp_d5": 17.173919677734375, "prcp_d6": 0.0, "tmax_d0": 23.2, "tmax_d1": 21.4, "tmax_d2": 20.6, "tmax_d3": 17.2, "tmax_d4": 16.0, "tmax_d5": 20.9, "tmax_d6": 24.4, "tmin_d0": 11.3, "tmin_d1": 8.4, "tmin_d2": 7.0, "tmin_d3": 7.8, "tmin_d4": 10.4, "tmin_d5": 11.6, "tmin_d6": 12.0, "day_of_year": 264, "uuid": "99a0743d-eb00-4d41-9728-fd903d0f3e4a", "inat_id": 343378661}}, {"type": "Feature", "geometry": {"type": "Point", "coordinates": [-105.84041667, 35.72738333]}, "properties": {"species": "Fomitopsis schrenkii", "date": "2025-09-24", "location": "Santa Fe, New Mexico, United States", "elevation": 2538.0, "land_cover_label": "Tree cover", "water_mask": false, "exclude_reason": "keep", "ndvi": null, "soil_moisture": null, "solar_exposure": null, "wind_exposure": null, "water_retention": null, "slope": null, "aspect": null, "num_identification_agreements": 1, "cluster": 0, "tavg": null, "tmin": 6.0, "tmax": 22.0, "prcp_d0": 0.0, "prcp_d1": 0.0, "prcp_d2": 0.0, "prcp_d3": 0.0, "prcp_d4": 0.0, "prcp_d5": 0.0, "prcp_d6": 0.0, "tmax_d0": 16.1, "tmax_d1": 17.0, "tmax_d2": 19.7, "tmax_d3": 20.3, "tmax_d4": 19.5, "tmax_d5": 18.3, "tmax_d6": 19.5, "tmin_d0": 3.4, "tmin_d1": 7.6, "tmin_d2": 10.3, "tmin_d3": 10.4, "tmin_d4": 9.8, "tmin_d5": 7.1, "tmin_d6": 9.7, "day_of_year": 267, "uuid": "e8b1ee36-50ef-4943-a2a6-498e21edcb7e", "inat_id": 317396143}}, {"type": "Feature", "geometry": {"type": "Point", "coordinates": [-106.5793339263, 35.8150428561]}, "properties": {"species": "Fomitopsis schrenkii", "date": "2025-09-27", "location": "Sandoval County, US-NM, US", "elevation": 2495.0, "land_cover_label": "Tree cover", "water_mask": false, "exclude_reason": "keep", "ndvi": null, "soil_moisture": null, "solar_exposure": null, "wind_exposure": null, "water_retention": null, "slope": null, "aspect": null, "num_identification_agreements": 1, "cluster": 0, "tavg": null, "tmin": 12.0, "tmax": 17.0, "prcp_d0": 0.0, "prcp_d1": 0.0, "prcp_d2": 0.0, "prcp_d3": 0.0, "prcp_d4": 0.0, "prcp_d5": 8.137513160705566, "prcp_d6": 0.0, "tmax_d0": 15.3, "tmax_d1": 19.7, "tmax_d2": 20.3, "tmax_d3": 16.5, "tmax_d4": 16.5, "tmax_d5": 19.8, "tmax_d6": 20.4, "tmin_d0": 6.3, "tmin_d1": 5.6, "tmin_d2": 2.4, "tmin_d3": 1.9, "tmin_d4": 3.0, "tmin_d5": 7.6, "tmin_d6": 4.7, "day_of_year": 270, "uuid": "91b33079-6eb1-4c79-bdbf-c99654cda4d4", "inat_id": 317131745}}, {"type": "Feature", "geometry": {"type": "Point", "coordinates": [-103.5652166667, 43.84782]}, "properties": {"species": "Fomitopsis schrenkii", "date": "2025-10-07", "location": "Sylvan Lake Shore Trail, Custer, SD, US", "elevation": 1875.0, "land_cover_label": "Tree cover", "water_mask": false, "exclude_reason": "keep", "ndvi": null, "soil_moisture": null, "solar_exposure": null, "wind_exposure": null, "water_retention": null, "slope": null, "aspect": null, "num_identification_agreements": 1, "cluster": 0, "tavg": null, "tmin": -1.0, "tmax": 12.0, "prcp_d0": 2.483952630427666e-05, "prcp_d1": 2.932981014251709, "prcp_d2": 0.0, "prcp_d3": 9.492725372314451, "prcp_d4": 0.0, "prcp_d5": 0.0, "prcp_d6": 0.0, "tmax_d0": 13.1, "tmax_d1": 6.2, "tmax_d2": 11.5, "tmax_d3": 22.1, "tmax_d4": 25.2, "tmax_d5": 23.0, "tmax_d6": 19.7, "tmin_d0": -2.4, "tmin_d1": 1.0, "tmin_d2": 2.6, "tmin_d3": 10.7, "tmin_d4": 12.7, "tmin_d5": 9.2, "tmin_d6": 11.6, "day_of_year": 280, "uuid": "a6a7f366-8dca-4b5a-90bf-4e1fa32d81bd", "inat_id": 320060285}}, {"type": "Feature", "geometry": {"type": "Point", "coordinates": [-103.5580833333, 43.8453216667]}, "properties": {"species": "Fomitopsis schrenkii", "date": "2025-10-07", "location": "Custer County, US-SD, US", "elevation": 1918.0, "land_cover_label": "Tree cover", "water_mask": false, "exclude_reason": "keep", "ndvi": null, "soil_moisture": null, "solar_exposure": null, "wind_exposure": null, "water_retention": null, "slope": null, "aspect": null, "num_identification_agreements": 1, "cluster": 0, "tavg": null, "tmin": -1.0, "tmax": 12.0, "prcp_d0": 2.483952630427666e-05, "prcp_d1": 2.932981014251709, "prcp_d2": 0.0, "prcp_d3": 9.492725372314451, "prcp_d4": 0.0, "prcp_d5": 0.0, "prcp_d6": 0.0, "tmax_d0": 13.1, "tmax_d1": 6.2, "tmax_d2": 11.5, "tmax_d3": 22.1, "tmax_d4": 25.2, "tmax_d5": 23.0, "tmax_d6": 19.7, "tmin_d0": -2.4, "tmin_d1": 1.0, "tmin_d2": 2.6, "tmin_d3": 10.7, "tmin_d4": 12.7, "tmin_d5": 9.2, "tmin_d6": 11.6, "day_of_year": 280, "uuid": "21b91ae1-d105-49a6-b441-3f18746dedb8", "inat_id": 320059487}}, {"type": "Feature", "geometry": {"type": "Point", "coordinates": [-104.9392332894, 38.9943873807]}, "properties": {"species": "Fomitopsis schrenkii", "date": "2025-10-08", "location": "Colorado, US", "elevation": 2778.0, "land_cover_label": "Tree cover", "water_mask": false, "exclude_reason": "keep", "ndvi": null, "soil_moisture": null, "solar_exposure": null, "wind_exposure": null, "water_retention": null, "slope": null, "aspect": null, "num_identification_agreements": 1, "cluster": 0, "tavg": null, "tmin": 7.9, "tmax": 24.6, "prcp_d0": 0.2432293593883514, "prcp_d1": 3.0188629627227783, "prcp_d2": 1.7742702960968018, "prcp_d3": 0.0, "prcp_d4": 0.0, "prcp_d5": 0.0, "prcp_d6": 0.0, "tmax_d0": 18.5, "tmax_d1": 14.0, "tmax_d2": 10.6, "tmax_d3": 13.4, "tmax_d4": 16.7, "tmax_d5": 20.3, "tmax_d6": 19.4, "tmin_d0": 4.6, "tmin_d1": 1.0, "tmin_d2": 2.4, "tmin_d3": 3.4, "tmin_d4": 10.2, "tmin_d5": 8.0, "tmin_d6": 4.7, "day_of_year": 281, "uuid": "afa35264-a6ba-4703-bfeb-470d8c86d4e9", "inat_id": 319707605}}, {"type": "Feature", "geometry": {"type": "Point", "coordinates": [-106.4498099644, 35.8495718791]}, "properties": {"species": "Fomitopsis schrenkii", "date": "2025-10-10", "location": "Valles Caldera National Preserve, Sandoval County, US-NM, US", "elevation": 2771.0, "land_cover_label": "Tree cover", "water_mask": false, "exclude_reason": "keep", "ndvi": null, "soil_moisture": null, "solar_exposure": null, "wind_exposure": null, "water_retention": null, "slope": null, "aspect": null, "num_identification_agreements": 1, "cluster": 0, "tavg": null, "tmin": 12.3, "tmax": 21.0, "prcp_d0": 1.2298516035079956, "prcp_d1": 3.788830041885376, "prcp_d2": 10.204570770263672, "prcp_d3": 1.516996145248413, "prcp_d4": 0.0, "prcp_d5": 0.0, "prcp_d6": 0.0, "tmax_d0": 14.9, "tmax_d1": 15.8, "tmax_d2": 14.3, "tmax_d3": 14.2, "tmax_d4": 16.0, "tmax_d5": 15.2, "tmax_d6": 15.6, "tmin_d0": 7.7, "tmin_d1": 5.7, "tmin_d2": 6.2, "tmin_d3": 5.3, "tmin_d4": 4.1, "tmin_d5": 2.4, "tmin_d6": 8.5, "day_of_year": 283, "uuid": "3de46a6d-e0f7-4f00-a233-afc5026bad40", "inat_id": 320053772}}, {"type": "Feature", "geometry": {"type": "Point", "coordinates": [-106.453658888, 35.8467164652]}, "properties": {"species": "Fomitopsis schrenkii", "date": "2025-10-10", "location": "Valles Caldera National Preserve, Sandoval County, US-NM, US", "elevation": 2908.0, "land_cover_label": "Shrubland", "water_mask": false, "exclude_reason": "keep", "ndvi": null, "soil_moisture": null, "solar_exposure": null, "wind_exposure": null, "water_retention": null, "slope": null, "aspect": null, "num_identification_agreements": 1, "cluster": 0, "tavg": null, "tmin": 12.3, "tmax": 21.0, "prcp_d0": 1.2649835348129272, "prcp_d1": 3.424478530883789, "prcp_d2": 10.136900901794434, "prcp_d3": 1.3499075174331665, "prcp_d4": 0.0, "prcp_d5": 0.0, "prcp_d6": 0.0, "tmax_d0": 14.0, "tmax_d1": 15.0, "tmax_d2": 12.6, "tmax_d3": 13.8, "tmax_d4": 15.3, "tmax_d5": 13.8, "tmax_d6": 14.9, "tmin_d0": 5.7, "tmin_d1": 4.4, "tmin_d2": 5.3, "tmin_d3": 5.7, "tmin_d4": 2.8, "tmin_d5": 3.4, "tmin_d6": 7.0, "day_of_year": 283, "uuid": "94fba3fd-1149-4a8d-aade-646ad7e28a56", "inat_id": 320054389}}, {"type": "Feature", "geometry": {"type": "Point", "coordinates": [-105.4902359192, 39.7002995666]}, "properties": {"species": "Fomitopsis schrenkii", "date": "2025-10-11", "location": "Clear Creek County, US-CO, US", "elevation": 2813.0, "land_cover_label": "Tree cover", "water_mask": false, "exclude_reason": "keep", "ndvi": null, "soil_moisture": 0.4096418068347829, "solar_exposure": 0.7406549453735352, "wind_exposure": 0.226056158542633, "water_retention": 0.3735716938972473, "slope": 8.375897407531738, "aspect": 354.474853515625, "num_identification_agreements": 1, "cluster": 3, "tavg": null, "tmin": -2.2, "tmax": 6.4, "prcp_d0": 0.0, "prcp_d1": 4.014296531677246, "prcp_d2": 0.0, "prcp_d3": 0.0486815050244331, "prcp_d4": 1.5203291177749634, "prcp_d5": 5.0919928550720215, "prcp_d6": 0.0, "tmax_d0": 14.6, "tmax_d1": 13.6, "tmax_d2": 17.2, "tmax_d3": 17.5, "tmax_d4": 7.8, "tmax_d5": 5.5, "tmax_d6": 11.0, "tmin_d0": 4.0, "tmin_d1": 3.8, "tmin_d2": -0.9, "tmin_d3": -4.3, "tmin_d4": -6.3, "tmin_d5": -0.3, "tmin_d6": -2.3, "day_of_year": 284, "uuid": "a28bdb01-a717-4579-affa-dc409544cd0f", "inat_id": 321032552}}, {"type": "Feature", "geometry": {"type": "Point", "coordinates": [-104.9194567924, 38.8538646033]}, "properties": {"species": "Fomitopsis schrenkii", "date": "2025-10-13", "location": "Colorado, US", "elevation": 2101.0, "land_cover_label": "Tree cover", "water_mask": false, "exclude_reason": "keep", "ndvi": null, "soil_moisture": null, "solar_exposure": null, "wind_exposure": null, "water_retention": null, "slope": null, "aspect": null, "num_identification_agreements": 1, "cluster": 0, "tavg": null, "tmin": 6.0, "tmax": 12.0, "prcp_d0": 0.0, "prcp_d1": 0.0, "prcp_d2": 0.0, "prcp_d3": 3.474635601043701, "prcp_d4": 0.3155225813388824, "prcp_d5": 0.2835365235805511, "prcp_d6": 3.2404022216796875, "tmax_d0": null, "tmax_d1": null, "tmax_d2": null, "tmax_d3": null, "tmax_d4": null, "tmax_d5": null, "tmax_d6": null, "tmin_d0": null, "tmin_d1": null, "tmin_d2": null, "tmin_d3": null, "tmin_d4": null, "tmin_d5": null, "tmin_d6": null, "day_of_year": 286, "uuid": "800c677d-e303-4765-8a69-df3c4f5768d9", "inat_id": 367648276}}, {"type": "Feature", "geometry": {"type": "Point", "coordinates": [-104.8765012823, 38.9081471198]}, "properties": {"species": "Fomitopsis schrenkii", "date": "2025-10-13", "location": "Colorado, US", "elevation": 2036.0, "land_cover_label": "Grassland", "water_mask": false, "exclude_reason": "keep", "ndvi": null, "soil_moisture": null, "solar_exposure": null, "wind_exposure": null, "water_retention": null, "slope": null, "aspect": null, "num_identification_agreements": 1, "cluster": 0, "tavg": null, "tmin": 1.0, "tmax": 14.0, "prcp_d0": 0.0, "prcp_d1": 0.0, "prcp_d2": 0.0, "prcp_d3": 1.389767050743103, "prcp_d4": 0.1061955764889717, "prcp_d5": 0.137681782245636, "prcp_d6": 1.6925112009048462, "tmax_d0": null, "tmax_d1": null, "tmax_d2": null, "tmax_d3": null, "tmax_d4": null, "tmax_d5": null, "tmax_d6": null, "tmin_d0": null, "tmin_d1": null, "tmin_d2": null, "tmin_d3": null, "tmin_d4": null, "tmin_d5": null, "tmin_d6": null, "day_of_year": 286, "uuid": "06ca99ab-aae3-4443-b316-6c7911f19426", "inat_id": 367648290}}, {"type": "Feature", "geometry": {"type": "Point", "coordinates": [-105.607307409, 40.3205413472]}, "properties": {"species": "Fomitopsis schrenkii", "date": "2025-10-13", "location": "Larimer County, CO, USA", "elevation": 2660.0, "land_cover_label": "Bare / sparse vegetation", "water_mask": false, "exclude_reason": "keep", "ndvi": null, "soil_moisture": 0.355199005678162, "solar_exposure": 0.8299952745437622, "wind_exposure": 0.2615561187267303, "water_retention": 0.7055224180221558, "slope": 1.53419828414917, "aspect": 52.55630493164063, "num_identification_agreements": 1, "cluster": 3, "tavg": null, "tmin": -2.0, "tmax": 16.0, "prcp_d0": 0.0, "prcp_d1": 0.0, "prcp_d2": 6.121500015258789, "prcp_d3": 4.645934581756592, "prcp_d4": 0.0206992123275995, "prcp_d5": 0.0, "prcp_d6": 0.9158498644828796, "tmax_d0": 7.1, "tmax_d1": 10.5, "tmax_d2": 12.6, "tmax_d3": 16.3, "tmax_d4": 17.9, "tmax_d5": 16.9, "tmax_d6": 11.8, "tmin_d0": -3.0, "tmin_d1": 3.9, "tmin_d2": 4.7, "tmin_d3": 6.5, "tmin_d4": 0.6, "tmin_d5": -2.8, "tmin_d6": -2.5, "day_of_year": 286, "uuid": "93b0a941-6bf9-45df-87bd-4a3be16855b0", "inat_id": 321904460}}, {"type": "Feature", "geometry": {"type": "Point", "coordinates": [-105.1047138333, 39.2681716667]}, "properties": {"species": "Fomitopsis schrenkii", "date": "2025-10-29", "location": "Pike and San Isabel National Forests, Sedalia, CO, US", "elevation": 2752.0, "land_cover_label": "Grassland", "water_mask": false, "exclude_reason": "keep", "ndvi": null, "soil_moisture": 0.1988345884517962, "solar_exposure": 0.7135448455810547, "wind_exposure": 0.3575810194015503, "water_retention": 0.2365415394306183, "slope": 11.21572208404541, "aspect": 25.40143775939941, "num_identification_agreements": 1, "cluster": 0, "tavg": null, "tmin": -5.0, "tmax": 17.0, "prcp_d0": 0.0, "prcp_d1": 0.0, "prcp_d2": 0.0, "prcp_d3": 3.020015954971313, "prcp_d4": 0.0, "prcp_d5": 3.190727472305298, "prcp_d6": 0.0, "tmax_d0": 12.0, "tmax_d1": 2.1, "tmax_d2": 13.7, "tmax_d3": 15.3, "tmax_d4": 14.8, "tmax_d5": 10.3, "tmax_d6": 15.3, "tmin_d0": -8.6, "tmin_d1": -8.1, "tmin_d2": 1.3, "tmin_d3": 0.7, "tmin_d4": -2.7, "tmin_d5": -0.2, "tmin_d6": 1.6, "day_of_year": 302, "uuid": "46b2b726-727e-474a-b644-dc75d47d6c07", "inat_id": 323994950}}, {"type": "Feature", "geometry": {"type": "Point", "coordinates": [-105.7047032565, 35.6786820077]}, "properties": {"species": "Fomitopsis schrenkii", "date": "2025-11-01", "location": "Glorieta, NM 87535, USA", "elevation": 2414.0, "land_cover_label": "Tree cover", "water_mask": false, "exclude_reason": "keep", "ndvi": null, "soil_moisture": null, "solar_exposure": null, "wind_exposure": null, "water_retention": null, "slope": null, "aspect": null, "num_identification_agreements": 2, "cluster": 0, "tavg": null, "tmin": -3.0, "tmax": 16.0, "prcp_d0": 0.0, "prcp_d1": 0.0, "prcp_d2": 0.0, "prcp_d3": 0.0, "prcp_d4": 0.0, "prcp_d5": 0.0, "prcp_d6": 0.0, "tmax_d0": 12.2, "tmax_d1": 13.2, "tmax_d2": 15.4, "tmax_d3": 11.4, "tmax_d4": 13.7, "tmax_d5": 16.1, "tmax_d6": 16.1, "tmin_d0": -2.6, "tmin_d1": 0.1, "tmin_d2": 2.6, "tmin_d3": -4.1, "tmin_d4": 3.8, "tmin_d5": 6.2, "tmin_d6": 5.5, "day_of_year": 305, "uuid": "ab90d258-f437-4e63-8547-59793e856a17", "inat_id": 324779724}}, {"type": "Feature", "geometry": {"type": "Point", "coordinates": [-107.1213611667, 37.4430283333]}, "properties": {"species": "Fomitopsis schrenkii", "date": "2025-11-02", "location": "County Road 634, Creede, CO, US", "elevation": 2653.0, "land_cover_label": "Tree cover", "water_mask": false, "exclude_reason": "keep", "ndvi": null, "soil_moisture": null, "solar_exposure": null, "wind_exposure": null, "water_retention": null, "slope": null, "aspect": null, "num_identification_agreements": 1, "cluster": 0, "tavg": null, "tmin": -3.0, "tmax": 18.0, "prcp_d0": 0.0, "prcp_d1": 0.0, "prcp_d2": 0.0, "prcp_d3": 0.0, "prcp_d4": 0.0, "prcp_d5": 0.0, "prcp_d6": 0.0, "tmax_d0": 14.7, "tmax_d1": 10.6, "tmax_d2": 11.7, "tmax_d3": 10.9, "tmax_d4": 9.2, "tmax_d5": 10.2, "tmax_d6": 11.0, "tmin_d0": -1.3, "tmin_d1": -5.5, "tmin_d2": -2.7, "tmin_d3": -3.5, "tmin_d4": -5.5, "tmin_d5": -4.5, "tmin_d6": -1.1, "day_of_year": 306, "uuid": "aad501d1-a901-40c8-8fb8-dfc877405db8", "inat_id": 324629204}}, {"type": "Feature", "geometry": {"type": "Point", "coordinates": [-107.1221166667, 37.44328]}, "properties": {"species": "Fomitopsis schrenkii", "date": "2025-11-02", "location": "County Road 634, Creede, CO, US", "elevation": 2653.0, "land_cover_label": "Tree cover", "water_mask": false, "exclude_reason": "keep", "ndvi": null, "soil_moisture": null, "solar_exposure": null, "wind_exposure": null, "water_retention": null, "slope": null, "aspect": null, "num_identification_agreements": 1, "cluster": 0, "tavg": null, "tmin": -3.0, "tmax": 18.0, "prcp_d0": 0.0, "prcp_d1": 0.0, "prcp_d2": 0.0, "prcp_d3": 0.0, "prcp_d4": 0.0, "prcp_d5": 0.0, "prcp_d6": 0.0, "tmax_d0": 14.7, "tmax_d1": 10.6, "tmax_d2": 11.8, "tmax_d3": 10.9, "tmax_d4": 9.2, "tmax_d5": 10.3, "tmax_d6": 11.1, "tmin_d0": -1.3, "tmin_d1": -5.5, "tmin_d2": -2.7, "tmin_d3": -3.5, "tmin_d4": -5.4, "tmin_d5": -4.5, "tmin_d6": -1.1, "day_of_year": 306, "uuid": "c7237112-1026-44e4-802c-69ba82553f52", "inat_id": 324628996}}, {"type": "Feature", "geometry": {"type": "Point", "coordinates": [-107.1215278333, 37.442805]}, "properties": {"species": "Fomitopsis schrenkii", "date": "2025-11-02", "location": "County Road 634, Creede, CO, US", "elevation": 2653.0, "land_cover_label": "Tree cover", "water_mask": false, "exclude_reason": "keep", "ndvi": null, "soil_moisture": null, "solar_exposure": null, "wind_exposure": null, "water_retention": null, "slope": null, "aspect": null, "num_identification_agreements": 1, "cluster": 0, "tavg": null, "tmin": -3.0, "tmax": 18.0, "prcp_d0": 0.0, "prcp_d1": 0.0, "prcp_d2": 0.0, "prcp_d3": 0.0, "prcp_d4": 0.0, "prcp_d5": 0.0, "prcp_d6": 0.0, "tmax_d0": 14.7, "tmax_d1": 10.6, "tmax_d2": 11.7, "tmax_d3": 10.9, "tmax_d4": 9.2, "tmax_d5": 10.2, "tmax_d6": 11.0, "tmin_d0": -1.3, "tmin_d1": -5.5, "tmin_d2": -2.7, "tmin_d3": -3.5, "tmin_d4": -5.5, "tmin_d5": -4.5, "tmin_d6": -1.1, "day_of_year": 306, "uuid": "2ec42075-f260-4af0-a717-38ae7c9e7397", "inat_id": 324629375}}, {"type": "Feature", "geometry": {"type": "Point", "coordinates": [-107.1215138333, 37.4428116667]}, "properties": {"species": "Fomitopsis schrenkii", "date": "2025-11-02", "location": "County Road 634, Creede, CO, US", "elevation": 2653.0, "land_cover_label": "Tree cover", "water_mask": false, "exclude_reason": "keep", "ndvi": null, "soil_moisture": null, "solar_exposure": null, "wind_exposure": null, "water_retention": null, "slope": null, "aspect": null, "num_identification_agreements": 1, "cluster": 0, "tavg": null, "tmin": -3.0, "tmax": 18.0, "prcp_d0": 0.0, "prcp_d1": 0.0, "prcp_d2": 0.0, "prcp_d3": 0.0, "prcp_d4": 0.0, "prcp_d5": 0.0, "prcp_d6": 0.0, "tmax_d0": 14.7, "tmax_d1": 10.6, "tmax_d2": 11.7, "tmax_d3": 10.9, "tmax_d4": 9.2, "tmax_d5": 10.2, "tmax_d6": 11.0, "tmin_d0": -1.3, "tmin_d1": -5.5, "tmin_d2": -2.7, "tmin_d3": -3.5, "tmin_d4": -5.5, "tmin_d5": -4.5, "tmin_d6": -1.1, "day_of_year": 306, "uuid": "20153d16-8c3d-45b3-bb2f-77a6443df3d0", "inat_id": 324629311}}, {"type": "Feature", "geometry": {"type": "Point", "coordinates": [-106.444855, 37.9087531997]}, "properties": {"species": "Fomitopsis schrenkii", "date": "2025-11-07", "location": "Saguache County, CO, USA", "elevation": 2764.0, "land_cover_label": "Tree cover", "water_mask": false, "exclude_reason": "keep", "ndvi": null, "soil_moisture": null, "solar_exposure": null, "wind_exposure": null, "water_retention": null, "slope": null, "aspect": null, "num_identification_agreements": 1, "cluster": 0, "tavg": null, "tmin": -2.0, "tmax": 13.0, "prcp_d0": 0.0, "prcp_d1": 0.0, "prcp_d2": 0.0, "prcp_d3": 0.0, "prcp_d4": 0.0, "prcp_d5": 0.0, "prcp_d6": 0.0, "tmax_d0": 7.9, "tmax_d1": 13.3, "tmax_d2": 11.0, "tmax_d3": 13.9, "tmax_d4": 11.0, "tmax_d5": 14.2, "tmax_d6": 10.7, "tmin_d0": -2.6, "tmin_d1": 1.1, "tmin_d2": 0.8, "tmin_d3": 1.2, "tmin_d4": 4.2, "tmin_d5": 0.3, "tmin_d6": -0.4, "day_of_year": 311, "uuid": "a64c5f2e-08af-40a6-a11e-2425ca479867", "inat_id": 325813016}}, {"type": "Feature", "geometry": {"type": "Point", "coordinates": [-107.1970666667, 37.5405216667]}, "properties": {"species": "Fomitopsis schrenkii", "date": "2025-11-09", "location": "Pagosa Springs, CO, US", "elevation": 2562.0, "land_cover_label": "Tree cover", "water_mask": false, "exclude_reason": "keep", "ndvi": null, "soil_moisture": null, "solar_exposure": null, "wind_exposure": null, "water_retention": null, "slope": null, "aspect": null, "num_identification_agreements": 1, "cluster": 0, "tavg": null, "tmin": -5.0, "tmax": 13.0, "prcp_d0": 0.0, "prcp_d1": 0.0, "prcp_d2": 0.0, "prcp_d3": 0.0, "prcp_d4": 0.0, "prcp_d5": 0.0, "prcp_d6": 0.0, "tmax_d0": 11.0, "tmax_d1": 11.5, "tmax_d2": 10.1, "tmax_d3": 12.4, "tmax_d4": 13.8, "tmax_d5": 13.3, "tmax_d6": 14.8, "tmin_d0": -6.4, "tmin_d1": -4.1, "tmin_d2": -5.1, "tmin_d3": 1.2, "tmin_d4": -5.2, "tmin_d5": -0.3, "tmin_d6": -2.5, "day_of_year": 313, "uuid": "45fa0e60-9cf3-4de0-ab76-e16456a0f2d6", "inat_id": 325811806}}, {"type": "Feature", "geometry": {"type": "Point", "coordinates": [-107.77935, 37.80415]}, "properties": {"species": "Fomitopsis schrenkii", "date": "2025-11-11", "location": "Silverton, CO, US", "elevation": 3069.0, "land_cover_label": "Tree cover", "water_mask": false, "exclude_reason": "keep", "ndvi": null, "soil_moisture": null, "solar_exposure": null, "wind_exposure": null, "water_retention": null, "slope": null, "aspect": null, "num_identification_agreements": 1, "cluster": 0, "tavg": null, "tmin": 0.0, "tmax": 12.0, "prcp_d0": 0.0, "prcp_d1": 0.0, "prcp_d2": 0.0, "prcp_d3": 0.0, "prcp_d4": 0.0, "prcp_d5": 0.0, "prcp_d6": 0.0, "tmax_d0": 10.2, "tmax_d1": 11.7, "tmax_d2": 9.6, "tmax_d3": 6.9, "tmax_d4": 8.1, "tmax_d5": 7.5, "tmax_d6": 11.0, "tmin_d0": -3.4, "tmin_d1": -4.7, "tmin_d2": -5.1, "tmin_d3": -4.5, "tmin_d4": -5.8, "tmin_d5": -0.6, "tmin_d6": -4.8, "day_of_year": 315, "uuid": "a68af3a0-72be-42a3-8db4-7005b6744fcc", "inat_id": 326137730}}, {"type": "Feature", "geometry": {"type": "Point", "coordinates": [-105.7455647222, 35.6448713889]}, "properties": {"species": "Fomitopsis schrenkii", "date": "2025-11-11", "location": "Santa Fe County, NM, USA", "elevation": 2506.0, "land_cover_label": "Tree cover", "water_mask": false, "exclude_reason": "keep", "ndvi": null, "soil_moisture": null, "solar_exposure": null, "wind_exposure": null, "water_retention": null, "slope": null, "aspect": null, "num_identification_agreements": 1, "cluster": 0, "tavg": null, "tmin": -2.0, "tmax": 19.0, "prcp_d0": 0.0, "prcp_d1": 0.0, "prcp_d2": 0.0, "prcp_d3": 0.0, "prcp_d4": 0.0, "prcp_d5": 0.0, "prcp_d6": 0.0, "tmax_d0": 15.2, "tmax_d1": 14.1, "tmax_d2": 8.0, "tmax_d3": 13.5, "tmax_d4": 12.4, "tmax_d5": 15.0, "tmax_d6": 16.6, "tmin_d0": 1.9, "tmin_d1": -2.1, "tmin_d2": -4.4, "tmin_d3": 3.7, "tmin_d4": -0.6, "tmin_d5": 2.0, "tmin_d6": 4.1, "day_of_year": 315, "uuid": "2b9d4ddf-fea2-49b8-a109-5e7995ea13ad", "inat_id": 326112876}}, {"type": "Feature", "geometry": {"type": "Point", "coordinates": [-107.1414721667, 37.443825]}, "properties": {"species": "Fomitopsis schrenkii", "date": "2025-11-13", "location": "Pagosa Springs, CO, US", "elevation": 2524.0, "land_cover_label": "Tree cover", "water_mask": false, "exclude_reason": "keep", "ndvi": null, "soil_moisture": null, "solar_exposure": null, "wind_exposure": null, "water_retention": null, "slope": null, "aspect": null, "num_identification_agreements": 1, "cluster": 0, "tavg": null, "tmin": -3.0, "tmax": 16.0, "prcp_d0": 4.314918041229248, "prcp_d1": 0.0, "prcp_d2": 0.0, "prcp_d3": 0.0, "prcp_d4": 0.0, "prcp_d5": 0.0, "prcp_d6": 0.0, "tmax_d0": 12.2, "tmax_d1": 12.7, "tmax_d2": 11.4, "tmax_d3": 12.3, "tmax_d4": 9.4, "tmax_d5": 9.5, "tmax_d6": 9.6, "tmin_d0": 0.8, "tmin_d1": -0.2, "tmin_d2": 0.3, "tmin_d3": -1.9, "tmin_d4": -2.1, "tmin_d5": -2.3, "tmin_d6": -2.5, "day_of_year": 317, "uuid": "0497ab4a-b741-4817-ab33-511950bda40c", "inat_id": 326418545}}, {"type": "Feature", "geometry": {"type": "Point", "coordinates": [-105.2580655162, 39.562019397]}, "properties": {"species": "Fomitopsis schrenkii", "date": "2025-11-18", "location": "Morrison, CO, US", "elevation": 2675.0, "land_cover_label": "Tree cover", "water_mask": false, "exclude_reason": "keep", "ndvi": null, "soil_moisture": 0.1724929503867164, "solar_exposure": 0.9217344522476196, "wind_exposure": 0.6036129593849182, "water_retention": 0.1709341704845428, "slope": 9.91997241973877, "aspect": 201.3934631347656, "num_identification_agreements": 1, "cluster": 0, "tavg": null, "tmin": 2.0, "tmax": 16.0, "prcp_d0": 0.0, "prcp_d1": 0.9444458484649658, "prcp_d2": 0.0, "prcp_d3": 0.6108519434928894, "prcp_d4": 0.0, "prcp_d5": 0.0, "prcp_d6": 1.2217038869857788, "tmax_d0": null, "tmax_d1": null, "tmax_d2": null, "tmax_d3": null, "tmax_d4": null, "tmax_d5": null, "tmax_d6": null, "tmin_d0": null, "tmin_d1": null, "tmin_d2": null, "tmin_d3": null, "tmin_d4": null, "tmin_d5": null, "tmin_d6": null, "day_of_year": 322, "uuid": "51a51858-46e8-46b9-b696-2be24be3c08a", "inat_id": 352021140}}, {"type": "Feature", "geometry": {"type": "Point", "coordinates": [-105.2255509236, 39.5546955988]}, "properties": {"species": "Fomitopsis schrenkii", "date": "2025-11-27", "location": "Jennings Rd, Morrison, CO, US", "elevation": 2230.0, "land_cover_label": "Tree cover", "water_mask": false, "exclude_reason": "keep", "ndvi": null, "soil_moisture": 0.192314634813628, "solar_exposure": 0.7358176112174988, "wind_exposure": 0.3399618566036224, "water_retention": 0.4204570949077606, "slope": 9.083318710327148, "aspect": 341.919677734375, "num_identification_agreements": 1, "cluster": 0, "tavg": null, "tmin": -3.0, "tmax": 11.0, "prcp_d0": 0.0, "prcp_d1": 0.0, "prcp_d2": 0.0078838309273123, "prcp_d3": 0.8911336064338684, "prcp_d4": 1.0814255475997925, "prcp_d5": 0.0061702015809714, "prcp_d6": 1.663812279701233, "tmax_d0": 9.5, "tmax_d1": 5.8, "tmax_d2": 6.4, "tmax_d3": 11.5, "tmax_d4": 10.1, "tmax_d5": 11.8, "tmax_d6": 6.5, "tmin_d0": -3.7, "tmin_d1": -5.1, "tmin_d2": -2.3, "tmin_d3": 0.5, "tmin_d4": -1.0, "tmin_d5": -2.3, "tmin_d6": 0.6, "day_of_year": 331, "uuid": "e16b5b42-f3d3-4ebf-b470-3046aa175a2a", "inat_id": 328537117}}, {"type": "Feature", "geometry": {"type": "Point", "coordinates": [-105.8061676025, 40.2357749939]}, "properties": {"species": "Fomitopsis schrenkii", "date": "2025-11-28", "location": "Grand Lake", "elevation": 2554.0, "land_cover_label": "Tree cover", "water_mask": false, "exclude_reason": "keep", "ndvi": null, "soil_moisture": 0.3163034355932358, "solar_exposure": 0.636545717716217, "wind_exposure": 0.1945348232984542, "water_retention": 0.262892484664917, "slope": 17.380416870117188, "aspect": 29.881134033203125, "num_identification_agreements": 1, "cluster": 0, "tavg": null, "tmin": -7.0, "tmax": 7.0, "prcp_d0": 0.0283165238797664, "prcp_d1": 0.2864344418048858, "prcp_d2": 0.0581889078021049, "prcp_d3": 0.1786180883646011, "prcp_d4": 0.0305757150053977, "prcp_d5": 0.2546136081218719, "prcp_d6": 0.0106037752702832, "tmax_d0": 3.7, "tmax_d1": 3.4, "tmax_d2": -0.3, "tmax_d3": -0.1, "tmax_d4": 3.0, "tmax_d5": 9.4, "tmax_d6": 3.7, "tmin_d0": -7.2, "tmin_d1": -6.2, "tmin_d2": -9.3, "tmin_d3": -3.6, "tmin_d4": -6.3, "tmin_d5": -5.0, "tmin_d6": -3.2, "day_of_year": 332, "uuid": "b34400c7-1af6-4899-82ee-080efd36be88", "inat_id": 328652150}}, {"type": "Feature", "geometry": {"type": "Point", "coordinates": [-107.0979833333, 37.4820666667]}, "properties": {"species": "Fomitopsis schrenkii", "date": "2025-11-29", "location": "Piedra Falls Trail, Creede, CO, US", "elevation": 2568.0, "land_cover_label": "Tree cover", "water_mask": false, "exclude_reason": "keep", "ndvi": null, "soil_moisture": null, "solar_exposure": null, "wind_exposure": null, "water_retention": null, "slope": null, "aspect": null, "num_identification_agreements": 1, "cluster": 0, "tavg": null, "tmin": -6.0, "tmax": 8.0, "prcp_d0": 0.0157501269131898, "prcp_d1": 0.0, "prcp_d2": 0.0, "prcp_d3": 0.0, "prcp_d4": 0.5786678194999695, "prcp_d5": 5.699760913848877, "prcp_d6": 14.142704010009766, "tmax_d0": 3.8, "tmax_d1": 4.8, "tmax_d2": 6.1, "tmax_d3": 1.8, "tmax_d4": 2.1, "tmax_d5": 3.5, "tmax_d6": 1.9, "tmin_d0": -12.3, "tmin_d1": -6.9, "tmin_d2": -8.9, "tmin_d3": -7.7, "tmin_d4": -11.5, "tmin_d5": -9.6, "tmin_d6": -3.6, "day_of_year": 333, "uuid": "a1148518-9c01-4d14-9949-8c1210ba99dd", "inat_id": 328847617}}, {"type": "Feature", "geometry": {"type": "Point", "coordinates": [-107.09555, 37.4833966667]}, "properties": {"species": "Fomitopsis schrenkii", "date": "2025-11-29", "location": "Piedra Falls Trail, Creede, CO, US", "elevation": 2617.0, "land_cover_label": "Bare / sparse vegetation", "water_mask": false, "exclude_reason": "keep", "ndvi": null, "soil_moisture": null, "solar_exposure": null, "wind_exposure": null, "water_retention": null, "slope": null, "aspect": null, "num_identification_agreements": 1, "cluster": 0, "tavg": null, "tmin": -6.0, "tmax": 8.0, "prcp_d0": 0.0157501269131898, "prcp_d1": 0.0, "prcp_d2": 0.0, "prcp_d3": 0.0, "prcp_d4": 0.5786678194999695, "prcp_d5": 5.699760913848877, "prcp_d6": 14.142704010009766, "tmax_d0": 3.3, "tmax_d1": 4.3, "tmax_d2": 5.6, "tmax_d3": 1.3, "tmax_d4": 1.6, "tmax_d5": 3.0, "tmax_d6": 1.4, "tmin_d0": -12.8, "tmin_d1": -7.4, "tmin_d2": -9.4, "tmin_d3": -8.2, "tmin_d4": -12.0, "tmin_d5": -10.1, "tmin_d6": -4.1, "day_of_year": 333, "uuid": "6054322b-d6d4-4253-bd4b-3c2fcb628be5", "inat_id": 328847739}}, {"type": "Feature", "geometry": {"type": "Point", "coordinates": [-105.7445490592, 35.7066428289]}, "properties": {"species": "Fomitopsis schrenkii", "date": "2025-11-30", "location": "Santa Fe County, US-NM, US", "elevation": 2593.0, "land_cover_label": "Tree cover", "water_mask": false, "exclude_reason": "keep", "ndvi": null, "soil_moisture": null, "solar_exposure": null, "wind_exposure": null, "water_retention": null, "slope": null, "aspect": null, "num_identification_agreements": 1, "cluster": 0, "tavg": null, "tmin": -4.0, "tmax": 7.0, "prcp_d0": 0.4686241149902344, "prcp_d1": 0.0110337967053055, "prcp_d2": 0.0, "prcp_d3": 2.6722605228424072, "prcp_d4": 0.0, "prcp_d5": 4.481497671804391e-05, "prcp_d6": 0.8928954601287842, "tmax_d0": null, "tmax_d1": null, "tmax_d2": null, "tmax_d3": null, "tmax_d4": null, "tmax_d5": null, "tmax_d6": null, "tmin_d0": null, "tmin_d1": null, "tmin_d2": null, "tmin_d3": null, "tmin_d4": null, "tmin_d5": null, "tmin_d6": null, "day_of_year": 334, "uuid": "053369cb-7ac4-462b-9eca-e080f667e916", "inat_id": 350188529}}, {"type": "Feature", "geometry": {"type": "Point", "coordinates": [-107.225905, 37.5068716667]}, "properties": {"species": "Fomitopsis schrenkii", "date": "2025-12-20", "location": "Williams Creek Reservoir Swa Trail, Pagosa Springs, CO, US", "elevation": 2521.0, "land_cover_label": "Tree cover", "water_mask": false, "exclude_reason": "keep", "ndvi": null, "soil_moisture": null, "solar_exposure": null, "wind_exposure": null, "water_retention": null, "slope": null, "aspect": null, "num_identification_agreements": 1, "cluster": 0, "tavg": null, "tmin": -5.0, "tmax": 11.0, "prcp_d0": 0.0, "prcp_d1": 0.0, "prcp_d2": 0.0, "prcp_d3": 0.0, "prcp_d4": 0.0, "prcp_d5": 0.0, "prcp_d6": 0.0, "tmax_d0": 8.7, "tmax_d1": 7.2, "tmax_d2": 5.4, "tmax_d3": 6.6, "tmax_d4": 11.5, "tmax_d5": 9.8, "tmax_d6": 9.8, "tmin_d0": -7.4, "tmin_d1": -11.4, "tmin_d2": -10.2, "tmin_d3": -10.5, "tmin_d4": -16.2, "tmin_d5": -13.3, "tmin_d6": -12.7, "day_of_year": 354, "uuid": "469b28bb-e9bf-46d0-89a3-6c9608258529", "inat_id": 331491769}}, {"type": "Feature", "geometry": {"type": "Point", "coordinates": [-105.392081067, 39.5101210012]}, "properties": {"species": "Fomitopsis schrenkii", "date": "2026-01-01", "location": "Staunton State Park", "elevation": 2609.0, "land_cover_label": "Tree cover", "water_mask": false, "exclude_reason": "keep", "ndvi": null, "soil_moisture": 0.3286275745649984, "solar_exposure": 0.887077271938324, "wind_exposure": 0.304205060005188, "water_retention": 0.5180068612098694, "slope": 5.921536445617676, "aspect": 213.1421356201172, "num_identification_agreements": 1, "cluster": 3, "tavg": null, "tmin": -6.0, "tmax": -3.0, "prcp_d0": 1.328924536705017, "prcp_d1": 0.0, "prcp_d2": 0.0, "prcp_d3": 0.0, "prcp_d4": 0.0, "prcp_d5": 0.0, "prcp_d6": 0.0, "tmax_d0": 6.3, "tmax_d1": 9.0, "tmax_d2": 8.1, "tmax_d3": 3.0, "tmax_d4": -0.6, "tmax_d5": 5.0, "tmax_d6": 8.0, "tmin_d0": -5.8, "tmin_d1": -9.5, "tmin_d2": -14.1, "tmin_d3": -17.0, "tmin_d4": -10.5, "tmin_d5": -5.0, "tmin_d6": -4.5, "day_of_year": 1, "uuid": "9a75ba63-9def-40e5-8136-e2d0c9cae93c", "inat_id": 333106272}}, {"type": "Feature", "geometry": {"type": "Point", "coordinates": [-107.1363611667, 37.4455466667]}, "properties": {"species": "Fomitopsis schrenkii", "date": "2026-01-01", "location": "Pagosa Springs, CO, US", "elevation": 2550.0, "land_cover_label": "Tree cover", "water_mask": false, "exclude_reason": "keep", "ndvi": null, "soil_moisture": null, "solar_exposure": null, "wind_exposure": null, "water_retention": null, "slope": null, "aspect": null, "num_identification_agreements": 1, "cluster": 0, "tavg": null, "tmin": -1.0, "tmax": 4.0, "prcp_d0": 5.692370414733887, "prcp_d1": 0.0, "prcp_d2": 0.0, "prcp_d3": 0.0, "prcp_d4": 0.0, "prcp_d5": 5.979069709777832, "prcp_d6": 0.0, "tmax_d0": 3.3, "tmax_d1": 8.4, "tmax_d2": 6.9, "tmax_d3": 3.4, "tmax_d4": 0.7, "tmax_d5": 3.0, "tmax_d6": 5.2, "tmin_d0": -0.4, "tmin_d1": -5.9, "tmin_d2": -9.9, "tmin_d3": -14.7, "tmin_d4": -7.4, "tmin_d5": -1.1, "tmin_d6": 0.3, "day_of_year": 1, "uuid": "c36495db-484c-48ae-9697-edee9d888a06", "inat_id": 333085817}}, {"type": "Feature", "geometry": {"type": "Point", "coordinates": [-104.999677, 37.966686]}, "properties": {"species": "Fomitopsis schrenkii", "date": "2026-01-04", "location": "Pueblo County, US-CO, US", "elevation": 2412.0, "land_cover_label": "Tree cover", "water_mask": false, "exclude_reason": "keep", "ndvi": null, "soil_moisture": null, "solar_exposure": null, "wind_exposure": null, "water_retention": null, "slope": null, "aspect": null, "num_identification_agreements": 1, "cluster": 0, "tavg": null, "tmin": 9.0, "tmax": 19.0, "prcp_d0": 1.226435303688049, "prcp_d1": 0.0, "prcp_d2": 1.226435303688049, "prcp_d3": 2.452870607376098, "prcp_d4": 0.0, "prcp_d5": 0.0, "prcp_d6": 0.0, "tmax_d0": 12.2, "tmax_d1": 11.7, "tmax_d2": 9.6, "tmax_d3": 10.6, "tmax_d4": 14.0, "tmax_d5": 10.9, "tmax_d6": 4.9, "tmin_d0": 2.7, "tmin_d1": 0.0, "tmin_d2": 0.5, "tmin_d3": 4.8, "tmin_d4": 1.7, "tmin_d5": -2.7, "tmin_d6": -8.2, "day_of_year": 4, "uuid": "746c3fa3-9489-4e43-a3b1-0c2664b88c9b", "inat_id": 333501841}}, {"type": "Feature", "geometry": {"type": "Point", "coordinates": [-103.53685, 43.85477]}, "properties": {"species": "Fomitopsis schrenkii", "date": "2026-02-15", "location": "Harney 9 South Trail, Custer, SD, US", "elevation": 1968.0, "land_cover_label": "Tree cover", "water_mask": false, "exclude_reason": "keep", "ndvi": null, "soil_moisture": null, "solar_exposure": null, "wind_exposure": null, "water_retention": null, "slope": null, "aspect": null, "num_identification_agreements": 1, "cluster": 0, "tavg": null, "tmin": -4.4, "tmax": 11.0, "prcp_d0": 1.1392133235931396, "prcp_d1": 0.0, "prcp_d2": 0.0, "prcp_d3": 0.0, "prcp_d4": 0.0, "prcp_d5": 0.0, "prcp_d6": 1.8072237968444824, "tmax_d0": 7.2, "tmax_d1": 6.2, "tmax_d2": 7.1, "tmax_d3": 5.8, "tmax_d4": 4.7, "tmax_d5": 1.1, "tmax_d6": 6.3, "tmin_d0": -5.0, "tmin_d1": -6.4, "tmin_d2": -6.5, "tmin_d3": -4.3, "tmin_d4": -7.6, "tmin_d5": -9.2, "tmin_d6": -0.6, "day_of_year": 46, "uuid": "3e757f81-287f-498c-be93-3ab73c3d4ec6", "inat_id": 338825330}}, {"type": "Feature", "geometry": {"type": "Point", "coordinates": [-103.56588, 43.8474416667]}, "properties": {"species": "Fomitopsis schrenkii", "date": "2026-02-17", "location": "Custer State Park, Custer, SD, US", "elevation": 1875.0, "land_cover_label": "Tree cover", "water_mask": false, "exclude_reason": "keep", "ndvi": null, "soil_moisture": null, "solar_exposure": null, "wind_exposure": null, "water_retention": null, "slope": null, "aspect": null, "num_identification_agreements": 1, "cluster": 0, "tavg": null, "tmin": -4.0, "tmax": 10.0, "prcp_d0": 1.5049484968185425, "prcp_d1": 0.0, "prcp_d2": 0.9242722988128662, "prcp_d3": 0.0, "prcp_d4": 0.0, "prcp_d5": 0.0, "prcp_d6": 0.0, "tmax_d0": null, "tmax_d1": null, "tmax_d2": null, "tmax_d3": null, "tmax_d4": null, "tmax_d5": null, "tmax_d6": null, "tmin_d0": null, "tmin_d1": null, "tmin_d2": null, "tmin_d3": null, "tmin_d4": null, "tmin_d5": null, "tmin_d6": null, "day_of_year": 48, "uuid": "5f9547e5-f1ad-4c83-98a8-81d85121916a", "inat_id": 356117200}}, {"type": "Feature", "geometry": {"type": "Point", "coordinates": [-105.2442605049, 39.7147663962]}, "properties": {"species": "Fomitopsis schrenkii", "date": "2026-02-23", "location": "Jefferson County, US-CO, US", "elevation": 2205.0, "land_cover_label": "Tree cover", "water_mask": false, "exclude_reason": "keep", "ndvi": null, "soil_moisture": 0.2644706504996321, "solar_exposure": 0.844623327255249, "wind_exposure": 0.2763648927211761, "water_retention": 0.378180056810379, "slope": 3.702491760253906, "aspect": 99.65753173828124, "num_identification_agreements": 1, "cluster": 0, "tavg": null, "tmin": 0.0, "tmax": 19.0, "prcp_d0": 4.99488760397071e-06, "prcp_d1": 0.0, "prcp_d2": 3.032167673110962, "prcp_d3": 0.3490687012672424, "prcp_d4": 0.0, "prcp_d5": 0.0, "prcp_d6": 0.3490687012672424, "tmax_d0": 14.6, "tmax_d1": 6.1, "tmax_d2": 5.3, "tmax_d3": -4.0, "tmax_d4": 3.2, "tmax_d5": 7.0, "tmax_d6": 10.8, "tmin_d0": -5.6, "tmin_d1": -10.2, "tmin_d2": -13.4, "tmin_d3": -9.0, "tmin_d4": -6.5, "tmin_d5": -5.5, "tmin_d6": 1.4, "day_of_year": 54, "uuid": "8ed45267-98fe-41ff-8862-e63727abb5f3", "inat_id": 339992171}}, {"type": "Feature", "geometry": {"type": "Point", "coordinates": [-105.8366111111, 35.7543166667]}, "properties": {"species": "Fomitopsis schrenkii", "date": "2026-03-19", "location": "Santa Fe, NM 87501, USA", "elevation": 2657.0, "land_cover_label": "Tree cover", "water_mask": false, "exclude_reason": "keep", "ndvi": null, "soil_moisture": null, "solar_exposure": null, "wind_exposure": null, "water_retention": null, "slope": null, "aspect": null, "num_identification_agreements": 1, "cluster": 0, "tavg": null, "tmin": 6.0, "tmax": 28.0, "prcp_d0": 0.0, "prcp_d1": 0.0, "prcp_d2": 0.0, "prcp_d3": 3.8839480876922607, "prcp_d4": 0.0, "prcp_d5": 0.0, "prcp_d6": 0.0, "tmax_d0": null, "tmax_d1": null, "tmax_d2": null, "tmax_d3": null, "tmax_d4": null, "tmax_d5": null, "tmax_d6": null, "tmin_d0": null, "tmin_d1": null, "tmin_d2": null, "tmin_d3": null, "tmin_d4": null, "tmin_d5": null, "tmin_d6": null, "day_of_year": 78, "uuid": "581c1ef5-53b7-44d9-a8bd-e344ee284afa", "inat_id": 343884652}}, {"type": "Feature", "geometry": {"type": "Point", "coordinates": [-105.8337861111, 35.74705]}, "properties": {"species": "Fomitopsis schrenkii", "date": "2026-03-27", "location": "Santa Fe County, NM, USA", "elevation": 2709.0, "land_cover_label": "Tree cover", "water_mask": false, "exclude_reason": "keep", "ndvi": null, "soil_moisture": null, "solar_exposure": null, "wind_exposure": null, "water_retention": null, "slope": null, "aspect": null, "num_identification_agreements": 1, "cluster": 0, "tavg": null, "tmin": 6.0, "tmax": 16.0, "prcp_d0": 0.0, "prcp_d1": 0.0, "prcp_d2": 0.0, "prcp_d3": 0.0, "prcp_d4": 0.0, "prcp_d5": 0.0, "prcp_d6": 0.0, "tmax_d0": null, "tmax_d1": null, "tmax_d2": null, "tmax_d3": null, "tmax_d4": null, "tmax_d5": null, "tmax_d6": null, "tmin_d0": null, "tmin_d1": null, "tmin_d2": null, "tmin_d3": null, "tmin_d4": null, "tmin_d5": null, "tmin_d6": null, "day_of_year": 86, "uuid": "06b89d88-d654-4a23-b2e6-733e076c2587", "inat_id": 345569411}}, {"type": "Feature", "geometry": {"type": "Point", "coordinates": [-104.9020166667, 38.7883866667]}, "properties": {"species": "Fomitopsis schrenkii", "date": "2026-03-28", "location": "N Cheyenne Canyon Rd, Manitou Springs, CO, US", "elevation": 2228.0, "land_cover_label": "Tree cover", "water_mask": false, "exclude_reason": "keep", "ndvi": null, "soil_moisture": null, "solar_exposure": null, "wind_exposure": null, "water_retention": null, "slope": null, "aspect": null, "num_identification_agreements": 1, "cluster": 0, "tavg": null, "tmin": -0.8, "tmax": 24.1, "prcp_d0": 0.0, "prcp_d1": 0.0, "prcp_d2": 0.0, "prcp_d3": 0.0, "prcp_d4": 4.063737392425537, "prcp_d5": 0.0, "prcp_d6": 0.0, "tmax_d0": null, "tmax_d1": null, "tmax_d2": null, "tmax_d3": null, "tmax_d4": null, "tmax_d5": null, "tmax_d6": null, "tmin_d0": null, "tmin_d1": null, "tmin_d2": null, "tmin_d3": null, "tmin_d4": null, "tmin_d5": null, "tmin_d6": null, "day_of_year": 87, "uuid": "674c7690-2f62-43f6-869a-e0c2e2b721a7", "inat_id": 345845188}}, {"type": "Feature", "geometry": {"type": "Point", "coordinates": [-106.5116357803, 35.8729231365]}, "properties": {"species": "Fomitopsis schrenkii", "date": "2026-03-29", "location": "Jemez Springs, NM 87025, USA", "elevation": 2649.0, "land_cover_label": "Grassland", "water_mask": false, "exclude_reason": "keep", "ndvi": null, "soil_moisture": null, "solar_exposure": null, "wind_exposure": null, "water_retention": null, "slope": null, "aspect": null, "num_identification_agreements": 1, "cluster": 0, "tavg": null, "tmin": 8.0, "tmax": 23.0, "prcp_d0": 0.0, "prcp_d1": 0.0, "prcp_d2": 0.0, "prcp_d3": 0.0, "prcp_d4": 0.0, "prcp_d5": 0.0, "prcp_d6": 0.0, "tmax_d0": null, "tmax_d1": null, "tmax_d2": null, "tmax_d3": null, "tmax_d4": null, "tmax_d5": null, "tmax_d6": null, "tmin_d0": null, "tmin_d1": null, "tmin_d2": null, "tmin_d3": null, "tmin_d4": null, "tmin_d5": null, "tmin_d6": null, "day_of_year": 88, "uuid": "0dbe2fd8-2e06-4644-b180-3c4d7d552a60", "inat_id": 346058634}}, {"type": "Feature", "geometry": {"type": "Point", "coordinates": [-105.7260298356, 35.6716500225]}, "properties": {"species": "Fomitopsis schrenkii", "date": "2026-03-30", "location": "Glorieta, NM 87535, USA", "elevation": 2340.0, "land_cover_label": "Tree cover", "water_mask": false, "exclude_reason": "keep", "ndvi": null, "soil_moisture": null, "solar_exposure": null, "wind_exposure": null, "water_retention": null, "slope": null, "aspect": null, "num_identification_agreements": 1, "cluster": 0, "tavg": null, "tmin": 3.3, "tmax": 23.9, "prcp_d0": 0.0, "prcp_d1": 0.0, "prcp_d2": 0.0, "prcp_d3": 0.0, "prcp_d4": 0.0, "prcp_d5": 0.0, "prcp_d6": 2.180635452270508, "tmax_d0": null, "tmax_d1": null, "tmax_d2": null, "tmax_d3": null, "tmax_d4": null, "tmax_d5": null, "tmax_d6": null, "tmin_d0": null, "tmin_d1": null, "tmin_d2": null, "tmin_d3": null, "tmin_d4": null, "tmin_d5": null, "tmin_d6": null, "day_of_year": 89, "uuid": "72625ad6-7f74-456b-8f34-b7d1c2179ccf", "inat_id": 346503859}}, {"type": "Feature", "geometry": {"type": "Point", "coordinates": [-106.5526966667, 35.8234833333]}, "properties": {"species": "Fomitopsis schrenkii", "date": "2026-04-04", "location": "Sandoval County, US-NM, US", "elevation": 2587.0, "land_cover_label": "Tree cover", "water_mask": false, "exclude_reason": "keep", "ndvi": null, "soil_moisture": null, "solar_exposure": null, "wind_exposure": null, "water_retention": null, "slope": null, "aspect": null, "num_identification_agreements": 1, "cluster": 0, "tavg": null, "tmin": 1.6, "tmax": 14.6, "prcp_d0": 0.0, "prcp_d1": 3.2111196517944336, "prcp_d2": 0.0, "prcp_d3": 16.05559730529785, "prcp_d4": 9.029867172241213, "prcp_d5": 0.0, "prcp_d6": 0.0, "tmax_d0": null, "tmax_d1": null, "tmax_d2": null, "tmax_d3": null, "tmax_d4": null, "tmax_d5": null, "tmax_d6": null, "tmin_d0": null, "tmin_d1": null, "tmin_d2": null, "tmin_d3": null, "tmin_d4": null, "tmin_d5": null, "tmin_d6": null, "day_of_year": 94, "uuid": "ba4e5d03-2c29-4902-aac9-f2abebf21da7", "inat_id": 347591979}}, {"type": "Feature", "geometry": {"type": "Point", "coordinates": [-106.5928235752, 35.8174903417]}, "properties": {"species": "Fomitopsis schrenkii", "date": "2026-04-05", "location": "Sandoval County, US-NM, US", "elevation": 2457.0, "land_cover_label": "Tree cover", "water_mask": false, "exclude_reason": "keep", "ndvi": null, "soil_moisture": null, "solar_exposure": null, "wind_exposure": null, "water_retention": null, "slope": null, "aspect": null, "num_identification_agreements": 1, "cluster": 0, "tavg": null, "tmin": 3.3, "tmax": 15.8, "prcp_d0": 0.0, "prcp_d1": 0.0, "prcp_d2": 3.2111196517944336, "prcp_d3": 0.0, "prcp_d4": 16.05559730529785, "prcp_d5": 9.029867172241213, "prcp_d6": 0.0, "tmax_d0": null, "tmax_d1": null, "tmax_d2": null, "tmax_d3": null, "tmax_d4": null, "tmax_d5": null, "tmax_d6": null, "tmin_d0": null, "tmin_d1": null, "tmin_d2": null, "tmin_d3": null, "tmin_d4": null, "tmin_d5": null, "tmin_d6": null, "day_of_year": 95, "uuid": "1c5b3898-994b-483f-9510-0097d074a839", "inat_id": 347687343}}, {"type": "Feature", "geometry": {"type": "Point", "coordinates": [-107.7175938952, 38.5329378584]}, "properties": {"species": "Fomitopsis schrenkii", "date": "2026-04-07", "location": "SH-347, Montrose, CO, US", "elevation": 2409.0, "land_cover_label": "Tree cover", "water_mask": false, "exclude_reason": "keep", "ndvi": null, "soil_moisture": null, "solar_exposure": null, "wind_exposure": null, "water_retention": null, "slope": null, "aspect": null, "num_identification_agreements": 1, "cluster": 0, "tavg": null, "tmin": 6.7, "tmax": 21.7, "prcp_d0": 0.0, "prcp_d1": 0.0, "prcp_d2": 0.0, "prcp_d3": 0.0, "prcp_d4": 0.0, "prcp_d5": 0.0, "prcp_d6": 11.939960479736328, "tmax_d0": null, "tmax_d1": null, "tmax_d2": null, "tmax_d3": null, "tmax_d4": null, "tmax_d5": null, "tmax_d6": null, "tmin_d0": null, "tmin_d1": null, "tmin_d2": null, "tmin_d3": null, "tmin_d4": null, "tmin_d5": null, "tmin_d6": null, "day_of_year": 97, "uuid": "234c8ca2-a145-4475-aee9-250d50a450da", "inat_id": 365912147}}, {"type": "Feature", "geometry": {"type": "Point", "coordinates": [-105.4924083333, 40.0132638833]}, "properties": {"species": "Fomitopsis schrenkii", "date": "2026-04-09", "location": "Boulder, CO, US", "elevation": 2650.0, "land_cover_label": "Tree cover", "water_mask": false, "exclude_reason": "keep", "ndvi": null, "soil_moisture": 0.2473184095629942, "solar_exposure": 0.818612813949585, "wind_exposure": 0.2850174009799957, "water_retention": 0.4113490283489227, "slope": 3.39656400680542, "aspect": 56.72024154663086, "num_identification_agreements": 1, "cluster": 0, "tavg": null, "tmin": 4.0, "tmax": 24.0, "prcp_d0": 0.0, "prcp_d1": 0.8957387208938599, "prcp_d2": 2.687216281890869, "prcp_d3": 0.8957387208938599, "prcp_d4": 0.0, "prcp_d5": 2.544447422027588, "prcp_d6": 0.0, "tmax_d0": null, "tmax_d1": null, "tmax_d2": null, "tmax_d3": null, "tmax_d4": null, "tmax_d5": null, "tmax_d6": null, "tmin_d0": null, "tmin_d1": null, "tmin_d2": null, "tmin_d3": null, "tmin_d4": null, "tmin_d5": null, "tmin_d6": null, "day_of_year": 99, "uuid": "a9d7c8f1-5680-421e-a60e-b81aab5cd3ea", "inat_id": 348750855}}, {"type": "Feature", "geometry": {"type": "Point", "coordinates": [-103.5339931601, 43.8985837436]}, "properties": {"species": "Fomitopsis schrenkii", "date": "2026-04-10", "location": "Pennington County, SD, USA", "elevation": 1561.0, "land_cover_label": "Tree cover", "water_mask": false, "exclude_reason": "keep", "ndvi": null, "soil_moisture": null, "solar_exposure": null, "wind_exposure": null, "water_retention": null, "slope": null, "aspect": null, "num_identification_agreements": 1, "cluster": 0, "tavg": null, "tmin": -5.6, "tmax": 11.7, "prcp_d0": 0.0, "prcp_d1": 0.0, "prcp_d2": 0.0, "prcp_d3": 0.0, "prcp_d4": 0.0, "prcp_d5": 0.0, "prcp_d6": 0.0, "tmax_d0": null, "tmax_d1": null, "tmax_d2": null, "tmax_d3": null, "tmax_d4": null, "tmax_d5": null, "tmax_d6": null, "tmin_d0": null, "tmin_d1": null, "tmin_d2": null, "tmin_d3": null, "tmin_d4": null, "tmin_d5": null, "tmin_d6": null, "day_of_year": 100, "uuid": "673c866b-da9c-42fd-8fad-734adfcf2352", "inat_id": 348828441}}, {"type": "Feature", "geometry": {"type": "Point", "coordinates": [-103.5341302403, 43.8988558826]}, "properties": {"species": "Fomitopsis schrenkii", "date": "2026-04-10", "location": "Pennington County, SD, USA", "elevation": 1561.0, "land_cover_label": "Tree cover", "water_mask": false, "exclude_reason": "keep", "ndvi": null, "soil_moisture": null, "solar_exposure": null, "wind_exposure": null, "water_retention": null, "slope": null, "aspect": null, "num_identification_agreements": 2, "cluster": 0, "tavg": null, "tmin": -5.6, "tmax": 11.7, "prcp_d0": 0.0, "prcp_d1": 0.0, "prcp_d2": 0.0, "prcp_d3": 0.0, "prcp_d4": 0.0, "prcp_d5": 0.0, "prcp_d6": 0.0, "tmax_d0": null, "tmax_d1": null, "tmax_d2": null, "tmax_d3": null, "tmax_d4": null, "tmax_d5": null, "tmax_d6": null, "tmin_d0": null, "tmin_d1": null, "tmin_d2": null, "tmin_d3": null, "tmin_d4": null, "tmin_d5": null, "tmin_d6": null, "day_of_year": 100, "uuid": "3e3170e9-8083-40f3-be31-421730f5685d", "inat_id": 348828435}}, {"type": "Feature", "geometry": {"type": "Point", "coordinates": [-106.5201416667, 35.8642138889]}, "properties": {"species": "Fomitopsis schrenkii", "date": "2026-04-11", "location": "Jemez Springs, NM 87025, USA", "elevation": 2675.0, "land_cover_label": "Tree cover", "water_mask": false, "exclude_reason": "keep", "ndvi": null, "soil_moisture": null, "solar_exposure": null, "wind_exposure": null, "water_retention": null, "slope": null, "aspect": null, "num_identification_agreements": 1, "cluster": 0, "tavg": null, "tmin": 7.9, "tmax": 17.8, "prcp_d0": 7.418711185455322, "prcp_d1": 0.0, "prcp_d2": 0.0, "prcp_d3": 0.0, "prcp_d4": 0.0, "prcp_d5": 0.0, "prcp_d6": 0.0, "tmax_d0": null, "tmax_d1": null, "tmax_d2": null, "tmax_d3": null, "tmax_d4": null, "tmax_d5": null, "tmax_d6": null, "tmin_d0": null, "tmin_d1": null, "tmin_d2": null, "tmin_d3": null, "tmin_d4": null, "tmin_d5": null, "tmin_d6": null, "day_of_year": 101, "uuid": "39f23c79-e404-44c5-8482-77bcf59d16ec", "inat_id": 349114362}}, {"type": "Feature", "geometry": {"type": "Point", "coordinates": [-106.1674633333, 38.6274466667]}, "properties": {"species": "Fomitopsis schrenkii", "date": "2026-04-17", "location": "Salida, CO, US", "elevation": 2801.0, "land_cover_label": "Tree cover", "water_mask": false, "exclude_reason": "keep", "ndvi": null, "soil_moisture": null, "solar_exposure": null, "wind_exposure": null, "water_retention": null, "slope": null, "aspect": null, "num_identification_agreements": 1, "cluster": 0, "tavg": null, "tmin": -2.4, "tmax": 10.6, "prcp_d0": 0.0, "prcp_d1": 0.0, "prcp_d2": 0.0, "prcp_d3": 2.6527669429779053, "prcp_d4": 0.0, "prcp_d5": 1.3263834714889526, "prcp_d6": 2.6527669429779053, "tmax_d0": null, "tmax_d1": null, "tmax_d2": null, "tmax_d3": null, "tmax_d4": null, "tmax_d5": null, "tmax_d6": null, "tmin_d0": null, "tmin_d1": null, "tmin_d2": null, "tmin_d3": null, "tmin_d4": null, "tmin_d5": null, "tmin_d6": null, "day_of_year": 107, "uuid": "85e083b0-95cf-41e2-9558-4214e61dc9a3", "inat_id": 350780156}}, {"type": "Feature", "geometry": {"type": "Point", "coordinates": [-107.1215445, 37.4428383333]}, "properties": {"species": "Fomitopsis schrenkii", "date": "2026-04-18", "location": "County Road 634, Creede, CO, US", "elevation": 2653.0, "land_cover_label": "Tree cover", "water_mask": false, "exclude_reason": "keep", "ndvi": null, "soil_moisture": null, "solar_exposure": null, "wind_exposure": null, "water_retention": null, "slope": null, "aspect": null, "num_identification_agreements": 1, "cluster": 0, "tavg": null, "tmin": -9.0, "tmax": 14.0, "prcp_d0": 0.0, "prcp_d1": 2.582248449325561, "prcp_d2": 0.0, "prcp_d3": 0.0, "prcp_d4": 0.0, "prcp_d5": 0.0, "prcp_d6": 0.0, "tmax_d0": null, "tmax_d1": null, "tmax_d2": null, "tmax_d3": null, "tmax_d4": null, "tmax_d5": null, "tmax_d6": null, "tmin_d0": null, "tmin_d1": null, "tmin_d2": null, "tmin_d3": null, "tmin_d4": null, "tmin_d5": null, "tmin_d6": null, "day_of_year": 108, "uuid": "2aa2546c-ff25-4e3a-b850-3402c307dbb6", "inat_id": 351473261}}, {"type": "Feature", "geometry": {"type": "Point", "coordinates": [-104.9207083333, 38.7883116667]}, "properties": {"species": "Fomitopsis schrenkii", "date": "2026-04-25", "location": "Pike and San Isabel National Forests, Colorado Springs, CO, US", "elevation": 2413.0, "land_cover_label": "Tree cover", "water_mask": false, "exclude_reason": "keep", "ndvi": null, "soil_moisture": null, "solar_exposure": null, "wind_exposure": null, "water_retention": null, "slope": null, "aspect": null, "num_identification_agreements": 1, "cluster": 0, "tavg": null, "tmin": 2.3, "tmax": 17.6, "prcp_d0": 4.17035722732544, "prcp_d1": 0.0, "prcp_d2": 0.0, "prcp_d3": 8.340714454650879, "prcp_d4": 0.0, "prcp_d5": 0.0, "prcp_d6": 0.0, "tmax_d0": null, "tmax_d1": null, "tmax_d2": null, "tmax_d3": null, "tmax_d4": null, "tmax_d5": null, "tmax_d6": null, "tmin_d0": null, "tmin_d1": null, "tmin_d2": null, "tmin_d3": null, "tmin_d4": null, "tmin_d5": null, "tmin_d6": null, "day_of_year": 115, "uuid": "a768e2ec-0e2a-4019-b41b-76d570257d34", "inat_id": 354747436}}, {"type": "Feature", "geometry": {"type": "Point", "coordinates": [-106.6313435997, 35.8541056997]}, "properties": {"species": "Fomitopsis schrenkii", "date": "2026-04-26", "location": "Jemez Springs, NM 87025, USA", "elevation": 2275.0, "land_cover_label": "Tree cover", "water_mask": false, "exclude_reason": "keep", "ndvi": null, "soil_moisture": null, "solar_exposure": null, "wind_exposure": null, "water_retention": null, "slope": null, "aspect": null, "num_identification_agreements": 1, "cluster": 0, "tavg": null, "tmin": 7.8, "tmax": 18.3, "prcp_d0": 0.0, "prcp_d1": 0.0, "prcp_d2": 0.0, "prcp_d3": 0.0, "prcp_d4": 0.0, "prcp_d5": 0.0, "prcp_d6": 0.0, "tmax_d0": null, "tmax_d1": null, "tmax_d2": null, "tmax_d3": null, "tmax_d4": null, "tmax_d5": null, "tmax_d6": null, "tmin_d0": null, "tmin_d1": null, "tmin_d2": null, "tmin_d3": null, "tmin_d4": null, "tmin_d5": null, "tmin_d6": null, "day_of_year": 116, "uuid": "163d201a-ce83-4a53-9239-ff9b815161fb", "inat_id": 356503273}}, {"type": "Feature", "geometry": {"type": "Point", "coordinates": [-106.5848926, 35.8207079]}, "properties": {"species": "Fomitopsis schrenkii", "date": "2026-04-26", "location": "Jemez Springs, NM 87025, USA", "elevation": 2493.0, "land_cover_label": "Tree cover", "water_mask": false, "exclude_reason": "keep", "ndvi": null, "soil_moisture": null, "solar_exposure": null, "wind_exposure": null, "water_retention": null, "slope": null, "aspect": null, "num_identification_agreements": 1, "cluster": 0, "tavg": null, "tmin": 7.8, "tmax": 18.3, "prcp_d0": 0.0, "prcp_d1": 0.0, "prcp_d2": 0.0, "prcp_d3": 0.0, "prcp_d4": 0.0, "prcp_d5": 0.0, "prcp_d6": 0.0, "tmax_d0": null, "tmax_d1": null, "tmax_d2": null, "tmax_d3": null, "tmax_d4": null, "tmax_d5": null, "tmax_d6": null, "tmin_d0": null, "tmin_d1": null, "tmin_d2": null, "tmin_d3": null, "tmin_d4": null, "tmin_d5": null, "tmin_d6": null, "day_of_year": 116, "uuid": "bb8bf07a-2fcb-49a7-8ad5-417efce1e532", "inat_id": 356671529}}, {"type": "Feature", "geometry": {"type": "Point", "coordinates": [-106.5351017565, 35.8205780218]}, "properties": {"species": "Fomitopsis schrenkii", "date": "2026-04-26", "location": "Las Conchas trailhead, NM, USA ", "elevation": 2583.0, "land_cover_label": "Grassland", "water_mask": false, "exclude_reason": "keep", "ndvi": null, "soil_moisture": null, "solar_exposure": null, "wind_exposure": null, "water_retention": null, "slope": null, "aspect": null, "num_identification_agreements": 2, "cluster": 0, "tavg": null, "tmin": 7.8, "tmax": 18.3, "prcp_d0": 0.0, "prcp_d1": 0.0, "prcp_d2": 0.0, "prcp_d3": 0.0, "prcp_d4": 0.0, "prcp_d5": 0.0, "prcp_d6": 0.0, "tmax_d0": null, "tmax_d1": null, "tmax_d2": null, "tmax_d3": null, "tmax_d4": null, "tmax_d5": null, "tmax_d6": null, "tmin_d0": null, "tmin_d1": null, "tmin_d2": null, "tmin_d3": null, "tmin_d4": null, "tmin_d5": null, "tmin_d6": null, "day_of_year": 116, "uuid": "115f8ddc-bc9b-4489-a267-d601615fdfb7", "inat_id": 355969967}}, {"type": "Feature", "geometry": {"type": "Point", "coordinates": [-105.7061506, 35.8181283997]}, "properties": {"species": "Fomitopsis schrenkii", "date": "2026-04-29", "location": "Tererro, NM 87573, USA", "elevation": 2866.0, "land_cover_label": "Tree cover", "water_mask": false, "exclude_reason": "keep", "ndvi": null, "soil_moisture": null, "solar_exposure": null, "wind_exposure": null, "water_retention": null, "slope": null, "aspect": null, "num_identification_agreements": 1, "cluster": 0, "tavg": null, "tmin": 7.2, "tmax": 22.2, "prcp_d0": 0.0, "prcp_d1": 0.0, "prcp_d2": 0.0, "prcp_d3": 0.0, "prcp_d4": 0.0, "prcp_d5": 0.0, "prcp_d6": 0.0, "tmax_d0": null, "tmax_d1": null, "tmax_d2": null, "tmax_d3": null, "tmax_d4": null, "tmax_d5": null, "tmax_d6": null, "tmin_d0": null, "tmin_d1": null, "tmin_d2": null, "tmin_d3": null, "tmin_d4": null, "tmin_d5": null, "tmin_d6": null, "day_of_year": 119, "uuid": "3d624022-d3ce-48e2-846e-ba9c3cbb8cc8", "inat_id": 357563769}}, {"type": "Feature", "geometry": {"type": "Point", "coordinates": [-105.32827, 39.7304116667]}, "properties": {"species": "Fomitopsis schrenkii", "date": "2026-05-03", "location": "Beaver Brook Trail, Golden, CO, US", "elevation": 2031.0, "land_cover_label": "Tree cover", "water_mask": false, "exclude_reason": "keep", "ndvi": null, "soil_moisture": 0.3619509608167554, "solar_exposure": 0.7943031191825867, "wind_exposure": 0.1505827158689499, "water_retention": 0.4655861258506775, "slope": 6.4381842613220215, "aspect": 54.74497222900391, "num_identification_agreements": 1, "cluster": 3, "tavg": null, "tmin": 4.7, "tmax": 23.0, "prcp_d0": 0.0355314798653125, "prcp_d1": 0.1111136674880981, "prcp_d2": 2.934739351272583, "prcp_d3": 0.0, "prcp_d4": 0.0, "prcp_d5": 0.0, "prcp_d6": 0.0, "tmax_d0": null, "tmax_d1": null, "tmax_d2": null, "tmax_d3": null, "tmax_d4": null, "tmax_d5": null, "tmax_d6": null, "tmin_d0": null, "tmin_d1": null, "tmin_d2": null, "tmin_d3": null, "tmin_d4": null, "tmin_d5": null, "tmin_d6": null, "day_of_year": 123, "uuid": "7a1d6979-1564-4869-b1a8-fdba72e471e4", "inat_id": 359711389}}, {"type": "Feature", "geometry": {"type": "Point", "coordinates": [-105.4311966667, 35.7030716667]}, "properties": {"species": "Fomitopsis schrenkii", "date": "2026-05-04", "location": "Forest Service Road 263, Montezuma, NM, US", "elevation": 2313.0, "land_cover_label": "Tree cover", "water_mask": false, "exclude_reason": "keep", "ndvi": null, "soil_moisture": null, "solar_exposure": null, "wind_exposure": null, "water_retention": null, "slope": null, "aspect": null, "num_identification_agreements": 1, "cluster": 0, "tavg": null, "tmin": 8.3, "tmax": 20.6, "prcp_d0": 0.0530599392950534, "prcp_d1": 0.0, "prcp_d2": 0.0, "prcp_d3": 4.373934745788574, "prcp_d4": 4.953630447387695, "prcp_d5": 0.0, "prcp_d6": 0.0, "tmax_d0": null, "tmax_d1": null, "tmax_d2": null, "tmax_d3": null, "tmax_d4": null, "tmax_d5": null, "tmax_d6": null, "tmin_d0": null, "tmin_d1": null, "tmin_d2": null, "tmin_d3": null, "tmin_d4": null, "tmin_d5": null, "tmin_d6": null, "day_of_year": 124, "uuid": "e497b23a-ec88-43c9-871c-fc3ab171fbcd", "inat_id": 358534793}}, {"type": "Feature", "geometry": {"type": "Point", "coordinates": [-103.9981833333, 44.3209216667]}, "properties": {"species": "Fomitopsis schrenkii", "date": "2026-05-07", "location": "Little Spearfish, Lead, SD, US", "elevation": 1790.0, "land_cover_label": "Tree cover", "water_mask": false, "exclude_reason": "keep", "ndvi": null, "soil_moisture": null, "solar_exposure": null, "wind_exposure": null, "water_retention": null, "slope": null, "aspect": null, "num_identification_agreements": 1, "cluster": 0, "tavg": null, "tmin": -1.0, "tmax": 16.0, "prcp_d0": 2.963214635848999, "prcp_d1": 0.0, "prcp_d2": 0.0882384330034256, "prcp_d3": 0.5838356614112854, "prcp_d4": 2.5603840351104736, "prcp_d5": 6.28760744803003e-07, "prcp_d6": 0.0, "tmax_d0": null, "tmax_d1": null, "tmax_d2": null, "tmax_d3": null, "tmax_d4": null, "tmax_d5": null, "tmax_d6": null, "tmin_d0": null, "tmin_d1": null, "tmin_d2": null, "tmin_d3": null, "tmin_d4": null, "tmin_d5": null, "tmin_d6": null, "day_of_year": 127, "uuid": "02d990f7-817b-4675-9cb4-421a682495a3", "inat_id": 368680474}}, {"type": "Feature", "geometry": {"type": "Point", "coordinates": [-103.4839033333, 43.9031533333]}, "properties": {"species": "Fomitopsis schrenkii", "date": "2026-05-08", "location": "Centennial on Hell Trail, Hill City, SD, US", "elevation": 1518.0, "land_cover_label": "Tree cover", "water_mask": false, "exclude_reason": "keep", "ndvi": null, "soil_moisture": null, "solar_exposure": null, "wind_exposure": null, "water_retention": null, "slope": null, "aspect": null, "num_identification_agreements": 1, "cluster": 0, "tavg": null, "tmin": 4.4, "tmax": 16.7, "prcp_d0": 0.0, "prcp_d1": 0.0, "prcp_d2": 0.0, "prcp_d3": 0.0974278151988983, "prcp_d4": 0.849547803401947, "prcp_d5": 2.3722081184387207, "prcp_d6": 6.067063509362924e-07, "tmax_d0": null, "tmax_d1": null, "tmax_d2": null, "tmax_d3": null, "tmax_d4": null, "tmax_d5": null, "tmax_d6": null, "tmin_d0": null, "tmin_d1": null, "tmin_d2": null, "tmin_d3": null, "tmin_d4": null, "tmin_d5": null, "tmin_d6": null, "day_of_year": 128, "uuid": "786de29f-aa09-44a2-b0fe-862b345bddec", "inat_id": 359688784}}, {"type": "Feature", "geometry": {"type": "Point", "coordinates": [-104.8929616667, 38.728255]}, "properties": {"species": "Fomitopsis schrenkii", "date": "2026-05-21", "location": "Colorado Springs, CO, US", "elevation": 2585.0, "land_cover_label": "Tree cover", "water_mask": false, "exclude_reason": "keep", "ndvi": null, "soil_moisture": null, "solar_exposure": null, "wind_exposure": null, "water_retention": null, "slope": null, "aspect": null, "num_identification_agreements": 1, "cluster": 0, "tavg": null, "tmin": 4.0, "tmax": 18.1, "prcp_d0": 0.0, "prcp_d1": 0.0, "prcp_d2": 0.0, "prcp_d3": 0.0, "prcp_d4": 0.0, "prcp_d5": 0.0, "prcp_d6": 0.0, "tmax_d0": null, "tmax_d1": null, "tmax_d2": null, "tmax_d3": null, "tmax_d4": null, "tmax_d5": null, "tmax_d6": null, "tmin_d0": null, "tmin_d1": null, "tmin_d2": null, "tmin_d3": null, "tmin_d4": null, "tmin_d5": null, "tmin_d6": null, "day_of_year": 141, "uuid": "bab287ff-1387-4670-9ca0-955966e49f67", "inat_id": 364212442}}, {"type": "Feature", "geometry": {"type": "Point", "coordinates": [-104.9528261184, 38.9971739742]}, "properties": {"species": "Fomitopsis schrenkii", "date": "2026-05-23", "location": "Schubarth Trail, Woodland Park, CO, US", "elevation": 2795.0, "land_cover_label": "Tree cover", "water_mask": false, "exclude_reason": "keep", "ndvi": null, "soil_moisture": null, "solar_exposure": null, "wind_exposure": null, "water_retention": null, "slope": null, "aspect": null, "num_identification_agreements": 1, "cluster": 0, "tavg": null, "tmin": 1.3, "tmax": 21.2, "prcp_d0": 8.23292064666748, "prcp_d1": 0.0, "prcp_d2": 0.0, "prcp_d3": 0.0, "prcp_d4": 0.0, "prcp_d5": 12.395118713378906, "prcp_d6": 0.0, "tmax_d0": null, "tmax_d1": null, "tmax_d2": null, "tmax_d3": null, "tmax_d4": null, "tmax_d5": null, "tmax_d6": null, "tmin_d0": null, "tmin_d1": null, "tmin_d2": null, "tmin_d3": null, "tmin_d4": null, "tmin_d5": null, "tmin_d6": null, "day_of_year": 143, "uuid": "1faab6de-83c7-4e64-8da9-0c1c27b6aab6", "inat_id": 365108055}}, {"type": "Feature", "geometry": {"type": "Point", "coordinates": [-105.5023060535, 39.8163954345]}, "properties": {"species": "Fomitopsis schrenkii", "date": "2026-05-24", "location": "SH-119, Black Hawk, CO, US", "elevation": 2607.0, "land_cover_label": "Tree cover", "water_mask": false, "exclude_reason": "keep", "ndvi": null, "soil_moisture": 0.412792449666521, "solar_exposure": 0.8555684089660645, "wind_exposure": 0.1572777479887008, "water_retention": 0.2889991402626037, "slope": 5.2041335105896, "aspect": 110.95101165771484, "num_identification_agreements": 1, "cluster": 3, "tavg": null, "tmin": 0.0, "tmax": 4.0, "prcp_d0": 0.0, "prcp_d1": 0.0, "prcp_d2": 0.0, "prcp_d3": 0.0, "prcp_d4": 0.0, "prcp_d5": 0.0, "prcp_d6": 37.5026741027832, "tmax_d0": null, "tmax_d1": null, "tmax_d2": null, "tmax_d3": null, "tmax_d4": null, "tmax_d5": null, "tmax_d6": null, "tmin_d0": null, "tmin_d1": null, "tmin_d2": null, "tmin_d3": null, "tmin_d4": null, "tmin_d5": null, "tmin_d6": null, "day_of_year": 144, "uuid": "c0926ea4-227b-4e36-a6f2-9977ab215cbd", "inat_id": 364864982}}, {"type": "Feature", "geometry": {"type": "Point", "coordinates": [-105.5014519285, 39.8160552065]}, "properties": {"species": "Fomitopsis schrenkii", "date": "2026-05-24", "location": "SH-119, Black Hawk, CO, US", "elevation": 2542.0, "land_cover_label": "Tree cover", "water_mask": false, "exclude_reason": "keep", "ndvi": null, "soil_moisture": 0.4127097165894985, "solar_exposure": 0.5510277152061462, "wind_exposure": 0.1979614943265915, "water_retention": 0.1763167232275009, "slope": 25.84585762023925, "aspect": 42.30718231201172, "num_identification_agreements": 1, "cluster": 2, "tavg": null, "tmin": 0.0, "tmax": 4.0, "prcp_d0": 0.0, "prcp_d1": 0.0, "prcp_d2": 0.0, "prcp_d3": 0.0, "prcp_d4": 0.0, "prcp_d5": 0.0, "prcp_d6": 37.5026741027832, "tmax_d0": null, "tmax_d1": null, "tmax_d2": null, "tmax_d3": null, "tmax_d4": null, "tmax_d5": null, "tmax_d6": null, "tmin_d0": null, "tmin_d1": null, "tmin_d2": null, "tmin_d3": null, "tmin_d4": null, "tmin_d5": null, "tmin_d6": null, "day_of_year": 144, "uuid": "7568e20e-ce5c-4331-8b36-039e3dbb6c97", "inat_id": 364864572}}, {"type": "Feature", "geometry": {"type": "Point", "coordinates": [-106.8272166667, 37.4836966667]}, "properties": {"species": "Fomitopsis schrenkii", "date": "2026-05-24", "location": "Creede, CO, US", "elevation": 3143.0, "land_cover_label": "Tree cover", "water_mask": false, "exclude_reason": "keep", "ndvi": null, "soil_moisture": null, "solar_exposure": null, "wind_exposure": null, "water_retention": null, "slope": null, "aspect": null, "num_identification_agreements": 1, "cluster": 0, "tavg": null, "tmin": 3.0, "tmax": 12.0, "prcp_d0": 0.0, "prcp_d1": 0.0, "prcp_d2": 0.0, "prcp_d3": 0.0, "prcp_d4": 0.0, "prcp_d5": 0.0, "prcp_d6": 4.857636451721191, "tmax_d0": null, "tmax_d1": null, "tmax_d2": null, "tmax_d3": null, "tmax_d4": null, "tmax_d5": null, "tmax_d6": null, "tmin_d0": null, "tmin_d1": null, "tmin_d2": null, "tmin_d3": null, "tmin_d4": null, "tmin_d5": null, "tmin_d6": null, "day_of_year": 144, "uuid": "0865c049-02ec-4bdf-a5db-0177b3a13b72", "inat_id": 364846051}}, {"type": "Feature", "geometry": {"type": "Point", "coordinates": [-105.4392466667, 39.8756666667]}, "properties": {"species": "Fomitopsis schrenkii", "date": "2026-05-24", "location": "Raccoon Trail, Black Hawk, CO, US", "elevation": 2829.0, "land_cover_label": "Tree cover", "water_mask": false, "exclude_reason": "keep", "ndvi": null, "soil_moisture": 0.3970428781999151, "solar_exposure": 0.648362934589386, "wind_exposure": 0.3495162725448608, "water_retention": 0.1888099759817123, "slope": 15.019713401794434, "aspect": 352.4098815917969, "num_identification_agreements": 1, "cluster": 0, "tavg": null, "tmin": 13.0, "tmax": 27.0, "prcp_d0": 0.0, "prcp_d1": 0.0, "prcp_d2": 0.0, "prcp_d3": 0.0, "prcp_d4": 0.0, "prcp_d5": 0.0, "prcp_d6": 24.46909713745117, "tmax_d0": null, "tmax_d1": null, "tmax_d2": null, "tmax_d3": null, "tmax_d4": null, "tmax_d5": null, "tmax_d6": null, "tmin_d0": null, "tmin_d1": null, "tmin_d2": null, "tmin_d3": null, "tmin_d4": null, "tmin_d5": null, "tmin_d6": null, "day_of_year": 144, "uuid": "06f0e8de-3e86-4fe2-9edb-3b5f37b9f30f", "inat_id": 364865547}}, {"type": "Feature", "geometry": {"type": "Point", "coordinates": [-105.317854586, 39.511459729]}, "properties": {"species": "Fomitopsis schrenkii", "date": "2026-05-24", "location": "Colorado, US", "elevation": 2639.0, "land_cover_label": "Tree cover", "water_mask": false, "exclude_reason": "keep", "ndvi": null, "soil_moisture": 0.3751691296614247, "solar_exposure": 0.8175293207168579, "wind_exposure": 0.3559080958366394, "water_retention": 0.2764373421669006, "slope": 6.26212215423584, "aspect": 75.68069458007812, "num_identification_agreements": 1, "cluster": 0, "tavg": null, "tmin": 10.0, "tmax": 24.4, "prcp_d0": 0.0, "prcp_d1": 0.0, "prcp_d2": 0.0, "prcp_d3": 0.0, "prcp_d4": 0.0, "prcp_d5": 0.0, "prcp_d6": 9.541476249694824, "tmax_d0": null, "tmax_d1": null, "tmax_d2": null, "tmax_d3": null, "tmax_d4": null, "tmax_d5": null, "tmax_d6": null, "tmin_d0": null, "tmin_d1": null, "tmin_d2": null, "tmin_d3": null, "tmin_d4": null, "tmin_d5": null, "tmin_d6": null, "day_of_year": 144, "uuid": "26e3cf2a-3089-418a-af55-acfd58bd0a88", "inat_id": 364868812}}, {"type": "Feature", "geometry": {"type": "Point", "coordinates": [-105.2075734357, 39.550600423]}, "properties": {"species": "Fomitopsis schrenkii", "date": "2026-05-26", "location": "Colorado, US", "elevation": 2167.0, "land_cover_label": "Tree cover", "water_mask": false, "exclude_reason": "keep", "ndvi": null, "soil_moisture": 0.3226364636563677, "solar_exposure": 0.7370927929878235, "wind_exposure": 0.2940265834331512, "water_retention": 0.283728152513504, "slope": 14.715182304382324, "aspect": 62.955177307128906, "num_identification_agreements": 1, "cluster": 0, "tavg": null, "tmin": 12.2, "tmax": 23.9, "prcp_d0": 0.5378642678260803, "prcp_d1": 2.510807514190674, "prcp_d2": 0.0, "prcp_d3": 0.0, "prcp_d4": 0.0, "prcp_d5": 2.510807514190674, "prcp_d6": 0.0, "tmax_d0": null, "tmax_d1": null, "tmax_d2": null, "tmax_d3": null, "tmax_d4": null, "tmax_d5": null, "tmax_d6": null, "tmin_d0": null, "tmin_d1": null, "tmin_d2": null, "tmin_d3": null, "tmin_d4": null, "tmin_d5": null, "tmin_d6": null, "day_of_year": 146, "uuid": "289cb179-c729-4fb6-a66b-605969bfffd6", "inat_id": 365778500}}, {"type": "Feature", "geometry": {"type": "Point", "coordinates": [-103.3945834, 43.9639316]}, "properties": {"species": "Fomitopsis schrenkii", "date": "2026-05-28", "location": "Mount Rushmore, SD, USA", "elevation": 1514.0, "land_cover_label": "Tree cover", "water_mask": false, "exclude_reason": "keep", "ndvi": null, "soil_moisture": null, "solar_exposure": null, "wind_exposure": null, "water_retention": null, "slope": null, "aspect": null, "num_identification_agreements": 1, "cluster": 0, "tavg": null, "tmin": 12.2, "tmax": 27.2, "prcp_d0": 0.0137425940483808, "prcp_d1": 0.0, "prcp_d2": 0.0266617778688669, "prcp_d3": 0.0, "prcp_d4": 0.0, "prcp_d5": 0.0, "prcp_d6": 18.43839836120605, "tmax_d0": null, "tmax_d1": null, "tmax_d2": null, "tmax_d3": null, "tmax_d4": null, "tmax_d5": null, "tmax_d6": null, "tmin_d0": null, "tmin_d1": null, "tmin_d2": null, "tmin_d3": null, "tmin_d4": null, "tmin_d5": null, "tmin_d6": null, "day_of_year": 148, "uuid": "872691d4-dca0-4675-920d-26c36e6ad22d", "inat_id": 366232358}}, {"type": "Feature", "geometry": {"type": "Point", "coordinates": [-106.817895, 39.3535716667]}, "properties": {"species": "Fomitopsis schrenkii", "date": "2026-05-30", "location": "Rocky Fork Trail, Meredith, CO, US", "elevation": 2390.0, "land_cover_label": "Tree cover", "water_mask": false, "exclude_reason": "keep", "ndvi": null, "soil_moisture": null, "solar_exposure": null, "wind_exposure": null, "water_retention": null, "slope": null, "aspect": null, "num_identification_agreements": 1, "cluster": 0, "tavg": null, "tmin": 2.2, "tmax": 16.7, "prcp_d0": 0.1509891897439956, "prcp_d1": 0.1425465941429138, "prcp_d2": 0.3974135816097259, "prcp_d3": 1.628035306930542, "prcp_d4": 1.463205337524414, "prcp_d5": 2.640683889389038, "prcp_d6": 0.0, "tmax_d0": null, "tmax_d1": null, "tmax_d2": null, "tmax_d3": null, "tmax_d4": null, "tmax_d5": null, "tmax_d6": null, "tmin_d0": null, "tmin_d1": null, "tmin_d2": null, "tmin_d3": null, "tmin_d4": null, "tmin_d5": null, "tmin_d6": null, "day_of_year": 150, "uuid": "d4051d43-ee9a-463d-99ef-005e17424c3b", "inat_id": 367339998}}, {"type": "Feature", "geometry": {"type": "Point", "coordinates": [-105.7430033333, 40.2264166667]}, "properties": {"species": "Fomitopsis schrenkii", "date": "2026-05-31", "location": "Rocky Mountain National Park, Grand Lake, CO, US", "elevation": 2874.0, "land_cover_label": "Tree cover", "water_mask": false, "exclude_reason": "keep", "ndvi": null, "soil_moisture": 0.3781716797862158, "solar_exposure": 0.9483214616775512, "wind_exposure": 0.1882784515619278, "water_retention": 0.1899948269128799, "slope": 14.769617080688477, "aspect": 202.11062622070312, "num_identification_agreements": 1, "cluster": 0, "tavg": null, "tmin": 0.0, "tmax": 17.8, "prcp_d0": 0.0921294838190078, "prcp_d1": 0.5890591144561768, "prcp_d2": 1.6666758060455322, "prcp_d3": 2.0519375801086426, "prcp_d4": 6.3540215492248535, "prcp_d5": 2.775000095367432, "prcp_d6": 0.0, "tmax_d0": null, "tmax_d1": null, "tmax_d2": null, "tmax_d3": null, "tmax_d4": null, "tmax_d5": null, "tmax_d6": null, "tmin_d0": null, "tmin_d1": null, "tmin_d2": null, "tmin_d3": null, "tmin_d4": null, "tmin_d5": null, "tmin_d6": null, "day_of_year": 151, "uuid": "2c458769-9438-430b-8ef0-55d78f8e7ba8", "inat_id": 367498559}}, {"type": "Feature", "geometry": {"type": "Point", "coordinates": [-105.563805, 38.7429366667]}, "properties": {"species": "Fomitopsis schrenkii", "date": "2026-06-01", "location": "Guffey, CO, US", "elevation": 2796.0, "land_cover_label": "Tree cover", "water_mask": false, "exclude_reason": "keep", "ndvi": null, "soil_moisture": null, "solar_exposure": null, "wind_exposure": null, "water_retention": null, "slope": null, "aspect": null, "num_identification_agreements": 1, "cluster": 0, "tavg": null, "tmin": 6.0, "tmax": 16.0, "prcp_d0": 0.0257579740136861, "prcp_d1": 3.63978483619576e-06, "prcp_d2": 0.0, "prcp_d3": 0.033485785126686, "prcp_d4": 0.6050464510917664, "prcp_d5": 6.028985977172852, "prcp_d6": 0.9928935170173644, "tmax_d0": null, "tmax_d1": null, "tmax_d2": null, "tmax_d3": null, "tmax_d4": null, "tmax_d5": null, "tmax_d6": null, "tmin_d0": null, "tmin_d1": null, "tmin_d2": null, "tmin_d3": null, "tmin_d4": null, "tmin_d5": null, "tmin_d6": null, "day_of_year": 152, "uuid": "05b49798-ebe3-4865-89e7-00de89702cb5", "inat_id": 372797390}}, {"type": "Feature", "geometry": {"type": "Point", "coordinates": [-107.8852297593, 37.9664375695]}, "properties": {"species": "Fomitopsis schrenkii", "date": "2026-06-06", "location": "Colorado, US", "elevation": 2965.0, "land_cover_label": "Tree cover", "water_mask": false, "exclude_reason": "keep", "ndvi": null, "soil_moisture": null, "solar_exposure": null, "wind_exposure": null, "water_retention": null, "slope": null, "aspect": null, "num_identification_agreements": 1, "cluster": 0, "tavg": null, "tmin": 10.0, "tmax": 22.0, "prcp_d0": 0.0, "prcp_d1": 0.0, "prcp_d2": 0.6936435699462891, "prcp_d3": 0.0, "prcp_d4": 1.4320383071899414, "prcp_d5": 0.0, "prcp_d6": 0.0, "tmax_d0": null, "tmax_d1": null, "tmax_d2": null, "tmax_d3": null, "tmax_d4": null, "tmax_d5": null, "tmax_d6": null, "tmin_d0": null, "tmin_d1": null, "tmin_d2": null, "tmin_d3": null, "tmin_d4": null, "tmin_d5": null, "tmin_d6": null, "day_of_year": 157, "uuid": "a6d83456-c3f0-40d1-a329-7aca7f71aee7", "inat_id": 372045355}}, {"type": "Feature", "geometry": {"type": "Point", "coordinates": [-105.3745206099, 39.5069627149]}, "properties": {"species": "Fomitopsis schrenkii", "date": "2026-06-06", "location": "Pine Junction Area, CO, USA", "elevation": 2696.0, "land_cover_label": "Tree cover", "water_mask": false, "exclude_reason": "keep", "ndvi": null, "soil_moisture": 0.2740270374197666, "solar_exposure": 0.969177544116974, "wind_exposure": 0.3616576194763183, "water_retention": 0.1222727000713348, "slope": 19.794002532958984, "aspect": 200.76304626464844, "num_identification_agreements": 1, "cluster": 0, "tavg": null, "tmin": 15.0, "tmax": 31.1, "prcp_d0": 0.0, "prcp_d1": 0.0, "prcp_d2": 0.4354481101036072, "prcp_d3": 8.633232116699219, "prcp_d4": 4.75206470489502, "prcp_d5": 1.6092649698257446, "prcp_d6": 0.006959144026041, "tmax_d0": null, "tmax_d1": null, "tmax_d2": null, "tmax_d3": null, "tmax_d4": null, "tmax_d5": null, "tmax_d6": null, "tmin_d0": null, "tmin_d1": null, "tmin_d2": null, "tmin_d3": null, "tmin_d4": null, "tmin_d5": null, "tmin_d6": null, "day_of_year": 157, "uuid": "f63f1e1c-f57e-4b84-8992-21136ef78802", "inat_id": 373113961}}, {"type": "Feature", "geometry": {"type": "Point", "coordinates": [-105.5998916667, 40.66993]}, "properties": {"species": "Fomitopsis schrenkii", "date": "2026-06-06", "location": "Crown Point Rd, Bellvue, CO, US", "elevation": 2695.0, "land_cover_label": "Tree cover", "water_mask": false, "exclude_reason": "keep", "ndvi": null, "soil_moisture": 0.30366046515878, "solar_exposure": 0.8369393348693848, "wind_exposure": 0.2850756645202636, "water_retention": 0.4923387467861175, "slope": 0.5115081071853638, "aspect": 52.55630493164063, "num_identification_agreements": 1, "cluster": 3, "tavg": null, "tmin": null, "tmax": null, "prcp_d0": 0.0, "prcp_d1": 0.0, "prcp_d2": 0.0, "prcp_d3": 0.0, "prcp_d4": 0.0, "prcp_d5": 0.0, "prcp_d6": 0.0568361654877662, "tmax_d0": null, "tmax_d1": null, "tmax_d2": null, "tmax_d3": null, "tmax_d4": null, "tmax_d5": null, "tmax_d6": null, "tmin_d0": null, "tmin_d1": null, "tmin_d2": null, "tmin_d3": null, "tmin_d4": null, "tmin_d5": null, "tmin_d6": null, "day_of_year": 157, "uuid": "74475f58-fc03-44e6-9167-5ca03f702da0", "inat_id": 369582309}}, {"type": "Feature", "geometry": {"type": "Point", "coordinates": [-105.3228683472, 39.5446548462]}, "properties": {"species": "Fomitopsis schrenkii", "date": "2026-06-10", "location": "Evergreen", "elevation": 2468.0, "land_cover_label": "Tree cover", "water_mask": false, "exclude_reason": "keep", "ndvi": null, "soil_moisture": 0.2040806716188568, "solar_exposure": 0.7798255085945129, "wind_exposure": 0.3136527240276336, "water_retention": 0.2140450328588485, "slope": 5.271998405456543, "aspect": 0.0, "num_identification_agreements": 1, "cluster": 0, "tavg": null, "tmin": 12.8, "tmax": 29.4, "prcp_d0": 0.0, "prcp_d1": 0.0, "prcp_d2": 13.929701805114746, "prcp_d3": 0.0, "prcp_d4": 0.0, "prcp_d5": 0.0, "prcp_d6": 0.4818469285964966, "tmax_d0": null, "tmax_d1": null, "tmax_d2": null, "tmax_d3": null, "tmax_d4": null, "tmax_d5": null, "tmax_d6": null, "tmin_d0": null, "tmin_d1": null, "tmin_d2": null, "tmin_d3": null, "tmin_d4": null, "tmin_d5": null, "tmin_d6": null, "day_of_year": 161, "uuid": "889e1033-42c4-401e-8dab-3f301f091c53", "inat_id": 370464658}}, {"type": "Feature", "geometry": {"type": "Point", "coordinates": [-105.2512665583, 38.9255532389]}, "properties": {"species": "Fomitopsis schrenkii", "date": "2026-06-10", "location": "Florissant, CO 80816, USA", "elevation": 2645.0, "land_cover_label": "Tree cover", "water_mask": false, "exclude_reason": "keep", "ndvi": null, "soil_moisture": null, "solar_exposure": null, "wind_exposure": null, "water_retention": null, "slope": null, "aspect": null, "num_identification_agreements": 1, "cluster": 0, "tavg": null, "tmin": 8.0, "tmax": 19.0, "prcp_d0": 0.0, "prcp_d1": 0.0, "prcp_d2": 5.025049209594727, "prcp_d3": 2.512524604797364, "prcp_d4": 0.0, "prcp_d5": 0.3076040148735046, "prcp_d6": 0.1429708749055862, "tmax_d0": null, "tmax_d1": null, "tmax_d2": null, "tmax_d3": null, "tmax_d4": null, "tmax_d5": null, "tmax_d6": null, "tmin_d0": null, "tmin_d1": null, "tmin_d2": null, "tmin_d3": null, "tmin_d4": null, "tmin_d5": null, "tmin_d6": null, "day_of_year": 161, "uuid": "b25df05d-77e1-4712-be36-adb9defe3006", "inat_id": 376762209}}, {"type": "Feature", "geometry": {"type": "Point", "coordinates": [-105.8639678955, 40.3966827393]}, "properties": {"species": "Fomitopsis schrenkii", "date": "2026-06-11", "location": "Rocky Mountain, Rocky Mountain National Park, Rocky Mountain National Park, Grand County, US-CO, US", "elevation": 3018.0, "land_cover_label": "Tree cover", "water_mask": false, "exclude_reason": "keep", "ndvi": null, "soil_moisture": 0.2989077551294247, "solar_exposure": 0.8646295070648193, "wind_exposure": 0.3108135163784027, "water_retention": 0.199289008975029, "slope": 12.936245918273926, "aspect": 112.21554565429688, "num_identification_agreements": 1, "cluster": 0, "tavg": null, "tmin": 5.0, "tmax": 20.7, "prcp_d0": 0.0, "prcp_d1": 5.202115535736084, "prcp_d2": 0.0, "prcp_d3": 0.0, "prcp_d4": 0.0, "prcp_d5": 0.0, "prcp_d6": 0.0, "tmax_d0": null, "tmax_d1": null, "tmax_d2": null, "tmax_d3": null, "tmax_d4": null, "tmax_d5": null, "tmax_d6": null, "tmin_d0": null, "tmin_d1": null, "tmin_d2": null, "tmin_d3": null, "tmin_d4": null, "tmin_d5": null, "tmin_d6": null, "day_of_year": 162, "uuid": "284f6d3a-893f-4b42-8681-d0b3be86aa6b", "inat_id": 370661797}}, {"type": "Feature", "geometry": {"type": "Point", "coordinates": [-105.3860633333, 39.50887]}, "properties": {"species": "Fomitopsis schrenkii", "date": "2026-06-11", "location": "Staunton State Park, Pine, CO, US", "elevation": 2616.0, "land_cover_label": "Tree cover", "water_mask": false, "exclude_reason": "keep", "ndvi": null, "soil_moisture": 0.1746413315477328, "solar_exposure": 0.904691755771637, "wind_exposure": 0.2696568667888641, "water_retention": 0.2702642977237701, "slope": 6.857025146484375, "aspect": 186.770263671875, "num_identification_agreements": 1, "cluster": 0, "tavg": null, "tmin": -5.0, "tmax": 10.0, "prcp_d0": 0.0, "prcp_d1": 0.0, "prcp_d2": 0.0, "prcp_d3": 12.807126998901367, "prcp_d4": 0.0, "prcp_d5": 0.0, "prcp_d6": 0.0, "tmax_d0": null, "tmax_d1": null, "tmax_d2": null, "tmax_d3": null, "tmax_d4": null, "tmax_d5": null, "tmax_d6": null, "tmin_d0": null, "tmin_d1": null, "tmin_d2": null, "tmin_d3": null, "tmin_d4": null, "tmin_d5": null, "tmin_d6": null, "day_of_year": 162, "uuid": "10a7ce93-83b8-4e54-a6f1-e16ca3ed8778", "inat_id": 372159417}}, {"type": "Feature", "geometry": {"type": "Point", "coordinates": [-108.1856384277, 37.5723571777]}, "properties": {"species": "Fomitopsis schrenkii", "date": "2026-06-12", "location": "Dolores", "elevation": 2474.0, "land_cover_label": "Tree cover", "water_mask": false, "exclude_reason": "keep", "ndvi": null, "soil_moisture": null, "solar_exposure": null, "wind_exposure": null, "water_retention": null, "slope": null, "aspect": null, "num_identification_agreements": 1, "cluster": 0, "tavg": null, "tmin": 7.8, "tmax": 32.2, "prcp_d0": 0.0, "prcp_d1": 0.0, "prcp_d2": 0.0, "prcp_d3": 0.0, "prcp_d4": 0.0, "prcp_d5": 0.0, "prcp_d6": 0.0, "tmax_d0": null, "tmax_d1": null, "tmax_d2": null, "tmax_d3": null, "tmax_d4": null, "tmax_d5": null, "tmax_d6": null, "tmin_d0": null, "tmin_d1": null, "tmin_d2": null, "tmin_d3": null, "tmin_d4": null, "tmin_d5": null, "tmin_d6": null, "day_of_year": 163, "uuid": "2139e4de-5a5b-4cd5-832d-1a83e2e702b9", "inat_id": 370984357}}, {"type": "Feature", "geometry": {"type": "Point", "coordinates": [-105.0624916667, 37.9817716667]}, "properties": {"species": "Fomitopsis schrenkii", "date": "2026-06-12", "location": "Custer County, US-CO, US", "elevation": 2636.0, "land_cover_label": "Tree cover", "water_mask": false, "exclude_reason": "keep", "ndvi": null, "soil_moisture": null, "solar_exposure": null, "wind_exposure": null, "water_retention": null, "slope": null, "aspect": null, "num_identification_agreements": 1, "cluster": 0, "tavg": null, "tmin": 8.0, "tmax": 35.0, "prcp_d0": 0.0, "prcp_d1": 0.0, "prcp_d2": 0.0, "prcp_d3": 0.0, "prcp_d4": 0.0, "prcp_d5": 0.0, "prcp_d6": 0.0, "tmax_d0": null, "tmax_d1": null, "tmax_d2": null, "tmax_d3": null, "tmax_d4": null, "tmax_d5": null, "tmax_d6": null, "tmin_d0": null, "tmin_d1": null, "tmin_d2": null, "tmin_d3": null, "tmin_d4": null, "tmin_d5": null, "tmin_d6": null, "day_of_year": 163, "uuid": "215edc09-69d4-4bcb-b65a-3ac460ac92c4", "inat_id": 371108337}}, {"type": "Feature", "geometry": {"type": "Point", "coordinates": [-106.81907, 37.479705]}, "properties": {"species": "Fomitopsis schrenkii", "date": "2026-06-20", "location": "Wolf Creek Road, Creede, CO, US", "elevation": 3225.0, "land_cover_label": "Tree cover", "water_mask": false, "exclude_reason": "keep", "ndvi": null, "soil_moisture": null, "solar_exposure": null, "wind_exposure": null, "water_retention": null, "slope": null, "aspect": null, "num_identification_agreements": 1, "cluster": 0, "tavg": null, "tmin": 7.0, "tmax": 15.0, "prcp_d0": 0.0, "prcp_d1": 0.0, "prcp_d2": 0.0, "prcp_d3": 0.0, "prcp_d4": 0.0, "prcp_d5": 0.0, "prcp_d6": 0.0, "tmax_d0": null, "tmax_d1": null, "tmax_d2": null, "tmax_d3": null, "tmax_d4": null, "tmax_d5": null, "tmax_d6": null, "tmin_d0": null, "tmin_d1": null, "tmin_d2": null, "tmin_d3": null, "tmin_d4": null, "tmin_d5": null, "tmin_d6": null, "day_of_year": 171, "uuid": "ab7c62a4-57f3-4af5-ad06-20d7778499cb", "inat_id": 373756144}}, {"type": "Feature", "geometry": {"type": "Point", "coordinates": [-107.1228638333, 37.4431216667]}, "properties": {"species": "Fomitopsis schrenkii", "date": "2026-06-27", "location": "County Road 634, Creede, CO, US", "elevation": 2653.0, "land_cover_label": "Tree cover", "water_mask": false, "exclude_reason": "keep", "ndvi": null, "soil_moisture": null, "solar_exposure": null, "wind_exposure": null, "water_retention": null, "slope": null, "aspect": null, "num_identification_agreements": 1, "cluster": 0, "tavg": null, "tmin": 8.0, "tmax": 27.0, "prcp_d0": 0.0, "prcp_d1": 7.501729965209961, "prcp_d2": 0.0, "prcp_d3": 0.0, "prcp_d4": 0.0, "prcp_d5": 0.0, "prcp_d6": 0.0, "tmax_d0": null, "tmax_d1": null, "tmax_d2": null, "tmax_d3": null, "tmax_d4": null, "tmax_d5": null, "tmax_d6": null, "tmin_d0": null, "tmin_d1": null, "tmin_d2": null, "tmin_d3": null, "tmin_d4": null, "tmin_d5": null, "tmin_d6": null, "day_of_year": 178, "uuid": "aa6a3e8b-9d08-4350-8897-015821556f58", "inat_id": 376255210}}, {"type": "Feature", "geometry": {"type": "Point", "coordinates": [-105.2442310997, 39.464176]}, "properties": {"species": "Fomitopsis schrenkii", "date": "2026-06-30", "location": "Pleasant Park Corridor, CO, USA", "elevation": 2307.0, "land_cover_label": "Tree cover", "water_mask": false, "exclude_reason": "keep", "ndvi": null, "soil_moisture": 0.1690817225191239, "solar_exposure": 0.6911993622779846, "wind_exposure": 0.2389000803232193, "water_retention": 0.2886640727519989, "slope": 12.056002616882324, "aspect": 7.628593921661377, "num_identification_agreements": 2, "cluster": 0, "tavg": null, "tmin": 12.2, "tmax": 31.7, "prcp_d0": 0.0, "prcp_d1": 0.0, "prcp_d2": 0.0, "prcp_d3": 0.0, "prcp_d4": 0.0, "prcp_d5": 0.0, "prcp_d6": 0.0, "tmax_d0": null, "tmax_d1": null, "tmax_d2": null, "tmax_d3": null, "tmax_d4": null, "tmax_d5": null, "tmax_d6": null, "tmin_d0": null, "tmin_d1": null, "tmin_d2": null, "tmin_d3": null, "tmin_d4": null, "tmin_d5": null, "tmin_d6": null, "day_of_year": 181, "uuid": "0c14b2b2-f3ad-4fbb-940d-3b4b1d5de1ef", "inat_id": 377005419}}, {"type": "Feature", "geometry": {"type": "Point", "coordinates": [-105.687125, 35.7454555556]}, "properties": {"species": "Fomitopsis schrenkii", "date": "2026-07-04", "location": "Tererro, NM 87573, USA", "elevation": 2407.0, "land_cover_label": "Tree cover", "water_mask": false, "exclude_reason": "keep", "ndvi": null, "soil_moisture": null, "solar_exposure": null, "wind_exposure": null, "water_retention": null, "slope": null, "aspect": null, "num_identification_agreements": 1, "cluster": 0, "tavg": null, "tmin": 12.2, "tmax": 32.2, "prcp_d0": 7.29459285736084, "prcp_d1": 0.0, "prcp_d2": 0.0, "prcp_d3": 0.0, "prcp_d4": 0.0, "prcp_d5": 0.0, "prcp_d6": 0.0, "tmax_d0": null, "tmax_d1": null, "tmax_d2": null, "tmax_d3": null, "tmax_d4": null, "tmax_d5": null, "tmax_d6": null, "tmin_d0": null, "tmin_d1": null, "tmin_d2": null, "tmin_d3": null, "tmin_d4": null, "tmin_d5": null, "tmin_d6": null, "day_of_year": 185, "uuid": "23c09aba-d930-497f-a63b-4ef5a0197d7d", "inat_id": 378239201}}, {"type": "Feature", "geometry": {"type": "Point", "coordinates": [-105.1052539576, 36.4245065969]}, "properties": {"species": "Fomitopsis schrenkii", "date": "2026-07-14", "location": "Colfax County, US-NM, US", "elevation": 2865.0, "land_cover_label": "Tree cover", "water_mask": false, "exclude_reason": "keep", "ndvi": null, "soil_moisture": null, "solar_exposure": null, "wind_exposure": null, "water_retention": null, "slope": null, "aspect": null, "num_identification_agreements": 1, "cluster": 0, "tavg": null, "tmin": 2.8, "tmax": 27.0, "prcp_d0": 0.0, "prcp_d1": 0.0, "prcp_d2": 0.0, "prcp_d3": 0.0, "prcp_d4": 0.0, "prcp_d5": 0.0, "prcp_d6": 0.0, "tmax_d0": null, "tmax_d1": null, "tmax_d2": null, "tmax_d3": null, "tmax_d4": null, "tmax_d5": null, "tmax_d6": null, "tmin_d0": null, "tmin_d1": null, "tmin_d2": null, "tmin_d3": null, "tmin_d4": null, "tmin_d5": null, "tmin_d6": null, "day_of_year": 195, "uuid": "918ed3e2-4746-4223-aac3-2f5ae240fa27", "inat_id": 383304784}}, {"type": "Feature", "geometry": {"type": "Point", "coordinates": [-105.1052539576, 36.4245065969]}, "properties": {"species": "Fomitopsis schrenkii", "date": "2026-07-14", "location": "Colfax County, US-NM, US", "elevation": 2865.0, "land_cover_label": "Tree cover", "water_mask": false, "exclude_reason": "keep", "ndvi": null, "soil_moisture": null, "solar_exposure": null, "wind_exposure": null, "water_retention": null, "slope": null, "aspect": null, "num_identification_agreements": 1, "cluster": 0, "tavg": null, "tmin": 2.8, "tmax": 27.0, "prcp_d0": 0.0, "prcp_d1": 0.0, "prcp_d2": 0.0, "prcp_d3": 0.0, "prcp_d4": 0.0, "prcp_d5": 0.0, "prcp_d6": 0.0, "tmax_d0": null, "tmax_d1": null, "tmax_d2": null, "tmax_d3": null, "tmax_d4": null, "tmax_d5": null, "tmax_d6": null, "tmin_d0": null, "tmin_d1": null, "tmin_d2": null, "tmin_d3": null, "tmin_d4": null, "tmin_d5": null, "tmin_d6": null, "day_of_year": 195, "uuid": "08785b61-4465-4a3b-af00-4f079884eb3a", "inat_id": 383304743}}, {"type": "Feature", "geometry": {"type": "Point", "coordinates": [-105.1052539576, 36.4245065969]}, "properties": {"species": "Fomitopsis schrenkii", "date": "2026-07-14", "location": "Colfax County, US-NM, US", "elevation": 2865.0, "land_cover_label": "Tree cover", "water_mask": false, "exclude_reason": "keep", "ndvi": null, "soil_moisture": null, "solar_exposure": null, "wind_exposure": null, "water_retention": null, "slope": null, "aspect": null, "num_identification_agreements": 1, "cluster": 0, "tavg": null, "tmin": 2.8, "tmax": 27.0, "prcp_d0": 0.0, "prcp_d1": 0.0, "prcp_d2": 0.0, "prcp_d3": 0.0, "prcp_d4": 0.0, "prcp_d5": 0.0, "prcp_d6": 0.0, "tmax_d0": null, "tmax_d1": null, "tmax_d2": null, "tmax_d3": null, "tmax_d4": null, "tmax_d5": null, "tmax_d6": null, "tmin_d0": null, "tmin_d1": null, "tmin_d2": null, "tmin_d3": null, "tmin_d4": null, "tmin_d5": null, "tmin_d6": null, "day_of_year": 195, "uuid": "53ae2427-cfb5-426f-8fb1-b8033676aeb2", "inat_id": 383304828}}, {"type": "Feature", "geometry": {"type": "Point", "coordinates": [-107.1842156212, 37.5598284974]}, "properties": {"species": "Fomitopsis schrenkii", "date": "2026-07-15", "location": "San Juan National Forest - Headquarters, Pagosa Springs, CO, US", "elevation": 2735.0, "land_cover_label": "Tree cover", "water_mask": false, "exclude_reason": "keep", "ndvi": null, "soil_moisture": null, "solar_exposure": null, "wind_exposure": null, "water_retention": null, "slope": null, "aspect": null, "num_identification_agreements": 2, "cluster": 0, "tavg": null, "tmin": 11.0, "tmax": 27.0, "prcp_d0": 0.0, "prcp_d1": 0.0, "prcp_d2": 0.0, "prcp_d3": 0.0, "prcp_d4": 0.0, "prcp_d5": 0.0, "prcp_d6": 0.0, "tmax_d0": null, "tmax_d1": null, "tmax_d2": null, "tmax_d3": null, "tmax_d4": null, "tmax_d5": null, "tmax_d6": null, "tmin_d0": null, "tmin_d1": null, "tmin_d2": null, "tmin_d3": null, "tmin_d4": null, "tmin_d5": null, "tmin_d6": null, "day_of_year": 196, "uuid": "d891e765-d19b-4a99-97ed-624f6c07f515", "inat_id": 382130683}}, {"type": "Feature", "geometry": {"type": "Point", "coordinates": [-106.7656250934, 36.114745966]}, "properties": {"species": "Fomitopsis schrenkii", "date": "2026-07-26", "location": "Rio Arriba County, US-NM, US", "elevation": 2825.0, "land_cover_label": "Tree cover", "water_mask": false, "exclude_reason": "keep", "ndvi": null, "soil_moisture": null, "solar_exposure": null, "wind_exposure": null, "water_retention": null, "slope": null, "aspect": null, "num_identification_agreements": 1, "cluster": 0, "tavg": null, "tmin": null, "tmax": null, "prcp_d0": 12.51219654083252, "prcp_d1": 0.0, "prcp_d2": 0.0, "prcp_d3": 0.0, "prcp_d4": 0.0, "prcp_d5": 0.0, "prcp_d6": 0.0, "tmax_d0": null, "tmax_d1": null, "tmax_d2": null, "tmax_d3": null, "tmax_d4": null, "tmax_d5": null, "tmax_d6": null, "tmin_d0": null, "tmin_d1": null, "tmin_d2": null, "tmin_d3": null, "tmin_d4": null, "tmin_d5": null, "tmin_d6": null, "day_of_year": 207, "uuid": "b1033b2a-d8b9-403e-b68c-7e2a011adb08", "inat_id": 385939827}}, {"type": "Feature", "geometry": {"type": "Point", "coordinates": [-107.8744386212, 37.9121710243]}, "properties": {"species": "Fomitopsis schrenkii", "date": "2026-07-29", "location": "Grand Mesa Uncompahgre and Gunnison National Forests, Telluride, CO, US", "elevation": 3027.0, "land_cover_label": "Tree cover", "water_mask": false, "exclude_reason": "keep", "ndvi": null, "soil_moisture": null, "solar_exposure": null, "wind_exposure": null, "water_retention": null, "slope": null, "aspect": null, "num_identification_agreements": 1, "cluster": 1, "tavg": null, "tmin": 12.0, "tmax": 25.0, "prcp_d0": 0.0, "prcp_d1": 18.350027084350582, "prcp_d2": 18.350027084350582, "prcp_d3": 18.350027084350582, "prcp_d4": 0.0, "prcp_d5": 20.243167877197266, "prcp_d6": 0.0, "tmax_d0": null, "tmax_d1": null, "tmax_d2": null, "tmax_d3": null, "tmax_d4": null, "tmax_d5": null, "tmax_d6": null, "tmin_d0": null, "tmin_d1": null, "tmin_d2": null, "tmin_d3": null, "tmin_d4": null, "tmin_d5": null, "tmin_d6": null, "day_of_year": 210, "uuid": "aabfd173-1cef-4811-b1e4-37e229109830", "inat_id": 386411685}}, {"type": "Feature", "geometry": {"type": "Point", "coordinates": [-105.5281, 36.132125]}, "properties": {"species": "Fomitopsis schrenkii", "date": "2026-08-01", "location": "Vadito, NM 87579, USA", "elevation": 2596.0, "land_cover_label": "Tree cover", "water_mask": false, "exclude_reason": "keep", "ndvi": null, "soil_moisture": null, "solar_exposure": null, "wind_exposure": null, "water_retention": null, "slope": null, "aspect": null, "num_identification_agreements": 1, "cluster": 0, "tavg": null, "tmin": 14.5, "tmax": 29.6, "prcp_d0": null, "prcp_d1": 0.0, "prcp_d2": 0.0, "prcp_d3": 8.403246879577637, "prcp_d4": 8.403246879577637, "prcp_d5": 4.201623439788818, "prcp_d6": 0.0, "tmax_d0": null, "tmax_d1": null, "tmax_d2": null, "tmax_d3": null, "tmax_d4": null, "tmax_d5": null, "tmax_d6": null, "tmin_d0": null, "tmin_d1": null, "tmin_d2": null, "tmin_d3": null, "tmin_d4": null, "tmin_d5": null, "tmin_d6": null, "day_of_year": 213, "uuid": "d1c2e743-fdd1-48b9-bef4-651b4159c3b8", "inat_id": 387283918}}, {"type": "Feature", "geometry": {"type": "Point", "coordinates": [-105.5310027778, 36.1259388889]}, "properties": {"species": "Fomitopsis schrenkii", "date": "2026-08-01", "location": "Vadito, NM 87579, USA", "elevation": 2653.0, "land_cover_label": "Tree cover", "water_mask": false, "exclude_reason": "keep", "ndvi": null, "soil_moisture": null, "solar_exposure": null, "wind_exposure": null, "water_retention": null, "slope": null, "aspect": null, "num_identification_agreements": 1, "cluster": 0, "tavg": null, "tmin": 14.5, "tmax": 29.6, "prcp_d0": null, "prcp_d1": 0.0, "prcp_d2": 0.0, "prcp_d3": 8.403246879577637, "prcp_d4": 8.403246879577637, "prcp_d5": 4.201623439788818, "prcp_d6": 0.0, "tmax_d0": null, "tmax_d1": null, "tmax_d2": null, "tmax_d3": null, "tmax_d4": null, "tmax_d5": null, "tmax_d6": null, "tmin_d0": null, "tmin_d1": null, "tmin_d2": null, "tmin_d3": null, "tmin_d4": null, "tmin_d5": null, "tmin_d6": null, "day_of_year": 213, "uuid": "822bf430-ee6e-4adb-b821-e9b5da9347eb", "inat_id": 387285778}}, {"type": "Feature", "geometry": {"type": "Point", "coordinates": [-105.5282822996, 36.1316026436]}, "properties": {"species": "Fomitopsis schrenkii", "date": "2026-08-01", "location": "Vadito, NM 87579, USA", "elevation": 2596.0, "land_cover_label": "Tree cover", "water_mask": false, "exclude_reason": "keep", "ndvi": null, "soil_moisture": null, "solar_exposure": null, "wind_exposure": null, "water_retention": null, "slope": null, "aspect": null, "num_identification_agreements": 1, "cluster": 0, "tavg": null, "tmin": 14.5, "tmax": 29.6, "prcp_d0": null, "prcp_d1": 0.0, "prcp_d2": 0.0, "prcp_d3": 8.403246879577637, "prcp_d4": 8.403246879577637, "prcp_d5": 4.201623439788818, "prcp_d6": 0.0, "tmax_d0": null, "tmax_d1": null, "tmax_d2": null, "tmax_d3": null, "tmax_d4": null, "tmax_d5": null, "tmax_d6": null, "tmin_d0": null, "tmin_d1": null, "tmin_d2": null, "tmin_d3": null, "tmin_d4": null, "tmin_d5": null, "tmin_d6": null, "day_of_year": 213, "uuid": "b8a24e9b-f049-4fe2-9a35-91829680bdc8", "inat_id": 387290836}}, {"type": "Feature", "geometry": {"type": "Point", "coordinates": [-105.496190019, 36.1143838625]}, "properties": {"species": "Fomitopsis schrenkii", "date": "2026-08-01", "location": "Agua Sarca Trail, Vadito, NM, US", "elevation": 2657.0, "land_cover_label": "Tree cover", "water_mask": false, "exclude_reason": "keep", "ndvi": null, "soil_moisture": null, "solar_exposure": null, "wind_exposure": null, "water_retention": null, "slope": null, "aspect": null, "num_identification_agreements": 1, "cluster": 0, "tavg": null, "tmin": 8.7, "tmax": 24.1, "prcp_d0": null, "prcp_d1": 0.0, "prcp_d2": 0.0, "prcp_d3": 10.252366065979004, "prcp_d4": 10.252366065979004, "prcp_d5": 0.0, "prcp_d6": 0.0, "tmax_d0": null, "tmax_d1": null, "tmax_d2": null, "tmax_d3": null, "tmax_d4": null, "tmax_d5": null, "tmax_d6": null, "tmin_d0": null, "tmin_d1": null, "tmin_d2": null, "tmin_d3": null, "tmin_d4": null, "tmin_d5": null, "tmin_d6": null, "day_of_year": 213, "uuid": "47986e4d-f48a-4b98-8065-075561552718", "inat_id": 387340979}}, {"type": "Feature", "geometry": {"type": "Point", "coordinates": [-105.5293772997, 36.1270434997]}, "properties": {"species": "Fomitopsis schrenkii", "date": "2026-08-01", "location": "Vadito, NM 87579, USA", "elevation": 2653.0, "land_cover_label": "Tree cover", "water_mask": false, "exclude_reason": "keep", "ndvi": null, "soil_moisture": null, "solar_exposure": null, "wind_exposure": null, "water_retention": null, "slope": null, "aspect": null, "num_identification_agreements": 1, "cluster": 0, "tavg": null, "tmin": 14.5, "tmax": 29.6, "prcp_d0": null, "prcp_d1": 0.0, "prcp_d2": 0.0, "prcp_d3": 8.403246879577637, "prcp_d4": 8.403246879577637, "prcp_d5": 4.201623439788818, "prcp_d6": 0.0, "tmax_d0": null, "tmax_d1": null, "tmax_d2": null, "tmax_d3": null, "tmax_d4": null, "tmax_d5": null, "tmax_d6": null, "tmin_d0": null, "tmin_d1": null, "tmin_d2": null, "tmin_d3": null, "tmin_d4": null, "tmin_d5": null, "tmin_d6": null, "day_of_year": 213, "uuid": "2eed5fc5-40c5-43f4-a00d-7e67a80683cf", "inat_id": 387287439}}, {"type": "Feature", "geometry": {"type": "Point", "coordinates": [-106.5347533333, 35.8202466667]}, "properties": {"species": "Fomitopsis schrenkii", "date": "2026-08-08", "location": "Jemez National Recreation Area, Jemez Springs, NM, US", "elevation": 2583.0, "land_cover_label": "Tree cover", "water_mask": false, "exclude_reason": "keep", "ndvi": null, "soil_moisture": null, "solar_exposure": null, "wind_exposure": null, "water_retention": null, "slope": null, "aspect": null, "num_identification_agreements": 1, "cluster": null, "tavg": null, "tmin": 16.7, "tmax": 31.2, "prcp_d0": null, "prcp_d1": null, "prcp_d2": null, "prcp_d3": null, "prcp_d4": null, "prcp_d5": null, "prcp_d6": null, "tmax_d0": null, "tmax_d1": null, "tmax_d2": null, "tmax_d3": null, "tmax_d4": null, "tmax_d5": null, "tmax_d6": null, "tmin_d0": null, "tmin_d1": null, "tmin_d2": null, "tmin_d3": null, "tmin_d4": null, "tmin_d5": null, "tmin_d6": null, "day_of_year": 220, "uuid": "89d84c76-dfc4-4c04-80b6-600db9ca1a39", "inat_id": 390659459}}, {"type": "Feature", "geometry": {"type": "Point", "coordinates": [-106.5334083333, 35.8187033333]}, "properties": {"species": "Fomitopsis schrenkii", "date": "2026-08-08", "location": "East Fork Jemez River, Jemez Springs, NM, US", "elevation": 2620.0, "land_cover_label": "Tree cover", "water_mask": false, "exclude_reason": "keep", "ndvi": null, "soil_moisture": null, "solar_exposure": null, "wind_exposure": null, "water_retention": null, "slope": null, "aspect": null, "num_identification_agreements": 1, "cluster": null, "tavg": null, "tmin": 16.7, "tmax": 31.2, "prcp_d0": null, "prcp_d1": null, "prcp_d2": null, "prcp_d3": null, "prcp_d4": null, "prcp_d5": null, "prcp_d6": null, "tmax_d0": null, "tmax_d1": null, "tmax_d2": null, "tmax_d3": null, "tmax_d4": null, "tmax_d5": null, "tmax_d6": null, "tmin_d0": null, "tmin_d1": null, "tmin_d2": null, "tmin_d3": null, "tmin_d4": null, "tmin_d5": null, "tmin_d6": null, "day_of_year": 220, "uuid": "4187c0b7-b5bb-4637-81cc-47a5f753bbeb", "inat_id": 390657009}}, {"type": "Feature", "geometry": {"type": "Point", "coordinates": [-107.9346366992, 37.7849224234]}, "properties": {"species": "Fomitopsis schrenkii", "date": "2026-08-09", "location": "Dolores County, US-CO, US", "elevation": 3182.0, "land_cover_label": "Tree cover", "water_mask": false, "exclude_reason": "keep", "ndvi": null, "soil_moisture": null, "solar_exposure": null, "wind_exposure": null, "water_retention": null, "slope": null, "aspect": null, "num_identification_agreements": 1, "cluster": null, "tavg": null, "tmin": 13.0, "tmax": 27.0, "prcp_d0": null, "prcp_d1": null, "prcp_d2": null, "prcp_d3": null, "prcp_d4": null, "prcp_d5": null, "prcp_d6": null, "tmax_d0": null, "tmax_d1": null, "tmax_d2": null, "tmax_d3": null, "tmax_d4": null, "tmax_d5": null, "tmax_d6": null, "tmin_d0": null, "tmin_d1": null, "tmin_d2": null, "tmin_d3": null, "tmin_d4": null, "tmin_d5": null, "tmin_d6": null, "day_of_year": 221, "uuid": "19b41b79-84f0-4266-94c0-e5c3af7198a0", "inat_id": 389873238}}, {"type": "Feature", "geometry": {"type": "Point", "coordinates": [-106.3987309579, 35.8968535066]}, "properties": {"species": "Fomitopsis schrenkii", "date": "2026-08-09", "location": "Los Alamos County, NM, USA", "elevation": 2887.0, "land_cover_label": "Tree cover", "water_mask": false, "exclude_reason": "keep", "ndvi": null, "soil_moisture": null, "solar_exposure": null, "wind_exposure": null, "water_retention": null, "slope": null, "aspect": null, "num_identification_agreements": 2, "cluster": null, "tavg": null, "tmin": 20.2, "tmax": 32.3, "prcp_d0": null, "prcp_d1": null, "prcp_d2": null, "prcp_d3": null, "prcp_d4": null, "prcp_d5": null, "prcp_d6": null, "tmax_d0": null, "tmax_d1": null, "tmax_d2": null, "tmax_d3": null, "tmax_d4": null, "tmax_d5": null, "tmax_d6": null, "tmin_d0": null, "tmin_d1": null, "tmin_d2": null, "tmin_d3": null, "tmin_d4": null, "tmin_d5": null, "tmin_d6": null, "day_of_year": 221, "uuid": "320a3bf2-66a0-40f6-abe7-2eefaf684ee1", "inat_id": 389713130}}]}