{"type": "FeatureCollection", "features": [{"type": "Feature", "geometry": {"type": "Point", "coordinates": [-122.0900753942, 45.5301836177]}, "properties": {"species": "Ganoderma oregonense", "date": "2016-09-19", "location": "Multnomah County, OR, USA", "elevation": 1212.0, "land_cover_label": "Tree cover", "water_mask": false, "exclude_reason": "keep", "ndvi": null, "soil_moisture": null, "solar_exposure": null, "wind_exposure": null, "water_retention": null, "slope": null, "aspect": null, "num_identification_agreements": 2, "cluster": 2, "tavg": null, "tmin": 10.6, "tmax": 19.4, "prcp_d0": 0.0, "prcp_d1": 5.2046332359313965, "prcp_d2": 9.135275840759276, "prcp_d3": 0.0, "prcp_d4": 0.0, "prcp_d5": 0.0, "prcp_d6": 0.0, "tmax_d0": null, "tmax_d1": null, "tmax_d2": null, "tmax_d3": null, "tmax_d4": null, "tmax_d5": null, "tmax_d6": null, "tmin_d0": null, "tmin_d1": null, "tmin_d2": null, "tmin_d3": null, "tmin_d4": null, "tmin_d5": null, "tmin_d6": null, "day_of_year": 263, "uuid": "89fabb2d-d81f-4608-97ec-94f913962e16", "inat_id": 103570582}}, {"type": "Feature", "geometry": {"type": "Point", "coordinates": [-121.7553944444, 45.149925]}, "properties": {"species": "Ganoderma oregonense", "date": "2017-09-25", "location": "Clackamas County, OR, USA", "elevation": 1018.0, "land_cover_label": "Tree cover", "water_mask": false, "exclude_reason": "keep", "ndvi": null, "soil_moisture": null, "solar_exposure": null, "wind_exposure": null, "water_retention": null, "slope": null, "aspect": null, "num_identification_agreements": 3, "cluster": 2, "tavg": null, "tmin": null, "tmax": null, "prcp_d0": 0.0, "prcp_d1": 0.0, "prcp_d2": 0.0, "prcp_d3": 0.0, "prcp_d4": 5.748755931854248, "prcp_d5": 10.894681930541992, "prcp_d6": 6.309070110321045, "tmax_d0": null, "tmax_d1": null, "tmax_d2": null, "tmax_d3": null, "tmax_d4": null, "tmax_d5": null, "tmax_d6": null, "tmin_d0": null, "tmin_d1": null, "tmin_d2": null, "tmin_d3": null, "tmin_d4": null, "tmin_d5": null, "tmin_d6": null, "day_of_year": 268, "uuid": "626e0e03-76c3-4976-8a3d-31bdaddc5de3", "inat_id": 65514407}}, {"type": "Feature", "geometry": {"type": "Point", "coordinates": [-122.1128, 45.3226383333]}, "properties": {"species": "Ganoderma oregonense", "date": "2017-12-05", "location": "Mt. Hood National Forest, Sandy, OR, US", "elevation": 734.0, "land_cover_label": "Tree cover", "water_mask": false, "exclude_reason": "keep", "ndvi": null, "soil_moisture": null, "solar_exposure": null, "wind_exposure": null, "water_retention": null, "slope": null, "aspect": null, "num_identification_agreements": 2, "cluster": 2, "tavg": null, "tmin": 2.2, "tmax": 9.4, "prcp_d0": 0.0, "prcp_d1": 0.0, "prcp_d2": 0.0, "prcp_d3": 12.897360801696776, "prcp_d4": 12.897360801696776, "prcp_d5": 0.0, "prcp_d6": 0.0, "tmax_d0": null, "tmax_d1": null, "tmax_d2": null, "tmax_d3": null, "tmax_d4": null, "tmax_d5": null, "tmax_d6": null, "tmin_d0": null, "tmin_d1": null, "tmin_d2": null, "tmin_d3": null, "tmin_d4": null, "tmin_d5": null, "tmin_d6": null, "day_of_year": 339, "uuid": "4b501fa9-662b-469f-a128-48a922ddfc4f", "inat_id": 9073070}}, {"type": "Feature", "geometry": {"type": "Point", "coordinates": [-122.0804528333, 45.31703]}, "properties": {"species": "Ganoderma oregonense", "date": "2018-06-26", "location": "Mt. Hood National Forest, Estacada, OR, US", "elevation": 944.0, "land_cover_label": "Tree cover", "water_mask": false, "exclude_reason": "keep", "ndvi": null, "soil_moisture": null, "solar_exposure": null, "wind_exposure": null, "water_retention": null, "slope": null, "aspect": null, "num_identification_agreements": 2, "cluster": 2, "tavg": null, "tmin": 11.7, "tmax": 24.4, "prcp_d0": 0.0, "prcp_d1": 0.0, "prcp_d2": 0.0, "prcp_d3": 0.0, "prcp_d4": 0.0, "prcp_d5": 18.34483337402344, "prcp_d6": 15.089788436889648, "tmax_d0": null, "tmax_d1": null, "tmax_d2": null, "tmax_d3": null, "tmax_d4": null, "tmax_d5": null, "tmax_d6": null, "tmin_d0": null, "tmin_d1": null, "tmin_d2": null, "tmin_d3": null, "tmin_d4": null, "tmin_d5": null, "tmin_d6": null, "day_of_year": 177, "uuid": "80c3daa2-2adb-48b9-9231-8f85787f31bc", "inat_id": 13816025}}, {"type": "Feature", "geometry": {"type": "Point", "coordinates": [-121.8641112594, 45.2568566052]}, "properties": {"species": "Ganoderma oregonense", "date": "2018-08-10", "location": "Oregon, US", "elevation": 1334.0, "land_cover_label": "Tree cover", "water_mask": false, "exclude_reason": "keep", "ndvi": null, "soil_moisture": null, "solar_exposure": null, "wind_exposure": null, "water_retention": null, "slope": null, "aspect": null, "num_identification_agreements": 1, "cluster": 2, "tavg": null, "tmin": null, "tmax": null, "prcp_d0": 0.0, "prcp_d1": 0.0, "prcp_d2": 0.0, "prcp_d3": 0.0, "prcp_d4": 0.0, "prcp_d5": 0.0, "prcp_d6": 0.0, "tmax_d0": null, "tmax_d1": null, "tmax_d2": null, "tmax_d3": null, "tmax_d4": null, "tmax_d5": null, "tmax_d6": null, "tmin_d0": null, "tmin_d1": null, "tmin_d2": null, "tmin_d3": null, "tmin_d4": null, "tmin_d5": null, "tmin_d6": null, "day_of_year": 222, "uuid": "d33f910e-5509-4e3c-a444-acd272715ce8", "inat_id": 15310960}}, {"type": "Feature", "geometry": {"type": "Point", "coordinates": [-121.9547344744, 45.3214964687]}, "properties": {"species": "Ganoderma oregonense", "date": "2018-08-25", "location": "Welches, Mt Hood Village, OR 97067, USA", "elevation": 425.0, "land_cover_label": "Tree cover", "water_mask": false, "exclude_reason": "keep", "ndvi": null, "soil_moisture": null, "solar_exposure": null, "wind_exposure": null, "water_retention": null, "slope": null, "aspect": null, "num_identification_agreements": 2, "cluster": 2, "tavg": null, "tmin": 9.4, "tmax": 21.1, "prcp_d0": 0.0, "prcp_d1": 0.0, "prcp_d2": 0.0, "prcp_d3": 0.0, "prcp_d4": 0.0, "prcp_d5": 0.0, "prcp_d6": 0.0, "tmax_d0": null, "tmax_d1": null, "tmax_d2": null, "tmax_d3": null, "tmax_d4": null, "tmax_d5": null, "tmax_d6": null, "tmin_d0": null, "tmin_d1": null, "tmin_d2": null, "tmin_d3": null, "tmin_d4": null, "tmin_d5": null, "tmin_d6": null, "day_of_year": 237, "uuid": "dee14848-2b0c-4e24-a25e-883ea2347d1e", "inat_id": 77999413}}, {"type": "Feature", "geometry": {"type": "Point", "coordinates": [-121.913507916, 45.2965834345]}, "properties": {"species": "Ganoderma oregonense", "date": "2018-08-25", "location": "Zigzag, OR 97049, USA", "elevation": 1100.0, "land_cover_label": "Tree cover", "water_mask": false, "exclude_reason": "keep", "ndvi": null, "soil_moisture": null, "solar_exposure": null, "wind_exposure": null, "water_retention": null, "slope": null, "aspect": null, "num_identification_agreements": 2, "cluster": 2, "tavg": null, "tmin": 9.4, "tmax": 21.1, "prcp_d0": 0.0, "prcp_d1": 0.0, "prcp_d2": 0.0, "prcp_d3": 0.0, "prcp_d4": 0.0, "prcp_d5": 0.0, "prcp_d6": 0.0, "tmax_d0": null, "tmax_d1": null, "tmax_d2": null, "tmax_d3": null, "tmax_d4": null, "tmax_d5": null, "tmax_d6": null, "tmin_d0": null, "tmin_d1": null, "tmin_d2": null, "tmin_d3": null, "tmin_d4": null, "tmin_d5": null, "tmin_d6": null, "day_of_year": 237, "uuid": "73594976-9966-47be-aa06-199240c0261d", "inat_id": 78000368}}, {"type": "Feature", "geometry": {"type": "Point", "coordinates": [-121.795, 45.30895]}, "properties": {"species": "Ganoderma oregonense", "date": "2018-09-23", "location": "Barlow Trail, Laurel Ridge, Government Camp, Zigzag Ranger District, Mount Hood National Forest, Clackamas Co., Oregon, USA", "elevation": 1029.0, "land_cover_label": "Tree cover", "water_mask": false, "exclude_reason": "keep", "ndvi": null, "soil_moisture": null, "solar_exposure": null, "wind_exposure": null, "water_retention": null, "slope": null, "aspect": null, "num_identification_agreements": 1, "cluster": 2, "tavg": null, "tmin": null, "tmax": null, "prcp_d0": 0.0, "prcp_d1": 6.330986022949219, "prcp_d2": 0.0, "prcp_d3": 0.0, "prcp_d4": 0.0, "prcp_d5": 0.0, "prcp_d6": 0.0, "tmax_d0": null, "tmax_d1": null, "tmax_d2": null, "tmax_d3": null, "tmax_d4": null, "tmax_d5": null, "tmax_d6": null, "tmin_d0": null, "tmin_d1": null, "tmin_d2": null, "tmin_d3": null, "tmin_d4": null, "tmin_d5": null, "tmin_d6": null, "day_of_year": 266, "uuid": "1593119a-237c-409f-8e0e-01e8940f1f9a", "inat_id": 16918407}}, {"type": "Feature", "geometry": {"type": "Point", "coordinates": [-121.81, 45.31605]}, "properties": {"species": "Ganoderma oregonense", "date": "2019-07-14", "location": "SW Mount Hood, Clackamas Co., Oregon, USA", "elevation": 916.0, "land_cover_label": "Tree cover", "water_mask": false, "exclude_reason": "keep", "ndvi": null, "soil_moisture": null, "solar_exposure": null, "wind_exposure": null, "water_retention": null, "slope": null, "aspect": null, "num_identification_agreements": 1, "cluster": 2, "tavg": null, "tmin": null, "tmax": null, "prcp_d0": 0.0, "prcp_d1": 0.0, "prcp_d2": 0.0, "prcp_d3": 0.0, "prcp_d4": 6.7815046310424805, "prcp_d5": 0.0, "prcp_d6": 0.0, "tmax_d0": null, "tmax_d1": null, "tmax_d2": null, "tmax_d3": null, "tmax_d4": null, "tmax_d5": null, "tmax_d6": null, "tmin_d0": null, "tmin_d1": null, "tmin_d2": null, "tmin_d3": null, "tmin_d4": null, "tmin_d5": null, "tmin_d6": null, "day_of_year": 195, "uuid": "c8283951-cbc2-4365-a4ef-b494a3833b2a", "inat_id": 29635405}}, {"type": "Feature", "geometry": {"type": "Point", "coordinates": [-122.29904167, 45.48848333]}, "properties": {"species": "Ganoderma oregonense", "date": "2020-09-20", "location": "Oxbow Regional Park, Gresham, OR, US", "elevation": 80.0, "land_cover_label": "Tree cover", "water_mask": false, "exclude_reason": "keep", "ndvi": null, "soil_moisture": null, "solar_exposure": null, "wind_exposure": null, "water_retention": null, "slope": null, "aspect": null, "num_identification_agreements": 1, "cluster": 1, "tavg": null, "tmin": 15.6, "tmax": 24.4, "prcp_d0": 0.5740149617195129, "prcp_d1": 3.1065688133239746, "prcp_d2": 24.752769470214844, "prcp_d3": 0.0, "prcp_d4": 0.0002756244211923, "prcp_d5": 0.0, "prcp_d6": 0.0, "tmax_d0": null, "tmax_d1": null, "tmax_d2": null, "tmax_d3": null, "tmax_d4": null, "tmax_d5": null, "tmax_d6": null, "tmin_d0": null, "tmin_d1": null, "tmin_d2": null, "tmin_d3": null, "tmin_d4": null, "tmin_d5": null, "tmin_d6": null, "day_of_year": 264, "uuid": "354d6f42-3dad-4d70-a478-d386ac1b0190", "inat_id": 60280258}}, {"type": "Feature", "geometry": {"type": "Point", "coordinates": [-121.9406946128, 45.2756552618]}, "properties": {"species": "Ganoderma oregonense", "date": "2020-09-27", "location": "Clackamas County, OR, USA", "elevation": 509.0, "land_cover_label": "Tree cover", "water_mask": false, "exclude_reason": "keep", "ndvi": null, "soil_moisture": null, "solar_exposure": null, "wind_exposure": null, "water_retention": null, "slope": null, "aspect": null, "num_identification_agreements": 1, "cluster": 1, "tavg": null, "tmin": 10.6, "tmax": 24.4, "prcp_d0": 0.0, "prcp_d1": 0.0, "prcp_d2": 66.89773559570312, "prcp_d3": 0.0, "prcp_d4": 0.0, "prcp_d5": 0.0, "prcp_d6": 0.0, "tmax_d0": null, "tmax_d1": null, "tmax_d2": null, "tmax_d3": null, "tmax_d4": null, "tmax_d5": null, "tmax_d6": null, "tmin_d0": null, "tmin_d1": null, "tmin_d2": null, "tmin_d3": null, "tmin_d4": null, "tmin_d5": null, "tmin_d6": null, "day_of_year": 271, "uuid": "58e63e7a-7570-412d-bb0b-ddf3937004cb", "inat_id": 61365665}}, {"type": "Feature", "geometry": {"type": "Point", "coordinates": [-121.9406683333, 45.2752683333]}, "properties": {"species": "Ganoderma oregonense", "date": "2020-09-27", "location": "Salmon River Trail, OR, USA", "elevation": 509.0, "land_cover_label": "Tree cover", "water_mask": false, "exclude_reason": "keep", "ndvi": null, "soil_moisture": null, "solar_exposure": null, "wind_exposure": null, "water_retention": null, "slope": null, "aspect": null, "num_identification_agreements": 1, "cluster": 1, "tavg": null, "tmin": 10.6, "tmax": 24.4, "prcp_d0": 0.0, "prcp_d1": 0.0, "prcp_d2": 66.89773559570312, "prcp_d3": 0.0, "prcp_d4": 0.0, "prcp_d5": 0.0, "prcp_d6": 0.0, "tmax_d0": null, "tmax_d1": null, "tmax_d2": null, "tmax_d3": null, "tmax_d4": null, "tmax_d5": null, "tmax_d6": null, "tmin_d0": null, "tmin_d1": null, "tmin_d2": null, "tmin_d3": null, "tmin_d4": null, "tmin_d5": null, "tmin_d6": null, "day_of_year": 271, "uuid": "fb6bebbc-d9af-4816-91bc-45b210d5a8f9", "inat_id": 61356379}}, {"type": "Feature", "geometry": {"type": "Point", "coordinates": [-121.9395366667, 45.26955]}, "properties": {"species": "Ganoderma oregonense", "date": "2020-10-11", "location": "Mt. Hood National Forest, Welches, OR, US", "elevation": 559.0, "land_cover_label": "Tree cover", "water_mask": false, "exclude_reason": "keep", "ndvi": null, "soil_moisture": null, "solar_exposure": null, "wind_exposure": null, "water_retention": null, "slope": null, "aspect": null, "num_identification_agreements": 1, "cluster": 1, "tavg": null, "tmin": 11.7, "tmax": 16.1, "prcp_d0": 0.0, "prcp_d1": 25.286928176879883, "prcp_d2": 0.0, "prcp_d3": 0.0, "prcp_d4": 0.0, "prcp_d5": 0.0, "prcp_d6": 0.0, "tmax_d0": null, "tmax_d1": null, "tmax_d2": null, "tmax_d3": null, "tmax_d4": null, "tmax_d5": null, "tmax_d6": null, "tmin_d0": null, "tmin_d1": null, "tmin_d2": null, "tmin_d3": null, "tmin_d4": null, "tmin_d5": null, "tmin_d6": null, "day_of_year": 285, "uuid": "f6e3d9ce-102c-46a3-bc9d-60276c96aab1", "inat_id": 62447779}}, {"type": "Feature", "geometry": {"type": "Point", "coordinates": [-121.8124094999, 45.338881963]}, "properties": {"species": "Ganoderma oregonense", "date": "2020-10-18", "location": "Oregon, US", "elevation": 1346.0, "land_cover_label": "Tree cover", "water_mask": false, "exclude_reason": "keep", "ndvi": null, "soil_moisture": null, "solar_exposure": null, "wind_exposure": null, "water_retention": null, "slope": null, "aspect": null, "num_identification_agreements": 2, "cluster": 2, "tavg": null, "tmin": null, "tmax": null, "prcp_d0": 0.0, "prcp_d1": 0.0, "prcp_d2": 0.0, "prcp_d3": 0.0, "prcp_d4": 0.0, "prcp_d5": 47.51580047607422, "prcp_d6": 0.0, "tmax_d0": null, "tmax_d1": null, "tmax_d2": null, "tmax_d3": null, "tmax_d4": null, "tmax_d5": null, "tmax_d6": null, "tmin_d0": null, "tmin_d1": null, "tmin_d2": null, "tmin_d3": null, "tmin_d4": null, "tmin_d5": null, "tmin_d6": null, "day_of_year": 292, "uuid": "e4343160-6173-4316-87b7-5ad443dff869", "inat_id": 63865867}}, {"type": "Feature", "geometry": {"type": "Point", "coordinates": [-122.2206944444, 45.5304083333]}, "properties": {"species": "Ganoderma oregonense", "date": "2020-11-20", "location": "Corbett, OR 97019, USA", "elevation": 265.0, "land_cover_label": "Tree cover", "water_mask": false, "exclude_reason": "keep", "ndvi": null, "soil_moisture": null, "solar_exposure": null, "wind_exposure": null, "water_retention": null, "slope": null, "aspect": null, "num_identification_agreements": 1, "cluster": 1, "tavg": null, "tmin": 2.8, "tmax": 11.1, "prcp_d0": 0.0, "prcp_d1": 12.937780380249023, "prcp_d2": 12.937780380249023, "prcp_d3": 51.751121520996094, "prcp_d4": 0.0, "prcp_d5": 0.0, "prcp_d6": 0.0, "tmax_d0": null, "tmax_d1": null, "tmax_d2": null, "tmax_d3": null, "tmax_d4": null, "tmax_d5": null, "tmax_d6": null, "tmin_d0": null, "tmin_d1": null, "tmin_d2": null, "tmin_d3": null, "tmin_d4": null, "tmin_d5": null, "tmin_d6": null, "day_of_year": 325, "uuid": "fd7396e7-8257-4276-801b-44f0eb447e1b", "inat_id": 65495213}}, {"type": "Feature", "geometry": {"type": "Point", "coordinates": [-122.218497922, 45.5377479814]}, "properties": {"species": "Ganoderma oregonense", "date": "2021-01-09", "location": "Multnomah County, OR, USA", "elevation": 68.0, "land_cover_label": "Tree cover", "water_mask": false, "exclude_reason": "keep", "ndvi": null, "soil_moisture": null, "solar_exposure": null, "wind_exposure": null, "water_retention": null, "slope": null, "aspect": null, "num_identification_agreements": 1, "cluster": 1, "tavg": null, "tmin": 2.8, "tmax": 7.8, "prcp_d0": 0.0, "prcp_d1": 12.711965560913086, "prcp_d2": 12.711965560913086, "prcp_d3": 16.94928550720215, "prcp_d4": 0.0, "prcp_d5": 25.3657455444336, "prcp_d6": 25.3657455444336, "tmax_d0": null, "tmax_d1": null, "tmax_d2": null, "tmax_d3": null, "tmax_d4": null, "tmax_d5": null, "tmax_d6": null, "tmin_d0": null, "tmin_d1": null, "tmin_d2": null, "tmin_d3": null, "tmin_d4": null, "tmin_d5": null, "tmin_d6": null, "day_of_year": 9, "uuid": "c4ccb355-05ef-4e3c-a65f-5309de64fcb2", "inat_id": 68424763}}, {"type": "Feature", "geometry": {"type": "Point", "coordinates": [-122.1223209722, 45.5322829722]}, "properties": {"species": "Ganoderma oregonense", "date": "2021-03-13", "location": "Cascade Locks, OR 97014, USA", "elevation": 758.0, "land_cover_label": "Tree cover", "water_mask": false, "exclude_reason": "keep", "ndvi": null, "soil_moisture": null, "solar_exposure": null, "wind_exposure": null, "water_retention": null, "slope": null, "aspect": null, "num_identification_agreements": 1, "cluster": 2, "tavg": null, "tmin": 0.6, "tmax": 17.2, "prcp_d0": 0.0, "prcp_d1": 0.0, "prcp_d2": 0.0, "prcp_d3": 0.0, "prcp_d4": 0.0, "prcp_d5": 0.0, "prcp_d6": 0.0, "tmax_d0": null, "tmax_d1": null, "tmax_d2": null, "tmax_d3": null, "tmax_d4": null, "tmax_d5": null, "tmax_d6": null, "tmin_d0": null, "tmin_d1": null, "tmin_d2": null, "tmin_d3": null, "tmin_d4": null, "tmin_d5": null, "tmin_d6": null, "day_of_year": 72, "uuid": "2e3945fb-d539-4d97-b72c-538e5919b88f", "inat_id": 71272048}}, {"type": "Feature", "geometry": {"type": "Point", "coordinates": [-122.0943916667, 45.5680916667]}, "properties": {"species": "Ganoderma oregonense", "date": "2021-03-27", "location": "Columbia River Gorge National Scenic Area, Corbett, OR, US", "elevation": 522.0, "land_cover_label": "Tree cover", "water_mask": false, "exclude_reason": "keep", "ndvi": null, "soil_moisture": null, "solar_exposure": null, "wind_exposure": null, "water_retention": null, "slope": null, "aspect": null, "num_identification_agreements": 2, "cluster": 1, "tavg": null, "tmin": 6.1, "tmax": 17.8, "prcp_d0": 0.0, "prcp_d1": 0.0, "prcp_d2": 0.0, "prcp_d3": 0.0, "prcp_d4": 0.0, "prcp_d5": 0.0, "prcp_d6": 66.28514862060547, "tmax_d0": null, "tmax_d1": null, "tmax_d2": null, "tmax_d3": null, "tmax_d4": null, "tmax_d5": null, "tmax_d6": null, "tmin_d0": null, "tmin_d1": null, "tmin_d2": null, "tmin_d3": null, "tmin_d4": null, "tmin_d5": null, "tmin_d6": null, "day_of_year": 86, "uuid": "9c577c58-a63c-4d3f-a680-9b2e9543db19", "inat_id": 72228861}}, {"type": "Feature", "geometry": {"type": "Point", "coordinates": [-121.957655, 45.3249583333]}, "properties": {"species": "Ganoderma oregonense", "date": "2021-05-05", "location": "E Welches Rd, Welches, OR, US", "elevation": 417.0, "land_cover_label": "Tree cover", "water_mask": false, "exclude_reason": "keep", "ndvi": null, "soil_moisture": null, "solar_exposure": null, "wind_exposure": null, "water_retention": null, "slope": null, "aspect": null, "num_identification_agreements": 2, "cluster": 2, "tavg": null, "tmin": 6.7, "tmax": 25.6, "prcp_d0": 0.0, "prcp_d1": 0.0, "prcp_d2": 0.0, "prcp_d3": 0.0, "prcp_d4": 16.06528663635254, "prcp_d5": 0.0, "prcp_d6": 0.0, "tmax_d0": null, "tmax_d1": null, "tmax_d2": null, "tmax_d3": null, "tmax_d4": null, "tmax_d5": null, "tmax_d6": null, "tmin_d0": null, "tmin_d1": null, "tmin_d2": null, "tmin_d3": null, "tmin_d4": null, "tmin_d5": null, "tmin_d6": null, "day_of_year": 125, "uuid": "d7234335-d972-4e14-9ec0-77eab5564095", "inat_id": 77560106}}, {"type": "Feature", "geometry": {"type": "Point", "coordinates": [-122.1948997778, 45.3732190833]}, "properties": {"species": "Ganoderma oregonense", "date": "2021-08-07", "location": "Sandy, OR 97055, USA", "elevation": 368.0, "land_cover_label": "Tree cover", "water_mask": false, "exclude_reason": "keep", "ndvi": null, "soil_moisture": null, "solar_exposure": null, "wind_exposure": null, "water_retention": null, "slope": null, "aspect": null, "num_identification_agreements": 2, "cluster": 2, "tavg": null, "tmin": 15.6, "tmax": 27.8, "prcp_d0": 0.0, "prcp_d1": 0.0, "prcp_d2": 0.0, "prcp_d3": 0.0, "prcp_d4": 0.0, "prcp_d5": 0.0, "prcp_d6": 0.0, "tmax_d0": null, "tmax_d1": null, "tmax_d2": null, "tmax_d3": null, "tmax_d4": null, "tmax_d5": null, "tmax_d6": null, "tmin_d0": null, "tmin_d1": null, "tmin_d2": null, "tmin_d3": null, "tmin_d4": null, "tmin_d5": null, "tmin_d6": null, "day_of_year": 219, "uuid": "df0f7f26-f512-4e48-977f-7bc79725b762", "inat_id": 90335388}}, {"type": "Feature", "geometry": {"type": "Point", "coordinates": [-121.9223116667, 45.26505]}, "properties": {"species": "Ganoderma oregonense", "date": "2021-08-08", "location": "Mt. Hood National Forest, Welches, OR, US", "elevation": 567.0, "land_cover_label": "Tree cover", "water_mask": false, "exclude_reason": "keep", "ndvi": null, "soil_moisture": null, "solar_exposure": null, "wind_exposure": null, "water_retention": null, "slope": null, "aspect": null, "num_identification_agreements": 1, "cluster": 2, "tavg": null, "tmin": 15.6, "tmax": 25.0, "prcp_d0": 0.0, "prcp_d1": 0.0, "prcp_d2": 0.0, "prcp_d3": 0.0, "prcp_d4": 0.0, "prcp_d5": 0.0, "prcp_d6": 0.0, "tmax_d0": null, "tmax_d1": null, "tmax_d2": null, "tmax_d3": null, "tmax_d4": null, "tmax_d5": null, "tmax_d6": null, "tmin_d0": null, "tmin_d1": null, "tmin_d2": null, "tmin_d3": null, "tmin_d4": null, "tmin_d5": null, "tmin_d6": null, "day_of_year": 220, "uuid": "fa1028d3-22e8-473a-9c8b-2ff21943f3de", "inat_id": 90469588}}, {"type": "Feature", "geometry": {"type": "Point", "coordinates": [-121.9401561, 45.2965616]}, "properties": {"species": "Ganoderma oregonense", "date": "2021-08-17", "location": "Old Salmon Riv Trail #742A, Mt Hood Village, OR 97067, USA", "elevation": 469.0, "land_cover_label": "Tree cover", "water_mask": false, "exclude_reason": "keep", "ndvi": null, "soil_moisture": null, "solar_exposure": null, "wind_exposure": null, "water_retention": null, "slope": null, "aspect": null, "num_identification_agreements": 1, "cluster": 2, "tavg": null, "tmin": 15.6, "tmax": 21.7, "prcp_d0": 0.0, "prcp_d1": 0.0, "prcp_d2": 0.0, "prcp_d3": 0.0, "prcp_d4": 0.0, "prcp_d5": 0.0, "prcp_d6": 0.0, "tmax_d0": null, "tmax_d1": null, "tmax_d2": null, "tmax_d3": null, "tmax_d4": null, "tmax_d5": null, "tmax_d6": null, "tmin_d0": null, "tmin_d1": null, "tmin_d2": null, "tmin_d3": null, "tmin_d4": null, "tmin_d5": null, "tmin_d6": null, "day_of_year": 229, "uuid": "ce6717bc-63e0-438b-8dcd-c6fc1dab636c", "inat_id": 100376234}}, {"type": "Feature", "geometry": {"type": "Point", "coordinates": [-121.929020508, 45.5823471882]}, "properties": {"species": "Ganoderma oregonense", "date": "2021-08-18", "location": "Oregon, US", "elevation": 1049.0, "land_cover_label": "Tree cover", "water_mask": false, "exclude_reason": "keep", "ndvi": null, "soil_moisture": null, "solar_exposure": null, "wind_exposure": null, "water_retention": null, "slope": null, "aspect": null, "num_identification_agreements": 1, "cluster": 2, "tavg": null, "tmin": 14.4, "tmax": 27.0, "prcp_d0": 0.0, "prcp_d1": 4.79231595993042, "prcp_d2": 0.0, "prcp_d3": 0.0, "prcp_d4": 4.237980365753174, "prcp_d5": 0.0, "prcp_d6": 0.0, "tmax_d0": null, "tmax_d1": null, "tmax_d2": null, "tmax_d3": null, "tmax_d4": null, "tmax_d5": null, "tmax_d6": null, "tmin_d0": null, "tmin_d1": null, "tmin_d2": null, "tmin_d3": null, "tmin_d4": null, "tmin_d5": null, "tmin_d6": null, "day_of_year": 230, "uuid": "e458b2cc-84f4-4cb2-804f-d493b3482b1e", "inat_id": 91801573}}, {"type": "Feature", "geometry": {"type": "Point", "coordinates": [-121.8782826057, 45.5223142882]}, "properties": {"species": "Ganoderma oregonense", "date": "2021-08-18", "location": "Oregon, US", "elevation": 1079.0, "land_cover_label": "Tree cover", "water_mask": false, "exclude_reason": "keep", "ndvi": null, "soil_moisture": null, "solar_exposure": null, "wind_exposure": null, "water_retention": null, "slope": null, "aspect": null, "num_identification_agreements": 1, "cluster": 2, "tavg": null, "tmin": 14.4, "tmax": 27.0, "prcp_d0": 0.0, "prcp_d1": 4.46636438369751, "prcp_d2": 0.0, "prcp_d3": 0.0, "prcp_d4": 3.999406576156616, "prcp_d5": 0.0, "prcp_d6": 0.0, "tmax_d0": null, "tmax_d1": null, "tmax_d2": null, "tmax_d3": null, "tmax_d4": null, "tmax_d5": null, "tmax_d6": null, "tmin_d0": null, "tmin_d1": null, "tmin_d2": null, "tmin_d3": null, "tmin_d4": null, "tmin_d5": null, "tmin_d6": null, "day_of_year": 230, "uuid": "63c4b22c-4099-4fed-bc25-c725095e4d61", "inat_id": 91811593}}, {"type": "Feature", "geometry": {"type": "Point", "coordinates": [-122.2206283333, 45.5307583333]}, "properties": {"species": "Ganoderma oregonense", "date": "2021-08-20", "location": "Latourell Creek, Corbett, OR, US", "elevation": 265.0, "land_cover_label": "Tree cover", "water_mask": false, "exclude_reason": "keep", "ndvi": null, "soil_moisture": null, "solar_exposure": null, "wind_exposure": null, "water_retention": null, "slope": null, "aspect": null, "num_identification_agreements": 1, "cluster": 2, "tavg": null, "tmin": 15.6, "tmax": 22.2, "prcp_d0": 0.0, "prcp_d1": 0.0, "prcp_d2": 0.0, "prcp_d3": 0.0, "prcp_d4": 0.0, "prcp_d5": 0.0, "prcp_d6": 4.118021488189697, "tmax_d0": null, "tmax_d1": null, "tmax_d2": null, "tmax_d3": null, "tmax_d4": null, "tmax_d5": null, "tmax_d6": null, "tmin_d0": null, "tmin_d1": null, "tmin_d2": null, "tmin_d3": null, "tmin_d4": null, "tmin_d5": null, "tmin_d6": null, "day_of_year": 232, "uuid": "d24eff6e-093c-4cff-92a6-65f57bed5122", "inat_id": 92331714}}, {"type": "Feature", "geometry": {"type": "Point", "coordinates": [-121.8151181191, 45.4920136858]}, "properties": {"species": "Ganoderma oregonense", "date": "2021-08-20", "location": "Hood River County, US-OR, US", "elevation": 1009.0, "land_cover_label": "Tree cover", "water_mask": false, "exclude_reason": "keep", "ndvi": null, "soil_moisture": null, "solar_exposure": null, "wind_exposure": null, "water_retention": null, "slope": null, "aspect": null, "num_identification_agreements": 1, "cluster": 2, "tavg": null, "tmin": 15.6, "tmax": 22.2, "prcp_d0": 5.712573051452637, "prcp_d1": 0.0, "prcp_d2": 0.0, "prcp_d3": 0.0, "prcp_d4": 0.0, "prcp_d5": 0.0, "prcp_d6": 0.0, "tmax_d0": null, "tmax_d1": null, "tmax_d2": null, "tmax_d3": null, "tmax_d4": null, "tmax_d5": null, "tmax_d6": null, "tmin_d0": null, "tmin_d1": null, "tmin_d2": null, "tmin_d3": null, "tmin_d4": null, "tmin_d5": null, "tmin_d6": null, "day_of_year": 232, "uuid": "d88c5425-cd88-4b90-a4b0-f972d47a531e", "inat_id": 92277571}}, {"type": "Feature", "geometry": {"type": "Point", "coordinates": [-121.7537478359, 45.7100528945]}, "properties": {"species": "Ganoderma oregonense", "date": "2021-08-27", "location": "Columbia River Gorge National Scenic Area, Stevenson, WA, US", "elevation": 504.0, "land_cover_label": "Tree cover", "water_mask": false, "exclude_reason": "keep", "ndvi": null, "soil_moisture": null, "solar_exposure": null, "wind_exposure": null, "water_retention": null, "slope": null, "aspect": null, "num_identification_agreements": 1, "cluster": 2, "tavg": null, "tmin": 17.8, "tmax": 26.1, "prcp_d0": 0.0, "prcp_d1": 8.216293334960938, "prcp_d2": 0.0, "prcp_d3": 0.0, "prcp_d4": 0.0, "prcp_d5": 0.0, "prcp_d6": 0.0, "tmax_d0": null, "tmax_d1": null, "tmax_d2": null, "tmax_d3": null, "tmax_d4": null, "tmax_d5": null, "tmax_d6": null, "tmin_d0": null, "tmin_d1": null, "tmin_d2": null, "tmin_d3": null, "tmin_d4": null, "tmin_d5": null, "tmin_d6": null, "day_of_year": 239, "uuid": "375848bd-da60-4c49-9d46-6861938e51ac", "inat_id": 94515299}}, {"type": "Feature", "geometry": {"type": "Point", "coordinates": [-121.7654085772, 45.3556589936]}, "properties": {"species": "Ganoderma oregonense", "date": "2021-08-29", "location": "Oregon, US", "elevation": 1492.0, "land_cover_label": "Tree cover", "water_mask": false, "exclude_reason": "keep", "ndvi": null, "soil_moisture": null, "solar_exposure": null, "wind_exposure": null, "water_retention": null, "slope": null, "aspect": null, "num_identification_agreements": 1, "cluster": 2, "tavg": null, "tmin": null, "tmax": null, "prcp_d0": 0.0, "prcp_d1": 0.0, "prcp_d2": 0.0, "prcp_d3": 11.503530502319336, "prcp_d4": 0.0, "prcp_d5": 0.0, "prcp_d6": 0.0, "tmax_d0": null, "tmax_d1": null, "tmax_d2": null, "tmax_d3": null, "tmax_d4": null, "tmax_d5": null, "tmax_d6": null, "tmin_d0": null, "tmin_d1": null, "tmin_d2": null, "tmin_d3": null, "tmin_d4": null, "tmin_d5": null, "tmin_d6": null, "day_of_year": 241, "uuid": "aa9de776-4651-4718-b89c-6608b4a5a5a8", "inat_id": 93192049}}, {"type": "Feature", "geometry": {"type": "Point", "coordinates": [-122.1483166667, 45.5199055556]}, "properties": {"species": "Ganoderma oregonense", "date": "2021-09-05", "location": "Corbett, OR 97019, USA", "elevation": 626.0, "land_cover_label": "Tree cover", "water_mask": false, "exclude_reason": "keep", "ndvi": null, "soil_moisture": null, "solar_exposure": null, "wind_exposure": null, "water_retention": null, "slope": null, "aspect": null, "num_identification_agreements": 2, "cluster": 2, "tavg": null, "tmin": 13.3, "tmax": 30.0, "prcp_d0": 0.0, "prcp_d1": 0.0, "prcp_d2": 0.0, "prcp_d3": 0.0, "prcp_d4": 0.0, "prcp_d5": 0.0, "prcp_d6": 0.0, "tmax_d0": null, "tmax_d1": null, "tmax_d2": null, "tmax_d3": null, "tmax_d4": null, "tmax_d5": null, "tmax_d6": null, "tmin_d0": null, "tmin_d1": null, "tmin_d2": null, "tmin_d3": null, "tmin_d4": null, "tmin_d5": null, "tmin_d6": null, "day_of_year": 248, "uuid": "9b36fdab-fd7a-4d89-b530-0866aaa0ff5a", "inat_id": 93824532}}, {"type": "Feature", "geometry": {"type": "Point", "coordinates": [-121.7529454367, 45.314783466]}, "properties": {"species": "Ganoderma oregonense", "date": "2021-09-12", "location": "Oregon, US", "elevation": 1298.0, "land_cover_label": "Tree cover", "water_mask": false, "exclude_reason": "keep", "ndvi": null, "soil_moisture": null, "solar_exposure": null, "wind_exposure": null, "water_retention": null, "slope": null, "aspect": null, "num_identification_agreements": 1, "cluster": 2, "tavg": null, "tmin": null, "tmax": null, "prcp_d0": 0.0, "prcp_d1": 0.0, "prcp_d2": 18.378631591796875, "prcp_d3": 0.0, "prcp_d4": 0.0, "prcp_d5": 0.0, "prcp_d6": 0.0, "tmax_d0": null, "tmax_d1": null, "tmax_d2": null, "tmax_d3": null, "tmax_d4": null, "tmax_d5": null, "tmax_d6": null, "tmin_d0": null, "tmin_d1": null, "tmin_d2": null, "tmin_d3": null, "tmin_d4": null, "tmin_d5": null, "tmin_d6": null, "day_of_year": 255, "uuid": "57412569-7c4d-4ba0-8699-a0cc33a7abfa", "inat_id": 94735323}}, {"type": "Feature", "geometry": {"type": "Point", "coordinates": [-122.0699081403, 45.236712847]}, "properties": {"species": "Ganoderma oregonense", "date": "2021-09-16", "location": "Oregon, US", "elevation": 1132.0, "land_cover_label": "Tree cover", "water_mask": false, "exclude_reason": "keep", "ndvi": null, "soil_moisture": null, "solar_exposure": null, "wind_exposure": null, "water_retention": null, "slope": null, "aspect": null, "num_identification_agreements": 2, "cluster": 2, "tavg": null, "tmin": 5.0, "tmax": 25.6, "prcp_d0": 0.0, "prcp_d1": 0.0, "prcp_d2": 0.0, "prcp_d3": 0.0, "prcp_d4": 0.0, "prcp_d5": 0.0, "prcp_d6": 13.322572708129885, "tmax_d0": null, "tmax_d1": null, "tmax_d2": null, "tmax_d3": null, "tmax_d4": null, "tmax_d5": null, "tmax_d6": null, "tmin_d0": null, "tmin_d1": null, "tmin_d2": null, "tmin_d3": null, "tmin_d4": null, "tmin_d5": null, "tmin_d6": null, "day_of_year": 259, "uuid": "274ea01a-113c-41f0-a417-769c0754b7ae", "inat_id": 95108985}}, {"type": "Feature", "geometry": {"type": "Point", "coordinates": [-121.6744833333, 45.3353616667]}, "properties": {"species": "Ganoderma oregonense", "date": "2021-09-24", "location": "Mt. Hood Meadows, Mount Hood Parkdale, OR, US", "elevation": 1794.0, "land_cover_label": "Grassland", "water_mask": false, "exclude_reason": "keep", "ndvi": null, "soil_moisture": null, "solar_exposure": null, "wind_exposure": null, "water_retention": null, "slope": null, "aspect": null, "num_identification_agreements": 1, "cluster": 1, "tavg": null, "tmin": null, "tmax": null, "prcp_d0": 0.0, "prcp_d1": 0.0, "prcp_d2": 0.0, "prcp_d3": 0.0, "prcp_d4": 0.0, "prcp_d5": 0.0, "prcp_d6": 104.24723052978516, "tmax_d0": null, "tmax_d1": null, "tmax_d2": null, "tmax_d3": null, "tmax_d4": null, "tmax_d5": null, "tmax_d6": null, "tmin_d0": null, "tmin_d1": null, "tmin_d2": null, "tmin_d3": null, "tmin_d4": null, "tmin_d5": null, "tmin_d6": null, "day_of_year": 267, "uuid": "c2e373e2-b680-498d-a9d2-d035a0cd9ea0", "inat_id": 96524910}}, {"type": "Feature", "geometry": {"type": "Point", "coordinates": [-122.0355760866, 45.3829796752]}, "properties": {"species": "Ganoderma oregonense", "date": "2021-10-10", "location": "Barlow Wayside Park, Sandy, OR, US", "elevation": 323.0, "land_cover_label": "Tree cover", "water_mask": false, "exclude_reason": "keep", "ndvi": null, "soil_moisture": null, "solar_exposure": null, "wind_exposure": null, "water_retention": null, "slope": null, "aspect": null, "num_identification_agreements": 1, "cluster": 2, "tavg": null, "tmin": 8.9, "tmax": 15.6, "prcp_d0": 0.0, "prcp_d1": 0.0, "prcp_d2": 0.0, "prcp_d3": 0.0, "prcp_d4": 0.0, "prcp_d5": 0.0, "prcp_d6": 0.0, "tmax_d0": null, "tmax_d1": null, "tmax_d2": null, "tmax_d3": null, "tmax_d4": null, "tmax_d5": null, "tmax_d6": null, "tmin_d0": null, "tmin_d1": null, "tmin_d2": null, "tmin_d3": null, "tmin_d4": null, "tmin_d5": null, "tmin_d6": null, "day_of_year": 283, "uuid": "3a4ac67c-682c-4c92-bec4-1072cf0ff404", "inat_id": 97831772}}, {"type": "Feature", "geometry": {"type": "Point", "coordinates": [-121.6798033333, 45.7923583333]}, "properties": {"species": "Ganoderma oregonense", "date": "2021-11-27", "location": "Lost Creek Rd, Bingen, WA, US", "elevation": 546.0, "land_cover_label": "Tree cover", "water_mask": false, "exclude_reason": "keep", "ndvi": null, "soil_moisture": null, "solar_exposure": null, "wind_exposure": null, "water_retention": null, "slope": null, "aspect": null, "num_identification_agreements": 1, "cluster": 3, "tavg": null, "tmin": 7.8, "tmax": 11.7, "prcp_d0": 0.0, "prcp_d1": 0.0, "prcp_d2": 0.0, "prcp_d3": 0.0, "prcp_d4": 23.397470474243164, "prcp_d5": 0.0, "prcp_d6": 0.0, "tmax_d0": null, "tmax_d1": null, "tmax_d2": null, "tmax_d3": null, "tmax_d4": null, "tmax_d5": null, "tmax_d6": null, "tmin_d0": null, "tmin_d1": null, "tmin_d2": null, "tmin_d3": null, "tmin_d4": null, "tmin_d5": null, "tmin_d6": null, "day_of_year": 331, "uuid": "669a41af-f39c-47b1-b216-cf53f119f00b", "inat_id": 136566928}}, {"type": "Feature", "geometry": {"type": "Point", "coordinates": [-122.2929166667, 45.4917444444]}, "properties": {"species": "Ganoderma oregonense", "date": "2021-12-10", "location": "Multnomah County, US-OR, US", "elevation": 51.0, "land_cover_label": "Tree cover", "water_mask": false, "exclude_reason": "keep", "ndvi": null, "soil_moisture": null, "solar_exposure": null, "wind_exposure": null, "water_retention": null, "slope": null, "aspect": null, "num_identification_agreements": 1, "cluster": 3, "tavg": null, "tmin": 5.6, "tmax": 10.0, "prcp_d0": 0.0, "prcp_d1": 0.0, "prcp_d2": 0.0, "prcp_d3": 0.0, "prcp_d4": 42.04125595092773, "prcp_d5": 0.0, "prcp_d6": 5.575318813323975, "tmax_d0": null, "tmax_d1": null, "tmax_d2": null, "tmax_d3": null, "tmax_d4": null, "tmax_d5": null, "tmax_d6": null, "tmin_d0": null, "tmin_d1": null, "tmin_d2": null, "tmin_d3": null, "tmin_d4": null, "tmin_d5": null, "tmin_d6": null, "day_of_year": 344, "uuid": "52b5b6e2-65d9-4764-87db-2cd71a31d9c3", "inat_id": 102841580}}, {"type": "Feature", "geometry": {"type": "Point", "coordinates": [-122.2286856, 45.30845693]}, "properties": {"species": "Ganoderma oregonense", "date": "2022-02-13", "location": "Estacada, OR 97023, USA", "elevation": 380.0, "land_cover_label": "Tree cover", "water_mask": false, "exclude_reason": "keep", "ndvi": null, "soil_moisture": null, "solar_exposure": null, "wind_exposure": null, "water_retention": null, "slope": null, "aspect": null, "num_identification_agreements": 1, "cluster": 2, "tavg": null, "tmin": 6.1, "tmax": 16.1, "prcp_d0": 0.0, "prcp_d1": 0.0, "prcp_d2": 0.0, "prcp_d3": 0.0, "prcp_d4": 0.0, "prcp_d5": 0.0, "prcp_d6": 0.0, "tmax_d0": null, "tmax_d1": null, "tmax_d2": null, "tmax_d3": null, "tmax_d4": null, "tmax_d5": null, "tmax_d6": null, "tmin_d0": null, "tmin_d1": null, "tmin_d2": null, "tmin_d3": null, "tmin_d4": null, "tmin_d5": null, "tmin_d6": null, "day_of_year": 44, "uuid": "613b17c1-986a-4485-8088-476d3088f9c4", "inat_id": 106707592}}, {"type": "Feature", "geometry": {"type": "Point", "coordinates": [-122.3061450943, 45.5011429784]}, "properties": {"species": "Ganoderma oregonense", "date": "2022-02-26", "location": "Oxbow Regional Park", "elevation": 48.0, "land_cover_label": "Tree cover", "water_mask": false, "exclude_reason": "keep", "ndvi": null, "soil_moisture": null, "solar_exposure": null, "wind_exposure": null, "water_retention": null, "slope": null, "aspect": null, "num_identification_agreements": 1, "cluster": 2, "tavg": null, "tmin": 1.7, "tmax": 5.6, "prcp_d0": 14.843833923339844, "prcp_d1": 0.0, "prcp_d2": 0.0, "prcp_d3": 0.0, "prcp_d4": 0.0, "prcp_d5": 0.0, "prcp_d6": 0.0, "tmax_d0": null, "tmax_d1": null, "tmax_d2": null, "tmax_d3": null, "tmax_d4": null, "tmax_d5": null, "tmax_d6": null, "tmin_d0": null, "tmin_d1": null, "tmin_d2": null, "tmin_d3": null, "tmin_d4": null, "tmin_d5": null, "tmin_d6": null, "day_of_year": 57, "uuid": "0c977e7f-2ca5-494e-9ddd-a3f5597aa9c0", "inat_id": 107785776}}, {"type": "Feature", "geometry": {"type": "Point", "coordinates": [-122.1885966667, 45.591255]}, "properties": {"species": "Ganoderma oregonense", "date": "2022-07-23", "location": "Columbia River Gorge National Scenic Area - Headquarters, Washougal, WA, US", "elevation": 355.0, "land_cover_label": "Tree cover", "water_mask": false, "exclude_reason": "keep", "ndvi": null, "soil_moisture": null, "solar_exposure": null, "wind_exposure": null, "water_retention": null, "slope": null, "aspect": null, "num_identification_agreements": 1, "cluster": 2, "tavg": null, "tmin": 15.6, "tmax": 25.0, "prcp_d0": 0.0, "prcp_d1": 0.0, "prcp_d2": 0.0, "prcp_d3": 0.0, "prcp_d4": 0.0, "prcp_d5": 0.0, "prcp_d6": 3.64685583114624, "tmax_d0": null, "tmax_d1": null, "tmax_d2": null, "tmax_d3": null, "tmax_d4": null, "tmax_d5": null, "tmax_d6": null, "tmin_d0": null, "tmin_d1": null, "tmin_d2": null, "tmin_d3": null, "tmin_d4": null, "tmin_d5": null, "tmin_d6": null, "day_of_year": 204, "uuid": "1f954289-c909-4a5d-941b-588b31d89cb2", "inat_id": 127575528}}, {"type": "Feature", "geometry": {"type": "Point", "coordinates": [-121.9223033333, 45.265495]}, "properties": {"species": "Ganoderma oregonense", "date": "2022-08-29", "location": "Zigzag Ranger Station, Welches, OR, US", "elevation": 567.0, "land_cover_label": "Tree cover", "water_mask": false, "exclude_reason": "keep", "ndvi": null, "soil_moisture": null, "solar_exposure": null, "wind_exposure": null, "water_retention": null, "slope": null, "aspect": null, "num_identification_agreements": 2, "cluster": 2, "tavg": null, "tmin": 12.8, "tmax": 35.0, "prcp_d0": 0.0, "prcp_d1": 0.0, "prcp_d2": 5.088518142700195, "prcp_d3": 0.0, "prcp_d4": 0.0, "prcp_d5": 0.0, "prcp_d6": 0.0, "tmax_d0": null, "tmax_d1": null, "tmax_d2": null, "tmax_d3": null, "tmax_d4": null, "tmax_d5": null, "tmax_d6": null, "tmin_d0": null, "tmin_d1": null, "tmin_d2": null, "tmin_d3": null, "tmin_d4": null, "tmin_d5": null, "tmin_d6": null, "day_of_year": 241, "uuid": "09305fb6-aca6-4572-a91c-278fff76b392", "inat_id": 133157286}}, {"type": "Feature", "geometry": {"type": "Point", "coordinates": [-121.7791893538, 45.3888694422]}, "properties": {"species": "Ganoderma oregonense", "date": "2022-09-07", "location": "Clackamas County, US-OR, US", "elevation": 1223.0, "land_cover_label": "Tree cover", "water_mask": false, "exclude_reason": "keep", "ndvi": null, "soil_moisture": null, "solar_exposure": null, "wind_exposure": null, "water_retention": null, "slope": null, "aspect": null, "num_identification_agreements": 1, "cluster": 2, "tavg": null, "tmin": 15.9, "tmax": 30.2, "prcp_d0": 0.0, "prcp_d1": 0.0, "prcp_d2": 0.0, "prcp_d3": 0.0, "prcp_d4": 0.0, "prcp_d5": 0.0, "prcp_d6": 0.0, "tmax_d0": null, "tmax_d1": null, "tmax_d2": null, "tmax_d3": null, "tmax_d4": null, "tmax_d5": null, "tmax_d6": null, "tmin_d0": null, "tmin_d1": null, "tmin_d2": null, "tmin_d3": null, "tmin_d4": null, "tmin_d5": null, "tmin_d6": null, "day_of_year": 250, "uuid": "6f08fd95-028b-40a1-8962-00ca144dcebe", "inat_id": 134118882}}, {"type": "Feature", "geometry": {"type": "Point", "coordinates": [-121.8141033333, 45.4896883333]}, "properties": {"species": "Ganoderma oregonense", "date": "2022-09-12", "location": "Forest Service U.S. Department of Agriculture, Mount Hood Parkdale, OR, US", "elevation": 1031.0, "land_cover_label": "Tree cover", "water_mask": false, "exclude_reason": "keep", "ndvi": null, "soil_moisture": null, "solar_exposure": null, "wind_exposure": null, "water_retention": null, "slope": null, "aspect": null, "num_identification_agreements": 1, "cluster": 2, "tavg": null, "tmin": 17.5, "tmax": 28.1, "prcp_d0": 14.837986946105955, "prcp_d1": 0.0, "prcp_d2": 0.0, "prcp_d3": 0.0, "prcp_d4": 0.0, "prcp_d5": 0.0, "prcp_d6": 0.0, "tmax_d0": null, "tmax_d1": null, "tmax_d2": null, "tmax_d3": null, "tmax_d4": null, "tmax_d5": null, "tmax_d6": null, "tmin_d0": null, "tmin_d1": null, "tmin_d2": null, "tmin_d3": null, "tmin_d4": null, "tmin_d5": null, "tmin_d6": null, "day_of_year": 255, "uuid": "b326a63f-571e-4687-89f5-8f7d76b0e51f", "inat_id": 136561919}}, {"type": "Feature", "geometry": {"type": "Point", "coordinates": [-121.8189086914, 45.4966430664]}, "properties": {"species": "Ganoderma oregonense", "date": "2022-09-18", "location": "Hood River County, US-OR, US", "elevation": 974.0, "land_cover_label": "Tree cover", "water_mask": false, "exclude_reason": "keep", "ndvi": null, "soil_moisture": null, "solar_exposure": null, "wind_exposure": null, "water_retention": null, "slope": null, "aspect": null, "num_identification_agreements": 1, "cluster": 2, "tavg": null, "tmin": 10.9, "tmax": 23.8, "prcp_d0": 0.0, "prcp_d1": 0.0, "prcp_d2": 0.0, "prcp_d3": 0.0, "prcp_d4": 0.0, "prcp_d5": 0.0, "prcp_d6": 14.837986946105955, "tmax_d0": null, "tmax_d1": null, "tmax_d2": null, "tmax_d3": null, "tmax_d4": null, "tmax_d5": null, "tmax_d6": null, "tmin_d0": null, "tmin_d1": null, "tmin_d2": null, "tmin_d3": null, "tmin_d4": null, "tmin_d5": null, "tmin_d6": null, "day_of_year": 261, "uuid": "4767875d-3736-4d49-a70c-d1a680fde118", "inat_id": 135599405}}, {"type": "Feature", "geometry": {"type": "Point", "coordinates": [-122.091468, 45.5335099722]}, "properties": {"species": "Ganoderma oregonense", "date": "2022-10-27", "location": "Cascade Locks, OR 97014, USA", "elevation": 1066.0, "land_cover_label": "Tree cover", "water_mask": false, "exclude_reason": "keep", "ndvi": null, "soil_moisture": null, "solar_exposure": null, "wind_exposure": null, "water_retention": null, "slope": null, "aspect": null, "num_identification_agreements": 2, "cluster": 1, "tavg": null, "tmin": 7.8, "tmax": 17.8, "prcp_d0": 0.0, "prcp_d1": 57.79747772216797, "prcp_d2": 0.0, "prcp_d3": 0.0, "prcp_d4": 0.0, "prcp_d5": 0.0, "prcp_d6": 0.0, "tmax_d0": null, "tmax_d1": null, "tmax_d2": null, "tmax_d3": null, "tmax_d4": null, "tmax_d5": null, "tmax_d6": null, "tmin_d0": null, "tmin_d1": null, "tmin_d2": null, "tmin_d3": null, "tmin_d4": null, "tmin_d5": null, "tmin_d6": null, "day_of_year": 300, "uuid": "76512b4d-d0a7-49eb-8c7e-2033f2d3a9bb", "inat_id": 140841524}}, {"type": "Feature", "geometry": {"type": "Point", "coordinates": [-122.1061528847, 45.5444358346]}, "properties": {"species": "Ganoderma oregonense", "date": "2022-10-28", "location": "Cascade Locks, OR 97014, USA", "elevation": 906.0, "land_cover_label": "Tree cover", "water_mask": false, "exclude_reason": "keep", "ndvi": null, "soil_moisture": null, "solar_exposure": null, "wind_exposure": null, "water_retention": null, "slope": null, "aspect": null, "num_identification_agreements": 1, "cluster": 1, "tavg": null, "tmin": 8.3, "tmax": 12.8, "prcp_d0": 133.5083465576172, "prcp_d1": 0.0, "prcp_d2": 0.0, "prcp_d3": 0.0, "prcp_d4": 0.0, "prcp_d5": 0.0, "prcp_d6": 0.0, "tmax_d0": null, "tmax_d1": null, "tmax_d2": null, "tmax_d3": null, "tmax_d4": null, "tmax_d5": null, "tmax_d6": null, "tmin_d0": null, "tmin_d1": null, "tmin_d2": null, "tmin_d3": null, "tmin_d4": null, "tmin_d5": null, "tmin_d6": null, "day_of_year": 301, "uuid": "dd46788f-0807-45f2-af13-873795d5f2f5", "inat_id": 140301010}}, {"type": "Feature", "geometry": {"type": "Point", "coordinates": [-121.4129976151, 45.7419150752]}, "properties": {"species": "Ganoderma oregonense", "date": "2022-11-09", "location": "Klickitat County, US-WA, US", "elevation": 592.0, "land_cover_label": "Tree cover", "water_mask": false, "exclude_reason": "keep", "ndvi": null, "soil_moisture": null, "solar_exposure": null, "wind_exposure": null, "water_retention": null, "slope": null, "aspect": null, "num_identification_agreements": 1, "cluster": 3, "tavg": null, "tmin": -1.1, "tmax": 9.5, "prcp_d0": 0.0, "prcp_d1": 0.0, "prcp_d2": 0.0, "prcp_d3": 25.955656051635746, "prcp_d4": 68.94525146484375, "prcp_d5": 13.789050102233888, "prcp_d6": 0.0, "tmax_d0": null, "tmax_d1": null, "tmax_d2": null, "tmax_d3": null, "tmax_d4": null, "tmax_d5": null, "tmax_d6": null, "tmin_d0": null, "tmin_d1": null, "tmin_d2": null, "tmin_d3": null, "tmin_d4": null, "tmin_d5": null, "tmin_d6": null, "day_of_year": 313, "uuid": "4215c8b3-47d5-4ce6-9c13-2da26b5b8208", "inat_id": 141575148}}, {"type": "Feature", "geometry": {"type": "Point", "coordinates": [-122.2868, 45.3246]}, "properties": {"species": "Ganoderma oregonense", "date": "2022-11-17", "location": "Eagle Fern Park, Clackamas Co., Oregon, USA", "elevation": 239.0, "land_cover_label": "Tree cover", "water_mask": false, "exclude_reason": "keep", "ndvi": null, "soil_moisture": null, "solar_exposure": null, "wind_exposure": null, "water_retention": null, "slope": null, "aspect": null, "num_identification_agreements": 2, "cluster": 2, "tavg": null, "tmin": 3.9, "tmax": 9.4, "prcp_d0": 0.0, "prcp_d1": 0.0, "prcp_d2": 0.0, "prcp_d3": 0.0, "prcp_d4": 0.0, "prcp_d5": 0.0, "prcp_d6": 0.0, "tmax_d0": null, "tmax_d1": null, "tmax_d2": null, "tmax_d3": null, "tmax_d4": null, "tmax_d5": null, "tmax_d6": null, "tmin_d0": null, "tmin_d1": null, "tmin_d2": null, "tmin_d3": null, "tmin_d4": null, "tmin_d5": null, "tmin_d6": null, "day_of_year": 321, "uuid": "426f78bc-09a3-4dcc-a64c-e2a3da123b07", "inat_id": 182716112}}, {"type": "Feature", "geometry": {"type": "Point", "coordinates": [-122.1788054762, 45.2317022135]}, "properties": {"species": "Ganoderma oregonense", "date": "2023-01-01", "location": "Oregon, US", "elevation": 656.0, "land_cover_label": "Tree cover", "water_mask": false, "exclude_reason": "keep", "ndvi": null, "soil_moisture": null, "solar_exposure": null, "wind_exposure": null, "water_retention": null, "slope": null, "aspect": null, "num_identification_agreements": 2, "cluster": 1, "tavg": null, "tmin": 3.9, "tmax": 9.4, "prcp_d0": 0.0, "prcp_d1": 0.0, "prcp_d2": 0.0, "prcp_d3": 9.442821502685549, "prcp_d4": 18.885643005371094, "prcp_d5": 47.21410751342773, "prcp_d6": 47.21410751342773, "tmax_d0": null, "tmax_d1": null, "tmax_d2": null, "tmax_d3": null, "tmax_d4": null, "tmax_d5": null, "tmax_d6": null, "tmin_d0": null, "tmin_d1": null, "tmin_d2": null, "tmin_d3": null, "tmin_d4": null, "tmin_d5": null, "tmin_d6": null, "day_of_year": 1, "uuid": "2bde09ef-1938-459c-b900-c25cc23130a1", "inat_id": 145631221}}, {"type": "Feature", "geometry": {"type": "Point", "coordinates": [-122.13229041, 45.52982698]}, "properties": {"species": "Ganoderma oregonense", "date": "2023-04-27", "location": "Downtown, Washougal, WA 98671, USA", "elevation": 694.0, "land_cover_label": "Tree cover", "water_mask": false, "exclude_reason": "keep", "ndvi": null, "soil_moisture": null, "solar_exposure": null, "wind_exposure": null, "water_retention": null, "slope": null, "aspect": null, "num_identification_agreements": 2, "cluster": 3, "tavg": null, "tmin": 8.9, "tmax": 27.2, "prcp_d0": 0.0, "prcp_d1": 0.0, "prcp_d2": 0.0, "prcp_d3": 0.0, "prcp_d4": 21.748497009277344, "prcp_d5": 0.0, "prcp_d6": 43.49699401855469, "tmax_d0": null, "tmax_d1": null, "tmax_d2": null, "tmax_d3": null, "tmax_d4": null, "tmax_d5": null, "tmax_d6": null, "tmin_d0": null, "tmin_d1": null, "tmin_d2": null, "tmin_d3": null, "tmin_d4": null, "tmin_d5": null, "tmin_d6": null, "day_of_year": 117, "uuid": "0b210385-158d-4662-8ab1-bf663cb60dfd", "inat_id": 156933570}}, {"type": "Feature", "geometry": {"type": "Point", "coordinates": [-121.8225466667, 45.3892116667]}, "properties": {"species": "Ganoderma oregonense", "date": "2023-09-06", "location": "Zigzag Ranger Station, Rhododendron, OR, US", "elevation": 798.0, "land_cover_label": "Tree cover", "water_mask": false, "exclude_reason": "keep", "ndvi": null, "soil_moisture": null, "solar_exposure": null, "wind_exposure": null, "water_retention": null, "slope": null, "aspect": null, "num_identification_agreements": 1, "cluster": 2, "tavg": null, "tmin": 11.0, "tmax": 24.0, "prcp_d0": 0.0, "prcp_d1": 0.0, "prcp_d2": 0.0, "prcp_d3": 0.0, "prcp_d4": 0.0, "prcp_d5": 0.0, "prcp_d6": 8.171247482299805, "tmax_d0": null, "tmax_d1": null, "tmax_d2": null, "tmax_d3": null, "tmax_d4": null, "tmax_d5": null, "tmax_d6": null, "tmin_d0": null, "tmin_d1": null, "tmin_d2": null, "tmin_d3": null, "tmin_d4": null, "tmin_d5": null, "tmin_d6": null, "day_of_year": 249, "uuid": "c18ad362-5141-4e21-adfb-47aa53806fed", "inat_id": 182117891}}, {"type": "Feature", "geometry": {"type": "Point", "coordinates": [-122.0963666667, 45.5677533333]}, "properties": {"species": "Ganoderma oregonense", "date": "2023-09-07", "location": "Zigzag Ranger Station, Corbett, OR, US", "elevation": 502.0, "land_cover_label": "Tree cover", "water_mask": false, "exclude_reason": "keep", "ndvi": null, "soil_moisture": null, "solar_exposure": null, "wind_exposure": null, "water_retention": null, "slope": null, "aspect": null, "num_identification_agreements": 2, "cluster": 2, "tavg": null, "tmin": 16.7, "tmax": 25.0, "prcp_d0": 0.0, "prcp_d1": 0.0, "prcp_d2": 0.0, "prcp_d3": 0.0, "prcp_d4": 0.0, "prcp_d5": 0.0, "prcp_d6": 0.0, "tmax_d0": null, "tmax_d1": null, "tmax_d2": null, "tmax_d3": null, "tmax_d4": null, "tmax_d5": null, "tmax_d6": null, "tmin_d0": null, "tmin_d1": null, "tmin_d2": null, "tmin_d3": null, "tmin_d4": null, "tmin_d5": null, "tmin_d6": null, "day_of_year": 250, "uuid": "be8a1508-892b-4920-b286-cb4d879ef401", "inat_id": 182348818}}, {"type": "Feature", "geometry": {"type": "Point", "coordinates": [-122.2876254358, 45.3234765844]}, "properties": {"species": "Ganoderma oregonense", "date": "2023-09-10", "location": "Eagle Fern Park, Eagle Creek, OR, US", "elevation": 181.0, "land_cover_label": "Tree cover", "water_mask": false, "exclude_reason": "keep", "ndvi": null, "soil_moisture": null, "solar_exposure": null, "wind_exposure": null, "water_retention": null, "slope": null, "aspect": null, "num_identification_agreements": 2, "cluster": 2, "tavg": null, "tmin": 13.9, "tmax": 28.9, "prcp_d0": 0.0, "prcp_d1": 0.0, "prcp_d2": 0.0, "prcp_d3": 0.0, "prcp_d4": 0.0, "prcp_d5": 0.0, "prcp_d6": 0.0, "tmax_d0": null, "tmax_d1": null, "tmax_d2": null, "tmax_d3": null, "tmax_d4": null, "tmax_d5": null, "tmax_d6": null, "tmin_d0": null, "tmin_d1": null, "tmin_d2": null, "tmin_d3": null, "tmin_d4": null, "tmin_d5": null, "tmin_d6": null, "day_of_year": 253, "uuid": "7e630f99-ea70-435a-8f99-c97f8024a41d", "inat_id": 182732234}}, {"type": "Feature", "geometry": {"type": "Point", "coordinates": [-121.679026428, 45.3995106096]}, "properties": {"species": "Ganoderma oregonense", "date": "2023-09-20", "location": "Hood River County, OR, USA", "elevation": 1822.0, "land_cover_label": "Tree cover", "water_mask": false, "exclude_reason": "keep", "ndvi": null, "soil_moisture": null, "solar_exposure": null, "wind_exposure": null, "water_retention": null, "slope": null, "aspect": null, "num_identification_agreements": 1, "cluster": 2, "tavg": null, "tmin": 11.0, "tmax": 19.6, "prcp_d0": 0.0, "prcp_d1": 0.0, "prcp_d2": 0.0, "prcp_d3": 0.0, "prcp_d4": 0.0, "prcp_d5": 0.0, "prcp_d6": 0.0, "tmax_d0": null, "tmax_d1": null, "tmax_d2": null, "tmax_d3": null, "tmax_d4": null, "tmax_d5": null, "tmax_d6": null, "tmin_d0": null, "tmin_d1": null, "tmin_d2": null, "tmin_d3": null, "tmin_d4": null, "tmin_d5": null, "tmin_d6": null, "day_of_year": 263, "uuid": "c97bca32-e048-4020-9553-452a2002d65e", "inat_id": 185108749}}, {"type": "Feature", "geometry": {"type": "Point", "coordinates": [-122.1229122366, 45.4317599605]}, "properties": {"species": "Ganoderma oregonense", "date": "2023-09-22", "location": "Oregon, US", "elevation": 564.0, "land_cover_label": "Tree cover", "water_mask": false, "exclude_reason": "keep", "ndvi": null, "soil_moisture": null, "solar_exposure": null, "wind_exposure": null, "water_retention": null, "slope": null, "aspect": null, "num_identification_agreements": 2, "cluster": 2, "tavg": null, "tmin": 10.6, "tmax": 26.1, "prcp_d0": 0.0, "prcp_d1": 0.0, "prcp_d2": 0.0, "prcp_d3": 0.0, "prcp_d4": 0.0, "prcp_d5": 0.0, "prcp_d6": 0.0, "tmax_d0": null, "tmax_d1": null, "tmax_d2": null, "tmax_d3": null, "tmax_d4": null, "tmax_d5": null, "tmax_d6": null, "tmin_d0": null, "tmin_d1": null, "tmin_d2": null, "tmin_d3": null, "tmin_d4": null, "tmin_d5": null, "tmin_d6": null, "day_of_year": 265, "uuid": "6e55205c-086f-4aca-99d4-56ff12c1c03b", "inat_id": 184646584}}, {"type": "Feature", "geometry": {"type": "Point", "coordinates": [-122.2185071935, 45.3527943758]}, "properties": {"species": "Ganoderma oregonense", "date": "2023-09-23", "location": "Oregon, US", "elevation": 459.0, "land_cover_label": "Tree cover", "water_mask": false, "exclude_reason": "keep", "ndvi": null, "soil_moisture": null, "solar_exposure": null, "wind_exposure": null, "water_retention": null, "slope": null, "aspect": null, "num_identification_agreements": 2, "cluster": 2, "tavg": null, "tmin": 13.3, "tmax": 21.1, "prcp_d0": 0.0, "prcp_d1": 0.0, "prcp_d2": 0.0, "prcp_d3": 0.0, "prcp_d4": 0.0, "prcp_d5": 0.0, "prcp_d6": 0.0, "tmax_d0": null, "tmax_d1": null, "tmax_d2": null, "tmax_d3": null, "tmax_d4": null, "tmax_d5": null, "tmax_d6": null, "tmin_d0": null, "tmin_d1": null, "tmin_d2": null, "tmin_d3": null, "tmin_d4": null, "tmin_d5": null, "tmin_d6": null, "day_of_year": 266, "uuid": "40fc5f7c-b4d5-45b3-a638-ce61691ff458", "inat_id": 184698821}}, {"type": "Feature", "geometry": {"type": "Point", "coordinates": [-122.0699833333, 45.303025]}, "properties": {"species": "Ganoderma oregonense", "date": "2023-09-24", "location": "Zigzag Ranger Station, Estacada, OR, US", "elevation": 1045.0, "land_cover_label": "Tree cover", "water_mask": false, "exclude_reason": "keep", "ndvi": null, "soil_moisture": null, "solar_exposure": null, "wind_exposure": null, "water_retention": null, "slope": null, "aspect": null, "num_identification_agreements": 1, "cluster": 2, "tavg": null, "tmin": 11.7, "tmax": 16.7, "prcp_d0": 9.628403663635254, "prcp_d1": 0.0, "prcp_d2": 0.0, "prcp_d3": 0.0, "prcp_d4": 0.0, "prcp_d5": 0.0, "prcp_d6": 0.0, "tmax_d0": null, "tmax_d1": null, "tmax_d2": null, "tmax_d3": null, "tmax_d4": null, "tmax_d5": null, "tmax_d6": null, "tmin_d0": null, "tmin_d1": null, "tmin_d2": null, "tmin_d3": null, "tmin_d4": null, "tmin_d5": null, "tmin_d6": null, "day_of_year": 267, "uuid": "778b032f-db39-4535-aa7f-50f9ed67cf62", "inat_id": 185041903}}, {"type": "Feature", "geometry": {"type": "Point", "coordinates": [-122.1187737139, 45.5344116666]}, "properties": {"species": "Ganoderma oregonense", "date": "2023-09-25", "location": "Zigzag Ranger Station, Corbett, OR, US", "elevation": 796.0, "land_cover_label": "Tree cover", "water_mask": false, "exclude_reason": "keep", "ndvi": null, "soil_moisture": null, "solar_exposure": null, "wind_exposure": null, "water_retention": null, "slope": null, "aspect": null, "num_identification_agreements": 2, "cluster": 1, "tavg": null, "tmin": 15.0, "tmax": 18.3, "prcp_d0": 53.0181999206543, "prcp_d1": 26.50909996032715, "prcp_d2": 0.0, "prcp_d3": 0.0, "prcp_d4": 0.0, "prcp_d5": 0.0, "prcp_d6": 0.0, "tmax_d0": null, "tmax_d1": null, "tmax_d2": null, "tmax_d3": null, "tmax_d4": null, "tmax_d5": null, "tmax_d6": null, "tmin_d0": null, "tmin_d1": null, "tmin_d2": null, "tmin_d3": null, "tmin_d4": null, "tmin_d5": null, "tmin_d6": null, "day_of_year": 268, "uuid": "12fa8a6a-7467-4ed3-9464-27a2c1036be8", "inat_id": 184978726}}, {"type": "Feature", "geometry": {"type": "Point", "coordinates": [-121.963217, 45.338481]}, "properties": {"species": "Ganoderma oregonense", "date": "2023-09-28", "location": "Welches, or", "elevation": 421.0, "land_cover_label": "Tree cover", "water_mask": false, "exclude_reason": "keep", "ndvi": null, "soil_moisture": null, "solar_exposure": null, "wind_exposure": null, "water_retention": null, "slope": null, "aspect": null, "num_identification_agreements": 1, "cluster": 1, "tavg": null, "tmin": 12.2, "tmax": 19.4, "prcp_d0": 0.0, "prcp_d1": 0.0, "prcp_d2": 0.0, "prcp_d3": 70.42015838623047, "prcp_d4": 0.0, "prcp_d5": 0.0, "prcp_d6": 0.0, "tmax_d0": null, "tmax_d1": null, "tmax_d2": null, "tmax_d3": null, "tmax_d4": null, "tmax_d5": null, "tmax_d6": null, "tmin_d0": null, "tmin_d1": null, "tmin_d2": null, "tmin_d3": null, "tmin_d4": null, "tmin_d5": null, "tmin_d6": null, "day_of_year": 271, "uuid": "797a00b1-fc2d-43cf-b7f7-d32d079cc9ee", "inat_id": 197953159}}, {"type": "Feature", "geometry": {"type": "Point", "coordinates": [-122.18259701, 45.36752208]}, "properties": {"species": "Ganoderma oregonense", "date": "2023-10-07", "location": "Sandy, OR 97055, USA", "elevation": 376.0, "land_cover_label": "Tree cover", "water_mask": false, "exclude_reason": "keep", "ndvi": null, "soil_moisture": null, "solar_exposure": null, "wind_exposure": null, "water_retention": null, "slope": null, "aspect": null, "num_identification_agreements": 1, "cluster": 2, "tavg": null, "tmin": 18.3, "tmax": 28.3, "prcp_d0": 0.0, "prcp_d1": 0.0, "prcp_d2": 0.0, "prcp_d3": 0.0, "prcp_d4": 0.0, "prcp_d5": 0.0, "prcp_d6": 0.0, "tmax_d0": null, "tmax_d1": null, "tmax_d2": null, "tmax_d3": null, "tmax_d4": null, "tmax_d5": null, "tmax_d6": null, "tmin_d0": null, "tmin_d1": null, "tmin_d2": null, "tmin_d3": null, "tmin_d4": null, "tmin_d5": null, "tmin_d6": null, "day_of_year": 280, "uuid": "06da03fa-c715-4ddb-ad30-f5daffc2720d", "inat_id": 186625255}}, {"type": "Feature", "geometry": {"type": "Point", "coordinates": [-122.0087460992, 45.3349990263]}, "properties": {"species": "Ganoderma oregonense", "date": "2023-10-08", "location": "Oregon, US", "elevation": 862.0, "land_cover_label": "Tree cover", "water_mask": false, "exclude_reason": "keep", "ndvi": null, "soil_moisture": null, "solar_exposure": null, "wind_exposure": null, "water_retention": null, "slope": null, "aspect": null, "num_identification_agreements": 1, "cluster": 2, "tavg": null, "tmin": 12.8, "tmax": 27.8, "prcp_d0": 0.0, "prcp_d1": 0.0, "prcp_d2": 0.0, "prcp_d3": 0.0, "prcp_d4": 0.0, "prcp_d5": 0.0, "prcp_d6": 0.0, "tmax_d0": null, "tmax_d1": null, "tmax_d2": null, "tmax_d3": null, "tmax_d4": null, "tmax_d5": null, "tmax_d6": null, "tmin_d0": null, "tmin_d1": null, "tmin_d2": null, "tmin_d3": null, "tmin_d4": null, "tmin_d5": null, "tmin_d6": null, "day_of_year": 281, "uuid": "de9fcaff-9979-4f5d-ad1d-b037c74b0bd2", "inat_id": 186869521}}, {"type": "Feature", "geometry": {"type": "Point", "coordinates": [-121.9070883333, 45.3194783333]}, "properties": {"species": "Ganoderma oregonense", "date": "2023-10-11", "location": "Mt. Hood Park Division Recreation Area, Rhododendron, OR, US", "elevation": 544.0, "land_cover_label": "Tree cover", "water_mask": false, "exclude_reason": "keep", "ndvi": null, "soil_moisture": null, "solar_exposure": null, "wind_exposure": null, "water_retention": null, "slope": null, "aspect": null, "num_identification_agreements": 1, "cluster": 1, "tavg": null, "tmin": 13.3, "tmax": 18.3, "prcp_d0": 0.0, "prcp_d1": 0.0, "prcp_d2": 25.665447235107425, "prcp_d3": 0.0, "prcp_d4": 0.0, "prcp_d5": 0.0, "prcp_d6": 0.0, "tmax_d0": null, "tmax_d1": null, "tmax_d2": null, "tmax_d3": null, "tmax_d4": null, "tmax_d5": null, "tmax_d6": null, "tmin_d0": null, "tmin_d1": null, "tmin_d2": null, "tmin_d3": null, "tmin_d4": null, "tmin_d5": null, "tmin_d6": null, "day_of_year": 284, "uuid": "849c2485-fb07-4d8c-a946-5f18d713ff15", "inat_id": 187402387}}, {"type": "Feature", "geometry": {"type": "Point", "coordinates": [-122.138116, 45.522774]}, "properties": {"species": "Ganoderma oregonense", "date": "2023-10-22", "location": "Corbett, OR 97019, USA", "elevation": 672.0, "land_cover_label": "Tree cover", "water_mask": false, "exclude_reason": "keep", "ndvi": null, "soil_moisture": null, "solar_exposure": null, "wind_exposure": null, "water_retention": null, "slope": null, "aspect": null, "num_identification_agreements": 1, "cluster": 2, "tavg": null, "tmin": 12.8, "tmax": 17.2, "prcp_d0": 0.0, "prcp_d1": 0.0, "prcp_d2": 0.0, "prcp_d3": 0.0, "prcp_d4": 0.0, "prcp_d5": 0.0, "prcp_d6": 31.94695281982422, "tmax_d0": null, "tmax_d1": null, "tmax_d2": null, "tmax_d3": null, "tmax_d4": null, "tmax_d5": null, "tmax_d6": null, "tmin_d0": null, "tmin_d1": null, "tmin_d2": null, "tmin_d3": null, "tmin_d4": null, "tmin_d5": null, "tmin_d6": null, "day_of_year": 295, "uuid": "fcf88c1c-df2e-4801-987a-d20e6f3c2588", "inat_id": 188630634}}, {"type": "Feature", "geometry": {"type": "Point", "coordinates": [-122.2299883333, 45.535745]}, "properties": {"species": "Ganoderma oregonense", "date": "2023-11-02", "location": "Columbia River Gorge National Scenic Area, Corbett, OR, US", "elevation": 110.0, "land_cover_label": "Tree cover", "water_mask": false, "exclude_reason": "keep", "ndvi": null, "soil_moisture": null, "solar_exposure": null, "wind_exposure": null, "water_retention": null, "slope": null, "aspect": null, "num_identification_agreements": 1, "cluster": 1, "tavg": null, "tmin": 9.4, "tmax": 19.4, "prcp_d0": 45.75431823730469, "prcp_d1": 0.0, "prcp_d2": 0.0, "prcp_d3": 0.0, "prcp_d4": 0.0, "prcp_d5": 0.0, "prcp_d6": 0.0, "tmax_d0": null, "tmax_d1": null, "tmax_d2": null, "tmax_d3": null, "tmax_d4": null, "tmax_d5": null, "tmax_d6": null, "tmin_d0": null, "tmin_d1": null, "tmin_d2": null, "tmin_d3": null, "tmin_d4": null, "tmin_d5": null, "tmin_d6": null, "day_of_year": 306, "uuid": "3bc80a40-7cf3-4831-adc3-9b687e97d678", "inat_id": 189856762}}, {"type": "Feature", "geometry": {"type": "Point", "coordinates": [-122.2300866667, 45.5359166667]}, "properties": {"species": "Ganoderma oregonense", "date": "2023-11-04", "location": "Columbia River Gorge National Scenic Area, Corbett, OR, US", "elevation": 110.0, "land_cover_label": "Tree cover", "water_mask": false, "exclude_reason": "keep", "ndvi": null, "soil_moisture": null, "solar_exposure": null, "wind_exposure": null, "water_retention": null, "slope": null, "aspect": null, "num_identification_agreements": 2, "cluster": 1, "tavg": null, "tmin": 13.9, "tmax": 19.4, "prcp_d0": 68.63147735595703, "prcp_d1": 0.0, "prcp_d2": 45.75431823730469, "prcp_d3": 0.0, "prcp_d4": 0.0, "prcp_d5": 0.0, "prcp_d6": 0.0, "tmax_d0": null, "tmax_d1": null, "tmax_d2": null, "tmax_d3": null, "tmax_d4": null, "tmax_d5": null, "tmax_d6": null, "tmin_d0": null, "tmin_d1": null, "tmin_d2": null, "tmin_d3": null, "tmin_d4": null, "tmin_d5": null, "tmin_d6": null, "day_of_year": 308, "uuid": "3f193aa4-3406-40a8-87c1-27657884acb4", "inat_id": 192656316}}, {"type": "Feature", "geometry": {"type": "Point", "coordinates": [-122.0576945, 45.6335116667]}, "properties": {"species": "Ganoderma oregonense", "date": "2024-02-29", "location": "Columbia River Gorge National Scenic Area, Stevenson, WA, US", "elevation": 280.0, "land_cover_label": "Tree cover", "water_mask": false, "exclude_reason": "keep", "ndvi": null, "soil_moisture": null, "solar_exposure": null, "wind_exposure": null, "water_retention": null, "slope": null, "aspect": null, "num_identification_agreements": 1, "cluster": 1, "tavg": null, "tmin": 4.4, "tmax": 12.2, "prcp_d0": 75.18995666503906, "prcp_d1": 0.0, "prcp_d2": 0.0, "prcp_d3": 37.59497833251953, "prcp_d4": 0.0, "prcp_d5": 0.0, "prcp_d6": 0.0, "tmax_d0": null, "tmax_d1": null, "tmax_d2": null, "tmax_d3": null, "tmax_d4": null, "tmax_d5": null, "tmax_d6": null, "tmin_d0": null, "tmin_d1": null, "tmin_d2": null, "tmin_d3": null, "tmin_d4": null, "tmin_d5": null, "tmin_d6": null, "day_of_year": 60, "uuid": "5369b25a-a362-42e0-a9ac-4d17767a4e21", "inat_id": 200855243}}, {"type": "Feature", "geometry": {"type": "Point", "coordinates": [-121.9305995219, 45.3667753979]}, "properties": {"species": "Ganoderma oregonense", "date": "2024-03-28", "location": "E Cascade St, Rhododendron, OR, US", "elevation": 500.0, "land_cover_label": "Tree cover", "water_mask": false, "exclude_reason": "keep", "ndvi": null, "soil_moisture": null, "solar_exposure": null, "wind_exposure": null, "water_retention": null, "slope": null, "aspect": null, "num_identification_agreements": 1, "cluster": 1, "tavg": null, "tmin": 7.2, "tmax": 11.7, "prcp_d0": 0.0, "prcp_d1": 45.16606903076172, "prcp_d2": 0.0, "prcp_d3": 0.0, "prcp_d4": 0.0, "prcp_d5": 21.25582695007324, "prcp_d6": 10.62791347503662, "tmax_d0": null, "tmax_d1": null, "tmax_d2": null, "tmax_d3": null, "tmax_d4": null, "tmax_d5": null, "tmax_d6": null, "tmin_d0": null, "tmin_d1": null, "tmin_d2": null, "tmin_d3": null, "tmin_d4": null, "tmin_d5": null, "tmin_d6": null, "day_of_year": 88, "uuid": "9a349c70-610b-4cb6-858d-856b60ca20bc", "inat_id": 204348339}}, {"type": "Feature", "geometry": {"type": "Point", "coordinates": [-122.0498429239, 45.3873160269]}, "properties": {"species": "Ganoderma oregonense", "date": "2024-04-15", "location": "Sandy, OR 97055, USA", "elevation": 303.0, "land_cover_label": "Tree cover", "water_mask": false, "exclude_reason": "keep", "ndvi": null, "soil_moisture": null, "solar_exposure": null, "wind_exposure": null, "water_retention": null, "slope": null, "aspect": null, "num_identification_agreements": 1, "cluster": 1, "tavg": null, "tmin": 9.4, "tmax": 14.4, "prcp_d0": 2.8789620399475098, "prcp_d1": 23.867631912231445, "prcp_d2": 9.88071346282959, "prcp_d3": 2.5902435779571533, "prcp_d4": 0.0042553036473691, "prcp_d5": 0.0, "prcp_d6": 0.0, "tmax_d0": null, "tmax_d1": null, "tmax_d2": null, "tmax_d3": null, "tmax_d4": null, "tmax_d5": null, "tmax_d6": null, "tmin_d0": null, "tmin_d1": null, "tmin_d2": null, "tmin_d3": null, "tmin_d4": null, "tmin_d5": null, "tmin_d6": null, "day_of_year": 106, "uuid": "73b4d786-0955-42cd-85a3-a44dff19e862", "inat_id": 209169819}}, {"type": "Feature", "geometry": {"type": "Point", "coordinates": [-121.9705612791, 45.1369656368]}, "properties": {"species": "Ganoderma oregonense", "date": "2024-07-17", "location": "Clackamas County, US-OR, US", "elevation": 1305.0, "land_cover_label": "Tree cover", "water_mask": false, "exclude_reason": "keep", "ndvi": null, "soil_moisture": null, "solar_exposure": null, "wind_exposure": null, "water_retention": null, "slope": null, "aspect": null, "num_identification_agreements": 1, "cluster": 2, "tavg": null, "tmin": null, "tmax": null, "prcp_d0": 7.145027160644531, "prcp_d1": 0.0, "prcp_d2": 0.0, "prcp_d3": 0.0, "prcp_d4": 0.0, "prcp_d5": 0.0, "prcp_d6": 3.2385199069976807, "tmax_d0": null, "tmax_d1": null, "tmax_d2": null, "tmax_d3": null, "tmax_d4": null, "tmax_d5": null, "tmax_d6": null, "tmin_d0": null, "tmin_d1": null, "tmin_d2": null, "tmin_d3": null, "tmin_d4": null, "tmin_d5": null, "tmin_d6": null, "day_of_year": 199, "uuid": "96aa504b-4f61-4ed6-a0f8-6d1b801c8a21", "inat_id": 230365788}}, {"type": "Feature", "geometry": {"type": "Point", "coordinates": [-122.0790166667, 45.55383]}, "properties": {"species": "Ganoderma oregonense", "date": "2024-07-27", "location": "Zigzag Ranger Station, Corbett, OR, US", "elevation": 815.0, "land_cover_label": "Tree cover", "water_mask": false, "exclude_reason": "keep", "ndvi": null, "soil_moisture": null, "solar_exposure": null, "wind_exposure": null, "water_retention": null, "slope": null, "aspect": null, "num_identification_agreements": 1, "cluster": 2, "tavg": null, "tmin": 12.2, "tmax": 27.8, "prcp_d0": 0.0, "prcp_d1": 0.0, "prcp_d2": 0.0, "prcp_d3": 0.0, "prcp_d4": 0.0, "prcp_d5": 0.0, "prcp_d6": 0.0, "tmax_d0": null, "tmax_d1": null, "tmax_d2": null, "tmax_d3": null, "tmax_d4": null, "tmax_d5": null, "tmax_d6": null, "tmin_d0": null, "tmin_d1": null, "tmin_d2": null, "tmin_d3": null, "tmin_d4": null, "tmin_d5": null, "tmin_d6": null, "day_of_year": 209, "uuid": "8ee3ee0b-8522-4f13-9b71-9027df3b27f2", "inat_id": 232131641}}, {"type": "Feature", "geometry": {"type": "Point", "coordinates": [-121.9222083333, 45.2651611111]}, "properties": {"species": "Ganoderma oregonense", "date": "2024-07-27", "location": "Rhododendron, OR 97049, USA", "elevation": 567.0, "land_cover_label": "Tree cover", "water_mask": false, "exclude_reason": "keep", "ndvi": null, "soil_moisture": null, "solar_exposure": null, "wind_exposure": null, "water_retention": null, "slope": null, "aspect": null, "num_identification_agreements": 1, "cluster": 2, "tavg": null, "tmin": 12.2, "tmax": 27.8, "prcp_d0": 0.0, "prcp_d1": 0.0, "prcp_d2": 0.0, "prcp_d3": 0.0, "prcp_d4": 0.0, "prcp_d5": 0.0, "prcp_d6": 0.0, "tmax_d0": null, "tmax_d1": null, "tmax_d2": null, "tmax_d3": null, "tmax_d4": null, "tmax_d5": null, "tmax_d6": null, "tmin_d0": null, "tmin_d1": null, "tmin_d2": null, "tmin_d3": null, "tmin_d4": null, "tmin_d5": null, "tmin_d6": null, "day_of_year": 209, "uuid": "efcdb1df-e37a-4dbc-a0f2-edc8c53cca0c", "inat_id": 232209923}}, {"type": "Feature", "geometry": {"type": "Point", "coordinates": [-121.9221805556, 45.2652222222]}, "properties": {"species": "Ganoderma oregonense", "date": "2024-07-27", "location": "Rhododendron, OR 97049, USA", "elevation": 567.0, "land_cover_label": "Tree cover", "water_mask": false, "exclude_reason": "keep", "ndvi": null, "soil_moisture": null, "solar_exposure": null, "wind_exposure": null, "water_retention": null, "slope": null, "aspect": null, "num_identification_agreements": 1, "cluster": 2, "tavg": null, "tmin": 12.2, "tmax": 27.8, "prcp_d0": 0.0, "prcp_d1": 0.0, "prcp_d2": 0.0, "prcp_d3": 0.0, "prcp_d4": 0.0, "prcp_d5": 0.0, "prcp_d6": 0.0, "tmax_d0": null, "tmax_d1": null, "tmax_d2": null, "tmax_d3": null, "tmax_d4": null, "tmax_d5": null, "tmax_d6": null, "tmin_d0": null, "tmin_d1": null, "tmin_d2": null, "tmin_d3": null, "tmin_d4": null, "tmin_d5": null, "tmin_d6": null, "day_of_year": 209, "uuid": "8d315878-050d-464d-85a2-aa8083917a70", "inat_id": 232209809}}, {"type": "Feature", "geometry": {"type": "Point", "coordinates": [-121.7555230391, 45.3823760106]}, "properties": {"species": "Ganoderma oregonense", "date": "2024-08-01", "location": "Clackamas County, US-OR, US", "elevation": 1626.0, "land_cover_label": "Tree cover", "water_mask": false, "exclude_reason": "keep", "ndvi": null, "soil_moisture": null, "solar_exposure": null, "wind_exposure": null, "water_retention": null, "slope": null, "aspect": null, "num_identification_agreements": 1, "cluster": 2, "tavg": null, "tmin": 16.2, "tmax": 38.0, "prcp_d0": 0.0, "prcp_d1": 0.0, "prcp_d2": 0.0, "prcp_d3": 0.0, "prcp_d4": 0.0, "prcp_d5": 0.0, "prcp_d6": 0.0, "tmax_d0": null, "tmax_d1": null, "tmax_d2": null, "tmax_d3": null, "tmax_d4": null, "tmax_d5": null, "tmax_d6": null, "tmin_d0": null, "tmin_d1": null, "tmin_d2": null, "tmin_d3": null, "tmin_d4": null, "tmin_d5": null, "tmin_d6": null, "day_of_year": 214, "uuid": "9ddedd0f-fb24-48c0-9ade-f82a2f9a4e1e", "inat_id": 233398203}}, {"type": "Feature", "geometry": {"type": "Point", "coordinates": [-121.7640637794, 45.3861759464]}, "properties": {"species": "Ganoderma oregonense", "date": "2024-08-01", "location": "Clackamas County, US-OR, US", "elevation": 1477.0, "land_cover_label": "Tree cover", "water_mask": false, "exclude_reason": "keep", "ndvi": null, "soil_moisture": null, "solar_exposure": null, "wind_exposure": null, "water_retention": null, "slope": null, "aspect": null, "num_identification_agreements": 1, "cluster": 2, "tavg": null, "tmin": 16.2, "tmax": 38.0, "prcp_d0": 0.0, "prcp_d1": 0.0, "prcp_d2": 0.0, "prcp_d3": 0.0, "prcp_d4": 0.0, "prcp_d5": 0.0, "prcp_d6": 0.0, "tmax_d0": null, "tmax_d1": null, "tmax_d2": null, "tmax_d3": null, "tmax_d4": null, "tmax_d5": null, "tmax_d6": null, "tmin_d0": null, "tmin_d1": null, "tmin_d2": null, "tmin_d3": null, "tmin_d4": null, "tmin_d5": null, "tmin_d6": null, "day_of_year": 214, "uuid": "755c0704-2331-4920-81e4-4613a0d20054", "inat_id": 233398039}}, {"type": "Feature", "geometry": {"type": "Point", "coordinates": [-121.9663967263, 45.3272592503]}, "properties": {"species": "Ganoderma oregonense", "date": "2024-08-09", "location": "Oregon, US", "elevation": 438.0, "land_cover_label": "Tree cover", "water_mask": false, "exclude_reason": "keep", "ndvi": null, "soil_moisture": null, "solar_exposure": null, "wind_exposure": null, "water_retention": null, "slope": null, "aspect": null, "num_identification_agreements": 1, "cluster": 2, "tavg": null, "tmin": 17.8, "tmax": 29.4, "prcp_d0": 0.0, "prcp_d1": 0.0, "prcp_d2": 0.0, "prcp_d3": 0.0, "prcp_d4": 0.0, "prcp_d5": 0.0, "prcp_d6": 0.0, "tmax_d0": null, "tmax_d1": null, "tmax_d2": null, "tmax_d3": null, "tmax_d4": null, "tmax_d5": null, "tmax_d6": null, "tmin_d0": null, "tmin_d1": null, "tmin_d2": null, "tmin_d3": null, "tmin_d4": null, "tmin_d5": null, "tmin_d6": null, "day_of_year": 222, "uuid": "83a40423-2ec4-457b-a108-255ed45f8e64", "inat_id": 234912797}}, {"type": "Feature", "geometry": {"type": "Point", "coordinates": [-121.78447, 45.1079528333]}, "properties": {"species": "Ganoderma oregonense", "date": "2024-08-13", "location": "Zigzag Ranger Station, Estacada, OR, US", "elevation": 1011.0, "land_cover_label": "Tree cover", "water_mask": false, "exclude_reason": "keep", "ndvi": null, "soil_moisture": null, "solar_exposure": null, "wind_exposure": null, "water_retention": null, "slope": null, "aspect": null, "num_identification_agreements": 2, "cluster": 2, "tavg": null, "tmin": null, "tmax": null, "prcp_d0": 0.0, "prcp_d1": 0.0, "prcp_d2": 0.0, "prcp_d3": 0.0, "prcp_d4": 0.0, "prcp_d5": 0.0, "prcp_d6": 0.0, "tmax_d0": null, "tmax_d1": null, "tmax_d2": null, "tmax_d3": null, "tmax_d4": null, "tmax_d5": null, "tmax_d6": null, "tmin_d0": null, "tmin_d1": null, "tmin_d2": null, "tmin_d3": null, "tmin_d4": null, "tmin_d5": null, "tmin_d6": null, "day_of_year": 226, "uuid": "686a0956-50db-4def-b2b1-e782ed8b4a66", "inat_id": 235584279}}, {"type": "Feature", "geometry": {"type": "Point", "coordinates": [-121.798176609, 45.4195648116]}, "properties": {"species": "Ganoderma oregonense", "date": "2024-08-17", "location": "Zigzag Ranger Station, Rhododendron, OR, US", "elevation": 1231.0, "land_cover_label": "Tree cover", "water_mask": false, "exclude_reason": "keep", "ndvi": null, "soil_moisture": null, "solar_exposure": null, "wind_exposure": null, "water_retention": null, "slope": null, "aspect": null, "num_identification_agreements": 1, "cluster": 2, "tavg": null, "tmin": 13.1, "tmax": 32.8, "prcp_d0": 0.0, "prcp_d1": 0.0, "prcp_d2": 0.0, "prcp_d3": 0.0, "prcp_d4": 0.0, "prcp_d5": 0.0, "prcp_d6": 0.0, "tmax_d0": null, "tmax_d1": null, "tmax_d2": null, "tmax_d3": null, "tmax_d4": null, "tmax_d5": null, "tmax_d6": null, "tmin_d0": null, "tmin_d1": null, "tmin_d2": null, "tmin_d3": null, "tmin_d4": null, "tmin_d5": null, "tmin_d6": null, "day_of_year": 230, "uuid": "b90b102c-24b2-4cd6-afea-baa1f24d8e44", "inat_id": 236353085}}, {"type": "Feature", "geometry": {"type": "Point", "coordinates": [-121.9943224997, 45.3497917997]}, "properties": {"species": "Ganoderma oregonense", "date": "2024-08-30", "location": "Mt Hood Village, OR, USA", "elevation": 373.0, "land_cover_label": "Tree cover", "water_mask": false, "exclude_reason": "keep", "ndvi": null, "soil_moisture": null, "solar_exposure": null, "wind_exposure": null, "water_retention": null, "slope": null, "aspect": null, "num_identification_agreements": 1, "cluster": 2, "tavg": null, "tmin": 17.2, "tmax": 35.0, "prcp_d0": 2.7279868390905904e-06, "prcp_d1": 0.0, "prcp_d2": 0.2924354374408722, "prcp_d3": 4.162413597106934, "prcp_d4": 4.690779405791545e-06, "prcp_d5": 0.0642361864447593, "prcp_d6": 0.1314101964235305, "tmax_d0": null, "tmax_d1": null, "tmax_d2": null, "tmax_d3": null, "tmax_d4": null, "tmax_d5": null, "tmax_d6": null, "tmin_d0": null, "tmin_d1": null, "tmin_d2": null, "tmin_d3": null, "tmin_d4": null, "tmin_d5": null, "tmin_d6": null, "day_of_year": 243, "uuid": "89ef5bd9-ab74-422a-94b1-c48b5497e35e", "inat_id": 239184064}}, {"type": "Feature", "geometry": {"type": "Point", "coordinates": [-121.9592187203, 45.2707738031]}, "properties": {"species": "Ganoderma oregonense", "date": "2024-08-31", "location": "S.Fork Salmon", "elevation": 838.0, "land_cover_label": "Tree cover", "water_mask": false, "exclude_reason": "keep", "ndvi": null, "soil_moisture": null, "solar_exposure": null, "wind_exposure": null, "water_retention": null, "slope": null, "aspect": null, "num_identification_agreements": 1, "cluster": 2, "tavg": null, "tmin": 15.0, "tmax": 37.2, "prcp_d0": 0.0, "prcp_d1": 2.099077164530172e-06, "prcp_d2": 0.0, "prcp_d3": 0.2246654033660888, "prcp_d4": 3.3859031200408936, "prcp_d5": 4.094648829777725e-06, "prcp_d6": 0.0505022406578063, "tmax_d0": null, "tmax_d1": null, "tmax_d2": null, "tmax_d3": null, "tmax_d4": null, "tmax_d5": null, "tmax_d6": null, "tmin_d0": null, "tmin_d1": null, "tmin_d2": null, "tmin_d3": null, "tmin_d4": null, "tmin_d5": null, "tmin_d6": null, "day_of_year": 244, "uuid": "8244e71e-f2d8-4bf8-9a16-9c3c78fa1b5a", "inat_id": 239696063}}, {"type": "Feature", "geometry": {"type": "Point", "coordinates": [-121.940425, 45.2995972222]}, "properties": {"species": "Ganoderma oregonense", "date": "2024-09-04", "location": "Clackamas County, OR, USA", "elevation": 474.0, "land_cover_label": "Tree cover", "water_mask": false, "exclude_reason": "keep", "ndvi": null, "soil_moisture": null, "solar_exposure": null, "wind_exposure": null, "water_retention": null, "slope": null, "aspect": null, "num_identification_agreements": 1, "cluster": 2, "tavg": null, "tmin": 12.8, "tmax": 33.9, "prcp_d0": 0.0, "prcp_d1": 0.0, "prcp_d2": 0.0, "prcp_d3": 0.0, "prcp_d4": 0.0, "prcp_d5": 2.248012151540024e-06, "prcp_d6": 0.0, "tmax_d0": null, "tmax_d1": null, "tmax_d2": null, "tmax_d3": null, "tmax_d4": null, "tmax_d5": null, "tmax_d6": null, "tmin_d0": null, "tmin_d1": null, "tmin_d2": null, "tmin_d3": null, "tmin_d4": null, "tmin_d5": null, "tmin_d6": null, "day_of_year": 248, "uuid": "d6af40ae-33e1-41cf-a172-93ea17e7d63e", "inat_id": 239918435}}, {"type": "Feature", "geometry": {"type": "Point", "coordinates": [-121.6993813673, 45.3004052153]}, "properties": {"species": "Ganoderma oregonense", "date": "2024-09-12", "location": "Oregon, US", "elevation": 1317.0, "land_cover_label": "Tree cover", "water_mask": false, "exclude_reason": "keep", "ndvi": null, "soil_moisture": null, "solar_exposure": null, "wind_exposure": null, "water_retention": null, "slope": null, "aspect": null, "num_identification_agreements": 1, "cluster": 2, "tavg": null, "tmin": 13.6, "tmax": 20.2, "prcp_d0": 0.0, "prcp_d1": 9.770779609680176, "prcp_d2": 0.0, "prcp_d3": 0.0, "prcp_d4": 8.332475662231445, "prcp_d5": 6.842232704162598, "prcp_d6": 0.0, "tmax_d0": null, "tmax_d1": null, "tmax_d2": null, "tmax_d3": null, "tmax_d4": null, "tmax_d5": null, "tmax_d6": null, "tmin_d0": null, "tmin_d1": null, "tmin_d2": null, "tmin_d3": null, "tmin_d4": null, "tmin_d5": null, "tmin_d6": null, "day_of_year": 256, "uuid": "3f39b83e-39fe-4d52-a7f8-30129cbb151d", "inat_id": 241385680}}, {"type": "Feature", "geometry": {"type": "Point", "coordinates": [-121.8137583333, 45.3152783333]}, "properties": {"species": "Ganoderma oregonense", "date": "2024-09-14", "location": "Mt. Hood Park Division Recreation Area, Government Camp, OR, US", "elevation": 899.0, "land_cover_label": "Tree cover", "water_mask": false, "exclude_reason": "keep", "ndvi": null, "soil_moisture": null, "solar_exposure": null, "wind_exposure": null, "water_retention": null, "slope": null, "aspect": null, "num_identification_agreements": 1, "cluster": 2, "tavg": null, "tmin": 12.6, "tmax": 21.9, "prcp_d0": 0.0, "prcp_d1": 0.0, "prcp_d2": 0.0, "prcp_d3": 9.164692878723145, "prcp_d4": 0.0, "prcp_d5": 0.0, "prcp_d6": 6.064413547515869, "tmax_d0": null, "tmax_d1": null, "tmax_d2": null, "tmax_d3": null, "tmax_d4": null, "tmax_d5": null, "tmax_d6": null, "tmin_d0": null, "tmin_d1": null, "tmin_d2": null, "tmin_d3": null, "tmin_d4": null, "tmin_d5": null, "tmin_d6": null, "day_of_year": 258, "uuid": "0f20dd29-fbf7-4e28-a3fe-4d3f9929ea77", "inat_id": 242321635}}, {"type": "Feature", "geometry": {"type": "Point", "coordinates": [-121.9591055556, 45.3446666667]}, "properties": {"species": "Ganoderma oregonense", "date": "2024-09-14", "location": "Welches, Mt Hood Village, OR 97067, USA", "elevation": 430.0, "land_cover_label": "Tree cover", "water_mask": false, "exclude_reason": "keep", "ndvi": null, "soil_moisture": null, "solar_exposure": null, "wind_exposure": null, "water_retention": null, "slope": null, "aspect": null, "num_identification_agreements": 1, "cluster": 2, "tavg": null, "tmin": 13.9, "tmax": 22.8, "prcp_d0": 0.2370162159204483, "prcp_d1": 0.6750146746635437, "prcp_d2": 5.144390106201172, "prcp_d3": 15.308520317077637, "prcp_d4": 0.0, "prcp_d5": 0.0, "prcp_d6": 8.978851318359375, "tmax_d0": null, "tmax_d1": null, "tmax_d2": null, "tmax_d3": null, "tmax_d4": null, "tmax_d5": null, "tmax_d6": null, "tmin_d0": null, "tmin_d1": null, "tmin_d2": null, "tmin_d3": null, "tmin_d4": null, "tmin_d5": null, "tmin_d6": null, "day_of_year": 258, "uuid": "ac3e77ce-db0e-4cb6-855c-a86a4bf1ffd8", "inat_id": 242111893}}, {"type": "Feature", "geometry": {"type": "Point", "coordinates": [-122.1140953842, 45.5066133635]}, "properties": {"species": "Ganoderma oregonense", "date": "2024-09-27", "location": "Zigzag Ranger Station, Corbett, OR, US", "elevation": 763.0, "land_cover_label": "Tree cover", "water_mask": false, "exclude_reason": "keep", "ndvi": null, "soil_moisture": null, "solar_exposure": null, "wind_exposure": null, "water_retention": null, "slope": null, "aspect": null, "num_identification_agreements": 1, "cluster": 2, "tavg": null, "tmin": 14.4, "tmax": 23.9, "prcp_d0": 0.0, "prcp_d1": 0.0, "prcp_d2": 0.0, "prcp_d3": 0.0, "prcp_d4": 0.0, "prcp_d5": 0.0, "prcp_d6": 0.0, "tmax_d0": null, "tmax_d1": null, "tmax_d2": null, "tmax_d3": null, "tmax_d4": null, "tmax_d5": null, "tmax_d6": null, "tmin_d0": null, "tmin_d1": null, "tmin_d2": null, "tmin_d3": null, "tmin_d4": null, "tmin_d5": null, "tmin_d6": null, "day_of_year": 271, "uuid": "643f1fd9-e38e-498b-afa2-bb2f82531fff", "inat_id": 244617447}}, {"type": "Feature", "geometry": {"type": "Point", "coordinates": [-122.0208365098, 45.3467788721]}, "properties": {"species": "Ganoderma oregonense", "date": "2024-09-28", "location": "Mt Hood Village, OR, USA", "elevation": 613.0, "land_cover_label": "Tree cover", "water_mask": false, "exclude_reason": "keep", "ndvi": null, "soil_moisture": null, "solar_exposure": null, "wind_exposure": null, "water_retention": null, "slope": null, "aspect": null, "num_identification_agreements": 1, "cluster": 2, "tavg": null, "tmin": 11.7, "tmax": 23.9, "prcp_d0": 0.0, "prcp_d1": 0.0, "prcp_d2": 0.0, "prcp_d3": 0.0, "prcp_d4": 0.0, "prcp_d5": 0.0, "prcp_d6": 0.0, "tmax_d0": null, "tmax_d1": null, "tmax_d2": null, "tmax_d3": null, "tmax_d4": null, "tmax_d5": null, "tmax_d6": null, "tmin_d0": null, "tmin_d1": null, "tmin_d2": null, "tmin_d3": null, "tmin_d4": null, "tmin_d5": null, "tmin_d6": null, "day_of_year": 272, "uuid": "f677bb55-e1e0-4056-b7c2-71cd3092799e", "inat_id": 257969362}}, {"type": "Feature", "geometry": {"type": "Point", "coordinates": [-121.85785, 45.392875]}, "properties": {"species": "Ganoderma oregonense", "date": "2024-09-29", "location": "Zigzag Ranger Station, Rhododendron, OR, US", "elevation": 681.0, "land_cover_label": "Tree cover", "water_mask": false, "exclude_reason": "keep", "ndvi": null, "soil_moisture": null, "solar_exposure": null, "wind_exposure": null, "water_retention": null, "slope": null, "aspect": null, "num_identification_agreements": 2, "cluster": 2, "tavg": null, "tmin": 10.0, "tmax": 18.8, "prcp_d0": 0.0, "prcp_d1": 0.0, "prcp_d2": 0.0, "prcp_d3": 0.0, "prcp_d4": 0.0, "prcp_d5": 0.0, "prcp_d6": 0.0, "tmax_d0": null, "tmax_d1": null, "tmax_d2": null, "tmax_d3": null, "tmax_d4": null, "tmax_d5": null, "tmax_d6": null, "tmin_d0": null, "tmin_d1": null, "tmin_d2": null, "tmin_d3": null, "tmin_d4": null, "tmin_d5": null, "tmin_d6": null, "day_of_year": 273, "uuid": "9f7c2e65-0524-42a5-9f68-4c5f68127312", "inat_id": 244812923}}, {"type": "Feature", "geometry": {"type": "Point", "coordinates": [-121.9071473, 45.3219634]}, "properties": {"species": "Ganoderma oregonense", "date": "2024-10-09", "location": "Rhododendron, OR 97049, USA", "elevation": 543.0, "land_cover_label": "Tree cover", "water_mask": false, "exclude_reason": "keep", "ndvi": null, "soil_moisture": null, "solar_exposure": null, "wind_exposure": null, "water_retention": null, "slope": null, "aspect": null, "num_identification_agreements": 1, "cluster": 2, "tavg": null, "tmin": 11.1, "tmax": 20.0, "prcp_d0": 0.0, "prcp_d1": 0.0, "prcp_d2": 0.0, "prcp_d3": 0.0, "prcp_d4": 1.641976833343506, "prcp_d5": 37.03405380249024, "prcp_d6": 0.0, "tmax_d0": null, "tmax_d1": null, "tmax_d2": null, "tmax_d3": null, "tmax_d4": null, "tmax_d5": null, "tmax_d6": null, "tmin_d0": null, "tmin_d1": null, "tmin_d2": null, "tmin_d3": null, "tmin_d4": null, "tmin_d5": null, "tmin_d6": null, "day_of_year": 283, "uuid": "deaa0804-938c-4911-a5a7-67bd7c27680a", "inat_id": 246746764}}, {"type": "Feature", "geometry": {"type": "Point", "coordinates": [-121.9644833333, 45.3366944444]}, "properties": {"species": "Ganoderma oregonense", "date": "2024-10-24", "location": "Welches, Mt Hood Village, OR 97067, USA", "elevation": 416.0, "land_cover_label": "Tree cover", "water_mask": false, "exclude_reason": "keep", "ndvi": null, "soil_moisture": null, "solar_exposure": null, "wind_exposure": null, "water_retention": null, "slope": null, "aspect": null, "num_identification_agreements": 1, "cluster": 1, "tavg": null, "tmin": 2.2, "tmax": 16.1, "prcp_d0": 0.0, "prcp_d1": 0.0, "prcp_d2": 0.0, "prcp_d3": 103.77406311035156, "prcp_d4": 0.0, "prcp_d5": 0.0, "prcp_d6": 0.0, "tmax_d0": null, "tmax_d1": null, "tmax_d2": null, "tmax_d3": null, "tmax_d4": null, "tmax_d5": null, "tmax_d6": null, "tmin_d0": null, "tmin_d1": null, "tmin_d2": null, "tmin_d3": null, "tmin_d4": null, "tmin_d5": null, "tmin_d6": null, "day_of_year": 298, "uuid": "62b79be1-194e-4c0b-b99b-951d92b95a94", "inat_id": 249392785}}, {"type": "Feature", "geometry": {"type": "Point", "coordinates": [-121.9609135, 45.3281745]}, "properties": {"species": "Ganoderma oregonense", "date": "2024-10-25", "location": "E Elk Park Rd, Welches, OR, US", "elevation": 407.0, "land_cover_label": "Tree cover", "water_mask": false, "exclude_reason": "keep", "ndvi": null, "soil_moisture": null, "solar_exposure": null, "wind_exposure": null, "water_retention": null, "slope": null, "aspect": null, "num_identification_agreements": 1, "cluster": 3, "tavg": null, "tmin": 10.6, "tmax": 16.7, "prcp_d0": 0.0, "prcp_d1": 0.0, "prcp_d2": 0.0, "prcp_d3": 0.0, "prcp_d4": 103.77406311035156, "prcp_d5": 0.0, "prcp_d6": 0.0, "tmax_d0": null, "tmax_d1": null, "tmax_d2": null, "tmax_d3": null, "tmax_d4": null, "tmax_d5": null, "tmax_d6": null, "tmin_d0": null, "tmin_d1": null, "tmin_d2": null, "tmin_d3": null, "tmin_d4": null, "tmin_d5": null, "tmin_d6": null, "day_of_year": 299, "uuid": "c7424229-77b3-41a7-a261-4fd9602c105f", "inat_id": 249102692}}, {"type": "Feature", "geometry": {"type": "Point", "coordinates": [-122.0878302, 45.5326996]}, "properties": {"species": "Ganoderma oregonense", "date": "2024-11-03", "location": "Sherrard Point, Oregon 97014, USA", "elevation": 1217.0, "land_cover_label": "Tree cover", "water_mask": false, "exclude_reason": "keep", "ndvi": null, "soil_moisture": null, "solar_exposure": null, "wind_exposure": null, "water_retention": null, "slope": null, "aspect": null, "num_identification_agreements": 1, "cluster": 2, "tavg": null, "tmin": 10.0, "tmax": 14.4, "prcp_d0": 0.0, "prcp_d1": 0.0, "prcp_d2": 0.0, "prcp_d3": 0.0, "prcp_d4": 0.0, "prcp_d5": 0.0, "prcp_d6": 0.0, "tmax_d0": null, "tmax_d1": null, "tmax_d2": null, "tmax_d3": null, "tmax_d4": null, "tmax_d5": null, "tmax_d6": null, "tmin_d0": null, "tmin_d1": null, "tmin_d2": null, "tmin_d3": null, "tmin_d4": null, "tmin_d5": null, "tmin_d6": null, "day_of_year": 308, "uuid": "638f2c67-551b-49b6-b2f4-98d1fc99c4b3", "inat_id": 263026383}}, {"type": "Feature", "geometry": {"type": "Point", "coordinates": [-122.0931451997, 45.6451698997]}, "properties": {"species": "Ganoderma oregonense", "date": "2024-11-03", "location": "Stevenson, WA 98648, USA", "elevation": 492.0, "land_cover_label": "Tree cover", "water_mask": false, "exclude_reason": "keep", "ndvi": null, "soil_moisture": null, "solar_exposure": null, "wind_exposure": null, "water_retention": null, "slope": null, "aspect": null, "num_identification_agreements": 1, "cluster": 2, "tavg": null, "tmin": 10.0, "tmax": 14.4, "prcp_d0": 0.0, "prcp_d1": 0.0, "prcp_d2": 0.0, "prcp_d3": 0.0, "prcp_d4": 0.0, "prcp_d5": 0.0, "prcp_d6": 0.0, "tmax_d0": null, "tmax_d1": null, "tmax_d2": null, "tmax_d3": null, "tmax_d4": null, "tmax_d5": null, "tmax_d6": null, "tmin_d0": null, "tmin_d1": null, "tmin_d2": null, "tmin_d3": null, "tmin_d4": null, "tmin_d5": null, "tmin_d6": null, "day_of_year": 308, "uuid": "f8cf118c-0d89-42ab-a460-267071b62210", "inat_id": 250361968}}, {"type": "Feature", "geometry": {"type": "Point", "coordinates": [-121.9409737363, 45.3359170943]}, "properties": {"species": "Ganoderma oregonense", "date": "2024-12-08", "location": "Welches, OR 97067, USA", "elevation": 727.0, "land_cover_label": "Tree cover", "water_mask": false, "exclude_reason": "keep", "ndvi": null, "soil_moisture": null, "solar_exposure": null, "wind_exposure": null, "water_retention": null, "slope": null, "aspect": null, "num_identification_agreements": 1, "cluster": 1, "tavg": null, "tmin": 7.2, "tmax": 10.0, "prcp_d0": 0.0, "prcp_d1": 30.150936126708984, "prcp_d2": 0.0, "prcp_d3": 0.0, "prcp_d4": 0.0, "prcp_d5": 0.0, "prcp_d6": 0.0, "tmax_d0": null, "tmax_d1": null, "tmax_d2": null, "tmax_d3": null, "tmax_d4": null, "tmax_d5": null, "tmax_d6": null, "tmin_d0": null, "tmin_d1": null, "tmin_d2": null, "tmin_d3": null, "tmin_d4": null, "tmin_d5": null, "tmin_d6": null, "day_of_year": 343, "uuid": "bcaa5ae7-bb6f-4d86-83e7-883f62ad5240", "inat_id": 254611457}}, {"type": "Feature", "geometry": {"type": "Point", "coordinates": [-121.853775, 45.3475216667]}, "properties": {"species": "Ganoderma oregonense", "date": "2024-12-28", "location": "Zigzag Ranger Station, Rhododendron, OR, US", "elevation": 1408.0, "land_cover_label": "Tree cover", "water_mask": false, "exclude_reason": "keep", "ndvi": null, "soil_moisture": null, "solar_exposure": null, "wind_exposure": null, "water_retention": null, "slope": null, "aspect": null, "num_identification_agreements": 2, "cluster": 3, "tavg": null, "tmin": 3.3, "tmax": 8.9, "prcp_d0": 29.999006271362305, "prcp_d1": 14.999503135681152, "prcp_d2": 44.99850463867188, "prcp_d3": 20.75377082824707, "prcp_d4": 48.42546463012695, "prcp_d5": 0.0, "prcp_d6": 0.0, "tmax_d0": null, "tmax_d1": null, "tmax_d2": null, "tmax_d3": null, "tmax_d4": null, "tmax_d5": null, "tmax_d6": null, "tmin_d0": null, "tmin_d1": null, "tmin_d2": null, "tmin_d3": null, "tmin_d4": null, "tmin_d5": null, "tmin_d6": null, "day_of_year": 363, "uuid": "fa9c58d5-635c-43fe-86bd-ce6a11b1c7b9", "inat_id": 256910260}}, {"type": "Feature", "geometry": {"type": "Point", "coordinates": [-122.1412361667, 45.6118583333]}, "properties": {"species": "Ganoderma oregonense", "date": "2024-12-31", "location": "Columbia River Gorge National Scenic Area, Washougal, WA, US", "elevation": 585.0, "land_cover_label": "Tree cover", "water_mask": false, "exclude_reason": "keep", "ndvi": null, "soil_moisture": null, "solar_exposure": null, "wind_exposure": null, "water_retention": null, "slope": null, "aspect": null, "num_identification_agreements": 1, "cluster": 1, "tavg": null, "tmin": 3.9, "tmax": 6.7, "prcp_d0": 0.0, "prcp_d1": 0.0, "prcp_d2": 42.16035461425781, "prcp_d3": 21.080177307128903, "prcp_d4": 21.080177307128903, "prcp_d5": 84.32070922851562, "prcp_d6": 34.73612976074219, "tmax_d0": null, "tmax_d1": null, "tmax_d2": null, "tmax_d3": null, "tmax_d4": null, "tmax_d5": null, "tmax_d6": null, "tmin_d0": null, "tmin_d1": null, "tmin_d2": null, "tmin_d3": null, "tmin_d4": null, "tmin_d5": null, "tmin_d6": null, "day_of_year": 366, "uuid": "6ba58773-3213-4281-badf-499e21088531", "inat_id": 256936609}}, {"type": "Feature", "geometry": {"type": "Point", "coordinates": [-122.2887815997, 45.3204564997]}, "properties": {"species": "Ganoderma oregonense", "date": "2025-02-09", "location": "Estacada, OR 97023, USA", "elevation": 226.0, "land_cover_label": "Tree cover", "water_mask": false, "exclude_reason": "keep", "ndvi": null, "soil_moisture": null, "solar_exposure": null, "wind_exposure": null, "water_retention": null, "slope": null, "aspect": null, "num_identification_agreements": 1, "cluster": 2, "tavg": null, "tmin": 1.7, "tmax": 6.1, "prcp_d0": 0.5146657824516296, "prcp_d1": 2.387214183807373, "prcp_d2": 1.359595537185669, "prcp_d3": 1.890365481376648, "prcp_d4": 0.0, "prcp_d5": 0.0, "prcp_d6": 0.0, "tmax_d0": null, "tmax_d1": null, "tmax_d2": null, "tmax_d3": null, "tmax_d4": null, "tmax_d5": null, "tmax_d6": null, "tmin_d0": null, "tmin_d1": null, "tmin_d2": null, "tmin_d3": null, "tmin_d4": null, "tmin_d5": null, "tmin_d6": null, "day_of_year": 40, "uuid": "038e0b6b-07b2-412e-805f-158d18789ef9", "inat_id": 261199195}}, {"type": "Feature", "geometry": {"type": "Point", "coordinates": [-122.2890527778, 45.3218277778]}, "properties": {"species": "Ganoderma oregonense", "date": "2025-03-01", "location": "Estacada, OR 97023, USA", "elevation": 191.0, "land_cover_label": "Tree cover", "water_mask": false, "exclude_reason": "keep", "ndvi": null, "soil_moisture": null, "solar_exposure": null, "wind_exposure": null, "water_retention": null, "slope": null, "aspect": null, "num_identification_agreements": 1, "cluster": 1, "tavg": null, "tmin": 8.9, "tmax": 18.3, "prcp_d0": 0.0, "prcp_d1": 0.0, "prcp_d2": 0.8242066502571106, "prcp_d3": 0.787824809551239, "prcp_d4": 0.0, "prcp_d5": 15.818416595458984, "prcp_d6": 79.09207916259766, "tmax_d0": null, "tmax_d1": null, "tmax_d2": null, "tmax_d3": null, "tmax_d4": null, "tmax_d5": null, "tmax_d6": null, "tmin_d0": null, "tmin_d1": null, "tmin_d2": null, "tmin_d3": null, "tmin_d4": null, "tmin_d5": null, "tmin_d6": null, "day_of_year": 60, "uuid": "8b3adef5-d5a8-4829-9eaa-8d02e17b1ad5", "inat_id": 263579706}}, {"type": "Feature", "geometry": {"type": "Point", "coordinates": [-122.2899472222, 45.3224527778]}, "properties": {"species": "Ganoderma oregonense", "date": "2025-03-01", "location": "Estacada, OR 97023, USA", "elevation": 247.0, "land_cover_label": "Tree cover", "water_mask": false, "exclude_reason": "keep", "ndvi": null, "soil_moisture": null, "solar_exposure": null, "wind_exposure": null, "water_retention": null, "slope": null, "aspect": null, "num_identification_agreements": 3, "cluster": 1, "tavg": null, "tmin": 8.9, "tmax": 18.3, "prcp_d0": 0.0, "prcp_d1": 0.0, "prcp_d2": 0.8242066502571106, "prcp_d3": 0.787824809551239, "prcp_d4": 0.0, "prcp_d5": 15.818416595458984, "prcp_d6": 79.09207916259766, "tmax_d0": null, "tmax_d1": null, "tmax_d2": null, "tmax_d3": null, "tmax_d4": null, "tmax_d5": null, "tmax_d6": null, "tmin_d0": null, "tmin_d1": null, "tmin_d2": null, "tmin_d3": null, "tmin_d4": null, "tmin_d5": null, "tmin_d6": null, "day_of_year": 60, "uuid": "258548ce-1519-42fa-a670-5347d14bb9bd", "inat_id": 263579984}}, {"type": "Feature", "geometry": {"type": "Point", "coordinates": [-122.2700828768, 45.4083857052]}, "properties": {"species": "Ganoderma oregonense", "date": "2025-03-27", "location": "Oregon, US", "elevation": 151.0, "land_cover_label": "Tree cover", "water_mask": false, "exclude_reason": "keep", "ndvi": null, "soil_moisture": null, "solar_exposure": null, "wind_exposure": null, "water_retention": null, "slope": null, "aspect": null, "num_identification_agreements": 1, "cluster": 1, "tavg": null, "tmin": 9.4, "tmax": 13.9, "prcp_d0": 0.0, "prcp_d1": 0.0, "prcp_d2": 0.0, "prcp_d3": 16.1607723236084, "prcp_d4": 0.0, "prcp_d5": 0.0, "prcp_d6": 64.6430892944336, "tmax_d0": null, "tmax_d1": null, "tmax_d2": null, "tmax_d3": null, "tmax_d4": null, "tmax_d5": null, "tmax_d6": null, "tmin_d0": null, "tmin_d1": null, "tmin_d2": null, "tmin_d3": null, "tmin_d4": null, "tmin_d5": null, "tmin_d6": null, "day_of_year": 86, "uuid": "78d59d74-d19f-4c62-8160-2d02a06b003c", "inat_id": 268381084}}, {"type": "Feature", "geometry": {"type": "Point", "coordinates": [-122.1136555556, 45.5420611111]}, "properties": {"species": "Ganoderma oregonense", "date": "2025-04-05", "location": "Cascade Locks, OR 97014, USA", "elevation": 831.0, "land_cover_label": "Tree cover", "water_mask": false, "exclude_reason": "keep", "ndvi": null, "soil_moisture": null, "solar_exposure": null, "wind_exposure": null, "water_retention": null, "slope": null, "aspect": null, "num_identification_agreements": 1, "cluster": 1, "tavg": null, "tmin": 10.0, "tmax": 21.1, "prcp_d0": 0.0, "prcp_d1": 0.0, "prcp_d2": 0.0, "prcp_d3": 0.0, "prcp_d4": 0.0, "prcp_d5": 73.69692993164062, "prcp_d6": 0.0, "tmax_d0": null, "tmax_d1": null, "tmax_d2": null, "tmax_d3": null, "tmax_d4": null, "tmax_d5": null, "tmax_d6": null, "tmin_d0": null, "tmin_d1": null, "tmin_d2": null, "tmin_d3": null, "tmin_d4": null, "tmin_d5": null, "tmin_d6": null, "day_of_year": 95, "uuid": "1db433e7-a0da-4b33-bd1d-7fe9e7af6a7b", "inat_id": 268850552}}, {"type": "Feature", "geometry": {"type": "Point", "coordinates": [-122.1321861667, 45.6318583333]}, "properties": {"species": "Ganoderma oregonense", "date": "2025-04-05", "location": "McCloskey Creek Rd, Washougal, WA, US", "elevation": 585.0, "land_cover_label": "Tree cover", "water_mask": false, "exclude_reason": "keep", "ndvi": null, "soil_moisture": null, "solar_exposure": null, "wind_exposure": null, "water_retention": null, "slope": null, "aspect": null, "num_identification_agreements": 2, "cluster": 1, "tavg": null, "tmin": 10.0, "tmax": 21.1, "prcp_d0": 0.0, "prcp_d1": 0.0, "prcp_d2": 0.0, "prcp_d3": 0.0, "prcp_d4": 0.0, "prcp_d5": 85.35331726074219, "prcp_d6": 0.0, "tmax_d0": null, "tmax_d1": null, "tmax_d2": null, "tmax_d3": null, "tmax_d4": null, "tmax_d5": null, "tmax_d6": null, "tmin_d0": null, "tmin_d1": null, "tmin_d2": null, "tmin_d3": null, "tmin_d4": null, "tmin_d5": null, "tmin_d6": null, "day_of_year": 95, "uuid": "3647115b-2063-4573-a0b7-6da55a6c6840", "inat_id": 268961757}}, {"type": "Feature", "geometry": {"type": "Point", "coordinates": [-122.1292625352, 45.409435845]}, "properties": {"species": "Ganoderma oregonense", "date": "2025-04-17", "location": "Oregon, US", "elevation": 410.0, "land_cover_label": "Tree cover", "water_mask": false, "exclude_reason": "keep", "ndvi": null, "soil_moisture": null, "solar_exposure": null, "wind_exposure": null, "water_retention": null, "slope": null, "aspect": null, "num_identification_agreements": 1, "cluster": 2, "tavg": null, "tmin": 4.4, "tmax": 21.1, "prcp_d0": 0.0, "prcp_d1": 0.0, "prcp_d2": 0.0, "prcp_d3": 0.0, "prcp_d4": 0.0, "prcp_d5": 0.0, "prcp_d6": 0.0, "tmax_d0": null, "tmax_d1": null, "tmax_d2": null, "tmax_d3": null, "tmax_d4": null, "tmax_d5": null, "tmax_d6": null, "tmin_d0": null, "tmin_d1": null, "tmin_d2": null, "tmin_d3": null, "tmin_d4": null, "tmin_d5": null, "tmin_d6": null, "day_of_year": 107, "uuid": "a3aaa8f1-d1b1-49cd-a029-5345418c63a9", "inat_id": 271694644}}, {"type": "Feature", "geometry": {"type": "Point", "coordinates": [-122.2640028968, 45.401213523]}, "properties": {"species": "Ganoderma oregonense", "date": "2025-07-21", "location": "Sandy, OR 97055, USA", "elevation": 274.0, "land_cover_label": "Tree cover", "water_mask": false, "exclude_reason": "keep", "ndvi": null, "soil_moisture": null, "solar_exposure": null, "wind_exposure": null, "water_retention": null, "slope": null, "aspect": null, "num_identification_agreements": 2, "cluster": 2, "tavg": null, "tmin": 13.3, "tmax": 25.0, "prcp_d0": 0.0, "prcp_d1": 4.228426456451416, "prcp_d2": 0.0, "prcp_d3": 0.0, "prcp_d4": 0.0, "prcp_d5": 0.0, "prcp_d6": 0.0, "tmax_d0": null, "tmax_d1": null, "tmax_d2": null, "tmax_d3": null, "tmax_d4": null, "tmax_d5": null, "tmax_d6": null, "tmin_d0": null, "tmin_d1": null, "tmin_d2": null, "tmin_d3": null, "tmin_d4": null, "tmin_d5": null, "tmin_d6": null, "day_of_year": 202, "uuid": "989e1385-9030-4dad-96e9-e95e2d5df5cd", "inat_id": 299893806}}, {"type": "Feature", "geometry": {"type": "Point", "coordinates": [-122.0908516, 45.546082]}, "properties": {"species": "Ganoderma oregonense", "date": "2025-07-28", "location": "Larch Mountain Trail #441, Oregon, USA", "elevation": 985.0, "land_cover_label": "Tree cover", "water_mask": false, "exclude_reason": "keep", "ndvi": null, "soil_moisture": null, "solar_exposure": null, "wind_exposure": null, "water_retention": null, "slope": null, "aspect": null, "num_identification_agreements": 1, "cluster": 2, "tavg": null, "tmin": 12.8, "tmax": 30.0, "prcp_d0": 0.0, "prcp_d1": 0.0, "prcp_d2": 0.0, "prcp_d3": 0.0, "prcp_d4": 0.0, "prcp_d5": 0.0, "prcp_d6": 0.0, "tmax_d0": null, "tmax_d1": null, "tmax_d2": null, "tmax_d3": null, "tmax_d4": null, "tmax_d5": null, "tmax_d6": null, "tmin_d0": null, "tmin_d1": null, "tmin_d2": null, "tmin_d3": null, "tmin_d4": null, "tmin_d5": null, "tmin_d6": null, "day_of_year": 209, "uuid": "dc3edc32-3476-4934-8720-bc1ec42e164a", "inat_id": 303714473}}, {"type": "Feature", "geometry": {"type": "Point", "coordinates": [-121.8338466667, 45.3800366667]}, "properties": {"species": "Ganoderma oregonense", "date": "2025-08-03", "location": "Clackamas County, US-OR, US", "elevation": 749.0, "land_cover_label": "Tree cover", "water_mask": false, "exclude_reason": "keep", "ndvi": null, "soil_moisture": null, "solar_exposure": null, "wind_exposure": null, "water_retention": null, "slope": null, "aspect": null, "num_identification_agreements": 1, "cluster": 2, "tavg": null, "tmin": 13.8, "tmax": 23.0, "prcp_d0": 0.0, "prcp_d1": 0.0, "prcp_d2": 0.0, "prcp_d3": 0.0, "prcp_d4": 0.0, "prcp_d5": 0.0, "prcp_d6": 0.0, "tmax_d0": null, "tmax_d1": null, "tmax_d2": null, "tmax_d3": null, "tmax_d4": null, "tmax_d5": null, "tmax_d6": null, "tmin_d0": null, "tmin_d1": null, "tmin_d2": null, "tmin_d3": null, "tmin_d4": null, "tmin_d5": null, "tmin_d6": null, "day_of_year": 215, "uuid": "4b47a72a-1715-4feb-9474-308ae2476f7e", "inat_id": 315884023}}, {"type": "Feature", "geometry": {"type": "Point", "coordinates": [-122.2886966667, 45.3206333333]}, "properties": {"species": "Ganoderma oregonense", "date": "2025-08-14", "location": "Eagle Fern Park, Eagle Creek, OR, US", "elevation": 226.0, "land_cover_label": "Tree cover", "water_mask": false, "exclude_reason": "keep", "ndvi": null, "soil_moisture": null, "solar_exposure": null, "wind_exposure": null, "water_retention": null, "slope": null, "aspect": null, "num_identification_agreements": 1, "cluster": 2, "tavg": null, "tmin": 17.8, "tmax": 26.1, "prcp_d0": 0.0, "prcp_d1": 0.0, "prcp_d2": 0.0, "prcp_d3": 0.0, "prcp_d4": 0.0, "prcp_d5": 0.0, "prcp_d6": 0.0, "tmax_d0": null, "tmax_d1": null, "tmax_d2": null, "tmax_d3": null, "tmax_d4": null, "tmax_d5": null, "tmax_d6": null, "tmin_d0": null, "tmin_d1": null, "tmin_d2": null, "tmin_d3": null, "tmin_d4": null, "tmin_d5": null, "tmin_d6": null, "day_of_year": 226, "uuid": "a202b4a9-2779-442f-87e3-b8bbf3a0c126", "inat_id": 306388245}}, {"type": "Feature", "geometry": {"type": "Point", "coordinates": [-122.2909094325, 45.3225447547]}, "properties": {"species": "Ganoderma oregonense", "date": "2025-08-14", "location": "Eagle Fern Park, Eagle Creek, OR, US", "elevation": 247.0, "land_cover_label": "Tree cover", "water_mask": false, "exclude_reason": "keep", "ndvi": null, "soil_moisture": null, "solar_exposure": null, "wind_exposure": null, "water_retention": null, "slope": null, "aspect": null, "num_identification_agreements": 2, "cluster": 2, "tavg": null, "tmin": 17.8, "tmax": 26.1, "prcp_d0": 0.0, "prcp_d1": 0.0, "prcp_d2": 0.0, "prcp_d3": 0.0, "prcp_d4": 0.0, "prcp_d5": 0.0, "prcp_d6": 0.0, "tmax_d0": null, "tmax_d1": null, "tmax_d2": null, "tmax_d3": null, "tmax_d4": null, "tmax_d5": null, "tmax_d6": null, "tmin_d0": null, "tmin_d1": null, "tmin_d2": null, "tmin_d3": null, "tmin_d4": null, "tmin_d5": null, "tmin_d6": null, "day_of_year": 226, "uuid": "a6d715e7-5775-48c5-9171-e3accbd5cb43", "inat_id": 306387080}}, {"type": "Feature", "geometry": {"type": "Point", "coordinates": [-121.9065704167, 45.3229484444]}, "properties": {"species": "Ganoderma oregonense", "date": "2025-08-22", "location": "Rhododendron, OR 97049, USA", "elevation": 543.0, "land_cover_label": "Tree cover", "water_mask": false, "exclude_reason": "keep", "ndvi": null, "soil_moisture": null, "solar_exposure": null, "wind_exposure": null, "water_retention": null, "slope": null, "aspect": null, "num_identification_agreements": 2, "cluster": 2, "tavg": null, "tmin": 12.2, "tmax": 37.8, "prcp_d0": 0.0, "prcp_d1": 0.0, "prcp_d2": 0.0, "prcp_d3": 0.0, "prcp_d4": 0.0, "prcp_d5": 0.0, "prcp_d6": 3.863294839859009, "tmax_d0": null, "tmax_d1": null, "tmax_d2": null, "tmax_d3": null, "tmax_d4": null, "tmax_d5": null, "tmax_d6": null, "tmin_d0": null, "tmin_d1": null, "tmin_d2": null, "tmin_d3": null, "tmin_d4": null, "tmin_d5": null, "tmin_d6": null, "day_of_year": 234, "uuid": "27c1893b-1447-4901-aea3-6021c4a3f796", "inat_id": 308295954}}, {"type": "Feature", "geometry": {"type": "Point", "coordinates": [-121.9437313, 45.3082080694]}, "properties": {"species": "Ganoderma oregonense", "date": "2025-08-22", "location": "Mt Hood Village, OR, USA", "elevation": 485.0, "land_cover_label": "Tree cover", "water_mask": false, "exclude_reason": "keep", "ndvi": null, "soil_moisture": null, "solar_exposure": null, "wind_exposure": null, "water_retention": null, "slope": null, "aspect": null, "num_identification_agreements": 1, "cluster": 2, "tavg": null, "tmin": 12.2, "tmax": 37.8, "prcp_d0": 0.0, "prcp_d1": 0.0, "prcp_d2": 0.0, "prcp_d3": 0.0, "prcp_d4": 0.0, "prcp_d5": 0.0, "prcp_d6": 3.863294839859009, "tmax_d0": null, "tmax_d1": null, "tmax_d2": null, "tmax_d3": null, "tmax_d4": null, "tmax_d5": null, "tmax_d6": null, "tmin_d0": null, "tmin_d1": null, "tmin_d2": null, "tmin_d3": null, "tmin_d4": null, "tmin_d5": null, "tmin_d6": null, "day_of_year": 234, "uuid": "43e70c2e-58e5-4ef7-835e-0a7d0c9f2b74", "inat_id": 308349235}}, {"type": "Feature", "geometry": {"type": "Point", "coordinates": [-121.9067897997, 45.3233806]}, "properties": {"species": "Ganoderma oregonense", "date": "2025-08-22", "location": "Rhododendron, OR 97049, USA", "elevation": 540.0, "land_cover_label": "Tree cover", "water_mask": false, "exclude_reason": "keep", "ndvi": null, "soil_moisture": null, "solar_exposure": null, "wind_exposure": null, "water_retention": null, "slope": null, "aspect": null, "num_identification_agreements": 1, "cluster": 2, "tavg": null, "tmin": 12.2, "tmax": 37.8, "prcp_d0": 0.0, "prcp_d1": 0.0, "prcp_d2": 0.0, "prcp_d3": 0.0, "prcp_d4": 0.0, "prcp_d5": 0.0, "prcp_d6": 3.863294839859009, "tmax_d0": null, "tmax_d1": null, "tmax_d2": null, "tmax_d3": null, "tmax_d4": null, "tmax_d5": null, "tmax_d6": null, "tmin_d0": null, "tmin_d1": null, "tmin_d2": null, "tmin_d3": null, "tmin_d4": null, "tmin_d5": null, "tmin_d6": null, "day_of_year": 234, "uuid": "58899843-d82b-4377-90c1-edaae2d2a8e4", "inat_id": 308610572}}, {"type": "Feature", "geometry": {"type": "Point", "coordinates": [-121.9426563194, 45.3057296667]}, "properties": {"species": "Ganoderma oregonense", "date": "2025-08-22", "location": "Mt Hood Village, OR, USA", "elevation": 473.0, "land_cover_label": "Tree cover", "water_mask": false, "exclude_reason": "keep", "ndvi": null, "soil_moisture": null, "solar_exposure": null, "wind_exposure": null, "water_retention": null, "slope": null, "aspect": null, "num_identification_agreements": 1, "cluster": 2, "tavg": null, "tmin": 12.2, "tmax": 37.8, "prcp_d0": 0.0, "prcp_d1": 0.0, "prcp_d2": 0.0, "prcp_d3": 0.0, "prcp_d4": 0.0, "prcp_d5": 0.0, "prcp_d6": 3.863294839859009, "tmax_d0": null, "tmax_d1": null, "tmax_d2": null, "tmax_d3": null, "tmax_d4": null, "tmax_d5": null, "tmax_d6": null, "tmin_d0": null, "tmin_d1": null, "tmin_d2": null, "tmin_d3": null, "tmin_d4": null, "tmin_d5": null, "tmin_d6": null, "day_of_year": 234, "uuid": "ae2959f2-3366-4428-94a3-21546a9bf14f", "inat_id": 308344506}}, {"type": "Feature", "geometry": {"type": "Point", "coordinates": [-121.9434280278, 45.3084678611]}, "properties": {"species": "Ganoderma oregonense", "date": "2025-08-22", "location": "Mt Hood Village, OR, USA", "elevation": 513.0, "land_cover_label": "Tree cover", "water_mask": false, "exclude_reason": "keep", "ndvi": null, "soil_moisture": null, "solar_exposure": null, "wind_exposure": null, "water_retention": null, "slope": null, "aspect": null, "num_identification_agreements": 2, "cluster": 2, "tavg": null, "tmin": 12.2, "tmax": 37.8, "prcp_d0": 0.0, "prcp_d1": 0.0, "prcp_d2": 0.0, "prcp_d3": 0.0, "prcp_d4": 0.0, "prcp_d5": 0.0, "prcp_d6": 3.863294839859009, "tmax_d0": null, "tmax_d1": null, "tmax_d2": null, "tmax_d3": null, "tmax_d4": null, "tmax_d5": null, "tmax_d6": null, "tmin_d0": null, "tmin_d1": null, "tmin_d2": null, "tmin_d3": null, "tmin_d4": null, "tmin_d5": null, "tmin_d6": null, "day_of_year": 234, "uuid": "f68ed839-bcc6-4633-8771-8ab26606742f", "inat_id": 308292780}}, {"type": "Feature", "geometry": {"type": "Point", "coordinates": [-121.9397191331, 45.2777935646]}, "properties": {"species": "Ganoderma oregonense", "date": "2025-08-23", "location": "Rhododendron, OR 97049, USA", "elevation": 509.0, "land_cover_label": "Tree cover", "water_mask": false, "exclude_reason": "keep", "ndvi": null, "soil_moisture": null, "solar_exposure": null, "wind_exposure": null, "water_retention": null, "slope": null, "aspect": null, "num_identification_agreements": 2, "cluster": 2, "tavg": null, "tmin": 15.0, "tmax": 38.3, "prcp_d0": 0.0, "prcp_d1": 0.0, "prcp_d2": 0.0, "prcp_d3": 0.0, "prcp_d4": 0.0, "prcp_d5": 0.0, "prcp_d6": 0.0, "tmax_d0": null, "tmax_d1": null, "tmax_d2": null, "tmax_d3": null, "tmax_d4": null, "tmax_d5": null, "tmax_d6": null, "tmin_d0": null, "tmin_d1": null, "tmin_d2": null, "tmin_d3": null, "tmin_d4": null, "tmin_d5": null, "tmin_d6": null, "day_of_year": 235, "uuid": "2c3a23e3-d960-498f-af97-f163e7ef88f2", "inat_id": 308622155}}, {"type": "Feature", "geometry": {"type": "Point", "coordinates": [-121.878006445, 45.2983941486]}, "properties": {"species": "Ganoderma oregonense", "date": "2025-09-01", "location": "Oregon, US", "elevation": 640.0, "land_cover_label": "Tree cover", "water_mask": false, "exclude_reason": "keep", "ndvi": null, "soil_moisture": null, "solar_exposure": null, "wind_exposure": null, "water_retention": null, "slope": null, "aspect": null, "num_identification_agreements": 1, "cluster": 2, "tavg": null, "tmin": 16.0, "tmax": 30.3, "prcp_d0": 0.0, "prcp_d1": 0.0, "prcp_d2": 0.0, "prcp_d3": 0.0, "prcp_d4": 0.0, "prcp_d5": 3.5013515949249268, "prcp_d6": 8.408012390136719, "tmax_d0": null, "tmax_d1": null, "tmax_d2": null, "tmax_d3": null, "tmax_d4": null, "tmax_d5": null, "tmax_d6": null, "tmin_d0": null, "tmin_d1": null, "tmin_d2": null, "tmin_d3": null, "tmin_d4": null, "tmin_d5": null, "tmin_d6": null, "day_of_year": 244, "uuid": "7c171aa3-2260-4f77-99dc-8c885bac67f0", "inat_id": 310959506}}, {"type": "Feature", "geometry": {"type": "Point", "coordinates": [-121.9330157988, 45.3945544109]}, "properties": {"species": "Ganoderma oregonense", "date": "2025-09-01", "location": "Oregon, US", "elevation": 1013.0, "land_cover_label": "Tree cover", "water_mask": false, "exclude_reason": "keep", "ndvi": null, "soil_moisture": null, "solar_exposure": null, "wind_exposure": null, "water_retention": null, "slope": null, "aspect": null, "num_identification_agreements": 1, "cluster": 2, "tavg": null, "tmin": 16.0, "tmax": 25.0, "prcp_d0": 0.0, "prcp_d1": 0.0, "prcp_d2": 0.0, "prcp_d3": 0.0, "prcp_d4": 0.0, "prcp_d5": 4.1036882400512695, "prcp_d6": 9.708867073059082, "tmax_d0": null, "tmax_d1": null, "tmax_d2": null, "tmax_d3": null, "tmax_d4": null, "tmax_d5": null, "tmax_d6": null, "tmin_d0": null, "tmin_d1": null, "tmin_d2": null, "tmin_d3": null, "tmin_d4": null, "tmin_d5": null, "tmin_d6": null, "day_of_year": 244, "uuid": "6e5e5cd0-d8c7-4589-a88b-f63a5ceae99b", "inat_id": 310959395}}, {"type": "Feature", "geometry": {"type": "Point", "coordinates": [-121.9474682546, 45.3151067732]}, "properties": {"species": "Ganoderma oregonense", "date": "2025-09-05", "location": "Zigzag Ranger Station, Welches, OR, US", "elevation": 459.0, "land_cover_label": "Tree cover", "water_mask": false, "exclude_reason": "keep", "ndvi": null, "soil_moisture": null, "solar_exposure": null, "wind_exposure": null, "water_retention": null, "slope": null, "aspect": null, "num_identification_agreements": 1, "cluster": 2, "tavg": null, "tmin": 18.0, "tmax": 25.0, "prcp_d0": 8.092513084411621, "prcp_d1": 8.092513084411621, "prcp_d2": 0.0, "prcp_d3": 0.0, "prcp_d4": 0.0, "prcp_d5": 0.0, "prcp_d6": 0.0, "tmax_d0": null, "tmax_d1": null, "tmax_d2": null, "tmax_d3": null, "tmax_d4": null, "tmax_d5": null, "tmax_d6": null, "tmin_d0": null, "tmin_d1": null, "tmin_d2": null, "tmin_d3": null, "tmin_d4": null, "tmin_d5": null, "tmin_d6": null, "day_of_year": 248, "uuid": "dd14aad2-c5ac-4ab1-b0aa-6227df99d321", "inat_id": 320983658}}, {"type": "Feature", "geometry": {"type": "Point", "coordinates": [-122.0331658737, 45.381777745]}, "properties": {"species": "Ganoderma oregonense", "date": "2025-09-21", "location": "E Barlow Trail Rd, Brightwood, OR, US", "elevation": 337.0, "land_cover_label": "Tree cover", "water_mask": false, "exclude_reason": "keep", "ndvi": null, "soil_moisture": null, "solar_exposure": null, "wind_exposure": null, "water_retention": null, "slope": null, "aspect": null, "num_identification_agreements": 1, "cluster": 2, "tavg": null, "tmin": 13.0, "tmax": 22.0, "prcp_d0": 0.0, "prcp_d1": 0.0, "prcp_d2": 0.0, "prcp_d3": 0.0, "prcp_d4": 0.0, "prcp_d5": 0.0, "prcp_d6": 0.0, "tmax_d0": null, "tmax_d1": null, "tmax_d2": null, "tmax_d3": null, "tmax_d4": null, "tmax_d5": null, "tmax_d6": null, "tmin_d0": null, "tmin_d1": null, "tmin_d2": null, "tmin_d3": null, "tmin_d4": null, "tmin_d5": null, "tmin_d6": null, "day_of_year": 264, "uuid": "ff851afb-2873-4994-abbe-1c1882b54dd3", "inat_id": 315651793}}, {"type": "Feature", "geometry": {"type": "Point", "coordinates": [-121.8654701439, 45.5918609125]}, "properties": {"species": "Ganoderma oregonense", "date": "2025-09-21", "location": "Hood River County, US-OR, US", "elevation": 311.0, "land_cover_label": "Tree cover", "water_mask": false, "exclude_reason": "keep", "ndvi": null, "soil_moisture": null, "solar_exposure": null, "wind_exposure": null, "water_retention": null, "slope": null, "aspect": null, "num_identification_agreements": 1, "cluster": 2, "tavg": null, "tmin": 13.0, "tmax": 20.0, "prcp_d0": 0.0, "prcp_d1": 0.0, "prcp_d2": 0.0, "prcp_d3": 0.0, "prcp_d4": 0.0, "prcp_d5": 0.0, "prcp_d6": 0.0, "tmax_d0": null, "tmax_d1": null, "tmax_d2": null, "tmax_d3": null, "tmax_d4": null, "tmax_d5": null, "tmax_d6": null, "tmin_d0": null, "tmin_d1": null, "tmin_d2": null, "tmin_d3": null, "tmin_d4": null, "tmin_d5": null, "tmin_d6": null, "day_of_year": 264, "uuid": "0ce86f21-ec97-41f4-9d6e-e4f4f42ba719", "inat_id": 318018515}}, {"type": "Feature", "geometry": {"type": "Point", "coordinates": [-121.83368, 45.3799533333]}, "properties": {"species": "Ganoderma oregonense", "date": "2025-09-23", "location": "Rhododendron, OR, US", "elevation": 749.0, "land_cover_label": "Tree cover", "water_mask": false, "exclude_reason": "keep", "ndvi": null, "soil_moisture": null, "solar_exposure": null, "wind_exposure": null, "water_retention": null, "slope": null, "aspect": null, "num_identification_agreements": 1, "cluster": 2, "tavg": null, "tmin": 6.0, "tmax": 27.0, "prcp_d0": 0.0, "prcp_d1": 0.0, "prcp_d2": 0.0, "prcp_d3": 0.0, "prcp_d4": 0.0, "prcp_d5": 0.0, "prcp_d6": 0.0, "tmax_d0": null, "tmax_d1": null, "tmax_d2": null, "tmax_d3": null, "tmax_d4": null, "tmax_d5": null, "tmax_d6": null, "tmin_d0": null, "tmin_d1": null, "tmin_d2": null, "tmin_d3": null, "tmin_d4": null, "tmin_d5": null, "tmin_d6": null, "day_of_year": 266, "uuid": "4c8b54d0-9b01-426c-aebe-deb6790a6674", "inat_id": 317514398}}, {"type": "Feature", "geometry": {"type": "Point", "coordinates": [-121.9246220069, 45.2666192097]}, "properties": {"species": "Ganoderma oregonense", "date": "2025-10-10", "location": "Clackamas County, OR, USA", "elevation": 559.0, "land_cover_label": "Tree cover", "water_mask": false, "exclude_reason": "keep", "ndvi": null, "soil_moisture": null, "solar_exposure": null, "wind_exposure": null, "water_retention": null, "slope": null, "aspect": null, "num_identification_agreements": 1, "cluster": 2, "tavg": null, "tmin": 10.6, "tmax": 15.0, "prcp_d0": 5.524641513824463, "prcp_d1": 10.375179290771484, "prcp_d2": 0.0, "prcp_d3": 0.0, "prcp_d4": 0.0, "prcp_d5": 0.0, "prcp_d6": 0.0, "tmax_d0": null, "tmax_d1": null, "tmax_d2": null, "tmax_d3": null, "tmax_d4": null, "tmax_d5": null, "tmax_d6": null, "tmin_d0": null, "tmin_d1": null, "tmin_d2": null, "tmin_d3": null, "tmin_d4": null, "tmin_d5": null, "tmin_d6": null, "day_of_year": 283, "uuid": "355d5973-3485-4cb7-889c-4d2027c86bbe", "inat_id": 322889344}}, {"type": "Feature", "geometry": {"type": "Point", "coordinates": [-121.879529, 45.32002145]}, "properties": {"species": "Ganoderma oregonense", "date": "2025-10-20", "location": "Mt. Hood Park Division Recreation Area, Rhododendron, OR, US", "elevation": 807.0, "land_cover_label": "Tree cover", "water_mask": false, "exclude_reason": "keep", "ndvi": null, "soil_moisture": null, "solar_exposure": null, "wind_exposure": null, "water_retention": null, "slope": null, "aspect": null, "num_identification_agreements": 1, "cluster": 2, "tavg": null, "tmin": 6.0, "tmax": 16.0, "prcp_d0": 2.31465220451355, "prcp_d1": 14.315701484680176, "prcp_d2": 0.0, "prcp_d3": 0.0, "prcp_d4": 0.0, "prcp_d5": 0.0, "prcp_d6": 0.0, "tmax_d0": null, "tmax_d1": null, "tmax_d2": null, "tmax_d3": null, "tmax_d4": null, "tmax_d5": null, "tmax_d6": null, "tmin_d0": null, "tmin_d1": null, "tmin_d2": null, "tmin_d3": null, "tmin_d4": null, "tmin_d5": null, "tmin_d6": null, "day_of_year": 293, "uuid": "9bdc19fe-8491-468f-afd4-bbabbb8d1e77", "inat_id": 322138553}}, {"type": "Feature", "geometry": {"type": "Point", "coordinates": [-121.8132758839, 45.4053406652]}, "properties": {"species": "Ganoderma oregonense", "date": "2025-10-25", "location": "N Forest Rd 1828, Rhododendron, OR, US", "elevation": 1077.0, "land_cover_label": "Tree cover", "water_mask": false, "exclude_reason": "keep", "ndvi": null, "soil_moisture": null, "solar_exposure": null, "wind_exposure": null, "water_retention": null, "slope": null, "aspect": null, "num_identification_agreements": 1, "cluster": 1, "tavg": null, "tmin": 3.0, "tmax": 11.0, "prcp_d0": 33.87777328491211, "prcp_d1": 5.397324562072754, "prcp_d2": 0.0, "prcp_d3": 0.0, "prcp_d4": 0.0, "prcp_d5": 2.405918836593628, "prcp_d6": 14.986899375915527, "tmax_d0": null, "tmax_d1": null, "tmax_d2": null, "tmax_d3": null, "tmax_d4": null, "tmax_d5": null, "tmax_d6": null, "tmin_d0": null, "tmin_d1": null, "tmin_d2": null, "tmin_d3": null, "tmin_d4": null, "tmin_d5": null, "tmin_d6": null, "day_of_year": 298, "uuid": "75af426e-5104-4a63-872f-2ca936a7f24a", "inat_id": 323000001}}, {"type": "Feature", "geometry": {"type": "Point", "coordinates": [-121.5375906229, 45.8044612707]}, "properties": {"species": "Ganoderma oregonense", "date": "2025-11-13", "location": "White Salmon, WA 98672, USA", "elevation": 259.0, "land_cover_label": "Tree cover", "water_mask": false, "exclude_reason": "keep", "ndvi": null, "soil_moisture": null, "solar_exposure": null, "wind_exposure": null, "water_retention": null, "slope": null, "aspect": null, "num_identification_agreements": 1, "cluster": 1, "tavg": null, "tmin": 6.4, "tmax": 12.0, "prcp_d0": 9.06118106842041, "prcp_d1": 9.06118106842041, "prcp_d2": 0.0, "prcp_d3": 16.416057586669922, "prcp_d4": 0.0, "prcp_d5": 0.0, "prcp_d6": 0.0, "tmax_d0": null, "tmax_d1": null, "tmax_d2": null, "tmax_d3": null, "tmax_d4": null, "tmax_d5": null, "tmax_d6": null, "tmin_d0": null, "tmin_d1": null, "tmin_d2": null, "tmin_d3": null, "tmin_d4": null, "tmin_d5": null, "tmin_d6": null, "day_of_year": 317, "uuid": "d80303a4-d47d-499d-96f0-e7025776fff3", "inat_id": 326415288}}, {"type": "Feature", "geometry": {"type": "Point", "coordinates": [-122.2183616667, 45.536255]}, "properties": {"species": "Ganoderma oregonense", "date": "2025-11-28", "location": "Columbia River Gorge, Corbett, OR, US", "elevation": 163.0, "land_cover_label": "Tree cover", "water_mask": false, "exclude_reason": "keep", "ndvi": null, "soil_moisture": null, "solar_exposure": null, "wind_exposure": null, "water_retention": null, "slope": null, "aspect": null, "num_identification_agreements": 1, "cluster": 1, "tavg": null, "tmin": 8.0, "tmax": 12.0, "prcp_d0": 13.005358695983888, "prcp_d1": 2.1348586082458496, "prcp_d2": 9.838236808776855, "prcp_d3": 7.471202373504639, "prcp_d4": 9.67793083190918, "prcp_d5": 5.265736103057861, "prcp_d6": 0.0, "tmax_d0": null, "tmax_d1": null, "tmax_d2": null, "tmax_d3": null, "tmax_d4": null, "tmax_d5": null, "tmax_d6": null, "tmin_d0": null, "tmin_d1": null, "tmin_d2": null, "tmin_d3": null, "tmin_d4": null, "tmin_d5": null, "tmin_d6": null, "day_of_year": 332, "uuid": "c8c917bd-5d30-4cc8-b007-5c2bd2f08d89", "inat_id": 328851571}}, {"type": "Feature", "geometry": {"type": "Point", "coordinates": [-122.29968403, 45.48477641]}, "properties": {"species": "Ganoderma oregonense", "date": "2025-12-24", "location": "Gresham, OR 97080, USA", "elevation": 241.0, "land_cover_label": "Tree cover", "water_mask": false, "exclude_reason": "keep", "ndvi": null, "soil_moisture": null, "solar_exposure": null, "wind_exposure": null, "water_retention": null, "slope": null, "aspect": null, "num_identification_agreements": 2, "cluster": 1, "tavg": null, "tmin": 5.0, "tmax": 11.0, "prcp_d0": 9.118850708007812, "prcp_d1": 0.0, "prcp_d2": 0.0, "prcp_d3": 18.237701416015625, "prcp_d4": 0.0, "prcp_d5": 41.247467041015625, "prcp_d6": 27.49831199645996, "tmax_d0": null, "tmax_d1": null, "tmax_d2": null, "tmax_d3": null, "tmax_d4": null, "tmax_d5": null, "tmax_d6": null, "tmin_d0": null, "tmin_d1": null, "tmin_d2": null, "tmin_d3": null, "tmin_d4": null, "tmin_d5": null, "tmin_d6": null, "day_of_year": 358, "uuid": "1f1b0653-3938-46fc-8abd-eff41e6bbd6f", "inat_id": 331960972}}, {"type": "Feature", "geometry": {"type": "Point", "coordinates": [-122.1571416667, 45.51927]}, "properties": {"species": "Ganoderma oregonense", "date": "2026-02-25", "location": "E Larch Mountain Rd, Corbett, OR, US", "elevation": 600.0, "land_cover_label": "Tree cover", "water_mask": false, "exclude_reason": "keep", "ndvi": null, "soil_moisture": null, "solar_exposure": null, "wind_exposure": null, "water_retention": null, "slope": null, "aspect": null, "num_identification_agreements": 1, "cluster": 1, "tavg": null, "tmin": 1.1, "tmax": 10.6, "prcp_d0": 5.477865695953369, "prcp_d1": 46.24322891235352, "prcp_d2": 53.09040451049805, "prcp_d3": 19.11417388916016, "prcp_d4": 18.80299949645996, "prcp_d5": 0.0, "prcp_d6": 0.0, "tmax_d0": null, "tmax_d1": null, "tmax_d2": null, "tmax_d3": null, "tmax_d4": null, "tmax_d5": null, "tmax_d6": null, "tmin_d0": null, "tmin_d1": null, "tmin_d2": null, "tmin_d3": null, "tmin_d4": null, "tmin_d5": null, "tmin_d6": null, "day_of_year": 56, "uuid": "3b14078e-ae60-4544-a9c4-3b9d16d55be2", "inat_id": 340681645}}, {"type": "Feature", "geometry": {"type": "Point", "coordinates": [-121.966873374, 45.2931985511]}, "properties": {"species": "Ganoderma oregonense", "date": "2026-02-27", "location": "Clackamas County, US-OR, US", "elevation": 618.0, "land_cover_label": "Tree cover", "water_mask": false, "exclude_reason": "keep", "ndvi": null, "soil_moisture": null, "solar_exposure": null, "wind_exposure": null, "water_retention": null, "slope": null, "aspect": null, "num_identification_agreements": 1, "cluster": 3, "tavg": null, "tmin": -0.6, "tmax": 13.3, "prcp_d0": 3.2250540256500244, "prcp_d1": 0.0, "prcp_d2": 3.2130160331726074, "prcp_d3": 28.58973503112793, "prcp_d4": 31.36518669128418, "prcp_d5": 11.623937606811523, "prcp_d6": 11.480110168457031, "tmax_d0": null, "tmax_d1": null, "tmax_d2": null, "tmax_d3": null, "tmax_d4": null, "tmax_d5": null, "tmax_d6": null, "tmin_d0": null, "tmin_d1": null, "tmin_d2": null, "tmin_d3": null, "tmin_d4": null, "tmin_d5": null, "tmin_d6": null, "day_of_year": 58, "uuid": "3dd7b4f9-d79b-46f3-9b9e-1e19bec49afd", "inat_id": 340531892}}, {"type": "Feature", "geometry": {"type": "Point", "coordinates": [-122.2264967674, 45.3063056372]}, "properties": {"species": "Ganoderma oregonense", "date": "2026-03-01", "location": "Clackamas County, OR, USA", "elevation": 370.0, "land_cover_label": "Tree cover", "water_mask": false, "exclude_reason": "keep", "ndvi": null, "soil_moisture": null, "solar_exposure": null, "wind_exposure": null, "water_retention": null, "slope": null, "aspect": null, "num_identification_agreements": 2, "cluster": 1, "tavg": null, "tmin": 5.0, "tmax": 16.0, "prcp_d0": 25.721660614013672, "prcp_d1": 0.0, "prcp_d2": 0.0, "prcp_d3": 0.0, "prcp_d4": 3.3066346645355225, "prcp_d5": 27.826154708862305, "prcp_d6": 32.59324264526367, "tmax_d0": null, "tmax_d1": null, "tmax_d2": null, "tmax_d3": null, "tmax_d4": null, "tmax_d5": null, "tmax_d6": null, "tmin_d0": null, "tmin_d1": null, "tmin_d2": null, "tmin_d3": null, "tmin_d4": null, "tmin_d5": null, "tmin_d6": null, "day_of_year": 60, "uuid": "46aee75d-8d95-4102-94cd-5159545ca026", "inat_id": 340907716}}, {"type": "Feature", "geometry": {"type": "Point", "coordinates": [-122.0439528333, 45.331805]}, "properties": {"species": "Ganoderma oregonense", "date": "2026-04-25", "location": "Zigzag Ranger Station, Sandy, OR, US", "elevation": 1014.0, "land_cover_label": "Tree cover", "water_mask": false, "exclude_reason": "keep", "ndvi": null, "soil_moisture": null, "solar_exposure": null, "wind_exposure": null, "water_retention": null, "slope": null, "aspect": null, "num_identification_agreements": 1, "cluster": 1, "tavg": null, "tmin": 3.9, "tmax": 20.6, "prcp_d0": 0.0, "prcp_d1": 0.0, "prcp_d2": 9.649752616882324, "prcp_d3": 28.949256896972656, "prcp_d4": 0.0, "prcp_d5": 17.842954635620117, "prcp_d6": 0.0, "tmax_d0": null, "tmax_d1": null, "tmax_d2": null, "tmax_d3": null, "tmax_d4": null, "tmax_d5": null, "tmax_d6": null, "tmin_d0": null, "tmin_d1": null, "tmin_d2": null, "tmin_d3": null, "tmin_d4": null, "tmin_d5": null, "tmin_d6": null, "day_of_year": 115, "uuid": "43de0ec3-2bd6-490e-bab5-b6a001f1a524", "inat_id": 353977651}}, {"type": "Feature", "geometry": {"type": "Point", "coordinates": [-122.1139316667, 45.5415716667]}, "properties": {"species": "Ganoderma oregonense", "date": "2026-04-28", "location": "Multnomah County, OR, USA", "elevation": 854.0, "land_cover_label": "Tree cover", "water_mask": false, "exclude_reason": "keep", "ndvi": null, "soil_moisture": null, "solar_exposure": null, "wind_exposure": null, "water_retention": null, "slope": null, "aspect": null, "num_identification_agreements": 1, "cluster": 2, "tavg": null, "tmin": 9.5, "tmax": 14.1, "prcp_d0": 0.0, "prcp_d1": 0.0, "prcp_d2": 0.0, "prcp_d3": 0.0, "prcp_d4": 0.0, "prcp_d5": 0.0, "prcp_d6": 48.23789978027344, "tmax_d0": null, "tmax_d1": null, "tmax_d2": null, "tmax_d3": null, "tmax_d4": null, "tmax_d5": null, "tmax_d6": null, "tmin_d0": null, "tmin_d1": null, "tmin_d2": null, "tmin_d3": null, "tmin_d4": null, "tmin_d5": null, "tmin_d6": null, "day_of_year": 118, "uuid": "549ea12c-5bd9-468c-865f-299609a47572", "inat_id": 356288398}}, {"type": "Feature", "geometry": {"type": "Point", "coordinates": [-122.1829331943, 45.3675313725]}, "properties": {"species": "Ganoderma oregonense", "date": "2026-08-15", "location": "SE Hwy 26, Sandy, OR, US", "elevation": 376.0, "land_cover_label": "Tree cover", "water_mask": false, "exclude_reason": "keep", "ndvi": null, "soil_moisture": null, "solar_exposure": null, "wind_exposure": null, "water_retention": null, "slope": null, "aspect": null, "num_identification_agreements": 2, "cluster": null, "tavg": null, "tmin": 16.7, "tmax": 22.2, "prcp_d0": null, "prcp_d1": null, "prcp_d2": null, "prcp_d3": null, "prcp_d4": null, "prcp_d5": null, "prcp_d6": null, "tmax_d0": null, "tmax_d1": null, "tmax_d2": null, "tmax_d3": null, "tmax_d4": null, "tmax_d5": null, "tmax_d6": null, "tmin_d0": null, "tmin_d1": null, "tmin_d2": null, "tmin_d3": null, "tmin_d4": null, "tmin_d5": null, "tmin_d6": null, "day_of_year": 227, "uuid": "2951fc54-04c7-41a6-943c-67c3531a4cb3", "inat_id": 391575696}}, {"type": "Feature", "geometry": {"type": "Point", "coordinates": [-121.9429138141, 45.3058974217]}, "properties": {"species": "Ganoderma oregonense", "date": "2026-08-18", "location": "Clackamas County, US-OR, US", "elevation": 473.0, "land_cover_label": "Tree cover", "water_mask": false, "exclude_reason": "keep", "ndvi": null, "soil_moisture": null, "solar_exposure": null, "wind_exposure": null, "water_retention": null, "slope": null, "aspect": null, "num_identification_agreements": 1, "cluster": null, "tavg": null, "tmin": 14.4, "tmax": 26.8, "prcp_d0": null, "prcp_d1": null, "prcp_d2": null, "prcp_d3": null, "prcp_d4": null, "prcp_d5": null, "prcp_d6": null, "tmax_d0": null, "tmax_d1": null, "tmax_d2": null, "tmax_d3": null, "tmax_d4": null, "tmax_d5": null, "tmax_d6": null, "tmin_d0": null, "tmin_d1": null, "tmin_d2": null, "tmin_d3": null, "tmin_d4": null, "tmin_d5": null, "tmin_d6": null, "day_of_year": 230, "uuid": "06076f31-2c32-47de-8814-887dd572dce5", "inat_id": 392513163}}]}