{"type": "FeatureCollection", "features": [{"type": "Feature", "geometry": {"type": "Point", "coordinates": [-122.1693747601, 44.761237679]}, "properties": {"species": "Hypomyces lactifluorum", "date": "2007-10-03", "location": "Marion County, OR, USA", "elevation": 574.0, "land_cover_label": "Tree cover", "water_mask": false, "exclude_reason": "keep", "ndvi": null, "soil_moisture": null, "solar_exposure": null, "wind_exposure": null, "water_retention": null, "slope": null, "aspect": null, "num_identification_agreements": 2, "cluster": 0, "tavg": null, "tmin": null, "tmax": null, "prcp_d0": 0.0, "prcp_d1": 0.0, "prcp_d2": 0.0, "prcp_d3": 17.80516242980957, "prcp_d4": 0.0, "prcp_d5": 17.906442642211914, "prcp_d6": 0.0, "tmax_d0": 10.4, "tmax_d1": 12.4, "tmax_d2": 12.2, "tmax_d3": 10.4, "tmax_d4": 11.0, "tmax_d5": 20.9, "tmax_d6": 22.8, "tmin_d0": 7.0, "tmin_d1": 8.0, "tmin_d2": 7.3, "tmin_d3": 8.0, "tmin_d4": 4.9, "tmin_d5": 5.1, "tmin_d6": 9.4, "day_of_year": 276, "uuid": "6869ef9b-b979-4e1b-b6fb-68a28ce33637", "inat_id": 46175311}}, {"type": "Feature", "geometry": {"type": "Point", "coordinates": [-106.426, 35.83395]}, "properties": {"species": "Hypomyces lactifluorum", "date": "2008-08-19", "location": "Jemez Mountains, Los Alamos, New Mexico, USA", "elevation": 2659.0, "land_cover_label": "Tree cover", "water_mask": false, "exclude_reason": "keep", "ndvi": null, "soil_moisture": null, "solar_exposure": null, "wind_exposure": null, "water_retention": null, "slope": null, "aspect": null, "num_identification_agreements": 1, "cluster": 0, "tavg": null, "tmin": 12.0, "tmax": 24.0, "prcp_d0": 0.0, "prcp_d1": 0.0, "prcp_d2": 0.0, "prcp_d3": 0.0, "prcp_d4": 0.0, "prcp_d5": 0.0, "prcp_d6": 0.0, "tmax_d0": null, "tmax_d1": null, "tmax_d2": null, "tmax_d3": null, "tmax_d4": null, "tmax_d5": null, "tmax_d6": null, "tmin_d0": null, "tmin_d1": null, "tmin_d2": null, "tmin_d3": null, "tmin_d4": null, "tmin_d5": null, "tmin_d6": null, "day_of_year": 232, "uuid": "aa978cae-1e8b-4151-8928-f1329ec44727", "inat_id": 60663794}}, {"type": "Feature", "geometry": {"type": "Point", "coordinates": [-105.2359755501, 39.3484782447]}, "properties": {"species": "Hypomyces lactifluorum", "date": "2009-08-16", "location": "Jefferson County, CO, USA", "elevation": 2300.0, "land_cover_label": "Tree cover", "water_mask": false, "exclude_reason": "keep", "ndvi": null, "soil_moisture": 0.1370761549333125, "solar_exposure": 0.7945573925971985, "wind_exposure": 0.3313091099262237, "water_retention": 0.384457916021347, "slope": 4.21491813659668, "aspect": 343.2294616699219, "num_identification_agreements": 2, "cluster": 0, "tavg": null, "tmin": 10.0, "tmax": 25.0, "prcp_d0": 0.0, "prcp_d1": 0.0, "prcp_d2": 6.464234352111816, "prcp_d3": 0.0, "prcp_d4": 0.0, "prcp_d5": 0.0, "prcp_d6": 0.0, "tmax_d0": null, "tmax_d1": null, "tmax_d2": null, "tmax_d3": null, "tmax_d4": null, "tmax_d5": null, "tmax_d6": null, "tmin_d0": null, "tmin_d1": null, "tmin_d2": null, "tmin_d3": null, "tmin_d4": null, "tmin_d5": null, "tmin_d6": null, "day_of_year": 228, "uuid": "b58d67b4-30ae-436c-9157-7a1ed6af98da", "inat_id": 244029152}}, {"type": "Feature", "geometry": {"type": "Point", "coordinates": [-106.8749293709, 37.4378133398]}, "properties": {"species": "Hypomyces lactifluorum", "date": "2010-08-30", "location": "Mineral County, CO, USA", "elevation": 2626.0, "land_cover_label": "Tree cover", "water_mask": false, "exclude_reason": "keep", "ndvi": null, "soil_moisture": null, "solar_exposure": null, "wind_exposure": null, "water_retention": null, "slope": null, "aspect": null, "num_identification_agreements": 2, "cluster": 0, "tavg": null, "tmin": null, "tmax": null, "prcp_d0": 0.0, "prcp_d1": 0.0, "prcp_d2": 0.0, "prcp_d3": 0.0, "prcp_d4": 0.0, "prcp_d5": 13.69691276550293, "prcp_d6": 0.0, "tmax_d0": null, "tmax_d1": null, "tmax_d2": null, "tmax_d3": null, "tmax_d4": null, "tmax_d5": null, "tmax_d6": null, "tmin_d0": null, "tmin_d1": null, "tmin_d2": null, "tmin_d3": null, "tmin_d4": null, "tmin_d5": null, "tmin_d6": null, "day_of_year": 242, "uuid": "c3244ba3-28a6-40f3-af46-7acefc0574c1", "inat_id": 99603235}}, {"type": "Feature", "geometry": {"type": "Point", "coordinates": [-121.994, 45.35235]}, "properties": {"species": "Hypomyces lactifluorum", "date": "2013-08-26", "location": "Wildwood Recreation Site, Brightwood, Clackamas Co., Oregon, USA", "elevation": 393.0, "land_cover_label": "Tree cover", "water_mask": false, "exclude_reason": "keep", "ndvi": null, "soil_moisture": null, "solar_exposure": null, "wind_exposure": null, "water_retention": null, "slope": null, "aspect": null, "num_identification_agreements": 1, "cluster": 0, "tavg": null, "tmin": 17.2, "tmax": 27.8, "prcp_d0": 11.05012035369873, "prcp_d1": 5.977597713470459, "prcp_d2": 0.0, "prcp_d3": 5.977597713470459, "prcp_d4": 0.0, "prcp_d5": 0.0, "prcp_d6": 0.0, "tmax_d0": 23.2, "tmax_d1": 21.3, "tmax_d2": 22.7, "tmax_d3": 28.7, "tmax_d4": 32.4, "tmax_d5": 32.6, "tmax_d6": 26.8, "tmin_d0": 11.5, "tmin_d1": 13.4, "tmin_d2": 13.3, "tmin_d3": 15.3, "tmin_d4": 15.9, "tmin_d5": 13.0, "tmin_d6": 12.6, "day_of_year": 238, "uuid": "f998ae2d-4922-4a71-a5c6-b20d15338a68", "inat_id": 65236761}}, {"type": "Feature", "geometry": {"type": "Point", "coordinates": [-122.0167481, 45.3762302]}, "properties": {"species": "Hypomyces lactifluorum", "date": "2014-10-25", "location": "Brightwood, Mt Hood Village, OR 97011, USA", "elevation": 356.0, "land_cover_label": "Tree cover", "water_mask": false, "exclude_reason": "keep", "ndvi": null, "soil_moisture": null, "solar_exposure": null, "wind_exposure": null, "water_retention": null, "slope": null, "aspect": null, "num_identification_agreements": 1, "cluster": 1, "tavg": null, "tmin": 11.7, "tmax": 18.3, "prcp_d0": 10.662860870361328, "prcp_d1": 10.662860870361328, "prcp_d2": 42.65144348144531, "prcp_d3": 10.662860870361328, "prcp_d4": 0.0, "prcp_d5": 0.0, "prcp_d6": 0.0, "tmax_d0": 16.6, "tmax_d1": 13.9, "tmax_d2": 13.6, "tmax_d3": 14.1, "tmax_d4": 14.4, "tmax_d5": 20.4, "tmax_d6": 22.2, "tmin_d0": 9.8, "tmin_d1": 8.4, "tmin_d2": 11.2, "tmin_d3": 10.8, "tmin_d4": 9.9, "tmin_d5": 12.8, "tmin_d6": 12.1, "day_of_year": 298, "uuid": "25c04f1c-4554-47c9-81f1-902d61c777e9", "inat_id": 9409541}}, {"type": "Feature", "geometry": {"type": "Point", "coordinates": [-107.4425, 37.47905]}, "properties": {"species": "Hypomyces lactifluorum", "date": "2016-08-19", "location": "Pine River Trail, Weminuche Wilderness, Colorado, USA", "elevation": 2492.0, "land_cover_label": "Tree cover", "water_mask": false, "exclude_reason": "keep", "ndvi": null, "soil_moisture": null, "solar_exposure": null, "wind_exposure": null, "water_retention": null, "slope": null, "aspect": null, "num_identification_agreements": 1, "cluster": 0, "tavg": null, "tmin": 8.3, "tmax": 25.6, "prcp_d0": 0.0, "prcp_d1": 0.0, "prcp_d2": 0.0, "prcp_d3": 0.0, "prcp_d4": 0.0, "prcp_d5": 0.0, "prcp_d6": 0.0, "tmax_d0": null, "tmax_d1": null, "tmax_d2": null, "tmax_d3": null, "tmax_d4": null, "tmax_d5": null, "tmax_d6": null, "tmin_d0": null, "tmin_d1": null, "tmin_d2": null, "tmin_d3": null, "tmin_d4": null, "tmin_d5": null, "tmin_d6": null, "day_of_year": 232, "uuid": "84ffeb32-a38d-4a70-a96d-cc513fb02b6a", "inat_id": 7001664}}, {"type": "Feature", "geometry": {"type": "Point", "coordinates": [-121.8270749202, 45.3367168096]}, "properties": {"species": "Hypomyces lactifluorum", "date": "2016-09-21", "location": "Oregon, US", "elevation": 1238.0, "land_cover_label": "Tree cover", "water_mask": false, "exclude_reason": "keep", "ndvi": null, "soil_moisture": null, "solar_exposure": null, "wind_exposure": null, "water_retention": null, "slope": null, "aspect": null, "num_identification_agreements": 3, "cluster": 0, "tavg": null, "tmin": null, "tmax": null, "prcp_d0": 0.0, "prcp_d1": 0.0, "prcp_d2": 0.0, "prcp_d3": 0.0, "prcp_d4": 0.0, "prcp_d5": 0.0, "prcp_d6": 0.0, "tmax_d0": 14.1, "tmax_d1": 14.8, "tmax_d2": 12.2, "tmax_d3": 12.6, "tmax_d4": 20.6, "tmax_d5": 22.8, "tmax_d6": 21.7, "tmin_d0": 1.5, "tmin_d1": 5.4, "tmin_d2": 6.0, "tmin_d3": 10.0, "tmin_d4": 9.6, "tmin_d5": 7.5, "tmin_d6": 7.6, "day_of_year": 265, "uuid": "397cfea8-38fd-4d56-a078-6c8a731ca811", "inat_id": 4167322}}, {"type": "Feature", "geometry": {"type": "Point", "coordinates": [-121.9049802435, 45.3949308862]}, "properties": {"species": "Hypomyces lactifluorum", "date": "2016-09-21", "location": "Oregon, US", "elevation": 682.0, "land_cover_label": "Tree cover", "water_mask": false, "exclude_reason": "keep", "ndvi": null, "soil_moisture": null, "solar_exposure": null, "wind_exposure": null, "water_retention": null, "slope": null, "aspect": null, "num_identification_agreements": 2, "cluster": 0, "tavg": null, "tmin": 9.4, "tmax": 23.3, "prcp_d0": 0.0, "prcp_d1": 0.0, "prcp_d2": 0.0, "prcp_d3": 0.0, "prcp_d4": 0.0, "prcp_d5": 0.0, "prcp_d6": 0.0, "tmax_d0": 16.9, "tmax_d1": 16.8, "tmax_d2": 14.5, "tmax_d3": 15.0, "tmax_d4": 22.5, "tmax_d5": 24.3, "tmax_d6": 23.1, "tmin_d0": 4.3, "tmin_d1": 7.7, "tmin_d2": 8.7, "tmin_d3": 12.4, "tmin_d4": 11.8, "tmin_d5": 9.3, "tmin_d6": 9.2, "day_of_year": 265, "uuid": "0278d4cf-209b-4b2a-bce7-b9c15efa43be", "inat_id": 4167304}}, {"type": "Feature", "geometry": {"type": "Point", "coordinates": [-121.9907986651, 45.2947684494]}, "properties": {"species": "Hypomyces lactifluorum", "date": "2016-09-29", "location": "Clackamas County, US-OR, US", "elevation": 887.0, "land_cover_label": "Tree cover", "water_mask": false, "exclude_reason": "keep", "ndvi": null, "soil_moisture": null, "solar_exposure": null, "wind_exposure": null, "water_retention": null, "slope": null, "aspect": null, "num_identification_agreements": 4, "cluster": 0, "tavg": null, "tmin": 8.9, "tmax": 20.0, "prcp_d0": 0.0, "prcp_d1": 0.0, "prcp_d2": 0.0, "prcp_d3": 0.0, "prcp_d4": 0.0, "prcp_d5": 0.0, "prcp_d6": 0.0, "tmax_d0": 18.0, "tmax_d1": 19.4, "tmax_d2": 24.5, "tmax_d3": 27.4, "tmax_d4": 24.6, "tmax_d5": 16.5, "tmax_d6": 11.4, "tmin_d0": 7.5, "tmin_d1": 8.3, "tmin_d2": 10.5, "tmin_d3": 11.3, "tmin_d4": 7.3, "tmin_d5": 4.1, "tmin_d6": 6.8, "day_of_year": 273, "uuid": "01647b6c-091b-4ef6-8b18-378f5af00270", "inat_id": 4236411}}, {"type": "Feature", "geometry": {"type": "Point", "coordinates": [-121.851228188, 45.2688783024]}, "properties": {"species": "Hypomyces lactifluorum", "date": "2016-09-30", "location": "Clackamas County, US-OR, US", "elevation": 1261.0, "land_cover_label": "Tree cover", "water_mask": false, "exclude_reason": "keep", "ndvi": null, "soil_moisture": null, "solar_exposure": null, "wind_exposure": null, "water_retention": null, "slope": null, "aspect": null, "num_identification_agreements": 3, "cluster": 0, "tavg": null, "tmin": null, "tmax": null, "prcp_d0": 0.0, "prcp_d1": 0.0, "prcp_d2": 0.0, "prcp_d3": 0.0, "prcp_d4": 0.0, "prcp_d5": 0.0, "prcp_d6": 0.0, "tmax_d0": 12.5, "tmax_d1": 16.5, "tmax_d2": 18.1, "tmax_d3": 22.8, "tmax_d4": 25.8, "tmax_d5": 23.1, "tmax_d6": 14.9, "tmin_d0": 3.0, "tmin_d1": 5.8, "tmin_d2": 6.4, "tmin_d3": 8.5, "tmin_d4": 9.5, "tmin_d5": 5.6, "tmin_d6": 1.9, "day_of_year": 274, "uuid": "de4de205-6e14-4128-8b08-5763f3067ff2", "inat_id": 4242539}}, {"type": "Feature", "geometry": {"type": "Point", "coordinates": [-121.871031113, 45.2972166766]}, "properties": {"species": "Hypomyces lactifluorum", "date": "2016-10-09", "location": "Rhododendron, OR 97049", "elevation": 660.0, "land_cover_label": "Tree cover", "water_mask": false, "exclude_reason": "keep", "ndvi": null, "soil_moisture": null, "solar_exposure": null, "wind_exposure": null, "water_retention": null, "slope": null, "aspect": null, "num_identification_agreements": 4, "cluster": 0, "tavg": null, "tmin": 11.1, "tmax": 16.7, "prcp_d0": 0.0, "prcp_d1": 0.0, "prcp_d2": 0.0, "prcp_d3": 0.0, "prcp_d4": 0.0, "prcp_d5": 0.0, "prcp_d6": 0.0, "tmax_d0": 17.1, "tmax_d1": 17.9, "tmax_d2": 11.9, "tmax_d3": 12.9, "tmax_d4": 10.5, "tmax_d5": 11.3, "tmax_d6": 11.5, "tmin_d0": 12.0, "tmin_d1": 9.7, "tmin_d2": 9.1, "tmin_d3": 8.1, "tmin_d4": 7.7, "tmin_d5": 7.1, "tmin_d6": 3.5, "day_of_year": 283, "uuid": "f8164e1b-9129-4bd8-98b4-15787a0e8ade", "inat_id": 4308351}}, {"type": "Feature", "geometry": {"type": "Point", "coordinates": [-121.9032219797, 44.7535169282]}, "properties": {"species": "Hypomyces lactifluorum", "date": "2016-10-14", "location": "Detroit, OR 97342, USA", "elevation": 915.0, "land_cover_label": "Tree cover", "water_mask": false, "exclude_reason": "keep", "ndvi": null, "soil_moisture": null, "solar_exposure": null, "wind_exposure": null, "water_retention": null, "slope": null, "aspect": null, "num_identification_agreements": 1, "cluster": 1, "tavg": null, "tmin": null, "tmax": null, "prcp_d0": 32.69377517700195, "prcp_d1": 49.04066467285156, "prcp_d2": 0.0, "prcp_d3": 0.0, "prcp_d4": 0.0, "prcp_d5": 0.0, "prcp_d6": 0.0, "tmax_d0": 11.4, "tmax_d1": 16.6, "tmax_d2": 18.3, "tmax_d3": 12.8, "tmax_d4": 15.1, "tmax_d5": 17.0, "tmax_d6": 18.6, "tmin_d0": 6.2, "tmin_d1": 8.8, "tmin_d2": 1.7, "tmin_d3": 2.2, "tmin_d4": 7.1, "tmin_d5": 10.0, "tmin_d6": 9.0, "day_of_year": 288, "uuid": "85318c82-91aa-4e1b-b0cc-1c90b023ce1d", "inat_id": 181657057}}, {"type": "Feature", "geometry": {"type": "Point", "coordinates": [-122.3391754399, 44.8485642166]}, "properties": {"species": "Hypomyces lactifluorum", "date": "2016-11-04", "location": "Marion County, OR, USA", "elevation": 626.0, "land_cover_label": "Tree cover", "water_mask": false, "exclude_reason": "keep", "ndvi": null, "soil_moisture": null, "solar_exposure": null, "wind_exposure": null, "water_retention": null, "slope": null, "aspect": null, "num_identification_agreements": 1, "cluster": 2, "tavg": null, "tmin": null, "tmax": null, "prcp_d0": 0.0, "prcp_d1": 0.0, "prcp_d2": 0.0, "prcp_d3": 0.0, "prcp_d4": 14.69833278656006, "prcp_d5": 29.39666557312012, "prcp_d6": 0.0, "tmax_d0": 19.6, "tmax_d1": 17.7, "tmax_d2": 19.0, "tmax_d3": 11.7, "tmax_d4": 11.0, "tmax_d5": 12.6, "tmax_d6": 14.7, "tmin_d0": 7.4, "tmin_d1": 7.2, "tmin_d2": 7.4, "tmin_d3": 6.6, "tmin_d4": 6.3, "tmin_d5": 6.7, "tmin_d6": 7.8, "day_of_year": 309, "uuid": "ca213b0c-c0a3-4ed7-a698-3d4d9a5893fd", "inat_id": 52725004}}, {"type": "Feature", "geometry": {"type": "Point", "coordinates": [-104.8245048523, 39.2333168692]}, "properties": {"species": "Hypomyces lactifluorum", "date": "2017-09-11", "location": "Douglas County, CO, USA", "elevation": 2153.0, "land_cover_label": "Grassland", "water_mask": false, "exclude_reason": "keep", "ndvi": null, "soil_moisture": 0.157542970545371, "solar_exposure": 0.7927268147468567, "wind_exposure": 0.3528561294078827, "water_retention": 0.2587301433086395, "slope": 5.433899402618408, "aspect": 317.8841857910156, "num_identification_agreements": 3, "cluster": 0, "tavg": null, "tmin": 12.1, "tmax": 27.4, "prcp_d0": 0.0, "prcp_d1": 0.0, "prcp_d2": 0.0, "prcp_d3": 0.0, "prcp_d4": 0.0, "prcp_d5": 0.0, "prcp_d6": 0.0, "tmax_d0": null, "tmax_d1": null, "tmax_d2": null, "tmax_d3": null, "tmax_d4": null, "tmax_d5": null, "tmax_d6": null, "tmin_d0": null, "tmin_d1": null, "tmin_d2": null, "tmin_d3": null, "tmin_d4": null, "tmin_d5": null, "tmin_d6": null, "day_of_year": 254, "uuid": "a867f066-45f4-4f72-b5ff-90aa3bfdd883", "inat_id": 7881499}}, {"type": "Feature", "geometry": {"type": "Point", "coordinates": [-104.8251914978, 39.2303915798]}, "properties": {"species": "Hypomyces lactifluorum", "date": "2017-09-11", "location": "Douglas County, CO, USA", "elevation": 2164.0, "land_cover_label": "Grassland", "water_mask": false, "exclude_reason": "keep", "ndvi": null, "soil_moisture": 0.1571796279416376, "solar_exposure": 0.8450841307640076, "wind_exposure": 0.3364577889442444, "water_retention": 0.2456611394882202, "slope": 3.3043196201324463, "aspect": 100.8376693725586, "num_identification_agreements": 3, "cluster": 0, "tavg": null, "tmin": 12.1, "tmax": 27.4, "prcp_d0": 0.0, "prcp_d1": 0.0, "prcp_d2": 0.0, "prcp_d3": 0.0, "prcp_d4": 0.0, "prcp_d5": 0.0, "prcp_d6": 0.0, "tmax_d0": null, "tmax_d1": null, "tmax_d2": null, "tmax_d3": null, "tmax_d4": null, "tmax_d5": null, "tmax_d6": null, "tmin_d0": null, "tmin_d1": null, "tmin_d2": null, "tmin_d3": null, "tmin_d4": null, "tmin_d5": null, "tmin_d6": null, "day_of_year": 254, "uuid": "a65ec61f-28e2-4a7c-be1f-8414926bdd39", "inat_id": 7881500}}, {"type": "Feature", "geometry": {"type": "Point", "coordinates": [-103.45907, 43.9305616667]}, "properties": {"species": "Hypomyces lactifluorum", "date": "2018-07-25", "location": "Black Hills National Forest, Keystone, SD, US", "elevation": 1552.0, "land_cover_label": "Tree cover", "water_mask": false, "exclude_reason": "keep", "ndvi": null, "soil_moisture": null, "solar_exposure": null, "wind_exposure": null, "water_retention": null, "slope": null, "aspect": null, "num_identification_agreements": 4, "cluster": 0, "tavg": null, "tmin": 13.9, "tmax": 21.7, "prcp_d0": 0.0, "prcp_d1": 0.0, "prcp_d2": 0.0, "prcp_d3": 41.40475845336914, "prcp_d4": 0.0, "prcp_d5": 0.0, "prcp_d6": 0.0, "tmax_d0": null, "tmax_d1": null, "tmax_d2": null, "tmax_d3": null, "tmax_d4": null, "tmax_d5": null, "tmax_d6": null, "tmin_d0": null, "tmin_d1": null, "tmin_d2": null, "tmin_d3": null, "tmin_d4": null, "tmin_d5": null, "tmin_d6": null, "day_of_year": 206, "uuid": "e01a1e28-d967-42aa-b96c-5fbacfaadfca", "inat_id": 14739034}}, {"type": "Feature", "geometry": {"type": "Point", "coordinates": [-104.9068833333, 38.7863583333]}, "properties": {"species": "Hypomyces lactifluorum", "date": "2018-08-24", "location": "Pike National Forest, Manitou Springs, CO, US", "elevation": 2374.0, "land_cover_label": "Tree cover", "water_mask": false, "exclude_reason": "keep", "ndvi": null, "soil_moisture": null, "solar_exposure": null, "wind_exposure": null, "water_retention": null, "slope": null, "aspect": null, "num_identification_agreements": 3, "cluster": 0, "tavg": null, "tmin": 14.0, "tmax": 28.4, "prcp_d0": 0.0, "prcp_d1": 0.0, "prcp_d2": 10.87308406829834, "prcp_d3": 0.0, "prcp_d4": 0.0054140416905283, "prcp_d5": 0.4838600754737854, "prcp_d6": 10.143988609313965, "tmax_d0": null, "tmax_d1": null, "tmax_d2": null, "tmax_d3": null, "tmax_d4": null, "tmax_d5": null, "tmax_d6": null, "tmin_d0": null, "tmin_d1": null, "tmin_d2": null, "tmin_d3": null, "tmin_d4": null, "tmin_d5": null, "tmin_d6": null, "day_of_year": 236, "uuid": "e1d0bc83-e6ca-462c-babe-93e908d90585", "inat_id": 15949649}}, {"type": "Feature", "geometry": {"type": "Point", "coordinates": [-121.795, 45.30895]}, "properties": {"species": "Hypomyces lactifluorum", "date": "2018-09-19", "location": "Barlow Trail, Laurel Ridge, Government Camp, Zigzag Ranger District, Mount Hood National Forest, Clackamas Co., Oregon, USA", "elevation": 1029.0, "land_cover_label": "Tree cover", "water_mask": false, "exclude_reason": "keep", "ndvi": null, "soil_moisture": null, "solar_exposure": null, "wind_exposure": null, "water_retention": null, "slope": null, "aspect": null, "num_identification_agreements": 2, "cluster": 0, "tavg": null, "tmin": null, "tmax": null, "prcp_d0": 0.0, "prcp_d1": 0.0, "prcp_d2": 0.0, "prcp_d3": 8.477232933044434, "prcp_d4": 0.0, "prcp_d5": 0.0, "prcp_d6": 0.0, "tmax_d0": 13.0, "tmax_d1": 16.6, "tmax_d2": 14.7, "tmax_d3": 10.7, "tmax_d4": 12.9, "tmax_d5": 13.8, "tmax_d6": 12.1, "tmin_d0": 5.5, "tmin_d1": 3.9, "tmin_d2": 0.5, "tmin_d3": 5.9, "tmin_d4": 5.2, "tmin_d5": 1.6, "tmin_d6": 4.7, "day_of_year": 262, "uuid": "1f0ab3ca-d58d-4f9a-a076-5dd0ca60697b", "inat_id": 16783646}}, {"type": "Feature", "geometry": {"type": "Point", "coordinates": [-121.795, 45.30895]}, "properties": {"species": "Hypomyces lactifluorum", "date": "2018-09-23", "location": "Barlow Trail, Laurel Ridge, Government Camp, Zigzag Ranger District, Mount Hood National Forest, Clackamas Co., Oregon, USA", "elevation": 1029.0, "land_cover_label": "Tree cover", "water_mask": false, "exclude_reason": "keep", "ndvi": null, "soil_moisture": null, "solar_exposure": null, "wind_exposure": null, "water_retention": null, "slope": null, "aspect": null, "num_identification_agreements": 2, "cluster": 0, "tavg": null, "tmin": null, "tmax": null, "prcp_d0": 0.0, "prcp_d1": 6.330986022949219, "prcp_d2": 0.0, "prcp_d3": 0.0, "prcp_d4": 0.0, "prcp_d5": 0.0, "prcp_d6": 0.0, "tmax_d0": 9.5, "tmax_d1": 16.3, "tmax_d2": 19.5, "tmax_d3": 14.4, "tmax_d4": 13.0, "tmax_d5": 16.6, "tmax_d6": 14.7, "tmin_d0": 4.1, "tmin_d1": 8.9, "tmin_d2": 8.2, "tmin_d3": 5.6, "tmin_d4": 5.5, "tmin_d5": 3.9, "tmin_d6": 0.5, "day_of_year": 266, "uuid": "d7ac54e0-f11d-427f-9641-f83f17fce2c5", "inat_id": 16918376}}, {"type": "Feature", "geometry": {"type": "Point", "coordinates": [-103.5633988077, 44.1329093786]}, "properties": {"species": "Hypomyces lactifluorum", "date": "2019-07-24", "location": "United States", "elevation": 1600.0, "land_cover_label": "Grassland", "water_mask": false, "exclude_reason": "keep", "ndvi": null, "soil_moisture": null, "solar_exposure": null, "wind_exposure": null, "water_retention": null, "slope": null, "aspect": null, "num_identification_agreements": 2, "cluster": 0, "tavg": null, "tmin": 15.6, "tmax": 33.3, "prcp_d0": 15.924673080444336, "prcp_d1": 0.0, "prcp_d2": 0.0, "prcp_d3": 0.0, "prcp_d4": 0.0, "prcp_d5": 0.0, "prcp_d6": 3.841621160507202, "tmax_d0": null, "tmax_d1": null, "tmax_d2": null, "tmax_d3": null, "tmax_d4": null, "tmax_d5": null, "tmax_d6": null, "tmin_d0": null, "tmin_d1": null, "tmin_d2": null, "tmin_d3": null, "tmin_d4": null, "tmin_d5": null, "tmin_d6": null, "day_of_year": 205, "uuid": "bec1f5d9-40e6-43eb-a177-33f1baed89df", "inat_id": 29674891}}, {"type": "Feature", "geometry": {"type": "Point", "coordinates": [-103.4825133333, 43.626525]}, "properties": {"species": "Hypomyces lactifluorum", "date": "2019-07-27", "location": "Wind Cave National Park, Custer, SD, US", "elevation": 1517.0, "land_cover_label": "Tree cover", "water_mask": false, "exclude_reason": "keep", "ndvi": null, "soil_moisture": null, "solar_exposure": null, "wind_exposure": null, "water_retention": null, "slope": null, "aspect": null, "num_identification_agreements": 3, "cluster": 0, "tavg": null, "tmin": 12.2, "tmax": 23.9, "prcp_d0": 0.0, "prcp_d1": 0.0, "prcp_d2": 0.0, "prcp_d3": 6.364073753356934, "prcp_d4": 0.0, "prcp_d5": 0.0, "prcp_d6": 0.0, "tmax_d0": null, "tmax_d1": null, "tmax_d2": null, "tmax_d3": null, "tmax_d4": null, "tmax_d5": null, "tmax_d6": null, "tmin_d0": null, "tmin_d1": null, "tmin_d2": null, "tmin_d3": null, "tmin_d4": null, "tmin_d5": null, "tmin_d6": null, "day_of_year": 208, "uuid": "8995df51-4064-4dcb-bfb2-502455eb33a8", "inat_id": 29687460}}, {"type": "Feature", "geometry": {"type": "Point", "coordinates": [-103.4451853173, 44.0785703158]}, "properties": {"species": "Hypomyces lactifluorum", "date": "2019-08-06", "location": "Pennington County, US-SD, US", "elevation": 1409.0, "land_cover_label": "Tree cover", "water_mask": false, "exclude_reason": "keep", "ndvi": null, "soil_moisture": null, "solar_exposure": null, "wind_exposure": null, "water_retention": null, "slope": null, "aspect": null, "num_identification_agreements": 3, "cluster": 0, "tavg": null, "tmin": 13.9, "tmax": 32.8, "prcp_d0": 0.0, "prcp_d1": 4.205179214477539, "prcp_d2": 4.205179214477539, "prcp_d3": 0.0, "prcp_d4": 0.0, "prcp_d5": 4.205179214477539, "prcp_d6": 13.250107765197754, "tmax_d0": 27.5, "tmax_d1": 24.8, "tmax_d2": 26.8, "tmax_d3": 26.1, "tmax_d4": 23.6, "tmax_d5": 26.2, "tmax_d6": 28.9, "tmin_d0": 17.4, "tmin_d1": 18.1, "tmin_d2": 17.4, "tmin_d3": 14.0, "tmin_d4": 14.7, "tmin_d5": 18.1, "tmin_d6": 16.7, "day_of_year": 218, "uuid": "06315d0b-fce7-4ddb-a896-98e23d43b1b3", "inat_id": 314897136}}, {"type": "Feature", "geometry": {"type": "Point", "coordinates": [-103.2293903735, 44.0687058913]}, "properties": {"species": "Hypomyces lactifluorum", "date": "2019-08-09", "location": "624 Saint Andrew St, Rapid City, SD, US", "elevation": 1013.0, "land_cover_label": "Tree cover", "water_mask": false, "exclude_reason": "keep", "ndvi": null, "soil_moisture": null, "solar_exposure": null, "wind_exposure": null, "water_retention": null, "slope": null, "aspect": null, "num_identification_agreements": 3, "cluster": 0, "tavg": null, "tmin": 16.7, "tmax": 30.6, "prcp_d0": 7.288390636444092, "prcp_d1": 0.0, "prcp_d2": 0.0, "prcp_d3": 0.0, "prcp_d4": 3.857978820800781, "prcp_d5": 3.857978820800781, "prcp_d6": 0.0, "tmax_d0": null, "tmax_d1": null, "tmax_d2": null, "tmax_d3": null, "tmax_d4": null, "tmax_d5": null, "tmax_d6": null, "tmin_d0": null, "tmin_d1": null, "tmin_d2": null, "tmin_d3": null, "tmin_d4": null, "tmin_d5": null, "tmin_d6": null, "day_of_year": 221, "uuid": "b8d8ac10-cf21-4146-ab5b-f4847ec81b53", "inat_id": 30499661}}, {"type": "Feature", "geometry": {"type": "Point", "coordinates": [-103.2293524873, 44.0686997306]}, "properties": {"species": "Hypomyces lactifluorum", "date": "2019-08-09", "location": "624 Saint Andrew St, Rapid City, SD, US", "elevation": 1013.0, "land_cover_label": "Tree cover", "water_mask": false, "exclude_reason": "keep", "ndvi": null, "soil_moisture": null, "solar_exposure": null, "wind_exposure": null, "water_retention": null, "slope": null, "aspect": null, "num_identification_agreements": 3, "cluster": 0, "tavg": null, "tmin": 16.7, "tmax": 30.6, "prcp_d0": 7.288390636444092, "prcp_d1": 0.0, "prcp_d2": 0.0, "prcp_d3": 0.0, "prcp_d4": 3.857978820800781, "prcp_d5": 3.857978820800781, "prcp_d6": 0.0, "tmax_d0": null, "tmax_d1": null, "tmax_d2": null, "tmax_d3": null, "tmax_d4": null, "tmax_d5": null, "tmax_d6": null, "tmin_d0": null, "tmin_d1": null, "tmin_d2": null, "tmin_d3": null, "tmin_d4": null, "tmin_d5": null, "tmin_d6": null, "day_of_year": 221, "uuid": "781045f3-70f0-49c4-978e-acdbdb71881e", "inat_id": 30499614}}, {"type": "Feature", "geometry": {"type": "Point", "coordinates": [-103.4295750508, 43.9004911385]}, "properties": {"species": "Hypomyces lactifluorum", "date": "2019-08-14", "location": "Keystone, SD 57751, USA", "elevation": 1410.0, "land_cover_label": "Bare / sparse vegetation", "water_mask": false, "exclude_reason": "keep", "ndvi": null, "soil_moisture": null, "solar_exposure": null, "wind_exposure": null, "water_retention": null, "slope": null, "aspect": null, "num_identification_agreements": 2, "cluster": 0, "tavg": null, "tmin": 10.0, "tmax": 20.0, "prcp_d0": 9.613019943237305, "prcp_d1": 0.0, "prcp_d2": 9.613019943237305, "prcp_d3": 0.0, "prcp_d4": 0.0, "prcp_d5": 10.086577415466309, "prcp_d6": 0.0, "tmax_d0": null, "tmax_d1": null, "tmax_d2": null, "tmax_d3": null, "tmax_d4": null, "tmax_d5": null, "tmax_d6": null, "tmin_d0": null, "tmin_d1": null, "tmin_d2": null, "tmin_d3": null, "tmin_d4": null, "tmin_d5": null, "tmin_d6": null, "day_of_year": 226, "uuid": "18cdf27a-6e46-45d5-9b4b-3b2a88c4a932", "inat_id": 31050196}}, {"type": "Feature", "geometry": {"type": "Point", "coordinates": [-121.9203283434, 45.3013738255]}, "properties": {"species": "Hypomyces lactifluorum", "date": "2019-08-16", "location": "Mt. Hood National Forest, Rhododendron, OR, US", "elevation": 1198.0, "land_cover_label": "Tree cover", "water_mask": false, "exclude_reason": "keep", "ndvi": null, "soil_moisture": null, "solar_exposure": null, "wind_exposure": null, "water_retention": null, "slope": null, "aspect": null, "num_identification_agreements": 1, "cluster": 0, "tavg": null, "tmin": 16.1, "tmax": 24.4, "prcp_d0": 0.0, "prcp_d1": 0.0, "prcp_d2": 0.0, "prcp_d3": 0.0, "prcp_d4": 0.0, "prcp_d5": 0.0, "prcp_d6": 13.770584106445312, "tmax_d0": 16.2, "tmax_d1": 19.3, "tmax_d2": 21.1, "tmax_d3": 21.4, "tmax_d4": 19.4, "tmax_d5": 14.1, "tmax_d6": 16.5, "tmin_d0": 8.8, "tmin_d1": 10.6, "tmin_d2": 9.5, "tmin_d3": 7.5, "tmin_d4": 4.7, "tmin_d5": 8.2, "tmin_d6": 6.7, "day_of_year": 228, "uuid": "168db05d-a92b-4832-a2d0-80883a85365c", "inat_id": 30943865}}, {"type": "Feature", "geometry": {"type": "Point", "coordinates": [-106.778289685, 37.2406827193]}, "properties": {"species": "Hypomyces lactifluorum", "date": "2019-08-18", "location": "Archuleta County, US-CO, US", "elevation": 2621.0, "land_cover_label": "Tree cover", "water_mask": false, "exclude_reason": "keep", "ndvi": null, "soil_moisture": null, "solar_exposure": null, "wind_exposure": null, "water_retention": null, "slope": null, "aspect": null, "num_identification_agreements": 2, "cluster": 0, "tavg": null, "tmin": null, "tmax": null, "prcp_d0": 0.0, "prcp_d1": 0.0, "prcp_d2": 0.0, "prcp_d3": 0.0, "prcp_d4": 0.0, "prcp_d5": 0.0, "prcp_d6": 0.0, "tmax_d0": null, "tmax_d1": null, "tmax_d2": null, "tmax_d3": null, "tmax_d4": null, "tmax_d5": null, "tmax_d6": null, "tmin_d0": null, "tmin_d1": null, "tmin_d2": null, "tmin_d3": null, "tmin_d4": null, "tmin_d5": null, "tmin_d6": null, "day_of_year": 230, "uuid": "4f9967ee-86b1-47b0-8284-616ff796f266", "inat_id": 31275076}}, {"type": "Feature", "geometry": {"type": "Point", "coordinates": [-106.7709413092, 37.2461112922]}, "properties": {"species": "Hypomyces lactifluorum", "date": "2019-08-18", "location": "San Juan National Forest, Pagosa Springs, CO, US", "elevation": 2636.0, "land_cover_label": "Tree cover", "water_mask": false, "exclude_reason": "keep", "ndvi": null, "soil_moisture": null, "solar_exposure": null, "wind_exposure": null, "water_retention": null, "slope": null, "aspect": null, "num_identification_agreements": 3, "cluster": 0, "tavg": null, "tmin": null, "tmax": null, "prcp_d0": 0.0, "prcp_d1": 0.0, "prcp_d2": 0.0, "prcp_d3": 0.0, "prcp_d4": 0.0, "prcp_d5": 0.0, "prcp_d6": 0.0, "tmax_d0": null, "tmax_d1": null, "tmax_d2": null, "tmax_d3": null, "tmax_d4": null, "tmax_d5": null, "tmax_d6": null, "tmin_d0": null, "tmin_d1": null, "tmin_d2": null, "tmin_d3": null, "tmin_d4": null, "tmin_d5": null, "tmin_d6": null, "day_of_year": 230, "uuid": "b2f3798e-afcd-4a0d-b98d-7c5bbcacbb49", "inat_id": 31090082}}, {"type": "Feature", "geometry": {"type": "Point", "coordinates": [-106.7047248133, 35.9839936472]}, "properties": {"species": "Hypomyces lactifluorum", "date": "2019-08-21", "location": "Sandoval County, US-NM, US", "elevation": 2733.0, "land_cover_label": "Tree cover", "water_mask": false, "exclude_reason": "keep", "ndvi": null, "soil_moisture": null, "solar_exposure": null, "wind_exposure": null, "water_retention": null, "slope": null, "aspect": null, "num_identification_agreements": 2, "cluster": 0, "tavg": null, "tmin": 17.0, "tmax": 29.3, "prcp_d0": 0.0, "prcp_d1": 0.0, "prcp_d2": 0.0, "prcp_d3": 0.0, "prcp_d4": 0.0, "prcp_d5": 0.0, "prcp_d6": 0.0, "tmax_d0": null, "tmax_d1": null, "tmax_d2": null, "tmax_d3": null, "tmax_d4": null, "tmax_d5": null, "tmax_d6": null, "tmin_d0": null, "tmin_d1": null, "tmin_d2": null, "tmin_d3": null, "tmin_d4": null, "tmin_d5": null, "tmin_d6": null, "day_of_year": 233, "uuid": "c104b2b7-e3d7-403f-94e3-28672261d0ae", "inat_id": 256468857}}, {"type": "Feature", "geometry": {"type": "Point", "coordinates": [-121.9361116667, 45.266525]}, "properties": {"species": "Hypomyces lactifluorum", "date": "2019-08-25", "location": "Mt. Hood National Forest, Welches, OR, US", "elevation": 616.0, "land_cover_label": "Tree cover", "water_mask": false, "exclude_reason": "keep", "ndvi": null, "soil_moisture": null, "solar_exposure": null, "wind_exposure": null, "water_retention": null, "slope": null, "aspect": null, "num_identification_agreements": 2, "cluster": 0, "tavg": null, "tmin": 14.4, "tmax": 26.1, "prcp_d0": 0.0, "prcp_d1": 0.0, "prcp_d2": 0.0, "prcp_d3": 0.0, "prcp_d4": 13.932134628295898, "prcp_d5": 0.0, "prcp_d6": 0.0, "tmax_d0": 20.2, "tmax_d1": 22.6, "tmax_d2": 24.7, "tmax_d3": 18.1, "tmax_d4": 24.1, "tmax_d5": 24.9, "tmax_d6": 23.4, "tmin_d0": 11.6, "tmin_d1": 13.3, "tmin_d2": 10.1, "tmin_d3": 11.0, "tmin_d4": 12.3, "tmin_d5": 12.3, "tmin_d6": 11.7, "day_of_year": 237, "uuid": "348b55d3-cfa7-41db-ba54-18b4cadd213a", "inat_id": 36089966}}, {"type": "Feature", "geometry": {"type": "Point", "coordinates": [-121.90044889, 45.31194171]}, "properties": {"species": "Hypomyces lactifluorum", "date": "2019-08-30", "location": "Clackamas County, US-OR, US", "elevation": 744.0, "land_cover_label": "Tree cover", "water_mask": false, "exclude_reason": "keep", "ndvi": null, "soil_moisture": null, "solar_exposure": null, "wind_exposure": null, "water_retention": null, "slope": null, "aspect": null, "num_identification_agreements": 2, "cluster": 0, "tavg": null, "tmin": 18.9, "tmax": 26.7, "prcp_d0": 0.0, "prcp_d1": 0.0, "prcp_d2": 0.0, "prcp_d3": 0.0, "prcp_d4": 0.0, "prcp_d5": 0.0, "prcp_d6": 0.0, "tmax_d0": 23.5, "tmax_d1": 28.6, "tmax_d2": 30.2, "tmax_d3": 28.8, "tmax_d4": 26.7, "tmax_d5": 19.4, "tmax_d6": 21.8, "tmin_d0": 13.9, "tmin_d1": 16.9, "tmin_d2": 13.3, "tmin_d3": 14.1, "tmin_d4": 8.5, "tmin_d5": 10.8, "tmin_d6": 12.5, "day_of_year": 242, "uuid": "fecdb179-1b95-4db4-8b82-204b24b05a33", "inat_id": 41654661}}, {"type": "Feature", "geometry": {"type": "Point", "coordinates": [-103.398705, 43.8066]}, "properties": {"species": "Hypomyces lactifluorum", "date": "2019-08-31", "location": "Custer State Park, Custer, SD, US", "elevation": 1457.0, "land_cover_label": "Tree cover", "water_mask": false, "exclude_reason": "keep", "ndvi": null, "soil_moisture": null, "solar_exposure": null, "wind_exposure": null, "water_retention": null, "slope": null, "aspect": null, "num_identification_agreements": 2, "cluster": 0, "tavg": null, "tmin": 10.6, "tmax": 24.4, "prcp_d0": 0.0, "prcp_d1": 0.0, "prcp_d2": 0.0, "prcp_d3": 0.0, "prcp_d4": 0.0, "prcp_d5": 14.694072723388672, "prcp_d6": 0.0, "tmax_d0": null, "tmax_d1": null, "tmax_d2": null, "tmax_d3": null, "tmax_d4": null, "tmax_d5": null, "tmax_d6": null, "tmin_d0": null, "tmin_d1": null, "tmin_d2": null, "tmin_d3": null, "tmin_d4": null, "tmin_d5": null, "tmin_d6": null, "day_of_year": 243, "uuid": "78dc1faa-ff4d-438a-90e7-14375e51b9e2", "inat_id": 31930828}}, {"type": "Feature", "geometry": {"type": "Point", "coordinates": [-121.8103015423, 45.31116036]}, "properties": {"species": "Hypomyces lactifluorum", "date": "2019-09-07", "location": "Rhododendron, OR 97049, USA", "elevation": 1011.0, "land_cover_label": "Tree cover", "water_mask": false, "exclude_reason": "keep", "ndvi": null, "soil_moisture": null, "solar_exposure": null, "wind_exposure": null, "water_retention": null, "slope": null, "aspect": null, "num_identification_agreements": 1, "cluster": 1, "tavg": null, "tmin": null, "tmax": null, "prcp_d0": 0.0, "prcp_d1": 85.83201599121094, "prcp_d2": 0.0, "prcp_d3": 0.0, "prcp_d4": 0.0, "prcp_d5": 0.0, "prcp_d6": 0.0, "tmax_d0": 21.7, "tmax_d1": 27.2, "tmax_d2": 29.0, "tmax_d3": 24.1, "tmax_d4": 21.7, "tmax_d5": 22.5, "tmax_d6": 21.1, "tmin_d0": 12.9, "tmin_d1": 12.6, "tmin_d2": 11.3, "tmin_d3": 9.8, "tmin_d4": 11.2, "tmin_d5": 10.0, "tmin_d6": 13.4, "day_of_year": 250, "uuid": "78532a6e-065a-41fb-aecc-8d83d5759fd1", "inat_id": 96022958}}, {"type": "Feature", "geometry": {"type": "Point", "coordinates": [-121.9538416667, 45.3415216667]}, "properties": {"species": "Hypomyces lactifluorum", "date": "2019-09-12", "location": "Welches, OR, US", "elevation": 435.0, "land_cover_label": "Tree cover", "water_mask": false, "exclude_reason": "keep", "ndvi": null, "soil_moisture": null, "solar_exposure": null, "wind_exposure": null, "water_retention": null, "slope": null, "aspect": null, "num_identification_agreements": 2, "cluster": 2, "tavg": null, "tmin": 11.1, "tmax": 27.8, "prcp_d0": 0.0, "prcp_d1": 0.0, "prcp_d2": 0.0, "prcp_d3": 0.0, "prcp_d4": 0.0, "prcp_d5": 0.0, "prcp_d6": 110.881103515625, "tmax_d0": 23.3, "tmax_d1": 18.9, "tmax_d2": 17.0, "tmax_d3": 16.2, "tmax_d4": 17.9, "tmax_d5": 23.6, "tmax_d6": 29.3, "tmin_d0": 8.6, "tmin_d1": 11.6, "tmin_d2": 11.4, "tmin_d3": 10.5, "tmin_d4": 13.0, "tmin_d5": 14.3, "tmin_d6": 14.9, "day_of_year": 255, "uuid": "2a09e01d-da00-462b-b1ed-aaf1be5e9367", "inat_id": 32590093}}, {"type": "Feature", "geometry": {"type": "Point", "coordinates": [-122.325089, 44.846533]}, "properties": {"species": "Hypomyces lactifluorum", "date": "2019-09-14", "location": "Lyons, OR 97358, USA", "elevation": 533.0, "land_cover_label": "Tree cover", "water_mask": false, "exclude_reason": "keep", "ndvi": null, "soil_moisture": null, "solar_exposure": null, "wind_exposure": null, "water_retention": null, "slope": null, "aspect": null, "num_identification_agreements": 1, "cluster": 0, "tavg": null, "tmin": null, "tmax": null, "prcp_d0": 0.0, "prcp_d1": 0.0, "prcp_d2": 0.0, "prcp_d3": 0.0, "prcp_d4": 0.0, "prcp_d5": 0.0, "prcp_d6": 0.0, "tmax_d0": 19.8, "tmax_d1": 21.8, "tmax_d2": 23.3, "tmax_d3": 18.9, "tmax_d4": 16.2, "tmax_d5": 16.0, "tmax_d6": 16.1, "tmin_d0": 10.9, "tmin_d1": 11.6, "tmin_d2": 8.5, "tmin_d3": 9.6, "tmin_d4": 10.3, "tmin_d5": 10.9, "tmin_d6": 11.6, "day_of_year": 257, "uuid": "60a26a86-b359-4bd1-a0c6-5ffec5be06c8", "inat_id": 58443819}}, {"type": "Feature", "geometry": {"type": "Point", "coordinates": [-122.2053789, 45.3722005]}, "properties": {"species": "Hypomyces lactifluorum", "date": "2019-09-28", "location": "Sandy, OR 97055, USA", "elevation": 387.0, "land_cover_label": "Tree cover", "water_mask": false, "exclude_reason": "keep", "ndvi": null, "soil_moisture": null, "solar_exposure": null, "wind_exposure": null, "water_retention": null, "slope": null, "aspect": null, "num_identification_agreements": 2, "cluster": 0, "tavg": null, "tmin": 7.8, "tmax": 14.4, "prcp_d0": 0.0, "prcp_d1": 0.0, "prcp_d2": 0.0, "prcp_d3": 0.0, "prcp_d4": 0.0, "prcp_d5": 0.0, "prcp_d6": 0.0, "tmax_d0": 12.2, "tmax_d1": 15.9, "tmax_d2": 18.1, "tmax_d3": 19.9, "tmax_d4": 19.9, "tmax_d5": 17.3, "tmax_d6": 18.4, "tmin_d0": 6.2, "tmin_d1": 10.0, "tmin_d2": 8.7, "tmin_d3": 9.5, "tmin_d4": 14.1, "tmin_d5": 11.4, "tmin_d6": 10.5, "day_of_year": 271, "uuid": "121a6596-63ab-44c1-996c-f9c968afddda", "inat_id": 33569737}}, {"type": "Feature", "geometry": {"type": "Point", "coordinates": [-122.19220708, 45.3818007802]}, "properties": {"species": "Hypomyces lactifluorum", "date": "2019-09-28", "location": "Oregon, US", "elevation": 372.0, "land_cover_label": "Grassland", "water_mask": false, "exclude_reason": "keep", "ndvi": null, "soil_moisture": null, "solar_exposure": null, "wind_exposure": null, "water_retention": null, "slope": null, "aspect": null, "num_identification_agreements": 1, "cluster": 0, "tavg": null, "tmin": 7.8, "tmax": 14.4, "prcp_d0": 0.0, "prcp_d1": 0.0, "prcp_d2": 0.0, "prcp_d3": 0.0, "prcp_d4": 0.0, "prcp_d5": 0.0, "prcp_d6": 0.0, "tmax_d0": 12.2, "tmax_d1": 15.9, "tmax_d2": 18.1, "tmax_d3": 19.9, "tmax_d4": 19.9, "tmax_d5": 17.3, "tmax_d6": 18.4, "tmin_d0": 6.2, "tmin_d1": 10.0, "tmin_d2": 8.7, "tmin_d3": 9.5, "tmin_d4": 14.1, "tmin_d5": 11.4, "tmin_d6": 10.5, "day_of_year": 271, "uuid": "6991f447-eb9a-4a65-b755-1e856dfd8576", "inat_id": 33569973}}, {"type": "Feature", "geometry": {"type": "Point", "coordinates": [-122.3041916667, 45.50278]}, "properties": {"species": "Hypomyces lactifluorum", "date": "2019-10-02", "location": "SE Oxbow Pkwy, Gresham, OR, US", "elevation": 41.0, "land_cover_label": "Tree cover", "water_mask": false, "exclude_reason": "keep", "ndvi": null, "soil_moisture": null, "solar_exposure": null, "wind_exposure": null, "water_retention": null, "slope": null, "aspect": null, "num_identification_agreements": 4, "cluster": 0, "tavg": null, "tmin": 6.1, "tmax": 16.1, "prcp_d0": 0.0, "prcp_d1": 0.0, "prcp_d2": 0.0, "prcp_d3": 0.0, "prcp_d4": 0.0, "prcp_d5": 0.0, "prcp_d6": 0.0, "tmax_d0": 16.1, "tmax_d1": 15.8, "tmax_d2": 13.7, "tmax_d3": 11.3, "tmax_d4": 12.9, "tmax_d5": 16.9, "tmax_d6": 19.6, "tmin_d0": 5.3, "tmin_d1": 2.0, "tmin_d2": 3.6, "tmin_d3": 6.1, "tmin_d4": 7.3, "tmin_d5": 9.9, "tmin_d6": 10.6, "day_of_year": 275, "uuid": "2aebec6c-a1c1-4cfb-8c93-8966103563e5", "inat_id": 126594850}}, {"type": "Feature", "geometry": {"type": "Point", "coordinates": [-122.2201143842, 45.5378152983]}, "properties": {"species": "Hypomyces lactifluorum", "date": "2019-10-03", "location": "Guy W. Talbot State Park, Corbett, OR, US", "elevation": 61.0, "land_cover_label": "Tree cover", "water_mask": false, "exclude_reason": "keep", "ndvi": null, "soil_moisture": null, "solar_exposure": null, "wind_exposure": null, "water_retention": null, "slope": null, "aspect": null, "num_identification_agreements": 3, "cluster": 0, "tavg": null, "tmin": 9.4, "tmax": 16.1, "prcp_d0": 0.0, "prcp_d1": 0.0, "prcp_d2": 0.0, "prcp_d3": 0.0, "prcp_d4": 0.0, "prcp_d5": 0.0, "prcp_d6": 0.0, "tmax_d0": 14.7, "tmax_d1": 16.6, "tmax_d2": 16.3, "tmax_d3": 14.1, "tmax_d4": 10.5, "tmax_d5": 12.1, "tmax_d6": 16.6, "tmin_d0": 9.0, "tmin_d1": 5.3, "tmin_d2": 4.2, "tmin_d3": 6.0, "tmin_d4": 6.4, "tmin_d5": 7.2, "tmin_d6": 9.2, "day_of_year": 276, "uuid": "b0b15a3f-7af4-44cb-beac-b2ced589b833", "inat_id": 33811187}}, {"type": "Feature", "geometry": {"type": "Point", "coordinates": [-122.0373388333, 45.3847783333]}, "properties": {"species": "Hypomyces lactifluorum", "date": "2019-10-04", "location": "E Barlow Trail Rd, Sandy, OR, US", "elevation": 355.0, "land_cover_label": "Tree cover", "water_mask": false, "exclude_reason": "keep", "ndvi": null, "soil_moisture": null, "solar_exposure": null, "wind_exposure": null, "water_retention": null, "slope": null, "aspect": null, "num_identification_agreements": 2, "cluster": 0, "tavg": null, "tmin": 9.4, "tmax": 17.2, "prcp_d0": 0.0, "prcp_d1": 0.0, "prcp_d2": 0.0, "prcp_d3": 0.0, "prcp_d4": 0.0, "prcp_d5": 0.0, "prcp_d6": 0.0, "tmax_d0": 12.1, "tmax_d1": 13.4, "tmax_d2": 16.0, "tmax_d3": 15.1, "tmax_d4": 12.6, "tmax_d5": 9.3, "tmax_d6": 10.9, "tmin_d0": 6.4, "tmin_d1": 8.8, "tmin_d2": 2.9, "tmin_d3": 1.0, "tmin_d4": 4.3, "tmin_d5": 4.2, "tmin_d6": 5.9, "day_of_year": 277, "uuid": "904d64a9-227d-442b-82c1-ffb1756f984f", "inat_id": 33879601}}, {"type": "Feature", "geometry": {"type": "Point", "coordinates": [-122.0351777778, 45.3857694444]}, "properties": {"species": "Hypomyces lactifluorum", "date": "2019-10-04", "location": "Clackamas, Oregon, United States", "elevation": 370.0, "land_cover_label": "Tree cover", "water_mask": false, "exclude_reason": "keep", "ndvi": null, "soil_moisture": null, "solar_exposure": null, "wind_exposure": null, "water_retention": null, "slope": null, "aspect": null, "num_identification_agreements": 2, "cluster": 0, "tavg": null, "tmin": 9.4, "tmax": 17.2, "prcp_d0": 0.0, "prcp_d1": 0.0, "prcp_d2": 0.0, "prcp_d3": 0.0, "prcp_d4": 0.0, "prcp_d5": 0.0, "prcp_d6": 0.0, "tmax_d0": 12.1, "tmax_d1": 13.5, "tmax_d2": 16.0, "tmax_d3": 15.2, "tmax_d4": 12.7, "tmax_d5": 9.4, "tmax_d6": 11.0, "tmin_d0": 6.4, "tmin_d1": 8.9, "tmin_d2": 3.0, "tmin_d3": 1.0, "tmin_d4": 4.3, "tmin_d5": 4.2, "tmin_d6": 6.0, "day_of_year": 277, "uuid": "214425da-31ea-4dae-aead-39b6ec43a9bb", "inat_id": 34220715}}, {"type": "Feature", "geometry": {"type": "Point", "coordinates": [-121.9166324107, 45.3088293903]}, "properties": {"species": "Hypomyces lactifluorum", "date": "2019-10-05", "location": "Oregon, US", "elevation": 797.0, "land_cover_label": "Tree cover", "water_mask": false, "exclude_reason": "keep", "ndvi": null, "soil_moisture": null, "solar_exposure": null, "wind_exposure": null, "water_retention": null, "slope": null, "aspect": null, "num_identification_agreements": 2, "cluster": 0, "tavg": null, "tmin": 6.7, "tmax": 18.9, "prcp_d0": 0.0, "prcp_d1": 0.0, "prcp_d2": 0.0, "prcp_d3": 0.0, "prcp_d4": 0.0, "prcp_d5": 0.0, "prcp_d6": 0.0, "tmax_d0": 12.2, "tmax_d1": 9.2, "tmax_d2": 10.8, "tmax_d3": 13.0, "tmax_d4": 10.9, "tmax_d5": 7.8, "tmax_d6": 5.6, "tmin_d0": 2.2, "tmin_d1": 2.4, "tmin_d2": 5.3, "tmin_d3": 0.0, "tmin_d4": -1.5, "tmin_d5": 0.6, "tmin_d6": 1.6, "day_of_year": 278, "uuid": "5b53f6db-918c-4f5c-9e94-db8c47c9fc61", "inat_id": 34223875}}, {"type": "Feature", "geometry": {"type": "Point", "coordinates": [-121.8511810303, 45.3947105408]}, "properties": {"species": "Hypomyces lactifluorum", "date": "2019-10-06", "location": "Zigzag, OR 97049, USA", "elevation": 776.0, "land_cover_label": "Tree cover", "water_mask": false, "exclude_reason": "keep", "ndvi": null, "soil_moisture": null, "solar_exposure": null, "wind_exposure": null, "water_retention": null, "slope": null, "aspect": null, "num_identification_agreements": 2, "cluster": 0, "tavg": null, "tmin": 5.0, "tmax": 21.1, "prcp_d0": 0.0, "prcp_d1": 0.0, "prcp_d2": 0.0, "prcp_d3": 0.0, "prcp_d4": 0.0, "prcp_d5": 0.0, "prcp_d6": 0.0, "tmax_d0": 17.9, "tmax_d1": 12.7, "tmax_d2": 9.4, "tmax_d3": 11.5, "tmax_d4": 13.4, "tmax_d5": 10.8, "tmax_d6": 6.1, "tmin_d0": 1.5, "tmin_d1": 2.8, "tmin_d2": 2.7, "tmin_d3": 5.7, "tmin_d4": -0.8, "tmin_d5": -2.1, "tmin_d6": 0.6, "day_of_year": 279, "uuid": "bc2db8fb-2511-48f3-beac-3ac734dfd098", "inat_id": 33996094}}, {"type": "Feature", "geometry": {"type": "Point", "coordinates": [-122.1685180664, 44.7050170898]}, "properties": {"species": "Hypomyces lactifluorum", "date": "2019-10-19", "location": "Detroit, OR 97342, USA", "elevation": 553.0, "land_cover_label": "Tree cover", "water_mask": false, "exclude_reason": "keep", "ndvi": null, "soil_moisture": null, "solar_exposure": null, "wind_exposure": null, "water_retention": null, "slope": null, "aspect": null, "num_identification_agreements": 2, "cluster": 1, "tavg": null, "tmin": null, "tmax": null, "prcp_d0": 117.42047882080078, "prcp_d1": 0.0, "prcp_d2": 0.0, "prcp_d3": 0.0, "prcp_d4": 0.0, "prcp_d5": 0.0, "prcp_d6": 0.0, "tmax_d0": 8.1, "tmax_d1": 10.6, "tmax_d2": 10.8, "tmax_d3": 15.9, "tmax_d4": 16.5, "tmax_d5": 17.1, "tmax_d6": 15.4, "tmin_d0": 5.7, "tmin_d1": 6.6, "tmin_d2": 6.8, "tmin_d3": 5.8, "tmin_d4": 2.6, "tmin_d5": 1.1, "tmin_d6": 6.4, "day_of_year": 292, "uuid": "540b8623-cc94-431a-bedf-fb3e1d8b1ba1", "inat_id": 34981956}}, {"type": "Feature", "geometry": {"type": "Point", "coordinates": [-122.119808346, 45.402979542]}, "properties": {"species": "Hypomyces lactifluorum", "date": "2019-10-24", "location": "Sandy, OR 97055, USA", "elevation": 350.0, "land_cover_label": "Tree cover", "water_mask": false, "exclude_reason": "keep", "ndvi": null, "soil_moisture": null, "solar_exposure": null, "wind_exposure": null, "water_retention": null, "slope": null, "aspect": null, "num_identification_agreements": 2, "cluster": 2, "tavg": null, "tmin": 6.7, "tmax": 19.4, "prcp_d0": 0.0, "prcp_d1": 0.0, "prcp_d2": 0.0, "prcp_d3": 0.0, "prcp_d4": 0.0, "prcp_d5": 107.01931762695312, "prcp_d6": 0.0, "tmax_d0": 18.9, "tmax_d1": 15.6, "tmax_d2": 13.1, "tmax_d3": 11.8, "tmax_d4": 10.9, "tmax_d5": 8.7, "tmax_d6": 11.7, "tmin_d0": 3.5, "tmin_d1": 2.8, "tmin_d2": 11.0, "tmin_d3": 9.3, "tmin_d4": 6.4, "tmin_d5": 6.5, "tmin_d6": 6.6, "day_of_year": 297, "uuid": "67cab3eb-d6a1-4028-8b58-615b5e26a971", "inat_id": 34898766}}, {"type": "Feature", "geometry": {"type": "Point", "coordinates": [-121.9359463548, 45.3450268368]}, "properties": {"species": "Hypomyces lactifluorum", "date": "2019-10-27", "location": "Mt. Hood National Forest, Rhododendron, OR, US", "elevation": 463.0, "land_cover_label": "Tree cover", "water_mask": false, "exclude_reason": "keep", "ndvi": null, "soil_moisture": null, "solar_exposure": null, "wind_exposure": null, "water_retention": null, "slope": null, "aspect": null, "num_identification_agreements": 3, "cluster": 0, "tavg": null, "tmin": 2.2, "tmax": 15.0, "prcp_d0": 0.0, "prcp_d1": 0.0, "prcp_d2": 0.0, "prcp_d3": 0.0, "prcp_d4": 0.0, "prcp_d5": 0.0, "prcp_d6": 0.0, "tmax_d0": 10.1, "tmax_d1": 9.3, "tmax_d2": 17.6, "tmax_d3": 21.2, "tmax_d4": 17.2, "tmax_d5": 13.4, "tmax_d6": 11.8, "tmin_d0": 0.4, "tmin_d1": 4.4, "tmin_d2": 7.9, "tmin_d3": 3.5, "tmin_d4": 4.2, "tmin_d5": 11.3, "tmin_d6": 8.7, "day_of_year": 300, "uuid": "f539fb99-2267-4a7f-87f8-4b73bff90f0e", "inat_id": 35479235}}, {"type": "Feature", "geometry": {"type": "Point", "coordinates": [-104.7487053342, 39.1440411228]}, "properties": {"species": "Hypomyces lactifluorum", "date": "2020-06-29", "location": "Colorado, US", "elevation": 2186.0, "land_cover_label": "Grassland", "water_mask": false, "exclude_reason": "keep", "ndvi": null, "soil_moisture": 0.1819743000160867, "solar_exposure": 0.8267985582351685, "wind_exposure": 0.306202232837677, "water_retention": 0.5375223755836487, "slope": 1.30837082862854, "aspect": 18.08031463623047, "num_identification_agreements": 2, "cluster": 3, "tavg": null, "tmin": 12.0, "tmax": 29.0, "prcp_d0": 2.3485331535339355, "prcp_d1": 2.3485331535339355, "prcp_d2": 7.045599460601807, "prcp_d3": 2.3485331535339355, "prcp_d4": 5.662201881408691, "prcp_d5": 0.0, "prcp_d6": 0.0, "tmax_d0": null, "tmax_d1": null, "tmax_d2": null, "tmax_d3": null, "tmax_d4": null, "tmax_d5": null, "tmax_d6": null, "tmin_d0": null, "tmin_d1": null, "tmin_d2": null, "tmin_d3": null, "tmin_d4": null, "tmin_d5": null, "tmin_d6": null, "day_of_year": 181, "uuid": "28ab412c-9869-465f-b916-ae9a28f3699b", "inat_id": 54230821}}, {"type": "Feature", "geometry": {"type": "Point", "coordinates": [-104.697137475, 39.0144882413]}, "properties": {"species": "Hypomyces lactifluorum", "date": "2020-07-17", "location": "Colorado Springs, CO 80908, USA", "elevation": 2265.0, "land_cover_label": "Grassland", "water_mask": false, "exclude_reason": "keep", "ndvi": null, "soil_moisture": 0.27900294046655, "solar_exposure": 0.8467148542404175, "wind_exposure": 0.339834600687027, "water_retention": 0.3247901201248169, "slope": 1.0229346752166748, "aspect": 232.55630493164065, "num_identification_agreements": 1, "cluster": 0, "tavg": null, "tmin": 14.6, "tmax": 30.3, "prcp_d0": 0.695209264755249, "prcp_d1": 0.7140878438949585, "prcp_d2": 7.743739128112793, "prcp_d3": 3.871869564056397, "prcp_d4": 0.0, "prcp_d5": 0.0, "prcp_d6": 0.0, "tmax_d0": null, "tmax_d1": null, "tmax_d2": null, "tmax_d3": null, "tmax_d4": null, "tmax_d5": null, "tmax_d6": null, "tmin_d0": null, "tmin_d1": null, "tmin_d2": null, "tmin_d3": null, "tmin_d4": null, "tmin_d5": null, "tmin_d6": null, "day_of_year": 199, "uuid": "fa554e60-a426-43e8-8dc7-179c3f7d7f5a", "inat_id": 137830881}}, {"type": "Feature", "geometry": {"type": "Point", "coordinates": [-103.4442833333, 43.9753944444]}, "properties": {"species": "Hypomyces lactifluorum", "date": "2020-07-21", "location": "Mount Rushmore UT, SD, USA", "elevation": 1391.0, "land_cover_label": "Tree cover", "water_mask": false, "exclude_reason": "keep", "ndvi": null, "soil_moisture": null, "solar_exposure": null, "wind_exposure": null, "water_retention": null, "slope": null, "aspect": null, "num_identification_agreements": 2, "cluster": 0, "tavg": null, "tmin": 11.7, "tmax": 22.8, "prcp_d0": 0.0, "prcp_d1": 10.305793762207031, "prcp_d2": 4.719353199005127, "prcp_d3": 0.3932414054870605, "prcp_d4": 0.0207962729036808, "prcp_d5": 1.5117065906524658, "prcp_d6": 10.67271614074707, "tmax_d0": null, "tmax_d1": null, "tmax_d2": null, "tmax_d3": null, "tmax_d4": null, "tmax_d5": null, "tmax_d6": null, "tmin_d0": null, "tmin_d1": null, "tmin_d2": null, "tmin_d3": null, "tmin_d4": null, "tmin_d5": null, "tmin_d6": null, "day_of_year": 203, "uuid": "3131e073-5676-4049-9f95-120201af1577", "inat_id": 78836409}}, {"type": "Feature", "geometry": {"type": "Point", "coordinates": [-103.5221947778, 44.0004432222]}, "properties": {"species": "Hypomyces lactifluorum", "date": "2020-08-03", "location": "Pennington, South Dakota, United States", "elevation": 1511.0, "land_cover_label": "Tree cover", "water_mask": false, "exclude_reason": "keep", "ndvi": null, "soil_moisture": null, "solar_exposure": null, "wind_exposure": null, "water_retention": null, "slope": null, "aspect": null, "num_identification_agreements": 2, "cluster": 0, "tavg": null, "tmin": 8.3, "tmax": 24.4, "prcp_d0": 0.0, "prcp_d1": 0.0, "prcp_d2": 0.0, "prcp_d3": 0.0, "prcp_d4": 0.0, "prcp_d5": 0.0, "prcp_d6": 0.0, "tmax_d0": null, "tmax_d1": null, "tmax_d2": null, "tmax_d3": null, "tmax_d4": null, "tmax_d5": null, "tmax_d6": null, "tmin_d0": null, "tmin_d1": null, "tmin_d2": null, "tmin_d3": null, "tmin_d4": null, "tmin_d5": null, "tmin_d6": null, "day_of_year": 216, "uuid": "7689504c-2dcd-4ead-b676-232473c385e6", "inat_id": 55715985}}, {"type": "Feature", "geometry": {"type": "Point", "coordinates": [-103.39513374, 43.99967984]}, "properties": {"species": "Hypomyces lactifluorum", "date": "2020-08-09", "location": "Mount Rushmore UT, SD, USA", "elevation": 1410.0, "land_cover_label": "Tree cover", "water_mask": false, "exclude_reason": "keep", "ndvi": null, "soil_moisture": null, "solar_exposure": null, "wind_exposure": null, "water_retention": null, "slope": null, "aspect": null, "num_identification_agreements": 3, "cluster": 0, "tavg": null, "tmin": 13.9, "tmax": 28.9, "prcp_d0": 7.173055171966553, "prcp_d1": 7.173055171966553, "prcp_d2": 7.173055171966553, "prcp_d3": 0.0, "prcp_d4": 0.0, "prcp_d5": 3.942737579345703, "prcp_d6": 0.0, "tmax_d0": null, "tmax_d1": null, "tmax_d2": null, "tmax_d3": null, "tmax_d4": null, "tmax_d5": null, "tmax_d6": null, "tmin_d0": null, "tmin_d1": null, "tmin_d2": null, "tmin_d3": null, "tmin_d4": null, "tmin_d5": null, "tmin_d6": null, "day_of_year": 222, "uuid": "9ce0229a-4281-4414-b9ce-c7369ad5f16b", "inat_id": 55977315}}, {"type": "Feature", "geometry": {"type": "Point", "coordinates": [-104.7307290997, 39.1867959323]}, "properties": {"species": "Hypomyces lactifluorum", "date": "2020-08-09", "location": "Colorado, US", "elevation": 2141.0, "land_cover_label": "Grassland", "water_mask": false, "exclude_reason": "keep", "ndvi": null, "soil_moisture": 0.1923362849262246, "solar_exposure": 0.8192477226257324, "wind_exposure": 0.3298521339893341, "water_retention": 0.3787395060062408, "slope": 2.7556374073028564, "aspect": 312.5805358886719, "num_identification_agreements": 1, "cluster": 0, "tavg": null, "tmin": 15.0, "tmax": 30.0, "prcp_d0": 0.0, "prcp_d1": 0.0, "prcp_d2": 0.0, "prcp_d3": 7.352409362792969, "prcp_d4": 0.0, "prcp_d5": 0.0, "prcp_d6": 0.0, "tmax_d0": null, "tmax_d1": null, "tmax_d2": null, "tmax_d3": null, "tmax_d4": null, "tmax_d5": null, "tmax_d6": null, "tmin_d0": null, "tmin_d1": null, "tmin_d2": null, "tmin_d3": null, "tmin_d4": null, "tmin_d5": null, "tmin_d6": null, "day_of_year": 222, "uuid": "02b63517-3bf2-4097-9c80-7e0568899ece", "inat_id": 55983730}}, {"type": "Feature", "geometry": {"type": "Point", "coordinates": [-103.4731585813, 43.971066149]}, "properties": {"species": "Hypomyces lactifluorum", "date": "2020-08-11", "location": "Pennington County, US-SD, US", "elevation": 1421.0, "land_cover_label": "Tree cover", "water_mask": false, "exclude_reason": "keep", "ndvi": null, "soil_moisture": null, "solar_exposure": null, "wind_exposure": null, "water_retention": null, "slope": null, "aspect": null, "num_identification_agreements": 3, "cluster": 0, "tavg": null, "tmin": 14.4, "tmax": 27.8, "prcp_d0": 0.0, "prcp_d1": 0.0, "prcp_d2": 7.031735420227051, "prcp_d3": 7.031735420227051, "prcp_d4": 7.031735420227051, "prcp_d5": 0.0, "prcp_d6": 0.0, "tmax_d0": null, "tmax_d1": null, "tmax_d2": null, "tmax_d3": null, "tmax_d4": null, "tmax_d5": null, "tmax_d6": null, "tmin_d0": null, "tmin_d1": null, "tmin_d2": null, "tmin_d3": null, "tmin_d4": null, "tmin_d5": null, "tmin_d6": null, "day_of_year": 224, "uuid": "32ad40d2-87f8-4061-8d7c-a6171e819c9b", "inat_id": 56533346}}, {"type": "Feature", "geometry": {"type": "Point", "coordinates": [-122.1114098468, 45.3658209555]}, "properties": {"species": "Hypomyces lactifluorum", "date": "2020-09-29", "location": "E Terra Fern Dr, Sandy, OR, US", "elevation": 440.0, "land_cover_label": "Tree cover", "water_mask": false, "exclude_reason": "keep", "ndvi": null, "soil_moisture": null, "solar_exposure": null, "wind_exposure": null, "water_retention": null, "slope": null, "aspect": null, "num_identification_agreements": 2, "cluster": 2, "tavg": null, "tmin": 18.9, "tmax": 28.9, "prcp_d0": 0.0, "prcp_d1": 0.0, "prcp_d2": 0.0, "prcp_d3": 0.0, "prcp_d4": 74.83837127685547, "prcp_d5": 0.0, "prcp_d6": 0.0, "tmax_d0": 29.6, "tmax_d1": 27.2, "tmax_d2": 20.5, "tmax_d3": 15.5, "tmax_d4": 15.7, "tmax_d5": 16.7, "tmax_d6": 19.9, "tmin_d0": 17.4, "tmin_d1": 10.7, "tmin_d2": 11.2, "tmin_d3": 10.7, "tmin_d4": 10.4, "tmin_d5": 10.5, "tmin_d6": 11.0, "day_of_year": 273, "uuid": "65ca611b-10d0-4aa3-bf1b-d892cb1ab811", "inat_id": 61247840}}, {"type": "Feature", "geometry": {"type": "Point", "coordinates": [-121.9059073739, 45.317600118]}, "properties": {"species": "Hypomyces lactifluorum", "date": "2020-10-16", "location": "Clackamas County, US-OR, US", "elevation": 556.0, "land_cover_label": "Tree cover", "water_mask": false, "exclude_reason": "keep", "ndvi": null, "soil_moisture": null, "solar_exposure": null, "wind_exposure": null, "water_retention": null, "slope": null, "aspect": null, "num_identification_agreements": 1, "cluster": 2, "tavg": null, "tmin": 6.1, "tmax": 17.8, "prcp_d0": 0.0, "prcp_d1": 0.0, "prcp_d2": 0.0, "prcp_d3": 43.56027603149414, "prcp_d4": 0.0, "prcp_d5": 0.0, "prcp_d6": 31.941539764404297, "tmax_d0": 16.8, "tmax_d1": 17.1, "tmax_d2": 11.1, "tmax_d3": 13.0, "tmax_d4": 12.2, "tmax_d5": 10.8, "tmax_d6": 18.2, "tmin_d0": 8.3, "tmin_d1": 2.2, "tmin_d2": 8.0, "tmin_d3": 7.9, "tmin_d4": 8.6, "tmin_d5": 7.9, "tmin_d6": 8.8, "day_of_year": 290, "uuid": "96d55b5c-c5f4-4f19-8636-4a40d26cd38a", "inat_id": 62833819}}, {"type": "Feature", "geometry": {"type": "Point", "coordinates": [-121.9361237044, 45.665663609]}, "properties": {"species": "Hypomyces lactifluorum", "date": "2020-10-20", "location": "Columbia River Gorge National Scenic Area, Stevenson, WA, US", "elevation": 117.0, "land_cover_label": "Tree cover", "water_mask": false, "exclude_reason": "keep", "ndvi": null, "soil_moisture": null, "solar_exposure": null, "wind_exposure": null, "water_retention": null, "slope": null, "aspect": null, "num_identification_agreements": 1, "cluster": 0, "tavg": null, "tmin": 9.4, "tmax": 17.8, "prcp_d0": 0.0, "prcp_d1": 0.0, "prcp_d2": 0.0, "prcp_d3": 0.0, "prcp_d4": 0.0, "prcp_d5": 0.0, "prcp_d6": 0.0, "tmax_d0": 16.0, "tmax_d1": 15.1, "tmax_d2": 16.1, "tmax_d3": 16.3, "tmax_d4": 16.6, "tmax_d5": 16.0, "tmax_d6": 14.7, "tmin_d0": 10.3, "tmin_d1": 11.3, "tmin_d2": 9.9, "tmin_d3": 10.8, "tmin_d4": 6.5, "tmin_d5": 4.5, "tmin_d6": 8.9, "day_of_year": 294, "uuid": "02c8b805-a2dd-4a2b-9b4f-50ea84ee1af8", "inat_id": 63117266}}, {"type": "Feature", "geometry": {"type": "Point", "coordinates": [-122.3049356952, 45.4991333911]}, "properties": {"species": "Hypomyces lactifluorum", "date": "2020-10-21", "location": "SE Hosner Terr, Gresham, OR, US", "elevation": 89.0, "land_cover_label": "Tree cover", "water_mask": false, "exclude_reason": "keep", "ndvi": null, "soil_moisture": null, "solar_exposure": null, "wind_exposure": null, "water_retention": null, "slope": null, "aspect": null, "num_identification_agreements": 3, "cluster": 0, "tavg": null, "tmin": 6.1, "tmax": 15.0, "prcp_d0": 0.0, "prcp_d1": 0.0, "prcp_d2": 0.0, "prcp_d3": 0.0, "prcp_d4": 0.0, "prcp_d5": 0.0, "prcp_d6": 0.0, "tmax_d0": 14.4, "tmax_d1": 15.6, "tmax_d2": 16.3, "tmax_d3": 16.0, "tmax_d4": 17.2, "tmax_d5": 17.9, "tmax_d6": 17.0, "tmin_d0": 7.6, "tmin_d1": 9.1, "tmin_d2": 11.5, "tmin_d3": 9.8, "tmin_d4": 11.2, "tmin_d5": 5.3, "tmin_d6": 4.0, "day_of_year": 295, "uuid": "8ed4c9ea-dc94-403b-b3d1-b98697c85217", "inat_id": 63201547}}, {"type": "Feature", "geometry": {"type": "Point", "coordinates": [-121.9579080098, 45.3483051656]}, "properties": {"species": "Hypomyces lactifluorum", "date": "2020-10-24", "location": "Oregon, US", "elevation": 414.0, "land_cover_label": "Tree cover", "water_mask": false, "exclude_reason": "keep", "ndvi": null, "soil_moisture": null, "solar_exposure": null, "wind_exposure": null, "water_retention": null, "slope": null, "aspect": null, "num_identification_agreements": 1, "cluster": 0, "tavg": null, "tmin": 6.7, "tmax": 14.4, "prcp_d0": 0.0, "prcp_d1": 0.0, "prcp_d2": 0.0, "prcp_d3": 0.0, "prcp_d4": 0.0, "prcp_d5": 0.0, "prcp_d6": 0.0, "tmax_d0": 11.4, "tmax_d1": 10.6, "tmax_d2": 11.8, "tmax_d3": 11.9, "tmax_d4": 12.6, "tmax_d5": 13.9, "tmax_d6": 14.1, "tmin_d0": 5.9, "tmin_d1": 1.2, "tmin_d2": -1.1, "tmin_d3": 6.9, "tmin_d4": 7.0, "tmin_d5": 10.9, "tmin_d6": 10.2, "day_of_year": 298, "uuid": "da00c1f9-0e40-402c-bfd5-5d2d2a8ec729", "inat_id": 64797111}}, {"type": "Feature", "geometry": {"type": "Point", "coordinates": [-121.8905534791, 45.3519035803]}, "properties": {"species": "Hypomyces lactifluorum", "date": "2020-10-24", "location": "Oregon, US", "elevation": 1283.0, "land_cover_label": "Tree cover", "water_mask": false, "exclude_reason": "keep", "ndvi": null, "soil_moisture": null, "solar_exposure": null, "wind_exposure": null, "water_retention": null, "slope": null, "aspect": null, "num_identification_agreements": 3, "cluster": 0, "tavg": null, "tmin": 6.7, "tmax": 14.4, "prcp_d0": 0.0, "prcp_d1": 0.0, "prcp_d2": 0.0, "prcp_d3": 0.0, "prcp_d4": 0.0, "prcp_d5": 0.0, "prcp_d6": 0.0, "tmax_d0": 6.2, "tmax_d1": 6.0, "tmax_d2": 6.6, "tmax_d3": 6.4, "tmax_d4": 7.5, "tmax_d5": 8.8, "tmax_d6": 8.8, "tmin_d0": -0.6, "tmin_d1": -3.3, "tmin_d2": -4.5, "tmin_d3": 1.3, "tmin_d4": 1.7, "tmin_d5": 5.7, "tmin_d6": 4.7, "day_of_year": 298, "uuid": "6d2fabda-062d-464b-9c04-dcadc1530ac4", "inat_id": 64796222}}, {"type": "Feature", "geometry": {"type": "Point", "coordinates": [-121.9815788929, 45.2923992733]}, "properties": {"species": "Hypomyces lactifluorum", "date": "2020-11-01", "location": "Oregon, US", "elevation": 738.0, "land_cover_label": "Tree cover", "water_mask": false, "exclude_reason": "keep", "ndvi": null, "soil_moisture": null, "solar_exposure": null, "wind_exposure": null, "water_retention": null, "slope": null, "aspect": null, "num_identification_agreements": 1, "cluster": 0, "tavg": null, "tmin": 11.1, "tmax": 17.2, "prcp_d0": 0.0, "prcp_d1": 1.7190178632736206, "prcp_d2": 9.077025413513184, "prcp_d3": 0.0, "prcp_d4": 0.0, "prcp_d5": 0.0, "prcp_d6": 0.1846362650394439, "tmax_d0": 18.1, "tmax_d1": 14.2, "tmax_d2": 13.8, "tmax_d3": 16.7, "tmax_d4": 17.6, "tmax_d5": 10.7, "tmax_d6": 8.6, "tmin_d0": 7.9, "tmin_d1": -1.0, "tmin_d2": 5.3, "tmin_d3": 4.4, "tmin_d4": 1.2, "tmin_d5": -2.2, "tmin_d6": -3.3, "day_of_year": 306, "uuid": "7f62a31d-c11f-4e58-9b03-2eed1f4338f8", "inat_id": 64010857}}, {"type": "Feature", "geometry": {"type": "Point", "coordinates": [-104.907105, 38.78583]}, "properties": {"species": "Hypomyces lactifluorum", "date": "2021-07-20", "location": "Pike and San Isabel National Forests, Manitou Springs, CO, US", "elevation": 2374.0, "land_cover_label": "Tree cover", "water_mask": false, "exclude_reason": "keep", "ndvi": null, "soil_moisture": null, "solar_exposure": null, "wind_exposure": null, "water_retention": null, "slope": null, "aspect": null, "num_identification_agreements": 1, "cluster": 0, "tavg": null, "tmin": 13.9, "tmax": 30.0, "prcp_d0": 0.0, "prcp_d1": 0.0, "prcp_d2": 0.0, "prcp_d3": 10.249533653259276, "prcp_d4": 0.0, "prcp_d5": 0.0, "prcp_d6": 0.0, "tmax_d0": null, "tmax_d1": null, "tmax_d2": null, "tmax_d3": null, "tmax_d4": null, "tmax_d5": null, "tmax_d6": null, "tmin_d0": null, "tmin_d1": null, "tmin_d2": null, "tmin_d3": null, "tmin_d4": null, "tmin_d5": null, "tmin_d6": null, "day_of_year": 201, "uuid": "75e80beb-1973-4a99-a54b-656c98422f4d", "inat_id": 132100341}}, {"type": "Feature", "geometry": {"type": "Point", "coordinates": [-105.2850092947, 36.3932629004]}, "properties": {"species": "Hypomyces lactifluorum", "date": "2021-07-24", "location": "Angel Fire", "elevation": 2566.0, "land_cover_label": "Grassland", "water_mask": false, "exclude_reason": "keep", "ndvi": null, "soil_moisture": null, "solar_exposure": null, "wind_exposure": null, "water_retention": null, "slope": null, "aspect": null, "num_identification_agreements": 2, "cluster": 0, "tavg": null, "tmin": 9.3, "tmax": 21.1, "prcp_d0": 10.88327693939209, "prcp_d1": 0.0, "prcp_d2": 10.88327693939209, "prcp_d3": 0.0, "prcp_d4": 0.0, "prcp_d5": 0.0, "prcp_d6": 6.402120113372803, "tmax_d0": null, "tmax_d1": null, "tmax_d2": null, "tmax_d3": null, "tmax_d4": null, "tmax_d5": null, "tmax_d6": null, "tmin_d0": null, "tmin_d1": null, "tmin_d2": null, "tmin_d3": null, "tmin_d4": null, "tmin_d5": null, "tmin_d6": null, "day_of_year": 205, "uuid": "dc141f7d-b92e-4dfb-a5be-eeaebf74025a", "inat_id": 88468492}}, {"type": "Feature", "geometry": {"type": "Point", "coordinates": [-103.41282, 43.80125]}, "properties": {"species": "Hypomyces lactifluorum", "date": "2021-07-24", "location": "Custer State Park, Custer, SD, US", "elevation": 1459.0, "land_cover_label": "Tree cover", "water_mask": false, "exclude_reason": "keep", "ndvi": null, "soil_moisture": null, "solar_exposure": null, "wind_exposure": null, "water_retention": null, "slope": null, "aspect": null, "num_identification_agreements": 2, "cluster": 0, "tavg": null, "tmin": 12.2, "tmax": 26.7, "prcp_d0": 0.0, "prcp_d1": 9.861791610717772, "prcp_d2": 0.0, "prcp_d3": 0.0, "prcp_d4": 0.0, "prcp_d5": 0.0, "prcp_d6": 0.0, "tmax_d0": null, "tmax_d1": null, "tmax_d2": null, "tmax_d3": null, "tmax_d4": null, "tmax_d5": null, "tmax_d6": null, "tmin_d0": null, "tmin_d1": null, "tmin_d2": null, "tmin_d3": null, "tmin_d4": null, "tmin_d5": null, "tmin_d6": null, "day_of_year": 205, "uuid": "ac70a7a2-29a6-46db-a5ba-57a9987982fa", "inat_id": 88708052}}, {"type": "Feature", "geometry": {"type": "Point", "coordinates": [-103.41282, 43.80125]}, "properties": {"species": "Hypomyces lactifluorum", "date": "2021-07-24", "location": "Custer State Park, Custer, SD, US", "elevation": 1459.0, "land_cover_label": "Tree cover", "water_mask": false, "exclude_reason": "keep", "ndvi": null, "soil_moisture": null, "solar_exposure": null, "wind_exposure": null, "water_retention": null, "slope": null, "aspect": null, "num_identification_agreements": 1, "cluster": 0, "tavg": null, "tmin": 12.2, "tmax": 26.7, "prcp_d0": 0.0, "prcp_d1": 9.861791610717772, "prcp_d2": 0.0, "prcp_d3": 0.0, "prcp_d4": 0.0, "prcp_d5": 0.0, "prcp_d6": 0.0, "tmax_d0": null, "tmax_d1": null, "tmax_d2": null, "tmax_d3": null, "tmax_d4": null, "tmax_d5": null, "tmax_d6": null, "tmin_d0": null, "tmin_d1": null, "tmin_d2": null, "tmin_d3": null, "tmin_d4": null, "tmin_d5": null, "tmin_d6": null, "day_of_year": 205, "uuid": "166bd509-36d9-4453-9063-fb641b8fd20c", "inat_id": 88549765}}, {"type": "Feature", "geometry": {"type": "Point", "coordinates": [-105.0869116724, 37.6706008673]}, "properties": {"species": "Hypomyces lactifluorum", "date": "2021-07-26", "location": "Walsenburg, CO, US", "elevation": 2233.0, "land_cover_label": "Bare / sparse vegetation", "water_mask": false, "exclude_reason": "keep", "ndvi": null, "soil_moisture": null, "solar_exposure": null, "wind_exposure": null, "water_retention": null, "slope": null, "aspect": null, "num_identification_agreements": 1, "cluster": 0, "tavg": null, "tmin": null, "tmax": null, "prcp_d0": 0.0, "prcp_d1": 0.0, "prcp_d2": 0.0, "prcp_d3": 0.0, "prcp_d4": 16.475072860717773, "prcp_d5": 0.0, "prcp_d6": 0.0, "tmax_d0": null, "tmax_d1": null, "tmax_d2": null, "tmax_d3": null, "tmax_d4": null, "tmax_d5": null, "tmax_d6": null, "tmin_d0": null, "tmin_d1": null, "tmin_d2": null, "tmin_d3": null, "tmin_d4": null, "tmin_d5": null, "tmin_d6": null, "day_of_year": 207, "uuid": "2ebb3dc0-ee0d-414b-8d68-c660a720ab53", "inat_id": 88759906}}, {"type": "Feature", "geometry": {"type": "Point", "coordinates": [-104.6770033333, 38.9992116726]}, "properties": {"species": "Hypomyces lactifluorum", "date": "2021-08-01", "location": "Burgess Rd, Colorado Springs, CO, US", "elevation": 2273.0, "land_cover_label": "Tree cover", "water_mask": false, "exclude_reason": "keep", "ndvi": null, "soil_moisture": null, "solar_exposure": null, "wind_exposure": null, "water_retention": null, "slope": null, "aspect": null, "num_identification_agreements": 2, "cluster": 0, "tavg": null, "tmin": 14.2, "tmax": 21.6, "prcp_d0": 31.467453002929688, "prcp_d1": 5.583330154418945, "prcp_d2": 0.0, "prcp_d3": 0.0, "prcp_d4": 0.0, "prcp_d5": 0.0, "prcp_d6": 11.16666030883789, "tmax_d0": null, "tmax_d1": null, "tmax_d2": null, "tmax_d3": null, "tmax_d4": null, "tmax_d5": null, "tmax_d6": null, "tmin_d0": null, "tmin_d1": null, "tmin_d2": null, "tmin_d3": null, "tmin_d4": null, "tmin_d5": null, "tmin_d6": null, "day_of_year": 213, "uuid": "61ab76fb-1132-4030-8f91-ffa6f47b9b90", "inat_id": 89550005}}, {"type": "Feature", "geometry": {"type": "Point", "coordinates": [-104.8799160684, 38.78081323]}, "properties": {"species": "Hypomyces lactifluorum", "date": "2021-08-04", "location": "Pike and San Isabel National Forests, Colorado Springs, CO, US", "elevation": 2091.0, "land_cover_label": "Tree cover", "water_mask": false, "exclude_reason": "keep", "ndvi": null, "soil_moisture": null, "solar_exposure": null, "wind_exposure": null, "water_retention": null, "slope": null, "aspect": null, "num_identification_agreements": 2, "cluster": 0, "tavg": null, "tmin": 15.6, "tmax": 27.3, "prcp_d0": 0.0, "prcp_d1": 0.0, "prcp_d2": 0.0, "prcp_d3": 43.406681060791016, "prcp_d4": 6.172471523284912, "prcp_d5": 0.0, "prcp_d6": 0.0, "tmax_d0": null, "tmax_d1": null, "tmax_d2": null, "tmax_d3": null, "tmax_d4": null, "tmax_d5": null, "tmax_d6": null, "tmin_d0": null, "tmin_d1": null, "tmin_d2": null, "tmin_d3": null, "tmin_d4": null, "tmin_d5": null, "tmin_d6": null, "day_of_year": 216, "uuid": "b51822ab-cc1f-4613-9111-880fa201bc39", "inat_id": 89978783}}, {"type": "Feature", "geometry": {"type": "Point", "coordinates": [-104.5136156886, 39.0394748439]}, "properties": {"species": "Hypomyces lactifluorum", "date": "2021-08-04", "location": "Colorado, US", "elevation": 2117.0, "land_cover_label": "Grassland", "water_mask": false, "exclude_reason": "keep", "ndvi": null, "soil_moisture": 0.2857332880507232, "solar_exposure": 0.8529881238937378, "wind_exposure": 0.3233239352703094, "water_retention": 0.2889316082000732, "slope": 1.7407047748565674, "aspect": 135.59596252441406, "num_identification_agreements": 1, "cluster": 0, "tavg": null, "tmin": 14.1, "tmax": 24.5, "prcp_d0": 0.0, "prcp_d1": 0.0, "prcp_d2": 0.0, "prcp_d3": 26.812271118164062, "prcp_d4": 0.0, "prcp_d5": 0.0, "prcp_d6": 0.0, "tmax_d0": null, "tmax_d1": null, "tmax_d2": null, "tmax_d3": null, "tmax_d4": null, "tmax_d5": null, "tmax_d6": null, "tmin_d0": null, "tmin_d1": null, "tmin_d2": null, "tmin_d3": null, "tmin_d4": null, "tmin_d5": null, "tmin_d6": null, "day_of_year": 216, "uuid": "88366b5a-fc40-4c86-a1c8-0af39cc34b2e", "inat_id": 110977794}}, {"type": "Feature", "geometry": {"type": "Point", "coordinates": [-106.3452930069, 35.9595935538]}, "properties": {"species": "Hypomyces lactifluorum", "date": "2021-08-08", "location": "New Mexico, US", "elevation": 2739.0, "land_cover_label": "Shrubland", "water_mask": false, "exclude_reason": "keep", "ndvi": null, "soil_moisture": null, "solar_exposure": null, "wind_exposure": null, "water_retention": null, "slope": null, "aspect": null, "num_identification_agreements": 1, "cluster": 0, "tavg": null, "tmin": 15.8, "tmax": 29.4, "prcp_d0": 0.0, "prcp_d1": 0.0, "prcp_d2": 0.0, "prcp_d3": 0.0, "prcp_d4": 0.0, "prcp_d5": 0.0, "prcp_d6": 0.0, "tmax_d0": null, "tmax_d1": null, "tmax_d2": null, "tmax_d3": null, "tmax_d4": null, "tmax_d5": null, "tmax_d6": null, "tmin_d0": null, "tmin_d1": null, "tmin_d2": null, "tmin_d3": null, "tmin_d4": null, "tmin_d5": null, "tmin_d6": null, "day_of_year": 220, "uuid": "1160fd78-158a-444c-a6f4-faef05b10ec5", "inat_id": 90491176}}, {"type": "Feature", "geometry": {"type": "Point", "coordinates": [-104.91668667, 38.829175]}, "properties": {"species": "Hypomyces lactifluorum", "date": "2021-08-08", "location": "Wing Shadow Rd, Manitou Springs, CO, US", "elevation": 2288.0, "land_cover_label": "Tree cover", "water_mask": false, "exclude_reason": "keep", "ndvi": null, "soil_moisture": null, "solar_exposure": null, "wind_exposure": null, "water_retention": null, "slope": null, "aspect": null, "num_identification_agreements": 1, "cluster": 0, "tavg": null, "tmin": 11.7, "tmax": 32.2, "prcp_d0": 0.0, "prcp_d1": 0.0, "prcp_d2": 0.0, "prcp_d3": 0.0, "prcp_d4": 0.0, "prcp_d5": 23.22317123413086, "prcp_d6": 0.0, "tmax_d0": null, "tmax_d1": null, "tmax_d2": null, "tmax_d3": null, "tmax_d4": null, "tmax_d5": null, "tmax_d6": null, "tmin_d0": null, "tmin_d1": null, "tmin_d2": null, "tmin_d3": null, "tmin_d4": null, "tmin_d5": null, "tmin_d6": null, "day_of_year": 220, "uuid": "4d0c75eb-7d84-4602-a655-8659829ae335", "inat_id": 90448148}}, {"type": "Feature", "geometry": {"type": "Point", "coordinates": [-105.8314974416, 35.7984209275]}, "properties": {"species": "Hypomyces lactifluorum", "date": "2021-08-14", "location": "Santa Fe National Forest, Santa Fe, NM, US", "elevation": 2827.0, "land_cover_label": "Tree cover", "water_mask": false, "exclude_reason": "keep", "ndvi": null, "soil_moisture": null, "solar_exposure": null, "wind_exposure": null, "water_retention": null, "slope": null, "aspect": null, "num_identification_agreements": 1, "cluster": 0, "tavg": null, "tmin": 13.9, "tmax": 26.7, "prcp_d0": 0.0, "prcp_d1": 0.0, "prcp_d2": 0.0, "prcp_d3": 0.0, "prcp_d4": 0.0, "prcp_d5": 0.0, "prcp_d6": 0.0, "tmax_d0": null, "tmax_d1": null, "tmax_d2": null, "tmax_d3": null, "tmax_d4": null, "tmax_d5": null, "tmax_d6": null, "tmin_d0": null, "tmin_d1": null, "tmin_d2": null, "tmin_d3": null, "tmin_d4": null, "tmin_d5": null, "tmin_d6": null, "day_of_year": 226, "uuid": "82f5e1f4-6528-49e9-8500-b8ffa0341550", "inat_id": 91200699}}, {"type": "Feature", "geometry": {"type": "Point", "coordinates": [-103.5865957216, 43.9783561987]}, "properties": {"species": "Hypomyces lactifluorum", "date": "2021-08-19", "location": "Pennington County, US-SD, US", "elevation": 1794.0, "land_cover_label": "Tree cover", "water_mask": false, "exclude_reason": "keep", "ndvi": null, "soil_moisture": null, "solar_exposure": null, "wind_exposure": null, "water_retention": null, "slope": null, "aspect": null, "num_identification_agreements": 3, "cluster": 0, "tavg": null, "tmin": 11.7, "tmax": 18.3, "prcp_d0": 11.788285255432127, "prcp_d1": 0.0, "prcp_d2": 0.0, "prcp_d3": 0.0, "prcp_d4": 0.0, "prcp_d5": 0.0, "prcp_d6": 0.0, "tmax_d0": null, "tmax_d1": null, "tmax_d2": null, "tmax_d3": null, "tmax_d4": null, "tmax_d5": null, "tmax_d6": null, "tmin_d0": null, "tmin_d1": null, "tmin_d2": null, "tmin_d3": null, "tmin_d4": null, "tmin_d5": null, "tmin_d6": null, "day_of_year": 231, "uuid": "977e403c-49c8-49a0-9861-6c8a471afbf9", "inat_id": 91875524}}, {"type": "Feature", "geometry": {"type": "Point", "coordinates": [-105.1807254267, 38.8026373239]}, "properties": {"species": "Hypomyces lactifluorum", "date": "2021-08-29", "location": "Colorado, US", "elevation": 2887.0, "land_cover_label": "Grassland", "water_mask": false, "exclude_reason": "keep", "ndvi": null, "soil_moisture": null, "solar_exposure": null, "wind_exposure": null, "water_retention": null, "slope": null, "aspect": null, "num_identification_agreements": 1, "cluster": 0, "tavg": null, "tmin": 14.1, "tmax": 24.1, "prcp_d0": 0.0, "prcp_d1": 0.0, "prcp_d2": 0.0, "prcp_d3": 0.0, "prcp_d4": 0.0, "prcp_d5": 0.0, "prcp_d6": 0.0, "tmax_d0": null, "tmax_d1": null, "tmax_d2": null, "tmax_d3": null, "tmax_d4": null, "tmax_d5": null, "tmax_d6": null, "tmin_d0": null, "tmin_d1": null, "tmin_d2": null, "tmin_d3": null, "tmin_d4": null, "tmin_d5": null, "tmin_d6": null, "day_of_year": 241, "uuid": "26456811-c4e2-49aa-9570-967b66b69888", "inat_id": 93123754}}, {"type": "Feature", "geometry": {"type": "Point", "coordinates": [-121.9144676908, 45.2709002451]}, "properties": {"species": "Hypomyces lactifluorum", "date": "2021-08-30", "location": "Oregon, US", "elevation": 750.0, "land_cover_label": "Tree cover", "water_mask": false, "exclude_reason": "keep", "ndvi": null, "soil_moisture": null, "solar_exposure": null, "wind_exposure": null, "water_retention": null, "slope": null, "aspect": null, "num_identification_agreements": 1, "cluster": 0, "tavg": null, "tmin": 11.1, "tmax": 21.7, "prcp_d0": 0.0, "prcp_d1": 0.0, "prcp_d2": 0.0, "prcp_d3": 0.0, "prcp_d4": 10.41929054260254, "prcp_d5": 0.0, "prcp_d6": 0.0, "tmax_d0": 22.3, "tmax_d1": 25.5, "tmax_d2": 25.9, "tmax_d3": 17.5, "tmax_d4": 18.2, "tmax_d5": 23.2, "tmax_d6": 23.9, "tmin_d0": 9.0, "tmin_d1": 6.5, "tmin_d2": 6.3, "tmin_d3": 9.6, "tmin_d4": 9.6, "tmin_d5": 7.6, "tmin_d6": 7.3, "day_of_year": 242, "uuid": "06229d76-39b5-408d-b1a2-c9239b91581e", "inat_id": 93191546}}, {"type": "Feature", "geometry": {"type": "Point", "coordinates": [-121.9414147512, 45.3041999728]}, "properties": {"species": "Hypomyces lactifluorum", "date": "2021-09-06", "location": "Clackamas County, OR, USA", "elevation": 505.0, "land_cover_label": "Tree cover", "water_mask": false, "exclude_reason": "keep", "ndvi": null, "soil_moisture": null, "solar_exposure": null, "wind_exposure": null, "water_retention": null, "slope": null, "aspect": null, "num_identification_agreements": 2, "cluster": 0, "tavg": null, "tmin": 17.2, "tmax": 29.4, "prcp_d0": 0.0, "prcp_d1": 0.0, "prcp_d2": 0.0, "prcp_d3": 0.0, "prcp_d4": 0.0, "prcp_d5": 0.0, "prcp_d6": 0.0, "tmax_d0": 26.0, "tmax_d1": 25.4, "tmax_d2": 25.9, "tmax_d3": 26.1, "tmax_d4": 24.9, "tmax_d5": 22.0, "tmax_d6": 16.6, "tmin_d0": 14.0, "tmin_d1": 14.4, "tmin_d2": 11.9, "tmin_d3": 7.6, "tmin_d4": 5.8, "tmin_d5": 5.4, "tmin_d6": 8.7, "day_of_year": 249, "uuid": "7b1922ec-624b-4484-8e01-1d92aed40cfc", "inat_id": 93942513}}, {"type": "Feature", "geometry": {"type": "Point", "coordinates": [-121.9182174138, 45.2872152884]}, "properties": {"species": "Hypomyces lactifluorum", "date": "2021-09-06", "location": "Oregon, US", "elevation": 948.0, "land_cover_label": "Tree cover", "water_mask": false, "exclude_reason": "keep", "ndvi": null, "soil_moisture": null, "solar_exposure": null, "wind_exposure": null, "water_retention": null, "slope": null, "aspect": null, "num_identification_agreements": 2, "cluster": 0, "tavg": null, "tmin": 17.2, "tmax": 29.4, "prcp_d0": 0.0, "prcp_d1": 0.0, "prcp_d2": 0.0, "prcp_d3": 0.0, "prcp_d4": 0.0, "prcp_d5": 0.0, "prcp_d6": 0.0, "tmax_d0": 23.5, "tmax_d1": 22.9, "tmax_d2": 23.4, "tmax_d3": 23.6, "tmax_d4": 22.4, "tmax_d5": 19.5, "tmax_d6": 14.1, "tmin_d0": 11.5, "tmin_d1": 11.9, "tmin_d2": 9.4, "tmin_d3": 5.1, "tmin_d4": 3.3, "tmin_d5": 2.9, "tmin_d6": 6.2, "day_of_year": 249, "uuid": "bff8819a-98a3-477a-a361-769a8d9f0613", "inat_id": 93878966}}, {"type": "Feature", "geometry": {"type": "Point", "coordinates": [-121.9999, 45.3456]}, "properties": {"species": "Hypomyces lactifluorum", "date": "2021-09-18", "location": "Salmon Huckleberry Wilderness, OR, US", "elevation": 548.0, "land_cover_label": "Tree cover", "water_mask": false, "exclude_reason": "keep", "ndvi": null, "soil_moisture": null, "solar_exposure": null, "wind_exposure": null, "water_retention": null, "slope": null, "aspect": null, "num_identification_agreements": 2, "cluster": 1, "tavg": null, "tmin": 14.4, "tmax": 20.0, "prcp_d0": 74.13440704345703, "prcp_d1": 0.0, "prcp_d2": 0.0, "prcp_d3": 0.0, "prcp_d4": 0.0, "prcp_d5": 0.0, "prcp_d6": 0.0, "tmax_d0": 20.5, "tmax_d1": 21.6, "tmax_d2": 19.9, "tmax_d3": 21.5, "tmax_d4": 22.9, "tmax_d5": 17.3, "tmax_d6": 20.0, "tmin_d0": 10.8, "tmin_d1": 7.1, "tmin_d2": 3.0, "tmin_d3": 11.5, "tmin_d4": 8.1, "tmin_d5": 8.5, "tmin_d6": 12.2, "day_of_year": 261, "uuid": "83153824-72ce-49f3-81b9-ea2399c89cb1", "inat_id": 95281128}}, {"type": "Feature", "geometry": {"type": "Point", "coordinates": [-121.9988172501, 45.308685978]}, "properties": {"species": "Hypomyces lactifluorum", "date": "2021-09-21", "location": "Welches, OR 97067, USA", "elevation": 1148.0, "land_cover_label": "Tree cover", "water_mask": false, "exclude_reason": "keep", "ndvi": null, "soil_moisture": null, "solar_exposure": null, "wind_exposure": null, "water_retention": null, "slope": null, "aspect": null, "num_identification_agreements": 1, "cluster": 1, "tavg": null, "tmin": 13.3, "tmax": 28.3, "prcp_d0": 0.0, "prcp_d1": 0.0, "prcp_d2": 37.06720352172852, "prcp_d3": 74.13440704345703, "prcp_d4": 0.0, "prcp_d5": 0.0, "prcp_d6": 0.0, "tmax_d0": 20.0, "tmax_d1": 15.9, "tmax_d2": 8.7, "tmax_d3": 17.1, "tmax_d4": 19.0, "tmax_d5": 15.1, "tmax_d6": 17.8, "tmin_d0": 7.1, "tmin_d1": 5.7, "tmin_d2": 3.8, "tmin_d3": 6.7, "tmin_d4": 4.2, "tmin_d5": -1.5, "tmin_d6": 8.3, "day_of_year": 264, "uuid": "7e8fe2a6-1ddb-48f3-932c-a20acfd7acb0", "inat_id": 96018188}}, {"type": "Feature", "geometry": {"type": "Point", "coordinates": [-121.9409916667, 45.2828611111]}, "properties": {"species": "Hypomyces lactifluorum", "date": "2021-10-03", "location": "Rhododendron, OR 97049, USA", "elevation": 518.0, "land_cover_label": "Tree cover", "water_mask": false, "exclude_reason": "keep", "ndvi": null, "soil_moisture": null, "solar_exposure": null, "wind_exposure": null, "water_retention": null, "slope": null, "aspect": null, "num_identification_agreements": 1, "cluster": 0, "tavg": null, "tmin": 7.2, "tmax": 21.7, "prcp_d0": 0.0, "prcp_d1": 0.0, "prcp_d2": 0.0, "prcp_d3": 0.0, "prcp_d4": 0.0, "prcp_d5": 0.0, "prcp_d6": 0.0, "tmax_d0": 18.9, "tmax_d1": 21.0, "tmax_d2": 19.2, "tmax_d3": 17.3, "tmax_d4": 17.9, "tmax_d5": 11.3, "tmax_d6": 21.0, "tmin_d0": 8.8, "tmin_d1": 6.3, "tmin_d2": 5.3, "tmin_d3": 10.1, "tmin_d4": 5.1, "tmin_d5": 8.1, "tmin_d6": 10.4, "day_of_year": 276, "uuid": "904d060e-2f74-4e5f-812c-da4475610f8a", "inat_id": 97162192}}, {"type": "Feature", "geometry": {"type": "Point", "coordinates": [-122.1773235302, 45.5147148453]}, "properties": {"species": "Hypomyces lactifluorum", "date": "2021-10-23", "location": "Multnomah County, US-OR, US", "elevation": 505.0, "land_cover_label": "Tree cover", "water_mask": false, "exclude_reason": "keep", "ndvi": null, "soil_moisture": null, "solar_exposure": null, "wind_exposure": null, "water_retention": null, "slope": null, "aspect": null, "num_identification_agreements": 1, "cluster": 1, "tavg": null, "tmin": 10.6, "tmax": 11.7, "prcp_d0": 0.0, "prcp_d1": 33.77545547485352, "prcp_d2": 33.77545547485352, "prcp_d3": 8.528984069824219, "prcp_d4": 0.0, "prcp_d5": 0.0, "prcp_d6": 25.58695411682129, "tmax_d0": 10.1, "tmax_d1": 16.8, "tmax_d2": 20.1, "tmax_d3": 15.5, "tmax_d4": 17.3, "tmax_d5": 11.9, "tmax_d6": 14.7, "tmin_d0": 5.8, "tmin_d1": 7.0, "tmin_d2": 8.6, "tmin_d3": 8.1, "tmin_d4": 1.2, "tmin_d5": 5.8, "tmin_d6": 5.1, "day_of_year": 296, "uuid": "11cf0ad9-ec27-4ebb-a518-280cef0bde36", "inat_id": 99147496}}, {"type": "Feature", "geometry": {"type": "Point", "coordinates": [-105.21459198, 39.4046630859]}, "properties": {"species": "Hypomyces lactifluorum", "date": "2022-07-30", "location": "Jefferson County, US-CO, US", "elevation": 2271.0, "land_cover_label": "Tree cover", "water_mask": false, "exclude_reason": "keep", "ndvi": null, "soil_moisture": 0.330569955938269, "solar_exposure": 0.7745256423950195, "wind_exposure": 0.3636490702629089, "water_retention": 0.2744790613651275, "slope": 6.445130348205566, "aspect": 30.13050842285156, "num_identification_agreements": 1, "cluster": 1, "tavg": null, "tmin": 13.3, "tmax": 31.1, "prcp_d0": 0.0, "prcp_d1": 0.0, "prcp_d2": 28.854480743408203, "prcp_d3": 0.0, "prcp_d4": 0.0, "prcp_d5": 19.46042251586914, "prcp_d6": 0.0, "tmax_d0": null, "tmax_d1": null, "tmax_d2": null, "tmax_d3": null, "tmax_d4": null, "tmax_d5": null, "tmax_d6": null, "tmin_d0": null, "tmin_d1": null, "tmin_d2": null, "tmin_d3": null, "tmin_d4": null, "tmin_d5": null, "tmin_d6": null, "day_of_year": 211, "uuid": "08226acc-d833-42d4-8fc3-4969de7e0b24", "inat_id": 129304500}}, {"type": "Feature", "geometry": {"type": "Point", "coordinates": [-105.2423983812, 38.9282984707]}, "properties": {"species": "Hypomyces lactifluorum", "date": "2022-08-01", "location": "Florissant, CO 80816, USA", "elevation": 2719.0, "land_cover_label": "Tree cover", "water_mask": false, "exclude_reason": "keep", "ndvi": null, "soil_moisture": null, "solar_exposure": null, "wind_exposure": null, "water_retention": null, "slope": null, "aspect": null, "num_identification_agreements": 1, "cluster": 0, "tavg": null, "tmin": 6.8, "tmax": 19.8, "prcp_d0": 0.0, "prcp_d1": 0.0, "prcp_d2": 0.0, "prcp_d3": 0.0, "prcp_d4": 0.0, "prcp_d5": 9.664058685302734, "prcp_d6": 9.664058685302734, "tmax_d0": null, "tmax_d1": null, "tmax_d2": null, "tmax_d3": null, "tmax_d4": null, "tmax_d5": null, "tmax_d6": null, "tmin_d0": null, "tmin_d1": null, "tmin_d2": null, "tmin_d3": null, "tmin_d4": null, "tmin_d5": null, "tmin_d6": null, "day_of_year": 213, "uuid": "a971078c-1bde-493e-92d2-9434f526459e", "inat_id": 128986828}}, {"type": "Feature", "geometry": {"type": "Point", "coordinates": [-105.09310286, 39.02495706]}, "properties": {"species": "Hypomyces lactifluorum", "date": "2022-08-01", "location": "Teller County, US-CO, US", "elevation": 2530.0, "land_cover_label": "Tree cover", "water_mask": false, "exclude_reason": "keep", "ndvi": null, "soil_moisture": 0.3261799665925507, "solar_exposure": 0.8510217070579529, "wind_exposure": 0.2489881813526153, "water_retention": 0.5281257033348083, "slope": 3.855171203613281, "aspect": 108.7955322265625, "num_identification_agreements": 2, "cluster": 3, "tavg": null, "tmin": 11.7, "tmax": 30.4, "prcp_d0": 0.0, "prcp_d1": 0.0, "prcp_d2": 0.0, "prcp_d3": 0.0, "prcp_d4": 0.0, "prcp_d5": 22.499134063720703, "prcp_d6": 0.0, "tmax_d0": null, "tmax_d1": null, "tmax_d2": null, "tmax_d3": null, "tmax_d4": null, "tmax_d5": null, "tmax_d6": null, "tmin_d0": null, "tmin_d1": null, "tmin_d2": null, "tmin_d3": null, "tmin_d4": null, "tmin_d5": null, "tmin_d6": null, "day_of_year": 213, "uuid": "4c977e65-165d-48a8-bda5-2def68c241e7", "inat_id": 129028603}}, {"type": "Feature", "geometry": {"type": "Point", "coordinates": [-104.943175, 39.1220028333]}, "properties": {"species": "Hypomyces lactifluorum", "date": "2022-08-01", "location": "Pike and San Isabel National Forests, Woodland Park, CO, US", "elevation": 2407.0, "land_cover_label": "Tree cover", "water_mask": false, "exclude_reason": "keep", "ndvi": null, "soil_moisture": 0.2283760245973363, "solar_exposure": 0.8194868564605713, "wind_exposure": 0.2208466380834579, "water_retention": 0.2652479112148285, "slope": 2.472496747970581, "aspect": 41.04240798950195, "num_identification_agreements": 3, "cluster": 0, "tavg": null, "tmin": 11.7, "tmax": 30.4, "prcp_d0": 0.0, "prcp_d1": 0.0, "prcp_d2": 0.0, "prcp_d3": 8.109624862670898, "prcp_d4": 16.219249725341797, "prcp_d5": 8.109624862670898, "prcp_d6": 0.0, "tmax_d0": null, "tmax_d1": null, "tmax_d2": null, "tmax_d3": null, "tmax_d4": null, "tmax_d5": null, "tmax_d6": null, "tmin_d0": null, "tmin_d1": null, "tmin_d2": null, "tmin_d3": null, "tmin_d4": null, "tmin_d5": null, "tmin_d6": null, "day_of_year": 213, "uuid": "e3f76298-3f39-467e-bc33-3bb1f10d3578", "inat_id": 298445051}}, {"type": "Feature", "geometry": {"type": "Point", "coordinates": [-105.3074304693, 39.2645421522]}, "properties": {"species": "Hypomyces lactifluorum", "date": "2022-08-02", "location": "Colorado, US", "elevation": 2509.0, "land_cover_label": "Grassland", "water_mask": false, "exclude_reason": "keep", "ndvi": null, "soil_moisture": 0.2552420491695537, "solar_exposure": 0.946651577949524, "wind_exposure": 0.4649264812469482, "water_retention": 0.1717588454484939, "slope": 19.06117820739746, "aspect": 213.6342315673828, "num_identification_agreements": 2, "cluster": 0, "tavg": null, "tmin": 6.7, "tmax": 21.6, "prcp_d0": 11.42048168182373, "prcp_d1": 0.0, "prcp_d2": 0.0, "prcp_d3": 0.0, "prcp_d4": 0.0, "prcp_d5": 16.551204681396484, "prcp_d6": 8.275602340698242, "tmax_d0": null, "tmax_d1": null, "tmax_d2": null, "tmax_d3": null, "tmax_d4": null, "tmax_d5": null, "tmax_d6": null, "tmin_d0": null, "tmin_d1": null, "tmin_d2": null, "tmin_d3": null, "tmin_d4": null, "tmin_d5": null, "tmin_d6": null, "day_of_year": 214, "uuid": "e3cd2534-7bb5-4c7e-8385-b45c69481277", "inat_id": 129264825}}, {"type": "Feature", "geometry": {"type": "Point", "coordinates": [-105.3767783333, 39.3448716667]}, "properties": {"species": "Hypomyces lactifluorum", "date": "2022-08-07", "location": "Pike and San Isabel National Forests, Sedalia, CO, US", "elevation": 2455.0, "land_cover_label": "Tree cover", "water_mask": false, "exclude_reason": "keep", "ndvi": null, "soil_moisture": 0.2879715524469226, "solar_exposure": 0.6771674156188965, "wind_exposure": 0.3592517375946045, "water_retention": 0.1972555220127105, "slope": 13.318411827087402, "aspect": 344.36669921875, "num_identification_agreements": 1, "cluster": 0, "tavg": null, "tmin": 7.7, "tmax": 20.4, "prcp_d0": 8.403079986572266, "prcp_d1": 8.403079986572266, "prcp_d2": 4.162250518798828, "prcp_d3": 4.162250518798828, "prcp_d4": 0.0, "prcp_d5": 4.162250518798828, "prcp_d6": 0.0, "tmax_d0": null, "tmax_d1": null, "tmax_d2": null, "tmax_d3": null, "tmax_d4": null, "tmax_d5": null, "tmax_d6": null, "tmin_d0": null, "tmin_d1": null, "tmin_d2": null, "tmin_d3": null, "tmin_d4": null, "tmin_d5": null, "tmin_d6": null, "day_of_year": 219, "uuid": "928398ed-6085-45f9-bc73-839fab653cc5", "inat_id": 129823340}}, {"type": "Feature", "geometry": {"type": "Point", "coordinates": [-104.4886238069, 39.1923860688]}, "properties": {"species": "Hypomyces lactifluorum", "date": "2022-08-13", "location": "Colorado, US", "elevation": 2126.0, "land_cover_label": "Grassland", "water_mask": false, "exclude_reason": "keep", "ndvi": null, "soil_moisture": 0.139544066375648, "solar_exposure": 0.8352420330047607, "wind_exposure": 0.3179651498794555, "water_retention": 0.2465671449899673, "slope": 3.260313034057617, "aspect": 84.53225708007812, "num_identification_agreements": 2, "cluster": 0, "tavg": null, "tmin": 13.0, "tmax": 28.0, "prcp_d0": 0.0, "prcp_d1": 0.0, "prcp_d2": 0.0, "prcp_d3": 0.0, "prcp_d4": 0.0, "prcp_d5": 11.819361686706545, "prcp_d6": 11.819361686706545, "tmax_d0": null, "tmax_d1": null, "tmax_d2": null, "tmax_d3": null, "tmax_d4": null, "tmax_d5": null, "tmax_d6": null, "tmin_d0": null, "tmin_d1": null, "tmin_d2": null, "tmin_d3": null, "tmin_d4": null, "tmin_d5": null, "tmin_d6": null, "day_of_year": 225, "uuid": "d67ccd7f-fa99-476b-84bf-17bcd460c21e", "inat_id": 131156215}}, {"type": "Feature", "geometry": {"type": "Point", "coordinates": [-107.8224222222, 37.4229722222]}, "properties": {"species": "Hypomyces lactifluorum", "date": "2022-08-13", "location": "Durango, CO 81301, USA", "elevation": 2038.0, "land_cover_label": "Tree cover", "water_mask": false, "exclude_reason": "keep", "ndvi": null, "soil_moisture": null, "solar_exposure": null, "wind_exposure": null, "water_retention": null, "slope": null, "aspect": null, "num_identification_agreements": 2, "cluster": 0, "tavg": null, "tmin": 14.4, "tmax": 31.1, "prcp_d0": 0.0, "prcp_d1": 0.0, "prcp_d2": 0.0, "prcp_d3": 0.0, "prcp_d4": 0.0, "prcp_d5": 0.0, "prcp_d6": 0.0, "tmax_d0": null, "tmax_d1": null, "tmax_d2": null, "tmax_d3": null, "tmax_d4": null, "tmax_d5": null, "tmax_d6": null, "tmin_d0": null, "tmin_d1": null, "tmin_d2": null, "tmin_d3": null, "tmin_d4": null, "tmin_d5": null, "tmin_d6": null, "day_of_year": 225, "uuid": "167ed4f7-8431-4a2e-89ce-36b9ee64fc6e", "inat_id": 130666612}}, {"type": "Feature", "geometry": {"type": "Point", "coordinates": [-104.9347669722, 39.126947]}, "properties": {"species": "Hypomyces lactifluorum", "date": "2022-08-14", "location": "El Paso County, CO, USA", "elevation": 2530.0, "land_cover_label": "Tree cover", "water_mask": false, "exclude_reason": "keep", "ndvi": null, "soil_moisture": 0.1485448908789722, "solar_exposure": 0.8342745900154114, "wind_exposure": 0.4383518397808075, "water_retention": 0.2316317111253738, "slope": 4.066281795501709, "aspect": 274.37896728515625, "num_identification_agreements": 2, "cluster": 0, "tavg": null, "tmin": 12.7, "tmax": 32.5, "prcp_d0": 0.0, "prcp_d1": 0.0, "prcp_d2": 0.0, "prcp_d3": 0.0, "prcp_d4": 0.0, "prcp_d5": 0.0, "prcp_d6": 9.686880111694336, "tmax_d0": null, "tmax_d1": null, "tmax_d2": null, "tmax_d3": null, "tmax_d4": null, "tmax_d5": null, "tmax_d6": null, "tmin_d0": null, "tmin_d1": null, "tmin_d2": null, "tmin_d3": null, "tmin_d4": null, "tmin_d5": null, "tmin_d6": null, "day_of_year": 226, "uuid": "7856cd82-2868-4c48-9d7f-28ec2b34db3f", "inat_id": 130882427}}, {"type": "Feature", "geometry": {"type": "Point", "coordinates": [-110.1030142608, 38.577470024]}, "properties": {"species": "Hypomyces lactifluorum", "date": "2022-08-15", "location": "Green River, UT, US", "elevation": 1483.0, "land_cover_label": "Bare / sparse vegetation", "water_mask": false, "exclude_reason": "keep", "ndvi": null, "soil_moisture": null, "solar_exposure": null, "wind_exposure": null, "water_retention": null, "slope": null, "aspect": null, "num_identification_agreements": 3, "cluster": 0, "tavg": null, "tmin": 17.8, "tmax": 30.0, "prcp_d0": 0.0, "prcp_d1": 0.0, "prcp_d2": 0.0, "prcp_d3": 12.433599472045898, "prcp_d4": 0.0, "prcp_d5": 0.0, "prcp_d6": 0.0, "tmax_d0": null, "tmax_d1": null, "tmax_d2": null, "tmax_d3": null, "tmax_d4": null, "tmax_d5": null, "tmax_d6": null, "tmin_d0": null, "tmin_d1": null, "tmin_d2": null, "tmin_d3": null, "tmin_d4": null, "tmin_d5": null, "tmin_d6": null, "day_of_year": 227, "uuid": "e2089d72-87a0-4c6a-9e5d-a30ab6120887", "inat_id": 131290101}}, {"type": "Feature", "geometry": {"type": "Point", "coordinates": [-104.4785060132, 39.1304090198]}, "properties": {"species": "Hypomyces lactifluorum", "date": "2022-08-17", "location": "Colorado, US", "elevation": 2039.0, "land_cover_label": "Grassland", "water_mask": false, "exclude_reason": "keep", "ndvi": null, "soil_moisture": 0.3913224228959391, "solar_exposure": 0.8496087193489075, "wind_exposure": 0.3096128106117248, "water_retention": 0.4859924912452698, "slope": 1.8726835250854488, "aspect": 119.86983489990234, "num_identification_agreements": 1, "cluster": 1, "tavg": null, "tmin": 10.0, "tmax": 22.0, "prcp_d0": 0.0, "prcp_d1": 30.00926399230957, "prcp_d2": 9.744477272033691, "prcp_d3": 0.0, "prcp_d4": 0.0, "prcp_d5": 0.0, "prcp_d6": 0.0, "tmax_d0": null, "tmax_d1": null, "tmax_d2": null, "tmax_d3": null, "tmax_d4": null, "tmax_d5": null, "tmax_d6": null, "tmin_d0": null, "tmin_d1": null, "tmin_d2": null, "tmin_d3": null, "tmin_d4": null, "tmin_d5": null, "tmin_d6": null, "day_of_year": 229, "uuid": "0675fd00-8998-4ef0-b18a-1254f57a058f", "inat_id": 131621432}}, {"type": "Feature", "geometry": {"type": "Point", "coordinates": [-105.1465611667, 36.4256666667]}, "properties": {"species": "Hypomyces lactifluorum", "date": "2022-08-18", "location": "Cimarron, NM, US", "elevation": 2869.0, "land_cover_label": "Tree cover", "water_mask": false, "exclude_reason": "keep", "ndvi": null, "soil_moisture": null, "solar_exposure": null, "wind_exposure": null, "water_retention": null, "slope": null, "aspect": null, "num_identification_agreements": 1, "cluster": 1, "tavg": null, "tmin": 7.4, "tmax": 21.9, "prcp_d0": 0.0, "prcp_d1": 0.0, "prcp_d2": 46.31460189819336, "prcp_d3": 0.0, "prcp_d4": 0.0, "prcp_d5": 0.0, "prcp_d6": 0.0, "tmax_d0": null, "tmax_d1": null, "tmax_d2": null, "tmax_d3": null, "tmax_d4": null, "tmax_d5": null, "tmax_d6": null, "tmin_d0": null, "tmin_d1": null, "tmin_d2": null, "tmin_d3": null, "tmin_d4": null, "tmin_d5": null, "tmin_d6": null, "day_of_year": 230, "uuid": "e96eb997-b653-41b4-b3f8-3f8b55a0d5c1", "inat_id": 132734885}}, {"type": "Feature", "geometry": {"type": "Point", "coordinates": [-106.7932966667, 35.8228916667]}, "properties": {"species": "Hypomyces lactifluorum", "date": "2022-08-20", "location": "Santa Fe National Forest, Jemez Springs, NM, US", "elevation": 2233.0, "land_cover_label": "Tree cover", "water_mask": false, "exclude_reason": "keep", "ndvi": null, "soil_moisture": null, "solar_exposure": null, "wind_exposure": null, "water_retention": null, "slope": null, "aspect": null, "num_identification_agreements": 1, "cluster": 0, "tavg": null, "tmin": 12.6, "tmax": 16.5, "prcp_d0": 16.25185775756836, "prcp_d1": 0.0, "prcp_d2": 0.0, "prcp_d3": 0.0, "prcp_d4": 0.0, "prcp_d5": 0.0, "prcp_d6": 0.0, "tmax_d0": null, "tmax_d1": null, "tmax_d2": null, "tmax_d3": null, "tmax_d4": null, "tmax_d5": null, "tmax_d6": null, "tmin_d0": null, "tmin_d1": null, "tmin_d2": null, "tmin_d3": null, "tmin_d4": null, "tmin_d5": null, "tmin_d6": null, "day_of_year": 232, "uuid": "357376c4-fddd-462f-8181-cf87aedd7a9a", "inat_id": 132095071}}, {"type": "Feature", "geometry": {"type": "Point", "coordinates": [-104.898527, 39.0902919722]}, "properties": {"species": "Hypomyces lactifluorum", "date": "2022-08-20", "location": "El Paso County, CO, USA", "elevation": 2189.0, "land_cover_label": "Tree cover", "water_mask": false, "exclude_reason": "keep", "ndvi": null, "soil_moisture": 0.2396070445919646, "solar_exposure": 0.8673248291015625, "wind_exposure": 0.3368100523948669, "water_retention": 0.2330305278301239, "slope": 3.983064413070679, "aspect": 134.55416870117188, "num_identification_agreements": 2, "cluster": 0, "tavg": null, "tmin": 12.5, "tmax": 20.5, "prcp_d0": 0.0, "prcp_d1": 0.0, "prcp_d2": 0.0, "prcp_d3": 0.0, "prcp_d4": 18.415605545043945, "prcp_d5": 7.8054938316345215, "prcp_d6": 0.0, "tmax_d0": null, "tmax_d1": null, "tmax_d2": null, "tmax_d3": null, "tmax_d4": null, "tmax_d5": null, "tmax_d6": null, "tmin_d0": null, "tmin_d1": null, "tmin_d2": null, "tmin_d3": null, "tmin_d4": null, "tmin_d5": null, "tmin_d6": null, "day_of_year": 232, "uuid": "fe1ccde6-96da-4f66-976b-6d3b84484971", "inat_id": 131653359}}, {"type": "Feature", "geometry": {"type": "Point", "coordinates": [-122.1439416667, 44.7164222222]}, "properties": {"species": "Hypomyces lactifluorum", "date": "2022-08-20", "location": "Detroit, OR 97342, USA", "elevation": 575.0, "land_cover_label": "Tree cover", "water_mask": false, "exclude_reason": "keep", "ndvi": null, "soil_moisture": null, "solar_exposure": null, "wind_exposure": null, "water_retention": null, "slope": null, "aspect": null, "num_identification_agreements": 2, "cluster": 0, "tavg": null, "tmin": null, "tmax": null, "prcp_d0": 0.0, "prcp_d1": 0.0, "prcp_d2": 5.214316368103027, "prcp_d3": 0.0, "prcp_d4": 0.0, "prcp_d5": 0.0, "prcp_d6": 0.0, "tmax_d0": 29.3, "tmax_d1": 29.8, "tmax_d2": 35.7, "tmax_d3": 38.8, "tmax_d4": 33.5, "tmax_d5": 30.6, "tmax_d6": 28.6, "tmin_d0": 15.1, "tmin_d1": 18.5, "tmin_d2": 19.8, "tmin_d3": 15.1, "tmin_d4": 13.1, "tmin_d5": 11.2, "tmin_d6": 11.1, "day_of_year": 232, "uuid": "aaadbf0f-92aa-4d04-a922-ecbcd2d4dbed", "inat_id": 131643999}}, {"type": "Feature", "geometry": {"type": "Point", "coordinates": [-105.3477522814, 39.3410523171]}, "properties": {"species": "Hypomyces lactifluorum", "date": "2022-08-20", "location": "Jefferson County, US-CO, US", "elevation": 2326.0, "land_cover_label": "Tree cover", "water_mask": false, "exclude_reason": "keep", "ndvi": null, "soil_moisture": 0.3301521403073272, "solar_exposure": 0.8314148187637329, "wind_exposure": 0.3339725434780121, "water_retention": 0.159665048122406, "slope": 11.678618431091309, "aspect": 96.0293960571289, "num_identification_agreements": 3, "cluster": 2, "tavg": null, "tmin": 4.0, "tmax": 12.2, "prcp_d0": 0.0, "prcp_d1": 0.0, "prcp_d2": 0.0, "prcp_d3": 0.0, "prcp_d4": 31.27045631408692, "prcp_d5": 14.170412063598633, "prcp_d6": 0.0, "tmax_d0": null, "tmax_d1": null, "tmax_d2": null, "tmax_d3": null, "tmax_d4": null, "tmax_d5": null, "tmax_d6": null, "tmin_d0": null, "tmin_d1": null, "tmin_d2": null, "tmin_d3": null, "tmin_d4": null, "tmin_d5": null, "tmin_d6": null, "day_of_year": 232, "uuid": "7097baea-fad1-4469-a43b-00faa1972fbb", "inat_id": 155528333}}, {"type": "Feature", "geometry": {"type": "Point", "coordinates": [-105.0226221667, 39.0636471667]}, "properties": {"species": "Hypomyces lactifluorum", "date": "2022-08-22", "location": "Pike and San Isabel National Forests, Woodland Park, CO, US", "elevation": 2863.0, "land_cover_label": "Tree cover", "water_mask": false, "exclude_reason": "keep", "ndvi": null, "soil_moisture": 0.3453219443699737, "solar_exposure": 0.859265923500061, "wind_exposure": 0.3781753480434418, "water_retention": 0.2722949087619781, "slope": 2.227393627166748, "aspect": 146.8578643798828, "num_identification_agreements": 3, "cluster": 0, "tavg": null, "tmin": 10.2, "tmax": 24.0, "prcp_d0": 0.0, "prcp_d1": 0.0, "prcp_d2": 0.0, "prcp_d3": 0.0, "prcp_d4": 0.0, "prcp_d5": 0.0, "prcp_d6": 25.49130821228028, "tmax_d0": null, "tmax_d1": null, "tmax_d2": null, "tmax_d3": null, "tmax_d4": null, "tmax_d5": null, "tmax_d6": null, "tmin_d0": null, "tmin_d1": null, "tmin_d2": null, "tmin_d3": null, "tmin_d4": null, "tmin_d5": null, "tmin_d6": null, "day_of_year": 234, "uuid": "48ed065c-27a6-471e-9d08-dada7f00a96e", "inat_id": 132887387}}, {"type": "Feature", "geometry": {"type": "Point", "coordinates": [-104.9718713591, 39.1725567165]}, "properties": {"species": "Hypomyces lactifluorum", "date": "2022-08-22", "location": "Colorado, US", "elevation": 2660.0, "land_cover_label": "Tree cover", "water_mask": false, "exclude_reason": "keep", "ndvi": null, "soil_moisture": 0.3035446765953957, "solar_exposure": 0.7063832879066467, "wind_exposure": 0.4306388199329376, "water_retention": 0.1553367674350738, "slope": 12.42953395843506, "aspect": 33.14213562011719, "num_identification_agreements": 2, "cluster": 0, "tavg": null, "tmin": 10.2, "tmax": 24.0, "prcp_d0": 0.0, "prcp_d1": 6.558586120605469, "prcp_d2": 0.0, "prcp_d3": 0.0, "prcp_d4": 0.0, "prcp_d5": 0.0, "prcp_d6": 24.28832054138184, "tmax_d0": null, "tmax_d1": null, "tmax_d2": null, "tmax_d3": null, "tmax_d4": null, "tmax_d5": null, "tmax_d6": null, "tmin_d0": null, "tmin_d1": null, "tmin_d2": null, "tmin_d3": null, "tmin_d4": null, "tmin_d5": null, "tmin_d6": null, "day_of_year": 234, "uuid": "2ad2c19c-b410-4743-941e-bebe1e86838d", "inat_id": 131958225}}, {"type": "Feature", "geometry": {"type": "Point", "coordinates": [-105.2129283333, 39.2690116667]}, "properties": {"species": "Hypomyces lactifluorum", "date": "2022-08-24", "location": "Pike and San Isabel National Forests, Sedalia, CO, US", "elevation": 1992.0, "land_cover_label": "Tree cover", "water_mask": false, "exclude_reason": "keep", "ndvi": null, "soil_moisture": 0.3118741033860467, "solar_exposure": 0.7360595464706421, "wind_exposure": 0.3676754832267761, "water_retention": 0.2302732914686203, "slope": 12.276653289794922, "aspect": 308.5784606933594, "num_identification_agreements": 1, "cluster": 0, "tavg": null, "tmin": 2.8, "tmax": 15.8, "prcp_d0": 0.0, "prcp_d1": 0.0, "prcp_d2": 0.0, "prcp_d3": 0.0, "prcp_d4": 0.0, "prcp_d5": 0.0, "prcp_d6": 0.0, "tmax_d0": null, "tmax_d1": null, "tmax_d2": null, "tmax_d3": null, "tmax_d4": null, "tmax_d5": null, "tmax_d6": null, "tmin_d0": null, "tmin_d1": null, "tmin_d2": null, "tmin_d3": null, "tmin_d4": null, "tmin_d5": null, "tmin_d6": null, "day_of_year": 236, "uuid": "6cfeb193-c779-405c-88df-0db8ffbdf426", "inat_id": 132207487}}, {"type": "Feature", "geometry": {"type": "Point", "coordinates": [-121.922355, 45.26575]}, "properties": {"species": "Hypomyces lactifluorum", "date": "2022-08-29", "location": "Salmon River, Welches, OR, US", "elevation": 567.0, "land_cover_label": "Tree cover", "water_mask": false, "exclude_reason": "keep", "ndvi": null, "soil_moisture": null, "solar_exposure": null, "wind_exposure": null, "water_retention": null, "slope": null, "aspect": null, "num_identification_agreements": 2, "cluster": 0, "tavg": null, "tmin": 12.8, "tmax": 35.0, "prcp_d0": 0.0, "prcp_d1": 0.0, "prcp_d2": 5.088518142700195, "prcp_d3": 0.0, "prcp_d4": 0.0, "prcp_d5": 0.0, "prcp_d6": 0.0, "tmax_d0": 33.1, "tmax_d1": 23.5, "tmax_d2": 21.1, "tmax_d3": 28.2, "tmax_d4": 30.3, "tmax_d5": 31.9, "tmax_d6": 25.6, "tmin_d0": 12.5, "tmin_d1": 9.2, "tmin_d2": 11.6, "tmin_d3": 15.3, "tmin_d4": 17.3, "tmin_d5": 15.3, "tmin_d6": 14.6, "day_of_year": 241, "uuid": "d4dd702b-0455-4b10-bc92-ab91a7d46aaa", "inat_id": 133157709}}, {"type": "Feature", "geometry": {"type": "Point", "coordinates": [-122.1877343801, 45.4863988369]}, "properties": {"species": "Hypomyces lactifluorum", "date": "2022-09-17", "location": "Corbett, Corbett, OR, US", "elevation": 476.0, "land_cover_label": "Tree cover", "water_mask": false, "exclude_reason": "keep", "ndvi": null, "soil_moisture": null, "solar_exposure": null, "wind_exposure": null, "water_retention": null, "slope": null, "aspect": null, "num_identification_agreements": 2, "cluster": 0, "tavg": null, "tmin": 11.1, "tmax": 22.8, "prcp_d0": 0.0, "prcp_d1": 0.0, "prcp_d2": 0.0, "prcp_d3": 0.0, "prcp_d4": 0.0, "prcp_d5": 0.0, "prcp_d6": 0.0, "tmax_d0": 19.6, "tmax_d1": 18.3, "tmax_d2": 18.8, "tmax_d3": 20.0, "tmax_d4": 20.2, "tmax_d5": 22.9, "tmax_d6": 31.8, "tmin_d0": 6.4, "tmin_d1": 10.5, "tmin_d2": 9.9, "tmin_d3": 10.5, "tmin_d4": 12.9, "tmin_d5": 13.5, "tmin_d6": 16.1, "day_of_year": 260, "uuid": "d5de1c60-c3ca-4225-9614-491fd8d5ae31", "inat_id": 136306366}}, {"type": "Feature", "geometry": {"type": "Point", "coordinates": [-122.2026249565, 44.7196255463]}, "properties": {"species": "Hypomyces lactifluorum", "date": "2022-09-17", "location": "Willamette National Forest, Gates, OR, US", "elevation": 873.0, "land_cover_label": "Tree cover", "water_mask": false, "exclude_reason": "keep", "ndvi": null, "soil_moisture": null, "solar_exposure": null, "wind_exposure": null, "water_retention": null, "slope": null, "aspect": null, "num_identification_agreements": 2, "cluster": 0, "tavg": null, "tmin": null, "tmax": null, "prcp_d0": 0.0, "prcp_d1": 0.0, "prcp_d2": 0.0, "prcp_d3": 0.0, "prcp_d4": 0.0, "prcp_d5": 0.0, "prcp_d6": 0.0, "tmax_d0": 17.4, "tmax_d1": 16.1, "tmax_d2": 18.0, "tmax_d3": 20.2, "tmax_d4": 19.8, "tmax_d5": 23.3, "tmax_d6": 30.5, "tmin_d0": 5.2, "tmin_d1": 7.6, "tmin_d2": 9.0, "tmin_d3": 7.5, "tmin_d4": 10.3, "tmin_d5": 12.8, "tmin_d6": 12.3, "day_of_year": 260, "uuid": "9669538e-2ab1-4eb1-a793-c7a959d0aa51", "inat_id": 135704411}}, {"type": "Feature", "geometry": {"type": "Point", "coordinates": [-122.167434, 44.7115889722]}, "properties": {"species": "Hypomyces lactifluorum", "date": "2022-09-17", "location": "Detroit, OR 97342, USA", "elevation": 544.0, "land_cover_label": "Tree cover", "water_mask": false, "exclude_reason": "keep", "ndvi": null, "soil_moisture": null, "solar_exposure": null, "wind_exposure": null, "water_retention": null, "slope": null, "aspect": null, "num_identification_agreements": 2, "cluster": 0, "tavg": null, "tmin": null, "tmax": null, "prcp_d0": 0.0, "prcp_d1": 0.0, "prcp_d2": 0.0, "prcp_d3": 0.0, "prcp_d4": 0.0, "prcp_d5": 0.0, "prcp_d6": 0.0, "tmax_d0": 20.3, "tmax_d1": 19.0, "tmax_d2": 20.8, "tmax_d3": 23.2, "tmax_d4": 23.0, "tmax_d5": 26.6, "tmax_d6": 32.4, "tmin_d0": 6.1, "tmin_d1": 8.7, "tmin_d2": 8.8, "tmin_d3": 8.2, "tmin_d4": 12.0, "tmin_d5": 15.4, "tmin_d6": 14.3, "day_of_year": 260, "uuid": "11886352-bbef-46c2-87d0-127010d38b0a", "inat_id": 135443306}}, {"type": "Feature", "geometry": {"type": "Point", "coordinates": [-122.1778625451, 44.7417343676]}, "properties": {"species": "Hypomyces lactifluorum", "date": "2022-09-18", "location": "Oregon, US", "elevation": 771.0, "land_cover_label": "Tree cover", "water_mask": false, "exclude_reason": "keep", "ndvi": null, "soil_moisture": null, "solar_exposure": null, "wind_exposure": null, "water_retention": null, "slope": null, "aspect": null, "num_identification_agreements": 1, "cluster": 0, "tavg": null, "tmin": null, "tmax": null, "prcp_d0": 0.0, "prcp_d1": 0.0, "prcp_d2": 0.0, "prcp_d3": 0.0, "prcp_d4": 0.0, "prcp_d5": 0.0, "prcp_d6": 0.0, "tmax_d0": 22.4, "tmax_d1": 18.2, "tmax_d2": 16.9, "tmax_d3": 18.8, "tmax_d4": 21.0, "tmax_d5": 20.6, "tmax_d6": 24.1, "tmin_d0": 8.5, "tmin_d1": 6.0, "tmin_d2": 8.4, "tmin_d3": 9.8, "tmin_d4": 8.3, "tmin_d5": 11.1, "tmin_d6": 13.6, "day_of_year": 261, "uuid": "a4065ba9-96dd-4c0e-aae9-ffded82693b2", "inat_id": 135594230}}, {"type": "Feature", "geometry": {"type": "Point", "coordinates": [-122.1576771425, 45.2408446911]}, "properties": {"species": "Hypomyces lactifluorum", "date": "2022-09-24", "location": "Oregon, US", "elevation": 664.0, "land_cover_label": "Tree cover", "water_mask": false, "exclude_reason": "keep", "ndvi": null, "soil_moisture": null, "solar_exposure": null, "wind_exposure": null, "water_retention": null, "slope": null, "aspect": null, "num_identification_agreements": 3, "cluster": 0, "tavg": null, "tmin": 10.0, "tmax": 26.7, "prcp_d0": 0.0, "prcp_d1": 0.0, "prcp_d2": 0.0, "prcp_d3": 0.0, "prcp_d4": 0.0, "prcp_d5": 0.0, "prcp_d6": 0.0, "tmax_d0": 21.8, "tmax_d1": 18.8, "tmax_d2": 16.6, "tmax_d3": 21.9, "tmax_d4": 24.2, "tmax_d5": 22.7, "tmax_d6": 22.3, "tmin_d0": 4.9, "tmin_d1": 4.9, "tmin_d2": 10.9, "tmin_d3": 10.1, "tmin_d4": 9.0, "tmin_d5": 7.6, "tmin_d6": 8.5, "day_of_year": 267, "uuid": "d770eaaf-4668-403e-9a82-05f67915b9f2", "inat_id": 136368600}}, {"type": "Feature", "geometry": {"type": "Point", "coordinates": [-122.18279025, 45.37060932]}, "properties": {"species": "Hypomyces lactifluorum", "date": "2022-09-24", "location": "Bigfoot RV Park, Oregon 97055, USA", "elevation": 382.0, "land_cover_label": "Tree cover", "water_mask": false, "exclude_reason": "keep", "ndvi": null, "soil_moisture": null, "solar_exposure": null, "wind_exposure": null, "water_retention": null, "slope": null, "aspect": null, "num_identification_agreements": 2, "cluster": 0, "tavg": null, "tmin": 10.0, "tmax": 26.7, "prcp_d0": 0.0, "prcp_d1": 0.0, "prcp_d2": 0.0, "prcp_d3": 0.0, "prcp_d4": 0.0, "prcp_d5": 0.0, "prcp_d6": 0.0, "tmax_d0": 23.8, "tmax_d1": 20.6, "tmax_d2": 19.9, "tmax_d3": 25.8, "tmax_d4": 26.8, "tmax_d5": 25.2, "tmax_d6": 24.5, "tmin_d0": 7.3, "tmin_d1": 7.9, "tmin_d2": 12.8, "tmin_d3": 11.0, "tmin_d4": 9.4, "tmin_d5": 7.5, "tmin_d6": 10.0, "day_of_year": 267, "uuid": "b103c76e-e21a-4945-813e-11563b9bf74a", "inat_id": 136359154}}, {"type": "Feature", "geometry": {"type": "Point", "coordinates": [-122.0905939136, 44.5975020635]}, "properties": {"species": "Hypomyces lactifluorum", "date": "2022-09-28", "location": "Linn County, US-OR, US", "elevation": 1005.0, "land_cover_label": "Tree cover", "water_mask": false, "exclude_reason": "keep", "ndvi": null, "soil_moisture": null, "solar_exposure": null, "wind_exposure": null, "water_retention": null, "slope": null, "aspect": null, "num_identification_agreements": 2, "cluster": 0, "tavg": null, "tmin": null, "tmax": null, "prcp_d0": 0.3860723078250885, "prcp_d1": 1.2615184914466226e-06, "prcp_d2": 0.0, "prcp_d3": 0.0, "prcp_d4": 0.0, "prcp_d5": 0.0, "prcp_d6": 12.17762279510498, "tmax_d0": 22.3, "tmax_d1": 26.0, "tmax_d2": 29.6, "tmax_d3": 28.9, "tmax_d4": 25.6, "tmax_d5": 21.8, "tmax_d6": 15.7, "tmin_d0": 8.9, "tmin_d1": 7.9, "tmin_d2": 10.6, "tmin_d3": 7.0, "tmin_d4": 8.1, "tmin_d5": 3.8, "tmin_d6": 9.7, "day_of_year": 271, "uuid": "66e92d9a-2c01-430b-b8de-d5443b3d7f24", "inat_id": 137300708}}, {"type": "Feature", "geometry": {"type": "Point", "coordinates": [-122.3038267, 45.2107199]}, "properties": {"species": "Hypomyces lactifluorum", "date": "2022-10-01", "location": "Estacada, OR 97023, USA", "elevation": 423.0, "land_cover_label": "Tree cover", "water_mask": false, "exclude_reason": "keep", "ndvi": null, "soil_moisture": null, "solar_exposure": null, "wind_exposure": null, "water_retention": null, "slope": null, "aspect": null, "num_identification_agreements": 1, "cluster": 0, "tavg": null, "tmin": 14.4, "tmax": 30.0, "prcp_d0": 0.0, "prcp_d1": 1.7673845291137695, "prcp_d2": 19.582050323486328, "prcp_d3": 0.5613119006156921, "prcp_d4": 0.0, "prcp_d5": 0.0, "prcp_d6": 0.0, "tmax_d0": 24.4, "tmax_d1": 21.3, "tmax_d2": 17.4, "tmax_d3": 23.8, "tmax_d4": 27.0, "tmax_d5": 29.1, "tmax_d6": 30.1, "tmin_d0": 13.9, "tmin_d1": 10.3, "tmin_d2": 12.1, "tmin_d3": 11.5, "tmin_d4": 12.8, "tmin_d5": 15.8, "tmin_d6": 11.2, "day_of_year": 274, "uuid": "618de4b0-6945-4d6d-b42c-f59c7e262aee", "inat_id": 137234632}}, {"type": "Feature", "geometry": {"type": "Point", "coordinates": [-121.9889037147, 45.218675184]}, "properties": {"species": "Hypomyces lactifluorum", "date": "2022-10-08", "location": "Clackamas County, US-OR, US", "elevation": 1238.0, "land_cover_label": "Tree cover", "water_mask": false, "exclude_reason": "keep", "ndvi": null, "soil_moisture": null, "solar_exposure": null, "wind_exposure": null, "water_retention": null, "slope": null, "aspect": null, "num_identification_agreements": 1, "cluster": 0, "tavg": null, "tmin": 10.6, "tmax": 29.4, "prcp_d0": 0.0, "prcp_d1": 0.0, "prcp_d2": 0.0, "prcp_d3": 0.0, "prcp_d4": 0.0, "prcp_d5": 0.0, "prcp_d6": 0.0, "tmax_d0": 23.3, "tmax_d1": 23.5, "tmax_d2": 23.8, "tmax_d3": 19.3, "tmax_d4": 21.1, "tmax_d5": 23.2, "tmax_d6": 21.4, "tmin_d0": 10.1, "tmin_d1": 12.7, "tmin_d2": 9.6, "tmin_d3": 5.9, "tmin_d4": 5.7, "tmin_d5": 8.3, "tmin_d6": 10.8, "day_of_year": 281, "uuid": "c663e1d7-603d-4717-91fd-67e3d63a84ab", "inat_id": 138413393}}, {"type": "Feature", "geometry": {"type": "Point", "coordinates": [-121.8598783333, 45.3085166667]}, "properties": {"species": "Hypomyces lactifluorum", "date": "2022-10-09", "location": "Zigzag River, Rhododendron, OR, US", "elevation": 706.0, "land_cover_label": "Tree cover", "water_mask": false, "exclude_reason": "keep", "ndvi": null, "soil_moisture": null, "solar_exposure": null, "wind_exposure": null, "water_retention": null, "slope": null, "aspect": null, "num_identification_agreements": 1, "cluster": 0, "tavg": null, "tmin": 12.2, "tmax": 26.5, "prcp_d0": 0.0, "prcp_d1": 0.0, "prcp_d2": 0.0, "prcp_d3": 0.0, "prcp_d4": 0.0, "prcp_d5": 0.0, "prcp_d6": 0.0, "tmax_d0": 26.5, "tmax_d1": 27.1, "tmax_d2": 27.1, "tmax_d3": 27.5, "tmax_d4": 23.9, "tmax_d5": 25.1, "tmax_d6": 26.8, "tmin_d0": 10.7, "tmin_d1": 11.5, "tmin_d2": 14.0, "tmin_d3": 12.1, "tmin_d4": 11.3, "tmin_d5": 9.4, "tmin_d6": 11.0, "day_of_year": 282, "uuid": "8e07ecce-9515-4614-8ba9-a4d7198808d9", "inat_id": 138258906}}, {"type": "Feature", "geometry": {"type": "Point", "coordinates": [-121.8699676447, 45.3316417673]}, "properties": {"species": "Hypomyces lactifluorum", "date": "2022-10-25", "location": "Mt. Hood Park Division Recreation Area, Rhododendron, OR, US", "elevation": 1206.0, "land_cover_label": "Tree cover", "water_mask": false, "exclude_reason": "keep", "ndvi": null, "soil_moisture": null, "solar_exposure": null, "wind_exposure": null, "water_retention": null, "slope": null, "aspect": null, "num_identification_agreements": 2, "cluster": 0, "tavg": null, "tmin": 7.2, "tmax": 12.4, "prcp_d0": 0.0, "prcp_d1": 0.0, "prcp_d2": 0.0, "prcp_d3": 0.0, "prcp_d4": 35.702720642089844, "prcp_d5": 0.0, "prcp_d6": 0.0, "tmax_d0": 4.3, "tmax_d1": 4.6, "tmax_d2": 4.1, "tmax_d3": 5.6, "tmax_d4": 12.2, "tmax_d5": 21.0, "tmax_d6": 24.4, "tmin_d0": 1.9, "tmin_d1": 0.8, "tmin_d2": 0.1, "tmin_d3": 0.8, "tmin_d4": 2.4, "tmin_d5": 8.3, "tmin_d6": 6.3, "day_of_year": 298, "uuid": "cf559de5-9a77-42dc-8223-84426946f501", "inat_id": 140023053}}, {"type": "Feature", "geometry": {"type": "Point", "coordinates": [-122.145326, 44.707672]}, "properties": {"species": "Hypomyces lactifluorum", "date": "2022-10-30", "location": "Willamette National Forest, Idanha, OR, US", "elevation": 838.0, "land_cover_label": "Tree cover", "water_mask": false, "exclude_reason": "keep", "ndvi": null, "soil_moisture": null, "solar_exposure": null, "wind_exposure": null, "water_retention": null, "slope": null, "aspect": null, "num_identification_agreements": 3, "cluster": 1, "tavg": null, "tmin": null, "tmax": null, "prcp_d0": 0.0, "prcp_d1": 0.0, "prcp_d2": 63.70326232910156, "prcp_d3": 0.0, "prcp_d4": 63.70326232910156, "prcp_d5": 0.0, "prcp_d6": 0.0, "tmax_d0": 11.9, "tmax_d1": 13.8, "tmax_d2": 11.5, "tmax_d3": 12.8, "tmax_d4": 5.4, "tmax_d5": 7.3, "tmax_d6": 7.0, "tmin_d0": 6.8, "tmin_d1": 0.5, "tmin_d2": 2.8, "tmin_d3": -2.1, "tmin_d4": 0.6, "tmin_d5": 4.3, "tmin_d6": 2.7, "day_of_year": 303, "uuid": "e39cba1d-99e8-47ac-8aab-f8b00e93d30a", "inat_id": 140845306}}, {"type": "Feature", "geometry": {"type": "Point", "coordinates": [-121.9122854, 45.687818]}, "properties": {"species": "Hypomyces lactifluorum", "date": "2023-06-30", "location": "Stevenson, WA 98648, USA", "elevation": 100.0, "land_cover_label": "Tree cover", "water_mask": false, "exclude_reason": "keep", "ndvi": null, "soil_moisture": null, "solar_exposure": null, "wind_exposure": null, "water_retention": null, "slope": null, "aspect": null, "num_identification_agreements": 2, "cluster": 0, "tavg": null, "tmin": 14.3, "tmax": 31.7, "prcp_d0": 0.0, "prcp_d1": 0.0, "prcp_d2": 6.397181987762451, "prcp_d3": 0.0, "prcp_d4": 0.0, "prcp_d5": 0.0, "prcp_d6": 0.0, "tmax_d0": 30.9, "tmax_d1": 30.7, "tmax_d2": 28.9, "tmax_d3": 25.9, "tmax_d4": 26.7, "tmax_d5": 27.4, "tmax_d6": 27.0, "tmin_d0": 14.1, "tmin_d1": 13.7, "tmin_d2": 12.4, "tmin_d3": 11.6, "tmin_d4": 12.2, "tmin_d5": 9.5, "tmin_d6": 11.0, "day_of_year": 181, "uuid": "79026c85-030f-48ae-85de-1ebff200d35a", "inat_id": 170360480}}, {"type": "Feature", "geometry": {"type": "Point", "coordinates": [-103.6838136961, 44.2918943898]}, "properties": {"species": "Hypomyces lactifluorum", "date": "2023-06-30", "location": "Black Hills National Forest, Deadwood, SD, US", "elevation": 1632.0, "land_cover_label": "Grassland", "water_mask": false, "exclude_reason": "keep", "ndvi": null, "soil_moisture": null, "solar_exposure": null, "wind_exposure": null, "water_retention": null, "slope": null, "aspect": null, "num_identification_agreements": 2, "cluster": 0, "tavg": null, "tmin": 11.8, "tmax": 22.9, "prcp_d0": 0.0, "prcp_d1": 25.784570693969727, "prcp_d2": 0.0, "prcp_d3": 0.0, "prcp_d4": 0.0, "prcp_d5": 0.0, "prcp_d6": 15.186630249023438, "tmax_d0": null, "tmax_d1": null, "tmax_d2": null, "tmax_d3": null, "tmax_d4": null, "tmax_d5": null, "tmax_d6": null, "tmin_d0": null, "tmin_d1": null, "tmin_d2": null, "tmin_d3": null, "tmin_d4": null, "tmin_d5": null, "tmin_d6": null, "day_of_year": 181, "uuid": "a8425926-fdda-47d4-a0a4-860cb21de835", "inat_id": 170330367}}, {"type": "Feature", "geometry": {"type": "Point", "coordinates": [-122.2289743489, 45.304821222]}, "properties": {"species": "Hypomyces lactifluorum", "date": "2023-07-13", "location": "Clackamas County, US-OR, US", "elevation": 403.0, "land_cover_label": "Tree cover", "water_mask": false, "exclude_reason": "keep", "ndvi": null, "soil_moisture": null, "solar_exposure": null, "wind_exposure": null, "water_retention": null, "slope": null, "aspect": null, "num_identification_agreements": 2, "cluster": 0, "tavg": null, "tmin": 15.6, "tmax": 31.1, "prcp_d0": 0.0, "prcp_d1": 0.0, "prcp_d2": 3.985820770263672, "prcp_d3": 0.0, "prcp_d4": 0.0, "prcp_d5": 0.0, "prcp_d6": 0.0, "tmax_d0": 26.1, "tmax_d1": 25.1, "tmax_d2": 23.5, "tmax_d3": 23.5, "tmax_d4": 24.7, "tmax_d5": 23.8, "tmax_d6": 27.1, "tmin_d0": 10.7, "tmin_d1": 11.3, "tmin_d2": 8.4, "tmin_d3": 10.1, "tmin_d4": 11.3, "tmin_d5": 10.0, "tmin_d6": 10.9, "day_of_year": 194, "uuid": "10db30f3-9b6b-4f63-8511-419d9ad4e136", "inat_id": 228617342}}, {"type": "Feature", "geometry": {"type": "Point", "coordinates": [-104.8431953, 38.7526591]}, "properties": {"species": "Hypomyces lactifluorum", "date": "2023-07-13", "location": "Colorado Springs, CO 80906, USA", "elevation": 2061.0, "land_cover_label": "Tree cover", "water_mask": false, "exclude_reason": "keep", "ndvi": null, "soil_moisture": null, "solar_exposure": null, "wind_exposure": null, "water_retention": null, "slope": null, "aspect": null, "num_identification_agreements": 2, "cluster": 0, "tavg": null, "tmin": 19.0, "tmax": 29.0, "prcp_d0": 0.0, "prcp_d1": 0.0, "prcp_d2": 0.0, "prcp_d3": 0.0, "prcp_d4": 0.0, "prcp_d5": 0.0, "prcp_d6": 0.0, "tmax_d0": null, "tmax_d1": null, "tmax_d2": null, "tmax_d3": null, "tmax_d4": null, "tmax_d5": null, "tmax_d6": null, "tmin_d0": null, "tmin_d1": null, "tmin_d2": null, "tmin_d3": null, "tmin_d4": null, "tmin_d5": null, "tmin_d6": null, "day_of_year": 194, "uuid": "6e93cb22-8892-4547-8f1d-8e2e9a6d8365", "inat_id": 172781531}}, {"type": "Feature", "geometry": {"type": "Point", "coordinates": [-122.3493888889, 45.2962027778]}, "properties": {"species": "Hypomyces lactifluorum", "date": "2023-07-20", "location": "Clackamas County, OR, USA", "elevation": 136.0, "land_cover_label": "Tree cover", "water_mask": false, "exclude_reason": "keep", "ndvi": null, "soil_moisture": null, "solar_exposure": null, "wind_exposure": null, "water_retention": null, "slope": null, "aspect": null, "num_identification_agreements": 3, "cluster": 0, "tavg": null, "tmin": 17.8, "tmax": 31.1, "prcp_d0": 0.0, "prcp_d1": 0.0, "prcp_d2": 0.0, "prcp_d3": 0.0, "prcp_d4": 0.0, "prcp_d5": 0.0, "prcp_d6": 0.0, "tmax_d0": 33.5, "tmax_d1": 34.9, "tmax_d2": 29.5, "tmax_d3": 30.7, "tmax_d4": 33.3, "tmax_d5": 34.5, "tmax_d6": 31.7, "tmin_d0": 15.1, "tmin_d1": 12.3, "tmin_d2": 11.1, "tmin_d3": 15.1, "tmin_d4": 15.0, "tmin_d5": 15.0, "tmin_d6": 13.9, "day_of_year": 201, "uuid": "1439cead-d2b8-4c47-9933-1b50387dd59f", "inat_id": 180452025}}, {"type": "Feature", "geometry": {"type": "Point", "coordinates": [-103.4840011597, 43.622253418]}, "properties": {"species": "Hypomyces lactifluorum", "date": "2023-07-20", "location": "Wind Cave National Park, Custer County, US-SD, US", "elevation": 1469.0, "land_cover_label": "Tree cover", "water_mask": false, "exclude_reason": "keep", "ndvi": null, "soil_moisture": null, "solar_exposure": null, "wind_exposure": null, "water_retention": null, "slope": null, "aspect": null, "num_identification_agreements": 2, "cluster": 0, "tavg": null, "tmin": 11.1, "tmax": 18.9, "prcp_d0": 0.0, "prcp_d1": 0.0, "prcp_d2": 10.756790161132812, "prcp_d3": 0.0, "prcp_d4": 0.0, "prcp_d5": 0.0, "prcp_d6": 6.936380863189697, "tmax_d0": null, "tmax_d1": null, "tmax_d2": null, "tmax_d3": null, "tmax_d4": null, "tmax_d5": null, "tmax_d6": null, "tmin_d0": null, "tmin_d1": null, "tmin_d2": null, "tmin_d3": null, "tmin_d4": null, "tmin_d5": null, "tmin_d6": null, "day_of_year": 201, "uuid": "8796b941-63e7-4a1a-81fd-385773c1c659", "inat_id": 174025586}}, {"type": "Feature", "geometry": {"type": "Point", "coordinates": [-103.5258333333, 43.76955]}, "properties": {"species": "Hypomyces lactifluorum", "date": "2023-07-29", "location": "Custer State Park, Custer, SD, US", "elevation": 1598.0, "land_cover_label": "Tree cover", "water_mask": false, "exclude_reason": "keep", "ndvi": null, "soil_moisture": null, "solar_exposure": null, "wind_exposure": null, "water_retention": null, "slope": null, "aspect": null, "num_identification_agreements": 2, "cluster": 0, "tavg": null, "tmin": 11.7, "tmax": 24.4, "prcp_d0": 0.0, "prcp_d1": 0.0, "prcp_d2": 0.0, "prcp_d3": 0.0, "prcp_d4": 7.937458992004394, "prcp_d5": 0.0, "prcp_d6": 0.0, "tmax_d0": null, "tmax_d1": null, "tmax_d2": null, "tmax_d3": null, "tmax_d4": null, "tmax_d5": null, "tmax_d6": null, "tmin_d0": null, "tmin_d1": null, "tmin_d2": null, "tmin_d3": null, "tmin_d4": null, "tmin_d5": null, "tmin_d6": null, "day_of_year": 210, "uuid": "699f4a59-7efb-47ba-803a-7da2853a817f", "inat_id": 175617549}}, {"type": "Feature", "geometry": {"type": "Point", "coordinates": [-104.9714670567, 37.936708509]}, "properties": {"species": "Hypomyces lactifluorum", "date": "2023-08-05", "location": "Rye, CO, US", "elevation": 2325.0, "land_cover_label": "Tree cover", "water_mask": false, "exclude_reason": "keep", "ndvi": null, "soil_moisture": null, "solar_exposure": null, "wind_exposure": null, "water_retention": null, "slope": null, "aspect": null, "num_identification_agreements": 3, "cluster": 0, "tavg": null, "tmin": 16.2, "tmax": 30.9, "prcp_d0": 0.0, "prcp_d1": 0.0, "prcp_d2": 0.0, "prcp_d3": 0.0, "prcp_d4": 0.0, "prcp_d5": 12.040305137634276, "prcp_d6": 4.013434886932373, "tmax_d0": null, "tmax_d1": null, "tmax_d2": null, "tmax_d3": null, "tmax_d4": null, "tmax_d5": null, "tmax_d6": null, "tmin_d0": null, "tmin_d1": null, "tmin_d2": null, "tmin_d3": null, "tmin_d4": null, "tmin_d5": null, "tmin_d6": null, "day_of_year": 217, "uuid": "d1b0b076-4b9c-4732-82d3-219566919557", "inat_id": 222120289}}, {"type": "Feature", "geometry": {"type": "Point", "coordinates": [-104.9074033333, 38.7841216667]}, "properties": {"species": "Hypomyces lactifluorum", "date": "2023-08-06", "location": "Pike and San Isabel National Forests, Manitou Springs, CO, US", "elevation": 2386.0, "land_cover_label": "Tree cover", "water_mask": false, "exclude_reason": "keep", "ndvi": null, "soil_moisture": null, "solar_exposure": null, "wind_exposure": null, "water_retention": null, "slope": null, "aspect": null, "num_identification_agreements": 2, "cluster": 2, "tavg": null, "tmin": 14.0, "tmax": 18.0, "prcp_d0": 0.0, "prcp_d1": 0.0, "prcp_d2": 0.0, "prcp_d3": 0.0, "prcp_d4": 0.0, "prcp_d5": 56.9954948425293, "prcp_d6": 5.646369457244873, "tmax_d0": null, "tmax_d1": null, "tmax_d2": null, "tmax_d3": null, "tmax_d4": null, "tmax_d5": null, "tmax_d6": null, "tmin_d0": null, "tmin_d1": null, "tmin_d2": null, "tmin_d3": null, "tmin_d4": null, "tmin_d5": null, "tmin_d6": null, "day_of_year": 218, "uuid": "dfc71dab-a08d-4d1c-9cb0-11fb99efc73f", "inat_id": 177113238}}, {"type": "Feature", "geometry": {"type": "Point", "coordinates": [-104.8007096397, 39.1803392231]}, "properties": {"species": "Hypomyces lactifluorum", "date": "2023-08-07", "location": "Colorado, US", "elevation": 2186.0, "land_cover_label": "Grassland", "water_mask": false, "exclude_reason": "keep", "ndvi": null, "soil_moisture": 0.3273515695313745, "solar_exposure": 0.8261575102806091, "wind_exposure": 0.3211396634578705, "water_retention": 0.2678219974040985, "slope": 2.379994630813598, "aspect": 58.50780487060547, "num_identification_agreements": 1, "cluster": 2, "tavg": null, "tmin": 10.0, "tmax": 23.0, "prcp_d0": 0.0, "prcp_d1": 0.0, "prcp_d2": 0.0, "prcp_d3": 0.0, "prcp_d4": 8.813636779785156, "prcp_d5": 0.0, "prcp_d6": 35.254547119140625, "tmax_d0": null, "tmax_d1": null, "tmax_d2": null, "tmax_d3": null, "tmax_d4": null, "tmax_d5": null, "tmax_d6": null, "tmin_d0": null, "tmin_d1": null, "tmin_d2": null, "tmin_d3": null, "tmin_d4": null, "tmin_d5": null, "tmin_d6": null, "day_of_year": 219, "uuid": "d9dc6dfb-199a-40c6-8d8f-b582d8b2882e", "inat_id": 178252577}}, {"type": "Feature", "geometry": {"type": "Point", "coordinates": [-122.1740000322, 45.3674446874]}, "properties": {"species": "Hypomyces lactifluorum", "date": "2023-08-07", "location": "Sandy, OR 97055, USA", "elevation": 394.0, "land_cover_label": "Tree cover", "water_mask": false, "exclude_reason": "keep", "ndvi": null, "soil_moisture": null, "solar_exposure": null, "wind_exposure": null, "water_retention": null, "slope": null, "aspect": null, "num_identification_agreements": 1, "cluster": 0, "tavg": null, "tmin": 19.4, "tmax": 29.4, "prcp_d0": 0.0, "prcp_d1": 0.0, "prcp_d2": 0.0, "prcp_d3": 0.0, "prcp_d4": 0.0, "prcp_d5": 0.0, "prcp_d6": 0.0, "tmax_d0": 22.8, "tmax_d1": 23.1, "tmax_d2": 26.5, "tmax_d3": 26.3, "tmax_d4": 26.8, "tmax_d5": 27.6, "tmax_d6": 27.5, "tmin_d0": 14.9, "tmin_d1": 15.0, "tmin_d2": 16.1, "tmin_d3": 12.6, "tmin_d4": 10.9, "tmin_d5": 10.9, "tmin_d6": 8.9, "day_of_year": 219, "uuid": "f822dec3-a1ac-40c8-8d0f-76d48de4023e", "inat_id": 177577707}}, {"type": "Feature", "geometry": {"type": "Point", "coordinates": [-105.3527722222, 39.3417555556]}, "properties": {"species": "Hypomyces lactifluorum", "date": "2023-08-12", "location": "Pine, CO 80470, USA", "elevation": 2374.0, "land_cover_label": "Tree cover", "water_mask": false, "exclude_reason": "keep", "ndvi": null, "soil_moisture": 0.2473181759428739, "solar_exposure": 0.8393102288246155, "wind_exposure": 0.3623922765254974, "water_retention": 0.2662720382213592, "slope": 2.435271978378296, "aspect": 90.0, "num_identification_agreements": 2, "cluster": 0, "tavg": null, "tmin": 6.3, "tmax": 17.1, "prcp_d0": 0.0, "prcp_d1": 0.0, "prcp_d2": 0.0, "prcp_d3": 0.0, "prcp_d4": 0.0, "prcp_d5": 0.0, "prcp_d6": 12.32967758178711, "tmax_d0": null, "tmax_d1": null, "tmax_d2": null, "tmax_d3": null, "tmax_d4": null, "tmax_d5": null, "tmax_d6": null, "tmin_d0": null, "tmin_d1": null, "tmin_d2": null, "tmin_d3": null, "tmin_d4": null, "tmin_d5": null, "tmin_d6": null, "day_of_year": 224, "uuid": "8dd919ad-7134-4163-9734-6eac04ea6dff", "inat_id": 178076496}}, {"type": "Feature", "geometry": {"type": "Point", "coordinates": [-122.2580846027, 45.3939633685]}, "properties": {"species": "Hypomyces lactifluorum", "date": "2023-08-15", "location": "Sandy, OR, USA", "elevation": 302.0, "land_cover_label": "Tree cover", "water_mask": false, "exclude_reason": "keep", "ndvi": null, "soil_moisture": null, "solar_exposure": null, "wind_exposure": null, "water_retention": null, "slope": null, "aspect": null, "num_identification_agreements": 2, "cluster": 0, "tavg": null, "tmin": 20.0, "tmax": 38.9, "prcp_d0": 0.0, "prcp_d1": 0.0, "prcp_d2": 0.0, "prcp_d3": 0.0, "prcp_d4": 0.0, "prcp_d5": 0.0, "prcp_d6": 0.0, "tmax_d0": 40.3, "tmax_d1": 41.1, "tmax_d2": 37.9, "tmax_d3": 29.2, "tmax_d4": 26.7, "tmax_d5": 25.0, "tmax_d6": 26.9, "tmin_d0": 21.0, "tmin_d1": 20.3, "tmin_d2": 13.2, "tmin_d3": 11.7, "tmin_d4": 11.3, "tmin_d5": 15.7, "tmin_d6": 14.2, "day_of_year": 227, "uuid": "e6e8ddd3-be36-4878-aed2-a86962f9eedf", "inat_id": 178734063}}, {"type": "Feature", "geometry": {"type": "Point", "coordinates": [-105.1985549927, 39.590675354]}, "properties": {"species": "Hypomyces lactifluorum", "date": "2023-08-20", "location": "Morrison", "elevation": 2268.0, "land_cover_label": "Tree cover", "water_mask": false, "exclude_reason": "keep", "ndvi": null, "soil_moisture": 0.2226246394520525, "solar_exposure": 0.7129145264625549, "wind_exposure": 0.3569317162036896, "water_retention": 0.1230520159006118, "slope": 19.583934783935547, "aspect": 69.45716857910156, "num_identification_agreements": 1, "cluster": 0, "tavg": null, "tmin": 15.6, "tmax": 33.9, "prcp_d0": 0.0, "prcp_d1": 7.2821044921875, "prcp_d2": 7.2821044921875, "prcp_d3": 0.0, "prcp_d4": 0.0, "prcp_d5": 0.0, "prcp_d6": 0.0, "tmax_d0": null, "tmax_d1": null, "tmax_d2": null, "tmax_d3": null, "tmax_d4": null, "tmax_d5": null, "tmax_d6": null, "tmin_d0": null, "tmin_d1": null, "tmin_d2": null, "tmin_d3": null, "tmin_d4": null, "tmin_d5": null, "tmin_d6": null, "day_of_year": 232, "uuid": "35a726af-285e-4234-a06b-083573cd515b", "inat_id": 179356424}}, {"type": "Feature", "geometry": {"type": "Point", "coordinates": [-121.9838029146, 44.7836810016]}, "properties": {"species": "Hypomyces lactifluorum", "date": "2023-09-03", "location": "Marion County, OR, USA", "elevation": 721.0, "land_cover_label": "Tree cover", "water_mask": false, "exclude_reason": "keep", "ndvi": null, "soil_moisture": null, "solar_exposure": null, "wind_exposure": null, "water_retention": null, "slope": null, "aspect": null, "num_identification_agreements": 4, "cluster": 0, "tavg": null, "tmin": null, "tmax": null, "prcp_d0": 0.0, "prcp_d1": 0.0, "prcp_d2": 0.0, "prcp_d3": 13.097820281982422, "prcp_d4": 0.0, "prcp_d5": 0.0, "prcp_d6": 0.0, "tmax_d0": 22.8, "tmax_d1": 25.4, "tmax_d2": 20.8, "tmax_d3": 20.1, "tmax_d4": 20.6, "tmax_d5": 23.1, "tmax_d6": 27.4, "tmin_d0": 12.2, "tmin_d1": 13.2, "tmin_d2": 12.3, "tmin_d3": 11.6, "tmin_d4": 11.9, "tmin_d5": 13.7, "tmin_d6": 15.1, "day_of_year": 246, "uuid": "1829990b-c723-448b-b62a-8ea4484a80eb", "inat_id": 181665100}}, {"type": "Feature", "geometry": {"type": "Point", "coordinates": [-105.0195061415, 39.0516483853]}, "properties": {"species": "Hypomyces lactifluorum", "date": "2023-09-04", "location": "Colorado Springs, CO 80921, USA", "elevation": 2836.0, "land_cover_label": "Tree cover", "water_mask": false, "exclude_reason": "keep", "ndvi": null, "soil_moisture": 0.182601645620958, "solar_exposure": 0.86644047498703, "wind_exposure": 0.3603760898113251, "water_retention": 0.2233753800392151, "slope": 4.5938262939453125, "aspect": 232.55630493164065, "num_identification_agreements": 5, "cluster": 0, "tavg": null, "tmin": 11.2, "tmax": 29.9, "prcp_d0": 0.0, "prcp_d1": 0.0, "prcp_d2": 0.0, "prcp_d3": 0.0, "prcp_d4": 0.0, "prcp_d5": 0.0, "prcp_d6": 0.0, "tmax_d0": null, "tmax_d1": null, "tmax_d2": null, "tmax_d3": null, "tmax_d4": null, "tmax_d5": null, "tmax_d6": null, "tmin_d0": null, "tmin_d1": null, "tmin_d2": null, "tmin_d3": null, "tmin_d4": null, "tmin_d5": null, "tmin_d6": null, "day_of_year": 247, "uuid": "901bafb7-48f8-4464-86ca-4c48113237ad", "inat_id": 182490517}}, {"type": "Feature", "geometry": {"type": "Point", "coordinates": [-105.2478256226, 39.3328514099]}, "properties": {"species": "Hypomyces lactifluorum", "date": "2023-09-09", "location": "Pine", "elevation": 2308.0, "land_cover_label": "Grassland", "water_mask": false, "exclude_reason": "keep", "ndvi": null, "soil_moisture": 0.1040628979316726, "solar_exposure": 0.894719660282135, "wind_exposure": 0.3397908806800842, "water_retention": 0.2423591911792755, "slope": 6.914271354675293, "aspect": 211.73989868164065, "num_identification_agreements": 2, "cluster": 0, "tavg": null, "tmin": 4.1, "tmax": 18.6, "prcp_d0": 0.0, "prcp_d1": 0.0, "prcp_d2": 0.0, "prcp_d3": 0.0, "prcp_d4": 0.0, "prcp_d5": 0.0, "prcp_d6": 0.0, "tmax_d0": null, "tmax_d1": null, "tmax_d2": null, "tmax_d3": null, "tmax_d4": null, "tmax_d5": null, "tmax_d6": null, "tmin_d0": null, "tmin_d1": null, "tmin_d2": null, "tmin_d3": null, "tmin_d4": null, "tmin_d5": null, "tmin_d6": null, "day_of_year": 252, "uuid": "12608274-181c-43d5-80f2-b1cd069e918e", "inat_id": 182460256}}, {"type": "Feature", "geometry": {"type": "Point", "coordinates": [-103.4393277778, 43.9779638889]}, "properties": {"species": "Hypomyces lactifluorum", "date": "2023-09-13", "location": "Pennington County, SD, USA", "elevation": 1442.0, "land_cover_label": "Tree cover", "water_mask": false, "exclude_reason": "keep", "ndvi": null, "soil_moisture": null, "solar_exposure": null, "wind_exposure": null, "water_retention": null, "slope": null, "aspect": null, "num_identification_agreements": 2, "cluster": 0, "tavg": null, "tmin": 9.4, "tmax": 23.9, "prcp_d0": 0.0, "prcp_d1": 0.0, "prcp_d2": 0.0, "prcp_d3": 9.116360664367676, "prcp_d4": 9.116360664367676, "prcp_d5": 0.0, "prcp_d6": 0.0, "tmax_d0": null, "tmax_d1": null, "tmax_d2": null, "tmax_d3": null, "tmax_d4": null, "tmax_d5": null, "tmax_d6": null, "tmin_d0": null, "tmin_d1": null, "tmin_d2": null, "tmin_d3": null, "tmin_d4": null, "tmin_d5": null, "tmin_d6": null, "day_of_year": 256, "uuid": "4cd7b5d6-1c6d-4547-b242-c02db528e9a2", "inat_id": 184864407}}, {"type": "Feature", "geometry": {"type": "Point", "coordinates": [-105.1478494433, 39.1685013249]}, "properties": {"species": "Hypomyces lactifluorum", "date": "2023-09-17", "location": "Colorado, US", "elevation": 2345.0, "land_cover_label": "Grassland", "water_mask": false, "exclude_reason": "keep", "ndvi": null, "soil_moisture": 0.3093749026979058, "solar_exposure": 0.8020883202552795, "wind_exposure": 0.3043186366558075, "water_retention": 0.1711578369140625, "slope": 9.88776969909668, "aspect": 77.40970611572266, "num_identification_agreements": 2, "cluster": 0, "tavg": null, "tmin": -1.8, "tmax": 14.1, "prcp_d0": 0.0, "prcp_d1": 0.0, "prcp_d2": 13.522560119628906, "prcp_d3": 0.0, "prcp_d4": 0.0, "prcp_d5": 0.0, "prcp_d6": 13.522560119628906, "tmax_d0": null, "tmax_d1": null, "tmax_d2": null, "tmax_d3": null, "tmax_d4": null, "tmax_d5": null, "tmax_d6": null, "tmin_d0": null, "tmin_d1": null, "tmin_d2": null, "tmin_d3": null, "tmin_d4": null, "tmin_d5": null, "tmin_d6": null, "day_of_year": 260, "uuid": "f80d3f08-9ccc-46e1-abcd-ed3773d29e73", "inat_id": 183682461}}, {"type": "Feature", "geometry": {"type": "Point", "coordinates": [-122.3024149722, 45.210962]}, "properties": {"species": "Hypomyces lactifluorum", "date": "2023-10-19", "location": "Estacada, OR 97023, USA", "elevation": 423.0, "land_cover_label": "Tree cover", "water_mask": false, "exclude_reason": "keep", "ndvi": null, "soil_moisture": null, "solar_exposure": null, "wind_exposure": null, "water_retention": null, "slope": null, "aspect": null, "num_identification_agreements": 2, "cluster": 2, "tavg": null, "tmin": 8.3, "tmax": 21.7, "prcp_d0": 0.0, "prcp_d1": 0.0, "prcp_d2": 0.0, "prcp_d3": 22.17473220825196, "prcp_d4": 0.0, "prcp_d5": 33.4578742980957, "prcp_d6": 0.0, "tmax_d0": 19.5, "tmax_d1": 21.5, "tmax_d2": 17.6, "tmax_d3": 18.0, "tmax_d4": 20.3, "tmax_d5": 16.3, "tmax_d6": 19.1, "tmin_d0": 8.0, "tmin_d1": 7.5, "tmin_d2": 7.3, "tmin_d3": 12.6, "tmin_d4": 9.8, "tmin_d5": 8.9, "tmin_d6": 10.6, "day_of_year": 292, "uuid": "5ee771c7-fdda-47ff-9678-241e9607fd74", "inat_id": 188171284}}, {"type": "Feature", "geometry": {"type": "Point", "coordinates": [-121.9170307384, 45.3704443419]}, "properties": {"species": "Hypomyces lactifluorum", "date": "2023-10-27", "location": "E Crater Ct, Rhododendron, OR, US", "elevation": 508.0, "land_cover_label": "Tree cover", "water_mask": false, "exclude_reason": "keep", "ndvi": null, "soil_moisture": null, "solar_exposure": null, "wind_exposure": null, "water_retention": null, "slope": null, "aspect": null, "num_identification_agreements": 3, "cluster": 1, "tavg": null, "tmin": 2.2, "tmax": 12.8, "prcp_d0": 0.0, "prcp_d1": 0.0, "prcp_d2": 16.185945510864258, "prcp_d3": 32.37189102172852, "prcp_d4": 0.0, "prcp_d5": 0.0, "prcp_d6": 0.0, "tmax_d0": 8.8, "tmax_d1": 6.7, "tmax_d2": 5.4, "tmax_d3": 8.4, "tmax_d4": 12.0, "tmax_d5": 14.8, "tmax_d6": 19.3, "tmin_d0": -1.8, "tmin_d1": 3.5, "tmin_d2": 3.3, "tmin_d3": 5.1, "tmin_d4": 8.1, "tmin_d5": 9.4, "tmin_d6": 7.0, "day_of_year": 300, "uuid": "f297f4f6-f465-4ad7-abfc-daabccee472a", "inat_id": 189185482}}, {"type": "Feature", "geometry": {"type": "Point", "coordinates": [-121.7717628942, 45.6878376707]}, "properties": {"species": "Hypomyces lactifluorum", "date": "2023-10-28", "location": "Columbia River Gorge National Scenic Area, Cascade Locks, OR, US", "elevation": 70.0, "land_cover_label": "Tree cover", "water_mask": false, "exclude_reason": "keep", "ndvi": null, "soil_moisture": null, "solar_exposure": null, "wind_exposure": null, "water_retention": null, "slope": null, "aspect": null, "num_identification_agreements": 2, "cluster": 0, "tavg": null, "tmin": -0.7, "tmax": 8.2, "prcp_d0": 0.0, "prcp_d1": 0.0, "prcp_d2": 0.0, "prcp_d3": 0.0, "prcp_d4": 32.63798522949219, "prcp_d5": 0.0, "prcp_d6": 0.0, "tmax_d0": 8.7, "tmax_d1": 9.6, "tmax_d2": 9.6, "tmax_d3": 8.8, "tmax_d4": 13.1, "tmax_d5": 16.3, "tmax_d6": 18.5, "tmin_d0": 1.5, "tmin_d1": 4.2, "tmin_d2": 5.6, "tmin_d3": 5.6, "tmin_d4": 7.6, "tmin_d5": 11.3, "tmin_d6": 13.9, "day_of_year": 301, "uuid": "464d9fe9-4a3e-4048-a346-5a3878b30ee9", "inat_id": 189293570}}, {"type": "Feature", "geometry": {"type": "Point", "coordinates": [-122.0978403648, 45.2990603383]}, "properties": {"species": "Hypomyces lactifluorum", "date": "2023-10-28", "location": "Zigzag Ranger Station, Sandy, OR, US", "elevation": 542.0, "land_cover_label": "Tree cover", "water_mask": false, "exclude_reason": "keep", "ndvi": null, "soil_moisture": null, "solar_exposure": null, "wind_exposure": null, "water_retention": null, "slope": null, "aspect": null, "num_identification_agreements": 2, "cluster": 0, "tavg": null, "tmin": 3.9, "tmax": 12.2, "prcp_d0": 0.0, "prcp_d1": 0.0, "prcp_d2": 0.0, "prcp_d3": 26.023849487304688, "prcp_d4": 26.023849487304688, "prcp_d5": 0.0, "prcp_d6": 0.0, "tmax_d0": 10.5, "tmax_d1": 9.7, "tmax_d2": 6.9, "tmax_d3": 5.6, "tmax_d4": 8.7, "tmax_d5": 11.7, "tmax_d6": 14.6, "tmin_d0": -1.9, "tmin_d1": -2.6, "tmin_d2": 3.3, "tmin_d3": 3.1, "tmin_d4": 5.2, "tmin_d5": 8.1, "tmin_d6": 9.5, "day_of_year": 301, "uuid": "8fd56ce9-8409-408e-a12b-2f17a6de9b68", "inat_id": 189322566}}, {"type": "Feature", "geometry": {"type": "Point", "coordinates": [-121.9880007262, 45.2120875615]}, "properties": {"species": "Hypomyces lactifluorum", "date": "2023-10-28", "location": "Oregon, US", "elevation": 1269.0, "land_cover_label": "Tree cover", "water_mask": false, "exclude_reason": "keep", "ndvi": null, "soil_moisture": null, "solar_exposure": null, "wind_exposure": null, "water_retention": null, "slope": null, "aspect": null, "num_identification_agreements": 2, "cluster": 0, "tavg": null, "tmin": 3.9, "tmax": 12.2, "prcp_d0": 0.0, "prcp_d1": 0.0, "prcp_d2": 0.0, "prcp_d3": 23.809993743896484, "prcp_d4": 23.809993743896484, "prcp_d5": 0.0, "prcp_d6": 0.0, "tmax_d0": 1.0, "tmax_d1": 1.3, "tmax_d2": 1.2, "tmax_d3": 0.4, "tmax_d4": 3.8, "tmax_d5": 7.5, "tmax_d6": 9.4, "tmin_d0": -6.9, "tmin_d1": -6.3, "tmin_d2": -4.8, "tmin_d3": -2.2, "tmin_d4": -0.8, "tmin_d5": 3.8, "tmin_d6": 4.8, "day_of_year": 301, "uuid": "0fe4c18f-cf63-4c3e-919a-12391e2bb3e2", "inat_id": 189473043}}, {"type": "Feature", "geometry": {"type": "Point", "coordinates": [-122.0718146744, 45.3106247948]}, "properties": {"species": "Hypomyces lactifluorum", "date": "2023-10-28", "location": "Oregon, US", "elevation": 993.0, "land_cover_label": "Tree cover", "water_mask": false, "exclude_reason": "keep", "ndvi": null, "soil_moisture": null, "solar_exposure": null, "wind_exposure": null, "water_retention": null, "slope": null, "aspect": null, "num_identification_agreements": 4, "cluster": 0, "tavg": null, "tmin": 3.9, "tmax": 12.2, "prcp_d0": 0.0, "prcp_d1": 0.0, "prcp_d2": 0.0, "prcp_d3": 21.014244079589844, "prcp_d4": 21.014244079589844, "prcp_d5": 0.0, "prcp_d6": 0.0, "tmax_d0": 6.6, "tmax_d1": 5.9, "tmax_d2": 4.3, "tmax_d3": 2.6, "tmax_d4": 5.1, "tmax_d5": 8.7, "tmax_d6": 11.5, "tmin_d0": -4.0, "tmin_d1": -5.1, "tmin_d2": 0.3, "tmin_d3": 0.7, "tmin_d4": 2.1, "tmin_d5": 5.5, "tmin_d6": 6.2, "day_of_year": 301, "uuid": "fe37eee2-feed-4398-bd06-90c53b1bc592", "inat_id": 189298734}}, {"type": "Feature", "geometry": {"type": "Point", "coordinates": [-122.3036785997, 45.2109774997]}, "properties": {"species": "Hypomyces lactifluorum", "date": "2023-11-02", "location": "Estacada, OR 97023, USA", "elevation": 423.0, "land_cover_label": "Tree cover", "water_mask": false, "exclude_reason": "keep", "ndvi": null, "soil_moisture": null, "solar_exposure": null, "wind_exposure": null, "water_retention": null, "slope": null, "aspect": null, "num_identification_agreements": 2, "cluster": 1, "tavg": null, "tmin": 10.0, "tmax": 17.8, "prcp_d0": 19.46282196044922, "prcp_d1": 19.46282196044922, "prcp_d2": 0.0, "prcp_d3": 0.0, "prcp_d4": 0.0, "prcp_d5": 0.0, "prcp_d6": 0.0, "tmax_d0": 14.1, "tmax_d1": 11.9, "tmax_d2": 15.2, "tmax_d3": 15.6, "tmax_d4": 14.0, "tmax_d5": 10.4, "tmax_d6": 10.0, "tmin_d0": 9.8, "tmin_d1": 7.1, "tmin_d2": 2.7, "tmin_d3": 2.1, "tmin_d4": 1.9, "tmin_d5": 0.5, "tmin_d6": -1.2, "day_of_year": 306, "uuid": "37bd0a03-28a3-475d-aca1-c78130ffb71a", "inat_id": 189786277}}, {"type": "Feature", "geometry": {"type": "Point", "coordinates": [-122.3030535997, 45.2107006997]}, "properties": {"species": "Hypomyces lactifluorum", "date": "2023-11-03", "location": "Estacada, OR 97023, USA", "elevation": 423.0, "land_cover_label": "Tree cover", "water_mask": false, "exclude_reason": "keep", "ndvi": null, "soil_moisture": null, "solar_exposure": null, "wind_exposure": null, "water_retention": null, "slope": null, "aspect": null, "num_identification_agreements": 1, "cluster": 1, "tavg": null, "tmin": 7.8, "tmax": 17.2, "prcp_d0": 0.0, "prcp_d1": 19.46282196044922, "prcp_d2": 19.46282196044922, "prcp_d3": 0.0, "prcp_d4": 0.0, "prcp_d5": 0.0, "prcp_d6": 0.0, "tmax_d0": 16.5, "tmax_d1": 14.1, "tmax_d2": 11.9, "tmax_d3": 15.2, "tmax_d4": 15.6, "tmax_d5": 14.0, "tmax_d6": 10.4, "tmin_d0": 8.0, "tmin_d1": 9.8, "tmin_d2": 7.1, "tmin_d3": 2.7, "tmin_d4": 2.1, "tmin_d5": 1.9, "tmin_d6": 0.5, "day_of_year": 307, "uuid": "7ccb46b5-ca66-4305-88ec-dfb76a2fd336", "inat_id": 189923019}}, {"type": "Feature", "geometry": {"type": "Point", "coordinates": [-121.9530433624, 45.2824114395]}, "properties": {"species": "Hypomyces lactifluorum", "date": "2023-11-04", "location": "Clackamas County, US-OR, US", "elevation": 695.0, "land_cover_label": "Tree cover", "water_mask": false, "exclude_reason": "keep", "ndvi": null, "soil_moisture": null, "solar_exposure": null, "wind_exposure": null, "water_retention": null, "slope": null, "aspect": null, "num_identification_agreements": 2, "cluster": 1, "tavg": null, "tmin": 13.9, "tmax": 19.4, "prcp_d0": 108.54366302490234, "prcp_d1": 0.0, "prcp_d2": 21.70873069763184, "prcp_d3": 0.0, "prcp_d4": 0.0, "prcp_d5": 0.0, "prcp_d6": 0.0, "tmax_d0": 13.7, "tmax_d1": 15.2, "tmax_d2": 12.4, "tmax_d3": 13.9, "tmax_d4": 16.6, "tmax_d5": 12.6, "tmax_d6": 11.4, "tmin_d0": 11.5, "tmin_d1": 7.1, "tmin_d2": 9.6, "tmin_d3": 8.7, "tmin_d4": 3.8, "tmin_d5": 2.6, "tmin_d6": -0.2, "day_of_year": 308, "uuid": "ee9abd38-5af0-41ce-9054-f2e6a2fd06d5", "inat_id": 190013084}}, {"type": "Feature", "geometry": {"type": "Point", "coordinates": [-122.2828470278, 45.3860061086]}, "properties": {"species": "Hypomyces lactifluorum", "date": "2023-11-06", "location": "Clackamas County, US-OR, US", "elevation": 285.0, "land_cover_label": "Tree cover", "water_mask": false, "exclude_reason": "keep", "ndvi": null, "soil_moisture": null, "solar_exposure": null, "wind_exposure": null, "water_retention": null, "slope": null, "aspect": null, "num_identification_agreements": 2, "cluster": 1, "tavg": null, "tmin": 11.7, "tmax": 15.0, "prcp_d0": 62.10709381103516, "prcp_d1": 30.087520599365234, "prcp_d2": 45.13128280639648, "prcp_d3": 0.0, "prcp_d4": 15.043760299682615, "prcp_d5": 30.087520599365234, "prcp_d6": 0.0, "tmax_d0": 12.2, "tmax_d1": 13.6, "tmax_d2": 15.8, "tmax_d3": 16.8, "tmax_d4": 14.8, "tmax_d5": 12.6, "tmax_d6": 15.6, "tmin_d0": 8.7, "tmin_d1": 8.6, "tmin_d2": 13.2, "tmin_d3": 8.7, "tmin_d4": 10.6, "tmin_d5": 7.1, "tmin_d6": 5.4, "day_of_year": 310, "uuid": "a028be8a-9f1d-4e85-aac4-fd8fdc5577cc", "inat_id": 190276440}}, {"type": "Feature", "geometry": {"type": "Point", "coordinates": [-122.302192, 45.2109009722]}, "properties": {"species": "Hypomyces lactifluorum", "date": "2023-11-07", "location": "Estacada, OR 97023, USA", "elevation": 423.0, "land_cover_label": "Tree cover", "water_mask": false, "exclude_reason": "keep", "ndvi": null, "soil_moisture": null, "solar_exposure": null, "wind_exposure": null, "water_retention": null, "slope": null, "aspect": null, "num_identification_agreements": 3, "cluster": 1, "tavg": null, "tmin": 6.7, "tmax": 13.9, "prcp_d0": 10.650927543640137, "prcp_d1": 63.90557098388672, "prcp_d2": 19.46282196044922, "prcp_d3": 58.38846969604492, "prcp_d4": 0.0, "prcp_d5": 19.46282196044922, "prcp_d6": 19.46282196044922, "tmax_d0": 9.0, "tmax_d1": 11.0, "tmax_d2": 12.7, "tmax_d3": 14.8, "tmax_d4": 16.5, "tmax_d5": 14.1, "tmax_d6": 11.9, "tmin_d0": 6.6, "tmin_d1": 7.9, "tmin_d2": 8.0, "tmin_d3": 12.5, "tmin_d4": 8.0, "tmin_d5": 9.8, "tmin_d6": 7.1, "day_of_year": 311, "uuid": "eda03e42-dde3-4bfa-b11b-b0faad672911", "inat_id": 190439750}}, {"type": "Feature", "geometry": {"type": "Point", "coordinates": [-122.2222583333, 45.3273416667]}, "properties": {"species": "Hypomyces lactifluorum", "date": "2023-11-11", "location": "Sandy, OR, US", "elevation": 398.0, "land_cover_label": "Tree cover", "water_mask": false, "exclude_reason": "keep", "ndvi": null, "soil_moisture": null, "solar_exposure": null, "wind_exposure": null, "water_retention": null, "slope": null, "aspect": null, "num_identification_agreements": 2, "cluster": 2, "tavg": null, "tmin": 8.9, "tmax": 13.9, "prcp_d0": 30.69638061523437, "prcp_d1": 0.0, "prcp_d2": 0.0, "prcp_d3": 0.0, "prcp_d4": 19.60498046875, "prcp_d5": 68.617431640625, "prcp_d6": 21.061464309692383, "tmax_d0": 9.4, "tmax_d1": 10.2, "tmax_d2": 12.1, "tmax_d3": 9.5, "tmax_d4": 8.9, "tmax_d5": 10.9, "tmax_d6": 12.3, "tmin_d0": 6.5, "tmin_d1": 5.2, "tmin_d2": 2.6, "tmin_d3": 3.0, "tmin_d4": 6.4, "tmin_d5": 7.6, "tmin_d6": 7.6, "day_of_year": 315, "uuid": "81e1d3c9-2c6a-4a76-8d89-62a6b9d317b0", "inat_id": 190750615}}, {"type": "Feature", "geometry": {"type": "Point", "coordinates": [-122.2210292489, 45.3273969076]}, "properties": {"species": "Hypomyces lactifluorum", "date": "2023-11-15", "location": "Eagle Creek, OR, US", "elevation": 398.0, "land_cover_label": "Tree cover", "water_mask": false, "exclude_reason": "keep", "ndvi": null, "soil_moisture": null, "solar_exposure": null, "wind_exposure": null, "water_retention": null, "slope": null, "aspect": null, "num_identification_agreements": 1, "cluster": 0, "tavg": null, "tmin": 9.4, "tmax": 19.4, "prcp_d0": 0.0, "prcp_d1": 0.0, "prcp_d2": 0.0, "prcp_d3": 0.0, "prcp_d4": 30.69638061523437, "prcp_d5": 0.0, "prcp_d6": 0.0, "tmax_d0": 11.8, "tmax_d1": 12.9, "tmax_d2": 11.2, "tmax_d3": 13.7, "tmax_d4": 9.4, "tmax_d5": 10.2, "tmax_d6": 12.1, "tmin_d0": 6.1, "tmin_d1": 1.6, "tmin_d2": 6.3, "tmin_d3": 5.8, "tmin_d4": 6.5, "tmin_d5": 5.2, "tmin_d6": 2.6, "day_of_year": 319, "uuid": "de4af78b-fc84-42f8-aea0-1e8bde79b34c", "inat_id": 191093232}}, {"type": "Feature", "geometry": {"type": "Point", "coordinates": [-122.2633615, 45.2290034997]}, "properties": {"species": "Hypomyces lactifluorum", "date": "2023-11-17", "location": "Estacada, OR 97023, USA", "elevation": 453.0, "land_cover_label": "Tree cover", "water_mask": false, "exclude_reason": "keep", "ndvi": null, "soil_moisture": null, "solar_exposure": null, "wind_exposure": null, "water_retention": null, "slope": null, "aspect": null, "num_identification_agreements": 1, "cluster": 2, "tavg": null, "tmin": 5.2, "tmax": 13.9, "prcp_d0": 0.0, "prcp_d1": 0.0, "prcp_d2": 0.0, "prcp_d3": 0.0, "prcp_d4": 0.0, "prcp_d5": 0.0, "prcp_d6": 32.88994598388672, "tmax_d0": 14.8, "tmax_d1": 12.1, "tmax_d2": 12.0, "tmax_d3": 12.9, "tmax_d4": 12.0, "tmax_d5": 14.0, "tmax_d6": 9.6, "tmin_d0": 4.7, "tmin_d1": 6.4, "tmin_d2": 6.8, "tmin_d3": 2.2, "tmin_d4": 6.5, "tmin_d5": 5.7, "tmin_d6": 7.0, "day_of_year": 321, "uuid": "46fce226-786b-460f-b951-8c921c4d50f3", "inat_id": 191325670}}, {"type": "Feature", "geometry": {"type": "Point", "coordinates": [-122.2632841, 45.2291963997]}, "properties": {"species": "Hypomyces lactifluorum", "date": "2023-11-17", "location": "Estacada, OR 97023, USA", "elevation": 404.0, "land_cover_label": "Tree cover", "water_mask": false, "exclude_reason": "keep", "ndvi": null, "soil_moisture": null, "solar_exposure": null, "wind_exposure": null, "water_retention": null, "slope": null, "aspect": null, "num_identification_agreements": 1, "cluster": 2, "tavg": null, "tmin": 5.2, "tmax": 13.9, "prcp_d0": 0.0, "prcp_d1": 0.0, "prcp_d2": 0.0, "prcp_d3": 0.0, "prcp_d4": 0.0, "prcp_d5": 0.0, "prcp_d6": 32.88994598388672, "tmax_d0": 14.8, "tmax_d1": 12.1, "tmax_d2": 12.0, "tmax_d3": 12.9, "tmax_d4": 12.0, "tmax_d5": 14.0, "tmax_d6": 9.6, "tmin_d0": 4.7, "tmin_d1": 6.4, "tmin_d2": 6.8, "tmin_d3": 2.2, "tmin_d4": 6.5, "tmin_d5": 5.7, "tmin_d6": 7.0, "day_of_year": 321, "uuid": "58ac1120-95b2-4aa8-9816-f0d38f0144f4", "inat_id": 191332162}}, {"type": "Feature", "geometry": {"type": "Point", "coordinates": [-122.142222937, 45.1800754415]}, "properties": {"species": "Hypomyces lactifluorum", "date": "2023-11-18", "location": "Mt. Hood National Forest, Estacada, OR, US", "elevation": 819.0, "land_cover_label": "Tree cover", "water_mask": false, "exclude_reason": "keep", "ndvi": null, "soil_moisture": null, "solar_exposure": null, "wind_exposure": null, "water_retention": null, "slope": null, "aspect": null, "num_identification_agreements": 2, "cluster": 0, "tavg": null, "tmin": 8.3, "tmax": 11.7, "prcp_d0": 0.0, "prcp_d1": 0.0, "prcp_d2": 0.0, "prcp_d3": 0.0, "prcp_d4": 0.0, "prcp_d5": 0.0, "prcp_d6": 0.0, "tmax_d0": 8.0, "tmax_d1": 10.3, "tmax_d2": 10.6, "tmax_d3": 11.3, "tmax_d4": 12.6, "tmax_d5": 9.9, "tmax_d6": 11.8, "tmin_d0": 1.2, "tmin_d1": 2.0, "tmin_d2": 4.7, "tmin_d3": 4.6, "tmin_d4": 0.8, "tmin_d5": 4.0, "tmin_d6": 3.2, "day_of_year": 322, "uuid": "2ded2b79-ad17-4a23-9fcd-0629de531a07", "inat_id": 191788298}}, {"type": "Feature", "geometry": {"type": "Point", "coordinates": [-122.2231416006, 45.3249777011]}, "properties": {"species": "Hypomyces lactifluorum", "date": "2023-11-25", "location": "SE Kleinsmith Rd, Sandy, OR, US", "elevation": 396.0, "land_cover_label": "Tree cover", "water_mask": false, "exclude_reason": "keep", "ndvi": null, "soil_moisture": null, "solar_exposure": null, "wind_exposure": null, "water_retention": null, "slope": null, "aspect": null, "num_identification_agreements": 1, "cluster": 0, "tavg": null, "tmin": 4.4, "tmax": 12.8, "prcp_d0": 0.0, "prcp_d1": 0.0, "prcp_d2": 0.0, "prcp_d3": 0.0, "prcp_d4": 0.0, "prcp_d5": 0.0, "prcp_d6": 0.0, "tmax_d0": 10.3, "tmax_d1": 8.1, "tmax_d2": 8.3, "tmax_d3": 12.0, "tmax_d4": 13.7, "tmax_d5": 13.8, "tmax_d6": 11.1, "tmin_d0": -0.1, "tmin_d1": -4.0, "tmin_d2": 2.4, "tmin_d3": 5.5, "tmin_d4": 7.2, "tmin_d5": 0.2, "tmin_d6": 3.2, "day_of_year": 329, "uuid": "0058a834-513b-4896-96b6-55456bf26f52", "inat_id": 192077891}}, {"type": "Feature", "geometry": {"type": "Point", "coordinates": [-122.22280503, 45.3253540634]}, "properties": {"species": "Hypomyces lactifluorum", "date": "2023-11-25", "location": "SE Kleinsmith Rd, Sandy, OR, US", "elevation": 403.0, "land_cover_label": "Tree cover", "water_mask": false, "exclude_reason": "keep", "ndvi": null, "soil_moisture": null, "solar_exposure": null, "wind_exposure": null, "water_retention": null, "slope": null, "aspect": null, "num_identification_agreements": 1, "cluster": 0, "tavg": null, "tmin": 4.4, "tmax": 12.8, "prcp_d0": 0.0, "prcp_d1": 0.0, "prcp_d2": 0.0, "prcp_d3": 0.0, "prcp_d4": 0.0, "prcp_d5": 0.0, "prcp_d6": 0.0, "tmax_d0": 10.3, "tmax_d1": 8.1, "tmax_d2": 8.3, "tmax_d3": 12.0, "tmax_d4": 13.7, "tmax_d5": 13.8, "tmax_d6": 11.1, "tmin_d0": -0.1, "tmin_d1": -4.0, "tmin_d2": 2.4, "tmin_d3": 5.5, "tmin_d4": 7.2, "tmin_d5": 0.2, "tmin_d6": 3.2, "day_of_year": 329, "uuid": "ede91692-38b4-4c2d-b7f3-dee7dcd3bb41", "inat_id": 192078511}}, {"type": "Feature", "geometry": {"type": "Point", "coordinates": [-122.30008, 45.4890783333]}, "properties": {"species": "Hypomyces lactifluorum", "date": "2023-12-12", "location": "Oxbow Regional Park, Gresham, OR, US", "elevation": 79.0, "land_cover_label": "Tree cover", "water_mask": false, "exclude_reason": "keep", "ndvi": null, "soil_moisture": null, "solar_exposure": null, "wind_exposure": null, "water_retention": null, "slope": null, "aspect": null, "num_identification_agreements": 2, "cluster": 1, "tavg": null, "tmin": 7.8, "tmax": 11.1, "prcp_d0": 0.0, "prcp_d1": 0.0, "prcp_d2": 33.47713851928711, "prcp_d3": 8.369284629821777, "prcp_d4": 0.0, "prcp_d5": 0.0, "prcp_d6": 33.47713851928711, "tmax_d0": 10.1, "tmax_d1": 11.1, "tmax_d2": 11.4, "tmax_d3": 5.8, "tmax_d4": 6.1, "tmax_d5": 9.5, "tmax_d6": 14.3, "tmin_d0": 6.2, "tmin_d1": 8.6, "tmin_d2": 4.5, "tmin_d3": 0.8, "tmin_d4": 2.3, "tmin_d5": 6.4, "tmin_d6": 10.0, "day_of_year": 346, "uuid": "528999b7-f15f-40ef-9c4b-488e48662fd4", "inat_id": 193833474}}, {"type": "Feature", "geometry": {"type": "Point", "coordinates": [-106.6146966428, 35.7697635034]}, "properties": {"species": "Hypomyces lactifluorum", "date": "2024-07-19", "location": "Sandoval County, US-NM, US", "elevation": 2372.0, "land_cover_label": "Tree cover", "water_mask": false, "exclude_reason": "keep", "ndvi": null, "soil_moisture": null, "solar_exposure": null, "wind_exposure": null, "water_retention": null, "slope": null, "aspect": null, "num_identification_agreements": 3, "cluster": 0, "tavg": null, "tmin": 15.0, "tmax": 29.2, "prcp_d0": 7.670125484466553, "prcp_d1": 7.670125484466553, "prcp_d2": 0.0, "prcp_d3": 0.0, "prcp_d4": 0.0, "prcp_d5": 2.812526226043701, "prcp_d6": 2.812526226043701, "tmax_d0": null, "tmax_d1": null, "tmax_d2": null, "tmax_d3": null, "tmax_d4": null, "tmax_d5": null, "tmax_d6": null, "tmin_d0": null, "tmin_d1": null, "tmin_d2": null, "tmin_d3": null, "tmin_d4": null, "tmin_d5": null, "tmin_d6": null, "day_of_year": 201, "uuid": "e4dd95bb-2d69-4f4b-9ad9-45193f86dc74", "inat_id": 230609918}}, {"type": "Feature", "geometry": {"type": "Point", "coordinates": [-104.7699345473, 44.3838600169]}, "properties": {"species": "Hypomyces lactifluorum", "date": "2024-07-19", "location": "Keyhole State Park, Moorcroft, WY, US", "elevation": 1262.0, "land_cover_label": "Grassland", "water_mask": false, "exclude_reason": "keep", "ndvi": null, "soil_moisture": null, "solar_exposure": null, "wind_exposure": null, "water_retention": null, "slope": null, "aspect": null, "num_identification_agreements": 5, "cluster": 0, "tavg": null, "tmin": 20.0, "tmax": 31.0, "prcp_d0": 0.0, "prcp_d1": 0.0, "prcp_d2": 0.0, "prcp_d3": 0.0, "prcp_d4": 0.0, "prcp_d5": 0.0, "prcp_d6": 10.799043655395508, "tmax_d0": null, "tmax_d1": null, "tmax_d2": null, "tmax_d3": null, "tmax_d4": null, "tmax_d5": null, "tmax_d6": null, "tmin_d0": null, "tmin_d1": null, "tmin_d2": null, "tmin_d3": null, "tmin_d4": null, "tmin_d5": null, "tmin_d6": null, "day_of_year": 201, "uuid": "cc795115-9c76-41ee-be44-b0476acf04a1", "inat_id": 230315536}}, {"type": "Feature", "geometry": {"type": "Point", "coordinates": [-103.7185173268, 44.2744141004]}, "properties": {"species": "Hypomyces lactifluorum", "date": "2024-07-22", "location": "Black Hills National Forest, Deadwood, SD, US", "elevation": 1725.0, "land_cover_label": "Tree cover", "water_mask": false, "exclude_reason": "keep", "ndvi": null, "soil_moisture": null, "solar_exposure": null, "wind_exposure": null, "water_retention": null, "slope": null, "aspect": null, "num_identification_agreements": 3, "cluster": 0, "tavg": null, "tmin": 16.0, "tmax": 29.0, "prcp_d0": 0.0, "prcp_d1": 0.0, "prcp_d2": 0.0, "prcp_d3": 0.0, "prcp_d4": 0.0, "prcp_d5": 0.0, "prcp_d6": 0.0, "tmax_d0": 24.6, "tmax_d1": 21.2, "tmax_d2": 23.3, "tmax_d3": 24.3, "tmax_d4": 27.7, "tmax_d5": 24.4, "tmax_d6": 23.7, "tmin_d0": 10.1, "tmin_d1": 10.6, "tmin_d2": 11.8, "tmin_d3": 16.3, "tmin_d4": 14.0, "tmin_d5": 10.7, "tmin_d6": 14.5, "day_of_year": 204, "uuid": "3d219f67-c6e4-491c-bdc4-15bf65728710", "inat_id": 340075438}}, {"type": "Feature", "geometry": {"type": "Point", "coordinates": [-105.0873028333, 39.3930383333]}, "properties": {"species": "Hypomyces lactifluorum", "date": "2024-07-24", "location": "Pike and San Isabel National Forests, Sedalia, CO, US", "elevation": 2422.0, "land_cover_label": "Tree cover", "water_mask": false, "exclude_reason": "keep", "ndvi": null, "soil_moisture": 0.2142222127346632, "solar_exposure": 0.8772914409637451, "wind_exposure": 0.4426454305648803, "water_retention": 0.2341157793998718, "slope": 3.919668674468994, "aspect": 198.080307006836, "num_identification_agreements": 4, "cluster": 0, "tavg": null, "tmin": 16.1, "tmax": 33.3, "prcp_d0": 0.0, "prcp_d1": 0.0, "prcp_d2": 0.0, "prcp_d3": 0.0, "prcp_d4": 0.0, "prcp_d5": 0.0, "prcp_d6": 0.0, "tmax_d0": null, "tmax_d1": null, "tmax_d2": null, "tmax_d3": null, "tmax_d4": null, "tmax_d5": null, "tmax_d6": null, "tmin_d0": null, "tmin_d1": null, "tmin_d2": null, "tmin_d3": null, "tmin_d4": null, "tmin_d5": null, "tmin_d6": null, "day_of_year": 206, "uuid": "caef5c64-02e4-4ece-b142-9b12607ae8b4", "inat_id": 231566490}}, {"type": "Feature", "geometry": {"type": "Point", "coordinates": [-106.9077, 37.4479216667]}, "properties": {"species": "Hypomyces lactifluorum", "date": "2024-07-25", "location": "San Juan National Forest - Headquarters, Creede, CO, US", "elevation": 2418.0, "land_cover_label": "Tree cover", "water_mask": false, "exclude_reason": "keep", "ndvi": null, "soil_moisture": null, "solar_exposure": null, "wind_exposure": null, "water_retention": null, "slope": null, "aspect": null, "num_identification_agreements": 2, "cluster": 0, "tavg": null, "tmin": 8.0, "tmax": 17.0, "prcp_d0": 9.450166702270508, "prcp_d1": 0.0, "prcp_d2": 0.0, "prcp_d3": 0.0, "prcp_d4": 0.0, "prcp_d5": 0.0, "prcp_d6": 0.0, "tmax_d0": null, "tmax_d1": null, "tmax_d2": null, "tmax_d3": null, "tmax_d4": null, "tmax_d5": null, "tmax_d6": null, "tmin_d0": null, "tmin_d1": null, "tmin_d2": null, "tmin_d3": null, "tmin_d4": null, "tmin_d5": null, "tmin_d6": null, "day_of_year": 207, "uuid": "83e06ade-c756-42a1-9763-7e6b77e064d6", "inat_id": 231739145}}, {"type": "Feature", "geometry": {"type": "Point", "coordinates": [-105.8348833333, 35.7633283333]}, "properties": {"species": "Hypomyces lactifluorum", "date": "2024-07-29", "location": "Santa Fe National Forest, Santa Fe, NM, US", "elevation": 2590.0, "land_cover_label": "Tree cover", "water_mask": false, "exclude_reason": "keep", "ndvi": null, "soil_moisture": null, "solar_exposure": null, "wind_exposure": null, "water_retention": null, "slope": null, "aspect": null, "num_identification_agreements": 2, "cluster": 0, "tavg": null, "tmin": 18.9, "tmax": 34.4, "prcp_d0": 0.0, "prcp_d1": 0.0, "prcp_d2": 0.0, "prcp_d3": 0.0, "prcp_d4": 0.0, "prcp_d5": 0.0, "prcp_d6": 0.0, "tmax_d0": null, "tmax_d1": null, "tmax_d2": null, "tmax_d3": null, "tmax_d4": null, "tmax_d5": null, "tmax_d6": null, "tmin_d0": null, "tmin_d1": null, "tmin_d2": null, "tmin_d3": null, "tmin_d4": null, "tmin_d5": null, "tmin_d6": null, "day_of_year": 211, "uuid": "d9d0a0a4-00eb-460e-b6cf-b5d2c4dbf927", "inat_id": 232549964}}, {"type": "Feature", "geometry": {"type": "Point", "coordinates": [-103.5540166667, 43.8573116667]}, "properties": {"species": "Hypomyces lactifluorum", "date": "2024-07-29", "location": "Black Hills National Forest, Keystone, SD, US", "elevation": 1903.0, "land_cover_label": "Tree cover", "water_mask": false, "exclude_reason": "keep", "ndvi": null, "soil_moisture": null, "solar_exposure": null, "wind_exposure": null, "water_retention": null, "slope": null, "aspect": null, "num_identification_agreements": 2, "cluster": 0, "tavg": null, "tmin": 12.2, "tmax": 31.7, "prcp_d0": 0.0, "prcp_d1": 0.0, "prcp_d2": 0.0, "prcp_d3": 0.0, "prcp_d4": 0.0, "prcp_d5": 0.0, "prcp_d6": 0.0, "tmax_d0": null, "tmax_d1": null, "tmax_d2": null, "tmax_d3": null, "tmax_d4": null, "tmax_d5": null, "tmax_d6": null, "tmin_d0": null, "tmin_d1": null, "tmin_d2": null, "tmin_d3": null, "tmin_d4": null, "tmin_d5": null, "tmin_d6": null, "day_of_year": 211, "uuid": "ab3a9f6b-4f5f-4d69-8473-956d0c4e78bf", "inat_id": 232633004}}, {"type": "Feature", "geometry": {"type": "Point", "coordinates": [-106.7694424, 37.2435471]}, "properties": {"species": "Hypomyces lactifluorum", "date": "2024-07-29", "location": "San Juan National Forest - Headquarters, Pagosa Springs, CO, US", "elevation": 2524.0, "land_cover_label": "Tree cover", "water_mask": false, "exclude_reason": "keep", "ndvi": null, "soil_moisture": null, "solar_exposure": null, "wind_exposure": null, "water_retention": null, "slope": null, "aspect": null, "num_identification_agreements": 4, "cluster": 0, "tavg": null, "tmin": 8.0, "tmax": 16.0, "prcp_d0": 0.0, "prcp_d1": 0.0, "prcp_d2": 0.0, "prcp_d3": 0.0, "prcp_d4": 0.0, "prcp_d5": 0.0, "prcp_d6": 0.0, "tmax_d0": null, "tmax_d1": null, "tmax_d2": null, "tmax_d3": null, "tmax_d4": null, "tmax_d5": null, "tmax_d6": null, "tmin_d0": null, "tmin_d1": null, "tmin_d2": null, "tmin_d3": null, "tmin_d4": null, "tmin_d5": null, "tmin_d6": null, "day_of_year": 211, "uuid": "291f2fac-539d-48e0-af0b-f30bd6e62c22", "inat_id": 232767983}}, {"type": "Feature", "geometry": {"type": "Point", "coordinates": [-106.6136113619, 35.9846289648]}, "properties": {"species": "Hypomyces lactifluorum", "date": "2024-07-29", "location": "Valles Caldera National Preserve, Jemez Springs, NM, US", "elevation": 2728.0, "land_cover_label": "Tree cover", "water_mask": false, "exclude_reason": "keep", "ndvi": null, "soil_moisture": null, "solar_exposure": null, "wind_exposure": null, "water_retention": null, "slope": null, "aspect": null, "num_identification_agreements": 2, "cluster": 0, "tavg": null, "tmin": 19.3, "tmax": 29.0, "prcp_d0": 0.0, "prcp_d1": 0.0, "prcp_d2": 0.0, "prcp_d3": 0.0, "prcp_d4": 0.0, "prcp_d5": 0.0, "prcp_d6": 0.0, "tmax_d0": null, "tmax_d1": null, "tmax_d2": null, "tmax_d3": null, "tmax_d4": null, "tmax_d5": null, "tmax_d6": null, "tmin_d0": null, "tmin_d1": null, "tmin_d2": null, "tmin_d3": null, "tmin_d4": null, "tmin_d5": null, "tmin_d6": null, "day_of_year": 211, "uuid": "b8cc355d-0a6b-48d8-9759-04667b84f74d", "inat_id": 233327146}}, {"type": "Feature", "geometry": {"type": "Point", "coordinates": [-103.4637475267, 43.9298581725]}, "properties": {"species": "Hypomyces lactifluorum", "date": "2024-07-30", "location": "Black Hills National Forest, Keystone, SD, US", "elevation": 1542.0, "land_cover_label": "Tree cover", "water_mask": false, "exclude_reason": "keep", "ndvi": null, "soil_moisture": null, "solar_exposure": null, "wind_exposure": null, "water_retention": null, "slope": null, "aspect": null, "num_identification_agreements": 3, "cluster": 0, "tavg": null, "tmin": 13.9, "tmax": 32.2, "prcp_d0": 0.0, "prcp_d1": 0.0, "prcp_d2": 0.0, "prcp_d3": 0.0, "prcp_d4": 0.0, "prcp_d5": 0.0, "prcp_d6": 0.0, "tmax_d0": 31.8, "tmax_d1": 30.1, "tmax_d2": 28.9, "tmax_d3": 31.1, "tmax_d4": 32.3, "tmax_d5": 33.3, "tmax_d6": 30.8, "tmin_d0": 17.4, "tmin_d1": 15.6, "tmin_d2": 16.0, "tmin_d3": 15.1, "tmin_d4": 21.2, "tmin_d5": 17.6, "tmin_d6": 17.3, "day_of_year": 212, "uuid": "88be1d89-dc18-45b0-8a8a-add3a75a4d6a", "inat_id": 340074804}}, {"type": "Feature", "geometry": {"type": "Point", "coordinates": [-106.5890716667, 35.8058616667]}, "properties": {"species": "Hypomyces lactifluorum", "date": "2024-07-31", "location": "Santa Fe National Forest, Jemez Springs, NM, US", "elevation": 2457.0, "land_cover_label": "Tree cover", "water_mask": false, "exclude_reason": "keep", "ndvi": null, "soil_moisture": null, "solar_exposure": null, "wind_exposure": null, "water_retention": null, "slope": null, "aspect": null, "num_identification_agreements": 1, "cluster": 0, "tavg": null, "tmin": 17.1, "tmax": 29.2, "prcp_d0": 0.0, "prcp_d1": 0.0, "prcp_d2": 0.0, "prcp_d3": 0.0, "prcp_d4": 0.0, "prcp_d5": 0.0, "prcp_d6": 0.0, "tmax_d0": null, "tmax_d1": null, "tmax_d2": null, "tmax_d3": null, "tmax_d4": null, "tmax_d5": null, "tmax_d6": null, "tmin_d0": null, "tmin_d1": null, "tmin_d2": null, "tmin_d3": null, "tmin_d4": null, "tmin_d5": null, "tmin_d6": null, "day_of_year": 213, "uuid": "c0087506-a784-4cba-97b0-50ccae628f53", "inat_id": 235110623}}, {"type": "Feature", "geometry": {"type": "Point", "coordinates": [-106.6153362997, 35.9200975997]}, "properties": {"species": "Hypomyces lactifluorum", "date": "2024-08-01", "location": "Jemez Springs, NM 87025, USA", "elevation": 2766.0, "land_cover_label": "Tree cover", "water_mask": false, "exclude_reason": "keep", "ndvi": null, "soil_moisture": null, "solar_exposure": null, "wind_exposure": null, "water_retention": null, "slope": null, "aspect": null, "num_identification_agreements": 1, "cluster": 0, "tavg": null, "tmin": 19.0, "tmax": 30.3, "prcp_d0": 3.2184505462646484, "prcp_d1": 0.0, "prcp_d2": 0.0, "prcp_d3": 0.0, "prcp_d4": 0.0, "prcp_d5": 0.0, "prcp_d6": 0.0, "tmax_d0": null, "tmax_d1": null, "tmax_d2": null, "tmax_d3": null, "tmax_d4": null, "tmax_d5": null, "tmax_d6": null, "tmin_d0": null, "tmin_d1": null, "tmin_d2": null, "tmin_d3": null, "tmin_d4": null, "tmin_d5": null, "tmin_d6": null, "day_of_year": 214, "uuid": "4b7f2fe1-2432-4803-b74d-202a904a1a02", "inat_id": 233845697}}, {"type": "Feature", "geometry": {"type": "Point", "coordinates": [-106.6246361111, 35.9696916667]}, "properties": {"species": "Hypomyces lactifluorum", "date": "2024-08-09", "location": "Jemez Springs, NM 87025, USA", "elevation": 2710.0, "land_cover_label": "Grassland", "water_mask": false, "exclude_reason": "keep", "ndvi": null, "soil_moisture": null, "solar_exposure": null, "wind_exposure": null, "water_retention": null, "slope": null, "aspect": null, "num_identification_agreements": 1, "cluster": 0, "tavg": null, "tmin": 15.4, "tmax": 23.9, "prcp_d0": 0.0, "prcp_d1": 8.470545768737793, "prcp_d2": 5.647030353546143, "prcp_d3": 2.823515176773072, "prcp_d4": 0.0, "prcp_d5": 10.168534278869627, "prcp_d6": 0.0, "tmax_d0": null, "tmax_d1": null, "tmax_d2": null, "tmax_d3": null, "tmax_d4": null, "tmax_d5": null, "tmax_d6": null, "tmin_d0": null, "tmin_d1": null, "tmin_d2": null, "tmin_d3": null, "tmin_d4": null, "tmin_d5": null, "tmin_d6": null, "day_of_year": 222, "uuid": "df0fee96-81f4-4228-9892-302162435eb8", "inat_id": 237162300}}, {"type": "Feature", "geometry": {"type": "Point", "coordinates": [-106.6643555556, 35.9244611111]}, "properties": {"species": "Hypomyces lactifluorum", "date": "2024-08-10", "location": "Jemez Springs, NM 87025, USA", "elevation": 2657.0, "land_cover_label": "Tree cover", "water_mask": false, "exclude_reason": "keep", "ndvi": null, "soil_moisture": null, "solar_exposure": null, "wind_exposure": null, "water_retention": null, "slope": null, "aspect": null, "num_identification_agreements": 1, "cluster": 0, "tavg": null, "tmin": 15.5, "tmax": 22.0, "prcp_d0": 0.0, "prcp_d1": 0.0, "prcp_d2": 8.931638717651367, "prcp_d3": 4.465819358825684, "prcp_d4": 0.0, "prcp_d5": 0.0, "prcp_d6": 7.968550682067871, "tmax_d0": null, "tmax_d1": null, "tmax_d2": null, "tmax_d3": null, "tmax_d4": null, "tmax_d5": null, "tmax_d6": null, "tmin_d0": null, "tmin_d1": null, "tmin_d2": null, "tmin_d3": null, "tmin_d4": null, "tmin_d5": null, "tmin_d6": null, "day_of_year": 223, "uuid": "5d231c40-87ab-4ee8-882a-83687631f67b", "inat_id": 237162977}}, {"type": "Feature", "geometry": {"type": "Point", "coordinates": [-106.6307849556, 35.9683609196]}, "properties": {"species": "Hypomyces lactifluorum", "date": "2024-08-10", "location": "Santa Fe National Forest, Jemez Springs, NM, US", "elevation": 2731.0, "land_cover_label": "Tree cover", "water_mask": false, "exclude_reason": "keep", "ndvi": null, "soil_moisture": null, "solar_exposure": null, "wind_exposure": null, "water_retention": null, "slope": null, "aspect": null, "num_identification_agreements": 1, "cluster": 0, "tavg": null, "tmin": 15.5, "tmax": 22.0, "prcp_d0": 0.0, "prcp_d1": 0.0, "prcp_d2": 8.470545768737793, "prcp_d3": 5.647030353546143, "prcp_d4": 2.823515176773072, "prcp_d5": 0.0, "prcp_d6": 10.168534278869627, "tmax_d0": null, "tmax_d1": null, "tmax_d2": null, "tmax_d3": null, "tmax_d4": null, "tmax_d5": null, "tmax_d6": null, "tmin_d0": null, "tmin_d1": null, "tmin_d2": null, "tmin_d3": null, "tmin_d4": null, "tmin_d5": null, "tmin_d6": null, "day_of_year": 223, "uuid": "2762c552-1125-4c41-8fc2-4c20165f4d30", "inat_id": 235107572}}, {"type": "Feature", "geometry": {"type": "Point", "coordinates": [-105.7955333333, 35.7692722222]}, "properties": {"species": "Hypomyces lactifluorum", "date": "2024-08-14", "location": "Santa Fe County, NM, USA", "elevation": 3265.0, "land_cover_label": "Tree cover", "water_mask": false, "exclude_reason": "keep", "ndvi": null, "soil_moisture": null, "solar_exposure": null, "wind_exposure": null, "water_retention": null, "slope": null, "aspect": null, "num_identification_agreements": 1, "cluster": 2, "tavg": null, "tmin": 15.6, "tmax": 30.0, "prcp_d0": 0.0, "prcp_d1": 0.0, "prcp_d2": 0.0, "prcp_d3": 0.0, "prcp_d4": 7.033227443695068, "prcp_d5": 14.066454887390137, "prcp_d6": 14.066454887390137, "tmax_d0": null, "tmax_d1": null, "tmax_d2": null, "tmax_d3": null, "tmax_d4": null, "tmax_d5": null, "tmax_d6": null, "tmin_d0": null, "tmin_d1": null, "tmin_d2": null, "tmin_d3": null, "tmin_d4": null, "tmin_d5": null, "tmin_d6": null, "day_of_year": 227, "uuid": "2a8f75ab-c278-42fd-ba7c-500047f21dd2", "inat_id": 235824416}}, {"type": "Feature", "geometry": {"type": "Point", "coordinates": [-103.406728904, 43.9803307987]}, "properties": {"species": "Hypomyces lactifluorum", "date": "2024-08-15", "location": "Pennington County, US-SD, US", "elevation": 1410.0, "land_cover_label": "Tree cover", "water_mask": false, "exclude_reason": "keep", "ndvi": null, "soil_moisture": null, "solar_exposure": null, "wind_exposure": null, "water_retention": null, "slope": null, "aspect": null, "num_identification_agreements": 1, "cluster": 0, "tavg": null, "tmin": 17.2, "tmax": 31.7, "prcp_d0": 0.0, "prcp_d1": 0.0, "prcp_d2": 0.0, "prcp_d3": 0.0, "prcp_d4": 0.0, "prcp_d5": 0.0, "prcp_d6": 0.0, "tmax_d0": null, "tmax_d1": null, "tmax_d2": null, "tmax_d3": null, "tmax_d4": null, "tmax_d5": null, "tmax_d6": null, "tmin_d0": null, "tmin_d1": null, "tmin_d2": null, "tmin_d3": null, "tmin_d4": null, "tmin_d5": null, "tmin_d6": null, "day_of_year": 228, "uuid": "5c69962b-f941-46fb-ab0e-0d88e3a2e6e7", "inat_id": 236117113}}, {"type": "Feature", "geometry": {"type": "Point", "coordinates": [-103.4624007929, 43.9270512991]}, "properties": {"species": "Hypomyces lactifluorum", "date": "2024-08-16", "location": "Black Hills National Forest, Keystone, SD, US", "elevation": 1525.0, "land_cover_label": "Tree cover", "water_mask": false, "exclude_reason": "keep", "ndvi": null, "soil_moisture": null, "solar_exposure": null, "wind_exposure": null, "water_retention": null, "slope": null, "aspect": null, "num_identification_agreements": 1, "cluster": 0, "tavg": null, "tmin": 8.9, "tmax": 25.6, "prcp_d0": 0.0, "prcp_d1": 0.0, "prcp_d2": 0.0, "prcp_d3": 0.0, "prcp_d4": 0.0, "prcp_d5": 0.0, "prcp_d6": 0.0, "tmax_d0": null, "tmax_d1": null, "tmax_d2": null, "tmax_d3": null, "tmax_d4": null, "tmax_d5": null, "tmax_d6": null, "tmin_d0": null, "tmin_d1": null, "tmin_d2": null, "tmin_d3": null, "tmin_d4": null, "tmin_d5": null, "tmin_d6": null, "day_of_year": 229, "uuid": "6f32e2f4-5436-4e3d-97ed-a417f0b6d3b7", "inat_id": 236117203}}, {"type": "Feature", "geometry": {"type": "Point", "coordinates": [-122.25533644, 45.39191459]}, "properties": {"species": "Hypomyces lactifluorum", "date": "2024-08-17", "location": "Sandy, OR, USA", "elevation": 315.0, "land_cover_label": "Tree cover", "water_mask": false, "exclude_reason": "keep", "ndvi": null, "soil_moisture": null, "solar_exposure": null, "wind_exposure": null, "water_retention": null, "slope": null, "aspect": null, "num_identification_agreements": 2, "cluster": 0, "tavg": null, "tmin": 14.4, "tmax": 30.0, "prcp_d0": 0.0, "prcp_d1": 0.0, "prcp_d2": 0.0, "prcp_d3": 0.0, "prcp_d4": 0.0, "prcp_d5": 0.0, "prcp_d6": 0.0, "tmax_d0": 28.5, "tmax_d1": 24.6, "tmax_d2": 23.0, "tmax_d3": 23.1, "tmax_d4": 22.2, "tmax_d5": 23.6, "tmax_d6": 28.2, "tmin_d0": 11.8, "tmin_d1": 12.4, "tmin_d2": 12.7, "tmin_d3": 7.9, "tmin_d4": 12.4, "tmin_d5": 12.5, "tmin_d6": 13.4, "day_of_year": 230, "uuid": "c6f22907-bbaa-4c3c-a661-23e2930ace60", "inat_id": 236296587}}, {"type": "Feature", "geometry": {"type": "Point", "coordinates": [-104.676720969, 39.3315141278]}, "properties": {"species": "Hypomyces lactifluorum", "date": "2024-08-19", "location": "Gold Camp Way, Franktown, CO, US", "elevation": 2052.0, "land_cover_label": "Tree cover", "water_mask": false, "exclude_reason": "keep", "ndvi": null, "soil_moisture": 0.1537094662008239, "solar_exposure": 0.8056193590164185, "wind_exposure": 0.3719559609889984, "water_retention": 0.2660098373889923, "slope": 7.298957824707031, "aspect": 289.8171691894531, "num_identification_agreements": 2, "cluster": 0, "tavg": null, "tmin": 13.0, "tmax": 29.0, "prcp_d0": 0.0, "prcp_d1": 0.0, "prcp_d2": 0.0, "prcp_d3": 0.0, "prcp_d4": 0.0, "prcp_d5": 0.0, "prcp_d6": 0.0, "tmax_d0": null, "tmax_d1": null, "tmax_d2": null, "tmax_d3": null, "tmax_d4": null, "tmax_d5": null, "tmax_d6": null, "tmin_d0": null, "tmin_d1": null, "tmin_d2": null, "tmin_d3": null, "tmin_d4": null, "tmin_d5": null, "tmin_d6": null, "day_of_year": 232, "uuid": "66b11db9-4a8f-428d-b00a-7e23ccd4fc72", "inat_id": 236751731}}, {"type": "Feature", "geometry": {"type": "Point", "coordinates": [-105.5981369797, 39.9251418694]}, "properties": {"species": "Hypomyces lactifluorum", "date": "2024-08-22", "location": "Colorado, US", "elevation": 2979.0, "land_cover_label": "Tree cover", "water_mask": false, "exclude_reason": "keep", "ndvi": null, "soil_moisture": 0.3036552595956749, "solar_exposure": 0.97089684009552, "wind_exposure": 0.3923452496528625, "water_retention": 0.1318387687206268, "slope": 17.343564987182617, "aspect": 172.17311096191406, "num_identification_agreements": 2, "cluster": 0, "tavg": null, "tmin": 3.6, "tmax": 11.4, "prcp_d0": 11.014179229736328, "prcp_d1": 2.246500015258789, "prcp_d2": 0.0, "prcp_d3": 0.0, "prcp_d4": 0.0, "prcp_d5": 0.0, "prcp_d6": 0.0, "tmax_d0": null, "tmax_d1": null, "tmax_d2": null, "tmax_d3": null, "tmax_d4": null, "tmax_d5": null, "tmax_d6": null, "tmin_d0": null, "tmin_d1": null, "tmin_d2": null, "tmin_d3": null, "tmin_d4": null, "tmin_d5": null, "tmin_d6": null, "day_of_year": 235, "uuid": "f5fc97e9-1487-45bd-a262-ec6e15260928", "inat_id": 237419716}}, {"type": "Feature", "geometry": {"type": "Point", "coordinates": [-105.3600333333, 39.2479194444]}, "properties": {"species": "Hypomyces lactifluorum", "date": "2024-08-24", "location": "Jefferson County, US-CO, US", "elevation": 2512.0, "land_cover_label": "Tree cover", "water_mask": false, "exclude_reason": "keep", "ndvi": null, "soil_moisture": 0.2286766556914322, "solar_exposure": 0.9532409906387328, "wind_exposure": 0.2577353715896606, "water_retention": 0.1447948515415191, "slope": 14.450933456420898, "aspect": 194.33236694335932, "num_identification_agreements": 2, "cluster": 0, "tavg": null, "tmin": 6.1, "tmax": 18.4, "prcp_d0": 1.1134158372879028, "prcp_d1": 1.901048302650452, "prcp_d2": 5.937411785125732, "prcp_d3": 3.711784839630127, "prcp_d4": 0.0, "prcp_d5": 0.0, "prcp_d6": 0.0, "tmax_d0": null, "tmax_d1": null, "tmax_d2": null, "tmax_d3": null, "tmax_d4": null, "tmax_d5": null, "tmax_d6": null, "tmin_d0": null, "tmin_d1": null, "tmin_d2": null, "tmin_d3": null, "tmin_d4": null, "tmin_d5": null, "tmin_d6": null, "day_of_year": 237, "uuid": "2ba37319-dd60-4f26-8089-069e5458849d", "inat_id": 237764500}}, {"type": "Feature", "geometry": {"type": "Point", "coordinates": [-106.39357911, 35.89631537]}, "properties": {"species": "Hypomyces lactifluorum", "date": "2024-08-25", "location": "Los Alamos County, NM, USA", "elevation": 2835.0, "land_cover_label": "Tree cover", "water_mask": false, "exclude_reason": "keep", "ndvi": null, "soil_moisture": null, "solar_exposure": null, "wind_exposure": null, "water_retention": null, "slope": null, "aspect": null, "num_identification_agreements": 5, "cluster": 0, "tavg": null, "tmin": 13.2, "tmax": 26.7, "prcp_d0": 3.593494176864624, "prcp_d1": 3.711301803588867, "prcp_d2": 3.872821092605591, "prcp_d3": 0.0, "prcp_d4": 0.1504483520984649, "prcp_d5": 0.0, "prcp_d6": 0.0, "tmax_d0": null, "tmax_d1": null, "tmax_d2": null, "tmax_d3": null, "tmax_d4": null, "tmax_d5": null, "tmax_d6": null, "tmin_d0": null, "tmin_d1": null, "tmin_d2": null, "tmin_d3": null, "tmin_d4": null, "tmin_d5": null, "tmin_d6": null, "day_of_year": 238, "uuid": "a7e8b033-cb78-47c8-a16f-a52c9b28ff5b", "inat_id": 237977375}}, {"type": "Feature", "geometry": {"type": "Point", "coordinates": [-106.3935611111, 35.8962833333]}, "properties": {"species": "Hypomyces lactifluorum", "date": "2024-08-25", "location": "Los Alamos County, NM, USA", "elevation": 2835.0, "land_cover_label": "Tree cover", "water_mask": false, "exclude_reason": "keep", "ndvi": null, "soil_moisture": null, "solar_exposure": null, "wind_exposure": null, "water_retention": null, "slope": null, "aspect": null, "num_identification_agreements": 3, "cluster": 0, "tavg": null, "tmin": 13.2, "tmax": 26.7, "prcp_d0": 3.593494176864624, "prcp_d1": 3.711301803588867, "prcp_d2": 3.872821092605591, "prcp_d3": 0.0, "prcp_d4": 0.1504483520984649, "prcp_d5": 0.0, "prcp_d6": 0.0, "tmax_d0": null, "tmax_d1": null, "tmax_d2": null, "tmax_d3": null, "tmax_d4": null, "tmax_d5": null, "tmax_d6": null, "tmin_d0": null, "tmin_d1": null, "tmin_d2": null, "tmin_d3": null, "tmin_d4": null, "tmin_d5": null, "tmin_d6": null, "day_of_year": 238, "uuid": "90cd8115-09c4-4ea8-9580-1725f4070221", "inat_id": 238838311}}, {"type": "Feature", "geometry": {"type": "Point", "coordinates": [-122.4732990867, 45.0375957331]}, "properties": {"species": "Hypomyces lactifluorum", "date": "2024-08-30", "location": "Molalla, OR, US", "elevation": 427.0, "land_cover_label": "Tree cover", "water_mask": false, "exclude_reason": "keep", "ndvi": null, "soil_moisture": null, "solar_exposure": null, "wind_exposure": null, "water_retention": null, "slope": null, "aspect": null, "num_identification_agreements": 1, "cluster": 0, "tavg": null, "tmin": 12.2, "tmax": 35.6, "prcp_d0": 2.932746383521589e-06, "prcp_d1": 0.0, "prcp_d2": 0.0986928269267082, "prcp_d3": 3.7680821418762207, "prcp_d4": 6.471917458839016e-06, "prcp_d5": 0.040044866502285, "prcp_d6": 0.7505289912223816, "tmax_d0": 31.3, "tmax_d1": 31.6, "tmax_d2": 21.6, "tmax_d3": 25.1, "tmax_d4": 25.3, "tmax_d5": 22.5, "tmax_d6": 18.7, "tmin_d0": 12.6, "tmin_d1": 10.5, "tmin_d2": 6.6, "tmin_d3": 12.7, "tmin_d4": 9.2, "tmin_d5": 7.8, "tmin_d6": 8.4, "day_of_year": 243, "uuid": "8959c7fd-d72e-4252-9f82-1396e897b0de", "inat_id": 248456457}}, {"type": "Feature", "geometry": {"type": "Point", "coordinates": [-121.9328083333, 45.3444416667]}, "properties": {"species": "Hypomyces lactifluorum", "date": "2024-09-01", "location": "E Hofeldt Rd, Rhododendron, OR, US", "elevation": 459.0, "land_cover_label": "Tree cover", "water_mask": false, "exclude_reason": "keep", "ndvi": null, "soil_moisture": null, "solar_exposure": null, "wind_exposure": null, "water_retention": null, "slope": null, "aspect": null, "num_identification_agreements": 3, "cluster": 0, "tavg": null, "tmin": 15.6, "tmax": 30.0, "prcp_d0": 0.0, "prcp_d1": 0.0, "prcp_d2": 2.64985305875598e-06, "prcp_d3": 0.0, "prcp_d4": 0.2874350845813751, "prcp_d5": 3.814490795135498, "prcp_d6": 4.443826128408546e-06, "tmax_d0": 33.4, "tmax_d1": 36.0, "tmax_d2": 31.5, "tmax_d3": 29.2, "tmax_d4": 22.4, "tmax_d5": 24.0, "tmax_d6": 24.8, "tmin_d0": 11.7, "tmin_d1": 13.2, "tmin_d2": 13.3, "tmin_d3": 10.3, "tmin_d4": 4.9, "tmin_d5": 11.9, "tmin_d6": 8.7, "day_of_year": 245, "uuid": "143ecfc6-2b4f-4ef4-a418-e6fcd954d94d", "inat_id": 239321977}}, {"type": "Feature", "geometry": {"type": "Point", "coordinates": [-104.9285050355, 39.1818778223]}, "properties": {"species": "Hypomyces lactifluorum", "date": "2024-09-02", "location": "Colorado, US", "elevation": 2198.0, "land_cover_label": "Tree cover", "water_mask": false, "exclude_reason": "keep", "ndvi": null, "soil_moisture": 0.1256194709747623, "solar_exposure": 0.5447474122047424, "wind_exposure": 0.3663064837455749, "water_retention": 0.1066457256674766, "slope": 24.407331466674805, "aspect": 33.14213562011719, "num_identification_agreements": 3, "cluster": 0, "tavg": null, "tmin": 11.0, "tmax": 26.0, "prcp_d0": 0.0, "prcp_d1": 0.0, "prcp_d2": 2.193190266552847e-05, "prcp_d3": 0.0033509244676679, "prcp_d4": 1.135359287261963, "prcp_d5": 7.411832484649494e-06, "prcp_d6": 0.3225172162055969, "tmax_d0": null, "tmax_d1": null, "tmax_d2": null, "tmax_d3": null, "tmax_d4": null, "tmax_d5": null, "tmax_d6": null, "tmin_d0": null, "tmin_d1": null, "tmin_d2": null, "tmin_d3": null, "tmin_d4": null, "tmin_d5": null, "tmin_d6": null, "day_of_year": 246, "uuid": "efffea73-ff61-4770-bd37-e34ab8babe8c", "inat_id": 239743173}}, {"type": "Feature", "geometry": {"type": "Point", "coordinates": [-121.9222116667, 45.2659133333]}, "properties": {"species": "Hypomyces lactifluorum", "date": "2024-09-03", "location": "Zigzag Ranger Station, Welches, OR, US", "elevation": 567.0, "land_cover_label": "Tree cover", "water_mask": false, "exclude_reason": "keep", "ndvi": null, "soil_moisture": null, "solar_exposure": null, "wind_exposure": null, "water_retention": null, "slope": null, "aspect": null, "num_identification_agreements": 2, "cluster": 0, "tavg": null, "tmin": 17.8, "tmax": 24.4, "prcp_d0": 0.0, "prcp_d1": 0.0, "prcp_d2": 0.0, "prcp_d3": 0.0, "prcp_d4": 2.248012151540024e-06, "prcp_d5": 0.0, "prcp_d6": 0.2448200434446334, "tmax_d0": 21.3, "tmax_d1": 27.6, "tmax_d2": 33.1, "tmax_d3": 34.8, "tmax_d4": 31.4, "tmax_d5": 27.2, "tmax_d6": 22.1, "tmin_d0": 12.2, "tmin_d1": 13.4, "tmin_d2": 14.4, "tmin_d3": 14.9, "tmin_d4": 13.9, "tmin_d5": 11.4, "tmin_d6": 4.4, "day_of_year": 247, "uuid": "774c1456-3968-4945-8517-ffa8825a4809", "inat_id": 239700835}}, {"type": "Feature", "geometry": {"type": "Point", "coordinates": [-105.0712583333, 39.2211916667]}, "properties": {"species": "Hypomyces lactifluorum", "date": "2024-09-05", "location": "Pike and San Isabel National Forests, Sedalia, CO, US", "elevation": 2704.0, "land_cover_label": "Tree cover", "water_mask": false, "exclude_reason": "keep", "ndvi": null, "soil_moisture": 0.1066584180234817, "solar_exposure": 0.8572883009910583, "wind_exposure": 0.3840141296386719, "water_retention": 0.2311247587203979, "slope": 4.096865653991699, "aspect": 242.95518493652344, "num_identification_agreements": 3, "cluster": 0, "tavg": null, "tmin": 10.5, "tmax": 19.4, "prcp_d0": 13.021736145019531, "prcp_d1": 0.0, "prcp_d2": 0.0, "prcp_d3": 0.0, "prcp_d4": 0.0, "prcp_d5": 2.8684513381449506e-05, "prcp_d6": 0.0, "tmax_d0": null, "tmax_d1": null, "tmax_d2": null, "tmax_d3": null, "tmax_d4": null, "tmax_d5": null, "tmax_d6": null, "tmin_d0": null, "tmin_d1": null, "tmin_d2": null, "tmin_d3": null, "tmin_d4": null, "tmin_d5": null, "tmin_d6": null, "day_of_year": 249, "uuid": "826229ef-89e7-4f60-b0da-f9b61b7bd71f", "inat_id": 241409299}}, {"type": "Feature", "geometry": {"type": "Point", "coordinates": [-105.0103001932, 39.0316453119]}, "properties": {"species": "Hypomyces lactifluorum", "date": "2024-09-07", "location": "Colorado, US", "elevation": 2832.0, "land_cover_label": "Tree cover", "water_mask": false, "exclude_reason": "keep", "ndvi": null, "soil_moisture": 0.2229875899089756, "solar_exposure": 0.8382828235626221, "wind_exposure": 0.3387238383293152, "water_retention": 0.2090409696102142, "slope": 5.6755876541137695, "aspect": 93.13082122802734, "num_identification_agreements": 3, "cluster": 0, "tavg": null, "tmin": 8.4, "tmax": 26.9, "prcp_d0": 0.0, "prcp_d1": 0.0, "prcp_d2": 0.0, "prcp_d3": 0.0, "prcp_d4": 0.0, "prcp_d5": 0.0, "prcp_d6": 0.0, "tmax_d0": null, "tmax_d1": null, "tmax_d2": null, "tmax_d3": null, "tmax_d4": null, "tmax_d5": null, "tmax_d6": null, "tmin_d0": null, "tmin_d1": null, "tmin_d2": null, "tmin_d3": null, "tmin_d4": null, "tmin_d5": null, "tmin_d6": null, "day_of_year": 251, "uuid": "2c5fc50d-e8e9-4bac-9e7c-584fcb3f456c", "inat_id": 240458213}}, {"type": "Feature", "geometry": {"type": "Point", "coordinates": [-121.9460616667, 44.6100583333]}, "properties": {"species": "Hypomyces lactifluorum", "date": "2024-09-10", "location": "Willamette National Forest, Idanha, OR, US", "elevation": 795.0, "land_cover_label": "Tree cover", "water_mask": false, "exclude_reason": "keep", "ndvi": null, "soil_moisture": null, "solar_exposure": null, "wind_exposure": null, "water_retention": null, "slope": null, "aspect": null, "num_identification_agreements": 1, "cluster": 0, "tavg": null, "tmin": null, "tmax": null, "prcp_d0": 0.0, "prcp_d1": 0.0, "prcp_d2": 0.0, "prcp_d3": 17.158031463623047, "prcp_d4": 0.0, "prcp_d5": 0.0, "prcp_d6": 0.0, "tmax_d0": 26.2, "tmax_d1": 27.8, "tmax_d2": 29.4, "tmax_d3": 32.2, "tmax_d4": 34.8, "tmax_d5": 33.8, "tmax_d6": 31.6, "tmin_d0": 13.9, "tmin_d1": 15.3, "tmin_d2": 17.9, "tmin_d3": 17.1, "tmin_d4": 15.4, "tmin_d5": 16.3, "tmin_d6": 11.4, "day_of_year": 254, "uuid": "61e60d61-ebfe-44d0-b801-8c6b258ff791", "inat_id": 241036303}}, {"type": "Feature", "geometry": {"type": "Point", "coordinates": [-105.0245583333, 37.34872]}, "properties": {"species": "Hypomyces lactifluorum", "date": "2024-09-10", "location": "Pike and San Isabel National Forests, Aguilar, CO, US", "elevation": 3435.0, "land_cover_label": "Tree cover", "water_mask": false, "exclude_reason": "keep", "ndvi": null, "soil_moisture": null, "solar_exposure": null, "wind_exposure": null, "water_retention": null, "slope": null, "aspect": null, "num_identification_agreements": 1, "cluster": 0, "tavg": null, "tmin": 8.0, "tmax": 16.0, "prcp_d0": 0.0, "prcp_d1": 0.0, "prcp_d2": 19.012170791625977, "prcp_d3": 0.0, "prcp_d4": 0.0, "prcp_d5": 0.0, "prcp_d6": 0.0, "tmax_d0": null, "tmax_d1": null, "tmax_d2": null, "tmax_d3": null, "tmax_d4": null, "tmax_d5": null, "tmax_d6": null, "tmin_d0": null, "tmin_d1": null, "tmin_d2": null, "tmin_d3": null, "tmin_d4": null, "tmin_d5": null, "tmin_d6": null, "day_of_year": 254, "uuid": "1ba14ed0-6369-4b34-ab16-f944e5a42c51", "inat_id": 241045018}}, {"type": "Feature", "geometry": {"type": "Point", "coordinates": [-122.0167482, 45.3762302]}, "properties": {"species": "Hypomyces lactifluorum", "date": "2024-09-10", "location": "E Rufus Ridge Ln, Brightwood, OR, US", "elevation": 356.0, "land_cover_label": "Tree cover", "water_mask": false, "exclude_reason": "keep", "ndvi": null, "soil_moisture": null, "solar_exposure": null, "wind_exposure": null, "water_retention": null, "slope": null, "aspect": null, "num_identification_agreements": 2, "cluster": 0, "tavg": null, "tmin": 14.4, "tmax": 27.2, "prcp_d0": 0.0, "prcp_d1": 0.0, "prcp_d2": 0.0, "prcp_d3": 7.400832653045654, "prcp_d4": 0.0, "prcp_d5": 0.0, "prcp_d6": 0.0, "tmax_d0": 23.7, "tmax_d1": 26.0, "tmax_d2": 27.5, "tmax_d3": 30.1, "tmax_d4": 35.0, "tmax_d5": 36.7, "tmax_d6": 34.4, "tmin_d0": 12.2, "tmin_d1": 13.0, "tmin_d2": 17.7, "tmin_d3": 17.2, "tmin_d4": 17.7, "tmin_d5": 20.4, "tmin_d6": 7.9, "day_of_year": 254, "uuid": "32e74964-7b51-4dfc-9389-c9ad00ad5a14", "inat_id": 241045763}}, {"type": "Feature", "geometry": {"type": "Point", "coordinates": [-121.8671556562, 45.3037882976]}, "properties": {"species": "Hypomyces lactifluorum", "date": "2024-09-13", "location": "Rhododendron, OR 97049, USA", "elevation": 684.0, "land_cover_label": "Tree cover", "water_mask": false, "exclude_reason": "keep", "ndvi": null, "soil_moisture": null, "solar_exposure": null, "wind_exposure": null, "water_retention": null, "slope": null, "aspect": null, "num_identification_agreements": 3, "cluster": 0, "tavg": null, "tmin": 11.2, "tmax": 23.9, "prcp_d0": 0.6615124344825745, "prcp_d1": 4.7576823234558105, "prcp_d2": 16.279132843017578, "prcp_d3": 0.0, "prcp_d4": 0.0, "prcp_d5": 5.293259143829346, "prcp_d6": 0.0, "tmax_d0": 18.7, "tmax_d1": 14.5, "tmax_d2": 20.5, "tmax_d3": 22.6, "tmax_d4": 24.8, "tmax_d5": 29.4, "tmax_d6": 33.2, "tmin_d0": 8.3, "tmin_d1": 10.7, "tmin_d2": 9.4, "tmin_d3": 13.0, "tmin_d4": 14.1, "tmin_d5": 16.9, "tmin_d6": 17.0, "day_of_year": 257, "uuid": "26951123-12da-4a8e-b745-8b5c378e15f0", "inat_id": 243705827}}, {"type": "Feature", "geometry": {"type": "Point", "coordinates": [-122.254105, 45.4602666667]}, "properties": {"species": "Hypomyces lactifluorum", "date": "2024-09-14", "location": "Corbett, Sandy, OR, US", "elevation": 187.0, "land_cover_label": "Tree cover", "water_mask": false, "exclude_reason": "keep", "ndvi": null, "soil_moisture": null, "solar_exposure": null, "wind_exposure": null, "water_retention": null, "slope": null, "aspect": null, "num_identification_agreements": 4, "cluster": 1, "tavg": null, "tmin": 13.9, "tmax": 22.8, "prcp_d0": 0.923455536365509, "prcp_d1": 1.8539756536483765, "prcp_d2": 15.83493423461914, "prcp_d3": 29.122119903564453, "prcp_d4": 0.0, "prcp_d5": 0.0, "prcp_d6": 0.0, "tmax_d0": 21.4, "tmax_d1": 20.7, "tmax_d2": 19.5, "tmax_d3": 23.9, "tmax_d4": 25.0, "tmax_d5": 27.2, "tmax_d6": 30.4, "tmin_d0": 10.0, "tmin_d1": 9.2, "tmin_d2": 13.0, "tmin_d3": 11.0, "tmin_d4": 11.5, "tmin_d5": 13.1, "tmin_d6": 15.0, "day_of_year": 258, "uuid": "8b4633b1-2b99-49f1-ba34-8226165f6523", "inat_id": 242152032}}, {"type": "Feature", "geometry": {"type": "Point", "coordinates": [-122.1535159814, 45.0066159153]}, "properties": {"species": "Hypomyces lactifluorum", "date": "2024-09-14", "location": "Clackamas County, US-OR, US", "elevation": 1300.0, "land_cover_label": "Tree cover", "water_mask": false, "exclude_reason": "keep", "ndvi": null, "soil_moisture": null, "solar_exposure": null, "wind_exposure": null, "water_retention": null, "slope": null, "aspect": null, "num_identification_agreements": 2, "cluster": 0, "tavg": null, "tmin": null, "tmax": null, "prcp_d0": 0.3401077687740326, "prcp_d1": 0.829110324382782, "prcp_d2": 7.145198345184326, "prcp_d3": 22.301006317138672, "prcp_d4": 0.0, "prcp_d5": 0.0, "prcp_d6": 0.0, "tmax_d0": 15.4, "tmax_d1": 16.0, "tmax_d2": 11.9, "tmax_d3": 17.8, "tmax_d4": 19.7, "tmax_d5": 22.0, "tmax_d6": 24.2, "tmin_d0": 5.5, "tmin_d1": 4.7, "tmin_d2": 6.8, "tmin_d3": 5.1, "tmin_d4": 7.2, "tmin_d5": 7.9, "tmin_d6": 10.9, "day_of_year": 258, "uuid": "9ce087d2-867c-41ba-85f7-46c455fdf83a", "inat_id": 241720466}}, {"type": "Feature", "geometry": {"type": "Point", "coordinates": [-121.9303498417, 45.2685139229]}, "properties": {"species": "Hypomyces lactifluorum", "date": "2024-09-14", "location": "Rhododendron, OR 97049, USA", "elevation": 547.0, "land_cover_label": "Tree cover", "water_mask": false, "exclude_reason": "keep", "ndvi": null, "soil_moisture": null, "solar_exposure": null, "wind_exposure": null, "water_retention": null, "slope": null, "aspect": null, "num_identification_agreements": 3, "cluster": 0, "tavg": null, "tmin": 13.9, "tmax": 22.8, "prcp_d0": 0.2594570815563202, "prcp_d1": 0.7780501842498779, "prcp_d2": 5.786448001861572, "prcp_d3": 19.169233322143555, "prcp_d4": 0.0, "prcp_d5": 0.0, "prcp_d6": 0.0, "tmax_d0": 18.7, "tmax_d1": 19.5, "tmax_d2": 15.3, "tmax_d3": 21.3, "tmax_d4": 23.4, "tmax_d5": 25.6, "tmax_d6": 30.2, "tmin_d0": 11.3, "tmin_d1": 9.1, "tmin_d2": 11.5, "tmin_d3": 10.2, "tmin_d4": 13.8, "tmin_d5": 14.9, "tmin_d6": 17.7, "day_of_year": 258, "uuid": "5fe422c2-bbf9-42d3-82a0-1c4feb40c04f", "inat_id": 241749572}}, {"type": "Feature", "geometry": {"type": "Point", "coordinates": [-121.9154283333, 45.33407]}, "properties": {"species": "Hypomyces lactifluorum", "date": "2024-09-17", "location": "Zigzag River, Rhododendron, OR, US", "elevation": 484.0, "land_cover_label": "Tree cover", "water_mask": false, "exclude_reason": "keep", "ndvi": null, "soil_moisture": null, "solar_exposure": null, "wind_exposure": null, "water_retention": null, "slope": null, "aspect": null, "num_identification_agreements": 4, "cluster": 0, "tavg": null, "tmin": 11.7, "tmax": 18.3, "prcp_d0": 0.0, "prcp_d1": 12.573562622070312, "prcp_d2": 3.2266054153442383, "prcp_d3": 0.2489669322967529, "prcp_d4": 0.7382651567459106, "prcp_d5": 5.467009544372559, "prcp_d6": 17.419157028198242, "tmax_d0": 19.0, "tmax_d1": 19.7, "tmax_d2": 17.6, "tmax_d3": 18.8, "tmax_d4": 19.5, "tmax_d5": 15.4, "tmax_d6": 21.4, "tmin_d0": 9.2, "tmin_d1": 6.3, "tmin_d2": 8.9, "tmin_d3": 11.2, "tmin_d4": 9.0, "tmin_d5": 11.7, "tmin_d6": 10.6, "day_of_year": 261, "uuid": "ca481935-9128-4e4c-ad50-8e8b1f359472", "inat_id": 242574286}}, {"type": "Feature", "geometry": {"type": "Point", "coordinates": [-121.7309033333, 45.2824133333]}, "properties": {"species": "Hypomyces lactifluorum", "date": "2024-09-17", "location": "Mt. Hood Park Division Recreation Area, Government Camp, OR, US", "elevation": 1136.0, "land_cover_label": "Tree cover", "water_mask": false, "exclude_reason": "keep", "ndvi": null, "soil_moisture": null, "solar_exposure": null, "wind_exposure": null, "water_retention": null, "slope": null, "aspect": null, "num_identification_agreements": 2, "cluster": 0, "tavg": null, "tmin": 11.6, "tmax": 18.7, "prcp_d0": 0.0, "prcp_d1": 0.0, "prcp_d2": 0.0, "prcp_d3": 0.0, "prcp_d4": 0.0, "prcp_d5": 0.0, "prcp_d6": 9.45176887512207, "tmax_d0": 15.4, "tmax_d1": 18.2, "tmax_d2": 13.5, "tmax_d3": 15.5, "tmax_d4": 16.6, "tmax_d5": 12.1, "tmax_d6": 17.5, "tmin_d0": 5.7, "tmin_d1": 5.9, "tmin_d2": 5.1, "tmin_d3": 7.7, "tmin_d4": 6.3, "tmin_d5": 7.8, "tmin_d6": 6.8, "day_of_year": 261, "uuid": "10c9edf8-1f8a-4301-8582-72b177833c07", "inat_id": 243480702}}, {"type": "Feature", "geometry": {"type": "Point", "coordinates": [-122.013274443, 45.5470759551]}, "properties": {"species": "Hypomyces lactifluorum", "date": "2024-09-20", "location": "Oregon, US", "elevation": 911.0, "land_cover_label": "Tree cover", "water_mask": false, "exclude_reason": "keep", "ndvi": null, "soil_moisture": null, "solar_exposure": null, "wind_exposure": null, "water_retention": null, "slope": null, "aspect": null, "num_identification_agreements": 2, "cluster": 0, "tavg": null, "tmin": 11.1, "tmax": 22.8, "prcp_d0": 0.0, "prcp_d1": 0.0, "prcp_d2": 0.0, "prcp_d3": 0.0, "prcp_d4": 0.0, "prcp_d5": 6.6814799308776855, "prcp_d6": 0.6694467067718506, "tmax_d0": 14.4, "tmax_d1": 15.7, "tmax_d2": 14.2, "tmax_d3": 16.4, "tmax_d4": 18.0, "tmax_d5": 14.3, "tmax_d6": 15.6, "tmin_d0": 6.3, "tmin_d1": 7.6, "tmin_d2": 9.2, "tmin_d3": 8.0, "tmin_d4": 6.2, "tmin_d5": 6.2, "tmin_d6": 9.1, "day_of_year": 264, "uuid": "28505de9-dd61-4f25-8281-9a946d4a0f30", "inat_id": 243737698}}, {"type": "Feature", "geometry": {"type": "Point", "coordinates": [-122.4216225, 44.755374]}, "properties": {"species": "Hypomyces lactifluorum", "date": "2024-09-20", "location": "W Central Ave, Gates, OR, US", "elevation": 300.0, "land_cover_label": "Tree cover", "water_mask": false, "exclude_reason": "keep", "ndvi": null, "soil_moisture": null, "solar_exposure": null, "wind_exposure": null, "water_retention": null, "slope": null, "aspect": null, "num_identification_agreements": 4, "cluster": 0, "tavg": null, "tmin": 10.0, "tmax": 23.9, "prcp_d0": 0.0, "prcp_d1": 0.0, "prcp_d2": 0.0, "prcp_d3": 0.0, "prcp_d4": 0.0, "prcp_d5": 5.417996406555176, "prcp_d6": 0.4648847281932831, "tmax_d0": 20.8, "tmax_d1": 22.0, "tmax_d2": 21.5, "tmax_d3": 21.0, "tmax_d4": 21.3, "tmax_d5": 19.5, "tmax_d6": 21.3, "tmin_d0": 8.9, "tmin_d1": 7.9, "tmin_d2": 13.4, "tmin_d3": 10.0, "tmin_d4": 7.9, "tmin_d5": 10.3, "tmin_d6": 12.2, "day_of_year": 264, "uuid": "d3268f5a-2931-49c4-b4ac-f4a8f4425c96", "inat_id": 242974762}}, {"type": "Feature", "geometry": {"type": "Point", "coordinates": [-121.8977402997, 45.3144557]}, "properties": {"species": "Hypomyces lactifluorum", "date": "2024-09-21", "location": "Rhododendron, OR 97049, USA", "elevation": 576.0, "land_cover_label": "Tree cover", "water_mask": false, "exclude_reason": "keep", "ndvi": null, "soil_moisture": null, "solar_exposure": null, "wind_exposure": null, "water_retention": null, "slope": null, "aspect": null, "num_identification_agreements": 2, "cluster": 0, "tavg": null, "tmin": 8.3, "tmax": 25.6, "prcp_d0": 0.0, "prcp_d1": 0.0, "prcp_d2": 0.0, "prcp_d3": 0.0, "prcp_d4": 0.0, "prcp_d5": 11.636656761169434, "prcp_d6": 2.869065284729004, "tmax_d0": 22.7, "tmax_d1": 17.2, "tmax_d2": 19.0, "tmax_d3": 17.5, "tmax_d4": 18.5, "tmax_d5": 19.6, "tmax_d6": 17.1, "tmin_d0": 5.4, "tmin_d1": 7.7, "tmin_d2": 8.4, "tmin_d3": 11.9, "tmin_d4": 8.7, "tmin_d5": 7.5, "tmin_d6": 8.4, "day_of_year": 265, "uuid": "2781fe4e-4e3f-45c4-b473-da081096f1a8", "inat_id": 243232848}}, {"type": "Feature", "geometry": {"type": "Point", "coordinates": [-121.9000970997, 45.3154572997]}, "properties": {"species": "Hypomyces lactifluorum", "date": "2024-09-21", "location": "Rhododendron, OR 97049, USA", "elevation": 562.0, "land_cover_label": "Tree cover", "water_mask": false, "exclude_reason": "keep", "ndvi": null, "soil_moisture": null, "solar_exposure": null, "wind_exposure": null, "water_retention": null, "slope": null, "aspect": null, "num_identification_agreements": 2, "cluster": 0, "tavg": null, "tmin": 8.3, "tmax": 25.6, "prcp_d0": 0.0, "prcp_d1": 0.0, "prcp_d2": 0.0, "prcp_d3": 0.0, "prcp_d4": 0.0, "prcp_d5": 12.573562622070312, "prcp_d6": 3.2266054153442383, "tmax_d0": 22.7, "tmax_d1": 17.3, "tmax_d2": 19.1, "tmax_d3": 17.6, "tmax_d4": 18.6, "tmax_d5": 19.7, "tmax_d6": 17.2, "tmin_d0": 5.4, "tmin_d1": 7.8, "tmin_d2": 8.4, "tmin_d3": 11.9, "tmin_d4": 8.7, "tmin_d5": 7.5, "tmin_d6": 8.5, "day_of_year": 265, "uuid": "63222d7d-9d7b-4ea8-b6c7-a32501c293a1", "inat_id": 243228619}}, {"type": "Feature", "geometry": {"type": "Point", "coordinates": [-122.1765833333, 44.7061416667]}, "properties": {"species": "Hypomyces lactifluorum", "date": "2024-09-21", "location": "Willamette National Forest, Idanha, OR, US", "elevation": 514.0, "land_cover_label": "Tree cover", "water_mask": false, "exclude_reason": "keep", "ndvi": null, "soil_moisture": null, "solar_exposure": null, "wind_exposure": null, "water_retention": null, "slope": null, "aspect": null, "num_identification_agreements": 1, "cluster": 0, "tavg": null, "tmin": null, "tmax": null, "prcp_d0": 0.0, "prcp_d1": 0.0, "prcp_d2": 0.0, "prcp_d3": 0.0, "prcp_d4": 0.0, "prcp_d5": 17.270370483398438, "prcp_d6": 3.2877743244171143, "tmax_d0": 25.9, "tmax_d1": 21.1, "tmax_d2": 22.5, "tmax_d3": 21.9, "tmax_d4": 20.5, "tmax_d5": 23.4, "tmax_d6": 19.5, "tmin_d0": 5.1, "tmin_d1": 9.4, "tmin_d2": 9.5, "tmin_d3": 11.8, "tmin_d4": 9.5, "tmin_d5": 8.5, "tmin_d6": 10.5, "day_of_year": 265, "uuid": "5450bfe5-9cfe-46c4-bf7c-7e86c4eb9e89", "inat_id": 243484164}}, {"type": "Feature", "geometry": {"type": "Point", "coordinates": [-121.8563916667, 45.3936833333]}, "properties": {"species": "Hypomyces lactifluorum", "date": "2024-09-21", "location": "Zigzag Ranger Station, Rhododendron, OR, US", "elevation": 681.0, "land_cover_label": "Tree cover", "water_mask": false, "exclude_reason": "keep", "ndvi": null, "soil_moisture": null, "solar_exposure": null, "wind_exposure": null, "water_retention": null, "slope": null, "aspect": null, "num_identification_agreements": 2, "cluster": 0, "tavg": null, "tmin": 8.4, "tmax": 23.7, "prcp_d0": 0.0, "prcp_d1": 0.0, "prcp_d2": 0.0, "prcp_d3": 0.0, "prcp_d4": 0.0, "prcp_d5": 9.988880157470703, "prcp_d6": 1.822845697402954, "tmax_d0": 21.7, "tmax_d1": 16.4, "tmax_d2": 18.1, "tmax_d3": 16.1, "tmax_d4": 18.3, "tmax_d5": 20.6, "tmax_d6": 16.0, "tmin_d0": 5.0, "tmin_d1": 7.6, "tmin_d2": 8.0, "tmin_d3": 10.8, "tmin_d4": 8.8, "tmin_d5": 6.4, "tmin_d6": 7.3, "day_of_year": 265, "uuid": "82ce6551-9a22-46e4-a17e-f56a1fda503e", "inat_id": 243210297}}, {"type": "Feature", "geometry": {"type": "Point", "coordinates": [-121.9030831, 45.3190300997]}, "properties": {"species": "Hypomyces lactifluorum", "date": "2024-09-21", "location": "Rhododendron, OR 97049, USA", "elevation": 559.0, "land_cover_label": "Tree cover", "water_mask": false, "exclude_reason": "keep", "ndvi": null, "soil_moisture": null, "solar_exposure": null, "wind_exposure": null, "water_retention": null, "slope": null, "aspect": null, "num_identification_agreements": 3, "cluster": 0, "tavg": null, "tmin": 8.3, "tmax": 25.6, "prcp_d0": 0.0, "prcp_d1": 0.0, "prcp_d2": 0.0, "prcp_d3": 0.0, "prcp_d4": 0.0, "prcp_d5": 12.573562622070312, "prcp_d6": 3.2266054153442383, "tmax_d0": 22.9, "tmax_d1": 17.4, "tmax_d2": 19.2, "tmax_d3": 17.7, "tmax_d4": 18.7, "tmax_d5": 19.8, "tmax_d6": 17.3, "tmin_d0": 5.6, "tmin_d1": 7.9, "tmin_d2": 8.6, "tmin_d3": 12.1, "tmin_d4": 8.9, "tmin_d5": 7.7, "tmin_d6": 8.6, "day_of_year": 265, "uuid": "69b1684e-08da-4661-b6c3-813b96d35455", "inat_id": 243274411}}, {"type": "Feature", "geometry": {"type": "Point", "coordinates": [-122.1207656511, 44.7943467123]}, "properties": {"species": "Hypomyces lactifluorum", "date": "2024-09-21", "location": "Oregon, US", "elevation": 1321.0, "land_cover_label": "Grassland", "water_mask": false, "exclude_reason": "keep", "ndvi": null, "soil_moisture": null, "solar_exposure": null, "wind_exposure": null, "water_retention": null, "slope": null, "aspect": null, "num_identification_agreements": 2, "cluster": 0, "tavg": null, "tmin": null, "tmax": null, "prcp_d0": 0.0, "prcp_d1": 0.0, "prcp_d2": 0.0, "prcp_d3": 0.0, "prcp_d4": 0.0, "prcp_d5": 13.365564346313477, "prcp_d6": 2.485625743865967, "tmax_d0": 19.4, "tmax_d1": 16.0, "tmax_d2": 17.9, "tmax_d3": 17.5, "tmax_d4": 16.2, "tmax_d5": 19.0, "tmax_d6": 14.0, "tmin_d0": 2.9, "tmin_d1": 3.2, "tmin_d2": 3.9, "tmin_d3": 7.1, "tmin_d4": 4.6, "tmin_d5": 3.1, "tmin_d6": 4.3, "day_of_year": 265, "uuid": "65f75611-d43e-455f-acf6-f2a0f534b40d", "inat_id": 244849457}}, {"type": "Feature", "geometry": {"type": "Point", "coordinates": [-122.0109574744, 44.6021682425]}, "properties": {"species": "Hypomyces lactifluorum", "date": "2024-09-21", "location": "Oregon, US", "elevation": 1182.0, "land_cover_label": "Tree cover", "water_mask": false, "exclude_reason": "keep", "ndvi": null, "soil_moisture": null, "solar_exposure": null, "wind_exposure": null, "water_retention": null, "slope": null, "aspect": null, "num_identification_agreements": 3, "cluster": 0, "tavg": null, "tmin": null, "tmax": null, "prcp_d0": 0.0, "prcp_d1": 0.0, "prcp_d2": 0.0, "prcp_d3": 0.0, "prcp_d4": 0.0, "prcp_d5": 17.68851661682129, "prcp_d6": 1.6312721967697144, "tmax_d0": 20.8, "tmax_d1": 17.0, "tmax_d2": 18.5, "tmax_d3": 17.1, "tmax_d4": 15.2, "tmax_d5": 19.7, "tmax_d6": 14.6, "tmin_d0": 2.3, "tmin_d1": 5.0, "tmin_d2": 7.2, "tmin_d3": 5.7, "tmin_d4": 6.0, "tmin_d5": 5.4, "tmin_d6": 5.8, "day_of_year": 265, "uuid": "095152a5-8d5f-4eab-a02e-57750e23e68d", "inat_id": 244849685}}, {"type": "Feature", "geometry": {"type": "Point", "coordinates": [-122.2036533333, 45.446975]}, "properties": {"species": "Hypomyces lactifluorum", "date": "2024-09-27", "location": "SE Warriner Rd, Corbett, OR, US", "elevation": 375.0, "land_cover_label": "Tree cover", "water_mask": false, "exclude_reason": "keep", "ndvi": null, "soil_moisture": null, "solar_exposure": null, "wind_exposure": null, "water_retention": null, "slope": null, "aspect": null, "num_identification_agreements": 1, "cluster": 0, "tavg": null, "tmin": 14.4, "tmax": 23.9, "prcp_d0": 0.0, "prcp_d1": 0.0, "prcp_d2": 0.0, "prcp_d3": 0.0, "prcp_d4": 0.0, "prcp_d5": 0.0, "prcp_d6": 0.0, "tmax_d0": 19.0, "tmax_d1": 19.2, "tmax_d2": 29.0, "tmax_d3": 30.4, "tmax_d4": 23.0, "tmax_d5": 21.9, "tmax_d6": 22.9, "tmin_d0": 12.0, "tmin_d1": 8.5, "tmin_d2": 13.6, "tmin_d3": 12.3, "tmin_d4": 10.6, "tmin_d5": 6.6, "tmin_d6": 3.6, "day_of_year": 271, "uuid": "5d22f1cd-dd7f-46e5-9c99-9e5d707046bc", "inat_id": 244576546}}, {"type": "Feature", "geometry": {"type": "Point", "coordinates": [-121.9164116667, 45.3865133333]}, "properties": {"species": "Hypomyces lactifluorum", "date": "2024-09-28", "location": "E Aschoff Rd, Rhododendron, OR, US", "elevation": 621.0, "land_cover_label": "Tree cover", "water_mask": false, "exclude_reason": "keep", "ndvi": null, "soil_moisture": null, "solar_exposure": null, "wind_exposure": null, "water_retention": null, "slope": null, "aspect": null, "num_identification_agreements": 2, "cluster": 0, "tavg": null, "tmin": 11.7, "tmax": 23.9, "prcp_d0": 0.0, "prcp_d1": 0.0, "prcp_d2": 0.0, "prcp_d3": 0.0, "prcp_d4": 0.0, "prcp_d5": 0.0, "prcp_d6": 0.0, "tmax_d0": 22.3, "tmax_d1": 18.4, "tmax_d2": 19.1, "tmax_d3": 26.9, "tmax_d4": 30.5, "tmax_d5": 22.1, "tmax_d6": 21.1, "tmin_d0": 10.4, "tmin_d1": 11.2, "tmin_d2": 6.3, "tmin_d3": 12.1, "tmin_d4": 13.0, "tmin_d5": 10.5, "tmin_d6": 6.6, "day_of_year": 272, "uuid": "4ddedf1b-6f06-436c-97e4-f9ea7acaaa5c", "inat_id": 244544808}}, {"type": "Feature", "geometry": {"type": "Point", "coordinates": [-121.9976519327, 45.5202523627]}, "properties": {"species": "Hypomyces lactifluorum", "date": "2024-09-28", "location": "Zigzag Ranger Station, Cascade Locks, OR, US", "elevation": 854.0, "land_cover_label": "Tree cover", "water_mask": false, "exclude_reason": "keep", "ndvi": null, "soil_moisture": null, "solar_exposure": null, "wind_exposure": null, "water_retention": null, "slope": null, "aspect": null, "num_identification_agreements": 2, "cluster": 0, "tavg": null, "tmin": 11.7, "tmax": 23.9, "prcp_d0": 0.0, "prcp_d1": 0.0, "prcp_d2": 0.0, "prcp_d3": 0.0, "prcp_d4": 0.0, "prcp_d5": 0.0, "prcp_d6": 0.0, "tmax_d0": 20.9, "tmax_d1": 16.2, "tmax_d2": 17.5, "tmax_d3": 25.7, "tmax_d4": 27.3, "tmax_d5": 21.1, "tmax_d6": 19.7, "tmin_d0": 10.0, "tmin_d1": 9.5, "tmin_d2": 5.3, "tmin_d3": 10.9, "tmin_d4": 13.5, "tmin_d5": 11.5, "tmin_d6": 9.3, "day_of_year": 272, "uuid": "36d82a8d-7774-47e5-9963-a600d37657f0", "inat_id": 244553219}}, {"type": "Feature", "geometry": {"type": "Point", "coordinates": [-121.7959108204, 45.4267838644]}, "properties": {"species": "Hypomyces lactifluorum", "date": "2024-10-01", "location": "Mt Hood, OR 97041, USA", "elevation": 1046.0, "land_cover_label": "Tree cover", "water_mask": false, "exclude_reason": "keep", "ndvi": null, "soil_moisture": null, "solar_exposure": null, "wind_exposure": null, "water_retention": null, "slope": null, "aspect": null, "num_identification_agreements": 2, "cluster": 0, "tavg": null, "tmin": 7.7, "tmax": 25.6, "prcp_d0": 0.0, "prcp_d1": 0.0, "prcp_d2": 0.0, "prcp_d3": 0.0, "prcp_d4": 0.0, "prcp_d5": 0.0, "prcp_d6": 0.0, "tmax_d0": 20.8, "tmax_d1": 16.9, "tmax_d2": 16.2, "tmax_d3": 23.1, "tmax_d4": 17.3, "tmax_d5": 17.9, "tmax_d6": 25.1, "tmin_d0": 6.0, "tmin_d1": 0.1, "tmin_d2": 2.9, "tmin_d3": 10.2, "tmin_d4": 9.7, "tmin_d5": 3.8, "tmin_d6": 10.5, "day_of_year": 275, "uuid": "b6b8dc75-4657-4d7b-a40a-37d3906511b2", "inat_id": 279119961}}, {"type": "Feature", "geometry": {"type": "Point", "coordinates": [-121.9172133333, 45.3314166667]}, "properties": {"species": "Hypomyces lactifluorum", "date": "2024-10-06", "location": "Mt. Hood Park Division Recreation Area, Rhododendron, OR, US", "elevation": 518.0, "land_cover_label": "Tree cover", "water_mask": false, "exclude_reason": "keep", "ndvi": null, "soil_moisture": null, "solar_exposure": null, "wind_exposure": null, "water_retention": null, "slope": null, "aspect": null, "num_identification_agreements": 4, "cluster": 1, "tavg": null, "tmin": 8.9, "tmax": 23.3, "prcp_d0": 0.0, "prcp_d1": 1.641976833343506, "prcp_d2": 37.03405380249024, "prcp_d3": 0.0, "prcp_d4": 2.084813117980957, "prcp_d5": 0.0, "prcp_d6": 0.0, "tmax_d0": 22.1, "tmax_d1": 22.9, "tmax_d2": 19.9, "tmax_d3": 20.9, "tmax_d4": 20.8, "tmax_d5": 24.6, "tmax_d6": 19.6, "tmin_d0": 8.3, "tmin_d1": 4.5, "tmin_d2": 9.6, "tmin_d3": 5.4, "tmin_d4": 8.4, "tmin_d5": 10.0, "tmin_d6": 3.2, "day_of_year": 280, "uuid": "216b6ce1-78a0-4385-bbdf-51ce098ed842", "inat_id": 246085922}}, {"type": "Feature", "geometry": {"type": "Point", "coordinates": [-122.0313638889, 45.3801777778]}, "properties": {"species": "Hypomyces lactifluorum", "date": "2024-10-06", "location": "Sandy, OR 97055, USA", "elevation": 332.0, "land_cover_label": "Tree cover", "water_mask": false, "exclude_reason": "keep", "ndvi": null, "soil_moisture": null, "solar_exposure": null, "wind_exposure": null, "water_retention": null, "slope": null, "aspect": null, "num_identification_agreements": 4, "cluster": 1, "tavg": null, "tmin": 8.9, "tmax": 23.3, "prcp_d0": 0.0, "prcp_d1": 2.0074150562286377, "prcp_d2": 46.1030158996582, "prcp_d3": 0.0, "prcp_d4": 2.288048267364502, "prcp_d5": 0.0, "prcp_d6": 0.0, "tmax_d0": 21.0, "tmax_d1": 21.3, "tmax_d2": 22.3, "tmax_d3": 23.9, "tmax_d4": 21.0, "tmax_d5": 23.0, "tmax_d6": 22.7, "tmin_d0": 6.7, "tmin_d1": 4.4, "tmin_d2": 9.2, "tmin_d3": 4.7, "tmin_d4": 8.9, "tmin_d5": 10.2, "tmin_d6": 3.3, "day_of_year": 280, "uuid": "f052d1ad-a43b-4c25-9cc5-b986cf235681", "inat_id": 246048120}}, {"type": "Feature", "geometry": {"type": "Point", "coordinates": [-122.1112278333, 45.3644783333]}, "properties": {"species": "Hypomyces lactifluorum", "date": "2024-10-06", "location": "E Terra Fern Dr, Sandy, OR, US", "elevation": 449.0, "land_cover_label": "Tree cover", "water_mask": false, "exclude_reason": "keep", "ndvi": null, "soil_moisture": null, "solar_exposure": null, "wind_exposure": null, "water_retention": null, "slope": null, "aspect": null, "num_identification_agreements": 3, "cluster": 1, "tavg": null, "tmin": 8.9, "tmax": 23.3, "prcp_d0": 0.0, "prcp_d1": 2.3323891162872314, "prcp_d2": 59.01010894775391, "prcp_d3": 0.0, "prcp_d4": 2.6421847343444824, "prcp_d5": 0.0, "prcp_d6": 0.0, "tmax_d0": 20.3, "tmax_d1": 20.6, "tmax_d2": 21.6, "tmax_d3": 23.3, "tmax_d4": 20.4, "tmax_d5": 22.4, "tmax_d6": 22.0, "tmin_d0": 6.0, "tmin_d1": 3.8, "tmin_d2": 8.5, "tmin_d3": 4.0, "tmin_d4": 8.2, "tmin_d5": 9.5, "tmin_d6": 2.6, "day_of_year": 280, "uuid": "76c82026-58c5-417a-a566-61c6955d4279", "inat_id": 246259859}}, {"type": "Feature", "geometry": {"type": "Point", "coordinates": [-122.0217809216, 45.3722459959]}, "properties": {"species": "Hypomyces lactifluorum", "date": "2024-10-09", "location": "E Country Club Loop, Brightwood, OR, US", "elevation": 342.0, "land_cover_label": "Tree cover", "water_mask": false, "exclude_reason": "keep", "ndvi": null, "soil_moisture": null, "solar_exposure": null, "wind_exposure": null, "water_retention": null, "slope": null, "aspect": null, "num_identification_agreements": 4, "cluster": 2, "tavg": null, "tmin": 11.1, "tmax": 20.0, "prcp_d0": 0.0, "prcp_d1": 0.0, "prcp_d2": 0.0, "prcp_d3": 0.0, "prcp_d4": 2.0074150562286377, "prcp_d5": 46.1030158996582, "prcp_d6": 0.0, "tmax_d0": 18.5, "tmax_d1": 25.3, "tmax_d2": 27.3, "tmax_d3": 21.0, "tmax_d4": 21.3, "tmax_d5": 22.3, "tmax_d6": 23.9, "tmin_d0": 11.9, "tmin_d1": 11.9, "tmin_d2": 7.8, "tmin_d3": 6.7, "tmin_d4": 4.4, "tmin_d5": 9.2, "tmin_d6": 4.7, "day_of_year": 283, "uuid": "59a6cc27-c2d7-4c14-989c-2c611efca545", "inat_id": 260656505}}, {"type": "Feature", "geometry": {"type": "Point", "coordinates": [-121.88662, 45.2474783333]}, "properties": {"species": "Hypomyces lactifluorum", "date": "2024-10-11", "location": "Zigzag Ranger Station, Government Camp, OR, US", "elevation": 757.0, "land_cover_label": "Tree cover", "water_mask": false, "exclude_reason": "keep", "ndvi": null, "soil_moisture": null, "solar_exposure": null, "wind_exposure": null, "water_retention": null, "slope": null, "aspect": null, "num_identification_agreements": 3, "cluster": 0, "tavg": null, "tmin": null, "tmax": null, "prcp_d0": 16.61650848388672, "prcp_d1": 0.0, "prcp_d2": 0.0, "prcp_d3": 0.0, "prcp_d4": 0.0, "prcp_d5": 0.0, "prcp_d6": 1.1322962045669556, "tmax_d0": 21.3, "tmax_d1": 16.6, "tmax_d2": 16.7, "tmax_d3": 23.2, "tmax_d4": 24.4, "tmax_d5": 21.2, "tmax_d6": 20.0, "tmin_d0": 8.4, "tmin_d1": 2.1, "tmin_d2": 9.7, "tmin_d3": 10.7, "tmin_d4": 11.9, "tmin_d5": 8.2, "tmin_d6": 4.3, "day_of_year": 285, "uuid": "ddaccd20-18d1-4ffd-95b3-1861f369dcbb", "inat_id": 247035796}}, {"type": "Feature", "geometry": {"type": "Point", "coordinates": [-121.9014389616, 45.3367180328]}, "properties": {"species": "Hypomyces lactifluorum", "date": "2024-10-12", "location": "Mt. Hood Park Division Recreation Area, Rhododendron, OR, US", "elevation": 711.0, "land_cover_label": "Tree cover", "water_mask": false, "exclude_reason": "keep", "ndvi": null, "soil_moisture": null, "solar_exposure": null, "wind_exposure": null, "water_retention": null, "slope": null, "aspect": null, "num_identification_agreements": 3, "cluster": 0, "tavg": null, "tmin": 8.9, "tmax": 24.4, "prcp_d0": 0.0, "prcp_d1": 21.91075897216797, "prcp_d2": 0.0, "prcp_d3": 0.0, "prcp_d4": 0.0, "prcp_d5": 0.0, "prcp_d6": 0.0, "tmax_d0": 22.4, "tmax_d1": 22.5, "tmax_d2": 18.3, "tmax_d3": 16.8, "tmax_d4": 23.5, "tmax_d5": 25.0, "tmax_d6": 20.9, "tmin_d0": 10.7, "tmin_d1": 8.3, "tmin_d2": 1.2, "tmin_d3": 10.1, "tmin_d4": 11.6, "tmin_d5": 10.0, "tmin_d6": 7.2, "day_of_year": 286, "uuid": "4721d290-d57b-47aa-98e0-e9c6fad5137b", "inat_id": 247025728}}, {"type": "Feature", "geometry": {"type": "Point", "coordinates": [-122.2210169871, 45.327041985]}, "properties": {"species": "Hypomyces lactifluorum", "date": "2024-10-12", "location": "SE Kleinsmith Rd, Sandy, OR, US", "elevation": 403.0, "land_cover_label": "Tree cover", "water_mask": false, "exclude_reason": "keep", "ndvi": null, "soil_moisture": null, "solar_exposure": null, "wind_exposure": null, "water_retention": null, "slope": null, "aspect": null, "num_identification_agreements": 2, "cluster": 0, "tavg": null, "tmin": 8.9, "tmax": 24.4, "prcp_d0": 0.0, "prcp_d1": 0.0, "prcp_d2": 0.0, "prcp_d3": 0.0, "prcp_d4": 0.0, "prcp_d5": 0.0, "prcp_d6": 0.0, "tmax_d0": 21.5, "tmax_d1": 22.3, "tmax_d2": 17.9, "tmax_d3": 17.7, "tmax_d4": 23.7, "tmax_d5": 25.9, "tmax_d6": 19.7, "tmin_d0": 9.1, "tmin_d1": 8.5, "tmin_d2": 2.1, "tmin_d3": 10.7, "tmin_d4": 8.8, "tmin_d5": 8.0, "tmin_d6": 7.2, "day_of_year": 286, "uuid": "728a2fde-78da-417b-af66-d86608fe1c56", "inat_id": 247117150}}, {"type": "Feature", "geometry": {"type": "Point", "coordinates": [-122.2974965813, 45.3346368056]}, "properties": {"species": "Hypomyces lactifluorum", "date": "2024-10-13", "location": "Eagle Creek, OR, US", "elevation": 292.0, "land_cover_label": "Tree cover", "water_mask": false, "exclude_reason": "keep", "ndvi": null, "soil_moisture": null, "solar_exposure": null, "wind_exposure": null, "water_retention": null, "slope": null, "aspect": null, "num_identification_agreements": 1, "cluster": 0, "tavg": null, "tmin": 8.9, "tmax": 23.9, "prcp_d0": 0.0, "prcp_d1": 0.0, "prcp_d2": 0.0, "prcp_d3": 0.0, "prcp_d4": 0.0, "prcp_d5": 0.0, "prcp_d6": 0.0, "tmax_d0": 21.3, "tmax_d1": 22.2, "tmax_d2": 21.8, "tmax_d3": 18.6, "tmax_d4": 19.4, "tmax_d5": 24.7, "tmax_d6": 26.5, "tmin_d0": 8.2, "tmin_d1": 8.5, "tmin_d2": 8.3, "tmin_d3": 3.6, "tmin_d4": 11.8, "tmin_d5": 10.0, "tmin_d6": 8.5, "day_of_year": 287, "uuid": "6d0161ca-976d-4ed9-bb07-a308ccc07fe4", "inat_id": 248121153}}, {"type": "Feature", "geometry": {"type": "Point", "coordinates": [-121.9408611111, 45.2708833333]}, "properties": {"species": "Hypomyces lactifluorum", "date": "2024-10-14", "location": "Welches, OR 97067, USA", "elevation": 534.0, "land_cover_label": "Tree cover", "water_mask": false, "exclude_reason": "keep", "ndvi": null, "soil_moisture": null, "solar_exposure": null, "wind_exposure": null, "water_retention": null, "slope": null, "aspect": null, "num_identification_agreements": 1, "cluster": 0, "tavg": null, "tmin": 10.6, "tmax": 23.9, "prcp_d0": 0.0, "prcp_d1": 0.0, "prcp_d2": 0.0, "prcp_d3": 16.696866989135742, "prcp_d4": 0.0, "prcp_d5": 0.0, "prcp_d6": 0.0, "tmax_d0": 21.3, "tmax_d1": 24.2, "tmax_d2": 23.3, "tmax_d3": 23.4, "tmax_d4": 19.2, "tmax_d5": 17.7, "tmax_d6": 24.4, "tmin_d0": 10.2, "tmin_d1": 7.4, "tmin_d2": 11.6, "tmin_d3": 9.2, "tmin_d4": 2.1, "tmin_d5": 11.0, "tmin_d6": 12.5, "day_of_year": 288, "uuid": "91440132-bd6e-4c41-b228-37b9a1b5a677", "inat_id": 247427504}}, {"type": "Feature", "geometry": {"type": "Point", "coordinates": [-122.3361587524, 45.5067481995]}, "properties": {"species": "Hypomyces lactifluorum", "date": "2024-10-15", "location": "Corbett", "elevation": 38.0, "land_cover_label": "Tree cover", "water_mask": false, "exclude_reason": "keep", "ndvi": null, "soil_moisture": null, "solar_exposure": null, "wind_exposure": null, "water_retention": null, "slope": null, "aspect": null, "num_identification_agreements": 1, "cluster": 0, "tavg": null, "tmin": 15.0, "tmax": 19.4, "prcp_d0": 0.0, "prcp_d1": 0.0, "prcp_d2": 0.0, "prcp_d3": 0.0, "prcp_d4": 0.0, "prcp_d5": 0.0, "prcp_d6": 0.0, "tmax_d0": 19.9, "tmax_d1": 20.9, "tmax_d2": 22.5, "tmax_d3": 24.0, "tmax_d4": 21.0, "tmax_d5": 20.6, "tmax_d6": 20.2, "tmin_d0": 13.4, "tmin_d1": 9.8, "tmin_d2": 7.9, "tmin_d3": 9.1, "tmin_d4": 10.5, "tmin_d5": 6.0, "tmin_d6": 13.0, "day_of_year": 289, "uuid": "9b9f4927-5023-4bbc-9641-f3e49cf559c7", "inat_id": 247542281}}, {"type": "Feature", "geometry": {"type": "Point", "coordinates": [-122.3361282349, 45.5066375732]}, "properties": {"species": "Hypomyces lactifluorum", "date": "2024-10-15", "location": "Corbett", "elevation": 38.0, "land_cover_label": "Tree cover", "water_mask": false, "exclude_reason": "keep", "ndvi": null, "soil_moisture": null, "solar_exposure": null, "wind_exposure": null, "water_retention": null, "slope": null, "aspect": null, "num_identification_agreements": 3, "cluster": 0, "tavg": null, "tmin": 15.0, "tmax": 19.4, "prcp_d0": 0.0, "prcp_d1": 0.0, "prcp_d2": 0.0, "prcp_d3": 0.0, "prcp_d4": 0.0, "prcp_d5": 0.0, "prcp_d6": 0.0, "tmax_d0": 19.9, "tmax_d1": 20.9, "tmax_d2": 22.5, "tmax_d3": 24.0, "tmax_d4": 21.0, "tmax_d5": 20.6, "tmax_d6": 20.2, "tmin_d0": 13.4, "tmin_d1": 9.8, "tmin_d2": 7.9, "tmin_d3": 9.1, "tmin_d4": 10.5, "tmin_d5": 6.0, "tmin_d6": 13.0, "day_of_year": 289, "uuid": "b2a33b44-0115-499f-b416-83430e83b3c2", "inat_id": 247539959}}, {"type": "Feature", "geometry": {"type": "Point", "coordinates": [-121.9753895, 45.3454175]}, "properties": {"species": "Hypomyces lactifluorum", "date": "2024-10-20", "location": "Welches, OR, US", "elevation": 412.0, "land_cover_label": "Tree cover", "water_mask": false, "exclude_reason": "keep", "ndvi": null, "soil_moisture": null, "solar_exposure": null, "wind_exposure": null, "water_retention": null, "slope": null, "aspect": null, "num_identification_agreements": 1, "cluster": 0, "tavg": null, "tmin": 8.3, "tmax": 21.1, "prcp_d0": 0.0, "prcp_d1": 0.0, "prcp_d2": 0.0, "prcp_d3": 0.0, "prcp_d4": 0.0, "prcp_d5": 0.0, "prcp_d6": 0.0, "tmax_d0": 20.5, "tmax_d1": 19.6, "tmax_d2": 12.2, "tmax_d3": 9.7, "tmax_d4": 13.6, "tmax_d5": 17.8, "tmax_d6": 21.0, "tmin_d0": 9.5, "tmin_d1": 8.3, "tmin_d2": 3.1, "tmin_d3": 5.9, "tmin_d4": 9.9, "tmin_d5": 12.4, "tmin_d6": 9.1, "day_of_year": 294, "uuid": "0932f8a4-ab57-41c3-ac79-eb6c107737b1", "inat_id": 248359387}}, {"type": "Feature", "geometry": {"type": "Point", "coordinates": [-122.2207116667, 45.222595]}, "properties": {"species": "Hypomyces lactifluorum", "date": "2024-10-21", "location": "Mt. Hood National Forest, Estacada, OR, US", "elevation": 568.0, "land_cover_label": "Tree cover", "water_mask": false, "exclude_reason": "keep", "ndvi": null, "soil_moisture": null, "solar_exposure": null, "wind_exposure": null, "water_retention": null, "slope": null, "aspect": null, "num_identification_agreements": 1, "cluster": 1, "tavg": null, "tmin": 10.6, "tmax": 16.1, "prcp_d0": 110.4225082397461, "prcp_d1": 0.0, "prcp_d2": 0.0, "prcp_d3": 0.0, "prcp_d4": 0.0, "prcp_d5": 0.0, "prcp_d6": 0.0, "tmax_d0": 17.0, "tmax_d1": 18.7, "tmax_d2": 18.2, "tmax_d3": 11.8, "tmax_d4": 10.0, "tmax_d5": 13.0, "tmax_d6": 17.6, "tmin_d0": 8.1, "tmin_d1": 7.2, "tmin_d2": 8.5, "tmin_d3": 3.0, "tmin_d4": 4.4, "tmin_d5": 8.9, "tmin_d6": 10.2, "day_of_year": 295, "uuid": "1fe35b16-9054-4cad-aa9c-1604fef16a6e", "inat_id": 248557091}}, {"type": "Feature", "geometry": {"type": "Point", "coordinates": [-121.921148244, 45.3336828585]}, "properties": {"species": "Hypomyces lactifluorum", "date": "2024-10-23", "location": "Oregon, US", "elevation": 483.0, "land_cover_label": "Tree cover", "water_mask": false, "exclude_reason": "keep", "ndvi": null, "soil_moisture": null, "solar_exposure": null, "wind_exposure": null, "water_retention": null, "slope": null, "aspect": null, "num_identification_agreements": 1, "cluster": 1, "tavg": null, "tmin": 5.6, "tmax": 14.4, "prcp_d0": 0.0, "prcp_d1": 0.0, "prcp_d2": 115.95450592041016, "prcp_d3": 0.0, "prcp_d4": 0.0, "prcp_d5": 0.0, "prcp_d6": 0.0, "tmax_d0": 12.5, "tmax_d1": 14.2, "tmax_d2": 17.1, "tmax_d3": 20.1, "tmax_d4": 19.1, "tmax_d5": 11.8, "tmax_d6": 9.2, "tmin_d0": 1.9, "tmin_d1": 4.0, "tmin_d2": 9.0, "tmin_d3": 9.1, "tmin_d4": 7.8, "tmin_d5": 2.6, "tmin_d6": 5.4, "day_of_year": 297, "uuid": "c7d9407b-d819-4e53-b53a-27f350ebe27e", "inat_id": 248822057}}, {"type": "Feature", "geometry": {"type": "Point", "coordinates": [-121.9243483383, 45.3220169583]}, "properties": {"species": "Hypomyces lactifluorum", "date": "2024-10-23", "location": "Oregon, US", "elevation": 857.0, "land_cover_label": "Tree cover", "water_mask": false, "exclude_reason": "keep", "ndvi": null, "soil_moisture": null, "solar_exposure": null, "wind_exposure": null, "water_retention": null, "slope": null, "aspect": null, "num_identification_agreements": 1, "cluster": 1, "tavg": null, "tmin": 5.6, "tmax": 14.4, "prcp_d0": 0.0, "prcp_d1": 0.0, "prcp_d2": 115.95450592041016, "prcp_d3": 0.0, "prcp_d4": 0.0, "prcp_d5": 0.0, "prcp_d6": 0.0, "tmax_d0": 10.3, "tmax_d1": 11.7, "tmax_d2": 14.8, "tmax_d3": 18.7, "tmax_d4": 17.8, "tmax_d5": 9.3, "tmax_d6": 7.0, "tmin_d0": 1.0, "tmin_d1": 1.8, "tmin_d2": 6.8, "tmin_d3": 7.6, "tmin_d4": 5.6, "tmin_d5": 1.0, "tmin_d6": 2.7, "day_of_year": 297, "uuid": "640ab021-21b3-40d0-b176-1c0b6ff0313c", "inat_id": 248800425}}, {"type": "Feature", "geometry": {"type": "Point", "coordinates": [-121.9367291406, 45.6654849767]}, "properties": {"species": "Hypomyces lactifluorum", "date": "2024-10-25", "location": "Stevenson, WA 98648, USA", "elevation": 117.0, "land_cover_label": "Tree cover", "water_mask": false, "exclude_reason": "keep", "ndvi": null, "soil_moisture": null, "solar_exposure": null, "wind_exposure": null, "water_retention": null, "slope": null, "aspect": null, "num_identification_agreements": 1, "cluster": 0, "tavg": null, "tmin": 3.5, "tmax": 13.0, "prcp_d0": 0.0, "prcp_d1": 0.0, "prcp_d2": 0.0, "prcp_d3": 0.0, "prcp_d4": 0.0, "prcp_d5": 0.0, "prcp_d6": 0.0, "tmax_d0": 13.2, "tmax_d1": 13.1, "tmax_d2": 13.3, "tmax_d3": 14.5, "tmax_d4": 18.9, "tmax_d5": 20.3, "tmax_d6": 19.5, "tmin_d0": 5.9, "tmin_d1": 1.5, "tmin_d2": 5.6, "tmin_d3": 6.2, "tmin_d4": 10.5, "tmin_d5": 9.1, "tmin_d6": 9.9, "day_of_year": 299, "uuid": "3e55c525-2ab4-4347-bbd7-22e2995d3bf3", "inat_id": 249371752}}, {"type": "Feature", "geometry": {"type": "Point", "coordinates": [-122.1688993768, 44.9546384792]}, "properties": {"species": "Hypomyces lactifluorum", "date": "2024-10-27", "location": "Clackamas County, OR, USA", "elevation": 681.0, "land_cover_label": "Tree cover", "water_mask": false, "exclude_reason": "keep", "ndvi": null, "soil_moisture": null, "solar_exposure": null, "wind_exposure": null, "water_retention": null, "slope": null, "aspect": null, "num_identification_agreements": 3, "cluster": 2, "tavg": null, "tmin": null, "tmax": null, "prcp_d0": 0.0, "prcp_d1": 0.0, "prcp_d2": 0.0, "prcp_d3": 0.0, "prcp_d4": 0.0, "prcp_d5": 0.0, "prcp_d6": 89.7030258178711, "tmax_d0": 16.2, "tmax_d1": 18.5, "tmax_d2": 15.2, "tmax_d3": 12.8, "tmax_d4": 11.5, "tmax_d5": 12.7, "tmax_d6": 15.9, "tmin_d0": 7.9, "tmin_d1": 7.1, "tmin_d2": -0.3, "tmin_d3": -0.4, "tmin_d4": 3.4, "tmin_d5": 3.1, "tmin_d6": 8.5, "day_of_year": 301, "uuid": "67983d8c-566b-4ffd-997c-a42d366eec11", "inat_id": 272300364}}, {"type": "Feature", "geometry": {"type": "Point", "coordinates": [-122.1688993768, 44.9546384792]}, "properties": {"species": "Hypomyces lactifluorum", "date": "2024-10-27", "location": "Clackamas County, OR, USA", "elevation": 681.0, "land_cover_label": "Tree cover", "water_mask": false, "exclude_reason": "keep", "ndvi": null, "soil_moisture": null, "solar_exposure": null, "wind_exposure": null, "water_retention": null, "slope": null, "aspect": null, "num_identification_agreements": 3, "cluster": 2, "tavg": null, "tmin": null, "tmax": null, "prcp_d0": 0.0, "prcp_d1": 0.0, "prcp_d2": 0.0, "prcp_d3": 0.0, "prcp_d4": 0.0, "prcp_d5": 0.0, "prcp_d6": 89.7030258178711, "tmax_d0": 16.2, "tmax_d1": 18.5, "tmax_d2": 15.2, "tmax_d3": 12.8, "tmax_d4": 11.5, "tmax_d5": 12.7, "tmax_d6": 15.9, "tmin_d0": 7.9, "tmin_d1": 7.1, "tmin_d2": -0.3, "tmin_d3": -0.4, "tmin_d4": 3.4, "tmin_d5": 3.1, "tmin_d6": 8.5, "day_of_year": 301, "uuid": "c01d041c-24c7-4e2b-9563-3bcdf69fd146", "inat_id": 272300361}}, {"type": "Feature", "geometry": {"type": "Point", "coordinates": [-122.3025185521, 44.737723682]}, "properties": {"species": "Hypomyces lactifluorum", "date": "2024-11-02", "location": "Gates, OR, US", "elevation": 817.0, "land_cover_label": "Tree cover", "water_mask": false, "exclude_reason": "keep", "ndvi": null, "soil_moisture": null, "solar_exposure": null, "wind_exposure": null, "water_retention": null, "slope": null, "aspect": null, "num_identification_agreements": 1, "cluster": 1, "tavg": null, "tmin": null, "tmax": null, "prcp_d0": 0.0, "prcp_d1": 115.7486343383789, "prcp_d2": 0.0, "prcp_d3": 0.0, "prcp_d4": 0.0, "prcp_d5": 0.0, "prcp_d6": 0.0, "tmax_d0": 5.8, "tmax_d1": 6.2, "tmax_d2": 3.8, "tmax_d3": 9.6, "tmax_d4": 7.5, "tmax_d5": 6.6, "tmax_d6": 15.3, "tmin_d0": 3.8, "tmin_d1": 2.4, "tmin_d2": 1.9, "tmin_d3": 0.8, "tmin_d4": 3.6, "tmin_d5": 4.6, "tmin_d6": 6.9, "day_of_year": 307, "uuid": "67f542d6-baa6-4d2d-b030-13dcd38427a4", "inat_id": 250860577}}, {"type": "Feature", "geometry": {"type": "Point", "coordinates": [-121.6401133333, 45.6892383333]}, "properties": {"species": "Hypomyces lactifluorum", "date": "2024-11-04", "location": "Wygant State Park, Hood River, OR, US", "elevation": 428.0, "land_cover_label": "Tree cover", "water_mask": false, "exclude_reason": "keep", "ndvi": null, "soil_moisture": null, "solar_exposure": null, "wind_exposure": null, "water_retention": null, "slope": null, "aspect": null, "num_identification_agreements": 1, "cluster": 0, "tavg": null, "tmin": 7.5, "tmax": 10.8, "prcp_d0": 20.99992752075196, "prcp_d1": 0.0, "prcp_d2": 0.0, "prcp_d3": 0.0, "prcp_d4": 0.0, "prcp_d5": 0.0, "prcp_d6": 0.0, "tmax_d0": 9.1, "tmax_d1": 10.2, "tmax_d2": 8.3, "tmax_d3": 6.7, "tmax_d4": 4.6, "tmax_d5": 8.6, "tmax_d6": 9.4, "tmin_d0": 5.6, "tmin_d1": 5.3, "tmin_d2": 4.0, "tmin_d3": 3.1, "tmin_d4": 2.7, "tmin_d5": 1.6, "tmin_d6": 6.0, "day_of_year": 309, "uuid": "cf81c9fc-92be-491e-a0b9-eb5bd5ea95f3", "inat_id": 250810918}}, {"type": "Feature", "geometry": {"type": "Point", "coordinates": [-122.0987198969, 45.2994877892]}, "properties": {"species": "Hypomyces lactifluorum", "date": "2024-11-07", "location": "Clackamas County, US-OR, US", "elevation": 534.0, "land_cover_label": "Tree cover", "water_mask": false, "exclude_reason": "keep", "ndvi": null, "soil_moisture": null, "solar_exposure": null, "wind_exposure": null, "water_retention": null, "slope": null, "aspect": null, "num_identification_agreements": 1, "cluster": 1, "tavg": null, "tmin": 10.0, "tmax": 15.6, "prcp_d0": 0.0, "prcp_d1": 0.0, "prcp_d2": 55.62763977050781, "prcp_d3": 0.0, "prcp_d4": 0.0, "prcp_d5": 0.0, "prcp_d6": 0.0, "tmax_d0": 17.1, "tmax_d1": 13.6, "tmax_d2": 7.2, "tmax_d3": 8.1, "tmax_d4": 7.3, "tmax_d5": 7.8, "tmax_d6": 9.1, "tmin_d0": 5.6, "tmin_d1": 0.5, "tmin_d2": 3.7, "tmin_d3": 3.7, "tmin_d4": 4.6, "tmin_d5": 4.6, "tmin_d6": 4.5, "day_of_year": 312, "uuid": "64dc7e67-5007-46c3-90ed-35a50d6ed35b", "inat_id": 250870263}}, {"type": "Feature", "geometry": {"type": "Point", "coordinates": [-122.047375, 45.2750722222]}, "properties": {"species": "Hypomyces lactifluorum", "date": "2024-11-09", "location": "Sandy, OR 97055, USA", "elevation": 754.0, "land_cover_label": "Tree cover", "water_mask": false, "exclude_reason": "keep", "ndvi": null, "soil_moisture": null, "solar_exposure": null, "wind_exposure": null, "water_retention": null, "slope": null, "aspect": null, "num_identification_agreements": 2, "cluster": 0, "tavg": null, "tmin": 8.3, "tmax": 13.3, "prcp_d0": 0.0, "prcp_d1": 0.0, "prcp_d2": 0.0, "prcp_d3": 0.0, "prcp_d4": 0.0, "prcp_d5": 0.0, "prcp_d6": 0.0, "tmax_d0": 11.6, "tmax_d1": 15.4, "tmax_d2": 15.7, "tmax_d3": 12.0, "tmax_d4": 6.0, "tmax_d5": 7.0, "tmax_d6": 6.0, "tmin_d0": 4.6, "tmin_d1": 3.3, "tmin_d2": 5.1, "tmin_d3": 0.2, "tmin_d4": 3.3, "tmin_d5": 2.3, "tmin_d6": 3.5, "day_of_year": 314, "uuid": "67f8d987-c06b-4426-aa08-d6e60d979046", "inat_id": 251346565}}, {"type": "Feature", "geometry": {"type": "Point", "coordinates": [-121.8817216667, 45.30977]}, "properties": {"species": "Hypomyces lactifluorum", "date": "2024-11-10", "location": "Mt. Hood Park Division Recreation Area, Rhododendron, OR, US", "elevation": 624.0, "land_cover_label": "Tree cover", "water_mask": false, "exclude_reason": "keep", "ndvi": null, "soil_moisture": null, "solar_exposure": null, "wind_exposure": null, "water_retention": null, "slope": null, "aspect": null, "num_identification_agreements": 1, "cluster": 2, "tavg": null, "tmin": 6.9, "tmax": 10.3, "prcp_d0": 9.634977340698242, "prcp_d1": 0.0, "prcp_d2": 0.0, "prcp_d3": 0.0, "prcp_d4": 0.0, "prcp_d5": 77.13678741455078, "prcp_d6": 0.0, "tmax_d0": 12.4, "tmax_d1": 13.1, "tmax_d2": 17.7, "tmax_d3": 16.2, "tmax_d4": 11.6, "tmax_d5": 6.7, "tmax_d6": 7.8, "tmin_d0": 6.7, "tmin_d1": 7.0, "tmin_d2": 4.6, "tmin_d3": 5.4, "tmin_d4": 0.7, "tmin_d5": 4.3, "tmin_d6": 2.2, "day_of_year": 315, "uuid": "ee80f427-ad73-483b-967b-9eaf966a7ae2", "inat_id": 251254847}}, {"type": "Feature", "geometry": {"type": "Point", "coordinates": [-121.88198, 45.3103216667]}, "properties": {"species": "Hypomyces lactifluorum", "date": "2024-11-10", "location": "Mt. Hood Park Division Recreation Area, Rhododendron, OR, US", "elevation": 624.0, "land_cover_label": "Tree cover", "water_mask": false, "exclude_reason": "keep", "ndvi": null, "soil_moisture": null, "solar_exposure": null, "wind_exposure": null, "water_retention": null, "slope": null, "aspect": null, "num_identification_agreements": 1, "cluster": 2, "tavg": null, "tmin": 6.9, "tmax": 10.3, "prcp_d0": 9.634977340698242, "prcp_d1": 0.0, "prcp_d2": 0.0, "prcp_d3": 0.0, "prcp_d4": 0.0, "prcp_d5": 77.13678741455078, "prcp_d6": 0.0, "tmax_d0": 12.3, "tmax_d1": 13.1, "tmax_d2": 17.6, "tmax_d3": 16.2, "tmax_d4": 11.6, "tmax_d5": 6.7, "tmax_d6": 7.8, "tmin_d0": 6.6, "tmin_d1": 6.9, "tmin_d2": 4.5, "tmin_d3": 5.3, "tmin_d4": 0.6, "tmin_d5": 4.2, "tmin_d6": 2.2, "day_of_year": 315, "uuid": "68ccb0cf-b535-4a60-b507-06b20b6c73d8", "inat_id": 251254701}}, {"type": "Feature", "geometry": {"type": "Point", "coordinates": [-121.9456716667, 45.311695]}, "properties": {"species": "Hypomyces lactifluorum", "date": "2024-11-10", "location": "Zigzag Ranger Station, Welches, OR, US", "elevation": 473.0, "land_cover_label": "Tree cover", "water_mask": false, "exclude_reason": "keep", "ndvi": null, "soil_moisture": null, "solar_exposure": null, "wind_exposure": null, "water_retention": null, "slope": null, "aspect": null, "num_identification_agreements": 1, "cluster": 0, "tavg": null, "tmin": 10.0, "tmax": 13.9, "prcp_d0": 15.8184814453125, "prcp_d1": 0.0, "prcp_d2": 0.0, "prcp_d3": 0.0, "prcp_d4": 0.0, "prcp_d5": 0.0, "prcp_d6": 0.0, "tmax_d0": 13.4, "tmax_d1": 14.1, "tmax_d2": 18.7, "tmax_d3": 17.2, "tmax_d4": 12.6, "tmax_d5": 7.7, "tmax_d6": 8.8, "tmin_d0": 7.7, "tmin_d1": 8.0, "tmin_d2": 5.6, "tmin_d3": 6.4, "tmin_d4": 1.7, "tmin_d5": 5.3, "tmin_d6": 3.2, "day_of_year": 315, "uuid": "2fa1a5b0-de90-4dad-b571-223fb66481e4", "inat_id": 251264020}}, {"type": "Feature", "geometry": {"type": "Point", "coordinates": [-121.8807616667, 45.3096916667]}, "properties": {"species": "Hypomyces lactifluorum", "date": "2024-11-10", "location": "Mt. Hood Park Division Recreation Area, Rhododendron, OR, US", "elevation": 636.0, "land_cover_label": "Tree cover", "water_mask": false, "exclude_reason": "keep", "ndvi": null, "soil_moisture": null, "solar_exposure": null, "wind_exposure": null, "water_retention": null, "slope": null, "aspect": null, "num_identification_agreements": 1, "cluster": 2, "tavg": null, "tmin": 6.9, "tmax": 10.3, "prcp_d0": 9.634977340698242, "prcp_d1": 0.0, "prcp_d2": 0.0, "prcp_d3": 0.0, "prcp_d4": 0.0, "prcp_d5": 77.13678741455078, "prcp_d6": 0.0, "tmax_d0": 12.4, "tmax_d1": 13.1, "tmax_d2": 17.7, "tmax_d3": 16.2, "tmax_d4": 11.6, "tmax_d5": 6.7, "tmax_d6": 7.8, "tmin_d0": 6.7, "tmin_d1": 7.0, "tmin_d2": 4.6, "tmin_d3": 5.4, "tmin_d4": 0.7, "tmin_d5": 4.3, "tmin_d6": 2.2, "day_of_year": 315, "uuid": "2ff191b8-8abb-435b-b13f-40245a9e4952", "inat_id": 251254974}}, {"type": "Feature", "geometry": {"type": "Point", "coordinates": [-121.8808366667, 45.3097716667]}, "properties": {"species": "Hypomyces lactifluorum", "date": "2024-11-10", "location": "Mt. Hood Park Division Recreation Area, Rhododendron, OR, US", "elevation": 636.0, "land_cover_label": "Tree cover", "water_mask": false, "exclude_reason": "keep", "ndvi": null, "soil_moisture": null, "solar_exposure": null, "wind_exposure": null, "water_retention": null, "slope": null, "aspect": null, "num_identification_agreements": 1, "cluster": 2, "tavg": null, "tmin": 6.9, "tmax": 10.3, "prcp_d0": 9.634977340698242, "prcp_d1": 0.0, "prcp_d2": 0.0, "prcp_d3": 0.0, "prcp_d4": 0.0, "prcp_d5": 77.13678741455078, "prcp_d6": 0.0, "tmax_d0": 12.4, "tmax_d1": 13.1, "tmax_d2": 17.7, "tmax_d3": 16.2, "tmax_d4": 11.6, "tmax_d5": 6.7, "tmax_d6": 7.8, "tmin_d0": 6.7, "tmin_d1": 7.0, "tmin_d2": 4.6, "tmin_d3": 5.4, "tmin_d4": 0.7, "tmin_d5": 4.3, "tmin_d6": 2.2, "day_of_year": 315, "uuid": "f91bc109-9d99-4ba4-8a4a-4e62d69a7bf8", "inat_id": 251254959}}, {"type": "Feature", "geometry": {"type": "Point", "coordinates": [-122.1294166667, 45.3971533333]}, "properties": {"species": "Hypomyces lactifluorum", "date": "2024-11-11", "location": "Sandy, OR, US", "elevation": 294.0, "land_cover_label": "Tree cover", "water_mask": false, "exclude_reason": "keep", "ndvi": null, "soil_moisture": null, "solar_exposure": null, "wind_exposure": null, "water_retention": null, "slope": null, "aspect": null, "num_identification_agreements": 2, "cluster": 0, "tavg": null, "tmin": 10.6, "tmax": 12.8, "prcp_d0": 0.0, "prcp_d1": 0.0, "prcp_d2": 0.0, "prcp_d3": 0.0, "prcp_d4": 0.0, "prcp_d5": 0.0, "prcp_d6": 0.0, "tmax_d0": 12.7, "tmax_d1": 13.6, "tmax_d2": 13.0, "tmax_d3": 15.6, "tmax_d4": 16.7, "tmax_d5": 14.3, "tmax_d6": 9.0, "tmin_d0": 7.7, "tmin_d1": 6.9, "tmin_d2": 7.3, "tmin_d3": 6.3, "tmin_d4": 5.8, "tmin_d5": 2.2, "tmin_d6": 4.6, "day_of_year": 316, "uuid": "63012e70-f499-4a02-82bf-2c8d7ee4fd12", "inat_id": 251384737}}, {"type": "Feature", "geometry": {"type": "Point", "coordinates": [-122.3454546036, 45.1356850235]}, "properties": {"species": "Hypomyces lactifluorum", "date": "2024-11-16", "location": "Colton, Colton, OR, US", "elevation": 972.0, "land_cover_label": "Tree cover", "water_mask": false, "exclude_reason": "keep", "ndvi": null, "soil_moisture": null, "solar_exposure": null, "wind_exposure": null, "water_retention": null, "slope": null, "aspect": null, "num_identification_agreements": 2, "cluster": 1, "tavg": null, "tmin": 1.1, "tmax": 8.9, "prcp_d0": 0.0, "prcp_d1": 0.0, "prcp_d2": 28.4597396850586, "prcp_d3": 71.14934539794922, "prcp_d4": 0.0, "prcp_d5": 0.0, "prcp_d6": 0.0, "tmax_d0": 3.2, "tmax_d1": 3.3, "tmax_d2": 5.6, "tmax_d3": 7.0, "tmax_d4": 6.1, "tmax_d5": 9.9, "tmax_d6": 10.4, "tmin_d0": -2.9, "tmin_d1": -1.3, "tmin_d2": 2.2, "tmin_d3": 3.1, "tmin_d4": 2.2, "tmin_d5": 3.3, "tmin_d6": 4.2, "day_of_year": 321, "uuid": "710d25a7-3a2f-4876-8f0e-0d598e2b930b", "inat_id": 251932776}}, {"type": "Feature", "geometry": {"type": "Point", "coordinates": [-122.3454389032, 45.1359202976]}, "properties": {"species": "Hypomyces lactifluorum", "date": "2024-11-16", "location": "Colton, Colton, OR, US", "elevation": 972.0, "land_cover_label": "Tree cover", "water_mask": false, "exclude_reason": "keep", "ndvi": null, "soil_moisture": null, "solar_exposure": null, "wind_exposure": null, "water_retention": null, "slope": null, "aspect": null, "num_identification_agreements": 3, "cluster": 1, "tavg": null, "tmin": 1.1, "tmax": 8.9, "prcp_d0": 0.0, "prcp_d1": 0.0, "prcp_d2": 28.4597396850586, "prcp_d3": 71.14934539794922, "prcp_d4": 0.0, "prcp_d5": 0.0, "prcp_d6": 0.0, "tmax_d0": 3.2, "tmax_d1": 3.3, "tmax_d2": 5.6, "tmax_d3": 7.0, "tmax_d4": 6.1, "tmax_d5": 9.9, "tmax_d6": 10.4, "tmin_d0": -2.9, "tmin_d1": -1.3, "tmin_d2": 2.2, "tmin_d3": 3.1, "tmin_d4": 2.2, "tmin_d5": 3.3, "tmin_d6": 4.2, "day_of_year": 321, "uuid": "c0e90456-cbe5-4260-9ca1-456ea36a0028", "inat_id": 251941396}}, {"type": "Feature", "geometry": {"type": "Point", "coordinates": [-122.157231294, 44.7063215863]}, "properties": {"species": "Hypomyces lactifluorum", "date": "2024-11-26", "location": "Detroit Lake, Detroit, OR, US", "elevation": 583.0, "land_cover_label": "Tree cover", "water_mask": false, "exclude_reason": "keep", "ndvi": null, "soil_moisture": null, "solar_exposure": null, "wind_exposure": null, "water_retention": null, "slope": null, "aspect": null, "num_identification_agreements": 1, "cluster": 2, "tavg": null, "tmin": null, "tmax": null, "prcp_d0": 0.0, "prcp_d1": 22.732627868652344, "prcp_d2": 0.0, "prcp_d3": 0.0, "prcp_d4": 68.19788360595703, "prcp_d5": 22.732627868652344, "prcp_d6": 112.6314926147461, "tmax_d0": 5.6, "tmax_d1": 7.1, "tmax_d2": 9.2, "tmax_d3": 6.6, "tmax_d4": 9.0, "tmax_d5": 9.5, "tmax_d6": 7.1, "tmin_d0": -0.8, "tmin_d1": 1.7, "tmin_d2": 0.3, "tmin_d3": 2.7, "tmin_d4": 1.4, "tmin_d5": 2.6, "tmin_d6": 2.6, "day_of_year": 331, "uuid": "09e2d882-ef2b-4409-ad3f-9ae64835f947", "inat_id": 253195292}}, {"type": "Feature", "geometry": {"type": "Point", "coordinates": [-121.9416027778, 45.3406694444]}, "properties": {"species": "Hypomyces lactifluorum", "date": "2024-11-29", "location": "Welches, OR 97067, USA", "elevation": 541.0, "land_cover_label": "Tree cover", "water_mask": false, "exclude_reason": "keep", "ndvi": null, "soil_moisture": null, "solar_exposure": null, "wind_exposure": null, "water_retention": null, "slope": null, "aspect": null, "num_identification_agreements": 1, "cluster": 0, "tavg": null, "tmin": 4.4, "tmax": 6.1, "prcp_d0": 0.0, "prcp_d1": 0.0, "prcp_d2": 0.0, "prcp_d3": 0.0, "prcp_d4": 31.52062225341797, "prcp_d5": 0.0, "prcp_d6": 0.0, "tmax_d0": 6.2, "tmax_d1": 10.1, "tmax_d2": 5.2, "tmax_d3": 4.7, "tmax_d4": 7.0, "tmax_d5": 7.2, "tmax_d6": 6.7, "tmin_d0": -4.5, "tmin_d1": -6.1, "tmin_d2": 1.7, "tmin_d3": -4.4, "tmin_d4": 2.2, "tmin_d5": -0.9, "tmin_d6": 2.2, "day_of_year": 334, "uuid": "d8aab387-cc6f-4c90-8d7a-36722580f67f", "inat_id": 257078339}}, {"type": "Feature", "geometry": {"type": "Point", "coordinates": [-122.227818305, 45.3068797525]}, "properties": {"species": "Hypomyces lactifluorum", "date": "2024-12-05", "location": "Clackamas County, OR, USA", "elevation": 413.0, "land_cover_label": "Tree cover", "water_mask": false, "exclude_reason": "keep", "ndvi": null, "soil_moisture": null, "solar_exposure": null, "wind_exposure": null, "water_retention": null, "slope": null, "aspect": null, "num_identification_agreements": 2, "cluster": 0, "tavg": null, "tmin": 3.9, "tmax": 6.1, "prcp_d0": 0.0, "prcp_d1": 0.0, "prcp_d2": 0.0, "prcp_d3": 0.0, "prcp_d4": 0.0, "prcp_d5": 0.0, "prcp_d6": 0.0, "tmax_d0": 11.6, "tmax_d1": 12.5, "tmax_d2": 12.6, "tmax_d3": 11.9, "tmax_d4": 13.3, "tmax_d5": 7.0, "tmax_d6": 4.8, "tmin_d0": 1.1, "tmin_d1": 1.6, "tmin_d2": 1.2, "tmin_d3": -1.2, "tmin_d4": -2.9, "tmin_d5": -4.3, "tmin_d6": -4.7, "day_of_year": 340, "uuid": "c844e36f-2871-401c-afda-e6e02e103cf1", "inat_id": 254270979}}, {"type": "Feature", "geometry": {"type": "Point", "coordinates": [-122.1068333333, 45.38232]}, "properties": {"species": "Hypomyces lactifluorum", "date": "2024-12-10", "location": "SE Summertime Dr, Sandy, OR, US", "elevation": 265.0, "land_cover_label": "Tree cover", "water_mask": false, "exclude_reason": "keep", "ndvi": null, "soil_moisture": null, "solar_exposure": null, "wind_exposure": null, "water_retention": null, "slope": null, "aspect": null, "num_identification_agreements": 1, "cluster": 0, "tavg": null, "tmin": 1.1, "tmax": 7.8, "prcp_d0": 0.0, "prcp_d1": 0.0, "prcp_d2": 0.0, "prcp_d3": 30.04386138916016, "prcp_d4": 0.0, "prcp_d5": 0.0, "prcp_d6": 0.0, "tmax_d0": 14.7, "tmax_d1": 10.0, "tmax_d2": 8.5, "tmax_d3": 12.1, "tmax_d4": 17.5, "tmax_d5": 15.4, "tmax_d6": 15.3, "tmin_d0": 0.7, "tmin_d1": 2.4, "tmin_d2": 4.2, "tmin_d3": 5.3, "tmin_d4": 5.2, "tmin_d5": 3.6, "tmin_d6": 4.9, "day_of_year": 345, "uuid": "4e2c3f68-38b9-4b18-910a-cf75cb103186", "inat_id": 254777651}}, {"type": "Feature", "geometry": {"type": "Point", "coordinates": [-103.56512581, 43.81129969]}, "properties": {"species": "Hypomyces lactifluorum", "date": "2025-07-09", "location": "Custer County, US-SD, US", "elevation": 1684.0, "land_cover_label": "Tree cover", "water_mask": false, "exclude_reason": "keep", "ndvi": null, "soil_moisture": null, "solar_exposure": null, "wind_exposure": null, "water_retention": null, "slope": null, "aspect": null, "num_identification_agreements": 3, "cluster": 0, "tavg": null, "tmin": 15.0, "tmax": 32.2, "prcp_d0": 0.0, "prcp_d1": 0.0, "prcp_d2": 7.647768020629883, "prcp_d3": 7.647768020629883, "prcp_d4": 0.4782031178474426, "prcp_d5": 7.646511077880859, "prcp_d6": 0.0030655201990157, "tmax_d0": null, "tmax_d1": null, "tmax_d2": null, "tmax_d3": null, "tmax_d4": null, "tmax_d5": null, "tmax_d6": null, "tmin_d0": null, "tmin_d1": null, "tmin_d2": null, "tmin_d3": null, "tmin_d4": null, "tmin_d5": null, "tmin_d6": null, "day_of_year": 190, "uuid": "6d9a98fe-7fa2-4ec2-a1b2-c26eab7e4f38", "inat_id": 296559775}}, {"type": "Feature", "geometry": {"type": "Point", "coordinates": [-103.5540916667, 43.8533783333]}, "properties": {"species": "Hypomyces lactifluorum", "date": "2025-07-17", "location": "Norbeck 3, Custer, SD, US", "elevation": 1964.0, "land_cover_label": "Grassland", "water_mask": false, "exclude_reason": "keep", "ndvi": null, "soil_moisture": null, "solar_exposure": null, "wind_exposure": null, "water_retention": null, "slope": null, "aspect": null, "num_identification_agreements": 3, "cluster": 0, "tavg": null, "tmin": 8.3, "tmax": 17.2, "prcp_d0": 0.0, "prcp_d1": 12.801600456237791, "prcp_d2": 10.939273834228516, "prcp_d3": 0.0, "prcp_d4": 0.0, "prcp_d5": 0.0, "prcp_d6": 10.939273834228516, "tmax_d0": null, "tmax_d1": null, "tmax_d2": null, "tmax_d3": null, "tmax_d4": null, "tmax_d5": null, "tmax_d6": null, "tmin_d0": null, "tmin_d1": null, "tmin_d2": null, "tmin_d3": null, "tmin_d4": null, "tmin_d5": null, "tmin_d6": null, "day_of_year": 198, "uuid": "93bbf908-98b5-4833-89e4-be45cf775a97", "inat_id": 298908288}}, {"type": "Feature", "geometry": {"type": "Point", "coordinates": [-103.4592413997, 43.7566332]}, "properties": {"species": "Hypomyces lactifluorum", "date": "2025-07-17", "location": "Crazy Horse, SD 57730, USA", "elevation": 1536.0, "land_cover_label": "Tree cover", "water_mask": false, "exclude_reason": "keep", "ndvi": null, "soil_moisture": null, "solar_exposure": null, "wind_exposure": null, "water_retention": null, "slope": null, "aspect": null, "num_identification_agreements": 2, "cluster": 1, "tavg": null, "tmin": 8.3, "tmax": 17.2, "prcp_d0": 0.0, "prcp_d1": 15.920893669128418, "prcp_d2": 12.116128921508787, "prcp_d3": 0.0, "prcp_d4": 0.0, "prcp_d5": 0.0, "prcp_d6": 6.0580644607543945, "tmax_d0": 21.2, "tmax_d1": 16.9, "tmax_d2": 26.6, "tmax_d3": 32.1, "tmax_d4": 29.8, "tmax_d5": 26.3, "tmax_d6": 28.3, "tmin_d0": 9.1, "tmin_d1": 10.4, "tmin_d2": 16.9, "tmin_d3": 16.6, "tmin_d4": 12.1, "tmin_d5": 6.5, "tmin_d6": 15.7, "day_of_year": 198, "uuid": "4277471e-62d4-42b3-9964-3adb27dbbe74", "inat_id": 301290775}}, {"type": "Feature", "geometry": {"type": "Point", "coordinates": [-103.6792216667, 44.3066583333]}, "properties": {"species": "Hypomyces lactifluorum", "date": "2025-07-18", "location": "US-385, Deadwood, SD, US", "elevation": 1611.0, "land_cover_label": "Tree cover", "water_mask": false, "exclude_reason": "keep", "ndvi": null, "soil_moisture": null, "solar_exposure": null, "wind_exposure": null, "water_retention": null, "slope": null, "aspect": null, "num_identification_agreements": 2, "cluster": 0, "tavg": null, "tmin": 14.0, "tmax": 26.0, "prcp_d0": 0.0, "prcp_d1": 0.0, "prcp_d2": 13.20246410369873, "prcp_d3": 3.5020053386688232, "prcp_d4": 0.0, "prcp_d5": 0.0, "prcp_d6": 0.0, "tmax_d0": 24.1, "tmax_d1": 24.7, "tmax_d2": 14.9, "tmax_d3": 26.4, "tmax_d4": 30.5, "tmax_d5": 26.6, "tmax_d6": 23.9, "tmin_d0": 13.4, "tmin_d1": 8.5, "tmin_d2": 9.7, "tmin_d3": 13.9, "tmin_d4": 18.3, "tmin_d5": 14.8, "tmin_d6": 8.6, "day_of_year": 199, "uuid": "7ae158a6-9c33-4832-8fe7-efe6d22c4eea", "inat_id": 303325380}}, {"type": "Feature", "geometry": {"type": "Point", "coordinates": [-104.6615538687, 39.145682584]}, "properties": {"species": "Hypomyces lactifluorum", "date": "2025-07-19", "location": "Colorado, US", "elevation": 2222.0, "land_cover_label": "Grassland", "water_mask": false, "exclude_reason": "keep", "ndvi": null, "soil_moisture": 0.2705809307557003, "solar_exposure": 0.8402840495109558, "wind_exposure": 0.3197207450866699, "water_retention": 0.5658708214759827, "slope": 0.0, "aspect": 0.0, "num_identification_agreements": 3, "cluster": 3, "tavg": null, "tmin": 13.0, "tmax": 27.0, "prcp_d0": 0.0, "prcp_d1": 5.743615627288818, "prcp_d2": 0.0, "prcp_d3": 5.743615627288818, "prcp_d4": 3.989240884780884, "prcp_d5": 0.0, "prcp_d6": 0.0, "tmax_d0": null, "tmax_d1": null, "tmax_d2": null, "tmax_d3": null, "tmax_d4": null, "tmax_d5": null, "tmax_d6": null, "tmin_d0": null, "tmin_d1": null, "tmin_d2": null, "tmin_d3": null, "tmin_d4": null, "tmin_d5": null, "tmin_d6": null, "day_of_year": 200, "uuid": "b4e2ad2c-dd44-404b-8690-80357ac7e550", "inat_id": 299410026}}, {"type": "Feature", "geometry": {"type": "Point", "coordinates": [-103.3909935749, 44.0204523318]}, "properties": {"species": "Hypomyces lactifluorum", "date": "2025-07-20", "location": "Pennington County, US-SD, US", "elevation": 1287.0, "land_cover_label": "Tree cover", "water_mask": false, "exclude_reason": "keep", "ndvi": null, "soil_moisture": null, "solar_exposure": null, "wind_exposure": null, "water_retention": null, "slope": null, "aspect": null, "num_identification_agreements": 3, "cluster": 0, "tavg": null, "tmin": 19.0, "tmax": 27.0, "prcp_d0": 0.0, "prcp_d1": 0.0, "prcp_d2": 0.0, "prcp_d3": 0.0, "prcp_d4": 12.392552375793455, "prcp_d5": 10.103590965270996, "prcp_d6": 0.0, "tmax_d0": 25.7, "tmax_d1": 23.8, "tmax_d2": 25.0, "tmax_d3": 22.7, "tmax_d4": 17.0, "tmax_d5": 27.2, "tmax_d6": 32.2, "tmin_d0": 16.7, "tmin_d1": 15.9, "tmin_d2": 12.8, "tmin_d3": 9.9, "tmin_d4": 10.7, "tmin_d5": 16.4, "tmin_d6": 18.1, "day_of_year": 201, "uuid": "a319e54f-e501-4258-aac3-cb8a1b0eac91", "inat_id": 303071376}}, {"type": "Feature", "geometry": {"type": "Point", "coordinates": [-104.5827430316, 39.3842466403]}, "properties": {"species": "Hypomyces lactifluorum", "date": "2025-07-20", "location": "Thistlewood Ct, Elizabeth, CO, US", "elevation": 2008.0, "land_cover_label": "Tree cover", "water_mask": false, "exclude_reason": "keep", "ndvi": null, "soil_moisture": 0.207807283783052, "solar_exposure": 0.8473218083381653, "wind_exposure": 0.3499777019023895, "water_retention": 0.3041705787181854, "slope": 4.159698486328125, "aspect": 257.0619201660156, "num_identification_agreements": 1, "cluster": 0, "tavg": null, "tmin": 15.0, "tmax": 28.0, "prcp_d0": 0.0, "prcp_d1": 0.0, "prcp_d2": 3.925334453582764, "prcp_d3": 0.0, "prcp_d4": 3.925334453582764, "prcp_d5": 0.0, "prcp_d6": 8.166787147521973, "tmax_d0": null, "tmax_d1": null, "tmax_d2": null, "tmax_d3": null, "tmax_d4": null, "tmax_d5": null, "tmax_d6": null, "tmin_d0": null, "tmin_d1": null, "tmin_d2": null, "tmin_d3": null, "tmin_d4": null, "tmin_d5": null, "tmin_d6": null, "day_of_year": 201, "uuid": "e1ad6a13-38d8-494a-864b-73de012fa578", "inat_id": 299689268}}, {"type": "Feature", "geometry": {"type": "Point", "coordinates": [-103.4142150879, 43.7867660522]}, "properties": {"species": "Hypomyces lactifluorum", "date": "2025-07-21", "location": "Custer County, US-SD, US", "elevation": 1384.0, "land_cover_label": "Tree cover", "water_mask": false, "exclude_reason": "keep", "ndvi": null, "soil_moisture": null, "solar_exposure": null, "wind_exposure": null, "water_retention": null, "slope": null, "aspect": null, "num_identification_agreements": 4, "cluster": 0, "tavg": null, "tmin": 15.0, "tmax": 29.4, "prcp_d0": 0.0, "prcp_d1": 0.0, "prcp_d2": 0.0, "prcp_d3": 0.0, "prcp_d4": 0.0, "prcp_d5": 15.712687492370604, "prcp_d6": 12.404840469360352, "tmax_d0": null, "tmax_d1": null, "tmax_d2": null, "tmax_d3": null, "tmax_d4": null, "tmax_d5": null, "tmax_d6": null, "tmin_d0": null, "tmin_d1": null, "tmin_d2": null, "tmin_d3": null, "tmin_d4": null, "tmin_d5": null, "tmin_d6": null, "day_of_year": 202, "uuid": "7c7b4328-94e8-4500-a897-e189c6e8f143", "inat_id": 300136223}}, {"type": "Feature", "geometry": {"type": "Point", "coordinates": [-103.8308411169, 44.3670374351]}, "properties": {"species": "Hypomyces lactifluorum", "date": "2025-07-22", "location": "Lawrence County, SD, USA", "elevation": 1699.0, "land_cover_label": "Tree cover", "water_mask": false, "exclude_reason": "keep", "ndvi": null, "soil_moisture": null, "solar_exposure": null, "wind_exposure": null, "water_retention": null, "slope": null, "aspect": null, "num_identification_agreements": 1, "cluster": 0, "tavg": null, "tmin": 18.0, "tmax": 23.0, "prcp_d0": 6.420999050140381, "prcp_d1": 0.0, "prcp_d2": 0.0, "prcp_d3": 0.0, "prcp_d4": 0.0, "prcp_d5": 0.0, "prcp_d6": 12.738441467285156, "tmax_d0": 26.8, "tmax_d1": 28.3, "tmax_d2": 24.5, "tmax_d3": 23.9, "tmax_d4": 23.8, "tmax_d5": 24.6, "tmax_d6": 14.3, "tmin_d0": 18.7, "tmin_d1": 13.9, "tmin_d2": 16.9, "tmin_d3": 14.4, "tmin_d4": 13.6, "tmin_d5": 8.2, "tmin_d6": 9.3, "day_of_year": 203, "uuid": "71b23266-f0ea-4564-a809-2e118de61e41", "inat_id": 302684884}}, {"type": "Feature", "geometry": {"type": "Point", "coordinates": [-103.36686027, 43.95806069]}, "properties": {"species": "Hypomyces lactifluorum", "date": "2025-07-23", "location": "Mount Rushmore, SD, USA", "elevation": 1375.0, "land_cover_label": "Tree cover", "water_mask": false, "exclude_reason": "keep", "ndvi": null, "soil_moisture": null, "solar_exposure": null, "wind_exposure": null, "water_retention": null, "slope": null, "aspect": null, "num_identification_agreements": 2, "cluster": 0, "tavg": null, "tmin": 16.7, "tmax": 26.7, "prcp_d0": 10.140018463134766, "prcp_d1": 0.0, "prcp_d2": 0.0, "prcp_d3": 0.0, "prcp_d4": 0.0, "prcp_d5": 0.0, "prcp_d6": 0.0, "tmax_d0": null, "tmax_d1": null, "tmax_d2": null, "tmax_d3": null, "tmax_d4": null, "tmax_d5": null, "tmax_d6": null, "tmin_d0": null, "tmin_d1": null, "tmin_d2": null, "tmin_d3": null, "tmin_d4": null, "tmin_d5": null, "tmin_d6": null, "day_of_year": 204, "uuid": "c0d363da-6ea1-4466-b009-d108f8d028c4", "inat_id": 300497212}}, {"type": "Feature", "geometry": {"type": "Point", "coordinates": [-103.36785763, 43.9581251]}, "properties": {"species": "Hypomyces lactifluorum", "date": "2025-07-23", "location": "Mount Rushmore, SD, USA", "elevation": 1375.0, "land_cover_label": "Tree cover", "water_mask": false, "exclude_reason": "keep", "ndvi": null, "soil_moisture": null, "solar_exposure": null, "wind_exposure": null, "water_retention": null, "slope": null, "aspect": null, "num_identification_agreements": 2, "cluster": 0, "tavg": null, "tmin": 16.7, "tmax": 26.7, "prcp_d0": 10.140018463134766, "prcp_d1": 0.0, "prcp_d2": 0.0, "prcp_d3": 0.0, "prcp_d4": 0.0, "prcp_d5": 0.0, "prcp_d6": 0.0, "tmax_d0": null, "tmax_d1": null, "tmax_d2": null, "tmax_d3": null, "tmax_d4": null, "tmax_d5": null, "tmax_d6": null, "tmin_d0": null, "tmin_d1": null, "tmin_d2": null, "tmin_d3": null, "tmin_d4": null, "tmin_d5": null, "tmin_d6": null, "day_of_year": 204, "uuid": "224f27e1-d4c3-47e1-acde-8ed0635a9411", "inat_id": 300497301}}, {"type": "Feature", "geometry": {"type": "Point", "coordinates": [-103.36933389, 43.95875229]}, "properties": {"species": "Hypomyces lactifluorum", "date": "2025-07-23", "location": "Mount Rushmore, SD, USA", "elevation": 1410.0, "land_cover_label": "Tree cover", "water_mask": false, "exclude_reason": "keep", "ndvi": null, "soil_moisture": null, "solar_exposure": null, "wind_exposure": null, "water_retention": null, "slope": null, "aspect": null, "num_identification_agreements": 3, "cluster": 0, "tavg": null, "tmin": 16.7, "tmax": 26.7, "prcp_d0": 10.140018463134766, "prcp_d1": 0.0, "prcp_d2": 0.0, "prcp_d3": 0.0, "prcp_d4": 0.0, "prcp_d5": 0.0, "prcp_d6": 0.0, "tmax_d0": null, "tmax_d1": null, "tmax_d2": null, "tmax_d3": null, "tmax_d4": null, "tmax_d5": null, "tmax_d6": null, "tmin_d0": null, "tmin_d1": null, "tmin_d2": null, "tmin_d3": null, "tmin_d4": null, "tmin_d5": null, "tmin_d6": null, "day_of_year": 204, "uuid": "5eeaaca5-1584-4dc5-84e3-4ab0d9e66704", "inat_id": 300497488}}, {"type": "Feature", "geometry": {"type": "Point", "coordinates": [-103.485595, 43.6231716667]}, "properties": {"species": "Hypomyces lactifluorum", "date": "2025-07-23", "location": "Wind Cave National Park, Custer, SD, US", "elevation": 1447.0, "land_cover_label": "Tree cover", "water_mask": false, "exclude_reason": "keep", "ndvi": null, "soil_moisture": null, "solar_exposure": null, "wind_exposure": null, "water_retention": null, "slope": null, "aspect": null, "num_identification_agreements": 3, "cluster": 0, "tavg": null, "tmin": 10.6, "tmax": 21.1, "prcp_d0": 9.815271377563477, "prcp_d1": 0.0, "prcp_d2": 0.0, "prcp_d3": 0.0, "prcp_d4": 0.0, "prcp_d5": 0.0, "prcp_d6": 0.0, "tmax_d0": null, "tmax_d1": null, "tmax_d2": null, "tmax_d3": null, "tmax_d4": null, "tmax_d5": null, "tmax_d6": null, "tmin_d0": null, "tmin_d1": null, "tmin_d2": null, "tmin_d3": null, "tmin_d4": null, "tmin_d5": null, "tmin_d6": null, "day_of_year": 204, "uuid": "54ad134d-e581-46db-beb8-4221fe7b4325", "inat_id": 300542270}}, {"type": "Feature", "geometry": {"type": "Point", "coordinates": [-103.484, 43.6256616667]}, "properties": {"species": "Hypomyces lactifluorum", "date": "2025-07-23", "location": "Rankin Ridge Trail, Custer, SD, US", "elevation": 1453.0, "land_cover_label": "Tree cover", "water_mask": false, "exclude_reason": "keep", "ndvi": null, "soil_moisture": null, "solar_exposure": null, "wind_exposure": null, "water_retention": null, "slope": null, "aspect": null, "num_identification_agreements": 2, "cluster": 0, "tavg": null, "tmin": 10.6, "tmax": 21.1, "prcp_d0": 9.815271377563477, "prcp_d1": 0.0, "prcp_d2": 0.0, "prcp_d3": 0.0, "prcp_d4": 0.0, "prcp_d5": 0.0, "prcp_d6": 0.0, "tmax_d0": null, "tmax_d1": null, "tmax_d2": null, "tmax_d3": null, "tmax_d4": null, "tmax_d5": null, "tmax_d6": null, "tmin_d0": null, "tmin_d1": null, "tmin_d2": null, "tmin_d3": null, "tmin_d4": null, "tmin_d5": null, "tmin_d6": null, "day_of_year": 204, "uuid": "7dbcdcaf-6d22-4c9f-80cc-65f47be6d64e", "inat_id": 300586737}}, {"type": "Feature", "geometry": {"type": "Point", "coordinates": [-103.48966933, 43.93238359]}, "properties": {"species": "Hypomyces lactifluorum", "date": "2025-07-24", "location": "Silver City, SD 57702, USA", "elevation": 1596.0, "land_cover_label": "Tree cover", "water_mask": false, "exclude_reason": "keep", "ndvi": null, "soil_moisture": null, "solar_exposure": null, "wind_exposure": null, "water_retention": null, "slope": null, "aspect": null, "num_identification_agreements": 2, "cluster": 0, "tavg": null, "tmin": 9.4, "tmax": 24.4, "prcp_d0": 11.02528476715088, "prcp_d1": 11.02528476715088, "prcp_d2": 0.0, "prcp_d3": 0.0, "prcp_d4": 0.0, "prcp_d5": 0.0, "prcp_d6": 0.0, "tmax_d0": null, "tmax_d1": null, "tmax_d2": null, "tmax_d3": null, "tmax_d4": null, "tmax_d5": null, "tmax_d6": null, "tmin_d0": null, "tmin_d1": null, "tmin_d2": null, "tmin_d3": null, "tmin_d4": null, "tmin_d5": null, "tmin_d6": null, "day_of_year": 205, "uuid": "aa69c2cb-45cb-4e52-bd2f-afbc475ce1fa", "inat_id": 300794520}}, {"type": "Feature", "geometry": {"type": "Point", "coordinates": [-103.3704833333, 43.8905722222]}, "properties": {"species": "Hypomyces lactifluorum", "date": "2025-07-24", "location": "Pennington County, SD, USA", "elevation": 1294.0, "land_cover_label": "Tree cover", "water_mask": false, "exclude_reason": "keep", "ndvi": null, "soil_moisture": null, "solar_exposure": null, "wind_exposure": null, "water_retention": null, "slope": null, "aspect": null, "num_identification_agreements": 2, "cluster": 0, "tavg": null, "tmin": 9.4, "tmax": 24.4, "prcp_d0": 10.723196983337402, "prcp_d1": 10.723196983337402, "prcp_d2": 0.0, "prcp_d3": 0.0, "prcp_d4": 0.0, "prcp_d5": 0.0, "prcp_d6": 0.0, "tmax_d0": 26.1, "tmax_d1": 25.8, "tmax_d2": 31.8, "tmax_d3": 27.3, "tmax_d4": 25.4, "tmax_d5": 23.8, "tmax_d6": 24.8, "tmin_d0": 14.3, "tmin_d1": 18.2, "tmin_d2": 20.4, "tmin_d3": 16.5, "tmin_d4": 16.8, "tmin_d5": 16.0, "tmin_d6": 12.5, "day_of_year": 205, "uuid": "5963ee75-89c7-493b-bc30-4542af3bcbbe", "inat_id": 301304991}}, {"type": "Feature", "geometry": {"type": "Point", "coordinates": [-103.401800651, 43.7570423785]}, "properties": {"species": "Hypomyces lactifluorum", "date": "2025-07-24", "location": "Custer County, US-SD, US", "elevation": 1381.0, "land_cover_label": "Tree cover", "water_mask": false, "exclude_reason": "keep", "ndvi": null, "soil_moisture": null, "solar_exposure": null, "wind_exposure": null, "water_retention": null, "slope": null, "aspect": null, "num_identification_agreements": 2, "cluster": 0, "tavg": null, "tmin": 9.4, "tmax": 24.4, "prcp_d0": 10.195342063903809, "prcp_d1": 10.195342063903809, "prcp_d2": 0.0, "prcp_d3": 0.0, "prcp_d4": 0.0, "prcp_d5": 0.0, "prcp_d6": 0.0, "tmax_d0": 25.9, "tmax_d1": 26.7, "tmax_d2": 32.7, "tmax_d3": 27.3, "tmax_d4": 27.6, "tmax_d5": 23.8, "tmax_d6": 25.0, "tmin_d0": 14.4, "tmin_d1": 17.9, "tmin_d2": 21.5, "tmin_d3": 17.9, "tmin_d4": 17.2, "tmin_d5": 15.5, "tmin_d6": 13.3, "day_of_year": 205, "uuid": "eb758d08-2de2-45ad-9cb1-c7990abe7d41", "inat_id": 301416347}}, {"type": "Feature", "geometry": {"type": "Point", "coordinates": [-104.7047253036, 39.0259550444]}, "properties": {"species": "Hypomyces lactifluorum", "date": "2025-07-24", "location": "Highline Dr, Colorado Springs, CO, US", "elevation": 2264.0, "land_cover_label": "Tree cover", "water_mask": false, "exclude_reason": "keep", "ndvi": null, "soil_moisture": 0.2737590020743639, "solar_exposure": 0.8685703277587891, "wind_exposure": 0.3287311494350433, "water_retention": 0.2542016804218292, "slope": 2.9119250774383545, "aspect": 196.1824951171875, "num_identification_agreements": 1, "cluster": 0, "tavg": null, "tmin": 12.4, "tmax": 25.3, "prcp_d0": 8.886725425720215, "prcp_d1": 13.330086708068848, "prcp_d2": 4.443362712860107, "prcp_d3": 0.0, "prcp_d4": 4.376208305358887, "prcp_d5": 0.0, "prcp_d6": 4.376208305358887, "tmax_d0": 22.6, "tmax_d1": 23.9, "tmax_d2": 29.0, "tmax_d3": 29.9, "tmax_d4": 27.8, "tmax_d5": 27.7, "tmax_d6": 27.6, "tmin_d0": 12.8, "tmin_d1": 12.9, "tmin_d2": 14.9, "tmin_d3": 15.2, "tmin_d4": 15.2, "tmin_d5": 14.5, "tmin_d6": 11.7, "day_of_year": 205, "uuid": "916f0922-cee3-4741-9439-23a271aab09a", "inat_id": 346742373}}, {"type": "Feature", "geometry": {"type": "Point", "coordinates": [-105.3980649558, 35.7423845074]}, "properties": {"species": "Hypomyces lactifluorum", "date": "2025-07-25", "location": "San Miguel County, US-NM, US", "elevation": 2600.0, "land_cover_label": "Tree cover", "water_mask": false, "exclude_reason": "keep", "ndvi": null, "soil_moisture": null, "solar_exposure": null, "wind_exposure": null, "water_retention": null, "slope": null, "aspect": null, "num_identification_agreements": 2, "cluster": 0, "tavg": null, "tmin": 11.1, "tmax": 27.8, "prcp_d0": 0.0, "prcp_d1": 9.046130180358888, "prcp_d2": 0.0, "prcp_d3": 9.046130180358888, "prcp_d4": 0.0, "prcp_d5": 0.0, "prcp_d6": 5.58708381652832, "tmax_d0": 25.6, "tmax_d1": 21.3, "tmax_d2": 24.5, "tmax_d3": 24.1, "tmax_d4": 25.1, "tmax_d5": 25.0, "tmax_d6": 25.7, "tmin_d0": 7.3, "tmin_d1": 11.2, "tmin_d2": 8.1, "tmin_d3": 10.7, "tmin_d4": 10.4, "tmin_d5": 8.4, "tmin_d6": 10.7, "day_of_year": 206, "uuid": "d7d5d8bf-8248-417d-8c0a-bc52d50ddfec", "inat_id": 301932721}}, {"type": "Feature", "geometry": {"type": "Point", "coordinates": [-105.5729673446, 35.9162201402]}, "properties": {"species": "Hypomyces lactifluorum", "date": "2025-07-25", "location": "New Mexico, US", "elevation": 3152.0, "land_cover_label": "Tree cover", "water_mask": false, "exclude_reason": "keep", "ndvi": null, "soil_moisture": null, "solar_exposure": null, "wind_exposure": null, "water_retention": null, "slope": null, "aspect": null, "num_identification_agreements": 1, "cluster": 0, "tavg": null, "tmin": 11.1, "tmax": 27.8, "prcp_d0": 0.0, "prcp_d1": 7.9387712478637695, "prcp_d2": 0.0, "prcp_d3": 7.9387712478637695, "prcp_d4": 0.0, "prcp_d5": 0.0, "prcp_d6": 0.0, "tmax_d0": 19.2, "tmax_d1": 16.9, "tmax_d2": 17.5, "tmax_d3": 17.8, "tmax_d4": 19.0, "tmax_d5": 20.8, "tmax_d6": 19.0, "tmin_d0": 5.6, "tmin_d1": 7.5, "tmin_d2": 6.1, "tmin_d3": 6.4, "tmin_d4": 7.2, "tmin_d5": 6.5, "tmin_d6": 6.9, "day_of_year": 206, "uuid": "e9b596b0-6a90-485d-8b3d-82bba9f588d2", "inat_id": 304327095}}, {"type": "Feature", "geometry": {"type": "Point", "coordinates": [-103.3699283333, 43.8867]}, "properties": {"species": "Hypomyces lactifluorum", "date": "2025-07-26", "location": "Pennington County, US-SD, US", "elevation": 1350.0, "land_cover_label": "Tree cover", "water_mask": false, "exclude_reason": "keep", "ndvi": null, "soil_moisture": null, "solar_exposure": null, "wind_exposure": null, "water_retention": null, "slope": null, "aspect": null, "num_identification_agreements": 3, "cluster": 0, "tavg": null, "tmin": 15.6, "tmax": 30.6, "prcp_d0": 0.0, "prcp_d1": 0.0, "prcp_d2": 10.723196983337402, "prcp_d3": 10.723196983337402, "prcp_d4": 0.0, "prcp_d5": 0.0, "prcp_d6": 0.0, "tmax_d0": 31.4, "tmax_d1": 30.9, "tmax_d2": 26.1, "tmax_d3": 25.8, "tmax_d4": 31.8, "tmax_d5": 27.3, "tmax_d6": 25.4, "tmin_d0": 20.0, "tmin_d1": 19.7, "tmin_d2": 14.3, "tmin_d3": 18.2, "tmin_d4": 20.4, "tmin_d5": 16.5, "tmin_d6": 16.8, "day_of_year": 207, "uuid": "36e5bb78-501c-4e2b-b9e5-c7c449495287", "inat_id": 301654745}}, {"type": "Feature", "geometry": {"type": "Point", "coordinates": [-103.5061416667, 44.0740055]}, "properties": {"species": "Hypomyces lactifluorum", "date": "2025-07-27", "location": "Osprey Trail, Rapid City, SD, US", "elevation": 1418.0, "land_cover_label": "Tree cover", "water_mask": false, "exclude_reason": "keep", "ndvi": null, "soil_moisture": null, "solar_exposure": null, "wind_exposure": null, "water_retention": null, "slope": null, "aspect": null, "num_identification_agreements": 4, "cluster": 0, "tavg": null, "tmin": 20.0, "tmax": 33.9, "prcp_d0": 0.0, "prcp_d1": 0.0, "prcp_d2": 0.0, "prcp_d3": 11.424728393554688, "prcp_d4": 11.424728393554688, "prcp_d5": 0.0, "prcp_d6": 0.0, "tmax_d0": 32.7, "tmax_d1": 33.0, "tmax_d2": 30.4, "tmax_d3": 27.0, "tmax_d4": 25.3, "tmax_d5": 31.8, "tmax_d6": 28.6, "tmin_d0": 18.3, "tmin_d1": 19.1, "tmin_d2": 19.3, "tmin_d3": 13.1, "tmin_d4": 17.4, "tmin_d5": 20.6, "tmin_d6": 13.5, "day_of_year": 208, "uuid": "866870f1-86ad-4bf8-a876-5f5ce9d7dc34", "inat_id": 301696940}}, {"type": "Feature", "geometry": {"type": "Point", "coordinates": [-103.50007, 44.072575]}, "properties": {"species": "Hypomyces lactifluorum", "date": "2025-07-27", "location": "Osprey Trail, Rapid City, SD, US", "elevation": 1422.0, "land_cover_label": "Tree cover", "water_mask": false, "exclude_reason": "keep", "ndvi": null, "soil_moisture": null, "solar_exposure": null, "wind_exposure": null, "water_retention": null, "slope": null, "aspect": null, "num_identification_agreements": 3, "cluster": 0, "tavg": null, "tmin": 20.0, "tmax": 33.9, "prcp_d0": 0.0, "prcp_d1": 0.0, "prcp_d2": 0.0, "prcp_d3": 11.424728393554688, "prcp_d4": 11.424728393554688, "prcp_d5": 0.0, "prcp_d6": 0.0, "tmax_d0": 29.5, "tmax_d1": 31.2, "tmax_d2": 31.6, "tmax_d3": 26.2, "tmax_d4": 25.0, "tmax_d5": 27.5, "tmax_d6": 28.7, "tmin_d0": 17.7, "tmin_d1": 17.8, "tmin_d2": 19.2, "tmin_d3": 13.6, "tmin_d4": 17.5, "tmin_d5": 19.7, "tmin_d6": 14.4, "day_of_year": 208, "uuid": "bda3bd45-ca3f-460f-9baf-9872818c80d3", "inat_id": 301716279}}, {"type": "Feature", "geometry": {"type": "Point", "coordinates": [-103.55746222, 43.81065208]}, "properties": {"species": "Hypomyces lactifluorum", "date": "2025-07-27", "location": "Custer County, US-SD, US", "elevation": 1687.0, "land_cover_label": "Tree cover", "water_mask": false, "exclude_reason": "keep", "ndvi": null, "soil_moisture": null, "solar_exposure": null, "wind_exposure": null, "water_retention": null, "slope": null, "aspect": null, "num_identification_agreements": 2, "cluster": 0, "tavg": null, "tmin": 15.6, "tmax": 31.1, "prcp_d0": 0.0, "prcp_d1": 0.0, "prcp_d2": 0.0, "prcp_d3": 11.270002365112305, "prcp_d4": 11.270002365112305, "prcp_d5": 0.0, "prcp_d6": 0.0, "tmax_d0": 30.3, "tmax_d1": 30.5, "tmax_d2": 27.9, "tmax_d3": 24.0, "tmax_d4": 25.7, "tmax_d5": 29.4, "tmax_d6": 28.1, "tmin_d0": 17.5, "tmin_d1": 18.5, "tmin_d2": 16.4, "tmin_d3": 13.2, "tmin_d4": 16.2, "tmin_d5": 18.9, "tmin_d6": 16.3, "day_of_year": 208, "uuid": "97698ed0-08e6-47d4-b6d6-7d147e269fc8", "inat_id": 301587976}}, {"type": "Feature", "geometry": {"type": "Point", "coordinates": [-122.2280817627, 45.3046772286]}, "properties": {"species": "Hypomyces lactifluorum", "date": "2025-07-30", "location": "Clackamas County, OR, USA", "elevation": 403.0, "land_cover_label": "Tree cover", "water_mask": false, "exclude_reason": "keep", "ndvi": null, "soil_moisture": null, "solar_exposure": null, "wind_exposure": null, "water_retention": null, "slope": null, "aspect": null, "num_identification_agreements": 3, "cluster": 0, "tavg": null, "tmin": 16.7, "tmax": 28.0, "prcp_d0": 0.0, "prcp_d1": 0.0, "prcp_d2": 0.0, "prcp_d3": 0.0, "prcp_d4": 0.0, "prcp_d5": 0.0, "prcp_d6": 0.0, "tmax_d0": 27.8, "tmax_d1": 27.4, "tmax_d2": 25.5, "tmax_d3": 23.4, "tmax_d4": 22.7, "tmax_d5": 26.0, "tmax_d6": 28.1, "tmin_d0": 12.6, "tmin_d1": 9.9, "tmin_d2": 8.7, "tmin_d3": 8.7, "tmin_d4": 10.1, "tmin_d5": 10.8, "tmin_d6": 12.9, "day_of_year": 211, "uuid": "fd33a2c7-69e1-4659-99d5-25a45d274695", "inat_id": 302518349}}, {"type": "Feature", "geometry": {"type": "Point", "coordinates": [-105.8411207423, 35.7632832847]}, "properties": {"species": "Hypomyces lactifluorum", "date": "2025-08-02", "location": "Santa Fe, NM 87506, USA", "elevation": 2591.0, "land_cover_label": "Tree cover", "water_mask": false, "exclude_reason": "keep", "ndvi": null, "soil_moisture": null, "solar_exposure": null, "wind_exposure": null, "water_retention": null, "slope": null, "aspect": null, "num_identification_agreements": 2, "cluster": 0, "tavg": null, "tmin": 15.0, "tmax": 31.7, "prcp_d0": 0.0, "prcp_d1": 0.0, "prcp_d2": 7.859631538391113, "prcp_d3": 0.0, "prcp_d4": 7.859631538391113, "prcp_d5": 3.9298157691955566, "prcp_d6": 0.0, "tmax_d0": 24.1, "tmax_d1": 21.5, "tmax_d2": 21.4, "tmax_d3": 21.3, "tmax_d4": 22.3, "tmax_d5": 25.8, "tmax_d6": 26.8, "tmin_d0": 11.8, "tmin_d1": 9.5, "tmin_d2": 8.5, "tmin_d3": 10.1, "tmin_d4": 11.6, "tmin_d5": 11.1, "tmin_d6": 13.4, "day_of_year": 214, "uuid": "e99f1b60-077f-4841-8669-918f08f83dc1", "inat_id": 303634051}}, {"type": "Feature", "geometry": {"type": "Point", "coordinates": [-104.8992714826, 38.7857319782]}, "properties": {"species": "Hypomyces lactifluorum", "date": "2025-08-03", "location": "Colorado Springs, CO, US", "elevation": 2239.0, "land_cover_label": "Tree cover", "water_mask": false, "exclude_reason": "keep", "ndvi": null, "soil_moisture": null, "solar_exposure": null, "wind_exposure": null, "water_retention": null, "slope": null, "aspect": null, "num_identification_agreements": 3, "cluster": 0, "tavg": null, "tmin": 17.0, "tmax": 28.0, "prcp_d0": 7.428853511810303, "prcp_d1": 0.0, "prcp_d2": 7.428853511810303, "prcp_d3": 7.7566118240356445, "prcp_d4": 15.513223648071287, "prcp_d5": 7.7566118240356445, "prcp_d6": 0.0, "tmax_d0": 24.4, "tmax_d1": 25.6, "tmax_d2": 22.2, "tmax_d3": 21.2, "tmax_d4": 20.2, "tmax_d5": 26.6, "tmax_d6": 29.6, "tmin_d0": 9.6, "tmin_d1": 8.7, "tmin_d2": 10.5, "tmin_d3": 10.6, "tmin_d4": 13.5, "tmin_d5": 15.5, "tmin_d6": 13.5, "day_of_year": 215, "uuid": "108d86b8-2711-4503-b6e7-eea7faef87bd", "inat_id": 303554389}}, {"type": "Feature", "geometry": {"type": "Point", "coordinates": [-122.4896783333, 45.08175]}, "properties": {"species": "Hypomyces lactifluorum", "date": "2025-08-04", "location": "S Winnifred Ave, Molalla, OR, US", "elevation": 178.0, "land_cover_label": "Tree cover", "water_mask": false, "exclude_reason": "keep", "ndvi": null, "soil_moisture": null, "solar_exposure": null, "wind_exposure": null, "water_retention": null, "slope": null, "aspect": null, "num_identification_agreements": 3, "cluster": 0, "tavg": null, "tmin": 15.0, "tmax": 23.3, "prcp_d0": 0.0, "prcp_d1": 0.0, "prcp_d2": 0.0, "prcp_d3": 0.0, "prcp_d4": 0.0, "prcp_d5": 0.0, "prcp_d6": 0.0, "tmax_d0": 23.2, "tmax_d1": 27.1, "tmax_d2": 28.7, "tmax_d3": 28.3, "tmax_d4": 28.1, "tmax_d5": 31.6, "tmax_d6": 31.1, "tmin_d0": 13.1, "tmin_d1": 13.4, "tmin_d2": 14.3, "tmin_d3": 15.4, "tmin_d4": 16.0, "tmin_d5": 16.0, "tmin_d6": 14.4, "day_of_year": 216, "uuid": "9df39854-8f8a-404e-8757-afc9a4d232e7", "inat_id": 303824439}}, {"type": "Feature", "geometry": {"type": "Point", "coordinates": [-103.607795, 43.96555]}, "properties": {"species": "Hypomyces lactifluorum", "date": "2025-08-06", "location": "Black Hills National Forest, Hill City, SD, US", "elevation": 1637.0, "land_cover_label": "Tree cover", "water_mask": false, "exclude_reason": "keep", "ndvi": null, "soil_moisture": null, "solar_exposure": null, "wind_exposure": null, "water_retention": null, "slope": null, "aspect": null, "num_identification_agreements": 2, "cluster": 0, "tavg": null, "tmin": 13.3, "tmax": 27.2, "prcp_d0": 5.148144721984863, "prcp_d1": 0.0, "prcp_d2": 11.135245323181152, "prcp_d3": 22.270490646362305, "prcp_d4": 0.0, "prcp_d5": 0.0, "prcp_d6": 14.35349178314209, "tmax_d0": 27.3, "tmax_d1": 29.6, "tmax_d2": 25.3, "tmax_d3": 24.0, "tmax_d4": 25.6, "tmax_d5": 23.1, "tmax_d6": 20.4, "tmin_d0": 12.3, "tmin_d1": 15.6, "tmin_d2": 11.8, "tmin_d3": 12.8, "tmin_d4": 13.4, "tmin_d5": 13.6, "tmin_d6": 13.8, "day_of_year": 218, "uuid": "c1037ef8-c5be-4e71-bdba-ff9f30e3a310", "inat_id": 304324852}}, {"type": "Feature", "geometry": {"type": "Point", "coordinates": [-106.3858548997, 35.8921807997]}, "properties": {"species": "Hypomyces lactifluorum", "date": "2025-08-07", "location": "Los Alamos County, NM, USA", "elevation": 2840.0, "land_cover_label": "Tree cover", "water_mask": false, "exclude_reason": "keep", "ndvi": null, "soil_moisture": null, "solar_exposure": null, "wind_exposure": null, "water_retention": null, "slope": null, "aspect": null, "num_identification_agreements": 3, "cluster": 0, "tavg": null, "tmin": 20.1, "tmax": 30.3, "prcp_d0": 2.8344829082489014, "prcp_d1": 0.0, "prcp_d2": 0.0, "prcp_d3": 0.0, "prcp_d4": 0.0, "prcp_d5": 0.0, "prcp_d6": 0.0, "tmax_d0": 25.3, "tmax_d1": 24.4, "tmax_d2": 23.6, "tmax_d3": 24.1, "tmax_d4": 23.5, "tmax_d5": 22.0, "tmax_d6": 19.9, "tmin_d0": 12.6, "tmin_d1": 11.9, "tmin_d2": 10.0, "tmin_d3": 10.4, "tmin_d4": 9.5, "tmin_d5": 10.6, "tmin_d6": 9.6, "day_of_year": 219, "uuid": "c616cae1-b0f6-4419-8307-4ebb6d13413d", "inat_id": 304638316}}, {"type": "Feature", "geometry": {"type": "Point", "coordinates": [-103.5626966667, 43.8474883333]}, "properties": {"species": "Hypomyces lactifluorum", "date": "2025-08-07", "location": "Custer State Park, Custer, SD, US", "elevation": 1880.0, "land_cover_label": "Grassland", "water_mask": false, "exclude_reason": "keep", "ndvi": null, "soil_moisture": null, "solar_exposure": null, "wind_exposure": null, "water_retention": null, "slope": null, "aspect": null, "num_identification_agreements": 3, "cluster": 0, "tavg": null, "tmin": 15.0, "tmax": 33.3, "prcp_d0": 0.0, "prcp_d1": 4.859272003173828, "prcp_d2": 7.686323165893555, "prcp_d3": 7.686323165893555, "prcp_d4": 7.686323165893555, "prcp_d5": 0.0, "prcp_d6": 0.0, "tmax_d0": 30.9, "tmax_d1": 25.6, "tmax_d2": 29.0, "tmax_d3": 24.5, "tmax_d4": 22.1, "tmax_d5": 26.8, "tmax_d6": 21.9, "tmin_d0": 16.5, "tmin_d1": 13.9, "tmin_d2": 14.4, "tmin_d3": 12.3, "tmin_d4": 10.1, "tmin_d5": 12.8, "tmin_d6": 12.3, "day_of_year": 219, "uuid": "36f0b75d-01c7-4b76-a222-9effc986951b", "inat_id": 304719843}}, {"type": "Feature", "geometry": {"type": "Point", "coordinates": [-105.7152206326, 35.7708257991]}, "properties": {"species": "Hypomyces lactifluorum", "date": "2025-08-07", "location": "San Miguel County, NM, USA", "elevation": 2647.0, "land_cover_label": "Tree cover", "water_mask": false, "exclude_reason": "keep", "ndvi": null, "soil_moisture": null, "solar_exposure": null, "wind_exposure": null, "water_retention": null, "slope": null, "aspect": null, "num_identification_agreements": 2, "cluster": 0, "tavg": null, "tmin": 15.6, "tmax": 35.0, "prcp_d0": 0.0, "prcp_d1": 0.0, "prcp_d2": 0.0, "prcp_d3": 0.0, "prcp_d4": 0.0, "prcp_d5": 0.0, "prcp_d6": 12.753362655639648, "tmax_d0": 27.4, "tmax_d1": 27.3, "tmax_d2": 26.5, "tmax_d3": 25.4, "tmax_d4": 25.4, "tmax_d5": 23.5, "tmax_d6": 21.9, "tmin_d0": 10.8, "tmin_d1": 10.5, "tmin_d2": 8.9, "tmin_d3": 9.3, "tmin_d4": 9.5, "tmin_d5": 9.2, "tmin_d6": 8.8, "day_of_year": 219, "uuid": "0f36de62-1583-4fa2-bcb1-fb8c03015ef7", "inat_id": 305685456}}, {"type": "Feature", "geometry": {"type": "Point", "coordinates": [-105.5724633333, 35.8703783333]}, "properties": {"species": "Hypomyces lactifluorum", "date": "2025-08-09", "location": "Santa Fe National Forest, Tererro, NM, US", "elevation": 2852.0, "land_cover_label": "Tree cover", "water_mask": false, "exclude_reason": "keep", "ndvi": null, "soil_moisture": null, "solar_exposure": null, "wind_exposure": null, "water_retention": null, "slope": null, "aspect": null, "num_identification_agreements": 2, "cluster": 0, "tavg": null, "tmin": 16.7, "tmax": 32.2, "prcp_d0": 0.0, "prcp_d1": 0.0, "prcp_d2": 0.0, "prcp_d3": 0.0, "prcp_d4": 0.0, "prcp_d5": 0.0, "prcp_d6": 0.0, "tmax_d0": 23.8, "tmax_d1": 24.0, "tmax_d2": 24.4, "tmax_d3": 24.8, "tmax_d4": 23.7, "tmax_d5": 23.4, "tmax_d6": 22.3, "tmin_d0": 7.7, "tmin_d1": 9.9, "tmin_d2": 9.5, "tmin_d3": 7.2, "tmin_d4": 9.1, "tmin_d5": 9.0, "tmin_d6": 7.0, "day_of_year": 221, "uuid": "95c859b3-0e3d-4d27-ad6e-e583d21236a5", "inat_id": 305448350}}, {"type": "Feature", "geometry": {"type": "Point", "coordinates": [-103.3666166667, 43.9595633333]}, "properties": {"species": "Hypomyces lactifluorum", "date": "2025-08-10", "location": "Flume Trail, Rapid City, SD, US", "elevation": 1397.0, "land_cover_label": "Tree cover", "water_mask": false, "exclude_reason": "keep", "ndvi": null, "soil_moisture": null, "solar_exposure": null, "wind_exposure": null, "water_retention": null, "slope": null, "aspect": null, "num_identification_agreements": 2, "cluster": 2, "tavg": null, "tmin": 11.1, "tmax": 26.7, "prcp_d0": 0.0, "prcp_d1": 0.0, "prcp_d2": 0.0, "prcp_d3": 0.0, "prcp_d4": 4.610685348510742, "prcp_d5": 0.0, "prcp_d6": 32.34256362915039, "tmax_d0": 24.5, "tmax_d1": 25.9, "tmax_d2": 32.6, "tmax_d3": 35.5, "tmax_d4": 28.9, "tmax_d5": 29.0, "tmax_d6": 26.8, "tmin_d0": 12.2, "tmin_d1": 12.3, "tmin_d2": 17.1, "tmin_d3": 19.4, "tmin_d4": 14.3, "tmin_d5": 16.0, "tmin_d6": 14.0, "day_of_year": 222, "uuid": "d79ef6a3-ac77-4797-b704-1ffd3583b166", "inat_id": 305379121}}, {"type": "Feature", "geometry": {"type": "Point", "coordinates": [-122.2247842715, 45.3064810767]}, "properties": {"species": "Hypomyces lactifluorum", "date": "2025-08-14", "location": "Clackamas County, OR, USA", "elevation": 385.0, "land_cover_label": "Tree cover", "water_mask": false, "exclude_reason": "keep", "ndvi": null, "soil_moisture": null, "solar_exposure": null, "wind_exposure": null, "water_retention": null, "slope": null, "aspect": null, "num_identification_agreements": 2, "cluster": 0, "tavg": null, "tmin": 17.8, "tmax": 26.1, "prcp_d0": 0.0, "prcp_d1": 0.0, "prcp_d2": 0.0, "prcp_d3": 0.0, "prcp_d4": 0.0, "prcp_d5": 0.0, "prcp_d6": 0.0, "tmax_d0": 28.1, "tmax_d1": 32.4, "tmax_d2": 32.6, "tmax_d3": 32.9, "tmax_d4": 33.4, "tmax_d5": 24.4, "tmax_d6": 21.5, "tmin_d0": 15.1, "tmin_d1": 16.7, "tmin_d2": 14.4, "tmin_d3": 14.4, "tmin_d4": 11.5, "tmin_d5": 10.1, "tmin_d6": 7.3, "day_of_year": 226, "uuid": "629a1e12-0c60-40ad-926b-001321c7d6e3", "inat_id": 306354909}}, {"type": "Feature", "geometry": {"type": "Point", "coordinates": [-103.4315631221, 44.1019622985]}, "properties": {"species": "Hypomyces lactifluorum", "date": "2025-08-16", "location": "Pennington County, SD, USA", "elevation": 1441.0, "land_cover_label": "Grassland", "water_mask": false, "exclude_reason": "keep", "ndvi": null, "soil_moisture": null, "solar_exposure": null, "wind_exposure": null, "water_retention": null, "slope": null, "aspect": null, "num_identification_agreements": 2, "cluster": 0, "tavg": null, "tmin": 18.0, "tmax": 27.0, "prcp_d0": 4.599517822265625, "prcp_d1": 0.0, "prcp_d2": 16.330345153808594, "prcp_d3": 0.0, "prcp_d4": 0.0, "prcp_d5": 0.0, "prcp_d6": 0.0, "tmax_d0": 27.4, "tmax_d1": 27.7, "tmax_d2": 31.2, "tmax_d3": 29.5, "tmax_d4": 24.2, "tmax_d5": 26.9, "tmax_d6": 23.4, "tmin_d0": 15.0, "tmin_d1": 14.4, "tmin_d2": 17.6, "tmin_d3": 16.8, "tmin_d4": 11.8, "tmin_d5": 14.0, "tmin_d6": 12.1, "day_of_year": 228, "uuid": "80d43d7f-8a53-48a2-8854-c3aec52f8706", "inat_id": 347283128}}, {"type": "Feature", "geometry": {"type": "Point", "coordinates": [-103.4324153423, 44.1027895998]}, "properties": {"species": "Hypomyces lactifluorum", "date": "2025-08-16", "location": "Pennington County, SD, USA", "elevation": 1436.0, "land_cover_label": "Grassland", "water_mask": false, "exclude_reason": "keep", "ndvi": null, "soil_moisture": null, "solar_exposure": null, "wind_exposure": null, "water_retention": null, "slope": null, "aspect": null, "num_identification_agreements": 2, "cluster": 0, "tavg": null, "tmin": 18.0, "tmax": 27.0, "prcp_d0": 4.599517822265625, "prcp_d1": 0.0, "prcp_d2": 16.330345153808594, "prcp_d3": 0.0, "prcp_d4": 0.0, "prcp_d5": 0.0, "prcp_d6": 0.0, "tmax_d0": 27.4, "tmax_d1": 27.7, "tmax_d2": 31.2, "tmax_d3": 29.5, "tmax_d4": 24.2, "tmax_d5": 26.9, "tmax_d6": 23.4, "tmin_d0": 15.0, "tmin_d1": 14.4, "tmin_d2": 17.6, "tmin_d3": 16.8, "tmin_d4": 11.8, "tmin_d5": 14.0, "tmin_d6": 12.1, "day_of_year": 228, "uuid": "3410d62e-974d-4259-b739-e3474418b071", "inat_id": 347283123}}, {"type": "Feature", "geometry": {"type": "Point", "coordinates": [-103.4317572162, 44.1025795476]}, "properties": {"species": "Hypomyces lactifluorum", "date": "2025-08-16", "location": "Pennington County, SD, USA", "elevation": 1436.0, "land_cover_label": "Tree cover", "water_mask": false, "exclude_reason": "keep", "ndvi": null, "soil_moisture": null, "solar_exposure": null, "wind_exposure": null, "water_retention": null, "slope": null, "aspect": null, "num_identification_agreements": 2, "cluster": 0, "tavg": null, "tmin": 18.0, "tmax": 27.0, "prcp_d0": 4.599517822265625, "prcp_d1": 0.0, "prcp_d2": 16.330345153808594, "prcp_d3": 0.0, "prcp_d4": 0.0, "prcp_d5": 0.0, "prcp_d6": 0.0, "tmax_d0": 27.4, "tmax_d1": 27.7, "tmax_d2": 31.2, "tmax_d3": 29.5, "tmax_d4": 24.2, "tmax_d5": 26.9, "tmax_d6": 23.4, "tmin_d0": 15.0, "tmin_d1": 14.4, "tmin_d2": 17.6, "tmin_d3": 16.8, "tmin_d4": 11.8, "tmin_d5": 14.0, "tmin_d6": 12.1, "day_of_year": 228, "uuid": "905c5640-42ee-48ab-baf0-217dc677a059", "inat_id": 347283126}}, {"type": "Feature", "geometry": {"type": "Point", "coordinates": [-122.3036268353, 45.2108175475]}, "properties": {"species": "Hypomyces lactifluorum", "date": "2025-08-17", "location": "Estacada, OR 97023, USA", "elevation": 423.0, "land_cover_label": "Tree cover", "water_mask": false, "exclude_reason": "keep", "ndvi": null, "soil_moisture": null, "solar_exposure": null, "wind_exposure": null, "water_retention": null, "slope": null, "aspect": null, "num_identification_agreements": 1, "cluster": 0, "tavg": null, "tmin": 16.7, "tmax": 24.4, "prcp_d0": 0.0, "prcp_d1": 3.6877825260162354, "prcp_d2": 0.0, "prcp_d3": 0.0, "prcp_d4": 0.0, "prcp_d5": 0.0, "prcp_d6": 0.0, "tmax_d0": 21.9, "tmax_d1": 21.7, "tmax_d2": 22.8, "tmax_d3": 26.9, "tmax_d4": 31.3, "tmax_d5": 31.9, "tmax_d6": 31.8, "tmin_d0": 11.4, "tmin_d1": 15.3, "tmin_d2": 16.0, "tmin_d3": 14.8, "tmin_d4": 16.7, "tmin_d5": 15.2, "tmin_d6": 13.7, "day_of_year": 229, "uuid": "1780f419-de54-4478-8aa1-d8beec7ec6a7", "inat_id": 307146595}}, {"type": "Feature", "geometry": {"type": "Point", "coordinates": [-103.5739798978, 44.2325646146]}, "properties": {"species": "Hypomyces lactifluorum", "date": "2025-08-17", "location": "Black Hills National Forest, Nemo, SD, US", "elevation": 1572.0, "land_cover_label": "Grassland", "water_mask": false, "exclude_reason": "keep", "ndvi": null, "soil_moisture": null, "solar_exposure": null, "wind_exposure": null, "water_retention": null, "slope": null, "aspect": null, "num_identification_agreements": 2, "cluster": 0, "tavg": null, "tmin": 15.0, "tmax": 30.0, "prcp_d0": 5.752615451812744, "prcp_d1": 11.505230903625488, "prcp_d2": 5.539088726043701, "prcp_d3": 5.539088726043701, "prcp_d4": 5.539088726043701, "prcp_d5": 0.0, "prcp_d6": 0.0, "tmax_d0": 27.7, "tmax_d1": 28.6, "tmax_d2": 27.4, "tmax_d3": 30.4, "tmax_d4": 28.1, "tmax_d5": 24.1, "tmax_d6": 24.7, "tmin_d0": 16.0, "tmin_d1": 14.4, "tmin_d2": 14.7, "tmin_d3": 16.4, "tmin_d4": 17.0, "tmin_d5": 10.7, "tmin_d6": 11.8, "day_of_year": 229, "uuid": "33f3ac0f-41f9-4e87-a625-d5ba09324728", "inat_id": 307066990}}, {"type": "Feature", "geometry": {"type": "Point", "coordinates": [-121.8051241483, 45.3744181832]}, "properties": {"species": "Hypomyces lactifluorum", "date": "2025-08-18", "location": "Oregon, US", "elevation": 1076.0, "land_cover_label": "Tree cover", "water_mask": false, "exclude_reason": "keep", "ndvi": null, "soil_moisture": null, "solar_exposure": null, "wind_exposure": null, "water_retention": null, "slope": null, "aspect": null, "num_identification_agreements": 3, "cluster": 0, "tavg": null, "tmin": 15.7, "tmax": 25.0, "prcp_d0": 0.0, "prcp_d1": 0.0, "prcp_d2": 5.118820667266846, "prcp_d3": 0.0, "prcp_d4": 0.0, "prcp_d5": 0.0, "prcp_d6": 0.0, "tmax_d0": 17.0, "tmax_d1": 19.0, "tmax_d2": 17.2, "tmax_d3": 17.6, "tmax_d4": 20.1, "tmax_d5": 26.1, "tmax_d6": 28.1, "tmin_d0": 9.4, "tmin_d1": 8.6, "tmin_d2": 11.8, "tmin_d3": 12.0, "tmin_d4": 11.3, "tmin_d5": 11.9, "tmin_d6": 15.3, "day_of_year": 230, "uuid": "ef2c8a53-64a5-4275-8a36-1908b529a993", "inat_id": 307410600}}, {"type": "Feature", "geometry": {"type": "Point", "coordinates": [-122.0851353686, 45.6366217655]}, "properties": {"species": "Hypomyces lactifluorum", "date": "2025-08-19", "location": "Duncan Creek, Skamania County, WA, USA", "elevation": 315.0, "land_cover_label": "Tree cover", "water_mask": false, "exclude_reason": "keep", "ndvi": null, "soil_moisture": null, "solar_exposure": null, "wind_exposure": null, "water_retention": null, "slope": null, "aspect": null, "num_identification_agreements": 1, "cluster": 0, "tavg": null, "tmin": 12.8, "tmax": 27.8, "prcp_d0": 0.0, "prcp_d1": 0.0, "prcp_d2": 0.0, "prcp_d3": 4.177377223968506, "prcp_d4": 0.0, "prcp_d5": 0.0, "prcp_d6": 0.0, "tmax_d0": 22.4, "tmax_d1": 20.9, "tmax_d2": 21.9, "tmax_d3": 21.6, "tmax_d4": 23.2, "tmax_d5": 26.0, "tmax_d6": 30.6, "tmin_d0": 12.3, "tmin_d1": 13.9, "tmin_d2": 13.0, "tmin_d3": 16.1, "tmin_d4": 16.0, "tmin_d5": 14.7, "tmin_d6": 15.9, "day_of_year": 231, "uuid": "7215d90a-186b-4b45-a380-7df4526fb04d", "inat_id": 307908478}}, {"type": "Feature", "geometry": {"type": "Point", "coordinates": [-104.9384916667, 38.7304633333]}, "properties": {"species": "Hypomyces lactifluorum", "date": "2025-08-21", "location": "CR-8, Colorado Springs, CO, US", "elevation": 2952.0, "land_cover_label": "Tree cover", "water_mask": false, "exclude_reason": "keep", "ndvi": null, "soil_moisture": null, "solar_exposure": null, "wind_exposure": null, "water_retention": null, "slope": null, "aspect": null, "num_identification_agreements": 2, "cluster": 0, "tavg": null, "tmin": 18.0, "tmax": 31.0, "prcp_d0": 0.0, "prcp_d1": 0.0, "prcp_d2": 0.0, "prcp_d3": 0.0, "prcp_d4": 0.0, "prcp_d5": 0.0, "prcp_d6": 0.0, "tmax_d0": 22.5, "tmax_d1": 20.7, "tmax_d2": 19.8, "tmax_d3": 19.4, "tmax_d4": 21.0, "tmax_d5": 20.5, "tmax_d6": 22.3, "tmin_d0": 9.5, "tmin_d1": 9.1, "tmin_d2": 9.5, "tmin_d3": 11.0, "tmin_d4": 9.0, "tmin_d5": 11.0, "tmin_d6": 11.0, "day_of_year": 233, "uuid": "15340766-f3bd-49ad-a770-5c2042ee6d2c", "inat_id": 308072774}}, {"type": "Feature", "geometry": {"type": "Point", "coordinates": [-105.6720638305, 35.7508691701]}, "properties": {"species": "Hypomyces lactifluorum", "date": "2025-08-24", "location": "Davis-Willow Rd, Tererro, NM, US", "elevation": 2421.0, "land_cover_label": "Tree cover", "water_mask": false, "exclude_reason": "keep", "ndvi": null, "soil_moisture": null, "solar_exposure": null, "wind_exposure": null, "water_retention": null, "slope": null, "aspect": null, "num_identification_agreements": 2, "cluster": 0, "tavg": null, "tmin": 15.0, "tmax": 27.2, "prcp_d0": 8.725431442260742, "prcp_d1": 4.362715721130371, "prcp_d2": 4.362715721130371, "prcp_d3": 8.725431442260742, "prcp_d4": 0.0, "prcp_d5": 0.0, "prcp_d6": 0.0, "tmax_d0": 23.9, "tmax_d1": 23.9, "tmax_d2": 26.5, "tmax_d3": 26.7, "tmax_d4": 24.6, "tmax_d5": 25.0, "tmax_d6": 26.2, "tmin_d0": 10.6, "tmin_d1": 10.9, "tmin_d2": 10.2, "tmin_d3": 10.3, "tmin_d4": 9.7, "tmin_d5": 10.4, "tmin_d6": 11.3, "day_of_year": 236, "uuid": "96e96833-79e9-4866-b02b-397eca1835c3", "inat_id": 308901315}}, {"type": "Feature", "geometry": {"type": "Point", "coordinates": [-106.6382061997, 35.9158430997]}, "properties": {"species": "Hypomyces lactifluorum", "date": "2025-08-28", "location": "Jemez Springs, NM 87025, USA", "elevation": 2627.0, "land_cover_label": "Tree cover", "water_mask": false, "exclude_reason": "keep", "ndvi": null, "soil_moisture": null, "solar_exposure": null, "wind_exposure": null, "water_retention": null, "slope": null, "aspect": null, "num_identification_agreements": 2, "cluster": 1, "tavg": null, "tmin": 15.0, "tmax": 25.0, "prcp_d0": 0.0, "prcp_d1": 0.0, "prcp_d2": 26.88902473449707, "prcp_d3": 18.54068756103516, "prcp_d4": 6.1802287101745605, "prcp_d5": 6.1802287101745605, "prcp_d6": 6.1802287101745605, "tmax_d0": 23.6, "tmax_d1": 19.1, "tmax_d2": 20.6, "tmax_d3": 22.7, "tmax_d4": 23.2, "tmax_d5": 23.7, "tmax_d6": 26.3, "tmin_d0": 7.9, "tmin_d1": 10.4, "tmin_d2": 10.1, "tmin_d3": 10.0, "tmin_d4": 10.3, "tmin_d5": 12.9, "tmin_d6": 11.1, "day_of_year": 240, "uuid": "6578f782-7e4c-4cc5-8c34-d0014c2d74e4", "inat_id": 310055862}}, {"type": "Feature", "geometry": {"type": "Point", "coordinates": [-122.1115945, 45.3656916667]}, "properties": {"species": "Hypomyces lactifluorum", "date": "2025-08-30", "location": "E Terra Fern Dr, Sandy, OR, US", "elevation": 440.0, "land_cover_label": "Tree cover", "water_mask": false, "exclude_reason": "keep", "ndvi": null, "soil_moisture": null, "solar_exposure": null, "wind_exposure": null, "water_retention": null, "slope": null, "aspect": null, "num_identification_agreements": 1, "cluster": 0, "tavg": null, "tmin": 14.0, "tmax": 24.0, "prcp_d0": 0.0, "prcp_d1": 0.0, "prcp_d2": 0.0, "prcp_d3": 4.830167293548584, "prcp_d4": 10.285728454589844, "prcp_d5": 6.523665904998779, "prcp_d6": 0.0, "tmax_d0": 26.7, "tmax_d1": 28.4, "tmax_d2": 28.6, "tmax_d3": 29.9, "tmax_d4": 30.2, "tmax_d5": 30.3, "tmax_d6": 35.1, "tmin_d0": 10.5, "tmin_d1": 12.7, "tmin_d2": 11.2, "tmin_d3": 17.9, "tmin_d4": 14.8, "tmin_d5": 15.3, "tmin_d6": 13.9, "day_of_year": 242, "uuid": "1f2d9261-6001-4db0-b542-c8688df6f7d0", "inat_id": 310644567}}, {"type": "Feature", "geometry": {"type": "Point", "coordinates": [-104.9047484994, 38.7283207299]}, "properties": {"species": "Hypomyces lactifluorum", "date": "2025-08-30", "location": "Rock Creek, Colorado Springs, CO, USA", "elevation": 2711.0, "land_cover_label": "Tree cover", "water_mask": false, "exclude_reason": "keep", "ndvi": null, "soil_moisture": null, "solar_exposure": null, "wind_exposure": null, "water_retention": null, "slope": null, "aspect": null, "num_identification_agreements": 2, "cluster": 2, "tavg": null, "tmin": 11.3, "tmax": 19.3, "prcp_d0": 0.0, "prcp_d1": 0.0, "prcp_d2": 0.0, "prcp_d3": 0.0, "prcp_d4": 0.0, "prcp_d5": 23.10459327697754, "prcp_d6": 23.10459327697754, "tmax_d0": 14.3, "tmax_d1": 19.0, "tmax_d2": 16.7, "tmax_d3": 19.1, "tmax_d4": 14.6, "tmax_d5": 15.0, "tmax_d6": 18.7, "tmin_d0": 8.1, "tmin_d1": 8.9, "tmin_d2": 9.1, "tmin_d3": 9.4, "tmin_d4": 9.1, "tmin_d5": 8.5, "tmin_d6": 9.3, "day_of_year": 242, "uuid": "11884e29-af83-4a8d-bca9-56ef47b66c11", "inat_id": 310329596}}, {"type": "Feature", "geometry": {"type": "Point", "coordinates": [-106.593143849, 35.8174095291]}, "properties": {"species": "Hypomyces lactifluorum", "date": "2025-09-01", "location": "Sandoval County, US-NM, US", "elevation": 2457.0, "land_cover_label": "Tree cover", "water_mask": false, "exclude_reason": "keep", "ndvi": null, "soil_moisture": null, "solar_exposure": null, "wind_exposure": null, "water_retention": null, "slope": null, "aspect": null, "num_identification_agreements": 2, "cluster": 0, "tavg": null, "tmin": 13.0, "tmax": 24.0, "prcp_d0": 0.0, "prcp_d1": 0.0, "prcp_d2": 0.0, "prcp_d3": 0.0, "prcp_d4": 0.0, "prcp_d5": 0.0, "prcp_d6": 0.0, "tmax_d0": 21.5, "tmax_d1": 20.9, "tmax_d2": 21.4, "tmax_d3": 21.6, "tmax_d4": 24.2, "tmax_d5": 19.9, "tmax_d6": 21.3, "tmin_d0": 8.6, "tmin_d1": 7.4, "tmin_d2": 7.1, "tmin_d3": 9.6, "tmin_d4": 7.9, "tmin_d5": 10.8, "tmin_d6": 10.6, "day_of_year": 244, "uuid": "54c37495-5a76-471a-ad8e-b00f55747a3e", "inat_id": 311137062}}, {"type": "Feature", "geometry": {"type": "Point", "coordinates": [-105.71315, 35.7697916667]}, "properties": {"species": "Hypomyces lactifluorum", "date": "2025-09-01", "location": "Tererro, NM, US", "elevation": 2612.0, "land_cover_label": "Tree cover", "water_mask": false, "exclude_reason": "keep", "ndvi": null, "soil_moisture": null, "solar_exposure": null, "wind_exposure": null, "water_retention": null, "slope": null, "aspect": null, "num_identification_agreements": 3, "cluster": 2, "tavg": null, "tmin": 12.0, "tmax": 27.0, "prcp_d0": 0.0, "prcp_d1": 0.0, "prcp_d2": 0.0, "prcp_d3": 0.0, "prcp_d4": 0.0, "prcp_d5": 28.31558418273925, "prcp_d6": 28.31558418273925, "tmax_d0": 20.0, "tmax_d1": 19.3, "tmax_d2": 21.1, "tmax_d3": 20.6, "tmax_d4": 22.1, "tmax_d5": 18.8, "tmax_d6": 21.2, "tmin_d0": 5.8, "tmin_d1": 7.8, "tmin_d2": 9.6, "tmin_d3": 8.7, "tmin_d4": 9.6, "tmin_d5": 10.0, "tmin_d6": 9.4, "day_of_year": 244, "uuid": "3aa462e4-1ee9-4305-a8b5-cee6770271cc", "inat_id": 310907216}}, {"type": "Feature", "geometry": {"type": "Point", "coordinates": [-121.8276436083, 45.3127208549]}, "properties": {"species": "Hypomyces lactifluorum", "date": "2025-09-06", "location": "Kiwanis Camp Rd, Government Camp, OR, US", "elevation": 823.0, "land_cover_label": "Tree cover", "water_mask": false, "exclude_reason": "keep", "ndvi": null, "soil_moisture": null, "solar_exposure": null, "wind_exposure": null, "water_retention": null, "slope": null, "aspect": null, "num_identification_agreements": 1, "cluster": 0, "tavg": null, "tmin": 17.7, "tmax": 27.5, "prcp_d0": 0.0, "prcp_d1": 0.0, "prcp_d2": 10.575117111206056, "prcp_d3": 0.0, "prcp_d4": 0.0, "prcp_d5": 0.0, "prcp_d6": 0.0, "tmax_d0": 25.2, "tmax_d1": 25.8, "tmax_d2": 28.7, "tmax_d3": 28.5, "tmax_d4": 31.6, "tmax_d5": 22.9, "tmax_d6": 23.0, "tmin_d0": 13.5, "tmin_d1": 16.7, "tmin_d2": 16.8, "tmin_d3": 16.0, "tmin_d4": 13.1, "tmin_d5": 12.8, "tmin_d6": 13.7, "day_of_year": 249, "uuid": "86d0e34e-e5b4-48fa-b80f-ef0132fdcfc2", "inat_id": 361610318}}, {"type": "Feature", "geometry": {"type": "Point", "coordinates": [-105.3880083333, 39.1814283333]}, "properties": {"species": "Hypomyces lactifluorum", "date": "2025-09-06", "location": "Goose Creek Trail, Sedalia, CO, US", "elevation": 2527.0, "land_cover_label": "Tree cover", "water_mask": false, "exclude_reason": "keep", "ndvi": null, "soil_moisture": 0.2390737918639841, "solar_exposure": 0.9316638708114624, "wind_exposure": 0.2853316962718963, "water_retention": 0.1991140097379684, "slope": 19.05696678161621, "aspect": 221.0424041748047, "num_identification_agreements": 3, "cluster": 0, "tavg": null, "tmin": -0.3, "tmax": 15.6, "prcp_d0": 0.0, "prcp_d1": 0.0, "prcp_d2": 0.0, "prcp_d3": 0.0, "prcp_d4": 0.0, "prcp_d5": 0.0, "prcp_d6": 0.0, "tmax_d0": 20.5, "tmax_d1": 15.4, "tmax_d2": 22.8, "tmax_d3": 22.1, "tmax_d4": 21.2, "tmax_d5": 19.9, "tmax_d6": 18.5, "tmin_d0": 5.5, "tmin_d1": 7.9, "tmin_d2": 6.7, "tmin_d3": 6.8, "tmin_d4": 5.9, "tmin_d5": 6.7, "tmin_d6": 5.7, "day_of_year": 249, "uuid": "70c44029-d44a-40bc-892b-701effa85b20", "inat_id": 312319120}}, {"type": "Feature", "geometry": {"type": "Point", "coordinates": [-103.4743277778, 44.2301611111]}, "properties": {"species": "Hypomyces lactifluorum", "date": "2025-09-13", "location": "Lawrence County, SD, USA", "elevation": 1350.0, "land_cover_label": "Tree cover", "water_mask": false, "exclude_reason": "keep", "ndvi": null, "soil_moisture": null, "solar_exposure": null, "wind_exposure": null, "water_retention": null, "slope": null, "aspect": null, "num_identification_agreements": 3, "cluster": 0, "tavg": null, "tmin": 15.0, "tmax": 29.0, "prcp_d0": 5.642402648925781, "prcp_d1": 5.642402648925781, "prcp_d2": 5.642402648925781, "prcp_d3": 0.0, "prcp_d4": 0.0, "prcp_d5": 0.0, "prcp_d6": 0.0, "tmax_d0": 24.0, "tmax_d1": 26.3, "tmax_d2": 30.2, "tmax_d3": 26.3, "tmax_d4": 24.9, "tmax_d5": 26.4, "tmax_d6": 23.4, "tmin_d0": 12.6, "tmin_d1": 16.6, "tmin_d2": 20.1, "tmin_d3": 14.5, "tmin_d4": 12.6, "tmin_d5": 13.6, "tmin_d6": 8.8, "day_of_year": 256, "uuid": "04f18853-87c8-4306-bfed-b8513f595c2f", "inat_id": 327326064}}, {"type": "Feature", "geometry": {"type": "Point", "coordinates": [-121.970496825, 45.3650311319]}, "properties": {"species": "Hypomyces lactifluorum", "date": "2025-09-13", "location": "Oregon, US", "elevation": 625.0, "land_cover_label": "Tree cover", "water_mask": false, "exclude_reason": "keep", "ndvi": null, "soil_moisture": null, "solar_exposure": null, "wind_exposure": null, "water_retention": null, "slope": null, "aspect": null, "num_identification_agreements": 3, "cluster": 0, "tavg": null, "tmin": 11.0, "tmax": 27.0, "prcp_d0": 0.0, "prcp_d1": 0.0, "prcp_d2": 0.0, "prcp_d3": 7.73724365234375, "prcp_d4": 15.4744873046875, "prcp_d5": 0.0, "prcp_d6": 0.0, "tmax_d0": 22.9, "tmax_d1": 19.2, "tmax_d2": 19.4, "tmax_d3": 20.5, "tmax_d4": 20.2, "tmax_d5": 23.1, "tmax_d6": 21.0, "tmin_d0": 9.1, "tmin_d1": 12.5, "tmin_d2": 12.7, "tmin_d3": 12.2, "tmin_d4": 12.5, "tmin_d5": 10.0, "tmin_d6": 12.3, "day_of_year": 256, "uuid": "8b98663b-4580-4568-a216-05f91c0c665a", "inat_id": 313782320}}, {"type": "Feature", "geometry": {"type": "Point", "coordinates": [-121.9932098217, 45.2018036763]}, "properties": {"species": "Hypomyces lactifluorum", "date": "2025-09-13", "location": "Oregon, US", "elevation": 768.0, "land_cover_label": "Tree cover", "water_mask": false, "exclude_reason": "keep", "ndvi": null, "soil_moisture": null, "solar_exposure": null, "wind_exposure": null, "water_retention": null, "slope": null, "aspect": null, "num_identification_agreements": 1, "cluster": 0, "tavg": null, "tmin": null, "tmax": null, "prcp_d0": 0.0, "prcp_d1": 0.0, "prcp_d2": 0.0, "prcp_d3": 16.658706665039062, "prcp_d4": 8.329353332519531, "prcp_d5": 0.0, "prcp_d6": 0.0, "tmax_d0": 22.7, "tmax_d1": 19.0, "tmax_d2": 18.1, "tmax_d3": 20.2, "tmax_d4": 19.4, "tmax_d5": 22.5, "tmax_d6": 20.5, "tmin_d0": 9.0, "tmin_d1": 11.6, "tmin_d2": 12.5, "tmin_d3": 11.9, "tmin_d4": 11.4, "tmin_d5": 9.5, "tmin_d6": 12.5, "day_of_year": 256, "uuid": "2edfe6da-1dd5-4093-9d10-fcef1dd42471", "inat_id": 314054970}}, {"type": "Feature", "geometry": {"type": "Point", "coordinates": [-122.0160194444, 45.6558388889]}, "properties": {"species": "Hypomyces lactifluorum", "date": "2025-09-21", "location": "Stevenson, WA 98648, USA", "elevation": 454.0, "land_cover_label": "Tree cover", "water_mask": false, "exclude_reason": "keep", "ndvi": null, "soil_moisture": null, "solar_exposure": null, "wind_exposure": null, "water_retention": null, "slope": null, "aspect": null, "num_identification_agreements": 1, "cluster": 0, "tavg": null, "tmin": 13.0, "tmax": 22.0, "prcp_d0": 5.152792930603027, "prcp_d1": 0.0, "prcp_d2": 0.0, "prcp_d3": 0.0, "prcp_d4": 0.0, "prcp_d5": 0.0, "prcp_d6": 0.0, "tmax_d0": 22.3, "tmax_d1": 23.6, "tmax_d2": 26.0, "tmax_d3": 23.7, "tmax_d4": 24.2, "tmax_d5": 23.5, "tmax_d6": 21.7, "tmin_d0": 10.8, "tmin_d1": 10.5, "tmin_d2": 9.4, "tmin_d3": 11.9, "tmin_d4": 11.2, "tmin_d5": 11.6, "tmin_d6": 6.0, "day_of_year": 264, "uuid": "c437bc6b-f85c-4c37-b29e-258eba89c3b8", "inat_id": 315804315}}, {"type": "Feature", "geometry": {"type": "Point", "coordinates": [-122.0682220459, 45.5339050293]}, "properties": {"species": "Hypomyces lactifluorum", "date": "2025-09-21", "location": "Multnomah County, US-OR, US", "elevation": 1060.0, "land_cover_label": "Tree cover", "water_mask": false, "exclude_reason": "keep", "ndvi": null, "soil_moisture": null, "solar_exposure": null, "wind_exposure": null, "water_retention": null, "slope": null, "aspect": null, "num_identification_agreements": 1, "cluster": 0, "tavg": null, "tmin": 13.0, "tmax": 22.0, "prcp_d0": 0.0, "prcp_d1": 0.0, "prcp_d2": 0.0, "prcp_d3": 0.0, "prcp_d4": 0.0, "prcp_d5": 0.0, "prcp_d6": 0.0, "tmax_d0": 17.9, "tmax_d1": 18.9, "tmax_d2": 19.3, "tmax_d3": 18.3, "tmax_d4": 21.4, "tmax_d5": 22.4, "tmax_d6": 18.2, "tmin_d0": 6.8, "tmin_d1": 9.2, "tmin_d2": 6.8, "tmin_d3": 8.5, "tmin_d4": 7.5, "tmin_d5": 11.5, "tmin_d6": 2.0, "day_of_year": 264, "uuid": "45a7bda4-66fe-4473-bf8b-4a5f54057e5d", "inat_id": 315705479}}, {"type": "Feature", "geometry": {"type": "Point", "coordinates": [-104.941372138, 39.1234129265]}, "properties": {"species": "Hypomyces lactifluorum", "date": "2025-09-21", "location": "Palmer Lake Trail, El Paso County, CO, USA", "elevation": 2415.0, "land_cover_label": "Tree cover", "water_mask": false, "exclude_reason": "keep", "ndvi": null, "soil_moisture": 0.2910107874604757, "solar_exposure": 0.9150568842887878, "wind_exposure": 0.2741709351539612, "water_retention": 0.1554536968469619, "slope": 12.40866470336914, "aspect": 139.8857421875, "num_identification_agreements": 3, "cluster": 0, "tavg": null, "tmin": 10.0, "tmax": 23.0, "prcp_d0": 0.0, "prcp_d1": 0.0, "prcp_d2": 0.0, "prcp_d3": 0.0, "prcp_d4": 16.447383880615234, "prcp_d5": 0.0, "prcp_d6": 0.0, "tmax_d0": 20.1, "tmax_d1": 20.6, "tmax_d2": 21.6, "tmax_d3": 16.1, "tmax_d4": 16.0, "tmax_d5": 22.6, "tmax_d6": 22.9, "tmin_d0": 4.2, "tmin_d1": 4.3, "tmin_d2": 2.2, "tmin_d3": 2.1, "tmin_d4": 3.7, "tmin_d5": 5.4, "tmin_d6": 3.3, "day_of_year": 264, "uuid": "b70975d8-9123-4b8f-a0b0-53d2ad8f9d9d", "inat_id": 325308682}}, {"type": "Feature", "geometry": {"type": "Point", "coordinates": [-105.267052, 39.34734]}, "properties": {"species": "Hypomyces lactifluorum", "date": "2025-09-22", "location": "Pine, CO 80470, USA", "elevation": 2360.0, "land_cover_label": "Tree cover", "water_mask": false, "exclude_reason": "keep", "ndvi": null, "soil_moisture": 0.3257537196601547, "solar_exposure": 0.8098143935203552, "wind_exposure": 0.386594146490097, "water_retention": 0.3509070873260498, "slope": 8.27600383758545, "aspect": 282.9380798339844, "num_identification_agreements": 1, "cluster": 0, "tavg": null, "tmin": 3.0, "tmax": 12.0, "prcp_d0": 0.0, "prcp_d1": 0.0, "prcp_d2": 0.0, "prcp_d3": 0.0, "prcp_d4": 0.0, "prcp_d5": 0.0, "prcp_d6": 16.022701263427734, "tmax_d0": 20.6, "tmax_d1": 20.4, "tmax_d2": 21.4, "tmax_d3": 22.2, "tmax_d4": 17.0, "tmax_d5": 15.9, "tmax_d6": 21.7, "tmin_d0": 6.2, "tmin_d1": 5.9, "tmin_d2": 6.0, "tmin_d3": 3.7, "tmin_d4": 3.7, "tmin_d5": 3.5, "tmin_d6": 4.8, "day_of_year": 265, "uuid": "c07ff3cf-baf1-4df9-ad25-1638fda2afd9", "inat_id": 316361163}}, {"type": "Feature", "geometry": {"type": "Point", "coordinates": [-105.2824664678, 38.9911107522]}, "properties": {"species": "Hypomyces lactifluorum", "date": "2025-09-24", "location": "Teller County, US-CO, US", "elevation": 2700.0, "land_cover_label": "Tree cover", "water_mask": false, "exclude_reason": "keep", "ndvi": null, "soil_moisture": null, "solar_exposure": null, "wind_exposure": null, "water_retention": null, "slope": null, "aspect": null, "num_identification_agreements": 1, "cluster": 0, "tavg": null, "tmin": 1.0, "tmax": 10.0, "prcp_d0": 0.0, "prcp_d1": 0.0, "prcp_d2": 0.0, "prcp_d3": 0.0, "prcp_d4": 0.0, "prcp_d5": 0.0, "prcp_d6": 0.0, "tmax_d0": 15.6, "tmax_d1": 9.8, "tmax_d2": 18.9, "tmax_d3": 18.5, "tmax_d4": 19.2, "tmax_d5": 19.5, "tmax_d6": 18.6, "tmin_d0": 2.4, "tmin_d1": 3.8, "tmin_d2": 3.3, "tmin_d3": 2.1, "tmin_d4": 3.1, "tmin_d5": 0.6, "tmin_d6": 2.0, "day_of_year": 267, "uuid": "64e1bce3-dcbd-43c9-8bb0-154a38850232", "inat_id": 316330154}}, {"type": "Feature", "geometry": {"type": "Point", "coordinates": [-106.5155258706, 35.8207782563]}, "properties": {"species": "Hypomyces lactifluorum", "date": "2025-09-27", "location": "Jemez Springs, NM, US", "elevation": 2638.0, "land_cover_label": "Tree cover", "water_mask": false, "exclude_reason": "keep", "ndvi": null, "soil_moisture": null, "solar_exposure": null, "wind_exposure": null, "water_retention": null, "slope": null, "aspect": null, "num_identification_agreements": 2, "cluster": 0, "tavg": null, "tmin": 12.0, "tmax": 17.0, "prcp_d0": 0.0, "prcp_d1": 0.0, "prcp_d2": 0.0, "prcp_d3": 0.0, "prcp_d4": 0.0, "prcp_d5": 7.891487121582031, "prcp_d6": 0.0, "tmax_d0": 14.1, "tmax_d1": 19.0, "tmax_d2": 19.8, "tmax_d3": 15.6, "tmax_d4": 16.6, "tmax_d5": 19.3, "tmax_d6": 20.7, "tmin_d0": 7.3, "tmin_d1": 5.7, "tmin_d2": 2.8, "tmin_d3": 3.3, "tmin_d4": 3.3, "tmin_d5": 7.8, "tmin_d6": 4.7, "day_of_year": 270, "uuid": "d2eb560e-12a5-4f62-8b80-b26fc2a78f60", "inat_id": 317160646}}, {"type": "Feature", "geometry": {"type": "Point", "coordinates": [-121.8223493546, 45.3197460572]}, "properties": {"species": "Hypomyces lactifluorum", "date": "2025-09-28", "location": "Rhododendron, OR 97049, USA", "elevation": 891.0, "land_cover_label": "Tree cover", "water_mask": false, "exclude_reason": "keep", "ndvi": null, "soil_moisture": null, "solar_exposure": null, "wind_exposure": null, "water_retention": null, "slope": null, "aspect": null, "num_identification_agreements": 2, "cluster": 0, "tavg": null, "tmin": 7.0, "tmax": 25.0, "prcp_d0": 0.0, "prcp_d1": 0.0, "prcp_d2": 0.0, "prcp_d3": 0.0, "prcp_d4": 0.0, "prcp_d5": 0.0, "prcp_d6": 0.0, "tmax_d0": 22.0, "tmax_d1": 25.2, "tmax_d2": 18.2, "tmax_d3": 23.8, "tmax_d4": 27.3, "tmax_d5": 25.5, "tmax_d6": 22.7, "tmin_d0": 11.6, "tmin_d1": 9.1, "tmin_d2": 4.6, "tmin_d3": 10.5, "tmin_d4": 10.5, "tmin_d5": 10.5, "tmin_d6": 3.1, "day_of_year": 271, "uuid": "004ac378-540f-4e85-971f-a9fd4308cb2d", "inat_id": 317474442}}, {"type": "Feature", "geometry": {"type": "Point", "coordinates": [-121.823255606, 45.3190074498]}, "properties": {"species": "Hypomyces lactifluorum", "date": "2025-09-28", "location": "Rhododendron, OR 97049, USA", "elevation": 857.0, "land_cover_label": "Tree cover", "water_mask": false, "exclude_reason": "keep", "ndvi": null, "soil_moisture": null, "solar_exposure": null, "wind_exposure": null, "water_retention": null, "slope": null, "aspect": null, "num_identification_agreements": 2, "cluster": 0, "tavg": null, "tmin": 7.0, "tmax": 25.0, "prcp_d0": 0.0, "prcp_d1": 0.0, "prcp_d2": 0.0, "prcp_d3": 0.0, "prcp_d4": 0.0, "prcp_d5": 0.0, "prcp_d6": 0.0, "tmax_d0": 21.7, "tmax_d1": 24.5, "tmax_d2": 17.7, "tmax_d3": 22.3, "tmax_d4": 26.4, "tmax_d5": 24.0, "tmax_d6": 22.0, "tmin_d0": 9.7, "tmin_d1": 8.6, "tmin_d2": 4.2, "tmin_d3": 10.7, "tmin_d4": 10.9, "tmin_d5": 11.4, "tmin_d6": 2.4, "day_of_year": 271, "uuid": "f68b4729-c35b-469c-ae34-9a0ce14503e2", "inat_id": 317473198}}, {"type": "Feature", "geometry": {"type": "Point", "coordinates": [-121.93980524, 45.29386106]}, "properties": {"species": "Hypomyces lactifluorum", "date": "2025-09-28", "location": "Clackamas County, US-OR, US", "elevation": 497.0, "land_cover_label": "Tree cover", "water_mask": false, "exclude_reason": "keep", "ndvi": null, "soil_moisture": null, "solar_exposure": null, "wind_exposure": null, "water_retention": null, "slope": null, "aspect": null, "num_identification_agreements": 1, "cluster": 0, "tavg": null, "tmin": 8.0, "tmax": 24.0, "prcp_d0": 0.0, "prcp_d1": 0.0, "prcp_d2": 0.0, "prcp_d3": 0.0, "prcp_d4": 0.0, "prcp_d5": 0.0, "prcp_d6": 0.0, "tmax_d0": 24.3, "tmax_d1": 27.1, "tmax_d2": 20.3, "tmax_d3": 24.9, "tmax_d4": 29.0, "tmax_d5": 26.6, "tmax_d6": 24.6, "tmin_d0": 12.3, "tmin_d1": 11.2, "tmin_d2": 6.8, "tmin_d3": 13.3, "tmin_d4": 13.5, "tmin_d5": 14.0, "tmin_d6": 5.0, "day_of_year": 271, "uuid": "425d444b-2682-4881-a088-c3f28766491a", "inat_id": 317436449}}, {"type": "Feature", "geometry": {"type": "Point", "coordinates": [-121.9094943032, 45.345309298]}, "properties": {"species": "Hypomyces lactifluorum", "date": "2025-09-28", "location": "Oregon, US", "elevation": 717.0, "land_cover_label": "Tree cover", "water_mask": false, "exclude_reason": "keep", "ndvi": null, "soil_moisture": null, "solar_exposure": null, "wind_exposure": null, "water_retention": null, "slope": null, "aspect": null, "num_identification_agreements": 1, "cluster": 0, "tavg": null, "tmin": 8.0, "tmax": 24.0, "prcp_d0": 0.0, "prcp_d1": 0.0, "prcp_d2": 0.0, "prcp_d3": 0.0, "prcp_d4": 0.0, "prcp_d5": 0.0, "prcp_d6": 0.0, "tmax_d0": 21.3, "tmax_d1": 24.6, "tmax_d2": 18.3, "tmax_d3": 23.2, "tmax_d4": 25.7, "tmax_d5": 26.7, "tmax_d6": 22.7, "tmin_d0": 9.4, "tmin_d1": 8.1, "tmin_d2": 4.0, "tmin_d3": 9.8, "tmin_d4": 10.3, "tmin_d5": 11.2, "tmin_d6": 1.9, "day_of_year": 271, "uuid": "2fe55838-37c0-4bfa-9652-946b11f990f4", "inat_id": 317436476}}, {"type": "Feature", "geometry": {"type": "Point", "coordinates": [-121.8233012035, 45.3190477634]}, "properties": {"species": "Hypomyces lactifluorum", "date": "2025-09-28", "location": "Rhododendron, OR 97049, USA", "elevation": 857.0, "land_cover_label": "Tree cover", "water_mask": false, "exclude_reason": "keep", "ndvi": null, "soil_moisture": null, "solar_exposure": null, "wind_exposure": null, "water_retention": null, "slope": null, "aspect": null, "num_identification_agreements": 3, "cluster": 0, "tavg": null, "tmin": 7.0, "tmax": 25.0, "prcp_d0": 0.0, "prcp_d1": 0.0, "prcp_d2": 0.0, "prcp_d3": 0.0, "prcp_d4": 0.0, "prcp_d5": 0.0, "prcp_d6": 0.0, "tmax_d0": 21.7, "tmax_d1": 24.5, "tmax_d2": 17.7, "tmax_d3": 22.3, "tmax_d4": 26.4, "tmax_d5": 24.0, "tmax_d6": 22.0, "tmin_d0": 9.7, "tmin_d1": 8.6, "tmin_d2": 4.2, "tmin_d3": 10.7, "tmin_d4": 10.9, "tmin_d5": 11.4, "tmin_d6": 2.4, "day_of_year": 271, "uuid": "b2f4093a-a21b-4d92-bfb4-550d194ce8b5", "inat_id": 317473119}}, {"type": "Feature", "geometry": {"type": "Point", "coordinates": [-122.220161438, 45.5374145508]}, "properties": {"species": "Hypomyces lactifluorum", "date": "2025-09-30", "location": "Corbett", "elevation": 188.0, "land_cover_label": "Tree cover", "water_mask": false, "exclude_reason": "keep", "ndvi": null, "soil_moisture": null, "solar_exposure": null, "wind_exposure": null, "water_retention": null, "slope": null, "aspect": null, "num_identification_agreements": 1, "cluster": 0, "tavg": null, "tmin": 10.0, "tmax": 22.0, "prcp_d0": 0.0, "prcp_d1": 27.32875061035156, "prcp_d2": 0.0, "prcp_d3": 0.0, "prcp_d4": 0.0, "prcp_d5": 0.0, "prcp_d6": 0.0, "tmax_d0": 21.4, "tmax_d1": 22.8, "tmax_d2": 23.4, "tmax_d3": 25.5, "tmax_d4": 20.2, "tmax_d5": 24.8, "tmax_d6": 26.0, "tmin_d0": 9.8, "tmin_d1": 13.6, "tmin_d2": 11.2, "tmin_d3": 9.8, "tmin_d4": 7.2, "tmin_d5": 10.4, "tmin_d6": 11.5, "day_of_year": 273, "uuid": "a66ea6ce-acb8-4386-aa8e-291b094a864a", "inat_id": 317831180}}, {"type": "Feature", "geometry": {"type": "Point", "coordinates": [-121.90626005, 45.31694921]}, "properties": {"species": "Hypomyces lactifluorum", "date": "2025-10-03", "location": "Clackamas County, US-OR, US", "elevation": 552.0, "land_cover_label": "Tree cover", "water_mask": false, "exclude_reason": "keep", "ndvi": null, "soil_moisture": null, "solar_exposure": null, "wind_exposure": null, "water_retention": null, "slope": null, "aspect": null, "num_identification_agreements": 1, "cluster": 0, "tavg": null, "tmin": 10.0, "tmax": 19.0, "prcp_d0": 0.0, "prcp_d1": 2.155501127243042, "prcp_d2": 13.30849552154541, "prcp_d3": 0.0, "prcp_d4": 23.867595672607425, "prcp_d5": 0.0, "prcp_d6": 0.0, "tmax_d0": 15.3, "tmax_d1": 16.3, "tmax_d2": 13.9, "tmax_d3": 18.6, "tmax_d4": 20.7, "tmax_d5": 23.9, "tmax_d6": 26.7, "tmin_d0": 5.7, "tmin_d1": 7.7, "tmin_d2": 9.9, "tmin_d3": 8.2, "tmin_d4": 12.2, "tmin_d5": 11.9, "tmin_d6": 10.8, "day_of_year": 276, "uuid": "4a0c491f-7f90-456b-b373-93c8292015e0", "inat_id": 318547490}}, {"type": "Feature", "geometry": {"type": "Point", "coordinates": [-121.90041834, 45.31168668]}, "properties": {"species": "Hypomyces lactifluorum", "date": "2025-10-03", "location": "Clackamas County, US-OR, US", "elevation": 744.0, "land_cover_label": "Tree cover", "water_mask": false, "exclude_reason": "keep", "ndvi": null, "soil_moisture": null, "solar_exposure": null, "wind_exposure": null, "water_retention": null, "slope": null, "aspect": null, "num_identification_agreements": 1, "cluster": 0, "tavg": null, "tmin": 10.0, "tmax": 19.0, "prcp_d0": 0.0, "prcp_d1": 2.155501127243042, "prcp_d2": 13.30849552154541, "prcp_d3": 0.0, "prcp_d4": 23.867595672607425, "prcp_d5": 0.0, "prcp_d6": 0.0, "tmax_d0": 14.2, "tmax_d1": 15.2, "tmax_d2": 12.8, "tmax_d3": 17.5, "tmax_d4": 19.5, "tmax_d5": 22.7, "tmax_d6": 25.6, "tmin_d0": 4.5, "tmin_d1": 6.6, "tmin_d2": 8.8, "tmin_d3": 7.1, "tmin_d4": 11.0, "tmin_d5": 10.8, "tmin_d6": 9.7, "day_of_year": 276, "uuid": "964acb07-61b7-4c54-8610-d869560e6c2b", "inat_id": 318547722}}, {"type": "Feature", "geometry": {"type": "Point", "coordinates": [-122.010955587, 45.6451348075]}, "properties": {"species": "Hypomyces lactifluorum", "date": "2025-10-03", "location": "Stevenson, WA 98648, USA", "elevation": 399.0, "land_cover_label": "Tree cover", "water_mask": false, "exclude_reason": "keep", "ndvi": null, "soil_moisture": null, "solar_exposure": null, "wind_exposure": null, "water_retention": null, "slope": null, "aspect": null, "num_identification_agreements": 2, "cluster": 0, "tavg": null, "tmin": 10.0, "tmax": 19.0, "prcp_d0": 0.0, "prcp_d1": 0.0, "prcp_d2": 0.0, "prcp_d3": 0.0, "prcp_d4": 0.0, "prcp_d5": 0.0, "prcp_d6": 0.0, "tmax_d0": 15.4, "tmax_d1": 15.2, "tmax_d2": 13.8, "tmax_d3": 19.7, "tmax_d4": 20.9, "tmax_d5": 23.2, "tmax_d6": 24.9, "tmin_d0": 8.0, "tmin_d1": 8.3, "tmin_d2": 10.7, "tmin_d3": 9.0, "tmin_d4": 12.1, "tmin_d5": 10.7, "tmin_d6": 10.4, "day_of_year": 276, "uuid": "ff4444a6-f6e3-438b-b043-30125691c8de", "inat_id": 318480996}}, {"type": "Feature", "geometry": {"type": "Point", "coordinates": [-121.90466161, 45.31585312]}, "properties": {"species": "Hypomyces lactifluorum", "date": "2025-10-03", "location": "Clackamas County, US-OR, US", "elevation": 627.0, "land_cover_label": "Tree cover", "water_mask": false, "exclude_reason": "keep", "ndvi": null, "soil_moisture": null, "solar_exposure": null, "wind_exposure": null, "water_retention": null, "slope": null, "aspect": null, "num_identification_agreements": 1, "cluster": 0, "tavg": null, "tmin": 10.0, "tmax": 19.0, "prcp_d0": 0.0, "prcp_d1": 2.155501127243042, "prcp_d2": 13.30849552154541, "prcp_d3": 0.0, "prcp_d4": 23.867595672607425, "prcp_d5": 0.0, "prcp_d6": 0.0, "tmax_d0": 14.9, "tmax_d1": 15.9, "tmax_d2": 13.5, "tmax_d3": 18.2, "tmax_d4": 20.3, "tmax_d5": 23.5, "tmax_d6": 26.3, "tmin_d0": 5.3, "tmin_d1": 7.3, "tmin_d2": 9.5, "tmin_d3": 7.8, "tmin_d4": 11.8, "tmin_d5": 11.5, "tmin_d6": 10.4, "day_of_year": 276, "uuid": "92461f44-9f0e-44dd-923b-e9869f99d04d", "inat_id": 318547555}}, {"type": "Feature", "geometry": {"type": "Point", "coordinates": [-121.8667216667, 45.2989]}, "properties": {"species": "Hypomyces lactifluorum", "date": "2025-10-04", "location": "Mt. Hood Park Division Recreation Area, Rhododendron, OR, US", "elevation": 720.0, "land_cover_label": "Tree cover", "water_mask": false, "exclude_reason": "keep", "ndvi": null, "soil_moisture": null, "solar_exposure": null, "wind_exposure": null, "water_retention": null, "slope": null, "aspect": null, "num_identification_agreements": 2, "cluster": 0, "tavg": null, "tmin": 10.0, "tmax": 20.0, "prcp_d0": 0.0, "prcp_d1": 0.0, "prcp_d2": 0.0, "prcp_d3": 11.962407112121582, "prcp_d4": 0.0, "prcp_d5": 23.20207977294922, "prcp_d6": 0.0, "tmax_d0": 13.0, "tmax_d1": 14.2, "tmax_d2": 15.2, "tmax_d3": 12.8, "tmax_d4": 17.5, "tmax_d5": 19.6, "tmax_d6": 22.8, "tmin_d0": 8.7, "tmin_d1": 4.6, "tmin_d2": 6.6, "tmin_d3": 8.8, "tmin_d4": 7.1, "tmin_d5": 11.1, "tmin_d6": 10.8, "day_of_year": 277, "uuid": "dbdf062c-e975-47cd-90ad-7f1714d368ea", "inat_id": 319050810}}, {"type": "Feature", "geometry": {"type": "Point", "coordinates": [-122.1189, 45.5686777778]}, "properties": {"species": "Hypomyces lactifluorum", "date": "2025-10-04", "location": "Corbett, OR 97019, USA", "elevation": 459.0, "land_cover_label": "Tree cover", "water_mask": false, "exclude_reason": "keep", "ndvi": null, "soil_moisture": null, "solar_exposure": null, "wind_exposure": null, "water_retention": null, "slope": null, "aspect": null, "num_identification_agreements": 1, "cluster": 0, "tavg": null, "tmin": 11.0, "tmax": 19.0, "prcp_d0": 0.0, "prcp_d1": 0.0, "prcp_d2": 0.0, "prcp_d3": 0.0, "prcp_d4": 0.0, "prcp_d5": 23.67952537536621, "prcp_d6": 0.0, "tmax_d0": 15.5, "tmax_d1": 14.0, "tmax_d2": 14.9, "tmax_d3": 13.3, "tmax_d4": 18.5, "tmax_d5": 20.0, "tmax_d6": 20.7, "tmin_d0": 10.3, "tmin_d1": 8.5, "tmin_d2": 8.9, "tmin_d3": 10.6, "tmin_d4": 9.2, "tmin_d5": 12.4, "tmin_d6": 11.1, "day_of_year": 277, "uuid": "356a6e06-a478-4e02-b17a-4732c1d0b145", "inat_id": 319901142}}, {"type": "Feature", "geometry": {"type": "Point", "coordinates": [-122.5496223575, 45.0628618166]}, "properties": {"species": "Hypomyces lactifluorum", "date": "2025-10-05", "location": "Clackamas County, US-OR, US", "elevation": 436.0, "land_cover_label": "Tree cover", "water_mask": false, "exclude_reason": "keep", "ndvi": null, "soil_moisture": null, "solar_exposure": null, "wind_exposure": null, "water_retention": null, "slope": null, "aspect": null, "num_identification_agreements": 3, "cluster": 0, "tavg": null, "tmin": 12.0, "tmax": 22.0, "prcp_d0": 0.0, "prcp_d1": 0.0, "prcp_d2": 0.0, "prcp_d3": 3.429295063018799, "prcp_d4": 9.976693153381348, "prcp_d5": 0.0, "prcp_d6": 23.10763359069824, "tmax_d0": 20.3, "tmax_d1": 15.6, "tmax_d2": 15.1, "tmax_d3": 15.1, "tmax_d4": 14.4, "tmax_d5": 19.1, "tmax_d6": 21.1, "tmin_d0": 8.3, "tmin_d1": 10.8, "tmin_d2": 8.9, "tmin_d3": 11.1, "tmin_d4": 11.5, "tmin_d5": 10.2, "tmin_d6": 12.9, "day_of_year": 278, "uuid": "ff707b4f-d9f8-4838-baf0-e749adf16411", "inat_id": 319611640}}, {"type": "Feature", "geometry": {"type": "Point", "coordinates": [-122.0663687136, 45.2340060003]}, "properties": {"species": "Hypomyces lactifluorum", "date": "2025-10-05", "location": "Oregon, US", "elevation": 1097.0, "land_cover_label": "Tree cover", "water_mask": false, "exclude_reason": "keep", "ndvi": null, "soil_moisture": null, "solar_exposure": null, "wind_exposure": null, "water_retention": null, "slope": null, "aspect": null, "num_identification_agreements": 2, "cluster": 0, "tavg": null, "tmin": 9.0, "tmax": 23.0, "prcp_d0": 0.0, "prcp_d1": 0.0, "prcp_d2": 0.0, "prcp_d3": 2.554741144180298, "prcp_d4": 12.027021408081056, "prcp_d5": 0.0, "prcp_d6": 24.17248916625977, "tmax_d0": 14.4, "tmax_d1": 11.1, "tmax_d2": 12.1, "tmax_d3": 12.6, "tmax_d4": 10.7, "tmax_d5": 15.6, "tmax_d6": 18.2, "tmin_d0": 3.4, "tmin_d1": 6.3, "tmin_d2": 3.4, "tmin_d3": 4.3, "tmin_d4": 6.6, "tmin_d5": 4.9, "tmin_d6": 8.9, "day_of_year": 278, "uuid": "120d636f-d364-4ff9-bfde-b6e2fae8657f", "inat_id": 319045526}}, {"type": "Feature", "geometry": {"type": "Point", "coordinates": [-121.8188858032, 45.3884315491]}, "properties": {"species": "Hypomyces lactifluorum", "date": "2025-10-06", "location": "Rhododendron", "elevation": 805.0, "land_cover_label": "Tree cover", "water_mask": false, "exclude_reason": "keep", "ndvi": null, "soil_moisture": null, "solar_exposure": null, "wind_exposure": null, "water_retention": null, "slope": null, "aspect": null, "num_identification_agreements": 2, "cluster": 0, "tavg": null, "tmin": 1.0, "tmax": 23.0, "prcp_d0": 0.0, "prcp_d1": 0.0, "prcp_d2": 0.0, "prcp_d3": 0.0, "prcp_d4": 0.0, "prcp_d5": 14.127676010131836, "prcp_d6": 0.0, "tmax_d0": 18.0, "tmax_d1": 16.0, "tmax_d2": 12.3, "tmax_d3": 13.8, "tmax_d4": 15.1, "tmax_d5": 12.0, "tmax_d6": 16.6, "tmin_d0": 4.6, "tmin_d1": 3.8, "tmin_d2": 7.4, "tmin_d3": 4.8, "tmin_d4": 6.2, "tmin_d5": 8.4, "tmin_d6": 6.6, "day_of_year": 279, "uuid": "48dacf67-2015-4592-ae69-4da4dca2bba9", "inat_id": 319436578}}, {"type": "Feature", "geometry": {"type": "Point", "coordinates": [-122.2581928968, 45.4156234913]}, "properties": {"species": "Hypomyces lactifluorum", "date": "2025-10-09", "location": "Sandy, OR 97055, USA", "elevation": 131.0, "land_cover_label": "Tree cover", "water_mask": false, "exclude_reason": "keep", "ndvi": null, "soil_moisture": null, "solar_exposure": null, "wind_exposure": null, "water_retention": null, "slope": null, "aspect": null, "num_identification_agreements": 2, "cluster": 0, "tavg": null, "tmin": 8.9, "tmax": 17.2, "prcp_d0": 21.30506134033203, "prcp_d1": 0.983315110206604, "prcp_d2": 1.9733040517166955e-06, "prcp_d3": 0.0, "prcp_d4": 0.0, "prcp_d5": 0.0, "prcp_d6": 0.0, "tmax_d0": 15.8, "tmax_d1": 24.6, "tmax_d2": 24.6, "tmax_d3": 23.0, "tmax_d4": 21.1, "tmax_d5": 18.0, "tmax_d6": 16.8, "tmin_d0": 7.2, "tmin_d1": 9.4, "tmin_d2": 13.2, "tmin_d3": 6.4, "tmin_d4": 8.5, "tmin_d5": 12.1, "tmin_d6": 7.2, "day_of_year": 282, "uuid": "b607f063-3780-4c98-87db-659fc2938a4a", "inat_id": 319932646}}, {"type": "Feature", "geometry": {"type": "Point", "coordinates": [-122.04640361, 45.37185184]}, "properties": {"species": "Hypomyces lactifluorum", "date": "2025-10-10", "location": "Mt Hood Village, OR, USA", "elevation": 455.0, "land_cover_label": "Tree cover", "water_mask": false, "exclude_reason": "keep", "ndvi": null, "soil_moisture": null, "solar_exposure": null, "wind_exposure": null, "water_retention": null, "slope": null, "aspect": null, "num_identification_agreements": 2, "cluster": 0, "tavg": null, "tmin": 10.6, "tmax": 15.0, "prcp_d0": 6.353589057922363, "prcp_d1": 13.042327880859377, "prcp_d2": 0.0, "prcp_d3": 0.0, "prcp_d4": 0.0, "prcp_d5": 0.0, "prcp_d6": 0.0, "tmax_d0": 13.7, "tmax_d1": 15.0, "tmax_d2": 22.4, "tmax_d3": 24.6, "tmax_d4": 22.1, "tmax_d5": 20.3, "tmax_d6": 15.2, "tmin_d0": 7.6, "tmin_d1": 6.7, "tmin_d2": 6.9, "tmin_d3": 13.1, "tmin_d4": 7.7, "tmin_d5": 5.2, "tmin_d6": 10.4, "day_of_year": 283, "uuid": "bfbb769c-8235-4b22-bcdf-52e4db714beb", "inat_id": 320078425}}, {"type": "Feature", "geometry": {"type": "Point", "coordinates": [-121.9245117055, 45.2665543352]}, "properties": {"species": "Hypomyces lactifluorum", "date": "2025-10-10", "location": "Clackamas County, OR, USA", "elevation": 559.0, "land_cover_label": "Tree cover", "water_mask": false, "exclude_reason": "keep", "ndvi": null, "soil_moisture": null, "solar_exposure": null, "wind_exposure": null, "water_retention": null, "slope": null, "aspect": null, "num_identification_agreements": 2, "cluster": 0, "tavg": null, "tmin": 10.6, "tmax": 15.0, "prcp_d0": 5.524641513824463, "prcp_d1": 10.375179290771484, "prcp_d2": 0.0, "prcp_d3": 0.0, "prcp_d4": 0.0, "prcp_d5": 0.0, "prcp_d6": 0.0, "tmax_d0": 18.3, "tmax_d1": 18.7, "tmax_d2": 20.7, "tmax_d3": 23.7, "tmax_d4": 19.6, "tmax_d5": 18.2, "tmax_d6": 14.1, "tmin_d0": 7.2, "tmin_d1": 8.2, "tmin_d2": 7.6, "tmin_d3": 11.1, "tmin_d4": 7.3, "tmin_d5": 5.9, "tmin_d6": 9.8, "day_of_year": 283, "uuid": "f24eddaa-852a-40e1-9616-113b76017aa3", "inat_id": 322889342}}, {"type": "Feature", "geometry": {"type": "Point", "coordinates": [-122.0331028333, 45.3817533333]}, "properties": {"species": "Hypomyces lactifluorum", "date": "2025-10-11", "location": "E Barlow Trail Rd, Brightwood, OR, US", "elevation": 337.0, "land_cover_label": "Tree cover", "water_mask": false, "exclude_reason": "keep", "ndvi": null, "soil_moisture": null, "solar_exposure": null, "wind_exposure": null, "water_retention": null, "slope": null, "aspect": null, "num_identification_agreements": 1, "cluster": 0, "tavg": null, "tmin": 10.0, "tmax": 14.0, "prcp_d0": 0.0, "prcp_d1": 6.353589057922363, "prcp_d2": 13.042327880859377, "prcp_d3": 0.0, "prcp_d4": 0.0, "prcp_d5": 0.0, "prcp_d6": 0.0, "tmax_d0": 12.3, "tmax_d1": 14.3, "tmax_d2": 15.6, "tmax_d3": 23.0, "tmax_d4": 25.2, "tmax_d5": 22.7, "tmax_d6": 20.9, "tmin_d0": 8.0, "tmin_d1": 8.2, "tmin_d2": 7.3, "tmin_d3": 7.5, "tmin_d4": 13.7, "tmin_d5": 8.3, "tmin_d6": 5.8, "day_of_year": 284, "uuid": "b5b66528-0307-419f-96b3-c2c73532615d", "inat_id": 320314297}}, {"type": "Feature", "geometry": {"type": "Point", "coordinates": [-121.9397666667, 45.3418283333]}, "properties": {"species": "Hypomyces lactifluorum", "date": "2025-10-11", "location": "Hunchback Trail, Rhododendron, OR, US", "elevation": 455.0, "land_cover_label": "Tree cover", "water_mask": false, "exclude_reason": "keep", "ndvi": null, "soil_moisture": null, "solar_exposure": null, "wind_exposure": null, "water_retention": null, "slope": null, "aspect": null, "num_identification_agreements": 1, "cluster": 0, "tavg": null, "tmin": 10.0, "tmax": 14.0, "prcp_d0": 0.0, "prcp_d1": 5.675601005554199, "prcp_d2": 11.293428421020508, "prcp_d3": 0.0, "prcp_d4": 0.0, "prcp_d5": 0.0, "prcp_d6": 0.0, "tmax_d0": 11.4, "tmax_d1": 17.3, "tmax_d2": 17.8, "tmax_d3": 21.9, "tmax_d4": 24.5, "tmax_d5": 21.0, "tmax_d6": 19.1, "tmin_d0": 7.7, "tmin_d1": 7.3, "tmin_d2": 8.0, "tmin_d3": 7.5, "tmin_d4": 10.9, "tmin_d5": 6.9, "tmin_d6": 5.1, "day_of_year": 284, "uuid": "6f0281ee-cb79-429d-8a07-2d021ea81fd1", "inat_id": 320291151}}, {"type": "Feature", "geometry": {"type": "Point", "coordinates": [-122.1302944444, 45.5608333333]}, "properties": {"species": "Hypomyces lactifluorum", "date": "2025-10-12", "location": "Corbett, OR 97019, USA", "elevation": 711.0, "land_cover_label": "Tree cover", "water_mask": false, "exclude_reason": "keep", "ndvi": null, "soil_moisture": null, "solar_exposure": null, "wind_exposure": null, "water_retention": null, "slope": null, "aspect": null, "num_identification_agreements": 2, "cluster": 0, "tavg": null, "tmin": 7.0, "tmax": 13.0, "prcp_d0": 0.0, "prcp_d1": 0.0, "prcp_d2": 7.347814559936523, "prcp_d3": 18.179363250732425, "prcp_d4": 0.6763437986373901, "prcp_d5": 0.0, "prcp_d6": 0.0, "tmax_d0": 8.0, "tmax_d1": 10.7, "tmax_d2": 14.8, "tmax_d3": 15.1, "tmax_d4": 18.7, "tmax_d5": 19.4, "tmax_d6": 16.6, "tmin_d0": 5.0, "tmin_d1": 6.0, "tmin_d2": 6.6, "tmin_d3": 6.3, "tmin_d4": 6.2, "tmin_d5": 8.1, "tmin_d6": 7.3, "day_of_year": 285, "uuid": "41d71b78-7b0e-42e3-a2ed-a726194d84f1", "inat_id": 321868080}}, {"type": "Feature", "geometry": {"type": "Point", "coordinates": [-121.8511978627, 45.6743568004]}, "properties": {"species": "Hypomyces lactifluorum", "date": "2025-10-16", "location": "Cascade Locks, OR, US", "elevation": 83.0, "land_cover_label": "Tree cover", "water_mask": false, "exclude_reason": "keep", "ndvi": null, "soil_moisture": null, "solar_exposure": null, "wind_exposure": null, "water_retention": null, "slope": null, "aspect": null, "num_identification_agreements": 2, "cluster": 0, "tavg": null, "tmin": 2.0, "tmax": 17.0, "prcp_d0": 35.38542175292969, "prcp_d1": 0.0, "prcp_d2": 0.0, "prcp_d3": 0.0, "prcp_d4": 0.0, "prcp_d5": 0.0, "prcp_d6": 5.493749141693115, "tmax_d0": 16.5, "tmax_d1": 16.2, "tmax_d2": 14.0, "tmax_d3": 12.7, "tmax_d4": 12.0, "tmax_d5": 15.0, "tmax_d6": 17.9, "tmin_d0": 4.3, "tmin_d1": 5.1, "tmin_d2": 6.2, "tmin_d3": 5.7, "tmin_d4": 9.2, "tmin_d5": 10.3, "tmin_d6": 10.5, "day_of_year": 289, "uuid": "29003662-7d23-4576-afde-cd1b8889cc9d", "inat_id": 322934698}}, {"type": "Feature", "geometry": {"type": "Point", "coordinates": [-122.2629937016, 45.4642528931]}, "properties": {"species": "Hypomyces lactifluorum", "date": "2025-10-16", "location": "Corbett, OR, US", "elevation": 135.0, "land_cover_label": "Tree cover", "water_mask": false, "exclude_reason": "keep", "ndvi": null, "soil_moisture": null, "solar_exposure": null, "wind_exposure": null, "water_retention": null, "slope": null, "aspect": null, "num_identification_agreements": 2, "cluster": 0, "tavg": null, "tmin": 4.0, "tmax": 17.0, "prcp_d0": 0.0, "prcp_d1": 0.0, "prcp_d2": 0.0, "prcp_d3": 5.249322414398193, "prcp_d4": 11.691224098205566, "prcp_d5": 2.690173387527466, "prcp_d6": 6.074175834655762, "tmax_d0": 16.0, "tmax_d1": 16.9, "tmax_d2": 16.5, "tmax_d3": 13.6, "tmax_d4": 12.0, "tmax_d5": 15.1, "tmax_d6": 15.0, "tmin_d0": 3.7, "tmin_d1": 3.9, "tmin_d2": 3.6, "tmin_d3": 3.7, "tmin_d4": 8.7, "tmin_d5": 8.9, "tmin_d6": 9.5, "day_of_year": 289, "uuid": "f60970f8-45ca-4948-ab3e-13bb8e57c274", "inat_id": 328386180}}, {"type": "Feature", "geometry": {"type": "Point", "coordinates": [-122.1507366563, 45.4719909785]}, "properties": {"species": "Hypomyces lactifluorum", "date": "2025-10-17", "location": "Oregon, US", "elevation": 630.0, "land_cover_label": "Tree cover", "water_mask": false, "exclude_reason": "keep", "ndvi": null, "soil_moisture": null, "solar_exposure": null, "wind_exposure": null, "water_retention": null, "slope": null, "aspect": null, "num_identification_agreements": 3, "cluster": 0, "tavg": null, "tmin": 7.0, "tmax": 17.0, "prcp_d0": 0.0, "prcp_d1": 0.0, "prcp_d2": 0.0, "prcp_d3": 0.0, "prcp_d4": 0.0, "prcp_d5": 0.0, "prcp_d6": 0.0, "tmax_d0": 10.8, "tmax_d1": 12.9, "tmax_d2": 14.7, "tmax_d3": 11.6, "tmax_d4": 9.1, "tmax_d5": 8.2, "tmax_d6": 10.9, "tmin_d0": 7.0, "tmin_d1": 3.4, "tmin_d2": 3.3, "tmin_d3": 4.4, "tmin_d4": 1.5, "tmin_d5": 5.3, "tmin_d6": 6.1, "day_of_year": 290, "uuid": "94ea0b01-0a46-4cea-995e-6717bb5fd26b", "inat_id": 321870365}}, {"type": "Feature", "geometry": {"type": "Point", "coordinates": [-121.719795924, 45.6368655049]}, "properties": {"species": "Hypomyces lactifluorum", "date": "2025-10-17", "location": "Washington, US", "elevation": 1278.0, "land_cover_label": "Tree cover", "water_mask": false, "exclude_reason": "keep", "ndvi": null, "soil_moisture": null, "solar_exposure": null, "wind_exposure": null, "water_retention": null, "slope": null, "aspect": null, "num_identification_agreements": 3, "cluster": 0, "tavg": null, "tmin": 7.0, "tmax": 16.0, "prcp_d0": 0.0, "prcp_d1": 0.0, "prcp_d2": 0.0, "prcp_d3": 0.0, "prcp_d4": 0.0, "prcp_d5": 0.0, "prcp_d6": 0.0, "tmax_d0": 8.4, "tmax_d1": 10.4, "tmax_d2": 8.1, "tmax_d3": 5.8, "tmax_d4": 3.6, "tmax_d5": 5.2, "tmax_d6": 7.6, "tmin_d0": 4.4, "tmin_d1": -0.6, "tmin_d2": -3.3, "tmin_d3": -3.5, "tmin_d4": -2.1, "tmin_d5": 1.9, "tmin_d6": 2.7, "day_of_year": 290, "uuid": "3d682f43-4bee-4ff4-96d9-25e68ba784c8", "inat_id": 321743241}}, {"type": "Feature", "geometry": {"type": "Point", "coordinates": [-121.879529, 45.32002145]}, "properties": {"species": "Hypomyces lactifluorum", "date": "2025-10-20", "location": "Mt. Hood Park Division Recreation Area, Rhododendron, OR, US", "elevation": 807.0, "land_cover_label": "Tree cover", "water_mask": false, "exclude_reason": "keep", "ndvi": null, "soil_moisture": null, "solar_exposure": null, "wind_exposure": null, "water_retention": null, "slope": null, "aspect": null, "num_identification_agreements": 2, "cluster": 0, "tavg": null, "tmin": 6.0, "tmax": 16.0, "prcp_d0": 2.31465220451355, "prcp_d1": 14.315701484680176, "prcp_d2": 0.0, "prcp_d3": 0.0, "prcp_d4": 0.0, "prcp_d5": 0.0, "prcp_d6": 0.0, "tmax_d0": 13.4, "tmax_d1": 13.8, "tmax_d2": 17.0, "tmax_d3": 10.6, "tmax_d4": 12.4, "tmax_d5": 14.4, "tmax_d6": 11.0, "tmin_d0": 3.7, "tmin_d1": 6.0, "tmin_d2": -0.5, "tmin_d3": 5.7, "tmin_d4": 0.7, "tmin_d5": 2.7, "tmin_d6": 1.4, "day_of_year": 293, "uuid": "2bf96f71-3dd2-42f2-9d48-62fc26af8f35", "inat_id": 322140129}}, {"type": "Feature", "geometry": {"type": "Point", "coordinates": [-122.0167482, 45.3762302]}, "properties": {"species": "Hypomyces lactifluorum", "date": "2025-10-21", "location": "E Rufus Ridge Ln, Brightwood, OR, US", "elevation": 356.0, "land_cover_label": "Tree cover", "water_mask": false, "exclude_reason": "keep", "ndvi": null, "soil_moisture": null, "solar_exposure": null, "wind_exposure": null, "water_retention": null, "slope": null, "aspect": null, "num_identification_agreements": 2, "cluster": 0, "tavg": null, "tmin": 5.0, "tmax": 17.0, "prcp_d0": 0.0, "prcp_d1": 2.4354777336120605, "prcp_d2": 16.712167739868164, "prcp_d3": 0.0, "prcp_d4": 0.0, "prcp_d5": 0.0, "prcp_d6": 0.0, "tmax_d0": 18.8, "tmax_d1": 14.7, "tmax_d2": 15.0, "tmax_d3": 17.3, "tmax_d4": 13.2, "tmax_d5": 14.5, "tmax_d6": 15.8, "tmin_d0": 1.1, "tmin_d1": 6.4, "tmin_d2": 8.5, "tmin_d3": 1.8, "tmin_d4": 7.9, "tmin_d5": 2.4, "tmin_d6": 5.6, "day_of_year": 294, "uuid": "2ad5159c-e3e9-4715-904c-a20d55856dc3", "inat_id": 322348714}}, {"type": "Feature", "geometry": {"type": "Point", "coordinates": [-122.1712916667, 44.9506694444]}, "properties": {"species": "Hypomyces lactifluorum", "date": "2025-10-31", "location": "Clackamas County, OR, USA", "elevation": 695.0, "land_cover_label": "Tree cover", "water_mask": false, "exclude_reason": "keep", "ndvi": null, "soil_moisture": null, "solar_exposure": null, "wind_exposure": null, "water_retention": null, "slope": null, "aspect": null, "num_identification_agreements": 2, "cluster": 2, "tavg": null, "tmin": null, "tmax": null, "prcp_d0": 0.0, "prcp_d1": 0.0, "prcp_d2": 8.671365737915039, "prcp_d3": 0.0, "prcp_d4": 0.0, "prcp_d5": 17.5733585357666, "prcp_d6": 23.518028259277344, "tmax_d0": 15.8, "tmax_d1": 10.5, "tmax_d2": 12.3, "tmax_d3": 14.2, "tmax_d4": 8.7, "tmax_d5": 5.3, "tmax_d6": 9.7, "tmin_d0": -1.1, "tmin_d1": -0.7, "tmin_d2": 6.9, "tmin_d3": -0.4, "tmin_d4": 2.9, "tmin_d5": 2.8, "tmin_d6": 1.9, "day_of_year": 304, "uuid": "98a69875-34b9-4450-82a8-ee9227ecfec0", "inat_id": 325698436}}, {"type": "Feature", "geometry": {"type": "Point", "coordinates": [-122.3365859985, 45.5067481995]}, "properties": {"species": "Hypomyces lactifluorum", "date": "2025-11-07", "location": "Corbett", "elevation": 38.0, "land_cover_label": "Tree cover", "water_mask": false, "exclude_reason": "keep", "ndvi": null, "soil_moisture": null, "solar_exposure": null, "wind_exposure": null, "water_retention": null, "slope": null, "aspect": null, "num_identification_agreements": 3, "cluster": 1, "tavg": null, "tmin": 6.9, "tmax": 14.0, "prcp_d0": 16.818021774291992, "prcp_d1": 16.818021774291992, "prcp_d2": 80.61104583740234, "prcp_d3": 20.152761459350582, "prcp_d4": 0.0, "prcp_d5": 0.0, "prcp_d6": 0.0, "tmax_d0": 14.1, "tmax_d1": 16.1, "tmax_d2": 17.2, "tmax_d3": 12.3, "tmax_d4": 12.7, "tmax_d5": 13.8, "tmax_d6": 15.3, "tmin_d0": 7.7, "tmin_d1": 10.1, "tmin_d2": 8.5, "tmin_d3": 6.7, "tmin_d4": 7.3, "tmin_d5": 7.1, "tmin_d6": 11.0, "day_of_year": 311, "uuid": "81705a2c-4bbd-4eca-ac34-f0ff333d4474", "inat_id": 325411091}}, {"type": "Feature", "geometry": {"type": "Point", "coordinates": [-106.4848444444, 35.9000638889]}, "properties": {"species": "Hypomyces lactifluorum", "date": "2025-11-12", "location": "Jemez Springs, NM 87025, USA", "elevation": 2661.0, "land_cover_label": "Tree cover", "water_mask": false, "exclude_reason": "keep", "ndvi": null, "soil_moisture": null, "solar_exposure": null, "wind_exposure": null, "water_retention": null, "slope": null, "aspect": null, "num_identification_agreements": 2, "cluster": 0, "tavg": null, "tmin": 6.8, "tmax": 17.0, "prcp_d0": 0.0, "prcp_d1": 0.0, "prcp_d2": 0.0, "prcp_d3": 0.0, "prcp_d4": 0.0, "prcp_d5": 0.0, "prcp_d6": 0.0, "tmax_d0": 14.6, "tmax_d1": 14.5, "tmax_d2": 13.8, "tmax_d3": 9.7, "tmax_d4": 12.2, "tmax_d5": 12.2, "tmax_d6": 13.2, "tmin_d0": 2.1, "tmin_d1": 1.4, "tmin_d2": -0.8, "tmin_d3": -4.9, "tmin_d4": -0.4, "tmin_d5": -0.5, "tmin_d6": 1.7, "day_of_year": 316, "uuid": "6a42e58c-eae8-42a2-9c23-3b0818de1a0c", "inat_id": 326255686}}, {"type": "Feature", "geometry": {"type": "Point", "coordinates": [-122.2831646945, 45.4751476115]}, "properties": {"species": "Hypomyces lactifluorum", "date": "2025-11-17", "location": "Corbett, OR, US", "elevation": 188.0, "land_cover_label": "Tree cover", "water_mask": false, "exclude_reason": "keep", "ndvi": null, "soil_moisture": null, "solar_exposure": null, "wind_exposure": null, "water_retention": null, "slope": null, "aspect": null, "num_identification_agreements": 3, "cluster": 0, "tavg": null, "tmin": 3.0, "tmax": 12.0, "prcp_d0": 0.0, "prcp_d1": 0.0, "prcp_d2": 0.0, "prcp_d3": 0.0, "prcp_d4": 21.155759811401367, "prcp_d5": 0.0, "prcp_d6": 0.0, "tmax_d0": 11.3, "tmax_d1": 14.3, "tmax_d2": 15.7, "tmax_d3": 14.3, "tmax_d4": 17.5, "tmax_d5": 16.3, "tmax_d6": 14.4, "tmin_d0": 8.2, "tmin_d1": 6.6, "tmin_d2": 11.3, "tmin_d3": 9.2, "tmin_d4": 9.9, "tmin_d5": 9.6, "tmin_d6": 8.1, "day_of_year": 321, "uuid": "6af29508-3d6a-43ac-8f89-5ec6a863764b", "inat_id": 327032095}}, {"type": "Feature", "geometry": {"type": "Point", "coordinates": [-106.79103, 35.93482]}, "properties": {"species": "Hypomyces lactifluorum", "date": "2025-11-21", "location": "Santa Fe National Forest, Cuba, NM, US", "elevation": 2415.0, "land_cover_label": "Tree cover", "water_mask": false, "exclude_reason": "keep", "ndvi": null, "soil_moisture": null, "solar_exposure": null, "wind_exposure": null, "water_retention": null, "slope": null, "aspect": null, "num_identification_agreements": 2, "cluster": 0, "tavg": null, "tmin": 0.0, "tmax": 7.0, "prcp_d0": 3.5397093296051025, "prcp_d1": 16.616100311279297, "prcp_d2": 0.0, "prcp_d3": 5.538700103759766, "prcp_d4": 0.0, "prcp_d5": 0.0, "prcp_d6": 0.0, "tmax_d0": 7.1, "tmax_d1": 4.6, "tmax_d2": 9.3, "tmax_d3": 8.9, "tmax_d4": 6.4, "tmax_d5": 13.6, "tmax_d6": 16.5, "tmin_d0": -0.7, "tmin_d1": 0.3, "tmin_d2": -0.7, "tmin_d3": -2.4, "tmin_d4": -1.1, "tmin_d5": 1.7, "tmin_d6": 1.1, "day_of_year": 325, "uuid": "f6b3ba71-2385-4278-b49d-32c34c5e502e", "inat_id": 327571047}}, {"type": "Feature", "geometry": {"type": "Point", "coordinates": [-122.2858960472, 45.430636561]}, "properties": {"species": "Hypomyces lactifluorum", "date": "2025-11-24", "location": "SE Dunn Rd, Sandy, OR, US", "elevation": 228.0, "land_cover_label": "Grassland", "water_mask": false, "exclude_reason": "keep", "ndvi": null, "soil_moisture": null, "solar_exposure": null, "wind_exposure": null, "water_retention": null, "slope": null, "aspect": null, "num_identification_agreements": 1, "cluster": 0, "tavg": null, "tmin": 5.0, "tmax": 11.0, "prcp_d0": 12.714570045471191, "prcp_d1": 5.9095234870910645, "prcp_d2": 0.0, "prcp_d3": 0.0158681068569421, "prcp_d4": 0.0, "prcp_d5": 0.0, "prcp_d6": 0.0, "tmax_d0": 9.6, "tmax_d1": 8.3, "tmax_d2": 9.4, "tmax_d3": 9.8, "tmax_d4": 12.2, "tmax_d5": 13.5, "tmax_d6": 9.7, "tmin_d0": 4.0, "tmin_d1": 4.1, "tmin_d2": 1.1, "tmin_d3": 1.9, "tmin_d4": 5.2, "tmin_d5": 0.8, "tmin_d6": 1.8, "day_of_year": 328, "uuid": "ee9ab065-5652-4e53-ab5a-cb5fa9c31660", "inat_id": 353262122}}, {"type": "Feature", "geometry": {"type": "Point", "coordinates": [-121.8123166667, 45.6828222222]}, "properties": {"species": "Hypomyces lactifluorum", "date": "2025-11-29", "location": "Hood River County, OR, USA", "elevation": 654.0, "land_cover_label": "Tree cover", "water_mask": false, "exclude_reason": "keep", "ndvi": null, "soil_moisture": null, "solar_exposure": null, "wind_exposure": null, "water_retention": null, "slope": null, "aspect": null, "num_identification_agreements": 3, "cluster": 1, "tavg": null, "tmin": 1.0, "tmax": 5.0, "prcp_d0": 0.1488655060529709, "prcp_d1": 20.30224227905273, "prcp_d2": 3.1738343238830566, "prcp_d3": 13.441120147705078, "prcp_d4": 11.993707656860352, "prcp_d5": 12.683231353759766, "prcp_d6": 7.302182197570801, "tmax_d0": 3.6, "tmax_d1": 5.1, "tmax_d2": 3.4, "tmax_d3": 4.4, "tmax_d4": 3.8, "tmax_d5": 6.1, "tmax_d6": 6.1, "tmin_d0": 0.1, "tmin_d1": 2.5, "tmin_d2": 1.9, "tmin_d3": 0.6, "tmin_d4": 0.5, "tmin_d5": 1.1, "tmin_d6": 3.2, "day_of_year": 333, "uuid": "421560cb-3bf3-472f-8625-21bdbd7d0fa0", "inat_id": 328860246}}, {"type": "Feature", "geometry": {"type": "Point", "coordinates": [-122.2271081404, 45.3052669881]}, "properties": {"species": "Hypomyces lactifluorum", "date": "2026-07-05", "location": "Clackamas County, OR, USA", "elevation": 403.0, "land_cover_label": "Tree cover", "water_mask": false, "exclude_reason": "keep", "ndvi": null, "soil_moisture": null, "solar_exposure": null, "wind_exposure": null, "water_retention": null, "slope": null, "aspect": null, "num_identification_agreements": 1, "cluster": 0, "tavg": null, "tmin": 13.3, "tmax": 28.3, "prcp_d0": 0.0, "prcp_d1": 0.0, "prcp_d2": 0.0, "prcp_d3": 0.0, "prcp_d4": 0.0, "prcp_d5": 0.0, "prcp_d6": 0.0, "tmax_d0": 22.8, "tmax_d1": 21.7, "tmax_d2": 21.6, "tmax_d3": 17.8, "tmax_d4": 14.2, "tmax_d5": 14.3, "tmax_d6": 15.3, "tmin_d0": 7.0, "tmin_d1": 9.0, "tmin_d2": 9.0, "tmin_d3": 9.6, "tmin_d4": 8.7, "tmin_d5": 9.0, "tmin_d6": 8.8, "day_of_year": 186, "uuid": "5c825f14-bb22-4b9f-9475-3672db4a683c", "inat_id": 378613759}}, {"type": "Feature", "geometry": {"type": "Point", "coordinates": [-103.4476978794, 43.9840024035]}, "properties": {"species": "Hypomyces lactifluorum", "date": "2026-07-18", "location": "Pennington County, US-SD, US", "elevation": 1443.0, "land_cover_label": "Grassland", "water_mask": false, "exclude_reason": "keep", "ndvi": null, "soil_moisture": null, "solar_exposure": null, "wind_exposure": null, "water_retention": null, "slope": null, "aspect": null, "num_identification_agreements": 1, "cluster": 0, "tavg": null, "tmin": 17.8, "tmax": 28.9, "prcp_d0": 0.0, "prcp_d1": 0.0, "prcp_d2": 0.0, "prcp_d3": 0.0, "prcp_d4": 0.0, "prcp_d5": 0.0, "prcp_d6": 0.0, "tmax_d0": 28.7, "tmax_d1": 28.2, "tmax_d2": 32.9, "tmax_d3": 31.8, "tmax_d4": 33.9, "tmax_d5": 34.1, "tmax_d6": 35.6, "tmin_d0": 15.9, "tmin_d1": 17.2, "tmin_d2": 21.2, "tmin_d3": 18.9, "tmin_d4": 20.8, "tmin_d5": 21.1, "tmin_d6": 20.0, "day_of_year": 199, "uuid": "229baac9-c9d5-4414-ab68-eee8b826224a", "inat_id": 383103129}}, {"type": "Feature", "geometry": {"type": "Point", "coordinates": [-122.2272447263, 45.3052057281]}, "properties": {"species": "Hypomyces lactifluorum", "date": "2026-07-28", "location": "Clackamas County, OR, USA", "elevation": 403.0, "land_cover_label": "Tree cover", "water_mask": false, "exclude_reason": "keep", "ndvi": null, "soil_moisture": null, "solar_exposure": null, "wind_exposure": null, "water_retention": null, "slope": null, "aspect": null, "num_identification_agreements": 2, "cluster": 0, "tavg": null, "tmin": 15.6, "tmax": 26.7, "prcp_d0": 0.0, "prcp_d1": 0.0, "prcp_d2": 0.0, "prcp_d3": 0.0, "prcp_d4": 0.0, "prcp_d5": 4.628486156463623, "prcp_d6": 0.0, "tmax_d0": 24.7, "tmax_d1": 24.3, "tmax_d2": 22.6, "tmax_d3": 26.8, "tmax_d4": 26.4, "tmax_d5": 29.8, "tmax_d6": 33.8, "tmin_d0": 11.5, "tmin_d1": 10.1, "tmin_d2": 11.8, "tmin_d3": 10.8, "tmin_d4": 12.3, "tmin_d5": 15.3, "tmin_d6": 17.5, "day_of_year": 209, "uuid": "0558a3d9-393e-46eb-b310-28411cfd0428", "inat_id": 386156874}}, {"type": "Feature", "geometry": {"type": "Point", "coordinates": [-121.9472173556, 45.6381505751]}, "properties": {"species": "Hypomyces lactifluorum", "date": "2026-07-29", "location": "Cascade Locks, OR, US", "elevation": 21.0, "land_cover_label": "Tree cover", "water_mask": false, "exclude_reason": "keep", "ndvi": null, "soil_moisture": null, "solar_exposure": null, "wind_exposure": null, "water_retention": null, "slope": null, "aspect": null, "num_identification_agreements": 1, "cluster": 0, "tavg": null, "tmin": 12.0, "tmax": 28.0, "prcp_d0": 0.0, "prcp_d1": 0.0, "prcp_d2": 0.0, "prcp_d3": 0.0, "prcp_d4": 0.0, "prcp_d5": 0.0, "prcp_d6": 3.502487897872925, "tmax_d0": 27.4, "tmax_d1": 27.9, "tmax_d2": 27.9, "tmax_d3": 25.6, "tmax_d4": 30.4, "tmax_d5": 30.5, "tmax_d6": 34.2, "tmin_d0": 13.5, "tmin_d1": 14.3, "tmin_d2": 13.6, "tmin_d3": 14.4, "tmin_d4": 14.0, "tmin_d5": 15.0, "tmin_d6": 18.4, "day_of_year": 210, "uuid": "9bce8828-b008-430c-bff0-b080fad6dadf", "inat_id": 386376489}}, {"type": "Feature", "geometry": {"type": "Point", "coordinates": [-122.4895513471, 45.029906851]}, "properties": {"species": "Hypomyces lactifluorum", "date": "2026-07-31", "location": "Clackamas County, US-OR, US", "elevation": 387.0, "land_cover_label": "Tree cover", "water_mask": false, "exclude_reason": "keep", "ndvi": null, "soil_moisture": null, "solar_exposure": null, "wind_exposure": null, "water_retention": null, "slope": null, "aspect": null, "num_identification_agreements": 1, "cluster": 0, "tavg": null, "tmin": 12.8, "tmax": 31.7, "prcp_d0": 0.0, "prcp_d1": 0.0, "prcp_d2": 0.0, "prcp_d3": 0.0, "prcp_d4": 0.0, "prcp_d5": 0.0, "prcp_d6": 0.0, "tmax_d0": 28.2, "tmax_d1": 24.6, "tmax_d2": 24.8, "tmax_d3": 25.3, "tmax_d4": 24.8, "tmax_d5": 23.5, "tmax_d6": 26.4, "tmin_d0": 11.6, "tmin_d1": 10.7, "tmin_d2": 12.0, "tmin_d3": 11.7, "tmin_d4": 12.1, "tmin_d5": 13.3, "tmin_d6": 11.9, "day_of_year": 212, "uuid": "05305984-3ae4-48a2-aa54-6ed9550517f3", "inat_id": 387266390}}, {"type": "Feature", "geometry": {"type": "Point", "coordinates": [-122.1649667927, 45.4052975734]}, "properties": {"species": "Hypomyces lactifluorum", "date": "2026-08-01", "location": "Sandy, OR, US", "elevation": 372.0, "land_cover_label": "Tree cover", "water_mask": false, "exclude_reason": "keep", "ndvi": null, "soil_moisture": null, "solar_exposure": null, "wind_exposure": null, "water_retention": null, "slope": null, "aspect": null, "num_identification_agreements": 1, "cluster": 0, "tavg": null, "tmin": 17.2, "tmax": 23.9, "prcp_d0": null, "prcp_d1": 0.0, "prcp_d2": 0.0, "prcp_d3": 0.0, "prcp_d4": 0.0, "prcp_d5": 0.0, "prcp_d6": 0.0, "tmax_d0": 28.1, "tmax_d1": 27.3, "tmax_d2": 23.9, "tmax_d3": 23.7, "tmax_d4": 25.2, "tmax_d5": 24.8, "tmax_d6": 23.1, "tmin_d0": 13.1, "tmin_d1": 9.0, "tmin_d2": 9.7, "tmin_d3": 9.3, "tmin_d4": 11.9, "tmin_d5": 10.7, "tmin_d6": 13.1, "day_of_year": 213, "uuid": "4b7e1944-db7b-4675-b6d2-fc04c2ac80b7", "inat_id": 391938892}}, {"type": "Feature", "geometry": {"type": "Point", "coordinates": [-122.2248448286, 45.3061905934]}, "properties": {"species": "Hypomyces lactifluorum", "date": "2026-08-06", "location": "Clackamas County, OR, USA", "elevation": 366.0, "land_cover_label": "Tree cover", "water_mask": false, "exclude_reason": "keep", "ndvi": null, "soil_moisture": null, "solar_exposure": null, "wind_exposure": null, "water_retention": null, "slope": null, "aspect": null, "num_identification_agreements": 1, "cluster": 0, "tavg": null, "tmin": 13.9, "tmax": 35.0, "prcp_d0": null, "prcp_d1": null, "prcp_d2": null, "prcp_d3": null, "prcp_d4": null, "prcp_d5": null, "prcp_d6": 0.0, "tmax_d0": 31.9, "tmax_d1": 32.4, "tmax_d2": 32.5, "tmax_d3": 29.1, "tmax_d4": 20.7, "tmax_d5": 28.2, "tmax_d6": 27.7, "tmin_d0": 12.3, "tmin_d1": 14.6, "tmin_d2": 15.0, "tmin_d3": 7.5, "tmin_d4": 11.8, "tmin_d5": 13.1, "tmin_d6": 8.8, "day_of_year": 218, "uuid": "e3d63f3c-872c-4028-a1a9-abebe9689f11", "inat_id": 388936178}}, {"type": "Feature", "geometry": {"type": "Point", "coordinates": [-105.6571887428, 35.7772568405]}, "properties": {"species": "Hypomyces lactifluorum", "date": "2026-08-06", "location": "San Miguel County, NM, USA", "elevation": 2435.0, "land_cover_label": "Tree cover", "water_mask": false, "exclude_reason": "keep", "ndvi": null, "soil_moisture": null, "solar_exposure": null, "wind_exposure": null, "water_retention": null, "slope": null, "aspect": null, "num_identification_agreements": 1, "cluster": 0, "tavg": null, "tmin": 18.4, "tmax": 34.1, "prcp_d0": null, "prcp_d1": null, "prcp_d2": null, "prcp_d3": null, "prcp_d4": null, "prcp_d5": null, "prcp_d6": 0.0, "tmax_d0": 28.4, "tmax_d1": 28.4, "tmax_d2": 27.9, "tmax_d3": 28.9, "tmax_d4": 27.4, "tmax_d5": 26.1, "tmax_d6": 27.1, "tmin_d0": 12.6, "tmin_d1": 12.6, "tmin_d2": 12.6, "tmin_d3": 14.5, "tmin_d4": 10.4, "tmin_d5": 10.7, "tmin_d6": 11.0, "day_of_year": 218, "uuid": "39a187b0-123f-4732-af2a-da2b7a4fa37e", "inat_id": 388864415}}]}