{"type": "FeatureCollection", "features": [{"type": "Feature", "geometry": {"type": "Point", "coordinates": [-121.9297165703, 44.821860182]}, "properties": {"species": "Laetiporus conifericola", "date": "2012-10-25", "location": "Marion County, OR, USA", "elevation": 1185.0, "land_cover_label": "Tree cover", "water_mask": false, "exclude_reason": "keep", "ndvi": null, "soil_moisture": null, "solar_exposure": null, "wind_exposure": null, "water_retention": null, "slope": null, "aspect": null, "num_identification_agreements": 1, "cluster": 1, "tavg": null, "tmin": null, "tmax": null, "prcp_d0": 0.0, "prcp_d1": 14.93405818939209, "prcp_d2": 0.0, "prcp_d3": 29.86811637878418, "prcp_d4": 0.0, "prcp_d5": 0.0, "prcp_d6": 0.0, "tmax_d0": null, "tmax_d1": null, "tmax_d2": null, "tmax_d3": null, "tmax_d4": null, "tmax_d5": null, "tmax_d6": null, "tmin_d0": null, "tmin_d1": null, "tmin_d2": null, "tmin_d3": null, "tmin_d4": null, "tmin_d5": null, "tmin_d6": null, "day_of_year": 299, "uuid": "5e2e9127-e838-4e37-9221-00b8c7331515", "inat_id": 228656434}}, {"type": "Feature", "geometry": {"type": "Point", "coordinates": [-122.0903631, 45.5309522]}, "properties": {"species": "Laetiporus conifericola", "date": "2013-10-11", "location": "Larch Mountain, Oregon 97014, USA", "elevation": 1212.0, "land_cover_label": "Tree cover", "water_mask": false, "exclude_reason": "keep", "ndvi": null, "soil_moisture": null, "solar_exposure": null, "wind_exposure": null, "water_retention": null, "slope": null, "aspect": null, "num_identification_agreements": 1, "cluster": 0, "tavg": null, "tmin": 9.4, "tmax": 14.4, "prcp_d0": 6.131321907043457, "prcp_d1": 0.0, "prcp_d2": 0.0, "prcp_d3": 9.518704414367676, "prcp_d4": 5.512699604034424, "prcp_d5": 0.0, "prcp_d6": 0.0, "tmax_d0": null, "tmax_d1": null, "tmax_d2": null, "tmax_d3": null, "tmax_d4": null, "tmax_d5": null, "tmax_d6": null, "tmin_d0": null, "tmin_d1": null, "tmin_d2": null, "tmin_d3": null, "tmin_d4": null, "tmin_d5": null, "tmin_d6": null, "day_of_year": 284, "uuid": "90654c67-5f80-45df-82c1-99b8478cc9e3", "inat_id": 384614439}}, {"type": "Feature", "geometry": {"type": "Point", "coordinates": [-121.8170838932, 45.6488637047]}, "properties": {"species": "Laetiporus conifericola", "date": "2015-09-27", "location": "Hood River County, OR, USA", "elevation": 464.0, "land_cover_label": "Tree cover", "water_mask": false, "exclude_reason": "keep", "ndvi": null, "soil_moisture": null, "solar_exposure": null, "wind_exposure": null, "water_retention": null, "slope": null, "aspect": null, "num_identification_agreements": 1, "cluster": 0, "tavg": null, "tmin": 5.6, "tmax": 22.2, "prcp_d0": 0.0, "prcp_d1": 7.082252502441406, "prcp_d2": 0.0, "prcp_d3": 0.0, "prcp_d4": 0.0, "prcp_d5": 0.0, "prcp_d6": 7.059491157531738, "tmax_d0": null, "tmax_d1": null, "tmax_d2": null, "tmax_d3": null, "tmax_d4": null, "tmax_d5": null, "tmax_d6": null, "tmin_d0": null, "tmin_d1": null, "tmin_d2": null, "tmin_d3": null, "tmin_d4": null, "tmin_d5": null, "tmin_d6": null, "day_of_year": 270, "uuid": "92663702-becb-420c-9d0e-bd5753fe892a", "inat_id": 328161800}}, {"type": "Feature", "geometry": {"type": "Point", "coordinates": [-122.1405945, 45.6128666667]}, "properties": {"species": "Laetiporus conifericola", "date": "2017-09-15", "location": "98671, Washougal, WA, US", "elevation": 579.0, "land_cover_label": "Tree cover", "water_mask": false, "exclude_reason": "keep", "ndvi": null, "soil_moisture": null, "solar_exposure": null, "wind_exposure": null, "water_retention": null, "slope": null, "aspect": null, "num_identification_agreements": 1, "cluster": 0, "tavg": null, "tmin": 8.3, "tmax": 26.1, "prcp_d0": 0.0, "prcp_d1": 0.0, "prcp_d2": 0.0, "prcp_d3": 0.0, "prcp_d4": 0.0, "prcp_d5": 0.0, "prcp_d6": 0.0, "tmax_d0": null, "tmax_d1": null, "tmax_d2": null, "tmax_d3": null, "tmax_d4": null, "tmax_d5": null, "tmax_d6": null, "tmin_d0": null, "tmin_d1": null, "tmin_d2": null, "tmin_d3": null, "tmin_d4": null, "tmin_d5": null, "tmin_d6": null, "day_of_year": 258, "uuid": "89afc478-76af-46fb-a085-9a11a99cc271", "inat_id": 7938302}}, {"type": "Feature", "geometry": {"type": "Point", "coordinates": [-122.0518391579, 45.1155638197]}, "properties": {"species": "Laetiporus conifericola", "date": "2017-09-28", "location": "Estacada, OR 97023, USA", "elevation": 801.0, "land_cover_label": "Tree cover", "water_mask": false, "exclude_reason": "keep", "ndvi": null, "soil_moisture": null, "solar_exposure": null, "wind_exposure": null, "water_retention": null, "slope": null, "aspect": null, "num_identification_agreements": 2, "cluster": 0, "tavg": null, "tmin": null, "tmax": null, "prcp_d0": 0.0, "prcp_d1": 0.0, "prcp_d2": 0.0, "prcp_d3": 0.0, "prcp_d4": 0.0, "prcp_d5": 0.0, "prcp_d6": 0.0, "tmax_d0": null, "tmax_d1": null, "tmax_d2": null, "tmax_d3": null, "tmax_d4": null, "tmax_d5": null, "tmax_d6": null, "tmin_d0": null, "tmin_d1": null, "tmin_d2": null, "tmin_d3": null, "tmin_d4": null, "tmin_d5": null, "tmin_d6": null, "day_of_year": 271, "uuid": "e4ab5c3a-79f3-481f-9d40-650a426a070a", "inat_id": 35425467}}, {"type": "Feature", "geometry": {"type": "Point", "coordinates": [-122.0795445, 45.3153083333]}, "properties": {"species": "Laetiporus conifericola", "date": "2018-06-26", "location": "Mt. Hood National Forest, Estacada, OR, US", "elevation": 966.0, "land_cover_label": "Tree cover", "water_mask": false, "exclude_reason": "keep", "ndvi": null, "soil_moisture": null, "solar_exposure": null, "wind_exposure": null, "water_retention": null, "slope": null, "aspect": null, "num_identification_agreements": 1, "cluster": 2, "tavg": null, "tmin": 11.7, "tmax": 24.4, "prcp_d0": 0.0, "prcp_d1": 0.0, "prcp_d2": 0.0, "prcp_d3": 0.0, "prcp_d4": 0.0, "prcp_d5": 18.34483337402344, "prcp_d6": 15.089788436889648, "tmax_d0": null, "tmax_d1": null, "tmax_d2": null, "tmax_d3": null, "tmax_d4": null, "tmax_d5": null, "tmax_d6": null, "tmin_d0": null, "tmin_d1": null, "tmin_d2": null, "tmin_d3": null, "tmin_d4": null, "tmin_d5": null, "tmin_d6": null, "day_of_year": 177, "uuid": "31bf8a81-9e4a-4a97-9908-448d50449488", "inat_id": 13820668}}, {"type": "Feature", "geometry": {"type": "Point", "coordinates": [-121.5723502294, 45.3663280397]}, "properties": {"species": "Laetiporus conifericola", "date": "2018-08-09", "location": "Mt. Hood National Forest, Mount Hood Parkdale, OR, US", "elevation": 1020.0, "land_cover_label": "Tree cover", "water_mask": false, "exclude_reason": "keep", "ndvi": null, "soil_moisture": null, "solar_exposure": null, "wind_exposure": null, "water_retention": null, "slope": null, "aspect": null, "num_identification_agreements": 1, "cluster": 0, "tavg": null, "tmin": 25.0, "tmax": 38.9, "prcp_d0": 0.0, "prcp_d1": 0.0, "prcp_d2": 0.0, "prcp_d3": 0.0, "prcp_d4": 0.0, "prcp_d5": 0.0, "prcp_d6": 0.0, "tmax_d0": null, "tmax_d1": null, "tmax_d2": null, "tmax_d3": null, "tmax_d4": null, "tmax_d5": null, "tmax_d6": null, "tmin_d0": null, "tmin_d1": null, "tmin_d2": null, "tmin_d3": null, "tmin_d4": null, "tmin_d5": null, "tmin_d6": null, "day_of_year": 221, "uuid": "396a9699-042f-4cea-be82-3af30a17fc9b", "inat_id": 15303495}}, {"type": "Feature", "geometry": {"type": "Point", "coordinates": [-121.9561748207, 45.3287936288]}, "properties": {"species": "Laetiporus conifericola", "date": "2018-08-25", "location": "Welches, Mt Hood Village, OR 97067, USA", "elevation": 431.0, "land_cover_label": "Tree cover", "water_mask": false, "exclude_reason": "keep", "ndvi": null, "soil_moisture": null, "solar_exposure": null, "wind_exposure": null, "water_retention": null, "slope": null, "aspect": null, "num_identification_agreements": 4, "cluster": 0, "tavg": null, "tmin": 9.4, "tmax": 21.1, "prcp_d0": 0.0, "prcp_d1": 0.0, "prcp_d2": 0.0, "prcp_d3": 0.0, "prcp_d4": 0.0, "prcp_d5": 0.0, "prcp_d6": 0.0, "tmax_d0": null, "tmax_d1": null, "tmax_d2": null, "tmax_d3": null, "tmax_d4": null, "tmax_d5": null, "tmax_d6": null, "tmin_d0": null, "tmin_d1": null, "tmin_d2": null, "tmin_d3": null, "tmin_d4": null, "tmin_d5": null, "tmin_d6": null, "day_of_year": 237, "uuid": "a1ebf458-d6ff-44ab-a2aa-c7e3da37a334", "inat_id": 78005389}}, {"type": "Feature", "geometry": {"type": "Point", "coordinates": [-122.1197313165, 45.1833826304]}, "properties": {"species": "Laetiporus conifericola", "date": "2018-09-03", "location": "Mt. Hood National Forest, Estacada, OR, US", "elevation": 868.0, "land_cover_label": "Tree cover", "water_mask": false, "exclude_reason": "keep", "ndvi": null, "soil_moisture": null, "solar_exposure": null, "wind_exposure": null, "water_retention": null, "slope": null, "aspect": null, "num_identification_agreements": 3, "cluster": 0, "tavg": null, "tmin": 14.4, "tmax": 25.6, "prcp_d0": 0.0, "prcp_d1": 0.0, "prcp_d2": 0.0, "prcp_d3": 0.0, "prcp_d4": 0.0, "prcp_d5": 0.0, "prcp_d6": 0.0, "tmax_d0": null, "tmax_d1": null, "tmax_d2": null, "tmax_d3": null, "tmax_d4": null, "tmax_d5": null, "tmax_d6": null, "tmin_d0": null, "tmin_d1": null, "tmin_d2": null, "tmin_d3": null, "tmin_d4": null, "tmin_d5": null, "tmin_d6": null, "day_of_year": 246, "uuid": "18a31f7e-17e2-4d3f-babd-7b3fc243bbe5", "inat_id": 16270521}}, {"type": "Feature", "geometry": {"type": "Point", "coordinates": [-121.6323945093, 45.4820694774]}, "properties": {"species": "Laetiporus conifericola", "date": "2018-09-04", "location": "Mt. Hood National Forest, Mount Hood Parkdale, OR, US", "elevation": 758.0, "land_cover_label": "Tree cover", "water_mask": false, "exclude_reason": "keep", "ndvi": null, "soil_moisture": null, "solar_exposure": null, "wind_exposure": null, "water_retention": null, "slope": null, "aspect": null, "num_identification_agreements": 1, "cluster": 0, "tavg": null, "tmin": 10.0, "tmax": 30.0, "prcp_d0": 0.0, "prcp_d1": 0.0, "prcp_d2": 0.0, "prcp_d3": 0.0, "prcp_d4": 0.0, "prcp_d5": 0.0, "prcp_d6": 0.0, "tmax_d0": null, "tmax_d1": null, "tmax_d2": null, "tmax_d3": null, "tmax_d4": null, "tmax_d5": null, "tmax_d6": null, "tmin_d0": null, "tmin_d1": null, "tmin_d2": null, "tmin_d3": null, "tmin_d4": null, "tmin_d5": null, "tmin_d6": null, "day_of_year": 247, "uuid": "4bba50f5-b047-422b-bbd2-bc690ca44694", "inat_id": 16272731}}, {"type": "Feature", "geometry": {"type": "Point", "coordinates": [-121.9950033949, 45.3504699171]}, "properties": {"species": "Laetiporus conifericola", "date": "2019-08-02", "location": "Mtn Air Park, Sandy, OR, US", "elevation": 390.0, "land_cover_label": "Tree cover", "water_mask": false, "exclude_reason": "keep", "ndvi": null, "soil_moisture": null, "solar_exposure": null, "wind_exposure": null, "water_retention": null, "slope": null, "aspect": null, "num_identification_agreements": 1, "cluster": 0, "tavg": null, "tmin": 18.9, "tmax": 26.7, "prcp_d0": 0.0, "prcp_d1": 0.0, "prcp_d2": 0.0, "prcp_d3": 0.0, "prcp_d4": 0.0, "prcp_d5": 0.0, "prcp_d6": 0.0, "tmax_d0": null, "tmax_d1": null, "tmax_d2": null, "tmax_d3": null, "tmax_d4": null, "tmax_d5": null, "tmax_d6": null, "tmin_d0": null, "tmin_d1": null, "tmin_d2": null, "tmin_d3": null, "tmin_d4": null, "tmin_d5": null, "tmin_d6": null, "day_of_year": 214, "uuid": "0e565cc7-020a-4d12-9b86-bb57a04d0297", "inat_id": 30142458}}, {"type": "Feature", "geometry": {"type": "Point", "coordinates": [-121.7843028903, 45.3091507286]}, "properties": {"species": "Laetiporus conifericola", "date": "2019-09-14", "location": "TIMBRLINE LDG, OR 97028, USA", "elevation": 1085.0, "land_cover_label": "Tree cover", "water_mask": false, "exclude_reason": "keep", "ndvi": null, "soil_moisture": null, "solar_exposure": null, "wind_exposure": null, "water_retention": null, "slope": null, "aspect": null, "num_identification_agreements": 1, "cluster": 0, "tavg": null, "tmin": null, "tmax": null, "prcp_d0": 0.0, "prcp_d1": 0.0, "prcp_d2": 0.0, "prcp_d3": 0.0, "prcp_d4": 0.0, "prcp_d5": 0.0, "prcp_d6": 19.89039421081543, "tmax_d0": null, "tmax_d1": null, "tmax_d2": null, "tmax_d3": null, "tmax_d4": null, "tmax_d5": null, "tmax_d6": null, "tmin_d0": null, "tmin_d1": null, "tmin_d2": null, "tmin_d3": null, "tmin_d4": null, "tmin_d5": null, "tmin_d6": null, "day_of_year": 257, "uuid": "d8ed2ab3-070b-453c-a030-74b3271e4df6", "inat_id": 32870901}}, {"type": "Feature", "geometry": {"type": "Point", "coordinates": [-122.324858, 44.8464839722]}, "properties": {"species": "Laetiporus conifericola", "date": "2019-09-14", "location": "Lyons, OR 97358, USA", "elevation": 529.0, "land_cover_label": "Tree cover", "water_mask": false, "exclude_reason": "keep", "ndvi": null, "soil_moisture": null, "solar_exposure": null, "wind_exposure": null, "water_retention": null, "slope": null, "aspect": null, "num_identification_agreements": 1, "cluster": 0, "tavg": null, "tmin": null, "tmax": null, "prcp_d0": 0.0, "prcp_d1": 0.0, "prcp_d2": 0.0, "prcp_d3": 0.0, "prcp_d4": 0.0, "prcp_d5": 0.0, "prcp_d6": 0.0, "tmax_d0": null, "tmax_d1": null, "tmax_d2": null, "tmax_d3": null, "tmax_d4": null, "tmax_d5": null, "tmax_d6": null, "tmin_d0": null, "tmin_d1": null, "tmin_d2": null, "tmin_d3": null, "tmin_d4": null, "tmin_d5": null, "tmin_d6": null, "day_of_year": 257, "uuid": "8721eb6b-1757-43a6-b054-3f75f7a3c995", "inat_id": 57704376}}, {"type": "Feature", "geometry": {"type": "Point", "coordinates": [-121.9771848992, 44.774091228]}, "properties": {"species": "Laetiporus conifericola", "date": "2019-09-27", "location": "Detroit, OR 97342, USA", "elevation": 782.0, "land_cover_label": "Tree cover", "water_mask": false, "exclude_reason": "keep", "ndvi": null, "soil_moisture": null, "solar_exposure": null, "wind_exposure": null, "water_retention": null, "slope": null, "aspect": null, "num_identification_agreements": 1, "cluster": 0, "tavg": null, "tmin": null, "tmax": null, "prcp_d0": 0.0, "prcp_d1": 0.0, "prcp_d2": 0.0, "prcp_d3": 0.0, "prcp_d4": 0.0, "prcp_d5": 0.0, "prcp_d6": 0.0, "tmax_d0": null, "tmax_d1": null, "tmax_d2": null, "tmax_d3": null, "tmax_d4": null, "tmax_d5": null, "tmax_d6": null, "tmin_d0": null, "tmin_d1": null, "tmin_d2": null, "tmin_d3": null, "tmin_d4": null, "tmin_d5": null, "tmin_d6": null, "day_of_year": 270, "uuid": "3e7df0f2-27f4-4f66-a776-321e49266bdd", "inat_id": 33656699}}, {"type": "Feature", "geometry": {"type": "Point", "coordinates": [-121.81, 45.31605]}, "properties": {"species": "Laetiporus conifericola", "date": "2019-10-02", "location": "SW Mount Hood, Clackamas Co., Oregon, USA", "elevation": 916.0, "land_cover_label": "Tree cover", "water_mask": false, "exclude_reason": "keep", "ndvi": null, "soil_moisture": null, "solar_exposure": null, "wind_exposure": null, "water_retention": null, "slope": null, "aspect": null, "num_identification_agreements": 1, "cluster": 0, "tavg": null, "tmin": null, "tmax": null, "prcp_d0": 0.0, "prcp_d1": 0.0, "prcp_d2": 0.0, "prcp_d3": 0.0, "prcp_d4": 0.0, "prcp_d5": 0.0, "prcp_d6": 0.0, "tmax_d0": null, "tmax_d1": null, "tmax_d2": null, "tmax_d3": null, "tmax_d4": null, "tmax_d5": null, "tmax_d6": null, "tmin_d0": null, "tmin_d1": null, "tmin_d2": null, "tmin_d3": null, "tmin_d4": null, "tmin_d5": null, "tmin_d6": null, "day_of_year": 275, "uuid": "cba61346-c2fd-4fb7-b07d-b73ee75a3ecc", "inat_id": 35019280}}, {"type": "Feature", "geometry": {"type": "Point", "coordinates": [-121.5520324707, 45.4087371826]}, "properties": {"species": "Laetiporus conifericola", "date": "2019-10-04", "location": "MT HOOD PRKDL, OR 97041, USA", "elevation": 1297.0, "land_cover_label": "Tree cover", "water_mask": false, "exclude_reason": "keep", "ndvi": null, "soil_moisture": null, "solar_exposure": null, "wind_exposure": null, "water_retention": null, "slope": null, "aspect": null, "num_identification_agreements": 1, "cluster": 0, "tavg": null, "tmin": null, "tmax": null, "prcp_d0": 0.0, "prcp_d1": 0.0, "prcp_d2": 0.0, "prcp_d3": 0.0, "prcp_d4": 0.0, "prcp_d5": 0.0, "prcp_d6": 0.0, "tmax_d0": null, "tmax_d1": null, "tmax_d2": null, "tmax_d3": null, "tmax_d4": null, "tmax_d5": null, "tmax_d6": null, "tmin_d0": null, "tmin_d1": null, "tmin_d2": null, "tmin_d3": null, "tmin_d4": null, "tmin_d5": null, "tmin_d6": null, "day_of_year": 277, "uuid": "185e0f08-de83-482e-9818-90773cde488d", "inat_id": 33876919}}, {"type": "Feature", "geometry": {"type": "Point", "coordinates": [-122.2099680402, 44.8489105813]}, "properties": {"species": "Laetiporus conifericola", "date": "2019-10-12", "location": "Marion County, US-OR, US", "elevation": 705.0, "land_cover_label": "Tree cover", "water_mask": false, "exclude_reason": "keep", "ndvi": null, "soil_moisture": null, "solar_exposure": null, "wind_exposure": null, "water_retention": null, "slope": null, "aspect": null, "num_identification_agreements": 3, "cluster": 0, "tavg": null, "tmin": null, "tmax": null, "prcp_d0": 0.0, "prcp_d1": 0.0, "prcp_d2": 0.0, "prcp_d3": 0.0, "prcp_d4": 0.0, "prcp_d5": 0.0, "prcp_d6": 0.0, "tmax_d0": null, "tmax_d1": null, "tmax_d2": null, "tmax_d3": null, "tmax_d4": null, "tmax_d5": null, "tmax_d6": null, "tmin_d0": null, "tmin_d1": null, "tmin_d2": null, "tmin_d3": null, "tmin_d4": null, "tmin_d5": null, "tmin_d6": null, "day_of_year": 285, "uuid": "6dfba196-9144-4e58-8855-2ac67f61828a", "inat_id": 34341109}}, {"type": "Feature", "geometry": {"type": "Point", "coordinates": [-121.9337383333, 45.2580333333]}, "properties": {"species": "Laetiporus conifericola", "date": "2019-10-18", "location": "Mt. Hood National Forest, Welches, OR, US", "elevation": 758.0, "land_cover_label": "Tree cover", "water_mask": false, "exclude_reason": "keep", "ndvi": null, "soil_moisture": null, "solar_exposure": null, "wind_exposure": null, "water_retention": null, "slope": null, "aspect": null, "num_identification_agreements": 1, "cluster": 0, "tavg": null, "tmin": 9.4, "tmax": 15.0, "prcp_d0": 0.0, "prcp_d1": 0.0, "prcp_d2": 0.0, "prcp_d3": 0.0, "prcp_d4": 0.0, "prcp_d5": 13.808686256408691, "prcp_d6": 0.0, "tmax_d0": null, "tmax_d1": null, "tmax_d2": null, "tmax_d3": null, "tmax_d4": null, "tmax_d5": null, "tmax_d6": null, "tmin_d0": null, "tmin_d1": null, "tmin_d2": null, "tmin_d3": null, "tmin_d4": null, "tmin_d5": null, "tmin_d6": null, "day_of_year": 291, "uuid": "5fc7d040-cfd6-403e-acf5-286980aba9c0", "inat_id": 36089902}}, {"type": "Feature", "geometry": {"type": "Point", "coordinates": [-122.13295, 45.536405]}, "properties": {"species": "Laetiporus conifericola", "date": "2020-08-16", "location": "Corbett, Corbett, OR, US", "elevation": 661.0, "land_cover_label": "Tree cover", "water_mask": false, "exclude_reason": "keep", "ndvi": null, "soil_moisture": null, "solar_exposure": null, "wind_exposure": null, "water_retention": null, "slope": null, "aspect": null, "num_identification_agreements": 1, "cluster": 0, "tavg": null, "tmin": null, "tmax": null, "prcp_d0": 5.093601703643799, "prcp_d1": 0.0, "prcp_d2": 0.0, "prcp_d3": 0.0, "prcp_d4": 5.761945724487305, "prcp_d5": 0.0, "prcp_d6": 0.0, "tmax_d0": null, "tmax_d1": null, "tmax_d2": null, "tmax_d3": null, "tmax_d4": null, "tmax_d5": null, "tmax_d6": null, "tmin_d0": null, "tmin_d1": null, "tmin_d2": null, "tmin_d3": null, "tmin_d4": null, "tmin_d5": null, "tmin_d6": null, "day_of_year": 229, "uuid": "e314e097-d437-4834-a15a-fd95c3a0c7d4", "inat_id": 86776441}}, {"type": "Feature", "geometry": {"type": "Point", "coordinates": [-122.06243883, 45.54628833]}, "properties": {"species": "Laetiporus conifericola", "date": "2020-09-24", "location": "Columbia River Gorge National Scenic Area, Corbett, OR, US", "elevation": 865.0, "land_cover_label": "Tree cover", "water_mask": false, "exclude_reason": "keep", "ndvi": null, "soil_moisture": null, "solar_exposure": null, "wind_exposure": null, "water_retention": null, "slope": null, "aspect": null, "num_identification_agreements": 1, "cluster": 0, "tavg": null, "tmin": 13.3, "tmax": 21.7, "prcp_d0": 0.0, "prcp_d1": 0.0, "prcp_d2": 0.0, "prcp_d3": 0.0, "prcp_d4": 0.4993104338645935, "prcp_d5": 2.719851493835449, "prcp_d6": 19.080978393554688, "tmax_d0": null, "tmax_d1": null, "tmax_d2": null, "tmax_d3": null, "tmax_d4": null, "tmax_d5": null, "tmax_d6": null, "tmin_d0": null, "tmin_d1": null, "tmin_d2": null, "tmin_d3": null, "tmin_d4": null, "tmin_d5": null, "tmin_d6": null, "day_of_year": 268, "uuid": "3e21d2af-b8ac-424d-947b-ab0c7b55b759", "inat_id": 60681087}}, {"type": "Feature", "geometry": {"type": "Point", "coordinates": [-121.8869433179, 44.6173849851]}, "properties": {"species": "Laetiporus conifericola", "date": "2020-10-02", "location": "Idanha, OR 97350, USA", "elevation": 1242.0, "land_cover_label": "Tree cover", "water_mask": false, "exclude_reason": "keep", "ndvi": null, "soil_moisture": null, "solar_exposure": null, "wind_exposure": null, "water_retention": null, "slope": null, "aspect": null, "num_identification_agreements": 1, "cluster": 0, "tavg": null, "tmin": null, "tmax": null, "prcp_d0": 0.0, "prcp_d1": 0.0, "prcp_d2": 0.0, "prcp_d3": 0.0, "prcp_d4": 0.0, "prcp_d5": 0.0, "prcp_d6": 13.34948444366455, "tmax_d0": null, "tmax_d1": null, "tmax_d2": null, "tmax_d3": null, "tmax_d4": null, "tmax_d5": null, "tmax_d6": null, "tmin_d0": null, "tmin_d1": null, "tmin_d2": null, "tmin_d3": null, "tmin_d4": null, "tmin_d5": null, "tmin_d6": null, "day_of_year": 276, "uuid": "bd58e177-af01-45de-8878-c81d9a52e044", "inat_id": 61642370}}, {"type": "Feature", "geometry": {"type": "Point", "coordinates": [-122.0232013333, 45.6352508889]}, "properties": {"species": "Laetiporus conifericola", "date": "2020-10-05", "location": "Skamania County, US-WA, US", "elevation": 185.0, "land_cover_label": "Tree cover", "water_mask": false, "exclude_reason": "keep", "ndvi": null, "soil_moisture": null, "solar_exposure": null, "wind_exposure": null, "water_retention": null, "slope": null, "aspect": null, "num_identification_agreements": 2, "cluster": 0, "tavg": null, "tmin": 11.1, "tmax": 23.9, "prcp_d0": 0.0, "prcp_d1": 0.0, "prcp_d2": 0.0, "prcp_d3": 0.0, "prcp_d4": 0.0, "prcp_d5": 0.0, "prcp_d6": 0.0, "tmax_d0": null, "tmax_d1": null, "tmax_d2": null, "tmax_d3": null, "tmax_d4": null, "tmax_d5": null, "tmax_d6": null, "tmin_d0": null, "tmin_d1": null, "tmin_d2": null, "tmin_d3": null, "tmin_d4": null, "tmin_d5": null, "tmin_d6": null, "day_of_year": 279, "uuid": "600f88e6-df58-42ad-85ea-ed5250dbbc35", "inat_id": 61823856}}, {"type": "Feature", "geometry": {"type": "Point", "coordinates": [-121.8787926039, 45.3820288303]}, "properties": {"species": "Laetiporus conifericola", "date": "2020-10-11", "location": "Mt. Hood National Forest, Rhododendron, OR, US", "elevation": 618.0, "land_cover_label": "Tree cover", "water_mask": false, "exclude_reason": "keep", "ndvi": null, "soil_moisture": null, "solar_exposure": null, "wind_exposure": null, "water_retention": null, "slope": null, "aspect": null, "num_identification_agreements": 4, "cluster": 1, "tavg": null, "tmin": 11.7, "tmax": 16.1, "prcp_d0": 0.0, "prcp_d1": 31.50988006591797, "prcp_d2": 0.0, "prcp_d3": 0.0, "prcp_d4": 0.0, "prcp_d5": 0.0, "prcp_d6": 0.0, "tmax_d0": null, "tmax_d1": null, "tmax_d2": null, "tmax_d3": null, "tmax_d4": null, "tmax_d5": null, "tmax_d6": null, "tmin_d0": null, "tmin_d1": null, "tmin_d2": null, "tmin_d3": null, "tmin_d4": null, "tmin_d5": null, "tmin_d6": null, "day_of_year": 285, "uuid": "a538daf4-b000-4ab6-abf5-976876177e70", "inat_id": 62452135}}, {"type": "Feature", "geometry": {"type": "Point", "coordinates": [-121.6831416667, 45.2889861111]}, "properties": {"species": "Laetiporus conifericola", "date": "2020-10-20", "location": "MT HOOD PRKDL, OR 97041, USA", "elevation": 1376.0, "land_cover_label": "Tree cover", "water_mask": false, "exclude_reason": "keep", "ndvi": null, "soil_moisture": null, "solar_exposure": null, "wind_exposure": null, "water_retention": null, "slope": null, "aspect": null, "num_identification_agreements": 1, "cluster": 0, "tavg": null, "tmin": null, "tmax": null, "prcp_d0": 0.0, "prcp_d1": 0.0, "prcp_d2": 0.0, "prcp_d3": 0.0, "prcp_d4": 0.0, "prcp_d5": 0.0, "prcp_d6": 0.0, "tmax_d0": null, "tmax_d1": null, "tmax_d2": null, "tmax_d3": null, "tmax_d4": null, "tmax_d5": null, "tmax_d6": null, "tmin_d0": null, "tmin_d1": null, "tmin_d2": null, "tmin_d3": null, "tmin_d4": null, "tmin_d5": null, "tmin_d6": null, "day_of_year": 294, "uuid": "1a3bdc74-5f40-412b-9b10-69dfb490b214", "inat_id": 63145451}}, {"type": "Feature", "geometry": {"type": "Point", "coordinates": [-121.9153966667, 45.339195]}, "properties": {"species": "Laetiporus conifericola", "date": "2020-10-24", "location": "Mt. Hood Park Division Recreation Area, Rhododendron, OR, US", "elevation": 536.0, "land_cover_label": "Tree cover", "water_mask": false, "exclude_reason": "keep", "ndvi": null, "soil_moisture": null, "solar_exposure": null, "wind_exposure": null, "water_retention": null, "slope": null, "aspect": null, "num_identification_agreements": 1, "cluster": 0, "tavg": null, "tmin": 6.7, "tmax": 14.4, "prcp_d0": 0.0, "prcp_d1": 0.0, "prcp_d2": 0.0, "prcp_d3": 0.0, "prcp_d4": 0.0, "prcp_d5": 0.0, "prcp_d6": 0.0, "tmax_d0": null, "tmax_d1": null, "tmax_d2": null, "tmax_d3": null, "tmax_d4": null, "tmax_d5": null, "tmax_d6": null, "tmin_d0": null, "tmin_d1": null, "tmin_d2": null, "tmin_d3": null, "tmin_d4": null, "tmin_d5": null, "tmin_d6": null, "day_of_year": 298, "uuid": "b69ed712-95ed-46c2-bf77-40aad9f612da", "inat_id": 63497419}}, {"type": "Feature", "geometry": {"type": "Point", "coordinates": [-122.1117227941, 45.3246607721]}, "properties": {"species": "Laetiporus conifericola", "date": "2020-11-01", "location": "Oregon, US", "elevation": 748.0, "land_cover_label": "Tree cover", "water_mask": false, "exclude_reason": "keep", "ndvi": null, "soil_moisture": null, "solar_exposure": null, "wind_exposure": null, "water_retention": null, "slope": null, "aspect": null, "num_identification_agreements": 1, "cluster": 0, "tavg": null, "tmin": 11.1, "tmax": 17.2, "prcp_d0": 0.0, "prcp_d1": 1.50749409198761, "prcp_d2": 8.566615104675293, "prcp_d3": 0.0, "prcp_d4": 0.0, "prcp_d5": 0.0, "prcp_d6": 0.1378380954265594, "tmax_d0": null, "tmax_d1": null, "tmax_d2": null, "tmax_d3": null, "tmax_d4": null, "tmax_d5": null, "tmax_d6": null, "tmin_d0": null, "tmin_d1": null, "tmin_d2": null, "tmin_d3": null, "tmin_d4": null, "tmin_d5": null, "tmin_d6": null, "day_of_year": 306, "uuid": "dd20d11e-f679-4aea-8564-7d075bfd92a6", "inat_id": 64016644}}, {"type": "Feature", "geometry": {"type": "Point", "coordinates": [-122.1151861111, 45.6272555556]}, "properties": {"species": "Laetiporus conifericola", "date": "2021-03-20", "location": "Washougal, WA 98671, USA", "elevation": 677.0, "land_cover_label": "Tree cover", "water_mask": false, "exclude_reason": "keep", "ndvi": null, "soil_moisture": null, "solar_exposure": null, "wind_exposure": null, "water_retention": null, "slope": null, "aspect": null, "num_identification_agreements": 1, "cluster": 0, "tavg": null, "tmin": 7.2, "tmax": 11.1, "prcp_d0": 0.0, "prcp_d1": 0.0, "prcp_d2": 0.0, "prcp_d3": 0.0, "prcp_d4": 0.0, "prcp_d5": 0.0, "prcp_d6": 31.53624153137207, "tmax_d0": null, "tmax_d1": null, "tmax_d2": null, "tmax_d3": null, "tmax_d4": null, "tmax_d5": null, "tmax_d6": null, "tmin_d0": null, "tmin_d1": null, "tmin_d2": null, "tmin_d3": null, "tmin_d4": null, "tmin_d5": null, "tmin_d6": null, "day_of_year": 79, "uuid": "53a0dae0-4dfd-42d8-952a-2ad89526ff38", "inat_id": 71753897}}, {"type": "Feature", "geometry": {"type": "Point", "coordinates": [-121.9401561, 45.2965616]}, "properties": {"species": "Laetiporus conifericola", "date": "2021-08-09", "location": "Old Salmon Riv Trail #742A, Mt Hood Village, OR 97067, USA", "elevation": 469.0, "land_cover_label": "Tree cover", "water_mask": false, "exclude_reason": "keep", "ndvi": null, "soil_moisture": null, "solar_exposure": null, "wind_exposure": null, "water_retention": null, "slope": null, "aspect": null, "num_identification_agreements": 2, "cluster": 0, "tavg": null, "tmin": 13.3, "tmax": 30.0, "prcp_d0": 0.0, "prcp_d1": 0.0, "prcp_d2": 0.0, "prcp_d3": 0.0, "prcp_d4": 0.0, "prcp_d5": 0.0, "prcp_d6": 0.0, "tmax_d0": null, "tmax_d1": null, "tmax_d2": null, "tmax_d3": null, "tmax_d4": null, "tmax_d5": null, "tmax_d6": null, "tmin_d0": null, "tmin_d1": null, "tmin_d2": null, "tmin_d3": null, "tmin_d4": null, "tmin_d5": null, "tmin_d6": null, "day_of_year": 221, "uuid": "215318d1-b44f-49a6-9ada-bd9701949b2e", "inat_id": 100375664}}, {"type": "Feature", "geometry": {"type": "Point", "coordinates": [-121.7798274252, 45.3055294091]}, "properties": {"species": "Laetiporus conifericola", "date": "2021-08-10", "location": "Mt. Hood Park Division Recreation Area, Government Camp, OR, US", "elevation": 1120.0, "land_cover_label": "Tree cover", "water_mask": false, "exclude_reason": "keep", "ndvi": null, "soil_moisture": null, "solar_exposure": null, "wind_exposure": null, "water_retention": null, "slope": null, "aspect": null, "num_identification_agreements": 1, "cluster": 0, "tavg": null, "tmin": null, "tmax": null, "prcp_d0": 0.0, "prcp_d1": 0.0, "prcp_d2": 0.0, "prcp_d3": 0.0, "prcp_d4": 0.0, "prcp_d5": 0.0, "prcp_d6": 0.0, "tmax_d0": null, "tmax_d1": null, "tmax_d2": null, "tmax_d3": null, "tmax_d4": null, "tmax_d5": null, "tmax_d6": null, "tmin_d0": null, "tmin_d1": null, "tmin_d2": null, "tmin_d3": null, "tmin_d4": null, "tmin_d5": null, "tmin_d6": null, "day_of_year": 222, "uuid": "054cf646-bb67-4335-9bf4-f7eb252ab1f5", "inat_id": 90715943}}, {"type": "Feature", "geometry": {"type": "Point", "coordinates": [-121.8843561718, 45.5407281417]}, "properties": {"species": "Laetiporus conifericola", "date": "2021-08-17", "location": "Oregon, US", "elevation": 888.0, "land_cover_label": "Tree cover", "water_mask": false, "exclude_reason": "keep", "ndvi": null, "soil_moisture": null, "solar_exposure": null, "wind_exposure": null, "water_retention": null, "slope": null, "aspect": null, "num_identification_agreements": 1, "cluster": 0, "tavg": null, "tmin": 15.6, "tmax": 21.7, "prcp_d0": 4.46636438369751, "prcp_d1": 0.0, "prcp_d2": 0.0, "prcp_d3": 3.999406576156616, "prcp_d4": 0.0, "prcp_d5": 0.0, "prcp_d6": 0.0, "tmax_d0": null, "tmax_d1": null, "tmax_d2": null, "tmax_d3": null, "tmax_d4": null, "tmax_d5": null, "tmax_d6": null, "tmin_d0": null, "tmin_d1": null, "tmin_d2": null, "tmin_d3": null, "tmin_d4": null, "tmin_d5": null, "tmin_d6": null, "day_of_year": 229, "uuid": "2cea4e27-723d-45df-b3f4-03c11ea18e96", "inat_id": 91800163}}, {"type": "Feature", "geometry": {"type": "Point", "coordinates": [-121.8435541, 45.5365858997]}, "properties": {"species": "Laetiporus conifericola", "date": "2021-08-20", "location": "Cascade Locks, OR 97014, USA", "elevation": 1307.0, "land_cover_label": "Tree cover", "water_mask": false, "exclude_reason": "keep", "ndvi": null, "soil_moisture": null, "solar_exposure": null, "wind_exposure": null, "water_retention": null, "slope": null, "aspect": null, "num_identification_agreements": 2, "cluster": 0, "tavg": null, "tmin": 15.6, "tmax": 22.2, "prcp_d0": 0.0, "prcp_d1": 0.0, "prcp_d2": 0.0, "prcp_d3": 4.275948524475098, "prcp_d4": 0.0, "prcp_d5": 0.0, "prcp_d6": 3.813870429992676, "tmax_d0": null, "tmax_d1": null, "tmax_d2": null, "tmax_d3": null, "tmax_d4": null, "tmax_d5": null, "tmax_d6": null, "tmin_d0": null, "tmin_d1": null, "tmin_d2": null, "tmin_d3": null, "tmin_d4": null, "tmin_d5": null, "tmin_d6": null, "day_of_year": 232, "uuid": "0355f122-d012-4829-89df-9bf33d6e09c5", "inat_id": 92173093}}, {"type": "Feature", "geometry": {"type": "Point", "coordinates": [-122.1725378094, 45.5598167517]}, "properties": {"species": "Laetiporus conifericola", "date": "2021-08-21", "location": "Multnomah County, US-OR, US", "elevation": 96.0, "land_cover_label": "Tree cover", "water_mask": false, "exclude_reason": "keep", "ndvi": null, "soil_moisture": null, "solar_exposure": null, "wind_exposure": null, "water_retention": null, "slope": null, "aspect": null, "num_identification_agreements": 2, "cluster": 0, "tavg": null, "tmin": 15.6, "tmax": 22.2, "prcp_d0": 0.0, "prcp_d1": 0.0, "prcp_d2": 0.0, "prcp_d3": 0.0, "prcp_d4": 4.721077919006348, "prcp_d5": 0.0, "prcp_d6": 0.0, "tmax_d0": null, "tmax_d1": null, "tmax_d2": null, "tmax_d3": null, "tmax_d4": null, "tmax_d5": null, "tmax_d6": null, "tmin_d0": null, "tmin_d1": null, "tmin_d2": null, "tmin_d3": null, "tmin_d4": null, "tmin_d5": null, "tmin_d6": null, "day_of_year": 233, "uuid": "fafbf3ee-5abd-408f-918e-7a14eb592544", "inat_id": 92152951}}, {"type": "Feature", "geometry": {"type": "Point", "coordinates": [-121.7652782259, 45.3833530796]}, "properties": {"species": "Laetiporus conifericola", "date": "2021-08-29", "location": "Oregon, US", "elevation": 1457.0, "land_cover_label": "Tree cover", "water_mask": false, "exclude_reason": "keep", "ndvi": null, "soil_moisture": null, "solar_exposure": null, "wind_exposure": null, "water_retention": null, "slope": null, "aspect": null, "num_identification_agreements": 1, "cluster": 0, "tavg": null, "tmin": null, "tmax": null, "prcp_d0": 0.0, "prcp_d1": 0.0, "prcp_d2": 0.0, "prcp_d3": 11.503530502319336, "prcp_d4": 0.0, "prcp_d5": 0.0, "prcp_d6": 0.0, "tmax_d0": null, "tmax_d1": null, "tmax_d2": null, "tmax_d3": null, "tmax_d4": null, "tmax_d5": null, "tmax_d6": null, "tmin_d0": null, "tmin_d1": null, "tmin_d2": null, "tmin_d3": null, "tmin_d4": null, "tmin_d5": null, "tmin_d6": null, "day_of_year": 241, "uuid": "6dc4ff38-03ee-4fe5-9dd2-cf9810f04e29", "inat_id": 93192133}}, {"type": "Feature", "geometry": {"type": "Point", "coordinates": [-122.1202395111, 45.4013670102]}, "properties": {"species": "Laetiporus conifericola", "date": "2021-08-30", "location": "Sandy, OR 97055, USA", "elevation": 369.0, "land_cover_label": "Tree cover", "water_mask": false, "exclude_reason": "keep", "ndvi": null, "soil_moisture": null, "solar_exposure": null, "wind_exposure": null, "water_retention": null, "slope": null, "aspect": null, "num_identification_agreements": 1, "cluster": 0, "tavg": null, "tmin": 11.1, "tmax": 21.7, "prcp_d0": 0.0, "prcp_d1": 0.0, "prcp_d2": 0.0, "prcp_d3": 0.0, "prcp_d4": 11.897649765014648, "prcp_d5": 0.0, "prcp_d6": 0.0, "tmax_d0": null, "tmax_d1": null, "tmax_d2": null, "tmax_d3": null, "tmax_d4": null, "tmax_d5": null, "tmax_d6": null, "tmin_d0": null, "tmin_d1": null, "tmin_d2": null, "tmin_d3": null, "tmin_d4": null, "tmin_d5": null, "tmin_d6": null, "day_of_year": 242, "uuid": "6aedf1e1-6287-4d55-8f93-a6056a265c31", "inat_id": 93117696}}, {"type": "Feature", "geometry": {"type": "Point", "coordinates": [-121.7142136759, 45.3246714151]}, "properties": {"species": "Laetiporus conifericola", "date": "2021-09-12", "location": "Oregon, US", "elevation": 1670.0, "land_cover_label": "Grassland", "water_mask": false, "exclude_reason": "keep", "ndvi": null, "soil_moisture": null, "solar_exposure": null, "wind_exposure": null, "water_retention": null, "slope": null, "aspect": null, "num_identification_agreements": 1, "cluster": 0, "tavg": null, "tmin": null, "tmax": null, "prcp_d0": 0.0, "prcp_d1": 0.0, "prcp_d2": 23.791683197021484, "prcp_d3": 0.0, "prcp_d4": 0.0, "prcp_d5": 0.0, "prcp_d6": 0.0, "tmax_d0": null, "tmax_d1": null, "tmax_d2": null, "tmax_d3": null, "tmax_d4": null, "tmax_d5": null, "tmax_d6": null, "tmin_d0": null, "tmin_d1": null, "tmin_d2": null, "tmin_d3": null, "tmin_d4": null, "tmin_d5": null, "tmin_d6": null, "day_of_year": 255, "uuid": "87c00c7c-3f87-487e-bc25-75f604caa235", "inat_id": 94682708}}, {"type": "Feature", "geometry": {"type": "Point", "coordinates": [-122.3640541854, 45.3417735323]}, "properties": {"species": "Laetiporus conifericola", "date": "2021-09-12", "location": "Oregon, US", "elevation": 101.0, "land_cover_label": "Tree cover", "water_mask": false, "exclude_reason": "keep", "ndvi": null, "soil_moisture": null, "solar_exposure": null, "wind_exposure": null, "water_retention": null, "slope": null, "aspect": null, "num_identification_agreements": 1, "cluster": 0, "tavg": null, "tmin": 13.9, "tmax": 23.3, "prcp_d0": 0.0, "prcp_d1": 0.0, "prcp_d2": 12.304429054260254, "prcp_d3": 0.0, "prcp_d4": 0.0, "prcp_d5": 0.0, "prcp_d6": 0.0, "tmax_d0": null, "tmax_d1": null, "tmax_d2": null, "tmax_d3": null, "tmax_d4": null, "tmax_d5": null, "tmax_d6": null, "tmin_d0": null, "tmin_d1": null, "tmin_d2": null, "tmin_d3": null, "tmin_d4": null, "tmin_d5": null, "tmin_d6": null, "day_of_year": 255, "uuid": "5c5ba2f0-060a-475a-81f5-e83dd0b255cf", "inat_id": 94648849}}, {"type": "Feature", "geometry": {"type": "Point", "coordinates": [-122.2835716, 45.2089324]}, "properties": {"species": "Laetiporus conifericola", "date": "2021-09-26", "location": "Estacada, OR 97023, USA", "elevation": 440.0, "land_cover_label": "Tree cover", "water_mask": false, "exclude_reason": "keep", "ndvi": null, "soil_moisture": null, "solar_exposure": null, "wind_exposure": null, "water_retention": null, "slope": null, "aspect": null, "num_identification_agreements": 1, "cluster": 0, "tavg": null, "tmin": 12.8, "tmax": 22.8, "prcp_d0": 0.0, "prcp_d1": 0.0, "prcp_d2": 0.0, "prcp_d3": 0.0, "prcp_d4": 0.0, "prcp_d5": 0.0, "prcp_d6": 0.0, "tmax_d0": null, "tmax_d1": null, "tmax_d2": null, "tmax_d3": null, "tmax_d4": null, "tmax_d5": null, "tmax_d6": null, "tmin_d0": null, "tmin_d1": null, "tmin_d2": null, "tmin_d3": null, "tmin_d4": null, "tmin_d5": null, "tmin_d6": null, "day_of_year": 269, "uuid": "80a8f4f3-61c8-407b-921e-7af0134aea88", "inat_id": 96446063}}, {"type": "Feature", "geometry": {"type": "Point", "coordinates": [-122.3429919069, 45.307527992]}, "properties": {"species": "Laetiporus conifericola", "date": "2021-10-02", "location": "Oregon, US", "elevation": 136.0, "land_cover_label": "Grassland", "water_mask": false, "exclude_reason": "keep", "ndvi": null, "soil_moisture": null, "solar_exposure": null, "wind_exposure": null, "water_retention": null, "slope": null, "aspect": null, "num_identification_agreements": 2, "cluster": 0, "tavg": null, "tmin": 6.1, "tmax": 21.7, "prcp_d0": 0.0, "prcp_d1": 0.0, "prcp_d2": 0.0, "prcp_d3": 0.0, "prcp_d4": 0.0, "prcp_d5": 0.0, "prcp_d6": 0.0, "tmax_d0": null, "tmax_d1": null, "tmax_d2": null, "tmax_d3": null, "tmax_d4": null, "tmax_d5": null, "tmax_d6": null, "tmin_d0": null, "tmin_d1": null, "tmin_d2": null, "tmin_d3": null, "tmin_d4": null, "tmin_d5": null, "tmin_d6": null, "day_of_year": 275, "uuid": "a11c590a-2e8e-48f9-aada-b131c27309c9", "inat_id": 96911191}}, {"type": "Feature", "geometry": {"type": "Point", "coordinates": [-121.8713379049, 45.2065876589]}, "properties": {"species": "Laetiporus conifericola", "date": "2021-10-03", "location": "Oregon, US", "elevation": 1145.0, "land_cover_label": "Tree cover", "water_mask": false, "exclude_reason": "keep", "ndvi": null, "soil_moisture": null, "solar_exposure": null, "wind_exposure": null, "water_retention": null, "slope": null, "aspect": null, "num_identification_agreements": 1, "cluster": 0, "tavg": null, "tmin": null, "tmax": null, "prcp_d0": 0.0, "prcp_d1": 0.0, "prcp_d2": 0.0, "prcp_d3": 0.0, "prcp_d4": 0.0, "prcp_d5": 0.0, "prcp_d6": 0.0, "tmax_d0": null, "tmax_d1": null, "tmax_d2": null, "tmax_d3": null, "tmax_d4": null, "tmax_d5": null, "tmax_d6": null, "tmin_d0": null, "tmin_d1": null, "tmin_d2": null, "tmin_d3": null, "tmin_d4": null, "tmin_d5": null, "tmin_d6": null, "day_of_year": 276, "uuid": "7f76430d-f055-4087-8e05-38473d7dd955", "inat_id": 97072820}}, {"type": "Feature", "geometry": {"type": "Point", "coordinates": [-122.281732, 45.2098226997]}, "properties": {"species": "Laetiporus conifericola", "date": "2021-10-06", "location": "Estacada, OR 97023, USA", "elevation": 440.0, "land_cover_label": "Tree cover", "water_mask": false, "exclude_reason": "keep", "ndvi": null, "soil_moisture": null, "solar_exposure": null, "wind_exposure": null, "water_retention": null, "slope": null, "aspect": null, "num_identification_agreements": 2, "cluster": 0, "tavg": null, "tmin": 8.9, "tmax": 15.0, "prcp_d0": 0.0, "prcp_d1": 0.0, "prcp_d2": 0.0, "prcp_d3": 0.0, "prcp_d4": 0.0, "prcp_d5": 0.0, "prcp_d6": 0.0, "tmax_d0": null, "tmax_d1": null, "tmax_d2": null, "tmax_d3": null, "tmax_d4": null, "tmax_d5": null, "tmax_d6": null, "tmin_d0": null, "tmin_d1": null, "tmin_d2": null, "tmin_d3": null, "tmin_d4": null, "tmin_d5": null, "tmin_d6": null, "day_of_year": 279, "uuid": "54f1683e-83cb-40d7-8173-aa9134d7e5fd", "inat_id": 97900294}}, {"type": "Feature", "geometry": {"type": "Point", "coordinates": [-121.8181533333, 45.4942383333]}, "properties": {"species": "Laetiporus conifericola", "date": "2022-09-07", "location": "Hood River County, US-OR, US", "elevation": 986.0, "land_cover_label": "Tree cover", "water_mask": false, "exclude_reason": "keep", "ndvi": null, "soil_moisture": null, "solar_exposure": null, "wind_exposure": null, "water_retention": null, "slope": null, "aspect": null, "num_identification_agreements": 1, "cluster": 0, "tavg": null, "tmin": 15.9, "tmax": 30.2, "prcp_d0": 0.0, "prcp_d1": 0.0, "prcp_d2": 0.0, "prcp_d3": 0.0, "prcp_d4": 0.0, "prcp_d5": 0.0, "prcp_d6": 0.0, "tmax_d0": null, "tmax_d1": null, "tmax_d2": null, "tmax_d3": null, "tmax_d4": null, "tmax_d5": null, "tmax_d6": null, "tmin_d0": null, "tmin_d1": null, "tmin_d2": null, "tmin_d3": null, "tmin_d4": null, "tmin_d5": null, "tmin_d6": null, "day_of_year": 250, "uuid": "44439bcd-39e6-486b-9726-5535631d352f", "inat_id": 134117945}}, {"type": "Feature", "geometry": {"type": "Point", "coordinates": [-121.7531814575, 45.1449890137]}, "properties": {"species": "Laetiporus conifericola", "date": "2022-09-15", "location": "Clackamas County, US-OR, US", "elevation": 1003.0, "land_cover_label": "Tree cover", "water_mask": false, "exclude_reason": "keep", "ndvi": null, "soil_moisture": null, "solar_exposure": null, "wind_exposure": null, "water_retention": null, "slope": null, "aspect": null, "num_identification_agreements": 2, "cluster": 0, "tavg": null, "tmin": null, "tmax": null, "prcp_d0": 0.0, "prcp_d1": 0.0, "prcp_d2": 0.0, "prcp_d3": 10.892568588256836, "prcp_d4": 0.0, "prcp_d5": 0.0, "prcp_d6": 0.0, "tmax_d0": null, "tmax_d1": null, "tmax_d2": null, "tmax_d3": null, "tmax_d4": null, "tmax_d5": null, "tmax_d6": null, "tmin_d0": null, "tmin_d1": null, "tmin_d2": null, "tmin_d3": null, "tmin_d4": null, "tmin_d5": null, "tmin_d6": null, "day_of_year": 258, "uuid": "348e53fc-7acd-4675-8b5a-c919d4dd751c", "inat_id": 135463281}}, {"type": "Feature", "geometry": {"type": "Point", "coordinates": [-121.7928007809, 45.5793873986]}, "properties": {"species": "Laetiporus conifericola", "date": "2022-09-18", "location": "Forest Service U.S. Department of Agriculture, Cascade Locks, OR, US", "elevation": 1141.0, "land_cover_label": "Tree cover", "water_mask": false, "exclude_reason": "keep", "ndvi": null, "soil_moisture": null, "solar_exposure": null, "wind_exposure": null, "water_retention": null, "slope": null, "aspect": null, "num_identification_agreements": 3, "cluster": 0, "tavg": null, "tmin": 10.9, "tmax": 23.8, "prcp_d0": 0.0, "prcp_d1": 0.0, "prcp_d2": 0.0, "prcp_d3": 0.0, "prcp_d4": 0.0, "prcp_d5": 0.0, "prcp_d6": 0.0, "tmax_d0": null, "tmax_d1": null, "tmax_d2": null, "tmax_d3": null, "tmax_d4": null, "tmax_d5": null, "tmax_d6": null, "tmin_d0": null, "tmin_d1": null, "tmin_d2": null, "tmin_d3": null, "tmin_d4": null, "tmin_d5": null, "tmin_d6": null, "day_of_year": 261, "uuid": "7205c386-3a8c-47d3-bcb6-6077b284c96e", "inat_id": 135612532}}, {"type": "Feature", "geometry": {"type": "Point", "coordinates": [-122.0890195, 45.5296166667]}, "properties": {"species": "Laetiporus conifericola", "date": "2022-09-23", "location": "Zigzag Ranger Station, Corbett, OR, US", "elevation": 1200.0, "land_cover_label": "Tree cover", "water_mask": false, "exclude_reason": "keep", "ndvi": null, "soil_moisture": null, "solar_exposure": null, "wind_exposure": null, "water_retention": null, "slope": null, "aspect": null, "num_identification_agreements": 2, "cluster": 0, "tavg": null, "tmin": 9.4, "tmax": 24.4, "prcp_d0": 0.0, "prcp_d1": 0.0, "prcp_d2": 0.0, "prcp_d3": 0.0, "prcp_d4": 0.0, "prcp_d5": 0.0, "prcp_d6": 0.0, "tmax_d0": null, "tmax_d1": null, "tmax_d2": null, "tmax_d3": null, "tmax_d4": null, "tmax_d5": null, "tmax_d6": null, "tmin_d0": null, "tmin_d1": null, "tmin_d2": null, "tmin_d3": null, "tmin_d4": null, "tmin_d5": null, "tmin_d6": null, "day_of_year": 266, "uuid": "3f06087c-cfe0-4179-99da-a664f2283820", "inat_id": 136976508}}, {"type": "Feature", "geometry": {"type": "Point", "coordinates": [-121.9525, 45.3204]}, "properties": {"species": "Laetiporus conifericola", "date": "2022-09-23", "location": "Zigzag Ranger District portion in Clackamas Co., Mount Hood National Forest, Clackamas Co., Oregon, USA", "elevation": 427.0, "land_cover_label": "Tree cover", "water_mask": false, "exclude_reason": "keep", "ndvi": null, "soil_moisture": null, "solar_exposure": null, "wind_exposure": null, "water_retention": null, "slope": null, "aspect": null, "num_identification_agreements": 1, "cluster": 0, "tavg": null, "tmin": 9.4, "tmax": 24.4, "prcp_d0": 0.0, "prcp_d1": 0.0, "prcp_d2": 0.0, "prcp_d3": 0.0, "prcp_d4": 0.0, "prcp_d5": 0.0, "prcp_d6": 0.0, "tmax_d0": null, "tmax_d1": null, "tmax_d2": null, "tmax_d3": null, "tmax_d4": null, "tmax_d5": null, "tmax_d6": null, "tmin_d0": null, "tmin_d1": null, "tmin_d2": null, "tmin_d3": null, "tmin_d4": null, "tmin_d5": null, "tmin_d6": null, "day_of_year": 266, "uuid": "ae9025aa-ac54-4ab8-abb9-96bbfacef3d2", "inat_id": 137099300}}, {"type": "Feature", "geometry": {"type": "Point", "coordinates": [-121.7906333333, 45.4032033333]}, "properties": {"species": "Laetiporus conifericola", "date": "2022-09-23", "location": "Forest Service U.S. Department of Agriculture, Rhododendron, OR, US", "elevation": 1225.0, "land_cover_label": "Tree cover", "water_mask": false, "exclude_reason": "keep", "ndvi": null, "soil_moisture": null, "solar_exposure": null, "wind_exposure": null, "water_retention": null, "slope": null, "aspect": null, "num_identification_agreements": 1, "cluster": 0, "tavg": null, "tmin": 11.6, "tmax": 24.4, "prcp_d0": 0.0, "prcp_d1": 0.0, "prcp_d2": 0.0, "prcp_d3": 0.0, "prcp_d4": 0.0, "prcp_d5": 0.0, "prcp_d6": 0.0, "tmax_d0": null, "tmax_d1": null, "tmax_d2": null, "tmax_d3": null, "tmax_d4": null, "tmax_d5": null, "tmax_d6": null, "tmin_d0": null, "tmin_d1": null, "tmin_d2": null, "tmin_d3": null, "tmin_d4": null, "tmin_d5": null, "tmin_d6": null, "day_of_year": 266, "uuid": "bf3ed146-8614-4069-bca8-88e0674f3284", "inat_id": 143327900}}, {"type": "Feature", "geometry": {"type": "Point", "coordinates": [-121.7739284567, 45.2665075689]}, "properties": {"species": "Laetiporus conifericola", "date": "2022-09-24", "location": "Oregon, US", "elevation": 1251.0, "land_cover_label": "Tree cover", "water_mask": false, "exclude_reason": "keep", "ndvi": null, "soil_moisture": null, "solar_exposure": null, "wind_exposure": null, "water_retention": null, "slope": null, "aspect": null, "num_identification_agreements": 1, "cluster": 0, "tavg": null, "tmin": 9.7, "tmax": 26.5, "prcp_d0": 0.0, "prcp_d1": 0.0, "prcp_d2": 0.0, "prcp_d3": 0.0, "prcp_d4": 0.0, "prcp_d5": 0.0, "prcp_d6": 0.0, "tmax_d0": null, "tmax_d1": null, "tmax_d2": null, "tmax_d3": null, "tmax_d4": null, "tmax_d5": null, "tmax_d6": null, "tmin_d0": null, "tmin_d1": null, "tmin_d2": null, "tmin_d3": null, "tmin_d4": null, "tmin_d5": null, "tmin_d6": null, "day_of_year": 267, "uuid": "a0e7a5d1-dc36-4ffe-b1d3-2b78be667927", "inat_id": 136374005}}, {"type": "Feature", "geometry": {"type": "Point", "coordinates": [-121.6994116227, 45.2816150791]}, "properties": {"species": "Laetiporus conifericola", "date": "2022-09-24", "location": "TIMBRLINE LDG, OR 97028, USA", "elevation": 1148.0, "land_cover_label": "Tree cover", "water_mask": false, "exclude_reason": "keep", "ndvi": null, "soil_moisture": null, "solar_exposure": null, "wind_exposure": null, "water_retention": null, "slope": null, "aspect": null, "num_identification_agreements": 2, "cluster": 0, "tavg": null, "tmin": 9.7, "tmax": 26.5, "prcp_d0": 0.0, "prcp_d1": 0.0, "prcp_d2": 0.0, "prcp_d3": 0.0, "prcp_d4": 0.0, "prcp_d5": 0.0, "prcp_d6": 0.0, "tmax_d0": null, "tmax_d1": null, "tmax_d2": null, "tmax_d3": null, "tmax_d4": null, "tmax_d5": null, "tmax_d6": null, "tmin_d0": null, "tmin_d1": null, "tmin_d2": null, "tmin_d3": null, "tmin_d4": null, "tmin_d5": null, "tmin_d6": null, "day_of_year": 267, "uuid": "f21e2e44-876e-4ae7-bd41-f415a6559e5a", "inat_id": 136349665}}, {"type": "Feature", "geometry": {"type": "Point", "coordinates": [-121.5797583333, 45.3244166667]}, "properties": {"species": "Laetiporus conifericola", "date": "2022-10-01", "location": "Mt. Hood Park Division Recreation Area, Mount Hood Parkdale, OR, US", "elevation": 1151.0, "land_cover_label": "Tree cover", "water_mask": false, "exclude_reason": "keep", "ndvi": null, "soil_moisture": null, "solar_exposure": null, "wind_exposure": null, "water_retention": null, "slope": null, "aspect": null, "num_identification_agreements": 1, "cluster": 0, "tavg": null, "tmin": 11.2, "tmax": 23.6, "prcp_d0": 0.0, "prcp_d1": 0.7559247016906738, "prcp_d2": 11.59299659729004, "prcp_d3": 0.2527265846729278, "prcp_d4": 0.0, "prcp_d5": 0.0, "prcp_d6": 0.0, "tmax_d0": null, "tmax_d1": null, "tmax_d2": null, "tmax_d3": null, "tmax_d4": null, "tmax_d5": null, "tmax_d6": null, "tmin_d0": null, "tmin_d1": null, "tmin_d2": null, "tmin_d3": null, "tmin_d4": null, "tmin_d5": null, "tmin_d6": null, "day_of_year": 274, "uuid": "273d5c5c-94fc-460a-811a-b95c7efb5bad", "inat_id": 137209737}}, {"type": "Feature", "geometry": {"type": "Point", "coordinates": [-122.17032, 44.9540533333]}, "properties": {"species": "Laetiporus conifericola", "date": "2022-10-02", "location": "Forest Service U.S. Department of Agriculture, Colton, OR, US", "elevation": 673.0, "land_cover_label": "Tree cover", "water_mask": false, "exclude_reason": "keep", "ndvi": null, "soil_moisture": null, "solar_exposure": null, "wind_exposure": null, "water_retention": null, "slope": null, "aspect": null, "num_identification_agreements": 2, "cluster": 0, "tavg": null, "tmin": null, "tmax": null, "prcp_d0": 0.0, "prcp_d1": 0.0, "prcp_d2": 1.0650564432144165, "prcp_d3": 14.26553440093994, "prcp_d4": 0.4027053713798523, "prcp_d5": 1.814886218198808e-06, "prcp_d6": 0.0, "tmax_d0": null, "tmax_d1": null, "tmax_d2": null, "tmax_d3": null, "tmax_d4": null, "tmax_d5": null, "tmax_d6": null, "tmin_d0": null, "tmin_d1": null, "tmin_d2": null, "tmin_d3": null, "tmin_d4": null, "tmin_d5": null, "tmin_d6": null, "day_of_year": 275, "uuid": "4a915c88-be0e-4d1e-9fea-c5eaddaa06d8", "inat_id": 137348331}}, {"type": "Feature", "geometry": {"type": "Point", "coordinates": [-121.5795666667, 45.3245283333]}, "properties": {"species": "Laetiporus conifericola", "date": "2022-10-08", "location": "Mt. Hood Park Division Recreation Area, Mount Hood Parkdale, OR, US", "elevation": 1151.0, "land_cover_label": "Tree cover", "water_mask": false, "exclude_reason": "keep", "ndvi": null, "soil_moisture": null, "solar_exposure": null, "wind_exposure": null, "water_retention": null, "slope": null, "aspect": null, "num_identification_agreements": 1, "cluster": 0, "tavg": null, "tmin": 12.7, "tmax": 26.1, "prcp_d0": 0.0, "prcp_d1": 0.0, "prcp_d2": 0.0, "prcp_d3": 0.0, "prcp_d4": 0.0, "prcp_d5": 0.0, "prcp_d6": 0.0, "tmax_d0": null, "tmax_d1": null, "tmax_d2": null, "tmax_d3": null, "tmax_d4": null, "tmax_d5": null, "tmax_d6": null, "tmin_d0": null, "tmin_d1": null, "tmin_d2": null, "tmin_d3": null, "tmin_d4": null, "tmin_d5": null, "tmin_d6": null, "day_of_year": 281, "uuid": "b54c270b-252d-4220-a48d-7e24409d2f48", "inat_id": 138200481}}, {"type": "Feature", "geometry": {"type": "Point", "coordinates": [-122.1279589118, 45.5095163492]}, "properties": {"species": "Laetiporus conifericola", "date": "2022-10-08", "location": "Corbett, Corbett, OR, US", "elevation": 702.0, "land_cover_label": "Tree cover", "water_mask": false, "exclude_reason": "keep", "ndvi": null, "soil_moisture": null, "solar_exposure": null, "wind_exposure": null, "water_retention": null, "slope": null, "aspect": null, "num_identification_agreements": 2, "cluster": 0, "tavg": null, "tmin": 10.6, "tmax": 29.4, "prcp_d0": 0.0, "prcp_d1": 0.0, "prcp_d2": 0.0, "prcp_d3": 0.0, "prcp_d4": 0.0, "prcp_d5": 0.0, "prcp_d6": 0.0, "tmax_d0": null, "tmax_d1": null, "tmax_d2": null, "tmax_d3": null, "tmax_d4": null, "tmax_d5": null, "tmax_d6": null, "tmin_d0": null, "tmin_d1": null, "tmin_d2": null, "tmin_d3": null, "tmin_d4": null, "tmin_d5": null, "tmin_d6": null, "day_of_year": 281, "uuid": "5fb7895b-347e-4912-b5ae-6f715abe1904", "inat_id": 138070032}}, {"type": "Feature", "geometry": {"type": "Point", "coordinates": [-121.624375, 45.3194]}, "properties": {"species": "Laetiporus conifericola", "date": "2022-10-08", "location": "Mt. Hood Park Division Recreation Area, Mount Hood Parkdale, OR, US", "elevation": 1337.0, "land_cover_label": "Tree cover", "water_mask": false, "exclude_reason": "keep", "ndvi": null, "soil_moisture": null, "solar_exposure": null, "wind_exposure": null, "water_retention": null, "slope": null, "aspect": null, "num_identification_agreements": 1, "cluster": 0, "tavg": null, "tmin": 12.7, "tmax": 26.1, "prcp_d0": 0.0, "prcp_d1": 0.0, "prcp_d2": 0.0, "prcp_d3": 0.0, "prcp_d4": 0.0, "prcp_d5": 0.0, "prcp_d6": 0.0, "tmax_d0": null, "tmax_d1": null, "tmax_d2": null, "tmax_d3": null, "tmax_d4": null, "tmax_d5": null, "tmax_d6": null, "tmin_d0": null, "tmin_d1": null, "tmin_d2": null, "tmin_d3": null, "tmin_d4": null, "tmin_d5": null, "tmin_d6": null, "day_of_year": 281, "uuid": "0d197100-ef53-44d1-9084-d1915fe20f66", "inat_id": 138047488}}, {"type": "Feature", "geometry": {"type": "Point", "coordinates": [-122.0259419281, 45.5278750434]}, "properties": {"species": "Laetiporus conifericola", "date": "2022-10-08", "location": "Oregon, US", "elevation": 759.0, "land_cover_label": "Tree cover", "water_mask": false, "exclude_reason": "keep", "ndvi": null, "soil_moisture": null, "solar_exposure": null, "wind_exposure": null, "water_retention": null, "slope": null, "aspect": null, "num_identification_agreements": 1, "cluster": 0, "tavg": null, "tmin": 10.6, "tmax": 29.4, "prcp_d0": 0.0, "prcp_d1": 0.0, "prcp_d2": 0.0, "prcp_d3": 0.0, "prcp_d4": 0.0, "prcp_d5": 0.0, "prcp_d6": 0.0, "tmax_d0": null, "tmax_d1": null, "tmax_d2": null, "tmax_d3": null, "tmax_d4": null, "tmax_d5": null, "tmax_d6": null, "tmin_d0": null, "tmin_d1": null, "tmin_d2": null, "tmin_d3": null, "tmin_d4": null, "tmin_d5": null, "tmin_d6": null, "day_of_year": 281, "uuid": "52037694-c20c-4f84-8fdb-dcaa9569d35b", "inat_id": 138028043}}, {"type": "Feature", "geometry": {"type": "Point", "coordinates": [-122.0823888889, 45.5403888889]}, "properties": {"species": "Laetiporus conifericola", "date": "2022-10-09", "location": "Multnomah County, OR, USA", "elevation": 906.0, "land_cover_label": "Tree cover", "water_mask": false, "exclude_reason": "keep", "ndvi": null, "soil_moisture": null, "solar_exposure": null, "wind_exposure": null, "water_retention": null, "slope": null, "aspect": null, "num_identification_agreements": 1, "cluster": 0, "tavg": null, "tmin": 10.0, "tmax": 29.4, "prcp_d0": 0.0, "prcp_d1": 0.0, "prcp_d2": 0.0, "prcp_d3": 0.0, "prcp_d4": 0.0, "prcp_d5": 0.0, "prcp_d6": 0.0, "tmax_d0": null, "tmax_d1": null, "tmax_d2": null, "tmax_d3": null, "tmax_d4": null, "tmax_d5": null, "tmax_d6": null, "tmin_d0": null, "tmin_d1": null, "tmin_d2": null, "tmin_d3": null, "tmin_d4": null, "tmin_d5": null, "tmin_d6": null, "day_of_year": 282, "uuid": "678e76b1-bc0a-4a5c-a860-bcf8fc04294e", "inat_id": 138220106}}, {"type": "Feature", "geometry": {"type": "Point", "coordinates": [-121.74895506, 45.2375923033]}, "properties": {"species": "Laetiporus conifericola", "date": "2022-10-14", "location": "Mount Hood National Forest, OR, USA", "elevation": 1109.0, "land_cover_label": "Tree cover", "water_mask": false, "exclude_reason": "keep", "ndvi": null, "soil_moisture": null, "solar_exposure": null, "wind_exposure": null, "water_retention": null, "slope": null, "aspect": null, "num_identification_agreements": 1, "cluster": 0, "tavg": null, "tmin": null, "tmax": null, "prcp_d0": 0.0, "prcp_d1": 0.0, "prcp_d2": 0.0, "prcp_d3": 6.596343040466309, "prcp_d4": 0.0, "prcp_d5": 0.0, "prcp_d6": 0.0, "tmax_d0": null, "tmax_d1": null, "tmax_d2": null, "tmax_d3": null, "tmax_d4": null, "tmax_d5": null, "tmax_d6": null, "tmin_d0": null, "tmin_d1": null, "tmin_d2": null, "tmin_d3": null, "tmin_d4": null, "tmin_d5": null, "tmin_d6": null, "day_of_year": 287, "uuid": "854c8021-a4b9-4f9a-9e4c-2489fa28d25d", "inat_id": 138801862}}, {"type": "Feature", "geometry": {"type": "Point", "coordinates": [-121.5446183347, 45.5036038427]}, "properties": {"species": "Laetiporus conifericola", "date": "2022-10-15", "location": "Oregon, US", "elevation": 839.0, "land_cover_label": "Tree cover", "water_mask": false, "exclude_reason": "keep", "ndvi": null, "soil_moisture": null, "solar_exposure": null, "wind_exposure": null, "water_retention": null, "slope": null, "aspect": null, "num_identification_agreements": 1, "cluster": 0, "tavg": null, "tmin": 10.2, "tmax": 24.3, "prcp_d0": 0.0, "prcp_d1": 0.0, "prcp_d2": 0.0, "prcp_d3": 0.0, "prcp_d4": 1.7612327337265017, "prcp_d5": 0.0, "prcp_d6": 0.0, "tmax_d0": null, "tmax_d1": null, "tmax_d2": null, "tmax_d3": null, "tmax_d4": null, "tmax_d5": null, "tmax_d6": null, "tmin_d0": null, "tmin_d1": null, "tmin_d2": null, "tmin_d3": null, "tmin_d4": null, "tmin_d5": null, "tmin_d6": null, "day_of_year": 288, "uuid": "1e211e4e-df8a-4958-9ca5-4ba608a5fc6b", "inat_id": 138915457}}, {"type": "Feature", "geometry": {"type": "Point", "coordinates": [-121.7737189722, 45.37142]}, "properties": {"species": "Laetiporus conifericola", "date": "2022-10-16", "location": "Clackamas County, OR, USA", "elevation": 1198.0, "land_cover_label": "Tree cover", "water_mask": false, "exclude_reason": "keep", "ndvi": null, "soil_moisture": null, "solar_exposure": null, "wind_exposure": null, "water_retention": null, "slope": null, "aspect": null, "num_identification_agreements": 1, "cluster": 0, "tavg": null, "tmin": 9.3, "tmax": 23.9, "prcp_d0": 0.0, "prcp_d1": 0.0, "prcp_d2": 0.0, "prcp_d3": 0.0, "prcp_d4": 0.0, "prcp_d5": 0.0, "prcp_d6": 0.0, "tmax_d0": null, "tmax_d1": null, "tmax_d2": null, "tmax_d3": null, "tmax_d4": null, "tmax_d5": null, "tmax_d6": null, "tmin_d0": null, "tmin_d1": null, "tmin_d2": null, "tmin_d3": null, "tmin_d4": null, "tmin_d5": null, "tmin_d6": null, "day_of_year": 289, "uuid": "4600cd2c-916d-4749-9349-ab91eec55902", "inat_id": 265664115}}, {"type": "Feature", "geometry": {"type": "Point", "coordinates": [-122.0248945, 45.2181033333]}, "properties": {"species": "Laetiporus conifericola", "date": "2022-11-05", "location": "Forest Service U.S. Department of Agriculture, Estacada, OR, US", "elevation": 1153.0, "land_cover_label": "Tree cover", "water_mask": false, "exclude_reason": "keep", "ndvi": null, "soil_moisture": null, "solar_exposure": null, "wind_exposure": null, "water_retention": null, "slope": null, "aspect": null, "num_identification_agreements": 2, "cluster": 1, "tavg": null, "tmin": 7.8, "tmax": 15.6, "prcp_d0": 71.0126724243164, "prcp_d1": 35.5063362121582, "prcp_d2": 0.0, "prcp_d3": 0.0, "prcp_d4": 23.67089080810547, "prcp_d5": 13.934287071228027, "prcp_d6": 0.0, "tmax_d0": null, "tmax_d1": null, "tmax_d2": null, "tmax_d3": null, "tmax_d4": null, "tmax_d5": null, "tmax_d6": null, "tmin_d0": null, "tmin_d1": null, "tmin_d2": null, "tmin_d3": null, "tmin_d4": null, "tmin_d5": null, "tmin_d6": null, "day_of_year": 309, "uuid": "41f36f1e-70e9-412f-acfb-941d25961e25", "inat_id": 141223474}}, {"type": "Feature", "geometry": {"type": "Point", "coordinates": [-122.0247947691, 45.219045831]}, "properties": {"species": "Laetiporus conifericola", "date": "2022-11-05", "location": "Forest Service U.S. Department of Agriculture, Estacada, OR, US", "elevation": 1097.0, "land_cover_label": "Tree cover", "water_mask": false, "exclude_reason": "keep", "ndvi": null, "soil_moisture": null, "solar_exposure": null, "wind_exposure": null, "water_retention": null, "slope": null, "aspect": null, "num_identification_agreements": 2, "cluster": 1, "tavg": null, "tmin": 7.8, "tmax": 15.6, "prcp_d0": 71.0126724243164, "prcp_d1": 35.5063362121582, "prcp_d2": 0.0, "prcp_d3": 0.0, "prcp_d4": 23.67089080810547, "prcp_d5": 13.934287071228027, "prcp_d6": 0.0, "tmax_d0": null, "tmax_d1": null, "tmax_d2": null, "tmax_d3": null, "tmax_d4": null, "tmax_d5": null, "tmax_d6": null, "tmin_d0": null, "tmin_d1": null, "tmin_d2": null, "tmin_d3": null, "tmin_d4": null, "tmin_d5": null, "tmin_d6": null, "day_of_year": 309, "uuid": "e1094eee-8bb4-4cf7-ae63-eeb6c415c630", "inat_id": 141234601}}, {"type": "Feature", "geometry": {"type": "Point", "coordinates": [-121.7948616667, 45.5866616667]}, "properties": {"species": "Laetiporus conifericola", "date": "2023-09-09", "location": "Mt. Hood National Forest, Cascade Locks, OR, US", "elevation": 1239.0, "land_cover_label": "Tree cover", "water_mask": false, "exclude_reason": "keep", "ndvi": null, "soil_moisture": null, "solar_exposure": null, "wind_exposure": null, "water_retention": null, "slope": null, "aspect": null, "num_identification_agreements": 1, "cluster": 0, "tavg": null, "tmin": 13.1, "tmax": 29.7, "prcp_d0": 0.0, "prcp_d1": 0.0, "prcp_d2": 0.0, "prcp_d3": 0.0, "prcp_d4": 0.0, "prcp_d5": 0.0, "prcp_d6": 0.0, "tmax_d0": null, "tmax_d1": null, "tmax_d2": null, "tmax_d3": null, "tmax_d4": null, "tmax_d5": null, "tmax_d6": null, "tmin_d0": null, "tmin_d1": null, "tmin_d2": null, "tmin_d3": null, "tmin_d4": null, "tmin_d5": null, "tmin_d6": null, "day_of_year": 252, "uuid": "9c8d111c-b914-4aae-8a4d-ef4b79ba046c", "inat_id": 182561284}}, {"type": "Feature", "geometry": {"type": "Point", "coordinates": [-121.7177817598, 45.3167965208]}, "properties": {"species": "Laetiporus conifericola", "date": "2023-09-21", "location": "TIMBRLINE LDG, OR 97028, USA", "elevation": 1574.0, "land_cover_label": "Tree cover", "water_mask": false, "exclude_reason": "keep", "ndvi": null, "soil_moisture": null, "solar_exposure": null, "wind_exposure": null, "water_retention": null, "slope": null, "aspect": null, "num_identification_agreements": 2, "cluster": 0, "tavg": null, "tmin": 8.7, "tmax": 23.2, "prcp_d0": 0.0, "prcp_d1": 0.0, "prcp_d2": 0.0, "prcp_d3": 0.0, "prcp_d4": 0.0, "prcp_d5": 0.0, "prcp_d6": 0.0, "tmax_d0": null, "tmax_d1": null, "tmax_d2": null, "tmax_d3": null, "tmax_d4": null, "tmax_d5": null, "tmax_d6": null, "tmin_d0": null, "tmin_d1": null, "tmin_d2": null, "tmin_d3": null, "tmin_d4": null, "tmin_d5": null, "tmin_d6": null, "day_of_year": 264, "uuid": "525dd8b7-8006-47fa-a818-b77ff201f2d9", "inat_id": 184303828}}, {"type": "Feature", "geometry": {"type": "Point", "coordinates": [-121.6195378044, 44.5343021867]}, "properties": {"species": "Laetiporus conifericola", "date": "2023-09-24", "location": "Oregon, US", "elevation": 954.0, "land_cover_label": "Tree cover", "water_mask": false, "exclude_reason": "keep", "ndvi": null, "soil_moisture": null, "solar_exposure": null, "wind_exposure": null, "water_retention": null, "slope": null, "aspect": null, "num_identification_agreements": 1, "cluster": 0, "tavg": null, "tmin": 5.0, "tmax": 12.0, "prcp_d0": 18.33759880065918, "prcp_d1": 0.0, "prcp_d2": 0.0, "prcp_d3": 0.0, "prcp_d4": 0.0, "prcp_d5": 0.0, "prcp_d6": 0.0, "tmax_d0": null, "tmax_d1": null, "tmax_d2": null, "tmax_d3": null, "tmax_d4": null, "tmax_d5": null, "tmax_d6": null, "tmin_d0": null, "tmin_d1": null, "tmin_d2": null, "tmin_d3": null, "tmin_d4": null, "tmin_d5": null, "tmin_d6": null, "day_of_year": 267, "uuid": "7c3c7d96-d3d1-4f26-86b7-b61e28e0e022", "inat_id": 184764702}}, {"type": "Feature", "geometry": {"type": "Point", "coordinates": [-122.1287310496, 44.8218850489]}, "properties": {"species": "Laetiporus conifericola", "date": "2023-09-30", "location": "Marion County, OR, USA", "elevation": 1147.0, "land_cover_label": "Grassland", "water_mask": false, "exclude_reason": "keep", "ndvi": null, "soil_moisture": null, "solar_exposure": null, "wind_exposure": null, "water_retention": null, "slope": null, "aspect": null, "num_identification_agreements": 1, "cluster": 2, "tavg": null, "tmin": null, "tmax": null, "prcp_d0": 0.0, "prcp_d1": 0.0, "prcp_d2": 0.0, "prcp_d3": 0.0, "prcp_d4": 0.0, "prcp_d5": 29.563276290893555, "prcp_d6": 59.12655258178711, "tmax_d0": null, "tmax_d1": null, "tmax_d2": null, "tmax_d3": null, "tmax_d4": null, "tmax_d5": null, "tmax_d6": null, "tmin_d0": null, "tmin_d1": null, "tmin_d2": null, "tmin_d3": null, "tmin_d4": null, "tmin_d5": null, "tmin_d6": null, "day_of_year": 273, "uuid": "1575dcea-361a-4ce3-a950-a597d5ee8c88", "inat_id": 185929920}}, {"type": "Feature", "geometry": {"type": "Point", "coordinates": [-121.9490560097, 45.2495838942]}, "properties": {"species": "Laetiporus conifericola", "date": "2023-10-13", "location": "Zigzag Ranger Station, Government Camp, OR, US", "elevation": 763.0, "land_cover_label": "Tree cover", "water_mask": false, "exclude_reason": "keep", "ndvi": null, "soil_moisture": null, "solar_exposure": null, "wind_exposure": null, "water_retention": null, "slope": null, "aspect": null, "num_identification_agreements": 1, "cluster": 0, "tavg": null, "tmin": 13.9, "tmax": 19.4, "prcp_d0": 0.0, "prcp_d1": 0.0, "prcp_d2": 0.0, "prcp_d3": 0.0, "prcp_d4": 35.31085968017578, "prcp_d5": 0.0, "prcp_d6": 0.0, "tmax_d0": null, "tmax_d1": null, "tmax_d2": null, "tmax_d3": null, "tmax_d4": null, "tmax_d5": null, "tmax_d6": null, "tmin_d0": null, "tmin_d1": null, "tmin_d2": null, "tmin_d3": null, "tmin_d4": null, "tmin_d5": null, "tmin_d6": null, "day_of_year": 286, "uuid": "9982fbd9-1bc2-4b6e-8e39-e9d98fcc17db", "inat_id": 195768178}}, {"type": "Feature", "geometry": {"type": "Point", "coordinates": [-122.1096721667, 45.5597833333]}, "properties": {"species": "Laetiporus conifericola", "date": "2023-10-13", "location": "Zigzag Ranger Station, Corbett, OR, US", "elevation": 711.0, "land_cover_label": "Tree cover", "water_mask": false, "exclude_reason": "keep", "ndvi": null, "soil_moisture": null, "solar_exposure": null, "wind_exposure": null, "water_retention": null, "slope": null, "aspect": null, "num_identification_agreements": 1, "cluster": 0, "tavg": null, "tmin": 13.9, "tmax": 19.4, "prcp_d0": 0.0, "prcp_d1": 0.0, "prcp_d2": 0.0, "prcp_d3": 0.0, "prcp_d4": 22.77273750305176, "prcp_d5": 0.0, "prcp_d6": 0.0, "tmax_d0": null, "tmax_d1": null, "tmax_d2": null, "tmax_d3": null, "tmax_d4": null, "tmax_d5": null, "tmax_d6": null, "tmin_d0": null, "tmin_d1": null, "tmin_d2": null, "tmin_d3": null, "tmin_d4": null, "tmin_d5": null, "tmin_d6": null, "day_of_year": 286, "uuid": "6892dd4d-f0a5-49f4-8afe-c7a37f2245c7", "inat_id": 189435977}}, {"type": "Feature", "geometry": {"type": "Point", "coordinates": [-122.108977586, 45.5418678652]}, "properties": {"species": "Laetiporus conifericola", "date": "2023-10-18", "location": "Cascade Locks, OR 97014, USA", "elevation": 877.0, "land_cover_label": "Tree cover", "water_mask": false, "exclude_reason": "keep", "ndvi": null, "soil_moisture": null, "solar_exposure": null, "wind_exposure": null, "water_retention": null, "slope": null, "aspect": null, "num_identification_agreements": 1, "cluster": 1, "tavg": null, "tmin": 9.4, "tmax": 22.2, "prcp_d0": 0.0, "prcp_d1": 0.0, "prcp_d2": 31.94695281982422, "prcp_d3": 41.46965026855469, "prcp_d4": 0.0, "prcp_d5": 0.0, "prcp_d6": 0.0, "tmax_d0": null, "tmax_d1": null, "tmax_d2": null, "tmax_d3": null, "tmax_d4": null, "tmax_d5": null, "tmax_d6": null, "tmin_d0": null, "tmin_d1": null, "tmin_d2": null, "tmin_d3": null, "tmin_d4": null, "tmin_d5": null, "tmin_d6": null, "day_of_year": 291, "uuid": "a09a4bba-9e6e-4c91-9716-2f404dc6b37c", "inat_id": 188068833}}, {"type": "Feature", "geometry": {"type": "Point", "coordinates": [-122.1417583333, 45.5168027778]}, "properties": {"species": "Laetiporus conifericola", "date": "2023-10-29", "location": "Corbett, OR 97019, USA", "elevation": 638.0, "land_cover_label": "Tree cover", "water_mask": false, "exclude_reason": "keep", "ndvi": null, "soil_moisture": null, "solar_exposure": null, "wind_exposure": null, "water_retention": null, "slope": null, "aspect": null, "num_identification_agreements": 1, "cluster": 2, "tavg": null, "tmin": 6.1, "tmax": 12.2, "prcp_d0": 0.0, "prcp_d1": 0.0, "prcp_d2": 0.0, "prcp_d3": 0.0, "prcp_d4": 0.0, "prcp_d5": 41.65109252929688, "prcp_d6": 0.0, "tmax_d0": null, "tmax_d1": null, "tmax_d2": null, "tmax_d3": null, "tmax_d4": null, "tmax_d5": null, "tmax_d6": null, "tmin_d0": null, "tmin_d1": null, "tmin_d2": null, "tmin_d3": null, "tmin_d4": null, "tmin_d5": null, "tmin_d6": null, "day_of_year": 302, "uuid": "c44c4644-a294-49c9-9c09-fac3a460eb2f", "inat_id": 189486522}}, {"type": "Feature", "geometry": {"type": "Point", "coordinates": [-121.7354027778, 45.2796416667]}, "properties": {"species": "Laetiporus conifericola", "date": "2024-08-18", "location": "TIMBRLINE LDG, OR 97028, USA", "elevation": 1114.0, "land_cover_label": "Tree cover", "water_mask": false, "exclude_reason": "keep", "ndvi": null, "soil_moisture": null, "solar_exposure": null, "wind_exposure": null, "water_retention": null, "slope": null, "aspect": null, "num_identification_agreements": 1, "cluster": 0, "tavg": null, "tmin": 14.3, "tmax": 24.4, "prcp_d0": 17.557594299316406, "prcp_d1": 0.0, "prcp_d2": 0.0, "prcp_d3": 0.0, "prcp_d4": 0.0, "prcp_d5": 0.0, "prcp_d6": 0.0, "tmax_d0": null, "tmax_d1": null, "tmax_d2": null, "tmax_d3": null, "tmax_d4": null, "tmax_d5": null, "tmax_d6": null, "tmin_d0": null, "tmin_d1": null, "tmin_d2": null, "tmin_d3": null, "tmin_d4": null, "tmin_d5": null, "tmin_d6": null, "day_of_year": 231, "uuid": "881b0d6f-7c1d-4d85-bac9-f4ba70e06bfd", "inat_id": 236635619}}, {"type": "Feature", "geometry": {"type": "Point", "coordinates": [-121.5852611111, 45.3447055556]}, "properties": {"species": "Laetiporus conifericola", "date": "2024-08-25", "location": "MT HOOD PRKDL, OR 97041, USA", "elevation": 1110.0, "land_cover_label": "Tree cover", "water_mask": false, "exclude_reason": "keep", "ndvi": null, "soil_moisture": null, "solar_exposure": null, "wind_exposure": null, "water_retention": null, "slope": null, "aspect": null, "num_identification_agreements": 1, "cluster": 0, "tavg": null, "tmin": 11.2, "tmax": 25.6, "prcp_d0": 0.0690909624099731, "prcp_d1": 0.1232717260718345, "prcp_d2": 7.320878028869629, "prcp_d3": 0.1669770926237106, "prcp_d4": 0.1894567161798477, "prcp_d5": 0.0, "prcp_d6": 0.0, "tmax_d0": null, "tmax_d1": null, "tmax_d2": null, "tmax_d3": null, "tmax_d4": null, "tmax_d5": null, "tmax_d6": null, "tmin_d0": null, "tmin_d1": null, "tmin_d2": null, "tmin_d3": null, "tmin_d4": null, "tmin_d5": null, "tmin_d6": null, "day_of_year": 238, "uuid": "b9c1ba10-a2cd-4a97-9cb2-63c61405666c", "inat_id": 238072330}}, {"type": "Feature", "geometry": {"type": "Point", "coordinates": [-121.701174099, 45.2331525895]}, "properties": {"species": "Laetiporus conifericola", "date": "2024-09-01", "location": "Oregon, US", "elevation": 1203.0, "land_cover_label": "Tree cover", "water_mask": false, "exclude_reason": "keep", "ndvi": null, "soil_moisture": null, "solar_exposure": null, "wind_exposure": null, "water_retention": null, "slope": null, "aspect": null, "num_identification_agreements": 1, "cluster": 0, "tavg": null, "tmin": null, "tmax": null, "prcp_d0": 0.0, "prcp_d1": 0.0, "prcp_d2": 3.423070438657305e-06, "prcp_d3": 0.0, "prcp_d4": 0.3506631851196289, "prcp_d5": 3.8222498893737793, "prcp_d6": 6.422793376259506e-06, "tmax_d0": null, "tmax_d1": null, "tmax_d2": null, "tmax_d3": null, "tmax_d4": null, "tmax_d5": null, "tmax_d6": null, "tmin_d0": null, "tmin_d1": null, "tmin_d2": null, "tmin_d3": null, "tmin_d4": null, "tmin_d5": null, "tmin_d6": null, "day_of_year": 245, "uuid": "c5da4eac-4f17-41dc-be26-29cb49a29ee6", "inat_id": 239516234}}, {"type": "Feature", "geometry": {"type": "Point", "coordinates": [-121.6476600153, 45.4924952332]}, "properties": {"species": "Laetiporus conifericola", "date": "2024-09-07", "location": "Hood River County, US-OR, US", "elevation": 734.0, "land_cover_label": "Tree cover", "water_mask": false, "exclude_reason": "keep", "ndvi": null, "soil_moisture": null, "solar_exposure": null, "wind_exposure": null, "water_retention": null, "slope": null, "aspect": null, "num_identification_agreements": 2, "cluster": 0, "tavg": null, "tmin": 17.2, "tmax": 32.8, "prcp_d0": 9.475997924804688, "prcp_d1": 0.0, "prcp_d2": 0.0, "prcp_d3": 0.0, "prcp_d4": 0.0, "prcp_d5": 0.0, "prcp_d6": 0.0, "tmax_d0": null, "tmax_d1": null, "tmax_d2": null, "tmax_d3": null, "tmax_d4": null, "tmax_d5": null, "tmax_d6": null, "tmin_d0": null, "tmin_d1": null, "tmin_d2": null, "tmin_d3": null, "tmin_d4": null, "tmin_d5": null, "tmin_d6": null, "day_of_year": 251, "uuid": "50add625-46ec-4eeb-8575-5d1e1dc04a48", "inat_id": 240867845}}, {"type": "Feature", "geometry": {"type": "Point", "coordinates": [-122.0167482, 45.3762302]}, "properties": {"species": "Laetiporus conifericola", "date": "2024-09-10", "location": "E Rufus Ridge Ln, Brightwood, OR, US", "elevation": 356.0, "land_cover_label": "Tree cover", "water_mask": false, "exclude_reason": "keep", "ndvi": null, "soil_moisture": null, "solar_exposure": null, "wind_exposure": null, "water_retention": null, "slope": null, "aspect": null, "num_identification_agreements": 1, "cluster": 0, "tavg": null, "tmin": 14.4, "tmax": 27.2, "prcp_d0": 0.0, "prcp_d1": 0.0, "prcp_d2": 0.0, "prcp_d3": 7.400832653045654, "prcp_d4": 0.0, "prcp_d5": 0.0, "prcp_d6": 0.0, "tmax_d0": null, "tmax_d1": null, "tmax_d2": null, "tmax_d3": null, "tmax_d4": null, "tmax_d5": null, "tmax_d6": null, "tmin_d0": null, "tmin_d1": null, "tmin_d2": null, "tmin_d3": null, "tmin_d4": null, "tmin_d5": null, "tmin_d6": null, "day_of_year": 254, "uuid": "4044be19-ede0-46d8-abbf-6145df462c69", "inat_id": 241045525}}, {"type": "Feature", "geometry": {"type": "Point", "coordinates": [-121.8188783333, 45.4927533333]}, "properties": {"species": "Laetiporus conifericola", "date": "2024-09-11", "location": "Lost Lake Resort & Campground, Mount Hood Parkdale, OR, US", "elevation": 967.0, "land_cover_label": "Tree cover", "water_mask": false, "exclude_reason": "keep", "ndvi": null, "soil_moisture": null, "solar_exposure": null, "wind_exposure": null, "water_retention": null, "slope": null, "aspect": null, "num_identification_agreements": 1, "cluster": 0, "tavg": null, "tmin": 12.2, "tmax": 20.4, "prcp_d0": 16.195899963378906, "prcp_d1": 0.0, "prcp_d2": 0.0, "prcp_d3": 7.040209770202637, "prcp_d4": 7.040209770202637, "prcp_d5": 0.0, "prcp_d6": 0.0, "tmax_d0": null, "tmax_d1": null, "tmax_d2": null, "tmax_d3": null, "tmax_d4": null, "tmax_d5": null, "tmax_d6": null, "tmin_d0": null, "tmin_d1": null, "tmin_d2": null, "tmin_d3": null, "tmin_d4": null, "tmin_d5": null, "tmin_d6": null, "day_of_year": 255, "uuid": "fa621cf2-b8e0-4bab-b5e2-c0d791bb0ce9", "inat_id": 247535854}}, {"type": "Feature", "geometry": {"type": "Point", "coordinates": [-122.1823966876, 45.5184468754]}, "properties": {"species": "Laetiporus conifericola", "date": "2024-09-13", "location": "Corbett, OR 97019, USA", "elevation": 454.0, "land_cover_label": "Tree cover", "water_mask": false, "exclude_reason": "keep", "ndvi": null, "soil_moisture": null, "solar_exposure": null, "wind_exposure": null, "water_retention": null, "slope": null, "aspect": null, "num_identification_agreements": 1, "cluster": 1, "tavg": null, "tmin": 11.7, "tmax": 22.8, "prcp_d0": 2.684690475463867, "prcp_d1": 22.40867805480957, "prcp_d2": 42.6751823425293, "prcp_d3": 0.0, "prcp_d4": 0.0, "prcp_d5": 0.0, "prcp_d6": 0.0, "tmax_d0": null, "tmax_d1": null, "tmax_d2": null, "tmax_d3": null, "tmax_d4": null, "tmax_d5": null, "tmax_d6": null, "tmin_d0": null, "tmin_d1": null, "tmin_d2": null, "tmin_d3": null, "tmin_d4": null, "tmin_d5": null, "tmin_d6": null, "day_of_year": 257, "uuid": "f7f02724-6cee-4f91-8bdf-72b028bae49f", "inat_id": 244822840}}, {"type": "Feature", "geometry": {"type": "Point", "coordinates": [-121.5095061883, 45.4310897289]}, "properties": {"species": "Laetiporus conifericola", "date": "2024-09-14", "location": "Oregon, US", "elevation": 1243.0, "land_cover_label": "Tree cover", "water_mask": false, "exclude_reason": "keep", "ndvi": null, "soil_moisture": null, "solar_exposure": null, "wind_exposure": null, "water_retention": null, "slope": null, "aspect": null, "num_identification_agreements": 1, "cluster": 0, "tavg": null, "tmin": 12.6, "tmax": 21.9, "prcp_d0": 0.0912157893180847, "prcp_d1": 0.3713289797306061, "prcp_d2": 2.5476937294006348, "prcp_d3": 14.083648681640623, "prcp_d4": 0.0, "prcp_d5": 0.0, "prcp_d6": 0.0, "tmax_d0": null, "tmax_d1": null, "tmax_d2": null, "tmax_d3": null, "tmax_d4": null, "tmax_d5": null, "tmax_d6": null, "tmin_d0": null, "tmin_d1": null, "tmin_d2": null, "tmin_d3": null, "tmin_d4": null, "tmin_d5": null, "tmin_d6": null, "day_of_year": 258, "uuid": "7737a85e-2432-4b6e-86c8-a52012198489", "inat_id": 242227668}}, {"type": "Feature", "geometry": {"type": "Point", "coordinates": [-122.3497314337, 45.0643942064]}, "properties": {"species": "Laetiporus conifericola", "date": "2024-09-18", "location": "Clackamas County, US-OR, US", "elevation": 893.0, "land_cover_label": "Tree cover", "water_mask": false, "exclude_reason": "keep", "ndvi": null, "soil_moisture": null, "solar_exposure": null, "wind_exposure": null, "water_retention": null, "slope": null, "aspect": null, "num_identification_agreements": 1, "cluster": 0, "tavg": null, "tmin": 14.4, "tmax": 20.6, "prcp_d0": 0.0, "prcp_d1": 0.0, "prcp_d2": 5.370639324188232, "prcp_d3": 3.234224319458008, "prcp_d4": 0.2849058508872986, "prcp_d5": 0.6235715746879578, "prcp_d6": 5.43686056137085, "tmax_d0": null, "tmax_d1": null, "tmax_d2": null, "tmax_d3": null, "tmax_d4": null, "tmax_d5": null, "tmax_d6": null, "tmin_d0": null, "tmin_d1": null, "tmin_d2": null, "tmin_d3": null, "tmin_d4": null, "tmin_d5": null, "tmin_d6": null, "day_of_year": 262, "uuid": "ab9ac2e6-2f8a-45e1-84ec-ccbba1dda9e9", "inat_id": 242738766}}, {"type": "Feature", "geometry": {"type": "Point", "coordinates": [-122.2412117409, 45.3704417324]}, "properties": {"species": "Laetiporus conifericola", "date": "2024-09-23", "location": "Clackamas County, US-OR, US", "elevation": 387.0, "land_cover_label": "Tree cover", "water_mask": false, "exclude_reason": "keep", "ndvi": null, "soil_moisture": null, "solar_exposure": null, "wind_exposure": null, "water_retention": null, "slope": null, "aspect": null, "num_identification_agreements": 1, "cluster": 0, "tavg": null, "tmin": 14.4, "tmax": 27.8, "prcp_d0": 0.0, "prcp_d1": 0.0, "prcp_d2": 0.0, "prcp_d3": 0.0, "prcp_d4": 0.0, "prcp_d5": 0.0, "prcp_d6": 0.0, "tmax_d0": null, "tmax_d1": null, "tmax_d2": null, "tmax_d3": null, "tmax_d4": null, "tmax_d5": null, "tmax_d6": null, "tmin_d0": null, "tmin_d1": null, "tmin_d2": null, "tmin_d3": null, "tmin_d4": null, "tmin_d5": null, "tmin_d6": null, "day_of_year": 267, "uuid": "cb62e414-0353-40ed-b577-28a2d3ca12d1", "inat_id": 243700025}}, {"type": "Feature", "geometry": {"type": "Point", "coordinates": [-122.0055424478, 44.7236504362]}, "properties": {"species": "Laetiporus conifericola", "date": "2024-10-19", "location": "Willamette National Forest, Idanha, OR, US", "elevation": 1090.0, "land_cover_label": "Tree cover", "water_mask": false, "exclude_reason": "keep", "ndvi": null, "soil_moisture": null, "solar_exposure": null, "wind_exposure": null, "water_retention": null, "slope": null, "aspect": null, "num_identification_agreements": 2, "cluster": 0, "tavg": null, "tmin": null, "tmax": null, "prcp_d0": 0.0, "prcp_d1": 0.0, "prcp_d2": 0.0, "prcp_d3": 0.0, "prcp_d4": 0.0, "prcp_d5": 0.0, "prcp_d6": 0.0, "tmax_d0": null, "tmax_d1": null, "tmax_d2": null, "tmax_d3": null, "tmax_d4": null, "tmax_d5": null, "tmax_d6": null, "tmin_d0": null, "tmin_d1": null, "tmin_d2": null, "tmin_d3": null, "tmin_d4": null, "tmin_d5": null, "tmin_d6": null, "day_of_year": 293, "uuid": "e0588c98-f662-4e08-a2bc-abd7ca5c27e8", "inat_id": 248219435}}, {"type": "Feature", "geometry": {"type": "Point", "coordinates": [-121.780075, 45.4072716667]}, "properties": {"species": "Laetiporus conifericola", "date": "2025-08-07", "location": "Mt. Hood National Forest, Mount Hood Parkdale, OR, US", "elevation": 1309.0, "land_cover_label": "Tree cover", "water_mask": false, "exclude_reason": "keep", "ndvi": null, "soil_moisture": null, "solar_exposure": null, "wind_exposure": null, "water_retention": null, "slope": null, "aspect": null, "num_identification_agreements": 1, "cluster": 0, "tavg": null, "tmin": 15.0, "tmax": 22.0, "prcp_d0": 0.0, "prcp_d1": 0.0, "prcp_d2": 0.0, "prcp_d3": 0.0, "prcp_d4": 0.0, "prcp_d5": 0.0, "prcp_d6": 0.0, "tmax_d0": null, "tmax_d1": null, "tmax_d2": null, "tmax_d3": null, "tmax_d4": null, "tmax_d5": null, "tmax_d6": null, "tmin_d0": null, "tmin_d1": null, "tmin_d2": null, "tmin_d3": null, "tmin_d4": null, "tmin_d5": null, "tmin_d6": null, "day_of_year": 219, "uuid": "ec3dee53-2742-458d-b7a3-f2721db3ebe8", "inat_id": 304636204}}, {"type": "Feature", "geometry": {"type": "Point", "coordinates": [-121.7741107106, 45.3356118229]}, "properties": {"species": "Laetiporus conifericola", "date": "2025-08-13", "location": "Mt. Hood Park Division Recreation Area, Government Camp, OR, US", "elevation": 1358.0, "land_cover_label": "Tree cover", "water_mask": false, "exclude_reason": "keep", "ndvi": null, "soil_moisture": null, "solar_exposure": null, "wind_exposure": null, "water_retention": null, "slope": null, "aspect": null, "num_identification_agreements": 1, "cluster": 0, "tavg": null, "tmin": 21.0, "tmax": 30.0, "prcp_d0": 0.0, "prcp_d1": 0.0, "prcp_d2": 0.0, "prcp_d3": 0.0, "prcp_d4": 0.0, "prcp_d5": 0.0, "prcp_d6": 0.0, "tmax_d0": null, "tmax_d1": null, "tmax_d2": null, "tmax_d3": null, "tmax_d4": null, "tmax_d5": null, "tmax_d6": null, "tmin_d0": null, "tmin_d1": null, "tmin_d2": null, "tmin_d3": null, "tmin_d4": null, "tmin_d5": null, "tmin_d6": null, "day_of_year": 225, "uuid": "5534ccd4-c56c-4b68-9eb3-530d05514e11", "inat_id": 306060461}}, {"type": "Feature", "geometry": {"type": "Point", "coordinates": [-122.3682944444, 45.2280722222]}, "properties": {"species": "Laetiporus conifericola", "date": "2025-08-21", "location": "Clackamas County, US-OR, US", "elevation": 231.0, "land_cover_label": "Tree cover", "water_mask": false, "exclude_reason": "keep", "ndvi": null, "soil_moisture": null, "solar_exposure": null, "wind_exposure": null, "water_retention": null, "slope": null, "aspect": null, "num_identification_agreements": 1, "cluster": 0, "tavg": null, "tmin": 13.3, "tmax": 32.2, "prcp_d0": 0.0, "prcp_d1": 0.0, "prcp_d2": 0.0, "prcp_d3": 0.0, "prcp_d4": 0.0, "prcp_d5": 3.5966503620147705, "prcp_d6": 0.0, "tmax_d0": null, "tmax_d1": null, "tmax_d2": null, "tmax_d3": null, "tmax_d4": null, "tmax_d5": null, "tmax_d6": null, "tmin_d0": null, "tmin_d1": null, "tmin_d2": null, "tmin_d3": null, "tmin_d4": null, "tmin_d5": null, "tmin_d6": null, "day_of_year": 233, "uuid": "35220632-87da-41a7-b408-38561d112946", "inat_id": 308064288}}, {"type": "Feature", "geometry": {"type": "Point", "coordinates": [-121.8264216667, 45.49362]}, "properties": {"species": "Laetiporus conifericola", "date": "2025-08-24", "location": "Lost Lake Rd, Mount Hood Parkdale, OR, US", "elevation": 966.0, "land_cover_label": "Tree cover", "water_mask": false, "exclude_reason": "keep", "ndvi": null, "soil_moisture": null, "solar_exposure": null, "wind_exposure": null, "water_retention": null, "slope": null, "aspect": null, "num_identification_agreements": 1, "cluster": 0, "tavg": null, "tmin": 15.0, "tmax": 38.0, "prcp_d0": 0.0, "prcp_d1": 0.0, "prcp_d2": 0.0, "prcp_d3": 0.0, "prcp_d4": 0.0, "prcp_d5": 0.0, "prcp_d6": 0.0, "tmax_d0": null, "tmax_d1": null, "tmax_d2": null, "tmax_d3": null, "tmax_d4": null, "tmax_d5": null, "tmax_d6": null, "tmin_d0": null, "tmin_d1": null, "tmin_d2": null, "tmin_d3": null, "tmin_d4": null, "tmin_d5": null, "tmin_d6": null, "day_of_year": 236, "uuid": "4f4a6f63-282e-46b7-bd5b-f81831a50c9d", "inat_id": 308896310}}, {"type": "Feature", "geometry": {"type": "Point", "coordinates": [-122.0529338766, 45.447717724]}, "properties": {"species": "Laetiporus conifericola", "date": "2025-08-26", "location": "Oregon, US", "elevation": 768.0, "land_cover_label": "Tree cover", "water_mask": false, "exclude_reason": "keep", "ndvi": null, "soil_moisture": null, "solar_exposure": null, "wind_exposure": null, "water_retention": null, "slope": null, "aspect": null, "num_identification_agreements": 3, "cluster": 0, "tavg": null, "tmin": 20.0, "tmax": 33.3, "prcp_d0": 10.461759567260742, "prcp_d1": 6.317404270172119, "prcp_d2": 0.0, "prcp_d3": 0.0, "prcp_d4": 0.0, "prcp_d5": 0.0, "prcp_d6": 0.0, "tmax_d0": null, "tmax_d1": null, "tmax_d2": null, "tmax_d3": null, "tmax_d4": null, "tmax_d5": null, "tmax_d6": null, "tmin_d0": null, "tmin_d1": null, "tmin_d2": null, "tmin_d3": null, "tmin_d4": null, "tmin_d5": null, "tmin_d6": null, "day_of_year": 238, "uuid": "9073f4f9-99f0-469c-a4bb-b7c07a2f101b", "inat_id": 309382664}}, {"type": "Feature", "geometry": {"type": "Point", "coordinates": [-121.8513027778, 44.5598277778]}, "properties": {"species": "Laetiporus conifericola", "date": "2025-08-26", "location": "Sisters, OR 97759, USA", "elevation": 1305.0, "land_cover_label": "Tree cover", "water_mask": false, "exclude_reason": "keep", "ndvi": null, "soil_moisture": null, "solar_exposure": null, "wind_exposure": null, "water_retention": null, "slope": null, "aspect": null, "num_identification_agreements": 2, "cluster": 0, "tavg": null, "tmin": null, "tmax": null, "prcp_d0": 6.586119651794434, "prcp_d1": 6.944262027740479, "prcp_d2": 0.0, "prcp_d3": 0.0, "prcp_d4": 0.0, "prcp_d5": 0.0, "prcp_d6": 0.0, "tmax_d0": null, "tmax_d1": null, "tmax_d2": null, "tmax_d3": null, "tmax_d4": null, "tmax_d5": null, "tmax_d6": null, "tmin_d0": null, "tmin_d1": null, "tmin_d2": null, "tmin_d3": null, "tmin_d4": null, "tmin_d5": null, "tmin_d6": null, "day_of_year": 238, "uuid": "58b99850-c366-4bdb-a7b1-f495903e2f72", "inat_id": 309413256}}, {"type": "Feature", "geometry": {"type": "Point", "coordinates": [-121.6431160509, 45.3234151807]}, "properties": {"species": "Laetiporus conifericola", "date": "2025-08-30", "location": "Mt. Hood Park Division Recreation Area, Mount Hood Parkdale, OR, US", "elevation": 1398.0, "land_cover_label": "Tree cover", "water_mask": false, "exclude_reason": "keep", "ndvi": null, "soil_moisture": null, "solar_exposure": null, "wind_exposure": null, "water_retention": null, "slope": null, "aspect": null, "num_identification_agreements": 1, "cluster": 0, "tavg": null, "tmin": 12.0, "tmax": 30.0, "prcp_d0": 0.0, "prcp_d1": 0.0, "prcp_d2": 0.0, "prcp_d3": 0.0, "prcp_d4": 8.608794212341309, "prcp_d5": 6.212221622467041, "prcp_d6": 0.0, "tmax_d0": null, "tmax_d1": null, "tmax_d2": null, "tmax_d3": null, "tmax_d4": null, "tmax_d5": null, "tmax_d6": null, "tmin_d0": null, "tmin_d1": null, "tmin_d2": null, "tmin_d3": null, "tmin_d4": null, "tmin_d5": null, "tmin_d6": null, "day_of_year": 242, "uuid": "ae4f3522-30cf-4c06-8973-b45a20e1b3bc", "inat_id": 310660836}}, {"type": "Feature", "geometry": {"type": "Point", "coordinates": [-122.2485984283, 45.4450781863]}, "properties": {"species": "Laetiporus conifericola", "date": "2025-08-31", "location": "Sandy, OR, US", "elevation": 94.0, "land_cover_label": "Tree cover", "water_mask": false, "exclude_reason": "keep", "ndvi": null, "soil_moisture": null, "solar_exposure": null, "wind_exposure": null, "water_retention": null, "slope": null, "aspect": null, "num_identification_agreements": 1, "cluster": 0, "tavg": null, "tmin": 14.0, "tmax": 28.0, "prcp_d0": 0.0, "prcp_d1": 0.0, "prcp_d2": 0.0, "prcp_d3": 0.0, "prcp_d4": 5.3741374015808105, "prcp_d5": 10.588615417480469, "prcp_d6": 5.398776054382324, "tmax_d0": null, "tmax_d1": null, "tmax_d2": null, "tmax_d3": null, "tmax_d4": null, "tmax_d5": null, "tmax_d6": null, "tmin_d0": null, "tmin_d1": null, "tmin_d2": null, "tmin_d3": null, "tmin_d4": null, "tmin_d5": null, "tmin_d6": null, "day_of_year": 243, "uuid": "b68e6ea4-5092-46e2-b206-4e19def05f7f", "inat_id": 311128593}}, {"type": "Feature", "geometry": {"type": "Point", "coordinates": [-122.2406, 45.4517966667]}, "properties": {"species": "Laetiporus conifericola", "date": "2025-08-31", "location": "Sandy, OR, US", "elevation": 135.0, "land_cover_label": "Tree cover", "water_mask": false, "exclude_reason": "keep", "ndvi": null, "soil_moisture": null, "solar_exposure": null, "wind_exposure": null, "water_retention": null, "slope": null, "aspect": null, "num_identification_agreements": 2, "cluster": 0, "tavg": null, "tmin": 14.0, "tmax": 28.0, "prcp_d0": 0.0, "prcp_d1": 0.0, "prcp_d2": 0.0, "prcp_d3": 0.0, "prcp_d4": 6.49131965637207, "prcp_d5": 12.50173282623291, "prcp_d6": 4.232643127441406, "tmax_d0": null, "tmax_d1": null, "tmax_d2": null, "tmax_d3": null, "tmax_d4": null, "tmax_d5": null, "tmax_d6": null, "tmin_d0": null, "tmin_d1": null, "tmin_d2": null, "tmin_d3": null, "tmin_d4": null, "tmin_d5": null, "tmin_d6": null, "day_of_year": 243, "uuid": "d0b423bb-c7c6-40ce-8864-df91f7710774", "inat_id": 311128617}}, {"type": "Feature", "geometry": {"type": "Point", "coordinates": [-121.6911866667, 45.2275966667]}, "properties": {"species": "Laetiporus conifericola", "date": "2025-08-31", "location": "Wasco County, US-OR, US", "elevation": 1295.0, "land_cover_label": "Tree cover", "water_mask": false, "exclude_reason": "keep", "ndvi": null, "soil_moisture": null, "solar_exposure": null, "wind_exposure": null, "water_retention": null, "slope": null, "aspect": null, "num_identification_agreements": 1, "cluster": 0, "tavg": null, "tmin": null, "tmax": null, "prcp_d0": 0.0, "prcp_d1": 0.0, "prcp_d2": 0.0, "prcp_d3": 0.0, "prcp_d4": 0.0, "prcp_d5": 7.049326419830322, "prcp_d6": 10.469597816467283, "tmax_d0": null, "tmax_d1": null, "tmax_d2": null, "tmax_d3": null, "tmax_d4": null, "tmax_d5": null, "tmax_d6": null, "tmin_d0": null, "tmin_d1": null, "tmin_d2": null, "tmin_d3": null, "tmin_d4": null, "tmin_d5": null, "tmin_d6": null, "day_of_year": 243, "uuid": "b2c2bca2-cb8e-470a-9490-017d1ba417bb", "inat_id": 343676826}}, {"type": "Feature", "geometry": {"type": "Point", "coordinates": [-121.6924913079, 45.228345344]}, "properties": {"species": "Laetiporus conifericola", "date": "2025-08-31", "location": "Wasco County, US-OR, US", "elevation": 1257.0, "land_cover_label": "Tree cover", "water_mask": false, "exclude_reason": "keep", "ndvi": null, "soil_moisture": null, "solar_exposure": null, "wind_exposure": null, "water_retention": null, "slope": null, "aspect": null, "num_identification_agreements": 1, "cluster": 0, "tavg": null, "tmin": null, "tmax": null, "prcp_d0": 0.0, "prcp_d1": 0.0, "prcp_d2": 0.0, "prcp_d3": 0.0, "prcp_d4": 0.0, "prcp_d5": 7.049326419830322, "prcp_d6": 10.469597816467283, "tmax_d0": null, "tmax_d1": null, "tmax_d2": null, "tmax_d3": null, "tmax_d4": null, "tmax_d5": null, "tmax_d6": null, "tmin_d0": null, "tmin_d1": null, "tmin_d2": null, "tmin_d3": null, "tmin_d4": null, "tmin_d5": null, "tmin_d6": null, "day_of_year": 243, "uuid": "6d604682-8a27-41e8-8766-942f98f30b12", "inat_id": 310873431}}, {"type": "Feature", "geometry": {"type": "Point", "coordinates": [-121.9887372355, 45.3210826752]}, "properties": {"species": "Laetiporus conifericola", "date": "2025-09-01", "location": "Oregon, US", "elevation": 1182.0, "land_cover_label": "Tree cover", "water_mask": false, "exclude_reason": "keep", "ndvi": null, "soil_moisture": null, "solar_exposure": null, "wind_exposure": null, "water_retention": null, "slope": null, "aspect": null, "num_identification_agreements": 1, "cluster": 0, "tavg": null, "tmin": 16.0, "tmax": 25.0, "prcp_d0": 0.0, "prcp_d1": 0.0, "prcp_d2": 0.0, "prcp_d3": 0.0, "prcp_d4": 0.0, "prcp_d5": 4.900524139404297, "prcp_d6": 11.428077697753906, "tmax_d0": null, "tmax_d1": null, "tmax_d2": null, "tmax_d3": null, "tmax_d4": null, "tmax_d5": null, "tmax_d6": null, "tmin_d0": null, "tmin_d1": null, "tmin_d2": null, "tmin_d3": null, "tmin_d4": null, "tmin_d5": null, "tmin_d6": null, "day_of_year": 244, "uuid": "116bda92-8313-44d4-a13d-aa391ee1a8db", "inat_id": 310959243}}, {"type": "Feature", "geometry": {"type": "Point", "coordinates": [-121.7736133333, 45.3714783333]}, "properties": {"species": "Laetiporus conifericola", "date": "2025-09-05", "location": "Zigzag Ranger Station, Rhododendron, OR, US", "elevation": 1198.0, "land_cover_label": "Tree cover", "water_mask": false, "exclude_reason": "keep", "ndvi": null, "soil_moisture": null, "solar_exposure": null, "wind_exposure": null, "water_retention": null, "slope": null, "aspect": null, "num_identification_agreements": 2, "cluster": 0, "tavg": null, "tmin": 18.2, "tmax": 33.4, "prcp_d0": 4.345041751861572, "prcp_d1": 0.0, "prcp_d2": 0.0, "prcp_d3": 0.0, "prcp_d4": 0.0, "prcp_d5": 0.0, "prcp_d6": 0.0, "tmax_d0": null, "tmax_d1": null, "tmax_d2": null, "tmax_d3": null, "tmax_d4": null, "tmax_d5": null, "tmax_d6": null, "tmin_d0": null, "tmin_d1": null, "tmin_d2": null, "tmin_d3": null, "tmin_d4": null, "tmin_d5": null, "tmin_d6": null, "day_of_year": 248, "uuid": "95819ed3-7afd-4e91-a082-c14b39bb3d62", "inat_id": 311848055}}, {"type": "Feature", "geometry": {"type": "Point", "coordinates": [-121.5711366667, 45.4094466667]}, "properties": {"species": "Laetiporus conifericola", "date": "2025-09-06", "location": "Elk Meadows Trail, Mount Hood Parkdale, OR, US", "elevation": 967.0, "land_cover_label": "Tree cover", "water_mask": false, "exclude_reason": "keep", "ndvi": null, "soil_moisture": null, "solar_exposure": null, "wind_exposure": null, "water_retention": null, "slope": null, "aspect": null, "num_identification_agreements": 1, "cluster": 0, "tavg": null, "tmin": 17.7, "tmax": 27.5, "prcp_d0": 0.0, "prcp_d1": 0.0, "prcp_d2": 0.0, "prcp_d3": 0.0, "prcp_d4": 0.0, "prcp_d5": 0.0, "prcp_d6": 0.0, "tmax_d0": null, "tmax_d1": null, "tmax_d2": null, "tmax_d3": null, "tmax_d4": null, "tmax_d5": null, "tmax_d6": null, "tmin_d0": null, "tmin_d1": null, "tmin_d2": null, "tmin_d3": null, "tmin_d4": null, "tmin_d5": null, "tmin_d6": null, "day_of_year": 249, "uuid": "8cc24cb3-a250-4ac0-a023-1ed90808681e", "inat_id": 312330778}}, {"type": "Feature", "geometry": {"type": "Point", "coordinates": [-121.7621593337, 45.3656472303]}, "properties": {"species": "Laetiporus conifericola", "date": "2025-09-06", "location": "Pacific Crest Trail, Government Camp, OR, US", "elevation": 1447.0, "land_cover_label": "Tree cover", "water_mask": false, "exclude_reason": "keep", "ndvi": null, "soil_moisture": null, "solar_exposure": null, "wind_exposure": null, "water_retention": null, "slope": null, "aspect": null, "num_identification_agreements": 2, "cluster": 0, "tavg": null, "tmin": 17.7, "tmax": 27.5, "prcp_d0": 0.0, "prcp_d1": 4.345041751861572, "prcp_d2": 0.0, "prcp_d3": 0.0, "prcp_d4": 0.0, "prcp_d5": 0.0, "prcp_d6": 0.0, "tmax_d0": null, "tmax_d1": null, "tmax_d2": null, "tmax_d3": null, "tmax_d4": null, "tmax_d5": null, "tmax_d6": null, "tmin_d0": null, "tmin_d1": null, "tmin_d2": null, "tmin_d3": null, "tmin_d4": null, "tmin_d5": null, "tmin_d6": null, "day_of_year": 249, "uuid": "bea34b32-d74b-43c3-adf6-1aed669625ea", "inat_id": 343700401}}, {"type": "Feature", "geometry": {"type": "Point", "coordinates": [-121.7575520859, 45.3305900048]}, "properties": {"species": "Laetiporus conifericola", "date": "2025-09-07", "location": "Oregon, US", "elevation": 1393.0, "land_cover_label": "Tree cover", "water_mask": false, "exclude_reason": "keep", "ndvi": null, "soil_moisture": null, "solar_exposure": null, "wind_exposure": null, "water_retention": null, "slope": null, "aspect": null, "num_identification_agreements": 2, "cluster": 0, "tavg": null, "tmin": 15.3, "tmax": 23.9, "prcp_d0": 8.124897956848145, "prcp_d1": 0.0, "prcp_d2": 0.0, "prcp_d3": 0.0, "prcp_d4": 0.0, "prcp_d5": 0.0, "prcp_d6": 0.0, "tmax_d0": null, "tmax_d1": null, "tmax_d2": null, "tmax_d3": null, "tmax_d4": null, "tmax_d5": null, "tmax_d6": null, "tmin_d0": null, "tmin_d1": null, "tmin_d2": null, "tmin_d3": null, "tmin_d4": null, "tmin_d5": null, "tmin_d6": null, "day_of_year": 250, "uuid": "ae906d8c-1834-494e-aebe-d0aa4a52f94d", "inat_id": 312363517}}, {"type": "Feature", "geometry": {"type": "Point", "coordinates": [-122.0895916667, 44.9773833333]}, "properties": {"species": "Laetiporus conifericola", "date": "2025-09-12", "location": "Clackamas County, OR, USA", "elevation": 560.0, "land_cover_label": "Tree cover", "water_mask": false, "exclude_reason": "keep", "ndvi": null, "soil_moisture": null, "solar_exposure": null, "wind_exposure": null, "water_retention": null, "slope": null, "aspect": null, "num_identification_agreements": 2, "cluster": 0, "tavg": null, "tmin": null, "tmax": null, "prcp_d0": 0.0, "prcp_d1": 0.0, "prcp_d2": 5.304329872131348, "prcp_d3": 5.304329872131348, "prcp_d4": 0.0, "prcp_d5": 0.0, "prcp_d6": 15.91299057006836, "tmax_d0": null, "tmax_d1": null, "tmax_d2": null, "tmax_d3": null, "tmax_d4": null, "tmax_d5": null, "tmax_d6": null, "tmin_d0": null, "tmin_d1": null, "tmin_d2": null, "tmin_d3": null, "tmin_d4": null, "tmin_d5": null, "tmin_d6": null, "day_of_year": 255, "uuid": "f24b06f7-d342-4f0c-a4e9-628a6acbdb92", "inat_id": 313951809}}, {"type": "Feature", "geometry": {"type": "Point", "coordinates": [-121.843123245, 45.3486056182]}, "properties": {"species": "Laetiporus conifericola", "date": "2025-09-13", "location": "Oregon, US", "elevation": 1425.0, "land_cover_label": "Tree cover", "water_mask": false, "exclude_reason": "keep", "ndvi": null, "soil_moisture": null, "solar_exposure": null, "wind_exposure": null, "water_retention": null, "slope": null, "aspect": null, "num_identification_agreements": 4, "cluster": 0, "tavg": null, "tmin": 10.0, "tmax": 27.0, "prcp_d0": 0.0, "prcp_d1": 0.0, "prcp_d2": 0.0, "prcp_d3": 5.570193767547607, "prcp_d4": 11.140387535095217, "prcp_d5": 0.0, "prcp_d6": 5.570193767547607, "tmax_d0": null, "tmax_d1": null, "tmax_d2": null, "tmax_d3": null, "tmax_d4": null, "tmax_d5": null, "tmax_d6": null, "tmin_d0": null, "tmin_d1": null, "tmin_d2": null, "tmin_d3": null, "tmin_d4": null, "tmin_d5": null, "tmin_d6": null, "day_of_year": 256, "uuid": "e7f7e009-3d94-47dc-b59d-09f4880502e5", "inat_id": 313781478}}, {"type": "Feature", "geometry": {"type": "Point", "coordinates": [-122.0201696999, 44.9640695701]}, "properties": {"species": "Laetiporus conifericola", "date": "2025-09-13", "location": "Oregon, US", "elevation": 929.0, "land_cover_label": "Tree cover", "water_mask": false, "exclude_reason": "keep", "ndvi": null, "soil_moisture": null, "solar_exposure": null, "wind_exposure": null, "water_retention": null, "slope": null, "aspect": null, "num_identification_agreements": 1, "cluster": 0, "tavg": null, "tmin": null, "tmax": null, "prcp_d0": 0.0, "prcp_d1": 0.0, "prcp_d2": 0.0, "prcp_d3": 5.082194805145264, "prcp_d4": 10.164389610290527, "prcp_d5": 0.0, "prcp_d6": 0.0, "tmax_d0": null, "tmax_d1": null, "tmax_d2": null, "tmax_d3": null, "tmax_d4": null, "tmax_d5": null, "tmax_d6": null, "tmin_d0": null, "tmin_d1": null, "tmin_d2": null, "tmin_d3": null, "tmin_d4": null, "tmin_d5": null, "tmin_d6": null, "day_of_year": 256, "uuid": "7f7a8658-8550-46e8-9e11-85b1181b9fbd", "inat_id": 313729881}}, {"type": "Feature", "geometry": {"type": "Point", "coordinates": [-121.7944360248, 45.2979662846]}, "properties": {"species": "Laetiporus conifericola", "date": "2025-09-13", "location": "Mt. Hood Park Division Recreation Area, Government Camp, OR, US", "elevation": 1264.0, "land_cover_label": "Tree cover", "water_mask": false, "exclude_reason": "keep", "ndvi": null, "soil_moisture": null, "solar_exposure": null, "wind_exposure": null, "water_retention": null, "slope": null, "aspect": null, "num_identification_agreements": 1, "cluster": 0, "tavg": null, "tmin": 10.0, "tmax": 27.0, "prcp_d0": 0.0, "prcp_d1": 0.0, "prcp_d2": 0.0, "prcp_d3": 11.455573081970217, "prcp_d4": 11.455573081970217, "prcp_d5": 0.0, "prcp_d6": 11.455573081970217, "tmax_d0": null, "tmax_d1": null, "tmax_d2": null, "tmax_d3": null, "tmax_d4": null, "tmax_d5": null, "tmax_d6": null, "tmin_d0": null, "tmin_d1": null, "tmin_d2": null, "tmin_d3": null, "tmin_d4": null, "tmin_d5": null, "tmin_d6": null, "day_of_year": 256, "uuid": "6ffc0b62-c38e-4987-be85-ace7d798ac73", "inat_id": 313578383}}, {"type": "Feature", "geometry": {"type": "Point", "coordinates": [-121.8055222222, 45.4397444444]}, "properties": {"species": "Laetiporus conifericola", "date": "2025-09-14", "location": "Cascade Locks, OR 97014, USA", "elevation": 1151.0, "land_cover_label": "Tree cover", "water_mask": false, "exclude_reason": "keep", "ndvi": null, "soil_moisture": null, "solar_exposure": null, "wind_exposure": null, "water_retention": null, "slope": null, "aspect": null, "num_identification_agreements": 1, "cluster": 0, "tavg": null, "tmin": 14.0, "tmax": 20.0, "prcp_d0": 0.0, "prcp_d1": 0.0, "prcp_d2": 0.0, "prcp_d3": 0.0, "prcp_d4": 6.683334827423096, "prcp_d5": 13.366669654846191, "prcp_d6": 0.0, "tmax_d0": null, "tmax_d1": null, "tmax_d2": null, "tmax_d3": null, "tmax_d4": null, "tmax_d5": null, "tmax_d6": null, "tmin_d0": null, "tmin_d1": null, "tmin_d2": null, "tmin_d3": null, "tmin_d4": null, "tmin_d5": null, "tmin_d6": null, "day_of_year": 257, "uuid": "53781195-28e7-4b4b-b92a-5537abaefe89", "inat_id": 314051978}}, {"type": "Feature", "geometry": {"type": "Point", "coordinates": [-121.7549966667, 45.3459366667]}, "properties": {"species": "Laetiporus conifericola", "date": "2025-09-16", "location": "Mt. Hood Park Division Recreation Area, Rhododendron, OR, US", "elevation": 1635.0, "land_cover_label": "Tree cover", "water_mask": false, "exclude_reason": "keep", "ndvi": null, "soil_moisture": null, "solar_exposure": null, "wind_exposure": null, "water_retention": null, "slope": null, "aspect": null, "num_identification_agreements": 1, "cluster": 0, "tavg": null, "tmin": 8.0, "tmax": 28.0, "prcp_d0": 0.0, "prcp_d1": 0.0, "prcp_d2": 0.0, "prcp_d3": 0.0, "prcp_d4": 0.0, "prcp_d5": 0.0, "prcp_d6": 8.124897956848145, "tmax_d0": null, "tmax_d1": null, "tmax_d2": null, "tmax_d3": null, "tmax_d4": null, "tmax_d5": null, "tmax_d6": null, "tmin_d0": null, "tmin_d1": null, "tmin_d2": null, "tmin_d3": null, "tmin_d4": null, "tmin_d5": null, "tmin_d6": null, "day_of_year": 259, "uuid": "4d169ef3-25f3-46b9-977c-989c1bf34235", "inat_id": 314450532}}, {"type": "Feature", "geometry": {"type": "Point", "coordinates": [-122.11345, 45.5529966667]}, "properties": {"species": "Laetiporus conifericola", "date": "2025-09-18", "location": "Corbett, OR, US", "elevation": 714.0, "land_cover_label": "Tree cover", "water_mask": false, "exclude_reason": "keep", "ndvi": null, "soil_moisture": null, "solar_exposure": null, "wind_exposure": null, "water_retention": null, "slope": null, "aspect": null, "num_identification_agreements": 1, "cluster": 0, "tavg": null, "tmin": 14.0, "tmax": 26.0, "prcp_d0": 0.0, "prcp_d1": 0.0, "prcp_d2": 0.0, "prcp_d3": 0.0, "prcp_d4": 0.0, "prcp_d5": 0.0, "prcp_d6": 0.0, "tmax_d0": null, "tmax_d1": null, "tmax_d2": null, "tmax_d3": null, "tmax_d4": null, "tmax_d5": null, "tmax_d6": null, "tmin_d0": null, "tmin_d1": null, "tmin_d2": null, "tmin_d3": null, "tmin_d4": null, "tmin_d5": null, "tmin_d6": null, "day_of_year": 261, "uuid": "7d5ab95a-bba5-4a3e-bf19-c9828c74f395", "inat_id": 370831074}}, {"type": "Feature", "geometry": {"type": "Point", "coordinates": [-121.7037089464, 45.3193646271]}, "properties": {"species": "Laetiporus conifericola", "date": "2025-09-20", "location": "Clackamas County, OR, USA", "elevation": 1633.0, "land_cover_label": "Tree cover", "water_mask": false, "exclude_reason": "keep", "ndvi": null, "soil_moisture": null, "solar_exposure": null, "wind_exposure": null, "water_retention": null, "slope": null, "aspect": null, "num_identification_agreements": 2, "cluster": 0, "tavg": null, "tmin": 11.0, "tmax": 27.0, "prcp_d0": 0.0, "prcp_d1": 0.0, "prcp_d2": 0.0, "prcp_d3": 0.0, "prcp_d4": 0.0, "prcp_d5": 0.0, "prcp_d6": 0.0, "tmax_d0": null, "tmax_d1": null, "tmax_d2": null, "tmax_d3": null, "tmax_d4": null, "tmax_d5": null, "tmax_d6": null, "tmin_d0": null, "tmin_d1": null, "tmin_d2": null, "tmin_d3": null, "tmin_d4": null, "tmin_d5": null, "tmin_d6": null, "day_of_year": 263, "uuid": "344e39f1-4777-4eec-8bc7-9091aa178a6a", "inat_id": 315737679}}, {"type": "Feature", "geometry": {"type": "Point", "coordinates": [-122.0732727051, 45.531337738]}, "properties": {"species": "Laetiporus conifericola", "date": "2025-09-21", "location": "Multnomah County, US-OR, US", "elevation": 1060.0, "land_cover_label": "Tree cover", "water_mask": false, "exclude_reason": "keep", "ndvi": null, "soil_moisture": null, "solar_exposure": null, "wind_exposure": null, "water_retention": null, "slope": null, "aspect": null, "num_identification_agreements": 1, "cluster": 0, "tavg": null, "tmin": 13.0, "tmax": 22.0, "prcp_d0": 0.0, "prcp_d1": 0.0, "prcp_d2": 0.0, "prcp_d3": 0.0, "prcp_d4": 0.0, "prcp_d5": 0.0, "prcp_d6": 0.0, "tmax_d0": null, "tmax_d1": null, "tmax_d2": null, "tmax_d3": null, "tmax_d4": null, "tmax_d5": null, "tmax_d6": null, "tmin_d0": null, "tmin_d1": null, "tmin_d2": null, "tmin_d3": null, "tmin_d4": null, "tmin_d5": null, "tmin_d6": null, "day_of_year": 264, "uuid": "1ade04dd-169a-4825-b17a-7693694941dd", "inat_id": 315705476}}, {"type": "Feature", "geometry": {"type": "Point", "coordinates": [-121.7550334842, 45.3459918543]}, "properties": {"species": "Laetiporus conifericola", "date": "2025-09-24", "location": "Pacific Crest Trail, Rhododendron, OR, US", "elevation": 1635.0, "land_cover_label": "Tree cover", "water_mask": false, "exclude_reason": "keep", "ndvi": null, "soil_moisture": null, "solar_exposure": null, "wind_exposure": null, "water_retention": null, "slope": null, "aspect": null, "num_identification_agreements": 1, "cluster": 0, "tavg": null, "tmin": 7.0, "tmax": 30.0, "prcp_d0": 0.0, "prcp_d1": 0.0, "prcp_d2": 0.0, "prcp_d3": 0.0, "prcp_d4": 0.0, "prcp_d5": 0.0, "prcp_d6": 0.0, "tmax_d0": null, "tmax_d1": null, "tmax_d2": null, "tmax_d3": null, "tmax_d4": null, "tmax_d5": null, "tmax_d6": null, "tmin_d0": null, "tmin_d1": null, "tmin_d2": null, "tmin_d3": null, "tmin_d4": null, "tmin_d5": null, "tmin_d6": null, "day_of_year": 267, "uuid": "d17cec4e-528b-4391-bc9b-84a27a0a7398", "inat_id": 332101287}}, {"type": "Feature", "geometry": {"type": "Point", "coordinates": [-122.0624861111, 45.5463527778]}, "properties": {"species": "Laetiporus conifericola", "date": "2025-09-25", "location": "Cascade Locks, OR 97014, USA", "elevation": 902.0, "land_cover_label": "Tree cover", "water_mask": false, "exclude_reason": "keep", "ndvi": null, "soil_moisture": null, "solar_exposure": null, "wind_exposure": null, "water_retention": null, "slope": null, "aspect": null, "num_identification_agreements": 2, "cluster": 0, "tavg": null, "tmin": 12.0, "tmax": 23.0, "prcp_d0": 0.0, "prcp_d1": 0.0, "prcp_d2": 0.0, "prcp_d3": 0.0, "prcp_d4": 0.0, "prcp_d5": 0.0, "prcp_d6": 0.0, "tmax_d0": null, "tmax_d1": null, "tmax_d2": null, "tmax_d3": null, "tmax_d4": null, "tmax_d5": null, "tmax_d6": null, "tmin_d0": null, "tmin_d1": null, "tmin_d2": null, "tmin_d3": null, "tmin_d4": null, "tmin_d5": null, "tmin_d6": null, "day_of_year": 268, "uuid": "3fecfbb0-1454-48b3-abe3-b7f4371e3d97", "inat_id": 316635852}}, {"type": "Feature", "geometry": {"type": "Point", "coordinates": [-121.639612345, 45.3370665731]}, "properties": {"species": "Laetiporus conifericola", "date": "2025-09-26", "location": "Mt. Hood Meadows, Mount Hood Parkdale, OR, US", "elevation": 1552.0, "land_cover_label": "Tree cover", "water_mask": false, "exclude_reason": "keep", "ndvi": null, "soil_moisture": null, "solar_exposure": null, "wind_exposure": null, "water_retention": null, "slope": null, "aspect": null, "num_identification_agreements": 1, "cluster": 0, "tavg": null, "tmin": 10.0, "tmax": 25.0, "prcp_d0": 0.0, "prcp_d1": 0.0, "prcp_d2": 0.0, "prcp_d3": 0.0, "prcp_d4": 0.0, "prcp_d5": 0.0, "prcp_d6": 0.0, "tmax_d0": null, "tmax_d1": null, "tmax_d2": null, "tmax_d3": null, "tmax_d4": null, "tmax_d5": null, "tmax_d6": null, "tmin_d0": null, "tmin_d1": null, "tmin_d2": null, "tmin_d3": null, "tmin_d4": null, "tmin_d5": null, "tmin_d6": null, "day_of_year": 269, "uuid": "734a5ce8-6165-4195-8702-a6caebb6b837", "inat_id": 316885700}}, {"type": "Feature", "geometry": {"type": "Point", "coordinates": [-121.6743978019, 45.3366548018]}, "properties": {"species": "Laetiporus conifericola", "date": "2025-09-26", "location": "Oregon, US", "elevation": 1819.0, "land_cover_label": "Grassland", "water_mask": false, "exclude_reason": "keep", "ndvi": null, "soil_moisture": null, "solar_exposure": null, "wind_exposure": null, "water_retention": null, "slope": null, "aspect": null, "num_identification_agreements": 1, "cluster": 0, "tavg": null, "tmin": 10.0, "tmax": 25.0, "prcp_d0": 0.0, "prcp_d1": 0.0, "prcp_d2": 0.0, "prcp_d3": 0.0, "prcp_d4": 0.0, "prcp_d5": 0.0, "prcp_d6": 0.0, "tmax_d0": null, "tmax_d1": null, "tmax_d2": null, "tmax_d3": null, "tmax_d4": null, "tmax_d5": null, "tmax_d6": null, "tmin_d0": null, "tmin_d1": null, "tmin_d2": null, "tmin_d3": null, "tmin_d4": null, "tmin_d5": null, "tmin_d6": null, "day_of_year": 269, "uuid": "a85ce5f8-d414-457c-b6e4-1da9fa3f7def", "inat_id": 318311525}}, {"type": "Feature", "geometry": {"type": "Point", "coordinates": [-122.2294940807, 45.3090121225]}, "properties": {"species": "Laetiporus conifericola", "date": "2025-09-26", "location": "Clackamas County, OR, USA", "elevation": 385.0, "land_cover_label": "Tree cover", "water_mask": false, "exclude_reason": "keep", "ndvi": null, "soil_moisture": null, "solar_exposure": null, "wind_exposure": null, "water_retention": null, "slope": null, "aspect": null, "num_identification_agreements": 1, "cluster": 0, "tavg": null, "tmin": 9.0, "tmax": 23.0, "prcp_d0": 0.0, "prcp_d1": 0.0, "prcp_d2": 0.0, "prcp_d3": 0.0, "prcp_d4": 0.0, "prcp_d5": 0.0, "prcp_d6": 0.0, "tmax_d0": null, "tmax_d1": null, "tmax_d2": null, "tmax_d3": null, "tmax_d4": null, "tmax_d5": null, "tmax_d6": null, "tmin_d0": null, "tmin_d1": null, "tmin_d2": null, "tmin_d3": null, "tmin_d4": null, "tmin_d5": null, "tmin_d6": null, "day_of_year": 269, "uuid": "3aee0fb8-34e2-4410-8627-e6fb2a21c537", "inat_id": 316860171}}, {"type": "Feature", "geometry": {"type": "Point", "coordinates": [-122.0575710386, 45.6444088919]}, "properties": {"species": "Laetiporus conifericola", "date": "2025-09-28", "location": "Stevenson, WA 98648, USA", "elevation": 273.0, "land_cover_label": "Tree cover", "water_mask": false, "exclude_reason": "keep", "ndvi": null, "soil_moisture": null, "solar_exposure": null, "wind_exposure": null, "water_retention": null, "slope": null, "aspect": null, "num_identification_agreements": 1, "cluster": 0, "tavg": null, "tmin": 8.0, "tmax": 24.0, "prcp_d0": 0.0, "prcp_d1": 0.0, "prcp_d2": 0.0, "prcp_d3": 0.0, "prcp_d4": 0.0, "prcp_d5": 0.0, "prcp_d6": 0.0, "tmax_d0": null, "tmax_d1": null, "tmax_d2": null, "tmax_d3": null, "tmax_d4": null, "tmax_d5": null, "tmax_d6": null, "tmin_d0": null, "tmin_d1": null, "tmin_d2": null, "tmin_d3": null, "tmin_d4": null, "tmin_d5": null, "tmin_d6": null, "day_of_year": 271, "uuid": "4e5d4cb7-8614-4087-8730-75e5461e33f3", "inat_id": 317407087}}, {"type": "Feature", "geometry": {"type": "Point", "coordinates": [-122.177143, 45.520642]}, "properties": {"species": "Laetiporus conifericola", "date": "2025-10-08", "location": "Multnomah County, US-OR, US", "elevation": 501.0, "land_cover_label": "Tree cover", "water_mask": false, "exclude_reason": "keep", "ndvi": null, "soil_moisture": null, "solar_exposure": null, "wind_exposure": null, "water_retention": null, "slope": null, "aspect": null, "num_identification_agreements": 2, "cluster": 0, "tavg": null, "tmin": 11.7, "tmax": 16.1, "prcp_d0": 0.0, "prcp_d1": 0.0, "prcp_d2": 0.0, "prcp_d3": 0.0, "prcp_d4": 2.704311847686768, "prcp_d5": 0.0, "prcp_d6": 2.536978244781494, "tmax_d0": null, "tmax_d1": null, "tmax_d2": null, "tmax_d3": null, "tmax_d4": null, "tmax_d5": null, "tmax_d6": null, "tmin_d0": null, "tmin_d1": null, "tmin_d2": null, "tmin_d3": null, "tmin_d4": null, "tmin_d5": null, "tmin_d6": null, "day_of_year": 281, "uuid": "684ff4e6-9754-4cf6-8211-c976a6f342f2", "inat_id": 323464933}}, {"type": "Feature", "geometry": {"type": "Point", "coordinates": [-121.8399966667, 45.3826616667]}, "properties": {"species": "Laetiporus conifericola", "date": "2025-10-11", "location": "Zigzag Ranger Station, Rhododendron, OR, US", "elevation": 741.0, "land_cover_label": "Tree cover", "water_mask": false, "exclude_reason": "keep", "ndvi": null, "soil_moisture": null, "solar_exposure": null, "wind_exposure": null, "water_retention": null, "slope": null, "aspect": null, "num_identification_agreements": 1, "cluster": 0, "tavg": null, "tmin": 8.0, "tmax": 13.0, "prcp_d0": 2.3404364585876465, "prcp_d1": 5.716785430908203, "prcp_d2": 12.401939392089844, "prcp_d3": 0.0, "prcp_d4": 0.0, "prcp_d5": 0.0, "prcp_d6": 0.0, "tmax_d0": null, "tmax_d1": null, "tmax_d2": null, "tmax_d3": null, "tmax_d4": null, "tmax_d5": null, "tmax_d6": null, "tmin_d0": null, "tmin_d1": null, "tmin_d2": null, "tmin_d3": null, "tmin_d4": null, "tmin_d5": null, "tmin_d6": null, "day_of_year": 284, "uuid": "904479ca-98e7-4ec9-97bd-4de44bff8daf", "inat_id": 321033989}}, {"type": "Feature", "geometry": {"type": "Point", "coordinates": [-122.0576555, 45.65818]}, "properties": {"species": "Laetiporus conifericola", "date": "2025-10-12", "location": "Columbia River Gorge National Scenic Area, Stevenson, WA, US", "elevation": 446.0, "land_cover_label": "Tree cover", "water_mask": false, "exclude_reason": "keep", "ndvi": null, "soil_moisture": null, "solar_exposure": null, "wind_exposure": null, "water_retention": null, "slope": null, "aspect": null, "num_identification_agreements": 2, "cluster": 0, "tavg": null, "tmin": 7.0, "tmax": 13.0, "prcp_d0": 0.0, "prcp_d1": 0.0, "prcp_d2": 6.353713512420654, "prcp_d3": 17.80263900756836, "prcp_d4": 0.5902315378189087, "prcp_d5": 0.0, "prcp_d6": 0.0, "tmax_d0": null, "tmax_d1": null, "tmax_d2": null, "tmax_d3": null, "tmax_d4": null, "tmax_d5": null, "tmax_d6": null, "tmin_d0": null, "tmin_d1": null, "tmin_d2": null, "tmin_d3": null, "tmin_d4": null, "tmin_d5": null, "tmin_d6": null, "day_of_year": 285, "uuid": "ea4901df-fa2a-486a-b885-99665558ac26", "inat_id": 320710592}}, {"type": "Feature", "geometry": {"type": "Point", "coordinates": [-122.053316226, 45.5875313861]}, "properties": {"species": "Laetiporus conifericola", "date": "2025-10-13", "location": "Oregon, US", "elevation": 502.0, "land_cover_label": "Tree cover", "water_mask": false, "exclude_reason": "keep", "ndvi": null, "soil_moisture": null, "solar_exposure": null, "wind_exposure": null, "water_retention": null, "slope": null, "aspect": null, "num_identification_agreements": 1, "cluster": 0, "tavg": null, "tmin": 3.0, "tmax": 16.0, "prcp_d0": 0.0, "prcp_d1": 0.0, "prcp_d2": 0.0, "prcp_d3": 11.71728229522705, "prcp_d4": 29.59832191467285, "prcp_d5": 1.059049129486084, "prcp_d6": 0.0, "tmax_d0": null, "tmax_d1": null, "tmax_d2": null, "tmax_d3": null, "tmax_d4": null, "tmax_d5": null, "tmax_d6": null, "tmin_d0": null, "tmin_d1": null, "tmin_d2": null, "tmin_d3": null, "tmin_d4": null, "tmin_d5": null, "tmin_d6": null, "day_of_year": 286, "uuid": "7ed494b2-677e-4954-948e-6f57ff5709f0", "inat_id": 320777475}}, {"type": "Feature", "geometry": {"type": "Point", "coordinates": [-121.8171921372, 45.4986764339]}, "properties": {"species": "Laetiporus conifericola", "date": "2025-10-15", "location": "Hood River County, US-OR, US", "elevation": 1012.0, "land_cover_label": "Tree cover", "water_mask": false, "exclude_reason": "keep", "ndvi": null, "soil_moisture": null, "solar_exposure": null, "wind_exposure": null, "water_retention": null, "slope": null, "aspect": null, "num_identification_agreements": 1, "cluster": 0, "tavg": null, "tmin": 0.0, "tmax": 17.0, "prcp_d0": 0.0, "prcp_d1": 0.0, "prcp_d2": 5.669285774230957, "prcp_d3": 10.082980155944824, "prcp_d4": 2.578353881835937, "prcp_d5": 5.628104209899902, "prcp_d6": 13.802973747253418, "tmax_d0": null, "tmax_d1": null, "tmax_d2": null, "tmax_d3": null, "tmax_d4": null, "tmax_d5": null, "tmax_d6": null, "tmin_d0": null, "tmin_d1": null, "tmin_d2": null, "tmin_d3": null, "tmin_d4": null, "tmin_d5": null, "tmin_d6": null, "day_of_year": 288, "uuid": "5cc72f5f-f646-4c3a-89f3-ef7eb36f2615", "inat_id": 321171787}}, {"type": "Feature", "geometry": {"type": "Point", "coordinates": [-122.1197055, 45.4032216667]}, "properties": {"species": "Laetiporus conifericola", "date": "2025-10-16", "location": "Audubon Society Of Portland Sanctuaries, Sandy, OR, US", "elevation": 350.0, "land_cover_label": "Tree cover", "water_mask": false, "exclude_reason": "keep", "ndvi": null, "soil_moisture": null, "solar_exposure": null, "wind_exposure": null, "water_retention": null, "slope": null, "aspect": null, "num_identification_agreements": 1, "cluster": 0, "tavg": null, "tmin": 4.0, "tmax": 17.0, "prcp_d0": 0.0, "prcp_d1": 0.0, "prcp_d2": 0.0, "prcp_d3": 5.909294605255127, "prcp_d4": 11.398715019226074, "prcp_d5": 2.5993757247924805, "prcp_d6": 6.850556373596191, "tmax_d0": null, "tmax_d1": null, "tmax_d2": null, "tmax_d3": null, "tmax_d4": null, "tmax_d5": null, "tmax_d6": null, "tmin_d0": null, "tmin_d1": null, "tmin_d2": null, "tmin_d3": null, "tmin_d4": null, "tmin_d5": null, "tmin_d6": null, "day_of_year": 289, "uuid": "3db64477-d639-4d1a-92f9-6bf77355a8d9", "inat_id": 321763293}}, {"type": "Feature", "geometry": {"type": "Point", "coordinates": [-121.640872772, 45.3065626205]}, "properties": {"species": "Laetiporus conifericola", "date": "2025-10-23", "location": "Mount Hood Parkdale, OR, US", "elevation": 1491.0, "land_cover_label": "Tree cover", "water_mask": false, "exclude_reason": "keep", "ndvi": null, "soil_moisture": null, "solar_exposure": null, "wind_exposure": null, "water_retention": null, "slope": null, "aspect": null, "num_identification_agreements": 1, "cluster": 0, "tavg": null, "tmin": 7.0, "tmax": 17.0, "prcp_d0": 0.0, "prcp_d1": 6.587971210479736, "prcp_d2": 0.0, "prcp_d3": 0.0, "prcp_d4": 0.0, "prcp_d5": 0.0, "prcp_d6": 0.0, "tmax_d0": null, "tmax_d1": null, "tmax_d2": null, "tmax_d3": null, "tmax_d4": null, "tmax_d5": null, "tmax_d6": null, "tmin_d0": null, "tmin_d1": null, "tmin_d2": null, "tmin_d3": null, "tmin_d4": null, "tmin_d5": null, "tmin_d6": null, "day_of_year": 296, "uuid": "9c358490-b4e0-4c18-b8b2-8e0cf74de145", "inat_id": 322998899}}, {"type": "Feature", "geometry": {"type": "Point", "coordinates": [-121.842955, 45.53638]}, "properties": {"species": "Laetiporus conifericola", "date": "2025-11-08", "location": "Pacific Crest Trail, Cascade Locks, OR, US", "elevation": 1307.0, "land_cover_label": "Tree cover", "water_mask": false, "exclude_reason": "keep", "ndvi": null, "soil_moisture": null, "solar_exposure": null, "wind_exposure": null, "water_retention": null, "slope": null, "aspect": null, "num_identification_agreements": 1, "cluster": 1, "tavg": null, "tmin": 2.0, "tmax": 11.0, "prcp_d0": 0.0, "prcp_d1": 0.0, "prcp_d2": 0.0, "prcp_d3": 157.9134521484375, "prcp_d4": 0.0, "prcp_d5": 0.0, "prcp_d6": 0.0, "tmax_d0": null, "tmax_d1": null, "tmax_d2": null, "tmax_d3": null, "tmax_d4": null, "tmax_d5": null, "tmax_d6": null, "tmin_d0": null, "tmin_d1": null, "tmin_d2": null, "tmin_d3": null, "tmin_d4": null, "tmin_d5": null, "tmin_d6": null, "day_of_year": 312, "uuid": "2a3cbbaf-caba-4b25-919b-99c97f3b653f", "inat_id": 326389457}}, {"type": "Feature", "geometry": {"type": "Point", "coordinates": [-122.0958945, 45.3263866667]}, "properties": {"species": "Laetiporus conifericola", "date": "2025-11-08", "location": "Sandy, OR, US", "elevation": 829.0, "land_cover_label": "Tree cover", "water_mask": false, "exclude_reason": "keep", "ndvi": null, "soil_moisture": null, "solar_exposure": null, "wind_exposure": null, "water_retention": null, "slope": null, "aspect": null, "num_identification_agreements": 1, "cluster": 1, "tavg": null, "tmin": 4.0, "tmax": 14.3, "prcp_d0": 0.0, "prcp_d1": 52.2898063659668, "prcp_d2": 0.0, "prcp_d3": 136.43551635742188, "prcp_d4": 0.0, "prcp_d5": 0.0, "prcp_d6": 0.0, "tmax_d0": null, "tmax_d1": null, "tmax_d2": null, "tmax_d3": null, "tmax_d4": null, "tmax_d5": null, "tmax_d6": null, "tmin_d0": null, "tmin_d1": null, "tmin_d2": null, "tmin_d3": null, "tmin_d4": null, "tmin_d5": null, "tmin_d6": null, "day_of_year": 312, "uuid": "86163ca9-77f6-45cb-9a46-729e1cf34d7a", "inat_id": 325636542}}, {"type": "Feature", "geometry": {"type": "Point", "coordinates": [-121.837890625, 45.3816642761]}, "properties": {"species": "Laetiporus conifericola", "date": "2026-07-22", "location": "Clackamas County, US-OR, US", "elevation": 734.0, "land_cover_label": "Tree cover", "water_mask": false, "exclude_reason": "keep", "ndvi": null, "soil_moisture": null, "solar_exposure": null, "wind_exposure": null, "water_retention": null, "slope": null, "aspect": null, "num_identification_agreements": 1, "cluster": 0, "tavg": null, "tmin": 17.0, "tmax": 36.0, "prcp_d0": 0.0, "prcp_d1": 0.0, "prcp_d2": 0.0, "prcp_d3": 0.0, "prcp_d4": 0.0, "prcp_d5": 0.0, "prcp_d6": 0.0, "tmax_d0": null, "tmax_d1": null, "tmax_d2": null, "tmax_d3": null, "tmax_d4": null, "tmax_d5": null, "tmax_d6": null, "tmin_d0": null, "tmin_d1": null, "tmin_d2": null, "tmin_d3": null, "tmin_d4": null, "tmin_d5": null, "tmin_d6": null, "day_of_year": 203, "uuid": "570df1ef-a318-4c0b-ac1a-69d50703660d", "inat_id": 384032896}}, {"type": "Feature", "geometry": {"type": "Point", "coordinates": [-121.8564732194, 45.4883800718]}, "properties": {"species": "Laetiporus conifericola", "date": "2026-08-12", "location": "Hood River County, US-OR, US", "elevation": 1310.0, "land_cover_label": "Tree cover", "water_mask": false, "exclude_reason": "keep", "ndvi": null, "soil_moisture": null, "solar_exposure": null, "wind_exposure": null, "water_retention": null, "slope": null, "aspect": null, "num_identification_agreements": 1, "cluster": null, "tavg": null, "tmin": 17.0, "tmax": 27.0, "prcp_d0": null, "prcp_d1": null, "prcp_d2": null, "prcp_d3": null, "prcp_d4": null, "prcp_d5": null, "prcp_d6": null, "tmax_d0": null, "tmax_d1": null, "tmax_d2": null, "tmax_d3": null, "tmax_d4": null, "tmax_d5": null, "tmax_d6": null, "tmin_d0": null, "tmin_d1": null, "tmin_d2": null, "tmin_d3": null, "tmin_d4": null, "tmin_d5": null, "tmin_d6": null, "day_of_year": 224, "uuid": "50290968-b973-48a1-bd68-7a93cedd168a", "inat_id": 394405656}}]}