{"type": "FeatureCollection", "features": [{"type": "Feature", "geometry": {"type": "Point", "coordinates": [-103.3221756203, 44.2011727777]}, "properties": {"species": "Marasmius oreades", "date": "2014-05-25", "location": "South Dakota, US", "elevation": 1141.0, "land_cover_label": "Grassland", "water_mask": false, "exclude_reason": "keep", "ndvi": null, "soil_moisture": null, "solar_exposure": null, "wind_exposure": null, "water_retention": null, "slope": null, "aspect": null, "num_identification_agreements": 1, "cluster": 0, "tavg": null, "tmin": 11.1, "tmax": 25.6, "prcp_d0": 8.26590633392334, "prcp_d1": 0.0, "prcp_d2": 4.13295316696167, "prcp_d3": 8.26590633392334, "prcp_d4": 0.0, "prcp_d5": 0.0, "prcp_d6": 4.328371047973633, "tmax_d0": 21.7, "tmax_d1": 22.5, "tmax_d2": 23.2, "tmax_d3": 23.8, "tmax_d4": 16.3, "tmax_d5": 18.2, "tmax_d6": 20.9, "tmin_d0": 11.5, "tmin_d1": 12.0, "tmin_d2": 11.0, "tmin_d3": 8.3, "tmin_d4": 7.9, "tmin_d5": 7.7, "tmin_d6": 12.9, "day_of_year": 145, "uuid": "d5370df4-1a7f-4abb-b3f2-02dd2a1da138", "inat_id": 698392}}, {"type": "Feature", "geometry": {"type": "Point", "coordinates": [-104.97322, 39.6970583333]}, "properties": {"species": "Marasmius oreades", "date": "2015-09-23", "location": "Denver County, US-CO, US", "elevation": 1624.0, "land_cover_label": "Grassland", "water_mask": false, "exclude_reason": "keep", "ndvi": null, "soil_moisture": 0.1186788721750574, "solar_exposure": 0.8369393348693848, "wind_exposure": 0.3315884172916412, "water_retention": 0.3715266287326813, "slope": 0.5115081071853638, "aspect": 52.55630493164063, "num_identification_agreements": 2, "cluster": 0, "tavg": null, "tmin": 13.9, "tmax": 26.1, "prcp_d0": 5.463463306427002, "prcp_d1": 0.0, "prcp_d2": 0.0, "prcp_d3": 0.0, "prcp_d4": 0.0, "prcp_d5": 3.428250551223755, "prcp_d6": 0.0, "tmax_d0": 25.4, "tmax_d1": 27.7, "tmax_d2": 29.4, "tmax_d3": 27.3, "tmax_d4": 24.1, "tmax_d5": 22.5, "tmax_d6": 29.7, "tmin_d0": 13.7, "tmin_d1": 12.1, "tmin_d2": 9.3, "tmin_d3": 8.3, "tmin_d4": 9.7, "tmin_d5": 10.3, "tmin_d6": 11.2, "day_of_year": 266, "uuid": "6309e856-fcd2-4308-a46d-4e197108cf56", "inat_id": 1985818}}, {"type": "Feature", "geometry": {"type": "Point", "coordinates": [-105.251442, 39.97223]}, "properties": {"species": "Marasmius oreades", "date": "2016-07-18", "location": "Harlow Platts Park", "elevation": 1676.0, "land_cover_label": "Grassland", "water_mask": false, "exclude_reason": "keep", "ndvi": null, "soil_moisture": 0.1499790819902504, "solar_exposure": 0.8490632176399231, "wind_exposure": 0.295102059841156, "water_retention": 0.3928660154342651, "slope": 2.607444524765014, "aspect": 110.95101165771484, "num_identification_agreements": 2, "cluster": 0, "tavg": null, "tmin": 16.0, "tmax": 30.0, "prcp_d0": 0.0, "prcp_d1": 0.0, "prcp_d2": 0.0, "prcp_d3": 0.0, "prcp_d4": 0.0, "prcp_d5": 0.0, "prcp_d6": 0.0, "tmax_d0": 30.1, "tmax_d1": 30.0, "tmax_d2": 30.3, "tmax_d3": 29.1, "tmax_d4": 29.3, "tmax_d5": 29.5, "tmax_d6": 30.0, "tmin_d0": 15.3, "tmin_d1": 14.2, "tmin_d2": 12.8, "tmin_d3": 13.4, "tmin_d4": 13.7, "tmin_d5": 13.6, "tmin_d6": 13.1, "day_of_year": 200, "uuid": "895f2d98-17eb-405d-b828-96d41e052cb0", "inat_id": 3754271}}, {"type": "Feature", "geometry": {"type": "Point", "coordinates": [-99.7896, 38.99785]}, "properties": {"species": "Marasmius oreades", "date": "2016-08-10", "location": "Rest Area I-70 Westbound, Ogallah, Kansas, USA", "elevation": 745.0, "land_cover_label": "Cropland", "water_mask": false, "exclude_reason": "keep", "ndvi": null, "soil_moisture": null, "solar_exposure": null, "wind_exposure": null, "water_retention": null, "slope": null, "aspect": null, "num_identification_agreements": 1, "cluster": 0, "tavg": null, "tmin": 22.2, "tmax": 35.0, "prcp_d0": 0.0, "prcp_d1": 0.0, "prcp_d2": 0.0, "prcp_d3": 30.40559959411621, "prcp_d4": 0.0, "prcp_d5": 18.6254997253418, "prcp_d6": 0.0, "tmax_d0": 33.4, "tmax_d1": 31.8, "tmax_d2": 27.5, "tmax_d3": 26.5, "tmax_d4": 24.4, "tmax_d5": 28.4, "tmax_d6": 35.0, "tmin_d0": 23.2, "tmin_d1": 21.7, "tmin_d2": 19.7, "tmin_d3": 19.7, "tmin_d4": 18.8, "tmin_d5": 17.8, "tmin_d6": 25.7, "day_of_year": 223, "uuid": "957b1d68-84a5-4150-a76f-153accb7ee99", "inat_id": 7001446}}, {"type": "Feature", "geometry": {"type": "Point", "coordinates": [-109.5121780649, 40.4664464125]}, "properties": {"species": "Marasmius oreades", "date": "2016-08-19", "location": "Uintah County, US-UT, US", "elevation": 1605.0, "land_cover_label": "Grassland", "water_mask": false, "exclude_reason": "keep", "ndvi": null, "soil_moisture": null, "solar_exposure": null, "wind_exposure": null, "water_retention": null, "slope": null, "aspect": null, "num_identification_agreements": 2, "cluster": 0, "tavg": null, "tmin": 10.0, "tmax": 30.0, "prcp_d0": 0.0, "prcp_d1": 1.784082055091858, "prcp_d2": 0.0, "prcp_d3": 0.0, "prcp_d4": 0.0, "prcp_d5": 0.0, "prcp_d6": 0.0, "tmax_d0": 30.5, "tmax_d1": 30.5, "tmax_d2": 32.4, "tmax_d3": 30.9, "tmax_d4": 32.2, "tmax_d5": 32.4, "tmax_d6": 30.7, "tmin_d0": 13.5, "tmin_d1": 16.1, "tmin_d2": 18.9, "tmin_d3": 14.8, "tmin_d4": 15.2, "tmin_d5": 13.4, "tmin_d6": 12.7, "day_of_year": 232, "uuid": "57d56ce3-c142-47ff-9e0a-14abf71f2f3c", "inat_id": 3916406}}, {"type": "Feature", "geometry": {"type": "Point", "coordinates": [-105.2470333333, 39.9757583333]}, "properties": {"species": "Marasmius oreades", "date": "2017-08-12", "location": "Viele Park, Boulder, CO, US", "elevation": 1678.0, "land_cover_label": "Grassland", "water_mask": false, "exclude_reason": "keep", "ndvi": null, "soil_moisture": 0.3924346120002016, "solar_exposure": 0.8299949169158936, "wind_exposure": 0.3319821655750274, "water_retention": 0.5058692693710327, "slope": 1.53419828414917, "aspect": 307.4436950683594, "num_identification_agreements": 1, "cluster": 3, "tavg": null, "tmin": 13.0, "tmax": 27.0, "prcp_d0": 0.0, "prcp_d1": 0.0, "prcp_d2": 11.940028190612791, "prcp_d3": 0.0, "prcp_d4": 0.0, "prcp_d5": 0.0, "prcp_d6": 0.0, "tmax_d0": 25.4, "tmax_d1": 21.8, "tmax_d2": 20.2, "tmax_d3": 21.1, "tmax_d4": 21.9, "tmax_d5": 19.9, "tmax_d6": 21.2, "tmin_d0": 11.3, "tmin_d1": 11.2, "tmin_d2": 12.0, "tmin_d3": 12.2, "tmin_d4": 11.0, "tmin_d5": 13.0, "tmin_d6": 13.1, "day_of_year": 224, "uuid": "39938629-54c3-470f-ac48-6e09ef494f32", "inat_id": 7498321}}, {"type": "Feature", "geometry": {"type": "Point", "coordinates": [-105.25135, 39.9714166667]}, "properties": {"species": "Marasmius oreades", "date": "2017-08-12", "location": "Harlow Platts Park, Boulder, CO, US", "elevation": 1676.0, "land_cover_label": "Grassland", "water_mask": false, "exclude_reason": "keep", "ndvi": null, "soil_moisture": 0.3925850117290529, "solar_exposure": 0.8137739300727844, "wind_exposure": 0.2849012613296509, "water_retention": 0.3545196950435638, "slope": 4.598011016845703, "aspect": 61.80705261230469, "num_identification_agreements": 1, "cluster": 0, "tavg": null, "tmin": 13.0, "tmax": 27.0, "prcp_d0": 0.0, "prcp_d1": 0.0, "prcp_d2": 8.816573143005371, "prcp_d3": 0.0, "prcp_d4": 0.0, "prcp_d5": 0.0, "prcp_d6": 0.0, "tmax_d0": 24.9, "tmax_d1": 21.5, "tmax_d2": 19.7, "tmax_d3": 21.1, "tmax_d4": 20.8, "tmax_d5": 19.3, "tmax_d6": 20.5, "tmin_d0": 11.9, "tmin_d1": 10.1, "tmin_d2": 11.9, "tmin_d3": 12.0, "tmin_d4": 10.9, "tmin_d5": 12.2, "tmin_d6": 12.4, "day_of_year": 224, "uuid": "285fac91-4b8f-469f-a2df-bb4e9536c99b", "inat_id": 7497615}}, {"type": "Feature", "geometry": {"type": "Point", "coordinates": [-105.2497633333, 39.9722966667]}, "properties": {"species": "Marasmius oreades", "date": "2017-08-12", "location": "Harlow Platts Park, Boulder, CO, US", "elevation": 1682.0, "land_cover_label": "Grassland", "water_mask": false, "exclude_reason": "keep", "ndvi": null, "soil_moisture": 0.3925538043715169, "solar_exposure": 0.8435428142547607, "wind_exposure": 0.3058052659034729, "water_retention": 0.5390752553939819, "slope": 0.5115081071853638, "aspect": 232.55630493164065, "num_identification_agreements": 2, "cluster": 3, "tavg": null, "tmin": 13.0, "tmax": 27.0, "prcp_d0": 0.0, "prcp_d1": 0.0, "prcp_d2": 11.940028190612791, "prcp_d3": 0.0, "prcp_d4": 0.0, "prcp_d5": 0.0, "prcp_d6": 0.0, "tmax_d0": 25.4, "tmax_d1": 21.8, "tmax_d2": 20.2, "tmax_d3": 21.1, "tmax_d4": 21.9, "tmax_d5": 19.9, "tmax_d6": 21.2, "tmin_d0": 11.3, "tmin_d1": 11.2, "tmin_d2": 12.0, "tmin_d3": 12.2, "tmin_d4": 11.0, "tmin_d5": 13.0, "tmin_d6": 13.1, "day_of_year": 224, "uuid": "278e9ca2-1727-466b-aa1c-a03d08de8f41", "inat_id": 7489164}}, {"type": "Feature", "geometry": {"type": "Point", "coordinates": [-104.8054366667, 39.6445283333]}, "properties": {"species": "Marasmius oreades", "date": "2018-09-30", "location": "Los Ninos Park, Aurora, CO, US", "elevation": 1742.0, "land_cover_label": "Grassland", "water_mask": false, "exclude_reason": "keep", "ndvi": null, "soil_moisture": 0.1314950314688624, "solar_exposure": 0.818612813949585, "wind_exposure": 0.3222694396972656, "water_retention": 0.3178760111331939, "slope": 3.39656400680542, "aspect": 56.72024154663086, "num_identification_agreements": 3, "cluster": 0, "tavg": null, "tmin": 3.7, "tmax": 18.3, "prcp_d0": 0.0, "prcp_d1": 8.705070495605469, "prcp_d2": 0.0, "prcp_d3": 0.0, "prcp_d4": 0.0, "prcp_d5": 0.0, "prcp_d6": 4.7970380783081055, "tmax_d0": 23.8, "tmax_d1": 29.5, "tmax_d2": 23.4, "tmax_d3": 25.2, "tmax_d4": 21.4, "tmax_d5": 21.8, "tmax_d6": 27.0, "tmin_d0": 6.7, "tmin_d1": 4.6, "tmin_d2": 5.8, "tmin_d3": 7.6, "tmin_d4": 6.8, "tmin_d5": 5.8, "tmin_d6": 12.1, "day_of_year": 273, "uuid": "07df8dc6-477d-4113-812c-b3d2c7b4b738", "inat_id": 18867565}}, {"type": "Feature", "geometry": {"type": "Point", "coordinates": [-105.3534166667, 40.220295]}, "properties": {"species": "Marasmius oreades", "date": "2019-07-04", "location": "4223 Longmont Dam Rd, Lyons, CO, US", "elevation": 1962.0, "land_cover_label": "Tree cover", "water_mask": false, "exclude_reason": "keep", "ndvi": null, "soil_moisture": 0.3180795405926908, "solar_exposure": 0.7798000574111938, "wind_exposure": 0.3223944008350372, "water_retention": 0.2879222929477691, "slope": 5.287441730499268, "aspect": 355.6073608398437, "num_identification_agreements": 1, "cluster": 0, "tavg": null, "tmin": null, "tmax": null, "prcp_d0": 0.0, "prcp_d1": 0.0, "prcp_d2": 5.875434875488281, "prcp_d3": 11.750869750976562, "prcp_d4": 1.799596667289734, "prcp_d5": 0.0, "prcp_d6": 0.0, "tmax_d0": 26.8, "tmax_d1": 27.7, "tmax_d2": 26.5, "tmax_d3": 24.7, "tmax_d4": 28.7, "tmax_d5": 29.5, "tmax_d6": 30.0, "tmin_d0": 12.2, "tmin_d1": 13.2, "tmin_d2": 10.8, "tmin_d3": 12.9, "tmin_d4": 13.0, "tmin_d5": 12.5, "tmin_d6": 11.4, "day_of_year": 185, "uuid": "5c50e91a-9097-4d7f-b94e-7c68931fe6a5", "inat_id": 28258704}}, {"type": "Feature", "geometry": {"type": "Point", "coordinates": [-104.800051488, 38.8178749246]}, "properties": {"species": "Marasmius oreades", "date": "2019-08-24", "location": "Colorado Springs, CO 80903, USA", "elevation": 1842.0, "land_cover_label": "Tree cover", "water_mask": false, "exclude_reason": "keep", "ndvi": null, "soil_moisture": null, "solar_exposure": null, "wind_exposure": null, "water_retention": null, "slope": null, "aspect": null, "num_identification_agreements": 1, "cluster": 0, "tavg": null, "tmin": 10.6, "tmax": 29.4, "prcp_d0": 2.59165096282959, "prcp_d1": 2.59165096282959, "prcp_d2": 2.59165096282959, "prcp_d3": 2.59165096282959, "prcp_d4": 0.0, "prcp_d5": 0.0, "prcp_d6": 0.0, "tmax_d0": 28.6, "tmax_d1": 29.7, "tmax_d2": 28.4, "tmax_d3": 31.5, "tmax_d4": 33.2, "tmax_d5": 32.9, "tmax_d6": 31.3, "tmin_d0": 11.2, "tmin_d1": 16.3, "tmin_d2": 15.1, "tmin_d3": 17.3, "tmin_d4": 16.7, "tmin_d5": 15.5, "tmin_d6": 13.7, "day_of_year": 236, "uuid": "0ee28d63-bfb2-423c-bb4b-a5b9cce31587", "inat_id": 32004024}}, {"type": "Feature", "geometry": {"type": "Point", "coordinates": [-105.283905, 40.0091638833]}, "properties": {"species": "Marasmius oreades", "date": "2019-09-11", "location": "Columbia Cemetery, Boulder, CO, US", "elevation": 1665.0, "land_cover_label": "Grassland", "water_mask": false, "exclude_reason": "keep", "ndvi": null, "soil_moisture": 0.2131399971217543, "solar_exposure": 0.8056229948997498, "wind_exposure": 0.308916300535202, "water_retention": 0.5494900941848755, "slope": 3.210911750793457, "aspect": 345.3626708984375, "num_identification_agreements": 1, "cluster": 3, "tavg": null, "tmin": 12.7, "tmax": 23.7, "prcp_d0": 0.0, "prcp_d1": 0.0, "prcp_d2": 26.88227844238281, "prcp_d3": 0.0, "prcp_d4": 0.0, "prcp_d5": 0.0, "prcp_d6": 0.0, "tmax_d0": 24.9, "tmax_d1": 26.1, "tmax_d2": 26.4, "tmax_d3": 28.4, "tmax_d4": 30.7, "tmax_d5": 27.1, "tmax_d6": 32.8, "tmin_d0": 12.3, "tmin_d1": 13.9, "tmin_d2": 11.9, "tmin_d3": 11.4, "tmin_d4": 16.2, "tmin_d5": 15.7, "tmin_d6": 19.3, "day_of_year": 254, "uuid": "6128efdf-f1b1-491c-85c5-56cf81a6c56b", "inat_id": 32584294}}, {"type": "Feature", "geometry": {"type": "Point", "coordinates": [-105.11661667, 40.13833883]}, "properties": {"species": "Marasmius oreades", "date": "2020-06-24", "location": "Missouri Ave, Longmont, CO, US", "elevation": 1524.0, "land_cover_label": "Bare / sparse vegetation", "water_mask": false, "exclude_reason": "keep", "ndvi": null, "soil_moisture": 0.2012236134992956, "solar_exposure": 0.8499361872673035, "wind_exposure": 0.3252329528331756, "water_retention": 0.3119844198226928, "slope": 1.2368242740631104, "aspect": 221.0424041748047, "num_identification_agreements": 1, "cluster": 0, "tavg": null, "tmin": 13.5, "tmax": 35.0, "prcp_d0": 1.1823726892471311, "prcp_d1": 0.0, "prcp_d2": 0.0, "prcp_d3": 2.3647453784942627, "prcp_d4": 0.0, "prcp_d5": 13.562999725341797, "prcp_d6": 0.0, "tmax_d0": 30.5, "tmax_d1": 26.7, "tmax_d2": 25.9, "tmax_d3": 26.8, "tmax_d4": 28.9, "tmax_d5": 19.9, "tmax_d6": 31.2, "tmin_d0": 12.5, "tmin_d1": 12.1, "tmin_d2": 12.2, "tmin_d3": 14.8, "tmin_d4": 7.0, "tmin_d5": 11.6, "tmin_d6": 11.7, "day_of_year": 176, "uuid": "339c9bf3-2e49-4d01-b316-9e1665b646c5", "inat_id": 50806803}}, {"type": "Feature", "geometry": {"type": "Point", "coordinates": [-106.2939538, 42.8310578]}, "properties": {"species": "Marasmius oreades", "date": "2020-08-18", "location": "Casper", "elevation": 1607.0, "land_cover_label": "Grassland", "water_mask": false, "exclude_reason": "keep", "ndvi": null, "soil_moisture": null, "solar_exposure": null, "wind_exposure": null, "water_retention": null, "slope": null, "aspect": null, "num_identification_agreements": 1, "cluster": 0, "tavg": null, "tmin": 11.1, "tmax": 36.1, "prcp_d0": 0.0, "prcp_d1": 0.0, "prcp_d2": 0.0, "prcp_d3": 0.0, "prcp_d4": 0.0, "prcp_d5": 0.0, "prcp_d6": 0.0, "tmax_d0": 34.0, "tmax_d1": 33.2, "tmax_d2": 30.8, "tmax_d3": 30.5, "tmax_d4": 31.6, "tmax_d5": 32.8, "tmax_d6": 32.1, "tmin_d0": 17.8, "tmin_d1": 15.7, "tmin_d2": 17.2, "tmin_d3": 14.4, "tmin_d4": 11.4, "tmin_d5": 19.1, "tmin_d6": 19.1, "day_of_year": 231, "uuid": "e6446bd0-2c71-4661-81ae-2e19ab24a3cf", "inat_id": 56799097}}, {"type": "Feature", "geometry": {"type": "Point", "coordinates": [-105.2060869709, 40.0070812192]}, "properties": {"species": "Marasmius oreades", "date": "2021-05-09", "location": "Sombrero Ranch, CO 80303, USA", "elevation": 1618.0, "land_cover_label": "Tree cover", "water_mask": false, "exclude_reason": "keep", "ndvi": null, "soil_moisture": 0.3411282791893572, "solar_exposure": 0.8159860372543335, "wind_exposure": 0.3365299701690674, "water_retention": 0.3056858777999878, "slope": 2.714247703552246, "aspect": 323.26904296875, "num_identification_agreements": 1, "cluster": 0, "tavg": null, "tmin": 3.0, "tmax": 10.0, "prcp_d0": 7.119245052337647, "prcp_d1": 0.0, "prcp_d2": 0.0, "prcp_d3": 0.0, "prcp_d4": 0.0, "prcp_d5": 0.0, "prcp_d6": 17.982219696044922, "tmax_d0": 16.2, "tmax_d1": 22.4, "tmax_d2": 24.8, "tmax_d3": 17.1, "tmax_d4": 10.8, "tmax_d5": 10.7, "tmax_d6": 14.3, "tmin_d0": 2.6, "tmin_d1": 5.1, "tmin_d2": 3.2, "tmin_d3": 2.9, "tmin_d4": 1.7, "tmin_d5": 1.5, "tmin_d6": 3.0, "day_of_year": 129, "uuid": "2e8f34ef-a91f-4409-89f1-2e18ab40235b", "inat_id": 78149729}}, {"type": "Feature", "geometry": {"type": "Point", "coordinates": [-105.1282416667, 39.849575]}, "properties": {"species": "Marasmius oreades", "date": "2021-05-18", "location": "Michael Northey Park, Arvada, CO, US", "elevation": 1711.0, "land_cover_label": "Tree cover", "water_mask": false, "exclude_reason": "keep", "ndvi": null, "soil_moisture": 0.4174686473397841, "solar_exposure": 0.825517475605011, "wind_exposure": 0.3268832862377167, "water_retention": 0.296708345413208, "slope": 3.100092649459839, "aspect": 66.3667221069336, "num_identification_agreements": 1, "cluster": 0, "tavg": null, "tmin": 8.0, "tmax": 14.0, "prcp_d0": 0.0, "prcp_d1": 19.85152816772461, "prcp_d2": 3.3085877895355225, "prcp_d3": 0.0, "prcp_d4": 5.311124801635742, "prcp_d5": 0.0, "prcp_d6": 0.0, "tmax_d0": 13.9, "tmax_d1": 14.8, "tmax_d2": 15.7, "tmax_d3": 16.4, "tmax_d4": 18.6, "tmax_d5": 20.5, "tmax_d6": 13.6, "tmin_d0": 6.0, "tmin_d1": 7.6, "tmin_d2": 6.9, "tmin_d3": 6.9, "tmin_d4": 3.5, "tmin_d5": 1.3, "tmin_d6": -6.6, "day_of_year": 138, "uuid": "38025317-0456-49bf-91fb-3d8a991bbe84", "inat_id": 79349352}}, {"type": "Feature", "geometry": {"type": "Point", "coordinates": [-105.1295152778, 39.7742545]}, "properties": {"species": "Marasmius oreades", "date": "2021-05-19", "location": "Fruitdale, Wheat Ridge, CO 80033, USA", "elevation": 1652.0, "land_cover_label": "Tree cover", "water_mask": false, "exclude_reason": "keep", "ndvi": null, "soil_moisture": 0.3985930279821331, "solar_exposure": 0.8331862092018127, "wind_exposure": 0.3294432163238525, "water_retention": 0.2889991402626037, "slope": 1.73896324634552, "aspect": 290.9510192871094, "num_identification_agreements": 1, "cluster": 0, "tavg": null, "tmin": 8.0, "tmax": 22.0, "prcp_d0": 0.0, "prcp_d1": 3.65667724609375, "prcp_d2": 14.626708984375, "prcp_d3": 3.65667724609375, "prcp_d4": 0.0, "prcp_d5": 6.143035411834717, "prcp_d6": 0.0, "tmax_d0": 19.4, "tmax_d1": 13.6, "tmax_d2": 15.0, "tmax_d3": 16.5, "tmax_d4": 17.3, "tmax_d5": 19.5, "tmax_d6": 21.5, "tmin_d0": 3.6, "tmin_d1": 6.5, "tmin_d2": 7.8, "tmin_d3": 6.9, "tmin_d4": 7.8, "tmin_d5": 2.9, "tmin_d6": 1.2, "day_of_year": 139, "uuid": "43fa32cb-dfd5-4059-af6e-52f3003ad57e", "inat_id": 79477468}}, {"type": "Feature", "geometry": {"type": "Point", "coordinates": [-105.0902111667, 39.4953283333]}, "properties": {"species": "Marasmius oreades", "date": "2021-05-19", "location": "Chatfield State Park, Littleton, CO, US", "elevation": 1678.0, "land_cover_label": "Grassland", "water_mask": false, "exclude_reason": "keep", "ndvi": null, "soil_moisture": 0.4179154506202928, "solar_exposure": 0.8261575102806091, "wind_exposure": 0.3000851571559906, "water_retention": 0.3612950146198272, "slope": 2.379994630813598, "aspect": 58.50780487060547, "num_identification_agreements": 1, "cluster": 0, "tavg": null, "tmin": 7.2, "tmax": 21.1, "prcp_d0": 0.0, "prcp_d1": 0.0, "prcp_d2": 17.846290588378906, "prcp_d3": 4.461572647094727, "prcp_d4": 0.0, "prcp_d5": 0.0, "prcp_d6": 0.0, "tmax_d0": 20.9, "tmax_d1": 13.6, "tmax_d2": 16.6, "tmax_d3": 16.4, "tmax_d4": 19.2, "tmax_d5": 20.2, "tmax_d6": 21.7, "tmin_d0": 4.7, "tmin_d1": 6.9, "tmin_d2": 7.9, "tmin_d3": 7.0, "tmin_d4": 7.8, "tmin_d5": 4.1, "tmin_d6": 0.4, "day_of_year": 139, "uuid": "1f7dc995-d32f-4164-95a9-06f9c7849541", "inat_id": 79570352}}, {"type": "Feature", "geometry": {"type": "Point", "coordinates": [-105.0899964714, 39.4950337865]}, "properties": {"species": "Marasmius oreades", "date": "2021-05-20", "location": "Chatfield State Park, Littleton, CO, US", "elevation": 1678.0, "land_cover_label": "Grassland", "water_mask": false, "exclude_reason": "keep", "ndvi": null, "soil_moisture": 0.3840523091985908, "solar_exposure": 0.8261575102806091, "wind_exposure": 0.3000851571559906, "water_retention": 0.3612950146198272, "slope": 2.379994630813598, "aspect": 58.50780487060547, "num_identification_agreements": 1, "cluster": 0, "tavg": null, "tmin": 10.6, "tmax": 25.6, "prcp_d0": 0.0, "prcp_d1": 0.0, "prcp_d2": 0.0, "prcp_d3": 17.846290588378906, "prcp_d4": 4.461572647094727, "prcp_d5": 0.0, "prcp_d6": 0.0, "tmax_d0": 25.8, "tmax_d1": 20.9, "tmax_d2": 13.6, "tmax_d3": 16.6, "tmax_d4": 16.4, "tmax_d5": 19.2, "tmax_d6": 20.2, "tmin_d0": 4.9, "tmin_d1": 4.7, "tmin_d2": 6.9, "tmin_d3": 7.9, "tmin_d4": 7.0, "tmin_d5": 7.8, "tmin_d6": 4.1, "day_of_year": 140, "uuid": "0173c04d-181e-4971-bd19-3f94b98780e4", "inat_id": 79551345}}, {"type": "Feature", "geometry": {"type": "Point", "coordinates": [-105.0902614743, 39.4953563812]}, "properties": {"species": "Marasmius oreades", "date": "2021-05-20", "location": "ROXBOROUGH, CO 80125, USA", "elevation": 1678.0, "land_cover_label": "Grassland", "water_mask": false, "exclude_reason": "keep", "ndvi": null, "soil_moisture": 0.3840596830484222, "solar_exposure": 0.8261575102806091, "wind_exposure": 0.3000851571559906, "water_retention": 0.3612950146198272, "slope": 2.379994630813598, "aspect": 58.50780487060547, "num_identification_agreements": 1, "cluster": 0, "tavg": null, "tmin": 10.6, "tmax": 25.6, "prcp_d0": 0.0, "prcp_d1": 0.0, "prcp_d2": 0.0, "prcp_d3": 17.846290588378906, "prcp_d4": 4.461572647094727, "prcp_d5": 0.0, "prcp_d6": 0.0, "tmax_d0": 25.8, "tmax_d1": 20.9, "tmax_d2": 13.6, "tmax_d3": 16.6, "tmax_d4": 16.4, "tmax_d5": 19.2, "tmax_d6": 20.2, "tmin_d0": 4.9, "tmin_d1": 4.7, "tmin_d2": 6.9, "tmin_d3": 7.9, "tmin_d4": 7.0, "tmin_d5": 7.8, "tmin_d6": 4.1, "day_of_year": 140, "uuid": "e2f859f1-9ce8-414f-87b6-6d7d6518e75f", "inat_id": 79551998}}, {"type": "Feature", "geometry": {"type": "Point", "coordinates": [-104.8122716667, 39.7999533333]}, "properties": {"species": "Marasmius oreades", "date": "2021-05-31", "location": "Rocky Mountain Arsenal National Wildlife Refuge, Denver, CO, US", "elevation": 1622.0, "land_cover_label": "Grassland", "water_mask": false, "exclude_reason": "keep", "ndvi": null, "soil_moisture": 0.3424053251720566, "solar_exposure": 0.8402569890022278, "wind_exposure": 0.3195811808109283, "water_retention": 0.5182901620864868, "slope": 0.4061164557933807, "aspect": 90.0, "num_identification_agreements": 2, "cluster": 3, "tavg": null, "tmin": 8.5, "tmax": 15.9, "prcp_d0": 9.388309478759766, "prcp_d1": 9.388309478759766, "prcp_d2": 0.0, "prcp_d3": 0.0, "prcp_d4": 0.0, "prcp_d5": 0.0, "prcp_d6": 0.0, "tmax_d0": 15.4, "tmax_d1": 17.6, "tmax_d2": 23.5, "tmax_d3": 27.3, "tmax_d4": 23.2, "tmax_d5": 26.5, "tmax_d6": 23.2, "tmin_d0": 7.1, "tmin_d1": 11.5, "tmin_d2": 10.2, "tmin_d3": 6.4, "tmin_d4": 10.0, "tmin_d5": 13.0, "tmin_d6": 7.3, "day_of_year": 151, "uuid": "ce2118c0-b287-4264-bb9c-e68bbfaa0622", "inat_id": 81522275}}, {"type": "Feature", "geometry": {"type": "Point", "coordinates": [-105.5806110137, 41.3083474346]}, "properties": {"species": "Marasmius oreades", "date": "2021-06-18", "location": "E Custer St, Laramie, WY, US", "elevation": 2194.0, "land_cover_label": "Tree cover", "water_mask": false, "exclude_reason": "keep", "ndvi": null, "soil_moisture": 0.067919388645953, "solar_exposure": 0.8434614539146423, "wind_exposure": 0.3217577040195465, "water_retention": 0.3357356488704681, "slope": 0.8696818947792053, "aspect": 110.95101165771484, "num_identification_agreements": 1, "cluster": 0, "tavg": null, "tmin": null, "tmax": null, "prcp_d0": 0.0, "prcp_d1": 0.0, "prcp_d2": 0.0, "prcp_d3": 0.0, "prcp_d4": 4.679574489593506, "prcp_d5": 0.0, "prcp_d6": 0.0, "tmax_d0": 30.3, "tmax_d1": 31.8, "tmax_d2": 31.9, "tmax_d3": 34.0, "tmax_d4": 32.6, "tmax_d5": 30.0, "tmax_d6": 29.2, "tmin_d0": 14.2, "tmin_d1": 16.7, "tmin_d2": 16.2, "tmin_d3": 15.9, "tmin_d4": 15.0, "tmin_d5": 11.5, "tmin_d6": 8.8, "day_of_year": 169, "uuid": "8c338726-ac39-405a-be50-9a7b5394a5f9", "inat_id": 83806896}}, {"type": "Feature", "geometry": {"type": "Point", "coordinates": [-105.2874189722, 36.3683419722]}, "properties": {"species": "Marasmius oreades", "date": "2021-06-29", "location": "Angel Fire, NM, USA", "elevation": 2603.0, "land_cover_label": "Grassland", "water_mask": false, "exclude_reason": "keep", "ndvi": null, "soil_moisture": null, "solar_exposure": null, "wind_exposure": null, "water_retention": null, "slope": null, "aspect": null, "num_identification_agreements": 1, "cluster": 0, "tavg": null, "tmin": 8.0, "tmax": 10.8, "prcp_d0": 0.0, "prcp_d1": 0.0, "prcp_d2": 0.0, "prcp_d3": 0.0, "prcp_d4": 0.0, "prcp_d5": 0.0, "prcp_d6": 0.0, "tmax_d0": 12.4, "tmax_d1": 13.8, "tmax_d2": 12.1, "tmax_d3": 18.2, "tmax_d4": 21.0, "tmax_d5": 23.6, "tmax_d6": 26.8, "tmin_d0": 7.2, "tmin_d1": 7.2, "tmin_d2": 7.6, "tmin_d3": 5.3, "tmin_d4": 8.7, "tmin_d5": 10.2, "tmin_d6": 14.0, "day_of_year": 180, "uuid": "e1a2c02a-5e35-49d2-803b-2c14ffd47211", "inat_id": 84985255}}, {"type": "Feature", "geometry": {"type": "Point", "coordinates": [-106.4925451938, 35.8547940929]}, "properties": {"species": "Marasmius oreades", "date": "2021-08-01", "location": "Sandoval County, NM, USA", "elevation": 2606.0, "land_cover_label": "Grassland", "water_mask": false, "exclude_reason": "keep", "ndvi": null, "soil_moisture": null, "solar_exposure": null, "wind_exposure": null, "water_retention": null, "slope": null, "aspect": null, "num_identification_agreements": 1, "cluster": 0, "tavg": null, "tmin": 15.5, "tmax": 23.3, "prcp_d0": 0.0, "prcp_d1": 0.0, "prcp_d2": 0.0, "prcp_d3": 0.0, "prcp_d4": 6.352875709533691, "prcp_d5": 0.0, "prcp_d6": 6.352875709533691, "tmax_d0": 19.3, "tmax_d1": 23.2, "tmax_d2": 22.7, "tmax_d3": 22.2, "tmax_d4": 22.6, "tmax_d5": 21.2, "tmax_d6": 21.0, "tmin_d0": 10.0, "tmin_d1": 10.6, "tmin_d2": 10.7, "tmin_d3": 10.4, "tmin_d4": 11.0, "tmin_d5": 11.4, "tmin_d6": 10.5, "day_of_year": 213, "uuid": "ac96bc25-1c64-4d8c-bc36-6b0195b33a42", "inat_id": 89619415}}, {"type": "Feature", "geometry": {"type": "Point", "coordinates": [-122.2115727505, 45.3805337364]}, "properties": {"species": "Marasmius oreades", "date": "2021-10-22", "location": "Oregon, US", "elevation": 370.0, "land_cover_label": "Tree cover", "water_mask": false, "exclude_reason": "keep", "ndvi": null, "soil_moisture": null, "solar_exposure": null, "wind_exposure": null, "water_retention": null, "slope": null, "aspect": null, "num_identification_agreements": 2, "cluster": 1, "tavg": null, "tmin": 10.6, "tmax": 15.0, "prcp_d0": 35.367095947265625, "prcp_d1": 0.0, "prcp_d2": 11.03311252593994, "prcp_d3": 0.0, "prcp_d4": 0.0, "prcp_d5": 22.066225051879883, "prcp_d6": 0.0, "tmax_d0": 16.5, "tmax_d1": 21.5, "tmax_d2": 16.7, "tmax_d3": 17.7, "tmax_d4": 13.2, "tmax_d5": 16.2, "tmax_d6": 17.7, "tmin_d0": 8.1, "tmin_d1": 10.8, "tmin_d2": 9.3, "tmin_d3": 4.1, "tmin_d4": 7.4, "tmin_d5": 4.9, "tmin_d6": 3.5, "day_of_year": 295, "uuid": "a915c2a1-6bf2-45ca-804a-085158abf63b", "inat_id": 99007421}}, {"type": "Feature", "geometry": {"type": "Point", "coordinates": [-104.7800319849, 38.8362540916]}, "properties": {"species": "Marasmius oreades", "date": "2022-08-16", "location": "E Bijou St, Colorado Springs, CO, US", "elevation": 1872.0, "land_cover_label": "Bare / sparse vegetation", "water_mask": false, "exclude_reason": "keep", "ndvi": null, "soil_moisture": null, "solar_exposure": null, "wind_exposure": null, "water_retention": null, "slope": null, "aspect": null, "num_identification_agreements": 1, "cluster": 0, "tavg": null, "tmin": 15.0, "tmax": 23.3, "prcp_d0": 27.847373962402344, "prcp_d1": 0.0, "prcp_d2": 0.0, "prcp_d3": 0.0, "prcp_d4": 0.0, "prcp_d5": 0.0, "prcp_d6": 0.0, "tmax_d0": 23.3, "tmax_d1": 29.8, "tmax_d2": 34.3, "tmax_d3": 32.2, "tmax_d4": 32.4, "tmax_d5": 30.7, "tmax_d6": 28.8, "tmin_d0": 16.1, "tmin_d1": 17.2, "tmin_d2": 16.7, "tmin_d3": 16.5, "tmin_d4": 15.5, "tmin_d5": 17.0, "tmin_d6": 14.8, "day_of_year": 228, "uuid": "dd2f6c5b-81c1-47a7-bf54-2e561c20b0df", "inat_id": 131145899}}, {"type": "Feature", "geometry": {"type": "Point", "coordinates": [-105.4431943566, 39.6113569608]}, "properties": {"species": "Marasmius oreades", "date": "2022-08-24", "location": "Ranch Trail, Evergreen, CO, US", "elevation": 2476.0, "land_cover_label": "Tree cover", "water_mask": false, "exclude_reason": "keep", "ndvi": null, "soil_moisture": 0.3756270243676327, "solar_exposure": 0.8318983316421509, "wind_exposure": 0.2629666328430176, "water_retention": 0.2923976480960846, "slope": 3.3043196201324463, "aspect": 79.1623306274414, "num_identification_agreements": 1, "cluster": 0, "tavg": null, "tmin": 0.8, "tmax": 12.1, "prcp_d0": 0.0, "prcp_d1": 0.0, "prcp_d2": 0.0, "prcp_d3": 0.0, "prcp_d4": 8.553577423095703, "prcp_d5": 0.0, "prcp_d6": 0.0, "tmax_d0": 21.2, "tmax_d1": 20.7, "tmax_d2": 19.2, "tmax_d3": 17.6, "tmax_d4": 17.4, "tmax_d5": 19.3, "tmax_d6": 21.9, "tmin_d0": 7.9, "tmin_d1": 8.3, "tmin_d2": 9.4, "tmin_d3": 7.8, "tmin_d4": 10.2, "tmin_d5": 9.2, "tmin_d6": 9.1, "day_of_year": 236, "uuid": "91acb24b-7316-4297-ad59-42f0eb2ab5d5", "inat_id": 160862788}}, {"type": "Feature", "geometry": {"type": "Point", "coordinates": [-104.8316914961, 38.7779996133]}, "properties": {"species": "Marasmius oreades", "date": "2022-09-22", "location": "Colorado Springs, CO 80906, USA", "elevation": 1846.0, "land_cover_label": "Grassland", "water_mask": false, "exclude_reason": "keep", "ndvi": null, "soil_moisture": null, "solar_exposure": null, "wind_exposure": null, "water_retention": null, "slope": null, "aspect": null, "num_identification_agreements": 2, "cluster": 0, "tavg": null, "tmin": 7.3, "tmax": 16.4, "prcp_d0": 0.0, "prcp_d1": 0.0, "prcp_d2": 0.0, "prcp_d3": 0.0, "prcp_d4": 0.0, "prcp_d5": 0.0, "prcp_d6": 0.0, "tmax_d0": 17.3, "tmax_d1": 28.3, "tmax_d2": 30.9, "tmax_d3": 28.8, "tmax_d4": 28.5, "tmax_d5": 24.8, "tmax_d6": 26.2, "tmin_d0": 6.7, "tmin_d1": 16.1, "tmin_d2": 12.6, "tmin_d3": 11.5, "tmin_d4": 9.4, "tmin_d5": 10.9, "tmin_d6": 10.0, "day_of_year": 265, "uuid": "83e87f42-5f73-4bf2-a3bc-4cfec28e7495", "inat_id": 136105758}}, {"type": "Feature", "geometry": {"type": "Point", "coordinates": [-105.0092, 39.5383533333]}, "properties": {"species": "Marasmius oreades", "date": "2023-05-18", "location": "Westridge, Highlands Ranch, CO, US", "elevation": 1724.0, "land_cover_label": "Bare / sparse vegetation", "water_mask": false, "exclude_reason": "keep", "ndvi": null, "soil_moisture": 0.346376295783763, "solar_exposure": 0.8367233872413635, "wind_exposure": 0.3081643283367157, "water_retention": 0.6127718687057495, "slope": 1.2572333812713623, "aspect": 75.68069458007812, "num_identification_agreements": 1, "cluster": 3, "tavg": null, "tmin": 8.9, "tmax": 17.2, "prcp_d0": 0.0, "prcp_d1": 0.0, "prcp_d2": 0.0, "prcp_d3": 0.0, "prcp_d4": 0.0, "prcp_d5": 0.0, "prcp_d6": 47.48899459838867, "tmax_d0": 20.3, "tmax_d1": 23.2, "tmax_d2": 22.8, "tmax_d3": 17.5, "tmax_d4": 15.0, "tmax_d5": 15.1, "tmax_d6": 14.9, "tmin_d0": 7.3, "tmin_d1": 8.3, "tmin_d2": 6.0, "tmin_d3": 8.3, "tmin_d4": 8.3, "tmin_d5": 5.8, "tmin_d6": 6.5, "day_of_year": 138, "uuid": "bfb57dfc-7c22-47af-b734-9e40942d6843", "inat_id": 162388185}}, {"type": "Feature", "geometry": {"type": "Point", "coordinates": [-105.0885679945, 39.4949607902]}, "properties": {"species": "Marasmius oreades", "date": "2023-05-21", "location": "ROXBOROUGH, CO 80125, USA", "elevation": 1672.0, "land_cover_label": "Grassland", "water_mask": false, "exclude_reason": "keep", "ndvi": null, "soil_moisture": 0.3862239211237541, "solar_exposure": 0.8369393348693848, "wind_exposure": 0.298659086227417, "water_retention": 0.46499964594841, "slope": 0.5115081071853638, "aspect": 52.55630493164063, "num_identification_agreements": 1, "cluster": 3, "tavg": null, "tmin": 8.9, "tmax": 21.7, "prcp_d0": 0.0, "prcp_d1": 0.0, "prcp_d2": 0.0, "prcp_d3": 0.0, "prcp_d4": 0.0, "prcp_d5": 0.0, "prcp_d6": 0.0, "tmax_d0": 21.7, "tmax_d1": 18.3, "tmax_d2": 16.4, "tmax_d3": 18.1, "tmax_d4": 23.1, "tmax_d5": 23.6, "tmax_d6": 17.4, "tmin_d0": 6.7, "tmin_d1": 5.9, "tmin_d2": 8.9, "tmin_d3": 7.2, "tmin_d4": 8.3, "tmin_d5": 7.0, "tmin_d6": 8.3, "day_of_year": 141, "uuid": "83d9c371-75da-43d9-a105-730428f50fbc", "inat_id": 163004226}}, {"type": "Feature", "geometry": {"type": "Point", "coordinates": [-105.0501175225, 39.9205287874]}, "properties": {"species": "Marasmius oreades", "date": "2023-06-05", "location": "Westminster, CO 80020, USA", "elevation": 1620.0, "land_cover_label": "Grassland", "water_mask": false, "exclude_reason": "keep", "ndvi": null, "soil_moisture": 0.3842536577189611, "solar_exposure": 0.8525497317314148, "wind_exposure": 0.3318696916103363, "water_retention": 0.3145585060119629, "slope": 2.379994630813598, "aspect": 238.5077972412109, "num_identification_agreements": 1, "cluster": 0, "tavg": null, "tmin": 12.0, "tmax": 22.0, "prcp_d0": 0.0, "prcp_d1": 0.0, "prcp_d2": 0.0, "prcp_d3": 0.0, "prcp_d4": 0.0, "prcp_d5": 4.328855514526367, "prcp_d6": 0.0, "tmax_d0": 19.8, "tmax_d1": 16.8, "tmax_d2": 18.9, "tmax_d3": 20.6, "tmax_d4": 21.1, "tmax_d5": 24.7, "tmax_d6": 25.9, "tmin_d0": 10.9, "tmin_d1": 11.2, "tmin_d2": 10.8, "tmin_d3": 10.2, "tmin_d4": 11.3, "tmin_d5": 10.1, "tmin_d6": 9.9, "day_of_year": 156, "uuid": "2b53457d-a2d3-41a4-bd94-4e6ec2782916", "inat_id": 165819193}}, {"type": "Feature", "geometry": {"type": "Point", "coordinates": [-105.1242361667, 39.7745866667]}, "properties": {"species": "Marasmius oreades", "date": "2023-06-06", "location": "W 44th Ave, Wheat Ridge, CO, US", "elevation": 1652.0, "land_cover_label": "Bare / sparse vegetation", "water_mask": false, "exclude_reason": "keep", "ndvi": null, "soil_moisture": 0.3605062654185116, "solar_exposure": 0.812640905380249, "wind_exposure": 0.3139628767967224, "water_retention": 0.2576222717761993, "slope": 2.7681148052215576, "aspect": 26.091232299804688, "num_identification_agreements": 1, "cluster": 0, "tavg": null, "tmin": 11.0, "tmax": 23.0, "prcp_d0": 4.291762351989746, "prcp_d1": 0.0, "prcp_d2": 0.0, "prcp_d3": 17.11871337890625, "prcp_d4": 0.0, "prcp_d5": 0.0, "prcp_d6": 2.4352290630340576, "tmax_d0": 20.8, "tmax_d1": 18.4, "tmax_d2": 16.3, "tmax_d3": 17.7, "tmax_d4": 19.9, "tmax_d5": 21.6, "tmax_d6": 26.1, "tmin_d0": 7.6, "tmin_d1": 8.6, "tmin_d2": 11.0, "tmin_d3": 10.5, "tmin_d4": 8.9, "tmin_d5": 11.1, "tmin_d6": 8.8, "day_of_year": 157, "uuid": "845f5dc1-7877-42d2-b83e-89837ad0d25b", "inat_id": 166018623}}, {"type": "Feature", "geometry": {"type": "Point", "coordinates": [-105.1149666667, 40.3952966667]}, "properties": {"species": "Marasmius oreades", "date": "2023-06-06", "location": "N Wilson Ave, Loveland, CO, US", "elevation": 1526.0, "land_cover_label": "Bare / sparse vegetation", "water_mask": false, "exclude_reason": "keep", "ndvi": null, "soil_moisture": 0.3880402950332143, "solar_exposure": 0.8301293253898621, "wind_exposure": 0.3146871030330658, "water_retention": 0.4795330762863159, "slope": 1.2368242740631104, "aspect": 41.04240798950195, "num_identification_agreements": 1, "cluster": 3, "tavg": null, "tmin": 10.0, "tmax": 23.9, "prcp_d0": 2.165595293045044, "prcp_d1": 0.0, "prcp_d2": 0.0, "prcp_d3": 18.89805603027344, "prcp_d4": 0.0, "prcp_d5": 0.0, "prcp_d6": 2.497254133224488, "tmax_d0": 21.7, "tmax_d1": 21.5, "tmax_d2": 17.9, "tmax_d3": 20.0, "tmax_d4": 20.2, "tmax_d5": 20.1, "tmax_d6": 25.8, "tmin_d0": 9.0, "tmin_d1": 11.1, "tmin_d2": 12.3, "tmin_d3": 10.6, "tmin_d4": 11.5, "tmin_d5": 11.5, "tmin_d6": 9.5, "day_of_year": 157, "uuid": "8e1042c9-c669-4378-963c-a2566522c49a", "inat_id": 166116134}}, {"type": "Feature", "geometry": {"type": "Point", "coordinates": [-104.924705, 39.7312383333]}, "properties": {"species": "Marasmius oreades", "date": "2023-06-11", "location": "Palmer Elementary School, Denver, CO, US", "elevation": 1636.0, "land_cover_label": "Grassland", "water_mask": false, "exclude_reason": "keep", "ndvi": null, "soil_moisture": 0.2809958804009212, "solar_exposure": 0.8292713761329651, "wind_exposure": 0.3299715518951416, "water_retention": 0.355133056640625, "slope": 2.607444524765014, "aspect": 290.9510192871094, "num_identification_agreements": 1, "cluster": 0, "tavg": null, "tmin": 11.4, "tmax": 20.8, "prcp_d0": 2.8550796508789062, "prcp_d1": 6.262013912200928, "prcp_d2": 12.524027824401855, "prcp_d3": 0.0, "prcp_d4": 9.393021583557127, "prcp_d5": 3.131006956100464, "prcp_d6": 0.0, "tmax_d0": 20.3, "tmax_d1": 22.0, "tmax_d2": 23.7, "tmax_d3": 22.9, "tmax_d4": 21.9, "tmax_d5": 21.7, "tmax_d6": 20.3, "tmin_d0": 9.6, "tmin_d1": 9.7, "tmin_d2": 10.7, "tmin_d3": 10.5, "tmin_d4": 9.4, "tmin_d5": 9.0, "tmin_d6": 9.5, "day_of_year": 162, "uuid": "1f0b81ed-39ad-4de2-8f56-e075fcaa39d0", "inat_id": 166807062}}, {"type": "Feature", "geometry": {"type": "Point", "coordinates": [-103.0104773129, 42.710891864]}, "properties": {"species": "Marasmius oreades", "date": "2023-06-13", "location": "Dawes County, NE, USA", "elevation": 1170.0, "land_cover_label": "Grassland", "water_mask": false, "exclude_reason": "keep", "ndvi": null, "soil_moisture": null, "solar_exposure": null, "wind_exposure": null, "water_retention": null, "slope": null, "aspect": null, "num_identification_agreements": 1, "cluster": 0, "tavg": null, "tmin": 9.4, "tmax": 25.0, "prcp_d0": 0.0, "prcp_d1": 0.0, "prcp_d2": 0.0, "prcp_d3": 2.390216827392578, "prcp_d4": 4.780433654785156, "prcp_d5": 0.0, "prcp_d6": 0.0, "tmax_d0": 22.1, "tmax_d1": 21.4, "tmax_d2": 19.9, "tmax_d3": 24.4, "tmax_d4": 26.0, "tmax_d5": 27.6, "tmax_d6": 26.4, "tmin_d0": 11.4, "tmin_d1": 11.6, "tmin_d2": 11.9, "tmin_d3": 13.9, "tmin_d4": 16.9, "tmin_d5": 17.1, "tmin_d6": 15.9, "day_of_year": 164, "uuid": "a898d3cd-146c-448b-ba66-96f2696d31db", "inat_id": 193311710}}, {"type": "Feature", "geometry": {"type": "Point", "coordinates": [-105.4964002862, 40.6882265363]}, "properties": {"species": "Marasmius oreades", "date": "2023-06-14", "location": "Larimer County, CO, USA", "elevation": 2140.0, "land_cover_label": "Grassland", "water_mask": false, "exclude_reason": "keep", "ndvi": null, "soil_moisture": 0.4113136536410144, "solar_exposure": 0.7756156325340271, "wind_exposure": 0.2791115641593933, "water_retention": 0.2074651569128036, "slope": 5.808884620666504, "aspect": 16.1825008392334, "num_identification_agreements": 2, "cluster": 1, "tavg": null, "tmin": 9.4, "tmax": 25.0, "prcp_d0": 0.0, "prcp_d1": 0.0, "prcp_d2": 27.24336624145508, "prcp_d3": 0.0, "prcp_d4": 14.092982292175291, "prcp_d5": 7.046491146087647, "prcp_d6": 3.5232455730438232, "tmax_d0": 20.2, "tmax_d1": 15.8, "tmax_d2": 15.7, "tmax_d3": 15.7, "tmax_d4": 18.1, "tmax_d5": 20.2, "tmax_d6": 18.5, "tmin_d0": 5.5, "tmin_d1": 6.6, "tmin_d2": 7.5, "tmin_d3": 2.7, "tmin_d4": 7.2, "tmin_d5": 6.3, "tmin_d6": 8.1, "day_of_year": 165, "uuid": "8c379391-cf61-43e0-9e7b-e4ee7bf241bf", "inat_id": 167457661}}, {"type": "Feature", "geometry": {"type": "Point", "coordinates": [-105.49723, 39.932675]}, "properties": {"species": "Marasmius oreades", "date": "2023-06-14", "location": "Nederland, CO, US", "elevation": 2636.0, "land_cover_label": "Grassland", "water_mask": false, "exclude_reason": "keep", "ndvi": null, "soil_moisture": 0.4175844488265979, "solar_exposure": 0.8500182032585144, "wind_exposure": 0.3355568349361419, "water_retention": 0.3251533508300781, "slope": 1.0174397230148315, "aspect": 203.523178100586, "num_identification_agreements": 1, "cluster": 0, "tavg": null, "tmin": 10.0, "tmax": 26.0, "prcp_d0": 0.0, "prcp_d1": 0.0, "prcp_d2": 13.207511901855469, "prcp_d3": 0.0, "prcp_d4": 3.710845232009888, "prcp_d5": 9.27711296081543, "prcp_d6": 1.855422616004944, "tmax_d0": 15.2, "tmax_d1": 10.6, "tmax_d2": 10.2, "tmax_d3": 11.3, "tmax_d4": 14.5, "tmax_d5": 16.0, "tmax_d6": 14.1, "tmin_d0": 3.7, "tmin_d1": 1.2, "tmin_d2": 3.6, "tmin_d3": 2.3, "tmin_d4": 1.8, "tmin_d5": 3.2, "tmin_d6": 3.3, "day_of_year": 165, "uuid": "8de051e3-7450-4b05-93cd-f2759c8e65b6", "inat_id": 167571775}}, {"type": "Feature", "geometry": {"type": "Point", "coordinates": [-105.1284464376, 40.1942762265]}, "properties": {"species": "Marasmius oreades", "date": "2023-06-17", "location": "Boulder County, CO, USA", "elevation": 1546.0, "land_cover_label": "Grassland", "water_mask": false, "exclude_reason": "keep", "ndvi": null, "soil_moisture": 0.4312168242068793, "solar_exposure": 0.8400404453277588, "wind_exposure": 0.3199543356895447, "water_retention": 0.3130085468292236, "slope": 1.2181861400604248, "aspect": 90.0, "num_identification_agreements": 1, "cluster": 1, "tavg": null, "tmin": 8.4, "tmax": 23.7, "prcp_d0": 10.242137908935549, "prcp_d1": 20.484275817871094, "prcp_d2": 10.313899993896484, "prcp_d3": 0.0, "prcp_d4": 5.156949996948242, "prcp_d5": 15.470849990844728, "prcp_d6": 0.0, "tmax_d0": 18.5, "tmax_d1": 18.0, "tmax_d2": 21.4, "tmax_d3": 23.1, "tmax_d4": 18.2, "tmax_d5": 17.5, "tmax_d6": 18.4, "tmin_d0": 9.0, "tmin_d1": 9.8, "tmin_d2": 9.6, "tmin_d3": 11.0, "tmin_d4": 10.0, "tmin_d5": 10.1, "tmin_d6": 10.4, "day_of_year": 168, "uuid": "db30482e-b3f3-4ca8-afb0-214062b9c796", "inat_id": 168197701}}, {"type": "Feature", "geometry": {"type": "Point", "coordinates": [-104.8291244507, 38.9301147461]}, "properties": {"species": "Marasmius oreades", "date": "2023-06-17", "location": "Colorado Springs", "elevation": 1944.0, "land_cover_label": "Grassland", "water_mask": false, "exclude_reason": "keep", "ndvi": null, "soil_moisture": null, "solar_exposure": null, "wind_exposure": null, "water_retention": null, "slope": null, "aspect": null, "num_identification_agreements": 1, "cluster": 2, "tavg": null, "tmin": 6.1, "tmax": 16.6, "prcp_d0": 10.426100730895996, "prcp_d1": 3.4753665924072266, "prcp_d2": 5.765347003936768, "prcp_d3": 0.0, "prcp_d4": 5.765347003936768, "prcp_d5": 23.06138801574707, "prcp_d6": 0.0, "tmax_d0": 16.5, "tmax_d1": 21.1, "tmax_d2": 21.8, "tmax_d3": 20.2, "tmax_d4": 15.8, "tmax_d5": 15.2, "tmax_d6": 17.2, "tmin_d0": 7.5, "tmin_d1": 8.2, "tmin_d2": 9.3, "tmin_d3": 5.1, "tmin_d4": 5.6, "tmin_d5": 9.9, "tmin_d6": 8.6, "day_of_year": 168, "uuid": "1d968eff-d94c-4c7b-aa22-bf33a9afde7c", "inat_id": 167974077}}, {"type": "Feature", "geometry": {"type": "Point", "coordinates": [-104.815708, 39.6456069722]}, "properties": {"species": "Marasmius oreades", "date": "2023-06-17", "location": "Meadow Hills, Aurora, CO 80014, USA", "elevation": 1752.0, "land_cover_label": "Tree cover", "water_mask": false, "exclude_reason": "keep", "ndvi": null, "soil_moisture": 0.4252532032884265, "solar_exposure": 0.8329442143440247, "wind_exposure": 0.3428235352039337, "water_retention": 0.2755419611930847, "slope": 2.1227691173553467, "aspect": 287.0301818847656, "num_identification_agreements": 1, "cluster": 1, "tavg": null, "tmin": 8.4, "tmax": 20.4, "prcp_d0": 13.959794998168944, "prcp_d1": 13.959794998168944, "prcp_d2": 9.158756256103516, "prcp_d3": 0.0, "prcp_d4": 6.105837821960449, "prcp_d5": 15.264594078063965, "prcp_d6": 3.0529189109802246, "tmax_d0": 17.8, "tmax_d1": 18.9, "tmax_d2": 22.3, "tmax_d3": 24.4, "tmax_d4": 17.3, "tmax_d5": 17.5, "tmax_d6": 20.7, "tmin_d0": 8.4, "tmin_d1": 9.5, "tmin_d2": 9.9, "tmin_d3": 6.8, "tmin_d4": 6.7, "tmin_d5": 10.6, "tmin_d6": 9.5, "day_of_year": 168, "uuid": "9bcf46b4-2a99-4348-9c14-ed08ae207014", "inat_id": 168915210}}, {"type": "Feature", "geometry": {"type": "Point", "coordinates": [-105.0904221667, 39.5472966667]}, "properties": {"species": "Marasmius oreades", "date": "2023-06-27", "location": "Chatfield State Park, Littleton, CO, US", "elevation": 1667.0, "land_cover_label": "Grassland", "water_mask": false, "exclude_reason": "keep", "ndvi": null, "soil_moisture": 0.2456049989289915, "solar_exposure": 0.8563632369041443, "wind_exposure": 0.3108871579170227, "water_retention": 0.2943353354930877, "slope": 1.6067173480987549, "aspect": 165.36268615722656, "num_identification_agreements": 1, "cluster": 0, "tavg": null, "tmin": 17.2, "tmax": 31.7, "prcp_d0": 0.0, "prcp_d1": 0.0, "prcp_d2": 0.0, "prcp_d3": 0.0, "prcp_d4": 0.0, "prcp_d5": 20.339933395385746, "prcp_d6": 0.0, "tmax_d0": 33.3, "tmax_d1": 32.9, "tmax_d2": 26.3, "tmax_d3": 28.7, "tmax_d4": 30.8, "tmax_d5": 27.8, "tmax_d6": 26.6, "tmin_d0": 14.3, "tmin_d1": 9.0, "tmin_d2": 10.2, "tmin_d3": 8.6, "tmin_d4": 12.2, "tmin_d5": 11.5, "tmin_d6": 9.8, "day_of_year": 178, "uuid": "b6e98d51-416b-4876-8852-4e51fb3c69a6", "inat_id": 169827594}}, {"type": "Feature", "geometry": {"type": "Point", "coordinates": [-104.3220530078, 41.5369868308]}, "properties": {"species": "Marasmius oreades", "date": "2023-06-29", "location": "Cheyenne, WY 82009, USA", "elevation": 1519.0, "land_cover_label": "Bare / sparse vegetation", "water_mask": false, "exclude_reason": "keep", "ndvi": null, "soil_moisture": 0.2610280363649375, "solar_exposure": 0.8463883399963379, "wind_exposure": 0.3273214399814605, "water_retention": 0.2889991402626037, "slope": 1.73896324634552, "aspect": 110.95101165771484, "num_identification_agreements": 1, "cluster": 0, "tavg": null, "tmin": 12.8, "tmax": 21.4, "prcp_d0": 7.774967193603516, "prcp_d1": 0.0, "prcp_d2": 7.774967193603516, "prcp_d3": 0.0, "prcp_d4": 0.0, "prcp_d5": 0.0, "prcp_d6": 3.5001025199890137, "tmax_d0": 27.1, "tmax_d1": 27.7, "tmax_d2": 32.8, "tmax_d3": 28.0, "tmax_d4": 24.9, "tmax_d5": 24.0, "tmax_d6": 24.6, "tmin_d0": 13.9, "tmin_d1": 12.8, "tmin_d2": 15.3, "tmin_d3": 13.7, "tmin_d4": 9.5, "tmin_d5": 12.4, "tmin_d6": 13.4, "day_of_year": 180, "uuid": "7a99c36d-6618-4c01-b9a1-a184ef442e1c", "inat_id": 170849104}}, {"type": "Feature", "geometry": {"type": "Point", "coordinates": [-105.4431236812, 39.6113839734]}, "properties": {"species": "Marasmius oreades", "date": "2023-07-05", "location": "Ranch Trail, Evergreen, CO, US", "elevation": 2476.0, "land_cover_label": "Tree cover", "water_mask": false, "exclude_reason": "keep", "ndvi": null, "soil_moisture": 0.3391419947066647, "solar_exposure": 0.8318983316421509, "wind_exposure": 0.2629666328430176, "water_retention": 0.2923976480960846, "slope": 3.3043196201324463, "aspect": 79.1623306274414, "num_identification_agreements": 1, "cluster": 0, "tavg": null, "tmin": 1.4, "tmax": 11.0, "prcp_d0": 9.937735557556152, "prcp_d1": 0.0, "prcp_d2": 0.0, "prcp_d3": 0.0, "prcp_d4": 0.0, "prcp_d5": 4.597292423248291, "prcp_d6": 0.0, "tmax_d0": 17.4, "tmax_d1": 20.5, "tmax_d2": 25.1, "tmax_d3": 22.9, "tmax_d4": 19.8, "tmax_d5": 16.1, "tmax_d6": 23.6, "tmin_d0": 7.5, "tmin_d1": 8.8, "tmin_d2": 6.1, "tmin_d3": 6.9, "tmin_d4": 4.6, "tmin_d5": 6.7, "tmin_d6": 7.5, "day_of_year": 186, "uuid": "d9d0178d-0e38-464a-8b98-97c5dc25ba1b", "inat_id": 171229398}}, {"type": "Feature", "geometry": {"type": "Point", "coordinates": [-103.0039402579, 42.6960828387]}, "properties": {"species": "Marasmius oreades", "date": "2023-07-07", "location": "Dawes County, NE, USA", "elevation": 1185.0, "land_cover_label": "Tree cover", "water_mask": false, "exclude_reason": "keep", "ndvi": null, "soil_moisture": null, "solar_exposure": null, "wind_exposure": null, "water_retention": null, "slope": null, "aspect": null, "num_identification_agreements": 1, "cluster": 0, "tavg": null, "tmin": 12.2, "tmax": 25.6, "prcp_d0": 12.329237937927246, "prcp_d1": 0.0, "prcp_d2": 0.0, "prcp_d3": 0.0, "prcp_d4": 0.0, "prcp_d5": 0.0, "prcp_d6": 9.234323501586914, "tmax_d0": 22.8, "tmax_d1": 22.6, "tmax_d2": 16.5, "tmax_d3": 28.6, "tmax_d4": 29.7, "tmax_d5": 26.6, "tmax_d6": 25.4, "tmin_d0": 13.9, "tmin_d1": 11.9, "tmin_d2": 10.9, "tmin_d3": 14.4, "tmin_d4": 16.6, "tmin_d5": 18.0, "tmin_d6": 13.2, "day_of_year": 188, "uuid": "406a966f-1a50-42ba-ac64-a6bb43c832e0", "inat_id": 193802866}}, {"type": "Feature", "geometry": {"type": "Point", "coordinates": [-105.0007015094, 38.0161478221]}, "properties": {"species": "Marasmius oreades", "date": "2023-07-08", "location": "Beulah Valley, CO, USA", "elevation": 2424.0, "land_cover_label": "Tree cover", "water_mask": false, "exclude_reason": "keep", "ndvi": null, "soil_moisture": null, "solar_exposure": null, "wind_exposure": null, "water_retention": null, "slope": null, "aspect": null, "num_identification_agreements": 1, "cluster": 0, "tavg": null, "tmin": 15.8, "tmax": 27.6, "prcp_d0": 0.0, "prcp_d1": 0.0, "prcp_d2": 0.0, "prcp_d3": 0.0, "prcp_d4": 0.0, "prcp_d5": 0.0, "prcp_d6": 0.0, "tmax_d0": 21.5, "tmax_d1": 22.4, "tmax_d2": 22.1, "tmax_d3": 20.7, "tmax_d4": 25.2, "tmax_d5": 24.7, "tmax_d6": 24.0, "tmin_d0": 11.9, "tmin_d1": 10.4, "tmin_d2": 11.4, "tmin_d3": 11.1, "tmin_d4": 14.0, "tmin_d5": 13.7, "tmin_d6": 10.8, "day_of_year": 189, "uuid": "b015a6fe-d745-41c9-8cf0-83b5115e8281", "inat_id": 171845371}}, {"type": "Feature", "geometry": {"type": "Point", "coordinates": [-103.0118207076, 42.7149570889]}, "properties": {"species": "Marasmius oreades", "date": "2023-07-09", "location": "Dawes County, NE, USA", "elevation": 1156.0, "land_cover_label": "Grassland", "water_mask": false, "exclude_reason": "keep", "ndvi": null, "soil_moisture": null, "solar_exposure": null, "wind_exposure": null, "water_retention": null, "slope": null, "aspect": null, "num_identification_agreements": 1, "cluster": 0, "tavg": null, "tmin": 8.9, "tmax": 28.9, "prcp_d0": 0.0, "prcp_d1": 6.648926734924316, "prcp_d2": 13.297853469848633, "prcp_d3": 0.0, "prcp_d4": 0.0, "prcp_d5": 0.0, "prcp_d6": 0.0, "tmax_d0": 26.4, "tmax_d1": 22.1, "tmax_d2": 22.8, "tmax_d3": 22.6, "tmax_d4": 16.5, "tmax_d5": 28.6, "tmax_d6": 29.7, "tmin_d0": 12.9, "tmin_d1": 13.5, "tmin_d2": 13.9, "tmin_d3": 11.9, "tmin_d4": 10.9, "tmin_d5": 14.4, "tmin_d6": 16.6, "day_of_year": 190, "uuid": "a857d6a3-82c9-45dd-a1cb-5aabd262a365", "inat_id": 193875364}}, {"type": "Feature", "geometry": {"type": "Point", "coordinates": [-103.0087370677, 42.7072005173]}, "properties": {"species": "Marasmius oreades", "date": "2023-07-09", "location": "Dawes County, NE, USA", "elevation": 1168.0, "land_cover_label": "Grassland", "water_mask": false, "exclude_reason": "keep", "ndvi": null, "soil_moisture": null, "solar_exposure": null, "wind_exposure": null, "water_retention": null, "slope": null, "aspect": null, "num_identification_agreements": 1, "cluster": 0, "tavg": null, "tmin": 8.9, "tmax": 28.9, "prcp_d0": 0.0, "prcp_d1": 6.648926734924316, "prcp_d2": 13.297853469848633, "prcp_d3": 0.0, "prcp_d4": 0.0, "prcp_d5": 0.0, "prcp_d6": 0.0, "tmax_d0": 26.4, "tmax_d1": 22.1, "tmax_d2": 22.8, "tmax_d3": 22.6, "tmax_d4": 16.5, "tmax_d5": 28.6, "tmax_d6": 29.7, "tmin_d0": 12.9, "tmin_d1": 13.5, "tmin_d2": 13.9, "tmin_d3": 11.9, "tmin_d4": 10.9, "tmin_d5": 14.4, "tmin_d6": 16.6, "day_of_year": 190, "uuid": "91fb11f0-cedb-44db-9901-27206af6ebf7", "inat_id": 193875304}}, {"type": "Feature", "geometry": {"type": "Point", "coordinates": [-103.0118314364, 42.7149011358]}, "properties": {"species": "Marasmius oreades", "date": "2023-07-09", "location": "Dawes County, NE, USA", "elevation": 1156.0, "land_cover_label": "Grassland", "water_mask": false, "exclude_reason": "keep", "ndvi": null, "soil_moisture": null, "solar_exposure": null, "wind_exposure": null, "water_retention": null, "slope": null, "aspect": null, "num_identification_agreements": 1, "cluster": 0, "tavg": null, "tmin": 8.9, "tmax": 28.9, "prcp_d0": 0.0, "prcp_d1": 6.648926734924316, "prcp_d2": 13.297853469848633, "prcp_d3": 0.0, "prcp_d4": 0.0, "prcp_d5": 0.0, "prcp_d6": 0.0, "tmax_d0": 26.4, "tmax_d1": 22.1, "tmax_d2": 22.8, "tmax_d3": 22.6, "tmax_d4": 16.5, "tmax_d5": 28.6, "tmax_d6": 29.7, "tmin_d0": 12.9, "tmin_d1": 13.5, "tmin_d2": 13.9, "tmin_d3": 11.9, "tmin_d4": 10.9, "tmin_d5": 14.4, "tmin_d6": 16.6, "day_of_year": 190, "uuid": "2b279f8c-7f8c-45c7-8e4d-1b0ee1053063", "inat_id": 193875363}}, {"type": "Feature", "geometry": {"type": "Point", "coordinates": [-103.0117402413, 42.7149531475]}, "properties": {"species": "Marasmius oreades", "date": "2023-07-09", "location": "Dawes County, NE, USA", "elevation": 1156.0, "land_cover_label": "Grassland", "water_mask": false, "exclude_reason": "keep", "ndvi": null, "soil_moisture": null, "solar_exposure": null, "wind_exposure": null, "water_retention": null, "slope": null, "aspect": null, "num_identification_agreements": 1, "cluster": 0, "tavg": null, "tmin": 8.9, "tmax": 28.9, "prcp_d0": 0.0, "prcp_d1": 6.648926734924316, "prcp_d2": 13.297853469848633, "prcp_d3": 0.0, "prcp_d4": 0.0, "prcp_d5": 0.0, "prcp_d6": 0.0, "tmax_d0": 26.4, "tmax_d1": 22.1, "tmax_d2": 22.8, "tmax_d3": 22.6, "tmax_d4": 16.5, "tmax_d5": 28.6, "tmax_d6": 29.7, "tmin_d0": 12.9, "tmin_d1": 13.5, "tmin_d2": 13.9, "tmin_d3": 11.9, "tmin_d4": 10.9, "tmin_d5": 14.4, "tmin_d6": 16.6, "day_of_year": 190, "uuid": "b9f5b461-c6fe-4045-b1bc-9ae23ae1f96a", "inat_id": 193875365}}, {"type": "Feature", "geometry": {"type": "Point", "coordinates": [-103.0105149065, 42.710919826]}, "properties": {"species": "Marasmius oreades", "date": "2023-08-08", "location": "Dawes County, NE, USA", "elevation": 1170.0, "land_cover_label": "Grassland", "water_mask": false, "exclude_reason": "keep", "ndvi": null, "soil_moisture": null, "solar_exposure": null, "wind_exposure": null, "water_retention": null, "slope": null, "aspect": null, "num_identification_agreements": 1, "cluster": 0, "tavg": null, "tmin": 12.2, "tmax": 25.0, "prcp_d0": 0.0, "prcp_d1": 0.0, "prcp_d2": 0.0, "prcp_d3": 0.0, "prcp_d4": 8.98039436340332, "prcp_d5": 8.98039436340332, "prcp_d6": 0.0, "tmax_d0": 23.8, "tmax_d1": 21.7, "tmax_d2": 22.3, "tmax_d3": 24.1, "tmax_d4": 27.0, "tmax_d5": 27.8, "tmax_d6": 28.2, "tmin_d0": 12.1, "tmin_d1": 13.4, "tmin_d2": 13.3, "tmin_d3": 16.1, "tmin_d4": 17.8, "tmin_d5": 17.7, "tmin_d6": 18.0, "day_of_year": 220, "uuid": "4d9ec202-637e-4b48-bcd8-163a45a3409c", "inat_id": 196462344}}, {"type": "Feature", "geometry": {"type": "Point", "coordinates": [-105.3461133333, 39.4893633333]}, "properties": {"species": "Marasmius oreades", "date": "2023-08-26", "location": "US-285, Conifer, CO, US", "elevation": 2536.0, "land_cover_label": "Grassland", "water_mask": false, "exclude_reason": "keep", "ndvi": null, "soil_moisture": 0.2691821069502861, "solar_exposure": 0.883025586605072, "wind_exposure": 0.280454158782959, "water_retention": 0.2245946228504181, "slope": 4.511847496032715, "aspect": 164.36669921875, "num_identification_agreements": 1, "cluster": 0, "tavg": null, "tmin": 13.9, "tmax": 25.6, "prcp_d0": 0.0, "prcp_d1": 0.0, "prcp_d2": 0.0, "prcp_d3": 0.0, "prcp_d4": 0.0, "prcp_d5": 0.0, "prcp_d6": 0.0, "tmax_d0": 16.9, "tmax_d1": 16.5, "tmax_d2": 24.4, "tmax_d3": 26.1, "tmax_d4": 27.4, "tmax_d5": 29.3, "tmax_d6": 29.5, "tmin_d0": 8.3, "tmin_d1": 11.2, "tmin_d2": 14.2, "tmin_d3": 11.1, "tmin_d4": 14.2, "tmin_d5": 14.0, "tmin_d6": 11.0, "day_of_year": 238, "uuid": "9e9954dd-5664-49fd-abd8-a59d036eef27", "inat_id": 180547137}}, {"type": "Feature", "geometry": {"type": "Point", "coordinates": [-105.29, 40.2285916667]}, "properties": {"species": "Marasmius oreades", "date": "2023-09-16", "location": "Antelope Dr, Lyons, CO, US", "elevation": 1691.0, "land_cover_label": "Grassland", "water_mask": false, "exclude_reason": "keep", "ndvi": null, "soil_moisture": 0.3533035999313473, "solar_exposure": 0.763942301273346, "wind_exposure": 0.2635726928710937, "water_retention": 0.4586777687072754, "slope": 8.367039680480957, "aspect": 42.43094253540039, "num_identification_agreements": 1, "cluster": 3, "tavg": null, "tmin": 6.1, "tmax": 25.4, "prcp_d0": 0.0, "prcp_d1": 0.0, "prcp_d2": 0.0, "prcp_d3": 0.0, "prcp_d4": 0.0, "prcp_d5": 0.0, "prcp_d6": 7.310969352722168, "tmax_d0": 21.0, "tmax_d1": 16.1, "tmax_d2": 20.8, "tmax_d3": 23.1, "tmax_d4": 21.2, "tmax_d5": 17.5, "tmax_d6": 24.9, "tmin_d0": 3.8, "tmin_d1": 11.5, "tmin_d2": 8.2, "tmin_d3": 8.7, "tmin_d4": 8.9, "tmin_d5": 11.6, "tmin_d6": 13.9, "day_of_year": 259, "uuid": "d24195e4-b8bd-4874-952e-c539485edca0", "inat_id": 183923349}}, {"type": "Feature", "geometry": {"type": "Point", "coordinates": [-121.8983125314, 45.6669224285]}, "properties": {"species": "Marasmius oreades", "date": "2024-04-17", "location": "Hood River County, US-OR, Lewis and Clark National Historic Trail, US", "elevation": 19.0, "land_cover_label": "Grassland", "water_mask": false, "exclude_reason": "keep", "ndvi": null, "soil_moisture": null, "solar_exposure": null, "wind_exposure": null, "water_retention": null, "slope": null, "aspect": null, "num_identification_agreements": 1, "cluster": 0, "tavg": null, "tmin": 0.2, "tmax": 14.2, "prcp_d0": 0.0, "prcp_d1": 0.0, "prcp_d2": 3.073340892791748, "prcp_d3": 13.565664291381836, "prcp_d4": 4.946086406707764, "prcp_d5": 2.2133891582489014, "prcp_d6": 0.0155217619612813, "tmax_d0": 15.8, "tmax_d1": 11.7, "tmax_d2": 18.3, "tmax_d3": 22.0, "tmax_d4": 22.8, "tmax_d5": 17.6, "tmax_d6": 18.8, "tmin_d0": 0.7, "tmin_d1": 5.4, "tmin_d2": 7.9, "tmin_d3": 11.1, "tmin_d4": 6.8, "tmin_d5": 8.8, "tmin_d6": 5.5, "day_of_year": 108, "uuid": "a574e4fc-62e3-499b-89a1-29ad8d7fdb99", "inat_id": 207878382}}, {"type": "Feature", "geometry": {"type": "Point", "coordinates": [-105.2184158019, 40.0423960392]}, "properties": {"species": "Marasmius oreades", "date": "2024-06-28", "location": "Colorado, US", "elevation": 1594.0, "land_cover_label": "Grassland", "water_mask": false, "exclude_reason": "keep", "ndvi": null, "soil_moisture": 0.1505827451962232, "solar_exposure": 0.8128514885902405, "wind_exposure": 0.3292330205440521, "water_retention": 0.2639827132225036, "slope": 2.5192699432373047, "aspect": 350.7290954589844, "num_identification_agreements": 1, "cluster": 0, "tavg": null, "tmin": 22.0, "tmax": 33.0, "prcp_d0": 0.0, "prcp_d1": 0.0, "prcp_d2": 0.0, "prcp_d3": 0.0, "prcp_d4": 0.0, "prcp_d5": 0.0, "prcp_d6": 0.0, "tmax_d0": 31.9, "tmax_d1": 32.3, "tmax_d2": 31.9, "tmax_d3": 34.9, "tmax_d4": 33.6, "tmax_d5": 33.0, "tmax_d6": 31.0, "tmin_d0": 17.4, "tmin_d1": 15.6, "tmin_d2": 16.9, "tmin_d3": 18.3, "tmin_d4": 16.5, "tmin_d5": 15.3, "tmin_d6": 12.1, "day_of_year": 180, "uuid": "c36da43c-7f37-414d-9807-22a4aa6d26a8", "inat_id": 225848053}}, {"type": "Feature", "geometry": {"type": "Point", "coordinates": [-107.6061304441, 37.306754044]}, "properties": {"species": "Marasmius oreades", "date": "2024-07-01", "location": "Pine River Ranch Cir, Bayfield, CO, US", "elevation": 2192.0, "land_cover_label": "Grassland", "water_mask": false, "exclude_reason": "keep", "ndvi": null, "soil_moisture": null, "solar_exposure": null, "wind_exposure": null, "water_retention": null, "slope": null, "aspect": null, "num_identification_agreements": 1, "cluster": 0, "tavg": null, "tmin": 15.0, "tmax": 23.9, "prcp_d0": 19.661710739135746, "prcp_d1": 0.0, "prcp_d2": 0.0, "prcp_d3": 0.0, "prcp_d4": 15.518256187438965, "prcp_d5": 0.0, "prcp_d6": 0.0, "tmax_d0": 22.4, "tmax_d1": 25.2, "tmax_d2": 26.8, "tmax_d3": 25.7, "tmax_d4": 24.7, "tmax_d5": 27.2, "tmax_d6": 28.7, "tmin_d0": 13.3, "tmin_d1": 13.9, "tmin_d2": 11.2, "tmin_d3": 10.0, "tmin_d4": 12.0, "tmin_d5": 13.4, "tmin_d6": 11.9, "day_of_year": 183, "uuid": "b13f4d66-d551-49d5-9024-cf208044f36c", "inat_id": 226616116}}, {"type": "Feature", "geometry": {"type": "Point", "coordinates": [-107.4662904, 40.0502230997]}, "properties": {"species": "Marasmius oreades", "date": "2024-07-02", "location": "Meeker, CO 81641, USA", "elevation": 2325.0, "land_cover_label": "Grassland", "water_mask": false, "exclude_reason": "keep", "ndvi": null, "soil_moisture": null, "solar_exposure": null, "wind_exposure": null, "water_retention": null, "slope": null, "aspect": null, "num_identification_agreements": 1, "cluster": 0, "tavg": null, "tmin": 10.0, "tmax": 25.6, "prcp_d0": 0.0, "prcp_d1": 4.920904636383057, "prcp_d2": 0.0, "prcp_d3": 11.567575454711914, "prcp_d4": 5.783787727355957, "prcp_d5": 0.0, "prcp_d6": 0.0, "tmax_d0": 21.5, "tmax_d1": 21.9, "tmax_d2": 24.1, "tmax_d3": 24.6, "tmax_d4": 20.6, "tmax_d5": 22.1, "tmax_d6": 25.8, "tmin_d0": 8.1, "tmin_d1": 12.5, "tmin_d2": 9.4, "tmin_d3": 6.9, "tmin_d4": 8.6, "tmin_d5": 9.1, "tmin_d6": 7.2, "day_of_year": 184, "uuid": "55e7fdfc-7ff1-4a58-841a-3e809f4f33c3", "inat_id": 226794613}}, {"type": "Feature", "geometry": {"type": "Point", "coordinates": [-105.2645721436, 39.9948425293]}, "properties": {"species": "Marasmius oreades", "date": "2024-07-09", "location": "Boulder", "elevation": 1668.0, "land_cover_label": "Grassland", "water_mask": false, "exclude_reason": "keep", "ndvi": null, "soil_moisture": 0.1665403295068955, "solar_exposure": 0.8119305968284607, "wind_exposure": 0.307688295841217, "water_retention": 0.4819198846817016, "slope": 3.478202104568481, "aspect": 44.40403747558594, "num_identification_agreements": 1, "cluster": 0, "tavg": null, "tmin": 14.0, "tmax": 30.0, "prcp_d0": 0.0, "prcp_d1": 0.0, "prcp_d2": 0.0, "prcp_d3": 0.0, "prcp_d4": 0.0, "prcp_d5": 0.0, "prcp_d6": 0.0, "tmax_d0": 29.1, "tmax_d1": 25.9, "tmax_d2": 29.2, "tmax_d3": 30.6, "tmax_d4": 24.7, "tmax_d5": 31.0, "tmax_d6": 31.9, "tmin_d0": 11.4, "tmin_d1": 9.4, "tmin_d2": 14.1, "tmin_d3": 13.6, "tmin_d4": 12.7, "tmin_d5": 11.7, "tmin_d6": 12.6, "day_of_year": 191, "uuid": "05794a8d-ea92-45ee-b28e-1d5320f3bd91", "inat_id": 228338072}}, {"type": "Feature", "geometry": {"type": "Point", "coordinates": [-105.0165886768, 39.5553240099]}, "properties": {"species": "Marasmius oreades", "date": "2024-07-09", "location": "University Of Denver Golf Club, Highlands Ranch, CO, US", "elevation": 1717.0, "land_cover_label": "Grassland", "water_mask": false, "exclude_reason": "keep", "ndvi": null, "soil_moisture": 0.1778713935449584, "solar_exposure": 0.8562808632850647, "wind_exposure": 0.3335647284984588, "water_retention": 0.2884263098239898, "slope": 1.7537903785705566, "aspect": 152.41958618164062, "num_identification_agreements": 1, "cluster": 0, "tavg": null, "tmin": 13.3, "tmax": 30.0, "prcp_d0": 0.0, "prcp_d1": 0.0, "prcp_d2": 0.0, "prcp_d3": 0.0, "prcp_d4": 0.0, "prcp_d5": 0.0, "prcp_d6": 0.0, "tmax_d0": 31.3, "tmax_d1": 28.2, "tmax_d2": 30.6, "tmax_d3": 31.7, "tmax_d4": 28.0, "tmax_d5": 31.8, "tmax_d6": 32.9, "tmin_d0": 12.4, "tmin_d1": 10.3, "tmin_d2": 14.6, "tmin_d3": 14.1, "tmin_d4": 13.8, "tmin_d5": 12.7, "tmin_d6": 13.3, "day_of_year": 191, "uuid": "d390c4e5-1257-4f3f-b3f5-70af9bd34a25", "inat_id": 229130837}}, {"type": "Feature", "geometry": {"type": "Point", "coordinates": [-104.6349464774, 38.7121235435]}, "properties": {"species": "Marasmius oreades", "date": "2024-08-10", "location": "Colorado, US", "elevation": 1749.0, "land_cover_label": "Grassland", "water_mask": false, "exclude_reason": "keep", "ndvi": null, "soil_moisture": null, "solar_exposure": null, "wind_exposure": null, "water_retention": null, "slope": null, "aspect": null, "num_identification_agreements": 1, "cluster": 0, "tavg": null, "tmin": 12.8, "tmax": 23.7, "prcp_d0": 0.0, "prcp_d1": 7.821508884429932, "prcp_d2": 0.0, "prcp_d3": 15.643017768859863, "prcp_d4": 23.46452713012696, "prcp_d5": 4.237076282501221, "prcp_d6": 0.0, "tmax_d0": 26.2, "tmax_d1": 21.7, "tmax_d2": 30.3, "tmax_d3": 35.1, "tmax_d4": 30.6, "tmax_d5": 33.9, "tmax_d6": 34.5, "tmin_d0": 13.1, "tmin_d1": 14.4, "tmin_d2": 17.1, "tmin_d3": 18.3, "tmin_d4": 17.6, "tmin_d5": 20.0, "tmin_d6": 18.2, "day_of_year": 223, "uuid": "df278793-ce5c-4591-8c13-bf6710eb02c5", "inat_id": 234991588}}, {"type": "Feature", "geometry": {"type": "Point", "coordinates": [-106.4918145242, 35.8544497143]}, "properties": {"species": "Marasmius oreades", "date": "2024-08-11", "location": "Sandoval County, NM, USA", "elevation": 2606.0, "land_cover_label": "Grassland", "water_mask": false, "exclude_reason": "keep", "ndvi": null, "soil_moisture": null, "solar_exposure": null, "wind_exposure": null, "water_retention": null, "slope": null, "aspect": null, "num_identification_agreements": 1, "cluster": 0, "tavg": null, "tmin": 15.4, "tmax": 28.0, "prcp_d0": 0.0, "prcp_d1": 0.0, "prcp_d2": 3.822320461273194, "prcp_d3": 7.644640922546387, "prcp_d4": 3.822320461273194, "prcp_d5": 0.0, "prcp_d6": 0.0, "tmax_d0": 24.9, "tmax_d1": 22.6, "tmax_d2": 21.8, "tmax_d3": 23.4, "tmax_d4": 24.9, "tmax_d5": 25.7, "tmax_d6": 24.0, "tmin_d0": 10.3, "tmin_d1": 11.2, "tmin_d2": 11.2, "tmin_d3": 11.2, "tmin_d4": 12.1, "tmin_d5": 10.9, "tmin_d6": 11.6, "day_of_year": 224, "uuid": "85193f09-4816-4b5c-9363-2fd9e4b17198", "inat_id": 235776769}}, {"type": "Feature", "geometry": {"type": "Point", "coordinates": [-104.9633783333, 39.5194033333]}, "properties": {"species": "Marasmius oreades", "date": "2024-08-13", "location": "Mountain Vista High School, Highlands Ranch, CO, US", "elevation": 1854.0, "land_cover_label": "Grassland", "water_mask": false, "exclude_reason": "keep", "ndvi": null, "soil_moisture": 0.2088175087397938, "solar_exposure": 0.8192483186721802, "wind_exposure": 0.3319654464721679, "water_retention": 0.2579273581504822, "slope": 2.7556374073028564, "aspect": 47.41946792602539, "num_identification_agreements": 1, "cluster": 0, "tavg": null, "tmin": 16.7, "tmax": 28.3, "prcp_d0": 0.0, "prcp_d1": 0.0, "prcp_d2": 0.0, "prcp_d3": 0.0, "prcp_d4": 6.517666339874268, "prcp_d5": 0.0, "prcp_d6": 0.0, "tmax_d0": 30.4, "tmax_d1": 30.1, "tmax_d2": 29.9, "tmax_d3": 27.3, "tmax_d4": 22.0, "tmax_d5": 26.0, "tmax_d6": 33.6, "tmin_d0": 14.0, "tmin_d1": 14.5, "tmin_d2": 13.1, "tmin_d3": 11.9, "tmin_d4": 13.9, "tmin_d5": 15.1, "tmin_d6": 17.4, "day_of_year": 226, "uuid": "a88f7bce-939b-4d27-8022-0ed1f984c653", "inat_id": 235798480}}, {"type": "Feature", "geometry": {"type": "Point", "coordinates": [-104.8651976, 38.7892020997]}, "properties": {"species": "Marasmius oreades", "date": "2024-08-21", "location": "2130 S Cheyenne Canyon Rd, Colorado Springs, CO 80906, USA", "elevation": 1932.0, "land_cover_label": "Tree cover", "water_mask": false, "exclude_reason": "keep", "ndvi": null, "soil_moisture": null, "solar_exposure": null, "wind_exposure": null, "water_retention": null, "slope": null, "aspect": null, "num_identification_agreements": 3, "cluster": 0, "tavg": null, "tmin": 15.5, "tmax": 29.0, "prcp_d0": 8.103190422058105, "prcp_d1": 13.97312831878662, "prcp_d2": 0.0, "prcp_d3": 0.0, "prcp_d4": 0.0, "prcp_d5": 0.0, "prcp_d6": 0.0, "tmax_d0": 29.3, "tmax_d1": 29.4, "tmax_d2": 28.3, "tmax_d3": 30.3, "tmax_d4": 31.4, "tmax_d5": 29.8, "tmax_d6": 26.8, "tmin_d0": 15.4, "tmin_d1": 14.9, "tmin_d2": 15.3, "tmin_d3": 16.6, "tmin_d4": 13.8, "tmin_d5": 13.1, "tmin_d6": 11.5, "day_of_year": 234, "uuid": "225899b5-13ec-4d1e-9636-fe27a30ac4ac", "inat_id": 237156412}}, {"type": "Feature", "geometry": {"type": "Point", "coordinates": [-105.3789367676, 36.3717956543]}, "properties": {"species": "Marasmius oreades", "date": "2024-08-26", "location": "Taos", "elevation": 2540.0, "land_cover_label": "Grassland", "water_mask": false, "exclude_reason": "keep", "ndvi": null, "soil_moisture": null, "solar_exposure": null, "wind_exposure": null, "water_retention": null, "slope": null, "aspect": null, "num_identification_agreements": 1, "cluster": 0, "tavg": null, "tmin": 10.1, "tmax": 19.0, "prcp_d0": 1.7758256196975708, "prcp_d1": 7.511165142059326, "prcp_d2": 3.286520481109619, "prcp_d3": 2.6466193199157715, "prcp_d4": 0.2466180920600891, "prcp_d5": 3.5626330375671387, "prcp_d6": 0.0, "tmax_d0": 19.9, "tmax_d1": 22.2, "tmax_d2": 22.8, "tmax_d3": 23.1, "tmax_d4": 24.9, "tmax_d5": 25.7, "tmax_d6": 26.6, "tmin_d0": 10.2, "tmin_d1": 9.6, "tmin_d2": 11.6, "tmin_d3": 11.7, "tmin_d4": 12.3, "tmin_d5": 12.7, "tmin_d6": 10.7, "day_of_year": 239, "uuid": "80e51202-7bc4-4a5d-bd8f-d0111f954251", "inat_id": 238081383}}, {"type": "Feature", "geometry": {"type": "Point", "coordinates": [-105.1081083333, 39.6626416667]}, "properties": {"species": "Marasmius oreades", "date": "2024-09-05", "location": "Bear Creek, Lakewood, CO, USA", "elevation": 1659.0, "land_cover_label": "Tree cover", "water_mask": false, "exclude_reason": "keep", "ndvi": null, "soil_moisture": 0.1382987965020943, "solar_exposure": 0.8161714673042297, "wind_exposure": 0.3072352111339569, "water_retention": 0.2646864950656891, "slope": 2.4931445121765137, "aspect": 29.234128952026367, "num_identification_agreements": 1, "cluster": 0, "tavg": null, "tmin": 12.2, "tmax": 20.6, "prcp_d0": 0.0, "prcp_d1": 0.0, "prcp_d2": 0.0, "prcp_d3": 0.0, "prcp_d4": 0.0, "prcp_d5": 1.7436772395740263e-05, "prcp_d6": 0.0, "tmax_d0": 22.6, "tmax_d1": 29.3, "tmax_d2": 32.0, "tmax_d3": 30.4, "tmax_d4": 30.1, "tmax_d5": 30.5, "tmax_d6": 29.4, "tmin_d0": 11.9, "tmin_d1": 13.4, "tmin_d2": 15.3, "tmin_d3": 12.7, "tmin_d4": 11.2, "tmin_d5": 11.3, "tmin_d6": 10.4, "day_of_year": 249, "uuid": "ad519b58-4a98-4809-b821-b8a8f704917a", "inat_id": 268980494}}, {"type": "Feature", "geometry": {"type": "Point", "coordinates": [-104.8730916667, 38.8282777778]}, "properties": {"species": "Marasmius oreades", "date": "2024-09-06", "location": "Colorado Springs, CO 80906, USA", "elevation": 1927.0, "land_cover_label": "Tree cover", "water_mask": false, "exclude_reason": "keep", "ndvi": null, "soil_moisture": null, "solar_exposure": null, "wind_exposure": null, "water_retention": null, "slope": null, "aspect": null, "num_identification_agreements": 2, "cluster": 0, "tavg": null, "tmin": 13.0, "tmax": 23.0, "prcp_d0": 0.0, "prcp_d1": 0.0, "prcp_d2": 0.0, "prcp_d3": 0.0, "prcp_d4": 0.0, "prcp_d5": 0.0, "prcp_d6": 2.225404386990704e-06, "tmax_d0": 22.4, "tmax_d1": 18.8, "tmax_d2": 25.3, "tmax_d3": 27.5, "tmax_d4": 25.9, "tmax_d5": 25.4, "tmax_d6": 26.6, "tmin_d0": 9.7, "tmin_d1": 12.4, "tmin_d2": 14.2, "tmin_d3": 11.4, "tmin_d4": 10.2, "tmin_d5": 14.1, "tmin_d6": 11.9, "day_of_year": 250, "uuid": "f3a92308-211f-41bc-89d1-88dc687321b5", "inat_id": 240551687}}, {"type": "Feature", "geometry": {"type": "Point", "coordinates": [-104.7812656313, 38.9582835682]}, "properties": {"species": "Marasmius oreades", "date": "2024-09-27", "location": "Briargate, Colorado Springs, CO, USA", "elevation": 2053.0, "land_cover_label": "Tree cover", "water_mask": false, "exclude_reason": "keep", "ndvi": null, "soil_moisture": null, "solar_exposure": null, "wind_exposure": null, "water_retention": null, "slope": null, "aspect": null, "num_identification_agreements": 2, "cluster": 0, "tavg": null, "tmin": 14.8, "tmax": 28.8, "prcp_d0": 0.0, "prcp_d1": 0.0, "prcp_d2": 0.0, "prcp_d3": 0.0, "prcp_d4": 0.0, "prcp_d5": 0.0, "prcp_d6": 0.0, "tmax_d0": 26.3, "tmax_d1": 30.5, "tmax_d2": 24.5, "tmax_d3": 24.0, "tmax_d4": 23.2, "tmax_d5": 14.3, "tmax_d6": 24.9, "tmin_d0": 13.1, "tmin_d1": 9.2, "tmin_d2": 7.4, "tmin_d3": 8.7, "tmin_d4": 3.3, "tmin_d5": 5.8, "tmin_d6": 10.9, "day_of_year": 271, "uuid": "e75c88e1-5c7e-4266-bf95-236c4066a36b", "inat_id": 253539759}}, {"type": "Feature", "geometry": {"type": "Point", "coordinates": [-105.23025024, 39.96679149]}, "properties": {"species": "Marasmius oreades", "date": "2025-05-08", "location": "Boulder, Colorado 80305, EE. UU.", "elevation": 1654.0, "land_cover_label": "Grassland", "water_mask": false, "exclude_reason": "keep", "ndvi": null, "soil_moisture": 0.4066123083880185, "solar_exposure": 0.830236554145813, "wind_exposure": 0.3108993172645569, "water_retention": 0.3310031592845917, "slope": 0.9329047203063964, "aspect": 0.0, "num_identification_agreements": 2, "cluster": 1, "tavg": null, "tmin": 4.0, "tmax": 20.0, "prcp_d0": 0.7344108819961548, "prcp_d1": 14.181818008422852, "prcp_d2": 13.083064079284668, "prcp_d3": 0.0, "prcp_d4": 0.0, "prcp_d5": 0.0, "prcp_d6": 0.0, "tmax_d0": 18.5, "tmax_d1": 13.2, "tmax_d2": 14.0, "tmax_d3": 20.5, "tmax_d4": 22.2, "tmax_d5": 22.6, "tmax_d6": 16.4, "tmin_d0": 1.0, "tmin_d1": 5.4, "tmin_d2": 6.1, "tmin_d3": 7.1, "tmin_d4": 4.4, "tmin_d5": 0.8, "tmin_d6": 0.3, "day_of_year": 128, "uuid": "30b84b6f-055d-4e9a-a81d-668ba1d48e54", "inat_id": 279588457}}, {"type": "Feature", "geometry": {"type": "Point", "coordinates": [-105.2596534902, 39.9898671201]}, "properties": {"species": "Marasmius oreades", "date": "2025-05-08", "location": "Boulder, CO, USA", "elevation": 1659.0, "land_cover_label": "Grassland", "water_mask": false, "exclude_reason": "keep", "ndvi": null, "soil_moisture": 0.4073822578163295, "solar_exposure": 0.8335094451904297, "wind_exposure": 0.3063888549804687, "water_retention": 0.3247901201248169, "slope": 1.0229346752166748, "aspect": 52.55630493164063, "num_identification_agreements": 1, "cluster": 0, "tavg": null, "tmin": 4.0, "tmax": 20.0, "prcp_d0": 0.5305612087249756, "prcp_d1": 9.443642616271973, "prcp_d2": 8.842132568359375, "prcp_d3": 0.0, "prcp_d4": 0.0, "prcp_d5": 0.0, "prcp_d6": 0.0, "tmax_d0": 18.2, "tmax_d1": 12.9, "tmax_d2": 13.9, "tmax_d3": 19.5, "tmax_d4": 21.1, "tmax_d5": 22.2, "tmax_d6": 16.0, "tmin_d0": 0.5, "tmin_d1": 5.4, "tmin_d2": 6.0, "tmin_d3": 5.8, "tmin_d4": 2.9, "tmin_d5": -0.7, "tmin_d6": -0.3, "day_of_year": 128, "uuid": "3997930d-0e2e-49c8-8fb3-cfae676bed76", "inat_id": 280122416}}, {"type": "Feature", "geometry": {"type": "Point", "coordinates": [-105.1279611667, 40.621475]}, "properties": {"species": "Marasmius oreades", "date": "2025-05-09", "location": "Shady Grove Ln, Fort Collins, CO, US", "elevation": 1540.0, "land_cover_label": "Grassland", "water_mask": false, "exclude_reason": "keep", "ndvi": null, "soil_moisture": 0.3272898939203872, "solar_exposure": 0.8302096724510193, "wind_exposure": 0.3284477591514587, "water_retention": 0.3992289900779724, "slope": 1.0174397230148315, "aspect": 336.476806640625, "num_identification_agreements": 1, "cluster": 0, "tavg": null, "tmin": 6.1, "tmax": 23.9, "prcp_d0": 0.3686547577381134, "prcp_d1": 0.2779480814933777, "prcp_d2": 9.076669692993164, "prcp_d3": 5.245604515075684, "prcp_d4": 0.0, "prcp_d5": 0.0, "prcp_d6": 0.0, "tmax_d0": 22.1, "tmax_d1": 18.6, "tmax_d2": 15.2, "tmax_d3": 11.2, "tmax_d4": 20.4, "tmax_d5": 23.8, "tmax_d6": 23.0, "tmin_d0": 5.1, "tmin_d1": 3.2, "tmin_d2": 6.3, "tmin_d3": 7.8, "tmin_d4": 7.8, "tmin_d5": 7.3, "tmin_d6": 1.5, "day_of_year": 129, "uuid": "fa643ffa-de20-413b-8d8a-7fa0621b7a5b", "inat_id": 279957522}}, {"type": "Feature", "geometry": {"type": "Point", "coordinates": [-104.818776937, 38.8572031575]}, "properties": {"species": "Marasmius oreades", "date": "2025-05-26", "location": "N Weber St, Colorado Springs, CO, US", "elevation": 1859.0, "land_cover_label": "Tree cover", "water_mask": false, "exclude_reason": "keep", "ndvi": null, "soil_moisture": null, "solar_exposure": null, "wind_exposure": null, "water_retention": null, "slope": null, "aspect": null, "num_identification_agreements": 1, "cluster": 0, "tavg": null, "tmin": 8.9, "tmax": 15.6, "prcp_d0": 12.963421821594238, "prcp_d1": 0.0, "prcp_d2": 0.0, "prcp_d3": 0.0, "prcp_d4": 0.0, "prcp_d5": 0.0, "prcp_d6": 0.8002548217773438, "tmax_d0": 14.6, "tmax_d1": 20.5, "tmax_d2": 23.6, "tmax_d3": 26.3, "tmax_d4": 21.0, "tmax_d5": 21.7, "tmax_d6": 21.3, "tmin_d0": 8.8, "tmin_d1": 11.3, "tmin_d2": 9.5, "tmin_d3": 8.3, "tmin_d4": 5.1, "tmin_d5": 4.6, "tmin_d6": 2.3, "day_of_year": 146, "uuid": "94e3ff85-1d56-461f-a303-1c9d38be60c1", "inat_id": 284270843}}, {"type": "Feature", "geometry": {"type": "Point", "coordinates": [-105.17526226, 40.58130058]}, "properties": {"species": "Marasmius oreades", "date": "2025-05-28", "location": "Larimer County, US-CO, US", "elevation": 1655.0, "land_cover_label": "Grassland", "water_mask": false, "exclude_reason": "keep", "ndvi": null, "soil_moisture": 0.4074504338330739, "solar_exposure": 0.7705134749412537, "wind_exposure": 0.3542259633541107, "water_retention": 0.4576902091503143, "slope": 9.600669860839844, "aspect": 303.0601806640625, "num_identification_agreements": 1, "cluster": 1, "tavg": null, "tmin": 10.0, "tmax": 18.9, "prcp_d0": 23.49135398864746, "prcp_d1": 0.0, "prcp_d2": 11.74567699432373, "prcp_d3": 7.983406066894531, "prcp_d4": 0.0, "prcp_d5": 0.0, "prcp_d6": 0.0, "tmax_d0": 17.6, "tmax_d1": 18.5, "tmax_d2": 15.4, "tmax_d3": 14.4, "tmax_d4": 22.6, "tmax_d5": 23.7, "tmax_d6": 20.5, "tmin_d0": 8.5, "tmin_d1": 8.0, "tmin_d2": 9.1, "tmin_d3": 9.9, "tmin_d4": 10.7, "tmin_d5": 9.6, "tmin_d6": 4.4, "day_of_year": 148, "uuid": "9cdd3f7e-bf2d-4ca0-9df1-45b2932abd58", "inat_id": 284925255}}, {"type": "Feature", "geometry": {"type": "Point", "coordinates": [-105.2559738159, 39.9895858765]}, "properties": {"species": "Marasmius oreades", "date": "2025-05-28", "location": "Boulder", "elevation": 1649.0, "land_cover_label": "Tree cover", "water_mask": false, "exclude_reason": "keep", "ndvi": null, "soil_moisture": 0.3989914252910975, "solar_exposure": 0.8435700535774231, "wind_exposure": 0.3019768893718719, "water_retention": 0.5258909463882446, "slope": 0.3109926879405975, "aspect": 180.0, "num_identification_agreements": 1, "cluster": 3, "tavg": null, "tmin": 10.0, "tmax": 19.0, "prcp_d0": 0.0, "prcp_d1": 6.30052661895752, "prcp_d2": 6.30052661895752, "prcp_d3": 6.406351566314697, "prcp_d4": 0.0, "prcp_d5": 0.0, "prcp_d6": 0.0, "tmax_d0": 17.0, "tmax_d1": 19.2, "tmax_d2": 15.7, "tmax_d3": 15.6, "tmax_d4": 22.2, "tmax_d5": 23.1, "tmax_d6": 21.0, "tmin_d0": 7.2, "tmin_d1": 4.1, "tmin_d2": 6.3, "tmin_d3": 9.2, "tmin_d4": 10.1, "tmin_d5": 6.7, "tmin_d6": 4.8, "day_of_year": 148, "uuid": "155a73b9-08d0-4e54-aeb8-d74630585871", "inat_id": 284951159}}, {"type": "Feature", "geometry": {"type": "Point", "coordinates": [-105.1639853994, 40.2890172732]}, "properties": {"species": "Marasmius oreades", "date": "2025-05-29", "location": "Live Oak Ct, Berthoud, CO, US", "elevation": 1587.0, "land_cover_label": "Grassland", "water_mask": false, "exclude_reason": "keep", "ndvi": null, "soil_moisture": 0.4331677754620605, "solar_exposure": 0.8369662761688232, "wind_exposure": 0.3190371394157409, "water_retention": 0.4050787985324859, "slope": 0.3109926879405975, "aspect": 0.0, "num_identification_agreements": 1, "cluster": 3, "tavg": null, "tmin": 11.0, "tmax": 21.4, "prcp_d0": 0.0, "prcp_d1": 6.3148512840271, "prcp_d2": 0.0, "prcp_d3": 12.6297025680542, "prcp_d4": 6.958571434020996, "prcp_d5": 0.0, "prcp_d6": 0.0, "tmax_d0": 16.7, "tmax_d1": 16.6, "tmax_d2": 19.7, "tmax_d3": 15.1, "tmax_d4": 15.4, "tmax_d5": 23.5, "tmax_d6": 24.5, "tmin_d0": 9.5, "tmin_d1": 6.5, "tmin_d2": 4.4, "tmin_d3": 8.8, "tmin_d4": 10.0, "tmin_d5": 11.1, "tmin_d6": 7.7, "day_of_year": 149, "uuid": "b1c3100f-7cdc-482e-a139-442892443877", "inat_id": 285113423}}, {"type": "Feature", "geometry": {"type": "Point", "coordinates": [-105.2672805786, 39.9904022217]}, "properties": {"species": "Marasmius oreades", "date": "2025-05-29", "location": "Boulder County, US-CO, US", "elevation": 1690.0, "land_cover_label": "Grassland", "water_mask": false, "exclude_reason": "keep", "ndvi": null, "soil_moisture": 0.4326832071950041, "solar_exposure": 0.8076412677764893, "wind_exposure": 0.2999247610569, "water_retention": 0.2748960256576538, "slope": 4.280386447906494, "aspect": 49.2555046081543, "num_identification_agreements": 1, "cluster": 0, "tavg": null, "tmin": 9.0, "tmax": 19.0, "prcp_d0": 0.0, "prcp_d1": 0.0, "prcp_d2": 6.30052661895752, "prcp_d3": 6.30052661895752, "prcp_d4": 6.406351566314697, "prcp_d5": 0.0, "prcp_d6": 0.0, "tmax_d0": 16.8, "tmax_d1": 17.0, "tmax_d2": 19.2, "tmax_d3": 15.7, "tmax_d4": 15.6, "tmax_d5": 22.2, "tmax_d6": 23.1, "tmin_d0": 8.8, "tmin_d1": 7.2, "tmin_d2": 4.1, "tmin_d3": 6.3, "tmin_d4": 9.2, "tmin_d5": 10.1, "tmin_d6": 6.7, "day_of_year": 149, "uuid": "eac50348-fbbb-461f-a7b6-3e7496d8e21f", "inat_id": 285209382}}, {"type": "Feature", "geometry": {"type": "Point", "coordinates": [-104.8561722089, 38.7798516483]}, "properties": {"species": "Marasmius oreades", "date": "2025-05-31", "location": "Colorado, US", "elevation": 1979.0, "land_cover_label": "Tree cover", "water_mask": false, "exclude_reason": "keep", "ndvi": null, "soil_moisture": null, "solar_exposure": null, "wind_exposure": null, "water_retention": null, "slope": null, "aspect": null, "num_identification_agreements": 1, "cluster": 0, "tavg": null, "tmin": 14.0, "tmax": 22.4, "prcp_d0": 9.582304954528809, "prcp_d1": 0.0, "prcp_d2": 14.373456954956056, "prcp_d3": 9.582304954528809, "prcp_d4": 0.0, "prcp_d5": 9.582304954528809, "prcp_d6": 0.0, "tmax_d0": 22.4, "tmax_d1": 24.4, "tmax_d2": 15.4, "tmax_d3": 18.5, "tmax_d4": 19.1, "tmax_d5": 14.3, "tmax_d6": 18.8, "tmin_d0": 9.5, "tmin_d1": 6.6, "tmin_d2": 8.0, "tmin_d3": 4.1, "tmin_d4": 6.1, "tmin_d5": 8.2, "tmin_d6": 10.0, "day_of_year": 151, "uuid": "001cc13b-e5b3-4f0d-9190-2d1327c20005", "inat_id": 285795971}}, {"type": "Feature", "geometry": {"type": "Point", "coordinates": [-104.7808383333, 38.914045]}, "properties": {"species": "Marasmius oreades", "date": "2025-06-02", "location": "Trinity Cir, Colorado Springs, CO, US", "elevation": 2012.0, "land_cover_label": "Grassland", "water_mask": false, "exclude_reason": "keep", "ndvi": null, "soil_moisture": null, "solar_exposure": null, "wind_exposure": null, "water_retention": null, "slope": null, "aspect": null, "num_identification_agreements": 1, "cluster": 0, "tavg": null, "tmin": 9.1, "tmax": 25.9, "prcp_d0": 0.0, "prcp_d1": 9.498519897460938, "prcp_d2": 6.459116458892822, "prcp_d3": 0.0, "prcp_d4": 12.918232917785645, "prcp_d5": 12.918232917785645, "prcp_d6": 0.0, "tmax_d0": 25.4, "tmax_d1": 23.7, "tmax_d2": 23.1, "tmax_d3": 24.3, "tmax_d4": 14.5, "tmax_d5": 19.8, "tmax_d6": 18.2, "tmin_d0": 9.3, "tmin_d1": 10.5, "tmin_d2": 7.8, "tmin_d3": 7.7, "tmin_d4": 8.3, "tmin_d5": 6.4, "tmin_d6": 6.2, "day_of_year": 153, "uuid": "467a4828-4013-41fb-86a5-fc75de9b587b", "inat_id": 307864799}}, {"type": "Feature", "geometry": {"type": "Point", "coordinates": [-105.1438305, 40.5536083333]}, "properties": {"species": "Marasmius oreades", "date": "2025-06-04", "location": "Foothills Trail, Fort Collins, CO, US", "elevation": 1593.0, "land_cover_label": "Tree cover", "water_mask": false, "exclude_reason": "keep", "ndvi": null, "soil_moisture": 0.3770663371730161, "solar_exposure": 0.8334143757820129, "wind_exposure": 0.2764597833156585, "water_retention": 0.2936111390590668, "slope": 6.470325946807861, "aspect": 90.0, "num_identification_agreements": 1, "cluster": 0, "tavg": null, "tmin": 10.6, "tmax": 22.8, "prcp_d0": 0.0, "prcp_d1": 0.0, "prcp_d2": 6.157620429992676, "prcp_d3": 6.157620429992676, "prcp_d4": 0.0, "prcp_d5": 0.0, "prcp_d6": 0.0, "tmax_d0": 18.9, "tmax_d1": 21.2, "tmax_d2": 25.9, "tmax_d3": 27.1, "tmax_d4": 24.1, "tmax_d5": 25.8, "tmax_d6": 16.9, "tmin_d0": 10.6, "tmin_d1": 8.9, "tmin_d2": 10.3, "tmin_d3": 10.1, "tmin_d4": 12.3, "tmin_d5": 7.2, "tmin_d6": 9.4, "day_of_year": 155, "uuid": "004fe039-a37c-45e0-ba9d-9d8205f333b4", "inat_id": 350971432}}, {"type": "Feature", "geometry": {"type": "Point", "coordinates": [-105.0144692193, 39.6935701683]}, "properties": {"species": "Marasmius oreades", "date": "2025-06-04", "location": "Colorado, US", "elevation": 1636.0, "land_cover_label": "Tree cover", "water_mask": false, "exclude_reason": "keep", "ndvi": null, "soil_moisture": 0.3512382441229475, "solar_exposure": 0.8435428142547607, "wind_exposure": 0.3349126875400543, "water_retention": 0.5117361545562744, "slope": 0.5115081071853638, "aspect": 232.55630493164065, "num_identification_agreements": 1, "cluster": 3, "tavg": null, "tmin": 9.6, "tmax": 18.3, "prcp_d0": 0.0, "prcp_d1": 4.7492523193359375, "prcp_d2": 9.498504638671877, "prcp_d3": 4.7492523193359375, "prcp_d4": 12.476146697998049, "prcp_d5": 0.0, "prcp_d6": 0.0, "tmax_d0": 18.1, "tmax_d1": 23.6, "tmax_d2": 26.8, "tmax_d3": 28.5, "tmax_d4": 23.8, "tmax_d5": 25.1, "tmax_d6": 17.4, "tmin_d0": 9.6, "tmin_d1": 9.2, "tmin_d2": 11.7, "tmin_d3": 10.7, "tmin_d4": 9.4, "tmin_d5": 7.2, "tmin_d6": 9.2, "day_of_year": 155, "uuid": "4c08def5-f51b-4859-beb5-d44d7239e9dd", "inat_id": 286955917}}, {"type": "Feature", "geometry": {"type": "Point", "coordinates": [-105.396699, 39.97160039]}, "properties": {"species": "Marasmius oreades", "date": "2025-06-05", "location": "Nederland, CO 80466, USA", "elevation": 2410.0, "land_cover_label": "Tree cover", "water_mask": false, "exclude_reason": "keep", "ndvi": null, "soil_moisture": 0.4107125230254335, "solar_exposure": 0.8962940573692322, "wind_exposure": 0.3206960558891296, "water_retention": 0.2027821242809295, "slope": 6.22350549697876, "aspect": 198.9654235839844, "num_identification_agreements": 2, "cluster": 0, "tavg": null, "tmin": 11.0, "tmax": 22.0, "prcp_d0": 0.0, "prcp_d1": 0.0, "prcp_d2": 0.0, "prcp_d3": 28.33020401000977, "prcp_d4": 0.0, "prcp_d5": 6.661044597625732, "prcp_d6": 6.661044597625732, "tmax_d0": 13.9, "tmax_d1": 12.5, "tmax_d2": 16.5, "tmax_d3": 21.5, "tmax_d4": 22.9, "tmax_d5": 18.0, "tmax_d6": 20.8, "tmin_d0": 3.0, "tmin_d1": 3.2, "tmin_d2": 3.7, "tmin_d3": 10.3, "tmin_d4": 5.7, "tmin_d5": 5.5, "tmin_d6": 1.1, "day_of_year": 156, "uuid": "c992a3d1-3448-424e-811f-8497f63cc484", "inat_id": 287130475}}, {"type": "Feature", "geometry": {"type": "Point", "coordinates": [-105.0441210997, 39.6511135]}, "properties": {"species": "Marasmius oreades", "date": "2025-06-06", "location": "MX24+H5 Turtle Pond, Denver, CO 80236, USA", "elevation": 1633.0, "land_cover_label": "Grassland", "water_mask": false, "exclude_reason": "keep", "ndvi": null, "soil_moisture": 0.3953340413083102, "solar_exposure": 0.8196725249290466, "wind_exposure": 0.3150287866592407, "water_retention": 0.5059774518013, "slope": 2.227393627166748, "aspect": 33.14213562011719, "num_identification_agreements": 1, "cluster": 3, "tavg": null, "tmin": 10.6, "tmax": 20.0, "prcp_d0": 7.842241287231445, "prcp_d1": 4.7492523193359375, "prcp_d2": 0.0, "prcp_d3": 4.7492523193359375, "prcp_d4": 9.498504638671877, "prcp_d5": 4.7492523193359375, "prcp_d6": 12.476146697998049, "tmax_d0": 18.4, "tmax_d1": 20.0, "tmax_d2": 18.1, "tmax_d3": 23.6, "tmax_d4": 26.8, "tmax_d5": 28.5, "tmax_d6": 23.8, "tmin_d0": 9.2, "tmin_d1": 9.7, "tmin_d2": 9.6, "tmin_d3": 9.2, "tmin_d4": 11.7, "tmin_d5": 10.7, "tmin_d6": 9.4, "day_of_year": 157, "uuid": "786347cc-449c-46e5-8556-985bb1e91830", "inat_id": 287357618}}, {"type": "Feature", "geometry": {"type": "Point", "coordinates": [-104.9464716667, 39.7420833333]}, "properties": {"species": "Marasmius oreades", "date": "2025-06-06", "location": "Madison St, Denver, CO, US", "elevation": 1616.0, "land_cover_label": "Tree cover", "water_mask": false, "exclude_reason": "keep", "ndvi": null, "soil_moisture": 0.3686134166521343, "solar_exposure": 0.8267984390258789, "wind_exposure": 0.3237757086753845, "water_retention": 0.4484009444713592, "slope": 1.30837082862854, "aspect": 341.919677734375, "num_identification_agreements": 1, "cluster": 3, "tavg": null, "tmin": 10.6, "tmax": 18.5, "prcp_d0": 0.0, "prcp_d1": 0.0, "prcp_d2": 0.0, "prcp_d3": 9.1687650680542, "prcp_d4": 13.753146171569824, "prcp_d5": 4.5843825340271, "prcp_d6": 15.902213096618652, "tmax_d0": 18.0, "tmax_d1": 19.3, "tmax_d2": 19.0, "tmax_d3": 24.0, "tmax_d4": 27.0, "tmax_d5": 28.9, "tmax_d6": 23.7, "tmin_d0": 9.4, "tmin_d1": 9.8, "tmin_d2": 10.0, "tmin_d3": 8.6, "tmin_d4": 11.8, "tmin_d5": 12.0, "tmin_d6": 10.2, "day_of_year": 157, "uuid": "f61a2742-6c77-4b9b-8563-9ecbbcc03d66", "inat_id": 288183545}}, {"type": "Feature", "geometry": {"type": "Point", "coordinates": [-104.7710206843, 40.4461186437]}, "properties": {"species": "Marasmius oreades", "date": "2025-06-06", "location": "Greeley, CO, US", "elevation": 1430.0, "land_cover_label": "Grassland", "water_mask": false, "exclude_reason": "keep", "ndvi": null, "soil_moisture": 0.3133355208458468, "solar_exposure": 0.830236554145813, "wind_exposure": 0.3199395537376404, "water_retention": 0.3777396976947784, "slope": 0.9329047203063964, "aspect": 0.0, "num_identification_agreements": 1, "cluster": 0, "tavg": null, "tmin": 11.1, "tmax": 18.3, "prcp_d0": 0.0, "prcp_d1": 0.0, "prcp_d2": 0.0, "prcp_d3": 8.131366729736328, "prcp_d4": 8.131366729736328, "prcp_d5": 0.0, "prcp_d6": 0.0, "tmax_d0": 19.9, "tmax_d1": 22.1, "tmax_d2": 20.6, "tmax_d3": 24.1, "tmax_d4": 27.0, "tmax_d5": 28.8, "tmax_d6": 25.0, "tmin_d0": 11.1, "tmin_d1": 10.5, "tmin_d2": 10.7, "tmin_d3": 9.2, "tmin_d4": 10.7, "tmin_d5": 10.8, "tmin_d6": 12.4, "day_of_year": 157, "uuid": "17ff6d38-571c-4fa0-b132-6f9a789a257b", "inat_id": 287320698}}, {"type": "Feature", "geometry": {"type": "Point", "coordinates": [-105.1286018422, 40.6263291018]}, "properties": {"species": "Marasmius oreades", "date": "2025-06-06", "location": "CR-54G, Fort Collins, CO, US", "elevation": 1542.0, "land_cover_label": "Bare / sparse vegetation", "water_mask": false, "exclude_reason": "keep", "ndvi": null, "soil_moisture": 0.3946149891728253, "solar_exposure": 0.8335094451904297, "wind_exposure": 0.3188015222549438, "water_retention": 0.4729413390159607, "slope": 1.0229346752166748, "aspect": 52.55630493164063, "num_identification_agreements": 1, "cluster": 3, "tavg": null, "tmin": 10.6, "tmax": 16.7, "prcp_d0": 0.0, "prcp_d1": 0.0, "prcp_d2": 3.050987243652344, "prcp_d3": 3.050987243652344, "prcp_d4": 3.050987243652344, "prcp_d5": 3.050987243652344, "prcp_d6": 0.0, "tmax_d0": 17.6, "tmax_d1": 20.3, "tmax_d2": 19.2, "tmax_d3": 20.7, "tmax_d4": 26.3, "tmax_d5": 27.3, "tmax_d6": 24.1, "tmin_d0": 11.1, "tmin_d1": 9.6, "tmin_d2": 10.8, "tmin_d3": 9.2, "tmin_d4": 11.2, "tmin_d5": 10.5, "tmin_d6": 12.6, "day_of_year": 157, "uuid": "c60f903b-2139-4c3b-85f7-c87bfc1e5078", "inat_id": 291235476}}, {"type": "Feature", "geometry": {"type": "Point", "coordinates": [-104.7699493077, 40.4412286682]}, "properties": {"species": "Marasmius oreades", "date": "2025-06-06", "location": "Greeley, CO, USA", "elevation": 1431.0, "land_cover_label": "Grassland", "water_mask": false, "exclude_reason": "keep", "ndvi": null, "soil_moisture": 0.3117099735294997, "solar_exposure": 0.8401755690574646, "wind_exposure": 0.31845822930336, "water_retention": 0.4611597955226898, "slope": 0.8121921420097351, "aspect": 270.0, "num_identification_agreements": 2, "cluster": 3, "tavg": null, "tmin": 11.1, "tmax": 18.3, "prcp_d0": 0.0, "prcp_d1": 0.0, "prcp_d2": 0.0, "prcp_d3": 8.131366729736328, "prcp_d4": 8.131366729736328, "prcp_d5": 0.0, "prcp_d6": 0.0, "tmax_d0": 19.9, "tmax_d1": 22.1, "tmax_d2": 20.6, "tmax_d3": 24.1, "tmax_d4": 27.0, "tmax_d5": 28.8, "tmax_d6": 25.0, "tmin_d0": 11.1, "tmin_d1": 10.5, "tmin_d2": 10.7, "tmin_d3": 9.2, "tmin_d4": 10.7, "tmin_d5": 10.8, "tmin_d6": 12.4, "day_of_year": 157, "uuid": "8ae01fae-6fd7-4511-8dbd-03e49cb00c6f", "inat_id": 287317566}}, {"type": "Feature", "geometry": {"type": "Point", "coordinates": [-105.3002916667, 39.7007966667]}, "properties": {"species": "Marasmius oreades", "date": "2025-06-06", "location": "Genesee Dr, Golden, CO, US", "elevation": 2414.0, "land_cover_label": "Grassland", "water_mask": false, "exclude_reason": "keep", "ndvi": null, "soil_moisture": 0.4188067792926088, "solar_exposure": 0.8415197730064392, "wind_exposure": 0.4065963923931122, "water_retention": 0.2828162312507629, "slope": 5.700759410858154, "aspect": 263.7569274902344, "num_identification_agreements": 1, "cluster": 0, "tavg": null, "tmin": 11.0, "tmax": 19.0, "prcp_d0": 0.0, "prcp_d1": 0.0, "prcp_d2": 0.0, "prcp_d3": 42.7506217956543, "prcp_d4": 0.0, "prcp_d5": 0.0, "prcp_d6": 16.803720474243164, "tmax_d0": 15.7, "tmax_d1": 16.8, "tmax_d2": 13.9, "tmax_d3": 17.7, "tmax_d4": 21.5, "tmax_d5": 24.0, "tmax_d6": 18.3, "tmin_d0": 3.7, "tmin_d1": 2.6, "tmin_d2": 3.9, "tmin_d3": 4.1, "tmin_d4": 8.0, "tmin_d5": 5.3, "tmin_d6": 4.1, "day_of_year": 157, "uuid": "3ab195d8-1917-4bc8-a753-161ffdea974f", "inat_id": 287384556}}, {"type": "Feature", "geometry": {"type": "Point", "coordinates": [-105.262, 39.9663616667]}, "properties": {"species": "Marasmius oreades", "date": "2025-06-06", "location": "Shanahan-North Fork Trail, Boulder, CO, US", "elevation": 1771.0, "land_cover_label": "Tree cover", "water_mask": false, "exclude_reason": "keep", "ndvi": null, "soil_moisture": 0.4209896413647027, "solar_exposure": 0.7776046991348267, "wind_exposure": 0.3388826847076416, "water_retention": 0.1845805794000625, "slope": 8.129353523254395, "aspect": 52.55630493164063, "num_identification_agreements": 1, "cluster": 0, "tavg": null, "tmin": 12.0, "tmax": 20.0, "prcp_d0": 0.0, "prcp_d1": 0.0, "prcp_d2": 0.0, "prcp_d3": 9.85123062133789, "prcp_d4": 14.77684497833252, "prcp_d5": 0.0, "prcp_d6": 6.30052661895752, "tmax_d0": 16.9, "tmax_d1": 17.8, "tmax_d2": 17.7, "tmax_d3": 21.8, "tmax_d4": 24.2, "tmax_d5": 28.2, "tmax_d6": 23.2, "tmin_d0": 8.5, "tmin_d1": 7.8, "tmin_d2": 7.2, "tmin_d3": 7.5, "tmin_d4": 13.8, "tmin_d5": 9.6, "tmin_d6": 10.3, "day_of_year": 157, "uuid": "5f729276-7eba-413b-bf17-76a5528b6e62", "inat_id": 287380971}}, {"type": "Feature", "geometry": {"type": "Point", "coordinates": [-105.3427955129, 39.6886903979]}, "properties": {"species": "Marasmius oreades", "date": "2025-06-08", "location": "Beaver Creek Ln, Evergreen, CO, US", "elevation": 2321.0, "land_cover_label": "Tree cover", "water_mask": false, "exclude_reason": "keep", "ndvi": null, "soil_moisture": 0.3650835270254131, "solar_exposure": 0.8585234880447388, "wind_exposure": 0.271662026643753, "water_retention": 0.297450989484787, "slope": 3.066199779510498, "aspect": 127.44369506835938, "num_identification_agreements": 2, "cluster": 0, "tavg": null, "tmin": 13.0, "tmax": 20.0, "prcp_d0": 0.0, "prcp_d1": 0.0, "prcp_d2": 9.422473907470703, "prcp_d3": 0.0, "prcp_d4": 0.0, "prcp_d5": 10.505846977233888, "prcp_d6": 0.0, "tmax_d0": 20.6, "tmax_d1": 21.9, "tmax_d2": 16.2, "tmax_d3": 17.3, "tmax_d4": 14.4, "tmax_d5": 18.2, "tmax_d6": 22.0, "tmin_d0": 5.1, "tmin_d1": 4.9, "tmin_d2": 4.2, "tmin_d3": 3.1, "tmin_d4": 4.4, "tmin_d5": 4.6, "tmin_d6": 8.5, "day_of_year": 159, "uuid": "16602424-e0a6-43bb-8e88-731a919051ce", "inat_id": 287964483}}, {"type": "Feature", "geometry": {"type": "Point", "coordinates": [-105.14403464, 39.97007672]}, "properties": {"species": "Marasmius oreades", "date": "2025-06-09", "location": "Boulder County, US-CO, US", "elevation": 1648.0, "land_cover_label": "Bare / sparse vegetation", "water_mask": false, "exclude_reason": "keep", "ndvi": null, "soil_moisture": 0.3623888040479806, "solar_exposure": 0.8428915143013, "wind_exposure": 0.3141945600509643, "water_retention": 0.3245202004909515, "slope": 2.0534136295318604, "aspect": 98.70738220214844, "num_identification_agreements": 2, "cluster": 0, "tavg": null, "tmin": 11.0, "tmax": 26.0, "prcp_d0": 0.0, "prcp_d1": 0.0, "prcp_d2": 0.0, "prcp_d3": 0.0, "prcp_d4": 0.0, "prcp_d5": 0.0, "prcp_d6": 0.0, "tmax_d0": 24.0, "tmax_d1": 23.9, "tmax_d2": 26.2, "tmax_d3": 19.0, "tmax_d4": 19.7, "tmax_d5": 19.0, "tmax_d6": 23.4, "tmin_d0": 10.0, "tmin_d1": 11.0, "tmin_d2": 7.3, "tmin_d3": 9.9, "tmin_d4": 9.3, "tmin_d5": 8.3, "tmin_d6": 8.6, "day_of_year": 160, "uuid": "e487ba0c-8da8-4489-8556-5ace3a8ea34e", "inat_id": 288267870}}, {"type": "Feature", "geometry": {"type": "Point", "coordinates": [-105.08548055, 40.17714058]}, "properties": {"species": "Marasmius oreades", "date": "2025-06-10", "location": "Longmont, Colorado, EE. UU.", "elevation": 1527.0, "land_cover_label": "Grassland", "water_mask": false, "exclude_reason": "keep", "ndvi": null, "soil_moisture": 0.3206440352564371, "solar_exposure": 0.8402840495109558, "wind_exposure": 0.3187998533248901, "water_retention": 0.5658708214759827, "slope": 0.0, "aspect": 0.0, "num_identification_agreements": 1, "cluster": 3, "tavg": null, "tmin": 9.7, "tmax": 34.0, "prcp_d0": 0.0, "prcp_d1": 0.0, "prcp_d2": 0.0, "prcp_d3": 0.0, "prcp_d4": 0.0, "prcp_d5": 0.0, "prcp_d6": 0.0, "tmax_d0": 28.9, "tmax_d1": 24.2, "tmax_d2": 23.1, "tmax_d3": 25.9, "tmax_d4": 17.8, "tmax_d5": 20.0, "tmax_d6": 18.6, "tmin_d0": 7.8, "tmin_d1": 9.1, "tmin_d2": 10.9, "tmin_d3": 8.8, "tmin_d4": 10.6, "tmin_d5": 8.9, "tmin_d6": 9.5, "day_of_year": 161, "uuid": "d9969764-12ad-4d3e-97d0-928f38b13d05", "inat_id": 288603811}}, {"type": "Feature", "geometry": {"type": "Point", "coordinates": [-107.8691253611, 37.2979469167]}, "properties": {"species": "Marasmius oreades", "date": "2025-06-11", "location": "E. 3rd Ave. & 31st., Durango, CO 81301, USA", "elevation": 1997.0, "land_cover_label": "Tree cover", "water_mask": false, "exclude_reason": "keep", "ndvi": null, "soil_moisture": null, "solar_exposure": null, "wind_exposure": null, "water_retention": null, "slope": null, "aspect": null, "num_identification_agreements": 1, "cluster": 0, "tavg": null, "tmin": 5.6, "tmax": 29.4, "prcp_d0": 0.7963157892227173, "prcp_d1": 3.036304235458374, "prcp_d2": 0.0, "prcp_d3": 0.0, "prcp_d4": 0.0, "prcp_d5": 0.0, "prcp_d6": 0.0, "tmax_d0": 27.5, "tmax_d1": 24.2, "tmax_d2": 25.8, "tmax_d3": 26.6, "tmax_d4": 25.7, "tmax_d5": 22.7, "tmax_d6": 20.2, "tmin_d0": 10.4, "tmin_d1": 10.8, "tmin_d2": 9.6, "tmin_d3": 7.8, "tmin_d4": 7.2, "tmin_d5": 7.7, "tmin_d6": 8.1, "day_of_year": 162, "uuid": "9b580660-8ac1-40d7-bdc0-698361d69a58", "inat_id": 288890628}}, {"type": "Feature", "geometry": {"type": "Point", "coordinates": [-104.8632824941, 39.8199601146]}, "properties": {"species": "Marasmius oreades", "date": "2025-06-18", "location": "Lake Mary Loop Trail, Denver, CO, US", "elevation": 1594.0, "land_cover_label": "Grassland", "water_mask": false, "exclude_reason": "keep", "ndvi": null, "soil_moisture": 0.2369973704039317, "solar_exposure": 0.8625757098197937, "wind_exposure": 0.3269594013690948, "water_retention": 0.4039254486560821, "slope": 2.213426351547241, "aspect": 169.4326934814453, "num_identification_agreements": 2, "cluster": 0, "tavg": null, "tmin": 13.1, "tmax": 27.6, "prcp_d0": 0.0, "prcp_d1": 8.799717903137207, "prcp_d2": 0.0, "prcp_d3": 6.049001058272552e-06, "prcp_d4": 0.0115434806793928, "prcp_d5": 1.806719183921814, "prcp_d6": 1.896830558776856, "tmax_d0": 26.3, "tmax_d1": 31.3, "tmax_d2": 32.0, "tmax_d3": 34.3, "tmax_d4": 33.7, "tmax_d5": 31.1, "tmax_d6": 32.0, "tmin_d0": 11.8, "tmin_d1": 15.3, "tmin_d2": 14.7, "tmin_d3": 15.1, "tmin_d4": 14.1, "tmin_d5": 13.6, "tmin_d6": 13.2, "day_of_year": 169, "uuid": "64419311-6b9a-401f-ab9d-68933bb7ad12", "inat_id": 290850031}}, {"type": "Feature", "geometry": {"type": "Point", "coordinates": [-106.3001368997, 35.8828069997]}, "properties": {"species": "Marasmius oreades", "date": "2025-06-29", "location": "Los Alamos, NM 87544, USA", "elevation": 2235.0, "land_cover_label": "Tree cover", "water_mask": false, "exclude_reason": "keep", "ndvi": null, "soil_moisture": null, "solar_exposure": null, "wind_exposure": null, "water_retention": null, "slope": null, "aspect": null, "num_identification_agreements": 3, "cluster": 0, "tavg": null, "tmin": 17.2, "tmax": 30.4, "prcp_d0": 0.0, "prcp_d1": 0.0, "prcp_d2": 0.0, "prcp_d3": 0.0, "prcp_d4": 9.479256629943848, "prcp_d5": 4.739628314971924, "prcp_d6": 0.0, "tmax_d0": 28.1, "tmax_d1": 28.0, "tmax_d2": 26.3, "tmax_d3": 23.4, "tmax_d4": 22.4, "tmax_d5": 27.4, "tmax_d6": 27.9, "tmin_d0": 12.5, "tmin_d1": 11.8, "tmin_d2": 11.9, "tmin_d3": 10.3, "tmin_d4": 13.5, "tmin_d5": 14.7, "tmin_d6": 16.0, "day_of_year": 180, "uuid": "18668de4-e876-448f-9425-9103a9f14fd9", "inat_id": 293867850}}, {"type": "Feature", "geometry": {"type": "Point", "coordinates": [-105.24292, 39.9839333333]}, "properties": {"species": "Marasmius oreades", "date": "2025-07-15", "location": "S 45th St, Boulder, CO, US", "elevation": 1651.0, "land_cover_label": "Tree cover", "water_mask": false, "exclude_reason": "keep", "ndvi": null, "soil_moisture": 0.2185332445174213, "solar_exposure": 0.823276937007904, "wind_exposure": 0.3251717984676361, "water_retention": 0.3351628184318542, "slope": 1.7537903785705566, "aspect": 27.580415725708008, "num_identification_agreements": 1, "cluster": 0, "tavg": null, "tmin": 18.0, "tmax": 34.0, "prcp_d0": 0.0, "prcp_d1": 8.029397964477539, "prcp_d2": 0.0, "prcp_d3": 8.029397964477539, "prcp_d4": 0.0, "prcp_d5": 0.0, "prcp_d6": 0.0, "tmax_d0": 34.6, "tmax_d1": 33.3, "tmax_d2": 32.4, "tmax_d3": 26.3, "tmax_d4": 30.5, "tmax_d5": 34.5, "tmax_d6": 36.8, "tmin_d0": 16.5, "tmin_d1": 14.4, "tmin_d2": 13.1, "tmin_d3": 14.1, "tmin_d4": 12.0, "tmin_d5": 20.7, "tmin_d6": 12.2, "day_of_year": 196, "uuid": "ccf22883-3400-402e-b991-b83402f29dad", "inat_id": 298342267}}, {"type": "Feature", "geometry": {"type": "Point", "coordinates": [-105.0739116, 40.5707757]}, "properties": {"species": "Marasmius oreades", "date": "2025-07-19", "location": "Historic Fort Collins High School, Fort Collins, CO, USA", "elevation": 1524.0, "land_cover_label": "Grassland", "water_mask": false, "exclude_reason": "keep", "ndvi": null, "soil_moisture": 0.2427885983371344, "solar_exposure": 0.8497998118400574, "wind_exposure": 0.3245394825935364, "water_retention": 0.297450989484787, "slope": 1.53419828414917, "aspect": 127.44369506835938, "num_identification_agreements": 2, "cluster": 0, "tavg": null, "tmin": 15.6, "tmax": 32.8, "prcp_d0": 0.0, "prcp_d1": 0.0, "prcp_d2": 6.136902809143066, "prcp_d3": 0.0, "prcp_d4": 0.0, "prcp_d5": 2.8939573764801025, "prcp_d6": 0.0, "tmax_d0": 29.8, "tmax_d1": 30.2, "tmax_d2": 27.8, "tmax_d3": 31.6, "tmax_d4": 33.3, "tmax_d5": 32.2, "tmax_d6": 32.3, "tmin_d0": 15.4, "tmin_d1": 14.9, "tmin_d2": 15.8, "tmin_d3": 15.8, "tmin_d4": 15.3, "tmin_d5": 17.1, "tmin_d6": 14.6, "day_of_year": 200, "uuid": "11f1f0e0-af5a-4e30-9e0f-217421d88bf4", "inat_id": 299237236}}, {"type": "Feature", "geometry": {"type": "Point", "coordinates": [-105.1837929387, 38.7538861907]}, "properties": {"species": "Marasmius oreades", "date": "2025-07-24", "location": "Cripple Creek, CO, US", "elevation": 2930.0, "land_cover_label": "Grassland", "water_mask": false, "exclude_reason": "keep", "ndvi": null, "soil_moisture": null, "solar_exposure": null, "wind_exposure": null, "water_retention": null, "slope": null, "aspect": null, "num_identification_agreements": 1, "cluster": 0, "tavg": null, "tmin": 17.0, "tmax": 24.0, "prcp_d0": 6.858968734741211, "prcp_d1": 13.717937469482422, "prcp_d2": 0.0, "prcp_d3": 0.0, "prcp_d4": 0.0, "prcp_d5": 0.0, "prcp_d6": 5.647598743438721, "tmax_d0": 20.0, "tmax_d1": 20.1, "tmax_d2": 21.9, "tmax_d3": 23.9, "tmax_d4": 23.1, "tmax_d5": 22.2, "tmax_d6": 22.3, "tmin_d0": 7.6, "tmin_d1": 7.5, "tmin_d2": 8.0, "tmin_d3": 9.1, "tmin_d4": 9.5, "tmin_d5": 8.8, "tmin_d6": 8.2, "day_of_year": 205, "uuid": "0539b057-6846-410c-bd77-195ee4be4477", "inat_id": 300812841}}, {"type": "Feature", "geometry": {"type": "Point", "coordinates": [-104.91095, 39.7213783333]}, "properties": {"species": "Marasmius oreades", "date": "2025-07-30", "location": "E Fourth Ave, Denver, CO, US", "elevation": 1641.0, "land_cover_label": "Tree cover", "water_mask": false, "exclude_reason": "keep", "ndvi": null, "soil_moisture": 0.1312447889824707, "solar_exposure": 0.823276698589325, "wind_exposure": 0.3266932666301727, "water_retention": 0.4501080811023712, "slope": 1.7537903785705566, "aspect": 332.4195861816406, "num_identification_agreements": 1, "cluster": 0, "tavg": null, "tmin": 16.8, "tmax": 25.1, "prcp_d0": 3.145045280456543, "prcp_d1": 0.0, "prcp_d2": 0.0, "prcp_d3": 0.0, "prcp_d4": 0.0, "prcp_d5": 0.0, "prcp_d6": 6.148873805999756, "tmax_d0": 27.0, "tmax_d1": 35.8, "tmax_d2": 36.8, "tmax_d3": 36.8, "tmax_d4": 34.1, "tmax_d5": 31.2, "tmax_d6": 27.0, "tmin_d0": 16.4, "tmin_d1": 20.7, "tmin_d2": 18.2, "tmin_d3": 16.9, "tmin_d4": 16.2, "tmin_d5": 15.7, "tmin_d6": 15.8, "day_of_year": 211, "uuid": "c811efbc-d196-47da-ad6f-443eae59c040", "inat_id": 302430760}}, {"type": "Feature", "geometry": {"type": "Point", "coordinates": [-105.10545212, 40.54493544]}, "properties": {"species": "Marasmius oreades", "date": "2025-08-15", "location": "Wagon Wheel, Fort Collins, CO 80526, USA", "elevation": 1554.0, "land_cover_label": "Grassland", "water_mask": false, "exclude_reason": "keep", "ndvi": null, "soil_moisture": 0.1754464430029987, "solar_exposure": 0.8367230892181396, "wind_exposure": 0.3276475965976715, "water_retention": 0.519298791885376, "slope": 1.2572333812713623, "aspect": 284.3193054199219, "num_identification_agreements": 1, "cluster": 3, "tavg": null, "tmin": 16.7, "tmax": 33.3, "prcp_d0": 0.0, "prcp_d1": 6.452772617340088, "prcp_d2": 0.0, "prcp_d3": 0.0, "prcp_d4": 0.0, "prcp_d5": 17.263206481933594, "prcp_d6": 0.0, "tmax_d0": 32.6, "tmax_d1": 33.4, "tmax_d2": 33.8, "tmax_d3": 28.7, "tmax_d4": 29.2, "tmax_d5": 27.3, "tmax_d6": 32.8, "tmin_d0": 15.3, "tmin_d1": 14.3, "tmin_d2": 13.6, "tmin_d3": 13.9, "tmin_d4": 11.8, "tmin_d5": 14.4, "tmin_d6": 17.3, "day_of_year": 227, "uuid": "ede97489-4926-4757-b764-ba259ff623a4", "inat_id": 306549697}}, {"type": "Feature", "geometry": {"type": "Point", "coordinates": [-105.08600185, 40.17659197]}, "properties": {"species": "Marasmius oreades", "date": "2025-08-18", "location": "Longmont, Colorado, EE. UU.", "elevation": 1528.0, "land_cover_label": "Grassland", "water_mask": false, "exclude_reason": "keep", "ndvi": null, "soil_moisture": 0.1693413725625153, "solar_exposure": 0.8499363660812378, "wind_exposure": 0.3240031898021698, "water_retention": 0.3587209284305572, "slope": 1.2368242740631104, "aspect": 138.9575958251953, "num_identification_agreements": 2, "cluster": 0, "tavg": null, "tmin": 16.4, "tmax": 34.5, "prcp_d0": 0.0, "prcp_d1": 0.0, "prcp_d2": 0.0, "prcp_d3": 0.0, "prcp_d4": 0.0, "prcp_d5": 0.0, "prcp_d6": 0.0, "tmax_d0": 33.1, "tmax_d1": 32.2, "tmax_d2": 31.6, "tmax_d3": 34.2, "tmax_d4": 35.9, "tmax_d5": 35.1, "tmax_d6": 30.2, "tmin_d0": 15.6, "tmin_d1": 15.6, "tmin_d2": 17.5, "tmin_d3": 15.2, "tmin_d4": 14.1, "tmin_d5": 12.4, "tmin_d6": 13.4, "day_of_year": 230, "uuid": "50911af7-0f1b-4142-80ee-f1be0af4dd4f", "inat_id": 307396243}}, {"type": "Feature", "geometry": {"type": "Point", "coordinates": [-105.0780721667, 40.3866883333]}, "properties": {"species": "Marasmius oreades", "date": "2025-08-24", "location": "Loveland, CO, US", "elevation": 1507.0, "land_cover_label": "Grassland", "water_mask": false, "exclude_reason": "keep", "ndvi": null, "soil_moisture": 0.1902205944049806, "solar_exposure": 0.8435429334640503, "wind_exposure": 0.315013587474823, "water_retention": 0.5117361545562744, "slope": 0.5115081071853638, "aspect": 127.44369506835938, "num_identification_agreements": 1, "cluster": 3, "tavg": null, "tmin": 14.4, "tmax": 23.3, "prcp_d0": 0.0, "prcp_d1": 0.0, "prcp_d2": 0.0, "prcp_d3": 0.0, "prcp_d4": 0.0, "prcp_d5": 0.0, "prcp_d6": 0.0, "tmax_d0": 24.4, "tmax_d1": 25.6, "tmax_d2": 33.0, "tmax_d3": 34.8, "tmax_d4": 34.1, "tmax_d5": 31.5, "tmax_d6": 32.8, "tmin_d0": 15.1, "tmin_d1": 16.8, "tmin_d2": 17.6, "tmin_d3": 16.5, "tmin_d4": 16.2, "tmin_d5": 15.3, "tmin_d6": 16.4, "day_of_year": 236, "uuid": "f58717d5-84bc-4074-8883-cf1276ef7c30", "inat_id": 308773625}}, {"type": "Feature", "geometry": {"type": "Point", "coordinates": [-105.06229778, 40.60848582]}, "properties": {"species": "Marasmius oreades", "date": "2025-08-26", "location": "Greenbriar, Fort Collins, CO 80524, USA", "elevation": 1518.0, "land_cover_label": "Grassland", "water_mask": false, "exclude_reason": "keep", "ndvi": null, "soil_moisture": 0.2827270454104115, "solar_exposure": 0.843461275100708, "wind_exposure": 0.3222602605819702, "water_retention": 0.466941624879837, "slope": 0.8696818947792053, "aspect": 249.04898071289065, "num_identification_agreements": 1, "cluster": 3, "tavg": null, "tmin": 13.0, "tmax": 24.0, "prcp_d0": 0.0, "prcp_d1": 0.0, "prcp_d2": 0.0, "prcp_d3": 0.0, "prcp_d4": 0.0, "prcp_d5": 0.0, "prcp_d6": 0.0, "tmax_d0": 24.1, "tmax_d1": 24.1, "tmax_d2": 24.6, "tmax_d3": 26.6, "tmax_d4": 33.1, "tmax_d5": 34.7, "tmax_d6": 34.2, "tmin_d0": 14.1, "tmin_d1": 15.9, "tmin_d2": 14.7, "tmin_d3": 17.0, "tmin_d4": 17.6, "tmin_d5": 16.2, "tmin_d6": 15.5, "day_of_year": 238, "uuid": "7d332dec-85c5-4ceb-a892-07b3d5a2ebb2", "inat_id": 309333099}}, {"type": "Feature", "geometry": {"type": "Point", "coordinates": [-105.0866916667, 40.1761583333]}, "properties": {"species": "Marasmius oreades", "date": "2025-08-27", "location": "Clark Centennial Community Park, Longmont, CO, US", "elevation": 1528.0, "land_cover_label": "Grassland", "water_mask": false, "exclude_reason": "keep", "ndvi": null, "soil_moisture": 0.3542080379991214, "solar_exposure": 0.8594033718109131, "wind_exposure": 0.330244779586792, "water_retention": 0.3251533508300781, "slope": 2.03423810005188, "aspect": 203.523178100586, "num_identification_agreements": 2, "cluster": 0, "tavg": null, "tmin": 16.0, "tmax": 27.0, "prcp_d0": 0.0, "prcp_d1": 0.0, "prcp_d2": 0.0, "prcp_d3": 0.0, "prcp_d4": 0.0, "prcp_d5": 0.0, "prcp_d6": 0.0, "tmax_d0": 24.9, "tmax_d1": 22.4, "tmax_d2": 22.0, "tmax_d3": 24.8, "tmax_d4": 25.8, "tmax_d5": 33.9, "tmax_d6": 34.8, "tmin_d0": 14.7, "tmin_d1": 14.0, "tmin_d2": 15.6, "tmin_d3": 14.2, "tmin_d4": 17.3, "tmin_d5": 17.6, "tmin_d6": 15.7, "day_of_year": 239, "uuid": "0e6ab8a7-0024-4577-ad76-d10f964e79b9", "inat_id": 309617163}}, {"type": "Feature", "geometry": {"type": "Point", "coordinates": [-106.81636025, 40.44725394]}, "properties": {"species": "Marasmius oreades", "date": "2025-08-28", "location": "Steamboat Springs, CO 80487, USA", "elevation": 2066.0, "land_cover_label": "Grassland", "water_mask": false, "exclude_reason": "keep", "ndvi": null, "soil_moisture": null, "solar_exposure": null, "wind_exposure": null, "water_retention": null, "slope": null, "aspect": null, "num_identification_agreements": 1, "cluster": 0, "tavg": null, "tmin": 9.0, "tmax": 23.0, "prcp_d0": 0.0, "prcp_d1": 0.0, "prcp_d2": 21.617000579833984, "prcp_d3": 0.0, "prcp_d4": 5.297890663146973, "prcp_d5": 5.297890663146973, "prcp_d6": 0.0, "tmax_d0": 21.1, "tmax_d1": 20.2, "tmax_d2": 22.8, "tmax_d3": 24.5, "tmax_d4": 28.0, "tmax_d5": 29.5, "tmax_d6": 30.8, "tmin_d0": 11.3, "tmin_d1": 12.2, "tmin_d2": 11.7, "tmin_d3": 12.8, "tmin_d4": 11.4, "tmin_d5": 12.5, "tmin_d6": 13.8, "day_of_year": 240, "uuid": "4a2d6582-b81d-4cc6-b3e6-cb91931e9acf", "inat_id": 309771325}}, {"type": "Feature", "geometry": {"type": "Point", "coordinates": [-104.8950958056, 39.7082214167]}, "properties": {"species": "Marasmius oreades", "date": "2025-08-29", "location": "Windsor, Denver, CO, USA", "elevation": 1668.0, "land_cover_label": "Grassland", "water_mask": false, "exclude_reason": "keep", "ndvi": null, "soil_moisture": 0.3010419326226555, "solar_exposure": 0.8124566078186035, "wind_exposure": 0.3286687731742859, "water_retention": 0.2528975009918213, "slope": 2.968695640563965, "aspect": 33.14213562011719, "num_identification_agreements": 2, "cluster": 0, "tavg": null, "tmin": 14.1, "tmax": 24.5, "prcp_d0": 0.0, "prcp_d1": 0.0, "prcp_d2": 0.0, "prcp_d3": 0.0, "prcp_d4": 9.514605522155762, "prcp_d5": 0.0, "prcp_d6": 0.0, "tmax_d0": 24.7, "tmax_d1": 23.9, "tmax_d2": 23.5, "tmax_d3": 23.0, "tmax_d4": 21.5, "tmax_d5": 25.4, "tmax_d6": 26.3, "tmin_d0": 14.1, "tmin_d1": 13.1, "tmin_d2": 15.3, "tmin_d3": 13.6, "tmin_d4": 15.2, "tmin_d5": 14.8, "tmin_d6": 16.9, "day_of_year": 241, "uuid": "7bda64c4-3be8-4a7a-8c91-673175d70cd6", "inat_id": 310017290}}, {"type": "Feature", "geometry": {"type": "Point", "coordinates": [-104.9020538056, 39.7084083333]}, "properties": {"species": "Marasmius oreades", "date": "2025-08-29", "location": "Windsor, Denver, CO, USA", "elevation": 1656.0, "land_cover_label": "Grassland", "water_mask": false, "exclude_reason": "keep", "ndvi": null, "soil_moisture": 0.3016748267910574, "solar_exposure": 0.8270033597946167, "wind_exposure": 0.3626986145973205, "water_retention": 0.2239631116390228, "slope": 4.554126262664795, "aspect": 281.7964172363281, "num_identification_agreements": 1, "cluster": 0, "tavg": null, "tmin": 14.1, "tmax": 24.5, "prcp_d0": 0.0, "prcp_d1": 0.0, "prcp_d2": 0.0, "prcp_d3": 0.0, "prcp_d4": 11.673879623413086, "prcp_d5": 0.0, "prcp_d6": 0.0, "tmax_d0": 24.7, "tmax_d1": 23.9, "tmax_d2": 23.5, "tmax_d3": 23.0, "tmax_d4": 21.5, "tmax_d5": 25.4, "tmax_d6": 26.3, "tmin_d0": 14.1, "tmin_d1": 13.1, "tmin_d2": 15.3, "tmin_d3": 13.6, "tmin_d4": 15.2, "tmin_d5": 14.8, "tmin_d6": 16.9, "day_of_year": 241, "uuid": "7bdc4aaa-812b-4562-8824-c066dc25aeb1", "inat_id": 310013735}}, {"type": "Feature", "geometry": {"type": "Point", "coordinates": [-104.89521025, 39.7092285]}, "properties": {"species": "Marasmius oreades", "date": "2025-08-29", "location": "Windsor, Denver, CO, USA", "elevation": 1659.0, "land_cover_label": "Grassland", "water_mask": false, "exclude_reason": "keep", "ndvi": null, "soil_moisture": 0.3011475771809185, "solar_exposure": 0.8431357145309448, "wind_exposure": 0.3194631040096283, "water_retention": 0.2923976480960846, "slope": 1.653534770011902, "aspect": 100.8376693725586, "num_identification_agreements": 1, "cluster": 0, "tavg": null, "tmin": 14.1, "tmax": 24.5, "prcp_d0": 0.0, "prcp_d1": 0.0, "prcp_d2": 0.0, "prcp_d3": 0.0, "prcp_d4": 9.514605522155762, "prcp_d5": 0.0, "prcp_d6": 0.0, "tmax_d0": 24.7, "tmax_d1": 23.9, "tmax_d2": 23.5, "tmax_d3": 23.0, "tmax_d4": 21.5, "tmax_d5": 25.4, "tmax_d6": 26.3, "tmin_d0": 14.1, "tmin_d1": 13.1, "tmin_d2": 15.3, "tmin_d3": 13.6, "tmin_d4": 15.2, "tmin_d5": 14.8, "tmin_d6": 16.9, "day_of_year": 241, "uuid": "96834c6e-50e3-4f17-8be2-426d56964e96", "inat_id": 310017083}}, {"type": "Feature", "geometry": {"type": "Point", "coordinates": [-105.1620111111, 40.1021]}, "properties": {"species": "Marasmius oreades", "date": "2025-08-30", "location": "Niwot, CO 80503, USA", "elevation": 1550.0, "land_cover_label": "Grassland", "water_mask": false, "exclude_reason": "keep", "ndvi": null, "soil_moisture": 0.3655981193372173, "solar_exposure": 0.8434614539146423, "wind_exposure": 0.306249052286148, "water_retention": 0.6320381164550781, "slope": 0.8696818947792053, "aspect": 110.95101165771484, "num_identification_agreements": 1, "cluster": 3, "tavg": null, "tmin": 15.0, "tmax": 26.0, "prcp_d0": 0.0, "prcp_d1": 0.0, "prcp_d2": 0.0, "prcp_d3": 0.0, "prcp_d4": 0.0, "prcp_d5": 0.0, "prcp_d6": 0.0, "tmax_d0": 22.8, "tmax_d1": 26.0, "tmax_d2": 23.3, "tmax_d3": 25.5, "tmax_d4": 23.6, "tmax_d5": 22.6, "tmax_d6": 25.8, "tmin_d0": 12.5, "tmin_d1": 11.4, "tmin_d2": 11.4, "tmin_d3": 14.6, "tmin_d4": 14.0, "tmin_d5": 16.0, "tmin_d6": 13.6, "day_of_year": 242, "uuid": "9ac39399-5b59-4832-8150-8711b36a1953", "inat_id": 310283626}}, {"type": "Feature", "geometry": {"type": "Point", "coordinates": [-104.7078528572, 39.0994035856]}, "properties": {"species": "Marasmius oreades", "date": "2025-08-31", "location": "Walker Rd, Colorado Springs, CO, US", "elevation": 2264.0, "land_cover_label": "Grassland", "water_mask": false, "exclude_reason": "keep", "ndvi": null, "soil_moisture": 0.3789466373361339, "solar_exposure": 0.8673248291015625, "wind_exposure": 0.3337267339229584, "water_retention": 0.2330305278301239, "slope": 3.983064413070679, "aspect": 134.55416870117188, "num_identification_agreements": 1, "cluster": 2, "tavg": null, "tmin": 7.0, "tmax": 22.0, "prcp_d0": 0.0, "prcp_d1": 0.0, "prcp_d2": 0.0, "prcp_d3": 0.0, "prcp_d4": 0.0, "prcp_d5": 38.93882751464844, "prcp_d6": 6.141640186309815, "tmax_d0": 21.3, "tmax_d1": 18.7, "tmax_d2": 22.0, "tmax_d3": 21.0, "tmax_d4": 22.0, "tmax_d5": 18.3, "tmax_d6": 19.9, "tmin_d0": 9.2, "tmin_d1": 10.3, "tmin_d2": 11.2, "tmin_d3": 11.6, "tmin_d4": 12.4, "tmin_d5": 12.0, "tmin_d6": 11.4, "day_of_year": 243, "uuid": "7a7582bd-a6dc-4b8a-9f69-4ebba11e9146", "inat_id": 311801723}}, {"type": "Feature", "geometry": {"type": "Point", "coordinates": [-105.2760849997, 39.66548]}, "properties": {"species": "Marasmius oreades", "date": "2025-08-31", "location": "Kerr Gulch, Golden, CO, USA", "elevation": 2042.0, "land_cover_label": "Tree cover", "water_mask": false, "exclude_reason": "keep", "ndvi": null, "soil_moisture": 0.4018763950899756, "solar_exposure": 0.771961510181427, "wind_exposure": 0.2270994782447815, "water_retention": 0.5312355160713196, "slope": 6.011068820953369, "aspect": 11.650634765625, "num_identification_agreements": 1, "cluster": 3, "tavg": null, "tmin": 12.0, "tmax": 27.0, "prcp_d0": 0.0, "prcp_d1": 0.0, "prcp_d2": 0.0, "prcp_d3": 0.0, "prcp_d4": 6.3027520179748535, "prcp_d5": 0.0, "prcp_d6": 9.82997989654541, "tmax_d0": 20.9, "tmax_d1": 18.9, "tmax_d2": 21.3, "tmax_d3": 20.4, "tmax_d4": 19.9, "tmax_d5": 19.9, "tmax_d6": 19.4, "tmin_d0": 5.9, "tmin_d1": 10.2, "tmin_d2": 9.1, "tmin_d3": 8.9, "tmin_d4": 11.8, "tmin_d5": 10.0, "tmin_d6": 10.8, "day_of_year": 243, "uuid": "49f4a2fd-c9c9-4f14-bef5-38cff506ac00", "inat_id": 310596793}}, {"type": "Feature", "geometry": {"type": "Point", "coordinates": [-105.1198666667, 36.6065305556]}, "properties": {"species": "Marasmius oreades", "date": "2025-08-31", "location": "Ute Park, NM 87749, USA", "elevation": 2673.0, "land_cover_label": "Grassland", "water_mask": false, "exclude_reason": "keep", "ndvi": null, "soil_moisture": null, "solar_exposure": null, "wind_exposure": null, "water_retention": null, "slope": null, "aspect": null, "num_identification_agreements": 2, "cluster": 2, "tavg": null, "tmin": 3.0, "tmax": 19.0, "prcp_d0": 0.0, "prcp_d1": 0.0, "prcp_d2": 0.0, "prcp_d3": 0.0, "prcp_d4": 7.479828834533691, "prcp_d5": 22.43948745727539, "prcp_d6": 0.0, "tmax_d0": 17.4, "tmax_d1": 18.7, "tmax_d2": 21.4, "tmax_d3": 21.4, "tmax_d4": 21.6, "tmax_d5": 17.6, "tmax_d6": 19.3, "tmin_d0": 5.7, "tmin_d1": 7.2, "tmin_d2": 6.8, "tmin_d3": 7.1, "tmin_d4": 8.9, "tmin_d5": 8.8, "tmin_d6": 7.1, "day_of_year": 243, "uuid": "755230a7-77c6-445f-8fd1-67fe02557731", "inat_id": 311372817}}, {"type": "Feature", "geometry": {"type": "Point", "coordinates": [-104.8549558997, 38.6524273327]}, "properties": {"species": "Marasmius oreades", "date": "2025-09-19", "location": "Colorado, US", "elevation": 2039.0, "land_cover_label": "Grassland", "water_mask": false, "exclude_reason": "keep", "ndvi": null, "soil_moisture": null, "solar_exposure": null, "wind_exposure": null, "water_retention": null, "slope": null, "aspect": null, "num_identification_agreements": 1, "cluster": 0, "tavg": null, "tmin": 9.0, "tmax": 25.0, "prcp_d0": 12.830793380737305, "prcp_d1": 0.0, "prcp_d2": 0.0, "prcp_d3": 12.830793380737305, "prcp_d4": 0.0, "prcp_d5": 0.0, "prcp_d6": 0.0, "tmax_d0": 22.1, "tmax_d1": 18.5, "tmax_d2": 18.3, "tmax_d3": 24.5, "tmax_d4": 24.4, "tmax_d5": 20.2, "tmax_d6": 23.1, "tmin_d0": 6.5, "tmin_d1": 7.1, "tmin_d2": 7.6, "tmin_d3": 9.7, "tmin_d4": 7.9, "tmin_d5": 6.6, "tmin_d6": 8.8, "day_of_year": 262, "uuid": "5e504920-acaa-4df0-8b21-a0080c066db3", "inat_id": 315153276}}, {"type": "Feature", "geometry": {"type": "Point", "coordinates": [-104.8131783333, 38.7935533333]}, "properties": {"species": "Marasmius oreades", "date": "2025-09-23", "location": "Tenderfoot Hill Rd, Colorado Springs, CO, US", "elevation": 1831.0, "land_cover_label": "Bare / sparse vegetation", "water_mask": false, "exclude_reason": "keep", "ndvi": null, "soil_moisture": null, "solar_exposure": null, "wind_exposure": null, "water_retention": null, "slope": null, "aspect": null, "num_identification_agreements": 1, "cluster": 0, "tavg": null, "tmin": 8.0, "tmax": 14.0, "prcp_d0": 0.0, "prcp_d1": 0.0, "prcp_d2": 0.0, "prcp_d3": 0.0, "prcp_d4": 0.0, "prcp_d5": 0.0, "prcp_d6": 0.0, "tmax_d0": 20.7, "tmax_d1": 24.6, "tmax_d2": 24.8, "tmax_d3": 22.0, "tmax_d4": 23.8, "tmax_d5": 19.3, "tmax_d6": 20.8, "tmin_d0": 9.3, "tmin_d1": 11.1, "tmin_d2": 9.2, "tmin_d3": 10.4, "tmin_d4": 6.3, "tmin_d5": 5.8, "tmin_d6": 8.0, "day_of_year": 266, "uuid": "0bde7b19-0189-46e5-bc06-560fd75281db", "inat_id": 316098378}}, {"type": "Feature", "geometry": {"type": "Point", "coordinates": [-105.1015651413, 40.5723278784]}, "properties": {"species": "Marasmius oreades", "date": "2025-10-06", "location": "City Park Ave, Fort Collins, CO, US", "elevation": 1540.0, "land_cover_label": "Tree cover", "water_mask": false, "exclude_reason": "keep", "ndvi": null, "soil_moisture": 0.2501088382320789, "solar_exposure": 0.8265847563743591, "wind_exposure": 0.3216852843761444, "water_retention": 0.382404625415802, "slope": 1.7407047748565674, "aspect": 44.40403747558594, "num_identification_agreements": 1, "cluster": 0, "tavg": null, "tmin": 7.0, "tmax": 11.0, "prcp_d0": 4.243776321411133, "prcp_d1": 0.0, "prcp_d2": 4.304531574249268, "prcp_d3": 0.0, "prcp_d4": 0.0, "prcp_d5": 0.0, "prcp_d6": 0.0, "tmax_d0": 11.1, "tmax_d1": 16.7, "tmax_d2": 24.6, "tmax_d3": 28.5, "tmax_d4": 26.6, "tmax_d5": 25.6, "tmax_d6": 24.2, "tmin_d0": 6.2, "tmin_d1": 6.0, "tmin_d2": 11.7, "tmin_d3": 8.8, "tmin_d4": 8.7, "tmin_d5": 8.9, "tmin_d6": 8.2, "day_of_year": 279, "uuid": "35f237a7-5e26-40f0-a25f-46542c8f8556", "inat_id": 368415237}}, {"type": "Feature", "geometry": {"type": "Point", "coordinates": [-103.0104587201, 42.7108629908]}, "properties": {"species": "Marasmius oreades", "date": "2025-10-11", "location": "Dawes County, NE, USA", "elevation": 1170.0, "land_cover_label": "Grassland", "water_mask": false, "exclude_reason": "keep", "ndvi": null, "soil_moisture": null, "solar_exposure": null, "wind_exposure": null, "water_retention": null, "slope": null, "aspect": null, "num_identification_agreements": 1, "cluster": 0, "tavg": null, "tmin": 13.0, "tmax": 23.0, "prcp_d0": 0.0, "prcp_d1": 0.0163314249366521, "prcp_d2": 0.0, "prcp_d3": 0.0, "prcp_d4": 4.182379143458093e-06, "prcp_d5": 10.295453071594238, "prcp_d6": 0.0, "tmax_d0": 23.0, "tmax_d1": 21.2, "tmax_d2": 23.8, "tmax_d3": 21.9, "tmax_d4": 17.0, "tmax_d5": 11.5, "tmax_d6": 14.8, "tmin_d0": 13.6, "tmin_d1": 10.8, "tmin_d2": 11.7, "tmin_d3": 8.3, "tmin_d4": 4.4, "tmin_d5": 5.5, "tmin_d6": 7.6, "day_of_year": 284, "uuid": "d8d1ce80-b142-4228-a29c-539427614ce1", "inat_id": 349872864}}, {"type": "Feature", "geometry": {"type": "Point", "coordinates": [-105.2651575743, 39.9479263174]}, "properties": {"species": "Marasmius oreades", "date": "2025-10-11", "location": "Mesa Trail, Boulder, CO, US", "elevation": 1803.0, "land_cover_label": "Grassland", "water_mask": false, "exclude_reason": "keep", "ndvi": null, "soil_moisture": 0.3440326276167552, "solar_exposure": 0.8026144504547119, "wind_exposure": 0.3150166869163513, "water_retention": 0.2120801359415054, "slope": 5.426974296569824, "aspect": 55.15623092651367, "num_identification_agreements": 1, "cluster": 0, "tavg": null, "tmin": 11.0, "tmax": 17.0, "prcp_d0": 0.0, "prcp_d1": 2.8000526428222656, "prcp_d2": 0.0013152735773473, "prcp_d3": 0.0334288440644741, "prcp_d4": 1.6740731000900269, "prcp_d5": 4.613089084625244, "prcp_d6": 0.0, "tmax_d0": 17.1, "tmax_d1": 20.4, "tmax_d2": 26.0, "tmax_d3": 21.5, "tmax_d4": 13.5, "tmax_d5": 11.0, "tmax_d6": 18.9, "tmin_d0": 8.4, "tmin_d1": 9.7, "tmin_d2": 8.4, "tmin_d3": 2.8, "tmin_d4": 4.7, "tmin_d5": 5.4, "tmin_d6": 6.0, "day_of_year": 284, "uuid": "4c017605-cbe3-4a18-a3be-f92b9034dd2c", "inat_id": 320603920}}, {"type": "Feature", "geometry": {"type": "Point", "coordinates": [-107.86365073, 37.23535731]}, "properties": {"species": "Marasmius oreades", "date": "2025-10-15", "location": "Durango, CO 81301, USA", "elevation": 2020.0, "land_cover_label": "Grassland", "water_mask": false, "exclude_reason": "keep", "ndvi": null, "soil_moisture": null, "solar_exposure": null, "wind_exposure": null, "water_retention": null, "slope": null, "aspect": null, "num_identification_agreements": 1, "cluster": 2, "tavg": null, "tmin": 9.0, "tmax": 21.0, "prcp_d0": 0.0, "prcp_d1": 0.0, "prcp_d2": 0.0, "prcp_d3": 0.0, "prcp_d4": 0.0, "prcp_d5": 44.23073196411133, "prcp_d6": 37.10935592651367, "tmax_d0": 18.9, "tmax_d1": 18.1, "tmax_d2": 14.6, "tmax_d3": 16.4, "tmax_d4": 14.0, "tmax_d5": 19.0, "tmax_d6": 21.2, "tmin_d0": 8.5, "tmin_d1": 8.9, "tmin_d2": 5.4, "tmin_d3": 8.2, "tmin_d4": 10.8, "tmin_d5": 10.8, "tmin_d6": 8.0, "day_of_year": 288, "uuid": "1485c864-c2b5-4b1f-bb76-3394209c983f", "inat_id": 321179694}}, {"type": "Feature", "geometry": {"type": "Point", "coordinates": [-107.8805541944, 37.2667961111]}, "properties": {"species": "Marasmius oreades", "date": "2025-10-18", "location": "Durango, CO, USA", "elevation": 1998.0, "land_cover_label": "Tree cover", "water_mask": false, "exclude_reason": "keep", "ndvi": null, "soil_moisture": null, "solar_exposure": null, "wind_exposure": null, "water_retention": null, "slope": null, "aspect": null, "num_identification_agreements": 1, "cluster": 0, "tavg": null, "tmin": -1.0, "tmax": 18.0, "prcp_d0": 0.0, "prcp_d1": 0.0, "prcp_d2": 0.0, "prcp_d3": 0.0, "prcp_d4": 0.0, "prcp_d5": 0.0, "prcp_d6": 0.0, "tmax_d0": 19.6, "tmax_d1": 13.3, "tmax_d2": 13.4, "tmax_d3": 19.6, "tmax_d4": 18.8, "tmax_d5": 15.3, "tmax_d6": 17.1, "tmin_d0": 0.6, "tmin_d1": -0.4, "tmin_d2": 2.4, "tmin_d3": 9.2, "tmin_d4": 9.6, "tmin_d5": 6.1, "tmin_d6": 8.9, "day_of_year": 291, "uuid": "fc4a5b77-2d63-48bd-a62f-7ed9689f6caf", "inat_id": 321657820}}, {"type": "Feature", "geometry": {"type": "Point", "coordinates": [-105.1860724267, 40.183771984]}, "properties": {"species": "Marasmius oreades", "date": "2025-10-19", "location": "Marlatt Trails, Longmont, CO, US", "elevation": 1558.0, "land_cover_label": "Tree cover", "water_mask": false, "exclude_reason": "keep", "ndvi": null, "soil_moisture": 0.2686857557893606, "solar_exposure": 0.844623327255249, "wind_exposure": 0.3103716075420379, "water_retention": 0.2379705309867859, "slope": 3.702491760253906, "aspect": 99.65753173828124, "num_identification_agreements": 1, "cluster": 0, "tavg": null, "tmin": -1.0, "tmax": 27.0, "prcp_d0": 2.963328123092652, "prcp_d1": 0.0, "prcp_d2": 0.0, "prcp_d3": 0.0, "prcp_d4": 0.0, "prcp_d5": 0.0, "prcp_d6": 0.0, "tmax_d0": 23.1, "tmax_d1": 14.1, "tmax_d2": 17.8, "tmax_d3": 18.3, "tmax_d4": 19.3, "tmax_d5": 18.7, "tmax_d6": 14.6, "tmin_d0": -0.6, "tmin_d1": 4.6, "tmin_d2": 3.1, "tmin_d3": 7.9, "tmin_d4": 6.2, "tmin_d5": 5.7, "tmin_d6": 4.0, "day_of_year": 292, "uuid": "0293168f-88cf-454e-bc0f-118bfe6004b0", "inat_id": 321973426}}, {"type": "Feature", "geometry": {"type": "Point", "coordinates": [-107.6238716667, 37.179705]}, "properties": {"species": "Marasmius oreades", "date": "2026-01-02", "location": "CR-509, Ignacio, CO, US", "elevation": 2096.0, "land_cover_label": "Tree cover", "water_mask": false, "exclude_reason": "keep", "ndvi": null, "soil_moisture": null, "solar_exposure": null, "wind_exposure": null, "water_retention": null, "slope": null, "aspect": null, "num_identification_agreements": 2, "cluster": 0, "tavg": null, "tmin": -1.0, "tmax": 8.0, "prcp_d0": 0.0, "prcp_d1": 3.8058457374572754, "prcp_d2": 0.0, "prcp_d3": 0.0, "prcp_d4": 0.0, "prcp_d5": 0.0, "prcp_d6": 0.0, "tmax_d0": 5.9, "tmax_d1": 2.1, "tmax_d2": 9.3, "tmax_d3": 7.9, "tmax_d4": 6.1, "tmax_d5": 5.1, "tmax_d6": 7.7, "tmin_d0": 0.5, "tmin_d1": -1.7, "tmin_d2": -5.1, "tmin_d3": -6.4, "tmin_d4": -8.0, "tmin_d5": -5.1, "tmin_d6": 1.0, "day_of_year": 2, "uuid": "badafd18-908f-45a1-b917-9a78df51c138", "inat_id": 333206032}}, {"type": "Feature", "geometry": {"type": "Point", "coordinates": [-107.1059278333, 37.2885133333]}, "properties": {"species": "Marasmius oreades", "date": "2026-01-04", "location": "Upper Rim Trail, Pagosa Springs, CO, US", "elevation": 2310.0, "land_cover_label": "Tree cover", "water_mask": false, "exclude_reason": "keep", "ndvi": null, "soil_moisture": null, "solar_exposure": null, "wind_exposure": null, "water_retention": null, "slope": null, "aspect": null, "num_identification_agreements": 1, "cluster": 0, "tavg": null, "tmin": -4.0, "tmax": 11.0, "prcp_d0": 0.0, "prcp_d1": 0.0, "prcp_d2": 0.0, "prcp_d3": 6.51209831237793, "prcp_d4": 0.0, "prcp_d5": 0.0, "prcp_d6": 0.0, "tmax_d0": 9.3, "tmax_d1": 8.3, "tmax_d2": 4.0, "tmax_d3": 3.1, "tmax_d4": 9.5, "tmax_d5": 7.7, "tmax_d6": 5.7, "tmin_d0": -5.5, "tmin_d1": -7.5, "tmin_d2": 0.4, "tmin_d3": -5.2, "tmin_d4": -11.6, "tmin_d5": -11.4, "tmin_d6": -11.7, "day_of_year": 4, "uuid": "ffc7ec2e-f636-4c23-9d4e-7acc302a39ce", "inat_id": 333536900}}, {"type": "Feature", "geometry": {"type": "Point", "coordinates": [-104.8253783333, 38.85785]}, "properties": {"species": "Marasmius oreades", "date": "2026-05-29", "location": "W Del Norte St, Colorado Springs, CO, US", "elevation": 1861.0, "land_cover_label": "Tree cover", "water_mask": false, "exclude_reason": "keep", "ndvi": null, "soil_moisture": null, "solar_exposure": null, "wind_exposure": null, "water_retention": null, "slope": null, "aspect": null, "num_identification_agreements": 1, "cluster": 0, "tavg": null, "tmin": 11.7, "tmax": 23.9, "prcp_d0": 0.0484255515038967, "prcp_d1": 3.636463165283203, "prcp_d2": 6.091774940490723, "prcp_d3": 0.3252537548542022, "prcp_d4": 0.0, "prcp_d5": 0.0, "prcp_d6": 0.0, "tmax_d0": 22.9, "tmax_d1": 20.2, "tmax_d2": 18.7, "tmax_d3": 23.2, "tmax_d4": 26.9, "tmax_d5": 24.8, "tmax_d6": 18.8, "tmin_d0": 11.7, "tmin_d1": 10.2, "tmin_d2": 10.4, "tmin_d3": 10.3, "tmin_d4": 8.3, "tmin_d5": 5.2, "tmin_d6": 4.8, "day_of_year": 149, "uuid": "68ccacaf-5455-4165-8ae7-c4380a5bb551", "inat_id": 366362937}}, {"type": "Feature", "geometry": {"type": "Point", "coordinates": [-105.1408366667, 39.7731516667]}, "properties": {"species": "Marasmius oreades", "date": "2026-05-29", "location": "Fruitdale, Wheat Ridge, CO 80033, USA", "elevation": 1655.0, "land_cover_label": "Bare / sparse vegetation", "water_mask": false, "exclude_reason": "keep", "ndvi": null, "soil_moisture": 0.3028354376179444, "solar_exposure": 0.8380963802337646, "wind_exposure": 0.3039179742336273, "water_retention": 0.4299666881561279, "slope": 3.650163173675537, "aspect": 90.0, "num_identification_agreements": 1, "cluster": 3, "tavg": null, "tmin": 13.0, "tmax": 26.0, "prcp_d0": 0.2162891626358032, "prcp_d1": 2.4150993824005127, "prcp_d2": 3.407158374786377, "prcp_d3": 0.2747125625610351, "prcp_d4": 0.0, "prcp_d5": 0.0, "prcp_d6": 0.0, "tmax_d0": 27.1, "tmax_d1": 23.9, "tmax_d2": 19.8, "tmax_d3": 25.1, "tmax_d4": 25.8, "tmax_d5": 25.7, "tmax_d6": 22.7, "tmin_d0": 12.4, "tmin_d1": 10.1, "tmin_d2": 9.8, "tmin_d3": 9.5, "tmin_d4": 7.2, "tmin_d5": 6.5, "tmin_d6": 3.1, "day_of_year": 149, "uuid": "66ab01f9-6486-4198-98ac-67c6a1a55d5a", "inat_id": 366342109}}, {"type": "Feature", "geometry": {"type": "Point", "coordinates": [-107.0707861667, 37.26258]}, "properties": {"species": "Marasmius oreades", "date": "2026-07-05", "location": "Valley View Dr, Pagosa Springs, CO, US", "elevation": 2286.0, "land_cover_label": "Grassland", "water_mask": false, "exclude_reason": "keep", "ndvi": null, "soil_moisture": null, "solar_exposure": null, "wind_exposure": null, "water_retention": null, "slope": null, "aspect": null, "num_identification_agreements": 1, "cluster": 0, "tavg": null, "tmin": 5.0, "tmax": 30.0, "prcp_d0": 0.0, "prcp_d1": 0.0, "prcp_d2": 0.0, "prcp_d3": 0.0, "prcp_d4": 0.0, "prcp_d5": 0.0, "prcp_d6": 0.0, "tmax_d0": 30.2, "tmax_d1": 29.5, "tmax_d2": 27.8, "tmax_d3": 26.3, "tmax_d4": 24.9, "tmax_d5": 25.1, "tmax_d6": 25.7, "tmin_d0": 7.5, "tmin_d1": 6.7, "tmin_d2": 5.3, "tmin_d3": 4.4, "tmin_d4": 5.1, "tmin_d5": 5.3, "tmin_d6": 9.2, "day_of_year": 186, "uuid": "f2679984-5a91-4d26-9b82-370c7d744790", "inat_id": 378645923}}, {"type": "Feature", "geometry": {"type": "Point", "coordinates": [-104.8239133333, 38.8536383333]}, "properties": {"species": "Marasmius oreades", "date": "2026-07-25", "location": "E Columbia St, Colorado Springs, CO, US", "elevation": 1856.0, "land_cover_label": "Tree cover", "water_mask": false, "exclude_reason": "keep", "ndvi": null, "soil_moisture": null, "solar_exposure": null, "wind_exposure": null, "water_retention": null, "slope": null, "aspect": null, "num_identification_agreements": 1, "cluster": 1, "tavg": null, "tmin": 19.4, "tmax": 35.0, "prcp_d0": 12.38608741760254, "prcp_d1": 12.38608741760254, "prcp_d2": 12.38608741760254, "prcp_d3": 0.0, "prcp_d4": 0.0, "prcp_d5": 0.0, "prcp_d6": 0.0, "tmax_d0": 35.2, "tmax_d1": 33.4, "tmax_d2": 28.2, "tmax_d3": 33.1, "tmax_d4": 34.4, "tmax_d5": 35.4, "tmax_d6": 32.4, "tmin_d0": 16.6, "tmin_d1": 14.4, "tmin_d2": 15.5, "tmin_d3": 17.5, "tmin_d4": 20.5, "tmin_d5": 16.3, "tmin_d6": 15.4, "day_of_year": 206, "uuid": "194b4ca9-05d2-42b3-ad21-a54e02b0c1e3", "inat_id": 385959750}}, {"type": "Feature", "geometry": {"type": "Point", "coordinates": [-105.08882842, 40.17886741]}, "properties": {"species": "Marasmius oreades", "date": "2026-08-02", "location": "Lashley St & Elk Pl, Longmont, CO 80504, EE. UU.", "elevation": 1528.0, "land_cover_label": "Tree cover", "water_mask": false, "exclude_reason": "keep", "ndvi": null, "soil_moisture": 0.1775490442874734, "solar_exposure": 0.8369392156600952, "wind_exposure": 0.3243412375450134, "water_retention": 0.5117361545562744, "slope": 0.5115081071853638, "aspect": 307.4436950683594, "num_identification_agreements": 1, "cluster": 3, "tavg": null, "tmin": 13.9, "tmax": 38.0, "prcp_d0": null, "prcp_d1": null, "prcp_d2": 0.0, "prcp_d3": 0.0, "prcp_d4": 0.0, "prcp_d5": 17.422990798950195, "prcp_d6": 0.0, "tmax_d0": 38.2, "tmax_d1": 33.6, "tmax_d2": 33.2, "tmax_d3": 34.3, "tmax_d4": 30.5, "tmax_d5": 33.6, "tmax_d6": 32.1, "tmin_d0": 14.9, "tmin_d1": 14.4, "tmin_d2": 17.2, "tmin_d3": 16.3, "tmin_d4": 16.9, "tmin_d5": 20.1, "tmin_d6": 23.2, "day_of_year": 214, "uuid": "12613749-f82d-457c-a293-0b840daf26f1", "inat_id": 387622015}}, {"type": "Feature", "geometry": {"type": "Point", "coordinates": [-104.8693467227, 41.1837539722]}, "properties": {"species": "Marasmius oreades", "date": "2026-08-21", "location": "United States", "elevation": 1906.0, "land_cover_label": "Grassland", "water_mask": false, "exclude_reason": "keep", "ndvi": null, "soil_moisture": 0.1829681903286774, "solar_exposure": 0.8728441596031189, "wind_exposure": 0.3612625896930694, "water_retention": 0.2217227518558502, "slope": 4.707306385040283, "aspect": 223.52310180664065, "num_identification_agreements": 1, "cluster": 0, "tavg": null, "tmin": 13.8, "tmax": 25.2, "prcp_d0": null, "prcp_d1": null, "prcp_d2": null, "prcp_d3": null, "prcp_d4": null, "prcp_d5": null, "prcp_d6": null, "tmax_d0": 34.0, "tmax_d1": 31.7, "tmax_d2": 29.2, "tmax_d3": 29.7, "tmax_d4": 29.5, "tmax_d5": 27.4, "tmax_d6": 22.8, "tmin_d0": 15.9, "tmin_d1": 14.1, "tmin_d2": 12.8, "tmin_d3": 12.9, "tmin_d4": 12.5, "tmin_d5": 12.6, "tmin_d6": 13.1, "day_of_year": 233, "uuid": "4e997155-c6dc-4dd8-984f-13ead3466c0b", "inat_id": 393264430}}, {"type": "Feature", "geometry": {"type": "Point", "coordinates": [-104.7082448924, 40.4069853326]}, "properties": {"species": "Marasmius oreades", "date": "2026-08-25", "location": "18th Ave, Greeley, CO, US", "elevation": 1457.0, "land_cover_label": "Tree cover", "water_mask": false, "exclude_reason": "keep", "ndvi": null, "soil_moisture": null, "solar_exposure": 0.8487090468406677, "wind_exposure": 0.3226255178451538, "water_retention": 0.2524296343326568, "slope": 2.9893298149108887, "aspect": 108.16909790039062, "num_identification_agreements": 1, "cluster": 0, "tavg": null, "tmin": null, "tmax": null, "prcp_d0": null, "prcp_d1": null, "prcp_d2": null, "prcp_d3": null, "prcp_d4": null, "prcp_d5": null, "prcp_d6": null, "tmax_d0": 30.4, "tmax_d1": 34.3, "tmax_d2": 34.1, "tmax_d3": 34.9, "tmax_d4": 37.6, "tmax_d5": 34.1, "tmax_d6": 31.7, "tmin_d0": 17.7, "tmin_d1": 16.0, "tmin_d2": 17.7, "tmin_d3": 17.3, "tmin_d4": 17.3, "tmin_d5": 16.1, "tmin_d6": 15.6, "day_of_year": 237, "uuid": "a11091c8-fe07-4218-8757-5df8b7a41083", "inat_id": 394443057}}]}