{"type": "FeatureCollection", "features": [{"type": "Feature", "geometry": {"type": "Point", "coordinates": [-122.0936358466, 45.5502639361]}, "properties": {"species": "Pleurotus pulmonarius", "date": "2017-05-11", "location": "Mt. Hood National Forest, Corbett, OR, US", "elevation": 909.0, "land_cover_label": "Tree cover", "water_mask": false, "exclude_reason": "keep", "ndvi": null, "soil_moisture": null, "solar_exposure": null, "wind_exposure": null, "water_retention": null, "slope": null, "aspect": null, "num_identification_agreements": 2, "cluster": 2, "tavg": null, "tmin": 10.0, "tmax": 17.2, "prcp_d0": 27.638710021972656, "prcp_d1": 0.0, "prcp_d2": 0.0, "prcp_d3": 0.0, "prcp_d4": 0.0, "prcp_d5": 0.0, "prcp_d6": 41.30963134765625, "tmax_d0": 15.9, "tmax_d1": 16.2, "tmax_d2": 15.8, "tmax_d3": 13.6, "tmax_d4": 11.0, "tmax_d5": 8.5, "tmax_d6": 17.6, "tmin_d0": 3.9, "tmin_d1": 2.8, "tmin_d2": 3.8, "tmin_d3": 0.7, "tmin_d4": 0.2, "tmin_d5": 0.0, "tmin_d6": 4.5, "day_of_year": 131, "uuid": "67616cd3-3a3a-40d1-9aaa-7ecdfb02f25b", "inat_id": 6194889}}, {"type": "Feature", "geometry": {"type": "Point", "coordinates": [-106.7755868566, 39.1424716311]}, "properties": {"species": "Pleurotus pulmonarius", "date": "2017-07-27", "location": "Pitkin County, US-CO, US", "elevation": 2482.0, "land_cover_label": "Tree cover", "water_mask": false, "exclude_reason": "keep", "ndvi": null, "soil_moisture": null, "solar_exposure": null, "wind_exposure": null, "water_retention": null, "slope": null, "aspect": null, "num_identification_agreements": 1, "cluster": 0, "tavg": null, "tmin": 11.7, "tmax": 29.4, "prcp_d0": 0.0, "prcp_d1": 0.0, "prcp_d2": 13.754015922546388, "prcp_d3": 0.0, "prcp_d4": 0.0, "prcp_d5": 0.0, "prcp_d6": 0.0, "tmax_d0": 24.5, "tmax_d1": 22.1, "tmax_d2": 23.8, "tmax_d3": 25.8, "tmax_d4": 26.0, "tmax_d5": 23.8, "tmax_d6": 24.2, "tmin_d0": 8.1, "tmin_d1": 11.3, "tmin_d2": 12.3, "tmin_d3": 9.8, "tmin_d4": 9.2, "tmin_d5": 11.1, "tmin_d6": 10.1, "day_of_year": 208, "uuid": "7fd1d7ee-7b38-4c8a-9dc6-dc9967428ef1", "inat_id": 7247256}}, {"type": "Feature", "geometry": {"type": "Point", "coordinates": [-105.4126055556, 35.7106055556]}, "properties": {"species": "Pleurotus pulmonarius", "date": "2017-08-05", "location": "San Miguel, New Mexico, United States", "elevation": 2299.0, "land_cover_label": "Tree cover", "water_mask": false, "exclude_reason": "keep", "ndvi": null, "soil_moisture": null, "solar_exposure": null, "wind_exposure": null, "water_retention": null, "slope": null, "aspect": null, "num_identification_agreements": 1, "cluster": 0, "tavg": null, "tmin": 15.0, "tmax": 27.8, "prcp_d0": 0.0, "prcp_d1": 0.0, "prcp_d2": 0.0, "prcp_d3": 0.0, "prcp_d4": 0.0, "prcp_d5": 0.0, "prcp_d6": 0.0, "tmax_d0": 23.8, "tmax_d1": 25.3, "tmax_d2": 23.4, "tmax_d3": 25.0, "tmax_d4": 21.4, "tmax_d5": 19.2, "tmax_d6": 23.3, "tmin_d0": 13.7, "tmin_d1": 10.7, "tmin_d2": 12.5, "tmin_d3": 8.6, "tmin_d4": 13.3, "tmin_d5": 12.9, "tmin_d6": 13.4, "day_of_year": 217, "uuid": "615fe9b5-4b3e-4b15-955e-219a645302b5", "inat_id": 9323518}}, {"type": "Feature", "geometry": {"type": "Point", "coordinates": [-104.9547576904, 39.749332428]}, "properties": {"species": "Pleurotus pulmonarius", "date": "2018-04-22", "location": "City Park, Denver, CO, USA", "elevation": 1611.0, "land_cover_label": "Tree cover", "water_mask": false, "exclude_reason": "keep", "ndvi": null, "soil_moisture": 0.2576300924645126, "solar_exposure": 0.8398509621620178, "wind_exposure": 0.3171305954456329, "water_retention": 0.2936111390590668, "slope": 1.6240580081939695, "aspect": 90.0, "num_identification_agreements": 1, "cluster": 0, "tavg": null, "tmin": -0.4, "tmax": 17.8, "prcp_d0": 0.0, "prcp_d1": 0.0, "prcp_d2": 2.722419261932373, "prcp_d3": 0.0, "prcp_d4": 0.0, "prcp_d5": 2.722419261932373, "prcp_d6": 0.0, "tmax_d0": 16.8, "tmax_d1": 6.1, "tmax_d2": 18.0, "tmax_d3": 19.5, "tmax_d4": 13.2, "tmax_d5": 20.6, "tmax_d6": 24.3, "tmin_d0": -2.4, "tmin_d1": 0.5, "tmin_d2": 6.1, "tmin_d3": 3.1, "tmin_d4": -0.9, "tmin_d5": 11.2, "tmin_d6": 0.4, "day_of_year": 112, "uuid": "19df1e86-7c67-40d1-b48c-e7dca3dde3cd", "inat_id": 11341597}}, {"type": "Feature", "geometry": {"type": "Point", "coordinates": [-105.4981664568, 36.5904517967]}, "properties": {"species": "Pleurotus pulmonarius", "date": "2019-07-18", "location": "Taos Ski Valley, NM 87525, USA", "elevation": 2782.0, "land_cover_label": "Tree cover", "water_mask": false, "exclude_reason": "keep", "ndvi": null, "soil_moisture": null, "solar_exposure": null, "wind_exposure": null, "water_retention": null, "slope": null, "aspect": null, "num_identification_agreements": 1, "cluster": 0, "tavg": null, "tmin": 9.4, "tmax": 32.8, "prcp_d0": 0.0, "prcp_d1": 5.121834754943848, "prcp_d2": 0.0, "prcp_d3": 5.842757225036621, "prcp_d4": 0.0, "prcp_d5": 2.9213786125183105, "prcp_d6": 0.0, "tmax_d0": 25.8, "tmax_d1": 24.7, "tmax_d2": 25.0, "tmax_d3": 25.3, "tmax_d4": 23.9, "tmax_d5": 23.4, "tmax_d6": 24.8, "tmin_d0": 11.6, "tmin_d1": 12.0, "tmin_d2": 14.0, "tmin_d3": 12.3, "tmin_d4": 11.7, "tmin_d5": 12.0, "tmin_d6": 9.5, "day_of_year": 199, "uuid": "664de5a3-66eb-4370-944c-1f4f5c73b700", "inat_id": 29085965}}, {"type": "Feature", "geometry": {"type": "Point", "coordinates": [-104.7788063809, 38.931094431]}, "properties": {"species": "Pleurotus pulmonarius", "date": "2020-04-29", "location": "Colorado Springs, CO 80918, USA", "elevation": 1983.0, "land_cover_label": "Bare / sparse vegetation", "water_mask": false, "exclude_reason": "keep", "ndvi": null, "soil_moisture": null, "solar_exposure": null, "wind_exposure": null, "water_retention": null, "slope": null, "aspect": null, "num_identification_agreements": 1, "cluster": 0, "tavg": null, "tmin": -1.1, "tmax": 20.3, "prcp_d0": 0.0, "prcp_d1": 0.0, "prcp_d2": 4.258073806762695, "prcp_d3": 0.0, "prcp_d4": 0.0, "prcp_d5": 0.0, "prcp_d6": 0.0, "tmax_d0": 20.6, "tmax_d1": 23.4, "tmax_d2": 22.6, "tmax_d3": 22.2, "tmax_d4": 15.8, "tmax_d5": 16.0, "tmax_d6": 17.6, "tmin_d0": 2.9, "tmin_d1": 8.2, "tmin_d2": 4.1, "tmin_d3": 3.2, "tmin_d4": 0.6, "tmin_d5": 1.6, "tmin_d6": 0.6, "day_of_year": 120, "uuid": "59ee6388-5bb4-47e1-ac8d-fa330827d776", "inat_id": 44296104}}, {"type": "Feature", "geometry": {"type": "Point", "coordinates": [-122.327155, 44.84603833]}, "properties": {"species": "Pleurotus pulmonarius", "date": "2020-04-29", "location": "Willamette National Forest, Lyons, OR, US", "elevation": 564.0, "land_cover_label": "Tree cover", "water_mask": false, "exclude_reason": "keep", "ndvi": null, "soil_moisture": null, "solar_exposure": null, "wind_exposure": null, "water_retention": null, "slope": null, "aspect": null, "num_identification_agreements": 1, "cluster": 2, "tavg": null, "tmin": null, "tmax": null, "prcp_d0": 0.0, "prcp_d1": 0.0, "prcp_d2": 0.0, "prcp_d3": 0.0, "prcp_d4": 109.7575225830078, "prcp_d5": 0.0, "prcp_d6": 0.0, "tmax_d0": null, "tmax_d1": null, "tmax_d2": null, "tmax_d3": null, "tmax_d4": null, "tmax_d5": null, "tmax_d6": null, "tmin_d0": null, "tmin_d1": null, "tmin_d2": null, "tmin_d3": null, "tmin_d4": null, "tmin_d5": null, "tmin_d6": null, "day_of_year": 120, "uuid": "ccd12a22-dc3c-41d3-9824-a59da859180d", "inat_id": 44352015}}, {"type": "Feature", "geometry": {"type": "Point", "coordinates": [-105.1271833333, 40.1645861667]}, "properties": {"species": "Pleurotus pulmonarius", "date": "2020-05-07", "location": "Longmont, CO, US", "elevation": 1524.0, "land_cover_label": "Tree cover", "water_mask": false, "exclude_reason": "keep", "ndvi": null, "soil_moisture": 0.3018351208178381, "solar_exposure": 0.8500182032585144, "wind_exposure": 0.3213653564453125, "water_retention": 0.3992289900779724, "slope": 1.0174397230148315, "aspect": 203.523178100586, "num_identification_agreements": 1, "cluster": 0, "tavg": null, "tmin": 7.0, "tmax": 23.0, "prcp_d0": 0.0, "prcp_d1": 1.866348028182984, "prcp_d2": 0.0, "prcp_d3": 0.0, "prcp_d4": 4.529931545257568, "prcp_d5": 0.0, "prcp_d6": 4.529931545257568, "tmax_d0": 20.9, "tmax_d1": 20.1, "tmax_d2": 19.0, "tmax_d3": 18.4, "tmax_d4": 20.8, "tmax_d5": 23.3, "tmax_d6": 25.7, "tmin_d0": 4.4, "tmin_d1": 4.8, "tmin_d2": 1.0, "tmin_d3": 8.4, "tmin_d4": 8.2, "tmin_d5": 10.5, "tmin_d6": 6.8, "day_of_year": 128, "uuid": "91474091-01f7-46eb-aa3c-73e2c5f5e08a", "inat_id": 222417813}}, {"type": "Feature", "geometry": {"type": "Point", "coordinates": [-105.0943337133, 40.5943054753]}, "properties": {"species": "Pleurotus pulmonarius", "date": "2020-05-25", "location": "West St, Fort Collins, CO, US", "elevation": 1530.0, "land_cover_label": "Tree cover", "water_mask": false, "exclude_reason": "keep", "ndvi": null, "soil_moisture": 0.3237497302571379, "solar_exposure": 0.8267984390258789, "wind_exposure": 0.3276407420635223, "water_retention": 0.3081913888454437, "slope": 1.30837082862854, "aspect": 341.919677734375, "num_identification_agreements": 1, "cluster": 0, "tavg": null, "tmin": 5.6, "tmax": 18.9, "prcp_d0": 1.4563251733779907, "prcp_d1": 4.797000408172607, "prcp_d2": 0.0286531802266836, "prcp_d3": 0.0721714943647384, "prcp_d4": 0.0053395344875752, "prcp_d5": 0.7973558902740479, "prcp_d6": 0.0, "tmax_d0": 18.6, "tmax_d1": 21.6, "tmax_d2": 25.3, "tmax_d3": 25.5, "tmax_d4": 27.0, "tmax_d5": 29.4, "tmax_d6": 29.1, "tmin_d0": 5.2, "tmin_d1": 7.4, "tmin_d2": 9.5, "tmin_d3": 6.7, "tmin_d4": 6.8, "tmin_d5": 11.6, "tmin_d6": 10.5, "day_of_year": 146, "uuid": "a8126c31-6c4a-454c-9be0-f2dbc04020e1", "inat_id": 47838042}}, {"type": "Feature", "geometry": {"type": "Point", "coordinates": [-122.0988271013, 45.2990842868]}, "properties": {"species": "Pleurotus pulmonarius", "date": "2020-06-27", "location": "Sandy, OR 97055, USA", "elevation": 534.0, "land_cover_label": "Tree cover", "water_mask": false, "exclude_reason": "keep", "ndvi": null, "soil_moisture": null, "solar_exposure": null, "wind_exposure": null, "water_retention": null, "slope": null, "aspect": null, "num_identification_agreements": 2, "cluster": 0, "tavg": null, "tmin": 15.6, "tmax": 21.1, "prcp_d0": 10.808216094970703, "prcp_d1": 0.0, "prcp_d2": 0.0, "prcp_d3": 14.719727516174316, "prcp_d4": 0.0, "prcp_d5": 0.0, "prcp_d6": 0.0, "tmax_d0": 23.6, "tmax_d1": 23.7, "tmax_d2": 22.7, "tmax_d3": 27.0, "tmax_d4": 26.9, "tmax_d5": 23.4, "tmax_d6": 16.8, "tmin_d0": 12.3, "tmin_d1": 12.0, "tmin_d2": 11.8, "tmin_d3": 14.5, "tmin_d4": 8.7, "tmin_d5": 6.2, "tmin_d6": 11.2, "day_of_year": 179, "uuid": "d46bcd6e-2eab-4e99-8ddf-f479c6f5a6df", "inat_id": 51147113}}, {"type": "Feature", "geometry": {"type": "Point", "coordinates": [-122.1810277778, 45.5898472222]}, "properties": {"species": "Pleurotus pulmonarius", "date": "2020-07-01", "location": "Washougal, WA 98671, USA", "elevation": 179.0, "land_cover_label": "Tree cover", "water_mask": false, "exclude_reason": "keep", "ndvi": null, "soil_moisture": null, "solar_exposure": null, "wind_exposure": null, "water_retention": null, "slope": null, "aspect": null, "num_identification_agreements": 1, "cluster": 0, "tavg": null, "tmin": 13.3, "tmax": 18.3, "prcp_d0": 5.674090385437012, "prcp_d1": 0.0, "prcp_d2": 0.0, "prcp_d3": 0.0, "prcp_d4": 0.0, "prcp_d5": 0.0, "prcp_d6": 0.0, "tmax_d0": 17.4, "tmax_d1": 18.5, "tmax_d2": 22.4, "tmax_d3": 18.4, "tmax_d4": 26.0, "tmax_d5": 26.1, "tmax_d6": 26.1, "tmin_d0": 10.6, "tmin_d1": 12.2, "tmin_d2": 11.0, "tmin_d3": 10.5, "tmin_d4": 14.1, "tmin_d5": 12.9, "tmin_d6": 12.9, "day_of_year": 183, "uuid": "f9b99304-6600-42af-9b73-8e43e9475055", "inat_id": 51646643}}, {"type": "Feature", "geometry": {"type": "Point", "coordinates": [-122.04713333, 45.27531167]}, "properties": {"species": "Pleurotus pulmonarius", "date": "2020-09-07", "location": "Mt. Hood National Forest, Estacada, OR, US", "elevation": 754.0, "land_cover_label": "Tree cover", "water_mask": false, "exclude_reason": "keep", "ndvi": null, "soil_moisture": null, "solar_exposure": null, "wind_exposure": null, "water_retention": null, "slope": null, "aspect": null, "num_identification_agreements": 1, "cluster": 0, "tavg": null, "tmin": 15.0, "tmax": 32.8, "prcp_d0": 0.0, "prcp_d1": 0.0, "prcp_d2": 0.0, "prcp_d3": 0.0, "prcp_d4": 0.0, "prcp_d5": 0.0, "prcp_d6": 0.0, "tmax_d0": 28.2, "tmax_d1": 25.7, "tmax_d2": 24.0, "tmax_d3": 28.9, "tmax_d4": 30.1, "tmax_d5": 26.3, "tmax_d6": 24.8, "tmin_d0": 12.2, "tmin_d1": 8.2, "tmin_d2": 7.2, "tmin_d3": 10.2, "tmin_d4": 10.1, "tmin_d5": 11.1, "tmin_d6": 8.1, "day_of_year": 251, "uuid": "89158536-8635-4465-ba1a-9930e423a5b9", "inat_id": 58921250}}, {"type": "Feature", "geometry": {"type": "Point", "coordinates": [-122.2853866667, 45.3281866667]}, "properties": {"species": "Pleurotus pulmonarius", "date": "2021-05-01", "location": "SE Kitzmiller Rd, Eagle Creek, OR, US", "elevation": 185.0, "land_cover_label": "Tree cover", "water_mask": false, "exclude_reason": "keep", "ndvi": null, "soil_moisture": null, "solar_exposure": null, "wind_exposure": null, "water_retention": null, "slope": null, "aspect": null, "num_identification_agreements": 1, "cluster": 0, "tavg": null, "tmin": 10.6, "tmax": 16.7, "prcp_d0": 16.225000381469727, "prcp_d1": 0.0, "prcp_d2": 0.0, "prcp_d3": 0.0, "prcp_d4": 0.0, "prcp_d5": 0.0, "prcp_d6": 0.0, "tmax_d0": 16.5, "tmax_d1": 23.1, "tmax_d2": 22.5, "tmax_d3": 20.6, "tmax_d4": 15.6, "tmax_d5": 13.3, "tmax_d6": 12.5, "tmin_d0": 7.4, "tmin_d1": 9.0, "tmin_d2": 6.6, "tmin_d3": 2.8, "tmin_d4": 6.4, "tmin_d5": 5.5, "tmin_d6": 5.6, "day_of_year": 121, "uuid": "dae52e95-5060-4eae-ae03-23ca8961494c", "inat_id": 76417713}}, {"type": "Feature", "geometry": {"type": "Point", "coordinates": [-122.3685241285, 45.5185544881]}, "properties": {"species": "Pleurotus pulmonarius", "date": "2021-05-01", "location": "Oregon, US", "elevation": 65.0, "land_cover_label": "Tree cover", "water_mask": false, "exclude_reason": "keep", "ndvi": null, "soil_moisture": null, "solar_exposure": null, "wind_exposure": null, "water_retention": null, "slope": null, "aspect": null, "num_identification_agreements": 1, "cluster": 0, "tavg": null, "tmin": 10.6, "tmax": 16.7, "prcp_d0": 9.61793041229248, "prcp_d1": 0.0, "prcp_d2": 0.0, "prcp_d3": 0.0, "prcp_d4": 0.0, "prcp_d5": 0.0, "prcp_d6": 7.360930919647217, "tmax_d0": null, "tmax_d1": null, "tmax_d2": null, "tmax_d3": null, "tmax_d4": null, "tmax_d5": null, "tmax_d6": null, "tmin_d0": null, "tmin_d1": null, "tmin_d2": null, "tmin_d3": null, "tmin_d4": null, "tmin_d5": null, "tmin_d6": null, "day_of_year": 121, "uuid": "e69bdba7-0cde-45a9-be6b-2d102efa2c8a", "inat_id": 76717321}}, {"type": "Feature", "geometry": {"type": "Point", "coordinates": [-105.11785, 40.1374583333]}, "properties": {"species": "Pleurotus pulmonarius", "date": "2021-05-11", "location": "Pike Rd, Longmont, CO, US", "elevation": 1521.0, "land_cover_label": "Grassland", "water_mask": false, "exclude_reason": "keep", "ndvi": null, "soil_moisture": 0.4195135857928495, "solar_exposure": 0.8189569115638733, "wind_exposure": 0.3224274814128876, "water_retention": 0.2507144808769226, "slope": 3.066199779510498, "aspect": 52.55630493164063, "num_identification_agreements": 2, "cluster": 0, "tavg": null, "tmin": 2.5, "tmax": 7.7, "prcp_d0": 0.0, "prcp_d1": 0.0, "prcp_d2": 10.69214916229248, "prcp_d3": 0.0, "prcp_d4": 0.0, "prcp_d5": 0.0, "prcp_d6": 0.0, "tmax_d0": 5.8, "tmax_d1": 8.9, "tmax_d2": 17.1, "tmax_d3": 24.4, "tmax_d4": 26.9, "tmax_d5": 19.1, "tmax_d6": 14.1, "tmin_d0": 0.7, "tmin_d1": 4.2, "tmin_d2": 3.9, "tmin_d3": 4.8, "tmin_d4": 3.8, "tmin_d5": 2.0, "tmin_d6": 2.0, "day_of_year": 131, "uuid": "e7ca6dd2-de44-4bfe-97bd-0762945e1be2", "inat_id": 83842426}}, {"type": "Feature", "geometry": {"type": "Point", "coordinates": [-105.10529906, 39.75203635]}, "properties": {"species": "Pleurotus pulmonarius", "date": "2021-05-27", "location": "Morse Park, Lakewood, CO, USA", "elevation": 1712.0, "land_cover_label": "Tree cover", "water_mask": false, "exclude_reason": "keep", "ndvi": null, "soil_moisture": 0.2850298413439278, "solar_exposure": 0.8367233872413635, "wind_exposure": 0.3312228620052337, "water_retention": 0.3108805418014526, "slope": 1.2572333812713623, "aspect": 75.68069458007812, "num_identification_agreements": 1, "cluster": 0, "tavg": null, "tmin": 10.0, "tmax": 23.0, "prcp_d0": 0.0, "prcp_d1": 0.0, "prcp_d2": 0.0, "prcp_d3": 0.0, "prcp_d4": 6.461067199707031, "prcp_d5": 3.230533599853516, "prcp_d6": 3.230533599853516, "tmax_d0": 20.6, "tmax_d1": 25.2, "tmax_d2": 22.5, "tmax_d3": 21.4, "tmax_d4": 22.5, "tmax_d5": 22.1, "tmax_d6": 25.5, "tmin_d0": 8.4, "tmin_d1": 7.3, "tmin_d2": 6.0, "tmin_d3": 4.7, "tmin_d4": 10.7, "tmin_d5": 6.8, "tmin_d6": 8.6, "day_of_year": 147, "uuid": "3e4f6375-aa6e-4d5e-a95b-1a26cb0dfa58", "inat_id": 80544095}}, {"type": "Feature", "geometry": {"type": "Point", "coordinates": [-104.8384017778, 38.8582381944]}, "properties": {"species": "Pleurotus pulmonarius", "date": "2021-06-08", "location": "Colorado Springs, CO 80907, USA", "elevation": 1862.0, "land_cover_label": "Tree cover", "water_mask": false, "exclude_reason": "keep", "ndvi": null, "soil_moisture": null, "solar_exposure": null, "wind_exposure": null, "water_retention": null, "slope": null, "aspect": null, "num_identification_agreements": 2, "cluster": 0, "tavg": null, "tmin": 12.8, "tmax": 31.7, "prcp_d0": 0.0, "prcp_d1": 0.0, "prcp_d2": 13.858516693115234, "prcp_d3": 0.0, "prcp_d4": 0.0, "prcp_d5": 0.0, "prcp_d6": 0.0, "tmax_d0": 31.8, "tmax_d1": 29.8, "tmax_d2": 26.8, "tmax_d3": 28.8, "tmax_d4": 27.5, "tmax_d5": 24.5, "tmax_d6": 21.4, "tmin_d0": 12.4, "tmin_d1": 11.9, "tmin_d2": 12.3, "tmin_d3": 10.2, "tmin_d4": 8.8, "tmin_d5": 7.5, "tmin_d6": 5.1, "day_of_year": 159, "uuid": "cffee403-2f06-44a5-b04c-c3048b4c8feb", "inat_id": 82253911}}, {"type": "Feature", "geometry": {"type": "Point", "coordinates": [-105.139743231, 40.6229736174]}, "properties": {"species": "Pleurotus pulmonarius", "date": "2021-06-16", "location": "Lions Open Space, Laporte, CO, US", "elevation": 1547.0, "land_cover_label": "Tree cover", "water_mask": false, "exclude_reason": "keep", "ndvi": null, "soil_moisture": 0.1633068970860789, "solar_exposure": 0.8431352376937866, "wind_exposure": 0.3304180204868316, "water_retention": 0.2923976480960846, "slope": 1.653534770011902, "aspect": 259.1623229980469, "num_identification_agreements": 1, "cluster": 0, "tavg": null, "tmin": 17.8, "tmax": 36.7, "prcp_d0": 0.0, "prcp_d1": 0.0, "prcp_d2": 0.0, "prcp_d3": 0.0, "prcp_d4": 0.0, "prcp_d5": 0.0, "prcp_d6": 0.0, "tmax_d0": 35.3, "tmax_d1": 33.6, "tmax_d2": 32.3, "tmax_d3": 28.2, "tmax_d4": 28.4, "tmax_d5": 31.2, "tmax_d6": 31.8, "tmin_d0": 17.1, "tmin_d1": 16.3, "tmin_d2": 16.9, "tmin_d3": 14.5, "tmin_d4": 11.0, "tmin_d5": 11.9, "tmin_d6": 15.7, "day_of_year": 167, "uuid": "5d14ebb1-6a18-4397-9d6c-e3834072973c", "inat_id": 83305487}}, {"type": "Feature", "geometry": {"type": "Point", "coordinates": [-105.1877283333, 40.4159583333]}, "properties": {"species": "Pleurotus pulmonarius", "date": "2021-06-18", "location": "River Rim Rd, Loveland, CO, US", "elevation": 1567.0, "land_cover_label": "Grassland", "water_mask": false, "exclude_reason": "keep", "ndvi": null, "soil_moisture": 0.1805386916897143, "solar_exposure": 0.8435700535774231, "wind_exposure": 0.301167368888855, "water_retention": 0.4050787985324859, "slope": 0.3109926879405975, "aspect": 180.0, "num_identification_agreements": 1, "cluster": 0, "tavg": null, "tmin": 17.8, "tmax": 32.2, "prcp_d0": 0.0, "prcp_d1": 0.0, "prcp_d2": 0.0, "prcp_d3": 0.0, "prcp_d4": 0.0, "prcp_d5": 0.0, "prcp_d6": 0.0, "tmax_d0": 31.1, "tmax_d1": 35.6, "tmax_d2": 35.7, "tmax_d3": 34.4, "tmax_d4": 33.5, "tmax_d5": 29.0, "tmax_d6": 29.3, "tmin_d0": 19.1, "tmin_d1": 17.7, "tmin_d2": 20.0, "tmin_d3": 13.8, "tmin_d4": 14.1, "tmin_d5": 12.7, "tmin_d6": 8.5, "day_of_year": 169, "uuid": "4c822c9a-98cb-4a4f-9c2d-5e89cf04ae19", "inat_id": 83525651}}, {"type": "Feature", "geometry": {"type": "Point", "coordinates": [-105.0169916667, 40.556325]}, "properties": {"species": "Pleurotus pulmonarius", "date": "2021-06-21", "location": "S County Road 9, Fort Collins, CO, US", "elevation": 1491.0, "land_cover_label": "Grassland", "water_mask": false, "exclude_reason": "keep", "ndvi": null, "soil_moisture": 0.151201570992392, "solar_exposure": 0.8365345597267151, "wind_exposure": 0.3201953172683716, "water_retention": 0.2923976480960846, "slope": 1.653534770011902, "aspect": 79.1623306274414, "num_identification_agreements": 1, "cluster": 0, "tavg": null, "tmin": 11.7, "tmax": 25.0, "prcp_d0": 0.0, "prcp_d1": 0.0, "prcp_d2": 9.725960731506348, "prcp_d3": 0.0, "prcp_d4": 0.0, "prcp_d5": 0.0, "prcp_d6": 0.0, "tmax_d0": 26.2, "tmax_d1": 27.8, "tmax_d2": 30.1, "tmax_d3": 31.5, "tmax_d4": 35.3, "tmax_d5": 36.2, "tmax_d6": 35.0, "tmin_d0": 12.5, "tmin_d1": 14.7, "tmin_d2": 16.3, "tmin_d3": 15.6, "tmin_d4": 14.3, "tmin_d5": 15.3, "tmin_d6": 17.1, "day_of_year": 172, "uuid": "010a505c-5b0d-4fd9-8b0a-93431f80b76b", "inat_id": 83971399}}, {"type": "Feature", "geometry": {"type": "Point", "coordinates": [-105.301705, 40.1268971667]}, "properties": {"species": "Pleurotus pulmonarius", "date": "2021-06-23", "location": "Lefthand Canyon Dr, Boulder, CO, US", "elevation": 1745.0, "land_cover_label": "Tree cover", "water_mask": false, "exclude_reason": "keep", "ndvi": null, "soil_moisture": 0.190631210253323, "solar_exposure": 0.8314431309700012, "wind_exposure": 0.2252579927444458, "water_retention": 0.551125705242157, "slope": 3.702491760253906, "aspect": 80.34246826171875, "num_identification_agreements": 1, "cluster": 3, "tavg": null, "tmin": 18.0, "tmax": 35.0, "prcp_d0": 0.0, "prcp_d1": 0.0, "prcp_d2": 4.961460590362549, "prcp_d3": 0.0, "prcp_d4": 9.22244644165039, "prcp_d5": 0.0, "prcp_d6": 0.0, "tmax_d0": 33.7, "tmax_d1": 31.1, "tmax_d2": 23.5, "tmax_d3": 27.1, "tmax_d4": 28.3, "tmax_d5": 30.6, "tmax_d6": 33.9, "tmin_d0": 13.3, "tmin_d1": 10.1, "tmin_d2": 9.5, "tmin_d3": 19.0, "tmin_d4": 15.5, "tmin_d5": 15.6, "tmin_d6": 17.9, "day_of_year": 174, "uuid": "7247536c-3eb5-4019-9186-237aa5745b44", "inat_id": 84223702}}, {"type": "Feature", "geometry": {"type": "Point", "coordinates": [-105.1443333333, 39.9836466667]}, "properties": {"species": "Pleurotus pulmonarius", "date": "2021-06-25", "location": "Lake Park, Louisville, CO, US", "elevation": 1666.0, "land_cover_label": "Tree cover", "water_mask": false, "exclude_reason": "keep", "ndvi": null, "soil_moisture": 0.2004255340590629, "solar_exposure": 0.8418352603912354, "wind_exposure": 0.3130107522010803, "water_retention": 0.3206427693367004, "slope": 3.260313034057617, "aspect": 95.46774291992188, "num_identification_agreements": 1, "cluster": 0, "tavg": null, "tmin": 14.0, "tmax": 23.0, "prcp_d0": 0.0, "prcp_d1": 0.0, "prcp_d2": 0.0, "prcp_d3": 0.0, "prcp_d4": 5.306668281555176, "prcp_d5": 0.0, "prcp_d6": 7.64444637298584, "tmax_d0": 22.7, "tmax_d1": 31.7, "tmax_d2": 34.5, "tmax_d3": 32.7, "tmax_d4": 25.4, "tmax_d5": 28.6, "tmax_d6": 29.4, "tmin_d0": 14.3, "tmin_d1": 17.8, "tmin_d2": 14.3, "tmin_d3": 10.4, "tmin_d4": 11.2, "tmin_d5": 17.5, "tmin_d6": 15.9, "day_of_year": 176, "uuid": "457fd594-6ae1-4d42-9d09-e2308c795a17", "inat_id": 84457035}}, {"type": "Feature", "geometry": {"type": "Point", "coordinates": [-107.8324007615, 37.6663806442]}, "properties": {"species": "Pleurotus pulmonarius", "date": "2021-08-18", "location": "San Juan County, CO, USA", "elevation": 3106.0, "land_cover_label": "Tree cover", "water_mask": false, "exclude_reason": "keep", "ndvi": null, "soil_moisture": null, "solar_exposure": null, "wind_exposure": null, "water_retention": null, "slope": null, "aspect": null, "num_identification_agreements": 1, "cluster": 0, "tavg": null, "tmin": 11.0, "tmax": 21.0, "prcp_d0": 33.64158630371094, "prcp_d1": 0.0, "prcp_d2": 0.0, "prcp_d3": 10.657312393188477, "prcp_d4": 0.0, "prcp_d5": 0.0, "prcp_d6": 0.0, "tmax_d0": 17.8, "tmax_d1": 19.4, "tmax_d2": 17.9, "tmax_d3": 21.5, "tmax_d4": 19.9, "tmax_d5": 21.0, "tmax_d6": 21.9, "tmin_d0": 7.4, "tmin_d1": 2.2, "tmin_d2": 5.4, "tmin_d3": 4.1, "tmin_d4": 3.0, "tmin_d5": 4.5, "tmin_d6": 5.4, "day_of_year": 230, "uuid": "1b8a5a89-5366-46e2-a011-853f257dc745", "inat_id": 91689528}}, {"type": "Feature", "geometry": {"type": "Point", "coordinates": [-122.285195, 45.4899866667]}, "properties": {"species": "Pleurotus pulmonarius", "date": "2021-10-03", "location": "Oxbow Regional Park, Corbett, OR, US", "elevation": 59.0, "land_cover_label": "Tree cover", "water_mask": false, "exclude_reason": "keep", "ndvi": null, "soil_moisture": null, "solar_exposure": null, "wind_exposure": null, "water_retention": null, "slope": null, "aspect": null, "num_identification_agreements": 1, "cluster": 0, "tavg": null, "tmin": 7.2, "tmax": 21.7, "prcp_d0": 0.0, "prcp_d1": 0.0, "prcp_d2": 0.0, "prcp_d3": 0.0, "prcp_d4": 0.0, "prcp_d5": 0.0, "prcp_d6": 0.0, "tmax_d0": 19.5, "tmax_d1": 20.1, "tmax_d2": 19.3, "tmax_d3": 16.4, "tmax_d4": 20.3, "tmax_d5": 15.5, "tmax_d6": 22.8, "tmin_d0": 7.2, "tmin_d1": 6.9, "tmin_d2": 8.9, "tmin_d3": 11.7, "tmin_d4": 7.9, "tmin_d5": 10.6, "tmin_d6": 13.6, "day_of_year": 276, "uuid": "67f89428-812f-4b53-ad3e-df0fed204a93", "inat_id": 97112294}}, {"type": "Feature", "geometry": {"type": "Point", "coordinates": [-105.1874000597, 40.044178462]}, "properties": {"species": "Pleurotus pulmonarius", "date": "2022-01-02", "location": "Boulder, CO, US", "elevation": 1563.0, "land_cover_label": "Grassland", "water_mask": false, "exclude_reason": "keep", "ndvi": null, "soil_moisture": 0.2365093280917821, "solar_exposure": 0.8369393348693848, "wind_exposure": 0.3151358962059021, "water_retention": 0.5027325749397278, "slope": 0.5115081071853638, "aspect": 52.55630493164063, "num_identification_agreements": 1, "cluster": 3, "tavg": null, "tmin": -12.5, "tmax": 2.1, "prcp_d0": 0.0, "prcp_d1": 1.4016450643539429, "prcp_d2": 0.0, "prcp_d3": 0.0, "prcp_d4": 0.0, "prcp_d5": 0.0, "prcp_d6": 0.0, "tmax_d0": 4.8, "tmax_d1": -3.6, "tmax_d2": 3.2, "tmax_d3": 5.7, "tmax_d4": -0.4, "tmax_d5": 1.9, "tmax_d6": 7.2, "tmin_d0": -13.7, "tmin_d1": -14.8, "tmin_d2": -2.8, "tmin_d3": -6.1, "tmin_d4": -7.9, "tmin_d5": -4.8, "tmin_d6": -4.2, "day_of_year": 2, "uuid": "b7cb2f3f-08e0-412d-823f-4d91bb8df61c", "inat_id": 104219341}}, {"type": "Feature", "geometry": {"type": "Point", "coordinates": [-105.1589361667, 39.6601716667]}, "properties": {"species": "Pleurotus pulmonarius", "date": "2022-06-05", "location": "Bear Creek Lake Park, Lakewood, CO, US", "elevation": 1752.0, "land_cover_label": "Grassland", "water_mask": false, "exclude_reason": "keep", "ndvi": null, "soil_moisture": 0.26575659921589, "solar_exposure": 0.7853751182556152, "wind_exposure": 0.322206974029541, "water_retention": 0.2530835270881653, "slope": 5.905335426330566, "aspect": 38.07970428466797, "num_identification_agreements": 1, "cluster": 0, "tavg": null, "tmin": 14.0, "tmax": 26.0, "prcp_d0": 0.0, "prcp_d1": 21.75761985778809, "prcp_d2": 0.0, "prcp_d3": 0.0, "prcp_d4": 0.0, "prcp_d5": 0.0, "prcp_d6": 15.409857749938965, "tmax_d0": 26.8, "tmax_d1": 27.3, "tmax_d2": 22.0, "tmax_d3": 19.0, "tmax_d4": 15.5, "tmax_d5": 15.9, "tmax_d6": 19.0, "tmin_d0": 12.9, "tmin_d1": 7.3, "tmin_d2": 6.3, "tmin_d3": 4.3, "tmin_d4": 3.9, "tmin_d5": 6.0, "tmin_d6": 6.8, "day_of_year": 156, "uuid": "91228a07-1733-4e76-8295-bc33e4b71eb5", "inat_id": 120752108}}, {"type": "Feature", "geometry": {"type": "Point", "coordinates": [-122.2488018125, 45.3975012192]}, "properties": {"species": "Pleurotus pulmonarius", "date": "2022-06-08", "location": "Sandy, OR 97055, USA", "elevation": 299.0, "land_cover_label": "Tree cover", "water_mask": false, "exclude_reason": "keep", "ndvi": null, "soil_moisture": null, "solar_exposure": null, "wind_exposure": null, "water_retention": null, "slope": null, "aspect": null, "num_identification_agreements": 1, "cluster": 1, "tavg": null, "tmin": 16.1, "tmax": 23.9, "prcp_d0": 60.218292236328125, "prcp_d1": 0.0, "prcp_d2": 0.0, "prcp_d3": 0.0, "prcp_d4": 0.0, "prcp_d5": 0.0, "prcp_d6": 0.0, "tmax_d0": 19.9, "tmax_d1": 24.0, "tmax_d2": 14.9, "tmax_d3": 17.7, "tmax_d4": 16.2, "tmax_d5": 22.2, "tmax_d6": 22.3, "tmin_d0": 11.8, "tmin_d1": 5.4, "tmin_d2": 10.2, "tmin_d3": 12.2, "tmin_d4": 10.1, "tmin_d5": 12.2, "tmin_d6": 9.3, "day_of_year": 159, "uuid": "efe94673-5d60-4f58-ad34-b3b9650c3082", "inat_id": 124210940}}, {"type": "Feature", "geometry": {"type": "Point", "coordinates": [-121.8415533333, 45.7533616667]}, "properties": {"species": "Pleurotus pulmonarius", "date": "2022-06-11", "location": "Columbia River Gorge National Scenic Area - Headquarters, Carson, WA, US", "elevation": 157.0, "land_cover_label": "Tree cover", "water_mask": false, "exclude_reason": "keep", "ndvi": null, "soil_moisture": null, "solar_exposure": null, "wind_exposure": null, "water_retention": null, "slope": null, "aspect": null, "num_identification_agreements": 1, "cluster": 2, "tavg": null, "tmin": 12.7, "tmax": 20.8, "prcp_d0": 0.0, "prcp_d1": 0.0, "prcp_d2": 0.0, "prcp_d3": 0.0, "prcp_d4": 0.0, "prcp_d5": 0.0, "prcp_d6": 70.86134338378906, "tmax_d0": 20.4, "tmax_d1": 21.0, "tmax_d2": 21.3, "tmax_d3": 20.7, "tmax_d4": 22.5, "tmax_d5": 18.2, "tmax_d6": 18.6, "tmin_d0": 13.2, "tmin_d1": 14.6, "tmin_d2": 13.6, "tmin_d3": 12.3, "tmin_d4": 8.3, "tmin_d5": 11.6, "tmin_d6": 12.4, "day_of_year": 162, "uuid": "cb56c368-56a2-4b00-a079-88239acac92e", "inat_id": 121695992}}, {"type": "Feature", "geometry": {"type": "Point", "coordinates": [-122.452125, 45.3232333333]}, "properties": {"species": "Pleurotus pulmonarius", "date": "2022-06-11", "location": "S Rainbow Forest Ln, Oregon City, OR, US", "elevation": 218.0, "land_cover_label": "Tree cover", "water_mask": false, "exclude_reason": "keep", "ndvi": null, "soil_moisture": null, "solar_exposure": null, "wind_exposure": null, "water_retention": null, "slope": null, "aspect": null, "num_identification_agreements": 1, "cluster": 1, "tavg": null, "tmin": 15.0, "tmax": 19.4, "prcp_d0": 0.0, "prcp_d1": 38.46638870239258, "prcp_d2": 0.0, "prcp_d3": 38.46638870239258, "prcp_d4": 0.0, "prcp_d5": 0.0, "prcp_d6": 0.0, "tmax_d0": null, "tmax_d1": null, "tmax_d2": null, "tmax_d3": null, "tmax_d4": null, "tmax_d5": null, "tmax_d6": null, "tmin_d0": null, "tmin_d1": null, "tmin_d2": null, "tmin_d3": null, "tmin_d4": null, "tmin_d5": null, "tmin_d6": null, "day_of_year": 162, "uuid": "cf6280b9-f8c1-423a-97d4-a7523ff2a4a3", "inat_id": 121324828}}, {"type": "Feature", "geometry": {"type": "Point", "coordinates": [-122.3870167997, 45.3126206]}, "properties": {"species": "Pleurotus pulmonarius", "date": "2022-06-24", "location": "Estacada, OR 97023, USA", "elevation": 95.0, "land_cover_label": "Tree cover", "water_mask": false, "exclude_reason": "keep", "ndvi": null, "soil_moisture": null, "solar_exposure": null, "wind_exposure": null, "water_retention": null, "slope": null, "aspect": null, "num_identification_agreements": 1, "cluster": 0, "tavg": null, "tmin": 10.0, "tmax": 29.4, "prcp_d0": 0.0, "prcp_d1": 0.0, "prcp_d2": 0.0, "prcp_d3": 0.0, "prcp_d4": 1.387778401374817, "prcp_d5": 2.699225187301636, "prcp_d6": 2.3050882816314697, "tmax_d0": null, "tmax_d1": null, "tmax_d2": null, "tmax_d3": null, "tmax_d4": null, "tmax_d5": null, "tmax_d6": null, "tmin_d0": null, "tmin_d1": null, "tmin_d2": null, "tmin_d3": null, "tmin_d4": null, "tmin_d5": null, "tmin_d6": null, "day_of_year": 175, "uuid": "77c41505-5e16-4892-8ebc-06a4b1f0b7b9", "inat_id": 159445178}}, {"type": "Feature", "geometry": {"type": "Point", "coordinates": [-105.1862888422, 40.0421227634]}, "properties": {"species": "Pleurotus pulmonarius", "date": "2022-07-03", "location": "Walden Ponds Wildlife Habitat, Boulder County, CO, USA", "elevation": 1562.0, "land_cover_label": "Tree cover", "water_mask": false, "exclude_reason": "keep", "ndvi": null, "soil_moisture": 0.1785497509332442, "solar_exposure": 0.8336170315742493, "wind_exposure": 0.310834527015686, "water_retention": 0.5493760108947754, "slope": 0.6219670176506042, "aspect": 0.0, "num_identification_agreements": 1, "cluster": 3, "tavg": null, "tmin": 17.0, "tmax": 33.0, "prcp_d0": 0.0, "prcp_d1": 0.0, "prcp_d2": 0.0, "prcp_d3": 6.053294658660889, "prcp_d4": 0.0, "prcp_d5": 0.0, "prcp_d6": 0.0, "tmax_d0": 28.9, "tmax_d1": 29.0, "tmax_d2": 26.3, "tmax_d3": 28.1, "tmax_d4": 32.3, "tmax_d5": 31.1, "tmax_d6": 27.2, "tmin_d0": 15.7, "tmin_d1": 13.6, "tmin_d2": 14.2, "tmin_d3": 17.8, "tmin_d4": 18.2, "tmin_d5": 13.4, "tmin_d6": 12.6, "day_of_year": 184, "uuid": "85435830-5d58-4f81-85d8-20e90444d4b4", "inat_id": 191724287}}, {"type": "Feature", "geometry": {"type": "Point", "coordinates": [-105.4436116667, 39.661055]}, "properties": {"species": "Pleurotus pulmonarius", "date": "2022-07-09", "location": "Evergreen, CO, US", "elevation": 2774.0, "land_cover_label": "Tree cover", "water_mask": false, "exclude_reason": "keep", "ndvi": null, "soil_moisture": 0.3575948613623382, "solar_exposure": 0.8139182925224304, "wind_exposure": 0.2784344553947449, "water_retention": 0.1966039836406707, "slope": 19.72488021850586, "aspect": 98.70738220214844, "num_identification_agreements": 1, "cluster": 0, "tavg": null, "tmin": 2.0, "tmax": 17.3, "prcp_d0": 8.36846923828125, "prcp_d1": 0.0, "prcp_d2": 8.36846923828125, "prcp_d3": 0.0, "prcp_d4": 0.0, "prcp_d5": 0.0, "prcp_d6": 15.71928882598877, "tmax_d0": 24.4, "tmax_d1": 22.2, "tmax_d2": 20.8, "tmax_d3": 17.6, "tmax_d4": 19.7, "tmax_d5": 21.1, "tmax_d6": 21.0, "tmin_d0": 8.5, "tmin_d1": 5.9, "tmin_d2": 6.8, "tmin_d3": 9.7, "tmin_d4": 9.6, "tmin_d5": 8.0, "tmin_d6": 9.1, "day_of_year": 190, "uuid": "a388f994-6fa9-4e43-a57d-5d32693d2859", "inat_id": 125695563}}, {"type": "Feature", "geometry": {"type": "Point", "coordinates": [-104.8727333333, 38.8728916667]}, "properties": {"species": "Pleurotus pulmonarius", "date": "2022-07-25", "location": "West Colorado Springs, Colorado Springs, CO, US", "elevation": 1918.0, "land_cover_label": "Tree cover", "water_mask": false, "exclude_reason": "keep", "ndvi": null, "soil_moisture": null, "solar_exposure": null, "wind_exposure": null, "water_retention": null, "slope": null, "aspect": null, "num_identification_agreements": 1, "cluster": 0, "tavg": null, "tmin": 14.0, "tmax": 28.5, "prcp_d0": 16.83989715576172, "prcp_d1": 0.0, "prcp_d2": 0.0, "prcp_d3": 0.0, "prcp_d4": 0.0, "prcp_d5": 8.106864929199219, "prcp_d6": 2.702288150787353, "tmax_d0": 27.8, "tmax_d1": 26.4, "tmax_d2": 34.9, "tmax_d3": 33.9, "tmax_d4": 32.9, "tmax_d5": 30.5, "tmax_d6": 34.0, "tmin_d0": 15.1, "tmin_d1": 16.4, "tmin_d2": 16.3, "tmin_d3": 14.8, "tmin_d4": 13.9, "tmin_d5": 16.3, "tmin_d6": 18.9, "day_of_year": 206, "uuid": "6fd4345b-443f-420d-bae6-06ab926f8cc4", "inat_id": 127939372}}, {"type": "Feature", "geometry": {"type": "Point", "coordinates": [-106.6461288651, 39.1255306313]}, "properties": {"species": "Pleurotus pulmonarius", "date": "2022-07-28", "location": "Pitkin County, US-CO, US", "elevation": 3158.0, "land_cover_label": "Tree cover", "water_mask": false, "exclude_reason": "keep", "ndvi": null, "soil_moisture": null, "solar_exposure": null, "wind_exposure": null, "water_retention": null, "slope": null, "aspect": null, "num_identification_agreements": 1, "cluster": 0, "tavg": null, "tmin": 13.9, "tmax": 20.6, "prcp_d0": 0.0, "prcp_d1": 0.0, "prcp_d2": 21.051109313964844, "prcp_d3": 0.0, "prcp_d4": 0.0, "prcp_d5": 0.0, "prcp_d6": 0.0, "tmax_d0": 18.4, "tmax_d1": 20.1, "tmax_d2": 19.6, "tmax_d3": 18.9, "tmax_d4": 17.7, "tmax_d5": 22.5, "tmax_d6": 21.7, "tmin_d0": 9.4, "tmin_d1": 7.1, "tmin_d2": 7.5, "tmin_d3": 7.4, "tmin_d4": 9.6, "tmin_d5": 9.8, "tmin_d6": 6.6, "day_of_year": 209, "uuid": "35eefd3e-b49b-4e4e-b4ae-33de7f2e73a7", "inat_id": 128354130}}, {"type": "Feature", "geometry": {"type": "Point", "coordinates": [-105.0329322633, 39.5333186407]}, "properties": {"species": "Pleurotus pulmonarius", "date": "2022-09-20", "location": "Westridge, Highlands Ranch, CO, US", "elevation": 1706.0, "land_cover_label": "Grassland", "water_mask": false, "exclude_reason": "keep", "ndvi": null, "soil_moisture": 0.1681526111689027, "solar_exposure": 0.8623546361923218, "wind_exposure": 0.3402122259140014, "water_retention": 0.338762104511261, "slope": 2.4931445121765137, "aspect": 209.234130859375, "num_identification_agreements": 1, "cluster": 0, "tavg": null, "tmin": 13.3, "tmax": 30.6, "prcp_d0": 0.0, "prcp_d1": 0.0, "prcp_d2": 0.0, "prcp_d3": 0.0, "prcp_d4": 0.0, "prcp_d5": 0.0, "prcp_d6": 0.0, "tmax_d0": 32.9, "tmax_d1": 31.6, "tmax_d2": 30.8, "tmax_d3": 27.7, "tmax_d4": 27.4, "tmax_d5": 23.2, "tmax_d6": 27.1, "tmin_d0": 12.2, "tmin_d1": 10.8, "tmin_d2": 8.4, "tmin_d3": 9.5, "tmin_d4": 8.9, "tmin_d5": 10.3, "tmin_d6": 16.0, "day_of_year": 263, "uuid": "35992338-cee2-47e0-980e-fed2d111d8ab", "inat_id": 135851716}}, {"type": "Feature", "geometry": {"type": "Point", "coordinates": [-104.8450944945, 38.8175617117]}, "properties": {"species": "Pleurotus pulmonarius", "date": "2022-10-06", "location": "Broadmoor, Colorado Springs, CO 80905, USA", "elevation": 1855.0, "land_cover_label": "Grassland", "water_mask": false, "exclude_reason": "keep", "ndvi": null, "soil_moisture": null, "solar_exposure": null, "wind_exposure": null, "water_retention": null, "slope": null, "aspect": null, "num_identification_agreements": 2, "cluster": 0, "tavg": null, "tmin": 9.0, "tmax": 18.0, "prcp_d0": 0.0, "prcp_d1": 0.0, "prcp_d2": 0.0, "prcp_d3": 0.0, "prcp_d4": 10.91213035583496, "prcp_d5": 0.0, "prcp_d6": 0.464027851819992, "tmax_d0": 19.6, "tmax_d1": 16.2, "tmax_d2": 18.1, "tmax_d3": 21.8, "tmax_d4": 20.2, "tmax_d5": 21.6, "tmax_d6": 25.9, "tmin_d0": 4.9, "tmin_d1": 7.4, "tmin_d2": 8.9, "tmin_d3": 8.1, "tmin_d4": 9.0, "tmin_d5": 10.7, "tmin_d6": 9.0, "day_of_year": 279, "uuid": "f1fbc9f8-0e8e-4b26-98a5-4e0ed64f23e7", "inat_id": 138399309}}, {"type": "Feature", "geometry": {"type": "Point", "coordinates": [-122.25828632, 45.39342551]}, "properties": {"species": "Pleurotus pulmonarius", "date": "2023-05-13", "location": "Sandy, OR, USA", "elevation": 312.0, "land_cover_label": "Tree cover", "water_mask": false, "exclude_reason": "keep", "ndvi": null, "soil_moisture": null, "solar_exposure": null, "wind_exposure": null, "water_retention": null, "slope": null, "aspect": null, "num_identification_agreements": 1, "cluster": 0, "tavg": null, "tmin": 14.4, "tmax": 33.3, "prcp_d0": 0.0, "prcp_d1": 0.0, "prcp_d2": 0.0, "prcp_d3": 0.0, "prcp_d4": 0.0, "prcp_d5": 0.0, "prcp_d6": 0.0, "tmax_d0": 29.6, "tmax_d1": 27.2, "tmax_d2": 21.2, "tmax_d3": 20.1, "tmax_d4": 14.4, "tmax_d5": 14.6, "tmax_d6": 14.9, "tmin_d0": 11.3, "tmin_d1": 6.3, "tmin_d2": 8.9, "tmin_d3": 3.7, "tmin_d4": 6.6, "tmin_d5": 2.6, "tmin_d6": 5.9, "day_of_year": 133, "uuid": "14693d28-6a25-4c75-a374-42e6f1638601", "inat_id": 161485930}}, {"type": "Feature", "geometry": {"type": "Point", "coordinates": [-122.3563166667, 45.4839766667]}, "properties": {"species": "Pleurotus pulmonarius", "date": "2023-05-17", "location": "Gresham, OR 97080, USA", "elevation": 160.0, "land_cover_label": "Tree cover", "water_mask": false, "exclude_reason": "keep", "ndvi": null, "soil_moisture": null, "solar_exposure": null, "wind_exposure": null, "water_retention": null, "slope": null, "aspect": null, "num_identification_agreements": 1, "cluster": 0, "tavg": null, "tmin": 13.9, "tmax": 32.2, "prcp_d0": 0.0, "prcp_d1": 5.15618371963501, "prcp_d2": 0.0, "prcp_d3": 0.0, "prcp_d4": 0.0, "prcp_d5": 0.0, "prcp_d6": 0.0, "tmax_d0": null, "tmax_d1": null, "tmax_d2": null, "tmax_d3": null, "tmax_d4": null, "tmax_d5": null, "tmax_d6": null, "tmin_d0": null, "tmin_d1": null, "tmin_d2": null, "tmin_d3": null, "tmin_d4": null, "tmin_d5": null, "tmin_d6": null, "day_of_year": 137, "uuid": "979482ba-e33f-4c4e-85a3-2e6d68d10a9d", "inat_id": 162229867}}, {"type": "Feature", "geometry": {"type": "Point", "coordinates": [-121.9962020963, 45.3491971609]}, "properties": {"species": "Pleurotus pulmonarius", "date": "2023-05-20", "location": "Mt Hood Village, OR, USA", "elevation": 374.0, "land_cover_label": "Tree cover", "water_mask": false, "exclude_reason": "keep", "ndvi": null, "soil_moisture": null, "solar_exposure": null, "wind_exposure": null, "water_retention": null, "slope": null, "aspect": null, "num_identification_agreements": 1, "cluster": 0, "tavg": null, "tmin": 14.4, "tmax": 27.2, "prcp_d0": 8.450736045837402, "prcp_d1": 0.0, "prcp_d2": 0.0, "prcp_d3": 0.0, "prcp_d4": 8.450736045837402, "prcp_d5": 0.0, "prcp_d6": 0.0, "tmax_d0": 23.7, "tmax_d1": 24.7, "tmax_d2": 27.9, "tmax_d3": 27.3, "tmax_d4": 24.6, "tmax_d5": 28.2, "tmax_d6": 28.7, "tmin_d0": 11.7, "tmin_d1": 12.0, "tmin_d2": 12.3, "tmin_d3": 10.1, "tmin_d4": 12.9, "tmin_d5": 15.6, "tmin_d6": 12.0, "day_of_year": 140, "uuid": "b622840d-1450-4fc9-9d9c-e056ee622dae", "inat_id": 164500038}}, {"type": "Feature", "geometry": {"type": "Point", "coordinates": [-107.5972909654, 39.1619500321]}, "properties": {"species": "Pleurotus pulmonarius", "date": "2023-07-26", "location": "Grand Mesa Uncompahgre and Gunnison National Forests, Paonia, CO, US", "elevation": 2897.0, "land_cover_label": "Tree cover", "water_mask": false, "exclude_reason": "keep", "ndvi": null, "soil_moisture": null, "solar_exposure": null, "wind_exposure": null, "water_retention": null, "slope": null, "aspect": null, "num_identification_agreements": 1, "cluster": 0, "tavg": null, "tmin": 11.7, "tmax": 22.7, "prcp_d0": 0.0, "prcp_d1": 0.0, "prcp_d2": 0.0, "prcp_d3": 0.0, "prcp_d4": 0.0, "prcp_d5": 0.0, "prcp_d6": 0.0, "tmax_d0": 23.2, "tmax_d1": 25.6, "tmax_d2": 27.6, "tmax_d3": 26.2, "tmax_d4": 24.1, "tmax_d5": 23.0, "tmax_d6": 23.3, "tmin_d0": 8.5, "tmin_d1": 10.4, "tmin_d2": 9.9, "tmin_d3": 8.1, "tmin_d4": 9.6, "tmin_d5": 9.6, "tmin_d6": 8.5, "day_of_year": 207, "uuid": "33ca4b63-29b8-4e34-8e4a-7184003024a2", "inat_id": 176352981}}, {"type": "Feature", "geometry": {"type": "Point", "coordinates": [-105.8340231919, 35.7348742352]}, "properties": {"species": "Pleurotus pulmonarius", "date": "2023-08-17", "location": "Santa Fe County, NM, USA", "elevation": 2641.0, "land_cover_label": "Tree cover", "water_mask": false, "exclude_reason": "keep", "ndvi": null, "soil_moisture": null, "solar_exposure": null, "wind_exposure": null, "water_retention": null, "slope": null, "aspect": null, "num_identification_agreements": 1, "cluster": 0, "tavg": null, "tmin": 16.1, "tmax": 33.9, "prcp_d0": 0.0, "prcp_d1": 0.0, "prcp_d2": 0.0, "prcp_d3": 0.0, "prcp_d4": 0.0, "prcp_d5": 0.0, "prcp_d6": 0.0, "tmax_d0": 24.5, "tmax_d1": 23.5, "tmax_d2": 23.3, "tmax_d3": 21.6, "tmax_d4": 23.7, "tmax_d5": 23.9, "tmax_d6": 25.7, "tmin_d0": 12.0, "tmin_d1": 12.7, "tmin_d2": 9.6, "tmin_d3": 11.0, "tmin_d4": 9.0, "tmin_d5": 11.6, "tmin_d6": 12.4, "day_of_year": 229, "uuid": "502dc9a6-676f-4083-bbe0-f833ce81c07a", "inat_id": 178880212}}, {"type": "Feature", "geometry": {"type": "Point", "coordinates": [-122.3061450943, 45.5011429784]}, "properties": {"species": "Pleurotus pulmonarius", "date": "2023-09-18", "location": "Gresham, OR 97080, USA", "elevation": 48.0, "land_cover_label": "Tree cover", "water_mask": false, "exclude_reason": "keep", "ndvi": null, "soil_moisture": null, "solar_exposure": null, "wind_exposure": null, "water_retention": null, "slope": null, "aspect": null, "num_identification_agreements": 1, "cluster": 0, "tavg": null, "tmin": 13.9, "tmax": 23.3, "prcp_d0": 0.0, "prcp_d1": 0.0, "prcp_d2": 0.0, "prcp_d3": 0.0, "prcp_d4": 0.0, "prcp_d5": 0.0, "prcp_d6": 0.0, "tmax_d0": 21.7, "tmax_d1": 28.1, "tmax_d2": 33.0, "tmax_d3": 33.2, "tmax_d4": 31.4, "tmax_d5": 25.5, "tmax_d6": 25.1, "tmin_d0": 13.1, "tmin_d1": 11.0, "tmin_d2": 12.0, "tmin_d3": 14.3, "tmin_d4": 11.7, "tmin_d5": 13.9, "tmin_d6": 12.7, "day_of_year": 261, "uuid": "abf829d2-3af3-4211-9fcc-d47a19710cab", "inat_id": 183920520}}, {"type": "Feature", "geometry": {"type": "Point", "coordinates": [-122.2890083333, 45.4931611111]}, "properties": {"species": "Pleurotus pulmonarius", "date": "2023-10-21", "location": "Multnomah County, OR, USA", "elevation": 128.0, "land_cover_label": "Tree cover", "water_mask": false, "exclude_reason": "keep", "ndvi": null, "soil_moisture": null, "solar_exposure": null, "wind_exposure": null, "water_retention": null, "slope": null, "aspect": null, "num_identification_agreements": 1, "cluster": 0, "tavg": null, "tmin": 12.8, "tmax": 16.7, "prcp_d0": 0.0, "prcp_d1": 0.0, "prcp_d2": 0.0, "prcp_d3": 0.0, "prcp_d4": 0.0, "prcp_d5": 23.62357711791992, "prcp_d6": 0.0, "tmax_d0": 18.0, "tmax_d1": 19.4, "tmax_d2": 19.2, "tmax_d3": 21.5, "tmax_d4": 18.4, "tmax_d5": 19.2, "tmax_d6": 20.2, "tmin_d0": 9.4, "tmin_d1": 9.6, "tmin_d2": 8.1, "tmin_d3": 7.4, "tmin_d4": 10.8, "tmin_d5": 13.5, "tmin_d6": 11.1, "day_of_year": 294, "uuid": "1bb7508a-01c6-4c94-a483-b57671c83fc6", "inat_id": 192521924}}, {"type": "Feature", "geometry": {"type": "Point", "coordinates": [-105.2117370456, 39.7472057803]}, "properties": {"species": "Pleurotus pulmonarius", "date": "2024-04-27", "location": "23rd St, Golden, CO, US", "elevation": 1754.0, "land_cover_label": "Tree cover", "water_mask": false, "exclude_reason": "keep", "ndvi": null, "soil_moisture": 0.3450540888027432, "solar_exposure": 0.8198052048683167, "wind_exposure": 0.284502625465393, "water_retention": 0.38693568110466, "slope": 2.03423810005188, "aspect": 23.52318000793457, "num_identification_agreements": 2, "cluster": 1, "tavg": null, "tmin": 1.0, "tmax": 7.0, "prcp_d0": 22.62152671813965, "prcp_d1": 16.966144561767578, "prcp_d2": 0.0, "prcp_d3": 0.0, "prcp_d4": 0.0, "prcp_d5": 0.0, "prcp_d6": 0.0, "tmax_d0": 11.9, "tmax_d1": 17.3, "tmax_d2": 21.9, "tmax_d3": 22.5, "tmax_d4": 21.2, "tmax_d5": 23.2, "tmax_d6": 15.4, "tmin_d0": 2.0, "tmin_d1": 6.6, "tmin_d2": 3.6, "tmin_d3": 1.3, "tmin_d4": 3.7, "tmin_d5": 1.4, "tmin_d6": -4.1, "day_of_year": 118, "uuid": "9ce6ae9a-f0d3-4613-8a11-7d30dd3828ca", "inat_id": 210459821}}, {"type": "Feature", "geometry": {"type": "Point", "coordinates": [-104.8527173325, 38.821901377]}, "properties": {"species": "Pleurotus pulmonarius", "date": "2024-05-05", "location": "Broadmoor, Colorado Springs, CO 80905, USA", "elevation": 1858.0, "land_cover_label": "Tree cover", "water_mask": false, "exclude_reason": "keep", "ndvi": null, "soil_moisture": null, "solar_exposure": null, "wind_exposure": null, "water_retention": null, "slope": null, "aspect": null, "num_identification_agreements": 1, "cluster": 0, "tavg": null, "tmin": 3.0, "tmax": 20.0, "prcp_d0": 2.539815664291382, "prcp_d1": 0.0, "prcp_d2": 0.0, "prcp_d3": 0.0, "prcp_d4": 0.0, "prcp_d5": 0.0, "prcp_d6": 0.0, "tmax_d0": 24.2, "tmax_d1": 21.0, "tmax_d2": 22.3, "tmax_d3": 18.5, "tmax_d4": 21.1, "tmax_d5": 22.1, "tmax_d6": 15.6, "tmin_d0": 1.4, "tmin_d1": 0.4, "tmin_d2": 4.1, "tmin_d3": 4.7, "tmin_d4": 4.6, "tmin_d5": 1.6, "tmin_d6": -0.8, "day_of_year": 126, "uuid": "d1d8b222-e6f0-48dc-9c0e-c8b0db8a6e6f", "inat_id": 225832259}}, {"type": "Feature", "geometry": {"type": "Point", "coordinates": [-105.2749305556, 39.675675]}, "properties": {"species": "Pleurotus pulmonarius", "date": "2024-05-18", "location": "Genesse South, Genesee, CO 80401, USA", "elevation": 2197.0, "land_cover_label": "Grassland", "water_mask": false, "exclude_reason": "keep", "ndvi": null, "soil_moisture": 0.3248053802090032, "solar_exposure": 0.8268452882766724, "wind_exposure": 0.341039627790451, "water_retention": 0.1998306214809417, "slope": 6.499648094177246, "aspect": 84.53225708007812, "num_identification_agreements": 2, "cluster": 0, "tavg": null, "tmin": 12.0, "tmax": 24.0, "prcp_d0": 1.2675646543502808, "prcp_d1": 0.1808312237262725, "prcp_d2": 2.9011571407318115, "prcp_d3": 0.0, "prcp_d4": 0.0, "prcp_d5": 0.0, "prcp_d6": 15.84061336517334, "tmax_d0": 19.7, "tmax_d1": 22.8, "tmax_d2": 17.7, "tmax_d3": 16.0, "tmax_d4": 21.1, "tmax_d5": 17.8, "tmax_d6": 13.1, "tmin_d0": 3.1, "tmin_d1": 4.2, "tmin_d2": 0.5, "tmin_d3": 1.5, "tmin_d4": 3.1, "tmin_d5": -0.3, "tmin_d6": 3.4, "day_of_year": 139, "uuid": "7f6915ba-46d7-4e2b-8d34-8962ea6bfced", "inat_id": 216626871}}, {"type": "Feature", "geometry": {"type": "Point", "coordinates": [-105.0867611667, 39.4945533333]}, "properties": {"species": "Pleurotus pulmonarius", "date": "2024-05-18", "location": "Chatfield State Park, Littleton, CO, US", "elevation": 1674.0, "land_cover_label": "Tree cover", "water_mask": false, "exclude_reason": "keep", "ndvi": null, "soil_moisture": 0.3118702870566378, "solar_exposure": 0.8301293253898621, "wind_exposure": 0.3059186339378357, "water_retention": 0.5833999514579773, "slope": 1.2368242740631104, "aspect": 41.04240798950195, "num_identification_agreements": 2, "cluster": 3, "tavg": null, "tmin": 10.0, "tmax": 21.1, "prcp_d0": 1.219401717185974, "prcp_d1": 0.1474679559469223, "prcp_d2": 2.749886989593506, "prcp_d3": 5.181690216064453, "prcp_d4": 5.181690216064453, "prcp_d5": 5.181690216064453, "prcp_d6": 10.363380432128906, "tmax_d0": 25.4, "tmax_d1": 27.0, "tmax_d2": 21.7, "tmax_d3": 17.9, "tmax_d4": 24.9, "tmax_d5": 22.2, "tmax_d6": 16.5, "tmin_d0": 6.3, "tmin_d1": 7.3, "tmin_d2": 5.0, "tmin_d3": 7.7, "tmin_d4": 7.3, "tmin_d5": 2.4, "tmin_d6": 5.9, "day_of_year": 139, "uuid": "939fdba9-9c7d-4303-a9ca-3e369f28ce8c", "inat_id": 216560883}}, {"type": "Feature", "geometry": {"type": "Point", "coordinates": [-122.3534616667, 45.515695]}, "properties": {"species": "Pleurotus pulmonarius", "date": "2024-05-19", "location": "Troutdale, OR, US", "elevation": 13.0, "land_cover_label": "Tree cover", "water_mask": false, "exclude_reason": "keep", "ndvi": null, "soil_moisture": null, "solar_exposure": null, "wind_exposure": null, "water_retention": null, "slope": null, "aspect": null, "num_identification_agreements": 1, "cluster": 0, "tavg": null, "tmin": 7.2, "tmax": 18.3, "prcp_d0": 3.913474321365357, "prcp_d1": 0.618754506111145, "prcp_d2": 2.68762469291687, "prcp_d3": 0.3100500106811523, "prcp_d4": 0.0, "prcp_d5": 0.0, "prcp_d6": 0.0, "tmax_d0": null, "tmax_d1": null, "tmax_d2": null, "tmax_d3": null, "tmax_d4": null, "tmax_d5": null, "tmax_d6": null, "tmin_d0": null, "tmin_d1": null, "tmin_d2": null, "tmin_d3": null, "tmin_d4": null, "tmin_d5": null, "tmin_d6": null, "day_of_year": 140, "uuid": "3f4d0283-d320-4771-9f9f-3a4acc793492", "inat_id": 216852833}}, {"type": "Feature", "geometry": {"type": "Point", "coordinates": [-105.1608352661, 39.8225402832]}, "properties": {"species": "Pleurotus pulmonarius", "date": "2024-05-19", "location": "Arvada", "elevation": 1689.0, "land_cover_label": "Tree cover", "water_mask": false, "exclude_reason": "keep", "ndvi": null, "soil_moisture": 0.3183850056633069, "solar_exposure": 0.8267985582351685, "wind_exposure": 0.3157673180103302, "water_retention": 0.4290035367012024, "slope": 1.30837082862854, "aspect": 18.08031463623047, "num_identification_agreements": 2, "cluster": 0, "tavg": null, "tmin": 12.0, "tmax": 26.0, "prcp_d0": 0.6082705855369568, "prcp_d1": 0.8561168909072876, "prcp_d2": 0.1111216396093368, "prcp_d3": 1.7904728651046753, "prcp_d4": 0.0, "prcp_d5": 0.0, "prcp_d6": 0.0, "tmax_d0": 26.9, "tmax_d1": 24.6, "tmax_d2": 26.9, "tmax_d3": 21.3, "tmax_d4": 21.6, "tmax_d5": 24.4, "tmax_d6": 21.0, "tmin_d0": 7.9, "tmin_d1": 8.2, "tmin_d2": 8.6, "tmin_d3": 5.1, "tmin_d4": 5.3, "tmin_d5": 7.6, "tmin_d6": 4.5, "day_of_year": 140, "uuid": "2796d1c7-5f93-4833-b5b7-2fab82a32576", "inat_id": 216935886}}, {"type": "Feature", "geometry": {"type": "Point", "coordinates": [-104.854332, 38.822077]}, "properties": {"species": "Pleurotus pulmonarius", "date": "2024-05-19", "location": "bear creek colorado springs colorado", "elevation": 1862.0, "land_cover_label": "Tree cover", "water_mask": false, "exclude_reason": "keep", "ndvi": null, "soil_moisture": null, "solar_exposure": null, "wind_exposure": null, "water_retention": null, "slope": null, "aspect": null, "num_identification_agreements": 1, "cluster": 0, "tavg": null, "tmin": 8.4, "tmax": 24.0, "prcp_d0": 0.3145790994167328, "prcp_d1": 0.4873289763927459, "prcp_d2": 0.0947948545217514, "prcp_d3": 4.681607723236084, "prcp_d4": 4.9278082847595215, "prcp_d5": 0.0, "prcp_d6": 0.0, "tmax_d0": 24.5, "tmax_d1": 24.6, "tmax_d2": 25.2, "tmax_d3": 17.9, "tmax_d4": 20.3, "tmax_d5": 22.3, "tmax_d6": 20.5, "tmin_d0": 6.9, "tmin_d1": 7.7, "tmin_d2": 4.1, "tmin_d3": 4.6, "tmin_d4": 6.1, "tmin_d5": 3.2, "tmin_d6": 4.3, "day_of_year": 140, "uuid": "2ac8433f-edac-4ef5-8a91-bf3ff4515bbc", "inat_id": 218132687}}, {"type": "Feature", "geometry": {"type": "Point", "coordinates": [-104.7196126709, 38.7132125755]}, "properties": {"species": "Pleurotus pulmonarius", "date": "2024-05-29", "location": "Fountain Creek Regional Trail, Widefield, CO, US", "elevation": 1710.0, "land_cover_label": "Grassland", "water_mask": false, "exclude_reason": "keep", "ndvi": null, "soil_moisture": null, "solar_exposure": null, "wind_exposure": null, "water_retention": null, "slope": null, "aspect": null, "num_identification_agreements": 2, "cluster": 0, "tavg": null, "tmin": 9.3, "tmax": 27.2, "prcp_d0": 2.0841875076293945, "prcp_d1": 0.0, "prcp_d2": 0.0, "prcp_d3": 0.0, "prcp_d4": 0.0, "prcp_d5": 0.0, "prcp_d6": 0.0, "tmax_d0": 28.7, "tmax_d1": 26.9, "tmax_d2": 25.6, "tmax_d3": 24.4, "tmax_d4": 24.7, "tmax_d5": 25.0, "tmax_d6": 26.5, "tmin_d0": 9.2, "tmin_d1": 9.2, "tmin_d2": 6.3, "tmin_d3": 4.9, "tmin_d4": 6.2, "tmin_d5": 5.8, "tmin_d6": 4.5, "day_of_year": 150, "uuid": "b7a17aa5-f2d4-4832-87ee-918ffdd9ea66", "inat_id": 219231332}}, {"type": "Feature", "geometry": {"type": "Point", "coordinates": [-122.0484699722, 45.0764349722]}, "properties": {"species": "Pleurotus pulmonarius", "date": "2024-06-07", "location": "Estacada, OR 97023, USA", "elevation": 468.0, "land_cover_label": "Tree cover", "water_mask": false, "exclude_reason": "keep", "ndvi": null, "soil_moisture": null, "solar_exposure": null, "wind_exposure": null, "water_retention": null, "slope": null, "aspect": null, "num_identification_agreements": 1, "cluster": 2, "tavg": null, "tmin": null, "tmax": null, "prcp_d0": 0.0, "prcp_d1": 0.0, "prcp_d2": 0.0, "prcp_d3": 0.0, "prcp_d4": 56.38268280029297, "prcp_d5": 0.0, "prcp_d6": 0.0, "tmax_d0": 29.1, "tmax_d1": 25.0, "tmax_d2": 21.9, "tmax_d3": 15.6, "tmax_d4": 13.3, "tmax_d5": 18.0, "tmax_d6": 21.2, "tmin_d0": 9.3, "tmin_d1": 7.0, "tmin_d2": 9.0, "tmin_d3": 8.7, "tmin_d4": 8.9, "tmin_d5": 11.5, "tmin_d6": 8.9, "day_of_year": 159, "uuid": "41ddf841-c9e7-4f57-bfb2-a3b5fcc1a931", "inat_id": 221235099}}, {"type": "Feature", "geometry": {"type": "Point", "coordinates": [-121.9951333094, 45.3482622918]}, "properties": {"species": "Pleurotus pulmonarius", "date": "2024-06-09", "location": "Wildwood Recreation Site, Welches, OR, US", "elevation": 373.0, "land_cover_label": "Tree cover", "water_mask": false, "exclude_reason": "keep", "ndvi": null, "soil_moisture": null, "solar_exposure": null, "wind_exposure": null, "water_retention": null, "slope": null, "aspect": null, "num_identification_agreements": 1, "cluster": 2, "tavg": null, "tmin": 14.4, "tmax": 25.6, "prcp_d0": 0.0, "prcp_d1": 0.0, "prcp_d2": 0.0, "prcp_d3": 0.0, "prcp_d4": 0.0, "prcp_d5": 0.0, "prcp_d6": 60.463985443115234, "tmax_d0": 22.0, "tmax_d1": 25.5, "tmax_d2": 26.4, "tmax_d3": 22.5, "tmax_d4": 19.2, "tmax_d5": 15.1, "tmax_d6": 13.8, "tmin_d0": 12.2, "tmin_d1": 10.0, "tmin_d2": 8.3, "tmin_d3": 4.7, "tmin_d4": 9.2, "tmin_d5": 9.3, "tmin_d6": 8.8, "day_of_year": 161, "uuid": "4193a816-1a83-45cb-9485-66db6c27ea0a", "inat_id": 221744540}}, {"type": "Feature", "geometry": {"type": "Point", "coordinates": [-104.8540583333, 38.8221666667]}, "properties": {"species": "Pleurotus pulmonarius", "date": "2024-06-11", "location": "Broadmoor, Colorado Springs, CO 80905, USA", "elevation": 1858.0, "land_cover_label": "Tree cover", "water_mask": false, "exclude_reason": "keep", "ndvi": null, "soil_moisture": null, "solar_exposure": null, "wind_exposure": null, "water_retention": null, "slope": null, "aspect": null, "num_identification_agreements": 2, "cluster": 0, "tavg": null, "tmin": 17.0, "tmax": 26.0, "prcp_d0": 10.27338695526123, "prcp_d1": 15.422523498535156, "prcp_d2": 0.0, "prcp_d3": 0.0, "prcp_d4": 0.0, "prcp_d5": 0.0, "prcp_d6": 0.0, "tmax_d0": 25.3, "tmax_d1": 23.5, "tmax_d2": 24.9, "tmax_d3": 30.0, "tmax_d4": 33.6, "tmax_d5": 32.8, "tmax_d6": 33.5, "tmin_d0": 13.2, "tmin_d1": 13.4, "tmin_d2": 13.1, "tmin_d3": 14.4, "tmin_d4": 14.4, "tmin_d5": 13.1, "tmin_d6": 10.4, "day_of_year": 163, "uuid": "ef5cde2e-6899-4b4d-8ba7-1afaed47491b", "inat_id": 269688794}}, {"type": "Feature", "geometry": {"type": "Point", "coordinates": [-104.855558, 38.822688]}, "properties": {"species": "Pleurotus pulmonarius", "date": "2024-06-30", "location": "bear creek colorado springs colorado", "elevation": 1862.0, "land_cover_label": "Tree cover", "water_mask": false, "exclude_reason": "keep", "ndvi": null, "soil_moisture": null, "solar_exposure": null, "wind_exposure": null, "water_retention": null, "slope": null, "aspect": null, "num_identification_agreements": 1, "cluster": 0, "tavg": null, "tmin": 15.0, "tmax": 29.0, "prcp_d0": 0.0, "prcp_d1": 0.0, "prcp_d2": 0.0, "prcp_d3": 0.0, "prcp_d4": 0.0, "prcp_d5": 0.0, "prcp_d6": 0.0, "tmax_d0": 26.7, "tmax_d1": 30.6, "tmax_d2": 32.4, "tmax_d3": 31.7, "tmax_d4": 32.8, "tmax_d5": 34.1, "tmax_d6": 34.3, "tmin_d0": 15.4, "tmin_d1": 15.4, "tmin_d2": 16.2, "tmin_d3": 16.9, "tmin_d4": 16.4, "tmin_d5": 15.4, "tmin_d6": 16.1, "day_of_year": 182, "uuid": "4639d884-862e-4ff2-95c3-a07252956dd9", "inat_id": 229370532}}, {"type": "Feature", "geometry": {"type": "Point", "coordinates": [-105.0986257358, 39.5498653216]}, "properties": {"species": "Pleurotus pulmonarius", "date": "2024-07-10", "location": "Chatfield Bluffs, Littleton, CO, USA", "elevation": 1681.0, "land_cover_label": "Grassland", "water_mask": false, "exclude_reason": "keep", "ndvi": null, "soil_moisture": 0.1770225343493847, "solar_exposure": 0.836858332157135, "wind_exposure": 0.3074032068252563, "water_retention": 0.3357356488704681, "slope": 0.8696818947792053, "aspect": 69.04898834228516, "num_identification_agreements": 1, "cluster": 0, "tavg": null, "tmin": 15.0, "tmax": 32.2, "prcp_d0": 0.0, "prcp_d1": 0.0, "prcp_d2": 0.0, "prcp_d3": 0.0, "prcp_d4": 0.0, "prcp_d5": 0.0, "prcp_d6": 0.0, "tmax_d0": 32.4, "tmax_d1": 30.4, "tmax_d2": 27.7, "tmax_d3": 30.3, "tmax_d4": 31.9, "tmax_d5": 27.3, "tmax_d6": 32.2, "tmin_d0": 11.2, "tmin_d1": 11.4, "tmin_d2": 10.4, "tmin_d3": 14.5, "tmin_d4": 14.6, "tmin_d5": 13.8, "tmin_d6": 11.6, "day_of_year": 192, "uuid": "ac24bea5-5bb3-4927-b888-3e0372021a29", "inat_id": 228761568}}, {"type": "Feature", "geometry": {"type": "Point", "coordinates": [-107.5158916667, 38.9324416667]}, "properties": {"species": "Pleurotus pulmonarius", "date": "2024-08-07", "location": "Paonia, CO, US", "elevation": 1919.0, "land_cover_label": "Tree cover", "water_mask": false, "exclude_reason": "keep", "ndvi": null, "soil_moisture": null, "solar_exposure": null, "wind_exposure": null, "water_retention": null, "slope": null, "aspect": null, "num_identification_agreements": 1, "cluster": 0, "tavg": null, "tmin": null, "tmax": null, "prcp_d0": 0.0, "prcp_d1": 11.249619483947754, "prcp_d2": 0.0, "prcp_d3": 0.0, "prcp_d4": 0.0, "prcp_d5": 0.0, "prcp_d6": 0.0, "tmax_d0": 31.4, "tmax_d1": 31.0, "tmax_d2": 31.7, "tmax_d3": 32.3, "tmax_d4": 34.2, "tmax_d5": 32.8, "tmax_d6": 33.9, "tmin_d0": 14.2, "tmin_d1": 15.4, "tmin_d2": 14.0, "tmin_d3": 15.4, "tmin_d4": 15.2, "tmin_d5": 13.4, "tmin_d6": 11.3, "day_of_year": 220, "uuid": "ea481d24-d06c-42c8-8684-033c4bfea25c", "inat_id": 249759638}}, {"type": "Feature", "geometry": {"type": "Point", "coordinates": [-107.9985366667, 39.0097472167]}, "properties": {"species": "Pleurotus pulmonarius", "date": "2024-08-11", "location": "Grand Mesa Uncompahgre and Gunnison National Forests, Cedaredge, CO, US", "elevation": 2984.0, "land_cover_label": "Tree cover", "water_mask": false, "exclude_reason": "keep", "ndvi": null, "soil_moisture": null, "solar_exposure": null, "wind_exposure": null, "water_retention": null, "slope": null, "aspect": null, "num_identification_agreements": 1, "cluster": 0, "tavg": null, "tmin": 16.6, "tmax": 30.7, "prcp_d0": 0.0, "prcp_d1": 0.0, "prcp_d2": 0.0, "prcp_d3": 0.0, "prcp_d4": 4.5758209228515625, "prcp_d5": 4.5758209228515625, "prcp_d6": 0.0, "tmax_d0": 18.7, "tmax_d1": 17.3, "tmax_d2": 17.6, "tmax_d3": 21.7, "tmax_d4": 22.2, "tmax_d5": 22.3, "tmax_d6": 21.9, "tmin_d0": 7.7, "tmin_d1": 8.2, "tmin_d2": 10.3, "tmin_d3": 11.8, "tmin_d4": 12.2, "tmin_d5": 12.3, "tmin_d6": 9.8, "day_of_year": 224, "uuid": "0be16262-6d29-4176-89d4-22f4f3edc241", "inat_id": 235366372}}, {"type": "Feature", "geometry": {"type": "Point", "coordinates": [-105.6467076507, 35.6727284429]}, "properties": {"species": "Pleurotus pulmonarius", "date": "2024-08-16", "location": "New Mexico, US", "elevation": 2708.0, "land_cover_label": "Grassland", "water_mask": false, "exclude_reason": "keep", "ndvi": null, "soil_moisture": null, "solar_exposure": null, "wind_exposure": null, "water_retention": null, "slope": null, "aspect": null, "num_identification_agreements": 1, "cluster": 0, "tavg": null, "tmin": 16.7, "tmax": 34.4, "prcp_d0": 0.0, "prcp_d1": 0.0, "prcp_d2": 0.0, "prcp_d3": 0.0, "prcp_d4": 0.0, "prcp_d5": 0.0, "prcp_d6": 8.849630355834961, "tmax_d0": 25.2, "tmax_d1": 24.8, "tmax_d2": 22.1, "tmax_d3": 21.8, "tmax_d4": 24.0, "tmax_d5": 23.4, "tmax_d6": 21.2, "tmin_d0": 10.2, "tmin_d1": 8.1, "tmin_d2": 8.2, "tmin_d3": 9.0, "tmin_d4": 9.7, "tmin_d5": 10.0, "tmin_d6": 10.6, "day_of_year": 229, "uuid": "df870d89-e412-414d-b163-6afd2810c03f", "inat_id": 236319986}}, {"type": "Feature", "geometry": {"type": "Point", "coordinates": [-105.3655466667, 39.251205]}, "properties": {"species": "Pleurotus pulmonarius", "date": "2024-08-23", "location": "Pike and San Isabel National Forests, Bailey, CO, US", "elevation": 2567.0, "land_cover_label": "Tree cover", "water_mask": false, "exclude_reason": "keep", "ndvi": null, "soil_moisture": 0.2263899255426729, "solar_exposure": 0.6727433204650879, "wind_exposure": 0.1591971069574356, "water_retention": 0.4245289266109466, "slope": 18.864803314208984, "aspect": 54.00171661376953, "num_identification_agreements": 1, "cluster": 3, "tavg": null, "tmin": 5.3, "tmax": 18.5, "prcp_d0": 1.9730603694915767, "prcp_d1": 5.830792427062988, "prcp_d2": 3.411105394363404, "prcp_d3": 0.0, "prcp_d4": 0.0, "prcp_d5": 0.0, "prcp_d6": 0.0, "tmax_d0": 24.1, "tmax_d1": 22.8, "tmax_d2": 25.4, "tmax_d3": 26.4, "tmax_d4": 24.7, "tmax_d5": 26.7, "tmax_d6": 26.7, "tmin_d0": 11.1, "tmin_d1": 12.5, "tmin_d2": 13.5, "tmin_d3": 12.3, "tmin_d4": 13.2, "tmin_d5": 13.0, "tmin_d6": 12.1, "day_of_year": 236, "uuid": "8f6b933f-2710-42da-9940-a5eff1d15dd4", "inat_id": 237585616}}, {"type": "Feature", "geometry": {"type": "Point", "coordinates": [-104.8553194444, 38.8223833333]}, "properties": {"species": "Pleurotus pulmonarius", "date": "2024-09-18", "location": "Broadmoor, Colorado Springs, CO 80905, USA", "elevation": 1862.0, "land_cover_label": "Tree cover", "water_mask": false, "exclude_reason": "keep", "ndvi": null, "soil_moisture": null, "solar_exposure": null, "wind_exposure": null, "water_retention": null, "slope": null, "aspect": null, "num_identification_agreements": 1, "cluster": 0, "tavg": null, "tmin": 15.0, "tmax": 25.0, "prcp_d0": 0.0, "prcp_d1": 8.155064582824707, "prcp_d2": 0.0, "prcp_d3": 0.2015316188335418, "prcp_d4": 0.008877613581717, "prcp_d5": 0.0, "prcp_d6": 0.988503873348236, "tmax_d0": 27.0, "tmax_d1": 27.1, "tmax_d2": 26.3, "tmax_d3": 30.3, "tmax_d4": 28.5, "tmax_d5": 28.1, "tmax_d6": 29.7, "tmin_d0": 6.3, "tmin_d1": 10.2, "tmin_d2": 10.5, "tmin_d3": 10.9, "tmin_d4": 10.9, "tmin_d5": 12.4, "tmin_d6": 12.7, "day_of_year": 262, "uuid": "d339944a-fb34-4e9c-9fe0-67a29af44f33", "inat_id": 248011584}}, {"type": "Feature", "geometry": {"type": "Point", "coordinates": [-122.24363708, 45.28794479]}, "properties": {"species": "Pleurotus pulmonarius", "date": "2024-10-03", "location": "Clackamas County, US-OR, US", "elevation": 288.0, "land_cover_label": "Tree cover", "water_mask": false, "exclude_reason": "keep", "ndvi": null, "soil_moisture": null, "solar_exposure": null, "wind_exposure": null, "water_retention": null, "slope": null, "aspect": null, "num_identification_agreements": 1, "cluster": 0, "tavg": null, "tmin": 6.4, "tmax": 23.9, "prcp_d0": 6.0753291108994745e-06, "prcp_d1": 2.82578992843628, "prcp_d2": 0.0, "prcp_d3": 0.0, "prcp_d4": 0.0, "prcp_d5": 0.0, "prcp_d6": 0.0, "tmax_d0": 25.0, "tmax_d1": 22.0, "tmax_d2": 23.3, "tmax_d3": 23.5, "tmax_d4": 20.7, "tmax_d5": 21.9, "tmax_d6": 19.9, "tmin_d0": 5.7, "tmin_d1": 8.9, "tmin_d2": 9.9, "tmin_d3": 4.0, "tmin_d4": 8.3, "tmin_d5": 9.6, "tmin_d6": 12.4, "day_of_year": 277, "uuid": "2e59f616-b2b0-4c25-aa38-19b5b78d75cd", "inat_id": 245486931}}, {"type": "Feature", "geometry": {"type": "Point", "coordinates": [-121.9358332155, 45.28403833]}, "properties": {"species": "Pleurotus pulmonarius", "date": "2024-10-11", "location": "Zigzag Ranger Station, Welches, OR, US", "elevation": 616.0, "land_cover_label": "Tree cover", "water_mask": false, "exclude_reason": "keep", "ndvi": null, "soil_moisture": null, "solar_exposure": null, "wind_exposure": null, "water_retention": null, "slope": null, "aspect": null, "num_identification_agreements": 1, "cluster": 0, "tavg": null, "tmin": 14.4, "tmax": 21.1, "prcp_d0": 16.696866989135742, "prcp_d1": 0.0, "prcp_d2": 0.0, "prcp_d3": 0.0, "prcp_d4": 0.0, "prcp_d5": 0.0, "prcp_d6": 1.3455387353897097, "tmax_d0": 23.1, "tmax_d1": 18.9, "tmax_d2": 17.4, "tmax_d3": 24.1, "tmax_d4": 25.6, "tmax_d5": 21.5, "tmax_d6": 22.4, "tmin_d0": 8.9, "tmin_d1": 1.8, "tmin_d2": 10.7, "tmin_d3": 12.2, "tmin_d4": 10.6, "tmin_d5": 7.8, "tmin_d6": 4.0, "day_of_year": 285, "uuid": "f52ca92d-65f8-4d5e-a9d2-9ded20cd9af9", "inat_id": 246818779}}, {"type": "Feature", "geometry": {"type": "Point", "coordinates": [-105.1435, 38.4090783333]}, "properties": {"species": "Pleurotus pulmonarius", "date": "2024-11-02", "location": "Florence, CO, US", "elevation": 1581.0, "land_cover_label": "Tree cover", "water_mask": false, "exclude_reason": "keep", "ndvi": null, "soil_moisture": null, "solar_exposure": null, "wind_exposure": null, "water_retention": null, "slope": null, "aspect": null, "num_identification_agreements": 1, "cluster": 0, "tavg": null, "tmin": 1.6, "tmax": 18.4, "prcp_d0": 0.0, "prcp_d1": 0.0, "prcp_d2": 0.0, "prcp_d3": 0.0, "prcp_d4": 0.0, "prcp_d5": 1.9254310131073, "prcp_d6": 0.0, "tmax_d0": 18.7, "tmax_d1": 18.1, "tmax_d2": 13.4, "tmax_d3": 15.6, "tmax_d4": 22.5, "tmax_d5": 26.5, "tmax_d6": 25.2, "tmin_d0": 0.2, "tmin_d1": 1.0, "tmin_d2": -0.6, "tmin_d3": 1.5, "tmin_d4": 13.8, "tmin_d5": 10.6, "tmin_d6": 7.2, "day_of_year": 307, "uuid": "d9bd2166-f1d2-48ae-9134-595ff6c5433e", "inat_id": 250215562}}, {"type": "Feature", "geometry": {"type": "Point", "coordinates": [-105.0681007281, 39.6593394911]}, "properties": {"species": "Pleurotus pulmonarius", "date": "2024-11-02", "location": "W Dartmouth Ave & S Lamar St, Denver, CO 80227, USA", "elevation": 1638.0, "land_cover_label": "Tree cover", "water_mask": false, "exclude_reason": "keep", "ndvi": null, "soil_moisture": 0.200321309381828, "solar_exposure": 0.823276937007904, "wind_exposure": 0.3080914318561554, "water_retention": 0.2884263098239898, "slope": 1.7537903785705566, "aspect": 27.580415725708008, "num_identification_agreements": 1, "cluster": 0, "tavg": null, "tmin": -1.1, "tmax": 18.9, "prcp_d0": 0.0, "prcp_d1": 0.0, "prcp_d2": 0.0, "prcp_d3": 0.0, "prcp_d4": 0.0, "prcp_d5": 0.0, "prcp_d6": 0.0, "tmax_d0": 20.8, "tmax_d1": 16.0, "tmax_d2": 17.0, "tmax_d3": 10.0, "tmax_d4": 20.4, "tmax_d5": 26.1, "tmax_d6": 26.2, "tmin_d0": -2.9, "tmin_d1": -3.3, "tmin_d2": -3.2, "tmin_d3": 1.9, "tmin_d4": 8.4, "tmin_d5": 7.4, "tmin_d6": 3.4, "day_of_year": 307, "uuid": "74e6707a-64c9-48f4-9e97-3a4168a440f6", "inat_id": 299659595}}, {"type": "Feature", "geometry": {"type": "Point", "coordinates": [-105.087044, 39.532735]}, "properties": {"species": "Pleurotus pulmonarius", "date": "2025-03-29", "location": "Jefferson County, CO, USA", "elevation": 1665.0, "land_cover_label": "Grassland", "water_mask": false, "exclude_reason": "keep", "ndvi": null, "soil_moisture": 0.236119757069057, "solar_exposure": 0.8335092067718506, "wind_exposure": 0.318962812423706, "water_retention": 0.4559960961341858, "slope": 1.0229346752166748, "aspect": 307.4436950683594, "num_identification_agreements": 2, "cluster": 0, "tavg": null, "tmin": 1.7, "tmax": 14.4, "prcp_d0": 9.3388032913208, "prcp_d1": 0.0, "prcp_d2": 0.0, "prcp_d3": 0.0, "prcp_d4": 0.0, "prcp_d5": 1.6300764083862305, "prcp_d6": 0.0, "tmax_d0": 21.7, "tmax_d1": 24.2, "tmax_d2": 24.9, "tmax_d3": 23.9, "tmax_d4": 19.6, "tmax_d5": 22.4, "tmax_d6": 14.5, "tmin_d0": 5.4, "tmin_d1": 6.3, "tmin_d2": 3.4, "tmin_d3": 1.5, "tmin_d4": 2.7, "tmin_d5": 2.3, "tmin_d6": -3.0, "day_of_year": 88, "uuid": "af15a29a-2897-45ed-a36d-73a2b535c344", "inat_id": 267610420}}, {"type": "Feature", "geometry": {"type": "Point", "coordinates": [-105.2089953244, 39.7559170182]}, "properties": {"species": "Pleurotus pulmonarius", "date": "2025-03-29", "location": "Colorado, US", "elevation": 1886.0, "land_cover_label": "Grassland", "water_mask": false, "exclude_reason": "keep", "ndvi": null, "soil_moisture": 0.230768326614198, "solar_exposure": 0.9518348574638368, "wind_exposure": 0.4840569794178009, "water_retention": 0.1496577858924865, "slope": 13.48340129852295, "aspect": 185.08804321289065, "num_identification_agreements": 1, "cluster": 0, "tavg": null, "tmin": 1.0, "tmax": 15.0, "prcp_d0": 7.958482265472412, "prcp_d1": 0.0, "prcp_d2": 0.0, "prcp_d3": 0.0, "prcp_d4": 0.0, "prcp_d5": 1.2030489444732666, "prcp_d6": 0.3007622361183166, "tmax_d0": 20.1, "tmax_d1": 21.8, "tmax_d2": 22.5, "tmax_d3": 21.2, "tmax_d4": 17.8, "tmax_d5": 19.1, "tmax_d6": 13.9, "tmin_d0": 4.2, "tmin_d1": 3.5, "tmin_d2": 1.7, "tmin_d3": -0.3, "tmin_d4": 3.8, "tmin_d5": 3.0, "tmin_d6": -3.6, "day_of_year": 88, "uuid": "d9113243-5578-4fe6-9178-0294e01ad884", "inat_id": 267591840}}, {"type": "Feature", "geometry": {"type": "Point", "coordinates": [-105.0866220519, 39.5002968103]}, "properties": {"species": "Pleurotus pulmonarius", "date": "2025-04-07", "location": "ROXBOROUGH, CO 80125, USA", "elevation": 1668.0, "land_cover_label": "Grassland", "water_mask": false, "exclude_reason": "keep", "ndvi": null, "soil_moisture": 0.3332637403244661, "solar_exposure": 0.8362913131713867, "wind_exposure": 0.3165763914585113, "water_retention": 0.6095209717750549, "slope": 2.0534136295318604, "aspect": 278.7073974609375, "num_identification_agreements": 1, "cluster": 3, "tavg": null, "tmin": -1.1, "tmax": 17.8, "prcp_d0": 0.0, "prcp_d1": 0.0, "prcp_d2": 0.0, "prcp_d3": 0.0, "prcp_d4": 0.0, "prcp_d5": 0.0, "prcp_d6": 0.0, "tmax_d0": 17.7, "tmax_d1": 11.8, "tmax_d2": 2.6, "tmax_d3": 4.6, "tmax_d4": 8.1, "tmax_d5": 9.2, "tmax_d6": 16.2, "tmin_d0": -1.6, "tmin_d1": -6.8, "tmin_d2": -2.9, "tmin_d3": -4.5, "tmin_d4": -1.2, "tmin_d5": -2.5, "tmin_d6": -0.9, "day_of_year": 97, "uuid": "d8abed8b-de43-4bac-a60c-46644ea40a7e", "inat_id": 269900191}}, {"type": "Feature", "geometry": {"type": "Point", "coordinates": [-104.713204466, 38.6510280748]}, "properties": {"species": "Pleurotus pulmonarius", "date": "2025-04-08", "location": "El Paso County, US-CO, US", "elevation": 1719.0, "land_cover_label": "Grassland", "water_mask": false, "exclude_reason": "keep", "ndvi": null, "soil_moisture": null, "solar_exposure": null, "wind_exposure": null, "water_retention": null, "slope": null, "aspect": null, "num_identification_agreements": 1, "cluster": 0, "tavg": null, "tmin": 2.7, "tmax": 23.0, "prcp_d0": 1.7991734743118286, "prcp_d1": 0.0, "prcp_d2": 0.0, "prcp_d3": 1.5647603273391724, "prcp_d4": 0.0, "prcp_d5": 0.0, "prcp_d6": 1.5647603273391724, "tmax_d0": 23.6, "tmax_d1": 17.4, "tmax_d2": 13.9, "tmax_d3": 4.9, "tmax_d4": 9.2, "tmax_d5": 10.3, "tmax_d6": 11.8, "tmin_d0": -0.2, "tmin_d1": -0.9, "tmin_d2": -4.4, "tmin_d3": -1.8, "tmin_d4": -3.4, "tmin_d5": -1.0, "tmin_d6": -2.7, "day_of_year": 98, "uuid": "1360cd35-8b2a-4e87-95ab-4d663af4939a", "inat_id": 269375316}}, {"type": "Feature", "geometry": {"type": "Point", "coordinates": [-104.8629564825, 39.7615989179]}, "properties": {"species": "Pleurotus pulmonarius", "date": "2025-04-10", "location": "Martin Luther King Jr Blvd, Denver, CO, US", "elevation": 1615.0, "land_cover_label": "Grassland", "water_mask": false, "exclude_reason": "keep", "ndvi": null, "soil_moisture": 0.2348744990098519, "solar_exposure": 0.8435700535774231, "wind_exposure": 0.3166428804397583, "water_retention": 0.4050787985324859, "slope": 0.3109926879405975, "aspect": 180.0, "num_identification_agreements": 2, "cluster": 0, "tavg": null, "tmin": 5.9, "tmax": 18.7, "prcp_d0": 0.0, "prcp_d1": 0.7408939599990845, "prcp_d2": 2.222681760787964, "prcp_d3": 0.0, "prcp_d4": 0.0, "prcp_d5": 0.0, "prcp_d6": 0.0, "tmax_d0": 20.3, "tmax_d1": 22.2, "tmax_d2": 21.6, "tmax_d3": 17.6, "tmax_d4": 12.4, "tmax_d5": 4.7, "tmax_d6": 5.9, "tmin_d0": 3.5, "tmin_d1": 3.5, "tmin_d2": 1.4, "tmin_d3": -1.2, "tmin_d4": -4.4, "tmin_d5": -2.8, "tmin_d6": -1.1, "day_of_year": 100, "uuid": "699d14e3-8b13-4886-8159-72286c3ecafb", "inat_id": 269681915}}, {"type": "Feature", "geometry": {"type": "Point", "coordinates": [-105.1240813741, 39.9907749415]}, "properties": {"species": "Pleurotus pulmonarius", "date": "2025-04-25", "location": "Hecla Lake Open Space Trail, Louisville, CO, US", "elevation": 1633.0, "land_cover_label": "Grassland", "water_mask": false, "exclude_reason": "keep", "ndvi": null, "soil_moisture": 0.3364183116215449, "solar_exposure": 0.8467148542404175, "wind_exposure": 0.3276953101158142, "water_retention": 0.3247901201248169, "slope": 1.0229346752166748, "aspect": 232.55630493164065, "num_identification_agreements": 1, "cluster": 0, "tavg": null, "tmin": 4.5, "tmax": 6.4, "prcp_d0": 0.0, "prcp_d1": 3.382162094116211, "prcp_d2": 0.0, "prcp_d3": 0.0, "prcp_d4": 0.0, "prcp_d5": 0.0, "prcp_d6": 0.0, "tmax_d0": 12.4, "tmax_d1": 17.5, "tmax_d2": 19.6, "tmax_d3": 20.2, "tmax_d4": 20.3, "tmax_d5": 16.8, "tmax_d6": 9.3, "tmin_d0": 5.0, "tmin_d1": 5.8, "tmin_d2": 4.7, "tmin_d3": 2.6, "tmin_d4": 1.6, "tmin_d5": -3.1, "tmin_d6": -4.9, "day_of_year": 115, "uuid": "b0dbf3f8-b685-4ae6-87ce-d5c92b61849e", "inat_id": 273458344}}, {"type": "Feature", "geometry": {"type": "Point", "coordinates": [-122.2361194444, 45.5444805556]}, "properties": {"species": "Pleurotus pulmonarius", "date": "2025-04-27", "location": "Corbett, OR 97019, USA", "elevation": 22.0, "land_cover_label": "Tree cover", "water_mask": false, "exclude_reason": "keep", "ndvi": null, "soil_moisture": null, "solar_exposure": null, "wind_exposure": null, "water_retention": null, "slope": null, "aspect": null, "num_identification_agreements": 2, "cluster": 0, "tavg": null, "tmin": 7.2, "tmax": 15.0, "prcp_d0": 0.0, "prcp_d1": 0.0, "prcp_d2": 0.0, "prcp_d3": 0.0, "prcp_d4": 0.0, "prcp_d5": 0.0, "prcp_d6": 0.0, "tmax_d0": 17.0, "tmax_d1": 18.0, "tmax_d2": 23.4, "tmax_d3": 24.1, "tmax_d4": 20.9, "tmax_d5": 16.1, "tmax_d6": 12.7, "tmin_d0": 7.3, "tmin_d1": 9.7, "tmin_d2": 7.0, "tmin_d3": 6.9, "tmin_d4": 2.6, "tmin_d5": 1.4, "tmin_d6": 6.9, "day_of_year": 117, "uuid": "f78d4bc3-21e1-4cae-9d16-9cf60de4565e", "inat_id": 276304285}}, {"type": "Feature", "geometry": {"type": "Point", "coordinates": [-122.335302718, 45.3743774636]}, "properties": {"species": "Pleurotus pulmonarius", "date": "2025-05-02", "location": "Eagle Creek, OR, USA", "elevation": 192.0, "land_cover_label": "Tree cover", "water_mask": false, "exclude_reason": "keep", "ndvi": null, "soil_moisture": null, "solar_exposure": null, "wind_exposure": null, "water_retention": null, "slope": null, "aspect": null, "num_identification_agreements": 1, "cluster": 0, "tavg": null, "tmin": 8.3, "tmax": 23.3, "prcp_d0": 0.0, "prcp_d1": 0.0, "prcp_d2": 0.0, "prcp_d3": 0.0, "prcp_d4": 0.0, "prcp_d5": 0.0, "prcp_d6": 0.0, "tmax_d0": null, "tmax_d1": null, "tmax_d2": null, "tmax_d3": null, "tmax_d4": null, "tmax_d5": null, "tmax_d6": null, "tmin_d0": null, "tmin_d1": null, "tmin_d2": null, "tmin_d3": null, "tmin_d4": null, "tmin_d5": null, "tmin_d6": null, "day_of_year": 122, "uuid": "10de1816-b935-4bd1-95dc-7b871b911e16", "inat_id": 279014351}}, {"type": "Feature", "geometry": {"type": "Point", "coordinates": [-121.7959108204, 45.4267838644]}, "properties": {"species": "Pleurotus pulmonarius", "date": "2025-05-06", "location": "Mt Hood, OR 97041, USA", "elevation": 1046.0, "land_cover_label": "Tree cover", "water_mask": false, "exclude_reason": "keep", "ndvi": null, "soil_moisture": null, "solar_exposure": null, "wind_exposure": null, "water_retention": null, "slope": null, "aspect": null, "num_identification_agreements": 1, "cluster": 0, "tavg": null, "tmin": 3.0, "tmax": 25.0, "prcp_d0": 0.0, "prcp_d1": 0.0, "prcp_d2": 0.0, "prcp_d3": 0.0, "prcp_d4": 0.0, "prcp_d5": 0.0, "prcp_d6": 0.0, "tmax_d0": 17.4, "tmax_d1": 14.7, "tmax_d2": 8.8, "tmax_d3": 11.4, "tmax_d4": 19.0, "tmax_d5": 19.1, "tmax_d6": 12.1, "tmin_d0": 0.0, "tmin_d1": -3.0, "tmin_d2": -1.3, "tmin_d3": 2.1, "tmin_d4": 1.6, "tmin_d5": -1.1, "tmin_d6": -0.8, "day_of_year": 126, "uuid": "c38ce5cb-be30-4691-bbe3-b981d880adaa", "inat_id": 279094297}}, {"type": "Feature", "geometry": {"type": "Point", "coordinates": [-104.8588668962, 38.6295275193]}, "properties": {"species": "Pleurotus pulmonarius", "date": "2025-05-12", "location": "Colorado, US", "elevation": 2034.0, "land_cover_label": "Grassland", "water_mask": false, "exclude_reason": "keep", "ndvi": null, "soil_moisture": null, "solar_exposure": null, "wind_exposure": null, "water_retention": null, "slope": null, "aspect": null, "num_identification_agreements": 1, "cluster": 2, "tavg": null, "tmin": 9.2, "tmax": 28.0, "prcp_d0": 0.0, "prcp_d1": 0.0, "prcp_d2": 0.0, "prcp_d3": 0.2390276789665222, "prcp_d4": 1.816700458526612, "prcp_d5": 8.68968391418457, "prcp_d6": 33.52385330200195, "tmax_d0": 25.0, "tmax_d1": 21.9, "tmax_d2": 19.6, "tmax_d3": 17.7, "tmax_d4": 15.0, "tmax_d5": 10.6, "tmax_d6": 7.2, "tmin_d0": 8.3, "tmin_d1": 4.2, "tmin_d2": 5.4, "tmin_d3": 4.8, "tmin_d4": 0.4, "tmin_d5": 1.7, "tmin_d6": 1.6, "day_of_year": 132, "uuid": "527d25ae-b62f-4f79-944d-15a6556ed853", "inat_id": 280603306}}, {"type": "Feature", "geometry": {"type": "Point", "coordinates": [-122.2252734546, 45.3050144961]}, "properties": {"species": "Pleurotus pulmonarius", "date": "2025-05-14", "location": "Clackamas County, US-OR, US", "elevation": 383.0, "land_cover_label": "Tree cover", "water_mask": false, "exclude_reason": "keep", "ndvi": null, "soil_moisture": null, "solar_exposure": null, "wind_exposure": null, "water_retention": null, "slope": null, "aspect": null, "num_identification_agreements": 1, "cluster": 0, "tavg": null, "tmin": 10.0, "tmax": 17.8, "prcp_d0": 0.0, "prcp_d1": 0.0, "prcp_d2": 0.0, "prcp_d3": 0.0, "prcp_d4": 5.186427188164089e-06, "prcp_d5": 0.0, "prcp_d6": 6.966001987457275, "tmax_d0": 12.8, "tmax_d1": 12.5, "tmax_d2": 10.9, "tmax_d3": 14.4, "tmax_d4": 19.2, "tmax_d5": 19.3, "tmax_d6": 16.2, "tmin_d0": 6.7, "tmin_d1": 6.1, "tmin_d2": 6.8, "tmin_d3": 7.5, "tmin_d4": 5.6, "tmin_d5": 3.2, "tmin_d6": 4.0, "day_of_year": 134, "uuid": "f6aeddc1-7465-445e-bba5-239fa1d9ae74", "inat_id": 281166096}}, {"type": "Feature", "geometry": {"type": "Point", "coordinates": [-122.2252444789, 45.3056589605]}, "properties": {"species": "Pleurotus pulmonarius", "date": "2025-05-14", "location": "Clackamas County, OR, USA", "elevation": 383.0, "land_cover_label": "Tree cover", "water_mask": false, "exclude_reason": "keep", "ndvi": null, "soil_moisture": null, "solar_exposure": null, "wind_exposure": null, "water_retention": null, "slope": null, "aspect": null, "num_identification_agreements": 1, "cluster": 0, "tavg": null, "tmin": 10.0, "tmax": 17.8, "prcp_d0": 0.0, "prcp_d1": 0.0, "prcp_d2": 0.0, "prcp_d3": 0.0, "prcp_d4": 5.186427188164089e-06, "prcp_d5": 0.0, "prcp_d6": 6.966001987457275, "tmax_d0": 12.8, "tmax_d1": 12.5, "tmax_d2": 10.9, "tmax_d3": 14.4, "tmax_d4": 19.2, "tmax_d5": 19.3, "tmax_d6": 16.2, "tmin_d0": 6.7, "tmin_d1": 6.1, "tmin_d2": 6.8, "tmin_d3": 7.5, "tmin_d4": 5.6, "tmin_d5": 3.2, "tmin_d6": 4.0, "day_of_year": 134, "uuid": "e1f4a459-26ec-444e-8403-74b2e6874aea", "inat_id": 281166695}}, {"type": "Feature", "geometry": {"type": "Point", "coordinates": [-105.2542037997, 39.6660794]}, "properties": {"species": "Pleurotus pulmonarius", "date": "2025-06-01", "location": "Morrison, CO 80465, USA", "elevation": 2027.0, "land_cover_label": "Tree cover", "water_mask": false, "exclude_reason": "keep", "ndvi": null, "soil_moisture": 0.3665376268309666, "solar_exposure": 0.6902146339416504, "wind_exposure": 0.2347068190574646, "water_retention": 0.2859101295471191, "slope": 14.266029357910156, "aspect": 37.8282470703125, "num_identification_agreements": 1, "cluster": 0, "tavg": null, "tmin": 14.0, "tmax": 29.0, "prcp_d0": 0.0, "prcp_d1": 8.056132316589355, "prcp_d2": 0.0, "prcp_d3": 0.0, "prcp_d4": 8.056132316589355, "prcp_d5": 8.056132316589355, "prcp_d6": 8.056132316589355, "tmax_d0": 26.4, "tmax_d1": 21.7, "tmax_d2": 23.6, "tmax_d3": 14.2, "tmax_d4": 17.0, "tmax_d5": 17.7, "tmax_d6": 13.0, "tmin_d0": 8.3, "tmin_d1": 7.3, "tmin_d2": 4.2, "tmin_d3": 7.8, "tmin_d4": 5.7, "tmin_d5": 2.4, "tmin_d6": 4.2, "day_of_year": 152, "uuid": "65448fd9-f3d5-4553-a09d-d76969fc5fe7", "inat_id": 286029640}}, {"type": "Feature", "geometry": {"type": "Point", "coordinates": [-104.8006333333, 38.8472222222]}, "properties": {"species": "Pleurotus pulmonarius", "date": "2025-06-03", "location": "Colorado Springs, CO 80909, USA", "elevation": 1866.0, "land_cover_label": "Tree cover", "water_mask": false, "exclude_reason": "keep", "ndvi": null, "soil_moisture": null, "solar_exposure": null, "wind_exposure": null, "water_retention": null, "slope": null, "aspect": null, "num_identification_agreements": 1, "cluster": 2, "tavg": null, "tmin": 8.3, "tmax": 15.0, "prcp_d0": 11.067290306091309, "prcp_d1": 0.0, "prcp_d2": 7.378193378448486, "prcp_d3": 4.876795768737793, "prcp_d4": 0.0, "prcp_d5": 14.63038730621338, "prcp_d6": 14.63038730621338, "tmax_d0": 21.9, "tmax_d1": 26.5, "tmax_d2": 24.9, "tmax_d3": 24.0, "tmax_d4": 25.2, "tmax_d5": 15.7, "tmax_d6": 19.1, "tmin_d0": 10.2, "tmin_d1": 9.9, "tmin_d2": 11.1, "tmin_d3": 8.9, "tmin_d4": 7.5, "tmin_d5": 8.8, "tmin_d6": 6.6, "day_of_year": 154, "uuid": "97c0a078-fcda-4c71-9ed9-b3a6e59e6c9a", "inat_id": 286606432}}, {"type": "Feature", "geometry": {"type": "Point", "coordinates": [-122.1359173581, 45.5749898823]}, "properties": {"species": "Pleurotus pulmonarius", "date": "2025-06-07", "location": "Corbett, OR 97019, USA", "elevation": 6.0, "land_cover_label": "Tree cover", "water_mask": false, "exclude_reason": "keep", "ndvi": null, "soil_moisture": null, "solar_exposure": null, "wind_exposure": null, "water_retention": null, "slope": null, "aspect": null, "num_identification_agreements": 1, "cluster": 0, "tavg": null, "tmin": 11.9, "tmax": 28.2, "prcp_d0": 8.37061882019043, "prcp_d1": 0.0, "prcp_d2": 0.0, "prcp_d3": 4.924966335296631, "prcp_d4": 0.0, "prcp_d5": 0.0, "prcp_d6": 0.0, "tmax_d0": 27.3, "tmax_d1": 26.9, "tmax_d2": 24.4, "tmax_d3": 22.1, "tmax_d4": 22.1, "tmax_d5": 21.2, "tmax_d6": 20.9, "tmin_d0": 13.6, "tmin_d1": 15.3, "tmin_d2": 11.7, "tmin_d3": 11.9, "tmin_d4": 8.9, "tmin_d5": 8.9, "tmin_d6": 8.6, "day_of_year": 158, "uuid": "711486ed-5410-41e7-a0d9-30e8dd287947", "inat_id": 287647104}}, {"type": "Feature", "geometry": {"type": "Point", "coordinates": [-122.2474127635, 45.2375042478]}, "properties": {"species": "Pleurotus pulmonarius", "date": "2025-06-11", "location": "Estacada, OR 97023, USA", "elevation": 268.0, "land_cover_label": "Tree cover", "water_mask": false, "exclude_reason": "keep", "ndvi": null, "soil_moisture": null, "solar_exposure": null, "wind_exposure": null, "water_retention": null, "slope": null, "aspect": null, "num_identification_agreements": 1, "cluster": 0, "tavg": null, "tmin": 12.2, "tmax": 23.0, "prcp_d0": 0.0, "prcp_d1": 0.0, "prcp_d2": 0.0, "prcp_d3": 0.0, "prcp_d4": 7.8909196853637695, "prcp_d5": 0.0, "prcp_d6": 0.0, "tmax_d0": 26.2, "tmax_d1": 30.5, "tmax_d2": 31.0, "tmax_d3": 31.1, "tmax_d4": 26.9, "tmax_d5": 25.5, "tmax_d6": 22.1, "tmin_d0": 9.9, "tmin_d1": 14.1, "tmin_d2": 16.8, "tmin_d3": 12.3, "tmin_d4": 11.7, "tmin_d5": 11.0, "tmin_d6": 11.2, "day_of_year": 162, "uuid": "0195dda7-6768-43c5-8f03-f34a5e7b4f0b", "inat_id": 288893306}}, {"type": "Feature", "geometry": {"type": "Point", "coordinates": [-121.9325744373, 45.2825417945]}, "properties": {"species": "Pleurotus pulmonarius", "date": "2025-06-26", "location": "Clackamas County, OR, USA", "elevation": 801.0, "land_cover_label": "Tree cover", "water_mask": false, "exclude_reason": "keep", "ndvi": null, "soil_moisture": null, "solar_exposure": null, "wind_exposure": null, "water_retention": null, "slope": null, "aspect": null, "num_identification_agreements": 1, "cluster": 0, "tavg": null, "tmin": 14.4, "tmax": 21.1, "prcp_d0": 0.0, "prcp_d1": 0.0, "prcp_d2": 0.0, "prcp_d3": 0.0, "prcp_d4": 0.0, "prcp_d5": 9.899402618408203, "prcp_d6": 9.221938133239746, "tmax_d0": 17.9, "tmax_d1": 21.8, "tmax_d2": 22.8, "tmax_d3": 21.4, "tmax_d4": 13.7, "tmax_d5": 8.3, "tmax_d6": 15.5, "tmin_d0": 8.5, "tmin_d1": 11.7, "tmin_d2": 6.2, "tmin_d3": 5.4, "tmin_d4": 7.3, "tmin_d5": 5.6, "tmin_d6": 6.4, "day_of_year": 177, "uuid": "7efb8dd3-de4d-4284-b007-955322ac21bd", "inat_id": 294231662}}, {"type": "Feature", "geometry": {"type": "Point", "coordinates": [-105.5095165026, 38.0394720941]}, "properties": {"species": "Pleurotus pulmonarius", "date": "2025-07-27", "location": "County Road 132, Westcliffe, CO, US", "elevation": 2677.0, "land_cover_label": "Tree cover", "water_mask": false, "exclude_reason": "keep", "ndvi": null, "soil_moisture": null, "solar_exposure": null, "wind_exposure": null, "water_retention": null, "slope": null, "aspect": null, "num_identification_agreements": 1, "cluster": 0, "tavg": null, "tmin": null, "tmax": null, "prcp_d0": 0.0, "prcp_d1": 0.0, "prcp_d2": 0.0, "prcp_d3": 6.324115753173828, "prcp_d4": 3.162057876586914, "prcp_d5": 6.324115753173828, "prcp_d6": 0.0, "tmax_d0": 25.2, "tmax_d1": 22.9, "tmax_d2": 22.8, "tmax_d3": 22.3, "tmax_d4": 22.8, "tmax_d5": 21.9, "tmax_d6": 24.7, "tmin_d0": 9.3, "tmin_d1": 9.3, "tmin_d2": 9.0, "tmin_d3": 10.1, "tmin_d4": 9.5, "tmin_d5": 9.2, "tmin_d6": 9.9, "day_of_year": 208, "uuid": "12aaf0d7-832c-4d3a-960a-f2bc365dc2eb", "inat_id": 301635788}}, {"type": "Feature", "geometry": {"type": "Point", "coordinates": [-105.19323, 38.2637883333]}, "properties": {"species": "Pleurotus pulmonarius", "date": "2025-07-27", "location": "Newlin Trail, Canon City, CO, US", "elevation": 2187.0, "land_cover_label": "Tree cover", "water_mask": false, "exclude_reason": "keep", "ndvi": null, "soil_moisture": null, "solar_exposure": null, "wind_exposure": null, "water_retention": null, "slope": null, "aspect": null, "num_identification_agreements": 4, "cluster": 0, "tavg": null, "tmin": 18.0, "tmax": 37.0, "prcp_d0": 0.0, "prcp_d1": 0.0, "prcp_d2": 0.0, "prcp_d3": 4.923374176025391, "prcp_d4": 4.923374176025391, "prcp_d5": 0.0, "prcp_d6": 0.0, "tmax_d0": 29.0, "tmax_d1": 28.1, "tmax_d2": 26.6, "tmax_d3": 24.7, "tmax_d4": 25.0, "tmax_d5": 27.7, "tmax_d6": 27.7, "tmin_d0": 15.8, "tmin_d1": 13.6, "tmin_d2": 13.7, "tmin_d3": 11.9, "tmin_d4": 13.0, "tmin_d5": 15.6, "tmin_d6": 15.0, "day_of_year": 208, "uuid": "3d908f87-8935-4e7a-b723-14c89d0af9ef", "inat_id": 301662962}}, {"type": "Feature", "geometry": {"type": "Point", "coordinates": [-122.1148611667, 45.5758283333]}, "properties": {"species": "Pleurotus pulmonarius", "date": "2025-08-10", "location": "Benson State Park, Corbett, OR, US", "elevation": 225.0, "land_cover_label": "Tree cover", "water_mask": false, "exclude_reason": "keep", "ndvi": null, "soil_moisture": null, "solar_exposure": null, "wind_exposure": null, "water_retention": null, "slope": null, "aspect": null, "num_identification_agreements": 1, "cluster": 0, "tavg": null, "tmin": 15.6, "tmax": 37.8, "prcp_d0": 0.0, "prcp_d1": 0.0, "prcp_d2": 0.0, "prcp_d3": 0.0, "prcp_d4": 0.0, "prcp_d5": 0.0, "prcp_d6": 0.0, "tmax_d0": 35.1, "tmax_d1": 25.1, "tmax_d2": 22.6, "tmax_d3": 18.8, "tmax_d4": 23.3, "tmax_d5": 23.2, "tmax_d6": 21.1, "tmin_d0": 16.1, "tmin_d1": 12.8, "tmin_d2": 10.4, "tmin_d3": 14.2, "tmin_d4": 15.6, "tmin_d5": 12.8, "tmin_d6": 12.3, "day_of_year": 222, "uuid": "f1a487c0-ef78-401c-a002-e8e0581fdab5", "inat_id": 305443619}}, {"type": "Feature", "geometry": {"type": "Point", "coordinates": [-105.8341380341, 35.7257782574]}, "properties": {"species": "Pleurotus pulmonarius", "date": "2025-08-18", "location": "Santa Fe National Forest, Tererro, NM, US", "elevation": 2593.0, "land_cover_label": "Tree cover", "water_mask": false, "exclude_reason": "keep", "ndvi": null, "soil_moisture": null, "solar_exposure": null, "wind_exposure": null, "water_retention": null, "slope": null, "aspect": null, "num_identification_agreements": 1, "cluster": 0, "tavg": null, "tmin": 13.9, "tmax": 32.2, "prcp_d0": 0.0, "prcp_d1": 0.0, "prcp_d2": 0.0, "prcp_d3": 0.0, "prcp_d4": 0.0, "prcp_d5": 0.0, "prcp_d6": 0.0, "tmax_d0": 24.7, "tmax_d1": 25.2, "tmax_d2": 22.3, "tmax_d3": 24.2, "tmax_d4": 25.6, "tmax_d5": 25.5, "tmax_d6": 22.2, "tmin_d0": 10.4, "tmin_d1": 9.3, "tmin_d2": 10.0, "tmin_d3": 9.4, "tmin_d4": 10.6, "tmin_d5": 9.0, "tmin_d6": 8.5, "day_of_year": 230, "uuid": "a522fbe5-df2c-42b3-810a-e16db984811a", "inat_id": 307412155}}, {"type": "Feature", "geometry": {"type": "Point", "coordinates": [-106.829975, 40.4814694444]}, "properties": {"species": "Pleurotus pulmonarius", "date": "2025-08-20", "location": "Steamboat Springs, CO 80487, USA", "elevation": 2053.0, "land_cover_label": "Tree cover", "water_mask": false, "exclude_reason": "keep", "ndvi": null, "soil_moisture": null, "solar_exposure": null, "wind_exposure": null, "water_retention": null, "slope": null, "aspect": null, "num_identification_agreements": 2, "cluster": 0, "tavg": null, "tmin": 10.1, "tmax": 33.0, "prcp_d0": 0.0, "prcp_d1": 0.0, "prcp_d2": 0.0, "prcp_d3": 0.0, "prcp_d4": 0.0, "prcp_d5": 0.0, "prcp_d6": 0.0, "tmax_d0": 32.2, "tmax_d1": 31.1, "tmax_d2": 29.5, "tmax_d3": 26.5, "tmax_d4": 27.1, "tmax_d5": 28.5, "tmax_d6": 31.8, "tmin_d0": 13.8, "tmin_d1": 12.1, "tmin_d2": 9.8, "tmin_d3": 13.7, "tmin_d4": 13.8, "tmin_d5": 12.9, "tmin_d6": 13.6, "day_of_year": 232, "uuid": "268ebd80-0e6c-4584-8788-1e5b26385198", "inat_id": 307749395}}, {"type": "Feature", "geometry": {"type": "Point", "coordinates": [-106.3832924997, 35.8917908]}, "properties": {"species": "Pleurotus pulmonarius", "date": "2025-09-11", "location": "Los Alamos County, NM, USA", "elevation": 2795.0, "land_cover_label": "Tree cover", "water_mask": false, "exclude_reason": "keep", "ndvi": null, "soil_moisture": null, "solar_exposure": null, "wind_exposure": null, "water_retention": null, "slope": null, "aspect": null, "num_identification_agreements": 1, "cluster": 0, "tavg": null, "tmin": 14.0, "tmax": 25.0, "prcp_d0": 0.0, "prcp_d1": 15.42572021484375, "prcp_d2": 0.0, "prcp_d3": 0.0, "prcp_d4": 0.0, "prcp_d5": 0.0, "prcp_d6": 0.0, "tmax_d0": 19.0, "tmax_d1": 20.1, "tmax_d2": 20.7, "tmax_d3": 20.1, "tmax_d4": 18.8, "tmax_d5": 15.7, "tmax_d6": 15.9, "tmin_d0": 9.9, "tmin_d1": 10.5, "tmin_d2": 11.0, "tmin_d3": 6.9, "tmin_d4": 6.9, "tmin_d5": 6.5, "tmin_d6": 7.9, "day_of_year": 254, "uuid": "a07762ac-509e-4ae6-846f-c4a042060cc7", "inat_id": 313255151}}, {"type": "Feature", "geometry": {"type": "Point", "coordinates": [-105.5820139255, 36.5608542727]}, "properties": {"species": "Pleurotus pulmonarius", "date": "2025-09-12", "location": "Taos, NM, US", "elevation": 2545.0, "land_cover_label": "Tree cover", "water_mask": false, "exclude_reason": "keep", "ndvi": null, "soil_moisture": null, "solar_exposure": null, "wind_exposure": null, "water_retention": null, "slope": null, "aspect": null, "num_identification_agreements": 1, "cluster": 0, "tavg": null, "tmin": 12.1, "tmax": 24.3, "prcp_d0": 0.0, "prcp_d1": 0.0, "prcp_d2": 0.0, "prcp_d3": 0.0, "prcp_d4": 0.0, "prcp_d5": 0.0, "prcp_d6": 0.0, "tmax_d0": 19.2, "tmax_d1": 20.6, "tmax_d2": 21.3, "tmax_d3": 21.6, "tmax_d4": 20.9, "tmax_d5": 19.9, "tmax_d6": 18.0, "tmin_d0": 11.3, "tmin_d1": 12.7, "tmin_d2": 11.7, "tmin_d3": 12.9, "tmin_d4": 11.4, "tmin_d5": 8.5, "tmin_d6": 8.3, "day_of_year": 255, "uuid": "dce5df14-b8cb-4455-8427-ef78f111ae25", "inat_id": 314696346}}, {"type": "Feature", "geometry": {"type": "Point", "coordinates": [-122.2183133333, 45.5359716667]}, "properties": {"species": "Pleurotus pulmonarius", "date": "2025-09-30", "location": "Columbia River Gorge National Scenic Area, Corbett, OR, US", "elevation": 163.0, "land_cover_label": "Tree cover", "water_mask": false, "exclude_reason": "keep", "ndvi": null, "soil_moisture": null, "solar_exposure": null, "wind_exposure": null, "water_retention": null, "slope": null, "aspect": null, "num_identification_agreements": 2, "cluster": 0, "tavg": null, "tmin": 10.0, "tmax": 22.0, "prcp_d0": 0.0, "prcp_d1": 27.32875061035156, "prcp_d2": 0.0, "prcp_d3": 0.0, "prcp_d4": 0.0, "prcp_d5": 0.0, "prcp_d6": 0.0, "tmax_d0": 21.3, "tmax_d1": 22.7, "tmax_d2": 23.3, "tmax_d3": 25.4, "tmax_d4": 20.1, "tmax_d5": 24.7, "tmax_d6": 25.9, "tmin_d0": 9.7, "tmin_d1": 13.5, "tmin_d2": 11.1, "tmin_d3": 9.7, "tmin_d4": 7.1, "tmin_d5": 10.3, "tmin_d6": 11.4, "day_of_year": 273, "uuid": "dc096f5a-34bb-4731-ba75-c79a7bdc2d38", "inat_id": 317951252}}, {"type": "Feature", "geometry": {"type": "Point", "coordinates": [-122.1173472222, 45.6129111111]}, "properties": {"species": "Pleurotus pulmonarius", "date": "2025-10-28", "location": "Washougal, WA 98671, USA", "elevation": 296.0, "land_cover_label": "Tree cover", "water_mask": false, "exclude_reason": "keep", "ndvi": null, "soil_moisture": null, "solar_exposure": null, "wind_exposure": null, "water_retention": null, "slope": null, "aspect": null, "num_identification_agreements": 1, "cluster": 2, "tavg": null, "tmin": 9.0, "tmax": 13.0, "prcp_d0": 0.0, "prcp_d1": 0.0, "prcp_d2": 0.0, "prcp_d3": 19.764698028564453, "prcp_d4": 39.529396057128906, "prcp_d5": 19.764698028564453, "prcp_d6": 0.0, "tmax_d0": 9.2, "tmax_d1": 10.0, "tmax_d2": 8.1, "tmax_d3": 11.8, "tmax_d4": 15.2, "tmax_d5": 17.7, "tmax_d6": 17.1, "tmin_d0": 5.0, "tmin_d1": 4.6, "tmin_d2": 4.4, "tmin_d3": 6.4, "tmin_d4": 8.3, "tmin_d5": 8.4, "tmin_d6": 7.0, "day_of_year": 301, "uuid": "9f91612d-a518-42b0-b73f-854caea7dfe0", "inat_id": 323772205}}, {"type": "Feature", "geometry": {"type": "Point", "coordinates": [-122.2858583333, 45.4912716667]}, "properties": {"species": "Pleurotus pulmonarius", "date": "2025-11-01", "location": "Oxbow Regional Park, Gresham, OR, US", "elevation": 127.0, "land_cover_label": "Tree cover", "water_mask": false, "exclude_reason": "keep", "ndvi": null, "soil_moisture": null, "solar_exposure": null, "wind_exposure": null, "water_retention": null, "slope": null, "aspect": null, "num_identification_agreements": 1, "cluster": 0, "tavg": null, "tmin": 7.0, "tmax": 16.0, "prcp_d0": 0.0, "prcp_d1": 0.0, "prcp_d2": 0.0, "prcp_d3": 8.315756797790527, "prcp_d4": 0.0, "prcp_d5": 3.075519561767578, "prcp_d6": 14.99392795562744, "tmax_d0": 15.1, "tmax_d1": 15.1, "tmax_d2": 14.5, "tmax_d3": 13.8, "tmax_d4": 13.6, "tmax_d5": 11.8, "tmax_d6": 10.0, "tmin_d0": 11.5, "tmin_d1": 4.9, "tmin_d2": 4.2, "tmin_d3": 8.2, "tmin_d4": 5.3, "tmin_d5": 3.7, "tmin_d6": 6.2, "day_of_year": 305, "uuid": "f240dbd2-66cc-4377-ad62-6d16e8a83e41", "inat_id": 346568987}}, {"type": "Feature", "geometry": {"type": "Point", "coordinates": [-106.0567638333, 36.0170445]}, "properties": {"species": "Pleurotus pulmonarius", "date": "2025-11-06", "location": "N McCurdy Rd, Espa\u00f1ola, NM, US", "elevation": 1726.0, "land_cover_label": "Bare / sparse vegetation", "water_mask": false, "exclude_reason": "keep", "ndvi": null, "soil_moisture": null, "solar_exposure": null, "wind_exposure": null, "water_retention": null, "slope": null, "aspect": null, "num_identification_agreements": 1, "cluster": 0, "tavg": null, "tmin": 6.0, "tmax": 18.0, "prcp_d0": 0.0, "prcp_d1": 0.0, "prcp_d2": 0.0, "prcp_d3": 0.0, "prcp_d4": 0.0, "prcp_d5": 0.0, "prcp_d6": 0.0, "tmax_d0": 21.8, "tmax_d1": 21.3, "tmax_d2": 20.4, "tmax_d3": 23.2, "tmax_d4": 20.4, "tmax_d5": 16.1, "tmax_d6": 17.7, "tmin_d0": 3.9, "tmin_d1": 2.0, "tmin_d2": 5.4, "tmin_d3": 2.8, "tmin_d4": 1.4, "tmin_d5": -0.3, "tmin_d6": 0.9, "day_of_year": 310, "uuid": "1323a03a-7dab-4053-8545-bc4ed24805c6", "inat_id": 325906467}}, {"type": "Feature", "geometry": {"type": "Point", "coordinates": [-105.0227445, 40.5602283333]}, "properties": {"species": "Pleurotus pulmonarius", "date": "2025-11-24", "location": "East Poudre Trail, Fort Collins, CO, US", "elevation": 1493.0, "land_cover_label": "Tree cover", "water_mask": false, "exclude_reason": "keep", "ndvi": null, "soil_moisture": 0.1789157423137473, "solar_exposure": 0.8434614539146423, "wind_exposure": 0.3266217410564422, "water_retention": 0.3357356488704681, "slope": 0.8696818947792053, "aspect": 110.95101165771484, "num_identification_agreements": 2, "cluster": 0, "tavg": null, "tmin": 1.0, "tmax": 15.0, "prcp_d0": 0.1621459424495697, "prcp_d1": 0.1468567103147506, "prcp_d2": 8.693138079252094e-05, "prcp_d3": 0.7511802911758423, "prcp_d4": 0.0, "prcp_d5": 0.0, "prcp_d6": 0.0, "tmax_d0": 13.2, "tmax_d1": 15.9, "tmax_d2": 12.3, "tmax_d3": 9.4, "tmax_d4": 11.1, "tmax_d5": 16.1, "tmax_d6": 15.5, "tmin_d0": 1.2, "tmin_d1": -0.8, "tmin_d2": -1.9, "tmin_d3": 3.4, "tmin_d4": 3.1, "tmin_d5": 1.3, "tmin_d6": 4.5, "day_of_year": 328, "uuid": "e2de673a-a710-44b0-82df-71d1b548c3c8", "inat_id": 328110669}}, {"type": "Feature", "geometry": {"type": "Point", "coordinates": [-105.1146984233, 39.5904410467]}, "properties": {"species": "Pleurotus pulmonarius", "date": "2026-04-03", "location": "S Miller St, Littleton, CO, US", "elevation": 1733.0, "land_cover_label": "Bare / sparse vegetation", "water_mask": false, "exclude_reason": "keep", "ndvi": null, "soil_moisture": 0.2748992412142454, "solar_exposure": 0.7975315451622009, "wind_exposure": 0.3264147639274597, "water_retention": 0.3737096190452575, "slope": 4.448074817657471, "aspect": 33.14213562011719, "num_identification_agreements": 2, "cluster": 0, "tavg": null, "tmin": 0.6, "tmax": 11.1, "prcp_d0": 0.0, "prcp_d1": 3.1605656147003174, "prcp_d2": 6.321131229400635, "prcp_d3": 1.5658913850784302, "prcp_d4": 0.0, "prcp_d5": 1.5658913850784302, "prcp_d6": 0.0, "tmax_d0": 20.2, "tmax_d1": 22.4, "tmax_d2": 12.5, "tmax_d3": 23.1, "tmax_d4": 25.8, "tmax_d5": 25.2, "tmax_d6": 26.5, "tmin_d0": 1.5, "tmin_d1": 1.7, "tmin_d2": 2.8, "tmin_d3": 4.3, "tmin_d4": 8.6, "tmin_d5": 8.1, "tmin_d6": 0.8, "day_of_year": 93, "uuid": "f3962abb-359a-4d8d-a6a5-a6096256083b", "inat_id": 347177245}}, {"type": "Feature", "geometry": {"type": "Point", "coordinates": [-104.8357613, 39.6828868997]}, "properties": {"species": "Pleurotus pulmonarius", "date": "2026-04-09", "location": "Utah Park, Aurora, CO 80012, USA", "elevation": 1701.0, "land_cover_label": "Tree cover", "water_mask": false, "exclude_reason": "keep", "ndvi": null, "soil_moisture": 0.1506431511692731, "solar_exposure": 0.8369662761688232, "wind_exposure": 0.320993036031723, "water_retention": 0.4050787985324859, "slope": 0.3109926879405975, "aspect": 0.0, "num_identification_agreements": 1, "cluster": 0, "tavg": null, "tmin": 5.8, "tmax": 22.2, "prcp_d0": 1.3302124738693235, "prcp_d1": 0.0, "prcp_d2": 1.3302124738693235, "prcp_d3": 0.0, "prcp_d4": 0.0, "prcp_d5": 0.0, "prcp_d6": 0.0, "tmax_d0": 23.7, "tmax_d1": 22.1, "tmax_d2": 21.3, "tmax_d3": 20.0, "tmax_d4": 20.0, "tmax_d5": 15.9, "tmax_d6": 19.8, "tmin_d0": 4.8, "tmin_d1": 6.0, "tmin_d2": 1.2, "tmin_d3": 3.4, "tmin_d4": 1.4, "tmin_d5": 0.2, "tmin_d6": 1.6, "day_of_year": 99, "uuid": "2630678c-add4-42b9-8b3e-1658d646165c", "inat_id": 348625782}}, {"type": "Feature", "geometry": {"type": "Point", "coordinates": [-122.1974416667, 45.2774305556]}, "properties": {"species": "Pleurotus pulmonarius", "date": "2026-05-09", "location": "Clackamas County, OR, USA", "elevation": 345.0, "land_cover_label": "Tree cover", "water_mask": false, "exclude_reason": "keep", "ndvi": null, "soil_moisture": null, "solar_exposure": null, "wind_exposure": null, "water_retention": null, "slope": null, "aspect": null, "num_identification_agreements": 1, "cluster": 0, "tavg": null, "tmin": 7.8, "tmax": 25.6, "prcp_d0": 0.0, "prcp_d1": 0.0, "prcp_d2": 0.0, "prcp_d3": 0.0, "prcp_d4": 0.2760351002216339, "prcp_d5": 0.4345379173755646, "prcp_d6": 2.413707971572876, "tmax_d0": 21.7, "tmax_d1": 18.2, "tmax_d2": 18.1, "tmax_d3": 17.1, "tmax_d4": 20.1, "tmax_d5": 28.3, "tmax_d6": 28.2, "tmin_d0": 5.1, "tmin_d1": 8.6, "tmin_d2": 9.5, "tmin_d3": 10.8, "tmin_d4": 11.1, "tmin_d5": 11.8, "tmin_d6": 9.2, "day_of_year": 129, "uuid": "04ac585b-c8e1-4963-a975-8480ad3850d0", "inat_id": 360008357}}, {"type": "Feature", "geometry": {"type": "Point", "coordinates": [-122.35302, 45.2248216667]}, "properties": {"species": "Pleurotus pulmonarius", "date": "2026-05-16", "location": "S Highway 211, Colton, OR, US", "elevation": 258.0, "land_cover_label": "Tree cover", "water_mask": false, "exclude_reason": "keep", "ndvi": null, "soil_moisture": null, "solar_exposure": null, "wind_exposure": null, "water_retention": null, "slope": null, "aspect": null, "num_identification_agreements": 1, "cluster": 0, "tavg": null, "tmin": 7.2, "tmax": 15.0, "prcp_d0": 0.0, "prcp_d1": 0.0, "prcp_d2": 0.0, "prcp_d3": 16.270105361938477, "prcp_d4": 0.0, "prcp_d5": 0.0, "prcp_d6": 0.0, "tmax_d0": null, "tmax_d1": null, "tmax_d2": null, "tmax_d3": null, "tmax_d4": null, "tmax_d5": null, "tmax_d6": null, "tmin_d0": null, "tmin_d1": null, "tmin_d2": null, "tmin_d3": null, "tmin_d4": null, "tmin_d5": null, "tmin_d6": null, "day_of_year": 136, "uuid": "d04f1b29-a5f2-429c-9f48-0a6fc793f7d3", "inat_id": 362897387}}, {"type": "Feature", "geometry": {"type": "Point", "coordinates": [-105.2788201, 39.9319184]}, "properties": {"species": "Pleurotus pulmonarius", "date": "2026-06-21", "location": "Eldorado Pool WB, Eldorado Springs, CO 80025, USA", "elevation": 1764.0, "land_cover_label": "Tree cover", "water_mask": false, "exclude_reason": "keep", "ndvi": null, "soil_moisture": 0.1409280331394229, "solar_exposure": 0.6261892914772034, "wind_exposure": 0.1893046647310257, "water_retention": 0.3358755707740783, "slope": 18.431537628173828, "aspect": 32.12171936035156, "num_identification_agreements": 1, "cluster": 0, "tavg": null, "tmin": 13.0, "tmax": 31.0, "prcp_d0": 0.0, "prcp_d1": 0.0, "prcp_d2": 0.0, "prcp_d3": 0.0, "prcp_d4": 0.0, "prcp_d5": 0.0, "prcp_d6": 0.0, "tmax_d0": 31.4, "tmax_d1": 29.2, "tmax_d2": 28.3, "tmax_d3": 32.8, "tmax_d4": 33.6, "tmax_d5": 32.4, "tmax_d6": 25.3, "tmin_d0": 12.7, "tmin_d1": 11.1, "tmin_d2": 12.0, "tmin_d3": 11.9, "tmin_d4": 15.3, "tmin_d5": 8.2, "tmin_d6": 9.2, "day_of_year": 172, "uuid": "641c1c21-8b47-4c1d-bdd2-672cf995d6c9", "inat_id": 374038139}}, {"type": "Feature", "geometry": {"type": "Point", "coordinates": [-106.539925, 35.8217716667]}, "properties": {"species": "Pleurotus pulmonarius", "date": "2026-08-08", "location": "Jemez National Recreation Area, Jemez Springs, NM, US", "elevation": 2581.0, "land_cover_label": "Tree cover", "water_mask": false, "exclude_reason": "keep", "ndvi": null, "soil_moisture": null, "solar_exposure": null, "wind_exposure": null, "water_retention": null, "slope": null, "aspect": null, "num_identification_agreements": 1, "cluster": null, "tavg": null, "tmin": 16.7, "tmax": 31.2, "prcp_d0": null, "prcp_d1": null, "prcp_d2": null, "prcp_d3": null, "prcp_d4": null, "prcp_d5": null, "prcp_d6": null, "tmax_d0": 27.9, "tmax_d1": 28.7, "tmax_d2": 30.3, "tmax_d3": 30.0, "tmax_d4": 30.5, "tmax_d5": 30.0, "tmax_d6": 28.4, "tmin_d0": 11.0, "tmin_d1": 13.6, "tmin_d2": 13.4, "tmin_d3": 12.9, "tmin_d4": 14.5, "tmin_d5": 12.9, "tmin_d6": 12.2, "day_of_year": 220, "uuid": "1c42aae0-4d8b-4dbf-8ab7-73f8442bf0e7", "inat_id": 390681624}}]}