{"type": "FeatureCollection", "features": [{"type": "Feature", "geometry": {"type": "Point", "coordinates": [-107.450752, 37.475131]}, "properties": {"species": "Pleurotus populinus", "date": "2015-07-02", "location": "Hinsdale County, US-CO, US", "elevation": 2484.0, "land_cover_label": "Tree cover", "water_mask": false, "exclude_reason": "keep", "ndvi": null, "soil_moisture": null, "solar_exposure": null, "wind_exposure": null, "water_retention": null, "slope": null, "aspect": null, "num_identification_agreements": 1, "cluster": 3, "tavg": null, "tmin": 16.7, "tmax": 29.4, "prcp_d0": 6.646356105804443, "prcp_d1": 6.646356105804443, "prcp_d2": 9.095489501953123, "prcp_d3": 0.0, "prcp_d4": 4.5477447509765625, "prcp_d5": 4.5477447509765625, "prcp_d6": 0.0, "tmax_d0": 25.7, "tmax_d1": 27.0, "tmax_d2": 27.1, "tmax_d3": 26.3, "tmax_d4": 25.0, "tmax_d5": 26.9, "tmax_d6": 27.6, "tmin_d0": 10.8, "tmin_d1": 11.1, "tmin_d2": 10.7, "tmin_d3": 10.4, "tmin_d4": 8.8, "tmin_d5": 11.6, "tmin_d6": 9.2, "day_of_year": 183, "uuid": "5e12ad6c-f68b-4fa3-b0d1-e1f371587f12", "inat_id": 1738710}}, {"type": "Feature", "geometry": {"type": "Point", "coordinates": [-105.0284501902, 39.5901087789]}, "properties": {"species": "Pleurotus populinus", "date": "2015-11-03", "location": "Littleton, CO, USA", "elevation": 1635.0, "land_cover_label": "Tree cover", "water_mask": false, "exclude_reason": "keep", "ndvi": null, "soil_moisture": 0.2225322134898973, "solar_exposure": 0.8369393348693848, "wind_exposure": 0.3167307078838348, "water_retention": 0.3715266287326813, "slope": 0.5115081071853638, "aspect": 52.55630493164063, "num_identification_agreements": 1, "cluster": 2, "tavg": null, "tmin": 6.1, "tmax": 21.7, "prcp_d0": 0.0, "prcp_d1": 0.0, "prcp_d2": 7.788114070892334, "prcp_d3": 0.0, "prcp_d4": 0.0, "prcp_d5": 3.665505886077881, "prcp_d6": 1.8327529430389404, "tmax_d0": 20.9, "tmax_d1": 21.4, "tmax_d2": 19.7, "tmax_d3": 17.9, "tmax_d4": 11.2, "tmax_d5": 14.8, "tmax_d6": 17.1, "tmin_d0": 4.9, "tmin_d1": 4.1, "tmin_d2": 3.6, "tmin_d3": 1.4, "tmin_d4": 3.8, "tmin_d5": 2.3, "tmin_d6": -1.1, "day_of_year": 307, "uuid": "b811e99c-300d-4a1f-9a84-3332a8e67fa4", "inat_id": 15036666}}, {"type": "Feature", "geometry": {"type": "Point", "coordinates": [-106.5055, 35.7457]}, "properties": {"species": "Pleurotus populinus", "date": "2016-07-24", "location": "Santa Fe National Forest, Sandoval Co., New Mexico, USA", "elevation": 2465.0, "land_cover_label": "Grassland", "water_mask": false, "exclude_reason": "keep", "ndvi": null, "soil_moisture": null, "solar_exposure": null, "wind_exposure": null, "water_retention": null, "slope": null, "aspect": null, "num_identification_agreements": 2, "cluster": 2, "tavg": null, "tmin": 19.7, "tmax": 30.9, "prcp_d0": 0.0, "prcp_d1": 0.0, "prcp_d2": 0.0, "prcp_d3": 0.0, "prcp_d4": 0.0, "prcp_d5": 0.0, "prcp_d6": 0.0, "tmax_d0": 28.5, "tmax_d1": 31.0, "tmax_d2": 29.5, "tmax_d3": 28.6, "tmax_d4": 26.6, "tmax_d5": 26.7, "tmax_d6": 28.5, "tmin_d0": 15.6, "tmin_d1": 15.5, "tmin_d2": 14.0, "tmin_d3": 14.2, "tmin_d4": 14.2, "tmin_d5": 15.3, "tmin_d6": 15.4, "day_of_year": 206, "uuid": "ec98c5ff-60e7-4a76-9ed4-5e620847cf85", "inat_id": 16345869}}, {"type": "Feature", "geometry": {"type": "Point", "coordinates": [-107.4425, 37.47905]}, "properties": {"species": "Pleurotus populinus", "date": "2016-08-19", "location": "Pine River Trail, Weminuche Wilderness, Colorado, USA", "elevation": 2492.0, "land_cover_label": "Tree cover", "water_mask": false, "exclude_reason": "keep", "ndvi": null, "soil_moisture": null, "solar_exposure": null, "wind_exposure": null, "water_retention": null, "slope": null, "aspect": null, "num_identification_agreements": 1, "cluster": 2, "tavg": null, "tmin": 8.3, "tmax": 25.6, "prcp_d0": 0.0, "prcp_d1": 0.0, "prcp_d2": 0.0, "prcp_d3": 0.0, "prcp_d4": 0.0, "prcp_d5": 0.0, "prcp_d6": 0.0, "tmax_d0": 20.5, "tmax_d1": 21.4, "tmax_d2": 20.8, "tmax_d3": 23.3, "tmax_d4": 24.6, "tmax_d5": 22.7, "tmax_d6": 23.2, "tmin_d0": 6.7, "tmin_d1": 5.4, "tmin_d2": 9.2, "tmin_d3": 9.3, "tmin_d4": 7.9, "tmin_d5": 8.0, "tmin_d6": 7.1, "day_of_year": 232, "uuid": "39bb7447-a659-4575-8029-ee30b797d156", "inat_id": 7001807}}, {"type": "Feature", "geometry": {"type": "Point", "coordinates": [-104.8418044, 39.6286634]}, "properties": {"species": "Pleurotus populinus", "date": "2017-05-25", "location": "4201 S Parker Rd, Aurora, CO 80014, USA", "elevation": 1704.0, "land_cover_label": "Grassland", "water_mask": false, "exclude_reason": "keep", "ndvi": null, "soil_moisture": 0.2819619914319834, "solar_exposure": 0.8400404453277588, "wind_exposure": 0.3262654840946197, "water_retention": 0.3130085468292236, "slope": 1.2181861400604248, "aspect": 90.0, "num_identification_agreements": 2, "cluster": 2, "tavg": null, "tmin": 9.4, "tmax": 24.4, "prcp_d0": 3.709335803985596, "prcp_d1": 0.0, "prcp_d2": 3.709335803985596, "prcp_d3": 0.0, "prcp_d4": 0.0, "prcp_d5": 0.0, "prcp_d6": 0.0, "tmax_d0": 26.0, "tmax_d1": 26.3, "tmax_d2": 15.2, "tmax_d3": 17.3, "tmax_d4": 16.8, "tmax_d5": 13.1, "tmax_d6": 2.2, "tmin_d0": 11.2, "tmin_d1": 5.0, "tmin_d2": 2.6, "tmin_d3": 4.8, "tmin_d4": 1.9, "tmin_d5": -4.8, "tmin_d6": -0.7, "day_of_year": 145, "uuid": "efce5d05-6b25-4790-805d-009d0a15f30e", "inat_id": 6436424}}, {"type": "Feature", "geometry": {"type": "Point", "coordinates": [-105.2482896796, 39.7307309258]}, "properties": {"species": "Pleurotus populinus", "date": "2018-05-22", "location": "Jefferson County, CO, USA", "elevation": 2311.0, "land_cover_label": "Bare / sparse vegetation", "water_mask": false, "exclude_reason": "keep", "ndvi": null, "soil_moisture": 0.3846681166759109, "solar_exposure": 0.8380963802337646, "wind_exposure": 0.4822500348091125, "water_retention": 0.2389329224824905, "slope": 3.650163173675537, "aspect": 90.0, "num_identification_agreements": 1, "cluster": 3, "tavg": null, "tmin": 11.0, "tmax": 24.0, "prcp_d0": 0.0, "prcp_d1": 9.345870018005373, "prcp_d2": 4.04259729385376, "prcp_d3": 20.21298599243164, "prcp_d4": 4.04259729385376, "prcp_d5": 0.0, "prcp_d6": 0.0, "tmax_d0": 17.7, "tmax_d1": 18.0, "tmax_d2": 10.1, "tmax_d3": 9.8, "tmax_d4": 18.3, "tmax_d5": 20.8, "tmax_d6": 20.4, "tmin_d0": 4.7, "tmin_d1": 1.8, "tmin_d2": 1.7, "tmin_d3": 2.7, "tmin_d4": 2.3, "tmin_d5": 3.0, "tmin_d6": 3.4, "day_of_year": 142, "uuid": "42407c27-ae97-4649-9b24-fc4d38a7def8", "inat_id": 18666148}}, {"type": "Feature", "geometry": {"type": "Point", "coordinates": [-105.7241444444, 39.4505805556]}, "properties": {"species": "Pleurotus populinus", "date": "2019-08-03", "location": "Park, Colorado, United States", "elevation": 2855.0, "land_cover_label": "Tree cover", "water_mask": false, "exclude_reason": "keep", "ndvi": null, "soil_moisture": 0.333660353734192, "solar_exposure": 0.6266032457351685, "wind_exposure": 0.2957216799259186, "water_retention": 0.1356260925531387, "slope": 16.44878578186035, "aspect": 353.1055603027344, "num_identification_agreements": 2, "cluster": 1, "tavg": null, "tmin": null, "tmax": null, "prcp_d0": 0.0, "prcp_d1": 0.0, "prcp_d2": 0.0, "prcp_d3": 12.398635864257812, "prcp_d4": 0.0, "prcp_d5": 0.0, "prcp_d6": 0.0, "tmax_d0": 22.9, "tmax_d1": 21.6, "tmax_d2": 20.4, "tmax_d3": 22.7, "tmax_d4": 22.4, "tmax_d5": 21.9, "tmax_d6": 21.7, "tmin_d0": 5.8, "tmin_d1": 7.0, "tmin_d2": 7.8, "tmin_d3": 6.7, "tmin_d4": 6.2, "tmin_d5": 6.4, "tmin_d6": 8.0, "day_of_year": 215, "uuid": "a84e2b7e-077f-42c8-a115-e731147a6e92", "inat_id": 61528518}}, {"type": "Feature", "geometry": {"type": "Point", "coordinates": [-107.8300669883, 37.9282834707]}, "properties": {"species": "Pleurotus populinus", "date": "2019-08-15", "location": "Telluride Ski Resort, Telluride, CO, US", "elevation": 3242.0, "land_cover_label": "Tree cover", "water_mask": false, "exclude_reason": "keep", "ndvi": null, "soil_moisture": null, "solar_exposure": null, "wind_exposure": null, "water_retention": null, "slope": null, "aspect": null, "num_identification_agreements": 1, "cluster": 2, "tavg": null, "tmin": 11.0, "tmax": 25.0, "prcp_d0": 0.0, "prcp_d1": 0.0, "prcp_d2": 0.0, "prcp_d3": 0.0, "prcp_d4": 0.0, "prcp_d5": 0.0, "prcp_d6": 0.0, "tmax_d0": 18.1, "tmax_d1": 18.9, "tmax_d2": 17.1, "tmax_d3": 17.4, "tmax_d4": 14.4, "tmax_d5": 16.6, "tmax_d6": 17.6, "tmin_d0": 3.3, "tmin_d1": 3.0, "tmin_d2": 1.9, "tmin_d3": 2.9, "tmin_d4": 7.3, "tmin_d5": 4.9, "tmin_d6": 6.0, "day_of_year": 227, "uuid": "817e40bf-95ec-4b0a-b828-c8476a313ee4", "inat_id": 30903136}}, {"type": "Feature", "geometry": {"type": "Point", "coordinates": [-106.7913361174, 37.2005177709]}, "properties": {"species": "Pleurotus populinus", "date": "2019-08-19", "location": "Archuleta County, US-CO, US", "elevation": 2515.0, "land_cover_label": "Tree cover", "water_mask": false, "exclude_reason": "keep", "ndvi": null, "soil_moisture": null, "solar_exposure": null, "wind_exposure": null, "water_retention": null, "slope": null, "aspect": null, "num_identification_agreements": 1, "cluster": 2, "tavg": null, "tmin": null, "tmax": null, "prcp_d0": 0.0, "prcp_d1": 0.0, "prcp_d2": 0.0, "prcp_d3": 0.0, "prcp_d4": 0.0, "prcp_d5": 0.0, "prcp_d6": 0.0, "tmax_d0": 26.1, "tmax_d1": 25.1, "tmax_d2": 23.5, "tmax_d3": 23.2, "tmax_d4": 24.5, "tmax_d5": 24.8, "tmax_d6": 23.9, "tmin_d0": 10.8, "tmin_d1": 11.7, "tmin_d2": 10.8, "tmin_d3": 11.5, "tmin_d4": 10.8, "tmin_d5": 11.9, "tmin_d6": 10.9, "day_of_year": 231, "uuid": "fa263afc-7795-4201-960c-910ae4db9717", "inat_id": 31206592}}, {"type": "Feature", "geometry": {"type": "Point", "coordinates": [-107.0259175077, 38.9095796521]}, "properties": {"species": "Pleurotus populinus", "date": "2019-08-21", "location": "Crested Butte, CO 81224, USA", "elevation": 2731.0, "land_cover_label": "Grassland", "water_mask": false, "exclude_reason": "keep", "ndvi": null, "soil_moisture": null, "solar_exposure": null, "wind_exposure": null, "water_retention": null, "slope": null, "aspect": null, "num_identification_agreements": 2, "cluster": 2, "tavg": null, "tmin": 10.0, "tmax": 28.9, "prcp_d0": 0.0, "prcp_d1": 0.0, "prcp_d2": 0.0, "prcp_d3": 0.0, "prcp_d4": 0.0, "prcp_d5": 0.0, "prcp_d6": 0.0, "tmax_d0": 22.8, "tmax_d1": 24.3, "tmax_d2": 23.6, "tmax_d3": 23.3, "tmax_d4": 21.3, "tmax_d5": 21.9, "tmax_d6": 22.0, "tmin_d0": 7.4, "tmin_d1": 6.6, "tmin_d2": 8.8, "tmin_d3": 5.8, "tmin_d4": 6.6, "tmin_d5": 6.7, "tmin_d6": 6.1, "day_of_year": 233, "uuid": "4cc0ab04-066d-437c-bee7-ec60f30d6f16", "inat_id": 31253721}}, {"type": "Feature", "geometry": {"type": "Point", "coordinates": [-107.87546562, 37.91527535]}, "properties": {"species": "Pleurotus populinus", "date": "2019-08-24", "location": "San Miguel County, US-CO, US", "elevation": 2949.0, "land_cover_label": "Tree cover", "water_mask": false, "exclude_reason": "keep", "ndvi": null, "soil_moisture": null, "solar_exposure": null, "wind_exposure": null, "water_retention": null, "slope": null, "aspect": null, "num_identification_agreements": 2, "cluster": 2, "tavg": null, "tmin": 10.0, "tmax": 25.0, "prcp_d0": 0.0, "prcp_d1": 4.595932960510254, "prcp_d2": 4.595932960510254, "prcp_d3": 0.0, "prcp_d4": 0.0, "prcp_d5": 0.0, "prcp_d6": 0.0, "tmax_d0": 21.0, "tmax_d1": 18.6, "tmax_d2": 19.4, "tmax_d3": 21.1, "tmax_d4": 21.8, "tmax_d5": 22.2, "tmax_d6": 22.6, "tmin_d0": 4.7, "tmin_d1": 5.2, "tmin_d2": 6.5, "tmin_d3": 6.5, "tmin_d4": 7.7, "tmin_d5": 5.4, "tmin_d6": 4.2, "day_of_year": 236, "uuid": "39f07e07-d5c0-448b-9c7d-2216122f7bd3", "inat_id": 31445239}}, {"type": "Feature", "geometry": {"type": "Point", "coordinates": [-107.87541066, 37.91530864]}, "properties": {"species": "Pleurotus populinus", "date": "2019-08-24", "location": "San Miguel County, US-CO, US", "elevation": 2949.0, "land_cover_label": "Tree cover", "water_mask": false, "exclude_reason": "keep", "ndvi": null, "soil_moisture": null, "solar_exposure": null, "wind_exposure": null, "water_retention": null, "slope": null, "aspect": null, "num_identification_agreements": 1, "cluster": 2, "tavg": null, "tmin": 10.0, "tmax": 25.0, "prcp_d0": 0.0, "prcp_d1": 4.595932960510254, "prcp_d2": 4.595932960510254, "prcp_d3": 0.0, "prcp_d4": 0.0, "prcp_d5": 0.0, "prcp_d6": 0.0, "tmax_d0": 21.0, "tmax_d1": 18.6, "tmax_d2": 19.4, "tmax_d3": 21.1, "tmax_d4": 21.8, "tmax_d5": 22.2, "tmax_d6": 22.6, "tmin_d0": 4.7, "tmin_d1": 5.2, "tmin_d2": 6.5, "tmin_d3": 6.5, "tmin_d4": 7.7, "tmin_d5": 5.4, "tmin_d6": 4.2, "day_of_year": 236, "uuid": "9164ddac-47f0-4863-ab50-17ed17f12175", "inat_id": 31445110}}, {"type": "Feature", "geometry": {"type": "Point", "coordinates": [-104.8142834756, 39.0506184739]}, "properties": {"species": "Pleurotus populinus", "date": "2020-05-04", "location": "Gleneagle, CO 80921, USA", "elevation": 2181.0, "land_cover_label": "Tree cover", "water_mask": false, "exclude_reason": "keep", "ndvi": null, "soil_moisture": 0.2177195288973113, "solar_exposure": 0.8154712319374084, "wind_exposure": 0.3664116263389587, "water_retention": 0.3186890780925751, "slope": 5.581921100616455, "aspect": 289.4649658203125, "num_identification_agreements": 1, "cluster": 2, "tavg": null, "tmin": 7.1, "tmax": 23.0, "prcp_d0": 0.0, "prcp_d1": 0.0, "prcp_d2": 0.0, "prcp_d3": 0.0, "prcp_d4": 3.665468215942383, "prcp_d5": 0.0, "prcp_d6": 0.0, "tmax_d0": 20.9, "tmax_d1": 19.4, "tmax_d2": 22.5, "tmax_d3": 25.0, "tmax_d4": 25.0, "tmax_d5": 19.3, "tmax_d6": 20.0, "tmin_d0": 6.7, "tmin_d1": 6.9, "tmin_d2": 6.9, "tmin_d3": 5.3, "tmin_d4": 2.7, "tmin_d5": 1.4, "tmin_d6": 5.2, "day_of_year": 125, "uuid": "41c4e082-a2d0-4b9f-a33c-ef3426e83d94", "inat_id": 372375443}}, {"type": "Feature", "geometry": {"type": "Point", "coordinates": [-105.32306667, 39.95268333]}, "properties": {"species": "Pleurotus populinus", "date": "2020-05-15", "location": "Boulder, CO, US", "elevation": 2089.0, "land_cover_label": "Tree cover", "water_mask": false, "exclude_reason": "keep", "ndvi": null, "soil_moisture": 0.3709422270520719, "solar_exposure": 0.7708544731140137, "wind_exposure": 0.2593511343002319, "water_retention": 0.2579273581504822, "slope": 8.216501235961914, "aspect": 47.41946792602539, "num_identification_agreements": 1, "cluster": 2, "tavg": null, "tmin": 10.0, "tmax": 18.0, "prcp_d0": 0.0, "prcp_d1": 0.0, "prcp_d2": 0.0, "prcp_d3": 4.724419593811035, "prcp_d4": 4.724419593811035, "prcp_d5": 0.0, "prcp_d6": 0.0, "tmax_d0": 12.9, "tmax_d1": 18.7, "tmax_d2": 19.5, "tmax_d3": 15.7, "tmax_d4": 9.5, "tmax_d5": 9.9, "tmax_d6": 9.9, "tmin_d0": 3.5, "tmin_d1": 1.9, "tmin_d2": 3.1, "tmin_d3": 1.4, "tmin_d4": -3.0, "tmin_d5": -1.3, "tmin_d6": 0.3, "day_of_year": 136, "uuid": "92646f35-8f99-4874-ac2d-0ab096aadc17", "inat_id": 46006159}}, {"type": "Feature", "geometry": {"type": "Point", "coordinates": [-106.32663478, 37.12038995]}, "properties": {"species": "Pleurotus populinus", "date": "2020-08-15", "location": "Conejos County, US-CO, US", "elevation": 2634.0, "land_cover_label": "Tree cover", "water_mask": false, "exclude_reason": "keep", "ndvi": null, "soil_moisture": null, "solar_exposure": null, "wind_exposure": null, "water_retention": null, "slope": null, "aspect": null, "num_identification_agreements": 1, "cluster": 2, "tavg": null, "tmin": null, "tmax": null, "prcp_d0": 0.0, "prcp_d1": 0.0, "prcp_d2": 0.0, "prcp_d3": 0.0, "prcp_d4": 0.0, "prcp_d5": 0.0, "prcp_d6": 0.0, "tmax_d0": 25.2, "tmax_d1": 25.9, "tmax_d2": 27.5, "tmax_d3": 24.5, "tmax_d4": 24.5, "tmax_d5": 25.1, "tmax_d6": 23.8, "tmin_d0": 10.3, "tmin_d1": 11.0, "tmin_d2": 8.8, "tmin_d3": 10.8, "tmin_d4": 9.1, "tmin_d5": 8.1, "tmin_d6": 7.5, "day_of_year": 228, "uuid": "5faf7555-f1c0-41e9-9aa7-0a6f7073b6d7", "inat_id": 56572513}}, {"type": "Feature", "geometry": {"type": "Point", "coordinates": [-107.6925379722, 37.417687]}, "properties": {"species": "Pleurotus populinus", "date": "2021-06-20", "location": "Durango, CO 81301, USA", "elevation": 2784.0, "land_cover_label": "Tree cover", "water_mask": false, "exclude_reason": "keep", "ndvi": null, "soil_moisture": null, "solar_exposure": null, "wind_exposure": null, "water_retention": null, "slope": null, "aspect": null, "num_identification_agreements": 1, "cluster": 2, "tavg": null, "tmin": 13.3, "tmax": 31.7, "prcp_d0": 0.0, "prcp_d1": 1.7172313928604126, "prcp_d2": 3.434462785720825, "prcp_d3": 1.7172313928604126, "prcp_d4": 0.0, "prcp_d5": 0.0, "prcp_d6": 0.0, "tmax_d0": 25.6, "tmax_d1": 25.7, "tmax_d2": 26.2, "tmax_d3": 29.2, "tmax_d4": 29.2, "tmax_d5": 28.9, "tmax_d6": 28.6, "tmin_d0": 10.1, "tmin_d1": 10.5, "tmin_d2": 10.7, "tmin_d3": 12.4, "tmin_d4": 10.2, "tmin_d5": 9.3, "tmin_d6": 10.0, "day_of_year": 171, "uuid": "21415fd0-4866-4fa7-9999-851cd0562782", "inat_id": 83898221}}, {"type": "Feature", "geometry": {"type": "Point", "coordinates": [-106.8293133333, 40.469055]}, "properties": {"species": "Pleurotus populinus", "date": "2021-06-21", "location": "Yampa River Botanic Park, Steamboat Springs, CO, US", "elevation": 2056.0, "land_cover_label": "Tree cover", "water_mask": false, "exclude_reason": "keep", "ndvi": null, "soil_moisture": null, "solar_exposure": null, "wind_exposure": null, "water_retention": null, "slope": null, "aspect": null, "num_identification_agreements": 1, "cluster": 2, "tavg": null, "tmin": 7.1, "tmax": 26.1, "prcp_d0": 0.0, "prcp_d1": 0.0, "prcp_d2": 5.648184299468994, "prcp_d3": 0.0, "prcp_d4": 0.0, "prcp_d5": 0.0, "prcp_d6": 0.0, "tmax_d0": 26.2, "tmax_d1": 29.2, "tmax_d2": 27.6, "tmax_d3": 31.4, "tmax_d4": 32.5, "tmax_d5": 33.1, "tmax_d6": 33.1, "tmin_d0": 7.9, "tmin_d1": 11.8, "tmin_d2": 12.7, "tmin_d3": 14.5, "tmin_d4": 13.2, "tmin_d5": 15.2, "tmin_d6": 12.1, "day_of_year": 172, "uuid": "90cff153-24e5-4eb8-afbe-2a732d8d82cc", "inat_id": 83946847}}, {"type": "Feature", "geometry": {"type": "Point", "coordinates": [-104.8503452894, 37.9002590815]}, "properties": {"species": "Pleurotus populinus", "date": "2021-06-28", "location": "Colorado, US", "elevation": 1886.0, "land_cover_label": "Grassland", "water_mask": false, "exclude_reason": "keep", "ndvi": null, "soil_moisture": null, "solar_exposure": null, "wind_exposure": null, "water_retention": null, "slope": null, "aspect": null, "num_identification_agreements": 2, "cluster": 2, "tavg": null, "tmin": null, "tmax": null, "prcp_d0": 0.0, "prcp_d1": 0.0, "prcp_d2": 0.0, "prcp_d3": 0.0, "prcp_d4": 0.0, "prcp_d5": 0.0, "prcp_d6": 0.0, "tmax_d0": 18.2, "tmax_d1": 18.2, "tmax_d2": 23.2, "tmax_d3": 26.5, "tmax_d4": 32.0, "tmax_d5": 32.8, "tmax_d6": 32.6, "tmin_d0": 10.9, "tmin_d1": 10.8, "tmin_d2": 12.3, "tmin_d3": 13.7, "tmin_d4": 18.3, "tmin_d5": 16.9, "tmin_d6": 11.0, "day_of_year": 179, "uuid": "9cc29021-535b-4f1a-bc45-17870f01fb39", "inat_id": 133792502}}, {"type": "Feature", "geometry": {"type": "Point", "coordinates": [-105.2142549679, 37.9651655611]}, "properties": {"species": "Pleurotus populinus", "date": "2021-07-06", "location": "Gardner, CO 81040, USA", "elevation": 2874.0, "land_cover_label": "Tree cover", "water_mask": false, "exclude_reason": "keep", "ndvi": null, "soil_moisture": null, "solar_exposure": null, "wind_exposure": null, "water_retention": null, "slope": null, "aspect": null, "num_identification_agreements": 1, "cluster": 2, "tavg": null, "tmin": null, "tmax": null, "prcp_d0": 0.0, "prcp_d1": 0.0, "prcp_d2": 0.0, "prcp_d3": 0.0, "prcp_d4": 0.0, "prcp_d5": 0.0, "prcp_d6": 0.0, "tmax_d0": 18.8, "tmax_d1": 22.1, "tmax_d2": 22.0, "tmax_d3": 21.5, "tmax_d4": 19.9, "tmax_d5": 18.2, "tmax_d6": 16.8, "tmin_d0": 11.1, "tmin_d1": 10.8, "tmin_d2": 10.6, "tmin_d3": 9.4, "tmin_d4": 8.3, "tmin_d5": 8.8, "tmin_d6": 5.8, "day_of_year": 187, "uuid": "1894eb4f-c910-4c3d-ba6a-a7d2e368a6fe", "inat_id": 86088834}}, {"type": "Feature", "geometry": {"type": "Point", "coordinates": [-106.64459, 39.30298]}, "properties": {"species": "Pleurotus populinus", "date": "2021-07-07", "location": "Pitkin County, CO, USA", "elevation": 2815.0, "land_cover_label": "Tree cover", "water_mask": false, "exclude_reason": "keep", "ndvi": null, "soil_moisture": null, "solar_exposure": null, "wind_exposure": null, "water_retention": null, "slope": null, "aspect": null, "num_identification_agreements": 1, "cluster": 2, "tavg": null, "tmin": 11.1, "tmax": 29.4, "prcp_d0": 0.0, "prcp_d1": 0.0, "prcp_d2": 0.0, "prcp_d3": 0.0, "prcp_d4": 0.0, "prcp_d5": 0.0, "prcp_d6": 5.241204261779785, "tmax_d0": 24.9, "tmax_d1": 22.3, "tmax_d2": 24.5, "tmax_d3": 24.8, "tmax_d4": 22.1, "tmax_d5": 22.0, "tmax_d6": 19.4, "tmin_d0": 7.8, "tmin_d1": 8.0, "tmin_d2": 9.0, "tmin_d3": 8.8, "tmin_d4": 7.7, "tmin_d5": 6.5, "tmin_d6": 6.7, "day_of_year": 188, "uuid": "2ad30feb-0d13-4e32-b5d3-db8fababc8d5", "inat_id": 86484234}}, {"type": "Feature", "geometry": {"type": "Point", "coordinates": [-107.1327833333, 39.2998277778]}, "properties": {"species": "Pleurotus populinus", "date": "2021-07-09", "location": "Basalt, CO 81621, USA", "elevation": 2774.0, "land_cover_label": "Tree cover", "water_mask": false, "exclude_reason": "keep", "ndvi": null, "soil_moisture": null, "solar_exposure": null, "wind_exposure": null, "water_retention": null, "slope": null, "aspect": null, "num_identification_agreements": 1, "cluster": 2, "tavg": null, "tmin": 15.0, "tmax": 32.8, "prcp_d0": 0.0, "prcp_d1": 0.0, "prcp_d2": 0.0, "prcp_d3": 0.0, "prcp_d4": 0.0, "prcp_d5": 0.0, "prcp_d6": 0.0, "tmax_d0": 28.4, "tmax_d1": 25.9, "tmax_d2": 25.1, "tmax_d3": 23.1, "tmax_d4": 26.0, "tmax_d5": 24.8, "tmax_d6": 22.7, "tmin_d0": 12.0, "tmin_d1": 8.7, "tmin_d2": 7.9, "tmin_d3": 8.9, "tmin_d4": 7.8, "tmin_d5": 9.7, "tmin_d6": 8.2, "day_of_year": 190, "uuid": "615edd67-0cb8-491a-a7d3-8268715e4518", "inat_id": 86360616}}, {"type": "Feature", "geometry": {"type": "Point", "coordinates": [-108.1975166667, 37.6951533333]}, "properties": {"species": "Pleurotus populinus", "date": "2021-07-11", "location": "Stoner Mesa Trail, Dolores, CO, US", "elevation": 3016.0, "land_cover_label": "Tree cover", "water_mask": false, "exclude_reason": "keep", "ndvi": null, "soil_moisture": null, "solar_exposure": null, "wind_exposure": null, "water_retention": null, "slope": null, "aspect": null, "num_identification_agreements": 1, "cluster": 2, "tavg": null, "tmin": 13.0, "tmax": 26.0, "prcp_d0": 0.0, "prcp_d1": 0.0, "prcp_d2": 0.0, "prcp_d3": 0.0, "prcp_d4": 0.0, "prcp_d5": 0.0, "prcp_d6": 0.0, "tmax_d0": 24.7, "tmax_d1": 25.7, "tmax_d2": 25.3, "tmax_d3": 23.6, "tmax_d4": 20.6, "tmax_d5": 20.1, "tmax_d6": 22.3, "tmin_d0": 6.3, "tmin_d1": 10.3, "tmin_d2": 8.7, "tmin_d3": 8.2, "tmin_d4": 6.7, "tmin_d5": 5.5, "tmin_d6": 9.7, "day_of_year": 192, "uuid": "a909f53c-6fe1-4b72-bcef-8ae7ad3cff3e", "inat_id": 309169552}}, {"type": "Feature", "geometry": {"type": "Point", "coordinates": [-107.1540611667, 38.8692583333]}, "properties": {"species": "Pleurotus populinus", "date": "2021-07-24", "location": "Grand Mesa National Forest, Somerset, CO, US", "elevation": 2893.0, "land_cover_label": "Grassland", "water_mask": false, "exclude_reason": "keep", "ndvi": null, "soil_moisture": null, "solar_exposure": null, "wind_exposure": null, "water_retention": null, "slope": null, "aspect": null, "num_identification_agreements": 1, "cluster": 2, "tavg": null, "tmin": 11.7, "tmax": 23.9, "prcp_d0": 5.81486177444458, "prcp_d1": 5.81486177444458, "prcp_d2": 2.90743088722229, "prcp_d3": 0.0, "prcp_d4": 0.0, "prcp_d5": 0.0, "prcp_d6": 0.0, "tmax_d0": 20.5, "tmax_d1": 22.4, "tmax_d2": 22.7, "tmax_d3": 22.8, "tmax_d4": 23.8, "tmax_d5": 24.5, "tmax_d6": 24.5, "tmin_d0": 9.6, "tmin_d1": 10.0, "tmin_d2": 10.6, "tmin_d3": 8.9, "tmin_d4": 10.1, "tmin_d5": 11.2, "tmin_d6": 8.0, "day_of_year": 205, "uuid": "542cdc87-a2fb-4201-8605-ad474bec79ee", "inat_id": 88935845}}, {"type": "Feature", "geometry": {"type": "Point", "coordinates": [-105.088775, 39.6646783333]}, "properties": {"species": "Pleurotus populinus", "date": "2022-05-01", "location": "Bear Creek Greenbelt Park, Lakewood, CO, US", "elevation": 1647.0, "land_cover_label": "Tree cover", "water_mask": false, "exclude_reason": "keep", "ndvi": null, "soil_moisture": 0.1660888077567145, "solar_exposure": 0.832649290561676, "wind_exposure": 0.304404616355896, "water_retention": 0.2641440331935882, "slope": 2.5132572650909424, "aspect": 75.68069458007812, "num_identification_agreements": 1, "cluster": 2, "tavg": null, "tmin": 1.1, "tmax": 17.2, "prcp_d0": 0.0, "prcp_d1": 0.0, "prcp_d2": 0.0, "prcp_d3": 0.0, "prcp_d4": 1.963977217674256, "prcp_d5": 0.0, "prcp_d6": 0.0, "tmax_d0": 16.8, "tmax_d1": 17.2, "tmax_d2": 19.0, "tmax_d3": 24.3, "tmax_d4": 22.9, "tmax_d5": 22.7, "tmax_d6": 13.0, "tmin_d0": 1.7, "tmin_d1": 2.9, "tmin_d2": 6.5, "tmin_d3": 6.2, "tmin_d4": 6.4, "tmin_d5": -0.3, "tmin_d6": -0.2, "day_of_year": 121, "uuid": "bae4cee0-f672-4d19-927a-9d67420e74cc", "inat_id": 116236147}}, {"type": "Feature", "geometry": {"type": "Point", "coordinates": [-104.93742064, 39.62131399]}, "properties": {"species": "Pleurotus populinus", "date": "2022-05-14", "location": "Greenwood Village, CO 80121, USA", "elevation": 1670.0, "land_cover_label": "Bare / sparse vegetation", "water_mask": false, "exclude_reason": "keep", "ndvi": null, "soil_moisture": 0.1412806211507291, "solar_exposure": 0.8532071113586426, "wind_exposure": 0.311728298664093, "water_retention": 0.41671022772789, "slope": 1.30837082862854, "aspect": 198.080307006836, "num_identification_agreements": 1, "cluster": 2, "tavg": null, "tmin": 10.0, "tmax": 26.1, "prcp_d0": 4.399873733520508, "prcp_d1": 0.0, "prcp_d2": 0.0, "prcp_d3": 0.0, "prcp_d4": 0.0, "prcp_d5": 0.0, "prcp_d6": 0.0, "tmax_d0": 27.9, "tmax_d1": 24.9, "tmax_d2": 30.0, "tmax_d3": 30.5, "tmax_d4": 20.6, "tmax_d5": 25.5, "tmax_d6": 28.7, "tmin_d0": 6.6, "tmin_d1": 5.3, "tmin_d2": 8.6, "tmin_d3": 5.8, "tmin_d4": 4.6, "tmin_d5": 5.1, "tmin_d6": 8.1, "day_of_year": 134, "uuid": "6daa1c5b-b7f9-4e8c-b211-81f8ab3a9e66", "inat_id": 116961966}}, {"type": "Feature", "geometry": {"type": "Point", "coordinates": [-105.1467911001, 39.5771898885]}, "properties": {"species": "Pleurotus populinus", "date": "2022-05-15", "location": "W Ken Caryl Ave, Littleton, CO, US", "elevation": 1834.0, "land_cover_label": "Bare / sparse vegetation", "water_mask": false, "exclude_reason": "keep", "ndvi": null, "soil_moisture": 0.16332419757202, "solar_exposure": 0.9389481544494628, "wind_exposure": 0.3201413154602051, "water_retention": 0.5276890397071838, "slope": 11.3557767868042, "aspect": 180.0, "num_identification_agreements": 1, "cluster": 2, "tavg": null, "tmin": 9.4, "tmax": 23.9, "prcp_d0": 0.0, "prcp_d1": 0.0, "prcp_d2": 0.0, "prcp_d3": 0.0, "prcp_d4": 0.0, "prcp_d5": 0.0, "prcp_d6": 0.0, "tmax_d0": 25.3, "tmax_d1": 26.6, "tmax_d2": 23.5, "tmax_d3": 28.2, "tmax_d4": 29.5, "tmax_d5": 18.9, "tmax_d6": 24.2, "tmin_d0": 7.2, "tmin_d1": 7.7, "tmin_d2": 2.8, "tmin_d3": 8.7, "tmin_d4": 4.4, "tmin_d5": 4.2, "tmin_d6": 4.3, "day_of_year": 135, "uuid": "f4d88972-75e6-4759-8695-45781e1500dd", "inat_id": 117189852}}, {"type": "Feature", "geometry": {"type": "Point", "coordinates": [-104.7887866667, 39.9279466667]}, "properties": {"species": "Pleurotus populinus", "date": "2022-06-07", "location": "Buckley Rd, Brighton, CO, US", "elevation": 1555.0, "land_cover_label": "Grassland", "water_mask": false, "exclude_reason": "keep", "ndvi": null, "soil_moisture": 0.1798909645280221, "solar_exposure": 0.8499363660812378, "wind_exposure": 0.3260607123374939, "water_retention": 0.3119844198226928, "slope": 1.2368242740631104, "aspect": 138.9575958251953, "num_identification_agreements": 1, "cluster": 2, "tavg": null, "tmin": 11.7, "tmax": 27.8, "prcp_d0": 0.0, "prcp_d1": 0.0, "prcp_d2": 0.0, "prcp_d3": 7.308290481567383, "prcp_d4": 7.308290481567383, "prcp_d5": 0.0, "prcp_d6": 0.0, "tmax_d0": 24.9, "tmax_d1": 25.7, "tmax_d2": 27.1, "tmax_d3": 27.3, "tmax_d4": 23.6, "tmax_d5": 21.1, "tmax_d6": 16.8, "tmin_d0": 11.8, "tmin_d1": 12.3, "tmin_d2": 13.5, "tmin_d3": 9.4, "tmin_d4": 9.5, "tmin_d5": 6.5, "tmin_d6": 4.6, "day_of_year": 158, "uuid": "243fd19f-5c0a-4919-9300-51f2d37e33dd", "inat_id": 124016361}}, {"type": "Feature", "geometry": {"type": "Point", "coordinates": [-103.8403778674, 43.996644986]}, "properties": {"species": "Pleurotus populinus", "date": "2022-06-15", "location": "Black Hills National Forest, Hill City, SD, US", "elevation": 1907.0, "land_cover_label": "Tree cover", "water_mask": false, "exclude_reason": "keep", "ndvi": null, "soil_moisture": null, "solar_exposure": null, "wind_exposure": null, "water_retention": null, "slope": null, "aspect": null, "num_identification_agreements": 1, "cluster": 3, "tavg": null, "tmin": 5.6, "tmax": 20.0, "prcp_d0": 0.0, "prcp_d1": 25.3632755279541, "prcp_d2": 0.0, "prcp_d3": 0.0, "prcp_d4": 0.0, "prcp_d5": 0.0, "prcp_d6": 0.0, "tmax_d0": 16.1, "tmax_d1": 17.9, "tmax_d2": 24.3, "tmax_d3": 23.1, "tmax_d4": 23.3, "tmax_d5": 22.1, "tmax_d6": 20.2, "tmin_d0": 3.6, "tmin_d1": 7.6, "tmin_d2": 10.3, "tmin_d3": 7.9, "tmin_d4": 9.5, "tmin_d5": 8.8, "tmin_d6": 7.5, "day_of_year": 166, "uuid": "392a209a-c663-4228-b43e-38ecb11db703", "inat_id": 121951458}}, {"type": "Feature", "geometry": {"type": "Point", "coordinates": [-106.7089444444, 39.11945]}, "properties": {"species": "Pleurotus populinus", "date": "2022-06-20", "location": "Aspen, CO 81611, USA", "elevation": 2884.0, "land_cover_label": "Tree cover", "water_mask": false, "exclude_reason": "keep", "ndvi": null, "soil_moisture": null, "solar_exposure": null, "wind_exposure": null, "water_retention": null, "slope": null, "aspect": null, "num_identification_agreements": 1, "cluster": 3, "tavg": null, "tmin": 8.3, "tmax": 21.1, "prcp_d0": 0.2388885766267776, "prcp_d1": 12.028105735778809, "prcp_d2": 15.924147605895996, "prcp_d3": 0.4804489314556122, "prcp_d4": 0.0, "prcp_d5": 0.0, "prcp_d6": 0.0, "tmax_d0": 15.9, "tmax_d1": 16.7, "tmax_d2": 20.7, "tmax_d3": 22.8, "tmax_d4": 23.3, "tmax_d5": 18.5, "tmax_d6": 21.0, "tmin_d0": 4.0, "tmin_d1": 5.0, "tmin_d2": 3.6, "tmin_d3": 5.8, "tmin_d4": -1.9, "tmin_d5": -0.2, "tmin_d6": 1.6, "day_of_year": 171, "uuid": "cf01865c-c873-492a-a971-be2e2d5bc6f5", "inat_id": 122900969}}, {"type": "Feature", "geometry": {"type": "Point", "coordinates": [-105.6622552872, 39.6695525346]}, "properties": {"species": "Pleurotus populinus", "date": "2022-06-22", "location": "Evergreen, CO 80439, USA", "elevation": 3047.0, "land_cover_label": "Tree cover", "water_mask": false, "exclude_reason": "keep", "ndvi": null, "soil_moisture": 0.279942449369743, "solar_exposure": 0.6993499398231506, "wind_exposure": 0.2569530606269836, "water_retention": 0.4157280325889587, "slope": 11.526578903198242, "aspect": 349.9920349121094, "num_identification_agreements": 1, "cluster": 2, "tavg": null, "tmin": -4.6, "tmax": 11.0, "prcp_d0": 0.0, "prcp_d1": 0.0, "prcp_d2": 0.0, "prcp_d3": 6.848972797393799, "prcp_d4": 6.467909812927246, "prcp_d5": 0.0, "prcp_d6": 0.0, "tmax_d0": 18.6, "tmax_d1": 17.2, "tmax_d2": 16.0, "tmax_d3": 17.7, "tmax_d4": 18.5, "tmax_d5": 20.7, "tmax_d6": 21.6, "tmin_d0": 2.6, "tmin_d1": 0.9, "tmin_d2": 3.7, "tmin_d3": 7.0, "tmin_d4": 7.5, "tmin_d5": 4.9, "tmin_d6": 4.1, "day_of_year": 173, "uuid": "13a23eb8-28d9-4dda-b086-08f36cb06ac2", "inat_id": 123039397}}, {"type": "Feature", "geometry": {"type": "Point", "coordinates": [-105.5082033333, 40.405155]}, "properties": {"species": "Pleurotus populinus", "date": "2022-06-25", "location": "Rocky Mountain National Park, Estes Park, CO, US", "elevation": 2582.0, "land_cover_label": "Tree cover", "water_mask": false, "exclude_reason": "keep", "ndvi": null, "soil_moisture": 0.2592663098289565, "solar_exposure": 0.9547093510627748, "wind_exposure": 0.3823059201240539, "water_retention": 0.160805195569992, "slope": 22.120275497436523, "aspect": 147.2761688232422, "num_identification_agreements": 1, "cluster": 2, "tavg": null, "tmin": 13.5, "tmax": 23.8, "prcp_d0": 0.0, "prcp_d1": 0.0, "prcp_d2": 0.0, "prcp_d3": 0.0, "prcp_d4": 0.0, "prcp_d5": 0.0031153475865721, "prcp_d6": 4.956294536590576, "tmax_d0": 16.1, "tmax_d1": 22.7, "tmax_d2": 23.1, "tmax_d3": 20.5, "tmax_d4": 18.1, "tmax_d5": 19.7, "tmax_d6": 21.4, "tmin_d0": 6.0, "tmin_d1": 8.2, "tmin_d2": 7.1, "tmin_d3": 3.5, "tmin_d4": 2.8, "tmin_d5": 6.7, "tmin_d6": 10.9, "day_of_year": 176, "uuid": "0512065f-f67a-4ea1-bfb0-278c5a09b2de", "inat_id": 123549280}}, {"type": "Feature", "geometry": {"type": "Point", "coordinates": [-106.7155383333, 35.8643333333]}, "properties": {"species": "Pleurotus populinus", "date": "2022-07-03", "location": "Santa Fe National Forest, Jemez Pueblo, NM, US", "elevation": 2463.0, "land_cover_label": "Tree cover", "water_mask": false, "exclude_reason": "keep", "ndvi": null, "soil_moisture": null, "solar_exposure": null, "wind_exposure": null, "water_retention": null, "slope": null, "aspect": null, "num_identification_agreements": 1, "cluster": 2, "tavg": null, "tmin": 14.0, "tmax": 25.3, "prcp_d0": 9.113895416259766, "prcp_d1": 0.0, "prcp_d2": 0.0, "prcp_d3": 0.0, "prcp_d4": 0.0, "prcp_d5": 0.0, "prcp_d6": 0.0, "tmax_d0": 21.7, "tmax_d1": 21.3, "tmax_d2": 21.4, "tmax_d3": 23.4, "tmax_d4": 22.2, "tmax_d5": 21.8, "tmax_d6": 16.6, "tmin_d0": 10.9, "tmin_d1": 9.6, "tmin_d2": 9.5, "tmin_d3": 9.2, "tmin_d4": 8.0, "tmin_d5": 3.8, "tmin_d6": 9.5, "day_of_year": 184, "uuid": "a5653c21-2016-4b12-9f21-6d68b5365f19", "inat_id": 124819379}}, {"type": "Feature", "geometry": {"type": "Point", "coordinates": [-105.4334716667, 39.6490383333]}, "properties": {"species": "Pleurotus populinus", "date": "2022-07-09", "location": "Evergreen, CO, US", "elevation": 2958.0, "land_cover_label": "Tree cover", "water_mask": false, "exclude_reason": "keep", "ndvi": null, "soil_moisture": 0.3527372936025491, "solar_exposure": 0.7963027954101562, "wind_exposure": 0.5317919850349426, "water_retention": 0.1727698594331741, "slope": 9.65863037109375, "aspect": 73.31926727294922, "num_identification_agreements": 1, "cluster": 1, "tavg": null, "tmin": 2.0, "tmax": 17.3, "prcp_d0": 18.062286376953125, "prcp_d1": 0.0, "prcp_d2": 0.0, "prcp_d3": 0.0, "prcp_d4": 0.0, "prcp_d5": 0.0, "prcp_d6": 18.56938934326172, "tmax_d0": 24.4, "tmax_d1": 22.2, "tmax_d2": 20.8, "tmax_d3": 17.6, "tmax_d4": 19.7, "tmax_d5": 21.1, "tmax_d6": 21.0, "tmin_d0": 8.5, "tmin_d1": 5.9, "tmin_d2": 6.8, "tmin_d3": 9.7, "tmin_d4": 9.6, "tmin_d5": 8.0, "tmin_d6": 9.1, "day_of_year": 190, "uuid": "c8eb25f0-b4c6-4a60-ab55-9ef75c646ceb", "inat_id": 125666945}}, {"type": "Feature", "geometry": {"type": "Point", "coordinates": [-105.4359798568, 39.8768439793]}, "properties": {"species": "Pleurotus populinus", "date": "2022-07-10", "location": "Colorado, US", "elevation": 2843.0, "land_cover_label": "Tree cover", "water_mask": false, "exclude_reason": "keep", "ndvi": null, "soil_moisture": 0.3017646537567022, "solar_exposure": 0.7302878499031067, "wind_exposure": 0.2536366581916809, "water_retention": 0.3903184533119201, "slope": 9.963014602661133, "aspect": 26.35077857971192, "num_identification_agreements": 1, "cluster": 2, "tavg": null, "tmin": 21.0, "tmax": 37.0, "prcp_d0": 0.0, "prcp_d1": 0.0, "prcp_d2": 0.0, "prcp_d3": 0.0, "prcp_d4": 0.0, "prcp_d5": 0.0, "prcp_d6": 0.0, "tmax_d0": 26.8, "tmax_d1": 26.0, "tmax_d2": 23.3, "tmax_d3": 21.3, "tmax_d4": 17.8, "tmax_d5": 22.7, "tmax_d6": 22.9, "tmin_d0": 10.8, "tmin_d1": 7.9, "tmin_d2": 6.4, "tmin_d3": 7.7, "tmin_d4": 8.3, "tmin_d5": 8.0, "tmin_d6": 9.4, "day_of_year": 191, "uuid": "2e7e2ebb-c012-4ea0-bc4b-402732909da8", "inat_id": 125682315}}, {"type": "Feature", "geometry": {"type": "Point", "coordinates": [-105.4939112065, 39.923839329]}, "properties": {"species": "Pleurotus populinus", "date": "2022-07-15", "location": "Arapaho & Roosevelt National Forests Pawnee National Grassland, Black Hawk, CO, US", "elevation": 2607.0, "land_cover_label": "Tree cover", "water_mask": false, "exclude_reason": "keep", "ndvi": null, "soil_moisture": 0.2804630049888292, "solar_exposure": 0.8020836114883423, "wind_exposure": 0.2994541525840759, "water_retention": 0.4255196452140808, "slope": 3.44083309173584, "aspect": 353.229736328125, "num_identification_agreements": 1, "cluster": 2, "tavg": null, "tmin": 21.0, "tmax": 31.0, "prcp_d0": 15.758231163024902, "prcp_d1": 0.0, "prcp_d2": 0.0, "prcp_d3": 0.0, "prcp_d4": 0.0, "prcp_d5": 0.0, "prcp_d6": 0.0, "tmax_d0": 25.9, "tmax_d1": 28.0, "tmax_d2": 26.7, "tmax_d3": 24.7, "tmax_d4": 21.4, "tmax_d5": 28.1, "tmax_d6": 27.3, "tmin_d0": 10.2, "tmin_d1": 11.7, "tmin_d2": 11.5, "tmin_d3": 6.8, "tmin_d4": 11.6, "tmin_d5": 12.1, "tmin_d6": 9.2, "day_of_year": 196, "uuid": "1bb7aa7b-497e-4c2d-b8e4-2fbc57fa82be", "inat_id": 126497312}}, {"type": "Feature", "geometry": {"type": "Point", "coordinates": [-106.7662666667, 40.5294533333]}, "properties": {"species": "Pleurotus populinus", "date": "2022-07-22", "location": "Medicine Bow-Routt National Forest & Thunder Basin National Grassland, Steamboat Springs, CO, US", "elevation": 2680.0, "land_cover_label": "Tree cover", "water_mask": false, "exclude_reason": "keep", "ndvi": null, "soil_moisture": null, "solar_exposure": null, "wind_exposure": null, "water_retention": null, "slope": null, "aspect": null, "num_identification_agreements": 1, "cluster": 2, "tavg": null, "tmin": 9.8, "tmax": 31.7, "prcp_d0": 0.0, "prcp_d1": 0.0, "prcp_d2": 0.0, "prcp_d3": 0.0, "prcp_d4": 0.0, "prcp_d5": 0.0, "prcp_d6": 7.811700820922852, "tmax_d0": 27.0, "tmax_d1": 25.5, "tmax_d2": 24.6, "tmax_d3": 25.7, "tmax_d4": 26.6, "tmax_d5": 27.7, "tmax_d6": 23.4, "tmin_d0": 15.3, "tmin_d1": 14.7, "tmin_d2": 15.4, "tmin_d3": 15.3, "tmin_d4": 16.4, "tmin_d5": 11.5, "tmin_d6": 12.7, "day_of_year": 203, "uuid": "0d2adcb6-7575-4540-8215-cc486df81656", "inat_id": 127890643}}, {"type": "Feature", "geometry": {"type": "Point", "coordinates": [-107.0921861111, 39.2481583333]}, "properties": {"species": "Pleurotus populinus", "date": "2022-07-30", "location": "Pitkin County, CO, USA", "elevation": 2807.0, "land_cover_label": "Tree cover", "water_mask": false, "exclude_reason": "keep", "ndvi": null, "soil_moisture": null, "solar_exposure": null, "wind_exposure": null, "water_retention": null, "slope": null, "aspect": null, "num_identification_agreements": 1, "cluster": 2, "tavg": null, "tmin": 8.9, "tmax": 25.0, "prcp_d0": 0.0, "prcp_d1": 0.0, "prcp_d2": 0.0, "prcp_d3": 0.0, "prcp_d4": 0.0, "prcp_d5": 8.606568336486816, "prcp_d6": 0.0, "tmax_d0": 22.5, "tmax_d1": 19.8, "tmax_d2": 22.0, "tmax_d3": 23.9, "tmax_d4": 23.0, "tmax_d5": 22.3, "tmax_d6": 21.2, "tmin_d0": 7.2, "tmin_d1": 9.2, "tmin_d2": 11.2, "tmin_d3": 8.2, "tmin_d4": 9.4, "tmin_d5": 8.6, "tmin_d6": 9.6, "day_of_year": 211, "uuid": "cce1f480-8bac-4764-9111-c7623b34e85d", "inat_id": 133400521}}, {"type": "Feature", "geometry": {"type": "Point", "coordinates": [-105.4626027122, 36.5958805388]}, "properties": {"species": "Pleurotus populinus", "date": "2022-08-24", "location": "Taos Ski Valley, NM 87525, USA", "elevation": 2832.0, "land_cover_label": "Tree cover", "water_mask": false, "exclude_reason": "keep", "ndvi": null, "soil_moisture": null, "solar_exposure": null, "wind_exposure": null, "water_retention": null, "slope": null, "aspect": null, "num_identification_agreements": 1, "cluster": 2, "tavg": null, "tmin": 9.4, "tmax": 24.4, "prcp_d0": 0.0, "prcp_d1": 0.0, "prcp_d2": 0.0, "prcp_d3": 0.0, "prcp_d4": 0.0, "prcp_d5": 0.0, "prcp_d6": 0.0, "tmax_d0": 18.2, "tmax_d1": 17.1, "tmax_d2": 16.1, "tmax_d3": 17.0, "tmax_d4": 15.9, "tmax_d5": 19.3, "tmax_d6": 21.2, "tmin_d0": 8.2, "tmin_d1": 7.6, "tmin_d2": 8.0, "tmin_d3": 6.2, "tmin_d4": 9.6, "tmin_d5": 8.5, "tmin_d6": 9.6, "day_of_year": 236, "uuid": "ec178c83-3ae5-4da3-94ff-e0771d238aab", "inat_id": 173295068}}, {"type": "Feature", "geometry": {"type": "Point", "coordinates": [-107.7038957924, 37.7454893229]}, "properties": {"species": "Pleurotus populinus", "date": "2022-09-04", "location": "San Juan County, CO, USA", "elevation": 3332.0, "land_cover_label": "Tree cover", "water_mask": false, "exclude_reason": "keep", "ndvi": null, "soil_moisture": null, "solar_exposure": null, "wind_exposure": null, "water_retention": null, "slope": null, "aspect": null, "num_identification_agreements": 1, "cluster": 2, "tavg": null, "tmin": 10.0, "tmax": 25.0, "prcp_d0": 0.0, "prcp_d1": 4.4891533851623535, "prcp_d2": 0.0, "prcp_d3": 9.812036514282228, "prcp_d4": 0.0, "prcp_d5": 0.0, "prcp_d6": 0.0, "tmax_d0": 20.1, "tmax_d1": 17.1, "tmax_d2": 19.4, "tmax_d3": 17.9, "tmax_d4": 18.1, "tmax_d5": 17.6, "tmax_d6": 17.6, "tmin_d0": 1.3, "tmin_d1": 4.3, "tmin_d2": 2.5, "tmin_d3": 2.0, "tmin_d4": 1.7, "tmin_d5": 0.1, "tmin_d6": 0.7, "day_of_year": 247, "uuid": "dcdaf6c6-7dd3-48ab-8b6e-00523492cf91", "inat_id": 146635506}}, {"type": "Feature", "geometry": {"type": "Point", "coordinates": [-105.53831653, 40.03116664]}, "properties": {"species": "Pleurotus populinus", "date": "2022-09-17", "location": "Boulder County, US-CO, US", "elevation": 2936.0, "land_cover_label": "Tree cover", "water_mask": false, "exclude_reason": "keep", "ndvi": null, "soil_moisture": 0.2964917435277172, "solar_exposure": 0.8006788492202759, "wind_exposure": 0.2757991850376129, "water_retention": 0.2680265605449676, "slope": 13.961824417114258, "aspect": 86.2446517944336, "num_identification_agreements": 4, "cluster": 2, "tavg": null, "tmin": 12.0, "tmax": 26.0, "prcp_d0": 0.0, "prcp_d1": 0.0, "prcp_d2": 0.0, "prcp_d3": 0.0, "prcp_d4": 0.0, "prcp_d5": 0.0, "prcp_d6": 0.0, "tmax_d0": 13.4, "tmax_d1": 14.6, "tmax_d2": 13.1, "tmax_d3": 15.5, "tmax_d4": 16.8, "tmax_d5": 18.2, "tmax_d6": 15.4, "tmin_d0": 3.9, "tmin_d1": 3.7, "tmin_d2": 4.9, "tmin_d3": 7.2, "tmin_d4": 7.1, "tmin_d5": 4.3, "tmin_d6": -1.0, "day_of_year": 260, "uuid": "2b8b840a-86b8-4b4b-8642-0cdb8dc2978a", "inat_id": 135616556}}, {"type": "Feature", "geometry": {"type": "Point", "coordinates": [-105.23711207, 40.03990701]}, "properties": {"species": "Pleurotus populinus", "date": "2023-04-29", "location": "Boulder, CO 80301, USA", "elevation": 1619.0, "land_cover_label": "Bare / sparse vegetation", "water_mask": false, "exclude_reason": "keep", "ndvi": null, "soil_moisture": 0.3490362469308898, "solar_exposure": 0.8531248569488525, "wind_exposure": 0.3266545832157135, "water_retention": 0.5243130326271057, "slope": 1.4853447675704956, "aspect": 213.1421356201172, "num_identification_agreements": 1, "cluster": 3, "tavg": null, "tmin": 6.0, "tmax": 23.0, "prcp_d0": 0.0, "prcp_d1": 5.657159805297852, "prcp_d2": 0.0, "prcp_d3": 16.971479415893555, "prcp_d4": 10.10462760925293, "prcp_d5": 3.36820912361145, "prcp_d6": 0.0, "tmax_d0": 19.6, "tmax_d1": 13.1, "tmax_d2": 18.0, "tmax_d3": 12.4, "tmax_d4": 13.4, "tmax_d5": 15.9, "tmax_d6": 10.6, "tmin_d0": 4.5, "tmin_d1": 0.4, "tmin_d2": 2.1, "tmin_d3": 2.2, "tmin_d4": 3.0, "tmin_d5": -2.2, "tmin_d6": -5.5, "day_of_year": 119, "uuid": "eaa57e10-63ac-4a05-bbc5-72c575cefec1", "inat_id": 157833317}}, {"type": "Feature", "geometry": {"type": "Point", "coordinates": [-105.1306309722, 39.772812]}, "properties": {"species": "Pleurotus populinus", "date": "2023-05-08", "location": "Fruitdale, Wheat Ridge, CO 80033, USA", "elevation": 1663.0, "land_cover_label": "Tree cover", "water_mask": false, "exclude_reason": "keep", "ndvi": null, "soil_moisture": 0.2346843271017675, "solar_exposure": 0.8053092956542969, "wind_exposure": 0.3311794102191925, "water_retention": 0.3157654106616974, "slope": 3.504300594329834, "aspect": 332.4195861816406, "num_identification_agreements": 1, "cluster": 2, "tavg": null, "tmin": 8.0, "tmax": 23.0, "prcp_d0": 0.0, "prcp_d1": 0.0, "prcp_d2": 0.0, "prcp_d3": 0.0, "prcp_d4": 0.0, "prcp_d5": 3.238736152648926, "prcp_d6": 3.238736152648926, "tmax_d0": 21.9, "tmax_d1": 19.6, "tmax_d2": 22.0, "tmax_d3": 23.5, "tmax_d4": 22.5, "tmax_d5": 23.7, "tmax_d6": 20.0, "tmin_d0": 3.8, "tmin_d1": 2.8, "tmin_d2": 3.5, "tmin_d3": 5.6, "tmin_d4": 5.4, "tmin_d5": 5.9, "tmin_d6": 4.6, "day_of_year": 128, "uuid": "819a187a-ee7e-4fa2-89e7-65238ac01b08", "inat_id": 160641334}}, {"type": "Feature", "geometry": {"type": "Point", "coordinates": [-109.24772, 38.4137916667]}, "properties": {"species": "Pleurotus populinus", "date": "2023-07-13", "location": "Manti-La Sal National Forest, La Sal, UT, US", "elevation": 3059.0, "land_cover_label": "Tree cover", "water_mask": false, "exclude_reason": "keep", "ndvi": null, "soil_moisture": null, "solar_exposure": null, "wind_exposure": null, "water_retention": null, "slope": null, "aspect": null, "num_identification_agreements": 1, "cluster": 2, "tavg": null, "tmin": null, "tmax": null, "prcp_d0": 0.0, "prcp_d1": 0.0, "prcp_d2": 0.0, "prcp_d3": 0.0, "prcp_d4": 0.0, "prcp_d5": 0.0, "prcp_d6": 0.0, "tmax_d0": 22.5, "tmax_d1": 21.9, "tmax_d2": 21.4, "tmax_d3": 21.2, "tmax_d4": 21.8, "tmax_d5": 20.3, "tmax_d6": 20.7, "tmin_d0": 10.1, "tmin_d1": 9.4, "tmin_d2": 9.0, "tmin_d3": 10.5, "tmin_d4": 7.8, "tmin_d5": 8.4, "tmin_d6": 8.6, "day_of_year": 194, "uuid": "640b3986-ead2-4771-a969-b49b88a12332", "inat_id": 172738190}}, {"type": "Feature", "geometry": {"type": "Point", "coordinates": [-105.5193013691, 39.9826692428]}, "properties": {"species": "Pleurotus populinus", "date": "2023-07-31", "location": "Caribou Ranch Open Space-Ce, Nederland, CO, US", "elevation": 2624.0, "land_cover_label": "Tree cover", "water_mask": false, "exclude_reason": "keep", "ndvi": null, "soil_moisture": 0.3149984997662279, "solar_exposure": 0.8516380190849304, "wind_exposure": 0.3472681641578674, "water_retention": 0.1936735659837722, "slope": 7.115010738372803, "aspect": 105.12403106689452, "num_identification_agreements": 1, "cluster": 1, "tavg": null, "tmin": 16.0, "tmax": 31.0, "prcp_d0": 11.860913276672363, "prcp_d1": 0.0, "prcp_d2": 0.0, "prcp_d3": 0.0, "prcp_d4": 0.0, "prcp_d5": 0.0, "prcp_d6": 8.008389472961426, "tmax_d0": 21.9, "tmax_d1": 24.0, "tmax_d2": 20.9, "tmax_d3": 23.8, "tmax_d4": 24.1, "tmax_d5": 23.1, "tmax_d6": 25.4, "tmin_d0": 11.6, "tmin_d1": 8.7, "tmin_d2": 9.7, "tmin_d3": 9.7, "tmin_d4": 9.8, "tmin_d5": 11.2, "tmin_d6": 12.7, "day_of_year": 212, "uuid": "03099b48-b54e-4cba-a647-c3277349a9fb", "inat_id": 176003261}}, {"type": "Feature", "geometry": {"type": "Point", "coordinates": [-107.1420138333, 38.5968966667]}, "properties": {"species": "Pleurotus populinus", "date": "2023-08-01", "location": "Grand Mesa Uncompahgre and Gunnison National Forests, Gunnison, CO, US", "elevation": 3148.0, "land_cover_label": "Tree cover", "water_mask": false, "exclude_reason": "keep", "ndvi": null, "soil_moisture": null, "solar_exposure": null, "wind_exposure": null, "water_retention": null, "slope": null, "aspect": null, "num_identification_agreements": 1, "cluster": 2, "tavg": null, "tmin": 12.8, "tmax": 25.0, "prcp_d0": 0.0, "prcp_d1": 12.715337753295898, "prcp_d2": 0.0, "prcp_d3": 0.0, "prcp_d4": 0.0, "prcp_d5": 0.0, "prcp_d6": 0.0, "tmax_d0": 18.8, "tmax_d1": 20.2, "tmax_d2": 22.3, "tmax_d3": 23.7, "tmax_d4": 22.7, "tmax_d5": 23.2, "tmax_d6": 24.1, "tmin_d0": 6.3, "tmin_d1": 8.6, "tmin_d2": 9.5, "tmin_d3": 8.4, "tmin_d4": 9.8, "tmin_d5": 11.0, "tmin_d6": 9.7, "day_of_year": 213, "uuid": "17961d71-019c-4cbb-afcd-72efddf5bac6", "inat_id": 176196917}}, {"type": "Feature", "geometry": {"type": "Point", "coordinates": [-104.9545666667, 39.0580111667]}, "properties": {"species": "Pleurotus populinus", "date": "2023-08-07", "location": "Pike and San Isabel National Forests, Woodland Park, CO, US", "elevation": 2703.0, "land_cover_label": "Tree cover", "water_mask": false, "exclude_reason": "keep", "ndvi": null, "soil_moisture": 0.3535224353164761, "solar_exposure": 0.7431350350379944, "wind_exposure": 0.331272155046463, "water_retention": 0.3193379044532776, "slope": 8.803692817687988, "aspect": 24.32466125488281, "num_identification_agreements": 1, "cluster": 0, "tavg": null, "tmin": 9.3, "tmax": 25.0, "prcp_d0": 0.0, "prcp_d1": 0.0, "prcp_d2": 0.0, "prcp_d3": 0.0, "prcp_d4": 0.0, "prcp_d5": 0.0, "prcp_d6": 43.91089630126953, "tmax_d0": 21.9, "tmax_d1": 17.2, "tmax_d2": 19.5, "tmax_d3": 23.4, "tmax_d4": 21.4, "tmax_d5": 21.0, "tmax_d6": 22.0, "tmin_d0": 7.4, "tmin_d1": 7.8, "tmin_d2": 9.6, "tmin_d3": 8.0, "tmin_d4": 9.7, "tmin_d5": 9.9, "tmin_d6": 10.4, "day_of_year": 219, "uuid": "b65a4b04-32fa-40f4-a765-05190b709c26", "inat_id": 215813221}}, {"type": "Feature", "geometry": {"type": "Point", "coordinates": [-105.53807, 40.0310971667]}, "properties": {"species": "Pleurotus populinus", "date": "2023-08-12", "location": "County Road 116, Ward, CO, US", "elevation": 2936.0, "land_cover_label": "Tree cover", "water_mask": false, "exclude_reason": "keep", "ndvi": null, "soil_moisture": 0.279157237016193, "solar_exposure": 0.8006788492202759, "wind_exposure": 0.2757991850376129, "water_retention": 0.2680265605449676, "slope": 13.961824417114258, "aspect": 86.2446517944336, "num_identification_agreements": 2, "cluster": 2, "tavg": null, "tmin": 17.0, "tmax": 28.0, "prcp_d0": 0.0, "prcp_d1": 0.0, "prcp_d2": 0.0, "prcp_d3": 0.0, "prcp_d4": 0.0, "prcp_d5": 8.656059265136719, "prcp_d6": 0.0, "tmax_d0": 18.0, "tmax_d1": 20.4, "tmax_d2": 18.7, "tmax_d3": 17.5, "tmax_d4": 17.9, "tmax_d5": 16.4, "tmax_d6": 15.2, "tmin_d0": 9.0, "tmin_d1": 8.0, "tmin_d2": 6.8, "tmin_d3": 2.9, "tmin_d4": 6.2, "tmin_d5": 3.9, "tmin_d6": 6.0, "day_of_year": 224, "uuid": "7bbad9db-baa2-428d-b5d8-db219d36b90a", "inat_id": 178119239}}, {"type": "Feature", "geometry": {"type": "Point", "coordinates": [-105.2405033333, 39.465995]}, "properties": {"species": "Pleurotus populinus", "date": "2023-08-12", "location": "Conifer, CO, US", "elevation": 2253.0, "land_cover_label": "Tree cover", "water_mask": false, "exclude_reason": "keep", "ndvi": null, "soil_moisture": 0.2713010546675046, "solar_exposure": 0.6580764055252075, "wind_exposure": 0.2497466057538986, "water_retention": 0.1887189000844955, "slope": 15.039095878601074, "aspect": 21.674945831298828, "num_identification_agreements": 2, "cluster": 1, "tavg": null, "tmin": 18.9, "tmax": 25.6, "prcp_d0": 0.0, "prcp_d1": 0.0, "prcp_d2": 0.0, "prcp_d3": 0.0, "prcp_d4": 0.0, "prcp_d5": 0.0, "prcp_d6": 0.0, "tmax_d0": 26.4, "tmax_d1": 26.9, "tmax_d2": 27.0, "tmax_d3": 23.3, "tmax_d4": 25.9, "tmax_d5": 24.8, "tmax_d6": 21.6, "tmin_d0": 13.6, "tmin_d1": 12.3, "tmin_d2": 10.0, "tmin_d3": 8.3, "tmin_d4": 8.4, "tmin_d5": 9.3, "tmin_d6": 9.9, "day_of_year": 224, "uuid": "8c6e3073-a6d0-4561-b3eb-99bacfe6aa77", "inat_id": 178447436}}, {"type": "Feature", "geometry": {"type": "Point", "coordinates": [-107.9951783333, 37.767505]}, "properties": {"species": "Pleurotus populinus", "date": "2023-08-14", "location": "San Juan National Forest - Headquarters, Dolores, CO, US", "elevation": 2999.0, "land_cover_label": "Tree cover", "water_mask": false, "exclude_reason": "keep", "ndvi": null, "soil_moisture": null, "solar_exposure": null, "wind_exposure": null, "water_retention": null, "slope": null, "aspect": null, "num_identification_agreements": 2, "cluster": 2, "tavg": null, "tmin": 13.0, "tmax": 21.0, "prcp_d0": 10.544754981994627, "prcp_d1": 0.0, "prcp_d2": 0.0, "prcp_d3": 0.0, "prcp_d4": 0.0, "prcp_d5": 0.0, "prcp_d6": 0.0, "tmax_d0": 17.9, "tmax_d1": 18.9, "tmax_d2": 17.5, "tmax_d3": 18.6, "tmax_d4": 18.5, "tmax_d5": 20.0, "tmax_d6": 19.1, "tmin_d0": 7.7, "tmin_d1": 4.4, "tmin_d2": 7.6, "tmin_d3": 6.0, "tmin_d4": 4.8, "tmin_d5": 3.4, "tmin_d6": 6.9, "day_of_year": 226, "uuid": "34f30dfb-63ec-4988-939e-6b57fb652f36", "inat_id": 178445494}}, {"type": "Feature", "geometry": {"type": "Point", "coordinates": [-105.0067493312, 38.7538576514]}, "properties": {"species": "Pleurotus populinus", "date": "2023-08-14", "location": "Teller County, US-CO, US", "elevation": 3238.0, "land_cover_label": "Tree cover", "water_mask": false, "exclude_reason": "keep", "ndvi": null, "soil_moisture": null, "solar_exposure": null, "wind_exposure": null, "water_retention": null, "slope": null, "aspect": null, "num_identification_agreements": 2, "cluster": 2, "tavg": null, "tmin": 13.0, "tmax": 22.0, "prcp_d0": 0.0, "prcp_d1": 0.0, "prcp_d2": 0.0, "prcp_d3": 0.0, "prcp_d4": 0.0, "prcp_d5": 0.0, "prcp_d6": 0.0, "tmax_d0": 13.1, "tmax_d1": 14.5, "tmax_d2": 13.9, "tmax_d3": 17.6, "tmax_d4": 17.3, "tmax_d5": 17.6, "tmax_d6": 18.4, "tmin_d0": 4.8, "tmin_d1": 7.3, "tmin_d2": 8.9, "tmin_d3": 7.3, "tmin_d4": 6.7, "tmin_d5": 5.9, "tmin_d6": 6.1, "day_of_year": 226, "uuid": "5f842789-d623-4db3-bbb0-7aa958679cfe", "inat_id": 178774691}}, {"type": "Feature", "geometry": {"type": "Point", "coordinates": [-105.4517222222, 36.5962722222]}, "properties": {"species": "Pleurotus populinus", "date": "2023-08-15", "location": "Taos Ski Valley, NM 87525, USA", "elevation": 2868.0, "land_cover_label": "Tree cover", "water_mask": false, "exclude_reason": "keep", "ndvi": null, "soil_moisture": null, "solar_exposure": null, "wind_exposure": null, "water_retention": null, "slope": null, "aspect": null, "num_identification_agreements": 1, "cluster": 2, "tavg": null, "tmin": 5.7, "tmax": 24.5, "prcp_d0": 0.0, "prcp_d1": 0.0, "prcp_d2": 0.0, "prcp_d3": 0.0, "prcp_d4": 0.0, "prcp_d5": 0.0, "prcp_d6": 0.0, "tmax_d0": 21.8, "tmax_d1": 17.9, "tmax_d2": 20.2, "tmax_d3": 23.2, "tmax_d4": 23.6, "tmax_d5": 23.3, "tmax_d6": 22.9, "tmin_d0": 10.5, "tmin_d1": 10.2, "tmin_d2": 10.8, "tmin_d3": 10.9, "tmin_d4": 10.6, "tmin_d5": 9.8, "tmin_d6": 8.8, "day_of_year": 227, "uuid": "310764ec-98a7-411e-b1c6-3b35a4632352", "inat_id": 179465496}}, {"type": "Feature", "geometry": {"type": "Point", "coordinates": [-109.2478716667, 38.41357]}, "properties": {"species": "Pleurotus populinus", "date": "2023-08-17", "location": "Manti-La Sal National Forest, La Sal, UT, US", "elevation": 3059.0, "land_cover_label": "Tree cover", "water_mask": false, "exclude_reason": "keep", "ndvi": null, "soil_moisture": null, "solar_exposure": null, "wind_exposure": null, "water_retention": null, "slope": null, "aspect": null, "num_identification_agreements": 1, "cluster": 2, "tavg": null, "tmin": null, "tmax": null, "prcp_d0": 5.486466884613037, "prcp_d1": 0.0, "prcp_d2": 0.0, "prcp_d3": 0.0, "prcp_d4": 0.0, "prcp_d5": 0.0, "prcp_d6": 0.0, "tmax_d0": 19.5, "tmax_d1": 19.0, "tmax_d2": 18.9, "tmax_d3": 17.5, "tmax_d4": 18.9, "tmax_d5": 17.1, "tmax_d6": 18.1, "tmin_d0": 11.8, "tmin_d1": 10.0, "tmin_d2": 9.5, "tmin_d3": 10.4, "tmin_d4": 7.6, "tmin_d5": 8.6, "tmin_d6": 6.7, "day_of_year": 229, "uuid": "6b3df62d-0cc6-491f-86a0-6631a9d53177", "inat_id": 179382634}}, {"type": "Feature", "geometry": {"type": "Point", "coordinates": [-104.9872806997, 39.0399656]}, "properties": {"species": "Pleurotus populinus", "date": "2023-09-02", "location": "Colorado Springs, CO 80921, USA", "elevation": 2762.0, "land_cover_label": "Tree cover", "water_mask": false, "exclude_reason": "keep", "ndvi": null, "soil_moisture": 0.1702825156141925, "solar_exposure": 0.8634243011474609, "wind_exposure": 0.324819803237915, "water_retention": 0.2260978519916534, "slope": 4.412769794464111, "aspect": 124.24240112304688, "num_identification_agreements": 1, "cluster": 0, "tavg": null, "tmin": 14.9, "tmax": 32.0, "prcp_d0": 0.0, "prcp_d1": 0.0, "prcp_d2": 0.0, "prcp_d3": 0.0, "prcp_d4": 0.0, "prcp_d5": 35.7588005065918, "prcp_d6": 0.0, "tmax_d0": 25.9, "tmax_d1": 25.2, "tmax_d2": 24.4, "tmax_d3": 24.1, "tmax_d4": 19.0, "tmax_d5": 17.3, "tmax_d6": 20.7, "tmin_d0": 11.8, "tmin_d1": 10.8, "tmin_d2": 10.9, "tmin_d3": 8.5, "tmin_d4": 7.9, "tmin_d5": 8.7, "tmin_d6": 9.6, "day_of_year": 245, "uuid": "05462ce7-7b7e-41be-a112-98112e604621", "inat_id": 181496235}}, {"type": "Feature", "geometry": {"type": "Point", "coordinates": [-106.4219888889, 35.8479416667]}, "properties": {"species": "Pleurotus populinus", "date": "2023-09-07", "location": "Sandoval County, NM, USA", "elevation": 2732.0, "land_cover_label": "Tree cover", "water_mask": false, "exclude_reason": "keep", "ndvi": null, "soil_moisture": null, "solar_exposure": null, "wind_exposure": null, "water_retention": null, "slope": null, "aspect": null, "num_identification_agreements": 1, "cluster": 2, "tavg": null, "tmin": 19.5, "tmax": 30.0, "prcp_d0": 0.0, "prcp_d1": 0.0, "prcp_d2": 0.0, "prcp_d3": 0.0, "prcp_d4": 0.0, "prcp_d5": 0.0, "prcp_d6": 0.0, "tmax_d0": 24.1, "tmax_d1": 23.8, "tmax_d2": 22.8, "tmax_d3": 21.0, "tmax_d4": 22.2, "tmax_d5": 22.9, "tmax_d6": 23.5, "tmin_d0": 12.4, "tmin_d1": 10.0, "tmin_d2": 7.9, "tmin_d3": 10.9, "tmin_d4": 10.6, "tmin_d5": 10.2, "tmin_d6": 11.8, "day_of_year": 250, "uuid": "9263bb48-b28f-4249-9727-9048100039c1", "inat_id": 184822917}}, {"type": "Feature", "geometry": {"type": "Point", "coordinates": [-109.1954283333, 38.4716]}, "properties": {"species": "Pleurotus populinus", "date": "2023-09-16", "location": "La Sal, UT, US", "elevation": 2929.0, "land_cover_label": "Tree cover", "water_mask": false, "exclude_reason": "keep", "ndvi": null, "soil_moisture": null, "solar_exposure": null, "wind_exposure": null, "water_retention": null, "slope": null, "aspect": null, "num_identification_agreements": 1, "cluster": 2, "tavg": null, "tmin": null, "tmax": null, "prcp_d0": 0.0, "prcp_d1": 0.0, "prcp_d2": 0.0, "prcp_d3": 0.0, "prcp_d4": 0.0, "prcp_d5": 0.0, "prcp_d6": 6.692424774169922, "tmax_d0": 13.9, "tmax_d1": 11.3, "tmax_d2": 11.0, "tmax_d3": 11.1, "tmax_d4": 14.0, "tmax_d5": 14.5, "tmax_d6": 16.9, "tmin_d0": 3.4, "tmin_d1": 0.9, "tmin_d2": 2.8, "tmin_d3": 4.3, "tmin_d4": 6.6, "tmin_d5": 4.5, "tmin_d6": 6.6, "day_of_year": 259, "uuid": "ed1eccf9-2350-4fcb-834a-136d11ca7fc8", "inat_id": 183599513}}, {"type": "Feature", "geometry": {"type": "Point", "coordinates": [-105.2271748334, 39.9246412825]}, "properties": {"species": "Pleurotus populinus", "date": "2023-12-20", "location": "Louisville, CO 80027, USA", "elevation": 1782.0, "land_cover_label": "Grassland", "water_mask": false, "exclude_reason": "keep", "ndvi": null, "soil_moisture": 0.3397563924205727, "solar_exposure": 0.8365345597267151, "wind_exposure": 0.2922520041465759, "water_retention": 0.4943895041942596, "slope": 1.653534770011902, "aspect": 79.1623306274414, "num_identification_agreements": 1, "cluster": 2, "tavg": null, "tmin": 6.0, "tmax": 15.0, "prcp_d0": 0.3788952231407165, "prcp_d1": 1.1366856098175049, "prcp_d2": 0.3788952231407165, "prcp_d3": 1.1366856098175049, "prcp_d4": 0.0, "prcp_d5": 0.0, "prcp_d6": 0.0, "tmax_d0": 11.1, "tmax_d1": 13.4, "tmax_d2": 7.4, "tmax_d3": 11.2, "tmax_d4": 10.5, "tmax_d5": 7.1, "tmax_d6": 0.1, "tmin_d0": 0.4, "tmin_d1": 0.8, "tmin_d2": -5.1, "tmin_d3": -2.8, "tmin_d4": -5.2, "tmin_d5": -4.6, "tmin_d6": -6.1, "day_of_year": 354, "uuid": "e51c7213-05a5-44cd-8e4f-6b25e5631008", "inat_id": 194448510}}, {"type": "Feature", "geometry": {"type": "Point", "coordinates": [-105.0409240723, 39.5646705627]}, "properties": {"species": "Pleurotus populinus", "date": "2024-03-31", "location": "Littleton", "elevation": 1643.0, "land_cover_label": "Grassland", "water_mask": false, "exclude_reason": "keep", "ndvi": null, "soil_moisture": 0.3847463379500477, "solar_exposure": 0.825517475605011, "wind_exposure": 0.3173544108867645, "water_retention": 0.2499718368053436, "slope": 3.100092649459839, "aspect": 66.3667221069336, "num_identification_agreements": 1, "cluster": 2, "tavg": null, "tmin": 0.0, "tmax": 18.3, "prcp_d0": 0.0, "prcp_d1": 0.0, "prcp_d2": 0.0, "prcp_d3": 0.0, "prcp_d4": 0.0, "prcp_d5": 0.0, "prcp_d6": 2.798142671585083, "tmax_d0": 17.4, "tmax_d1": 15.6, "tmax_d2": 13.1, "tmax_d3": 14.8, "tmax_d4": 8.3, "tmax_d5": 5.5, "tmax_d6": 4.4, "tmin_d0": -3.0, "tmin_d1": -3.1, "tmin_d2": -2.4, "tmin_d3": -6.1, "tmin_d4": -10.0, "tmin_d5": -13.2, "tmin_d6": -7.8, "day_of_year": 91, "uuid": "b26eb37b-fbde-40a6-80d6-8e76452951bb", "inat_id": 204771653}}, {"type": "Feature", "geometry": {"type": "Point", "coordinates": [-106.0270109833, 38.5523752833]}, "properties": {"species": "Pleurotus populinus", "date": "2024-06-15", "location": "Colorado, US", "elevation": 2185.0, "land_cover_label": "Bare / sparse vegetation", "water_mask": false, "exclude_reason": "keep", "ndvi": null, "soil_moisture": null, "solar_exposure": null, "wind_exposure": null, "water_retention": null, "slope": null, "aspect": null, "num_identification_agreements": 2, "cluster": 2, "tavg": null, "tmin": 8.9, "tmax": 28.4, "prcp_d0": 0.6845665574073792, "prcp_d1": 1.1523194313049316, "prcp_d2": 0.0145630557090044, "prcp_d3": 0.0529623329639434, "prcp_d4": 3.598289966583252, "prcp_d5": 5.489980697631836, "prcp_d6": 0.0, "tmax_d0": 28.8, "tmax_d1": 29.6, "tmax_d2": 31.6, "tmax_d3": 30.7, "tmax_d4": 29.2, "tmax_d5": 25.0, "tmax_d6": 28.4, "tmin_d0": 7.6, "tmin_d1": 11.0, "tmin_d2": 8.8, "tmin_d3": 9.4, "tmin_d4": 6.5, "tmin_d5": 10.3, "tmin_d6": 11.1, "day_of_year": 167, "uuid": "b04b3194-4e70-4faf-8a3c-7423b28a3aac", "inat_id": 223081787}}, {"type": "Feature", "geometry": {"type": "Point", "coordinates": [-106.938845284, 40.460066289]}, "properties": {"species": "Pleurotus populinus", "date": "2024-06-19", "location": "Colorado, US", "elevation": 2108.0, "land_cover_label": "Grassland", "water_mask": false, "exclude_reason": "keep", "ndvi": null, "soil_moisture": null, "solar_exposure": null, "wind_exposure": null, "water_retention": null, "slope": null, "aspect": null, "num_identification_agreements": 2, "cluster": 2, "tavg": null, "tmin": 4.1, "tmax": 24.1, "prcp_d0": 0.0, "prcp_d1": 0.0, "prcp_d2": 0.0, "prcp_d3": 0.0, "prcp_d4": 1.0869837999343872, "prcp_d5": 3.079259395599365, "prcp_d6": 0.0072425832040607, "tmax_d0": 21.8, "tmax_d1": 24.2, "tmax_d2": 26.7, "tmax_d3": 26.5, "tmax_d4": 25.0, "tmax_d5": 25.4, "tmax_d6": 27.8, "tmin_d0": 4.1, "tmin_d1": 3.4, "tmin_d2": 10.6, "tmin_d3": 8.4, "tmin_d4": 8.7, "tmin_d5": 13.5, "tmin_d6": 8.0, "day_of_year": 171, "uuid": "583bf84e-fe03-4e7d-9c80-31cd0cdfa9cb", "inat_id": 223921205}}, {"type": "Feature", "geometry": {"type": "Point", "coordinates": [-105.0089017067, 38.7483796745]}, "properties": {"species": "Pleurotus populinus", "date": "2024-06-25", "location": "Colorado, US", "elevation": 3198.0, "land_cover_label": "Tree cover", "water_mask": false, "exclude_reason": "keep", "ndvi": null, "soil_moisture": null, "solar_exposure": null, "wind_exposure": null, "water_retention": null, "slope": null, "aspect": null, "num_identification_agreements": 2, "cluster": 2, "tavg": null, "tmin": 18.4, "tmax": 33.0, "prcp_d0": 0.0, "prcp_d1": 0.0, "prcp_d2": 0.0, "prcp_d3": 0.0, "prcp_d4": 0.0, "prcp_d5": 0.0, "prcp_d6": 0.0, "tmax_d0": 20.2, "tmax_d1": 19.6, "tmax_d2": 19.1, "tmax_d3": 18.2, "tmax_d4": 17.6, "tmax_d5": 16.2, "tmax_d6": 12.2, "tmin_d0": 7.9, "tmin_d1": 8.8, "tmin_d2": 5.9, "tmin_d3": 4.5, "tmin_d4": 6.2, "tmin_d5": 5.4, "tmin_d6": -0.9, "day_of_year": 177, "uuid": "776d1840-0f12-4bc8-a64e-70ba0c011180", "inat_id": 225218782}}, {"type": "Feature", "geometry": {"type": "Point", "coordinates": [-106.6149601997, 35.9198053]}, "properties": {"species": "Pleurotus populinus", "date": "2024-06-27", "location": "Jemez Springs, NM 87025, USA", "elevation": 2766.0, "land_cover_label": "Tree cover", "water_mask": false, "exclude_reason": "keep", "ndvi": null, "soil_moisture": null, "solar_exposure": null, "wind_exposure": null, "water_retention": null, "slope": null, "aspect": null, "num_identification_agreements": 1, "cluster": 1, "tavg": null, "tmin": 14.6, "tmax": 26.7, "prcp_d0": 11.8997220993042, "prcp_d1": 0.0, "prcp_d2": 0.0, "prcp_d3": 0.0, "prcp_d4": 0.0, "prcp_d5": 9.37487506866455, "prcp_d6": 0.0, "tmax_d0": 21.4, "tmax_d1": 25.8, "tmax_d2": 25.7, "tmax_d3": 24.9, "tmax_d4": 22.2, "tmax_d5": 23.3, "tmax_d6": 19.0, "tmin_d0": 12.2, "tmin_d1": 13.0, "tmin_d2": 10.5, "tmin_d3": 10.0, "tmin_d4": 11.6, "tmin_d5": 11.0, "tmin_d6": 10.2, "day_of_year": 179, "uuid": "9dabaaab-1de9-44bf-949c-26bb52660c76", "inat_id": 227639308}}, {"type": "Feature", "geometry": {"type": "Point", "coordinates": [-105.0531928364, 38.7415142028]}, "properties": {"species": "Pleurotus populinus", "date": "2024-06-29", "location": "Pike and San Isabel National Forests, Victor, CO, US", "elevation": 3127.0, "land_cover_label": "Tree cover", "water_mask": false, "exclude_reason": "keep", "ndvi": null, "soil_moisture": null, "solar_exposure": null, "wind_exposure": null, "water_retention": null, "slope": null, "aspect": null, "num_identification_agreements": 1, "cluster": 2, "tavg": null, "tmin": 15.0, "tmax": 25.0, "prcp_d0": 0.0, "prcp_d1": 0.0, "prcp_d2": 0.0, "prcp_d3": 0.0, "prcp_d4": 0.0, "prcp_d5": 0.0, "prcp_d6": 0.0, "tmax_d0": 19.2, "tmax_d1": 20.9, "tmax_d2": 21.7, "tmax_d3": 21.1, "tmax_d4": 21.7, "tmax_d5": 21.1, "tmax_d6": 20.3, "tmin_d0": 10.0, "tmin_d1": 10.2, "tmin_d2": 10.6, "tmin_d3": 12.1, "tmin_d4": 10.2, "tmin_d5": 11.2, "tmin_d6": 8.1, "day_of_year": 181, "uuid": "a8529080-f5d9-4a3a-a7ea-25b35ca12f3a", "inat_id": 226021383}}, {"type": "Feature", "geometry": {"type": "Point", "coordinates": [-105.0136841, 38.7346539997]}, "properties": {"species": "Pleurotus populinus", "date": "2024-06-29", "location": "Manitou Springs, CO 80829, USA", "elevation": 2916.0, "land_cover_label": "Tree cover", "water_mask": false, "exclude_reason": "keep", "ndvi": null, "soil_moisture": null, "solar_exposure": null, "wind_exposure": null, "water_retention": null, "slope": null, "aspect": null, "num_identification_agreements": 3, "cluster": 2, "tavg": null, "tmin": 15.0, "tmax": 25.0, "prcp_d0": 0.0, "prcp_d1": 0.0, "prcp_d2": 0.0, "prcp_d3": 0.0, "prcp_d4": 0.0, "prcp_d5": 0.0, "prcp_d6": 0.0, "tmax_d0": 18.5, "tmax_d1": 22.2, "tmax_d2": 22.4, "tmax_d3": 22.0, "tmax_d4": 23.0, "tmax_d5": 21.5, "tmax_d6": 20.8, "tmin_d0": 9.0, "tmin_d1": 10.2, "tmin_d2": 10.5, "tmin_d3": 13.1, "tmin_d4": 11.2, "tmin_d5": 12.6, "tmin_d6": 9.5, "day_of_year": 181, "uuid": "539eb5ef-b855-4f42-bcd6-beac4abbc2e0", "inat_id": 226013509}}, {"type": "Feature", "geometry": {"type": "Point", "coordinates": [-107.876392929, 37.9135788046]}, "properties": {"species": "Pleurotus populinus", "date": "2024-06-30", "location": "Grand Mesa Uncompahgre and Gunnison National Forests, Telluride, CO, US", "elevation": 2971.0, "land_cover_label": "Tree cover", "water_mask": false, "exclude_reason": "keep", "ndvi": null, "soil_moisture": null, "solar_exposure": null, "wind_exposure": null, "water_retention": null, "slope": null, "aspect": null, "num_identification_agreements": 1, "cluster": 3, "tavg": null, "tmin": 15.0, "tmax": 21.0, "prcp_d0": 0.0, "prcp_d1": 0.0, "prcp_d2": 10.093015670776367, "prcp_d3": 10.093015670776367, "prcp_d4": 0.0, "prcp_d5": 0.0, "prcp_d6": 0.0, "tmax_d0": 19.3, "tmax_d1": 20.3, "tmax_d2": 18.7, "tmax_d3": 19.3, "tmax_d4": 20.6, "tmax_d5": 21.9, "tmax_d6": 21.6, "tmin_d0": 9.3, "tmin_d1": 4.3, "tmin_d2": 6.4, "tmin_d3": 7.9, "tmin_d4": 8.6, "tmin_d5": 7.8, "tmin_d6": 5.2, "day_of_year": 182, "uuid": "32e1f66d-646f-4a2f-8c62-b413b6f38e58", "inat_id": 226285215}}, {"type": "Feature", "geometry": {"type": "Point", "coordinates": [-106.419625, 35.84977]}, "properties": {"species": "Pleurotus populinus", "date": "2024-06-30", "location": "Bandelier National Monument, Jemez Springs, NM, US", "elevation": 2741.0, "land_cover_label": "Grassland", "water_mask": false, "exclude_reason": "keep", "ndvi": null, "soil_moisture": null, "solar_exposure": null, "wind_exposure": null, "water_retention": null, "slope": null, "aspect": null, "num_identification_agreements": 2, "cluster": 1, "tavg": null, "tmin": 14.1, "tmax": 26.6, "prcp_d0": 28.35505485534668, "prcp_d1": 0.0, "prcp_d2": 0.0, "prcp_d3": 9.451684951782228, "prcp_d4": 0.0, "prcp_d5": 0.0, "prcp_d6": 0.0, "tmax_d0": 21.9, "tmax_d1": 22.5, "tmax_d2": 22.7, "tmax_d3": 21.4, "tmax_d4": 25.2, "tmax_d5": 25.8, "tmax_d6": 23.7, "tmin_d0": 13.1, "tmin_d1": 10.7, "tmin_d2": 9.8, "tmin_d3": 12.9, "tmin_d4": 14.4, "tmin_d5": 12.9, "tmin_d6": 11.0, "day_of_year": 182, "uuid": "aca08329-45fe-4070-b1eb-8e4f3bfe814e", "inat_id": 226350946}}, {"type": "Feature", "geometry": {"type": "Point", "coordinates": [-105.803604126, 35.7968273688]}, "properties": {"species": "Pleurotus populinus", "date": "2024-07-03", "location": "Santa Fe County, NM, USA", "elevation": 3149.0, "land_cover_label": "Tree cover", "water_mask": false, "exclude_reason": "keep", "ndvi": null, "soil_moisture": null, "solar_exposure": null, "wind_exposure": null, "water_retention": null, "slope": null, "aspect": null, "num_identification_agreements": 1, "cluster": 3, "tavg": null, "tmin": 14.4, "tmax": 29.4, "prcp_d0": 0.0, "prcp_d1": 27.21717834472656, "prcp_d2": 0.0, "prcp_d3": 28.399826049804688, "prcp_d4": 0.0, "prcp_d5": 0.0, "prcp_d6": 0.0, "tmax_d0": 17.7, "tmax_d1": 17.4, "tmax_d2": 17.7, "tmax_d3": 20.0, "tmax_d4": 20.3, "tmax_d5": 18.3, "tmax_d6": 18.7, "tmin_d0": 9.3, "tmin_d1": 9.3, "tmin_d2": 9.1, "tmin_d3": 8.6, "tmin_d4": 9.5, "tmin_d5": 8.0, "tmin_d6": 9.4, "day_of_year": 185, "uuid": "f4610861-280d-429b-93e3-ac6f9062e5ea", "inat_id": 229126939}}, {"type": "Feature", "geometry": {"type": "Point", "coordinates": [-104.9439888889, 38.7372611111]}, "properties": {"species": "Pleurotus populinus", "date": "2024-07-09", "location": "Manitou Springs, CO 80829, USA", "elevation": 3031.0, "land_cover_label": "Tree cover", "water_mask": false, "exclude_reason": "keep", "ndvi": null, "soil_moisture": null, "solar_exposure": null, "wind_exposure": null, "water_retention": null, "slope": null, "aspect": null, "num_identification_agreements": 1, "cluster": 2, "tavg": null, "tmin": 16.0, "tmax": 29.0, "prcp_d0": 0.0, "prcp_d1": 13.548553466796877, "prcp_d2": 0.0, "prcp_d3": 0.0, "prcp_d4": 0.0, "prcp_d5": 0.0, "prcp_d6": 0.0, "tmax_d0": 17.6, "tmax_d1": 13.4, "tmax_d2": 16.4, "tmax_d3": 19.4, "tmax_d4": 13.4, "tmax_d5": 17.4, "tmax_d6": 19.5, "tmin_d0": 6.2, "tmin_d1": 3.5, "tmin_d2": 8.0, "tmin_d3": 5.7, "tmin_d4": 5.0, "tmin_d5": 6.0, "tmin_d6": 7.9, "day_of_year": 191, "uuid": "77133a1e-1f23-40b3-a8e3-28431ee7fdb3", "inat_id": 228925966}}, {"type": "Feature", "geometry": {"type": "Point", "coordinates": [-105.3259277344, 36.3856201172]}, "properties": {"species": "Pleurotus populinus", "date": "2024-07-09", "location": "Angel Fire", "elevation": 2849.0, "land_cover_label": "Tree cover", "water_mask": false, "exclude_reason": "keep", "ndvi": null, "soil_moisture": null, "solar_exposure": null, "wind_exposure": null, "water_retention": null, "slope": null, "aspect": null, "num_identification_agreements": 1, "cluster": 2, "tavg": null, "tmin": 6.1, "tmax": 23.6, "prcp_d0": 0.0, "prcp_d1": 0.0, "prcp_d2": 0.0, "prcp_d3": 0.0, "prcp_d4": 0.0, "prcp_d5": 0.0, "prcp_d6": 0.0, "tmax_d0": 21.1, "tmax_d1": 21.3, "tmax_d2": 22.5, "tmax_d3": 21.7, "tmax_d4": 21.8, "tmax_d5": 23.5, "tmax_d6": 21.0, "tmin_d0": 4.0, "tmin_d1": 8.2, "tmin_d2": 8.5, "tmin_d3": 7.6, "tmin_d4": 9.0, "tmin_d5": 10.2, "tmin_d6": 10.0, "day_of_year": 191, "uuid": "505e7a27-8c64-45a2-a564-2e50f893bbf9", "inat_id": 228307155}}, {"type": "Feature", "geometry": {"type": "Point", "coordinates": [-104.9880528823, 38.7355100205]}, "properties": {"species": "Pleurotus populinus", "date": "2024-07-10", "location": "Eagle Rock, Saran Wrap Trail Head 93", "elevation": 3070.0, "land_cover_label": "Grassland", "water_mask": false, "exclude_reason": "keep", "ndvi": null, "soil_moisture": null, "solar_exposure": null, "wind_exposure": null, "water_retention": null, "slope": null, "aspect": null, "num_identification_agreements": 1, "cluster": 2, "tavg": null, "tmin": 19.0, "tmax": 30.0, "prcp_d0": 0.0, "prcp_d1": 0.0, "prcp_d2": 12.077995300292969, "prcp_d3": 0.0, "prcp_d4": 0.0, "prcp_d5": 0.0, "prcp_d6": 0.0, "tmax_d0": 19.2, "tmax_d1": 17.7, "tmax_d2": 13.5, "tmax_d3": 16.5, "tmax_d4": 19.5, "tmax_d5": 13.5, "tmax_d6": 17.5, "tmin_d0": 8.4, "tmin_d1": 6.3, "tmin_d2": 3.6, "tmin_d3": 8.1, "tmin_d4": 5.8, "tmin_d5": 5.1, "tmin_d6": 6.1, "day_of_year": 192, "uuid": "71494fcd-0430-4d95-9ca9-c28ddf6bd2c0", "inat_id": 228548471}}, {"type": "Feature", "geometry": {"type": "Point", "coordinates": [-107.0098049704, 40.1307008269]}, "properties": {"species": "Pleurotus populinus", "date": "2024-07-13", "location": "Yampa, CO, US", "elevation": 2750.0, "land_cover_label": "Tree cover", "water_mask": false, "exclude_reason": "keep", "ndvi": null, "soil_moisture": null, "solar_exposure": null, "wind_exposure": null, "water_retention": null, "slope": null, "aspect": null, "num_identification_agreements": 3, "cluster": 2, "tavg": null, "tmin": 13.9, "tmax": 33.3, "prcp_d0": 0.0, "prcp_d1": 0.0, "prcp_d2": 0.0, "prcp_d3": 0.0, "prcp_d4": 0.0, "prcp_d5": 0.0, "prcp_d6": 5.460701942443848, "tmax_d0": 26.9, "tmax_d1": 26.0, "tmax_d2": 25.8, "tmax_d3": 23.4, "tmax_d4": 21.8, "tmax_d5": 19.8, "tmax_d6": 19.5, "tmin_d0": 11.7, "tmin_d1": 8.4, "tmin_d2": 7.5, "tmin_d3": 6.0, "tmin_d4": 5.8, "tmin_d5": 3.4, "tmin_d6": 2.8, "day_of_year": 195, "uuid": "08049ae1-e604-489c-a30d-043867669cb0", "inat_id": 239674127}}, {"type": "Feature", "geometry": {"type": "Point", "coordinates": [-107.5398633333, 38.2468216667]}, "properties": {"species": "Pleurotus populinus", "date": "2024-07-16", "location": "Grand Mesa Uncompahgre and Gunnison National Forests, Cimarron, CO, US", "elevation": 2708.0, "land_cover_label": "Tree cover", "water_mask": false, "exclude_reason": "keep", "ndvi": null, "soil_moisture": null, "solar_exposure": null, "wind_exposure": null, "water_retention": null, "slope": null, "aspect": null, "num_identification_agreements": 2, "cluster": 2, "tavg": null, "tmin": 16.7, "tmax": 31.7, "prcp_d0": 8.370044708251953, "prcp_d1": 2.878081083297729, "prcp_d2": 2.878081083297729, "prcp_d3": 0.0, "prcp_d4": 0.0, "prcp_d5": 0.0, "prcp_d6": 0.0, "tmax_d0": 23.9, "tmax_d1": 25.0, "tmax_d2": 27.0, "tmax_d3": 26.0, "tmax_d4": 26.9, "tmax_d5": 25.5, "tmax_d6": 24.9, "tmin_d0": 11.7, "tmin_d1": 13.4, "tmin_d2": 12.3, "tmin_d3": 13.1, "tmin_d4": 9.8, "tmin_d5": 9.3, "tmin_d6": 9.1, "day_of_year": 198, "uuid": "1941b4d3-29fd-4d2e-a813-1641a716089c", "inat_id": 229817452}}, {"type": "Feature", "geometry": {"type": "Point", "coordinates": [-106.23523, 36.701705]}, "properties": {"species": "Pleurotus populinus", "date": "2024-07-20", "location": "Rio Arriba County, US-NM, US", "elevation": 3025.0, "land_cover_label": "Tree cover", "water_mask": false, "exclude_reason": "keep", "ndvi": null, "soil_moisture": null, "solar_exposure": null, "wind_exposure": null, "water_retention": null, "slope": null, "aspect": null, "num_identification_agreements": 2, "cluster": 0, "tavg": null, "tmin": null, "tmax": null, "prcp_d0": 0.0, "prcp_d1": 0.0, "prcp_d2": 13.903013229370115, "prcp_d3": 0.0, "prcp_d4": 0.0, "prcp_d5": 0.0, "prcp_d6": 16.893327713012695, "tmax_d0": 21.1, "tmax_d1": 21.7, "tmax_d2": 21.8, "tmax_d3": 19.5, "tmax_d4": 22.2, "tmax_d5": 22.9, "tmax_d6": 23.2, "tmin_d0": 8.6, "tmin_d1": 10.6, "tmin_d2": 8.2, "tmin_d3": 9.6, "tmin_d4": 10.0, "tmin_d5": 11.8, "tmin_d6": 12.1, "day_of_year": 202, "uuid": "1b399fe4-ec62-43f7-a83c-c7cdf1354768", "inat_id": 240625449}}, {"type": "Feature", "geometry": {"type": "Point", "coordinates": [-106.2198782472, 35.940188584]}, "properties": {"species": "Pleurotus populinus", "date": "2024-07-20", "location": "New Mexico, US", "elevation": 2044.0, "land_cover_label": "Tree cover", "water_mask": false, "exclude_reason": "keep", "ndvi": null, "soil_moisture": null, "solar_exposure": null, "wind_exposure": null, "water_retention": null, "slope": null, "aspect": null, "num_identification_agreements": 1, "cluster": 3, "tavg": null, "tmin": 17.1, "tmax": 27.0, "prcp_d0": 0.0, "prcp_d1": 0.0, "prcp_d2": 17.21690559387207, "prcp_d3": 0.0, "prcp_d4": 0.0, "prcp_d5": 4.0718278884887695, "prcp_d6": 4.0718278884887695, "tmax_d0": 28.2, "tmax_d1": 29.1, "tmax_d2": 29.7, "tmax_d3": 28.4, "tmax_d4": 32.5, "tmax_d5": 31.8, "tmax_d6": 32.3, "tmin_d0": 15.9, "tmin_d1": 15.5, "tmin_d2": 15.4, "tmin_d3": 15.7, "tmin_d4": 16.4, "tmin_d5": 17.8, "tmin_d6": 15.8, "day_of_year": 202, "uuid": "34bfb791-3b2f-4e0f-b479-d20e4f0dea48", "inat_id": 243503319}}, {"type": "Feature", "geometry": {"type": "Point", "coordinates": [-105.8748771562, 39.9610300568]}, "properties": {"species": "Pleurotus populinus", "date": "2024-07-20", "location": "Colorado, US", "elevation": 2658.0, "land_cover_label": "Grassland", "water_mask": false, "exclude_reason": "keep", "ndvi": null, "soil_moisture": 0.2947610635833621, "solar_exposure": 0.8301293253898621, "wind_exposure": 0.3326689004898071, "water_retention": 0.4327965676784515, "slope": 1.2368242740631104, "aspect": 41.04240798950195, "num_identification_agreements": 1, "cluster": 3, "tavg": null, "tmin": 5.5, "tmax": 24.8, "prcp_d0": 0.0, "prcp_d1": 0.0, "prcp_d2": 22.38033676147461, "prcp_d3": 0.0, "prcp_d4": 0.0, "prcp_d5": 8.517580032348633, "prcp_d6": 0.0, "tmax_d0": 24.1, "tmax_d1": 23.5, "tmax_d2": 22.1, "tmax_d3": 22.1, "tmax_d4": 21.3, "tmax_d5": 23.8, "tmax_d6": 28.0, "tmin_d0": 6.7, "tmin_d1": 8.9, "tmin_d2": 7.9, "tmin_d3": 5.3, "tmin_d4": 9.3, "tmin_d5": 10.2, "tmin_d6": 8.5, "day_of_year": 202, "uuid": "75a45a0b-053d-47eb-8ff0-483aa9789c04", "inat_id": 268666356}}, {"type": "Feature", "geometry": {"type": "Point", "coordinates": [-106.5832127156, 40.656409913]}, "properties": {"species": "Pleurotus populinus", "date": "2024-07-21", "location": "Rainbow Lakes Trail, Walden, CO, US", "elevation": 2687.0, "land_cover_label": "Tree cover", "water_mask": false, "exclude_reason": "keep", "ndvi": null, "soil_moisture": null, "solar_exposure": null, "wind_exposure": null, "water_retention": null, "slope": null, "aspect": null, "num_identification_agreements": 1, "cluster": 2, "tavg": null, "tmin": 6.1, "tmax": 22.8, "prcp_d0": 6.783475399017334, "prcp_d1": 0.0, "prcp_d2": 0.0, "prcp_d3": 0.0, "prcp_d4": 0.0, "prcp_d5": 0.0, "prcp_d6": 8.085033416748047, "tmax_d0": 19.6, "tmax_d1": 21.8, "tmax_d2": 22.5, "tmax_d3": 21.3, "tmax_d4": 21.3, "tmax_d5": 20.3, "tmax_d6": 23.2, "tmin_d0": 6.6, "tmin_d1": 8.2, "tmin_d2": 10.9, "tmin_d3": 9.4, "tmin_d4": 8.0, "tmin_d5": 9.2, "tmin_d6": 10.1, "day_of_year": 203, "uuid": "04177845-cad8-4e54-a052-db8a4a003b26", "inat_id": 231051237}}, {"type": "Feature", "geometry": {"type": "Point", "coordinates": [-105.732605, 40.0999945]}, "properties": {"species": "Pleurotus populinus", "date": "2024-07-26", "location": "Continental Divide National Scenic Trail, Grand Lake, CO, US", "elevation": 2556.0, "land_cover_label": "Tree cover", "water_mask": false, "exclude_reason": "keep", "ndvi": null, "soil_moisture": 0.2735562380203155, "solar_exposure": 0.7707306742668152, "wind_exposure": 0.2038254886865615, "water_retention": 0.2443764954805374, "slope": 6.712357997894287, "aspect": 28.8039493560791, "num_identification_agreements": 1, "cluster": 2, "tavg": null, "tmin": 10.0, "tmax": 23.9, "prcp_d0": 0.0, "prcp_d1": 0.0, "prcp_d2": 0.0, "prcp_d3": 0.0, "prcp_d4": 0.0, "prcp_d5": 0.0, "prcp_d6": 0.0, "tmax_d0": 25.3, "tmax_d1": 28.3, "tmax_d2": 25.8, "tmax_d3": 25.0, "tmax_d4": 20.9, "tmax_d5": 20.9, "tmax_d6": 24.6, "tmin_d0": 11.9, "tmin_d1": 6.6, "tmin_d2": 6.2, "tmin_d3": 6.0, "tmin_d4": 6.2, "tmin_d5": 6.5, "tmin_d6": 7.7, "day_of_year": 208, "uuid": "ccadca02-5d95-49ca-9ffd-ba4470dc67bf", "inat_id": 232258631}}, {"type": "Feature", "geometry": {"type": "Point", "coordinates": [-105.4366849, 41.2516952]}, "properties": {"species": "Pleurotus populinus", "date": "2024-07-31", "location": "Laramie, WY 82070, USA", "elevation": 2631.0, "land_cover_label": "Tree cover", "water_mask": false, "exclude_reason": "keep", "ndvi": null, "soil_moisture": 0.0858190900573779, "solar_exposure": 0.775129497051239, "wind_exposure": 0.3376040458679199, "water_retention": 0.2043412327766418, "slope": 6.082328796386719, "aspect": 23.52318000793457, "num_identification_agreements": 1, "cluster": 2, "tavg": null, "tmin": 11.9, "tmax": 27.4, "prcp_d0": 0.0, "prcp_d1": 0.0, "prcp_d2": 0.0, "prcp_d3": 6.51842212677002, "prcp_d4": 6.011301040649414, "prcp_d5": 0.0, "prcp_d6": 0.0, "tmax_d0": 26.9, "tmax_d1": 28.6, "tmax_d2": 27.4, "tmax_d3": 23.4, "tmax_d4": 22.7, "tmax_d5": 27.5, "tmax_d6": 29.0, "tmin_d0": 10.9, "tmin_d1": 13.2, "tmin_d2": 11.5, "tmin_d3": 11.0, "tmin_d4": 12.0, "tmin_d5": 14.0, "tmin_d6": 13.8, "day_of_year": 213, "uuid": "9a457ba9-52c0-4f5a-84b5-68e0741cb595", "inat_id": 233041963}}, {"type": "Feature", "geometry": {"type": "Point", "coordinates": [-108.1281752243, 38.9393327296]}, "properties": {"species": "Pleurotus populinus", "date": "2024-08-04", "location": "Mesa County, CO, USA", "elevation": 3072.0, "land_cover_label": "Grassland", "water_mask": false, "exclude_reason": "keep", "ndvi": null, "soil_moisture": null, "solar_exposure": null, "wind_exposure": null, "water_retention": null, "slope": null, "aspect": null, "num_identification_agreements": 1, "cluster": 2, "tavg": null, "tmin": 21.4, "tmax": 34.8, "prcp_d0": 0.0, "prcp_d1": 0.0, "prcp_d2": 0.0, "prcp_d3": 0.0, "prcp_d4": 0.0, "prcp_d5": 0.0, "prcp_d6": 0.0, "tmax_d0": 21.8, "tmax_d1": 23.8, "tmax_d2": 23.0, "tmax_d3": 23.7, "tmax_d4": 21.8, "tmax_d5": 21.1, "tmax_d6": 21.0, "tmin_d0": 10.7, "tmin_d1": 13.7, "tmin_d2": 12.4, "tmin_d3": 11.8, "tmin_d4": 11.6, "tmin_d5": 11.5, "tmin_d6": 11.1, "day_of_year": 217, "uuid": "baa964fb-eea2-437f-97e6-eec0876875de", "inat_id": 233971769}}, {"type": "Feature", "geometry": {"type": "Point", "coordinates": [-106.6879116667, 35.856105]}, "properties": {"species": "Pleurotus populinus", "date": "2024-08-07", "location": "Santa Fe National Forest, Jemez Springs, NM, US", "elevation": 2595.0, "land_cover_label": "Tree cover", "water_mask": false, "exclude_reason": "keep", "ndvi": null, "soil_moisture": null, "solar_exposure": null, "wind_exposure": null, "water_retention": null, "slope": null, "aspect": null, "num_identification_agreements": 1, "cluster": 2, "tavg": null, "tmin": 18.1, "tmax": 31.4, "prcp_d0": 4.282210826873779, "prcp_d1": 0.0, "prcp_d2": 2.7061667442321777, "prcp_d3": 8.118499755859375, "prcp_d4": 2.7061667442321777, "prcp_d5": 2.7061667442321777, "prcp_d6": 0.0, "tmax_d0": 25.2, "tmax_d1": 25.6, "tmax_d2": 26.6, "tmax_d3": 24.8, "tmax_d4": 25.5, "tmax_d5": 24.8, "tmax_d6": 25.8, "tmin_d0": 12.6, "tmin_d1": 11.9, "tmin_d2": 12.2, "tmin_d3": 11.7, "tmin_d4": 11.6, "tmin_d5": 13.1, "tmin_d6": 11.9, "day_of_year": 220, "uuid": "e7f408ed-01ec-4bc4-97ea-665197179da9", "inat_id": 234443995}}, {"type": "Feature", "geometry": {"type": "Point", "coordinates": [-104.9441916667, 38.7372972222]}, "properties": {"species": "Pleurotus populinus", "date": "2024-08-10", "location": "Manitou Springs, CO 80829, USA", "elevation": 3031.0, "land_cover_label": "Tree cover", "water_mask": false, "exclude_reason": "keep", "ndvi": null, "soil_moisture": null, "solar_exposure": null, "wind_exposure": null, "water_retention": null, "slope": null, "aspect": null, "num_identification_agreements": 1, "cluster": 3, "tavg": null, "tmin": 12.0, "tmax": 21.7, "prcp_d0": 0.0, "prcp_d1": 0.0, "prcp_d2": 0.0, "prcp_d3": 18.45613670349121, "prcp_d4": 27.68420791625977, "prcp_d5": 6.083452224731445, "prcp_d6": 0.0, "tmax_d0": 17.5, "tmax_d1": 14.7, "tmax_d2": 17.3, "tmax_d3": 21.5, "tmax_d4": 20.9, "tmax_d5": 20.4, "tmax_d6": 22.9, "tmin_d0": 8.1, "tmin_d1": 8.8, "tmin_d2": 9.6, "tmin_d3": 12.0, "tmin_d4": 11.0, "tmin_d5": 12.5, "tmin_d6": 11.1, "day_of_year": 223, "uuid": "a6a44521-f8b6-4252-b0e9-2a9f7fa9512a", "inat_id": 235433976}}, {"type": "Feature", "geometry": {"type": "Point", "coordinates": [-105.2917870997, 39.8077675997]}, "properties": {"species": "Pleurotus populinus", "date": "2024-08-10", "location": "Arvada, CO 80403, USA", "elevation": 2290.0, "land_cover_label": "Tree cover", "water_mask": false, "exclude_reason": "keep", "ndvi": null, "soil_moisture": 0.3914640813557234, "solar_exposure": 0.8071619868278503, "wind_exposure": 0.2628946900367737, "water_retention": 0.1620040982961654, "slope": 11.290831565856934, "aspect": 83.7569351196289, "num_identification_agreements": 1, "cluster": 2, "tavg": null, "tmin": 13.0, "tmax": 28.0, "prcp_d0": 0.0, "prcp_d1": 0.0, "prcp_d2": 0.0, "prcp_d3": 0.0, "prcp_d4": 22.505788803100582, "prcp_d5": 0.0, "prcp_d6": 0.0, "tmax_d0": 22.8, "tmax_d1": 18.0, "tmax_d2": 21.3, "tmax_d3": 27.7, "tmax_d4": 27.6, "tmax_d5": 29.6, "tmax_d6": 32.2, "tmin_d0": 11.9, "tmin_d1": 10.4, "tmin_d2": 12.4, "tmin_d3": 17.0, "tmin_d4": 13.2, "tmin_d5": 16.8, "tmin_d6": 15.1, "day_of_year": 223, "uuid": "39754eb4-212f-4080-9c32-25fb1fa55126", "inat_id": 234975126}}, {"type": "Feature", "geometry": {"type": "Point", "coordinates": [-106.03188868, 38.41931047]}, "properties": {"species": "Pleurotus populinus", "date": "2024-08-11", "location": "Saguache County, US-CO, US", "elevation": 2908.0, "land_cover_label": "Tree cover", "water_mask": false, "exclude_reason": "keep", "ndvi": null, "soil_moisture": null, "solar_exposure": null, "wind_exposure": null, "water_retention": null, "slope": null, "aspect": null, "num_identification_agreements": 2, "cluster": 2, "tavg": null, "tmin": 9.9, "tmax": 25.7, "prcp_d0": 0.0, "prcp_d1": 0.0, "prcp_d2": 0.0, "prcp_d3": 12.830546379089355, "prcp_d4": 12.830546379089355, "prcp_d5": 0.0, "prcp_d6": 0.0, "tmax_d0": 21.2, "tmax_d1": 20.1, "tmax_d2": 18.0, "tmax_d3": 21.0, "tmax_d4": 23.4, "tmax_d5": 23.0, "tmax_d6": 22.0, "tmin_d0": 7.1, "tmin_d1": 6.3, "tmin_d2": 9.9, "tmin_d3": 8.1, "tmin_d4": 7.1, "tmin_d5": 8.9, "tmin_d6": 9.7, "day_of_year": 224, "uuid": "e085b78c-319f-43a0-b485-b8c26d1db38c", "inat_id": 235276484}}, {"type": "Feature", "geometry": {"type": "Point", "coordinates": [-107.875975295, 37.9155360553]}, "properties": {"species": "Pleurotus populinus", "date": "2024-08-15", "location": "Grand Mesa Uncompahgre and Gunnison National Forests, Telluride, CO, US", "elevation": 2949.0, "land_cover_label": "Tree cover", "water_mask": false, "exclude_reason": "keep", "ndvi": null, "soil_moisture": null, "solar_exposure": null, "wind_exposure": null, "water_retention": null, "slope": null, "aspect": null, "num_identification_agreements": 1, "cluster": 3, "tavg": null, "tmin": 9.0, "tmax": 23.0, "prcp_d0": 0.0, "prcp_d1": 0.0, "prcp_d2": 23.053241729736328, "prcp_d3": 11.526620864868164, "prcp_d4": 0.0, "prcp_d5": 0.0, "prcp_d6": 0.0, "tmax_d0": 20.5, "tmax_d1": 18.1, "tmax_d2": 16.7, "tmax_d3": 18.9, "tmax_d4": 19.7, "tmax_d5": 18.7, "tmax_d6": 19.4, "tmin_d0": 6.1, "tmin_d1": 5.6, "tmin_d2": 7.2, "tmin_d3": 7.2, "tmin_d4": 7.6, "tmin_d5": 7.8, "tmin_d6": 10.0, "day_of_year": 228, "uuid": "6e423889-669f-43b5-9a79-b47c29c675e8", "inat_id": 235956684}}, {"type": "Feature", "geometry": {"type": "Point", "coordinates": [-105.56302, 40.3577716667]}, "properties": {"species": "Pleurotus populinus", "date": "2024-08-19", "location": "Valhalla Driveway, Estes Park, CO, US", "elevation": 2388.0, "land_cover_label": "Tree cover", "water_mask": false, "exclude_reason": "keep", "ndvi": null, "soil_moisture": 0.2924552247880782, "solar_exposure": 0.8082399964332581, "wind_exposure": 0.2531477212905884, "water_retention": 0.2360683381557464, "slope": 7.582897663116455, "aspect": 73.41656494140625, "num_identification_agreements": 1, "cluster": 2, "tavg": null, "tmin": 18.7, "tmax": 32.5, "prcp_d0": 0.0, "prcp_d1": 12.695858001708984, "prcp_d2": 0.0, "prcp_d3": 0.0, "prcp_d4": 0.0, "prcp_d5": 0.0, "prcp_d6": 0.0, "tmax_d0": 24.0, "tmax_d1": 26.8, "tmax_d2": 27.3, "tmax_d3": 23.3, "tmax_d4": 22.1, "tmax_d5": 22.5, "tmax_d6": 21.9, "tmin_d0": 9.8, "tmin_d1": 11.3, "tmin_d2": 6.9, "tmin_d3": 6.4, "tmin_d4": 7.5, "tmin_d5": 10.9, "tmin_d6": 10.0, "day_of_year": 232, "uuid": "c29ea1f7-6d3c-40b8-9f6b-8815dcbeef13", "inat_id": 236744974}}, {"type": "Feature", "geometry": {"type": "Point", "coordinates": [-105.0628194444, 39.0903055556]}, "properties": {"species": "Pleurotus populinus", "date": "2024-08-19", "location": "Woodland Park, CO 80863, USA", "elevation": 2563.0, "land_cover_label": "Tree cover", "water_mask": false, "exclude_reason": "keep", "ndvi": null, "soil_moisture": 0.1910973801557932, "solar_exposure": 0.6957221031188965, "wind_exposure": 0.3009384572505951, "water_retention": 0.4601103663444519, "slope": 11.661090850830078, "aspect": 1.9682108163833616, "num_identification_agreements": 1, "cluster": 2, "tavg": null, "tmin": 13.2, "tmax": 30.4, "prcp_d0": 0.0, "prcp_d1": 0.0, "prcp_d2": 0.0, "prcp_d3": 0.0, "prcp_d4": 0.0, "prcp_d5": 0.0, "prcp_d6": 0.0, "tmax_d0": 24.9, "tmax_d1": 26.7, "tmax_d2": 27.2, "tmax_d3": 26.7, "tmax_d4": 23.8, "tmax_d5": 21.1, "tmax_d6": 23.1, "tmin_d0": 12.1, "tmin_d1": 12.9, "tmin_d2": 11.0, "tmin_d3": 10.0, "tmin_d4": 9.1, "tmin_d5": 10.2, "tmin_d6": 13.4, "day_of_year": 232, "uuid": "00c99347-390c-40a4-a767-d46c5b494bc9", "inat_id": 237048480}}, {"type": "Feature", "geometry": {"type": "Point", "coordinates": [-105.7535608054, 39.4137014649]}, "properties": {"species": "Pleurotus populinus", "date": "2024-08-22", "location": "Park County, US-CO, US", "elevation": 3062.0, "land_cover_label": "Tree cover", "water_mask": false, "exclude_reason": "keep", "ndvi": null, "soil_moisture": 0.3500192950555555, "solar_exposure": 0.7943767309188843, "wind_exposure": 0.3438759744167328, "water_retention": 0.2270872890949249, "slope": 4.348736763000488, "aspect": 338.1092834472656, "num_identification_agreements": 3, "cluster": 1, "tavg": null, "tmin": 3.6, "tmax": 11.4, "prcp_d0": 7.856081962585449, "prcp_d1": 2.8207006454467773, "prcp_d2": 0.0, "prcp_d3": 0.0, "prcp_d4": 0.0, "prcp_d5": 0.0, "prcp_d6": 0.0, "tmax_d0": 18.6, "tmax_d1": 20.0, "tmax_d2": 22.2, "tmax_d3": 20.4, "tmax_d4": 22.0, "tmax_d5": 22.0, "tmax_d6": 21.4, "tmin_d0": 6.9, "tmin_d1": 5.2, "tmin_d2": 3.3, "tmin_d3": 5.7, "tmin_d4": 4.6, "tmin_d5": 3.0, "tmin_d6": 2.2, "day_of_year": 235, "uuid": "46fb29cf-0f99-498c-85aa-af37a356b9b1", "inat_id": 237335016}}, {"type": "Feature", "geometry": {"type": "Point", "coordinates": [-105.5437778937, 40.1985442314]}, "properties": {"species": "Pleurotus populinus", "date": "2024-08-23", "location": "Colorado, US", "elevation": 2709.0, "land_cover_label": "Tree cover", "water_mask": false, "exclude_reason": "keep", "ndvi": null, "soil_moisture": 0.3193004143051038, "solar_exposure": 0.7170398235321045, "wind_exposure": 0.3314592540264129, "water_retention": 0.2970561981201172, "slope": 12.162571907043455, "aspect": 38.67302703857422, "num_identification_agreements": 1, "cluster": 1, "tavg": null, "tmin": 16.0, "tmax": 29.0, "prcp_d0": 9.388015747070312, "prcp_d1": 16.173837661743164, "prcp_d2": 1.6886742115020752, "prcp_d3": 0.0, "prcp_d4": 0.0, "prcp_d5": 0.0, "prcp_d6": 0.0, "tmax_d0": 19.7, "tmax_d1": 18.6, "tmax_d2": 22.8, "tmax_d3": 23.9, "tmax_d4": 23.1, "tmax_d5": 23.3, "tmax_d6": 24.0, "tmin_d0": 9.5, "tmin_d1": 13.1, "tmin_d2": 12.4, "tmin_d3": 10.5, "tmin_d4": 11.8, "tmin_d5": 11.3, "tmin_d6": 10.8, "day_of_year": 236, "uuid": "b1660f23-5453-4387-91dc-38ad49d0abb5", "inat_id": 237570671}}, {"type": "Feature", "geometry": {"type": "Point", "coordinates": [-106.8470417602, 36.0316453087]}, "properties": {"species": "Pleurotus populinus", "date": "2024-08-24", "location": "Rio Arriba County, US-NM, US", "elevation": 2855.0, "land_cover_label": "Tree cover", "water_mask": false, "exclude_reason": "keep", "ndvi": null, "soil_moisture": null, "solar_exposure": null, "wind_exposure": null, "water_retention": null, "slope": null, "aspect": null, "num_identification_agreements": 2, "cluster": 2, "tavg": null, "tmin": null, "tmax": null, "prcp_d0": 3.846898317337036, "prcp_d1": 5.068285465240479, "prcp_d2": 0.055732749402523, "prcp_d3": 0.1032760888338089, "prcp_d4": 0.0, "prcp_d5": 0.0, "prcp_d6": 0.0, "tmax_d0": 19.9, "tmax_d1": 20.7, "tmax_d2": 23.1, "tmax_d3": 24.6, "tmax_d4": 25.0, "tmax_d5": 24.0, "tmax_d6": 23.6, "tmin_d0": 9.2, "tmin_d1": 10.8, "tmin_d2": 10.2, "tmin_d3": 11.2, "tmin_d4": 11.9, "tmin_d5": 11.0, "tmin_d6": 11.1, "day_of_year": 237, "uuid": "06eaaf55-5d49-4093-99ab-99026b4434ab", "inat_id": 240625490}}, {"type": "Feature", "geometry": {"type": "Point", "coordinates": [-106.3918758184, 35.8947713857]}, "properties": {"species": "Pleurotus populinus", "date": "2024-08-25", "location": "Los Alamos County, NM, USA", "elevation": 2846.0, "land_cover_label": "Tree cover", "water_mask": false, "exclude_reason": "keep", "ndvi": null, "soil_moisture": null, "solar_exposure": null, "wind_exposure": null, "water_retention": null, "slope": null, "aspect": null, "num_identification_agreements": 2, "cluster": 2, "tavg": null, "tmin": 13.2, "tmax": 26.7, "prcp_d0": 3.593494176864624, "prcp_d1": 3.711301803588867, "prcp_d2": 3.872821092605591, "prcp_d3": 0.0, "prcp_d4": 0.1504483520984649, "prcp_d5": 0.0, "prcp_d6": 0.0, "tmax_d0": 19.9, "tmax_d1": 20.1, "tmax_d2": 20.4, "tmax_d3": 22.5, "tmax_d4": 23.9, "tmax_d5": 24.3, "tmax_d6": 23.6, "tmin_d0": 9.3, "tmin_d1": 10.0, "tmin_d2": 10.2, "tmin_d3": 11.7, "tmin_d4": 13.6, "tmin_d5": 13.2, "tmin_d6": 14.6, "day_of_year": 238, "uuid": "5137c526-51a2-4e0f-bddc-046b67678feb", "inat_id": 238002593}}, {"type": "Feature", "geometry": {"type": "Point", "coordinates": [-106.0906, 40.0286361667]}, "properties": {"species": "Pleurotus populinus", "date": "2024-09-01", "location": "Parshall, CO, US", "elevation": 2624.0, "land_cover_label": "Grassland", "water_mask": false, "exclude_reason": "keep", "ndvi": null, "soil_moisture": null, "solar_exposure": null, "wind_exposure": null, "water_retention": null, "slope": null, "aspect": null, "num_identification_agreements": 1, "cluster": 0, "tavg": null, "tmin": null, "tmax": null, "prcp_d0": 0.0, "prcp_d1": 0.0180368702858686, "prcp_d2": 0.0, "prcp_d3": 0.3300841450691223, "prcp_d4": 0.188789963722229, "prcp_d5": 0.1115105226635932, "prcp_d6": 14.812301635742188, "tmax_d0": 23.1, "tmax_d1": 23.0, "tmax_d2": 22.3, "tmax_d3": 21.5, "tmax_d4": 23.0, "tmax_d5": 22.5, "tmax_d6": 20.3, "tmin_d0": 4.8, "tmin_d1": 3.6, "tmin_d2": 3.8, "tmin_d3": 4.1, "tmin_d4": 3.2, "tmin_d5": 3.1, "tmin_d6": 7.2, "day_of_year": 245, "uuid": "ddcd36b9-a3e5-4ff5-8830-93a7e3c2068c", "inat_id": 269248788}}, {"type": "Feature", "geometry": {"type": "Point", "coordinates": [-106.3209308605, 35.8003036625]}, "properties": {"species": "Pleurotus populinus", "date": "2024-09-02", "location": "New Mexico, US", "elevation": 2120.0, "land_cover_label": "Grassland", "water_mask": false, "exclude_reason": "keep", "ndvi": null, "soil_moisture": null, "solar_exposure": null, "wind_exposure": null, "water_retention": null, "slope": null, "aspect": null, "num_identification_agreements": 1, "cluster": 2, "tavg": null, "tmin": 13.3, "tmax": 24.0, "prcp_d0": 0.0, "prcp_d1": 0.0, "prcp_d2": 4.042406362714246e-05, "prcp_d3": 6.05040454864502, "prcp_d4": 2.556767463684082, "prcp_d5": 0.1881656050682068, "prcp_d6": 1.2780845165252686, "tmax_d0": 23.0, "tmax_d1": 23.8, "tmax_d2": 24.6, "tmax_d3": 23.6, "tmax_d4": 23.7, "tmax_d5": 24.0, "tmax_d6": 24.7, "tmin_d0": 12.1, "tmin_d1": 12.3, "tmin_d2": 10.6, "tmin_d3": 11.1, "tmin_d4": 11.2, "tmin_d5": 11.7, "tmin_d6": 10.9, "day_of_year": 246, "uuid": "5f1a7302-cd65-4f0d-bd64-c7890b121144", "inat_id": 243497376}}, {"type": "Feature", "geometry": {"type": "Point", "coordinates": [-105.22422, 36.5336833333]}, "properties": {"species": "Pleurotus populinus", "date": "2024-09-06", "location": "Tolby Creek Trail, Ute Park, NM, US", "elevation": 2488.0, "land_cover_label": "Tree cover", "water_mask": false, "exclude_reason": "keep", "ndvi": null, "soil_moisture": null, "solar_exposure": null, "wind_exposure": null, "water_retention": null, "slope": null, "aspect": null, "num_identification_agreements": 1, "cluster": 2, "tavg": null, "tmin": 3.9, "tmax": 20.9, "prcp_d0": 5.983032703399658, "prcp_d1": 9.74350357055664, "prcp_d2": 0.0, "prcp_d3": 0.0, "prcp_d4": 0.0, "prcp_d5": 0.0, "prcp_d6": 1.2962918845005331e-06, "tmax_d0": 19.4, "tmax_d1": 20.6, "tmax_d2": 23.5, "tmax_d3": 22.8, "tmax_d4": 20.3, "tmax_d5": 19.8, "tmax_d6": 21.3, "tmin_d0": 3.5, "tmin_d1": 7.6, "tmin_d2": 7.5, "tmin_d3": 4.4, "tmin_d4": 5.4, "tmin_d5": 7.7, "tmin_d6": 4.4, "day_of_year": 250, "uuid": "25e828f6-fd2b-4e04-bf06-4ca6ceda5a6c", "inat_id": 240551016}}, {"type": "Feature", "geometry": {"type": "Point", "coordinates": [-105.224045, 36.5317466667]}, "properties": {"species": "Pleurotus populinus", "date": "2024-09-06", "location": "Cimarron Canyon State Park, Ute Park, NM, US", "elevation": 2505.0, "land_cover_label": "Tree cover", "water_mask": false, "exclude_reason": "keep", "ndvi": null, "soil_moisture": null, "solar_exposure": null, "wind_exposure": null, "water_retention": null, "slope": null, "aspect": null, "num_identification_agreements": 1, "cluster": 2, "tavg": null, "tmin": 3.9, "tmax": 20.9, "prcp_d0": 5.983032703399658, "prcp_d1": 9.74350357055664, "prcp_d2": 0.0, "prcp_d3": 0.0, "prcp_d4": 0.0, "prcp_d5": 0.0, "prcp_d6": 1.2962918845005331e-06, "tmax_d0": 19.5, "tmax_d1": 20.7, "tmax_d2": 23.6, "tmax_d3": 22.9, "tmax_d4": 20.4, "tmax_d5": 19.9, "tmax_d6": 21.4, "tmin_d0": 3.6, "tmin_d1": 7.7, "tmin_d2": 7.6, "tmin_d3": 4.5, "tmin_d4": 5.5, "tmin_d5": 7.8, "tmin_d6": 4.5, "day_of_year": 250, "uuid": "7b407624-248f-4189-b159-1f704f914c80", "inat_id": 240553012}}, {"type": "Feature", "geometry": {"type": "Point", "coordinates": [-110.8080203523, 40.7814276638]}, "properties": {"species": "Pleurotus populinus", "date": "2024-09-08", "location": "Utah, US", "elevation": 3189.0, "land_cover_label": "Tree cover", "water_mask": false, "exclude_reason": "keep", "ndvi": null, "soil_moisture": null, "solar_exposure": null, "wind_exposure": null, "water_retention": null, "slope": null, "aspect": null, "num_identification_agreements": 1, "cluster": 2, "tavg": null, "tmin": null, "tmax": null, "prcp_d0": 0.0, "prcp_d1": 0.0, "prcp_d2": 0.0, "prcp_d3": 0.0, "prcp_d4": 10.801457405090332, "prcp_d5": 0.0, "prcp_d6": 0.0, "tmax_d0": 16.4, "tmax_d1": 16.7, "tmax_d2": 17.5, "tmax_d3": 16.8, "tmax_d4": 13.0, "tmax_d5": 15.5, "tmax_d6": 17.1, "tmin_d0": 5.3, "tmin_d1": 4.5, "tmin_d2": 3.2, "tmin_d3": 0.9, "tmin_d4": 3.6, "tmin_d5": 7.7, "tmin_d6": 7.1, "day_of_year": 252, "uuid": "f196dd27-eb7f-435d-80c4-5255cf41c1d6", "inat_id": 240681471}}, {"type": "Feature", "geometry": {"type": "Point", "coordinates": [-106.3696569775, 35.9108125187]}, "properties": {"species": "Pleurotus populinus", "date": "2024-09-12", "location": "New Mexico, US", "elevation": 2653.0, "land_cover_label": "Tree cover", "water_mask": false, "exclude_reason": "keep", "ndvi": null, "soil_moisture": null, "solar_exposure": null, "wind_exposure": null, "water_retention": null, "slope": null, "aspect": null, "num_identification_agreements": 1, "cluster": 2, "tavg": null, "tmin": 15.0, "tmax": 27.0, "prcp_d0": 0.0, "prcp_d1": 0.0, "prcp_d2": 0.0, "prcp_d3": 0.0, "prcp_d4": 0.0, "prcp_d5": 0.0, "prcp_d6": 5.317689895629883, "tmax_d0": 21.0, "tmax_d1": 20.1, "tmax_d2": 21.4, "tmax_d3": 20.3, "tmax_d4": 20.5, "tmax_d5": 18.9, "tmax_d6": 17.9, "tmin_d0": 9.2, "tmin_d1": 9.8, "tmin_d2": 10.4, "tmin_d3": 8.2, "tmin_d4": 7.8, "tmin_d5": 7.6, "tmin_d6": 6.0, "day_of_year": 256, "uuid": "28b39e99-4c5f-447d-8ef8-d8b749bd39e5", "inat_id": 243497269}}, {"type": "Feature", "geometry": {"type": "Point", "coordinates": [-107.8079133333, 37.9129133333]}, "properties": {"species": "Pleurotus populinus", "date": "2024-09-23", "location": "Grand Mesa Uncompahgre and Gunnison National Forests, Telluride, CO, US", "elevation": 2880.0, "land_cover_label": "Tree cover", "water_mask": false, "exclude_reason": "keep", "ndvi": null, "soil_moisture": null, "solar_exposure": null, "wind_exposure": null, "water_retention": null, "slope": null, "aspect": null, "num_identification_agreements": 1, "cluster": 3, "tavg": null, "tmin": 3.0, "tmax": 17.0, "prcp_d0": 0.0, "prcp_d1": 0.0, "prcp_d2": 28.876537322998047, "prcp_d3": 0.0, "prcp_d4": 0.0, "prcp_d5": 0.0, "prcp_d6": 0.0, "tmax_d0": 14.8, "tmax_d1": 9.6, "tmax_d2": 15.2, "tmax_d3": 18.1, "tmax_d4": 18.0, "tmax_d5": 15.7, "tmax_d6": 12.0, "tmin_d0": -0.9, "tmin_d1": -2.2, "tmin_d2": -1.2, "tmin_d3": 1.6, "tmin_d4": -1.5, "tmin_d5": -0.9, "tmin_d6": 6.7, "day_of_year": 267, "uuid": "bb6f9d97-e9d3-48b8-b0c5-4c6d1a62802a", "inat_id": 243851533}}, {"type": "Feature", "geometry": {"type": "Point", "coordinates": [-107.8396598531, 37.3891431859]}, "properties": {"species": "Pleurotus populinus", "date": "2024-10-04", "location": "Dalton Ranch Golf Club, Durango, CO, US", "elevation": 2007.0, "land_cover_label": "Grassland", "water_mask": false, "exclude_reason": "keep", "ndvi": null, "soil_moisture": null, "solar_exposure": null, "wind_exposure": null, "water_retention": null, "slope": null, "aspect": null, "num_identification_agreements": 1, "cluster": 2, "tavg": null, "tmin": 3.9, "tmax": 28.3, "prcp_d0": 3.72658896446228, "prcp_d1": 0.0, "prcp_d2": 0.0, "prcp_d3": 0.0, "prcp_d4": 6.504808902740479, "prcp_d5": 0.0, "prcp_d6": 0.0, "tmax_d0": 24.5, "tmax_d1": 25.5, "tmax_d2": 26.3, "tmax_d3": 24.7, "tmax_d4": 26.4, "tmax_d5": 25.0, "tmax_d6": 25.7, "tmin_d0": 6.6, "tmin_d1": 7.8, "tmin_d2": 5.5, "tmin_d3": 8.7, "tmin_d4": 9.4, "tmin_d5": 8.3, "tmin_d6": 9.1, "day_of_year": 278, "uuid": "3ebbbacf-f160-490e-b2d4-bd81e5840bff", "inat_id": 245630187}}, {"type": "Feature", "geometry": {"type": "Point", "coordinates": [-105.2427869663, 39.7750766411]}, "properties": {"species": "Pleurotus populinus", "date": "2025-04-27", "location": "Arvada, CO 80403, USA", "elevation": 1861.0, "land_cover_label": "Grassland", "water_mask": false, "exclude_reason": "keep", "ndvi": null, "soil_moisture": 0.334080170440673, "solar_exposure": 0.880926787853241, "wind_exposure": 0.2490615397691726, "water_retention": 0.3500966727733612, "slope": 10.42686939239502, "aspect": 122.0686492919922, "num_identification_agreements": 1, "cluster": 2, "tavg": null, "tmin": 5.1, "tmax": 27.0, "prcp_d0": 0.0, "prcp_d1": 0.0, "prcp_d2": 0.0, "prcp_d3": 0.0, "prcp_d4": 0.0, "prcp_d5": 0.0, "prcp_d6": 0.0, "tmax_d0": 23.7, "tmax_d1": 18.8, "tmax_d2": 11.6, "tmax_d3": 16.2, "tmax_d4": 17.8, "tmax_d5": 19.5, "tmax_d6": 19.3, "tmin_d0": 3.3, "tmin_d1": 3.5, "tmin_d2": 3.8, "tmin_d3": 3.6, "tmin_d4": 2.3, "tmin_d5": 1.1, "tmin_d6": -0.5, "day_of_year": 117, "uuid": "303b55e2-d249-4cee-b314-6ef4a6939729", "inat_id": 274795777}}, {"type": "Feature", "geometry": {"type": "Point", "coordinates": [-105.2470383333, 39.75108]}, "properties": {"species": "Pleurotus populinus", "date": "2025-04-29", "location": "Grant Terry Loop, Golden, CO, US", "elevation": 1756.0, "land_cover_label": "Tree cover", "water_mask": false, "exclude_reason": "keep", "ndvi": null, "soil_moisture": 0.2936653455106984, "solar_exposure": 0.4425304532051086, "wind_exposure": 0.3074555993080139, "water_retention": 0.0893370658159256, "slope": 30.394908905029297, "aspect": 332.6650695800781, "num_identification_agreements": 1, "cluster": 1, "tavg": null, "tmin": 4.0, "tmax": 16.1, "prcp_d0": 4.132835865020752, "prcp_d1": 0.0, "prcp_d2": 0.0, "prcp_d3": 0.0, "prcp_d4": 0.0, "prcp_d5": 0.0, "prcp_d6": 0.0, "tmax_d0": 15.7, "tmax_d1": 22.2, "tmax_d2": 23.9, "tmax_d3": 19.5, "tmax_d4": 12.0, "tmax_d5": 17.2, "tmax_d6": 18.6, "tmin_d0": 1.6, "tmin_d1": 3.2, "tmin_d2": 4.7, "tmin_d3": 3.8, "tmin_d4": 4.8, "tmin_d5": 3.4, "tmin_d6": 2.4, "day_of_year": 119, "uuid": "31b2f687-9df8-4ebe-b875-01fc2599664f", "inat_id": 345653329}}, {"type": "Feature", "geometry": {"type": "Point", "coordinates": [-105.2470466667, 39.7510866667]}, "properties": {"species": "Pleurotus populinus", "date": "2025-04-29", "location": "Grant Terry Loop, Golden, CO, US", "elevation": 1756.0, "land_cover_label": "Tree cover", "water_mask": false, "exclude_reason": "keep", "ndvi": null, "soil_moisture": 0.293670076352395, "solar_exposure": 0.4425304532051086, "wind_exposure": 0.3074555993080139, "water_retention": 0.0893370658159256, "slope": 30.394908905029297, "aspect": 332.6650695800781, "num_identification_agreements": 1, "cluster": 1, "tavg": null, "tmin": 4.0, "tmax": 16.1, "prcp_d0": 4.132835865020752, "prcp_d1": 0.0, "prcp_d2": 0.0, "prcp_d3": 0.0, "prcp_d4": 0.0, "prcp_d5": 0.0, "prcp_d6": 0.0, "tmax_d0": 15.7, "tmax_d1": 22.2, "tmax_d2": 23.9, "tmax_d3": 19.5, "tmax_d4": 12.0, "tmax_d5": 17.2, "tmax_d6": 18.6, "tmin_d0": 1.6, "tmin_d1": 3.2, "tmin_d2": 4.7, "tmin_d3": 3.8, "tmin_d4": 4.8, "tmin_d5": 3.4, "tmin_d6": 2.4, "day_of_year": 119, "uuid": "eb63bbdc-713d-47fa-93b6-8fab9836b877", "inat_id": 276721804}}, {"type": "Feature", "geometry": {"type": "Point", "coordinates": [-105.0935171731, 39.5478843804]}, "properties": {"species": "Pleurotus populinus", "date": "2025-05-11", "location": "Chatfield Bluffs, Littleton, CO, USA", "elevation": 1672.0, "land_cover_label": "Grassland", "water_mask": false, "exclude_reason": "keep", "ndvi": null, "soil_moisture": 0.2985537213036888, "solar_exposure": 0.8434614539146423, "wind_exposure": 0.3148643672466278, "water_retention": 0.6192435026168823, "slope": 0.8696818947792053, "aspect": 110.95101165771484, "num_identification_agreements": 1, "cluster": 0, "tavg": null, "tmin": 10.0, "tmax": 26.7, "prcp_d0": 0.0, "prcp_d1": 0.0218560732901096, "prcp_d2": 0.1331101059913635, "prcp_d3": 0.6998087763786316, "prcp_d4": 11.224828720092772, "prcp_d5": 15.379180908203123, "prcp_d6": 13.74787712097168, "tmax_d0": 27.3, "tmax_d1": 23.8, "tmax_d2": 20.9, "tmax_d3": 18.1, "tmax_d4": 11.7, "tmax_d5": 13.8, "tmax_d6": 20.8, "tmin_d0": 7.5, "tmin_d1": 4.1, "tmin_d2": 3.2, "tmin_d3": 0.6, "tmin_d4": 4.8, "tmin_d5": 5.2, "tmin_d6": 8.3, "day_of_year": 131, "uuid": "49a8b895-dac1-4c1b-9279-aba6144f5e2d", "inat_id": 280360638}}, {"type": "Feature", "geometry": {"type": "Point", "coordinates": [-104.85917, 39.760345]}, "properties": {"species": "Pleurotus populinus", "date": "2025-05-30", "location": "Martin Luther King Jr Blvd, Denver, CO, US", "elevation": 1614.0, "land_cover_label": "Bare / sparse vegetation", "water_mask": false, "exclude_reason": "keep", "ndvi": null, "soil_moisture": 0.3015579635633654, "solar_exposure": 0.8500456213951111, "wind_exposure": 0.3162695169448852, "water_retention": 0.3310031592845917, "slope": 0.9329047203063964, "aspect": 180.0, "num_identification_agreements": 1, "cluster": 0, "tavg": null, "tmin": 10.4, "tmax": 24.3, "prcp_d0": 0.0, "prcp_d1": 0.0, "prcp_d2": 0.0, "prcp_d3": 0.0, "prcp_d4": 17.751066207885742, "prcp_d5": 14.175759315490724, "prcp_d6": 0.0, "tmax_d0": 25.0, "tmax_d1": 17.9, "tmax_d2": 19.3, "tmax_d3": 20.3, "tmax_d4": 15.4, "tmax_d5": 17.6, "tmax_d6": 25.9, "tmin_d0": 7.7, "tmin_d1": 8.8, "tmin_d2": 7.8, "tmin_d3": 6.8, "tmin_d4": 8.3, "tmin_d5": 10.4, "tmin_d6": 13.6, "day_of_year": 150, "uuid": "cfe4c7cd-ab62-469d-99a6-de7c1a60e4d1", "inat_id": 285369112}}, {"type": "Feature", "geometry": {"type": "Point", "coordinates": [-104.8591995239, 39.7577514648]}, "properties": {"species": "Pleurotus populinus", "date": "2025-05-30", "location": "Denver", "elevation": 1630.0, "land_cover_label": "Bare / sparse vegetation", "water_mask": false, "exclude_reason": "keep", "ndvi": null, "soil_moisture": 0.3015677372755003, "solar_exposure": 0.8018752336502075, "wind_exposure": 0.3453639447689056, "water_retention": 0.2393710166215896, "slope": 3.626587390899658, "aspect": 340.39666748046875, "num_identification_agreements": 1, "cluster": 0, "tavg": null, "tmin": 10.4, "tmax": 24.3, "prcp_d0": 0.0, "prcp_d1": 0.0, "prcp_d2": 0.0, "prcp_d3": 0.0, "prcp_d4": 17.751066207885742, "prcp_d5": 14.175759315490724, "prcp_d6": 0.0, "tmax_d0": 25.0, "tmax_d1": 17.9, "tmax_d2": 19.3, "tmax_d3": 20.3, "tmax_d4": 15.4, "tmax_d5": 17.6, "tmax_d6": 25.9, "tmin_d0": 7.7, "tmin_d1": 8.8, "tmin_d2": 7.8, "tmin_d3": 6.8, "tmin_d4": 8.3, "tmin_d5": 10.4, "tmin_d6": 13.6, "day_of_year": 150, "uuid": "d3aa5f22-2bf1-4fad-a3ff-ba3afcf1127f", "inat_id": 285368951}}, {"type": "Feature", "geometry": {"type": "Point", "coordinates": [-104.8591083333, 39.760445]}, "properties": {"species": "Pleurotus populinus", "date": "2025-05-30", "location": "Martin Luther King Jr Blvd, Denver, CO, US", "elevation": 1614.0, "land_cover_label": "Grassland", "water_mask": false, "exclude_reason": "keep", "ndvi": null, "soil_moisture": 0.3015374900886275, "solar_exposure": 0.8401758074760437, "wind_exposure": 0.3181767165660858, "water_retention": 0.621812105178833, "slope": 0.8121921420097351, "aspect": 90.0, "num_identification_agreements": 1, "cluster": 0, "tavg": null, "tmin": 10.4, "tmax": 24.3, "prcp_d0": 0.0, "prcp_d1": 0.0, "prcp_d2": 0.0, "prcp_d3": 0.0, "prcp_d4": 17.751066207885742, "prcp_d5": 14.175759315490724, "prcp_d6": 0.0, "tmax_d0": 25.0, "tmax_d1": 17.9, "tmax_d2": 19.3, "tmax_d3": 20.3, "tmax_d4": 15.4, "tmax_d5": 17.6, "tmax_d6": 25.9, "tmin_d0": 7.7, "tmin_d1": 8.8, "tmin_d2": 7.8, "tmin_d3": 6.8, "tmin_d4": 8.3, "tmin_d5": 10.4, "tmin_d6": 13.6, "day_of_year": 150, "uuid": "f00f6056-0d53-4e29-87b4-8f8fa9879806", "inat_id": 285368999}}, {"type": "Feature", "geometry": {"type": "Point", "coordinates": [-108.0300166419, 39.0088889286]}, "properties": {"species": "Pleurotus populinus", "date": "2025-06-27", "location": "Mesa County, US-CO, US", "elevation": 3149.0, "land_cover_label": "Tree cover", "water_mask": false, "exclude_reason": "keep", "ndvi": null, "soil_moisture": null, "solar_exposure": null, "wind_exposure": null, "water_retention": null, "slope": null, "aspect": null, "num_identification_agreements": 1, "cluster": 2, "tavg": null, "tmin": 15.0, "tmax": 37.5, "prcp_d0": 0.0, "prcp_d1": 0.0, "prcp_d2": 0.0, "prcp_d3": 0.0, "prcp_d4": 0.0, "prcp_d5": 0.0, "prcp_d6": 0.0, "tmax_d0": 20.3, "tmax_d1": 18.3, "tmax_d2": 16.7, "tmax_d3": 17.1, "tmax_d4": 18.2, "tmax_d5": 18.7, "tmax_d6": 20.9, "tmin_d0": 6.9, "tmin_d1": 4.5, "tmin_d2": 4.6, "tmin_d3": 6.5, "tmin_d4": 2.6, "tmin_d5": 5.4, "tmin_d6": 6.0, "day_of_year": 178, "uuid": "600fdc69-9175-4e73-b0d8-65a410f5c8d4", "inat_id": 293227800}}, {"type": "Feature", "geometry": {"type": "Point", "coordinates": [-105.8431246891, 35.7461180328]}, "properties": {"species": "Pleurotus populinus", "date": "2025-06-28", "location": "Santa Fe, NM, US", "elevation": 2763.0, "land_cover_label": "Tree cover", "water_mask": false, "exclude_reason": "keep", "ndvi": null, "soil_moisture": null, "solar_exposure": null, "wind_exposure": null, "water_retention": null, "slope": null, "aspect": null, "num_identification_agreements": 2, "cluster": 2, "tavg": null, "tmin": 13.9, "tmax": 32.2, "prcp_d0": 0.0, "prcp_d1": 0.0, "prcp_d2": 0.0, "prcp_d3": 13.316713333129885, "prcp_d4": 0.0, "prcp_d5": 0.0, "prcp_d6": 0.0, "tmax_d0": 23.3, "tmax_d1": 21.9, "tmax_d2": 21.1, "tmax_d3": 18.4, "tmax_d4": 22.7, "tmax_d5": 22.7, "tmax_d6": 22.8, "tmin_d0": 7.8, "tmin_d1": 6.3, "tmin_d2": 5.6, "tmin_d3": 9.1, "tmin_d4": 8.5, "tmin_d5": 6.1, "tmin_d6": 9.7, "day_of_year": 179, "uuid": "0d2bab3d-ae2a-4acf-bed1-f28b9e32d301", "inat_id": 294215769}}, {"type": "Feature", "geometry": {"type": "Point", "coordinates": [-105.0758926922, 38.7430505847]}, "properties": {"species": "Pleurotus populinus", "date": "2025-07-11", "location": "Colorado, US", "elevation": 2921.0, "land_cover_label": "Tree cover", "water_mask": false, "exclude_reason": "keep", "ndvi": null, "soil_moisture": null, "solar_exposure": null, "wind_exposure": null, "water_retention": null, "slope": null, "aspect": null, "num_identification_agreements": 1, "cluster": 2, "tavg": null, "tmin": 16.0, "tmax": 27.0, "prcp_d0": 0.0, "prcp_d1": 0.0, "prcp_d2": 0.0, "prcp_d3": 0.0, "prcp_d4": 0.0, "prcp_d5": 0.0, "prcp_d6": 4.323037624359131, "tmax_d0": 19.4, "tmax_d1": 22.6, "tmax_d2": 25.0, "tmax_d3": 21.1, "tmax_d4": 21.1, "tmax_d5": 20.3, "tmax_d6": 20.4, "tmin_d0": 8.8, "tmin_d1": 12.5, "tmin_d2": 13.4, "tmin_d3": 11.2, "tmin_d4": 9.4, "tmin_d5": 10.5, "tmin_d6": 10.9, "day_of_year": 192, "uuid": "0c507217-636f-447c-8ff2-5906c8a55e54", "inat_id": 297353252}}, {"type": "Feature", "geometry": {"type": "Point", "coordinates": [-105.2371854622, 39.0382086815]}, "properties": {"species": "Pleurotus populinus", "date": "2025-07-12", "location": "Colorado, US", "elevation": 2760.0, "land_cover_label": "Tree cover", "water_mask": false, "exclude_reason": "keep", "ndvi": null, "soil_moisture": 0.1949945256734813, "solar_exposure": 0.888422966003418, "wind_exposure": 0.3441056609153747, "water_retention": 0.2147183716297149, "slope": 5.219903469085693, "aspect": 161.91969299316406, "num_identification_agreements": 1, "cluster": 2, "tavg": null, "tmin": 7.0, "tmax": 22.0, "prcp_d0": 3.905129909515381, "prcp_d1": 0.0, "prcp_d2": 0.0, "prcp_d3": 0.0, "prcp_d4": 0.0, "prcp_d5": 0.0, "prcp_d6": 0.0, "tmax_d0": 24.2, "tmax_d1": 24.0, "tmax_d2": 26.5, "tmax_d3": 27.5, "tmax_d4": 24.6, "tmax_d5": 24.1, "tmax_d6": 24.4, "tmin_d0": 8.0, "tmin_d1": 8.1, "tmin_d2": 11.8, "tmin_d3": 9.5, "tmin_d4": 8.3, "tmin_d5": 8.0, "tmin_d6": 7.4, "day_of_year": 193, "uuid": "e0061a62-6059-4be4-8efb-648fb59201bd", "inat_id": 297490939}}, {"type": "Feature", "geometry": {"type": "Point", "coordinates": [-105.4899267107, 40.6090518797]}, "properties": {"species": "Pleurotus populinus", "date": "2025-07-12", "location": "Bellvue, CO 80512, USA", "elevation": 2882.0, "land_cover_label": "Grassland", "water_mask": false, "exclude_reason": "keep", "ndvi": null, "soil_moisture": 0.3569927658981889, "solar_exposure": 0.9586994647979736, "wind_exposure": 0.449358731508255, "water_retention": 0.1439574658870697, "slope": 14.623824119567873, "aspect": 176.88551330566406, "num_identification_agreements": 1, "cluster": 2, "tavg": null, "tmin": 15.0, "tmax": 28.3, "prcp_d0": 6.2543230056762695, "prcp_d1": 0.0, "prcp_d2": 0.0, "prcp_d3": 0.0, "prcp_d4": 0.0, "prcp_d5": 0.0, "prcp_d6": 0.0, "tmax_d0": 20.4, "tmax_d1": 18.5, "tmax_d2": 24.2, "tmax_d3": 25.2, "tmax_d4": 23.7, "tmax_d5": 22.1, "tmax_d6": 21.6, "tmin_d0": 4.6, "tmin_d1": 6.5, "tmin_d2": 11.0, "tmin_d3": 6.6, "tmin_d4": 5.6, "tmin_d5": 5.8, "tmin_d6": 6.3, "day_of_year": 193, "uuid": "a494df29-a991-463f-a0fc-951f0b555778", "inat_id": 298267768}}, {"type": "Feature", "geometry": {"type": "Point", "coordinates": [-105.1840833333, 38.8774133333]}, "properties": {"species": "Pleurotus populinus", "date": "2025-07-15", "location": "Rock Pond Trail, Divide, CO, US", "elevation": 2914.0, "land_cover_label": "Tree cover", "water_mask": false, "exclude_reason": "keep", "ndvi": null, "soil_moisture": null, "solar_exposure": null, "wind_exposure": null, "water_retention": null, "slope": null, "aspect": null, "num_identification_agreements": 1, "cluster": 2, "tavg": null, "tmin": 21.0, "tmax": 33.0, "prcp_d0": 2.4182276725769043, "prcp_d1": 7.254683971405029, "prcp_d2": 2.4182276725769043, "prcp_d3": 4.836455345153809, "prcp_d4": 0.0, "prcp_d5": 0.0, "prcp_d6": 0.0, "tmax_d0": 23.7, "tmax_d1": 23.6, "tmax_d2": 22.0, "tmax_d3": 21.7, "tmax_d4": 21.7, "tmax_d5": 23.7, "tmax_d6": 26.2, "tmin_d0": 10.9, "tmin_d1": 9.8, "tmin_d2": 8.3, "tmin_d3": 6.5, "tmin_d4": 8.1, "tmin_d5": 13.6, "tmin_d6": 11.0, "day_of_year": 196, "uuid": "51835c16-4e35-485c-bf6c-2a0631ff2c00", "inat_id": 298298791}}, {"type": "Feature", "geometry": {"type": "Point", "coordinates": [-105.614761832, 35.6536307428]}, "properties": {"species": "Pleurotus populinus", "date": "2025-07-18", "location": "New Mexico, US", "elevation": 2543.0, "land_cover_label": "Grassland", "water_mask": false, "exclude_reason": "keep", "ndvi": null, "soil_moisture": null, "solar_exposure": null, "wind_exposure": null, "water_retention": null, "slope": null, "aspect": null, "num_identification_agreements": 2, "cluster": 2, "tavg": null, "tmin": 12.2, "tmax": 27.8, "prcp_d0": 6.2108659744262695, "prcp_d1": 0.0, "prcp_d2": 0.0, "prcp_d3": 2.9713222980499268, "prcp_d4": 1.4856611490249634, "prcp_d5": 4.45698356628418, "prcp_d6": 1.4856611490249634, "tmax_d0": 23.6, "tmax_d1": 24.3, "tmax_d2": 25.3, "tmax_d3": 26.1, "tmax_d4": 24.7, "tmax_d5": 24.8, "tmax_d6": 26.0, "tmin_d0": 11.0, "tmin_d1": 9.9, "tmin_d2": 10.7, "tmin_d3": 9.1, "tmin_d4": 9.0, "tmin_d5": 9.3, "tmin_d6": 10.3, "day_of_year": 199, "uuid": "4d2c0e19-a17e-476d-8479-33c154dcd919", "inat_id": 299041533}}, {"type": "Feature", "geometry": {"type": "Point", "coordinates": [-105.5381916667, 40.1696033333]}, "properties": {"species": "Pleurotus populinus", "date": "2025-07-19", "location": "Allenspark, CO, US", "elevation": 2774.0, "land_cover_label": "Tree cover", "water_mask": false, "exclude_reason": "keep", "ndvi": null, "soil_moisture": 0.349074170770708, "solar_exposure": 0.8740811347961426, "wind_exposure": 0.2157682627439499, "water_retention": 0.4175794124603271, "slope": 12.951543807983398, "aspect": 116.64334869384766, "num_identification_agreements": 1, "cluster": 2, "tavg": null, "tmin": 17.0, "tmax": 31.0, "prcp_d0": 0.0, "prcp_d1": 0.0, "prcp_d2": 0.0, "prcp_d3": 0.0, "prcp_d4": 0.0, "prcp_d5": 13.199607849121094, "prcp_d6": 0.0, "tmax_d0": 22.8, "tmax_d1": 22.2, "tmax_d2": 21.6, "tmax_d3": 20.9, "tmax_d4": 23.5, "tmax_d5": 23.1, "tmax_d6": 20.9, "tmin_d0": 10.0, "tmin_d1": 10.1, "tmin_d2": 8.2, "tmin_d3": 9.2, "tmin_d4": 10.0, "tmin_d5": 11.1, "tmin_d6": 10.2, "day_of_year": 200, "uuid": "144cf350-53ef-4ce1-b48f-fb204e38a526", "inat_id": 299456111}}, {"type": "Feature", "geometry": {"type": "Point", "coordinates": [-104.8646900687, 38.766207378]}, "properties": {"species": "Pleurotus populinus", "date": "2025-07-19", "location": "Colorado, US", "elevation": 2629.0, "land_cover_label": "Tree cover", "water_mask": false, "exclude_reason": "keep", "ndvi": null, "soil_moisture": null, "solar_exposure": null, "wind_exposure": null, "water_retention": null, "slope": null, "aspect": null, "num_identification_agreements": 1, "cluster": 3, "tavg": null, "tmin": 20.0, "tmax": 30.0, "prcp_d0": 0.0, "prcp_d1": 10.662103652954102, "prcp_d2": 10.662103652954102, "prcp_d3": 0.0, "prcp_d4": 3.372367143630981, "prcp_d5": 3.372367143630981, "prcp_d6": 3.372367143630981, "tmax_d0": 23.1, "tmax_d1": 24.6, "tmax_d2": 19.5, "tmax_d3": 21.6, "tmax_d4": 25.7, "tmax_d5": 22.6, "tmax_d6": 23.2, "tmin_d0": 9.3, "tmin_d1": 8.8, "tmin_d2": 10.3, "tmin_d3": 9.9, "tmin_d4": 8.2, "tmin_d5": 8.6, "tmin_d6": 9.7, "day_of_year": 200, "uuid": "05f81859-0023-4e92-a673-eb2481c77842", "inat_id": 299382132}}, {"type": "Feature", "geometry": {"type": "Point", "coordinates": [-105.0999410632, 39.0176020723]}, "properties": {"species": "Pleurotus populinus", "date": "2025-07-20", "location": "Woodland Park, CO, US", "elevation": 2594.0, "land_cover_label": "Tree cover", "water_mask": false, "exclude_reason": "keep", "ndvi": null, "soil_moisture": 0.3394180942500739, "solar_exposure": 0.8128515481948853, "wind_exposure": 0.2282079011201858, "water_retention": 0.536591649055481, "slope": 2.5192699432373047, "aspect": 9.270914077758787, "num_identification_agreements": 1, "cluster": 2, "tavg": null, "tmin": 13.1, "tmax": 30.4, "prcp_d0": 0.0, "prcp_d1": 0.0, "prcp_d2": 5.419832706451416, "prcp_d3": 0.0, "prcp_d4": 5.419832706451416, "prcp_d5": 0.0, "prcp_d6": 6.5725836753845215, "tmax_d0": 24.2, "tmax_d1": 23.9, "tmax_d2": 24.5, "tmax_d3": 22.4, "tmax_d4": 23.7, "tmax_d5": 26.0, "tmax_d6": 24.2, "tmin_d0": 12.6, "tmin_d1": 11.2, "tmin_d2": 11.7, "tmin_d3": 10.8, "tmin_d4": 9.7, "tmin_d5": 11.5, "tmin_d6": 11.6, "day_of_year": 201, "uuid": "92f8a888-799c-425f-91eb-b7452ec47c49", "inat_id": 299957182}}, {"type": "Feature", "geometry": {"type": "Point", "coordinates": [-107.04395472, 40.25144875]}, "properties": {"species": "Pleurotus populinus", "date": "2025-07-22", "location": "Oak Creek, CO 80467, USA", "elevation": 2668.0, "land_cover_label": "Tree cover", "water_mask": false, "exclude_reason": "keep", "ndvi": null, "soil_moisture": null, "solar_exposure": null, "wind_exposure": null, "water_retention": null, "slope": null, "aspect": null, "num_identification_agreements": 2, "cluster": 2, "tavg": null, "tmin": 13.1, "tmax": 28.9, "prcp_d0": 0.0, "prcp_d1": 0.0, "prcp_d2": 0.0, "prcp_d3": 0.0, "prcp_d4": 0.0, "prcp_d5": 0.0, "prcp_d6": 0.0, "tmax_d0": 22.7, "tmax_d1": 22.5, "tmax_d2": 23.1, "tmax_d3": 22.2, "tmax_d4": 22.9, "tmax_d5": 23.8, "tmax_d6": 23.9, "tmin_d0": 6.5, "tmin_d1": 7.0, "tmin_d2": 5.5, "tmin_d3": 6.9, "tmin_d4": 7.2, "tmin_d5": 6.9, "tmin_d6": 7.0, "day_of_year": 203, "uuid": "250a2764-21bb-4172-9e2c-6810146c32e2", "inat_id": 300112147}}, {"type": "Feature", "geometry": {"type": "Point", "coordinates": [-105.7992694444, 35.7987222222]}, "properties": {"species": "Pleurotus populinus", "date": "2025-07-22", "location": "Santa Fe County, NM, USA", "elevation": 3249.0, "land_cover_label": "Tree cover", "water_mask": false, "exclude_reason": "keep", "ndvi": null, "soil_moisture": null, "solar_exposure": null, "wind_exposure": null, "water_retention": null, "slope": null, "aspect": null, "num_identification_agreements": 1, "cluster": 2, "tavg": null, "tmin": 15.6, "tmax": 29.4, "prcp_d0": 4.170327186584473, "prcp_d1": 0.0, "prcp_d2": 6.3291449546813965, "prcp_d3": 0.0, "prcp_d4": 6.3291449546813965, "prcp_d5": 0.0, "prcp_d6": 0.0, "tmax_d0": 17.5, "tmax_d1": 18.8, "tmax_d2": 19.7, "tmax_d3": 19.7, "tmax_d4": 17.9, "tmax_d5": 20.2, "tmax_d6": 20.7, "tmin_d0": 6.5, "tmin_d1": 9.4, "tmin_d2": 7.7, "tmin_d3": 7.9, "tmin_d4": 7.4, "tmin_d5": 6.7, "tmin_d6": 8.8, "day_of_year": 203, "uuid": "401f5a1d-2c1f-4529-9eca-1ee6592974a4", "inat_id": 300739653}}, {"type": "Feature", "geometry": {"type": "Point", "coordinates": [-106.9689333333, 38.9296916667]}, "properties": {"species": "Pleurotus populinus", "date": "2025-07-25", "location": "Washington Gulch Rd, Crested Butte, CO, US", "elevation": 2996.0, "land_cover_label": "Tree cover", "water_mask": false, "exclude_reason": "keep", "ndvi": null, "soil_moisture": null, "solar_exposure": null, "wind_exposure": null, "water_retention": null, "slope": null, "aspect": null, "num_identification_agreements": 1, "cluster": 2, "tavg": null, "tmin": 7.8, "tmax": 27.2, "prcp_d0": 0.0, "prcp_d1": 0.0, "prcp_d2": 5.594619274139404, "prcp_d3": 0.0, "prcp_d4": 0.0, "prcp_d5": 0.0, "prcp_d6": 0.0, "tmax_d0": 19.7, "tmax_d1": 19.1, "tmax_d2": 18.0, "tmax_d3": 19.3, "tmax_d4": 20.0, "tmax_d5": 20.0, "tmax_d6": 19.7, "tmin_d0": 4.9, "tmin_d1": 6.7, "tmin_d2": 8.8, "tmin_d3": 7.5, "tmin_d4": 8.1, "tmin_d5": 7.2, "tmin_d6": 7.1, "day_of_year": 206, "uuid": "22da963c-3d15-4046-a9d1-1398783e91d9", "inat_id": 301096946}}, {"type": "Feature", "geometry": {"type": "Point", "coordinates": [-105.4526472597, 40.4867216317]}, "properties": {"species": "Pleurotus populinus", "date": "2025-07-26", "location": "Larimer County, US-CO, US", "elevation": 2347.0, "land_cover_label": "Tree cover", "water_mask": false, "exclude_reason": "keep", "ndvi": null, "soil_moisture": 0.3656170376451545, "solar_exposure": 0.8673240542411804, "wind_exposure": 0.1794243603944778, "water_retention": 0.4817588925361633, "slope": 3.983064413070679, "aspect": 225.44583129882807, "num_identification_agreements": 1, "cluster": 2, "tavg": null, "tmin": 15.0, "tmax": 36.1, "prcp_d0": 0.0, "prcp_d1": 0.0, "prcp_d2": 0.0, "prcp_d3": 13.16261386871338, "prcp_d4": 0.0, "prcp_d5": 0.0, "prcp_d6": 0.0, "tmax_d0": 27.0, "tmax_d1": 24.2, "tmax_d2": 21.2, "tmax_d3": 20.7, "tmax_d4": 25.3, "tmax_d5": 27.6, "tmax_d6": 25.5, "tmin_d0": 9.6, "tmin_d1": 11.0, "tmin_d2": 10.1, "tmin_d3": 13.1, "tmin_d4": 11.1, "tmin_d5": 11.2, "tmin_d6": 9.6, "day_of_year": 207, "uuid": "8b6fc271-9026-42d7-a586-b467c0683d8e", "inat_id": 310373493}}, {"type": "Feature", "geometry": {"type": "Point", "coordinates": [-104.9778807, 37.8731732997]}, "properties": {"species": "Pleurotus populinus", "date": "2025-07-26", "location": "Rye, CO 81069, USA", "elevation": 2790.0, "land_cover_label": "Tree cover", "water_mask": false, "exclude_reason": "keep", "ndvi": null, "soil_moisture": null, "solar_exposure": null, "wind_exposure": null, "water_retention": null, "slope": null, "aspect": null, "num_identification_agreements": 1, "cluster": 2, "tavg": null, "tmin": 15.0, "tmax": 34.0, "prcp_d0": 0.0, "prcp_d1": 0.0, "prcp_d2": 7.140315055847168, "prcp_d3": 0.0, "prcp_d4": 7.140315055847168, "prcp_d5": 0.0, "prcp_d6": 0.0, "tmax_d0": 23.2, "tmax_d1": 21.8, "tmax_d2": 19.3, "tmax_d3": 20.2, "tmax_d4": 21.6, "tmax_d5": 23.1, "tmax_d6": 23.2, "tmin_d0": 12.4, "tmin_d1": 10.9, "tmin_d2": 9.5, "tmin_d3": 10.2, "tmin_d4": 12.8, "tmin_d5": 13.1, "tmin_d6": 13.5, "day_of_year": 207, "uuid": "3e6cee83-bfce-4d14-80a8-250d54532f59", "inat_id": 302989923}}, {"type": "Feature", "geometry": {"type": "Point", "coordinates": [-105.0893611111, 39.0326861111]}, "properties": {"species": "Pleurotus populinus", "date": "2025-07-26", "location": "Woodland Park, CO 80863, USA", "elevation": 2508.0, "land_cover_label": "Tree cover", "water_mask": false, "exclude_reason": "keep", "ndvi": null, "soil_moisture": 0.3300301251743847, "solar_exposure": 0.8086611032485962, "wind_exposure": 0.2809064984321594, "water_retention": 0.3634833991527557, "slope": 3.453785181045532, "aspect": 324.0395202636719, "num_identification_agreements": 1, "cluster": 3, "tavg": null, "tmin": 11.9, "tmax": 31.6, "prcp_d0": 0.0, "prcp_d1": 0.0, "prcp_d2": 7.805568695068359, "prcp_d3": 15.61113739013672, "prcp_d4": 0.0, "prcp_d5": 0.0, "prcp_d6": 0.0, "tmax_d0": 25.4, "tmax_d1": 24.6, "tmax_d2": 22.5, "tmax_d3": 21.7, "tmax_d4": 26.2, "tmax_d5": 26.6, "tmax_d6": 24.7, "tmin_d0": 12.0, "tmin_d1": 10.9, "tmin_d2": 9.7, "tmin_d3": 11.2, "tmin_d4": 13.2, "tmin_d5": 12.1, "tmin_d6": 13.1, "day_of_year": 207, "uuid": "635c298e-6041-41cc-9626-4c93eecbfcbd", "inat_id": 301380239}}, {"type": "Feature", "geometry": {"type": "Point", "coordinates": [-106.8873752544, 38.8875266746]}, "properties": {"species": "Pleurotus populinus", "date": "2025-07-29", "location": "Gunnison County, US-CO, US", "elevation": 2861.0, "land_cover_label": "Tree cover", "water_mask": false, "exclude_reason": "keep", "ndvi": null, "soil_moisture": null, "solar_exposure": null, "wind_exposure": null, "water_retention": null, "slope": null, "aspect": null, "num_identification_agreements": 1, "cluster": 2, "tavg": null, "tmin": 12.8, "tmax": 25.6, "prcp_d0": 0.0, "prcp_d1": 0.0, "prcp_d2": 0.0, "prcp_d3": 0.0, "prcp_d4": 0.0, "prcp_d5": 0.0, "prcp_d6": 5.652806758880615, "tmax_d0": 20.2, "tmax_d1": 23.1, "tmax_d2": 22.9, "tmax_d3": 19.8, "tmax_d4": 21.1, "tmax_d5": 19.4, "tmax_d6": 18.9, "tmin_d0": 11.8, "tmin_d1": 5.9, "tmin_d2": 4.1, "tmin_d3": 5.3, "tmin_d4": 4.2, "tmin_d5": 6.0, "tmin_d6": 9.6, "day_of_year": 210, "uuid": "cfb1da4a-6fe6-4d59-8f4f-854437c3faca", "inat_id": 305367216}}, {"type": "Feature", "geometry": {"type": "Point", "coordinates": [-107.8753855117, 37.9158539803]}, "properties": {"species": "Pleurotus populinus", "date": "2025-07-29", "location": "Grand Mesa Uncompahgre and Gunnison National Forests, Telluride, CO, US", "elevation": 2949.0, "land_cover_label": "Tree cover", "water_mask": false, "exclude_reason": "keep", "ndvi": null, "soil_moisture": null, "solar_exposure": null, "wind_exposure": null, "water_retention": null, "slope": null, "aspect": null, "num_identification_agreements": 1, "cluster": 2, "tavg": null, "tmin": 13.0, "tmax": 22.0, "prcp_d0": 0.0, "prcp_d1": 0.0, "prcp_d2": 0.0, "prcp_d3": 0.0, "prcp_d4": 0.0, "prcp_d5": 0.0, "prcp_d6": 4.738284587860107, "tmax_d0": 19.5, "tmax_d1": 21.8, "tmax_d2": 21.9, "tmax_d3": 19.6, "tmax_d4": 18.7, "tmax_d5": 19.3, "tmax_d6": 18.6, "tmin_d0": 8.1, "tmin_d1": 7.2, "tmin_d2": 6.3, "tmin_d3": 4.3, "tmin_d4": 5.3, "tmin_d5": 7.4, "tmin_d6": 7.1, "day_of_year": 210, "uuid": "eb67cd5a-f595-45a7-846d-bd7853aac89d", "inat_id": 302239816}}, {"type": "Feature", "geometry": {"type": "Point", "coordinates": [-105.6499716667, 40.3127533333]}, "properties": {"species": "Pleurotus populinus", "date": "2025-07-31", "location": "Rocky Mountain National Park, Estes Park, CO, US", "elevation": 2920.0, "land_cover_label": "Tree cover", "water_mask": false, "exclude_reason": "keep", "ndvi": null, "soil_moisture": 0.409972667617777, "solar_exposure": 0.6675645709037781, "wind_exposure": 0.251578688621521, "water_retention": 0.4154050946235657, "slope": 16.105712890625, "aspect": 37.8582763671875, "num_identification_agreements": 1, "cluster": 1, "tavg": null, "tmin": 3.7, "tmax": 25.6, "prcp_d0": 3.280850648880005, "prcp_d1": 3.280850648880005, "prcp_d2": 0.0, "prcp_d3": 0.0, "prcp_d4": 0.0, "prcp_d5": 0.0, "prcp_d6": 0.0, "tmax_d0": 20.6, "tmax_d1": 17.6, "tmax_d2": 20.8, "tmax_d3": 24.5, "tmax_d4": 23.8, "tmax_d5": 22.1, "tmax_d6": 21.2, "tmin_d0": 3.7, "tmin_d1": 6.2, "tmin_d2": 9.0, "tmin_d3": 7.4, "tmin_d4": 5.1, "tmin_d5": 6.2, "tmin_d6": 7.5, "day_of_year": 212, "uuid": "c6ca1684-5e2f-43c2-90ca-9192804f4e1d", "inat_id": 302769543}}, {"type": "Feature", "geometry": {"type": "Point", "coordinates": [-105.80301641, 35.77670155]}, "properties": {"species": "Pleurotus populinus", "date": "2025-08-06", "location": "Santa Fe County, US-NM, US", "elevation": 3084.0, "land_cover_label": "Tree cover", "water_mask": false, "exclude_reason": "keep", "ndvi": null, "soil_moisture": null, "solar_exposure": null, "wind_exposure": null, "water_retention": null, "slope": null, "aspect": null, "num_identification_agreements": 1, "cluster": 2, "tavg": null, "tmin": 15.0, "tmax": 35.0, "prcp_d0": 0.0, "prcp_d1": 0.0, "prcp_d2": 0.0, "prcp_d3": 0.0, "prcp_d4": 0.0, "prcp_d5": 0.0, "prcp_d6": 7.859631538391113, "tmax_d0": 23.6, "tmax_d1": 23.2, "tmax_d2": 22.0, "tmax_d3": 21.2, "tmax_d4": 20.3, "tmax_d5": 18.3, "tmax_d6": 17.6, "tmin_d0": 10.7, "tmin_d1": 10.2, "tmin_d2": 4.0, "tmin_d3": 10.0, "tmin_d4": 8.9, "tmin_d5": 6.0, "tmin_d6": 4.0, "day_of_year": 218, "uuid": "adce84c8-31ee-4fe2-bdf6-66564df2c6d6", "inat_id": 304544865}}, {"type": "Feature", "geometry": {"type": "Point", "coordinates": [-106.7013383333, 39.5285133333]}, "properties": {"species": "Pleurotus populinus", "date": "2025-08-10", "location": "Sylvan Lake State Park-Colorado, Eagle, CO, US", "elevation": 2624.0, "land_cover_label": "Tree cover", "water_mask": false, "exclude_reason": "keep", "ndvi": null, "soil_moisture": null, "solar_exposure": null, "wind_exposure": null, "water_retention": null, "slope": null, "aspect": null, "num_identification_agreements": 1, "cluster": 2, "tavg": null, "tmin": 12.8, "tmax": 27.8, "prcp_d0": 7.051693916320801, "prcp_d1": 0.0, "prcp_d2": 0.0, "prcp_d3": 0.0, "prcp_d4": 0.0, "prcp_d5": 0.0, "prcp_d6": 0.0, "tmax_d0": 22.8, "tmax_d1": 24.4, "tmax_d2": 25.3, "tmax_d3": 26.5, "tmax_d4": 26.1, "tmax_d5": 26.2, "tmax_d6": 26.1, "tmin_d0": 8.8, "tmin_d1": 11.1, "tmin_d2": 14.1, "tmin_d3": 14.3, "tmin_d4": 11.2, "tmin_d5": 11.3, "tmin_d6": 10.1, "day_of_year": 222, "uuid": "c0f02e14-475c-4b48-9bd1-c091918747dd", "inat_id": 305372485}}, {"type": "Feature", "geometry": {"type": "Point", "coordinates": [-107.9027166667, 37.8200133333]}, "properties": {"species": "Pleurotus populinus", "date": "2025-08-17", "location": "Lizard Head Trail, Telluride, CO, US", "elevation": 3169.0, "land_cover_label": "Tree cover", "water_mask": false, "exclude_reason": "keep", "ndvi": null, "soil_moisture": null, "solar_exposure": null, "wind_exposure": null, "water_retention": null, "slope": null, "aspect": null, "num_identification_agreements": 3, "cluster": 2, "tavg": null, "tmin": 8.0, "tmax": 23.0, "prcp_d0": 0.0, "prcp_d1": 0.0, "prcp_d2": 0.0, "prcp_d3": 0.0, "prcp_d4": 0.0, "prcp_d5": 0.0, "prcp_d6": 0.0, "tmax_d0": 17.1, "tmax_d1": 15.8, "tmax_d2": 18.4, "tmax_d3": 21.3, "tmax_d4": 21.0, "tmax_d5": 19.5, "tmax_d6": 18.6, "tmin_d0": 4.8, "tmin_d1": 4.7, "tmin_d2": 7.7, "tmin_d3": 10.0, "tmin_d4": 6.5, "tmin_d5": 4.0, "tmin_d6": 4.4, "day_of_year": 229, "uuid": "17b5bab7-2182-43cb-b936-f72030fef09a", "inat_id": 307199762}}, {"type": "Feature", "geometry": {"type": "Point", "coordinates": [-105.8057238476, 35.7915182274]}, "properties": {"species": "Pleurotus populinus", "date": "2025-08-20", "location": "Winsor Trail, Tererro, NM, US", "elevation": 3135.0, "land_cover_label": "Tree cover", "water_mask": false, "exclude_reason": "keep", "ndvi": null, "soil_moisture": null, "solar_exposure": null, "wind_exposure": null, "water_retention": null, "slope": null, "aspect": null, "num_identification_agreements": 1, "cluster": 2, "tavg": null, "tmin": 14.4, "tmax": 31.1, "prcp_d0": 0.0, "prcp_d1": 11.7296724319458, "prcp_d2": 0.0, "prcp_d3": 0.0, "prcp_d4": 0.0, "prcp_d5": 0.0, "prcp_d6": 0.0, "tmax_d0": 20.1, "tmax_d1": 20.0, "tmax_d2": 21.5, "tmax_d3": 20.7, "tmax_d4": 18.3, "tmax_d5": 21.1, "tmax_d6": 22.0, "tmin_d0": 5.7, "tmin_d1": 6.5, "tmin_d2": 9.0, "tmin_d3": 8.3, "tmin_d4": 7.5, "tmin_d5": 9.2, "tmin_d6": 8.2, "day_of_year": 232, "uuid": "fded80ef-2fa8-4480-b594-1e43ec6e80e3", "inat_id": 307872782}}, {"type": "Feature", "geometry": {"type": "Point", "coordinates": [-105.3774265821, 39.865696344]}, "properties": {"species": "Pleurotus populinus", "date": "2025-08-30", "location": "Jefferson County, US-CO, US", "elevation": 2659.0, "land_cover_label": "Tree cover", "water_mask": false, "exclude_reason": "keep", "ndvi": null, "soil_moisture": 0.4082373274188175, "solar_exposure": 0.6184529066085815, "wind_exposure": 0.3302867710590362, "water_retention": 0.4444798529148102, "slope": 18.721359252929688, "aspect": 30.13050842285156, "num_identification_agreements": 1, "cluster": 1, "tavg": null, "tmin": 15.0, "tmax": 25.0, "prcp_d0": 0.0, "prcp_d1": 0.0, "prcp_d2": 0.0, "prcp_d3": 5.669003486633301, "prcp_d4": 0.0, "prcp_d5": 10.003497123718262, "prcp_d6": 0.0, "tmax_d0": 15.7, "tmax_d1": 19.4, "tmax_d2": 18.0, "tmax_d3": 19.1, "tmax_d4": 17.2, "tmax_d5": 15.9, "tmax_d6": 18.0, "tmin_d0": 7.5, "tmin_d1": 7.2, "tmin_d2": 6.7, "tmin_d3": 8.2, "tmin_d4": 6.2, "tmin_d5": 6.8, "tmin_d6": 8.3, "day_of_year": 242, "uuid": "24e666a3-223b-49bc-8ff7-62692d6ef49f", "inat_id": 310341147}}, {"type": "Feature", "geometry": {"type": "Point", "coordinates": [-105.4769742397, 37.7312529646]}, "properties": {"species": "Pleurotus populinus", "date": "2025-09-07", "location": "Great Sand Dunes National Park, Alamosa County, US-CO, US", "elevation": 2895.0, "land_cover_label": "Tree cover", "water_mask": false, "exclude_reason": "keep", "ndvi": null, "soil_moisture": null, "solar_exposure": null, "wind_exposure": null, "water_retention": null, "slope": null, "aspect": null, "num_identification_agreements": 1, "cluster": 2, "tavg": null, "tmin": 4.9, "tmax": 17.2, "prcp_d0": 0.0, "prcp_d1": 0.0, "prcp_d2": 7.46309757232666, "prcp_d3": 0.0, "prcp_d4": 0.0, "prcp_d5": 0.0, "prcp_d6": 0.0, "tmax_d0": 18.1, "tmax_d1": 17.2, "tmax_d2": 17.6, "tmax_d3": 20.4, "tmax_d4": 20.7, "tmax_d5": 20.0, "tmax_d6": 19.8, "tmin_d0": 7.2, "tmin_d1": 4.8, "tmin_d2": 6.2, "tmin_d3": 9.8, "tmin_d4": 8.7, "tmin_d5": 7.4, "tmin_d6": 6.8, "day_of_year": 250, "uuid": "3eed101d-f205-48cf-aa54-f8549c40cb87", "inat_id": 312392806}}, {"type": "Feature", "geometry": {"type": "Point", "coordinates": [-107.825970836, 37.6357921957]}, "properties": {"species": "Pleurotus populinus", "date": "2025-09-14", "location": "Durango, CO 81301, USA", "elevation": 3019.0, "land_cover_label": "Tree cover", "water_mask": false, "exclude_reason": "keep", "ndvi": null, "soil_moisture": null, "solar_exposure": null, "wind_exposure": null, "water_retention": null, "slope": null, "aspect": null, "num_identification_agreements": 1, "cluster": 3, "tavg": null, "tmin": 1.0, "tmax": 15.0, "prcp_d0": 0.0, "prcp_d1": 0.0, "prcp_d2": 35.92890167236328, "prcp_d3": 0.0, "prcp_d4": 0.0, "prcp_d5": 0.0, "prcp_d6": 0.0, "tmax_d0": 14.5, "tmax_d1": 10.7, "tmax_d2": 11.2, "tmax_d3": 14.8, "tmax_d4": 16.3, "tmax_d5": 17.6, "tmax_d6": 18.0, "tmin_d0": -2.5, "tmin_d1": 1.1, "tmin_d2": 2.1, "tmin_d3": 1.6, "tmin_d4": 5.7, "tmin_d5": 2.1, "tmin_d6": 0.4, "day_of_year": 257, "uuid": "8a5520e6-ea7e-4c81-a3b4-18d0fddbb7cf", "inat_id": 313962390}}, {"type": "Feature", "geometry": {"type": "Point", "coordinates": [-105.073725, 39.7858316667]}, "properties": {"species": "Pleurotus populinus", "date": "2026-03-25", "location": "I-70 Corridor, Arvada, CO, USA", "elevation": 1619.0, "land_cover_label": "Bare / sparse vegetation", "water_mask": false, "exclude_reason": "keep", "ndvi": null, "soil_moisture": 0.163079113070336, "solar_exposure": 0.8335092067718506, "wind_exposure": 0.310704231262207, "water_retention": 0.3247901201248169, "slope": 1.0229346752166748, "aspect": 307.4436950683594, "num_identification_agreements": 1, "cluster": 2, "tavg": null, "tmin": 13.7, "tmax": 31.0, "prcp_d0": 1.2658188343048096, "prcp_d1": 0.0, "prcp_d2": 2.531637668609619, "prcp_d3": 0.0, "prcp_d4": 0.0, "prcp_d5": 0.0, "prcp_d6": 0.0, "tmax_d0": 31.4, "tmax_d1": 28.4, "tmax_d2": 23.4, "tmax_d3": 29.9, "tmax_d4": 31.3, "tmax_d5": 29.6, "tmax_d6": 29.0, "tmin_d0": 10.8, "tmin_d1": 8.6, "tmin_d2": 6.2, "tmin_d3": 6.7, "tmin_d4": 6.9, "tmin_d5": 8.9, "tmin_d6": 7.9, "day_of_year": 84, "uuid": "d2fdb596-0393-4228-9caa-fdc6fef533a8", "inat_id": 345109673}}, {"type": "Feature", "geometry": {"type": "Point", "coordinates": [-104.82643, 38.8629883333]}, "properties": {"species": "Pleurotus populinus", "date": "2026-04-13", "location": "Monument Valley Park Loop, Colorado Springs, CO, US", "elevation": 1863.0, "land_cover_label": "Tree cover", "water_mask": false, "exclude_reason": "keep", "ndvi": null, "soil_moisture": null, "solar_exposure": null, "wind_exposure": null, "water_retention": null, "slope": null, "aspect": null, "num_identification_agreements": 1, "cluster": 2, "tavg": null, "tmin": 7.8, "tmax": 21.7, "prcp_d0": 0.0, "prcp_d1": 0.0, "prcp_d2": 0.0, "prcp_d3": 2.578474760055542, "prcp_d4": 0.0, "prcp_d5": 0.0, "prcp_d6": 0.0, "tmax_d0": 21.7, "tmax_d1": 20.9, "tmax_d2": 22.8, "tmax_d3": 17.8, "tmax_d4": 22.5, "tmax_d5": 21.6, "tmax_d6": 19.4, "tmin_d0": 3.6, "tmin_d1": 4.6, "tmin_d2": 3.6, "tmin_d3": 5.3, "tmin_d4": 3.4, "tmin_d5": 4.5, "tmin_d6": 0.9, "day_of_year": 103, "uuid": "d0687a82-c0fe-46d5-aeec-3cf6d6828c75", "inat_id": 349820114}}, {"type": "Feature", "geometry": {"type": "Point", "coordinates": [-105.02115, 39.8958366667]}, "properties": {"species": "Pleurotus populinus", "date": "2026-04-15", "location": "Mushroom Pond Trail, Westminster, CO, US", "elevation": 1646.0, "land_cover_label": "Bare / sparse vegetation", "water_mask": false, "exclude_reason": "keep", "ndvi": null, "soil_moisture": 0.1752546055223965, "solar_exposure": 0.8563631772994995, "wind_exposure": 0.3240022659301758, "water_retention": 0.5140174627304077, "slope": 1.6067173480987549, "aspect": 194.63731384277344, "num_identification_agreements": 1, "cluster": 2, "tavg": null, "tmin": 7.0, "tmax": 19.0, "prcp_d0": 0.0, "prcp_d1": 1.4017035961151123, "prcp_d2": 0.0, "prcp_d3": 1.4017035961151123, "prcp_d4": 0.0, "prcp_d5": 1.0421074628829956, "prcp_d6": 1.0421074628829956, "tmax_d0": 21.2, "tmax_d1": 19.6, "tmax_d2": 22.5, "tmax_d3": 24.0, "tmax_d4": 24.0, "tmax_d5": 17.6, "tmax_d6": 24.0, "tmin_d0": 6.8, "tmin_d1": 9.5, "tmin_d2": 6.7, "tmin_d3": 7.0, "tmin_d4": 5.6, "tmin_d5": 4.0, "tmin_d6": 5.3, "day_of_year": 105, "uuid": "ac5b8b57-914b-45c7-82b6-0ea402f37e58", "inat_id": 350307252}}, {"type": "Feature", "geometry": {"type": "Point", "coordinates": [-105.2075119019, 39.7267456055]}, "properties": {"species": "Pleurotus populinus", "date": "2026-05-19", "location": "Golden", "elevation": 1849.0, "land_cover_label": "Bare / sparse vegetation", "water_mask": false, "exclude_reason": "keep", "ndvi": null, "soil_moisture": 0.3863193562079746, "solar_exposure": 0.8302096724510193, "wind_exposure": 0.3259079158306122, "water_retention": 0.3251533508300781, "slope": 1.0174397230148315, "aspect": 336.476806640625, "num_identification_agreements": 1, "cluster": 3, "tavg": null, "tmin": 2.0, "tmax": 9.0, "prcp_d0": 0.0, "prcp_d1": 16.601829528808594, "prcp_d2": 8.300914764404297, "prcp_d3": 0.0, "prcp_d4": 0.0, "prcp_d5": 2.78266978263855, "prcp_d6": 0.0, "tmax_d0": 8.3, "tmax_d1": 12.9, "tmax_d2": 22.4, "tmax_d3": 24.3, "tmax_d4": 28.4, "tmax_d5": 29.6, "tmax_d6": 29.3, "tmin_d0": 1.2, "tmin_d1": 2.7, "tmin_d2": 9.1, "tmin_d3": 12.0, "tmin_d4": 9.2, "tmin_d5": 13.0, "tmin_d6": 8.6, "day_of_year": 139, "uuid": "6d71c60b-cb4d-45e1-bb58-0a344db5bbe2", "inat_id": 363200588}}, {"type": "Feature", "geometry": {"type": "Point", "coordinates": [-105.0849722222, 40.3908527778]}, "properties": {"species": "Pleurotus populinus", "date": "2026-06-06", "location": "9WQ7+PX, Loveland, CO 80537, USA", "elevation": 1511.0, "land_cover_label": "Grassland", "water_mask": false, "exclude_reason": "keep", "ndvi": null, "soil_moisture": 0.2235030336733576, "solar_exposure": 0.8532071113586426, "wind_exposure": 0.3175754845142364, "water_retention": 0.3081913888454437, "slope": 1.30837082862854, "aspect": 198.080307006836, "num_identification_agreements": 1, "cluster": 2, "tavg": null, "tmin": 13.3, "tmax": 35.6, "prcp_d0": 0.0, "prcp_d1": 0.0, "prcp_d2": 0.0, "prcp_d3": 2.9198641777038574, "prcp_d4": 0.9213408827781676, "prcp_d5": 1.6756598949432373, "prcp_d6": 0.0169126018881797, "tmax_d0": 32.3, "tmax_d1": 29.1, "tmax_d2": 31.5, "tmax_d3": 26.7, "tmax_d4": 25.0, "tmax_d5": 26.0, "tmax_d6": 26.0, "tmin_d0": 14.2, "tmin_d1": 12.6, "tmin_d2": 11.2, "tmin_d3": 11.6, "tmin_d4": 11.8, "tmin_d5": 11.2, "tmin_d6": 9.7, "day_of_year": 157, "uuid": "605fa6a0-88bb-436f-8915-c229a4494ba5", "inat_id": 369037155}}, {"type": "Feature", "geometry": {"type": "Point", "coordinates": [-105.1654971667, 39.5785033333]}, "properties": {"species": "Pleurotus populinus", "date": "2026-06-09", "location": "Willowleaf Dr, Littleton, CO, US", "elevation": 1855.0, "land_cover_label": "Grassland", "water_mask": false, "exclude_reason": "keep", "ndvi": null, "soil_moisture": 0.2723942662260445, "solar_exposure": 0.8333749175071716, "wind_exposure": 0.2739261388778686, "water_retention": 0.3792760074138641, "slope": 1.3676942586898804, "aspect": 62.955177307128906, "num_identification_agreements": 1, "cluster": 2, "tavg": null, "tmin": 13.9, "tmax": 31.7, "prcp_d0": 0.0, "prcp_d1": 8.918636322021484, "prcp_d2": 0.0, "prcp_d3": 0.0, "prcp_d4": 0.1171266511082649, "prcp_d5": 0.0902904719114303, "prcp_d6": 2.1047780513763428, "tmax_d0": 30.5, "tmax_d1": 28.4, "tmax_d2": 30.8, "tmax_d3": 30.4, "tmax_d4": 27.4, "tmax_d5": 28.8, "tmax_d6": 25.8, "tmin_d0": 9.6, "tmin_d1": 12.7, "tmin_d2": 13.6, "tmin_d3": 11.6, "tmin_d4": 9.9, "tmin_d5": 8.9, "tmin_d6": 10.1, "day_of_year": 160, "uuid": "cfa9f036-180a-42fd-b91a-bd0108e451e9", "inat_id": 370197270}}, {"type": "Feature", "geometry": {"type": "Point", "coordinates": [-107.2397727147, 39.1808171323]}, "properties": {"species": "Pleurotus populinus", "date": "2026-06-19", "location": "Redstone Historic District, CO 81623, USA", "elevation": 2194.0, "land_cover_label": "Bare / sparse vegetation", "water_mask": false, "exclude_reason": "keep", "ndvi": null, "soil_moisture": null, "solar_exposure": null, "wind_exposure": null, "water_retention": null, "slope": null, "aspect": null, "num_identification_agreements": 1, "cluster": 2, "tavg": null, "tmin": 11.0, "tmax": 22.0, "prcp_d0": 0.0, "prcp_d1": 0.0, "prcp_d2": 0.0, "prcp_d3": 0.0, "prcp_d4": 0.0, "prcp_d5": 0.0, "prcp_d6": 0.0, "tmax_d0": 29.8, "tmax_d1": 28.6, "tmax_d2": 29.1, "tmax_d3": 27.0, "tmax_d4": 24.6, "tmax_d5": 25.6, "tmax_d6": 26.7, "tmin_d0": 14.0, "tmin_d1": 13.9, "tmin_d2": 13.4, "tmin_d3": 12.1, "tmin_d4": 11.4, "tmin_d5": 11.9, "tmin_d6": 12.2, "day_of_year": 170, "uuid": "66ac779f-7bbd-437b-9b40-010b8045c3ba", "inat_id": 373427496}}, {"type": "Feature", "geometry": {"type": "Point", "coordinates": [-106.5686259327, 39.5710477699]}, "properties": {"species": "Pleurotus populinus", "date": "2026-07-03", "location": "East Lake Creek Trail, Edwards, CO, US", "elevation": 2571.0, "land_cover_label": "Tree cover", "water_mask": false, "exclude_reason": "keep", "ndvi": null, "soil_moisture": null, "solar_exposure": null, "wind_exposure": null, "water_retention": null, "slope": null, "aspect": null, "num_identification_agreements": 1, "cluster": 2, "tavg": null, "tmin": 7.2, "tmax": 30.0, "prcp_d0": 0.0, "prcp_d1": 0.0, "prcp_d2": 0.0, "prcp_d3": 0.0, "prcp_d4": 0.0, "prcp_d5": 0.0, "prcp_d6": 0.0, "tmax_d0": 24.9, "tmax_d1": 24.9, "tmax_d2": 23.1, "tmax_d3": 22.4, "tmax_d4": 22.2, "tmax_d5": 23.2, "tmax_d6": 22.8, "tmin_d0": 3.5, "tmin_d1": 2.6, "tmin_d2": 1.8, "tmin_d3": 2.8, "tmin_d4": 7.1, "tmin_d5": 9.6, "tmin_d6": 8.2, "day_of_year": 184, "uuid": "10776d3a-f843-42c3-bcdc-395f1ab9a46a", "inat_id": 387715316}}, {"type": "Feature", "geometry": {"type": "Point", "coordinates": [-106.7827383333, 40.534645]}, "properties": {"species": "Pleurotus populinus", "date": "2026-07-05", "location": "CR-38, Steamboat Springs, CO, US", "elevation": 2532.0, "land_cover_label": "Tree cover", "water_mask": false, "exclude_reason": "keep", "ndvi": null, "soil_moisture": null, "solar_exposure": null, "wind_exposure": null, "water_retention": null, "slope": null, "aspect": null, "num_identification_agreements": 1, "cluster": 2, "tavg": null, "tmin": 6.8, "tmax": 31.4, "prcp_d0": 0.0, "prcp_d1": 0.0, "prcp_d2": 0.0, "prcp_d3": 0.0, "prcp_d4": 0.0, "prcp_d5": 0.0, "prcp_d6": 0.0, "tmax_d0": 25.5, "tmax_d1": 23.1, "tmax_d2": 22.3, "tmax_d3": 22.6, "tmax_d4": 19.9, "tmax_d5": 21.0, "tmax_d6": 18.6, "tmin_d0": 11.9, "tmin_d1": 10.0, "tmin_d2": 12.0, "tmin_d3": 9.4, "tmin_d4": 8.0, "tmin_d5": 6.1, "tmin_d6": 1.1, "day_of_year": 186, "uuid": "17a136b5-979c-406e-ba72-78397347bda7", "inat_id": 378510387}}, {"type": "Feature", "geometry": {"type": "Point", "coordinates": [-107.8765021302, 37.9173858181]}, "properties": {"species": "Pleurotus populinus", "date": "2026-07-13", "location": "Grand Mesa Uncompahgre and Gunnison National Forests, Telluride, CO, US", "elevation": 2951.0, "land_cover_label": "Tree cover", "water_mask": false, "exclude_reason": "keep", "ndvi": null, "soil_moisture": null, "solar_exposure": null, "wind_exposure": null, "water_retention": null, "slope": null, "aspect": null, "num_identification_agreements": 1, "cluster": 2, "tavg": null, "tmin": 15.0, "tmax": 24.0, "prcp_d0": 0.0, "prcp_d1": 0.0, "prcp_d2": 0.0, "prcp_d3": 0.0, "prcp_d4": 0.0, "prcp_d5": 0.0, "prcp_d6": 0.0, "tmax_d0": 22.7, "tmax_d1": 24.9, "tmax_d2": 24.9, "tmax_d3": 23.6, "tmax_d4": 22.8, "tmax_d5": 21.6, "tmax_d6": 21.4, "tmin_d0": 9.0, "tmin_d1": 8.6, "tmin_d2": 7.0, "tmin_d3": 5.5, "tmin_d4": 6.2, "tmin_d5": 7.5, "tmin_d6": 7.2, "day_of_year": 194, "uuid": "e3896eea-7ff5-4fb2-ba45-7f590048dc7c", "inat_id": 381173002}}, {"type": "Feature", "geometry": {"type": "Point", "coordinates": [-105.4482777058, 39.6779307955]}, "properties": {"species": "Pleurotus populinus", "date": "2026-07-18", "location": "Clear Creek County, US-CO, US", "elevation": 2766.0, "land_cover_label": "Tree cover", "water_mask": false, "exclude_reason": "keep", "ndvi": null, "soil_moisture": 0.1442224641575297, "solar_exposure": 0.7326342463493347, "wind_exposure": 0.2842535972595215, "water_retention": 0.3832470178604126, "slope": 8.95439338684082, "aspect": 2.578307867050171, "num_identification_agreements": 1, "cluster": 2, "tavg": null, "tmin": 4.8, "tmax": 13.0, "prcp_d0": 0.0, "prcp_d1": 0.0, "prcp_d2": 0.0, "prcp_d3": 0.0, "prcp_d4": 0.0, "prcp_d5": 0.0, "prcp_d6": 0.0, "tmax_d0": 23.9, "tmax_d1": 23.3, "tmax_d2": 23.5, "tmax_d3": 24.5, "tmax_d4": 25.3, "tmax_d5": 27.3, "tmax_d6": 26.2, "tmin_d0": 7.7, "tmin_d1": 7.8, "tmin_d2": 8.0, "tmin_d3": 7.5, "tmin_d4": 9.6, "tmin_d5": 8.5, "tmin_d6": 7.5, "day_of_year": 199, "uuid": "6bf5526e-e94b-4036-8e42-3881e7b4e43f", "inat_id": 382825742}}, {"type": "Feature", "geometry": {"type": "Point", "coordinates": [-107.8755434472, 37.9149227336]}, "properties": {"species": "Pleurotus populinus", "date": "2026-07-19", "location": "Grand Mesa Uncompahgre and Gunnison National Forests, Telluride, CO, US", "elevation": 2949.0, "land_cover_label": "Tree cover", "water_mask": false, "exclude_reason": "keep", "ndvi": null, "soil_moisture": null, "solar_exposure": null, "wind_exposure": null, "water_retention": null, "slope": null, "aspect": null, "num_identification_agreements": 1, "cluster": 2, "tavg": null, "tmin": 11.0, "tmax": 23.7, "prcp_d0": 0.0, "prcp_d1": 0.0, "prcp_d2": 0.0, "prcp_d3": 0.0, "prcp_d4": 0.0, "prcp_d5": 0.0, "prcp_d6": 0.0, "tmax_d0": 21.9, "tmax_d1": 20.2, "tmax_d2": 19.2, "tmax_d3": 20.2, "tmax_d4": 21.7, "tmax_d5": 23.3, "tmax_d6": 22.7, "tmin_d0": 9.1, "tmin_d1": 8.0, "tmin_d2": 7.0, "tmin_d3": 5.2, "tmin_d4": 8.5, "tmin_d5": 9.1, "tmin_d6": 8.9, "day_of_year": 200, "uuid": "af9ca4fc-d95a-46ad-aa82-8f6f551ef9c5", "inat_id": 383124701}}, {"type": "Feature", "geometry": {"type": "Point", "coordinates": [-107.7700622007, 37.9191609681]}, "properties": {"species": "Pleurotus populinus", "date": "2026-07-27", "location": "Bridal Veil Falls", "elevation": 3078.0, "land_cover_label": "Bare / sparse vegetation", "water_mask": false, "exclude_reason": "keep", "ndvi": null, "soil_moisture": null, "solar_exposure": null, "wind_exposure": null, "water_retention": null, "slope": null, "aspect": null, "num_identification_agreements": 1, "cluster": 3, "tavg": null, "tmin": 12.0, "tmax": 24.0, "prcp_d0": 14.931229591369627, "prcp_d1": 14.931229591369627, "prcp_d2": 0.0, "prcp_d3": 17.572757720947266, "prcp_d4": 0.0, "prcp_d5": 17.572757720947266, "prcp_d6": 0.0, "tmax_d0": 22.9, "tmax_d1": 22.8, "tmax_d2": 24.2, "tmax_d3": 22.8, "tmax_d4": 19.8, "tmax_d5": 22.3, "tmax_d6": 23.8, "tmin_d0": 9.9, "tmin_d1": 11.1, "tmin_d2": 9.9, "tmin_d3": 11.3, "tmin_d4": 7.7, "tmin_d5": 9.2, "tmin_d6": 9.3, "day_of_year": 208, "uuid": "1b7577cf-8e32-4330-8a1f-e8f47ac0664e", "inat_id": 385726357}}, {"type": "Feature", "geometry": {"type": "Point", "coordinates": [-106.3831358997, 35.8920048]}, "properties": {"species": "Pleurotus populinus", "date": "2026-07-30", "location": "Los Alamos County, NM, USA", "elevation": 2795.0, "land_cover_label": "Tree cover", "water_mask": false, "exclude_reason": "keep", "ndvi": null, "soil_moisture": null, "solar_exposure": null, "wind_exposure": null, "water_retention": null, "slope": null, "aspect": null, "num_identification_agreements": 1, "cluster": 0, "tavg": null, "tmin": 20.6, "tmax": 32.9, "prcp_d0": 0.0, "prcp_d1": 14.023011207580566, "prcp_d2": 7.011505603790283, "prcp_d3": 7.011505603790283, "prcp_d4": 0.0, "prcp_d5": 19.099925994873047, "prcp_d6": 19.099925994873047, "tmax_d0": 27.2, "tmax_d1": 25.8, "tmax_d2": 26.0, "tmax_d3": 26.1, "tmax_d4": 25.4, "tmax_d5": 24.2, "tmax_d6": 26.9, "tmin_d0": 13.8, "tmin_d1": 13.0, "tmin_d2": 15.7, "tmin_d3": 13.5, "tmin_d4": 14.1, "tmin_d5": 12.7, "tmin_d6": 13.3, "day_of_year": 211, "uuid": "15d339da-240e-4031-be06-02a878802139", "inat_id": 391960215}}, {"type": "Feature", "geometry": {"type": "Point", "coordinates": [-105.868598938, 39.5941696167]}, "properties": {"species": "Pleurotus populinus", "date": "2026-08-01", "location": "Summit County, US-CO, US", "elevation": 3150.0, "land_cover_label": "Tree cover", "water_mask": false, "exclude_reason": "keep", "ndvi": null, "soil_moisture": 0.3174012441044957, "solar_exposure": 0.7235844135284424, "wind_exposure": 0.436347097158432, "water_retention": 0.1548097431659698, "slope": 23.954063415527344, "aspect": 278.4306030273437, "num_identification_agreements": 1, "cluster": 0, "tavg": null, "tmin": 7.0, "tmax": 15.0, "prcp_d0": null, "prcp_d1": 0.0, "prcp_d2": 0.0, "prcp_d3": 0.0, "prcp_d4": 48.199180603027344, "prcp_d5": 48.199180603027344, "prcp_d6": 0.0, "tmax_d0": 22.2, "tmax_d1": 21.9, "tmax_d2": 20.6, "tmax_d3": 21.8, "tmax_d4": 22.9, "tmax_d5": 23.2, "tmax_d6": 24.2, "tmin_d0": 5.5, "tmin_d1": 5.3, "tmin_d2": 7.5, "tmin_d3": 8.2, "tmin_d4": 8.3, "tmin_d5": 10.7, "tmin_d6": 8.6, "day_of_year": 213, "uuid": "32e7ed5b-e70b-4382-a357-1700e376acbd", "inat_id": 387554914}}, {"type": "Feature", "geometry": {"type": "Point", "coordinates": [-104.93972509, 38.73695346]}, "properties": {"species": "Pleurotus populinus", "date": "2026-08-01", "location": "Teller County, US-CO, US", "elevation": 2990.0, "land_cover_label": "Tree cover", "water_mask": false, "exclude_reason": "keep", "ndvi": null, "soil_moisture": null, "solar_exposure": null, "wind_exposure": null, "water_retention": null, "slope": null, "aspect": null, "num_identification_agreements": 1, "cluster": 3, "tavg": null, "tmin": 17.4, "tmax": 29.6, "prcp_d0": null, "prcp_d1": 0.0, "prcp_d2": 9.867655754089355, "prcp_d3": 14.80148220062256, "prcp_d4": 9.867655754089355, "prcp_d5": 4.933827877044678, "prcp_d6": 0.0, "tmax_d0": 21.5, "tmax_d1": 20.7, "tmax_d2": 24.3, "tmax_d3": 22.0, "tmax_d4": 22.3, "tmax_d5": 25.1, "tmax_d6": 24.2, "tmin_d0": 8.8, "tmin_d1": 11.4, "tmin_d2": 10.4, "tmin_d3": 11.2, "tmin_d4": 12.6, "tmin_d5": 14.3, "tmin_d6": 13.8, "day_of_year": 213, "uuid": "a81eacdf-9bed-4058-9a71-84205e5999be", "inat_id": 387340970}}, {"type": "Feature", "geometry": {"type": "Point", "coordinates": [-105.4753282901, 36.1390179761]}, "properties": {"species": "Pleurotus populinus", "date": "2026-08-01", "location": "Taos County, US-NM, US", "elevation": 2694.0, "land_cover_label": "Tree cover", "water_mask": false, "exclude_reason": "keep", "ndvi": null, "soil_moisture": null, "solar_exposure": null, "wind_exposure": null, "water_retention": null, "slope": null, "aspect": null, "num_identification_agreements": 1, "cluster": 2, "tavg": null, "tmin": 8.7, "tmax": 24.1, "prcp_d0": null, "prcp_d1": 0.0, "prcp_d2": 0.0, "prcp_d3": 10.252366065979004, "prcp_d4": 10.252366065979004, "prcp_d5": 0.0, "prcp_d6": 0.0, "tmax_d0": 24.4, "tmax_d1": 25.2, "tmax_d2": 28.3, "tmax_d3": 27.6, "tmax_d4": 27.0, "tmax_d5": 28.5, "tmax_d6": 28.5, "tmin_d0": 10.7, "tmin_d1": 12.9, "tmin_d2": 12.2, "tmin_d3": 11.9, "tmin_d4": 13.1, "tmin_d5": 15.3, "tmin_d6": 13.2, "day_of_year": 213, "uuid": "ba4ef332-92b4-4dce-bc42-4b7f5d100f30", "inat_id": 387262366}}, {"type": "Feature", "geometry": {"type": "Point", "coordinates": [-105.4888301141, 39.6233255163]}, "properties": {"species": "Pleurotus populinus", "date": "2026-08-01", "location": "Colorado, US", "elevation": 2533.0, "land_cover_label": "Grassland", "water_mask": false, "exclude_reason": "keep", "ndvi": null, "soil_moisture": 0.3557825455260243, "solar_exposure": 0.79790198802948, "wind_exposure": 0.2783447206020355, "water_retention": 0.2023203521966934, "slope": 6.265934944152832, "aspect": 57.05851745605469, "num_identification_agreements": 1, "cluster": 3, "tavg": null, "tmin": 7.0, "tmax": 15.0, "prcp_d0": null, "prcp_d1": 0.0, "prcp_d2": 0.0, "prcp_d3": 33.991207122802734, "prcp_d4": 33.991207122802734, "prcp_d5": 16.995603561401367, "prcp_d6": 0.0, "tmax_d0": 26.0, "tmax_d1": 25.2, "tmax_d2": 26.8, "tmax_d3": 25.7, "tmax_d4": 26.8, "tmax_d5": 25.2, "tmax_d6": 29.2, "tmin_d0": 9.9, "tmin_d1": 10.4, "tmin_d2": 10.6, "tmin_d3": 11.9, "tmin_d4": 13.2, "tmin_d5": 15.9, "tmin_d6": 13.5, "day_of_year": 213, "uuid": "05f88664-75a9-47a1-9b44-34997bcb1c87", "inat_id": 387550274}}, {"type": "Feature", "geometry": {"type": "Point", "coordinates": [-105.3815083333, 39.4987616667]}, "properties": {"species": "Pleurotus populinus", "date": "2026-08-02", "location": "Davis Ponds Loops Trail, Pine, CO, US", "elevation": 2523.0, "land_cover_label": "Tree cover", "water_mask": false, "exclude_reason": "keep", "ndvi": null, "soil_moisture": 0.2996690504510974, "solar_exposure": 0.9093754887580872, "wind_exposure": 0.3119570016860962, "water_retention": 0.1892333030700683, "slope": 7.593854904174805, "aspect": 192.2787475585937, "num_identification_agreements": 1, "cluster": 0, "tavg": null, "tmin": 21.1, "tmax": 37.2, "prcp_d0": null, "prcp_d1": null, "prcp_d2": 0.0, "prcp_d3": 0.0, "prcp_d4": 0.0, "prcp_d5": 36.93560791015625, "prcp_d6": 12.31186866760254, "tmax_d0": 31.8, "tmax_d1": 26.5, "tmax_d2": 25.4, "tmax_d3": 28.3, "tmax_d4": 25.8, "tmax_d5": 26.7, "tmax_d6": 26.4, "tmin_d0": 13.4, "tmin_d1": 9.4, "tmin_d2": 10.0, "tmin_d3": 11.2, "tmin_d4": 11.9, "tmin_d5": 13.3, "tmin_d6": 17.3, "day_of_year": 214, "uuid": "618ad636-618b-41d2-9f91-c84237e189f6", "inat_id": 387658545}}, {"type": "Feature", "geometry": {"type": "Point", "coordinates": [-105.6016217185, 39.954577507]}, "properties": {"species": "Pleurotus populinus", "date": "2026-08-02", "location": "Boulder County, US-CO, US", "elevation": 2764.0, "land_cover_label": "Tree cover", "water_mask": false, "exclude_reason": "keep", "ndvi": null, "soil_moisture": 0.3129942641045672, "solar_exposure": 0.8594861626625061, "wind_exposure": 0.156940296292305, "water_retention": 0.6114239692687988, "slope": 1.908952116966248, "aspect": 167.72125244140625, "num_identification_agreements": 1, "cluster": 0, "tavg": null, "tmin": 8.0, "tmax": 18.0, "prcp_d0": null, "prcp_d1": null, "prcp_d2": 0.0, "prcp_d3": 0.0, "prcp_d4": 0.0, "prcp_d5": 29.57666206359864, "prcp_d6": 14.788331031799316, "tmax_d0": 27.4, "tmax_d1": 24.3, "tmax_d2": 23.9, "tmax_d3": 22.1, "tmax_d4": 23.2, "tmax_d5": 23.8, "tmax_d6": 22.7, "tmin_d0": 10.0, "tmin_d1": 7.7, "tmin_d2": 8.0, "tmin_d3": 9.3, "tmin_d4": 10.4, "tmin_d5": 11.5, "tmin_d6": 13.3, "day_of_year": 214, "uuid": "922af2ac-bf01-46c3-8387-c8773d3d95d4", "inat_id": 387643136}}]}