{"type": "FeatureCollection", "features": [{"type": "Feature", "geometry": {"type": "Point", "coordinates": [-121.3252, 45.4339]}, "properties": {"species": "Sarcomyxa serotina", "date": "2013-11-26", "location": "Tryon Creek State Natural Area (Tryon Creek State Park), Multnomah and Clackamas Cos., Oregon, USA", "elevation": 642.0, "land_cover_label": "Tree cover", "water_mask": false, "exclude_reason": "keep", "ndvi": null, "soil_moisture": null, "solar_exposure": null, "wind_exposure": null, "water_retention": null, "slope": null, "aspect": null, "num_identification_agreements": 1, "cluster": 0, "tavg": null, "tmin": -5.0, "tmax": 3.9, "prcp_d0": 0.0, "prcp_d1": 0.0, "prcp_d2": 0.0, "prcp_d3": 0.0, "prcp_d4": 0.0, "prcp_d5": 0.0, "prcp_d6": 13.232094764709473, "tmax_d0": 5.0, "tmax_d1": 5.6, "tmax_d2": 5.6, "tmax_d3": 2.3, "tmax_d4": 0.7, "tmax_d5": 0.6, "tmax_d6": 5.7, "tmin_d0": -2.3, "tmin_d1": -2.5, "tmin_d2": -4.6, "tmin_d3": -6.3, "tmin_d4": -6.7, "tmin_d5": -6.1, "tmin_d6": -1.1, "day_of_year": 330, "uuid": "880840cc-a240-4934-879a-ad80a309c019", "inat_id": 65237764}}, {"type": "Feature", "geometry": {"type": "Point", "coordinates": [-122.2367569619, 45.5289026447]}, "properties": {"species": "Sarcomyxa serotina", "date": "2017-11-25", "location": "Oregon, US", "elevation": 295.0, "land_cover_label": "Grassland", "water_mask": false, "exclude_reason": "keep", "ndvi": null, "soil_moisture": null, "solar_exposure": null, "wind_exposure": null, "water_retention": null, "slope": null, "aspect": null, "num_identification_agreements": 2, "cluster": 2, "tavg": null, "tmin": 5.0, "tmax": 10.0, "prcp_d0": 16.4163761138916, "prcp_d1": 0.0, "prcp_d2": 32.8327522277832, "prcp_d3": 16.4163761138916, "prcp_d4": 16.4163761138916, "prcp_d5": 87.14192199707031, "prcp_d6": 0.0, "tmax_d0": 9.8, "tmax_d1": 10.2, "tmax_d2": 14.6, "tmax_d3": 16.8, "tmax_d4": 11.1, "tmax_d5": 10.6, "tmax_d6": 11.3, "tmin_d0": 3.1, "tmin_d1": 6.0, "tmin_d2": 10.5, "tmin_d3": 9.5, "tmin_d4": 5.9, "tmin_d5": 5.0, "tmin_d6": 0.3, "day_of_year": 329, "uuid": "c7fb5ccd-083c-4636-ac6f-69d51dff179a", "inat_id": 8938520}}, {"type": "Feature", "geometry": {"type": "Point", "coordinates": [-121.795, 45.30895]}, "properties": {"species": "Sarcomyxa serotina", "date": "2018-09-24", "location": "Barlow Trail, Laurel Ridge, Government Camp, Zigzag Ranger District, Mount Hood National Forest, Clackamas Co., Oregon, USA", "elevation": 1029.0, "land_cover_label": "Tree cover", "water_mask": false, "exclude_reason": "keep", "ndvi": null, "soil_moisture": null, "solar_exposure": null, "wind_exposure": null, "water_retention": null, "slope": null, "aspect": null, "num_identification_agreements": 1, "cluster": 0, "tavg": null, "tmin": null, "tmax": null, "prcp_d0": 0.0, "prcp_d1": 0.0, "prcp_d2": 6.330986022949219, "prcp_d3": 0.0, "prcp_d4": 0.0, "prcp_d5": 0.0, "prcp_d6": 0.0, "tmax_d0": 17.9, "tmax_d1": 9.5, "tmax_d2": 16.3, "tmax_d3": 19.5, "tmax_d4": 14.4, "tmax_d5": 13.0, "tmax_d6": 16.6, "tmin_d0": 3.4, "tmin_d1": 4.1, "tmin_d2": 8.9, "tmin_d3": 8.2, "tmin_d4": 5.6, "tmin_d5": 5.5, "tmin_d6": 3.9, "day_of_year": 267, "uuid": "71cd89ab-e51f-4038-9b5a-bcc3422f5ab4", "inat_id": 16918538}}, {"type": "Feature", "geometry": {"type": "Point", "coordinates": [-121.81, 45.31605]}, "properties": {"species": "Sarcomyxa serotina", "date": "2018-11-05", "location": "SW Mount Hood, Clackamas Co., Oregon, USA", "elevation": 916.0, "land_cover_label": "Tree cover", "water_mask": false, "exclude_reason": "keep", "ndvi": null, "soil_moisture": null, "solar_exposure": null, "wind_exposure": null, "water_retention": null, "slope": null, "aspect": null, "num_identification_agreements": 1, "cluster": 1, "tavg": null, "tmin": null, "tmax": null, "prcp_d0": 0.0, "prcp_d1": 14.273877143859863, "prcp_d2": 28.547754287719727, "prcp_d3": 0.0, "prcp_d4": 0.0, "prcp_d5": 0.0, "prcp_d6": 0.0, "tmax_d0": 6.5, "tmax_d1": 8.4, "tmax_d2": 9.2, "tmax_d3": 10.6, "tmax_d4": 11.6, "tmax_d5": 9.8, "tmax_d6": 8.3, "tmin_d0": 4.0, "tmin_d1": 5.3, "tmin_d2": 5.5, "tmin_d3": 7.8, "tmin_d4": 9.1, "tmin_d5": 4.4, "tmin_d6": 3.4, "day_of_year": 309, "uuid": "32d260cc-9cec-45cc-bcda-9a82ba6bf847", "inat_id": 18730282}}, {"type": "Feature", "geometry": {"type": "Point", "coordinates": [-122.2190170288, 45.5351371765]}, "properties": {"species": "Sarcomyxa serotina", "date": "2019-01-01", "location": "Latourell Falls Trail, Corbett, OR 97019, USA", "elevation": 211.0, "land_cover_label": "Tree cover", "water_mask": false, "exclude_reason": "keep", "ndvi": null, "soil_moisture": null, "solar_exposure": null, "wind_exposure": null, "water_retention": null, "slope": null, "aspect": null, "num_identification_agreements": 1, "cluster": 0, "tavg": null, "tmin": -1.7, "tmax": 6.1, "prcp_d0": 0.0, "prcp_d1": 0.0, "prcp_d2": 0.0, "prcp_d3": 0.0, "prcp_d4": 0.0, "prcp_d5": 0.0, "prcp_d6": 24.59219741821289, "tmax_d0": 5.3, "tmax_d1": 6.8, "tmax_d2": 9.1, "tmax_d3": 8.8, "tmax_d4": 5.9, "tmax_d5": 5.0, "tmax_d6": 5.3, "tmin_d0": -2.5, "tmin_d1": -1.5, "tmin_d2": 3.7, "tmin_d3": 5.0, "tmin_d4": 2.8, "tmin_d5": 3.0, "tmin_d6": 2.0, "day_of_year": 1, "uuid": "323e9652-0a68-420a-b690-72aca0e1a1b8", "inat_id": 19371229}}, {"type": "Feature", "geometry": {"type": "Point", "coordinates": [-122.21430409, 44.84841626]}, "properties": {"species": "Sarcomyxa serotina", "date": "2019-10-23", "location": "Marion County, US-OR, US", "elevation": 684.0, "land_cover_label": "Tree cover", "water_mask": false, "exclude_reason": "keep", "ndvi": null, "soil_moisture": null, "solar_exposure": null, "wind_exposure": null, "water_retention": null, "slope": null, "aspect": null, "num_identification_agreements": 2, "cluster": 2, "tavg": null, "tmin": null, "tmax": null, "prcp_d0": 0.0, "prcp_d1": 0.0, "prcp_d2": 0.0, "prcp_d3": 0.0, "prcp_d4": 109.3834991455078, "prcp_d5": 0.0, "prcp_d6": 0.0, "tmax_d0": 17.0, "tmax_d1": 13.8, "tmax_d2": 10.7, "tmax_d3": 8.8, "tmax_d4": 6.8, "tmax_d5": 8.9, "tmax_d6": 10.4, "tmin_d0": 3.6, "tmin_d1": 9.4, "tmin_d2": 7.1, "tmin_d3": 4.4, "tmin_d4": 4.5, "tmin_d5": 5.4, "tmin_d6": 5.8, "day_of_year": 296, "uuid": "2f1e2592-dcd0-4055-a0f5-46ff90f2953c", "inat_id": 34883317}}, {"type": "Feature", "geometry": {"type": "Point", "coordinates": [-122.1489400982, 45.2851968755]}, "properties": {"species": "Sarcomyxa serotina", "date": "2019-11-20", "location": "Oregon, US", "elevation": 437.0, "land_cover_label": "Tree cover", "water_mask": false, "exclude_reason": "keep", "ndvi": null, "soil_moisture": null, "solar_exposure": null, "wind_exposure": null, "water_retention": null, "slope": null, "aspect": null, "num_identification_agreements": 1, "cluster": 1, "tavg": null, "tmin": 6.1, "tmax": 14.4, "prcp_d0": 0.0, "prcp_d1": 0.0, "prcp_d2": 39.85977935791016, "prcp_d3": 0.0, "prcp_d4": 0.0, "prcp_d5": 11.87903881072998, "prcp_d6": 0.078253649175167, "tmax_d0": 11.8, "tmax_d1": 11.9, "tmax_d2": 13.4, "tmax_d3": 14.3, "tmax_d4": 14.3, "tmax_d5": 12.1, "tmax_d6": 15.9, "tmin_d0": 3.6, "tmin_d1": 7.3, "tmin_d2": 6.6, "tmin_d3": 8.0, "tmin_d4": 5.4, "tmin_d5": 4.9, "tmin_d6": 7.9, "day_of_year": 324, "uuid": "0c075c24-2bf5-46c6-9b95-1f2eec5c5e1f", "inat_id": 37050947}}, {"type": "Feature", "geometry": {"type": "Point", "coordinates": [-122.2190933228, 45.5320892334]}, "properties": {"species": "Sarcomyxa serotina", "date": "2019-11-30", "location": "Corbett, OR 97019, USA", "elevation": 213.0, "land_cover_label": "Tree cover", "water_mask": false, "exclude_reason": "keep", "ndvi": null, "soil_moisture": null, "solar_exposure": null, "wind_exposure": null, "water_retention": null, "slope": null, "aspect": null, "num_identification_agreements": 1, "cluster": 0, "tavg": null, "tmin": 0.0, "tmax": 3.9, "prcp_d0": 0.0, "prcp_d1": 0.0, "prcp_d2": 0.0, "prcp_d3": 6.1337714195251465, "prcp_d4": 12.267542839050291, "prcp_d5": 0.0, "prcp_d6": 0.0, "tmax_d0": 4.3, "tmax_d1": 6.2, "tmax_d2": 4.5, "tmax_d3": 4.5, "tmax_d4": 4.4, "tmax_d5": 6.4, "tmax_d6": 8.8, "tmin_d0": -3.7, "tmin_d1": -3.1, "tmin_d2": -0.1, "tmin_d3": 2.0, "tmin_d4": 1.5, "tmin_d5": 3.5, "tmin_d6": 3.7, "day_of_year": 334, "uuid": "b9b7ac2f-fb4b-4dcb-b4d7-548511b15946", "inat_id": 36241951}}, {"type": "Feature", "geometry": {"type": "Point", "coordinates": [-121.8970951623, 45.7477961098]}, "properties": {"species": "Sarcomyxa serotina", "date": "2020-01-26", "location": "Stevenson, WA, US", "elevation": 717.0, "land_cover_label": "Tree cover", "water_mask": false, "exclude_reason": "keep", "ndvi": null, "soil_moisture": null, "solar_exposure": null, "wind_exposure": null, "water_retention": null, "slope": null, "aspect": null, "num_identification_agreements": 1, "cluster": 0, "tavg": null, "tmin": 8.9, "tmax": 12.8, "prcp_d0": 0.0, "prcp_d1": 0.0, "prcp_d2": 0.0, "prcp_d3": 17.91645622253418, "prcp_d4": 0.0, "prcp_d5": 17.91645622253418, "prcp_d6": 0.0, "tmax_d0": 5.6, "tmax_d1": 7.6, "tmax_d2": 4.7, "tmax_d3": 3.3, "tmax_d4": 2.0, "tmax_d5": 2.1, "tmax_d6": 1.7, "tmin_d0": 1.8, "tmin_d1": 0.5, "tmin_d2": 1.4, "tmin_d3": -0.1, "tmin_d4": -0.2, "tmin_d5": -1.1, "tmin_d6": -0.6, "day_of_year": 26, "uuid": "d02b152c-e2d1-4c91-9087-363c3464b500", "inat_id": 38013217}}, {"type": "Feature", "geometry": {"type": "Point", "coordinates": [-122.3707866669, 45.2986185102]}, "properties": {"species": "Sarcomyxa serotina", "date": "2020-11-30", "location": "Clackamas County, OR, USA", "elevation": 86.0, "land_cover_label": "Tree cover", "water_mask": false, "exclude_reason": "keep", "ndvi": null, "soil_moisture": null, "solar_exposure": null, "wind_exposure": null, "water_retention": null, "slope": null, "aspect": null, "num_identification_agreements": 1, "cluster": 0, "tavg": null, "tmin": 2.2, "tmax": 11.1, "prcp_d0": 0.0, "prcp_d1": 0.0, "prcp_d2": 0.0, "prcp_d3": 0.0, "prcp_d4": 0.0, "prcp_d5": 0.0, "prcp_d6": 0.0, "tmax_d0": 8.7, "tmax_d1": 11.7, "tmax_d2": 8.4, "tmax_d3": 11.4, "tmax_d4": 9.5, "tmax_d5": 10.7, "tmax_d6": 13.3, "tmin_d0": 4.4, "tmin_d1": 3.8, "tmin_d2": 2.1, "tmin_d3": 1.2, "tmin_d4": 6.2, "tmin_d5": 5.0, "tmin_d6": 5.2, "day_of_year": 335, "uuid": "1f69214d-7992-4347-9856-172caa38b324", "inat_id": 66624748}}, {"type": "Feature", "geometry": {"type": "Point", "coordinates": [-122.3830416667, 45.310925]}, "properties": {"species": "Sarcomyxa serotina", "date": "2020-12-12", "location": "Milo McIver State Park, Eagle Creek, OR, US", "elevation": 93.0, "land_cover_label": "Tree cover", "water_mask": false, "exclude_reason": "keep", "ndvi": null, "soil_moisture": null, "solar_exposure": null, "wind_exposure": null, "water_retention": null, "slope": null, "aspect": null, "num_identification_agreements": 2, "cluster": 2, "tavg": null, "tmin": 1.1, "tmax": 7.8, "prcp_d0": 0.0, "prcp_d1": 0.0, "prcp_d2": 0.0, "prcp_d3": 0.0, "prcp_d4": 0.0, "prcp_d5": 25.893096923828125, "prcp_d6": 0.0, "tmax_d0": 9.5, "tmax_d1": 4.9, "tmax_d2": 8.8, "tmax_d3": 11.0, "tmax_d4": 12.4, "tmax_d5": 10.6, "tmax_d6": 10.4, "tmin_d0": -1.0, "tmin_d1": 3.4, "tmin_d2": 1.1, "tmin_d3": 6.9, "tmin_d4": 2.6, "tmin_d5": 2.9, "tmin_d6": 5.3, "day_of_year": 347, "uuid": "df3553d7-9cbb-447a-960c-6e0743cbdda6", "inat_id": 66550783}}, {"type": "Feature", "geometry": {"type": "Point", "coordinates": [-122.35087, 45.4966]}, "properties": {"species": "Sarcomyxa serotina", "date": "2020-12-14", "location": "SE Division Dr, Troutdale, OR, US", "elevation": 123.0, "land_cover_label": "Tree cover", "water_mask": false, "exclude_reason": "keep", "ndvi": null, "soil_moisture": null, "solar_exposure": null, "wind_exposure": null, "water_retention": null, "slope": null, "aspect": null, "num_identification_agreements": 2, "cluster": 0, "tavg": null, "tmin": 4.4, "tmax": 10.0, "prcp_d0": 0.0, "prcp_d1": 5.356506824493408, "prcp_d2": 0.0, "prcp_d3": 0.0, "prcp_d4": 0.0, "prcp_d5": 0.0, "prcp_d6": 7.78512716293335, "tmax_d0": 8.5, "tmax_d1": 5.9, "tmax_d2": 7.5, "tmax_d3": 5.1, "tmax_d4": 8.5, "tmax_d5": 9.5, "tmax_d6": 11.1, "tmin_d0": 3.2, "tmin_d1": 2.0, "tmin_d2": -1.7, "tmin_d3": 3.1, "tmin_d4": 1.5, "tmin_d5": 6.7, "tmin_d6": 1.0, "day_of_year": 349, "uuid": "b3bed85d-205b-4073-8a4e-d06e02ffafdd", "inat_id": 66718375}}, {"type": "Feature", "geometry": {"type": "Point", "coordinates": [-122.2816622575, 45.3969925516]}, "properties": {"species": "Sarcomyxa serotina", "date": "2020-12-27", "location": "Dubarko Rd, Sandy, OR, US", "elevation": 263.0, "land_cover_label": "Tree cover", "water_mask": false, "exclude_reason": "keep", "ndvi": null, "soil_moisture": null, "solar_exposure": null, "wind_exposure": null, "water_retention": null, "slope": null, "aspect": null, "num_identification_agreements": 3, "cluster": 1, "tavg": null, "tmin": 5.0, "tmax": 9.4, "prcp_d0": 8.39177131652832, "prcp_d1": 0.0, "prcp_d2": 43.03874206542969, "prcp_d3": 0.0, "prcp_d4": 0.0, "prcp_d5": 0.0, "prcp_d6": 0.0, "tmax_d0": 10.9, "tmax_d1": 7.4, "tmax_d2": 8.1, "tmax_d3": 12.0, "tmax_d4": 10.9, "tmax_d5": 12.3, "tmax_d6": 14.0, "tmin_d0": 3.6, "tmin_d1": 5.5, "tmin_d2": 3.8, "tmin_d3": 2.0, "tmin_d4": -0.8, "tmin_d5": 2.4, "tmin_d6": 8.0, "day_of_year": 362, "uuid": "3fe0c38e-b540-44e7-9f06-8c4b87f95630", "inat_id": 67233182}}, {"type": "Feature", "geometry": {"type": "Point", "coordinates": [-122.2190866667, 45.53468]}, "properties": {"species": "Sarcomyxa serotina", "date": "2020-12-27", "location": "Columbia River Gorge National Scenic Area, Corbett, OR, US", "elevation": 211.0, "land_cover_label": "Tree cover", "water_mask": false, "exclude_reason": "keep", "ndvi": null, "soil_moisture": null, "solar_exposure": null, "wind_exposure": null, "water_retention": null, "slope": null, "aspect": null, "num_identification_agreements": 1, "cluster": 1, "tavg": null, "tmin": 5.0, "tmax": 9.4, "prcp_d0": 11.764674186706545, "prcp_d1": 0.0, "prcp_d2": 33.45135498046875, "prcp_d3": 0.0, "prcp_d4": 0.0, "prcp_d5": 0.0, "prcp_d6": 16.725677490234375, "tmax_d0": 8.1, "tmax_d1": 6.7, "tmax_d2": 3.9, "tmax_d3": 7.3, "tmax_d4": 7.5, "tmax_d5": 11.9, "tmax_d6": 13.5, "tmin_d0": 2.1, "tmin_d1": 1.9, "tmin_d2": 0.3, "tmin_d3": -0.7, "tmin_d4": -1.5, "tmin_d5": 2.6, "tmin_d6": 7.7, "day_of_year": 362, "uuid": "168065f9-193c-42a3-bf65-8442ee4ab80d", "inat_id": 67227476}}, {"type": "Feature", "geometry": {"type": "Point", "coordinates": [-122.271469916, 45.5290705599]}, "properties": {"species": "Sarcomyxa serotina", "date": "2021-01-03", "location": "Oregon, US", "elevation": 240.0, "land_cover_label": "Grassland", "water_mask": false, "exclude_reason": "keep", "ndvi": null, "soil_moisture": null, "solar_exposure": null, "wind_exposure": null, "water_retention": null, "slope": null, "aspect": null, "num_identification_agreements": 1, "cluster": 1, "tavg": null, "tmin": 6.1, "tmax": 12.2, "prcp_d0": 21.02577018737793, "prcp_d1": 14.017179489135742, "prcp_d2": 7.008589744567871, "prcp_d3": 0.0, "prcp_d4": 5.138244152069092, "prcp_d5": 15.414731979370115, "prcp_d6": 0.0, "tmax_d0": 9.4, "tmax_d1": 8.0, "tmax_d2": 11.5, "tmax_d3": 7.6, "tmax_d4": 7.0, "tmax_d5": 6.3, "tmax_d6": 6.2, "tmin_d0": 5.2, "tmin_d1": 5.9, "tmin_d2": 5.7, "tmin_d3": 5.2, "tmin_d4": 3.6, "tmin_d5": -1.7, "tmin_d6": 1.2, "day_of_year": 3, "uuid": "595b59c8-461c-43d1-b3ea-a5175e43c7c4", "inat_id": 67554756}}, {"type": "Feature", "geometry": {"type": "Point", "coordinates": [-122.0230439722, 45.644179]}, "properties": {"species": "Sarcomyxa serotina", "date": "2021-01-03", "location": "Stevenson, WA 98648, USA", "elevation": 432.0, "land_cover_label": "Tree cover", "water_mask": false, "exclude_reason": "keep", "ndvi": null, "soil_moisture": null, "solar_exposure": null, "wind_exposure": null, "water_retention": null, "slope": null, "aspect": null, "num_identification_agreements": 1, "cluster": 1, "tavg": null, "tmin": 6.1, "tmax": 12.2, "prcp_d0": 37.11170196533203, "prcp_d1": 24.741134643554688, "prcp_d2": 12.370567321777344, "prcp_d3": 0.0, "prcp_d4": 14.758779525756836, "prcp_d5": 22.13817024230957, "prcp_d6": 0.0, "tmax_d0": 6.9, "tmax_d1": 5.5, "tmax_d2": 5.2, "tmax_d3": 5.1, "tmax_d4": 2.0, "tmax_d5": 0.9, "tmax_d6": 0.8, "tmin_d0": 3.1, "tmin_d1": 3.2, "tmin_d2": 1.2, "tmin_d3": 1.2, "tmin_d4": -1.7, "tmin_d5": -5.2, "tmin_d6": -2.2, "day_of_year": 3, "uuid": "133a542a-2674-452c-b238-9081ba79f33f", "inat_id": 67551797}}, {"type": "Feature", "geometry": {"type": "Point", "coordinates": [-122.4586784161, 45.4048236446]}, "properties": {"species": "Sarcomyxa serotina", "date": "2021-01-09", "location": "Oregon, US", "elevation": 139.0, "land_cover_label": "Tree cover", "water_mask": false, "exclude_reason": "keep", "ndvi": null, "soil_moisture": null, "solar_exposure": null, "wind_exposure": null, "water_retention": null, "slope": null, "aspect": null, "num_identification_agreements": 1, "cluster": 2, "tavg": null, "tmin": 2.8, "tmax": 7.8, "prcp_d0": 0.0, "prcp_d1": 8.822837829589844, "prcp_d2": 8.822837829589844, "prcp_d3": 17.645675659179688, "prcp_d4": 0.0, "prcp_d5": 27.915510177612305, "prcp_d6": 9.305170059204102, "tmax_d0": 10.3, "tmax_d1": 9.6, "tmax_d2": 11.2, "tmax_d3": 9.0, "tmax_d4": 10.0, "tmax_d5": 9.4, "tmax_d6": 10.4, "tmin_d0": -0.8, "tmin_d1": 5.2, "tmin_d2": 4.3, "tmin_d3": 5.7, "tmin_d4": 3.1, "tmin_d5": 7.5, "tmin_d6": 5.5, "day_of_year": 9, "uuid": "daaee015-0e3a-4041-b330-be5ea8e5e764", "inat_id": 67818647}}, {"type": "Feature", "geometry": {"type": "Point", "coordinates": [-121.8186861111, 45.3082583333]}, "properties": {"species": "Sarcomyxa serotina", "date": "2021-10-28", "location": "Clackamas County, US-OR, US", "elevation": 1005.0, "land_cover_label": "Tree cover", "water_mask": false, "exclude_reason": "keep", "ndvi": null, "soil_moisture": null, "solar_exposure": null, "wind_exposure": null, "water_retention": null, "slope": null, "aspect": null, "num_identification_agreements": 1, "cluster": 2, "tavg": null, "tmin": null, "tmax": null, "prcp_d0": 0.0, "prcp_d1": 0.0, "prcp_d2": 0.0, "prcp_d3": 0.0, "prcp_d4": 36.03092956542969, "prcp_d5": 0.0, "prcp_d6": 18.015464782714844, "tmax_d0": 12.7, "tmax_d1": 6.9, "tmax_d2": 6.3, "tmax_d3": 7.9, "tmax_d4": 9.2, "tmax_d5": 7.2, "tmax_d6": 13.4, "tmin_d0": 5.4, "tmin_d1": 4.3, "tmin_d2": 3.4, "tmin_d3": 2.2, "tmin_d4": 4.5, "tmin_d5": 2.7, "tmin_d6": 4.5, "day_of_year": 301, "uuid": "49d436ba-abce-476e-9e10-e60aaa6af991", "inat_id": 99662421}}, {"type": "Feature", "geometry": {"type": "Point", "coordinates": [-122.2190338997, 45.5346826997]}, "properties": {"species": "Sarcomyxa serotina", "date": "2021-11-10", "location": "Multnomah County, OR, USA", "elevation": 211.0, "land_cover_label": "Tree cover", "water_mask": false, "exclude_reason": "keep", "ndvi": null, "soil_moisture": null, "solar_exposure": null, "wind_exposure": null, "water_retention": null, "slope": null, "aspect": null, "num_identification_agreements": 1, "cluster": 1, "tavg": null, "tmin": 6.1, "tmax": 12.2, "prcp_d0": 0.0, "prcp_d1": 40.87580108642578, "prcp_d2": 0.0, "prcp_d3": 0.0, "prcp_d4": 0.0, "prcp_d5": 0.0, "prcp_d6": 12.223722457885742, "tmax_d0": 11.1, "tmax_d1": 9.3, "tmax_d2": 11.2, "tmax_d3": 9.3, "tmax_d4": 9.6, "tmax_d5": 11.0, "tmax_d6": 12.1, "tmin_d0": 4.7, "tmin_d1": 5.8, "tmin_d2": 1.9, "tmin_d3": 2.7, "tmin_d4": 4.0, "tmin_d5": 7.4, "tmin_d6": 7.7, "day_of_year": 314, "uuid": "98b6e1bd-beb0-4b42-a7ef-f0cb4472b577", "inat_id": 151070641}}, {"type": "Feature", "geometry": {"type": "Point", "coordinates": [-121.941095, 45.292375]}, "properties": {"species": "Sarcomyxa serotina", "date": "2021-11-25", "location": "Zigzag Ranger Station, Welches, OR, US", "elevation": 485.0, "land_cover_label": "Tree cover", "water_mask": false, "exclude_reason": "keep", "ndvi": null, "soil_moisture": null, "solar_exposure": null, "wind_exposure": null, "water_retention": null, "slope": null, "aspect": null, "num_identification_agreements": 2, "cluster": 0, "tavg": null, "tmin": 6.1, "tmax": 13.9, "prcp_d0": 0.0, "prcp_d1": 0.0, "prcp_d2": 0.0, "prcp_d3": 0.0, "prcp_d4": 0.0, "prcp_d5": 0.0, "prcp_d6": 0.0, "tmax_d0": 14.2, "tmax_d1": 7.6, "tmax_d2": 11.4, "tmax_d3": 14.0, "tmax_d4": 14.8, "tmax_d5": 6.7, "tmax_d6": 8.6, "tmin_d0": 2.9, "tmin_d1": -4.0, "tmin_d2": 3.5, "tmin_d3": 3.3, "tmin_d4": 0.5, "tmin_d5": 2.1, "tmin_d6": 5.5, "day_of_year": 329, "uuid": "16cfd63a-42fb-42bd-9772-7f4ad676dbc5", "inat_id": 101911225}}, {"type": "Feature", "geometry": {"type": "Point", "coordinates": [-122.0781568676, 45.281630674]}, "properties": {"species": "Sarcomyxa serotina", "date": "2021-11-27", "location": "Oregon, US", "elevation": 905.0, "land_cover_label": "Tree cover", "water_mask": false, "exclude_reason": "keep", "ndvi": null, "soil_moisture": null, "solar_exposure": null, "wind_exposure": null, "water_retention": null, "slope": null, "aspect": null, "num_identification_agreements": 2, "cluster": 0, "tavg": null, "tmin": 11.1, "tmax": 17.8, "prcp_d0": 0.0, "prcp_d1": 0.0, "prcp_d2": 0.0, "prcp_d3": 0.0, "prcp_d4": 0.0, "prcp_d5": 0.0, "prcp_d6": 0.0, "tmax_d0": 9.7, "tmax_d1": 6.7, "tmax_d2": 11.5, "tmax_d3": 4.8, "tmax_d4": 7.4, "tmax_d5": 11.7, "tmax_d6": 11.8, "tmin_d0": 4.4, "tmin_d1": 2.9, "tmin_d2": -1.8, "tmin_d3": -6.0, "tmin_d4": 0.8, "tmin_d5": -0.5, "tmin_d6": -2.8, "day_of_year": 331, "uuid": "f0093ac4-96f6-4def-be14-ac649da5c4dd", "inat_id": 102033697}}, {"type": "Feature", "geometry": {"type": "Point", "coordinates": [-122.196274437, 45.5747734173]}, "properties": {"species": "Sarcomyxa serotina", "date": "2021-11-27", "location": "Washougal, WA 98671, USA", "elevation": 232.0, "land_cover_label": "Tree cover", "water_mask": false, "exclude_reason": "keep", "ndvi": null, "soil_moisture": null, "solar_exposure": null, "wind_exposure": null, "water_retention": null, "slope": null, "aspect": null, "num_identification_agreements": 1, "cluster": 1, "tavg": null, "tmin": 11.1, "tmax": 17.8, "prcp_d0": 0.0, "prcp_d1": 13.660360336303713, "prcp_d2": 16.721017837524414, "prcp_d3": 0.0, "prcp_d4": 0.0, "prcp_d5": 0.0, "prcp_d6": 0.0, "tmax_d0": 12.7, "tmax_d1": 9.8, "tmax_d2": 13.3, "tmax_d3": 9.9, "tmax_d4": 9.6, "tmax_d5": 11.4, "tmax_d6": 11.3, "tmin_d0": 8.3, "tmin_d1": 6.0, "tmin_d2": 1.6, "tmin_d3": 1.5, "tmin_d4": 4.1, "tmin_d5": 1.0, "tmin_d6": 1.3, "day_of_year": 331, "uuid": "b339587d-6a07-4f43-9a2d-befc5a3c0df2", "inat_id": 102359646}}, {"type": "Feature", "geometry": {"type": "Point", "coordinates": [-122.1832041944, 45.3678420278]}, "properties": {"species": "Sarcomyxa serotina", "date": "2021-11-27", "location": "Sandy, OR 97055, USA", "elevation": 376.0, "land_cover_label": "Tree cover", "water_mask": false, "exclude_reason": "keep", "ndvi": null, "soil_moisture": null, "solar_exposure": null, "wind_exposure": null, "water_retention": null, "slope": null, "aspect": null, "num_identification_agreements": 2, "cluster": 0, "tavg": null, "tmin": 11.1, "tmax": 17.8, "prcp_d0": 0.0, "prcp_d1": 13.539236068725586, "prcp_d2": 0.0, "prcp_d3": 0.0, "prcp_d4": 0.0, "prcp_d5": 0.0, "prcp_d6": 0.0, "tmax_d0": 12.3, "tmax_d1": 9.8, "tmax_d2": 13.2, "tmax_d3": 10.4, "tmax_d4": 9.0, "tmax_d5": 11.1, "tmax_d6": 13.1, "tmin_d0": 7.9, "tmin_d1": 5.7, "tmin_d2": -0.1, "tmin_d3": 0.2, "tmin_d4": 3.6, "tmin_d5": -0.0, "tmin_d6": -0.8, "day_of_year": 331, "uuid": "e00f9c09-0a3c-46ae-b9ed-a8647bd32034", "inat_id": 102025975}}, {"type": "Feature", "geometry": {"type": "Point", "coordinates": [-122.2173949722, 45.538336]}, "properties": {"species": "Sarcomyxa serotina", "date": "2021-12-14", "location": "Corbett, OR 97019, USA", "elevation": 68.0, "land_cover_label": "Tree cover", "water_mask": false, "exclude_reason": "keep", "ndvi": null, "soil_moisture": null, "solar_exposure": null, "wind_exposure": null, "water_retention": null, "slope": null, "aspect": null, "num_identification_agreements": 2, "cluster": 1, "tavg": null, "tmin": 0.0, "tmax": 7.2, "prcp_d0": 0.0, "prcp_d1": 37.90388870239258, "prcp_d2": 0.0, "prcp_d3": 37.90388870239258, "prcp_d4": 0.0, "prcp_d5": 0.0, "prcp_d6": 0.0, "tmax_d0": 6.1, "tmax_d1": 5.4, "tmax_d2": 7.9, "tmax_d3": 8.1, "tmax_d4": 5.5, "tmax_d5": 5.2, "tmax_d6": 11.0, "tmin_d0": -0.6, "tmin_d1": 3.1, "tmin_d2": 3.7, "tmin_d3": 5.3, "tmin_d4": 2.2, "tmin_d5": 2.4, "tmin_d6": 5.5, "day_of_year": 348, "uuid": "0a6a1a77-9984-42d6-9184-123cfd0d4095", "inat_id": 103150868}}, {"type": "Feature", "geometry": {"type": "Point", "coordinates": [-122.1848444444, 45.5914888889]}, "properties": {"species": "Sarcomyxa serotina", "date": "2022-01-08", "location": "Washougal, WA 98671, USA", "elevation": 273.0, "land_cover_label": "Tree cover", "water_mask": false, "exclude_reason": "keep", "ndvi": null, "soil_moisture": null, "solar_exposure": null, "wind_exposure": null, "water_retention": null, "slope": null, "aspect": null, "num_identification_agreements": 1, "cluster": 1, "tavg": null, "tmin": 4.4, "tmax": 10.0, "prcp_d0": 0.0, "prcp_d1": 60.92423248291016, "prcp_d2": 30.46211624145508, "prcp_d3": 17.01741600036621, "prcp_d4": 17.01741600036621, "prcp_d5": 17.01741600036621, "prcp_d6": 17.01741600036621, "tmax_d0": 6.2, "tmax_d1": 8.5, "tmax_d2": 9.3, "tmax_d3": 4.3, "tmax_d4": 3.2, "tmax_d5": 6.0, "tmax_d6": 2.7, "tmin_d0": 1.5, "tmin_d1": 2.7, "tmin_d2": 2.1, "tmin_d3": 1.2, "tmin_d4": 0.1, "tmin_d5": 0.8, "tmin_d6": -5.7, "day_of_year": 8, "uuid": "97ccc6d4-2c27-48e6-b0a6-5e362e5d7386", "inat_id": 104715109}}, {"type": "Feature", "geometry": {"type": "Point", "coordinates": [-122.1836444444, 45.5919194444]}, "properties": {"species": "Sarcomyxa serotina", "date": "2022-01-08", "location": "Washougal, WA 98671, USA", "elevation": 298.0, "land_cover_label": "Tree cover", "water_mask": false, "exclude_reason": "keep", "ndvi": null, "soil_moisture": null, "solar_exposure": null, "wind_exposure": null, "water_retention": null, "slope": null, "aspect": null, "num_identification_agreements": 1, "cluster": 1, "tavg": null, "tmin": 4.4, "tmax": 10.0, "prcp_d0": 0.0, "prcp_d1": 60.92423248291016, "prcp_d2": 30.46211624145508, "prcp_d3": 17.01741600036621, "prcp_d4": 17.01741600036621, "prcp_d5": 17.01741600036621, "prcp_d6": 17.01741600036621, "tmax_d0": 6.3, "tmax_d1": 8.6, "tmax_d2": 9.3, "tmax_d3": 4.4, "tmax_d4": 3.3, "tmax_d5": 6.1, "tmax_d6": 2.7, "tmin_d0": 1.5, "tmin_d1": 2.7, "tmin_d2": 2.2, "tmin_d3": 1.2, "tmin_d4": 0.2, "tmin_d5": 0.8, "tmin_d6": -5.6, "day_of_year": 8, "uuid": "559ca100-d81a-4e56-856e-881dad36181f", "inat_id": 104714854}}, {"type": "Feature", "geometry": {"type": "Point", "coordinates": [-122.1831666667, 45.5904083333]}, "properties": {"species": "Sarcomyxa serotina", "date": "2022-01-08", "location": "Washougal, WA 98671, USA", "elevation": 207.0, "land_cover_label": "Tree cover", "water_mask": false, "exclude_reason": "keep", "ndvi": null, "soil_moisture": null, "solar_exposure": null, "wind_exposure": null, "water_retention": null, "slope": null, "aspect": null, "num_identification_agreements": 1, "cluster": 1, "tavg": null, "tmin": 4.4, "tmax": 10.0, "prcp_d0": 0.0, "prcp_d1": 60.92423248291016, "prcp_d2": 30.46211624145508, "prcp_d3": 17.01741600036621, "prcp_d4": 17.01741600036621, "prcp_d5": 17.01741600036621, "prcp_d6": 17.01741600036621, "tmax_d0": 6.5, "tmax_d1": 8.8, "tmax_d2": 9.6, "tmax_d3": 4.6, "tmax_d4": 3.5, "tmax_d5": 6.3, "tmax_d6": 3.0, "tmin_d0": 1.8, "tmin_d1": 3.0, "tmin_d2": 2.4, "tmin_d3": 1.5, "tmin_d4": 0.4, "tmin_d5": 1.1, "tmin_d6": -5.4, "day_of_year": 8, "uuid": "c033d929-bc25-4331-8717-115391a0ecce", "inat_id": 104714437}}, {"type": "Feature", "geometry": {"type": "Point", "coordinates": [-122.5247791431, 45.2480920487]}, "properties": {"species": "Sarcomyxa serotina", "date": "2022-01-12", "location": "S Brockway Rd, Oregon City, OR, US", "elevation": 223.0, "land_cover_label": "Tree cover", "water_mask": false, "exclude_reason": "keep", "ndvi": null, "soil_moisture": null, "solar_exposure": null, "wind_exposure": null, "water_retention": null, "slope": null, "aspect": null, "num_identification_agreements": 1, "cluster": 2, "tavg": null, "tmin": 5.6, "tmax": 14.4, "prcp_d0": 4.968884468078613, "prcp_d1": 9.937768936157228, "prcp_d2": 8.713720321655273, "prcp_d3": 0.0, "prcp_d4": 0.0, "prcp_d5": 26.14116096496582, "prcp_d6": 0.0, "tmax_d0": 14.3, "tmax_d1": 12.2, "tmax_d2": 8.1, "tmax_d3": 8.1, "tmax_d4": 9.6, "tmax_d5": 11.2, "tmax_d6": 11.0, "tmin_d0": 8.4, "tmin_d1": 5.6, "tmin_d2": 0.3, "tmin_d3": -0.6, "tmin_d4": 4.1, "tmin_d5": 5.2, "tmin_d6": 3.6, "day_of_year": 12, "uuid": "42d61e89-40ca-4450-a52c-80d07824fd2b", "inat_id": 104843760}}, {"type": "Feature", "geometry": {"type": "Point", "coordinates": [-122.1201028333, 45.5686916667]}, "properties": {"species": "Sarcomyxa serotina", "date": "2022-01-15", "location": "Benson State Park, Corbett, OR, US", "elevation": 459.0, "land_cover_label": "Tree cover", "water_mask": false, "exclude_reason": "keep", "ndvi": null, "soil_moisture": null, "solar_exposure": null, "wind_exposure": null, "water_retention": null, "slope": null, "aspect": null, "num_identification_agreements": 4, "cluster": 2, "tavg": null, "tmin": 2.2, "tmax": 8.3, "prcp_d0": 0.0, "prcp_d1": 0.0, "prcp_d2": 0.0, "prcp_d3": 9.432010650634766, "prcp_d4": 18.86402130126953, "prcp_d5": 20.778627395629883, "prcp_d6": 0.0, "tmax_d0": 4.8, "tmax_d1": 4.5, "tmax_d2": 6.6, "tmax_d3": 11.7, "tmax_d4": 5.7, "tmax_d5": 3.3, "tmax_d6": 3.8, "tmin_d0": 1.4, "tmin_d1": 1.3, "tmin_d2": 2.1, "tmin_d3": 5.3, "tmin_d4": 1.5, "tmin_d5": -1.7, "tmin_d6": -0.8, "day_of_year": 15, "uuid": "1783a0ae-0ebd-4fee-9191-e9a8e7e38dee", "inat_id": 105000666}}, {"type": "Feature", "geometry": {"type": "Point", "coordinates": [-122.2722167778, 45.5059432778]}, "properties": {"species": "Sarcomyxa serotina", "date": "2022-12-06", "location": "Corbett, OR 97019, USA", "elevation": 192.0, "land_cover_label": "Tree cover", "water_mask": false, "exclude_reason": "keep", "ndvi": null, "soil_moisture": null, "solar_exposure": null, "wind_exposure": null, "water_retention": null, "slope": null, "aspect": null, "num_identification_agreements": 2, "cluster": 0, "tavg": null, "tmin": 1.7, "tmax": 6.7, "prcp_d0": 0.0, "prcp_d1": 0.0, "prcp_d2": 9.085445404052734, "prcp_d3": 0.0, "prcp_d4": 0.0, "prcp_d5": 0.0, "prcp_d6": 0.0, "tmax_d0": 4.2, "tmax_d1": 3.7, "tmax_d2": 0.7, "tmax_d3": 2.7, "tmax_d4": 4.2, "tmax_d5": 3.4, "tmax_d6": 5.3, "tmin_d0": -0.1, "tmin_d1": -1.6, "tmin_d2": -0.5, "tmin_d3": -2.8, "tmin_d4": -3.2, "tmin_d5": 0.3, "tmin_d6": 1.1, "day_of_year": 340, "uuid": "5dc439f7-0891-4612-9154-49031e55766a", "inat_id": 143904215}}, {"type": "Feature", "geometry": {"type": "Point", "coordinates": [-122.3817283333, 45.3072783333]}, "properties": {"species": "Sarcomyxa serotina", "date": "2022-12-15", "location": "Milo McIver State Park, Eagle Creek, OR, US", "elevation": 150.0, "land_cover_label": "Tree cover", "water_mask": false, "exclude_reason": "keep", "ndvi": null, "soil_moisture": null, "solar_exposure": null, "wind_exposure": null, "water_retention": null, "slope": null, "aspect": null, "num_identification_agreements": 2, "cluster": 2, "tavg": null, "tmin": 1.7, "tmax": 6.1, "prcp_d0": 0.0, "prcp_d1": 0.0, "prcp_d2": 0.0, "prcp_d3": 0.0, "prcp_d4": 8.179964065551758, "prcp_d5": 26.6685791015625, "prcp_d6": 0.0, "tmax_d0": 9.8, "tmax_d1": 6.4, "tmax_d2": 5.9, "tmax_d3": 6.1, "tmax_d4": 7.6, "tmax_d5": 9.8, "tmax_d6": 7.1, "tmin_d0": 0.2, "tmin_d1": -1.7, "tmin_d2": 0.3, "tmin_d3": 3.8, "tmin_d4": 4.6, "tmin_d5": 4.6, "tmin_d6": 2.6, "day_of_year": 349, "uuid": "9ae60745-79c1-40c7-b630-804cc9df05f5", "inat_id": 144454643}}, {"type": "Feature", "geometry": {"type": "Point", "coordinates": [-122.38498, 45.311675]}, "properties": {"species": "Sarcomyxa serotina", "date": "2022-12-15", "location": "Milo McIver State Park, Eagle Creek, OR, US", "elevation": 122.0, "land_cover_label": "Tree cover", "water_mask": false, "exclude_reason": "keep", "ndvi": null, "soil_moisture": null, "solar_exposure": null, "wind_exposure": null, "water_retention": null, "slope": null, "aspect": null, "num_identification_agreements": 1, "cluster": 2, "tavg": null, "tmin": 1.7, "tmax": 6.1, "prcp_d0": 0.0, "prcp_d1": 0.0, "prcp_d2": 0.0, "prcp_d3": 0.0, "prcp_d4": 8.179964065551758, "prcp_d5": 26.6685791015625, "prcp_d6": 0.0, "tmax_d0": 8.4, "tmax_d1": 5.6, "tmax_d2": 6.0, "tmax_d3": 6.8, "tmax_d4": 7.8, "tmax_d5": 9.0, "tmax_d6": 6.3, "tmin_d0": -0.5, "tmin_d1": -2.0, "tmin_d2": 0.3, "tmin_d3": 4.1, "tmin_d4": 4.9, "tmin_d5": 4.3, "tmin_d6": 2.5, "day_of_year": 349, "uuid": "2f76b81c-6606-4cbc-8703-d92c001b9d88", "inat_id": 144454924}}, {"type": "Feature", "geometry": {"type": "Point", "coordinates": [-122.399445, 45.4687466667]}, "properties": {"species": "Sarcomyxa serotina", "date": "2022-12-17", "location": "SE Telford Rd, Gresham, OR, US", "elevation": 125.0, "land_cover_label": "Tree cover", "water_mask": false, "exclude_reason": "keep", "ndvi": null, "soil_moisture": null, "solar_exposure": null, "wind_exposure": null, "water_retention": null, "slope": null, "aspect": null, "num_identification_agreements": 2, "cluster": 0, "tavg": null, "tmin": -2.2, "tmax": 6.1, "prcp_d0": 0.0, "prcp_d1": 0.0, "prcp_d2": 0.0, "prcp_d3": 0.0, "prcp_d4": 0.0, "prcp_d5": 0.0, "prcp_d6": 6.858613014221191, "tmax_d0": 5.4, "tmax_d1": 4.4, "tmax_d2": 5.8, "tmax_d3": 5.1, "tmax_d4": 5.8, "tmax_d5": 6.9, "tmax_d6": 7.2, "tmin_d0": -4.3, "tmin_d1": -0.4, "tmin_d2": -1.3, "tmin_d3": -2.3, "tmin_d4": -0.1, "tmin_d5": 3.0, "tmin_d6": 4.4, "day_of_year": 351, "uuid": "f1a0b3d2-f597-40e0-938a-eda2d0128660", "inat_id": 144710950}}, {"type": "Feature", "geometry": {"type": "Point", "coordinates": [-122.3115463056, 45.5095634444]}, "properties": {"species": "Sarcomyxa serotina", "date": "2022-12-19", "location": "Corbett, OR 97019, USA", "elevation": 137.0, "land_cover_label": "Tree cover", "water_mask": false, "exclude_reason": "keep", "ndvi": null, "soil_moisture": null, "solar_exposure": null, "wind_exposure": null, "water_retention": null, "slope": null, "aspect": null, "num_identification_agreements": 2, "cluster": 0, "tavg": null, "tmin": 1.1, "tmax": 6.7, "prcp_d0": 0.0, "prcp_d1": 0.0, "prcp_d2": 0.0, "prcp_d3": 0.0, "prcp_d4": 0.0, "prcp_d5": 0.0, "prcp_d6": 0.0, "tmax_d0": 5.5, "tmax_d1": 5.1, "tmax_d2": 5.2, "tmax_d3": 4.1, "tmax_d4": 5.1, "tmax_d5": 6.8, "tmax_d6": 6.2, "tmin_d0": 1.6, "tmin_d1": 0.4, "tmin_d2": -4.1, "tmin_d3": -0.5, "tmin_d4": -0.3, "tmin_d5": -1.7, "tmin_d6": 1.1, "day_of_year": 353, "uuid": "2a88826a-8dba-4ac0-8278-5c6cac2071cb", "inat_id": 145684341}}, {"type": "Feature", "geometry": {"type": "Point", "coordinates": [-122.3733666667, 45.2421833333]}, "properties": {"species": "Sarcomyxa serotina", "date": "2022-12-25", "location": "S Shady Forest Ln, Beavercreek, OR, US", "elevation": 344.0, "land_cover_label": "Tree cover", "water_mask": false, "exclude_reason": "keep", "ndvi": null, "soil_moisture": null, "solar_exposure": null, "wind_exposure": null, "water_retention": null, "slope": null, "aspect": null, "num_identification_agreements": 1, "cluster": 1, "tavg": null, "tmin": 3.9, "tmax": 10.0, "prcp_d0": 0.0, "prcp_d1": 38.043067932128906, "prcp_d2": 0.0, "prcp_d3": 0.0, "prcp_d4": 0.0, "prcp_d5": 4.716868877410889, "prcp_d6": 0.0, "tmax_d0": 15.2, "tmax_d1": 8.3, "tmax_d2": 3.1, "tmax_d3": 1.2, "tmax_d4": 6.4, "tmax_d5": 6.8, "tmax_d6": 3.8, "tmin_d0": 7.3, "tmin_d1": -0.9, "tmin_d2": -9.1, "tmin_d3": -9.5, "tmin_d4": -1.0, "tmin_d5": 1.5, "tmin_d6": 0.9, "day_of_year": 359, "uuid": "6faa5556-702f-4085-ad61-529326e050e9", "inat_id": 145070574}}, {"type": "Feature", "geometry": {"type": "Point", "coordinates": [-122.30090964, 45.49547791]}, "properties": {"species": "Sarcomyxa serotina", "date": "2023-01-01", "location": "Gresham, OR 97080, USA", "elevation": 102.0, "land_cover_label": "Tree cover", "water_mask": false, "exclude_reason": "keep", "ndvi": null, "soil_moisture": null, "solar_exposure": null, "wind_exposure": null, "water_retention": null, "slope": null, "aspect": null, "num_identification_agreements": 2, "cluster": 2, "tavg": null, "tmin": 3.9, "tmax": 9.4, "prcp_d0": 0.0, "prcp_d1": 0.0, "prcp_d2": 0.0, "prcp_d3": 12.984441757202148, "prcp_d4": 12.984441757202148, "prcp_d5": 32.46110153198242, "prcp_d6": 38.95332717895508, "tmax_d0": 7.6, "tmax_d1": 8.1, "tmax_d2": 9.7, "tmax_d3": 8.7, "tmax_d4": 6.8, "tmax_d5": 11.9, "tmax_d6": 12.3, "tmin_d0": 4.5, "tmin_d1": 4.9, "tmin_d2": 6.3, "tmin_d3": 4.0, "tmin_d4": 4.2, "tmin_d5": 6.1, "tmin_d6": 6.8, "day_of_year": 1, "uuid": "72b8dc52-156f-4831-b133-e13c7c726a76", "inat_id": 145616917}}, {"type": "Feature", "geometry": {"type": "Point", "coordinates": [-121.5548383333, 45.7248616667]}, "properties": {"species": "Sarcomyxa serotina", "date": "2023-01-05", "location": "Columbia River Gorge National Scenic Area - Headquarters, Underwood, WA, US", "elevation": 18.0, "land_cover_label": "Tree cover", "water_mask": false, "exclude_reason": "keep", "ndvi": null, "soil_moisture": null, "solar_exposure": null, "wind_exposure": null, "water_retention": null, "slope": null, "aspect": null, "num_identification_agreements": 1, "cluster": 0, "tavg": null, "tmin": -0.1, "tmax": 5.3, "prcp_d0": 10.9995698928833, "prcp_d1": 2.749892473220825, "prcp_d2": 0.0, "prcp_d3": 2.749892473220825, "prcp_d4": 0.0, "prcp_d5": 0.0, "prcp_d6": 13.129507064819336, "tmax_d0": 6.8, "tmax_d1": 3.2, "tmax_d2": 4.2, "tmax_d3": 4.8, "tmax_d4": 6.1, "tmax_d5": 6.4, "tmax_d6": 9.0, "tmin_d0": 1.2, "tmin_d1": 0.3, "tmin_d2": -0.1, "tmin_d3": 0.8, "tmin_d4": 0.9, "tmin_d5": 3.8, "tmin_d6": 2.4, "day_of_year": 5, "uuid": "6d60d9c0-8233-4768-bc5a-d9c421527b5e", "inat_id": 148176776}}, {"type": "Feature", "geometry": {"type": "Point", "coordinates": [-121.8695616667, 45.3039283333]}, "properties": {"species": "Sarcomyxa serotina", "date": "2023-01-10", "location": "Mt. Hood Park Division Recreation Area, Rhododendron, OR, US", "elevation": 677.0, "land_cover_label": "Tree cover", "water_mask": false, "exclude_reason": "keep", "ndvi": null, "soil_moisture": null, "solar_exposure": null, "wind_exposure": null, "water_retention": null, "slope": null, "aspect": null, "num_identification_agreements": 2, "cluster": 1, "tavg": null, "tmin": -2.3, "tmax": 3.8, "prcp_d0": 4.797370433807373, "prcp_d1": 4.797370433807373, "prcp_d2": 14.392111778259276, "prcp_d3": 28.784223556518555, "prcp_d4": 0.0, "prcp_d5": 17.504915237426758, "prcp_d6": 8.752457618713379, "tmax_d0": 5.3, "tmax_d1": 6.8, "tmax_d2": 5.8, "tmax_d3": 6.3, "tmax_d4": 7.5, "tmax_d5": 7.6, "tmax_d6": 3.4, "tmin_d0": 0.6, "tmin_d1": 2.2, "tmin_d2": 4.2, "tmin_d3": 4.3, "tmin_d4": 0.0, "tmin_d5": 3.2, "tmin_d6": 0.3, "day_of_year": 10, "uuid": "9a56c68c-6119-4cbb-8d90-84bc24713b92", "inat_id": 146388586}}, {"type": "Feature", "geometry": {"type": "Point", "coordinates": [-121.8695216667, 45.303855]}, "properties": {"species": "Sarcomyxa serotina", "date": "2023-01-10", "location": "Mt. Hood Park Division Recreation Area, Rhododendron, OR, US", "elevation": 677.0, "land_cover_label": "Tree cover", "water_mask": false, "exclude_reason": "keep", "ndvi": null, "soil_moisture": null, "solar_exposure": null, "wind_exposure": null, "water_retention": null, "slope": null, "aspect": null, "num_identification_agreements": 2, "cluster": 1, "tavg": null, "tmin": -2.3, "tmax": 3.8, "prcp_d0": 4.797370433807373, "prcp_d1": 4.797370433807373, "prcp_d2": 14.392111778259276, "prcp_d3": 28.784223556518555, "prcp_d4": 0.0, "prcp_d5": 17.504915237426758, "prcp_d6": 8.752457618713379, "tmax_d0": 5.3, "tmax_d1": 6.8, "tmax_d2": 5.8, "tmax_d3": 6.3, "tmax_d4": 7.5, "tmax_d5": 7.6, "tmax_d6": 3.4, "tmin_d0": 0.6, "tmin_d1": 2.2, "tmin_d2": 4.2, "tmin_d3": 4.3, "tmin_d4": 0.0, "tmin_d5": 3.2, "tmin_d6": 0.3, "day_of_year": 10, "uuid": "65f0aacb-fb9d-48ed-90f1-1ab689501131", "inat_id": 146388441}}, {"type": "Feature", "geometry": {"type": "Point", "coordinates": [-122.2325133333, 45.5454883333]}, "properties": {"species": "Sarcomyxa serotina", "date": "2023-01-14", "location": "Columbia River Gorge National Scenic Area - Headquarters, Corbett, OR, US", "elevation": 13.0, "land_cover_label": "Tree cover", "water_mask": false, "exclude_reason": "keep", "ndvi": null, "soil_moisture": null, "solar_exposure": null, "wind_exposure": null, "water_retention": null, "slope": null, "aspect": null, "num_identification_agreements": 1, "cluster": 1, "tavg": null, "tmin": 8.3, "tmax": 10.6, "prcp_d0": 4.737451553344727, "prcp_d1": 18.949806213378903, "prcp_d2": 28.42470932006836, "prcp_d3": 4.737451553344727, "prcp_d4": 4.169218063354492, "prcp_d5": 8.338436126708984, "prcp_d6": 8.338436126708984, "tmax_d0": 12.7, "tmax_d1": 13.1, "tmax_d2": 10.2, "tmax_d3": 11.5, "tmax_d4": 9.5, "tmax_d5": 9.8, "tmax_d6": 9.3, "tmin_d0": 7.6, "tmin_d1": 8.9, "tmin_d2": 6.1, "tmin_d3": 4.4, "tmin_d4": 4.1, "tmin_d5": 5.2, "tmin_d6": 6.0, "day_of_year": 14, "uuid": "e3b8f6c9-c29b-46ed-8785-7ea3c4f505c8", "inat_id": 146767771}}, {"type": "Feature", "geometry": {"type": "Point", "coordinates": [-121.9536111111, 45.3407055556]}, "properties": {"species": "Sarcomyxa serotina", "date": "2023-11-05", "location": "Welches, Mt Hood Village, OR 97067, USA", "elevation": 435.0, "land_cover_label": "Tree cover", "water_mask": false, "exclude_reason": "keep", "ndvi": null, "soil_moisture": null, "solar_exposure": null, "wind_exposure": null, "water_retention": null, "slope": null, "aspect": null, "num_identification_agreements": 1, "cluster": 1, "tavg": null, "tmin": 8.3, "tmax": 16.1, "prcp_d0": 17.568838119506836, "prcp_d1": 87.84419250488281, "prcp_d2": 0.0, "prcp_d3": 17.568838119506836, "prcp_d4": 0.0, "prcp_d5": 0.0, "prcp_d6": 0.0, "tmax_d0": 13.0, "tmax_d1": 15.0, "tmax_d2": 16.7, "tmax_d3": 13.5, "tmax_d4": 15.8, "tmax_d5": 18.4, "tmax_d6": 15.8, "tmin_d0": 7.0, "tmin_d1": 12.8, "tmin_d2": 7.7, "tmin_d3": 11.2, "tmin_d4": 8.7, "tmin_d5": 5.3, "tmin_d6": 3.8, "day_of_year": 309, "uuid": "5918eef3-066d-47e0-bd8a-57c255696e14", "inat_id": 190108922}}, {"type": "Feature", "geometry": {"type": "Point", "coordinates": [-121.9457693964, 45.3089614923]}, "properties": {"species": "Sarcomyxa serotina", "date": "2023-11-12", "location": "Salmon River, Welches, OR, US", "elevation": 455.0, "land_cover_label": "Tree cover", "water_mask": false, "exclude_reason": "keep", "ndvi": null, "soil_moisture": null, "solar_exposure": null, "wind_exposure": null, "water_retention": null, "slope": null, "aspect": null, "num_identification_agreements": 1, "cluster": 2, "tavg": null, "tmin": 8.3, "tmax": 13.3, "prcp_d0": 0.0, "prcp_d1": 20.87785530090332, "prcp_d2": 0.0, "prcp_d3": 0.0, "prcp_d4": 0.0, "prcp_d5": 28.406831741333008, "prcp_d6": 56.813663482666016, "tmax_d0": 13.8, "tmax_d1": 9.1, "tmax_d2": 10.3, "tmax_d3": 13.7, "tmax_d4": 10.9, "tmax_d5": 8.1, "tmax_d6": 10.3, "tmin_d0": 6.1, "tmin_d1": 5.7, "tmin_d2": 4.8, "tmin_d3": 3.3, "tmin_d4": 2.5, "tmin_d5": 6.0, "tmin_d6": 7.9, "day_of_year": 316, "uuid": "842b99db-cb02-4ccf-9ed7-2913bd57c55a", "inat_id": 190922237}}, {"type": "Feature", "geometry": {"type": "Point", "coordinates": [-121.9595015, 45.3289786]}, "properties": {"species": "Sarcomyxa serotina", "date": "2023-11-14", "location": "E Welches Rd, Welches, OR, US", "elevation": 421.0, "land_cover_label": "Tree cover", "water_mask": false, "exclude_reason": "keep", "ndvi": null, "soil_moisture": null, "solar_exposure": null, "wind_exposure": null, "water_retention": null, "slope": null, "aspect": null, "num_identification_agreements": 1, "cluster": 0, "tavg": null, "tmin": 5.0, "tmax": 14.4, "prcp_d0": 0.0, "prcp_d1": 0.0, "prcp_d2": 0.0, "prcp_d3": 24.925731658935547, "prcp_d4": 0.0, "prcp_d5": 0.0, "prcp_d6": 0.0, "tmax_d0": 15.6, "tmax_d1": 12.6, "tmax_d2": 14.5, "tmax_d3": 9.2, "tmax_d4": 10.8, "tmax_d5": 14.3, "tmax_d6": 10.6, "tmin_d0": 1.0, "tmin_d1": 7.1, "tmin_d2": 5.8, "tmin_d3": 6.1, "tmin_d4": 5.4, "tmin_d5": 2.2, "tmin_d6": 2.5, "day_of_year": 318, "uuid": "b399f28c-dfd0-4a09-a89d-dcbeddf960af", "inat_id": 191040991}}, {"type": "Feature", "geometry": {"type": "Point", "coordinates": [-121.9560027778, 45.3406333333]}, "properties": {"species": "Sarcomyxa serotina", "date": "2023-11-14", "location": "Welches, Mt Hood Village, OR 97067, USA", "elevation": 438.0, "land_cover_label": "Tree cover", "water_mask": false, "exclude_reason": "keep", "ndvi": null, "soil_moisture": null, "solar_exposure": null, "wind_exposure": null, "water_retention": null, "slope": null, "aspect": null, "num_identification_agreements": 1, "cluster": 0, "tavg": null, "tmin": 5.0, "tmax": 14.4, "prcp_d0": 0.0, "prcp_d1": 0.0, "prcp_d2": 0.0, "prcp_d3": 24.925731658935547, "prcp_d4": 0.0, "prcp_d5": 0.0, "prcp_d6": 0.0, "tmax_d0": 15.5, "tmax_d1": 12.5, "tmax_d2": 14.4, "tmax_d3": 9.1, "tmax_d4": 10.7, "tmax_d5": 14.2, "tmax_d6": 10.5, "tmin_d0": 0.9, "tmin_d1": 7.0, "tmin_d2": 5.7, "tmin_d3": 6.0, "tmin_d4": 5.3, "tmin_d5": 2.1, "tmin_d6": 2.4, "day_of_year": 318, "uuid": "2027c17e-3e55-4d16-8ed9-c3309309ff0d", "inat_id": 191050370}}, {"type": "Feature", "geometry": {"type": "Point", "coordinates": [-121.9392739263, 45.301372194]}, "properties": {"species": "Sarcomyxa serotina", "date": "2023-11-23", "location": "Clackamas County, OR, USA", "elevation": 507.0, "land_cover_label": "Tree cover", "water_mask": false, "exclude_reason": "keep", "ndvi": null, "soil_moisture": null, "solar_exposure": null, "wind_exposure": null, "water_retention": null, "slope": null, "aspect": null, "num_identification_agreements": 1, "cluster": 0, "tavg": null, "tmin": 1.7, "tmax": 13.3, "prcp_d0": 0.0, "prcp_d1": 0.0, "prcp_d2": 18.796844482421875, "prcp_d3": 0.0, "prcp_d4": 0.0, "prcp_d5": 0.0, "prcp_d6": 0.0, "tmax_d0": 9.0, "tmax_d1": 13.1, "tmax_d2": 16.7, "tmax_d3": 12.5, "tmax_d4": 11.1, "tmax_d5": 13.0, "tmax_d6": 14.1, "tmin_d0": 2.3, "tmin_d1": 7.9, "tmin_d2": 7.3, "tmin_d3": 1.3, "tmin_d4": 3.3, "tmin_d5": 6.5, "tmin_d6": 6.0, "day_of_year": 327, "uuid": "e9886757-6eea-47ff-9360-25bacc34b523", "inat_id": 193078001}}, {"type": "Feature", "geometry": {"type": "Point", "coordinates": [-122.2890083333, 45.4929633333]}, "properties": {"species": "Sarcomyxa serotina", "date": "2023-12-04", "location": "Oxbow Regional Park, Gresham, OR, US", "elevation": 128.0, "land_cover_label": "Tree cover", "water_mask": false, "exclude_reason": "keep", "ndvi": null, "soil_moisture": null, "solar_exposure": null, "wind_exposure": null, "water_retention": null, "slope": null, "aspect": null, "num_identification_agreements": 1, "cluster": 1, "tavg": null, "tmin": 12.8, "tmax": 20.6, "prcp_d0": 0.0, "prcp_d1": 25.10765266418457, "prcp_d2": 37.66147994995117, "prcp_d3": 12.553826332092283, "prcp_d4": 0.0, "prcp_d5": 0.0, "prcp_d6": 0.0, "tmax_d0": 15.0, "tmax_d1": 12.5, "tmax_d2": 8.9, "tmax_d3": 8.0, "tmax_d4": 6.8, "tmax_d5": 8.2, "tmax_d6": 8.0, "tmin_d0": 11.4, "tmin_d1": 7.0, "tmin_d2": 5.9, "tmin_d3": 2.7, "tmin_d4": 0.5, "tmin_d5": -1.4, "tmin_d6": 1.2, "day_of_year": 338, "uuid": "aad8e3bd-2862-4a72-846f-309e83402136", "inat_id": 193087080}}, {"type": "Feature", "geometry": {"type": "Point", "coordinates": [-121.8940644228, 45.2985290722]}, "properties": {"species": "Sarcomyxa serotina", "date": "2023-12-08", "location": "Clackamas County, OR, USA", "elevation": 618.0, "land_cover_label": "Tree cover", "water_mask": false, "exclude_reason": "keep", "ndvi": null, "soil_moisture": null, "solar_exposure": null, "wind_exposure": null, "water_retention": null, "slope": null, "aspect": null, "num_identification_agreements": 1, "cluster": 2, "tavg": null, "tmin": 3.3, "tmax": 9.4, "prcp_d0": 0.0, "prcp_d1": 34.409637451171875, "prcp_d2": 0.0, "prcp_d3": 16.863643646240234, "prcp_d4": 0.0, "prcp_d5": 33.72728729248047, "prcp_d6": 67.45457458496094, "tmax_d0": 2.4, "tmax_d1": 7.0, "tmax_d2": 11.4, "tmax_d3": 12.8, "tmax_d4": 11.7, "tmax_d5": 9.6, "tmax_d6": 5.9, "tmin_d0": -1.9, "tmin_d1": 2.4, "tmin_d2": 7.4, "tmin_d3": 9.8, "tmin_d4": 6.8, "tmin_d5": 3.7, "tmin_d6": 3.1, "day_of_year": 342, "uuid": "515d4f6f-d86b-413c-9c52-9674f75b731e", "inat_id": 227931760}}, {"type": "Feature", "geometry": {"type": "Point", "coordinates": [-122.2381613, 44.784993]}, "properties": {"species": "Sarcomyxa serotina", "date": "2023-12-15", "location": "Phantom Bridge Trailhead, Gates, OR 97346, USA", "elevation": 1326.0, "land_cover_label": "Tree cover", "water_mask": false, "exclude_reason": "keep", "ndvi": null, "soil_moisture": null, "solar_exposure": null, "wind_exposure": null, "water_retention": null, "slope": null, "aspect": null, "num_identification_agreements": 1, "cluster": 2, "tavg": null, "tmin": null, "tmax": null, "prcp_d0": 0.0, "prcp_d1": 0.0, "prcp_d2": 0.0, "prcp_d3": 0.0, "prcp_d4": 0.0, "prcp_d5": 69.9582290649414, "prcp_d6": 0.0, "tmax_d0": 8.2, "tmax_d1": 7.7, "tmax_d2": 7.8, "tmax_d3": 5.7, "tmax_d4": 4.8, "tmax_d5": 3.1, "tmax_d6": 1.0, "tmin_d0": -3.2, "tmin_d1": -0.3, "tmin_d2": -3.5, "tmin_d3": -1.9, "tmin_d4": 1.3, "tmin_d5": -0.4, "tmin_d6": -9.1, "day_of_year": 349, "uuid": "1e913d15-eb89-439c-ab3d-5c126a999b22", "inat_id": 258919395}}, {"type": "Feature", "geometry": {"type": "Point", "coordinates": [-122.1424109861, 45.5644066208]}, "properties": {"species": "Sarcomyxa serotina", "date": "2023-12-15", "location": "Corbett, OR 97019, USA", "elevation": 605.0, "land_cover_label": "Tree cover", "water_mask": false, "exclude_reason": "keep", "ndvi": null, "soil_moisture": null, "solar_exposure": null, "wind_exposure": null, "water_retention": null, "slope": null, "aspect": null, "num_identification_agreements": 1, "cluster": 2, "tavg": null, "tmin": 8.3, "tmax": 10.0, "prcp_d0": 0.0, "prcp_d1": 19.530780792236328, "prcp_d2": 0.0, "prcp_d3": 0.0, "prcp_d4": 0.0, "prcp_d5": 39.957122802734375, "prcp_d6": 13.31904125213623, "tmax_d0": 3.8, "tmax_d1": 3.9, "tmax_d2": 3.2, "tmax_d3": 5.0, "tmax_d4": 7.3, "tmax_d5": 7.3, "tmax_d6": 1.6, "tmin_d0": -0.0, "tmin_d1": 0.3, "tmin_d2": 0.7, "tmin_d3": 1.7, "tmin_d4": 4.2, "tmin_d5": 0.9, "tmin_d6": -2.0, "day_of_year": 349, "uuid": "345048fd-1f77-40c8-b88f-5e68cf4a539a", "inat_id": 194072083}}, {"type": "Feature", "geometry": {"type": "Point", "coordinates": [-122.1677111419, 45.4807131704]}, "properties": {"species": "Sarcomyxa serotina", "date": "2023-12-17", "location": "Oregon, US", "elevation": 611.0, "land_cover_label": "Tree cover", "water_mask": false, "exclude_reason": "keep", "ndvi": null, "soil_moisture": null, "solar_exposure": null, "wind_exposure": null, "water_retention": null, "slope": null, "aspect": null, "num_identification_agreements": 2, "cluster": 0, "tavg": null, "tmin": 3.9, "tmax": 9.4, "prcp_d0": 0.0, "prcp_d1": 0.0, "prcp_d2": 0.0, "prcp_d3": 13.288780212402344, "prcp_d4": 0.0, "prcp_d5": 0.0, "prcp_d6": 0.0, "tmax_d0": 9.2, "tmax_d1": 11.3, "tmax_d2": 9.8, "tmax_d3": 8.2, "tmax_d4": 8.9, "tmax_d5": 8.1, "tmax_d6": 8.2, "tmin_d0": 2.1, "tmin_d1": 1.8, "tmin_d2": 4.2, "tmin_d3": 3.6, "tmin_d4": 4.1, "tmin_d5": 2.9, "tmin_d6": 5.4, "day_of_year": 351, "uuid": "733205e8-94a3-447b-b285-6f203a7985be", "inat_id": 194234679}}, {"type": "Feature", "geometry": {"type": "Point", "coordinates": [-122.3075166667, 45.4945366667]}, "properties": {"species": "Sarcomyxa serotina", "date": "2023-12-23", "location": "SE Oxbow Pkwy, Corbett, OR, US", "elevation": 44.0, "land_cover_label": "Tree cover", "water_mask": false, "exclude_reason": "keep", "ndvi": null, "soil_moisture": null, "solar_exposure": null, "wind_exposure": null, "water_retention": null, "slope": null, "aspect": null, "num_identification_agreements": 1, "cluster": 0, "tavg": null, "tmin": 0.0, "tmax": 6.7, "prcp_d0": 0.0, "prcp_d1": 0.0, "prcp_d2": 0.0, "prcp_d3": 0.0, "prcp_d4": 7.505913257598877, "prcp_d5": 7.505913257598877, "prcp_d6": 0.0, "tmax_d0": 7.6, "tmax_d1": 9.4, "tmax_d2": 11.5, "tmax_d3": 12.0, "tmax_d4": 11.3, "tmax_d5": 11.4, "tmax_d6": 9.5, "tmin_d0": 1.8, "tmin_d1": 2.2, "tmin_d2": 3.1, "tmin_d3": 5.2, "tmin_d4": 6.3, "tmin_d5": 5.0, "tmin_d6": 2.5, "day_of_year": 357, "uuid": "b2f65c75-5d33-4078-8f38-36e20d9ae9ab", "inat_id": 194697820}}, {"type": "Feature", "geometry": {"type": "Point", "coordinates": [-122.1245216641, 45.5529689941]}, "properties": {"species": "Sarcomyxa serotina", "date": "2023-12-24", "location": "Zigzag Ranger Station, Corbett, OR, US", "elevation": 677.0, "land_cover_label": "Tree cover", "water_mask": false, "exclude_reason": "keep", "ndvi": null, "soil_moisture": null, "solar_exposure": null, "wind_exposure": null, "water_retention": null, "slope": null, "aspect": null, "num_identification_agreements": 1, "cluster": 0, "tavg": null, "tmin": 5.6, "tmax": 7.2, "prcp_d0": 29.25282287597656, "prcp_d1": 0.0, "prcp_d2": 0.0, "prcp_d3": 0.0, "prcp_d4": 0.0, "prcp_d5": 7.569633960723877, "prcp_d6": 15.139267921447754, "tmax_d0": 2.8, "tmax_d1": 4.9, "tmax_d2": 7.6, "tmax_d3": 10.8, "tmax_d4": 9.9, "tmax_d5": 7.2, "tmax_d6": 5.9, "tmin_d0": -1.3, "tmin_d1": -1.5, "tmin_d2": 1.7, "tmin_d3": 1.2, "tmin_d4": 2.7, "tmin_d5": 0.1, "tmin_d6": -0.3, "day_of_year": 358, "uuid": "d3606f33-ceb0-4296-8cb2-a6e630ef4a39", "inat_id": 194784657}}, {"type": "Feature", "geometry": {"type": "Point", "coordinates": [-122.2194398152, 45.539503778]}, "properties": {"species": "Sarcomyxa serotina", "date": "2023-12-26", "location": "Columbia River Gorge National Scenic Area, Corbett, OR, US", "elevation": 61.0, "land_cover_label": "Tree cover", "water_mask": false, "exclude_reason": "keep", "ndvi": null, "soil_moisture": null, "solar_exposure": null, "wind_exposure": null, "water_retention": null, "slope": null, "aspect": null, "num_identification_agreements": 1, "cluster": 1, "tavg": null, "tmin": 5.0, "tmax": 7.8, "prcp_d0": 14.315034866333008, "prcp_d1": 0.0, "prcp_d2": 28.441553115844727, "prcp_d3": 0.0, "prcp_d4": 0.0, "prcp_d5": 0.0, "prcp_d6": 0.0, "tmax_d0": 9.9, "tmax_d1": 6.1, "tmax_d2": 6.9, "tmax_d3": 8.9, "tmax_d4": 10.4, "tmax_d5": 13.1, "tmax_d6": 12.5, "tmin_d0": 3.7, "tmin_d1": 2.2, "tmin_d2": 3.1, "tmin_d3": 2.2, "tmin_d4": 4.9, "tmin_d5": 4.6, "tmin_d6": 6.5, "day_of_year": 360, "uuid": "b4a7080f-fca9-41c8-8b2c-02dc50303075", "inat_id": 194931673}}, {"type": "Feature", "geometry": {"type": "Point", "coordinates": [-122.1143229722, 45.574998]}, "properties": {"species": "Sarcomyxa serotina", "date": "2023-12-30", "location": "Corbett, OR 97019, USA", "elevation": 245.0, "land_cover_label": "Tree cover", "water_mask": false, "exclude_reason": "keep", "ndvi": null, "soil_moisture": null, "solar_exposure": null, "wind_exposure": null, "water_retention": null, "slope": null, "aspect": null, "num_identification_agreements": 1, "cluster": 2, "tavg": null, "tmin": 3.9, "tmax": 9.4, "prcp_d0": 7.85138988494873, "prcp_d1": 7.85138988494873, "prcp_d2": 0.0, "prcp_d3": 7.85138988494873, "prcp_d4": 15.70277976989746, "prcp_d5": 0.0, "prcp_d6": 29.25282287597656, "tmax_d0": 8.6, "tmax_d1": 5.9, "tmax_d2": 6.6, "tmax_d3": 3.5, "tmax_d4": 5.8, "tmax_d5": 3.1, "tmax_d6": 4.5, "tmin_d0": 3.6, "tmin_d1": 2.9, "tmin_d2": 2.3, "tmin_d3": 1.5, "tmin_d4": 0.0, "tmin_d5": -0.5, "tmin_d6": 0.7, "day_of_year": 364, "uuid": "0f0854ff-c089-43a0-98c0-f038a4b4f7b0", "inat_id": 311801409}}, {"type": "Feature", "geometry": {"type": "Point", "coordinates": [-122.1032111667, 45.616975]}, "properties": {"species": "Sarcomyxa serotina", "date": "2024-01-01", "location": "Columbia River Gorge National Scenic Area, Washougal, WA, US", "elevation": 557.0, "land_cover_label": "Tree cover", "water_mask": false, "exclude_reason": "keep", "ndvi": null, "soil_moisture": null, "solar_exposure": null, "wind_exposure": null, "water_retention": null, "slope": null, "aspect": null, "num_identification_agreements": 1, "cluster": 0, "tavg": null, "tmin": 3.9, "tmax": 8.9, "prcp_d0": 0.0, "prcp_d1": 0.0, "prcp_d2": 11.527446746826172, "prcp_d3": 5.763723373413086, "prcp_d4": 0.0, "prcp_d5": 5.763723373413086, "prcp_d6": 11.527446746826172, "tmax_d0": 5.9, "tmax_d1": 8.1, "tmax_d2": 7.1, "tmax_d3": 4.4, "tmax_d4": 5.1, "tmax_d5": 2.0, "tmax_d6": 4.3, "tmin_d0": 0.8, "tmin_d1": 0.2, "tmin_d2": 2.1, "tmin_d3": 1.4, "tmin_d4": 0.8, "tmin_d5": -0.1, "tmin_d6": -1.5, "day_of_year": 1, "uuid": "70617ffd-3e76-475d-898e-47febb7254d1", "inat_id": 195681497}}, {"type": "Feature", "geometry": {"type": "Point", "coordinates": [-122.519729913, 45.2372464472]}, "properties": {"species": "Sarcomyxa serotina", "date": "2024-01-02", "location": "Oregon, US", "elevation": 173.0, "land_cover_label": "Tree cover", "water_mask": false, "exclude_reason": "keep", "ndvi": null, "soil_moisture": null, "solar_exposure": null, "wind_exposure": null, "water_retention": null, "slope": null, "aspect": null, "num_identification_agreements": 1, "cluster": 0, "tavg": null, "tmin": 2.8, "tmax": 7.2, "prcp_d0": 9.094185829162598, "prcp_d1": 0.0, "prcp_d2": 0.0, "prcp_d3": 2.7622201442718506, "prcp_d4": 5.524440288543701, "prcp_d5": 2.7622201442718506, "prcp_d6": 8.286660194396973, "tmax_d0": 8.4, "tmax_d1": 7.6, "tmax_d2": 9.4, "tmax_d3": 11.7, "tmax_d4": 15.6, "tmax_d5": 11.8, "tmax_d6": 12.8, "tmin_d0": 1.1, "tmin_d1": 0.9, "tmin_d2": 2.4, "tmin_d3": 5.9, "tmin_d4": 6.9, "tmin_d5": 6.1, "tmin_d6": 7.3, "day_of_year": 2, "uuid": "8d7fd8bc-ec7c-48c4-b8ba-5635e7891df5", "inat_id": 206973653}}, {"type": "Feature", "geometry": {"type": "Point", "coordinates": [-121.879529, 45.32002145]}, "properties": {"species": "Sarcomyxa serotina", "date": "2024-10-21", "location": "Mt. Hood Park Division Recreation Area, Rhododendron, OR, US", "elevation": 807.0, "land_cover_label": "Tree cover", "water_mask": false, "exclude_reason": "keep", "ndvi": null, "soil_moisture": null, "solar_exposure": null, "wind_exposure": null, "water_retention": null, "slope": null, "aspect": null, "num_identification_agreements": 1, "cluster": 1, "tavg": null, "tmin": 7.9, "tmax": 14.3, "prcp_d0": 115.8727035522461, "prcp_d1": 0.0, "prcp_d2": 0.0, "prcp_d3": 0.0, "prcp_d4": 0.0, "prcp_d5": 0.0, "prcp_d6": 0.0, "tmax_d0": 15.1, "tmax_d1": 18.9, "tmax_d2": 18.0, "tmax_d3": 9.6, "tmax_d4": 7.3, "tmax_d5": 11.2, "tmax_d6": 15.5, "tmin_d0": 7.1, "tmin_d1": 7.9, "tmin_d2": 5.9, "tmin_d3": 1.3, "tmin_d4": 2.9, "tmin_d5": 7.1, "tmin_d6": 10.1, "day_of_year": 295, "uuid": "b3399ca5-211e-4412-846c-82372f3883eb", "inat_id": 248494637}}, {"type": "Feature", "geometry": {"type": "Point", "coordinates": [-122.0413111111, 45.2724583333]}, "properties": {"species": "Sarcomyxa serotina", "date": "2024-11-09", "location": "Sandy, OR 97055, USA", "elevation": 717.0, "land_cover_label": "Tree cover", "water_mask": false, "exclude_reason": "keep", "ndvi": null, "soil_moisture": null, "solar_exposure": null, "wind_exposure": null, "water_retention": null, "slope": null, "aspect": null, "num_identification_agreements": 1, "cluster": 0, "tavg": null, "tmin": 8.3, "tmax": 13.3, "prcp_d0": 0.0, "prcp_d1": 0.0, "prcp_d2": 0.0, "prcp_d3": 0.0, "prcp_d4": 0.0, "prcp_d5": 0.0, "prcp_d6": 0.0, "tmax_d0": 11.6, "tmax_d1": 15.4, "tmax_d2": 15.7, "tmax_d3": 12.0, "tmax_d4": 6.0, "tmax_d5": 7.0, "tmax_d6": 6.0, "tmin_d0": 4.6, "tmin_d1": 3.3, "tmin_d2": 5.1, "tmin_d3": 0.2, "tmin_d4": 3.3, "tmin_d5": 2.3, "tmin_d6": 3.5, "day_of_year": 314, "uuid": "a00ce83e-3510-4a20-bbda-a8c4a585a151", "inat_id": 251346450}}, {"type": "Feature", "geometry": {"type": "Point", "coordinates": [-121.9422533333, 45.2856666667]}, "properties": {"species": "Sarcomyxa serotina", "date": "2024-11-10", "location": "Zigzag Ranger Station, Government Camp, OR, US", "elevation": 529.0, "land_cover_label": "Tree cover", "water_mask": false, "exclude_reason": "keep", "ndvi": null, "soil_moisture": null, "solar_exposure": null, "wind_exposure": null, "water_retention": null, "slope": null, "aspect": null, "num_identification_agreements": 1, "cluster": 2, "tavg": null, "tmin": 10.0, "tmax": 13.9, "prcp_d0": 14.256714820861816, "prcp_d1": 0.0, "prcp_d2": 0.0, "prcp_d3": 0.0, "prcp_d4": 0.0, "prcp_d5": 73.72115325927734, "prcp_d6": 0.0, "tmax_d0": 13.2, "tmax_d1": 13.9, "tmax_d2": 18.5, "tmax_d3": 17.0, "tmax_d4": 12.4, "tmax_d5": 7.5, "tmax_d6": 8.6, "tmin_d0": 7.5, "tmin_d1": 7.8, "tmin_d2": 5.4, "tmin_d3": 6.2, "tmin_d4": 1.5, "tmin_d5": 5.1, "tmin_d6": 3.0, "day_of_year": 315, "uuid": "708f2ba7-8fed-4415-ba24-7fd0dc89fea5", "inat_id": 251626765}}, {"type": "Feature", "geometry": {"type": "Point", "coordinates": [-121.8211754692, 45.3712914046]}, "properties": {"species": "Sarcomyxa serotina", "date": "2024-11-12", "location": "Clackamas County, US-OR, US", "elevation": 837.0, "land_cover_label": "Tree cover", "water_mask": false, "exclude_reason": "keep", "ndvi": null, "soil_moisture": null, "solar_exposure": null, "wind_exposure": null, "water_retention": null, "slope": null, "aspect": null, "num_identification_agreements": 1, "cluster": 0, "tavg": null, "tmin": 6.7, "tmax": 9.3, "prcp_d0": 0.0, "prcp_d1": 0.0, "prcp_d2": 12.373998641967772, "prcp_d3": 0.0, "prcp_d4": 0.0, "prcp_d5": 0.0, "prcp_d6": 0.0, "tmax_d0": 5.8, "tmax_d1": 9.7, "tmax_d2": 11.1, "tmax_d3": 12.3, "tmax_d4": 16.7, "tmax_d5": 15.3, "tmax_d6": 10.6, "tmin_d0": 3.1, "tmin_d1": 4.6, "tmin_d2": 5.0, "tmin_d3": 5.6, "tmin_d4": 3.6, "tmin_d5": 2.5, "tmin_d6": -1.2, "day_of_year": 317, "uuid": "b2b72d0f-48d4-40eb-ab48-2f36cd72f5f1", "inat_id": 251507708}}, {"type": "Feature", "geometry": {"type": "Point", "coordinates": [-121.948662033, 45.2655022789]}, "properties": {"species": "Sarcomyxa serotina", "date": "2024-11-15", "location": "Zigzag Ranger Station, Government Camp, OR, US", "elevation": 751.0, "land_cover_label": "Tree cover", "water_mask": false, "exclude_reason": "keep", "ndvi": null, "soil_moisture": null, "solar_exposure": null, "wind_exposure": null, "water_retention": null, "slope": null, "aspect": null, "num_identification_agreements": 1, "cluster": 1, "tavg": null, "tmin": 5.0, "tmax": 9.4, "prcp_d0": 0.0, "prcp_d1": 0.0, "prcp_d2": 94.54602813720705, "prcp_d3": 0.0, "prcp_d4": 0.0, "prcp_d5": 14.256714820861816, "prcp_d6": 0.0, "tmax_d0": 3.9, "tmax_d1": 6.8, "tmax_d2": 8.1, "tmax_d3": 6.8, "tmax_d4": 10.3, "tmax_d5": 11.5, "tmax_d6": 12.3, "tmin_d0": 0.5, "tmin_d1": 2.6, "tmin_d2": 4.3, "tmin_d3": 3.4, "tmin_d4": 5.4, "tmin_d5": 5.8, "tmin_d6": 6.1, "day_of_year": 320, "uuid": "180b242e-71ac-4a61-ae72-dfc3ab6d2bf2", "inat_id": 251857357}}, {"type": "Feature", "geometry": {"type": "Point", "coordinates": [-121.9500366667, 45.3401866667]}, "properties": {"species": "Sarcomyxa serotina", "date": "2024-11-28", "location": "E Rolling Green Ct, Welches, OR, US", "elevation": 442.0, "land_cover_label": "Tree cover", "water_mask": false, "exclude_reason": "keep", "ndvi": null, "soil_moisture": null, "solar_exposure": null, "wind_exposure": null, "water_retention": null, "slope": null, "aspect": null, "num_identification_agreements": 1, "cluster": 2, "tavg": null, "tmin": 1.1, "tmax": 6.7, "prcp_d0": 0.0, "prcp_d1": 0.0, "prcp_d2": 0.0, "prcp_d3": 31.38758659362793, "prcp_d4": 0.0, "prcp_d5": 0.0, "prcp_d6": 47.08137893676758, "tmax_d0": 10.8, "tmax_d1": 6.0, "tmax_d2": 5.5, "tmax_d3": 7.8, "tmax_d4": 8.0, "tmax_d5": 7.5, "tmax_d6": 11.2, "tmin_d0": -5.4, "tmin_d1": 2.4, "tmin_d2": -3.7, "tmin_d3": 3.0, "tmin_d4": -0.1, "tmin_d5": 3.0, "tmin_d6": 3.7, "day_of_year": 333, "uuid": "f4e0be9e-5f12-491c-8cf3-7c15398b47cf", "inat_id": 253520585}}, {"type": "Feature", "geometry": {"type": "Point", "coordinates": [-121.9193633333, 45.333305]}, "properties": {"species": "Sarcomyxa serotina", "date": "2024-11-28", "location": "Mt. Hood Park Division Recreation Area, Rhododendron, OR, US", "elevation": 495.0, "land_cover_label": "Tree cover", "water_mask": false, "exclude_reason": "keep", "ndvi": null, "soil_moisture": null, "solar_exposure": null, "wind_exposure": null, "water_retention": null, "slope": null, "aspect": null, "num_identification_agreements": 1, "cluster": 2, "tavg": null, "tmin": 1.1, "tmax": 6.7, "prcp_d0": 0.0, "prcp_d1": 0.0, "prcp_d2": 0.0, "prcp_d3": 31.52062225341797, "prcp_d4": 0.0, "prcp_d5": 0.0, "prcp_d6": 47.28093338012695, "tmax_d0": 10.5, "tmax_d1": 5.7, "tmax_d2": 5.2, "tmax_d3": 7.5, "tmax_d4": 7.7, "tmax_d5": 7.2, "tmax_d6": 10.9, "tmin_d0": -5.7, "tmin_d1": 2.1, "tmin_d2": -4.0, "tmin_d3": 2.7, "tmin_d4": -0.4, "tmin_d5": 2.7, "tmin_d6": 3.4, "day_of_year": 333, "uuid": "2e759dd4-aa69-4052-9d1f-2c9110c842d7", "inat_id": 253483277}}, {"type": "Feature", "geometry": {"type": "Point", "coordinates": [-121.9946455, 45.3487384]}, "properties": {"species": "Sarcomyxa serotina", "date": "2024-12-01", "location": "Welches, OR 97067, USA", "elevation": 373.0, "land_cover_label": "Tree cover", "water_mask": false, "exclude_reason": "keep", "ndvi": null, "soil_moisture": null, "solar_exposure": null, "wind_exposure": null, "water_retention": null, "slope": null, "aspect": null, "num_identification_agreements": 1, "cluster": 0, "tavg": null, "tmin": 1.0, "tmax": 7.2, "prcp_d0": 0.0, "prcp_d1": 0.0, "prcp_d2": 0.0, "prcp_d3": 0.0, "prcp_d4": 0.0, "prcp_d5": 0.0, "prcp_d6": 31.38758659362793, "tmax_d0": 15.1, "tmax_d1": 8.8, "tmax_d2": 6.0, "tmax_d3": 8.3, "tmax_d4": 6.8, "tmax_d5": 6.2, "tmax_d6": 8.7, "tmin_d0": -2.4, "tmin_d1": -4.2, "tmin_d2": -2.5, "tmin_d3": -2.1, "tmin_d4": 3.2, "tmin_d5": -1.2, "tmin_d6": 3.8, "day_of_year": 336, "uuid": "84e5aa83-a220-4f86-8fd7-71b1c9399b9c", "inat_id": 254328272}}, {"type": "Feature", "geometry": {"type": "Point", "coordinates": [-122.225233297, 45.3055214693]}, "properties": {"species": "Sarcomyxa serotina", "date": "2024-12-08", "location": "Clackamas County, OR, USA", "elevation": 383.0, "land_cover_label": "Tree cover", "water_mask": false, "exclude_reason": "keep", "ndvi": null, "soil_moisture": null, "solar_exposure": null, "wind_exposure": null, "water_retention": null, "slope": null, "aspect": null, "num_identification_agreements": 1, "cluster": 0, "tavg": null, "tmin": 7.2, "tmax": 10.0, "prcp_d0": 0.0, "prcp_d1": 22.0330753326416, "prcp_d2": 0.0, "prcp_d3": 0.0, "prcp_d4": 0.0, "prcp_d5": 0.0, "prcp_d6": 0.0, "tmax_d0": 6.9, "tmax_d1": 8.9, "tmax_d2": 14.0, "tmax_d3": 11.6, "tmax_d4": 12.5, "tmax_d5": 12.6, "tmax_d6": 11.9, "tmin_d0": 2.5, "tmin_d1": 1.9, "tmin_d2": 2.7, "tmin_d3": 1.1, "tmin_d4": 1.6, "tmin_d5": 1.2, "tmin_d6": -1.2, "day_of_year": 343, "uuid": "b5c938e7-3507-4e63-b2b4-0f5406fb4ce6", "inat_id": 254596403}}, {"type": "Feature", "geometry": {"type": "Point", "coordinates": [-122.068665, 45.5896191]}, "properties": {"species": "Sarcomyxa serotina", "date": "2024-12-08", "location": "Horsetail Falls, Oregon 97014, USA", "elevation": 22.0, "land_cover_label": "Tree cover", "water_mask": false, "exclude_reason": "keep", "ndvi": null, "soil_moisture": null, "solar_exposure": null, "wind_exposure": null, "water_retention": null, "slope": null, "aspect": null, "num_identification_agreements": 1, "cluster": 1, "tavg": null, "tmin": 7.2, "tmax": 10.0, "prcp_d0": 0.0, "prcp_d1": 49.59251022338867, "prcp_d2": 0.0, "prcp_d3": 0.0, "prcp_d4": 0.0, "prcp_d5": 0.0, "prcp_d6": 0.0, "tmax_d0": 8.9, "tmax_d1": 9.5, "tmax_d2": 4.9, "tmax_d3": 4.5, "tmax_d4": 3.2, "tmax_d5": 4.0, "tmax_d6": 5.4, "tmin_d0": 4.6, "tmin_d1": 1.1, "tmin_d2": -0.2, "tmin_d3": -0.8, "tmin_d4": -1.2, "tmin_d5": -0.4, "tmin_d6": 0.3, "day_of_year": 343, "uuid": "bd72df4a-dffe-4fd2-8340-3ca7b2f8c0ce", "inat_id": 258919156}}, {"type": "Feature", "geometry": {"type": "Point", "coordinates": [-121.9917305997, 45.3488667]}, "properties": {"species": "Sarcomyxa serotina", "date": "2024-12-15", "location": "Welches, OR 97067, USA", "elevation": 382.0, "land_cover_label": "Tree cover", "water_mask": false, "exclude_reason": "keep", "ndvi": null, "soil_moisture": null, "solar_exposure": null, "wind_exposure": null, "water_retention": null, "slope": null, "aspect": null, "num_identification_agreements": 1, "cluster": 1, "tavg": null, "tmin": 5.0, "tmax": 9.4, "prcp_d0": 0.0, "prcp_d1": 16.069236755371094, "prcp_d2": 10.712823867797852, "prcp_d3": 10.712823867797852, "prcp_d4": 5.356411933898926, "prcp_d5": 0.0, "prcp_d6": 0.0, "tmax_d0": 5.9, "tmax_d1": 7.5, "tmax_d2": 6.3, "tmax_d3": 7.6, "tmax_d4": 13.1, "tmax_d5": 13.9, "tmax_d6": 10.7, "tmin_d0": 1.7, "tmin_d1": 4.3, "tmin_d2": 1.7, "tmin_d3": 2.8, "tmin_d4": 2.8, "tmin_d5": -1.8, "tmin_d6": -0.5, "day_of_year": 350, "uuid": "920b74a1-4300-476d-9997-2c06186187f6", "inat_id": 256124525}}, {"type": "Feature", "geometry": {"type": "Point", "coordinates": [-121.9940127997, 45.3486802997]}, "properties": {"species": "Sarcomyxa serotina", "date": "2024-12-15", "location": "Welches, OR 97067, USA", "elevation": 373.0, "land_cover_label": "Tree cover", "water_mask": false, "exclude_reason": "keep", "ndvi": null, "soil_moisture": null, "solar_exposure": null, "wind_exposure": null, "water_retention": null, "slope": null, "aspect": null, "num_identification_agreements": 1, "cluster": 1, "tavg": null, "tmin": 5.0, "tmax": 9.4, "prcp_d0": 0.0, "prcp_d1": 16.069236755371094, "prcp_d2": 10.712823867797852, "prcp_d3": 10.712823867797852, "prcp_d4": 5.356411933898926, "prcp_d5": 0.0, "prcp_d6": 0.0, "tmax_d0": 5.9, "tmax_d1": 7.6, "tmax_d2": 6.4, "tmax_d3": 7.6, "tmax_d4": 13.1, "tmax_d5": 14.0, "tmax_d6": 10.7, "tmin_d0": 1.8, "tmin_d1": 4.3, "tmin_d2": 1.8, "tmin_d3": 2.8, "tmin_d4": 2.9, "tmin_d5": -1.7, "tmin_d6": -0.5, "day_of_year": 350, "uuid": "f1ab132d-f722-433d-82f5-58fe81a14531", "inat_id": 256116821}}, {"type": "Feature", "geometry": {"type": "Point", "coordinates": [-121.9562833333, 45.3406222222]}, "properties": {"species": "Sarcomyxa serotina", "date": "2024-12-15", "location": "Welches, Mt Hood Village, OR 97067, USA", "elevation": 428.0, "land_cover_label": "Tree cover", "water_mask": false, "exclude_reason": "keep", "ndvi": null, "soil_moisture": null, "solar_exposure": null, "wind_exposure": null, "water_retention": null, "slope": null, "aspect": null, "num_identification_agreements": 1, "cluster": 1, "tavg": null, "tmin": 5.0, "tmax": 9.4, "prcp_d0": 0.0, "prcp_d1": 16.069236755371094, "prcp_d2": 10.712823867797852, "prcp_d3": 10.712823867797852, "prcp_d4": 5.356411933898926, "prcp_d5": 0.0, "prcp_d6": 0.0, "tmax_d0": 5.6, "tmax_d1": 7.2, "tmax_d2": 6.0, "tmax_d3": 7.3, "tmax_d4": 12.8, "tmax_d5": 13.6, "tmax_d6": 10.4, "tmin_d0": 1.4, "tmin_d1": 4.0, "tmin_d2": 1.4, "tmin_d3": 2.5, "tmin_d4": 2.5, "tmin_d5": -2.1, "tmin_d6": -0.8, "day_of_year": 350, "uuid": "745e7ba3-9105-4e2c-8257-8a05ed2a3285", "inat_id": 255737285}}, {"type": "Feature", "geometry": {"type": "Point", "coordinates": [-122.0932683997, 45.648305]}, "properties": {"species": "Sarcomyxa serotina", "date": "2024-12-22", "location": "Stevenson, WA 98648, USA", "elevation": 567.0, "land_cover_label": "Tree cover", "water_mask": false, "exclude_reason": "keep", "ndvi": null, "soil_moisture": null, "solar_exposure": null, "wind_exposure": null, "water_retention": null, "slope": null, "aspect": null, "num_identification_agreements": 1, "cluster": 2, "tavg": null, "tmin": 7.8, "tmax": 9.4, "prcp_d0": 9.463099479675291, "prcp_d1": 18.926198959350582, "prcp_d2": 27.778676986694336, "prcp_d3": 0.0, "prcp_d4": 0.0, "prcp_d5": 27.778676986694336, "prcp_d6": 41.66801834106445, "tmax_d0": 5.5, "tmax_d1": 6.3, "tmax_d2": 5.5, "tmax_d3": 8.1, "tmax_d4": 8.9, "tmax_d5": 1.7, "tmax_d6": 2.8, "tmin_d0": 1.0, "tmin_d1": 1.3, "tmin_d2": 2.3, "tmin_d3": 1.1, "tmin_d4": 1.5, "tmin_d5": 0.8, "tmin_d6": 0.2, "day_of_year": 357, "uuid": "11958010-69b1-420c-9b86-5e054f1285d5", "inat_id": 255958479}}, {"type": "Feature", "geometry": {"type": "Point", "coordinates": [-121.9264894149, 45.7043390274]}, "properties": {"species": "Sarcomyxa serotina", "date": "2024-12-26", "location": "United States", "elevation": 239.0, "land_cover_label": "Tree cover", "water_mask": false, "exclude_reason": "keep", "ndvi": null, "soil_moisture": null, "solar_exposure": null, "wind_exposure": null, "water_retention": null, "slope": null, "aspect": null, "num_identification_agreements": 1, "cluster": 1, "tavg": null, "tmin": 0.8, "tmax": 8.4, "prcp_d0": 61.86968231201172, "prcp_d1": 31.76630592346192, "prcp_d2": 39.70788192749024, "prcp_d3": 0.0, "prcp_d4": 7.9415764808654785, "prcp_d5": 23.824731826782227, "prcp_d6": 23.68868827819824, "tmax_d0": 7.3, "tmax_d1": 6.5, "tmax_d2": 9.2, "tmax_d3": 9.4, "tmax_d4": 7.1, "tmax_d5": 8.2, "tmax_d6": 7.6, "tmin_d0": 1.7, "tmin_d1": 2.2, "tmin_d2": 5.7, "tmin_d3": 4.7, "tmin_d4": 2.9, "tmin_d5": 3.7, "tmin_d6": 3.7, "day_of_year": 361, "uuid": "4d65d0bf-9cd2-4e81-a5c0-3ee497d78faa", "inat_id": 256398243}}, {"type": "Feature", "geometry": {"type": "Point", "coordinates": [-122.1426555, 45.606925]}, "properties": {"species": "Sarcomyxa serotina", "date": "2024-12-31", "location": "Columbia River Gorge National Scenic Area, Washougal, WA, US", "elevation": 558.0, "land_cover_label": "Tree cover", "water_mask": false, "exclude_reason": "keep", "ndvi": null, "soil_moisture": null, "solar_exposure": null, "wind_exposure": null, "water_retention": null, "slope": null, "aspect": null, "num_identification_agreements": 1, "cluster": 2, "tavg": null, "tmin": 3.9, "tmax": 6.7, "prcp_d0": 0.0, "prcp_d1": 0.0, "prcp_d2": 42.16035461425781, "prcp_d3": 21.080177307128903, "prcp_d4": 21.080177307128903, "prcp_d5": 84.32070922851562, "prcp_d6": 34.73612976074219, "tmax_d0": 4.3, "tmax_d1": 4.6, "tmax_d2": 5.7, "tmax_d3": 6.6, "tmax_d4": 7.3, "tmax_d5": 6.7, "tmax_d6": 4.8, "tmin_d0": -0.9, "tmin_d1": 0.7, "tmin_d2": 2.2, "tmin_d3": 4.1, "tmin_d4": 2.5, "tmin_d5": 1.6, "tmin_d6": 1.7, "day_of_year": 366, "uuid": "180ee8ca-62cb-455e-9b42-b40f15b5cea7", "inat_id": 256937156}}, {"type": "Feature", "geometry": {"type": "Point", "coordinates": [-122.0326833333, 45.3824616667]}, "properties": {"species": "Sarcomyxa serotina", "date": "2024-12-31", "location": "Sandy, OR, US", "elevation": 337.0, "land_cover_label": "Tree cover", "water_mask": false, "exclude_reason": "keep", "ndvi": null, "soil_moisture": null, "solar_exposure": null, "wind_exposure": null, "water_retention": null, "slope": null, "aspect": null, "num_identification_agreements": 1, "cluster": 2, "tavg": null, "tmin": 3.9, "tmax": 6.7, "prcp_d0": 10.148415565490724, "prcp_d1": 0.0, "prcp_d2": 30.445247650146484, "prcp_d3": 20.296831130981445, "prcp_d4": 20.296831130981445, "prcp_d5": 40.59366226196289, "prcp_d6": 25.11241340637207, "tmax_d0": 7.5, "tmax_d1": 5.8, "tmax_d2": 7.2, "tmax_d3": 8.2, "tmax_d4": 8.3, "tmax_d5": 8.0, "tmax_d6": 5.9, "tmin_d0": -2.5, "tmin_d1": 1.7, "tmin_d2": 4.2, "tmin_d3": 5.3, "tmin_d4": 5.5, "tmin_d5": 5.4, "tmin_d6": 2.5, "day_of_year": 366, "uuid": "93cff9de-6b07-44c8-9d81-7f27a33601fc", "inat_id": 256932320}}, {"type": "Feature", "geometry": {"type": "Point", "coordinates": [-122.2247587761, 45.3046332065]}, "properties": {"species": "Sarcomyxa serotina", "date": "2025-01-05", "location": "Clackamas County, OR, USA", "elevation": 366.0, "land_cover_label": "Tree cover", "water_mask": false, "exclude_reason": "keep", "ndvi": null, "soil_moisture": null, "solar_exposure": null, "wind_exposure": null, "water_retention": null, "slope": null, "aspect": null, "num_identification_agreements": 1, "cluster": 1, "tavg": null, "tmin": 6.7, "tmax": 12.2, "prcp_d0": 0.0, "prcp_d1": 30.588363647460938, "prcp_d2": 61.17672729492188, "prcp_d3": 0.0, "prcp_d4": 0.0, "prcp_d5": 0.0, "prcp_d6": 0.0, "tmax_d0": 9.6, "tmax_d1": 6.8, "tmax_d2": 7.3, "tmax_d3": 9.7, "tmax_d4": 7.2, "tmax_d5": 7.1, "tmax_d6": 6.8, "tmin_d0": 4.8, "tmin_d1": 2.7, "tmin_d2": 5.5, "tmin_d3": 4.2, "tmin_d4": 2.2, "tmin_d5": -2.0, "tmin_d6": 1.7, "day_of_year": 5, "uuid": "ebca0594-97f5-46ca-9b8d-ce4b916417e8", "inat_id": 262444725}}, {"type": "Feature", "geometry": {"type": "Point", "coordinates": [-121.8713916667, 45.3818583333]}, "properties": {"species": "Sarcomyxa serotina", "date": "2025-01-08", "location": "Zigzag Ranger Station, Rhododendron, OR, US", "elevation": 627.0, "land_cover_label": "Tree cover", "water_mask": false, "exclude_reason": "keep", "ndvi": null, "soil_moisture": null, "solar_exposure": null, "wind_exposure": null, "water_retention": null, "slope": null, "aspect": null, "num_identification_agreements": 1, "cluster": 2, "tavg": null, "tmin": -0.2, "tmax": 8.7, "prcp_d0": 7.212027549743652, "prcp_d1": 0.0, "prcp_d2": 14.424055099487305, "prcp_d3": 0.0, "prcp_d4": 0.0, "prcp_d5": 64.5643539428711, "prcp_d6": 0.0, "tmax_d0": 12.7, "tmax_d1": 8.8, "tmax_d2": 9.3, "tmax_d3": 7.0, "tmax_d4": 4.9, "tmax_d5": 6.0, "tmax_d6": 7.9, "tmin_d0": 0.5, "tmin_d1": 0.3, "tmin_d2": 2.3, "tmin_d3": 2.5, "tmin_d4": 0.2, "tmin_d5": 3.9, "tmin_d6": 2.8, "day_of_year": 8, "uuid": "4e54ad2b-0761-42bf-a964-866120875c7d", "inat_id": 257897351}}, {"type": "Feature", "geometry": {"type": "Point", "coordinates": [-121.5026466667, 45.7968716667]}, "properties": {"species": "Sarcomyxa serotina", "date": "2025-11-08", "location": "White Salmon, WA, US", "elevation": 113.0, "land_cover_label": "Tree cover", "water_mask": false, "exclude_reason": "keep", "ndvi": null, "soil_moisture": null, "solar_exposure": null, "wind_exposure": null, "water_retention": null, "slope": null, "aspect": null, "num_identification_agreements": 1, "cluster": 1, "tavg": null, "tmin": 2.0, "tmax": 11.0, "prcp_d0": 0.0, "prcp_d1": 0.0, "prcp_d2": 0.0, "prcp_d3": 59.093353271484375, "prcp_d4": 14.773338317871094, "prcp_d5": 0.0, "prcp_d6": 0.0, "tmax_d0": 12.1, "tmax_d1": 12.1, "tmax_d2": 11.9, "tmax_d3": 12.1, "tmax_d4": 9.4, "tmax_d5": 12.2, "tmax_d6": 13.9, "tmin_d0": 2.8, "tmin_d1": 7.0, "tmin_d2": 8.1, "tmin_d3": 6.8, "tmin_d4": 5.9, "tmin_d5": 6.4, "tmin_d6": 6.8, "day_of_year": 312, "uuid": "27960e4e-b7ef-4322-a584-c398d40b3e3f", "inat_id": 325631492}}, {"type": "Feature", "geometry": {"type": "Point", "coordinates": [-121.9415050573, 45.3039661925]}, "properties": {"species": "Sarcomyxa serotina", "date": "2025-11-09", "location": "Clackamas County, US-OR, US", "elevation": 472.0, "land_cover_label": "Tree cover", "water_mask": false, "exclude_reason": "keep", "ndvi": null, "soil_moisture": null, "solar_exposure": null, "wind_exposure": null, "water_retention": null, "slope": null, "aspect": null, "num_identification_agreements": 1, "cluster": 2, "tavg": null, "tmin": 11.0, "tmax": 14.6, "prcp_d0": 0.0, "prcp_d1": 0.0, "prcp_d2": 0.0, "prcp_d3": 0.0, "prcp_d4": 126.4826202392578, "prcp_d5": 0.0, "prcp_d6": 31.620655059814453, "tmax_d0": 20.3, "tmax_d1": 15.1, "tmax_d2": 11.5, "tmax_d3": 13.9, "tmax_d4": 13.4, "tmax_d5": 14.6, "tmax_d6": 11.9, "tmin_d0": 9.9, "tmin_d1": 3.1, "tmin_d2": 6.2, "tmin_d3": 7.2, "tmin_d4": 9.4, "tmin_d5": 7.6, "tmin_d6": 5.7, "day_of_year": 313, "uuid": "88386d63-9696-46ac-99cd-f91798f9b227", "inat_id": 328197632}}, {"type": "Feature", "geometry": {"type": "Point", "coordinates": [-121.830007325, 45.3789045967]}, "properties": {"species": "Sarcomyxa serotina", "date": "2025-11-14", "location": "Clackamas County, OR, USA", "elevation": 764.0, "land_cover_label": "Tree cover", "water_mask": false, "exclude_reason": "keep", "ndvi": null, "soil_moisture": null, "solar_exposure": null, "wind_exposure": null, "water_retention": null, "slope": null, "aspect": null, "num_identification_agreements": 1, "cluster": 0, "tavg": null, "tmin": 9.0, "tmax": 14.0, "prcp_d0": 0.0, "prcp_d1": 0.0, "prcp_d2": 0.0, "prcp_d3": 0.0, "prcp_d4": 0.0, "prcp_d5": 0.0, "prcp_d6": 0.0, "tmax_d0": 11.0, "tmax_d1": 16.6, "tmax_d2": 17.5, "tmax_d3": 16.9, "tmax_d4": 15.2, "tmax_d5": 19.5, "tmax_d6": 14.4, "tmin_d0": 6.1, "tmin_d1": 9.3, "tmin_d2": 8.9, "tmin_d3": 5.3, "tmin_d4": 7.1, "tmin_d5": 7.1, "tmin_d6": 1.1, "day_of_year": 318, "uuid": "d12d1252-c8b1-4a38-89c8-d9938cca0183", "inat_id": 330887184}}, {"type": "Feature", "geometry": {"type": "Point", "coordinates": [-121.6667944444, 45.7975361111]}, "properties": {"species": "Sarcomyxa serotina", "date": "2025-11-15", "location": "Skamania County, WA, USA", "elevation": 534.0, "land_cover_label": "Tree cover", "water_mask": false, "exclude_reason": "keep", "ndvi": null, "soil_moisture": null, "solar_exposure": null, "wind_exposure": null, "water_retention": null, "slope": null, "aspect": null, "num_identification_agreements": 1, "cluster": 2, "tavg": null, "tmin": 7.0, "tmax": 16.0, "prcp_d0": 0.0, "prcp_d1": 0.0, "prcp_d2": 12.857556343078612, "prcp_d3": 12.857556343078612, "prcp_d4": 0.0, "prcp_d5": 39.35762405395508, "prcp_d6": 0.0, "tmax_d0": 12.1, "tmax_d1": 8.8, "tmax_d2": 11.0, "tmax_d3": 10.3, "tmax_d4": 11.3, "tmax_d5": 11.9, "tmax_d6": 10.5, "tmin_d0": 7.9, "tmin_d1": 5.5, "tmin_d2": 4.9, "tmin_d3": 4.7, "tmin_d4": 4.5, "tmin_d5": 3.9, "tmin_d6": 3.3, "day_of_year": 319, "uuid": "3c4d47da-b544-4cd5-a5b9-1a60d694758a", "inat_id": 331168030}}, {"type": "Feature", "geometry": {"type": "Point", "coordinates": [-122.1639555556, 45.5433944444]}, "properties": {"species": "Sarcomyxa serotina", "date": "2025-11-16", "location": "Corbett, OR 97019, USA", "elevation": 406.0, "land_cover_label": "Tree cover", "water_mask": false, "exclude_reason": "keep", "ndvi": null, "soil_moisture": null, "solar_exposure": null, "wind_exposure": null, "water_retention": null, "slope": null, "aspect": null, "num_identification_agreements": 1, "cluster": 0, "tavg": null, "tmin": 8.0, "tmax": 12.0, "prcp_d0": 0.0, "prcp_d1": 0.0, "prcp_d2": 0.0, "prcp_d3": 0.0, "prcp_d4": 0.0, "prcp_d5": 0.0, "prcp_d6": 0.0, "tmax_d0": 12.1, "tmax_d1": 14.4, "tmax_d2": 11.0, "tmax_d3": 13.1, "tmax_d4": 13.1, "tmax_d5": 13.9, "tmax_d6": 12.6, "tmin_d0": 7.5, "tmin_d1": 8.9, "tmin_d2": 7.6, "tmin_d3": 7.2, "tmin_d4": 6.6, "tmin_d5": 6.6, "tmin_d6": 5.7, "day_of_year": 320, "uuid": "358023ba-6266-418f-822f-1025716e54c6", "inat_id": 326894629}}, {"type": "Feature", "geometry": {"type": "Point", "coordinates": [-122.2666106746, 45.4087407303]}, "properties": {"species": "Sarcomyxa serotina", "date": "2025-11-19", "location": "Sandy, OR, USA", "elevation": 122.0, "land_cover_label": "Tree cover", "water_mask": false, "exclude_reason": "keep", "ndvi": null, "soil_moisture": null, "solar_exposure": null, "wind_exposure": null, "water_retention": null, "slope": null, "aspect": null, "num_identification_agreements": 2, "cluster": 0, "tavg": null, "tmin": 2.0, "tmax": 12.0, "prcp_d0": 0.0, "prcp_d1": 0.0, "prcp_d2": 0.0, "prcp_d3": 0.0, "prcp_d4": 0.0, "prcp_d5": 0.0, "prcp_d6": 28.69449234008789, "tmax_d0": 13.8, "tmax_d1": 10.0, "tmax_d2": 11.6, "tmax_d3": 14.6, "tmax_d4": 16.0, "tmax_d5": 14.6, "tmax_d6": 17.8, "tmin_d0": 1.1, "tmin_d1": 2.1, "tmin_d2": 8.5, "tmin_d3": 6.9, "tmin_d4": 11.6, "tmin_d5": 9.5, "tmin_d6": 10.2, "day_of_year": 323, "uuid": "ad061e4d-45af-4111-903f-b3eb050dd8bb", "inat_id": 327287896}}, {"type": "Feature", "geometry": {"type": "Point", "coordinates": [-122.09923308, 45.5683260212]}, "properties": {"species": "Sarcomyxa serotina", "date": "2025-11-22", "location": "Multnomah County, OR, USA", "elevation": 478.0, "land_cover_label": "Tree cover", "water_mask": false, "exclude_reason": "keep", "ndvi": null, "soil_moisture": null, "solar_exposure": null, "wind_exposure": null, "water_retention": null, "slope": null, "aspect": null, "num_identification_agreements": 1, "cluster": 0, "tavg": null, "tmin": 1.0, "tmax": 7.0, "prcp_d0": 0.0005527766188606, "prcp_d1": 0.0141855254769325, "prcp_d2": 0.0, "prcp_d3": 0.0, "prcp_d4": 0.0, "prcp_d5": 0.0, "prcp_d6": 0.0, "tmax_d0": 9.2, "tmax_d1": 9.0, "tmax_d2": 9.8, "tmax_d3": 7.2, "tmax_d4": 6.9, "tmax_d5": 9.8, "tmax_d6": 11.8, "tmin_d0": 2.0, "tmin_d1": 1.0, "tmin_d2": 3.5, "tmin_d3": 0.4, "tmin_d4": 1.6, "tmin_d5": 6.2, "tmin_d6": 7.2, "day_of_year": 326, "uuid": "129c1289-896b-49d4-a890-875ec9214bc0", "inat_id": 328304292}}, {"type": "Feature", "geometry": {"type": "Point", "coordinates": [-122.1950885653, 45.5726187251]}, "properties": {"species": "Sarcomyxa serotina", "date": "2025-11-23", "location": "Washougal, WA 98671, USA", "elevation": 7.0, "land_cover_label": "Tree cover", "water_mask": false, "exclude_reason": "keep", "ndvi": null, "soil_moisture": null, "solar_exposure": null, "wind_exposure": null, "water_retention": null, "slope": null, "aspect": null, "num_identification_agreements": 1, "cluster": 0, "tavg": null, "tmin": 6.0, "tmax": 9.0, "prcp_d0": 5.809102535247803, "prcp_d1": 1.7581827705726027e-05, "prcp_d2": 0.0111097795888781, "prcp_d3": 0.0, "prcp_d4": 0.0, "prcp_d5": 0.0, "prcp_d6": 0.0, "tmax_d0": 7.9, "tmax_d1": 9.1, "tmax_d2": 9.6, "tmax_d3": 11.5, "tmax_d4": 11.2, "tmax_d5": 8.6, "tmax_d6": 11.4, "tmin_d0": 5.4, "tmin_d1": 1.7, "tmin_d2": 0.7, "tmin_d3": 5.1, "tmin_d4": 1.2, "tmin_d5": 2.4, "tmin_d6": 7.5, "day_of_year": 327, "uuid": "26792980-9001-4c1a-a830-d174f05f9059", "inat_id": 327993660}}, {"type": "Feature", "geometry": {"type": "Point", "coordinates": [-121.873669998, 45.6446537953]}, "properties": {"species": "Sarcomyxa serotina", "date": "2025-11-25", "location": "Oregon, US", "elevation": 978.0, "land_cover_label": "Tree cover", "water_mask": false, "exclude_reason": "keep", "ndvi": null, "soil_moisture": null, "solar_exposure": null, "wind_exposure": null, "water_retention": null, "slope": null, "aspect": null, "num_identification_agreements": 1, "cluster": 1, "tavg": null, "tmin": 1.0, "tmax": 6.0, "prcp_d0": 14.388370513916016, "prcp_d1": 16.387287139892578, "prcp_d2": 8.976590156555176, "prcp_d3": 0.0003360966220498, "prcp_d4": 0.0219159852713346, "prcp_d5": 0.0, "prcp_d6": 0.0, "tmax_d0": 2.2, "tmax_d1": 4.1, "tmax_d2": 5.0, "tmax_d3": 9.2, "tmax_d4": 7.3, "tmax_d5": 6.6, "tmax_d6": 3.5, "tmin_d0": -0.9, "tmin_d1": 0.2, "tmin_d2": 3.2, "tmin_d3": 1.3, "tmin_d4": -1.4, "tmin_d5": 0.1, "tmin_d6": -2.1, "day_of_year": 329, "uuid": "58618f5e-8697-4d75-b07c-c5afb0df0864", "inat_id": 328454009}}, {"type": "Feature", "geometry": {"type": "Point", "coordinates": [-122.1244195, 45.53202]}, "properties": {"species": "Sarcomyxa serotina", "date": "2025-11-27", "location": "E Larch Mountain Rd, Corbett, OR, US", "elevation": 734.0, "land_cover_label": "Tree cover", "water_mask": false, "exclude_reason": "keep", "ndvi": null, "soil_moisture": null, "solar_exposure": null, "wind_exposure": null, "water_retention": null, "slope": null, "aspect": null, "num_identification_agreements": 1, "cluster": 0, "tavg": null, "tmin": 7.0, "tmax": 14.0, "prcp_d0": 2.072836399078369, "prcp_d1": 9.841508865356444, "prcp_d2": 7.354087352752685, "prcp_d3": 9.808873176574709, "prcp_d4": 5.010639190673828, "prcp_d5": 0.0002542617439758, "prcp_d6": 0.0105521790683269, "tmax_d0": 8.4, "tmax_d1": 7.4, "tmax_d2": 5.3, "tmax_d3": 5.2, "tmax_d4": 5.8, "tmax_d5": 8.3, "tmax_d6": 8.1, "tmin_d0": 3.1, "tmin_d1": 2.4, "tmin_d2": -1.0, "tmin_d3": 1.3, "tmin_d4": 3.3, "tmin_d5": 0.0, "tmin_d6": -1.9, "day_of_year": 331, "uuid": "463b58ad-45f2-44f7-96d9-ab5262db414e", "inat_id": 328693415}}, {"type": "Feature", "geometry": {"type": "Point", "coordinates": [-121.9980099077, 45.3543022909]}, "properties": {"species": "Sarcomyxa serotina", "date": "2025-11-28", "location": "Mt Hood Village RV Resort, Welches, OR, US", "elevation": 358.0, "land_cover_label": "Bare / sparse vegetation", "water_mask": false, "exclude_reason": "keep", "ndvi": null, "soil_moisture": null, "solar_exposure": null, "wind_exposure": null, "water_retention": null, "slope": null, "aspect": null, "num_identification_agreements": 2, "cluster": 1, "tavg": null, "tmin": 8.0, "tmax": 12.0, "prcp_d0": 21.120662689208984, "prcp_d1": 2.910511016845703, "prcp_d2": 14.721299171447754, "prcp_d3": 10.8198881149292, "prcp_d4": 18.60728454589844, "prcp_d5": 6.593550205230713, "prcp_d6": 0.0003306529251858, "tmax_d0": 10.8, "tmax_d1": 11.7, "tmax_d2": 9.9, "tmax_d3": 9.7, "tmax_d4": 8.2, "tmax_d5": 8.2, "tmax_d6": 10.7, "tmin_d0": 8.5, "tmin_d1": 6.7, "tmin_d2": 5.7, "tmin_d3": 1.3, "tmin_d4": 3.9, "tmin_d5": 4.5, "tmin_d6": -0.0, "day_of_year": 332, "uuid": "f917d2fd-d8e2-4846-8b34-bf2227c5c3ca", "inat_id": 328784601}}, {"type": "Feature", "geometry": {"type": "Point", "coordinates": [-122.2419932935, 45.528810025]}, "properties": {"species": "Sarcomyxa serotina", "date": "2025-11-29", "location": "NE Alder Meadows Dr, Corbett, OR, US", "elevation": 297.0, "land_cover_label": "Tree cover", "water_mask": false, "exclude_reason": "keep", "ndvi": null, "soil_moisture": null, "solar_exposure": null, "wind_exposure": null, "water_retention": null, "slope": null, "aspect": null, "num_identification_agreements": 1, "cluster": 0, "tavg": null, "tmin": 6.0, "tmax": 9.0, "prcp_d0": 0.0404955558478832, "prcp_d1": 13.005358695983888, "prcp_d2": 2.1348586082458496, "prcp_d3": 9.838236808776855, "prcp_d4": 7.471202373504639, "prcp_d5": 9.67793083190918, "prcp_d6": 5.265736103057861, "tmax_d0": 8.6, "tmax_d1": 10.5, "tmax_d2": 10.7, "tmax_d3": 9.2, "tmax_d4": 7.5, "tmax_d5": 8.3, "tmax_d6": 7.9, "tmin_d0": 4.5, "tmin_d1": 7.7, "tmin_d2": 5.9, "tmin_d3": 5.2, "tmin_d4": 2.5, "tmin_d5": 3.7, "tmin_d6": 5.4, "day_of_year": 333, "uuid": "4015f3f5-e615-471c-b454-d0070868ce82", "inat_id": 328800536}}, {"type": "Feature", "geometry": {"type": "Point", "coordinates": [-122.2416848589, 45.5288067174]}, "properties": {"species": "Sarcomyxa serotina", "date": "2025-11-29", "location": "NE Alder Meadows Dr, Corbett, OR, US", "elevation": 297.0, "land_cover_label": "Tree cover", "water_mask": false, "exclude_reason": "keep", "ndvi": null, "soil_moisture": null, "solar_exposure": null, "wind_exposure": null, "water_retention": null, "slope": null, "aspect": null, "num_identification_agreements": 1, "cluster": 0, "tavg": null, "tmin": 6.0, "tmax": 9.0, "prcp_d0": 0.0404955558478832, "prcp_d1": 13.005358695983888, "prcp_d2": 2.1348586082458496, "prcp_d3": 9.838236808776855, "prcp_d4": 7.471202373504639, "prcp_d5": 9.67793083190918, "prcp_d6": 5.265736103057861, "tmax_d0": 8.6, "tmax_d1": 10.5, "tmax_d2": 10.7, "tmax_d3": 9.2, "tmax_d4": 7.5, "tmax_d5": 8.3, "tmax_d6": 7.9, "tmin_d0": 4.5, "tmin_d1": 7.7, "tmin_d2": 5.9, "tmin_d3": 5.2, "tmin_d4": 2.5, "tmin_d5": 3.7, "tmin_d6": 5.4, "day_of_year": 333, "uuid": "6ff19d21-d5e0-4d77-ba42-bb48436b9aea", "inat_id": 328802127}}, {"type": "Feature", "geometry": {"type": "Point", "coordinates": [-122.2643938288, 45.401381841]}, "properties": {"species": "Sarcomyxa serotina", "date": "2025-11-29", "location": "Sandy, OR 97055, USA", "elevation": 274.0, "land_cover_label": "Tree cover", "water_mask": false, "exclude_reason": "keep", "ndvi": null, "soil_moisture": null, "solar_exposure": null, "wind_exposure": null, "water_retention": null, "slope": null, "aspect": null, "num_identification_agreements": 1, "cluster": 1, "tavg": null, "tmin": 6.0, "tmax": 9.0, "prcp_d0": 0.0582023411989212, "prcp_d1": 19.245555877685547, "prcp_d2": 3.178409576416016, "prcp_d3": 14.833184242248535, "prcp_d4": 8.43411636352539, "prcp_d5": 12.714570045471191, "prcp_d6": 5.9095234870910645, "tmax_d0": 11.6, "tmax_d1": 11.5, "tmax_d2": 12.7, "tmax_d3": 9.4, "tmax_d4": 9.2, "tmax_d5": 9.0, "tmax_d6": 8.1, "tmin_d0": 5.6, "tmin_d1": 8.8, "tmin_d2": 5.8, "tmin_d3": 6.0, "tmin_d4": 1.4, "tmin_d5": 3.4, "tmin_d6": 4.0, "day_of_year": 333, "uuid": "533aaad9-133b-42dc-8cfe-b4d17a9e2f0a", "inat_id": 328822693}}, {"type": "Feature", "geometry": {"type": "Point", "coordinates": [-122.2247523158, 45.3051728447]}, "properties": {"species": "Sarcomyxa serotina", "date": "2025-12-01", "location": "Clackamas County, OR, USA", "elevation": 366.0, "land_cover_label": "Tree cover", "water_mask": false, "exclude_reason": "keep", "ndvi": null, "soil_moisture": null, "solar_exposure": null, "wind_exposure": null, "water_retention": null, "slope": null, "aspect": null, "num_identification_agreements": 1, "cluster": 0, "tavg": null, "tmin": 2.0, "tmax": 8.0, "prcp_d0": 0.0, "prcp_d1": 0.3771716058254242, "prcp_d2": 0.0582037605345249, "prcp_d3": 14.642128944396973, "prcp_d4": 2.225430011749268, "prcp_d5": 11.067328453063965, "prcp_d6": 5.62294864654541, "tmax_d0": 8.6, "tmax_d1": 9.5, "tmax_d2": 10.8, "tmax_d3": 10.8, "tmax_d4": 11.5, "tmax_d5": 9.1, "tmax_d6": 9.3, "tmin_d0": 1.0, "tmin_d1": 3.3, "tmin_d2": 5.2, "tmin_d3": 8.4, "tmin_d4": 5.5, "tmin_d5": 5.6, "tmin_d6": 1.6, "day_of_year": 335, "uuid": "e66f29c2-6a30-48ea-a0b0-b6affb7e7189", "inat_id": 329168176}}, {"type": "Feature", "geometry": {"type": "Point", "coordinates": [-122.1226583333, 45.568445]}, "properties": {"species": "Sarcomyxa serotina", "date": "2025-12-03", "location": "Benson State Park, Corbett, OR, US", "elevation": 441.0, "land_cover_label": "Tree cover", "water_mask": false, "exclude_reason": "keep", "ndvi": null, "soil_moisture": null, "solar_exposure": null, "wind_exposure": null, "water_retention": null, "slope": null, "aspect": null, "num_identification_agreements": 1, "cluster": 1, "tavg": null, "tmin": 2.0, "tmax": 8.0, "prcp_d0": 76.93321990966797, "prcp_d1": 0.0, "prcp_d2": 0.0, "prcp_d3": 0.3092164099216461, "prcp_d4": 0.0691023766994476, "prcp_d5": 17.54218101501465, "prcp_d6": 2.763160467147827, "tmax_d0": 5.7, "tmax_d1": 5.0, "tmax_d2": 7.5, "tmax_d3": 5.2, "tmax_d4": 5.4, "tmax_d5": 8.3, "tmax_d6": 6.6, "tmin_d0": 0.6, "tmin_d1": 3.0, "tmin_d2": -1.7, "tmin_d3": 0.4, "tmin_d4": 1.9, "tmin_d5": 5.2, "tmin_d6": 3.3, "day_of_year": 337, "uuid": "28eda2ea-6276-4449-bb99-308ecb62b8fe", "inat_id": 329469393}}, {"type": "Feature", "geometry": {"type": "Point", "coordinates": [-122.5018812043, 45.3850836648]}, "properties": {"species": "Sarcomyxa serotina", "date": "2025-12-05", "location": "Oregon City, OR, US", "elevation": 94.0, "land_cover_label": "Tree cover", "water_mask": false, "exclude_reason": "keep", "ndvi": null, "soil_moisture": null, "solar_exposure": null, "wind_exposure": null, "water_retention": null, "slope": null, "aspect": null, "num_identification_agreements": 1, "cluster": 1, "tavg": null, "tmin": 8.0, "tmax": 14.0, "prcp_d0": 20.763505935668945, "prcp_d1": 0.0, "prcp_d2": 20.763505935668945, "prcp_d3": 0.0, "prcp_d4": 0.0, "prcp_d5": 0.3020643889904022, "prcp_d6": 0.0163115300238132, "tmax_d0": 12.5, "tmax_d1": 6.0, "tmax_d2": 6.9, "tmax_d3": 8.0, "tmax_d4": 7.3, "tmax_d5": 9.8, "tmax_d6": 10.6, "tmin_d0": 4.8, "tmin_d1": 3.0, "tmin_d2": 2.3, "tmin_d3": 3.3, "tmin_d4": 0.2, "tmin_d5": 4.2, "tmin_d6": 5.5, "day_of_year": 339, "uuid": "55f11b1e-f2cd-4025-a967-4054b2c18f42", "inat_id": 329621428}}, {"type": "Feature", "geometry": {"type": "Point", "coordinates": [-122.2213090243, 45.5374292906]}, "properties": {"species": "Sarcomyxa serotina", "date": "2025-12-06", "location": "E Historic Columbia River Hwy, Corbett, OR, US", "elevation": 173.0, "land_cover_label": "Tree cover", "water_mask": false, "exclude_reason": "keep", "ndvi": null, "soil_moisture": null, "solar_exposure": null, "wind_exposure": null, "water_retention": null, "slope": null, "aspect": null, "num_identification_agreements": 1, "cluster": 1, "tavg": null, "tmin": 9.0, "tmax": 13.0, "prcp_d0": 0.0, "prcp_d1": 68.62873840332031, "prcp_d2": 0.0, "prcp_d3": 0.0, "prcp_d4": 0.0, "prcp_d5": 0.0, "prcp_d6": 0.2400651574134826, "tmax_d0": 12.1, "tmax_d1": 12.0, "tmax_d2": 6.8, "tmax_d3": 7.5, "tmax_d4": 7.7, "tmax_d5": 9.2, "tmax_d6": 9.1, "tmin_d0": 8.2, "tmin_d1": 7.1, "tmin_d2": 3.7, "tmin_d3": 1.7, "tmin_d4": 4.8, "tmin_d5": 1.7, "tmin_d6": 3.3, "day_of_year": 340, "uuid": "28c89aea-8e5e-44d8-885a-ecdbcfe412d1", "inat_id": 329777219}}, {"type": "Feature", "geometry": {"type": "Point", "coordinates": [-122.2188562608, 45.5359140315]}, "properties": {"species": "Sarcomyxa serotina", "date": "2025-12-06", "location": "E Historic Columbia River Hwy, Corbett, OR, US", "elevation": 188.0, "land_cover_label": "Tree cover", "water_mask": false, "exclude_reason": "keep", "ndvi": null, "soil_moisture": null, "solar_exposure": null, "wind_exposure": null, "water_retention": null, "slope": null, "aspect": null, "num_identification_agreements": 1, "cluster": 1, "tavg": null, "tmin": 9.0, "tmax": 13.0, "prcp_d0": 0.0, "prcp_d1": 68.62873840332031, "prcp_d2": 0.0, "prcp_d3": 0.0, "prcp_d4": 0.0, "prcp_d5": 0.0, "prcp_d6": 0.2400651574134826, "tmax_d0": 11.2, "tmax_d1": 11.1, "tmax_d2": 5.9, "tmax_d3": 6.6, "tmax_d4": 6.8, "tmax_d5": 8.3, "tmax_d6": 8.2, "tmin_d0": 7.3, "tmin_d1": 6.2, "tmin_d2": 2.8, "tmin_d3": 0.8, "tmin_d4": 3.9, "tmin_d5": 0.8, "tmin_d6": 2.4, "day_of_year": 340, "uuid": "f34073d5-48e9-4c1b-8366-1daaf0bd842b", "inat_id": 329777042}}, {"type": "Feature", "geometry": {"type": "Point", "coordinates": [-122.313345, 45.4989883333]}, "properties": {"species": "Sarcomyxa serotina", "date": "2025-12-07", "location": "SE Oxbow Pkwy, Corbett, OR, US", "elevation": 52.0, "land_cover_label": "Tree cover", "water_mask": false, "exclude_reason": "keep", "ndvi": null, "soil_moisture": null, "solar_exposure": null, "wind_exposure": null, "water_retention": null, "slope": null, "aspect": null, "num_identification_agreements": 1, "cluster": 1, "tavg": null, "tmin": 7.0, "tmax": 15.0, "prcp_d0": 13.256270408630373, "prcp_d1": 0.0, "prcp_d2": 55.12250518798828, "prcp_d3": 0.0, "prcp_d4": 0.0, "prcp_d5": 0.0, "prcp_d6": 0.0, "tmax_d0": 12.5, "tmax_d1": 12.9, "tmax_d2": 12.8, "tmax_d3": 6.8, "tmax_d4": 7.6, "tmax_d5": 8.1, "tmax_d6": 8.2, "tmin_d0": 8.2, "tmin_d1": 8.7, "tmin_d2": 6.2, "tmin_d3": 3.5, "tmin_d4": 3.0, "tmin_d5": 3.5, "tmin_d6": 1.8, "day_of_year": 341, "uuid": "9a6b82c4-231b-4709-b950-a01be6ac6a62", "inat_id": 329903983}}, {"type": "Feature", "geometry": {"type": "Point", "coordinates": [-122.2768896, 45.1820096]}, "properties": {"species": "Sarcomyxa serotina", "date": "2025-12-16", "location": "Estacada, OR 97023, USA", "elevation": 544.0, "land_cover_label": "Tree cover", "water_mask": false, "exclude_reason": "keep", "ndvi": null, "soil_moisture": null, "solar_exposure": null, "wind_exposure": null, "water_retention": null, "slope": null, "aspect": null, "num_identification_agreements": 1, "cluster": 0, "tavg": null, "tmin": 11.0, "tmax": 16.0, "prcp_d0": 0.0, "prcp_d1": 21.037437438964844, "prcp_d2": 0.0, "prcp_d3": 0.0, "prcp_d4": 0.0, "prcp_d5": 0.0, "prcp_d6": 0.0, "tmax_d0": 13.3, "tmax_d1": 15.0, "tmax_d2": 11.3, "tmax_d3": 15.6, "tmax_d4": 14.5, "tmax_d5": 13.7, "tmax_d6": 13.0, "tmin_d0": 8.9, "tmin_d1": 8.7, "tmin_d2": 5.1, "tmin_d3": 3.5, "tmin_d4": 2.9, "tmin_d5": 10.5, "tmin_d6": 10.6, "day_of_year": 350, "uuid": "35d45ccd-e9a2-48d3-9fbc-aa2a5ecfc1d4", "inat_id": 331104491}}, {"type": "Feature", "geometry": {"type": "Point", "coordinates": [-121.8925978972, 45.6614439509]}, "properties": {"species": "Sarcomyxa serotina", "date": "2025-12-25", "location": "Pacific Crest Trail, Cascade Locks, OR, US", "elevation": 95.0, "land_cover_label": "Tree cover", "water_mask": false, "exclude_reason": "keep", "ndvi": null, "soil_moisture": null, "solar_exposure": null, "wind_exposure": null, "water_retention": null, "slope": null, "aspect": null, "num_identification_agreements": 1, "cluster": 2, "tavg": null, "tmin": 2.0, "tmax": 5.0, "prcp_d0": 23.367149353027344, "prcp_d1": 17.525362014770508, "prcp_d2": 0.0, "prcp_d3": 0.0, "prcp_d4": 23.367149353027344, "prcp_d5": 0.0, "prcp_d6": 70.85911560058594, "tmax_d0": 7.3, "tmax_d1": 8.4, "tmax_d2": 6.9, "tmax_d3": 9.0, "tmax_d4": 7.3, "tmax_d5": 9.5, "tmax_d6": 12.6, "tmin_d0": 3.1, "tmin_d1": 4.5, "tmin_d2": 4.9, "tmin_d3": 4.3, "tmin_d4": 3.1, "tmin_d5": 3.9, "tmin_d6": 3.4, "day_of_year": 359, "uuid": "a6df73bf-f5ba-4bb5-a6ca-ba2a91308647", "inat_id": 343736547}}, {"type": "Feature", "geometry": {"type": "Point", "coordinates": [-122.34565, 44.9843166667]}, "properties": {"species": "Sarcomyxa serotina", "date": "2025-12-27", "location": "Molalla, OR, US", "elevation": 556.0, "land_cover_label": "Tree cover", "water_mask": false, "exclude_reason": "keep", "ndvi": null, "soil_moisture": null, "solar_exposure": null, "wind_exposure": null, "water_retention": null, "slope": null, "aspect": null, "num_identification_agreements": 1, "cluster": 1, "tavg": null, "tmin": 3.0, "tmax": 8.0, "prcp_d0": 0.0, "prcp_d1": 26.142194747924805, "prcp_d2": 10.032532691955566, "prcp_d3": 10.032532691955566, "prcp_d4": 0.0, "prcp_d5": 0.0, "prcp_d6": 40.130130767822266, "tmax_d0": 3.1, "tmax_d1": 6.9, "tmax_d2": 8.7, "tmax_d3": 8.6, "tmax_d4": 6.5, "tmax_d5": 6.1, "tmax_d6": 8.3, "tmin_d0": 0.6, "tmin_d1": 1.3, "tmin_d2": 1.6, "tmin_d3": 4.0, "tmin_d4": 2.9, "tmin_d5": 3.2, "tmin_d6": 2.9, "day_of_year": 361, "uuid": "d70dc9f9-a83d-4d02-8a8a-bba038e7e7a9", "inat_id": 332369443}}, {"type": "Feature", "geometry": {"type": "Point", "coordinates": [-122.1623528333, 45.53687]}, "properties": {"species": "Sarcomyxa serotina", "date": "2026-01-02", "location": "Columbia River Gorge National Scenic Area, Corbett, OR, US", "elevation": 515.0, "land_cover_label": "Tree cover", "water_mask": false, "exclude_reason": "keep", "ndvi": null, "soil_moisture": null, "solar_exposure": null, "wind_exposure": null, "water_retention": null, "slope": null, "aspect": null, "num_identification_agreements": 1, "cluster": 0, "tavg": null, "tmin": 4.0, "tmax": 7.0, "prcp_d0": 0.0, "prcp_d1": 0.0, "prcp_d2": 0.0, "prcp_d3": 0.0, "prcp_d4": 0.0, "prcp_d5": 0.0, "prcp_d6": 0.0, "tmax_d0": 7.2, "tmax_d1": -0.2, "tmax_d2": 1.8, "tmax_d3": 0.9, "tmax_d4": 1.4, "tmax_d5": 1.9, "tmax_d6": 2.9, "tmin_d0": -1.0, "tmin_d1": -2.8, "tmin_d2": -3.6, "tmin_d3": -3.8, "tmin_d4": -2.5, "tmin_d5": -2.6, "tmin_d6": 0.4, "day_of_year": 2, "uuid": "f196511b-62f7-4e78-ae4f-69d138b2f942", "inat_id": 333209510}}, {"type": "Feature", "geometry": {"type": "Point", "coordinates": [-122.1546083333, 45.5366083333]}, "properties": {"species": "Sarcomyxa serotina", "date": "2026-01-03", "location": "Columbia River Gorge National Scenic Area, Corbett, OR, US", "elevation": 559.0, "land_cover_label": "Tree cover", "water_mask": false, "exclude_reason": "keep", "ndvi": null, "soil_moisture": null, "solar_exposure": null, "wind_exposure": null, "water_retention": null, "slope": null, "aspect": null, "num_identification_agreements": 1, "cluster": 0, "tavg": null, "tmin": 5.0, "tmax": 7.0, "prcp_d0": 0.0, "prcp_d1": 0.0, "prcp_d2": 0.0, "prcp_d3": 0.0, "prcp_d4": 0.0, "prcp_d5": 0.0, "prcp_d6": 0.0, "tmax_d0": 6.6, "tmax_d1": 7.6, "tmax_d2": 0.2, "tmax_d3": 2.2, "tmax_d4": 1.3, "tmax_d5": 1.8, "tmax_d6": 2.3, "tmin_d0": 1.0, "tmin_d1": -0.6, "tmin_d2": -2.5, "tmin_d3": -3.3, "tmin_d4": -3.4, "tmin_d5": -2.2, "tmin_d6": -2.3, "day_of_year": 3, "uuid": "176a1f7c-964e-46c4-bad6-7ed89c8eee78", "inat_id": 333341325}}, {"type": "Feature", "geometry": {"type": "Point", "coordinates": [-122.0167482, 45.3762302]}, "properties": {"species": "Sarcomyxa serotina", "date": "2026-01-03", "location": "E Rufus Ridge Ln, Brightwood, OR, US", "elevation": 356.0, "land_cover_label": "Tree cover", "water_mask": false, "exclude_reason": "keep", "ndvi": null, "soil_moisture": null, "solar_exposure": null, "wind_exposure": null, "water_retention": null, "slope": null, "aspect": null, "num_identification_agreements": 1, "cluster": 0, "tavg": null, "tmin": 5.0, "tmax": 7.0, "prcp_d0": 31.720394134521484, "prcp_d1": 0.0, "prcp_d2": 0.0, "prcp_d3": 0.0, "prcp_d4": 0.0, "prcp_d5": 0.0, "prcp_d6": 0.0, "tmax_d0": 13.7, "tmax_d1": 13.0, "tmax_d2": 7.8, "tmax_d3": 15.1, "tmax_d4": 12.6, "tmax_d5": 10.2, "tmax_d6": 8.8, "tmin_d0": 5.6, "tmin_d1": 4.9, "tmin_d2": 3.4, "tmin_d3": 1.4, "tmin_d4": 3.6, "tmin_d5": 2.1, "tmin_d6": -1.9, "day_of_year": 3, "uuid": "3ac59f72-f752-4b66-adc5-7c42b62f9c45", "inat_id": 333346221}}, {"type": "Feature", "geometry": {"type": "Point", "coordinates": [-122.1963424683, 45.5754165649]}, "properties": {"species": "Sarcomyxa serotina", "date": "2026-01-11", "location": "Washougal", "elevation": 283.0, "land_cover_label": "Tree cover", "water_mask": false, "exclude_reason": "keep", "ndvi": null, "soil_moisture": null, "solar_exposure": null, "wind_exposure": null, "water_retention": null, "slope": null, "aspect": null, "num_identification_agreements": 1, "cluster": 2, "tavg": null, "tmin": 5.0, "tmax": 11.0, "prcp_d0": 6.258842945098877, "prcp_d1": 0.0, "prcp_d2": 0.0, "prcp_d3": 17.090972900390625, "prcp_d4": 51.27291870117188, "prcp_d5": 0.0, "prcp_d6": 0.0, "tmax_d0": 13.1, "tmax_d1": 11.3, "tmax_d2": 10.8, "tmax_d3": 4.1, "tmax_d4": 5.9, "tmax_d5": 6.0, "tmax_d6": 7.3, "tmin_d0": 4.0, "tmin_d1": 2.3, "tmin_d2": 0.8, "tmin_d3": -1.5, "tmin_d4": 1.4, "tmin_d5": 0.3, "tmin_d6": 1.6, "day_of_year": 11, "uuid": "eb82ce6b-4c19-444c-b318-401ef6916622", "inat_id": 334856082}}, {"type": "Feature", "geometry": {"type": "Point", "coordinates": [-121.9609135, 45.3281745]}, "properties": {"species": "Sarcomyxa serotina", "date": "2026-01-14", "location": "E Elk Park Rd, Welches, OR, US", "elevation": 407.0, "land_cover_label": "Tree cover", "water_mask": false, "exclude_reason": "keep", "ndvi": null, "soil_moisture": null, "solar_exposure": null, "wind_exposure": null, "water_retention": null, "slope": null, "aspect": null, "num_identification_agreements": 1, "cluster": 0, "tavg": null, "tmin": -1.1, "tmax": 7.0, "prcp_d0": 0.0, "prcp_d1": 0.0, "prcp_d2": 0.0, "prcp_d3": 0.0, "prcp_d4": 0.0, "prcp_d5": 0.0, "prcp_d6": 0.0, "tmax_d0": 17.5, "tmax_d1": 19.9, "tmax_d2": 15.8, "tmax_d3": 14.3, "tmax_d4": 13.7, "tmax_d5": 13.4, "tmax_d6": 3.5, "tmin_d0": -4.0, "tmin_d1": 0.4, "tmin_d2": 1.5, "tmin_d3": 2.5, "tmin_d4": 2.8, "tmin_d5": 1.2, "tmin_d6": -2.3, "day_of_year": 14, "uuid": "72730e3a-f99a-467b-af02-6cc7e096b4ef", "inat_id": 334776161}}, {"type": "Feature", "geometry": {"type": "Point", "coordinates": [-121.9609135, 45.3281745]}, "properties": {"species": "Sarcomyxa serotina", "date": "2026-02-10", "location": "E Elk Park Rd, Welches, OR, US", "elevation": 407.0, "land_cover_label": "Tree cover", "water_mask": false, "exclude_reason": "keep", "ndvi": null, "soil_moisture": null, "solar_exposure": null, "wind_exposure": null, "water_retention": null, "slope": null, "aspect": null, "num_identification_agreements": 1, "cluster": 1, "tavg": null, "tmin": 2.3, "tmax": 12.5, "prcp_d0": 0.0, "prcp_d1": 15.437138557434082, "prcp_d2": 61.74855422973633, "prcp_d3": 30.874277114868164, "prcp_d4": 0.0, "prcp_d5": 6.24159574508667, "prcp_d6": 0.0, "tmax_d0": 11.9, "tmax_d1": 7.6, "tmax_d2": 9.0, "tmax_d3": 15.6, "tmax_d4": 18.3, "tmax_d5": 18.5, "tmax_d6": 21.5, "tmin_d0": -0.2, "tmin_d1": 2.8, "tmin_d2": 6.2, "tmin_d3": 3.7, "tmin_d4": 3.7, "tmin_d5": 9.1, "tmin_d6": 6.8, "day_of_year": 41, "uuid": "d8b15c1f-75d8-41c6-930e-63769d4136f5", "inat_id": 338164665}}, {"type": "Feature", "geometry": {"type": "Point", "coordinates": [-122.0167482, 45.3762302]}, "properties": {"species": "Sarcomyxa serotina", "date": "2026-02-11", "location": "E Rufus Ridge Ln, Brightwood, OR, US", "elevation": 356.0, "land_cover_label": "Tree cover", "water_mask": false, "exclude_reason": "keep", "ndvi": null, "soil_moisture": null, "solar_exposure": null, "wind_exposure": null, "water_retention": null, "slope": null, "aspect": null, "num_identification_agreements": 1, "cluster": 1, "tavg": null, "tmin": 2.3, "tmax": 13.6, "prcp_d0": 0.0, "prcp_d1": 0.0, "prcp_d2": 13.693230628967283, "prcp_d3": 82.15937042236328, "prcp_d4": 27.38646125793457, "prcp_d5": 0.0, "prcp_d6": 0.0, "tmax_d0": 14.4, "tmax_d1": 13.2, "tmax_d2": 8.8, "tmax_d3": 9.5, "tmax_d4": 14.6, "tmax_d5": 17.3, "tmax_d6": 19.2, "tmin_d0": 2.8, "tmin_d1": 0.1, "tmin_d2": 4.0, "tmin_d3": 6.8, "tmin_d4": 5.3, "tmin_d5": 3.1, "tmin_d6": 11.0, "day_of_year": 42, "uuid": "5ee3424f-d553-4094-a4dc-41941c02db33", "inat_id": 338251802}}]}