{"type": "FeatureCollection", "features": [{"type": "Feature", "geometry": {"type": "Point", "coordinates": [-105.283, 36.3936]}, "properties": {"species": "Turbinellus floccosus", "date": "1992-08-14", "location": "Angel Fire, New Mexico, USA", "elevation": 2562.0, "land_cover_label": "Grassland", "water_mask": false, "exclude_reason": "keep", "ndvi": null, "soil_moisture": null, "solar_exposure": null, "wind_exposure": null, "water_retention": null, "slope": null, "aspect": null, "num_identification_agreements": 2, "cluster": 0, "tavg": null, "tmin": null, "tmax": null, "prcp_d0": 11.38751983642578, "prcp_d1": 0.0, "prcp_d2": 5.693759918212891, "prcp_d3": 5.693759918212891, "prcp_d4": 11.56833839416504, "prcp_d5": 0.0, "prcp_d6": 0.0, "tmax_d0": null, "tmax_d1": null, "tmax_d2": null, "tmax_d3": null, "tmax_d4": null, "tmax_d5": null, "tmax_d6": null, "tmin_d0": null, "tmin_d1": null, "tmin_d2": null, "tmin_d3": null, "tmin_d4": null, "tmin_d5": null, "tmin_d6": null, "day_of_year": 227, "uuid": "689204c7-3691-4f51-b7da-cc50d0c27a20", "inat_id": 9570395}}, {"type": "Feature", "geometry": {"type": "Point", "coordinates": [-122.0977445493, 45.5297496483]}, "properties": {"species": "Turbinellus floccosus", "date": "2013-10-11", "location": "Multnomah County, OR, USA", "elevation": 1125.0, "land_cover_label": "Tree cover", "water_mask": false, "exclude_reason": "keep", "ndvi": null, "soil_moisture": null, "solar_exposure": null, "wind_exposure": null, "water_retention": null, "slope": null, "aspect": null, "num_identification_agreements": 1, "cluster": 0, "tavg": null, "tmin": 9.4, "tmax": 14.4, "prcp_d0": 6.131321907043457, "prcp_d1": 0.0, "prcp_d2": 0.0, "prcp_d3": 9.518704414367676, "prcp_d4": 5.512699604034424, "prcp_d5": 0.0, "prcp_d6": 0.0, "tmax_d0": 6.6, "tmax_d1": 8.9, "tmax_d2": 10.0, "tmax_d3": 5.0, "tmax_d4": 15.0, "tmax_d5": 16.6, "tmax_d6": 15.7, "tmin_d0": 2.3, "tmin_d1": -0.3, "tmin_d2": -1.8, "tmin_d3": 2.6, "tmin_d4": 4.6, "tmin_d5": 3.4, "tmin_d6": 1.8, "day_of_year": 284, "uuid": "8a987776-f37e-4ae4-afe7-c3482a109c18", "inat_id": 384612741}}, {"type": "Feature", "geometry": {"type": "Point", "coordinates": [-122.0690454253, 45.5876926456]}, "properties": {"species": "Turbinellus floccosus", "date": "2014-10-13", "location": "Multnomah County, OR, USA", "elevation": 202.0, "land_cover_label": "Tree cover", "water_mask": false, "exclude_reason": "keep", "ndvi": null, "soil_moisture": null, "solar_exposure": null, "wind_exposure": null, "water_retention": null, "slope": null, "aspect": null, "num_identification_agreements": 1, "cluster": 0, "tavg": null, "tmin": 9.4, "tmax": 24.4, "prcp_d0": 0.0, "prcp_d1": 0.0, "prcp_d2": 0.0, "prcp_d3": 0.0, "prcp_d4": 0.0, "prcp_d5": 0.0, "prcp_d6": 0.0, "tmax_d0": 21.6, "tmax_d1": 16.9, "tmax_d2": 19.6, "tmax_d3": 22.6, "tmax_d4": 23.5, "tmax_d5": 24.1, "tmax_d6": 26.1, "tmin_d0": 11.0, "tmin_d1": 11.5, "tmin_d2": 13.9, "tmin_d3": 11.9, "tmin_d4": 11.3, "tmin_d5": 14.5, "tmin_d6": 15.6, "day_of_year": 286, "uuid": "33ebde9b-61ba-4b53-b472-03c46b605ad9", "inat_id": 195725165}}, {"type": "Feature", "geometry": {"type": "Point", "coordinates": [-121.8289321357, 45.3913178626]}, "properties": {"species": "Turbinellus floccosus", "date": "2015-10-05", "location": "Clackamas County, OR, USA", "elevation": 779.0, "land_cover_label": "Tree cover", "water_mask": false, "exclude_reason": "keep", "ndvi": null, "soil_moisture": null, "solar_exposure": null, "wind_exposure": null, "water_retention": null, "slope": null, "aspect": null, "num_identification_agreements": 1, "cluster": 0, "tavg": null, "tmin": 16.1, "tmax": 26.7, "prcp_d0": 0.0, "prcp_d1": 0.0, "prcp_d2": 0.0, "prcp_d3": 0.0, "prcp_d4": 0.0, "prcp_d5": 0.0, "prcp_d6": 0.0, "tmax_d0": null, "tmax_d1": null, "tmax_d2": null, "tmax_d3": null, "tmax_d4": null, "tmax_d5": null, "tmax_d6": null, "tmin_d0": null, "tmin_d1": null, "tmin_d2": null, "tmin_d3": null, "tmin_d4": null, "tmin_d5": null, "tmin_d6": null, "day_of_year": 278, "uuid": "4466a2f9-7a37-40f3-82e7-de1ef9094f30", "inat_id": 35594648}}, {"type": "Feature", "geometry": {"type": "Point", "coordinates": [-121.9935, 45.1752]}, "properties": {"species": "Turbinellus floccosus", "date": "2016-09-25", "location": "Mount Hood National Forest, Clackamas Co., Oregon, USA", "elevation": 1270.0, "land_cover_label": "Tree cover", "water_mask": false, "exclude_reason": "keep", "ndvi": null, "soil_moisture": null, "solar_exposure": null, "wind_exposure": null, "water_retention": null, "slope": null, "aspect": null, "num_identification_agreements": 1, "cluster": 0, "tavg": null, "tmin": null, "tmax": null, "prcp_d0": 0.0, "prcp_d1": 0.0, "prcp_d2": 6.620254039764404, "prcp_d3": 0.0, "prcp_d4": 0.0, "prcp_d5": 0.0, "prcp_d6": 0.0, "tmax_d0": null, "tmax_d1": null, "tmax_d2": null, "tmax_d3": null, "tmax_d4": null, "tmax_d5": null, "tmax_d6": null, "tmin_d0": null, "tmin_d1": null, "tmin_d2": null, "tmin_d3": null, "tmin_d4": null, "tmin_d5": null, "tmin_d6": null, "day_of_year": 269, "uuid": "d08487ea-3e17-4754-8f0b-665b8a962262", "inat_id": 65241934}}, {"type": "Feature", "geometry": {"type": "Point", "coordinates": [-122.1089083333, 45.5406633333]}, "properties": {"species": "Turbinellus floccosus", "date": "2016-10-08", "location": "Columbia River Gorge National Scenic Area, Corbett, OR, US", "elevation": 908.0, "land_cover_label": "Tree cover", "water_mask": false, "exclude_reason": "keep", "ndvi": null, "soil_moisture": null, "solar_exposure": null, "wind_exposure": null, "water_retention": null, "slope": null, "aspect": null, "num_identification_agreements": 1, "cluster": 0, "tavg": null, "tmin": 14.4, "tmax": 20.6, "prcp_d0": 0.0, "prcp_d1": 0.0, "prcp_d2": 0.0, "prcp_d3": 0.0, "prcp_d4": 0.0, "prcp_d5": 0.0, "prcp_d6": 0.0, "tmax_d0": null, "tmax_d1": null, "tmax_d2": null, "tmax_d3": null, "tmax_d4": null, "tmax_d5": null, "tmax_d6": null, "tmin_d0": null, "tmin_d1": null, "tmin_d2": null, "tmin_d3": null, "tmin_d4": null, "tmin_d5": null, "tmin_d6": null, "day_of_year": 282, "uuid": "54ad9f74-2e46-4870-85ec-089d69a0e15f", "inat_id": 36119266}}, {"type": "Feature", "geometry": {"type": "Point", "coordinates": [-122.0936023195, 45.5413646686]}, "properties": {"species": "Turbinellus floccosus", "date": "2016-10-08", "location": "Multnomah County, OR, USA", "elevation": 1077.0, "land_cover_label": "Tree cover", "water_mask": false, "exclude_reason": "keep", "ndvi": null, "soil_moisture": null, "solar_exposure": null, "wind_exposure": null, "water_retention": null, "slope": null, "aspect": null, "num_identification_agreements": 1, "cluster": 0, "tavg": null, "tmin": 14.4, "tmax": 20.6, "prcp_d0": 0.0, "prcp_d1": 0.0, "prcp_d2": 0.0, "prcp_d3": 0.0, "prcp_d4": 0.0, "prcp_d5": 0.0, "prcp_d6": 0.0, "tmax_d0": 13.3, "tmax_d1": 8.2, "tmax_d2": 8.7, "tmax_d3": 6.9, "tmax_d4": 7.8, "tmax_d5": 8.0, "tmax_d6": 8.5, "tmin_d0": 5.9, "tmin_d1": 5.3, "tmin_d2": 4.2, "tmin_d3": 4.2, "tmin_d4": 3.4, "tmin_d5": 0.7, "tmin_d6": 2.0, "day_of_year": 282, "uuid": "9d906662-0fea-4297-8ed2-f2285adc17f1", "inat_id": 99550988}}, {"type": "Feature", "geometry": {"type": "Point", "coordinates": [-121.8810689449, 44.8290439308]}, "properties": {"species": "Turbinellus floccosus", "date": "2016-10-15", "location": "Marion County, OR, USA", "elevation": 1123.0, "land_cover_label": "Tree cover", "water_mask": false, "exclude_reason": "keep", "ndvi": null, "soil_moisture": null, "solar_exposure": null, "wind_exposure": null, "water_retention": null, "slope": null, "aspect": null, "num_identification_agreements": 1, "cluster": 1, "tavg": null, "tmin": null, "tmax": null, "prcp_d0": 5.710995674133301, "prcp_d1": 22.843982696533203, "prcp_d2": 28.554981231689453, "prcp_d3": 0.0, "prcp_d4": 0.0, "prcp_d5": 0.0, "prcp_d6": 0.0, "tmax_d0": 8.0, "tmax_d1": 10.1, "tmax_d2": 15.3, "tmax_d3": 17.0, "tmax_d4": 11.5, "tmax_d5": 13.8, "tmax_d6": 15.7, "tmin_d0": 5.7, "tmin_d1": 4.9, "tmin_d2": 7.5, "tmin_d3": 0.4, "tmin_d4": 0.9, "tmin_d5": 5.8, "tmin_d6": 8.7, "day_of_year": 289, "uuid": "c250b0e2-25c4-4ae8-a3af-cbe9d5e97745", "inat_id": 181664761}}, {"type": "Feature", "geometry": {"type": "Point", "coordinates": [-105.0165333333, 36.24208]}, "properties": {"species": "Turbinellus floccosus", "date": "2017-08-04", "location": "87734, Ocate, NM, US", "elevation": 2371.0, "land_cover_label": "Tree cover", "water_mask": false, "exclude_reason": "keep", "ndvi": null, "soil_moisture": null, "solar_exposure": null, "wind_exposure": null, "water_retention": null, "slope": null, "aspect": null, "num_identification_agreements": 1, "cluster": 0, "tavg": null, "tmin": 4.2, "tmax": 21.9, "prcp_d0": 0.0, "prcp_d1": 0.0, "prcp_d2": 0.0, "prcp_d3": 0.0, "prcp_d4": 0.0, "prcp_d5": 9.708518028259276, "prcp_d6": 0.0, "tmax_d0": null, "tmax_d1": null, "tmax_d2": null, "tmax_d3": null, "tmax_d4": null, "tmax_d5": null, "tmax_d6": null, "tmin_d0": null, "tmin_d1": null, "tmin_d2": null, "tmin_d3": null, "tmin_d4": null, "tmin_d5": null, "tmin_d6": null, "day_of_year": 216, "uuid": "55873f7f-1755-478f-be60-a87ee879c787", "inat_id": 9415549}}, {"type": "Feature", "geometry": {"type": "Point", "coordinates": [-122.0607809722, 45.1178478849]}, "properties": {"species": "Turbinellus floccosus", "date": "2017-09-28", "location": "Estacada, OR 97023, USA", "elevation": 499.0, "land_cover_label": "Tree cover", "water_mask": false, "exclude_reason": "keep", "ndvi": null, "soil_moisture": null, "solar_exposure": null, "wind_exposure": null, "water_retention": null, "slope": null, "aspect": null, "num_identification_agreements": 1, "cluster": 0, "tavg": null, "tmin": null, "tmax": null, "prcp_d0": 0.0, "prcp_d1": 0.0, "prcp_d2": 0.0, "prcp_d3": 0.0, "prcp_d4": 0.0, "prcp_d5": 0.0, "prcp_d6": 0.0, "tmax_d0": null, "tmax_d1": null, "tmax_d2": null, "tmax_d3": null, "tmax_d4": null, "tmax_d5": null, "tmax_d6": null, "tmin_d0": null, "tmin_d1": null, "tmin_d2": null, "tmin_d3": null, "tmin_d4": null, "tmin_d5": null, "tmin_d6": null, "day_of_year": 271, "uuid": "13afed3f-505e-4f8a-80f9-d60125b1942c", "inat_id": 35425809}}, {"type": "Feature", "geometry": {"type": "Point", "coordinates": [-121.8614381924, 45.2926876021]}, "properties": {"species": "Turbinellus floccosus", "date": "2017-10-26", "location": "Rhododendron, OR 97049, USA", "elevation": 820.0, "land_cover_label": "Tree cover", "water_mask": false, "exclude_reason": "keep", "ndvi": null, "soil_moisture": null, "solar_exposure": null, "wind_exposure": null, "water_retention": null, "slope": null, "aspect": null, "num_identification_agreements": 2, "cluster": 2, "tavg": null, "tmin": null, "tmax": null, "prcp_d0": 0.0, "prcp_d1": 0.0, "prcp_d2": 0.0, "prcp_d3": 0.0, "prcp_d4": 74.26993560791016, "prcp_d5": 24.75664710998535, "prcp_d6": 35.77296829223633, "tmax_d0": 14.8, "tmax_d1": 16.2, "tmax_d2": 18.4, "tmax_d3": 17.4, "tmax_d4": 10.6, "tmax_d5": 8.6, "tmax_d6": 6.7, "tmin_d0": 7.7, "tmin_d1": 7.3, "tmin_d2": 8.7, "tmin_d3": 3.1, "tmin_d4": 8.5, "tmin_d5": 2.5, "tmin_d6": 3.3, "day_of_year": 299, "uuid": "0f4a04be-be26-4600-8753-351a19958485", "inat_id": 109930731}}, {"type": "Feature", "geometry": {"type": "Point", "coordinates": [-122.2389507294, 44.7337184267]}, "properties": {"species": "Turbinellus floccosus", "date": "2018-10-12", "location": "Marion County, US-OR, US", "elevation": 1160.0, "land_cover_label": "Tree cover", "water_mask": false, "exclude_reason": "keep", "ndvi": null, "soil_moisture": null, "solar_exposure": null, "wind_exposure": null, "water_retention": null, "slope": null, "aspect": null, "num_identification_agreements": 3, "cluster": 0, "tavg": null, "tmin": null, "tmax": null, "prcp_d0": 0.0, "prcp_d1": 0.0, "prcp_d2": 0.0, "prcp_d3": 0.0, "prcp_d4": 0.0, "prcp_d5": 0.0, "prcp_d6": 0.0, "tmax_d0": null, "tmax_d1": null, "tmax_d2": null, "tmax_d3": null, "tmax_d4": null, "tmax_d5": null, "tmax_d6": null, "tmin_d0": null, "tmin_d1": null, "tmin_d2": null, "tmin_d3": null, "tmin_d4": null, "tmin_d5": null, "tmin_d6": null, "day_of_year": 285, "uuid": "d541c435-a97c-4e43-b10c-aae0843411b6", "inat_id": 17499565}}, {"type": "Feature", "geometry": {"type": "Point", "coordinates": [-121.67212973, 45.26453336]}, "properties": {"species": "Turbinellus floccosus", "date": "2018-10-28", "location": "Hood River County, US-OR, US", "elevation": 1117.0, "land_cover_label": "Tree cover", "water_mask": false, "exclude_reason": "keep", "ndvi": null, "soil_moisture": null, "solar_exposure": null, "wind_exposure": null, "water_retention": null, "slope": null, "aspect": null, "num_identification_agreements": 1, "cluster": 1, "tavg": null, "tmin": null, "tmax": null, "prcp_d0": 93.64722442626952, "prcp_d1": 0.0, "prcp_d2": 0.0, "prcp_d3": 0.0, "prcp_d4": 0.0, "prcp_d5": 0.0, "prcp_d6": 0.0, "tmax_d0": null, "tmax_d1": null, "tmax_d2": null, "tmax_d3": null, "tmax_d4": null, "tmax_d5": null, "tmax_d6": null, "tmin_d0": null, "tmin_d1": null, "tmin_d2": null, "tmin_d3": null, "tmin_d4": null, "tmin_d5": null, "tmin_d6": null, "day_of_year": 301, "uuid": "452322b8-ac76-4223-af05-2b36a3a239f6", "inat_id": 17934900}}, {"type": "Feature", "geometry": {"type": "Point", "coordinates": [-105.8295593262, 35.799331665]}, "properties": {"species": "Turbinellus floccosus", "date": "2019-08-04", "location": "Nambe, NM 87506, USA", "elevation": 2856.0, "land_cover_label": "Tree cover", "water_mask": false, "exclude_reason": "keep", "ndvi": null, "soil_moisture": null, "solar_exposure": null, "wind_exposure": null, "water_retention": null, "slope": null, "aspect": null, "num_identification_agreements": 2, "cluster": 0, "tavg": null, "tmin": 16.7, "tmax": 32.2, "prcp_d0": 4.11397123336792, "prcp_d1": 6.170956611633301, "prcp_d2": 0.0, "prcp_d3": 0.0, "prcp_d4": 0.0, "prcp_d5": 0.0, "prcp_d6": 0.0, "tmax_d0": null, "tmax_d1": null, "tmax_d2": null, "tmax_d3": null, "tmax_d4": null, "tmax_d5": null, "tmax_d6": null, "tmin_d0": null, "tmin_d1": null, "tmin_d2": null, "tmin_d3": null, "tmin_d4": null, "tmin_d5": null, "tmin_d6": null, "day_of_year": 216, "uuid": "d9cf46b9-3436-44f8-b896-8bec76feff97", "inat_id": 30368697}}, {"type": "Feature", "geometry": {"type": "Point", "coordinates": [-122.0905833333, 45.5307916667]}, "properties": {"species": "Turbinellus floccosus", "date": "2019-09-08", "location": "Mt. Hood National Forest, Corbett, OR, US", "elevation": 1212.0, "land_cover_label": "Tree cover", "water_mask": false, "exclude_reason": "keep", "ndvi": null, "soil_moisture": null, "solar_exposure": null, "wind_exposure": null, "water_retention": null, "slope": null, "aspect": null, "num_identification_agreements": 1, "cluster": 1, "tavg": null, "tmin": 16.1, "tmax": 22.2, "prcp_d0": 0.0, "prcp_d1": 0.0, "prcp_d2": 137.57470703125, "prcp_d3": 0.0, "prcp_d4": 0.0, "prcp_d5": 0.0, "prcp_d6": 0.0, "tmax_d0": null, "tmax_d1": null, "tmax_d2": null, "tmax_d3": null, "tmax_d4": null, "tmax_d5": null, "tmax_d6": null, "tmin_d0": null, "tmin_d1": null, "tmin_d2": null, "tmin_d3": null, "tmin_d4": null, "tmin_d5": null, "tmin_d6": null, "day_of_year": 251, "uuid": "342bb180-4b79-4f07-8d28-117edc78803c", "inat_id": 32449178}}, {"type": "Feature", "geometry": {"type": "Point", "coordinates": [-121.9689885337, 45.0355414499]}, "properties": {"species": "Turbinellus floccosus", "date": "2019-09-12", "location": "Mt. Hood National Forest, Estacada, OR, US", "elevation": 850.0, "land_cover_label": "Tree cover", "water_mask": false, "exclude_reason": "keep", "ndvi": null, "soil_moisture": null, "solar_exposure": null, "wind_exposure": null, "water_retention": null, "slope": null, "aspect": null, "num_identification_agreements": 1, "cluster": 2, "tavg": null, "tmin": null, "tmax": null, "prcp_d0": 0.0, "prcp_d1": 0.0, "prcp_d2": 0.0, "prcp_d3": 0.0, "prcp_d4": 0.0, "prcp_d5": 0.0, "prcp_d6": 100.11479949951172, "tmax_d0": null, "tmax_d1": null, "tmax_d2": null, "tmax_d3": null, "tmax_d4": null, "tmax_d5": null, "tmax_d6": null, "tmin_d0": null, "tmin_d1": null, "tmin_d2": null, "tmin_d3": null, "tmin_d4": null, "tmin_d5": null, "tmin_d6": null, "day_of_year": 255, "uuid": "d10279af-b049-4143-9803-78f352f4dfb8", "inat_id": 32609054}}, {"type": "Feature", "geometry": {"type": "Point", "coordinates": [-121.69068, 45.2815033333]}, "properties": {"species": "Turbinellus floccosus", "date": "2019-09-17", "location": "Mt. Hood National Forest, Government Camp, OR, US", "elevation": 1206.0, "land_cover_label": "Tree cover", "water_mask": false, "exclude_reason": "keep", "ndvi": null, "soil_moisture": null, "solar_exposure": null, "wind_exposure": null, "water_retention": null, "slope": null, "aspect": null, "num_identification_agreements": 2, "cluster": 0, "tavg": null, "tmin": null, "tmax": null, "prcp_d0": 0.0, "prcp_d1": 0.0, "prcp_d2": 0.0, "prcp_d3": 0.0, "prcp_d4": 0.0, "prcp_d5": 0.0, "prcp_d6": 0.0, "tmax_d0": null, "tmax_d1": null, "tmax_d2": null, "tmax_d3": null, "tmax_d4": null, "tmax_d5": null, "tmax_d6": null, "tmin_d0": null, "tmin_d1": null, "tmin_d2": null, "tmin_d3": null, "tmin_d4": null, "tmin_d5": null, "tmin_d6": null, "day_of_year": 260, "uuid": "5b9df40a-0e3c-4db0-bc91-a1d17813fc70", "inat_id": 32918739}}, {"type": "Feature", "geometry": {"type": "Point", "coordinates": [-121.6138116667, 45.25747]}, "properties": {"species": "Turbinellus floccosus", "date": "2019-09-19", "location": "White River Road, Wasco, Oregon, United States", "elevation": 1032.0, "land_cover_label": "Tree cover", "water_mask": false, "exclude_reason": "keep", "ndvi": null, "soil_moisture": null, "solar_exposure": null, "wind_exposure": null, "water_retention": null, "slope": null, "aspect": null, "num_identification_agreements": 1, "cluster": 0, "tavg": null, "tmin": null, "tmax": null, "prcp_d0": 0.0, "prcp_d1": 0.0, "prcp_d2": 0.0, "prcp_d3": 0.0, "prcp_d4": 0.0, "prcp_d5": 0.0, "prcp_d6": 0.0, "tmax_d0": null, "tmax_d1": null, "tmax_d2": null, "tmax_d3": null, "tmax_d4": null, "tmax_d5": null, "tmax_d6": null, "tmin_d0": null, "tmin_d1": null, "tmin_d2": null, "tmin_d3": null, "tmin_d4": null, "tmin_d5": null, "tmin_d6": null, "day_of_year": 262, "uuid": "a8f56ea5-cf5b-4c4f-8729-224ca6e617bb", "inat_id": 33465318}}, {"type": "Feature", "geometry": {"type": "Point", "coordinates": [-121.6826324463, 45.221622467]}, "properties": {"species": "Turbinellus floccosus", "date": "2019-09-25", "location": "TIMBRLINE LDG, OR 97028, USA", "elevation": 1346.0, "land_cover_label": "Tree cover", "water_mask": false, "exclude_reason": "keep", "ndvi": null, "soil_moisture": null, "solar_exposure": null, "wind_exposure": null, "water_retention": null, "slope": null, "aspect": null, "num_identification_agreements": 1, "cluster": 0, "tavg": null, "tmin": null, "tmax": null, "prcp_d0": 0.0, "prcp_d1": 0.0, "prcp_d2": 0.0, "prcp_d3": 0.0, "prcp_d4": 0.0, "prcp_d5": 0.0, "prcp_d6": 0.0, "tmax_d0": null, "tmax_d1": null, "tmax_d2": null, "tmax_d3": null, "tmax_d4": null, "tmax_d5": null, "tmax_d6": null, "tmin_d0": null, "tmin_d1": null, "tmin_d2": null, "tmin_d3": null, "tmin_d4": null, "tmin_d5": null, "tmin_d6": null, "day_of_year": 268, "uuid": "c25282fd-7738-4181-a029-877c45b5af9b", "inat_id": 33466557}}, {"type": "Feature", "geometry": {"type": "Point", "coordinates": [-121.7506081687, 45.6660137448]}, "properties": {"species": "Turbinellus floccosus", "date": "2019-10-04", "location": "Mt. Hood National Forest, Hood River, OR, US", "elevation": 1191.0, "land_cover_label": "Tree cover", "water_mask": false, "exclude_reason": "keep", "ndvi": null, "soil_moisture": null, "solar_exposure": null, "wind_exposure": null, "water_retention": null, "slope": null, "aspect": null, "num_identification_agreements": 2, "cluster": 0, "tavg": null, "tmin": null, "tmax": null, "prcp_d0": 0.0, "prcp_d1": 0.0, "prcp_d2": 0.0, "prcp_d3": 0.0, "prcp_d4": 0.0, "prcp_d5": 0.0, "prcp_d6": 0.0, "tmax_d0": null, "tmax_d1": null, "tmax_d2": null, "tmax_d3": null, "tmax_d4": null, "tmax_d5": null, "tmax_d6": null, "tmin_d0": null, "tmin_d1": null, "tmin_d2": null, "tmin_d3": null, "tmin_d4": null, "tmin_d5": null, "tmin_d6": null, "day_of_year": 277, "uuid": "5a78316a-13f2-4e4f-a0ec-4c60774702b8", "inat_id": 35340788}}, {"type": "Feature", "geometry": {"type": "Point", "coordinates": [-122.2113226355, 44.8478948605]}, "properties": {"species": "Turbinellus floccosus", "date": "2019-10-12", "location": "Marion County, US-OR, US", "elevation": 638.0, "land_cover_label": "Tree cover", "water_mask": false, "exclude_reason": "keep", "ndvi": null, "soil_moisture": null, "solar_exposure": null, "wind_exposure": null, "water_retention": null, "slope": null, "aspect": null, "num_identification_agreements": 1, "cluster": 0, "tavg": null, "tmin": null, "tmax": null, "prcp_d0": 0.0, "prcp_d1": 0.0, "prcp_d2": 0.0, "prcp_d3": 0.0, "prcp_d4": 0.0, "prcp_d5": 0.0, "prcp_d6": 0.0, "tmax_d0": null, "tmax_d1": null, "tmax_d2": null, "tmax_d3": null, "tmax_d4": null, "tmax_d5": null, "tmax_d6": null, "tmin_d0": null, "tmin_d1": null, "tmin_d2": null, "tmin_d3": null, "tmin_d4": null, "tmin_d5": null, "tmin_d6": null, "day_of_year": 285, "uuid": "82972a43-ef8d-45d8-9c8a-6d527bd5af34", "inat_id": 34330968}}, {"type": "Feature", "geometry": {"type": "Point", "coordinates": [-122.2113642098, 44.8480139673]}, "properties": {"species": "Turbinellus floccosus", "date": "2019-10-12", "location": "Marion County, US-OR, US", "elevation": 697.0, "land_cover_label": "Tree cover", "water_mask": false, "exclude_reason": "keep", "ndvi": null, "soil_moisture": null, "solar_exposure": null, "wind_exposure": null, "water_retention": null, "slope": null, "aspect": null, "num_identification_agreements": 1, "cluster": 0, "tavg": null, "tmin": null, "tmax": null, "prcp_d0": 0.0, "prcp_d1": 0.0, "prcp_d2": 0.0, "prcp_d3": 0.0, "prcp_d4": 0.0, "prcp_d5": 0.0, "prcp_d6": 0.0, "tmax_d0": null, "tmax_d1": null, "tmax_d2": null, "tmax_d3": null, "tmax_d4": null, "tmax_d5": null, "tmax_d6": null, "tmin_d0": null, "tmin_d1": null, "tmin_d2": null, "tmin_d3": null, "tmin_d4": null, "tmin_d5": null, "tmin_d6": null, "day_of_year": 285, "uuid": "f83b1efd-da6a-4807-a3bb-ffe7504caecb", "inat_id": 34335294}}, {"type": "Feature", "geometry": {"type": "Point", "coordinates": [-122.2110503075, 44.847640805]}, "properties": {"species": "Turbinellus floccosus", "date": "2019-10-12", "location": "Marion County, US-OR, US", "elevation": 638.0, "land_cover_label": "Tree cover", "water_mask": false, "exclude_reason": "keep", "ndvi": null, "soil_moisture": null, "solar_exposure": null, "wind_exposure": null, "water_retention": null, "slope": null, "aspect": null, "num_identification_agreements": 1, "cluster": 0, "tavg": null, "tmin": null, "tmax": null, "prcp_d0": 0.0, "prcp_d1": 0.0, "prcp_d2": 0.0, "prcp_d3": 0.0, "prcp_d4": 0.0, "prcp_d5": 0.0, "prcp_d6": 0.0, "tmax_d0": null, "tmax_d1": null, "tmax_d2": null, "tmax_d3": null, "tmax_d4": null, "tmax_d5": null, "tmax_d6": null, "tmin_d0": null, "tmin_d1": null, "tmin_d2": null, "tmin_d3": null, "tmin_d4": null, "tmin_d5": null, "tmin_d6": null, "day_of_year": 285, "uuid": "74e333bb-9b8a-4832-aaa4-5ee8912bf99b", "inat_id": 34330521}}, {"type": "Feature", "geometry": {"type": "Point", "coordinates": [-122.2117532977, 44.8480902426]}, "properties": {"species": "Turbinellus floccosus", "date": "2019-10-12", "location": "Marion County, US-OR, US", "elevation": 697.0, "land_cover_label": "Tree cover", "water_mask": false, "exclude_reason": "keep", "ndvi": null, "soil_moisture": null, "solar_exposure": null, "wind_exposure": null, "water_retention": null, "slope": null, "aspect": null, "num_identification_agreements": 1, "cluster": 0, "tavg": null, "tmin": null, "tmax": null, "prcp_d0": 0.0, "prcp_d1": 0.0, "prcp_d2": 0.0, "prcp_d3": 0.0, "prcp_d4": 0.0, "prcp_d5": 0.0, "prcp_d6": 0.0, "tmax_d0": null, "tmax_d1": null, "tmax_d2": null, "tmax_d3": null, "tmax_d4": null, "tmax_d5": null, "tmax_d6": null, "tmin_d0": null, "tmin_d1": null, "tmin_d2": null, "tmin_d3": null, "tmin_d4": null, "tmin_d5": null, "tmin_d6": null, "day_of_year": 285, "uuid": "ad110500-30de-457c-be83-808896e735aa", "inat_id": 34331162}}, {"type": "Feature", "geometry": {"type": "Point", "coordinates": [-121.879355, 44.8281966667]}, "properties": {"species": "Turbinellus floccosus", "date": "2019-10-18", "location": "Marion County, US-OR, US", "elevation": 1123.0, "land_cover_label": "Tree cover", "water_mask": false, "exclude_reason": "keep", "ndvi": null, "soil_moisture": null, "solar_exposure": null, "wind_exposure": null, "water_retention": null, "slope": null, "aspect": null, "num_identification_agreements": 2, "cluster": 0, "tavg": null, "tmin": null, "tmax": null, "prcp_d0": 0.0, "prcp_d1": 0.0, "prcp_d2": 0.0, "prcp_d3": 0.0, "prcp_d4": 0.0, "prcp_d5": 0.0, "prcp_d6": 0.0, "tmax_d0": null, "tmax_d1": null, "tmax_d2": null, "tmax_d3": null, "tmax_d4": null, "tmax_d5": null, "tmax_d6": null, "tmin_d0": null, "tmin_d1": null, "tmin_d2": null, "tmin_d3": null, "tmin_d4": null, "tmin_d5": null, "tmin_d6": null, "day_of_year": 291, "uuid": "23abe4f3-06f0-4b04-8413-9336ab60f042", "inat_id": 34739760}}, {"type": "Feature", "geometry": {"type": "Point", "coordinates": [-121.992401982, 45.35772982]}, "properties": {"species": "Turbinellus floccosus", "date": "2019-10-21", "location": "Oregon, US", "elevation": 393.0, "land_cover_label": "Tree cover", "water_mask": false, "exclude_reason": "keep", "ndvi": null, "soil_moisture": null, "solar_exposure": null, "wind_exposure": null, "water_retention": null, "slope": null, "aspect": null, "num_identification_agreements": 3, "cluster": 2, "tavg": null, "tmin": 11.1, "tmax": 16.7, "prcp_d0": 0.0, "prcp_d1": 0.0, "prcp_d2": 46.49430465698242, "prcp_d3": 0.0, "prcp_d4": 0.0, "prcp_d5": 46.49430465698242, "prcp_d6": 11.008667945861816, "tmax_d0": null, "tmax_d1": null, "tmax_d2": null, "tmax_d3": null, "tmax_d4": null, "tmax_d5": null, "tmax_d6": null, "tmin_d0": null, "tmin_d1": null, "tmin_d2": null, "tmin_d3": null, "tmin_d4": null, "tmin_d5": null, "tmin_d6": null, "day_of_year": 294, "uuid": "cf296460-95b7-4897-b31d-151c7f78b454", "inat_id": 37151229}}, {"type": "Feature", "geometry": {"type": "Point", "coordinates": [-122.0817339, 45.2527563]}, "properties": {"species": "Turbinellus floccosus", "date": "2020-08-05", "location": "Estacada, OR 97023, USA", "elevation": 1105.0, "land_cover_label": "Tree cover", "water_mask": false, "exclude_reason": "keep", "ndvi": null, "soil_moisture": null, "solar_exposure": null, "wind_exposure": null, "water_retention": null, "slope": null, "aspect": null, "num_identification_agreements": 1, "cluster": 0, "tavg": null, "tmin": 17.2, "tmax": 29.4, "prcp_d0": 4.829278469085693, "prcp_d1": 0.0, "prcp_d2": 0.0, "prcp_d3": 0.0, "prcp_d4": 0.0, "prcp_d5": 0.0, "prcp_d6": 0.0, "tmax_d0": null, "tmax_d1": null, "tmax_d2": null, "tmax_d3": null, "tmax_d4": null, "tmax_d5": null, "tmax_d6": null, "tmin_d0": null, "tmin_d1": null, "tmin_d2": null, "tmin_d3": null, "tmin_d4": null, "tmin_d5": null, "tmin_d6": null, "day_of_year": 218, "uuid": "004372c5-723a-4bc7-879f-7d48ab77f78e", "inat_id": 55571015}}, {"type": "Feature", "geometry": {"type": "Point", "coordinates": [-122.0609195, 45.542105]}, "properties": {"species": "Turbinellus floccosus", "date": "2020-09-24", "location": "Columbia River Gorge National Scenic Area, Corbett, OR, US", "elevation": 919.0, "land_cover_label": "Tree cover", "water_mask": false, "exclude_reason": "keep", "ndvi": null, "soil_moisture": null, "solar_exposure": null, "wind_exposure": null, "water_retention": null, "slope": null, "aspect": null, "num_identification_agreements": 1, "cluster": 0, "tavg": null, "tmin": 13.3, "tmax": 21.7, "prcp_d0": 0.0, "prcp_d1": 0.0, "prcp_d2": 0.0, "prcp_d3": 0.0, "prcp_d4": 0.4993104338645935, "prcp_d5": 2.719851493835449, "prcp_d6": 19.080978393554688, "tmax_d0": null, "tmax_d1": null, "tmax_d2": null, "tmax_d3": null, "tmax_d4": null, "tmax_d5": null, "tmax_d6": null, "tmin_d0": null, "tmin_d1": null, "tmin_d2": null, "tmin_d3": null, "tmin_d4": null, "tmin_d5": null, "tmin_d6": null, "day_of_year": 268, "uuid": "9d8bd436-e36d-49e7-a9f5-1ea31410b61b", "inat_id": 60681155}}, {"type": "Feature", "geometry": {"type": "Point", "coordinates": [-122.0285178843, 45.2658669194]}, "properties": {"species": "Turbinellus floccosus", "date": "2020-09-27", "location": "Oregon, US", "elevation": 808.0, "land_cover_label": "Tree cover", "water_mask": false, "exclude_reason": "keep", "ndvi": null, "soil_moisture": null, "solar_exposure": null, "wind_exposure": null, "water_retention": null, "slope": null, "aspect": null, "num_identification_agreements": 2, "cluster": 1, "tavg": null, "tmin": 10.6, "tmax": 24.4, "prcp_d0": 0.0, "prcp_d1": 0.0, "prcp_d2": 57.078155517578125, "prcp_d3": 0.0, "prcp_d4": 0.0, "prcp_d5": 0.0, "prcp_d6": 0.0, "tmax_d0": null, "tmax_d1": null, "tmax_d2": null, "tmax_d3": null, "tmax_d4": null, "tmax_d5": null, "tmax_d6": null, "tmin_d0": null, "tmin_d1": null, "tmin_d2": null, "tmin_d3": null, "tmin_d4": null, "tmin_d5": null, "tmin_d6": null, "day_of_year": 271, "uuid": "4b5ded39-0ef8-4fd7-921e-af3541044bcd", "inat_id": 61069365}}, {"type": "Feature", "geometry": {"type": "Point", "coordinates": [-122.0759580194, 45.3245446367]}, "properties": {"species": "Turbinellus floccosus", "date": "2020-09-27", "location": "Oregon, US", "elevation": 916.0, "land_cover_label": "Tree cover", "water_mask": false, "exclude_reason": "keep", "ndvi": null, "soil_moisture": null, "solar_exposure": null, "wind_exposure": null, "water_retention": null, "slope": null, "aspect": null, "num_identification_agreements": 1, "cluster": 1, "tavg": null, "tmin": 10.6, "tmax": 24.4, "prcp_d0": 0.0, "prcp_d1": 0.0, "prcp_d2": 65.98793029785156, "prcp_d3": 0.0, "prcp_d4": 0.0, "prcp_d5": 0.0, "prcp_d6": 0.0, "tmax_d0": null, "tmax_d1": null, "tmax_d2": null, "tmax_d3": null, "tmax_d4": null, "tmax_d5": null, "tmax_d6": null, "tmin_d0": null, "tmin_d1": null, "tmin_d2": null, "tmin_d3": null, "tmin_d4": null, "tmin_d5": null, "tmin_d6": null, "day_of_year": 271, "uuid": "44f8e585-3348-4ad8-a5fa-ee98c1af36c1", "inat_id": 61069409}}, {"type": "Feature", "geometry": {"type": "Point", "coordinates": [-121.7928166667, 45.3142]}, "properties": {"species": "Turbinellus floccosus", "date": "2020-09-28", "location": "Mt. Hood Park Division Recreation Area, Government Camp, OR, US", "elevation": 1001.0, "land_cover_label": "Tree cover", "water_mask": false, "exclude_reason": "keep", "ndvi": null, "soil_moisture": null, "solar_exposure": null, "wind_exposure": null, "water_retention": null, "slope": null, "aspect": null, "num_identification_agreements": 1, "cluster": 1, "tavg": null, "tmin": null, "tmax": null, "prcp_d0": 0.0, "prcp_d1": 0.0, "prcp_d2": 0.0, "prcp_d3": 50.962738037109375, "prcp_d4": 0.0, "prcp_d5": 0.0, "prcp_d6": 0.0, "tmax_d0": null, "tmax_d1": null, "tmax_d2": null, "tmax_d3": null, "tmax_d4": null, "tmax_d5": null, "tmax_d6": null, "tmin_d0": null, "tmin_d1": null, "tmin_d2": null, "tmin_d3": null, "tmin_d4": null, "tmin_d5": null, "tmin_d6": null, "day_of_year": 272, "uuid": "0f6595e2-131b-4a0f-8845-a653f2597cb3", "inat_id": 63027897}}, {"type": "Feature", "geometry": {"type": "Point", "coordinates": [-121.722, 45.2938]}, "properties": {"species": "Turbinellus floccosus", "date": "2020-09-30", "location": "Zigzag Ranger District portion in Clackamas Co., Mount Hood National Forest, Clackamas Co., Oregon, USA", "elevation": 1267.0, "land_cover_label": "Tree cover", "water_mask": false, "exclude_reason": "keep", "ndvi": null, "soil_moisture": null, "solar_exposure": null, "wind_exposure": null, "water_retention": null, "slope": null, "aspect": null, "num_identification_agreements": 1, "cluster": 2, "tavg": null, "tmin": null, "tmax": null, "prcp_d0": 0.0, "prcp_d1": 0.0, "prcp_d2": 0.0, "prcp_d3": 0.0, "prcp_d4": 0.0, "prcp_d5": 42.46205139160156, "prcp_d6": 0.0, "tmax_d0": null, "tmax_d1": null, "tmax_d2": null, "tmax_d3": null, "tmax_d4": null, "tmax_d5": null, "tmax_d6": null, "tmin_d0": null, "tmin_d1": null, "tmin_d2": null, "tmin_d3": null, "tmin_d4": null, "tmin_d5": null, "tmin_d6": null, "day_of_year": 274, "uuid": "dc408e47-c34e-4e2a-b95f-0895ce326718", "inat_id": 65246669}}, {"type": "Feature", "geometry": {"type": "Point", "coordinates": [-121.8541220233, 45.4253529128]}, "properties": {"species": "Turbinellus floccosus", "date": "2020-10-02", "location": "Oregon, US", "elevation": 1132.0, "land_cover_label": "Tree cover", "water_mask": false, "exclude_reason": "keep", "ndvi": null, "soil_moisture": null, "solar_exposure": null, "wind_exposure": null, "water_retention": null, "slope": null, "aspect": null, "num_identification_agreements": 1, "cluster": 0, "tavg": null, "tmin": 11.7, "tmax": 27.2, "prcp_d0": 0.0, "prcp_d1": 0.0, "prcp_d2": 0.0, "prcp_d3": 0.0, "prcp_d4": 0.0, "prcp_d5": 0.0, "prcp_d6": 8.635281562805176, "tmax_d0": null, "tmax_d1": null, "tmax_d2": null, "tmax_d3": null, "tmax_d4": null, "tmax_d5": null, "tmax_d6": null, "tmin_d0": null, "tmin_d1": null, "tmin_d2": null, "tmin_d3": null, "tmin_d4": null, "tmin_d5": null, "tmin_d6": null, "day_of_year": 276, "uuid": "eddb93c5-2b67-4e5f-a55d-adfe14a3ac18", "inat_id": 61751159}}, {"type": "Feature", "geometry": {"type": "Point", "coordinates": [-121.4544216667, 45.4070783333]}, "properties": {"species": "Turbinellus floccosus", "date": "2020-10-03", "location": "Mt. Hood National Forest, Dufur, OR, US", "elevation": 1192.0, "land_cover_label": "Tree cover", "water_mask": false, "exclude_reason": "keep", "ndvi": null, "soil_moisture": null, "solar_exposure": null, "wind_exposure": null, "water_retention": null, "slope": null, "aspect": null, "num_identification_agreements": 1, "cluster": 0, "tavg": null, "tmin": 9.4, "tmax": 28.3, "prcp_d0": 0.0, "prcp_d1": 0.0, "prcp_d2": 0.0, "prcp_d3": 0.0, "prcp_d4": 0.0, "prcp_d5": 0.0, "prcp_d6": 0.0, "tmax_d0": null, "tmax_d1": null, "tmax_d2": null, "tmax_d3": null, "tmax_d4": null, "tmax_d5": null, "tmax_d6": null, "tmin_d0": null, "tmin_d1": null, "tmin_d2": null, "tmin_d3": null, "tmin_d4": null, "tmin_d5": null, "tmin_d6": null, "day_of_year": 277, "uuid": "9d64aa58-4ace-479b-8c01-0414358315f0", "inat_id": 68587975}}, {"type": "Feature", "geometry": {"type": "Point", "coordinates": [-121.6707222222, 45.1692055556]}, "properties": {"species": "Turbinellus floccosus", "date": "2020-10-08", "location": "Wasco, Oregon, United States", "elevation": 1100.0, "land_cover_label": "Tree cover", "water_mask": false, "exclude_reason": "keep", "ndvi": null, "soil_moisture": null, "solar_exposure": null, "wind_exposure": null, "water_retention": null, "slope": null, "aspect": null, "num_identification_agreements": 1, "cluster": 0, "tavg": null, "tmin": null, "tmax": null, "prcp_d0": 0.0, "prcp_d1": 0.0, "prcp_d2": 0.0, "prcp_d3": 0.0, "prcp_d4": 0.0, "prcp_d5": 0.0, "prcp_d6": 0.0, "tmax_d0": null, "tmax_d1": null, "tmax_d2": null, "tmax_d3": null, "tmax_d4": null, "tmax_d5": null, "tmax_d6": null, "tmin_d0": null, "tmin_d1": null, "tmin_d2": null, "tmin_d3": null, "tmin_d4": null, "tmin_d5": null, "tmin_d6": null, "day_of_year": 282, "uuid": "5c0b219d-675c-4c18-9121-3bcdd12575f0", "inat_id": 63414357}}, {"type": "Feature", "geometry": {"type": "Point", "coordinates": [-121.572426057, 45.4151812817]}, "properties": {"species": "Turbinellus floccosus", "date": "2020-10-10", "location": "Hood River County, OR, USA", "elevation": 942.0, "land_cover_label": "Tree cover", "water_mask": false, "exclude_reason": "keep", "ndvi": null, "soil_moisture": null, "solar_exposure": null, "wind_exposure": null, "water_retention": null, "slope": null, "aspect": null, "num_identification_agreements": 1, "cluster": 0, "tavg": null, "tmin": 8.9, "tmax": 19.4, "prcp_d0": 16.651010513305664, "prcp_d1": 0.0, "prcp_d2": 0.0, "prcp_d3": 0.0, "prcp_d4": 0.0, "prcp_d5": 0.0, "prcp_d6": 0.0, "tmax_d0": null, "tmax_d1": null, "tmax_d2": null, "tmax_d3": null, "tmax_d4": null, "tmax_d5": null, "tmax_d6": null, "tmin_d0": null, "tmin_d1": null, "tmin_d2": null, "tmin_d3": null, "tmin_d4": null, "tmin_d5": null, "tmin_d6": null, "day_of_year": 284, "uuid": "975b74a9-37d2-49bc-ba22-a819a4439660", "inat_id": 62245341}}, {"type": "Feature", "geometry": {"type": "Point", "coordinates": [-121.7035839038, 45.255796727]}, "properties": {"species": "Turbinellus floccosus", "date": "2020-10-11", "location": "Mt. Hood National Forest, Government Camp, OR, US", "elevation": 1235.0, "land_cover_label": "Tree cover", "water_mask": false, "exclude_reason": "keep", "ndvi": null, "soil_moisture": null, "solar_exposure": null, "wind_exposure": null, "water_retention": null, "slope": null, "aspect": null, "num_identification_agreements": 1, "cluster": 1, "tavg": null, "tmin": null, "tmax": null, "prcp_d0": 0.0, "prcp_d1": 33.00502014160156, "prcp_d2": 0.0, "prcp_d3": 0.0, "prcp_d4": 0.0, "prcp_d5": 0.0, "prcp_d6": 0.0, "tmax_d0": null, "tmax_d1": null, "tmax_d2": null, "tmax_d3": null, "tmax_d4": null, "tmax_d5": null, "tmax_d6": null, "tmin_d0": null, "tmin_d1": null, "tmin_d2": null, "tmin_d3": null, "tmin_d4": null, "tmin_d5": null, "tmin_d6": null, "day_of_year": 285, "uuid": "d0117dd9-94ae-4899-b25e-f8fafe1a6795", "inat_id": 64265669}}, {"type": "Feature", "geometry": {"type": "Point", "coordinates": [-121.68968333, 45.27556667]}, "properties": {"species": "Turbinellus floccosus", "date": "2020-10-15", "location": "Mt. Hood Park Division Recreation Area, Mount Hood Parkdale, OR, US", "elevation": 1326.0, "land_cover_label": "Tree cover", "water_mask": false, "exclude_reason": "keep", "ndvi": null, "soil_moisture": null, "solar_exposure": null, "wind_exposure": null, "water_retention": null, "slope": null, "aspect": null, "num_identification_agreements": 2, "cluster": 1, "tavg": null, "tmin": null, "tmax": null, "prcp_d0": 0.0, "prcp_d1": 0.0, "prcp_d2": 40.15564727783203, "prcp_d3": 0.0, "prcp_d4": 0.0, "prcp_d5": 27.120235443115234, "prcp_d6": 0.0, "tmax_d0": null, "tmax_d1": null, "tmax_d2": null, "tmax_d3": null, "tmax_d4": null, "tmax_d5": null, "tmax_d6": null, "tmin_d0": null, "tmin_d1": null, "tmin_d2": null, "tmin_d3": null, "tmin_d4": null, "tmin_d5": null, "tmin_d6": null, "day_of_year": 289, "uuid": "8f5acce0-fa97-410a-8983-0e55fc3ccc45", "inat_id": 62683259}}, {"type": "Feature", "geometry": {"type": "Point", "coordinates": [-121.6867600009, 45.2410802095]}, "properties": {"species": "Turbinellus floccosus", "date": "2020-10-17", "location": "TIMBRLINE LDG, OR 97028, USA", "elevation": 1383.0, "land_cover_label": "Tree cover", "water_mask": false, "exclude_reason": "keep", "ndvi": null, "soil_moisture": null, "solar_exposure": null, "wind_exposure": null, "water_retention": null, "slope": null, "aspect": null, "num_identification_agreements": 1, "cluster": 0, "tavg": null, "tmin": null, "tmax": null, "prcp_d0": 0.0, "prcp_d1": 0.0, "prcp_d2": 0.0, "prcp_d3": 0.0, "prcp_d4": 36.032188415527344, "prcp_d5": 0.0, "prcp_d6": 0.0, "tmax_d0": null, "tmax_d1": null, "tmax_d2": null, "tmax_d3": null, "tmax_d4": null, "tmax_d5": null, "tmax_d6": null, "tmin_d0": null, "tmin_d1": null, "tmin_d2": null, "tmin_d3": null, "tmin_d4": null, "tmin_d5": null, "tmin_d6": null, "day_of_year": 291, "uuid": "a6fe67c3-4f13-4f98-a778-4720a26e2315", "inat_id": 62869337}}, {"type": "Feature", "geometry": {"type": "Point", "coordinates": [-122.463325, 45.3953633333]}, "properties": {"species": "Turbinellus floccosus", "date": "2020-10-20", "location": "SE Highway 224, Damascus, OR, US", "elevation": 41.0, "land_cover_label": "Tree cover", "water_mask": false, "exclude_reason": "keep", "ndvi": null, "soil_moisture": null, "solar_exposure": null, "wind_exposure": null, "water_retention": null, "slope": null, "aspect": null, "num_identification_agreements": 1, "cluster": 0, "tavg": null, "tmin": 9.4, "tmax": 17.8, "prcp_d0": 0.0, "prcp_d1": 0.0, "prcp_d2": 0.0, "prcp_d3": 0.0, "prcp_d4": 0.0, "prcp_d5": 0.0, "prcp_d6": 0.0, "tmax_d0": null, "tmax_d1": null, "tmax_d2": null, "tmax_d3": null, "tmax_d4": null, "tmax_d5": null, "tmax_d6": null, "tmin_d0": null, "tmin_d1": null, "tmin_d2": null, "tmin_d3": null, "tmin_d4": null, "tmin_d5": null, "tmin_d6": null, "day_of_year": 294, "uuid": "48b5f131-22fb-4d93-9415-6f2aee1bdba4", "inat_id": 63235700}}, {"type": "Feature", "geometry": {"type": "Point", "coordinates": [-121.6830833333, 45.2887]}, "properties": {"species": "Turbinellus floccosus", "date": "2020-10-20", "location": "MT HOOD PRKDL, OR 97041, USA", "elevation": 1376.0, "land_cover_label": "Tree cover", "water_mask": false, "exclude_reason": "keep", "ndvi": null, "soil_moisture": null, "solar_exposure": null, "wind_exposure": null, "water_retention": null, "slope": null, "aspect": null, "num_identification_agreements": 1, "cluster": 0, "tavg": null, "tmin": null, "tmax": null, "prcp_d0": 0.0, "prcp_d1": 0.0, "prcp_d2": 0.0, "prcp_d3": 0.0, "prcp_d4": 0.0, "prcp_d5": 0.0, "prcp_d6": 0.0, "tmax_d0": null, "tmax_d1": null, "tmax_d2": null, "tmax_d3": null, "tmax_d4": null, "tmax_d5": null, "tmax_d6": null, "tmin_d0": null, "tmin_d1": null, "tmin_d2": null, "tmin_d3": null, "tmin_d4": null, "tmin_d5": null, "tmin_d6": null, "day_of_year": 294, "uuid": "4a7f9acc-e254-4ac2-854c-b95f367585ce", "inat_id": 63145464}}, {"type": "Feature", "geometry": {"type": "Point", "coordinates": [-122.229581053, 45.5633872163]}, "properties": {"species": "Turbinellus floccosus", "date": "2020-10-21", "location": "Columbia River Gorge National Scenic Area, Washougal, WA, US", "elevation": 197.0, "land_cover_label": "Tree cover", "water_mask": false, "exclude_reason": "keep", "ndvi": null, "soil_moisture": null, "solar_exposure": null, "wind_exposure": null, "water_retention": null, "slope": null, "aspect": null, "num_identification_agreements": 1, "cluster": 0, "tavg": null, "tmin": 6.1, "tmax": 15.0, "prcp_d0": 0.0, "prcp_d1": 0.0, "prcp_d2": 0.0, "prcp_d3": 0.0, "prcp_d4": 0.0, "prcp_d5": 0.0, "prcp_d6": 0.0, "tmax_d0": null, "tmax_d1": null, "tmax_d2": null, "tmax_d3": null, "tmax_d4": null, "tmax_d5": null, "tmax_d6": null, "tmin_d0": null, "tmin_d1": null, "tmin_d2": null, "tmin_d3": null, "tmin_d4": null, "tmin_d5": null, "tmin_d6": null, "day_of_year": 295, "uuid": "87154606-46b3-405f-a57d-8f5255903373", "inat_id": 63362809}}, {"type": "Feature", "geometry": {"type": "Point", "coordinates": [-121.7153007431, 45.2398836153]}, "properties": {"species": "Turbinellus floccosus", "date": "2020-10-22", "location": "Oregon, US", "elevation": 1029.0, "land_cover_label": "Tree cover", "water_mask": false, "exclude_reason": "keep", "ndvi": null, "soil_moisture": null, "solar_exposure": null, "wind_exposure": null, "water_retention": null, "slope": null, "aspect": null, "num_identification_agreements": 1, "cluster": 0, "tavg": null, "tmin": null, "tmax": null, "prcp_d0": 0.0, "prcp_d1": 0.0, "prcp_d2": 0.0, "prcp_d3": 0.0, "prcp_d4": 0.0, "prcp_d5": 0.0, "prcp_d6": 0.0, "tmax_d0": null, "tmax_d1": null, "tmax_d2": null, "tmax_d3": null, "tmax_d4": null, "tmax_d5": null, "tmax_d6": null, "tmin_d0": null, "tmin_d1": null, "tmin_d2": null, "tmin_d3": null, "tmin_d4": null, "tmin_d5": null, "tmin_d6": null, "day_of_year": 296, "uuid": "bab0c0de-0362-43b8-9ac5-afaa6af2aae2", "inat_id": 63297063}}, {"type": "Feature", "geometry": {"type": "Point", "coordinates": [-121.8554042122, 45.3099415747]}, "properties": {"species": "Turbinellus floccosus", "date": "2020-10-22", "location": "Oregon, US", "elevation": 719.0, "land_cover_label": "Tree cover", "water_mask": false, "exclude_reason": "keep", "ndvi": null, "soil_moisture": null, "solar_exposure": null, "wind_exposure": null, "water_retention": null, "slope": null, "aspect": null, "num_identification_agreements": 2, "cluster": 0, "tavg": null, "tmin": null, "tmax": null, "prcp_d0": 0.0, "prcp_d1": 0.0, "prcp_d2": 0.0, "prcp_d3": 0.0, "prcp_d4": 0.0, "prcp_d5": 0.0, "prcp_d6": 0.0, "tmax_d0": null, "tmax_d1": null, "tmax_d2": null, "tmax_d3": null, "tmax_d4": null, "tmax_d5": null, "tmax_d6": null, "tmin_d0": null, "tmin_d1": null, "tmin_d2": null, "tmin_d3": null, "tmin_d4": null, "tmin_d5": null, "tmin_d6": null, "day_of_year": 296, "uuid": "07559c70-93e4-47a2-851a-89c5145f6055", "inat_id": 63295080}}, {"type": "Feature", "geometry": {"type": "Point", "coordinates": [-121.7773771408, 45.3496642273]}, "properties": {"species": "Turbinellus floccosus", "date": "2020-10-22", "location": "Oregon, US", "elevation": 1201.0, "land_cover_label": "Tree cover", "water_mask": false, "exclude_reason": "keep", "ndvi": null, "soil_moisture": null, "solar_exposure": null, "wind_exposure": null, "water_retention": null, "slope": null, "aspect": null, "num_identification_agreements": 1, "cluster": 0, "tavg": null, "tmin": null, "tmax": null, "prcp_d0": 0.0, "prcp_d1": 0.0, "prcp_d2": 0.0, "prcp_d3": 0.0, "prcp_d4": 0.0, "prcp_d5": 0.0, "prcp_d6": 0.0, "tmax_d0": null, "tmax_d1": null, "tmax_d2": null, "tmax_d3": null, "tmax_d4": null, "tmax_d5": null, "tmax_d6": null, "tmin_d0": null, "tmin_d1": null, "tmin_d2": null, "tmin_d3": null, "tmin_d4": null, "tmin_d5": null, "tmin_d6": null, "day_of_year": 296, "uuid": "c499a742-20e0-4305-885b-2e8130bfc442", "inat_id": 63297058}}, {"type": "Feature", "geometry": {"type": "Point", "coordinates": [-105.827948251, 35.8006713052]}, "properties": {"species": "Turbinellus floccosus", "date": "2021-07-18", "location": "Santa Fe National Forest, Santa Fe, NM, US", "elevation": 2808.0, "land_cover_label": "Grassland", "water_mask": false, "exclude_reason": "keep", "ndvi": null, "soil_moisture": null, "solar_exposure": null, "wind_exposure": null, "water_retention": null, "slope": null, "aspect": null, "num_identification_agreements": 1, "cluster": 0, "tavg": null, "tmin": 17.8, "tmax": 28.9, "prcp_d0": 0.0, "prcp_d1": 0.0, "prcp_d2": 0.0, "prcp_d3": 0.0, "prcp_d4": 10.504424095153809, "prcp_d5": 0.0, "prcp_d6": 3.5014748573303223, "tmax_d0": null, "tmax_d1": null, "tmax_d2": null, "tmax_d3": null, "tmax_d4": null, "tmax_d5": null, "tmax_d6": null, "tmin_d0": null, "tmin_d1": null, "tmin_d2": null, "tmin_d3": null, "tmin_d4": null, "tmin_d5": null, "tmin_d6": null, "day_of_year": 199, "uuid": "a60c5a35-126e-44b1-9349-b09a0497a576", "inat_id": 87632051}}, {"type": "Feature", "geometry": {"type": "Point", "coordinates": [-105.8351133333, 35.75323]}, "properties": {"species": "Turbinellus floccosus", "date": "2021-07-27", "location": "Santa Fe National Forest, Santa Fe, NM, US", "elevation": 2653.0, "land_cover_label": "Tree cover", "water_mask": false, "exclude_reason": "keep", "ndvi": null, "soil_moisture": null, "solar_exposure": null, "wind_exposure": null, "water_retention": null, "slope": null, "aspect": null, "num_identification_agreements": 3, "cluster": 0, "tavg": null, "tmin": 16.1, "tmax": 28.3, "prcp_d0": 0.0, "prcp_d1": 5.81879997253418, "prcp_d2": 0.0, "prcp_d3": 4.853102684020996, "prcp_d4": 0.0, "prcp_d5": 9.706205368041992, "prcp_d6": 4.853102684020996, "tmax_d0": null, "tmax_d1": null, "tmax_d2": null, "tmax_d3": null, "tmax_d4": null, "tmax_d5": null, "tmax_d6": null, "tmin_d0": null, "tmin_d1": null, "tmin_d2": null, "tmin_d3": null, "tmin_d4": null, "tmin_d5": null, "tmin_d6": null, "day_of_year": 208, "uuid": "66e30217-032c-4048-8214-b52612a21e97", "inat_id": 88933244}}, {"type": "Feature", "geometry": {"type": "Point", "coordinates": [-105.5541527778, 36.1620222222]}, "properties": {"species": "Turbinellus floccosus", "date": "2021-07-29", "location": "Vadito, NM 87579, USA", "elevation": 2535.0, "land_cover_label": "Tree cover", "water_mask": false, "exclude_reason": "keep", "ndvi": null, "soil_moisture": null, "solar_exposure": null, "wind_exposure": null, "water_retention": null, "slope": null, "aspect": null, "num_identification_agreements": 2, "cluster": 0, "tavg": null, "tmin": 12.8, "tmax": 30.6, "prcp_d0": 0.0, "prcp_d1": 6.238491058349609, "prcp_d2": 0.0, "prcp_d3": 6.238491058349609, "prcp_d4": 4.537179946899414, "prcp_d5": 0.0, "prcp_d6": 4.537179946899414, "tmax_d0": null, "tmax_d1": null, "tmax_d2": null, "tmax_d3": null, "tmax_d4": null, "tmax_d5": null, "tmax_d6": null, "tmin_d0": null, "tmin_d1": null, "tmin_d2": null, "tmin_d3": null, "tmin_d4": null, "tmin_d5": null, "tmin_d6": null, "day_of_year": 210, "uuid": "f085d902-1694-408c-abc7-c447e3ad9854", "inat_id": 89913199}}, {"type": "Feature", "geometry": {"type": "Point", "coordinates": [-121.62907435, 45.6470543]}, "properties": {"species": "Turbinellus floccosus", "date": "2021-08-25", "location": "Hood River, OR, US", "elevation": 538.0, "land_cover_label": "Tree cover", "water_mask": false, "exclude_reason": "keep", "ndvi": null, "soil_moisture": null, "solar_exposure": null, "wind_exposure": null, "water_retention": null, "slope": null, "aspect": null, "num_identification_agreements": 2, "cluster": 0, "tavg": null, "tmin": 11.1, "tmax": 31.1, "prcp_d0": 0.0, "prcp_d1": 0.0, "prcp_d2": 0.0, "prcp_d3": 0.0, "prcp_d4": 0.0, "prcp_d5": 0.0, "prcp_d6": 0.0, "tmax_d0": null, "tmax_d1": null, "tmax_d2": null, "tmax_d3": null, "tmax_d4": null, "tmax_d5": null, "tmax_d6": null, "tmin_d0": null, "tmin_d1": null, "tmin_d2": null, "tmin_d3": null, "tmin_d4": null, "tmin_d5": null, "tmin_d6": null, "day_of_year": 237, "uuid": "ead5c39d-39c1-4921-abf7-18947c5aac0c", "inat_id": 92996181}}, {"type": "Feature", "geometry": {"type": "Point", "coordinates": [-121.9743032268, 45.2878500427]}, "properties": {"species": "Turbinellus floccosus", "date": "2021-08-30", "location": "Oregon, US", "elevation": 600.0, "land_cover_label": "Tree cover", "water_mask": false, "exclude_reason": "keep", "ndvi": null, "soil_moisture": null, "solar_exposure": null, "wind_exposure": null, "water_retention": null, "slope": null, "aspect": null, "num_identification_agreements": 1, "cluster": 0, "tavg": null, "tmin": 11.1, "tmax": 21.7, "prcp_d0": 0.0, "prcp_d1": 0.0, "prcp_d2": 0.0, "prcp_d3": 0.0, "prcp_d4": 8.68348217010498, "prcp_d5": 0.0, "prcp_d6": 0.0, "tmax_d0": null, "tmax_d1": null, "tmax_d2": null, "tmax_d3": null, "tmax_d4": null, "tmax_d5": null, "tmax_d6": null, "tmin_d0": null, "tmin_d1": null, "tmin_d2": null, "tmin_d3": null, "tmin_d4": null, "tmin_d5": null, "tmin_d6": null, "day_of_year": 242, "uuid": "4ed24e77-1c91-4242-a929-35ea68fedb5d", "inat_id": 93191373}}, {"type": "Feature", "geometry": {"type": "Point", "coordinates": [-121.7713533709, 45.242380711]}, "properties": {"species": "Turbinellus floccosus", "date": "2021-09-12", "location": "Oregon, US", "elevation": 1111.0, "land_cover_label": "Tree cover", "water_mask": false, "exclude_reason": "keep", "ndvi": null, "soil_moisture": null, "solar_exposure": null, "wind_exposure": null, "water_retention": null, "slope": null, "aspect": null, "num_identification_agreements": 1, "cluster": 0, "tavg": null, "tmin": null, "tmax": null, "prcp_d0": 0.0, "prcp_d1": 0.0, "prcp_d2": 16.086565017700195, "prcp_d3": 0.0, "prcp_d4": 0.0, "prcp_d5": 0.0, "prcp_d6": 0.0, "tmax_d0": null, "tmax_d1": null, "tmax_d2": null, "tmax_d3": null, "tmax_d4": null, "tmax_d5": null, "tmax_d6": null, "tmin_d0": null, "tmin_d1": null, "tmin_d2": null, "tmin_d3": null, "tmin_d4": null, "tmin_d5": null, "tmin_d6": null, "day_of_year": 255, "uuid": "18964f68-31d5-4bd9-8195-d9a77a3df47e", "inat_id": 94682662}}, {"type": "Feature", "geometry": {"type": "Point", "coordinates": [-122.0867166667, 45.5371694444]}, "properties": {"species": "Turbinellus floccosus", "date": "2021-09-12", "location": "Multnomah County, OR, USA", "elevation": 1001.0, "land_cover_label": "Tree cover", "water_mask": false, "exclude_reason": "keep", "ndvi": null, "soil_moisture": null, "solar_exposure": null, "wind_exposure": null, "water_retention": null, "slope": null, "aspect": null, "num_identification_agreements": 2, "cluster": 0, "tavg": null, "tmin": 13.9, "tmax": 23.3, "prcp_d0": 0.0, "prcp_d1": 0.0, "prcp_d2": 18.394121170043945, "prcp_d3": 0.0, "prcp_d4": 0.0, "prcp_d5": 0.0, "prcp_d6": 0.0, "tmax_d0": null, "tmax_d1": null, "tmax_d2": null, "tmax_d3": null, "tmax_d4": null, "tmax_d5": null, "tmax_d6": null, "tmin_d0": null, "tmin_d1": null, "tmin_d2": null, "tmin_d3": null, "tmin_d4": null, "tmin_d5": null, "tmin_d6": null, "day_of_year": 255, "uuid": "93f20b38-c6d6-4856-ac87-a16c148a27a9", "inat_id": 94667489}}, {"type": "Feature", "geometry": {"type": "Point", "coordinates": [-121.7291641233, 45.2829971311]}, "properties": {"species": "Turbinellus floccosus", "date": "2021-09-27", "location": "TIMBRLINE LDG, OR 97028, USA", "elevation": 1136.0, "land_cover_label": "Tree cover", "water_mask": false, "exclude_reason": "keep", "ndvi": null, "soil_moisture": null, "solar_exposure": null, "wind_exposure": null, "water_retention": null, "slope": null, "aspect": null, "num_identification_agreements": 1, "cluster": 0, "tavg": null, "tmin": null, "tmax": null, "prcp_d0": 0.0, "prcp_d1": 0.0, "prcp_d2": 0.0, "prcp_d3": 0.0, "prcp_d4": 0.0, "prcp_d5": 0.0, "prcp_d6": 0.0, "tmax_d0": null, "tmax_d1": null, "tmax_d2": null, "tmax_d3": null, "tmax_d4": null, "tmax_d5": null, "tmax_d6": null, "tmin_d0": null, "tmin_d1": null, "tmin_d2": null, "tmin_d3": null, "tmin_d4": null, "tmin_d5": null, "tmin_d6": null, "day_of_year": 270, "uuid": "3237d2f9-a522-449e-bcb5-99e893e1a407", "inat_id": 96438396}}, {"type": "Feature", "geometry": {"type": "Point", "coordinates": [-121.6675723961, 45.3398067703]}, "properties": {"species": "Turbinellus floccosus", "date": "2021-09-30", "location": "Oregon, US", "elevation": 1872.0, "land_cover_label": "Grassland", "water_mask": false, "exclude_reason": "keep", "ndvi": null, "soil_moisture": null, "solar_exposure": null, "wind_exposure": null, "water_retention": null, "slope": null, "aspect": null, "num_identification_agreements": 1, "cluster": 0, "tavg": null, "tmin": 10.0, "tmax": 25.0, "prcp_d0": 0.0, "prcp_d1": 0.0, "prcp_d2": 0.0, "prcp_d3": 0.0, "prcp_d4": 0.0, "prcp_d5": 0.0, "prcp_d6": 0.0, "tmax_d0": 10.6, "tmax_d1": 9.8, "tmax_d2": 3.0, "tmax_d3": 12.8, "tmax_d4": 14.6, "tmax_d5": 17.5, "tmax_d6": 16.2, "tmin_d0": 4.3, "tmin_d1": -2.7, "tmin_d2": -0.6, "tmin_d3": 2.1, "tmin_d4": 5.0, "tmin_d5": 7.5, "tmin_d6": 7.1, "day_of_year": 273, "uuid": "a89434e2-6835-42f2-9c31-63f41d056abd", "inat_id": 116823552}}, {"type": "Feature", "geometry": {"type": "Point", "coordinates": [-121.9430174639, 45.0100674595]}, "properties": {"species": "Turbinellus floccosus", "date": "2021-10-02", "location": "Oregon, US", "elevation": 963.0, "land_cover_label": "Tree cover", "water_mask": false, "exclude_reason": "keep", "ndvi": null, "soil_moisture": null, "solar_exposure": null, "wind_exposure": null, "water_retention": null, "slope": null, "aspect": null, "num_identification_agreements": 1, "cluster": 0, "tavg": null, "tmin": null, "tmax": null, "prcp_d0": 0.0, "prcp_d1": 0.0, "prcp_d2": 0.0, "prcp_d3": 0.0, "prcp_d4": 0.0, "prcp_d5": 0.0, "prcp_d6": 0.0, "tmax_d0": null, "tmax_d1": null, "tmax_d2": null, "tmax_d3": null, "tmax_d4": null, "tmax_d5": null, "tmax_d6": null, "tmin_d0": null, "tmin_d1": null, "tmin_d2": null, "tmin_d3": null, "tmin_d4": null, "tmin_d5": null, "tmin_d6": null, "day_of_year": 275, "uuid": "56d060a3-1f50-4ed6-b69d-cb0bb2b1e41f", "inat_id": 96983149}}, {"type": "Feature", "geometry": {"type": "Point", "coordinates": [-121.677670619, 45.3466813165]}, "properties": {"species": "Turbinellus floccosus", "date": "2021-10-02", "location": "Oregon, US", "elevation": 2103.0, "land_cover_label": "Grassland", "water_mask": false, "exclude_reason": "keep", "ndvi": null, "soil_moisture": null, "solar_exposure": null, "wind_exposure": null, "water_retention": null, "slope": null, "aspect": null, "num_identification_agreements": 1, "cluster": 0, "tavg": null, "tmin": 7.2, "tmax": 24.4, "prcp_d0": 0.0, "prcp_d1": 0.0, "prcp_d2": 0.0, "prcp_d3": 0.0, "prcp_d4": 0.0, "prcp_d5": 0.0, "prcp_d6": 0.0, "tmax_d0": null, "tmax_d1": null, "tmax_d2": null, "tmax_d3": null, "tmax_d4": null, "tmax_d5": null, "tmax_d6": null, "tmin_d0": null, "tmin_d1": null, "tmin_d2": null, "tmin_d3": null, "tmin_d4": null, "tmin_d5": null, "tmin_d6": null, "day_of_year": 275, "uuid": "43765c4a-9896-481d-b013-b41852956a19", "inat_id": 97073530}}, {"type": "Feature", "geometry": {"type": "Point", "coordinates": [-122.1960833333, 45.5743133333]}, "properties": {"species": "Turbinellus floccosus", "date": "2021-10-09", "location": "Columbia River Gorge National Scenic Area, Washougal, WA, US", "elevation": 232.0, "land_cover_label": "Tree cover", "water_mask": false, "exclude_reason": "keep", "ndvi": null, "soil_moisture": null, "solar_exposure": null, "wind_exposure": null, "water_retention": null, "slope": null, "aspect": null, "num_identification_agreements": 1, "cluster": 0, "tavg": null, "tmin": 5.6, "tmax": 17.8, "prcp_d0": 0.0, "prcp_d1": 0.0, "prcp_d2": 0.0, "prcp_d3": 0.0, "prcp_d4": 0.0, "prcp_d5": 0.0, "prcp_d6": 0.0, "tmax_d0": 14.5, "tmax_d1": 13.5, "tmax_d2": 14.4, "tmax_d3": 13.5, "tmax_d4": 17.8, "tmax_d5": 18.4, "tmax_d6": 17.9, "tmin_d0": 6.5, "tmin_d1": 4.6, "tmin_d2": 3.6, "tmin_d3": 7.2, "tmin_d4": 9.0, "tmin_d5": 9.3, "tmin_d6": 7.6, "day_of_year": 282, "uuid": "8661b043-dcb8-4f11-80a7-de1e87734c88", "inat_id": 258533204}}, {"type": "Feature", "geometry": {"type": "Point", "coordinates": [-121.6749027013, 45.2178041477]}, "properties": {"species": "Turbinellus floccosus", "date": "2021-10-09", "location": "Oregon, US", "elevation": 1502.0, "land_cover_label": "Tree cover", "water_mask": false, "exclude_reason": "keep", "ndvi": null, "soil_moisture": null, "solar_exposure": null, "wind_exposure": null, "water_retention": null, "slope": null, "aspect": null, "num_identification_agreements": 1, "cluster": 0, "tavg": null, "tmin": null, "tmax": null, "prcp_d0": 0.0, "prcp_d1": 0.0, "prcp_d2": 0.0, "prcp_d3": 23.447328567504883, "prcp_d4": 35.55406951904297, "prcp_d5": 0.0, "prcp_d6": 0.0, "tmax_d0": null, "tmax_d1": null, "tmax_d2": null, "tmax_d3": null, "tmax_d4": null, "tmax_d5": null, "tmax_d6": null, "tmin_d0": null, "tmin_d1": null, "tmin_d2": null, "tmin_d3": null, "tmin_d4": null, "tmin_d5": null, "tmin_d6": null, "day_of_year": 282, "uuid": "4946e5c2-a871-4d07-9f2a-45e67f162a36", "inat_id": 97724358}}, {"type": "Feature", "geometry": {"type": "Point", "coordinates": [-121.7583427429, 45.3335902267]}, "properties": {"species": "Turbinellus floccosus", "date": "2021-10-10", "location": "Mt. Hood Park Division Recreation Area, Government Camp, OR, US", "elevation": 1413.0, "land_cover_label": "Tree cover", "water_mask": false, "exclude_reason": "keep", "ndvi": null, "soil_moisture": null, "solar_exposure": null, "wind_exposure": null, "water_retention": null, "slope": null, "aspect": null, "num_identification_agreements": 1, "cluster": 2, "tavg": null, "tmin": null, "tmax": null, "prcp_d0": 0.0, "prcp_d1": 0.0, "prcp_d2": 0.0, "prcp_d3": 0.0, "prcp_d4": 0.0, "prcp_d5": 36.799442291259766, "prcp_d6": 0.0, "tmax_d0": null, "tmax_d1": null, "tmax_d2": null, "tmax_d3": null, "tmax_d4": null, "tmax_d5": null, "tmax_d6": null, "tmin_d0": null, "tmin_d1": null, "tmin_d2": null, "tmin_d3": null, "tmin_d4": null, "tmin_d5": null, "tmin_d6": null, "day_of_year": 283, "uuid": "965018e6-baa4-4f04-bbb0-92d77ce42be3", "inat_id": 97856858}}, {"type": "Feature", "geometry": {"type": "Point", "coordinates": [-121.727525, 45.2882694444]}, "properties": {"species": "Turbinellus floccosus", "date": "2021-10-13", "location": "TIMBRLINE LDG, OR 97028, USA", "elevation": 1194.0, "land_cover_label": "Tree cover", "water_mask": false, "exclude_reason": "keep", "ndvi": null, "soil_moisture": null, "solar_exposure": null, "wind_exposure": null, "water_retention": null, "slope": null, "aspect": null, "num_identification_agreements": 1, "cluster": 0, "tavg": null, "tmin": null, "tmax": null, "prcp_d0": 0.0, "prcp_d1": 0.0, "prcp_d2": 0.0, "prcp_d3": 0.0, "prcp_d4": 0.0, "prcp_d5": 0.0, "prcp_d6": 0.0, "tmax_d0": null, "tmax_d1": null, "tmax_d2": null, "tmax_d3": null, "tmax_d4": null, "tmax_d5": null, "tmax_d6": null, "tmin_d0": null, "tmin_d1": null, "tmin_d2": null, "tmin_d3": null, "tmin_d4": null, "tmin_d5": null, "tmin_d6": null, "day_of_year": 286, "uuid": "9843a3e3-ef38-43c5-a4f5-7b1d7783ea64", "inat_id": 98169643}}, {"type": "Feature", "geometry": {"type": "Point", "coordinates": [-121.9673986753, 45.3845158116]}, "properties": {"species": "Turbinellus floccosus", "date": "2021-10-15", "location": "Clackamas County, US-OR, US", "elevation": 1038.0, "land_cover_label": "Tree cover", "water_mask": false, "exclude_reason": "keep", "ndvi": null, "soil_moisture": null, "solar_exposure": null, "wind_exposure": null, "water_retention": null, "slope": null, "aspect": null, "num_identification_agreements": 3, "cluster": 0, "tavg": null, "tmin": 7.8, "tmax": 18.9, "prcp_d0": 0.0, "prcp_d1": 0.0, "prcp_d2": 0.0, "prcp_d3": 0.0, "prcp_d4": 0.0, "prcp_d5": 0.0, "prcp_d6": 0.0, "tmax_d0": null, "tmax_d1": null, "tmax_d2": null, "tmax_d3": null, "tmax_d4": null, "tmax_d5": null, "tmax_d6": null, "tmin_d0": null, "tmin_d1": null, "tmin_d2": null, "tmin_d3": null, "tmin_d4": null, "tmin_d5": null, "tmin_d6": null, "day_of_year": 288, "uuid": "e4457c86-7566-47ea-a759-afcfe218a928", "inat_id": 98374780}}, {"type": "Feature", "geometry": {"type": "Point", "coordinates": [-121.7689745498, 45.2348491587]}, "properties": {"species": "Turbinellus floccosus", "date": "2021-10-16", "location": "Oregon, US", "elevation": 1115.0, "land_cover_label": "Tree cover", "water_mask": false, "exclude_reason": "keep", "ndvi": null, "soil_moisture": null, "solar_exposure": null, "wind_exposure": null, "water_retention": null, "slope": null, "aspect": null, "num_identification_agreements": 1, "cluster": 0, "tavg": null, "tmin": null, "tmax": null, "prcp_d0": 0.0, "prcp_d1": 0.0, "prcp_d2": 0.0, "prcp_d3": 0.0, "prcp_d4": 0.0, "prcp_d5": 0.0, "prcp_d6": 0.0, "tmax_d0": null, "tmax_d1": null, "tmax_d2": null, "tmax_d3": null, "tmax_d4": null, "tmax_d5": null, "tmax_d6": null, "tmin_d0": null, "tmin_d1": null, "tmin_d2": null, "tmin_d3": null, "tmin_d4": null, "tmin_d5": null, "tmin_d6": null, "day_of_year": 289, "uuid": "7cb85e73-184d-498d-a1f4-c4f40fc7f823", "inat_id": 98429913}}, {"type": "Feature", "geometry": {"type": "Point", "coordinates": [-122.2195030376, 45.5972848997]}, "properties": {"species": "Turbinellus floccosus", "date": "2021-10-16", "location": "Washougal, WA 98671, USA", "elevation": 243.0, "land_cover_label": "Tree cover", "water_mask": false, "exclude_reason": "keep", "ndvi": null, "soil_moisture": null, "solar_exposure": null, "wind_exposure": null, "water_retention": null, "slope": null, "aspect": null, "num_identification_agreements": 1, "cluster": 0, "tavg": null, "tmin": 7.2, "tmax": 20.6, "prcp_d0": 0.0, "prcp_d1": 0.0, "prcp_d2": 0.0, "prcp_d3": 0.0, "prcp_d4": 0.0, "prcp_d5": 0.0, "prcp_d6": 0.0, "tmax_d0": null, "tmax_d1": null, "tmax_d2": null, "tmax_d3": null, "tmax_d4": null, "tmax_d5": null, "tmax_d6": null, "tmin_d0": null, "tmin_d1": null, "tmin_d2": null, "tmin_d3": null, "tmin_d4": null, "tmin_d5": null, "tmin_d6": null, "day_of_year": 289, "uuid": "3712418f-4049-4366-9475-56f70ebc026a", "inat_id": 98634494}}, {"type": "Feature", "geometry": {"type": "Point", "coordinates": [-122.0906611117, 45.5300972217]}, "properties": {"species": "Turbinellus floccosus", "date": "2021-10-17", "location": "Larch Mountain, OR, USA", "elevation": 1212.0, "land_cover_label": "Tree cover", "water_mask": false, "exclude_reason": "keep", "ndvi": null, "soil_moisture": null, "solar_exposure": null, "wind_exposure": null, "water_retention": null, "slope": null, "aspect": null, "num_identification_agreements": 1, "cluster": 0, "tavg": null, "tmin": 7.8, "tmax": 17.2, "prcp_d0": 24.593446731567383, "prcp_d1": 0.0, "prcp_d2": 0.0, "prcp_d3": 0.0, "prcp_d4": 0.0, "prcp_d5": 0.0, "prcp_d6": 0.0, "tmax_d0": null, "tmax_d1": null, "tmax_d2": null, "tmax_d3": null, "tmax_d4": null, "tmax_d5": null, "tmax_d6": null, "tmin_d0": null, "tmin_d1": null, "tmin_d2": null, "tmin_d3": null, "tmin_d4": null, "tmin_d5": null, "tmin_d6": null, "day_of_year": 290, "uuid": "7380e326-6ac1-4bfc-9c44-fbf6d32595f6", "inat_id": 98578511}}, {"type": "Feature", "geometry": {"type": "Point", "coordinates": [-121.7956466667, 45.1098138333]}, "properties": {"species": "Turbinellus floccosus", "date": "2021-10-17", "location": "Zigzag Ranger Station, Estacada, OR, US", "elevation": 995.0, "land_cover_label": "Tree cover", "water_mask": false, "exclude_reason": "keep", "ndvi": null, "soil_moisture": null, "solar_exposure": null, "wind_exposure": null, "water_retention": null, "slope": null, "aspect": null, "num_identification_agreements": 1, "cluster": 0, "tavg": null, "tmin": null, "tmax": null, "prcp_d0": 12.051434516906738, "prcp_d1": 0.0, "prcp_d2": 0.0, "prcp_d3": 0.0, "prcp_d4": 0.0, "prcp_d5": 0.0, "prcp_d6": 0.0, "tmax_d0": 16.5, "tmax_d1": 19.3, "tmax_d2": 14.8, "tmax_d3": 7.5, "tmax_d4": 7.5, "tmax_d5": 8.6, "tmax_d6": 5.5, "tmin_d0": 5.4, "tmin_d1": 4.6, "tmin_d2": 0.6, "tmin_d3": 1.8, "tmin_d4": 0.2, "tmin_d5": -2.7, "tmin_d6": 0.9, "day_of_year": 290, "uuid": "1fe376d2-6a48-45b6-9fcd-1b5a4ec5d403", "inat_id": 98637840}}, {"type": "Feature", "geometry": {"type": "Point", "coordinates": [-121.7716611111, 45.4383111111]}, "properties": {"species": "Turbinellus floccosus", "date": "2021-10-21", "location": "Hood River County, OR, USA", "elevation": 838.0, "land_cover_label": "Tree cover", "water_mask": false, "exclude_reason": "keep", "ndvi": null, "soil_moisture": null, "solar_exposure": null, "wind_exposure": null, "water_retention": null, "slope": null, "aspect": null, "num_identification_agreements": 3, "cluster": 1, "tavg": null, "tmin": null, "tmax": null, "prcp_d0": 28.67071533203125, "prcp_d1": 12.185617446899414, "prcp_d2": 0.0, "prcp_d3": 0.0, "prcp_d4": 12.185617446899414, "prcp_d5": 0.0, "prcp_d6": 0.0, "tmax_d0": 15.5, "tmax_d1": 11.9, "tmax_d2": 14.3, "tmax_d3": 10.4, "tmax_d4": 15.5, "tmax_d5": 17.9, "tmax_d6": 14.3, "tmin_d0": 4.3, "tmin_d1": 6.3, "tmin_d2": 1.7, "tmin_d3": 4.7, "tmin_d4": 6.0, "tmin_d5": 4.8, "tmin_d6": 1.0, "day_of_year": 294, "uuid": "e7315143-aa63-48af-81bc-44d6f3c8fc76", "inat_id": 334575619}}, {"type": "Feature", "geometry": {"type": "Point", "coordinates": [-121.7514669523, 45.2501174393]}, "properties": {"species": "Turbinellus floccosus", "date": "2021-10-23", "location": "Mt Hood National Forest", "elevation": 1107.0, "land_cover_label": "Tree cover", "water_mask": false, "exclude_reason": "keep", "ndvi": null, "soil_moisture": null, "solar_exposure": null, "wind_exposure": null, "water_retention": null, "slope": null, "aspect": null, "num_identification_agreements": 1, "cluster": 0, "tavg": null, "tmin": null, "tmax": null, "prcp_d0": 0.0, "prcp_d1": 0.0, "prcp_d2": 17.30405616760254, "prcp_d3": 5.789770126342773, "prcp_d4": 0.0, "prcp_d5": 0.0, "prcp_d6": 17.36931037902832, "tmax_d0": 6.6, "tmax_d1": 11.7, "tmax_d2": 14.0, "tmax_d3": 10.1, "tmax_d4": 11.4, "tmax_d5": 9.3, "tmax_d6": 15.7, "tmin_d0": 2.8, "tmin_d1": 3.3, "tmin_d2": 5.4, "tmin_d3": 4.9, "tmin_d4": 2.4, "tmin_d5": 3.3, "tmin_d6": 8.6, "day_of_year": 296, "uuid": "0b4fcfb4-9166-4201-91b4-df6b4ffdb88b", "inat_id": 99138409}}, {"type": "Feature", "geometry": {"type": "Point", "coordinates": [-122.0993278333, 45.54243]}, "properties": {"species": "Turbinellus floccosus", "date": "2021-10-25", "location": "Zigzag Ranger Station, Corbett, OR, US", "elevation": 1021.0, "land_cover_label": "Tree cover", "water_mask": false, "exclude_reason": "keep", "ndvi": null, "soil_moisture": null, "solar_exposure": null, "wind_exposure": null, "water_retention": null, "slope": null, "aspect": null, "num_identification_agreements": 1, "cluster": 1, "tavg": null, "tmin": 11.7, "tmax": 15.6, "prcp_d0": 0.0, "prcp_d1": 80.85459899902344, "prcp_d2": 0.0, "prcp_d3": 40.42729949951172, "prcp_d4": 0.0, "prcp_d5": 8.19781494140625, "prcp_d6": 0.0, "tmax_d0": 7.4, "tmax_d1": 8.6, "tmax_d2": 6.8, "tmax_d3": 12.0, "tmax_d4": 15.2, "tmax_d5": 11.2, "tmax_d6": 13.7, "tmin_d0": 3.3, "tmin_d1": 3.7, "tmin_d2": 1.5, "tmin_d3": 4.0, "tmin_d4": 3.6, "tmin_d5": 4.8, "tmin_d6": -1.3, "day_of_year": 298, "uuid": "f4f7b43c-409d-436a-b0af-d74888e07163", "inat_id": 99427188}}, {"type": "Feature", "geometry": {"type": "Point", "coordinates": [-121.6455758211, 44.5303803961]}, "properties": {"species": "Turbinellus floccosus", "date": "2021-10-29", "location": "Oregon, US", "elevation": 1009.0, "land_cover_label": "Tree cover", "water_mask": false, "exclude_reason": "keep", "ndvi": null, "soil_moisture": null, "solar_exposure": null, "wind_exposure": null, "water_retention": null, "slope": null, "aspect": null, "num_identification_agreements": 3, "cluster": 2, "tavg": null, "tmin": 1.0, "tmax": 16.0, "prcp_d0": 0.0, "prcp_d1": 0.0, "prcp_d2": 0.0, "prcp_d3": 0.0, "prcp_d4": 0.0, "prcp_d5": 33.47003555297852, "prcp_d6": 0.0, "tmax_d0": 14.4, "tmax_d1": 15.4, "tmax_d2": 8.9, "tmax_d3": 8.4, "tmax_d4": 8.9, "tmax_d5": 10.0, "tmax_d6": 9.7, "tmin_d0": 8.5, "tmin_d1": 6.3, "tmin_d2": 5.7, "tmin_d3": 3.3, "tmin_d4": 0.3, "tmin_d5": 4.2, "tmin_d6": 4.1, "day_of_year": 302, "uuid": "cd550b6d-9340-4b87-8930-14b4d8d1e5cc", "inat_id": 99753722}}, {"type": "Feature", "geometry": {"type": "Point", "coordinates": [-121.73713, 45.2695583333]}, "properties": {"species": "Turbinellus floccosus", "date": "2021-10-31", "location": "Trillium Lake Campground, Government Camp, OR, US", "elevation": 1112.0, "land_cover_label": "Tree cover", "water_mask": false, "exclude_reason": "keep", "ndvi": null, "soil_moisture": null, "solar_exposure": null, "wind_exposure": null, "water_retention": null, "slope": null, "aspect": null, "num_identification_agreements": 1, "cluster": 0, "tavg": null, "tmin": null, "tmax": null, "prcp_d0": 0.0, "prcp_d1": 0.0, "prcp_d2": 0.0, "prcp_d3": 0.0, "prcp_d4": 0.0, "prcp_d5": 0.0, "prcp_d6": 0.0, "tmax_d0": 5.9, "tmax_d1": 5.4, "tmax_d2": 11.7, "tmax_d3": 12.3, "tmax_d4": 5.6, "tmax_d5": 5.4, "tmax_d6": 7.0, "tmin_d0": -0.1, "tmin_d1": 0.1, "tmin_d2": 3.8, "tmin_d3": 4.7, "tmin_d4": 3.5, "tmin_d5": 2.4, "tmin_d6": 2.1, "day_of_year": 304, "uuid": "2346b851-b60e-43f2-ba67-4afe06563da8", "inat_id": 100123123}}, {"type": "Feature", "geometry": {"type": "Point", "coordinates": [-121.8799583333, 45.3255166667]}, "properties": {"species": "Turbinellus floccosus", "date": "2021-11-16", "location": "Mt. Hood Park Division Recreation Area, Rhododendron, OR, US", "elevation": 948.0, "land_cover_label": "Tree cover", "water_mask": false, "exclude_reason": "keep", "ndvi": null, "soil_moisture": null, "solar_exposure": null, "wind_exposure": null, "water_retention": null, "slope": null, "aspect": null, "num_identification_agreements": 1, "cluster": 2, "tavg": null, "tmin": 3.3, "tmax": 11.1, "prcp_d0": 0.0, "prcp_d1": 34.59511947631836, "prcp_d2": 0.0, "prcp_d3": 0.0, "prcp_d4": 51.89268112182617, "prcp_d5": 17.29755973815918, "prcp_d6": 0.0, "tmax_d0": 4.2, "tmax_d1": 11.5, "tmax_d2": 11.8, "tmax_d3": 13.9, "tmax_d4": 11.8, "tmax_d5": 10.5, "tmax_d6": 6.5, "tmin_d0": -1.0, "tmin_d1": 4.5, "tmin_d2": 8.9, "tmin_d3": 6.0, "tmin_d4": 8.6, "tmin_d5": 3.2, "tmin_d6": 0.6, "day_of_year": 320, "uuid": "6ff7978e-e213-40b1-876d-88d3ac122253", "inat_id": 103201100}}, {"type": "Feature", "geometry": {"type": "Point", "coordinates": [-105.5681533333, 38.0762471667]}, "properties": {"species": "Turbinellus floccosus", "date": "2022-07-30", "location": "Pike and San Isabel National Forests, Westcliffe, CO, US", "elevation": 2852.0, "land_cover_label": "Tree cover", "water_mask": false, "exclude_reason": "keep", "ndvi": null, "soil_moisture": null, "solar_exposure": null, "wind_exposure": null, "water_retention": null, "slope": null, "aspect": null, "num_identification_agreements": 1, "cluster": 0, "tavg": null, "tmin": null, "tmax": null, "prcp_d0": 0.0, "prcp_d1": 0.0, "prcp_d2": 22.829599380493164, "prcp_d3": 0.0, "prcp_d4": 0.0, "prcp_d5": 0.0, "prcp_d6": 5.112401485443115, "tmax_d0": null, "tmax_d1": null, "tmax_d2": null, "tmax_d3": null, "tmax_d4": null, "tmax_d5": null, "tmax_d6": null, "tmin_d0": null, "tmin_d1": null, "tmin_d2": null, "tmin_d3": null, "tmin_d4": null, "tmin_d5": null, "tmin_d6": null, "day_of_year": 211, "uuid": "7b6d734e-a847-464e-9d36-9ce432e23178", "inat_id": 128900882}}, {"type": "Feature", "geometry": {"type": "Point", "coordinates": [-105.1497945, 36.6031383425]}, "properties": {"species": "Turbinellus floccosus", "date": "2022-08-07", "location": "Cimarron, NM, US", "elevation": 2539.0, "land_cover_label": "Tree cover", "water_mask": false, "exclude_reason": "keep", "ndvi": null, "soil_moisture": null, "solar_exposure": null, "wind_exposure": null, "water_retention": null, "slope": null, "aspect": null, "num_identification_agreements": 1, "cluster": 0, "tavg": null, "tmin": 5.0, "tmax": 23.0, "prcp_d0": 5.445727348327637, "prcp_d1": 5.445727348327637, "prcp_d2": 10.491716384887695, "prcp_d3": 6.99447774887085, "prcp_d4": 6.99447774887085, "prcp_d5": 3.497238874435425, "prcp_d6": 3.497238874435425, "tmax_d0": null, "tmax_d1": null, "tmax_d2": null, "tmax_d3": null, "tmax_d4": null, "tmax_d5": null, "tmax_d6": null, "tmin_d0": null, "tmin_d1": null, "tmin_d2": null, "tmin_d3": null, "tmin_d4": null, "tmin_d5": null, "tmin_d6": null, "day_of_year": 219, "uuid": "a562a354-4dc2-4624-b6ff-eaef72619858", "inat_id": 130060504}}, {"type": "Feature", "geometry": {"type": "Point", "coordinates": [-105.4577033333, 36.59787]}, "properties": {"species": "Turbinellus floccosus", "date": "2022-08-22", "location": "Carson National Forest, Taos, NM, US", "elevation": 2843.0, "land_cover_label": "Tree cover", "water_mask": false, "exclude_reason": "keep", "ndvi": null, "soil_moisture": null, "solar_exposure": null, "wind_exposure": null, "water_retention": null, "slope": null, "aspect": null, "num_identification_agreements": 1, "cluster": 2, "tavg": null, "tmin": 8.0, "tmax": 18.2, "prcp_d0": 0.0, "prcp_d1": 0.0, "prcp_d2": 0.0, "prcp_d3": 0.0, "prcp_d4": 0.0, "prcp_d5": 33.932491302490234, "prcp_d6": 0.0, "tmax_d0": null, "tmax_d1": null, "tmax_d2": null, "tmax_d3": null, "tmax_d4": null, "tmax_d5": null, "tmax_d6": null, "tmin_d0": null, "tmin_d1": null, "tmin_d2": null, "tmin_d3": null, "tmin_d4": null, "tmin_d5": null, "tmin_d6": null, "day_of_year": 234, "uuid": "12d2b289-6364-4c8a-ae9b-22db6d8e47a5", "inat_id": 131946759}}, {"type": "Feature", "geometry": {"type": "Point", "coordinates": [-121.7673492432, 45.1403770447]}, "properties": {"species": "Turbinellus floccosus", "date": "2022-09-15", "location": "Clackamas County, US-OR, US", "elevation": 986.0, "land_cover_label": "Tree cover", "water_mask": false, "exclude_reason": "keep", "ndvi": null, "soil_moisture": null, "solar_exposure": null, "wind_exposure": null, "water_retention": null, "slope": null, "aspect": null, "num_identification_agreements": 1, "cluster": 0, "tavg": null, "tmin": null, "tmax": null, "prcp_d0": 0.0, "prcp_d1": 0.0, "prcp_d2": 0.0, "prcp_d3": 10.892568588256836, "prcp_d4": 0.0, "prcp_d5": 0.0, "prcp_d6": 0.0, "tmax_d0": 18.2, "tmax_d1": 19.5, "tmax_d2": 21.1, "tmax_d3": 25.2, "tmax_d4": 30.4, "tmax_d5": 25.9, "tmax_d6": 23.0, "tmin_d0": 7.9, "tmin_d1": 9.2, "tmin_d2": 11.3, "tmin_d3": 12.3, "tmin_d4": 13.0, "tmin_d5": 12.9, "tmin_d6": 12.2, "day_of_year": 258, "uuid": "4d8a48c1-29c1-42a8-be6e-40f8da579aaf", "inat_id": 135463274}}, {"type": "Feature", "geometry": {"type": "Point", "coordinates": [-121.9956133333, 45.318055]}, "properties": {"species": "Turbinellus floccosus", "date": "2022-09-25", "location": "Salmon-Huckleberry Wilderness, Estacada, OR, US", "elevation": 1165.0, "land_cover_label": "Tree cover", "water_mask": false, "exclude_reason": "keep", "ndvi": null, "soil_moisture": null, "solar_exposure": null, "wind_exposure": null, "water_retention": null, "slope": null, "aspect": null, "num_identification_agreements": 1, "cluster": 0, "tavg": null, "tmin": 10.0, "tmax": 31.7, "prcp_d0": 0.0, "prcp_d1": 0.0, "prcp_d2": 0.0, "prcp_d3": 0.0, "prcp_d4": 0.0, "prcp_d5": 0.0, "prcp_d6": 0.0, "tmax_d0": 24.9, "tmax_d1": 21.3, "tmax_d2": 17.2, "tmax_d3": 13.3, "tmax_d4": 19.8, "tmax_d5": 20.6, "tmax_d6": 21.0, "tmin_d0": 8.5, "tmin_d1": 6.0, "tmin_d2": 3.9, "tmin_d3": 8.5, "tmin_d4": 5.4, "tmin_d5": 8.5, "tmin_d6": 4.8, "day_of_year": 268, "uuid": "36757b17-47c8-4fc4-8ab8-224d3d4945d7", "inat_id": 136514116}}, {"type": "Feature", "geometry": {"type": "Point", "coordinates": [-121.7798083333, 44.5785883333]}, "properties": {"species": "Turbinellus floccosus", "date": "2022-09-25", "location": "Deschutes National Forest, Camp Sherman, OR, US", "elevation": 1649.0, "land_cover_label": "Tree cover", "water_mask": false, "exclude_reason": "keep", "ndvi": null, "soil_moisture": null, "solar_exposure": null, "wind_exposure": null, "water_retention": null, "slope": null, "aspect": null, "num_identification_agreements": 1, "cluster": 0, "tavg": null, "tmin": null, "tmax": null, "prcp_d0": 0.0, "prcp_d1": 0.0, "prcp_d2": 0.0, "prcp_d3": 10.027029037475586, "prcp_d4": 10.027029037475586, "prcp_d5": 0.0, "prcp_d6": 0.0, "tmax_d0": 21.3, "tmax_d1": 22.1, "tmax_d2": 18.3, "tmax_d3": 12.0, "tmax_d4": 12.6, "tmax_d5": 16.1, "tmax_d6": 17.6, "tmin_d0": 5.3, "tmin_d1": 5.6, "tmin_d2": 1.2, "tmin_d3": 5.7, "tmin_d4": 4.8, "tmin_d5": 6.4, "tmin_d6": 3.7, "day_of_year": 268, "uuid": "42f45e24-9fc8-4a9e-8acd-2d77fffe63c1", "inat_id": 136566455}}, {"type": "Feature", "geometry": {"type": "Point", "coordinates": [-121.5794175458, 45.323482798]}, "properties": {"species": "Turbinellus floccosus", "date": "2022-10-01", "location": "Hood River County, OR, USA", "elevation": 1151.0, "land_cover_label": "Tree cover", "water_mask": false, "exclude_reason": "keep", "ndvi": null, "soil_moisture": null, "solar_exposure": null, "wind_exposure": null, "water_retention": null, "slope": null, "aspect": null, "num_identification_agreements": 2, "cluster": 0, "tavg": null, "tmin": 11.2, "tmax": 23.6, "prcp_d0": 0.0, "prcp_d1": 0.7559247016906738, "prcp_d2": 11.59299659729004, "prcp_d3": 0.2527265846729278, "prcp_d4": 0.0, "prcp_d5": 0.0, "prcp_d6": 0.0, "tmax_d0": 17.1, "tmax_d1": 17.8, "tmax_d2": 14.9, "tmax_d3": 23.5, "tmax_d4": 25.9, "tmax_d5": 24.2, "tmax_d6": 22.3, "tmin_d0": 9.2, "tmin_d1": 6.4, "tmin_d2": 8.7, "tmin_d3": 11.5, "tmin_d4": 14.3, "tmin_d5": 12.1, "tmin_d6": 11.0, "day_of_year": 274, "uuid": "06256074-74bb-48ce-b495-f0b13f3ba30c", "inat_id": 137270871}}, {"type": "Feature", "geometry": {"type": "Point", "coordinates": [-121.6960366667, 45.1880533333]}, "properties": {"species": "Turbinellus floccosus", "date": "2022-10-01", "location": "Forest Service U.S. Department of Agriculture, Maupin, OR, US", "elevation": 1091.0, "land_cover_label": "Tree cover", "water_mask": false, "exclude_reason": "keep", "ndvi": null, "soil_moisture": null, "solar_exposure": null, "wind_exposure": null, "water_retention": null, "slope": null, "aspect": null, "num_identification_agreements": 1, "cluster": 0, "tavg": null, "tmin": null, "tmax": null, "prcp_d0": 0.0, "prcp_d1": 1.1401127576828003, "prcp_d2": 17.327783584594727, "prcp_d3": 0.3925066590309143, "prcp_d4": 5.352588345886033e-07, "prcp_d5": 0.0, "prcp_d6": 0.0, "tmax_d0": 17.7, "tmax_d1": 18.8, "tmax_d2": 14.4, "tmax_d3": 21.5, "tmax_d4": 25.6, "tmax_d5": 25.0, "tmax_d6": 22.6, "tmin_d0": 9.9, "tmin_d1": 6.2, "tmin_d2": 8.8, "tmin_d3": 10.9, "tmin_d4": 12.0, "tmin_d5": 13.9, "tmin_d6": 12.4, "day_of_year": 274, "uuid": "e42d6ccf-2911-4745-82c3-adbb3b86b52c", "inat_id": 137234555}}, {"type": "Feature", "geometry": {"type": "Point", "coordinates": [-121.743139374, 45.2698527393]}, "properties": {"species": "Turbinellus floccosus", "date": "2022-10-02", "location": "Clackamas County, OR, USA", "elevation": 1127.0, "land_cover_label": "Tree cover", "water_mask": false, "exclude_reason": "keep", "ndvi": null, "soil_moisture": null, "solar_exposure": null, "wind_exposure": null, "water_retention": null, "slope": null, "aspect": null, "num_identification_agreements": 2, "cluster": 0, "tavg": null, "tmin": 12.6, "tmax": 25.8, "prcp_d0": 0.0, "prcp_d1": 0.0, "prcp_d2": 1.548515796661377, "prcp_d3": 22.6176815032959, "prcp_d4": 0.5394964814186096, "prcp_d5": 0.0, "prcp_d6": 0.0, "tmax_d0": 20.3, "tmax_d1": 17.8, "tmax_d2": 18.8, "tmax_d3": 13.8, "tmax_d4": 20.3, "tmax_d5": 24.8, "tmax_d6": 25.5, "tmin_d0": 11.5, "tmin_d1": 9.9, "tmin_d2": 5.6, "tmin_d3": 8.5, "tmin_d4": 10.2, "tmin_d5": 13.5, "tmin_d6": 14.8, "day_of_year": 275, "uuid": "1e4dc3ec-704e-4859-aa36-b68675ccd6be", "inat_id": 137373596}}, {"type": "Feature", "geometry": {"type": "Point", "coordinates": [-121.6797751, 45.282448]}, "properties": {"species": "Turbinellus floccosus", "date": "2022-10-02", "location": "MT HOOD PRKDL, OR 97041, USA", "elevation": 1228.0, "land_cover_label": "Tree cover", "water_mask": false, "exclude_reason": "keep", "ndvi": null, "soil_moisture": null, "solar_exposure": null, "wind_exposure": null, "water_retention": null, "slope": null, "aspect": null, "num_identification_agreements": 1, "cluster": 0, "tavg": null, "tmin": 12.6, "tmax": 25.8, "prcp_d0": 0.0, "prcp_d1": 0.0, "prcp_d2": 1.341011881828308, "prcp_d3": 19.95478248596192, "prcp_d4": 0.462457537651062, "prcp_d5": 0.0, "prcp_d6": 0.0, "tmax_d0": 19.7, "tmax_d1": 17.2, "tmax_d2": 18.2, "tmax_d3": 13.2, "tmax_d4": 19.7, "tmax_d5": 24.2, "tmax_d6": 24.9, "tmin_d0": 10.9, "tmin_d1": 9.3, "tmin_d2": 5.0, "tmin_d3": 7.9, "tmin_d4": 9.6, "tmin_d5": 12.9, "tmin_d6": 14.2, "day_of_year": 275, "uuid": "d97ad8d2-2200-4f00-9d06-b9424c093cc3", "inat_id": 139842417}}, {"type": "Feature", "geometry": {"type": "Point", "coordinates": [-121.581975, 45.3269055556]}, "properties": {"species": "Turbinellus floccosus", "date": "2022-10-08", "location": "MT HOOD PRKDL, OR 97041, USA", "elevation": 1168.0, "land_cover_label": "Tree cover", "water_mask": false, "exclude_reason": "keep", "ndvi": null, "soil_moisture": null, "solar_exposure": null, "wind_exposure": null, "water_retention": null, "slope": null, "aspect": null, "num_identification_agreements": 1, "cluster": 0, "tavg": null, "tmin": 12.7, "tmax": 26.1, "prcp_d0": 0.0, "prcp_d1": 0.0, "prcp_d2": 0.0, "prcp_d3": 0.0, "prcp_d4": 0.0, "prcp_d5": 0.0, "prcp_d6": 0.0, "tmax_d0": 21.2, "tmax_d1": 21.4, "tmax_d2": 22.0, "tmax_d3": 23.1, "tmax_d4": 22.4, "tmax_d5": 21.4, "tmax_d6": 19.5, "tmin_d0": 10.3, "tmin_d1": 10.9, "tmin_d2": 10.4, "tmin_d3": 12.9, "tmin_d4": 11.1, "tmin_d5": 9.7, "tmin_d6": 8.3, "day_of_year": 281, "uuid": "7cb3e34a-62a0-42b9-a6b6-6e4e1c33229b", "inat_id": 138033337}}, {"type": "Feature", "geometry": {"type": "Point", "coordinates": [-121.8581409778, 44.5661980096]}, "properties": {"species": "Turbinellus floccosus", "date": "2022-10-08", "location": "Oregon, US", "elevation": 1398.0, "land_cover_label": "Tree cover", "water_mask": false, "exclude_reason": "keep", "ndvi": null, "soil_moisture": null, "solar_exposure": null, "wind_exposure": null, "water_retention": null, "slope": null, "aspect": null, "num_identification_agreements": 1, "cluster": 0, "tavg": null, "tmin": null, "tmax": null, "prcp_d0": 0.0, "prcp_d1": 0.0, "prcp_d2": 0.0, "prcp_d3": 0.0, "prcp_d4": 0.0, "prcp_d5": 0.0, "prcp_d6": 0.0, "tmax_d0": 21.2, "tmax_d1": 21.8, "tmax_d2": 22.5, "tmax_d3": 23.9, "tmax_d4": 23.3, "tmax_d5": 22.7, "tmax_d6": 20.0, "tmin_d0": 7.0, "tmin_d1": 8.2, "tmin_d2": 8.7, "tmin_d3": 8.9, "tmin_d4": 7.8, "tmin_d5": 7.3, "tmin_d6": 6.6, "day_of_year": 281, "uuid": "0841b2e7-ec14-4aab-99e2-0ee31efc321a", "inat_id": 138330461}}, {"type": "Feature", "geometry": {"type": "Point", "coordinates": [-122.0249111667, 45.220245]}, "properties": {"species": "Turbinellus floccosus", "date": "2022-10-09", "location": "Forest Service U.S. Department of Agriculture, Estacada, OR, US", "elevation": 1097.0, "land_cover_label": "Tree cover", "water_mask": false, "exclude_reason": "keep", "ndvi": null, "soil_moisture": null, "solar_exposure": null, "wind_exposure": null, "water_retention": null, "slope": null, "aspect": null, "num_identification_agreements": 2, "cluster": 0, "tavg": null, "tmin": 10.0, "tmax": 29.4, "prcp_d0": 0.0, "prcp_d1": 0.0, "prcp_d2": 0.0, "prcp_d3": 0.0, "prcp_d4": 0.0, "prcp_d5": 0.0, "prcp_d6": 0.0, "tmax_d0": 23.9, "tmax_d1": 24.2, "tmax_d2": 24.3, "tmax_d3": 24.6, "tmax_d4": 20.2, "tmax_d5": 21.9, "tmax_d6": 24.0, "tmin_d0": 9.7, "tmin_d1": 11.0, "tmin_d2": 13.5, "tmin_d3": 10.5, "tmin_d4": 6.8, "tmin_d5": 6.6, "tmin_d6": 9.2, "day_of_year": 282, "uuid": "298763fb-72d5-40d0-97ae-fdaa94a5ec25", "inat_id": 138230954}}, {"type": "Feature", "geometry": {"type": "Point", "coordinates": [-121.8778610043, 45.1860025455]}, "properties": {"species": "Turbinellus floccosus", "date": "2022-10-23", "location": "Clackamas County, OR, USA", "elevation": 1200.0, "land_cover_label": "Tree cover", "water_mask": false, "exclude_reason": "keep", "ndvi": null, "soil_moisture": null, "solar_exposure": null, "wind_exposure": null, "water_retention": null, "slope": null, "aspect": null, "num_identification_agreements": 2, "cluster": 1, "tavg": null, "tmin": null, "tmax": null, "prcp_d0": 0.0, "prcp_d1": 0.0, "prcp_d2": 38.52290725708008, "prcp_d3": 0.0, "prcp_d4": 0.0, "prcp_d5": 0.0, "prcp_d6": 0.0, "tmax_d0": 5.1, "tmax_d1": 6.6, "tmax_d2": 12.6, "tmax_d3": 21.8, "tmax_d4": 24.0, "tmax_d5": 22.5, "tmax_d6": 21.1, "tmin_d0": 0.3, "tmin_d1": 1.2, "tmin_d2": 3.3, "tmin_d3": 10.6, "tmin_d4": 7.5, "tmin_d5": 5.3, "tmin_d6": 7.9, "day_of_year": 296, "uuid": "3ccf7181-0d2a-4f13-80d4-166a3a662aa4", "inat_id": 140033547}}, {"type": "Feature", "geometry": {"type": "Point", "coordinates": [-122.1227275758, 45.2419139291]}, "properties": {"species": "Turbinellus floccosus", "date": "2023-09-15", "location": "Clackamas County, OR, USA", "elevation": 967.0, "land_cover_label": "Tree cover", "water_mask": false, "exclude_reason": "keep", "ndvi": null, "soil_moisture": null, "solar_exposure": null, "wind_exposure": null, "water_retention": null, "slope": null, "aspect": null, "num_identification_agreements": 1, "cluster": 0, "tavg": null, "tmin": 16.1, "tmax": 34.4, "prcp_d0": 0.0, "prcp_d1": 0.0, "prcp_d2": 0.0, "prcp_d3": 0.0, "prcp_d4": 0.0, "prcp_d5": 0.0, "prcp_d6": 0.0, "tmax_d0": 27.8, "tmax_d1": 27.2, "tmax_d2": 19.8, "tmax_d3": 18.4, "tmax_d4": 19.7, "tmax_d5": 22.0, "tmax_d6": 24.7, "tmin_d0": 9.6, "tmin_d1": 7.6, "tmin_d2": 9.0, "tmin_d3": 10.2, "tmin_d4": 7.6, "tmin_d5": 7.8, "tmin_d6": 8.2, "day_of_year": 258, "uuid": "d060b369-0229-42c4-abc4-45d78cc78c5a", "inat_id": 211172592}}, {"type": "Feature", "geometry": {"type": "Point", "coordinates": [-121.6488283333, 45.1626695]}, "properties": {"species": "Turbinellus floccosus", "date": "2023-09-24", "location": "Mt. Hood National Forest, Maupin, OR, US", "elevation": 1077.0, "land_cover_label": "Tree cover", "water_mask": false, "exclude_reason": "keep", "ndvi": null, "soil_moisture": null, "solar_exposure": null, "wind_exposure": null, "water_retention": null, "slope": null, "aspect": null, "num_identification_agreements": 1, "cluster": 1, "tavg": null, "tmin": null, "tmax": null, "prcp_d0": 60.90707778930664, "prcp_d1": 0.0, "prcp_d2": 0.0, "prcp_d3": 0.0, "prcp_d4": 0.0, "prcp_d5": 0.0, "prcp_d6": 0.0, "tmax_d0": 12.7, "tmax_d1": 15.6, "tmax_d2": 17.0, "tmax_d3": 15.3, "tmax_d4": 13.1, "tmax_d5": 15.5, "tmax_d6": 22.2, "tmin_d0": 5.4, "tmin_d1": 7.8, "tmin_d2": 3.2, "tmin_d3": 2.1, "tmin_d4": 5.8, "tmin_d5": 5.3, "tmin_d6": 10.0, "day_of_year": 267, "uuid": "1e431bfb-cdc8-4d3f-80e2-417cbf84e365", "inat_id": 184808965}}, {"type": "Feature", "geometry": {"type": "Point", "coordinates": [-121.7158966667, 45.2596166667]}, "properties": {"species": "Turbinellus floccosus", "date": "2023-09-26", "location": "Mt. Hood Park Division Recreation Area, Government Camp, OR, US", "elevation": 1066.0, "land_cover_label": "Tree cover", "water_mask": false, "exclude_reason": "keep", "ndvi": null, "soil_moisture": null, "solar_exposure": null, "wind_exposure": null, "water_retention": null, "slope": null, "aspect": null, "num_identification_agreements": 1, "cluster": 1, "tavg": null, "tmin": 9.4, "tmax": 18.2, "prcp_d0": 0.0, "prcp_d1": 43.80940246582031, "prcp_d2": 43.80940246582031, "prcp_d3": 0.0, "prcp_d4": 0.0, "prcp_d5": 0.0, "prcp_d6": 0.0, "tmax_d0": 11.3, "tmax_d1": 11.9, "tmax_d2": 11.3, "tmax_d3": 15.9, "tmax_d4": 17.5, "tmax_d5": 15.3, "tmax_d6": 12.0, "tmin_d0": 5.9, "tmin_d1": 8.2, "tmin_d2": 5.8, "tmin_d3": 8.4, "tmin_d4": 5.2, "tmin_d5": 3.2, "tmin_d6": 5.1, "day_of_year": 269, "uuid": "0dbc6231-7aa6-44c4-b15b-22ac66c8a8a1", "inat_id": 185654954}}, {"type": "Feature", "geometry": {"type": "Point", "coordinates": [-121.9098104909, 45.2749225352]}, "properties": {"species": "Turbinellus floccosus", "date": "2023-09-30", "location": "Rhododendron, OR 97049, USA", "elevation": 824.0, "land_cover_label": "Tree cover", "water_mask": false, "exclude_reason": "keep", "ndvi": null, "soil_moisture": null, "solar_exposure": null, "wind_exposure": null, "water_retention": null, "slope": null, "aspect": null, "num_identification_agreements": 1, "cluster": 2, "tavg": null, "tmin": 8.3, "tmax": 21.1, "prcp_d0": 0.0, "prcp_d1": 0.0, "prcp_d2": 0.0, "prcp_d3": 0.0, "prcp_d4": 0.0, "prcp_d5": 68.44448852539062, "prcp_d6": 0.0, "tmax_d0": 13.8, "tmax_d1": 11.9, "tmax_d2": 10.1, "tmax_d3": 11.1, "tmax_d4": 13.2, "tmax_d5": 12.8, "tmax_d6": 12.8, "tmin_d0": 3.6, "tmin_d1": 6.7, "tmin_d2": 7.2, "tmin_d3": 6.7, "tmin_d4": 7.4, "tmin_d5": 9.2, "tmin_d6": 6.2, "day_of_year": 273, "uuid": "577eaf46-a291-4c97-82ca-99632f915dc7", "inat_id": 185948950}}, {"type": "Feature", "geometry": {"type": "Point", "coordinates": [-122.0684309467, 45.30350373]}, "properties": {"species": "Turbinellus floccosus", "date": "2023-10-03", "location": "Mount Hood National Forest, OR, USA", "elevation": 1054.0, "land_cover_label": "Tree cover", "water_mask": false, "exclude_reason": "keep", "ndvi": null, "soil_moisture": null, "solar_exposure": null, "wind_exposure": null, "water_retention": null, "slope": null, "aspect": null, "num_identification_agreements": 2, "cluster": 0, "tavg": null, "tmin": 15.0, "tmax": 20.6, "prcp_d0": 0.0, "prcp_d1": 0.0, "prcp_d2": 0.0, "prcp_d3": 0.0, "prcp_d4": 0.0, "prcp_d5": 0.0, "prcp_d6": 0.0, "tmax_d0": 9.9, "tmax_d1": 10.7, "tmax_d2": 12.5, "tmax_d3": 12.2, "tmax_d4": 10.2, "tmax_d5": 9.4, "tmax_d6": 10.8, "tmin_d0": 8.1, "tmin_d1": 3.0, "tmin_d2": -1.0, "tmin_d3": 2.2, "tmin_d4": 5.4, "tmin_d5": 5.9, "tmin_d6": 5.5, "day_of_year": 276, "uuid": "6a0ec0a6-75e8-493a-9278-a90cc6e62c77", "inat_id": 191142310}}, {"type": "Feature", "geometry": {"type": "Point", "coordinates": [-121.6000821434, 45.381768594]}, "properties": {"species": "Turbinellus floccosus", "date": "2023-10-08", "location": "Mt. Hood Park Division Recreation Area, Mount Hood Parkdale, OR, US", "elevation": 1386.0, "land_cover_label": "Tree cover", "water_mask": false, "exclude_reason": "keep", "ndvi": null, "soil_moisture": null, "solar_exposure": null, "wind_exposure": null, "water_retention": null, "slope": null, "aspect": null, "num_identification_agreements": 1, "cluster": 0, "tavg": null, "tmin": 11.4, "tmax": 24.7, "prcp_d0": 0.0, "prcp_d1": 0.0, "prcp_d2": 0.0, "prcp_d3": 0.0, "prcp_d4": 0.0, "prcp_d5": 0.0, "prcp_d6": 0.0, "tmax_d0": 20.5, "tmax_d1": 19.1, "tmax_d2": 16.3, "tmax_d3": 19.0, "tmax_d4": 16.7, "tmax_d5": 10.8, "tmax_d6": 10.7, "tmin_d0": 9.3, "tmin_d1": 8.5, "tmin_d2": 8.6, "tmin_d3": 8.9, "tmin_d4": 4.7, "tmin_d5": 6.9, "tmin_d6": 2.1, "day_of_year": 281, "uuid": "848df434-d5b8-4d27-80ae-50b8fc6c5a14", "inat_id": 187091431}}, {"type": "Feature", "geometry": {"type": "Point", "coordinates": [-122.0079332328, 45.3758948344]}, "properties": {"species": "Turbinellus floccosus", "date": "2023-10-12", "location": "Clackamas County, US-OR, US", "elevation": 342.0, "land_cover_label": "Tree cover", "water_mask": false, "exclude_reason": "keep", "ndvi": null, "soil_moisture": null, "solar_exposure": null, "wind_exposure": null, "water_retention": null, "slope": null, "aspect": null, "num_identification_agreements": 1, "cluster": 0, "tavg": null, "tmin": 12.2, "tmax": 21.1, "prcp_d0": 0.0, "prcp_d1": 0.0, "prcp_d2": 0.0, "prcp_d3": 26.96180534362793, "prcp_d4": 0.0, "prcp_d5": 0.0, "prcp_d6": 0.0, "tmax_d0": 19.5, "tmax_d1": 14.4, "tmax_d2": 15.0, "tmax_d3": 22.7, "tmax_d4": 25.2, "tmax_d5": 28.5, "tmax_d6": 26.7, "tmin_d0": 9.7, "tmin_d1": 8.8, "tmin_d2": 10.0, "tmin_d3": 11.7, "tmin_d4": 10.6, "tmin_d5": 16.5, "tmin_d6": 17.2, "day_of_year": 285, "uuid": "d9906f3f-2d6e-4635-ad3c-2888e8dd5ae5", "inat_id": 188046665}}, {"type": "Feature", "geometry": {"type": "Point", "coordinates": [-121.7460096627, 45.1704880471]}, "properties": {"species": "Turbinellus floccosus", "date": "2023-10-14", "location": "Clackamas County, US-OR, US", "elevation": 1059.0, "land_cover_label": "Tree cover", "water_mask": false, "exclude_reason": "keep", "ndvi": null, "soil_moisture": null, "solar_exposure": null, "wind_exposure": null, "water_retention": null, "slope": null, "aspect": null, "num_identification_agreements": 1, "cluster": 0, "tavg": null, "tmin": null, "tmax": null, "prcp_d0": 0.0, "prcp_d1": 0.0, "prcp_d2": 0.0, "prcp_d3": 0.0, "prcp_d4": 0.0, "prcp_d5": 0.0, "prcp_d6": 0.0, "tmax_d0": 14.1, "tmax_d1": 13.1, "tmax_d2": 11.2, "tmax_d3": 7.9, "tmax_d4": 10.9, "tmax_d5": 20.5, "tmax_d6": 22.9, "tmin_d0": 5.2, "tmin_d1": 4.4, "tmin_d2": 6.0, "tmin_d3": 3.9, "tmin_d4": 5.9, "tmin_d5": 7.7, "tmin_d6": 9.7, "day_of_year": 287, "uuid": "deb19944-aa85-47bc-9863-76dfee21665a", "inat_id": 187575409}}, {"type": "Feature", "geometry": {"type": "Point", "coordinates": [-121.7459654063, 45.1695149054]}, "properties": {"species": "Turbinellus floccosus", "date": "2023-10-14", "location": "Clackamas County, OR, USA", "elevation": 1059.0, "land_cover_label": "Tree cover", "water_mask": false, "exclude_reason": "keep", "ndvi": null, "soil_moisture": null, "solar_exposure": null, "wind_exposure": null, "water_retention": null, "slope": null, "aspect": null, "num_identification_agreements": 1, "cluster": 0, "tavg": null, "tmin": null, "tmax": null, "prcp_d0": 0.0, "prcp_d1": 0.0, "prcp_d2": 0.0, "prcp_d3": 0.0, "prcp_d4": 0.0, "prcp_d5": 0.0, "prcp_d6": 0.0, "tmax_d0": 14.2, "tmax_d1": 13.1, "tmax_d2": 11.2, "tmax_d3": 8.0, "tmax_d4": 10.9, "tmax_d5": 20.5, "tmax_d6": 22.9, "tmin_d0": 5.3, "tmin_d1": 4.4, "tmin_d2": 6.1, "tmin_d3": 4.0, "tmin_d4": 6.0, "tmin_d5": 7.8, "tmin_d6": 9.7, "day_of_year": 287, "uuid": "461e1ce1-897c-428a-9eaf-fe0bdef4185c", "inat_id": 187575334}}, {"type": "Feature", "geometry": {"type": "Point", "coordinates": [-122.3129591997, 45.2249426997]}, "properties": {"species": "Turbinellus floccosus", "date": "2023-10-19", "location": "Estacada, OR 97023, USA", "elevation": 372.0, "land_cover_label": "Tree cover", "water_mask": false, "exclude_reason": "keep", "ndvi": null, "soil_moisture": null, "solar_exposure": null, "wind_exposure": null, "water_retention": null, "slope": null, "aspect": null, "num_identification_agreements": 1, "cluster": 2, "tavg": null, "tmin": 8.3, "tmax": 21.7, "prcp_d0": 0.0, "prcp_d1": 0.0, "prcp_d2": 0.0, "prcp_d3": 22.17473220825196, "prcp_d4": 0.0, "prcp_d5": 33.4578742980957, "prcp_d6": 0.0, "tmax_d0": 20.2, "tmax_d1": 22.1, "tmax_d2": 18.3, "tmax_d3": 18.7, "tmax_d4": 20.9, "tmax_d5": 17.0, "tmax_d6": 19.8, "tmin_d0": 8.7, "tmin_d1": 8.1, "tmin_d2": 7.9, "tmin_d3": 13.2, "tmin_d4": 10.5, "tmin_d5": 9.5, "tmin_d6": 11.2, "day_of_year": 292, "uuid": "44ee5f6b-5bd9-4bd3-b237-77cb10683785", "inat_id": 188890172}}, {"type": "Feature", "geometry": {"type": "Point", "coordinates": [-121.8421033333, 44.6523783333]}, "properties": {"species": "Turbinellus floccosus", "date": "2023-10-21", "location": "Bosque Nacional De Willamette, Idanha, OR, US", "elevation": 1220.0, "land_cover_label": "Tree cover", "water_mask": false, "exclude_reason": "keep", "ndvi": null, "soil_moisture": null, "solar_exposure": null, "wind_exposure": null, "water_retention": null, "slope": null, "aspect": null, "num_identification_agreements": 1, "cluster": 0, "tavg": null, "tmin": null, "tmax": null, "prcp_d0": 0.0, "prcp_d1": 0.0, "prcp_d2": 0.0, "prcp_d3": 0.0, "prcp_d4": 0.0, "prcp_d5": 14.7830171585083, "prcp_d6": 0.0, "tmax_d0": 20.4, "tmax_d1": 20.7, "tmax_d2": 21.8, "tmax_d3": 23.8, "tmax_d4": 15.8, "tmax_d5": 17.2, "tmax_d6": 18.8, "tmin_d0": 10.0, "tmin_d1": 10.4, "tmin_d2": 11.4, "tmin_d3": 7.6, "tmin_d4": 2.9, "tmin_d5": 9.5, "tmin_d6": 6.3, "day_of_year": 294, "uuid": "2f3b1d78-a76b-4bc9-a7e2-3e97a5833c7e", "inat_id": 188606271}}, {"type": "Feature", "geometry": {"type": "Point", "coordinates": [-121.6347012, 45.3199415]}, "properties": {"species": "Turbinellus floccosus", "date": "2023-10-22", "location": "MT HOOD PRKDL, OR 97041, USA", "elevation": 1391.0, "land_cover_label": "Tree cover", "water_mask": false, "exclude_reason": "keep", "ndvi": null, "soil_moisture": null, "solar_exposure": null, "wind_exposure": null, "water_retention": null, "slope": null, "aspect": null, "num_identification_agreements": 1, "cluster": 0, "tavg": null, "tmin": 12.2, "tmax": 18.7, "prcp_d0": 0.0, "prcp_d1": 0.0, "prcp_d2": 0.0, "prcp_d3": 0.0, "prcp_d4": 0.0, "prcp_d5": 0.0, "prcp_d6": 18.364818572998047, "tmax_d0": 14.1, "tmax_d1": 18.5, "tmax_d2": 18.5, "tmax_d3": 20.1, "tmax_d4": 20.3, "tmax_d5": 12.6, "tmax_d6": 12.0, "tmin_d0": 5.3, "tmin_d1": 11.7, "tmin_d2": 7.8, "tmin_d3": 8.7, "tmin_d4": 5.9, "tmin_d5": 1.8, "tmin_d6": 8.0, "day_of_year": 295, "uuid": "afd56a49-194d-4332-adca-2c739ad0d941", "inat_id": 188581478}}, {"type": "Feature", "geometry": {"type": "Point", "coordinates": [-122.1331111667, 45.5287083333]}, "properties": {"species": "Turbinellus floccosus", "date": "2023-10-24", "location": "E Larch Mountain Rd, Corbett, OR, US", "elevation": 672.0, "land_cover_label": "Tree cover", "water_mask": false, "exclude_reason": "keep", "ndvi": null, "soil_moisture": null, "solar_exposure": null, "wind_exposure": null, "water_retention": null, "slope": null, "aspect": null, "num_identification_agreements": 1, "cluster": 0, "tavg": null, "tmin": 10.0, "tmax": 12.2, "prcp_d0": 41.65109252929688, "prcp_d1": 0.0, "prcp_d2": 0.0, "prcp_d3": 0.0, "prcp_d4": 0.0, "prcp_d5": 0.0, "prcp_d6": 0.0, "tmax_d0": 7.9, "tmax_d1": 10.9, "tmax_d2": 13.4, "tmax_d3": 16.0, "tmax_d4": 18.1, "tmax_d5": 19.4, "tmax_d6": 22.0, "tmin_d0": 4.4, "tmin_d1": 6.7, "tmin_d2": 8.5, "tmin_d3": 7.2, "tmin_d4": 8.4, "tmin_d5": 9.7, "tmin_d6": 4.7, "day_of_year": 297, "uuid": "a77c8db7-77ab-4fd1-be42-40f27200a3b2", "inat_id": 188857726}}, {"type": "Feature", "geometry": {"type": "Point", "coordinates": [-122.0481881, 45.376001]}, "properties": {"species": "Turbinellus floccosus", "date": "2023-10-30", "location": "SE Wildcat Creek Rd, Sandy, OR, US", "elevation": 367.0, "land_cover_label": "Tree cover", "water_mask": false, "exclude_reason": "keep", "ndvi": null, "soil_moisture": null, "solar_exposure": null, "wind_exposure": null, "water_retention": null, "slope": null, "aspect": null, "num_identification_agreements": 1, "cluster": 2, "tavg": null, "tmin": 6.1, "tmax": 13.3, "prcp_d0": 0.0, "prcp_d1": 0.0, "prcp_d2": 0.0, "prcp_d3": 0.0, "prcp_d4": 0.0, "prcp_d5": 16.76865005493164, "prcp_d6": 33.53730010986328, "tmax_d0": 16.4, "tmax_d1": 14.8, "tmax_d2": 11.8, "tmax_d3": 11.0, "tmax_d4": 8.2, "tmax_d5": 6.9, "tmax_d6": 10.0, "tmin_d0": 4.8, "tmin_d1": 2.6, "tmin_d2": -0.6, "tmin_d3": -1.3, "tmin_d4": 4.6, "tmin_d5": 4.4, "tmin_d6": 6.5, "day_of_year": 303, "uuid": "a86afd80-7d26-47c1-a748-93887a3d4b20", "inat_id": 190948671}}, {"type": "Feature", "geometry": {"type": "Point", "coordinates": [-122.1144166667, 45.5373583333]}, "properties": {"species": "Turbinellus floccosus", "date": "2023-10-30", "location": "Zigzag Ranger Station, Corbett, OR, US", "elevation": 828.0, "land_cover_label": "Tree cover", "water_mask": false, "exclude_reason": "keep", "ndvi": null, "soil_moisture": null, "solar_exposure": null, "wind_exposure": null, "water_retention": null, "slope": null, "aspect": null, "num_identification_agreements": 1, "cluster": 2, "tavg": null, "tmin": 6.1, "tmax": 13.3, "prcp_d0": 0.0, "prcp_d1": 0.0, "prcp_d2": 0.0, "prcp_d3": 0.0, "prcp_d4": 0.0, "prcp_d5": 0.0, "prcp_d6": 41.65109252929688, "tmax_d0": 7.8, "tmax_d1": 7.0, "tmax_d2": 6.0, "tmax_d3": 6.4, "tmax_d4": 4.6, "tmax_d5": 4.0, "tmax_d6": 7.2, "tmin_d0": -1.8, "tmin_d1": -1.7, "tmin_d2": -3.5, "tmin_d3": -1.7, "tmin_d4": 1.3, "tmin_d5": 0.3, "tmin_d6": 3.7, "day_of_year": 303, "uuid": "bbbe1ee9-d169-4156-8aa7-5e85ff728e21", "inat_id": 189517443}}, {"type": "Feature", "geometry": {"type": "Point", "coordinates": [-107.4100033333, 37.51587]}, "properties": {"species": "Turbinellus floccosus", "date": "2024-07-26", "location": "San Juan National Forest - Headquarters, Pagosa Springs, CO, US", "elevation": 2634.0, "land_cover_label": "Tree cover", "water_mask": false, "exclude_reason": "keep", "ndvi": null, "soil_moisture": null, "solar_exposure": null, "wind_exposure": null, "water_retention": null, "slope": null, "aspect": null, "num_identification_agreements": 1, "cluster": 0, "tavg": null, "tmin": 15.0, "tmax": 26.0, "prcp_d0": 0.0, "prcp_d1": 0.0, "prcp_d2": 0.0, "prcp_d3": 0.0, "prcp_d4": 0.0, "prcp_d5": 0.0, "prcp_d6": 0.0, "tmax_d0": null, "tmax_d1": null, "tmax_d2": null, "tmax_d3": null, "tmax_d4": null, "tmax_d5": null, "tmax_d6": null, "tmin_d0": null, "tmin_d1": null, "tmin_d2": null, "tmin_d3": null, "tmin_d4": null, "tmin_d5": null, "tmin_d6": null, "day_of_year": 208, "uuid": "ac06fca3-cd72-4930-baf0-171e85220691", "inat_id": 231892592}}, {"type": "Feature", "geometry": {"type": "Point", "coordinates": [-106.38347, 35.891211674]}, "properties": {"species": "Turbinellus floccosus", "date": "2024-08-09", "location": "Pajarito Mountain, Los Alamos, NM, US", "elevation": 2865.0, "land_cover_label": "Tree cover", "water_mask": false, "exclude_reason": "keep", "ndvi": null, "soil_moisture": null, "solar_exposure": null, "wind_exposure": null, "water_retention": null, "slope": null, "aspect": null, "num_identification_agreements": 1, "cluster": 0, "tavg": null, "tmin": 15.4, "tmax": 23.9, "prcp_d0": 4.606938362121582, "prcp_d1": 9.213876724243164, "prcp_d2": 0.0, "prcp_d3": 0.0, "prcp_d4": 0.0, "prcp_d5": 4.46779727935791, "prcp_d6": 0.0, "tmax_d0": null, "tmax_d1": null, "tmax_d2": null, "tmax_d3": null, "tmax_d4": null, "tmax_d5": null, "tmax_d6": null, "tmin_d0": null, "tmin_d1": null, "tmin_d2": null, "tmin_d3": null, "tmin_d4": null, "tmin_d5": null, "tmin_d6": null, "day_of_year": 222, "uuid": "e8009b6c-263f-4d6e-973b-64790d1a272e", "inat_id": 244215824}}, {"type": "Feature", "geometry": {"type": "Point", "coordinates": [-105.67183, 35.8405950025]}, "properties": {"species": "Turbinellus floccosus", "date": "2024-08-11", "location": "Santa Fe National Forest, Tererro, NM, US", "elevation": 2612.0, "land_cover_label": "Tree cover", "water_mask": false, "exclude_reason": "keep", "ndvi": null, "soil_moisture": null, "solar_exposure": null, "wind_exposure": null, "water_retention": null, "slope": null, "aspect": null, "num_identification_agreements": 1, "cluster": 0, "tavg": null, "tmin": 18.9, "tmax": 31.1, "prcp_d0": 0.0, "prcp_d1": 7.42544412612915, "prcp_d2": 14.8508882522583, "prcp_d3": 7.42544412612915, "prcp_d4": 7.42544412612915, "prcp_d5": 7.42544412612915, "prcp_d6": 4.354903221130371, "tmax_d0": null, "tmax_d1": null, "tmax_d2": null, "tmax_d3": null, "tmax_d4": null, "tmax_d5": null, "tmax_d6": null, "tmin_d0": null, "tmin_d1": null, "tmin_d2": null, "tmin_d3": null, "tmin_d4": null, "tmin_d5": null, "tmin_d6": null, "day_of_year": 224, "uuid": "690ed517-c9bd-46ef-968f-19bf46f7c639", "inat_id": 235223295}}, {"type": "Feature", "geometry": {"type": "Point", "coordinates": [-105.6499079329, 35.847437956]}, "properties": {"species": "Turbinellus floccosus", "date": "2024-08-11", "location": "San Miguel County, US-NM, US", "elevation": 2945.0, "land_cover_label": "Tree cover", "water_mask": false, "exclude_reason": "keep", "ndvi": null, "soil_moisture": null, "solar_exposure": null, "wind_exposure": null, "water_retention": null, "slope": null, "aspect": null, "num_identification_agreements": 1, "cluster": 1, "tavg": null, "tmin": 18.9, "tmax": 31.1, "prcp_d0": 0.0, "prcp_d1": 16.850107192993164, "prcp_d2": 16.850107192993164, "prcp_d3": 8.425053596496582, "prcp_d4": 0.0, "prcp_d5": 8.425053596496582, "prcp_d6": 5.3384552001953125, "tmax_d0": null, "tmax_d1": null, "tmax_d2": null, "tmax_d3": null, "tmax_d4": null, "tmax_d5": null, "tmax_d6": null, "tmin_d0": null, "tmin_d1": null, "tmin_d2": null, "tmin_d3": null, "tmin_d4": null, "tmin_d5": null, "tmin_d6": null, "day_of_year": 224, "uuid": "002f356c-563a-4b69-a1da-6d58e63fef98", "inat_id": 235242966}}, {"type": "Feature", "geometry": {"type": "Point", "coordinates": [-105.4824320321, 36.5976116248]}, "properties": {"species": "Turbinellus floccosus", "date": "2024-08-17", "location": "Carson National Forest, Taos, NM, US", "elevation": 2811.0, "land_cover_label": "Tree cover", "water_mask": false, "exclude_reason": "keep", "ndvi": null, "soil_moisture": null, "solar_exposure": null, "wind_exposure": null, "water_retention": null, "slope": null, "aspect": null, "num_identification_agreements": 1, "cluster": 0, "tavg": null, "tmin": 10.0, "tmax": 32.8, "prcp_d0": 0.0, "prcp_d1": 0.0, "prcp_d2": 0.0, "prcp_d3": 0.0, "prcp_d4": 0.0, "prcp_d5": 0.0, "prcp_d6": 0.0, "tmax_d0": null, "tmax_d1": null, "tmax_d2": null, "tmax_d3": null, "tmax_d4": null, "tmax_d5": null, "tmax_d6": null, "tmin_d0": null, "tmin_d1": null, "tmin_d2": null, "tmin_d3": null, "tmin_d4": null, "tmin_d5": null, "tmin_d6": null, "day_of_year": 230, "uuid": "f6afc5b8-4c51-4711-a198-85a760f80edd", "inat_id": 236314285}}, {"type": "Feature", "geometry": {"type": "Point", "coordinates": [-121.6877533333, 45.2361416667]}, "properties": {"species": "Turbinellus floccosus", "date": "2024-09-03", "location": "Mt. Hood National Forest, Government Camp, OR, US", "elevation": 1317.0, "land_cover_label": "Tree cover", "water_mask": false, "exclude_reason": "keep", "ndvi": null, "soil_moisture": null, "solar_exposure": null, "wind_exposure": null, "water_retention": null, "slope": null, "aspect": null, "num_identification_agreements": 1, "cluster": 0, "tavg": null, "tmin": null, "tmax": null, "prcp_d0": 0.0, "prcp_d1": 0.0, "prcp_d2": 0.0, "prcp_d3": 0.0, "prcp_d4": 3.7730985695816335e-06, "prcp_d5": 0.0, "prcp_d6": 0.3764130473136902, "tmax_d0": 20.2, "tmax_d1": 25.1, "tmax_d2": 29.4, "tmax_d3": 28.4, "tmax_d4": 27.6, "tmax_d5": 20.8, "tmax_d6": 18.9, "tmin_d0": 7.8, "tmin_d1": 10.3, "tmin_d2": 17.5, "tmin_d3": 16.2, "tmin_d4": 13.1, "tmin_d5": 9.9, "tmin_d6": 2.5, "day_of_year": 247, "uuid": "95dfa04e-8091-4a6d-a6f5-e2218d01e085", "inat_id": 239715650}}, {"type": "Feature", "geometry": {"type": "Point", "coordinates": [-121.5694583333, 45.3688472222]}, "properties": {"species": "Turbinellus floccosus", "date": "2024-09-04", "location": "MT HOOD PRKDL, OR 97041, USA", "elevation": 1010.0, "land_cover_label": "Tree cover", "water_mask": false, "exclude_reason": "keep", "ndvi": null, "soil_moisture": null, "solar_exposure": null, "wind_exposure": null, "water_retention": null, "slope": null, "aspect": null, "num_identification_agreements": 1, "cluster": 0, "tavg": null, "tmin": 12.4, "tmax": 32.7, "prcp_d0": 0.0, "prcp_d1": 0.0, "prcp_d2": 0.0, "prcp_d3": 0.0, "prcp_d4": 0.0, "prcp_d5": 1.4021479728398845e-05, "prcp_d6": 0.0, "tmax_d0": 27.4, "tmax_d1": 25.5, "tmax_d2": 29.2, "tmax_d3": 31.5, "tmax_d4": 30.3, "tmax_d5": 28.8, "tmax_d6": 23.1, "tmin_d0": 15.5, "tmin_d1": 10.9, "tmin_d2": 14.6, "tmin_d3": 18.3, "tmin_d4": 16.7, "tmin_d5": 13.0, "tmin_d6": 10.5, "day_of_year": 248, "uuid": "3f1a0f75-eced-4b25-a4f7-59ae35eb87dd", "inat_id": 239917774}}, {"type": "Feature", "geometry": {"type": "Point", "coordinates": [-121.7418666667, 45.25658]}, "properties": {"species": "Turbinellus floccosus", "date": "2024-09-07", "location": "Zigzag Ranger Station, Government Camp, OR, US", "elevation": 1147.0, "land_cover_label": "Tree cover", "water_mask": false, "exclude_reason": "keep", "ndvi": null, "soil_moisture": null, "solar_exposure": null, "wind_exposure": null, "water_retention": null, "slope": null, "aspect": null, "num_identification_agreements": 1, "cluster": 0, "tavg": null, "tmin": 17.2, "tmax": 32.8, "prcp_d0": 8.307758331298828, "prcp_d1": 0.0, "prcp_d2": 0.0, "prcp_d3": 0.0, "prcp_d4": 0.0, "prcp_d5": 0.0, "prcp_d6": 0.0, "tmax_d0": 28.8, "tmax_d1": 30.4, "tmax_d2": 28.6, "tmax_d3": 26.3, "tmax_d4": 21.1, "tmax_d5": 26.0, "tmax_d6": 30.3, "tmin_d0": 18.4, "tmin_d1": 20.4, "tmin_d2": 18.9, "tmin_d3": 12.0, "tmin_d4": 8.7, "tmin_d5": 11.2, "tmin_d6": 18.4, "day_of_year": 251, "uuid": "af92ed15-4c0e-4dc5-8ca7-3ed0f4b97c7a", "inat_id": 240453427}}, {"type": "Feature", "geometry": {"type": "Point", "coordinates": [-122.0735638333, 45.25668]}, "properties": {"species": "Turbinellus floccosus", "date": "2024-09-09", "location": "Mt. Hood National Forest, Government Camp, OR, US", "elevation": 1177.0, "land_cover_label": "Tree cover", "water_mask": false, "exclude_reason": "keep", "ndvi": null, "soil_moisture": null, "solar_exposure": null, "wind_exposure": null, "water_retention": null, "slope": null, "aspect": null, "num_identification_agreements": 2, "cluster": 0, "tavg": null, "tmin": 16.7, "tmax": 28.9, "prcp_d0": 0.0, "prcp_d1": 0.0, "prcp_d2": 0.0, "prcp_d3": 0.0, "prcp_d4": 0.0, "prcp_d5": 0.0, "prcp_d6": 0.0, "tmax_d0": 21.3, "tmax_d1": 25.2, "tmax_d2": 29.6, "tmax_d3": 31.5, "tmax_d4": 29.9, "tmax_d5": 27.4, "tmax_d6": 17.8, "tmin_d0": 9.9, "tmin_d1": 12.8, "tmin_d2": 14.5, "tmin_d3": 16.3, "tmin_d4": 17.0, "tmin_d5": 5.7, "tmin_d6": 8.5, "day_of_year": 253, "uuid": "3dc28f33-932d-4c23-bec5-1a635b2b6126", "inat_id": 240861767}}, {"type": "Feature", "geometry": {"type": "Point", "coordinates": [-121.6161854717, 45.2218337114]}, "properties": {"species": "Turbinellus floccosus", "date": "2024-09-13", "location": "Oregon, US", "elevation": 928.0, "land_cover_label": "Tree cover", "water_mask": false, "exclude_reason": "keep", "ndvi": null, "soil_moisture": null, "solar_exposure": null, "wind_exposure": null, "water_retention": null, "slope": null, "aspect": null, "num_identification_agreements": 1, "cluster": 0, "tavg": null, "tmin": null, "tmax": null, "prcp_d0": 0.3739537000656128, "prcp_d1": 2.524288892745972, "prcp_d2": 13.058187484741213, "prcp_d3": 0.0, "prcp_d4": 0.0, "prcp_d5": 9.865646362304688, "prcp_d6": 0.0, "tmax_d0": 21.6, "tmax_d1": 16.4, "tmax_d2": 20.5, "tmax_d3": 24.1, "tmax_d4": 26.8, "tmax_d5": 29.1, "tmax_d6": 30.9, "tmin_d0": 7.8, "tmin_d1": 9.7, "tmin_d2": 9.2, "tmin_d3": 12.7, "tmin_d4": 14.4, "tmin_d5": 15.1, "tmin_d6": 18.6, "day_of_year": 257, "uuid": "2234b390-1204-446c-8d44-0891048108e9", "inat_id": 241556581}}, {"type": "Feature", "geometry": {"type": "Point", "coordinates": [-121.7410765521, 45.2709700062]}, "properties": {"species": "Turbinellus floccosus", "date": "2024-09-14", "location": "Mt. Hood Park Division Recreation Area, Government Camp, OR, US", "elevation": 1120.0, "land_cover_label": "Tree cover", "water_mask": false, "exclude_reason": "keep", "ndvi": null, "soil_moisture": null, "solar_exposure": null, "wind_exposure": null, "water_retention": null, "slope": null, "aspect": null, "num_identification_agreements": 1, "cluster": 0, "tavg": null, "tmin": 12.6, "tmax": 21.9, "prcp_d0": 0.0, "prcp_d1": 0.0, "prcp_d2": 0.0, "prcp_d3": 9.45176887512207, "prcp_d4": 0.0, "prcp_d5": 0.0, "prcp_d6": 9.244536399841309, "tmax_d0": 16.0, "tmax_d1": 17.2, "tmax_d2": 12.2, "tmax_d3": 17.7, "tmax_d4": 20.6, "tmax_d5": 23.3, "tmax_d6": 28.0, "tmin_d0": 8.5, "tmin_d1": 6.9, "tmin_d2": 7.5, "tmin_d3": 7.2, "tmin_d4": 10.6, "tmin_d5": 13.6, "tmin_d6": 14.8, "day_of_year": 258, "uuid": "2cbed5a1-c09c-460f-a887-320b3421fdda", "inat_id": 241773863}}, {"type": "Feature", "geometry": {"type": "Point", "coordinates": [-121.7420166667, 45.26985]}, "properties": {"species": "Turbinellus floccosus", "date": "2024-09-15", "location": "Mt. Hood Park Division Recreation Area, Government Camp, OR, US", "elevation": 1127.0, "land_cover_label": "Tree cover", "water_mask": false, "exclude_reason": "keep", "ndvi": null, "soil_moisture": null, "solar_exposure": null, "wind_exposure": null, "water_retention": null, "slope": null, "aspect": null, "num_identification_agreements": 1, "cluster": 0, "tavg": null, "tmin": 11.3, "tmax": 21.2, "prcp_d0": 0.0, "prcp_d1": 0.0, "prcp_d2": 0.0, "prcp_d3": 0.0, "prcp_d4": 9.45176887512207, "prcp_d5": 0.0, "prcp_d6": 0.0, "tmax_d0": 13.5, "tmax_d1": 16.1, "tmax_d2": 17.3, "tmax_d3": 12.3, "tmax_d4": 17.8, "tmax_d5": 20.7, "tmax_d6": 23.4, "tmin_d0": 5.1, "tmin_d1": 8.6, "tmin_d2": 7.0, "tmin_d3": 7.6, "tmin_d4": 7.3, "tmin_d5": 10.7, "tmin_d6": 13.7, "day_of_year": 259, "uuid": "2bf22616-e8e4-4812-bd7f-f9d47cfdf859", "inat_id": 242214923}}, {"type": "Feature", "geometry": {"type": "Point", "coordinates": [-121.6833033333, 45.281895]}, "properties": {"species": "Turbinellus floccosus", "date": "2024-09-18", "location": "Mt. Hood Park Division Recreation Area, Mount Hood Parkdale, OR, US", "elevation": 1248.0, "land_cover_label": "Tree cover", "water_mask": false, "exclude_reason": "keep", "ndvi": null, "soil_moisture": null, "solar_exposure": null, "wind_exposure": null, "water_retention": null, "slope": null, "aspect": null, "num_identification_agreements": 2, "cluster": 0, "tavg": null, "tmin": 13.5, "tmax": 21.8, "prcp_d0": 0.0, "prcp_d1": 0.0, "prcp_d2": 0.0, "prcp_d3": 4.414263725280762, "prcp_d4": 0.2606098651885986, "prcp_d5": 0.9746474027633668, "prcp_d6": 6.519250392913818, "tmax_d0": 14.0, "tmax_d1": 15.0, "tmax_d2": 17.9, "tmax_d3": 12.6, "tmax_d4": 15.2, "tmax_d5": 16.4, "tmax_d6": 11.4, "tmin_d0": 7.6, "tmin_d1": 6.6, "tmin_d2": 5.0, "tmin_d3": 4.2, "tmin_d4": 7.7, "tmin_d5": 6.1, "tmin_d6": 6.7, "day_of_year": 262, "uuid": "7cc25737-b676-412c-98da-6206d23e09d1", "inat_id": 243426981}}, {"type": "Feature", "geometry": {"type": "Point", "coordinates": [-121.768758148, 45.2760901692]}, "properties": {"species": "Turbinellus floccosus", "date": "2024-09-18", "location": "Rhododendron, OR 97049, USA", "elevation": 1051.0, "land_cover_label": "Tree cover", "water_mask": false, "exclude_reason": "keep", "ndvi": null, "soil_moisture": null, "solar_exposure": null, "wind_exposure": null, "water_retention": null, "slope": null, "aspect": null, "num_identification_agreements": 1, "cluster": 0, "tavg": null, "tmin": 13.5, "tmax": 21.8, "prcp_d0": 0.0, "prcp_d1": 0.0, "prcp_d2": 12.058053016662598, "prcp_d3": 2.4140431880950928, "prcp_d4": 0.1604879051446914, "prcp_d5": 0.5449754595756531, "prcp_d6": 3.7393393516540527, "tmax_d0": 14.8, "tmax_d1": 15.8, "tmax_d2": 18.7, "tmax_d3": 13.9, "tmax_d4": 15.9, "tmax_d5": 17.0, "tmax_d6": 12.5, "tmin_d0": 9.0, "tmin_d1": 6.2, "tmin_d2": 6.3, "tmin_d3": 5.6, "tmin_d4": 8.2, "tmin_d5": 6.8, "tmin_d6": 8.3, "day_of_year": 262, "uuid": "49e33caf-ccbb-42f8-8b9a-04a5e758e41d", "inat_id": 245304029}}, {"type": "Feature", "geometry": {"type": "Point", "coordinates": [-121.7651442066, 45.3098253295]}, "properties": {"species": "Turbinellus floccosus", "date": "2024-09-19", "location": "TIMBRLINE LDG, OR 97028, USA", "elevation": 1182.0, "land_cover_label": "Tree cover", "water_mask": false, "exclude_reason": "keep", "ndvi": null, "soil_moisture": null, "solar_exposure": null, "wind_exposure": null, "water_retention": null, "slope": null, "aspect": null, "num_identification_agreements": 1, "cluster": 0, "tavg": null, "tmin": 10.8, "tmax": 22.9, "prcp_d0": 0.0, "prcp_d1": 8.15394401550293, "prcp_d2": 5.270901203155518, "prcp_d3": 0.0, "prcp_d4": 0.0, "prcp_d5": 0.0, "prcp_d6": 0.0, "tmax_d0": 15.1, "tmax_d1": 13.6, "tmax_d2": 14.6, "tmax_d3": 17.4, "tmax_d4": 12.7, "tmax_d5": 14.7, "tmax_d6": 15.8, "tmin_d0": 5.4, "tmin_d1": 7.8, "tmin_d2": 4.9, "tmin_d3": 5.1, "tmin_d4": 4.3, "tmin_d5": 6.9, "tmin_d6": 5.5, "day_of_year": 263, "uuid": "f21875a1-d172-4f18-b0c2-a32168d930c7", "inat_id": 254463748}}, {"type": "Feature", "geometry": {"type": "Point", "coordinates": [-122.0618804252, 45.2364451586]}, "properties": {"species": "Turbinellus floccosus", "date": "2024-09-20", "location": "Oregon, US", "elevation": 1173.0, "land_cover_label": "Tree cover", "water_mask": false, "exclude_reason": "keep", "ndvi": null, "soil_moisture": null, "solar_exposure": null, "wind_exposure": null, "water_retention": null, "slope": null, "aspect": null, "num_identification_agreements": 1, "cluster": 0, "tavg": null, "tmin": 11.1, "tmax": 22.8, "prcp_d0": 0.0, "prcp_d1": 0.0, "prcp_d2": 0.0, "prcp_d3": 0.0, "prcp_d4": 0.0, "prcp_d5": 5.961558818817139, "prcp_d6": 0.4659119844436645, "tmax_d0": 13.2, "tmax_d1": 14.8, "tmax_d2": 13.4, "tmax_d3": 14.5, "tmax_d4": 15.0, "tmax_d5": 13.1, "tmax_d6": 14.6, "tmin_d0": 3.9, "tmin_d1": 3.9, "tmin_d2": 7.7, "tmin_d3": 4.8, "tmin_d4": 2.7, "tmin_d5": 4.4, "tmin_d6": 7.3, "day_of_year": 264, "uuid": "a1ed6bab-f2fd-40e0-9cdc-ed93e8c62282", "inat_id": 242982697}}, {"type": "Feature", "geometry": {"type": "Point", "coordinates": [-121.8793043867, 44.5716731388]}, "properties": {"species": "Turbinellus floccosus", "date": "2024-09-22", "location": "Idanha, OR 97350, USA", "elevation": 1122.0, "land_cover_label": "Tree cover", "water_mask": false, "exclude_reason": "keep", "ndvi": null, "soil_moisture": null, "solar_exposure": null, "wind_exposure": null, "water_retention": null, "slope": null, "aspect": null, "num_identification_agreements": 1, "cluster": 0, "tavg": null, "tmin": null, "tmax": null, "prcp_d0": 0.0, "prcp_d1": 0.0, "prcp_d2": 0.0, "prcp_d3": 0.0, "prcp_d4": 0.0, "prcp_d5": 0.0, "prcp_d6": 0.0, "tmax_d0": 21.6, "tmax_d1": 21.2, "tmax_d2": 17.4, "tmax_d3": 18.9, "tmax_d4": 17.5, "tmax_d5": 15.6, "tmax_d6": 20.1, "tmin_d0": 5.9, "tmin_d1": 2.7, "tmin_d2": 5.4, "tmin_d3": 7.6, "tmin_d4": 6.1, "tmin_d5": 6.4, "tmin_d6": 5.8, "day_of_year": 266, "uuid": "3de20b35-47ec-46cc-9186-acb7479f7727", "inat_id": 244637452}}, {"type": "Feature", "geometry": {"type": "Point", "coordinates": [-121.7381383851, 45.278819352]}, "properties": {"species": "Turbinellus floccosus", "date": "2024-09-26", "location": "TIMBRLINE LDG, OR 97028, USA", "elevation": 1143.0, "land_cover_label": "Tree cover", "water_mask": false, "exclude_reason": "keep", "ndvi": null, "soil_moisture": null, "solar_exposure": null, "wind_exposure": null, "water_retention": null, "slope": null, "aspect": null, "num_identification_agreements": 1, "cluster": 0, "tavg": null, "tmin": 10.1, "tmax": 21.1, "prcp_d0": 5.209141254425049, "prcp_d1": 8.232942581176758, "prcp_d2": 0.0, "prcp_d3": 0.0, "prcp_d4": 0.0, "prcp_d5": 0.0, "prcp_d6": 0.0, "tmax_d0": 17.5, "tmax_d1": 25.1, "tmax_d2": 26.7, "tmax_d3": 20.7, "tmax_d4": 19.3, "tmax_d5": 19.6, "tmax_d6": 14.1, "tmin_d0": 2.5, "tmin_d1": 10.0, "tmin_d2": 14.6, "tmin_d3": 9.3, "tmin_d4": 9.6, "tmin_d5": 5.4, "tmin_d6": 4.9, "day_of_year": 270, "uuid": "b734e6bf-3984-4aad-a8c8-24d59e867794", "inat_id": 244642354}}, {"type": "Feature", "geometry": {"type": "Point", "coordinates": [-122.1042508665, 45.5027903287]}, "properties": {"species": "Turbinellus floccosus", "date": "2024-09-27", "location": "Zigzag Ranger Station, Corbett, OR, US", "elevation": 753.0, "land_cover_label": "Tree cover", "water_mask": false, "exclude_reason": "keep", "ndvi": null, "soil_moisture": null, "solar_exposure": null, "wind_exposure": null, "water_retention": null, "slope": null, "aspect": null, "num_identification_agreements": 1, "cluster": 0, "tavg": null, "tmin": 14.4, "tmax": 23.9, "prcp_d0": 0.0, "prcp_d1": 0.0, "prcp_d2": 0.0, "prcp_d3": 0.0, "prcp_d4": 0.0, "prcp_d5": 0.0, "prcp_d6": 0.0, "tmax_d0": 16.7, "tmax_d1": 17.1, "tmax_d2": 26.9, "tmax_d3": 28.3, "tmax_d4": 21.1, "tmax_d5": 19.9, "tmax_d6": 20.6, "tmin_d0": 9.5, "tmin_d1": 4.7, "tmin_d2": 11.2, "tmin_d3": 11.9, "tmin_d4": 10.8, "tmin_d5": 7.2, "tmin_d6": 4.1, "day_of_year": 271, "uuid": "9e279627-8cdf-46cb-bbf2-8f40ccda3f9f", "inat_id": 244402123}}, {"type": "Feature", "geometry": {"type": "Point", "coordinates": [-121.7789633333, 45.2401716667]}, "properties": {"species": "Turbinellus floccosus", "date": "2024-09-28", "location": "Zigzag Ranger Station, Government Camp, OR, US", "elevation": 1111.0, "land_cover_label": "Tree cover", "water_mask": false, "exclude_reason": "keep", "ndvi": null, "soil_moisture": null, "solar_exposure": null, "wind_exposure": null, "water_retention": null, "slope": null, "aspect": null, "num_identification_agreements": 1, "cluster": 0, "tavg": null, "tmin": null, "tmax": null, "prcp_d0": 0.0, "prcp_d1": 0.0, "prcp_d2": 0.0, "prcp_d3": 0.0, "prcp_d4": 0.0, "prcp_d5": 0.0, "prcp_d6": 0.0, "tmax_d0": 23.4, "tmax_d1": 18.3, "tmax_d2": 18.3, "tmax_d3": 26.0, "tmax_d4": 27.7, "tmax_d5": 20.9, "tmax_d6": 20.0, "tmin_d0": 11.1, "tmin_d1": 9.4, "tmin_d2": 2.8, "tmin_d3": 9.5, "tmin_d4": 14.1, "tmin_d5": 9.3, "tmin_d6": 8.0, "day_of_year": 272, "uuid": "8f1c9bd6-0453-4a83-bb27-1f13d1b4774d", "inat_id": 244608890}}, {"type": "Feature", "geometry": {"type": "Point", "coordinates": [-121.876945, 44.6594966667]}, "properties": {"species": "Turbinellus floccosus", "date": "2024-09-28", "location": "Willamette National Forest, Idanha, OR, US", "elevation": 1066.0, "land_cover_label": "Tree cover", "water_mask": false, "exclude_reason": "keep", "ndvi": null, "soil_moisture": null, "solar_exposure": null, "wind_exposure": null, "water_retention": null, "slope": null, "aspect": null, "num_identification_agreements": 2, "cluster": 0, "tavg": null, "tmin": null, "tmax": null, "prcp_d0": 0.0, "prcp_d1": 0.0, "prcp_d2": 0.0, "prcp_d3": 0.0, "prcp_d4": 0.0, "prcp_d5": 0.0, "prcp_d6": 0.0, "tmax_d0": 25.1, "tmax_d1": 22.1, "tmax_d2": 19.5, "tmax_d3": 26.4, "tmax_d4": 28.7, "tmax_d5": 24.6, "tmax_d6": 21.9, "tmin_d0": 11.7, "tmin_d1": 10.5, "tmin_d2": 3.0, "tmin_d3": 11.5, "tmin_d4": 14.4, "tmin_d5": 11.8, "tmin_d6": 9.1, "day_of_year": 272, "uuid": "83f087a2-e2a0-4e3e-8539-1705f06332ef", "inat_id": 244626248}}, {"type": "Feature", "geometry": {"type": "Point", "coordinates": [-122.08265, 45.546455]}, "properties": {"species": "Turbinellus floccosus", "date": "2024-09-29", "location": "Zigzag Ranger Station, Corbett, OR, US", "elevation": 914.0, "land_cover_label": "Tree cover", "water_mask": false, "exclude_reason": "keep", "ndvi": null, "soil_moisture": null, "solar_exposure": null, "wind_exposure": null, "water_retention": null, "slope": null, "aspect": null, "num_identification_agreements": 2, "cluster": 0, "tavg": null, "tmin": 8.9, "tmax": 20.0, "prcp_d0": 0.0, "prcp_d1": 0.0, "prcp_d2": 0.0, "prcp_d3": 0.0, "prcp_d4": 0.0, "prcp_d5": 0.0, "prcp_d6": 0.0, "tmax_d0": 15.6, "tmax_d1": 18.4, "tmax_d2": 15.5, "tmax_d3": 16.0, "tmax_d4": 25.7, "tmax_d5": 27.2, "tmax_d6": 19.9, "tmin_d0": 3.8, "tmin_d1": 8.6, "tmin_d2": 8.4, "tmin_d3": 3.6, "tmin_d4": 10.0, "tmin_d5": 10.7, "tmin_d6": 9.7, "day_of_year": 273, "uuid": "7e176f0a-0d63-4374-893a-49f0a6d0a643", "inat_id": 244827753}}, {"type": "Feature", "geometry": {"type": "Point", "coordinates": [-121.9751716667, 44.57652]}, "properties": {"species": "Turbinellus floccosus", "date": "2024-09-29", "location": "Willamette National Forest, Idanha, OR, US", "elevation": 910.0, "land_cover_label": "Tree cover", "water_mask": false, "exclude_reason": "keep", "ndvi": null, "soil_moisture": null, "solar_exposure": null, "wind_exposure": null, "water_retention": null, "slope": null, "aspect": null, "num_identification_agreements": 1, "cluster": 0, "tavg": null, "tmin": null, "tmax": null, "prcp_d0": 0.0, "prcp_d1": 0.0, "prcp_d2": 0.0, "prcp_d3": 0.0, "prcp_d4": 0.0, "prcp_d5": 0.0, "prcp_d6": 0.0, "tmax_d0": 20.3, "tmax_d1": 25.7, "tmax_d2": 22.5, "tmax_d3": 21.0, "tmax_d4": 27.7, "tmax_d5": 30.3, "tmax_d6": 25.1, "tmin_d0": 6.8, "tmin_d1": 10.2, "tmin_d2": 11.0, "tmin_d3": 3.6, "tmin_d4": 12.5, "tmin_d5": 12.9, "tmin_d6": 11.6, "day_of_year": 273, "uuid": "93add6c0-153d-4f68-8235-ab39febf1064", "inat_id": 244826274}}, {"type": "Feature", "geometry": {"type": "Point", "coordinates": [-122.0602202986, 45.3019162654]}, "properties": {"species": "Turbinellus floccosus", "date": "2024-09-30", "location": "Clackamas County, US-OR, US", "elevation": 1166.0, "land_cover_label": "Tree cover", "water_mask": false, "exclude_reason": "keep", "ndvi": null, "soil_moisture": null, "solar_exposure": null, "wind_exposure": null, "water_retention": null, "slope": null, "aspect": null, "num_identification_agreements": 2, "cluster": 0, "tavg": null, "tmin": 6.1, "tmax": 22.8, "prcp_d0": 0.0, "prcp_d1": 0.0, "prcp_d2": 0.0, "prcp_d3": 0.0, "prcp_d4": 0.0, "prcp_d5": 0.0, "prcp_d6": 0.0, "tmax_d0": 16.3, "tmax_d1": 14.7, "tmax_d2": 17.7, "tmax_d3": 14.9, "tmax_d4": 15.8, "tmax_d5": 23.6, "tmax_d6": 26.9, "tmin_d0": -0.2, "tmin_d1": 3.1, "tmin_d2": 7.3, "tmin_d3": 7.1, "tmin_d4": 3.6, "tmin_d5": 9.7, "tmin_d6": 9.6, "day_of_year": 274, "uuid": "e6a7ce2c-db3d-400d-bc37-780e02c6c90e", "inat_id": 245027555}}, {"type": "Feature", "geometry": {"type": "Point", "coordinates": [-121.5932146087, 45.2626995121]}, "properties": {"species": "Turbinellus floccosus", "date": "2024-10-01", "location": "MT HOOD PRKDL, OR 97041, USA", "elevation": 1686.0, "land_cover_label": "Tree cover", "water_mask": false, "exclude_reason": "keep", "ndvi": null, "soil_moisture": null, "solar_exposure": null, "wind_exposure": null, "water_retention": null, "slope": null, "aspect": null, "num_identification_agreements": 1, "cluster": 0, "tavg": null, "tmin": 7.7, "tmax": 25.6, "prcp_d0": 0.0, "prcp_d1": 0.0, "prcp_d2": 0.0, "prcp_d3": 0.0, "prcp_d4": 0.0, "prcp_d5": 0.0, "prcp_d6": 0.0, "tmax_d0": 19.1, "tmax_d1": 10.5, "tmax_d2": 15.3, "tmax_d3": 20.7, "tmax_d4": 16.8, "tmax_d5": 14.8, "tmax_d6": 22.3, "tmin_d0": 5.1, "tmin_d1": -0.4, "tmin_d2": -1.1, "tmin_d3": 8.4, "tmin_d4": 7.0, "tmin_d5": -0.4, "tmin_d6": 6.6, "day_of_year": 275, "uuid": "74935de2-4a26-4beb-8e5e-d8bf8b0d885e", "inat_id": 342262387}}, {"type": "Feature", "geometry": {"type": "Point", "coordinates": [-121.6404445376, 45.3187123739]}, "properties": {"species": "Turbinellus floccosus", "date": "2024-10-05", "location": "Sahalie Falls, Hood River County, OR, USA", "elevation": 1398.0, "land_cover_label": "Tree cover", "water_mask": false, "exclude_reason": "keep", "ndvi": null, "soil_moisture": null, "solar_exposure": null, "wind_exposure": null, "water_retention": null, "slope": null, "aspect": null, "num_identification_agreements": 1, "cluster": 0, "tavg": null, "tmin": 6.7, "tmax": 20.1, "prcp_d0": 0.9927878379821776, "prcp_d1": 16.623891830444336, "prcp_d2": 7.610412922076648e-06, "prcp_d3": 1.1985187530517578, "prcp_d4": 0.0, "prcp_d5": 0.0, "prcp_d6": 0.0, "tmax_d0": 15.4, "tmax_d1": 12.9, "tmax_d2": 13.8, "tmax_d3": 15.2, "tmax_d4": 20.6, "tmax_d5": 12.0, "tmax_d6": 16.9, "tmin_d0": 0.5, "tmin_d1": 3.0, "tmin_d2": 3.4, "tmin_d3": 2.2, "tmin_d4": 6.6, "tmin_d5": 1.1, "tmin_d6": 0.5, "day_of_year": 279, "uuid": "7479a24e-7af9-4462-9b48-f9f30bc6eb10", "inat_id": 245891160}}, {"type": "Feature", "geometry": {"type": "Point", "coordinates": [-122.0865222222, 45.5285416667]}, "properties": {"species": "Turbinellus floccosus", "date": "2024-10-05", "location": "Cascade Locks, OR 97014, USA", "elevation": 1186.0, "land_cover_label": "Tree cover", "water_mask": false, "exclude_reason": "keep", "ndvi": null, "soil_moisture": null, "solar_exposure": null, "wind_exposure": null, "water_retention": null, "slope": null, "aspect": null, "num_identification_agreements": 2, "cluster": 1, "tavg": null, "tmin": 11.1, "tmax": 22.8, "prcp_d0": 1.5315909385681152, "prcp_d1": 29.802640914916992, "prcp_d2": 0.0, "prcp_d3": 1.3697230815887451, "prcp_d4": 0.0, "prcp_d5": 0.0, "prcp_d6": 0.0, "tmax_d0": 15.3, "tmax_d1": 14.5, "tmax_d2": 15.8, "tmax_d3": 14.9, "tmax_d4": 17.1, "tmax_d5": 14.6, "tmax_d6": 14.0, "tmin_d0": 0.8, "tmin_d1": 2.9, "tmin_d2": 1.9, "tmin_d3": 3.2, "tmin_d4": 3.7, "tmin_d5": 0.8, "tmin_d6": 2.2, "day_of_year": 279, "uuid": "1ca9aafa-3e59-4f73-9d36-12861b265ad4", "inat_id": 246093413}}, {"type": "Feature", "geometry": {"type": "Point", "coordinates": [-121.5729833333, 45.4032527778]}, "properties": {"species": "Turbinellus floccosus", "date": "2024-10-05", "location": "MT HOOD PRKDL, OR 97041, USA", "elevation": 971.0, "land_cover_label": "Tree cover", "water_mask": false, "exclude_reason": "keep", "ndvi": null, "soil_moisture": null, "solar_exposure": null, "wind_exposure": null, "water_retention": null, "slope": null, "aspect": null, "num_identification_agreements": 2, "cluster": 0, "tavg": null, "tmin": 6.7, "tmax": 20.1, "prcp_d0": 1.1084372997283936, "prcp_d1": 15.589488983154297, "prcp_d2": 1.4404030480363872e-05, "prcp_d3": 1.0319160223007202, "prcp_d4": 0.0, "prcp_d5": 0.0, "prcp_d6": 0.0, "tmax_d0": 18.2, "tmax_d1": 15.6, "tmax_d2": 16.4, "tmax_d3": 19.6, "tmax_d4": 24.2, "tmax_d5": 15.8, "tmax_d6": 20.0, "tmin_d0": 4.6, "tmin_d1": 6.0, "tmin_d2": 4.9, "tmin_d3": 5.4, "tmin_d4": 7.7, "tmin_d5": 3.1, "tmin_d6": 4.2, "day_of_year": 279, "uuid": "07f9ffe4-4584-42ff-87ce-7385adc3eaab", "inat_id": 246059195}}, {"type": "Feature", "geometry": {"type": "Point", "coordinates": [-121.77018, 45.308505]}, "properties": {"species": "Turbinellus floccosus", "date": "2024-10-05", "location": "Mt. Hood Park Division Recreation Area, Government Camp, OR, US", "elevation": 1159.0, "land_cover_label": "Tree cover", "water_mask": false, "exclude_reason": "keep", "ndvi": null, "soil_moisture": null, "solar_exposure": null, "wind_exposure": null, "water_retention": null, "slope": null, "aspect": null, "num_identification_agreements": 1, "cluster": 1, "tavg": null, "tmin": 6.7, "tmax": 20.1, "prcp_d0": 1.4578303098678589, "prcp_d1": 27.943130493164062, "prcp_d2": 0.0, "prcp_d3": 1.8416904211044312, "prcp_d4": 0.0, "prcp_d5": 0.0, "prcp_d6": 0.0, "tmax_d0": 17.6, "tmax_d1": 15.1, "tmax_d2": 16.1, "tmax_d3": 16.3, "tmax_d4": 19.9, "tmax_d5": 14.4, "tmax_d6": 15.4, "tmin_d0": 0.9, "tmin_d1": 4.9, "tmin_d2": 4.1, "tmin_d3": 3.2, "tmin_d4": 7.8, "tmin_d5": 1.5, "tmin_d6": 1.9, "day_of_year": 279, "uuid": "e7e32e6e-a68b-49df-8f33-1f08cadb8c14", "inat_id": 245852338}}, {"type": "Feature", "geometry": {"type": "Point", "coordinates": [-122.0750721667, 45.5303883333]}, "properties": {"species": "Turbinellus floccosus", "date": "2024-10-06", "location": "Corbett, OR, US", "elevation": 1109.0, "land_cover_label": "Tree cover", "water_mask": false, "exclude_reason": "keep", "ndvi": null, "soil_moisture": null, "solar_exposure": null, "wind_exposure": null, "water_retention": null, "slope": null, "aspect": null, "num_identification_agreements": 2, "cluster": 1, "tavg": null, "tmin": 8.9, "tmax": 23.3, "prcp_d0": 0.0, "prcp_d1": 1.5315909385681152, "prcp_d2": 29.802640914916992, "prcp_d3": 0.0, "prcp_d4": 1.3697230815887451, "prcp_d5": 0.0, "prcp_d6": 0.0, "tmax_d0": 15.8, "tmax_d1": 16.0, "tmax_d2": 15.1, "tmax_d3": 16.4, "tmax_d4": 15.6, "tmax_d5": 17.7, "tmax_d6": 15.3, "tmin_d0": 2.3, "tmin_d1": 1.4, "tmin_d2": 3.5, "tmin_d3": 2.6, "tmin_d4": 3.9, "tmin_d5": 4.3, "tmin_d6": 1.4, "day_of_year": 280, "uuid": "30be26d0-2de5-4e54-854e-e1a10ddfe0a3", "inat_id": 246062561}}, {"type": "Feature", "geometry": {"type": "Point", "coordinates": [-121.6848361111, 45.2874861111]}, "properties": {"species": "Turbinellus floccosus", "date": "2024-10-11", "location": "MT HOOD PRKDL, OR 97041, USA", "elevation": 1336.0, "land_cover_label": "Tree cover", "water_mask": false, "exclude_reason": "keep", "ndvi": null, "soil_moisture": null, "solar_exposure": null, "wind_exposure": null, "water_retention": null, "slope": null, "aspect": null, "num_identification_agreements": 1, "cluster": 0, "tavg": null, "tmin": 7.0, "tmax": 17.1, "prcp_d0": 13.366564750671388, "prcp_d1": 0.0, "prcp_d2": 0.0, "prcp_d3": 0.0, "prcp_d4": 0.0, "prcp_d5": 0.0, "prcp_d6": 1.2240328788757324, "tmax_d0": 17.0, "tmax_d1": 12.2, "tmax_d2": 13.3, "tmax_d3": 19.5, "tmax_d4": 20.9, "tmax_d5": 17.2, "tmax_d6": 15.3, "tmin_d0": 5.5, "tmin_d1": 1.6, "tmin_d2": 6.9, "tmin_d3": 9.4, "tmin_d4": 9.8, "tmin_d5": 6.2, "tmin_d6": 0.8, "day_of_year": 285, "uuid": "463112e9-e684-4546-9193-5241737f6eb6", "inat_id": 247263917}}, {"type": "Feature", "geometry": {"type": "Point", "coordinates": [-121.778755, 45.4029366667]}, "properties": {"species": "Turbinellus floccosus", "date": "2024-10-12", "location": "Mt. Hood National Forest, Government Camp, OR, US", "elevation": 1373.0, "land_cover_label": "Tree cover", "water_mask": false, "exclude_reason": "keep", "ndvi": null, "soil_moisture": null, "solar_exposure": null, "wind_exposure": null, "water_retention": null, "slope": null, "aspect": null, "num_identification_agreements": 1, "cluster": 0, "tavg": null, "tmin": 7.6, "tmax": 21.0, "prcp_d0": 0.0, "prcp_d1": 0.0, "prcp_d2": 0.0, "prcp_d3": 22.97150993347168, "prcp_d4": 0.0, "prcp_d5": 0.0, "prcp_d6": 0.0, "tmax_d0": 16.6, "tmax_d1": 15.8, "tmax_d2": 13.4, "tmax_d3": 12.9, "tmax_d4": 19.1, "tmax_d5": 20.6, "tmax_d6": 17.1, "tmin_d0": 4.6, "tmin_d1": 2.6, "tmin_d2": -0.1, "tmin_d3": 6.3, "tmin_d4": 6.9, "tmin_d5": 6.5, "tmin_d6": 4.2, "day_of_year": 286, "uuid": "c4348a76-d26c-4a33-bb59-e916e7fa627d", "inat_id": 247052927}}, {"type": "Feature", "geometry": {"type": "Point", "coordinates": [-122.1960916667, 45.57413]}, "properties": {"species": "Turbinellus floccosus", "date": "2024-10-22", "location": "Columbia River Gorge National Scenic Area, Washougal, WA, US", "elevation": 232.0, "land_cover_label": "Tree cover", "water_mask": false, "exclude_reason": "keep", "ndvi": null, "soil_moisture": null, "solar_exposure": null, "wind_exposure": null, "water_retention": null, "slope": null, "aspect": null, "num_identification_agreements": 1, "cluster": 1, "tavg": null, "tmin": 7.2, "tmax": 15.6, "prcp_d0": 0.0, "prcp_d1": 64.48279571533203, "prcp_d2": 0.0, "prcp_d3": 0.0, "prcp_d4": 0.0, "prcp_d5": 0.0, "prcp_d6": 0.0, "tmax_d0": 14.8, "tmax_d1": 17.9, "tmax_d2": 19.2, "tmax_d3": 19.0, "tmax_d4": 12.1, "tmax_d5": 11.6, "tmax_d6": 14.2, "tmin_d0": 6.3, "tmin_d1": 7.8, "tmin_d2": 9.0, "tmin_d3": 9.1, "tmin_d4": 5.9, "tmin_d5": 6.6, "tmin_d6": 10.9, "day_of_year": 296, "uuid": "30e92e11-3357-4881-be14-81b88f73c56a", "inat_id": 248743097}}, {"type": "Feature", "geometry": {"type": "Point", "coordinates": [-121.9845116667, 44.5815083333]}, "properties": {"species": "Turbinellus floccosus", "date": "2024-10-25", "location": "Willamette National Forest, Idanha, OR, US", "elevation": 848.0, "land_cover_label": "Tree cover", "water_mask": false, "exclude_reason": "keep", "ndvi": null, "soil_moisture": null, "solar_exposure": null, "wind_exposure": null, "water_retention": null, "slope": null, "aspect": null, "num_identification_agreements": 1, "cluster": 1, "tavg": null, "tmin": null, "tmax": null, "prcp_d0": 0.0, "prcp_d1": 0.0, "prcp_d2": 98.36439514160156, "prcp_d3": 0.0, "prcp_d4": 0.0, "prcp_d5": 0.0, "prcp_d6": 0.0, "tmax_d0": 18.0, "tmax_d1": 13.8, "tmax_d2": 12.6, "tmax_d3": 13.8, "tmax_d4": 15.2, "tmax_d5": 19.6, "tmax_d6": 19.9, "tmin_d0": 2.3, "tmin_d1": -2.3, "tmin_d2": 3.3, "tmin_d3": 2.1, "tmin_d4": 7.4, "tmin_d5": 10.6, "tmin_d6": 8.4, "day_of_year": 299, "uuid": "e6555b67-c01a-46e5-83ba-b06bf73cc383", "inat_id": 249090373}}, {"type": "Feature", "geometry": {"type": "Point", "coordinates": [-121.6909880006, 45.2814264642]}, "properties": {"species": "Turbinellus floccosus", "date": "2024-10-27", "location": "Zigzag Ranger Station, Government Camp, OR, US", "elevation": 1206.0, "land_cover_label": "Tree cover", "water_mask": false, "exclude_reason": "keep", "ndvi": null, "soil_moisture": null, "solar_exposure": null, "wind_exposure": null, "water_retention": null, "slope": null, "aspect": null, "num_identification_agreements": 1, "cluster": 0, "tavg": null, "tmin": 7.1, "tmax": 14.3, "prcp_d0": 0.0, "prcp_d1": 0.0, "prcp_d2": 0.0, "prcp_d3": 0.0, "prcp_d4": 0.0, "prcp_d5": 0.0, "prcp_d6": 0.0, "tmax_d0": 13.0, "tmax_d1": 14.5, "tmax_d2": 9.2, "tmax_d3": 7.2, "tmax_d4": 6.8, "tmax_d5": 7.9, "tmax_d6": 12.3, "tmin_d0": 4.0, "tmin_d1": 4.9, "tmin_d2": 1.3, "tmin_d3": -2.2, "tmin_d4": 1.6, "tmin_d5": -0.7, "tmin_d6": 4.7, "day_of_year": 301, "uuid": "9eac288b-6151-4ff9-9afa-e9d0c88d15b1", "inat_id": 249389524}}, {"type": "Feature", "geometry": {"type": "Point", "coordinates": [-121.6928005872, 45.2814859339]}, "properties": {"species": "Turbinellus floccosus", "date": "2024-10-27", "location": "Mt. Hood Park Division Recreation Area, Government Camp, OR, US", "elevation": 1187.0, "land_cover_label": "Tree cover", "water_mask": false, "exclude_reason": "keep", "ndvi": null, "soil_moisture": null, "solar_exposure": null, "wind_exposure": null, "water_retention": null, "slope": null, "aspect": null, "num_identification_agreements": 1, "cluster": 0, "tavg": null, "tmin": 7.1, "tmax": 14.3, "prcp_d0": 0.0, "prcp_d1": 0.0, "prcp_d2": 0.0, "prcp_d3": 0.0, "prcp_d4": 0.0, "prcp_d5": 0.0, "prcp_d6": 0.0, "tmax_d0": 13.0, "tmax_d1": 14.5, "tmax_d2": 9.2, "tmax_d3": 7.2, "tmax_d4": 6.8, "tmax_d5": 7.9, "tmax_d6": 12.3, "tmin_d0": 4.0, "tmin_d1": 4.9, "tmin_d2": 1.3, "tmin_d3": -2.2, "tmin_d4": 1.6, "tmin_d5": -0.7, "tmin_d6": 4.7, "day_of_year": 301, "uuid": "577261fc-2168-42a3-8ed0-5cd6056cf4bb", "inat_id": 249420297}}, {"type": "Feature", "geometry": {"type": "Point", "coordinates": [-121.8692466667, 45.3014616667]}, "properties": {"species": "Turbinellus floccosus", "date": "2024-10-27", "location": "Mt. Hood Park Division Recreation Area, Rhododendron, OR, US", "elevation": 704.0, "land_cover_label": "Tree cover", "water_mask": false, "exclude_reason": "keep", "ndvi": null, "soil_moisture": null, "solar_exposure": null, "wind_exposure": null, "water_retention": null, "slope": null, "aspect": null, "num_identification_agreements": 1, "cluster": 2, "tavg": null, "tmin": 7.1, "tmax": 14.3, "prcp_d0": 0.0, "prcp_d1": 0.0, "prcp_d2": 0.0, "prcp_d3": 0.0, "prcp_d4": 0.0, "prcp_d5": 0.0, "prcp_d6": 115.8727035522461, "tmax_d0": 15.9, "tmax_d1": 17.4, "tmax_d2": 15.8, "tmax_d3": 12.3, "tmax_d4": 11.4, "tmax_d5": 12.8, "tmax_d6": 15.9, "tmin_d0": 7.3, "tmin_d1": 9.1, "tmin_d2": 5.2, "tmin_d3": -1.0, "tmin_d4": 2.1, "tmin_d5": 2.9, "tmin_d6": 7.9, "day_of_year": 301, "uuid": "78a7f577-d345-48d2-b3e4-6a313a2610a0", "inat_id": 249584409}}, {"type": "Feature", "geometry": {"type": "Point", "coordinates": [-121.9197166667, 45.2624283333]}, "properties": {"species": "Turbinellus floccosus", "date": "2024-11-01", "location": "Zigzag Ranger Station, Welches, OR, US", "elevation": 568.0, "land_cover_label": "Tree cover", "water_mask": false, "exclude_reason": "keep", "ndvi": null, "soil_moisture": null, "solar_exposure": null, "wind_exposure": null, "water_retention": null, "slope": null, "aspect": null, "num_identification_agreements": 1, "cluster": 0, "tavg": null, "tmin": 9.4, "tmax": 12.2, "prcp_d0": 0.0, "prcp_d1": 0.0, "prcp_d2": 0.0, "prcp_d3": 0.0, "prcp_d4": 0.0, "prcp_d5": 0.0, "prcp_d6": 0.0, "tmax_d0": 8.7, "tmax_d1": 5.6, "tmax_d2": 9.8, "tmax_d3": 7.7, "tmax_d4": 8.7, "tmax_d5": 16.8, "tmax_d6": 18.3, "tmin_d0": 4.4, "tmin_d1": 3.4, "tmin_d2": 2.3, "tmin_d3": 5.2, "tmin_d4": 4.3, "tmin_d5": 8.2, "tmin_d6": 10.0, "day_of_year": 306, "uuid": "26d0bfbe-22bc-44b2-a1b0-df21e182f3ed", "inat_id": 250184578}}, {"type": "Feature", "geometry": {"type": "Point", "coordinates": [-122.1015777778, 45.5404694444]}, "properties": {"species": "Turbinellus floccosus", "date": "2024-11-03", "location": "Multnomah County, OR, USA", "elevation": 1030.0, "land_cover_label": "Tree cover", "water_mask": false, "exclude_reason": "keep", "ndvi": null, "soil_moisture": null, "solar_exposure": null, "wind_exposure": null, "water_retention": null, "slope": null, "aspect": null, "num_identification_agreements": 1, "cluster": 0, "tavg": null, "tmin": 10.0, "tmax": 14.4, "prcp_d0": 0.0, "prcp_d1": 0.0, "prcp_d2": 0.0, "prcp_d3": 0.0, "prcp_d4": 0.0, "prcp_d5": 0.0, "prcp_d6": 0.0, "tmax_d0": 3.9, "tmax_d1": 4.8, "tmax_d2": 5.2, "tmax_d3": 2.5, "tmax_d4": 6.0, "tmax_d5": 4.2, "tmax_d6": 4.4, "tmin_d0": 1.6, "tmin_d1": 1.5, "tmin_d2": 1.2, "tmin_d3": -1.0, "tmin_d4": -1.3, "tmin_d5": 1.5, "tmin_d6": 2.4, "day_of_year": 308, "uuid": "71815bba-8af7-453a-82a5-cf662dcb977f", "inat_id": 262485292}}, {"type": "Feature", "geometry": {"type": "Point", "coordinates": [-122.1125972222, 45.5387916667]}, "properties": {"species": "Turbinellus floccosus", "date": "2024-11-09", "location": "Cascade Locks, OR 97014, USA", "elevation": 847.0, "land_cover_label": "Tree cover", "water_mask": false, "exclude_reason": "keep", "ndvi": null, "soil_moisture": null, "solar_exposure": null, "wind_exposure": null, "water_retention": null, "slope": null, "aspect": null, "num_identification_agreements": 1, "cluster": 0, "tavg": null, "tmin": 8.3, "tmax": 13.3, "prcp_d0": 0.0, "prcp_d1": 0.0, "prcp_d2": 0.0, "prcp_d3": 0.0, "prcp_d4": 0.0, "prcp_d5": 0.0, "prcp_d6": 0.0, "tmax_d0": 10.0, "tmax_d1": 12.5, "tmax_d2": 11.0, "tmax_d3": 9.5, "tmax_d4": 4.8, "tmax_d5": 5.8, "tmax_d6": 4.9, "tmin_d0": 4.9, "tmin_d1": 2.0, "tmin_d2": 1.1, "tmin_d3": -1.1, "tmin_d4": 1.7, "tmin_d5": 1.7, "tmin_d6": 2.7, "day_of_year": 314, "uuid": "070e6e45-83b7-4c04-9417-6e7c98847be2", "inat_id": 251126396}}, {"type": "Feature", "geometry": {"type": "Point", "coordinates": [-105.5363368337, 36.5183704409]}, "properties": {"species": "Turbinellus floccosus", "date": "2025-07-04", "location": "Taos County, NM, USA", "elevation": 2503.0, "land_cover_label": "Tree cover", "water_mask": false, "exclude_reason": "keep", "ndvi": null, "soil_moisture": null, "solar_exposure": null, "wind_exposure": null, "water_retention": null, "slope": null, "aspect": null, "num_identification_agreements": 2, "cluster": 0, "tavg": null, "tmin": 13.1, "tmax": 29.0, "prcp_d0": 0.0731239020824432, "prcp_d1": 4.057533264160156, "prcp_d2": 1.225736379623413, "prcp_d3": 0.2496244609355926, "prcp_d4": 0.0, "prcp_d5": 0.0, "prcp_d6": 0.0, "tmax_d0": null, "tmax_d1": null, "tmax_d2": null, "tmax_d3": null, "tmax_d4": null, "tmax_d5": null, "tmax_d6": null, "tmin_d0": null, "tmin_d1": null, "tmin_d2": null, "tmin_d3": null, "tmin_d4": null, "tmin_d5": null, "tmin_d6": null, "day_of_year": 185, "uuid": "b16c0dcf-afbd-4e72-b38b-7ba507161025", "inat_id": 295457410}}, {"type": "Feature", "geometry": {"type": "Point", "coordinates": [-121.687313, 45.268034]}, "properties": {"species": "Turbinellus floccosus", "date": "2025-08-16", "location": "TIMBERLINE LODGE, OR 97028, USA", "elevation": 1266.0, "land_cover_label": "Tree cover", "water_mask": false, "exclude_reason": "keep", "ndvi": null, "soil_moisture": null, "solar_exposure": null, "wind_exposure": null, "water_retention": null, "slope": null, "aspect": null, "num_identification_agreements": 1, "cluster": 0, "tavg": null, "tmin": 17.0, "tmax": 25.0, "prcp_d0": 4.287782669067383, "prcp_d1": 0.0, "prcp_d2": 0.0, "prcp_d3": 0.0, "prcp_d4": 0.0, "prcp_d5": 0.0, "prcp_d6": 0.0, "tmax_d0": 16.8, "tmax_d1": 16.8, "tmax_d2": 19.4, "tmax_d3": 25.5, "tmax_d4": 29.0, "tmax_d5": 30.2, "tmax_d6": 29.6, "tmin_d0": 11.6, "tmin_d1": 11.1, "tmin_d2": 10.3, "tmin_d3": 13.7, "tmin_d4": 16.5, "tmin_d5": 18.7, "tmin_d6": 13.2, "day_of_year": 228, "uuid": "4d347b0e-851c-4714-8cdf-b0770cb8f98b", "inat_id": 307294191}}, {"type": "Feature", "geometry": {"type": "Point", "coordinates": [-121.7482413, 45.3090923]}, "properties": {"species": "Turbinellus floccosus", "date": "2025-09-11", "location": "TIMBERLINE LODGE, OR 97028, USA", "elevation": 1263.0, "land_cover_label": "Tree cover", "water_mask": false, "exclude_reason": "keep", "ndvi": null, "soil_moisture": null, "solar_exposure": null, "wind_exposure": null, "water_retention": null, "slope": null, "aspect": null, "num_identification_agreements": 1, "cluster": 0, "tavg": null, "tmin": 17.0, "tmax": 22.0, "prcp_d0": 0.0, "prcp_d1": 9.093738555908203, "prcp_d2": 18.187477111816406, "prcp_d3": 0.0, "prcp_d4": 9.093738555908203, "prcp_d5": 0.0, "prcp_d6": 0.0, "tmax_d0": 15.9, "tmax_d1": 16.4, "tmax_d2": 16.0, "tmax_d3": 19.8, "tmax_d4": 18.0, "tmax_d5": 23.0, "tmax_d6": 25.8, "tmin_d0": 9.5, "tmin_d1": 8.5, "tmin_d2": 9.9, "tmin_d3": 10.0, "tmin_d4": 10.5, "tmin_d5": 13.9, "tmin_d6": 15.8, "day_of_year": 254, "uuid": "491f129d-6fff-4a55-9b13-7d9728df7e43", "inat_id": 313207398}}, {"type": "Feature", "geometry": {"type": "Point", "coordinates": [-121.80605, 45.4401444444]}, "properties": {"species": "Turbinellus floccosus", "date": "2025-09-14", "location": "Cascade Locks, OR 97014, USA", "elevation": 1151.0, "land_cover_label": "Tree cover", "water_mask": false, "exclude_reason": "keep", "ndvi": null, "soil_moisture": null, "solar_exposure": null, "wind_exposure": null, "water_retention": null, "slope": null, "aspect": null, "num_identification_agreements": 1, "cluster": 0, "tavg": null, "tmin": 14.0, "tmax": 20.0, "prcp_d0": 0.0, "prcp_d1": 0.0, "prcp_d2": 0.0, "prcp_d3": 0.0, "prcp_d4": 6.683334827423096, "prcp_d5": 13.366669654846191, "prcp_d6": 0.0, "tmax_d0": 17.8, "tmax_d1": 21.0, "tmax_d2": 18.5, "tmax_d3": 16.3, "tmax_d4": 18.3, "tmax_d5": 17.1, "tmax_d6": 20.2, "tmin_d0": 9.9, "tmin_d1": 8.6, "tmin_d2": 9.2, "tmin_d3": 9.8, "tmin_d4": 8.5, "tmin_d5": 9.9, "tmin_d6": 8.7, "day_of_year": 257, "uuid": "52136fcb-4ee7-4d2b-bd90-1903ae2e9357", "inat_id": 314052012}}, {"type": "Feature", "geometry": {"type": "Point", "coordinates": [-121.7375461, 45.2937966]}, "properties": {"species": "Turbinellus floccosus", "date": "2025-09-15", "location": "TIMBERLINE LODGE, OR 97028, USA", "elevation": 1168.0, "land_cover_label": "Tree cover", "water_mask": false, "exclude_reason": "keep", "ndvi": null, "soil_moisture": null, "solar_exposure": null, "wind_exposure": null, "water_retention": null, "slope": null, "aspect": null, "num_identification_agreements": 1, "cluster": 0, "tavg": null, "tmin": 6.0, "tmax": 26.0, "prcp_d0": 0.0, "prcp_d1": 0.0, "prcp_d2": 0.0, "prcp_d3": 0.0, "prcp_d4": 0.0, "prcp_d5": 9.07825756072998, "prcp_d6": 9.07825756072998, "tmax_d0": 19.5, "tmax_d1": 17.3, "tmax_d2": 20.0, "tmax_d3": 18.3, "tmax_d4": 15.9, "tmax_d5": 16.4, "tmax_d6": 16.0, "tmin_d0": 2.6, "tmin_d1": 8.5, "tmin_d2": 9.2, "tmin_d3": 9.1, "tmin_d4": 9.5, "tmin_d5": 8.5, "tmin_d6": 9.9, "day_of_year": 258, "uuid": "6fbb5ec0-63fb-467c-8465-93d62608937f", "inat_id": 314227593}}, {"type": "Feature", "geometry": {"type": "Point", "coordinates": [-122.1035969722, 44.8225369722]}, "properties": {"species": "Turbinellus floccosus", "date": "2025-09-20", "location": "Marion County, OR, USA", "elevation": 1175.0, "land_cover_label": "Tree cover", "water_mask": false, "exclude_reason": "keep", "ndvi": null, "soil_moisture": null, "solar_exposure": null, "wind_exposure": null, "water_retention": null, "slope": null, "aspect": null, "num_identification_agreements": 1, "cluster": 0, "tavg": null, "tmin": null, "tmax": null, "prcp_d0": 0.0, "prcp_d1": 0.0, "prcp_d2": 0.0, "prcp_d3": 0.0, "prcp_d4": 0.0, "prcp_d5": 0.0, "prcp_d6": 0.0, "tmax_d0": 24.2, "tmax_d1": 25.7, "tmax_d2": 22.4, "tmax_d3": 25.6, "tmax_d4": 26.4, "tmax_d5": 21.7, "tmax_d6": 19.2, "tmin_d0": 9.0, "tmin_d1": 8.5, "tmin_d2": 8.5, "tmin_d3": 7.5, "tmin_d4": 8.0, "tmin_d5": 1.7, "tmin_d6": 8.5, "day_of_year": 263, "uuid": "aae99c46-dc82-4465-baca-063812021715", "inat_id": 315373151}}, {"type": "Feature", "geometry": {"type": "Point", "coordinates": [-121.7895736667, 45.3161163333]}, "properties": {"species": "Turbinellus floccosus", "date": "2025-09-20", "location": "Mt Hood, OR 97041, USA", "elevation": 1107.0, "land_cover_label": "Tree cover", "water_mask": false, "exclude_reason": "keep", "ndvi": null, "soil_moisture": null, "solar_exposure": null, "wind_exposure": null, "water_retention": null, "slope": null, "aspect": null, "num_identification_agreements": 1, "cluster": 0, "tavg": null, "tmin": 11.0, "tmax": 27.0, "prcp_d0": 0.0, "prcp_d1": 0.0, "prcp_d2": 0.0, "prcp_d3": 0.0, "prcp_d4": 0.0, "prcp_d5": 0.0, "prcp_d6": 0.0, "tmax_d0": 22.8, "tmax_d1": 25.4, "tmax_d2": 19.9, "tmax_d3": 22.9, "tmax_d4": 21.7, "tmax_d5": 20.5, "tmax_d6": 18.3, "tmin_d0": 11.7, "tmin_d1": 11.0, "tmin_d2": 10.5, "tmin_d3": 12.4, "tmin_d4": 10.9, "tmin_d5": 3.6, "tmin_d6": 9.5, "day_of_year": 263, "uuid": "8c1371fc-fdd8-4267-ba12-7a7748d69ec7", "inat_id": 315444034}}, {"type": "Feature", "geometry": {"type": "Point", "coordinates": [-121.7895974, 45.3161456997]}, "properties": {"species": "Turbinellus floccosus", "date": "2025-09-20", "location": "Mt Hood, OR 97041, USA", "elevation": 1107.0, "land_cover_label": "Tree cover", "water_mask": false, "exclude_reason": "keep", "ndvi": null, "soil_moisture": null, "solar_exposure": null, "wind_exposure": null, "water_retention": null, "slope": null, "aspect": null, "num_identification_agreements": 1, "cluster": 0, "tavg": null, "tmin": 11.0, "tmax": 27.0, "prcp_d0": 0.0, "prcp_d1": 0.0, "prcp_d2": 0.0, "prcp_d3": 0.0, "prcp_d4": 0.0, "prcp_d5": 0.0, "prcp_d6": 0.0, "tmax_d0": 22.8, "tmax_d1": 25.4, "tmax_d2": 19.9, "tmax_d3": 22.9, "tmax_d4": 21.7, "tmax_d5": 20.5, "tmax_d6": 18.3, "tmin_d0": 11.7, "tmin_d1": 11.0, "tmin_d2": 10.5, "tmin_d3": 12.4, "tmin_d4": 10.9, "tmin_d5": 3.6, "tmin_d6": 9.5, "day_of_year": 263, "uuid": "19dcf868-9555-4b3f-8aee-8a503ce0a3b6", "inat_id": 315619342}}, {"type": "Feature", "geometry": {"type": "Point", "coordinates": [-122.0870895386, 45.5289039612]}, "properties": {"species": "Turbinellus floccosus", "date": "2025-09-21", "location": "Multnomah County, US-OR, US", "elevation": 1186.0, "land_cover_label": "Tree cover", "water_mask": false, "exclude_reason": "keep", "ndvi": null, "soil_moisture": null, "solar_exposure": null, "wind_exposure": null, "water_retention": null, "slope": null, "aspect": null, "num_identification_agreements": 1, "cluster": 0, "tavg": null, "tmin": 13.0, "tmax": 22.0, "prcp_d0": 0.0, "prcp_d1": 0.0, "prcp_d2": 0.0, "prcp_d3": 0.0, "prcp_d4": 0.0, "prcp_d5": 0.0, "prcp_d6": 0.0, "tmax_d0": 17.1, "tmax_d1": 18.0, "tmax_d2": 18.5, "tmax_d3": 17.5, "tmax_d4": 20.5, "tmax_d5": 21.6, "tmax_d6": 17.3, "tmin_d0": 5.9, "tmin_d1": 8.3, "tmin_d2": 5.9, "tmin_d3": 7.7, "tmin_d4": 6.6, "tmin_d5": 10.6, "tmin_d6": 1.1, "day_of_year": 264, "uuid": "566b799c-20d0-4d6c-a5f6-d145c07aeeac", "inat_id": 315705821}}, {"type": "Feature", "geometry": {"type": "Point", "coordinates": [-122.0793304443, 45.528968811]}, "properties": {"species": "Turbinellus floccosus", "date": "2025-09-21", "location": "Multnomah County, US-OR, US", "elevation": 1149.0, "land_cover_label": "Tree cover", "water_mask": false, "exclude_reason": "keep", "ndvi": null, "soil_moisture": null, "solar_exposure": null, "wind_exposure": null, "water_retention": null, "slope": null, "aspect": null, "num_identification_agreements": 1, "cluster": 0, "tavg": null, "tmin": 13.0, "tmax": 22.0, "prcp_d0": 0.0, "prcp_d1": 0.0, "prcp_d2": 0.0, "prcp_d3": 0.0, "prcp_d4": 0.0, "prcp_d5": 0.0, "prcp_d6": 0.0, "tmax_d0": 17.5, "tmax_d1": 18.4, "tmax_d2": 18.9, "tmax_d3": 17.9, "tmax_d4": 20.9, "tmax_d5": 22.0, "tmax_d6": 17.7, "tmin_d0": 6.3, "tmin_d1": 8.7, "tmin_d2": 6.3, "tmin_d3": 8.1, "tmin_d4": 7.0, "tmin_d5": 11.0, "tmin_d6": 1.5, "day_of_year": 264, "uuid": "22fa707a-7b40-465f-9b9a-7615e1069156", "inat_id": 315705460}}, {"type": "Feature", "geometry": {"type": "Point", "coordinates": [-122.0758209229, 45.5301971436]}, "properties": {"species": "Turbinellus floccosus", "date": "2025-09-21", "location": "Multnomah County, US-OR, US", "elevation": 1109.0, "land_cover_label": "Tree cover", "water_mask": false, "exclude_reason": "keep", "ndvi": null, "soil_moisture": null, "solar_exposure": null, "wind_exposure": null, "water_retention": null, "slope": null, "aspect": null, "num_identification_agreements": 1, "cluster": 0, "tavg": null, "tmin": 13.0, "tmax": 22.0, "prcp_d0": 0.0, "prcp_d1": 0.0, "prcp_d2": 0.0, "prcp_d3": 0.0, "prcp_d4": 0.0, "prcp_d5": 0.0, "prcp_d6": 0.0, "tmax_d0": 17.8, "tmax_d1": 18.8, "tmax_d2": 19.2, "tmax_d3": 18.2, "tmax_d4": 21.3, "tmax_d5": 22.3, "tmax_d6": 18.1, "tmin_d0": 6.7, "tmin_d1": 9.1, "tmin_d2": 6.7, "tmin_d3": 8.4, "tmin_d4": 7.4, "tmin_d5": 11.4, "tmin_d6": 1.9, "day_of_year": 264, "uuid": "ff913479-6df5-43ac-8186-56e42fa0c433", "inat_id": 315705459}}, {"type": "Feature", "geometry": {"type": "Point", "coordinates": [-122.0758209229, 45.5301971436]}, "properties": {"species": "Turbinellus floccosus", "date": "2025-09-21", "location": "Multnomah County, US-OR, US", "elevation": 1109.0, "land_cover_label": "Tree cover", "water_mask": false, "exclude_reason": "keep", "ndvi": null, "soil_moisture": null, "solar_exposure": null, "wind_exposure": null, "water_retention": null, "slope": null, "aspect": null, "num_identification_agreements": 1, "cluster": 0, "tavg": null, "tmin": 13.0, "tmax": 22.0, "prcp_d0": 0.0, "prcp_d1": 0.0, "prcp_d2": 0.0, "prcp_d3": 0.0, "prcp_d4": 0.0, "prcp_d5": 0.0, "prcp_d6": 0.0, "tmax_d0": 17.8, "tmax_d1": 18.8, "tmax_d2": 19.2, "tmax_d3": 18.2, "tmax_d4": 21.3, "tmax_d5": 22.3, "tmax_d6": 18.1, "tmin_d0": 6.7, "tmin_d1": 9.1, "tmin_d2": 6.7, "tmin_d3": 8.4, "tmin_d4": 7.4, "tmin_d5": 11.4, "tmin_d6": 1.9, "day_of_year": 264, "uuid": "dc565fd5-7f6d-4f2d-bfea-e097b01f9166", "inat_id": 315705458}}, {"type": "Feature", "geometry": {"type": "Point", "coordinates": [-122.1233076669, 45.2418883626]}, "properties": {"species": "Turbinellus floccosus", "date": "2025-09-22", "location": "Clackamas County, OR, USA", "elevation": 955.0, "land_cover_label": "Tree cover", "water_mask": false, "exclude_reason": "keep", "ndvi": null, "soil_moisture": null, "solar_exposure": null, "wind_exposure": null, "water_retention": null, "slope": null, "aspect": null, "num_identification_agreements": 1, "cluster": 0, "tavg": null, "tmin": 8.0, "tmax": 26.0, "prcp_d0": 0.0, "prcp_d1": 0.0, "prcp_d2": 0.0, "prcp_d3": 0.0, "prcp_d4": 0.0, "prcp_d5": 0.0, "prcp_d6": 0.0, "tmax_d0": 21.8, "tmax_d1": 20.1, "tmax_d2": 21.5, "tmax_d3": 23.3, "tmax_d4": 19.8, "tmax_d5": 22.8, "tmax_d6": 23.9, "tmin_d0": 2.1, "tmin_d1": 7.1, "tmin_d2": 7.2, "tmin_d3": 6.5, "tmin_d4": 9.6, "tmin_d5": 8.6, "tmin_d6": 10.2, "day_of_year": 265, "uuid": "8d6cee54-842c-4e00-adcb-371216d629d5", "inat_id": 316105561}}, {"type": "Feature", "geometry": {"type": "Point", "coordinates": [-121.6054984656, 45.4135101012]}, "properties": {"species": "Turbinellus floccosus", "date": "2025-09-28", "location": "Tilly Jane Ski Trail, Mount Hood Parkdale, OR, US", "elevation": 1206.0, "land_cover_label": "Tree cover", "water_mask": false, "exclude_reason": "keep", "ndvi": null, "soil_moisture": null, "solar_exposure": null, "wind_exposure": null, "water_retention": null, "slope": null, "aspect": null, "num_identification_agreements": 1, "cluster": 0, "tavg": null, "tmin": 7.0, "tmax": 25.0, "prcp_d0": 0.0, "prcp_d1": 0.0, "prcp_d2": 0.0, "prcp_d3": 0.0, "prcp_d4": 0.0, "prcp_d5": 0.0, "prcp_d6": 0.0, "tmax_d0": 22.0, "tmax_d1": 22.1, "tmax_d2": 17.9, "tmax_d3": 22.9, "tmax_d4": 24.2, "tmax_d5": 20.9, "tmax_d6": 18.2, "tmin_d0": 9.9, "tmin_d1": 7.7, "tmin_d2": 4.2, "tmin_d3": 9.7, "tmin_d4": 9.8, "tmin_d5": 7.4, "tmin_d6": 3.3, "day_of_year": 271, "uuid": "516c39a1-d239-4171-b9f1-be5386886c48", "inat_id": 317444267}}, {"type": "Feature", "geometry": {"type": "Point", "coordinates": [-122.1191333333, 45.5405716667]}, "properties": {"species": "Turbinellus floccosus", "date": "2025-09-29", "location": "Zigzag Ranger Station, Corbett, OR, US", "elevation": 782.0, "land_cover_label": "Tree cover", "water_mask": false, "exclude_reason": "keep", "ndvi": null, "soil_moisture": null, "solar_exposure": null, "wind_exposure": null, "water_retention": null, "slope": null, "aspect": null, "num_identification_agreements": 2, "cluster": 0, "tavg": null, "tmin": 13.0, "tmax": 18.0, "prcp_d0": 26.625194549560547, "prcp_d1": 0.0, "prcp_d2": 0.0, "prcp_d3": 0.0, "prcp_d4": 0.0, "prcp_d5": 0.0, "prcp_d6": 0.0, "tmax_d0": 18.1, "tmax_d1": 19.3, "tmax_d2": 22.9, "tmax_d3": 16.4, "tmax_d4": 21.1, "tmax_d5": 24.1, "tmax_d6": 22.9, "tmin_d0": 9.9, "tmin_d1": 9.8, "tmin_d2": 7.9, "tmin_d3": 4.0, "tmin_d4": 7.9, "tmin_d5": 9.9, "tmin_d6": 10.4, "day_of_year": 272, "uuid": "cd92145c-4c03-4d3c-ad0b-c5a01895986b", "inat_id": 332670255}}, {"type": "Feature", "geometry": {"type": "Point", "coordinates": [-121.7813695595, 45.3008645792]}, "properties": {"species": "Turbinellus floccosus", "date": "2025-10-03", "location": "Rhododendron, OR 97049, USA", "elevation": 1122.0, "land_cover_label": "Tree cover", "water_mask": false, "exclude_reason": "keep", "ndvi": null, "soil_moisture": null, "solar_exposure": null, "wind_exposure": null, "water_retention": null, "slope": null, "aspect": null, "num_identification_agreements": 2, "cluster": 0, "tavg": null, "tmin": 7.0, "tmax": 21.0, "prcp_d0": 0.0, "prcp_d1": 0.0, "prcp_d2": 0.0, "prcp_d3": 0.0, "prcp_d4": 34.053504943847656, "prcp_d5": 0.0, "prcp_d6": 0.0, "tmax_d0": 11.8, "tmax_d1": 13.3, "tmax_d2": 10.6, "tmax_d3": 14.3, "tmax_d4": 18.0, "tmax_d5": 20.8, "tmax_d6": 24.0, "tmin_d0": 3.5, "tmin_d1": 4.5, "tmin_d2": 6.8, "tmin_d3": 5.0, "tmin_d4": 10.0, "tmin_d5": 11.7, "tmin_d6": 9.7, "day_of_year": 276, "uuid": "e4b9eaba-ecdb-434c-a666-6947c8c461bb", "inat_id": 318544015}}, {"type": "Feature", "geometry": {"type": "Point", "coordinates": [-121.9273296744, 44.5496272174]}, "properties": {"species": "Turbinellus floccosus", "date": "2025-10-04", "location": "Sisters, OR 97759, USA", "elevation": 1436.0, "land_cover_label": "Tree cover", "water_mask": false, "exclude_reason": "keep", "ndvi": null, "soil_moisture": null, "solar_exposure": null, "wind_exposure": null, "water_retention": null, "slope": null, "aspect": null, "num_identification_agreements": 1, "cluster": 2, "tavg": null, "tmin": null, "tmax": null, "prcp_d0": 0.0, "prcp_d1": 0.0, "prcp_d2": 2.165728807449341, "prcp_d3": 8.688158988952637, "prcp_d4": 5.517217636108398, "prcp_d5": 22.0688705444336, "prcp_d6": 0.0, "tmax_d0": 10.8, "tmax_d1": 11.8, "tmax_d2": 12.5, "tmax_d3": 10.3, "tmax_d4": 12.5, "tmax_d5": 17.6, "tmax_d6": 21.0, "tmin_d0": 3.9, "tmin_d1": 4.4, "tmin_d2": 4.1, "tmin_d3": 5.6, "tmin_d4": 3.7, "tmin_d5": 8.0, "tmin_d6": 10.4, "day_of_year": 277, "uuid": "d034981c-ef75-4f7e-bac1-4ca43a06c270", "inat_id": 318731433}}, {"type": "Feature", "geometry": {"type": "Point", "coordinates": [-121.9221027195, 44.5469745315]}, "properties": {"species": "Turbinellus floccosus", "date": "2025-10-04", "location": "Sisters, OR 97759, USA", "elevation": 1428.0, "land_cover_label": "Tree cover", "water_mask": false, "exclude_reason": "keep", "ndvi": null, "soil_moisture": null, "solar_exposure": null, "wind_exposure": null, "water_retention": null, "slope": null, "aspect": null, "num_identification_agreements": 1, "cluster": 2, "tavg": null, "tmin": null, "tmax": null, "prcp_d0": 0.0, "prcp_d1": 0.0, "prcp_d2": 2.165728807449341, "prcp_d3": 8.688158988952637, "prcp_d4": 5.517217636108398, "prcp_d5": 22.0688705444336, "prcp_d6": 0.0, "tmax_d0": 10.8, "tmax_d1": 11.8, "tmax_d2": 12.5, "tmax_d3": 10.3, "tmax_d4": 12.5, "tmax_d5": 17.6, "tmax_d6": 21.0, "tmin_d0": 3.9, "tmin_d1": 4.4, "tmin_d2": 4.1, "tmin_d3": 5.6, "tmin_d4": 3.7, "tmin_d5": 8.0, "tmin_d6": 10.4, "day_of_year": 277, "uuid": "87dc11e0-2153-4382-a520-bb279701df3b", "inat_id": 318733760}}, {"type": "Feature", "geometry": {"type": "Point", "coordinates": [-121.8407684192, 45.1419742744]}, "properties": {"species": "Turbinellus floccosus", "date": "2025-10-04", "location": "Clackamas County, OR, USA", "elevation": 1243.0, "land_cover_label": "Tree cover", "water_mask": false, "exclude_reason": "keep", "ndvi": null, "soil_moisture": null, "solar_exposure": null, "wind_exposure": null, "water_retention": null, "slope": null, "aspect": null, "num_identification_agreements": 2, "cluster": 0, "tavg": null, "tmin": null, "tmax": null, "prcp_d0": 0.0, "prcp_d1": 0.0, "prcp_d2": 0.0, "prcp_d3": 0.0, "prcp_d4": 0.0, "prcp_d5": 24.837053298950195, "prcp_d6": 0.0, "tmax_d0": 10.6, "tmax_d1": 12.5, "tmax_d2": 13.8, "tmax_d3": 10.7, "tmax_d4": 14.2, "tmax_d5": 18.8, "tmax_d6": 21.2, "tmin_d0": 5.5, "tmin_d1": 4.6, "tmin_d2": 4.5, "tmin_d3": 6.8, "tmin_d4": 4.7, "tmin_d5": 9.1, "tmin_d6": 10.6, "day_of_year": 277, "uuid": "84c7d682-e7b5-417f-886c-4d45cb8e7f1d", "inat_id": 319813681}}, {"type": "Feature", "geometry": {"type": "Point", "coordinates": [-121.69152, 45.25802]}, "properties": {"species": "Turbinellus floccosus", "date": "2025-10-05", "location": "Mt. Hood Park Division Recreation Area, Mount Hood Parkdale, OR, US", "elevation": 1325.0, "land_cover_label": "Tree cover", "water_mask": false, "exclude_reason": "keep", "ndvi": null, "soil_moisture": null, "solar_exposure": null, "wind_exposure": null, "water_retention": null, "slope": null, "aspect": null, "num_identification_agreements": 1, "cluster": 2, "tavg": null, "tmin": 5.0, "tmax": 21.0, "prcp_d0": 0.0, "prcp_d1": 0.0, "prcp_d2": 0.0, "prcp_d3": 0.0, "prcp_d4": 0.0, "prcp_d5": 0.0, "prcp_d6": 34.64523696899414, "tmax_d0": 11.6, "tmax_d1": 9.7, "tmax_d2": 11.1, "tmax_d3": 12.8, "tmax_d4": 9.3, "tmax_d5": 13.6, "tmax_d6": 17.9, "tmin_d0": 3.0, "tmin_d1": 5.1, "tmin_d2": 3.5, "tmin_d3": 3.5, "tmin_d4": 5.6, "tmin_d5": 4.5, "tmin_d6": 9.2, "day_of_year": 278, "uuid": "09d2abae-88dd-495d-9140-81b341afd3f3", "inat_id": 319065518}}, {"type": "Feature", "geometry": {"type": "Point", "coordinates": [-121.7411136238, 45.2710302345]}, "properties": {"species": "Turbinellus floccosus", "date": "2025-10-05", "location": "Trillium Lake Loop, Government Camp, OR, US", "elevation": 1120.0, "land_cover_label": "Tree cover", "water_mask": false, "exclude_reason": "keep", "ndvi": null, "soil_moisture": null, "solar_exposure": null, "wind_exposure": null, "water_retention": null, "slope": null, "aspect": null, "num_identification_agreements": 1, "cluster": 2, "tavg": null, "tmin": 5.0, "tmax": 21.0, "prcp_d0": 0.0, "prcp_d1": 0.0, "prcp_d2": 0.0, "prcp_d3": 0.0, "prcp_d4": 14.488534927368164, "prcp_d5": 0.0, "prcp_d6": 40.40922927856445, "tmax_d0": 12.6, "tmax_d1": 10.6, "tmax_d2": 12.1, "tmax_d3": 13.7, "tmax_d4": 10.2, "tmax_d5": 14.6, "tmax_d6": 18.9, "tmin_d0": 4.0, "tmin_d1": 6.0, "tmin_d2": 4.5, "tmin_d3": 4.5, "tmin_d4": 6.5, "tmin_d5": 5.5, "tmin_d6": 10.1, "day_of_year": 278, "uuid": "04952d2b-902d-48fd-b8b5-3832f6f9b106", "inat_id": 319265455}}, {"type": "Feature", "geometry": {"type": "Point", "coordinates": [-121.7422716017, 45.2668768298]}, "properties": {"species": "Turbinellus floccosus", "date": "2025-10-09", "location": "Trillium Lake Loop, Government Camp, OR, US", "elevation": 1099.0, "land_cover_label": "Tree cover", "water_mask": false, "exclude_reason": "keep", "ndvi": null, "soil_moisture": null, "solar_exposure": null, "wind_exposure": null, "water_retention": null, "slope": null, "aspect": null, "num_identification_agreements": 1, "cluster": 0, "tavg": null, "tmin": 10.0, "tmax": 18.0, "prcp_d0": 11.813307762145996, "prcp_d1": 0.0, "prcp_d2": 0.0, "prcp_d3": 0.0, "prcp_d4": 0.0, "prcp_d5": 0.0, "prcp_d6": 0.0, "tmax_d0": 14.9, "tmax_d1": 17.8, "tmax_d2": 19.9, "tmax_d3": 14.2, "tmax_d4": 12.9, "tmax_d5": 11.0, "tmax_d6": 12.4, "tmin_d0": 5.8, "tmin_d1": 7.2, "tmin_d2": 9.3, "tmin_d3": 6.5, "tmin_d4": 4.3, "tmin_d5": 6.4, "tmin_d6": 4.8, "day_of_year": 282, "uuid": "7ca981c3-c936-47a2-95dd-f4748697c2c4", "inat_id": 319855069}}, {"type": "Feature", "geometry": {"type": "Point", "coordinates": [-122.0905528333, 45.5292633333]}, "properties": {"species": "Turbinellus floccosus", "date": "2025-10-10", "location": "Corbett, OR, US", "elevation": 1212.0, "land_cover_label": "Tree cover", "water_mask": false, "exclude_reason": "keep", "ndvi": null, "soil_moisture": null, "solar_exposure": null, "wind_exposure": null, "water_retention": null, "slope": null, "aspect": null, "num_identification_agreements": 1, "cluster": 0, "tavg": null, "tmin": 10.6, "tmax": 15.0, "prcp_d0": 6.6397576332092285, "prcp_d1": 15.881731986999512, "prcp_d2": 0.0, "prcp_d3": 0.0, "prcp_d4": 0.0, "prcp_d5": 0.0, "prcp_d6": 2.576645612716675, "tmax_d0": 11.0, "tmax_d1": 11.6, "tmax_d2": 16.5, "tmax_d3": 17.8, "tmax_d4": 14.2, "tmax_d5": 13.1, "tmax_d6": 10.1, "tmin_d0": 3.0, "tmin_d1": 3.1, "tmin_d2": 2.1, "tmin_d3": 5.1, "tmin_d4": 4.8, "tmin_d5": 2.2, "tmin_d6": 5.6, "day_of_year": 283, "uuid": "99d03bab-6521-4050-8531-7cff63ec78f7", "inat_id": 320253693}}, {"type": "Feature", "geometry": {"type": "Point", "coordinates": [-121.8050985236, 45.1266407408]}, "properties": {"species": "Turbinellus floccosus", "date": "2025-10-10", "location": "Clackamas County, US-OR, US", "elevation": 1028.0, "land_cover_label": "Tree cover", "water_mask": false, "exclude_reason": "keep", "ndvi": null, "soil_moisture": null, "solar_exposure": null, "wind_exposure": null, "water_retention": null, "slope": null, "aspect": null, "num_identification_agreements": 1, "cluster": 0, "tavg": null, "tmin": null, "tmax": null, "prcp_d0": 2.0866236686706543, "prcp_d1": 3.3596794605255127, "prcp_d2": 0.1163157075643539, "prcp_d3": 1.2673009450736572e-06, "prcp_d4": 0.0, "prcp_d5": 0.0, "prcp_d6": 0.0, "tmax_d0": 14.1, "tmax_d1": 15.1, "tmax_d2": 18.9, "tmax_d3": 20.8, "tmax_d4": 14.1, "tmax_d5": 13.2, "tmax_d6": 12.0, "tmin_d0": 5.0, "tmin_d1": 4.9, "tmin_d2": 5.4, "tmin_d3": 6.6, "tmin_d4": 5.8, "tmin_d5": 4.5, "tmin_d6": 6.7, "day_of_year": 283, "uuid": "fa5c970b-e6e0-4bd3-8b35-d1affe05ad22", "inat_id": 320078127}}, {"type": "Feature", "geometry": {"type": "Point", "coordinates": [-121.5876166667, 45.3267133333]}, "properties": {"species": "Turbinellus floccosus", "date": "2025-10-10", "location": "Mount Hood Parkdale, OR, US", "elevation": 1200.0, "land_cover_label": "Tree cover", "water_mask": false, "exclude_reason": "keep", "ndvi": null, "soil_moisture": null, "solar_exposure": null, "wind_exposure": null, "water_retention": null, "slope": null, "aspect": null, "num_identification_agreements": 1, "cluster": 0, "tavg": null, "tmin": 8.0, "tmax": 15.0, "prcp_d0": 1.075927495956421, "prcp_d1": 2.436506509780884, "prcp_d2": 0.0607784427702426, "prcp_d3": 7.626806564076105e-07, "prcp_d4": 0.0, "prcp_d5": 0.0, "prcp_d6": 0.0, "tmax_d0": 13.0, "tmax_d1": 13.9, "tmax_d2": 18.7, "tmax_d3": 19.3, "tmax_d4": 13.3, "tmax_d5": 11.8, "tmax_d6": 11.3, "tmin_d0": 4.6, "tmin_d1": 4.7, "tmin_d2": 7.0, "tmin_d3": 6.5, "tmin_d4": 5.3, "tmin_d5": 3.3, "tmin_d6": 5.8, "day_of_year": 283, "uuid": "d683cf6e-4eb0-4f43-a51f-47ad02568dec", "inat_id": 327072421}}, {"type": "Feature", "geometry": {"type": "Point", "coordinates": [-121.7767444444, 45.316225]}, "properties": {"species": "Turbinellus floccosus", "date": "2025-10-11", "location": "Mt Hood, OR 97041, USA", "elevation": 1186.0, "land_cover_label": "Tree cover", "water_mask": false, "exclude_reason": "keep", "ndvi": null, "soil_moisture": null, "solar_exposure": null, "wind_exposure": null, "water_retention": null, "slope": null, "aspect": null, "num_identification_agreements": 1, "cluster": 0, "tavg": null, "tmin": 8.0, "tmax": 13.0, "prcp_d0": 0.0, "prcp_d1": 5.683432102203369, "prcp_d2": 11.774738311767578, "prcp_d3": 0.3719712495803833, "prcp_d4": 3.3680908018141054e-06, "prcp_d5": 0.0, "prcp_d6": 0.0, "tmax_d0": 7.4, "tmax_d1": 14.1, "tmax_d2": 14.9, "tmax_d3": 16.3, "tmax_d4": 19.1, "tmax_d5": 14.3, "tmax_d6": 12.7, "tmin_d0": 2.5, "tmin_d1": 3.1, "tmin_d2": 4.3, "tmin_d3": 5.1, "tmin_d4": 7.6, "tmin_d5": 4.0, "tmin_d6": 2.1, "day_of_year": 284, "uuid": "2e7ad345-7eea-4d6c-9fd3-0b54c55b7575", "inat_id": 320270208}}, {"type": "Feature", "geometry": {"type": "Point", "coordinates": [-122.1230621338, 45.2357292175]}, "properties": {"species": "Turbinellus floccosus", "date": "2025-10-11", "location": "Clackamas County, US-OR, US", "elevation": 976.0, "land_cover_label": "Tree cover", "water_mask": false, "exclude_reason": "keep", "ndvi": null, "soil_moisture": null, "solar_exposure": null, "wind_exposure": null, "water_retention": null, "slope": null, "aspect": null, "num_identification_agreements": 1, "cluster": 0, "tavg": null, "tmin": 10.0, "tmax": 14.0, "prcp_d0": 0.0, "prcp_d1": 5.8921217918396, "prcp_d2": 9.941905975341797, "prcp_d3": 0.0, "prcp_d4": 0.0, "prcp_d5": 0.0, "prcp_d6": 0.0, "tmax_d0": 8.3, "tmax_d1": 13.4, "tmax_d2": 14.7, "tmax_d3": 18.8, "tmax_d4": 21.6, "tmax_d5": 15.7, "tmax_d6": 14.7, "tmin_d0": 4.1, "tmin_d1": 4.7, "tmin_d2": 3.3, "tmin_d3": 3.3, "tmin_d4": 5.8, "tmin_d5": 5.3, "tmin_d6": 3.7, "day_of_year": 284, "uuid": "911a00bb-caef-4fa9-b0a1-26c25e3aecf0", "inat_id": 320247528}}, {"type": "Feature", "geometry": {"type": "Point", "coordinates": [-122.0897785017, 45.5463586841]}, "properties": {"species": "Turbinellus floccosus", "date": "2025-10-13", "location": "Multnomah County, US-OR, US", "elevation": 985.0, "land_cover_label": "Tree cover", "water_mask": false, "exclude_reason": "keep", "ndvi": null, "soil_moisture": null, "solar_exposure": null, "wind_exposure": null, "water_retention": null, "slope": null, "aspect": null, "num_identification_agreements": 1, "cluster": 0, "tavg": null, "tmin": 3.0, "tmax": 16.0, "prcp_d0": 5.731915473937988, "prcp_d1": 12.390398025512695, "prcp_d2": 2.915889263153076, "prcp_d3": 6.6397576332092285, "prcp_d4": 15.881731986999512, "prcp_d5": 0.0, "prcp_d6": 0.0, "tmax_d0": 6.8, "tmax_d1": 5.9, "tmax_d2": 8.6, "tmax_d3": 12.4, "tmax_d4": 13.0, "tmax_d5": 17.9, "tmax_d6": 19.2, "tmin_d0": -0.8, "tmin_d1": 3.0, "tmin_d2": 3.8, "tmin_d3": 4.4, "tmin_d4": 4.5, "tmin_d5": 3.5, "tmin_d6": 6.5, "day_of_year": 286, "uuid": "194ae626-d539-4a0a-98dc-a9e92c1a743d", "inat_id": 320779198}}, {"type": "Feature", "geometry": {"type": "Point", "coordinates": [-121.7197070608, 45.2497273749]}, "properties": {"species": "Turbinellus floccosus", "date": "2025-10-15", "location": "Government Camp, OR, US", "elevation": 1047.0, "land_cover_label": "Tree cover", "water_mask": false, "exclude_reason": "keep", "ndvi": null, "soil_moisture": null, "solar_exposure": null, "wind_exposure": null, "water_retention": null, "slope": null, "aspect": null, "num_identification_agreements": 1, "cluster": 0, "tavg": null, "tmin": 0.0, "tmax": 17.0, "prcp_d0": 0.0, "prcp_d1": 0.0, "prcp_d2": 0.0, "prcp_d3": 0.0, "prcp_d4": 0.0, "prcp_d5": 3.13219690322876, "prcp_d6": 5.834805011749268, "tmax_d0": 12.8, "tmax_d1": 7.1, "tmax_d2": 3.6, "tmax_d3": 5.6, "tmax_d4": 8.8, "tmax_d5": 14.5, "tmax_d6": 15.2, "tmin_d0": 1.5, "tmin_d1": -0.2, "tmin_d2": -2.2, "tmin_d3": 2.5, "tmin_d4": 3.9, "tmin_d5": 5.0, "tmin_d6": 6.1, "day_of_year": 288, "uuid": "8bc94c3d-b7f0-401a-897d-4bc6ff27053d", "inat_id": 321520210}}, {"type": "Feature", "geometry": {"type": "Point", "coordinates": [-122.125335, 44.8232089722]}, "properties": {"species": "Turbinellus floccosus", "date": "2025-10-17", "location": "Marion County, US-OR, US", "elevation": 1171.0, "land_cover_label": "Tree cover", "water_mask": false, "exclude_reason": "keep", "ndvi": null, "soil_moisture": null, "solar_exposure": null, "wind_exposure": null, "water_retention": null, "slope": null, "aspect": null, "num_identification_agreements": 1, "cluster": 0, "tavg": null, "tmin": null, "tmax": null, "prcp_d0": 0.0, "prcp_d1": 0.0, "prcp_d2": 0.0, "prcp_d3": 0.0, "prcp_d4": 0.0, "prcp_d5": 0.0, "prcp_d6": 0.0, "tmax_d0": 10.6, "tmax_d1": 12.6, "tmax_d2": 12.9, "tmax_d3": 9.5, "tmax_d4": 6.4, "tmax_d5": 5.3, "tmax_d6": 7.6, "tmin_d0": 3.6, "tmin_d1": -2.1, "tmin_d2": -2.3, "tmin_d3": 0.1, "tmin_d4": -0.7, "tmin_d5": 2.8, "tmin_d6": 3.1, "day_of_year": 290, "uuid": "7a5b10d3-be8e-4d90-925c-0da3d9b291b7", "inat_id": 321906117}}, {"type": "Feature", "geometry": {"type": "Point", "coordinates": [-121.8850459708, 45.3451708656]}, "properties": {"species": "Turbinellus floccosus", "date": "2025-10-18", "location": "Oregon, US", "elevation": 1360.0, "land_cover_label": "Tree cover", "water_mask": false, "exclude_reason": "keep", "ndvi": null, "soil_moisture": null, "solar_exposure": null, "wind_exposure": null, "water_retention": null, "slope": null, "aspect": null, "num_identification_agreements": 1, "cluster": 0, "tavg": null, "tmin": 2.0, "tmax": 17.0, "prcp_d0": 0.0, "prcp_d1": 0.0, "prcp_d2": 0.0, "prcp_d3": 0.0, "prcp_d4": 0.0, "prcp_d5": 5.50275468826294, "prcp_d6": 8.114104270935059, "tmax_d0": 13.4, "tmax_d1": 6.9, "tmax_d2": 8.7, "tmax_d3": 11.1, "tmax_d4": 7.2, "tmax_d5": 3.2, "tmax_d6": 3.7, "tmin_d0": -4.5, "tmin_d1": 2.0, "tmin_d2": -1.5, "tmin_d3": -1.8, "tmin_d4": -2.1, "tmin_d5": -3.5, "tmin_d6": 0.7, "day_of_year": 291, "uuid": "04dc939c-b3bd-4763-be84-2bd748237ab3", "inat_id": 321726492}}, {"type": "Feature", "geometry": {"type": "Point", "coordinates": [-121.740355, 45.2636866667]}, "properties": {"species": "Turbinellus floccosus", "date": "2025-10-18", "location": "Mt. Hood Park Division Recreation Area, Government Camp, OR, US", "elevation": 1113.0, "land_cover_label": "Tree cover", "water_mask": false, "exclude_reason": "keep", "ndvi": null, "soil_moisture": null, "solar_exposure": null, "wind_exposure": null, "water_retention": null, "slope": null, "aspect": null, "num_identification_agreements": 1, "cluster": 0, "tavg": null, "tmin": 2.0, "tmax": 17.0, "prcp_d0": 0.0, "prcp_d1": 0.0, "prcp_d2": 0.0, "prcp_d3": 0.0, "prcp_d4": 0.0, "prcp_d5": 6.168470859527588, "prcp_d6": 7.801723957061768, "tmax_d0": 15.5, "tmax_d1": 9.1, "tmax_d2": 11.3, "tmax_d3": 12.4, "tmax_d4": 6.7, "tmax_d5": 3.2, "tmax_d6": 5.2, "tmin_d0": -0.7, "tmin_d1": 4.1, "tmin_d2": 1.5, "tmin_d3": 1.1, "tmin_d4": -0.6, "tmin_d5": -2.6, "tmin_d6": 2.1, "day_of_year": 291, "uuid": "ebe74d68-9084-4683-801e-038cc869bd39", "inat_id": 321906938}}, {"type": "Feature", "geometry": {"type": "Point", "coordinates": [-121.77138, 45.1135388333]}, "properties": {"species": "Turbinellus floccosus", "date": "2025-10-23", "location": "Zigzag Ranger Station, Estacada, OR, US", "elevation": 1020.0, "land_cover_label": "Tree cover", "water_mask": false, "exclude_reason": "keep", "ndvi": null, "soil_moisture": null, "solar_exposure": null, "wind_exposure": null, "water_retention": null, "slope": null, "aspect": null, "num_identification_agreements": 1, "cluster": 0, "tavg": null, "tmin": null, "tmax": null, "prcp_d0": 0.0, "prcp_d1": 9.432025909423828, "prcp_d2": 0.0, "prcp_d3": 0.0, "prcp_d4": 0.0, "prcp_d5": 0.0, "prcp_d6": 0.0, "tmax_d0": 16.1, "tmax_d1": 15.1, "tmax_d2": 17.5, "tmax_d3": 12.6, "tmax_d4": 15.4, "tmax_d5": 17.9, "tmax_d6": 10.8, "tmin_d0": 4.7, "tmin_d1": 4.7, "tmin_d2": 3.4, "tmin_d3": 3.5, "tmin_d4": 4.6, "tmin_d5": -0.2, "tmin_d6": 3.7, "day_of_year": 296, "uuid": "e95ba8ae-81bf-408e-9809-4c6d7d15d6d5", "inat_id": 323388540}}, {"type": "Feature", "geometry": {"type": "Point", "coordinates": [-122.073075, 45.3057616667]}, "properties": {"species": "Turbinellus floccosus", "date": "2025-10-26", "location": "Zigzag Ranger Station, Sandy, OR, US", "elevation": 995.0, "land_cover_label": "Tree cover", "water_mask": false, "exclude_reason": "keep", "ndvi": null, "soil_moisture": null, "solar_exposure": null, "wind_exposure": null, "water_retention": null, "slope": null, "aspect": null, "num_identification_agreements": 1, "cluster": 1, "tavg": null, "tmin": 4.0, "tmax": 11.0, "prcp_d0": 0.0, "prcp_d1": 17.944913864135742, "prcp_d2": 0.0, "prcp_d3": 17.944913864135742, "prcp_d4": 0.0, "prcp_d5": 0.0, "prcp_d6": 0.0, "tmax_d0": 3.9, "tmax_d1": 7.8, "tmax_d2": 12.1, "tmax_d3": 15.1, "tmax_d4": 13.1, "tmax_d5": 16.1, "tmax_d6": 11.1, "tmin_d0": 0.8, "tmin_d1": 1.6, "tmin_d2": 4.0, "tmin_d3": 3.3, "tmin_d4": 4.3, "tmin_d5": -0.9, "tmin_d6": 2.0, "day_of_year": 299, "uuid": "0e2e22aa-3d58-4f4e-81e8-6ff96c3bb66e", "inat_id": 323331524}}, {"type": "Feature", "geometry": {"type": "Point", "coordinates": [-122.0443805, 45.3713583333]}, "properties": {"species": "Turbinellus floccosus", "date": "2025-10-26", "location": "Sandy, OR, US", "elevation": 416.0, "land_cover_label": "Tree cover", "water_mask": false, "exclude_reason": "keep", "ndvi": null, "soil_moisture": null, "solar_exposure": null, "wind_exposure": null, "water_retention": null, "slope": null, "aspect": null, "num_identification_agreements": 1, "cluster": 1, "tavg": null, "tmin": 4.0, "tmax": 11.0, "prcp_d0": 17.850481033325195, "prcp_d1": 31.827411651611328, "prcp_d2": 5.66553258895874, "prcp_d3": 0.0, "prcp_d4": 0.0, "prcp_d5": 0.0, "prcp_d6": 2.4354777336120605, "tmax_d0": 7.6, "tmax_d1": 11.2, "tmax_d2": 15.1, "tmax_d3": 17.7, "tmax_d4": 16.0, "tmax_d5": 18.2, "tmax_d6": 14.0, "tmin_d0": 4.4, "tmin_d1": 4.7, "tmin_d2": 7.1, "tmin_d3": 7.0, "tmin_d4": 7.2, "tmin_d5": 0.4, "tmin_d6": 5.8, "day_of_year": 299, "uuid": "d2766582-bb72-445f-9694-144d19cf93de", "inat_id": 324101087}}, {"type": "Feature", "geometry": {"type": "Point", "coordinates": [-121.5039151534, 45.485159751]}, "properties": {"species": "Turbinellus floccosus", "date": "2025-10-29", "location": "Mt Hood, OR 97041, USA", "elevation": 1257.0, "land_cover_label": "Tree cover", "water_mask": false, "exclude_reason": "keep", "ndvi": null, "soil_moisture": null, "solar_exposure": null, "wind_exposure": null, "water_retention": null, "slope": null, "aspect": null, "num_identification_agreements": 1, "cluster": 0, "tavg": null, "tmin": 3.0, "tmax": 15.0, "prcp_d0": 0.0, "prcp_d1": 0.0, "prcp_d2": 0.0, "prcp_d3": 0.0, "prcp_d4": 0.0, "prcp_d5": 22.76858329772949, "prcp_d6": 0.0, "tmax_d0": 7.8, "tmax_d1": 5.8, "tmax_d2": 5.2, "tmax_d3": 3.5, "tmax_d4": 8.3, "tmax_d5": 11.9, "tmax_d6": 12.6, "tmin_d0": 3.4, "tmin_d1": -1.5, "tmin_d2": -1.0, "tmin_d3": -0.9, "tmin_d4": -0.9, "tmin_d5": 4.2, "tmin_d6": 2.5, "day_of_year": 302, "uuid": "eaf3e424-c2e2-4d49-9284-a267bf36f81b", "inat_id": 323954359}}, {"type": "Feature", "geometry": {"type": "Point", "coordinates": [-122.1170278333, 45.5405416667]}, "properties": {"species": "Turbinellus floccosus", "date": "2025-10-29", "location": "Zigzag Ranger Station, Corbett, OR, US", "elevation": 800.0, "land_cover_label": "Tree cover", "water_mask": false, "exclude_reason": "keep", "ndvi": null, "soil_moisture": null, "solar_exposure": null, "wind_exposure": null, "water_retention": null, "slope": null, "aspect": null, "num_identification_agreements": 1, "cluster": 2, "tavg": null, "tmin": 6.0, "tmax": 16.0, "prcp_d0": 10.210561752319336, "prcp_d1": 0.0, "prcp_d2": 3.753908395767212, "prcp_d3": 18.404651641845703, "prcp_d4": 43.05906677246094, "prcp_d5": 10.138154983520508, "prcp_d6": 0.0, "tmax_d0": 9.7, "tmax_d1": 8.4, "tmax_d2": 6.3, "tmax_d3": 4.7, "tmax_d4": 8.7, "tmax_d5": 12.2, "tmax_d6": 15.3, "tmin_d0": 5.7, "tmin_d1": 1.2, "tmin_d2": 0.9, "tmin_d3": 1.2, "tmin_d4": 2.0, "tmin_d5": 5.3, "tmin_d6": 5.4, "day_of_year": 302, "uuid": "51c6cc90-34f7-400f-9cd5-dc5aca8f18d4", "inat_id": 324028698}}, {"type": "Feature", "geometry": {"type": "Point", "coordinates": [-122.078338623, 45.5287590027]}, "properties": {"species": "Turbinellus floccosus", "date": "2025-11-02", "location": "Multnomah County, US-OR, US", "elevation": 1119.0, "land_cover_label": "Tree cover", "water_mask": false, "exclude_reason": "keep", "ndvi": null, "soil_moisture": null, "solar_exposure": null, "wind_exposure": null, "water_retention": null, "slope": null, "aspect": null, "num_identification_agreements": 1, "cluster": 0, "tavg": null, "tmin": 6.0, "tmax": 15.0, "prcp_d0": 0.0, "prcp_d1": 0.0, "prcp_d2": 0.0, "prcp_d3": 0.0, "prcp_d4": 9.77792263031006, "prcp_d5": 0.0, "prcp_d6": 3.5198142528533936, "tmax_d0": 7.0, "tmax_d1": 9.5, "tmax_d2": 9.9, "tmax_d3": 6.8, "tmax_d4": 7.5, "tmax_d5": 6.2, "tmax_d6": 4.1, "tmin_d0": 1.6, "tmin_d1": 5.8, "tmin_d2": -0.6, "tmin_d3": 1.0, "tmin_d4": 3.6, "tmin_d5": -1.0, "tmin_d6": -1.2, "day_of_year": 306, "uuid": "fc6d2321-0d72-43bc-9c12-a2351983987a", "inat_id": 324600632}}, {"type": "Feature", "geometry": {"type": "Point", "coordinates": [-122.0795277778, 45.5468361111]}, "properties": {"species": "Turbinellus floccosus", "date": "2025-11-02", "location": "Cascade Locks, OR 97014, USA", "elevation": 886.0, "land_cover_label": "Tree cover", "water_mask": false, "exclude_reason": "keep", "ndvi": null, "soil_moisture": null, "solar_exposure": null, "wind_exposure": null, "water_retention": null, "slope": null, "aspect": null, "num_identification_agreements": 1, "cluster": 0, "tavg": null, "tmin": 6.0, "tmax": 15.0, "prcp_d0": 0.0, "prcp_d1": 0.0, "prcp_d2": 0.0, "prcp_d3": 0.0, "prcp_d4": 9.77792263031006, "prcp_d5": 0.0, "prcp_d6": 3.5198142528533936, "tmax_d0": 8.6, "tmax_d1": 11.1, "tmax_d2": 11.5, "tmax_d3": 8.4, "tmax_d4": 9.1, "tmax_d5": 7.8, "tmax_d6": 5.7, "tmin_d0": 3.2, "tmin_d1": 7.4, "tmin_d2": 1.0, "tmin_d3": 2.6, "tmin_d4": 5.2, "tmin_d5": 0.6, "tmin_d6": 0.4, "day_of_year": 306, "uuid": "5be7b7c8-4e9b-4801-b24e-29349ddf4f4a", "inat_id": 324744432}}, {"type": "Feature", "geometry": {"type": "Point", "coordinates": [-121.7954416667, 45.3579533333]}, "properties": {"species": "Turbinellus floccosus", "date": "2025-11-02", "location": "Burnt Lake North, Rhododendron, OR, US", "elevation": 1019.0, "land_cover_label": "Tree cover", "water_mask": false, "exclude_reason": "keep", "ndvi": null, "soil_moisture": null, "solar_exposure": null, "wind_exposure": null, "water_retention": null, "slope": null, "aspect": null, "num_identification_agreements": 1, "cluster": 0, "tavg": null, "tmin": 5.0, "tmax": 14.0, "prcp_d0": 0.0, "prcp_d1": 0.0, "prcp_d2": 0.0, "prcp_d3": 0.0, "prcp_d4": 0.0, "prcp_d5": 0.0, "prcp_d6": 0.0, "tmax_d0": 9.2, "tmax_d1": 11.1, "tmax_d2": 14.1, "tmax_d3": 8.7, "tmax_d4": 8.6, "tmax_d5": 10.2, "tmax_d6": 4.6, "tmin_d0": 3.1, "tmin_d1": 7.4, "tmin_d2": 0.7, "tmin_d3": -0.2, "tmin_d4": 4.3, "tmin_d5": -1.7, "tmin_d6": -0.1, "day_of_year": 306, "uuid": "57c16835-81ad-4a99-ac4e-8a67d97dc731", "inat_id": 324978059}}, {"type": "Feature", "geometry": {"type": "Point", "coordinates": [-121.7993866667, 45.3602616667]}, "properties": {"species": "Turbinellus floccosus", "date": "2025-11-02", "location": "Burnt Lake North, Rhododendron, OR, US", "elevation": 985.0, "land_cover_label": "Tree cover", "water_mask": false, "exclude_reason": "keep", "ndvi": null, "soil_moisture": null, "solar_exposure": null, "wind_exposure": null, "water_retention": null, "slope": null, "aspect": null, "num_identification_agreements": 1, "cluster": 0, "tavg": null, "tmin": 5.0, "tmax": 14.0, "prcp_d0": 0.0, "prcp_d1": 0.0, "prcp_d2": 0.0, "prcp_d3": 0.0, "prcp_d4": 0.0, "prcp_d5": 0.0, "prcp_d6": 0.0, "tmax_d0": 9.4, "tmax_d1": 11.3, "tmax_d2": 14.4, "tmax_d3": 9.0, "tmax_d4": 8.8, "tmax_d5": 10.4, "tmax_d6": 4.9, "tmin_d0": 3.4, "tmin_d1": 7.7, "tmin_d2": 1.0, "tmin_d3": 0.1, "tmin_d4": 4.5, "tmin_d5": -1.4, "tmin_d6": 0.1, "day_of_year": 306, "uuid": "25aecfa4-7232-4845-8b2a-86b7861f1fa0", "inat_id": 325068445}}, {"type": "Feature", "geometry": {"type": "Point", "coordinates": [-122.1143442878, 45.5384072139]}, "properties": {"species": "Turbinellus floccosus", "date": "2025-11-08", "location": "Multnomah County, US-OR, US", "elevation": 847.0, "land_cover_label": "Tree cover", "water_mask": false, "exclude_reason": "keep", "ndvi": null, "soil_moisture": null, "solar_exposure": null, "wind_exposure": null, "water_retention": null, "slope": null, "aspect": null, "num_identification_agreements": 1, "cluster": 1, "tavg": null, "tmin": 4.0, "tmax": 14.3, "prcp_d0": 0.0, "prcp_d1": 60.018104553222656, "prcp_d2": 0.0, "prcp_d3": 110.54826354980467, "prcp_d4": 27.63706588745117, "prcp_d5": 27.63706588745117, "prcp_d6": 0.0, "tmax_d0": 10.5, "tmax_d1": 8.5, "tmax_d2": 10.9, "tmax_d3": 11.6, "tmax_d4": 8.9, "tmax_d5": 7.2, "tmax_d6": 8.9, "tmin_d0": 0.5, "tmin_d1": 3.5, "tmin_d2": 5.1, "tmin_d3": 3.9, "tmin_d4": 3.3, "tmin_d5": 3.0, "tmin_d6": 3.5, "day_of_year": 312, "uuid": "d679595c-8d88-4610-8c4c-5fb6d1f6a6df", "inat_id": 326255442}}, {"type": "Feature", "geometry": {"type": "Point", "coordinates": [-121.7418133333, 45.2698583333]}, "properties": {"species": "Turbinellus floccosus", "date": "2025-11-09", "location": "Trillium Lake Loop, Government Camp, OR, US", "elevation": 1127.0, "land_cover_label": "Tree cover", "water_mask": false, "exclude_reason": "keep", "ndvi": null, "soil_moisture": null, "solar_exposure": null, "wind_exposure": null, "water_retention": null, "slope": null, "aspect": null, "num_identification_agreements": 1, "cluster": 2, "tavg": null, "tmin": 2.0, "tmax": 12.0, "prcp_d0": 0.0, "prcp_d1": 0.0, "prcp_d2": 0.0, "prcp_d3": 0.0, "prcp_d4": 126.44536590576172, "prcp_d5": 0.0, "prcp_d6": 0.0, "tmax_d0": 13.0, "tmax_d1": 8.3, "tmax_d2": 7.1, "tmax_d3": 8.1, "tmax_d4": 8.2, "tmax_d5": 7.4, "tmax_d6": 6.7, "tmin_d0": 4.3, "tmin_d1": -0.6, "tmin_d2": 1.9, "tmin_d3": 3.3, "tmin_d4": 4.0, "tmin_d5": 3.0, "tmin_d6": 2.4, "day_of_year": 313, "uuid": "79aa227d-2d98-472b-bac4-38f8c6fb6ef1", "inat_id": 325814169}}, {"type": "Feature", "geometry": {"type": "Point", "coordinates": [-122.2564883154, 45.1676622143]}, "properties": {"species": "Turbinellus floccosus", "date": "2025-11-09", "location": "Mt. Hood National Forest, Colton, OR, US", "elevation": 865.0, "land_cover_label": "Tree cover", "water_mask": false, "exclude_reason": "keep", "ndvi": null, "soil_moisture": null, "solar_exposure": null, "wind_exposure": null, "water_retention": null, "slope": null, "aspect": null, "num_identification_agreements": 1, "cluster": 2, "tavg": null, "tmin": 4.0, "tmax": 16.0, "prcp_d0": 0.0, "prcp_d1": 0.0, "prcp_d2": 0.0, "prcp_d3": 0.0, "prcp_d4": 139.26429748535156, "prcp_d5": 34.81607437133789, "prcp_d6": 0.0, "tmax_d0": 17.0, "tmax_d1": 13.4, "tmax_d2": 9.4, "tmax_d3": 12.0, "tmax_d4": 12.0, "tmax_d5": 13.2, "tmax_d6": 8.1, "tmin_d0": 3.8, "tmin_d1": 0.4, "tmin_d2": 3.7, "tmin_d3": 6.1, "tmin_d4": 4.7, "tmin_d5": 5.4, "tmin_d6": 3.6, "day_of_year": 313, "uuid": "357012df-258b-4521-be94-145c3a486665", "inat_id": 325774323}}, {"type": "Feature", "geometry": {"type": "Point", "coordinates": [-122.0788388889, 45.3108166667]}, "properties": {"species": "Turbinellus floccosus", "date": "2025-11-09", "location": "Sandy, OR 97055, USA", "elevation": 958.0, "land_cover_label": "Tree cover", "water_mask": false, "exclude_reason": "keep", "ndvi": null, "soil_moisture": null, "solar_exposure": null, "wind_exposure": null, "water_retention": null, "slope": null, "aspect": null, "num_identification_agreements": 1, "cluster": 2, "tavg": null, "tmin": 11.0, "tmax": 14.6, "prcp_d0": 0.0, "prcp_d1": 0.0, "prcp_d2": 52.2898063659668, "prcp_d3": 0.0, "prcp_d4": 136.43551635742188, "prcp_d5": 0.0, "prcp_d6": 0.0, "tmax_d0": 17.1, "tmax_d1": 12.3, "tmax_d2": 8.3, "tmax_d3": 11.6, "tmax_d4": 11.7, "tmax_d5": 12.3, "tmax_d6": 7.7, "tmin_d0": 7.3, "tmin_d1": -0.1, "tmin_d2": 3.0, "tmin_d3": 4.4, "tmin_d4": 6.1, "tmin_d5": 4.3, "tmin_d6": 2.9, "day_of_year": 313, "uuid": "aa3f1a76-fac5-4698-958e-26dcd414f826", "inat_id": 325809220}}, {"type": "Feature", "geometry": {"type": "Point", "coordinates": [-121.5716866667, 45.3832966667]}, "properties": {"species": "Turbinellus floccosus", "date": "2025-11-10", "location": "East Fork Trail, Mount Hood Parkdale, OR, US", "elevation": 1027.0, "land_cover_label": "Tree cover", "water_mask": false, "exclude_reason": "keep", "ndvi": null, "soil_moisture": null, "solar_exposure": null, "wind_exposure": null, "water_retention": null, "slope": null, "aspect": null, "num_identification_agreements": 1, "cluster": 2, "tavg": null, "tmin": 1.0, "tmax": 12.0, "prcp_d0": 0.0, "prcp_d1": 0.0, "prcp_d2": 0.0, "prcp_d3": 0.0, "prcp_d4": 0.0, "prcp_d5": 81.46479034423828, "prcp_d6": 0.0, "tmax_d0": 15.3, "tmax_d1": 15.1, "tmax_d2": 10.0, "tmax_d3": 7.9, "tmax_d4": 8.9, "tmax_d5": 8.3, "tmax_d6": 7.8, "tmin_d0": 6.1, "tmin_d1": 3.2, "tmin_d2": 0.1, "tmin_d3": 2.4, "tmin_d4": 4.5, "tmin_d5": 3.9, "tmin_d6": 3.2, "day_of_year": 314, "uuid": "690dfeba-fb6c-44f5-b96e-d1a93c572148", "inat_id": 326560493}}, {"type": "Feature", "geometry": {"type": "Point", "coordinates": [-122.1937716667, 44.6951533333]}, "properties": {"species": "Turbinellus floccosus", "date": "2025-11-11", "location": "Blowout Rd, Idanha, OR, US", "elevation": 532.0, "land_cover_label": "Tree cover", "water_mask": false, "exclude_reason": "keep", "ndvi": null, "soil_moisture": null, "solar_exposure": null, "wind_exposure": null, "water_retention": null, "slope": null, "aspect": null, "num_identification_agreements": 1, "cluster": 2, "tavg": null, "tmin": null, "tmax": null, "prcp_d0": 0.0, "prcp_d1": 0.0, "prcp_d2": 0.0, "prcp_d3": 0.0, "prcp_d4": 0.0, "prcp_d5": 0.0, "prcp_d6": 102.14639282226562, "tmax_d0": 19.6, "tmax_d1": 18.7, "tmax_d2": 21.9, "tmax_d3": 17.8, "tmax_d4": 11.2, "tmax_d5": 13.1, "tmax_d6": 13.5, "tmin_d0": 6.5, "tmin_d1": 5.3, "tmin_d2": 5.1, "tmin_d3": 1.2, "tmin_d4": 6.6, "tmin_d5": 8.6, "tmin_d6": 9.3, "day_of_year": 315, "uuid": "30144f67-a722-45b8-adbe-c3bccef3fee3", "inat_id": 326401533}}, {"type": "Feature", "geometry": {"type": "Point", "coordinates": [-122.0471775997, 45.2416388997]}, "properties": {"species": "Turbinellus floccosus", "date": "2025-11-19", "location": "Estacada, OR 97023, USA", "elevation": 1314.0, "land_cover_label": "Tree cover", "water_mask": false, "exclude_reason": "keep", "ndvi": null, "soil_moisture": null, "solar_exposure": null, "wind_exposure": null, "water_retention": null, "slope": null, "aspect": null, "num_identification_agreements": 1, "cluster": 0, "tavg": null, "tmin": 2.0, "tmax": 12.0, "prcp_d0": 0.0, "prcp_d1": 0.0, "prcp_d2": 0.0, "prcp_d3": 0.0, "prcp_d4": 0.0, "prcp_d5": 0.0, "prcp_d6": 26.878602981567383, "tmax_d0": 3.5, "tmax_d1": 0.6, "tmax_d2": 5.9, "tmax_d3": 8.7, "tmax_d4": 10.0, "tmax_d5": 6.7, "tmax_d6": 13.2, "tmin_d0": -5.1, "tmin_d1": -4.9, "tmin_d2": 0.9, "tmin_d3": 2.6, "tmin_d4": 4.4, "tmin_d5": 2.5, "tmin_d6": 4.9, "day_of_year": 323, "uuid": "5c333964-af77-48e9-bfed-b6a98184bea1", "inat_id": 327380853}}, {"type": "Feature", "geometry": {"type": "Point", "coordinates": [-122.3773423097, 45.3357665243]}, "properties": {"species": "Turbinellus floccosus", "date": "2025-11-25", "location": "Eagle Creek, OR, US", "elevation": 111.0, "land_cover_label": "Grassland", "water_mask": false, "exclude_reason": "keep", "ndvi": null, "soil_moisture": null, "solar_exposure": null, "wind_exposure": null, "water_retention": null, "slope": null, "aspect": null, "num_identification_agreements": 1, "cluster": 0, "tavg": null, "tmin": 4.0, "tmax": 9.0, "prcp_d0": 5.499818325042725, "prcp_d1": 9.3971586227417, "prcp_d2": 3.9220046997070312, "prcp_d3": 0.0, "prcp_d4": 0.0093073071911931, "prcp_d5": 0.0, "prcp_d6": 0.0, "tmax_d0": 8.8, "tmax_d1": 10.0, "tmax_d2": 8.1, "tmax_d3": 9.4, "tmax_d4": 9.9, "tmax_d5": 12.2, "tmax_d6": 13.9, "tmin_d0": 2.0, "tmin_d1": 3.8, "tmin_d2": 3.8, "tmin_d3": 1.3, "tmin_d4": 2.2, "tmin_d5": 4.8, "tmin_d6": 0.4, "day_of_year": 329, "uuid": "af0bbc5a-2102-45a9-9720-e3d7ca225e11", "inat_id": 328291034}}, {"type": "Feature", "geometry": {"type": "Point", "coordinates": [-122.0559521506, 44.6013351925]}, "properties": {"species": "Turbinellus floccosus", "date": "2025-11-25", "location": "Idanha, OR, US", "elevation": 1308.0, "land_cover_label": "Tree cover", "water_mask": false, "exclude_reason": "keep", "ndvi": null, "soil_moisture": null, "solar_exposure": null, "wind_exposure": null, "water_retention": null, "slope": null, "aspect": null, "num_identification_agreements": 1, "cluster": 0, "tavg": null, "tmin": null, "tmax": null, "prcp_d0": 3.371964454650879, "prcp_d1": 18.099342346191406, "prcp_d2": 2.4958739280700684, "prcp_d3": 0.0, "prcp_d4": 0.0302032120525836, "prcp_d5": 0.0, "prcp_d6": 0.0, "tmax_d0": 8.3, "tmax_d1": 3.1, "tmax_d2": 5.3, "tmax_d3": 11.6, "tmax_d4": 8.5, "tmax_d5": 4.6, "tmax_d6": 6.5, "tmin_d0": -6.0, "tmin_d1": -0.6, "tmin_d2": -0.0, "tmin_d3": -2.1, "tmin_d4": -4.9, "tmin_d5": 0.2, "tmin_d6": -5.0, "day_of_year": 329, "uuid": "1dc4f6f2-a390-4965-8519-443904ec645d", "inat_id": 328280486}}, {"type": "Feature", "geometry": {"type": "Point", "coordinates": [-122.0735072882, 44.5953865127]}, "properties": {"species": "Turbinellus floccosus", "date": "2025-11-25", "location": "Idanha, OR, US", "elevation": 1120.0, "land_cover_label": "Tree cover", "water_mask": false, "exclude_reason": "keep", "ndvi": null, "soil_moisture": null, "solar_exposure": null, "wind_exposure": null, "water_retention": null, "slope": null, "aspect": null, "num_identification_agreements": 1, "cluster": 0, "tavg": null, "tmin": null, "tmax": null, "prcp_d0": 3.2696447372436523, "prcp_d1": 18.77107620239257, "prcp_d2": 2.46474289894104, "prcp_d3": 0.0, "prcp_d4": 0.0297184661030769, "prcp_d5": 0.0, "prcp_d6": 0.0, "tmax_d0": 9.1, "tmax_d1": 4.7, "tmax_d2": 6.2, "tmax_d3": 13.6, "tmax_d4": 10.0, "tmax_d5": 6.6, "tmax_d6": 8.7, "tmin_d0": -5.2, "tmin_d1": 0.9, "tmin_d2": -1.1, "tmin_d3": -4.3, "tmin_d4": -3.8, "tmin_d5": 2.3, "tmin_d6": -4.4, "day_of_year": 329, "uuid": "d6acff45-5ff5-4acb-827d-6f81ec67632d", "inat_id": 328280101}}, {"type": "Feature", "geometry": {"type": "Point", "coordinates": [-121.7232606289, 45.2920893895]}, "properties": {"species": "Turbinellus floccosus", "date": "2025-11-27", "location": "Mt. Hood Park Division Recreation Area, Government Camp, OR, US", "elevation": 1263.0, "land_cover_label": "Tree cover", "water_mask": false, "exclude_reason": "keep", "ndvi": null, "soil_moisture": null, "solar_exposure": null, "wind_exposure": null, "water_retention": null, "slope": null, "aspect": null, "num_identification_agreements": 1, "cluster": 1, "tavg": null, "tmin": 5.0, "tmax": 7.0, "prcp_d0": 2.5600128173828125, "prcp_d1": 12.936383247375488, "prcp_d2": 8.831889152526855, "prcp_d3": 16.122838973999023, "prcp_d4": 4.569654941558838, "prcp_d5": 1.5133448869164567e-05, "prcp_d6": 0.0517324283719062, "tmax_d0": 5.9, "tmax_d1": 4.4, "tmax_d2": 3.9, "tmax_d3": 2.0, "tmax_d4": 2.6, "tmax_d5": 10.0, "tmax_d6": 7.4, "tmin_d0": 0.6, "tmin_d1": 0.0, "tmin_d2": -3.2, "tmin_d3": -1.6, "tmin_d4": 0.6, "tmin_d5": 1.4, "tmin_d6": -3.0, "day_of_year": 331, "uuid": "d2c05a96-a261-41bf-9aa1-1696b6c06bec", "inat_id": 328544960}}, {"type": "Feature", "geometry": {"type": "Point", "coordinates": [-122.1219028333, 45.23028]}, "properties": {"species": "Turbinellus floccosus", "date": "2025-12-13", "location": "Mt. Hood National Forest, Government Camp, OR, US", "elevation": 947.0, "land_cover_label": "Tree cover", "water_mask": false, "exclude_reason": "keep", "ndvi": null, "soil_moisture": null, "solar_exposure": null, "wind_exposure": null, "water_retention": null, "slope": null, "aspect": null, "num_identification_agreements": 1, "cluster": 2, "tavg": null, "tmin": 6.0, "tmax": 13.0, "prcp_d0": 0.0, "prcp_d1": 0.0, "prcp_d2": 0.0, "prcp_d3": 19.32480430603028, "prcp_d4": 77.2992172241211, "prcp_d5": 57.97441482543945, "prcp_d6": 19.32480430603028, "tmax_d0": 16.0, "tmax_d1": 13.4, "tmax_d2": 9.6, "tmax_d3": 9.8, "tmax_d4": 8.0, "tmax_d5": 8.4, "tmax_d6": 6.9, "tmin_d0": 1.1, "tmin_d1": -1.0, "tmin_d2": 6.8, "tmin_d3": 8.0, "tmin_d4": 3.8, "tmin_d5": 5.5, "tmin_d6": 2.6, "day_of_year": 347, "uuid": "71745d46-690d-4c87-9a7b-2064a1e60080", "inat_id": 330634290}}, {"type": "Feature", "geometry": {"type": "Point", "coordinates": [-122.0584277778, 45.3020722222]}, "properties": {"species": "Turbinellus floccosus", "date": "2026-08-16", "location": "Sandy, OR 97055, USA", "elevation": 1125.0, "land_cover_label": "Tree cover", "water_mask": false, "exclude_reason": "keep", "ndvi": null, "soil_moisture": null, "solar_exposure": null, "wind_exposure": null, "water_retention": null, "slope": null, "aspect": null, "num_identification_agreements": 1, "cluster": null, "tavg": null, "tmin": 16.7, "tmax": 27.2, "prcp_d0": null, "prcp_d1": null, "prcp_d2": null, "prcp_d3": null, "prcp_d4": null, "prcp_d5": null, "prcp_d6": null, "tmax_d0": 18.5, "tmax_d1": 19.1, "tmax_d2": 20.3, "tmax_d3": 19.5, "tmax_d4": 18.8, "tmax_d5": 18.7, "tmax_d6": 20.0, "tmin_d0": 8.1, "tmin_d1": 8.7, "tmin_d2": 8.7, "tmin_d3": 8.5, "tmin_d4": 8.0, "tmin_d5": 7.5, "tmin_d6": 7.4, "day_of_year": 228, "uuid": "7679dd1e-ddfc-4655-9106-0bcbf0408d44", "inat_id": 392430044}}]}